<benchmark>
  <entries>
    <entry category="Athlete" eid="Id1" shape="(X (X))" shape_type="NA" size="1">
      <originaltripleset>
        <otriple>Aaron_Hunt | clubs | SV_Werder_Bremen</otriple>
      </originaltripleset>
      <originaltripleset>
        <otriple>Aaron_Hunt | team | SV_Werder_Bremen</otriple>
      </originaltripleset>
      <modifiedtripleset>
        <mtriple>Aaron_Hunt | club | SV_Werder_Bremen</mtriple>
      </modifiedtripleset>
      <lex comment="good" lid="Id1">Aaron Hunt played for the club SV Werder Bremen.</lex>
      <lex comment="good" lid="Id2">Aaron Hunt plays for SV Werder Bremen.</lex>
      <lex comment="good" lid="Id3">Aaron Hunt played for SV Werder Bremen.</lex>
    </entry>
    </entries>
</benchmark>