<benchmark>
  <entries>
    <entry category="Politician" eid="Id1" shape="(X (X))" shape_type="NA" size="1">
      <originaltripleset>
        <otriple>Ab_Klink | placeOfBirth | "Stellendam, Netherlands"@en</otriple>
      </originaltripleset>
      <modifiedtripleset>
        <mtriple>Ab_Klink | birthPlace | "Stellendam, Netherlands"</mtriple>
      </modifiedtripleset>
      <lex comment="good" lid="Id1">Stellendam, Netherlands is the birthplace of Ab Klink.</lex>
      <lex comment="good" lid="Id2">Ab Klink was born in Stellendam, Netherlands.</lex>
    </entry>
    </entries>
</benchmark>