<benchmark>
  <entries>
    <entry category="Artist" eid="Id2" shape="(X (X))" shape_type="NA" size="1">
      <originaltripleset>
        <otriple>Aaron_Turner | genre | Progressive_metal</otriple>
      </originaltripleset>
      <modifiedtripleset>
        <mtriple>Aaron_Turner | genre | Progressive_metal</mtriple>
      </modifiedtripleset>
      <lex comment="good" lid="Id1">Aaron Turner plays progressive metal music.</lex>
      <lex comment="good" lid="Id2">Aaron Turner performs progressive metal music.</lex>
      <lex comment="good" lid="Id3">Aaron Turner uses the genre Progressive metal.</lex>
    </entry>
    </entries>
</benchmark>