path	sentence	client_id
common_voice_pt_19277034.mp3	Altere o dispositivo de saída de áudio.	939991dfcf12d8250739f3b4e5ed47e0dc4bf8ffb69810f4ab853aa12872a811941be35b7e91af5df8350d75d3c61d1301aba694c41deb3f38f1414703bc0461
common_voice_pt_19277037.mp3	Até a data-limite, prevista no tratado, vários mísseis foram destruídos.	939991dfcf12d8250739f3b4e5ed47e0dc4bf8ffb69810f4ab853aa12872a811941be35b7e91af5df8350d75d3c61d1301aba694c41deb3f38f1414703bc0461
common_voice_pt_19366218.mp3	Temos que compreender esse fato.	c4b22e1d51a2dd8996727f70ddece23ef448164a1a4a5507e4608173685448b5e4821c1b5010ef68018093b01651ee6480c5573e00d5dab17098d5dbcf0ead0d
common_voice_pt_19366219.mp3	Três homens asiáticos correm segurando as mãos em uma pista.	c4b22e1d51a2dd8996727f70ddece23ef448164a1a4a5507e4608173685448b5e4821c1b5010ef68018093b01651ee6480c5573e00d5dab17098d5dbcf0ead0d
common_voice_pt_19484624.mp3	Pedir dinheiro emprestado às pessoas da aldeia	235bfe76c2f0aa72f8f217c70ade4fd10d7b8aa2f9707aebda0c83804425d7e6a8e12a74947a9fcdf4b0d60744c213c5d00acb373e6b35f584e8db4e0a5c7097
common_voice_pt_19405032.mp3	Trancá-los	25b96b97ba7e13e1cdb7696ddb8d0a214f7deb5283902548d5eabf9f57091276bc004c7bb92fd7a1fd83619b2941b2b8856a45a14d516186ae68bb29a7f35cf2
