[{"labels": ["O", "O", "O", "O", "B-long", "I-long", "I-long", "O", "B-short", "O", "O", "O", "O", "O", "O", "O", "O", "O"], "id": "TR-0", "tokens": ["What", "is", "here", "called", "controlled", "natural", "language", "(", "CNL", ")", "has", "traditionally", "been", "given", "many", "different", "names", "."]}, {"labels": ["O", "O", "O", "O", "O", "O", "B-short", "O", "O", "B-long", "I-long", "I-long", "O", "O", "O", "O", "O", "O", "O", "O", "O", "O", "O", "O", "O", "O", "O", "O", "O"], "id": "TR-1", "tokens": ["In", "this", "paper", ",", "we", "introduce", "CoQA", ",", "a", "Conversational", "Question", "Answering", "dataset", "for", "measuring", "the", "ability", "of", "machines", "to", "participate", "in", "a", "question", "-", "answering", "style", "conversation", "."]}, {"labels": ["O", "O", "O", "O", "B-short", "O", "O", "O", "O", "B-short", "O", "B-short", "O", "O", "O", "O", "O", "O", "O", "O", "B-short", "O", "B-short", "O", "O", "O", "O", "O"], "id": "TR-2", "tokens": ["in", ":", "Proceedings", "of", "SODA", "98", ",", "Ninth", "Annual", "ACM", "-", "SIAM", "Symposium", "on", "Discrete", "Algorithms", ",", "San", "Francisco", ",", "CA", ",", "USA", ",", "1998", ",", "pp", "."]}, {"labels": ["O", "O", "O", "O", "B-short", "I-short", "I-short", "I-short", "O", "O", "O", "O", "O", "B-short", "O", "O", "O", "O", "O"], "id": "TR-3", "tokens": ["But", "is", "the", "existing", "HPC", "I", "/", "O", "stack", "still", "suitable", "for", "new", "NVM", "devices", "like", "Intel", "Optane", "?"]}, {"labels": ["O", "O", "O", "O", "O", "O", "O", "O", "O", "B-long", "I-long", "I-long", "O", "B-short", "O", "O", "O", "O", "O", "O", "O", "O", "O", "O", "O", "O", "O", "O", "O", "O", "O"], "id": "TR-4", "tokens": ["For", "a", "fixed", "and", "known", ",", "we", "apply", "a", "successive", "convex", "approximation", "(", "SCA", ")", "approach", "to", "transform", "the", "non", "-", "convex", "problem", "into", "a", "sequence", "of", "relaxed", "convex", "subproblems", "."]}]