<?xml version="1.0" encoding="UTF-8"?>
<mteval>
<refset setid="iwslt2017-tst2010" srclang="english" trglang="korean" refid="ref">
<doc docid="837" genre="lectures">
 <url>http://www.ted.com/talks/tom_wujec_build_a_tower</url>
 <description>TED Talk Subtitles and Transcript: 톰 워젝은 마시멜로 경기에서 배울 수 있는 놀라운 점들에 대해 강연합니다. 마시멜로 게임은 스파게티 국수 가닥, 90센치의 테잎과 마시멜로로 탑을 쌓는 경기입니다. 누가 가장 높은 탑을 쌓았을까요? 탑을 높이 쌓은 그룹의 특징은 무엇이었을 까요?</description>
 <keywords>talks, business, collaboration, culture, design, entertainment, psychology</keywords>
 <talkid>837</talkid>
 <title>톰 워젝: 마시멜로우 게임을 통한 배운 새로운 협동의 형태</title>
 <reviewer href="http://www.ted.com/profiles/399913">Sun Phil Ka</reviewer>
 <translator href="http://www.ted.com/profiles/473817">Ji-Hyuk Park</translator>
<seg id="1">  몇 년전, 테드에서 피터 킬맨은 새로운 디자인 게임을 소개했습니다. 마시멜로우 게임이죠.  </seg>
<seg id="2">  방식은 아주 단순한데요. 4명이 한팀을 이뤄서 탑을 가장 높이 쌓는 것입니다. 20개의 스파게티 국수가락 약 90cm의 테이프와 실 마쉬멜로가 재료입니다.  </seg>
<seg id="3">  마쉬멜로우는 탑 꼭데기에 놓아야하죠.  </seg>
<seg id="4">  이게 정말 간단해 보이지만 사실 굉장히 어려워요. 왜냐면 팀원들이 빠르게 협동해야하거든요.  </seg>
<seg id="5">  아무튼 저는 이게임이 재미있을 것 같아 디자인 워크샾에서 한번 해봤습니다.  </seg>
