<?xml version="1.0" encoding="UTF-8"?>
<mteval>
<refset setid="iwslt2017-tst2012" srclang="english" trglang="korean" refid="ref">
<doc docid="1404" genre="lectures">
 <url>http://www.ted.com/talks/ayah_bdeir_building_blocks_that_blink_beep_and_teach</url>
 <description>TED Talk Subtitles and Transcript: 레고 장남감처럼 쉽게 가지고 놀 수 있는 전자 부품을 상상해 보십시오. TED 펠로우인 아야 베더이어는 전자부품 블록을 자석으로 찰칵 붙여서 완성품을 만들 수 있는 프로그래밍이 간단하며 창의성을 길러줄 수 있는 littleBits라는 간단하고 교체 가능한 전자부품 블록을 소개한다.</description>
 <keywords>talks, TED Fellows, code, creativity, education, technology, toy</keywords>
 <talkid>1404</talkid>
 <title>아야 베데이어: 깜빡이고, 삑삑울리며, 가르쳐주는 빌딩 블록</title>
 <reviewer href="http://www.ted.com/profiles/949027">Woo Hwang</reviewer>
 <translator href="http://www.ted.com/profiles/324198">Young-ho Park</translator>
<seg id="1">  제말이 약간 이상하게 들릴지 모르지만 저는 콩크리트 블록을 매우 좋아합니다.  </seg>
<seg id="2">  콩크리트 블록은 애당초에 서로 끼워 맞출 수 있는 일정한 크기의 세멘트 모듈을 만든다는 매우 간단한 아이디어로 부터 1868년에 처음으로 생산되었지요.  </seg>
<seg id="3">  그 후 단시간 내에 콩크리트 블록은 전세계를 통해 가장 널리 사용되는 건축 재료가 됐지요.  </seg>
<seg id="4">  우리는 이들을 하나씩 하나씩 쌓아 올려서 건물, 교량과 같은 우리보다 더 큰 건축물들을 지을 수 있지요.  </seg>
<seg id="5">  근본적으로 말해 콩크리트 블록은 우리 시대의 빌딩 블록이 됐지요.  </seg>
