<?xml version="1.0" encoding="UTF-8"?>
<mteval>
<refset setid="iwslt2017-tst2011" srclang="english" trglang="korean" refid="ref">
<doc docid="1176" genre="lectures">
 <url>http://www.ted.com/talks/jok_church_a_circle_of_caring</url>
 <description>TED Talk Subtitles and Transcript: 이 3분짜리 토크에서, 만화가이자 교육자인 조크 처치가 아무도 도와주지 않았을 때 그를 보살폈던 선생님의 감동적인 이야기를 들려줍니다. 그리고 그는 그것을 어떻게 되돌려 주었는지를 이야기합니다.</description>
 <keywords>talks, culture, education, love, storytelling</keywords>
 <talkid>1176</talkid>
 <title>조크 처치: 보살핌의 서클</title>
 <reviewer href="http://www.ted.com/profiles/409628">Seo Rim Kim</reviewer>
 <translator href="http://www.ted.com/profiles/354818">Jungsoo Kim</translator>
<seg id="1">  저는 아이들을 위해 글을 씁니다. 그리고 아마 저는 미국에서 가장 널리 읽혀진 동화작가입니다.  </seg>
<seg id="2">  그리고 저는 항상 사람들에게 과학자 처럼 보이고 싶지 않다고 말합니다.  </seg>
<seg id="3">  저를 농부 또는 가죽을 입고있는 사람으로 받아들일 수 있고, 그리고 아직 누구도 농부를 선택하지 않았습니다.  </seg>
<seg id="4">  저는 오늘 여기에 여러분에게 서클과 깨달음에 대해 이야기하러 왔습니다.  </seg>
<seg id="5">  아시다시피, 깨달음은 우연함에서 얻게 되는 경우가 많습니다.  </seg>
