<?xml version="1.0" encoding="UTF-8"?>
<mteval>
<srcset setid="iwslt2017-tst2011" srclang="english">
<doc docid="1176" genre="lectures">
<url>http://www.ted.com/talks/jok_church_a_circle_of_caring</url> 
<description>TED Talk Subtitles and Transcript: Did you ever have a teacher who cared for you when no one else did? Jok Church tells a short, moving story of the teacher who sheltered him as a young gay teen and helped him grow -- and how, many years later, he and his partner had the privilege of returning the favor.</description> 
<keywords>talks, culture, education, love, storytelling</keywords> 
<talkid>1176</talkid> 
<title>Jok Church: A circle of caring</title> 
<reviewer></reviewer> 
<translator></translator> 
<seg id="1"> You know, what I do is write for children,  and I'm probably America's  most widely read children's author, in fact.    </seg>
<seg id="2"> And I always tell people  that I don't want to show up looking like a scientist.    </seg>
<seg id="3"> You can have me as a farmer, or in leathers,  and no one has ever chose farmer.    </seg>
<seg id="4"> I'm here today to talk to you  about circles and epiphanies.    </seg>
<seg id="5"> And you know, an epiphany  is usually something you find that you dropped someplace.    </seg>
