{"data": [{"paragraphs": [{"context": "\u0110\u1ed9i th\u1ee7 c\u1ee7a Panthers ch\u1ec9 thua 308 \u0111i\u1ec3m, \u0111\u1ee9ng th\u1ee9 s\u00e1u trong gi\u1ea3i \u0111\u1ea5u, \u0111\u1ed3ng th\u1eddi d\u1eabn \u0111\u1ea7u NFL v\u1ec1 s\u1ed1 l\u1ea7n \u0111o\u1ea1t b\u00f3ng (intercept) v\u1edbi 24 l\u1ea7n v\u00e0 t\u1ef1 h\u00e0o v\u1edbi b\u1ed1n l\u1ef1a ch\u1ecdn Pro Bowl. Ng\u01b0\u1eddi h\u00fac (tackle) trong \u0111\u1ed9i th\u1ee7 tham gia Pro Bowl, Kawann Short d\u1eabn \u0111\u1ea7u \u0111\u1ed9i v\u1ec1 s\u1ed1 l\u1ea7n v\u1eadt ng\u00e3 (sack) v\u1edbi 11 l\u1ea7n, \u0111\u1ed3ng th\u1eddi h\u00fac v\u0103ng b\u00f3ng (fumble) 3 l\u1ea7n v\u00e0 l\u1ea5y l\u1ea1i \u0111\u01b0\u1ee3c b\u00f3ng (recover) 2 l\u1ea7n. \u0110\u1ed3ng nghi\u1ec7p lineman Mario Addison \u0111\u00e3 th\u00eam 6\u00bd l\u1ea7n v\u1eadt ng\u00e3. \u0110\u1ed9i h\u00ecnh Panthers c\u0169ng c\u00f3 ng\u01b0\u1eddi ti\u1ec1n v\u1ec7 (defensive end) k\u1ef3 c\u1ef1u Jared Allen, ng\u01b0\u1eddi tham gia Pro Bowl 5 l\u1ea7n, d\u1eabn \u0111\u1ea7u v\u1ec1 s\u1ed1 l\u1ea7n v\u1eadt ng\u00e3 trong s\u1ef1 nghi\u1ec7p NFL v\u1edbi 136 l\u1ea7n, c\u00f9ng v\u1edbi ng\u01b0\u1eddi ti\u1ec1n v\u1ec7 Kony Ealy, ng\u01b0\u1eddi \u0111\u00e3 c\u00f3 5 l\u1ea7n v\u1eadt ng\u00e3 sau 9 l\u1ea7n xu\u1ea5t ph\u00e1t. Ph\u00eda sau h\u1ecd, hai trong s\u1ed1 ba ng\u01b0\u1eddi h\u00e0ng v\u1ec7 (linebacker) xu\u1ea5t ph\u00e1t c\u1ee7a Panthers c\u0169ng \u0111\u01b0\u1ee3c ch\u1ecdn \u0111\u1ec3 ch\u01a1i trong Pro Bowl: Thomas Davis v\u00e0 Luke Kuechly. Davis \u0111\u00e3 c\u00f3 5\u00bd l\u1ea7n v\u1eadt ng\u00e3, 4 l\u1ea7n h\u00fac v\u0103ng b\u00f3ng v\u00e0 4 l\u1ea7n \u0111o\u1ea1t b\u00f3ng, trong khi Kuechly d\u1eabn \u0111\u1ea7u \u0111\u1ed9i v\u1ec1 s\u1ed1 l\u1ea7n h\u00fac (118 l\u1ea7n), 2 l\u1ea7n h\u00fac v\u0103ng b\u00f3ng v\u00e0 \u0111o\u1ea1t b\u00f3ng t\u1eeb c\u00e1c \u0111\u01b0\u1eddng chuy\u1ec1n 4 l\u1ea7n. \u0110\u1ed9i h\u00ecnh ph\u00eda sau c\u1ee7a Carolina c\u00f3 h\u1eadu-h\u1eadu v\u1ec7 (safety) tham gia Pro Bowl Kurt Coleman, ng\u01b0\u1eddi d\u1eabn \u0111\u1ea7u \u0111\u1ed9i b\u00f3ng v\u1edbi b\u1ea3y l\u1ea7n \u0111o\u1ea1t b\u00f3ng trong s\u1ef1 nghi\u1ec7p, \u0111\u1ed3ng th\u1eddi c\u00f3 88 c\u00fa h\u00fac b\u00f3ng v\u00e0 trung v\u1ec7 (cornerback) tham gia Pro Bowl Josh Norman, ng\u01b0\u1eddi \u0111\u00e3 ph\u00e1t tri\u1ec3n th\u00e0nh m\u1ed9t shutdown corner trong m\u00f9a gi\u1ea3i v\u00e0 c\u00f3 b\u1ed1n l\u1ea7n \u0111o\u1ea1t b\u00f3ng, hai trong s\u1ed1 \u0111\u00f3 \u0111\u00e3 tr\u1edf th\u00e0nh touchdown.", "qas": [{"answers": [{"answer_start": 30, "text": "308"}], "id": "56beb4343aeaaa14008c925b", "question": "\u0110\u1ed9i th\u1ee7 Panthers \u0111\u00e3 thua bao nhi\u00eau \u0111i\u1ec3m?"}, {"answers": [{"answer_start": 577, "text": "136"}], "id": "56beb4343aeaaa14008c925c", "question": "Jared Allen c\u00f3 bao nhi\u00eau l\u1ea7n v\u1eadt ng\u00e3 trong s\u1ef1 nghi\u1ec7p?"}, {"answers": [{"answer_start": 928, "text": "118"}], "id": "56beb4343aeaaa14008c925d", "question": "Luke Kuechly \u0111\u00e3 c\u00f3 bao nhi\u00eau c\u00fa h\u00fac?"}, {"answers": [{"answer_start": 148, "text": "b\u1ed1n l\u1ef1a ch\u1ecdn"}], "id": "56beb4343aeaaa14008c925e", "question": "Josh Norman \u0111\u00e3 \u0111o\u1ea1t b\u00f3ng \u0111\u01b0\u1ee3c bao nhi\u00eau l\u1ea7n?"}, {"answers": [{"answer_start": 223, "text": "Kawann Short"}], "id": "56beb4343aeaaa14008c925f", "question": "Ai c\u00f3 \u0111\u01b0\u1ee3c nhi\u1ec1u l\u1ea7n v\u1eadt ng\u00e3 nh\u1ea5t trong \u0111\u1ed9i m\u00f9a n\u00e0y?"}, {"answers": [{"answer_start": 127, "text": "24"}], "id": "56d6f3500d65d21400198290", "question": "\u0110\u1ed9i th\u1ee7 Panthers c\u00f3 bao nhi\u00eau l\u1ea7n \u0111o\u1ea1t b\u00f3ng trong n\u0103m 2015?"}, {"answers": [{"answer_start": 223, "text": "Kawann Short"}], "id": "56d6f3500d65d21400198291", "question": "Ai d\u1eabn \u0111\u1ea7u Panthers v\u1ec1 s\u1ed1 l\u1ea7n v\u1eadt ng\u00e3?"}, {"answers": [{"answer_start": 148, "text": "b\u1ed1n l\u1ef1a ch\u1ecdn"}], "id": "56d6f3500d65d21400198292", "question": "C\u00f3 bao nhi\u00eau ng\u01b0\u1eddi ch\u01a1i ph\u00f2ng th\u1ee7 Panthers \u0111\u00e3 \u0111\u01b0\u1ee3c ch\u1ecdn v\u00e0o Pro Bowl?"}, {"answers": [{"answer_start": 148, "text": "b\u1ed1n l\u1ef1a ch\u1ecdn"}], "id": "56d6f3500d65d21400198293", "question": "Thomas Davis c\u00f3 bao nhi\u00eau l\u1ea7n h\u00fac v\u0103ng b\u00f3ng?"}, {"answers": [{"answer_start": 1070, "text": "Kurt Coleman"}], "id": "56d6f3500d65d21400198294", "question": "C\u1ea7u th\u1ee7 n\u00e0o c\u00f3 nhi\u1ec1u l\u1ea7n \u0111o\u1ea1t b\u00f3ng nh\u1ea5t trong m\u00f9a gi\u1ea3i?"}, {"answers": [{"answer_start": 127, "text": "24"}], "id": "56d9992fdc89441400fdb59c", "question": "\u0110\u1ed9i th\u1ee7 Panthers c\u00f3 \u0111\u01b0\u1ee3c bao nhi\u00eau l\u1ea7n \u0111o\u1ea1t b\u00f3ng trong m\u00f9a gi\u1ea3i 2015?"}, {"answers": [{"answer_start": 609, "text": "Kony Ealy"}], "id": "56d9992fdc89441400fdb59e", "question": "Ai \u0111\u00e3 c\u00f3 n\u0103m l\u1ea7n v\u1eadt ng\u00e3 trong ch\u00edn tr\u1eadn \u0111\u1ea5u khi xu\u1ea5t ph\u00e1t cho Carolina Panthers?"}, {"answers": [{"answer_start": 801, "text": "Luke Kuechly"}], "id": "56d9992fdc89441400fdb59f", "question": "Ai d\u1eabn \u0111\u1ea7u s\u1ed1 l\u1ea7n h\u00fac c\u1ee7a Panthers n\u0103m 2015?"}, {"answers": [{"answer_start": 355, "text": "2"}], "id": "56d9992fdc89441400fdb5a0", "question": "Josh Norman c\u00f3 bao nhi\u00eau l\u1ea7n \u0111o\u1ea1t b\u00f3ng trong n\u0103m 2015?"}]}, {"context": "Broncos \u0111\u00e3 \u0111\u00e1nh b\u1ea1i Pittsburgh Steelers \u1edf v\u00f2ng b\u1ea3ng v\u1edbi \u0111i\u1ec3m s\u1ed1 23-16, b\u1eb1ng c\u00e1ch ghi 11 \u0111i\u1ec3m trong ba ph\u00fat cu\u1ed1i c\u00f9ng c\u1ee7a tr\u1eadn \u0111\u1ea5u. Sau \u0111\u00f3, h\u1ecd \u0111\u00e1nh b\u1ea1i \u0111\u01b0\u01a1ng kim v\u00f4 \u0111\u1ecbch Super Bowl XLIX New England Patriots trong AFC Championship Game v\u1edbi \u0111i\u1ec3m s\u1ed1 20-18, b\u1eb1ng c\u00e1ch \u0111o\u1ea1t b\u00f3ng t\u1eeb \u0111\u01b0\u1eddng chuy\u1ec1n trong n\u1ed7 l\u1ef1c chuy\u1ec3n \u0111\u1ed5i 2 \u0111i\u1ec3m c\u1ee7a New England v\u1edbi 17 gi\u00e2y c\u00f2n l\u1ea1i tr\u00ean \u0111\u1ed3ng h\u1ed3. B\u1ea5t ch\u1ea5p nh\u1eefng v\u1ea5n \u0111\u1ec1 c\u1ee7a Manning v\u1edbi vi\u1ec7c \u0111o\u1ea1t b\u00f3ng trong m\u00f9a gi\u1ea3i, anh \u0111\u00e3 kh\u00f4ng n\u00e9m b\u00f3ng trong hai tr\u1eadn \u0111\u1ea5u playoff c\u1ee7a h\u1ecd.", "qas": [{"answers": [{"answer_start": 20, "text": "Pittsburgh Steelers"}], "id": "56beb7953aeaaa14008c92ab", "question": "Ai thua \u0111\u1ed9i Broncos \u1edf v\u00f2ng b\u1ea3ng?"}, {"answers": [{"answer_start": 85, "text": "11"}], "id": "56beb7953aeaaa14008c92ac", "question": "Broncos ghi \u0111\u01b0\u1ee3c bao nhi\u00eau \u0111\u1ec3m trong ba ph\u00fat cu\u1ed1i c\u1ee7a tr\u1eadn \u0111\u1ea5u v\u1edbi Pittsburgh?"}, {"answers": [{"answer_start": 185, "text": "New England Patriots"}], "id": "56beb7953aeaaa14008c92ad", "question": "Ai \u0111\u00e3 gi\u00e0nh Super Bowl XLIX?"}, {"answers": [{"answer_start": 246, "text": "20-18"}], "id": "56beb7953aeaaa14008c92ae", "question": "\u0110i\u1ec3m s\u1ed1 cu\u1ed1i c\u00f9ng c\u1ee7a AFC Championship Game l\u00e0 bao nhi\u00eau?"}, {"answers": [{"answer_start": 340, "text": "17 gi\u00e2y"}], "id": "56beb7953aeaaa14008c92af", "question": "Tr\u00ean \u0111\u1ed3ng h\u1ed3 c\u00f2n l\u1ea1i bao nhi\u00eau th\u1eddi gian khi Broncos th\u1ef1c hi\u1ec7n \u0111\u00e1nh ch\u1eb7n \u0111\u00e3 gi\u00e0nh \u0111\u01b0\u1ee3c AFC Championship Game?"}, {"answers": [{"answer_start": 0, "text": "Broncos"}], "id": "56bf36b93aeaaa14008c9561", "question": "\u0110\u1ed9i n\u00e0o l\u00e0 \u0111\u1ed9i chi\u1ebfn th\u1eafng \u1edf v\u00f2ng b\u1ea3ng gi\u1eefa Broncos v\u00e0 Steelers?"}, {"answers": [{"answer_start": 64, "text": "23-16"}], "id": "56bf36b93aeaaa14008c9562", "question": "\u0110i\u1ec3m s\u1ed1 cu\u1ed1i c\u00f9ng c\u1ee7a tr\u1eadn \u0111\u1ea5u gi\u1eefa Broncos v\u00e0 Steelers l\u00e0 bao nhi\u00eau?"}, {"answers": [{"answer_start": 185, "text": "New England Patriots"}], "id": "56bf36b93aeaaa14008c9563", "question": "Ai \u0111\u00e3 gi\u00e0nh Super Bowl XLIX?"}, {"answers": [{"answer_start": 340, "text": "17"}], "id": "56bf36b93aeaaa14008c9564", "question": "Tr\u1eadn \u0111\u1ea5u c\u00f2n l\u1ea1i bao nhi\u00eau gi\u00e2y khi Broncos \u0111o\u1ea1t b\u00f3ng t\u1eeb \u0111\u01b0\u1eddng chuy\u1ec1n v\u00e0 gi\u00e0nh chi\u1ebfn th\u1eafng trong tr\u1eadn \u0111\u1ea5u?"}, {"answers": [{"answer_start": 396, "text": "Manning"}], "id": "56bf36b93aeaaa14008c9565", "question": "Trong c\u00e1c tr\u1eadn \u0111\u1ea5u play-off c\u1ee7a Bronco, ai \u0111\u00e3 kh\u00f4ng n\u00e9m b\u00f3ng?"}, {"answers": [{"answer_start": 20, "text": "Pittsburgh Steelers"}], "id": "56d7018a0d65d214001982c2", "question": "Broncos \u0111\u00e3 \u0111\u00e1nh b\u1ea1i \u0111\u1ed9i n\u00e0o trong tr\u1eadn \u0111\u1ea5u v\u00f2ng b\u1ea3ng?"}, {"answers": [{"answer_start": 85, "text": "11"}], "id": "56d7018a0d65d214001982c3", "question": "Broncos \u0111\u00e3 ghi bao nhi\u00eau \u0111i\u1ec3m trong ba ph\u00fat cu\u1ed1i c\u00f9ng c\u1ee7a tr\u1eadn \u0111\u1ea5u v\u1edbi Pittsburgh?"}, {"answers": [{"answer_start": 185, "text": "New England Patriots"}], "id": "56d7018a0d65d214001982c5", "question": "Broncos \u0111\u00e3 \u0111\u00e1nh b\u1ea1i \u0111\u1ed9i n\u00e0o trong AFC Championship game?"}, {"answers": [{"answer_start": 20, "text": "Pittsburgh Steelers"}], "id": "56d99f99dc89441400fdb628", "question": "Broncos \u0111\u00e3 \u0111\u00e1nh b\u1ea1i \u0111\u1ed9i n\u00e0o \u0111\u1ec3 gi\u00e0nh chi\u1ebfn th\u1eafng \u1edf v\u00f2ng b\u1ea3ng v\u00e0o n\u0103m 2015?"}, {"answers": [{"answer_start": 185, "text": "New England Patriots"}], "id": "56d99f99dc89441400fdb629", "question": "Broncos \u0111\u00e3 \u0111\u00e1nh b\u1ea1i \u0111\u1ed9i n\u00e0o \u0111\u1ec3 tr\u1edf th\u00e0nh nh\u00e0 v\u00f4 \u0111\u1ecbch AFC?"}, {"answers": [{"answer_start": 340, "text": "17"}], "id": "56d99f99dc89441400fdb62c", "question": "Tr\u1eadn \u0111\u1ea5u c\u00f2n l\u1ea1i bao nhi\u00eau gi\u00e2y khi \u0111\u1ed9i Patriots th\u1ea5t b\u1ea1i trong vi\u1ec7c chuy\u1ec3n \u0111\u1ed5i 2 \u0111i\u1ec3m c\u1ee7a h\u1ecd?"}]}, {"context": "Peyton Manning tr\u1edf th\u00e0nh th\u1ee7 qu\u00e2n (quaterback) \u0111\u1ea7u ti\u00ean t\u1eebng d\u1eabn d\u1eaft hai \u0111\u1ed9i kh\u00e1c nhau \u0111\u1ebfn nhi\u1ec1u tr\u1eadn \u0111\u1ea5u Super Bowls. Anh \u1ea5y c\u0169ng l\u00e0 th\u1ee7 qu\u00e2n l\u1edbn tu\u1ed5i nh\u1ea5t t\u1eebng ch\u01a1i trong tr\u1eadn Super Bowl \u1edf tu\u1ed5i 39. K\u1ef7 l\u1ee5c trong qu\u00e1 kh\u1ee9 do John Elway n\u1eafm gi\u1eef, ng\u01b0\u1eddi \u0111\u00e3 d\u1eabn d\u1eaft Broncos gi\u00e0nh chi\u1ebfn th\u1eafng trong tr\u1eadn Super Bowl XXXIII \u1edf tu\u1ed5i 38 v\u00e0 hi\u1ec7n l\u00e0 Ph\u00f3 Ch\u1ee7 t\u1ecbch \u0110i\u1ec1u h\u00e0nh B\u00f3ng \u0111\u00e1 v\u00e0 T\u1ed5ng Gi\u00e1m \u0111\u1ed1c c\u1ee7a Denver.", "qas": [{"answers": [{"answer_start": 196, "text": "39"}], "id": "56beb86b3aeaaa14008c92bd", "question": "Peyton Manning bao nhi\u00eau tu\u1ed5i khi anh ch\u01a1i trong Super Bowl 50?"}, {"answers": [{"answer_start": 224, "text": "John Elway"}], "id": "56beb86b3aeaaa14008c92be", "question": "Ai tr\u01b0\u1edbc \u0111\u00e2y t\u1eebng gi\u1eef k\u1ef7 l\u1ee5c l\u00e0 th\u1ee7 qu\u00e2n l\u1edbn tu\u1ed5i nh\u1ea5t ch\u01a1i trong tr\u1eadn Super Bowl?"}, {"answers": [{"answer_start": 323, "text": "38"}], "id": "56beb86b3aeaaa14008c92bf", "question": "John Elway bao nhi\u00eau tu\u1ed5i khi anh ch\u01a1i trong tr\u1eadn Super Bowl XXXIII?"}, {"answers": [{"answer_start": 337, "text": "Ph\u00f3 Ch\u1ee7 t\u1ecbch \u0110i\u1ec1u h\u00e0nh B\u00f3ng \u0111\u00e1 v\u00e0 T\u1ed5ng Gi\u00e1m \u0111\u1ed1c c\u1ee7a Denver"}], "id": "56beb86b3aeaaa14008c92c0", "question": "John Elway hi\u1ec7n \u0111ang c\u00f3 vai tr\u00f2 g\u00ec trong h\u1ec7 th\u1ed1ng c\u1ee7a Broncos?"}, {"answers": [{"answer_start": 261, "text": "Broncos"}], "id": "56beb86b3aeaaa14008c92c1", "question": "John Elway \u0111\u00e3 ch\u01a1i cho ai trong h\u1ec7 th\u1ed1ng Super Bowl XXXIII?"}, {"answers": [{"answer_start": 261, "text": "Broncos"}], "id": "56bf3fd53aeaaa14008c9591", "question": "\u0110\u1ed9i n\u00e0o chi\u1ebfn th\u1eafng trong Super Bowl XXXIII?"}, {"answers": [{"answer_start": 224, "text": "John Elway"}], "id": "56bf3fd53aeaaa14008c9592", "question": "T\u1ed5ng Gi\u00e1m \u0111\u1ed1c c\u1ee7a Broncos l\u00e0 ai?"}, {"answers": [{"answer_start": 323, "text": "38"}], "id": "56bf3fd53aeaaa14008c9593", "question": "Elway bao nhi\u00eau tu\u1ed5i khi gi\u00e0nh chi\u1ebfn th\u1eafng trong tr\u1eadn Super Bowl XXXIII?"}, {"answers": [{"answer_start": 0, "text": "Peyton Manning"}], "id": "56bf3fd53aeaaa14008c9594", "question": "Ai c\u00f3 k\u1ef7 l\u1ee5c l\u00e0 th\u1ee7 qu\u00e2n l\u1edbn tu\u1ed5i nh\u1ea5t trong c\u00e1c tr\u1eadn \u0111\u1ea5u Super Bowl?"}, {"answers": [{"answer_start": 69, "text": "hai"}], "id": "56bf3fd53aeaaa14008c9595", "question": "Manning \u0111\u00e3 ch\u01a1i cho bao nhi\u00eau \u0111\u1ed9i \u0111\u1ebfn \u0111\u01b0\u1ee3c tr\u1eadn Super Bowl trong khi anh \u1ea5y \u1edf trong \u0111\u1ed9i c\u1ee7a h\u1ecd?"}, {"answers": [{"answer_start": 69, "text": "hai"}], "id": "56d704430d65d214001982de", "question": "Peyton Manning \u0111\u00e3 \u0111\u01b0a bao nhi\u00eau \u0111\u1ed9i kh\u00e1c nhau \u0111\u1ebfn Super Bowl?"}, {"answers": [{"answer_start": 0, "text": "Peyton Manning"}], "id": "56d704430d65d214001982e0", "question": "Ai l\u00e0 th\u1ee7 qu\u00e2n l\u1edbn tu\u1ed5i nh\u1ea5t ch\u01a1i trong m\u1ed9t tr\u1eadn Super Bowl?"}, {"answers": [{"answer_start": 224, "text": "John Elway"}], "id": "56d704430d65d214001982e1", "question": "Tr\u01b0\u1edbc Manning, ai l\u00e0 th\u1ee7 qu\u00e2n l\u1edbn tu\u1ed5i nh\u1ea5t ch\u01a1i trong m\u1ed9t tr\u1eadn Super Bowl?"}, {"answers": [{"answer_start": 298, "text": "Super Bowl XXXIII"}], "id": "56d704430d65d214001982e2", "question": "Elway \u0111\u00e3 gi\u00e0nh chi\u1ebfn th\u1eafng Super Bowl n\u00e0o khi 38 tu\u1ed5i?"}, {"answers": [{"answer_start": 0, "text": "Peyton Manning"}], "id": "56d9a0eadc89441400fdb63e", "question": "Ai l\u00e0 th\u1ee7 qu\u00e2n \u0111\u1ea7u ti\u00ean \u0111\u01b0a hai \u0111\u1ed9i t\u1edbi nhi\u1ec1u h\u01a1n m\u1ed9t tr\u1eadn Super Bowl?"}, {"answers": [{"answer_start": 196, "text": "39"}], "id": "56d9a0eadc89441400fdb63f", "question": "Manning bao nhi\u00eau tu\u1ed5i khi ch\u01a1i Super Bowl 50?"}, {"answers": [{"answer_start": 224, "text": "John Elway"}], "id": "56d9a0eadc89441400fdb640", "question": "T\u00ean c\u1ee7a th\u1ee7 qu\u00e2n \u0111\u00e3 38 tu\u1ed5i trong tr\u1eadn Super Bowl XXXIII l\u00e0 g\u00ec?"}]}, {"context": "Ng\u01b0\u1eddi chi\u1ebfn th\u1eafng gi\u1ea3i Grammy s\u00e1u l\u1ea7n v\u00e0 ng\u01b0\u1eddi \u0111\u01b0\u1ee3c \u0111\u1ec1 c\u1eed Gi\u1ea3i th\u01b0\u1edfng Vi\u1ec7n h\u00e0n l\u00e2m Lady Gaga \u0111\u00e3 bi\u1ec3u di\u1ec5n qu\u1ed1c ca, trong khi ng\u01b0\u1eddi gi\u00e0nh Gi\u1ea3i th\u01b0\u1edfng Vi\u1ec7n h\u00e0n l\u00e2m Marlee Matlin cung c\u1ea5p b\u1ea3n d\u1ecbch Ng\u00f4n ng\u1eef K\u00fd hi\u1ec7u M\u1ef9 (ASL).", "qas": [{"answers": [{"answer_start": 30, "text": "s\u00e1u"}], "id": "56bec6ac3aeaaa14008c93fd", "question": "Lady Gaga \u0111\u00e3 gi\u00e0nh \u0111\u01b0\u1ee3c bao nhi\u00eau gi\u1ea3i Grammy?"}, {"answers": [{"answer_start": 106, "text": "qu\u1ed1c ca"}], "id": "56bec6ac3aeaaa14008c93fe", "question": "Lady Gaga \u0111\u00e3 h\u00e1t b\u00e0i g\u00ec?"}, {"answers": [{"answer_start": 58, "text": "Gi\u1ea3i th\u01b0\u1edfng Vi\u1ec7n h\u00e0n l\u00e2m"}], "id": "56bec6ac3aeaaa14008c93ff", "question": "Marlee Matlin \u0111\u00e3 gi\u00e0nh \u0111\u01b0\u1ee3c gi\u1ea3i th\u01b0\u1edfng n\u00e0o?"}, {"answers": [{"answer_start": 106, "text": "qu\u1ed1c ca"}], "id": "56bec6ac3aeaaa14008c9400", "question": "Marlee Matlin \u0111\u00e3 d\u1ecbch c\u00e1i g\u00ec?"}, {"answers": [{"answer_start": 194, "text": "Ng\u00f4n ng\u1eef K\u00fd hi\u1ec7u M\u1ef9"}], "id": "56bec6ac3aeaaa14008c9401", "question": "Marlee Matlin \u0111\u00e3 d\u1ecbch qu\u1ed1c ca sang ng\u00f4n ng\u1eef n\u00e0o?"}, {"answers": [{"answer_start": 83, "text": "Lady Gaga"}], "id": "56d20650e7d4791d00902614", "question": "Ai h\u00e1t qu\u1ed1c ca?"}, {"answers": [{"answer_start": 162, "text": "Marlee Matlin"}], "id": "56d20650e7d4791d00902615", "question": "N\u1eef di\u1ec5n vi\u00ean n\u00e0o \u0111\u00e3 th\u1ef1c hi\u1ec7n b\u1ea3n d\u1ecbch ASL cho tr\u1eadn \u0111\u1ea5u?"}, {"answers": [{"answer_start": 83, "text": "Lady Gaga"}], "id": "56d7253b0d65d214001983d4", "question": "Ai \u0111\u00e3 h\u00e1t Qu\u1ed1c Ca t\u1ea1i Super Bowl 50?"}, {"answers": [{"answer_start": 162, "text": "Marlee Matlin"}], "id": "56d7253b0d65d214001983d5", "question": "Di\u1ec5n vi\u00ean n\u00e0o \u0111\u00e3 th\u1ef1c hi\u1ec7n ng\u00f4n ng\u1eef k\u00fd hi\u1ec7u cho Qu\u1ed1c Ca t\u1ea1i Superbowl 50?"}, {"answers": [{"answer_start": 83, "text": "Lady Gaga"}], "id": "56d9c455dc89441400fdb7c4", "question": "Ai \u0111\u00e3 h\u00e1t Qu\u1ed1c Ca t\u1ea1i Super Bowl 50?"}, {"answers": [{"answer_start": 30, "text": "s\u00e1u"}], "id": "56d9c455dc89441400fdb7c5", "question": "C\u00f3 bao nhi\u00eau gi\u1ea3i th\u01b0\u1edfng Grammy m\u00e0 v\u0103n b\u1ea3n n\u00f3i Lady Gaga \u0111\u00e3 gi\u00e0nh \u0111\u01b0\u1ee3c?"}, {"answers": [{"answer_start": 162, "text": "Marlee Matlin"}], "id": "56d9c455dc89441400fdb7c6", "question": "Ai \u0111\u00e3 th\u1ef1c hi\u1ec7n ng\u00f4n ng\u1eef k\u00fd hi\u1ec7u c\u1ee7a Qu\u1ed1c Ca t\u1ea1i Super Bowl 50?"}]}, {"context": "Khi th\u1eddi gian quy \u0111\u1ecbnh c\u00f2n l\u1ea1i 4:51, Carolina c\u00f3 b\u00f3ng \u1edf v\u1ea1ch 24 yard \u1edf ph\u1ea7n s\u00e2n c\u1ee7a m\u00ecnh v\u1edbi c\u01a1 h\u1ed9i \u0111\u1ec3 t\u1ed5 ch\u1ee9c m\u1ed9t l\u01b0\u1ee3t t\u1ea5n c\u00f4ng ghi \u0111i\u1ec3m, v\u00e0 s\u1edbm ph\u1ea3i \u0111\u1ed1i m\u1eb7t v\u1edbi \u201cl\u01b0\u1ee3t ch\u01a1i th\u1ee9 3 v\u00e0 ph\u1ea3i ti\u1ebfn 9 yard\u201d. \u1ede l\u01b0\u1ee3t ch\u01a1i ti\u1ebfp theo, Miller \u0111\u00e3 t\u01b0\u1edbc b\u00f3ng t\u1eeb Newton, v\u00e0 sau khi nhi\u1ec1u c\u1ea7u th\u1ee7 lao v\u00e0o qu\u1ea3 b\u00f3ng, qu\u1ea3 b\u00f3ng \u0111\u00e3 b\u1ecb b\u1eadt ng\u01b0\u1ee3c tr\u1edf l\u1ea1i v\u00e0 Ward \u0111\u00e3 l\u1ea5y l\u1ea1i \u0111\u01b0\u1ee3c b\u00f3ng, v\u00e0 \u0111\u00e3 \u0111\u01b0a b\u00f3ng tr\u1edf l\u1ea1i 5 yard \u0111\u1ebfn v\u1ea1ch 4 yard \u1edf ph\u1ea7n s\u00e2n c\u1ee7a Panthers. M\u1eb7c d\u00f9 m\u1ed9t s\u1ed1 ng\u01b0\u1eddi ch\u01a1i \u0111\u00e3 lao v\u00e0o \u0111\u1ec3 c\u1ed1 g\u1eafng l\u1ea5y l\u1ea1i qu\u1ea3 b\u00f3ng, Newton \u0111\u00e3 kh\u00f4ng l\u00e0m th\u1ebf v\u00e0 s\u1ef1 thi\u1ebfu t\u00edch c\u1ef1c c\u1ee7a anh ta sau \u0111\u00f3 \u0111\u00e3 khi\u1ebfn anh ta b\u1ecb ch\u1ec9 tr\u00edch n\u1eb7ng n\u1ec1. Trong khi \u0111\u00f3, \u0111\u1ed9i t\u1ea5n c\u00f4ng Denver \u0111\u00e3 b\u1ecb gi\u1eef ngo\u00e0i khu v\u1ef1c c\u1ea5m \u0111\u1ecba (end zone) trong ba l\u01b0\u1ee3t ch\u01a1i, nh\u01b0ng l\u1ed7i gi\u1eef ng\u01b0\u1eddi c\u1ee7a trung v\u1ec7 (cornerback) Josh Norman \u0111\u00e3 t\u1ea1o cho Broncos m\u1ed9t lo\u1ea1t l\u01b0\u1ee3t ch\u01a1i m\u1edbi. Sau \u0111\u00f3, Anderson \u0111\u00e3 ghi \u0111i\u1ec3m touchdown t\u1eeb l\u01b0\u1ee3t ch\u01a1i \u1edf v\u1ea1ch 2 yard v\u00e0 Manning ho\u00e0n th\u00e0nh \u0111\u01b0\u1eddng chuy\u1ec1n cho Bennie Fowler \u0111\u1ec3 c\u00f3 2 \u0111i\u1ec3m chuy\u1ec3n \u0111\u1ed5i (2-point conversion), gi\u00fap Denver d\u1eabn tr\u01b0\u1edbc 24-10 khi tr\u1eadn \u0111\u1ea5u c\u00f2n l\u1ea1i 3:08 v\u00e0 v\u1ec1 c\u01a1 b\u1ea3n l\u00e0 \u0111\u00e3 gi\u00e0nh chi\u1ebfn th\u1eafng. Carolina \u0111\u00e3 c\u00f3 th\u00eam hai l\u01b0\u1ee3t t\u1ea5n c\u00f4ng, nh\u01b0ng kh\u00f4ng th\u1ec3 c\u00f3 l\u01b0\u1ee3t ch\u01a1i \u0111\u1ea7u ti\u00ean n\u00e0o \u1edf m\u1ed7i l\u01b0\u1ee3t t\u1ea5n c\u00f4ng.", "qas": [{"answers": [{"answer_start": 61, "text": "24"}], "id": "56beca913aeaaa14008c946d", "question": "Carolina \u0111\u00e3 b\u1eaft \u0111\u1ea7u \u1edf v\u1ea1ch n\u00e0o khi tr\u1eadn \u0111\u1ea5u c\u00f2n 4:51?"}, {"answers": [{"answer_start": 248, "text": "Newton"}], "id": "56beca913aeaaa14008c946e", "question": "Ai \u0111\u00e3 b\u1ecb h\u00fac v\u0103ng b\u00f3ng \u1edf \u201cl\u01b0\u1ee3t ch\u01a1i th\u1ee9 3 v\u00e0 9 yard\u201d?"}, {"answers": [{"answer_start": 742, "text": "Josh Norman"}], "id": "56beca913aeaaa14008c946f", "question": "H\u1eadu v\u1ec7 Panther n\u00e0o ph\u1ea1m l\u1ed7i gi\u1eef ng\u01b0\u1eddi \u1edf l\u01b0\u1ee3t ch\u01a1i th\u1ee9 ba?"}, {"answers": [{"answer_start": 805, "text": "Anderson"}], "id": "56beca913aeaaa14008c9470", "question": "C\u1ea7u th\u1ee7 n\u00e0o \u0111\u00e3 ghi \u0111i\u1ec3m t\u1eeb v\u1ea1ch 2 yard?"}, {"answers": [{"answer_start": 902, "text": "Bennie Fowler"}], "id": "56beca913aeaaa14008c9471", "question": "Ai l\u00e0 ng\u01b0\u1eddi nh\u1eadn b\u00f3ng \u0111\u1ec3 chuy\u1ec3n \u0111\u1ed5i 2 \u0111i\u1ec3m th\u00e0nh c\u00f4ng?"}, {"answers": [{"answer_start": 225, "text": "Miller"}], "id": "56d726b60d65d214001983ea", "question": "Ai t\u01b0\u1edbc b\u00f3ng t\u1eeb Newton \u1edf \u201cl\u01b0\u1ee3t ch\u01a1i th\u1ee9 3 v\u00e0 9 yard?"}, {"answers": [{"answer_start": 335, "text": "Ward"}], "id": "56d726b60d65d214001983eb", "question": "Ai \u0111\u00e3 l\u1ea5y l\u1ea1i \u0111\u01b0\u1ee3c b\u00f3ng b\u1ecb t\u01b0\u1edbc?"}, {"answers": [{"answer_start": 248, "text": "Newton"}], "id": "56d726b60d65d214001983ec", "question": "C\u1ea7u th\u1ee7 n\u00e0o b\u1ecb ch\u1ec9 tr\u00edch v\u00ec kh\u00f4ng nh\u1ea3y v\u00e0o \u0111\u1ec3 l\u1ea5y l\u1ea1i b\u00f3ng?"}, {"answers": [{"answer_start": 742, "text": "Josh Norman"}], "id": "56d726b60d65d214001983ed", "question": "C\u1ea7u th\u1ee7 n\u00e0o c\u1ee7a Panthers \u0111\u00e3 b\u1ecb ph\u1ea1t v\u00e0 \u0111i\u1ec1u \u0111\u00f3 \u0111\u00e3 mang \u0111\u1ebfn cho Broncos m\u1ed9t lo\u1ea1t l\u01b0\u1ee3t ch\u01a1i m\u1edbi?"}, {"answers": [{"answer_start": 1011, "text": "3:08"}], "id": "56d726b60d65d214001983ee", "question": "Tr\u1eadn \u0111\u1ea5u c\u00f2n l\u1ea1i bao l\u00e2u khi Denver n\u00e2ng t\u1ef7 s\u1ed1 l\u00ean 24-10?"}, {"answers": [{"answer_start": 31, "text": "4:51"}], "id": "56d9cb47dc89441400fdb832", "question": "Th\u1eddi gian tr\u00ean \u0111\u1ed3ng h\u1ed3 l\u00e0 bao nhi\u00eau khi Carolina c\u00f3 b\u00f3ng \u1edf v\u1ea1ch 24 yard \u1edf ph\u1ea7n s\u00e2n c\u1ee7a h\u1ecd trong hi\u1ec7p 4?"}, {"answers": [{"answer_start": 225, "text": "Miller"}], "id": "56d9cb47dc89441400fdb833", "question": "H\u1ecd c\u1ee7a c\u1ea7u th\u1ee7 \u0111\u00e3 l\u1ea5y b\u00f3ng t\u1eeb Newton v\u00e0o cu\u1ed1i hi\u1ec7p 4 l\u00e0 g\u00ec?"}, {"answers": [{"answer_start": 335, "text": "Ward"}], "id": "56d9cb47dc89441400fdb834", "question": "H\u1ecd c\u1ee7a c\u1ee7a c\u1ea7u th\u1ee7 \u0111\u00e3 l\u1ea5y l\u1ea1i \u0111\u01b0\u1ee3c qu\u1ea3 b\u00f3ng m\u00e0 Newton b\u1ecb m\u1ea5t trong hi\u1ec7p 4 l\u00e0 g\u00ec?"}, {"answers": [{"answer_start": 682, "text": "ba"}], "id": "56d9cb47dc89441400fdb835", "question": "Denver b\u1ecb gi\u1eef \u1edf ngo\u00e0i v\u00f9ng c\u1ea5m \u0111\u1ecba bao nhi\u00eau l\u01b0\u1ee3t sau khi nh\u1eadn b\u00f3ng t\u1eeb Newton?"}, {"answers": [{"answer_start": 805, "text": "Anderson"}], "id": "56d9cb47dc89441400fdb836", "question": "H\u1ecd c\u1ee7a c\u1ea7u th\u1ee7 ghi \u0111i\u1ec3m touchdown t\u1eeb v\u1ea1ch 2 yard trong hi\u1ec7p 4 l\u00e0 g\u00ec?"}]}], "title": "Super_Bowl_50"}, {"paragraphs": [{"context": "G\u1ea7n \u0111\u00f3, t\u1ea1i Ogr\u00f3d Saski (V\u01b0\u1eddn Saxon), Nh\u00e0 h\u00e1t M\u00f9a h\u00e8 \u0111\u00e3 ho\u1ea1t \u0111\u1ed9ng t\u1eeb n\u0103m 1870 \u0111\u1ebfn 1939, v\u00e0 trong giai \u0111o\u1ea1n gi\u1eefa hai cu\u1ed9c chi\u1ebfn tranh, khu ph\u1ee9c h\u1ee3p nh\u00e0 h\u00e1t c\u0169ng bao g\u1ed3m Momus, qu\u00e1n r\u01b0\u1ee3u v\u0103n h\u1ecdc \u0111\u1ea7u ti\u00ean c\u1ee7a Warsaw v\u00e0 nh\u00e0 h\u00e1t nh\u1ea1c k\u1ecbch Melodram c\u1ee7a Leon Schiller. Nh\u00e0 h\u00e1t Wojciech Bogus\u0142awski (1922-26) l\u00e0 v\u00ed d\u1ee5 \u0111i\u1ec3n h\u00ecnh nh\u1ea5t c\u1ee7a \"nh\u00e0 h\u00e1t ho\u00e0nh tr\u00e1ng c\u1ee7a Ba Lan\". T\u1eeb gi\u1eefa nh\u1eefng n\u0103m 1930, H\u1ecdc vi\u1ec7n Ngh\u1ec7 thu\u1eadt K\u1ecbch ngh\u1ec7 Upati - h\u1ecdc vi\u1ec7n ngh\u1ec7 thu\u1eadt k\u1ecbch ngh\u1ec7 \u0111\u1ea7u ti\u00ean c\u1ee7a nh\u00e0 n\u01b0\u1edbc, v\u1edbi m\u1ed9t khoa di\u1ec5n xu\u1ea5t v\u00e0 m\u1ed9t khoa ch\u1ec9 \u0111\u1ea1o s\u00e2n kh\u1ea5u, n\u1eb1m \u1edf t\u00f2a nh\u00e0 Nh\u00e0 h\u00e1t L\u1edbn.", "qas": [{"answers": [{"answer_start": 12, "text": "Ogr\u00f3d Saski"}], "id": "57339c16d058e614000b5ec5", "question": "V\u01b0\u1eddn Saxon trong ti\u1ebfng Ba Lan l\u00e0 g\u00ec?"}, {"answers": [{"answer_start": 25, "text": "V\u01b0\u1eddn Saxon"}], "id": "57339c16d058e614000b5ec6", "question": "Nh\u00e0 h\u00e1t M\u00f9a h\u00e8 n\u1eb1m \u1edf \u0111\u00e2u?"}, {"answers": [{"answer_start": 69, "text": "n\u0103m 1870 \u0111\u1ebfn 1939"}], "id": "57339c16d058e614000b5ec7", "question": "Nh\u00e0 h\u00e1t M\u00f9a h\u00e8 \u0111\u00e3 ho\u1ea1t \u0111\u1ed9ng \u0111\u01b0\u1ee3c bao l\u00e2u?"}, {"answers": [{"answer_start": 168, "text": "Momus"}], "id": "57339c16d058e614000b5ec8", "question": "Qu\u00e1n r\u01b0\u1ee3u v\u0103n h\u1ecdc \u0111\u1ea7u ti\u00ean c\u1ee7a Warsaw l\u00e0 g\u00ec?"}, {"answers": [{"answer_start": 262, "text": "Nh\u00e0 h\u00e1t Wojciech Bogus\u0142awski"}], "id": "57339c16d058e614000b5ec9", "question": "Nh\u00e0 h\u00e1t n\u00e0o l\u00e0 v\u00ed d\u1ee5 \u0111i\u1ec3n h\u00ecnh nh\u1ea5t c\u1ee7a \"nh\u00e0 h\u00e1t ho\u00e0nh tr\u00e1ng c\u1ee7a Ba Lan\"?"}]}, {"context": "\u0110\u1ed1i th\u1ee7 \u0111\u1ecba ph\u01b0\u01a1ng c\u1ee7a h\u1ecd, Polonia Warsaw, c\u00f3 \u00edt ng\u01b0\u1eddi \u1ee7ng h\u1ed9 h\u01a1n \u0111\u00e1ng k\u1ec3, nh\u01b0ng h\u1ecd \u0111\u00e3 gi\u00e0nh \u0111\u01b0\u1ee3c gi\u1ea3i v\u00f4 \u0111\u1ecbch Ekstraklasa v\u00e0o n\u0103m 2000. H\u1ecd c\u0169ng \u0111\u00e3 gi\u00e0nh \u0111\u01b0\u1ee3c ch\u1ee9c v\u00f4 \u0111\u1ecbch qu\u1ed1c gia v\u00e0o n\u0103m 1946 v\u00e0 c\u0169ng gi\u00e0nh \u0111\u01b0\u1ee3c c\u00fap hai l\u1ea7n. S\u00e2n nh\u00e0 c\u1ee7a Polonia n\u1eb1m \u1edf \u0110\u01b0\u1eddng Konwiktorka, c\u00e1ch Old Town m\u01b0\u1eddi ph\u00fat \u0111i b\u1ed9 v\u1ec1 ph\u00eda b\u1eafc. Polonia \u0111\u00e3 r\u01a1i kh\u1ecfi nh\u00f3m c\u00e1c \u0111\u1ed9i h\u00e0ng \u0111\u1ea7u qu\u1ed1c gia v\u00e0o n\u0103m 2013 v\u00ec t\u00ecnh h\u00ecnh t\u00e0i ch\u00ednh th\u1ea3m kh\u1ed1c c\u1ee7a h\u1ecd. Hi\u1ec7n t\u1ea1i h\u1ecd \u0111ang ch\u01a1i \u1edf gi\u1ea3i \u0111\u1ea5u th\u1ee9 4 (h\u1ea1ng 5 \u1edf Ba Lan) - gi\u1ea3i \u0111\u1ea5u chuy\u00ean nghi\u1ec7p d\u01b0\u1edbi c\u00f9ng trong c\u1ea5u tr\u00fac Hi\u1ec7p h\u1ed9i B\u00f3ng \u0111\u00e1 Qu\u1ed1c gia - Ba Lan (PZPN).", "qas": [{"answers": [{"answer_start": 27, "text": "Polonia Warsaw"}], "id": "5733a32bd058e614000b5f32", "question": "\u0110\u1ed9i n\u00e0o \u0111\u00e3 gi\u00e0nh gi\u1ea3i v\u00f4 \u0111\u1ecbch Ekstraklasa v\u00e0o n\u0103m 2000?"}, {"answers": [{"answer_start": 185, "text": "n\u0103m 1946"}], "id": "5733a32bd058e614000b5f33", "question": "Polonia Warsaw gi\u00e0nh \u0111\u01b0\u1ee3c ch\u1ee9c v\u00f4 \u0111\u1ecbch qu\u1ed1c gia v\u00e0o n\u0103m n\u00e0o tr\u01b0\u1edbc n\u0103m 2000?"}, {"answers": [{"answer_start": 217, "text": "hai"}], "id": "5733a32bd058e614000b5f34", "question": "Polonia gi\u00e0nh \u0111\u01b0\u1ee3c c\u00fap bao nhi\u00eau l\u1ea7n?"}, {"answers": [{"answer_start": 252, "text": "\u0110\u01b0\u1eddng Konwiktorka"}], "id": "5733a32bd058e614000b5f35", "question": "S\u00e2n nh\u00e0 c\u1ee7a Polonia n\u1eb1m \u1edf \u0111\u00e2u?"}, {"answers": [{"answer_start": 381, "text": "t\u00ecnh h\u00ecnh t\u00e0i ch\u00ednh th\u1ea3m kh\u1ed1c"}], "id": "5733a32bd058e614000b5f36", "question": "T\u1ea1i sao Polonia r\u01a1i kh\u1ecfi nh\u00f3m c\u00e1c \u0111\u1ed9i h\u00e0ng \u0111\u1ea7u qu\u1ed1c gia v\u00e0o n\u0103m 2013?"}]}, {"context": "Trong su\u1ed1t s\u1ef1 t\u1ed3n t\u1ea1i c\u1ee7a m\u00ecnh, Warsaw l\u00e0 m\u1ed9t th\u00e0nh ph\u1ed1 \u0111a v\u0103n h\u00f3a. Theo \u0111i\u1ec1u tra d\u00e2n s\u1ed1 n\u0103m 1901, trong s\u1ed1 711.988 ng\u01b0\u1eddi, 56,2% l\u00e0 ng\u01b0\u1eddi C\u00f4ng gi\u00e1o, 35,7% ng\u01b0\u1eddi Do Th\u00e1i, 5% Kit\u00f4 h\u1eefu ch\u00ednh th\u1ed1ng Hy L\u1ea1p v\u00e0 2,8% ng\u01b0\u1eddi Tin l\u00e0nh. T\u00e1m n\u0103m sau, v\u00e0o n\u0103m 1909, c\u00f3 281.754 ng\u01b0\u1eddi Do Th\u00e1i (36,9%), 18.189 ng\u01b0\u1eddi Tin l\u00e0nh (2,4%) v\u00e0 2.818 ng\u01b0\u1eddi Mariavite (0,4%). \u0110i\u1ec1u n\u00e0y d\u1eabn \u0111\u1ebfn vi\u1ec7c x\u00e2y d\u1ef1ng h\u00e0ng tr\u0103m n\u01a1i th\u1edd c\u00fang t\u00f4n gi\u00e1o \u1edf m\u1ecdi n\u01a1i trong th\u1ecb tr\u1ea5n. H\u1ea7u h\u1ebft trong s\u1ed1 \u0111\u00f3 \u0111\u00e3 b\u1ecb ph\u00e1 h\u1ee7y sau h\u1eadu qu\u1ea3 c\u1ee7a Cu\u1ed9c n\u1ed5i d\u1eady Warsaw n\u0103m 1944. Sau chi\u1ebfn tranh, ch\u00ednh quy\u1ec1n c\u1ed9ng s\u1ea3n m\u1edbi c\u1ee7a Ba Lan kh\u00f4ng khuy\u1ebfn kh\u00edch x\u00e2y d\u1ef1ng nh\u00e0 th\u1edd v\u00e0 ch\u1ec9 m\u1ed9t s\u1ed1 nh\u1ecf \u0111\u01b0\u1ee3c x\u00e2y d\u1ef1ng l\u1ea1i.", "qas": [{"answers": [{"answer_start": 56, "text": "\u0111a v\u0103n h\u00f3a"}], "id": "57338007d058e614000b5bda", "question": "Warsaw thu\u1ed9c lo\u1ea1i th\u00e0nh ph\u1ed1 n\u00e0o khi c\u00f2n l\u00e0 m\u1ed9t th\u00e0nh ph\u1ed1?"}, {"answers": [{"answer_start": 108, "text": "711.988"}], "id": "57338007d058e614000b5bdb", "question": "D\u00e2n s\u1ed1 Warsaw n\u0103m 1901 l\u00e0 bao nhi\u00eau?"}, {"answers": [{"answer_start": 123, "text": "56,2%"}], "id": "57338007d058e614000b5bdc", "question": "Trong s\u1ed1 c\u01b0 d\u00e2n Warsaw n\u0103m 1901, bao nhi\u00eau ph\u1ea7n tr\u0103m l\u00e0 ng\u01b0\u1eddi C\u00f4ng gi\u00e1o?"}, {"answers": [{"answer_start": 204, "text": "2,8% ng\u01b0\u1eddi Tin l\u00e0nh"}], "id": "57338007d058e614000b5bdd", "question": "Bao nhi\u00eau ph\u1ea7n tr\u0103m d\u00e2n s\u1ed1 Warsaw l\u00e0 ng\u01b0\u1eddi Tin l\u00e0nh v\u00e0o n\u0103m 1901?"}, {"answers": [{"answer_start": 507, "text": "n\u0103m 1944"}], "id": "57338007d058e614000b5bde", "question": "H\u1ea7u h\u1ebft c\u00e1c n\u01a1i th\u1edd c\u00fang t\u00f4n gi\u00e1o b\u1ecb ph\u00e1 h\u1ee7y \u1edf Warsaw v\u00e0o n\u0103m n\u00e0o?"}]}, {"context": "\u0110\u01a1n v\u1ecb c\u01a1 b\u1ea3n c\u1ee7a ph\u00e2n chia l\u00e3nh th\u1ed5 \u1edf Ba Lan l\u00e0 m\u1ed9t x\u00e3 (gmina). M\u1ed9t th\u00e0nh ph\u1ed1 c\u0169ng l\u00e0 m\u1ed9t x\u00e3 - nh\u01b0ng v\u1edbi \u0111i\u1ec1u l\u1ec7 th\u00e0nh ph\u1ed1. C\u1ea3 th\u00e0nh ph\u1ed1 v\u00e0 x\u00e3 \u0111\u1ec1u do th\u1ecb tr\u01b0\u1edfng c\u1ea7m quy\u1ec1n - nh\u01b0ng \u1edf c\u00e1c x\u00e3, th\u1ecb tr\u01b0\u1edfng l\u00e0 vogt (w\u00f3jt trong ti\u1ebfng Ba Lan), c\u00f2n \u1edf c\u00e1c th\u00e0nh ph\u1ed1 l\u00e0 burmistrz. M\u1ed9t s\u1ed1 th\u00e0nh ph\u1ed1 l\u1edbn c\u00f3 \u0111\u01b0\u1ee3c c\u00e1c quy\u1ec1n l\u1ee3i, t\u1ee9c l\u00e0 c\u00e1c nhi\u1ec7m v\u1ee5 v\u00e0 \u0111\u1eb7c quy\u1ec1n, thu\u1ed9c s\u1edf h\u1eefu c\u1ee7a c\u00e1c \u0111\u01a1n v\u1ecb c\u1ea5p hai c\u1ee7a vi\u1ec7c ph\u00e2n chia l\u00e3nh th\u1ed5 - c\u00e1c qu\u1eadn ho\u1eb7c powiats. M\u1ed9t v\u00ed d\u1ee5 v\u1ec1 quy\u1ec1n l\u1ee3i nh\u01b0 v\u1eady l\u00e0 \u0111\u0103ng k\u00fd xe: gmina kh\u00f4ng th\u1ec3 \u0111\u0103ng k\u00fd xe, \u0111\u00e2y l\u00e0 nhi\u1ec7m v\u1ee5 c\u1ee7a powiat (t\u1ee9c l\u00e0 s\u1ed1 \u0111\u0103ng k\u00fd ph\u1ee5 thu\u1ed9c v\u00e0o vi\u1ec7c xe \u0111\u00e3 \u0111\u01b0\u1ee3c \u0111\u0103ng k\u00fd \u1edf powiat n\u00e0o, ch\u1ee9 kh\u00f4ng ph\u1ea3i gmina). Trong tr\u01b0\u1eddng h\u1ee3p n\u00e0y, ch\u00fang t\u00f4i n\u00f3i v\u1ec1 qu\u1eadn th\u00e0nh ph\u1ed1 ho\u1eb7c powiat grodzki. Nh\u1eefng th\u00e0nh ph\u1ed1 nh\u01b0 v\u1eady ch\u1eb3ng h\u1ea1n nh\u01b0 Lublin, Krak\u00f3w, Gda\u0144sk, Pozna\u0144. \u1ede Warsaw, c\u00e1c qu\u1eadn trong \u0111\u00f3 c\u0169ng c\u00f3 m\u1ed9t s\u1ed1 quy\u1ec1n l\u1ee3i c\u1ee7a powiat - gi\u1ed1ng nh\u01b0 \u0111\u0103ng k\u00fd xe \u0111\u00e3 \u0111\u1ec1 c\u1eadp. V\u00ed d\u1ee5, qu\u1eadn Wola c\u00f3 b\u1eb1ng ch\u1ee9ng ri\u00eang v\u00e0 qu\u1eadn Ursyn\u00f3w - ri\u00eang c\u1ee7a h\u1ecd (v\u00e0 nh\u1eefng chi\u1ebfc xe t\u1eeb Wola c\u00f3 m\u1ed9t lo\u1ea1i s\u1ed1 \u0111\u0103ng k\u00fd kh\u00e1c so v\u1edbi nh\u1eefng chi\u1ebfc xe t\u1eeb Ursyn\u00f3w). Nh\u01b0ng v\u00ed d\u1ee5 c\u00e1c qu\u1eadn \u1edf Krak\u00f3w kh\u00f4ng c\u00f3 quy\u1ec1n c\u1ee7a powiat, v\u1eady th\u00ec s\u1ed1 \u0111\u0103ng k\u00fd \u1edf Krak\u00f3w l\u00e0 c\u00f9ng lo\u1ea1i cho t\u1ea5t c\u1ea3 c\u00e1c qu\u1eadn.", "qas": [{"answers": [{"answer_start": 53, "text": "x\u00e3"}], "id": "573380e0d058e614000b5be9", "question": "\u0110\u01a1n v\u1ecb c\u01a1 b\u1ea3n c\u1ee7a ph\u00e2n chia l\u00e3nh th\u1ed5 \u1edf Ba Lan l\u00e0 g\u00ec?"}, {"answers": [{"answer_start": 414, "text": "c\u00e1c qu\u1eadn"}], "id": "573380e0d058e614000b5bea", "question": "C\u1ea5p \u0111\u1ed9 th\u1ee9 hai c\u1ee7a vi\u1ec7c ph\u00e2n chia l\u00e3nh th\u1ed5 \u1edf Ba Lan l\u00e0 g\u00ec?"}, {"answers": [{"answer_start": 1056, "text": "Krak\u00f3w"}], "id": "573380e0d058e614000b5beb", "question": "Nh\u1eefng qu\u1eadn n\u00e0o c\u00f3 s\u1ed1 \u0111\u0103ng k\u00fd cho xe \u00f4 t\u00f4 c\u00f9ng lo\u1ea1i?"}]}, {"context": "S\u00e0n giao d\u1ecbch ch\u1ee9ng kho\u00e1n \u0111\u1ea7u ti\u00ean c\u1ee7a Warsaw \u0111\u01b0\u1ee3c th\u00e0nh l\u1eadp v\u00e0o n\u0103m 1817 v\u00e0 ti\u1ebfp t\u1ee5c giao d\u1ecbch cho \u0111\u1ebfn Th\u1ebf Chi\u1ebfn II. N\u00f3 \u0111\u01b0\u1ee3c t\u00e1i l\u1eadp v\u00e0o th\u00e1ng 4 n\u0103m 1991, sau khi ch\u1ea5m d\u1ee9t s\u1ef1 ki\u1ec3m so\u00e1t c\u1ee7a c\u1ed9ng s\u1ea3n sau chi\u1ebfn tranh v\u00e0 t\u00e1i gi\u1edbi thi\u1ec7u n\u1ec1n kinh t\u1ebf th\u1ecb tr\u01b0\u1eddng t\u1ef1 do. Ng\u00e0y nay, theo nhi\u1ec1u ch\u1ec9 s\u1ed1, S\u00e0n giao d\u1ecbch Ch\u1ee9ng kho\u00e1n Warsaw (WSE) l\u00e0 th\u1ecb tr\u01b0\u1eddng l\u1edbn nh\u1ea5t trong khu v\u1ef1c, v\u1edbi 374 c\u00f4ng ty \u0111\u01b0\u1ee3c ni\u00eam y\u1ebft v\u00e0 t\u1ed5ng v\u1ed1n h\u00f3a l\u00e0 162 584 tri\u1ec7u EUR t\u00ednh \u0111\u1ebfn ng\u00e0y 31 th\u00e1ng 8 n\u0103m 2009. T\u1eeb n\u0103m 1991 \u0111\u1ebfn n\u0103m 2000, tr\u1edb tr\u00eau thay, s\u00e0n giao d\u1ecbch ch\u1ee9ng kho\u00e1n n\u1eb1m trong t\u00f2a nh\u00e0 tr\u01b0\u1edbc \u0111\u00e2y \u0111\u01b0\u1ee3c s\u1eed d\u1ee5ng l\u00e0m tr\u1ee5 s\u1edf c\u1ee7a \u0110\u1ea3ng C\u00f4ng nh\u00e2n Th\u1ed1ng nh\u1ea5t Ba Lan (PZPR).", "qas": [{"answers": [{"answer_start": 65, "text": "n\u0103m 1817"}], "id": "5733834ed058e614000b5c26", "question": "S\u00e0n giao d\u1ecbch ch\u1ee9ng kho\u00e1n \u0111\u1ea7u ti\u00ean c\u1ee7a Warsaw \u0111\u01b0\u1ee3c th\u00e0nh l\u1eadp khi n\u00e0o?"}, {"answers": [{"answer_start": 104, "text": "Th\u1ebf Chi\u1ebfn II"}], "id": "5733834ed058e614000b5c27", "question": "\u0110i\u1ec1u g\u00ec \u0111\u00e3 khi\u1ebfn s\u00e0n giao d\u1ecbch ch\u1ee9ng kho\u00e1n Warsaw d\u1eebng l\u1ea1i?"}, {"answers": [{"answer_start": 138, "text": "th\u00e1ng 4 n\u0103m 1991"}], "id": "5733834ed058e614000b5c28", "question": "S\u00e0n giao d\u1ecbch ch\u1ee9ng kho\u00e1n Warsaw m\u1edf l\u1ea1i khi n\u00e0o?"}, {"answers": [{"answer_start": 373, "text": "374"}], "id": "5733834ed058e614000b5c29", "question": "C\u00f3 bao nhi\u00eau c\u00f4ng ty \u0111\u00e3 \u0111\u01b0\u1ee3c ni\u00eam y\u1ebft tr\u00ean WSE v\u00e0o th\u00e1ng 8 n\u0103m 2009?"}, {"answers": [{"answer_start": 594, "text": "\u0110\u1ea3ng C\u00f4ng nh\u00e2n Th\u1ed1ng nh\u1ea5t Ba Lan"}], "id": "5733834ed058e614000b5c2a", "question": "Cho \u0111\u1ebfn n\u0103m 2000, WSE n\u1eb1m trong t\u00f2a nh\u00e0 m\u00e0 tr\u01b0\u1edbc \u0111\u00e2y l\u00e0 tr\u1ee5 s\u1edf c\u1ee7a c\u00e1i g\u00ec?"}]}], "title": "Warsaw"}, {"paragraphs": [{"context": "Tr\u01b0\u1edbc khi Rollo \u0111\u1ebfn, d\u00e2n s\u1ed1 \u1edf \u0111\u00e2y kh\u00f4ng kh\u00e1c v\u1edbi Picardy hay \u00cele-de-France, v\u1ed1n \u0111\u01b0\u1ee3c coi l\u00e0 \"Frankish\". Nh\u1eefng ng\u01b0\u1eddi \u0111\u1ecbnh c\u01b0 Viking s\u1edbm h\u01a1n \u0111\u00e3 b\u1eaft \u0111\u1ea7u \u0111\u1ebfn v\u00e0o nh\u1eefng n\u0103m 880, nh\u01b0ng b\u1ecb chia c\u1eaft gi\u1eefa c\u00e1c thu\u1ed9c \u0111\u1ecba \u1edf ph\u00eda \u0111\u00f4ng (Roumois v\u00e0 Pays de Caux) quanh h\u1ea1 thung l\u0169ng Seine v\u00e0 ph\u00eda t\u00e2y \u1edf B\u00e1n \u0111\u1ea3o Cotentin, v\u00e0 b\u1ecb chia c\u1eaft b\u1edfi pagii truy\u1ec1n th\u1ed1ng, n\u01a1i d\u00e2n c\u01b0 v\u1eabn c\u00f2n nh\u01b0 c\u0169, kh\u00f4ng c\u00f3 ng\u01b0\u1eddi \u0111\u1ecbnh c\u01b0 n\u01b0\u1edbc ngo\u00e0i. C\u00e1c \u0111\u1ed9i qu\u00e2n c\u1ee7a Rollo \u0111\u00e3 \u0111\u1ed9t k\u00edch v\u00e0 cu\u1ed1i c\u00f9ng \u0111\u1ecbnh c\u01b0 Normandy v\u00e0 m\u1ed9t ph\u1ea7n c\u1ee7a b\u1edd bi\u1ec3n \u0110\u1ea1i T\u00e2y D\u01b0\u01a1ng bao g\u1ed3m ng\u01b0\u1eddi \u0110an M\u1ea1ch, ng\u01b0\u1eddi Na Uy, ng\u01b0\u1eddi Norse-Gaels, ng\u01b0\u1eddi Orkney Vikings, c\u00f3 th\u1ec3 l\u00e0 ng\u01b0\u1eddi Th\u1ee5y \u0110i\u1ec3n v\u00e0 ng\u01b0\u1eddi Anglo-Danes t\u1eeb Danelaw thu\u1ed9c Anh d\u01b0\u1edbi s\u1ef1 ki\u1ec3m so\u00e1t c\u1ee7a ng\u01b0\u1eddi Scandinavia.", "qas": [{"answers": [{"answer_start": 10, "text": "Rollo"}], "id": "56dde1d966d3e219004dad8d", "question": "Ai khi \u0111\u1ebfn n\u01a1i \u0111\u00e3 cho nh\u1eefng ng\u01b0\u1eddi \u0111\u1ecbnh c\u01b0 viking ban \u0111\u1ea7u m\u1ed9t b\u1ea3n s\u1eafc chung?"}]}, {"context": "Hai gia \u0111\u00ecnh Norman n\u1ed5i b\u1eadt nh\u1ea5t \u0111\u1ebfn \u0110\u1ecba Trung H\u1ea3i l\u00e0 h\u1eadu du\u1ec7 c\u1ee7a Tancred of Hauteville v\u00e0 gia \u0111\u00ecnh Drengot, trong \u0111\u00f3 Rainulf Drengot \u0111\u00e3 nh\u1eadn \u0111\u01b0\u1ee3c h\u1ea1t Aversa, v\u00f9ng \u0111\u1ea5t c\u1ee7a ng\u01b0\u1eddi Norman \u0111\u1ea7u ti\u00ean \u1edf ph\u00eda nam, t\u1eeb Duke Sergius IV c\u1ee7a Naples v\u00e0o n\u0103m 1030. Gia \u0111\u00ecnh Hauteville \u0111\u00e3 \u0111\u1ea1t \u0111\u01b0\u1ee3c c\u1ea5p b\u1eadc ho\u00e0ng gia b\u1eb1ng c\u00e1ch tuy\u00ean b\u1ed1 ho\u00e0ng t\u1eed Guaimar IV c\u1ee7a Salerno l\u00e0 \"Qu\u1ed1c v\u01b0\u01a1ng c\u1ee7a Apulia v\u00e0 Calabria\". \u00d4ng \u0111\u00e3 k\u1ecbp th\u1eddi trao cho nh\u00e0 l\u00e3nh \u0111\u1ea1o \u0111\u01b0\u1ee3c b\u1ea7u c\u1ee7a h\u1ecd, William Iron Arm, v\u1edbi danh hi\u1ec7u l\u00e0 b\u00e1 t\u01b0\u1edbc \u1edf th\u1ee7 \u0111\u00f4 Melfi c\u1ee7a \u00f4ng. Gia \u0111\u00ecnh Drengot sau \u0111\u00f3 \u0111\u00e3 \u0111\u1ea1t \u0111\u01b0\u1ee3c ch\u1ee9c v\u01b0\u01a1ng c\u1ee7a Capua, v\u00e0 ho\u00e0ng \u0111\u1ebf Henry III \u0111\u00e3 ch\u00ednh th\u1ee9c th\u0103ng ch\u1ee9c qu\u00fd t\u1ed9c cho nh\u00e0 l\u00e3nh \u0111\u1ea1o Hauteville, Drogo, v\u1edbi t\u01b0 c\u00e1ch l\u00e0 \"dux et magister Italiae \u0111\u1ebfn Normannorum totius Apuliae et Calabriae\" (\"Qu\u1ed1c v\u01b0\u01a1ng v\u00e0 Ng\u01b0\u1eddi ch\u1ee7 c\u1ee7a n\u01b0\u1edbc \u00dd v\u00e0 B\u00e0 t\u01b0\u1edbc c\u1ee7a ng\u01b0\u1eddi Norman \u1edf to\u00e0n b\u1ed9 Apulia v\u00e0 Calabria\") v\u00e0o n\u0103m 1047.", "qas": [{"answers": [{"answer_start": 655, "text": "Drogo"}], "id": "56de0daecffd8e1900b4b595", "question": "T\u00ean c\u1ee7a nh\u00e0 l\u00e3nh \u0111\u1ea1o \u0111\u01b0\u1ee3c Henry III th\u0103ng ch\u1ee9c qu\u00fd t\u1ed9c l\u00e0 g\u00ec"}, {"answers": [{"answer_start": 446, "text": "William Iron Arm"}], "id": "56de0daecffd8e1900b4b596", "question": "B\u00e1 t\u01b0\u1edbc c\u1ee7a Melfi l\u00e0 ai"}]}, {"context": "Ngay sau khi ng\u01b0\u1eddi Norman b\u1eaft \u0111\u1ea7u v\u00e0o \u00dd, h\u1ecd \u0111\u00e3 v\u00e0o \u0110\u1ebf qu\u1ed1c Byzantine v\u00e0 sau \u0111\u00f3 l\u00e0 Armenia, chi\u1ebfn \u0111\u1ea5u ch\u1ed1ng l\u1ea1i ng\u01b0\u1eddi Pechalan, ng\u01b0\u1eddi Bulgary v\u00e0 \u0111\u1eb7c bi\u1ec7t l\u00e0 ng\u01b0\u1eddi Th\u1ed5 Seljuk. Nh\u1eefng ng\u01b0\u1eddi l\u00ednh \u0111\u00e1nh thu\u00ea Norman l\u1ea7n \u0111\u1ea7u ti\u00ean \u0111\u01b0\u1ee3c khuy\u1ebfn kh\u00edch \u0111\u1ebfn mi\u1ec1n nam b\u1edfi nh\u1eefng ng\u01b0\u1eddi Lombard \u0111\u1ec3 h\u00e0nh \u0111\u1ed9ng ch\u1ed1ng l\u1ea1i Byzantines, nh\u01b0ng h\u1ecd \u0111\u00e3 s\u1edbm chi\u1ebfn \u0111\u1ea5u Sicily. H\u1ecd \u0111\u00e3 n\u1ed5i b\u1eadt c\u00f9ng v\u1edbi c\u00e1c th\u00e0nh vi\u00ean Varangian v\u00e0 Lombard trong chi\u1ebfn d\u1ecbch George Maniaces c\u1ee7a Sicilia n\u0103m 1038. C\u00f3 tranh lu\u1eadn v\u1ec1 vi\u1ec7c ng\u01b0\u1eddi Norman \u1edf Hy L\u1ea1p c\u00f3 th\u1ef1c s\u1ef1 \u0111\u1ebfn t\u1eeb Norman \u00dd hay kh\u00f4ng, v\u00e0 b\u00e2y gi\u1edd c\u00f3 v\u1ebb nh\u01b0 ch\u1ec9 c\u00f3 m\u1ed9t v\u00e0i ng\u01b0\u1eddi \u0111\u1ebfn t\u1eeb \u0111\u00f3. Ng\u01b0\u1eddi ta c\u0169ng kh\u00f4ng bi\u1ebft c\u00f3 bao nhi\u00eau \"Franks\", nh\u01b0 ng\u01b0\u1eddi Byzantines g\u1ecdi h\u1ecd, l\u00e0 ng\u01b0\u1eddi Norman ch\u1ee9 kh\u00f4ng ph\u1ea3i ng\u01b0\u1eddi Ph\u00e1p kh\u00e1c.", "qas": [{"answers": [{"answer_start": 156, "text": "ng\u01b0\u1eddi Th\u1ed5 Seljuk"}], "id": "56de0f6a4396321400ee257f", "question": "Ai l\u00e0 k\u1ebb th\u00f9 ch\u00ednh c\u1ee7a ng\u01b0\u1eddi Norman \u1edf \u00dd, \u0110\u1ebf qu\u1ed1c Byzantine v\u00e0 Armenia?"}]}, {"context": "M\u1ed9t s\u1ed1 ng\u01b0\u1eddi Norman \u0111\u00e3 gia nh\u1eadp l\u1ef1c l\u01b0\u1ee3ng Th\u1ed5 Nh\u0129 K\u1ef3 \u0111\u1ec3 h\u1ed7 tr\u1ee3 cho vi\u1ec7c ti\u00eau di\u1ec7t c\u00e1c qu\u1ed1c gia ch\u01b0 h\u1ea7u c\u1ee7a ng\u01b0\u1eddi Armenia \u1edf Sassoun v\u00e0 Taron \u1edf v\u00f9ng vi\u1ec5n \u0111\u00f4ng Anatolia. Sau \u0111\u00f3, nhi\u1ec1u ng\u01b0\u1eddi \u0111\u00e3 ph\u1ee5c v\u1ee5 nh\u00e0 n\u01b0\u1edbc Armenia \u1edf ph\u00eda nam Cilicia v\u00e0 d\u00e3y n\u00fai Taurus. M\u1ed9t ng\u01b0\u1eddi Norman t\u00ean l\u00e0 Oursel \u0111\u00e3 d\u1eabn m\u1ed9t l\u1ef1c l\u01b0\u1ee3ng \"Franks\" v\u00e0o th\u01b0\u1ee3ng thung l\u0169ng Euphrates \u1edf ph\u00eda b\u1eafc Syria. T\u1eeb 1073 \u0111\u1ebfn 1074, 8.000 trong s\u1ed1 20.000 qu\u00e2n c\u1ee7a t\u01b0\u1edbng Armenia Philaretus Brachamius l\u00e0 ng\u01b0\u1eddi Normans - tr\u01b0\u1edbc \u0111\u00e2y c\u1ee7a Oursel - do Raimbaud l\u00e3nh \u0111\u1ea1o. H\u1ecd th\u1eadm ch\u00ed c\u00f2n cho d\u00e2n t\u1ed9c c\u1ee7a m\u00ecnh m\u01b0\u1ee3n t\u00ean c\u1ee7a l\u00e2u \u0111\u00e0i: Afranji, ngh\u0129a l\u00e0 \"Franks\". Giao th\u01b0\u01a1ng \u0111\u01b0\u1ee3c bi\u1ebft \u0111\u1ebfn gi\u1eefa Amalfi v\u00e0 Antioch v\u00e0 gi\u1eefa Bari v\u00e0 Tarsus c\u00f3 th\u1ec3 li\u00ean quan \u0111\u1ebfn s\u1ef1 hi\u1ec7n di\u1ec7n c\u1ee7a ng\u01b0\u1eddi Italo-Normans \u1edf nh\u1eefng th\u00e0nh ph\u1ed1 \u0111\u00f3 trong khi Amalfi v\u00e0 Bari n\u1eb1m d\u01b0\u1edbi s\u1ef1 cai tr\u1ecb c\u1ee7a Norman \u1edf \u00dd.", "qas": [{"answers": [{"answer_start": 572, "text": "Afranji"}], "id": "56de10b44396321400ee2593", "question": "T\u00ean c\u1ee7a l\u00e2u \u0111\u00e0i Norman l\u00e0 g\u00ec?"}, {"answers": [{"answer_start": 277, "text": "Oursel"}], "id": "56de10b44396321400ee2594", "question": "Ai l\u00e0 ng\u01b0\u1eddi l\u00e3nh \u0111\u1ea1o khi Frank ti\u1ebfn v\u00e0o thung l\u0169ng Euphrates?"}, {"answers": [{"answer_start": 32, "text": "l\u1ef1c l\u01b0\u1ee3ng Th\u1ed5 Nh\u0129 K\u1ef3"}], "id": "56de10b44396321400ee2595", "question": "Ng\u01b0\u1eddi Norman h\u1ee3p t\u00e1c v\u1edbi ai \u1edf Anatolia?"}]}, {"context": "Gi\u1eefa n\u0103m 1402 v\u00e0 1405, \u0111o\u00e0n th\u00e1m hi\u1ec3m do qu\u00fd t\u1ed9c Norman Jean de Bethencourt v\u00e0 Poitevine Gadifer de la Salle d\u1eabn \u0111\u1ea7u \u0111\u00e3 chinh ph\u1ee5c c\u00e1c \u0111\u1ea3o c\u1ee7a qu\u1ea7n \u0111\u1ea3o Canary l\u00e0 Lanzarote, Fuerteventura v\u00e0 El Hierro ngo\u00e0i kh\u01a1i b\u1edd bi\u1ec3n \u0110\u1ea1i T\u00e2y D\u01b0\u01a1ng c\u1ee7a ch\u00e2u Phi. Qu\u00e2n \u0111\u1ed9i c\u1ee7a h\u1ecd \u0111\u01b0\u1ee3c t\u1eadp trung t\u1ea1i Normandy, Gasingham v\u00e0 sau \u0111\u00f3 \u0111\u01b0\u1ee3c c\u1ee7ng c\u1ed1 b\u1edfi th\u1ef1c d\u00e2n ng\u01b0\u1eddi Castile.", "qas": [{"answers": [{"answer_start": 237, "text": "ch\u00e2u Phi"}], "id": "56de49564396321400ee277a", "question": "Qu\u1ea7n \u0111\u1ea3o Canaria ngo\u00e0i kh\u01a1i l\u1ee5c \u0111\u1ecba n\u00e0o?"}]}], "title": "Normans"}, {"paragraphs": [{"context": "Tesla n\u1ed5i ti\u1ebfng v\u00ec nh\u1eefng th\u00e0nh t\u1ef1u v\u00e0 k\u1ef9 n\u0103ng thu h\u00fat c\u00f4ng ch\u00fang c\u1ee7a m\u00ecnh, cu\u1ed1i c\u00f9ng \u0111\u00e3 mang l\u1ea1i cho \u00f4ng m\u1ed9t danh ti\u1ebfng trong v\u0103n h\u00f3a \u0111\u1ea1i ch\u00fang nh\u01b0 m\u1ed9t \"nh\u00e0 khoa h\u1ecdc \u0111i\u00ean\" \u0111i\u1ec3n h\u00ecnh. C\u00e1c b\u1eb1ng s\u00e1ng ch\u1ebf mang l\u1ea1i cho \u00f4ng m\u1ed9t s\u1ed1 ti\u1ec1n \u0111\u00e1ng k\u1ec3, ph\u1ea7n l\u1edbn \u0111\u01b0\u1ee3c s\u1eed d\u1ee5ng \u0111\u1ec3 t\u00e0i tr\u1ee3 cho c\u00e1c d\u1ef1 \u00e1n c\u1ee7a ri\u00eang \u00f4ng v\u1edbi m\u1ee9c \u0111\u1ed9 th\u00e0nh c\u00f4ng kh\u00e1c nhau.: 121.154 \u00d4ng s\u1ed1ng ph\u1ea7n l\u1edbn cu\u1ed9c \u0111\u1eddi c\u1ee7a m\u00ecnh trong m\u1ed9t lo\u1ea1t c\u00e1c kh\u00e1ch s\u1ea1n \u1edf New York, cho \u0111\u1ebfn khi ngh\u1ec9 h\u01b0u. Tesla qua \u0111\u1eddi v\u00e0o ng\u00e0y 7 th\u00e1ng 1 n\u0103m 1943. C\u00f4ng tr\u00ecnh c\u1ee7a \u00f4ng t\u01b0\u01a1ng \u0111\u1ed1i \u00edt ng\u01b0\u1eddi bi\u1ebft \u0111\u1ebfn sau khi \u00f4ng qua \u0111\u1eddi, nh\u01b0ng v\u00e0o n\u0103m 1960, H\u1ed9i ngh\u1ecb To\u00e0n th\u1ec3 v\u1ec1 C\u00e2n \u0110o \u0111\u00e3 \u0111\u1eb7t t\u00ean cho \u0111\u01a1n v\u1ecb SI c\u1ee7a m\u1eadt \u0111\u1ed9 t\u1eeb th\u00f4ng l\u00e0 tesla \u0111\u1ec3 vinh danh \u00f4ng. C\u00f4ng ch\u00fang \u0111\u00e3 quan t\u00e2m Tesla tr\u1edf l\u1ea1i t\u1eeb nh\u1eefng n\u0103m 1990.", "qas": [{"answers": [{"answer_start": 474, "text": "n\u0103m 1943"}], "id": "56dfa0d84a1a83140091ebb7", "question": "Tesla ch\u1ebft n\u0103m n\u00e0o?"}, {"answers": [{"answer_start": 615, "text": "\u0111\u01a1n v\u1ecb SI c\u1ee7a m\u1eadt \u0111\u1ed9 t\u1eeb th\u00f4ng"}], "id": "56dfa0d84a1a83140091ebb8", "question": "C\u00e1i g\u00ec \u0111\u01b0\u1ee3c \u0111\u1eb7t t\u00ean l\u00e0 \"Tesla\" \u0111\u1ec3 vinh danh \u00f4ng?"}, {"answers": [{"answer_start": 393, "text": "c\u00e1c kh\u00e1ch s\u1ea1n \u1edf New York"}], "id": "56dfa0d84a1a83140091ebb9", "question": "Tesla \u0111\u00e3 s\u1ed1ng \u1edf \u0111\u00e2u trong ph\u1ea7n l\u1edbn cu\u1ed9c \u0111\u1eddi m\u00ecnh?"}, {"answers": [{"answer_start": 153, "text": "nh\u00e0 khoa h\u1ecdc \u0111i\u00ean"}], "id": "56dfa0d84a1a83140091ebba", "question": "Danh ti\u1ebfng c\u1ee7a Tesla trong v\u0103n h\u00f3a \u0111\u1ea1i ch\u00fang l\u00e0 g\u00ec?"}, {"answers": [{"answer_start": 183, "text": "C\u00e1c b\u1eb1ng s\u00e1ng ch\u1ebf"}], "id": "56e0bb9f7aa994140058e6cb", "question": "Tesla ki\u1ebfm ti\u1ec1n cho c\u00f4ng vi\u1ec7c c\u1ee7a m\u00ecnh nh\u01b0 th\u1ebf n\u00e0o?"}, {"answers": [{"answer_start": 474, "text": "n\u0103m 1943"}], "id": "56e0bb9f7aa994140058e6cc", "question": "Tesla ch\u1ebft n\u0103m n\u00e0o?"}, {"answers": [{"answer_start": 615, "text": "\u0111\u01a1n v\u1ecb SI c\u1ee7a m\u1eadt \u0111\u1ed9 t\u1eeb th\u00f4ng"}], "id": "56e0bb9f7aa994140058e6cd", "question": "H\u1ed9i ngh\u1ecb To\u00e0n th\u1ec3 v\u1ec1 C\u00e2n \u0110o \u0111\u00e3 \u0111\u1eb7t t\u00ean g\u00ec theo Tesla v\u00e0o n\u0103m 1960?"}, {"answers": [{"answer_start": 712, "text": "nh\u1eefng n\u0103m 1990"}], "id": "56e0bb9f7aa994140058e6ce", "question": "Khi n\u00e0o m\u1ecdi ng\u01b0\u1eddi b\u1eaft \u0111\u1ea7u quan t\u00e2m \u0111\u1ebfn Tesla m\u1ed9t l\u1ea7n n\u1eefa?"}, {"answers": [{"answer_start": 38, "text": "k\u1ef9 n\u0103ng thu h\u00fat c\u00f4ng ch\u00fang"}], "id": "56e0bb9f7aa994140058e6cf", "question": "Ngo\u00e0i nh\u1eefng th\u00e0nh t\u1ef1u khoa h\u1ecdc c\u1ee7a m\u00ecnh, Tesla c\u00f2n n\u1ed5i ti\u1ebfng v\u00ec \u0111i\u1ec1u g\u00ec?"}]}, {"context": "Sau khi r\u1eddi c\u00f4ng ty c\u1ee7a Edison, Tesla h\u1ee3p t\u00e1c v\u1edbi hai doanh nh\u00e2n v\u00e0o n\u0103m 1886, Robert Lane v\u00e0 Benjamin Vail, ng\u01b0\u1eddi \u0111\u00e3 \u0111\u1ed3ng \u00fd t\u00e0i tr\u1ee3 cho m\u1ed9t c\u00f4ng ty \u0111i\u1ec7n chi\u1ebfu s\u00e1ng d\u01b0\u1edbi t\u00ean Tesla l\u00e0 Tesla Electric Light & Manufacturing. C\u00f4ng ty \u0111\u00e3 l\u1eafp \u0111\u1eb7t h\u1ec7 th\u1ed1ng chi\u1ebfu s\u00e1ng d\u1ef1a tr\u00ean h\u1ed3 quang \u0111i\u1ec7n do Tesla thi\u1ebft k\u1ebf v\u00e0 c\u0169ng c\u00f3 c\u00e1c thi\u1ebft k\u1ebf cho c\u00e1c c\u1ed5 g\u00f3p m\u00e1y \u0111i\u1ec7n \u0111\u1ed9ng l\u1ef1c, b\u1eb1ng s\u00e1ng ch\u1ebf \u0111\u1ea7u ti\u00ean \u0111\u01b0\u1ee3c c\u1ea5p cho Tesla \u1edf M\u1ef9.", "qas": [{"answers": [{"answer_start": 79, "text": "Robert Lane v\u00e0 Benjamin Vail"}], "id": "56dfb5777aa994140058e021", "question": "Tesla \u0111\u00e3 h\u1ee3p t\u00e1c v\u1edbi ai v\u00e0o n\u0103m 1886?"}, {"answers": [{"answer_start": 183, "text": "Tesla Electric Light & Manufacturing"}], "id": "56dfb5777aa994140058e022", "question": "Lane v\u00e0 Vail \u0111\u00e3 t\u00e0i tr\u1ee3 c\u00e1i g\u00ec?"}, {"answers": [{"answer_start": 229, "text": "\u0111\u00e3 l\u1eafp \u0111\u1eb7t h\u1ec7 th\u1ed1ng chi\u1ebfu s\u00e1ng d\u1ef1a tr\u00ean h\u1ed3 quang \u0111i\u1ec7n do Tesla thi\u1ebft k\u1ebf"}], "id": "56dfb5777aa994140058e023", "question": "Tesla Electric Light & Manufacturing \u0111\u00e3 l\u00e0m g\u00ec?"}, {"answers": [{"answer_start": 359, "text": "b\u1eb1ng s\u00e1ng ch\u1ebf"}], "id": "56dfb5777aa994140058e024", "question": "Tesla \u0111\u00e3 nh\u1eadn \u0111\u01b0\u1ee3c g\u00ec \u0111\u1ea7u ti\u00ean sau khi b\u1eaft \u0111\u1ea7u c\u00f4ng ty c\u1ee7a m\u00ecnh?"}, {"answers": [{"answer_start": 240, "text": "h\u1ec7 th\u1ed1ng chi\u1ebfu s\u00e1ng d\u1ef1a tr\u00ean h\u1ed3 quang \u0111i\u1ec7n"}], "id": "56dfb5777aa994140058e025", "question": "Nh\u1eefng g\u00ec \u0111\u00e3 \u0111\u01b0\u1ee3c s\u1ea3n xu\u1ea5t t\u1ea1i c\u00f4ng ty c\u1ee7a tesla?"}, {"answers": [{"answer_start": 79, "text": "Robert Lane v\u00e0 Benjamin Vail"}], "id": "56e0d6cf231d4119001ac420", "question": "T\u00ean c\u1ee7a c\u00e1c \u0111\u1ed1i t\u00e1c m\u1edbi c\u1ee7a Tesla l\u00e0 g\u00ec?"}, {"answers": [{"answer_start": 69, "text": "n\u0103m 1886"}], "id": "56e0d6cf231d4119001ac421", "question": "Khi n\u00e0o s\u1ef1 h\u1ee3p t\u00e1c gi\u1eefa Tesla, Lane v\u00e0 Vail h\u00ecnh th\u00e0nh?"}, {"answers": [{"answer_start": 183, "text": "Tesla Electric Light & Manufacturing"}], "id": "56e0d6cf231d4119001ac422", "question": "T\u00ean c\u1ee7a c\u00f4ng ty m\u00e0 c\u00e1c doanh nh\u00e2n \u0111\u00e3 t\u00e0i tr\u1ee3 l\u00e0 g\u00ec?"}, {"answers": [{"answer_start": 229, "text": "\u0111\u00e3 l\u1eafp \u0111\u1eb7t h\u1ec7 th\u1ed1ng chi\u1ebfu s\u00e1ng d\u1ef1a tr\u00ean h\u1ed3 quang \u0111i\u1ec7n"}], "id": "56e0d6cf231d4119001ac423", "question": "Tesla Electric Light & Manufacturing \u0111\u00e3 l\u00e0m g\u00ec?"}, {"answers": [{"answer_start": 32, "text": "Tesla"}], "id": "56e0d6cf231d4119001ac424", "question": "Ai \u0111\u00e3 thi\u1ebft k\u1ebf c\u00e1c h\u1ec7 th\u1ed1ng chi\u1ebfu s\u00e1ng m\u00e0 Tesla Electric Light & Manufacturing l\u1eafp \u0111\u1eb7t?"}]}, {"context": "N\u0103m 1900, Tesla \u0111\u00e3 \u0111\u01b0\u1ee3c c\u1ea5p b\u1eb1ng s\u00e1ng ch\u1ebf cho m\u1ed9t \"h\u1ec7 th\u1ed1ng truy\u1ec1n n\u0103ng l\u01b0\u1ee3ng \u0111i\u1ec7n\" v\u00e0 \"m\u1ed9t m\u00e1y ph\u00e1t \u0111i\u1ec7n\". Khi Guglielmo Marconi th\u1ef1c hi\u1ec7n vi\u1ec7c truy\u1ec1n ph\u00e1t v\u00f4 tuy\u1ebfn xuy\u00ean \u0110\u1ea1i T\u00e2y D\u01b0\u01a1ng n\u1ed5i ti\u1ebfng \u0111\u1ea7u ti\u00ean c\u1ee7a m\u00ecnh v\u00e0o n\u0103m 1901, Tesla \u0111\u00e3 ch\u00e2m bi\u1ebfm r\u1eb1ng \u0111i\u1ec1u \u0111\u00f3 \u0111\u00e3 \u0111\u01b0\u1ee3c th\u1ef1c hi\u1ec7n v\u1edbi 17 b\u1eb1ng s\u00e1ng ch\u1ebf c\u1ee7a Tesla, m\u1eb7c d\u00f9 c\u00f3 r\u1ea5t \u00edt b\u1eb1ng ch\u1ee9ng \u0111\u1ec3 h\u1ed7 tr\u1ee3 cho tuy\u00ean b\u1ed1 n\u00e0y. \u0110\u00e2y l\u00e0 kh\u1edfi \u0111\u1ea7u c\u1ee7a nh\u1eefng cu\u1ed9c chi\u1ebfn b\u1eb1ng s\u00e1ng ch\u1ebf tr\u00ean \u0111\u00e0i ph\u00e1t thanh v\u1edbi c\u00e1c b\u1eb1ng s\u00e1ng ch\u1ebf c\u1ee7a Tesla \u0111\u01b0\u1ee3c ph\u00ea chu\u1ea9n v\u00e0o n\u0103m 1903, sau \u0111\u00f3 l\u00e0 m\u1ed9t quy\u1ebft \u0111\u1ecbnh ng\u01b0\u1ee3c l\u1ea1i c\u00f3 l\u1ee3i cho Marconi v\u00e0o n\u0103m 1904. N\u0103m 1943, m\u1ed9t quy\u1ebft \u0111\u1ecbnh c\u1ee7a T\u00f2a \u00e1n T\u1ed1i cao Hoa K\u1ef3 \u0111\u00e3 kh\u00f4i ph\u1ee5c c\u00e1c b\u1eb1ng s\u00e1ng ch\u1ebf tr\u01b0\u1edbc \u0111\u00f3 c\u1ee7a Tesla, Oliver Lodge v\u00e0 John Stone. T\u00f2a \u00e1n tuy\u00ean b\u1ed1 r\u1eb1ng quy\u1ebft \u0111\u1ecbnh c\u1ee7a h\u1ecd kh\u00f4ng \u1ea3nh h\u01b0\u1edfng \u0111\u1ebfn tuy\u00ean b\u1ed1 c\u1ee7a Marconi l\u00e0 ng\u01b0\u1eddi \u0111\u1ea7u ti\u00ean \u0111\u1ea1t \u0111\u01b0\u1ee3c truy\u1ec1n ph\u00e1t v\u00f4 tuy\u1ebfn, ch\u1ec9 l\u00e0 v\u00ec tuy\u00ean b\u1ed1 c\u1ee7a Marcon \u0111\u1ed1i v\u1edbi m\u1ed9t s\u1ed1 b\u1eb1ng s\u00e1ng ch\u1ebf l\u00e0 kh\u00f4ng ch\u1eafc ch\u1eafn, anh ta kh\u00f4ng th\u1ec3 tuy\u00ean b\u1ed1 vi ph\u1ea1m c\u00e1c b\u1eb1ng s\u00e1ng ch\u1ebf \u0111\u00f3 (c\u00f3 nh\u1eefng tuy\u00ean b\u1ed1 m\u00e0 t\u00f2a \u00e1n c\u1ea5p cao \u0111ang c\u1ed1 g\u1eafng v\u00f4 hi\u1ec7u h\u00f3a m\u1ed9t y\u00eau c\u1ea7u \u1edf Th\u1ebf Chi\u1ebfn I ch\u1ed1ng l\u1ea1i ch\u00ednh ph\u1ee7 Hoa K\u1ef3 b\u1edfi C\u00f4ng ty Marconi th\u00f4ng qua vi\u1ec7c kh\u00f4i ph\u1ee5c b\u1eb1ng s\u00e1ng ch\u1ebf tr\u01b0\u1edbc \u0111\u00f3 c\u1ee7a Tesla).", "qas": [{"answers": [{"answer_start": 0, "text": "N\u0103m 1900"}], "id": "56e0fc3f7aa994140058e877", "question": "Khi n\u00e0o Tesla \u0111\u1ea1t \u0111\u01b0\u1ee3c b\u1eb1ng s\u00e1ng ch\u1ebf m\u00e1y ph\u00e1t \u0111i\u1ec7n c\u1ee7a m\u00ecnh?"}, {"answers": [{"answer_start": 112, "text": "Guglielmo Marconi"}], "id": "56e0fc3f7aa994140058e878", "question": "Ai l\u00e0 ng\u01b0\u1eddi \u0111\u1ea7u ti\u00ean g\u1eedi s\u00f3ng radio qua \u0110\u1ea1i T\u00e2y D\u01b0\u01a1ng?"}, {"answers": [{"answer_start": 218, "text": "n\u0103m 1901"}], "id": "56e0fc3f7aa994140058e879", "question": "S\u1ef1 ch\u1ee9ng minh tr\u00ean \u0111\u00e0i ph\u00e1t thanh c\u1ee7a Marconi l\u00e0 khi n\u00e0o?"}, {"answers": [{"answer_start": 566, "text": "N\u0103m 1943"}], "id": "56e0fc3f7aa994140058e87a", "question": "Khi n\u00e0o b\u1eb1ng s\u00e1ng ch\u1ebf c\u1ee7a Tesla \u0111\u01b0\u1ee3c kh\u00f4i ph\u1ee5c?"}, {"answers": [{"answer_start": 595, "text": "T\u00f2a \u00e1n T\u1ed1i cao Hoa K\u1ef3"}], "id": "56e0fc3f7aa994140058e87b", "question": "Th\u1ef1c th\u1ec3 n\u00e0o \u0111\u00e3 \u0111\u01b0a ra quy\u1ebft \u0111\u1ecbnh kh\u00f4i ph\u1ee5c b\u1eb1ng s\u00e1ng ch\u1ebf c\u1ee7a Tesla?"}]}, {"context": "Trong nh\u1eefng n\u0103m sau nh\u1eefng tin \u0111\u1ed3n n\u00e0y, c\u1ea3 Tesla v\u00e0 Edison \u0111\u1ec1u kh\u00f4ng gi\u00e0nh \u0111\u01b0\u1ee3c gi\u1ea3i th\u01b0\u1edfng (m\u1eb7c d\u00f9 Edison \u0111\u00e3 nh\u1eadn \u0111\u01b0\u1ee3c m\u1ed9t trong 38 \u0111\u1ec1 ngh\u1ecb c\u00f3 th\u1ec3 c\u00f3 v\u00e0o n\u0103m 1915 v\u00e0 Tesla \u0111\u00e3 nh\u1eadn \u0111\u01b0\u1ee3c m\u1ed9t trong 38 \u0111\u1ec1 ngh\u1ecb c\u00f3 th\u1ec3 c\u00f3 v\u00e0o n\u0103m 1937).", "qas": [{"answers": [{"answer_start": 129, "text": "38"}], "id": "56e10aa5cd28a01900c674b3", "question": "C\u00f3 bao nhi\u00eau \u0111\u1ec1 ngh\u1ecb c\u00f3 th\u1ec3 c\u00f3 cho gi\u1ea3i th\u01b0\u1edfng v\u00e0o n\u0103m 1915?"}, {"answers": [{"answer_start": 51, "text": "Edison"}], "id": "56e10aa5cd28a01900c674b4", "question": "Ai \u0111\u00e3 nh\u1eadn \u0111\u01b0\u1ee3c m\u1ed9t \u0111\u1ec1 ngh\u1ecb v\u00e0o n\u0103m 1915?"}, {"answers": [{"answer_start": 220, "text": "n\u0103m 1937"}], "id": "56e10aa5cd28a01900c674b5", "question": "Tesla \u0111\u00e3 nh\u1eadn \u0111\u01b0\u1ee3c \u0111\u1ec1 ngh\u1ecb cho Gi\u1ea3i th\u01b0\u1edfng Nobel v\u00e0o n\u0103m n\u00e0o?"}]}, {"context": "Tuy nhi\u00ean, quan \u0111i\u1ec3m t\u00f4n gi\u00e1o c\u1ee7a \u00f4ng v\u1eabn kh\u00f4ng ch\u1eafc ch\u1eafn do nh\u1eefng tuy\u00ean b\u1ed1 kh\u00e1c m\u00e0 \u00f4ng \u0111\u01b0a ra. V\u00ed d\u1ee5, trong b\u00e0i vi\u1ebft c\u1ee7a m\u00ecnh, \"M\u1ed9t c\u1ed7 m\u00e1y \u0111\u1ec3 K\u1ebft th\u00fac Chi\u1ebfn tranh\", xu\u1ea5t b\u1ea3n n\u0103m 1937, Tesla tuy\u00ean b\u1ed1:", "qas": [{"answers": [{"answer_start": 128, "text": "\"M\u1ed9t c\u1ed7 m\u00e1y \u0111\u1ec3 K\u1ebft th\u00fac Chi\u1ebfn tranh\","}], "id": "56e1254ae3433e1400422c66", "question": "B\u00e0i b\u00e1o n\u00e0o \u0111\u01b0\u1ee3c xu\u1ea5t b\u1ea3n n\u0103m 1937?"}, {"answers": [{"answer_start": 42, "text": "kh\u00f4ng ch\u1eafc ch\u1eafn"}], "id": "56e1254ae3433e1400422c67", "question": "B\u1edfi v\u00ec nh\u1eefng tuy\u00ean b\u1ed1 nh\u1ea5t \u0111\u1ecbnh, quan \u0111i\u1ec3m t\u00f4n gi\u00e1o c\u1ee7a \u00f4ng l\u00e0 g\u00ec?"}, {"answers": [{"answer_start": 152, "text": "Chi\u1ebfn tranh"}], "id": "56e1254ae3433e1400422c68", "question": "Trong ti\u00eau \u0111\u1ec1 c\u1ee7a b\u00e0i vi\u1ebft, c\u1ed7 m\u00e1y hy v\u1ecdng k\u1ebft th\u00fac \u0111i\u1ec1u g\u00ec?"}]}], "title": "Nikola_Tesla"}, {"paragraphs": [{"context": "L\u00fd thuy\u1ebft \u0111\u1ed9 ph\u1ee9c t\u1ea1p t\u00ednh to\u00e1n l\u00e0 m\u1ed9t nh\u00e1nh c\u1ee7a l\u00fd thuy\u1ebft t\u00ednh to\u00e1n trong khoa h\u1ecdc m\u00e1y t\u00ednh l\u00fd thuy\u1ebft, t\u1eadp trung v\u00e0o ph\u00e2n lo\u1ea1i c\u00e1c v\u1ea5n \u0111\u1ec1 t\u00ednh to\u00e1n theo \u0111\u1ed9 kh\u00f3 n\u1ed9i t\u1ea1i c\u1ee7a ch\u00fang v\u00e0 li\u00ean quan c\u00e1c l\u1edbp \u0111\u00f3 v\u1edbi nhau. M\u1ed9t v\u1ea5n \u0111\u1ec1 t\u00ednh to\u00e1n \u0111\u01b0\u1ee3c hi\u1ec3u l\u00e0 m\u1ed9t nhi\u1ec7m v\u1ee5 m\u00e0 v\u1ec1 nguy\u00ean t\u1eafc c\u00f3 th\u1ec3 gi\u1ea3i quy\u1ebft \u0111\u01b0\u1ee3c b\u1eb1ng m\u00e1y t\u00ednh, \u0111i\u1ec1u n\u00e0y t\u01b0\u01a1ng \u0111\u01b0\u01a1ng v\u1edbi vi\u1ec7c ph\u00e1t bi\u1ec3u r\u1eb1ng v\u1ea5n \u0111\u1ec1 c\u00f3 th\u1ec3 \u0111\u01b0\u1ee3c gi\u1ea3i quy\u1ebft b\u1eb1ng c\u00e1ch \u00e1p d\u1ee5ng c\u00e1c b\u01b0\u1edbc to\u00e1n h\u1ecdc, nh\u01b0 thu\u1eadt to\u00e1n.", "qas": [{"answers": [{"answer_start": 0, "text": "L\u00fd thuy\u1ebft \u0111\u1ed9 ph\u1ee9c t\u1ea1p t\u00ednh to\u00e1n"}], "id": "56e16182e3433e1400422e28", "question": "Nh\u00e1nh n\u00e0o c\u1ee7a khoa h\u1ecdc m\u00e1y t\u00ednh l\u00fd thuy\u1ebft li\u00ean quan \u0111\u1ebfn vi\u1ec7c ph\u00e2n lo\u1ea1i r\u1ed9ng r\u00e3i c\u00e1c v\u1ea5n \u0111\u1ec1 t\u00ednh to\u00e1n theo \u0111\u1ed9 kh\u00f3 v\u00e0 l\u1edbp quan h\u1ec7?"}, {"answers": [{"answer_start": 154, "text": "\u0111\u1ed9 kh\u00f3 n\u1ed9i t\u1ea1i"}], "id": "56e16182e3433e1400422e29", "question": "C\u00e1c v\u1ea5n \u0111\u1ec1 t\u00ednh to\u00e1n \u0111\u01b0\u1ee3c ph\u00e2n lo\u1ea1i b\u1eb1ng c\u00e1ch s\u1eed d\u1ee5ng l\u00fd thuy\u1ebft ph\u1ee9c t\u1ea1p t\u00ednh to\u00e1n theo thu\u1ed9c t\u00ednh ch\u00ednh n\u00e0o?"}, {"answers": [{"answer_start": 128, "text": "c\u00e1c v\u1ea5n \u0111\u1ec1 t\u00ednh to\u00e1n"}], "id": "56e16182e3433e1400422e2a", "question": "Thu\u1eadt ng\u1eef cho m\u1ed9t nhi\u1ec7m v\u1ee5 th\u01b0\u1eddng \u0111\u01b0\u1ee3c gi\u1ea3i quy\u1ebft b\u1eb1ng m\u00e1y t\u00ednh l\u00e0 g\u00ec?"}]}, {"context": "Khi xem x\u00e9t c\u00e1c v\u1ea5n \u0111\u1ec1 t\u00ednh to\u00e1n, m\u1ed9t tr\u01b0\u1eddng h\u1ee3p l\u00e0 m\u1ed9t x\u00e2u k\u00fd t\u1ef1 trong m\u1ed9t b\u1ea3ng ch\u1eef c\u00e1i. B\u1ea3ng ch\u1eef c\u00e1i th\u01b0\u1eddng d\u00f9ng l\u00e0 b\u1ea3ng ch\u1eef c\u00e1i nh\u1ecb ph\u00e2n (t\u1ee9c l\u00e0 t\u1eadp {0,1}), v\u00e0 do \u0111\u00f3 x\u00e2u k\u00fd t\u1ef1 l\u00e0 d\u00e3y bit. C\u0169ng nh\u01b0 trong m\u00e1y t\u00ednh tr\u00ean th\u1ef1c t\u1ebf, c\u00e1c \u0111\u1ed1i t\u01b0\u1ee3ng to\u00e1n h\u1ecdc kh\u00f4ng ph\u1ea3i d\u00e3y bit c\u1ea7n ph\u1ea3i \u0111\u01b0\u1ee3c m\u00e3 h\u00f3a h\u1ee3p l\u00fd. V\u00ed d\u1ee5 nh\u01b0 m\u1ed9t s\u1ed1 nguy\u00ean c\u1ea7n ph\u1ea3i \u0111\u01b0\u1ee3c bi\u1ec3u di\u1ec5n d\u01b0\u1edbi d\u1ea1ng nh\u1ecb ph\u00e2n, \u0111\u1ed3 th\u1ecb c\u00f3 th\u1ec3 \u0111\u01b0\u1ee3c bi\u1ec3u di\u1ec5n d\u01b0\u1edbi d\u1ea1ng ma tr\u1eadn k\u1ec1, ho\u1eb7c m\u00e3 h\u00f3a danh s\u00e1ch k\u1ec1 d\u01b0\u1edbi d\u1ea1ng nh\u1ecb ph\u00e2n.", "qas": [{"answers": [{"answer_start": 38, "text": "tr\u01b0\u1eddng h\u1ee3p"}], "id": "56e181d9e3433e1400422fa0", "question": "Trong m\u1ed9t v\u1ea5n \u0111\u1ec1 t\u00ednh to\u00e1n, c\u00e1i g\u00ec c\u00f3 th\u1ec3 \u0111\u01b0\u1ee3c m\u00f4 t\u1ea3 nh\u01b0 x\u00e2u k\u00fd t\u1ef1 trong m\u1ed9t b\u1ea3ng ch\u1eef c\u00e1i?"}, {"answers": [{"answer_start": 131, "text": "nh\u1ecb ph\u00e2n"}], "id": "56e181d9e3433e1400422fa1", "question": "T\u00ean c\u1ee7a b\u1ea3ng ch\u1eef c\u00e1i \u0111\u01b0\u1ee3c s\u1eed d\u1ee5ng ph\u1ed5 bi\u1ebfn nh\u1ea5t trong m\u1ed9t tr\u01b0\u1eddng h\u1ee3p l\u00e0 g\u00ec?"}, {"answers": [{"answer_start": 182, "text": "d\u00e3y bit"}], "id": "56e181d9e3433e1400422fa2", "question": "M\u1ed9t thu\u1eadt ng\u1eef kh\u00e1c cho chu\u1ed7i c\u1ee7a m\u1ed9t tr\u01b0\u1eddng h\u1ee3p l\u00e0 g\u00ec?"}, {"answers": [{"answer_start": 353, "text": "d\u1ea1ng nh\u1ecb ph\u00e2n"}], "id": "56e181d9e3433e1400422fa3", "question": "Khi m\u00e3 h\u00f3a c\u00e1c \u0111\u1ed1i t\u01b0\u1ee3ng to\u00e1n h\u1ecdc, c\u00e1ch th\u1ee9c m\u00e0 c\u00e1c s\u1ed1 nguy\u00ean th\u01b0\u1eddng \u0111\u01b0\u1ee3c bi\u1ec3u di\u1ec5n l\u00e0 g\u00ec?"}, {"answers": [{"answer_start": 407, "text": "ma tr\u1eadn k\u1ec1"}], "id": "56e181d9e3433e1400422fa4", "question": "M\u1ed9t c\u00e1ch m\u00e0 \u0111\u1ed3 th\u1ecb c\u00f3 th\u1ec3 \u0111\u01b0\u1ee3c m\u00e3 h\u00f3a l\u00e0 g\u00ec?"}]}, {"context": "Tho\u1ea1t nh\u00ecn c\u00f3 v\u1ebb kh\u00e1i ni\u1ec7m b\u00e0i to\u00e1n h\u00e0m l\u00e0 r\u1ed9ng h\u01a1n kh\u00e1i ni\u1ec7m b\u00e0i to\u00e1n quy\u1ebft \u0111\u1ecbnh. Tuy nhi\u00ean, \u0111i\u1ec1u n\u00e0y kh\u00f4ng h\u1eb3n l\u00e0 \u0111\u00fang do c\u00e1c b\u00e0i to\u00e1n h\u00e0m c\u00f3 th\u1ec3 \u0111\u01b0\u1ee3c vi\u1ebft l\u1ea1i d\u01b0\u1edbi d\u1ea1ng b\u00e0i to\u00e1n quy\u1ebft \u0111\u1ecbnh. V\u00ed d\u1ee5 nh\u01b0 b\u00e0i to\u00e1n nh\u00e2n hai s\u1ed1 nguy\u00ean c\u00f3 th\u1ec3 \u0111\u01b0\u1ee3c bi\u1ec3u di\u1ec5n d\u01b0\u1edbi d\u1ea1ng t\u1eadp h\u1ee3p c\u00e1c b\u1ed9 ba (a, b, c) sao cho a \u00d7 b = c. Quy\u1ebft \u0111\u1ecbnh xem li\u1ec7u m\u1ed9t b\u1ed9 ba cho tr\u01b0\u1edbc c\u00f3 ph\u1ea3i l\u00e0 th\u00e0nh vi\u00ean c\u1ee7a t\u1eadp h\u1ee3p \u0111\u00f3 hay kh\u00f4ng t\u01b0\u01a1ng \u1ee9ng v\u1edbi vi\u1ec7c gi\u1ea3i b\u00e0i to\u00e1n nh\u00e2n hai s\u1ed1.", "qas": [{"answers": [{"answer_start": 162, "text": "d\u01b0\u1edbi d\u1ea1ng b\u00e0i to\u00e1n quy\u1ebft \u0111\u1ecbnh"}], "id": "56e1a0dccd28a01900c67a2e", "question": "C\u00e1c b\u00e0i to\u00e1n h\u00e0m th\u01b0\u1eddng \u0111\u01b0\u1ee3c vi\u1ebft l\u1ea1i nh\u01b0 th\u1ebf n\u00e0o?"}, {"answers": [{"answer_start": 263, "text": "t\u1eadp h\u1ee3p c\u00e1c b\u1ed9 ba"}], "id": "56e1a0dccd28a01900c67a2f", "question": "N\u1ebfu hai s\u1ed1 nguy\u00ean \u0111\u01b0\u1ee3c nh\u00e2n v\u00e0 xu\u1ea5t ra m\u1ed9t gi\u00e1 tr\u1ecb, t\u1eadp h\u1ee3p bi\u1ec3u th\u1ee9c n\u00e0y \u0111\u01b0\u1ee3c g\u1ecdi l\u00e0 g\u00ec?"}]}, {"context": "\u0110\u1ec3 c\u00f3 \u0111\u1ecbnh ngh\u0129a ch\u00ednh x\u00e1c v\u1ec1 \u00fd ngh\u0129a c\u1ee7a vi\u1ec7c gi\u1ea3i quy\u1ebft v\u1ea5n \u0111\u1ec1 b\u1eb1ng c\u00e1ch s\u1eed d\u1ee5ng m\u1ed9t l\u01b0\u1ee3ng th\u1eddi gian v\u00e0 kh\u00f4ng gian nh\u1ea5t \u0111\u1ecbnh, m\u1ed9t m\u00f4 h\u00ecnh t\u00ednh to\u00e1n nh\u01b0 m\u00e1y Turing t\u1ea5t \u0111\u1ecbnh \u0111\u01b0\u1ee3c s\u1eed d\u1ee5ng. Th\u1eddi gian \u0111\u01b0\u1ee3c y\u00eau c\u1ea7u b\u1edfi m\u00e1y Turing t\u1ea5t \u0111\u1ecbnh M v\u1edbi d\u1eef li\u1ec7u v\u00e0o x l\u00e0 t\u1ed5ng s\u1ed1 l\u1ea7n chuy\u1ec3n tr\u1ea1ng th\u00e1i ho\u1eb7c c\u00e1c b\u01b0\u1edbc m\u00e0 m\u00e1y th\u1ef1c hi\u1ec7n tr\u01b0\u1edbc khi d\u1eebng v\u00e0 \u0111\u01b0a ra c\u00e2u tr\u1ea3 l\u1eddi (\"c\u00f3\" ho\u1eb7c \"kh\u00f4ng\"). M\u1ed9t m\u00e1y Turing M \u0111\u01b0\u1ee3c cho l\u00e0 ho\u1ea1t \u0111\u1ed9ng trong kho\u1ea3ng th\u1eddi gian f(n), n\u1ebfu th\u1eddi gian m\u00e0 M y\u00eau c\u1ea7u tr\u00ean m\u1ed7i \u0111\u1ea7u v\u00e0o c\u00f3 \u0111\u1ed9 d\u00e0i n nhi\u1ec1u nh\u1ea5t l\u00e0 f(n). M\u1ed9t b\u00e0i to\u00e1n quy\u1ebft \u0111\u1ecbnh A c\u00f3 th\u1ec3 \u0111\u01b0\u1ee3c gi\u1ea3i quy\u1ebft trong th\u1eddi gian f(n) n\u1ebfu t\u1ed3n t\u1ea1i m\u00e1y Turing ho\u1ea1t \u0111\u1ed9ng trong th\u1eddi gian f(n) gi\u1ea3i quy\u1ebft v\u1ea5n \u0111\u1ec1. V\u00ec l\u00fd thuy\u1ebft \u0111\u1ed9 ph\u1ee9c t\u1ea1p quan t\u00e2m \u0111\u1ebfn vi\u1ec7c ph\u00e2n lo\u1ea1i c\u00e1c v\u1ea5n \u0111\u1ec1 d\u1ef1a tr\u00ean \u0111\u1ed9 kh\u00f3 c\u1ee7a ch\u00fang, n\u00ean ng\u01b0\u1eddi ta x\u00e1c \u0111\u1ecbnh t\u1eadp h\u1ee3p c\u00e1c v\u1ea5n \u0111\u1ec1 d\u1ef1a tr\u00ean m\u1ed9t s\u1ed1 ti\u00eau ch\u00ed. Ch\u1eb3ng h\u1ea1n, t\u1eadp h\u1ee3p c\u00e1c v\u1ea5n \u0111\u1ec1 c\u00f3 th\u1ec3 gi\u1ea3i quy\u1ebft \u0111\u01b0\u1ee3c trong th\u1eddi gian f(n) tr\u00ean m\u00e1y Turing t\u1ea5t \u0111\u1ecbnh \u0111\u01b0\u1ee3c k\u00fd hi\u1ec7u l\u00e0 DTIME(f(n)).", "qas": [{"answers": [{"answer_start": 270, "text": "chuy\u1ec3n tr\u1ea1ng th\u00e1i"}], "id": "56e1b62ecd28a01900c67aa3", "question": "Th\u1eddi gian c\u1ea7n thi\u1ebft \u0111\u1ec3 \u0111\u01b0a ra c\u00e2u tr\u1ea3 l\u1eddi tr\u00ean m\u00e1y Turing t\u1ea5t \u0111\u1ecbnh \u0111\u01b0\u1ee3c th\u1ec3 hi\u1ec7n d\u01b0\u1edbi d\u1ea1ng g\u00ec?"}, {"answers": [{"answer_start": 737, "text": "\u0111\u1ed9 kh\u00f3"}], "id": "56e1b62ecd28a01900c67aa4", "question": "L\u00fd thuy\u1ebft \u0111\u1ed9 ph\u1ee9c t\u1ea1p ph\u00e2n lo\u1ea1i c\u00e1c v\u1ea5n \u0111\u1ec1 d\u1ef1a tr\u00ean thu\u1ed9c t\u00ednh ch\u00ednh n\u00e0o?"}, {"answers": [{"answer_start": 937, "text": "DTIME(f(n))"}], "id": "56e1b62ecd28a01900c67aa5", "question": "Bi\u1ec3u th\u1ee9c \u0111\u01b0\u1ee3c s\u1eed d\u1ee5ng \u0111\u1ec3 x\u00e1c \u0111\u1ecbnh b\u1ea5t k\u1ef3 chu\u1ed7i v\u1ea5n \u0111\u1ec1 \u0111\u00e3 cho n\u00e0o c\u00f3 kh\u1ea3 n\u0103ng \u0111\u01b0\u1ee3c gi\u1ea3i quy\u1ebft trong th\u1eddi gian tr\u00ean m\u00e1y Turing t\u1ea5t \u0111\u1ecbnh l\u00e0 g\u00ec?"}, {"answers": [{"answer_start": 93, "text": "th\u1eddi gian"}], "id": "56e1b62ecd28a01900c67aa6", "question": "T\u00e0i nguy\u00ean quan tr\u1ecdng nh\u1ea5t \u0111\u01b0\u1ee3c \u0111o l\u01b0\u1eddng \u0111\u1ec3 \u0111\u00e1nh gi\u00e1 vi\u1ec7c x\u00e1c \u0111\u1ecbnh kh\u1ea3 n\u0103ng c\u1ee7a m\u00e1y Turing \u0111\u1ec3 gi\u1ea3i quy\u1ebft b\u1ea5t k\u1ef3 v\u1ea5n \u0111\u1ec1 n\u00e0o \u0111\u00e3 cho l\u00e0 g\u00ec?"}]}, {"context": "C\u00f3 nhi\u1ec1u l\u1edbp \u0111\u1ed9 ph\u1ee9c t\u1ea1p \u0111\u01b0\u1ee3c nghi ng\u1edd l\u00e0 kh\u00e1c nhau nh\u1eefng v\u1eabn ch\u01b0a \u0111\u01b0\u1ee3c ch\u1ee9ng minh. V\u00ed d\u1ee5 nh\u01b0 P \u2286 NP \u2286 PP \u2286 PSPACE v\u00e0 ho\u00e0n to\u00e0n c\u00f3 th\u1ec3 P=PSPACE. N\u1ebfu P kh\u00f4ng b\u1eb1ng NP th\u00ec P kh\u00f4ng b\u1eb1ng PSPACE. Do c\u00f3 r\u1ea5t nhi\u1ec1u l\u1edbp \u0111\u1ed9 ph\u1ee9c t\u1ea1p gi\u1eefa P v\u00e0 PSPACE, ch\u1eb3ng h\u1ea1n nh\u01b0 RP, BPP, PP, BQP, MA, PH, v.v., ho\u00e0n to\u00e0n c\u00f3 th\u1ec3 l\u00e0 t\u1ea5t c\u1ea3 c\u00e1c l\u1edbp \u0111\u1ed9 ph\u1ee9c t\u1ea1p n\u00e0y \u0111\u1ec1u b\u1eb1ng nhau. Ch\u1ee9ng minh b\u1ea5t k\u00ec hai l\u1edbp n\u00e0o trong s\u1ed1 c\u00e1c l\u1edbp n\u00e0y l\u00e0 kh\u00e1c nhau s\u1ebd l\u00e0 m\u1ed9t b\u01b0\u1edbc ti\u1ebfn l\u1edbn trong l\u00fd thuy\u1ebft \u0111\u1ed9 ph\u1ee9c t\u1ea1p.", "qas": [{"answers": [{"answer_start": 25, "text": "\u0111\u01b0\u1ee3c nghi ng\u1edd l\u00e0 kh\u00e1c nhau"}], "id": "56e1ee4de3433e1400423210", "question": "Gi\u1ea3 \u0111\u1ecbnh ch\u01b0a \u0111\u01b0\u1ee3c ch\u1ee9ng minh th\u01b0\u1eddng \u0111\u01b0\u1ee3c g\u00e1n cho gi\u00e1 tr\u1ecb c\u1ee7a c\u00e1c l\u1edbp \u0111\u1ed9 ph\u1ee9c t\u1ea1p l\u00e0 g\u00ec?"}, {"answers": [{"answer_start": 94, "text": "P \u2286 NP \u2286 PP \u2286 PSPACE"}], "id": "56e1ee4de3433e1400423211", "question": "M\u1ed9t bi\u1ec3u th\u1ee9c c\u00f3 th\u1ec3 \u0111\u01b0\u1ee3c s\u1eed d\u1ee5ng \u0111\u1ec3 minh h\u1ecda s\u1ef1 kh\u00e1c nhau \u0111\u01b0\u1ee3c nghi ng\u1edd c\u1ee7a c\u00e1c l\u1edbp \u0111\u1ed9 ph\u1ee9c t\u1ea1p l\u00e0 g\u00ec?"}, {"answers": [{"answer_start": 222, "text": "gi\u1eefa P v\u00e0 PSPACE"}], "id": "56e1ee4de3433e1400423212", "question": "C\u00e1c l\u1edbp \u0111\u1ed9 ph\u1ee9c t\u1ea1p RP, BPP, PP, BQP, MA v\u00e0 PH c\u00f3 th\u1ec3 n\u1eb1m \u1edf \u0111\u00e2u?"}, {"answers": [{"answer_start": 352, "text": "Ch\u1ee9ng minh b\u1ea5t k\u00ec hai l\u1edbp n\u00e0o trong s\u1ed1 c\u00e1c l\u1edbp n\u00e0y l\u00e0 kh\u00e1c nhau"}], "id": "56e1ee4de3433e1400423214", "question": "B\u1eb1ng ch\u1ee9ng n\u00e0o gi\u1eefa hai v\u00e0 c\u00e1c l\u1edbp \u0111\u1ed9 ph\u1ee9c t\u1ea1p s\u1ebd bi\u1ec3u th\u1ecb m\u1ed9t b\u01b0\u1edbc ngo\u1eb7t l\u00fd thuy\u1ebft cho l\u00fd thuy\u1ebft \u0111\u1ed9 ph\u1ee9c t\u1ea1p?"}]}], "title": "Computational_complexity_theory"}]}