<benchmark>
  <entries>
    <entry category="University" eid="Id1" shape="(X (X) (X) (X) (X) (X) (X (X)))" shape_type="mixed" size="7">
      <originaltripleset>
        <otriple>Accademia_di_Architettura_di_Mendrisio | country | Switzerland</otriple>
        <otriple>Accademia_di_Architettura_di_Mendrisio | dean | Mario_Botta</otriple>
        <otriple>Accademia_di_Architettura_di_Mendrisio | students | 600</otriple>
        <otriple>Accademia_di_Architettura_di_Mendrisio | established | 1996</otriple>
        <otriple>Accademia_di_Architettura_di_Mendrisio | facultySize | "100"^^xsd:nonNegativeInteger</otriple>
        <otriple>Accademia_di_Architettura_di_Mendrisio | city | Mendrisio</otriple>
        <otriple>Switzerland | leaderTitle | Federal_Chancellor_of_Switzerland</otriple>
      </originaltripleset>
      <modifiedtripleset>
        <mtriple>Accademia_di_Architettura_di_Mendrisio | country | Switzerland</mtriple>
        <mtriple>Accademia_di_Architettura_di_Mendrisio | dean | Mario_Botta</mtriple>
        <mtriple>Accademia_di_Architettura_di_Mendrisio | numberOfStudents | 600</mtriple>
        <mtriple>Accademia_di_Architettura_di_Mendrisio | established | 1996</mtriple>
        <mtriple>Accademia_di_Architettura_di_Mendrisio | academicStaffSize | 100</mtriple>
        <mtriple>Accademia_di_Architettura_di_Mendrisio | city | Mendrisio</mtriple>
        <mtriple>Switzerland | leaderTitle | Federal_Chancellor_of_Switzerland</mtriple>
      </modifiedtripleset>
      <lex comment="good" lid="Id1">Switzerland is led by the Federal Chancellor and is the location of the Accademia di Architettura di Mendrisio in the city of Mendrisio. The Accademia was established in 1996 and is led by the Dean, Mario Botta. There are 700 students and 100 academic staff.</lex>
      <lex comment="good" lid="Id2">The Accademia di Architettura di Mendrisio is located in Mendrisio, Switzerland. It was established in 1996 and its dean is Mario Botta. It has 100 academic staff and 600 students. Switzerland's leader is the Federal Chancellor.</lex>
      <lex comment="good" lid="Id3">Accademia di Architettura di Mendrisio can be found in Mendrisio, Switzerland. The school was created in 1996, its dean is Mario Botta, it has 600 students and 100 employees. The country is led by a Federal Chancellor.</lex>
    </entry>
    </entries>
</benchmark>