[[["M: I am considering dropping my dancing class. I am not making any progress.", "W: If I were you, I stick with it. It's definitely worth time and effort."], [{"question": "What does the man suggest the woman do?", "choice": ["Consult her dancing teacher.", "Take a more interesting class.", "Continue her dancing class."], "answer": "Continue her dancing class."}], "5-510"], [["W: Well, I'm afraid my cooking isn't to your taste.", "M: Actually, I like it very much.", "W: I'm glad you enjoy it. Let me serve you some more fish.", "M: No, thank you. I've had enough fish, but I'd like some soup.", "W: Here it is. Help yourself!", "M: Thanks. I didn't know you were so good at cooking. If only my wife could learn to cook from you.", "W: Why not bring your wife next time? I haven't seen her for quite a while.", "M: OK, I will. She will be very glad to see you, too. Thank you for the wonderful meal."], [{"question": "What does the man think of the woman's cooking?", "choice": ["It's really terrible.", "It's very good indeed.", "It's better than what he does."], "answer": "It's very good indeed."}, {"question": "What does the woman ask the man to do?", "choice": ["Improve cooking skills.", "Bring his wife next time.", "Have some soup."], "answer": "Bring his wife next time."}], "7-200"], [["M: Look at the girl on the bike!", "F: Oh, yes she's really a smart girl."], [{"question": "Where are the two persons?", "choice": ["At home", "In their classroom", "On the street"], "answer": "On the street"}], "12-511"], [["M: Can you accompany me while I am singing.", "W: I don't play very well, but I will give it a try."], [{"question": "What does the man want the woman to do?", "choice": ["To play the piano.", "To give a performance.", "To sing a song."], "answer": "To play the piano."}], "16-83"], [["W: I can't figure out what's wrong with my watch. It was just a month ago that I had it repaired.", "M: Don't waste your time and money any more. It's very old watch and it is quite worn out."], [{"question": "What does the man mean?", "choice": ["It will take about one month to repair the watch.", "The watch is no longer worth repairing.", "It is a good idea to keep the old watch."], "answer": "The watch is no longer worth repairing."}], "5-231"]]