{"data": [{"title": "Napoleon", "paragraphs": [{"context": "When he became First Consul and later Emperor, Napoleon eschewed his general's uniform and habitually wore the simple green colonel uniform (non-Hussar) of a colonel of the Chasseur \u00e0 Cheval of the Imperial Guard, the regiment that often served as his personal escort, with a large bicorne. He also habitually wore (usually on Sundays) the blue uniform of a colonel of the Imperial Guard Foot Grenadiers (blue with white facings and red cuffs). He also wore his L\u00e9gion d'honneur star, medal and ribbon, and the Order of the Iron Crown decorations, white French-style culottes and white stockings. This was in contrast to the gorgeous and complex uniforms with many decorations of his marshals and those around him.", "qas": [{"id": "12cf36866b656dc4f254081fe6796ea1be2f6d43", "question": "What jewelry like accessories did he wear?", "answers": [{"answer_start": 462, "text": "L\u00e9gion d'honneur star, medal and ribbon, and the Order of the Iron Crown decorations"}]}, {"id": "819a5752b683e1a66c491147f91e3d4cbe2fb509", "question": "What accessory could have fallen from the night sky?", "answers": [{"answer_start": 458, "text": "his L\u00e9gion d'honneur star"}]}, {"id": "0ad9ce3716f12b24e1fd23eb468f0975c07538c7", "question": "What monarch like accessory did he wear?", "answers": [{"answer_start": 524, "text": "Iron Crown decorations"}]}, {"id": "cdd279c6305b4e53b10eddaf5b82c018c255934e", "question": "What the office of his favorite outfit early on?", "answers": [{"answer_start": 173, "text": "Chasseur \u00e0 Cheval of the Imperial Guard"}]}, {"id": "8aedb2cfd924cd9ca124de580556c2b09e13b582", "question": "Which of the following was never one of Napoleon's titles: First Consul, Iron Crown, or Emperor?", "answers": [{"answer_start": 524, "text": "Iron Crown"}]}, {"id": "fb01c126e4dbf9a0d03ba5e4d709d188e55c5cd0", "question": "Which of the following is not an item of clothing: stockings, cuffs or marshals?", "answers": [{"answer_start": 684, "text": "marshals"}]}, {"id": "a39e57cd02f7138a624ec8036fc3b253adf3eefe", "question": "Which of the following is not a French honor: Legion d'honneur star, Order of the Iron Crown, or culottes?", "answers": [{"answer_start": 567, "text": "culottes"}]}]}, {"context": "The Russian army withdrew and retreated past Moscow. Napoleon entered the city, assuming its fall would end the war and Alexander would negotiate peace. However, on orders of the city's governor Feodor Rostopchin, rather than capitulation, Moscow was burned. After five weeks, Napoleon and his army left. In early November Napoleon got concerned about loss of control back in France after the Malet coup of 1812. His army walked through snow up to their knees and nearly 10,000 men and horses froze to death on the night of 8/9 November alone. After Battle of Berezina Napoleon succeeded to escape but had to abandon much of the remaining artillery and baggage train. On 5 December, shortly before arriving in Vilnius, Napoleon left the army in a sledge.", "qas": [{"id": "5d39ed617aa6cbd80f8214e2e6e7d7bc82053702", "question": "who is the first leader mentioned?", "answers": [{"answer_start": 53, "text": "Napoleon"}]}, {"id": "336e0e0107412c1a0d47a165335f7b98f2e70629", "question": "who is the second leader mentioned?", "answers": [{"answer_start": 120, "text": "Alexander"}]}, {"id": "e7bcf711c5ef53f9795075cfcc10dcf6058c91da", "question": "what is the last military branch mentioned?", "answers": [{"answer_start": 737, "text": "army"}]}, {"id": "0770a324876c3c69c20d8a78d59c8fef8b9aae42", "question": "who is the last leader mentioned?", "answers": [{"answer_start": 719, "text": "Napoleon"}]}, {"id": "64bb703a71816f54476b37d39f2ced5ffe97d2ff", "question": "what is the last period in time mentioned?", "answers": [{"answer_start": 671, "text": "5 December"}]}]}, {"context": "Although critics have blamed Napoleon for several tactical mistakes preceding the battle, they have also praised his audacity for selecting a risky campaign strategy, choosing to invade the Italian peninsula from the north when the vast majority of French invasions came from the west, near or along the coastline. As Chandler points out, Napoleon spent almost a year getting the Austrians out of Italy in his first campaign; in 1800, it took him only a month to achieve the same goal. German strategist and field marshal Alfred von Schlieffen concluded that \"Bonaparte did not annihilate his enemy but eliminated him and rendered him harmless\" while \"[attaining] the object of the campaign: the conquest of North Italy.\"", "qas": [{"id": "18ae1a8243cc409edaa9ba892d69684601159b9c", "question": "what is the first group mentioned?", "answers": [{"answer_start": 9, "text": "critics"}]}, {"id": "c65155e8ae1d12b80ac2633dcc65edd34d3900ab", "question": "what is the first ethnicity mentioned?", "answers": [{"answer_start": 190, "text": "Italian"}]}, {"id": "01c6b19b45c9ffa54183f16d4aeee6e260296ae5", "question": "who is the second to last guy mentioned?", "answers": [{"answer_start": 522, "text": "Alfred von Schlieffen"}]}, {"id": "391e4afe71acaaa29b162cab5d1e0c44c9c2d5ea", "question": "what is the last ethnicity mentioned?", "answers": [{"answer_start": 486, "text": "German"}]}, {"id": "0f772c16ac5947d1335ec22b3d0b1520e4777e62", "question": "what is the last period in time mentioned?", "answers": [{"answer_start": 429, "text": "1800"}]}]}, {"context": "In the early morning of 10 April, leading elements of the Austrian army crossed the Inn River and invaded Bavaria. The early Austrian attack surprised the French; Napoleon himself was still in Paris when he heard about the invasion. He arrived at Donauw\u00f6rth on the 17th to find the Grande Arm\u00e9e in a dangerous position, with its two wings separated by 75 miles (121 km) and joined together by a thin cordon of Bavarian troops. Charles pressed the left wing of the French army and hurled his men towards the III Corps of Marshal Davout. In response, Napoleon came up with a plan to cut off the Austrians in the celebrated Landshut Maneuver. He realigned the axis of his army and marched his soldiers towards the town of Eckm\u00fchl. The French scored a convincing win in the resulting Battle of Eckm\u00fchl, forcing Charles to withdraw his forces over the Danube and into Bohemia. On 13 May, Vienna fell for the second time in four years, although the war continued since most of the Austrian army had survived the initial engagements in Southern Germany.", "qas": [{"id": "fd0960aeb8e1ca53f9816368a5ee4dc4b297dd2e", "question": "Who was commanding the Austrian army during the invasion of Bavaria?", "answers": [{"answer_start": 427, "text": "Charles"}]}, {"id": "dd26cfc951d4688f2ee347ba76238b330577e3ff", "question": "Which river did the Austrians cross following their loss?", "answers": [{"answer_start": 843, "text": "the Danube"}]}, {"id": "c94f77fd45584519e022b0ff6be761280d404d30", "question": "What territory did the Austrian army retreat to?", "answers": [{"answer_start": 863, "text": "Bohemia"}]}, {"id": "e3885f709681f91536ec56eab60ac5847b6fb89c", "question": "Who did the Austrians have conflict with?", "answers": [{"answer_start": 151, "text": "the French"}]}, {"id": "51d2fa8684f31ec7fffc179a88a15bb0d4e8cc25", "question": "In what region did the Austrian and French armies confront each other?", "answers": [{"answer_start": 106, "text": "Bavaria"}]}, {"id": "284005ce42557b40510cefc86fdafab7c3046c1a", "question": "what period in time is mentioned first?", "answers": [{"answer_start": 24, "text": "10 April"}]}, {"id": "d51ca40c50a33b65e62e93789172277f888f7952", "question": "what ethnicity is mentioned first?", "answers": [{"answer_start": 58, "text": "Austrian"}]}, {"id": "726b2aa1d9dddca5a7275262d8d3804d6d2f946d", "question": "what area is mentioned last?", "answers": [{"answer_start": 1029, "text": "Southern Germany"}]}, {"id": "3d54657e44aa964c0a4e75897c51a63880fff9b9", "question": "what period in time is mentioned last?", "answers": [{"answer_start": 875, "text": "13 May"}]}, {"id": "262c880ad040ccddc22ef7d6345655583528db1d", "question": "what city is mentioned first?", "answers": [{"answer_start": 193, "text": "Paris"}]}]}, {"context": "In 1808, Napoleon and Czar Alexander met at the Congress of Erfurt to preserve the Russo-French alliance. The leaders had a friendly personal relationship after their first meeting at Tilsit in 1807. By 1811, however, tensions had increased and Alexander was under pressure from the Russian nobility to break off the alliance. A major strain on the relationship between the two nations became the regular violations of the Continental System by the Russians, which led Napoleon to threaten Alexander with serious consequences if he formed an alliance with Britain.", "qas": [{"id": "717a38db31b7729305ab5d0afc92a44fe06dfe32", "question": "what period in time is mentioned first?", "answers": [{"answer_start": 3, "text": "1808"}]}, {"id": "67ddf55ada613235cb78d4b2702884ee5c44531f", "question": "what place is mentioned first?", "answers": [{"answer_start": 48, "text": "Congress of Erfurt"}]}, {"id": "a0ba9050079bcc63e8cc7ad78bf735c8cbfddcb4", "question": "what period in time is mentioned second?", "answers": [{"answer_start": 194, "text": "1807"}]}, {"id": "3d3601d712f540ad9d475cdf22f234f7b96c1f06", "question": "what group is mentioned last?", "answers": [{"answer_start": 445, "text": "the Russians"}]}, {"id": "c706164ed25a15d1bd02a698ec0114baf11e5e2f", "question": "what event is first mentioned?", "answers": [{"answer_start": 9, "text": "Napoleon and Czar Alexander met"}]}]}, {"context": "In 1840, Louis Philippe I obtained permission from the British to return Napoleon's remains to France. On 15 December 1840, a state funeral was held. The hearse proceeded from the Arc de Triomphe down the Champs-\u00c9lys\u00e9es, across the Place de la Concorde to the Esplanade des Invalides and then to the cupola in St J\u00e9r\u00f4me's Chapel, where it remained until the tomb designed by Louis Visconti was completed. In 1861, Napoleon's remains were entombed in a porphyry sarcophagus in the crypt under the dome at Les Invalides.", "qas": [{"id": "4941f9756330aa90277d3f3716bae15d696b4a12", "question": "What happened in the same year as the funeral?", "answers": [{"answer_start": 9, "text": "Louis Philippe I obtained permission from the British to return Napoleon's remains to France"}]}, {"id": "3d873ee661fadb5c95163f4905b98cd25b6384ac", "question": "Where did the procession for Napoleon go just after the Arc de Triomphe?", "answers": [{"answer_start": 196, "text": "down the Champs-\u00c9lys\u00e9es"}]}, {"id": "a8e5d2d263744a79a24d6adec809167e8b14635b", "question": "Where did the procession for Napoleon go just after the Champs-\u00c9lys\u00e9es?", "answers": [{"answer_start": 232, "text": "Place de la Concorde"}]}, {"id": "e8b4791421b35b17e7c853301c7c0e30f7977096", "question": "Why was Napoleon places St. Jerome's Chapel for 21 years?", "answers": [{"answer_start": 348, "text": "until the tomb designed by Louis Visconti was completed"}]}]}, {"context": "Hoping to extend the Continental System, Napoleon invaded Iberia and declared his brother Joseph the King of Spain in 1808. The Spanish and the Portuguese revolted with British support. The Peninsular War lasted six years, noted for its brutal guerrilla warfare, and culminated in an Allied victory. Fighting also erupted in Central Europe, as the Austrians launched another attack against the French in 1809. Napoleon defeated them at the Battle of Wagram, dissolving the Fifth Coalition formed against France. By 1811, Napoleon ruled over 70 million people across an empire that had domination in Europe, which had not witnessed this level of political consolidation since the days of the Roman Empire. He maintained his strategic status through a series of alliances and family appointments. He created a new aristocracy in France while allowing the return of nobles who had been forced into exile by the Revolution.", "qas": [{"id": "46806624a44df36aaff9e489d2937e9bc147e7b6", "question": "Napoleon's planned unification of Europe was referred to as?", "answers": [{"answer_start": 21, "text": "Continental System"}]}, {"id": "ec1561b1f938b6b3e168b91086dc66f34671c07c", "question": "What allowed Napoleon to come to power in the first place?", "answers": [{"answer_start": 904, "text": "the Revolution"}]}, {"id": "e4006c87d20a46702afeef06bca0c6324d5392e3", "question": "Napoleon ruled over a what?", "answers": [{"answer_start": 569, "text": "empire"}]}, {"id": "321a30b7c7d79503cf320565efb517ebfe96e521", "question": "If you could travel back in time and ask Napoleon what he remembered as a good year, how might he respond?", "answers": [{"answer_start": 515, "text": "1811"}]}, {"id": "5c8dce254f8daef423ed5510fa8168c6212dd201", "question": "In general, what is the article about?", "answers": [{"answer_start": 41, "text": "Napoleon"}]}]}, {"context": "Napoleon's set of civil laws, the Code Civil\u2014now often known as the Napoleonic Code\u2014was prepared by committees of legal experts under the supervision of Jean Jacques R\u00e9gis de Cambac\u00e9r\u00e8s, the Second Consul. Napoleon participated actively in the sessions of the Council of State that revised the drafts. The development of the code was a fundamental change in the nature of the civil law legal system with its stress on clearly written and accessible law. Other codes (\"Les cinq codes\") were commissioned by Napoleon to codify criminal and commerce law; a Code of Criminal Instruction was published, which enacted rules of due process.", "qas": [{"id": "fd08f5eb672883f7277208db09e11f057853762e", "question": "Who created the Napoleonic Code?", "answers": [{"answer_start": 0, "text": "Napoleon"}]}, {"id": "a4e7d7e73496b2a1949aabb894c5f27286ba916f", "question": "Who did NOT supervise the preparation of the Code Civil?", "answers": [{"answer_start": 206, "text": "Napoleon"}]}, {"id": "e985fd8bdc5a99bbd7af5983359bd4e219aa2678", "question": "Who was NOT the Second Consul?", "answers": [{"answer_start": 206, "text": "Napoleon"}]}]}, {"context": "Before the formation of the Third Coalition, Napoleon had assembled an invasion force, the Arm\u00e9e d'Angleterre, around six camps at Boulogne in Northern France. He intended to use this invasion force to strike at England. They never invaded, but Napoleon's troops received careful and invaluable training for future military operations. The men at Boulogne formed the core for what Napoleon later called La Grande Arm\u00e9e. At the start, this French army had about 200,000 men organized into seven corps, which were large field units that contained 36 to 40 cannons each and were capable of independent action until other corps could come to the rescue. A single corps properly situated in a strong defensive position could survive at least a day without support, giving the Grande Arm\u00e9e countless strategic and tactical options on every campaign. On top of these forces, Napoleon created a cavalry reserve of 22,000 organized into two cuirassier divisions, four mounted dragoon divisions, one division of dismounted dragoons, and one of light cavalry, all supported by 24 artillery pieces. By 1805, the Grande Arm\u00e9e had grown to a force of 350,000 men, who were well equipped, well trained, and led by competent officers.", "qas": [{"id": "46afbd0c495b48c7a7e3d91773aacdf540b6dbf5", "question": "What was given to Napoleon's force?", "answers": [{"answer_start": 295, "text": "training for future military operations"}]}, {"id": "26bdc39b438159d626604d75a249214bfb15476a", "question": "What did Napoleon have in reserve?", "answers": [{"answer_start": 906, "text": "22,000 organized into two cuirassier divisions, four mounted dragoon divisions, one division of dismounted dragoons, and one of light cavalry, all supported by 24 artillery pieces"}]}, {"id": "a76cbeac08d837dffdc922ef90d839ec19ccc44b", "question": "Where did Napoleon build his force?", "answers": [{"answer_start": 131, "text": "Boulogne"}]}]}, {"context": "By 17 May, the main Austrian army under Charles had arrived on the Marchfeld. Charles kept the bulk of his troops several miles away from the river bank in hopes of concentrating them at the point where Napoleon decided to cross. On 21 May, the French made their first major effort to cross the Danube, precipitating the Battle of Aspern-Essling. The Austrians enjoyed a comfortable numerical superiority over the French throughout the battle; on the first day, Charles disposed of 110,000 soldiers against only 31,000 commanded by Napoleon. By the second day, reinforcements had boosted French numbers up to 70,000. The battle was characterized by a vicious back-and-forth struggle for the two villages of Aspern and Essling, the focal points of the French bridgehead. By the end of the fighting, the French had lost Aspern but still controlled Essling. A sustained Austrian artillery bombardment eventually convinced Napoleon to withdraw his forces back onto Lobau Island. Both sides inflicted about 23,000 casualties on each other. It was the first defeat Napoleon suffered in a major set-piece battle, and it caused excitement throughout many parts of Europe because it proved that he could be beaten on the battlefield.", "qas": [{"id": "92dd02d155f9af2b58cf1ad3ebdfb6a8452cdd73", "question": "Who had the largest army during the battle?", "answers": [{"answer_start": 1059, "text": "Napoleon"}]}, {"id": "70e0f6bf5f9b1e7765f99b5e1e7b9fc2969fa017", "question": "Where was the French stronghold during the battle?", "answers": [{"answer_start": 931, "text": "withdraw"}]}, {"id": "9a50eca4e66286e5bb6a0bb54513d2d099b42a1f", "question": "Why were Europeans excited?", "answers": [{"answer_start": 1046, "text": "first defeat Napoleon suffered"}]}]}, {"context": "Napoleon was born on 15 August 1769, to Carlo Maria di Buonaparte and Maria Letizia Ramolino, in his family's ancestral home Casa Buonaparte in Ajaccio, the capital of the island of Corsica. He was their fourth child and third son. This was a year after the island was transferred to France by the Republic of Genoa. He was christened Napoleone di Buonaparte, probably named after an uncle (an older brother who did not survive infancy was the first of the sons to be called Napoleone). In his 20s, he adopted the more French-sounding Napol\u00e9on Bonaparte.[note 2]", "qas": [{"id": "8246b759ad172c47a6965394e803e7c861e8488d", "question": "Why did change his name to Napoleon Bonaparte?", "answers": [{"answer_start": 519, "text": "French-sounding"}]}]}, {"context": "Two days after the marriage, Bonaparte left Paris to take command of the Army of Italy. He immediately went on the offensive, hoping to defeat the forces of Piedmont before their Austrian allies could intervene. In a series of rapid victories during the Montenotte Campaign, he knocked Piedmont out of the war in two weeks. The French then focused on the Austrians for the remainder of the war, the highlight of which became the protracted struggle for Mantua. The Austrians launched a series of offensives against the French to break the siege, but Napoleon defeated every relief effort, scoring notable victories at the battles of Castiglione, Bassano, Arcole, and Rivoli. The decisive French triumph at Rivoli in January 1797 led to the collapse of the Austrian position in Italy. At Rivoli, the Austrians lost up to 14,000 men while the French lost about 5,000.", "qas": [{"id": "09ba9a53cd8f456f06d3db13ea7346897fc953bf", "question": "What happened before victory?", "answers": [{"answer_start": 19, "text": "marriage"}]}, {"id": "7a804008d3e60ca9afd5613dd699d0a8a57b3702", "question": "Who was assisting the enemy?", "answers": [{"answer_start": 465, "text": "Austrians"}]}]}, {"context": "Despite the failures in Egypt, Napoleon returned to a hero's welcome. He drew together an alliance with director Emmanuel Joseph Siey\u00e8s, his brother Lucien, speaker of the Council of Five Hundred Roger Ducos, director Joseph Fouch\u00e9, and Talleyrand, and they overthrew the Directory by a coup d'\u00e9tat on 9 November 1799 (\"the 18th Brumaire\" according to the revolutionary calendar), closing down the council of five hundred. Napoleon became \"first consul\" for ten years, with two consuls appointed by him who had consultative voices only. His power was confirmed by the new \"Constitution of the Year VIII\", originally devised by Siey\u00e8s to give Napoleon a minor role, but rewritten by Napoleon, and accepted by direct popular vote (3,000,000 in favor, 1,567 opposed). The constitution preserved the appearance of a republic but in reality established a dictatorship.", "qas": [{"id": "9ca2dc12226cd1f8b27576267b6e59bfd4158e38", "question": "What kind of government did the constitution seem to set up?", "answers": [{"answer_start": 812, "text": "republic"}]}, {"id": "6cb1f3c3e72ab46f40fc0bd7d7d166089ae7c35a", "question": "What governance model did the constitution seem to set up?", "answers": [{"answer_start": 812, "text": "republic"}]}]}]}]}