path	sentence	client_id
common_voice_sv-SE_18747821.mp3	Du ska inte flyga!	2c3ffd78f56f2fefc02b7e5cfd35004f17ff411bacf92fb6062e073bbdfedb5d1a3157c0206b1946755d1ccf4d79f6ca35df8d2746d12a05cbaaf6fba64aa63e
common_voice_sv-SE_18747822.mp3	Vi klarar oss tills grödorna har grott.	2c3ffd78f56f2fefc02b7e5cfd35004f17ff411bacf92fb6062e073bbdfedb5d1a3157c0206b1946755d1ccf4d79f6ca35df8d2746d12a05cbaaf6fba64aa63e
common_voice_sv-SE_19169002.mp3	Jag ser det.	dfdf96a10ad9874b7e39500942854a67da3590a1099499a845ac38b11c5fe1156860fd806cf2d5e3e56ca1090486ebb6443a4a721613eef5b58ab280ff878dd2
common_voice_sv-SE_19169003.mp3	Försöker du begå självmord?	dfdf96a10ad9874b7e39500942854a67da3590a1099499a845ac38b11c5fe1156860fd806cf2d5e3e56ca1090486ebb6443a4a721613eef5b58ab280ff878dd2
common_voice_sv-SE_20197015.mp3	Vad vill du att jag ska säga?	ebdeca96ebf4ffb75f048d23d985d1fbb93ba9dc2cf7dddd0234f0c5311468cf25675254780548f7029a9480695d7cd95a01b69151b48c9009ba6ed20ab17b84
common_voice_sv-SE_20160055.mp3	Jag lovar att jag kommer efter.	e54fc2fd84616be2354d19503ac2e0ff8c58a65e82b0fb4d2da1c949ef289d943f6f352435f3ef989729376066262245e5a5eb3f56612ec52b51e5409376ea8f
