[
    [
     [
      "许多动物的某些器官感觉特别灵敏，它们能比人类提前知道一些灾害事件的发生，例如，海洋中的水母能预报风暴，老鼠能事先躲避矿井崩塌或有害气体，等等。地震往往能使一些动物的某些感觉器官受到刺激而发生异常反应。如一个地区的重力发生变异，某些动物可能通过它们的平衡器官感觉到；一种振动异常，某些动物的听觉器官也许能够察觉出来。地震前地下岩层早已在逐日缓慢活动，而断层面之间又具有强大的摩擦力。这种摩擦力会产生一种低于人的听觉所能感觉到的低频声波。人对每秒20次以上的声波才能感觉到，而动物则不然。那些感觉十分灵敏的动物，在感触到这种低声波时，便会惊恐万状，以至出现冬蛇出洞、鱼跃水面等异常现象。"
     ],
     [
      {
       "question": "动物的器官感觉与人的相比有什么不同?",
       "choice": [
        "没有人的灵敏",
        "和人的差不多",
        "和人的一样好",
        "比人的灵敏"
       ],
       "answer": "比人的灵敏"
      },
      {
       "question": "录音中提到能预报风暴的动物是什么?",
       "choice": [
        "蛇",
        "老鼠",
        "水母",
        "鱼"
       ],
       "answer": "水母"
      },
      {
       "question": "低频声波至少要达到每秒多少次才能被人感觉到?",
       "choice": [
        "20次",
        "20次以上",
        "20次以下",
        "以上都对"
       ],
       "answer": "20次以上"
      },
      {
       "question": "动物感觉到低频声波时会有怎样的表现?",
       "choice": [
        "兴奋",
        "逃跑",
        "跳跃",
        "害怕"
       ],
       "answer": "害怕"
      }
     ],
     "m13-70"
    ]
]