[
  {
    "format": "book",
    "title": "Jenesis",
    "chapters": [
      {
        "title": "Jenesis 1",
        "content": "Ná mmalite, Chineke kere eluigwe na ụwa.\nMa ọ dịghị ihe dị n’ụwa, ọ tọgbọ n’efu, ọchịchịrị gbakwara n’elu ogbu mmiri; ike Chineke nke nọ n’ọrụ nọkwa na-erugharị n’elu mmiri ahụ.\nChineke wee sị: “Ka ìhè dị.” Ìhè wee dị.\nE mesịa, Chineke hụrụ na ìhè ahụ dị mma, Chineke wee kpaa ókè n’agbata ìhè ahụ na ọchịchịrị ahụ.\nChineke wee kpọọ ìhè ahụ Ehihie, ma ọ kpọrọ ọchịchịrị ahụ Abalị. E wee nwee mgbede, nweekwa ụtụtụ, ya abụrụ ụbọchị nke mbụ.\nChineke wee sị: “Ka e nwee mbara n’agbata mmiri ahụ, ka e kewaakwa mmiri na mmiri.”\nChineke wee mee mbara ahụ ma kpaa ókè n’agbata mmiri ahụ nke gaje ịdị n’okpuru mbara ahụ na mmiri ahụ nke gaje ịdị n’elu mbara ahụ. O wee dị otú ahụ.\nChineke wee kpọọ mbara ahụ Eluigwe. E wee nwee mgbede, nweekwa ụtụtụ, ya abụrụ ụbọchị nke abụọ.\nChineke wee sị: “Ka e mee ka mmiri ahụ nke dị n’okpuru eluigwe sọkọta ọnụ n’otu ebe, ka ala akọrọ pụtakwa.” O wee dị otú ahụ.\nChineke wee kpọọ ala akọrọ ahụ Elu Ala, ma ọ kpọrọ mmiri ahụ sọkọtara ọnụ Oké Osimiri. Chineke hụkwara na ọ dị mma.\nChineke wee sị: “Ka ala pupụta ahịhịa, ahịhịa ndụ ndị na-amị mkpụrụ, osisi ndị na-amị mkpụrụ, bụ́ ndị mkpụrụ ha dị n’ime ha, n’ụdị ha dị iche iche, n’elu ụwa.” O wee dị otú ahụ.\nAla wee malite ipupụta ahịhịa, ahịhịa ndụ nke na-amị mkpụrụ n’ụdị ya dị iche iche nakwa osisi ndị na-amị mkpụrụ nke mkpụrụ ya dị n’ime ya, n’ụdị ya dị iche iche. Chineke wee hụ na ọ dị mma.\nE wee nwee mgbede, nweekwa ụtụtụ, ya abụrụ ụbọchị nke atọ.\nChineke wee sị: “Ka e nwee ihe ndị na-enye ìhè na mbara eluigwe iji kpaa ókè n’agbata ehihie na abalị; ha ga-abụ ihe ịrịba ama na ihe e ji agụ oge na ụbọchị na afọ.\nHa ga-abụkwa ihe na-enye ìhè bụ́ ndị ga-adị na mbara eluigwe iji na-enye ìhè n’elu ụwa.” O wee dị otú ahụ.\nChineke wee mee nnukwute ihe abụọ na-enye ìhè, o mere ihe ka ukwuu nke na-enye ìhè ka ọ na-achị ehihie, meekwa ihe ka nta nke na-enye ìhè ka ọ na-achị abalị, o mekwara kpakpando dị iche iche.\nChineke wee debe ha na mbara eluigwe ka ha na-enye ìhè n’elu ụwa,\nnakwa ka ha na-achị ehihie na abalị nakwa ka ha na-akpa ókè n’agbata ìhè na ọchịchịrị. Chineke wee hụ na ọ dị mma.\nE wee nwee mgbede, nweekwa ụtụtụ, ya abụrụ ụbọchị nke anọ.\nChineke wee sị: “Ka mmiri nupụta ìgwè mkpụrụ obi dị ndụ, ka anụ ufe na-efegharịkwa n’elu ụwa n’ihu mbara eluigwe.”\nChineke wee kee nnukwute anụ mmiri na mkpụrụ obi ọ bụla dị ndụ nke na-agagharị agagharị, bụ́ ndị mmiri nupụtara n’ụdị ha dị iche iche, nakwa anụ ufe ọ bụla nwere nku n’ụdị ya dị iche iche. Chineke wee hụ na ọ dị mma.\nChineke wee gọzie ha, sị: “Mụọnụ ọmụmụ, baanụ ụba ma jupụtanụ mmiri dị n’oké osimiri, ka anụ ufe baakwa ụba n’ụwa.”\nE wee nwee mgbede, nweekwa ụtụtụ, ya abụrụ ụbọchị nke ise.\nChineke wee sị: “Ka ala wepụta mkpụrụ obi dị ndụ n’ụdị ha dị iche iche, anụ ụlọ na anụ ndị ọzọ na-agagharị agagharị na anụ ọhịa nke ụwa n’ụdị ya dị iche iche.” O wee dị otú ahụ.\nChineke wee mee anụ ọhịa nke ụwa n’ụdị ya dị iche iche nakwa anụ ụlọ n’ụdị ya dị iche iche nakwa anụ ọ bụla ọzọ na-agagharị agagharị nke ala n’ụdị ya dị iche iche. Chineke wee hụ na ọ dị mma.\nChineke wee sị: “Ka anyị mee mmadụ n’onyinyo anyị, dị ka oyiyi anyị si dị, ka azụ̀ ndị dị n’oké osimiri na anụ ufe nke eluigwe na anụ ụlọ nakwa ụwa dum na anụ ọ bụla ọzọ nke na-agagharị agagharị, bụ́ nke na-agagharị n’elu ala, nọrọ n’okpuru ya.”\nChineke wee kee mmadụ n’onyinyo ya, ọ bụ n’onyinyo Chineke ka o kere ya; nwoke na nwaanyị ka o kere ha.\nChineke gọzikwara ha, Chineke wee sị ha: “Mụọnụ ọmụmụ, baanụ ụba ma jupụta ụwa, meekwanụ ka ọ dịrị n’okpuru unu, ka azụ̀ ndị dị n’oké osimiri na anụ ufe nke eluigwe na ihe ọ bụla e kere eke dị ndụ nke na-agagharị n’elu ala nọrọkwa n’okpuru unu.”\nChineke wee sị: “Lee, enyewo m unu ahịhịa ndụ niile na-amị mkpụrụ bụ́ ndị dị n’elu ala dum nakwa osisi ọ bụla nke na-amị mkpụrụ a na-akụ akụ. Ka ọ bụrụ ihe oriri unu.\nAnụ ọhịa ọ bụla nke ụwa nakwa anụ ufe ọ bụla nke eluigwe na ihe ọ bụla na-agagharị n’elu ala nke dị ndụ dị ka mkpụrụ obi ka m nyeworo akwụkwọ ndụ niile ka ọ bụrụ ihe oriri ha.” O wee dị otú ahụ.\nE mesịa, Chineke hụrụ ihe niile o mere, ma, lee! ha dị nnọọ mma. E wee nwee mgbede, nweekwa ụtụtụ, ya abụrụ ụbọchị nke isii."
      },
      {
        "title": "Jenesis 2",
        "content": "E wee kechaa eluigwe na ụwa na ihe niile dị n’ime ha.\nKa ọ na-eru n’ụbọchị nke asaa, Chineke rụchara ọrụ ya nke ọ nọ na-arụ, o wee zuwe ike n’ụbọchị nke asaa n’ọrụ ya niile nke ọ rụrụ.\nChineke wee gọzie ụbọchị nke asaa ma mee ka ọ dị nsọ, n’ihi na ọ bụ n’ụbọchị ahụ ka Chineke nọworo na-ezu ike n’ọrụ ya dum nke ike ihe bụ́ nke ọ rụrụ dị ka o zubere.\nNke a bụ akụkọ banyere eluigwe na ụwa n’oge e kere ha, n’ụbọchị Jehova bụ́ Chineke mere ụwa na eluigwe.\nOsisi ndị dị n’ọhịa adịbeghị n’ụwa, ahịhịa ndụ nke ala amalitebeghịkwa ipulite, n’ihi na Jehova bụ́ Chineke emebeghị ka mmiri zoo n’elu ala, ọ dịghịkwa mmadụ ọ bụla ga na-akọ ihe n’ala.\nMa alụlụụ na-esi n’ụwa akwụgo, ọ na-edekwa elu ala dum mmiri.\nJehova bụ́ Chineke wee jiri ájá si n’ala kpụọ mmadụ ma kunye ume ndụ n’oghere imi ya, mmadụ ahụ wee ghọọ mkpụrụ obi dị ndụ.\nJehova bụ́ Chineke kụkwara ubi n’Iden, n’ebe ọwụwa anyanwụ, ọ bụ n’ebe ahụ ka o mere ka mmadụ ahụ ọ kpụrụ nọrọ.\nJehova bụ́ Chineke wee mee ka osisi ọ bụla nke dị mma ile anya, nke dịkwa mma oriri, pupụta n’ala, o mekwara ka osisi nke ndụ pupụta n’etiti ubi ahụ, tinyere osisi ịma ihe ọma na ihe ọjọọ.\nE nwere osimiri si n’Iden na-asọpụta iji na-ede ubi ahụ mmiri, ọ malitekwara ikewa n’ebe ahụ, o wee ghọọ isi mmiri anọ, dị ka a pụrụ ikwu ya.\nAha nke mbụ bụ Paịshọn; ọ bụ ya gbara ala Havila dum gburugburu, bụ́ ebe e nwere ọlaedo.\nỌlaedo nke dị n’ala ahụ dị mma. N’ebe ahụ ka e nwekwara esó deliọm nakwa nkume ọnịks.\nAha osimiri nke abụọ bụ Gaịhọn; ọ bụ ya gbara ala Kush dum gburugburu.\nAha osimiri nke atọ bụ Hidekel; ọ bụ ya na-asọga n’ebe ọwụwa anyanwụ Asiria. Osimiri nke anọ bụ Yufretis.\nJehova bụ́ Chineke wee kpọrọ mmadụ ahụ mee ka o biri n’ogige Iden ka ọ na-akọ ihe na ya ma na-elekọta ya.\nJehova bụ́ Chineke nyekwara mmadụ ahụ iwu, sị: “I nwere ike iri mkpụrụ nke osisi ọ bụla dị n’ubi a rijuo afọ.\nMa erila mkpụrụ si n’osisi ịma ihe ọma na ihe ọjọọ, n’ihi na n’ụbọchị i riri mkpụrụ si na ya, ị ga-anwụrịrị.”\nJehova bụ́ Chineke wee sị: “Ọ dịghị mma ka mmadụ ahụ nọgide naanị ya. M gaje imere ya onye inyeaka, ka ọ bụrụ onye ga-eme ka o zuo ezu.”\nJehova bụ́ Chineke jikwa ájá kpụọ anụ ọhịa ọ bụla na anụ ufe ọ bụla nke eluigwe, o wee malite ime ka ha na-abịakwute mmadụ ahụ ka ọ mara ihe ọ ga-agụ nke ọ bụla; ihe ọ bụla mmadụ ahụ gụrụ mkpụrụ obi ọ bụla dị ndụ, ya abụrụ aha ya.\nMmadụ ahụ wee na-agụ anụ ụlọ niile na anụ ufe nke eluigwe na anụ ọhịa ọ bụla aha, ma mmadụ ahụ enweghị onye inyeaka nke ga-eme ka o zuo ezu.\nN’ihi ya, Jehova bụ́ Chineke mere ka oké ụra buru mmadụ ahụ, ka ọ nọ na-ehi ụra, o wepụtara otu n’ime ọgịrịga ya ma mechie ebe ahụ o si wepụta ya.\nJehova bụ́ Chineke wee kpụọ ọgịrịga ahụ o wepụtara n’ahụ́ nwoke ahụ ka ọ bụrụ nwaanyị ma kpọrọ ya kpọtara nwoke ahụ.\nNwoke ahụ wee sị:\nỌ bụ ya mere nwoke ga-eji hapụ nna ya na nne ya wee rapara n’ahụ́ nwunye ya, ha ga-aghọkwa otu anụ ahụ́.\nHa abụọ wee na-agba ọtọ, nwoke ahụ na nwunye ya, ma ihere adịghị eme ha."
      },
      {
        "title": "Jenesis 3",
        "content": "Agwọ kasị dị akọ n’ime anụ ọhịa niile Jehova bụ́ Chineke kere. O wee malite ịgwa nwaanyị ahụ, sị: “Ọ̀ bụ eziokwu na Chineke sịrị unu erila mkpụrụ si n’osisi ọ bụla dị n’ubi a?”\nNwaanyị ahụ wee sị agwọ ahụ: “Anyị nwere ike iri mkpụrụ si n’osisi ndị dị n’ubi a.\nMa, a bịa n’iri mkpụrụ si n’osisi dị n’etiti ubi a, Chineke sịrị: ‘Unu erila mkpụrụ si na ya, ee e, unu emetụla ya aka ka unu ghara ịnwụ.’”\nAgwọ ahụ wee sị nwaanyị ahụ: “Unu agaghị anwụ ma ọlị.\nN’ihi na Chineke maara na n’ụbọchị unu riri mkpụrụ si na ya, anya unu ga-emeghe, unu ga-adịkwa ka Chineke, mara ihe ọma na ihe ọjọọ.”\nNwaanyị ahụ wee hụ na mkpụrụ osisi ahụ dị mma oriri nakwa na ọ na-agụsi anya agụụ ike, ee, osisi ahụ mara mma ile anya. O wee ghọrọ mkpụrụ ya rie. E mesịa, o nyetụrụ di ya mgbe ya na ya nọ, o wee rie.\nAnya ha abụọ wee meghee, ha wee malite ịmata na ha gba ọtọ. Ya mere, ha dụkọtara akwụkwọ osisi fig wee meere onwe ha ihe ha ga-eji kpuchie úkwù.\nE mesịa, ha nụrụ olu Jehova bụ́ Chineke ka ọ na-agagharị n’ubi ahụ n’ihe dị ka n’oge ifufe na-efe n’ụbọchị, nwoke ahụ na nwunye ya wee si n’ihu Jehova bụ́ Chineke gaa zoo n’agbata osisi ndị dị n’ubi ahụ.\nJehova bụ́ Chineke wee na-akpọ nwoke ahụ, na-asị ya: “Olee ebe ị nọ?”\nN’ikpeazụ, ọ sịrị: “Anụrụ m olu gị n’ubi a, ma atụrụ m egwu n’ihi na m gba ọtọ, m wee gaa zoo.”\nO wee sị: “Ònye gwara gị na ị gba ọtọ? Ì riwo mkpụrụ si n’osisi ahụ m nyere gị iwu ka ị ghara iri?”\nNwoke ahụ wee sị: “Nwaanyị ahụ i nyere m ka mụ na ya biri, ọ bụ ya nyere m mkpụrụ si n’osisi ahụ, m wee rie.”\nJehova bụ́ Chineke wee sị nwaanyị ahụ: “Gịnị bụ ihe a i mere?” Nwaanyị ahụ wee zaa, sị: “Ọ bụ agwọ duhiere m, m wee rie ya.”\nJehova bụ́ Chineke wee sị agwọ ahụ: “Ebe ọ bụ na i mewo ihe a, ihe a bụrụ ọnụ ka ị bụ n’ime anụ ụlọ niile nakwa n’ime anụ ọhịa niile. Afọ gị ka ị ga-eji na-agagharị, ọ bụkwa ájá ka ị ga na-eri ụbọchị niile nke ndụ gị.\nM ga-emekwa ka iro dịrị n’etiti gị na nwaanyị ahụ nakwa n’etiti mkpụrụ gị na mkpụrụ ya. Ọ ga-egwepịa gị isi, ị ga-emerụkwa ya ahụ́ n’ikiri ụkwụ.”\nỌ sịrị nwaanyị ahụ: “M ga-eme ka ihe mgbu nke afọ ime gị mụbaa nke ukwuu; ime ga-eme gị mgbe ị ga-amụ ụmụ, ị ga na-enwe agụụ maka di gị, ọ ga-achịkwa gị.”\nỌ sịkwara Adam: “Ebe ọ bụ na i gere ntị n’olu nwunye gị wee rie mkpụrụ si n’osisi ahụ nke m nyere gị iwu a banyere ya, sị, ‘Erila mkpụrụ si na ya,’ ihe a bụrụ ọnụ ka ala bụ n’ihi gị. N’ụbọchị niile nke ndụ gị, ị ga-enwe ihe mgbu tupu gị erie ihe ọ na-emepụta.\nOgwu na uke ka ọ ga-epuru gị, ị ga-erikwa ihe a kụrụ n’ala.\nỌsụsọ ga-agba gị n’ihu tupu gị erie ihe oriri ruo mgbe ị laghachiri n’ala, n’ihi na e si na ya wepụta gị. N’ihi na ájá ka ị bụ, ọ bụkwa n’ájá ka ị ga-alaghachi.”\nE mesịa, Adam gụrụ nwunye ya Iv, n’ihi na ọ ga-aghọ nne nke onye ọ bụla dị ndụ.\nJehova bụ́ Chineke wee meere Adam na nwunye ya uwe akpụkpọ anụ gbadara agbada ka ha yiri.\nJehova bụ́ Chineke wee sị: “Lee, mmadụ ahụ adịwo ka otu n’ime anyị n’ịma ihe ọma na ihe ọjọọ, ugbu a, ka o wee ghara isetịpụ aka ya ghọrọ mkpụrụ n’osisi nke ndụ rie wee dịrị ndụ ruo mgbe ebighị ebi,—”\nJehova bụ́ Chineke wee chụpụ ya n’ogige Iden ahụ ka ọ gaa na-akọ ihe n’ala nke e si na ya wepụta ya.\nYa mere, ọ chụpụrụ mmadụ ahụ ma mee ka ndị cherọb nọrọ n’ebe ọwụwa anyanwụ nke ogige Iden, debekwa mma agha nke ihu ya na-egbukepụ ọkụ, nke nọ na-echigharị onwe ya iji na-eche ụzọ e si abanye n’ebe osisi nke ndụ ahụ dị nche."
      },
      {
        "title": "Jenesis 4",
        "content": "Adam na nwunye ya bụ́ Iv wee nwee mmekọahụ, o wee tụrụ ime. Ka oge na-aga, ọ mụrụ Ken wee sị: “Amụtawo m nwoke site n’enyemaka Jehova.”\nE mesịa, ọ mụrụ nwa ọzọ, bụ́ nwanne ya Ebel.\nO wee ruo mgbe oge ụfọdụ gasịrị na Ken wetaara Jehova ụfọdụ n’ime ihe ala mepụtara dị ka onyinye.\nMa Ebel wetakwara ụfọdụ n’ime anụ e bu ụzọ mụọ n’ìgwè ewu na atụrụ ya, ọbụna abụba ha. Ọ bụ ezie na Jehova lere Ebel na onyinye ya anya ọma,\no leghị Ken na onyinye ya anya ọma ma ọlị. Ken wee wee iwe dị ọkụ, ihu ya malitekwara ịgbarụ.\nJehova wee sị Ken: “Gịnị mere i ji na-ewe iwe dị ọkụ, gịnịkwa mere ihu gị ji gbarụọ?\nỌ bụrụ na ị gbanwee mewe ezi ihe, ọ̀ bụ na a gaghị ebuli gị elu? Ma ọ bụrụ na ị gbanweghị mewe ezi ihe, lee, mmehie makpu n’ọnụ ụzọ, ọ bụkwa gị ka ọ na-achọsi ike inweta; ma gị onwe gị, ị̀ ga-emeri ya?”\nMgbe nke ahụ gasịrị, Ken gwara Ebel nwanne ya, sị: “Ka anyị gaa n’ọhịa.” O wee ruo na ka ha nọ n’ọhịa, Ken wakporo Ebel nwanne ya wee gbuo ya.\nE mesịa, Jehova sịrị Ken: “Olee ebe Ebel nwanne gị nọ?” o wee sị: “Amaghị m. Àbụ m onye nche nwanne m?”\nO wee sị: “Gịnị ka i mere? Gee ntị! Ọbara nwanne gị si n’ala na-etiku m.\nUgbu a, ị bụ onye a bụrụ ọnụ na onye a chụpụrụ achụpụ n’ala, bụ́ nke meghere ọnụ ya ịnara ọbara nwanne gị n’aka gị.\nỌ bụrụ na ị kọọ ihe n’ala, ọ gaghị emepụtara gị ihe nke ọma. Onye na-awagharị awagharị na onye gbara ọsọ ka ị ga-aghọ n’ụwa.”\nKen wee sị Jehova: “Ntaramahụhụ maka njehie m dị ukwuu nke na agaghị m ebuli ya.\nLee, ị na-achụpụ m taa n’elu ala, a ga-ezopụkwa m n’ihu gị; m ga-aghọkwa onye na-awagharị awagharị na onye gbara ọsọ n’ụwa, o dokwara anya na onye ọ bụla hụrụ m ga-egbu m.”\nJehova wee sị ya: “N’ihi nke ahụ, a ghaghị ịbọ ọbọ okpukpu asaa n’ahụ́ onye ọ bụla gburu Ken.”\nKen wee si n’ihu Jehova pụọ wee gaa biri n’ala Ndị Gbara Ọsọ n’ebe ọwụwa anyanwụ nke Iden.\nE mesịa, Ken na nwunye ya nwere mmekọahụ, o wee tụrụ ime mụọ Inọk. O wee wuo otu obodo ma gụọ obodo ahụ aha nwa ya bụ́ Inọk.\nE mesịa, a mụụrụ Inọk Aịrad. Aịrad wee mụọ Mehujel, Mehujel wee mụọ Metushel, Metushel wee mụọ Lemek.\nLemek wee lụọ nwaanyị abụọ. Aha nke mbụ bụ Eda, aha nke abụọ abụrụ Zila.\nKa oge na-aga, Eda mụrụ Jebal. Ọ bụ ya bụ nna nke ndị na-ebi n’ụlọikwuu, ndị nwekwara anụ ụlọ.\nAha nwanne ya nwoke bụ Jubal. Ọ bụ ya bụ nna nke ndị niile na-akpọ ụbọ akwara, na-egbukwa ọjà.\nMa Zila mụrụ Tubal-ken, onye na-eji ọla kọpa na ígwè akpụ ụdị ngwá ọrụ ọ bụla. Nwanne nwaanyị Tubal-ken bụ Neama.\nYa mere, Lemek rọọrọ ndị inyom ya bụ́ Eda na Zila abụ uri a, sị:\nỌ bụrụ na a ga-abọrọ Ken ọbọ okpukpu asaa,\nAdam na nwunye ya wee nwee mmekọahụ ọzọ, nwunye ya wee mụọ nwa nwoke ma gụọ ya Set, n’ihi na, dị ka o kwuru: “Chineke ahọpụtaworo m mkpụrụ ọzọ n’ọnọdụ Ebel, n’ihi na Ken gburu ya.”\nA mụkwaara Set nwa nwoke, o wee gụọ ya Inọsh. N’oge ahụ, a malitere ịkpọku aha Jehova."
      },
      {
        "title": "Jenesis 5",
        "content": "Nke a bụ akwụkwọ nke kọrọ akụkọ Adam. N’ụbọchị Chineke kere Adam, o mere ya n’oyiyi Chineke.\nNwoke na nwaanyị ka o kere ha. E mesịa, ọ gọziri ha ma kpọọ ha Mmadụ n’ụbọchị e kere ha.\nAdam dịrị ndụ otu narị afọ na iri atọ. O wee mụọ nwa nwoke n’oyiyi ya, n’onyinyo ya, ma gụọ ya Set.\nỤbọchị Adam dịrị ndụ, mgbe ọ mụsịrị Set, dị narị afọ asatọ. N’ime oge ahụ, ọ mụrụ ụmụ ndị ikom na ụmụ ndị inyom.\nỤbọchị niile Adam dịrị ndụ wee bụrụ narị afọ itoolu na iri atọ, o wee nwụọ.\nSet dịrị ndụ otu narị afọ na ise. O wee mụọ Inọsh.\nMgbe Set mụsịrị Inọsh, ọ dịrị ndụ ruo narị afọ asatọ na asaa. N’ime oge ahụ, ọ mụrụ ụmụ ndị ikom na ụmụ ndị inyom.\nỤbọchị niile Set dịrị ndụ wee bụrụ narị afọ itoolu na iri na abụọ, o wee nwụọ.\nInọsh dịrị ndụ afọ iri itoolu. O wee mụọ Kinan.\nMgbe Inọsh mụsịrị Kinan, ọ dịrị ndụ narị afọ asatọ na iri na ise. N’ime oge ahụ, ọ mụrụ ụmụ ndị ikom na ụmụ ndị inyom.\nỤbọchị niile Inọsh dịrị ndụ wee bụrụ narị afọ itoolu na ise, o wee nwụọ.\nKinan dịrị ndụ afọ iri asaa. O wee mụọ Mahalalel.\nMgbe Kinan mụsịrị Mahalalel, ọ dịrị ndụ narị afọ asatọ na iri anọ. N’ime oge ahụ, ọ mụrụ ụmụ ndị ikom na ụmụ ndị inyom.\nỤbọchị niile Kinan dịrị ndụ wee bụrụ narị afọ itoolu na iri, o wee nwụọ.\nMahalalel dịrị ndụ ruo afọ iri isii na ise. O wee mụọ Jered.\nMgbe Mahalalel mụsịrị Jered, ọ dịrị ndụ narị afọ asatọ na iri atọ. N’ime oge ahụ, ọ mụrụ ụmụ ndị ikom na ụmụ ndị inyom.\nỤbọchị niile Mahalalel dịrị ndụ wee bụrụ narị afọ asatọ na iri itoolu na ise, o wee nwụọ.\nJered dịrị ndụ otu narị afọ na iri isii na abụọ. O wee mụọ Inọk.\nMgbe Jered mụsịrị Inọk, ọ dịrị ndụ narị afọ asatọ. N’ime oge ahụ, ọ mụrụ ụmụ ndị ikom na ụmụ ndị inyom.\nỤbọchị niile Jered dịrị ndụ wee bụrụ narị afọ itoolu na iri isii na abụọ, o wee nwụọ.\nInọk dịrị ndụ afọ iri isii na ise. O wee mụọ Metusela.\nMgbe Inọk mụsịrị Metusela, o soro ezi Chineke na-eje ije ruo narị afọ atọ. N’ime oge ahụ, ọ mụrụ ụmụ ndị ikom na ụmụ ndị inyom.\nỤbọchị niile Inọk dịrị ndụ wee bụrụ narị afọ atọ na iri isii na ise.\nInọk wee soro ezi Chineke na-eje ije. Ma ọ nọkwaghị, n’ihi na Chineke kpọpụrụ ya.\nMetusela dịrị ndụ otu narị afọ na iri asatọ na asaa. O wee mụọ Lemek.\nMgbe Metusela mụsịrị Lemek, ọ dịrị ndụ narị afọ asaa na iri asatọ na abụọ. N’ime oge ahụ, ọ mụrụ ụmụ ndị ikom na ụmụ ndị inyom.\nỤbọchị niile Metusela dịrị ndụ wee bụrụ narị afọ itoolu na iri isii na itoolu, o wee nwụọ.\nLemek dịrị ndụ otu narị afọ na iri asatọ na abụọ. O wee mụọ nwa nwoke.\nO wee gụọ ya Noa, sị: “Onye a ga-ewetara anyị nkasi obi n’ọrụ anyị nakwa ná ndọgbu anyị na-adọgbu onwe anyị n’ọrụ n’ihi ọnụ Jehova bụrụ ala.”\nMgbe Lemek mụsịrị Noa, ọ dịrị ndụ narị afọ ise na iri itoolu na ise. N’ime oge ahụ, ọ mụrụ ụmụ ndị ikom na ụmụ ndị inyom.\nỤbọchị niile Lemek dịrị ndụ wee bụrụ narị afọ asaa na iri asaa na asaa, o wee nwụọ.\nNoa gbara narị afọ ise. E mesịa, Noa mụrụ Shem, Ham na Jefet."
      },
      {
        "title": "Jenesis 6",
        "content": "O wee ruo na mgbe ndị mmadụ malitere ịmụba n’elu ala, a mụọkwara ha ụmụ ndị inyom,\nmgbe ahụ, ụmụ ndị ikom nke ezi Chineke malitere ịhụ ụmụ ndị inyom nke mmadụ, na ha mara mma; ha wee na-alụrụ ndị inyom, bụ́ ndị niile ha họọrọ.\nE mesịa, Jehova sịrị: “Mmụọ m agaghị enwere mmadụ ndidi ruo mgbe a na-akaghị aka n’ihi na ya onwe ya bụ anụ ahụ́. N’ihi ya, ụbọchị ya ga-adị otu narị afọ na iri abụọ.”\nNdị Nefilim nọ n’ụwa n’oge ahụ, nakwa mgbe ọ gasịrị, mgbe ụmụ ndị ikom nke ezi Chineke na ụmụ ndị inyom nke mmadụ nọ na-enwe mmekọahụ, ha wee mụọrọ ha ụmụ ndị ikom, ha bụ ndị dike, ndị biri n’oge gboo, ndị ikom a ma ama.\nN’ihi ya, Jehova hụrụ na ihe ọjọọ nke mmadụ dị ukwuu n’ụwa nakwa na ihe niile obi ya na-eche mgbe niile bụ naanị ihe ọjọọ.\nJehova wee nwee mwute na o mere mmadụ n’ụwa, o wee wute ya n’obi.\nJehova wee sị: “M gaje ikpochapụ ndị mmadụ n’elu ala, bụ́ ndị m kere, malite na mmadụ ruo n’anụ ụlọ, ruo n’anụ ndị ọzọ na-agagharị agagharị, ruokwa n’anụ ufe nke eluigwe, n’ihi na ọ na-ewute m na m kere ha.”\nMa ihe Noa masịrị Jehova.\nNke a bụ akụkọ banyere Noa.\nKa oge na-aga, Noa mụrụ ụmụ ndị ikom atọ, Shem, Ham na Jefet.\nỤwa wee bụrụ ihe e bibiri ebibi n’anya ezi Chineke, ụwa wee jupụta n’ime ihe ike.\nChineke wee hụ ụwa, ma, lee! e bibiri ya ebibi, n’ihi na anụ ahụ́ niile ebibiwo ụzọ ha n’elu ụwa.\nE mesịa, Chineke sịrị Noa: “Ahụla m na ọgwụgwụ nke anụ ahụ́ niile eruwo, n’ihi na ụwa jupụtara n’ime ihe ike n’ihi ha; lee, m na-ebibikọta ha na ụwa.\nJiri osisi gofa rụọrọ onwe gị ụgbọ. Ị ga-arụnye nkebi dị iche iche n’ụgbọ ahụ, ị ga-ejikwa korota techie ya ime na azụ.\nỌ bụkwa otú a ka ị ga-esi rụọ ya: ụgbọ ahụ ga-adị narị kubit atọ n’ogologo, kubit iri ise n’obosara, nakwa kubit iri atọ n’ịdị elu.\nỊ ga-arụnye oghere ìhè ga-esi na-abata [ma ọ bụ, windo] n’ụgbọ ahụ, ị ga-arụcha akụkụ ya ka ọ fọdụ otu kubit ka o ruo n’elu ya, ị ga-arụnyekwa ọnụ ụzọ ụgbọ ahụ n’akụkụ ya; ị ga-arụkwa ya ka ọ dị okpukpu okpukpu, otu n’ala, otu n’etiti, otu n’elu.\n“Ma mụ onwe m, lee, m ga-eweta iju mmiri n’elu ụwa iji bibie anụ ahụ́ niile ike ndụ na-arụ ọrụ n’ime ha n’okpuru eluigwe. Ihe ọ bụla dị n’ụwa ga-ekubi ume.\nM na-eme ka ọgbụgba ndụ m dịrị n’etiti mụ na gị; ị ga-abanyekwa n’ụgbọ ahụ, gị na ụmụ gị na nwunye gị na ndị nwunye ụmụ gị.\nỊ ga-achịbata ụdị anụ ahụ́ ọ bụla e kere eke dị ndụ abụọ abụọ n’ime ụgbọ ahụ iji chebe ha ndụ. Ha ga-abụ oké na nne.\nAbụọ abụọ n’ime anụ ufe n’ụdị ha dị iche iche nakwa n’ime anụ ụlọ n’ụdị ha dị iche iche, nakwa n’ime anụ ndị ọzọ na-agagharị agagharị n’ala n’ụdị ha dị iche iche, ga-abakwuru gị n’ebe ahụ iji chebe ha ndụ.\nMa gị onwe gị, were ụdị ihe oriri ọ bụla a na-eri eri; chịkọtara ya onwe gị, ọ ga-abụkwara gị na ha ihe oriri.”\nNoa wee mee dị ka ihe niile Chineke nyere ya n’iwu si dị. O mere nnọọ otú ahụ."
      },
      {
        "title": "Jenesis 7",
        "content": "E mesịa, Jehova sịrị Noa: “Banye n’ụgbọ ahụ, gị na ezinụlọ gị dum, n’ihi na ọ bụ gị ka m hụrụ bụ onye ezi omume n’ihu m n’etiti ọgbọ a.\nChịrị asaa asaa n’ime anụ ọ bụla dị ọcha, oké na nne; chịrịkwa naanị abụọ abụọ n’ime anụ ọhịa ọ bụla na-adịghị ọcha, oké na nne;\nnakwa anụ ufe nke eluigwe, asaa asaa, oké na nne, iji chebe ụmụ ha ndụ n’elu ụwa dum.\nN’ihi na ọ fọrọ naanị ụbọchị asaa ka m mee ka mmiri zoo n’elu ụwa ruo ụbọchị iri anọ, ehihie na abalị; m ga-ekpochapụkwa ihe ọ bụla dị ndụ m kere n’elu ala.”\nNoa wee mee ihe niile Jehova nyere ya n’iwu.\nNoa dị narị afọ isii mgbe e nwere iju mmiri ahụ n’elu ụwa.\nNoa na ụmụ ya na nwunye ya na ndị nwunye ụmụ ya wee banye n’ụgbọ ahụ tupu iju mmiri ahụ amalite.\nN’ime anụ ọ bụla dị ọcha na anụ ọ bụla na-adịghị ọcha na anụ ufe na ihe ọ bụla ọzọ na-agagharị agagharị n’ala,\nụmụ anụmanụ gaara abụọ abụọ, oké na nne, bakwuru Noa n’ime ụgbọ ahụ dị nnọọ ka Chineke nyere Noa n’iwu.\nMgbe ụbọchị asaa gasịrị, mmiri nke iju mmiri ahụ zoro n’elu ụwa.\nNa narị afọ nke isii ná ndụ Noa, n’ọnwa nke abụọ, n’abalị iri na asaa n’ọnwa ahụ, n’ụbọchị ahụ, a gbaghere isi iyi niile nke nnukwu ogbu mmiri, e meghekwara ọnụ ụzọ mmiri nke eluigwe.\nOké mmiri ozuzo wee zoo n’elu ụwa ruo ụbọchị iri anọ, ehihie na abalị.\nN’ụbọchị ahụ, Noa banyere n’ụgbọ ahụ, ya na Shem na Ham na Jefet, bụ́ ụmụ Noa, na nwunye Noa na ndị nwunye ụmụ ya atọ;\nha na anụ ọhịa ọ bụla n’ụdị ya dị iche iche, na anụ ụlọ ọ bụla n’ụdị ya dị iche iche, na anụ ọ bụla ọzọ na-agagharị agagharị n’elu ala n’ụdị dị iche iche, na anụ ufe ọ bụla n’ụdị dị iche iche, nnụnụ ọ bụla, ihe ọ bụla e kere eke nke nwere nku.\nHa wee na-agakwuru Noa n’ime ụgbọ ahụ, abụọ abụọ, n’ime ụdị anụ ahụ́ ọ bụla nke ike ndụ na-arụ ọrụ n’ime ya.\nNdị na-abanye abanye wee banye, oké na nne, n’ime ụdị anụ ahụ́ ọ bụla dị nnọọ ka Chineke nyere ya n’iwu. E mesịa, Jehova mechiri ụzọ mgbe ọ banyere.\nMmiri nke iju mmiri ahụ zogidere n’elu ụwa ruo ụbọchị iri anọ, mmiri ahụ nọkwa na-eto wee malite ibu ụgbọ ahụ, ọ nọkwa na-ese n’elu mmiri n’ụwa.\nMmiri ahụ wee dị ukwuu, na-etokwa n’elu ụwa, ma ụgbọ ahụ nọ na-ese n’elu mmiri ahụ.\nMmiri ahụ wee kpuchie ụwa nke na o tochiri ugwu niile dị elu bụ́ ndị dị n’okpuru eluigwe dum.\nMmiri ahụ ji kubit iri na ise kpuchie ha, o wee tochie ugwu niile.\nAnụ ahụ́ niile nke na-agagharị n’elu ụwa wee kubie ume, ma anụ ufe ma anụ ụlọ ma anụ ọhịa ma ihe niile na-enupụta n’ìgwè bụ́ ndị na-enupụta n’elu ụwa, tinyere ihe niile a kpọrọ mmadụ.\nIhe ọ bụla ume nke ike ndụ dị n’oghere imi ya, ya bụ, ihe niile dị n’ala akọrọ, nwụrụ.\nO wee si otú a kpochapụ ihe ọ bụla dị ndụ n’elu ala, malite na mmadụ ruo n’anụmanụ, ruo n’anụ na-agagharị agagharị, ruokwa n’anụ ufe nke eluigwe, e kpochapụrụ ha n’ụwa; ọ bụ naanị Noa na ndị ya na ha nọ n’ụgbọ lanahụrụ.\nMmiri ahụ wee kpuchie ụwa ruo otu narị ụbọchị na iri ise."
      },
      {
        "title": "Jenesis 8",
        "content": "Mgbe nke ahụ gasịrị, Chineke chetara Noa na anụ ọhịa ọ bụla na anụ ụlọ ọ bụla ya na ha nọ n’ụgbọ ahụ, Chineke wee mee ka ifufe fee n’elu ụwa, mmiri ahụ wee malite ịta.\nIsi iyi nke ogbu mmiri na ọnụ ụzọ mmiri nke eluigwe wee kpọchie, e wee mee ka oké mmiri ozuzo ahụ nke si n’eluigwe kwụsị.\nMmiri ahụ wee malite ịta n’ụwa, o wee jiri nwayọọ nwayọọ na-atalata; mgbe otu narị ụbọchị na iri ise gasịrị, mmiri ahụ talatara.\nN’ọnwa nke asaa, n’abalị iri na asaa n’ọnwa ahụ, ụgbọ ahụ kwụsịrị n’ugwu Ararat.\nMmiri ahụ wee jiri nwayọọ nwayọọ na-atalata ruo n’ọnwa nke iri. N’ọnwa nke iri, n’abalị mbụ n’ọnwa ahụ, a hụrụ elu ugwu dị iche iche.\nO wee ruo na mgbe ụbọchị iri anọ gasịrị, Noa meghere windo nke ụgbọ ahụ ọ rụrụ.\nE mesịa, o zipụrụ otu ugoloọma, o wee na-efegharị n’èzí, ya fere pụọ, ya efebata, ruo mgbe mmiri ahụ tara n’elu ụwa.\nMgbe e mesịrị, o si n’ebe ọ nọ zipụ otu nduru iji mata ma mmiri ahụ ọ taala n’elu ala.\nMa nduru ahụ ahụghị ebe ọ bụla ọ ga-ebere, ya mere ọ lọghachikwutere ya n’ụgbọ ahụ n’ihi na mmiri ka dị n’elu ụwa dum. O wee wepụta aka ya nwụrụ ya nwụbata n’ime ụgbọ ahụ ọ nọ.\nO wee chere ruo ụbọchị asaa ọzọ, o wee si n’ụgbọ ahụ zipụ nduru ahụ ọzọ.\nE mesịa, nduru ahụ lọghachikwutere ya n’ihe dị ka n’oge mgbede, ma, lee! ọ kpụ akwụkwọ oliv ọ tụbitara ọhụrụ n’ọnụ ya, Noa wee mara na mmiri ahụ ataala n’elu ụwa.\nO wee chere ruo ụbọchị asaa ọzọ. Mgbe ahụ, o zipụrụ nduru ahụ, ma ọ lọghachikwuteghị ya ọzọ.\nO wee ruo na narị afọ nke isii na otu, n’ọnwa nke mbụ, n’abalị mbụ n’ọnwa ahụ, na mmiri ahụ tara n’elu ụwa; Noa wee wepụ ihe e ji kpuchie ụgbọ ahụ wee lepụ anya, ma, lee, elu ala agbakọọla.\nN’ọnwa nke abụọ, n’abalị iri abụọ na asaa n’ọnwa ahụ, elu ụwa akọọla.\nChineke wee gwa Noa, sị:\n“Si n’ụgbọ ahụ pụta, gị na nwunye gị na ụmụ gị na ndị nwunye ụmụ gị.\nMee ka ihe ọ bụla e kere eke nke dị ndụ n’ime ụdị anụ ahụ́ ọ bụla gị na ya nọ pụta, ma anụ ufe ma anụ ụlọ ma anụ niile ọzọ na-agagharị agagharị bụ́ ndị na-agagharị n’elu ụwa, ka ha wee na-enugharị n’ụwa wee mụọ ọmụmụ, baakwa ụba n’elu ụwa.”\nNoa wee pụta, ya na ụmụ ya na nwunye ya na ndị nwunye ụmụ ya.\nIhe ọ bụla e kere eke dị ndụ, anụ ọ bụla ọzọ na-agagharị agagharị na anụ ufe ọ bụla, ihe ọ bụla na-agagharị agagharị n’elu ụwa, ha pụtara n’ụgbọ ahụ n’ụdị ha dị iche iche.\nNoa wee wuoro Jehova ebe ịchụàjà, werekwa ụfọdụ n’ime anụ niile dị ọcha nakwa ụfọdụ n’ime anụ ufe niile dị ọcha chụọ àjà nsure ọkụ n’elu ebe ịchụàjà ahụ.\nJehova wee nụ ísì ụtọ, Jehova wee sị n’obi ya: “Agaghị m akọcha ala ọzọ n’ihi mmadụ, n’ihi na ọchịchọ obi mmadụ jọrọ njọ malite n’oge ọ bụ nwata gawa; ọ dịghịkwa mgbe m ga-eti ihe niile dị ndụ ihe otiti dị nnọọ ka m mere.\nRuo ụbọchị niile ụwa ga-adịgide, ịgha mkpụrụ na iwe ihe ubi, na oyi na okpomọkụ, na ọkọchị na udu mmiri, na ehihie na abalị, agaghị akwụsị akwụsị ma ọlị.”"
      }
    ]
  },
  {
    "format": "book",
    "title": "Ọpụpụ",
    "chapters": [
      {
        "title": "Ọpụpụ 1",
        "content": "Ndị a bụ aha ụmụ ndị ikom Izrel ndị ha na Jekọb so bata n’Ijipt; nwoke ọ bụla na ezinụlọ ya batara:\nRuben, Simiọn, Livaị na Juda,\nỊsaka, Zebulọn na Benjamin,\nDan na Naftalaị, Gad na Asha.\nMkpụrụ obi niile ndị si n’úkwù Jekọb pụta wee dịrị mkpụrụ obi iri asaa, ma Josef nọrịị anọ n’Ijipt.\nE mesịa, Josef nwụrụ, tinyere ụmụnne ya niile nakwa ọgbọ ahụ dum.\nỤmụ Izrel wee mụọ ọmụmụ wee malite ịdị nnọọ ọtụtụ; ha nọkwa na-amụba ma na-adịwanye nnọọ ike nke ukwuu, nke mere na ha jupụtara n’ala ahụ.\nKa oge na-aga, eze ọhụrụ nke na-amaghị Josef malitere ịchị Ijipt.\nO wee gwa ndị ya, sị: “Lee! Ndị Izrel dị ọtụtụ ma dị ike karịa anyị.\nNgwanụ! Ka anyị jiri akọ meso ha ihe, ma ọ́ bụghị ya ha ga-amụba, ọ ga-erukwa na ọ bụrụ na e buso anyị agha, ha ga-esonyere ndị kpọrọ anyị asị, ha ga-ebusokwa anyị agha wee si n’obodo a laa.”\nHa wee mee ka ndị isi ọrụ mmanye bụrụ ndị isi ha iji na-emegbu ha n’ibu arọ ha na-ebu; ha wee na-ewugasị obodo ịbụrụ Fero ebe nkwakọba ihe, ya bụ, Paịtọm na Ramsis.\nMa ka ha na-emegbu ha karị otú ahụ ka ha na-amụbakwu ma na-agbasawanye n’ebe niile, nke mere na oké ụjọ jidere ha n’ihi ụmụ Izrel.\nN’ihi ya, ndị Ijipt ji ọchịchị aka ike mee ka ụmụ Izrel gbaa ohu.\nHa wee na-eme ka ndụ na-elu ha ilu site n’ime ka ha na-arụgbu onwe ha n’ọrụ n’ịkpụ ájá ụrọ na brik, nakwa ịrụgbu onwe ha n’ọrụ n’ụdị ọrụ ọ bụla a na-arụ n’ubi, ee, n’ụdị ọrụ ọ bụla ha ji ọchịchị aka ike mee ka ha na-arụrụ ha dị ka ndị ohu.\nE mesịa, eze Ijipt gwara ụmụ nwaanyị Hibru na-aghọ́ nwa, aha otu n’ime ha bụ Shifra, aha onye nke ọzọ abụrụ Pua,\nee, ọ gwara ha, sị: “Mgbe unu na-enyere ụmụ nwaanyị Hibru aka ịmụ nwa, unu ewee hụ ha n’oche ịmụ nwa, ọ bụrụ na ọ bụ nwoke, gbuonụ ya; ma ọ bụrụ na ọ bụ nwaanyị, hapụnụ ya ndụ.”\nOtú ọ dị, ụmụ nwaanyị ahụ na-aghọ́ nwa na-atụ egwu ezi Chineke, ha emeghịkwa dị ka eze Ijipt gwara ha, kama ha na-ahapụ ụmụ nwoke ndụ.\nKa oge na-aga, eze Ijipt kpọrọ ụmụ nwaanyị ahụ na-aghọ́ nwa wee sị ha: “Gịnị mere unu ji mee ihe a, unu wee hapụ ụmụ nwoke ndụ?”\nỤmụ nwaanyị ahụ na-aghọ́ nwa wee gwa Fero, sị: “Ọ bụ n’ihi na ụmụ nwaanyị Hibru adịghị ka ụmụ nwaanyị Ijipt. N’ihi na ha gbasiri ike, ha na-amụcha nwa tupu nwaanyị na-aghọ́ nwa abịakwute ha.”\nChineke wee meere ụmụ nwaanyị ahụ na-aghọ́ nwa ihe ọma; ụmụ Izrel wee na-abawanye ụba ma na-adịwanye nnọọ ike.\nO wee ruo na ezi Chineke mesịrị mee ka ụmụ nwaanyị ahụ na-aghọ́ nwa nwee ezinụlọ n’ihi na ha na-atụ egwu ya.\nN’ikpeazụ, Fero nyere ndị ya niile iwu, sị: “Unu ga-atụba nwa nwoke ọ bụla a mụrụ ọhụrụ n’osimiri Naịl, ma unu ga-ahapụ nwa nwaanyị ọ bụla ndụ.”"
      },
      {
        "title": "Ọpụpụ 2",
        "content": "N’ime oge a, otu nwoke nke si n’ụlọ Livaị gara lụrụ nwaanyị si n’ebo Livaị.\nNwaanyị ahụ wee tụrụ ime mụọ nwa nwoke. Mgbe ọ hụrụ otú nwa ahụ si maa mma, o zoro ya ruo ọnwa atọ.\nMgbe ọ na-enwekwaghị ike izo ya, o wetara nkata e ji ahịhịa papaịrọs kpaa ma were bitumen na korota techie ya wee kuba nwa ahụ n’ime ya, dọba ya n’etiti ahịhịa amị n’akụkụ osimiri Naịl.\nNwanne ya nwaanyị guzokwara n’ebe dịtụ anya ka o wee mara ihe ga-eme ya.\nMgbe nwa oge gasịrị, ada Fero gbadatara ịsa ahụ́ n’Osimiri Naịl, ụmụ nwaanyị na-ejere ya ozi nọkwa na-agagharị n’akụkụ Osimiri Naịl. O wee hụ nkata ahụ n’etiti ahịhịa amị ahụ. O wee ziga ohu ya nwaanyị ozugbo ka o bute ya.\nMgbe o meghere ya, ọ hụrụ nwa ahụ, ma, lee, nwata ahụ nọ na-akwa ákwá. O wee nweere ya ọmịiko, ọ bụ ezie na ọ sịrị: “Nwa a bụ otu n’ime ụmụ ndị Hibru.”\nMgbe ahụ, nwanne ya nwaanyị gwara ada Fero, sị: “Ọ̀ bụ m gaa kpọọrọ gị nwaanyị na-enye nwa ara bụ́ otu n’ime ndị inyom Hibru ka o nyere gị nwa a ara?”\nAda Fero wee sị ya: “Gaa!” Ozugbo ahụ, nwa agbọghọ ahụ gara kpọọ nne nwata ahụ.\nAda Fero wee sị ya: “Kuru nwa a, nyewere m ya ara, mụ onwe m ga-akwụkwa gị ụgwọ.” Nwaanyị ahụ wee kuru nwa ahụ wee na-enye ya ara.\nNwa ahụ wee tolite. O wee kpọrọ ya kpọgara ada Fero, nke mere na ọ ghọrọ nwa ya; o wee gụọ ya Mozis wee sị: “Ọ bụ n’ihi na m si na mmiri kupụta ya.”\nO wee ruo n’oge ahụ, ka Mozis dịwara ike, na ọ pụrụ gakwuru ụmụnne ya ka ọ hụ ibu arọ ha na-ebu; o wee hụ otu onye Ijipt ka ọ na-eti onye Hibru bụ́ otu n’ime ụmụnne ya ihe.\nO wee lee anya n’otu akụkụ, lee anya n’akụkụ nke ọzọ, ma ọ dịghị onye ọ hụrụ. O wee kụgbuo onye Ijipt ahụ ma zoo ya n’ime ájá.\nOtú ọ dị, ọ pụrụ n’echi ya, ma, lee, e nwere ndị Hibru abụọ nọ na-alụ ọgụ. O wee gwa onye nke mejọrọ ibe ya, sị: “Gịnị mere i ji tie nwanne gị ihe?”\nO wee sị: “Ònye mere gị onye na-achị anyị na onyeikpe anyị? Ị̀ chọrọ igbu m dị ka i gburu onye Ijipt ahụ?” Egwu wee tụwa Mozis, o wee sị: “N’ezie, a matawo ihe a!”\nE mesịa, Fero nụrụ banyere ihe a, o wee nwaa igbu Mozis; ma Mozis si n’ebe Fero nọ gbaa ọsọ ka o wee biri n’ala Midian; o wee nọdụ ọdụ n’akụkụ otu olulu mmiri.\nOnye nchụàjà Midian nwere ụmụ nwaanyị asaa, dịkwa ka ha na-eme, ha bịara sere mmiri gbajuo ihe mmiri ka ìgwè ewu na atụrụ nna ha wee ṅụọ mmiri.\nDịkwa ka ha na-eme, ndị na-azụ atụrụ bịara chụpụ ha. Mozis wee bilie nyere ndị inyom ahụ aka wee nye ìgwè ewu na atụrụ ha mmiri.\nYa mere, mgbe ha lọtara bịakwute Ruel nna ha, o tiri mkpu, sị: “Olee otú unu si lọta nnọọ ọsọ ọsọ taa?”\nHa wee sị: “Otu onye Ijipt napụtara anyị n’aka ndị ọzụzụ atụrụ ahụ, o sepụtakwaara anyị mmiri ka o wee nye ìgwè ewu na atụrụ anyị mmiri.”\nO wee sị ụmụ ya ndị inyom: “Oleekwanụ ebe ọ nọ? Gịnị mere unu ji hapụ nwoke ahụ? Gaanụ kpọọ ya, ka o rie ihe oriri.”\nE mesịa, Mozis gosiri mmasị ibinyere nwoke ahụ, o wee kpọnye Mozis Zipora nwa ya nwaanyị.\nE mesịa, ọ mụrụ nwa nwoke, o wee gụọ ya Geshọm, n’ihi na, o kwuru, sị: “Abụ m onye mbịarambịa n’ala ọzọ.”\nO wee ruo n’ime ogologo oge ahụ na eze Ijipt mesịrị nwụọ, ma ụmụ Izrel nọ na-asụ ude n’ihi ohu ha na-agba, ha kwakwara ákwá mkpesa, mkpu enyemaka ha na-eti nọ na-arịgokwuru ezi Chineke n’ihi ohu ha na-agba.\nKa oge na-aga, Chineke nụrụ ude ha na-asụ, Chineke wee cheta ọgbụgba ndụ ya na Ebreham, Aịzik na Jekọb.\nChineke wee na-ele ụmụ Izrel anya, Chineke wee rịba ama."
      }
    ]
  },
  {
    "format": "book",
    "title": "Levitikọs",
    "chapters": [
      {
        "title": "Levitikọs 1",
        "content": "Jehova wee si n’ụlọikwuu nzute kpọọ Mozis òkù, sị ya:\n“Gwa ụmụ Izrel okwu, sị ha, ‘Ọ bụrụ na onye ọ bụla n’ime unu chọrọ iji anụ ụlọ chụọrọ Jehova àjà, unu ga-eji anụ si n’ìgwè ehi nakwa n’ìgwè ewu na atụrụ chụọ àjà unu.\n“‘Ọ bụrụ na àjà ya bụ àjà nsure ọkụ nke a ga-eji anụ si n’ìgwè ehi chụọ, ọ ga-eweta oké, nke ahụ́ dị mma. N’ọnụ ụzọ ụlọikwuu nzute ka ọ ga-eji obi ya chee ya n’ihu Jehova.\nỌ ga-ebikwasịkwa aka n’isi anụ àjà nsure ọkụ ahụ, a ga-anabatakwa ya nke ọma iji kpuchiere ya mmehie ya.\n“‘Mgbe ahụ, a ga-egbu nwa oké ehi ahụ n’ihu Jehova; ụmụ Erọn, bụ́ ndị nchụàjà, ga-ewetakwa ọbara ya ma fesa ọbara ahụ gburugburu n’elu ebe ịchụàjà nke dị n’ọnụ ụzọ ụlọikwuu nzute.\nA ga-agba anụ àjà nsure ọkụ ahụ akpụkpọ, bọọ ya.\nỤmụ Erọn, bụ́ ndị nchụàjà, ga-etinyekwa ọkụ n’elu ebe ịchụàjà ma sonye nkụ n’ọkụ ahụ.\nỤmụ Erọn, bụ́ ndị nchụàjà, ga-edo anụ ahụ a bọrọ abọ n’usoro, dookwa isi ya na abụba ya n’elu nkụ ahụ e sonyere n’ọkụ ahụ dị n’elu ebe ịchụàjà.\nA ga-eji mmiri saa eriri afọ ya na ụkwụ ya; onye nchụàjà ga-esurekwa ha niile n’ọkụ n’elu ebe ịchụàjà dị ka àjà nsure ọkụ, bụ́ àjà na-esi ísì ụtọ nke a na-esurere Jehova n’ọkụ.\n“‘Ọ bụrụ na anụ ọ ga-eweta maka àjà nsure ọkụ ga-esi n’ìgwè ewu na atụrụ, n’ụmụ ebule ma ọ bụ ewu, ọ ga-eweta oké, nke ahụ́ dị mma.\nA ga-egbukwa ya n’ihu Jehova n’akụkụ ebe ugwu nke ebe ịchụàjà, ụmụ Erọn, bụ́ ndị nchụàjà, ga-efesa ọbara ya gburugburu n’elu ebe ịchụàjà.\nỌ ga-abọkwa ya, bọpụta ma isi ya ma abụba ya, onye nchụàjà ga-edokwa ha n’usoro n’elu nkụ ahụ e sonyere n’ọkụ ahụ dị n’elu ebe ịchụàjà.\nỌ ga-ejikwa mmiri saa eriri afọ ya na ụkwụ ya; onye nchụàjà ga-eweta ha niile suree ha n’ọkụ n’elu ebe ịchụàjà. Ọ bụ àjà nsure ọkụ, àjà na-esi ísì ụtọ nke a na-esurere Jehova n’ọkụ.\n“‘Otú ọ dị, ọ bụrụ na anụ ọ ga-eweta ka e were ya chụọrọ Jehova àjà nsure ọkụ ga-esi n’anụ ufe, ọ ga-esi ná nduru ma ọ bụ n’ụmụ kpalakwukwu weta ya.\nOnye nchụàjà ga-ewetakwa ya n’ebe ịchụàjà, tụbie ya olu ma suree ya n’ọkụ n’elu ebe ịchụàjà, ma ọ ga-ahapụ ka ọbara ya gbasịsịa n’akụkụ ebe ịchụàjà.\nỌ ga-ewepụkwa akpa nri ya, tụchasịa ábụ́bà ya ma wụsa ha n’akụkụ ebe ịchụàjà, n’ebe ọwụwa anyanwụ, n’ebe a na-awụsa ntụ nke ya na abụba gwakọtara.\nỌ ga-esi n’etiti nku ya abụọ nyawaa ya. Ọ gaghị anyakapụ ya anyakapụ. Mgbe ahụ, onye nchụàjà ga-esure ya n’ọkụ n’elu ebe ịchụàjà, n’elu nkụ dị n’ọkụ. Ọ bụ àjà nsure ọkụ, àjà na-esi ísì ụtọ nke a na-esurere Jehova n’ọkụ."
      },
      {
        "title": "Levitikọs 2",
        "content": "“‘Ọ bụrụ na mkpụrụ obi achọọ ịchụrụ Jehova àjà ọka, àjà ya kwesịrị ịbụ ntụ ọka e gwere nke ọma; ọ ga-awụkwa ya mmanụ ma tụkwasị frankinsens n’elu ya.\nỌ ga-ebutere ya ụmụ Erọn bụ́ ndị nchụàjà, onye nchụàjà ga-ekpoju ntụ ọka ahụ e gwere nke ọma ọbụ aka ya, tinyere mmanụ ya na frankinsens ya dum; ọ ga-esure ya n’ọkụ n’ebe ịchụàjà ka ọ bụrụ ihe ncheta ya, dị ka àjà na-esi ísì ụtọ nke a na-esurere Jehova n’ọkụ.\nIhe fọdụrụ n’àjà ọka ahụ ga-abụ nke Erọn na ụmụ ya, dị ka ihe kasị nsọ nke si n’àjà a na-esurere Jehova n’ọkụ.\n“‘Ọ bụrụ na àjà ị ga-achụ bụ àjà ọka n’ụdị achịcha e ghere n’ekwú, ọ ga-abụ nke e ji ntụ ọka e gwere nke ọma mee, achịcha na-ekoghị eko nke a gwara mmanụ ma ọ bụ achịcha dị fere fere na-ekoghị eko nke e tere mmanụ.\n“‘Ọ bụrụ na àjà ị ga-achụ bụ àjà ọka nke e ji ite dị mbadamba ghee, ọ ga-abụ nke e ji ntụ ọka e gwere nke ọma, nke a gwara mmanụ, ghee, ọ ga-abụ nke na-ekoghị eko.\nA ga-anyawasị ya iberibe iberibe, ị ga-awụkwa ya mmanụ. Ọ bụ àjà ọka.\n“‘Ọ bụrụ na àjà ị ga-achụ bụ àjà ọka nke e ji mmanụ ghee n’ime ite nwere afọ, ọ ga-abụ nke e ji ntụ ọka e gwere nke ọma na mmanụ mee.\nỊ ga-ewetara Jehova àjà ọka e ji ihe ndị a mee; a ga-enye ya onye nchụàjà, ọ ga-ewetakwa ya nso n’ebe ịchụàjà.\nOnye nchụàjà ga-ekporo ụfọdụ n’ime àjà ọka ahụ ka ọ bụrụ ihe ncheta ya, ọ ga-esurekwa ya n’ọkụ n’ebe ịchụàjà, dị ka àjà na-esi ísì ụtọ nke a na-esurere Jehova n’ọkụ.\nIhe fọdụrụ n’àjà ọka ahụ ga-abụ nke Erọn na ụmụ ya, dị ka ihe kasị nsọ n’àjà a na-esurere Jehova n’ọkụ.\n“‘Ọ dịghị àjà ọka unu ga-enye Jehova nke a ga-eme ka o koo eko, n’ihi na unu agaghị ewere ihe ọ bụla e tinyere ihe na-eko achịcha nakwa mmanụ aṅụ suree n’ọkụ ka ọ bụrụ àjà a na-esurere Jehova n’ọkụ.\n“‘Unu ga-achụrụ ha Jehova n’àjà dị ka mkpụrụ mbụ, a gaghịkwa eweta ha n’elu ebe ịchụàjà ka ha bụrụ ihe na-esi ísì ụtọ.\n“‘Ị ga-etinye nnu n’àjà gị ọ bụla bụ́ àjà ọka; ekwela ka nnu nke ọgbụgba ndụ Chineke gị kọọ ụkọ n’àjà ọka gị. Mgbe ị na-eweta ihe ọ bụla ị chọrọ ịchụ n’àjà, wetakọta ya na nnu.\n“‘Ọ bụrụ na ọ bụ àjà ọka nke si ná mkpụrụ mbụ kara aka ka ị ga-enye Jehova, ị ga-enye oko ọka na-akpọbeghị akpọ nke a hụrụ n’ọkụ, ọka ọhụrụ a kụjasịrị akụjasị, dị ka àjà ọka nke si ná mkpụrụ mbụ gị kara aka.\nỊ ga-awụ mmanụ n’elu ya ma tụkwasị frankinsens n’elu ya. Ọ bụ àjà ọka.\nOnye nchụàjà ga-esure ihe ncheta ya n’ọkụ, ya bụ, ụfọdụ n’ime ọka ahụ a kụjasịrị akụjasị na mmanụ, ya na frankinsens ya dum, dị ka àjà a na-esurere Jehova n’ọkụ."
      }
    ]
  },
  {
    "format": "book",
    "title": "Ọnụ Ọgụgụ",
    "chapters": [
      {
        "title": "Ọnụ Ọgụgụ 1",
        "content": "Jehova wee gwa Mozis okwu n’ala ịkpa Saịnaị, n’ụlọikwuu nzute, n’abalị mbụ n’ọnwa nke abụọ n’afọ nke abụọ mgbe ha pụtasịrị n’ala Ijipt, o wee sị:\n“Gụọnụ nzukọ ụmụ Izrel dum ọnụ n’ezinụlọ n’ezinụlọ, dị ka ụlọ ndị nna ha si dị, n’aha n’aha, ụmụ nwoke niile, n’otu n’otu,\nmalite ná ndị gbara afọ iri abụọ gbagowe, onye ọ bụla nke toruru ịga agha n’Izrel. Unu ga-edeba aha ha n’akwụkwọ n’ụsụụ ha, gị na Erọn.\n“Ndị ikom ụfọdụ ga-eso unu, otu onye ga-esi n’otu ebo; onye nke ọ bụla ga-abụ onyeisi nke ụlọ ndị nna ya.\nNdị a bụ aha ndị ikom ga-enyere unu aka: N’ebo Ruben, Elaịzọ nwa Shedeọ;\nn’ebo Simiọn, Shelumiel nwa Zurishadaị;\nn’ebo Juda, Nashọn nwa Aminadab;\nn’ebo Ịsaka, Netanel nwa Zua;\nn’ebo Zebulọn, Elayab nwa Hilọn;\nn’ime ụmụ Josef: n’ebo Ifrem, Elishama nwa Amaịhọd; n’ebo Manase, Gameliel nwa Pedazọ;\nn’ebo Benjamin, Abidan nwa Gidionaị;\nn’ebo Dan, Ahayiza nwa Amishadaị;\nn’ebo Asha, Pegiel nwa Ọkran;\nn’ebo Gad, Elayasaf nwa Duel;\nn’ebo Naftalaị, Ahaịra nwa Inan.\nỌ bụ ndị a ka e si ná nzukọ ahụ kpọọ, bụ́ ndị isi nke ebo ndị nna ha. Ha bụ ndị isi nke puku kwuru puku ndị Izrel.”\nMozis na Erọn wee kpọrọ ndị ikom a a kpọrọ aha.\nHa wee kpọkọta nzukọ ahụ dum n’abalị mbụ n’ọnwa nke abụọ, ka ha wee deba usoro ọmụmụ ha n’akwụkwọ, n’ezinụlọ n’ezinụlọ, n’ụlọ ndị nna ha, dị ka ole aha ha dị, malite ná ndị gbara afọ iri abụọ gbagowe, n’otu n’otu,\ndị nnọọ ka Jehova nyere Mozis n’iwu; o wee deba aha ha n’akwụkwọ n’ala ịkpa Saịnaị.\nỤmụ Ruben, ọkpara Izrel, dị ka usoro ọmụmụ ha si dị, n’ezinụlọ n’ezinụlọ, n’ụlọ ndị nna ha, n’aha n’aha, n’otu n’otu, ụmụ nwoke niile malite ná ndị gbara afọ iri abụọ gbagowe, onye ọ bụla nke toruru ịga agha,\nbụ́ ndị e debara aha ha n’akwụkwọ n’ebo Ruben, dị puku iri anọ na isii na narị ise.\nN’ime ụmụ Simiọn, dị ka usoro ọmụmụ ha si dị, n’ezinụlọ n’ezinụlọ, n’ụlọ ndị nna ha, ndị bụ́ ụmụ ya e debara aha ha n’akwụkwọ, n’otu n’otu, ụmụ nwoke niile malite ná ndị gbara afọ iri abụọ gbagowe, onye ọ bụla nke toruru ịga agha,\nndị e debara aha ha n’akwụkwọ n’ebo Simiọn dị puku iri ise na itoolu na narị atọ.\nN’ime ụmụ Gad, dị ka usoro ọmụmụ ha si dị, n’ezinụlọ n’ezinụlọ, n’ụlọ ndị nna ha, n’aha n’aha, malite ná ndị gbara afọ iri abụọ gbagowe, onye ọ bụla nke toruru ịga agha,\nndị e debara aha ha n’akwụkwọ n’ebo Gad dị puku iri anọ na ise, narị isii na iri ise.\nN’ime ụmụ Juda, dị ka usoro ọmụmụ ha si dị, n’ezinụlọ n’ezinụlọ, n’ụlọ ndị nna ha, n’aha n’aha, malite ná ndị gbara afọ iri abụọ gbagowe, onye ọ bụla nke toruru ịga agha,\nndị e debara aha ha n’akwụkwọ n’ebo Juda dị puku iri asaa na anọ na narị isii.\nN’ime ụmụ Ịsaka, dị ka usoro ọmụmụ ha si dị, n’ezinụlọ n’ezinụlọ, n’ụlọ ndị nna ha, n’aha n’aha, malite ná ndị gbara afọ iri abụọ gbagowe, onye ọ bụla nke toruru ịga agha,\nndị e debara aha ha n’akwụkwọ n’ebo Ịsaka dị puku iri ise na anọ na narị anọ.\nN’ime ụmụ Zebulọn, dị ka usoro ọmụmụ ha si dị, n’ezinụlọ n’ezinụlọ, n’ụlọ ndị nna ha, n’aha n’aha, malite ná ndị gbara afọ iri abụọ gbagowe, onye ọ bụla nke toruru ịga agha,\nndị e debara aha ha n’akwụkwọ n’ebo Zebulọn dị puku iri ise na asaa na narị anọ.\nN’ime ụmụ Josef: ndị Ifrem mụrụ, dị ka usoro ọmụmụ ha si dị, n’ezinụlọ n’ezinụlọ, n’ụlọ ndị nna ha, n’aha n’aha, malite ná ndị gbara afọ iri abụọ gbagowe, onye ọ bụla nke toruru ịga agha,\nndị e debara aha ha n’akwụkwọ n’ebo Ifrem dị puku iri anọ na narị ise.\nN’ime ụmụ Manase, dị ka usoro ọmụmụ ha si dị, n’ezinụlọ n’ezinụlọ, n’ụlọ ndị nna ha, n’aha n’aha, malite ná ndị gbara afọ iri abụọ gbagowe, onye ọ bụla nke toruru ịga agha,\nndị e debara aha ha n’akwụkwọ n’ebo Manase dị puku iri atọ na abụọ na narị abụọ.\nN’ime ụmụ Benjamin, dị ka usoro ọmụmụ ha si dị, n’ezinụlọ n’ezinụlọ, n’ụlọ ndị nna ha, n’aha n’aha, malite ná ndị gbara afọ iri abụọ gbagowe, onye ọ bụla nke toruru ịga agha,\nndị e debara aha ha n’akwụkwọ n’ebo Benjamin dị puku iri atọ na ise na narị anọ.\nN’ime ụmụ Dan, dị ka usoro ọmụmụ ha si dị, n’ezinụlọ n’ezinụlọ, n’ụlọ ndị nna ha, n’aha n’aha, malite ná ndị gbara afọ iri abụọ gbagowe, onye ọ bụla nke toruru ịga agha,\nndị e debara aha ha n’akwụkwọ n’ebo Dan dị puku iri isii na abụọ na narị asaa.\nN’ime ụmụ Asha, dị ka usoro ọmụmụ ha si dị, n’ezinụlọ n’ezinụlọ, n’ụlọ ndị nna ha, n’aha n’aha, malite ná ndị gbara afọ iri abụọ gbagowe, onye ọ bụla nke toruru ịga agha,\nndị e debara aha ha n’akwụkwọ n’ebo Asha dị puku iri anọ na otu na narị ise.\nN’ime ụmụ Naftalaị, dị ka usoro ọmụmụ ha si dị, n’ezinụlọ n’ezinụlọ, n’ụlọ ndị nna ha, n’aha n’aha, malite ná ndị gbara afọ iri abụọ gbagowe, onye ọ bụla nke toruru ịga agha,\nndị e debara aha ha n’akwụkwọ n’ebo Naftalaị dị puku iri ise na atọ na narị anọ.\nỌ bụ ndị a ka e debara aha ha n’akwụkwọ, ya bụ, ndị Mozis debara aha ha n’akwụkwọ, ya na Erọn na ndị isi Izrel, bụ́ ndị ikom iri na abụọ. Onye ọ bụla n’ime ha nọchitere anya ụlọ nna ya.\nNdị niile e debara aha ha n’akwụkwọ n’ime ụmụ Izrel, dị ka ụlọ ndị nna ha si dị, malite ná ndị gbara afọ iri abụọ gbagowe, onye ọ bụla nke toruru ịga agha n’Izrel,\nee, ndị niile e debara aha ha n’akwụkwọ, dị narị puku isii na atọ, narị ise na iri ise.\nOtú ọ dị, e debaghị aha ndị Livaị n’akwụkwọ, dị ka ebo ndị nna ha si dị, mgbe a na-edeba aha ụmụ Izrel.\nJehova wee gwa Mozis, sị:\n“Ọ bụ naanị ebo Livaị ka ị na-agaghị edeba aha ha n’akwụkwọ, agụnyekwala ọnụ ọgụgụ ha n’ọnụ ọgụgụ ụmụ Izrel.\nGị onwe gị, họpụta ndị Livaị ka ha na-elekọta ụlọikwuu Ihe Àmà na arịa ya niile na ihe niile metụtara ya. Ọ bụ ha ga na-ebu ụlọikwuu ahụ na arịa ya niile, ọ bụ ha ga na-eje ozi na ya; ha ga-amakwa ụlọikwuu gburugburu ụlọikwuu ahụ.\nMgbe ọ bụla unu ga-eburu ụlọikwuu ahụ kwalie, ọ bụ ndị Livaị ga-atọtu ya; mgbe ọ bụla a ga-eguzobe ụlọikwuu ahụ, ọ bụ ndị Livaị ga-eguzobe ya; a ga-egbu onye nkịtị ọ bụla nke bịara nso.\n“Onye ọ bụla n’ime ụmụ Izrel ga-ama ụlọikwuu ya n’ebe ìgwè ọ nọ na ya mara, nwoke ọ bụla ga-ama ụlọikwuu ya n’ebe ìgwè ya nke ebo atọ mejupụtara mara, n’ụsụụ ha.\nNdị Livaị ga-ama ụlọikwuu gburugburu ụlọikwuu Ihe Àmà, ka a ghara iweso nzukọ ụmụ Izrel iwe; ndị Livaị ga na-ejekwa ozi e kwesịrị ije n’ụlọikwuu Ihe Àmà.”\nỤmụ Izrel wee mee ihe niile Jehova nyere Mozis n’iwu. Ha mere nnọọ otú ahụ."
      },
      {
        "title": "Ọnụ Ọgụgụ 2",
        "content": "Jehova wee gwa Mozis na Erọn, sị:\n“Onye ọ bụla n’ime ụmụ Izrel ga-ama ụlọikwuu ya n’ebe ìgwè ya nke ebo atọ mejupụtara mara, n’akụkụ ihe ịrịba ama nke ụlọ ndị nna ha. Ha ga-ama ụlọikwuu ha gburugburu ụlọikwuu nzute, cheekwa ya ihu.\n“Ndị ga-ama ụlọikwuu n’ebe ọwụwa anyanwụ bụ ìgwè nke Juda nke ebo atọ mejupụtara, n’ụsụụ ha, onyeisi ụmụ Juda bụ Nashọn nwa Aminadab.\nNdị agha ya, bụ́ ndị e debara aha ha n’akwụkwọ, dị puku iri asaa na anọ na narị isii.\nNdị ga-ama ụlọikwuu n’akụkụ ya bụ ebo Ịsaka, onyeisi ụmụ Ịsaka bụ Netanel nwa Zua.\nNdị agha ya, bụ́ ndị e debara aha ha n’akwụkwọ, dị puku iri ise na anọ na narị anọ.\nEbo nke ọzọ bụ ebo Zebulọn; onyeisi ụmụ Zebulọn bụ Elayab nwa Hilọn.\nNdị agha ya, bụ́ ndị e debara aha ha n’akwụkwọ, dị puku iri ise na asaa na narị anọ.\n“Ndị niile e debara aha ha n’akwụkwọ n’ìgwè nke Juda dị otu narị puku, iri puku asatọ na isii na narị anọ, n’ụsụụ ha. Ha ga-abụ ndị mbụ ga na-akwali.\n“Ìgwè nke ebo atọ mejupụtara, bụ́ ìgwè nke Ruben, n’ụsụụ ha, ga-ama ụlọikwuu n’ebe ndịda, onyeisi ụmụ Ruben bụ Elaịzọ nwa Shedeọ.\nNdị agha ya, bụ́ ndị e debara aha ha n’akwụkwọ, dị puku iri anọ na isii na narị ise.\nNdị ga-ama ụlọikwuu n’akụkụ ya bụ ebo Simiọn, onyeisi ụmụ Simiọn bụ Shelumiel nwa Zurishadaị.\nNdị agha ya, bụ́ ndị e debara aha ha n’akwụkwọ, dị puku iri ise na itoolu na narị atọ.\nEbo nke ọzọ bụ ebo Gad; onyeisi ụmụ Gad bụ Elayasaf nwa Ruel.\nNdị agha ya, bụ́ ndị e debara aha ha n’akwụkwọ, dị puku iri anọ na ise, narị isii na iri ise.\n“Ndị niile e debara aha ha n’akwụkwọ n’ìgwè nke Ruben dị otu narị puku, iri puku ise na otu, narị anọ na iri ise, n’ụsụụ ha, ha ga-abụ ndị nke abụọ ga na-akwali.\n“Mgbe unu ga-eburu ụlọikwuu nzute kwalie, ụlọikwuu ndị Livaị ga-adị n’etiti ebe ndị ọzọ mara ụlọikwuu.\n“Ìgwè nke ebo atọ mejupụtara, bụ́ ìgwè nke Ifrem, n’ụsụụ ha, ga-ama ụlọikwuu n’ebe ọdịda anyanwụ, onyeisi ụmụ Ifrem bụ Elishama nwa Amaịhọd.\nNdị agha ya, bụ́ ndị e debara aha ha n’akwụkwọ, dị puku iri anọ na narị ise.\nEbo Manase ga-ama ụlọikwuu n’akụkụ ya, onyeisi ụmụ Manase bụ Gameliel nwa Pedazọ.\nNdị agha ya, bụ́ ndị e debara aha ha n’akwụkwọ, dị puku iri atọ na abụọ na narị abụọ.\nEbo nke ọzọ bụ ebo Benjamin; onyeisi ụmụ Benjamin bụ Abidan nwa Gidionaị.\nNdị agha ya, bụ́ ndị e debara aha ha n’akwụkwọ, dị puku iri atọ na ise na narị anọ.\n“Ndị niile e debara aha ha n’akwụkwọ n’ìgwè nke Ifrem dị otu narị puku, puku asatọ na otu narị, n’ụsụụ ha, ha ga-abụ ndị nke atọ ga na-akwali.\n“Ìgwè nke ebo atọ mejupụtara, bụ́ ìgwè nke Dan, n’ụsụụ ha, ga-ama ụlọikwuu n’ebe ugwu, onyeisi ụmụ Dan bụ Ahayiza nwa Amishadaị.\nNdị agha ya, bụ́ ndị e debara aha ha n’akwụkwọ, dị puku iri isii na abụọ na narị asaa.\nNdị ga-ama ụlọikwuu n’akụkụ ya bụ ebo Asha, onyeisi ụmụ Asha bụ Pegiel nwa Ọkran.\nNdị agha ya, bụ́ ndị e debara aha ha n’akwụkwọ, dị puku iri anọ na otu na narị ise.\nEbo ọzọ bụ ebo Naftalaị; onyeisi ụmụ Naftalaị bụ Ahaịra nwa Inan.\nNdị agha ya, bụ́ ndị e debara aha ha n’akwụkwọ, dị puku iri ise na atọ na narị anọ.\n“Ndị niile e debara aha ha n’akwụkwọ n’ìgwè nke Dan dị otu narị puku, iri puku ise na asaa na narị isii. Ha ga-abụ ndị ikpeazụ ga na-akwali—dị ka ìgwè ha nke ebo atọ mejupụtara si dị.”\nỌ bụ ndị a bụ ụmụ Izrel e debara aha ha n’akwụkwọ dị ka ụlọ ndị nna ha si dị; ndị niile e debara aha ha n’akwụkwọ n’ìgwè ahụ, n’ụsụụ ha, dị narị puku isii na atọ, narị ise na iri ise.\nMa e debaghị aha ndị Livaị n’akwụkwọ mgbe e debara aha ụmụ Izrel, dị nnọọ ka Jehova nyere Mozis n’iwu.\nỤmụ Izrel wee mee ihe niile Jehova nyere Mozis n’iwu. Ọ bụ otú ahụ ka ha si maa ụlọikwuu ha n’ìgwè dị iche iche ebo atọ mejupụtara, ọ bụkwa otú ahụ ka ha si na-akwali, onye ọ bụla n’ezinụlọ ya, dị ka ụlọ ndị nna ya si dị."
      }
    ]
  },
  {
    "format": "book",
    "title": "Diuterọnọmi",
    "chapters": [
      {
        "title": "Diuterọnọmi 1",
        "content": "Ndị a bụ okwu Mozis gwara Izrel dum n’ógbè Jọdan nke dị n’ala ịkpa, na mbara ọzara nke dị n’ihu Sọf, n’agbata Peran na Tofel na Leban na Hazirọt na Daịzahab,\nọ na-ewe ụbọchị iri na otu isi na Horeb garuo Kedesh-bania ma e si n’ụzọ Ugwu Sia.\nO wee ruo n’afọ nke iri anọ, n’ọnwa nke iri na otu, n’abalị mbụ n’ọnwa ahụ, na Mozis gwara ụmụ Izrel ihe niile Jehova nyere ya iwu ka ọ gwa ha,\nmgbe o merisịrị Saịhọn eze ndị Amọraịt, onye bi na Heshbọn, na Ọg eze Beshan, onye bi n’Ashtarọt, n’Edriaị.\nN’ógbè Jọdan nke dị n’ala Moab, Mozis malitere ịkọwa iwu a, sị:\n“Jehova bụ́ Chineke anyị gwara anyị okwu na Horeb, sị, ‘Oge unu biri n’ógbè a bụ́ ugwu ugwu ezuwo.\nTụgharịanụ, kwalie banye n’ógbè ndị Amọraịt nke bụ́ ugwu ugwu nakwa n’ala niile ha na ha gbara agbata obi n’Araba, bụ́ ógbè bụ́ ugwu ugwu nakwa Shefila na Negeb na ala dị n’ụsọ oké osimiri, bụ́ ala ndị Kenan, nakwa Lebanọn, ruo n’osimiri ukwu, bụ́ osimiri Yufretis.\nLee, edebewo m ala ahụ n’ihu unu. Banyenụ weghara ala ahụ Jehova ṅụụrụ nna unu hà, bụ́ Ebreham, Aịzik na Jekọb, iyi, inye ha na mkpụrụ ga-anọchi ha.’\n“M wee gwa unu n’oge ahụ, sị, ‘Naanị m enweghị ike iburu unu.\nJehova bụ́ Chineke unu emewo ka unu mụbaa, lee, taa, unu dị ọtụtụ dị ka kpakpando nke eluigwe.\nKa Jehova bụ́ Chineke nna nna unu hà mee ka ọnụ ọgụgụ unu mụbaa okpukpu otu puku, ka ọ gọziekwa unu dị ka o kwere unu ná nkwa.\nOlee otú naanị m ga-esi buru ibu arọ unu na ibu unu nakwa esemokwu unu?\nSinụ n’ebo unu niile chọta ndị ikom maara ihe na ndị nwere uche ma nwee ahụmahụ, ka m mee ha ndị isi unu.’\nUnu wee zaa m, sị, ‘Ihe i kwuru ka anyị mee dị mma.’\nM wee kpọrọ ndị isi nke ebo unu niile, ndị ikom maara ihe ma nwee ahụmahụ, wee mee ha ndị isi unu, ndị isi nke otu puku otu puku ndị agha na ndị isi nke otu narị otu narị ndị agha na ndị isi nke ndị agha iri ise ndị agha iri ise na ndị isi nke ndị agha iri ndị agha iri nakwa ndị na-elekọta ebo unu.\n“M wee nye ndị ikpe unu iwu n’oge ahụ, sị, ‘Mgbe unu na-anụrụ okwu ikpe n’etiti ụmụnne unu, kpeenụ ikpe n’ezi omume n’etiti mmadụ na nwanne ya ma ọ bụ n’etiti mmadụ na onye mbịarambịa ya na ya bi.\nUnu elela mmadụ anya n’ihu mgbe unu na-ekpe ikpe. Unu ga-anụrụ ihe onye nta ga-ekwu dịkwa ka unu ga-anụrụ nke onye ukwu. Unu atụla ụjọ n’ihi mmadụ, n’ihi na ikpe bụ nke Chineke; okwu ikpe nke siiri unu oké ike, unu ga-eweta ya n’ihu m, m ga-anụrụkwa ya.’\nM wee nye unu iwu n’oge ahụ banyere ihe niile unu ga-eme.\n“Anyị wee si na Horeb kwalie gabiga nnukwu ala ịkpa ahụ dum nke dị egwu, bụ́ nke unu hụrụ, nke dị n’ụzọ e si aga ógbè ndị Amọraịt nke bụ́ ugwu ugwu, dị nnọọ ka Jehova bụ́ Chineke anyị nyere anyị n’iwu; e mesịa, anyị bịarutere Kedesh-bania.\nM wee sị unu, ‘Unu abịarutewo n’ógbè ndị Amọraịt nke bụ́ ugwu ugwu, nke Jehova bụ́ Chineke anyị na-enye anyị.\nLee, Jehova bụ́ Chineke gị enyefewo ala ahụ n’aka gị. Gbagoo, nweta ya, dị nnọọ ka Jehova bụ́ Chineke nna nna gị hà gwara gị. Atụla egwu, atụkwala ụjọ.’\n“Otú ọ dị, unu niile bịakwutere m wee sị, ‘Ka anyị zipụ ndị ikom ka ha buru anyị ụzọ gaa ledooro anyị ala ahụ ma kọọrọ anyị ụzọ anyị ga-esi gbagoo nakwa banyere obodo ndị anyị ga-abanye.’\nIhe ahụ wee dị m mma, m wee họrọ ndị ikom iri na abụọ n’ime unu, otu onye maka otu ebo.\nHa wee tụgharịa gbagoo n’ógbè ahụ bụ́ ugwu ugwu, ruokwa na ndagwurugwu Eshkọl wee ledo ya.\nHa wee weta ụfọdụ n’ime mkpụrụ nke ala ahụ ma welatara anyị ha, ha kọọrọ anyị, sị, ‘Ala ahụ Jehova bụ́ Chineke anyị na-enye anyị dị mma.’\nMa unu achọghị ịgbago, unu malitekwara inupụ isi n’ihe Jehova bụ́ Chineke unu nyere n’iwu.\nUnu nọ na-atamu ntamu n’ụlọikwuu unu, sị, ‘Ọ bụ n’ihi na Jehova kpọrọ anyị asị mere o ji kpọpụta anyị n’ala Ijipt ka o nyefee anyị n’aka ndị Amọraịt, ka ha laa anyị n’iyi.\nOlee ebe anyị ga-agbago? Ụmụnne anyị emewo ka obi lọọ anyị mmiri, sị: “N’ebe ahụ, anyị hụrụ ndị gbara agba ma too ogologo karịa anyị, hụkwa nnukwu obodo ndị e wusiri ike ruo n’eluigwe nakwa ụmụ Enak.”’\n“M wee sị unu, ‘Unu amala jijiji, unu atụkwala egwu n’ihi ha.\nỌ bụ Jehova bụ́ Chineke unu na-ebutere unu ụzọ. Ọ ga-eburu unu agha dị ka ihe niile o meere unu n’Ijipt si dị, bụ́ ndị unu ji anya unu hụ,\nnakwa n’ala ịkpa, bụ́ ebe ị hụrụ otú Jehova bụ́ Chineke gị si kuru gị dị ka nwoke si eku nwa ya, n’ebe niile unu jegharịrị ruo mgbe unu bịarutere ebe a.’\nMa n’agbanyeghị okwu a, unu enweghị okwukwe n’ebe Jehova bụ́ Chineke unu nọ,\nbụ́ onye na-ebutere unu ụzọ iji ledooro unu ebe unu ga-ama ụlọikwuu, onye ji ọkụ na-ebutere unu ụzọ iji mee ka unu na-ahụ ụzọ unu kwesịrị iso n’abalị, jirikwa ígwé ojii na-ebutere unu ụzọ n’ehihie.\n“N’oge ahụ niile, Jehova nụrụ ihe unu kwuru. O wee wee iwe ma ṅụọ iyi, sị,\n‘Ọ dịghị otu onye n’ime ndị ikom a so n’ajọ ọgbọ a nke ga-ahụ ezi ala ahụ m ṅụrụ iyi inye nna unu hà,\nma e wezụga Keleb nwa Jefọne. Ọ ga-ahụ ya, ọ bụkwa ya na ụmụ ya ka m ga-enye ala ahụ ọ zọrọ ụkwụ na ya, n’ihi na o soro Jehova n’ụzọ zuru ezu.\n(Jehova wesoro ọbụna mụ onwe m iwe n’ihi unu, sị, ‘Gị onwe gị kwa agaghị aba n’ebe ahụ.\nỌ bụ Jọshụa nwa Nọn, onye guzo n’ihu gị, ga-aba n’ebe ahụ.’ Ọ bụ ya ka o meworo ka ọ dị ike, n’ihi na ọ ga-eme ka Izrel keta ya.)\nMa ụmụntakịrị unu, bụ́ ndị unu kwuru banyere ha, sị: “A ga-achịkọrọ ha!” ụmụ unu kwa, ndị na-amaghị ihe ọma ma ọ bụ ihe ọjọọ taa, ọ bụ ha ga-aba n’ebe ahụ, ọ bụkwa ha ka m ga-enye ya, ha ga-enwetakwa ya.\nMa unu onwe unu, tụgharịanụ, kwaliekwanụ soro ụzọ gara Oké Osimiri Uhie gawa n’ala ịkpa.’\n“Unu wee zaa m, sị, ‘Anyị emehiewo Jehova. Anyị onwe anyị ga-agbago buo agha dị ka ihe niile Jehova bụ́ Chineke anyị nyere anyị n’iwu si dị!’ Onye ọ bụla n’ime unu wee kee ngwá agha ya n’úkwù ma were ya dị ka ihe dị mfe ịgbago n’ugwu ahụ.\nMa Jehova sịrị m, ‘Gwa ha, sị: “Unu agbagola ibu agha, n’ihi na anọghị m n’etiti unu; ka ndị iro unu ghara imeri unu.”’\nM wee gwa ya unu, ma unu egeghị ntị, kama unu malitere inupụ isi n’ihe Jehova nyere n’iwu, nganga wee ju unu isi, unu wee nwaa ịgbago n’ugwu ahụ.\nNdị Amọraịt bụ́ ndị bi n’ugwu ahụ wee pụta ibuso unu agha, ha wee chụwa unu ọsọ, dị nnọọ ka aṅụ si eme, wee chụsasịa unu na Sia ruo Họma.\nE mesịa, unu lọtara wee malite ịkwa ákwá n’ihu Jehova, ma Jehova egeghị ntị n’olu unu, ọ ṅaghịkwa unu ntị.\nUnu wee biri na Kedesh ruo ọtụtụ ụbọchị, ruo ọtụtụ ụbọchị unu biri n’ebe ahụ."
      },
      {
        "title": "Diuterọnọmi 2",
        "content": "“Anyị wee tụgharịa, kwaliekwa soro ụzọ gara Oké Osimiri Uhie gawa n’ala ịkpa, dị nnọọ ka Jehova gwara m; o wekwara anyị ọtụtụ ụbọchị ịga Ugwu Sia gburugburu.\nN’ikpeazụ, Jehova gwara m, sị,\n‘Oge unu gara ugwu a gburugburu ezuwo. Tụgharịanụ chee ihu n’ebe ugwu.\nNyekwa ndị Izrel iwu, sị: “Unu na-agabiga n’ókèala ụmụnne unu, bụ́ ụmụ Isọ, ndị bi na Sia; egwu ga-ejidekwa ha n’ihi unu, kpacharanụ nnọọ anya.\nUnu alụsola ha ọgụ, n’ihi na agaghị m enye unu ala ha, ọbụnadị otu ọbụ ụkwụ; n’ihi na enyewo m Isọ Ugwu Sia ka ọ bụrụ ihe nketa ya.\nIhe oriri ọ bụla unu pụrụ iji ego zụta n’aka ha ka unu ga-eri; mmiri ọ bụla unu pụkwara iji ego zụta n’aka ha ka unu ga-aṅụ.\nN’ihi na Jehova bụ́ Chineke gị agọziwo gị n’ihe niile aka gị na-eme. Ọ maara nke ọma banyere njegharị ị na-ejegharị ná nnukwu ala ịkpa a. Jehova bụ́ Chineke gị nọnyeere gị afọ iri anọ ndị a. Ọ dịghị ihe kọrọ gị.”’\nAnyị wee si n’ebe ụmụnne anyị nọ, bụ́ ụmụ Isọ, ndị bi na Sia, n’ụzọ Araba, Ilat nakwa Iziọn-giba, gafere.\nJehova wee sị m, ‘Esogbula Moab, ebusokwala ha agha, n’ihi na agaghị m enye gị ala ya ọ bụla ka ọ bụrụ ihe nketa gị, n’ihi na ọ bụ ụmụ Lọt ka m nyere Aa ka ọ bụrụ ihe nketa ha.\n(Ndị Imim bi na ya n’oge gboo. Ha dị ike ma dị ọtụtụ, tookwa ogologo dị ka ụmụ Enak.\nA na-ewerekwa ndị Refeyim dị ka ụmụ Enak, ndị Moab na-akpọ ha Imim.\nNdị Horaịt biri na Sia n’oge gboo, ụmụ Isọ napụkwara ha ala ha ma laa ha n’iyi n’ihu ha wee bichie ha, dị nnọọ ka Izrel ga-eme ala nke bụ́ ihe nketa ya, nke Jehova ga-enye ha.)\nUgbu a, bilienụ gafere iyi ndagwurugwu Zired.’ N’ihi ya, anyị gafere iyi ndagwurugwu Zired.\nOge anyị jere ije malite na Kedesh-bania ruo mgbe anyị gafere iyi ndagwurugwu Zired dị afọ iri atọ na asatọ, ruo mgbe ọgbọ ahụ dum bụ́ ndị ikom na-aga agha nwụchara n’etiti ndị Izrel, dị nnọọ ka Jehova ṅụụrụ ha iyi.\nJehova wee bie ha aka iji were ọgba aghara kpochapụ ha n’etiti ndị Izrel, ruo mgbe ha nwụchara.\n“O wee ruo na ozugbo ndị ikom ahụ niile na-aga agha nwụchara n’etiti ndị Izrel,\nJehova gwara m okwu ọzọ, sị,\n‘Unu ga-esi n’ókèala Moab, ya bụ, Aa, gafere taa,\nị ga-erukwa nso n’ebe chere ihu n’ala ụmụ Amọn. Esogbula ha, alụsokwala ha ọgụ, n’ihi na agaghị m enye gị nke ọ bụla n’ime ala ụmụ Amọn ka ọ bụrụ ihe nketa gị, n’ihi na ọ bụ ụmụ Lọt ka m nyere ya ka ọ bụrụ ihe nketa ha.\nA na-ewerekwa ya dị ka ala ndị Refeyim. (Ndị Refeyim bi na ya n’oge gboo, ụmụ Amọn na-akpọkwa ha Zamzọmim.\nHa bụ ndị dị ike ma dị ọtụtụ, tookwa ogologo dị ka ụmụ Enak; Jehova wee laa ha n’iyi n’ihu ha, ka ha wee napụ ha ala ha ma bichie ha;\ndị nnọọ ka o meere ụmụ Isọ, bụ́ ndị bi na Sia, mgbe ọ lara ndị Horaịt n’iyi n’ihu ha, ka ha wee napụ ha ala ha ma bichie ha ruo taa.\nMa ndị Avim, bụ́ ndị bi n’obodo nta dị iche iche ruo Geza, ka ndị Kaftọrim, bụ́ ndị si na Kaftọ pụta, lara n’iyi, ka ha wee bichie ha.)\n“‘Bilienụ, kwalienụ gafee iyi ndagwurugwu Anọn. Lee, enyefewo m Saịhọn eze Heshbọn, bụ́ onye Amọraịt, n’aka gị. Ya mere, malite iweghara ala ya, busokwa ya agha.\nTaa, m ga-amalite itinye ụjọ gị na egwu gị n’ihu ndị dị iche iche nọ n’okpuru eluigwe, bụ́ ndị ga-anụ akụkọ banyere gị; ha ga-amakwa jijiji, nweekwa ihe mgbu n’ihi gị dị ka nke a na-enwe mgbe a na-amụ nwa.’\n“M wee si n’ala ịkpa Kedemọt zigara Saịhọn eze Heshbọn ndị ozi ka ha gwa ya okwu udo, sị,\n‘Ka m gafere n’ala gị. Ọ bụ naanị n’okporo ụzọ ka m ga-aga. Agaghị m ahapụ ya gaa n’aka nri ma ọ bụ n’aka ekpe.\nNri ị ga-eresị m eresị ka m ga-eri; ọ bụkwa mmiri ị ga-eresị m eresị ka m ga-aṅụ. Ọ bụ naanị kwe ka m jiri ụkwụ m gafere,\ndị nnọọ ka ụmụ Isọ ndị bi na Sia nakwa ndị Moab bi na Aa si meso m, ruo mgbe m ga-agafe Jọdan banye n’ala ahụ Jehova bụ́ Chineke anyị na-enye anyị.’\nMa Saịhọn eze Heshbọn ekweghị ka anyị si n’ala ya gafere, n’ihi na Jehova bụ́ Chineke gị kwere ka mmụọ ya sie ike nakwa ka obi kpọọ ya nkụ, ka o wee nyefee ya n’aka gị dị nnọọ ka ọ dị taa.\n“Jehova wee sị m, ‘Lee, amalitewo m inyefe Saịhọn na ala ya n’aka gị. Malite iweghara ala ya.’\nMgbe Saịhọn pụtara, ya na ndị ya niile, ibuso anyị agha na Jehaz,\nJehova bụ́ Chineke anyị nyefere ya n’aka anyị, anyị wee merie ya na ụmụ ya ndị ikom nakwa ndị ya niile.\nAnyị wee weghara obodo ya niile n’oge ahụ ma bibie obodo ọ bụla, gbuokwa ndị ikom na ndị inyom na ụmụntakịrị. Ọ dịghị onye anyị hapụrụ ndụ.\nỌ bụ naanị anụ ụlọ ka anyị chịkọọrọ, tinyere ihe anyị kwatara n’obodo ndị anyị weghaara.\nMalite n’Aroa, nke dị n’akụkụ iyi ndagwurugwu Anọn, nakwa obodo nke dị na ndagwurugwu ahụ, ruo Gilied, e nweghị obodo nke mgbidi ya dị elu nke na anyị enweghị ike ịbanye ya. Jehova bụ́ Chineke anyị nyefere ha niile n’aka anyị.\nỌ bụ naanị na i jerughị ala ụmụ Amọn nso, bụ́ akụkụ dum nke iyi ndagwurugwu Jabọk, i jerughịkwa obodo ndị dị n’ógbè bụ́ ugwu ugwu nso, ma ọ bụkwanụ ebe ọ bụla nke Jehova bụ́ Chineke anyị nyere iwu banyere ya."
      }
    ]
  }
]