{
    "cloze_data": [
        {
            "question": "ബി.സി. 3-ാം ശ.-ത്തിൽ സിസിലിയിൽ ജീവിച്ചിരുന്ന ബിയോൺ, അദ്ദേഹത്തിന്റെ ശിഷ്യനായ മോർക്കസ് എന്നീ അജപാലവിലാപകാവ്യകാരൻമാരുടെ ചുവടുപിടിച്ചാണ് ഷെല്ലി ഈ കൃതി രചിച്ചിട്ടുള്ളത്. അഡോണേ എന്നപേരുതന്നെ ബിയോണിന്റെ അഡോണിസിനെച്ചൊല്ലിയുളള വിലാപം (Lament for adonis) എന്ന കൃതിയിൽനിന്നും സ്വീകരിച്ചിട്ടുള്ളതാണ്. <MASK>റുടെ അസ്ത്രോഫൽ, മിൽട്ടന്റെ ലിസിഡസ്, ആർനോൾഡിന്റെ തെർസിസ് എന്നീ വിലാപകാവ്യങ്ങളോട് ഷെല്ലിയുടെ ഈ കൃതിക്കു സാദൃശ്യമുണ്ട്.",
            "answer": "സ്പെൻസ",
            "category": "PER",
            "title": "അഡോണ",
            "out_of_context_options": [
                "Mohan.D.Kangazha"
            ],
            "options": [
                "Mohan.D.Kangazha",
                "സ്പെൻസ",
                "ഷെല്ലി",
                "കീറ്റ്സ്"
            ]
        },
        {
            "question": "പ്ലാറ്റോയുടെ ദൂരദർശിനി ഡിസൈൻ ചെയ്തിരിക്കുന്നത് <MASK>, സ്വിറ്റ്സർലന്റ്, സ്വീഡൻ എന്നിവിടങ്ങളിൽ നിന്നുള്ള ശാസ്ത്രജ്ഞരുടെ ഒരു സംഘമാണ്. INAF (Osservatorio Astronomico di Padova)ലെ റോബർട്ടൊ റഗാസോണിയാണ് ഇതിന് നേതൃത്വം നൽകുന്നത്. ഇറ്റാലിയൻ സ്പേസ് ഏജൻസി, സ്വിസ് സ്പേസ് ഓഫീസ്, സ്വീഡിഷ് നാഷണൽ സ്പേസ് ബോർഡ് എന്നിവയാണ് ദൂരദർശിനിയുടെ നിർമ്മാണത്തിനാവശ്യമായ ചെലവ് വഹിക്കുന്നത്.",
            "answer": "ഇറ്റലി",
            "category": "ORG",
            "title": "പ്ലേറ്റോ (ബഹിരാകാശപേടകം)",
            "options": [
                "ഇറ്റലി",
                "സ്വീഡൻ",
                "സ്വിറ്റ്സർലന്റ്",
                "കോറോട്ട്"
            ]
        },
        {
            "question": "സോവിയറ്റ് റഷ്യയുടെ സഹായത്തോടെ അഫ്ഗാനിസ്ഥാനിൽ നിലവിലിരുന്ന ഭരണത്തിനെതിരായുള്ള കലാപത്തിൽ <MASK> സഹായിക്കാൻ വിവിധ മുസ്ലിം നാടുകളിൽ നിന്ന് അഫ്ഘാനിസ്ഥാനിലെത്തിയ പോരാളികളുടെ കൂട്ടായ്മയാണ് സോവിയറ്റ് റഷ്യയുടെ തകർച്ചയോടുകൂടി അൽ ഖാഇദയായി പരിണമിച്ചത്.അമേരിക്ക സോവിയറ്റ് യൂണിയന്റെ അഫ്ഗാനിസ്ഥാനിലുള്ള കടന്നുകയറ്റത്തെ എതിർത്തിരുന്നു.  സോവിയറ്റുകാരെയും അഫ്‌ഗാനിലെ മാർക്സിസ്റ്റുകാരെയും എതിർത്തിരുന്ന അഫ്ഗാൻ മുജാഹിദ്ദീനുകളെ അമേരിക്ക സഹായിച്ചു. പാകിസ്താനിലെ ഐ.എസ്.ഐ. വഴി ധാരാളം സാമ്പത്തിക സഹായം ആദ്യകാലത്ത് അമേരിക്ക ചെയ്തുവന്നു. അഫ്ഗാൻ മുജാഹിദ്ദീനുകൾക്ക് ശക്തിപകരാനായി വിദേശീയരായ നിരവധി  അറബ് മുജാഹിദ്ദീനുകൾ മുന്നോട്ടുവന്നുകൊണ്ടിരുന്നു.  മക്താബ് അൽ ഖിദാമത്ത് പോലുള്ള അന്താരാഷ്ട്ര സംഘടനകൾ ഇതിനു  പലസ്തീൻ പണ്ഡിതനായ അബ്ദുള്ള യൂസഫ് അസം ആയിരുന്നു ആദ്യകാലത്ത് ഇത്തരം കൂട്ടായ്മകളെ നയിച്ചത്.  അസം കൊല്ലപ്പെട്ടതിനുശേഷം  1988 ൽ ഒസാമ ബിൻ ലാദൻ ഇതിന്റെ നേതൃത്വം ഏറ്റെടുത്തു. അൽ ഖാഇദയുടെ തന്ത്രങ്ങൾ‍ ആവിഷ്കരിച്ചിരുന്നത് അബൂ ഉബൈദ പഞ്ചശീരിയും അബൂ ഹഫ്സ് അൽ മിസ് റിയും കൂടെയായിരുന്നു.",
            "answer": "വിമതവിഭാഗത്തെ",
            "category": "ORG",
            "title": "അൽ ഖാഇദ",
            "options": [
                "ഇസ്രായേലിനുമെതിരെ",
                "വിമതവിഭാഗത്തെ",
                "അഫ്ഗാനിസ്ഥാനിൽ",
                "അമേരിക്കയിലെ"
            ]
        },
        {
            "question": "ഉൽക്കണ്ഠാകുലമായ പല പരിവർത്തനങ്ങൾക്കും വിധേയമാവുകയായിരുന്നു പിന്നീടദ്ദേഹത്തിന്റെ ജീവിതം. ആദ്യം വാതരോഗവും തുടർന്നു ക്ഷയരോഗവും പിടിപെട്ടു. എന്തും സഹിച്ചും ജീവിതം ആസ്വദിക്കുവാൻ അതീവതാൽപര്യം കാണിച്ച ആ മഹാകവി മരണവുമായി അനുക്ഷണം അടുക്കുകയായിരുന്നു അപ്പോൾ. നാളുകൾ അധികം നീങ്ങിയില്ല. കേരളത്തിലെ സഹൃദയലോകത്തെയാകെ ദുഃഖത്തിലാഴ്ത്തിക്കൊണ്ട്‌, 1948 ജൂൺ 17-ആം തീയതി ഉച്ചതിരിഞ്ഞ്‌ <MASK> മംഗളോദയം നഴ്സിങ്ങ്‌ ഹോമിൽവച്ച്‌, ഈ ലോകത്തോട്‌ അദ്ദേഹം യാത്രപറഞ്ഞു. 37 വയസ്സേ അപ്പോൾ അദ്ദേഹത്തിനുണ്ടായിരുന്നുള്ളൂ. സ്വന്തം നാടായ ഇടപ്പള്ളിയിൽ അദ്ദേഹത്തെ സംസ്കരിച്ചു. അദ്ദേഹത്തിന്റെ ഓർമ്മയ്ക്കായി ഇടപ്പള്ളിയിൽ ചങ്ങമ്പുഴ സാംസ്കാരിക സമിതി, കലാവേദി, ചങ്ങമ്പുഴ സ്മാരക ഗ്രന്ഥശാല, പാർക്ക് എന്നിവ സ്ഥാപിച്ചിട്ടുണ്ട്. വർഷം തോറും ചങ്ങമ്പുഴയുടെ ഓർമ്മയ്ക്ക് വിവിധ കലാപരിപാടികൾ സംഘടിപ്പിച്ചു പോരുന്നു. 2017-ൽ കൊച്ചി മെട്രോ പ്രവർത്തനമാരംഭിച്ചപ്പോൾ ചങ്ങമ്പുഴ പാർക്ക് ആസ്ഥാനമായി ഒരു റെയിൽവേ സ്റ്റേഷനും നിലവിൽ വന്നിരുന്നു.",
            "answer": "തൃശ്ശൂർ",
            "category": "LOC",
            "title": "ചങ്ങമ്പുഴ കൃഷ്ണപിള്ള",
            "options": [
                "ഇടപ്പള്ളി",
                "എറണാകുളം",
                "ഇടപ്പള്ളിയാണ്‌",
                "തൃശ്ശൂർ"
            ]
        },
        {
            "question": "പാലക്കാട്  ജില്ലയിലെ ആലത്തൂർ താലൂക്കിൽ കുഴൽമന്ദം ബ്ളോക്കിൽ സ്ഥിതി ചെയ്യുന്ന ഒരു ഗ്രാമപഞ്ചായത്താണ്‌ കുത്തന്നൂർ ഗ്രാമപഞ്ചായത്ത് . കുത്തന്നൂർ, തോലന്നൂർ എന്നീ വില്ലേജുകൾ ഉൾ‍പ്പെടുന്ന ഗ്രാമപഞ്ചായത്താണ് കുത്തന്നൂർ. പഞ്ചായത്തിന്റെ അതിരുകൾ വടക്ക് <MASK>, കോട്ടായി, മാത്തൂർ പഞ്ചായത്തുകൾ‍, കിഴക്ക് കുഴൽ‍മന്ദം പഞ്ചായത്ത്, തെക്ക് എരിമയൂർ‍, തരൂർ പഞ്ചായത്തുകൾ, പടിഞ്ഞാറ് പെരിങ്ങോട്ടുകുറിശ്ശി പഞ്ചായത്ത് എന്നിവയാണ്. കുത്തന്നൂർ പഞ്ചായത്തിന്റെ ആകെ വിസ്തൃതി 35.83 ചതുരശ്ര കിലോമീറ്റർ ആണ്.കുത്തനൂർ പഞ്ചായത്തിലെ ചരിത്രപ്രധാനമായ സ്ഥലമാണ് മുപ്പുഴ കാട്.മരുതംതടം മുപ്പുഴ പതിനൊന്നാം വാർഡിലാണ് ഇവിടെ നീളിപ്പാറ ഹനഫി ജുമാ മസ്ജിദും.ശ്രി ദുർഗ്ഗദേവി ക്ഷേത്രവും ഉണ്ട് പത്താം വാർഡ് മലഞ്ചിറ്റി കോണിക്കുന്ന് ഇവിടെ കയറാംപാറ മഖ്ബറ ജാറവും ഉണ്ട് നിരവധി വിശ്യാസികൾ ഇവിടേക്ക് സന്ദർശിക്കാൻ വരുന്നുണ്ട്.",
            "answer": "പെരിങ്ങോട്ടുകുറിശ്ശി",
            "category": "ORG",
            "title": "കുത്തന്നൂർ ഗ്രാമപഞ്ചായത്ത്",
            "options": [
                "മാത്തൂർ",
                "തരൂർ",
                "പെരിങ്ങോട്ടുകുറിശ്ശി",
                "എരിമയൂർ"
            ]
        },
        {
            "question": "ഉപഗ്രഹവിക്ഷേപണവാഹനത്തിന്റെ വിജയം കലാമിനെ കൂടുതൽ ഉത്തരവാദിത്തമുള്ള ജോലിയിലേക്കു നയിച്ചു. പ്രധാനമന്ത്രി <MASK> പ്രത്യേക താൽപര്യപ്രകാരം ഇന്ത്യക്കു വേണ്ടി ഒരു ബാലിസ്റ്റിക് മിസൈൽ നിർമ്മിക്കുക എന്നതായിരുന്നു കലാമിനു ചെയ്യേണ്ടുന്നതായ പുതിയ ദൗത്യം. ഈ പദ്ധതിക്ക് കേന്ദ്ര മന്ത്രിസഭ അംഗീകാരം നൽകിയില്ലെങ്കിലും, ഇന്ദിരാഗാന്ധി തന്റെ ഭരണഘടനാനുസൃതമായ അധികാരം ഉപയോഗിച്ച് ഈ പദ്ധതിക്കുവേണ്ടി പണം അനുവദിക്കുകയായിരുന്നു . ഇന്ത്യക്കു വേണ്ടി മിസൈലുകൾ ഘട്ടം ഘട്ടമായി വികസിപ്പിക്കുന്ന ഒരു പദ്ധതിയാണ് കലാം അന്നത്തെ പ്രതിരോധമന്ത്രിയായിരുന്ന ആർ.വെങ്കട്ടരാമന്റെ മുന്നിൽ അവതരിപ്പിച്ചത്. 12 വർഷം ആയിരുന്നു പദ്ധതിയുടെ കാലയളവായി കലാം കണക്കാക്കിയിരുന്നത്. എന്നാൽ ഈ  മാതൃകക്കു പകരം ഒരു സം‌യോജിത ഗൈഡഡ് മിസൈൽ വികസന പദ്ധതി തയ്യാറാക്കാനും നടപ്പാക്കാനും വെങ്കിട്ടരാമൻ കലാമിനോട് ആവശ്യപ്പെടുകയായിരുന്നു. ഇതിനായി 388 കോടി രൂപ വകയിരുത്തുകയും ചെയ്തു. ഈ പദ്ധതിയുടെ കീഴിൽ കലാമിന്റെ നേതൃത്വത്തിൽ ഒട്ടനവധി മിസൈലുകൾ നിർമ്മിക്കുകയുണ്ടായി.",
            "answer": "ഇന്ദിരാഗാന്ധിയുടെ",
            "category": "PER",
            "title": "എ.പി.ജെ. അബ്ദുൽ കലാം",
            "options": [
                "രാജീവ്ഗാന്ധിയുടെയും",
                "ഇന്ദിരാഗാന്ധിയുടെ",
                "ഇന്ദിരാഗാന്ധിയുടെയും",
                "കെ.ആർ.നാരായണനുശേഷം"
            ]
        },
        {
            "question": "അക്കു അക്ബർ സംവിധാനം ചെയ്ത് 2011-ൽ പുറത്തിറങ്ങിയ ഒരു മലയാളചലച്ചിത്രമാണ് വെള്ളരിപ്രാവിന്റെ ചങ്ങാതി. <MASK>, കാവ്യ മാധവൻ, മനോജ് കെ. ജയൻ, ഇന്ദ്രജിത്ത് എന്നിവരാണ് പ്രധാനകഥാപാത്രങ്ങളെ അവതരിപ്പിച്ചിരിക്കുന്നത്. ഈ ചിത്രത്തിലെ അഭിനയത്തിന് ദിലീപിന് 2011-ലെ മികച്ച നടനുള്ള കേരളസംസ്ഥാന ചലച്ചിത്രപുരസ്കാരം ലഭിച്ചു. പ്രമാദമായ സുലേഖ കൊലക്കേസിനെ ആസ്പദമാക്കിയാണ് ജി.എസ്. അനിൽ ചിത്രത്തിന്റെ തിരക്കഥ രചിച്ചത്. ചാന്ദ് വി ക്രിയേഷൻസിന്റെ ബാനറിൽ അരുൺ ഘോഷ്, ഷിജോയ് എന്നിവർ ചേർന്നാണ് ചിത്രം നിർമ്മിച്ചത്.",
            "answer": "ദിലീപ്",
            "category": "PER",
            "title": "വെള്ളരിപ്രാവിന്റെ ചങ്ങാതി",
            "options": [
                "വിജയരാഘവൻ",
                "ലാൽ",
                "മാമുക്കോയ",
                "ദിലീപ്"
            ]
        },
        {
            "question": "ക്രി.മുൻപ് 1900-ത്തിനടുത്ത് ഹരപ്പൻ സംസ്കാരത്തിന്റെ പക്വഘട്ടം അവസാനിച്ചതോടെ ചിഹ്നങ്ങളുടെ ക്രമീകൃതമായ ഉപയോഗം അവസാനിച്ചു. ഇന്ത്യയിലെ ഇരുമ്പുയുഗത്തിന്റെ തുടക്കത്തിനടുത്ത് ക്രി.മു. 1100-ലേതായിപോലും ചില ഹരപ്പൻ ലിഖിതങ്ങൾ ഉണ്ടെന്ന് പറയപ്പെടുന്നു.  <MASK> ബെത്ത് ദ്വാരകയ്ക്കാടുത്ത് കരയിൽ നടത്തിയ പര്യവേഷണങ്ങളിൽ മൂന്നു തലയുള്ള ജീവിയെ ചിത്രീകരിച്ചിട്ടുള്ള പിൽക്കാല സിന്ധുമുദ്ര,  പിൽക്കാല ഹരപ്പൻ ലിപി രേഖപ്പെടുത്തിയിട്ടുള്ള മൺപാത്രങ്ങൾ, ക്രി.വ. 16-ആം നൂറ്റാണ്ടിലേതായി കരുതപ്പെടുന്ന വിവിധതരം മൺപാത്രങ്ങൾ എന്നിവ ലഭിച്ചു.  ബെത്ത് ദ്വാരകയിൽ നിന്നു കിട്ടിയ മൺപാത്രങ്ങളുടെ തെർമോലൂമിനിസൻസ് സാങ്കേതിക വിദ്യ ഉപയോഗിച്ച് നിർണ്ണയിക്കപ്പെട്ടിട്ടുള്ള കാലം ക്രി.മു. 1528 ആണ്‌.  പിൽക്കാല ഹരപ്പൻ ലിപി. 1500 വരെ ഉപയോഗത്തിലിരുന്നതായി ഈ തെളിവിന്റെ അടിസ്ഥാനത്തിൽ വാദിക്കപ്പെട്ടിട്ടുണ്ട്.ഇൻഡ്യയിൽ ബിഹാറിലെ വൈശാലിയിലും [http://www.varalaaru.com/Default.asp?articleid=194#f10 തമിഴ്‌നാട്ടിലെ മൈലാടുംതുറയിലും [http://www.harappa.com/arrow/stone_celt_indus_signs.html] നടന്ന അന്വേഷണങ്ങളിൽ ക്രി.വ. 1100-നടുത്ത കാലത്തെ പോലും പിൽക്കാല സിന്ധുലിപിയുടെ മാതൃകകൾ കണ്ടുകിട്ടിയതായി അവകാശവാദമുണ്ട്.",
            "answer": "ഗുജറാത്തിലെ",
            "category": "ORG",
            "title": "സിന്ധു ലിപി",
            "options": [
                "ബി.ബി.സി.",
                "ഗുജറാത്തിലെ",
                "കേരളത്തിലെ",
                "തമിഴ്‌നാട്ടിലെ"
            ]
        },
        {
            "question": "ബ്രിട്ടീഷ് കാലഘട്ടത്തിൽ പണിത  പാശ്ചാത്യമാതൃകയിലുള്ള കെട്ടിടങ്ങൾ ചെമ്മാട് സ്ഥിതി ചെയ്യുന്നു. അവയിൽ പലതും ഇപ്പോൾ സർക്കാർ സ്ഥാപനങ്ങളാണ്‌. തിരൂരങ്ങാടി താലൂക്ക് ആശുപത്രി, തിരൂരങ്ങാടി പോലീസ് സ്റ്റേഷൻ, തിരൂരങ്ങാടി സബ് ട്രഷറി, തിരൂരങ്ങാടി താലൂക്ക് ഓഫീസ്, പ്രശസ്ത മുസ്ലിം മതപഠനകേന്ദ്രമായ ദാറുൽഹുദാ ഇസ്ലാമിക് യൂണിവേഴ്സിറ്റി തുടങ്ങി നിരവധി സ്ഥാപനങ്ങൾ ചെമ്മാട് സ്ഥിതി ചെയ്യുന്നു. ചെമ്മാട്  പട്ടണത്തിൽ നിന്നും <MASK> തിരൂർ പരപ്പനങ്ങാടി കോട്ടക്കൽ മലപ്പുറം മഞ്ചേരി തുടങ്ങിയ സ്ഥലങ്ങളിലേക്ക് ബസ്‌ ഗതാഗതം ലഭ്യമാണ്. സി കെ നഗർ എന്ന ഒരു ഗ്രാമം ചെമ്മാട്‌ മായി ചേർന്ന കിടക്കുന്നു.",
            "answer": "കോഴിക്കോട്",
            "category": "LOC",
            "title": "ചെമ്മാട്",
            "options": [
                "മലപ്പുറം",
                "കോഴിക്കോട്",
                "തിരൂരങ്ങാടി",
                "തിരൂർ"
            ]
        },
        {
            "question": "1887-ൽ വിക്ടോറിയ രാജ്ഞിയുടെ സുവർണ്ണ ജൂബിലി ആഘോഷത്തിനായി ബർണറ്റ് <MASK> പോകുകയും ഇത് അമേരിക്കയിൽ നിന്ന് ഇംഗ്ലണ്ടിലേക്കുള്ള ട്രാൻസ്അറ്റ്‌ലാന്റിക് സമുദ്ര യാത്രകളിൽ ആദ്യത്തേതായി മാറുകയും ചെയ്തു. കുട്ടികളോടൊപ്പം അവർ ലണ്ടനിലെ മാഡം തുസാഡിന്റെ വാക്സ് മ്യൂസിയം പോലുള്ള വിനോദസഞ്ചാര കേന്ദ്രങ്ങൾ സന്ദർശിച്ചിരുന്നു. അവളുടെ വാടക മുറികളിൽ ചൊവ്വാഴ്ച വൈകുന്നേരങ്ങളിലെ സാഹിത്യ സദസ് തുടരുകയും ഇത് താമസിയാതെ സന്ദർശകരെ ആകർഷിച്ചതോടൊപ്പം സ്റ്റീഫൻ ടൌൺസെൻഡിനെ ആദ്യമായി കണ്ടുമുട്ടുന്നതിനിടയാക്കുകയും ചെയ്തു. തിരക്കുപിടിച്ച തന്റെ പരിപാടികൾക്കിടയിൽ ചൂട്, വിനോദസഞ്ചാരികളുടെ തിരക്ക് എന്നിവയാൽ അവൾക്ക് അസുഖം അനുഭവപ്പെടുകയും കിടക്കയിൽ ദീർഘനേരം ചെലവഴിക്കുകയും ചെയ്തു.  മക്കളോടൊപ്പം അവൾ ശീതകാലം ഫ്ലോറൻസിൽ ചെലവഴിക്കുകയും അവിടെവച്ച് ദി ഫോർച്യൂൺസ് ഓഫ് ഫിലിപ്പ ഫെയർഫാക്സ് എഴുതുകയും അമേരിക്കയിൽ അല്ലാതെ ഇംഗ്ലണ്ടിൽ പ്രസിദ്ധീകരിച്ച അവരുടെ ഒരേയൊരു പുസ്തകമായി ഇതു മാറുകയും ചെയ്തു. ആ ശൈത്യകാലത്ത് സാറാ ക്രൂ ഓർ വാട്ട് ഹാപ്പെൻഡ് അറ്റ് മിസ് മിൻ‌ചിൻ‌സ് അമേരിക്കൻ ഐക്യനാടുകളിൽ പ്രസിദ്ധീകരിച്ചു.",
            "answer": "ഇംഗ്ലണ്ടിലേക്ക്",
            "category": "ORG",
            "title": "ഫ്രാൻസെസ് ഹോഡ്സൺ ബർനെറ്റ്",
            "options": [
                "ജെനോവയിലാണ്",
                "ഇംഗ്ലണ്ടിലേക്ക്",
                "ന്യൂയോർക്കിലെ",
                "ടെന്നസിയിലേക്ക്"
            ]
        },
        {
            "question": "<MASK> നിലനിന്നിരുന്ന കരാറുകൾ പുനരവലോകനം ചെയ്യുന്നതിന് ബ്രിട്ടീഷ് ഇന്ത്യയുടെ അന്നത്തെ വൈസ്രോയി ആയിരുന്ന കർസൺ പ്രഭു, ഭരണമേറ്റതിനുശേഷം അമീർ ഹബീബുള്ളയെ ഇന്ത്യയിലേക്ക് ക്ഷണിച്ചിരുന്നു. എന്നാൽ ഇന്ത്യ സന്ദർശിക്കാനുള്ള ക്ഷണം ഹബീബുള്ള നിരസിച്ചു. തുടർന്ന് ബ്രിട്ടീഷുകാരുടെ വിദേശകാര്യ സെക്രട്ടറിയായിരുന്ന ലൂയിസ് ഡാൻ കാബൂളിലെക്കെത്തി. ചർച്ചകൾ തുടർന്നെങ്കിലും ക്വെത്തയിൽ നിന്നും അഫ്ഗാനിസ്താനിലേക്ക് തീവണ്ടിപ്പാത നീട്ടാനുള്ള ബ്രിട്ടീഷുകാരുടെ ആഗ്രഹം സഫലമായില്ല. എന്നിരുന്നാലും 1905 മാർച്ച് 21-ന്‌ ഹബീബുള്ളയെ അഫ്ഗാനിസ്താന്റെ സ്വതന്ത്രഭരണാധികാരിയായി ബ്രിട്ടീഷുകാർ അംഗീകരിക്കുകയും അബ്ദുർ റഹ്മാന്റെ മരണത്തോടെ, 1901-ൽ നിർത്തിവച്ച ധനസഹായം തുടർന്നും നൽകാനും തീരുമാനിച്ചു.",
            "answer": "അബ്ദുർറഹ്മാനുമായി",
            "category": "PER",
            "title": "ഹബീബുള്ള ഖാൻ",
            "options": [
                "അമാനുള്ള",
                "നാസറുള്ള",
                "അബ്ദുർറഹ്മാനുമായി",
                "നാസറുള്ളായാണ്"
            ]
        },
        {
            "question": "<MASK> നവോത്ഥാനയുഗത്തിലെ (ജനനം 1541; മരണം 7 ഏപ്രിൽ 1614) ഒരു ചിത്രകാരനും, ശില്പിയും, വാസ്തുവിദഗ്ദ്ധനുമായിരുന്നു  ആദ്യം ഡൊമിനിക്കോസ് തിയോടൊക്കോ പൗലോസ് എന്നു പേരുണ്ടായിരുന്ന എൽ ഗ്രെക്കോ.  ഗ്രീക്ക് പശ്ചാത്തലമുള്ള മദ്ധ്യധരണിദ്വീപായ ക്രീറ്റിൽ ജനിച്ച അദ്ദേഹത്തിന്റെ ദേശീയതയും പശ്ചാത്തലവും സൂചിപ്പിക്കുന്ന പേരാണ്, 'ഗ്രീക്കുകാരൻ'(the Greek) എന്നർത്ഥമുള്ള എൽ ഗ്രെക്കോ. സ്വന്തം സൃഷ്ടികളിൽ അദ്ദേഹം ഗ്രീക്ക് അക്ഷരങ്ങളിൽ  ഡോമിനിക്കോ തിയൊടോക്കോപൗലൊസ് എന്നാണ് സാധാരണ ഒപ്പിട്ടിരുന്നത്. ചിലപ്പോൾ, 'ക്രീറ്റുകാരൻ' എന്നു കൂടി ഒപ്പിൽ എഴുതിച്ചേർത്തിരുന്നു.",
            "answer": "സ്പാനിഷ്",
            "category": "ORG",
            "title": "എൽ ഗ്രെക്കോ",
            "options": [
                "ഗ്രീക്ക്",
                "ഇറ്റലിയിൽ",
                "റോമിലേക്കു",
                "സ്പാനിഷ്"
            ]
        },
        {
            "question": "<MASK> നായകനാക്കി ലാൽ ആദ്യമായി സംവിധാനം ചെയ്ത ചലച്ചിത്രമാണ് 2012 ഏപ്രിൽ 12-ന് പ്രദർശനത്തിനെത്തിയ കോബ്ര. രാജ എന്ന കഥാപാത്രത്തെയാണ് മമ്മൂട്ടി അവതരിപ്പിക്കുന്നത്. ഒപ്പം മറ്റൊരു പ്രധാന കഥാപാത്രമായ കരിയെ സംവിധായകൻ ലാൽ തന്നെ അവതരിപ്പിക്കുന്നു. സലിം കുമാർ, മണിയൻപിള്ള രാജു, ജഗതി, ലാലു അലക്സ് എന്നിവരാണ് മറ്റു കഥാപാത്രങ്ങളെ അവതരിപ്പിക്കുന്നത്. എംപറർ ഫിലിംസിന്റെ ബാനറിൽ ആന്റോ ജോസഫാണ് ചിത്രം നിർമ്മിച്ചിരിക്കുന്നത്. ചിത്രത്തിന്റെ ഛായാഗ്രഹണം വേണു നിർവഹിച്ചിരിക്കുന്നു. സംവിധായകൻ ലാൽ ആദ്യമായി സ്വന്തം ചിത്രത്തിൽ അഭിനയിച്ചിരിക്കുന്നു എന്നതും കോബ്രയുടെ സവിശേഷതയാണ്.",
            "answer": "മമ്മൂട്ടിയെ",
            "category": "PER",
            "title": "കോബ്ര (ചലച്ചിത്രം)",
            "options": [
                "ലാൽ",
                "മമ്മൂട്ടിയെ",
                "വേണു",
                "മമ്മൂട്ടി"
            ]
        },
        {
            "question": "പത്താം നൂറ്റാണ്ടിൽ വൈക്കിങ്ങുകളാണ് യൂറോപ്പിൽ നിന്ന് വടക്കേ അമേരിക്കയിലേക്കുള്ള സഞ്ചാരത്തിന് തുടക്കം കുറിച്ചതായി രേഖകളിൽ കാണുന്നത്. എഡി 985ൽ അവർ <MASK> ഒരു താവളം സ്ഥാപിച്ചു. അത് 1400കൾ വരെ നിലനിന്നു.കാനഡയുടെ കിഴക്കേതീരങ്ങളും അവർ പര്യവേക്ഷണം നടത്തിയെങ്കിലും അവിടത്തെ താവളങ്ങൾ അല്പായുസ്സുകളായിരുന്നു. കണ്ടുപിടിത്തങ്ങളുടെ യുഗം ആരംഭിച്ചതും കൊളംബസിന്റെ യാത്രകളാൽ പ്രചോദിതരായും യൂറോപ്പുകാർ വലിയതോതിൽ അമേരിക്കയിലേക്ക് വന്നെത്തുകയും അതോടെ വടക്കൻ തെക്കൻ അമേരിക്കകളിൽ കോളനിവത്കരണം തുടങ്ങുകയും ചെയ്തു. കൊളംബസ് അമേരിക്കയിൽ എത്തുമ്പോൾ തന്നെ അമേരിക്കയിൽ സ്വദേശികളായ റെഡ് ഇന്ത്യൻ വംശജർ വസിച്ചിരുന്നു. അതിനുശേഷമുണ്ടായ കുടിയേറ്റത്തിൽ ഈ സ്വദേശികളെ കുടിയേറ്റക്കാർ പരാജയപ്പെടുത്തി. വടക്കേ അമേരിക്ക യൂറോപ്യൻ കിടമത്സരങ്ങളുടെ കൂത്തരങ്ങായിമാറി. യൂറോപ്പിലെ ശക്തികളായ ബ്രിട്ടണും ഫ്രാൻസും സ്പെയിനും ചേർന്ന് വൻകരയെ പകുത്തെടുത്തു. ഈ രാജ്യങ്ങളുടെ കോളനിവത്കരണത്തിന്റെ ശേഷിപ്പുകൾ ഇന്നും വടക്കേ അമേരിക്കൻ സംസ്കാരങ്ങളിൽ കാണാം.",
            "answer": "ഗ്രീൻലൻഡിൽ",
            "category": "ORG",
            "title": "വടക്കേ അമേരിക്കൻ ചരിത്രം",
            "options": [
                "ഗ്രീൻലൻഡിൽ",
                "കാനഡയുടെ",
                "മായൻ",
                "ബ്രിട്ടണും"
            ]
        },
        {
            "question": "അമേരിക്കൻ ഐക്യനാടുകളിൽ വൈദ്യുതക്കസേര മരണശിക്ഷയുടെ ഒരു പ്രതീകമായി മാറിയിട്ടുണ്ടെങ്കിലും ഇതിന്റെ ഉപയോഗം വിഷം കുത്തിവച്ചുള്ള മരണശിക്ഷയുടെ ആവിർഭാവത്തോടെ ക്ഷയിക്കാൻ തുടങ്ങി. കൂടുതൽ മനുഷ്യത്വപരമായ ശിക്ഷയാണ് വിഷം കുത്തിവയ്ക്കലെന്നാണ് പൊതു വിശ്വാസം. കുറച്ച് അമേരിക്കൻ സംസ്ഥാനങ്ങൾ വൈദ്യുതക്കസേര വധശിക്ഷാമാർഗ്ഗമായി നിലനിർത്തിയിട്ടുണ്ടെങ്കിലും ഇന്ന് ശിക്ഷ വിധിക്കപ്പെട്ടയാൾക്ക് വിഷം കുത്തിവയ്ക്കുന്നതിനു പകരം തിരഞ്ഞെടുക്കാവുന്ന ഒരു ദ്വിതീയ മാർഗ്ഗമായി മാത്രമാണ് മിക്കയിടങ്ങളിലും ഇതിന്റെ സ്ഥാനം. 2010-ൽ വൈദ്യുതക്കസേര ശിക്ഷാമാർഗ്ഗമായി തിരഞ്ഞെടുക്കാമായിരുന്ന സംസ്ഥാനങ്ങൾ  <MASK>, ഫ്ലോറിഡ, സൗത്ത് കരോലിന,  വിർജീനിയ എന്നിവയാണ്. ഇവ വിഷം കുത്തിവയ്ക്കുന്ന രീതി തിരഞ്ഞെടുക്കാനും കുറ്റവാളിക്ക് അവസരം നൽകുന്നുണ്ട്. കെന്റക്കി, ടെന്നസി എന്നിവിടങ്ങളിൽ 1998-ൻ മുൻപ് ചെയ്ത വധശിക്ഷയർഹിക്കുന്ന കുറ്റങ്ങളിലോ ഈ ശിക്ഷാരീതി തിരഞ്ഞെടുക്കുന്നവരിലോ മാത്രമേ വൈദ്യുതക്കസേര ഉപയോഗിക്കാവൂ (മറ്റുള്ളവരെ വിഷം കുത്തിവയ്ക്കുകയാണ് ചെയ്യുന്നത്). ആവശ്യം വന്നാൽ (മറ്റ് ശിക്ഷാ മാർഗ്ഗങ്ങൽ ഭരണഘടനാ വിരുദ്ധമായി വിധിക്കപ്പെട്ടാൽ) ഉപയോഗിക്കാവുന്ന ഒരു ശിക്ഷാ ഉപാധിയായി അർക്കൻസാസ്, ഓക്ലഹോമ എന്നിവിടങ്ങളിൽ വൈദ്യുതക്കസേര നിയമവ്യവസ്ഥയിൽ നിലനിർത്തപ്പെട്ടിട്ടുണ്ട്.",
            "answer": "അലബാമ",
            "category": "ORG",
            "title": "വൈദ്യുതക്കസേര",
            "options": [
                "അലബാമ",
                "അർക്കൻസാസ്",
                "ഫിലിപ്പീൻസിലും",
                "ടെന്നസി"
            ]
        },
        {
            "question": "ഈ ചിത്രം പൂർത്തിയായിക്കോണ്ടിരിക്കുമ്പോൾ ഗോയതന്നെ ശാരീരകവും മാനസികവുമായ തകർച്ചയോടടുക്കുകയായിരുന്നു.  <MASK> സ്പെയിനോട് യുദ്ധം പ്രഖ്യാപിച്ച് ആഴ്ചകൾ മാത്രമേ അപ്പോൾ കഴിഞ്ഞിരുന്നുള്ളു.  സമകാലീനനായ ഒരാൾ ഗോയയുടെ അവസ്ഥയെ ഇങ്ങനെ വിവരിച്ചിരിക്കുന്നു: “അദ്ദേഹത്തിന്റെ തലക്കുള്ളിൽ സ്വരങ്ങൾ കേൾക്കുന്നുവെന്നതിലോ ബധിരാവസ്ഥക്കോ ഒരു മാറ്റവുമുണ്ടായില്ല. എങ്കിലും അദ്ദേഹത്തിന്റെ ഭാവന മുൻപത്തേതിനേക്കാൾ ഭേദവും അദ്ദേഹം സ്വന്തം സന്തുലിതാവസ്ഥയിന്മേൽ നിയന്ത്രണമുള്ളവനും ആയി കാണപ്പെട്ടു.” ഗോയയുടെ അവസ്ഥക്ക് കാരണം വൈറസ് മൂലമുള്ള പഴകിയ ശിരോജ്വരമോ(encephalitis) രക്തസമ്മർദ്ദഫലമായി അടുത്തടുത്തുണ്ടായി തലച്ചോറിലെ ശ്രവണ-സന്തുലനസ്ഥാനങ്ങളെ ബാധിച്ച ചെറിയ ഹൃദയാഘാതങ്ങളോ ആയിരുന്നിരിക്കാം എന്നും  അത് അദ്ദേഹത്തിന്റെ മാനസികനിലയേയും അതുവഴി കലയേയും ബാധിച്ച് \"മക്കളെതിന്നുന്ന-ശനി\" പോലുള്ള കറുത്ത ചിത്രങ്ങളിൽ എത്തിച്ചിരിക്കാമെന്നും പറയപ്പെടുന്നു.",
            "answer": "ഫ്രാൻസ്",
            "category": "ORG",
            "title": "ഫ്രാൻസിസ്കോ ഗോയ",
            "options": [
                "സ്പെയിനോട്",
                "ഫ്രാൻസ്",
                "മാഡ്രിഡിലേക്ക്",
                "സ്പെയിൻ"
            ]
        },
        {
            "question": "പലതരത്തിലുള്ള ചിത്രകഥകൾ, കാർട്ടൂൺ പരമ്പരകൾ തയ്യാറാക്കി വിവിധ ഭാഷകളിലുള്ള പ്രസിദ്ധീകരണ സ്ഥാപനങ്ങൾക്ക് നല്കുന്ന സ്ഥാപനങ്ങൾ പാശ്ചാത്യരാജ്യങ്ങളിൽ ധാരാളമായി ഉണ്ടായിരുന്നു. ഫാന്റം, മാൻഡ്രേക്ക്, സ്‌പൈഡർ മാൻ തുടങ്ങിയ സാഹസിക കഥകളുടെ ക്രോമിക്‌സ് സ്ട്രിപ്പുകൾ ധാരാളമായി മലയാളത്തിലുള്ള ആനുകാലികങ്ങളിലും വരാറുണ്ട്. കുട്ടികൾക്ക് വിനോദവും വിജ്ഞാനവും പകരുന്ന ഭാരതീയ ഉള്ളടക്കമുള്ള കോമിക്‌സ് സ്ട്രിപ്പുകൾ തയ്യാറാക്കി വിവിധ ഭാഷാ പ്രസിദ്ധീകരണങ്ങൾക്ക് നല്കുന്ന (സിൻഡിക്കേറ്റ് ചെയ്യുന്ന) സ്ഥാപനങ്ങൾ <MASK> (ഇന്നത്തെ മുംബൈ)യിൽ ഉണ്ടായി. ഇത്തരത്തിലുള്ള ഇന്ത്യയിലെ ആദ്യ സ്ഥാപനമായിരുന്നു 'രംഗ രേഖ ഫീച്ചർ സിൻഡിക്കേറ്റ്' (സ്ഥാപിതം: 1970) പ്രശസ്ത ബാലസാഹിത്യകാരനും എഡിറ്ററുമായ 'അനന്ത് പൈ' ആയിരുന്നു ഇതിന്റെ ഉടമ. (1924- 2011) മണിപ്പാലിനടുത്തുള്ള കാർക്കലയിൽ ജനനം; 15-ാം വയസ്സു മുതൽ മുംബൈയിൽ, 'രംഗ രേഖ' തയ്യാറാക്കിയിരുന്ന 'കപീഷ്' എന്ന കോമിക്‌സ് സ്ട്രിപ്പിന്റെ മലയാള പ്രസിദ്ധീകരണ അവകാശം പൈകോ 'പൂമ്പാറ്റ' നേടിയിരുന്നു. യഥാർത്ഥത്തിൽ അനന്ത് പൈ 'ടൈംസ് ഓഫ് ഇന്ത്യ'യിൽ ജോലിചെയ്യുന്ന കാലത്ത് പൈകോ ഉടമയായ എസ്.വി.",
            "answer": "ബോംബെ",
            "category": "LOC",
            "title": "പൂമ്പാറ്റ (ദ്വൈവാരിക)",
            "options": [
                "ഇരിങ്ങാലക്കുടയിലുള്ള",
                "എറണാകുളത്തുനിന്ന്",
                "തൃശൂർ",
                "ബോംബെ"
            ]
        },
        {
            "question": "ഒട്ടേറെ ഹിമാനികളാൽ പ്രശസ്തമാണ് <MASK> അലാസ്ക സ്റ്റേറ്റ്. അതുകൊണ്ട് അലാസ്കയെ ഗ്ലേഷ്യറുകളുടെ നാട് എന്നുവിളിക്കുന്നു.  ഏറ്റവും വലിയ ഹിമാനി അന്റാർട്ടിക്കിലാണ്‌. ലാംബർട്ട് ഹിമാനി (Lambert) എന്നാണിതിന്റെ പേര്‌. ഏറ്റവും വേഗം കൂടിയ  ഹിമാനികള്ളിൽ ഒന്ന് ഗ്രീൻലൻഡിലാണ്‌. Jakobshavn Isbræ എന്ന് പേരുള്ള ഇതിന്‌ ഏകദേശം 20 മീറ്റർ /ദിനം വേഗതയുണ്ട്.",
            "answer": "അമേരിക്കയിലെ",
            "category": "ORG",
            "title": "ഹിമാനി",
            "options": [
                "ഇന്ത്യയിലും",
                "ഗ്രീൻലൻഡിലാണ്‌",
                "അമേരിക്കയിലെ",
                "ആസ്ട്രേലിയ"
            ]
        },
        {
            "question": "ബ്രിട്ടീഷ് ആധിപത്യത്തിന്റെ കാലഘട്ടത്തിൽ കേരളത്തിന്റെ വടക്കൻ മേഖലകൾ മദിരാശി സംസ്ഥാനത്തിന്റെ ഭാഗമായി ബ്രിട്ടീഷുകാരുടെ നേരിട്ടുള്ള ഭരണത്തിലായിരുന്നു, <MASK> ഫ്രഞ്ചു കോളനിയുമായിരുന്ന ഈ കാലഘട്ടത്തിൽ തിരുവിതാംകൂറും കൊച്ചിയിലും നാട്ടുരാജാക്കൻമാരിലൂടെയാണ് ബ്രിട്ടീഷുകാർ ഭരണം നടത്തിയിരുന്നത്.  സ്വതന്ത്ര ഇന്ത്യയിൽ ഐക്യകേരള രൂപവത്കരണ സമയം വരെയും മലബാർ മദിരാശി സംസഥാനത്തിന്റെ ഭാഗമായിരുന്നു.",
            "answer": "മയ്യഴി",
            "category": "LOC",
            "title": "വടക്കേ മലബാർ",
            "options": [
                "മാനന്തവാടി",
                "മയ്യഴി",
                "കണ്ണൂർ",
                "വടകര"
            ]
        },
        {
            "question": "കോൺസ്റ്റന്റീൻ ഒന്നാമന്റെ തന്റെ കോൺസുലർ പദവിയുടെ നാലാമൂഴത്തിൽ ഗാല്ലിക്കനസ് കൂടി കോൺസുലർ ആയിരിക്കെ മാർച്ച് 30-ന് പുറപ്പെടുവിച്ച പ്രഖ്യാപനമെന്ന മട്ടിൽ ചമക്കപ്പെട്ടിരിക്കുന്ന ഈ രേഖയിൽ ക്രിസ്തീയവിശ്വാസത്തിന്റെ വിശദമായ ഏറ്റുപറച്ചിലും, കുഷ്ഠരോഗത്തിൽ നിന്നു മുക്തികിട്ടാൻ ആഗ്രഹിച്ച ചക്രവർത്തിയെ സിൽവെസ്റ്റർ ഒന്നാമൻ മാർപ്പാപ്പ മാനസാന്തരപ്പെടുത്തി ജ്ഞാനസ്നാനം നൽകിയതിന്റെ കഥയും കാണാം. കൃതജ്ഞതാഭരിതനായ ചക്രവർത്തി, പത്രോസിന്റെ സിംഹാസനത്തെ, അധികാരവും, ബഹുമതിയും, മഹത്ത്വവും, ഉശിരും, സാമ്രാജ്യത്വവും, <MASK>, അന്ത്യോഖ്യ, യെരുശലേം, കോൺസ്റ്റാന്റിനോപ്പിൾ എന്നീ മുഖ്യസിംഹാസനങ്ങൾക്കും ലോകമൊട്ടാകെയുള്ള ദൈവത്തിന്റെ സഭകൾക്കും മേൽ  പ്രാമുഖ്യവും ഭരമേല്പിക്കാൻ തീരുമാനിച്ചതായും പറയുന്നു.  പത്രോസിന്റേയും പൗലോസിന്റേയും ദേവാലയങ്ങളുടെ പരിപാലനത്തിനായി യൂദയായിലും, ഗ്രീസിലും, ഏഷ്യയിലും, ത്രേസിലും, ആഫ്രിക്കയിലും, ഇറ്റലിയിലും വിവിധദ്വീപുകളിലും ഭൂസ്വത്ത് ദാനം ചെയ്ത ചക്രവർത്തി, സാമ്രാജ്യാധികാരമുദ്രയും, മകുടമണിയും, റോമാനഗരിയും, ഇറ്റലിയിലും പശ്ചിമദേശങ്ങളിലുമുള്ള പ്രവിശ്യകളും, നഗരങ്ങളും സിൽവെസ്റ്റർ മാർപ്പാപ്പാക്കും അനന്തരഗാമികൾക്കുമായി നൽകിയെന്നും രേഖയിൽ പറയുന്നു.",
            "answer": "അലക്സാണ്ട്രിയ",
            "category": "ORG",
            "title": "കോൺസ്റ്റന്റീന്റെ ദാനം",
            "options": [
                "അലക്സാണ്ട്രിയ",
                "യെരുശലേം",
                "'വിശുദ്ധറോമാസാമ്രാട്ട്'",
                "ഇറ്റലിയിലും"
            ]
        }
    ]
}