[{"doc_id": "HAREM-811-00058", "doc_text": "\n\nW. JAMES\nWillian James\nWillian James, fil\u00f3sofo e psic\u00f3logo. Foi o mais influente dos pensadores dos EUA, criador do pragmatismo. Nasceu e, Nova Iorque, a 11 de Janeiro de 1842. O seu pai, Henru James, era um te\u00f3logo seguidor de Emanuel Swedenborg. Um dos seus irm\u00e3os foi o conhecido novelista Henry James. Concluiu os seus estudos de medicina, em 1870, na Universidade de Harvard, onde iniciou a sua carreira como professor de fisiologia em 1872. A partir de 1880 ensinou psicologia e filosofia em Harvard, universidade que abandonou em 1907, proferindo confer\u00eancias nas universidades de Columbia e Oxford. Morreu em Chocorua, New Hampshire, a 26 de Agosto de 1910.\nObras\nPrinc\u00edpios de Psicologia (1890), uma obra monumental que o projectou na comunidade cient\u00edfica e filos\u00f3fica do tempo. A Vontade de Crer e Outros Ensaios Sobre Filosofia Popular (1897), A Imortalidade Humana (1898), Diversidade da Experi\u00eancia Religiosa (1902). Pragmatismo: um nome novo para velhas formas de pensar (1907). Esta obra resume as contribui\u00e7\u00f5es de Willian James para o pragmatismo, termo empregue pela primeira vez por Charles Peirce.\nPrincipais Dom\u00ednios de Investiga\u00e7\u00e3o\nWillian James aplica \u00e0 psicologia o princ\u00edpio do funcionalismo, integrando-a no conjunto das ci\u00eancias experimentais.\nDurante d\u00e9cadas aplicou os seus m\u00e9todos emp\u00edricos \u00e0 investiga\u00e7\u00e3o de temas religiosos e filos\u00f3ficos. Explorou a quest\u00e3o da exist\u00eancia de Deus, a imortalidade da alma, o livre arb\u00edtrio e os valores \u00e9ticos, como fonte da experi\u00eancia religiosa e moral.\nO m\u00e9todo pragm\u00e1tico, desenvolvido a partir da an\u00e1lise do fundamento l\u00f3gico das ci\u00eancias, converte-se na base da avalia\u00e7\u00e3o de qualquer experi\u00eancia. O significado das ideias s\u00f3 pode ser analisado a partir das suas consequ\u00eancias. Se n\u00e3o produzem efeitos as ideias n\u00e3o t\u00eam sentido As ideias metafisicas s\u00e3o desprovidas de sentido porque n\u00e3o podem ser comprovadas. As teorias com significado, segundo Willian James, s\u00e3o aquelas que permitem resolver problemas que decorrem da experi\u00eancia. \nCarlos Fontes\nNavegando na Filosofia\n", "entities": [{"entity_id": "0", "text": "W. JAMES", "label": "PESSOA", "start_offset": 2, "end_offset": 10}, {"entity_id": "1", "text": "Willian James", "label": "PESSOA", "start_offset": 11, "end_offset": 24}, {"entity_id": "2", "text": "Willian James", "label": "PESSOA", "start_offset": 25, "end_offset": 38}, {"entity_id": "3", "text": "EUA", "label": "LOCAL", "start_offset": 102, "end_offset": 105}, {"entity_id": "4", "text": "Nova Iorque", "label": "LOCAL", "start_offset": 141, "end_offset": 152}, {"entity_id": "5", "text": "11 de Janeiro de 1842", "label": "TEMPO", "start_offset": 156, "end_offset": 177}, {"entity_id": "6", "text": "Henru James", "label": "PESSOA", "start_offset": 190, "end_offset": 201}, {"entity_id": "7", "text": "Emanuel Swedenborg", "label": "PESSOA", "start_offset": 230, "end_offset": 248}, {"entity_id": "8", "text": "Henry James", "label": "PESSOA", "start_offset": 295, "end_offset": 306}, {"entity_id": "9", "text": "1870", "label": "TEMPO", "start_offset": 349, "end_offset": 353}, {"entity_id": "10", "text": "Universidade de Harvard", "label": "ORGANIZACAO", "start_offset": 358, "end_offset": 381}, {"entity_id": "11", "text": "1872", "label": "TEMPO", "start_offset": 443, "end_offset": 447}, {"entity_id": "12", "text": "1880", "label": "TEMPO", "start_offset": 461, "end_offset": 465}, {"entity_id": "13", "text": "Harvard", "label": "ORGANIZACAO", "start_offset": 500, "end_offset": 507}, {"entity_id": "14", "text": "1907", "label": "TEMPO", "start_offset": 539, "end_offset": 543}, {"entity_id": "15", "text": "Columbia", "label": "ORGANIZACAO", "start_offset": 590, "end_offset": 598}, {"entity_id": "16", "text": "Oxford", "label": "ORGANIZACAO", "start_offset": 601, "end_offset": 607}, {"entity_id": "17", "text": "Chocorua", "label": "LOCAL", "start_offset": 619, "end_offset": 627}, {"entity_id": "18", "text": "New Hampshire", "label": "LOCAL", "start_offset": 629, "end_offset": 642}, {"entity_id": "19", "text": "26 de Agosto de 1910", "label": "TEMPO", "start_offset": 646, "end_offset": 666}, {"entity_id": "20", "text": "Princ\u00edpios de Psicologia", "label": "OBRA", "start_offset": 674, "end_offset": 698}, {"entity_id": "21", "text": "1890", "label": "TEMPO", "start_offset": 700, "end_offset": 704}, {"entity_id": "22", "text": "A Vontade de Crer", "label": "OBRA", "start_offset": 791, "end_offset": 808}, {"entity_id": "23", "text": "Outros Ensaios Sobre Filosofia Popular", "label": "OBRA", "start_offset": 811, "end_offset": 849}, {"entity_id": "24", "text": "1897", "label": "TEMPO", "start_offset": 851, "end_offset": 855}, {"entity_id": "25", "text": "A Imortalidade Humana", "label": "OBRA", "start_offset": 858, "end_offset": 879}, {"entity_id": "26", "text": "1898", "label": "TEMPO", "start_offset": 881, "end_offset": 885}, {"entity_id": "27", "text": "Diversidade da Experi\u00eancia Religiosa", "label": "OBRA", "start_offset": 888, "end_offset": 924}, {"entity_id": "28", "text": "1902", "label": "TEMPO", "start_offset": 926, "end_offset": 930}, {"entity_id": "29", "text": "Pragmatismo: um nome novo para velhas formas de pensar", "label": "OBRA", "start_offset": 933, "end_offset": 987}, {"entity_id": "30", "text": "1907", "label": "TEMPO", "start_offset": 989, "end_offset": 993}, {"entity_id": "31", "text": "Willian James", "label": "PESSOA", "start_offset": 1033, "end_offset": 1046}, {"entity_id": "32", "text": "Charles Peirce", "label": "PESSOA", "start_offset": 1104, "end_offset": 1118}, {"entity_id": "33", "text": "Willian James", "label": "PESSOA", "start_offset": 1156, "end_offset": 1169}, {"entity_id": "34", "text": "Deus", "label": "PESSOA", "start_offset": 1409, "end_offset": 1413}, {"entity_id": "35", "text": "Willian James", "label": "PESSOA", "start_offset": 1918, "end_offset": 1931}, {"entity_id": "36", "text": "Carlos Fontes", "label": "PESSOA", "start_offset": 2007, "end_offset": 2020}, {"entity_id": "37", "text": "Filosofia", "label": "ABSTRACCAO", "start_offset": 2034, "end_offset": 2043}]}, {"doc_id": "HAREM-445-00152", "doc_text": "\n  Um pouco de HIST\u00d3RIA\n\nNo passado dia 7 de Dezembro, os alunos do 1\u00ba Ciclo do Ensino B\u00e1sico da Escola de Code\u00e7oso, sob a orienta\u00e7\u00e3o da professora, no \u00e2mbito do concurso promovido pela Biblioteca Municipal de Montalegre, decidiram entrevistar um par de idosos do lugar de Code\u00e7oso, fregueisa da Venda Nova, sobre o Natal dos seus tempos de juventude, assim como algumas recorda\u00e7\u00f5es que lhes deixaram saudade. Trata-se da senhora Teresa Gon\u00e7alves Bastos, de 88 anos e do senhor Ant\u00f3nio Gon\u00e7alves Bastos de 90 anos.M\u00f3nica: - Ser\u00e1 que podiam conversar um pouco connosco?\n\nD.Teresa: - \"Ant\u00e3o\" n\u00e3o haver\u00edamos de querer conversar com estes tr\u00eas meninos t\u00e3o azadinhos e com a senhora professora. \n\nM\u00f3nica: - Lembra-se como festejava o Natal antigamente?\n\nD.Teresa: - Se lembro! At\u00e9 me d\u00e3o saudades!\n\nM\u00f3nica:- O que costumavam comer na noite de Consoada?\n\nD.Teresa:- Com\u00edamos um bocadinho de bacalhau, polvo, couves, batatas e no fim as rabanadas e a aletria.\n\nProfessora: - E j\u00e1 chegava c\u00e1 o polvo nessa altura?\n\nD.Teresa:- N\u00f3s j\u00e1 o com\u00edamos porque o senhor Domingos Afonso, que era muito nosso amigo e tinha uma loja de tudo em Braga, mand\u00e1va-nos sempre um caixote de mercearia, o bacalhau e o polvo seco. Depois deitava-o de molho e ficava c\u00e1 com uns olhos!\n\nM\u00f3nica:- E as pessoas c\u00e1 da aldeia, como passavam elas a noite de Consoada?\n\nD.Teresa:- Para essa noite havia sempre. Era uma noite diferen\u00e7ada, \u00e9 que esse Domingos Afonso, na mar\u00e9 do Natal, dava a todos os pobres um quilo de bacalhau, alguma mercearia e cinco mil reis em dinheiro.\n\nM\u00f3nica:- O que se fazia durante o ser\u00e3o da noite de Consoada?\n\nD.Teresa:- No fim de comer rezava-se o ter\u00e7o. Depois, os vizinhos vinham at\u00e9 nossa casa. Os homens jogavam \u00e0s cartas, as crian\u00e7as e as mulheres olhavam e tamb\u00e9m se contavam hist\u00f3rias. Comia-se figos e bebia-se aguardente.\n\nM\u00f3nica:- E o dia de Natal como era passado?\n\nD.Teresa:- \u00cdamos \u00e0 missinha e no fim \u00edamos ao cemit\u00e9rio beijar a campa da minha m\u00e3ezinha que Deus tem. Sabeis, \u00e9 que eu fiquei sem m\u00e3e muito cedo e fui criada com o meu av\u00f4 Manuel Fernandes Campos, que era um homem bom e farto. \n\nM\u00f3nica:- E ent\u00e3o como era o almo\u00e7o no dia de Natal?\n\nD.Teresa:- Na nossa casa nunca faltava a vitela nesse dia porque o meu av\u00f4 ia a Ruiv\u00e3es a p\u00e9, busc\u00e1-la.\n\nM\u00f3nica:- E vestiam roupa nova?\n\nD.Teresa:- Ai roupa nova! \u00c0s vezes remendada e nos p\u00e9s umas socas de madeira.\n\nM\u00f3nica:- E nesse dia recebiam prendas?\n\nD.Teresa:- Num havia prendas para ningu\u00e9m . O dinheiro era pouco. Num havia c\u00e1 pinheiros nem luzes a piscar, havia muita alegria, coisa que agora \u00e9 rara.\n\nProfessora:- Tem saudades do seu tempo de juventude?\n\nD.Teresa:- Se tenho! Antes me queria no tempo de \"dantes\". Agora \u00e9 tudo triste e s\u00f3 se ouvem desgra\u00e7as.\n\nProfessora:- Mas agora h\u00e1 mais fartura!\n\nD.Teresa:- Pois h\u00e1, mas uma rachinha de bacalhau naquela altura sabia pela vida e agora nada sabe bem \u00e0 gente. Esses venenos que botam na terra estragam tudo. At\u00e9 as sardinhas sabiam melhor, e em minha casa, gra\u00e7as a Deus, apanh\u00e1vamos cada fartote! Dava-se seis ovos e em troca receb\u00edamos meio cento de sardinhas.\n\nM\u00f3nica:- Sabe ler e escrever?\n\nD.Teresa:- Eu n\u00e3o, mas o meu irm\u00e3o Ant\u00f3nio fez o exame da 4\u00ba classe na Venda Nova. Aprendeu com a D.Maria da Concei\u00e7\u00e3o, mulher de um farmac\u00eautico.\n\nProfessora:- Naquela altura, ter o exame da 4\u00aa classe era bastante?\n\nSr.Ant\u00f3nio:- Ai era! Fui para a tropa para Braga em 1930 e fui 1\u00ba Cabo. Quando acabei a tropa, vim a p\u00e9 de Braga a Code\u00e7oso e como as botas eram apertadas e pesadas, pu-las \u00e0s costas.\n\nProfessora:- D.Teresa, ouvi dizer que lhe chamavam noutro tempo a \"M\u00e3e dos pobres\", \u00e9 verdade?\n\nD.Teresa:- Dava o que podia aos mais pobres porque naquele tempo havia fome. Todos queriam saber quando \u00e9 que eu metia a fornada porque eu dava p\u00e3o a quem precisava. Cozia sempre um bolo para a crian\u00e7ada e uma broa era logo espatifada no forno. E n\u00e3o estou arrependida, ainda c\u00e1 fica muito. Se as esmolas valerem, eu tenho l\u00e1 algumas.\n\nProfessora: - D.Teresa foi muito bom conversar consigo, at\u00e9 um dia deste e obrigada.\n\nD.Teresa:- Adeus senhora professora. Adeus meus meninos azadinhos. At\u00e9 quando quiserem.\n\nA D.Teresa deu \u00e0 M\u00f3nica uma moeda de 20$00 para deitar nas Alminhas. Regress\u00e1mos \u00e0 escola muito mais ricos e deveras entusiasmados com t\u00e3o belo testemunho de vida. Resolvemos ent\u00e3o registar, fazendo HIST\u00d3RIA!....Este trabalho ficou classificado em terceiro lugar no concurso promovido pela C\u00e2mara Municipal de Montalegre, subordinado ao tema \"Natal Barros\u00e3o\".\n", "entities": [{"entity_id": "38", "text": "HIST\u00d3RIA", "label": "ABSTRACCAO", "start_offset": 15, "end_offset": 23}, {"entity_id": "39", "text": "7 de Dezembro", "label": "TEMPO", "start_offset": 40, "end_offset": 53}, {"entity_id": "40", "text": "1\u00ba Ciclo do Ensino B\u00e1sico da Escola de Code\u00e7oso", "label": "PESSOA", "start_offset": 68, "end_offset": 115}, {"entity_id": "41", "text": "Biblioteca Municipal de Montalegre", "label": "ORGANIZACAO", "start_offset": 186, "end_offset": 220}, {"entity_id": "42", "text": "Code\u00e7oso", "label": "LOCAL", "start_offset": 273, "end_offset": 281}, {"entity_id": "43", "text": "Venda Nova", "label": "LOCAL", "start_offset": 296, "end_offset": 306}, {"entity_id": "44", "text": "Natal", "label": "TEMPO", "start_offset": 316, "end_offset": 321}, {"entity_id": "45", "text": "Teresa Gon\u00e7alves Bastos", "label": "PESSOA", "start_offset": 430, "end_offset": 453}, {"entity_id": "46", "text": "88 anos", "label": "VALOR", "start_offset": 458, "end_offset": 465}, {"entity_id": "47", "text": "Ant\u00f3nio Gon\u00e7alves Bastos", "label": "PESSOA", "start_offset": 478, "end_offset": 502}, {"entity_id": "48", "text": "90 anos", "label": "VALOR", "start_offset": 506, "end_offset": 513}, {"entity_id": "49", "text": "M\u00f3nica", "label": "PESSOA", "start_offset": 514, "end_offset": 520}, {"entity_id": "50", "text": "D.Teresa", "label": "PESSOA", "start_offset": 570, "end_offset": 578}, {"entity_id": "51", "text": "M\u00f3nica", "label": "PESSOA", "start_offset": 692, "end_offset": 698}, {"entity_id": "52", "text": "Natal", "label": "TEMPO", "start_offset": 729, "end_offset": 734}, {"entity_id": "53", "text": "D.Teresa", "label": "PESSOA", "start_offset": 749, "end_offset": 757}, {"entity_id": "54", "text": "M\u00f3nica", "label": "PESSOA", "start_offset": 794, "end_offset": 800}, {"entity_id": "55", "text": "Consoada", "label": "TEMPO", "start_offset": 838, "end_offset": 846}, {"entity_id": "56", "text": "D.Teresa", "label": "PESSOA", "start_offset": 849, "end_offset": 857}, {"entity_id": "57", "text": "Professora", "label": "PESSOA", "start_offset": 954, "end_offset": 964}, {"entity_id": "58", "text": "D.Teresa", "label": "PESSOA", "start_offset": 1007, "end_offset": 1015}, {"entity_id": "59", "text": "Domingos Afonso", "label": "PESSOA", "start_offset": 1052, "end_offset": 1067}, {"entity_id": "60", "text": "Braga", "label": "LOCAL", "start_offset": 1123, "end_offset": 1128}, {"entity_id": "61", "text": "M\u00f3nica", "label": "PESSOA", "start_offset": 1255, "end_offset": 1261}, {"entity_id": "62", "text": "Consoada", "label": "TEMPO", "start_offset": 1321, "end_offset": 1329}, {"entity_id": "63", "text": "D.Teresa", "label": "PESSOA", "start_offset": 1332, "end_offset": 1340}, {"entity_id": "64", "text": "Domingos Afonso", "label": "PESSOA", "start_offset": 1411, "end_offset": 1426}, {"entity_id": "65", "text": "Natal", "label": "TEMPO", "start_offset": 1439, "end_offset": 1444}, {"entity_id": "66", "text": "M\u00f3nica", "label": "PESSOA", "start_offset": 1539, "end_offset": 1545}, {"entity_id": "67", "text": "Consoada", "label": "TEMPO", "start_offset": 1591, "end_offset": 1599}, {"entity_id": "68", "text": "D.Teresa", "label": "PESSOA", "start_offset": 1602, "end_offset": 1610}, {"entity_id": "69", "text": "M\u00f3nica", "label": "PESSOA", "start_offset": 1825, "end_offset": 1831}, {"entity_id": "70", "text": "Natal", "label": "TEMPO", "start_offset": 1845, "end_offset": 1850}, {"entity_id": "71", "text": "D.Teresa", "label": "PESSOA", "start_offset": 1870, "end_offset": 1878}, {"entity_id": "72", "text": "Deus", "label": "PESSOA", "start_offset": 1963, "end_offset": 1967}, {"entity_id": "73", "text": "av\u00f4 Manuel Fernandes Campos", "label": "PESSOA", "start_offset": 2039, "end_offset": 2066}, {"entity_id": "74", "text": "M\u00f3nica", "label": "PESSOA", "start_offset": 2100, "end_offset": 2106}, {"entity_id": "75", "text": "Natal", "label": "TEMPO", "start_offset": 2145, "end_offset": 2150}, {"entity_id": "76", "text": "D.Teresa", "label": "PESSOA", "start_offset": 2153, "end_offset": 2161}, {"entity_id": "77", "text": "Ruiv\u00e3es", "label": "LOCAL", "start_offset": 2233, "end_offset": 2240}, {"entity_id": "78", "text": "M\u00f3nica", "label": "PESSOA", "start_offset": 2258, "end_offset": 2264}, {"entity_id": "79", "text": "D.Teresa", "label": "PESSOA", "start_offset": 2290, "end_offset": 2298}, {"entity_id": "80", "text": "M\u00f3nica", "label": "PESSOA", "start_offset": 2369, "end_offset": 2375}, {"entity_id": "81", "text": "D.Teresa", "label": "PESSOA", "start_offset": 2409, "end_offset": 2417}, {"entity_id": "82", "text": "Professora", "label": "PESSOA", "start_offset": 2564, "end_offset": 2574}, {"entity_id": "83", "text": "D.Teresa", "label": "PESSOA", "start_offset": 2618, "end_offset": 2626}, {"entity_id": "84", "text": "Professora", "label": "PESSOA", "start_offset": 2723, "end_offset": 2733}, {"entity_id": "85", "text": "D.Teresa", "label": "PESSOA", "start_offset": 2764, "end_offset": 2772}, {"entity_id": "86", "text": "Deus", "label": "PESSOA", "start_offset": 2981, "end_offset": 2985}, {"entity_id": "87", "text": "M\u00f3nica", "label": "PESSOA", "start_offset": 3079, "end_offset": 3085}, {"entity_id": "88", "text": "D.Teresa", "label": "PESSOA", "start_offset": 3110, "end_offset": 3118}, {"entity_id": "89", "text": "irm\u00e3o Ant\u00f3nio", "label": "PESSOA", "start_offset": 3139, "end_offset": 3152}, {"entity_id": "90", "text": "Venda Nova", "label": "LOCAL", "start_offset": 3181, "end_offset": 3191}, {"entity_id": "91", "text": "D.Maria da Concei\u00e7\u00e3o", "label": "PESSOA", "start_offset": 3208, "end_offset": 3228}, {"entity_id": "92", "text": "Professora", "label": "PESSOA", "start_offset": 3258, "end_offset": 3268}, {"entity_id": "93", "text": "Sr.Ant\u00f3nio", "label": "PESSOA", "start_offset": 3327, "end_offset": 3337}, {"entity_id": "94", "text": "Braga", "label": "LOCAL", "start_offset": 3370, "end_offset": 3375}, {"entity_id": "95", "text": "1930", "label": "TEMPO", "start_offset": 3379, "end_offset": 3383}, {"entity_id": "96", "text": "1\u00ba Cabo", "label": "PESSOA", "start_offset": 3390, "end_offset": 3397}, {"entity_id": "97", "text": "Braga", "label": "LOCAL", "start_offset": 3434, "end_offset": 3439}, {"entity_id": "98", "text": "Code\u00e7oso", "label": "LOCAL", "start_offset": 3442, "end_offset": 3450}, {"entity_id": "99", "text": "Professora", "label": "PESSOA", "start_offset": 3512, "end_offset": 3522}, {"entity_id": "100", "text": "D.Teresa", "label": "PESSOA", "start_offset": 3525, "end_offset": 3533}, {"entity_id": "101", "text": "M\u00e3e dos pobres", "label": "ABSTRACCAO", "start_offset": 3579, "end_offset": 3593}, {"entity_id": "102", "text": "D.Teresa", "label": "PESSOA", "start_offset": 3608, "end_offset": 3616}, {"entity_id": "103", "text": "Professora", "label": "PESSOA", "start_offset": 3944, "end_offset": 3954}, {"entity_id": "104", "text": "D.Teresa", "label": "PESSOA", "start_offset": 3958, "end_offset": 3966}, {"entity_id": "105", "text": "D.Teresa", "label": "PESSOA", "start_offset": 4030, "end_offset": 4038}, {"entity_id": "106", "text": "D.Teresa", "label": "PESSOA", "start_offset": 4121, "end_offset": 4129}, {"entity_id": "107", "text": "M\u00f3nica", "label": "PESSOA", "start_offset": 4136, "end_offset": 4142}, {"entity_id": "108", "text": "20$00", "label": "VALOR", "start_offset": 4156, "end_offset": 4161}, {"entity_id": "109", "text": "Alminhas", "label": "LOCAL", "start_offset": 4178, "end_offset": 4186}, {"entity_id": "110", "text": "C\u00e2mara Municipal de Montalegre", "label": "ORGANIZACAO", "start_offset": 4409, "end_offset": 4439}, {"entity_id": "111", "text": "Natal Barros\u00e3o", "label": "ABSTRACCAO", "start_offset": 4462, "end_offset": 4476}]}, {"doc_id": "HAREM-649-00204", "doc_text": "\n- N\u00e3o fa\u00e7o mist\u00e9rio disso; mora com seu pai em uma pequena ch\u00e1cara no bairro de Santo Ant\u00f4nio, onde vivem modestamente, evitando rela\u00e7\u00f5es, e aparecendo mui raras vezes em p\u00fablico. Nessa ch\u00e1cara, escondida entre moitas de coqueiros e arvoredos, vive ela como a violeta entre a folhagem, ou como fada misteriosa em uma gruta encantada. \n\n- \u00c9 c\u00e9lebre! - retorquiu o doutor - mas como chegaste a descobrir essa ninfa encantada, e a ter entrada em sua gruta misteriosa? \n\n- Eu vos conto em duas palavras. Passando eu um dia a cavalo por sua ch\u00e1cara, avistei-a sentada em um banco do pequeno jardim da frente. Surpreendeu-me sua maravilhosa beleza. Como viu que eu a contemplava com demasiada curiosidade, esgueirou-se como uma borboleta entre os arbustos floridos e desapareceu. Formei o firme prop\u00f3sito de v\u00ea-la e de falar-lhe, custasse o que custasse. Por mais, por\u00e9m, que indagasse por toda a vizinhan\u00e7a, n\u00e3o encontrei uma s\u00f3 pessoa que se relacionasse com ela e que pudesse apresentar-me. Indaguei por fim quem era o propriet\u00e1rio da ch\u00e1cara, e fui ter com ele. Nem esse podia dar-me informa\u00e7\u00f5es, nem servir-me em coisa alguma. O seu inquilino vinha todos os meses pontualmente adiantar o aluguel da ch\u00e1cara; eis tudo quanto a respeito dele sabia. Todavia continuei a passar todas as tardes por defronte do jardim, mas a p\u00e9 para melhor poder surpreend\u00eala e admir\u00e1-la; quase sempre, por\u00e9m, sem resultado. Quando acontecia estar no jardim, esquivava-se sempre \u00e0s minhas vistas como da primeira vez. Um dia, por\u00e9m, quando eu passava, caiu-lhe o len\u00e7o ao levantar-se do banco; a grade estava aberta; tomei a liberdade de penetrar no jardim, apanhei o len\u00e7o, e corri a entregar-lho, quando j\u00e1 ela punha o p\u00e9 na soleira de sua casa. Agradeceu-me com um sorriso t\u00e3o encantador, que estive em termos de cair de joelhos a seus p\u00e9s; mas n\u00e3o mandou-me entrar, nem fez-me oferecimento algum. \n\n- Esse len\u00e7o, \u00c1lvaro, - atalhou um cavalheiro, - decerto ela o deixou cair de prop\u00f3sito, para que pudesses v\u00ea-la de perto e falar-lhe. \u00c9 um apuro de romantismo, um delicado rasgo de coquetterie. \n\n- N\u00e3o creio; n\u00e3o h\u00e1 naquele ente nem sombra de coquetterie; tudo nela respira candura e singeleza. O certo \u00e9 que custei a arrancar meus p\u00e9s daquele lugar, onde uma for\u00e7a magn\u00e9tica me retinha, e que parecia rescender um misterioso efl\u00favio de amor, de pureza e de aventura... \n\n\u00c1lvaro p\u00e1ra em sua narrativa, como que embevecido em t\u00e3o suaves recorda\u00e7\u00f5es. \n\n- E ficaste nisso, Alvaro! - perguntava outro cavalheiro; - o teu romance est\u00e1-nos interessando; vamos por diante, que estou aflito por ver a perip\u00e9cia... \n\n- A perip\u00e9cia?.., oh! essa ainda n\u00e3o chegou, e nem eu mesmo sei qual ser\u00e1. Esgotei enfim os estratagemas poss\u00edveis para ter entrada no santu\u00e1rio daquela deusa; mas foi tudo baldado. O acaso enfim veio em meu socorro, e serviu-me melhor do que toda a minha habilidade e dilig\u00eancia. Passeando eu uma tarde de carro no bairro de Santo Ant\u00f4nio, pelas margens do Beberibe, passeio que se tornara para mim uma devo\u00e7\u00e3o, avistei um homem e uma mulher navegando a todo pano em um pequeno bote. \n\nInstantes depois o bote achou-se encalhado em um banco de areia. \n\nApeei-me imediatamente, e tomando um escaler na praia, fui em socorro dos dois navegantes que em v\u00e3o forcejavam por safar a pequena embarca\u00e7\u00e3o. N\u00e3o podem fazer id\u00e9ia da deliciosa surpresa que senti, ao reconhecer nas duas pessoas do bote a minha misteriosa da ch\u00e1cara e seu pai... \n\n- Por essa j\u00e1 eu esperava; entretanto o lance n\u00e3o deixa de ser dram\u00e1tico; a hist\u00f3ria de seus amores com a tal fada misteriosa vai tomando visos de um poema fant\u00e1stico. \n", "entities": [{"entity_id": "112", "text": "Santo Ant\u00f4nio", "label": "LOCAL", "start_offset": 81, "end_offset": 94}, {"entity_id": "113", "text": "\u00c1lvaro", "label": "PESSOA", "start_offset": 1895, "end_offset": 1901}, {"entity_id": "114", "text": "\u00c1lvaro", "label": "PESSOA", "start_offset": 2354, "end_offset": 2360}, {"entity_id": "115", "text": "Alvaro", "label": "PESSOA", "start_offset": 2452, "end_offset": 2458}, {"entity_id": "116", "text": "Santo Ant\u00f4nio", "label": "LOCAL", "start_offset": 2916, "end_offset": 2929}, {"entity_id": "117", "text": "Beberibe", "label": "LOCAL", "start_offset": 2948, "end_offset": 2956}]}, {"doc_id": "HAREM-432-00215", "doc_text": "\nCLIPSEGURO - o clipping mais SEGURO da Internet\nNovo modelo de ap\u00f3lice cobrir\u00e1 safra agr\u00edcola Data: 25/02/2000 Fonte: Jornal do Commercio Autor: Mat\u00e9ria: O Governo quer disponibilizar o novo modelo do seguro agr\u00edcola para os agricultores brasileiros j\u00e1 na pr\u00f3xima safra de gr\u00e3os e frutas, que come\u00e7a a ser cultivada em julho. \n A informa\u00e7\u00e3o \u00e9 do ministro da Agricultura, Marcus Vin\u00edcius Pratini de Moraes, que j\u00e1 esteve reunido duas vezes com os seguradores para discutir o novo formato desse produto, o qual vem sendo desenhado com base na troca de informa\u00e7\u00f5es entre Federa\u00e7\u00e3o Nacional das Seguradoras (Fenaseg), Superintend\u00eancia de Seguros Privados (Susep) e o Minist\u00e9rio da Agricultura. \n Os seguradores tamb\u00e9m t\u00eam pressa na aprova\u00e7\u00e3o do produto. \n A expectativa \u00e9 de que o modelo em discuss\u00e3o possa ser posto em vota\u00e7\u00e3o no Conselho Nacional de Seguros Privados (CNSP) j\u00e1 no pr\u00f3ximo m\u00eas. \n Na vis\u00e3o do ministro, o seguro agr\u00edcola ter\u00e1 importante papel a desempenhar no projeto do Governo de estimular a agricultura, atrav\u00e9s do programa Brasil Empreendedor Rural. \n \"Esse seguro \u00e9 a plataforma para desenvolvimento da agricultura\", assinalou Pratini de Moraes, no \u00faltimo encontro com seguradoras, h\u00e1 quinze \n dias. \n A ado\u00e7\u00e3o de um novo modelo de seguro agr\u00edcola no Brasil, com o apoio governamental, provocou um aumento do interesse de grupos estrangeiros na compra da Companhia de Seguros do Estado de S\u00e3o Paulo (Cosesp). \n Embora tenha acumulado resultados negativos nesse ramo de seguro, a Cosesp tem uma extensa carteira de neg\u00f3cios, que inclui produtores rurais. \n Um prato cheio para conglomerados do exterior, voltados para o ramo agr\u00edcola, que fazem planos para explorar o quase virgem mercado brasileiro em de coberturas para o agrobusiness. \n", "entities": [{"entity_id": "118", "text": "CLIPSEGURO", "label": "COISA", "start_offset": 1, "end_offset": 11}, {"entity_id": "119", "text": "Internet", "label": "LOCAL", "start_offset": 40, "end_offset": 48}, {"entity_id": "120", "text": "25/02/2000", "label": "TEMPO", "start_offset": 101, "end_offset": 111}, {"entity_id": "121", "text": "Jornal do Commercio", "label": "LOCAL", "start_offset": 119, "end_offset": 138}, {"entity_id": "122", "text": "Autor", "label": "PESSOA", "start_offset": 139, "end_offset": 144}, {"entity_id": "123", "text": "Governo", "label": "ORGANIZACAO", "start_offset": 157, "end_offset": 164}, {"entity_id": "124", "text": "julho", "label": "TEMPO", "start_offset": 320, "end_offset": 325}, {"entity_id": "125", "text": "Agricultura", "label": "ABSTRACCAO", "start_offset": 359, "end_offset": 370}, {"entity_id": "126", "text": "Marcus Vin\u00edcius Pratini de Moraes", "label": "PESSOA", "start_offset": 372, "end_offset": 405}, {"entity_id": "127", "text": "Federa\u00e7\u00e3o Nacional das Seguradoras", "label": "ORGANIZACAO", "start_offset": 569, "end_offset": 603}, {"entity_id": "128", "text": "Fenaseg", "label": "ORGANIZACAO", "start_offset": 605, "end_offset": 612}, {"entity_id": "129", "text": "Superintend\u00eancia de Seguros Privados", "label": "ORGANIZACAO", "start_offset": 615, "end_offset": 651}, {"entity_id": "130", "text": "Susep", "label": "ORGANIZACAO", "start_offset": 653, "end_offset": 658}, {"entity_id": "131", "text": "Minist\u00e9rio da Agricultura", "label": "ORGANIZACAO", "start_offset": 664, "end_offset": 689}, {"entity_id": "132", "text": "Conselho Nacional de Seguros Privados", "label": "ACONTECIMENTO", "start_offset": 828, "end_offset": 865}, {"entity_id": "133", "text": "CNSP", "label": "ACONTECIMENTO", "start_offset": 867, "end_offset": 871}, {"entity_id": "134", "text": "Governo", "label": "ORGANIZACAO", "start_offset": 984, "end_offset": 991}, {"entity_id": "135", "text": "Brasil Empreendedor Rural", "label": "OBRA", "start_offset": 1040, "end_offset": 1065}, {"entity_id": "136", "text": "Pratini de Moraes", "label": "PESSOA", "start_offset": 1145, "end_offset": 1162}, {"entity_id": "137", "text": "Brasil", "label": "ORGANIZACAO", "start_offset": 1269, "end_offset": 1275}, {"entity_id": "138", "text": "Companhia de Seguros do Estado de S\u00e3o Paulo", "label": "ORGANIZACAO", "start_offset": 1373, "end_offset": 1416}, {"entity_id": "139", "text": "Cosesp", "label": "ORGANIZACAO", "start_offset": 1418, "end_offset": 1424}, {"entity_id": "140", "text": "Cosesp", "label": "ORGANIZACAO", "start_offset": 1497, "end_offset": 1503}]}, {"doc_id": "HAREM-425-00322", "doc_text": "\nQual \u00e9 o seu nome?\n\nVentura Pires da Cruz.\n\nLocal de nascimento?\n\nPis\u00f5es.\n\nQuando \u00e9 que nasceu?\n\nDia 7 de Maio de 1939.\n\nQual \u00e9 o nome do seu pai?\n\nJos\u00e9 Pires da Cruz.\n\nQual \u00e9 o nome da sua m\u00e3e?\n\nAurintina Afonso.\n\nDiga o nome dos seus av\u00f3s?\n\nN\u00e3o me lembro.\n\nSabe a origem do nome da sua fam\u00edlia?\n\nNos Pis\u00f5es e em Brandim.\n\nDe onde vieram os seus av\u00f3s?\n\nO pai do meu pai era de Viade e a minha av\u00f3 da Venda Nova.\n\nDe onde vieram os seu pais?\n\nO meu pai de Pis\u00f5es e a minha m\u00e3e de Brandim.\n\nQuantos irm\u00e3os tem ?\n\nIrm\u00e3os \u00e9ramos sete e agora somos dois e uma irm\u00e3.\n\nDescreva a casa onde morou durante a sua inf\u00e2ncia.\n\nEra de 2 andares e feita de pau.\n\nQuem morava na casa?\n\nO meu pai, a minha m\u00e3e e os meus irm\u00e3os.\n\nComo eram divididas as tarefas?\n\nUm ia com as ovelhas, outras com as cabras e outros lavravam as terras.\n\nQuais eram os momentos mais marcantes na sua fam\u00edlia?\n\nA primeira vez que calcei umas botas tinha 18 anos.\n\nEm que local ficava a sua casa?\n\nFicava onde \u00e9 a central.\n\nGostava da sua casa?\n\nGostava.\n\nQual era a actividade dos seus pais?\n\nTrabalhavam na agricultura.\n\nQuem tinha mais autoridade na fam\u00edlia?\n\nEra o pai.\n\nComo descreveria o seu pai?\n\nO meu pai era m\u00e9dio.\n\nComo descreveria a sua m\u00e3e?\n\nEra gorda.\n\nVoc\u00ea relacionava-se melhor com algum deles? Porqu\u00ea?\n\nMais com a m\u00e3e porque era mais boa.\n\nComo descreveria os seus irm\u00e3os?\n\nEram bons.\n\nComo era a rela\u00e7\u00e3o entre voc\u00eas?\n\nD\u00e1vamo-nos bem.\n\nConvivia com que membros da fam\u00edlia?\n\nCom todos e com um bando de cabras e vacas.\n\nQuais as actividades incentivadas pela sua fam\u00edlia?\n\nGosto de lavrar com arados de paus.\n\nQuando \u00e9 que entrou na escola?\n\nEntrei com 7 anos.\n\nQual foi a sua primeira escola?\n\nFoi no Antigo de Viade.\n\nQual \u00e9 a sua lembran\u00e7a mais forte da escola?\n\nDe ir a p\u00e9 e voltar a p\u00e9. Levava um saco com broa e carne forda.\n\nComo \u00e9 que descreveria a educa\u00e7\u00e3o que recebeu?\n\nFoi boa al\u00e9m de n\u00e3o haver comida.\n\nQuais as principais caracter\u00edsticas dessa educa\u00e7\u00e3o?\n\nEra dada pela m\u00e3e e do pai.\n\nO que \u00e9 que essa educa\u00e7\u00e3o influenciou a sua personalidade?\n\nAcho que havia mais educa\u00e7\u00e3o.\n\nAt\u00e9 que idade estudou?\n\nEstudei pouco, entrei com 7 anos sa\u00ed com 11 anos.\n\nComo ia para a escola?\n\nIa a p\u00e9 7 km.\n\nComo \u00e9 que se descreveria como crian\u00e7a?\n\nEra como v\u00f3s hoje.\n\nComo era a sua rela\u00e7\u00e3o com os amigos?\n\nEra malhar o corpo aos outros.\n\nComo era a rela\u00e7\u00e3o com a fam\u00edlia?\n\n\u00c9ramos amigos.\n\nO que queria ser quando crescesse?\n\nMotorista.\n\nQuais eram as suas brincadeiras preferidas?\n\n\u00c0 choca e jogar \u00e0 bola feita de trapos.\n\nQuando \u00e9 que saiu da casa dos seus pais? Porqu\u00ea? Conte-nos como foi essa mudan\u00e7a de casa.\n\nSa\u00ed quando tinha 18 anos porque queria ser independente. A mudan\u00e7a de casa foi triste.\n\n\u00c9 casado? Conte-nos como foi o seu casamento e o namoro.\n\nSou. Escrev\u00edamos por cartas.\n\nTem filhos?\n\nTenho.\n\nTem netos?\n\nTenho 6 netos.\n\nQuando \u00e9 que chegou a Pis\u00f5es?\n\nEu morei sempre aqui. Morei sempre na moagem no meio do monte.\n\nQual foi a sua primeira impress\u00e3o da aldeia?\n\nFoi sempre bonita.\n\nQual \u00e9 a lembran\u00e7a desta aldeia?\n\nEram os moinhos.\n\nComo escolheu o queria fazer? Porqu\u00ea?\n\nQueria saber ler e escrever.\n\nO que fez depois disso?\n\nFui tirar a carta de condu\u00e7\u00e3o.\n\nGostaria de ter continuado a estudar?\n\nGostava.\n\nQual foi o seu primeiro trabalho?\n\nEra ir com as cabras e lavrar nos campos do meu pai.\n\nFoi escolha pr\u00f3pria ou por press\u00e3o familiar?\n\nPorque a fam\u00edlia precisava.\n\nGosta do que faz profissionalmente?\n\nGostava do que fazia.\n\nSe nascesse novamente escolheria a mesma profiss\u00e3o?\n\nN\u00e3o.\n\nCom quem mora actualmente?\n\nCom a mulher e com os filhos.\n\nActualmente, qual \u00e9 a actividade mais importante da sua vida?\n\n\u00c9 ser motorista.\n\nQuais s\u00e3o as suas principais preocupa\u00e7\u00f5es?\n\n\u00c9 fazer tudo bem feito.\n\nO que \u00e9 que faz nas suas horas de lazer?\n\nVou ver os campos.\n\nQual \u00e9 o seu maior desejo?\n\n\u00c9 comprar um bom carro.\n\nO que espera da vida?\n\nQue melhore.\n\nTeve alguma decep\u00e7\u00e3o?\n\nSim.\n\nQuais s\u00e3o os seus sonhos?\n\n\u00c9 que a vida corra melhor do que tem corrido.\n\nQual \u00e9 a sua melhor qualidade?\n\n\u00c9 o descanso onde tenho pouco tempo para descansar.\n\nTem facilidade nos relacionamentos?\n\nN\u00e3o.\n\nComo descreveria a sua vida hoje?\n\nQue a vida hoje \u00e9 mais f\u00e1cil\n\nO que achou da entrevista?\n\nMuito boa.\n", "entities": [{"entity_id": "141", "text": "Ventura Pires da Cruz", "label": "PESSOA", "start_offset": 21, "end_offset": 42}, {"entity_id": "142", "text": "Pis\u00f5es", "label": "LOCAL", "start_offset": 67, "end_offset": 73}, {"entity_id": "143", "text": "7 de Maio de 1939", "label": "TEMPO", "start_offset": 102, "end_offset": 119}, {"entity_id": "144", "text": "Jos\u00e9 Pires da Cruz", "label": "PESSOA", "start_offset": 149, "end_offset": 167}, {"entity_id": "145", "text": "Aurintina Afonso", "label": "PESSOA", "start_offset": 197, "end_offset": 213}, {"entity_id": "146", "text": "Pis\u00f5es", "label": "LOCAL", "start_offset": 303, "end_offset": 309}, {"entity_id": "147", "text": "Brandim", "label": "LOCAL", "start_offset": 315, "end_offset": 322}, {"entity_id": "148", "text": "Viade", "label": "LOCAL", "start_offset": 379, "end_offset": 384}, {"entity_id": "149", "text": "Venda Nova", "label": "LOCAL", "start_offset": 402, "end_offset": 412}, {"entity_id": "150", "text": "Pis\u00f5es", "label": "LOCAL", "start_offset": 457, "end_offset": 463}, {"entity_id": "151", "text": "Brandim", "label": "LOCAL", "start_offset": 481, "end_offset": 488}, {"entity_id": "152", "text": "2", "label": "VALOR", "start_offset": 623, "end_offset": 624}, {"entity_id": "153", "text": "18 anos", "label": "VALOR", "start_offset": 918, "end_offset": 925}, {"entity_id": "154", "text": "7 anos", "label": "VALOR", "start_offset": 1632, "end_offset": 1638}, {"entity_id": "155", "text": "Antigo de Viade", "label": "LOCAL", "start_offset": 1681, "end_offset": 1696}, {"entity_id": "156", "text": "7 anos", "label": "VALOR", "start_offset": 2117, "end_offset": 2123}, {"entity_id": "157", "text": "11 anos", "label": "VALOR", "start_offset": 2132, "end_offset": 2139}, {"entity_id": "158", "text": "7 km", "label": "VALOR", "start_offset": 2174, "end_offset": 2178}, {"entity_id": "159", "text": "18 anos", "label": "VALOR", "start_offset": 2606, "end_offset": 2613}, {"entity_id": "160", "text": "6", "label": "VALOR", "start_offset": 2804, "end_offset": 2805}, {"entity_id": "161", "text": "Pis\u00f5es", "label": "LOCAL", "start_offset": 2836, "end_offset": 2842}]}]