{
    "cloze_data": [
        {
            "question": "शँभुपरा (:શંભુપરા) <MASK> देश में गुजरात प्रान्त के सौराष्ट्र विस्तार में अमरेली जिले के ११ तहसील में से एक अमरेली तहसील का महत्वपूर्ण गाँव है। शँभुपरा गाँव के लोगों का मुख्य व्यवसाय खेती, खेतमजदूरी, पशुपालन और रत्नकला कारीगरी है। यहाँ पे गेहूँ, मूँगफली, तल, बाजरा, जीरा, अनाज, सेम, सब्जी, अल्फला इत्यादी की खेती होती है। गाँव में विद्यालय, पंचायत घर जैसी सुविधाएँ हैं। गाँव से सबसे नजदीकी शहर अमरेली है।",
            "answer": "भारत",
            "category": "ORG",
            "title": "शँभुपरा (अमरेली)",
            "out_of_context_options": [
                "टोरोंटो"
            ],
            "options": [
                "भारत",
                "गुजरात",
                "सौराष्ट्र",
                "टोरोंटो"
            ]
        },
        {
            "question": "* सैमी एनीमोर, <MASK> में लड़ने वाला एक २८ वर्षीय पेरिस वासी। आतंकी गतिविधियों में लिप्त पाए जाने के बाद से वो पिछले २ वर्षों से पुलिस से भागता फिर रहा था।",
            "answer": "यमन",
            "category": "ORG",
            "title": "नवंबर 2015 पैरिस हमले",
            "options": [
                "पेरिस",
                "इराक",
                "यमन",
                "मोरोक्को"
            ]
        },
        {
            "question": "कॉलेज में केवल लड़कों के लिए मॉनिंग बैच हैा यह कॉलेज कला, विज्ञान, वाणिज्य, से सम्बन्धित अंग्रेजी, बंगला, राजनितिक, समाजशासत्र, माइक्रोबायोलॉजी, कम्प्यूटर गणित, रसायन विज्ञान जैसे  विभिन्न 50 पाठयक्रमों में 9 और बीए, बीएसी, बी.कॉम, जैसे 13 स्नात्रक (ऑनस)  डिग्री प्रदान करता हैा कॉलेज को  विदेशी सहयोग, <MASK> के  मैनिटोबा विश्वविधालय के साथ एक टाई-अप में प्रवेश किया।",
            "answer": "कनाडा",
            "category": "ORG",
            "title": "सेंट जेवियर्स महाविद्यालय, कोलकाता",
            "options": [
                "कनाडा",
                "कोलकाता",
                "भारत",
                "बेल्जियम"
            ]
        },
        {
            "question": "माजुरो (अंग्रेजी: Majuro; मार्शलीज़: माज़रो), मार्शल द्वीपसमूह की <MASK> और सबसे बड़ा शहर है। यह प्रशान्त महासागर में 64 द्वीपों का एक बड़ा प्रवालद्वीप भी है। यह मार्शल द्वीपसमूह के रैतक (सूर्योदय) श्रृंखला का एक विधायी जिला है। प्रवालद्वीप में  का भूमि क्षेत्र है, और  का एक लैगून है। मार्शल द्वीप में अन्य प्रवालद्वीप के साथ, माजुरो में संकीर्ण भूमि क्षेत्र है।",
            "answer": "राजधानी",
            "category": "LOC",
            "title": "माजुरो",
            "out_of_context_options": [
                "कड़ेगाँव"
            ],
            "options": [
                "प्रवालद्वीप",
                "एटोल",
                "राजधानी",
                "कड़ेगाँव"
            ]
        },
        {
            "question": "साहित्य निरंतर गतिशील है। अत: वह युगानुरूप अपनी विधाओं में परिवर्तन, परिवर्धन, संशोधन तथा परिष्कार करता चलता है और लक्षण साहित्यिक विधाओं को लेकर ही निश्चित किए जाते हैं, उनपर जबरदस्ती घटाए नहीं जा सकते। इसीलिए <MASK> के बाद दंडी ने काव्यादर्श (1.23-28) में कथा और आख्यायिका को एक ही श्रेणी की रचनाएँ मानते हुए कहा है कि कहानी नायक कहे या कोई और कहे, अध्याय का विभाजन हो या न हो, अध्यायों का नाम उच्छ्वास रखा जाए या लंब, बीच में वक्त्र, अपवक्त्र छंद आएँ अथवा न आएँ, कहानी में कोई अंतर नहीं पड़ता।",
            "answer": "भामह",
            "category": "PER",
            "title": "आख्यान",
            "options": [
                "वाल्मीकि",
                "दंडी",
                "भामह",
                "रुद्रट"
            ]
        },
        {
            "question": "बुद्धि लब्धि या इंटेलिजेंस कोशेंट (Intelligence quotient / IQ) कई अलग मानकीकृत परीक्षणों से प्राप्त एक गणना है जिससे बुद्धि का आकलन किया जाता है। \"IQ\" पद की उत्पत्ति <MASK> शब्द Intelligenz-Quotient से हुई है जिसका पहली बार प्रयोग जर्मन मनोवैज्ञानिक विलियम स्टर्न ने 1912 में 20वीं सदी की शुरुआत में अल्फ्रेड बाईनेट और थेओडोर सिमोन द्वारा प्रस्तावित पद्धतियों के लिए किया, जो आधुनिक बच्चों के बौद्धिक परीक्षण के लिए अपनाया गया था।",
            "answer": "जर्मन",
            "category": "ORG",
            "title": "बुद्धि लब्धि",
            "out_of_context_options": [
                "कुआमिनटांग"
            ],
            "options": [
                "जर्मन",
                "नेचर",
                "स्कॉटलैंड",
                "कुआमिनटांग"
            ]
        },
        {
            "question": "अधिकांश हव्यक ब्राह्मण आज रामचंद्रापुर मठ (शिमोगा जिला मे मौज़ूद एक सुप्रसिद्ध मठ) तथा स्वर्णवळी मठ के विचारों तथा रिवाज़ों का पालन करते हैं। यह सारे मठ आदि शंकराचार्य द्वारा स्थापित तथा प्रतिपादित की गई अद्वैत वेदान्त का पालन करते हैं। जहां अधिकतम हव्यक सुपारी,<MASK>,केलाश् तथा नारियल के व्यापार मे दाखिल दिखाई पडते हैं तो कुछ हव्यक ब्राह्मण वेदशास्त्र कि पडाई कर पंडित का स्ठान प्राप्त कर लेते हैं। भारतीय स्वतन्त्रता आन्दोलन मे भी हव्यकों ने एक महत्त्वपूर्ण पात्र निभाया है। दांडी मार्च(नमक सत्याग्रह) तथा बारडोली सत्याग्रह मे हव्यक पुरुष तथा महिलाओं दोनो ने ही प्रमुख पात्र निभाया है।",
            "answer": "धान",
            "category": "LOC",
            "title": "हव्यक",
            "options": [
                "कोंकण",
                "काठमांडू",
                "धान",
                "गोत्र"
            ]
        },
        {
            "question": "<MASK> का विश्वविद्यालय अनुदान आयोग (अंग्रेज़ी:University Grants Commission, लघु:UGC) केन्द्रीय सरकार का एक आयोग है जो विश्वविद्यालयों को मान्यता देता है। यही आयोग सरकार द्वारा मान्यता प्राप्त विश्वविद्यालयों एवं महाविद्यालयों को अनुदान भी प्रदान करता है। इसका मुख्यालय नयी दिल्ली में है और इसके छः क्षेत्रीय कार्यालय पुणे, भोपाल, कोलकाता, हैदराबाद, गुवाहाटी एवं बंगलुरु में हैं।",
            "answer": "भारत",
            "category": "ORG",
            "title": "विश्‍वविद्यालय अनुदान आयोग (भारत)",
            "options": [
                "बंगलुरु",
                "भारत",
                "विश्वविद्यालयों",
                "कोलकाता"
            ]
        },
        {
            "question": "भिरड़ाणा <MASK> के उत्तरी राज्य हरियाणा के फतेहाबाद जिले का एक छोटा सा गाँव है। भारतीय पुरातत्त्व सर्वेक्षण विभाग के दिसम्बर २०१४ के शोध से पता चला है कि यह सिंधु घाटी सभ्यता का अबतक खोजा गया सबसे प्राचीन नगर है जिसकी स्थापना ७५७० ईसापूर्व में हुई थी।",
            "answer": "भारत",
            "category": "ORG",
            "title": "भिरड़ाना",
            "out_of_context_options": [
                "नेपाल "
            ],
            "options": [
                "सुमेर",
                "नेपाल ",
                "भारत",
                "हरियाणा"
            ]
        },
        {
            "question": "पर्यावरण (Environment) शब्द का निर्माण दो शब्दों से मिल कर हुआ है। \"परि\" जो हमारे चारों ओर है\"आवरण\" जो हमें चारों ओर से घेरे हुए है। पर्यावरण उन सभी भौतिक, रासायनिक एवं जैविक कारकों की समष्टिगत इकाई है जो किसी जीवधारी अथवा <MASK>ीय आबादी को प्रभावित करते हैं तथा उनके रूप, जीवन और जीविता को तय करते हैं।",
            "answer": "पारितंत्र",
            "category": "LOC",
            "title": "पर्यावरण",
            "out_of_context_options": [
                "संधवालिया"
            ],
            "options": [
                "पारितंत्र",
                "जीवोम",
                "संधवालिया",
                "पर्यावास"
            ]
        },
        {
            "question": "डब्ल्यूसीएल चैम्पियनशिप मूल रूप से विश्व क्रिकेट लीग डिवीजन वन के रूप में जाना जाता था, और (<MASK> और 2010 में) है कि नाम के तहत दो बार खेला गया था। उन स्टैंडअलोन टूर्नामेंट की मेजबानी के रूप में कर रहे थे, लेकिन एक नए प्रारूप बाद में पेश किया गया था, जिसमें प्रतिस्पर्धा टीमों (कई वर्षों से एक दूसरे के खिलाफ कई खेल आईसीसी इंटरकांटिनेंटल कप (एक प्रथम श्रेणी प्रतियोगिता) मिरर खेलते हैं। डब्ल्यूसीएल चैम्पियनशिप में सभी मैचों लिस्ट ए स्थिति पकड़, उच्च रैंकिंग की टीमों के बीच मैच एक दिवसीय अंतरराष्ट्रीय (एकदिवसीय) की स्थिति पकड़ सकता है।",
            "answer": "2007",
            "category": "EVE",
            "title": "आईसीसी विश्व क्रिकेट लीग चैम्पियनशिप",
            "options": [
                "2007",
                "2010",
                "2015–17",
                "2011–13"
            ]
        },
        {
            "question": "१९२१ में मुक्त होने पर वे स्वदेश लौटे और फिर ३ साल जेल भोगी। जेल में उन्होंने हिंदुत्व पर शोध ग्रन्थ लिखा। इस बीच ७ जनवरी १९२५ को इनकी पुत्री, प्रभात का जन्म हुआ। मार्च, १९२५ में उनकी भॆंट राष्ट्रीय स्वयंसेवक संघ के संस्थापक, डॉ॰ <MASK> से हुई। १७ मार्च १९२८ को इनके बेटे विश्वास का जन्म हुआ। फरवरी, १९३१ में इनके प्रयासों से बम्बई में पतित पावन मन्दिर की स्थापना हुई, जो सभी हिन्दुओं के लिए समान रूप से खुला था। २५ फ़रवरी १९३१ को सावरकर ने बम्बई प्रेसीडेंसी में हुए अस्पृश्यता उन्मूलन सम्मेलन की अध्यक्षता की।",
            "answer": "हेडगेवार",
            "category": "PER",
            "title": "विनायक दामोदर सावरकर",
            "options": [
                "गांधीजी",
                "चर्चिल",
                "गान्धी",
                "हेडगेवार"
            ]
        },
        {
            "question": "अडोबी सिस्टम्स, इंक॰ सैन होज़े, कैलिफोर्निया में स्थित एक अमेरिकी <MASK> कंप्यूटर सॉफ्टवेयर कंपनी है। यह कंपनी मुख्य रूप से मल्टीमीडिया और रचनात्मक सॉफ्टवेयर उत्पादों के निर्माण पर ध्यान केंद्रित करती है। कंपनी का नाम लॉस एल्टोस, कैलिफोर्निया में स्थित अडोबी क्रीक नाम की जलधारा पर रखा गया है, जो की कंपनी संस्थापकों के घरों के पीछे बहती थी। अडोबी के कॉर्पोरेट लोगो की रचना संस्थापक जॉन वारनॉक की पत्नी मार्वा वारनॉक ने की है, जो की स्वयं भी एक ग्राफ़िक डिज़ाइनर हैं।",
            "answer": "बहुराष्ट्रीय",
            "category": "ORG",
            "title": "अडोबी सिस्टम्स",
            "options": [
                "बहुराष्ट्रीय",
                "सिएटल",
                "मिनियापोलिस",
                "बीजिंग"
            ]
        },
        {
            "question": "इसकी रचना सन् 947 हिजरी. (संवत् 1540) में हुई थी। इसकी कुछ प्रतियों में रचनातिथि 927 हि. मिलती है, किंतु वह असंभव है। अन्य कारणों के अतिरिक्त इस असंभावना का सबसे बड़ा कारण यह है कि मलिक साहब का जन्म ही 900 या 906 हिजरी में हुआ था। ग्रंथ के प्रारंभ में शाहेवक्त के रूप में <MASK> की प्रशंसा है, यह तथ्य भी 947 हि. को ही रचनातिथि प्रमाणित करता है। 927 हि. में शेरशाह का इतिहास में कोई स्थान नहीं था।",
            "answer": "शेरशाह",
            "category": "PER",
            "title": "पद्मावत",
            "options": [
                "पद्मिनी",
                "रतनसेन",
                "पद्मावती",
                "शेरशाह"
            ]
        },
        {
            "question": "शिंदे (अथवा <MASK>) वंश के संस्थापक राणोजी शिंदे के पुत्रों में केवल महादजी पानीपत के तृतीय युद्ध से जीवित बच सके। तदनंतर, सात वर्ष उसके उत्तराधिकार संघर्ष में बीते (१७६१-६८)। स्वाधिकार स्थापन के पश्चात् महादजी का अभूतपूर्व उत्कर्ष आरंभ हुआ (१७६८)। पेशवा के शक्तिसंवर्धन के साथ, उसने अपनी शक्ति भी सुदृढ़ की। पेशवा की ओर से दिल्ली पर अधिकार स्थापित कर (१० फरवरी, १७७१), उसने शाह आलम को मुगल सिंहासन पर बैठाया (६ जनवरी, १७७२)। इस प्रकार, पानीपत में खोये, उत्तरी भारत पर मराठा प्रभुत्व का उसने पुनर्लाभ किया।",
            "answer": "सिंधिया",
            "category": "ORG",
            "title": "महादजी शिंदे",
            "out_of_context_options": [
                "सपा+"
            ],
            "options": [
                "सपा+",
                "जयपुर",
                "सिंधिया",
                "दिल्ली"
            ]
        },
        {
            "question": "पिछली फिल्म की तरह, वंडर वुमन 1984 में गादोट के अतीत को एक इजरायली सैनिक के रूप में और इजरायली बहिष्कार के प्रवर्तन के कारण कई <MASK> और मुस्लिम देशों में नहीं दिखाया जाएगा।",
            "answer": "अरब",
            "category": "LOC",
            "title": "वंडर वुमन 1984",
            "out_of_context_options": [
                "कुर्गनतेप्पा"
            ],
            "options": [
                "कुर्गनतेप्पा",
                "अंडालूसिया",
                "अरब",
                "टेनेरिफ़"
            ]
        },
        {
            "question": "हाफ़िज़ महमूद ख़ान शीरानी (1880 - 1946, नस्तालीक़: ) बर्तानवी काल के एक भारतीय शोधकर्ता और कवि थे। 1921 में उन्होंने इस्लामिया कॉलेज, लाहौर में उर्दू भाषा का शिक्षण देना शुरू किया था। 1928 में वे वहाँ से ओरिएंटल कॉलेज, <MASK> आए। वे अपनी शोधपुस्तक \"पंजाब में उर्दू\" के लिए प्रसिद्ध है। उर्दू का मशहूर शायर अख़्तर शीरानी इनका पुत्र है।",
            "answer": "लाहौर",
            "category": "LOC",
            "title": "हाफ़िज़ महमूद ख़ान शीरानी",
            "out_of_context_options": [
                "दिव्यपुरी"
            ],
            "options": [
                "लाहौर",
                "पंजाब",
                "दिव्यपुरी",
                "टोंक"
            ]
        },
        {
            "question": "आज भी कुछ फ़िलिपीनी समुदायों की भाषाएँ ब्राह्मी लिपियों पर आधारित हैं, मसलन: <MASK> पर रहने वाले मांगयाई लोगों की बुहिद (Buhid) और हानुनोओ (Hanuno'o) लिपियाँ; लूज़ोन द्वीप पर पाम्पांगा, तरलाक, बातान व नुएवा एसिहा प्रान्तों में कापाम्पांगान भाषा लिखने के लिये प्रयोग होने वाली कुलितान लिपि; मध्य और उत्तरी पलावन में तगबानवा भाषाओं को लिखने के लिए प्रयोग होने वाली तगबानवा लिपि।",
            "answer": "मिन्दोरो",
            "category": "LOC",
            "title": "बायबायिन लिपि",
            "options": [
                "पाम्पांगा",
                "बातान",
                "पलावन",
                "मिन्दोरो"
            ]
        },
        {
            "question": "27 सितंबर 2001 को, एफबीआई (FBI) ने 19 अपहर्ताओं की तस्वीरें, उनकी संभावित राष्ट्रीयता और उपनामों के साथ जारी कर दी, कई फर्जी नाम और उसके साथ के बारे में जानकारी देशों संभव. अपहर्ताओं में से पंद्रह सऊदी अरब से, दो संयुक्त अरब अमीरात से, एक मिस्र से (अत्ता) और एक <MASK> से था।",
            "answer": "लेबनान",
            "category": "ORG",
            "title": "11 सितम्बर 2001 के हमले",
            "options": [
                "इराक",
                "क्यूबा",
                "यमन",
                "लेबनान"
            ]
        },
        {
            "question": "श्रीनगर से कुछ दूर एक बहुत पुराना मार्तण्ड (सूर्य) मन्दिर है। कुछ और दूर अनन्तनाग ज़िले में शिव को समर्पित <MASK> की गुफा है जहाँ हज़ारों तीर्थयात्री जाते हैं। श्रीनगर से तीस किलोमीटर दूर मुस्लिम सूफ़ी संत शेख़ नूरुद्दिन वली की दरगाह चरार-ए-शरीफ़ है, जिसे कुछ वर्ष पहले इस्लामी आतंकवादियों ने ही जला दिया था, पर बाद में इसकी वापिस मरम्मत हुई।",
            "answer": "अमरनाथ",
            "category": "LOC",
            "title": "श्रीनगर, जम्मू और कश्मीर",
            "options": [
                "पहलगाम",
                "अमरनाथ",
                "जम्मू",
                "कारगिल"
            ]
        }
    ]
}