<annotation>
	<folder>VOC2012</folder>
	<filename>2008_000019.jpg</filename>
	<source>
		<database>The VOC2008 Database</database>
		<annotation>PASCAL VOC2008</annotation>
		<image>flickr</image>
	</source>
	<size>
		<width>480</width>
		<height>272</height>
		<depth>3</depth>
	</size>
	<segmented>1</segmented>
	<object>
		<name>dog</name>
		<pose>Unspecified</pose>
		<truncated>0</truncated>
		<occluded>0</occluded>
		<bndbox>
			<xmin>139</xmin>
			<ymin>2</ymin>
			<xmax>372</xmax>
			<ymax>197</ymax>
		</bndbox>
		<difficult>0</difficult>
	</object>
	<object>
		<name>dog</name>
		<pose>Unspecified</pose>
		<truncated>0</truncated>
		<occluded>0</occluded>
		<bndbox>
			<xmin>165</xmin>
			<ymin>66</ymin>
			<xmax>318</xmax>
			<ymax>236</ymax>
		</bndbox>
		<difficult>0</difficult>
	</object>
	<object>
		<name>dog</name>
		<pose>Right</pose>
		<truncated>1</truncated>
		<occluded>0</occluded>
		<bndbox>
			<xmin>361</xmin>
			<ymin>1</ymin>
			<xmax>480</xmax>
			<ymax>112</ymax>
		</bndbox>
		<difficult>0</difficult>
	</object>
</annotation>
