{"data": [{"paragraphs": [{"qas": [{"answers": [{"answer_start": 31, "text": "308"}], "id": "56beb4343aeaaa14008c925b", "question": "C\u00e2te puncte a cedat ap\u0103rarea echipei Panthers?"}, {"answers": [{"answer_start": 608, "text": "136"}], "id": "56beb4343aeaaa14008c925c", "question": "C\u00e2te sack-uri a avut Jared Allen de-a lungul carierei?"}, {"answers": [{"answer_start": 1031, "text": "118"}], "id": "56beb4343aeaaa14008c925d", "question": "C\u00e2te plac\u0103ri a \u00eenregistrat Luke Kuechly?"}, {"answers": [{"answer_start": 1410, "text": "patru"}], "id": "56beb4343aeaaa14008c925e", "question": "C\u00e2te mingi a interceptat Josh Norman?"}, {"answers": [{"answer_start": 233, "text": "Kawann Short"}], "id": "56beb4343aeaaa14008c925f", "question": "Cine a \u00eenregistrat cele mai multe sack-uri din echip\u0103 \u00een acest sezon?"}, {"answers": [{"answer_start": 134, "text": "24"}], "id": "56d6f3500d65d21400198290", "question": "C\u00e2te intercept\u0103ri a ob\u021binut ap\u0103rarea Panthers \u00een anul 2015?"}, {"answers": [{"answer_start": 233, "text": "Kawann Short"}], "id": "56d6f3500d65d21400198291", "question": "Cine a avut cele mai multe sack-uri \u00een echipa Panthers?"}, {"answers": [{"answer_start": 160, "text": "patru"}], "id": "56d6f3500d65d21400198292", "question": "C\u00e2\u021bi juc\u0103tori din ap\u0103rarea Panthers au fost selecta\u021bi pentru Pro Bowl?"}, {"answers": [{"answer_start": 943, "text": "patru"}], "id": "56d6f3500d65d21400198293", "question": "C\u00e2te fumble-uri for\u021bate a avut Thomas Davis?"}, {"answers": [{"answer_start": 1174, "text": "Kurt Coleman"}], "id": "56d6f3500d65d21400198294", "question": "Care juc\u0103tor a avut cele mai multe intercept\u0103ri \u00een acest sezon?"}, {"answers": [{"answer_start": 134, "text": "24"}], "id": "56d9992fdc89441400fdb59c", "question": "C\u00e2te intercept\u0103ri a avut ap\u0103rarea Panthers \u00een sezonul 2015?"}, {"answers": [{"answer_start": 647, "text": "Kony Ealy"}], "id": "56d9992fdc89441400fdb59e", "question": "Cine a avut cinci sack-uri \u00een nou\u0103 meciuri \u00een calitate de juc\u0103tor starter pentru Carolina Panthers?"}, {"answers": [{"answer_start": 872, "text": "Luke Kuechly"}], "id": "56d9992fdc89441400fdb59f", "question": "Cine a fost \u00een fruntea echipei Panthers la plac\u0103ri \u00een anul 2015?"}, {"answers": [{"answer_start": 1430, "text": "dou\u0103"}], "id": "56d9992fdc89441400fdb5a0", "question": "Cu c\u00e2te intercept\u0103ri a reu\u0219it Josh Norman s\u0103 puncteze touchdown \u00een anul 2015?"}], "context": "Ap\u0103rarea Panthers a cedat doar 308 puncte, clas\u00e2ndu-se pe locul \u0219ase din lig\u0103, \u00een timp ce au dominat NFL la intercept\u0103ri, \u00een num\u0103r de 24 \u0219i s-au putut l\u0103uda cu patru selec\u021bii la Pro Bowl. Juc\u0103torul principal al ap\u0103r\u0103rii la Pro Bowl, Kawann Short, a condus echipa la num\u0103rul de sack-uri cu 11, for\u021b\u00e2nd \u0219i trei fumble-uri \u0219i recuper\u00e2nd dou\u0103. Coechipierul de linie Mario Addison a ad\u0103ugat \u00eenc\u0103 6\u00bd sack-uri. Din linia Panthers a f\u0103cut parte \u0219i veteranul ap\u0103r\u0103tor din extrem\u0103 Jared Allen, care a participat de 5 ori la Pro Bowl, fiind liderul activ al NFL la num\u0103rul de sack-uri de-a lungul carierei, \u00een num\u0103r de 136, al\u0103turi de ap\u0103r\u0103torul din extrem\u0103 Kony Ealy, care a avut 5 sack-uri \u00een doar 9 meciuri pe pozi\u021bie de starter. \u00cen spatele lor, au fost selecta\u021bi \u0219i doi dintre cei trei juc\u0103tori din spatele liniei defensive ai Panthers pentru a juca la Pro Bowl: Thomas Davis \u0219i Luke Kuechly. Davis a adunat 5\u00bd sack-uri, patru fumble-uri for\u021bate, \u0219i patru intercept\u0103ri, \u00een timp ce Kuechly a fost \u00een fruntea echipei la num\u0103rul de plac\u0103ri (118), a for\u021bat dou\u0103 fumble-uri, \u0219i a interceptat patru pase proprii. Ap\u0103r\u0103torul din spate al echipei Carolina a fost juc\u0103torul safety Pro Bowl Kurt Coleman, care a fost \u00een fruntea echipei cu un num\u0103r maxim de \u0219apte intercept\u0103ri \u00een cariera sa, urc\u00e2nd \u0219i \u00een clasament cu 88 plac\u0103ri \u0219i funda\u0219ul Pro Bowl Josh Norman, care a trecut la shutdown corner de-a lungul sezonului \u0219i a avut patru intercept\u0103ri, dou\u0103 dintre care au fost returnate pentru touchdown-uri."}, {"qas": [{"answers": [{"answer_start": 17, "text": "Pittsburgh Steelers"}], "id": "56beb7953aeaaa14008c92ab", "question": "Cine a pierdut \u00een fa\u021ba Broncos \u00een runda divizional\u0103?"}, {"answers": [{"answer_start": 76, "text": "11"}], "id": "56beb7953aeaaa14008c92ac", "question": "C\u00e2te puncte a marcat echipa Broncos \u00een ultimele trei minute din meciul \u00eempotriva Pittsburgh?"}, {"answers": [{"answer_start": 198, "text": "New England Patriots"}], "id": "56beb7953aeaaa14008c92ad", "question": "Cine a c\u00e2\u0219tigat Super Bowl XLIX?"}, {"answers": [{"answer_start": 163, "text": "20\u201318"}], "id": "56beb7953aeaaa14008c92ae", "question": "Care a fost scorul final al meciului din Campionatul AFC?"}, {"answers": [{"answer_start": 328, "text": "17 secunde"}], "id": "56beb7953aeaaa14008c92af", "question": "C\u00e2t timp a mai r\u0103mas pe cronometru \u00een momentul \u00een care echipa Broncos a efectuat interceptarea care a \u00eencheiat meciul din Campionatul AFC?"}, {"answers": [{"answer_start": 0, "text": "Broncos"}], "id": "56bf36b93aeaaa14008c9561", "question": "Care a fost echipa c\u00e2\u0219tig\u0103toare a rundei divizionale dintre Broncos \u0219i Steelers?"}, {"answers": [{"answer_start": 61, "text": "23\u201316"}], "id": "56bf36b93aeaaa14008c9562", "question": "Care a fost scorul final al meciului dintre Broncos \u0219i Steelers?"}, {"answers": [{"answer_start": 198, "text": "New England Patriots"}], "id": "56bf36b93aeaaa14008c9563", "question": "Cine a c\u00e2\u0219tigat Super Bowl XLIX?"}, {"answers": [{"answer_start": 328, "text": "17"}], "id": "56bf36b93aeaaa14008c9564", "question": "C\u00e2te secunde au mai r\u0103mas din meci \u00een momentul \u00een care echipa Broncos a interceptat pasa care a dus la c\u00e2\u0219tigarea meciului?"}, {"answers": [{"answer_start": 386, "text": "Manning"}], "id": "56bf36b93aeaaa14008c9565", "question": "\u00cen timpul meciurilor playoff ale Broncos cine nu a avut nicio aruncare?"}, {"answers": [{"answer_start": 17, "text": "Pittsburgh Steelers"}], "id": "56d7018a0d65d214001982c2", "question": "Pe cine au \u00eenvins Broncos pentru a c\u00e2\u0219tiga \u00een divizia lor \u00een 2015?"}, {"answers": [{"answer_start": 76, "text": "11"}], "id": "56d7018a0d65d214001982c3", "question": "C\u00e2te puncte a marcat echipa Broncos \u00een ultimele 3 minute ale meciului cu echipa Pittsburgh?"}, {"answers": [{"answer_start": 198, "text": "New England Patriots"}], "id": "56d7018a0d65d214001982c5", "question": "Pe cine a \u00eenvins Broncos \u00een meciul din Campionatul AFC?"}, {"answers": [{"answer_start": 17, "text": "Pittsburgh Steelers"}], "id": "56d99f99dc89441400fdb628", "question": "Pe cine a \u00eenvins Broncos pentru a c\u00e2\u0219tiga \u00een divizia lor \u00een anul 2015?"}, {"answers": [{"answer_start": 198, "text": "New England Patriots"}], "id": "56d99f99dc89441400fdb629", "question": "Pe cine a \u00eenvins Broncos pentru a ajunge campioana AFC?"}, {"answers": [{"answer_start": 328, "text": "17"}], "id": "56d99f99dc89441400fdb62c", "question": "C\u00e2te secunde au mai r\u0103mas din meci \u00een momentul \u00een care echipa Patriots a e\u0219uat \u00een \u00eencercarea de conversie in 2 puncte?"}], "context": "Broncos a \u00eenvins Pittsburgh Steelers \u00een runda divizional\u0103 cu 23\u201316, marc\u00e2nd 11 puncte \u00een ultimele trei minute ale meciului. Apoi, \u00een Campionatul AFC, au \u00eenvins cu 20\u201318 pe campioana Super Bowl XLIX New England Patriots, care \u00ee\u0219i ap\u0103ra titlul, prin interceptarea unei pase \u00een \u00eencercarea de conversie \u00een 2 puncte a New England cu 17 secunde r\u0103mase pe cronometru. \u00cen ciuda problemelor lui Manning cu intercept\u0103rile din timpul sezonului, acesta nu a avut nicio aruncare \u00een cele dou\u0103 meciuri din playoff."}, {"qas": [{"answers": [{"answer_start": 216, "text": "39"}], "id": "56beb86b3aeaaa14008c92bd", "question": "Ce v\u00e2rst\u0103 avea Peyton Manning atunci c\u00e2nd a jucat la Super Bowl 50?"}, {"answers": [{"answer_start": 263, "text": "John Elway"}], "id": "56beb86b3aeaaa14008c92be", "question": "Cine a de\u021binut \u00eenainte de el recordul pentru cel mai \u00een v\u00e2rst\u0103 funda\u0219 care a jucat \u00eentr-un meci Super Bowl?"}, {"answers": [{"answer_start": 359, "text": "38"}], "id": "56beb86b3aeaaa14008c92bf", "question": "Ce v\u00e2rst\u0103 avea John Elway atunci c\u00e2nd a jucat la Super Bowl XXXIII?"}, {"answers": [{"answer_start": 388, "text": "Vicepre\u0219edintele Executiv pentru Opera\u021biuni de Fotbal \u0219i Managerul General"}], "id": "56beb86b3aeaaa14008c92c0", "question": "Ce rol de\u021bine \u00een prezent John Elway \u00een cadrul francizei Broncos?"}, {"answers": [{"answer_start": 296, "text": "Broncos"}], "id": "56beb86b3aeaaa14008c92c1", "question": "Pentru cine a jucat John Elway la Super Bowl XXXIII?"}, {"answers": [{"answer_start": 296, "text": "Broncos"}], "id": "56bf3fd53aeaaa14008c9591", "question": "Care a fost echipa c\u00e2\u0219tig\u0103toare la Super Bowl XXXIII?"}, {"answers": [{"answer_start": 263, "text": "John Elway"}], "id": "56bf3fd53aeaaa14008c9592", "question": "Cine este Managerul General al echipei Broncos?"}, {"answers": [{"answer_start": 359, "text": "38"}], "id": "56bf3fd53aeaaa14008c9593", "question": "Ce v\u00e2rst\u0103 avea Elway c\u00e2nd a c\u00e2\u0219tigat Super Bowl XXXIII?"}, {"answers": [{"answer_start": 0, "text": "Peyton Manning"}], "id": "56bf3fd53aeaaa14008c9594", "question": "Cine de\u021bine recordul pentru cel mai \u00een v\u00e2rst\u0103 funda\u0219 dintr-un meci Super Bowl?"}, {"answers": [{"answer_start": 77, "text": "dou\u0103"}], "id": "56bf3fd53aeaaa14008c9595", "question": "Pentru c\u00e2te echipe, care au ajuns la Super Bowl \u00een timp ce acesta era \u00een echipa lor, a jucat Manning?"}, {"answers": [{"answer_start": 77, "text": "dou\u0103"}], "id": "56d704430d65d214001982de", "question": "C\u00e2te echipe diferite a dus Peyton Manning la Super Bowl?"}, {"answers": [{"answer_start": 0, "text": "Peyton Manning"}], "id": "56d704430d65d214001982e0", "question": "Cine este cel mai \u00een v\u00e2rst\u0103 atacant care a jucat \u00eentr-un meci Super Bowl?"}, {"answers": [{"answer_start": 263, "text": "John Elway"}], "id": "56d704430d65d214001982e1", "question": "\u00cenainte de Manning, cine a fost cel mai \u00een v\u00e2rst\u0103 funda\u0219 care a jucat \u00eentr-un meci Super Bowl?"}, {"answers": [{"answer_start": 328, "text": "Super Bowl XXXIII"}], "id": "56d704430d65d214001982e2", "question": "Care meci Super Bowl a fost c\u00e2\u0219tigat de Elway la v\u00e2rsta de 38 de ani?"}, {"answers": [{"answer_start": 0, "text": "Peyton Manning"}], "id": "56d9a0eadc89441400fdb63e", "question": "Cine a fost primul funda\u0219 care a dus dou\u0103 echipe la mai mult de un meci Super Bowl?"}, {"answers": [{"answer_start": 216, "text": "39"}], "id": "56d9a0eadc89441400fdb63f", "question": "Ce v\u00e2rst\u0103 avea Manning atunci c\u00e2nd a jucat la Super Bowl 50?"}, {"answers": [{"answer_start": 263, "text": "John Elway"}], "id": "56d9a0eadc89441400fdb640", "question": "Care este numele funda\u0219ului care avea 38 de ani la Super Bowl XXXIII?"}], "context": "Peyton Manning a devenit primul funda\u0219, al tuturor timpurilor, care a condus dou\u0103 echipe diferite la mai multe meciuri Super Bowl. El este \u0219i cel mai \u00een v\u00e2rst\u0103 funda\u0219 care a jucat vreodat\u0103 \u00eentr-un meci Super Bowl la 39 de ani. Recordul anterior a fost de\u021binut de John Elway, care a condus echipa Broncos spre victorie \u00een meciul Super Bowl XXXIII la v\u00e2rsta de 38 de ani \u0219i este \u00een prezent Vicepre\u0219edintele Executiv pentru Opera\u021biuni de Fotbal \u0219i Managerul General al echipei Denver."}, {"qas": [{"answers": [{"answer_start": 27, "text": "\u0219ase"}], "id": "56bec6ac3aeaaa14008c93fd", "question": "C\u00e2te premii Grammy a c\u00e2\u0219tigat Lady Gaga?"}, {"answers": [{"answer_start": 129, "text": "imnul na\u021bional"}], "id": "56bec6ac3aeaaa14008c93fe", "question": "Ce a c\u00e2ntat Lady Gaga?"}, {"answers": [{"answer_start": 77, "text": "Premiile Academiei Americane de Film"}], "id": "56bec6ac3aeaaa14008c93ff", "question": "Ce premiu a c\u00e2\u0219tigat Marlee Matlin?"}, {"answers": [{"answer_start": 129, "text": "imnul na\u021bional"}], "id": "56bec6ac3aeaaa14008c9400", "question": "Ce a tradus Marlee Matlin?"}, {"answers": [{"answer_start": 247, "text": "Limbajul American al Semnelor"}], "id": "56bec6ac3aeaaa14008c9401", "question": "\u00cen ce limbaj a tradus Marlee Matlin imnul na\u021bional?"}, {"answers": [{"answer_start": 0, "text": "Lady Gaga"}], "id": "56d20650e7d4791d00902614", "question": "Cine a c\u00e2ntat imnul na\u021bional?"}, {"answers": [{"answer_start": 208, "text": "Marlee Matlin"}], "id": "56d20650e7d4791d00902615", "question": "Ce actri\u021b\u0103 a efectuat traducerea ASL pentru meci?"}, {"answers": [{"answer_start": 0, "text": "Lady Gaga"}], "id": "56d7253b0d65d214001983d4", "question": "Cine a  interpretat imnul na\u021bional la Super Bowl 50?"}, {"answers": [{"answer_start": 208, "text": "Marlee Matlin"}], "id": "56d7253b0d65d214001983d5", "question": "Ce actor a tradus \u00een limbajul semnelor imnul na\u021bional la Super Bowl 50?"}, {"answers": [{"answer_start": 0, "text": "Lady Gaga"}], "id": "56d9c455dc89441400fdb7c4", "question": "Cine a interpretat la Super Bowl 50 imnul na\u021bional?"}, {"answers": [{"answer_start": 27, "text": "\u0219ase"}], "id": "56d9c455dc89441400fdb7c5", "question": "Conform textului c\u00e2te premii Grammy a c\u00e2\u0219tigat Lady Gaga?"}, {"answers": [{"answer_start": 208, "text": "Marlee Matlin"}], "id": "56d9c455dc89441400fdb7c6", "question": "Cine a tradus \u00een limbajul semnelor imnul na\u021bional la Super Bowl 50?"}], "context": "Lady Gaga, c\u00e2\u0219tig\u0103toarea a \u0219ase premii Grammy \u0219i care a fost nominalizat\u0103 la Premiile Academiei Americane de Film, a interpretat imnul na\u021bional, \u00een timp ce c\u00e2\u0219tig\u0103toarea Premiilor Academiei Americane de Film Marlee Matlin a realizat traducerea \u00een Limbajul American al Semnelor (ASL)."}, {"qas": [{"answers": [{"answer_start": 95, "text": "24"}], "id": "56beca913aeaaa14008c946d", "question": "De pe ce linie de yarzi a \u00eenceput Carolina c\u00e2nd mai erau 4:51 minute din meci?"}, {"answers": [{"answer_start": 277, "text": "Newton"}], "id": "56beca913aeaaa14008c946e", "question": "Cine a efectuat un fumble cu a treia \u0219ans\u0103 la down la 9 yarzi?"}, {"answers": [{"answer_start": 841, "text": "Josh Norman"}], "id": "56beca913aeaaa14008c946f", "question": "C\u0103rui ap\u0103r\u0103tor Panther i s-a aplicat o penalizare pentru fault la al treilea down?"}, {"answers": [{"answer_start": 860, "text": "Anderson"}], "id": "56beca913aeaaa14008c9470", "question": "Care juc\u0103tor a degajat mingea de la 2 yarzi?"}, {"answers": [{"answer_start": 937, "text": "Bennie Fowler"}], "id": "56beca913aeaaa14008c9471", "question": "Cine a primit mingea \u00een conversia reu\u0219it\u0103 \u00een 2 puncte?"}, {"answers": [{"answer_start": 247, "text": "Miller"}], "id": "56d726b60d65d214001983ea", "question": "Cine a sustras mingea de la Newton la a treia \u0219ans\u0103 la down la 9 yarzi?"}, {"answers": [{"answer_start": 391, "text": "Ward"}], "id": "56d726b60d65d214001983eb", "question": "Cine a recuperat mingea sustras\u0103?"}, {"answers": [{"answer_start": 541, "text": "Newton"}], "id": "56d726b60d65d214001983ec", "question": "Care juc\u0103tor a fost criticat pentru c\u0103 nu a s\u0103rit \u00een gr\u0103mad\u0103 s\u0103 recupereze mingea?"}, {"answers": [{"answer_start": 841, "text": "Josh Norman"}], "id": "56d726b60d65d214001983ed", "question": "Care juc\u0103tor Panthers a fost penalizat, drept pentru care echipa Broncos a ob\u021binut un set nou de down-uri?"}, {"answers": [{"answer_start": 1029, "text": "3:08"}], "id": "56d726b60d65d214001983ee", "question": "C\u00e2t timp a mai r\u0103mas din meci c\u00e2nd Denver a trecut la scorul de 24-10?"}, {"answers": [{"answer_start": 3, "text": "4:51"}], "id": "56d9cb47dc89441400fdb832", "question": "C\u00e2t ar\u0103ta cronometrul c\u00e2nd Carolina a primit mingea la linia lor de 24 de yarzi \u00een al patrulea sfert?"}, {"answers": [{"answer_start": 247, "text": "Miller"}], "id": "56d9cb47dc89441400fdb833", "question": "Care este numele de familie al juc\u0103torului care a luat mingea de la Newton t\u00e2rziu \u00een al patrulea sfert?"}, {"answers": [{"answer_start": 391, "text": "Ward"}], "id": "56d9cb47dc89441400fdb834", "question": "Care este numele juc\u0103torului care \u00een cele din urm\u0103 a recuperat mingea pierdut\u0103 de Newton in al patrulea sfert?"}, {"answers": [{"answer_start": 716, "text": "trei"}], "id": "56d9cb47dc89441400fdb835", "question": "C\u00e2te tururi a stat echipa Denver \u00een afara zonei de cap\u0103t dup\u0103 ce a primit mingea de la Newton?"}, {"answers": [{"answer_start": 860, "text": "Anderson"}], "id": "56d9cb47dc89441400fdb836", "question": "Care este numele de familie al juc\u0103torului care a \u00eenscris un touchdown la 2 yarzi \u00een al patrulea sfert?"}], "context": "Cu 4:51 minute r\u0103mase din timpul regulamentar, echipa Carolina a primit mingea pe linia lor de 24 de yarzi cu \u0219ansa de a pune \u00een scen\u0103 o manevr\u0103 prin care s\u0103 c\u00e2\u0219tige meciul \u0219i a ajuns imediat la a treia \u0219ans\u0103 la down la 9 yarzi. \u00cen urm\u0103torul tur, Miller a sustras mingea de la Newton, \u0219i dup\u0103 ce mai mul\u021bi juc\u0103tori s-au aruncat dup\u0103 ea, aceasta a s\u0103rit mult \u00een spate \u0219i a fost recuperat\u0103 de Ward, care a returnat-o cinci yarzi p\u00e2n\u0103 la linia de 4 yarzi a echipei Panthers. De\u0219i mai mul\u021bi juc\u0103tori s-au aruncat \u00een gr\u0103mad\u0103 pentru a o recupera, Newton nu a f\u0103cut-o, iar lipsa de agresivitate a acestuia a atras ulterior critici dure la adresa sa. \u00centre timp, atacul echipei Denver a stat \u00een afara zonei de cap\u0103t timp de trei tururi, \u00eens\u0103 echipa Broncos a ob\u021binut un nou set de down-uri \u00een urma unui penaliz\u0103ri pentru fault aplicate lansatorului Josh Norman. Apoi, Anderson a marcat un touchdown la 2 yarzi, iar Manning a finalizat o pas\u0103 la Bennie Fowler pentru o conversie \u00een 2 puncte, ob\u021bin\u00e2nd conducerea pentru Denver cu 24-10 la 3:08 minute r\u0103mase \u0219i c\u00e2\u0219tig\u00e2nd astfel meciul. Echipa Carolina a mai avut dou\u0103 manevre, \u00eens\u0103 nu a reu\u0219it s\u0103 ob\u021bin\u0103 un prim down \u00een niciuna dintre acestea."}], "title": "Super_Bowl_50"}, {"paragraphs": [{"qas": [{"answers": [{"answer_start": 17, "text": "Ogr\u00f3d Saski"}], "id": "57339c16d058e614000b5ec5", "question": "Care este denumirea \u00een polonez\u0103 pentru Gr\u0103dina Saxon\u0103?"}, {"answers": [{"answer_start": 30, "text": "Gr\u0103dina Saxon\u0103"}], "id": "57339c16d058e614000b5ec6", "question": "Unde era amplasat Teatrul de Var\u0103?"}, {"answers": [{"answer_start": 87, "text": "1870 \u0219i 1939"}], "id": "57339c16d058e614000b5ec7", "question": "C\u00e2t timp a func\u021bionat Teatrul de Var\u0103?"}, {"answers": [{"answer_start": 160, "text": "Momus"}], "id": "57339c16d058e614000b5ec8", "question": "Care a fost primul carabet literar al Var\u0219oviei?"}, {"answers": [{"answer_start": 262, "text": "Teatrul Wojciech Bogus\u0142awski"}], "id": "57339c16d058e614000b5ec9", "question": "Care teatru a fost cel mai bun exemplu de \u201eteatru monumental polonez\u201d?"}], "context": "\u00cen apropiere, \u00een Ogr\u00f3d Saski (Gr\u0103dina Saxon\u0103), Teatrul de Var\u0103 a func\u021bionat \u00eentre anii 1870 \u0219i 1939, iar \u00een perioada interbelic\u0103 complexul teatral cuprindea \u0219i Momus, primul cabaret literar din Var\u0219ovia \u0219i Melodrama, piesa de teatru muzical a lui Leon Schiller. Teatrul Wojciech Bogus\u0142awski (1922\u201326), era cel mai bun exemplu de \u201eteatru monumental polonez\u201d. De la mijlocul anilor 1930, cl\u0103direa Marelui Teatru a g\u0103zduit Institutul de Art\u0103 Dramatic\u0103 Apati \u2013 prima academie de art\u0103 dramatic\u0103 de stat, cu un departament de actorie \u0219i un departament de regie."}, {"qas": [{"answers": [{"answer_start": 20, "text": "Polonia Var\u0219ovia"}], "id": "5733a32bd058e614000b5f32", "question": "Cine a c\u00e2\u0219tigat Campionatul Ekstraklasa \u00een 2000?"}, {"answers": [{"answer_start": 214, "text": "1946"}], "id": "5733a32bd058e614000b5f33", "question": "C\u00e2nd a c\u00e2\u0219tigat Polonia Var\u0219ovia campionatul na\u021bional \u00eenainte de 2000?"}, {"answers": [{"answer_start": 235, "text": "de dou\u0103 ori"}], "id": "5733a32bd058e614000b5f34", "question": "De c\u00e2te ori a c\u00e2\u0219tigat Polonia cupa?"}, {"answers": [{"answer_start": 296, "text": "strada Konwiktorska"}], "id": "5733a32bd058e614000b5f35", "question": "Unde este locul de adunare al clubului Polonia?"}, {"answers": [{"answer_start": 423, "text": "situa\u021biei sale financiare dezastruoase"}], "id": "5733a32bd058e614000b5f36", "question": "De ce a fost scos clubul Polonia din liga 1 \u00een 2013?"}], "context": "Rivalii lor locali, Polonia Var\u0219ovia, au un num\u0103r semnificativ mai mic de suporteri, \u00eens\u0103 cu toate acestea au reu\u0219it s\u0103 c\u00e2\u0219tige Campionatul Ekstraklasa din anul 2000. Ace\u0219tia au c\u00e2\u0219tigat \u0219i campionatul na\u021bional \u00een 1946, precum \u0219i cupa de dou\u0103 ori. Locul de adunare al clubului Polonia se afl\u0103 pe strada Konwiktorska, la 10 minute de mers pe jos spre nord de Ora\u0219ul Vechi. Polonia a fost scoas\u0103 din liga 1 \u00een 2013 din cauza situa\u021biei sale financiare dezastruoase. Acum ace\u0219tia joac\u0103 \u00een liga 4 (nivelul 5 \u00een Polonia) \u2013 liga profesionist\u0103 cea mai de jos la nivel na\u021bional \u2013 structura Asocia\u021biei Poloneze de Fotbal (PZPN)."}, {"qas": [{"answers": [{"answer_start": 53, "text": "multicultural"}], "id": "57338007d058e614000b5bda", "question": "Ce tip de ora\u0219 este Var\u0219ovia de c\u00e2nd a devenit ora\u0219?"}, {"answers": [{"answer_start": 106, "text": "711.988"}], "id": "57338007d058e614000b5bdb", "question": "Care era popula\u021bia Var\u0219oviei \u00een 1901?"}, {"answers": [{"answer_start": 127, "text": "56,2%"}], "id": "57338007d058e614000b5bdc", "question": "Ce procent din popula\u021bia Var\u0219oviei erau catolici \u00een anul 1901?"}, {"answers": [{"answer_start": 194, "text": "2,8%"}], "id": "57338007d058e614000b5bdd", "question": "Ce procent din popula\u021bia Var\u0219oviei erau protestan\u021bi \u00een anul 1901?"}, {"answers": [{"answer_start": 479, "text": "1944"}], "id": "57338007d058e614000b5bde", "question": "C\u00e2nd au fost distruse majoritatea l\u0103ca\u0219urilor de cult din Var\u0219ovia?"}], "context": "De-a lungul existen\u021bei sale, Var\u0219ovia a fost un ora\u0219 multicultural. Conform recens\u0103m\u00e2ntului din 1901, din 711.988 de locuitori 56,2% erau catolici, 35,7% evrei, 5% cre\u0219tini ortodoc\u0219i greci, iar 2,8% protestan\u021bi. Opt ani mai t\u00e2rziu, \u00een anul 1909, erau 281.754 de evrei (36,9%), 18.189 protestan\u021bi (2,4%) \u0219i 2.818 mariavi\u021bi (0,4%). Acest lucru a dus la construirea a sute de l\u0103ca\u0219uri de cult \u00een toate zonele ora\u0219ului. Majoritatea au fost distruse \u00een urma Revoltei din Var\u0219ovia din 1944. Dup\u0103 r\u0103zboi, noile autorit\u0103\u021bi comuniste din Polonia au descurajat construirea de biserici, astfel c\u0103 s-a reconstruit doar un num\u0103r mic de biserici."}, {"qas": [{"answers": [{"answer_start": 64, "text": "comuna"}], "id": "573380e0d058e614000b5be9", "question": "Care este unitatea de baz\u0103 pentru \u00eemp\u0103r\u021birea teritorial\u0103 \u00een Polonia?"}, {"answers": [{"answer_start": 410, "text": "districte sau powiat"}], "id": "573380e0d058e614000b5bea", "question": "Care este rangul doi al \u00eemp\u0103r\u021birii teritoriale \u00een Polonia?"}, {"answers": [{"answer_start": 1166, "text": "Cracovia"}], "id": "573380e0d058e614000b5beb", "question": "\u00cen care districte sunt toate numerele de \u00eenmatriculare pentru autovehicule de acela\u0219i tip?"}], "context": "\u00cen Polonia, unitatea de baz\u0103 pentru \u00eemp\u0103r\u021birea teritorial\u0103 este comuna (gmina). Un ora\u0219 este tot o comun\u0103 \u2013 \u00eens\u0103 cu statut de ora\u0219. At\u00e2t ora\u0219ele c\u00e2t \u0219i comunele sunt conduse de un primar \u2013 dar \u00een comune primarul este vogt (w\u00f3jt \u00een polonez\u0103), \u00eens\u0103 \u00een ora\u0219e \u2013 burmistrz. Unele ora\u0219e mai mari dob\u00e2ndesc drepturi, cum ar fi sarcinile \u0219i privilegiile, de\u021binute de unit\u0103\u021bile de rang doi ale \u00eemp\u0103r\u021birii teritoriale - districte sau powiat. Un exemplu pentru un astfel de drept \u00eel reprezint\u0103 \u00eenmatricularea autovehiculelor: gmina nu poate \u00eenregistra autovehicule, acest lucru cade \u00een sarcina unui powiat (astfel c\u0103 num\u0103rul de \u00eenmatriculare depinde de powiat-ul unde a fost \u00eenmatriculat autovehiculul, nu de gmina), \u00een acest caz ne referim la ora\u0219 district sau powiat grodzki. Astfel de ora\u0219e sunt de exemplu Lublin, Cracovia, Gda\u0144sk, Pozna\u0144. \u00cen Var\u0219ovia, districtele sale de\u021bin \u00een plus anumite drepturi ale powiat \u2013 dup\u0103 cum s-a men\u021bionat \u00een cazul \u00eenmatricul\u0103rilor. De exemplu, districtul Wola are registrele sale, iar districtul Ursyn\u00f3w pe ale sale (iar autovehiculele din Wola au alt tip de num\u0103r de \u00eenmatriculare dec\u00e2t cele din Ursyn\u00f3w). \u00cens\u0103, de exemplu, districtele din Cracovia nu de\u021bin drepturi aferente unei powiat, astfel c\u0103 numerele de \u00eenmatriculare din Cracovia sunt acela\u0219i tip pentru toate districtele."}, {"qas": [{"answers": [{"answer_start": 57, "text": "1817"}], "id": "5733834ed058e614000b5c26", "question": "C\u00e2nd a fost fondat\u0103 prima burs\u0103 de valori a Var\u0219oviei?"}, {"answers": [{"answer_start": 110, "text": "al Doilea R\u0103zboi Mondial"}], "id": "5733834ed058e614000b5c27", "question": "Ce a dus la \u00eenchiderea Bursei de Valori a Var\u0219oviei?"}, {"answers": [{"answer_start": 171, "text": "aprilie 1991"}], "id": "5733834ed058e614000b5c28", "question": "C\u00e2nd \u0219i-a reluat activitatea Bursa de Valori a Var\u0219oviei?"}, {"answers": [{"answer_start": 397, "text": "374"}], "id": "5733834ed058e614000b5c29", "question": "C\u00e2te companii erau listate la Bursa de Valori a Var\u0219oviei \u00een august 2009?"}, {"answers": [{"answer_start": 605, "text": "Partidului Uniunii Muncitorilor din Polonia"}], "id": "5733834ed058e614000b5c2a", "question": "\u00cen al cui sediu anterior s-a aflat Bursa de Valori a Var\u0219oviei p\u00e2n\u0103 \u00een 2000?"}], "context": "Prima burs\u0103 de valori a Var\u0219oviei a fost fondat\u0103 \u00een anul 1817, iar aceasta \u0219i-a continuat activitatea p\u00e2n\u0103 la al Doilea R\u0103zboi Mondial. Aceasta \u0219i-a reluat activitatea \u00een aprilie 1991, dup\u0103 ce \u00een \u021bar\u0103 a \u00eencetat controlul comunist postbelic \u0219i s-a reintrodus economia de pia\u021b\u0103 liber\u0103. Ast\u0103zi, potrivit mai multor indicatori, Bursa de Valori a Var\u0219oviei (WSE) este cea mai mare pia\u021b\u0103 din regiune cu 374 de companii listate \u0219i un capital total de 162.584 milioane de Euro, \u00eencep\u00e2nd cu 31 august 2009. Din 1991 p\u00e2n\u0103 \u00een 2000, \u00een mod ironic, bursa de valori se afla \u00een cl\u0103direa folosit\u0103 anterior drept sediu al Partidului Uniunii Muncitorilor din Polonia (PZPR)."}], "title": "Warsaw"}, {"paragraphs": [{"qas": [{"answers": [{"answer_start": 23, "text": "Rollo"}], "id": "56dde1d966d3e219004dad8d", "question": "Dup\u0103 sosirea cui au primit coloni\u0219tii vikingi anteriori o identitate comun\u0103?"}], "context": "\u00cenainte de sosirea lui Rollo, popula\u021biile sale nu erau diferite de cele din Picardy sau \u00cele-de-France, care erau considerate \u201efranci\u201d. Coloni\u0219tii vikingi anteriori au \u00eenceput s\u0103 ajung\u0103 \u00een anii 880, \u00eens\u0103 ace\u0219tia erau \u00eemp\u0103r\u021bi\u021bi \u00eentre coloniile din est (Roumois \u0219i Pays de Caux) din jurul v\u0103ii de jos a Senei \u0219i cele din vest din Peninsula Cotentin, fiind \u00eemp\u0103r\u021bi\u021bi \u00een pagii tradi\u021bionali, unde popula\u021bia r\u0103m\u00e2nea \u00een mare parte aceea\u0219i cu aproape niciun colonist str\u0103in. Contingen\u021bii lui Rollo, care au f\u0103cut razii \u0219i \u00een cele din urm\u0103 s-au stabilit \u00een Normandia \u0219i p\u0103r\u021bi ale coastei Atlanticului, cuprindeau danezi, norvegieni, nordici galezi, vikingi Orkneu, posibil suedezi \u0219i anglo-danezi din Danelawul englez aflat sub controlul nordicilor."}, {"qas": [{"answers": [{"answer_start": 659, "text": "Drogo"}], "id": "56de0daecffd8e1900b4b595", "question": "Care era numele comandantului \u00eennobilat de Henric al III-lea?"}, {"answers": [{"answer_start": 453, "text": "William Bra\u021b de Fier"}], "id": "56de0daecffd8e1900b4b596", "question": "Cine a fost Contele de Melfi?"}], "context": "Cele mai proeminente dou\u0103 familii normande care au ajuns \u00een Mediteran\u0103 erau descenden\u021bi ai lui Tancred de Hauteville \u0219i ai familiei Drengot, dintre care Rainulf Drengot a primit de la ducele Sergius IV de Napoli \u00een anul 1030 districtul Aversa, primul punct de plecare normand din sud. Familia Hauteville a ob\u021binut un rang nobil proclam\u00e2ndu-l de prin\u021bul Guaimar IV de Salerno \u201eDuce de Apulia \u0219i Calabria\u201d. Acesta i-a conferit imediat liderului lor ales, William Bra\u021b de Fier, titlul de conte \u00een capitala Melfi. Ulterior, familia Dregot a ob\u021binut Principatul de Capua, iar \u00eemp\u0103ratul Henric al III-lea \u00een anul 1047 l-a \u00eennobilat legal pe comandantul Hauteville, Drogo, drept \u201edux et magister Italiae comesque Normannorum totius Apuliae et Calabriae\u201d (\u201eDuce \u0219i St\u0103p\u00e2n al Italiei \u0219i Contele Normanzilor din \u00eentreaga Apulia \u0219i Calabria\u201d)."}, {"qas": [{"answers": [{"answer_start": 177, "text": "turcilor Seljuk"}], "id": "56de0f6a4396321400ee257f", "question": "Cine a fost inamicul principal al normanzilor \u00een Italia, Imperiul Bizantin \u0219i Armenia?"}], "context": "Imediat dup\u0103 ce normanzii au \u00eenceput s\u0103 p\u0103trund\u0103 \u00een Italia, ace\u0219tia au intrat \u00een Imperiul Bizantin \u0219i apoi \u00een Armenia, lupt\u00e2nd \u00eempotriva pecenegilor, bulgarilor \u0219i \u00een special a turcilor Seljuk. Mercenarii normanzi au fost \u00eencuraja\u021bi pentru prima dat\u0103 s\u0103 vin\u0103 \u00een sud de lombarzi pentru a ac\u021biona \u00eempotriva bizantinilor, \u00eens\u0103 la scurt timp dup\u0103 aceea au luptat \u00een serviciul bizantinilor \u00een Sicilia. Ace\u0219tia au fost remarcabili al\u0103turi de contingen\u021bii varegi \u0219i lombarzi \u00een campania sicilian\u0103 a lui George Maniakes din 1038\u201340. Exist\u0103 discu\u021bii dac\u0103 normanzii afla\u021bi \u00een serviciul grecilor erau chiar din Italia normand\u0103, iar acum pare mai probabil ca doar pu\u021bini s\u0103 fi provenit de acolo. Nu se \u0219tie nici c\u00e2\u021bi dintre \u201efranci\u201d, dup\u0103 cum \u00eei numeau bizantinii, erau normanzi \u0219i nu al\u021bi francezi."}, {"qas": [{"answers": [{"answer_start": 591, "text": "Afranji"}], "id": "56de10b44396321400ee2593", "question": "Care era denumirea castelului normand?"}, {"answers": [{"answer_start": 276, "text": "Oursel"}], "id": "56de10b44396321400ee2594", "question": "Cine era conduc\u0103tor \u00een momentul \u00een care francii au p\u0103truns \u00een valea Eufrat?"}, {"answers": [{"answer_start": 28, "text": "for\u021belor turce\u0219ti"}], "id": "56de10b44396321400ee2595", "question": "Cui li s-au al\u0103turat normanzii \u00een Anatolia?"}], "context": "Unii normanzi s-au al\u0103turat for\u021belor turce\u0219ti pentru a ajuta la distrugerea statelor vasale ale armenilor Sassoun \u0219i Taron \u00een Anatolia din estul \u00eendep\u0103rtat. Mai t\u00e2rziu, mul\u021bi au trecut \u00een serviciul statului armean mai de la sud \u00een Cilicia \u0219i Mun\u021bii Taurus. Un normand pe nume Oursel a condus o trup\u0103 de \u201efranci\u201d \u00een valea superioar\u0103 a Eufratului din nordul Siriei. Din 1073 p\u00e2n\u0103 \u00een 1075, 8.000 din cei 20.000 de o\u0219teni ai generalului armean Philaretus Brachamius erau normanzi \u2013 anterior din Oursel \u2013 condu\u0219i de Raimbaud. Ace\u0219tia chiar \u0219i-au \u00eemprumutat etnia pentru denumirea castelului lor: Afranji, \u00eensemn\u00e2nd \u201eFranci.\" \u00cen\u021belegerea cunoscut\u0103 dintre Amalfi \u0219i Antioch \u0219i dintre Bari \u0219i Tarsus poate fi legat\u0103 de prezen\u021ba normanzilor italieni \u00een aceste ora\u0219e, \u00een timp ce Amalfi \u0219i Bari se aflau sub conducere normand\u0103 \u00een Italia."}, {"qas": [{"answers": [{"answer_start": 219, "text": "Africii"}], "id": "56de49564396321400ee277a", "question": "\u00cen apropierea coastei c\u0103rui continent se afl\u0103 Insulele Canare?"}], "context": "\u00centre 1402 \u0219i 1405, expedi\u021bia condus\u0103 de nobilul normand Jean de Bethencourt \u0219i Gadifer de la Salle din Poitou a cucerit Insulele Canare Lanzarote, Fuerteventura \u0219i El Hierro din Oceanul Atlantic, \u00een apropierea coastei Africii. Aceste trupe s-au adunat \u00een Normandia, Gascony, iar ulterior au fost \u00eent\u0103rite de coloni\u0219ti castilieni."}], "title": "Normans"}, {"paragraphs": [{"qas": [{"answers": [{"answer_start": 452, "text": "1943"}], "id": "56dfa0d84a1a83140091ebb7", "question": "\u00cen ce an a murit Tesla?"}, {"answers": [{"answer_start": 606, "text": "unitatea SI pentru densitatea de fluxul magnetic"}], "id": "56dfa0d84a1a83140091ebb8", "question": "Ce a primit denumirea de \u201eTesla\u201d \u00een onoarea acestuia?"}, {"answers": [{"answer_start": 376, "text": "hoteluri din New York"}], "id": "56dfa0d84a1a83140091ebb9", "question": "Unde a tr\u0103it Tesla \u00een mare parte a vie\u021bii sale?"}, {"answers": [{"answer_start": 121, "text": "cercet\u0103tor nebun"}], "id": "56dfa0d84a1a83140091ebba", "question": "Ce reputa\u021bie avea Tesla \u00een cultura popular\u0103?"}, {"answers": [{"answer_start": 170, "text": "Brevetele sale"}], "id": "56e0bb9f7aa994140058e6cb", "question": "Cum \u00ee\u0219i finan\u021ba Tesla lucr\u0103rile?"}, {"answers": [{"answer_start": 452, "text": "1943"}], "id": "56e0bb9f7aa994140058e6cc", "question": "\u00cen ce an a murit Tesla?"}, {"answers": [{"answer_start": 606, "text": "unitatea SI pentru densitatea de fluxul magnetic"}], "id": "56e0bb9f7aa994140058e6cd", "question": "Ce a denumit Conferin\u021ba General\u0103 de M\u0103suri \u0219i Greut\u0103\u021bi dup\u0103 numele lui Tesla \u00een anul 1960?"}, {"answers": [{"answer_start": 693, "text": "1990s"}], "id": "56e0bb9f7aa994140058e6ce", "question": "C\u00e2nd a \u00eenceput lumea s\u0103 prezinte din nou interes pentru Tesla?"}, {"answers": [{"answer_start": 45, "text": "talentul s\u0103u de bun animator"}], "id": "56e0bb9f7aa994140058e6cf", "question": "Pentru ce mai era Tesla renumit \u00een afar\u0103 de realiz\u0103rile sale \u0219tiin\u021bifice?"}], "context": "Tesla era renumit pentru realiz\u0103rile sale \u0219i talentul s\u0103u de bun animator, care \u00een cele din urm\u0103, i-a adus reputa\u021bia de \u201ecercet\u0103tor nebun\u201d arhetipal \u00een cultura popular\u0103. Brevetele sale i-au generat o sum\u0103 considerabil\u0103 de bani, mare parte din care a folosit-o pentru finan\u021barea proiectelor proprii, cu diferite grade de succes.: 121, 154 \u0219i-a petrecut mare parte din via\u021b\u0103 \u00een hoteluri din New York, p\u00e2n\u0103 s-a retras. Tesla a murit la data de 7 ianuarie 1943. Dup\u0103 moartea acestuia, lucr\u0103rile sale au trecut \u00eentr-o obscuritate relativ\u0103, \u00eens\u0103 \u00een anul 1960, Conferin\u021ba General\u0103 de M\u0103suri \u0219i Greut\u0103\u021bi a denumit unitatea SI pentru densitatea de fluxul magnetic Tesla \u00een onoarea sa. \u00cencep\u00e2nd cu anii 1990s a re\u00eenviat interesul popular pentru Tesla."}, {"qas": [{"answers": [{"answer_start": 112, "text": "Robert Lane \u0219i Benjamin Vail"}], "id": "56dfb5777aa994140058e021", "question": "Cu cine a \u00eencheiat Tesla un parteneriat \u00een 1886?"}, {"answers": [{"answer_start": 230, "text": "Tesla Electric Light & Manufacturing"}], "id": "56dfb5777aa994140058e022", "question": "Ce au finan\u021bat Lane \u0219i Vail?"}, {"answers": [{"answer_start": 277, "text": "a instalat sisteme de iluminat pe baz\u0103 de arc electric concepute de Tesla"}], "id": "56dfb5777aa994140058e023", "question": "Cu ce se ocupa Tesla Electric Light & Manufacturing?"}, {"answers": [{"answer_start": 444, "text": "brevete"}], "id": "56dfb5777aa994140058e024", "question": "Ce a primit Tesla pentru prima dat\u0103 dup\u0103 \u00eenfiin\u021barea companiei sale?"}, {"answers": [{"answer_start": 288, "text": "sisteme de iluminat pe baz\u0103 de arc electric"}], "id": "56dfb5777aa994140058e025", "question": "Ce producea compania lui Tesla?"}, {"answers": [{"answer_start": 112, "text": "Robert Lane \u0219i Benjamin Vail"}], "id": "56e0d6cf231d4119001ac420", "question": "Cum se numeau noii parteneri ai lui Tesla?"}, {"answers": [{"answer_start": 49, "text": "1886"}], "id": "56e0d6cf231d4119001ac421", "question": "C\u00e2nd a luat fiin\u021b\u0103 parteneriatul dintre Tesla, Lane \u0219i Vail?"}, {"answers": [{"answer_start": 230, "text": "Tesla Electric Light & Manufacturing"}], "id": "56e0d6cf231d4119001ac422", "question": "Cum se numea compania pe care au finan\u021bat-o oamenii de afaceri?"}, {"answers": [{"answer_start": 277, "text": "a instalat sisteme de iluminat pe baz\u0103 de arc electric"}], "id": "56e0d6cf231d4119001ac423", "question": "Ce f\u0103cea Tesla Electric Light & Manufacturing?"}, {"answers": [{"answer_start": 54, "text": "Tesla"}], "id": "56e0d6cf231d4119001ac424", "question": "Cine a conceput sistemele de iluminat pe care le instala Tesla Electric Light & Manufacturing?"}], "context": "Dup\u0103 ce a ie\u0219it din compania lui Edison, \u00een anul 1886 Tesla a \u00eencheiat un parteneriat cu doi oameni de afaceri, Robert Lane \u0219i Benjamin Vail, care au fost de acord s\u0103 finan\u021beze o companie de iluminat electric pe numele lui Tesla, Tesla Electric Light & Manufacturing. Compania a instalat sisteme de iluminat pe baz\u0103 de arc electric concepute de Tesla, av\u00e2nd \u0219i planurile pentru comutatoare pentru ma\u0219ini dinamo-electrice, acestea fiind primele brevete acordate lui Tesla \u00een Statele Unite."}, {"qas": [{"answers": [{"answer_start": 3, "text": "1900"}], "id": "56e0fc3f7aa994140058e877", "question": "C\u00e2nd a ob\u021binut Tesla brevetul pentru transmi\u021b\u0103torul s\u0103u electric?"}, {"answers": [{"answer_start": 130, "text": "Guglielmo Marconi"}], "id": "56e0fc3f7aa994140058e878", "question": "Cine a fost primul care a transmis unde radio peste Atlantic?"}, {"answers": [{"answer_start": 197, "text": "1901"}], "id": "56e0fc3f7aa994140058e879", "question": "C\u00e2nd a avut loc demonstra\u021bia radio a lui Marconi?"}, {"answers": [{"answer_start": 543, "text": "1943"}], "id": "56e0fc3f7aa994140058e87a", "question": "C\u00e2nd s-au restituit brevetele lui Tesla?"}, {"answers": [{"answer_start": 568, "text": "Cur\u021bii Supreme a Statelor Unite"}], "id": "56e0fc3f7aa994140058e87b", "question": "\u00cen urma deciziei c\u0103rei entit\u0103\u021bi s-au restituit brevetele lui Tesla?"}], "context": "\u00cen 1900, Tesla a ob\u021binut brevete pentru un \u201esistem de transmisie a energiei electrice\u201d \u0219i \u201eun transmi\u021b\u0103tor electric\u201d. Atunci c\u00e2nd Guglielmo Marconi a f\u0103cut prima transmisie radio transatlantic\u0103 \u00een 1901, Tesla a f\u0103cut remarca ustur\u0103toare c\u0103 aceasta a fost realizat\u0103 cu 17 brevete Tesla, de\u0219i exist\u0103 pu\u021bine dovezi care s\u0103 sus\u021bin\u0103 aceast\u0103 afirma\u021bie. Acesta a fost \u00eenceputul multor ani de b\u0103t\u0103lii pentru brevete radio, brevetele lui Tesla fiind confirmate \u00een 1903, dup\u0103 care a urmat o inversare a deciziei \u00een favoarea lui Marconi \u00een anul 1904. \u00cen 1943, printr-o decizie a Cur\u021bii Supreme a Statelor Unite s-au restituit brevetele anterioare ale lui Tesla, Oliver Lodge \u0219i John Stone. Curtea a declarat c\u0103 decizia sa nu a afectat afirma\u021bia lui Marconi, conform c\u0103reia el ar fi fost primul care a reu\u0219it o transmisie radio, doar c\u0103 \u00eentruc\u00e2t preten\u021biile lui Marconi la anumite brevete erau \u00eendoielnice, acesta nu putea sus\u021bine \u00eenc\u0103lcarea acelora\u0219i brevete (exist\u0103 afirma\u021bii conform c\u0103rora Curtea Suprem\u0103 \u00eencerca s\u0103 anuleze o ac\u021biune din Primul R\u0103zboi Mondial \u00eempotriva guvernului Statelor Unite \u00eenaintat\u0103 de compania Marconi prin simpla restituire a brevetelor anterioare ale lui Tesla)."}, {"qas": [{"answers": [{"answer_start": 131, "text": "38"}], "id": "56e10aa5cd28a01900c674b3", "question": "C\u00e2te oferte posibile pentru premiu au existat \u00een 1915?"}, {"answers": [{"answer_start": 97, "text": "Edison"}], "id": "56e10aa5cd28a01900c674b4", "question": "Cine a ob\u021binut o ofert\u0103 \u00een 1915?"}, {"answers": [{"answer_start": 223, "text": "1937"}], "id": "56e10aa5cd28a01900c674b5", "question": "\u00cen ce an a ob\u021binut Tesla oferta pentru Premiul Nobel?"}], "context": "\u00cen anii care au urmat dup\u0103 aceste zvonuri, nici Tesla \u0219i nici Edison nu a c\u00e2\u0219tigat premiul (de\u0219i Edison a ob\u021binut unul dintre cele 38 de oferte posibile \u00een 1915, iar Tesla a primit unul dintre cele 38 de oferte posibile \u00een 1937)."}, {"qas": [{"answers": [{"answer_start": 142, "text": "\u201eO ma\u0219in\u0103 care s\u0103 pun\u0103 cap\u0103t r\u0103zboiului\u201d"}], "id": "56e1254ae3433e1400422c66", "question": "Ce articol a fost publicat \u00een 1937?"}, {"answers": [{"answer_start": 53, "text": "\u00eendoielnice"}], "id": "56e1254ae3433e1400422c67", "question": "Care se considera c\u0103 este caracterul convingerilor sale religioase \u00een urma unor afirma\u021bii pe care le-a f\u0103cut?"}, {"answers": [{"answer_start": 171, "text": "r\u0103zboiului"}], "id": "56e1254ae3433e1400422c68", "question": "Conform titlului articolului cui se sper\u0103 c\u0103 va pune ma\u0219ina cap\u0103t?"}], "context": "Cu toate acestea, convingerile sale religioase r\u0103m\u00e2n \u00eendoielnice din cauza altor afirma\u021bii pe care le-a f\u0103cut. Spre exemplu, \u00een articolul s\u0103u \u201eO ma\u0219in\u0103 care s\u0103 pun\u0103 cap\u0103t r\u0103zboiului\u201d, publicat \u00een 1937, Tesla a afirmat:"}], "title": "Nikola_Tesla"}, {"paragraphs": [{"qas": [{"answers": [{"answer_start": 0, "text": "Teoria complexit\u0103\u021bii computa\u021bionale"}], "id": "56e16182e3433e1400422e28", "question": "Care este ramura informaticii teoretice care se ocup\u0103 cu clasificarea \u00een mare a problemelor de calcul, \u00een func\u021bie de dificultate \u0219i rela\u021bia dintre clase?"}, {"answers": [{"answer_start": 175, "text": "dificultatea lor inerent\u0103"}], "id": "56e16182e3433e1400422e29", "question": "\u00cen func\u021bie de care proprietate principal\u0103 se clasific\u0103 problemele de calcul prin aplicarea teoriei complexit\u0103\u021bii computa\u021bionale?"}, {"answers": [{"answer_start": 134, "text": "problemelor computa\u021bionale"}], "id": "56e16182e3433e1400422e2a", "question": "Care este termenul folosit pentru o sarcin\u0103 care \u00een general poate fi rezolvat\u0103 de c\u0103tre un computer?"}], "context": "Teoria complexit\u0103\u021bii computa\u021bionale este o ramur\u0103 a teoriei calculului din informatica teoretic\u0103 care se concentreaz\u0103 pe clasificarea problemelor computa\u021bionale \u00een func\u021bie de dificultatea lor inerent\u0103, \u0219i rela\u021bionarea acestor clase \u00eentre ele. O problem\u0103 computa\u021bional\u0103 se \u00een\u021belege a fi o sarcin\u0103 care, \u00een principiu, poate fi rezolvat\u0103 de un computer, ceea ce este echivalent cu a spune c\u0103 problema poate fi rezolvat\u0103 prin aplicarea mecanic\u0103 a pa\u0219ilor matematici, cum ar fi un algoritm."}, {"qas": [{"answers": [{"answer_start": 41, "text": "instan\u021b\u0103 a problemei"}], "id": "56e181d9e3433e1400422fa0", "question": "\u00centr-o problem\u0103 de calcul, ce se poate descrie drept \u0219ir peste un alfabet?"}, {"answers": [{"answer_start": 150, "text": "binar"}], "id": "56e181d9e3433e1400422fa1", "question": "Care este denumirea alfabetului cel mai des folosit \u00eentr-o instan\u021b\u0103 a unei probleme?"}, {"answers": [{"answer_start": 195, "text": "\u0219iruri de bi\u021bi (bitstrings)"}], "id": "56e181d9e3433e1400422fa2", "question": "Care este un alt termen folosit pentru \u0219irul unei instan\u021be ale problemei?"}, {"answers": [{"answer_start": 414, "text": "nota\u021bie binar\u0103"}], "id": "56e181d9e3433e1400422fa3", "question": "La codificarea obiectelor matematice, care este modul prin care se exprim\u0103 de regul\u0103 numerele \u00eentregi?"}, {"answers": [{"answer_start": 472, "text": "matricele adiacente"}], "id": "56e181d9e3433e1400422fa4", "question": "Care este unul dintre modurile prin care se pot codifica graficele?"}], "context": "C\u00e2nd vorbim despre probleme de calcul, o instan\u021b\u0103 a problemei este un \u0219ir (string) peste un alfabet. De obicei, alfabetul se consider\u0103 a fi alfabetul binar (adic\u0103 {0,1}), \u0219i astfel \u0219irurile sunt \u0219iruri de bi\u021bi (bitstrings). La fel ca \u0219i \u00een cazul unui computer real, obiectele matematice, altele dec\u00e2t \u0219irurile de bi\u021bi, trebuie s\u0103 fie codificate corespunz\u0103tor. De exemplu, numerele \u00eentregi pot fi reprezentate prin nota\u021bie binar\u0103, iar graficele se pot codifica direct prin matricele adiacente ale acestora sau prin codificarea listelor lor de adiacen\u021b\u0103 \u00een binar."}, {"qas": [{"answers": [{"answer_start": 209, "text": "sub forma unor probleme de decizie"}], "id": "56e1a0dccd28a01900c67a2e", "question": "Cum se pot reformula de regul\u0103 problemele de func\u021bie?"}, {"answers": [{"answer_start": 315, "text": "setul de triplete"}], "id": "56e1a0dccd28a01900c67a2f", "question": "\u00cen cazul \u00een care, se \u00eenmul\u021besc dou\u0103 numere \u00eentregi \u0219i rezult\u0103 o valoare, cum se nume\u0219te acest set exprimat?"}], "context": "Este tentant s\u0103 credem c\u0103 no\u021biunea de probleme de func\u021bie este mai ampl\u0103 dec\u00e2t no\u021biunea de probleme de decizie. Cu toate acestea, lucrurile nu stau chiar a\u0219a, deoarece problemele de func\u021bie pot fi reformulate sub forma unor probleme de decizie. Spre exemplu, \u00eenmul\u021birea a dou\u0103 numere \u00eentregi se poate exprima ca \u0219i setul de triplete (a, b, c) pe care le de\u021bine rela\u021bia a \u00d7 b = c. Decizia dac\u0103 un anumit triplet este membru al acestui set corespunde rezolv\u0103rii problemei de \u00eenmul\u021bire a dou\u0103 numere."}, {"qas": [{"answers": [{"answer_start": 286, "text": "tranzi\u021bii de stare"}], "id": "56e1b62ecd28a01900c67aa3", "question": "\u00cen ce se exprim\u0103 timpul necesar pentru generarea unui r\u0103spuns de c\u0103tre ma\u0219ina Turing determinist\u0103?"}, {"answers": [{"answer_start": 807, "text": "dificultate"}], "id": "56e1b62ecd28a01900c67aa4", "question": "\u00cen func\u021bie de ce atribut principal clasific\u0103 teoria complexit\u0103\u021bii problemele?"}, {"answers": [{"answer_start": 1024, "text": "DTIME(f(n))"}], "id": "56e1b62ecd28a01900c67aa5", "question": "Care este expresia folosit\u0103 pentru identificarea unei anumite serii de probleme care se poate rezolva \u00eentr-un interval de timp cu ma\u0219ina Turing determinist\u0103?"}, {"answers": [{"answer_start": 107, "text": "timp"}], "id": "56e1b62ecd28a01900c67aa6", "question": "Care este cea mai critic\u0103 resurs\u0103 m\u0103surat\u0103 \u00een stabilirea capacit\u0103\u021bii ma\u0219inii Turing deterministe de a rezolva un anumit set de probleme?"}], "context": "Pentru o defini\u021bie exact\u0103 pentru ceea ce \u00eenseamn\u0103 s\u0103 rezolvi o problem\u0103 cu ajutorul unei cantit\u0103\u021bi date de timp \u0219i spa\u021biu, se folose\u0219te un model de calcul precum ma\u0219ina Turing determinist\u0103. Timpul necesar pentru o ma\u0219in\u0103 Turing determinist\u0103 M la data de intrare c este num\u0103rul total de tranzi\u021bii de stare, sau secven\u021be, pe care \u00eel efectueaz\u0103 ma\u0219ina \u00eenainte s\u0103 se opreasc\u0103 \u0219i s\u0103 genereze r\u0103spunsul (\u201eda\u201d sau \u201enu\u201d). O ma\u0219in\u0103 Turing M se spune c\u0103 opereaz\u0103 la timp f(n), dac\u0103 timpul necesar pentru M la fiecare dat\u0103 de intrare de lungimea n este de cel mult f(n). O problem\u0103 de decizie A se poate rezolva \u00een intervalul de timp f(n) dac\u0103 exist\u0103 o ma\u0219in\u0103 Turing care opereaz\u0103 \u00een intervalul de timp f(n) care rezolv\u0103 problema. \u00centruc\u00e2t prin teoria complexit\u0103\u021bii se urm\u0103re\u0219te clasificarea problemelor \u00een func\u021bie de dificultate, astfel se definesc seturi de probleme \u00een func\u021bie de anumite criterii. De exemplu, setul de probleme care se poate rezolva \u00een intervalul de timp f(n) cu o ma\u0219in\u0103 Turing determinist\u0103 este apoi indicat prin DTIME(f(n))."}, {"qas": [{"answers": [{"answer_start": 45, "text": "presupune c\u0103 nu ar fi egale"}], "id": "56e1ee4de3433e1400423210", "question": "Care este presupunerea nedovedit\u0103 atribuit\u0103 \u00een general valorii claselor de complexitate?"}, {"answers": [{"answer_start": 124, "text": "P \u2286 NP \u2286 PP \u2286 PSPACE"}], "id": "56e1ee4de3433e1400423211", "question": "Care expresie se poate folosi pentru a ilustra inegalitatea presupus\u0103 a claselor de complexitate?"}, {"answers": [{"answer_start": 298, "text": "\u00eentre P \u0219i PSPACE"}], "id": "56e1ee4de3433e1400423212", "question": "Unde pot fi situate clasele de complexitate RP, BPP, PP, BQP, MA, \u0219i PH?"}, {"answers": [{"answer_start": 448, "text": "Dovedirea faptului c\u0103 oricare dintre aceste clase este inegal\u0103"}], "id": "56e1ee4de3433e1400423214", "question": "Ce dovad\u0103 dintre \u0219i printre clasele de complexitate ar reprezenta un moment hot\u0103r\u00e2tor pentru teoria complexit\u0103\u021bii?"}], "context": "Numeroase clase de complexitate cunoscute se presupune c\u0103 nu ar fi egale, \u00eens\u0103 acest lucru nu a fost dovedit. Spre exemplu, P \u2286 NP \u2286 PP \u2286 PSPACE, \u00eens\u0103 este posibil ca P = PSPACE. Dac\u0103 P nu este egal cu NP, atunci P nu este egal nici cu PSPACE. \u00centruc\u00e2t exist\u0103 multe clase de complexitate cunoscute \u00eentre P \u0219i PSPACE, cum ar fi RP, BPP, PP, BQP, MA, PH, etc., este posibil ca toate aceste clase de complexitate s\u0103 se restr\u00e2ng\u0103 \u00eentr-o singur\u0103 clas\u0103. Dovedirea faptului c\u0103 oricare dintre aceste clase este inegal\u0103 ar reprezenta un progres major \u00een teoria complexit\u0103\u021bii."}], "title": "Computational_complexity_theory"}]}