index,sentence1,sentence2,label
0,"I stuck a pin through a carrot. When I pulled the pin out, it had a hole.",The carrot had a hole.,1
1,John couldn't see the stage with Billy in front of him because he is so short.,John is so short.,1
2,The police arrested all of the gang members. They were trying to stop the drug trade in the neighborhood.,The police were trying to stop the drug trade in the neighborhood.,1
3,Steve follows Fred's example in everything. He influences him hugely.,Steve influences him hugely.,0
4,"When Tatyana reached the cabin, her mother was sleeping. She was careful not to disturb her, undressing and climbing back into her berth.","mother was careful not to disturb her, undressing and climbing back into her berth.",0
