[{"dialogue_idx": 0, "dialogue": [{"turn_label": [["essen", "eritreanisch"]], "asr": [["Gibt es in dieser Stadt eritreische Restaurants?", 1.0]], "system_transcript": "", "turn_idx": 0, "belief_state": [{"slots": [["essen", "eritreanisch"]], "act": "inform"}], "transcript": "Gibt es in dieser Stadt eritreische Restaurants?", "system_acts": []}, {"turn_label": [["essen", "chinesisch"]], "asr": [["Wie sieht's mit chinesischem Essen aus?", 1.0]], "system_transcript": "No, there are no eritrean restaurants in town. Would you like a different restaurant? ", "turn_idx": 1, "belief_state": [{"slots": [["essen", "chinesisch"]], "act": "inform"}], "transcript": "Wie sieht's mit chinesischem Essen aus?", "system_acts": []}, {"turn_label": [["gegend", "osten"]], "asr": [["Ich w\u00fcrde gern in den \u00f6stlichen Teil der Stadt gehen.", 1.0]], "system_transcript": "There is a wide variety of Chinese restaurants, do you have an area preference or a price preference to narrow it down?", "turn_idx": 2, "belief_state": [{"slots": [["essen", "chinesisch"]], "act": "inform"}, {"slots": [["gegend", "osten"]], "act": "inform"}], "transcript": "Ich w\u00fcrde gern in den \u00f6stlichen Teil der Stadt gehen.", "system_acts": ["gegend"]}, {"turn_label": [["request", "postleitzahl"], ["request", "telefon"], ["request", "adresse"]], "asr": [["Kann ich bitte die Adresse, Telefonnummer und Postleitzahl von Yu Garden bekommen?", 1.0]], "system_transcript": "Yu Garden is a chinese restaurant in the east area.", "turn_idx": 3, "belief_state": [{"slots": [["slot", "postleitzahl"]], "act": "request"}, {"slots": [["slot", "telefon"]], "act": "request"}, {"slots": [["slot", "adresse"]], "act": "request"}, {"slots": [["essen", "chinesisch"]], "act": "inform"}, {"slots": [["gegend", "osten"]], "act": "inform"}], "transcript": "Kann ich bitte die Adresse, Telefonnummer und Postleitzahl von Yu Garden bekommen?", "system_acts": []}, {"turn_label": [], "asr": [["Dankesch\u00f6n. Das war alles. Tsch\u00fcss!", 1.0]], "system_transcript": "Phone is 01223 248882, address and postcode are 529 Newmarket Road Fen Ditton C.B 5, 8 P.A", "turn_idx": 4, "belief_state": [{"slots": [["essen", "chinesisch"]], "act": "inform"}, {"slots": [["gegend", "osten"]], "act": "inform"}], "transcript": "Dankesch\u00f6n. Das war alles. Tsch\u00fcss!", "system_acts": []}]}, {"dialogue_idx": 1, "dialogue": [{"turn_label": [["essen", "deutsch"]], "asr": [["Hallo! Ich suche ein nettes deutsches Restaurant.", 1.0]], "system_transcript": "", "turn_idx": 0, "belief_state": [{"slots": [["essen", "deutsch"]], "act": "inform"}], "transcript": "Hallo! Ich suche ein nettes deutsches Restaurant.", "system_acts": []}, {"turn_label": [["essen", "europ\u00e4isch"]], "asr": [["Wie w\u00e4re es mit europ\u00e4isch?", 1.0]], "system_transcript": "There are no German restaurants listed, do you have another preference?", "turn_idx": 1, "belief_state": [{"slots": [["essen", "europ\u00e4isch"]], "act": "inform"}], "transcript": "Wie w\u00e4re es mit europ\u00e4isch?", "system_acts": ["essen"]}, {"turn_label": [["gegend", "es ist egal"]], "asr": [["Das ist mir egal.", 1.0]], "system_transcript": "Which area of town?", "turn_idx": 2, "belief_state": [{"slots": [["essen", "europ\u00e4isch"]], "act": "inform"}, {"slots": [["gegend", "es ist egal"]], "act": "inform"}], "transcript": "Das ist mir egal.", "system_acts": ["gegend"]}, {"turn_label": [["preisklasse", "teuer"], ["request", "telefon"], ["request", "gegend"], ["request", "adresse"]], "asr": [["Kann ich bitte die Adresse, Telefonnummer und die Gegend des teuersten bekommen?", 1.0]], "system_transcript": "There are ten restaurants that fit that description. Do you have a price preference?", "turn_idx": 3, "belief_state": [{"slots": [["slot", "telefon"]], "act": "request"}, {"slots": [["slot", "gegend"]], "act": "request"}, {"slots": [["slot", "adresse"]], "act": "request"}, {"slots": [["essen", "europ\u00e4isch"]], "act": "inform"}, {"slots": [["preisklasse", "teuer"]], "act": "inform"}, {"slots": [["gegend", "es ist egal"]], "act": "inform"}], "transcript": "Kann ich bitte die Adresse, Telefonnummer und die Gegend des teuersten bekommen?", "system_acts": ["preisklasse"]}, {"turn_label": [], "asr": [["Danke und auf Wiedersehen!", 1.0]], "system_transcript": "Cambridge Lodge Restaurant is listed as expensive in the west area located at \t Cambridge Lodge Hotel 139 Huntingdon Road City Centre. Their phone number is\t 01223 355166.  ", "turn_idx": 4, "belief_state": [{"slots": [["essen", "europ\u00e4isch"]], "act": "inform"}, {"slots": [["preisklasse", "teuer"]], "act": "inform"}, {"slots": [["gegend", "es ist egal"]], "act": "inform"}], "transcript": "Danke und auf Wiedersehen!", "system_acts": []}]}, {"dialogue_idx": 2, "dialogue": [{"turn_label": [["essen", "australasian"], ["preisklasse", "teuer"]], "asr": [["Ich suche ein Restaurant in der h\u00f6heren Preisklasse, das ozeanische K\u00fcche serviert.", 1.0]], "system_transcript": "", "turn_idx": 0, "belief_state": [{"slots": [["essen", "australasian"]], "act": "inform"}, {"slots": [["preisklasse", "teuer"]], "act": "inform"}], "transcript": "Ich suche ein Restaurant in der h\u00f6heren Preisklasse, das ozeanische K\u00fcche serviert.", "system_acts": []}, {"turn_label": [["essen", "mediterranisches"], ["request", "telefon"], ["request", "adresse"]], "asr": [["Ich h\u00e4tte gern mediterranes Essen und brauche die Adresse und Telefonnummer.", 1.0]], "system_transcript": "There are no restaurants matching your requests.  May I help you find a different type of restaurant? ", "turn_idx": 1, "belief_state": [{"slots": [["slot", "telefon"]], "act": "request"}, {"slots": [["slot", "adresse"]], "act": "request"}, {"slots": [["essen", "mediterranisches"]], "act": "inform"}, {"slots": [["preisklasse", "teuer"]], "act": "inform"}], "transcript": "Ich h\u00e4tte gern mediterranes Essen und brauche die Adresse und Telefonnummer.", "system_acts": ["essen"]}, {"turn_label": [], "asr": [["Danke!", 1.0]], "system_transcript": "There is an expensive restaurant that serves mediterranean food located at Thompsons Lane Fen Ditton. Their phone number is 01223 362525.", "turn_idx": 2, "belief_state": [{"slots": [["essen", "mediterranisches"]], "act": "inform"}, {"slots": [["preisklasse", "teuer"]], "act": "inform"}], "transcript": "Danke!", "system_acts": []}]}, {"dialogue_idx": 3, "dialogue": [{"turn_label": [["preisklasse", "m\u00e4\u00dfig"]], "asr": [["Ich suche ein Restaurant mit moderaten Preisen. ", 1.0]], "system_transcript": "", "turn_idx": 0, "belief_state": [{"slots": [["preisklasse", "m\u00e4\u00dfig"]], "act": "inform"}], "transcript": "Ich suche ein Restaurant mit moderaten Preisen. ", "system_acts": []}, {"turn_label": [["essen", "t\u00fcrkisch"]], "asr": [["T\u00fcrkisches Essen. ", 1.0]], "system_transcript": "What type of food would you like?", "turn_idx": 1, "belief_state": [{"slots": [["essen", "t\u00fcrkisch"]], "act": "inform"}, {"slots": [["preisklasse", "m\u00e4\u00dfig"]], "act": "inform"}], "transcript": "T\u00fcrkisches Essen. ", "system_acts": ["essen"]}, {"turn_label": [["request", "telefon"], ["request", "adresse"], ["essen", "t\u00fcrkisch"]], "asr": [["Ja, geben Sie mir bitte die Telefonnummer und Adresse des t\u00fcrkischen Restaurants.", 1.0]], "system_transcript": "I have two restaurants in the Centre area of town. Would you like the information for both?", "turn_idx": 2, "belief_state": [{"slots": [["slot", "telefon"]], "act": "request"}, {"slots": [["slot", "adresse"]], "act": "request"}, {"slots": [["essen", "t\u00fcrkisch"]], "act": "inform"}, {"slots": [["preisklasse", "m\u00e4\u00dfig"]], "act": "inform"}], "transcript": "Ja, geben Sie mir bitte die Telefonnummer und Adresse des t\u00fcrkischen Restaurants.", "system_acts": []}, {"turn_label": [], "asr": [["Danke.", 1.0]], "system_transcript": "Anatolia is located at 30 Bridge Street City Centre, phone number is 01223 362372", "turn_idx": 3, "belief_state": [{"slots": [["essen", "t\u00fcrkisch"]], "act": "inform"}, {"slots": [["preisklasse", "m\u00e4\u00dfig"]], "act": "inform"}], "transcript": "Danke.", "system_acts": []}]}, {"dialogue_idx": 4, "dialogue": [{"turn_label": [["gegend", "westen"], ["essen", "persisch"]], "asr": [["Hallo! Ich suche nach einem persischen Restaurant im Westen der Stadt. ", 1.0]], "system_transcript": "", "turn_idx": 0, "belief_state": [{"slots": [["essen", "persisch"]], "act": "inform"}, {"slots": [["gegend", "westen"]], "act": "inform"}], "transcript": "Hallo! Ich suche nach einem persischen Restaurant im Westen der Stadt. ", "system_acts": []}, {"turn_label": [["essen", "itali\u00e4nisch"]], "asr": [["Nein, danke. Gibt es ein italienisches Restaurant? ", 1.0]], "system_transcript": "I'm sorry I do not have any Persian restaurants listed on the west side.  Should I try Persian restaurants in all locations?", "turn_idx": 1, "belief_state": [{"slots": [["essen", "itali\u00e4nisch"]], "act": "inform"}, {"slots": [["gegend", "westen"]], "act": "inform"}], "transcript": "Nein, danke. Gibt es ein italienisches Restaurant? ", "system_acts": [["gegend", "es ist egal"]]}, {"turn_label": [["request", "telefon"]], "asr": [["Gro\u00dfartig! D\u00fcrfte ich bitte die Telefonnummer bekommen? ", 1.0]], "system_transcript": "Prezzo is on the west side.", "turn_idx": 2, "belief_state": [{"slots": [["slot", "telefon"]], "act": "request"}, {"slots": [["essen", "itali\u00e4nisch"]], "act": "inform"}, {"slots": [["gegend", "westen"]], "act": "inform"}], "transcript": "Gro\u00dfartig! D\u00fcrfte ich bitte die Telefonnummer bekommen? ", "system_acts": []}, {"turn_label": [], "asr": [["Danke, guten Abend!", 1.0]], "system_transcript": "The phone number is  01799 521260", "turn_idx": 3, "belief_state": [{"slots": [["essen", "itali\u00e4nisch"]], "act": "inform"}, {"slots": [["gegend", "westen"]], "act": "inform"}], "transcript": "Danke, guten Abend!", "system_acts": []}]}]