<benchmark>
  <entries>
    <entry category="Monument" eid="Id1" shape="(X (X) (X) (X) (X) (X) (X) (X))" shape_type="sibling" size="7">
      <originaltripleset>
        <otriple>11th_Mississippi_Infantry_Monument | country | "United States"@en</otriple>
        <otriple>11th_Mississippi_Infantry_Monument | range | Seminary_Ridge</otriple>
        <otriple>11th_Mississippi_Infantry_Monument | region | Adams_County,_Pennsylvania</otriple>
        <otriple>11th_Mississippi_Infantry_Monument | state | "Pennsylvania"@en</otriple>
        <otriple>11th_Mississippi_Infantry_Monument | established | 2000</otriple>
        <otriple>11th_Mississippi_Infantry_Monument | category | Contributing_property</otriple>
        <otriple>11th_Mississippi_Infantry_Monument | municipality | Gettysburg,_Pennsylvania</otriple>
      </originaltripleset>
      <modifiedtripleset>
        <mtriple>11th_Mississippi_Infantry_Monument | country | "United States"</mtriple>
        <mtriple>11th_Mississippi_Infantry_Monument | location | Seminary_Ridge</mtriple>
        <mtriple>11th_Mississippi_Infantry_Monument | location | Adams_County,_Pennsylvania</mtriple>
        <mtriple>11th_Mississippi_Infantry_Monument | state | "Pennsylvania"</mtriple>
        <mtriple>11th_Mississippi_Infantry_Monument | established | 2000</mtriple>
        <mtriple>11th_Mississippi_Infantry_Monument | category | Contributing_property</mtriple>
        <mtriple>11th_Mississippi_Infantry_Monument | municipality | Gettysburg,_Pennsylvania</mtriple>
      </modifiedtripleset>
      <lex lang="en" lid="Id1">The 11th Mississippi Infantry Monument is located at Seminary Ridge in Adams County in the municipality of Gettysburg Pennsylvania (United States). It was established in the year 2000 and is categorised as a contributing property.</lex>
      <lex lang="ru" lid="Id1">Памятник 11-му пехотному полку Миссисипи расположен на Семинарском хребте в округе Адамс в муниципалитете Геттисберг (Соединенные Штаты). Он был установлен в 2000 году и отнесён к историческим ценностям.</lex>
      <lex lang="en" lid="Id2">The 11th Mississippi Infantry Monument (completed in 2000) is a contributing property found at Seminary Ridge, Adams County, in the municipality of Gettysburg in the American state of Pennsylvania.</lex>
      <lex lang="ru" lid="Id2">Памятник 11-му пехотному полку Миссисипи (завершенный в 2000 году) является объектом исторической ценности и находится на Семинарском хребте в округе Адамс, в муниципалитете Геттисберга, штат Пенсильвания.</lex>
      <lex lang="en" lid="Id3">Seminary Ridge in Gettysburg is located in Adams County, Pennsylvania and is the location of the 11th Mississippi Infantry monument which was established in 2000 and categorised as a contributing property within the United States.</lex>
      <lex lang="ru" lid="Id3">Семинарский хребет в Геттисберге расположен в округе Адамс, штат Пенсильвания и является местом нахождения памятника 11-му пехотному полку Миссисипи, установленного в 2000 году и считающегося исторической ценностью США.</lex>
      <dbpedialinks>
        <dbpedialink direction="en2ru">Gettysburg,_Pennsylvania | sameAs | Геттисберг</dbpedialink>
        <dbpedialink direction="en2ru">2000 | sameAs | 2000_год</dbpedialink>
      </dbpedialinks>
      <links>
        <link direction="en2ru">Seminary Ridge | sameAs | Семинарский хребет</link>
        <link direction="en2ru">Adams County, Pennsylvania | includes | округ Адамс</link>
        <link direction="en2ru">Adams County, Pennsylvania | includes | Пенсильвания</link>
        <link direction="en2ru">Contributing property | sameAs | историческое здание / историческая ценность</link>
        <link direction="en2ru">11th Mississippi Infantry Monument | sameAs | Памятник 11-му пехотному полку Миссисипи</link>
        <link direction="en2ru">Pennsylvania | sameAs | Пенсильвания</link>
      </links>
    </entry>
    </entries>
</benchmark>