<?xml version="1.0" encoding="UTF-8"?>
<mteval>
<srcset setid="iwslt2017-tst2012" srclang="japanese">
<doc docid="1404" genre="lectures">
 <url>http://www.ted.com/talks/ayah_bdeir_building_blocks_that_blink_beep_and_teach</url>
 <description>TED Talk Subtitles and Transcript: 電子装置をレゴブロックみたいに簡単に組立てて遊べる電子部品セットというのを想像してみてください。TEDフェローのアヤ・ブデールが紹介するlittleBitsは、ブロックになっていて自由に組み合わせられるシンプルな部品のコレクションで、回路作成をやさしいブロック遊びに変えることによって、創作活動に取り入れられるようにしています。</description>
 <keywords>talks, TED Fellows, code, creativity, education, technology, toy</keywords>
 <talkid>1404</talkid>
 <title>アヤ・ブデール 「光って、鳴って、楽しく学べるブロック」</title>
 <reviewer href="http://www.ted.com/profiles/1165902">Akinori Oyama</reviewer>
 <translator href="http://www.ted.com/profiles/259035">Yasushi Aoki</translator>
<seg id="1">  変に聞こえるかもしれませんけど 私はコンクリートブロックが大好きなんです  </seg>
<seg id="2">  最初のコンクリートブロックが製造されたのは1868年のことで その着想はいたってシンプルでした 一定の大きさのセメント製パーツを ぴったり— 積み上げられるようにしたものです  </seg>
<seg id="3">  コンクリートブロックは瞬く間に 世界でもっともよく使われる建材になりました  </seg>
<seg id="4">  ブロックを１つずつ積み上げていくことで 建物や橋のように大きなものを 作れるのです  </seg>
<seg id="5">  そうしてコンクリートブロックは 私たちの時代における基本構成要素となりました  </seg>
