<?xml version="1.0" encoding="UTF-8"?>
<mteval>
<srcset setid="iwslt2017-tst2015" srclang="japanese">
<doc docid="2183" genre="lectures">
 <url>http://www.ted.com/talks/marc_kushner_why_the_buildings_of_the_future_will_be_shaped_by_you</url>
 <description>TED Talk Subtitles and Transcript: マーク・クシュナーは建築とは計算や都市計画ではなく、理屈抜きの感情であると言います。大胆でユーモアに富んだ講演の中で、クシュナーは過去30年間の建築の歴史を駆け抜け、一度は遠ざかってしまった大衆が、どのようにしてデザインの過程に必要不可欠な存在になったのかを語ります。ソーシャルメディアのおかげで、建築家たちは数年先の建物の完成を待たずして、設計した建物の感想を耳にすることができるようになりました。その結果はいかに？建築がかつてないほど私たちに近い存在になります。</description>
 <keywords>talks, TED Books, architecture, design, social media</keywords>
 <talkid>2183</talkid>
 <title>マーク・クシュナー: あなたが作る建築の未来</title>
 <reviewer href="http://www.ted.com/profiles/1777519">Yuko Yoshida</reviewer>
 <translator href="http://www.ted.com/profiles/1776223">Mari Arimitsu</translator>
<seg id="1">  本日お話しさせていただくのは 過去30年にわたる 建築の歴史です  </seg>
<seg id="2">  これを18分でまとめるわけです  </seg>
<seg id="3">  複雑なトピックですから 前置きはさておき 複雑な所から始めましょう ニュージャージー州です  </seg>
<seg id="4">  30年前 ジャージー出身の私は 当時６才で そこで両親と一緒に住んでいました リビングストンという町です これが私の子供部屋でした  </seg>
<seg id="5">  自分の部屋の角を曲がったところが バスルームで 妹とシェアしていました  </seg>
