<?xml version="1.0" encoding="UTF-8"?>
<mteval>
<refset setid="iwslt2017-tst2013" srclang="japanese" trglang="english" refid="ref">
<doc docid="1699" genre="lectures">
<url>http://www.ted.com/talks/richard_turere_a_peace_treaty_with_the_lions</url> 
<description>TED Talk Subtitles and Transcript: In the Maasai community where Richard Turere lives with his family, cattle are all-important. But lion attacks were growing more frequent. In this short, inspiring talk, the young inventor shares the solar-powered solution he designed to safely scare the lions away.</description> 
<keywords>talks, agriculture, biodiversity, technology</keywords> 
<talkid>1699</talkid> 
<title>Richard Turere: My invention that made peace with lions</title> 
<reviewer href="http://www.ted.com/profiles/1108408">Morton Bast</reviewer> 
<translator></translator> 
<seg id="1"> This is where I live. I live in Kenya,  at the south parts of the Nairobi National Park.    </seg>
<seg id="2"> Those are my dad's cows at the back,  and behind the cows,  that's the Nairobi National Park.    </seg>
<seg id="3"> Nairobi National Park is not fenced in the south widely,  which means wild animals like zebras  migrate out of the park freely.    </seg>
<seg id="4"> So predators like lions follow them,  and this is what they do.    </seg>
<seg id="5"> They kill our livestock.    </seg>
