<?xml version="1.0" encoding="UTF-8"?>
<mteval>
<srcset setid="iwslt2017-tst2010" srclang="japanese">
<doc docid="837" genre="lectures">
 <url>http://www.ted.com/talks/tom_wujec_build_a_tower</url>
 <description>TED Talk Subtitles and Transcript: トム・ウージェックが「マシュマロ・チャレンジ」についての驚くほど詳しい研究を発表します。「マシュマロ・チャレンジ」とは、スパゲッティの乾麺、90センチのテープと一つのマシュマロを使って行われる単純なチーム・ビルディングの演習です。これらを使って一番高い塔を建てられるのは誰でしょう？なぜ驚くべきグループの人々がいつも平均以上の成績を残すのでしょう？</description>
 <keywords>talks, business, collaboration, culture, design, entertainment, psychology</keywords>
 <talkid>837</talkid>
 <title>トム・ウージェック：塔を建て、チームを作る</title>
 <reviewer href="http://www.ted.com/profiles/259035">Yasushi Aoki</reviewer>
 <translator href="http://www.ted.com/profiles/239443">Wataru Narita</translator>
<seg id="1">  数年前のTEDでピーター スキルマンが マシュマロ チャレンジという デザインの課題を紹介してくれました  </seg>
<seg id="2">  ルールはとても単純です ４人から成るチームが 20本のスパゲッティと テープとひもを90センチずつ、それにマシュマロで できるだけ高い自立式の建造物を作るのです  </seg>
<seg id="3">  マシュマロを一番上に乗せなければなりません  </seg>
<seg id="4">  簡単そうですが、実はかなり難しいんです チームの人と素早く 協力しなければいけませんから  </seg>
<seg id="5">  これは面白いと思って デザインの講習に組み込んでみました  </seg>
