<?xml version="1.0" encoding="UTF-8"?>
<mteval>
<srcset setid="iwslt2017-tst2011" srclang="japanese">
<doc docid="1176" genre="lectures">
 <url>http://www.ted.com/talks/jok_church_a_circle_of_caring</url>
 <description>TED Talk Subtitles and Transcript: この3分間のトークの中で、漫画家であり教育者でもあるジョク・チャーチは、誰も手を差し伸べてくれなかった時に、彼を助けた恩師に対して、どのようにその恩返しをしたのか、心を動かされる物語を紹介します。</description>
 <keywords>talks, culture, education, love, storytelling</keywords>
 <talkid>1176</talkid>
 <title>ジョク・チャーチ：思いやりの輪</title>
 <reviewer href="http://www.ted.com/profiles/380373">Takahiro Shimpo</reviewer>
 <translator href="http://www.ted.com/profiles/239329">Yuki Okada</translator>
<seg id="1">  ご存知のように 私は児童向けの本を執筆しており おそらく 全米で 最も広く読まれている児童文学作家です  </seg>
<seg id="2">  人々にはいつも 科学者のような格好をして人前に出たくないと伝えています  </seg>
<seg id="3">  農家として もしくは全身レザーの格好でならいいのですが 農家として呼んでくれる人はいません  </seg>
<seg id="4">  今日皆さんにお話したいのは 輪とひらめきについてです  </seg>
<seg id="5">  ご存知のようにひらめきとは 通常どこかで 落としたものを見つけるようなものです  </seg>
