<?xml version="1.0" encoding="UTF-8"?>
<mteval>
<refset setid="iwslt2017-tst2012" srclang="japanese" trglang="english" refid="ref">
<doc docid="1404" genre="lectures">
<url>http://www.ted.com/talks/ayah_bdeir_building_blocks_that_blink_beep_and_teach</url> 
<description>TED Talk Subtitles and Transcript: Imagine a set of electronics as easy to play with as Legos. TED Fellow Ayah Bdeir introduces littleBits, a set of simple, interchangeable blocks that make programming as simple and important a part of creativity as snapping blocks together.</description> 
<keywords>talks, TED Fellows, code, creativity, education, technology, toy</keywords> 
<talkid>1404</talkid> 
<title>Ayah Bdeir: Building blocks that blink, beep and teach</title> 
<reviewer></reviewer> 
<translator></translator> 
<seg id="1"> This may sound strange,  but I'm a big fan of the concrete block.    </seg>
<seg id="2"> The first concrete blocks were manufactured in 1868  with a very simple idea:  modules made of cement of a fixed measurement  that fit together.    </seg>
<seg id="3"> Very quickly concrete blocks became  the most-used construction unit in the world.    </seg>
<seg id="4"> They enabled us to to build things that were larger than us,  buildings, bridges,  one brick at a time.    </seg>
<seg id="5"> Essentially concrete blocks had become  the building block of our time.    </seg>
