[{"Question": "at which school were first responders on the scene for?", "Answer": ["independence high school"], "Tweet": "Our prayers are with the students, educators & families at Independence High School & all the first responders on the scene. #PatriotPride\u2014 Doug Ducey (@dougducey) February 12, 2016", "qid": "0c871b7e5320d0816d5b2979d67c2649"}, {"Question": "what website is linked in the tweet?", "Answer": ["instagram"], "Tweet": "I can finally say it out loud and proud: I'm going to a galaxy far far away! Lupita Nyong'o (@Lupita_Nyongo) June 2, 2014", "qid": "02505974856f47bbe8b487c57778de1c"}, {"Question": "when does he say kaine is able?", "Answer": ["5:09 pm- jul 22, 2016."], "Tweet": "KAINE IS ABLE!!!\u2014 Cory Booker (@CoryBooker) July 23, 2016", "qid": "d16eb85d141d5a87bfbc438afbcf50aa"}, {"Question": "what is up to us to keep doing?", "Answer": ["exploring"], "Tweet": "Cassini showed us the beauty of Saturn. It revealed the best in us. Now it's up to us to keep exploring. CassiniSaturn (@CassiniSaturn) September 15, 2017", "qid": "e6e40c7aa9a94b6bab363812ea1918b0"}, {"Question": "where can you see girls doing that?", "Answer": ["at the bar"], "Tweet": "Nicki your video was just you twerking, I see girls doing that at the bar every fri&sat. \ud83d\udc81\ud83c\udffc #TeamTaylor\u2014 ChristinaBeex3 (@Christinabeex3) July 22, 2015", "qid": "44041dedd11431be77e4a4cf5a8d0276"}]