0	Kehadiran komunikasi di tengah pikiran ilmiah sama pentingnya dengan keberhasilan Proyek Manhattan seperti kecerdasan ilmiah. Kehadiran komunikasi di tengah pikiran ilmiah sama pentingnya dengan keberhasilan Proyek Manhattan seperti kecerdasan ilmiah. Satu - satunya awan yang menggantung di atas prestasi mengesankan para peneliti dan insinyur atom adalah apa sebenarnya tujuan kesuksesan mereka; ratusan ribu nyawa yang tidak bersalah dilenyapkan.
1	Proyek Manhattan dan bom atomnya turut mengakhiri Perang Dunia II. Warisan penggunaan energi atom yang penuh damai terus berdampak pada sejarah dan sains.
2	Essay on The Manhattan Project - The Manhattan Project is to see if make a atom bomb possible. Keberhasilan proyek ini akan selamanya mengubah dunia selamanya dan memberitahukan bahwa sesuatu yang kuat ini dapat dibuat oleh manusia.
3	Proyek Manhattan adalah nama proyek yang dilakukan selama Perang Dunia II, untuk mengembangkan bom atom pertama. Ini mengacu secara khusus pada periode proyek dari 194... 2-1946 di bawah kendali Korps Insinyur Angkatan Darat AS, di bawah administrasi Jenderal Leslie R. Groves.
4	Versi masing-masing volume serta website komplementer. Situs pertama di Manhattan Project: An Interactive History is available on the Office of History and Heritage Resources website, http://www.cfo. Doe.gov/me70/history. Kantor Sejarah dan Sumber Daya Warisan dan Keamanan Nuklir Nasional
