<benchmark>
  <entries>
    <entry category="CelestialBody" eid="Id1" size="3">
      <originaltripleset>
        <otriple>(15788)_1993_SB | discoverer | Donal_O'Ceallaigh</otriple>
        <otriple>(15788)_1993_SB | periapsis | 3.9971e+12</otriple>
        <otriple>(15788)_1993_SB | epoch | "2006-03-06"^^xsd:date</otriple>
      </originaltripleset>
      <originaltripleset>
        <otriple>(15788)_1993_SB | discoverer | Donal_O'Ceallaigh</otriple>
        <otriple>(15788)_1993_SB | epoch | "March 6, 2006 (JD2453800.5)"</otriple>
        <otriple>(15788)_1993_SB | periapsis | 3.9971e+12</otriple>
      </originaltripleset>
      <modifiedtripleset>
        <mtriple>(15788)_1993_SB | discoverer | Donal_O'Ceallaigh</mtriple>
        <mtriple>(15788)_1993_SB | epoch | 2006-03-06</mtriple>
        <mtriple>(15788)_1993_SB | periapsis | 3997100000000.0</mtriple>
      </modifiedtripleset>
      <lex comment="good" lid="Id1">On 6 March 2006 Donal O'Ceallaigh discovered (15788) 1993 SB, which has a periapsis of 3997100000000.0. .</lex>
      <lex comment="good" lid="Id2">Donal O'Ceallaigh discovered 15788 1993 SB and it has an epoch date of March 6, 2006. It's periapsis is 3997100000000.0.</lex>
    </entry>
    </entries>
</benchmark>