<benchmark>
  <entries>
    <entry category="City" eid="Id1" size="3">
      <originaltripleset>
        <otriple>Abilene,_Texas | areaTotal | 2.865e+08</otriple>
        <otriple>Abilene,_Texas | elevation | "523.951"^^xsd:double</otriple>
        <otriple>Abilene,_Texas | populationDensity | "429.9"^^xsd:double</otriple>
      </originaltripleset>
      <originaltripleset>
        <otriple>Abilene,_Texas | areaTotal | 2.86453e+08</otriple>
        <otriple>Abilene,_Texas | elevation | "523.951"^^xsd:double</otriple>
        <otriple>Abilene,_Texas | populationDensity | "429.9"^^xsd:double</otriple>
      </originaltripleset>
      <originaltripleset>
        <otriple>Abilene,_Texas | elevation | "523.951"^^xsd:double</otriple>
        <otriple>Abilene,_Texas | populationDensity | "429.9"^^&lt;http://dbpedia.org/datatype/inhabitantsPerSquareKilometre&gt;</otriple>
        <otriple>Abilene,_Texas | areaTotal | "286.5"^^&lt;http://dbpedia.org/datatype/squareKilometre&gt;</otriple>
      </originaltripleset>
      <originaltripleset>
        <otriple>Abilene,_Texas | elevation | "523.951"^^xsd:double</otriple>
        <otriple>Abilene,_Texas | populationDensity | "429.9"^^xsd:double</otriple>
        <otriple>Abilene,_Texas | areaTotal | "286.4526850031616"^^&lt;http://dbpedia.org/datatype/squareKilometre&gt;</otriple>
      </originaltripleset>
      <originaltripleset>
        <otriple>Abilene,_Texas | areaTotal | 2.865e+08</otriple>
        <otriple>Abilene,_Texas | elevation | "524.0"^^xsd:double</otriple>
        <otriple>Abilene,_Texas | populationDensity | "429.9"^^&lt;http://dbpedia.org/datatype/inhabitantsPerSquareKilometre&gt;</otriple>
      </originaltripleset>
      <originaltripleset>
        <otriple>Abilene,_Texas | elevation | "523.951"^^xsd:double</otriple>
        <otriple>Abilene,_Texas | populationDensity | "429.9"^^&lt;http://dbpedia.org/datatype/inhabitantsPerSquareKilometre&gt;</otriple>
        <otriple>Abilene,_Texas | areaTotal | "286.4526850031616"^^&lt;http://dbpedia.org/datatype/squareKilometre&gt;</otriple>
      </originaltripleset>
      <originaltripleset>
        <otriple>Abilene,_Texas | areaTotal | 2.86453e+08</otriple>
        <otriple>Abilene,_Texas | elevation | "524.0"^^xsd:double</otriple>
        <otriple>Abilene,_Texas | populationDensity | "429.9"^^&lt;http://dbpedia.org/datatype/inhabitantsPerSquareKilometre&gt;</otriple>
      </originaltripleset>
      <originaltripleset>
        <otriple>Abilene,_Texas | elevation | "524.0"^^xsd:double</otriple>
        <otriple>Abilene,_Texas | populationDensity | "429.9"^^&lt;http://dbpedia.org/datatype/inhabitantsPerSquareKilometre&gt;</otriple>
        <otriple>Abilene,_Texas | areaTotal | "286.4526850031616"^^&lt;http://dbpedia.org/datatype/squareKilometre&gt;</otriple>
      </originaltripleset>
      <originaltripleset>
        <otriple>Abilene,_Texas | areaTotal | 2.86453e+08</otriple>
        <otriple>Abilene,_Texas | elevation | "523.951"^^xsd:double</otriple>
        <otriple>Abilene,_Texas | populationDensity | "429.9"^^&lt;http://dbpedia.org/datatype/inhabitantsPerSquareKilometre&gt;</otriple>
      </originaltripleset>
      <originaltripleset>
        <otriple>Abilene,_Texas | areaTotal | 2.86453e+08</otriple>
        <otriple>Abilene,_Texas | elevation | "524.0"^^xsd:double</otriple>
        <otriple>Abilene,_Texas | populationDensity | "429.9"^^xsd:double</otriple>
      </originaltripleset>
      <modifiedtripleset>
        <mtriple>Abilene,_Texas | elevationAboveTheSeaLevel | 524.0</mtriple>
        <mtriple>Abilene,_Texas | populationDensity | 429.9 (inhabitants per square kilometre)</mtriple>
        <mtriple>Abilene,_Texas | areaTotal | 286.5 (square kilometres)</mtriple>
      </modifiedtripleset>
      <lex comment="good" lid="Id1">Abilene, Texas is 524 above sea level, is 286.5 square kilometres large and has 429.9 people per square kilometre.</lex>
      <lex comment="good" lid="Id2">Abilene, Texas; is 524m above sea level, has a total area of 286.5 sq km, and a population density of 429.9 inhabitants per square kilometre.</lex>
      <lex comment="good" lid="Id3">At 524 metres above sea level, Abilene (Texas) has a total area of 286.5 square kilometres, and a population density of 429.9 inhabitants per square kilometre.</lex>
    </entry>
    </entries>
</benchmark>