[{"conversation_id": "dlg-0018b735-34fe-4c43-b744-e955b6836c43", "instruction_id": "movie-26", "utterances": [{"index": 0, "speaker": "ASSISTANT", "text": "How can I help you?"}, {"index": 1, "speaker": "USER", "text": "What movies are playing?"}, {"index": 2, "speaker": "ASSISTANT", "text": "I can help you with your movie search."}, {"index": 3, "speaker": "ASSISTANT", "text": "Where are you located?"}, {"index": 4, "speaker": "USER", "text": "Davis, California.", "segments": [{"start_index": 0, "end_index": 17, "text": "Davis, California", "annotations": [{"name": "movie_search.location.theater"}]}]}, {"index": 5, "speaker": "ASSISTANT", "text": "Do you have a type of movie you wanted to go see?"}, {"index": 6, "speaker": "USER", "text": "Action.", "segments": [{"start_index": 0, "end_index": 6, "text": "Action", "annotations": [{"name": "movie_search.genre"}]}]}, {"index": 7, "speaker": "ASSISTANT", "text": "Okay, let me see what action films are currently available nearby.", "segments": [{"start_index": 22, "end_index": 28, "text": "action", "annotations": [{"name": "movie_search.genre"}]}, {"start_index": 59, "end_index": 65, "text": "nearby", "annotations": [{"name": "movie_search.location.theater"}]}]}, {"index": 8, "speaker": "ASSISTANT", "text": "Just one moment."}, {"index": 9, "speaker": "ASSISTANT", "text": "Here is what I found."}, {"index": 10, "speaker": "ASSISTANT", "text": "Baby driver.", "segments": [{"start_index": 0, "end_index": 11, "text": "Baby driver", "annotations": [{"name": "movie_search.name.movie"}]}]}, {"index": 11, "speaker": "ASSISTANT", "text": "The Mummy.", "segments": [{"start_index": 0, "end_index": 9, "text": "The Mummy", "annotations": [{"name": "movie_search.name.movie"}]}]}, {"index": 12, "speaker": "ASSISTANT", "text": "Guardians of the Galaxy: Vol 2.", "segments": [{"start_index": 0, "end_index": 30, "text": "Guardians of the Galaxy: Vol 2", "annotations": [{"name": "movie_search.name.movie"}]}]}, {"index": 13, "speaker": "USER", "text": "The Mummy.", "segments": [{"start_index": 0, "end_index": 9, "text": "The Mummy", "annotations": [{"name": "movie_search.name.movie"}]}]}, {"index": 14, "speaker": "ASSISTANT", "text": "Would you like to see the trailer for \"The Mummy\"?", "segments": [{"start_index": 39, "end_index": 48, "text": "The Mummy", "annotations": [{"name": "movie_search.name.movie"}]}]}, {"index": 15, "speaker": "USER", "text": "Yes."}, {"index": 16, "speaker": "ASSISTANT", "text": "Okay."}, {"index": 17, "speaker": "ASSISTANT", "text": "Here's the trailer for \"The Mummy\".", "segments": [{"start_index": 24, "end_index": 33, "text": "The Mummy", "annotations": [{"name": "movie_search.name.movie"}]}]}, {"index": 18, "speaker": "ASSISTANT", "text": "Is that playing for you?"}, {"index": 19, "speaker": "USER", "text": "Yes."}, {"index": 20, "speaker": "ASSISTANT", "text": "Okay, great."}, {"index": 21, "speaker": "ASSISTANT", "text": "Is there anything else I can help you with?"}, {"index": 22, "speaker": "USER", "text": "No."}, {"index": 23, "speaker": "USER", "text": "Thank you."}, {"index": 24, "speaker": "ASSISTANT", "text": "Would you like to go see \"The Mummy\"?", "segments": [{"start_index": 26, "end_index": 35, "text": "The Mummy", "annotations": [{"name": "movie_search.name.movie"}]}]}, {"index": 25, "speaker": "USER", "text": "Yes, yes."}, {"index": 26, "speaker": "ASSISTANT", "text": "Okay. The Mummy is playing at 4:30 pm this afternoon at Regal Davis Stadium 5.", "segments": [{"start_index": 6, "end_index": 15, "text": "The Mummy", "annotations": [{"name": "movie_search.name.movie"}]}, {"start_index": 30, "end_index": 37, "text": "4:30 pm", "annotations": [{"name": "movie_search.time.start"}]}, {"start_index": 56, "end_index": 77, "text": "Regal Davis Stadium 5", "annotations": [{"name": "movie_search.name.theater"}]}]}, {"index": 27, "speaker": "ASSISTANT", "text": "Enjoy your movie."}, {"index": 28, "speaker": "USER", "text": "Thank you, bye."}, {"index": 29, "speaker": "ASSISTANT", "text": "Bye."}]}, {"conversation_id": "dlg-001f0a2e-e1ea-4eef-ab04-bc42bce02fbd", "instruction_id": "movie-29", "utterances": [{"index": 0, "speaker": "ASSISTANT", "text": "How can I help you?"}, {"index": 1, "speaker": "USER", "text": "Hi there. I'm looking for a mystery movie to watch at home, And I'm hoping it's based on an actual event and fairly recent.", "segments": [{"start_index": 28, "end_index": 35, "text": "mystery", "annotations": [{"name": "movie_search.genre"}]}, {"start_index": 80, "end_index": 104, "text": "based on an actual event", "annotations": [{"name": "movie_search.other_description"}]}, {"start_index": 109, "end_index": 122, "text": "fairly recent", "annotations": [{"name": "movie_search.other_description"}]}]}, {"index": 2, "speaker": "ASSISTANT", "text": "Sure let me find few for you. Lonely Hearts or Wolf Creek or Savage Grace?", "segments": [{"start_index": 30, "end_index": 43, "text": "Lonely Hearts", "annotations": [{"name": "movie_search.name.movie"}]}, {"start_index": 47, "end_index": 57, "text": "Wolf Creek", "annotations": [{"name": "movie_search.name.movie"}]}, {"start_index": 61, "end_index": 73, "text": "Savage Grace", "annotations": [{"name": "movie_search.name.movie"}]}]}, {"index": 3, "speaker": "ASSISTANT", "text": "Lonely Hearts or Wolf Creek or Savage Grace?", "segments": [{"start_index": 0, "end_index": 13, "text": "Lonely Hearts", "annotations": [{"name": "movie_search.name.movie"}]}, {"start_index": 17, "end_index": 27, "text": "Wolf Creek", "annotations": [{"name": "movie_search.name.movie"}]}, {"start_index": 31, "end_index": 43, "text": "Savage Grace", "annotations": [{"name": "movie_search.name.movie"}]}]}, {"index": 4, "speaker": "USER", "text": "Show me the trailer for Lonely Hearts.", "segments": [{"start_index": 24, "end_index": 37, "text": "Lonely Hearts", "annotations": [{"name": "movie_search.name.movie"}]}]}, {"index": 5, "speaker": "USER", "text": "Alright. Cool. I'll look online, Check it out. Thanks for your help."}, {"index": 6, "speaker": "ASSISTANT", "text": "On what service would you like this movie on?"}, {"index": 7, "speaker": "USER", "text": "I'ld like it to watch on Netflix.", "segments": [{"start_index": 25, "end_index": 32, "text": "Netflix", "annotations": [{"name": "movie_search.streaming_service"}]}]}, {"index": 8, "speaker": "ASSISTANT", "text": "Okay sounds good enjoy the film."}]}, {"conversation_id": "dlg-0051fb8b-0e94-4bc7-812c-ea28d608d03d", "instruction_id": "movie-12", "utterances": [{"index": 0, "speaker": "ASSISTANT", "text": "Hello."}, {"index": 1, "speaker": "ASSISTANT", "text": "How can I help you?"}, {"index": 2, "speaker": "USER", "text": "Hi, I'm looking for a movie theater."}, {"index": 3, "speaker": "ASSISTANT", "text": "Are you looking for Palm Springs California?", "segments": [{"start_index": 20, "end_index": 43, "text": "Palm Springs California", "annotations": [{"name": "movie_search.location.theater"}]}]}, {"index": 4, "speaker": "USER", "text": "Yes, I am."}, {"index": 5, "speaker": "ASSISTANT", "text": "Which movie theater are you looking for?"}, {"index": 6, "speaker": "USER", "text": "Anywhere within 4 miles from me.", "segments": [{"start_index": 9, "end_index": 31, "text": "within 4 miles from me", "annotations": [{"name": "movie_search.location.theater"}]}]}, {"index": 7, "speaker": "ASSISTANT", "text": "Was there a time you would like to see this movie at?"}, {"index": 8, "speaker": "USER", "text": "Between 9:00 PM and 10:30 PM, tonight.", "segments": [{"start_index": 0, "end_index": 28, "text": "Between 9:00 PM and 10:30 PM", "annotations": [{"name": "movie_search.time.start"}]}]}, {"index": 9, "speaker": "ASSISTANT", "text": "I have Chips playing at 9:50 PM. I have Get Out playing at 10:15 PM. and Snaps playing at 10:25 PM.", "segments": [{"start_index": 7, "end_index": 12, "text": "Chips", "annotations": [{"name": "movie_search.name.movie"}]}, {"start_index": 24, "end_index": 31, "text": "9:50 PM", "annotations": [{"name": "movie_search.time.start"}, {"name": "movie_ticket.time.start"}]}, {"start_index": 40, "end_index": 47, "text": "Get Out", "annotations": [{"name": "movie_search.name.movie"}]}, {"start_index": 59, "end_index": 67, "text": "10:15 PM", "annotations": [{"name": "movie_search.time.start"}]}, {"start_index": 73, "end_index": 78, "text": "Snaps", "annotations": [{"name": "movie_search.name.movie"}]}, {"start_index": 90, "end_index": 98, "text": "10:25 PM", "annotations": [{"name": "movie_search.time.start"}]}]}, {"index": 10, "speaker": "USER", "text": "I'd like to choose Chips.", "segments": [{"start_index": 19, "end_index": 24, "text": "Chips", "annotations": [{"name": "movie_search.name.movie"}]}]}, {"index": 11, "speaker": "ASSISTANT", "text": "You've got it, Chips is playing at Regency Cathedral City 10 located at 34491 palm Drive.", "segments": [{"start_index": 15, "end_index": 20, "text": "Chips", "annotations": [{"name": "movie_search.name.movie"}, {"name": "movie_ticket.name.movie"}]}, {"start_index": 35, "end_index": 60, "text": "Regency Cathedral City 10", "annotations": [{"name": "movie_search.name.theater"}, {"name": "movie_ticket.name.theater"}]}, {"start_index": 72, "end_index": 88, "text": "34491 palm Drive", "annotations": [{"name": "movie_search.location.theater"}]}]}, {"index": 12, "speaker": "USER", "text": "What are the ticket prices for one adult?", "segments": [{"start_index": 31, "end_index": 40, "text": "one adult", "annotations": [{"name": "movie_ticket.num.tickets"}]}]}, {"index": 13, "speaker": "ASSISTANT", "text": "Adult movie ticket prices at that time is $3.", "segments": [{"start_index": 42, "end_index": 44, "text": "$3", "annotations": [{"name": "movie_search.price.ticket"}]}]}, {"index": 14, "speaker": "USER", "text": "Who's the main actor in this movie?"}, {"index": 15, "speaker": "ASSISTANT", "text": "The main actors are Dax Shepard and Michael Pena.", "segments": [{"start_index": 20, "end_index": 31, "text": "Dax Shepard", "annotations": [{"name": "movie_search.real_person"}]}, {"start_index": 36, "end_index": 48, "text": "Michael Pena", "annotations": [{"name": "movie_search.real_person"}]}]}, {"index": 16, "speaker": "USER", "text": "Perfect. I'd like to see this movie."}, {"index": 17, "speaker": "ASSISTANT", "text": "You've got it. I'll send an email confirmation with your movie ticket information.", "segments": [{"start_index": 0, "end_index": 13, "text": "You've got it", "annotations": [{"name": "movie_ticket.ticket_booking"}]}]}, {"index": 18, "speaker": "USER", "text": "Thank you."}, {"index": 19, "speaker": "ASSISTANT", "text": "Bye."}, {"index": 20, "speaker": "ASSISTANT", "text": "See you later."}]}, {"conversation_id": "dlg-007fd36a-ad44-4454-969a-141feaaef982", "instruction_id": "movie-19", "utterances": [{"index": 0, "speaker": "ASSISTANT", "text": "How can I help you?"}, {"index": 1, "speaker": "USER", "text": "I want to aee a movie for tonight."}, {"index": 2, "speaker": "ASSISTANT", "text": "Ok sure thing. Any preferences?"}, {"index": 3, "speaker": "USER", "text": "Yeah. My favorite movie genre is horror. So, I was looking for some kind of horror film?", "segments": [{"start_index": 33, "end_index": 39, "text": "horror", "annotations": [{"name": "movie_search.genre"}]}, {"start_index": 76, "end_index": 82, "text": "horror", "annotations": [{"name": "movie_search.genre"}]}]}, {"index": 4, "speaker": "ASSISTANT", "text": "Sure thing, Any other preferences?"}, {"index": 5, "speaker": "USER", "text": "I'll know. I'm just looking for a nice horror movie for tonight.", "segments": [{"start_index": 39, "end_index": 45, "text": "horror", "annotations": [{"name": "movie_search.genre"}]}]}, {"index": 6, "speaker": "ASSISTANT", "text": "How about Babadook?", "segments": [{"start_index": 10, "end_index": 18, "text": "Babadook", "annotations": [{"name": "movie_search.name.movie"}]}]}, {"index": 7, "speaker": "USER", "text": "Okay, Yeah. That sounds good. Is it available on Redbox?", "segments": [{"start_index": 49, "end_index": 55, "text": "Redbox", "annotations": [{"name": "movie_search.streaming_service"}]}]}, {"index": 8, "speaker": "ASSISTANT", "text": "It looks like it is."}, {"index": 9, "speaker": "USER", "text": "Okay, Yeah. That sounds great then."}, {"index": 10, "speaker": "ASSISTANT", "text": "Okay your all set, Enjoy your movie."}, {"index": 11, "speaker": "USER", "text": "Okay, Great. Thank you for your help. Thanks."}, {"index": 12, "speaker": "ASSISTANT", "text": "Thank you."}]}, {"conversation_id": "dlg-0098730d-ab71-49a5-b8a9-808bcceb1f44", "instruction_id": "movie-18", "utterances": [{"index": 0, "speaker": "USER", "text": "I'm looking to rent a movie at home."}, {"index": 1, "speaker": "ASSISTANT", "text": "Okay, what's up?"}, {"index": 2, "speaker": "USER", "text": "Yeah. I want the movie to be Anchorman.", "segments": [{"start_index": 29, "end_index": 38, "text": "Anchorman", "annotations": [{"name": "movie_search.name.movie"}]}]}, {"index": 3, "speaker": "ASSISTANT", "text": "Okay, you got it."}, {"index": 4, "speaker": "USER", "text": "Yeah. Is that movie found on Redbox?", "segments": [{"start_index": 29, "end_index": 35, "text": "Redbox", "annotations": [{"name": "movie_search.streaming_service"}]}]}, {"index": 5, "speaker": "ASSISTANT", "text": "Sure."}, {"index": 6, "speaker": "USER", "text": "That's perfect then, thank you."}, {"index": 7, "speaker": "ASSISTANT", "text": "My pleasure."}, {"index": 8, "speaker": "ASSISTANT", "text": "Bye."}]}]