[{"dialogue_idx": 0, "dialogue": [{"turn_label": [["cibo", "eritrean"]], "asr": [["Ci sono dei ristoranti eritrei in citt\u00e0?", 1.0]], "system_transcript": "", "turn_idx": 0, "belief_state": [{"slots": [["cibo", "eritrean"]], "act": "inform"}], "transcript": "Ci sono dei ristoranti eritrei in citt\u00e0?", "system_acts": []}, {"turn_label": [["cibo", "cinese"]], "asr": [["Che ne dici di cucina cinese?", 1.0]], "system_transcript": "No, there are no eritrean restaurants in town. Would you like a different restaurant? ", "turn_idx": 1, "belief_state": [{"slots": [["cibo", "cinese"]], "act": "inform"}], "transcript": "Che ne dici di cucina cinese?", "system_acts": []}, {"turn_label": [["area", "est"]], "asr": [["Vorrei nella parte orientale della citt\u00e0.", 1.0]], "system_transcript": "There is a wide variety of Chinese restaurants, do you have an area preference or a price preference to narrow it down?", "turn_idx": 2, "belief_state": [{"slots": [["cibo", "cinese"]], "act": "inform"}, {"slots": [["area", "est"]], "act": "inform"}], "transcript": "Vorrei nella parte orientale della citt\u00e0.", "system_acts": ["area"]}, {"turn_label": [["request", "codice postale"], ["request", "telefono"], ["request", "indirizzo"]], "asr": [["Potrei avere indirizzo, numero di telefono e codice di avviamento postale di Yu Garden?", 1.0]], "system_transcript": "Yu Garden is a chinese restaurant in the east area.", "turn_idx": 3, "belief_state": [{"slots": [["slot", "codice postale"]], "act": "request"}, {"slots": [["slot", "telefono"]], "act": "request"}, {"slots": [["slot", "indirizzo"]], "act": "request"}, {"slots": [["cibo", "cinese"]], "act": "inform"}, {"slots": [["area", "est"]], "act": "inform"}], "transcript": "Potrei avere indirizzo, numero di telefono e codice di avviamento postale di Yu Garden?", "system_acts": []}, {"turn_label": [], "asr": [["Grazie.  Queste sono tutte le informazioni di cui avevo bisogno.  Ciao ciao!", 1.0]], "system_transcript": "Phone is 01223 248882, address and postcode are 529 Newmarket Road Fen Ditton C.B 5, 8 P.A", "turn_idx": 4, "belief_state": [{"slots": [["cibo", "cinese"]], "act": "inform"}, {"slots": [["area", "est"]], "act": "inform"}], "transcript": "Grazie.  Queste sono tutte le informazioni di cui avevo bisogno.  Ciao ciao!", "system_acts": []}]}, {"dialogue_idx": 1, "dialogue": [{"turn_label": [["cibo", "tedesco"]], "asr": [["Ciao, sto cercando un bel ristorante tedesco.", 1.0]], "system_transcript": "", "turn_idx": 0, "belief_state": [{"slots": [["cibo", "tedesco"]], "act": "inform"}], "transcript": "Ciao, sto cercando un bel ristorante tedesco.", "system_acts": []}, {"turn_label": [["cibo", "europeo"]], "asr": [["Che ne dici di uno europeo, va bene? ", 1.0]], "system_transcript": "There are no German restaurants listed, do you have another preference?", "turn_idx": 1, "belief_state": [{"slots": [["cibo", "europeo"]], "act": "inform"}], "transcript": "Che ne dici di uno europeo, va bene? ", "system_acts": ["cibo"]}, {"turn_label": [["area", "non importa"]], "asr": [["Non mi interessa.", 1.0]], "system_transcript": "Which area of town?", "turn_idx": 2, "belief_state": [{"slots": [["cibo", "europeo"]], "act": "inform"}, {"slots": [["area", "non importa"]], "act": "inform"}], "transcript": "Non mi interessa.", "system_acts": ["area"]}, {"turn_label": [["prezzo", "caro"], ["request", "telefono"], ["request", "area"], ["request", "indirizzo"]], "asr": [["Posso avere indirizzo, numero di telefono e zona del pi\u00f9 costoso?", 1.0]], "system_transcript": "There are ten restaurants that fit that description. Do you have a price preference?", "turn_idx": 3, "belief_state": [{"slots": [["slot", "telefono"]], "act": "request"}, {"slots": [["slot", "area"]], "act": "request"}, {"slots": [["slot", "indirizzo"]], "act": "request"}, {"slots": [["cibo", "europeo"]], "act": "inform"}, {"slots": [["prezzo", "caro"]], "act": "inform"}, {"slots": [["area", "non importa"]], "act": "inform"}], "transcript": "Posso avere indirizzo, numero di telefono e zona del pi\u00f9 costoso?", "system_acts": ["prezzo"]}, {"turn_label": [], "asr": [["Grazie e arrivederci", 1.0]], "system_transcript": "Cambridge Lodge Restaurant is listed as expensive in the west area located at \t Cambridge Lodge Hotel 139 Huntingdon Road City Centre. Their phone number is\t 01223 355166.  ", "turn_idx": 4, "belief_state": [{"slots": [["cibo", "europeo"]], "act": "inform"}, {"slots": [["prezzo", "caro"]], "act": "inform"}, {"slots": [["area", "non importa"]], "act": "inform"}], "transcript": "Grazie e arrivederci", "system_acts": []}]}, {"dialogue_idx": 2, "dialogue": [{"turn_label": [["cibo", "australasian"], ["prezzo", "caro"]], "asr": [["Sto cercando un ristorante nella fascia di prezzo costosa che serva cucina australasiatica. ", 1.0]], "system_transcript": "", "turn_idx": 0, "belief_state": [{"slots": [["cibo", "australasian"]], "act": "inform"}, {"slots": [["prezzo", "caro"]], "act": "inform"}], "transcript": "Sto cercando un ristorante nella fascia di prezzo costosa che serva cucina australasiatica. ", "system_acts": []}, {"turn_label": [["cibo", "mediterraneo"], ["request", "telefono"], ["request", "indirizzo"]], "asr": [["Mi piacerebbe trovare un po' di cucina mediterranea e ho bisogno di conoscere il loro indirizzo e il numero di telefono.", 1.0]], "system_transcript": "There are no restaurants matching your requests.  May I help you find a different type of restaurant? ", "turn_idx": 1, "belief_state": [{"slots": [["slot", "telefono"]], "act": "request"}, {"slots": [["slot", "indirizzo"]], "act": "request"}, {"slots": [["cibo", "mediterraneo"]], "act": "inform"}, {"slots": [["prezzo", "caro"]], "act": "inform"}], "transcript": "Mi piacerebbe trovare un po' di cucina mediterranea e ho bisogno di conoscere il loro indirizzo e il numero di telefono.", "system_acts": ["cibo"]}, {"turn_label": [], "asr": [["Grazie!", 1.0]], "system_transcript": "There is an expensive restaurant that serves mediterranean food located at Thompsons Lane Fen Ditton. Their phone number is 01223 362525.", "turn_idx": 2, "belief_state": [{"slots": [["cibo", "mediterraneo"]], "act": "inform"}, {"slots": [["prezzo", "caro"]], "act": "inform"}], "transcript": "Grazie!", "system_acts": []}]}, {"dialogue_idx": 3, "dialogue": [{"turn_label": [["prezzo", "moderato"]], "asr": [["Sto cercando un ristorante a prezzi modici.", 1.0]], "system_transcript": "", "turn_idx": 0, "belief_state": [{"slots": [["prezzo", "moderato"]], "act": "inform"}], "transcript": "Sto cercando un ristorante a prezzi modici.", "system_acts": []}, {"turn_label": [["cibo", "turco"]], "asr": [["Cucina turca.", 1.0]], "system_transcript": "What type of food would you like?", "turn_idx": 1, "belief_state": [{"slots": [["cibo", "turco"]], "act": "inform"}, {"slots": [["prezzo", "moderato"]], "act": "inform"}], "transcript": "Cucina turca.", "system_acts": ["cibo"]}, {"turn_label": [["request", "telefono"], ["request", "indirizzo"], ["cibo", "turco"]], "asr": [["S\u00ec, per favore dammi il numero di telefono e l'indirizzo del ristorante turco.", 1.0]], "system_transcript": "I have two restaurants in the Centre area of town. Would you like the information for both?", "turn_idx": 2, "belief_state": [{"slots": [["slot", "telefono"]], "act": "request"}, {"slots": [["slot", "indirizzo"]], "act": "request"}, {"slots": [["cibo", "turco"]], "act": "inform"}, {"slots": [["prezzo", "moderato"]], "act": "inform"}], "transcript": "S\u00ec, per favore dammi il numero di telefono e l'indirizzo del ristorante turco.", "system_acts": []}, {"turn_label": [], "asr": [["Grazie. ", 1.0]], "system_transcript": "Anatolia is located at 30 Bridge Street City Centre, phone number is 01223 362372", "turn_idx": 3, "belief_state": [{"slots": [["cibo", "turco"]], "act": "inform"}, {"slots": [["prezzo", "moderato"]], "act": "inform"}], "transcript": "Grazie. ", "system_acts": []}]}, {"dialogue_idx": 4, "dialogue": [{"turn_label": [["area", "ovest"], ["cibo", "persiano"]], "asr": [["Ciao sto cercando un ristorante persiano nella parte ovest della citt\u00e0. ", 1.0]], "system_transcript": "", "turn_idx": 0, "belief_state": [{"slots": [["cibo", "persiano"]], "act": "inform"}, {"slots": [["area", "ovest"]], "act": "inform"}], "transcript": "Ciao sto cercando un ristorante persiano nella parte ovest della citt\u00e0. ", "system_acts": []}, {"turn_label": [["cibo", "italiano"]], "asr": [["No, grazie.  C'\u00e8 un ristorante con cucina italiana?", 1.0]], "system_transcript": "I'm sorry I do not have any Persian restaurants listed on the west side.  Should I try Persian restaurants in all locations?", "turn_idx": 1, "belief_state": [{"slots": [["cibo", "italiano"]], "act": "inform"}, {"slots": [["area", "ovest"]], "act": "inform"}], "transcript": "No, grazie.  C'\u00e8 un ristorante con cucina italiana?", "system_acts": [["area", "non importa"]]}, {"turn_label": [["request", "telefono"]], "asr": [["Ottimo! Posso avere il numero di telefono per favore?", 1.0]], "system_transcript": "Prezzo is on the west side.", "turn_idx": 2, "belief_state": [{"slots": [["slot", "telefono"]], "act": "request"}, {"slots": [["cibo", "italiano"]], "act": "inform"}, {"slots": [["area", "ovest"]], "act": "inform"}], "transcript": "Ottimo! Posso avere il numero di telefono per favore?", "system_acts": []}, {"turn_label": [], "asr": [["Grazie, buonanotte!", 1.0]], "system_transcript": "The phone number is  01799 521260", "turn_idx": 3, "belief_state": [{"slots": [["cibo", "italiano"]], "act": "inform"}, {"slots": [["area", "ovest"]], "act": "inform"}], "transcript": "Grazie, buonanotte!", "system_acts": []}]}]