<benchmark>
  <entries>
    <entry category="City" eid="Id1" size="1">
      <originaltripleset>
        <otriple>Abilene,_Texas | areaCode | 325</otriple>
      </originaltripleset>
      <modifiedtripleset>
        <mtriple>Abilene,_Texas | areaCode | 325</mtriple>
      </modifiedtripleset>
      <lex comment="good" lid="Id1">The area code of Abilene, in Texas, is 325.</lex>
      <lex comment="good" lid="Id2">325 is the area code for Abilene, Texas.</lex>
      <lex comment="good" lid="Id3">The area code for Abilene in Texas is 325.</lex>
    </entry>
    </entries>
</benchmark>