<?xml version="1.0" encoding="utf-8"?>
<!DOCTYPE cesAlign PUBLIC "-//CES//DTD XML cesAlign//EN" "">
<cesAlign version="1.0">
<linkGrp targType="s" fromDoc="ku/bianet-trku.xml.gz" toDoc="tr/bianet-trku.xml.gz">
<link xtargets="1;1" />
<link xtargets="2;2.1 2.2" />
<link xtargets="3;3" />
<link xtargets="4;4" />
<link xtargets="5;5" />
<link xtargets="6.1 6.2 6.3 6.4 6.5 6.6;6.1 6.2 6.3 6.4 6.5" />
<link xtargets="7;7" />
<link xtargets="8.1 8.2 8.3 8.4 8.5;8.1 8.2 8.3 8.4" />
<link xtargets="9;9" />
<link xtargets="10;10" />
<link xtargets="11.1 11.2 11.3 11.4;11.1 11.2 11.3" />