idx	label	sentence
0	1	12the oxygen vent arm and hood removed from the fixed service structure at nasa kennedy space center's launch pad 39b is ready for transfer from the pad to a storage facility, after the pad was transferred from the space shuttle program to the constellation program.
1	1	13in the rotation, processing and surge facility at nasa's kennedy space center in florida, a technician performs propellant grain inspection of the inside of the ares i-x motor segment.
2	1	16work platforms surround the ares i-x launch vehicle in the vehicle assembly building's high bay 4 at nasa's kennedy space center in florida.
3	1	18the ares i-x rocket, shown in in high bay 3 of kennedy space center's vehicle assembly building is being prepared for this week's launch vehicle readiness test in cape canaveral, fla., monday, oct. 5, 2009.
4	1	19the 327-foot-tall ares i-x test rocket moves slowly to launch pad 39b from the vehicle assembly building at the kennedy space center in cape canaveral, fla., tuesday, oct. 20, 2009.
