<benchmark>
  <entries>
    <entry category="Building" eid="Id2" shape="(X (X))" shape_type="NA" size="1">
      <originaltripleset>
        <otriple>250_Delaware_Avenue | architecturalStyle | Postmodern_architecture</otriple>
      </originaltripleset>
      <modifiedtripleset>
        <mtriple>250_Delaware_Avenue | architecturalStyle | Postmodern_architecture</mtriple>
      </modifiedtripleset>
      <lex comment="good" lid="Id1">250 Delaware Avenue has the Postmodern style of architecture.</lex>
      <lex comment="good" lid="Id2">The architectural style of 250 Delaware Avenue is Postmodern.</lex>
    </entry>
    </entries>
</benchmark>