what is the use of fn key in mac	It is typically found on laptops due to their keyboard size restrictions .	1
when did the ipod 7th generation come out	Cupertino , California : Apple .	1
who dies in season 6 once upon a time	^ Jump up to : Abrams , Natalie ( August 5 , 2016 ) .	1
who was the first avatar ever in the last airbender	Jeremy Zuckerman and Benjamin Wynn composed the series ' music and sound ; they experimented with a wide range of instruments , including the guzheng , pipa , and duduk , to match the show 's Asia - influenced setting .	1
how many games do they need to win to win the world series	p. 21 .	1
when did rufus wainwright record across the universe	266 -- 67 Jump up ^ Sheff , p. 266 Jump up ^ Karimi , Faith .	1
two core functions of the world health organization (who) are	In 1977 , the first list of essential medicines was drawn up , and a year later the ambitious goal of `` health for all '' was declared .	1
when did adam smith published the wealth of nations	Boston Review .	1
how many english soldiers died in world war 2	Statistics published in Russia list civilian war losses 6,074,857 civilians killed reported by the Extraordinary State Commission in 1946 641,803 famine deaths during the siege of Leningrad according to official figures 58,000 killed in bombing raids ( 40,000 Stalingrad , 17,000 Leningrad and 1,000 Moscow ) and an additional 645,000 civilian reservists that were killed or captured are also included with civilian casualties .	1
what is the location of gateway of india	Wikipedia ® is a registered trademark of the Wikimedia Foundation , Inc. , a non-profit organization .	1
