idx	label	sentence1	sentence2
0	1	a man got completely naked when passing through metal detectors at a russian airport	airport worker strips naked at security scanner in protest against guards
1	0	tiger woods is serving a suspension from the pga tour after failing a drug test	shock claim: pga golfer says tiger woods is suspended for failed drug test
2	2	durex is launching a pumpkin spice condom	the pumpkin-spice condom is just a figment of your own gross imagination
3	2	north korea plans to open a restaurant in scotland	north korea denies reports kim jong-un is to open state-backed restaurant in scotland
4	0	apple delayed production of a 12-inch ipad pro and will not announce it at the march 9th event	bloomberg: apple pushes back 12.9-inch ipad pro production to september
