conversation_no,talk_day,length,topic_description,prompt,from_caller,from_caller_sex,from_caller_education,from_caller_birth_year,from_caller_dialect_area,to_caller,to_caller_sex,to_caller_education,to_caller_birth_year,to_caller_dialect_area
2005,910304,9,CARE OF THE ELDERLY,PLEASE DISCUSS CARE OF THE ELDERLY.  FIND OUT HOW THE OTHER CALLER FEELS ABOUT SENDING AN ELDERLY FAMILY MEMBER TO A NURSING HOME.  WHAT SHOULD ONE KNOW ABOUT THE NURSING HOME ENVIRONMENT WHEN MAKING THIS DECISION?,1169,MALE,2,1961,NORTH MIDLAND,1133,MALE,2,1935,SOUTH MIDLAND
2006,910305,8,AIR POLLUTION,PLEASE DISCUSS AIR POLLUTION.  FIND OUT WHAT SUBSTANCES THE OTHER CALLER THINKS CONTRIBUTE THE MOST TO AIR POLLUTION TODAY.  WHAT CAN INDIVIDUALS OR SOCIETY DO TO IMPROVE AIR QUALITY?,1061,MALE,2,1957,SOUTH MIDLAND,1035,FEMALE,2,1953,NORTH MIDLAND
2008,910305,4,CLOTHING AND DRESS,THE TOPIC IS CLOTHING.  PLEASE FIND OUT HOW THE OTHER CALLER TYPICALLY DRESSES FOR WORK.  HOW MUCH VARIATION IS THERE FROM DAY TO DAY?  HOW MUCH VARIATION IS THERE FROM SEASON TO SEASON?,1176,FEMALE,2,1959,MIXED,1057,FEMALE,2,1963,NORTH MIDLAND
2010,910305,5,MOVIES,FIND OUT WHAT THE OTHER CALLER THOUGHT ABOUT THE LAST FEW MOVIES THEY SAW. WHAT MOVIES HAVE YOU SEEN LATELY?,1039,MALE,3,1943,SOUTHERN,1027,FEMALE,2,1961,NORTH MIDLAND
2012,910305,10,RIGHT TO PRIVACY,FIND OUT WHAT EVERYDAY OCCURRENCES THE OTHER CALLER CONSIDERS TO BE AN INTRUSION OF PRIVACY.  WHAT CAN BE DONE TO PREVENT THEM?  DO YOU AGREE OR DISAGREE?,1110,MALE,3,1961,WESTERN,1119,MALE,3,1946,MIXED
2121,910312,2,AIR POLLUTION,PLEASE DISCUSS AIR POLLUTION.  FIND OUT WHAT SUBSTANCES THE OTHER CALLER THINKS CONTRIBUTE THE MOST TO AIR POLLUTION TODAY.  WHAT CAN INDIVIDUALS OR SOCIETY DO TO IMPROVE AIR QUALITY?,1121,MALE,2,1937,NEW ENGLAND,1087,MALE,3,1958,NORTHERN
2131,910312,8,MUSIC,PLEASE DISCUSS MUSIC.  CAN YOU FIND MUSICIANSOR TYPES OF MUSIC THAT BOTH YOU AND THE OTHER CALLER LIKE?,1128,MALE,2,1933,SOUTH MIDLAND,1126,FEMALE,2,1963,SOUTH MIDLAND
2151,910313,10,UNIVERSAL PBLIC SERV,SEE HOW THE OTHER CALLER FEELS ABOUT THE PROPOSAL THAT ALL YOUNG AMERICANS SHOULD SPEND A YEAR OR TWO DOING SOME KIND OF PUBLIC SERVICE,1010,MALE,1,1932,NEW ENGLAND,1126,FEMALE,2,1963,SOUTH MIDLAND
2229,910324,10,EXERCISE AND FITNESS,DO YOU DO ANY EXERCISE REGULARLY TO MAINTAIN YOUR HEALTH OR FITNESS LEVEL?  IF SOOR DO IT AS A TASK?  COMPARE YOUR HABITS AND YOUR MOTIVES,1139,MALE,2,1956,NORTHERN,1075,FEMALE,2,1957,MIXED
2335,910328,10,CRIME,DISCUSS CRIME IN AMERICAN CITIES TODAY.  WHAT ARE YOUR CONCERNS AND THE CONCERNS OF THE OTHER CALLER?  WHAT STEPS CAN BE TAKEN TO REDUCE CRIME?,1175,FEMALE,9,1956,WESTERN,1063,MALE,3,1965,NORTH MIDLAND
