A plane is taking off.,An air plane is taking off.,5.0
A man is playing a large flute.,A man is playing a flute.,3.8
A man is spreading shreded cheese on a pizza.,A man is spreading shredded cheese on an uncooked pizza.,3.8
Three men are playing chess.,Two men are playing chess.,2.6
A man is playing the cello.,A man seated is playing the cello.,4.25
Some men are fighting.,Two men are fighting.,4.25
A man is smoking.,A man is skating.,0.5
The man is playing the piano.,The man is playing the guitar.,1.6
A man is playing on a guitar and singing.,A woman is playing an acoustic guitar and singing.,2.2
