[{"id": "190329_J07_03", "tag": "phone call", "title": "\u4f1d\u8a00\u3078\u306e\u6298\u308a\u8fd4\u3057\u96fb\u8a71\u3000\u6253\u3061\u5408\u308f\u305b\u65e5\u7a0b\u8abf\u6574", "original_language": "ja", "conversation": [{"no": 1, "ja_speaker": "\u571f\u4e95\u3055\u3093", "en_speaker": "Doi-san", "ja_sentence": "\u306f\u3044\u3001K\u793e\u30b7\u30b9\u30c6\u30e0\u958b\u767a\u90e8\u3067\u3059\u3002", "en_sentence": "Hi this is the systems development department of Company K."}, {"no": 2, "ja_speaker": "\u9ad8\u5e02\u3055\u3093", "en_speaker": "Takaichi-san", "ja_sentence": "H\u793e\u306e\u9ad8\u5e02\u3068\u7533\u3057\u307e\u3059\u3002", "en_sentence": "My name is Takaichi from Company H."}, {"no": 3, "ja_speaker": "\u9ad8\u5e02\u3055\u3093", "en_speaker": "Takaichi-san", "ja_sentence": "\u3044\u3064\u3082\u304a\u4e16\u8a71\u306b\u306a\u3063\u3066\u304a\u308a\u307e\u3059\u3002", "en_sentence": "Thank you as always."}, {"no": 4, "ja_speaker": "\u571f\u4e95\u3055\u3093", "en_speaker": "Doi-san", "ja_sentence": "\u3053\u3061\u3089\u3053\u305d\u3001\u304a\u4e16\u8a71\u306b\u306a\u3063\u3066\u304a\u308a\u307e\u3059\u3002", "en_sentence": "Thank you as always as well."}, {"no": 5, "ja_speaker": "\u9ad8\u5e02\u3055\u3093", "en_speaker": "Takaichi-san", "ja_sentence": "\u7a32\u7530\u3055\u3093\u306f\u3044\u3089\u3063\u3057\u3083\u3044\u307e\u3059\u304b\uff1f", "en_sentence": "Is Inada-san there?"}, {"no": 6, "ja_speaker": "\u9ad8\u5e02\u3055\u3093", "en_speaker": "Takaichi-san", "ja_sentence": "1\u6642\u9593\u307b\u3069\u524d\u306b\u3001\u304a\u96fb\u8a71\u3044\u305f\u3060\u3044\u305f\u305d\u3046\u306a\u3093\u3067\u3059\u3051\u3069\u3002", "en_sentence": "It seems I got a call from him around 1 hour ago."}, {"no": 7, "ja_speaker": "\u571f\u4e95\u3055\u3093", "en_speaker": "Doi-san", "ja_sentence": "\u306f\u3044\u3001\u4ee3\u308f\u308a\u307e\u3059\u3002", "en_sentence": "Yes, let me switch you over."}, {"no": 8, "ja_speaker": "\u571f\u4e95\u3055\u3093", "en_speaker": "Doi-san", "ja_sentence": "\u5c11\u3005\u304a\u5f85\u3061\u304f\u3060\u3055\u3044\u3002", "en_sentence": "Please wait a moment."}, {"no": 9, "ja_speaker": "\u571f\u4e95\u3055\u3093", "en_speaker": "Doi-san", "ja_sentence": "\u7a32\u7530\u3055\u3093\u3001H\u793e\u306e\u9ad8\u5e02\u69d8\u304b\u3089\u304a\u96fb\u8a71\u3067\u3059\u3002", "en_sentence": "Inada-san, you have a call from Mr. Takaichi of Company H."}, {"no": 10, "ja_speaker": "\u7a32\u7530\u3055\u3093", "en_speaker": "Inada-san", "ja_sentence": "\u3082\u3057\u3082\u3057\u3001\u7a32\u7530\u3067\u3059\u3002", "en_sentence": "Hello, this is Inada."}, {"no": 11, "ja_speaker": "\u9ad8\u5e02\u3055\u3093", "en_speaker": "Takaichi-san", "ja_sentence": "H\u793e\u306e\u9ad8\u5e02\u3067\u3059\u3002", "en_sentence": "This is Takaichi from Company H."}, {"no": 12, "ja_speaker": "\u9ad8\u5e02\u3055\u3093", "en_speaker": "Takaichi-san", "ja_sentence": "\u304a\u4e16\u8a71\u69d8\u3067\u30fc\u3059\u3002", "en_sentence": "Thank you."}, {"no": 13, "ja_speaker": "\u7a32\u7530\u3055\u3093", "en_speaker": "Inada-san", "ja_sentence": "\u304a\u4e16\u8a71\u69d8\u3067\u30fc\u3059\u3002", "en_sentence": "Thank you as always."}, {"no": 14, "ja_speaker": "\u9ad8\u5e02\u3055\u3093", "en_speaker": "Takaichi-san", "ja_sentence": "\u3055\u3063\u304d\u306f\u304a\u96fb\u8a71\u3042\u308a\u304c\u3068\u3046\u3054\u3056\u3044\u307e\u3057\u305f\u3002", "en_sentence": "Thank you for the call earlier."}, {"no": 15, "ja_speaker": "\u9ad8\u5e02\u3055\u3093", "en_speaker": "Takaichi-san", "ja_sentence": "\u5916\u51fa\u3057\u3066\u3044\u3066\u3001\u3059\u307f\u307e\u305b\u3093\u3067\u3057\u305f\u3002", "en_sentence": "Sorry I was out."}, {"no": 16, "ja_speaker": "\u7a32\u7530\u3055\u3093", "en_speaker": "Inada-san", "ja_sentence": "\u3044\u3044\u3048\u3001\u3053\u3061\u3089\u3053\u305d\u3001\u304a\u5fd9\u3057\u3044\u3068\u3053\u308d\u3059\u307f\u307e\u305b\u3093\u3002", "en_sentence": "Not at all, I'm also sorry for calling when you were busy."}, {"no": 17, "ja_speaker": "\u7a32\u7530\u3055\u3093", "en_speaker": "Inada-san", "ja_sentence": "A\u793e\u3055\u3093\u3078\u884c\u304f\u306e\u3063\u3066\u3001\u6765\u9031\u6708\u66dc\u65e5\u3067\u3057\u305f\u3088\u306d\uff1f", "en_sentence": "We are going to Company A next Monday, right?"}, {"no": 18, "ja_speaker": "\u7a32\u7530\u3055\u3093", "en_speaker": "Inada-san", "ja_sentence": "\u305d\u306e\u6253\u3061\u5408\u308f\u305b\u3001\u4e00\u5ea6\u3057\u305f\u307b\u3046\u304c\u3044\u3044\u3068\u601d\u3044\u307e\u3057\u3066\u3002", "en_sentence": "I thought we should maybe have a meeting once for that."}, {"no": 19, "ja_speaker": "\u9ad8\u5e02\u3055\u3093", "en_speaker": "Takaichi-san", "ja_sentence": "\u305d\u3046\u3067\u3059\u306d\u3001\u3057\u307e\u3057\u3087\u3046\u3002", "en_sentence": "Right, let's do it."}, {"no": 20, "ja_speaker": "\u9ad8\u5e02\u3055\u3093", "en_speaker": "Takaichi-san", "ja_sentence": "\u8cc7\u6599\u306e\u6e96\u5099\u3082\u3042\u308b\u304b\u3089\u3001\u65e9\u3044\u65b9\u304c\u3044\u3044\u3067\u3059\u3088\u306d\u3002", "en_sentence": "We have to prepare materials too so we should do it earlier."}, {"no": 21, "ja_speaker": "\u7a32\u7530\u3055\u3093", "en_speaker": "Inada-san", "ja_sentence": "\u9ad8\u5e02\u3055\u3093\u306f\u3044\u3064\u3067\u3082\u3044\u3044\u3063\u3066\u3001\u304a\u3063\u3057\u3083\u3063\u3066\u305f\u3093\u3067\u3057\u305f\u3063\u3051\u3002", "en_sentence": "Takaichi-san, you said you are available anytime?"}, {"no": 22, "ja_speaker": "\u9ad8\u5e02\u3055\u3093", "en_speaker": "Takaichi-san", "ja_sentence": "\u306f\u3044\u3001\u7a32\u7530\u3055\u3093\u306f\u3044\u3064\u304c\u3044\u3044\u3067\u3059\u304b\uff1f", "en_sentence": "Yes, when is good for you, Inada-san?"}, {"no": 23, "ja_speaker": "\u7a32\u7530\u3055\u3093", "en_speaker": "Inada-san", "ja_sentence": "\u3048\u30fc\u3068\u3001\u76f4\u8fd1\u3060\u3068\u30fb\u30fb\u30fb", "en_sentence": "If it is soon then..."}, {"no": 24, "ja_speaker": "\u7a32\u7530\u3055\u3093", "en_speaker": "Inada-san", "ja_sentence": "\u660e\u65e5\u306e\u5348\u524d\u4e2d\u300110\u6642\u534a\u9803\u304b\u3089\u3060\u3068\u3044\u304b\u304c\u3067\u3059\u304b\uff1f", "en_sentence": "How about around ten thirty in the morning tomorrow?"}, {"no": 25, "ja_speaker": "\u7a32\u7530\u3055\u3093", "en_speaker": "Inada-san", "ja_sentence": "\u79c1\u3001\u305d\u3061\u3089\u306b\u4f3a\u3048\u307e\u3059\u3002", "en_sentence": "I will go to your place."}, {"no": 26, "ja_speaker": "\u9ad8\u5e02\u3055\u3093", "en_speaker": "Takaichi-san", "ja_sentence": "\u307b\u3093\u3068\u3067\u3059\u304b\uff1f", "en_sentence": "Really?"}, {"no": 27, "ja_speaker": "\u9ad8\u5e02\u3055\u3093", "en_speaker": "Takaichi-san", "ja_sentence": "\u308f\u3056\u308f\u3056\u3059\u307f\u307e\u305b\u3093\u3002", "en_sentence": "Sorry for the trouble."}, {"no": 28, "ja_speaker": "\u9ad8\u5e02\u3055\u3093", "en_speaker": "Takaichi-san", "ja_sentence": "\u79c1\u304c\u305d\u3063\u3061\u306b\u884c\u3063\u3066\u3082\u3044\u3044\u3068\u601d\u3063\u3066\u3044\u305f\u3093\u3067\u3059\u3051\u3069\u3002", "en_sentence": "I was thinking I can go to your place though."}, {"no": 29, "ja_speaker": "\u7a32\u7530\u3055\u3093", "en_speaker": "Inada-san", "ja_sentence": "\u5927\u4e08\u592b\u3067\u3059\u3088\u3001\u8fd1\u3044\u3067\u3059\u3057\u3002", "en_sentence": "It's okay, it's close."}, {"no": 30, "ja_speaker": "\u7a32\u7530\u3055\u3093", "en_speaker": "Inada-san", "ja_sentence": "\u3058\u3083\u3042\u3001\u660e\u65e5\u306e10\u6642\u534a\u3054\u308d\u3001\u304a\u4f3a\u3044\u3057\u307e\u3059\u306d\u3002", "en_sentence": "Okay, I will go to your place around ten thirty tomorrow."}, {"no": 31, "ja_speaker": "\u9ad8\u5e02\u3055\u3093", "en_speaker": "Takaichi-san", "ja_sentence": "\u306f\u3044\u3001\u5206\u304b\u308a\u307e\u3057\u305f\u3002", "en_sentence": "Okay, got it."}, {"no": 32, "ja_speaker": "\u9ad8\u5e02\u3055\u3093", "en_speaker": "Takaichi-san", "ja_sentence": "\u3042\u308a\u304c\u3068\u3046\u3054\u3056\u3044\u307e\u3059\u3002", "en_sentence": "Thank you very much."}, {"no": 33, "ja_speaker": "\u9ad8\u5e02\u3055\u3093", "en_speaker": "Takaichi-san", "ja_sentence": "\u3058\u3083\u3001\u660e\u65e5\u3001\u304a\u5f85\u3061\u3057\u3066\u307e\u3059\u3002", "en_sentence": "Alright, I'll wait for you tomorrow."}, {"no": 34, "ja_speaker": "\u9ad8\u5e02\u3055\u3093", "en_speaker": "Takaichi-san", "ja_sentence": "\u3088\u308d\u3057\u304f\u304a\u9858\u3044\u3057\u307e\u3059\u3002", "en_sentence": "Thank you."}, {"no": 35, "ja_speaker": "\u7a32\u7530\u3055\u3093", "en_speaker": "Inada-san", "ja_sentence": "\u3088\u308d\u3057\u304f\u304a\u9858\u3044\u3057\u307e\u3059\u3002", "en_sentence": "Thank you."}]}, {"id": "190329_J06_11", "tag": "meeting", "title": "\u682a\u4e3b\u7dcf\u4f1a\u306b\u95a2\u3059\u308b\u5f79\u54e1\u5411\u3051\u8aac\u660e\uff08\uff12\uff09", "original_language": "ja", "conversation": [{"no": 1, "ja_speaker": "\u9ad8\u7530\u3055\u3093", "en_speaker": "Takada-san", "ja_sentence": "\u682a\u4e3b\u7dcf\u4f1a\u958b\u50ac\u306b\u3042\u305f\u308a\u3001\u5168\u4f53\u7684\u306a\u6d41\u308c\u306f\u3053\u3061\u3089\u306e\u8cc7\u6599\u306e\u901a\u308a\u306b\u306a\u308a\u307e\u3059\u3002", "en_sentence": "The overall schedule for the general meeting of shareholders will be as shown on this material here."}, {"no": 2, "ja_speaker": "\u9ad8\u7530\u3055\u3093", "en_speaker": "Takada-san", "ja_sentence": "\u305d\u306e\u3046\u3061\u3001\u5f79\u54e1\u306e\u7686\u69d8\u304c\u95a2\u4fc2\u3059\u308b\u9805\u76ee\u306b\u3064\u3044\u3066\u3001\u30d4\u30c3\u30af\u30a2\u30c3\u30d7\u3057\u3066\u3054\u8aac\u660e\u3057\u307e\u3059\u3002", "en_sentence": "Among that, I will select the topics related to all the executives and explain them."}, {"no": 3, "ja_speaker": "\u9ad8\u7530\u3055\u3093", "en_speaker": "Takada-san", "ja_sentence": "\u307e\u305a\u3001\u7dcf\u4f1a\u5f53\u65e5\u306f\u3001\u304a\u624b\u5143\u306b\u3042\u308b\u30b7\u30ca\u30ea\u30aa\u901a\u308a\u306b\u767a\u8a00\u3057\u3001\u9032\u3081\u3066\u53c2\u308a\u307e\u3059\u3002", "en_sentence": "First of all, on the day of the general meeting, we will explain and proceed it according to the scenario in front of you."}, {"no": 4, "ja_speaker": "\u9ad8\u7530\u3055\u3093", "en_speaker": "Takada-san", "ja_sentence": "\u672c\u65e5\u3092\u542b\u3081\u3001\uff13\u56de\u3001\u30b7\u30ca\u30ea\u30aa\u306e\u8aad\u307f\u5408\u308f\u305b\u53ca\u3073\u5f79\u54e1\u306e\u5165\u5834\u304b\u3089\u9000\u5834\u307e\u3067\u306e\u4e00\u9023\u306e\u6d41\u308c\u3092\u78ba\u8a8d\u3057\u307e\u3059\u3002", "en_sentence": "We will review overall flow from the entrance and the exit for the executives and also go over the scenario 3 times including today."}, {"no": 5, "ja_speaker": "\u9ad8\u7530\u3055\u3093", "en_speaker": "Takada-san", "ja_sentence": "\u3059\u3079\u3066\u3001\u80fd\u52e2\u3055\u3093\u306b\u3082\u540c\u5e2d\u3057\u3066\u3044\u305f\u3060\u304d\u307e\u3059\u306e\u3067\u3001\u6539\u5584\u3057\u305f\u65b9\u304c\u826f\u3044\u70b9\u306a\u3069\u306f\u3054\u6307\u6458\u304f\u3060\u3055\u3044\u3002", "en_sentence": "We will have Nose-san attend all of it so please point out things that we should improve on."}, {"no": 6, "ja_speaker": "\u9ad8\u7530\u3055\u3093", "en_speaker": "Takada-san", "ja_sentence": "\u672c\u65e5\u306f\u3001\u3053\u306e\u5f8c\u3001\u3053\u306e\u4f1a\u8b70\u5ba4\u3092\u4f7f\u3063\u3066\u30ea\u30cf\u30fc\u30b5\u30eb\u3092\u884c\u3044\u307e\u3059\u3002", "en_sentence": "Today, we will do a rehearsal using this meeting room here after this."}, {"no": 7, "ja_speaker": "\u9ad8\u7530\u3055\u3093", "en_speaker": "Takada-san", "ja_sentence": "\u6765\u9031\u3001\u53d6\u7de0\u5f79\u3068\u5e38\u52e4\u76e3\u67fb\u5f79\u306e\u307f\u3067\u3001\u793e\u5185\u3067\u30ea\u30cf\u30fc\u30b5\u30eb\u3092\u884c\u3046\u4e88\u5b9a\u3067\u3059\u3002", "en_sentence": "Next week, we plan on having a rehearsal internally with only the board of directors and the full-time corporate auditor."}, {"no": 8, "ja_speaker": "\u9ad8\u7530\u3055\u3093", "en_speaker": "Takada-san", "ja_sentence": "\u7dcf\u4f1a\u524d\u65e5\u306b\u306f\u3001\u5b9f\u969b\u306e\u4f1a\u5834\u306b\u3066\u3001\u51fa\u5e2d\u8005\u5168\u54e1\u306b\u3088\u308b\u30ea\u30cf\u30fc\u30b5\u30eb\u3092\u884c\u3044\u307e\u3059\u3002", "en_sentence": "On the day before the general meeting, we will do a rehearsal with everyone in attendance at the actual venue."}, {"no": 9, "ja_speaker": "\u9ad8\u7530\u3055\u3093", "en_speaker": "Takada-san", "ja_sentence": "\u524d\u65e5\u306e\u30ea\u30cf\u30fc\u30b5\u30eb\u306b\u306f\u3001\u5f79\u54e1\u4ee5\u5916\u306b\u3001\u672c\u65e5\u3054\u51fa\u5e2d\u3044\u305f\u3060\u3044\u3066\u3044\u308b\u9867\u554f\u5f01\u8b77\u58eb\u306e\u592a\u7530\u5148\u751f\u306b\u3082\u304a\u8d8a\u3057\u3044\u305f\u3060\u304d\u305f\u304f\u5b58\u3058\u307e\u3059\u3002", "en_sentence": "On the rehearsal the day before, we will also have Ota-san who is the general counsel and is in attendance today to come as well."}, {"no": 10, "ja_speaker": "\u592a\u7530\u3055\u3093", "en_speaker": "Ota-san", "ja_sentence": "\u306f\u3044\u3001\u4e88\u5b9a\u306f\u7a7a\u3051\u3066\u3044\u307e\u3059\u3088\u3002", "en_sentence": "Yes, I will keep my schedule open."}, {"no": 11, "ja_speaker": "\u9ad8\u7530\u3055\u3093", "en_speaker": "Takada-san", "ja_sentence": "\u307e\u305f\u3001\u7dcf\u4f1a\u5f53\u65e5\u306e\u307f\u3001\u62c5\u5f53\u76e3\u67fb\u6cd5\u4eba\u306e\u4f1a\u8a08\u58eb\u306e\u5148\u751f\u306b\u3082\u88cf\u65b9\u306b\u5f85\u6a5f\u3057\u3066\u3044\u305f\u3060\u304d\u3001\u4f55\u304b\u3042\u3063\u305f\u6642\u306e\u30b5\u30dd\u30fc\u30c8\u3092\u304a\u9858\u3044\u3057\u3066\u304a\u308a\u307e\u3059\u3002", "en_sentence": "We will also have an accountant who is our auditor on stand-by in the back only for the day of the general meeting and I have asked him to provide support when needed."}, {"no": 12, "ja_speaker": "\u9ad8\u7530\u3055\u3093", "en_speaker": "Takada-san", "ja_sentence": "\u8b70\u4e8b\u306b\u95a2\u3057\u3066\u306f\u3001\u304a\u624b\u5143\u306e\u30b7\u30ca\u30ea\u30aa\u901a\u308a\u306b\u767a\u8a00\u3057\u3066\u9802\u3051\u308c\u3070\u554f\u984c\u3042\u308a\u307e\u305b\u3093\u3002", "en_sentence": "In regards to the proceedings, it will be fine if you say what is on the script on hand."}, {"no": 13, "ja_speaker": "\u9ad8\u7530\u3055\u3093", "en_speaker": "Takada-san", "ja_sentence": "\u3057\u304b\u3057\u3001\u8cea\u7591\u5fdc\u7b54\u306f\u5fc5\u305a\u3057\u3082\u60f3\u5b9a\u901a\u308a\u306b\u306f\u3044\u304b\u306a\u3044\u3068\u601d\u308f\u308c\u307e\u3059\u3002", "en_sentence": "But, things may not go as planned for the questions and answers."}, {"no": 14, "ja_speaker": "\u9ad8\u7530\u3055\u3093", "en_speaker": "Takada-san", "ja_sentence": "\u540c\u3058\u304f\u304a\u624b\u5143\u306b\u3042\u308b\u3001\u60f3\u5b9a\u554f\u984c\u96c6\u306f\u79c1\u306e\u65b9\u3067\u4e88\u60f3\u3055\u308c\u308b\u554f\u7b54\u3092\u4f5c\u6210\u3057\u305f\u3082\u306e\u3067\u3059\u3002", "en_sentence": "I have made a list of questions which I anticipate will be asked and have answers for it in the same material in front of you."}, {"no": 15, "ja_speaker": "\u9ad8\u7530\u3055\u3093", "en_speaker": "Takada-san", "ja_sentence": "\u6982\u306d\u3001\u4eca\u671f\u306e\u3053\u3068\u3067\u682a\u4e3b\u3055\u3093\u304b\u3089\u7a81\u3063\u8fbc\u307e\u308c\u305d\u3046\u306a\u4e8b\u9805\u306f\u7db2\u7f85\u3057\u3066\u3044\u308b\u3068\u601d\u3044\u307e\u3059\u3002", "en_sentence": "I think it generally covers the topics that the shareholders will most likely ask for this quarter."}, {"no": 16, "ja_speaker": "\u9ad8\u7530\u3055\u3093", "en_speaker": "Takada-san", "ja_sentence": "\u76f8\u5f53\u306a\u6570\u306a\u306e\u3067\u3001\u5404\u53d6\u7de0\u5f79\u306b\u304a\u3044\u3066\u306f\u3054\u81ea\u5206\u306e\u7ba1\u8f44\u5206\u3092\u30de\u30b9\u30bf\u30fc\u3057\u3066\u9802\u3051\u308c\u3070\u3088\u308d\u3057\u3044\u304b\u3068\u601d\u3044\u307e\u3059\u3002", "en_sentence": "There is quite a bit so I'd like to ask each of the directors to master their own parts."}, {"no": 17, "ja_speaker": "\u9ad8\u7530\u3055\u3093", "en_speaker": "Takada-san", "ja_sentence": "\u306a\u304a\u3001\u682a\u4e3b\u3055\u3093\u3088\u308a\u3001\u7d30\u304b\u3044\u6570\u5b57\u306b\u3064\u3044\u3066\u306e\u6307\u6458\u304c\u3042\u308b\u53ef\u80fd\u6027\u304c\u3042\u308a\u307e\u3059\u3002", "en_sentence": "There is also a possibility of being asked specific figures by the shareholders."}, {"no": 18, "ja_speaker": "\u9ad8\u7530\u3055\u3093", "en_speaker": "Takada-san", "ja_sentence": "\u305d\u306e\u5834\u5408\u306f\u3001\u79c1\u3092\u542b\u3081\u4e8b\u52d9\u65b9\u304c\u7686\u69d8\u306e\u5f8c\u308d\u306b\u63a7\u3048\u3001\u30b5\u30dd\u30fc\u30c8\u3057\u307e\u3059\u306e\u3067\u3054\u5b89\u5fc3\u4e0b\u3055\u3044\u3002", "en_sentence": "In that case, we will have a team of admins including myself in the back to support you so please don't worry."}, {"no": 19, "ja_speaker": "\u8352\u5ddd\u3055\u3093", "en_speaker": "Arakawa-san", "ja_sentence": "\u57fa\u672c\u7684\u306b\u682a\u4e3b\u3055\u3093\u304b\u3089\u306e\u8cea\u554f\u306b\u3064\u3044\u3066\u306f\u3001\u8b70\u9577\u3067\u3042\u308b\u79c1\u304c\u56de\u7b54\u3059\u3079\u304d\u3068\u601d\u3063\u3066\u3044\u308b\u3088\u3002", "en_sentence": "I think I should generally be answering the questions from the shareholders as I am the chairman."}, {"no": 20, "ja_speaker": "\u8352\u5ddd\u3055\u3093", "en_speaker": "Arakawa-san", "ja_sentence": "\u3067\u3082\u3001\u682a\u4e3b\u3055\u3093\u304b\u3089\u3001\u7279\u5b9a\u306e\u53d6\u7de0\u5f79\u3092\u6307\u540d\u3057\u3066\u56de\u7b54\u8981\u6c42\u3055\u308c\u305f\u5834\u5408\u306f\u3069\u3046\u3059\u308c\u3070\u3044\u3044\uff1f", "en_sentence": "But what should we do if the shareholders would like the questions answered by a specific director?"}, {"no": 21, "ja_speaker": "\u80fd\u52e2\u3055\u3093", "en_speaker": "Nose-san", "ja_sentence": "\u3082\u3061\u308d\u3093\u3001\u6307\u540d\u3055\u308c\u305f\u53d6\u7de0\u5f79\u304c\u3042\u308b\u7a0b\u5ea6\u8aac\u660e\u3059\u308b\u65b9\u304c\u8aa0\u610f\u306f\u4f1d\u308f\u308a\u307e\u3059\u3002", "en_sentence": "I think it will be more sincere if the specified director can explain it to an extent of course."}, {"no": 22, "ja_speaker": "\u80fd\u52e2\u3055\u3093", "en_speaker": "Nose-san", "ja_sentence": "\u3057\u304b\u3057\u3001\u8b70\u9577\u304c\u76f4\u63a5\u7b54\u3048\u305f\u65b9\u304c\u3088\u3044\u3001\u3068\u5224\u65ad\u3067\u304d\u308b\u5834\u5408\u306f\u3001\u8b70\u9577\u3067\u6b62\u3081\u3066\u3057\u307e\u3063\u3066\u3082\u69cb\u3044\u307e\u305b\u3093\u3002", "en_sentence": "But if you can judge that the chairman should answer directly, you can stop them."}, {"no": 23, "ja_speaker": "\u80fd\u52e2\u3055\u3093", "en_speaker": "Nose-san", "ja_sentence": "\u305d\u306e\u5834\u6b21\u7b2c\u3067\u3059\u3002", "en_sentence": "It will depend on the situation."}, {"no": 24, "ja_speaker": "\u80fd\u52e2\u3055\u3093", "en_speaker": "Nose-san", "ja_sentence": "\u4e00\u65e6\u3001\u6307\u540d\u3055\u308c\u305f\u53d6\u7de0\u5f79\u304c\u56de\u7b54\u3057\u3066\u3001\u305d\u306e\u5f8c\u306b\u8b70\u9577\u304b\u3089\u88dc\u8db3\u3059\u308b\u65b9\u6cd5\u3082\u3088\u308d\u3057\u3044\u304b\u3068\u3002", "en_sentence": "I think another idea would be to have the specified director answer first then the chairman can provide a follow-up after."}, {"no": 25, "ja_speaker": "\u8352\u5ddd\u3055\u3093", "en_speaker": "Arakawa-san", "ja_sentence": "\u308f\u304b\u308a\u307e\u3057\u305f\u3001\u305d\u306e\u65b9\u5411\u3067\u3044\u3053\u3046\u3002", "en_sentence": "Okay, let's go with that."}, {"no": 26, "ja_speaker": "\u9ad8\u7530\u3055\u3093", "en_speaker": "Takada-san", "ja_sentence": "\u305d\u308c\u3067\u306f\u3001\u5b9f\u969b\u306b\u4e00\u5ea6\u901a\u3057\u3067\u30ea\u30cf\u30fc\u30b5\u30eb\u3057\u3066\u307f\u305f\u3044\u3068\u601d\u3044\u307e\u3059\u3002", "en_sentence": "Okay, I'd like to actually do a rehearsal and go through the whole thing."}, {"no": 27, "ja_speaker": "\u9ad8\u7530\u3055\u3093", "en_speaker": "Takada-san", "ja_sentence": "\u30b7\u30ca\u30ea\u30aa\u901a\u308a\u9032\u3081\u3066\u3044\u305f\u3060\u3044\u3066\u3001\u8cea\u7591\u5fdc\u7b54\u3082\u884c\u3044\u307e\u3059\u3002", "en_sentence": "We will go according to the scenario and also do questions and answers."}, {"no": 28, "ja_speaker": "\u9ad8\u7530\u3055\u3093", "en_speaker": "Takada-san", "ja_sentence": "\u79c1\u3068\u80fd\u52e2\u3055\u3093\u304c\u682a\u4e3b\u5f79\u3068\u306a\u3063\u3066\u3001\u8cea\u554f\u3092\u3057\u307e\u3059\u3002", "en_sentence": "Nose-san and I will be the shareholders and will ask questions."}, {"no": 29, "ja_speaker": "\u9ad8\u7530\u3055\u3093", "en_speaker": "Takada-san", "ja_sentence": "\u5fc5\u305a\u3057\u3082\u60f3\u5b9a\u554f\u7b54\u96c6\u901a\u308a\u306b\u8cea\u554f\u3059\u308b\u8a33\u3067\u306f\u3042\u308a\u307e\u305b\u3093\u306e\u3067\u3001\u3054\u4e86\u627f\u304f\u3060\u3055\u3044\u3002", "en_sentence": "Please note that the questions may not be exactly what is on the anticipated questions list."}, {"no": 30, "ja_speaker": "\u8352\u5ddd\u3055\u3093", "en_speaker": "Arakawa-san", "ja_sentence": "\u541b\u3089\u304c\u682a\u4e3b\u5f79\u3060\u3068\u3001\u672c\u756a\u4ee5\u4e0a\u306b\u8f9b\u8fa3\u306a\u8cea\u554f\u3092\u6d74\u3073\u308b\u3053\u3068\u306b\u306a\u308a\u305d\u3046\u3060\u306d\u3002", "en_sentence": "If you guys are the shareholders, I think we will be showered with tougher questions than the real thing."}, {"no": 31, "ja_speaker": "\u9ad8\u7530\u3055\u3093", "en_speaker": "Takada-san", "ja_sentence": "\u305d\u306e\u65b9\u304c\u3001\u7dca\u5f35\u611f\u304c\u3042\u3063\u3066\u3088\u308d\u3057\u3044\u3067\u3057\u3087\u3046\uff1f", "en_sentence": "It will feel more tense in a good way, right?"}, {"no": 32, "ja_speaker": "\u8352\u5ddd\u3055\u3093", "en_speaker": "Arakawa-san", "ja_sentence": "\u304a\u624b\u67d4\u3089\u304b\u306b\u983c\u3080\u3088\u3002", "en_sentence": "Please go easy on us."}, {"no": 33, "ja_speaker": "\u9ad8\u7530\u3055\u3093", "en_speaker": "Takada-san", "ja_sentence": "\u3075\u3075\u3001\u305d\u308c\u3067\u306f\u7279\u8a13\u306b\u306a\u308a\u307e\u305b\u3093\u3088\uff1f", "en_sentence": "Well, that won't be good practice!"}, {"no": 34, "ja_speaker": "\u9ad8\u7530\u3055\u3093", "en_speaker": "Takada-san", "ja_sentence": "\u3067\u306f\u7686\u69d8\u3001\u4f1a\u8b70\u5ba4\u306e\u30c9\u30a2\u3092\u672c\u756a\u4f1a\u5834\u306e\u5165\u308a\u53e3\u3068\u601d\u3063\u3066\u3001\u5165\u5834\u304b\u3089\u30b9\u30bf\u30fc\u30c8\u3057\u3066\u304f\u3060\u3055\u3044\u3002", "en_sentence": "Alright, let's pretend the door of the meeting room is the entrance of the venue on the day and start from there."}, {"no": 35, "ja_speaker": "\u9ad8\u7530\u3055\u3093", "en_speaker": "Takada-san", "ja_sentence": "\u305d\u308c\u3067\u306f\u3001\u59cb\u3081\u305f\u3044\u3068\u601d\u3044\u307e\u3059\u306e\u3067\u3001\u3088\u308d\u3057\u304f\u304a\u9858\u3044\u3057\u307e\u3059\u3002", "en_sentence": "Okay, I'd like to start now so let's go."}]}, {"id": "190329_J06_10", "tag": "meeting", "title": "\u682a\u4e3b\u7dcf\u4f1a\u306b\u95a2\u3059\u308b\u5f79\u54e1\u5411\u3051\u8aac\u660e\uff08\uff11\uff09", "original_language": "ja", "conversation": [{"no": 1, "ja_speaker": "\u53cb\u4e95\u3055\u3093", "en_speaker": "Tomoi-san", "ja_sentence": "\u5168\u54e1\u304a\u63c3\u3044\u306e\u3088\u3046\u306a\u306e\u3067\u3001\u3053\u308c\u304b\u3089\u682a\u4e3b\u7dcf\u4f1a\u306b\u95a2\u3059\u308b\u5f79\u54e1\u30df\u30fc\u30c6\u30a3\u30f3\u30b0\u3092\u59cb\u3081\u307e\u3059\u3002", "en_sentence": "It seems everyone is here so let's start the executive meeting in regards to the general meeting of shareholders now."}, {"no": 2, "ja_speaker": "\u53cb\u4e95\u3055\u3093", "en_speaker": "Tomoi-san", "ja_sentence": "\u3058\u3083\u3042\u3001\u9ad8\u7530\u3001\u9032\u3081\u3066\u3082\u3089\u3048\u308b\u304b\u306a\u3002", "en_sentence": "Okay, can you proceed with this Takada?"}, {"no": 3, "ja_speaker": "\u9ad8\u7530\u3055\u3093", "en_speaker": "Takada-san", "ja_sentence": "\u306f\u3044\u3001\u305d\u308c\u3067\u306f\u3053\u308c\u3088\u308a\u79c1\u304c\u9032\u3081\u3055\u305b\u3066\u3044\u305f\u3060\u304d\u307e\u3059\u3002", "en_sentence": "Yes, I will be proceeding this."}, {"no": 4, "ja_speaker": "\u9ad8\u7530\u3055\u3093", "en_speaker": "Takada-san", "ja_sentence": "\u307e\u305a\u59cb\u3081\u306b\u3001M\u4fe1\u8a17\u9280\u884c\u306e\u80fd\u52e2\u3055\u3093\u3088\u308a\u3001\u4eca\u671f\u306e\u5404\u793e\u306e\u7dcf\u4f1a\u306b\u304a\u3051\u308b\u50be\u5411\u7b49\u306b\u3064\u3044\u3066\u304a\u8a71\u3044\u305f\u3060\u304d\u307e\u3059\u3002", "en_sentence": "First of all, we will have Nose-san from Trust Company M to talk about the trends of the general meetings of each company this quarter."}, {"no": 5, "ja_speaker": "\u9ad8\u7530\u3055\u3093", "en_speaker": "Takada-san", "ja_sentence": "\u80fd\u52e2\u3055\u3093\u3001\u3088\u308d\u3057\u304f\u304a\u9858\u3044\u81f4\u3057\u307e\u3059\u3002", "en_sentence": "Nose, please go ahead."}, {"no": 6, "ja_speaker": "\u80fd\u52e2\u3055\u3093", "en_speaker": "Nose-san", "ja_sentence": "\u7686\u69d8\u3001\u304a\u306f\u3088\u3046\u3054\u3056\u3044\u307e\u3059\u3002", "en_sentence": "Good morning everyone."}, {"no": 7, "ja_speaker": "\u80fd\u52e2\u3055\u3093", "en_speaker": "Nose-san", "ja_sentence": "\u4eca\u5e74\u3082\u5fa1\u793e\u306e\u7dcf\u4f1a\u306e\u304a\u624b\u4f1d\u3044\u3092\u3055\u305b\u3066\u3044\u305f\u3060\u304d\u307e\u3059\u3001M\u4fe1\u8a17\u9280\u884c\u306e\u80fd\u52e2\u3067\u3059\u3002", "en_sentence": "My name is Nose from Trust Company M and I will be helping out with your company's general meeting this year again."}, {"no": 8, "ja_speaker": "\u80fd\u52e2\u3055\u3093", "en_speaker": "Nose-san", "ja_sentence": "\u3069\u3046\u305e\u3001\u3088\u308d\u3057\u304f\u304a\u9858\u3044\u81f4\u3057\u307e\u3059\u3002", "en_sentence": "I look forward to working with you."}, {"no": 9, "ja_speaker": "\u80fd\u52e2\u3055\u3093", "en_speaker": "Nose-san", "ja_sentence": "\u4eca\u3001\u9ad8\u7530\u3055\u3093\u304b\u3089\u304a\u8a71\u304c\u3042\u308a\u307e\u3057\u305f\u901a\u308a\u3001\u307e\u305a\u306f\u6700\u8fd1\u306e\u7dcf\u4f1a\u904b\u55b6\u306b\u95a2\u3059\u308b\u52d5\u5411\u306a\u3069\u3092\u304a\u8a71\u3057\u307e\u3059\u3002", "en_sentence": "As Takada-san mentioned earlier, I will be talking about the trend and such in regards to running the general meeting."}, {"no": 10, "ja_speaker": "\u80fd\u52e2\u3055\u3093", "en_speaker": "Nose-san", "ja_sentence": "\u307e\u305f\u3001\u7279\u306b\u5fa1\u793e\u306e\u72b6\u6cc1\u3092\u9451\u307f\u305f\u4e0a\u3067\u306e\u30dd\u30a4\u30f3\u30c8\u7b49\u3082\u304a\u8a71\u3067\u304d\u308c\u3070\u3068\u601d\u3044\u307e\u3059\u306e\u3067\u3001\u3088\u308d\u3057\u304f\u304a\u9858\u3044\u3057\u307e\u3059\u3002", "en_sentence": "Also, I am especially hoping to talk about the situation from your company's perspective so I look forward to working with you."}, {"no": 11, "ja_speaker": "\u80fd\u52e2\u3055\u3093", "en_speaker": "Nose-san", "ja_sentence": "\u3067\u306f\u3001\u6700\u521d\u306b\u4eca\u671f\u306e\u4ed6\u793e\u69d8\u306b\u304a\u3051\u308b\u7dcf\u4f1a\u306e\u73fe\u72b6\u306b\u3064\u3044\u3066\u304a\u8a71\u3057\u307e\u3059\u3002", "en_sentence": "So I will first talk about the situation of general meetings at other companies this quarter."}, {"no": 12, "ja_speaker": "\u80fd\u52e2\u3055\u3093", "en_speaker": "Nose-san", "ja_sentence": "\u79c1\u306e\u5370\u8c61\u3068\u3057\u307e\u3057\u3066\u306f\u3001\u4eca\u671f\u306f\u5168\u4f53\u7684\u306b\u304a\u3068\u306a\u3057\u3044\u7dcf\u4f1a\u304c\u591a\u304b\u3063\u305f\u306a\u3068\u3002", "en_sentence": "My impression is that there were a lot of meek general meetings overall this quarter."}, {"no": 13, "ja_speaker": "\u80fd\u52e2\u3055\u3093", "en_speaker": "Nose-san", "ja_sentence": "\u4eca\u671f\u306f\u696d\u7e3e\u304c\u826f\u3044\u5b89\u5b9a\u3057\u3066\u3044\u305f\u4f01\u696d\u304c\u591a\u304b\u3063\u305f\u304b\u3089\u3001\u3068\u3044\u3046\u306e\u304c\u5927\u304d\u306a\u7406\u7531\u3067\u3057\u3087\u3046\u304b\u3002", "en_sentence": "There were a lot of companies whose performance were good and stable this quarter so that's is probably the big reason."}, {"no": 14, "ja_speaker": "\u80fd\u52e2\u3055\u3093", "en_speaker": "Nose-san", "ja_sentence": "\u6642\u9593\u3082\uff11\u6642\u9593\u7a0b\u5ea6\u3067\u7d42\u4e86\u3059\u308b\u4f01\u696d\u69d8\u304c\u591a\u304f\u3001\u8cea\u7591\u5fdc\u7b54\u3082\u975e\u5e38\u306b\u30b9\u30e0\u30fc\u30ba\u3067\u3057\u305f\u3002", "en_sentence": "There were many companies who finished in around 1 hour and the questions and answers went very smoothly."}, {"no": 15, "ja_speaker": "\u80fd\u52e2\u3055\u3093", "en_speaker": "Nose-san", "ja_sentence": "\u3057\u304b\u3057\u3001\u4e00\u90e8\u3001\u7279\u306b\u696d\u7e3e\u306e\u4e0b\u65b9\u4fee\u6b63\u306a\u3069\u3001\u30cd\u30ac\u30c6\u30a3\u30d6\u306a\u767a\u8868\u3092\u3057\u3066\u3044\u308b\u4f01\u696d\u306b\u304a\u3044\u3066\u306f\u3001\u304b\u306a\u308a\u7a81\u3063\u8fbc\u3093\u3060\u682a\u4e3b\u8cea\u554f\u304c\u3042\u308a\u307e\u3057\u305f\u3002", "en_sentence": "However, in regards to some companies that made negative announcements like decreasing performance faced very detailed questions from shareholders."}, {"no": 16, "ja_speaker": "\u80fd\u52e2\u3055\u3093", "en_speaker": "Nose-san", "ja_sentence": "\u305d\u308c\u3089\u306f\u4e8b\u524d\u306b\u3042\u308b\u7a0b\u5ea6\u306e\u4e88\u6e2c\u304c\u3067\u304d\u307e\u3059\u306e\u3067\u3001\u8cea\u7591\u5fdc\u7b54\u306e\u5bfe\u7b56\u3092\u305f\u3066\u3066\u304a\u3051\u3070\u3001\u3055\u307b\u3069\u5fc3\u914d\u306f\u306a\u3044\u3068\u601d\u308f\u308c\u307e\u3059\u3002", "en_sentence": "I think those can be somewhat predicted beforehand so as long as we prepare for the questions and answers then I don't think we need to worry about it that much."}, {"no": 17, "ja_speaker": "\u80fd\u52e2\u3055\u3093", "en_speaker": "Nose-san", "ja_sentence": "\u3055\u3066\u3001\u6b21\u306b\u5fa1\u793e\u306b\u3064\u3044\u3066\u3067\u3059\u3002", "en_sentence": "Now, next is in regards to your company."}, {"no": 18, "ja_speaker": "\u80fd\u52e2\u3055\u3093", "en_speaker": "Nose-san", "ja_sentence": "\u682a\u4e3b\u6570\u306b\u3064\u3044\u3066\u306f\u5b89\u5b9a\u3057\u3066\u304a\u308a\u307e\u3059\u3002", "en_sentence": "Your company's number of shareholders are stable."}, {"no": 19, "ja_speaker": "\u80fd\u52e2\u3055\u3093", "en_speaker": "Nose-san", "ja_sentence": "\u307e\u305f\u3001\u682a\u4e3b\u540d\u7c3f\u3092\u78ba\u8a8d\u3057\u307e\u3057\u305f\u304c\u3001\u8981\u6ce8\u610f\u4eba\u7269\u3084\u4f01\u696d\u540d\u3082\u306a\u3044\u3088\u3046\u3067\u3059\u306e\u3067\u3001\u3072\u3068\u5b89\u5fc3\u3057\u3066\u3044\u307e\u3059\u3002", "en_sentence": "And I checked the register of shareholders and there were no people or company that are suspicious so I'm relieved for now."}, {"no": 20, "ja_speaker": "\u80fd\u52e2\u3055\u3093", "en_speaker": "Nose-san", "ja_sentence": "\u5fc3\u914d\u4e8b\u3068\u3057\u3066\u306f\u3001\u671f\u4e2d\u306b\u696d\u7e3e\u306e\u4e0b\u65b9\u4fee\u6b63\u3092\u3057\u3066\u3044\u307e\u3059\u306e\u3067\u3001\u696d\u7e3e\u95a2\u4fc2\u306e\u8cea\u7591\u304c\u591a\u3044\u304b\u306a\u3068\u3002", "en_sentence": "The thing I am worried about is that the performance has dropped this quarter so there will probably be a lot of questions in relation to the performance."}, {"no": 21, "ja_speaker": "\u80fd\u52e2\u3055\u3093", "en_speaker": "Nose-san", "ja_sentence": "\u307e\u305f\u3001\u65b0\u4efb\u3068\u306a\u308b\u53d6\u7de0\u5f79\u306e\u65b9\u3078\u306e\u8cea\u554f\u3082\u4e88\u6e2c\u3055\u308c\u307e\u3059\u3002", "en_sentence": "Also, I anticipate there will be questions for the newly appointed director."}, {"no": 22, "ja_speaker": "\u80fd\u52e2\u3055\u3093", "en_speaker": "Nose-san", "ja_sentence": "\u3067\u3059\u306e\u3067\u3001\u696d\u7e3e\u5468\u308a\u3068\u65b0\u4efb\u53d6\u7de0\u5f79\u306b\u95a2\u3059\u308b\u8cea\u7591\u5fdc\u7b54\u306f\u3057\u3063\u304b\u308a\u3054\u6e96\u5099\u3055\u308c\u305f\u65b9\u304c\u3088\u308d\u3057\u3044\u304b\u3068\u601d\u3044\u307e\u3059\u3002", "en_sentence": "So I think we should thoroughly prepare for the questions and answers in regards to performance and the newly appointed director."}, {"no": 23, "ja_speaker": "\u80fd\u52e2\u3055\u3093", "en_speaker": "Nose-san", "ja_sentence": "\u4eca\u56de\u306e\u7dcf\u4f1a\u3067\u7279\u306b\u6c17\u306b\u3057\u3066\u304a\u304f\u3053\u3068\u306f\u3001\u3053\u306e\u304f\u3089\u3044\u304b\u306a\u3068\u601d\u3044\u307e\u3059\u3002", "en_sentence": "I think this is about it for things we should keep note of for this general meeting."}, {"no": 24, "ja_speaker": "\u9ad8\u7530\u3055\u3093", "en_speaker": "Takada-san", "ja_sentence": "\u3042\u308a\u304c\u3068\u3046\u3054\u3056\u3044\u307e\u3059\u3002", "en_sentence": "Thank you very much."}, {"no": 25, "ja_speaker": "\u9ad8\u7530\u3055\u3093", "en_speaker": "Takada-san", "ja_sentence": "\u6b21\u306b\u3001\u5177\u4f53\u7684\u306b\u7dcf\u4f1a\u5f53\u65e5\u307e\u3067\u306e\u30b9\u30b1\u30b8\u30e5\u30fc\u30eb\u3092\u79c1\u304b\u3089\u3054\u8aac\u660e\u3057\u307e\u3059\u3002", "en_sentence": "Next, I will be explaining the the exact schedule up until the day of the general meeting."}, {"no": 26, "ja_speaker": "\u9ad8\u7530\u3055\u3093", "en_speaker": "Takada-san", "ja_sentence": "\u305d\u308c\u3067\u306f\u3001\u4e8b\u524d\u306b\u30e1\u30fc\u30eb\u306b\u6dfb\u4ed8\u3057\u305f\u8cc7\u6599\u3092\u3054\u89a7\u304f\u3060\u3055\u3044\u3002", "en_sentence": "Okay, please look at the material attached in the email I sent earlier."}]}, {"id": "190329_J06_09", "tag": "face-to-face conversation", "title": "\u4fe1\u8a17\u9280\u884c\u304b\u3089\u682a\u4e3b\u540d\u7c3f\u3092\u53d7\u9818", "original_language": "ja", "conversation": [{"no": 1, "ja_speaker": "\u9ad8\u7530\u3055\u3093", "en_speaker": "Takada-san", "ja_sentence": "\u4eca\u65e5\u306f\u308f\u3056\u308f\u3056\u6765\u3066\u3082\u3089\u3063\u3066\u3001\u3059\u307f\u307e\u305b\u3093\u3002", "en_sentence": "Thank you for coming all the way here today."}, {"no": 2, "ja_speaker": "\u80fd\u52e2\u3055\u3093", "en_speaker": "Nose-san", "ja_sentence": "\u3044\u3044\u3088\u3001\u76f4\u63a5\u4f1a\u3063\u3066\u8a71\u3057\u305f\u304b\u3063\u305f\u3057\u3002", "en_sentence": "It's okay, I wanted to talk to you in-person too."}, {"no": 3, "ja_speaker": "\u80fd\u52e2\u3055\u3093", "en_speaker": "Nose-san", "ja_sentence": "\u305d\u308c\u3067\u3001\u3053\u308c\u304c\u304a\u5f85\u3061\u304b\u306d\u306e\u682a\u4e3b\u540d\u7c3f\u3002", "en_sentence": "So here is the long-awaited register of shareholders."}, {"no": 4, "ja_speaker": "\u9ad8\u7530\u3055\u3093", "en_speaker": "Takada-san", "ja_sentence": "\u3042\u30fc\u3001\u3042\u308a\u304c\u3068\u3046\u3054\u3056\u3044\u307e\u3059\u3002", "en_sentence": "Ah, thank you very much."}, {"no": 5, "ja_speaker": "\u9ad8\u7530\u3055\u3093", "en_speaker": "Takada-san", "ja_sentence": "\u3069\u3046\u3067\u3059\u304b\u3001\u80fd\u52e2\u3055\u3093\u304b\u3089\u307f\u3066\u540d\u7c3f\u306e\u4e2d\u8eab\u306f\u3002", "en_sentence": "What do you think about the contents from your perspective, Nose-san?"}, {"no": 6, "ja_speaker": "\u80fd\u52e2\u3055\u3093", "en_speaker": "Nose-san", "ja_sentence": "\u307e\u3041\u3001\u682a\u4e3b\u6570\u3082\u5b89\u5b9a\u3057\u3066\u3044\u308b\u3057\u3001\u8981\u6ce8\u610f\u306e\u682a\u4e3b\u540d\u3082\u898b\u5f53\u305f\u3089\u306a\u3044\u304b\u3089\u306d\u3002", "en_sentence": "Well the number of shareholders is stable and I don't see any suspicious shareholder's name."}, {"no": 7, "ja_speaker": "\u80fd\u52e2\u3055\u3093", "en_speaker": "Nose-san", "ja_sentence": "\u3068\u308a\u3042\u3048\u305a\u306f\u3072\u3068\u5b89\u5fc3\u306a\u3093\u3058\u3083\u306a\u3044\uff1f", "en_sentence": "I think we can take a breather?"}, {"no": 8, "ja_speaker": "\u9ad8\u7530\u3055\u3093", "en_speaker": "Takada-san", "ja_sentence": "\u3067\u3059\u306d\u3002", "en_sentence": "Right."}, {"no": 9, "ja_speaker": "\u9ad8\u7530\u3055\u3093", "en_speaker": "Takada-san", "ja_sentence": "\u5f8c\u3067\u3058\u3063\u304f\u308a\u898b\u3055\u305b\u3066\u3082\u3089\u3044\u307e\u3059\u304c\u3001\u3071\u3063\u3068\u898b\u305f\u9650\u308a\u306f\u5927\u304d\u306a\u4e0d\u5b89\u8981\u7d20\u306f\u306a\u3055\u305d\u3046\u306a\u611f\u3058\u3067\u3059\u306d\u3002", "en_sentence": "I will take a closer look later but it doesn't seem there are any large concerns from the look of it."}, {"no": 10, "ja_speaker": "\u9ad8\u7530\u3055\u3093", "en_speaker": "Takada-san", "ja_sentence": "\u305d\u308c\u306b\u3057\u3066\u3082\u3001\u682a\u4e3b\u540d\u7c3f\u53d7\u3051\u3068\u308b\u3068\u3001\u671f\u672b\u884c\u4e8b\u304c\u6012\u6fe4\u306e\u3088\u3046\u306b\u62bc\u3057\u5bc4\u305b\u3066\u304f\u308b\u611f\u3058\u304c\u3057\u3066\u3002", "en_sentence": "Also, I get the feeling of being pressed with the wave of year end events when I get the register of shareholders."}, {"no": 11, "ja_speaker": "\u80fd\u52e2\u3055\u3093", "en_speaker": "Nose-san", "ja_sentence": "\u6c17\u304c\u91cd\u304f\u306a\u308b\uff1f", "en_sentence": "Feeling overwhelmed?"}, {"no": 12, "ja_speaker": "\u80fd\u52e2\u3055\u3093", "en_speaker": "Nose-san", "ja_sentence": "\u307e\u3041\u3001\u3057\u3087\u3046\u304c\u306a\u3044\u3088\u306d\u3002", "en_sentence": "Well, it can't be helped."}, {"no": 13, "ja_speaker": "\u80fd\u52e2\u3055\u3093", "en_speaker": "Nose-san", "ja_sentence": "\u6bce\u5e74\u306e\u4e8b\u3060\u3051\u3069\u3055\u3001\u3042\u3068\uff12\u30f6\u6708\u3001\u9811\u5f35\u3063\u3066\u4e57\u308a\u5207\u3089\u306a\u3044\u3068\u306d\u3002", "en_sentence": "It's an annual thing but we just have to work hard for the next 2 months and get through it."}, {"no": 14, "ja_speaker": "\u9ad8\u7530\u3055\u3093", "en_speaker": "Takada-san", "ja_sentence": "\u80fd\u52e2\u3055\u3093\u3001\u983c\u308a\u306b\u3057\u3066\u307e\u3059\u304b\u3089\u306d\u3001\u672c\u5f53\u306b\u3002", "en_sentence": "I am relying on you Nose-san, seriously."}, {"no": 15, "ja_speaker": "\u9ad8\u7530\u3055\u3093", "en_speaker": "Takada-san", "ja_sentence": "\u3068\u308a\u3042\u3048\u305a\u3001\u7dcf\u4f1a\u306e\u30b7\u30ca\u30ea\u30aa\u306f\u30c9\u30e9\u30d5\u30c8\u3092\u4f5c\u6210\u3059\u308b\u306e\u3067\u3001\u30c1\u30a7\u30c3\u30af\u304a\u9858\u3044\u3057\u3066\u3044\u3044\u3067\u3059\u304b\uff1f", "en_sentence": "Anyways, I will make a draft of the scenario for the general meeting so can I get you to check it?"}, {"no": 16, "ja_speaker": "\u9ad8\u7530\u3055\u3093", "en_speaker": "Takada-san", "ja_sentence": "\u53bb\u5e74\u306e\u30b7\u30ca\u30ea\u30aa\u3092\u5143\u306b\u3001\u4eca\u5e74\u306e\u30d0\u30fc\u30b8\u30e7\u30f3\u3092\u4f5c\u308a\u307e\u3059\u3002", "en_sentence": "I will be making this year's version based on last year's scenario."}, {"no": 17, "ja_speaker": "\u80fd\u52e2\u3055\u3093", "en_speaker": "Nose-san", "ja_sentence": "\u65e5\u7a0b\u7684\u306b\u305d\u3093\u306a\u306b\u7126\u3089\u306a\u304f\u3066\u3082\u5927\u4e08\u592b\u3067\u3057\u3087\uff1f", "en_sentence": "You don't have to rush that much in terms of time, right?"}, {"no": 18, "ja_speaker": "\u9ad8\u7530\u3055\u3093", "en_speaker": "Takada-san", "ja_sentence": "\u305d\u3046\u3067\u3059\u306d\u3001\u307e\u305a\u306f\u6c7a\u7b97\u767a\u8868\u304c\u3042\u308a\u307e\u3059\u3057\u306d\u3002", "en_sentence": "Yeah, there is the announcement of financial results first."}, {"no": 19, "ja_speaker": "\u9ad8\u7530\u3055\u3093", "en_speaker": "Takada-san", "ja_sentence": "\u3068\u308a\u3042\u3048\u305a\u3001\u7dcf\u4f1a\u5468\u308a\u306e\u30b9\u30b1\u30b8\u30e5\u30fc\u30eb\u306f\u3053\u306e\u8cc7\u6599\u306e\u901a\u308a\u3067\u3059\u306e\u3067\u3001\u9806\u6b21\u7528\u610f\u3057\u3066\u3044\u304d\u307e\u3059\u3002", "en_sentence": "First, the schedule around the general meeting is as shown in this document so I will prepare accordingly."}, {"no": 20, "ja_speaker": "\u9ad8\u7530\u3055\u3093", "en_speaker": "Takada-san", "ja_sentence": "\u5fc5\u8981\u66f8\u985e\u306f\u51fa\u6765\u6b21\u7b2c\u3001\u80fd\u52e2\u3055\u3093\u306b\u30c1\u30a7\u30c3\u30af\u3057\u3066\u3082\u3089\u304a\u3046\u3068\u601d\u3063\u3066\u3044\u308b\u306e\u3067\u3088\u308d\u3057\u304f\u304a\u9858\u3044\u3057\u307e\u3059\u3002", "en_sentence": "I am thinking of having Nose-san check the required documents once they are done so please help me out."}, {"no": 21, "ja_speaker": "\u80fd\u52e2\u3055\u3093", "en_speaker": "Nose-san", "ja_sentence": "\u4e86\u89e3\u3002", "en_sentence": "Okay."}, {"no": 22, "ja_speaker": "\u9ad8\u7530\u3055\u3093", "en_speaker": "Takada-san", "ja_sentence": "\u3042\u3068\u3001\u7dcf\u4f1a\u306b\u5411\u3051\u305f\u5f79\u54e1\u5411\u3051\u306e\u30ec\u30af\u30c1\u30e3\u30fc\u3068\u8cea\u7591\u5fdc\u7b54\u8a13\u7df4\u3001\u30ea\u30cf\u30fc\u30b5\u30eb\u306b\u3064\u3044\u3066\u3082\u30b9\u30b1\u30b8\u30e5\u30fc\u30eb\u8abf\u6574\u3057\u305f\u3044\u3093\u3067\u3059\u3051\u3069\u3002", "en_sentence": "Also, I also want to adjust the schedule for the rehearsal, questions and answers training and lectures for the executives for the general meeting."}, {"no": 23, "ja_speaker": "\u80fd\u52e2\u3055\u3093", "en_speaker": "Nose-san", "ja_sentence": "\u65e9\u3081\u306b\u5019\u88dc\u65e5\u3092\u7d5e\u3063\u3066\u3082\u3089\u3048\u308c\u3070\u3001\u5fa1\u793e\u306e\u5f79\u54e1\u3055\u3093\u306e\u90fd\u5408\u512a\u5148\u3067\u5927\u4e08\u592b\u3060\u3088\u3002", "en_sentence": "If you can narrow down some potential dates earlier, we can do it based on your company's executives availability."}, {"no": 24, "ja_speaker": "\u9ad8\u7530\u3055\u3093", "en_speaker": "Takada-san", "ja_sentence": "\u660e\u65e5\u4e2d\u306b\u306f\u8abf\u6574\u3057\u3066\u3001\u307e\u305f\u80fd\u52e2\u3055\u3093\u306b\u9023\u7d61\u3057\u307e\u3059\u306d\u3002", "en_sentence": "I will check the schedule by the end of tomorrow and contact you, Nose-san."}, {"no": 25, "ja_speaker": "\u80fd\u52e2\u3055\u3093", "en_speaker": "Nose-san", "ja_sentence": "\u660e\u65e5\u3001\u5348\u524d\u4e2d\u306f\u5916\u51fa\u3057\u3066\u3044\u308b\u3088\u3002", "en_sentence": "I will be out tomorrow morning."}, {"no": 26, "ja_speaker": "\u80fd\u52e2\u3055\u3093", "en_speaker": "Nose-san", "ja_sentence": "\u30e1\u30fc\u30eb\u3067\u9023\u7d61\u3082\u3089\u3048\u308c\u3070\u3001\u78ba\u8a8d\u5f8c\u306b\u96fb\u8a71\u3059\u308b\u3088\u3002", "en_sentence": "If you send me an email, I can call you after I review it."}, {"no": 27, "ja_speaker": "\u9ad8\u7530\u3055\u3093", "en_speaker": "Takada-san", "ja_sentence": "\u3088\u308d\u3057\u304f\u304a\u9858\u3044\u3057\u307e\u3059\u3002", "en_sentence": "Thank you very much."}]}, {"id": "190329_J06_08", "tag": "face-to-face conversation", "title": "\u682a\u4e3b\u7dcf\u4f1a\u3078\u306e\u81e8\u5834\u8981\u8acb", "original_language": "ja", "conversation": [{"no": 1, "ja_speaker": "\u9ad8\u7530\u3055\u3093", "en_speaker": "Takada-san", "ja_sentence": "\u672c\u65e5\u306f\u304a\u5fd9\u3057\u3044\u4e2d\u3001\u304a\u6642\u9593\u9802\u304d\u307e\u3057\u3066\u3042\u308a\u304c\u3068\u3046\u3054\u3056\u3044\u307e\u3059\u3002", "en_sentence": "Thank you very much for your time out of your busy schedule today."}, {"no": 2, "ja_speaker": "\u9ad8\u7530\u3055\u3093", "en_speaker": "Takada-san", "ja_sentence": "I\u793e\u3001\u5e83\u5831IR\u5ba4\u306e\u9ad8\u7530\u3068\u7533\u3057\u307e\u3059\u3002", "en_sentence": "My name is Takada and I am in the Public Relations IR Office of Company I."}, {"no": 3, "ja_speaker": "\u9ad8\u7530\u3055\u3093", "en_speaker": "Takada-san", "ja_sentence": "\u4eca\u56de\u306e\u682a\u4e3b\u7dcf\u4f1a\u958b\u50ac\u306b\u3064\u3044\u3066\u4e8b\u52d9\u65b9\u3092\u62c5\u5f53\u3057\u3066\u304a\u308a\u307e\u3059\u3002", "en_sentence": "I am in charge of administration for the general meeting of shareholders this time."}, {"no": 4, "ja_speaker": "\u591a\u7530\u3055\u3093", "en_speaker": "Tada-san", "ja_sentence": "\u308f\u3056\u308f\u3056\u304a\u8d8a\u3057\u3044\u305f\u3060\u3044\u3066\u3001\u3059\u307f\u307e\u305b\u3093\u306d\u3002", "en_sentence": "Sorry for having you come all the way over here."}, {"no": 5, "ja_speaker": "\u9ad8\u7530\u3055\u3093", "en_speaker": "Takada-san", "ja_sentence": "\u3068\u3093\u3067\u3082\u3054\u3056\u3044\u307e\u305b\u3093\u3002", "en_sentence": "Not at all."}, {"no": 6, "ja_speaker": "\u9ad8\u7530\u3055\u3093", "en_speaker": "Takada-san", "ja_sentence": "\u65e9\u901f\u3067\u3059\u304c\u3001\u3053\u3061\u3089\u304c\u682a\u4e3b\u7dcf\u4f1a\u3078\u306e\u81e8\u5834\u8981\u8acb\u66f8\u306b\u306a\u308a\u307e\u3059\u3002", "en_sentence": "Without further ado, this is the presence request for the general meeting of shareholders."}, {"no": 7, "ja_speaker": "\u9ad8\u7530\u3055\u3093", "en_speaker": "Takada-san", "ja_sentence": "\u3069\u3046\u305e\u3001\u304a\u76ee\u901a\u3057\u304f\u3060\u3055\u3044\u3002", "en_sentence": "Please review it."}, {"no": 8, "ja_speaker": "\u591a\u7530\u3055\u3093", "en_speaker": "Tada-san", "ja_sentence": "\u306f\u3044\u3002", "en_sentence": "Okay."}, {"no": 9, "ja_speaker": "\u591a\u7530\u3055\u3093", "en_speaker": "Tada-san", "ja_sentence": "\u3048\u3063\u3068\u3001\uff11\uff12\u6708\uff12\uff12\u65e5\u706b\u66dc\u65e5\u306e\u5348\u524d\uff11\uff10\u6642\u304b\u3089\u958b\u59cb\u306a\u306e\u306d\u3002", "en_sentence": "So it starts from 10 o'clock in the morning on Tuesday December 22."}, {"no": 10, "ja_speaker": "\u9ad8\u7530\u3055\u3093", "en_speaker": "Takada-san", "ja_sentence": "\u306f\u3044\u3001\u305d\u3046\u3067\u3059\u3002", "en_sentence": "Yes, that's right."}, {"no": 11, "ja_speaker": "\u591a\u7530\u3055\u3093", "en_speaker": "Tada-san", "ja_sentence": "\u4f8b\u5e74\u3069\u308c\u304f\u3089\u3044\u682a\u4e3b\u306f\u51fa\u5e2d\u3057\u3066\u3044\u308b\uff1f", "en_sentence": "In the past years, how many shareholders attended it?"}, {"no": 12, "ja_speaker": "\u9ad8\u7530\u3055\u3093", "en_speaker": "Takada-san", "ja_sentence": "\u6570\u5341\u540d\u7a0b\u5ea6\u3067\u3059\u3002", "en_sentence": "Around ten people."}, {"no": 13, "ja_speaker": "\u9ad8\u7530\u3055\u3093", "en_speaker": "Takada-san", "ja_sentence": "\u4eba\u6570\u7684\u306b\u306f\u591a\u304f\u306f\u306a\u3044\u3068\u601d\u3063\u3066\u3044\u307e\u3059\u3002", "en_sentence": "I don't think it's a lot in terms of the number of people."}, {"no": 14, "ja_speaker": "\u591a\u7530\u3055\u3093", "en_speaker": "Tada-san", "ja_sentence": "\u8981\u6ce8\u610f\u4eba\u7269\u306f\u3069\u3046\uff1f", "en_sentence": "What about the people on the blacklist."}, {"no": 15, "ja_speaker": "\u9ad8\u7530\u3055\u3093", "en_speaker": "Takada-san", "ja_sentence": "\u4fe1\u8a17\u9280\u884c\u304b\u3089\u53d7\u9818\u3057\u305f\u682a\u4e3b\u540d\u7c3f\u3092\u898b\u3066\u78ba\u8a8d\u3057\u305f\u9650\u308a\u3067\u3059\u304c\u3001\u540d\u7c3f\u4e0a\u306b\u8981\u6ce8\u610f\u682a\u4e3b\u306f\u898b\u53d7\u3051\u3089\u308c\u307e\u305b\u3093\u3067\u3057\u305f\u3002", "en_sentence": "I had checked the register of shareholders received from the trust company but I did not see anyone on the blacklist on the register."}, {"no": 16, "ja_speaker": "\u591a\u7530\u3055\u3093", "en_speaker": "Tada-san", "ja_sentence": "\u306a\u308b\u307b\u3069\u306d\u3002", "en_sentence": "I see."}, {"no": 17, "ja_speaker": "\u591a\u7530\u3055\u3093", "en_speaker": "Tada-san", "ja_sentence": "\u4eca\u306e\u3068\u3053\u308d\u3001\u3055\u307b\u3069\u5fc3\u914d\u3057\u306a\u304f\u3066\u3082\u5927\u4e08\u592b\u306a\u306e\u304b\u306a\u3002", "en_sentence": "So far, I don't think we have to worry too much."}, {"no": 18, "ja_speaker": "\u9ad8\u7530\u3055\u3093", "en_speaker": "Takada-san", "ja_sentence": "\u305d\u3046\u7948\u3063\u3066\u3044\u308b\u3068\u3053\u308d\u3067\u3059\u3002", "en_sentence": "I hope so."}, {"no": 19, "ja_speaker": "\u591a\u7530\u3055\u3093", "en_speaker": "Tada-san", "ja_sentence": "\u3058\u3083\u3001\u3068\u308a\u3042\u3048\u305a\u3001\u682a\u4e3b\u7dcf\u4f1a\u5f53\u65e5\u306f\u3053\u3061\u3089\u304b\u3089\uff12\u540d\u306e\u8b66\u5bdf\u5b98\u3092\u6d3e\u9063\u3057\u307e\u3059\u3002", "en_sentence": "Okay, anyways, we will send 2 police officers from our side to the general meeting of shareholders on the day."}, {"no": 20, "ja_speaker": "\u9ad8\u7530\u3055\u3093", "en_speaker": "Takada-san", "ja_sentence": "\u3042\u308a\u304c\u3068\u3046\u3054\u3056\u3044\u307e\u3059\u3002", "en_sentence": "Thank you very much."}, {"no": 21, "ja_speaker": "\u591a\u7530\u3055\u3093", "en_speaker": "Tada-san", "ja_sentence": "\u5348\u524d\uff19\u6642\u534a\u304f\u3089\u3044\u306b\u3001\u53d7\u4ed8\u3067\u58f0\u3092\u639b\u3051\u3055\u305b\u307e\u3059\u306e\u3067\u3002", "en_sentence": "I will have them speak to your reception around 9:30 in the morning."}, {"no": 22, "ja_speaker": "\u9ad8\u7530\u3055\u3093", "en_speaker": "Takada-san", "ja_sentence": "\u4e86\u89e3\u3057\u307e\u3057\u305f\u3002", "en_sentence": "Okay."}, {"no": 23, "ja_speaker": "\u9ad8\u7530\u3055\u3093", "en_speaker": "Takada-san", "ja_sentence": "\u7dcf\u4f1a\u958b\u59cb\uff11\uff10\u5206\u524d\u307e\u3067\u306f\u3001\u79c1\u3082\u53d7\u4ed8\u3067\u5f85\u6a5f\u3057\u3066\u304a\u308a\u307e\u3059\u306e\u3067\u304a\u58f0\u639b\u3051\u304f\u3060\u3055\u3044\u3002", "en_sentence": "I will be stationed at the reception ten minutes before the start of the general meeting so please let me know."}, {"no": 24, "ja_speaker": "\u591a\u7530\u3055\u3093", "en_speaker": "Tada-san", "ja_sentence": "\u306f\u3044\u3001\u308f\u304b\u308a\u307e\u3057\u305f\u3002", "en_sentence": "Okay, got it."}, {"no": 25, "ja_speaker": "\u9ad8\u7530\u3055\u3093", "en_speaker": "Takada-san", "ja_sentence": "\u305d\u308c\u3067\u306f\u3001\u5f53\u65e5\u3001\u3069\u3046\u305e\u3088\u308d\u3057\u304f\u304a\u9858\u3044\u81f4\u3057\u307e\u3059\u3002", "en_sentence": "Alright, then I look forward to working with you on the day."}]}]