<benchmark>
  <entries>
    <entry category="MeanOfTransportation" eid="Id1" size="5">
      <originaltripleset>
        <otriple>A-Rosa_Luna | builder | Rostock</otriple>
        <otriple>A-Rosa_Luna | topSpeed | "24.0"^^xsd:double</otriple>
        <otriple>A-Rosa_Luna | shipBuilder | "Neptun Werft, Warnemünde,"@en</otriple>
        <otriple>A-Rosa_Luna | shipDisplacement | "1850.0"^^&lt;http://dbpedia.org/datatype/tonne&gt;</otriple>
        <otriple>A-Rosa_Luna | MeanOfTransportation/length | "125800.0"^^&lt;http://dbpedia.org/datatype/millimetre&gt;</otriple>
      </originaltripleset>
      <originaltripleset>
        <otriple>A-Rosa_Luna | builder | Rostock</otriple>
        <otriple>A-Rosa_Luna | shipDisplacement | 1.85e+09</otriple>
        <otriple>A-Rosa_Luna | topSpeed | "24.0"^^xsd:double</otriple>
        <otriple>A-Rosa_Luna | shipBuilder | "Neptun Werft, Warnemünde,"@en</otriple>
        <otriple>A-Rosa_Luna | MeanOfTransportation/length | "125800.0"^^&lt;http://dbpedia.org/datatype/millimetre&gt;</otriple>
      </originaltripleset>
      <modifiedtripleset>
        <mtriple>A-Rosa_Luna | builder | Rostock</mtriple>
        <mtriple>A-Rosa_Luna | shipDisplacement | 1850.0 (tonnes)</mtriple>
        <mtriple>A-Rosa_Luna | topSpeed | 24.0</mtriple>
        <mtriple>A-Rosa_Luna | builder | "Neptun Werft, Warnemünde,"</mtriple>
        <mtriple>A-Rosa_Luna | length | 125800.0 (millimetres)</mtriple>
      </modifiedtripleset>
      <lex comment="good" lid="Id1">The A-Rosa Luna was built in Rostock by Neptun Werft, Warnemünde. At 125800.0 millimetres long, the A-Rosa Luna has a top speed of 24 km/h and a ship displacement of 1850 tonnes.</lex>
      <lex comment="good" lid="Id2">The A-Rosa Luna was built by Neptun Werft, Warnemunde in Rostock. It weighs 1850 tonnes has a top speed of 24.0 and a length of 125800mm.</lex>
      <lex comment="good" lid="Id3">The A-Rosa Luna was built by Neptun Werft, Warnemünde in Rostock. It has a ship displacement of 1850 tonnes, a top speed of 24 km/h and is 125800.0 mms in length.</lex>
    </entry>
    </entries>
</benchmark>