<benchmark>
  <entries>
    <entry category="Athlete" eid="Id1" shape="(X (X) (X (X)))" shape_type="mixed" size="3">
      <originaltripleset>
        <otriple>Aaron_Hunt | team | VfL_Wolfsburg</otriple>
        <otriple>VfL_Wolfsburg | manager | Dieter_Hecking</otriple>
        <otriple>Aaron_Hunt | clubs | SV_Werder_Bremen_II</otriple>
      </originaltripleset>
      <modifiedtripleset>
        <mtriple>Aaron_Hunt | club | VfL_Wolfsburg</mtriple>
        <mtriple>VfL_Wolfsburg | manager | Dieter_Hecking</mtriple>
        <mtriple>Aaron_Hunt | club | SV_Werder_Bremen_II</mtriple>
      </modifiedtripleset>
      <lex comment="good" lid="Id1">Aaron Hunt's club is VfL Wolfsburg who are managed by Dieter Hecking, but he previously played for SV Werder Bremen II.</lex>
      <lex comment="good" lid="Id2">Aaron Hunt plays for the club SV Werder Bremen II and also VfL Wolfsburg which is managed by Dieter Hecking.</lex>
    </entry>
    </entries>
</benchmark>