<benchmark>
  <entries>
    <entry category="WrittenWork" eid="Id1" shape="(X (X) (X) (X))" shape_type="sibling" size="3">
      <originaltripleset>
        <otriple>1634:_The_Bavarian_Crisis | numberOfPages | "448"^^xsd:positiveInteger</otriple>
        <otriple>1634:_The_Bavarian_Crisis | author | "Virginia DeMarce and"@en</otriple>
        <otriple>1634:_The_Bavarian_Crisis | mediaType | "Print"@en</otriple>
      </originaltripleset>
      <modifiedtripleset>
        <mtriple>1634:_The_Bavarian_Crisis | numberOfPages | "448"</mtriple>
        <mtriple>1634:_The_Bavarian_Crisis | author | "Virginia DeMarce and Eric Flint"</mtriple>
        <mtriple>1634:_The_Bavarian_Crisis | mediaType | "Print"</mtriple>
      </modifiedtripleset>
      <lex comment="good" lid="Id1">Available in print form, '1634: The Bavarian Crisis' by Virginia DeMarce and Eric Flint has 448 pages.</lex>
      <lex comment="good" lid="Id2">1634: The Bavarian Crisis is written by Virginia DeMarce and Eric Flint and has 448 pages in print.</lex>
      <lex comment="good" lid="Id3">1634: The Bavarian Crisis was written by Virginia DeMarce and Eric Flint, has 448 pages and is available in print form.</lex>
    </entry>
    </entries>
</benchmark>