<benchmark>
  <entries>
    <entry category="CelestialBody" eid="Id1" shape="(X (X) (X) (X) (X))" shape_type="sibling" size="4">
      <originaltripleset>
        <otriple>(19255)_1994_VK8 | epoch | "December 31, 2006 (JD2454100.5)"</otriple>
        <otriple>(19255)_1994_VK8 | orbitalPeriod | 8.78885e+09</otriple>
        <otriple>(19255)_1994_VK8 | periapsis | 6.15591e+12</otriple>
        <otriple>(19255)_1994_VK8 | Planet/apoapsis | "6.603633E9"^^&lt;http://dbpedia.org/datatype/kilometre&gt;</otriple>
      </originaltripleset>
      <originaltripleset>
        <otriple>(19255)_1994_VK8 | orbitalPeriod | 8.78885e+09</otriple>
        <otriple>(19255)_1994_VK8 | periapsis | 6.15591e+12</otriple>
        <otriple>(19255)_1994_VK8 | epoch | "2006-12-31"^^xsd:date</otriple>
        <otriple>(19255)_1994_VK8 | Planet/apoapsis | "6.603633E9"^^&lt;http://dbpedia.org/datatype/kilometre&gt;</otriple>
      </originaltripleset>
      <modifiedtripleset>
        <mtriple>(19255)_1994_VK8 | epoch | 2006-12-31</mtriple>
        <mtriple>(19255)_1994_VK8 | orbitalPeriod | 8788850000.0</mtriple>
        <mtriple>(19255)_1994_VK8 | periapsis | 6155910000000.0</mtriple>
        <mtriple>(19255)_1994_VK8 | apoapsis | 6603633000.0 (kilometres)</mtriple>
      </modifiedtripleset>
      <lex comment="good" lid="Id1">The epoch of (19255) 1994 VK8 is on 31 December 2006. It has an orbital period of 8788850000.0, a periapsis of 6155910000000.0 and an apoapsis of 6603633000.0 km.</lex>
    </entry>
    </entries>
</benchmark>