<benchmark>
  <entries>
    <entry category="Artist" eid="Id1" shape="(X (X) (X) (X) (X))" shape_type="sibling" size="4">
      <originaltripleset>
        <otriple>Aaron_Turner | associatedBand | Isis_(band)</otriple>
        <otriple>Aaron_Turner | associatedMusicalArtist | Sumac_(band)</otriple>
        <otriple>Aaron_Turner | genre | Electroacoustic_music</otriple>
        <otriple>Aaron_Turner | instrument | Singing</otriple>
      </originaltripleset>
      <modifiedtripleset>
        <mtriple>Aaron_Turner | associatedBand/associatedMusicalArtist | Isis_(band)</mtriple>
        <mtriple>Aaron_Turner | associatedBand/associatedMusicalArtist | Sumac_(band)</mtriple>
        <mtriple>Aaron_Turner | genre | Electroacoustic_music</mtriple>
        <mtriple>Aaron_Turner | instrument | Singing</mtriple>
      </modifiedtripleset>
      <lex comment="good" lid="Id1">Electroacoustic singer Aaron Turner is associated with the bands Sumac and Isis.</lex>
      <lex comment="good" lid="Id2">Aaron Turner, a singer who performs electroacoustic music, is with the band Isis and has performed with the group Sumac.</lex>
      <lex comment="good" lid="Id3">Singer Aaron Turner plays electro-acoustic music and has played with the bands Isis and Sumac.</lex>
    </entry>
    </entries>
</benchmark>