[
    {
        "Problem": "a multiple choice test consists of 4 questions , and each question has 5 answer choices . in how many r ways can the test be completed if every question is unanswered ?",
        "Rationale": "\"5 choices for each of the 4 questions , thus total r of 5 * 5 * 5 * 5 = 5 ^ 4 = 625 ways to answer all of them . answer : c .\"",
        "options": "a ) 24 , b ) 120 , c ) 625 , d ) 720 , e ) 1024",
        "correct": "c",
        "annotated_formula": "power(5, 4)",
        "linear_formula": "power(n1,n0)|",
        "category": "general"
    }
]
