<?xml version='1.0' encoding='UTF-8'?><OAI-PMH xmlns="http://www.openarchives.org/OAI/2.0/" xmlns:xsi="http://www.w3.org/2001/XMLSchema-instance" xsi:schemaLocation="http://www.openarchives.org/OAI/2.0/ http://www.openarchives.org/OAI/2.0/OAI-PMH.xsd"><responseDate>2019-02-28T09:22:22</responseDate><request>http://www.eluxemburgensia.lu/OAI</request><ListRecords><record><header><identifier>digitool-publish:876999-DTL44</identifier><datestamp>2019-02-28T09:22:22Z</datestamp></header><metadata><oai_dc:dc xmlns:oai_dc="http://www.openarchives.org/OAI/2.0/oai_dc/" xmlns:dc="http://purl.org/dc/elements/1.1/" xmlns:xsi="http://www.w3.org/2001/XMLSchema-instance" xmlns:dcterms="http://purl.org/dc/terms/" xsi:schemaLocation="http://www.openarchives.org/OAI/2.0/oai_dc/ http://www.openarchives.org/OAI/2.0/oai_dc.xsd"><dc:identifier>https://persist.lu/ark:/70795/fc0vrr/articles/DTL44</dc:identifier><dc:source>newspaper/luxwort/1875-06-27</dc:source><dcterms:isPartOf>Luxemburger Wort</dcterms:isPartOf><dcterms:isReferencedBy>issue:newspaper/luxwort/1875-06-27/article:DTL44</dcterms:isReferencedBy><dc:date>1875-06-27</dc:date><dc:publisher>Verl. der St-Paulus-Druckerei</dc:publisher><dc:relation>876999</dc:relation><dcterms:hasVersion>http://www.eluxemburgensia.lu/webclient/DeliveryManager?pid=876999#panel:pp|issue:876999|article:DTL44</dcterms:hasVersion><dc:description>Vermischtes. gewesen. Auch sie behielt in allen sie umto&amp;gt; senben Stürmen Gott vor Augen unb ben Kopf oben.'— Tas Alter bei beiben kann ich leiber nicht angeben. Von ihren Kinbern stnb zwei, ber jüngste Sohn (Molaus) unb eine Tochter (Anna, Gattin von Mathias Schuweiler aus Pütt» lingen, .Lothringen) in Minesota wohnhaft. Der älteste Sohn, .eise Iang". ist unvex. heiratbet, bei feinen Eltern. Daß bie guten Inbellente nach 25 Jahren ihre billmantanß Hochzeit mit beiselben Zu» friebeiiheit unb Gottvertranen wie bie golbene begehen mvgen, war« ber Wunsch Ihres Amlcus V. — Gln "Wink isüi Arbe iterinnen an Näh» Maschinen. Cs ist eine ebenso traurige wie unbezwcifelte Wahrheit, baß bie sonst so praktischen Nähmaschinen nach unb nach die junge, frische Kraft unserer weiblichen^Iu-^ gcnd geradezu vernichten. Vielfach, hat man sich an Anteirichteter Stelle bamit beschäftigt, ein Mittel zu ersinnen, welches geeignet ist, bie schlichen Einflüsse b'l'ser'Äi-t „nn'No. schäftigung emigenu^tzeAjDHMlysiren Gem» men) ohne bisher'Nennenswertes zu erreichen. Die Mäbchen klagen nach kurzer Zeit über Brustschmerzen unb ihr Aussehen gibt Zeug» niß davon, baß bie Arbeit an der Nähma&amp;gt; schine nur scheinbar eine leichte ist. Selbstverständlich känn l'eZ sich hier nur um diejenigen armen Frauenzimmer handeln, welche darauf angewiesen sind, vom frühen Morgen bis zur späten Abenbstunbe mit bieser Ma» schine ihr Nrod zu verdienen, und leider sind derett viele Taufende. Im Interesse ge» rabe dieser ' Näherinnen wollen Ipir cm! ein. ebenso einfaches wie Mltted erinnern, bas ww vor etwa Jahresfrist^an»' wenbew sahen und das einxm Mahche^ Wäh» re,nd vier Jahren so vortreffliche Dienste, ge» Wstet hat, baß bisher trotz angestiengter Arbeit, die erwähnten Brustschmerzen öoll» kommen fern geblieben sinb. Das- von dem Mäbchen erdachte Mittel besteht einfach darin, daß es den Stuhl, an dem es beim Nähen M, u« etwa 2 V, Zoll hat verkürzen lassen,^ so daß es nicht nüthig hat, fortwährend! in ganz gebeugter Stellung zu nähen/! Mr empfehlen,. diesen Versuch allen ähnlich Mr» bettenden, mit dem Wunsche, bah e, /ihnen Erleichterung. Massen, möge. Vielleicht können auch bip Nähmafchinenfabiikanten auf diesen Umstand Rücksicht nehmen unb bie Maschinen etwas höher bauen. — Rechtfchaffenheit, Muth. Fleiß, ©Par» famkeit unb Beharrlichkeit sinb bie Eigen» fchaften, welche man besitzen muß, um Erfolg a« haben. Aber bloß reich a« werben, barf nie bas Ziel unferes ©trebens fein. Gelb allein macht nicht glücklich, toie bie Ersah» 'rung lehrt. Der Reichthum foll nur bas Mittel fein, um biel Gutes thun an könnend Wenn jeboch burch mißgünstige Verhältniffe aller Erfolg Dir mangelt, fo sollst bu"bennoch nicht entmuthigt' fein. Nichts gefchieht ohne weife Absicht Gottes. „Das Äewußtfein, Deine Pflicht, erfüllt au haben, yirb Dich trösten unb Dir bie Ruße Deines Herzens bewahren. .^iü^ !''^ ,,'5 nnniü ni - — Ranbow Lake, Wiseonftn^''iimU!lli; Mai 1875. Am nächsten Montag werben in Hl. Krcuz, Qzaukee, County, Herr Michael Frill unb Gattin, gebürtig aus Filsborf, im Kanton Nemich, ihre golbene Hochzeit feiern. ,,, nicht berloren. Auf den Allmächtigen bertrauenb, ber ja keinen berläßt, welcher feine Hoffnung auf Ihn fetzt, blieb er immer ber» felbe, unb läßt jetzt noch feine Schnurren und sonstigeu Witze vom Stapel, toie früher. Als Musikant, (als folcher im alten Vater» lanbe weit unb breit betannt&amp;gt; nimmt er oft sich felbst edenfo fehr wie anbere fcherzweife mit, wöburch benn auch in ber Regel sich felten Iemanb beleibigt fühlen kann. Z. B.: „Wann e ©pilmann fällt, stet en Hefchemann erem op. — Wann e sibe ©pilleit Hout, bat keng ©esser'a leng Gecke sin, kann en e ©petzbuf zum ehrliche Mann machen." MAn ben alten herkömmlichen baterlänbi» fchen Gebräuchen halt er zllhe fest. So will er bartouiement „a! fenger ©chib erem l&amp;gt;eV stuob gin.« lNN3N ©eine Gattin ist noch ziemlich rüstig unb ihw stets einest«»e, gute Lebensgefährtin</dc:description><dc:title>Vermischtes.</dc:title><dc:type>SECTION</dc:type><dc:language>de</dc:language><dcterms:extent>604</dcterms:extent></oai_dc:dc></metadata></record></ListRecords></OAI-PMH>