<?xml version='1.0' encoding='UTF-8'?><OAI-PMH xmlns="http://www.openarchives.org/OAI/2.0/" xmlns:xsi="http://www.w3.org/2001/XMLSchema-instance" xsi:schemaLocation="http://www.openarchives.org/OAI/2.0/ http://www.openarchives.org/OAI/2.0/OAI-PMH.xsd"><responseDate>2019-02-28T09:22:22</responseDate><request>http://www.eluxemburgensia.lu/OAI</request><ListRecords><record><header><identifier>digitool-publish:876999-DTL45</identifier><datestamp>2019-02-28T09:22:22Z</datestamp></header><metadata><oai_dc:dc xmlns:oai_dc="http://www.openarchives.org/OAI/2.0/oai_dc/" xmlns:dc="http://purl.org/dc/elements/1.1/" xmlns:xsi="http://www.w3.org/2001/XMLSchema-instance" xmlns:dcterms="http://purl.org/dc/terms/" xsi:schemaLocation="http://www.openarchives.org/OAI/2.0/oai_dc/ http://www.openarchives.org/OAI/2.0/oai_dc.xsd"><dc:identifier>https://persist.lu/ark:/70795/fc0vrr/articles/DTL45</dc:identifier><dc:source>newspaper/luxwort/1875-06-27</dc:source><dcterms:isPartOf>Luxemburger Wort</dcterms:isPartOf><dcterms:isReferencedBy>issue:newspaper/luxwort/1875-06-27/article:DTL45</dcterms:isReferencedBy><dc:date>1875-06-27</dc:date><dc:publisher>Verl. der St-Paulus-Druckerei</dc:publisher><dc:relation>876999</dc:relation><dcterms:hasVersion>http://www.eluxemburgensia.lu/webclient/DeliveryManager?pid=876999#panel:pp|issue:876999|article:DTL45</dcterms:hasVersion><dc:description>Handelsberichte.</dc:description><dc:title>Handelsberichte.</dc:title><dc:type>SECTION</dc:type><dc:language>de</dc:language><dcterms:extent>1</dcterms:extent></oai_dc:dc></metadata></record></ListRecords></OAI-PMH>