<?xml version='1.0' encoding='UTF-8'?><OAI-PMH xmlns="http://www.openarchives.org/OAI/2.0/" xmlns:xsi="http://www.w3.org/2001/XMLSchema-instance" xsi:schemaLocation="http://www.openarchives.org/OAI/2.0/ http://www.openarchives.org/OAI/2.0/OAI-PMH.xsd"><responseDate>2019-02-28T09:22:22</responseDate><request>http://www.eluxemburgensia.lu/OAI</request><ListRecords><record><header><identifier>digitool-publish:876999-DTL43</identifier><datestamp>2019-02-28T09:22:22Z</datestamp></header><metadata><oai_dc:dc xmlns:oai_dc="http://www.openarchives.org/OAI/2.0/oai_dc/" xmlns:dc="http://purl.org/dc/elements/1.1/" xmlns:xsi="http://www.w3.org/2001/XMLSchema-instance" xmlns:dcterms="http://purl.org/dc/terms/" xsi:schemaLocation="http://www.openarchives.org/OAI/2.0/oai_dc/ http://www.openarchives.org/OAI/2.0/oai_dc.xsd"><dc:identifier>https://persist.lu/ark:/70795/fc0vrr/articles/DTL43</dc:identifier><dc:source>newspaper/luxwort/1875-06-27</dc:source><dcterms:isPartOf>Luxemburger Wort</dcterms:isPartOf><dcterms:isReferencedBy>issue:newspaper/luxwort/1875-06-27/article:DTL43</dcterms:isReferencedBy><dc:date>1875-06-27</dc:date><dc:publisher>Verl. der St-Paulus-Druckerei</dc:publisher><dc:relation>876999</dc:relation><dcterms:hasVersion>http://www.eluxemburgensia.lu/webclient/DeliveryManager?pid=876999#panel:pp|issue:876999|article:DTL43</dcterms:hasVersion><dc:description>Schweiz. correctionellen Gerichte bes Bezirks Greyera "wegen Gotteslästerung angeklagt, toeil er am 2. Februar 1872, einem katholischen Festtage (Marid Lichtmeß), zwei erwachsenen Mdbchen, als sie Nachmittags a«m Gottes» bienste gingen, auf offener Straße bie silbernen Denkzeichen ber Tdchter«ongregation, auf welchen sich bas Vilb ber h. Jungfrau befinbet, vom Hälfe gerissen unb in Ve» ziehung auf bie religiösen ©innbilber grobe Injurien ausgesprochen habe, sowie, weil er bie Mebaillen ben Etgenthümerinnen nicht toieber aurückgestellt hatte. Der ©taat Frei» bürg leitete eine Klage ein unb ber Ange» klagte tourbe au, einem Monat Gefdngniß unb fünfjähriger Entziehung ber bürgerlichen Rechte verurtheilt. Nach einer im Clittton Freibürg abgewiesenen Cassationsbefchtoerdc iecurrirte ber Verurteilte an ben Bunbes» rath^ weil eine Anklage auf Gotteslästerung nach Artikel '49 ber Vunbesberfassung nicht mehr zulässig fei; benn biestr Artikel sage: „Niemanb barf wegen Olaubensansichten mit ©trafen irgenb welcher Art belegt werben." Die Mehrheit ber stänberaihlichen Commission hatte mit noch ankeren „Culturkämpfern" biefes Rathes wirklich den Muth, diefe Auf» Fassung hinsichtlich des bürlieMben Falles au bertheidigen. VerichterftÜtter ber Mehrheit war Hr. Dr. ©ulaer Minterihur im Canton Zürich. Die anberen Verthtt» biger bes' Grunbsatzes, baß man ungestraft in folch roher Weife bie Katholiken und de» reit religiöse Gebrauche unb GlaubensäMch» tett injuriren bürfe, find' ferner noch^^-die Namen ber Betressenben sollen auch im Aus» Idnbe bekannt werben-^-bie Herren Dr. ©«hoch bMSchasshaufen^ Hoffmann bon "St. Gallen, KUsseitberger bon ©chaffhaûsen, Brosi bon ©olothurn unb ber nunmehrige „altkatho» lifchë" fchwèizërifche Cöncilspabst unb Kir» chenbatev Dr. Augustin Kollër bon Mrau^ Der Recurs tourbe aber auf Antrag ber katholischen Minberheit: Herzog bon Luzern, Menou unb Schaller bon Freiburg unb auch ,be3^ Herrn Vunbesrajhes Ceresole zur Zeit mit 21 gegen 14 Stimmen abgewiesen. Der» selbe kommt nun noch bor ben Nationalrath. Auf bem „altkatholischen" Oltner Conctl bom 14. bis- 16. Juni, resbectibe besten Vorberathung, muß es heiter, zugegangen sein. In ben Reformen finb bie Baseler „Altkatholiken" bis jetzt am Weitesten ge» gangen. Sie haben auf eigene Faust bie Ohrenbeichte abgeschafft unb an bie Stelle bes Meßgewanbes ein anberes „würbiges Priestertleib" gesetzt, unb wollten bas auch auf bem „Concil" selber plausibel machen. Allein Dr. Friebrich, Professor ber „altla» Mlifchen" Fakultät in Bern,' tabelte bas Ding in so berletzenber Weise, baß Dr. Watterich, der .altkatholiWe Pastor" in "Basel, sich veranlaßt sah, dem absprechenden Urtheil FriebrichS, ber sich gegenüber der schweizerischen .Synode ben gestat» tete, „sie fti das, Zerrbild ber deutschen ©y» Md.t",-. ene,gisch entgegenzutreten. Trotzdem hielt es Friblich „für ein lächerliches Spiel,, bas mau mit ber Synode treibe, weil m'att in den einzelnen Gemeinden auf dem Wege ber Reformen borangehe unb dann nachher die Genehmigung ber Synode einholen wolle." „ Pastor " Herzog bon Ölten hatte in Bern bie neue Kirchenberfaffung ber „Altkatho» liken" nur mit Wiberwillen angenommen; heute stimmte er ganz bagegen. Er fiel auch mit feinem Antrage auf Beibehaltung des Domcapitels dnrch. Nach der „Bischofs" stelle sehnen sich mehrere Herren. Neben Herzog canbibirt auch ber beutsche „schweizer" Professor Dr. Friebrich, „weil'er derM» lehrteste unb Aelteste sei", wie er in bekann» ter Bescheibenheit sich geäußert haben soll." (Germ.)  Be&amp;lt;5. 23. Juni. Die Vernir ftnb über bic Zusammensetzung der-H««nnssion burch bcn Nlltionalrath, welche ihren Recurs gegen die^Hünbesrlithlicho Aufhebung lbes ju^U^ fchen Prtesterausweisungsverbotes vorzub^ rathen, hat&amp;gt; &amp;gt; nicht, sehr erfreut. ! Unter bM pebeni.Mitgliebern ftnb fünf ganz entschieben für den Beschluß unb bieMotivirüng bes Bunbesrathes. Die Stänber'athscomMis» pon ist ihnen günstiger, halb für ben Vun^ desrath, h&amp;lt;»lb bernisK&amp;gt; gesinnu, Dageaen vHHb in, bieser Frage, ,-ivie übrißens in.cWN„ »vichtigen, politischen Fragen, bie Mehrheit deß Naticinalrathes auch biejenige bes Stän» nach stch ziehen. Letztere VeMbe, 5ehanbelte am verflossenen Freitag einen, ly»' hressaMn religiösen RecurZ. Der rabkale ilpb,^sttlmaürerische Gemeinbchräsibent einir i^^^'îll, llN &amp;lt;^&amp;lt;lIl^?H ?l^^ ivurbe vom</dc:description><dc:title>Schweiz.</dc:title><dc:type>SECTION</dc:type><dc:language>de</dc:language><dcterms:extent>600</dcterms:extent></oai_dc:dc></metadata></record></ListRecords></OAI-PMH>