<?xml version='1.0' encoding='UTF-8'?><OAI-PMH xmlns="http://www.openarchives.org/OAI/2.0/" xmlns:xsi="http://www.w3.org/2001/XMLSchema-instance" xsi:schemaLocation="http://www.openarchives.org/OAI/2.0/ http://www.openarchives.org/OAI/2.0/OAI-PMH.xsd"><responseDate>2019-02-28T09:22:22</responseDate><request>http://www.eluxemburgensia.lu/OAI</request><ListRecords><record><header><identifier>digitool-publish:876999-DTL42</identifier><datestamp>2019-02-28T09:22:22Z</datestamp></header><metadata><oai_dc:dc xmlns:oai_dc="http://www.openarchives.org/OAI/2.0/oai_dc/" xmlns:dc="http://purl.org/dc/elements/1.1/" xmlns:xsi="http://www.w3.org/2001/XMLSchema-instance" xmlns:dcterms="http://purl.org/dc/terms/" xsi:schemaLocation="http://www.openarchives.org/OAI/2.0/oai_dc/ http://www.openarchives.org/OAI/2.0/oai_dc.xsd"><dc:identifier>https://persist.lu/ark:/70795/fc0vrr/articles/DTL42</dc:identifier><dc:source>newspaper/luxwort/1875-06-27</dc:source><dcterms:isPartOf>Luxemburger Wort</dcterms:isPartOf><dcterms:isReferencedBy>issue:newspaper/luxwort/1875-06-27/article:DTL42</dcterms:isReferencedBy><dc:date>1875-06-27</dc:date><dc:publisher>Verl. der St-Paulus-Druckerei</dc:publisher><dc:relation>876999</dc:relation><dcterms:hasVersion>http://www.eluxemburgensia.lu/webclient/DeliveryManager?pid=876999#panel:pp|issue:876999|article:DTL42</dcterms:hasVersion><dc:description>England. Nach feinem Besuche bei her Königin hat Her Sultan 'bon ZanMar ben folgenben Ausspruch gethan'. „Ich habe nun mit ei»^ genen Augen gesehen, was ich fo lange au sehen wünfchte, Ihre Majestät bie Königin von Englanb. Mein Vater, ber zur Gnabe des Gnäbigen eingegangen ist, pflegte oft. an uns von ber Königin Viktoria A sprechen; aber er starb, ohne sie gesehen au Haben- Ich will euch nun mittheilen, warum ich ft oft faßte, es fei bas 3«! meiner Wünfche, das Antlitz ber Königin au schauen. Dies war ber Grunb: Ich habe in meiner Zeit viele Englänber getroffen; nicht nur von ber Kriegsflotte und dem Heere,, fonder« auch Kausteute unb Reifenbe, unb mir siel auf, baß sie von. ihrer Herrscherin nicht in form» licher, Weife, wie Leute aus anderen-Völkern, sondern mit Begeisterung unb Liehe Mâche». Unb fo verglich ich sie in meinem Geiste'! «lit jenem Magnetberge, von bem! in „Tau»' fenb unb einer Nacht" bie Rebe ist. ber bie' Nägel aus ben Seiten der^Hotbeifahrenden Schiffe aoh. So schien es mir, als würben j&amp;gt;l«. Herzen der &amp;gt; Engländer, .bie 'ich bisher tlA/iv« von einem Magnet zur Königin, ,yezogen^ Ich komme nach England unb ich^ finde dieselbe herzliche Treue in allen Classen ies Volkes. Ihr fahet neulich im Krystall» valast alle die Taufende aufstehen, als bie Vtufil bie Hymne ber Königin spielte. Keiner heißt sie stehen; aber fte stehen aus eigenem Antriebe auf, aus Liebe zu M Und kein Wunder, denn sie ist wahrhastig der Mitäelpunkt all der Herrlichkeit, all der Größe und desReichthums dieses gewaltigen Reiches. And dabei ist sie ein Weib. Preis dem Schöpfet, der die Gabe zu herrschen und bie Eigenschaften, Treue und Er ebenheil wach» zurnfen verleiht, wem er will! Ich dachte, die hohe Ehre, das Antlitz der Königin au Zehen, würde mich überwältigen. In der Thllt, all die Pracht, die sie umgab, erfüllte mich mit Staunen. Aber in ihr ist bie einfache Hoheit, welche gewinnt, nicht der» wirrt. Nichts desto weniger war sie erha» ben in ihrer Einfachheit, und mein Herz weinte für fte, als ich die zweiz Hrinaeffi» neu, ihre königlichen Töchter, ihr zur Seite fah und daran dachte, daß ihr,. geliebter Garte zur Gnade Gottes gerufen Wurden fei. Möge der große Gott sie segnen und ihre königliche! Nachkommenschaft und das, milch» ttzchMlk, über das sie herrschte Ich Nicht&amp;gt; mehr sagen, denn bie Wort« fehlen'mtr^ auszubrücken, was mein Herz, fühlt. Tau» senbmal^age-ich, Gott segne sic!"</dc:description><dc:title>England.</dc:title><dc:type>SECTION</dc:type><dc:language>de</dc:language><dcterms:extent>399</dcterms:extent></oai_dc:dc></metadata></record></ListRecords></OAI-PMH>