[{"section": "Ball", "question": "Does a 40mm table tennis ball spin more or less than the original 38mm one?", "article": "Table tennis", "is_paraphrase": false, "topic": "SPORT", "answers": [4], "candidates": ["The international rules specify that the game is played with a light 2.7 gram, 40\u00a0mm diameter ball.", "The rules say that the ball shall bounce up 24\u201326\u00a0cm when dropped from a height of 30.5\u00a0cm onto a standard steel block thereby having a coefficient of restitution of 0.89 to 0.92.", "The 40\u00a0mm ball was introduced after the 2000 Olympic Games.", "However, this created some controversy as the Chinese National Team argued that this was merely to give non-Chinese players a better chance of winning since the new type of balls has a slower speed, while at that time most Chinese players were playing with fast attack and smashes.", "A 40\u00a0mm table tennis ball is slower and spins less than the original 38\u00a0mm (1.5\u00a0inch) one.", "The ball is made of a high-bouncing air-filled celluloid or similar plastics material, colored white or orange, with a matte finish.", "The choice of ball color is made according to the table color and its surroundings.", "For example, a white ball is easier to see on a green or blue table than it is on a gray table.", "Some Table Tennis balls have ball rated in stars so that more professional players can know which ball to use.", "Manufacturers often indicate the quality of the ball with a star-rating system, usually from one to three, three being the highest grade.", "As this system is not standard across manufacturers, the only way a ball may be used in official competition is upon ITTF approval.", "The ITTF approval can be seen printed on the ball."], "q_types": []}, {"section": "Music video", "question": "What does Pink wear in the video?", "article": "Blow Me (One Last Kiss)", "is_paraphrase": false, "topic": "MUSIC", "answers": [10], "candidates": ["The music video for \"Blow Me (One Last Kiss)\" premiered on July 26, 2012 at 7:50pm EDT on MTV and VEVO and was directed by Pink's longtime collaborator Dave Meyers, who directed the videos for almost all of her lead singles and many of her hits.", "The official colored version of the video was leaked online on August 31, and was officially posted on VEVO on September 5, 2012.", "The video is entirely in black and white, with splashes of color, features opening titles in French.", "The video begins with Pink having a picnic with her love interest (Sebastian de la Forza).", "The two lean in for a kiss, which is interrupted by him taking a phone call.", "Pink splashes him with red wine, and walks away through the trees.", "She meets another man on his motorbike (Alexander Ercheverria) and goes home with him.", "He draws a portrait of her.", "Pink watches through the window as many female guests arrive for a party the man has organised.", "During the party, she dances with one of the women until she is interrupted by the man who brought her home.", "Pink wears a black suit with her hair pushed back and dances with the woman (Mosh).", "The man gets down on one knee and proposes.", "Pink accepts by giving him her hand but is disappointed to find out the proposal was meant for her dance partner.", "During their wedding ceremony, Pink is dressed completely in black, as if she is attending a funeral.", "A flying bike appears above the guests (Andreas-Holm Hansen), which is carrying a heart-shaped balloon.", "The balloon pops, and red liquid covers the guests as Pink sings and dances cheerfully.", "She joins the driver of the flying bike, and they fly away together at the end of this video clip across the countryside, into the sunset, under a bridge, over trees and up close to a big hill on the high flying bicycle with eagle wings.", "A colored version was also released.", "MTV's James Montgomery assured Pink's fans that she hasn't changed, while crediting the video for its angry and funny nature, saying \"While your heroine might be saying she's a changed woman, the 'Blow Me' video proves that she's not.", "It's just as angry as her previous clips, and nearly as funny too.\""], "q_types": ["what"]}, {"section": "Tourism", "question": "In what year was the Chilean National Museum of Fine Arts built?", "article": "Chile", "is_paraphrase": true, "topic": "COUNTRY", "answers": [16], "candidates": ["Tourism in Chile has experienced sustained growth over the last few decades.", "In 2005, tourism grew by 13.6 percent, generating more than 4.5 billion dollars of which 1.5 billion is attributed to foreign tourists.", "According to the National Service of Tourism (Sernatur), 2 million people a year visit the country.", "Most of these visitors come from other countries in the American continent, mainly Argentina; followed by a growing number from the United States, Europe, and Brazil with a growing number of Asians from South Korea and PR China.", "The main attractions for tourists are places of natural beauty situated in the extreme zones of the country: San Pedro de Atacama, in the north, is very popular with foreign tourists who arrive to admire the Incaic architecture, the altiplano lakes, and the Valley of the Moon.", "In Putre, also in the north, there is the Chungar\u00e1 Lake, as well as the Parinacota and the Pomerape volcanoes, with altitudes of 6,348 m and 6,282 m, respectively.", "Throughout the central Andes there are many ski resorts of international repute, including Portillo, Valle Nevado and Termas de Chill\u00e1n.", "The main tourist sites in the south are national parks (the most popular is Conguill\u00edo National Park in the Araucan\u00eda) and the coastal area around Tir\u00faa and Ca\u00f1ete with the Isla Mocha and the Nahuelbuta National Park, Chilo\u00e9 Archipelago and Patagonia, which includes Laguna San Rafael National Park, with its many glaciers, and the Torres del Paine National Park.", "The central port city of Valpara\u00edso, which is World Heritage with its unique architecture, is also popular.", "Finally, Easter Island in the Pacific Ocean is one of the main Chilean tourist destinations.", "For locals, tourism is concentrated mostly in the summer (December to March), and mainly in the coastal beach towns.", "Arica, Iquique, Antofagasta, La Serena and Coquimbo are the main summer centres in the north, and Puc\u00f3n on the shores of Lake Villarrica is the main centre in the south.", "Because of its proximity to Santiago, the coast of the Valpara\u00edso Region, with its many beach resorts, receives the largest number of tourists.", "Vi\u00f1a del Mar, Valpara\u00edso's northern affluent neighbor, is popular because of its beaches, casino, and its annual song festival, the most important musical event in Latin America.", "Pichilemu in the O'Higgins Region is widely known as South America's \"best surfing spot\" according to Fodor's.", "In November 2005 the government launched a campaign under the brand \"Chile: All Ways Surprising\" intended to promote the country internationally for both business and tourism.", "Museums in Chile such as the Chilean National Museum of Fine Arts built in 1880, feature works by Chilean artists."], "q_types": ["what"]}, {"section": "English army and Harold's preparations", "question": "How many times was the who national \"fyrd\" called out between 1046 and 1065?", "article": "Battle of Hastings", "is_paraphrase": false, "topic": "HISTORICAL EVENTS", "answers": [6], "candidates": ["The English army was organised along regional lines, with the \"fyrd\", or local levy, serving under a local magnate\u00a0\u2013 whether an earl, bishop, or sheriff.", "The \"fyrd\" was composed of men who owned their own land, and were equipped by their community to fulfil the king's demands for military forces.", "For every five hides, or units of land nominally capable of supporting one household, one man was supposed to serve.", "It appears that the hundred was the main organising unit for the \"fyrd\".", "As a whole, England could furnish about 14,000 men for the \"fyrd\", when it was called out.", "The \"fyrd\" usually served for two months, except in emergencies.", "It was rare for the whole national \"fyrd\" to be called out; between 1046 and 1065 it was only done three times, in 1051, 1052, and 1065.", "The king also had a group of personal armsmen, known as housecarls, who formed the backbone of the royal forces.", "Some earls also had their own forces of housecarls.", "Thegns, the local landowning elites, fought either with the royal housecarls or attached themselves to the forces of an earl or other magnate.", "The \"fyrd\" and the housecarls both fought on foot, with the major difference between them being the housecarl's superior armour.", "The English army does not appear to have had a significant number of archers.", "Harold had spent mid-1066 on the south coast with a large army and fleet waiting for William to invade.", "The bulk of his forces were militia who needed to harvest their crops, so on 8 September Harold dismissed the militia and the fleet.", "Learning of the Norwegian invasion he rushed north, gathering forces as he went, and took the Norwegians by surprise, defeating them at the Battle of Stamford Bridge on 25 September.", "Harald of Norway and Tostig were killed, and the Norwegians suffered such great losses that only 24 of the original 300 ships were required to carry away the survivors.", "The English victory came at great cost, as Harold's army was left in a battered and weakened state."], "q_types": ["how", "who"]}, {"section": "Production and development", "question": "Who did Chris Messina play on The Mindy Project?", "article": "The Mindy Project", "is_paraphrase": false, "topic": "TV", "answers": [6], "candidates": ["The series was initially commissioned by NBC, but the pilot with the working title \"It's Messy\" was released from NBC's projects on January 27, 2012.", "Universal then sent the script to Fox executives who read it over that following weekend.", "On January 30, 2012, Fox greenlit the pilot, with Mindy Kaling attached to star.", "Casting announcements for the remaining series regular roles began in February 2012, with Ed Weeks cast in the role of Dr. Jeremy Reed, a sexy, British doctor in the practice.", "Zoe Jarman and Dana DeLorenzo then joined in series regular roles.", "Jarman signed on to play Betsy Putch, an upbeat receptionist at the practice; whilst DeLorenzo joined as Shauna Dicanio, a young, party loving receptionist in the practice.", "In mid-March, Chris Messina joined the cast as Dr. Danny Castellano, an arrogant doctor who works at the practice.", "Shortly after, Anna Camp boarded the series as Gwen Grandy, a stay-at-home mom and Mindy's best friend.", "On May 9, 2012, Fox placed a series order for the comedy.", "Two days later, the title was changed from \"It's Messy\" to \"The Mindy Project.\"", "Two months later, Amanda Setton, Stephen Tobolowsky and Ike Barinholtz joined the series.", "Setton replaced Dana DeLorenzo in the role of Shauna; Tobolowsky joined in the series regular role of Dr. Marc Shulman, the senior partner of the practice; and Barinholtz signed onto the recurring role of Morgan Tookers, a quirky rehabilitated ex-con who joins the practice as a nurse.", "On August 27, 2012, the pilot episode was made available to view online on various sites including Fox, in an attempt to garner interest in the series.", "On October 8, 2012, Fox ordered a full season of \"The Mindy Project\".", "In the middle of the first season, the network made changes to the show's cast.", "On November 20, 2012, it was reported that Amanda Setton's role had been eliminated and that Anna Camp had been downgraded to a recurring cast member.", "Stephen Tobolowsky's role was also eliminated, with his character retiring in the eighth episode.", "Beth Grant, who guest starred as Nurse Beverly in episode two, returned as a series regular in episode fifteen.", "Ike Barinholtz was also upgraded to series regular.", "Xosha Roquemore, who guest starred in the final few episodes of season one as Tamra, was upped to series regular beginning with season two.", "Adam Pally, who originally signed on for a recurring role, was upgraded to series regular during season two.", "On March 4, 2013, the series was renewed for a second season, which began on September 17, 2013.", "On November 21, 2013, Fox announced that \"The Mindy Project\" would take a mid-season hiatus, before returning on April 1, 2014.", "Fox announced the third season renewal of \"The Mindy Project\" on March 7, 2014."], "q_types": ["who"]}]