0	A presença da comunicação em meio às mentes científicas era igualmente importante para o sucesso do Projeto Manhattan como o intelecto científico era. A presença da comunicação em meio às mentes científicas era igualmente importante para o sucesso do Projeto Manhattan como o intelecto científico era. A única nuvem pendurada sobre a impressionante conquista dos pesquisadores e engenheiros atômicos é o que seu sucesso realmente significava; centenas de milhares de vidas inocentes destruídas.
1	O Projeto Manhattan e sua bomba atômica ajudaram a acabar com a Segunda Guerra Mundial. Seu legado de usos pacíficos da energia atômica continua a ter um impacto na história e ciência.
2	Ensaio sobre o Projeto Manhattan - o Projeto Manhattan O Projeto Manhattan era para ver se tornar uma bomba atômica possível. O sucesso deste projeto mudaria para sempre o mundo dando a conhecer que algo tão poderoso pode ser feito pelo homem.
3	O Projeto Manhattan foi o nome de um projeto realizado durante a Segunda Guerra Mundial, para desenvolver a primeira bomba atômica. Refere-se especificamente ao período do projeto de 194... 2-1946 sob o controle do Corpo de Engenheiros do Exército dos EUA, sob a administração do General Leslie R. Groves.
4	versões de cada volume, bem como sites complementares. O primeiro site, The Manhattan Project: An Interactive History, está disponível no site do Escritório de História e Recursos Patrimoniais, http://www.cfo. Doe.gov/me70/história. O Escritório de História e Recursos Patrimoniais e a Segurança Nuclear Nacional
