<benchmark>
  <entries>
    <entry category="CelestialBody" eid="Id1" size="1">
      <originaltripleset>
        <otriple>(15788)_1993_SB | discoverer | "La Palma"@en</otriple>
      </originaltripleset>
      <modifiedtripleset>
        <mtriple>(15788)_1993_SB | discoverer | Alan_Fitzsimmons</mtriple>
      </modifiedtripleset>
      <lex comment="good" lid="Id1">Alan Fitzsimmons was the discoverer of 15788 1993 SB.</lex>
      <lex comment="good" lid="Id2">(15788) 1993 SB was discovered by Alan Fitzsimmons.</lex>
      <lex comment="good" lid="Id3">15788 1993 SB was discovered by Alan Fitzsimmons.</lex>
    </entry>
    </entries>
</benchmark>