<benchmark>
  <entries>
    <entry category="Airport" eid="Id1" shape="(X (X) (X) (X) (X) (X))" shape_type="sibling" size="5">
      <originaltripleset>
        <otriple>Aarhus_Airport | cityServed | "Aarhus, Denmark"@en</otriple>
        <otriple>Aarhus_Airport | operator | "Aarhus Lufthavn A/S"@en</otriple>
        <otriple>Aarhus_Airport | elevation | "25.0"^^xsd:double</otriple>
        <otriple>Aarhus_Airport | runwayDesignation | "10L/28R"</otriple>
        <otriple>Aarhus_Airport | runwayLength | "2702.0"^^xsd:double</otriple>
      </originaltripleset>
      <originaltripleset>
        <otriple>Aarhus_Airport | cityServed | "Aarhus, Denmark"@en</otriple>
        <otriple>Aarhus_Airport | operator | "Aarhus Lufthavn A/S"@en</otriple>
        <otriple>Aarhus_Airport | elevation | "24.9936"^^xsd:double</otriple>
        <otriple>Aarhus_Airport | runwayDesignation | "10L/28R"</otriple>
        <otriple>Aarhus_Airport | runwayLength | "2702.0"^^xsd:double</otriple>
      </originaltripleset>
      <modifiedtripleset>
        <mtriple>Aarhus_Airport | cityServed | "Aarhus, Denmark"</mtriple>
        <mtriple>Aarhus_Airport | operatingOrganisation | "Aarhus Lufthavn A/S"</mtriple>
        <mtriple>Aarhus_Airport | elevationAboveTheSeaLevel_(in_metres) | 25.0</mtriple>
        <mtriple>Aarhus_Airport | runwayName | "10L/28R"</mtriple>
        <mtriple>Aarhus_Airport | runwayLength | 2702.0</mtriple>
      </modifiedtripleset>
      <lex comment="good" lid="Id1">Aarhus, Denmark is served by Aarhus airport operated by Aarhus Lufthavn A/S which is 25 metres above sea level. The runway name is 10L/28R and has a length of 2702.0.</lex>
      <lex comment="good" lid="Id2">The city of Aarhus in Denmark is served by an airport callled Aarhus Airport operated by Aarhus Lufthavn A/S. Runway 10L/28R is the longest runway there at a length of 2702 and is 25m above sea level.</lex>
      <lex comment="good" lid="Id3">Aarhus Airport in Denmark is operated by Aarhus Lufthavn A/S and is elevated 25 metres above sea level. The airport has a runway named 10L/28R which is 2702 metres long.</lex>
    </entry>
    </entries>
</benchmark>