{"question": "Two friends plan to walk along a 43 - km trail , starting at opposite ends of the trail at the same time . If Friend P ' s rate is 15 % faster than Friend Q ' s , how many kilometers will Friend P have walked when they pass each other ?", "correct": "E", "rationale": "If Q complete x kilometers , then P completes 1.15 x kilometers .\nx + 1.15 x = 43\n2.15 x = 43\nx = 43 / 2.15 = 20\nThen P will have have walked 1.15 * 20 = 23 km .\nThe answer is E .", "options": ["A ) 21", "B ) 21.5", "C ) 22", "D ) 22.5", "E ) 23"]}
{"question": "In the coordinate plane , points ( x , 1 ) and ( 5 , y ) are on line k . If line k passes through the origin and has slope 1 / 5 , then what are the values of x and y respectively ?", "correct": "C", "rationale": "Line k passes through the origin and has slope 1 / 5 means that its equation is y = 1 / 5 * x .\nThus : ( x , 1 ) = ( 5 , 1 ) and ( 5 , y ) = ( 5,1 ) - - > x = 5 and y = 1\nAnswer : C", "options": ["A ) 4 and 1", "B ) 1 and 5", "C ) 5 and 1", "D ) 3 and 5", "E ) 5 and 3"]}
{"question": "For all numbers p and q , the operation @ is defined by p @ q = p ^ 2 - pq . If xy \u2260 0 , then which of the following can be equal to zero ?\nI . x @ y\nII . ( xy ) @ y\nIII . x @ ( x + y )", "correct": "B", "rationale": "p @ q = p ^ 2 - pq = p ( p - q ) . . . . so p @ q will be zero if p = q or p = 0 . . but a can not be equal to 0 . . as per Q , x and y can take any int value except 0 . . .\nnow lets look at the choices . .\nwhen x = y , it will be 0 . . . so ok . . .\nwhen we put xy = y , it is possible when x = 1 and y any integer . . . so ok again\nwhen we put x = x + y . . . . only possibility when y = 0 and it is given x and y can not be 0 . . . . so not possible\nonly l and ll possible ans B . . . .", "options": ["A ) II", "B ) I and II", "C ) I and III", "D ) II and III", "E ) All of the above"]}
{"question": "Carl is facing very difficult financial times and can only pay the interest on a $ 10,000 loan he has taken . The bank charges him a quarterly compound rate of 4 % . What is the approximate interest he pays annually ?", "correct": "A", "rationale": "Usually , you are given the annual rate of interest and it is mentioned that it is annual rate .\nThe bank charges him a quarterly compounded ANNUAL rate of 16 % .\nHere you find per quarter rate as ( 16 / 4 ) % = 4 %\nI have actually never seen a question with quarter rate given but since this question did not mentionannual rate of interestand since the options did not make sense with 4 % annual rate of interest , it is apparent that the intent was a 4 % quarterly rate . So the bank charges 4 % every quarter and compounds it in the next quarter . Had it been a simple quarterly rate , we would have just found 4 * 4 % of 10,000 = $ 1600 as our answer .\nBut since , the interest is compounded , it will be a bit more than $ 1600 . Option ( A ) looks correct .", "options": ["A ) $ 1600", "B ) $ 2000", "C ) $ 2150", "D ) $ 2500", "E ) $ 12000"]}
{"question": "The speed at which a man can row a boat in still water is 25 kmph . If he rows downstream , where the speed of current is 11 kmph , what time will he take to cover 80 metres ?", "correct": "E", "rationale": "Speed of the boat downstream = 25 + 11\n= 36 kmph\n= 36 * 5 / 18 = 10 m / s\nHence time taken to cover 80 m = 80 / 10\n= 8 seconds .\nAnswer : E", "options": ["A ) 18 seconds", "B ) 27 seconds", "C ) 26 seconds", "D ) 12 seconds", "E ) 8 seconds"]}