<benchmark>
  <entries>
    <entry category="Food" eid="Id1" size="2">
      <originaltripleset>
        <otriple>Ajoblanco | country | Spain</otriple>
        <otriple>Ajoblanco | ingredient | Bread</otriple>
      </originaltripleset>
      <modifiedtripleset>
        <mtriple>Ajoblanco | country | Spain</mtriple>
        <mtriple>Ajoblanco | ingredient | Bread</mtriple>
      </modifiedtripleset>
      <lex comment="good" lid="Id1">Bread is an ingredient of Ajoblanco which originates from Spain.</lex>
      <lex comment="good" lid="Id2">One of the ingredients of Ajoblanco is bread and it originates from Spain.</lex>
      <lex comment="good" lid="Id3">Bread is an ingredient of Ajoblanco which comes from Spain.</lex>
    </entry>
    </entries>
</benchmark>