<benchmark>
  <entries>
    <entry category="University" eid="Id2" shape="(X (X))" shape_type="NA" size="1">
      <originaltripleset>
        <otriple>Acharya_Institute_of_Technology | president | "B.M. Reddy"@en</otriple>
      </originaltripleset>
      <modifiedtripleset>
        <mtriple>Acharya_Institute_of_Technology | president | "B.M. Reddy"</mtriple>
      </modifiedtripleset>
      <lex comment="good" lid="Id1">The President of Acharya Institute of Technology is B. M. Reddy.</lex>
      <lex comment="good" lid="Id2">Acharya Institute of Technology's president is B.M. Reddy.</lex>
    </entry>
    </entries>
</benchmark>