,title,ingredients,directions,link,source,NER
0,No-Bake Nut Cookies,"[""1 c. firmly packed brown sugar"", ""1/2 c. evaporated milk"", ""1/2 tsp. vanilla"", ""1/2 c. broken nuts (pecans)"", ""2 Tbsp. butter or margarine"", ""3 1/2 c. bite size shredded rice biscuits""]","[""In a heavy 2-quart saucepan, mix brown sugar, nuts, evaporated milk and butter or margarine."", ""Stir over medium heat until mixture bubbles all over top."", ""Boil and stir 5 minutes more. Take off heat."", ""Stir in vanilla and cereal; mix well."", ""Using 2 teaspoons, drop and shape into 30 clusters on wax paper."", ""Let stand until firm, about 30 minutes.""]",www.cookbooks.com/Recipe-Details.aspx?id=44874,Gathered,"[""brown sugar"", ""milk"", ""vanilla"", ""nuts"", ""butter"", ""bite size shredded rice biscuits""]"
1,Jewell Ball'S Chicken,"[""1 small jar chipped beef, cut up"", ""4 boned chicken breasts"", ""1 can cream of mushroom soup"", ""1 carton sour cream""]","[""Place chipped beef on bottom of baking dish."", ""Place chicken on top of beef."", ""Mix soup and cream together; pour over chicken. Bake, uncovered, at 275\u00b0 for 3 hours.""]",www.cookbooks.com/Recipe-Details.aspx?id=699419,Gathered,"[""beef"", ""chicken breasts"", ""cream of mushroom soup"", ""sour cream""]"
2,Creamy Corn,"[""2 (16 oz.) pkg. frozen corn"", ""1 (8 oz.) pkg. cream cheese, cubed"", ""1/3 c. butter, cubed"", ""1/2 tsp. garlic powder"", ""1/2 tsp. salt"", ""1/4 tsp. pepper""]","[""In a slow cooker, combine all ingredients. Cover and cook on low for 4 hours or until heated through and cheese is melted. Stir well before serving. Yields 6 servings.""]",www.cookbooks.com/Recipe-Details.aspx?id=10570,Gathered,"[""frozen corn"", ""cream cheese"", ""butter"", ""garlic powder"", ""salt"", ""pepper""]"
3,Chicken Funny,"[""1 large whole chicken"", ""2 (10 1/2 oz.) cans chicken gravy"", ""1 (10 1/2 oz.) can cream of mushroom soup"", ""1 (6 oz.) box Stove Top stuffing"", ""4 oz. shredded cheese""]","[""Boil and debone chicken."", ""Put bite size pieces in average size square casserole dish."", ""Pour gravy and cream of mushroom soup over chicken; level."", ""Make stuffing according to instructions on box (do not make too moist)."", ""Put stuffing on top of chicken and gravy; level."", ""Sprinkle shredded cheese on top and bake at 350\u00b0 for approximately 20 minutes or until golden and bubbly.""]",www.cookbooks.com/Recipe-Details.aspx?id=897570,Gathered,"[""chicken"", ""chicken gravy"", ""cream of mushroom soup"", ""shredded cheese""]"
