{
    "data": [
        {
            "paragraphs": [
                {
                    "qas": [
                        {
                            "question": "Quel astronome a émit l'idée en premier d'une planète entre les orbites de Mars et Jupiter ?",
                            "id": "9f38825f-1bd3-4171-9d3b-b0c2c71e7de2",
                            "answers": [
                                {
                                    "text": "Johann Elert Bode",
                                    "answer_start": 136
                                }
                            ]
                        },
                        {
                            "question": "Quel astronome découvrit Uranus ?",
                            "id": "c2415641-9a62-4052-b57b-9a239da7599c",
                            "answers": [
                                {
                                    "text": "William Herschel",
                                    "answer_start": 404
                                }
                            ]
                        },
                        {
                            "question": "Quelles furent les découvertes finales des vingt-quatre astronomes ?",
                            "id": "5c59e19a-066c-4dc0-aa16-2871dcb12d39",
                            "answers": [
                                {
                                    "text": "plusieurs autres astéroïdes",
                                    "answer_start": 733
                                }
                            ]
                        },
                        {
                            "question": "Quelles furent les découvertes finales des vingt-quatre astronomes ?",
                            "id": "5c59e19a-066c-4dc0-aa16-2871dcb12d39",
                            "answers": [
                                {
                                    "text": "plusieurs autres astéroïdes",
                                    "answer_start": 733
                                }
                            ]
                        }
                    ],
                    "context": "L'idée selon laquelle une planète inconnue pourrait exister entre les orbites de Mars et Jupiter fut proposée pour la première fois par Johann Elert Bode en 1768. Ses suggestions étaient basées sur la loi de Titius-Bode, une théorie désormais obsolète proposée par Johann Daniel Titius en 1766,. Selon cette loi, le demi-grand axe de cette planète aurait été d'environ 2,8 ua. La découverte d'Uranus par William Herschel en 1781 accrut la confiance dans la loi de Titius-Bode et, en 1800, vingt-quatre astronomes expérimentés combinèrent leurs efforts et entreprirent une recherche méthodique de la planète proposée,. Le groupe était dirigé par Franz Xaver von Zach. Bien qu'ils n'aient pas découvert Cérès, ils trouvèrent néanmoins plusieurs autres astéroïdes."
                }
]
}
]
}

