idx	label	sentence
0	1	10in high bay 4 of the vehicle assembly building at nasa's kennedy space center in florida, technicians maneuver a second roll control system module into place for installation in the ares i-x segment.
1	1	13in the rotation, processing and surge facility at nasa's kennedy space center in florida, a technician performs propellant grain inspection of the inside of the ares i-x motor segment.
2	1	15in the vehicle assembly building's high bay 3, a yellow framework, lifts super stack 5 atop super stack 4.
3	1	16work platforms surround the ares i-x launch vehicle in the vehicle assembly building's high bay 4 at nasa's kennedy space center in florida.
4	1	17in the vehicle assembly building's high bay 3 at kennedy space center in florida, a technician works on a platform mounted on the interior wall of the upper stage simulator of the 327-foot-tall ares i-x rocket.
