<benchmark>
  <entries>
    <entry category="Monument" eid="Id1" shape="(X (X) (X) (X (X) (X) (X) (X)))" shape_type="mixed" size="7">
      <originaltripleset>
        <otriple>Turkey | leaderName | Ahmet_Davutoğlu</otriple>
        <otriple>Turkey | capital | Ankara</otriple>
        <otriple>Turkey | largestCity | Istanbul</otriple>
        <otriple>Atatürk_Monument_(İzmir) | material | "Bronze"@en</otriple>
        <otriple>Turkey | currency | Turkish_lira</otriple>
        <otriple>Atatürk_Monument_(İzmir) | open | "1932-07-27"^^xsd:date</otriple>
        <otriple>Atatürk_Monument_(İzmir) | location | Turkey</otriple>
      </originaltripleset>
      <modifiedtripleset>
        <mtriple>Turkey | leaderName | Ahmet_Davutoğlu</mtriple>
        <mtriple>Turkey | capital | Ankara</mtriple>
        <mtriple>Turkey | largestCity | Istanbul</mtriple>
        <mtriple>Atatürk_Monument_(İzmir) | material | "Bronze"</mtriple>
        <mtriple>Turkey | currency | Turkish_lira</mtriple>
        <mtriple>Atatürk_Monument_(İzmir) | inaugurationDate | "1932-07-27"</mtriple>
        <mtriple>Atatürk_Monument_(İzmir) | location | Turkey</mtriple>
      </modifiedtripleset>
      <lex comment="good" lid="Id1">The lira is the official currency of Turkey where Ahmet Davutoglu is the leader. Although the largest city is Istanbul the capital city is Ankara. The country is the location of the bronze Ataturk in Izmir which was inaugurated on 27 July 1932.</lex>
      <lex comment="good" lid="Id2">The Atatürk Monument is a bronze monument inaugurated on 27th July, 1932, in Izmir. It is found in Turkey, a country which has Ankara as its capital and Istanbul as its largest city. The leader of Turkey is called Ahmet Davutoğlu, and the currency is the Turkish lira.</lex>
      <lex comment="good" lid="Id3">The leader of Turkey is Ahmet Davutoglu and although Istanbul is the largest city in Turkey the capital is Ankara. The country's currency is the Turkish lira. The country is the location of the bronze Ataturk monument at Izmir which was inaugurated on 27 July 1932.</lex>
    </entry>
    </entries>
</benchmark>