<benchmark>
  <entries>
    <entry category="CelestialBody" eid="Id1" size="4">
      <originaltripleset>
        <otriple>(15788)_1993_SB | discoverer | Donal_O'Ceallaigh</otriple>
        <otriple>(15788)_1993_SB | orbitalPeriod | 7.72943e+09</otriple>
        <otriple>(15788)_1993_SB | periapsis | 3.9971e+12</otriple>
        <otriple>(15788)_1993_SB | epoch | "2006-03-06"^^xsd:date</otriple>
      </originaltripleset>
      <originaltripleset>
        <otriple>(15788)_1993_SB | discoverer | Donal_O'Ceallaigh</otriple>
        <otriple>(15788)_1993_SB | epoch | "March 6, 2006 (JD2453800.5)"</otriple>
        <otriple>(15788)_1993_SB | orbitalPeriod | 7.72943e+09</otriple>
        <otriple>(15788)_1993_SB | periapsis | 3.9971e+12</otriple>
      </originaltripleset>
      <modifiedtripleset>
        <mtriple>(15788)_1993_SB | discoverer | Donal_O'Ceallaigh</mtriple>
        <mtriple>(15788)_1993_SB | epoch | 2006-03-06</mtriple>
        <mtriple>(15788)_1993_SB | orbitalPeriod | 7729430000.0</mtriple>
        <mtriple>(15788)_1993_SB | periapsis | 3997100000000.0</mtriple>
      </modifiedtripleset>
      <lex comment="good" lid="Id1">Donal O'Ceallaigh discovered (15788) 1993 SB which has an epoch date of March 6th 2006. It has an orbital period of 7729430000 and a periapsis of 3997100000000.</lex>
      <lex comment="good" lid="Id2">The celestial body known as (15788) 1993 SB has a periapsis of 3997100000000 and an orbital period of 7729430000.0. It was discovered by Donal O Ceallaigh and has the epoch date of 6 March 2006.</lex>
      <lex comment="good" lid="Id3">(15788) 1993 SB has an epoch date of March 6th 2006 and was discovered by Donal O Ceallaigh. It has an orbital period of 7729430000 and a periapsis of 3997100000000.0.</lex>
    </entry>
    </entries>
</benchmark>