<benchmark>
  <entries>
    <entry category="City" eid="Id5" shape="(X (X) (X (X) (X)))" shape_type="mixed" size="4">
      <originaltripleset>
        <otriple>Angola,_Indiana | subdivisionName | Indiana</otriple>
        <otriple>United_States | demonym | Americans</otriple>
        <otriple>United_States | ethnicGroup | Native_Americans_in_the_United_States</otriple>
        <otriple>Angola,_Indiana | country | United_States</otriple>
      </originaltripleset>
      <modifiedtripleset>
        <mtriple>Angola,_Indiana | isPartOf | Indiana</mtriple>
        <mtriple>United_States | demonym | Americans</mtriple>
        <mtriple>United_States | ethnicGroup | Native_Americans_in_the_United_States</mtriple>
        <mtriple>Angola,_Indiana | country | United_States</mtriple>
      </modifiedtripleset>
      <lex comment="good" lid="Id1">Angola, Indiana is in the U.S. where Native Americans are an ethnic group, and the inhabitants are called Americans.</lex>
      <lex comment="good" lid="Id2">In the U.S. where the people are known as Americans, there are also Native Americans and a city known as Angola in Indiana.</lex>
      <lex comment="good" lid="Id3">Angola is a city in Indiana, United States. The country's inhabitants are called Americans and Native Americans are an ethnic group.</lex>
    </entry>
    </entries>
</benchmark>