<benchmark>
  <entries>
    <entry category="SportsTeam" eid="Id1" shape="(X (X (X) (X) (X)))" shape_type="mixed" size="4">
      <originaltripleset>
        <otriple>1._FC_Magdeburg | manager | Jens_Härtel</otriple>
        <otriple>Jens_Härtel | managerClub | SV_Babelsberg_03</otriple>
        <otriple>Jens_Härtel | team | 1._FC_Union_Berlin</otriple>
        <otriple>Jens_Härtel | clubs | FSV_Zwickau</otriple>
      </originaltripleset>
      <modifiedtripleset>
        <mtriple>1._FC_Magdeburg | manager | Jens_Härtel</mtriple>
        <mtriple>Jens_Härtel | club | SV_Babelsberg_03</mtriple>
        <mtriple>Jens_Härtel | club | 1._FC_Union_Berlin</mtriple>
        <mtriple>Jens_Härtel | club | FSV_Zwickau</mtriple>
      </modifiedtripleset>
      <lex comment="good" lid="Id1">Jens Härtel has been the manager of 1 FC Magdeburg, part of SV Babelsberg 03 club and 1 FC Union Berlin. He is also attched to FSV Zwickau.</lex>
    </entry>
    </entries>
</benchmark>