<benchmark>
  <entries>
    <entry category="Airport" eid="Id1" shape="(X (X) (X) (X) (X))" shape_type="sibling" size="4">
      <originaltripleset>
        <otriple>Aarhus_Airport | runwayLength | "2776.73"^^xsd:double</otriple>
        <otriple>Aarhus_Airport | operator | "Aarhus Lufthavn A/S"@en</otriple>
        <otriple>Aarhus_Airport | elevation | "25.0"^^xsd:double</otriple>
        <otriple>Aarhus_Airport | runwayDesignation | "10L/28R"</otriple>
      </originaltripleset>
      <originaltripleset>
        <otriple>Aarhus_Airport | runwayLength | "2776.73"^^xsd:double</otriple>
        <otriple>Aarhus_Airport | operator | "Aarhus Lufthavn A/S"@en</otriple>
        <otriple>Aarhus_Airport | elevation | "24.9936"^^xsd:double</otriple>
        <otriple>Aarhus_Airport | runwayDesignation | "10L/28R"</otriple>
      </originaltripleset>
      <modifiedtripleset>
        <mtriple>Aarhus_Airport | runwayLength | 2776.0</mtriple>
        <mtriple>Aarhus_Airport | operatingOrganisation | "Aarhus Lufthavn A/S"</mtriple>
        <mtriple>Aarhus_Airport | elevationAboveTheSeaLevel_(in_metres) | 25.0</mtriple>
        <mtriple>Aarhus_Airport | runwayName | "10L/28R"</mtriple>
      </modifiedtripleset>
      <lex comment="good" lid="Id1">Operated by Aarhus Lufthavn A/S, Aarhus Airport is 25 metres above sea level. It has a runway length of 2776.0 and the runway name, 10L/28R.</lex>
      <lex comment="good" lid="Id2">Aarhus Lufthavn A/S is the operation organisation of Aarhus Airport which is 25.0 metres above the sea level. It has a runway length of 2776.0 and a runway with the name 10L/28R.</lex>
    </entry>
    </entries>
</benchmark>