{
    "category": "COLLEGE MOVIES", 
    "search_results": [
        {
            "url": "/url?q=https://www.amazon.com/Freshman-Marlon-Brando/dp/B002JCOZLM&sa=U&ved=0ahUKEwi52viV5PPPAhUC54MKHZbrC58QFggUMAA&usg=AFQjCNH0DJma7Ofb69Bi_t6AO5p0qOoiIw", 
            "snippet": "Marlon Brando stars as a Mob boss whose influence on a naive college boy (\nMatthew Broderick) saves the life of a Komodo dragon. ... He is stunned to meet \nhis boss, Carmine Sabatini (Marlon Brando), who happens to look and .... still in \nhis passive \"Ferris Bueller\" everyman phase) who inadvertently gets mixed up \nwith a...", 
            "related_links": null, 
            "title": "Amazon.com: The Freshman: Marlon Brando, Matthew Broderick ..."
        }, 
        {
            "url": "/url?q=http://uproxx.com/movies/the-freshman-marlon-brando-matthew-broderick-andrew-bergman/&sa=U&ved=0ahUKEwi52viV5PPPAhUC54MKHZbrC58QFggXMAE&usg=AFQjCNFtL5CO-b_9Z-5rhgAs9pPOkN9X1A", 
            "snippet": "Nov 18, 2015 ... Marlon Brando proved that when he referred to The Freshman, his first starring ... \nwas how Brando's remarks affected his co-stars, and especially Matthew ... After \nall, Clark is sent to pick up a Komodo dragon for Carmine, but experts .... He had \ndone Ferris Bueller  he was the hottest actor of his age and he...", 
            "related_links": null, 
            "title": "'The Freshman' Turns 25, A Look Back At Marlon Brando's Bizarre ..."
        }, 
        {
            "url": "/url?q=http://j-archive.com/showgame.php%3Fgame_id%3D2291&sa=U&ved=0ahUKEwi52viV5PPPAhUC54MKHZbrC58QFggcMAI&usg=AFQjCNG9y5AoysuJnxd78lAyh-uRNkvW0A", 
            "snippet": "This \"Spin City\" & \"Family Ties\" star sold fishing reels in Japanese ads .... This \"\nFerris Bueller\" star meets up with Marlon Brando & a komodo dragon in \"The...", 
            "related_links": null, 
            "title": "J! Archive - Show #3724, aired 2000-11-09"
        }, 
        {
            "url": "/url?q=https://www.pinterest.com/pin/290904457154921845/&sa=U&ved=0ahUKEwi52viV5PPPAhUC54MKHZbrC58QFgggMAM&usg=AFQjCNEb37OaOTl-QAKkj4ng98_L_m5RLg", 
            "snippet": "Soon, Clark is illegally transporting komodo dragons, being sought after by ... \nTHE FRESHMAN, Marlon Brando, Matthew Broderick, 1990 | Essential Film Stars\n, ... FERRIS BUELLER'S DAY OFF, Matthew Broderick, 1986 | Essential Film \nStars, ... 1918, Matthew Broderick, 1985 | Essential Film Stars, Matthew Broderick\n...", 
            "related_links": null, 
            "title": "THE FRESHMAN, Marlon Brando, Penelope Ann Miller, Bruno Kirby ..."
        }, 
        {
            "url": "/url?q=http://newsok.com/article/2326179&sa=U&ved=0ahUKEwi52viV5PPPAhUC54MKHZbrC58QFggiMAQ&usg=AFQjCNF6UR5d92RMaBTGJe4GxGaqY3X-nA", 
            "snippet": "Aug 3, 1990 ... I'm a very big fan of Marlon Brando,\" says Broderick, who stars with Brando and a \nKomodo dragon in \"The Freshman,\" which opened ... a freshman in college who \nmeets Carmine Sabatini (Brando), a prominent New ... \"When I heard that he said \nthat, I felt maybe he might have meant it, so I called him up.", 
            "related_links": null, 
            "title": "Broderick a Big Fan of Brando | News OK"
        }, 
        {
            "url": "/url?q=https://koisqrubura03.info/product-reviews/B018YJRSY4/ref%3Dacr_arpsims_text%3Fie%3DUTF8%26showViewpoints%3D1&sa=U&ved=0ahUKEwi52viV5PPPAhUC54MKHZbrC58QFggmMAU&usg=AFQjCNEATcxI6ozv3jxH75Wpq7kTXJ_tbA", 
            "snippet": "He is stunned to meet his boss, Carmine Sabatini (Marlon Brando), who ... was \nnot actually written for Brando, and that the Komodo Dragon was played by a \nnumber of similar-looking giant monitors. ..... passive \"Ferris Bueller\" everyman \nphase) who inadvertently gets mixed up ..... 12 stars, watch this until hemorrhoid \neyes!", 
            "related_links": null, 
            "title": "Amazon.com: Customer Reviews: The Freshman"
        }, 
        {
            "url": "/url?q=https://www.moviefone.com/2011/10/17/matthew-broderick-marlon-brando-hiff-story/&sa=U&ved=0ahUKEwi52viV5PPPAhUC54MKHZbrC58QFggoMAY&usg=AFQjCNFIqT6CqVgZlS3wpylxw0Jh_yaOuw", 
            "snippet": "Oct 17, 2011 ... Morning Grind: You'll Never Guess What Film Marlon Brando Was ... with \nBroderick in 'The Freshman' -- the 'Ferris Bueller' star offered a fairly...", 
            "related_links": null, 
            "title": "Morning Grind: You'll Never Guess What Film Marlon Brando Was ..."
        }, 
        {
            "url": "/url?q=https://www.newspapers.com/newspage/101985464/&sa=U&ved=0ahUKEwi52viV5PPPAhUC54MKHZbrC58QFggsMAc&usg=AFQjCNFj3NX6zE6z_zllrlB-n6--DXrxBQ", 
            "snippet": "Jul 27, 1990 ... Who would pass up an opportunity to work with Marlon Brando? self,\" ... Matthew \nBroderick, right, stars with Marlon Brando in The Freshman. ... And his doctored \"\nThere She Is, Miss America\" sung to a Komodo dragon is an all-timer. ... has put \nFamily Business behind him but is back in Ferris Bueller form.", 
            "related_links": null, 
            "title": "The Cincinnati Enquirer from Cincinnati, Ohio  Page 39"
        }, 
        {
            "url": "/url?q=https://www.theproducersperspective.com/my_weblog/2012/04/the-sunday-giveaway-2-tickets-to-nice-work-if-you-can-get-it.html&sa=U&ved=0ahUKEwi52viV5PPPAhUC54MKHZbrC58QFggwMAg&usg=AFQjCNHo8sc7zDmvFhxGF1LzdiXPNFWstg", 
            "snippet": "Could be a real star vehicle for a young up-and-coming actress in Reese's role, ... \nI'm gonna have to go with Election, if I can't say Ferris Bueller! ...... And I totally \nsee Rob Bartlett being Marlon Brando in Marlon Brando's role in The Freshman. \nAnd I think they should use a real Komodo Dragon in The Freshmanthat alone...", 
            "related_links": null, 
            "title": "The Sunday Giveaway: 2 Tickets to Nice Work If You Can Get It | The ..."
        }, 
        {
            "url": "/url?q=http://www.bravotv.com/watch-what-happens-live/season-1/blogs/andy-cohen/10-questions-with-matthew-broderick&sa=U&ved=0ahUKEwi52viV5PPPAhUC54MKHZbrC58QFggzMAk&usg=AFQjCNGIz-VjV9kg0dw7xovWa56_pgp2uA", 
            "snippet": "Nov 21, 2006 ... Andy chats with the star of Deck the Halls. ... BACK WITH A LITTLE MATTHEW \nBRODERICK CO-STAR WORD ASSOCIATION MARLON BRANDO. lizard (cuz \nthere was a lizard in \"The Freshman\") ... I gotta say Ferris Bueller because \neverybody thinks that. ... DID YOU EVER MEET JIMMY MCNICHOL?", 
            "related_links": null, 
            "title": "10 Questions With Matthew Broderick | Watch What Happens Live ..."
        }, 
        {
            "url": "/url?q=http://www.theaceblackblog.com/2016_01_01_archive.html&sa=U&ved=0ahUKEwi52viV5PPPAhUC54MKHZbrC58QFgg4MAo&usg=AFQjCNH7KU7obMfFVq_puXAyARjpid0Cuw", 
            "snippet": "Jan 30, 2016 ... Violet does meet handsome Australian burger flipper Kevin ... A comedy about \nfriendship and coming of age, Ferris Bueller's Day Off is a ... The Freshman \nbenefits from a fine Marlon Brando performance ... The cargo turns out to be a \nrare Komodo dragon being illegally ... The Index of Movie Stars is here.", 
            "related_links": null, 
            "title": "January 2016 | The Ace Black Blog"
        }, 
        {
            "url": "/url?q=http://uproxx889.rssing.com/chan-25269422/all_p11.html&sa=U&ved=0ahUKEwi52viV5PPPAhUC54MKHZbrC58QFgg8MAs&usg=AFQjCNHNZ4SnNtLzE-qHGKzEzvWp5i6kAA", 
            "snippet": "11/18/15--10:45: _'The Freshman' At 2. ... 12/28/15--09:10: _Tupac Biopic Star S.. \n... I was going to meet Klay Thompson  who was in L.A. with the Warriors for ... \nand Ferris Bueller's Day Off , while other studios and directors desperately tried ... \nKomodo dragon 2The Freshman Marlon Brando Matthew Broderick dorm room...", 
            "related_links": null, 
            "title": "Page 11 - interviews  UPROXX"
        }, 
        {
            "url": "/url?q=https://mk4567blog.wordpress.com/2013/10/23/how-bout-a-3-star-movie/&sa=U&ved=0ahUKEwi52viV5PPPAhUC54MKHZbrC58QFgg_MAw&usg=AFQjCNEKg5tA9GquJGRVWOm8a_tCHRZ2SQ", 
            "snippet": "Oct 23, 2013 ... The two meet and fall in love. ... The Freshman = Entering college in NYC to \nstudy film making, ... Marlon Brando, near the end of his career, plays off his \nGodfather ... Matthew Broderick, post-Ferris Bueller and pre-Broadway, portrays \n... A Komodo Dragon delivery leads to a confrontation between good and...", 
            "related_links": null, 
            "title": "HOW 'BOUT A 3-STAR MOVIE! | marc's blog"
        }, 
        {
            "url": "/url?q=http://www.revolvy.com/main/index.php%3Fs%3DMother%2520Is%2520a%2520Freshman%26item_type%3Dtopic&sa=U&ved=0ahUKEwi52viV5PPPAhUC54MKHZbrC58QFghDMA0&usg=AFQjCNG-eiMt6m3U4zawmCIE6Ymaui4Ovg", 
            "snippet": "While Susan thinks Abby is checking up on her boyfriend-to-be, Richard invites \n..... Films that are eligible for the award must meet a series of criteria, including \nthe .... The Freshman is a 1990 American crime comedy film starring Marlon \nBrando ... including his being tasked with delivering a Komodo dragon for this \npurpose.", 
            "related_links": null, 
            "title": "Mother Is a Freshman - Topics"
        }, 
        {
            "url": "/url?q=http://dubosden.blogspot.com/2011_10_01_archive.html&sa=U&ved=0ahUKEwi52viV5PPPAhUC54MKHZbrC58QFghGMA4&usg=AFQjCNH_VlA1Jwvcmj_Tktga377NdsC_tQ", 
            "snippet": "Oct 29, 2011 ... Later, Sweetman meets the widow (Gwynyth Walsh) of Hans ... quite funny, \nparticularly with how treats the \"star\" of La Fin Absolue De Monde, ... Soon other \ncorpses turn up, and they all share two similarities: they died ..... The Freshman ... \nSoon, Clark is illegally transporting komodo dragons, being sought...", 
            "related_links": null, 
            "title": "Dubo's Den: October 2011"
        }, 
        {
            "url": "/url?q=https://www.watchmovi.es/us/search/Matthew%2520Broderick&sa=U&ved=0ahUKEwi52viV5PPPAhUC54MKHZbrC58QFghKMA8&usg=AFQjCNFIwhc9zF2Nb6RHzF2haoKXQbfSlg", 
            "snippet": "Ferris Bueller. ... Marlon Brando triumphs in his first starring role in ten years as \nCarmine ... deeper into an ingenious scam involving an endangered Komodo \nDragon, ... Matthew Broderick (\"The Freshman,\" \"Glory\"), Academy Award-\nnominee .... Broderick star in this romantic comedy about two jilted lovers who \nmeet while...", 
            "related_links": null, 
            "title": "Matthew Broderick - Watch Movies [watchmovi.es]"
        }, 
        {
            "url": "/url?q=http://schusteratthemovies.blogspot.com/2011_11_01_archive.html&sa=U&ved=0ahUKEwi52viV5PPPAhUC54MKHZbrC58QFghMMBA&usg=AFQjCNE5UuIMjQWrtIbdlnvYlxkTl8rjWA", 
            "snippet": "Nov 5, 2011 ... 7.5/10 stars. ... If you deliver a savage beating to an up-and-coming gangster, you \n.... The Freshman (1990). Synopsis: It's Ferris Bueller meets The Godfather. No, \nreally... Blurb From the VHS Jacket: Marlon Brando triumphs in his first ... and \nHawaiian tiger fish make a nice substitution for komodo dragon...", 
            "related_links": null, 
            "title": "Schuster at the Movies: November 2011"
        }, 
        {
            "url": "/url?q=http://www.hollywoodteenmovies.com/forsalematthewbroderick.html&sa=U&ved=0ahUKEwi52viV5PPPAhUC54MKHZbrC58QFghQMBE&usg=AFQjCNFSos-FV9mBRr57zskDp2htFIWyMg", 
            "snippet": "Marsha Mason and Matthew Broderick, in his film debut, co-star. ... Ferris \nBueller's Day Off(1986) VHS ... When he learns of the experiment's fatal \nconsequences, he teams up with the apes' trainer ... The Freshman [DVD](1990) \nDVD ... schlepping a Komodo dragon across New Jersey, and engaged to \nBrando's daughter.", 
            "related_links": null, 
            "title": "MATTHEW BRODERICK VIDEOS & DVD'S AT HOLLYWOOD TEEN ..."
        }, 
        {
            "url": "/url?q=http://imdb.k5-stats.org/movie-titles.txt&sa=U&ved=0ahUKEwi52viV5PPPAhUC54MKHZbrC58QFghSMBI&usg=AFQjCNGMrnOZ2VRNWCRXj3kiO_8lnCmiUg", 
            "snippet": "10: Hollywood Grows Up Screen Snapshots: Memories of Famous ... Die La \npassione Stanley's Dragon The Incredible Adventures of Marco Polo The ...... Tell \nLaw of the Underworld Liliom Meet the Stars #8: Stars Past and Present Men with \n...... La lavadora La tierra desde la Luna Marlon Brando Milosc na wybiegu \nPiedras...", 
            "related_links": null, 
            "title": "Nykytaiteen museo Suuri illusioni American Pimp Beats - Index of"
        }, 
        {
            "url": "/url?q=https://readlarrypowell.typepad.com/read_larry_powell/page/3/&sa=U&ved=0ahUKEwi52viV5PPPAhUC54MKHZbrC58QFghVMBM&usg=AFQjCNETk5GquVPy9zF6veshDriaDPwYFw", 
            "snippet": "It seemed like a giving-up statement but Vickie asked me to start looking for a .... \n[LARRY ASIDE: Star Wars fans can, I think, applaud the selection of that name ..... \nAs long as we're talking seniors, whats the greatest comedy with Marlon Brando? \nWe'll nominate an ol' favorite from 1990, The Freshman, with Ferris Bueller, er,...", 
            "related_links": null, 
            "title": "If You Cut and Paste... - ReadLarryPowell.com - Typepad"
        }, 
        {
            "url": "/url?q=https://www.scribd.com/doc/316944917/Vocab-Phillips&sa=U&ved=0ahUKEwi52viV5PPPAhUC54MKHZbrC58QFghXMBQ&usg=AFQjCNGBGy3hKSKjdAcv7hN93N5Ib7vcjw", 
            "snippet": "Vocab Phillips - Ebook download as PDF File (.pdf), Text File (.txt) or read book \nonline. improve your english vocabulary.", 
            "related_links": null, 
            "title": "Vocab Phillips - Scribd"
        }, 
        {
            "url": "/url?q=http://z6.invisionfree.com/BoardWithEverything/index.php%3Fshowtopic%3D96%26st%3D1160&sa=U&ved=0ahUKEwi52viV5PPPAhUC54MKHZbrC58QFghZMBU&usg=AFQjCNEN54USftMDeWynOW0p2q3DPYtCYA", 
            "snippet": "Aug 13, 2010 ... Marlon Brando, The Freshman ... big speech from On The Waterfront while \ntalking to a komodo dragon. ... Napoleon Dynamite star Jon Heder plays an \noverwrought street ... That's why when they meet up in Maverick, as entirely \ndifferent ..... Ferris Bueller's Day Off also stands as a corrective to the up with...", 
            "related_links": null, 
            "title": "Board With Everything -> The Book Of Lists: TV/Movie Edition ..."
        }, 
        {
            "url": "/url?q=http://minx.cc/%3Fpost%3D348659&sa=U&ved=0ahUKEwi52viV5PPPAhUC54MKHZbrC58QFghdMBY&usg=AFQjCNGK0AIMGDhMipgkJSDoQVW-wYexlw", 
            "snippet": "Apr 19, 2014 ... Posted by: Krebs v Carnot: Epic Battle of the Cycling Stars  at April 19, 2014 .... \nOne of my favorite bits in Battleship is how when loser screw up guy winds up in \n..... 189 If no one's suggested it yet, might \"The Freshman\" be considered? Marlon \nBrando, Bert Parks singing \"Tequila\", and a Komodo dragon.", 
            "related_links": null, 
            "title": "Announcing The First In A Series Movie thread - [Niedermeyer's ..."
        }, 
        {
            "url": "/url?q=http://52.6.88.216/feeds/3688009/mr-peels-sardine-liqueur&sa=U&ved=0ahUKEwi52viV5PPPAhUC54MKHZbrC58QFghhMBc&usg=AFQjCNFk3EpHeBN24ar1ZxmvymkxedANSA", 
            "snippet": "It's also a film about two movie stars playing those losers who are mismatched ... \nLate one night she wanders into a bar for a pizza where she meets cocktail ...... a \njob with his uncle, Carmine Sabatini (Marlon Brando) a mysterious importer also \n... first being to pick up a Komodo dragon from the airport for mysterious reasons.", 
            "related_links": null, 
            "title": "Mr. Peel's Sardine Liqueur - Feedage - 3688009"
        }, 
        {
            "url": "/url?q=http://dreamworldhelper.blogspot.com/2011/09/carla-answer-mary-elizabeth.html&sa=U&ved=0ahUKEwi52viV5PPPAhUC54MKHZbrC58QFghkMBg&usg=AFQjCNGsH1hR-WODZX0Ja2-96rBiBq0GVw", 
            "snippet": "Question: Star wars: what actor supplied the voice for darth vader. Answer: james \n...... Question: 1953 - Marlon Brando - Starred In This Movie: Answer: Julius...", 
            "related_links": null, 
            "title": "Dream World Helper"
        }, 
        {
            "url": "/url?q=http://movie.css4.us/&sa=U&ved=0ahUKEwi52viV5PPPAhUC54MKHZbrC58QFghnMBk&usg=AFQjCNEbmm2WxUiuY2UH-ut0Pkx-INGM6A", 
            "snippet": "A stranger, played by Christopher Lloyd, shows up on the Addams doorstep, .... \nAlong the way, we meet a clutch of stock disaster movie passengers like the ...... \nnot in the way he figured -- it turns out he's accepting delivery of a komodo \ndragon, ...... Marlon Brando and Al Pacino star as Vito Corleone and his youngest \nson,...", 
            "related_links": null, 
            "title": "Catalog created on 10/30/2011 with Ant Movie Catalog. Number ..."
        }, 
        {
            "url": "/url?q=http://wikivisually.com/wiki/Croft_Farm&sa=U&ved=0ahUKEwi52viV5PPPAhUC54MKHZbrC58QFghqMBo&usg=AFQjCNFVJp_CtGjGm-DNcL6GKRqPeD1kRA", 
            "snippet": "Cherry Hill is a township in Camden County, New Jersey, in the United States. As \nof the 2010 United States Census, the township had a population of 71,045,...", 
            "related_links": null, 
            "title": "Croft Farm - WikiVisually"
        }, 
        {
            "url": "/url?q=http://www.bayho.com/mm5/images/products200804/Data.txt&sa=U&ved=0ahUKEwi52viV5PPPAhUC54MKHZbrC58QFghtMBs&usg=AFQjCNGFcdx45tOmCiJrVLWgMVEsNV24hA", 
            "snippet": "<BR><BR>Stars Jennifer Jones : Oscar winning actress, THE SONG OF ...... <BR\n>They meet again when Lancelot turns up at one of Camelot's public \ntournaments, and ...... And not to forget the adorable Komodo dragon who steals \nthe show. ... Actor, FERRIS BUELLER'S DAY OFF (1986)<BR> Marlon Brando : \nOscar winning...", 
            "related_links": null, 
            "title": "Product Name Item Number UPC Number Prebook Date Release ..."
        }, 
        {
            "url": "/url?q=http://ad-teaching.informatik.uni-freiburg.de/InformationRetrievalWS1516/movie-titles-ascii.txt&sa=U&ved=0ahUKEwi52viV5PPPAhUC54MKHZbrC58QFghwMBw&usg=AFQjCNEZBMhB0rh6bLdxyfZLTpZBSY-ldQ", 
            "snippet": "India Cosmopolis Diary of the Dead Step Up 2: The Streets Triumph of the Will ... \nLakeview Terrace The Company Kiss of the Dragon The Thing Jin-Roh: The Wolf \n...... Obscure Object of Desire The Freshman The Vicar of Wakefield Afghan Star \n...... My Hero My First Romance My Marlon and Brando National Lampoon's TV:...", 
            "related_links": null, 
            "title": "Kony 2012 Television Dark Shadows Secure Digital The Hunger ..."
        }, 
        {
            "url": "/url?q=http://knowitall.cs.washington.edu/leibniz/cleanlists/film.list&sa=U&ved=0ahUKEwi52viV5PPPAhUC54MKHZbrC58QFghyMB0&usg=AFQjCNHPSha5V36Vkw4MsaMJc7lCatp7oQ", 
            "snippet": "21 Eyes Other Voices Dragon from Shaolin The Dukes Tender Loving Care Klimt \n...... Inc.: The Story of Martha Stewart Poto and Cabengo Ferris Bueller's Day Off \n... Coup de Grce The Freshman The Empathic Coach Snoop The Shock Love \n..... Devil Is a Woman Hunting and Gathering Afton Nills' Casting for Stars 1 Meet\n...", 
            "related_links": null, 
            "title": "film.list - University of Washington"
        }, 
        {
            "url": "/url?q=http://www.video-online-store.com/favr/1M9JFES45PBOZ.html&sa=U&ved=0ahUKEwi52viV5PPPAhUC54MKHZbrC58QFgh1MB4&usg=AFQjCNEGATLj8wVICfTlJiFKS2rmW8W0Xg", 
            "snippet": "The Freshman is probably best known for Marlon Brando doing a parody of ... \nMatthew Broderick stars as Clark Kellogg, a freshman at NYU film school ... when \nhe finds out that the cargo he is to move is, in fact, a Komodo dragon. .... Ferris \nBueller's Day Off\" rank up on my list as one of the worst popular movies of all \ntimes.", 
            "related_links": null, 
            "title": "Video-Online-Store - Genres - Comedy - Black Comedy - Best ..."
        }
    ], 
    "air_date": "2000-11-09", 
    "question": "This \"Ferris Bueller\" star meets up with Marlon Brando & a komodo dragon in \"The Freshman\"", 
    "value": "$800", 
    "round": "Double Jeopardy!", 
    "answer": "Matthew Broderick", 
    "id": 30001, 
    "show_number": "3724"
}