{
    "category": "B.C. PEOPLE", 
    "search_results": [
        {
            "url": "/url?q=http://m.youtube.com/watch%3Fv%3DFRaRCCUb1xo&sa=U&ved=0ahUKEwj80JaS5PPPAhVs1oMKHXJeDsMQFggUMAA&usg=AFQjCNGH6awCwBLyOZGrnHHu0HDw36oCpQ", 
            "snippet": "Jun 29, 2016 ... Of Samos, Davos or Junior, the island on which Pythagoras was born # Quiz # \nQuestion. video. 0:28 0 likes, 0 dislikes. No views. Amazing...", 
            "related_links": null, 
            "title": "Of Samos, Davos or Junior, the island on which Pythagoras was ..."
        }, 
        {
            "url": "/url?q=http://www.j-archive.com/showgame.php%3Fgame_id%3D2291%26highlight%3Drhyme&sa=U&ved=0ahUKEwj80JaS5PPPAhVs1oMKHXJeDsMQFggXMAE&usg=AFQjCNFAXbE0zm5ub1Vp1RkSs8yc423kcw", 
            "snippet": "Genevieve Romeo, a junior at Ursinus College from Yonkers, New York. Jim \nGiesen, a .... Of Samos, Davos or Junior, the island on which Pythagoras was \nborn...", 
            "related_links": null, 
            "title": "J! Archive - Show #3724, aired 2000-11-09"
        }, 
        {
            "url": "/url?q=https://en.wikipedia.org/wiki/Pythagoras&sa=U&ved=0ahUKEwj80JaS5PPPAhVs1oMKHXJeDsMQFggaMAI&usg=AFQjCNGmUFRRHPrGRvVsx72unGGSdzdtSA", 
            "snippet": "Pythagoras of Samos (US /prs/; UK /pars/; Greek: \n   ... He was born on the island of Samos, and travelled, \nvisiting Egypt and Greece, and maybe India. Around 530 BC, he moved to Croton\n, in Magna...", 
            "related_links": null, 
            "title": "Pythagoras - Wikipedia"
        }, 
        {
            "url": "/url?q=http://www-groups.dcs.st-and.ac.uk/history/Biographies/Pythagoras.html&sa=U&ved=0ahUKEwj80JaS5PPPAhVs1oMKHXJeDsMQFggeMAM&usg=AFQjCNHH1v5-hN5QRuAQfAo3vc7_Q3-jQA", 
            "snippet": "Biography of Pythagoras (about 569 BC-about 475 BC) ... Pythagoras of Samos \nis often described as the first pure mathematician. ... control of Samos after \nPolycrates' death and he would have controlled the island on Pythagoras's return\n.", 
            "related_links": null, 
            "title": "Pythagoras biography - University of St Andrews"
        }, 
        {
            "url": "/url?q=http://www.timelines.ws/countries/GREECE.HTML&sa=U&ved=0ahUKEwj80JaS5PPPAhVs1oMKHXJeDsMQFgghMAQ&usg=AFQjCNFHcbqNI0Fa65c-iWSFU9_LNdCBsQ", 
            "snippet": "580BC-500BC Pythagoras was born on Samos. ... 525BC On the island of \nSamos, Greece, castles were built. ...... In 2005 Speros Vryonis Jr. authored The \nMechanisms of Catastrophe: The Turkish Pogrom of September 6-7, ..... 1988 At \nDavos, Switzerland, during the World Economic Forum, Prime Ministers \nPapandreou of...", 
            "related_links": null, 
            "title": "Timeline Greece"
        }, 
        {
            "url": "/url?q=https://www.pinterest.com/pin/571464640186832103/&sa=U&ved=0ahUKEwj80JaS5PPPAhVs1oMKHXJeDsMQFgglMAU&usg=AFQjCNHnrF-ofNaa5QwaploiE8lihwXlPg", 
            "snippet": "Carl Friedrich Gauss- Child prodigy Gauss, the 'Prince of Mathematics', made his \nfirst major discovery whilst still a teenager, and wrote the incredible...", 
            "related_links": null, 
            "title": "Carl Friedrich Gauss- Child prodigy Gauss, the 'Prince of ... - Pinterest"
        }, 
        {
            "url": "/url?q=https://www.pinterest.com/pin/354165958168864961/&sa=U&ved=0ahUKEwj80JaS5PPPAhVs1oMKHXJeDsMQFggoMAY&usg=AFQjCNEQi9p5eIQIS5shTSMTSXf-9TBqrQ", 
            "snippet": "I am obsessed with azure oceans and a trip to the island Bora Bora Menorca, ...... \nTop 10 Greek Islands you should visit in Greece - Samos, a Greek island in the...", 
            "related_links": null, 
            "title": "Lopburi,Thailand | Phuket, Turquoise and Thailand - Pinterest"
        }, 
        {
            "url": "/url?q=https://archive.org/stream/cu31924026954804/cu31924026954804_djvu.txt&sa=U&ved=0ahUKEwj80JaS5PPPAhVs1oMKHXJeDsMQFggrMAc&usg=AFQjCNE8mk2ocW0C4GRnKa0LFgL5RKbPTg", 
            "snippet": "The neighbouring island of Euboea was of great importance to Boeotia, both \nbecause it ...... The crane, ye/Davos (M. Gk XeXeKi), still breeds in Macedonia \nand Asia Minor. Its lofty ...... Said to have been the teacher of Pythagoras of \nSamos. ...... of 468 by a competitor some thirty years his junior, Sophocles of \nColonus (born c.", 
            "related_links": null, 
            "title": "Full text of \"A companion to Greek studies\" - Internet Archive"
        }, 
        {
            "url": "/url?q=http://www.revolvy.com/main/index.php%3Fs%3DLeslie%2520Monod&sa=U&ved=0ahUKEwj80JaS5PPPAhVs1oMKHXJeDsMQFggtMAg&usg=AFQjCNFvt3a_tvYRJJd7nAppvv-xMD5zcg", 
            "snippet": "Leslie Monod (born around 1976) is a Swiss former pair skater . ... St. Moritz \nAlfred Mgroz 1926 Davos Georges Gautschi 1927 St. Moritz Georges Gautschi \n... The 1990 World Junior Figure Skating Championships were held November \n28 to ..... German revolutionary Pythagoras of Samos , Greek philosopher \ncredited with...", 
            "related_links": null, 
            "title": "Leslie Monod - Revolvy"
        }, 
        {
            "url": "/url?q=http://historyscoper.com/philosopherscope&sa=U&ved=0ahUKEwj80JaS5PPPAhVs1oMKHXJeDsMQFggwMAk&usg=AFQjCNG6Q2HOicwnyUsZ0Vfuhpr0-sB0iQ", 
            "snippet": "Sep 18, 2016 ... Thales of Miletus (-624 to -547) Pythagoras of Samos (-580 to -497) Socrates .... \nabout king Odysseus (Ulysses) of Ithaca (an island off the W coast of Greece S of \n.... About 464 B.C.E. Ionian-born Greek philosopher Anaxagoras of ...... On Apr. \n23 1929 he holds a great debate in Davos, Switzerland with...", 
            "related_links": null, 
            "title": "TLW's Philosopherscope - The Historyscoper"
        }, 
        {
            "url": "/url?q=http://gatesofvienna.net/category/uncategorized/page/855/&sa=U&ved=0ahUKEwj80JaS5PPPAhVs1oMKHXJeDsMQFgg0MAo&usg=AFQjCNGno2IonjqE5G0C3fJ_nEK-_mNLrw", 
            "snippet": "Oct 14, 2004 ... Pythagoras, who lived in the late sixth century BC, was a spiritual ...... Authors \nNathan Rosenberg and L.E. Birdzell Jr. explain in How The West Grew Rich: ...... \nEpicurus, an Athenian citizen born on the island of Samos, returned to Athens ...... \nedition of the event that begins January 23 in Davos, Switzerland.", 
            "related_links": null, 
            "title": "Uncategorized | Gates of Vienna | Page 855"
        }, 
        {
            "url": "/url?q=http://www.revolvy.com/main/index.php%3Fs%3DCharles%2520Gorman%2520%28speed%2520skater%29&sa=U&ved=0ahUKEwj80JaS5PPPAhVs1oMKHXJeDsMQFgg4MAs&usg=AFQjCNE4CV3uj5WwIOqDLosO-Uk0H9H_UA", 
            "snippet": "Early life Gorman was born in Saint John, New Brunswick . ... World Record 43.1(\n*) Roald Larsen Davos (SUI) February 4, 1928 Olympic ..... 6  John W. Reynolds\n, Jr. , 80, American politician and jurist, Governor of Wisconsin (1963-1965). .... \nGerman revolutionary Pythagoras of Samos , Greek philosopher credited with the\n...", 
            "related_links": null, 
            "title": "Charles Gorman (speed skater) - Expand Your Mind - Revolvy"
        }, 
        {
            "url": "/url?q=https://es.scribd.com/doc/168217514/M-Ogilvie-the-Biographical-Dictionary-of-Women&sa=U&ved=0ahUKEwj80JaS5PPPAhVs1oMKHXJeDsMQFgg6MAw&usg=AFQjCNH1Tbr3VEK3ax3YkePxEv1BiHJG8A", 
            "snippet": "Women scientistsBiographyDictionaries. ..... BRINK Brink, J.R., ed. ..... Arete \nof Cyrene Arignote of Samos Arkhangel'skaia, Aleksandra Gavriilovna Arlitt, ...... \nDescribes the summer school on Penikese Island founded by Louis Agassiz, \nwhich ...... before becoming an assistant in tuberculosis at the Sanatorium at \nDavos.", 
            "related_links": null, 
            "title": "[M. Ogilvie] the Biographical Dictionary of Women - Scribd"
        }, 
        {
            "url": "/url?q=https://www.ics.uci.edu/%7Ekay/wordlist.txt&sa=U&ved=0ahUKEwj80JaS5PPPAhVs1oMKHXJeDsMQFgg8MA0&usg=AFQjCNHaBikWwyjwHATqTDw-79Ep0T6ZJg", 
            "snippet": "... Borlaug's Borlow Borlow's Borman Borman's Born Born's Bornean Borneans \n...... Davita Davita's Davon Davon's Davos Davos's Davy Davy's Dawes Dawes's \n...... Islamizes Islamizing Islams Island Island's Islandton Islandton's Islay Islay's \nIsle .... Juninho Juninho's Junior Juniors Juniperus Juniperus's Junius Junius's \nJunji...", 
            "related_links": null, 
            "title": "A'asia A'asia ABC's ABDs ABMs ACLU ACTH ADRs AFAIK AFDC"
        }, 
        {
            "url": "/url?q=http://norvig.com/google-books-common-words.txt&sa=U&ved=0ahUKEwj80JaS5PPPAhVs1oMKHXJeDsMQFgg-MA4&usg=AFQjCNGc352q1PxJOpTvalZB4oUC_bJVoA", 
            "snippet": "... 90657731 EXPRESSION 90569415 MYSELF 90480990 BORN 90297418 \nWIDE ... 78871232 REMAIN 78855958 NATIONS 78827475 ISLAND 78815401 \n..... 14839548 PRAYERS 14833962 JUNIOR 14829930 ELEVATED 14829014 \n...... VOOR 1283469 IMMOBILE 1283233 PYTHAGORAS 1283210 EULOGY \n1283205...", 
            "related_links": null, 
            "title": "Word count file - Peter Norvig"
        }, 
        {
            "url": "/url?q=http://nlp.stanford.edu/%7Elmthang/morphoNLM/hsmnCsmRNN.words&sa=U&ved=0ahUKEwj80JaS5PPPAhVs1oMKHXJeDsMQFghBMA8&usg=AFQjCNGn7mddx_rsphkWHXm4PweeMHn-7w", 
            "snippet": "... african-americans african-based african-born africanism africanist africans ...... \ndavos davout davox davros davy davydov davydova daw dawa dawda dawe \ndawes ...... interior interiors inter-island interjection interjections interkom inter-\nkorean ..... jpms jpn jpn.consumer jpn.cpi jpn.indust jpn.trade jpn.wholesale jps \njpy jr jr.", 
            "related_links": null, 
            "title": "Look in - The Stanford Natural Language Processing Group"
        }, 
        {
            "url": "/url?q=https://github.com/dropbox/zxcvbn/blob/master/dist/zxcvbn.js.map&sa=U&ved=0ahUKEwj80JaS5PPPAhVs1oMKHXJeDsMQFghDMBA&usg=AFQjCNEpzYvdrA3SwHiztjD0bEj-RG5wCA", 
            "snippet": "... ,gateway,yellow,porsche,monster,spider,diablo,hannah,bulldog,junior,london \n...... ,while,part,season,team,these,american,than,film,second,born,south,became \n... ,land,council,island,u.s.,record,million,research,art,established,award,street \n...... ,moorland,davos,quantified,kamloops,quarks,mayoralty,weald,peacekeepers\n...", 
            "related_links": null, 
            "title": "zxcvbn/zxcvbn.js.map at master  dropbox/zxcvbn  GitHub"
        }, 
        {
            "url": "/url?q=ftp://ftp.cs.princeton.edu/pub/cs226/autocomplete/words-333333.txt&sa=U&ved=0ahUKEwj80JaS5PPPAhVs1oMKHXJeDsMQFghHMBE&usg=AFQjCNEpCjH5OF74lrrUk3vk4kKMf8W7Ug", 
            "snippet": "... pro 102552342 region 102316998 island 102234743 record 102234090 direct \n.... 52496488 recommended 52452012 born 52436419 unless 52423381 .... \nnutrition 28875301 recording 28864370 regions 28857539 junior 28852223 toll \n...... 907115 originates 907048 penicillin 907030 amman 906998 davos 906914\n...", 
            "related_links": null, 
            "title": "333333 23135851162 the 13151942776 of 12997637966"
        }, 
        {
            "url": "/url?q=http://www.topcoder.com/contest/problem/Enigma/words.txt&sa=U&ved=0ahUKEwj80JaS5PPPAhVs1oMKHXJeDsMQFghKMBI&usg=AFQjCNEnjjNQPigwlYtQDKiTRLaJ2cwLMQ", 
            "snippet": "... 1256 DEFENSE 1255 BOUGHT 1254 RED 1253 LEGAL 1252 ISLAND 1250 ... \n901 LOWER 897 BORN 897 PROVIDE 896 YOURSELF 895 CHANGES 895 ..... \nSETS 290 LOANS 290 EGYPT 290 ASKS 290 MEMORIAL 289 JUNIOR 289 ...... \n15 SANDAKAN 15 SAMOS 15 SACKED 15 RWANDAN 15 RUBRIC 15 ROYCE...", 
            "related_links": null, 
            "title": "top c o d er. - TopCoder"
        }, 
        {
            "url": "/url?q=https://www3.hi-tier.de/hitcom/download/Bullennamen.xls&sa=U&ved=0ahUKEwj80JaS5PPPAhVs1oMKHXJeDsMQFghOMBM&usg=AFQjCNGXEooka4xAYk4PBSpiF1yAp9JFUg", 
            "snippet": "2178, 52825, Born ...... 3460, 55151, Davos ...... 7081, 61240, Island ..... 7569, \n62462, Junior ...... 11494, 69869, Pythagoras ..... 12347, 74094, Samos.", 
            "related_links": null, 
            "title": "Bullennamen.xls"
        }, 
        {
            "url": "/url?q=http://www.wbfsh.org/files/Horses_ranking_eventing_october_13.pdf&sa=U&ved=0ahUKEwj80JaS5PPPAhVs1oMKHXJeDsMQFghQMBQ&usg=AFQjCNEXDAdTKbIlR95765_gqjkxIgz-kg", 
            "snippet": "Oct 7, 2013 ... PYTHAGORAS Z. WENDY ..... Sandro Boy Junior. Prisma ...... FLOATING ISLAND\n. Mare ..... SIVA BORN AT EASE UNKNOWN ...... DAVOS 1.", 
            "related_links": null, 
            "title": "Eventing Ranking / Standing Name - WBFSH"
        }, 
        {
            "url": "/url?q=http://ecommons.luc.edu/cgi/viewcontent.cgi%3Farticle%3D1684%26context%3Dluc_theses&sa=U&ved=0ahUKEwj80JaS5PPPAhVs1oMKHXJeDsMQFghUMBU&usg=AFQjCNHXgbo4p30XlJl-FU3ZaU0Ce-G8Ng", 
            "snippet": "islands and cities exist in New Comedy. Animals do not talk, .... as a result of \nlogical deduction, Terence must have been born in. 190 B.C. .... the philosophers \nplace before them Pythagoras, Socrates, Plato ...... Samos is a play of \nunselfishness and pathos. ... V6 Wnitney J. Oates and Eugene O'Neill, Jr., (New \nYork, Random.", 
            "related_links": null, 
            "title": "Influence of Menander on the Comedies of Terence Particularly the ..."
        }, 
        {
            "url": "/url?q=http://www.peacefromharmony.org/file/6079/ABC_of_Harmony_eng.pdf&sa=U&ved=0ahUKEwj80JaS5PPPAhVs1oMKHXJeDsMQFghXMBY&usg=AFQjCNEr5G1BTSzclu7yiABx17LDzE5XvQ", 
            "snippet": "Feb 15, 2005 ... where a new harmonious civilization is born along with a harmonious ..... The \nWorld Economic Forum in Davos Klosters, Switzer ...... infosphere, ecological, \ncultural, youth (junior), technosphere, scientific, economic, tech ...... Pythagoras (\n582  500 BCE) from island of Samos of Greek Aegean Sea is the first.", 
            "related_links": null, 
            "title": "\"The ABC of Harmony\" in PDF-format -   "
        }, 
        {
            "url": "/url?q=http://www.ling.ohio-state.edu/%7Ekyoon/cowork/scahn/cmuWords.txt&sa=U&ved=0ahUKEwj80JaS5PPPAhVs1oMKHXJeDsMQFghbMBc&usg=AFQjCNF2xUr91cz1-230_7EMFfLz_X0ktw", 
            "snippet": "... BORMAN'S BORMANN BORN BORN'S BORNE BORNEMAN BORNEMANN \n...... DAVIS'S DAVIS'S(1) DAVISON DAVISSON DAVITT DAVLIN DAVOLI DAVOS \n...... ISLAND ISLAND'S ISLANDER ISLANDERS ISLANDIA ISLANDS ISLANDS' \n.... JUNIA JUNIATA JUNINE JUNIOR JUNIOR'S JUNIORS JUNIPER JUNIPERS...", 
            "related_links": null, 
            "title": "Cause 'course 'cuse 'em ' - Department of Linguistics"
        }, 
        {
            "url": "/url?q=ftp://mirrorservice.org/sites/gutenberg.org/3/2/0/3201/files/COMPOUND.TXT&sa=U&ved=0ahUKEwj80JaS5PPPAhVs1oMKHXJeDsMQFgheMBg&usg=AFQjCNGidBIBlWyXNzG4xExJH0ActQxIBQ", 
            "snippet": "... The Ambedkar Amber Amber Islands Amberg Amberley Amberly Amberson ..... \nAristaeus Aristarch Aristarchian Aristarchus Aristarchus of Samos Aristarchus of \n..... Salming Bork Borlase Borlow Borman Born Borna disease Bornean Borneo \n...... Daviston Davisville Davita Davon Davos Davout Davy Davy Crockett Davy...", 
            "related_links": null, 
            "title": "tween deck - The UK Mirror Service"
        }, 
        {
            "url": "/url?q=https://sourceforge.net/p/emgucv/tesseract-ocr/ci/master/tree/tessdata/eng.cube.word-freq&sa=U&ved=0ahUKEwj80JaS5PPPAhVs1oMKHXJeDsMQFghgMBk&usg=AFQjCNGWYVFtF4o46v4y2UHomHWv6orswg", 
            "snippet": "... BORED 65170 BORING 61472 BORIS 65170 BORN 57440 BORO 65452 ...... \n57482 Davoren 64905 Davos 60078 Davy 55738 Daw 62331 Dawa 64657 \nDawe ...... 61940 Islamophobia 64905 Islamorada 63991 Island 36882 Island's \n56231 ..... 65452 Junie 63077 Junio 62331 Junior 40864 Junior's 61362 Juniors \n50710...", 
            "related_links": null, 
            "title": "Emgu CV / Tesseract Ocr Svn2Git clone (obsolete) / [08c017 ..."
        }, 
        {
            "url": "/url?q=https://en-gb.facebook.com/TheEconomist/posts/10154475385024060&sa=U&ved=0ahUKEwj80JaS5PPPAhVs1oMKHXJeDsMQFghiMBo&usg=AFQjCNF_4-54avhvFV8IYb_8jl5DWjbSFQ", 
            "snippet": "\"A tourist resort on La Digue island, The Seychelles. ..... Anaximander's (of \nMiletus) than to Pythagoras's (of Samos), although some of her most ... Luciano \nPavarottithe highest-paid singer in operawas born on October 12th 1935 ... \nMatthew Mientka, Brandon Anthony Sampson, Joaquim J R Cruz and 304 others \nlike this.", 
            "related_links": null, 
            "title": "The Economist - Timeline | Facebook"
        }, 
        {
            "url": "/url?q=http://wikivisually.com/wiki/Greek_name&sa=U&ved=0ahUKEwj80JaS5PPPAhVs1oMKHXJeDsMQFghlMBs&usg=AFQjCNF42gvC_l1Lf34WYa9QiGXLfydqPA", 
            "snippet": "Oct 16, 2016 ... ... Dionysia and Dionysios in Zakynthos, Andreas and Andriana in Patras, \nMarkella and Markos in the Aegean Islands long under Venetian rule,...", 
            "related_links": null, 
            "title": "Greek name - WikiVisually"
        }, 
        {
            "url": "/url?q=http://wikivisually.com/wiki/Greece&sa=U&ved=0ahUKEwj80JaS5PPPAhVs1oMKHXJeDsMQFghpMBw&usg=AFQjCNEfX_9uxz3Vk_iTwP86ABVOaolfJg", 
            "snippet": "While Greeks in the Ionian Islands and Constantinople lived in prosperity, ...... \neastern Aegean across from Turkey (mainly Lesbos, Chios, Kos, and Samos). ...... \nStory, Louise; Thomas Jr, Landon; Schwartz, Nelson D. (14 February 2010). ...... \nGreek mathematics  An illustration of Euclid 's proof of the Pythagorean \nTheorem.", 
            "related_links": null, 
            "title": "Greece - WikiVisually"
        }, 
        {
            "url": "/url?q=http://www.zvab.com/buch-suchen/textsuche/cycles-astronomy/&sa=U&ved=0ahUKEwj80JaS5PPPAhVs1oMKHXJeDsMQFghrMB0&usg=AFQjCNGhi2sG7QT3IlOGuZ32TWgro12TBQ", 
            "snippet": "W. BRAXTON Ross, JR, Giovanni Colonna, Historian at Avignon. ... However, it is \nbecause Davos also happens to be the seat of the Physikalisch-\nMeteorologisches .... waterstained) (Note: The life of the Greek philosopher and \nmathematician Pythagoras, born ca. 570 B.C. on the island of Samos, is \nenshrouded in legend.", 
            "related_links": null, 
            "title": "cycles astronomy - ZVAB"
        }, 
        {
            "url": "/url?q=http://www.select.cs.cmu.edu/code/graphlab/datasets/wikipedia2/processed/dictionary&sa=U&ved=0ahUKEwj80JaS5PPPAhVs1oMKHXJeDsMQFghuMB4&usg=AFQjCNEn1mORTNpuPP26cREJdSKHqBRHjQ", 
            "snippet": "... so 317579 553285 work 316948 572219 four 311630 482949 born 310814 .... \n102914 127223 design 102855 209034 island 102564 247186 hall 102361 .... \nmary 52448 90742 your 52408 85838 lies 52403 63036 junior 52375 85129 ...... \n827 burghers 524 824 davos 524 779 rhododendron 524 774 chez 524 767 girth\n...", 
            "related_links": null, 
            "title": "dictionary - SELECT Lab"
        }, 
        {
            "url": "/url?q=https://openatd.svn.wordpress.org/atd-server/models/dictionary.txt&sa=U&ved=0ahUKEwj80JaS5PPPAhVs1oMKHXJeDsMQFghxMB8&usg=AFQjCNG8TrmeKHWUOe2PeJpEvyiI7eeJUA", 
            "snippet": "... decried lorikeets unbowed gather Penelope exorcise Welsh-born Amesbury ... \nHorn KW francisco KY hermitages creeper KS Jr KT optimizing L6 KV Ju LA Kb \nLC ...... Sagamore Pythagoras's blurriness pre-American look-alikes \nmelanophores ..... alcoholic Cataumet Jemison island Cassander extortioner \ninterceded SAME...", 
            "related_links": null, 
            "title": "Protorosaurus gun-room repaying treason Phosphorus - WordPress"
        }, 
        {
            "url": "/url?q=http://www.etymologie.info/%7Ee/u_/us-wissen.html&sa=U&ved=0ahUKEwj80JaS5PPPAhVs1oMKHXJeDsMQFgh0MCA&usg=AFQjCNErqjQqfmePktqRxDaEs1ThkGtpgg", 
            "snippet": "... Geography of Davos; Geography of Geneva; Geography of Dnepropetrovsk; \nGeography ...... Edwin E., Jr. Juan Carlos I; Juan Bautista De Anza; The Juan \nFernandez Islands ...... Pyrrhus; Pythagoras; Pytheas; Damon and Pythias; \nPythian Games; Pyxie; DEEP ...... How can someone be born with organs outside \nthe body?", 
            "related_links": null, 
            "title": "Etymologie, Etimologa, tymologie, Etimologia, Etymology - US ..."
        }, 
        {
            "url": "/url?q=http://www.puzzlers.org/pub/wordlists/allwords.txt&sa=U&ved=0ahUKEwj80JaS5PPPAhVs1oMKHXJeDsMQFgh3MCE&usg=AFQjCNF97qukxdiF--yEs2A7LNdy1qWXcQ", 
            "snippet": "... Island Achille Achille Lauro Achillea Achillean Achilleid Achilles Achilles and \n..... Aristaeus Aristarch Aristarchian Aristarchus Aristarchus of Samos Aristarchus \nof ...... Salming Bork Borlase Borlow Borman Born Borna disease Bornean \nBorneo ...... Daviston Davisville Davita Davon Davos Davout Davy Davy Crockett \nDavy...", 
            "related_links": null, 
            "title": "and c cause $100-a-plate dinner &c 'Abo 'Alborg - National Puzzlers ..."
        }, 
        {
            "url": "/url?q=http://link.springer.com/content/pdf/10.1057%252F9781137264985.pdf&sa=U&ved=0ahUKEwj80JaS5PPPAhVs1oMKHXJeDsMQFgh6MCI&usg=AFQjCNHOR8DB9r5YFZWzmUIrlP4S1rI2Qg", 
            "snippet": "particularly after 1877, he and his family lived outside Britain, in Davos in \nSwitzerland. ...... Symonds junior after the death of Dr Symonds, including visits \nby. Tuke to ...... Polycrates of Samos caused the gymnasia to be destroyed when \nhe wished to ...... fusion of them both; for the geographical position of this island \nmade.", 
            "related_links": null, 
            "title": "Download Book (PDF, 1269 KB) - Springer"
        }, 
        {
            "url": "/url?q=http://www.maria-online.com/books/article.php%3Flg%3Den%26q%3DPlato&sa=U&ved=0ahUKEwj80JaS5PPPAhVs1oMKHXJeDsMQFgh8MCM&usg=AFQjCNFN63IBgJ61HNoh497Yg9878hQimA", 
            "snippet": "Plato's own most decisive philosophical influences are usually thought to have \nbeen Socrates, Parmenides, Heraclitus and Pythagoras, although few of his...", 
            "related_links": null, 
            "title": "Plato - Complete information and online sale. Buy now for a lowest ..."
        }, 
        {
            "url": "/url?q=http://consilr.info.uaic.ro/uploads_lt4el/menu/resources/englt4el%2520bnc.txt&sa=U&ved=0ahUKEwj80JaS5PPPAhVs1oMKHXJeDsMQFgh_MCQ&usg=AFQjCNFumqU30gJzKfulQwSNO8hfbv5N0A", 
            "snippet": "... 100 7550 appears 7526 trees 7511 born 7482 avoid 7481 title 7480 &bquo;\nWell .... guide 4367 whilst 4366 wondered 4364 nineteen 4362 island 4358 \nAustralia ..... yield 2057 junior 2057 Make 2057 undoubtedly 2055 voting 2054 \nagriculture ...... 80 RICHARDS 80 Pythagoras 80 Purvis 80 Powells 80 Phelan 80 \nPepsi 80...", 
            "related_links": null, 
            "title": "the 5399961 of 3022836 to 2561117 and 2505490"
        }, 
        {
            "url": "https://plus.google.com/wm/1/app/basic/s/Primeval:%20New%20World/related?cbp=moahvb70ydmm&authkey&authkey&authkey&sview=28&cid=5&soc-app=115&soc-platform=1&sro=Sisiutl,Titanoboa&sri=0&spath=/wm/1/app/basic/s/Sisiutl/related&sparm=cbp%3D1chmmo4qbbsdp%26authkey%26authkey%26authkey%26sview%3D28%26cid%3D5%26soc-app%3D115%26soc-platform%3D1%26sro%3DNorthwest%2BCoast%2Bart,First%2BNations%26sri%3D0%26spath%3D/wm/1/app/basic/s/Beau%252520Dick/related%26sparm%3Dcbp%253Di7lv68f9rze4%2526authkey%2526authkey%2526authkey%2526sview%253D28%2526cid%253D5%2526soc-app%253D115%2526soc-platform%253D1%2526sro%253DHaida%252Bpeople,First%252BNations%2526sri%253D0%2526spath%253D/wm/1/app/basic/s/Kwakwaka%27wakw%25252520art/related%2526sparm%253Dcbp%25253D1k37kxxnfygrz%252526authkey%252526authkey%252526authkey%252526sview%25253D28%252526cid%25253D5%252526soc-app%25253D115%252526soc-platform%25253D1%252526sro%25253DWillie%25252BSeaweed,Kwakwaka%27wakw%252526sri%25253D0%252526spath%25253D/wm/1/app/basic/s/Seaweed/related%252526sparm%25253Dcbp%2525253D8x4jnz3o8ius%25252526authkey%25252526authkey%25252526authkey%25252526sview%2525253D28%25252526cid%2525253D5%25252526soc-app%2525253D115%25252526soc-platform%2525253D1%25252526sro%2525253D,Irish%2525252BMoss%25252526sri%2525253D0%25252526spath%2525253D/wm/1/app/basic/s/Algae/related%25252526sparm%2525253Dcbp%252525253Dx0wadbm0mo4k%2525252526authkey%2525252526authkey%2525252526authkey%2525252526sview%252525253D28%2525252526cid%252525253D5%2525252526soc-app%252525253D115%2525252526soc-platform%252525253D1%2525252526sro%252525253DElysia%252525252Bchlorotica,Plant%2525252526sri%252525253D0", 
            "snippet": "The Atma is neither born nor does it die at any time, nor having been it will cease \nto ..... with her twin Atlantis, who occupied the eastern plain of the island continent\n. ...... by the new $1,000,000 John Hanson Junior High School on Oxon Hill Road \n...... Pythagoras born at Samos; later founds a scientific and philosophical cult,...", 
            "related_links": null, 
            "title": "Google+"
        }, 
        {
            "url": "/url?q=http://articles.adsabs.harvard.edu/full/seri/JRASC/0068/L000025.000.html&sa=U&ved=0ahUKEwj80JaS5PPPAhVs1oMKHXJeDsMQFgiEATAm&usg=AFQjCNFpHkdrdsiMNpaJVZlcChbUJu8gDg", 
            "snippet": "J. R. Percy of the David Dunlap Observatory has attempted to get ..... The 36th \nAnnual Meeting of the Meteoritical Society was held at Kongresshaus Davos, ...... \nbelieved to have been the Greek philosopher Pythagoras who lived early in the \n6th ...... an \"island universe\" of stars separated from the next nearest major galaxy \nof...", 
            "related_links": null, 
            "title": "SAO/NASA ADS Abstract Service"
        }, 
        {
            "url": "/url?q=http://dlia.ir/Scientific/e_book/Auxiliary_Sciences_Of_History/Biography/CT_93_206_General_Collective_Biography_/000897.pdf&sa=U&ved=0ahUKEwj80JaS5PPPAhVs1oMKHXJeDsMQFgiHATAn&usg=AFQjCNGbMs12w0fjrkvFXGVDSf3cq0Zp9g", 
            "snippet": "in future editions. Encyclopedia of World Biography Supplement, Volume 24 ...... \ndescribed Aesop as a slave from the Aegean island of. Samos, near the Turkish \nmainland. The source ...... schools and junior high schools played field hockey. \nThe ...... Pythagorasand he inspired his young niece through his intellectually...", 
            "related_links": null, 
            "title": "John William Heisman"
        }, 
        {
            "url": "/url?q=http://suptg.thisisnotatrueending.com/graveyard/26912082/images/1377853076119.pdf&sa=U&ved=0ahUKEwj80JaS5PPPAhVs1oMKHXJeDsMQFgiJATAo&usg=AFQjCNFULZJ1kupJfT260iA4F1YTMIKJkw", 
            "snippet": "magical land (Hippocrates, Pythagoras). .... These women of Lemnos lived as self\n-confident Amazons on this island, but their .... The port of Samos was already \nfortified by the Ionians, and now again by the ...... Davos, Deinias, Deinokrates, \nDemaratus, Demas, Demetrius, Demodocus, Demonax, ..... junior priest of the \ngod.", 
            "related_links": null, 
            "title": "3.14 MB PDF - sup/tg"
        }, 
        {
            "url": "/url?q=http://article.wn.com/view-lemonde/2013/03/19/Syrians_Find_No_Refuge_in_Greece/&sa=U&ved=0ahUKEwj80JaS5PPPAhVs1oMKHXJeDsMQFgiMATAp&usg=AFQjCNFefdluIXu1HwFbbXwFZYh9BvzfOg", 
            "snippet": "Mar 19, 2013 ... By MATINA STEVIS LESVOS, GreeceOn this Aegean island's shores, Syria's \nrefugee ... Greece: Syrian Family's Escape to Samos...3:16.", 
            "related_links": null, 
            "title": "Syrians Find No Refuge in Greece - Worldnews.com"
        }, 
        {
            "url": "/url?q=http://www.dailyblaguereader.com/blog/%3Fp%3Dyryaqgrw&sa=U&ved=0ahUKEwj80JaS5PPPAhVs1oMKHXJeDsMQFgiPATAq&usg=AFQjCNFF9JvgyRTym1sudPUNJSG-psYQsw", 
            "snippet": "Pomiane was born in Paris in 1875 to Poles by the name of Pozerski. ...... What \nabout Greece, with its islands, like Lesbos, within sight of the Turkish mainland? \n..... Thanks to Aristarchus of Samos, heliocentric theory was on the verge of ...... \noff the quasi-mysticism that had surrounded numbers since Pythagoras and \nbefore.", 
            "related_links": null, 
            "title": "Gotham Diary: Halo July 2016 (II) - Daily Blague / reader"
        }, 
        {
            "url": "/url?q=https://zosotruthtalk.wordpress.com/tag/apollo/page/8/&sa=U&ved=0ahUKEwj80JaS5PPPAhVs1oMKHXJeDsMQFgiSATAr&usg=AFQjCNHZ_EPAdIziBCAGGm8ZjyqUn2fmew", 
            "snippet": "According to HPB, the statues on Easter Island were constructed by ..... of figures \nfrom historians and philosophers like Pythagoras and Plato who lived ...... Luther \nKing Jr. (died 1968) who fought for rights that Lincoln helped initiate. ...... and \nAsia; World Economic ForumAnnual meetings, mostly held in Davos, \nSwitzerland...", 
            "related_links": null, 
            "title": "Apollo | ZoSo's TRUTHTALK13 | Page 8"
        }, 
        {
            "url": "/url?q=http://you-books.com/book/L-Davis/Last-Act-In-Palmyra&sa=U&ved=0ahUKEwj80JaS5PPPAhVs1oMKHXJeDsMQFgiUATAs&usg=AFQjCNEy_L2AD0sTVy67UFBVPoCWYgfqZw", 
            "snippet": "As we lived on the sixth floor, it was unlikely any of his minions had flogged ...... \nFrom what I knew of Fate, that probably put poor Davos at the top of the suspects \nlist. ...... and can only remember that the first premise of Pythagoras was that \nnobody ... to help him fly about the Greek islands quicker as he hands out \nsubpoenas.", 
            "related_links": null, 
            "title": "Lindsey Davis, Last Act In Palmyra,  ,, English"
        }, 
        {
            "url": "/url?q=http://www.notey.com/blogs/taken-by-trees-x-belief&sa=U&ved=0ahUKEwj80JaS5PPPAhVs1oMKHXJeDsMQFgiWATAt&usg=AFQjCNEQLGiSJp51GlSvpff6KTOiF_hlmw", 
            "snippet": "Sep 23, 2016 ... The piece feels like an homage to Hydra, an island that has influenced many ... \nnarrates her journey to Samos in an interview taped by activist Sallie Latch . ... a \nfaulty demonstration of Pythagoras ,1978, by Paul Brand , in which a triangle is \n..... Natalia: Natalia is a French name, meaning 'Born at Christmas'.", 
            "related_links": null, 
            "title": "The Top 5 Best Blogs on Taken By Trees x Belief - Notey"
        }, 
        {
            "url": "/url?q=http://xdupsispimpcom19.soup.io/since/407378533%3Fnewer%3D1&sa=U&ved=0ahUKEwj80JaS5PPPAhVs1oMKHXJeDsMQFgiaATAu&usg=AFQjCNHx49eo5U2kzPN0Rcc-hEVIcjGQ-A", 
            "snippet": "Pythagoras of Samos ( in Ionian Greek ; c. ... Gables, Anne of Avonlea\n, Anne of the Island, Anne of Windy Poplars, Anne's House ..... Authr: J.R. \nRoberts ... Helena Davos is born in the village of Verzenay in Alsace Lorraine, \nFrance.", 
            "related_links": null, 
            "title": "xdupsispimpcom19's soup"
        }, 
        {
            "url": "/url?q=https://raw.githubusercontent.com/ManiacDC/TypingAid/master/Wordlists/Wordlist%2520550000%2520frequency%2520weighted%2520%28BNC%29.txt&sa=U&ved=0ahUKEwj80JaS5PPPAhVs1oMKHXJeDsMQFgicATAv&usg=AFQjCNGCyhn204P8v8SWoK_GA6itfHGuvg", 
            "snippet": "... Island exist league relation attitude district opinion countries corner born ..... jail \nsin dock terminal junior fluid flame toilet rat Avenue adventure drinking continent \n...... pulverised pulverized punctually punnet pyrrhic pythagorean quailed quests \n...... Rosario Ross-on-Wye Rother Rotunda Russells Ruston SAMOS SAVANNA...", 
            "related_links": null, 
            "title": "the be a to in of and it i have he you not that they is was she his for ..."
        }, 
        {
            "url": "/url?q=http://www.larouchepub.com/eiw/public/2007/eirv34n09-20070302/eirv34n09-20070302.php&sa=U&ved=0ahUKEwj80JaS5PPPAhVs1oMKHXJeDsMQFgieATAw&usg=AFQjCNEV-Mx6db5uH151M0VG4tmH-tYAWQ", 
            "snippet": "Mar 2, 2007 ... Leibniz's reading of the Pythagorean/Platonic Greek dynamis, and of dynamics ... \npathology which is not entirely original to those born in those ..... dence \npresented by Aristarchus of Samos un- ..... Jr. Vernadsky and Dirichlet's Principle\n, EIR, June 3, 2005. ...... 26 speech at the Davos World Economic Fo-.", 
            "related_links": null, 
            "title": "Download Full Issue - Executive Intelligence Review"
        }, 
        {
            "url": "/url?q=http://booksnow1.scholarsportal.info/ebooks/oca1/35/literaryhistoryo00duffuoft/literaryhistoryo00duffuoft.pdf&sa=U&ved=0ahUKEwj80JaS5PPPAhVs1oMKHXJeDsMQFgihATAx&usg=AFQjCNG3Uei0nJDwY8X5xDdvePRlGVpOUg", 
            "snippet": "Roman literature, Ennius,4 Pacuvius, and Lucilius were born ..... in the island. 3 \n...... quickened by the theories emanating from Pythagoras and his ...... the \nwinsome Bacchis of Samos for his absent friend. ...... Davos and Syrusare \nrepeated asslaves' names. ...... five years junior to his friend Scipio Aemilianus, \nhe remained.", 
            "related_links": null, 
            "title": "A literary history of Rome from the origins to the close of the Golden ..."
        }
    ], 
    "air_date": "2000-11-09", 
    "question": "Of Samos, Davos or Junior, the island on which Pythagoras was born", 
    "value": "$800", 
    "round": "Double Jeopardy!", 
    "answer": "Samos", 
    "id": 30000, 
    "show_number": "3724"
}