{
    "cloze_data": [
        {
            "question": "ಇದರಲ್ಲಿ ಸುಮಾರು ೬೦೦೦ ಚ.ಕಿ.ಮೀ. ಪ್ರದೇಶವು ಬಾಂಗ್ಲಾದೇಶದಲ್ಲಿದ್ದು ಉಳಿಕೆ ಭಾರತದಲ್ಲಿದೆ. ಇದನ್ನು ೧೯೯೭ ರಲ್ಲಿ <MASK> ವಿಶ್ವ ಪರಂಪರೆಯ ತಾಣವನ್ನಾಗಿ ಘೋಷಿಸಿತು. ಎರಡು ರಾಷ್ಟ್ರಗಳಲ್ಲಿ ಹರಡಿರುವ ಸುಂದರಬನವು ಒಂದೇ ಪ್ರಾಕೃತಿಕ ತುಣುಕಾಗಿದ್ದರೂ ಯುನೆಸ್ಕೋ ಬಾಂಗ್ಲಾದೇಶದಲ್ಲಿನ ಸುಂದರಬನವನ್ನು ಸುಂದರ್‌ಬನ್ಸ್  ವಿಶ್ವ ಪರಂಪರೆಯ ತಾಣ ಮತ್ತು ಭಾರತದಲ್ಲಿ ಸುಂದರಬನ ರಾಷ್ಟ್ರೀಯ ಉದ್ಯಾನ ವಿಶ್ವ ಪರಂಪರೆಯ ತಾಣವೆಂದು ಬೇರೆ ಬೇರೆಯಾಗಿ ಪರಿಗಣಿಸಿದೆ.",
            "answer": "ಯುನೆಸ್ಕೋ",
            "category": "ORG",
            "title": "ಸುಂದರಬನ್ಸ್ ರಾಷ್ಟ್ರೀಯ ಉದ್ಯಾನ",
            "out_of_context_options": [
                "ಇಸಿಎಸ್"
            ],
            "options": [
                "ಭಾರತ",
                "ಯುನೆಸ್ಕೋ",
                "ಇಸಿಎಸ್",
                "ಬಾಂಗ್ಲಾದೇಶ"
            ]
        },
        {
            "question": "ವಿಜಾಪುರ ಪಟ್ಟಣವು ನಗರ ಹಾಗೂ ಗ್ರಾಮೀಣ ಸಾರಿಗೆ ಹೊಂದಿದೆ. ಪಟ್ಟಣದಲ್ಲಿ ೯ ಫೆಬ್ರುವರಿ ೨೦೧೩ ರಂದು ಅತ್ಯ್ಯಾಧುನಿಕ ಈಶಾನ್ಯ ಕರ್ನಾಟಕ ರಸ್ತೆ ಸಾರಿಗೆ ನಿಗಮದ ನಗರ ಸಾರಿಗೆ ವಾಹನಗಳು ಪ್ರಾರಭವಾಗಿ ನಗರದ ಜನತೆಗೆ  ಪ್ರಯಾಣದ ಸೌಕರ್ಯವನ್ನು ಕಲ್ಪಿಸಲಾಗಿದೆ. ನಗರ ಸಾರಿಗೆ ವಾಹನಗಳಿಗೆ ವಿಜಯಪುರ ನಗರ ಸಾರಿಗೆ (ದಿ ಸಿಟಿ ಆಫ್ ವಿಕ್ಟರಿ) ಎಂದು ಹೆಸರಿಸಲಾಗಿದೆ.ಮತ್ತು ದಿನಕ್ಕೆ ರೂ.೨೦ ಯಂತೆ ದಿನದ ಪಾಸನ್ನು ಪಡೆದು ನಗರದ ತುಂಬೆಲ್ಲ ಹಾಗೂ ಪ್ರವಾಸಿ ಸ್ಥಳಗಳನ್ನು ನೋಡಬಹುದಾಗಿದೆ. ಸರಕಾರೇತರ ಮತ್ತು ಈಶಾನ್ಯ ಕರ್ನಾಟಕ ರಸ್ತೆ ಸಾರಿಗೆ ನಿಗಮದ ಸಾರಿಗೆ ವಾಹನಗಳುಜಿಲ್ಲೆಯಾದ್ಯಂತ ಸಂಚರಿಸುತ್ತವೆ. ವಿಜಾಪುರದಿಂದ <MASK>, ಪೂನಾ, ಬೆಂಗಳೂರು, ಹೈದರಾಬಾದುಗಳಿಗೆ ಐಷಾರಾಮಿ ಬಸ್ಸುಗಳು ಓಡಾಡುತ್ತವೆ. ಇತರೆ ನಿಗಮದ ಬಸ್ಸುಗಳು,ಅಂತರರಾಜ್ಯ  (ಗೋವಾ ಮತ್ತು ಮಹಾರಾಷ್ಟ್ರ) ವಾಹನಗಳು ಕೂಡ ಸಂಚರಿಸುತ್ತವೆ.",
            "answer": "ಮುಂಬಯಿ",
            "category": "LOC",
            "title": "ವಿಜಾಪುರ ಶಹರ",
            "options": [
                "ಹೈದರಾಬಾದ್",
                "ನದಿ",
                "ಪೂನಾ",
                "ಮುಂಬಯಿ"
            ]
        },
        {
            "question": "ಅಹಮದ್ Iಗಿನ (1648-87) ಕಾಲದಲ್ಲಿ ಇಳಿಗತಿ ಕೊನೆಗಂಡು, ಆಟೋಮನ್ ಸಾಮ್ರಾಜ್ಯ ಪುನಶ್ಚೇತನಗೊಂಡಿತು. ಅವನ ಕಾಲದಲ್ಲಿ ಕ್ರೀಟ್, ಪೊಡೋಲಿಯ ಮತ್ತು <MASK> ಒಂದು ಭಾಗ ತುರುಕರ ಕೈ ಸೇರಿದುವು. ಆದರೆ 1683ರಲ್ಲಿ ವಿಯನ್ನಾದ ಮೇಲೆ ಎರಡನೆಯ ಬಾರಿ ಮುತ್ತಿಗೆ ಹಾಕಿದರೂ ನಿಷ್ಫಲವಾಯಿತು. ಮುಂದಿನ ಒಂದು ನೂರ ಐವತ್ತು ವರ್ಷಗಳು ತುರ್ಕಿ ಸಾಮ್ರಾಜ್ಯದ ಇತಿಹಾಸದಲ್ಲಿ ಗಮನಾರ್ಹವಾದುವು. ಏಕೆಂದರೆ ಆ ಸಾಮ್ರಾಜ್ಯ ಬಾಲ್ಕನ್ ರಾಜ್ಯಗಳೊಂದಿಗೆ ನಡೆಸಿದ ಯುದ್ಧಗಳಲ್ಲಿ ಮೇಲಿಂದ ಮೇಲೆ ಜಯಾಪಜಯಗಳನ್ನು ಅನುಭವಿಸಬೇಕಾಯಿತು. ಅಬ್ದುಲ್ ಮಜೀದ್ ಎಂಬುವನ (1839-61) ಕಾಲದಲ್ಲಿ ಈಜಿಪ್ಟಿನ ಮಹಮ್ಮದ್ ಅಲಿ ನಡೆಸಿದ ದಾಳಿಯಿಂದ ಪಾರಾಗಲು ಪಾಶ್ಚಾತ್ಯ ರಾಷ್ಟ್ರಗಳ ನೆರವು ಪಡೆಯಬೇಕಾಯಿತು. 1876ರಲ್ಲಿ ಅಬ್ದುಲ್ ಹಮೀದ್ II ಸುಲ್ತಾನನಾದ. ರಷ್ಯಾ ತುರ್ಕಿಯ ವಿರುದ್ಧ ಯುದ್ಧ ಘೋಷಿಸಿತು (1877-78). ಈ ಯುದ್ಧ 1878ನೆಯ ಮಾರ್ಚ್‍ನಲ್ಲಾದ ಸ್ಯಾನ್ ಸ್ಟಿಫಾನೊ ಒಪ್ಪಂದದಿಂದ ಕೊನೆಗಂಡಿತು. ಒಪ್ಪಂದದ ಷರತ್ತುಗಳು ಇಂಗ್ಲೆಂಡ್ ಆಸ್ಟ್ರಿಯಾಗಳಿಗೆ ಒಪ್ಪಿಗೆಯಾಗಲಿಲ್ಲ.",
            "answer": " ಉಕ್ರೈನಿನ",
            "category": "ORG",
            "title": "ಆಟೋಮನ್ ಚಕ್ರಾಧಿಪತ್ಯ",
            "options": [
                "ಅಂಕಾರಾ",
                "ರಷ್ಯಾ",
                "ಸರ್ಬಿಯ",
                " ಉಕ್ರೈನಿನ"
            ]
        },
        {
            "question": "ಎರಡನೇ ಮಹಾಯುದ್ಧದ ನಂತರ ಶೀತಲ ಸಮರದ ಸಮಯದಲ್ಲಿ ಸಂಯುಕ್ತ ಸಂಸ್ಥಾನ ಮತ್ತು ಸೋವಿಯತ್ ಯೂನಿಯನ್‌ಗಳು ಪ್ರಾಬಲ್ಯಕ್ಕಾಗಿ ಮೋಸದ ವ್ಯಾಪಾರಗಳನ್ನು ಮಾಡಿದವು. ಜೊತೆಗೆ ಇವು <MASK> ಮತ್ತು ವಾರ್ಸಾ ಕರಾರಿನ ಮೂಲಕ ಯುರೋಪ್‌ನ ಸೈನಿಕ ವ್ಯವಹಾರಗಳನ್ನು ನಿಯಂತ್ರಿಸಿದವು. ಸಂಯುಕ್ತ ಸಂಸ್ಥಾನವು ಪ್ರಗತಿಪರ ಪ್ರಜಾಪ್ರಭುತ್ವವನ್ನು ಮತ್ತು ಬಂಡವಾಳಶಾಹಿತ್ವವನ್ನು ಬೆಂಬಲಿಸಿತು. ಇದೇ ಸಮಯದಲ್ಲಿ ಕಮ್ಯುನಿಸಂ ಅನ್ನು ಮತ್ತು ಕೇಂದ್ರೀಕೃತ ಯೋಜಿತ ಆರ್ಥಿಕತೆಯನ್ನು ಸೋವಿಯತ್ ಯೂನಿಯನ್ ಬೆಂಬಲಿಸಿತು. ಎರಡೂ ರಾಷ್ಟ್ರಗಳು ನಿರಂಕುಶ ಅಧಿಕಾರತ್ವವನ್ನು ಬೆಂಬಲಿಸಿದವು ಮತ್ತು ಪ್ರಾತಿನಿಧಿಕ ಸಮರದಲ್ಲಿ ತೊಡಗಿದವು. ಅಮೆರಿಕಾದ ಪಡೆಗಳು 1950-53 ರ ಕೊರಿಯನ್ ಸಮರದಲ್ಲಿ ಚೀನಾದ ಕಮ್ಯುನಿಸ್ಟರ ಜೊತೆ ಯುದ್ಧ ನಡೆಸಿದವು. ಹೌಸ್ ಅನ್-ಅಮೆರಿಕನ್ ಆ‍ಯ್‌ಕ್ಟಿವಿಟೀಸ್ ಕಮಿಟಿಯು ವ್ಯವಸ್ಥೆಯನ್ನು ಹದಗೆಡಿಸುವ ಎಡಪಂಥೀಯವಾದದ ಬಗ್ಗೆ ತನಿಖೆಯನ್ನು ಕೈಗೊಂಡಿತು. ಈ ಸಮಯದಲ್ಲಿ ಜೋಸೆಫ್ ಮೆಕಾರ್ಥಿಯವರು ಕಮ್ಯುನಿಸಂ ವಿರೋಧೀ ಸಂವೇದನೆಯ ಮುಖ್ಯವ್ಯಕ್ತಿಯಾಗಿ ಹೊರಹೊಮ್ಮಿದರು.",
            "answer": "ನ್ಯಾಟೋ",
            "category": "ORG",
            "title": "ಅಮೇರಿಕ ಸಂಯುಕ್ತ ಸಂಸ್ಥಾನ",
            "options": [
                "ನ್ಯಾಟೋ",
                "ಶಾಸಕಾಂಗ",
                "ಕಿಂಡರ್‌ಗಾರ್ಟನ್",
                "ಭೂಸೇನೆ"
            ]
        },
        {
            "question": "ಏಶುದಾಸ್ ಅವರು <MASK> ರಾಜ್ಯದ ಫೋರ್ಟ್ ಕೊಚ್ಚಿಯಲ್ಲಿ ಜನವರಿ ೧೦ ೧೯೪೦ರಂದು ಜನಿಸಿದರು. ಇವರ ತಂದೆ ಆಗಸ್ಟೈನ್ ಜೋಸೆಫ್ ಹಾಗು ತಾಯಿ ಎಲಿಜಬೆತ್ ಜೋಸೆಫ್. ಯೇಶುದಾಸ್ ಅವರಿಗೆ ಮೊದಲ ಸಂಗೀತ ಗುರುವಾಗಿದ್ದ ಅವರ ತಂದೆ, ಹೆಸರಾಂತ ಮಲೆಯಾಳಂ ಶಾಸ್ತ್ರೀಯ ಸಂಗೀತಕಾರರಾಗಿದ್ದರಲ್ಲದೇ, ರಂಗಭೂಮಿ ಕಲಾವಿದರಾಗಿದ್ದರು.",
            "answer": "ಕೇರಳ",
            "category": "ORG",
            "title": "ಕೆ.ಜೆ.ಜೇಸುದಾಸ್",
            "options": [
                "ಕೇರಳ",
                "ಭಾರತದ",
                "ತಮಿಳುನಾಡು",
                "ಭಾರತ"
            ]
        },
        {
            "question": "ಮೊಬೈಲ್ ಮಾರುಕಟ್ಟೆ ಎಂದರೆ ಮೊಬೈಲ್ ಫೊನ್ ಅಥವಾ ಸ್ಮಾರ್ಟ್ ಫೋನ್ ಬಳಸಿ ಮಾರಾಟ ಮಾಡುವುದು ಎಂಬರ್ಥ. ಮೊಬೈಲ್ <MASK> ಇಂದ ಸಮಯ ಮತ್ತು ಸ್ಥಳ ಸೂಕ್ಷ್ಮ ಸರಕು, ಸೇವೆಗಳು ಮತ್ತು ವಿಚಾರಗಳು ವೈಯಕ್ತಿಕಗೊಳಿಸಿದ ಮಾಹಿತಿ ಗ್ರಾಹಕರಿಗೆ ಒದಗುತ್ತದೆ. ಹೆಚ್ಚು ಸೈದ್ಧಾಂತಿಕ ರೀತಿಯಲ್ಲಿ, ಶೈಕ್ಷಣಿಕ ಆಂಡ್ರಿಯಾಸ್ ಕಪ್ಲಾನ್ \"ಇದು ಸರ್ವತ್ರ ನೆಟ್ವರ್ಕ್ ಮೂಲಕ ನಡೆಸಲಾಗುತ್ತದೆ ಇದರ ಮೂಲಕ ಗ್ರಾಹಕರು ತಮ್ಮ ಮೊಬೈಲ್ ಮೂಲಕ ಸಂಪರ್ಕಿಸಲ್ಪಡುತ್ತಾರೆ \".",
            "answer": "ಮಾರುಕಟ್ಟೆ",
            "category": "LOC",
            "title": "ಮೊಬೈಲ್ ಮಾರುಕಟ್ಟೆ",
            "out_of_context_options": [
                "ಮಳಖೆಡ"
            ],
            "options": [
                "ಅಮೆರಿಕ",
                "ಮಾರುಕಟ್ಟೆ",
                "ಮಳಖೆಡ",
                "ಏಷ್ಯಾ"
            ]
        },
        {
            "question": "<MASK>, ಇಸ್ರೇಲ್‌‌, ಮತ್ತು ಪಾಕಿಸ್ತಾನ- ಈ ಮೂರು ರಾಷ್ಟ್ರಗಳು ಒಡಂಬಡಿಕೆಗೆ ಸಹಿಹಾಕಲು ನಿರಾಕರಿಸಿದವು. ಭಾರತ ಮತ್ತು ಪಾಕಿಸ್ತಾನ ದೃಢೀಕರಿಸಲ್ಪಟ್ಟ ಪರಮಾಣು ಶಕ್ತಿಗಳಾಗಿವೆ, ಮತ್ತು ಒಂದು ದೀರ್ಘಕಾಲದ ಉದ್ದೇಶಪೂರ್ವಕ ಸಂದಿಗ್ಧಾರ್ಥತೆಯ ಕಾರ್ಯನೀತಿಯನ್ನು ಇಸ್ರೇಲ್‌‌ ಹೊಂದಿದೆ (ನೋಡಿ: ಪರಮಾಣು ಶಸ್ತ್ರಾಸ್ತ್ರಗಳನ್ನು ಹೊಂದಿರುವ ದೇಶಗಳ ಪಟ್ಟಿ). 1967ಕ್ಕೂ ಮುಂಚೆಯೇ ಪರಮಾಣು ಶಸ್ತ್ರಾಸ್ತ್ರಗಳ ಪರೀಕ್ಷೆಯನ್ನು ನಡೆಸಿದ ರಾಷ್ಟ್ರಗಳಿಗೆ ಪರಮಾಣು ಶಸ್ತ್ರಾಸ್ತ್ರಗಳ ಕಾನೂನುಬದ್ಧ ಒಡೆತನವನ್ನು ಸೀಮಿತಗೊಳಿಸುವ ಮೂಲಕ, \"ಪರಮಾಣು ಶಸ್ತ್ರಾಸ್ತ್ರಗಳನ್ನು ಹೊಂದಿದವರ\" ಮತ್ತು ಒಂದು ಬೃಹತ್‌ ಗುಂಪಿನಂತಿರುವ \"ಪರಮಾಣು ಶಸ್ತ್ರಾಸ್ತ್ರಗಳನ್ನು ಹೊಂದಿಲ್ಲದವರ\" ಒಂದು ಕೂಟವನ್ನು NPTಯು ಸೃಷ್ಟಿಸಿದೆ. ಆದರೆ ಯಾವ ನೈತಿಕ ಆಧಾರದ ಮೇಲೆ ಇಂಥ ಒಂದು ಪ್ರತ್ಯೇಕವಾಗಿರುವಿಕೆಯು ಕ್ರಮಬದ್ಧವಾಗಿ ಎಂಬುದನ್ನು ಒಡಂಬಡಿಕೆಯು ಎಂದಿಗೂ ವಿವರಿಸುವುದಿಲ್ಲ ಎಂಬುದು ಈ ದೇಶಗಳ ವಾದವಾಗಿದೆ.",
            "answer": "ಭಾರತ",
            "category": "ORG",
            "title": "ಪರಮಾಣು ಪ್ರಸರಣ-ಮಾಡದಿರುವ ಒಡಂಬಡಿಕೆ",
            "options": [
                "ಇಟಲಿ",
                "ಇರಾನ್‌",
                "ರಷ್ಯಾ",
                "ಭಾರತ"
            ]
        },
        {
            "question": "ಆನ್ ಇನ್ಕನ್ವೀನಿಯಂಟ್ ಟ್ರುಥ್  ಗಾಗಿ ತಮ್ಮ ಸಂಗೀತ ಕಾರ್ಯಕ್ರಮಗಳಲ್ಲಿ ಪ್ರಚಾರಕ್ಕಾಗಿ ಚಿತ್ರದ ತುಣುಕುಗಳನ್ನು ತೋರಿಸುತ್ತಾ, ಮತ್ತು ತಮ್ಮದೇ ಆದ ಅಧಿಕೃತ ಜಾಲತಾಣದ ಮೂಲಕ ಖರೀದಿಸಿದ ಸಂಗೀತ ಕಾರ್ಯಕ್ರಮದ ಪ್ರತಿ ಒಂದು ಮುಂಗಡ ಟಿಕೀಟಿಗೆ ಒಂದು ಮರವನ್ನು ನೆಟ್ಟು, ಪರಿಸರದ ಕಾರಣಗಳನ್ನೂ ಸಹ ಅವರು ಪ್ರೋತ್ಸಾಹಿಸುತ್ತಾರೆ. 7 ನೇ ಜುಲೈ 2007 ರಂದು, ಬ್ಲಂಟ್ ಲಂಡನ್ನಿನ, ವೆಂಬ್ಲೆ ಕ್ರೀಡಾಂಗಣದಲ್ಲಿ ಲೈವ್ ಅರ್ಥ್ ಸಂಗೀತ ಕಾರ್ಯಕ್ರಮದಲ್ಲಿ ಹಾಡಿದರು, ಮತ್ತು <MASK> ದ ಜೊತೆಗೆ ಅಂತರಿಕ್ಷ ಕಾಯ್ದೆ ಪಾಲುಗಾರಿಕೆ ಕೆಳಗೆ ಹೈಬ್ರಿಡ್ ತಂತ್ರಜ್ಞಾನದಿಂದ ತಯಾರಿಸಲ್ಪಟ್ಟ ಎರಡರಲ್ಲಿ ಒಂದರ ಮೊದಲ ಮಾದರಿಯ ವಿದ್ಯುತ್ ಕಾರಿನ ಮಾಲಿಕರಾಗಿದ್ದಾರೆ.",
            "answer": "ನಾಸಾ",
            "category": "ORG",
            "title": "ಜೇಮ್ಸ್ ಬ್ಲಂಟ್",
            "options": [
                "ನಾಸಾ",
                "ಇಟಲಿ",
                "ಕೊಸೊವೊ",
                "ಕೆನಡಾ"
            ]
        },
        {
            "question": "ಮೇಷ ಸಂಕ್ರಾಂತಿ ನಂತರದ ಅಥವಾ ಪ್ರಥಮ ಹುಣ್ಣಿಮೆ ನಂತರದ ಮೊದಲ ಭಾನುವಾರದಂದು <MASK> ಹಬ್ಬವೆಂದು ಕ್ರಿಶ್ಚಿಯನ್ ಚರ್ಚ್‌ಗಳಲ್ಲಿ ಪರಿಗಣಿಸಲಾಗುತ್ತದೆ.  ಚರ್ಚ್‌ಗಳ ಅಧಿಕೃತ ಹೇಳಿಕೆ ಪ್ರಕಾರ ಮಾರ್ಚ್ ೨೧ ವಿಷುವತ್‌ ಸಂಕ್ರಾಂತಿಯಾಗಿದೆ.  ಪೂರ್ವ ದೇಶಗಳ ಚರ್ಚ್‌ಗಳು ರೋಮನ್ ನಾಯಕ ಜೂಲಿಯನ್ ಕ್ಯಾಲೆಂಡರ್ ಅನ್ನು ಬಳಸುತ್ತಿದ್ದವು. ಈ ಮಧ್ಯೆ ಪಾಶ್ಚಾತ್ಯ ಸಾಂಪ್ರದಾಯಿಕ ಚರ್ಚ್‌ಗಳು ಗ್ರೆಗೋರಿಯನ್ ಕ್ಯಾಲೆಂಡರ್ ಅನ್ನು ಬಳಸುತ್ತಿದ್ದವು. ಈ ಎರಡೂ ಕ್ಯಾಲೆಂಡರ್ ಅನ್ನು ಮಾರ್ಚ್ ೨೧ರ ವಿಷುವತ್‌ ಸಂಕ್ರಾಂತಿಯಂದೇ ಪ್ರಾರಂಭ ಎಂದು ನಿರ್ಧಿಷ್ಟವಾಗಿ ಸಿದ್ಧಗೊಳಿಸಲಾಗಿತ್ತು.  ಆದರೆ ಈಸ್ಟರ್ ಹಬ್ಬದ ನೈಜ ದಿನದ ಬಗ್ಗೆ ಭಿನ್ನಾಭಿಪ್ರಾಯವಿದೆ.  ಈ ಮೊದಲು ಎಲ್ಲ ಕ್ಯಾಲೆಂಡರ್ ಗಳಲ್ಲಿ ಈಸ್ಟರ್ ಹಬ್ಬದ ದಿನ ಬಹುತೇಕ ಸಾಧ್ಯವಾದಷ್ಟು ಮಾರ್ಚ್  22ರಂದೇ ಬರುತ್ತಿತ್ತು.  ಇತ್ತೀಚಿನ ವರ್ಷಗಳಲ್ಲಿ ಈ ದಿನ ಏಪ್ರಿಲ್ 25 ಆಗಿದೆ.",
            "answer": "ಈಸ್ಟರ್",
            "category": "EVE",
            "title": "ವಿಷುವತ್ ಸಂಕ್ರಾಂತಿ",
            "options": [
                "ಹಬ್ಬ",
                "ಈಸ್ಟರ್",
                "ವಿಷು",
                "ಯುಗಾದಿ"
            ]
        },
        {
            "question": "ರಾಮ -  ರಾಮ ರಾಮಾಯಣದ ನಾಯಕ. ರಾಮನನ್ನು ದೇವರ ಅವತಾರವೆಂದು ಚಿತ್ರಿಸಲಾಗಿದೆ. ರಾಮನು <MASK> ಸೂರ್ಯ ವಂಶದ  ರಾಜನಾದ ದಶರಥನ ಹಿರಿಯ ಮಗ.  ದಶರಥನಿಗೆ ಬಹಳ ಪ್ರೀತಿ ಪಾತ್ರನಾದ ಮಗ. ಅಯೋಧ್ಯೆಯ ಪ್ರಜೆಗಳಿಗೆಲ್ಲ ರಾಮನನ್ನು ಕಂಡರೆ ಬಹಳ ಪ್ರೀತಿ.  ರಾಮ ಸದ್ಗುಣಗಳ ಸಾಕಾರ ರೂಪವಾಗಿದ್ದನು. ದಶರಥನ ಮೂವರು ಪತ್ನಿಯರಲ್ಲಿ ಒಬ್ಬಳಾದ ಕೈಕೇಯಿಯು ತನ್ನ ವರಗಳ ಮೂಲಕ ರಾಮನ ವನವಾಸಕ್ಕೆ ಕಾರಣಳಾಗುತ್ತಾಳೆ. ರಾಮನು ರಾಜನಾಗುವ ಅವಕಾಶವನ್ನು ಬಿಟ್ಟು ಕೊಟ್ಟು, ತಂದೆಯಿಂದ ದೂರವಾಗಿ ಅರಣ್ಯಕ್ಕೆ ಹೋಗಬೇಕಾಗುತ್ತದೆ. ವನವಾಸದಲ್ಲಿದ್ದಾಗ ರಾಕ್ಷಸನಾದ ರಾವಣನು ರಾಮನಿಂದ ಕೊಲ್ಲಲ್ಪಡುತ್ತಾನೆ.",
            "answer": "ಅಯೋಧ್ಯೆಯ",
            "category": "LOC",
            "title": "ರಾಮಾಯಣ",
            "options": [
                "ಅಯೋಧ್ಯೆಯ",
                "ಗಂಗಾ",
                "ಚೀನಾ",
                "ಹಂಪೆ"
            ]
        },
        {
            "question": "ಅತಸಿ ನಾರಿನ ಬಳಕೆ ಹತ್ತು ಸಾವಿರ ವರ್ಷ ಹಿಂದಿನದು.ಅಗಸೆಯನ್ನು ಪ್ರಾಚೀನಈಜಿಪ್ಟ್‍ದೇಶದಲ್ಲಿ ವ್ಯಾಪಕವಾಗಿ ಬೆಳೆಯಲಾಗುತ್ತಿತ್ತು .ಅಲ್ಲಿ ಶುದ್ದತೆಯ ಸಂಕೇತವಾಗಿ ಪರಿಗಣಿಸಲ್ಪಟಿತ್ತು.ಉತ್ತರಅಮೆರಿಕಾದಲ್ಲಿ ಅತಸಿಯನ್ನು ವಸಹಾತುಗಾರರು ಪರಿಚಯಿಸಿದರು. ಅಲ್ಲದೆ ಶಿಲಾಯುಗದಲ್ಲೂ ಇದರ ಬಳಕೆ ಹೆಚ್ಚಾಗಿತ್ತೆಂಬುದಕ್ಕೆ ಪುರಾವೆಗಳಿವೆ. ಇದರಿಂದ ಬಹುಶಃ <MASK> ಪ್ರದೇಶದಲ್ಲಿ ಅಗಸೆನಾರೂ ಏಷ್ಯಖಂಡದಲ್ಲಿ ಸಣಬುನಾರೂ ಮಾನವೇತಿಹಾಸದ ಆದಿಯಿಂದಲೂ ಬಳಕೆಯಲ್ಲಿದ್ದಿರಬಹುದೆಂದು ಊಹಿಸಲಾಗಿದೆ. ಅರ್ಜೆಂಟೈನ ಮತ್ತು ಕ್ಯಾಲಿಫೋರ್ನಿಯಗಳಲ್ಲಿ ಅಗಸೆನಾರಿನ ಬೀಜವನ್ನು ಶರತ್ಕಾಲದಲ್ಲಿ ಬಿತ್ತುತ್ತಾರೆ. ಅದು ಐದು ತಿಂಗಳ ಕಾಲಾವಧಿಯಲ್ಲಿ ಮಾಗುತ್ತದೆ. ಉತ್ತರವಲಯದಲ್ಲಿ ವಸಂತಕಾಲದಲ್ಲಿ ಬಿತ್ತುತ್ತಾರೆ. 100-120 ದಿನಗಳಲ್ಲೇ ಅದು ಕೊಯಿಲಿಗೆ ಸಿದ್ಧವಾಗುತ್ತದೆ. ಅಲ್ಲಿ ಅವುಗಳ ಬೇಸಾಯ ಸಾಮಾನ್ಯವಾಗಿ ಗೋದಿ ಮತ್ತಿತರ ಸಣ್ಣಕಾಳುಗಳಂತೆಯೇ ಇದ್ದು, ಅವೆಲ್ಲಕ್ಕೂ ಒಂದೇ ರೀತಿಯ ಯಾಂತ್ರಿಕ ಉಪಕರಣಗಳು ಬಳಕೆಯಲ್ಲಿವೆ. ಹೆಚ್ಚಿನ ಬಾಳಿಗೆ ಬರುವ ಫೈಬರ್ಗಗಳ ಸುಲಭ ಲಭ್ಯತೆಯಕಾರಣದಿಂದÉಒಂದು ವಾಣಿಜ್ಯ ಬೆಳೆಯಾಗಿದ್ದ ಅತಸಿತನ್ನ ಪ್ರಮುಖ್ಯತೆಯನ್ನು ಕಳೆದುಕೊಂಡಿತು",
            "answer": "ಯುರೋಪ್",
            "category": "LOC",
            "title": "ಅತಸೀ",
            "options": [
                "ಯುರೋಪ್",
                "ಅಮೆರಿಕ",
                "ಆಫ್ರಿಕ",
                "ಚೀನಾ"
            ]
        },
        {
            "question": "೨ನೇ ವಿಶ್ವ ಸಮರದ ಸಮಯದಲ್ಲಿ ಅಣುಬಾಂಬ್, ನ ಹಾನಿಕರ ಪರಿಣಾಮಗಳನ್ನು ಜನರಿಗೆಲ್ಲಾ ಪ್ರಸಾರ ಮಾಡುತ್ತಿದ್ದರು. ಆ ಸಮಯದಲ್ಲಾಗಲೇ ಹಿಟ್ಲರ್ ಆಡಳಿತದಲ್ಲಿದ್ದ ಜರ್ಮನಿಯು ಅಣ್ವಸ್ತ್ರಕ್ಕಾಗಿ ಪೈಪೋಟಿ ನೆಡೆಸುತಿತ್ತು. ೧೯೩೯ರಲ್ಲಿ ಲಿಯೋ ಸಿಲ್ಲಾರ್ಡ್ ಎಂಬ ವಿಜ್ಞಾನಿಯನ್ನು ಒಳಗೊಂಡಿದ್ದ <MASK>ಯ ವಿಜ್ಞಾನಿಗಳ ಗುಂಪೊಂದು ನಾಜಿಗಳ ಈ ಕೃತ್ಯದ ಬಗ್ಗೆ ಅಮೆರಿಕವನ್ನು ಎಚ್ಚರಿಸಲು ಯತ್ನಿಸುತ್ತಿದ್ದರು. ಪರಮಾಣು ವಿದಳನ ಕ್ರಿಯೆಯ ಹಿಂದಿದ್ದ ಸಿದ್ಧಾಂತವನ್ನು ತಿಳಿದಿದ್ದ ಲಿಯೋ ಸಿಲ್ಲಾರ್ಡ್ ಹಾಗೂ ಯೂಜಿನ್ ವಿಜಿನರ್ ಎಂಬ ವಿಜ್ಞಾನಿಗಳು ಈ ಬಗ್ಗೆ ಐನ್‍ಸ್ಟೈನ್ ರನ್ನು ಜುಲೈ ೯, ೧೯೩೯ರಂದು ಭೇಟಿಮಾಡಿದರು. ಐನ್‍ಸ್ಟೈನ್ ರವರು ಸಿಲ್ಲಾರ್ಡ್ ಜೊತೆ ಸೇರಿ ಅಣ್ವಸ್ತ್ರದ ಸಾಧ್ಯತೆಯನ್ನು ವಿವರಿಸಿ ಆಗಿನ ಅಮೆರಿಕದ ಅಧ್ಯಕ್ಷರಾಗಿದ್ದ ರೂಸ್ವೆಲ್ಟ್ ಅವರಿಗೆ ಪತ್ರ ಬರೆದರು. ಅಮೆರಿಕದ ವಿಜ್ಞಾನಿಗಳು, ಅಣುಬಾಂಬನ್ನು ತಯಾರಿಸಿ, ಜಪಾನ್ ನ ನಾಗಸಾಕಿ, ಮತ್ತು ಹಿರೋಷಿಮಾ ನಗರಗಳ ಮೇಲೆ ಎಸೆದದ್ದರಿಂದ, ಸಹಸ್ರಾರು ಜನರ ಪ್ರಾಣವನ್ನು ಆಹುತಿಯನ್ನಾಗಿ ತೆಗೆದುಕೊಂಡಿತ್ತು.",
            "answer": "ಹಂಗೇರಿ",
            "category": "ORG",
            "title": "ಅಲ್ಬರ್ಟ್ ಐನ್‍ಸ್ಟೈನ್",
            "out_of_context_options": [
                "ಸೂರಿನಾಮ್‌"
            ],
            "options": [
                "ಜರ್ಮನಿ",
                "ಹಂಗೇರಿ",
                "ಸೂರಿನಾಮ್‌",
                "ನಾಜಿ"
            ]
        },
        {
            "question": "೧೯೧೮ ಹಾಗೂ ೧೯೨೨ರ ನಡುವಿನ ಅವಧಿಯಲ್ಲಿ ಮೋಹನದಾಸ ಗಾಂಧಿಯವರ ನೇತೃತ್ವದಲ್ಲಿ ಅಹಿಂಸಾತ್ಮಕವಾದ ಅಸಹಕಾರ ಚಳವಳಿಯ ಮೊದಲ ಸರಣಿಯನ್ನು ಭಾರತೀಯ ರಾಷ್ಟ್ರೀಯ ಕಾಂಗ್ರೆಸ್ ಪ್ರಾರಂಭಿಸಿದೊಡನೆ ಸ್ವಾತಂತ್ರ್ಯ ಸಂಗ್ರಾಮಕ್ಕೆ ಮಹತ್ವದ ದಿಕ್ಕು ದೊರೆಯಿತು. ಭಾರತದ ಎಲ್ಲೆಡೆಯಿಂದ ಅನೇಕ ಜನ ಈ ಆಂದೋಲನದಲ್ಲಿ ಭಾಗಿಗಳಾದರು. ೧೯೩೦ರಲ್ಲಿ ಪೂರ್ಣ ಸ್ವರಾಜ್ಯಕ್ಕೆ ಬದ್ಧವಾದ ಕಾಂಗ್ರೆಸ್ ೧೯೪೨ರಲ್ಲಿ ಬ್ರಿಟಿಷರೇ ಭಾರತ ಬಿಟ್ಟು ತೊಲಗಿ ಎನ್ನುವ ಒತ್ತಾಯದ ಬೇಡಿಕೆಯನ್ನು ಮಾಡಿತು. ಬ್ರಿಟಿಷ ಆಡಳಿತವನ್ನು ಕೊನೆಗೊಳಿಸಲು ೧೯೪೨ರಲ್ಲಿ ಸುಭಾಷಚಂದ್ರ ಬೋಸ್ರು ಭಾರತೀಯ ರಾಷ್ಟ್ರೀಯ ಸೈನ್ಯವನ್ನು ಸಂಘಟಿಸಿದರೂ ಅವರ ಅಕಾಲ ಮರಣದಿಂದ ಈ ಪ್ರಯತ್ನ ವಿಫಲವಾಯಿತು. ಎರಡನೇ ಮಹಾಯುದ್ಧದ ನಂತರ ಈ ಎಲ್ಲಾ ಪ್ರಯತ್ನಗಳ ಪರಿಣಾಮವಾಗಿ <MASK> ಹಾಗೂ ಪಾಕಿಸ್ತಾನವೆಂದು ಇಬ್ಭಾಗಿಸುವ ದೇಶವಿಭಜನೆಯ ಬೆಲೆ ತೆತ್ತ ಬಳಿಕ, ಭಾರತವು ೧೫ ಆಗಸ್ಟ ೧೯೪೭ ರಂದು ಬ್ರಿಟಿಷ್ ಆಡಳಿತದಿಂದ ಸ್ವಾತಂತ್ರ್ಯ ವನ್ನು ಪಡೆಯಿತು.",
            "answer": "ಭಾರತ",
            "category": "ORG",
            "title": "ಭಾರತದ ಸ್ವಾತಂತ್ರ್ಯ ಚಳುವಳಿ",
            "options": [
                "ಮುಘಲ್",
                "ಭಾರತ",
                "ಬರ್ಮಾ",
                "ಅಂಡಮಾನ್"
            ]
        },
        {
            "question": "<MASK> ಮತ್ತು ಸೂರ್ಯನ ಸುತ್ತ ಕಕ್ಷೆಯಲ್ಲಿ ಪ್ರದಕ್ಷಿಸುತ್ತಿರುವ ಗ್ರಹ, ಉಪಗ್ರಹ, ಧೂಮಕೇತು, ಸಣ್ಣ ನಕ್ಷತ್ರಾಕೃತಿಯ ಗ್ರಹ ಅದೇ  ಕ್ಷುದ್ರ ಗ್ರಹ (ಎಸ್ಟೆರೊಇಡ್)ಗಳ ಸಮೂಹವನ್ನು ಸೌರವ್ಯೂಹ ಅಥವಾ ಸೌರಮಂಡಲ ಎಂದು ಕರೆಯುತ್ತಾರೆ. ಭೂಮಿಯು ಸೌರವ್ಯೂಹದ ಮೂರನೇಯ ಗ್ರಹ.",
            "answer": "ಸೂರ್ಯ",
            "category": "LOC",
            "title": "ಸೌರಮಂಡಲ",
            "options": [
                "ಯುರೇನಸ್",
                "ಸೂರ್ಯ",
                "ಉಲ್ಕೆ",
                "ಬುಧ"
            ]
        },
        {
            "question": "೧೯೨೩ರಲ್ಲಿ  ೯ನೇ ಅಖಿಲ ಕರ್ನಾಟಕ ಕನ್ನಡ ಸಾಹಿತ್ಯ  ಸಮ್ಮೇಳನವು ಸಿದ್ದಾಂತಿ ಶಿವಶಂಕರ ಶಾಸ್ತ್ರಿಯವರ ಅಧ್ಯಕ್ಷತೆಯಲ್ಲಿ ಜರುಗಿತ್ತು.ನಂತರ ಇದೆ ವರ್ಷ ಅಖಿಲ ಭಾರತ ೭೯ನೇ ಕನ್ನಡ ಸಾಹಿತ್ಯ  ಸಮ್ಮೇಳನ, ವಿಜಯಪುರ ವು <MASK>ರವರ ಅಧ್ಯಕ್ಷತೆಯಲ್ಲಿ ೯,೧೦,೧೧ ಫೆಬ್ರುವರಿ ೨೦೧೩ರಂದು ಜರುಗಿತು.",
            "answer": "ಕೊ.ಚನ್ನಬಸಪ್ಪ",
            "category": "PER",
            "title": "ವಿಜಯಪುರ ನಗರ",
            "out_of_context_options": [
                "ಆಗಸ್ಟೀನ್"
            ],
            "options": [
                "ಕೊ.ಚನ್ನಬಸಪ್ಪ",
                "ಆಗಸ್ಟೀನ್",
                "ಔರಂಗಜೇಬ್",
                "ಭಾಸ್ಕರಾಚಾರ್ಯ"
            ]
        },
        {
            "question": "ದಕ್ಷಿಣ ಕನ್ನಡ, <MASK>, ಚಿಕ್ಕಮಗಳೂರು ಜಿಲ್ಲೆಗಳ ಪರ್ವತ ಶ್ರೇಣಿಯಲ್ಲಿ ವಾಸವಾಗಿರುವ ಮಲೆಯನ್, ಕುಡಿಯನ್, ಈಡಿಗ, ಮಲೆಕುಡಿಯ ಮುಂತಾದವುಗಳಿಂದ ಕರೆಯಲ್ಪಡುವ ಜನಾಂಗದವರು ಮಾಡುವ ಕುಣಿತವನ್ನು ಕುಡಿಯರ ಕುಣಿತ ಎಂದು ಗುರಿತಿಸಲಾಗಿದೆ. ಈ ಕುಣಿತವನ್ನು ಮಾಡುವ ಜನಾಂಗದವರು ಕರ್ಣಾಟಕದ ಆಗುಂಬೆಯಿಂದ ಬ್ರಹ್ಮಗಿರಿಯವರೆಗಿರುವ ಪರ್ವತ ಶ್ರೇಣಿಯಲ್ಲಿ ವಾಸಿಸುತ್ತರೆ ಹಾಗು ಅವರು ಆಯಾಯ ಪ್ರದೇಶದ ಭಾಷೆಗಳನ್ನು ತಮ್ಮದೆ ರೀತಿಯಲ್ಲಿ ಮಾತನಾಡುತ್ತಾರೆ.",
            "answer": "ಕೊಡಗು",
            "category": "LOC",
            "title": "ಕುಡಿಯರ ಕುಣಿತ",
            "options": [
                "ಪರ್ವತ",
                "ಚಿಕ್ಕಮಗಳೂರು",
                "ಬ್ರಹ್ಮಗಿರಿ",
                "ಕೊಡಗು"
            ]
        },
        {
            "question": "ಬೇರೆ ವೃತ್ತಿಗಳ ಹಾಗೆ, ಮನೋವೈದ್ಯರ ನಡವಳಿಕೆಯನ್ನು ನಿಯಂತ್ರಿಸಲು ವಿಶ್ವ ಮನೋವೈದ್ಯಶಾಸ್ತ್ರ ಸಂಘ ವು ನೀತಿ ಸಂಹಿತೆ ಯನ್ನು ರೂಪಿಸಿದೆ.  ಮನೋವೈದ್ಯಶಾಸ್ತ್ರ ನೀತಿಸಂಹಿತೆಯು, ಮೊದಲು 1977ರಲ್ಲಿ <MASK> ಘೋಷಣೆಯ ಮೂಲಕ ರೂಪುಗೊಂಡಿತು ಮತ್ತು 1983ರ ವಿಯೆನ್ನಾ ಪರಿಷ್ಕರಣೆ ಮತ್ತು 1986ರಲ್ಲಿ ವಿಸ್ತೃತವಾದ ಮ್ಯಾಡ್ರಿಡ್ ಘೋಷಣೆಯ ಮೂಲಕ ಅದನ್ನು ವಿಸ್ತರಿಸಲಾಯಿತು.   ಈ ಸಂಹಿತೆಯನ್ನು 1999ರಲ್ಲಿ ಹ್ಯಾಮ್‌ಬರ್ಗ್‌ನಲ್ಲಿ ಇನ್ನಷ್ಟು ಪರಿಷ್ಕರಿಸಲಾಯಿತು.   ವಿಶ್ವ ಮನೋವೈದ್ಯಶಾಸ್ತ್ರ ಸಂಘದ ನೀತಿಸಂಹಿತೆಯು ರೋಗಿಗಳ ತಪಾಸಣೆ/ಪರೀಕ್ಷೆ, ಸದ್ಯೋಚಿತ (ಅಪ್‌--ಟು- ಡೇಟ್) ಜ್ಞಾನ, ಅಸಾಮರ್ಥ್ಯವುಳ್ಳ ರೋಗಿಗಳ ಮಾನವ ಘನತೆ, ಗೌಪ್ಯತೆ ಕಾಯ್ದುಕೊಳ್ಳುವುದು, ಸಂಶೋಧನಾ ನೀತಿಶಾಸ್ತ್ರ, ಲಿಂಗ ಆಯ್ಕೆ  ಸುಖಮರಣ, ಅಂಗಾಂಗ ಕಸಿ, ಹಿಂಸೆ,  ಮರಣ ದಂಡನೆ, ಮಾಧ್ಯಮ ಸಂಬಂಧಗಳು, ತಳಿವಿಜ್ಞಾನ, ಮತ್ತು ಜನಾಂಗೀಯ ಅಥವಾ ಸಾಂಸ್ಕೃತಿಕ ತಾರತಮ್ಯ  ಇತ್ಯಾದಿ ಅನೇಕ ವಿಷಯಗಳನ್ನು ಒಳಗೊಂಡಿದೆ.  ಅಂತಹ ನೀತಿ ಸಂಹಿತೆಗಳನ್ನು ಹುಟ್ಟುಹಾಕುವಲ್ಲಿ, ಮನೋವೈದ್ಯಶಾಸ್ತ್ರದ ಆಚರಣೆಯ ಕುರಿತ ಅನೇಕ ವಿವಾದಗಳಿಗೆ ಈ ವೈದ್ಯವೃತ್ತಿಯು ಪ್ರತಿಕ್ರಿಯಿಸಿದೆ.",
            "answer": "ಹವಾಯ್",
            "category": "ORG",
            "title": "ಮನೋವೈದ್ಯಶಾಸ್ತ್ರ (ಸೈಕಿಯಾಟ್ರಿ)",
            "out_of_context_options": [
                "ಜರ್ಮನಿಯಲ್ಲಿ"
            ],
            "options": [
                "ಹವಾಯ್",
                "ಜರ್ಮನಿಯಲ್ಲಿ",
                "ಲಂಡನ್",
                "ನೇಚರ್"
            ]
        },
        {
            "question": "ಮಂಗಳೂರು  <MASK>, ರೇಖಾಂಶವನ್ನು ಹೊಂದಿದ್ದು, ಕರ್ನಾಟಕದ ದಕ್ಷಿಣ ಕನ್ನಡ ಜಿಲ್ಲೆಯಲ್ಲಿ ಸ್ಥಿತವಾಗಿದೆ. ಇದು ಸಮುದ್ರ ಮಟ್ಟಕ್ಕಿಂತ ಸರಾಸರಿ ೯೯ ಮೀಟರುಗಳಷ್ಟು(೩೨೫ ಅಂಗುಲಗಳು) ಎತ್ತರದಲ್ಲಿದೆ. ಇದು ದಕ್ಷಿಣ ಕನ್ನಡ ಜಿಲ್ಲೆಯ ಕೇಂದ್ರ ಕಾರ್ಯಾಲಯವಾಗಿದ್ದು, ಕರ್ನಾಟಕದ ಅತಿ ದೊಡ್ಡ ಕರಾವಳಿ ನಗರ ಕೇಂದ್ರ ಹಾಗೂ ರಾಜ್ಯದ ೪ನೇ ಅತಿ ದೊಡ್ಡ ನಗರವಾಗಿದೆ.ಭಾರತದ ಪಶ್ಚಿಮ ಕರಾವಳಿಯಲ್ಲಿ ಅರಬ್ಬೀ ಸಮುದ್ರದ ತೀರದಲ್ಲಿರುವ ಇದು ತನ್ನ ಪೂರ್ವದಲ್ಲಿ ಪಶ್ಚಿಮ ಘಟ್ಟಗಳನ್ನು ಹೊಂದಿದೆ. ಮಂಗಳೂರು ನಗರವು ೧೧೧.೧೮ ಚದರ ಕಿ. ಮೀ. ವಿಸ್ತೀರ್ಣವನ್ನು ಹೊಂದಿದ್ದು, ಮಂಗಳೂರು ಮಹಾನಗರ ಪಾಲಿಕೆಯ ಅಧೀನದಲ್ಲಿರುವ ಪ್ರದೇಶದ ಒಟ್ಟು ವಿಸ್ತೀರ್ಣ ೧೩೨.೪೫ ಚದರ ಕಿ. ಮೀ.ಆಗಿದೆ. ಇಲ್ಲಿ ದಿನದಲ್ಲಿ ಮಿತವಾದ ಗಾಳಿಯ ಜೊತೆಗೆ ಕೆಲವೊಮ್ಮೆ ಹೊಯ್ಗಾಳಿಯು ಬೀಸಿದರೆ ರಾತ್ರಿಯಲ್ಲಿ ಶಾಂತವಾದ ಗಾಳಿಯು ಬೀಸುತ್ತದೆ. ಇಲ್ಲಿರುವ ಪರ್ವತ ಪ್ರದೇಶಗಳು ಹಾಗೂ ಪ್ರಾಕೃತಿಕ ಕಣಿವೆಗಳೊಂದಿಗೆ ನಗರದ ನಕ್ಷೆಯು ಬಯಲು ಪ್ರದೇಶಗಳ ಜೊತೆಗೆ ಉಬ್ಬುತಗ್ಗು ಪ್ರದೇಶಗಳನ್ನೂ ಹೊಂದಿದೆ.",
            "answer": "ಅಕ್ಷಾಂಶ",
            "category": "LOC",
            "title": "ಮಂಗಳೂರು",
            "options": [
                "ಅಕ್ಷಾಂಶ",
                "ಕದ್ರಿಯಲ್ಲಿ",
                "ಮೂಡುಬಿದಿರೆಯಲ್ಲಿರುವ",
                "ವಿಜಯನಗರದ"
            ]
        },
        {
            "question": "<MASK>ರ ಪತನಾನಂತರ ಪಂಜಾಬ್ ಪ್ರಾಂತ್ಯವೂ ಸ್ವಲ್ಪ ಕಾಲ ಯವನರ ಅಧೀನಕ್ಕೊಳಪಟ್ಟಿತು. ಮಧ್ಯಯುಗೀನ ಸಾಹಿತ್ಯದಲ್ಲಿ ಯವನ ಎಂಬ ಮಾತು ಸಾಮಾನ್ಯವಾಗಿ ಮ್ಲೇಚ್ಛ ಎಂಬುದರ ಪರ್ಯಾಯ ಪದವಾಗಿ ಬಳಸಲ್ಪಟ್ಟು ಎಲ್ಲ ಪರಕೀಯರಿಗೂ ಅನ್ವಯವಾಗಬಹುದಾಗಿತ್ತಾದರೂ, ಆರಂಭದ ಶತಮಾನಗಳಲ್ಲಿ ಇದು ಖಚಿತವಾಗಿ  ಗ್ರೀಸ್ ದೇಶದ ಗ್ರೀಕರಿಗೆ,ಏಷ್ಯ ಮೈನರ್ನಲ್ಲಿ ಇಜಿಯನ್ ಸಮುದ್ರ ಮತ್ತು ಲಿಡಿಯಗಳ ನಡುವಣ ಗ್ರೀಕರಿಗೆ, ಅನ್ವಯವಾಗುತ್ತಿದ್ದ ಪದ. ಅಲೆಗ್ಸಾಂಡರ್ ಹೊಸದಾಗಿ ಹುಟ್ಟುಹಾಕಿದ ನಗರಗಳಲ್ಲಿ ಬ್ಯೂಸಿಫಲ್ ಮತ್ತು ನೈಸೀಯಗಳು ಜೇಲಂ ನದಿತೀರದ ಮೇಲೂ, ಅಲೆಗ್ಸಾಂಡ್ರಿಯ ಸಿಂಧು ಮತ್ತು ಚೀನಾಬ್ ನದಿಗಳ ಸಂಗಮದಲ್ಲೂ ಇದ್ದುವು. ಇಲ್ಲಿ ನೆಲಸಿದ ಗ್ರೀಕ್ ಜನರು ಭಾರತೀಯರೊಂದಿಗೆ ತೀರ ಹತ್ತಿರದ ಸಂಬಂಧಗಳನ್ನು ಹೊಂದಿದ್ದರು. ಎರಡೂ ಜನಾಂಗದವರು ಪರಸ್ಪರ ಪ್ರಭಾವಕ್ಕೊಳಪಟ್ಟಿದ್ದರು. ಈ ಗ್ರೀಕ್ ಅರಸರಲ್ಲಿ ಡಿಮೀಟ್ರಿಯಸ್ ಪ್ರಮುಖ. ಈತ ಸಿಯಾಲ್‍ಕೋಟ್ ಪ್ರದೇಶವನ್ನು ವಶಪಡಿಸಿಕೊಂಡಿದ್ದ. ಶುಂಗವಂಶದ ಪುಷ್ಯಮಿತ್ರ ಕೆಲವು ವರ್ಷಗಳಾದರೂ ಪಂಜಾಬಿನ ಕೆಲವು ಭಾಗಗಳನ್ನು ತನ್ನ ಅಧೀನದಲ್ಲಿರಿಸಿಕೊಂಡಿದ್ದನಾದರೂ ಡಿಮೀಟ್ರಿಯಸ್ ಅವನ್ನು ಪುನಃ ಗೆದ್ದುಕೊಂಡನೆಂಬಂತೆ ತೋರುತ್ತದೆ. ಇನ್ನೊಬ್ಬ ಪ್ರಮುಖ ಅರಸ ಮಿನಾಂಡರ್ (ಕ್ರಿ.ಪೂ. ಸು. ೧೫೦). ಈತ ಇಂಡೊ-ಗ್ರೀಕ್.",
            "answer": "ಮೌರ್ಯ",
            "category": "ORG",
            "title": "ಪಂಜಾಬಿನ ಇತಿಹಾಸ",
            "options": [
                "ದೆಹಲಿ",
                "ಮೌರ್ಯ",
                "ಪಂಜಾಬ್",
                "ಜಲಂಧರ್"
            ]
        },
        {
            "question": "ಕುಲಕರ್ಣಿ ಮತ್ತು ಇವರ ಸಹೋದರಿಯರು <MASK>ದ ಹುಬ್ಬಳ್ಳಿಯಲ್ಲಿ ಬೆಳೆದರು ಮತ್ತು ಅಲ್ಲಿನ ಸ್ಥಳೀಯ ಶಾಲೆಗಳಲ್ಲಿ ತಮ್ಮ ಶಾಲಾ ಶಿಕ್ಷಣವನ್ನು ಪಡೆದರು. ಇವರು 1978 ರಲ್ಲಿ ದೆಹಲಿಯ ಇಂಡಿಯನ್ ಇನ್‌ಸ್ಟಿಟ್ಯೂಟ್ ಆಫ್ ಟೆಕ್ನಾಲಜಿಯಿಂದ ಭೌತಶಾಸ್ತ್ರದಲ್ಲಿ ಎಂಎಸ್ (ಇಂಟಿಗ್ರೇಟೆಡ್ ಸ್ನಾತಕೋತ್ತರ ಕೋರ್ಸ್) ಪಡೆದರು ಮತ್ತು ಇವರ ಪಿಎಚ್‌ಡಿ. 1983 ರಲ್ಲಿ ಬರ್ಕ್ಲಿಯ ಕ್ಯಾಲಿಫೋರ್ನಿಯಾ ವಿಶ್ವವಿದ್ಯಾಲಯದಿಂದ. ",
            "answer": "ಕರ್ನಾಟಕ",
            "category": "ORG",
            "title": "ಶ್ರೀನಿವಾಸ್ ಕುಲಕರ್ಣಿ",
            "options": [
                "ಇನ್ಫೋಸಿಸ್",
                "ನೆದರ್ಲ್ಯಾಂಡ್ಸ್",
                "ಕರ್ನಾಟಕ",
                "ಭಾರತ"
            ]
        }
    ]
}