path	sentence	client_id
common_voice_ru_19793729.mp3	Успех наших усилий неразрывно связан с мобилизацией финансовых и людских ресурсов.	9042795c235aec45758ff959be5088879033c8d9ee0dcaa7e3ed42a57f23c32065eb8e96947ccaa428e324d670cecc0fdd079a1e62c6afc7f2b3dbc059afdc60
common_voice_ru_19793731.mp3	Выпьем за сделку.	9042795c235aec45758ff959be5088879033c8d9ee0dcaa7e3ed42a57f23c32065eb8e96947ccaa428e324d670cecc0fdd079a1e62c6afc7f2b3dbc059afdc60
common_voice_ru_20177325.mp3	Наше второе замечание касается высокой эффективности Фонда миростроительства.	ecb22ff20fac8e9a32ecce14e9683ba00eb0582d6763cef115fb6fc346467db38f62b84897c0c73d13fb909e6961aa6376c09e18dfc9d57f2276a441786c1307
common_voice_ru_20177326.mp3	В сентябре впервые в истории было проведено заседание высокого уровня по проблеме опустынивания.	ecb22ff20fac8e9a32ecce14e9683ba00eb0582d6763cef115fb6fc346467db38f62b84897c0c73d13fb909e6961aa6376c09e18dfc9d57f2276a441786c1307
common_voice_ru_19468869.mp3	Если не будет возражений, я буду считать, что Ассамблея согласна с этим предложением.	081340f4cbaab50d8b9606a52488eb0614edd77eb782a4f1b46895bbe07c589d5d8f212673972b3dab6423809baff730eb540165b73d66109ada00230c188275
common_voice_ru_20212439.mp3	Сейчас мы примем решение по данному проекту резолюции.	09591dc7514d0b2680b59d2e029acf3a683c331b82c7342f0310594858c7ede6fabb8d97fe0056db89e672b8bbd0d3551582850f3c4757e4767d32030f155e0f
