{
    "cloze_data": [
        {
            "question": "जेब ज्योएल आंद्रे मतीप (Job Joël Andre Matip; जन्म: , <MASK>, जर्मनी) हा कामेरून देशाचा एक फुटबॉलपटू आहे. २०१० पासून  राष्ट्रीय संघाचा भाग असलेला मतीप २०१० व २०१४ फिफा विश्वचषक स्पर्धांमध्ये कामेरूनकडून खेळला आहे. क्लब पातळीवर मतीप २००९ पासून बुंडेसलीगामधील एफ.से. शाल्क ०४ ह्या क्लबासाठी खेळत आहे.",
            "answer": "बोखुम",
            "category": "ORG",
            "title": "ज्योएल मतीप",
            "options": [
                "बोखुम",
                "बुंडेसलीगा",
                "कामेरून",
                "जर्मनी"
            ]
        },
        {
            "question": "भास्कराचार्यांचा जन्म हा महाराष्ट्रात झाला. ‘विज्जलविड’ हे त्यांचे जन्मगाव. खानदेशातील <MASK>जवळ पाटण नामक गाव आहे. ते भास्काराचार्यांचे जन्मगाव; असेही काही संशोधकांचे मत आहे. तेथे ‘पाटणादेवी’ ही त्यांची कुलदेवता आहे. आपल्या ग्रंथामध्ये त्यांनी तसा उल्लेख केला आहे. ",
            "answer": "चाळीसगाव",
            "category": "LOC",
            "title": "भास्कराचार्य द्वितीय",
            "options": [
                "सूर्य",
                "सह्याद्री",
                "देवगिरी",
                "चाळीसगाव"
            ]
        },
        {
            "question": "मत्स्यपुराणानुसार, पार्वती चूर्ण (भुकटी) स्वतःच्या शरीराचे मर्दन करत होती. याच भुकटीपासून तिने गणपतीची मूर्ती बनवली व गंगेत टाकली. पुतळा मोठा होत होत पृथ्वीइतका झाला. नंतर या मुलास <MASK> व पार्वतीने पुत्ररूप मानले व ब्रह्माच्या आशिर्वादाने हा मुलगा गणाधिपती झाला.",
            "answer": "गंगा",
            "category": "LOC",
            "title": "गणपती",
            "options": [
                "वाई",
                "पुण्यात",
                "गंगा",
                "वाराणसी"
            ]
        },
        {
            "question": "अशोकानंतर राज्याला ोग्य उत्तराधिकारी न लाभल्यामुळे <MASK> साम्राज्याचा र्‍हास घडून आला विशाल आणि एकछत्री केंद्रीकृत राज्य उभारण्याचा प्रयत्न अखिल भारतीय स्तरावर सर्वप्रथम मौर्य सम्राट यांनी केला यामध्ये चंद्रगुप्त आणि सम्राट अशोक यांची कार्य खूप महत्त्वपूर्ण राहिलेली आहे अशोकाने बौद्ध धर्माची शिकवण देताना लोककल्याणकारी राज्याच्या निर्मितीला चालना दिली शांततेच्या मार्गाने कुठलेही राज्य जास्त काळ टिकू शकेल यावर त्याचा विश्वास निर्माण झाला बौद्ध धर्माच्या प्रसाराला त्याने चालना दिले त्यासाठी शासकीय अधिकारी नेमले स्वतःच्या मुलांना त्याने धर्म प्रसारासाठी पाठवले",
            "answer": "मौर्य",
            "category": "ORG",
            "title": "सम्राट अशोक",
            "options": [
                "ताजिकिस्तान",
                "पाकिस्तान",
                "मौर्य",
                "बिहार"
            ]
        },
        {
            "question": "आमीरखां यांचा जन्म भारतातील <MASK> या ठिकाणी संगीत कलावंत घराण्यात झाला. त्यांचे वडील शाहमीर खान हे भेंडीबझार घराण्याचे प्रसिद्ध सारंगीवादक  व  वीणावादक होते. ते इंदुरातील होळकरांच्या दरबारात आपली सेवा रुजू करत. त्यांचे आजोबा चंगे खान हे बहादूर शाह जफर यांच्या दरबारात गायक होते. आमीरखां यांची आई ते फक्त नऊ वर्षांचे असतानाच कालवश झाली. त्यांचे धाकटे बंधू बशीर हे ऑल इंडिया रेडियोच्या इंदूर स्टेशन येथे सारंगीवादक म्हणून रुजू होते.",
            "answer": "इंदूर",
            "category": "LOC",
            "title": "आमीरखां",
            "out_of_context_options": [
                "प्रिस्टिना"
            ],
            "options": [
                "इंदूर",
                "अमरनाथ",
                "मुंबई",
                "प्रिस्टिना"
            ]
        },
        {
            "question": "डॉ. वाल्देमार मॉर्डेकाई वूल्फ हाफकीन (<MASK>: Мордехай-Вольф Хавкин) (१५ मार्च, इ.स. १८६०:बेर्डीन्स्क, रशियन साम्राज्य - २६ ऑक्टोबर, इ.स. १९३०:लुझान, स्वित्झर्लंड) हे एक  रशियन सूक्ष्मजंतुशास्त्रज्ञ होते. हाफकीन हे यहूदी धर्मीय होते. पॅरिसमधील लुई पाश्चर संस्थेत काम करत असताना त्यांनी कॉलराविरोधी लस विकसित करून तिचे भारतात यशस्वीरीत्या परीक्षण केले. ते पटकी आणि ब्युबॉनिक प्लेग (गाठीचा प्लेग) वरची लस बनवणारे आणि त्यांची तपासणी करणारे पहिले सूक्ष्मजंतुशास्त्रज्ञ म्हणून ओळखले जातात.",
            "answer": "रशियन",
            "category": "ORG",
            "title": "वाल्देमार हाफकीन",
            "options": [
                "पॅरिस",
                "स्वित्झर्लंड",
                "रशियन",
                "भारत"
            ]
        },
        {
            "question": "ल्युबेक (Lübeck) हे <MASK> देशाच्या श्लेस्विग-होल्श्टाइन ह्या राज्यातील दुसऱ्या क्रमांकाचे मोठे शहर (कील खालोखाल) आहे. हे शहर जर्मनीच्या उत्तर भागात हांबुर्गच्या ७५ किमी वायव्येस बाल्टिक समुद्रकिनाऱ्यावर वसले असून ते बाल्टिकमधील जर्मनीचे सर्वात मोठे बंदर आहे.",
            "answer": "जर्मनी",
            "category": "ORG",
            "title": "ल्युबेक",
            "options": [
                "हांबुर्ग",
                "श्लेस्विग-होल्श्टाइन",
                "जर्मनी",
                "हान्से"
            ]
        },
        {
            "question": "लक्झेंबर्ग शहर (लक्झेंबर्गिश: Stad Lëtzebuerg, Ville de Luxembourg, Luxemburg Stadt) ही पश्चिम युरोपातील <MASK> देशाची राजधानी व सर्वात मोठे शहर आहे. फ्रँक लोकांनी मध्य युगात वसवलेले हे शहर लक्झेंबर्गच्या दक्षिण भागात आल्झेट व पेट्र्युस नद्यांच्या संगमावर स्थित आहे. हे शहर पश्चिम युरोपामध्ये मध्यवर्ती स्थानावर असून ते ब्रसेल्सपासून , पॅरिसपासून , क्योल्नपासून  तर फ्रान्सच्या मेसपासून  अंतरावर स्थित आहे.",
            "answer": "लक्झेंबर्ग",
            "category": "ORG",
            "title": "लक्झेंबर्ग (शहर)",
            "options": [
                "क्योल्न",
                "लक्झेंबर्ग",
                "फ्रान्स",
                "युनेस्को"
            ]
        },
        {
            "question": "राज्यातील प्रमुख नदी - र्‍हाइन नदी - फ्रान्सच्या सीमेलगत वाहते. राज्यातील इतर प्रमुख नद्यांमध्ये <MASK> व डोनाउ यांचा समावेश होतो. नेकार नदी मानहाइम या शहराजवळ र्‍हाइन नदीला मिळते. डोनाउ नदी ही पूर्ववाहिनी असून तिचा युरोपातील प्रमुख नद्यांत समावेश होतो. ती बायर्नमधून पुढे जाऊन युरोपातील अनेक देशांतून वाहते व सरतेशेवटी रोमानियामध्ये काळ्या समुद्राला जाऊन मिळते. नेकार व डोनाउ या दोन्ही नद्या ब्लॅक फॉरेस्टनजीकच्या पर्वतरांगेत उगम पावतात.",
            "answer": "नेकार",
            "category": "LOC",
            "title": "बाडेन-व्युर्टेंबर्ग",
            "options": [
                "बोडनसे",
                "नेकार",
                "बोडेन्जी",
                "डोनाउ"
            ]
        },
        {
            "question": "टेनेसी (Tennessee; ) हे <MASK> एक राज्य आहे. अमेरिकेच्या आग्नेय भागात वसलेले टेनेसी क्षेत्रफळाच्या दृष्टीने अमेरिकेमधील ३६वे तर लोकसंख्येच्या दृष्टीने १७व्या क्रमांकाचे राज्य आहे.",
            "answer": "अमेरिकेचे",
            "category": "ORG",
            "title": "टेनेसी",
            "options": [
                "मिसूरी",
                "अमेरिकेचे",
                "मेम्फिस",
                "केंटकी"
            ]
        },
        {
            "question": "भारतातील मध्य प्रदेश हे राज्य, भाषावार प्रांतरचनेनंतर १ नोव्हेंबर इ.स. १९५६ला बनवले गेले. त्यानंतर, १ नोव्हेंबर इ.स. २०००ला पुन्हा त्यातून <MASK> हा विभाग वेगळा होऊन त्याचे स्वतंत्र्य राज्य निर्माण केले गेले. नर्मदा नदीच्या खोऱ्यात हठ्नोरा आदिमानव हा मध्य प्रदेशात सुमारे ३,००,००० वर्षांपूर्वी, मिडल Pleistocene कालखंड पासून जगात आले असते हे दर्शविते. नंतर मेसोलीठीक कालावधी दिनांक ?? पेंट मातीची भांडी भीमबेटका रॉक shelters मध्ये सापडला आहे . कायथा संस्कृती (2100-1800 सालच्या) आणि माळवा संस्कृती (1700-1500 सालच्या) राज्यातील पश्चिम भागात शोधला गेले आहेत राहण्याचे चाल्कॉलीठीक साइट.",
            "answer": "छत्तीसगढ",
            "category": "ORG",
            "title": "मध्य प्रदेश",
            "options": [
                "राज्य",
                "छत्तीसगढ",
                "भारत",
                "गुजरात"
            ]
        },
        {
            "question": "काराचाय-चेर्केशिया प्रजासत्ताक (Карачаево-Черкесская Республика; काबार्दियन: Къэрэшей-Шэрджэс Республикэ; काराचाय-बाल्कर: Къарачай-Черкес Республика) हे <MASK> देशाच्या २१ प्रजासत्ताकांपैकी एक आहे. हे प्रजासत्ताक रशियाच्या नैऋत्य भागात कॉकेशस प्रदेशात जॉर्जिया देशाच्या सीमेजवळील अबखाझिया ह्या वादग्रस्त प्रदेशाजवळ वसले आहे. कॉकासस पर्वतरांगेमध्ये असलेल्या ह्या प्रदेशाचा मोठा भाग डोंगराळ आहे.",
            "answer": "रशिया",
            "category": "ORG",
            "title": "काराचाय-चेर्केशिया",
            "out_of_context_options": [
                "हेसे"
            ],
            "options": [
                "जॉर्जिया",
                "रशिया",
                "हेसे",
                "काबार्दिनो-बाल्कारिया"
            ]
        },
        {
            "question": "जालना मुंबई जन शताब्दी एक्सप्रेस ही भारतीय रेल्वेची दैनंदिन सेवा देणारी रेल्वेगाडी आहे. जन शताब्दी एक्सप्रेस ताफ्यामधील ही वेगवान आणि आरामदायी गाडी औद्योगिक शहर असलेल्या <MASK>ला महाराष्ट्र राज्याची राजधानी मुंबईसोबत जोडते. ह्यापूर्वी औरंगाबादपर्यंत धावणाऱ्या ह्या गाडीचा मार्ग ९ ऑगस्ट २०१५ पासून जालन्यापर्यंत वाढवण्यात आला.",
            "answer": "जालना",
            "category": "LOC",
            "title": "जालना जनशताब्दी एक्सप्रेस",
            "options": [
                "इगतपुरी",
                "मुंबई",
                "कसारा",
                "जालना"
            ]
        },
        {
            "question": "१९६१ साली भारताने <MASK> गोव्यावर लष्करी आक्रमण करून गोवा आपल्या अधिपत्याखाली आणला. १९६१ ते १९८७ दरम्यान गोवा, दमण व दीव हा भारताचा एक केंद्रशासित प्रदेश होता. गोव्याला १९८७ साली संपूर्ण राज्याचा दर्जा प्राप्त झाला व दमण आणि दीव हा केंद्रशासित प्रदेश राहिला. १९६३ सालापासून आजवर ११ व्यक्ती गोव्याच्या मुख्यमंत्रीपदावर राहिल्या आहेत.",
            "answer": "पोर्तुगीज",
            "category": "ORG",
            "title": "गोव्याचे मुख्यमंत्री",
            "options": [
                "पोर्तुगीज",
                "भारत",
                "गोवा",
                "विधानसभा"
            ]
        },
        {
            "question": "हे एक द्विदल कडधान्य आहे. हा एक स्वयंपाकात वरचेवर वापरला जाणारा एक पदार्थ आहे. याचे वरण बहुतेक लोक आवडीने खातात. <MASK>, थायलंड, फिलिपाईन्स, इंडोनेशिया, ब्रह्मदेश, बांग्लादेश इत्यादी देशांमध्ये ही मुगाची लागवड केली जाते. मूग काळे, हिरवे, पिवळे, पांढरे आणि लाल रंगाचे असतात. हिरव्या रंगाचे मूग अत्यंत स्वादिष्ट आणि गुणकारी असतात. प्राचीन भारतीय पद्धतीमध्ये मूग हे सर्वाधिक पोषणयुक्त अन्नपदार्थांपैकी एक मानले जाते. पोषक घटकांचा एक मोठा स्रोत म्हणून देखील ओळखले जाते. मॅगनीझ, पोटॅशियम, मॅग्नेशियम, फोलेट, तांबे, जस्त आणि विविध ब व्हिटॅमिन इत्यादि शरीराला आवश्यक असणारे घटक यात असतात. मुग आहारात असल्यामुळे अनेक रोगांचा प्रतिकार करणे सहज शक्य होते.",
            "answer": "चीन",
            "category": "ORG",
            "title": "मूग",
            "options": [
                "इंडोनेशिया",
                "चीन",
                "फिलिपाईन्स",
                "ब्रह्मदेश"
            ]
        },
        {
            "question": "वॉरेन वॉशिंग्टन (२८ ऑगस्ट, १९३६: पोर्टलँड, ओरेगॉन, <MASK> - ) हे अमेरिकन हवामान शास्त्रज्ञ असून ते सध्या नॅशनल सेंटर फॉर ॲटमॉस्फिअरिक रिसर्च, बोल्डर, कॉलोराडो येथे वयाच्या ८३ व्या वर्षीही कार्यरत आहेत.",
            "answer": "अमेरिका",
            "category": "ORG",
            "title": "वॉरेन वॉशिंग्टन",
            "out_of_context_options": [
                "जर्मनीमध्ये"
            ],
            "options": [
                "अमेरिकेतील",
                "अमेरिका",
                "जर्मनीमध्ये",
                "पेनसिल्व्हेनिया"
            ]
        },
        {
            "question": "वैदिक धर्माचा प्रचार करण्यासाठी दयानंदांनी १० एप्रिल १८७५ रोजी <MASK> येथे आर्य समाजाची स्थापना केली. वेदांतील तत्त्वज्ञानाचे यथार्थ ज्ञान व्हावे म्हणून यांनी \"सत्यार्थ प्रकाश\" नावाचा ग्रंथ संस्कृत व हिंदी भाषेत लिहिला. सत्यार्थ प्रकाश ग्रंथात वैदिक धर्माचे यथार्थ स्वरूप प्रतिपादन करताना इतर पंथमतांचे खंडनही त्यांना करावे लागले. या प्रचारात्मक ग्रंथानंतर वेदाचा अर्थ समजण्याकरिता यांनी \"वेदभाष्य\" लिहिण्यास सुरुवात केली पण तो ग्रंथ अपुराच राहिला. यानंतर \"संस्कारविधी\" हा ग्रंथ लिहून सोळा संस्कारांचे वर्णन व प्रयोग यांनी दिले. \"पंचमहायज्ञविधी\" या लहानशा ग्रंथात नित्य करावयाच्या यज्ञाचे यांनी विवेचन केले. \"गोकरुणानिधी\" या ग्रंथात यांच्या अंत:करणाचे प्रतिबिंब पहावयास मिळते.",
            "answer": "मुंबई",
            "category": "LOC",
            "title": "दयानंद सरस्वती",
            "options": [
                "अहमदाबाद",
                "मुंबई",
                "बडोदे",
                "पुणे"
            ]
        },
        {
            "question": "टोकियोच्या महानगरक्षेत्रात ओता येथील हानेडा विमानतळ व चिबा प्रभागातील नारिता आंतरराष्ट्रीय विमानतळ हे टोकियो शहराला विमानसेवा पुरवणारे दोन <MASK> आहेत. जपान एअरलाइन्स व ऑल निप्पॉन एअरवेज ह्या जपानमधील सर्वात मोठ्या विमान वाहतूक कंपनींची मुख्यालये टोकियोमध्येच स्थित आहेत. टोकियो विमानतळ प्रणाली लंडन व न्यू यॉर्क शहराखालोखाल जगातील सर्वात वर्दळीची आहे.",
            "answer": "विमानतळ",
            "category": "ORG",
            "title": "तोक्यो",
            "options": [
                "लंडन",
                "न्यूयॉर्क",
                "विमानतळ",
                "जपान"
            ]
        },
        {
            "question": "फ्रान्स हा पश्चिम युरोपातील एक <MASK> आहे. पॅरीस ही फ्रांसची राजधानी व सर्वात मोठे शहर आहे. France हा अतिशय प्रगत देश असून तो G-७ या राष्ट्रांचा सदस्य आहे.",
            "answer": "देश",
            "category": "LOC",
            "title": "फ्रान्स",
            "out_of_context_options": [
                "सिलहट"
            ],
            "options": [
                "राजधानी",
                "शहर",
                "देश",
                "सिलहट"
            ]
        },
        {
            "question": "दिमापूर हे <MASK> देशाच्या नागालॅंड राज्यातील सर्वात मोठे शहर आहे. दिमापूर शहर नागालॅंडच्या पश्चिम भागात राजधानी कोहिमाच्या ६८ किमी वायव्येस आसाम राज्याच्या सीमेवर वसले आहे. २०११ साली १.२२ लाख लोकसंख्या असलेले दिमापूर ईशान्य भारतामधील एक आघाडीचे शहर मानले जाते.",
            "answer": "भारत",
            "category": "ORG",
            "title": "दिमापूर",
            "out_of_context_options": [
                "एअरएशिया"
            ],
            "options": [
                "आसाम",
                "भारत",
                "नागालॅंड",
                "एअरएशिया"
            ]
        }
    ]
}