{"161129": {"id": 161129, "text": "Cytat: Napisane przez Finlora Kupi\u0142am dzisiaj pod wp\u0142ywem impulsu migda\u0142ow\u0105 pomadk\u0119 ochronn\u0105 AA i niestety, nie polecam - straszny bubel. Nie do\u015b\u0107, \u017ce wcale nie pachnie migda\u0142ami to bieli usta Po raz kolejny si\u0119 przekona\u0142am - nigdy wi\u0119cej zakup\u00f3w pod wp\u0142ywem impulsu, bez zajrzenia do neta i sprawdzenia jakich\u015b opinii. Dobrze chocia\u017c, \u017ce zap\u0142aci\u0142am za ni\u0105 3 z\u0142. Popieram. Jest fatalna.", "ner": []}, "161130": {"id": 161130, "text": "dziewczyny nie polecam tego p\u0142ynu dwufazowego do demakija\u017cu z eveline. to  jest pora\u017cka po ca\u0142o\u015bci. za ci\u0119\u017cki jest ten olejek co sprawia \u017ce po  wymieszaniu za 1s jest z powrotem w swojej pierwotnej postaci nawet nie da  si\u0119 za jednym razem nala\u0107 na wacik a po drugie mega szczypie w oczy i nie  domywa tuszu samego tuszu... wiem bo testowa\u0142 go jakie\u015b 2 tygodnie temu i  poprostu wylalam go za du\u017co nerw\u00f3w i piekacych oczow si\u0119 tylko na bawi\u0142am  dzi\u0119ki niemu\ufeff", "ner": []}, "161131": {"id": 161131, "text": "My\u015bl\u0119, \u017ce 90 z\u0142 to strasznie wysoka cena jak za szampon. Jest du\u017co kosmetyk\u00f3w, kt\u00f3re s\u0105 tanie i maj\u0105 proste, dobre sk\u0142ady. Akurat je\u015bli chodzi o szampony to wy\u017csza cena niekoniecznie idzie w parze z jako\u015bci\u0105. Nie m\u00f3wi\u0119, \u017ce ten szampon jest z\u0142y bo go nie znam, ale p\u0142acenie 9 dych za szampon to troch\u0119 przesada. Chyba, \u017ce mia\u0142by jakie\u015b naprawd\u0119 cudowne w\u0142a\u015bciwo\u015bci. Je\u015bli szukasz delikatnych szampon\u00f3w to patrz za takimi bez sls/sles w sk\u0142adzie, chyba, \u017ce za s\u0142abo oczyszczaj\u0105 twoje w\u0142osy. Zobacz szampony i \u017cele do mycia dla dzieci, one zwykle maj\u0105 delikatne i przyjemne sk\u0142ady. Ja lubi\u0119 szampon Isana Med z mocznikiem, ma sles w sk\u0142adzie, ale ma te\u017c wysoko mocznik, wi\u0119c nie wysusza sk\u00f3ry g\u0142owy (a dobrze oczyszcza). Szampon dostaniesz w Rossmannie za jakie\u015b 4 z\u0142. Head&Shoulders to straszne rypacze, przesuszaj\u0105 w\u0142osy i sk\u00f3r\u0119. Jak masz delikatn\u0105 sk\u00f3r\u0119 to zdecydowanie odradzam :p", "ner": [{"source": {"from": 596, "to": 601, "type": "BRAND_NAME", "text": "Isana"}, "target": {"from": 602, "to": 605, "type": "PRODUCT_NAME", "text": "Med"}}, {"source": {"from": 596, "to": 602, "type": "BRAND_NAME", "text": "Isana"}, "target": {"from": 602, "to": 606, "type": "PRODUCT_NAME", "text": "Med"}}, {"source": {"from": 766, "to": 780, "type": "BRAND_NAME", "text": "Head&Shoulders"}, "target": {"from": 766, "to": 780, "type": "PRODUCT_NAME_IMP", "text": "Head&Shoulders"}}, {"source": {"from": 602, "to": 605, "type": "PRODUCT_NAME", "text": "Med"}, "target": {"from": 596, "to": 601, "type": "BRAND_NAME", "text": "Isana"}}]}, "161132": {"id": 161132, "text": "No way!!! Og\u00f3lnie lubi\u0119 dwufazowe p\u0142yny do demakija\u017cu oczu, zw\u0142aszcza z Bielendy i L'oreal, cho\u0107 Mixa te\u017c jest ok. Teraz postanowi\u0142am wypr\u00f3bowa\u0107 ten z Nivea, bo lubi\u0119 kosmetyki tej marki, a tu takie rozczarowanie... P\u0142yn strasznie podra\u017cnia oczy - s\u0105 czerwone jak u kr\u00f3lika, szczypi\u0105, piek\u0105..tragedia. Musia\u0142am wyrzuci\u0107. Nie polecam jest wiele, wiele lepszych p\u0142yn\u00f3w!!!", "ner": []}, "161135": {"id": 161135, "text": "Ja kupi\u0142am ostatnio na promo w Super Pharm kolor Creme de Nude 93, ale w innym celu ni\u017c sam cie\u0144 :P Jako baz\u0119 pod cienie, i trzyma cienie \u0142adnie :) Innych kolork\u00f3w nie mia\u0142am, wi\u0119c si\u0119 nie wypowiem :)", "ner": [{"source": {"from": 49, "to": 65, "type": "VERSION", "text": "Creme de Nude 93"}, "target": {"from": 49, "to": 65, "type": "BRAND_NAME_IMP", "text": "Creme de Nude 93"}}, {"source": {"from": 49, "to": 65, "type": "VERSION", "text": "Creme de Nude 93"}, "target": {"from": 49, "to": 65, "type": "PRODUCT_NAME_IMP", "text": "Creme de Nude 93"}}, {"source": {"from": 49, "to": 65, "type": "PRODUCT_NAME_IMP", "text": "Creme de Nude 93"}, "target": {"from": 49, "to": 65, "type": "BRAND_NAME_IMP", "text": "Creme de Nude 93"}}, {"source": {"from": 49, "to": 65, "type": "PRODUCT_NAME_IMP", "text": "Creme de Nude 93"}, "target": {"from": 49, "to": 65, "type": "PRODUCT_NAME_IMP", "text": "Creme de Nude 93"}}, {"source": {"from": 49, "to": 65, "type": "BRAND_NAME_IMP", "text": "Creme de Nude 93"}, "target": {"from": 49, "to": 65, "type": "PRODUCT_NAME", "text": "Creme de Nude 93"}}, {"source": {"from": 49, "to": 65, "type": "BRAND_NAME_IMP", "text": "Creme de Nude 93"}, "target": {"from": 49, "to": 65, "type": "PRODUCT_NAME_IMP", "text": "Creme de Nude 93"}}, {"source": {"from": 31, "to": 42, "type": "BRAND_NAME", "text": "Super Pharm"}, "target": {"from": 31, "to": 42, "type": "LOCATION_IMP", "text": "Super Pharm"}}]}}