Samolot wystartował.,Samolot wystartował.,5.0
Człowiek gra na dużym flecie.,Człowiek gra na flecie.,3.8
Mężczyzna rozsiewa na pizzy rozdrobniony ser.,Mężczyzna rozsiewa rozdrobniony ser na niegotowanej pizzy.,3.8
Trzech mężczyzn gra w szachy.,Dwóch mężczyzn gra w szachy.,2.6
Mężczyzna gra na wiolonczeli.,Mężczyzna siedzący gra na wiolonczeli.,4.25
Niektórzy ludzie walczą.,Dwóch mężczyzn walczy.,4.25
Mężczyzna pali.,Człowiek jeździ na łyżwach.,0.5
Ten człowiek gra na pianinie.,Ten człowiek gra na gitarze.,1.6
Mężczyzna gra na gitarze i śpiewa.,Kobieta gra na gitarze akustycznej i śpiewa.,2.2
