[
    {
        "supports": [
            "A multi - ___MASK63___ event is an organized sports event , often held over multiple days , featuring competition in many different sports between organized teams of athletes from ( mostly ) nation states . The first major , modern , multi - ___MASK63___ event of international significance is the modern ___MASK83___ .",
            "Beach volleyball is a team ___MASK63___ played by two teams of two players on a sand court divided by a net . It has been an Olympic discipline since the 1996 Games .",
            "The Pan - American or Pan American Games ( also known colloquially as the Pan Am Games ) is a major sporting event in the Americas featuring summer sports , in which thousands of athletes participate in a variety of competitions . The competition is held among athletes from nations of the Americas , every four years in the year before the Summer ___MASK83___ . The only Winter Pan American Games were held in 1990 . The Pan American Sports Organization ( PASO ) is the governing body of the Pan American Games movement , whose structure and actions are defined by the Olympic Charter .",
            "The 2004 Summer ___MASK83___ , officially known as the Games of the XXVIII Olympiad and commonly known as Athens 2004 , was a premier international multi - sport event held in Athens , Greece , from 13 to 29 August 2004 with the motto \" Welcome Home .\" 10 , 625 athletes competed , some 600 more than expected , accompanied by 5 , 501 team officials from 201 countries . There were 301 medal events in 28 different sports . Athens 2004 marked the first time since the ___MASK3___ that all countries with a National Olympic Committee were in attendance . 2004 marked the return of the games to the city where they began .",
            "The ___MASK3___ , known officially as the Games of the XXVI Olympiad and unofficially as the Centennial Olympic Games , was a major international multi - sport event that took place in Atlanta , Georgia , United States , from July 19 to August 4 , 1996 . A record 197 nations , all current IOC member nations , took part in the Games , comprising 10 , 318 athletes . The International Olympic Committee voted in 1986 to separate the Summer and Winter Games , which had been held in the same year since 1924 , and place them in alternating even - numbered years , beginning in 1994 . The 1996 Summer Games were the first to be staged in a different year from the Winter Games . Atlanta became the fifth American city to host the Olympic Games and the third to hold a Summer Olympic Games .",
            "A National Olympic Committee ( NOC ) is a national constituent of the worldwide Olympic movement . Subject to the controls of the International Olympic Committee , NOCs are responsible for organizing their people ' s participation in the ___MASK83___ . They may nominate cities within their respective areas as candidates for future ___MASK83___ . NOCs also promote the development of athletes and training of coaches and officials at a national level within their geographies .",
            "The 14th Pan American Games were held in Santo Domingo , Dominican Republic , from August 1 until August 17 , 2003 . The successful bid for the games was made in the mid - 1990s , when Dominican Republic had one of the highest growth rates in Latin America .",
            "Juan Miguel Rossell Milanes ( born December 28 , 1969 in Jiguani , Granma ) is a beach volleyball player from Cuba , who won the gold medal in the men ' s beach team competition at the 2003 Pan American Games in Santo Domingo , Dominican Republic , partnering Francisco Alvarez . He represented his native country at the 1996 and the 2004 Summer Olympics ."
        ],
        "candidates": [
            "___MASK3___",
            "___MASK63___",
            "___MASK83___"
        ],
        "query": "participant_of juan rossell",
        "answer": "___MASK3___",
        "id": "WH_train_0"
    },
    {
        "supports": [
            "Houston is the most populous city in Texas and the fourth - most populous city in the United States after Chicago , located in Southeast Texas near the Gulf of Mexico . With a census - estimated 2014 population of 2 . 239 million within an area of , it also is the largest city in the Southern United States , as well as the seat of Harris County . It is the principal city of Houston  The Woodlands  Sugar Land , which is the fifth - most populated metropolitan area in the United States of America .",
            "John Hillery Osteen ( August 21 , 1921 -- January 23 , 1999 ) was the founder and first pastor of Lakewood Church in Houston , Texas , from its beginnings in 1959 until his death in 1999 . His son Joel Osteen then succeeded him as pastor .",
            "Lakewood Church is a nondenominational charismatic Christian megachurch located in Houston , Texas . It is the largest congregation in the United States , averaging about 52 , 000 attendees per week . The 16 , 800 - seat Lakewood Church Central Campus , home to four ___MASK46___ - language services and two Spanish - language services per week , is located at the former Compaq Center . Joel Osteen is the senior pastor of Lakewood Church with his wife , Victoria , who serves as co - pastor . Lakewood Church is a part of the Word of Faith movement .",
            "A Christian ( or ) is a person who follows or adheres to Christianity , an Abrahamic , monotheistic religion based on the life and teachings of Jesus Christ . \" Christian \" derives from the Koine ___MASK15___ word \" Christ\u00f3s \" (  ), a translation of the Biblical Hebrew term \" mashiach \".",
            "Mexico (, modern ___MASK67___ ), officially the United Mexican States , is a federal republic in the southern half of North America . It is bordered to the north by the United States ; to the south and west by the Pacific Ocean ; to the southeast by Guatemala , Belize , and the Caribbean Sea ; and to the east by the Gulf of Mexico . Covering almost two million square kilometers ( over 760 , 000 sq mi ), Mexico is the sixth largest country in the Americas by total area and the 13th largest independent nation in the world . With an estimated population of over 120 million , it is the eleventh most populous country and the most populous ___MASK25___ - speaking country in the world while being the second most populous country in Latin America . Mexico is a federation comprising 31 states and a federal district that is also its capital and most populous city . Other metropolises include Guadalajara , Monterrey , Puebla , Toluca , Tijuana and Le\u00f3n ."
        ],
        "candidates": [
            "___MASK15___",
            "___MASK25___",
            "___MASK46___",
            "___MASK67___",
            "___MASK85___"
        ],
        "query": "languages_spoken_or_written john osteen",
        "answer": "___MASK46___",
        "id": "WH_train_1"
    }
]