<benchmark>
  <entries>
    <entry category="Politician" eid="Id1" shape="(X (X) (X (X)))" shape_type="mixed" size="3">
      <originaltripleset>
        <otriple>Abdul_Rahman_Ya'kub | deputy | Stephen_Yong_Kuet_Tze</otriple>
        <otriple>Abdul_Taib_Mahmud | birthPlace | Kingdom_of_Sarawak</otriple>
        <otriple>Abdul_Taib_Mahmud | successor | Abdul_Rahman_Ya'kub</otriple>
      </originaltripleset>
      <modifiedtripleset>
        <mtriple>Abdul_Rahman_Ya'kub | hasDeputy | Stephen_Yong_Kuet_Tze</mtriple>
        <mtriple>Abdul_Taib_Mahmud | birthPlace | Kingdom_of_Sarawak</mtriple>
        <mtriple>Abdul_Taib_Mahmud | successor | Abdul_Rahman_Ya'kub</mtriple>
      </modifiedtripleset>
      <lex comment="good" lid="Id1">Abdul Taib Mahmud was born in the Kingdom of Sarawak and he succeeded Abdul Rahman Ya'kub. Stephen Yong Kuet Tze is the deputy to Abdul Rahman Ya'kub.</lex>
      <lex comment="good" lid="Id2">Abdul Taib Mahmud's birthplace was Kingdom of Sarawak and he was succeeded by Abdul Rahman Ya'Kub whose deputy was Stephen Yong Kuet Tze.</lex>
      <lex comment="good" lid="Id3">Abdul Taib Mahmud was born in the Kingdom of Sarawak. Stephen Yong Kuet Tze is the deputy to Abdul Rahman Ya'kub who was succeeded by Abdul Taib Mahmud.</lex>
    </entry>
    </entries>
</benchmark>