<benchmark>
  <entries>
    <entry category="City" eid="Id1" shape="(X (X) (X (X)))" shape_type="mixed" size="3">
      <originaltripleset>
        <otriple>Albany,_Georgia | subdivisionName | Georgia_(U.S._state)</otriple>
        <otriple>Albany,_Georgia | country | United_States</otriple>
        <otriple>United_States | ethnicGroup | Native_Americans_in_the_United_States</otriple>
      </originaltripleset>
      <modifiedtripleset>
        <mtriple>Albany,_Georgia | isPartOf | Georgia_(U.S._state)</mtriple>
        <mtriple>Albany,_Georgia | country | United_States</mtriple>
        <mtriple>United_States | ethnicGroup | Native_Americans_in_the_United_States</mtriple>
      </modifiedtripleset>
      <lex comment="good" lid="Id1">The United States of America is home to the ethnic group Native Americans and is where you will find Albany, in the state of Georgia.</lex>
      <lex comment="good" lid="Id2">Albany is part of the state of Georgia, United States, of which Native Americans are one of the ethnic groups.</lex>
      <lex comment="good" lid="Id3">Albany is part of Georgia, in the United States, where Native Americans are one of the ethnic groups.</lex>
    </entry>
    </entries>
</benchmark>