headline,title,text
"
Keep related supplies in the same area.,
Make an effort to clean a dedicated workspace after every session.,
Place loose supplies in large, clearly visible containers.,
Use clotheslines and clips to hang sketches, photos, and reference material.,
Use every inch of the room for storage, especially vertical space.,
Use chalkboard paint to make space for drafting ideas right on the walls.,
Purchase a label maker to make your organization strategy semi-permanent.,
Make a habit of throwing out old, excess, or useless stuff each month.",How to Be an Organized Artist1," If you're a photographer, keep all the necessary lens, cords, and batteries in the same quadrant of your home or studio. Paints should be kept with brushes, cleaner, and canvas, print supplies should be by the ink, etc. Make broader groups and areas for your supplies to make finding them easier, limiting your search to a much smaller area. Some ideas include:


Essential supplies area -- the things you use every day.
Inspiration and reference area.
Dedicated work area .
Infrequent or secondary supplies area, tucked out of the way.;
, This doesn't mean cleaning the entire studio, it just means keeping the area immediately around the desk, easel, pottery wheel, etc. clean each night. Discard trash or unnecessary materials and wipe down dirty surfaces. Endeavor to leave the workspace in a way that you can sit down the next day and start working immediately, without having to do any work or tidying.


Even if the rest of your studio is a bit disorganized, an organized workspace will help you get down to business every time you want to make art.

, As visual people, a lot of artist clutter comes from a desire to keep track of supplies visually instead of tucked out of sight. By using jars, old glasses, vases, and cheap, clear plastic drawers, you can keep things in sight without leaving it strewn about haphazardly. Some ideas, beyond those just mentioned, include:


Canvas shoe racks on the back of the door
Wine racks with cups in each slot to hold pens/pencils.
Plastic restaurant squirt bottles for paint, pigment, etc., Simply string up the wires across a wall or along the ceiling and use them to hold essential papers that you don't want to cut or ruin with tacks or tape. Cheap and easy, this is also a good way to handle papers and ideas you touch regularly or need to pin up and down for inspiration., Shelving is an artist's best friend and is a cheap and easy way to get more room in your studio or art space. Don't be afraid to get up high either, especially for infrequently used supplies. The upper reaches of the room are often the most under-utilized, but provide vital space for all your tools and materials., Turning one wall into a chalkboard gives you a perfect space for ideas, sketches, and planning without requiring extra equipment or space. You can even use it for smaller areas. Paint over jars or storage equipment, allowing you to relabel them with chalk as your needs change.

, A lot of disorganization comes when you keep moving the location of things, trying to optimize your space by reorganizing frequently. This usually has the opposite effect, leading to lost items and uncertainty when cleaning, but an afternoon with a label maker can solve everything. Instead of spending all of your mental energy looking for or storing things, you can just follow the labels, freeing your mind to think about art., Once a month, do a purge of your studio. If it isn't essential or part of a project, either throw it out or file it away for later. Artists are constantly making new things, experimenting, and making a mess. This is a good thing, but only if you set aside time to declutter. It may not be fun at the moment, but it is a lot more fun than spending 30 minutes digging through junk to find the right paint or an old sketch.


Don't be sentimental here. If you haven't used it in the last six months there is little chance you'll use it in the next six months. Toss it.

"
