path	sentence	client_id
common_voice_tr_18756242.mp3	Bunda başarı sağlandı gibi de görünüyor.	1c4f1371075f6e9870c2523bc68067c9fbf0a8c3862ac1480fe4c2ebfefa3e5f1f94d6c60e0e02b07eda2effdb6515b2a20053476b39bafa8746e25ac784ef67
common_voice_tr_18756243.mp3	Türkiye tutuklamaları memnuniyetle karşıladı.	1c4f1371075f6e9870c2523bc68067c9fbf0a8c3862ac1480fe4c2ebfefa3e5f1f94d6c60e0e02b07eda2effdb6515b2a20053476b39bafa8746e25ac784ef67
common_voice_tr_17343955.mp3	Moisiu bölgenin Avrupa hedeflerini de vurguladı.	2698e3a95c8fc947929bb6adfbcac091c66a7d833d041d61870a92253cdf41945ec7d9c39e71320313d61af0297be35924290a6f5cf2f04d5f5ef10bcb423ff1
common_voice_tr_17343956.mp3	Kalan yarısı ise doğaya atılıyor.	2698e3a95c8fc947929bb6adfbcac091c66a7d833d041d61870a92253cdf41945ec7d9c39e71320313d61af0297be35924290a6f5cf2f04d5f5ef10bcb423ff1
common_voice_tr_17343923.mp3	Seydiu şimdi iki mevkiyi de kaybetti.	0c8ba63665303a01117332d5c7de7438ee9e9f5d523530d1ef2cd4416721772bbca74041a6809776edd10d419a36f15d1ba5a382c8793aaaf3949a353a852417
common_voice_tr_19942053.mp3	Siyasette temiz insanlara ihtiyacımız var.	236a01cbb9dc681398aa97c5b5b25df6ab1528757eaa2bcc3bcd2b18768688a01250e518b69205d1002b9fc0c2ad75b6f9642272934f610634e36e77e49105de
