<?xml version="1.0" encoding="UTF-8"?>
<mteval>
<refset setid="iwslt2017-tst2011" srclang="english" trglang="german" refid="ref">
<doc docid="1131" genre="lectures">
<url>http://www.ted.com/talks/lang/de/harvey_fineberg_are_we_ready_for_neo_evolution.html</url>
<description>Medizinethiker Harvey Fineberg zeigt uns drei Wege nach vorne für die sich ständig weiterentwickelnden menschlichen Spezies:aufhören sich zu entwickeln, sich natürlich entwickeln oder die nächsten Schritte der menschlichen Evolution selbst zu kontrollieren, mit genetischen Modifikation, um uns klüger, schneller und besser zu machen. Neo-evolution ist in greifbare Nähe gerückt. Was werden wir daraus machen?</description>
<keywords>evolution,medicine,philosophy,science,technology</keywords>
<talkid>1131</talkid>
<title>Harvey Fineberg: Sind wir für die Neo-Evolution bereit ?</title>
<seg id="1"> Wie würden Sie besser sein wollen, als Sie momentan sind? </seg>
<seg id="2"> Angenommen, ich sagte dass, durch wenige Veränderungen Ihrer Gene, ein besseres Gedächtnis haben könnten -- präziser, genauer und schneller. </seg>
<seg id="3"> Oder möchten Sie fitter, stärker sein, mehr Kraft haben. </seg>
<seg id="4"> Möchten Sie attraktiver und selbstbewusster werden? </seg>
<seg id="5"> Wie wäre es, länger bei guter Gesundheit zu leben? </seg>
<seg id="6"> Oder vielleicht sind Sie einer von denen die sich schon immer nach mehr Kreativität sehnten. </seg>
<seg id="7"> Welches würden Sie am meisten gefallen? </seg>
