<?xml version="1.0" encoding="UTF-8"?>
<mteval>
<refset setid="iwslt2017-tst2013" srclang="english" trglang="german" refid="ref">
<doc docid="1666" genre="lectures">
<url>http://www.ted.com/talks/lang/de/shabana_basij_rasikh_dare_to_educate_afghan_girls.html</url>
<description>Man stelle sich ein Land vor, in dem Mädchen heimlich zur Schule gehen müssen. In dem es tödliche Folgen hat, wenn sie beim Lernen erwischt werden. So ein Land war Afghanistan unter den Taliban, und einige dieser Gefahren bestehen heute noch. Die 22-jährige Shabana Basij-Rasikh leitet in Afghanistan eine Mädchenschule. Begeistert steht sie als lebendiger Beweis für den Glauben einer Familie an ihre Tochter – und erzählt die Geschichte eines tapferen Mannes, der sich nicht einschüchtern ließ. </description>
<keywords>education,global issues,women</keywords>
<talkid>1666</talkid>
<title>Shabana Basij-Rasikh: Eine Schuldbildung für afghanische Mädchen wagen</title>
<seg id="1"> Als ich 11 Jahre alt war, wurde ich eines Morgens von den Klängen heller Freude geweckt. </seg>
<seg id="2"> Mein Vater hörte sich auf seinem kleinen, grauen Radio die Nachrichtensendung der BBC an. </seg>
<seg id="3"> Er sah sehr glücklich aus, was damals ziemlich ungewöhnlich war, da ihn die Nachrichten meistens deprimierten. </seg>
<seg id="4"> Er rief: "Die Taliban sind weg!" </seg>
<seg id="5"> Ich wusste nicht, was das bedeutete, aber es machte meinen Vater offensichtlich sehr, sehr glücklich. </seg>
<seg id="6"> "Jetzt kannst du auf eine richtige Schule gehen," sagte er. </seg>
<seg id="7"> Diesen Morgen werde ich niemals vergessen. </seg>
