<?xml version="1.0" encoding="UTF-8"?>
<mteval>
<srcset setid="iwslt2017-tst2012" srclang="english">
<doc docid="1330" genre="lectures">
<url>http://www.ted.com/talks/sheena_iyengar_choosing_what_to_choose.html</url>
<description>We all want customized experiences and products -- but when faced with 700 options, consumers freeze up. With fascinating new research, Sheena Iyengar demonstrates how businesses can improve the experience of choosing.</description>
<keywords>business,choice,culture,marketing</keywords>
<talkid>1330</talkid>
<title>Sheena Iyengar: How to make choosing easier</title>
<seg id="1"> Do you know how many choices you make in a typical day? </seg>
<seg id="2"> Do you know how many choices you make in typical week? </seg>
<seg id="3"> I recently did a survey with over 2,000 Americans, and the average number of choices that the typical American reports making is about 70 in a typical day. </seg>
<seg id="4"> There was also recently a study done with CEOs in which they followed CEOs around for a whole week. </seg>
<seg id="5"> And these scientists simply documented all the various tasks that these CEOs engaged in and how much time they spent engaging in making decisions related to these tasks. </seg>
<seg id="6"> And they found that the average CEO engaged in about 139 tasks in a week. </seg>
<seg id="7"> Each task was made up of many, many, many sub-choices of course. </seg>
