<?xml version="1.0" encoding="UTF-8"?>
<mteval>
<refset setid="iwslt2017-tst2012" srclang="english" trglang="german" refid="ref">
<doc docid="1330" genre="lectures">
<url>http://www.ted.com/talks/lang/de/sheena_iyengar_choosing_what_to_choose.html</url>
<description>Wir wollen alle kundengerechte Erfahrungen und Produkte -- aber wenn Kunden 700 Optionen gegenstehen, werden sie gelähmt. Mit faszinierender neuen Forschungen erklärt Sheena Iyengar wie Unternehmen die Erfahrung des Auswählen verbessern können.</description>
<keywords>business,choice,culture,marketing</keywords>
<talkid>1330</talkid>
<title>Sheena Iyengar: Wie macht Auswählen einfacher macht</title>
<seg id="1"> Wissen Sie, wie viele Entscheidungen Sie an einem typischen Tag machen? </seg>
<seg id="2"> Wissen Sie, wie viele Entscheidungen Sie in einer typischen Woche treffen? </seg>
<seg id="3"> Ich habe vor kurzem eine Umfrage mit über 2.000 Amerikanern gemacht und die durchschnittliche Anzahl von Entscheidungen, die angabegemäß ein typischer Amerikaner an einem Tag macht ist 70. </seg>
<seg id="4"> Zudem wurde kürzlich eine Studie mit CEOs gemacht, in der sie eine Woche lang die CEOS beobachteten. </seg>
<seg id="5"> Und diese Wissenschaftler haben einfach die verschiedenen Themen dokumentiert mit denen sich diese CEO beschäftigt haben. und wieviel Zeit sie damit verbrachten Entscheidungen zu treffen, die mit den Themen zusammenhängen. </seg>
<seg id="6"> Und sie haben herausgefunden, dass ein durchschnittlicher CEO sich in der Woche mit 139 Aufgaben beschäftigt. </seg>
<seg id="7"> Jedes dieser Themen bestand natürlich aus vielen, vielen kleineren Entscheidungen. </seg>
