<?xml version="1.0" encoding="UTF-8"?>
<mteval>
<refset setid="iwslt2017-tst2010" srclang="english" trglang="german" refid="ref">
<doc docid="837" genre="lectures">
 <url>http://www.ted.com/talks/tom_wujec_build_a_tower</url>
 <description>TED Talk Subtitles and Transcript: Tom Wujec präsentiert einige überraschend tiefe Einblicke in die Forschung zum "Marshmallow-Problem" - eine einfache Team-Bildungsaufgabe, die trockene Spaghetti, ca. 1m Klebeband und einen Marshmallow beinhaltet. Wer kann mit diesen Zutaten den größten Turm bauen? Und warum überbietet eine überraschende Gruppe den Durchschnitt?</description>
 <keywords>talks, business, collaboration, culture, design, entertainment, psychology</keywords>
 <talkid>837</talkid>
 <title>Tom Wujec: Baue einen Turm, forme ein Team</title>
 <reviewer href="http://www.ted.com/profiles/270846">Regina Saphier</reviewer>
 <translator href="http://www.ted.com/profiles/285814">Thomas Schley</translator>
<seg id="1">  Vor einigen Jahren, hier bei TED, stellte Peter Skillman einen Design-Wettbewerb namens "Die Marshmallow-Herausforderung" vor.  </seg>
<seg id="2">  Die Idee ist ziemlich einfach. Vierer-teams müssen die größtmögliche freistehende Struktur mit 20 Spaghetti, ca. 1m Klebeband, ca. 1m Faden und einem Marshmallow bauen.  </seg>
<seg id="3">  Der Marshmallow muss oben drauf sein.  </seg>
<seg id="4">  Und, obwohl es wirklich einfach scheint, ist es tatsächlich richtig schwer, weil es Leute drängt sehr schnell zusammenzuarbeiten.  </seg>
<seg id="5">  Und so dachte ich, dass dies eine interessante Idee ist und ich habe es in einen Design-Workshop verwandelt.  </seg>
