<?xml version="1.0" encoding="UTF-8"?>
<mteval>
<srcset setid="iwslt2017-tst2014" srclang="english">
<doc docid="1741" genre="lectures">
<url>http://www.ted.com/talks/meg_jay_why_30_is_not_the_new_20.html</url>
<description>Clinical psychologist Meg Jay has a bold message for twentysomethings: Contrary to popular belief, your 20s are not a throwaway decade. In this provocative talk, Jay says that just because marriage, work and kids are happening later in life, doesn't mean you can't start planning now. She gives 3 pieces of advice for how twentysomethings can re-claim adulthood in the defining decade of their lives.</description>
<keywords>aging,culture,youth</keywords>
<talkid>1741</talkid>
<title>Meg Jay: Why 30 is not the new 20</title>
<seg id="1"> When I was in my 20s, I saw my very first psychotherapy client. </seg>
<seg id="2"> I was a Ph.D. student in clinical psychology at Berkeley. </seg>
<seg id="3"> She was a 26-year-old woman named Alex. </seg>
<seg id="4"> Now Alex walked into her first session wearing jeans and a big slouchy top, and she dropped onto the couch in my office and kicked off her flats and told me she was there to talk about guy problems. </seg>
<seg id="5"> Now when I heard this, I was so relieved. </seg>
<seg id="6"> My classmate got an arsonist for her first client. </seg>
<seg id="7"> And I got a twentysomething who wanted to talk about boys. </seg>
