<?xml version="1.0" encoding="UTF-8"?>
<mteval>
<refset setid="iwslt2017-tst2015" srclang="english" trglang="german" refid="ref">
<doc docid="2183" genre="lectures">
<url>http://www.ted.com/talks/marc_kushner_why_the_buildings_of_the_future_will_be_shaped_by_you</url>
<keywords>talks, TED Books, architecture, design, social media</keywords>
<speaker>Marc Kushner</speaker>
<talkid>2183</talkid>
<title>Marc Kushner: Wer gestaltet die Gebäude der Zukunft? ... Sie.</title>
<description>TED Talk Subtitles and Transcript: "In der Architektur geht es nicht um Mathematik oder Bebauungspläne -- es geht um tiefe Emotionen", sagt Marc Kushner. In einem mitreißenden -- oft auch lustigen -- Vortrag erzählt er über die letzten 30 Jahre der Architekturgeschichte, um zu zeigen, wie die Öffentlichkeit, einst abgetrennt, ein essentieller Teil des Entwurfsprozesses geworden ist. Durch die sozialen Medien bekommen Architekten bereits Jahre, bevor ein Gebäude fertiggestellt wurde, Feedback. Das Ergebnis? Architektur, die mehr für uns tut als je zuvor.</description>
<seg id="1"> Ich erzähle Ihnen heute etwas über die Architekturgeschichte der letzten 30 Jahre.</seg>
<seg id="2"> Das ist ganz schön viel für 18 Minuten.</seg>
<seg id="3"> Es ist ein komplexes Thema, deshalb starten wir direkt an einem komplexen Ort: New Jersey.</seg>
<seg id="4"> Denn vor 30 Jahren wohnte ich als Sechsjähriger mit meinen Eltern in New Jersey in einer Stadt namens Livingston, und das war mein Kinderzimmer.</seg>
<seg id="5"> In der Nähe meines Schlafzimmers war das Bad, das ich mit meiner Schwester teilte.</seg>
<seg id="6"> Zwischen meinem Schlafzimmer und dem Bad war ein Balkon mit Blick auf das Wohnzimmer.</seg>
