<?xml version="1.0" encoding="UTF-8"?>
<mteval>
<refset setid="iwslt2017-tst2013" srclang="english" trglang="japanese" refid="ref">
<doc docid="1699" genre="lectures">
 <url>http://www.ted.com/talks/richard_turere_a_peace_treaty_with_the_lions</url>
 <description>TED Talk Subtitles and Transcript: マサイ族のコミュニティーに暮らす13歳のリチャード・トゥレレにとって、家畜は大切な動物です。ところが、ライオンが頻繁に家畜を襲い始めました。短い感動的な話の中で、若い発明家はライオンを優しく追い払う太陽光発電を使った永続的な解決策を紹介します。</description>
 <keywords>talks, agriculture, biodiversity, technology</keywords>
 <talkid>1699</talkid>
 <title>リチャード・トゥレレ: ライオンとの平和を生んだ僕の発明</title>
 <reviewer href="http://www.ted.com/profiles/1165902">Akinori Oyama</reviewer>
 <translator href="http://www.ted.com/profiles/1776223">Mari Arimitsu</translator>
<seg id="1">  僕は ここで暮らしてます ケニアの― ナイロビ国立公園の南部に住んでいます  </seg>
<seg id="2">  後ろにいるのは 僕のお父さんの牛です そして 牛の後ろにあるのが ナイロビ国立公園です  </seg>
<seg id="3">  ナイロビ国立公園の南側― 僕の住む所にはフェンスがありません つまり シマウマのような 野生動物が 公園から 自由に 移動して来るんです  </seg>
<seg id="4">  すると ライオンのような捕食動物も 同じように移動してきて ライオンが 家畜を  </seg>
<seg id="5">  殺してしまうんです  </seg>
