<?xml version="1.0" encoding="UTF-8"?>
<mteval>
<refset setid="iwslt2017-tst2014" srclang="english" trglang="japanese" refid="ref">
<doc docid="1898" genre="lectures">
 <url>http://www.ted.com/talks/maysoon_zayid_i_got_99_problems_palsy_is_just_one</url>
 <description>TED Talk Subtitles and Transcript: 「私は脳性まひで、いつも震えています」と、メイスーン・ザイードは、陽気で楽しいトークを始めます。そして「歌姫シャキーラのベリーダンスとボクサーのモハメド・アリを同時にやってる感じですから」と話します。アラブ系アメリカ人のコメディアンである彼女は、優美さとウィットで自身の目まぐるしい半生を紹介します。女優、スタンドアップ・コメディアン、博愛主義者、そして障害者のための支援者としての冒険をご覧ください。</description>
 <keywords>talks, comedy, entertainment, humor, women</keywords>
 <talkid>1898</talkid>
 <title>メイスーン・ザイード: 私には99の問題がある――脳性まひは、その１つに過ぎない</title>
 <reviewer href="http://www.ted.com/profiles/1776223">Mari Arimitsu</reviewer>
 <translator href="http://www.ted.com/profiles/1777519">Yuko Yoshida</translator>
<seg id="1">  こんにちは TEDWomenの皆さん！  </seg>
<seg id="2">   声が小さいですね  </seg>
<seg id="3">  こんにちは TEDWomenの皆さん！  </seg>
<seg id="4">   私は メイスーン・ザイードです 酔っ払いではありません 私を取り上げてくれたお医者さんは そうだったようで  </seg>
<seg id="5">  母のお腹に６回もメスを入れ それも それぞれ違う方向に 切ったものだから かわいそうな私は お腹の中で酸欠状態になって  </seg>
