path	sentence	client_id
common_voice_sl_17568209.mp3	Ali razumete, kaj to pomeni?	7d26e03abe70eab61fd92f13009f3ccf7ae3d332541696f3ea11cf0839dfbffd29254eac8cd77536319ba6d1aded5b75a20da59a6c78c701609234647653bc5b
common_voice_sl_17568210.mp3	Danes je vreden dva jutri.	7d26e03abe70eab61fd92f13009f3ccf7ae3d332541696f3ea11cf0839dfbffd29254eac8cd77536319ba6d1aded5b75a20da59a6c78c701609234647653bc5b
common_voice_sl_17799000.mp3	Svetel javor naredi sobo napihnjeno.	977eb7974abd4dc9cb14f2a0ca3dbb5cbf06d88bd386a0145afd1c8efbb70317f23f8ba1a53547639c0dbc311cd1d32848230535768823084fe686d1b1bfc2a7
common_voice_sl_17799001.mp3	Sonce je staro, toda toplo.	977eb7974abd4dc9cb14f2a0ca3dbb5cbf06d88bd386a0145afd1c8efbb70317f23f8ba1a53547639c0dbc311cd1d32848230535768823084fe686d1b1bfc2a7
common_voice_sl_18177874.mp3	Še tako dolga pot se začne s prvim korakom.	11e624bb4deec714bb02c069da72db856e980b6b95010356a4e0126dce02896a6f9bba45bec3ddd9156c3b4826088af9fa5a4e576483ae79c1cc618f9f406503
common_voice_sl_18168106.mp3	Hudič tja, kamor ne more sam, pošlje vino.	6b4e702c510ad10adcf12b84acd9a35581cec369d2556f5738b78197f6790657ded661146859cb765e06370b7467a3aa1fce74e556770d0a5920e89d9b6f6126
