{
  "version": "1.0",
  "language": "es",
  "exams": {
    "Cuaderno_2013_1_B": {
      "name": "Cuaderno_2013_1_B",
      "data": [
        {
          "qid": "1",
          "qtext": "Los potenciales postsin\u00e1pticos excitadores:",
          "ra": "3",
          "answers": [
            {
              "aid": 1,
              "atext": "Son de tipo todo o nada."
            },
            {
              "aid": 2,
              "atext": "Son hiperpolarizantes."
            },
            {
              "aid": 3,
              "atext": "Se pueden sumar."
            },
            {
              "aid": 4,
              "atext": "Se propagan a largas distancias."
            },
            {
              "aid": 5,
              "atext": "Presentan un periodo refractario."
            }
          ],
          "image": ""
        }
      ],
      "category": "biology",
      "year": "2013"
    }
  }
}