path	translation	split
common_voice_mn_18724779.mp3	This big white fish feeds on creatures with a prominent spine.	train
common_voice_mn_18724780.mp3	If you could have checked his paper, it would have become certain already.	train
common_voice_mn_18580186.mp3	I said we met by accident.	dev
common_voice_mn_18580187.mp3	He/she quickly said thank you and went upstairs.	dev
common_voice_mn_18785480.mp3	I became too thin and weak because of eating such foods.	test
common_voice_mn_18580938.mp3	How would you feel if your skin is removed from you” the protestors for the animal right asked.	test
