id	sentence1	sentence2	label
1	À Paris, en octobre 1560, il rencontra secrètement l'ambassadeur d'Angleterre, Nicolas Throckmorton, lui demandant un passeport pour retourner en Angleterre en passant par l'Écosse.	En octobre 1560, il rencontra secrètement l'ambassadeur d'Angleterre, Nicolas Throckmorton, à Paris, et lui demanda un passeport pour retourner en Écosse par l'Angleterre.	0
2	La saison NBA 1975 - 76 était la 30e saison de la National Basketball Association.	La saison 1975-1976 de la National Basketball Association était la 30e saison de la NBA.	1
3	Il y a aussi des discussions spécifiques, des débats publics et des discussions de projet.	Il y a également des discussions publiques, des discussions de profils spécifiques et des discussions de projet.	0
4	Lorsque des débits comparables peuvent être maintenus, les résultats sont élevés.	Les résultats sont élevés lorsque des débits comparables peuvent être maintenus.	1
5	C'est le siège du district de Zerendi dans la région d'Akmola.	C'est le siège du district de Zerendi dans la région d'Akmola.	1
6	William Henry Henry Harman est né le 17 février 1828 à Waynesboro, en Virginie, où ses parents étaient Lewis et Sally (Garber) Harman.	William Henry Harman est né à Waynesboro, en Virginie, le 17 février 1828. Ses parents étaient Lewis et Sally (Garber) Harman.	1
7	Bullion Express - concept est en cours d'introduction d'un nouveau magasin à Dallas, au Texas, dans le Preston Center.	2011: lancement du concept Bullion Express de la DGSE et ouverture d'un nouveau magasin au Preston Center de Dallas, au Texas	0
8	Avec un nombre discret de probabilités Formule 1 avec la formule de condition 2 et la formule 3 tout nombre réel, le Tsallis est défini comme entropie comme	Étant donné un ensemble discret de probabilités formule _ 1 avec la formule de condition _ 2 et la formule _ 3 tout nombre réel, l’entropie de Tsallis est définie comme suit:	1
9	L'Union soviétique maintenait une ambassade à Oslo et un consulat à Barentsburg, tandis que la Norvège maintenait un message à Moscou.	L'Union soviétique maintenait une ambassade à Moscou et un consulat à Barentsburg, tandis que la Norvège maintenait un message à Oslo.	0
10	Le vocabulaire est même allé au Brésil en laissant des colons portugais avec des colons chinois et macanais.	Le vocabulaire est même allé au Brésil en laissant des colons chinois et macanais avec des colons portugais.	0
11	Kabir Suman a enregistré plusieurs albums sous le nom de Suman Chattopaddhyay ou Suman Chatterjee entre 1992 et 1999.	Suman Chatterjee a enregistré plusieurs albums entre 1992 et 1999 sous le nom de Suman Chattopaddhyay ou Kabir Suman.	0
12	Il a étudié la littérature métaphysique, la théologie et les sciences classiques.	Il a étudié la littérature métaphysique, la théologie et les sciences classiques.	1
13	La ville se trouve au confluent de la rivière Snake et de la grande rivière Weiser, qui marque la frontière avec l'Oregon.	La ville se situe au confluent de la rivière Snake et de la rivière Great Weiser, qui marque la frontière avec l'Oregon.	1
14	Il a été formé par son grand-père, Nick Dakin, et est maintenant formé par Geoff Barraclough.	Il a été formé par son grand-père, Geoff Barraclough, et est désormais entraîné par Nick Dakin.	0
15	L'école autrichienne suppose que les choix subjectifs des individus, y compris les connaissances individuelles, le temps, les attentes et d'autres facteurs subjectifs, sont à l'origine de tous les phénomènes économiques.	L'école autrichienne suppose que les choix subjectifs des individus, y compris la connaissance subjective, le temps, les attentes et d'autres facteurs individuels, sont à l'origine de tous les phénomènes économiques.	0
16	Les forces du Werder investissent Belfort et atteignent la ville le 3 novembre.	Les troupes du Werder investissent Belfort et atteignent la ville le 3 novembre.	1
17	La kBox facilite les contractions isométriques et concentriques ainsi que l'entraînement excentrique.	La kBox facilite les contractions excentriques et concentriques ainsi que l’entraînement isométrique.	0
18	Les cinq premières armes ont été livrées au cours de la première moitié de 1916, avec un total de 57 barils et 56 voitures achevées à la fin de la guerre.	Les cinq premières armes ont été livrées dans la première moitié de 1916. À la fin de la guerre, 57 barils et 56 chariots avaient été construits.	1
19	Elizabeth II était un ancêtre des reines Edzard II et Beatrix des Pays-Bas.	Edzard II était un ancêtre des reines Elizabeth II et de la Béatrix des Pays-Bas.	0
20	L'amitié entre lui et Duncan a pris fin lors d'une réunion de club en 1951 lorsque les deux hommes se sont opposés lors d'une réunion annuelle et Duncan a rapporté que Greaves avait déclaré:	L'amitié entre lui et Duncan a pris fin en 1951 lors d'une réunion de club, alors que les deux ne s'étaient pas mis d'accord lors d'une réunion annuelle. Duncan a rapporté que Greaves avait déclaré:	1
21	Pluton a été classée comme la planète lorsque le Grand Tour a été proposé et a été lancée à l’époque "New Horizons".	Remarque: Pluton a été classée comme planète lorsque le Grand Tour a été lancé et à l'époque «New Horizons» a été proposé.	0
22	Pour leurs performances dans le match, le quart Jameis Winston et le demi défensif P. J. Williams ont été nommés les joueurs les plus précieux du match.	Le quart-arrière P. J. Williams et le demi défensif Jameis Winston ont été nommés les joueurs les plus précieux du match pour leurs performances dans le match.	0
23	Shaffer Creek est un affluent de la rivière Juniata Branch (branche Brush Creek) de Raystown, dans le comté de Bedford, en Pennsylvanie, aux États-Unis.	Shaffer Creek est un affluent du ruisseau Brush (branche de la rivière Juniata, branche de Raystown) dans le comté de Bedford, en Pennsylvanie, aux États-Unis.	1
24	Kevin Spacey (Henry Drummond) et David Troughton (Matthew Harrison Brady) ont joué dans une reprise en 2009 à The Old Vic à Londres.	Kevin Spacey (Henry Drummond) et David Troughton (Matthew Harrison Brady) ont participé à un CV en 2009 au Old Vic London.	0
25	Briggs rencontra Briggs plus tard au Festival de Monterey Pop en 1967, où Ravi Shankar se produisait également, avec Eric Burdon et The Animals.	Briggs a rencontré Briggs plus tard au Festival de Monterey Pop de 1967, où Ravi Shankar a également joué avec Eric Burdon et The Animals.	1
26	Laura Myntti est née à Salt Lake City et a vécu à Sioux City, dans l’Iowa et à San Diego avant de s’installer au Minnesota en 1968.	Née au Minnesota, Laura Myntti a vécu à Sioux City, dans l’Iowa et à San Diego, avant de s’installer à Salt Lake City en 1968.	0
27	Le rôle principal féminin a été joué par Cortez dans "Ali Baba et la couronne sacrée", dirigé par Erminio Salvi.	Cortez a joué le rôle principal féminin dans "Ali Baba et la couronne sacrée", réalisé par Erminio Salvi.	1
28	Elle a travaillé et vécu à Stuttgart, Berlin (Allemagne) et Vienne (Autriche).	Elle a travaillé et vécu en Allemagne (Stuttgart, Berlin) et à Vienne (Autriche).	1
29	Aksuat Dendropark (en russe: Dendroparks d'Akshout) est un monument naturel (zones protégées de l'oblast d'Oulianovsk)	Aksuat Dendropark (en russe: Dendroparks d'Akshout) est un monument naturel (Les zones protégées de l'oblast d'Oulianovsk)	1
30	La rivière Little Jocko traverse le fleuve Saint-Laurent et la rivière des Outaouais jusqu'à la rivière Jocko.	La rivière Little Jocko coule par le fleuve Saint-Laurent et la rivière des Outaouais vers la rivière Jocko.	1
31	En 1951, il est décédé et a pris sa retraite en 1956.	Il est décédé en 1951 et a pris sa retraite en 1956.	1
32	WORHP, également appelé eNLP (European NLP Solver), est une bibliothèque de logiciels mathématiques permettant de résoudre numériquement des problèmes d’optimisation continus et non linéaires à grande échelle.	WORHP, également appelé eNLP (European PNL Solver) par ESA, est une bibliothèque de logiciels mathématiques permettant de résoudre numériquement des problèmes d’optimisation non linéaires continus à grande échelle.	1
33	Le 17 janvier 2000, il a été rapporté que le RSS et quelques BJP - extrémistes menaçaient de relancer le parti.	Le 17 janvier 2000, il a été signalé que le BJP et certains intransigeants RSS menaçaient de relancer le parti.	0
34	Les feuilles ont généralement une longueur de 1,5 à 4 mm et une largeur de 0,2 à 0,7 mm.	Les feuilles ont généralement une longueur de 1,5 à 4 mm et une largeur de 0,2 à 0,7 mm.	1
35	BA a transféré les anciennes routes de BCal vers Heathrow vers Tokyo et l’Arabie saoudite.	BA a transféré les anciennes routes de BCal à Tokyo et l’Arabie saoudite à Heathrow.	0
36	Outre Michael Boddicker et Patrick Moraz, l’album comprend des contributions musicales de Diana Hubbard, John Goodsall, Chick Corea et Stanley Clarke.	Outre Diana Hubbard, l’album contient des contributions musicales de Chick Corea, Stanley Clarke, John Goodsall, Michael Boddicker et Patrick Moraz.	0
37	Celles-ci correspondent géographiquement aux districts traditionnels de Glasgow, du sud, d’Edimbourg et du nord et des Midlands.	Celles-ci correspondent approximativement géographiquement aux districts traditionnels du district de Glasgow, du sud, du district d’Édimbourg et du nord et des Midlands.	1
38	Métellus était le deuxième fils de politicien romain et la couronne générale Lucius Metellus.	Métellus était le deuxième fils de l'homme politique romain, couronne le général Lucius Metellus.	1
39	Il est entraîné par André Rozier et partage une salle de sport avec l'ancien champion du monde Daniel Jacobs.	Il est entraîné par Daniel Jacobs et partage une salle de sport avec l'ancien champion du monde André Rozier.	0
40	Nous considérons ici les opérateurs pseudo-différentiels comme une généralisation des opérateurs différentiels.	Nous considérons ici les opérateurs pseudo-différentiels comme une généralisation des opérateurs différentiels.	1
41	Bien que les implications sociales soient énormes, il semble également que des schémas financiers régionaux puissent perpétuer cette tendance.	Bien qu’il y ait des implications financières régionales, il semble que des tendances sociales écrasantes perpétuent cette tendance.	0
42	Le bâtiment du musée a conservé son style européen d’architecture moderne orientale grâce aux briques surélevées du coin sud-est du bâtiment et à l’image classique du foyer.	Le bâtiment du musée a conservé son style classique d'architecture moderne orientale grâce aux briques surélevées situées dans le coin sud-est du bâtiment et à l'image européenne du foyer.	0
43	Basé sur la ville de Baltimore, seulement mentionné, jamais visité dans le spectacle.	Basé sur la ville de Baltimore, seulement mentionné, n'a jamais visité dans le spectacle.	1
44	Debbie Downer est le nom d’un personnage fictif appelé «Saturday Night Live» qui a fait ses débuts en 2004 et interprété par Rachel Dratch.	Debbie Downer est le nom d’un personnage fictif appelé «Saturday Night Live» qui a fait ses débuts en 2004 et qui a été interprété par Rachel Dratch.	1
45	Taieri est un ancien électorat parlementaire de la région d’Otago en Nouvelle-Zélande, de 1866 à 1911.	Taieri est un ancien électorat parlementaire de la région néo-zélandaise d'Otago, de 1866 à 1911.	1
46	Ce travail lui a valu d'importantes réflexions sur les pratiques de génétique moléculaire et de génomique à une époque où cela n'était pas considéré comme éthique.	Ce travail l'a amené à lancer des réflexions éthiques sur les pratiques de génétique moléculaire et de génomique à un moment où cela n'était pas considéré comme important.	0
47	Brockton est à environ 25 milles au nord-est de Providence, dans le Rhode Island, et à 30 milles au sud de Boston.	Brockton est situé à environ 25 miles au nord-est de Providence, dans le Rhode Island et à 30 miles au sud de Boston.	1
48	Seb Janiak est un photographe et réalisateur français d'origine polonaise.	Seb Janiak est le photographe et réalisateur français d'origine polonaise.	1
49	La chanteuse Angélique Kidjo et l'acteur Djimon Hounsou sont nés à Cotonou, au Bénin.	La chanteuse Djimon Hounsou et l'actrice Angélique Kidjo sont nées à Cotonou au Bénin.	0