{"data": [{"paragraphs": [{"context": "Die Verteidigung der Panthers gab nur 308 Punkte ab und belegte den sechsten Platz in der Liga, w\u00e4hrend sie die NFL mit 24 Interceptions in dieser Kategorie anf\u00fchrte und sich mit vier Pro Bowl-Selektionen r\u00fchmen konnte. Pro Bowl Defensive Tackle Kawann Short f\u00fchrte das Team mit 11 Sacks an, erzwang zudem drei Fumbles und erzielte zwei Fumble Recoverys. Mario Addison, ebenfalls Lineman, addierte 6\u00bd Sacks hinzu. Die Panthers-Line pr\u00e4sentierte auch den erfahrenen Defensive End Jared Allen, einen 5-fachen Pro-Bowler, der mit 136 Sacks der aktive Anf\u00fchrer in der NFL-Kategorie Karriere-Sacks war, sowie den Defensive End Kony Ealy, der 5 Sacks in nur 9 Starts erzielte. Nach ihnen wurden zwei der drei Linebacker der Panthers ausgew\u00e4hlt, um im Pro Bowl zu spielen: Thomas Davis und Luke Kuechly. Davis erzielte 5\u00bd Sacks, vier erzwungene Fumbles und vier Interceptions, w\u00e4hrend Kuechly das Team bei den Tackles anf\u00fchrte (118), zwei Fumbles erzwang und vier P\u00e4sse abfing. Carolinas Secondarys bestanden aus dem Pro Bowl-Safety Kurt Coleman, der das Team mit einem Karrierehoch von sieben Interceptions anf\u00fchrte und gleichzeitig 88 Tackles erzielen konnte, und Pro Bowl-Cornerback Josh Norman, der sich w\u00e4hrend der Saison zur Shutdown Corner entwickelte und vier Interceptions erzielte, von denen zwei zu Touchdowns f\u00fcr sein Team wurden.", "qas": [{"answers": [{"answer_start": 38, "text": "308"}], "id": "56beb4343aeaaa14008c925b", "question": "Wie viele Punkte gab die Verteidigung der Panthers ab?"}, {"answers": [{"answer_start": 527, "text": "136"}], "id": "56beb4343aeaaa14008c925c", "question": "Wie viele Sacks erzielte Jared Allen in seiner Karriere?"}, {"answers": [{"answer_start": 921, "text": "118"}], "id": "56beb4343aeaaa14008c925d", "question": "Wie viele Tackles wurden bei Luke Kuechly registriert?"}, {"answers": [{"answer_start": 179, "text": "vier"}], "id": "56beb4343aeaaa14008c925e", "question": "Wie viele B\u00e4lle fing Josh Norman ab?"}, {"answers": [{"answer_start": 246, "text": "Kawann Short"}], "id": "56beb4343aeaaa14008c925f", "question": "Wer hatte in dieser Saison die meisten Sacks im Team?"}, {"answers": [{"answer_start": 120, "text": "24"}], "id": "56d6f3500d65d21400198290", "question": "Wie viele Interceptions wurden der Verteidigung der Panthers im Jahr 2015 angerechnet?"}, {"answers": [{"answer_start": 246, "text": "Kawann Short"}], "id": "56d6f3500d65d21400198291", "question": "Wer f\u00fchrte die Panther bei den Sacks an?"}, {"answers": [{"answer_start": 179, "text": "vier"}], "id": "56d6f3500d65d21400198292", "question": "Wie viele Verteidigungsspieler der Panthers wurden f\u00fcr den Pro Bowl ausgew\u00e4hlt?"}, {"answers": [{"answer_start": 179, "text": "vier"}], "id": "56d6f3500d65d21400198293", "question": "Wie viele erzwungene Fumbles hatte Thomas Davis?"}, {"answers": [{"answer_start": 1026, "text": "Kurt Coleman"}], "id": "56d6f3500d65d21400198294", "question": "Welcher Spieler hatte die meisten Interceptions der Saison?"}, {"answers": [{"answer_start": 120, "text": "24"}], "id": "56d9992fdc89441400fdb59c", "question": "Wie viele Interceptions erzielte die Verteidigung der Panthers in der Saison 2015?"}, {"answers": [{"answer_start": 622, "text": "Kony Ealy"}], "id": "56d9992fdc89441400fdb59e", "question": "Wer erzielte als Carolina Panthers-Starter f\u00fcnf Sacks in neun Spielen?"}, {"answers": [{"answer_start": 783, "text": "Luke Kuechly."}], "id": "56d9992fdc89441400fdb59f", "question": "Wer f\u00fchrte die Panthers 2015 bei den Tackles an?"}, {"answers": [{"answer_start": 332, "text": "zwei"}], "id": "56d9992fdc89441400fdb5a0", "question": "Mit wie vielen Interceptions erzielte Josh Norman im Jahr 2015 Touchdowns?"}]}, {"context": "Die Broncos besiegten die Pittsburgh Steelers in der Divisional Round, 23-16, indem sie in den letzten drei Minuten des Spiels 11 Punkte erzielten. Sie schlugen daraufhin im AFC-Championship-Spiel den verteidigenden Super Bowl XLIX-Champion, die New England Patriots, 20-18, indem sie bei nur 17 Sekunden verbleibender Spielzeit New Englands Versuch, eine 2-Point Conversion zu erzielen, abfingen. Trotz Mannings Problemen mit Interceptions w\u00e4hrend der Saison verfehlte er in den beiden Playoff-Spielen keine einzige.", "qas": [{"answers": [{"answer_start": 22, "text": "die Pittsburgh Steelers"}], "id": "56beb7953aeaaa14008c92ab", "question": "Wer verlor in der Divisional Round gegen die Broncos?"}, {"answers": [{"answer_start": 127, "text": "11"}], "id": "56beb7953aeaaa14008c92ac", "question": "Wie viele Punkte erzielten die Broncos in den letzten drei Minuten des Spiels gegen Pittsburgh?"}, {"answers": [{"answer_start": 246, "text": "New England Patriots"}], "id": "56beb7953aeaaa14008c92ad", "question": "Wer gewann den Super Bowl XLIX?"}, {"answers": [{"answer_start": 268, "text": "20-18"}], "id": "56beb7953aeaaa14008c92ae", "question": "Wie lautete der Endstand des AFC-Championship-Spiels?"}, {"answers": [{"answer_start": 293, "text": "17 Sekunden"}], "id": "56beb7953aeaaa14008c92af", "question": "Wie viel Zeit verblieb, als den Broncos die Interception gelang, die das AFC-Championship-Spiel entschied?"}, {"answers": [{"answer_start": 0, "text": "Die Broncos"}], "id": "56bf36b93aeaaa14008c9561", "question": "Welches Team war der Sieger der Divisional Round im Spiel der Broncos gegen die Steelers?"}, {"answers": [{"answer_start": 71, "text": "23-16"}], "id": "56bf36b93aeaaa14008c9562", "question": "Wie lautete das Endergebnis des Spiels der Broncos gegen die Steelers?"}, {"answers": [{"answer_start": 246, "text": "New England Patriots"}], "id": "56bf36b93aeaaa14008c9563", "question": "Wer gewann den Super Bowl XLIX?"}, {"answers": [{"answer_start": 293, "text": "17"}], "id": "56bf36b93aeaaa14008c9564", "question": "Wie viele Sekunden Spielzeit verblieben, als die Broncos den Pass abfingen, der das Spiel gewann?"}, {"answers": [{"answer_start": 404, "text": "Manning"}], "id": "56bf36b93aeaaa14008c9565", "question": "Wer verfehlte w\u00e4hrend der Playoff-Spiele der Broncos keine Interception?"}, {"answers": [{"answer_start": 22, "text": "die Pittsburgh Steelers"}], "id": "56d7018a0d65d214001982c2", "question": "Wen schlugen die Broncos in der Divisional Round?"}, {"answers": [{"answer_start": 127, "text": "11"}], "id": "56d7018a0d65d214001982c3", "question": "Wie viele Punkte erzielten die Broncos in den letzten drei Minuten des Pittsburgh-Spiels?"}, {"answers": [{"answer_start": 246, "text": "New England Patriots"}], "id": "56d7018a0d65d214001982c5", "question": "Wen besiegten die Broncos im AFC-Championship-Spiel?"}, {"answers": [{"answer_start": 22, "text": "die Pittsburgh Steelers"}], "id": "56d99f99dc89441400fdb628", "question": "Wen schlugen die Broncos 2015, um in ihrer Division zu gewinnen?"}, {"answers": [{"answer_start": 246, "text": "New England Patriots"}], "id": "56d99f99dc89441400fdb629", "question": "Wen schlugen die Broncos, um AFC-Champion zu werden?"}, {"answers": [{"answer_start": 293, "text": "17"}], "id": "56d99f99dc89441400fdb62c", "question": "Wie viele Sekunden verblieben im Spiel, als die 2-Point Conversion der Patriots fehlschlug?"}]}, {"context": "Peyton Manning wurde zum ersten Quarterback, der zwei verschiedene Teams zu mehreren Super Bowls f\u00fchrte. Mit 39 Jahren ist er zudem auch der \u00e4lteste Quarterback, der je in einem Super Bowl spielte. Vor Manning wurde der Rekord von John Elway gehalten, der im Alter von 38 Jahren die Broncos zum Sieg beim Super Bowl XXXIII f\u00fchrte und derzeit Denvers Executive Vice President of Football Operations und General Manager ist.", "qas": [{"answers": [{"answer_start": 109, "text": "39"}], "id": "56beb86b3aeaaa14008c92bd", "question": "Wie alt war Peyton Manning, als er im Super Bowl 50 spielte?"}, {"answers": [{"answer_start": 231, "text": "John Elway"}], "id": "56beb86b3aeaaa14008c92be", "question": "Wer hielt zuvor den Rekord als \u00e4ltester Quarterback, der in einem Super Bowl mitspielte?"}, {"answers": [{"answer_start": 269, "text": "38"}], "id": "56beb86b3aeaaa14008c92bf", "question": "Wie alt war John Elway, als er im Super Bowl XXXIII spielte?"}, {"answers": [{"answer_start": 350, "text": "Executive Vice President of Football Operations und General Manager"}], "id": "56beb86b3aeaaa14008c92c0", "question": "Welche Position hat John Elway derzeit im Broncos-Franchise inne?"}, {"answers": [{"answer_start": 283, "text": "Broncos"}], "id": "56beb86b3aeaaa14008c92c1", "question": "F\u00fcr wen spielte John Elway im Super Bowl XXXIII?"}, {"answers": [{"answer_start": 283, "text": "Broncos"}], "id": "56bf3fd53aeaaa14008c9591", "question": "Welches Team gewann den Super Bowl XXXIII?"}, {"answers": [{"answer_start": 231, "text": "John Elway"}], "id": "56bf3fd53aeaaa14008c9592", "question": "Wer ist der General Manager der Broncos?"}, {"answers": [{"answer_start": 269, "text": "38"}], "id": "56bf3fd53aeaaa14008c9593", "question": "Wie alt war Elway w\u00e4hrend seines Sieges im Super Bowl XXXIII?"}, {"answers": [{"answer_start": 0, "text": "Peyton Manning"}], "id": "56bf3fd53aeaaa14008c9594", "question": "Wer h\u00e4lt den Rekord f\u00fcr den \u00e4ltesten Quarterback in einem Super Bowl-Spiel?"}, {"answers": [{"answer_start": 49, "text": "zwei"}], "id": "56bf3fd53aeaaa14008c9595", "question": "F\u00fcr wie viele Teams, die den Super Bowl erreichten, spielte Manning?"}, {"answers": [{"answer_start": 49, "text": "zwei"}], "id": "56d704430d65d214001982de", "question": "Wie viele verschiedene Teams f\u00fchrte Peyton Manning zum Super Bowl?"}, {"answers": [{"answer_start": 0, "text": "Peyton Manning"}], "id": "56d704430d65d214001982e0", "question": "Wer ist der \u00e4lteste Quarterback, der je in einem Super Bowl gespielt hat?"}, {"answers": [{"answer_start": 231, "text": "John Elway"}], "id": "56d704430d65d214001982e1", "question": "Wer war vor Manning der \u00e4lteste Quarterback, der je in einem Super Bowl gespielt hat?"}, {"answers": [{"answer_start": 305, "text": "Super Bowl XXXIII"}], "id": "56d704430d65d214001982e2", "question": "Welchen Super Bowl gewann Elway im Alter von 38 Jahren?"}, {"answers": [{"answer_start": 0, "text": "Peyton Manning"}], "id": "56d9a0eadc89441400fdb63e", "question": "Wer war der erste Quarterback, der zwei Teams zu mehr als einem Super Bowl f\u00fchrte?"}, {"answers": [{"answer_start": 109, "text": "39"}], "id": "56d9a0eadc89441400fdb63f", "question": "Wie alt war Manning, als er im Super Bowl 50 mitspielte?"}, {"answers": [{"answer_start": 231, "text": "John Elway"}], "id": "56d9a0eadc89441400fdb640", "question": "Wie hei\u00dft der Quarterback, der w\u00e4hrend des Super Bowl XXXIII 38 Jahre alt war?"}]}, {"context": "Die sechs-malige Grammy-Gewinnerin und Oscar-Nominierte Lady Gaga f\u00fchrte die Nationalhymne auf, w\u00e4hrend die Oscar-Gewinnerin Marlee Matlin in die Amerikanische Geb\u00e4rdensprache (ASL) \u00fcbersetzte.", "qas": [{"answers": [{"answer_start": 4, "text": "sechs"}], "id": "56bec6ac3aeaaa14008c93fd", "question": "Wie viele Grammys gewann Lady Gaga?"}, {"answers": [{"answer_start": 73, "text": "die Nationalhymne"}], "id": "56bec6ac3aeaaa14008c93fe", "question": "Was hat Lady Gaga gesungen?"}, {"answers": [{"answer_start": 39, "text": "Oscar"}], "id": "56bec6ac3aeaaa14008c93ff", "question": "Welche Auszeichnung erhielt Marlee Matlin?"}, {"answers": [{"answer_start": 73, "text": "die Nationalhymne"}], "id": "56bec6ac3aeaaa14008c9400", "question": "Was \u00fcbersetzte Marlee Matlin?"}, {"answers": [{"answer_start": 139, "text": "in die Amerikanische Geb\u00e4rdensprache"}], "id": "56bec6ac3aeaaa14008c9401", "question": "In welche Sprache \u00fcbersetzte Marlee Matlin die Nationalhymne?"}, {"answers": [{"answer_start": 56, "text": "Lady Gaga"}], "id": "56d20650e7d4791d00902614", "question": "Wer sang die Nationalhymne?"}, {"answers": [{"answer_start": 125, "text": "Marlee Matlin"}], "id": "56d20650e7d4791d00902615", "question": "Welche Schauspielerin \u00fcbersetzte beim Spiel in die Amerikanische Geb\u00e4rdensprache?"}, {"answers": [{"answer_start": 56, "text": "Lady Gaga"}], "id": "56d7253b0d65d214001983d4", "question": "Wer sang die Nationalhymne beim Super Bowl 50?"}, {"answers": [{"answer_start": 125, "text": "Marlee Matlin"}], "id": "56d7253b0d65d214001983d5", "question": "Welcher Schauspieler \u00fcbersetzte beim Super Bowl 50 die Nationalhymne in die Geb\u00e4rdensprache?"}, {"answers": [{"answer_start": 56, "text": "Lady Gaga"}], "id": "56d9c455dc89441400fdb7c4", "question": "Wer sang die Nationalhymne beim Super Bowl 50?"}, {"answers": [{"answer_start": 4, "text": "sechs"}], "id": "56d9c455dc89441400fdb7c5", "question": "Wie viele Grammy Awards hat Lady Gaga laut Text gewonnen?"}, {"answers": [{"answer_start": 125, "text": "Marlee Matlin"}], "id": "56d9c455dc89441400fdb7c6", "question": "Wer \u00fcbersetzte die Nationalhymne beim Super Bowl 50 in die Geb\u00e4rdensprache?"}]}, {"context": "Mit 4:51 verbleibenden Minuten in der regul\u00e4ren Spielzeit brachte Carolina den Ball auf die eigene 24-Yard Line und bekam die Chance, einen spielentscheidenden Drive zu erzielen. Bald darauf standen sie einem 3rd-and-9 gegen\u00fcber. Beim n\u00e4chsten Spielzug nahm Miller Newton den Ball ab und nach mehreren Dives flog der Ball eine weite Strecke nach hinten und wurde von Ward erobert, der ihn f\u00fcnf Yard auf die 4-Yard Line der Panthers zur\u00fcckbrachte. Obwohl mehrere Spieler in den Pile sprangen, um zu versuchen, den Ball zur\u00fcckzugewinnen, tat Newton dies nicht. Sein Mangel an Aggression brachte ihm sp\u00e4ter heftige Kritik ein. In der Zwischenzeit wurde Denvers Offensive f\u00fcr drei Spielz\u00fcge aus der Endzone herausgehalten, aber eine Holding-Strafe f\u00fcr Cornerback Josh Norman gab den Broncos ein neues Set Downs. Dann punktete Anderson bei einem 2-Yard-Touchdown-Run und Manning vollendete einen Pass zu Bennie Fowler f\u00fcr eine 2-Point Conversion. Denver erhielt eine 24-10 F\u00fchrung mit 3:08 verbleibenden Minuten, was das Spiel im Wesentlichen entschied. Carolina hatte noch zwei weitere Drives, konnte aber keine zwei First Downs erzielen.", "qas": [{"answers": [{"answer_start": 99, "text": "24"}], "id": "56beca913aeaaa14008c946d", "question": "Auf welcher Yard Line begann Carolina mit 4:51 verbleibenden Minuten im Spiel?"}, {"answers": [{"answer_start": 265, "text": "Newton"}], "id": "56beca913aeaaa14008c946e", "question": "Wer erzielte einen Fumble beim 3rd-and-9?"}, {"answers": [{"answer_start": 759, "text": "Josh Norman"}], "id": "56beca913aeaaa14008c946f", "question": "Welcher Panther-Verteidiger wurde abgestraft, weil er den Ball beim Third Down festhielt?"}, {"answers": [{"answer_start": 822, "text": "Anderson"}], "id": "56beca913aeaaa14008c9470", "question": "Welcher Spieler erzielte einen Touchdown von der 2-Yard Line aus?"}, {"answers": [{"answer_start": 899, "text": "Bennie Fowler"}], "id": "56beca913aeaaa14008c9471", "question": "Wer gewann die erfolgreiche 2-Point Conversion?"}, {"answers": [{"answer_start": 258, "text": "Miller"}], "id": "56d726b60d65d214001983ea", "question": "Wer nahm Newton den Ball beim 3rd-and-9 ab?"}, {"answers": [{"answer_start": 367, "text": "Ward"}], "id": "56d726b60d65d214001983eb", "question": "Wer nahm den abgenommenen Ball auf?"}, {"answers": [{"answer_start": 265, "text": "Newton"}], "id": "56d726b60d65d214001983ec", "question": "Welcher Spieler wurde kritisiert, weil er nicht in den Pile sprang, um den Ball zu retten?"}, {"answers": [{"answer_start": 759, "text": "Josh Norman"}], "id": "56d726b60d65d214001983ed", "question": "Welcher Panthers-Spieler erhielt eine Strafe, was den Broncos ein neues Set an Downs bescherte?"}, {"answers": [{"answer_start": 980, "text": "3:08"}], "id": "56d726b60d65d214001983ee", "question": "Wie viel Zeit verblieb im Spiel, als Denver einen Punktestand von 24-10 erreichte?"}, {"answers": [{"answer_start": 4, "text": "4:51"}], "id": "56d9cb47dc89441400fdb832", "question": "Wie viel Zeit verblieb, als Carolina im vierten Quarter den Ball auf ihre 24-Yard-Line brachte?"}, {"answers": [{"answer_start": 258, "text": "Miller"}], "id": "56d9cb47dc89441400fdb833", "question": "Wie hie\u00df der Spieler, der Newton zum Ende des vierten Quarters den Ball abnahm?"}, {"answers": [{"answer_start": 367, "text": "Ward"}], "id": "56d9cb47dc89441400fdb834", "question": "Wie lautet der Nachname des Spielers, der den Ball, den Newton im vierten Quarter verlor, zur\u00fcckeroberte?"}, {"answers": [{"answer_start": 672, "text": "drei"}], "id": "56d9cb47dc89441400fdb835", "question": "Wie viele Spielz\u00fcge wurde Denver aus der Endzone herausgehalten, nachdem sie den Ball von Newton bekommen hatten?"}, {"answers": [{"answer_start": 822, "text": "Anderson"}], "id": "56d9cb47dc89441400fdb836", "question": "Wie lautet der Nachname des Spielers, der im vierten Quarter einen 2-Yard-Touchdown erzielte?"}]}], "title": "Super_Bowl_50"}, {"paragraphs": [{"context": "In der N\u00e4he, in Ogr\u00f3d Saski (S\u00e4chsischer Garten), war das Sommertheater von 1870 bis 1939 in Betrieb. In der Zwischenkriegszeit umfasste der Theaterkomplex auch das Momus, Warschaus erstes literarisches Kabarett, und Leon Schillers Musiktheater Melodram. Das Wojciech Bogus\u0142awski Theater (1922-26) war das beste Beispiel f\u00fcr \u201ePolnisches Monumentaltheater\u201c. Ab Mitte der 1930er Jahre beherbergte das Geb\u00e4ude des Teatr Wielki auch das Upati Institut f\u00fcr darstellende Kunst - die erste staatliche Akademie f\u00fcr Schauspielkunst mit einer Schauspielabteilung und einer Abteilung f\u00fcr B\u00fchnenleitung.", "qas": [{"answers": [{"answer_start": 16, "text": "Ogr\u00f3d Saski"}], "id": "57339c16d058e614000b5ec5", "question": "Wie lautet der Name der S\u00e4chsischen G\u00e4rten auf Polnisch?"}, {"answers": [{"answer_start": 29, "text": "S\u00e4chsischer Garten"}], "id": "57339c16d058e614000b5ec6", "question": "Wo befand sich das Sommertheater?"}, {"answers": [{"answer_start": 76, "text": "1870 bis 1939"}], "id": "57339c16d058e614000b5ec7", "question": "Wie lange war das Sommertheater in Betrieb?"}, {"answers": [{"answer_start": 165, "text": "Momus"}], "id": "57339c16d058e614000b5ec8", "question": "Wie hie\u00df das erste literarische Kabarett Warschaus?"}, {"answers": [{"answer_start": 255, "text": "Das Wojciech Bogus\u0142awski Theater"}], "id": "57339c16d058e614000b5ec9", "question": "Welches Theater war das beste Beispiel f\u00fcr \u201ePolnisches Monumentaltheater\u201c?"}]}, {"context": "Ihre lokalen Rivalen, Polonia Warschau, haben deutlich weniger Anh\u00e4nger. Dennoch gelang es ihnen, die Ekstraklasa-Meisterschaft im Jahr 2000 zu gewinnen. Sie gewannen auch die Landesmeisterschaft von 1946 und holten zwei Mal den Pokal. Das Heimstadion Polonias befindet sich in der Konwiktorska-Stra\u00dfe, zehn Gehminuten n\u00f6rdlich der Altstadt. Polonia wurde 2013 wegen seiner katastrophalen finanziellen Situation aus der Spitzengruppe des Landes verwiesen. Sie spielen nun in der vierten Liga (5. Rang in Polen) \u2013 der untersten Profiliga in der Struktur des Polnischen Fu\u00dfballverbandes (PZPN).", "qas": [{"answers": [{"answer_start": 22, "text": "Polonia Warschau"}], "id": "5733a32bd058e614000b5f32", "question": "Wer gewann 2000 die Ekstraklasa-Meisterschaft?"}, {"answers": [{"answer_start": 200, "text": "1946"}], "id": "5733a32bd058e614000b5f33", "question": "Wann gewann Polonia Warschau vor 2000 die Landesmeisterschaft?"}, {"answers": [{"answer_start": 216, "text": "zwei Mal"}], "id": "5733a32bd058e614000b5f34", "question": "Wie oft hat Polonia den Pokal gewonnen?"}, {"answers": [{"answer_start": 282, "text": "Konwiktorska-Stra\u00dfe"}], "id": "5733a32bd058e614000b5f35", "question": "Wo befindet sich das Heimstadion Polonias?"}, {"answers": [{"answer_start": 361, "text": "wegen seiner katastrophalen finanziellen Situation"}], "id": "5733a32bd058e614000b5f36", "question": "Warum wurde Polonia 2013 aus der Spitzengruppe des Landes verbannt?"}]}, {"context": "Warschau war w\u00e4hrend seiner gesamten Existenz eine multikulturelle Stadt. Laut der Volksz\u00e4hlung von 1901 waren von 711.988 Einwohnern 56,2% Katholiken, 35,7% Juden, 5% griechisch-orthodoxe Christen und 2,8% Protestanten. Acht Jahre sp\u00e4ter, im Jahr 1909, gab es 281.754 Juden (36,9%), 18.189 Protestanten (2,4%) und 2.818 Mariaviten (0,4%). Dies f\u00fchrte zum Bau von Hunderten von religi\u00f6sen Kultst\u00e4tten in allen Teilen der Stadt. Die meisten von ihnen wurden nach dem Warschauer Aufstand von 1944 zerst\u00f6rt. Nach dem Krieg rieten die neuen kommunistischen Beh\u00f6rden Polens vom Kirchenbau ab und nur wenige wurden wiederaufgebaut.", "qas": [{"answers": [{"answer_start": 46, "text": "eine multikulturelle Stadt"}], "id": "57338007d058e614000b5bda", "question": "Welche Art von Stadt ist Warschau schon immer gewesen?"}, {"answers": [{"answer_start": 115, "text": "711.988"}], "id": "57338007d058e614000b5bdb", "question": "Wie gro\u00df war die Bev\u00f6lkerung Warschaus im Jahr 1901?"}, {"answers": [{"answer_start": 134, "text": "56,2%"}], "id": "57338007d058e614000b5bdc", "question": "Welcher Prozentsatz der Warschauer Bev\u00f6lkerung war im Jahr 1901 katholisch?"}, {"answers": [{"answer_start": 202, "text": "2,8%"}], "id": "57338007d058e614000b5bdd", "question": "Welcher Prozentsatz der Bev\u00f6lkerung Warschaus war 1901 protestantisch?"}, {"answers": [{"answer_start": 490, "text": "1944"}], "id": "57338007d058e614000b5bde", "question": "Wann wurden die meisten religi\u00f6sen Kultst\u00e4tten in Warschau zerst\u00f6rt?"}]}, {"context": "Die grundlegende Verwaltungseinheit in Polen wird Gemeinde (Gmina) genannt. Eine Stadt ist ebenfalls eine Gemeinde \u2013 allerdings besitzt sie ein Stadtrecht. Sowohl St\u00e4dte als auch Gemeinden werden von einem B\u00fcrgermeister regiert \u2013 dieser wird in den Gemeinden Vogt (auf Polnisch W\u00f3jt) und in den St\u00e4dten Burmistrz genannt. Einige gr\u00f6\u00dfere St\u00e4dte erhalten Anrechte, d.h. Aufgaben und Privilegien, die den Einheiten der zweiten Verwaltungsebene \u2013 Landkreise oder Powiaty \u2013 geh\u00f6ren. Ein Beispiel f\u00fcr ein solches Anrecht ist die Kfz-Zulassung: Eine Gmina kann keine Autos registrieren, denn dies ist die Aufgabe des Powiat (d.h. eine Kennzeichennummer ist abh\u00e4ngig vom zulassenden Powiat und nicht von der Gmina). Erh\u00e4lt eine Stadt Anrechte, nennt man sie Stadtkreis oder Powiat Grodzki. Solche St\u00e4dte sind z.B. Lublin, Krakau, Danzig oder Posen. In Warschau haben Bezirke zus\u00e4tzlich einige Anrechte der Powiaty \u2013 wie die bereits erw\u00e4hnte Kfz-Zulassung. Zum Beispiel besitzen die Bezirke Wola und Ursyn\u00f3w eigene Kennzeichen (und die Autos aus Wola f\u00fchren andere Kennzeichen als die aus Ursyn\u00f3w). Die Bezirke in Krakau besitzen jedoch beispielsweise keine Powiat-Anrechte. Deshalb sind die Autokennzeichen in Krakau in allen Bezirken vom gleichen Typ.", "qas": [{"answers": [{"answer_start": 50, "text": "Gemeinde"}], "id": "573380e0d058e614000b5be9", "question": "Wie hei\u00dft die grundlegende Verwaltungseinheit in Polen?"}, {"answers": [{"answer_start": 443, "text": "Landkreise oder Powiaty"}], "id": "573380e0d058e614000b5bea", "question": "Wie hei\u00dft die zweite Verwaltungsebene in Polen?"}, {"answers": [{"answer_start": 1105, "text": "Krakau"}], "id": "573380e0d058e614000b5beb", "question": "In welchen Bezirken sind die Autokennzeichen alle vom gleichen Typ?"}]}, {"context": "Die erste Warschauer B\u00f6rse wurde im Jahr 1817 gegr\u00fcndet und bis zum Zweiten Weltkrieg weitergef\u00fchrt. Sie wurde im April 1991 nach dem Ende der kommunistischen Kontrolle der Nachkriegszeit und der Wiedereinf\u00fchrung einer freien Marktwirtschaft wiederhergestellt. Heute ist die Warschauer B\u00f6rse (WSE) laut vielen Indikatoren der gr\u00f6\u00dfte Markt in der Region, mit 374 b\u00f6rsennotierten Unternehmen und einer Gesamtkapitalisierung von 162 584 Mio. EUR zum 31. August 2009. Von 1991 bis 2000 befand sich die B\u00f6rse ironischerweise in dem Geb\u00e4ude, das fr\u00fcher als Sitz der Polnischen Vereinigten Arbeiterpartei (PZPR) diente.", "qas": [{"answers": [{"answer_start": 41, "text": "1817"}], "id": "5733834ed058e614000b5c26", "question": "Wann wurde die erste Warschauer B\u00f6rse gegr\u00fcndet?"}, {"answers": [{"answer_start": 68, "text": "Zweiten Weltkrieg"}], "id": "5733834ed058e614000b5c27", "question": "Was brachte die Warschauer B\u00f6rse zum Stillstand?"}, {"answers": [{"answer_start": 111, "text": "im April 1991"}], "id": "5733834ed058e614000b5c28", "question": "Wann wurde die Warschauer B\u00f6rse wieder zum Leben erweckt?"}, {"answers": [{"answer_start": 358, "text": "374"}], "id": "5733834ed058e614000b5c29", "question": "Wie viele Unternehmen waren im August 2009 an der WSE gelistet?"}, {"answers": [{"answer_start": 551, "text": "Sitz der Polnischen Vereinigten Arbeiterpartei"}], "id": "5733834ed058e614000b5c2a", "question": "In wessen ehemaligem Hauptsitz befand sich die WSE bis 2000?"}]}], "title": "Warsaw"}, {"paragraphs": [{"context": "Vor der Ankunft von Rollo unterschieden sich die Bev\u00f6lkerungsgruppen nicht von der Picardie oder der \u00cele-de-France, die als \u201efr\u00e4nkisch\u201c galten. Fr\u00fchere Wikinger-Siedler kamen in den 880er Jahren an, wurden aber zwischen Kolonien im Osten (Roumois und Pays de Caux) um das niedrige Seine-Tal herum und der Halbinsel Cotentin im Westen aufgeteilt und durch traditionelle Pagii getrennt. Dort blieb die Bev\u00f6lkerung etwa gleich und es gab fast keine ausl\u00e4ndischen Siedler. Rollos Truppen, die die Normandie und Teile der Atlantikk\u00fcste \u00fcberfielen und schlie\u00dflich besiedelten, waren D\u00e4nen, Norweger, nordische Gaelen, Orkney-Wikinger, m\u00f6glicherweise Schweden und Anglo-D\u00e4nen aus dem englischen Danelag unter nordischer Kontrolle.", "qas": [{"answers": [{"answer_start": 20, "text": "Rollo"}], "id": "56dde1d966d3e219004dad8d", "question": "Wer gab den urspr\u00fcnglichen Wikingersiedlern bei ihrer Ankunft eine gemeinsame Identit\u00e4t?"}]}, {"context": "Die beiden bekanntesten normannischen Familien, die im Mittelmeer ankamen, waren die Nachkommen von Tankred von Hauteville und der Familie Drengot. Rainulf Drengot erhielt 1030 von Herzog Sergius IV. von Neapel die Grafschaft Aversa, den ersten normannischen Br\u00fcckenkopf im S\u00fcden. Die Familie Hauteville erlangte f\u00fcrstlichen Rang, indem sie Prinz Guaimar IV. von Salerno zum \u201eHerzog von Apulien und Kalabrien\u201c erkl\u00e4rte. Er verlieh seinem gew\u00e4hlten Anf\u00fchrer, Wilhelm Eisenarm, prompt den Titel eines Grafen in seiner Hauptstadt Melfi. Die Familie Drengot erlangte daraufhin das F\u00fcrstentum Capua und Kaiser Heinrich III. adelte 1047 den An\u00fchrer der Hautevilles, Drogo, offiziell zum \u201edux et magister Italiae comesque Normannorum totius Apuliae et Calabriae\u201c (\u201eHerzog und Meister von Italien und Graf der Normannen von ganz Apulien und Kalabrien\u201c).", "qas": [{"answers": [{"answer_start": 660, "text": "Drogo"}], "id": "56de0daecffd8e1900b4b595", "question": "Wie hie\u00df der Anf\u00fchrer, der von Heinrich III. geadelt wurde?"}, {"answers": [{"answer_start": 458, "text": "Wilhelm Eisenarm"}], "id": "56de0daecffd8e1900b4b596", "question": "Wer war der Graf von Melfi?"}]}, {"context": "Bald nachdem die Normannen in Italien einmarschiert waren, drangen sie in das Byzantinische Reich und dann nach Armenien ein und k\u00e4mpften gegen die Petschenegen, die Bulgaren und vor allem gegen die Seldschuken. Normannische S\u00f6ldner wurden zun\u00e4chst von den Langobarden ermutigt, im S\u00fcden gegen die Byzantiner zu k\u00e4mpfen, fanden sich dann aber schnell im byzantinischen Dienst auf Sizilien wieder. Sie nahmen neben den War\u00e4gern und Langobarden im sizilianischen Feldzug Georgios Maniakes' in den Jahren 1038-40 teil. Es ist umstritten, ob die Normannen im griechischen Dienst tats\u00e4chlich aus dem normannischen Teil Italiens stammten. Tats\u00e4chlich scheint es so, als ob nur wenige von dort kamen. Unbekannt ist auch, wie viele der \u201eFranken\u201c, wie die Byzantiner sie nannten, Normannen und nicht andere Franzosen waren.", "qas": [{"answers": [{"answer_start": 195, "text": "die Seldschuken"}], "id": "56de0f6a4396321400ee257f", "question": "Wer war der Hauptfeind der Normannen in Italien, dem Byzantinischen Reich und Armenien?"}]}, {"context": "Einige Normannen schlossen sich t\u00fcrkischen Streitkr\u00e4ften an, um Hilfe bei der Zerst\u00f6rung der armenischen Vasallenstaaten Sassoun und Taron im fernen Ostanatolien zu leisten. Sp\u00e4ter begannen viele, weiter s\u00fcdlich in Kilikien und im Stiergebirge in den Dienst des armenischen Staates zu treten. Ein Normanne namens Oursel f\u00fchrte eine Gruppe von \u201eFranken\u201c in das obere Euphrattal im Norden Syriens. 8.000 der 20.000 Truppen des armenischen Generals Philaretus Brachamius waren von 1073 bis 1074 Normannen\u2014fr\u00fcher angef\u00fchrt von Oursel\u2014nun unter dem Kommando Raimbauds. Sie verliehen sogar ihrer Burg den Namen ihrer ethnischen Zugeh\u00f6rigkeit: Afranji lautete ihr Name, was \u201eFranken\u201c bedeutet. Der ber\u00fchmte Handel zwischen Amalfi und Antiochia sowie zwischen Bari und Tarsus k\u00f6nnte mit der Anwesenheit von Italo-Normannen in diesen St\u00e4dten zusammenh\u00e4ngen. Amalfi und Bari standen in Italien unter normannischer Herrschaft.", "qas": [{"answers": [{"answer_start": 637, "text": "Afranji"}], "id": "56de10b44396321400ee2593", "question": "Wie hie\u00df die normannische Burg?"}, {"answers": [{"answer_start": 313, "text": "Oursel"}], "id": "56de10b44396321400ee2594", "question": "Wer war der Anf\u00fchrer der Normannen, als die Franken das Euphrattal betraten?"}, {"answers": [{"answer_start": 32, "text": "t\u00fcrkischen Streitkr\u00e4ften"}], "id": "56de10b44396321400ee2595", "question": "Mit wem haben sich die Normannen in Anatolien zusammengetan?"}]}, {"context": "Zwischen 1402 und 1405 eroberte die Expedition unter der F\u00fchrung des normannischen Adligen Jean de B\u00e9thencourt und dem Poitevin Gadifer de la Salle die Kanarischen Inseln Lanzarote, Fuerteventura und El Hierro vor der Atlantikk\u00fcste von Afrika. Ihre Truppen wurden in der Normandie und der Gascogne versammelt und sp\u00e4ter durch kastilische Kolonisten aufgestockt.", "qas": [{"answers": [{"answer_start": 236, "text": "Afrika"}], "id": "56de49564396321400ee277a", "question": "Vor der K\u00fcste welches Kontinents liegen die Kanarischen Inseln?"}]}], "title": "Normans"}, {"paragraphs": [{"context": "Tesla war bekannt f\u00fcr seine wissenschaftlichen Leistungen und seine Selbstdarstellung. Dies brachte ihm in der Popul\u00e4rkultur schlie\u00dflich den Ruf eines archetypischen \u201everr\u00fcckten Wissenschaftlers\u201c ein. Seine Patente verhalfen ihm zu einem betr\u00e4chtlichen Betrag an Geld, von dem ein Gro\u00dfteil zur Finanzierung seiner eigenen Projekte mit gemischtem Erfolg verwendet wurde. Bis zu seiner Pensionierung verbrachte er den gr\u00f6\u00dften Teil seines Lebens in einer Reihe von New Yorker Hotels. Tesla starb am 7. Januar 1943. Seine Arbeit geriet nach seinem Tod in relative Vergessenheit. 1960 benannte die Generalkonferenz f\u00fcr Ma\u00df und Gewicht die SI-Ma\u00dfeinheit der magnetischen Flussdichte zu Ehren von Tesla nach ihm. Seit den 90er Jahren gibt es ein Wiederaufleben an \u00f6ffentlichem Interesse an Tesla.", "qas": [{"answers": [{"answer_start": 506, "text": "1943"}], "id": "56dfa0d84a1a83140091ebb7", "question": "In welchem Jahr starb Tesla? "}, {"answers": [{"answer_start": 630, "text": "die SI-Ma\u00dfeinheit der magnetischen Flussdichte"}], "id": "56dfa0d84a1a83140091ebb8", "question": "Was wurde zu seinen Ehren \u201edie Tesla-Einheit\u201c genannt?"}, {"answers": [{"answer_start": 462, "text": "New Yorker Hotels"}], "id": "56dfa0d84a1a83140091ebb9", "question": "Wo lebte Tesla den gr\u00f6\u00dften Teil seines Lebens?"}, {"answers": [{"answer_start": 137, "text": "den Ruf eines archetypischen \u201everr\u00fcckten Wissenschaftlers\u201c"}], "id": "56dfa0d84a1a83140091ebba", "question": "Welchen Ruf hatte Tesla in der Popul\u00e4rkultur?"}, {"answers": [{"answer_start": 201, "text": "Seine Patente"}], "id": "56e0bb9f7aa994140058e6cb", "question": "Wie finanzierte Tesla seine Arbeit?"}, {"answers": [{"answer_start": 506, "text": "1943"}], "id": "56e0bb9f7aa994140058e6cc", "question": "In welchem Jahr starb Tesla?"}, {"answers": [{"answer_start": 630, "text": "die SI-Ma\u00dfeinheit der magnetischen Flussdichte"}], "id": "56e0bb9f7aa994140058e6cd", "question": "Was benannte die Generalkonferenz f\u00fcr Ma\u00df und Gewicht 1960 nach Tesla?"}, {"answers": [{"answer_start": 706, "text": "Seit den 90er Jahren"}], "id": "56e0bb9f7aa994140058e6ce", "question": "Seit wann haben die Menschen wieder damit begonnen, sich f\u00fcr Tesla zu interessieren?"}, {"answers": [{"answer_start": 62, "text": "seine Selbstdarstellung"}], "id": "56e0bb9f7aa994140058e6cf", "question": "Wof\u00fcr war Tesla, abgesehen von seinen wissenschaftlichen Leistungen, ber\u00fchmt?"}]}, {"context": "Nachdem er Edisons Firma verlassen hatte, verb\u00fcndete sich Tesla 1886 mit zwei Gesch\u00e4ftsleuten, Robert Lane und Benjamin Vail, die sich bereit erkl\u00e4rten, ein Elektrikunternehmen in Teslas Namen, Tesla Electric Light & Manufacturing zu finanzieren. Das Unternehmen installierte Lichtbogenbeleuchtungssysteme, die von Tesla entworfen wurden, und besa\u00df auch Entw\u00fcrfe f\u00fcr Lichtmaschinenkommutatoren, die ersten Patente, die Tesla in den USA angemeldet hatte.", "qas": [{"answers": [{"answer_start": 95, "text": "Robert Lane und Benjamin Vail"}], "id": "56dfb5777aa994140058e021", "question": "Mit wem verb\u00fcndete sich Tesla 1886?"}, {"answers": [{"answer_start": 194, "text": "Tesla Electric Light & Manufacturing"}], "id": "56dfb5777aa994140058e022", "question": "Was finanzierten Lane und Vail?"}, {"answers": [{"answer_start": 247, "text": "Das Unternehmen installierte Lichtbogenbeleuchtungssysteme, die von Tesla entworfen wurden"}], "id": "56dfb5777aa994140058e023", "question": "In welchem Bereich war Tesla Electric Light & Manufacturing t\u00e4tig?"}, {"answers": [{"answer_start": 406, "text": "Patente"}], "id": "56dfb5777aa994140058e024", "question": "Was erhielt Tesla nach der Gr\u00fcndung seines Unternehmens zum ersten Mal?"}, {"answers": [{"answer_start": 276, "text": "Lichtbogenbeleuchtungssysteme"}], "id": "56dfb5777aa994140058e025", "question": "Was wurde in Teslas Firma produziert? "}, {"answers": [{"answer_start": 95, "text": "Robert Lane und Benjamin Vail"}], "id": "56e0d6cf231d4119001ac420", "question": "Wie hie\u00dfen die neuen Partner von Tesla?"}, {"answers": [{"answer_start": 64, "text": "1886"}], "id": "56e0d6cf231d4119001ac421", "question": "Wann entstand die Partnerschaft zwischen Tesla, Lane und Vail?"}, {"answers": [{"answer_start": 194, "text": "Tesla Electric Light & Manufacturing"}], "id": "56e0d6cf231d4119001ac422", "question": "Wie hie\u00df das Unternehmen, das die Gesch\u00e4ftsleute finanzierten? "}, {"answers": [{"answer_start": 247, "text": "Das Unternehmen installierte Lichtbogenbeleuchtungssysteme"}], "id": "56e0d6cf231d4119001ac423", "question": "In welchem Bereich war Tesla Electric Light & Manufacturing t\u00e4tig?"}, {"answers": [{"answer_start": 58, "text": "Tesla"}], "id": "56e0d6cf231d4119001ac424", "question": "Wer entwarf die Beleuchtungssysteme, die Tesla Electric Light & Manufacturing installierte?"}]}, {"context": "Im Jahr 1900 erhielt Tesla Patente f\u00fcr ein \u201eSystem zur \u00dcbertragung elektrischer Energie\u201c und einen \u201eelektrischen Transmitter\u201c. Als Guglielmo Marconi 1901 die ber\u00fchmte allererste transatlantische Funk\u00fcbertragung ausstrahlte, witzelte Tesla, dass 17 Tesla-Patente daf\u00fcr verwendet worden seien. Es gibt jedoch wenig Anhaltspunkte, die diese Behauptung unterst\u00fctzen. Dies war der Beginn jahrelanger Patentk\u00e4mpfe \u00fcber den Funk. Teslas Patente wurden 1903 zuerst anerkannt, dann jedoch erfolgte 1904 eine gegenteilige Entscheidung zugunsten Marconis. Im Jahr 1943 stellte der Oberste Gerichtshof der Vereinigten Staaten in einem Beschluss die fr\u00fcheren Patente von Tesla, Oliver Lodge und John Stone wieder her. Das Gericht erkl\u00e4rte, dass die Entscheidung keinen Einfluss auf Marconis Anspruch auf die erste Funk\u00fcbertragung habe, sondern dass er, da Marconis Anspruch auf bestimmte Patente fragw\u00fcrdig war, keine Patentverletzung geltend machen konnte (es gibt Behauptungen, der Oberste Gerichtshof habe versucht, eine Klage der Firma Marconi aus dem ersten Weltkrieg gegen die US-Regierung f\u00fcr nichtig zu erkl\u00e4ren, indem er Teslas Patente wiederherstellte).", "qas": [{"answers": [{"answer_start": 8, "text": "1900"}], "id": "56e0fc3f7aa994140058e877", "question": "Wann erhielt Tesla das Patent f\u00fcr einen elektrischen Transmitter?"}, {"answers": [{"answer_start": 131, "text": "Guglielmo Marconi"}], "id": "56e0fc3f7aa994140058e878", "question": "Wer schickte zuerst Funkwellen \u00fcber den Atlantik?"}, {"answers": [{"answer_start": 149, "text": "1901"}], "id": "56e0fc3f7aa994140058e879", "question": "Wann fand Marconis Funkdemonstration statt?"}, {"answers": [{"answer_start": 553, "text": "1943"}], "id": "56e0fc3f7aa994140058e87a", "question": "Wann wurden die Patente von Tesla wiederhergestellt?"}, {"answers": [{"answer_start": 570, "text": "Oberste Gerichtshof der Vereinigten Staaten"}], "id": "56e0fc3f7aa994140058e87b", "question": "Von welcher Institution stammt die Entscheidung, Teslas Patente wiederherzustellen?"}]}, {"context": "In den Jahren nach diesen Ger\u00fcchten gewannen weder Tesla noch Edison den Nobelpreis (obwohl Edison 1915 eine von 38 m\u00f6glichen Nominierungen erhielt und Tesla 1937 eine von 38 m\u00f6glichen Nominierungen).", "qas": [{"answers": [{"answer_start": 113, "text": "38"}], "id": "56e10aa5cd28a01900c674b3", "question": "Wie viele m\u00f6gliche Nominierungen f\u00fcr den Preis gab es 1915?"}, {"answers": [{"answer_start": 62, "text": "Edison"}], "id": "56e10aa5cd28a01900c674b4", "question": "Wer erhielt 1915 eine Nominierung?"}, {"answers": [{"answer_start": 158, "text": "1937"}], "id": "56e10aa5cd28a01900c674b5", "question": "In welchem Jahr erhielt Tesla eine Nominierung f\u00fcr den Nobelpreis?"}]}, {"context": "Seine religi\u00f6sen Ansichten bleiben aufgrund einiger anderer Aussagen jedoch ungewiss. In seinem Artikel \u201eA Machine to End War\u201c, der 1937 ver\u00f6ffentlicht wurde, sagte Tesla beispielsweise:", "qas": [{"answers": [{"answer_start": 104, "text": "\u201eA Machine to End War\u201c"}], "id": "56e1254ae3433e1400422c66", "question": "Welcher Artikel wurde 1937 ver\u00f6ffentlicht?"}, {"answers": [{"answer_start": 76, "text": "ungewiss"}], "id": "56e1254ae3433e1400422c67", "question": "Wie lauten aufgrund bestimmter Aussagen seine religi\u00f6sen Ansichten?"}, {"answers": [{"answer_start": 122, "text": "War"}], "id": "56e1254ae3433e1400422c68", "question": "Was sollte die Maschine im Titel des Artikels beenden?"}]}], "title": "Nikola_Tesla"}, {"paragraphs": [{"context": "Die Komplexit\u00e4tstheorie ist ein Zweig der Berechnungstheorie in der theoretischen Informatik, der sich darauf konzentriert, Rechenprobleme nach ihrer inh\u00e4renten Schwierigkeit zu klassifizieren und diese Klassen miteinander in Beziehung zu setzen. Unter einem Rechenproblem versteht man eine Aufgabe, die grunds\u00e4tzlich von einem Computer gel\u00f6st werden kann. Dies ist gleichbedeutend mit der Aussage, dass das Problem durch die mechanische Anwendung mathematischer Schritte, beispielsweise durch einen Algorithmus, gel\u00f6st werden kann.", "qas": [{"answers": [{"answer_start": 4, "text": "Komplexit\u00e4tstheorie"}], "id": "56e16182e3433e1400422e28", "question": "Welcher Zweig der theoretischen Informatik besch\u00e4ftigt sich mit der breiten Klassifizierung von Rechenproblemen nach Schwierigkeit und Beziehungsklassen?"}, {"answers": [{"answer_start": 139, "text": "nach ihrer inh\u00e4renten Schwierigkeit"}], "id": "56e16182e3433e1400422e29", "question": "Nach welchem Hauptattribut werden Rechenprobleme unter Verwendung der Komplexit\u00e4tstheorie klassifiziert? "}, {"answers": [{"answer_start": 124, "text": "Rechenprobleme"}], "id": "56e16182e3433e1400422e2a", "question": "Wie lautet der Begriff f\u00fcr eine Aufgabe, die sich im Allgemeinen f\u00fcr die L\u00f6sung durch einen Computer anbietet?"}]}, {"context": "Bei der Betrachtung von Rechenproblemen stellt ein String in einem Alphabet eine Probleminstanz dar. Normalerweise wird das bin\u00e4re Alphabet (d.h. die Menge {0,1}) als Alphabet angenommen, woraus folgt, dass die Strings Bitketten sind. Wie in einem realen Computer m\u00fcssen mathematische Objekte, die keine Bitketten sind, entsprechend kodiert werden. So k\u00f6nnen beispielsweise ganze Zahlen in bin\u00e4rer Notation dargestellt und Graphen direkt \u00fcber ihre Adjazenzmatrizen oder durch Kodierung der Adjazenzlisten in bin\u00e4rer Form kodiert werden.", "qas": [{"answers": [{"answer_start": 81, "text": "Probleminstanz"}], "id": "56e181d9e3433e1400422fa0", "question": "Als was kann ein String in einem Alphabet bei der Betrachtung von Rechenproblemen beschrieben werden?"}, {"answers": [{"answer_start": 120, "text": "das bin\u00e4re Alphabet"}], "id": "56e181d9e3433e1400422fa1", "question": "Wie lautet der Name des Alphabets, das am h\u00e4ufigsten in einer Probleminstanz verwendet wird?"}, {"answers": [{"answer_start": 219, "text": "Bitketten"}], "id": "56e181d9e3433e1400422fa2", "question": "Wie lautet ein anderer Begriff f\u00fcr die Zeichenkette einer Probleminstanz?"}, {"answers": [{"answer_start": 390, "text": "bin\u00e4rer Notation"}], "id": "56e181d9e3433e1400422fa3", "question": "Wie werden bei der Kodierung von mathematischen Objekten ganze Zahlen \u00fcblicherweise ausgedr\u00fcckt?"}, {"answers": [{"answer_start": 448, "text": "Adjazenzmatrizen"}], "id": "56e181d9e3433e1400422fa4", "question": "Auf welche Weise k\u00f6nnen Graphen kodiert werden?"}]}, {"context": "Es ist verlockend zu denken, dass Funktionsprobleme viel umfassender sind als Entscheidungsprobleme. Dies ist jedoch nicht der Fall, da Funktionsprobleme als Entscheidungsprobleme umformuliert werden k\u00f6nnen. So kann beispielsweise die Multiplikation zweier Integerwerte als Dreiermenge (a, b, c) ausgedr\u00fcckt werden, so dass die Beziehung a \u00d7 b = c gilt. Die Entscheidung, ob ein bestimmtes Tripel zu dieser Menge geh\u00f6rt, entspricht der L\u00f6sung des Problems der Multiplikation zweier Zahlen.", "qas": [{"answers": [{"answer_start": 154, "text": "als Entscheidungsprobleme"}], "id": "56e1a0dccd28a01900c67a2e", "question": "Als was k\u00f6nnen Funktionsprobleme typischerweise umformuliert werden?"}, {"answers": [{"answer_start": 274, "text": "Dreiermenge"}], "id": "56e1a0dccd28a01900c67a2f", "question": "Wenn zwei ganze Zahlen multipliziert werden und einen Wert ausgeben, wie hei\u00dft dann diese Ausdrucksmenge?"}]}, {"context": "F\u00fcr eine genaue Definition der Bedeutung einer Probleml\u00f6sung mit einer bestimmten Menge von Zeit und Raum wird ein Rechenmodell, wie z.B. die deterministische Turing-Maschine, verwendet. Die Zeit, die eine deterministische Turing-Maschine M am Input x ben\u00f6tigt, ist die Gesamtzahl der Zustands\u00fcberg\u00e4nge, oder Schritte, die die Maschine macht, bevor sie stoppt und die Antwort ausgibt (\u201eja\u201c oder \u201enein\u201c). Eine Turingmaschine M arbeitet innerhalb der Zeit f(n), wenn die von M bei jedem Input der L\u00e4nge n ben\u00f6tigte Zeit h\u00f6chstens f(n) betr\u00e4gt. Ein Entscheidungsproblem A kann in der Zeit f(n) gel\u00f6st werden, wenn eine Turing-Maschine existiert, die in der Zeit f(n) operiert und das Problem l\u00f6sen kann. Da die Komplexit\u00e4tstheorie daran interessiert ist, Probleme anhand ihrer Schwierigkeit zu klassifizieren, definiert man Problems\u00e4tze anhand einiger Kriterien. Zum Beispiel werden Probleme, die innerhalb der Zeit f(n) auf einer deterministischen Turing-Maschine l\u00f6sbar sind, als DTIME(f(n)) bezeichnet.", "qas": [{"answers": [{"answer_start": 285, "text": "Zustands\u00fcberg\u00e4nge"}], "id": "56e1b62ecd28a01900c67aa3", "question": "Wie nennt man die Zeit, die ben\u00f6tigt wird, um eine Antwort auf einer deterministischen Turing-Maschine auszugeben?"}, {"answers": [{"answer_start": 774, "text": "Schwierigkeit"}], "id": "56e1b62ecd28a01900c67aa4", "question": "Basierend auf welchem prim\u00e4ren Attribut klassifiziert die Komplexit\u00e4tstheorie Probleme?"}, {"answers": [{"answer_start": 979, "text": "DTIME(f(n))"}], "id": "56e1b62ecd28a01900c67aa5", "question": "Welcher Ausdruck wird verwendet, um eine bestimmte Reihe von Problemen zu identifizieren, die innerhalb der Zeit auf einer deterministischen Turing-Maschine gel\u00f6st werden k\u00f6nnen?"}, {"answers": [{"answer_start": 92, "text": "Zeit"}], "id": "56e1b62ecd28a01900c67aa6", "question": "Welche ist die kritischste Ressource, die bei der Beurteilung der F\u00e4higkeit einer Turing-Maschine, einen bestimmten Satz von Problemen zu l\u00f6sen, gemessen wird?"}]}, {"context": "Von vielen bekannten Komplexit\u00e4tsklassen wird vermutet, sie seien ungleich. Dies ist jedoch nicht bewiesen. Zum Beispiel ist P \u2286 NP \u2286 PP \u2286 PSPACE, aber es ist m\u00f6glich, dass P = PSPACE ist. Wenn P nicht gleich NP ist, dann ist auch P nicht gleich PSPACE. Da es viele bekannte Komplexit\u00e4tsklassen, wie z.B. RP, BPP, PP, BQP, MA, PH, etc. gibt, die zwischen P und PSPACE liegen, ist es m\u00f6glich, dass alle diese Komplexit\u00e4tsklassen in eine Klasse zerfallen. Der Nachweis, dass eine dieser Klassen ungleich ist, w\u00e4re ein gro\u00dfer Durchbruch in der Komplexit\u00e4tstheorie.", "qas": [{"answers": [{"answer_start": 0, "text": "Von vielen bekannten Komplexit\u00e4tsklassen wird vermutet, sie seien ungleich"}], "id": "56e1ee4de3433e1400423210", "question": "Was ist die unbewiesene Annahme, die im Allgemeinen dem Wert von Komplexit\u00e4tsklassen zugeschrieben wird?"}, {"answers": [{"answer_start": 125, "text": "P \u2286 NP \u2286 PP \u2286 PSPACE"}], "id": "56e1ee4de3433e1400423211", "question": "Was ist ein Ausdruck, der verwendet werden kann, um die vermutete Ungleichheit von Komplexit\u00e4tsklassen zu veranschaulichen?"}, {"answers": [{"answer_start": 346, "text": "zwischen P und PSPACE"}], "id": "56e1ee4de3433e1400423212", "question": "Wo sind die Komplexit\u00e4tsklassen RP, BPP, PP, BQP, MA und PH angesiedelt?"}, {"answers": [{"answer_start": 454, "text": "Der Nachweis, dass eine dieser Klassen ungleich ist"}], "id": "56e1ee4de3433e1400423214", "question": "Welche Beweise \u00fcber Komplexit\u00e4tsklassen w\u00e4ren ein theoretischer Wendepunkt f\u00fcr die Komplexit\u00e4tstheorie?"}]}], "title": "Computational_complexity_theory"}]}