{"data": [{"paragraphs": [{"context": "\ufeffPanthers savunmas\u0131 ligdeki derecesi alt\u0131nc\u0131 s\u0131rada olarak sadece 308 say\u0131 b\u0131rakt\u0131, ayn\u0131 zamanda NFL'de 24 topu kapma ile ligin ba\u015f\u0131n\u0131 \u00e7ekmesi ve d\u00f6rt Pro Bowl se\u00e7meleri ile \u00f6v\u00fcn\u00e7 duydu. Pro Bowl orta \u00e7izgi savunmac\u0131s\u0131 Kawann Short, tak\u0131m\u0131 11'le birlikte sack ederken, ayn\u0131 zamanda \u00fc\u00e7 oyuncuyu d\u00fc\u015f\u00fcrme ve iki yeniden savunmaya zorlad\u0131. Yan hakem Mario Addison, 6\u00bd sack ekledi. Panthers hatt\u0131nda ayr\u0131ca, sadece 9 ba\u015flang\u0131\u00e7ta 5 sack eden u\u00e7 \u00e7izgi savunmac\u0131s\u0131 Kony Ealy ile birlikte 136 kez ile NFL'nin aktif kariyer sack lideri ve 5 kez profesyonel bir top at\u0131c\u0131s\u0131 olan Jared Allen \u00f6ne \u00e7\u0131kmaktad\u0131r. Arkalar\u0131nda, Panthers'lerin \u00fc\u00e7 adet ikinci hat savunma oyuncusundan ikisi de Pro Bowl'da oynamak i\u00e7in se\u00e7ildi: Thomas Davis ve Luke Kuechly. Davis, d\u00f6rd\u00fcnde mecburi oyuncuyu d\u00fc\u015f\u00fcrme ve d\u00f6rt topu kapma olmak \u00fczere 5\u00bd sack etmeyi bir araya getirirken, Kuechly top \u00e7almalarda (118) iki mecburi oyuncuyu d\u00fc\u015f\u00fcrme ve kendi ba\u015f\u0131na d\u00f6rt pas\u0131n\u0131 kesme ile tak\u0131ma \u00f6nc\u00fcl\u00fck etti. Carolina\u2019n\u0131n ikincisi olarak g\u00f6sterilen Pro Bowl g\u00fcvenli\u011fi i\u00e7in kariyerinin en y\u00fckse\u011fi olarak 7 top kapma ile tak\u0131m\u0131 s\u00fcr\u00fckleyen Kurt Coleman\u2019a ve 88 top \u00e7alma say\u0131s\u0131yla ve Pro Bowl k\u00f6\u015fe savunmac\u0131s\u0131 sezon boyunca bir kapal\u0131 k\u00f6\u015fe i\u00e7inde geli\u015fen ikisi kale \u00e7izgisini ge\u00e7i\u015ften d\u00f6nen d\u00f6rt top kapma geli\u015ftiren Josh Norman'a rol verdi.", "qas": [{"answers": [{"answer_start": 66, "text": "308"}], "id": "56beb4343aeaaa14008c925b", "question": "Panthers savunmas\u0131 ka\u00e7 say\u0131 b\u0131rakm\u0131\u015ft\u0131r?"}, {"answers": [{"answer_start": 480, "text": "136"}], "id": "56beb4343aeaaa14008c925c", "question": "Jared Allen'\u0131n ka\u00e7 tane kariyer sack edi\u015fi vard\u0131r?"}, {"answers": [{"answer_start": 871, "text": "118"}], "id": "56beb4343aeaaa14008c925d", "question": "Luke Kuechly ka\u00e7 tane top \u00e7alma kaydetmi\u015ftir?"}, {"answers": [{"answer_start": 146, "text": "d\u00f6rt"}], "id": "56beb4343aeaaa14008c925e", "question": "Josh Norman ka\u00e7 tane top \u00e7alm\u0131\u015ft\u0131r?"}, {"answers": [{"answer_start": 219, "text": "Kawann Short"}], "id": "56beb4343aeaaa14008c925f", "question": "Bu sezon tak\u0131mdaki en fazla sack etmeyi kim kaydetmi\u015ftir?"}, {"answers": [{"answer_start": 104, "text": "24"}], "id": "56d6f3500d65d21400198290", "question": "Panthers savunmas\u0131 2015 y\u0131l\u0131nda ka\u00e7 top \u00e7alma ile kayda ge\u00e7mi\u015ftir?"}, {"answers": [{"answer_start": 219, "text": "Kawann Short"}], "id": "56d6f3500d65d21400198291", "question": "Panthers'lere sack etmede kim \u00f6nderlik etmektedir?"}, {"answers": [{"answer_start": 146, "text": "d\u00f6rt"}], "id": "56d6f3500d65d21400198292", "question": "Pro Bowl i\u00e7in ka\u00e7 tane Panthers savunma oyuncusu se\u00e7ilmi\u015ftir?"}, {"answers": [{"answer_start": 146, "text": "d\u00f6rt"}], "id": "56d6f3500d65d21400198293", "question": "Thomas Davis ka\u00e7 mecburi oyuncuyu d\u00fc\u015f\u00fcrme alm\u0131\u015ft\u0131r?"}, {"answers": [{"answer_start": 1092, "text": "Kurt Coleman"}], "id": "56d6f3500d65d21400198294", "question": "Hangi oyuncu sezonun en \u00e7ok top kapmas\u0131na sahiptir?"}, {"answers": [{"answer_start": 104, "text": "24"}], "id": "56d9992fdc89441400fdb59c", "question": "Panthers'lerin savunmas\u0131 2015 sezonu top kapmalar\u0131n\u0131n ka\u00e7 tanesini alm\u0131\u015ft\u0131r?"}, {"answers": [{"answer_start": 457, "text": "Kony Ealy"}], "id": "56d9992fdc89441400fdb59e", "question": "Carolina Panthers \u00e7\u0131k\u0131\u015f\u00e7\u0131s\u0131 olarak dokuz oyunda 5 sack eden kimdir?"}, {"answers": [{"answer_start": 724, "text": "Luke Kuechly."}], "id": "56d9992fdc89441400fdb59f", "question": "2015 y\u0131l\u0131nda Panthers'lerin ofansif orta \u00e7izgi oyuncusu lideri kimdi?"}, {"answers": [{"answer_start": 305, "text": "iki"}], "id": "56d9992fdc89441400fdb5a0", "question": "Josh Norman 2015 y\u0131l\u0131nda kale \u00e7izgisini ge\u00e7i\u015fle sonlanan ka\u00e7 topu \u00e7alma yapm\u0131\u015ft\u0131r?"}]}, {"context": "Broncos, 23\u201316 aras\u0131ndaki b\u00f6lge turunda Pittsburgh Steelers'\u0131, ma\u00e7\u0131n son \u00fc\u00e7 dakikas\u0131nda 11 say\u0131 alarak ma\u011flup etti. Daha sonra, New England'\u0131n 2 puanl\u0131k d\u00f6n\u00fc\u015f\u00fcm giri\u015fimini saat \u00fczerinde 17 saniye kala bir pas\u0131 keserek, AFC \u015eampiyonluk Oyununda Super Bowl'u savunan XLIX \u015fampiyonu New England Patriots'u 20\u201318 yendi. Manning''in sezon boyunca topu kapmalarla ilgili sorunlar\u0131na ra\u011fmen, iki r\u00f6van\u015f ma\u00e7\u0131nda hi\u00e7 atmad\u0131.", "qas": [{"answers": [{"answer_start": 40, "text": "Pittsburgh Steelers"}], "id": "56beb7953aeaaa14008c92ab", "question": "Broncos'a b\u00f6lge turunda kim kaybetmi\u015ftir?"}, {"answers": [{"answer_start": 88, "text": "11"}], "id": "56beb7953aeaaa14008c92ac", "question": "Broncos, Pittsburgh kar\u015f\u0131s\u0131nda ma\u00e7\u0131n son \u00fc\u00e7 dakikas\u0131nda ka\u00e7 puan alm\u0131\u015ft\u0131r?"}, {"answers": [{"answer_start": 280, "text": "New England Patriots"}], "id": "56beb7953aeaaa14008c92ad", "question": "Super Bowl XLIX'i kim kazanm\u0131\u015ft\u0131r?"}, {"answers": [{"answer_start": 303, "text": "20\u201318"}], "id": "56beb7953aeaaa14008c92ae", "question": "AFC \u015eampiyonluk Oyunu final skoru neydi?"}, {"answers": [{"answer_start": 186, "text": "17 saniye"}], "id": "56beb7953aeaaa14008c92af", "question": "Broncos, AFC \u015eampiyonas\u0131 ma\u00e7\u0131n\u0131 k\u00f6k\u00fcnden halleden top kapmay\u0131 yapt\u0131\u011f\u0131 zaman saat \u00fczerinde ne kadar s\u00fcre kalm\u0131\u015ft\u0131?"}, {"answers": [{"answer_start": 0, "text": "Broncos"}], "id": "56bf36b93aeaaa14008c9561", "question": "Broncos ve Steelers aras\u0131ndaki b\u00f6lge turu kazanan\u0131 hangi tak\u0131md\u0131?"}, {"answers": [{"answer_start": 9, "text": "23\u201316"}], "id": "56bf36b93aeaaa14008c9562", "question": "Broncos ve Steelers aras\u0131ndaki oyunun son skoru neydi?"}, {"answers": [{"answer_start": 280, "text": "New England Patriots"}], "id": "56bf36b93aeaaa14008c9563", "question": "Super Bowl XLIX'i kim kazanm\u0131\u015ft\u0131r?"}, {"answers": [{"answer_start": 186, "text": "17"}], "id": "56bf36b93aeaaa14008c9564", "question": "Broncos oyunu kazand\u0131ran pas\u0131 kesti\u011fi zaman oyunun bitimine ka\u00e7 saniye kalm\u0131\u015ft\u0131?"}, {"answers": [{"answer_start": 316, "text": "Manning"}], "id": "56bf36b93aeaaa14008c9565", "question": "Broncos'un r\u00f6van\u015f oyunlar\u0131 s\u00fcresince kim hi\u00e7 atmam\u0131\u015ft\u0131r?"}, {"answers": [{"answer_start": 40, "text": "Pittsburgh Steelers"}], "id": "56d7018a0d65d214001982c2", "question": "B\u00f6lge turunda Broncos'u kim yenmi\u015ftir?"}, {"answers": [{"answer_start": 88, "text": "11"}], "id": "56d7018a0d65d214001982c3", "question": "Pittsburg oyununun son \u00fc\u00e7 dakikas\u0131nda Broncos ka\u00e7 say\u0131 yapm\u0131\u015ft\u0131r?"}, {"answers": [{"answer_start": 280, "text": "New England Patriots"}], "id": "56d7018a0d65d214001982c5", "question": "AFC \u015eampiyonluk oyununda Broncos'u kim yenmi\u015ftir?"}, {"answers": [{"answer_start": 40, "text": "Pittsburgh Steelers"}], "id": "56d99f99dc89441400fdb628", "question": "2015 y\u0131l\u0131nda klasmanlar\u0131n\u0131 kazanmak i\u00e7in Broncos'u kim yenmi\u015ftir?"}, {"answers": [{"answer_start": 280, "text": "New England Patriots"}], "id": "56d99f99dc89441400fdb629", "question": "AFC \u015fampiyonu olmak i\u00e7in Broncos'u kim yenmi\u015ftir?"}, {"answers": [{"answer_start": 186, "text": "17"}], "id": "56d99f99dc89441400fdb62c", "question": "Patriots'un 2 puanl\u0131k d\u00f6n\u00fc\u015f\u00fcmleri ba\u015far\u0131s\u0131z oldu\u011funda oyunun bitimine ka\u00e7 saniye kalm\u0131\u015ft\u0131?"}]}, {"context": "Peyton Manning,iki farkl\u0131 tak\u0131m\u0131 birden fazla Super Bowls'a gitmesinde \u00f6nderlik eden ilk kilit oyuncu oldu. Ayr\u0131ca, 39 ya\u015f\u0131nda bir Super Bowl'da oynayan en eski oyun kurucu oldu. Ge\u00e7mi\u015f rekor, Broncos'u 38 ya\u015f\u0131nda Super Bowl XXXIII'te galibiyete g\u00f6t\u00fcren ve \u015fu anda Denver'\u0131n Futbol Operasyonlar\u0131 Ba\u015fkan Yard\u0131mc\u0131s\u0131 ve Genel M\u00fcd\u00fcr'\u00fc olan John Elway'in ellerindeydi.", "qas": [{"answers": [{"answer_start": 116, "text": "39"}], "id": "56beb86b3aeaaa14008c92bd", "question": "Peyton Manning, Super Bowl %0'de oynad\u0131\u011f\u0131 zaman ka\u00e7 ya\u015f\u0131ndayd\u0131?"}, {"answers": [{"answer_start": 336, "text": "John Elway"}], "id": "56beb86b3aeaaa14008c92be", "question": "Bir Super Bowl'da oynayan en ya\u015fl\u0131 kilit oyuncu olma rekorunu daha \u00f6nce kim elinde bulunduruyordu?"}, {"answers": [{"answer_start": 203, "text": "38"}], "id": "56beb86b3aeaaa14008c92bf", "question": "John Elway, Super Bowl XXXIII'te oynad\u0131\u011f\u0131nda ka\u00e7 ya\u015f\u0131ndayd\u0131?"}, {"answers": [{"answer_start": 275, "text": "Futbol Operasyonlar\u0131 Ba\u015fkan Yard\u0131mc\u0131s\u0131 ve Genel M\u00fcd\u00fcr'\u00fc"}], "id": "56beb86b3aeaaa14008c92c0", "question": "John Elway'in \u015fu anki Broncos \u00fcyeli\u011findeki rol\u00fc nedir?"}, {"answers": [{"answer_start": 193, "text": "Broncos"}], "id": "56beb86b3aeaaa14008c92c1", "question": "John Elway Super Bowl XXXIII'te kimin i\u00e7in oynam\u0131\u015ft\u0131r?"}, {"answers": [{"answer_start": 193, "text": "Broncos"}], "id": "56bf3fd53aeaaa14008c9591", "question": "Super Bowl XXXIII'\u00fcn kazanan\u0131 hangi tak\u0131md\u0131?"}, {"answers": [{"answer_start": 336, "text": "John Elway"}], "id": "56bf3fd53aeaaa14008c9592", "question": "Broncos'un Genel M\u00fcd\u00fcr\u00fc kimdir?"}, {"answers": [{"answer_start": 203, "text": "38"}], "id": "56bf3fd53aeaaa14008c9593", "question": "Elway, Super Bowl XXXIII galibiyeti esnas\u0131nda ka\u00e7 ya\u015f\u0131ndad\u0131r?"}, {"answers": [{"answer_start": 0, "text": "Peyton Manning"}], "id": "56bf3fd53aeaaa14008c9594", "question": "Herhangi bir Super Bowl oyununda en ya\u015fl\u0131 kilit oyuncu rekoruna kim sahiptir?"}, {"answers": [{"answer_start": 15, "text": "iki"}], "id": "56bf3fd53aeaaa14008c9595", "question": "Manning Super Bowl'a ula\u015fmak i\u00e7in onlar\u0131n tak\u0131m\u0131ndayken ka\u00e7 tak\u0131mda oynam\u0131\u015ft\u0131r?"}, {"answers": [{"answer_start": 15, "text": "iki"}], "id": "56d704430d65d214001982de", "question": "Peyton Manning Super Bowl'a ka\u00e7 farkl\u0131 tak\u0131m\u0131 g\u00f6t\u00fcrm\u00fc\u015ft\u00fcr?"}, {"answers": [{"answer_start": 0, "text": "Peyton Manning"}], "id": "56d704430d65d214001982e0", "question": "Bir Super Bowl'da oynayan en ya\u015fl\u0131 kilit oyuncu kimdir?"}, {"answers": [{"answer_start": 336, "text": "John Elway"}], "id": "56d704430d65d214001982e1", "question": "Manning'den \u00f6nce bir Super Bowl'da oynayan en ya\u015fl\u0131 kilit oyuncu kimdir?"}, {"answers": [{"answer_start": 214, "text": "Super Bowl XXXIII"}], "id": "56d704430d65d214001982e2", "question": "Elway 38 ya\u015f\u0131ndayken hangi Super Bowl'u kazanm\u0131\u015ft\u0131r?"}, {"answers": [{"answer_start": 0, "text": "Peyton Manning"}], "id": "56d9a0eadc89441400fdb63e", "question": "\u0130ki tak\u0131m\u0131 birden \u00e7ok Super Bowl'a g\u00f6t\u00fcren ilk kilit oyuncu kimdir?"}, {"answers": [{"answer_start": 116, "text": "39"}], "id": "56d9a0eadc89441400fdb63f", "question": "Manning Super Bowl 50'de oynad\u0131\u011f\u0131 zaman ka\u00e7 ya\u015f\u0131ndayd\u0131?"}, {"answers": [{"answer_start": 336, "text": "John Elway"}], "id": "56d9a0eadc89441400fdb640", "question": "Super Bowl XXXIII'te 38 ya\u015f\u0131nda olan kilit oyuncunun ad\u0131 nedir?"}]}, {"context": "Akademi \u00d6d\u00fcl\u00fc kazanan\u0131 Marlee Matlin Amerikan \u0130\u015faret Dili(ASL) \u00e7evirisini yaparken alt\u0131 kez Grammy kazanan ve Akademi \u00d6d\u00fcl\u00fc aday\u0131 Lady Gaga ulusal mar\u015f\u0131 s\u00f6ylemi\u015ftir. ", "qas": [{"answers": [{"answer_start": 83, "text": "alt\u0131"}], "id": "56bec6ac3aeaaa14008c93fd", "question": "Lady Gaga ka\u00e7 Grammy kazanm\u0131\u015ft\u0131r?"}, {"answers": [{"answer_start": 140, "text": "ulusal mar\u015f\u0131"}], "id": "56bec6ac3aeaaa14008c93fe", "question": "Lady Gaga neyi s\u00f6ylemi\u015ftir?"}, {"answers": [{"answer_start": 110, "text": "Akademi \u00d6d\u00fcl\u00fc"}], "id": "56bec6ac3aeaaa14008c93ff", "question": "Marlee Matlin hangi \u00f6d\u00fcl\u00fc kazanm\u0131\u015ft\u0131r?"}, {"answers": [{"answer_start": 140, "text": "ulusal mar\u015f\u0131"}], "id": "56bec6ac3aeaaa14008c9400", "question": "Marlee Matlin neyi \u00e7evirmi\u015ftir?"}, {"answers": [{"answer_start": 37, "text": "Amerikan \u0130\u015faret Dili"}], "id": "56bec6ac3aeaaa14008c9401", "question": "Marlee Matlin ulusal mar\u015f\u0131n hangi dilde \u00e7evirisini yapm\u0131\u015ft\u0131r?"}, {"answers": [{"answer_start": 130, "text": "Lady Gaga"}], "id": "56d20650e7d4791d00902614", "question": "Ulusal mar\u015f\u0131 kim s\u00f6ylemi\u015ftir?"}, {"answers": [{"answer_start": 23, "text": "Marlee Matlin"}], "id": "56d20650e7d4791d00902615", "question": "Hangi sanat\u00e7\u0131 oyun i\u00e7in Amerikan \u0130\u015faret Dili \u00e7evirisi yapm\u0131\u015ft\u0131r?"}, {"answers": [{"answer_start": 130, "text": "Lady Gaga"}], "id": "56d7253b0d65d214001983d4", "question": "Super Bowl 50'de Ulusal Mar\u015f'\u0131 kim yapm\u0131\u015ft\u0131r?"}, {"answers": [{"answer_start": 23, "text": "Marlee Matlin"}], "id": "56d7253b0d65d214001983d5", "question": "Super Bowl 50'de Ulusal Mar\u015f i\u00e7in hangi erkek oyuncu g\u00f6revlendirilmi\u015ftir?"}, {"answers": [{"answer_start": 130, "text": "Lady Gaga"}], "id": "56d9c455dc89441400fdb7c4", "question": "Super Bowl 50 Ulusal Mar\u015f\u0131n\u0131 kim yapm\u0131\u015ft\u0131r?"}, {"answers": [{"answer_start": 83, "text": "alt\u0131"}], "id": "56d9c455dc89441400fdb7c5", "question": "Metin, Lady Gaga'n\u0131n ka\u00e7 Grammy \u00d6d\u00fcl\u00fc ald\u0131\u011f\u0131n\u0131 s\u00f6ylemektedir?"}, {"answers": [{"answer_start": 23, "text": "Marlee Matlin"}], "id": "56d9c455dc89441400fdb7c6", "question": "Super Bowl 50'de Ulusal Mar\u015f\u0131n dili i\u00e7in kim g\u00f6revlendirilmi\u015ftir?"}]}, {"context": "Normal s\u00fcrenin bitimine 4:51 kala Carolina, kendi 24 yard \u00e7izgisinde bir oyun kazand\u0131ran hareketi ger\u00e7ekle\u015ftirme \u015fans\u0131 ile topa sahip oldu ve \u00fc\u00e7\u00fcnc\u00fc ve dokuzuncu ile kar\u015f\u0131la\u015ft\u0131. Bir sonraki oyunda, Miller topu Newton'dan uzakla\u015ft\u0131rd\u0131 ve birka\u00e7 oyuncunun dalmas\u0131ndan sonra geriye do\u011fru uzun bir s\u0131\u00e7rama ald\u0131 ve Panthers'lerin 4. yard \u00e7izgisine geri g\u00f6nderen Ward taraf\u0131ndan 5 yarda geri g\u00f6nderildi. Her ne kadar birka\u00e7 oyuncu kurtarmaya \u00e7al\u0131\u015fmak i\u00e7in toplulu\u011fa dalsa da, Newton bunu yapmad\u0131 ve sald\u0131rganl\u0131k eksikli\u011fi daha sonra ona a\u011f\u0131r ele\u015ftiriler getirdi. Bu arada, Denver'\u0131n savunmas\u0131 \u00fc\u00e7 oyun i\u00e7in biti\u015f b\u00f6lgesinden uzak tutuldu ancak k\u00f6\u015fe vuru\u015funda bir penalt\u0131y\u0131 tutarak Josh Norman, Broncos'a yeni bir tak\u0131m yenilgiler tatt\u0131rd\u0131. Ard\u0131ndan Anderson 2 metrelik bir kale \u00e7izgisini ge\u00e7i\u015f ko\u015fusunda att\u0131 ve Manning 2 puanl\u0131k bir d\u00f6n\u00fc\u015f\u00fcm i\u00e7in Bennie Fowler'a pas att\u0131 ve Denver'\u0131 3:08 zaman kala 24-10 \u00f6ne ge\u00e7irdi ve asl\u0131nda oyunun hakk\u0131nda geldi. Carolina'n\u0131n iki hamlesi daha vard\u0131 ancak her birinde ilk yenmesini almada ba\u015far\u0131s\u0131z oldu.", "qas": [{"answers": [{"answer_start": 50, "text": "24"}], "id": "56beca913aeaaa14008c946d", "question": "Caroline, bitime 4:51 kala hangi yard \u00e7izgisi \u00fczerinde ba\u015flam\u0131\u015ft\u0131r?"}, {"answers": [{"answer_start": 210, "text": "Newton"}], "id": "56beca913aeaaa14008c946e", "question": "3. ve 9. \u00fczerinde kim topu d\u00fc\u015f\u00fcrm\u00fc\u015ft\u00fcr?"}, {"answers": [{"answer_start": 674, "text": "Josh Norman"}], "id": "56beca913aeaaa14008c946f", "question": "Hangi Panther savunmac\u0131s\u0131 \u00fc\u00e7\u00fcnc\u00fc yenilgilerinin sebebi olarak bilinir?"}, {"answers": [{"answer_start": 742, "text": "Anderson"}], "id": "56beca913aeaaa14008c9470", "question": "Hangi oyuncu 2 \u00fczerinde topa vuru\u015f yapm\u0131\u015ft\u0131r?"}, {"answers": [{"answer_start": 840, "text": "Bennie Fowler"}], "id": "56beca913aeaaa14008c9471", "question": "Ba\u015far\u0131l\u0131 2 nokta d\u00f6n\u00fc\u015f\u00fcm\u00fcn\u00fcn al\u0131c\u0131s\u0131 kimdir?"}, {"answers": [{"answer_start": 198, "text": "Miller"}], "id": "56d726b60d65d214001983ea", "question": "Newton'dan topu 3. ve dokuza uzakla\u015ft\u0131rd\u0131?"}, {"answers": [{"answer_start": 357, "text": "Ward"}], "id": "56d726b60d65d214001983eb", "question": "Uzakla\u015fan topu kim kurtard\u0131?"}, {"answers": [{"answer_start": 210, "text": "Newton"}], "id": "56d726b60d65d214001983ec", "question": "Hangi futbolcu topu kurtarmak i\u00e7in toplulu\u011fa atlamamakla ele\u015ftirilmektedir?"}, {"answers": [{"answer_start": 674, "text": "Josh Norman"}], "id": "56d726b60d65d214001983ed", "question": "Broncos'a yeni bir dizi yenilgiler veren penalt\u0131y\u0131 hangi Panthers oyuncusu edinmi\u015ftir?"}, {"answers": [{"answer_start": 877, "text": "3:08"}], "id": "56d726b60d65d214001983ee", "question": "Denver skoru 24-10'a getirdi\u011finde oyunda ne kadar s\u00fcre kalm\u0131\u015ft\u0131?"}, {"answers": [{"answer_start": 24, "text": "4:51"}], "id": "56d9cb47dc89441400fdb832", "question": "Caroline d\u00f6rd\u00fcnc\u00fc \u00e7eyrekteki kendilerinin 24 yard \u00e7izgisinde topu edindi\u011finde saatteki s\u00fcre neydi?"}, {"answers": [{"answer_start": 198, "text": "Miller"}], "id": "56d9cb47dc89441400fdb833", "question": "D\u00f6rd\u00fcnc\u00fc \u00e7eyre\u011fin sonunda Newton'dan topu uzakla\u015ft\u0131ran oyuncunun soyad\u0131 nedir?"}, {"answers": [{"answer_start": 357, "text": "Ward"}], "id": "56d9cb47dc89441400fdb834", "question": "D\u00f6rd\u00fcnc\u00fc \u00e7eyrekte Newton'un kaybetti\u011fi topu sonunda kurtaran oyuncunun soyad\u0131 nedir?"}, {"answers": [{"answer_start": 587, "text": "\u00fc\u00e7"}], "id": "56d9cb47dc89441400fdb835", "question": "Denver, Newton'dan ald\u0131ktan sonra topu ka\u00e7 oyun biti\u015f alan\u0131n\u0131n d\u0131\u015f\u0131na tutmu\u015ftur?"}, {"answers": [{"answer_start": 742, "text": "Anderson"}], "id": "56d9cb47dc89441400fdb836", "question": "D\u00f6rd\u00fcnc\u00fc \u00e7eyrekte 2 yard kale \u00e7izgisini ge\u00e7i\u015f skoru yapan oyuncunun soyad\u0131 nedir?"}]}], "title": "Super_Bowl_50"}, {"paragraphs": [{"context": "Yak\u0131nlarda, Ogr\u00f3d Saski'de (Sakson Bah\u00e7esi), Yaz Tiyatrosu 1870'ten 1939'a kadar i\u015fletiliyordu ve sava\u015flar aras\u0131 d\u00f6nemde tiyatro kompleksi, Var\u015fova'n\u0131n ilk edebi kabaresi Momus ve Leon Schiller'in m\u00fczik tiyatrosu Melodram'\u0131 da i\u00e7eriyordu. Wojciech Bogus\u0142awski Tiyatrosu (1922\u201326), \"Polonya an\u0131tsal tiyatrosunun\" en iyi \u00f6rne\u011fiydi. 1930'lar\u0131n ortalar\u0131ndan itibaren B\u00fcy\u00fck Tiyatro binas\u0131, oyunculuk departman\u0131 ve sahne y\u00f6netmenli\u011fi departman\u0131 ile devletin ilk y\u00f6netti\u011fi dramatik sanat akademisi olan Upati Dramatik Sanatlar Enstit\u00fcs\u00fc'n\u00fc bar\u0131nd\u0131rd\u0131.", "qas": [{"answers": [{"answer_start": 12, "text": "Ogr\u00f3d Saski"}], "id": "57339c16d058e614000b5ec5", "question": "Sakson Bah\u00e7esi Leh\u00e7e'de nedir?"}, {"answers": [{"answer_start": 28, "text": "Sakson Bah\u00e7esi"}], "id": "57339c16d058e614000b5ec6", "question": "Yaz Tiyatrosu nerede bulunmaktad\u0131r?"}, {"answers": [{"answer_start": 59, "text": "1870'ten 1939"}], "id": "57339c16d058e614000b5ec7", "question": "Yaz Tiyatrosu ne kadar s\u00fcre i\u015fletilmi\u015ftir?"}, {"answers": [{"answer_start": 171, "text": "Momus"}], "id": "57339c16d058e614000b5ec8", "question": "Var\u015fova'n\u0131n ilk edebi kabaresi nedir?"}, {"answers": [{"answer_start": 239, "text": "Wojciech Bogus\u0142awski Tiyatrosu"}], "id": "57339c16d058e614000b5ec9", "question": "\"Polonya an\u0131tsal tiyatrosunun\" en iyi \u00f6rne\u011fi nedir?"}]}, {"context": "Yerel rakipleri Polonya Var\u015fova, daha az destek\u00e7iye sahip ancak 2000 y\u0131l\u0131nda Ekstraklasa \u015eampiyonas\u0131n\u0131 kazanmay\u0131 ba\u015fard\u0131lar. Ayr\u0131ca 1946'da \u00fclke \u015fampiyonlu\u011funu kazand\u0131 ve ayr\u0131ca kupay\u0131 iki kez kazand\u0131. Polonya'n\u0131n sahas\u0131 Konwiktorska Caddesi'nde, Eski Kent'e 10 dakikal\u0131k y\u00fcr\u00fcme mesafesinde yer almaktad\u0131r. Polonya, feci finansal durumlar\u0131 nedeniyle \u00fclkenin en \u00fcst liginden 2013'te \u00e7ekildi. \u015eu anda Ulusal - Polonya Futbol Federasyonu (PZPN) yap\u0131s\u0131ndaki en alt profesyonel lig olan 4. ligde (Polonya'da 5. seviye) oynuyorlar.", "qas": [{"answers": [{"answer_start": 16, "text": "Polonya Var\u015fova"}], "id": "5733a32bd058e614000b5f32", "question": "2000 y\u0131l\u0131nda Ekstraklasa \u015eampiyonas\u0131'n\u0131 kim kazanm\u0131\u015ft\u0131r?"}, {"answers": [{"answer_start": 132, "text": "1946"}], "id": "5733a32bd058e614000b5f33", "question": "Polonya Var\u015fova, 2000'den \u00f6nce \u00fclke \u015fampiyonlu\u011funu ne zaman kazanm\u0131\u015ft\u0131r?"}, {"answers": [{"answer_start": 185, "text": "iki kez"}], "id": "5733a32bd058e614000b5f34", "question": "Polonya kupay\u0131 ka\u00e7 kez kazanm\u0131\u015ft\u0131r?"}, {"answers": [{"answer_start": 221, "text": "Konwiktorska Caddesi"}], "id": "5733a32bd058e614000b5f35", "question": "Polonya'n\u0131n sahas\u0131 nerede bulunmaktad\u0131r?"}, {"answers": [{"answer_start": 316, "text": "feci finansal durumlar\u0131"}], "id": "5733a32bd058e614000b5f36", "question": "Polonya 2013 y\u0131l\u0131nda \u00fclkenin en \u00fcst liginden neden k\u00fcme d\u00fc\u015f\u00fcr\u00fclm\u00fc\u015ft\u00fcr?"}]}, {"context": "Varl\u0131\u011f\u0131 s\u00fcresince Var\u015fova \u00e7ok k\u00fclt\u00fcrl\u00fc bir \u015fehir olmu\u015ftur. 1901 n\u00fcfus say\u0131m\u0131na g\u00f6re, 711.988 say\u0131daki n\u00fcfusun % 56,2'si Katolikler, % 35,7'si Yahudi, % 5'i Yunan Ortodoks H\u0131ristiyanlar\u0131 ve %2,8'i Protestanlard\u0131. Sekiz y\u0131l sonra 1909 y\u0131l\u0131nda 281.754 Yahudi (% 36,9), 18.189 Protestan (% 2,4) ve 2.818 Mariavite (% 0,4) vard\u0131. Bu, \u015fehrin her yerinde y\u00fczlerce dini ibadet yeri in\u015fa edilmesine yol a\u00e7t\u0131. 1944'teki Var\u015fova \u0130syan\u0131 sonras\u0131nda \u00e7o\u011fu tahrip edildi. Sava\u015ftan sonra, Polonya'n\u0131n yeni kom\u00fcnist otoriteleri kilise in\u015fas\u0131n\u0131 cayd\u0131rd\u0131 ve sadece k\u00fc\u00e7\u00fck bir say\u0131da yeniden in\u015fa edildi.", "qas": [{"answers": [{"answer_start": 26, "text": "\u00e7ok k\u00fclt\u00fcrl\u00fc"}], "id": "57338007d058e614000b5bda", "question": "Var\u015fova, bir \u015fehir oldu\u011fundan beri ne t\u00fcr bir \u015fehir olmu\u015ftur?"}, {"answers": [{"answer_start": 85, "text": "711.988"}], "id": "57338007d058e614000b5bdb", "question": "1901 y\u0131l\u0131nda Var\u015fova'n\u0131n n\u00fcfusu ne kadard\u0131r?"}, {"answers": [{"answer_start": 110, "text": "% 56,2"}], "id": "57338007d058e614000b5bdc", "question": "Var\u015fova'n\u0131n 1901 y\u0131l\u0131ndaki n\u00fcfusunun y\u00fczde ka\u00e7\u0131 Katoliktir?"}, {"answers": [{"answer_start": 189, "text": "%2,8"}], "id": "57338007d058e614000b5bdd", "question": "Var\u015fova'n\u0131n 1901 y\u0131l\u0131ndaki n\u00fcfusunun y\u00fczde ka\u00e7\u0131 Protestand\u0131r?"}, {"answers": [{"answer_start": 400, "text": "1944"}], "id": "57338007d058e614000b5bde", "question": "Var\u015fova'daki dini ibadet yerlerinin bir\u00e7o\u011fu ne zaman tahrip edilmi\u015ftir?"}]}, {"context": "Polonya'daki b\u00f6lgesel ayr\u0131lma temel birimi bir kom\u00fcnd\u00fcr  (gmina). Bir \u015fehir ayn\u0131 zamanda bir kom\u00fcnd\u00fcr - ancak kent t\u00fcz\u00fc\u011f\u00fc ile. Hem \u015fehirler hem de kom\u00fcnler bir belediye ba\u015fkan\u0131 taraf\u0131ndan y\u00f6netilmektedir - ancak kom\u00fcnlerde belediye ba\u015fkan\u0131 vogt'tur (Leh\u00e7e'de w\u00f3jt), ancak \u015fehirlerde - burmistrz'dir. Baz\u0131 daha b\u00fcy\u00fck \u015fehirler, b\u00f6lgedeki b\u00f6l\u00fcnmenin ikinci seviyesindeki birimler taraf\u0131ndan sahip olunan g\u00f6rev ve ayr\u0131cal\u0131klar gibi yetkileri elde ederler - il\u00e7eler veya powiat'lar. Bu yetkilere \u00f6rnek olarak bir otomobil tescili verilebilir: bir gmina otomobilleri kaydedemez, bu bir powiat'\u0131n g\u00f6revidir (yani bir kay\u0131t numaras\u0131, bir araban\u0131n gmina'ya de\u011fil, hangi powiat'a kaydedilmi\u015f oldu\u011funa ba\u011fl\u0131d\u0131r). Bu durumda biz \u015fehir, il\u00e7e veya powiat grodzki hakk\u0131nda konu\u015fuyoruz. Bu \u015fehirler \u00f6rne\u011fin Lublin, Krakov, Gdansk, Poznan'd\u0131r. Var\u015fova'da, il\u00e7elerinde ek olarak baz\u0131 powiat'lar\u0131n yetkileri bulunmaktad\u0131r - daha \u00f6nce belirtilen araba kayd\u0131 gibi. \u00d6rne\u011fin, Wola il\u00e7esinin kendi kan\u0131t\u0131 vard\u0131r ve Ursyn\u00f3w b\u00f6lgesi- kendi (ve Wola'n\u0131n otomobillerinin Ursyn\u00f3w\u2019unkinden ba\u015fka bir kay\u0131t numaras\u0131) vard\u0131r. Ancak, \u00f6rne\u011fin Krak\u00f3w'daki il\u00e7elerde powiat haklar\u0131 yoktur, bu nedenle Krak\u00f3w'daki kay\u0131t numaralar\u0131 t\u00fcm il\u00e7elerde ayn\u0131 tiptedir.", "qas": [{"answers": [{"answer_start": 47, "text": "kom\u00fcnd\u00fcr"}], "id": "573380e0d058e614000b5be9", "question": "Polonya'daki b\u00f6lgesel ayr\u0131mlardaki temel y\u00f6netim nedir?"}, {"answers": [{"answer_start": 453, "text": "il\u00e7eler veya powiat"}], "id": "573380e0d058e614000b5bea", "question": "Polonya'daki b\u00f6lgesel ayr\u0131mlardaki ikinci seviye nedir?"}, {"answers": [{"answer_start": 1109, "text": "Krak\u00f3w"}], "id": "573380e0d058e614000b5beb", "question": "Hangi b\u00f6lgelerde arabalar i\u00e7in kay\u0131t numaralar\u0131n\u0131n hepsi ayn\u0131 tiptir?"}]}, {"context": "Var\u015fova'n\u0131n ilk borsas\u0131 1817'de kuruldu ve II. D\u00fcnya Sava\u015f\u0131'na kadar ticaretine devam etti. Sava\u015f sonras\u0131 \u00fclkedeki kom\u00fcnist kontrol\u00fcn\u00fcn sona ermesinin ve serbest piyasa ekonomisinin yeniden ba\u015flat\u0131lmas\u0131n\u0131n ard\u0131ndan 1991 Nisan ay\u0131nda yeniden kuruldu. Bug\u00fcn Var\u015fova Menkul K\u0131ymetler Borsas\u0131 (WSE), bir\u00e7ok g\u00f6stergeye g\u00f6re 374 \u015firketin listede bulundu\u011fu ve 31 A\u011fustos 2009 itibariyle 162.584 milyon Avro tutar\u0131nda toplam i\u015fletme sermayesi bulunan b\u00f6lgedeki en b\u00fcy\u00fck pazard\u0131r. Ne gariptir ki 1991'den 2000'e kadar daha \u00f6nce Polonya Birle\u015fik \u0130\u015f\u00e7i Partisi'nin (PZPR) genel merkezi olarak kullan\u0131lan binada bulunuyordu.", "qas": [{"answers": [{"answer_start": 24, "text": "1817"}], "id": "5733834ed058e614000b5c26", "question": "Var\u015fova'n\u0131n ilk borsas\u0131 ne zaman kurulmu\u015ftur?"}, {"answers": [{"answer_start": 43, "text": "II. D\u00fcnya Sava\u015f\u0131"}], "id": "5733834ed058e614000b5c27", "question": "Var\u015fova borsas\u0131na ne durdurmu\u015ftur?"}, {"answers": [{"answer_start": 215, "text": "1991 Nisan"}], "id": "5733834ed058e614000b5c28", "question": "Var\u015fova borsas\u0131n\u0131n yeniden a\u00e7\u0131lmas\u0131 ne zamand\u0131r?"}, {"answers": [{"answer_start": 319, "text": "374"}], "id": "5733834ed058e614000b5c29", "question": "2009 A\u011fustos ay\u0131nda WSE'de ka\u00e7 tane \u015firket listelenmi\u015ftir?"}, {"answers": [{"answer_start": 519, "text": "Polonya Birle\u015fik \u0130\u015f\u00e7i Partisi"}], "id": "5733834ed058e614000b5c2a", "question": "WSE'nin 2000 y\u0131l\u0131na kadar bulundu\u011fu yer daha \u00f6nce kimin genel merkeziydi?"}]}], "title": "Warsaw"}, {"paragraphs": [{"context": "Rollo'nun geli\u015finden \u00f6nce pop\u00fclasyonlar\u0131 Picardy'den veya \"Franklar\" olarak nitelendirilen \u00cele-de-France'den farkl\u0131 de\u011fildi. Daha \u00f6nceki Viking yerle\u015fimcileri 880'lerde gelmeye ba\u015flam\u0131\u015ft\u0131 ancak do\u011fudaki koloniler (Roumois ve Pays de Caux) aras\u0131nda al\u00e7ak Seine vadisi \u00e7evresinde ve bat\u0131daki Cotentin Yar\u0131madas\u0131'ndaki koloniler aras\u0131nda b\u00f6l\u00fcnd\u00fc ve hemen hemen hi\u00e7bir yabanc\u0131 yerle\u015fimci olmadan n\u00fcfusun ayn\u0131 kald\u0131\u011f\u0131 geleneksel pagii ile ayr\u0131ld\u0131lar.  Normandiya ve Atlantik k\u0131y\u0131lar\u0131n\u0131n bir k\u0131sm\u0131na bask\u0131n d\u00fczenleyen ve yerle\u015fen Rollo'nun muhalifleri Norve\u00e7liler, \u0130skandinav-\u0130sko\u00e7yal\u0131lar, Orkney Vikingler, muhtemelen \u0130sve\u00e7liler ve Norve\u00e7 kontrol\u00fcndeki \u0130ngiliz Danelaw'lardan Anglo Danimarkal\u0131lar\u0131 i\u00e7ermektedir. ", "qas": [{"answers": [{"answer_start": 0, "text": "Rollo"}], "id": "56dde1d966d3e219004dad8d", "question": "Kim geldi\u011finde orijinal viking yerle\u015fimcilerine ortak bir kimlik vermi\u015ftir?"}]}, {"context": "Akdeniz'e ula\u015fmak i\u00e7in en \u00f6nde gelen iki Norman ailesi, Hauteville'den Tancred ve Drengot ailesinin soyundan geliyordu. Bunlardan biri Rainulf Drengot, 1030'da Napoli D\u00fck'\u00fc IV. Sergius'tan G\u00fcney'deki ilk Norman ayak basacak yeri olan Aversa il\u00e7esini ald\u0131. Hauteville ailesi, Salerno Prens'i IV. Guaimar'\u0131n \"Puglia ve Calabria D\u00fckl\u00fc\u011f\u00fc\" ilan etmesiyle soylu derecesini ald\u0131. Hemen se\u00e7tikleri liderleri William Iron Arm'\u0131 Melfi'nin ba\u015fkentindeki say\u0131m \u00fcnvan\u0131yla \u00f6d\u00fcllendirdi. Bundan sonra Drengot ailesi, Capua prensli\u011fini elde etti ve \u0130mparator III. Henry, Hauteville lideri Drogo'yu yasal olarak 1047\u2019de \"dux et magister Italiae comesque Normannorum totius Apuliae et Calabriae\" olarak asillendirmi\u015ftir. (\"\u0130talya'n\u0131n D\u00fck\u00fc ve Beyi ve t\u00fcm Puglia ve Calabria Normanlar\u0131n\u0131n Kontu\")", "qas": [{"answers": [{"answer_start": 573, "text": "Drogo"}], "id": "56de0daecffd8e1900b4b595", "question": "III. Henry taraf\u0131ndan asillendirilmi\u015f liderin ad\u0131 nedir?"}, {"answers": [{"answer_start": 400, "text": "William Iron Arm"}], "id": "56de0daecffd8e1900b4b596", "question": "Melfi Kontu kimdi?"}]}, {"context": "Normanlar \u0130talya'ya girmeye ba\u015flad\u0131ktan k\u0131sa bir s\u00fcre sonra, Bizans \u0130mparatorlu\u011fu'na ve daha sonra Ermenistan'a girdiler, Pe\u00e7eneklere, Bulgarlara ve \u00f6zellikle Sel\u00e7uklu T\u00fcrkleri'ne kar\u015f\u0131 sava\u015ft\u0131lar. Norman paral\u0131 askerleri ilk \u00f6nce Bizansl\u0131lara kar\u015f\u0131 hareket etmek i\u00e7in Lombardlar taraf\u0131ndan g\u00fcneye gelmeye te\u015fvik edildi fakat k\u0131sa s\u00fcre sonra Sicilya'da Bizans hizmetinde sava\u015ft\u0131lar. 1038\u201340 y\u0131llar\u0131nda George Maniaces'in Sicilya seferinde Varangian ve Lombard birlikleriyle birlikte \u00f6n plana \u00e7\u0131kt\u0131lar. Yunan hizmetindeki Normanlar\u0131n asl\u0131nda Norman \u0130talya'dan gelip gelmedi\u011fi konusunda tart\u0131\u015fmalar var ve \u015fu anda muhtemelen sadece \u00e7ok az\u0131 oradan geldi. Ayr\u0131ca, Bizansl\u0131lar\u0131n dedi\u011fi \u015fekliyle \u201cFranklar\u0131n\u201d ne kadar\u0131n\u0131n di\u011fer Frans\u0131zlar de\u011fil Normanlar oldu\u011fu da bilinmemektedir.", "qas": [{"answers": [{"answer_start": 159, "text": "Sel\u00e7uklu T\u00fcrkleri"}], "id": "56de0f6a4396321400ee257f", "question": "Normanlar\u0131n \u0130talya, Bizans \u0130mparatorlu\u011fu ve Ermenistan'daki ana d\u00fc\u015fman\u0131 kimdi?"}]}, {"context": "Baz\u0131 Normanlar, uzak do\u011fu Anadolu\u2019daki Ermenilere tabi devlet olan Sasaun ve Taron devletlerinin y\u0131k\u0131m\u0131na yard\u0131m etmek i\u00e7in T\u00fcrk Kuvvetlerine kat\u0131ld\u0131lar. Daha sonralar\u0131 Kilikya ve Toros Da\u011flar\u0131'nda daha g\u00fcneyde bulunan Ermeni devleti ile birlikte g\u00f6rev yapt\u0131lar. Oursel ad\u0131nda bir Norman, Suriye'nin kuzeyindeki Yukar\u0131 F\u0131rat vadisine \"Franklar\"\u0131n kuvvetine \u00f6nderlik etti. 1073'ten 1074'e kadar Ermeni general Philaretus Brachamius'un 20.000 askerinin 8.000'i Norman'd\u0131 ve Raimbaud taraf\u0131ndan \u00f6nderlik ediliyordu - daha \u00f6nce Oursel'indi -. Hatta etnik k\u00f6kenlerini kendi kale adlar\u0131na verdiler: \u201cFranklar\u201d anlam\u0131na gelen Afranji. Amalfi ve Antakya ile Bari ve Tarsus aras\u0131ndaki bilinen ticaret, bu \u015fehirlerde Italo-Norman'lar\u0131n varl\u0131\u011f\u0131yla ilgili olabilirken, Amalfi ve Bari \u0130talya'da Norman y\u00f6netimi alt\u0131ndayd\u0131.", "qas": [{"answers": [{"answer_start": 619, "text": "Afranji"}], "id": "56de10b44396321400ee2593", "question": "Norman Kalesi'nin ad\u0131 neydi?"}, {"answers": [{"answer_start": 263, "text": "Oursel"}], "id": "56de10b44396321400ee2594", "question": "Franklar F\u0131rat Havzas\u0131'na girdikleri zaman lider kimdi?"}, {"answers": [{"answer_start": 124, "text": "T\u00fcrk Kuvvetlerine"}], "id": "56de10b44396321400ee2595", "question": "Kim Normanlar\u0131n Anadolu'da birlikte \u00e7al\u0131\u015fmas\u0131n\u0131 sa\u011flam\u0131\u015ft\u0131r?"}]}, {"context": "1402 ve 1405 y\u0131llar\u0131 aras\u0131nda Norman soylusu Jean de Bethencourt ve Poitevine Gadifer de la Salle \u00f6nderli\u011findeki sefer, Afrika'n\u0131n Atlantik k\u0131y\u0131lar\u0131ndaki El Hierro, Fuerteventura ve Lanzarote'nin Kanarya adalar\u0131n\u0131 ele ge\u00e7irdi. Birlikleri Normandiya, Gascony'de topland\u0131 ve daha sonra Kastilya kolonileri taraf\u0131ndan takviye edildi.", "qas": [{"answers": [{"answer_start": 120, "text": "Afrika"}], "id": "56de49564396321400ee277a", "question": "Kanarya Adalar\u0131 k\u0131y\u0131lar\u0131 hangi k\u0131tadad\u0131r?"}]}], "title": "Normans"}, {"paragraphs": [{"context": "Tesla, ba\u015far\u0131lar\u0131 ve \u015fovmenli\u011fi ile \u00fcnl\u00fcyd\u00fc, sonunda pop\u00fcler k\u00fclt\u00fcrde \u00f6rnek te\u015fkil eden bir \"\u00e7\u0131lg\u0131n bilim adam\u0131\" olarak \u00fcn kazand\u0131. Patentleri ona, bir\u00e7o\u011fu \u00e7e\u015fitli derecelerde ba\u015far\u0131l\u0131 olan kendi projelerini finanse etmek i\u00e7in kullanan kayda de\u011fer miktarda para kazand\u0131rd\u0131:121.154. Hayat\u0131n\u0131n \u00e7o\u011funu ve emeklili\u011fi boyunca bir dizi New York otellerinde ya\u015fad\u0131.Tesla, 7 Ocak 1943 tarihinde \u00f6ld\u00fc. \u00c7al\u0131\u015fmalar\u0131, \u00f6l\u00fcm\u00fcnden sonra g\u00f6receli olarak belirsizli\u011fe d\u00fc\u015ft\u00fc, ancak 1960'ta, A\u011f\u0131rl\u0131klar ve \u00d6l\u00e7\u00fcler Hakk\u0131nda Genel Konferans, kendisinin onuruna SI manyetik ak\u0131 yo\u011funlu\u011fu birimini The Tesla olarak adland\u0131rd\u0131. 1990'l\u0131 y\u0131llardan beri Tesla'ya olan ilgide bir canlanma oldu.", "qas": [{"answers": [{"answer_start": 372, "text": "1943"}], "id": "56dfa0d84a1a83140091ebb7", "question": "Tesla hangi y\u0131l \u00f6lm\u00fc\u015ft\u00fcr?"}, {"answers": [{"answer_start": 540, "text": "SI manyetik ak\u0131 yo\u011funlu\u011fu birimini"}], "id": "56dfa0d84a1a83140091ebb8", "question": "Kendisinin onuruna ne \"The Tesla\" olarak adland\u0131r\u0131lm\u0131\u015ft\u0131r?"}, {"answers": [{"answer_start": 330, "text": "New York otellerinde"}], "id": "56dfa0d84a1a83140091ebb9", "question": "Tesla hayat\u0131n\u0131n \u00e7o\u011funda nerede ya\u015fam\u0131\u015ft\u0131r?"}, {"answers": [{"answer_start": 93, "text": "\u00e7\u0131lg\u0131n bilim adam\u0131"}], "id": "56dfa0d84a1a83140091ebba", "question": "Pop\u00fcler k\u00fclt\u00fcrde Tesla'n\u0131n \u00fcn\u00fc nedir?"}, {"answers": [{"answer_start": 132, "text": "Patentleri"}], "id": "56e0bb9f7aa994140058e6cb", "question": "Tesla \u00e7al\u0131\u015fmalar\u0131n\u0131 nas\u0131l finanse etmi\u015ftir?"}, {"answers": [{"answer_start": 372, "text": "1943"}], "id": "56e0bb9f7aa994140058e6cc", "question": "Tesla hangi y\u0131l \u00f6lm\u00fc\u015ft\u00fcr?"}, {"answers": [{"answer_start": 540, "text": "SI manyetik ak\u0131 yo\u011funlu\u011fu birimini"}], "id": "56e0bb9f7aa994140058e6cd", "question": "A\u011f\u0131rl\u0131klar ve \u00d6l\u00e7\u00fcler Hakk\u0131nda Genel Konferans Tesla'dan sonra 1960 y\u0131l\u0131nda neyi adland\u0131rm\u0131\u015ft\u0131r?"}, {"answers": [{"answer_start": 604, "text": "1990'l\u0131"}], "id": "56e0bb9f7aa994140058e6ce", "question": "\u0130nsanlar Tesla'ya tekrar ne zaman ilgi g\u00f6stermeye ba\u015flam\u0131\u015flard\u0131r?"}, {"answers": [{"answer_start": 21, "text": "\u015fovmenli\u011fi"}], "id": "56e0bb9f7aa994140058e6cf", "question": "Bilimsel ba\u015far\u0131lar\u0131 d\u0131\u015f\u0131nda Tesla neyi ile me\u015fhurdur?"}]}, {"context": "Tesla, Edison'un \u015firketinden ayr\u0131ld\u0131ktan sonra, Tesla'n\u0131n ad\u0131na Tesla Elektrik I\u015f\u0131\u011f\u0131 ve \u0130malat ismiyle bir elektrikli ayd\u0131nlatma \u015firketini finanse etmeyi kabul eden Benjamin Vail ve Robert Lane isminde iki i\u015f adam\u0131yla 1886 y\u0131l\u0131nda ortakl\u0131k kurdu. \u015eirket, Tesla taraf\u0131ndan tasarlanan elektrik ark \u0131\u015f\u0131k tabanl\u0131 ayd\u0131nlatma sistemlerini kurdu ve ABD'de Tesla'ya verilen ilk patentler olan dinamo elektrikli makine kom\u00fctat\u00f6rleri i\u00e7in tasar\u0131mlar yapt\u0131.", "qas": [{"answers": [{"answer_start": 165, "text": "Benjamin Vail ve Robert Lane"}], "id": "56dfb5777aa994140058e021", "question": "1886 y\u0131l\u0131nda kim Tesla ile ortakt\u0131?"}, {"answers": [{"answer_start": 64, "text": "Tesla Elektrik I\u015f\u0131\u011f\u0131 ve \u0130malat"}], "id": "56dfb5777aa994140058e022", "question": "Lane ve Vail neyi finanse ettiler?"}, {"answers": [{"answer_start": 255, "text": "Tesla taraf\u0131ndan tasarlanan elektrik ark \u0131\u015f\u0131k tabanl\u0131 ayd\u0131nlatma sistemlerini kurdu"}], "id": "56dfb5777aa994140058e023", "question": "Tesla Elektrik I\u015f\u0131\u011f\u0131 ve \u0130malat ne yapm\u0131\u015ft\u0131r?"}, {"answers": [{"answer_start": 370, "text": "patentler"}], "id": "56dfb5777aa994140058e024", "question": "Tesla \u015firketini ba\u015flatt\u0131\u011f\u0131nda ilk olarak ne yapm\u0131\u015ft\u0131r?"}, {"answers": [{"answer_start": 283, "text": "elektrik ark \u0131\u015f\u0131k tabanl\u0131 ayd\u0131nlatma sistemlerini"}], "id": "56dfb5777aa994140058e025", "question": "Tesla'n\u0131n \u015firketinde ne \u00fcretilmi\u015ftir?"}, {"answers": [{"answer_start": 165, "text": "Benjamin Vail ve Robert Lane"}], "id": "56e0d6cf231d4119001ac420", "question": "Tesla'n\u0131n yeni ortaklar\u0131n\u0131n isimleri nelerdi?"}, {"answers": [{"answer_start": 218, "text": "1886"}], "id": "56e0d6cf231d4119001ac421", "question": "Tesla ile Lane ve Vail aras\u0131ndaki ortakl\u0131k ne zaman v\u00fccut bulmu\u015ftur?"}, {"answers": [{"answer_start": 64, "text": "Tesla Elektrik I\u015f\u0131\u011f\u0131 ve \u0130malat"}], "id": "56e0d6cf231d4119001ac422", "question": "\u0130\u015fadamlar\u0131n\u0131n finanse etti\u011fi \u015firketin ad\u0131 neydi?"}, {"answers": [{"answer_start": 283, "text": "elektrik ark \u0131\u015f\u0131k tabanl\u0131 ayd\u0131nlatma sistemlerini kurdu"}], "id": "56e0d6cf231d4119001ac423", "question": "Tesla Elektrik I\u015f\u0131\u011f\u0131 ve \u0130malat ne yapm\u0131\u015ft\u0131r?"}, {"answers": [{"answer_start": 0, "text": "Tesla"}], "id": "56e0d6cf231d4119001ac424", "question": "Tesla Elektrik I\u015f\u0131\u011f\u0131 ve \u0130malat'\u0131n kurdu\u011fu ayd\u0131nlatma sistemini kim tasarlam\u0131\u015ft\u0131r?"}]}, {"context": "1900 y\u0131l\u0131nda Tesla'ya \u201celektrik enerjisinin iletim sistemi\u201d ve \u201cbir elektrik transmiteri\u201d i\u00e7in patent verildi. Guglielmo Marconi 1901 y\u0131l\u0131nda ilk defa \u00fcnl\u00fc transatlantik radyo yay\u0131nc\u0131l\u0131\u011f\u0131n\u0131 yapt\u0131\u011f\u0131nda Tesla, bu iddiay\u0131 destekleyecek \u00e7ok az \u015fey olmas\u0131na ra\u011fmen, 17 Tesla patentiyle yap\u0131ld\u0131\u011f\u0131n\u0131 belirtti. Bu, Tesla'n\u0131n patentlerinin 1903'te onaylanmas\u0131 ve ard\u0131ndan 1904'te Marconi lehine ters bir karar verilmesiyle radyo \u00fczerinden yap\u0131lan patent sava\u015flar\u0131n\u0131n ba\u015flang\u0131c\u0131yd\u0131. 1943 y\u0131l\u0131nda Amerika Birle\u015fik Devletleri Yarg\u0131tay\u0131'n\u0131n karar\u0131, Tesla, Oliver Lodge ve John Stone'un \u00f6nceki patentlerini geri verdi.  Mahkeme, kararlar\u0131n\u0131n Marconi'nin radyo yay\u0131n\u0131n\u0131 ilk kez elde etme iddias\u0131na hi\u00e7bir etkisi olmad\u0131\u011f\u0131n\u0131, sadece Marconi'nin belirli patentlere y\u00f6nelik iddias\u0131n\u0131n sorgulanabilece\u011fi i\u00e7in ayn\u0131 patentleri ihlal etti\u011fini iddia edemedi\u011fini a\u00e7\u0131klad\u0131 (Y\u00fcksek mahkemenin Tesla'n\u0131n \u00f6nceki patentini a\u00e7\u0131k\u00e7a geri vererek ABD h\u00fck\u00fcmetine kar\u015f\u0131 Marconi \u015eirketi taraf\u0131ndan bir D\u00fcnya Sava\u015f\u0131 iddias\u0131n\u0131 h\u00fck\u00fcms\u00fcz k\u0131lmaya \u00e7al\u0131\u015ft\u0131\u011f\u0131 iddialar\u0131 bulunmaktad\u0131r).", "qas": [{"answers": [{"answer_start": 0, "text": "1900"}], "id": "56e0fc3f7aa994140058e877", "question": "Tesla ne zaman elektrik vericisi patentini alm\u0131\u015ft\u0131r?"}, {"answers": [{"answer_start": 111, "text": "Guglielmo Marconi"}], "id": "56e0fc3f7aa994140058e878", "question": "Atlantik'in kar\u015f\u0131s\u0131na radyo dalgalar\u0131n\u0131 ilk kim g\u00f6ndermi\u015ftir?"}, {"answers": [{"answer_start": 129, "text": "1901"}], "id": "56e0fc3f7aa994140058e879", "question": "Marconi'nin radyo g\u00f6sterisi ne zamand\u0131?"}, {"answers": [{"answer_start": 473, "text": "1943"}], "id": "56e0fc3f7aa994140058e87a", "question": "Tesla'n\u0131n patentleri ne zaman geri verilmi\u015ftir?"}, {"answers": [{"answer_start": 486, "text": "Amerika Birle\u015fik Devletleri Yarg\u0131tay\u0131"}], "id": "56e0fc3f7aa994140058e87b", "question": "Tesla'n\u0131n patentlerini geri verme karar\u0131 ne taraf\u0131ndan verilmi\u015ftir?"}]}, {"context": "Bu s\u00f6ylentilerden sonraki y\u0131llarda ne Tesla ne de Edison \u00f6d\u00fcl\u00fc kazand\u0131 (Ger\u00e7i Edison 1915 y\u0131l\u0131nda 38 oydan birini ve Tesla 1937 y\u0131l\u0131nda 38 oydan birini ald\u0131.)", "qas": [{"answers": [{"answer_start": 98, "text": "38"}], "id": "56e10aa5cd28a01900c674b3", "question": "1915 y\u0131l\u0131nda \u00f6d\u00fcl i\u00e7in ne kadar olas\u0131 oy vard\u0131?"}, {"answers": [{"answer_start": 50, "text": "Edison"}], "id": "56e10aa5cd28a01900c674b4", "question": "1915 y\u0131l\u0131nda kim bir oy alm\u0131\u015ft\u0131r?"}, {"answers": [{"answer_start": 123, "text": "1937"}], "id": "56e10aa5cd28a01900c674b5", "question": "Tesla hangi y\u0131l Nobel \u00d6d\u00fcl\u00fc i\u00e7in bir oy alm\u0131\u015ft\u0131r?"}]}, {"context": "Ancak yapt\u0131\u011f\u0131 di\u011fer a\u00e7\u0131klamalardan dolay\u0131 dini g\u00f6r\u00fc\u015fleri belirsizli\u011fini koruyor. \u00d6rne\u011fin, 1937'de yay\u0131nlanan \"Sava\u015f\u0131 Bitirecek Bir Makine\" adl\u0131 makalesinde Tesla \u015funlar\u0131 belirtti:", "qas": [{"answers": [{"answer_start": 109, "text": "\"Sava\u015f\u0131 Bitirecek Bir Makine\""}], "id": "56e1254ae3433e1400422c66", "question": "1937 y\u0131l\u0131nda hangi makale yay\u0131nlanm\u0131\u015ft\u0131r?"}, {"answers": [{"answer_start": 57, "text": "belirsizli\u011fini"}], "id": "56e1254ae3433e1400422c67", "question": "Belirli a\u00e7\u0131klamalar\u0131ndan dolay\u0131 dini g\u00f6r\u00fc\u015flerinda inan\u0131lan durum neydi?"}, {"answers": [{"answer_start": 110, "text": "Sava\u015f\u0131"}], "id": "56e1254ae3433e1400422c68", "question": "Bu makalenin ba\u015fl\u0131\u011f\u0131nda makine neyi durdurmay\u0131 ummaktad\u0131r?"}]}], "title": "Nikola_Tesla"}, {"paragraphs": [{"context": "Hesaplamal\u0131 karma\u015f\u0131kl\u0131k teorisi, hesaplama problemlerini kendi zorluklar\u0131na g\u00f6re s\u0131n\u0131fland\u0131rmaya ve bu s\u0131n\u0131flar\u0131 birbirleriyle ili\u015fkilendirmeye odaklanan teorik bilgisayar bilimlerinde hesaplama teorisinin bir dal\u0131d\u0131r. Hesaplamal\u0131 bir problemin, bir algoritma gibi matematiksel ad\u0131mlar\u0131n mekanik uygulamalar taraf\u0131ndan \u00e7\u00f6z\u00fclebilece\u011fini saptamaya e\u015fde\u011fer bir bilgisayar taraf\u0131ndan problemin \u00e7\u00f6z\u00fclmeye elveri\u015fli bir g\u00f6rev oldu\u011fu anla\u015f\u0131lmaktad\u0131r.", "qas": [{"answers": [{"answer_start": 0, "text": "Hesaplamal\u0131 karma\u015f\u0131kl\u0131k teorisi"}], "id": "56e16182e3433e1400422e28", "question": "Teorik bilgisayar biliminin hangi dal\u0131, hesaplama problemlerini zorluklar\u0131na ve ili\u015fki s\u0131n\u0131flar\u0131na g\u00f6re s\u0131n\u0131fland\u0131rabilir?"}, {"answers": [{"answer_start": 57, "text": "kendi zorluklar\u0131na"}], "id": "56e16182e3433e1400422e29", "question": "Hesaplamal\u0131 problemler hangi ana niteliklere g\u00f6re hesaplamal\u0131 karma\u015f\u0131kl\u0131k teorisi kullan\u0131larak s\u0131n\u0131fland\u0131r\u0131l\u0131r?"}, {"answers": [{"answer_start": 33, "text": "hesaplama problemlerini"}], "id": "56e16182e3433e1400422e2a", "question": "Genellikle bir bilgisayar taraf\u0131ndan \u00e7\u00f6z\u00fclmesine katk\u0131da bulunan g\u00f6revin terimi nedir?"}]}, {"context": "Hesaplamal\u0131 problemler g\u00f6z \u00f6n\u00fcne al\u0131nd\u0131\u011f\u0131nda, bir problem \u00f6rne\u011fi bir alfabe \u00fczerindeki bir dizidir. Genellikle, alfabe ikili alfabe olarak al\u0131n\u0131r (yani, {0,1} k\u00fcmesi) ve b\u00f6ylece diziler bit dizisi olur. Ger\u00e7ek d\u00fcnyadaki bir bilgisayarda oldu\u011fu gibi, bit dizileri d\u0131\u015f\u0131ndaki matematiksel nesnelerin uygun \u015fekilde kodlanmas\u0131 gerekir. \u00d6rne\u011fin, tam say\u0131lar ikili d\u00fczen g\u00f6sterimiyle g\u00f6sterilebilir ve grafikler do\u011frudan biti\u015fiklik matrisleriyle veya biti\u015fiklik listelerini ikili olarak kodlayarak kodlanabilir.", "qas": [{"answers": [{"answer_start": 50, "text": "problem \u00f6rne\u011fi"}], "id": "56e181d9e3433e1400422fa0", "question": "Hesaplamal\u0131 bir problemde, bir alfabe \u00fczerindeki bir dizi olarak ne tan\u0131mlanabilir?"}, {"answers": [{"answer_start": 119, "text": "ikili"}], "id": "56e181d9e3433e1400422fa1", "question": "Bir problem \u00f6rne\u011finde en s\u0131k kullan\u0131lan alfabenin ad\u0131 nedir?"}, {"answers": [{"answer_start": 186, "text": "bit dizisi"}], "id": "56e181d9e3433e1400422fa2", "question": "Bir problem \u00f6rne\u011fi dizisi i\u00e7in ba\u015fka bir terim nedir?"}, {"answers": [{"answer_start": 352, "text": "ikili d\u00fczen g\u00f6sterimiyle"}], "id": "56e181d9e3433e1400422fa3", "question": "Matematiksel nesnelerin kodlanmas\u0131nda, tamsay\u0131lar\u0131n s\u0131k\u00e7a ifade edilme \u015fekli nedir?"}, {"answers": [{"answer_start": 414, "text": "biti\u015fiklik matrisleriyle"}], "id": "56e181d9e3433e1400422fa4", "question": "Grafiklerin kodlanabilmesinin tek yolu nedir?"}]}, {"context": "Fonksiyon problemleri kavram\u0131n\u0131n karar problemleri kavram\u0131ndan daha zengin oldu\u011funu d\u00fc\u015f\u00fcnmek caziptir. Ancak, durum ger\u00e7ekte b\u00f6yle de\u011fildir, \u00e7\u00fcnk\u00fc fonksiyon problemleri karar problemi olarak yeniden ortaya \u00e7\u0131kabilir. \u00d6rne\u011fin, iki tamsay\u0131n\u0131n \u00e7arp\u0131m\u0131, a x b = c ili\u015fkisini koruyacak \u015fekilde \u00fc\u00e7l\u00fc k\u00fcmesi(a, b, c) olarak ifade edilebilir. Belirli bir \u00fc\u00e7l\u00fcn\u00fcn bu setin bir \u00fcyesi olup olmad\u0131\u011f\u0131na karar vermek, iki say\u0131n\u0131n \u00e7arp\u0131lmas\u0131 probleminin \u00e7\u00f6z\u00fcm\u00fcne kar\u015f\u0131l\u0131k gelir.", "qas": [{"answers": [{"answer_start": 33, "text": "karar problemleri"}], "id": "56e1a0dccd28a01900c67a2e", "question": "Fonksiyon problemleri tipik olarak nas\u0131l yeniden d\u00fczenlenebilir?"}, {"answers": [{"answer_start": 289, "text": "\u00fc\u00e7l\u00fc k\u00fcmesi"}], "id": "56e1a0dccd28a01900c67a2f", "question": "\u0130ki tamsay\u0131 \u00e7arp\u0131l\u0131rsa ve bir de\u011fer \u00e7\u0131karsa, bu ifade k\u00fcmesi ne olarak adland\u0131r\u0131l\u0131r?"}]}, {"context": "Belirli bir zaman ve alan kullanarak bir problemi \u00e7\u00f6zmenin ne demek oldu\u011funa dair kesin bir tan\u0131m i\u00e7in, deterministik Turing makinesi gibi bir hesaplamal\u0131 model kullan\u0131l\u0131r. Deterministik bir Turing makinesi M'nin x giri\u015finde ihtiya\u00e7 duyulan s\u00fcre, makine durmadan ve cevab\u0131 (\"evet\" veya \"hay\u0131r\") \u00fcretmeden \u00f6nce yapt\u0131\u011f\u0131 toplam durum ge\u00e7i\u015fleri veya ad\u0131m say\u0131lar\u0131d\u0131r . Bir M Turing makinesinin, her bir uzunluk n n giri\u015finde M taraf\u0131ndan istenen s\u00fcrenin en fazla f(n) olmas\u0131 durumunda, f(n) s\u00fcresi i\u00e7erisinde i\u015fledi\u011fi s\u00f6ylenir. Problemi \u00e7\u00f6zen f(n) zaman\u0131nda i\u015fleyen bir Turing makinesi varsa, f(n) zaman\u0131nda bir A karar problemi \u00e7\u00f6z\u00fclebilir. Karma\u015f\u0131kl\u0131k teorisi problemleri zorluklar\u0131na g\u00f6re s\u0131n\u0131fland\u0131rmakla ilgilendi\u011finden, baz\u0131 kriterler temelinde problemler tan\u0131mlanmaktad\u0131r. \u00d6rne\u011fin, deterministik bir Turing makinesi \u00fczerindeki f(n) s\u00fcresi i\u00e7inde \u00e7\u00f6z\u00fclebilen problemler seti DTIME (f(n)) ile ifade edilir.", "qas": [{"answers": [{"answer_start": 325, "text": "durum ge\u00e7i\u015fleri"}], "id": "56e1b62ecd28a01900c67aa3", "question": "Deterministik bir Turing makinesine bir cevap vermek i\u00e7in gerekli olan zaman nedir?"}, {"answers": [{"answer_start": 670, "text": "zorluklar\u0131na"}], "id": "56e1b62ecd28a01900c67aa4", "question": "Karma\u015f\u0131kl\u0131k teorisi, hangi temel \u00f6zelli\u011fe dayanarak problemleri s\u0131n\u0131fland\u0131r\u0131r?"}, {"answers": [{"answer_start": 877, "text": "DTIME (f(n))"}], "id": "56e1b62ecd28a01900c67aa5", "question": "Deterministik bir Turing makinesinde zaman i\u00e7inde \u00e7\u00f6z\u00fclebilen herhangi bir bilinen seriyi tan\u0131mlamak i\u00e7in kullan\u0131lan ifade nedir?"}, {"answers": [{"answer_start": 12, "text": "zaman"}], "id": "56e1b62ecd28a01900c67aa6", "question": "Bir Turing makinesinin herhangi belirli bir problemi \u00e7\u00f6zme yetisinin belirlenmesinde de\u011ferlendirmede \u00f6l\u00e7\u00fclen en kritik kaynak nedir?"}]}, {"context": "Bilinen bir\u00e7ok karma\u015f\u0131kl\u0131k s\u0131n\u0131f\u0131n\u0131n e\u015fit olmad\u0131\u011f\u0131ndan \u015f\u00fcphelenilmektedir, ancak bu kan\u0131tlanmam\u0131\u015ft\u0131r. \u00d6rne\u011fin P \u2286 NP \u2286 PP \u2286 PSPACE, ancak P = PSPACE olabilir. P, NP'ye e\u015fit de\u011filse, P de PSPACE'e e\u015fit de\u011fildir. P ve PSPACE aras\u0131nda RP, BPP, PP, BQP, MA, PH, vb. gibi bilinen bir\u00e7ok karma\u015f\u0131kl\u0131k s\u0131n\u0131f\u0131 oldu\u011fundan, t\u00fcm bu karma\u015f\u0131kl\u0131k s\u0131n\u0131flar\u0131n\u0131 bir s\u0131n\u0131fa daraltmas\u0131 m\u00fcmk\u00fcnd\u00fcr. Bu s\u0131n\u0131flar\u0131n herhangi birinin e\u015fit olmad\u0131\u011f\u0131n\u0131 kan\u0131tlamak, karma\u015f\u0131kl\u0131k teorisinde \u00f6nemli bir at\u0131l\u0131m olacakt\u0131r.", "qas": [{"answers": [{"answer_start": 37, "text": "e\u015fit olmad\u0131\u011f\u0131ndan \u015f\u00fcphelenilmektedir"}], "id": "56e1ee4de3433e1400423210", "question": "Genellikle karma\u015f\u0131kl\u0131k s\u0131n\u0131flar\u0131n\u0131n de\u011ferine atfedilen kan\u0131tlanmam\u0131\u015f varsay\u0131m nedir?"}, {"answers": [{"answer_start": 110, "text": "P \u2286 NP \u2286 PP \u2286 PSPACE"}], "id": "56e1ee4de3433e1400423211", "question": "Karma\u015f\u0131kl\u0131k s\u0131n\u0131flar\u0131n\u0131n \u015f\u00fcpheli e\u015fitsizli\u011fini \u00f6rneklemek i\u00e7in kullan\u0131labilecek bir ifade nedir?"}, {"answers": [{"answer_start": 211, "text": "P ve PSPACE aras\u0131nda"}], "id": "56e1ee4de3433e1400423212", "question": "RP, BPP, PP, BQP, MA ve PH karma\u015f\u0131kl\u0131k s\u0131n\u0131flar\u0131 nerede bulunabilir?"}, {"answers": [{"answer_start": 377, "text": "Bu s\u0131n\u0131flar\u0131n herhangi birinin e\u015fit olmad\u0131\u011f\u0131n\u0131 kan\u0131tlamak"}], "id": "56e1ee4de3433e1400423214", "question": "Karma\u015f\u0131kl\u0131k s\u0131n\u0131flar\u0131 aras\u0131ndaki ve i\u00e7indeki hangi kan\u0131tlar, karma\u015f\u0131kl\u0131k teorisi i\u00e7in teorik bir havzay\u0131 i\u015faret edecektir?"}]}], "title": "Computational_complexity_theory"}]}