[{"id": 1, "qas": [{"a_objects": [], "question": "What color is the clock?", "image_id": 1, "qa_id": 986768, "answer": "Green.", "q_objects": []}, {"a_objects": [], "question": "How many people are there?", "image_id": 1, "qa_id": 986769, "answer": "Two.", "q_objects": []}, {"a_objects": [], "question": "What color is the man's shirt?", "image_id": 1, "qa_id": 986772, "answer": "Red.", "q_objects": []}, {"a_objects": [], "question": "What are the men doing?", "image_id": 1, "qa_id": 986777, "answer": "Interacting.", "q_objects": []}, {"a_objects": [], "question": "Where is the white work truck?", "image_id": 1, "qa_id": 986780, "answer": "Parked on the street.", "q_objects": []}, {"a_objects": [], "question": "What is the guy wearing?", "image_id": 1, "qa_id": 986781, "answer": "A red shirt.", "q_objects": []}, {"a_objects": [], "question": "Where is the black sign?", "image_id": 1, "qa_id": 986782, "answer": "On the front of the building.", "q_objects": []}, {"a_objects": [], "question": "Where is the guy holding a hand?", "image_id": 1, "qa_id": 986783, "answer": "To the man's chin.", "q_objects": []}, {"a_objects": [], "question": "What color is the clock?", "image_id": 1, "qa_id": 986787, "answer": "Green.", "q_objects": []}, {"a_objects": [], "question": "What color shirt is the man wearing?", "image_id": 1, "qa_id": 986788, "answer": "Red.", "q_objects": []}, {"a_objects": [], "question": "What color jacket is the man to the right wearing?", "image_id": 1, "qa_id": 986789, "answer": "Grey.", "q_objects": []}, {"a_objects": [], "question": "How many men are there?", "image_id": 1, "qa_id": 986793, "answer": "Two.", "q_objects": []}, {"a_objects": [], "question": "What color is the building closest to the men?", "image_id": 1, "qa_id": 986794, "answer": "White.", "q_objects": []}, {"a_objects": [], "question": "What color shoes is the man in the grey hoodie wearing?", "image_id": 1, "qa_id": 986795, "answer": "Brown.", "q_objects": []}, {"a_objects": [], "question": "What kind of material is the building closest made of?", "image_id": 1, "qa_id": 986797, "answer": "Brick.", "q_objects": []}, {"a_objects": [], "question": "What is on the man's face wearing the red shirt?", "image_id": 1, "qa_id": 986798, "answer": "Glasses.", "q_objects": []}, {"a_objects": [], "question": "What is the sidewalk made of?", "image_id": 1, "qa_id": 986800, "answer": "Bricks.", "q_objects": []}, {"a_objects": [], "question": "Where are the cars parked?", "image_id": 1, "qa_id": 986801, "answer": "Along the edge of the street.", "q_objects": []}, {"a_objects": [], "question": "What color are the man's pants wearing the red shirt?", "image_id": 1, "qa_id": 986802, "answer": "Black.", "q_objects": []}, {"a_objects": [], "question": "What color is the man's hoodie?", "image_id": 1, "qa_id": 986804, "answer": "Gray.", "q_objects": []}, {"a_objects": [], "question": "What color is the building behind the man in the red shirt?", "image_id": 1, "qa_id": 986805, "answer": "White.", "q_objects": []}, {"a_objects": [], "question": "What color is the truck?", "image_id": 1, "qa_id": 986806, "answer": "White.", "q_objects": []}, {"a_objects": [], "question": "What is the tall building on the left made out of?", "image_id": 1, "qa_id": 986807, "answer": "Bricks.", "q_objects": []}, {"a_objects": [], "question": "Where are the trees?", "image_id": 1, "qa_id": 986808, "answer": "Next to the people.", "q_objects": []}, {"a_objects": [], "question": "What color are the trees?", "image_id": 1, "qa_id": 986809, "answer": "Green.", "q_objects": []}, {"a_objects": [], "question": "What color is the jumper the man is wearing?", "image_id": 1, "qa_id": 986812, "answer": "Grey.", "q_objects": []}, {"a_objects": [], "question": "What is on the tree?", "image_id": 1, "qa_id": 986815, "answer": "Shadows.", "q_objects": []}, {"a_objects": [], "question": "Where is the white vehicle?", "image_id": 1, "qa_id": 986816, "answer": "Parked.", "q_objects": []}, {"a_objects": [], "question": "Where are cars?", "image_id": 1, "qa_id": 986819, "answer": "Parked on side of the street.", "q_objects": []}, {"a_objects": [], "question": "How many people are pictured?", "image_id": 1, "qa_id": 986820, "answer": "Two.", "q_objects": []}, {"a_objects": [], "question": "Where are shadows?", "image_id": 1, "qa_id": 986823, "answer": "On the ground.", "q_objects": []}, {"a_objects": [], "question": "Where are bicycles?", "image_id": 1, "qa_id": 986824, "answer": "In the distance.", "q_objects": []}, {"a_objects": [], "question": "What has no leaves?", "image_id": 1, "qa_id": 986826, "answer": "Trees.", "q_objects": []}, {"a_objects": [], "question": "Who is wearing glasses?", "image_id": 1, "qa_id": 986827, "answer": "Man in red.", "q_objects": []}, {"a_objects": [], "question": "How tall is the clock?", "image_id": 1, "qa_id": 986829, "answer": "Very tall.", "q_objects": []}, {"a_objects": [], "question": "What color are the trees?", "image_id": 1, "qa_id": 986830, "answer": "Green.", "q_objects": []}, {"a_objects": [], "question": "What is the building made of?", "image_id": 1, "qa_id": 986834, "answer": "Bricks.", "q_objects": []}, {"a_objects": [], "question": "What is the weather like?", "image_id": 1, "qa_id": 986836, "answer": "Fair.", "q_objects": []}, {"a_objects": [], "question": "What is in the background?", "image_id": 1, "qa_id": 986837, "answer": "Buildings.", "q_objects": []}, {"a_objects": [], "question": "How is the weather?", "image_id": 1, "qa_id": 986839, "answer": "Fair.", "q_objects": []}, {"a_objects": [], "question": "Where are the trees?", "image_id": 1, "qa_id": 986840, "answer": "Right.", "q_objects": []}, {"a_objects": [], "question": "Where are the men?", "image_id": 1, "qa_id": 986843, "answer": "Sidewalk.", "q_objects": []}, {"a_objects": [], "question": "What is the storefront made of?", "image_id": 1, "qa_id": 986845, "answer": "Bricks.", "q_objects": []}, {"a_objects": [], "question": "What is in the background?", "image_id": 1, "qa_id": 986846, "answer": "Buildings.", "q_objects": []}, {"a_objects": [], "question": "Where are the cars?", "image_id": 1, "qa_id": 986847, "answer": "Along street.", "q_objects": []}, {"a_objects": [], "question": "Where are the trees?", "image_id": 1, "qa_id": 986850, "answer": "Along the road.", "q_objects": []}, {"a_objects": [], "question": "What color shirt does the man in black pants have on?", "image_id": 1, "qa_id": 986851, "answer": "Red.", "q_objects": []}, {"a_objects": [], "question": "What color shoes does the man in red have on?", "image_id": 1, "qa_id": 986852, "answer": "White.", "q_objects": []}, {"a_objects": [], "question": "What color is the truck?", "image_id": 1, "qa_id": 986855, "answer": "White.", "q_objects": []}, {"a_objects": [], "question": "What color is the tree?", "image_id": 1, "qa_id": 986858, "answer": "Green.", "q_objects": []}, {"a_objects": [], "question": "Where is the clock?", "image_id": 1, "qa_id": 986860, "answer": "Background.", "q_objects": []}, {"a_objects": [], "question": "What color is the building?", "image_id": 1, "qa_id": 986862, "answer": "White.", "q_objects": []}, {"a_objects": [], "question": "What are the men doing?", "image_id": 1, "qa_id": 986864, "answer": "Talking.", "q_objects": []}, {"a_objects": [], "question": "How are the cars?", "image_id": 1, "qa_id": 986865, "answer": "Parked.", "q_objects": []}, {"a_objects": [], "question": "What color is the clock?", "image_id": 1, "qa_id": 986869, "answer": "Green.", "q_objects": []}, {"a_objects": [], "question": "How is the car?", "image_id": 1, "qa_id": 986871, "answer": "Parked.", "q_objects": []}, {"a_objects": [], "question": "Where is the sign?", "image_id": 1, "qa_id": 986874, "answer": "On building.", "q_objects": []}, {"a_objects": [], "question": "Where is the construction truck?", "image_id": 1, "qa_id": 986875, "answer": "By curb.", "q_objects": []}, {"a_objects": [], "question": "What color are the sneakers?", "image_id": 1, "qa_id": 986877, "answer": "Red.", "q_objects": []}, {"a_objects": [], "question": "How many men are on the sidewalk?", "image_id": 1, "qa_id": 986880, "answer": "2.", "q_objects": []}, {"a_objects": [], "question": "How many yellow vehicles are there?", "image_id": 1, "qa_id": 986882, "answer": "1.", "q_objects": []}, {"a_objects": [], "question": "Who has on work boots?", "image_id": 1, "qa_id": 986884, "answer": "Man on right.", "q_objects": []}, {"a_objects": [], "question": "What is on the green pole?", "image_id": 1, "qa_id": 986885, "answer": "Clock.", "q_objects": []}, {"a_objects": [], "question": "What is the sidewalk made of?", "image_id": 1, "qa_id": 986887, "answer": "Sidewalk pavers.", "q_objects": []}, {"a_objects": [], "question": "How many are in the picture?", "image_id": 1, "qa_id": 986888, "answer": "2.", "q_objects": []}, {"a_objects": [], "question": "Why is there a clock affixed to the sidewalk?", "image_id": 1, "qa_id": 986889, "answer": "To reveal the time.", "q_objects": []}, {"a_objects": [], "question": "Where is the man with a gray sweatshirt?", "image_id": 1, "qa_id": 986891, "answer": "Standing on the sidewalk.", "q_objects": []}, {"a_objects": [], "question": "When was the white sedan photographed in the foreground?", "image_id": 1, "qa_id": 986892, "answer": "Mid-day.", "q_objects": []}, {"a_objects": [], "question": "Who is standing in front of the street lamp?", "image_id": 1, "qa_id": 986893, "answer": "A man.", "q_objects": []}, {"a_objects": [], "question": "How many men are in the picture?", "image_id": 1, "qa_id": 986894, "answer": "2.", "q_objects": []}, {"a_objects": [], "question": "Why are the men standing on the sidewalk in the photo?", "image_id": 1, "qa_id": 986895, "answer": "Communicating with each other.", "q_objects": []}, {"a_objects": [], "question": "Where are the men communicating in the picture?", "image_id": 1, "qa_id": 986896, "answer": "Outdoor of a building.", "q_objects": []}, {"a_objects": [], "question": "Where are the people standing?", "image_id": 1, "qa_id": 986898, "answer": "On the sidewalk.", "q_objects": []}, {"a_objects": [], "question": "What is behind and to the right of the people talking?", "image_id": 1, "qa_id": 986899, "answer": "A green clock.", "q_objects": []}, {"a_objects": [], "question": "How is the weather?", "image_id": 1, "qa_id": 986901, "answer": "Partly cloudy and cool.", "q_objects": []}, {"a_objects": [], "question": "How many trees do you see?", "image_id": 1, "qa_id": 986904, "answer": "5 trees.", "q_objects": []}, {"a_objects": [], "question": "How many cars are there?", "image_id": 1, "qa_id": 986905, "answer": "8 cars.", "q_objects": []}, {"a_objects": [], "question": "What time of day is it?", "image_id": 1, "qa_id": 986907, "answer": "Mid morning.", "q_objects": []}, {"a_objects": [], "question": "Where is the sign?", "image_id": 1, "qa_id": 986908, "answer": "Left.", "q_objects": []}, {"a_objects": [], "question": "Where are the men standing?", "image_id": 1, "qa_id": 986911, "answer": "Sidewalk.", "q_objects": []}, {"a_objects": [], "question": "What color is the store?", "image_id": 1, "qa_id": 986912, "answer": "White.", "q_objects": []}, {"a_objects": [], "question": "How are the cars?", "image_id": 1, "qa_id": 986913, "answer": "Parked.", "q_objects": []}, {"a_objects": [], "question": "What is the weather like?", "image_id": 1, "qa_id": 986914, "answer": "Fair.", "q_objects": []}, {"a_objects": [], "question": "What material is the building?", "image_id": 1, "qa_id": 986917, "answer": "Brick.", "q_objects": []}, {"a_objects": [], "question": "What color is the man's shirt?", "image_id": 1, "qa_id": 986919, "answer": "Red.", "q_objects": []}, {"a_objects": [], "question": "What is parked on the street?", "image_id": 1, "qa_id": 986922, "answer": "Cars.", "q_objects": []}, {"a_objects": [], "question": "What are the men doing?", "image_id": 1, "qa_id": 986924, "answer": "Talking.", "q_objects": []}, {"a_objects": [], "question": "What color is the right man's hoodie?", "image_id": 1, "qa_id": 986925, "answer": "Grey.", "q_objects": []}, {"a_objects": [], "question": "What time is it?", "image_id": 1, "qa_id": 986928, "answer": "Afternoon.", "q_objects": []}, {"a_objects": [], "question": "What is on a post?", "image_id": 1, "qa_id": 986929, "answer": "A clock.", "q_objects": []}, {"a_objects": [], "question": "What color is the clock?", "image_id": 1, "qa_id": 986930, "answer": "Green.", "q_objects": []}]}, {"id": 2, "qas": [{"a_objects": [], "question": "What color is the car?", "image_id": 2, "qa_id": 986934, "answer": "Red.", "q_objects": []}, {"a_objects": [], "question": "What color are the trees?", "image_id": 2, "qa_id": 986935, "answer": "Green.", "q_objects": []}, {"a_objects": [], "question": "What has lots of glass windows?", "image_id": 2, "qa_id": 986936, "answer": "The building.", "q_objects": []}, {"a_objects": [], "question": "What is the guy doing?", "image_id": 2, "qa_id": 986937, "answer": "Walking.", "q_objects": []}, {"a_objects": [], "question": "What is the man doing?", "image_id": 2, "qa_id": 986938, "answer": "Crossing the street.", "q_objects": []}, {"a_objects": [], "question": "What does the crosswalk sign say?", "image_id": 2, "qa_id": 986939, "answer": "Walk.", "q_objects": []}, {"a_objects": [], "question": "What color is the car closest to the man?", "image_id": 2, "qa_id": 986940, "answer": "Red.", "q_objects": []}, {"a_objects": [], "question": "What is on the man's back?", "image_id": 2, "qa_id": 986941, "answer": "A backpack.", "q_objects": []}, {"a_objects": [], "question": "What color are the lines in the road?", "image_id": 2, "qa_id": 986942, "answer": "White.", "q_objects": []}, {"a_objects": [], "question": "What is the sidewalk made out of?", "image_id": 2, "qa_id": 986943, "answer": "Bricks.", "q_objects": []}, {"a_objects": [], "question": "What color are the man's shoes?", "image_id": 2, "qa_id": 986944, "answer": "Black.", "q_objects": []}, {"a_objects": [], "question": "Where is the man crossing?", "image_id": 2, "qa_id": 986945, "answer": "At the crosswalk.", "q_objects": []}, {"a_objects": [], "question": "What color is the man's hair?", "image_id": 2, "qa_id": 986946, "answer": "Black.", "q_objects": []}, {"a_objects": [], "question": "Where are cars?", "image_id": 2, "qa_id": 986948, "answer": "Parked on the street.", "q_objects": []}, {"a_objects": [], "question": "Who has on black clothing?", "image_id": 2, "qa_id": 986949, "answer": "A man.", "q_objects": []}, {"a_objects": [], "question": "Where are trees?", "image_id": 2, "qa_id": 986950, "answer": "Lining the street.", "q_objects": []}, {"a_objects": [], "question": "Where are posters?", "image_id": 2, "qa_id": 986951, "answer": "On a traffic light.", "q_objects": []}, {"a_objects": [], "question": "Where are many windows?", "image_id": 2, "qa_id": 986952, "answer": "On a building.", "q_objects": []}, {"a_objects": [], "question": "Where are shadows?", "image_id": 2, "qa_id": 986953, "answer": "On the road.", "q_objects": []}, {"a_objects": [], "question": "Who is wearing a backpack?", "image_id": 2, "qa_id": 986954, "answer": "The man.", "q_objects": []}, {"a_objects": [], "question": "Who is about to cross the street?", "image_id": 2, "qa_id": 986955, "answer": "A man.", "q_objects": []}, {"a_objects": [], "question": "Where are trees without leaves?", "image_id": 2, "qa_id": 986956, "answer": "In the distance.", "q_objects": []}, {"a_objects": [], "question": "Who has black hair?", "image_id": 2, "qa_id": 986957, "answer": "A man.", "q_objects": []}, {"a_objects": [], "question": "When in the day is this?", "image_id": 2, "qa_id": 986958, "answer": "Afternoon.", "q_objects": []}, {"a_objects": [], "question": "Who is walking?", "image_id": 2, "qa_id": 986959, "answer": "Young man.", "q_objects": []}, {"a_objects": [], "question": "What color is the man wearing?", "image_id": 2, "qa_id": 986960, "answer": "Black.", "q_objects": []}, {"a_objects": [], "question": "Where is the man?", "image_id": 2, "qa_id": 986961, "answer": "City street.", "q_objects": []}, {"a_objects": [], "question": "What is the white paint there for?", "image_id": 2, "qa_id": 986962, "answer": "Crosswalk.", "q_objects": []}, {"a_objects": [], "question": "What is the man doing?", "image_id": 2, "qa_id": 986964, "answer": "Walking.", "q_objects": []}, {"a_objects": [], "question": "What is the traffic like?", "image_id": 2, "qa_id": 986965, "answer": "No traffic.", "q_objects": []}, {"a_objects": [], "question": "What is the sidewalk made of?", "image_id": 2, "qa_id": 986966, "answer": "Bricks.", "q_objects": []}, {"a_objects": [], "question": "What color is the car?", "image_id": 2, "qa_id": 986967, "answer": "Red.", "q_objects": []}, {"a_objects": [], "question": "How big are the trees?", "image_id": 2, "qa_id": 986968, "answer": "Huge.", "q_objects": []}, {"a_objects": [], "question": "How tall is the man wearing the dark pants?", "image_id": 2, "qa_id": 986970, "answer": "6' 5 1/2\".", "q_objects": []}, {"a_objects": [], "question": "Why aren't the street lights on?", "image_id": 2, "qa_id": 986971, "answer": "It is daytime.", "q_objects": []}, {"a_objects": [], "question": "Why are the shadows on the ground?", "image_id": 2, "qa_id": 986972, "answer": "It is daytime.", "q_objects": []}, {"a_objects": [], "question": "Why are there shadows on the ground?", "image_id": 2, "qa_id": 986973, "answer": "It is daytime.", "q_objects": []}, {"a_objects": [], "question": "Why are there not many people out walking?", "image_id": 2, "qa_id": 986974, "answer": "It is early morning.", "q_objects": []}, {"a_objects": [], "question": "Why is the man crossing the road?", "image_id": 2, "qa_id": 986975, "answer": "To go to work.", "q_objects": []}, {"a_objects": [], "question": "Why does the red car have a license plate?", "image_id": 2, "qa_id": 986976, "answer": "So it doesn't get a citation.", "q_objects": []}, {"a_objects": [], "question": "How many trees are along the left side of the road?", "image_id": 2, "qa_id": 986977, "answer": "Three.", "q_objects": []}, {"a_objects": [], "question": "Where is the red car parked?", "image_id": 2, "qa_id": 986979, "answer": "On the street.", "q_objects": []}, {"a_objects": [], "question": "Why are the street lights off?", "image_id": 2, "qa_id": 986980, "answer": "Because it is daytime.", "q_objects": []}, {"a_objects": [], "question": "What is in the background?", "image_id": 2, "qa_id": 986981, "answer": "Tall building.", "q_objects": []}, {"a_objects": [], "question": "Why are there wide white stripes on the road?", "image_id": 2, "qa_id": 986982, "answer": "Crosswalk.", "q_objects": []}, {"a_objects": [], "question": "How many trees are on the left side next to street?", "image_id": 2, "qa_id": 986983, "answer": "3.", "q_objects": []}, {"a_objects": [], "question": "Why doesn't the man have an umbrella?", "image_id": 2, "qa_id": 986984, "answer": "Sunny day.", "q_objects": []}, {"a_objects": [], "question": "Where was the picture taken?", "image_id": 2, "qa_id": 986985, "answer": "On the street.", "q_objects": []}, {"a_objects": [], "question": "What color pants does the man have on?", "image_id": 2, "qa_id": 986986, "answer": "BLACK.", "q_objects": []}, {"a_objects": [], "question": "Why are there no leaves on the right side group of trees?", "image_id": 2, "qa_id": 986987, "answer": "Winter time.", "q_objects": []}, {"a_objects": [], "question": "Where is this scene?", "image_id": 2, "qa_id": 986988, "answer": "City street.", "q_objects": []}, {"a_objects": [], "question": "What color is the young man wearing?", "image_id": 2, "qa_id": 986990, "answer": "Black.", "q_objects": []}, {"a_objects": [], "question": "What are the white lines there for?", "image_id": 2, "qa_id": 986991, "answer": "Crosswalk.", "q_objects": []}, {"a_objects": [], "question": "What color is the car?", "image_id": 2, "qa_id": 986992, "answer": "Red.", "q_objects": []}, {"a_objects": [], "question": "What is the sidewalk made of?", "image_id": 2, "qa_id": 986993, "answer": "Bricks.", "q_objects": []}, {"a_objects": [], "question": "What is in the background?", "image_id": 2, "qa_id": 986994, "answer": "Building.", "q_objects": []}, {"a_objects": [], "question": "What is on the left?", "image_id": 2, "qa_id": 986995, "answer": "Trees.", "q_objects": []}, {"a_objects": [], "question": "What is on the right?", "image_id": 2, "qa_id": 986997, "answer": "Storefronts.", "q_objects": []}, {"a_objects": [], "question": "Where is the man's backpack?", "image_id": 2, "qa_id": 986998, "answer": "On his back.", "q_objects": []}, {"a_objects": [], "question": "Why isn't the red car moving?", "image_id": 2, "qa_id": 986999, "answer": "It's parked.", "q_objects": []}, {"a_objects": [], "question": "Where are the bricks?", "image_id": 2, "qa_id": 987000, "answer": "On the sidewalk.", "q_objects": []}, {"a_objects": [], "question": "When are the streetlights on?", "image_id": 2, "qa_id": 987001, "answer": "At night.", "q_objects": []}, {"a_objects": [], "question": "Where was this photo taken?", "image_id": 2, "qa_id": 987003, "answer": "At the intersection.", "q_objects": []}, {"a_objects": [], "question": "What is the building to the right made of?", "image_id": 2, "qa_id": 987004, "answer": "Glass.", "q_objects": []}, {"a_objects": [], "question": "Where is the man with the backpack?", "image_id": 2, "qa_id": 987005, "answer": "Crossing the street.", "q_objects": []}, {"a_objects": [], "question": "What is attached to the pole on the corner?", "image_id": 2, "qa_id": 987006, "answer": "Ripped posters.", "q_objects": []}, {"a_objects": [], "question": "What color are the plates on the red car?", "image_id": 2, "qa_id": 987007, "answer": "White.", "q_objects": []}, {"a_objects": [], "question": "What color is the young man wearing?", "image_id": 2, "qa_id": 987008, "answer": "Black.", "q_objects": []}, {"a_objects": [], "question": "What is that type of car?", "image_id": 2, "qa_id": 987009, "answer": "Red compact.", "q_objects": []}, {"a_objects": [], "question": "How many trees have green leaves?", "image_id": 2, "qa_id": 987010, "answer": "Three.", "q_objects": []}, {"a_objects": [], "question": "What has leafless branches?", "image_id": 2, "qa_id": 987012, "answer": "Tree.", "q_objects": []}, {"a_objects": [], "question": "What is parked at the curb?", "image_id": 2, "qa_id": 987013, "answer": "A red car.", "q_objects": []}, {"a_objects": [], "question": "What is the man crossing the street on?", "image_id": 2, "qa_id": 987014, "answer": "Crosswalk.", "q_objects": []}, {"a_objects": [], "question": "What is the man about to do?", "image_id": 2, "qa_id": 987015, "answer": "Cross the street.", "q_objects": []}, {"a_objects": [], "question": "What is parked on the curb?", "image_id": 2, "qa_id": 987016, "answer": "A red car.", "q_objects": []}, {"a_objects": [], "question": "What is next to the road?", "image_id": 2, "qa_id": 987017, "answer": "Trees.", "q_objects": []}, {"a_objects": [], "question": "Where are the shadows?", "image_id": 2, "qa_id": 987019, "answer": "On the road.", "q_objects": []}, {"a_objects": [], "question": "What are the white lines on the road?", "image_id": 2, "qa_id": 987020, "answer": "Street lined.", "q_objects": []}, {"a_objects": [], "question": "What is the box on the pole?", "image_id": 2, "qa_id": 987021, "answer": "Pedestrian crossing.", "q_objects": []}, {"a_objects": [], "question": "Where are the trees?", "image_id": 2, "qa_id": 987022, "answer": "Lining the road.", "q_objects": []}, {"a_objects": [], "question": "What is the white square on the car?", "image_id": 2, "qa_id": 987023, "answer": "License plate.", "q_objects": []}, {"a_objects": [], "question": "What is the sidewalks made of?", "image_id": 2, "qa_id": 987024, "answer": "Red bricks.", "q_objects": []}, {"a_objects": [], "question": "What is the man doing?", "image_id": 2, "qa_id": 987025, "answer": "Crossing the road.", "q_objects": []}, {"a_objects": [], "question": "Why is the tree bare?", "image_id": 2, "qa_id": 987027, "answer": "It is winter.", "q_objects": []}, {"a_objects": [], "question": "What color clothes is the man wearing?", "image_id": 2, "qa_id": 987028, "answer": "Black.", "q_objects": []}, {"a_objects": [], "question": "What color are the bricks on the building?", "image_id": 2, "qa_id": 987029, "answer": "Red.", "q_objects": []}, {"a_objects": [], "question": "What color is the car parked along the street?", "image_id": 2, "qa_id": 987030, "answer": "Red.", "q_objects": []}, {"a_objects": [], "question": "What are planted along the sidewalk?", "image_id": 2, "qa_id": 987031, "answer": "Trees.", "q_objects": []}, {"a_objects": [], "question": "What type of building is in the background?", "image_id": 2, "qa_id": 987033, "answer": "Brick skyscraper.", "q_objects": []}, {"a_objects": [], "question": "What are cast on the ground?", "image_id": 2, "qa_id": 987034, "answer": "Shadows.", "q_objects": []}, {"a_objects": [], "question": "What are the white painted lines going across the street?", "image_id": 2, "qa_id": 987035, "answer": "A crosswalk.", "q_objects": []}, {"a_objects": [], "question": "What color is the car parked in front of the red car?", "image_id": 2, "qa_id": 987037, "answer": "White.", "q_objects": []}, {"a_objects": [], "question": "What lines the street?", "image_id": 2, "qa_id": 987038, "answer": "Trees.", "q_objects": []}, {"a_objects": [], "question": "Who is about to cross the road?", "image_id": 2, "qa_id": 987040, "answer": "A man.", "q_objects": []}, {"a_objects": [], "question": "What color is the car?", "image_id": 2, "qa_id": 987041, "answer": "Red.", "q_objects": []}, {"a_objects": [], "question": "What color are the trees?", "image_id": 2, "qa_id": 987042, "answer": "Green.", "q_objects": []}, {"a_objects": [], "question": "What does the man have?", "image_id": 2, "qa_id": 987043, "answer": "A backpack.", "q_objects": []}, {"a_objects": [], "question": "What is on the pole?", "image_id": 2, "qa_id": 987045, "answer": "Signs.", "q_objects": []}, {"a_objects": [], "question": "Who is casting a shadow?", "image_id": 2, "qa_id": 987046, "answer": "The man.", "q_objects": []}, {"a_objects": [], "question": "What is along the street?", "image_id": 2, "qa_id": 987047, "answer": "Trees.", "q_objects": []}, {"a_objects": [], "question": "What is the man doing?", "image_id": 2, "qa_id": 987048, "answer": "Walking.", "q_objects": []}, {"a_objects": [], "question": "What is in the background?", "image_id": 2, "qa_id": 987049, "answer": "Building.", "q_objects": []}, {"a_objects": [], "question": "What color is the car?", "image_id": 2, "qa_id": 987050, "answer": "Red.", "q_objects": []}, {"a_objects": [], "question": "How is the sidewalk?", "image_id": 2, "qa_id": 987051, "answer": "Brick.", "q_objects": []}, {"a_objects": [], "question": "Why are the white lines there?", "image_id": 2, "qa_id": 987053, "answer": "Crosswalk.", "q_objects": []}, {"a_objects": [], "question": "What is the traffic like?", "image_id": 2, "qa_id": 987054, "answer": "Clear.", "q_objects": []}, {"a_objects": [], "question": "What is on the left?", "image_id": 2, "qa_id": 987056, "answer": "Trees.", "q_objects": []}, {"a_objects": [], "question": "What is the building made of?", "image_id": 2, "qa_id": 987058, "answer": "Brick.", "q_objects": []}, {"a_objects": [], "question": "Where are the trees located?", "image_id": 2, "qa_id": 987059, "answer": "The side of the road.", "q_objects": []}, {"a_objects": [], "question": "How is the weather?", "image_id": 2, "qa_id": 987060, "answer": "Sunny.", "q_objects": []}, {"a_objects": [], "question": "How is the sidewalk made?", "image_id": 2, "qa_id": 987061, "answer": "Of brick.", "q_objects": []}, {"a_objects": [], "question": "What is on the man's back?", "image_id": 2, "qa_id": 987062, "answer": "A backpack.", "q_objects": []}, {"a_objects": [], "question": "What color are the lines on the road?", "image_id": 2, "qa_id": 987063, "answer": "White.", "q_objects": []}, {"a_objects": [], "question": "How many cars are parked?", "image_id": 2, "qa_id": 987064, "answer": "Two.", "q_objects": []}, {"a_objects": [], "question": "What color is the man's jacket?", "image_id": 2, "qa_id": 987065, "answer": "Black.", "q_objects": []}, {"a_objects": [], "question": "What is the man doing?", "image_id": 2, "qa_id": 987067, "answer": "Walking.", "q_objects": []}, {"a_objects": [], "question": "How many trees are seen in the left background of the picture?", "image_id": 2, "qa_id": 987068, "answer": "3.", "q_objects": []}, {"a_objects": [], "question": "Why are there many windows on the building?", "image_id": 2, "qa_id": 987069, "answer": "For people to see.", "q_objects": []}, {"a_objects": [], "question": "What color is the car in the foreground of the photo?", "image_id": 2, "qa_id": 987070, "answer": "Red.", "q_objects": []}, {"a_objects": [], "question": "Where is the man walking?", "image_id": 2, "qa_id": 987071, "answer": "Crosswalk.", "q_objects": []}, {"a_objects": [], "question": "When was the picture taken of the brick paved ground?", "image_id": 2, "qa_id": 987072, "answer": "Early morning.", "q_objects": []}, {"a_objects": [], "question": "Who photographed the many windows on the building?", "image_id": 2, "qa_id": 987073, "answer": "A person.", "q_objects": []}, {"a_objects": [], "question": "How many white markings are seen on the street's crosswalk?", "image_id": 2, "qa_id": 987075, "answer": "2.", "q_objects": []}, {"a_objects": [], "question": "What is the material of the building's window?", "image_id": 2, "qa_id": 987076, "answer": "Glass.", "q_objects": []}, {"a_objects": [], "question": "What is strapped on the man's back?", "image_id": 2, "qa_id": 987077, "answer": "Backpack.", "q_objects": []}, {"a_objects": [], "question": "What color is the brick building?", "image_id": 2, "qa_id": 987078, "answer": "Brown.", "q_objects": []}, {"a_objects": [], "question": "What is casting the long skinny shadow on the ground?", "image_id": 2, "qa_id": 987079, "answer": "The traffic light post.", "q_objects": []}, {"a_objects": [], "question": "How is the sky?", "image_id": 2, "qa_id": 987081, "answer": "Cloudy and sunny.", "q_objects": []}, {"a_objects": [], "question": "Who is crossing the street?", "image_id": 2, "qa_id": 987083, "answer": "A man.", "q_objects": []}, {"a_objects": [], "question": "What color is the car parked by the curb?", "image_id": 2, "qa_id": 987084, "answer": "Red.", "q_objects": []}, {"a_objects": [], "question": "What is the tree missing?", "image_id": 2, "qa_id": 987085, "answer": "Leaves.", "q_objects": []}, {"a_objects": [], "question": "What is man carrying?", "image_id": 2, "qa_id": 987086, "answer": "A backpack.", "q_objects": []}, {"a_objects": [], "question": "What is posted on a pole?", "image_id": 2, "qa_id": 987087, "answer": "Notices.", "q_objects": []}, {"a_objects": [], "question": "What color clothes is the man wearing?", "image_id": 2, "qa_id": 987088, "answer": "Black.", "q_objects": []}, {"a_objects": [], "question": "What is on the man's back?", "image_id": 2, "qa_id": 987089, "answer": "A grey backpack.", "q_objects": []}, {"a_objects": [], "question": "What color shoes does the man have on?", "image_id": 2, "qa_id": 987090, "answer": "Black.", "q_objects": []}, {"a_objects": [], "question": "Whereis the man walking?", "image_id": 2, "qa_id": 987091, "answer": "Onto a crosswalk.", "q_objects": []}, {"a_objects": [], "question": "What color building is in the background?", "image_id": 2, "qa_id": 987092, "answer": "Brick.", "q_objects": []}, {"a_objects": [], "question": "What color is the closest car?", "image_id": 2, "qa_id": 987094, "answer": "Red.", "q_objects": []}, {"a_objects": [], "question": "What color are the lines in the road?", "image_id": 2, "qa_id": 987096, "answer": "White.", "q_objects": []}, {"a_objects": [], "question": "What does the lit up sign say?", "image_id": 2, "qa_id": 987097, "answer": "Walk.", "q_objects": []}, {"a_objects": [], "question": "Where are shadows?", "image_id": 2, "qa_id": 987098, "answer": "On the road.", "q_objects": []}, {"a_objects": [], "question": "Who is wearing black?", "image_id": 2, "qa_id": 987099, "answer": "The man.", "q_objects": []}, {"a_objects": [], "question": "What kind of day is it?", "image_id": 2, "qa_id": 987100, "answer": "Sunny.", "q_objects": []}, {"a_objects": [], "question": "What is green?", "image_id": 2, "qa_id": 987101, "answer": "Trees.", "q_objects": []}, {"a_objects": [], "question": "Who is walking in a crosswalk?", "image_id": 2, "qa_id": 987102, "answer": "A man.", "q_objects": []}, {"a_objects": [], "question": "What is tall?", "image_id": 2, "qa_id": 987104, "answer": "Building.", "q_objects": []}, {"a_objects": [], "question": "What is lining the street?", "image_id": 2, "qa_id": 987106, "answer": "Trees.", "q_objects": []}, {"a_objects": [], "question": "Where are white lines?", "image_id": 2, "qa_id": 987107, "answer": "On street.", "q_objects": []}, {"a_objects": [], "question": "Where are many windows?", "image_id": 2, "qa_id": 987108, "answer": "On a building.", "q_objects": []}, {"a_objects": [], "question": "Who has on a backpack?", "image_id": 2, "qa_id": 987109, "answer": "The man.", "q_objects": []}, {"a_objects": [], "question": "Who is about to cross the street?", "image_id": 2, "qa_id": 987110, "answer": "A man.", "q_objects": []}, {"a_objects": [], "question": "Where are shadows?", "image_id": 2, "qa_id": 987111, "answer": "On the ground.", "q_objects": []}, {"a_objects": [], "question": "Where are white lines?", "image_id": 2, "qa_id": 987112, "answer": "On the street.", "q_objects": []}, {"a_objects": [], "question": "How many people are pictured?", "image_id": 2, "qa_id": 987113, "answer": "One.", "q_objects": []}, {"a_objects": [], "question": "Why is a man walking towards the street?", "image_id": 2, "qa_id": 987114, "answer": "To cross it.", "q_objects": []}, {"a_objects": [], "question": "What is paved with bricks?", "image_id": 2, "qa_id": 987115, "answer": "Sidewalk.", "q_objects": []}, {"a_objects": [], "question": "What does the sign say?", "image_id": 2, "qa_id": 987116, "answer": "\"WALK\".", "q_objects": []}, {"a_objects": [], "question": "Where are cars parked?", "image_id": 2, "qa_id": 987117, "answer": "On side of the street.", "q_objects": []}, {"a_objects": [], "question": "Where is the man?", "image_id": 2, "qa_id": 987118, "answer": "The street.", "q_objects": []}, {"a_objects": [], "question": "What is the sidewalk made of?", "image_id": 2, "qa_id": 987119, "answer": "Bricks.", "q_objects": []}, {"a_objects": [], "question": "What says walk?", "image_id": 2, "qa_id": 987120, "answer": "Street sign.", "q_objects": []}, {"a_objects": [], "question": "How many people are there?", "image_id": 2, "qa_id": 987121, "answer": "One.", "q_objects": []}, {"a_objects": [], "question": "What is the man doing?", "image_id": 2, "qa_id": 987122, "answer": "Crossing the street.", "q_objects": []}, {"a_objects": [], "question": "What is red?", "image_id": 2, "qa_id": 987123, "answer": "The car.", "q_objects": []}]}, {"id": 3, "qas": [{"a_objects": [], "question": "Where is the photo taken?", "image_id": 3, "qa_id": 966135, "answer": "An office.", "q_objects": []}, {"a_objects": [], "question": "Where was this photo taken?", "image_id": 3, "qa_id": 966489, "answer": "In a office.", "q_objects": []}, {"a_objects": [], "question": "What style hair does the woman have?", "image_id": 3, "qa_id": 987124, "answer": "Ponytail.", "q_objects": []}, {"a_objects": [], "question": "What color is the woman's hair?", "image_id": 3, "qa_id": 987125, "answer": "Black.", "q_objects": []}, {"a_objects": [], "question": "What is the woman looking at?", "image_id": 3, "qa_id": 987126, "answer": "The computer.", "q_objects": []}, {"a_objects": [], "question": "What is the woman doing?", "image_id": 3, "qa_id": 987127, "answer": "Sitting down.", "q_objects": []}, {"a_objects": [], "question": "Where is computer tower?", "image_id": 3, "qa_id": 987128, "answer": "Under desk.", "q_objects": []}, {"a_objects": [], "question": "Where is the file cabinet?", "image_id": 3, "qa_id": 987129, "answer": "Next to desk.", "q_objects": []}, {"a_objects": [], "question": "What is the girl doing?", "image_id": 3, "qa_id": 987130, "answer": "Sitting.", "q_objects": []}, {"a_objects": [], "question": "What kind of edge is on desk?", "image_id": 3, "qa_id": 987131, "answer": "Curved.", "q_objects": []}, {"a_objects": [], "question": "Where are the cables?", "image_id": 3, "qa_id": 987133, "answer": "On floor.", "q_objects": []}, {"a_objects": [], "question": "How many outlets are in the wall?", "image_id": 3, "qa_id": 987135, "answer": "Four.", "q_objects": []}, {"a_objects": [], "question": "What color is the bag?", "image_id": 3, "qa_id": 987136, "answer": "Black.", "q_objects": []}, {"a_objects": [], "question": "Where is the calendar?", "image_id": 3, "qa_id": 987137, "answer": "On wall.", "q_objects": []}, {"a_objects": [], "question": "Why has the monitor been switched off?", "image_id": 3, "qa_id": 987138, "answer": "No one is working.", "q_objects": []}, {"a_objects": [], "question": "What color shirt is the woman wearing?", "image_id": 3, "qa_id": 987139, "answer": "White.", "q_objects": []}, {"a_objects": [], "question": "What color shirt is the woman wearing?", "image_id": 3, "qa_id": 987141, "answer": "White.", "q_objects": []}, {"a_objects": [], "question": "Why is there a partition between the workers?", "image_id": 3, "qa_id": 987142, "answer": "Privacy.", "q_objects": []}, {"a_objects": [], "question": "What color is the telephone?", "image_id": 3, "qa_id": 987143, "answer": "Black.", "q_objects": []}, {"a_objects": [], "question": "What color is the bag on the desk?", "image_id": 3, "qa_id": 987144, "answer": "Black.", "q_objects": []}, {"a_objects": [], "question": "What is the woman doing at the computer?", "image_id": 3, "qa_id": 987145, "answer": "Working.", "q_objects": []}, {"a_objects": [], "question": "What color is the computer?", "image_id": 3, "qa_id": 987146, "answer": "White.", "q_objects": []}, {"a_objects": [], "question": "What is on the partition?", "image_id": 3, "qa_id": 987147, "answer": "Calendar.", "q_objects": []}, {"a_objects": [], "question": "What is pictured?", "image_id": 3, "qa_id": 987148, "answer": "Cubicles.", "q_objects": []}, {"a_objects": [], "question": "Where is this scene?", "image_id": 3, "qa_id": 987149, "answer": "Office.", "q_objects": []}, {"a_objects": [], "question": "Where is the lady?", "image_id": 3, "qa_id": 987151, "answer": "Upper right.", "q_objects": []}, {"a_objects": [], "question": "What is on the wall?", "image_id": 3, "qa_id": 987152, "answer": "Pictures.", "q_objects": []}, {"a_objects": [], "question": "What is hanging from the wall?", "image_id": 3, "qa_id": 987154, "answer": "Chords.", "q_objects": []}, {"a_objects": [], "question": "What is on the left?", "image_id": 3, "qa_id": 987155, "answer": "Cabinet.", "q_objects": []}, {"a_objects": [], "question": "What shape is the desk?", "image_id": 3, "qa_id": 987156, "answer": "Round.", "q_objects": []}, {"a_objects": [], "question": "How clean is it?", "image_id": 3, "qa_id": 987157, "answer": "Pretty clean.", "q_objects": []}, {"a_objects": [], "question": "Where is this space?", "image_id": 3, "qa_id": 987158, "answer": "Office.", "q_objects": []}, {"a_objects": [], "question": "What is the lady looking at?", "image_id": 3, "qa_id": 987159, "answer": "Computer screen.", "q_objects": []}, {"a_objects": [], "question": "What is on the right on desk?", "image_id": 3, "qa_id": 987160, "answer": "Telephone.", "q_objects": []}, {"a_objects": [], "question": "What type of telephone?", "image_id": 3, "qa_id": 987161, "answer": "Landline.", "q_objects": []}, {"a_objects": [], "question": "How tidy is the room?", "image_id": 3, "qa_id": 987162, "answer": "Very tidy.", "q_objects": []}, {"a_objects": [], "question": "What is the room used for?", "image_id": 3, "qa_id": 987163, "answer": "Business.", "q_objects": []}, {"a_objects": [], "question": "What are the sections called?", "image_id": 3, "qa_id": 987164, "answer": "Cubicles.", "q_objects": []}, {"a_objects": [], "question": "What is in front of the computer?", "image_id": 3, "qa_id": 987165, "answer": "Keyboard.", "q_objects": []}, {"a_objects": [], "question": "What is on the wall?", "image_id": 3, "qa_id": 987166, "answer": "Pictures.", "q_objects": []}, {"a_objects": [], "question": "When in a day is it?", "image_id": 3, "qa_id": 987167, "answer": "Daytime.", "q_objects": []}, {"a_objects": [], "question": "What is the lady doing?", "image_id": 3, "qa_id": 987168, "answer": "Looking at her computer.", "q_objects": []}, {"a_objects": [], "question": "What color is the lady's hair?", "image_id": 3, "qa_id": 987171, "answer": "Black.", "q_objects": []}, {"a_objects": [], "question": "What color is the desk?", "image_id": 3, "qa_id": 987172, "answer": "White.", "q_objects": []}, {"a_objects": [], "question": "What color is the file cabinet?", "image_id": 3, "qa_id": 987173, "answer": "Gray.", "q_objects": []}, {"a_objects": [], "question": "How many drawers does the file cabinet have?", "image_id": 3, "qa_id": 987174, "answer": "Two.", "q_objects": []}, {"a_objects": [], "question": "What color is the phone?", "image_id": 3, "qa_id": 987176, "answer": "Black.", "q_objects": []}, {"a_objects": [], "question": "What is on the desk?", "image_id": 3, "qa_id": 987177, "answer": "A phone.", "q_objects": []}, {"a_objects": [], "question": "Where is this at?", "image_id": 3, "qa_id": 987178, "answer": "Office.", "q_objects": []}, {"a_objects": [], "question": "What are the sections called?", "image_id": 3, "qa_id": 987179, "answer": "Cubicles.", "q_objects": []}, {"a_objects": [], "question": "What is on the wall?", "image_id": 3, "qa_id": 987181, "answer": "Pictures.", "q_objects": []}, {"a_objects": [], "question": "Where is the phone?", "image_id": 3, "qa_id": 987182, "answer": "Right desk.", "q_objects": []}, {"a_objects": [], "question": "When in a day is it?", "image_id": 3, "qa_id": 987183, "answer": "Afternoon.", "q_objects": []}, {"a_objects": [], "question": "What is the lady looking at?", "image_id": 3, "qa_id": 987184, "answer": "Computer.", "q_objects": []}, {"a_objects": [], "question": "What is below the desk?", "image_id": 3, "qa_id": 987186, "answer": "PC.", "q_objects": []}, {"a_objects": [], "question": "What time might this be?", "image_id": 3, "qa_id": 987187, "answer": "11:32AM.", "q_objects": []}, {"a_objects": [], "question": "What color is the computer tower?", "image_id": 3, "qa_id": 987188, "answer": "Gray.", "q_objects": []}, {"a_objects": [], "question": "Who is in the seat?", "image_id": 3, "qa_id": 987189, "answer": "No one.", "q_objects": []}, {"a_objects": [], "question": "What color is the keyboard?", "image_id": 3, "qa_id": 987190, "answer": "White.", "q_objects": []}, {"a_objects": [], "question": "How is the computer?", "image_id": 3, "qa_id": 987191, "answer": "Off.", "q_objects": []}, {"a_objects": [], "question": "What is not on desk?", "image_id": 3, "qa_id": 987192, "answer": "Papers.", "q_objects": []}, {"a_objects": [], "question": "Where is the document?", "image_id": 3, "qa_id": 987193, "answer": "On wall.", "q_objects": []}, {"a_objects": [], "question": "Where is the printer?", "image_id": 3, "qa_id": 987194, "answer": "On table.", "q_objects": []}, {"a_objects": [], "question": "Where is the table?", "image_id": 3, "qa_id": 987195, "answer": "In cubicle.", "q_objects": []}, {"a_objects": [], "question": "Where is the cpu?", "image_id": 3, "qa_id": 987196, "answer": "Under desk.", "q_objects": []}, {"a_objects": [], "question": "Where is the woman sitting?", "image_id": 3, "qa_id": 987198, "answer": "At a desk.", "q_objects": []}, {"a_objects": [], "question": "What color is the computer monitor?", "image_id": 3, "qa_id": 987199, "answer": "White.", "q_objects": []}, {"a_objects": [], "question": "What color is the phone?", "image_id": 3, "qa_id": 987200, "answer": "Black.", "q_objects": []}, {"a_objects": [], "question": "What item is to the right of the computer mouse?", "image_id": 3, "qa_id": 987201, "answer": "A multi-line cordless phone.", "q_objects": []}, {"a_objects": [], "question": "How many file drawers are visible?", "image_id": 3, "qa_id": 987202, "answer": "Two.", "q_objects": []}, {"a_objects": [], "question": "What hairstyle does the woman have?", "image_id": 3, "qa_id": 987203, "answer": "A ponytail.", "q_objects": []}, {"a_objects": [], "question": "What color is the bag?", "image_id": 3, "qa_id": 987204, "answer": "Black.", "q_objects": []}, {"a_objects": [], "question": "How many computer monitors are visible?", "image_id": 3, "qa_id": 987205, "answer": "One.", "q_objects": []}, {"a_objects": [], "question": "What color is the computer mouse?", "image_id": 3, "qa_id": 987206, "answer": "White.", "q_objects": []}, {"a_objects": [], "question": "Where are the pictures hanging?", "image_id": 3, "qa_id": 987207, "answer": "Above the second cubicle.", "q_objects": []}, {"a_objects": [], "question": "Where is the keyboard?", "image_id": 3, "qa_id": 987208, "answer": "Next to the mouse.", "q_objects": []}, {"a_objects": [], "question": "What is behind the keyboard?", "image_id": 3, "qa_id": 987209, "answer": "The monitor.", "q_objects": []}, {"a_objects": [], "question": "What color is the keyboard?", "image_id": 3, "qa_id": 987210, "answer": "Beige.", "q_objects": []}, {"a_objects": [], "question": "Where is the black telephone?", "image_id": 3, "qa_id": 987211, "answer": "On the desk.", "q_objects": []}, {"a_objects": [], "question": "What color is the girl's shirt?", "image_id": 3, "qa_id": 987212, "answer": "White.", "q_objects": []}, {"a_objects": [], "question": "What color is the telephone?", "image_id": 3, "qa_id": 987214, "answer": "Black.", "q_objects": []}, {"a_objects": [], "question": "What color is the keyboard?", "image_id": 3, "qa_id": 987215, "answer": "White and beige.", "q_objects": []}, {"a_objects": [], "question": "What is posted to the wall above the phone?", "image_id": 3, "qa_id": 987216, "answer": "A calendar.", "q_objects": []}, {"a_objects": [], "question": "Where is this room?", "image_id": 3, "qa_id": 987217, "answer": "In an office building.", "q_objects": []}, {"a_objects": [], "question": "What kind of room is it?", "image_id": 3, "qa_id": 987218, "answer": "An office.", "q_objects": []}, {"a_objects": [], "question": "How many computers are there?", "image_id": 3, "qa_id": 987219, "answer": "More than one.", "q_objects": []}, {"a_objects": [], "question": "What is turned on?", "image_id": 3, "qa_id": 987220, "answer": "A computer.", "q_objects": []}, {"a_objects": [], "question": "Who is in the photo?", "image_id": 3, "qa_id": 987221, "answer": "A lady.", "q_objects": []}, {"a_objects": [], "question": "What is on the desk?", "image_id": 3, "qa_id": 987222, "answer": "A telephone.", "q_objects": []}, {"a_objects": [], "question": "What color is the lady's hair?", "image_id": 3, "qa_id": 987223, "answer": "Black.", "q_objects": []}, {"a_objects": [], "question": "What is well lit?", "image_id": 3, "qa_id": 987225, "answer": "The room.", "q_objects": []}, {"a_objects": [], "question": "What color is the phone?", "image_id": 3, "qa_id": 987227, "answer": "Black.", "q_objects": []}, {"a_objects": [], "question": "Where is the monitor?", "image_id": 3, "qa_id": 987228, "answer": "The table.", "q_objects": []}, {"a_objects": [], "question": "What color is the phone?", "image_id": 3, "qa_id": 987229, "answer": "Black.", "q_objects": []}, {"a_objects": [], "question": "Who is in the photo?", "image_id": 3, "qa_id": 987230, "answer": "The woman.", "q_objects": []}, {"a_objects": [], "question": "What is the woman looking at?", "image_id": 3, "qa_id": 987231, "answer": "The computer.", "q_objects": []}, {"a_objects": [], "question": "How many women are there?", "image_id": 3, "qa_id": 987232, "answer": "One.", "q_objects": []}, {"a_objects": [], "question": "What color is the woman's hair?", "image_id": 3, "qa_id": 987233, "answer": "Black.", "q_objects": []}, {"a_objects": [], "question": "What style hair is the woman wearing?", "image_id": 3, "qa_id": 987234, "answer": "Ponytail.", "q_objects": []}, {"a_objects": [], "question": "What is in front of the computer?", "image_id": 3, "qa_id": 987235, "answer": "The keyboard.", "q_objects": []}, {"a_objects": [], "question": "What is on the right of the table?", "image_id": 3, "qa_id": 987236, "answer": "The bag.", "q_objects": []}, {"a_objects": [], "question": "What is the woman doing?", "image_id": 3, "qa_id": 987237, "answer": "Sitting.", "q_objects": []}, {"a_objects": [], "question": "Who is in the photo?", "image_id": 3, "qa_id": 987238, "answer": "A lady.", "q_objects": []}, {"a_objects": [], "question": "What color is the woman's chair?", "image_id": 3, "qa_id": 987239, "answer": "Gray.", "q_objects": []}, {"a_objects": [], "question": "What is turned off?", "image_id": 3, "qa_id": 987240, "answer": "The computer.", "q_objects": []}, {"a_objects": [], "question": "How many people are there?", "image_id": 3, "qa_id": 987241, "answer": "One.", "q_objects": []}, {"a_objects": [], "question": "What is in the photo?", "image_id": 3, "qa_id": 987242, "answer": "A phone.", "q_objects": []}, {"a_objects": [], "question": "What color is the phone?", "image_id": 3, "qa_id": 987243, "answer": "Black.", "q_objects": []}, {"a_objects": [], "question": "What color is the computer screen?", "image_id": 3, "qa_id": 987244, "answer": "Black.", "q_objects": []}, {"a_objects": [], "question": "What is under the desk?", "image_id": 3, "qa_id": 987246, "answer": "The cpu.", "q_objects": []}, {"a_objects": [], "question": "What color is the mouse?", "image_id": 3, "qa_id": 987247, "answer": "White.", "q_objects": []}, {"a_objects": [], "question": "Why is a woman sitting down?", "image_id": 3, "qa_id": 987248, "answer": "To work at the computer.", "q_objects": []}, {"a_objects": [], "question": "Where is a computer?", "image_id": 3, "qa_id": 987249, "answer": "On the desk.", "q_objects": []}, {"a_objects": [], "question": "Where are pictures?", "image_id": 3, "qa_id": 987250, "answer": "On the wall.", "q_objects": []}, {"a_objects": [], "question": "How many pictures are on the wall?", "image_id": 3, "qa_id": 987251, "answer": "Nine.", "q_objects": []}, {"a_objects": [], "question": "Who has black hair?", "image_id": 3, "qa_id": 987252, "answer": "The woman.", "q_objects": []}, {"a_objects": [], "question": "How many people are pictured?", "image_id": 3, "qa_id": 987253, "answer": "One.", "q_objects": []}, {"a_objects": [], "question": "Where does the scene take place?", "image_id": 3, "qa_id": 987254, "answer": "In an office.", "q_objects": []}, {"a_objects": [], "question": "Where are gray and white keys?", "image_id": 3, "qa_id": 987255, "answer": "On keyboard.", "q_objects": []}, {"a_objects": [], "question": "Where is a CPU?", "image_id": 3, "qa_id": 987256, "answer": "On the floor.", "q_objects": []}, {"a_objects": [], "question": "Where is a phone?", "image_id": 3, "qa_id": 987257, "answer": "On the desk.", "q_objects": []}, {"a_objects": [], "question": "What has a strap?", "image_id": 3, "qa_id": 987258, "answer": "A black bag.", "q_objects": []}, {"a_objects": [], "question": "What is turned off?", "image_id": 3, "qa_id": 987259, "answer": "Computer monitor.", "q_objects": []}, {"a_objects": [], "question": "Where are grey and white keys?", "image_id": 3, "qa_id": 987260, "answer": "On keyboard.", "q_objects": []}, {"a_objects": [], "question": "Where is a computer tower?", "image_id": 3, "qa_id": 987261, "answer": "Under the desk.", "q_objects": []}, {"a_objects": [], "question": "Where is a phone?", "image_id": 3, "qa_id": 987262, "answer": "On the desk.", "q_objects": []}, {"a_objects": [], "question": "How many pictures are on the wall?", "image_id": 3, "qa_id": 987263, "answer": "Nine.", "q_objects": []}, {"a_objects": [], "question": "Where is a computer?", "image_id": 3, "qa_id": 987264, "answer": "On a desk.", "q_objects": []}, {"a_objects": [], "question": "Who has a ponytail?", "image_id": 3, "qa_id": 987265, "answer": "A woman.", "q_objects": []}, {"a_objects": [], "question": "How many people are pictured?", "image_id": 3, "qa_id": 987266, "answer": "One.", "q_objects": []}, {"a_objects": [], "question": "Where is a reflection?", "image_id": 3, "qa_id": 987267, "answer": "On computer screen.", "q_objects": []}, {"a_objects": [], "question": "What color is the bag on the desk?", "image_id": 3, "qa_id": 987268, "answer": "Black.", "q_objects": []}, {"a_objects": [], "question": "What color is the computer chair?", "image_id": 3, "qa_id": 987269, "answer": "Gray.", "q_objects": []}, {"a_objects": [], "question": "What is turned off?", "image_id": 3, "qa_id": 987270, "answer": "The computer.", "q_objects": []}, {"a_objects": [], "question": "Where is the computer tower?", "image_id": 3, "qa_id": 987271, "answer": "Under the desk.", "q_objects": []}, {"a_objects": [], "question": "What is on the desk?", "image_id": 3, "qa_id": 987272, "answer": "A bag.", "q_objects": []}, {"a_objects": [], "question": "How many drawers does the file cabinet have?", "image_id": 3, "qa_id": 987273, "answer": "Two.", "q_objects": []}, {"a_objects": [], "question": "Where is the chair?", "image_id": 3, "qa_id": 987274, "answer": "In front of the desk.", "q_objects": []}, {"a_objects": [], "question": "What color is the woman's shirt?", "image_id": 3, "qa_id": 987275, "answer": "White.", "q_objects": []}, {"a_objects": [], "question": "What is on the wall?", "image_id": 3, "qa_id": 987276, "answer": "Pictures.", "q_objects": []}, {"a_objects": [], "question": "Where is the keyboard?", "image_id": 3, "qa_id": 987277, "answer": "On the desk.", "q_objects": []}]}, {"id": 4, "qas": [{"a_objects": [], "question": "What is on the curtains?", "image_id": 4, "qa_id": 987278, "answer": "Sailboats.", "q_objects": []}, {"a_objects": [], "question": "What color are the curtains?", "image_id": 4, "qa_id": 987280, "answer": "Blue.", "q_objects": []}, {"a_objects": [], "question": "What color is the pillow?", "image_id": 4, "qa_id": 987281, "answer": "White.", "q_objects": []}, {"a_objects": [], "question": "Where was the photo taken?", "image_id": 4, "qa_id": 987282, "answer": "In a room.", "q_objects": []}, {"a_objects": [], "question": "What color is the couch?", "image_id": 4, "qa_id": 987283, "answer": "Purple.", "q_objects": []}, {"a_objects": [], "question": "What is the table made out of?", "image_id": 4, "qa_id": 987284, "answer": "Glass.", "q_objects": []}, {"a_objects": [], "question": "What is on the couch?", "image_id": 4, "qa_id": 987285, "answer": "A teddy bear.", "q_objects": []}, {"a_objects": [], "question": "What time is it?", "image_id": 4, "qa_id": 987286, "answer": "Afternoon.", "q_objects": []}, {"a_objects": [], "question": "What is the bear sitting on?", "image_id": 4, "qa_id": 987287, "answer": "Couch.", "q_objects": []}, {"a_objects": [], "question": "How many chairs are pictured?", "image_id": 4, "qa_id": 987288, "answer": "Two.", "q_objects": []}, {"a_objects": [], "question": "Where is a pillow?", "image_id": 4, "qa_id": 987289, "answer": "On the couch.", "q_objects": []}, {"a_objects": [], "question": "What color are the curtains?", "image_id": 4, "qa_id": 987290, "answer": "Blue.", "q_objects": []}, {"a_objects": [], "question": "Where is the carpet?", "image_id": 4, "qa_id": 987291, "answer": "On the floor.", "q_objects": []}, {"a_objects": [], "question": "What color is the couch?", "image_id": 4, "qa_id": 987292, "answer": "Purple.", "q_objects": []}, {"a_objects": [], "question": "What is glass?", "image_id": 4, "qa_id": 987293, "answer": "The table.", "q_objects": []}, {"a_objects": [], "question": "Where is a painting?", "image_id": 4, "qa_id": 987294, "answer": "Against the wall.", "q_objects": []}, {"a_objects": [], "question": "Where is a lamp?", "image_id": 4, "qa_id": 987295, "answer": "In the corner.", "q_objects": []}, {"a_objects": [], "question": "What is white?", "image_id": 4, "qa_id": 987296, "answer": "Pillow.", "q_objects": []}, {"a_objects": [], "question": "Where is a teddy bear?", "image_id": 4, "qa_id": 987297, "answer": "In front of the pillow.", "q_objects": []}, {"a_objects": [], "question": "Where is the teddy bear?", "image_id": 4, "qa_id": 987298, "answer": "On the purple sofa.", "q_objects": []}, {"a_objects": [], "question": "Where is the black lamp?", "image_id": 4, "qa_id": 987299, "answer": "In the corner behind the sofa.", "q_objects": []}, {"a_objects": [], "question": "What kind of top does the table have?", "image_id": 4, "qa_id": 987300, "answer": "Glass.", "q_objects": []}, {"a_objects": [], "question": "How many chairs are at the table?", "image_id": 4, "qa_id": 987301, "answer": "Two.", "q_objects": []}, {"a_objects": [], "question": "What is the printed theme on the curtains?", "image_id": 4, "qa_id": 987302, "answer": "Boats.", "q_objects": []}, {"a_objects": [], "question": "What color are the chair seats at the table?", "image_id": 4, "qa_id": 987303, "answer": "Blue.", "q_objects": []}, {"a_objects": [], "question": "What color is the lamp in the corner?", "image_id": 4, "qa_id": 987304, "answer": "Black and silver.", "q_objects": []}, {"a_objects": [], "question": "What kind of flooring is in front of sliding glass door?", "image_id": 4, "qa_id": 987305, "answer": "Checkered wood.", "q_objects": []}, {"a_objects": [], "question": "What color is the rug?", "image_id": 4, "qa_id": 987306, "answer": "Grayish purple.", "q_objects": []}, {"a_objects": [], "question": "Where is the framed picture?", "image_id": 4, "qa_id": 987307, "answer": "Propped against the wall.", "q_objects": []}, {"a_objects": [], "question": "Where is the lamp?", "image_id": 4, "qa_id": 987308, "answer": "Behind the sofa.", "q_objects": []}, {"a_objects": [], "question": "What is on the sofa?", "image_id": 4, "qa_id": 987309, "answer": "Teddy bear.", "q_objects": []}, {"a_objects": [], "question": "What is on the right?", "image_id": 4, "qa_id": 987310, "answer": "Glass table.", "q_objects": []}, {"a_objects": [], "question": "What floor is on the right?", "image_id": 4, "qa_id": 987311, "answer": "Tiled.", "q_objects": []}, {"a_objects": [], "question": "What color is the sofa?", "image_id": 4, "qa_id": 987312, "answer": "Purple.", "q_objects": []}, {"a_objects": [], "question": "Where is the carpet?", "image_id": 4, "qa_id": 987314, "answer": "Forefront.", "q_objects": []}, {"a_objects": [], "question": "When in the day is it?", "image_id": 4, "qa_id": 987315, "answer": "Afternoon.", "q_objects": []}, {"a_objects": [], "question": "What room is this?", "image_id": 4, "qa_id": 987316, "answer": "Living room.", "q_objects": []}, {"a_objects": [], "question": "How bright is it?", "image_id": 4, "qa_id": 987317, "answer": "Pretty bright.", "q_objects": []}, {"a_objects": [], "question": "What is the table made from?", "image_id": 4, "qa_id": 987318, "answer": "Glass.", "q_objects": []}, {"a_objects": [], "question": "What color is the sofa?", "image_id": 4, "qa_id": 987319, "answer": "Purple.", "q_objects": []}, {"a_objects": [], "question": "What color is the cushion on the sofa?", "image_id": 4, "qa_id": 987320, "answer": "White.", "q_objects": []}, {"a_objects": [], "question": "What is in the corner?", "image_id": 4, "qa_id": 987321, "answer": "A floor lamp.", "q_objects": []}, {"a_objects": [], "question": "What color are the curtains?", "image_id": 4, "qa_id": 987322, "answer": "Blue.", "q_objects": []}, {"a_objects": [], "question": "What is the table made of?", "image_id": 4, "qa_id": 987323, "answer": "Glass.", "q_objects": []}, {"a_objects": [], "question": "What is on the floor?", "image_id": 4, "qa_id": 987325, "answer": "A clean carpet.", "q_objects": []}, {"a_objects": [], "question": "What color is the chair?", "image_id": 4, "qa_id": 987326, "answer": "Purple.", "q_objects": []}, {"a_objects": [], "question": "What color is the seat in the chair?", "image_id": 4, "qa_id": 987327, "answer": "Blue.", "q_objects": []}, {"a_objects": [], "question": "What is the table top made of?", "image_id": 4, "qa_id": 987328, "answer": "Glass.", "q_objects": []}, {"a_objects": [], "question": "Where is the pillow?", "image_id": 4, "qa_id": 987329, "answer": "On sofa.", "q_objects": []}, {"a_objects": [], "question": "Where is the stand?", "image_id": 4, "qa_id": 987330, "answer": "Behind chair.", "q_objects": []}, {"a_objects": [], "question": "What scenes are on the curtains?", "image_id": 4, "qa_id": 987333, "answer": "Nautical and ocean.", "q_objects": []}, {"a_objects": [], "question": "What is the finish of the table top?", "image_id": 4, "qa_id": 987334, "answer": "Glass.", "q_objects": []}, {"a_objects": [], "question": "What color is the cushion?", "image_id": 4, "qa_id": 987335, "answer": "Purple.", "q_objects": []}, {"a_objects": [], "question": "What type of door is shown?", "image_id": 4, "qa_id": 987336, "answer": "Patio.", "q_objects": []}, {"a_objects": [], "question": "How is the house?", "image_id": 4, "qa_id": 987337, "answer": "Clean.", "q_objects": []}, {"a_objects": [], "question": "What color are curtains?", "image_id": 4, "qa_id": 987339, "answer": "Blue.", "q_objects": []}, {"a_objects": [], "question": "Where is the teddy bear?", "image_id": 4, "qa_id": 987340, "answer": "On futon.", "q_objects": []}, {"a_objects": [], "question": "What is on the curtains?", "image_id": 4, "qa_id": 987341, "answer": "Sailboats.", "q_objects": []}, {"a_objects": [], "question": "Where is the table?", "image_id": 4, "qa_id": 987342, "answer": "Next to window.", "q_objects": []}, {"a_objects": [], "question": "Where is lamp?", "image_id": 4, "qa_id": 987343, "answer": "In corner.", "q_objects": []}, {"a_objects": [], "question": "Where is the tv?", "image_id": 4, "qa_id": 987344, "answer": "On floor.", "q_objects": []}, {"a_objects": [], "question": "How are the curtains?", "image_id": 4, "qa_id": 987345, "answer": "Opened.", "q_objects": []}, {"a_objects": [], "question": "How is the glass table?", "image_id": 4, "qa_id": 987346, "answer": "Empty.", "q_objects": []}, {"a_objects": [], "question": "What color is the couch?", "image_id": 4, "qa_id": 987347, "answer": "Purple.", "q_objects": []}, {"a_objects": [], "question": "What color is the futon mattress?", "image_id": 4, "qa_id": 987349, "answer": "It is purple.", "q_objects": []}, {"a_objects": [], "question": "When was this photo taken?", "image_id": 4, "qa_id": 987350, "answer": "It was taken during the day.", "q_objects": []}, {"a_objects": [], "question": "Where was this photo taken?", "image_id": 4, "qa_id": 987351, "answer": "In someone's living room.", "q_objects": []}, {"a_objects": [], "question": "How many curtains are there?", "image_id": 4, "qa_id": 987353, "answer": "There are 2.", "q_objects": []}, {"a_objects": [], "question": "What is the table top made from?", "image_id": 4, "qa_id": 987354, "answer": "It is glass.", "q_objects": []}, {"a_objects": [], "question": "What color is the carpet?", "image_id": 4, "qa_id": 987355, "answer": "It is grey.", "q_objects": []}, {"a_objects": [], "question": "How many bears are on the couch?", "image_id": 4, "qa_id": 987356, "answer": "There is 1.", "q_objects": []}, {"a_objects": [], "question": "How many chairs are at the table?", "image_id": 4, "qa_id": 987357, "answer": "There are 2.", "q_objects": []}, {"a_objects": [], "question": "How many things are purple?", "image_id": 4, "qa_id": 987358, "answer": "One.", "q_objects": []}, {"a_objects": [], "question": "How many curtains are there?", "image_id": 4, "qa_id": 987359, "answer": "Two.", "q_objects": []}, {"a_objects": [], "question": "What color are the curtains?", "image_id": 4, "qa_id": 987360, "answer": "Blue.", "q_objects": []}, {"a_objects": [], "question": "What color is the tall lamp?", "image_id": 4, "qa_id": 987362, "answer": "Black.", "q_objects": []}, {"a_objects": [], "question": "What is the table made of?", "image_id": 4, "qa_id": 987363, "answer": "Glass.", "q_objects": []}, {"a_objects": [], "question": "How many chairs?", "image_id": 4, "qa_id": 987364, "answer": "Two.", "q_objects": []}, {"a_objects": [], "question": "Where is the tall lamp?", "image_id": 4, "qa_id": 987365, "answer": "In the back.", "q_objects": []}, {"a_objects": [], "question": "What is on the floor?", "image_id": 4, "qa_id": 987366, "answer": "The rug.", "q_objects": []}, {"a_objects": [], "question": "What color is the rug?", "image_id": 4, "qa_id": 987367, "answer": "Gray.", "q_objects": []}, {"a_objects": [], "question": "What pattern is on the floor?", "image_id": 4, "qa_id": 987368, "answer": "Checkered.", "q_objects": []}, {"a_objects": [], "question": "What is sitting at the back?", "image_id": 4, "qa_id": 987370, "answer": "Black stand.", "q_objects": []}, {"a_objects": [], "question": "What is sitting near the edge?", "image_id": 4, "qa_id": 987371, "answer": "Wooden stand.", "q_objects": []}, {"a_objects": [], "question": "What is the table made of?", "image_id": 4, "qa_id": 987372, "answer": "Glass.", "q_objects": []}, {"a_objects": [], "question": "What is leaning against the wall?", "image_id": 4, "qa_id": 987373, "answer": "Framed picture.", "q_objects": []}, {"a_objects": [], "question": "What is metal by the window?", "image_id": 4, "qa_id": 987374, "answer": "Blue chair by the window.", "q_objects": []}, {"a_objects": [], "question": "What color is the carpet?", "image_id": 4, "qa_id": 987375, "answer": "Gray.", "q_objects": []}, {"a_objects": [], "question": "What color is the couch?", "image_id": 4, "qa_id": 987377, "answer": "Purple.", "q_objects": []}, {"a_objects": [], "question": "What is blue?", "image_id": 4, "qa_id": 987379, "answer": "Curtains.", "q_objects": []}, {"a_objects": [], "question": "What color is the wall?", "image_id": 4, "qa_id": 987380, "answer": "White.", "q_objects": []}, {"a_objects": [], "question": "How many pillows are on the couch?", "image_id": 4, "qa_id": 987381, "answer": "One.", "q_objects": []}, {"a_objects": [], "question": "What is glass?", "image_id": 4, "qa_id": 987383, "answer": "Table.", "q_objects": []}, {"a_objects": [], "question": "What is purple?", "image_id": 4, "qa_id": 987384, "answer": "Couch.", "q_objects": []}, {"a_objects": [], "question": "Where is a painting?", "image_id": 4, "qa_id": 987385, "answer": "Against the wall.", "q_objects": []}, {"a_objects": [], "question": "How many chairs are near the table?", "image_id": 4, "qa_id": 987386, "answer": "Two.", "q_objects": []}, {"a_objects": [], "question": "Where is a shadow?", "image_id": 4, "qa_id": 987387, "answer": "On the wall.", "q_objects": []}, {"a_objects": [], "question": "How is the door made?", "image_id": 4, "qa_id": 987388, "answer": "Of glass.", "q_objects": []}, {"a_objects": [], "question": "What color are the table legs?", "image_id": 4, "qa_id": 987389, "answer": "Black`.", "q_objects": []}, {"a_objects": [], "question": "What color is the sofa?", "image_id": 4, "qa_id": 987390, "answer": "Purple.", "q_objects": []}, {"a_objects": [], "question": "What color is the sofa pillow?", "image_id": 4, "qa_id": 987391, "answer": "White.", "q_objects": []}, {"a_objects": [], "question": "How is the stand made in the foreground?", "image_id": 4, "qa_id": 987392, "answer": "Of wood.", "q_objects": []}, {"a_objects": [], "question": "What color is the carpet?", "image_id": 4, "qa_id": 987393, "answer": "Grey.", "q_objects": []}, {"a_objects": [], "question": "What color are the curtains?", "image_id": 4, "qa_id": 987394, "answer": "Blue.", "q_objects": []}, {"a_objects": [], "question": "What to y is on the couch?", "image_id": 4, "qa_id": 987395, "answer": "A teddy bear.", "q_objects": []}, {"a_objects": [], "question": "How is the floor covered?", "image_id": 4, "qa_id": 987396, "answer": "With carpet.", "q_objects": []}, {"a_objects": [], "question": "What color is the wall?", "image_id": 4, "qa_id": 987397, "answer": "White.", "q_objects": []}, {"a_objects": [], "question": "How is the table made?", "image_id": 4, "qa_id": 987398, "answer": "Of glass.", "q_objects": []}, {"a_objects": [], "question": "What color is the carpet?", "image_id": 4, "qa_id": 987399, "answer": "Grey.", "q_objects": []}, {"a_objects": [], "question": "What color is the couch?", "image_id": 4, "qa_id": 987400, "answer": "Purple.", "q_objects": []}, {"a_objects": [], "question": "Where is the lamp?", "image_id": 4, "qa_id": 987401, "answer": "The corner.", "q_objects": []}, {"a_objects": [], "question": "How is the stand in the foreground made?", "image_id": 4, "qa_id": 987402, "answer": "Of wood.", "q_objects": []}, {"a_objects": [], "question": "What color are the walls?", "image_id": 4, "qa_id": 987403, "answer": "White.", "q_objects": []}, {"a_objects": [], "question": "What color is the sofa pillow?", "image_id": 4, "qa_id": 987404, "answer": "White.", "q_objects": []}, {"a_objects": [], "question": "How is the floor made?", "image_id": 4, "qa_id": 987405, "answer": "Of wood.", "q_objects": []}, {"a_objects": [], "question": "What color are the window curtains?", "image_id": 4, "qa_id": 987406, "answer": "Blue.", "q_objects": []}, {"a_objects": [], "question": "Where was this picture taken?", "image_id": 4, "qa_id": 987407, "answer": "A bedroom.", "q_objects": []}, {"a_objects": [], "question": "What is tied back?", "image_id": 4, "qa_id": 987408, "answer": "The blue curtain.", "q_objects": []}, {"a_objects": [], "question": "What kind of scene is this?", "image_id": 4, "qa_id": 987409, "answer": "An indoor scene.", "q_objects": []}, {"a_objects": [], "question": "What is to the right of the window?", "image_id": 4, "qa_id": 987411, "answer": "Glass table.", "q_objects": []}, {"a_objects": [], "question": "What color are the curtains?", "image_id": 4, "qa_id": 987412, "answer": "Blue.", "q_objects": []}, {"a_objects": [], "question": "What time of day is in this photo?", "image_id": 4, "qa_id": 987413, "answer": "Daytime.", "q_objects": []}, {"a_objects": [], "question": "What color are the chairs?", "image_id": 4, "qa_id": 987415, "answer": "Blue.", "q_objects": []}, {"a_objects": [], "question": "What is the table made of?", "image_id": 4, "qa_id": 987416, "answer": "Glass.", "q_objects": []}, {"a_objects": [], "question": "What is this indoor or outdoor photo?", "image_id": 4, "qa_id": 987417, "answer": "Indoor photo.", "q_objects": []}, {"a_objects": [], "question": "What is time shown in photo?", "image_id": 4, "qa_id": 987418, "answer": "Daytime scene.", "q_objects": []}, {"a_objects": [], "question": "What color are the curtains?", "image_id": 4, "qa_id": 987419, "answer": "Blue.", "q_objects": []}, {"a_objects": [], "question": "What color is the couch?", "image_id": 4, "qa_id": 987420, "answer": "Purple.", "q_objects": []}, {"a_objects": [], "question": "Where are pictures?", "image_id": 4, "qa_id": 987421, "answer": "On left.", "q_objects": []}, {"a_objects": [], "question": "What color are the chairs?", "image_id": 4, "qa_id": 987422, "answer": "Blue.", "q_objects": []}, {"a_objects": [], "question": "Where is the purple mattress?", "image_id": 4, "qa_id": 987423, "answer": "On sofa.", "q_objects": []}, {"a_objects": [], "question": "Where is the picture?", "image_id": 4, "qa_id": 987424, "answer": "On floor.", "q_objects": []}, {"a_objects": [], "question": "What is the shape of the table top?", "image_id": 4, "qa_id": 987425, "answer": "Oval.", "q_objects": []}, {"a_objects": [], "question": "What color is the rug?", "image_id": 4, "qa_id": 987426, "answer": "Gray.", "q_objects": []}, {"a_objects": [], "question": "What color is the pillow?", "image_id": 4, "qa_id": 987427, "answer": "White.", "q_objects": []}, {"a_objects": [], "question": "What is the main color in the curtains?", "image_id": 4, "qa_id": 987428, "answer": "Blue.", "q_objects": []}, {"a_objects": [], "question": "What color are the round chair seats?", "image_id": 4, "qa_id": 987429, "answer": "Aqua.", "q_objects": []}, {"a_objects": [], "question": "What design is the wood floor?", "image_id": 4, "qa_id": 987430, "answer": "Parquet.", "q_objects": []}, {"a_objects": [], "question": "What color is the teddy bear?", "image_id": 4, "qa_id": 987431, "answer": "Brown.", "q_objects": []}, {"a_objects": [], "question": "What color is the pillow on the sofa?", "image_id": 4, "qa_id": 987432, "answer": "White.", "q_objects": []}, {"a_objects": [], "question": "What color are the legs on table?", "image_id": 4, "qa_id": 987433, "answer": "Black.", "q_objects": []}, {"a_objects": [], "question": "What color is the carpet?", "image_id": 4, "qa_id": 987434, "answer": "Gray.", "q_objects": []}, {"a_objects": [], "question": "Where are the curtains?", "image_id": 4, "qa_id": 987435, "answer": "By the window.", "q_objects": []}, {"a_objects": [], "question": "What shape is the pillow?", "image_id": 4, "qa_id": 987437, "answer": "Square.", "q_objects": []}, {"a_objects": [], "question": "What kind of ships are on the drapes?", "image_id": 4, "qa_id": 987438, "answer": "Sailboats.", "q_objects": []}, {"a_objects": [], "question": "What color is the futon cushion?", "image_id": 4, "qa_id": 987439, "answer": "Purple.", "q_objects": []}, {"a_objects": [], "question": "How many stuffed animals are visible?", "image_id": 4, "qa_id": 987440, "answer": "One.", "q_objects": []}, {"a_objects": [], "question": "What is the table made from?", "image_id": 4, "qa_id": 987441, "answer": "Glass.", "q_objects": []}, {"a_objects": [], "question": "How many chairs are visible?", "image_id": 4, "qa_id": 987442, "answer": "Two.", "q_objects": []}, {"a_objects": [], "question": "What color are the interior walls?", "image_id": 4, "qa_id": 987443, "answer": "White.", "q_objects": []}, {"a_objects": [], "question": "How many table legs are on the rug?", "image_id": 4, "qa_id": 987444, "answer": "One.", "q_objects": []}, {"a_objects": [], "question": "How many pillows are on the futon?", "image_id": 4, "qa_id": 987446, "answer": "One.", "q_objects": []}, {"a_objects": [], "question": "Where is the lamp?", "image_id": 4, "qa_id": 987448, "answer": "Behind sofa.", "q_objects": []}, {"a_objects": [], "question": "What color is the sofa?", "image_id": 4, "qa_id": 987449, "answer": "Purple.", "q_objects": []}, {"a_objects": [], "question": "What color is the air conditioning unit?", "image_id": 4, "qa_id": 987450, "answer": "White.", "q_objects": []}, {"a_objects": [], "question": "What is the carpet next to?", "image_id": 4, "qa_id": 987451, "answer": "Parlay.", "q_objects": []}]}, {"id": 5, "qas": [{"a_objects": [], "question": "Where was this photo taken?", "image_id": 5, "qa_id": 966490, "answer": "In a home office.", "q_objects": []}, {"a_objects": [], "question": "Where are the cables?", "image_id": 5, "qa_id": 987452, "answer": "On floor.", "q_objects": []}, {"a_objects": [], "question": "How are the chairs?", "image_id": 5, "qa_id": 987453, "answer": "Empty.", "q_objects": []}, {"a_objects": [], "question": "Where are the books?", "image_id": 5, "qa_id": 987454, "answer": "On shelf.", "q_objects": []}, {"a_objects": [], "question": "What color is the wall?", "image_id": 5, "qa_id": 987455, "answer": "White.", "q_objects": []}, {"a_objects": [], "question": "What color is the chair?", "image_id": 5, "qa_id": 987457, "answer": "Brown.", "q_objects": []}, {"a_objects": [], "question": "Why is the computer monitor dark?", "image_id": 5, "qa_id": 987458, "answer": "It's off.", "q_objects": []}, {"a_objects": [], "question": "What line the shelf?", "image_id": 5, "qa_id": 987459, "answer": "Books.", "q_objects": []}, {"a_objects": [], "question": "Why isn't anyone in the room?", "image_id": 5, "qa_id": 987460, "answer": "The door is locked.", "q_objects": []}, {"a_objects": [], "question": "Why is the room empty?", "image_id": 5, "qa_id": 987461, "answer": "Door is locked.", "q_objects": []}, {"a_objects": [], "question": "What is above the computer?", "image_id": 5, "qa_id": 987462, "answer": "An air conditioner.", "q_objects": []}, {"a_objects": [], "question": "What color is the wall?", "image_id": 5, "qa_id": 987464, "answer": "Cream.", "q_objects": []}, {"a_objects": [], "question": "What are on the shelves?", "image_id": 5, "qa_id": 987465, "answer": "Books.", "q_objects": []}, {"a_objects": [], "question": "What is metal outside the window?", "image_id": 5, "qa_id": 987466, "answer": "A railing.", "q_objects": []}, {"a_objects": [], "question": "What is brown leaning against the wall?", "image_id": 5, "qa_id": 987467, "answer": "A cork board.", "q_objects": []}, {"a_objects": [], "question": "How many chairs are there?", "image_id": 5, "qa_id": 987468, "answer": "2.", "q_objects": []}, {"a_objects": [], "question": "What the device on the desk?", "image_id": 5, "qa_id": 987469, "answer": "Computer.", "q_objects": []}, {"a_objects": [], "question": "Where are the books?", "image_id": 5, "qa_id": 987470, "answer": "Shelf.", "q_objects": []}, {"a_objects": [], "question": "Where is the shelf?", "image_id": 5, "qa_id": 987471, "answer": "Wall.", "q_objects": []}, {"a_objects": [], "question": "How lit is the room?", "image_id": 5, "qa_id": 987473, "answer": "Dim.", "q_objects": []}, {"a_objects": [], "question": "What is the cleanliness of the room?", "image_id": 5, "qa_id": 987475, "answer": "Not clean.", "q_objects": []}, {"a_objects": [], "question": "What is above the desk?", "image_id": 5, "qa_id": 987476, "answer": "Heater.", "q_objects": []}, {"a_objects": [], "question": "What is the floor made of?", "image_id": 5, "qa_id": 987477, "answer": "Wood.", "q_objects": []}, {"a_objects": [], "question": "What is shining through the window?", "image_id": 5, "qa_id": 987478, "answer": "Light.", "q_objects": []}, {"a_objects": [], "question": "What is on the desk?", "image_id": 5, "qa_id": 987479, "answer": "Computer.", "q_objects": []}, {"a_objects": [], "question": "Where is the bulletin board?", "image_id": 5, "qa_id": 987481, "answer": "Against wall.", "q_objects": []}, {"a_objects": [], "question": "What number of chairs is there?", "image_id": 5, "qa_id": 987483, "answer": "2.", "q_objects": []}, {"a_objects": [], "question": "When in a day is it?", "image_id": 5, "qa_id": 987484, "answer": "Afternoon.", "q_objects": []}, {"a_objects": [], "question": "Where are the books?", "image_id": 5, "qa_id": 987485, "answer": "Shelf.", "q_objects": []}, {"a_objects": [], "question": "What is above the desk?", "image_id": 5, "qa_id": 987486, "answer": "Heater.", "q_objects": []}, {"a_objects": [], "question": "What are the chairs in front of?", "image_id": 5, "qa_id": 987488, "answer": "A desk.", "q_objects": []}, {"a_objects": [], "question": "What is the weather like outside?", "image_id": 5, "qa_id": 987489, "answer": "Sunny.", "q_objects": []}, {"a_objects": [], "question": "Where is the bookshelf?", "image_id": 5, "qa_id": 987490, "answer": "On the wall.", "q_objects": []}, {"a_objects": [], "question": "What is the chair made of?", "image_id": 5, "qa_id": 987491, "answer": "Wood.", "q_objects": []}, {"a_objects": [], "question": "What color is the chair?", "image_id": 5, "qa_id": 987493, "answer": "Brown.", "q_objects": []}, {"a_objects": [], "question": "What color is the wall?", "image_id": 5, "qa_id": 987494, "answer": "White.", "q_objects": []}, {"a_objects": [], "question": "Where is the monitor?", "image_id": 5, "qa_id": 987495, "answer": "On the desk.", "q_objects": []}, {"a_objects": [], "question": "Where is the air conditioner?", "image_id": 5, "qa_id": 987496, "answer": "On the wall.", "q_objects": []}, {"a_objects": [], "question": "What color is the book shelf?", "image_id": 5, "qa_id": 987497, "answer": "Brown.", "q_objects": []}, {"a_objects": [], "question": "What color are the walls?", "image_id": 5, "qa_id": 987498, "answer": "White.", "q_objects": []}, {"a_objects": [], "question": "What is on the wall shelves?", "image_id": 5, "qa_id": 987499, "answer": "Books and papers.", "q_objects": []}, {"a_objects": [], "question": "How many windows are there?", "image_id": 5, "qa_id": 987500, "answer": "One.", "q_objects": []}, {"a_objects": [], "question": "Where was the photo taken?", "image_id": 5, "qa_id": 987501, "answer": "A office.", "q_objects": []}, {"a_objects": [], "question": "What is the view outside the window?", "image_id": 5, "qa_id": 987503, "answer": "A building.", "q_objects": []}, {"a_objects": [], "question": "What is the chair made of?", "image_id": 5, "qa_id": 987504, "answer": "Wood.", "q_objects": []}, {"a_objects": [], "question": "How many shelves on the wall?", "image_id": 5, "qa_id": 987505, "answer": "Two.", "q_objects": []}, {"a_objects": [], "question": "Where are the shelves?", "image_id": 5, "qa_id": 987506, "answer": "The wall.", "q_objects": []}, {"a_objects": [], "question": "Where is the monitor?", "image_id": 5, "qa_id": 987507, "answer": "The desk.", "q_objects": []}, {"a_objects": [], "question": "Where is the window?", "image_id": 5, "qa_id": 987509, "answer": "On the left.", "q_objects": []}, {"a_objects": [], "question": "What device is on the desk?", "image_id": 5, "qa_id": 987510, "answer": "Computer.", "q_objects": []}, {"a_objects": [], "question": "How are the books?", "image_id": 5, "qa_id": 987512, "answer": "Aligned.", "q_objects": []}, {"a_objects": [], "question": "What material is the floor?", "image_id": 5, "qa_id": 987513, "answer": "Wood.", "q_objects": []}, {"a_objects": [], "question": "What time of day is it?", "image_id": 5, "qa_id": 987514, "answer": "Afternoon.", "q_objects": []}, {"a_objects": [], "question": "Why are the books on the wall?", "image_id": 5, "qa_id": 987516, "answer": "Easy access.", "q_objects": []}, {"a_objects": [], "question": "What color are the walls?", "image_id": 5, "qa_id": 987517, "answer": "White.", "q_objects": []}, {"a_objects": [], "question": "How many window panes are there?", "image_id": 5, "qa_id": 987518, "answer": "4.", "q_objects": []}, {"a_objects": [], "question": "Where is this photo taken?", "image_id": 5, "qa_id": 987520, "answer": "Apartment.", "q_objects": []}, {"a_objects": [], "question": "What color is the computer table?", "image_id": 5, "qa_id": 987521, "answer": "Brown.", "q_objects": []}, {"a_objects": [], "question": "How many books are stacked on top of the others?", "image_id": 5, "qa_id": 987522, "answer": "2.", "q_objects": []}, {"a_objects": [], "question": "What is in front of the computer CPU?", "image_id": 5, "qa_id": 987523, "answer": "Suitcase.", "q_objects": []}, {"a_objects": [], "question": "Who is in the room?", "image_id": 5, "qa_id": 987524, "answer": "Nobody.", "q_objects": []}, {"a_objects": [], "question": "How many bookshelves are there?", "image_id": 5, "qa_id": 987525, "answer": "2.", "q_objects": []}, {"a_objects": [], "question": "How many chairs in room?", "image_id": 5, "qa_id": 987527, "answer": "2.", "q_objects": []}, {"a_objects": [], "question": "What is sitting on the chair against the wall?", "image_id": 5, "qa_id": 987528, "answer": "Clothes.", "q_objects": []}, {"a_objects": [], "question": "What color are the chairs?", "image_id": 5, "qa_id": 987529, "answer": "Brown.", "q_objects": []}, {"a_objects": [], "question": "What are lining the shelves on the wall?", "image_id": 5, "qa_id": 987530, "answer": "Books.", "q_objects": []}, {"a_objects": [], "question": "What is stuck to the cork board?", "image_id": 5, "qa_id": 987531, "answer": "Notes.", "q_objects": []}, {"a_objects": [], "question": "What position is the window in?", "image_id": 5, "qa_id": 987532, "answer": "Open.", "q_objects": []}, {"a_objects": [], "question": "What color are the walls?", "image_id": 5, "qa_id": 987533, "answer": "White.", "q_objects": []}, {"a_objects": [], "question": "What is the floor made out of?", "image_id": 5, "qa_id": 987534, "answer": "Wood.", "q_objects": []}, {"a_objects": [], "question": "How many computers are there?", "image_id": 5, "qa_id": 987535, "answer": "1.", "q_objects": []}, {"a_objects": [], "question": "What is outside the glass door?", "image_id": 5, "qa_id": 987536, "answer": "A balcony.", "q_objects": []}, {"a_objects": [], "question": "What color is the computer screen?", "image_id": 5, "qa_id": 987537, "answer": "Black.", "q_objects": []}, {"a_objects": [], "question": "Where are the books stored?", "image_id": 5, "qa_id": 987539, "answer": "A wall shelf.", "q_objects": []}, {"a_objects": [], "question": "What is on the wall shelf?", "image_id": 5, "qa_id": 987540, "answer": "Books.", "q_objects": []}, {"a_objects": [], "question": "How is the computer shown?", "image_id": 5, "qa_id": 987541, "answer": "Off.", "q_objects": []}, {"a_objects": [], "question": "How is the computer screen?", "image_id": 5, "qa_id": 987544, "answer": "Off.", "q_objects": []}, {"a_objects": [], "question": "What is on the wall?", "image_id": 5, "qa_id": 987545, "answer": "A bookshelf.", "q_objects": []}, {"a_objects": [], "question": "How is the door made?", "image_id": 5, "qa_id": 987546, "answer": "Of glass.", "q_objects": []}, {"a_objects": [], "question": "What color is the wooden chair?", "image_id": 5, "qa_id": 987547, "answer": "Brown.", "q_objects": []}, {"a_objects": [], "question": "What are on the small shelf?", "image_id": 5, "qa_id": 987548, "answer": "Books.", "q_objects": []}, {"a_objects": [], "question": "Why is the monitor dark?", "image_id": 5, "qa_id": 987549, "answer": "It is off.", "q_objects": []}, {"a_objects": [], "question": "What is the screen black?", "image_id": 5, "qa_id": 987550, "answer": "Monitor is off.", "q_objects": []}, {"a_objects": [], "question": "What color is the wall?", "image_id": 5, "qa_id": 987552, "answer": "White.", "q_objects": []}, {"a_objects": [], "question": "What are sitting on the shelf?", "image_id": 5, "qa_id": 987553, "answer": "Books.", "q_objects": []}, {"a_objects": [], "question": "What color are the chairs?", "image_id": 5, "qa_id": 987554, "answer": "Wooden brown.", "q_objects": []}, {"a_objects": [], "question": "What color is the building next door?", "image_id": 5, "qa_id": 987555, "answer": "Gray.", "q_objects": []}, {"a_objects": [], "question": "What colors are the door?", "image_id": 5, "qa_id": 987556, "answer": "Wooden and white.", "q_objects": []}, {"a_objects": [], "question": "How early is it?", "image_id": 5, "qa_id": 987558, "answer": "Relatively.", "q_objects": []}, {"a_objects": [], "question": "What is on the desk?", "image_id": 5, "qa_id": 987559, "answer": "Computer.", "q_objects": []}, {"a_objects": [], "question": "Where is this?", "image_id": 5, "qa_id": 987560, "answer": "Office.", "q_objects": []}, {"a_objects": [], "question": "Why are the books in shelf?", "image_id": 5, "qa_id": 987561, "answer": "Easy access.", "q_objects": []}, {"a_objects": [], "question": "What is on the left?", "image_id": 5, "qa_id": 987562, "answer": "Windows.", "q_objects": []}, {"a_objects": [], "question": "What color is the wall?", "image_id": 5, "qa_id": 987563, "answer": "White.", "q_objects": []}, {"a_objects": [], "question": "When is this?", "image_id": 5, "qa_id": 987564, "answer": "Daytime.", "q_objects": []}, {"a_objects": [], "question": "What number of chairs are there?", "image_id": 5, "qa_id": 987565, "answer": "2.", "q_objects": []}, {"a_objects": [], "question": "What is on the right?", "image_id": 5, "qa_id": 987566, "answer": "Bulletin board.", "q_objects": []}, {"a_objects": [], "question": "What is on the top wall?", "image_id": 5, "qa_id": 987567, "answer": "Heating and cooling.", "q_objects": []}, {"a_objects": [], "question": "What is narrow?", "image_id": 5, "qa_id": 987569, "answer": "Glass window.", "q_objects": []}, {"a_objects": [], "question": "What is wooden?", "image_id": 5, "qa_id": 987570, "answer": "The floor.", "q_objects": []}, {"a_objects": [], "question": "What kind of bulletin board is it?", "image_id": 5, "qa_id": 987571, "answer": "Wooden.", "q_objects": []}, {"a_objects": [], "question": "What color is the door?", "image_id": 5, "qa_id": 987572, "answer": "White.", "q_objects": []}, {"a_objects": [], "question": "What is painted white?", "image_id": 5, "qa_id": 987573, "answer": "The wall.", "q_objects": []}, {"a_objects": [], "question": "What time is it?", "image_id": 5, "qa_id": 987574, "answer": "Afternoon.", "q_objects": []}, {"a_objects": [], "question": "What is on the left?", "image_id": 5, "qa_id": 987576, "answer": "A window.", "q_objects": []}, {"a_objects": [], "question": "What is locked?", "image_id": 5, "qa_id": 987577, "answer": "Windows of the next building.", "q_objects": []}, {"a_objects": [], "question": "Where are books?", "image_id": 5, "qa_id": 987578, "answer": "On a shelf.", "q_objects": []}, {"a_objects": [], "question": "What is turned off?", "image_id": 5, "qa_id": 987579, "answer": "Computer monitor.", "q_objects": []}, {"a_objects": [], "question": "Where is an air conditioner?", "image_id": 5, "qa_id": 987580, "answer": "On the wall.", "q_objects": []}, {"a_objects": [], "question": "Where is a computer?", "image_id": 5, "qa_id": 987581, "answer": "On a desk.", "q_objects": []}, {"a_objects": [], "question": "How many chairs are pictured?", "image_id": 5, "qa_id": 987582, "answer": "Two.", "q_objects": []}, {"a_objects": [], "question": "What is outside the window?", "image_id": 5, "qa_id": 987583, "answer": "A building.", "q_objects": []}, {"a_objects": [], "question": "How many computers are on the desk?", "image_id": 5, "qa_id": 987584, "answer": "One.", "q_objects": []}, {"a_objects": [], "question": "What is brown and wooden?", "image_id": 5, "qa_id": 987585, "answer": "Chairs.", "q_objects": []}, {"a_objects": [], "question": "What is cluttered?", "image_id": 5, "qa_id": 987586, "answer": "The desk.", "q_objects": []}, {"a_objects": [], "question": "What is turned on?", "image_id": 5, "qa_id": 987587, "answer": "A light.", "q_objects": []}, {"a_objects": [], "question": "What color is the wall?", "image_id": 5, "qa_id": 987588, "answer": "White.", "q_objects": []}, {"a_objects": [], "question": "What is tacked to the board?", "image_id": 5, "qa_id": 987590, "answer": "Papers.", "q_objects": []}, {"a_objects": [], "question": "Where is the cpu?", "image_id": 5, "qa_id": 987591, "answer": "On the floor.", "q_objects": []}, {"a_objects": [], "question": "Where is the air conditioner?", "image_id": 5, "qa_id": 987592, "answer": "On the wall.", "q_objects": []}, {"a_objects": [], "question": "What is turned off?", "image_id": 5, "qa_id": 987593, "answer": "The computer screen.", "q_objects": []}, {"a_objects": [], "question": "What is on the chair?", "image_id": 5, "qa_id": 987594, "answer": "Clothes.", "q_objects": []}, {"a_objects": [], "question": "What is the flood made of?", "image_id": 5, "qa_id": 987595, "answer": "Wood.", "q_objects": []}, {"a_objects": [], "question": "Where are the books?", "image_id": 5, "qa_id": 987596, "answer": "On the shelf.", "q_objects": []}, {"a_objects": [], "question": "What is outside the window?", "image_id": 5, "qa_id": 987597, "answer": "A building.", "q_objects": []}, {"a_objects": [], "question": "What is the chair made of?", "image_id": 5, "qa_id": 987598, "answer": "Wood.", "q_objects": []}, {"a_objects": [], "question": "What color are the walls?", "image_id": 5, "qa_id": 987599, "answer": "White.", "q_objects": []}, {"a_objects": [], "question": "How many windows?", "image_id": 5, "qa_id": 987600, "answer": "One.", "q_objects": []}, {"a_objects": [], "question": "Where is the light?", "image_id": 5, "qa_id": 987601, "answer": "The ceiling.", "q_objects": []}, {"a_objects": [], "question": "How many shelves are there?", "image_id": 5, "qa_id": 987602, "answer": "Two.", "q_objects": []}, {"a_objects": [], "question": "Where is the air conditioner?", "image_id": 5, "qa_id": 987603, "answer": "The wall.", "q_objects": []}, {"a_objects": [], "question": "What is on the shelves?", "image_id": 5, "qa_id": 987604, "answer": "Books.", "q_objects": []}, {"a_objects": [], "question": "Where was the photo taken?", "image_id": 5, "qa_id": 987605, "answer": "The office.", "q_objects": []}, {"a_objects": [], "question": "What are the floors made of?", "image_id": 5, "qa_id": 987606, "answer": "Wood.", "q_objects": []}, {"a_objects": [], "question": "What is the status of the monitor?", "image_id": 5, "qa_id": 987607, "answer": "Switched off.", "q_objects": []}, {"a_objects": [], "question": "What color is the wall?", "image_id": 5, "qa_id": 987608, "answer": "White.", "q_objects": []}, {"a_objects": [], "question": "Where is the computer?", "image_id": 5, "qa_id": 987609, "answer": "On the desk.", "q_objects": []}, {"a_objects": [], "question": "What kind of room does this appear to be?", "image_id": 5, "qa_id": 987610, "answer": "An office.", "q_objects": []}, {"a_objects": [], "question": "What is on the wall on the right?", "image_id": 5, "qa_id": 987611, "answer": "A shelf.", "q_objects": []}, {"a_objects": [], "question": "Where is the air conditioner?", "image_id": 5, "qa_id": 987612, "answer": "On the back wall.", "q_objects": []}, {"a_objects": [], "question": "What are the chairs and desk made of?", "image_id": 5, "qa_id": 987613, "answer": "Wood.", "q_objects": []}, {"a_objects": [], "question": "Where are the books?", "image_id": 5, "qa_id": 987614, "answer": "On the shelves on the wall.", "q_objects": []}, {"a_objects": [], "question": "What color is the computer screen?", "image_id": 5, "qa_id": 987615, "answer": "Black.", "q_objects": []}, {"a_objects": [], "question": "What is on the cork board?", "image_id": 5, "qa_id": 987617, "answer": "Notes.", "q_objects": []}, {"a_objects": [], "question": "Where is the keyboard?", "image_id": 5, "qa_id": 987619, "answer": "On the desk.", "q_objects": []}, {"a_objects": [], "question": "Where are the clothes?", "image_id": 5, "qa_id": 987620, "answer": "On the chair.", "q_objects": []}, {"a_objects": [], "question": "Where are the books?", "image_id": 5, "qa_id": 987621, "answer": "On the shelf.", "q_objects": []}, {"a_objects": [], "question": "Where is the computer monitor?", "image_id": 5, "qa_id": 987622, "answer": "On the desk.", "q_objects": []}, {"a_objects": [], "question": "What is on the chair?", "image_id": 5, "qa_id": 987623, "answer": "Clothing.", "q_objects": []}, {"a_objects": [], "question": "What color is the computer?", "image_id": 5, "qa_id": 987624, "answer": "White.", "q_objects": []}, {"a_objects": [], "question": "What is on the cork board?", "image_id": 5, "qa_id": 987625, "answer": "Papers.", "q_objects": []}, {"a_objects": [], "question": "What is cluttered?", "image_id": 5, "qa_id": 987626, "answer": "The desk.", "q_objects": []}, {"a_objects": [], "question": "What is the chair made of?", "image_id": 5, "qa_id": 987627, "answer": "Wood.", "q_objects": []}, {"a_objects": [], "question": "What are the glass objects on the wall?", "image_id": 5, "qa_id": 987628, "answer": "Windows.", "q_objects": []}, {"a_objects": [], "question": "What is on the shelves?", "image_id": 5, "qa_id": 987629, "answer": "Books.", "q_objects": []}, {"a_objects": [], "question": "What color is the wall?", "image_id": 5, "qa_id": 987630, "answer": "White.", "q_objects": []}, {"a_objects": [], "question": "Where is the monitor?", "image_id": 5, "qa_id": 987631, "answer": "Above the desk.", "q_objects": []}, {"a_objects": [], "question": "What color is the chair?", "image_id": 5, "qa_id": 987632, "answer": "Brown.", "q_objects": []}, {"a_objects": [], "question": "What can you see through the windows?", "image_id": 5, "qa_id": 987633, "answer": "Another building.", "q_objects": []}, {"a_objects": [], "question": "Where was this picture taken?", "image_id": 5, "qa_id": 987634, "answer": "Inside someone's home.", "q_objects": []}, {"a_objects": [], "question": "What color is the monitor?", "image_id": 5, "qa_id": 987635, "answer": "White.", "q_objects": []}, {"a_objects": [], "question": "How many bookshelves are there?", "image_id": 5, "qa_id": 987636, "answer": "2.", "q_objects": []}, {"a_objects": [], "question": "What material are the chairs made of?", "image_id": 5, "qa_id": 987637, "answer": "Wood.", "q_objects": []}, {"a_objects": [], "question": "What type of chair is it?", "image_id": 5, "qa_id": 987638, "answer": "Wooden.", "q_objects": []}, {"a_objects": [], "question": "What color is the chair?", "image_id": 5, "qa_id": 987639, "answer": "Brown.", "q_objects": []}, {"a_objects": [], "question": "What is leaning against the wall?", "image_id": 5, "qa_id": 987640, "answer": "A bulletin board.", "q_objects": []}, {"a_objects": [], "question": "How many books are there?", "image_id": 5, "qa_id": 987641, "answer": "More than ten.", "q_objects": []}, {"a_objects": [], "question": "What color is the computer?", "image_id": 5, "qa_id": 987642, "answer": "White.", "q_objects": []}]}]