[{"db_id": "department_management", "query": "SELECT count(*) FROM head WHERE age  >  56", "query_toks": ["SELECT", "count", "(", "*", ")", "FROM", "head", "WHERE", "age", ">", "56"], "query_toks_no_value": ["select", "count", "(", "*", ")", "from", "head", "where", "age", ">", "value"], "question": "How many heads of the departments are older than 56 ?", "question_toks": ["How", "many", "heads", "of", "the", "departments", "are", "older", "than", "56", "?"], "sql": {"from": {"table_units": [["table_unit", 1]], "conds": []}, "select": [false, [[3, [0, [0, 0, false], null]]]], "where": [[false, 3, [0, [0, 10, false], null], 56.0, null]], "groupBy": [], "having": [], "orderBy": [], "limit": null, "intersect": null, "union": null, "except": null}}, {"db_id": "department_management", "query": "SELECT name ,  born_state ,  age FROM head ORDER BY age", "query_toks": ["SELECT", "name", ",", "born_state", ",", "age", "FROM", "head", "ORDER", "BY", "age"], "query_toks_no_value": ["select", "name", ",", "born_state", ",", "age", "from", "head", "order", "by", "age"], "question": "List the name, born state and age of the heads of departments ordered by age.", "question_toks": ["List", "the", "name", ",", "born", "state", "and", "age", "of", "the", "heads", "of", "departments", "ordered", "by", "age", "."], "sql": {"from": {"table_units": [["table_unit", 1]], "conds": []}, "select": [false, [[0, [0, [0, 8, false], null]], [0, [0, [0, 9, false], null]], [0, [0, [0, 10, false], null]]]], "where": [], "groupBy": [], "having": [], "orderBy": ["asc", [[0, [0, 10, false], null]]], "limit": null, "intersect": null, "union": null, "except": null}}, {"db_id": "department_management", "query": "SELECT creation ,  name ,  budget_in_billions FROM department", "query_toks": ["SELECT", "creation", ",", "name", ",", "budget_in_billions", "FROM", "department"], "query_toks_no_value": ["select", "creation", ",", "name", ",", "budget_in_billions", "from", "department"], "question": "List the creation year, name and budget of each department.", "question_toks": ["List", "the", "creation", "year", ",", "name", "and", "budget", "of", "each", "department", "."], "sql": {"from": {"table_units": [["table_unit", 0]], "conds": []}, "select": [false, [[0, [0, [0, 3, false], null]], [0, [0, [0, 2, false], null]], [0, [0, [0, 5, false], null]]]], "where": [], "groupBy": [], "having": [], "orderBy": [], "limit": null, "intersect": null, "union": null, "except": null}}, {"db_id": "department_management", "query": "SELECT max(budget_in_billions) ,  min(budget_in_billions) FROM department", "query_toks": ["SELECT", "max", "(", "budget_in_billions", ")", ",", "min", "(", "budget_in_billions", ")", "FROM", "department"], "query_toks_no_value": ["select", "max", "(", "budget_in_billions", ")", ",", "min", "(", "budget_in_billions", ")", "from", "department"], "question": "What are the maximum and minimum budget of the departments?", "question_toks": ["What", "are", "the", "maximum", "and", "minimum", "budget", "of", "the", "departments", "?"], "sql": {"from": {"table_units": [["table_unit", 0]], "conds": []}, "select": [false, [[1, [0, [0, 5, false], null]], [2, [0, [0, 5, false], null]]]], "where": [], "groupBy": [], "having": [], "orderBy": [], "limit": null, "intersect": null, "union": null, "except": null}}, {"db_id": "department_management", "query": "SELECT avg(num_employees) FROM department WHERE ranking BETWEEN 10 AND 15", "query_toks": ["SELECT", "avg", "(", "num_employees", ")", "FROM", "department", "WHERE", "ranking", "BETWEEN", "10", "AND", "15"], "query_toks_no_value": ["select", "avg", "(", "num_employees", ")", "from", "department", "where", "ranking", "between", "value", "and", "value"], "question": "What is the average number of employees of the departments whose rank is between 10 and 15?", "question_toks": ["What", "is", "the", "average", "number", "of", "employees", "of", "the", "departments", "whose", "rank", "is", "between", "10", "and", "15", "?"], "sql": {"from": {"table_units": [["table_unit", 0]], "conds": []}, "select": [false, [[5, [0, [0, 6, false], null]]]], "where": [[false, 1, [0, [0, 4, false], null], 10.0, 15.0]], "groupBy": [], "having": [], "orderBy": [], "limit": null, "intersect": null, "union": null, "except": null}}]