{"data": [{"question": "what is the brand of phone?", "image_id": "0054c91397f2fe05", "image_classes": ["Belt", "Headphones", "Goggles", "Scale", "Bottle opener", "Mobile phone", "Mirror", "Digital clock", "Television", "Telephone", "Tool", "Wheel", "Camera", "Watch", "Glasses", "Aircraft"], "flickr_original_url": "https://farm6.staticflickr.com/2891/9134076951_f65b421097_o.jpg", "flickr_300k_url": "https://c4.staticflickr.com/3/2891/9134076951_9db89d3e0f_z.jpg", "image_width": 1024, "image_height": 730, "answers": ["nokia", "nokia", "nokia", "nokia", "toshiba", "nokia", "nokia", "nokia", "nokia", "nokia"], "question_tokens": ["what", "is", "the", "brand", "of", "phone"], "question_id": 0, "set_name": "train"}, {"question": "what type of plane is this?", "image_id": "005635e119b9f32f", "image_classes": ["Vehicle", "Helicopter", "Airplane", "Bomb", "Aircraft"], "flickr_original_url": "https://c8.staticflickr.com/3/2579/5811451782_31f8649055_o.jpg", "flickr_300k_url": "https://c8.staticflickr.com/3/2579/5811451782_f6c4633327_z.jpg", "image_width": 1024, "image_height": 667, "answers": ["lape", "cargo", "ec-agg", "lape", "lape", "lape", "lape", "lape", "lape", "airplane"], "question_tokens": ["what", "type", "of", "plane", "is", "this"], "question_id": 1, "set_name": "train"}, {"question": "what are the letters on the tail section of the plane?", "image_id": "005635e119b9f32f", "image_classes": ["Vehicle", "Helicopter", "Airplane", "Bomb", "Aircraft"], "flickr_original_url": "https://c8.staticflickr.com/3/2579/5811451782_31f8649055_o.jpg", "flickr_300k_url": "https://c8.staticflickr.com/3/2579/5811451782_f6c4633327_z.jpg", "image_width": 1024, "image_height": 667, "answers": ["ec agg", "ec-agg", "ec", "ec-agg", "ec", "ec", "ec", "ec", "ec goeland", "ec"], "question_tokens": ["what", "are", "the", "letters", "on", "the", "tail", "section", "of", "the", "plane"], "question_id": 2, "set_name": "train"}, {"question": "who is this copyrighted by?", "image_id": "00685bc495504d61", "image_classes": ["Vehicle", "Tower", "Airplane", "Aircraft"], "flickr_original_url": "https://farm2.staticflickr.com/5067/5620759429_4ea686e643_o.jpg", "flickr_300k_url": "https://c5.staticflickr.com/6/5067/5620759429_f43a649fb5_z.jpg", "image_width": 786, "image_height": 1024, "answers": ["simon clancy", "simon ciancy", "simon clancy", "simon clancy", "the brand is bayard", "simon clancy", "simon clancy", "simon clancy", "simon clancy", "simon clancy"], "question_tokens": ["who", "is", "this", "copyrighted", "by"], "question_id": 3, "set_name": "train"}, {"question": "what brand is on the plane?", "image_id": "00685bc495504d61", "image_classes": ["Vehicle", "Tower", "Airplane", "Aircraft"], "flickr_original_url": "https://farm2.staticflickr.com/5067/5620759429_4ea686e643_o.jpg", "flickr_300k_url": "https://c5.staticflickr.com/6/5067/5620759429_f43a649fb5_z.jpg", "image_width": 786, "image_height": 1024, "answers": ["virgin is the brand on the plane.", "virgin mobile", "virgin", "virgin", "virgin", "virgin", "virgin", "virgin", "virgin", "virgin"], "question_tokens": ["what", "brand", "is", "on", "the", "plane"], "question_id": 4, "set_name": "train"}]}