{
    "Data": [
        {
            "Answer": {
                "Aliases": [
                    "Presidency of Harry S. Truman",
                    "Hary truman",
                    "Harry Shipp Truman",
                    "Harry Truman's",
                    "Harry S. Truman",
                    "Harry S.Truman",
                    "Harry S Truman",
                    "H. S. Truman",
                    "President Harry Truman",
                    "Truman administration",
                    "Presidency of Harry Truman",
                    "Mr. Citizen",
                    "HST (president)",
                    "H.S. Truman",
                    "Mary Jane Truman",
                    "Harry Shippe Truman",
                    "S truman",
                    "Harry Truman",
                    "President Truman",
                    "33rd President of the United States",
                    "Truman Administration",
                    "Harry Solomon Truman",
                    "Harold Truman",
                    "Harry truman",
                    "H. Truman"
                ],
                "MatchedWikiEntityName": "Harry S. Truman",
                "NormalizedAliases": [
                    "presidency of harry s truman",
                    "33rd president of united states",
                    "truman administration",
                    "s truman",
                    "mr citizen",
                    "harry truman s",
                    "harry truman",
                    "hary truman",
                    "harry shipp truman",
                    "h truman",
                    "harry shippe truman",
                    "h s truman",
                    "president truman",
                    "president harry truman",
                    "hst president",
                    "presidency of harry truman",
                    "mary jane truman",
                    "harry solomon truman",
                    "harold truman",
                    "harry s truman"
                ],
                "NormalizedMatchedWikiEntityName": "harry s truman",
                "NormalizedValue": "harry truman",
                "Type": "WikipediaEntity",
                "Value": "Harry Truman"
            },
            "EntityPages": [
                {
                    "DocSource": "TagMe",
                    "Filename": "Peanuts.txt",
                    "LinkProbability": "0.26224",
                    "Rho": "0.28908",
                    "Title": "Peanuts"
                }
            ],
            "Question": "Who was President when the first Peanuts cartoon was published?",
            "QuestionId": "tc_0",
            "QuestionSource": "http://www.triviacountry.com/",
            "SearchResults": [
                {
                    "Description": "Welcome to GoComics.com, the world's largest comic strip site for online ... If ever there is an iconic comic strip, it is Peanuts. ... The very first Peanuts cartoon!",
                    "DisplayUrl": "www.gocomics.com/peanuts/1950/10/02",
                    "Rank": 0,
                    "Title": "Peanuts Comic Strip, October 02, 1950 on GoComics.com",
                    "Url": "http://www.gocomics.com/peanuts/1950/10/02/"
                },
                {
                    "Description": "Peanuts First Published, 1950. Posted by History/Herstory. 3. ... Sixty-three years ago on this day, the first Peanuts comic strip was published.",
                    "DisplayUrl": "https://historyherstoryblog.wordpress.com/2013/10/02/peanuts-first...",
                    "Rank": 1,
                    "Title": "Peanuts First Published, 1950 | History/Herstory",
                    "Url": "https://historyherstoryblog.wordpress.com/2013/10/02/peanuts-first-published-1950/"
                }
            ]
        },
        {
            "Answer": {
                "Aliases": [
                    "Bill Broonzy",
                    "Big Bill Broonzey",
                    "William Lee Conley Broonzy",
                    "Big Bill Broonzy",
                    "William Broonzy"
                ],
                "MatchedWikiEntityName": "Big Bill Broonzy",
                "NormalizedAliases": [
                    "big bill broonzey",
                    "william broonzy",
                    "big bill broonzy",
                    "bill broonzy",
                    "william lee conley broonzy"
                ],
                "NormalizedMatchedWikiEntityName": "big bill broonzy",
                "NormalizedValue": "big bill broonzy",
                "Type": "WikipediaEntity",
                "Value": "Big Bill Broonzy"
            },
            "EntityPages": [],
            "Question": "How is musician William Lee Conley better known?",
            "QuestionId": "tc_19",
            "QuestionSource": "http://www.triviacountry.com/",
            "SearchResults": [
                {
                    "Description": "Biography and other information about Mississippi blues musician Big Bill Broonzy ... William Lee Conley ... (Big Bill Broonzy). In 1957, William Lee Conley Broonzy ...",
                    "DisplayUrl": "www.mswritersandmusicians.com/mississippi-musicians/big-bill-broonzy",
                    "Filename": "181/181_474.txt",
                    "Rank": 0,
                    "Title": "Big Bill Broonzy, Blues Musician from Scott Mississippi",
                    "Url": "http://www.mswritersandmusicians.com/mississippi-musicians/big-bill-broonzy"
                },
                {
                    "Description": "Home » William Lee Conley. William Lee Conley. Rise Up Singing. Contact. Rise Up & Sing Store. 4 Mast Road. Bath ME 04530 (978) 390-4607. store@riseupandsing.org ...",
                    "DisplayUrl": "https://www.riseupandsing.org/artistcomposer/william-lee-conley",
                    "Rank": 1,
                    "Title": "William Lee Conley | Rise Up and Sing",
                    "Url": "https://www.riseupandsing.org/artistcomposer/william-lee-conley"
                }
            ]
        },
        {
            "Answer": {
                "Aliases": [
                    "John Steinbeck III",
                    "Steinbeck",
                    "Stienbeck, John",
                    "John Steinback",
                    "John Steinbeck fellowship",
                    "John Stienbeck",
                    "John Ernst Steinbeck",
                    "Steinbeck, John",
                    "Steinbeck Country",
                    "John Steinbeck",
                    "Steinbeckian",
                    "Steinbeck country",
                    "John Ernst Steinbeck III",
                    "J. Steinbeck",
                    "John steinbeck",
                    "John Ernst Steinbeck, Jr."
                ],
                "MatchedWikiEntityName": "John Steinbeck",
                "NormalizedAliases": [
                    "steinbeck country",
                    "steinbeck john",
                    "john steinbeck",
                    "john steinbeck iii",
                    "steinbeck",
                    "john ernst steinbeck jr",
                    "stienbeck john",
                    "steinbeckian",
                    "john steinbeck fellowship",
                    "john ernst steinbeck",
                    "j steinbeck",
                    "john stienbeck",
                    "john ernst steinbeck iii",
                    "john steinback"
                ],
                "NormalizedMatchedWikiEntityName": "john steinbeck",
                "NormalizedValue": "john steinbeck",
                "Type": "WikipediaEntity",
                "Value": "John Steinbeck"
            },
            "EntityPages": [
                {
                    "DocSource": "TagMe",
                    "Filename": "Brick_hod.txt",
                    "LinkProbability": "0.70270",
                    "Rho": "0.39654",
                    "Title": "Brick hod"
                },
                {
                    "DocSource": "TagMe",
                    "Filename": "Madison_Square_Garden.txt",
                    "LinkProbability": "1.00000",
                    "Rho": "0.56132",
                    "Title": "Madison Square Garden"
                }
            ],
            "Question": "What Pulitzer Prize-winning novelist worked as a hod carrier, wheeling 100-pound barrows of concrete along scaffolding, during construction of New York's Madison Square Garden in the 1920s?",
            "QuestionId": "tc_406",
            "QuestionSource": "http://www.triviacountry.com/",
            "SearchResults": []
        }
    ],
    "Domain": "unfiltered-web",
    "Split": "train",
    "VerifiedEval": false,
    "Version": 1.0
}