<benchmark>
  <entries>
    <entry category="MeanOfTransportation" eid="Id3" shape="(X (X) (X) (X))" shape_type="sibling" size="3">
      <originaltripleset>
        <otriple>ALCO_RS-3 | builder | American_Locomotive_Company</otriple>
        <otriple>ALCO_RS-3 | enginetype | Four-stroke_engine</otriple>
        <otriple>ALCO_RS-3 | MeanOfTransportation/length | "17068.8"^^&lt;http://dbpedia.org/datatype/millimetre&gt;</otriple>
      </originaltripleset>
      <modifiedtripleset>
        <mtriple>ALCO_RS-3 | builder | American_Locomotive_Company</mtriple>
        <mtriple>ALCO_RS-3 | engine | Four-stroke_engine</mtriple>
        <mtriple>ALCO_RS-3 | length | 17068.8 (millimetres)</mtriple>
      </modifiedtripleset>
      <lex comment="good" lid="Id1">The American Locomotive Company built the ALCO RS-3 which has a 4-stroke engine and is 17068.8 millimeters long.</lex>
      <lex comment="good" lid="Id2">The ALCO RS-3 has a four-stroke engine, a length of 17068.8 millimetres and was built by the American Locomotive Company.</lex>
      <lex comment="good" lid="Id3">The ALCO RS-3, built by the American Locomotive Company, is 17068.8 mm long with a four-stroke engine.</lex>
    </entry>
    </entries>
</benchmark>