<benchmark>
  <entries>
    <entry category="Airport" eid="Id1" shape="(X (X) (X) (X))" shape_type="sibling" size="3">
      <originaltripleset>
        <otriple>Aarhus_Airport | runwayLength | "2776.73"^^xsd:double</otriple>
        <otriple>Aarhus_Airport | operator | "Aarhus Lufthavn A/S"@en</otriple>
        <otriple>Aarhus_Airport | runwayDesignation | "10R/28L"</otriple>
      </originaltripleset>
      <modifiedtripleset>
        <mtriple>Aarhus_Airport | runwayLength | 2776.0</mtriple>
        <mtriple>Aarhus_Airport | operatingOrganisation | "Aarhus Lufthavn A/S"</mtriple>
        <mtriple>Aarhus_Airport | runwayName | "10R/28L"</mtriple>
      </modifiedtripleset>
      <lex comment="good" lid="Id1">Operated by Aarhus Lufthavn A/S, Aarhus Airport has a runway length of 2776.0 metres and a runway name 10R/28L.</lex>
      <lex comment="good" lid="Id2">Aarhus Airport is operated by Aarhus Lufthavn A/S and its 2776 meters long runway is called 10R/28L.</lex>
    </entry>
    </entries>
</benchmark>