<benchmark>
  <entries>
    <entry category="SportsTeam" eid="Id1" shape="(X (X (X) (X)))" shape_type="mixed" size="3">
      <originaltripleset>
        <otriple>1._FC_Magdeburg | manager | Jens_Härtel</otriple>
        <otriple>Jens_Härtel | team | 1._FC_Lokomotive_Leipzig</otriple>
        <otriple>Jens_Härtel | managerClub | SV_Germania_Schöneiche</otriple>
      </originaltripleset>
      <modifiedtripleset>
        <mtriple>1._FC_Magdeburg | manager | Jens_Härtel</mtriple>
        <mtriple>Jens_Härtel | club | 1._FC_Lokomotive_Leipzig</mtriple>
        <mtriple>Jens_Härtel | club | SV_Germania_Schöneiche</mtriple>
      </modifiedtripleset>
      <lex comment="good" lid="Id1">Jens Hartel currently plays for SV Germania Schoneiche, his first club was FC Lokomotive Leipzig and he has managed 1 FC Magdeburg.</lex>
      <lex comment="good" lid="Id2">Jens Härtel has been the manager of 1 FC Magdeburg and plays for both 1. FC Lokomotive Leipzig and SV Germania Schoneiche.</lex>
      <lex comment="good" lid="Id3">Jens Hartel plays for 1.FC Lokomotive Leipzig and SV Germania Schoneiche while also managing FC Magdeburg.</lex>
    </entry>
    </entries>
</benchmark>