{
  "data": [
    {
      "paragraphs": [
        {
          "id": "C_206a08693b5547d9acb19b7c40e87c8e",
          "context": "Familia aristokratiko baten barruan jaioa, haurtzaroa Parisen igaro zuen, eta geroago bertan politika ikasi zuen. Kolonbiara bueltan, \"Partido Verde Oxígeno\" izeneko alderdi ekologista sortu zuen 1994an. Lau urte geroago, 1998an, senatuan sartu zen, boto ugari jaso ondoren. Horrek ekarri zion heriotza-mehatxuak jasotzea, eta horren ondorioz seme-alabak Zeelanda Berrira bizitzera joan ziren, aitarekin. Azkenik, 2002an herrialdeko presidentea izateko aurkeztu zuen bere burua, kanpainari ekiten. Orduan FARC talde armatuak bahitu zuen, urte hartako otsailean, beste pertsona batzuekin batera. Hor hasi zen 6 urte baino gehiagoko bahiketa luzea. Tartean, Álvaro Uribe eskuindarrak hauteskundeak irabazi zituen, eta FARCekin inolako negoziaziorik egitea hasieran baztertu izan zuen. 2003ko uztailean \"Opération 14 juillet\" delakoak huts egin zuen, Betancourt askatzeko xedearekin egindakoa, eta azkenean Frantziako gobernuan eskandalua eragin izan zuen. 2004an Uriberen gobernuak jarrera aldatu zuen eta FARCekin harremanetan hasi zen, baina emaitzarik ez zuen eman bahiketari zegokionez. 2007an publikoki argitaratu zuten Betancourt oraindik bizirik zegoela, oso ahulduta baina, eta haren amari igorritako gutuna publiko egin zuten. 2008an hainbat saiakera egin izan zuten Ingrid Betancourt askatzeko, besteak beste Hugo Chavez presidente venezuelarrak egindakoa (\"Operación Emmanuelle\"), baina azkenik Kolonbiako armadak burututako operazioa (\"Operación Jaque\") izan zen arrakasta lortu zuena: uztailaren 2an Betancourt eta beste 14 pertsona askatu zituzten. CANNOTANSWER",
          "qas": [
            {
              "id": "C_206a08693b5547d9acb19b7c40e87c8e_q#0",
              "orig_answer": {
                "text": "Partido Verde Oxígeno\" izeneko alderdi ekologista sortu zuen 1994an",
                "answer_start": 135
              },
              "yesno": "y",
              "question": "Zein da Ingrid Betancourt?",
              "answers": [
                {
                  "answer_start": 135,
                  "input_text": "Bai. Kolonbiako Partido Verde Oxígeno\" izeneko alderdi ekologista sortu zuen 1994an",
                  "text": "Partido Verde Oxígeno\" izeneko alderdi ekologista sortu zuen 1994an"
                }
              ]
            },
            {
              "id": "C_206a08693b5547d9acb19b7c40e87c8e_q#1",
              "orig_answer": {
                "text": "oto ugari jaso ondoren. Horrek ekarri zion heriotza-mehatxuak jasotzea, eta horren ondorioz seme-alabak Zeelanda Berrira bizitzera joan ziren",
                "answer_start": 251
              },
              "yesno": "x",
              "question": "Zergatik nabarmendu da politikari gisa Ingrid Betancourt?",
              "answers": [
                {
                  "answer_start": 251,
                  "input_text": "oto ugari jaso ondoren. Horrek ekarri zion heriotza-mehatxuak jasotzea, eta horren ondorioz seme-alabak Zeelanda Berrira bizitzera joan ziren",
                  "text": "oto ugari jaso ondoren. Horrek ekarri zion heriotza-mehatxuak jasotzea, eta horren ondorioz seme-alabak Zeelanda Berrira bizitzera joan ziren"
                }
              ]
            },
            {
              "id": "C_206a08693b5547d9acb19b7c40e87c8e_q#2",
              "orig_answer": {
                "text": "1998an, senatuan sartu zen, boto ugari jaso ondoren. Horrek ekarri zion heriotza-mehatxuak jasotzea, eta horren ondorioz seme-alabak Zeelanda Berrira bizitzera joan ziren",
                "answer_start": 222
              },
              "yesno": "x",
              "question": "Gaur egun politikari aktiboa da oraindik?",
              "answers": [
                {
                  "answer_start": 222,
                  "input_text": "FARC-en bahiketatik 2008-an askatu zetenez geroztik, ez da polikari aktiboa",
                  "text": "1998an, senatuan sartu zen, boto ugari jaso ondoren. Horrek ekarri zion heriotza-mehatxuak jasotzea, eta horren ondorioz seme-alabak Zeelanda Berrira bizitzera joan ziren"
                }
              ]
            },
            {
              "id": "C_206a08693b5547d9acb19b7c40e87c8e_q#3",
              "orig_answer": {
                "text": "Azkenik, 2002an herrialdeko presidentea izateko aurkeztu zuen bere burua, kanpainari ekiten. Orduan FARC talde armatuak bahitu zuen",
                "answer_start": 405
              },
              "yesno": "x",
              "question": "Noiz bahitu zuten FARC-ek?",
              "answers": [
                {
                  "answer_start": 405,
                  "input_text": "Azkenik, 2002an herrialdeko presidentea izateko aurkeztu zuen bere burua, kanpainari ekiten. Orduan FARC talde armatuak bahitu zuen",
                  "text": "Azkenik, 2002an herrialdeko presidentea izateko aurkeztu zuen bere burua, kanpainari ekiten. Orduan FARC talde armatuak bahitu zuen"
                }
              ]
            }
          ]
        }
      ],
      "title": "Ingrid Betancourt",
      "background": "Ingrid Betancourt Pulecio (Bogota, 1961eko abenduaren 25a) politikari kolonbiar-frantziarra da.",
      "section_title": "Biografia."
    }
  ]
}
