[{"objects": [{"h": 339, "names": ["clock"], "w": 79, "y": 91, "x": 421, "id": 38203}, {"h": 262, "names": ["street"], "w": 714, "y": 328, "x": 77, "id": 38204}, {"h": 192, "names": ["shade"], "w": 274, "y": 338, "x": 119, "id": 38205}, {"h": 262, "names": ["man"], "w": 60, "y": 249, "x": 238, "id": 38206}, {"h": 26, "names": ["sneakers"], "w": 52, "y": 489, "x": 243, "id": 38207}, {"h": 15, "names": ["headlight"], "w": 23, "y": 366, "x": 514, "id": 38208}, {"h": 98, "names": ["car"], "w": 74, "y": 315, "x": 479, "id": 38209}, {"h": 34, "names": ["bike"], "w": 28, "y": 319, "x": 318, "id": 38210}, {"h": 35, "names": ["bike"], "w": 29, "y": 319, "x": 334, "id": 38211}, {"h": 182, "names": ["sign"], "w": 88, "y": 13, "x": 118, "id": 38212}, {"h": 536, "names": ["building"], "w": 218, "y": 2, "x": 1, "id": 38213}, {"h": 327, "names": ["tree trunk"], "w": 87, "y": 234, "x": 622, "id": 38214}, {"h": 266, "names": ["sidewalk"], "w": 722, "y": 331, "x": 77, "id": 38215}, {"h": 101, "names": ["shirt"], "w": 59, "y": 289, "x": 241, "id": 38216}, {"h": 233, "names": ["street"], "w": 440, "y": 283, "x": 358, "id": 38219}, {"h": 174, "names": ["car"], "w": 91, "y": 342, "x": 708, "id": 38220}, {"h": 170, "names": ["back"], "w": 67, "y": 339, "x": 721, "id": 38221}, {"h": 12, "names": ["glasses"], "w": 20, "y": 268, "x": 271, "id": 38223}, {"h": 143, "names": ["parking meter"], "w": 32, "y": 327, "x": 574, "id": 38224}, {"h": 34, "names": ["shoes"], "w": 46, "y": 481, "x": 391, "id": 38230}, {"h": 251, "names": ["man"], "w": 75, "y": 264, "x": 372, "id": 38231}, {"h": 118, "names": ["pants"], "w": 38, "y": 384, "x": 245, "id": 38233}, {"h": 97, "names": ["jacket"], "w": 89, "y": 296, "x": 356, "id": 38235}, {"h": 128, "names": ["pants"], "w": 54, "y": 369, "x": 382, "id": 38236}, {"h": 185, "names": ["work truck"], "w": 265, "y": 271, "x": 521, "id": 38241}, {"h": 101, "names": ["shirt"], "w": 59, "y": 289, "x": 241, "id": 7480090}, {"h": 182, "names": ["sign"], "w": 88, "y": 13, "x": 118, "id": 7480091}, {"h": 35, "names": ["bike"], "w": 29, "y": 319, "x": 334, "id": 7480092}, {"h": 251, "names": ["man"], "w": 75, "y": 264, "x": 372, "id": 7480094}, {"h": 143, "names": ["parking meter"], "w": 32, "y": 327, "x": 574, "id": 7480093}, {"h": 9, "names": ["chin"], "w": 11, "y": 288, "x": 399, "id": 7480096}, {"h": 250, "names": ["guy"], "w": 82, "y": 264, "x": 369, "id": 7480095}, {"h": 34, "names": ["shoes"], "w": 46, "y": 481, "x": 391, "id": 7480098}, {"h": 134, "names": ["van"], "w": 233, "y": 298, "x": 529, "id": 7480099}, {"h": 533, "names": ["wall"], "w": 134, "y": 1, "x": 0, "id": 7480101}, {"h": 262, "names": ["man"], "w": 60, "y": 249, "x": 238, "id": 7480102}, {"h": 360, "names": ["tree"], "w": 176, "y": 0, "x": 249, "id": 7480107}, {"h": 35, "names": ["bikes"], "w": 40, "y": 319, "x": 321, "id": 7480106}, {"h": 536, "names": ["building"], "w": 218, "y": 2, "x": 1, "id": 7480108}, {"h": 339, "names": ["clock"], "w": 79, "y": 91, "x": 421, "id": 7480111}, {"h": 43, "names": ["arm"], "w": 32, "y": 283, "x": 368, "id": 7480114}, {"h": 66, "names": ["shirt"], "w": 37, "y": 306, "x": 384, "id": 7480117}, {"h": 12, "names": ["glasses"], "w": 20, "y": 268, "x": 271, "id": 7480122}, {"h": 430, "names": ["lamp post"], "w": 41, "y": 63, "x": 537, "id": 7480123}, {"h": 118, "names": ["pants"], "w": 38, "y": 384, "x": 245, "id": 7480127}, {"h": 128, "names": ["pants"], "w": 54, "y": 369, "x": 382, "id": 7480128}, {"h": 97, "names": ["jacket"], "w": 89, "y": 296, "x": 356, "id": 7480130}, {"h": 233, "names": ["street"], "w": 440, "y": 283, "x": 358, "id": 7480131}, {"h": 266, "names": ["sidewalk"], "w": 722, "y": 331, "x": 77, "id": 7480141}, {"h": 557, "names": ["trees"], "w": 606, "y": 0, "x": 190, "id": 7480140}, {"h": 174, "names": ["car"], "w": 91, "y": 342, "x": 708, "id": 7480143}, {"h": 185, "names": ["work truck"], "w": 265, "y": 271, "x": 521, "id": 7480149}], "id": 1}, {"objects": [{"h": 103, "names": ["walk sign"], "w": 43, "y": 141, "x": 463, "id": 38245}, {"h": 81, "names": ["backpack"], "w": 72, "y": 362, "x": 359, "id": 38246}, {"h": 255, "names": ["man"], "w": 142, "y": 320, "x": 324, "id": 38247}, {"h": 126, "names": ["car"], "w": 136, "y": 347, "x": 239, "id": 38248}, {"h": 279, "names": ["road"], "w": 372, "y": 321, "x": 3, "id": 38249}, {"h": 223, "names": ["tree"], "w": 73, "y": 146, "x": 0, "id": 38250}, {"h": 201, "names": ["tree"], "w": 61, "y": 155, "x": 58, "id": 38251}, {"h": 163, "names": ["tree"], "w": 83, "y": 195, "x": 110, "id": 38252}, {"h": 107, "names": ["crosswalk"], "w": 366, "y": 492, "x": 0, "id": 38254}, {"h": 247, "names": ["sidewalk"], "w": 415, "y": 343, "x": 384, "id": 38256}, {"h": 179, "names": ["window"], "w": 26, "y": 64, "x": 628, "id": 38257}, {"h": 179, "names": ["window"], "w": 99, "y": 60, "x": 645, "id": 38258}, {"h": 159, "names": ["window"], "w": 57, "y": 71, "x": 742, "id": 38259}, {"h": 114, "names": ["window"], "w": 105, "y": 259, "x": 644, "id": 38260}, {"h": 108, "names": ["window"], "w": 52, "y": 259, "x": 746, "id": 38261}, {"h": 384, "names": ["building"], "w": 251, "y": 4, "x": 547, "id": 38262}, {"h": 76, "names": ["car"], "w": 86, "y": 327, "x": 346, "id": 38263}, {"h": 131, "names": ["street light"], "w": 28, "y": 212, "x": 288, "id": 38265}, {"h": 67, "names": ["sign"], "w": 22, "y": 287, "x": 230, "id": 38266}, {"h": 37, "names": ["sneakers"], "w": 132, "y": 533, "x": 339, "id": 38273}, {"h": 69, "names": ["bike"], "w": 33, "y": 403, "x": 415, "id": 38277}, {"h": 15, "names": ["\"walk\""], "w": 31, "y": 193, "x": 471, "id": 38290}, {"h": 384, "names": ["building"], "w": 251, "y": 4, "x": 547, "id": 7185591}, {"h": 67, "names": ["sign"], "w": 22, "y": 287, "x": 230, "id": 7185592}, {"h": 255, "names": ["man"], "w": 142, "y": 320, "x": 324, "id": 7185593}, {"h": 211, "names": ["trees"], "w": 198, "y": 147, "x": 9, "id": 7185594}, {"h": 126, "names": ["car"], "w": 136, "y": 347, "x": 239, "id": 7185595}, {"h": 429, "names": ["street light"], "w": 122, "y": 37, "x": 377, "id": 7185604}, {"h": 298, "names": ["building"], "w": 282, "y": 13, "x": 165, "id": 7185605}, {"h": 247, "names": ["sidewalk"], "w": 415, "y": 343, "x": 384, "id": 7185609}, {"h": 279, "names": ["road"], "w": 372, "y": 321, "x": 3, "id": 7185613}, {"h": 438, "names": ["pole"], "w": 78, "y": 34, "x": 405, "id": 7185624}, {"h": 26, "names": ["lights"], "w": 32, "y": 284, "x": 227, "id": 7185631}], "id": 2}, {"objects": [{"h": 79, "names": ["office phone"], "w": 98, "y": 266, "x": 456, "id": 38291}, {"h": 24, "names": ["outlet"], "w": 17, "y": 202, "x": 83, "id": 38292}, {"h": 29, "names": ["outlet"], "w": 22, "y": 207, "x": 42, "id": 38293}, {"h": 48, "names": ["keyboard"], "w": 175, "y": 273, "x": 168, "id": 38294}, {"h": 155, "names": ["monitor"], "w": 149, "y": 119, "x": 159, "id": 38295}, {"h": 139, "names": ["cpu"], "w": 88, "y": 340, "x": 212, "id": 38296}, {"h": 244, "names": ["desktop"], "w": 510, "y": 233, "x": 129, "id": 38297}, {"h": 201, "names": ["filing cabinet"], "w": 139, "y": 269, "x": 2, "id": 38298}, {"h": 42, "names": ["drawer"], "w": 94, "y": 423, "x": 48, "id": 38299}, {"h": 123, "names": ["drawer"], "w": 128, "y": 321, "x": 2, "id": 38300}, {"h": 134, "names": ["computer case"], "w": 65, "y": 270, "x": 574, "id": 38301}, {"h": 28, "names": ["mouse"], "w": 29, "y": 296, "x": 346, "id": 38302}, {"h": 61, "names": ["wireless phone"], "w": 38, "y": 268, "x": 465, "id": 38304}, {"h": 66, "names": ["office phone base"], "w": 73, "y": 277, "x": 465, "id": 38305}, {"h": 241, "names": ["desk"], "w": 506, "y": 235, "x": 130, "id": 38307}, {"h": 48, "names": ["multiple outlet"], "w": 89, "y": 190, "x": 42, "id": 38310}, {"h": 33, "names": ["plug"], "w": 26, "y": 208, "x": 43, "id": 38312}, {"h": 21, "names": ["plug"], "w": 15, "y": 207, "x": 66, "id": 38313}, {"h": 25, "names": ["plug"], "w": 16, "y": 200, "x": 85, "id": 38314}, {"h": 23, "names": ["plug"], "w": 17, "y": 200, "x": 106, "id": 38315}, {"h": 149, "names": ["girl"], "w": 94, "y": 89, "x": 544, "id": 38318}, {"h": 50, "names": ["monitor"], "w": 82, "y": 63, "x": 417, "id": 38319}, {"h": 265, "names": ["wall"], "w": 258, "y": 6, "x": 3, "id": 38323}, {"h": 109, "names": ["hair"], "w": 55, "y": 98, "x": 585, "id": 38326}, {"h": 17, "names": ["chain"], "w": 34, "y": 166, "x": 593, "id": 38329}, {"h": 16, "names": ["pen"], "w": 53, "y": 323, "x": 405, "id": 38330}, {"h": 58, "names": ["cable"], "w": 52, "y": 408, "x": 137, "id": 38332}, {"h": 139, "names": ["floor"], "w": 390, "y": 340, "x": 110, "id": 38333}, {"h": 40, "names": ["cable"], "w": 84, "y": 387, "x": 150, "id": 38334}, {"h": 155, "names": ["computer", "monitor"], "w": 149, "y": 119, "x": 159, "id": 7485902}, {"h": 48, "names": ["pluged", "plugged", "outlets"], "w": 89, "y": 190, "x": 42, "id": 7485905}, {"h": 265, "names": ["wall"], "w": 258, "y": 6, "x": 3, "id": 7485904}, {"h": 241, "names": ["desk"], "w": 506, "y": 235, "x": 130, "id": 7485907}, {"h": 134, "names": ["bag"], "w": 65, "y": 270, "x": 574, "id": 7485906}, {"h": 97, "names": ["wall"], "w": 217, "y": 30, "x": 304, "id": 7485909}, {"h": 50, "names": ["monitor", "calendar"], "w": 82, "y": 63, "x": 417, "id": 7485908}, {"h": 109, "names": ["black hair", "dark hair"], "w": 55, "y": 98, "x": 585, "id": 7485911}, {"h": 149, "names": ["woman"], "w": 94, "y": 89, "x": 544, "id": 7485910}, {"h": 16, "names": ["pen"], "w": 53, "y": 323, "x": 405, "id": 7485912}, {"h": 79, "names": ["telephone", "phone"], "w": 98, "y": 266, "x": 456, "id": 7485914}, {"h": 68, "names": ["white top", "white t-shirt"], "w": 101, "y": 174, "x": 538, "id": 7485916}, {"h": 149, "names": ["woman", "girl"], "w": 94, "y": 89, "x": 544, "id": 7485915}, {"h": 81, "names": ["strap"], "w": 69, "y": 333, "x": 570, "id": 7485919}, {"h": 402, "names": ["cubicles"], "w": 513, "y": 71, "x": 125, "id": 7485923}, {"h": 204, "names": ["dividing screen", "partition"], "w": 300, "y": 81, "x": 243, "id": 7485922}, {"h": 44, "names": ["picture"], "w": 61, "y": 2, "x": 210, "id": 7485924}, {"h": 28, "names": ["mouse"], "w": 29, "y": 296, "x": 346, "id": 7485931}, {"h": 95, "names": ["picture", "calendar"], "w": 99, "y": 105, "x": 421, "id": 7485932}, {"h": 57, "names": ["computer"], "w": 101, "y": 56, "x": 413, "id": 7485937}, {"h": 89, "names": ["cables"], "w": 81, "y": 211, "x": 59, "id": 7485939}, {"h": 65, "names": ["wall"], "w": 552, "y": 2, "x": 3, "id": 7485942}, {"h": 45, "names": ["photos"], "w": 341, "y": 3, "x": 209, "id": 7485941}, {"h": 244, "names": ["table"], "w": 510, "y": 233, "x": 129, "id": 7485948}, {"h": 44, "names": ["handle"], "w": 81, "y": 353, "x": 18, "id": 7485950}, {"h": 123, "names": ["drawer"], "w": 128, "y": 321, "x": 2, "id": 7485949}, {"h": 95, "names": ["floor"], "w": 141, "y": 376, "x": 125, "id": 7485956}, {"h": 15, "names": ["necklace"], "w": 32, "y": 169, "x": 585, "id": 7485960}, {"h": 48, "names": ["grey keys"], "w": 175, "y": 273, "x": 168, "id": 7485963}, {"h": 48, "names": ["keyboard"], "w": 175, "y": 273, "x": 168, "id": 7485962}, {"h": 52, "names": ["desk"], "w": 52, "y": 156, "x": 532, "id": 7485965}, {"h": 139, "names": ["computer tower"], "w": 88, "y": 340, "x": 212, "id": 7485967}, {"h": 201, "names": ["cabinet"], "w": 139, "y": 269, "x": 2, "id": 7485969}], "id": 3}, {"objects": [{"h": 300, "names": ["curtains", "curtain"], "w": 280, "y": 1, "x": 360, "id": 38336}, {"h": 157, "names": ["chair"], "w": 92, "y": 214, "x": 387, "id": 38337}, {"h": 27, "names": ["padding"], "w": 72, "y": 284, "x": 407, "id": 38338}, {"h": 86, "names": ["pillow"], "w": 111, "y": 222, "x": 183, "id": 38339}, {"h": 157, "names": ["carpet"], "w": 629, "y": 321, "x": 2, "id": 38340}, {"h": 188, "names": ["floor"], "w": 631, "y": 290, "x": 1, "id": 38341}, {"h": 141, "names": ["desk"], "w": 67, "y": 337, "x": 0, "id": 38342}, {"h": 172, "names": ["couch", "futon"], "w": 260, "y": 210, "x": 105, "id": 38344}, {"h": 57, "names": ["teddy bear", "animal", "doll"], "w": 52, "y": 251, "x": 211, "id": 38345}, {"h": 48, "names": ["color"], "w": 41, "y": 225, "x": 298, "id": 38349}, {"h": 51, "names": ["table top"], "w": 227, "y": 242, "x": 413, "id": 38350}, {"h": 303, "names": ["window"], "w": 154, "y": 4, "x": 485, "id": 38354}, {"h": 107, "names": ["frame"], "w": 265, "y": 274, "x": 103, "id": 38356}, {"h": 200, "names": ["table"], "w": 224, "y": 238, "x": 412, "id": 38358}, {"h": 327, "names": ["door"], "w": 120, "y": 0, "x": 367, "id": 38359}, {"h": 187, "names": ["patio"], "w": 279, "y": 160, "x": 360, "id": 38360}, {"h": 38, "names": ["color"], "w": 22, "y": 38, "x": 575, "id": 38362}, {"h": 20, "names": ["cloths"], "w": 23, "y": 272, "x": 227, "id": 38365}, {"h": 64, "names": ["seats"], "w": 232, "y": 285, "x": 408, "id": 38367}, {"h": 17, "names": ["colour"], "w": 26, "y": 288, "x": 423, "id": 38368}, {"h": 172, "names": ["couch"], "w": 260, "y": 210, "x": 105, "id": 7485975}, {"h": 282, "names": ["drape"], "w": 149, "y": 0, "x": 362, "id": 7485976}, {"h": 200, "names": ["table"], "w": 224, "y": 238, "x": 412, "id": 7485977}, {"h": 129, "names": ["picture"], "w": 92, "y": 230, "x": 0, "id": 7485978}, {"h": 150, "names": ["lamp"], "w": 48, "y": 62, "x": 216, "id": 7485979}, {"h": 157, "names": ["carpet"], "w": 629, "y": 321, "x": 2, "id": 7485981}, {"h": 157, "names": ["chair"], "w": 92, "y": 214, "x": 387, "id": 7485982}, {"h": 57, "names": ["teddy bear"], "w": 52, "y": 251, "x": 211, "id": 7485985}, {"h": 51, "names": ["table top"], "w": 227, "y": 242, "x": 413, "id": 7485986}, {"h": 141, "names": ["desk"], "w": 67, "y": 337, "x": 0, "id": 7485994}, {"h": 86, "names": ["pillow"], "w": 111, "y": 222, "x": 183, "id": 7485999}, {"h": 25, "names": ["box"], "w": 57, "y": 165, "x": 457, "id": 7486010}, {"h": 188, "names": ["floor"], "w": 631, "y": 290, "x": 1, "id": 7486015}, {"h": 107, "names": ["frame"], "w": 265, "y": 274, "x": 103, "id": 7486016}, {"h": 300, "names": ["curtains"], "w": 280, "y": 1, "x": 360, "id": 7486024}], "id": 4}, {"objects": [{"h": 108, "names": ["floor"], "w": 349, "y": 490, "x": 2, "id": 38369}, {"h": 88, "names": ["cables"], "w": 49, "y": 448, "x": 301, "id": 38370}, {"h": 242, "names": ["chairs"], "w": 408, "y": 351, "x": 141, "id": 38372}, {"h": 519, "names": ["wall"], "w": 404, "y": 9, "x": 389, "id": 38373}, {"h": 39, "names": ["light"], "w": 119, "y": 3, "x": 72, "id": 38374}, {"h": 142, "names": ["books"], "w": 370, "y": 88, "x": 429, "id": 38375}, {"h": 370, "names": ["area"], "w": 567, "y": 212, "x": 147, "id": 38377}, {"h": 240, "names": ["chair"], "w": 174, "y": 358, "x": 144, "id": 38378}, {"h": 40, "names": ["color"], "w": 19, "y": 453, "x": 170, "id": 38379}, {"h": 101, "names": ["computer monitor"], "w": 101, "y": 278, "x": 194, "id": 38380}, {"h": 127, "names": ["cpu"], "w": 63, "y": 453, "x": 347, "id": 38382}, {"h": 529, "names": ["door"], "w": 40, "y": 8, "x": 3, "id": 38385}, {"h": 77, "names": ["windows"], "w": 43, "y": 253, "x": 37, "id": 38388}, {"h": 73, "names": ["windows"], "w": 38, "y": 148, "x": 35, "id": 38389}, {"h": 185, "names": ["colour"], "w": 190, "y": 259, "x": 607, "id": 38395}, {"h": 57, "names": ["air conditioner"], "w": 180, "y": 20, "x": 186, "id": 7486026}, {"h": 529, "names": ["door"], "w": 40, "y": 8, "x": 3, "id": 7486027}, {"h": 519, "names": ["wall"], "w": 404, "y": 9, "x": 389, "id": 7486028}, {"h": 101, "names": ["computer monitor"], "w": 101, "y": 278, "x": 194, "id": 7486030}, {"h": 50, "names": ["printer"], "w": 93, "y": 325, "x": 297, "id": 7486029}, {"h": 102, "names": ["shelves"], "w": 372, "y": 132, "x": 425, "id": 7486032}, {"h": 142, "names": ["books"], "w": 370, "y": 88, "x": 429, "id": 7486031}, {"h": 387, "names": ["window"], "w": 91, "y": 41, "x": 42, "id": 7486034}, {"h": 103, "names": ["railing"], "w": 88, "y": 322, "x": 49, "id": 7486033}, {"h": 138, "names": ["cork-board"], "w": 162, "y": 430, "x": 552, "id": 7486035}, {"h": 107, "names": ["desk"], "w": 317, "y": 357, "x": 120, "id": 7486037}, {"h": 240, "names": ["chair"], "w": 174, "y": 358, "x": 144, "id": 7486036}, {"h": 108, "names": ["floor"], "w": 349, "y": 490, "x": 2, "id": 7486041}, {"h": 242, "names": ["chairs"], "w": 408, "y": 351, "x": 141, "id": 7486043}, {"h": 35, "names": ["fax machine"], "w": 92, "y": 378, "x": 311, "id": 7486048}, {"h": 26, "names": ["keyboard"], "w": 116, "y": 401, "x": 240, "id": 7486050}, {"h": 251, "names": ["chair"], "w": 166, "y": 348, "x": 377, "id": 7486054}, {"h": 90, "names": ["window"], "w": 87, "y": 148, "x": 44, "id": 7486057}, {"h": 68, "names": ["paper"], "w": 52, "y": 468, "x": 625, "id": 7486059}, {"h": 39, "names": ["light"], "w": 119, "y": 3, "x": 72, "id": 7486061}, {"h": 528, "names": ["wall"], "w": 245, "y": 3, "x": 145, "id": 7486063}, {"h": 519, "names": ["wall"], "w": 404, "y": 9, "x": 389, "id": 7486065}, {"h": 127, "names": ["computer"], "w": 63, "y": 453, "x": 347, "id": 7486069}, {"h": 597, "names": ["room"], "w": 795, "y": 2, "x": 0, "id": 7486068}, {"h": 91, "names": ["balcony"], "w": 81, "y": 328, "x": 52, "id": 7486077}, {"h": 167, "names": ["clothes"], "w": 148, "y": 430, "x": 380, "id": 7486078}, {"h": 69, "names": ["heater"], "w": 113, "y": 529, "x": 421, "id": 7486080}], "id": 5}]