<benchmark>
	<entries>
		<entry category="Astronaut" eid="Id1" size="6">
			<originaltripleset>
				<otriple>Alan_Bean | nationality | United_States</otriple>
				<otriple>Alan_Bean | occupation | Test_pilot</otriple>
				<otriple>Alan_Bean | birthDate | "1932-03-15"^^xsd:date</otriple>
				<otriple>Alan_Bean | almaMater | "UT Austin, B.S. 1955"@en</otriple>
				<otriple>Alan_Bean | birthPlace | Wheeler,_Texas</otriple>
				<otriple>Alan_Bean | timeInSpace | "100305.0"^^&lt;http://dbpedia.org/datatype/minute&gt;</otriple>
			</originaltripleset>
			<modifiedtripleset>
				<mtriple>Alan_Bean | nationality | United_States</mtriple>
				<mtriple>Alan_Bean | occupation | Test_pilot</mtriple>
				<mtriple>Alan_Bean | birthDate | "1932-03-15"</mtriple>
				<mtriple>Alan_Bean | almaMater | "UT Austin, B.S. 1955"</mtriple>
				<mtriple>Alan_Bean | birthPlace | Wheeler,_Texas</mtriple>
				<mtriple>Alan_Bean | timeInSpace | "100305.0"(minutes)</mtriple>
			</modifiedtripleset>
			<lex comment="good" lid="Id1">
				<sortedtripleset>
					<sentence ID="1">
						<striple>Alan_Bean | nationality | United_States</striple>
						<striple>Alan_Bean | birthPlace | Wheeler,_Texas</striple>
						<striple>Alan_Bean | birthDate | "1932-03-15"</striple>
					</sentence>
					<sentence ID="2">
						<striple>Alan_Bean | almaMater | "UT Austin, B.S. 1955"</striple>
						<striple>Alan_Bean | occupation | Test_pilot</striple>
						<striple>Alan_Bean | timeInSpace | "100305.0"(minutes)</striple>
					</sentence>
				</sortedtripleset>
				<references>
					<reference entity="United_States" number="1" tag="PATIENT-1" type="name">US</reference>
					<reference entity="Alan_Bean" number="2" tag="AGENT-1" type="name">Alan Bean</reference>
					<reference entity="Wheeler,_Texas" number="3" tag="PATIENT-5" type="name">Wheeler Texas</reference>
					<reference entity="&quot;1932-03-15&quot;" number="4" tag="PATIENT-3" type="name">March 15th 1932</reference>
					<reference entity="&quot;UT Austin, B.S. 1955&quot;" number="5" tag="PATIENT-4" type="description">a Bachelor of Science degree at the University of Texas</reference>
					<reference entity="Alan_Bean" number="6" tag="AGENT-1" type="name">Austin in 1955 , he</reference>
					<reference entity="Test_pilot" number="7" tag="PATIENT-2" type="description">a test pilot</reference>
					<reference entity="&quot;100305.0&quot;(minutes)" number="8" tag="PATIENT-6" type="name">100305.0 minutes</reference>
				</references>
				<text>US national Alan Bean was born in Wheeler Texas on March 15th 1932. After being awarded a Bachelor of Science degree at the University of Texas, Austin in 1955, he became a test pilot for NASA and enjoyed 100305.0 minutes in space.</text>
				<template>PATIENT-1 national AGENT-1 was born in PATIENT-5 on PATIENT-3 . After being awarded PATIENT-4 , AGENT-1 became PATIENT-2 for NASA and enjoyed PATIENT-6 in space .</template>
				<lexicalization>PATIENT-1 national AGENT-1 VP[aspect=simple,tense=past,voice=passive,person=null,number=singular] bear in PATIENT-5 on PATIENT-3 . After VP[aspect=simple,tense=present,voice=active,person=null,number=null] award PATIENT-4 , AGENT-1 VP[aspect=simple,tense=past,voice=active,person=null,number=null] become PATIENT-2 for NASA and VP[aspect=simple,tense=past,voice=active,person=null,number=null] enjoy PATIENT-6 in space .</lexicalization>
			</lex>
			<entitymap>
				<entity>AGENT-1 | Alan_Bean</entity>
				<entity>PATIENT-1 | United_States</entity>
				<entity>PATIENT-2 | Test_pilot</entity>
				<entity>PATIENT-3 | "1932-03-15"</entity>
				<entity>PATIENT-4 | "UT Austin, B.S. 1955"</entity>
				<entity>PATIENT-5 | Wheeler,_Texas</entity>
				<entity>PATIENT-6 | "100305.0"(minutes)</entity>
			</entitymap>
		</entry>
		</entries>
</benchmark>
