<benchmark>
  <entries>
    <entry category="Astronaut" eid="Id1" shape="(X (X) (X) (X) (X) (X))" shape_type="sibling" size="5">
      <originaltripleset>
        <otriple>Alan_Bean | nationality | United_States</otriple>
        <otriple>Alan_Bean | occupation | Test_pilot</otriple>
        <otriple>Alan_Bean | birthPlace | Wheeler,_Texas</otriple>
        <otriple>Alan_Bean | selection | 1963</otriple>
        <otriple>Alan_Bean | status | "Retired"@en</otriple>
      </originaltripleset>
      <modifiedtripleset>
        <mtriple>Alan_Bean | nationality | United_States</mtriple>
        <mtriple>Alan_Bean | occupation | Test_pilot</mtriple>
        <mtriple>Alan_Bean | birthPlace | Wheeler,_Texas</mtriple>
        <mtriple>Alan_Bean | was selected by NASA | 1963</mtriple>
        <mtriple>Alan_Bean | status | "Retired"</mtriple>
      </modifiedtripleset>
      <lex comment="good" lid="Id1">The American test pilot Alan Bean (born in Wheeler, Texas) was selected by NASA in 1963. He is now retired.</lex>
      <lex comment="good" lid="Id2">Alan Bean is a retired American, who was born in Wheeler, Texas. He served as a test pilot and was selected by NASA in 1963.</lex>
      <lex comment="good" lid="Id3">Alan Bean is a US national born in Wheeler, Texas. He is a retired test pilot who joined NASA in 1963.</lex>
    </entry>
    </entries>
</benchmark>