<?xml version="1.0" encoding="UTF-8"?>
<mteval>
<refset setid="iwslt2017-tst2013" srclang="english" trglang="arabic" refid="ref">
<doc docid="1699" genre="lectures">
 <url>http://www.ted.com/talks/richard_turere_a_peace_treaty_with_the_lions</url>
 <description>TED Talk Subtitles and Transcript: في مجتمع الماسي حيث يعيش ريتشارد ذو ١٣ عاما، حيث كل الأهمية للماشية.لكن الأسود تهاجمهم بشكل متكرر.في هذه العجالة. حديث ملهم يشاركنا به مخترع يافع عن القوة الشمسية في وضع حل سالم ومخصص لأخافة الأسود بعيدا عن الحظائر.</description>
 <keywords>talks, agriculture, biodiversity, technology</keywords>
 <talkid>1699</talkid>
 <title>ريتشارد تورير: إختراعي الذي صنع السلام مع الأسود</title>
 <reviewer href="http://www.ted.com/profiles/37209">Ayman Mahmoud</reviewer>
 <translator href="http://www.ted.com/profiles/1098563">ahmad aleskafi</translator>
<seg id="1">  هنا حيث أعيش.أعيش في كينيا, في الجهة الجنوبية من منتزه نيروبي الوطني.  </seg>
<seg id="2">  هذه أبقار أبي خلفي, وخلف هذه الأبقار, يقع منتزه نيروبي الوطني.  </seg>
<seg id="3">  منتزه نيروبي الوطني ليس مسور في الجهة الجنوبية وعلى نطاق واسع, مما يعني أن حيوانات متوحشة كالحمير الوحشية تهاجر إلى خارج المنتزه بشكل حر.  </seg>
<seg id="4">  حتى الحيوانات المتوحشة كالأسود تلحق بهم, وهذا ما يفعلونه.  </seg>
<seg id="5">  يقتلون ماشيتنا.  </seg>
