<?xml version="1.0" encoding="UTF-8"?>
<mteval>
<refset setid="iwslt2017-tst2011" srclang="english" trglang="arabic" refid="ref">
<doc docid="1176" genre="lectures">
 <url>http://www.ted.com/talks/jok_church_a_circle_of_caring</url>
 <description>TED Talk Subtitles and Transcript: في هذه الثلاث دقائق من الحديث يخبرنا رسام الكاريكاتير والمربي جورك شارش قصة مؤثرة عن المعلم الذي اهتم به حين لم يفعل ذلك الاخرين -- وكيف قام برد الجميل له.</description>
 <keywords>talks, culture, education, love, storytelling</keywords>
 <talkid>1176</talkid>
 <title>جورك شارش: دائرة من الاهتمام</title>
 <reviewer href="http://www.ted.com/profiles/122540">Anwar Dafa-Alla</reviewer>
 <translator href="http://www.ted.com/profiles/702634">Ahmed Bamarouf</translator>
<seg id="1">  كما تعلمون ان ما اقوم به هو الكتابه للاطفال, وانا على الارجح في امريكا المؤلف الاكثر قراءة من الاطفال,في الحقيقة  </seg>
<seg id="2">  وكما اخبر الناس دائما انني لا احب الظهور في صورة عالم  </seg>
<seg id="3">  يمكنك مشاهدتي كمزارع , او في ملابس جلدية, ولم يقم اي احد باختيار المزارع على الاطلاق  </seg>
<seg id="4">  انا هنا اليوم للحديث اليكم عن الدوائر وادراك الحقائق.  </seg>
<seg id="5">  وكما تعلمون ,ادراك الحقيقة هو غالبا ان تجد شيئا كنت قد اسقطته في مكان ما.  </seg>
