<?xml version="1.0" encoding="UTF-8"?>
<mteval>
<refset setid="iwslt2017-tst2015" srclang="english" trglang="arabic" refid="ref">
<doc docid="2183" genre="lectures">
 <url>http://www.ted.com/talks/marc_kushner_why_the_buildings_of_the_future_will_be_shaped_by_you</url>
 <description>TED Talk Subtitles and Transcript: يقول مارك كوشنر: "الهندسة المعمارية لا تتعلق فقط بالرياضيات والتقسيم، بل هي تلك التقاطعات الحسية المشحونة". في محادثة مرحة وكاسحة، يركز باهتمامه على الثلاثين سنة الأخيرة من الهندسة المعمارية ليظهر كيف أن الجماهير بمجرد فصلهم، يصبحون جزء هاما من عملية التصميم. بالاستعانة الوسائط الاجتماعية، تصل الملاحظات والانتقادات للمهندسين المعماريين قبل حتى أن يُشرع في إنشاء البناية. والنتيجة؟ هندسة معمارية ستخدمنا أكثر من أي وقت مضى.</description>
 <keywords>talks, TED Books, architecture, design, social media</keywords>
 <talkid>2183</talkid>
 <title>مارك كوشنر: لم ستكون أنت من يحدّد شكل مباني المستقبل</title>
 <reviewer href="http://www.ted.com/profiles/361170">Khalid Marbou</reviewer>
 <translator href="http://www.ted.com/profiles/645049">Lalla Khadija Tigha</translator>
<seg id="1">  سأحدثكم اليوم عن 30 عاما من تاريخ الهندسة.  </seg>
<seg id="2">  هذا أمر كبير جدا لألخصه في 18 دقيقة.  </seg>
<seg id="3">  إنه موضوع معقد، لذلك فإننا سنتوجه مباشرة إلى مكان معقد: إلى نيو جيرسي،  </seg>
<seg id="4">  لأنه منذ 30 سنة، أنا من نيوجيرسي، كنت في السادسة من عمري، وكنت أعيش هناك مع والدي في مدينة تدعى ليفينغستون، وكانت هذه غرفة نومي.  </seg>
<seg id="5">  عند زاوية غرفتي كان هناك حمام أتقاسمه مع أختي.  </seg>
