<?xml version="1.0" encoding="UTF-8"?>
<mteval>
<refset setid="iwslt2017-tst2012" srclang="english" trglang="arabic" refid="ref">
<doc docid="1404" genre="lectures">
 <url>http://www.ted.com/talks/ayah_bdeir_building_blocks_that_blink_beep_and_teach</url>
 <description>TED Talk Subtitles and Transcript: تخيلوا طقم إلكترونيات يسهل اللعب بها مثل الليغو. تعرض زميلة TED آية بدير "ليتل-بيتس"، طقم من الوحدات التبادلية البسيطة والتي تجعل البرمجة جزء بسيطا ومهما من الإبداع بدرجة سهولة إطباق قطع مع بعضها البعض.</description>
 <keywords>talks, TED Fellows, code, creativity, education, technology, toy</keywords>
 <talkid>1404</talkid>
 <title>آية بدير: وحدات بناء تومض وتصفر وتُعلم</title>
 <reviewer href="http://www.ted.com/profiles/961964">Rawan Al-Wazzan</reviewer>
 <translator href="http://www.ted.com/profiles/361170">Khalid Marbou</translator>
<seg id="1">  قد يبدو هذا غريبا، لكنني معجبة جدا بوحدات الخرسانة.  </seg>
<seg id="2">  أولى وحدات الخرسانة تم تصنيعها سنة 1868 بفكرة بسيطة جدا: وحدات مصنوعة من الاسمنت بقياسات ثابتة متوافقة مع بعضها البعض.  </seg>
<seg id="3">  أصبحت وحدات الخرسانة بسرعة أكثر وحدات البناء استخداما في العالم.  </seg>
<seg id="4">  أتاحت لنا بناء أشياء أكبر منا، بنايات، أبراج، آجرة واحدة كل مرة.  </seg>
<seg id="5">  وقد صارت وحدات الخرسانة في الأساس وحدات بناء زمننا.  </seg>
