<?xml version="1.0" encoding="UTF-8"?>
<mteval>
<refset setid="iwslt2017-tst2010" srclang="english" trglang="arabic" refid="ref">
<doc docid="837" genre="lectures">
 <url>http://www.ted.com/talks/tom_wujec_build_a_tower</url>
 <description>TED Talk Subtitles and Transcript: يقدم توم وجيك بعض البحوث المدهشة بشدة "لمسألة حلوى مارش مالو"-- فريق صغير- يقوم بتمرين يشمل الماكرونة الجافة، شريط بطول ياردة وحلوى المارش مالو. من يستطيع بناء أطول برج بهذه المكونات؟ ولماذا تستطيع مجموعة صغيرة باستغراب تخطي المتوسط؟</description>
 <keywords>talks, business, collaboration, culture, design, entertainment, psychology</keywords>
 <talkid>837</talkid>
 <title>توم ووجاك: بناء برج، بناء فريق</title>
 <reviewer href="http://www.ted.com/profiles/321965">Mahmoud Aghiorly</reviewer>
 <translator href="http://www.ted.com/profiles/122540">Anwar Dafa-Alla</translator>
<seg id="1">  قبل عدة سنوات، هنا في تيد، قدّم بيتر سكيلمان منافسة تصميم تسمى منافسة حلوى المارش مالو.  </seg>
<seg id="2">  والفكرة غاية في البساطة. فريق مكوّن من اربعة يجب أن يبني أطول هيكل مستقيم من 20 قطعة من الماكرونة، وشريط بطول ياردة واحدة، وحبل بطول ياردة وحلوى المارش مالو.  </seg>
<seg id="3">  يجب أن تكون المارش مالو على القمة.  </seg>
<seg id="4">  ورغماً عن أنها تبدو بسيطة للغاية، إلا انها صعبة للغاية، لأنها تجبر الناس على التعاون بسرعة جداً.  </seg>
<seg id="5">  لذا فقد فكرت بأن هذه فكرة مثيرة، وقمت بتضمينها في ورشة عمل للتصميم.  </seg>
