path	sentence	client_id
common_voice_zh-CN_18536372.mp3	对于更高阶的导数，我们可以继续同样的过程。	c69453a9ae8cdd8ce47e767209e28e254719861de178ac57dfcc4018e0786a51541dda25d2468764d21722b2613ec628063aa15c64aa13dd35a5a5862fadcf04
common_voice_zh-CN_18536373.mp3	乳头凹陷也称为乳头内陷，是指乳头凹陷，未突出乳房的情形。	c69453a9ae8cdd8ce47e767209e28e254719861de178ac57dfcc4018e0786a51541dda25d2468764d21722b2613ec628063aa15c64aa13dd35a5a5862fadcf04
common_voice_zh-CN_18995710.mp3	明朝官员。	18ae8ca92d00a2996451c2e622a85b2d559074f6781a124ae3983d8d7d08d800cbfcdf8bdf86b2e4c6fb252bb9fee3e15e7603c56ca3705ce02f31979ddf485e
common_voice_zh-CN_18995711.mp3	他曾经在哥伦比亚大学执教。	18ae8ca92d00a2996451c2e622a85b2d559074f6781a124ae3983d8d7d08d800cbfcdf8bdf86b2e4c6fb252bb9fee3e15e7603c56ca3705ce02f31979ddf485e
common_voice_zh-CN_18646658.mp3	局部干涩的例子包括有口干、眼睛干燥、及阴道干燥。	0697ece1f99a08477906d0f3b4e74e1d6ffca76c20a7db9cf577874030a7162cdf6d947fa203eb85deb4b7aa8c83a1daa182629d80675db8167e648fa176cbd4
common_voice_zh-CN_18776118.mp3	嘉靖三十八年，登进士第三甲第二名。	077c6d812d0152245b7577ae430775781d98306ed0d264c8f7636f780582d71c1a5f3b66ea3cf95ca002dfdd81842c62d684ab2b97fd72e4e1bfae8b3d465d84
