<?xml version='1.0' encoding='utf-8'?>
<entailment-corpus>
  <pair entailment="None" id="0" similarity="3.8">
    <t>O cachorro caramelo está assistindo um cachorro castanho que está nadando em uma lagoa</t>
    <h>Um cachorro de estimação está de pé no banco e está olhando outro cachorro, que é castanho, na lagoa</h>
  </pair>
  <pair entailment="Entailment" id="1" similarity="3.75">
    <t>O cara está fazendo exercícios no chão</t>
    <h>Um cara está fazendo exercícios</h>
  </pair>
  <pair entailment="Entailment" id="2" similarity="4.4">
    <t>Um cachorro grande e um cachorro pequenino estão parados ao lado do balcão da cozinha e estão investigando</t>
    <h>Um cachorro grande e um cachorro pequenino estão de pé no balcão da cozinha e investigam</h>
  </pair>
  <pair entailment="None" id="3" similarity="3.8">
    <t>Um menino jovem vestindo um traje de banho vermelho está pulando em uma piscina de crianças azul</t>
    <h>Um menino jovem está vestindo um maiô vermelho e pulando para fora de uma piscina de criança</h>
  </pair>
  <pair entailment="Entailment" id="4" similarity="4.75">
    <t>Um cara velho com uma barba que é cinza está andando de bicicleta</t>
    <h>Um cara velho com uma barba grisalha está andando de bicicleta</h>
  </pair>
  <pair entailment="Entailment" id="5" similarity="4.0">
    <t>Uma garrafa está sendo lambida pelo gato</t>
    <h>O gato está lambendo um objeto</h>
  </pair>
  <pair entailment="None" id="6" similarity="2.0">
    <t>As pessoas não estão andando na estrada ao lado de uma bela cachoeira</t>
    <h>Uma cachoeira está fluindo em uma piscina rasa</h>
  </pair>
  <pair entailment="Entailment" id="7" similarity="4.25">
    <t>Um cara em uma bicicleta está andando em uma roda só</t>
    <h>Um cara está andando de bicicleta com uma roda só</h>
  </pair>
  <pair entailment="None" id="8" similarity="3.3">
    <t>Uma mulher está andando a cavalo</t>
    <h>Não tem nenhuma mulher andando a cavalo</h>
  </pair>
  <pair entailment="None" id="9" similarity="1">
    <t>Uma pessoa não está descascando uma banana</t>
    <h>Um homem está lendo um e-mail</h>
  </pair>
  <pair entailment="Entailment" id="10" similarity="4.9">
    <t>Uma criança jovem negra está esperando na beira de um corpo d'água perto de alguns baldes</t>
    <h>Uma jovem criança negra está parada na beira de uma poça de água perto de alguns baldes</h>
  </pair>
  <pair entailment="None" id="11" similarity="3.0">
    <t>O monte de homens está brincando com lama em um campo de rúgbi</t>
    <h>Alguns homens estão jogando rúgbi</h>
  </pair>
</entailment-corpus>