entertainment,…म्हणून सानिया मिर्झाची ड्यू डेट आहे खास
entertainment,Video : दीपिका-रणवीरच्या लग्नाचा मेन्यू झाला लीक!
sports,"सचिनच्या रणजी कारकीर्दीचा शेवट गोड, मुंबईचा विजय"
state,पुरंदरेंना महाराष्ट्र भूषण पुरस्काराविरोधात संभाजी ब्रिगेड रस्त्यावर
sports,"जयपूर पोलिसांच्या जाहिरातीवर बुमराह संतापला, सुनावले खडेबोल"
state,संतप्त ग्रामस्थांनी राष्ट्रवादी आमदाराच्या दिशेनं भिरकावल्या पाण्याने भरलेल्या घागरी
