<benchmark>
  <entries>
    <entry category="Monument" eid="Id1" shape="(X (X) (X))" shape_type="sibling" size="2">
      <originaltripleset>
        <otriple>11th_Mississippi_Infantry_Monument | category | Contributing_property</otriple>
        <otriple>11th_Mississippi_Infantry_Monument | municipality | Gettysburg,_Pennsylvania</otriple>
      </originaltripleset>
      <modifiedtripleset>
        <mtriple>11th_Mississippi_Infantry_Monument | category | Contributing_property</mtriple>
        <mtriple>11th_Mississippi_Infantry_Monument | municipality | Gettysburg,_Pennsylvania</mtriple>
      </modifiedtripleset>
      <lex lang="en" lid="Id1">The 11th Mississippi Infantry Monument is in the municipality of Gettysburg, Pennsylvania and is categorised as a contributing property.</lex>
      <lex lang="ru" lid="Id1">Памятник 11-й пехоте Миссисипи находится в муниципалитете Геттисберг, штат Пенсильвания, и относится к категории объектов культурного наследия.</lex>
      <lex lang="en" lid="Id2">The 11th Mississippi Infantry Monument is categorised as a contributing property and can be found in Gettysburg, Pennsylvania.</lex>
      <lex lang="ru" lid="Id2">Памятник 11-й пехоте Миссисипи относится к категории "Имущество" и может быть найден в Геттисберге, штат Пенсильвания.</lex>
      <lex lang="en" lid="Id3">The 11th Mississippi Infantry Monument falls under the category of Contributing property and is placed in the municipality of Gettysburg in Pennsylvania.</lex>
      <lex lang="ru" lid="Id3">Памятник 11-й пехотной дивизии Миссисипи входит в категорию “Имущество” и размещен в муниципалитете Геттисберг, штат Пенсильвания.</lex>
      <dbpedialinks>
        <dbpedialink direction="en2ru">Gettysburg,_Pennsylvania | sameAs | Геттисберг</dbpedialink>
      </dbpedialinks>
      <links>
        <link direction="en2ru">11th Mississippi Infantry Monument | sameAs | Памятник 11-му пехотному полку Миссисипи</link>
        <link direction="en2ru">Contributing property | sameAs | историческое здание / историческая ценность</link>
      </links>
    </entry>
    </entries>
</benchmark>