<benchmark>
  <entries>
    <entry category="MeanOfTransportation" eid="Id1" shape="(X (X) (X (X)) (X (X)))" shape_type="mixed" size="5">
      <originaltripleset>
        <otriple>AIDA_Cruises | location | Germany</otriple>
        <otriple>Costa_Crociere | parent | Carnival_Corporation_&amp;_plc</otriple>
        <otriple>AIDAstella | shipOperator | AIDA_Cruises</otriple>
        <otriple>AIDAstella | shipBuilder | Meyer_Werft</otriple>
        <otriple>AIDAstella | shipOwner | Costa_Crociere</otriple>
      </originaltripleset>
      <originaltripleset>
        <otriple>AIDA_Cruises | location | Germany</otriple>
        <otriple>Costa_Crociere | parentCompany | Carnival_Corporation_&amp;_plc</otriple>
        <otriple>AIDAstella | shipOperator | AIDA_Cruises</otriple>
        <otriple>AIDAstella | shipBuilder | Meyer_Werft</otriple>
        <otriple>AIDAstella | shipOwner | Costa_Crociere</otriple>
      </originaltripleset>
      <modifiedtripleset>
        <mtriple>AIDA_Cruises | location | Germany</mtriple>
        <mtriple>Costa_Crociere | parentCompany | Carnival_Corporation_&amp;_plc</mtriple>
        <mtriple>AIDAstella | operator | AIDA_Cruises</mtriple>
        <mtriple>AIDAstella | builder | Meyer_Werft</mtriple>
        <mtriple>AIDAstella | owner | Costa_Crociere</mtriple>
      </modifiedtripleset>
      <lex comment="good" lid="Id1">AIDAstella was built by Meyer Werft, owned by Costa Crociere, the parent company of which is, Carnival Corporation &amp; plc. AIDAstella is operated by AIDA Cruises which is located in Germany.</lex>
      <lex comment="good" lid="Id2">Carnival Corporation &amp; plc is the parent company of Costa Crociere which is the owner of the AIDAstella. The AIDAstella was built by Meyer Werft and is operated by AIDA Cruises which is based in Germany.</lex>
      <lex comment="good" lid="Id3">Carnival Corporation &amp; plc is the parent company of Costa Crociere, who own the AIDAstella. AIDAstella was built by Meyer Werft and is operated by AIDA Cruise Line, located in Germany.</lex>
    </entry>
    </entries>
</benchmark>