<benchmark>
  <entries>
    <entry category="Athlete" eid="Id1" shape="(X (X) (X (X)) (X (X)))" shape_type="mixed" size="5">
      <originaltripleset>
        <otriple>Abel_Hernández | youthclubs | Peñarol</otriple>
        <otriple>Central_Español | league | Uruguayan_Segunda_División</otriple>
        <otriple>Abel_Hernández | team | Central_Español</otriple>
        <otriple>Peñarol | manager | Jorge_Orosmán_da_Silva</otriple>
        <otriple>Abel_Hernández | clubs | U.S._Città_di_Palermo</otriple>
      </originaltripleset>
      <originaltripleset>
        <otriple>Abel_Hernández | youthclubs | Peñarol</otriple>
        <otriple>Abel_Hernández | clubs | Central_Español</otriple>
        <otriple>Central_Español | league | Uruguayan_Segunda_División</otriple>
        <otriple>Peñarol | manager | Jorge_Orosmán_da_Silva</otriple>
        <otriple>Abel_Hernández | team | U.S._Città_di_Palermo</otriple>
      </originaltripleset>
      <modifiedtripleset>
        <mtriple>Abel_Hernández | youthclub | Peñarol</mtriple>
        <mtriple>Central_Español | league | Uruguayan_Segunda_División</mtriple>
        <mtriple>Abel_Hernández | club | Central_Español</mtriple>
        <mtriple>Peñarol | manager | Jorge_Orosmán_da_Silva</mtriple>
        <mtriple>Abel_Hernández | club | U.S._Città_di_Palermo</mtriple>
      </modifiedtripleset>
      <lex comment="good" lid="Id1">Penarol, where Abel Hernandez played youth football, is managed by Jorge Orosmán da Silva. Hernandez later played for Uruguayan Segunda División side Central Español and then moved to U.S. Città di Palermo.</lex>
      <lex comment="good" lid="Id2">Abel Hernandez is a member of Penarol's youth club and the club is managed by Jorge Orosmán da Silva. US Citta di Palermo and the Central Espanol are also Mr. Hernandez's clubs. The latter club is part of the Uruguayan Segunda División league.</lex>
      <lex comment="good" lid="Id3">In his youth, Abel Hernández played for Peñarol where Jorge Orosman da Silva is the manager. He currently plays for US Citta di Palermo and also in the Uruguayan Segunda Division league with Central Espanol.</lex>
    </entry>
    </entries>
</benchmark>