[{"dialogue_id": 0, "chat_logs": [{"text": "Hello! \ud83d\ude42 Let's work together on a deal for these packages, shall we? What are you most interested in?", "task_data": {}, "id": "mturk_agent_1"}, {"text": "Hey! I'd like some more firewood to keep my doggo warm. What do you need?", "task_data": {}, "id": "mturk_agent_2"}, {"text": "I need firewood as well. We have a large group consisting of mostly senior citizens, including my grandma, so we'd like the firewood to keep everyone warm.", "task_data": {}, "id": "mturk_agent_1"}, {"text": "I see. \ud83d\ude2e What are you least interested in?", "task_data": {}, "id": "mturk_agent_2"}, {"text": "We can make do without extra water. Can we trade two waters for an extra firewood package and an extra food package?", "task_data": {}, "id": "mturk_agent_1"}, {"text": "We could do without the water as well. I'm willing to trade you 3 firewood for 3 food and 2 waters", "task_data": {}, "id": "mturk_agent_2"}, {"text": "We need some firewood too, though! \u2639\ufe0f Let's try to make a deal that benefits us both! \ud83d\ude42 Could I have 1 firewood, 3 food, and 3 waters?", "task_data": {}, "id": "mturk_agent_1"}, {"text": "I meant I would give you my firewood, what would you trade in return?", "task_data": {}, "id": "mturk_agent_2"}, {"text": "Oh sorry for the confusion. \ud83d\ude2e In that case, thank you for the generosity! \ud83d\ude42 How about if I have 3 firewood, 1 food, and 1 water?", "task_data": {}, "id": "mturk_agent_1"}, {"text": "I can do that for 3 food and 3 water?", "task_data": {}, "id": "mturk_agent_2"}, {"text": "I think we're close. Let's shake hands on this: 3 firewood, 1 food for me, and then 2 food and 3 water for you. I'll make sure your food packages have extra doggy treats! \ud83d\ude42 Is that a deal?", "task_data": {}, "id": "mturk_agent_1"}, {"text": "Submit-Deal", "task_data": {"issue2youget": {"Firewood": "0", "Water": "3", "Food": "2"}, "issue2theyget": {"Firewood": "3", "Water": "0", "Food": "1"}}, "id": "mturk_agent_2"}, {"text": "Accept-Deal", "task_data": {"data": "accept_deal"}, "id": "mturk_agent_1"}], "participant_info": {"mturk_agent_1": {"value2issue": {"Medium": "Food", "Low": "Water", "High": "Firewood"}, "value2reason": {"High": "We have a larger group than normal and therefore require extra firewood to keep everyone warm, and we also have no lanterns or other light source available.", "Medium": "Extra food will be needed to feed our larger than normal-sized group or else we'll go hungry which will certainly impact our trip in a negative way.", "Low": "Our group has sufficient water from our complement basic supplies, particularly if we ration the water sparingly among ourselves."}, "outcomes": {"points_scored": 19, "satisfaction": "Slightly satisfied", "opponent_likeness": "Slightly like"}, "demographics": {"age": 43, "gender": "male", "ethnicity": "white american", "education": "some 4 year college, bachelor's degree"}, "personality": {"svo": "proself", "big-five": {"extraversion": 5.0, "agreeableness": 6.0, "conscientiousness": 6.0, "emotional-stability": 5.0, "openness-to-experiences": 5.5}}}, "mturk_agent_2": {"value2issue": {"Low": "Food", "Medium": "Water", "High": "Firewood"}, "value2reason": {"High": "my dog has fleas, the fire repels them.", "Medium": "i'm dehydrated, and i need to drink constantly.", "Low": "i'm on a diet, trying to lose weight."}, "outcomes": {"points_scored": 18, "satisfaction": "Extremely satisfied", "opponent_likeness": "Extremely like"}, "demographics": {"age": 22, "gender": "female", "ethnicity": "asian american", "education": "some 4 year college, bachelor's degree"}, "personality": {"svo": "proself", "big-five": {"extraversion": 4.0, "agreeableness": 6.0, "conscientiousness": 5.5, "emotional-stability": 3.0, "openness-to-experiences": 7.0}}}}, "annotations": [["Hello! \ud83d\ude42 Let's work together on a deal for these packages, shall we? What are you most interested in?", "promote-coordination,elicit-pref"], ["Hey! I'd like some more firewood to keep my doggo warm. What do you need?", "other-need,elicit-pref"], ["I need firewood as well. We have a large group consisting of mostly senior citizens, including my grandma, so we'd like the firewood to keep everyone warm.", "other-need"], ["I see. \ud83d\ude2e What are you least interested in?", "elicit-pref"], ["We can make do without extra water. Can we trade two waters for an extra firewood package and an extra food package?", "non-strategic"], ["We could do without the water as well. I'm willing to trade you 3 firewood for 3 food and 2 waters", "promote-coordination"], ["We need some firewood too, though! \u2639\ufe0f Let's try to make a deal that benefits us both! \ud83d\ude42 Could I have 1 firewood, 3 food, and 3 waters?", "promote-coordination"], ["I meant I would give you my firewood, what would you trade in return?", "promote-coordination"], ["Oh sorry for the confusion. \ud83d\ude2e In that case, thank you for the generosity! \ud83d\ude42 How about if I have 3 firewood, 1 food, and 1 water?", "non-strategic"], ["I can do that for 3 food and 3 water?", "non-strategic"], ["I think we're close. Let's shake hands on this: 3 firewood, 1 food for me, and then 2 food and 3 water for you. I'll make sure your food packages have extra doggy treats! \ud83d\ude42 Is that a deal?", "small-talk"]]}, {"dialogue_id": 1, "chat_logs": [{"text": "Hello. How are you?", "task_data": {}, "id": "mturk_agent_2"}, {"text": "I am good. I am pretty excited for the trip this weekend. what about you?", "task_data": {}, "id": "mturk_agent_1"}, {"text": "Very excited. It will be fun.", "task_data": {}, "id": "mturk_agent_2"}, {"text": "Yes, Hopefully the weather holds up. So I was thinking, i am bringning my two kids along with me, and they will need food, so I was thinking i could take the three foods, and either one of the firewood or water, up to you.", "task_data": {}, "id": "mturk_agent_1"}, {"text": "I would also like a little extra food for my kids. Maybe we can split it somehow?", "task_data": {}, "id": "mturk_agent_2"}, {"text": "Ok, I am willing to give you one food, in exchange for two firewoods, that would mean you get 3 waters, 1 food and 1 firewood. you get 5 items, while i get 4.", "task_data": {}, "id": "mturk_agent_1"}, {"text": "If I only get 1 food, than I would like 2 firewood. So you get 2 food, 1 firewood, and 1 water.", "task_data": {}, "id": "mturk_agent_2"}, {"text": "No i do not need water, as i am camping near a potable stream. I would like 2 firewood. It is only fair that i get two firewood, since you are getting more supplies (5), i think i should be able to choose what 4 i should get.", "task_data": {}, "id": "mturk_agent_1"}, {"text": "No, if you get 2 food, it's only fair that I get 2 firewood. ", "task_data": {}, "id": "mturk_agent_2"}, {"text": "Then i will take 3 waters, and 2 food.", "task_data": {}, "id": "mturk_agent_1"}, {"text": "Okay I will take all the firewood and 1 food.", "task_data": {}, "id": "mturk_agent_2"}, {"text": "Submit-Deal", "task_data": {"issue2youget": {"Food": "2", "Firewood": "0", "Water": "3"}, "issue2theyget": {"Food": "1", "Firewood": "3", "Water": "0"}}, "id": "mturk_agent_1"}, {"text": "Accept-Deal", "task_data": {"data": "accept_deal"}, "id": "mturk_agent_2"}], "participant_info": {"mturk_agent_2": {"value2issue": {"High": "Food", "Low": "Water", "Medium": "Firewood"}, "value2reason": {"High": "when I get nervous or scared I eat, so I'd like more food", "Medium": "I don't like the dark, so this would help keep it light.", "Low": "I can do without water, but will take it."}, "outcomes": {"points_scored": 17, "satisfaction": "Slightly satisfied", "opponent_likeness": "Slightly like"}, "demographics": {"age": 43, "gender": "female", "ethnicity": "white american", "education": "high school graduate / ged"}, "personality": {"svo": "proself", "big-five": {"extraversion": 1.0, "agreeableness": 7.0, "conscientiousness": 5.0, "emotional-stability": 7.0, "openness-to-experiences": 6.0}}}, "mturk_agent_1": {"value2issue": {"High": "Food", "Low": "Water", "Medium": "Firewood"}, "value2reason": {"High": "I am camping with two children, and need food to keep them comfortable", "Medium": "It eliminates the heavy misquito coverage at night", "Low": "The stream nearby is very clean"}, "outcomes": {"points_scored": 19, "satisfaction": "Extremely satisfied", "opponent_likeness": "Slightly dislike"}, "demographics": {"age": 24, "gender": "female", "ethnicity": "black or african american", "education": "some 4 year college, bachelor's degree"}, "personality": {"svo": "proself", "big-five": {"extraversion": 3.5, "agreeableness": 4.5, "conscientiousness": 6.0, "emotional-stability": 6.5, "openness-to-experiences": 6.5}}}}, "annotations": [["Hello. How are you?", "small-talk"], ["I am good. I am pretty excited for the trip this weekend. what about you?", "small-talk"], ["Very excited. It will be fun.", "small-talk"], ["Yes, Hopefully the weather holds up. So I was thinking, i am bringning my two kids along with me, and they will need food, so I was thinking i could take the three foods, and either one of the firewood or water, up to you.", "other-need,small-talk"], ["I would also like a little extra food for my kids. Maybe we can split it somehow?", "other-need,promote-coordination"], ["Ok, I am willing to give you one food, in exchange for two firewoods, that would mean you get 3 waters, 1 food and 1 firewood. you get 5 items, while i get 4.", "non-strategic"], ["If I only get 1 food, than I would like 2 firewood. So you get 2 food, 1 firewood, and 1 water.", "non-strategic"], ["No i do not need water, as i am camping near a potable stream. I would like 2 firewood. It is only fair that i get two firewood, since you are getting more supplies (5), i think i should be able to choose what 4 i should get.", "no-need,vouch-fair"], ["No, if you get 2 food, it's only fair that I get 2 firewood. ", "vouch-fair"], ["Then i will take 3 waters, and 2 food.", "non-strategic"], ["Okay I will take all the firewood and 1 food.", "non-strategic"]]}, {"dialogue_id": 2, "chat_logs": [{"text": "Hey there!", "task_data": {}, "id": "mturk_agent_2"}, {"text": "Hi! How are you?! You excited for your camping trip??! I sure am ready to go on mine!", "task_data": {}, "id": "mturk_agent_1"}, {"text": "I am very excited, I'm actually going camping in a week. I drink a lot of water so it's important that I bring a lot. What about you?", "task_data": {}, "id": "mturk_agent_2"}, {"text": "I really am! I have been watching the weather and updates about the area I will be traveling to.  They are experiencing a severe drought, so I will be in need of some extra water as well! I planned on staying an extra couple days as well.  There is a stream nearby I believe, but I'm not sure how much it has dried up.", "task_data": {}, "id": "mturk_agent_1"}, {"text": "That's good to hear, you always have to be careful with wild water though, it has all kind of germs. Sounds like you'll have plenty of dry firewood though. ", "task_data": {}, "id": "mturk_agent_2"}, {"text": "Yes, I would be willing to let you have all the firewood for 2 of the cases of water.  How much food were you needing?", "task_data": {}, "id": "mturk_agent_1"}, {"text": "I like your water and firewood arrangement. Can I have 2 of the food since you're getting 2 of the water? ", "task_data": {}, "id": "mturk_agent_2"}, {"text": "Let me think on that. I know there won't be much for berries or small animals to hunt for.  Is where you are going have much available for you to hunt and scavenge for?", "task_data": {}, "id": "mturk_agent_1"}, {"text": "It might but with the summer season hunting isn't exactly legal at the moment. I tend to camp in remote areas so going to the store for more food isn't really an option. I've already let you have extra water so I don't think it's too far of a stretch to let me have some extra food.", "task_data": {}, "id": "mturk_agent_2"}, {"text": "Okay, I can let you have 2 of the food then.  I do appreciate your generosity on the extra water.  ", "task_data": {}, "id": "mturk_agent_1"}, {"text": "Submit-Deal", "task_data": {"issue2youget": {"Water": "1", "Firewood": "3", "Food": "2"}, "issue2theyget": {"Water": "2", "Firewood": "0", "Food": "1"}}, "id": "mturk_agent_2"}, {"text": "Accept-Deal", "task_data": {"data": "accept_deal"}, "id": "mturk_agent_1"}], "participant_info": {"mturk_agent_2": {"value2issue": {"Low": "Food", "High": "Water", "Medium": "Firewood"}, "value2reason": {"High": "Water is key for keeping everyone hydrated. It's not easy to find water in some campgrounds.", "Medium": "Pre cut firewood can be used in an emergency if people get hurt and can't walk very far.", "Low": "People can survive about 2 weeks without food. By that time if you're not rescued you're toast."}, "outcomes": {"points_scored": 23, "satisfaction": "Extremely satisfied", "opponent_likeness": "Extremely like"}, "demographics": {"age": 26, "gender": "male", "ethnicity": "white american", "education": "some 4 year college, no degree"}, "personality": {"svo": "proself", "big-five": {"extraversion": 1.0, "agreeableness": 1.5, "conscientiousness": 5.0, "emotional-stability": 4.5, "openness-to-experiences": 6.5}}}, "mturk_agent_1": {"value2issue": {"Medium": "Food", "High": "Water", "Low": "Firewood"}, "value2reason": {"High": "It's been very dry in the area and I plan to stay a couple extra days with my family, so we need to be fully prepared.", "Medium": "Due to the are being so dry there is no fruit or small animals in the area to hunt for.  The streams with water have also dried considerably leaving not many fish.", "Low": "Due it it being so dry, there is an abundance of dry wood that can be easy to scavenge for."}, "outcomes": {"points_scored": 14, "satisfaction": "Slightly satisfied", "opponent_likeness": "Extremely like"}, "demographics": {"age": 30, "gender": "female", "ethnicity": "white american", "education": "master's degree"}, "personality": {"svo": "prosocial", "big-five": {"extraversion": 5.0, "agreeableness": 7.0, "conscientiousness": 7.0, "emotional-stability": 5.0, "openness-to-experiences": 7.0}}}}, "annotations": [["Hey there!", "non-strategic"], ["Hi! How are you?! You excited for your camping trip??! I sure am ready to go on mine!", "small-talk"], ["I am very excited, I'm actually going camping in a week. I drink a lot of water so it's important that I bring a lot. What about you?", "small-talk,self-need,elicit-pref"], ["I really am! I have been watching the weather and updates about the area I will be traveling to.  They are experiencing a severe drought, so I will be in need of some extra water as well! I planned on staying an extra couple days as well.  There is a stream nearby I believe, but I'm not sure how much it has dried up.", "small-talk,self-need"], ["That's good to hear, you always have to be careful with wild water though, it has all kind of germs. Sounds like you'll have plenty of dry firewood though. ", "uv-part,showing-empathy"], ["Yes, I would be willing to let you have all the firewood for 2 of the cases of water.  How much food were you needing?", "elicit-pref,promote-coordination"], ["I like your water and firewood arrangement. Can I have 2 of the food since you're getting 2 of the water? ", "promote-coordination"], ["Let me think on that. I know there won't be much for berries or small animals to hunt for.  Is where you are going have much available for you to hunt and scavenge for?", "uv-part,self-need"], ["It might but with the summer season hunting isn't exactly legal at the moment. I tend to camp in remote areas so going to the store for more food isn't really an option. I've already let you have extra water so I don't think it's too far of a stretch to let me have some extra food.", "self-need,promote-coordination"], ["Okay, I can let you have 2 of the food then.  I do appreciate your generosity on the extra water.  ", "non-strategic"]]}, {"dialogue_id": 3, "chat_logs": [{"text": "Hi, I'd like 3 packages of food. I have diabetes and my blood sugar could drop.", "task_data": {}, "id": "mturk_agent_2"}, {"text": "oh dear, I am sorry to hear that my son is type one, I am okay with giving you all the food if you could give me all the firewood. I have hypothyroidism and it makes me get cold.", "task_data": {}, "id": "mturk_agent_1"}, {"text": "That's a deal. ", "task_data": {}, "id": "mturk_agent_2"}, {"text": "now how to split the water, wish it wasn't an odd number", "task_data": {}, "id": "mturk_agent_1"}, {"text": "I'll take 1 and you can have 2 since you gave me all the food.", "task_data": {}, "id": "mturk_agent_2"}, {"text": "Oh that is nice of you! I appreciate that very much! We do enjoy a good hike, so water will be good!", "task_data": {}, "id": "mturk_agent_1"}, {"text": "Sounds like we are set.", "task_data": {}, "id": "mturk_agent_2"}, {"text": "yeah, I hope you have a nice time camping! weather should be nice!", "task_data": {}, "id": "mturk_agent_1"}, {"text": "I hope it will be because I don't love camping! Hope you have fun too!", "task_data": {}, "id": "mturk_agent_2"}, {"text": "Have a nice day \ud83d\ude42", "task_data": {}, "id": "mturk_agent_1"}, {"text": "Submit-Deal", "task_data": {"issue2youget": {"Food": "3", "Water": "1", "Firewood": "0"}, "issue2theyget": {"Food": "0", "Water": "2", "Firewood": "3"}}, "id": "mturk_agent_2"}, {"text": "Accept-Deal", "task_data": {"data": "accept_deal"}, "id": "mturk_agent_1"}], "participant_info": {"mturk_agent_2": {"value2issue": {"High": "Food", "Medium": "Water", "Low": "Firewood"}, "value2reason": {"High": "I have diabetes and my blood sugar get drop.", "Medium": "I get migraines if I don't drink enough water.", "Low": "I forgot to bring a thick coat and will get cold."}, "outcomes": {"points_scored": 19, "satisfaction": "Extremely satisfied", "opponent_likeness": "Extremely like"}, "demographics": {"age": 48, "gender": "female", "ethnicity": "white american", "education": "master's degree"}, "personality": {"svo": "prosocial", "big-five": {"extraversion": 2.0, "agreeableness": 5.0, "conscientiousness": 6.5, "emotional-stability": 5.5, "openness-to-experiences": 2.5}}}, "mturk_agent_1": {"value2issue": {"Low": "Food", "Medium": "Water", "High": "Firewood"}, "value2reason": {"High": "I have hypothyroidism which makes me cold.", "Medium": "I enjoy hiking and staying hydrated.", "Low": "I could stand to lose some weight."}, "outcomes": {"points_scored": 23, "satisfaction": "Extremely satisfied", "opponent_likeness": "Extremely like"}, "demographics": {"age": 33, "gender": "female", "ethnicity": "white american", "education": "some 4 year college, bachelor's degree"}, "personality": {"svo": "proself", "big-five": {"extraversion": 2.5, "agreeableness": 3.5, "conscientiousness": 6.0, "emotional-stability": 4.5, "openness-to-experiences": 5.0}}}}, "annotations": [["Hi, I'd like 3 packages of food. I have diabetes and my blood sugar could drop.", "self-need"], ["oh dear, I am sorry to hear that my son is type one, I am okay with giving you all the food if you could give me all the firewood. I have hypothyroidism and it makes me get cold.", "showing-empathy,self-need,promote-coordination"], ["That's a deal. ", "non-strategic"], ["now how to split the water, wish it wasn't an odd number", "promote-coordination"], ["I'll take 1 and you can have 2 since you gave me all the food.", "promote-coordination"], ["Oh that is nice of you! I appreciate that very much! We do enjoy a good hike, so water will be good!", "self-need"], ["Sounds like we are set.", "non-strategic"], ["yeah, I hope you have a nice time camping! weather should be nice!", "small-talk"], ["I hope it will be because I don't love camping! Hope you have fun too!", "small-talk"], ["Have a nice day \ud83d\ude42", "small-talk"]]}, {"dialogue_id": 4, "chat_logs": [{"text": "What are you most interested in getting?", "task_data": {}, "id": "mturk_agent_2"}, {"text": "I think food is my highest priority, What about you?", "task_data": {}, "id": "mturk_agent_1"}, {"text": "Food is also my highest priority, but firewood is also pretty close for me.", "task_data": {}, "id": "mturk_agent_2"}, {"text": "Would you be willing to take more firewood for less food?", "task_data": {}, "id": "mturk_agent_1"}, {"text": "Yes I think that sounds fair.", "task_data": {}, "id": "mturk_agent_2"}, {"text": "So if I take 2 foods and 1 firewood, you take 1 food and 2 firewood. What would be fair for water?", "task_data": {}, "id": "mturk_agent_1"}, {"text": "What if I take two waters and you take one water then?", "task_data": {}, "id": "mturk_agent_2"}, {"text": "I think that sounds fair, since you compromised on food. Sounds like a deal!", "task_data": {}, "id": "mturk_agent_1"}, {"text": "I'm glad we could come to a compromise \ud83d\ude42", "task_data": {}, "id": "mturk_agent_2"}, {"text": "Me too \ud83d\ude42 Thanks for making it easy and pleasant. ", "task_data": {}, "id": "mturk_agent_1"}, {"text": "Submit-Deal", "task_data": {"issue2youget": {"Food": "1", "Firewood": "2", "Water": "2"}, "issue2theyget": {"Food": "2", "Firewood": "1", "Water": "1"}}, "id": "mturk_agent_2"}, {"text": "Accept-Deal", "task_data": {"data": "accept_deal"}, "id": "mturk_agent_1"}], "participant_info": {"mturk_agent_2": {"value2issue": {"High": "Food", "Low": "Water", "Medium": "Firewood"}, "value2reason": {"High": "I didn't have a chance to eat before, so would like to have some food packages so I am not hungry during the trip.", "Medium": "It is supposed to be a very cold evening and firewood would be helpful to stay warm.", "Low": "I enjoy hiking a great deal and water is an essential item to hike at my best."}, "outcomes": {"points_scored": 19, "satisfaction": "Slightly satisfied", "opponent_likeness": "Extremely like"}, "demographics": {"age": 24, "gender": "female", "ethnicity": "white american", "education": "some 4 year college, bachelor's degree"}, "personality": {"svo": "proself", "big-five": {"extraversion": 2.5, "agreeableness": 5.5, "conscientiousness": 6.5, "emotional-stability": 3.0, "openness-to-experiences": 3.5}}}, "mturk_agent_1": {"value2issue": {"High": "Food", "Low": "Water", "Medium": "Firewood"}, "value2reason": {"High": "I am not an outdoorsy person. I would have a hard time identifying and finding food on my own. ", "Medium": "I don't know how to start a fire without firewood. ", "Low": "Clean water is an important resource and something you cannot go without for long. "}, "outcomes": {"points_scored": 17, "satisfaction": "Extremely satisfied", "opponent_likeness": "Extremely like"}, "demographics": {"age": 42, "gender": "female", "ethnicity": "white american", "education": "some 4 year college, bachelor's degree"}, "personality": {"svo": "prosocial", "big-five": {"extraversion": 4.0, "agreeableness": 6.0, "conscientiousness": 6.0, "emotional-stability": 6.0, "openness-to-experiences": 5.5}}}}, "annotations": [["What are you most interested in getting?", "elicit-pref"], ["I think food is my highest priority, What about you?", "elicit-pref"], ["Food is also my highest priority, but firewood is also pretty close for me.", "non-strategic"], ["Would you be willing to take more firewood for less food?", "promote-coordination"], ["Yes I think that sounds fair.", "vouch-fair"], ["So if I take 2 foods and 1 firewood, you take 1 food and 2 firewood. What would be fair for water?", "vouch-fair"], ["What if I take two waters and you take one water then?", "non-strategic"], ["I think that sounds fair, since you compromised on food. Sounds like a deal!", "vouch-fair,promote-coordination"], ["I'm glad we could come to a compromise \ud83d\ude42", "promote-coordination"], ["Me too \ud83d\ude42 Thanks for making it easy and pleasant. ", "non-strategic"]]}]