bbcid,system,summary,is_factual,worker_id
29911712,BERTS2S,more than 50 pupils at a bristol academy have been sent home from school because of a lack of uniform.,no,wid_0
29911712,BERTS2S,more than 50 pupils at a bristol academy have been sent home from school because of a lack of uniform.,no,wid_1
29911712,BERTS2S,more than 50 pupils at a bristol academy have been sent home from school because of a lack of uniform.,no,wid_2
38505171,BERTS2S,the wife of a british-iranian woman jailed in iran has called on the government to appeal against her conviction.,no,wid_0
38505171,BERTS2S,the wife of a british-iranian woman jailed in iran has called on the government to appeal against her conviction.,no,wid_1
