path	sentence	client_id
common_voice_de_17516930.mp3	Morgenstund' hat Gold im Mund.	86840a32f815720058bb82ccd57db5badf883743a9c2babf7bf88a9fcc8d46171d41c47ad01433f06bd17a137eadfa149dd9bbec60900049afc3c24fdb2302e8
common_voice_de_17516931.mp3	Das nenne ich Ironie des Schicksals.	86840a32f815720058bb82ccd57db5badf883743a9c2babf7bf88a9fcc8d46171d41c47ad01433f06bd17a137eadfa149dd9bbec60900049afc3c24fdb2302e8
common_voice_de_19679279.mp3	Von letzteren siedelten sich auch einige im Ort an.	7492df43bad28507c582df6c3d1f692f7cc8f3c18f81709bcb6fec8cc5773f4f14e5c774ca2838b26c98576f26385b851c9d9a23bab4e4bd322bedc385c86dc4
common_voice_de_19679280.mp3	Der Stadtrat stimmte der Unterstützung der Umbauarbeiten zu.	7492df43bad28507c582df6c3d1f692f7cc8f3c18f81709bcb6fec8cc5773f4f14e5c774ca2838b26c98576f26385b851c9d9a23bab4e4bd322bedc385c86dc4
common_voice_de_17922420.mp3	Zieht euch bitte draußen die Schuhe aus.	0052c07533a6976233ad5926d950b523002c4d8cdd9ae8726dbfec385951bd22aa707a742c49afe20c7d6cb9515dbaddac5b4d6fe8ebddcfbec46a2d3180a3a1
common_voice_de_18982556.mp3	Otto wollte sich nicht streiten und gab nach.	00bcca1f289a2bc67d749f7b5e344c0eb3f76b10908418182af05d43a045c9170381e224b5dda87a23703a49fa691b316758d5dadd9c42b1a49d80283aabfcce
