<benchmark>
  <entries>
    <entry category="CelestialBody" eid="Id1" size="2">
      <originaltripleset>
        <otriple>(15788)_1993_SB | discoverer | Iwan_P._Williams</otriple>
        <otriple>(15788)_1993_SB | epoch | "2006-03-06"^^xsd:date</otriple>
      </originaltripleset>
      <originaltripleset>
        <otriple>(15788)_1993_SB | discoverer | Iwan_P._Williams</otriple>
        <otriple>(15788)_1993_SB | epoch | "March 6, 2006 (JD2453800.5)"</otriple>
      </originaltripleset>
      <modifiedtripleset>
        <mtriple>(15788)_1993_SB | discoverer | Iwan_P._Williams</mtriple>
        <mtriple>(15788)_1993_SB | epoch | 2006-03-06</mtriple>
      </modifiedtripleset>
      <lex comment="good" lid="Id1">(15788) 1993 SB's epoch is March 5, 2006 and it was discovered by Iwan P Williams.</lex>
      <lex comment="good" lid="Id2">(15788) 1993 SB, with an epoch date of 6th March 2006, was discovered by Iwan P Williams.</lex>
      <lex comment="good" lid="Id3">(15788) 1993 SB has an epoch date of March 6th 2006 and was discovered by Iwan P Williams.</lex>
    </entry>
    </entries>
</benchmark>