<benchmark>
  <entries>
    <entry category="Artist" eid="Id1" size="2">
      <originaltripleset>
        <otriple>Aaron_Bertram | associatedActs | Suburban_Legends</otriple>
        <otriple>Aaron_Bertram | genre | Ska_punk</otriple>
      </originaltripleset>
      <originaltripleset>
        <otriple>Aaron_Bertram | associatedBand | Suburban_Legends</otriple>
        <otriple>Aaron_Bertram | genre | Ska_punk</otriple>
      </originaltripleset>
      <originaltripleset>
        <otriple>Aaron_Bertram | associatedMusicalArtist | Suburban_Legends</otriple>
        <otriple>Aaron_Bertram | genre | Ska_punk</otriple>
      </originaltripleset>
      <modifiedtripleset>
        <mtriple>Aaron_Bertram | associatedBand/associatedMusicalArtist | Suburban_Legends</mtriple>
        <mtriple>Aaron_Bertram | genre | Ska_punk</mtriple>
      </modifiedtripleset>
      <lex comment="good" lid="Id1">Aaron Bertram is a ska punk musician with the Suburban Legends band.</lex>
      <lex comment="good" lid="Id2">Aaron Bertram performs ska punk music and plays for the Suburban Legends band.</lex>
      <lex comment="good" lid="Id3">Suburban Legends' Aaron Bertram is a Ska punk musician.</lex>
    </entry>
    </entries>
</benchmark>