idx	label	sentence1	sentence2
0	2	without the cooperation, there would be no victory of competition	take olympic games which is a form of competition for instance, it is hard to imagine how an athlete could win the game without the training of his or her coach, and the help of other professional staffs such as the people who take care of his diet, and those who are in charge of the medical care
1	3	through cooperation, children can learn about interpersonal skills which are significant in the future life of all students	during the process of cooperation, children can learn about how to listen to opinions of others, how to communicate with others, how to think comprehensively, and even how to compromise with other team members when conflicts occurred
2	1	through cooperation, children can learn about interpersonal skills which are significant in the future life of all students	all of these skills help them to get on well with other people and will benefit them for the whole life
3	3	competition makes the society more effective	the significance of competition is that how to become more excellence to gain the victory
4	7	sustaining the cultural values of immigrants is paramount essential	take australia for example, immigrants from varieties of nations have a day called multicultural day where people from each country prepare their food and traditional activities for displaying in the public venues
