<benchmark>
  <entries>
    <entry category="WrittenWork" eid="Id1" shape="(X (X) (X))" shape_type="sibling" size="2">
      <originaltripleset>
        <otriple>1634:_The_Bavarian_Crisis | author | Eric_Flint</otriple>
        <otriple>1634:_The_Bavarian_Crisis | previousWork | The_Grantville_Gazettes</otriple>
      </originaltripleset>
      <modifiedtripleset>
        <mtriple>1634:_The_Bavarian_Crisis | author | Eric_Flint</mtriple>
        <mtriple>1634:_The_Bavarian_Crisis | precededBy | The_Grantville_Gazettes</mtriple>
      </modifiedtripleset>
      <lex comment="good" lid="Id1">1634: The Bavarian Crisis was written by Eric Flint and preceded by The Grantville Gazettes.</lex>
      <lex comment="good" lid="Id2">Eric Flint is the author of 1634: The Bavarian Crisis which is preceded by The Grantville Gazettes.</lex>
      <lex comment="good" lid="Id3">'1634: The Bavarian crisis', which was written by Eric Flint, is the sequel to The Grantville Gazettes.</lex>
    </entry>
    </entries>
</benchmark>