<benchmark>
  <entries>
    <entry category="Food" eid="Id1" shape="(X (X) (X))" shape_type="sibling" size="2">
      <originaltripleset>
        <otriple>Amatriciana_sauce | country | Italy</otriple>
        <otriple>Amatriciana_sauce | ingredient | Tomato</otriple>
      </originaltripleset>
      <modifiedtripleset>
        <mtriple>Amatriciana_sauce | country | Italy</mtriple>
        <mtriple>Amatriciana_sauce | ingredient | Tomato</mtriple>
      </modifiedtripleset>
      <lex comment="good" lid="Id1">Amatriciana sauce is made with tomatoes. It is a traditional Italian sauce.</lex>
      <lex comment="good" lid="Id2">Amatriciana is a sauce containing tomato that comes from Italy.</lex>
    </entry>
    </entries>
</benchmark>