<benchmark>
  <entries>
    <entry category="SportsTeam" eid="Id2" shape="(X (X) (X))" shape_type="sibling" size="2">
      <originaltripleset>
        <otriple>A.C._Chievo_Verona | ground | "Verona, Italy"@en</otriple>
        <otriple>A.C._Chievo_Verona | capacity | 39371</otriple>
      </originaltripleset>
      <originaltripleset>
        <otriple>A.C._Chievo_Verona | ground | "Verona, Italy"@en</otriple>
        <otriple>A.C._Chievo_Verona | capacity | "39371"^^xsd:nonNegativeInteger</otriple>
      </originaltripleset>
      <modifiedtripleset>
        <mtriple>A.C._Chievo_Verona | ground | "Verona, Italy"</mtriple>
        <mtriple>A.C._Chievo_Verona | numberOfMembers | 39371</mtriple>
      </modifiedtripleset>
      <lex comment="good" lid="Id1">Verona, Italy is the home to A.C. Chievo Verona which has 39371 members.</lex>
      <lex comment="good" lid="Id2">Verona, Italy is the home to A.C. Chievo Verona who have 39371 members.</lex>
    </entry>
    </entries>
</benchmark>