<benchmark>
  <entries>
    <entry category="City" eid="Id1" shape="(X (X (X)))" shape_type="chain" size="2">
      <originaltripleset>
        <otriple>Akron,_Ohio | country | United_States</otriple>
        <otriple>United_States | ethnicGroup | African_Americans</otriple>
      </originaltripleset>
      <modifiedtripleset>
        <mtriple>Akron,_Ohio | country | United_States</mtriple>
        <mtriple>United_States | ethnicGroup | African_Americans</mtriple>
      </modifiedtripleset>
      <lex comment="good" lid="Id1">African Americans are an ethnic group in the US, where Akron, Ohio is located.</lex>
      <lex comment="good" lid="Id2">An ethnic group in the United States are African Americans. Akron, Ohio is located in the U.S.</lex>
      <lex comment="good" lid="Id3">Akron, Ohio is located within the United States, of which African Americans are an ethnic group.</lex>
    </entry>
    </entries>
</benchmark>