<?xml version="1.0" encoding="UTF-8"?>
<mteval>
<refset setid="iwslt2017-tst2014" srclang="english" trglang="french" refid="ref">
<doc docid="1898" genre="lectures">
 <url>http://www.ted.com/talks/maysoon_zayid_i_got_99_problems_palsy_is_just_one</url>
 <description>TED Talk Subtitles and Transcript: « J'ai une paralysie cérébrale. Je tremble tout le temps. » C'est ainsi que Maysoon Zayid commence son hilarante et excitante conférence. . « Je suis comme Shakira qui aurait rencontré Mohammed Ali. » Avec grâce et intelligence, l'humoriste arabo-américaine nous emmène dans un voyage éclair dans ses aventures en tant qu'actrice, humoriste, philanthrope et militante de la cause des handicapés.</description>
 <keywords>talks, comedy, entertainment, humor, women</keywords>
 <talkid>1898</talkid>
 <title>Maysoon Zayid: J'ai 99 problèmes, la paralysie n'est que l'un d'entre eux.</title>
 <reviewer href="http://www.ted.com/profiles/715805">Patrick Brault</reviewer>
 <translator href="http://www.ted.com/profiles/1626709">Elise LeCamp</translator>
<seg id="1">  Bonjour, TEDWomen, ça va ?  </seg>
<seg id="2">   C'est pas encore ça.  </seg>
<seg id="3">  Bonjour, TEDWomen, comment ça va ?  </seg>
<seg id="4">   Je m'appelle Maysoon Zayid, et je ne suis pas saoule, mais le docteur qui m'a fait naître l'était.  </seg>
<seg id="5">  Il a ouvert ma mère à six reprises, en six endroits différents, ce qui a eu pour conséquence de m’asphyxier dans l'opération.  </seg>
