<?xml version="1.0" encoding="UTF-8"?>
<mteval>
<refset setid="iwslt2017-tst2010" srclang="english" trglang="french" refid="ref">
<doc docid="837" genre="lectures">
 <url>http://www.ted.com/talks/tom_wujec_build_a_tower</url>
 <description>TED Talk Subtitles and Transcript: Tom Wujec présente les résultats surprenants de ses recherches approfondies sur le "problème du marshmallow" -- un simple exercice de construction en équipe, qui implique des spaghettis secs, un mètre de ruban collant et un marshmallow. Qui construit la plus haute tour, avec ces ingrédients ? Et pourquoi un groupe inattendu fait-il toujours mieux que la moyenne ?</description>
 <keywords>talks, business, collaboration, culture, design, entertainment, psychology</keywords>
 <talkid>837</talkid>
 <title>Tom Wujec: Bâtissez une tour, bâtissez une équipe.</title>
 <reviewer href="http://www.ted.com/profiles/392382">Marco Bertolini</reviewer>
 <translator href="http://www.ted.com/profiles/368884">Pascal Delamaire</translator>
<seg id="1">  Il y a plusieurs années, ici à Ted, Peter Skillman a présenté une épreuve de conception appelée l'épreuve du marshmallow.  </seg>
<seg id="2">  Et l'idée est plutôt simple. Des équipes de quatre personnes doivent bâtir la plus haute structure tenant debout avec 20 spaghettis, un mètre de ruban collant, un mètre de ficelle, et un marshmallow.  </seg>
<seg id="3">  Le marshmallow doit être placé au sommet.  </seg>
<seg id="4">  Bien que cela semble vraiment simple, c'est en fait plutôt difficile, parce que ça oblige les gens à collaborer rapidement.  </seg>
<seg id="5">  J'ai trouvé que c'était une idée intéressante, alors je l'ai insérée dans un atelier de conception.  </seg>
