<?xml version="1.0" encoding="UTF-8"?>
<mteval>
<refset setid="iwslt2017-tst2012" srclang="english" trglang="french" refid="ref">
<doc docid="1404" genre="lectures">
 <url>http://www.ted.com/talks/ayah_bdeir_building_blocks_that_blink_beep_and_teach</url>
 <description>TED Talk Subtitles and Transcript: Imaginez de l’électronique avec laquelle il est facile de jouer comme avec des Lego. La TED Fellow Ayah Bdeir présente littleBits, une série de blocs simples, interchangeables qui rendent la programmation et la créativité simple comme assembler des briques.</description>
 <keywords>talks, TED Fellows, code, creativity, education, technology, toy</keywords>
 <talkid>1404</talkid>
 <title>Ayah Bdeir : Des blocs de construction qui clignotent, bipent et enseignent</title>
 <reviewer href="http://www.ted.com/profiles/239263">Elisabeth Buffard</reviewer>
 <translator href="http://www.ted.com/profiles/336211">Anna Cristiana Minoli</translator>
<seg id="1">  Ça pourrait vous paraitre étrange, mais je suis fan des parpaings.  </seg>
<seg id="2">  Le premier parpaing a été fabriqué en 1868 avec une idée très simple : des modules en ciment d’une dimension fixe qui s’imbriquent.  </seg>
<seg id="3">  Très rapidement les parpaings sont devenus l’unité de construction la plus utilisée dans le monde.  </seg>
<seg id="4">  Elle nous a permis de construire des choses plus grandes que nous, des bâtiments, des ponts, un bloc à la fois.  </seg>
<seg id="5">  En gros les parpaings sont devenus les blocs de construction de notre époque.  </seg>
