<?xml version="1.0" encoding="UTF-8"?>
<mteval>
<refset setid="iwslt2017-tst2015" srclang="english" trglang="french" refid="ref">
<doc docid="2183" genre="lectures">
 <url>http://www.ted.com/talks/marc_kushner_why_the_buildings_of_the_future_will_be_shaped_by_you</url>
 <description>TED Talk Subtitles and Transcript: « L'architecture, ce n'est pas des maths ou de la géographie, ce sont des émotions viscérales », d'après Marc Kushner. De manière souvent amusante, Marc balaye les 30 dernières années architecturales pour montrer comment le grand public, autrefois déconnecté, est devenu un élément essentiel du processus de conception. Grâce aux médias sociaux, l'architecte a un avis sur son projet des années avant sa construction. Résultat ? Une architecture qui fera plus pour nous que jamais auparavant.</description>
 <keywords>talks, TED Books, architecture, design, social media</keywords>
 <talkid>2183</talkid>
 <title>Marc Kushner: Pourquoi les bâtiments du futur seront façonnés par... vous</title>
 <reviewer href="http://www.ted.com/profiles/356667">Shadia Ramsahye</reviewer>
 <translator href="http://www.ted.com/profiles/244060">eric vautier</translator>
<seg id="1">  Je vais vous parler aujourd'hui des 30 dernières années de l'histoire architecturale.  </seg>
<seg id="2">  Ça fait beaucoup à faire tenir en 18 minutes.  </seg>
<seg id="3">  C'est un sujet complexe, nous allons donc aller directement dans un endroit complexe : le New Jersey.  </seg>
<seg id="4">  J'en suis, et il y a 30 ans, j'avais 6 ans, je vivais dans la maison de mes parents, dans une ville appelée Livingston. Voici ma chambre à l'époque.  </seg>
<seg id="5">  Juste à côté de ma chambre se trouvait la salle de bains que je partageais avec ma sœur.  </seg>
