[{"video_ids":"aircAruvnKk","video_titles":"But what is a Neural Network? | Deep learning, chapter 1","playlist_ids":"PLZHQObOWTQDNU6R1_67000Dx_ZCJB-3pi","channel_ids":"UCYO_jab_esuFRV4b17AJtAw","is_single_simple_diff":[0,0,0,0,0,0,0,0,0,0],"default_seq":["[Music]","this","is","a","three","it's","sloppily","written","and","rendered"],"correction_seq":["","","","","","","","","",""]},{"video_ids":"IHZwWFHWa-w","video_titles":"Gradient descent, how neural networks learn | Deep learning, chapter 2","playlist_ids":"PLZHQObOWTQDNU6R1_67000Dx_ZCJB-3pi","channel_ids":"UCYO_jab_esuFRV4b17AJtAw","is_single_simple_diff":[0,0,0,0,0,0,0,0,0,0],"default_seq":["[Music]","last","video","I","laid","out","the","structure","of","a"],"correction_seq":["","","","","","","","","",""]},{"video_ids":"Ilg3gGewQ5U","video_titles":"What is backpropagation really doing? | Deep learning, chapter 3","playlist_ids":"PLZHQObOWTQDNU6R1_67000Dx_ZCJB-3pi","channel_ids":"UCYO_jab_esuFRV4b17AJtAw","is_single_simple_diff":[0,0,0,0,0,0,0,0,0,0],"default_seq":["[Music]","here","we","tackle","backpropagation","the","core","algorithm","behind","how"],"correction_seq":["","","","","","","","","",""]},{"video_ids":"tIeHLnjs5U8","video_titles":"Backpropagation calculus | Deep learning, chapter 4","playlist_ids":"PLZHQObOWTQDNU6R1_67000Dx_ZCJB-3pi","channel_ids":"UCYO_jab_esuFRV4b17AJtAw","is_single_simple_diff":[0,0,0,0,0,0,0,0,0,0],"default_seq":["the","Hardison","here","is","that","you've","watched","part","three","giving"],"correction_seq":["","","","","","","","","",""]},{"video_ids":"spUNpyF58BY","video_titles":"But what is the Fourier Transform?  A visual introduction.","playlist_ids":"PLZHQObOWTQDN52m7Y21ePrTbvXkPaWVSg","channel_ids":"UCYO_jab_esuFRV4b17AJtAw","is_single_simple_diff":[0,0,0,0,0,0,0,0,0,0],"default_seq":["[Music]","this","right","here","is","what","we're","gonna","build","to"],"correction_seq":["","","","","","","","","",""]},{"video_ids":"WUvTyaaNkzM","video_titles":"The Essence of Calculus, Chapter 1","playlist_ids":"PLZHQObOWTQDN52m7Y21ePrTbvXkPaWVSg","channel_ids":"UCYO_jab_esuFRV4b17AJtAw","is_single_simple_diff":[0,0,0,0,0,0,0,0,0,0],"default_seq":["[Music]","hey","everyone","grant","here","this","is","the","first","video"],"correction_seq":["","","","","","","","","",""]},{"video_ids":"fNk_zzaMoSs","video_titles":"Vectors, what even are they? | Essence of linear algebra, chapter 1","playlist_ids":"PLZHQObOWTQDN52m7Y21ePrTbvXkPaWVSg","channel_ids":"UCYO_jab_esuFRV4b17AJtAw","is_single_simple_diff":[0,0,0,0,0,0,0,0,0,0],"default_seq":["[Music]","the","fundamental","root","of","a","tall","building","block","for"],"correction_seq":["","","","","","","","","",""]},{"video_ids":"sD0NjbwqlYw","video_titles":"Visualizing the Riemann hypothesis and analytic continuation","playlist_ids":"PLZHQObOWTQDN52m7Y21ePrTbvXkPaWVSg","channel_ids":"UCYO_jab_esuFRV4b17AJtAw","is_single_simple_diff":[0,0,0,0,0,0,0,0,0,0],"default_seq":["the","Riemann","zeta-function","this","is","one","of","those","objects","in"],"correction_seq":["","","","","","","","","",""]},{"video_ids":"bBC-nXj3Ng4","video_titles":"But how does bitcoin actually work?","playlist_ids":"PLZHQObOWTQDN52m7Y21ePrTbvXkPaWVSg","channel_ids":"UCYO_jab_esuFRV4b17AJtAw","is_single_simple_diff":[0,0,0,0,0,0,0,0,0,0],"default_seq":["what","does","it","mean","to","have","a","Bitcoin","many","people"],"correction_seq":["","","","","","","","","",""]},{"video_ids":"MzRCDLre1b4","video_titles":"Some light quantum mechanics (with minutephysics)","playlist_ids":"PLZHQObOWTQDN52m7Y21ePrTbvXkPaWVSg","channel_ids":"UCYO_jab_esuFRV4b17AJtAw","is_single_simple_diff":[0,0,0,0,0,0,0,0,0,0],"default_seq":["you","guys","know","Henry","from","minutephysics","right","well","he","and"],"correction_seq":["","","","","","","","","",""]}]