[{"video_ids":"0bMe_vCZo30","video_titles":"Week 1 \u2013 Lecture: History, motivation, and evolution of Deep Learning","playlist_ids":"PLLHTzKZzVU9eaEyErdV26ikyolxOsz6mq","channel_ids":"UCupQLyNchb9-2Z5lmUOIijw","is_single_simple_diff":[1,0,0,0,0,0,0,0,0,0],"default_seq":["okay","so","first","of","all","I","have","a","terrible","confession"],"correction_seq":["OK,","","","","","","","","",""]},{"video_ids":"5_qrxVq1kvc","video_titles":"Week 1 \u2013 Practicum: Classification, linear algebra, and visualisation","playlist_ids":"PLLHTzKZzVU9eaEyErdV26ikyolxOsz6mq","channel_ids":"UCupQLyNchb9-2Z5lmUOIijw","is_single_simple_diff":[0,0,0,0,0,0,0,0,0,0],"default_seq":["thank","you","for","being","here","home","time","how","we","heard"],"correction_seq":["","","","","","","","","",""]},{"video_ids":"OrBEon3VlQg","video_titles":"Week 4 \u2013 Practicum: Listening to convolutions","playlist_ids":"PLLHTzKZzVU9eaEyErdV26ikyolxOsz6mq","channel_ids":"UCupQLyNchb9-2Z5lmUOIijw","is_single_simple_diff":[0,0,0,0,0,0,0,0,0,0],"default_seq":["so","since","last","time","okay","welcome","back","thank","you","for"],"correction_seq":["","","","","","","","","",""]}]