[{"video_ids":"pPN8d0E3900","video_titles":"Capsule Networks (CapsNets) \u2013 Tutorial","playlist_ids":"PLuTYjXW7aAt3HLCATBOkkXtifCVAm0O_A","channel_ids":"UCCvGd1WBMpFQ_vtC89VF2qA","is_single_simple_diff":[0,0,0,0,0,0,0,0,0,0],"default_seq":["hey","I'm","overly","Asian","and","in","this","video","I'll","tell"],"correction_seq":["","","","","","","","","",""]},{"video_ids":"2Kawrd5szHE","video_titles":"How to implement CapsNets using TensorFlow","playlist_ids":"PLuTYjXW7aAt3HLCATBOkkXtifCVAm0O_A","channel_ids":"UCCvGd1WBMpFQ_vtC89VF2qA","is_single_simple_diff":[0,0,0,0,0,0,0,0,0,0],"default_seq":["hi","I'm","over","LaVon","and","today","I'm","going","to","show"],"correction_seq":["","","","","","","","","",""]}]