[{"video_ids":"7R52wiUgxZI","video_titles":"DeepMind x UCL | Deep Learning Lectures | 1\/12 | Intro to Machine Learning & AI","playlist_ids":"PLqYmG7hTraZCDxZ44o4p3N5Anz3lLRVZF","channel_ids":"UCP7jMXSY2xbc3KCAE0MHQ-A","is_single_simple_diff":[0,0,0,0,0,0,0,0,0,0],"default_seq":["the","great","pleasure","for","me","to","be","here","and","the"],"correction_seq":["","","","","","","","","",""]},{"video_ids":"wTSbvYBx4eg","video_titles":"The human pursuit of artificial intelligence | Thore Graepel | TEDxExeter","playlist_ids":"PLqYmG7hTraZBELXmNuvoyV6Bi6Xf3aazd","channel_ids":"UCP7jMXSY2xbc3KCAE0MHQ-A","is_single_simple_diff":[0,0,0,0,0,0,0,0,0,0],"default_seq":["look","around","you","almost","everything","you","see","is","the","product"],"correction_seq":["","","","","","","","","",""]},{"video_ids":"VdDmhOCw6J0","video_titles":"TensorFlow at DeepMind (TensorFlow Dev Summit 2017)","playlist_ids":"PLqYmG7hTraZC9yNDSlv0_1ctNaG1WKuIx","channel_ids":"UCP7jMXSY2xbc3KCAE0MHQ-A","is_single_simple_diff":[0,0,0,0,0,0,0,0,0,0],"default_seq":["[Music]","so","exact","said","I'm","from","deep","mind","applied","group"],"correction_seq":["","","","","","","","","",""]},{"video_ids":"KpedmJdrTpY","video_titles":"Protein folding explained","playlist_ids":"PLqYmG7hTraZBT6SKLXgzMZ4LRLYVaY1ck","channel_ids":"UCP7jMXSY2xbc3KCAE0MHQ-A","is_single_simple_diff":[0,0,0,0,0,0,0,0,0,0],"default_seq":["inside","every","cell","of","your","body","billions","of","tiny","machines"],"correction_seq":["","","","","","","","","",""]},{"video_ids":"KF1KhuoX2w4","video_titles":"Mustafa Suleyman at FutureFest 2016","playlist_ids":"PLqYmG7hTraZABQxUDhZkDtfgA6dJLSMqQ","channel_ids":"UCP7jMXSY2xbc3KCAE0MHQ-A","is_single_simple_diff":[0,0,0,0,0,0,0,0,0,0],"default_seq":["good","afternoon","everyone","it's","great","to","be","here","I'm","going"],"correction_seq":["","","","","","","","","",""]}]