[{"video_ids":"_QUEXsHfsA0","video_titles":"Lesson 1 - Deep Learning for Coders (2020)","playlist_ids":"PLfYUBJiXbdtRL3FMB3GoWHRI8ieU6FhfM","channel_ids":"UCX7Y2qWriXpqocG97SFW2OQ","is_single_simple_diff":[0,0,0,0,0,0,0,0,0,0],"default_seq":["so","hello","everybody","and","welcome","to","deep","learning","for","coders"],"correction_seq":["","","","","","","","","",""]},{"video_ids":"BvHmRx14HQ8","video_titles":"Lesson 2 - Deep Learning for Coders (2020)","playlist_ids":"PLfYUBJiXbdtRL3FMB3GoWHRI8ieU6FhfM","channel_ids":"UCX7Y2qWriXpqocG97SFW2OQ","is_single_simple_diff":[0,0,0,0,0,0,0,0,0,0],"default_seq":["so","uh","hello","everybody","and","welcome","back","to","practical","deep"],"correction_seq":["","","","","","","","","",""]},{"video_ids":"5L3Ao5KuCC4","video_titles":"Lesson 3 - Deep Learning for Coders (2020)","playlist_ids":"PLfYUBJiXbdtRL3FMB3GoWHRI8ieU6FhfM","channel_ids":"UCX7Y2qWriXpqocG97SFW2OQ","is_single_simple_diff":[0,0,0,0,0,0,0,0,0,0],"default_seq":["oh","hello","and","welcome","to","lesson","three","of","practical","deep"],"correction_seq":["","","","","","","","","",""]},{"video_ids":"p50s63nPq9I","video_titles":"Lesson 4 - Deep Learning for Coders (2020)","playlist_ids":"PLfYUBJiXbdtRL3FMB3GoWHRI8ieU6FhfM","channel_ids":"UCX7Y2qWriXpqocG97SFW2OQ","is_single_simple_diff":[0,0,0,0,0,0,0,0,0,0],"default_seq":["welcome","back","and","here","is","lesson","or","which","is","where"],"correction_seq":["","","","","","","","","",""]},{"video_ids":"krIVOb23EH8","video_titles":"Lesson 5 - Deep Learning for Coders (2020)","playlist_ids":"PLfYUBJiXbdtRL3FMB3GoWHRI8ieU6FhfM","channel_ids":"UCX7Y2qWriXpqocG97SFW2OQ","is_single_simple_diff":[0,0,0,0,0,0,0,0,0,0],"default_seq":["welcome","to","lesson","five","and","we'll","be","talking","about","ethics"],"correction_seq":["","","","","","","","","",""]},{"video_ids":"cX30jxMNBUw","video_titles":"Lesson 6 - Deep Learning for Coders (2020)","playlist_ids":"PLfYUBJiXbdtRL3FMB3GoWHRI8ieU6FhfM","channel_ids":"UCX7Y2qWriXpqocG97SFW2OQ","is_single_simple_diff":[0,0,0,0,0,0,0,0,0,0],"default_seq":["hi","everybody","and","welcome","to","lesson","six","where","we're","going"],"correction_seq":["","","","","","","","","",""]},{"video_ids":"VEG5xT5gAHc","video_titles":"Lesson 7 - Deep Learning for Coders (2020)","playlist_ids":"PLfYUBJiXbdtRL3FMB3GoWHRI8ieU6FhfM","channel_ids":"UCX7Y2qWriXpqocG97SFW2OQ","is_single_simple_diff":[0,0,0,0,0,0,0,0,0,0],"default_seq":["hi","everybody","and","welcome","to","lesson","7","we're","going","to"],"correction_seq":["","","","","","","","","",""]},{"video_ids":"WjnwWeGjZcM","video_titles":"Lesson 8 - Deep Learning for Coders (2020)","playlist_ids":"PLfYUBJiXbdtRL3FMB3GoWHRI8ieU6FhfM","channel_ids":"UCX7Y2qWriXpqocG97SFW2OQ","is_single_simple_diff":[0,0,0,0,0,0,0,0,0,0],"default_seq":["hi","everybody","and","welcome","to","lesson","eight","the","last","lesson"],"correction_seq":["","","","","","","","","",""]},{"video_ids":"XfoYk_Z5AkI","video_titles":"Lesson 1: Deep Learning 2019 - Image classification","playlist_ids":"PLfYUBJiXbdtSIJb-Qd3pw0cqCbkGeS0xn","channel_ids":"UCX7Y2qWriXpqocG97SFW2OQ","is_single_simple_diff":[0,0,0,0,0,0,0,0,0,0],"default_seq":["okay","so","welcome","practical","deep","learning","for","coders","less","than"],"correction_seq":["","","","","","","","","",""]},{"video_ids":"ccMHJeQU4Qw","video_titles":"Lesson 2: Deep Learning 2019 - Data cleaning and production; SGD from scratch","playlist_ids":"PLfYUBJiXbdtSIJb-Qd3pw0cqCbkGeS0xn","channel_ids":"UCX7Y2qWriXpqocG97SFW2OQ","is_single_simple_diff":[0,0,0,0,0,0,0,0,0,0],"default_seq":["welcome","to","lesson","two","where","we're","going","to","be","taking"],"correction_seq":["","","","","","","","","",""]}]