[{"video_ids":"bYeteZQrUcE","video_titles":"Introduction","playlist_ids":"PLs8w1Cdi-zvYwsjQk-C6SVK92z2y4xoBV","channel_ids":"UCgBncpylJ1kiVaPyP-PZauQ","is_single_simple_diff":[0,0,0,0,0,0,0,0,0,0],"default_seq":["hi","welcome","to","Udacity","machine-learning","nanodegree","program","my","name","is"],"correction_seq":["","","","","","","","","",""]},{"video_ids":"1RonLycEJ34","video_titles":"Decision Trees Question","playlist_ids":"PLs8w1Cdi-zvYwsjQk-C6SVK92z2y4xoBV","channel_ids":"UCgBncpylJ1kiVaPyP-PZauQ","is_single_simple_diff":[0,0,0,0,0,0,0,0,0,0],"default_seq":["okay","so","we'll","start","","an","example","we","are","the"],"correction_seq":["","","","","","","","","",""]},{"video_ids":"h8zH47iFhCo","video_titles":"Decision Trees Answer","playlist_ids":"PLs8w1Cdi-zvYwsjQk-C6SVK92z2y4xoBV","channel_ids":"UCgBncpylJ1kiVaPyP-PZauQ","is_single_simple_diff":[0,0,0,0,0,0,0,0,0,0],"default_seq":["well","let's","first","look","at","gender","if","we","split","them"],"correction_seq":["","","","","","","","","",""]},{"video_ids":"jsLkVYXmr3E","video_titles":"Naive Bayes Quiz","playlist_ids":"PLs8w1Cdi-zvYwsjQk-C6SVK92z2y4xoBV","channel_ids":"UCgBncpylJ1kiVaPyP-PZauQ","is_single_simple_diff":[0,0,0,0,0,0,0,0,0,0],"default_seq":["okay","now","we're","going","to","look","at","another","example","we"],"correction_seq":["","","","","","","","","",""]},{"video_ids":"YKN-fjuZ1VU","video_titles":"Naive Bayes Answer","playlist_ids":"PLs8w1Cdi-zvYwsjQk-C6SVK92z2y4xoBV","channel_ids":"UCgBncpylJ1kiVaPyP-PZauQ","is_single_simple_diff":[0,0,0,0,0,0,0,0,0,0],"default_seq":["so","we","can","see","that","out","of","the","25","emails"],"correction_seq":["","","","","","","","","",""]},{"video_ids":"BEC0uH1fuGU","video_titles":"Gradient Descent","playlist_ids":"PLs8w1Cdi-zvYwsjQk-C6SVK92z2y4xoBV","channel_ids":"UCgBncpylJ1kiVaPyP-PZauQ","is_single_simple_diff":[0,0,0,0,0,0,0,0,0,0],"default_seq":["okay","so","before","we","continue","with","other","algorithms","let's","do"],"correction_seq":["","","","","","","","","",""]},{"video_ids":"sf51L0RN6zc","video_titles":"Linear Regression Question","playlist_ids":"PLs8w1Cdi-zvYwsjQk-C6SVK92z2y4xoBV","channel_ids":"UCgBncpylJ1kiVaPyP-PZauQ","is_single_simple_diff":[0,0,0,0,0,0,0,0,0,0],"default_seq":["so","let's","say","we're","studying","the","housing","market","and","our"],"correction_seq":["","","","","","","","","",""]},{"video_ids":"L5QBqYDNJn0","video_titles":"Linear Regression Answer","playlist_ids":"PLs8w1Cdi-zvYwsjQk-C6SVK92z2y4xoBV","channel_ids":"UCgBncpylJ1kiVaPyP-PZauQ","is_single_simple_diff":[0,0,0,0,0,0,0,0,0,0],"default_seq":["well","to","help","us","out","we","can","see","that","these"],"correction_seq":["","","","","","","","","",""]},{"video_ids":"wQXKdeVHTmc","video_titles":"Logistic Regression Question","playlist_ids":"PLs8w1Cdi-zvYwsjQk-C6SVK92z2y4xoBV","channel_ids":"UCgBncpylJ1kiVaPyP-PZauQ","is_single_simple_diff":[0,0,0,0,0,0,0,0,0,0],"default_seq":["now","let's","say","we're","the","admissions","office","at","a","university"],"correction_seq":["","","","","","","","","",""]},{"video_ids":"JuAJd9Qvs6U","video_titles":"Logistic Regression Answer","playlist_ids":"PLs8w1Cdi-zvYwsjQk-C6SVK92z2y4xoBV","channel_ids":"UCgBncpylJ1kiVaPyP-PZauQ","is_single_simple_diff":[0,0,0,0,0,0,0,0,0,0],"default_seq":["to","answer","this","question","let's","look","closely","at","the","data"],"correction_seq":["","","","","","","","","",""]}]