[{"video_ids":"Y47t9qLc9I4","video_titles":"Why Masks Work BETTER Than You'd Think","playlist_ids":"PLED25F943F8D6081C","channel_ids":"UCUHW94eEFW7hkUMVaZz4eDg","is_single_simple_diff":[0,0,0,0,0,0,0,0,0,0],"default_seq":["mask","wearing","and","covet","19","is","complicated","and","not","just"],"correction_seq":["","","","","","","","","",""]},{"video_ids":"eAdanPfQdCA","video_titles":"The Astounding Physics of N95 Masks","playlist_ids":"PLED25F943F8D6081C","channel_ids":"UCUHW94eEFW7hkUMVaZz4eDg","is_single_simple_diff":[0,0,0,0,0,0,0,0,0,0],"default_seq":["prior","to","march","2020","there's","a","good","chance","you","didn't"],"correction_seq":["","","","","","","","","",""]},{"video_ids":"1t4dOPxKgrY","video_titles":"Why Do Mirrors Flip Left & Right (but not up & down)?","playlist_ids":"PLED25F943F8D6081C","channel_ids":"UCUHW94eEFW7hkUMVaZz4eDg","is_single_simple_diff":[0,0,0,0,0,0,0,0,0,0],"default_seq":["mirrors","are","amazing","","they","turn","walls","into","portals","to"],"correction_seq":["","","","","","","","","",""]},{"video_ids":"Fv1JJ227CQk","video_titles":"Do Photons Cast Shadows?","playlist_ids":"PLED25F943F8D6081C","channel_ids":"UCUHW94eEFW7hkUMVaZz4eDg","is_single_simple_diff":[0,0,0,0,0,0,0,0,0,0],"default_seq":["there","are","plenty","of","objects","that","are","good","at","blocking"],"correction_seq":["","","","","","","","","",""]},{"video_ids":"pT19VwBAqKA","video_titles":"Protecting Privacy with MATH (Collab with the Census)","playlist_ids":"PLED25F943F8D6081C","channel_ids":"UCUHW94eEFW7hkUMVaZz4eDg","is_single_simple_diff":[0,0,0,0,0,0,0,0,0,0],"default_seq":["[Music]","every","10","years","the","US","Census","Bureau","surveys","the"],"correction_seq":["","","","","","","","","",""]},{"video_ids":"r8xfzeD0ZK4","video_titles":"How to Build a Lava Moat (with xkcd)","playlist_ids":"PLED25F943F8D6081C","channel_ids":"UCUHW94eEFW7hkUMVaZz4eDg","is_single_simple_diff":[0,0,0,0,0,0,0,0,0,0],"default_seq":["[Music]","there","are","lots","of","reasons","for","wanting","a","lava"],"correction_seq":["","","","","","","","","",""]},{"video_ids":"Vxz6nNqpDCk","video_titles":"Why Some Days Aren\u2019t 24 Hours","playlist_ids":"PLED25F943F8D6081C","channel_ids":"UCUHW94eEFW7hkUMVaZz4eDg","is_single_simple_diff":[0,0,0,0,0,0,0,0,0,0],"default_seq":["in","the","distant","future","aliens","who","live","on","asteroids","near"],"correction_seq":["","","","","","","","","",""]},{"video_ids":"0RApKeMGDnE","video_titles":"Einstein's Biggest Blunder, Explained","playlist_ids":"PLED25F943F8D6081C","channel_ids":"UCUHW94eEFW7hkUMVaZz4eDg","is_single_simple_diff":[0,0,0,0,0,0,0,0,0,0],"default_seq":["in","1915","Albert","Einstein","published","a","very","important","equation","no"],"correction_seq":["","","","","","","","","",""]},{"video_ids":"oYsp7OIMFAs","video_titles":"I Had to Build a Custom Mute Switch for my Violin","playlist_ids":"PLED25F943F8D6081C","channel_ids":"UCUHW94eEFW7hkUMVaZz4eDg","is_single_simple_diff":[0,0,0,0,0,0,0,0,0,0],"default_seq":["so","I","play","fiddle","and","bluegrass","band","even","though","it's"],"correction_seq":["","","","","","","","","",""]},{"video_ids":"FRZQ-efABeQ","video_titles":"How Shor's Algorithm Factors 314191","playlist_ids":"PLED25F943F8D6081C","channel_ids":"UCUHW94eEFW7hkUMVaZz4eDg","is_single_simple_diff":[0,0,0,0,0,0,0,0,0,0],"default_seq":["as","a","follow-up","to","the","main","video","about","how","quantum"],"correction_seq":["","","","","","","","","",""]}]