[{"video_ids":"0RxitCeuokI","video_titles":"The first image of a black hole: A three minute guide","playlist_ids":"PLc8e2NNCopVsfIRWC_BKU_YUplScPdCh3","channel_ids":"UC7c8mE90qCtu11z47U0KErg","is_single_simple_diff":[0,0,0,0,0,0,0,0,0,0],"default_seq":["this","is","the","first","direct","image","ever","taken","of","a"],"correction_seq":["","","","","","","","","",""]},{"video_ids":"QrnfIYFyFDY","video_titles":"Stephen Hawking: Three publications that shaped his career","playlist_ids":"PLc8e2NNCopVsfIRWC_BKU_YUplScPdCh3","channel_ids":"UC7c8mE90qCtu11z47U0KErg","is_single_simple_diff":[0,0,0,0,0,0,0,0,0,0],"default_seq":["Stephen","Hawking","was","one","of","the","most","influential","scientists","of"],"correction_seq":["","","","","","","","","",""]},{"video_ids":"gmIImZ8uiOs","video_titles":"Signals from the cosmic dawn: A three minute guide","playlist_ids":"PLc8e2NNCopVsfIRWC_BKU_YUplScPdCh3","channel_ids":"UC7c8mE90qCtu11z47U0KErg","is_single_simple_diff":[0,0,0,0,0,0,0,0,0,0],"default_seq":["scientists","think","they've","made","the","first","measurements","from","the","cosmic"],"correction_seq":["","","","","","","","","",""]},{"video_ids":"jswSJznyvDI","video_titles":"Shake those bees back and forth: Smart swarm intelligence","playlist_ids":"PL2B4453E49C20F311","channel_ids":"UC7c8mE90qCtu11z47U0KErg","is_single_simple_diff":[0,0,0,0,0,0,0,0,0,0],"default_seq":["this","hanging","mass","is","made","entirely","of","bees","the","swarm"],"correction_seq":["","","","","","","","","",""]},{"video_ids":"jOnxr9Ez_Kc","video_titles":"A tactile 3D display, created with sound","playlist_ids":"PLc8e2NNCopVvDwZv-d9XMnvUfI9xnUBz8","channel_ids":"UC7c8mE90qCtu11z47U0KErg","is_single_simple_diff":[0,0,0,0,0,0,0,0,0,0],"default_seq":["to","the","human","eye","there","appears","to","be","a","glowing"],"correction_seq":["","","","","","","","","",""]},{"video_ids":"6eiErYh_FeY","video_titles":"The AI that mastered Starcraft II","playlist_ids":"PLc8e2NNCopVvDwZv-d9XMnvUfI9xnUBz8","channel_ids":"UC7c8mE90qCtu11z47U0KErg","is_single_simple_diff":[0,0,0,0,0,0,0,0,0,0],"default_seq":["artificial","intelligence","researchers","that","deepmind","have","mastered","pong","chess","and"],"correction_seq":["","","","","","","","","",""]},{"video_ids":"-Fz3JlGABrs","video_titles":"Bringing a fossil to life: Reverse engineering locomotion","playlist_ids":"PLc8e2NNCopVvDwZv-d9XMnvUfI9xnUBz8","channel_ids":"UC7c8mE90qCtu11z47U0KErg","is_single_simple_diff":[0,0,0,0,0,0,0,0,0,0],"default_seq":["for","decades","people","have","been","fascinated","by","creatures","of","the"],"correction_seq":["","","","","","","","","",""]},{"video_ids":"qTdx5zfEeiQ","video_titles":"Making a microscopic swarm move through a maze","playlist_ids":"PLc8e2NNCopVvDwZv-d9XMnvUfI9xnUBz8","channel_ids":"UC7c8mE90qCtu11z47U0KErg","is_single_simple_diff":[0,0,0,0,0,0,0,0,0,0],"default_seq":["this","simple-looking","blob","is","actually","a","swarm","of","millions","of"],"correction_seq":["","","","","","","","","",""]},{"video_ids":"VqMTNZsWvBU","video_titles":"How to build a nanocage: Self-assembling silica","playlist_ids":"PLc8e2NNCopVvDwZv-d9XMnvUfI9xnUBz8","channel_ids":"UC7c8mE90qCtu11z47U0KErg","is_single_simple_diff":[0,0,0,0,0,0,0,0,0,0],"default_seq":["[Music]","this","dodecahedral","cage","is","made","of","silica","and","it's"],"correction_seq":["","","","","","","","","",""]},{"video_ids":"aV07hCF7-AQ","video_titles":"3D printing a fast-morphing smart material","playlist_ids":"PLc8e2NNCopVvDwZv-d9XMnvUfI9xnUBz8","channel_ids":"UC7c8mE90qCtu11z47U0KErg","is_single_simple_diff":[0,0,0,0,0,0,0,0,0,0],"default_seq":["for","decades","scientists","have","been","working","on","materials","that","can"],"correction_seq":["","","","","","","","","",""]}]