[{"video_ids":"xWPViQ6LI-Q","video_titles":"Lecture 1 Introduction -- CS287-FA19 Advanced Robotics at UC Berkeley","playlist_ids":"PLwRJQ4m4UJjNBPJdt8WamRAt4XKc639wF","channel_ids":"UC88M-XNc4BlzJVJvOyiHZDQ","is_single_simple_diff":[0,0,0,0,0,0,0,0,0,0],"default_seq":["all","right","welcome","everyone","first","lecture","of","serious","287","advanced"],"correction_seq":["","","","","","","","","",""]},{"video_ids":"H_9YQBN45fo","video_titles":"Lecture 2 Markov Decision Processes -- CS287-FA19 Advanced Robotics at UC Berkeley","playlist_ids":"PLwRJQ4m4UJjNBPJdt8WamRAt4XKc639wF","channel_ids":"UC88M-XNc4BlzJVJvOyiHZDQ","is_single_simple_diff":[0,0,0,0,0,0,0,0,0,0],"default_seq":["alright","let's","get","started","for","today","welcome","to","the","second"],"correction_seq":["","","","","","","","","",""]},{"video_ids":"mJlAfKc4990","video_titles":"Lecture 3 Solving Continuous MDPs with Discretization -- CS287-FA19 Advanced Robotics at UC Berkeley","playlist_ids":"PLwRJQ4m4UJjNBPJdt8WamRAt4XKc639wF","channel_ids":"UC88M-XNc4BlzJVJvOyiHZDQ","is_single_simple_diff":[0,0,0,0,0,0,0,0,0,0],"default_seq":["ten","seconds","hi","everyone","welcome","to","lecture","three","of","CS"],"correction_seq":["","","","","","","","","",""]},{"video_ids":"I0LykEdXDPk","video_titles":"Lecture 4 MDPs and Function Approximation -- CS287-FA19 Advanced Robotics at UC Berkeley","playlist_ids":"PLwRJQ4m4UJjNBPJdt8WamRAt4XKc639wF","channel_ids":"UC88M-XNc4BlzJVJvOyiHZDQ","is_single_simple_diff":[0,0,0,0,0,0,0,0,0,0],"default_seq":["hi","everyone","welcome","to","the","fourth","lecture","of","CS","287"],"correction_seq":["","","","","","","","","",""]},{"video_ids":"S5LavPCJ5vw","video_titles":"Lecture 5 LQR -- CS287-FA19 Advanced Robotics at UC Berkeley","playlist_ids":"PLwRJQ4m4UJjNBPJdt8WamRAt4XKc639wF","channel_ids":"UC88M-XNc4BlzJVJvOyiHZDQ","is_single_simple_diff":[0,0,0,0,0,0,0,0,0,0],"default_seq":["hi","everyone","welcome","to","lecture","5","of","CS","287","advanced"],"correction_seq":["","","","","","","","","",""]},{"video_ids":"77dOsZbAGgU","video_titles":"Lecture 6 Unconstrained (Convex) Optimization -- CS287-FA19 Advanced Robotics at UC Berkeley","playlist_ids":"PLwRJQ4m4UJjNBPJdt8WamRAt4XKc639wF","channel_ids":"UC88M-XNc4BlzJVJvOyiHZDQ","is_single_simple_diff":[0,0,0,0,0,0,0,0,0,0],"default_seq":["alright","let's","get","started","for","today","welcome","to","the","sixth"],"correction_seq":["","","","","","","","","",""]},{"video_ids":"gFewyKcDFXI","video_titles":"Lecture 7 Constrained Optimization -- CS287-FA19 Advanced Robotics at UC Berkeley","playlist_ids":"PLwRJQ4m4UJjNBPJdt8WamRAt4XKc639wF","channel_ids":"UC88M-XNc4BlzJVJvOyiHZDQ","is_single_simple_diff":[0,0,0,0,0,0,0,0,0,0],"default_seq":["alright","let's","get","started","for","today","welcome","to","lecture","seven"],"correction_seq":["","","","","","","","","",""]},{"video_ids":"ha60pQdepMY","video_titles":"Lecture 8 Optimization-based Control: Collocation, Shooting, MPC -- CS287-FA19 Advanced Robotics","playlist_ids":"PLwRJQ4m4UJjNBPJdt8WamRAt4XKc639wF","channel_ids":"UC88M-XNc4BlzJVJvOyiHZDQ","is_single_simple_diff":[0,0,0,0,0,0,0,0,0,0],"default_seq":["hi","everyone","welcome","to","lecture","eight","of","advanced","robotics","so"],"correction_seq":["","","","","","","","","",""]},{"video_ids":"pBCVQbZtv78","video_titles":"Lecture 9 Collocation, Shooting, MPC, Contact-Invariant Optimization -- CS287-FA19 Advanced Robotics","playlist_ids":"PLwRJQ4m4UJjNBPJdt8WamRAt4XKc639wF","channel_ids":"UC88M-XNc4BlzJVJvOyiHZDQ","is_single_simple_diff":[0,0,0,0,0,0,0,0,0,0],"default_seq":["um","you","were","more","Dutch","to","give","a","guest","lecture"],"correction_seq":["","","","","","","","","",""]},{"video_ids":"ZDuoQRutcfk","video_titles":"Lecture 10 Motion Planning: PRM, RRT, Trajopt -- CS287-FA19 Advanced Robotics at UC Berkeley","playlist_ids":"PLwRJQ4m4UJjNBPJdt8WamRAt4XKc639wF","channel_ids":"UC88M-XNc4BlzJVJvOyiHZDQ","is_single_simple_diff":[0,0,0,0,0,0,0,0,0,0],"default_seq":["okay","hello","everyone","I'm","Harry","so","today","we","will",""],"correction_seq":["","","","","","","","","",""]}]