[{"video_ids":"x40i0vpJPdk","video_titles":"Stanford Course - Scaling Excellence through Innovation","playlist_ids":"PLoROMvodv4rNGcjhuCmfd5rPK8goWlvVO","channel_ids":"UCBa5G_ESCn8Yd4vw5U-gIcg","is_single_simple_diff":[0,0,0,0,0,0,0,0,0,0],"default_seq":["so","this","is","a","course","on","how","to","scale","excellence"],"correction_seq":["","","","","","","","","",""]},{"video_ids":"OeBiMe0o8eI","video_titles":"Stanford Innovation & Entrepreneurship Certificate Overview","playlist_ids":"PLoROMvodv4rNGcjhuCmfd5rPK8goWlvVO","channel_ids":"UCBa5G_ESCn8Yd4vw5U-gIcg","is_single_simple_diff":[0,0,0,0,0,0,0,0,0,0],"default_seq":["","Stanford","lies","at","the","heart","of","Silicon","Valley","and"],"correction_seq":["","","","","","","","","",""]},{"video_ids":"-LeKimVEi-Q","video_titles":"Stanford Webinar:  Introduction to Growth Hacking","playlist_ids":"PLoROMvodv4rNGcjhuCmfd5rPK8goWlvVO","channel_ids":"UCBa5G_ESCn8Yd4vw5U-gIcg","is_single_simple_diff":[0,0,0,0,0,0,0,0,0,0],"default_seq":["today's","featured","presenter","is","Linda","Smith","Linda","Smith","brings","over"],"correction_seq":["","","","","","","","","",""]},{"video_ids":"iPEsVB8G4xQ","video_titles":"Stanford Webinar:  Need-finding and Empathy - Why Your Customers Can't Tell You What They Want","playlist_ids":"PLoROMvodv4rNGcjhuCmfd5rPK8goWlvVO","channel_ids":"UCBa5G_ESCn8Yd4vw5U-gIcg","is_single_simple_diff":[0,0,0,0,0,0,0,0,0,0],"default_seq":["so","now","I'd","like","to","refer","to","prevent","our","speaker"],"correction_seq":["","","","","","","","","",""]},{"video_ids":"CTA7ax-4fnc","video_titles":"Stanford Webinar: Designing Your Life - How to Build a Well-Lived, Joyful Life","playlist_ids":"PLoROMvodv4rNGcjhuCmfd5rPK8goWlvVO","channel_ids":"UCBa5G_ESCn8Yd4vw5U-gIcg","is_single_simple_diff":[0,0,0,0,0,0,0,0,0,0],"default_seq":["and","today's","featured","presenters","as","bill","Burnett","bill","is","an"],"correction_seq":["","","","","","","","","",""]},{"video_ids":"AkevYF2lqgs","video_titles":"Stanford Webinar- How to Survive Workplace Jerks","playlist_ids":"PLoROMvodv4rNGcjhuCmfd5rPK8goWlvVO","channel_ids":"UCBa5G_ESCn8Yd4vw5U-gIcg","is_single_simple_diff":[0,0,0,0,0,0,0,0,0,0],"default_seq":["now","I'd","like","to","introduce","today's","featured","presenter","professor","Robert"],"correction_seq":["","","","","","","","","",""]},{"video_ids":"LxAcHpCuCtE","video_titles":"Us vs. Them: Overcoming Differences to Inspire Collaboration","playlist_ids":"PLoROMvodv4rNGcjhuCmfd5rPK8goWlvVO","channel_ids":"UCBa5G_ESCn8Yd4vw5U-gIcg","is_single_simple_diff":[0,0,0,0,0,0,0,0,0,1],"default_seq":["never","I'd","like","to","introduce","today's","featured","presenter","Pamela","Hines"],"correction_seq":["","","","","","","","","","Hinds."]},{"video_ids":"inUJMR_2f7k","video_titles":"Webinar: Drive Positive Change in Your Life","playlist_ids":"PLoROMvodv4rNGcjhuCmfd5rPK8goWlvVO","channel_ids":"UCBa5G_ESCn8Yd4vw5U-gIcg","is_single_simple_diff":[0,0,0,0,0,0,0,0,0,0],"default_seq":["and","our","feature","presenter","today","is","Professor","Bernie","Roth","so"],"correction_seq":["","","","","","","","","",""]},{"video_ids":"HzEsRa967hE","video_titles":"A [Practical] Guide to Living Ethically","playlist_ids":"PLoROMvodv4rNGcjhuCmfd5rPK8goWlvVO","channel_ids":"UCBa5G_ESCn8Yd4vw5U-gIcg","is_single_simple_diff":[0,0,0,0,0,0,0,0,0,0],"default_seq":["I","will","introduce","professor","Nesbitt","now","so","dr.","Nesbitt","has"],"correction_seq":["","","","","","","","","",""]},{"video_ids":"IbBZc2amI9Y","video_titles":"Defining Problems as a Tool for Maximizing Systemic Impact","playlist_ids":"PLoROMvodv4rNGcjhuCmfd5rPK8goWlvVO","channel_ids":"UCBa5G_ESCn8Yd4vw5U-gIcg","is_single_simple_diff":[0,0,0,0,0,0,0,0,0,1],"default_seq":["I'd","like","to","now","introduce","our","featured","presenter","Matt","Roth"],"correction_seq":["","","","","","","","","","Rothe."]}]