[{"video_ids":"rFpDK2KhAgw","video_titles":"Why you should talk to strangers | Kio Stark","playlist_ids":"PLOGi5-fAu8bF22nt4QY4p1PbuPxujMYGX","channel_ids":"UCAuUUnT6oDeKwE6v1NGQxug","is_single_simple_diff":[0,0,0,0,0,0,0,0,0,0],"default_seq":["there","are","things","we","say","when","we","catch","the","eye"],"correction_seq":["","","","","","","","","",""]},{"video_ids":"16cM-RFid9U","video_titles":"How Airbnb designs for trust | Joe Gebbia","playlist_ids":"PLOGi5-fAu8bF22nt4QY4p1PbuPxujMYGX","channel_ids":"UCAuUUnT6oDeKwE6v1NGQxug","is_single_simple_diff":[0,0,0,0,0,0,0,0,0,0],"default_seq":["I","want","to","tell","you","this","story","about","the","time"],"correction_seq":["","","","","","","","","",""]},{"video_ids":"os69gEFXUW4","video_titles":"Maria Bezaitis: The surprising need for strangeness","playlist_ids":"PLOGi5-fAu8bF22nt4QY4p1PbuPxujMYGX","channel_ids":"UCAuUUnT6oDeKwE6v1NGQxug","is_single_simple_diff":[0,0,0,0,0,0,0,0,0,0],"default_seq":["don't","talk","to","strangers","you","have","heard","that","phrase","uttered"],"correction_seq":["","","","","","","","","",""]},{"video_ids":"xMj_P_6H69g","video_titles":"The art of asking | Amanda Palmer","playlist_ids":"PLOGi5-fAu8bF22nt4QY4p1PbuPxujMYGX","channel_ids":"UCAuUUnT6oDeKwE6v1NGQxug","is_single_simple_diff":[0,0,0,0,0,0,0,0,0,0],"default_seq":["[Music]","[Applause]","uh","so","i","didn't","always","make","my","living"],"correction_seq":["","","","","","","","","",""]},{"video_ids":"cTIUiN6inIQ","video_titles":"How to make faster decisions | The Way We Work, a TED series","playlist_ids":"PLOGi5-fAu8bFhSzuOjTmHJwLHUxxIoGr4","channel_ids":"UCAuUUnT6oDeKwE6v1NGQxug","is_single_simple_diff":[0,0,0,0,0,0,0,0,0,0],"default_seq":["you're","probably","familiar","with","FOMO","that's","short","for","fear","of"],"correction_seq":["","","","","","","","","",""]},{"video_ids":"sSOBk0v0viM","video_titles":"How to embrace emotions at work | The Way We Work, a TED series","playlist_ids":"PLOGi5-fAu8bFhSzuOjTmHJwLHUxxIoGr4","channel_ids":"UCAuUUnT6oDeKwE6v1NGQxug","is_single_simple_diff":[0,0,0,0,0,0,0,0,0,0],"default_seq":["no","matter","how","hard","you","might","try","you","can't","just"],"correction_seq":["","","","","","","","","",""]},{"video_ids":"s0H1jxF5TWQ","video_titles":"6 ways to improve your relationship with money | The Way We Work, a TED series","playlist_ids":"PLOGi5-fAu8bFhSzuOjTmHJwLHUxxIoGr4","channel_ids":"UCAuUUnT6oDeKwE6v1NGQxug","is_single_simple_diff":[0,0,0,0,0,0,0,0,0,0],"default_seq":["when","you","think","about","money","in","your","dreams","and","you're"],"correction_seq":["","","","","","","","","",""]},{"video_ids":"06wDth_nvEg","video_titles":"3 things new parents should consider before going back to work | The Way We Work, a TED series","playlist_ids":"PLOGi5-fAu8bFhSzuOjTmHJwLHUxxIoGr4","channel_ids":"UCAuUUnT6oDeKwE6v1NGQxug","is_single_simple_diff":[0,0,0,0,0,0,0,0,0,0],"default_seq":["when","I","was","pregnant","I","just","got","very","frustrated","don't"],"correction_seq":["","","","","","","","","",""]},{"video_ids":"EtZQT3avFaY","video_titles":"5 ways to create stronger connections | The Way We Work, a TED series","playlist_ids":"PLOGi5-fAu8bFhSzuOjTmHJwLHUxxIoGr4","channel_ids":"UCAuUUnT6oDeKwE6v1NGQxug","is_single_simple_diff":[0,0,0,0,0,0,0,0,0,0],"default_seq":["so","when","was","the","last","time","that","you","wrote","a"],"correction_seq":["","","","","","","","","",""]},{"video_ids":"PYJ22-YYNW8","video_titles":"This is what makes employees happy at work | The Way We Work, a TED series","playlist_ids":"PLOGi5-fAu8bFhSzuOjTmHJwLHUxxIoGr4","channel_ids":"UCAuUUnT6oDeKwE6v1NGQxug","is_single_simple_diff":[0,0,0,0,0,0,0,0,0,0],"default_seq":["we","survey","CEOs","lease","officers","truck","drivers","cooks","engineers","if"],"correction_seq":["","","","","","","","","",""]}]