[{"video_ids":"Yf0BN0kq7OU","video_titles":"Three Incorrect Laws of Motion","playlist_ids":"PLAB27A3C12C31E663","channel_ids":"UCHnyfMqiRRG1u-2MsSQLbXA","is_single_simple_diff":[0,0,0,0,0,0,0,0,0,0],"default_seq":["nearly","350","years","ago","Isaac","Newton","came","up","with","three"],"correction_seq":["","","","","","","","","",""]},{"video_ids":"_Z0X0yE8Ioc","video_titles":"The Difference Between Mass and Weight","playlist_ids":"PLAB27A3C12C31E663","channel_ids":"UCHnyfMqiRRG1u-2MsSQLbXA","is_single_simple_diff":[0,0,0,0,0,0,0,0,0,0],"default_seq":["what","is","the","difference","between","mass","and","weight","I","think"],"correction_seq":["","","","","","","","","",""]},{"video_ids":"txmKr69jGBk","video_titles":"Levitating Barbecue! Electromagnetic Induction","playlist_ids":"PLAC555EC7D3D0F4AA","channel_ids":"UCHnyfMqiRRG1u-2MsSQLbXA","is_single_simple_diff":[0,0,0,0,0,0,0,0,0,0],"default_seq":["let's","switch","it","on","let's","see","what","it","does","through"],"correction_seq":["","","","","","","","","",""]},{"video_ids":"a7_8Gc_Llr8","video_titles":"What's In A Candle Flame?","playlist_ids":"PLAC555EC7D3D0F4AA","channel_ids":"UCHnyfMqiRRG1u-2MsSQLbXA","is_single_simple_diff":[0,0,0,0,0,0,0,0,0,0],"default_seq":["okay","what","is","a","candle","flame","really","made","of","I'm"],"correction_seq":["","","","","","","","","",""]},{"video_ids":"rM04U5BO3Ug","video_titles":"Making SOLID Nitrogen!","playlist_ids":"PLAC555EC7D3D0F4AA","channel_ids":"UCHnyfMqiRRG1u-2MsSQLbXA","is_single_simple_diff":[0,0,0,0,0,0,0,0,0,0],"default_seq":["boiling","point","is","something","that","we","normally","think","of","as"],"correction_seq":["","","","","","","","","",""]},{"video_ids":"gM3zP72-rJE","video_titles":"Does Pressure Melt Ice?","playlist_ids":"PLAC555EC7D3D0F4AA","channel_ids":"UCHnyfMqiRRG1u-2MsSQLbXA","is_single_simple_diff":[0,0,0,0,0,0,0,0,0,0],"default_seq":["I'm","going","to","try","to","demonstrate","something","called","regulation","which"],"correction_seq":["","","","","","","","","",""]},{"video_ids":"2xKZRpAsWL8","video_titles":"Cathode Rays Lead to Thomson's Model of the Atom","playlist_ids":"PLAC555EC7D3D0F4AA","channel_ids":"UCHnyfMqiRRG1u-2MsSQLbXA","is_single_simple_diff":[0,0,0,0,0,0,0,0,0,1],"default_seq":["so","today","I'm","at","the","University","of","Sydney","with","dr."],"correction_seq":["","","","","","","","","","Doctor"]},{"video_ids":"cY-kiddvAg0","video_titles":"What Is Electricity? (Are You Gonna Be My Girl?)","playlist_ids":"PL01C3EA1772069E2B","channel_ids":"UCHnyfMqiRRG1u-2MsSQLbXA","is_single_simple_diff":[0,0,0,0,0,0,0,0,0,0],"default_seq":["electricity","is","one","of","our","most","faithful","servants","it","gives"],"correction_seq":["","","","","","","","","",""]},{"video_ids":"DBjZz0iQrzI","video_titles":"I'm Atoms (Scientific Cover of Jason Mraz's I'm Yours)","playlist_ids":"PL01C3EA1772069E2B","channel_ids":"UCHnyfMqiRRG1u-2MsSQLbXA","is_single_simple_diff":[0,0,0,0,0,0,0,0,0,0],"default_seq":["[Music]","was","made","of","protons","neutrons","and","electrons","the","first"],"correction_seq":["","","","","","","","","",""]},{"video_ids":"u7KpH9_I2Dw","video_titles":"Gravity (Scientific Version of John Mayer's Gravity)","playlist_ids":"PL01C3EA1772069E2B","channel_ids":"UCHnyfMqiRRG1u-2MsSQLbXA","is_single_simple_diff":[0,0,0,0,0,0,0,0,0,0],"default_seq":["you","gravity","is","working","with","me","and","gravity","he","keeps"],"correction_seq":["","","","","","","","","",""]}]