[{"video_ids":"t37gnfQzgP4","video_titles":"Debug your YOLOv5 experiments with Weights & Biases","playlist_ids":"PLD80i8An1OEE0xs5BjKpCBdm0aaDI00U9","channel_ids":"UCBp3w4DCEC64FZr4k9ROxig","is_single_simple_diff":[0,0,0,0,0,0,0,0,0,0],"default_seq":["hey","everybody","ivan","from","weights","and","biases","here","in","this"],"correction_seq":["","","","","","","","","",""]},{"video_ids":"A1S4znIfcD8","video_titles":"0. What is machine learning?","playlist_ids":"PLD80i8An1OEHSai9cf-Ip-QReOVW76PlB","channel_ids":"UCBp3w4DCEC64FZr4k9ROxig","is_single_simple_diff":[0,0,0,0,0,0,0,0,0,0],"default_seq":["today","we're","gonna","talk","about","the","big","picture","what","is"],"correction_seq":["","","","","","","","","",""]},{"video_ids":"GVKDa5hxUZE","video_titles":"2. Multi-Layer Perceptrons","playlist_ids":"PLD80i8An1OEHSai9cf-Ip-QReOVW76PlB","channel_ids":"UCBp3w4DCEC64FZr4k9ROxig","is_single_simple_diff":[0,0,0,0,0,0,0,0,0,0],"default_seq":["so","in","the","last","video","we","built","the","classifier","that"],"correction_seq":["","","","","","","","","",""]},{"video_ids":"wzy8jI-duEQ","video_titles":"3. Convolutional Neural Networks","playlist_ids":"PLD80i8An1OEHSai9cf-Ip-QReOVW76PlB","channel_ids":"UCBp3w4DCEC64FZr4k9ROxig","is_single_simple_diff":[0,0,0,0,0,0,0,0,0,0],"default_seq":["we","need","to","talk","about","convolutional","neural","networks","so","far"],"correction_seq":["","","","","","","","","",""]},{"video_ids":"vbhEnEbj3JM","video_titles":"11. Transfer Learning for Domain-Specific Image Classification with Small Datasets","playlist_ids":"PLD80i8An1OEG8LvgREvgakhaqBBXBXfql","channel_ids":"UCBp3w4DCEC64FZr4k9ROxig","is_single_simple_diff":[0,0,0,0,0,0,0,0,0,0],"default_seq":["hello","everybody","my","name","is","Chris","and","today","we're","gonna"],"correction_seq":["","","","","","","","","",""]},{"video_ids":"H4MPIWX6ftE","video_titles":"12. One-shot learning for teaching neural networks to classify objects never seen before","playlist_ids":"PLD80i8An1OEG8LvgREvgakhaqBBXBXfql","channel_ids":"UCBp3w4DCEC64FZr4k9ROxig","is_single_simple_diff":[0,0,0,0,0,0,0,0,0,0],"default_seq":["all","the","examples","that","we","think","about","when","we","talk"],"correction_seq":["","","","","","","","","",""]},{"video_ids":"Qf4YJcHXtcY","video_titles":"13. Speech Recognition with Convolutional Neural Networks in Keras\/TensorFlow","playlist_ids":"PLD80i8An1OEG8LvgREvgakhaqBBXBXfql","channel_ids":"UCBp3w4DCEC64FZr4k9ROxig","is_single_simple_diff":[0,0,0,0,0,0,0,0,0,0],"default_seq":["so","audio","is","a","huge","field","and","it's","actually","arguably"],"correction_seq":["","","","","","","","","",""]},{"video_ids":"yYqAvlkRwUQ","video_titles":"14. Data Augmentation | Keras","playlist_ids":"PLD80i8An1OEG8LvgREvgakhaqBBXBXfql","channel_ids":"UCBp3w4DCEC64FZr4k9ROxig","is_single_simple_diff":[0,0,0,0,0,0,0,0,0,0],"default_seq":["in","this","video","we're","going","to","introduce","two","new","things"],"correction_seq":["","","","","","","","","",""]},{"video_ids":"ZBVwnoVIvZk","video_titles":"15. Batch Size and Learning Rate in CNNs","playlist_ids":"PLD80i8An1OEG8LvgREvgakhaqBBXBXfql","channel_ids":"UCBp3w4DCEC64FZr4k9ROxig","is_single_simple_diff":[0,0,0,0,0,0,0,0,0,0],"default_seq":["all","right","so","you","know","you've","got","your","model","training"],"correction_seq":["","","","","","","","","",""]},{"video_ids":"KP5PhuwYahI","video_titles":"There isn\u2019t one definition of fairness with Joaquin Candela Tech Lead for Responsible AI at Facebook","playlist_ids":"PLD80i8An1OEEb1jP0sjEyiLG8ULRXFob_","channel_ids":"UCBp3w4DCEC64FZr4k9ROxig","is_single_simple_diff":[0,0,0,0,0,0,0,0,0,0],"default_seq":["there","isn't","one","definition","of","fairness","right","uh","if","you"],"correction_seq":["","","","","","","","","",""]}]