bbcid,system,summary,hallucination_type,hallucinated_span,hallucinated_span_start,hallucinated_span_end,worker_id
34687720,BERTS2S,rory mcilroy will take a one-shot lead into the final round of the wgc-hsbc champions after carding a three-under,extrinsic,rory mcilroy will take a one-shot lead into the final round of the wgc-hsbc champions after carding a three-under,1,114,wid_0
34687720,BERTS2S,rory mcilroy will take a one-shot lead into the final round of the wgc-hsbc champions after carding a three-under,extrinsic,rory mcilroy will take a one-shot lead into the final round of the wgc-hsbc champions after carding a three-under,1,114,wid_1
34687720,BERTS2S,rory mcilroy will take a one-shot lead into the final round of the wgc-hsbc champions after carding a three-under,extrinsic,the final round of the wgc-hsbc champions,45,86,wid_2
21267591,BERTS2S,the leader of bahrain\'s main opposition party has said there needs to be dialogue between the kingdom\'s crown prince and government.,NULL,NULL,-1,-1,wid_0
