{
    "cloze_data": [
        {
            "question": "ભોરદા (તા. બોડેલી) <MASK> દેશના પશ્ચિમ ભાગમાં આવેલા  ગુજરાત રાજ્યના મધ્ય ભાગમાં આવેલા છોટાઉદેપુર જિલ્લામાં આવેલા કુલ ૬ (છ) તાલુકાઓ પૈકીના એક એવા  બોડેલી તાલુકામાં આવેલું એક  ગામ છે. ભોરદા ગામના લોકોનો મુખ્ય વ્યવસાય ખેતી, ખેતમજૂરી તેમ જ પશુપાલન છે. આ ગામમાં મુખ્યત્વે મકાઈ, બાજરી, તુવર તેમ જ શાકભાજીના પાકની ખેતી કરવામાં આવે છે. આ ગામમાં પ્રાથમિક શાળા, પંચાયતઘર, આંગણવાડી તેમ જ દૂધની ડેરી જેવી સવલતો પ્રાપ્ય થયેલી છે.",
            "answer": "ભારત",
            "category": "ORG",
            "title": "ભોરદા (તા. બોડેલી)",
            "out_of_context_options": [
                "કેમેરૂન"
            ],
            "options": [
                "કેમેરૂન",
                "ભારત",
                "આંગણવાડી",
                "પંચાયતઘર"
            ]
        },
        {
            "question": "અંધારીયા (તા. ભિલોડા) <MASK> દેશના પશ્ચિમ ભાગમાં આવેલા  ગુજરાત રાજ્યના ઉત્તર પૂર્વ ભાગમાં અરવલ્લીની ગિરિમાળામાં આવેલા અરવલ્લી જિલ્લામાં આવેલા કુલ ૬ (છ) તાલુકાઓ પૈકીના એક એવા  ભિલોડા તાલુકામાં આવેલું એક ગામ છે. અંધારીયા ગામના લોકોનો મુખ્ય વ્યવસાય ખેતી, ખેતમજૂરી તેમ જ પશુપાલન છે. આ ગામમાં મુખ્યત્વે ઘઉં, જીરુ, બાજરી, કપાસ,  દિવેલી તેમ જ શાકભાજીના પાકની ખેતી કરવામાં આવે છે. આ ગામમાં પ્રાથમિક શાળા, પંચાયતઘર, આંગણવાડી તેમ જ દૂધની ડેરી જેવી સવલતો પ્રાપ્ય થયેલી છે.",
            "answer": "ભારત",
            "category": "ORG",
            "title": "અંધારીયા (તા. ભિલોડા)",
            "out_of_context_options": [
                "દેવાસ"
            ],
            "options": [
                "દેવાસ",
                "ભારત",
                "પંચાયતઘર",
                "આંગણવાડી"
            ]
        },
        {
            "question": "ઢોલરવા (તા. ધારી) <MASK> દેશના પશ્ચિમ ભાગમાં આવેલા  ગુજરાત રાજ્યના સૌરાષ્ટ્ર વિસ્તારમાં આવેલા  અમરેલી જિલ્લામાં આવેલા કુલ ૧૧ (અગિયાર) તાલુકાઓ પૈકીના એક એવા  ધારી તાલુકામાં આવેલું એક  ગામ છે. ઢોલરવા ગામના લોકોનો મુખ્ય વ્યવસાય ખેતી, ખેતમજૂરી તેમ જ પશુપાલન છે. આ ગામમાં મુખ્યત્વે ઘઉં, જીરુ, મગફળી, તલ, બાજરી, ચણા, કપાસ,  દિવેલા, રજકો તેમ જ અન્ય શાકભાજીના પાકની ખેતી કરવામાં આવે છે. આ ગામમાં પ્રાથમિક શાળા, પંચાયતઘર, આંગણવાડી તેમ જ દૂધની ડેરી જેવી સવલતો પ્રાપ્ય થયેલી છે.",
            "answer": "ભારત",
            "category": "ORG",
            "title": "ઢોલરવા (તા. ધારી)",
            "options": [
                "ભારત",
                "આંગણવાડી",
                "સૌરાષ્ટ્ર",
                "પંચાયતઘર"
            ]
        },
        {
            "question": "અંબાલા (તા. દસાડા) <MASK> દેશના પશ્ચિમ ભાગમાં આવેલા  ગુજરાત રાજ્યના સૌરાષ્ટ્ર વિસ્તારમાં આવેલા  સુરેન્દ્રનગર જિલ્લામાં આવેલા કુલ ૧૦ (દસ) તાલુકાઓ પૈકીના એક એવા  દસાડા તાલુકામાં આવેલું એક  ગામ છે. અંબાલા ગામના લોકોનો મુખ્ય વ્યવસાય ખેતી, ખેતમજૂરી તેમ જ પશુપાલન છે. આ ગામમાં મુખ્યત્વે ઘઉં, જીરુ, મગફળી, બાજરી, ચણા, કપાસ,  દિવેલા, રજકો તેમ જ અન્ય શાકભાજીના પાકની ખેતી કરવામાં આવે છે. આ ગામમાં પ્રાથમિક શાળા, પંચાયતઘર, આંગણવાડી તેમ જ દૂધની ડેરી જેવી સવલતો પ્રાપ્ય થયેલી છે.",
            "answer": "ભારત",
            "category": "ORG",
            "title": "અંબાલા (તા. દસાડા)",
            "options": [
                "સૌરાષ્ટ્ર",
                "ભારત",
                "પંચાયતઘર",
                "આંગણવાડી"
            ]
        },
        {
            "question": "ભદામ <MASK> દેશના પશ્ચિમ ભાગમાં આવેલા  ગુજરાત રાજ્યના પૂર્વપટ્ટીમાં આવેલા નર્મદા જિલ્લામાં આવેલા કુલ ૫ (પાંચ) તાલુકાઓ પૈકીના એક એવા નાંદોદ તાલુકામાં આવેલું એક  ગામ છે. આ ગામમાં મુખ્યત્વે પાટીદાર તેમ જ આદિવાસી લોકોની વસ્તી રહે છે. ભદામ ગામમાં પ્રાથમિક શાળા, પંચાયતઘર, આંગણવાડી અને દૂધની ડેરી જેવી સવલતો પ્રાપ્ય છે. ગામના લોકોનો મુખ્ય વ્યવસાય ખેતી, ખેતમજૂરી તેમ જ પશુપાલન છે.",
            "answer": "ભારત",
            "category": "ORG",
            "title": "ભદામ",
            "out_of_context_options": [
                " અલ્જીરિયા "
            ],
            "options": [
                "પંચાયતઘર",
                "આંગણવાડી",
                " અલ્જીરિયા ",
                "ભારત"
            ]
        },
        {
            "question": "<MASK> દેશના પશ્ચિમ ભાગમાં આવેલા ગુજરાત રાજ્યના સૌરાષ્ટ્ર વિસ્તારના બોટાદ જિલ્લામાં આવેલા બોટાદ તાલુકામાં આવેલું એક  ગામ છે. આ ગામના લોકોનો મુખ્ય વ્યવસાય ખેતી, ખેતમજૂરી તેમ જ પશુપાલન છે. આ ગામમાં મુખ્યત્વે ઘઉં, જીરુ, મગફળી, તલ, બાજરી, કપાસ, દિવેલા, રજકો તેમ જ અન્ય શાકભાજીના પાકની ખેતી કરવામાં આવે છે. આ ગામમાં પ્રાથમિક શાળા, પંચાયતઘર, આંગણવાડી તેમ જ દૂધની ડેરી જેવી સવલતો પ્રાપ્ય થયેલી છે.",
            "answer": "ભારત",
            "category": "ORG",
            "title": "જોટીંગડા (તા. બોટાદ)",
            "options": [
                "ગુજરાત",
                "ભારત",
                "આંગણવાડી",
                "સૌરાષ્ટ્ર"
            ]
        },
        {
            "question": "મઘરોળ <MASK> દેશના પશ્ચિમ ભાગમાં આવેલા  ગુજરાત રાજ્યના ચરોતર પ્રદેશમાં આવેલા આણંદ જિલ્લામાં આવેલા કુલ ૮ (આઠ) તાલુકાઓ પૈકીના એક એવા સોજિત્રા તાલુકામાં આવેલું એક  ગામ છે. મઘરોળ ગામના લોકોનો મુખ્ય વ્યવસાય ખેતી, ખેતમજૂરી તેમ જ પશુપાલન છે. આ ગામમાં મુખ્યત્વે ઘઉં, ડાંગર, બાજરી, તમાકુ, બટાટા, શક્કરીયાં તેમ જ અન્ય શાકભાજીના પાકની ખેતી કરવામાં આવે છે. આ ગામમાં પ્રાથમિક શાળા, પંચાયતઘર, આંગણવાડી તેમ જ દૂધની ડેરી જેવી સવલતો પ્રાપ્ય થયેલી છે.",
            "answer": "ભારત",
            "category": "ORG",
            "title": "મઘરોળ (તા. સોજિત્રા)",
            "out_of_context_options": [
                "ઓએનજીસીના"
            ],
            "options": [
                "ભારત",
                "ઓએનજીસીના",
                "આંગણવાડી",
                "પંચાયતઘર"
            ]
        },
        {
            "question": "બોલીવુડની ફીલ્મો અને પડોશી ભારતીય સંસ્કૃતિથી પ્રેરિત એવા <MASK>માં પણ હાલમાં પાણીપૂરી પ્રચલિત થઈ છે. ગુજરાતમાં પાણીપૂરીને ક્યારેક  પૂરીપકોડી કે પકોડીપૂરી તરીકે પણ ઓળખવામાં આવે છે.",
            "answer": "નેપાળ",
            "category": "ORG",
            "title": "પાણીપૂરી",
            "options": [
                "છત્તીસગઢ",
                "ઓરિસ્સા",
                "ઝારખંડ",
                "નેપાળ"
            ]
        },
        {
            "question": "જાડા ખેરીયા <MASK> દેશના પશ્ચિમ ભાગમાં આવેલા  ગુજરાત રાજ્યના મધ્ય ભાગમાં આવેલા આદિવાસીઓની બહુમતી ધરાવતા દાહોદ જિલ્લામાં આવેલા કુલ ૮ (આઠ) તાલુકાઓ પૈકીના એક એવા લીમખેડા તાલુકામાં આવેલું એક  ગામ છે. જાડા ખેરીયા ગામના લોકોનો મુખ્ય વ્યવસાય ખેતી, ખેતમજૂરી તેમ જ પશુપાલન છે. આ ગામમાં મુખ્યત્વે મકાઈ, ઘઉં, ડાંગર, મગ, અડદ,  અન્ય કઠોળ તેમ જ શાકભાજીના પાકની ખેતી કરવામાં આવે છે. આ ગામમાં પ્રાથમિક શાળા, પંચાયતઘર, આંગણવાડી તેમ જ દૂધની ડેરી જેવી સવલતો પ્રાપ્ય થયેલી છે.",
            "answer": "ભારત",
            "category": "ORG",
            "title": "જાડા ખેરીયા (તા. લીમખેડા)",
            "out_of_context_options": [
                "ઓરિસ્સા"
            ],
            "options": [
                "આંગણવાડી",
                "પંચાયતઘર",
                "ભારત",
                "ઓરિસ્સા"
            ]
        },
        {
            "question": "દમોલી (તા. સંખેડા) <MASK> દેશના પશ્ચિમ ભાગમાં આવેલા  ગુજરાત રાજ્યના મધ્ય ભાગમાં આવેલા છોટાઉદેપુર જિલ્લામાં આવેલા કુલ ૬ (છ) તાલુકાઓ પૈકીના એક એવા સંખેડા તાલુકામાં આવેલું એક  ગામ છે. દમોલી ગામના લોકોનો મુખ્ય વ્યવસાય ખેતી, ખેતમજૂરી તેમ જ પશુપાલન છે. આ ગામમાં મુખ્યત્વે મકાઈ, બાજરી, તુવર તેમ જ શાકભાજીના પાકની ખેતી કરવામાં આવે છે. આ ગામમાં પ્રાથમિક શાળા, પંચાયતઘર, આંગણવાડી તેમ જ દૂધની ડેરી જેવી સવલતો પ્રાપ્ય થયેલી છે.",
            "answer": "ભારત",
            "category": "ORG",
            "title": "દમોલી (તા. સંખેડા)",
            "out_of_context_options": [
                "ઇરાને"
            ],
            "options": [
                "પંચાયતઘર",
                "આંગણવાડી",
                "ઇરાને",
                "ભારત"
            ]
        },
        {
            "question": "મગોબ <MASK> દેશના પશ્ચિમ ભાગમાં આવેલા  ગુજરાત રાજ્યના દક્ષિણ ભાગમાં આવેલા નવસારી જિલ્લામાં આવેલા કુલ ૬ (છ) તાલુકાઓ પૈકીના એક એવા જલાલપોર તાલુકાનું ગામ છે. મગોબ ગામમાં ખાસ કરીને કોળી પટેલો વસે છે.  ગામમાં પ્રાથમિક શાળા, આંગણવાડી, પંચાયતઘર, દુધની ડેરી વગેરે સવલતો પ્રાપ્ય છે. ગામના લોકો વ્યવસાયમાં મુખ્યત્વે ખેતી, માછીમારી, ખેતમજૂરી, પશુપાલન જેવાં કાર્યો કરે છે.",
            "answer": "ભારત",
            "category": "ORG",
            "title": "મગોબ",
            "out_of_context_options": [
                "સુરત"
            ],
            "options": [
                "પંચાયતઘર",
                "સુરત",
                "ભારત",
                "આંગણવાડી"
            ]
        },
        {
            "question": "દુધીવદર (તા. જામકંડોરણા) <MASK> દેશના પશ્ચિમ ભાગમાં આવેલા  ગુજરાત રાજ્યના સૌરાષ્ટ્ર વિસ્તારમાં આવેલા  રાજકોટ જિલ્લામાં આવેલા કુલ ૧૧ (અગિયાર) તાલુકાઓ પૈકીના એક એવા  જામકંડોરણા તાલુકામાં આવેલું એક  ગામ છે. દુધીવદર ગામના લોકોનો મુખ્ય વ્યવસાય ખેતી, ખેતમજૂરી તેમ જ પશુપાલન છે. આ ગામમાં મુખ્યત્વે ઘઉં, જીરુ, મગફળી, તલ, બાજરી, ચણા, કપાસ,  દિવેલા, રજકો તેમ જ અન્ય શાકભાજીના પાકની ખેતી કરવામાં આવે છે. આ ગામમાં પ્રાથમિક શાળા, પંચાયતઘર, આંગણવાડી તેમ જ દૂધની ડેરી જેવી સવલતો પ્રાપ્ય થયેલી છે.",
            "answer": "ભારત",
            "category": "ORG",
            "title": "દુધીવદર (તા. જામકંડોરણા)",
            "options": [
                "ભારત",
                "આંગણવાડી",
                "પંચાયતઘર",
                "સૌરાષ્ટ્ર"
            ]
        },
        {
            "question": "લીંબુડા (તા. જોડિયા) <MASK> દેશના પશ્ચિમ ભાગમાં આવેલા  ગુજરાત રાજ્યના સૌરાષ્ટ્ર વિસ્તારમાં આવેલા  જામનગર જિલ્લામાં આવેલા કુલ ૬ (છ) તાલુકાઓ પૈકીના એક એવા  જોડિયા તાલુકામાં આવેલું એક  ગામ છે. લીંબુડા ગામના લોકોનો મુખ્ય વ્યવસાય ખેતી, ખેતમજૂરી તેમ જ પશુપાલન છે. આ ગામમાં મુખ્યત્વે ઘઉં, જીરુ, મગફળી, તલ, બાજરી, ચણા, કપાસ,  દિવેલા, રજકો તેમ જ અન્ય શાકભાજીના પાકની ખેતી કરવામાં આવે છે. આ ગામમાં પ્રાથમિક શાળા, પંચાયતઘર, આંગણવાડી તેમ જ દૂધની ડેરી જેવી સવલતો પ્રાપ્ય થયેલી છે.",
            "answer": "ભારત",
            "category": "ORG",
            "title": "લીંબુડા (તા. જોડિયા)",
            "options": [
                "આંગણવાડી",
                "સૌરાષ્ટ્ર",
                "પંચાયતઘર",
                "ભારત"
            ]
        },
        {
            "question": "પિપલછાંટ (વાંટો) <MASK> દેશના પશ્ચિમ ભાગમાં આવેલા  ગુજરાત રાજ્યના મધ્ય ભાગમાં આવેલા વડોદરા જિલ્લામાં આવેલા સાવલી તાલુકામાં આવેલું એક મહ્ત્વનું ગામ છે. પિપલછાંટ ગામના લોકોનો મુખ્ય વ્યવસાય ખેતી, ખેતમજૂરી તેમ જ પશુપાલન છે. આ ગામમાં મુખ્યત્વે મકાઈ, બાજરી, તુવર તેમ જ શાકભાજીના પાકની ખેતી કરવામાં આવે છે. આ ઉપરાંત કેટલાક લોકો પિયતની સગવડ મેળવી શેરડી, કેળાં, ડાંગર વગેરેની ખેતી પણ કરે છે. આ ગામમાં પ્રાથમિક શાળા, પંચાયતઘર, આંગણવાડી તેમ જ દૂધની ડેરી જેવી સવલતો પ્રાપ્ય થયેલી છે.",
            "answer": "ભારત",
            "category": "ORG",
            "title": "પિપલછાંટ (વાંટો)",
            "out_of_context_options": [
                "વેનેઝુએલા"
            ],
            "options": [
                "વેનેઝુએલા",
                "ભારત",
                "પંચાયતઘર",
                "આંગણવાડી"
            ]
        },
        {
            "question": "અંધારકાછલા <MASK> દેશના પશ્ચિમ ભાગમાં આવેલા  ગુજરાત રાજ્યના મધ્યદક્ષિણ ભાગમાં આવેલા ભરૂચ જિલ્લામાં આવેલા કુલ ૯ (નવ) તાલુકાઓ પૈકીના એક એવા ઝઘડીયા તાલુકામાં આવેલું એક  ગામ છે. અંધારકાછલા ગામના લોકોનો મુખ્ય વ્યવસાય ખેતી, ખેતમજૂરી તેમ જ પશુપાલન છે. આ ગામમાં મુખ્યત્વે કપાસ,  ડાંગર તેમ જ શાકભાજીના પાકની ખેતી કરવામાં આવે છે. આ ઉપરાંત કેટલાક લોકો પિયતની સગવડ મેળવી શેરડી, કેળાં, ડાંગર વગેરેની ખેતી પણ કરે છે. આ ગામમાં પ્રાથમિક શાળા, પંચાયતઘર, આંગણવાડી તેમ જ દૂધની ડેરી જેવી સવલતો પ્રાપ્ય થયેલી છે.",
            "answer": "ભારત",
            "category": "ORG",
            "title": "અંધારકાછલા",
            "out_of_context_options": [
                "યાહૂ!"
            ],
            "options": [
                "ભારત",
                "પંચાયતઘર",
                "આંગણવાડી",
                "યાહૂ!"
            ]
        },
        {
            "question": "વાસણા (રાસ) <MASK> દેશના પશ્ચિમ ભાગમાં આવેલા  ગુજરાત રાજ્યના ચરોતર પ્રદેશમાં આવેલા આણંદ જિલ્લામાં આવેલા કુલ ૮ (આઠ) તાલુકાઓ પૈકીના એક એવા  બોરસદ તાલુકામાં આવેલું એક  ગામ છે. વાસણા (રાસ) ગામના લોકોનો મુખ્ય વ્યવસાય ખેતી, ખેતમજૂરી તેમ જ પશુપાલન છે. આ ગામમાં મુખ્યત્વે ડાંગર, બાજરી, તમાકુ, બટાટા, શક્કરીયાં તેમ જ અન્ય શાકભાજીના પાકની ખેતી કરવામાં આવે છે. આ ગામમાં પ્રાથમિક શાળા, પંચાયતઘર, આંગણવાડી તેમ જ દૂધની ડેરી જેવી સવલતો પ્રાપ્ય થયેલી છે.",
            "answer": "ભારત",
            "category": "ORG",
            "title": "વાસણા (રાસ)",
            "out_of_context_options": [
                "ઝારખંડ"
            ],
            "options": [
                "ભારત",
                "આંગણવાડી",
                "પંચાયતઘર",
                "ઝારખંડ"
            ]
        },
        {
            "question": "મલારપુરા (તા. ખેરાલુ) <MASK> દેશના પશ્ચિમ ભાગમાં આવેલા  ગુજરાત રાજ્યના ઉત્તર ભાગમાં આવેલા   મહેસાણા જિલ્લામાં આવેલા કુલ ૯ (નવ) તાલુકાઓ પૈકીના એક એવા  ખેરાલુ તાલુકામાં આવેલું એક  ગામ છે. મલારપુરા ગામના લોકોનો મુખ્ય વ્યવસાય ખેતી, ખેતમજૂરી તેમ જ પશુપાલન છે. આ ગામમાં મુખ્યત્વે ઘઉં, જીરુ, વરિયાળી, બાજરી, કપાસ,  દિવેલી તેમ જ શાકભાજીના પાકની ખેતી કરવામાં આવે છે. આ ગામમાં પ્રાથમિક શાળા, પંચાયતઘર, આંગણવાડી તેમ જ દૂધની ડેરી જેવી સવલતો પ્રાપ્ય થયેલી છે.",
            "answer": "ભારત",
            "category": "ORG",
            "title": "મલારપુરા (તા. ખેરાલુ)",
            "out_of_context_options": [
                "બુડાપેસ્ટ"
            ],
            "options": [
                "આંગણવાડી",
                "ભારત",
                "બુડાપેસ્ટ",
                "પંચાયતઘર"
            ]
        },
        {
            "question": "ગલમપુરા <MASK> દેશના પશ્ચિમ ભાગમાં આવેલા  ગુજરાત રાજ્યના મધ્યપૂર્વ ભાગમાં આવેલા પંચમહાલ જિલ્લામાં આવેલા કુલ ૭ (સાત) તાલુકાઓ પૈકીના એક એવા હાલોલ તાલુકામાં આવેલું એક  ગામ છે. ગલમપુરા ગામના લોકોનો મુખ્ય વ્યવસાય ખેતી, ખેતમજૂરી તેમ જ પશુપાલન છે. આ ગામમાં મુખ્યત્વે મકાઈ,  તુવર તેમ જ શાકભાજીના પાકની ખેતી કરવામાં આવે છે. આ ગામમાં પ્રાથમિક શાળા, પંચાયતઘર, આંગણવાડી તેમ જ દૂધની ડેરી જેવી સવલતો પ્રાપ્ય થયેલી છે.",
            "answer": "ભારત",
            "category": "ORG",
            "title": "ગલમપુરા",
            "out_of_context_options": [
                "સ્વીડન"
            ],
            "options": [
                "આંગણવાડી",
                "પંચાયતઘર",
                "ભારત",
                "સ્વીડન"
            ]
        },
        {
            "question": "મણીપુર (તા. કડી) <MASK> દેશના પશ્ચિમ ભાગમાં આવેલા  ગુજરાત રાજ્યના ઉત્તર ભાગમાં આવેલા   મહેસાણા જિલ્લામાં આવેલા કડી તાલુકાનું આવેલું એક  ગામ છે. મણીપુર ગામના લોકોનો મુખ્ય વ્યવસાય ખેતી, ખેતમજૂરી તેમ જ પશુપાલન છે. આ ગામમાં મુખ્યત્વે ઘઉં, જીરુ, વરિયાળી, બાજરી, કપાસ,  દિવેલા, રજકો તેમ જ અન્ય શાકભાજીના પાકની ખેતી કરવામાં આવે છે. આ ગામમાં પ્રાથમિક શાળા, પંચાયતઘર, આંગણવાડી તેમ જ દૂધની ડેરી જેવી સવલતો પ્રાપ્ય થયેલી છે.",
            "answer": "ભારત",
            "category": "ORG",
            "title": "મણીપુર (તા. કડી)",
            "out_of_context_options": [
                "ઑડિ"
            ],
            "options": [
                "ઑડિ",
                "ભારત",
                "આંગણવાડી",
                "પંચાયતઘર"
            ]
        },
        {
            "question": "કરસનપુરા (તા. માંડલ) <MASK> દેશના પશ્ચિમ ભાગમાં આવેલા  ગુજરાત રાજ્યના મધ્ય ભાગમાં આવેલા  અમદાવાદ જિલ્લામાં આવેલા કુલ ૧૧ (અગિયાર) તાલુકાઓ પૈકીના એક એવા  માંડલ તાલુકામાં આવેલું એક  ગામ છે. કરસનપુરા ગામના લોકોનો મુખ્ય વ્યવસાય ખેતી, ખેતમજૂરી તેમ જ પશુપાલન છે. આ ગામમાં મુખ્યત્વે ઘઉં, જીરુ, બાજરી, કપાસ, દિવેલી તેમ જ શાકભાજીના પાકની ખેતી કરવામાં આવે છે. આ ગામમાં પ્રાથમિક શાળા, પંચાયતઘર, આંગણવાડી તેમ જ દૂધની ડેરી જેવી સવલતો પ્રાપ્ય થયેલી છે.",
            "answer": "ભારત",
            "category": "ORG",
            "title": "કરસનપુરા (તા. માંડલ)",
            "out_of_context_options": [
                "સાયણ"
            ],
            "options": [
                "આંગણવાડી",
                "સાયણ",
                "પંચાયતઘર",
                "ભારત"
            ]
        }
    ]
}