[{"uid": "330ca632-e83f-4011-b11b-0d0158145036", "claim": "Skagen Painter Peder Severin Kr\u00f8yer favored naturalism along with Theodor Esbern Philipsen and the artist Ossian Elgstr\u00f6m studied with in the early 1900s.", "supporting_facts": [["Kristian Zahrtmann", 0], ["Kristian Zahrtmann", 1], ["Peder Severin Kr\u00f8yer", 1], ["Ossian Elgstr\u00f6m", 2]], "label": "SUPPORTED", "num_hops": 3, "hpqa_id": "5ab7a86d5542995dae37e986"}, {"uid": "ca7db8e1-799a-4498-b31b-b1a430b5874e", "claim": "Skagen Painter Peder Severin Kr\u00f8yer favored naturalism along with Theodor Esbern Philipsen and the artist Ossian Elgstr\u00f6m studied with in 1907.", "supporting_facts": [["Kristian Zahrtmann", 0], ["Kristian Zahrtmann", 1], ["Peder Severin Kr\u00f8yer", 1], ["Ossian Elgstr\u00f6m", 2]], "label": "SUPPORTED", "num_hops": 3, "hpqa_id": "5ab7a86d5542995dae37e986"}, {"uid": "2e9cf58a-40e1-47ee-aaa8-3b84ebe94cd0", "claim": "Skagen Painter Peder Severin Kr\u00f8yer favored naturalism along with Theodor Esbern Philipsen and the muralist Ossian Elgstr\u00f6m studied with in 1907.", "supporting_facts": [["Kristian Zahrtmann", 0], ["Kristian Zahrtmann", 1], ["Peder Severin Kr\u00f8yer", 1], ["Ossian Elgstr\u00f6m", 2]], "label": "NOT_SUPPORTED", "num_hops": 3, "hpqa_id": "5ab7a86d5542995dae37e986"}, {"uid": "f2f4b69d-d833-4f6d-a630-f156a2559af6", "claim": "Skagen Painter, who painted the 1893 painting Roses, favored naturalism. Theodor Esbern Philipsen and the artist that Ossian Elgstr\u00f6m studied with in December of 1907 also favored naturalism.", "supporting_facts": [["Kristian Zahrtmann", 0], ["Kristian Zahrtmann", 1], ["Peder Severin Kr\u00f8yer", 1], ["Ossian Elgstr\u00f6m", 2], ["Skagens Museum", 1]], "label": "NOT_SUPPORTED", "num_hops": 4, "hpqa_id": "5ab7a86d5542995dae37e986"}, {"uid": "824c8ffa-da36-45ea-9f68-0342e3893a63", "claim": "Skagen Painter Peder Severin Kr\u00f8yer favored naturalism along with Norderhov and the artist Ossian Elgstr\u00f6m studied with in 1907.", "supporting_facts": [["Kristian Zahrtmann", 0], ["Kristian Zahrtmann", 1], ["Peder Severin Kr\u00f8yer", 1], ["Ossian Elgstr\u00f6m", 2]], "label": "NOT_SUPPORTED", "num_hops": 3, "hpqa_id": "5ab7a86d5542995dae37e986"}]