{
    "2394894": {
        "width": 500,
        "objects": {
            "459889": {
                "name": "peanut",
                "h": 46,
                "relations": [
                    {
                        "object": "459890",
                        "name": "inside"
                    }
                ],
                "w": 32,
                "attributes": [],
                "y": 68,
                "x": 118
            },
            "459887": {
                "name": "cat",
                "h": 44,
                "relations": [],
                "w": 54,
                "attributes": [],
                "y": 279,
                "x": 339
            },
            "459900": {
                "name": "orange",
                "h": 48,
                "relations": [
                    {
                        "object": "459890",
                        "name": "to the right of"
                    },
                    {
                        "object": "459899",
                        "name": "to the right of"
                    }
                ],
                "w": 52,
                "attributes": [
                    "sliced"
                ],
                "y": 95,
                "x": 395
            },
            "459899": {
                "name": "toast",
                "h": 121,
                "relations": [
                    {
                        "object": "459897",
                        "name": "to the right of"
                    },
                    {
                        "object": "459900",
                        "name": "to the left of"
                    },
                    {
                        "object": "459890",
                        "name": "to the right of"
                    }
                ],
                "w": 55,
                "attributes": [
                    "browned",
                    "sliced"
                ],
                "y": 80,
                "x": 329
            },
            "459898": {
                "name": "cheese",
                "h": 112,
                "relations": [
                    {
                        "object": "459890",
                        "name": "to the right of"
                    },
                    {
                        "object": "459895",
                        "name": "to the right of"
                    }
                ],
                "w": 92,
                "attributes": [
                    "light",
                    "triangular"
                ],
                "y": 46,
                "x": 334
            },
            "459897": {
                "name": "pie",
                "h": 94,
                "relations": [
                    {
                        "object": "459890",
                        "name": "inside"
                    },
                    {
                        "object": "459891",
                        "name": "to the right of"
                    },
                    {
                        "object": "459899",
                        "name": "to the left of"
                    }
                ],
                "w": 121,
                "attributes": [
                    "fried"
                ],
                "y": 132,
                "x": 171
            },
            "459896": {
                "name": "leaf",
                "h": 23,
                "relations": [
                    {
                        "object": "459895",
                        "name": "to the left of"
                    }
                ],
                "w": 23,
                "attributes": [
                    "green"
                ],
                "y": 53,
                "x": 68
            },
            "459895": {
                "name": "rice",
                "h": 98,
                "relations": [
                    {
                        "object": "459896",
                        "name": "to the right of"
                    },
                    {
                        "object": "459898",
                        "name": "to the left of"
                    }
                ],
                "w": 80,
                "attributes": [],
                "y": 30,
                "x": 131
            },
            "459894": {
                "name": "container",
                "h": 88,
                "relations": [
                    {
                        "object": "459890",
                        "name": "to the right of"
                    }
                ],
                "w": 84,
                "attributes": [
                    "blue"
                ],
                "y": 192,
                "x": 269
            },
            "459893": {
                "name": "container",
                "h": 84,
                "relations": [],
                "w": 94,
                "attributes": [
                    "pink",
                    "plastic"
                ],
                "y": 257,
                "x": 320
            },
            "459892": {
                "name": "frog",
                "h": 54,
                "relations": [],
                "w": 49,
                "attributes": [
                    "green"
                ],
                "y": 318,
                "x": 216
            },
            "459891": {
                "name": "vegetable",
                "h": 74,
                "relations": [
                    {
                        "object": "459897",
                        "name": "to the left of"
                    }
                ],
                "w": 79,
                "attributes": [
                    "pink"
                ],
                "y": 159,
                "x": 61
            },
            "459890": {
                "name": "bowl",
                "h": 269,
                "relations": [
                    {
                        "object": "459898",
                        "name": "to the left of"
                    },
                    {
                        "object": "459900",
                        "name": "to the left of"
                    },
                    {
                        "object": "459899",
                        "name": "to the left of"
                    },
                    {
                        "object": "459894",
                        "name": "to the left of"
                    }
                ],
                "w": 299,
                "attributes": [
                    "large",
                    "red"
                ],
                "y": 0,
                "x": 3
            }
        },
        "height": 374
    }
}