[{"example_id": "-685428864447947697", "gem_id": "totto-train-79638", "highlighted_cells": [[44, 0], [44, 3], [44, 4]], "overlap_subset": "none", "references": [], "sentence_annotations": [{"final_sentence": "In 2004 Republican Convention, George W. Bush was a nominee at New York City Convention.", "original_sentence": "Likewise, New York City was selected as the host of the 2004 Republican National Convention to evoke memories of George W. Bush's leadership in the September 11 attacks.", "sentence_after_ambiguity": "In 2004 Republican Convention, George W. Bush was a nominee at New York City Convention.", "sentence_after_deletion": "New York City was the host of the 2004 Republican National Convention of George W. Bush's leadership"}], "table": [[{"column_span": 1, "is_header": true, "row_span": 1, "value": "Elec- tion"}, {"column_span": 1, "is_header": true, "row_span": 1, "value": "Democratic convention"}, {"column_span": 1, "is_header": true, "row_span": 1, "value": "Democratic nominee"}, {"column_span": 1, "is_header": true, "row_span": 1, "value": "Republican convention"}, {"column_span": 1, "is_header": true, "row_span": 1, "value": "Republican nominee"}, {"column_span": 1, "is_header": true, "row_span": 1, "value": "Other conventions"}, {"column_span": 1, "is_header": true, "row_span": 1, "value": "Other nominees"}], [{"column_span": 1, "is_header": false, "row_span": 1, "value": "1832"}, {"column_span": 1, "is_header": false, "row_span": 1, "value": "Baltimore"}, {"column_span": 1, "is_header": false, "row_span": 1, "value": "Andrew Jackson"}, {"column_span": 1, "is_header": false, "row_span": 1, "value": ""}, {"column_span": 1, "is_header": false, "row_span": 1, "value": ""}, {"column_span": 1, "is_header": false, "row_span": 1, "value": "Baltimore (National Republican, 1831)"}, {"column_span": 1, "is_header": false, "row_span": 1, "value": "Henry Clay"}], [{"column_span": 1, "is_header": false, "row_span": 1, "value": "1836"}, {"column_span": 1, "is_header": false, "row_span": 1, "value": "Baltimore (1835)"}, {"column_span": 1, "is_header": false, "row_span": 1, "value": "Martin Van Buren"}, {"column_span": 1, "is_header": false, "row_span": 1, "value": ""}, {"column_span": 1, "is_header": false, "row_span": 1, "value": ""}, {"column_span": 1, "is_header": false, "row_span": 1, "value": ""}, {"column_span": 1, "is_header": false, "row_span": 1, "value": ""}], [{"column_span": 1, "is_header": false, "row_span": 1, "value": "1840"}, {"column_span": 1, "is_header": false, "row_span": 1, "value": "Baltimore"}, {"column_span": 1, "is_header": false, "row_span": 1, "value": "Martin Van Buren"}, {"column_span": 1, "is_header": false, "row_span": 1, "value": ""}, {"column_span": 1, "is_header": false, "row_span": 1, "value": ""}, {"column_span": 1, "is_header": false, "row_span": 1, "value": "Harrisburg, Penna. (Whig, 1839)"}, {"column_span": 1, "is_header": false, "row_span": 1, "value": "William Henry Harrison"}], [{"column_span": 1, "is_header": false, "row_span": 1, "value": "1844"}, {"column_span": 1, "is_header": false, "row_span": 1, "value": "Baltimore"}, {"column_span": 1, "is_header": false, "row_span": 1, "value": "James K. Polk"}, {"column_span": 1, "is_header": false, "row_span": 1, "value": ""}, {"column_span": 1, "is_header": false, "row_span": 1, "value": ""}, {"column_span": 1, "is_header": false, "row_span": 1, "value": "Baltimore (Whig)"}, {"column_span": 1, "is_header": false, "row_span": 1, "value": "Henry Clay"}], [{"column_span": 1, "is_header": false, "row_span": 1, "value": "1848"}, {"column_span": 1, "is_header": false, "row_span": 1, "value": "Baltimore"}, {"column_span": 1, "is_header": false, "row_span": 1, "value": "Lewis Cass"}, {"column_span": 1, "is_header": false, "row_span": 1, "value": ""}, {"column_span": 1, "is_header": false, "row_span": 1, "value": ""}, {"column_span": 1, "is_header": false, "row_span": 1, "value": "Baltimore (Whig)"}, {"column_span": 1, "is_header": false, "row_span": 1, "value": "Zachary Taylor"}], [{"column_span": 1, "is_header": false, "row_span": 1, "value": "1852"}, {"column_span": 1, "is_header": false, "row_span": 1, "value": "Baltimore"}, {"column_span": 1, "is_header": false, "row_span": 1, "value": "Franklin Pierce"}, {"column_span": 1, "is_header": false, "row_span": 1, "value": ""}, {"column_span": 1, "is_header": false, "row_span": 1, "value": ""}, {"column_span": 1, "is_header": false, "row_span": 1, "value": "Baltimore (Whig)"}, {"column_span": 1, "is_header": false, "row_span": 1, "value": "Winfield Scott"}], [{"column_span": 1, "is_header": false, "row_span": 1, "value": "1856"}, {"column_span": 1, "is_header": false, "row_span": 1, "value": "Cincinnati"}, {"column_span": 1, "is_header": false, "row_span": 1, "value": "James Buchanan"}, {"column_span": 1, "is_header": false, "row_span": 1, "value": "Philadelphia"}, {"column_span": 1, "is_header": false, "row_span": 1, "value": "John C. Fr\u00e9mont"}, {"column_span": 1, "is_header": false, "row_span": 1, "value": "Baltimore (Whig)"}, {"column_span": 1, "is_header": false, "row_span": 1, "value": "Millard Fillmore"}], [{"column_span": 1, "is_header": false, "row_span": 1, "value": "1860"}, {"column_span": 1, "is_header": false, "row_span": 1, "value": "Charleston & Baltimore"}, {"column_span": 1, "is_header": false, "row_span": 1, "value": "Stephen A. Douglas (Official); John C. Breckinridge (Southern)"}, {"column_span": 1, "is_header": false, "row_span": 1, "value": "Chicago"}, {"column_span": 1, "is_header": false, "row_span": 1, "value": "Abraham Lincoln"}, {"column_span": 1, "is_header": false, "row_span": 1, "value": "Baltimore (Constitutional Union)"}, {"column_span": 1, "is_header": false, "row_span": 1, "value": "John Bell"}], [{"column_span": 1, "is_header": false, "row_span": 1, "value": "1864"}, {"column_span": 1, "is_header": false, "row_span": 1, "value": "Chicago"}, {"column_span": 1, "is_header": false, "row_span": 1, "value": "George B. McClellan"}, {"column_span": 1, "is_header": false, "row_span": 1, "value": "Baltimore (National Union)"}, {"column_span": 1, "is_header": false, "row_span": 1, "value": "Abraham Lincoln"}, {"column_span": 1, "is_header": false, "row_span": 1, "value": "Cleveland (Radical Democracy)"}, {"column_span": 1, "is_header": false, "row_span": 1, "value": "John C. Fr\u00e9mont \u2014 withdrew"}], [{"column_span": 1, "is_header": false, "row_span": 1, "value": "1868"}, {"column_span": 1, "is_header": false, "row_span": 1, "value": "New York City"}, {"column_span": 1, "is_header": false, "row_span": 1, "value": "Horatio Seymour"}, {"column_span": 1, "is_header": false, "row_span": 1, "value": "Chicago"}, {"column_span": 1, "is_header": false, "row_span": 1, "value": "Ulysses S. Grant"}, {"column_span": 1, "is_header": false, "row_span": 1, "value": ""}, {"column_span": 1, "is_header": false, "row_span": 1, "value": ""}], [{"column_span": 1, "is_header": false, "row_span": 1, "value": "1872"}, {"column_span": 1, "is_header": false, "row_span": 1, "value": "Baltimore"}, {"column_span": 1, "is_header": false, "row_span": 1, "value": "Horace Greeley"}, {"column_span": 1, "is_header": false, "row_span": 1, "value": "Philadelphia"}, {"column_span": 1, "is_header": false, "row_span": 1, "value": "Ulysses S. Grant"}, {"column_span": 1, "is_header": false, "row_span": 1, "value": "Cincinnati (Liberal Republican)"}, {"column_span": 1, "is_header": false, "row_span": 1, "value": "Horace Greeley"}], [{"column_span": 1, "is_header": false, "row_span": 1, "value": "1876"}, {"column_span": 1, "is_header": false, "row_span": 1, "value": "St. Louis"}, {"column_span": 1, "is_header": false, "row_span": 1, "value": "Samuel J. Tilden"}, {"column_span": 1, "is_header": false, "row_span": 1, "value": "Cincinnati"}, {"column_span": 1, "is_header": false, "row_span": 1, "value": "Rutherford B. Hayes"}, {"column_span": 1, "is_header": false, "row_span": 1, "value": "Indianapolis (Greenback)"}, {"column_span": 1, "is_header": false, "row_span": 1, "value": "Peter Cooper"}], [{"column_span": 1, "is_header": false, "row_span": 1, "value": "1880"}, {"column_span": 1, "is_header": false, "row_span": 1, "value": "Cincinnati"}, {"column_span": 1, "is_header": false, "row_span": 1, "value": "Winfield S. Hancock"}, {"column_span": 1, "is_header": false, "row_span": 1, "value": "Chicago"}, {"column_span": 1, "is_header": false, "row_span": 1, "value": "James A. Garfield"}, {"column_span": 1, "is_header": false, "row_span": 1, "value": "Chicago (Greenback)"}, {"column_span": 1, "is_header": false, "row_span": 1, "value": "James B. Weaver"}], [{"column_span": 1, "is_header": false, "row_span": 1, "value": "1884"}, {"column_span": 1, "is_header": false, "row_span": 1, "value": "Chicago"}, {"column_span": 1, "is_header": false, "row_span": 1, "value": "Grover Cleveland"}, {"column_span": 1, "is_header": false, "row_span": 1, "value": "Chicago"}, {"column_span": 1, "is_header": false, "row_span": 1, "value": "James G. Blaine"}, {"column_span": 1, "is_header": false, "row_span": 1, "value": "Indianapolis (Greenback)"}, {"column_span": 1, "is_header": false, "row_span": 1, "value": "Benjamin F. Butler"}], [{"column_span": 1, "is_header": false, "row_span": 1, "value": "1888"}, {"column_span": 1, "is_header": false, "row_span": 1, "value": "St. Louis"}, {"column_span": 1, "is_header": false, "row_span": 1, "value": "Grover Cleveland"}, {"column_span": 1, "is_header": false, "row_span": 1, "value": "Chicago"}, {"column_span": 1, "is_header": false, "row_span": 1, "value": "Benjamin Harrison"}, {"column_span": 1, "is_header": false, "row_span": 1, "value": "Cincinnati (Union Labor)"}, {"column_span": 1, "is_header": false, "row_span": 1, "value": "Alson Streeter"}], [{"column_span": 1, "is_header": false, "row_span": 1, "value": "1892"}, {"column_span": 1, "is_header": false, "row_span": 1, "value": "Chicago"}, {"column_span": 1, "is_header": false, "row_span": 1, "value": "Grover Cleveland"}, {"column_span": 1, "is_header": false, "row_span": 1, "value": "Minneapolis"}, {"column_span": 1, "is_header": false, "row_span": 1, "value": "Benjamin Harrison"}, {"column_span": 1, "is_header": false, "row_span": 1, "value": "Omaha (People's)"}, {"column_span": 1, "is_header": false, "row_span": 1, "value": "James B. Weaver"}], [{"column_span": 1, "is_header": false, "row_span": 1, "value": "1896"}, {"column_span": 1, "is_header": false, "row_span": 1, "value": "Chicago"}, {"column_span": 1, "is_header": false, "row_span": 1, "value": "William Jennings Bryan"}, {"column_span": 1, "is_header": false, "row_span": 1, "value": "St. Louis"}, {"column_span": 1, "is_header": false, "row_span": 1, "value": "William McKinley"}, {"column_span": 1, "is_header": false, "row_span": 1, "value": "St. Louis (People's)"}, {"column_span": 1, "is_header": false, "row_span": 1, "value": "William Jennings Bryan"}], [{"column_span": 1, "is_header": false, "row_span": 1, "value": "1900"}, {"column_span": 1, "is_header": false, "row_span": 1, "value": "Kansas City"}, {"column_span": 1, "is_header": false, "row_span": 1, "value": "William Jennings Bryan"}, {"column_span": 1, "is_header": false, "row_span": 1, "value": "Philadelphia"}, {"column_span": 1, "is_header": false, "row_span": 1, "value": "William McKinley"}, {"column_span": 1, "is_header": false, "row_span": 1, "value": "Cincinnati (People's M)"}, {"column_span": 1, "is_header": false, "row_span": 1, "value": "Wharton Barker"}], [{"column_span": 1, "is_header": false, "row_span": 1, "value": "1904"}, {"column_span": 1, "is_header": false, "row_span": 1, "value": "St. Louis"}, {"column_span": 1, "is_header": false, "row_span": 1, "value": "Alton B. Parker"}, {"column_span": 1, "is_header": false, "row_span": 1, "value": "Chicago"}, {"column_span": 1, "is_header": false, "row_span": 1, "value": "Theodore Roosevelt"}, {"column_span": 1, "is_header": false, "row_span": 1, "value": "Indianapolis (People's M)"}, {"column_span": 1, "is_header": false, "row_span": 1, "value": "Thomas E. Watson"}], [{"column_span": 1, "is_header": false, "row_span": 1, "value": "1908"}, {"column_span": 1, "is_header": false, "row_span": 1, "value": "Denver"}, {"column_span": 1, "is_header": false, "row_span": 1, "value": "William Jennings Bryan"}, {"column_span": 1, "is_header": false, "row_span": 1, "value": "Chicago"}, {"column_span": 1, "is_header": false, "row_span": 1, "value": "William Howard Taft"}, {"column_span": 1, "is_header": false, "row_span": 1, "value": "Chicago (Independence)"}, {"column_span": 1, "is_header": false, "row_span": 1, "value": "Thomas L. Hisgen"}], [{"column_span": 1, "is_header": false, "row_span": 1, "value": "1912"}, {"column_span": 1, "is_header": false, "row_span": 1, "value": "Baltimore"}, {"column_span": 1, "is_header": false, "row_span": 1, "value": "Woodrow Wilson"}, {"column_span": 1, "is_header": false, "row_span": 1, "value": "Chicago"}, {"column_span": 1, "is_header": false, "row_span": 1, "value": "William Howard Taft"}, {"column_span": 1, "is_header": false, "row_span": 1, "value": "Chicago (Progressive)"}, {"column_span": 1, "is_header": false, "row_span": 1, "value": "Theodore Roosevelt"}], [{"column_span": 1, "is_header": false, "row_span": 1, "value": "1916"}, {"column_span": 1, "is_header": false, "row_span": 1, "value": "St. Louis"}, {"column_span": 1, "is_header": false, "row_span": 1, "value": "Woodrow Wilson"}, {"column_span": 1, "is_header": false, "row_span": 1, "value": "Chicago"}, {"column_span": 1, "is_header": false, "row_span": 1, "value": "Charles Evans Hughes"}, {"column_span": 1, "is_header": false, "row_span": 1, "value": "Chicago (Progressive)"}, {"column_span": 1, "is_header": false, "row_span": 1, "value": "Theodore Roosevelt \u2014 declined"}], [{"column_span": 1, "is_header": false, "row_span": 1, "value": "1920"}, {"column_span": 1, "is_header": false, "row_span": 1, "value": "San Francisco"}, {"column_span": 1, "is_header": false, "row_span": 1, "value": "James M. Cox"}, {"column_span": 1, "is_header": false, "row_span": 1, "value": "Chicago"}, {"column_span": 1, "is_header": false, "row_span": 1, "value": "Warren G. Harding"}, {"column_span": 1, "is_header": false, "row_span": 1, "value": "Chicago (Farmer-Labor)"}, {"column_span": 1, "is_header": false, "row_span": 1, "value": "Parley P. Christensen"}], [{"column_span": 1, "is_header": false, "row_span": 1, "value": "1924"}, {"column_span": 1, "is_header": false, "row_span": 1, "value": "New York City"}, {"column_span": 1, "is_header": false, "row_span": 1, "value": "John W. Davis"}, {"column_span": 1, "is_header": false, "row_span": 1, "value": "Cleveland"}, {"column_span": 1, "is_header": false, "row_span": 1, "value": "Calvin Coolidge"}, {"column_span": 1, "is_header": false, "row_span": 1, "value": "Cincinnati (Progressive)"}, {"column_span": 1, "is_header": false, "row_span": 1, "value": "Robert La Follette"}], [{"column_span": 1, "is_header": false, "row_span": 1, "value": "1928"}, {"column_span": 1, "is_header": false, "row_span": 1, "value": "Houston"}, {"column_span": 1, "is_header": false, "row_span": 1, "value": "Al Smith"}, {"column_span": 1, "is_header": false, "row_span": 1, "value": "Kansas City"}, {"column_span": 1, "is_header": false, "row_span": 1, "value": "Herbert Hoover"}, {"column_span": 1, "is_header": false, "row_span": 1, "value": "Chicago (Farmer-Labor)"}, {"column_span": 1, "is_header": false, "row_span": 1, "value": "Frank E. Webb"}], [{"column_span": 1, "is_header": false, "row_span": 1, "value": "1932"}, {"column_span": 1, "is_header": false, "row_span": 1, "value": "Chicago"}, {"column_span": 1, "is_header": false, "row_span": 1, "value": "Franklin Roosevelt"}, {"column_span": 1, "is_header": false, "row_span": 1, "value": "Chicago"}, {"column_span": 1, "is_header": false, "row_span": 1, "value": "Herbert Hoover"}, {"column_span": 1, "is_header": false, "row_span": 1, "value": "Omaha (Farmer-Labor)"}, {"column_span": 1, "is_header": false, "row_span": 1, "value": "Jacob S. Coxey, Sr."}], [{"column_span": 1, "is_header": false, "row_span": 1, "value": "1936"}, {"column_span": 1, "is_header": false, "row_span": 1, "value": "Philadelphia"}, {"column_span": 1, "is_header": false, "row_span": 1, "value": "Franklin Roosevelt"}, {"column_span": 1, "is_header": false, "row_span": 1, "value": "Cleveland"}, {"column_span": 1, "is_header": false, "row_span": 1, "value": "Alf Landon"}, {"column_span": 1, "is_header": false, "row_span": 1, "value": "Cleveland (Union)"}, {"column_span": 1, "is_header": false, "row_span": 1, "value": "William Lemke"}], [{"column_span": 1, "is_header": false, "row_span": 1, "value": "1940"}, {"column_span": 1, "is_header": false, "row_span": 1, "value": "Chicago"}, {"column_span": 1, "is_header": false, "row_span": 1, "value": "Franklin Roosevelt"}, {"column_span": 1, "is_header": false, "row_span": 1, "value": "Philadelphia"}, {"column_span": 1, "is_header": false, "row_span": 1, "value": "Wendell Willkie"}, {"column_span": 1, "is_header": false, "row_span": 1, "value": ""}, {"column_span": 1, "is_header": false, "row_span": 1, "value": ""}], [{"column_span": 1, "is_header": false, "row_span": 1, "value": "1944"}, {"column_span": 1, "is_header": false, "row_span": 1, "value": "Chicago"}, {"column_span": 1, "is_header": false, "row_span": 1, "value": "Franklin Roosevelt"}, {"column_span": 1, "is_header": false, "row_span": 1, "value": "Chicago"}, {"column_span": 1, "is_header": false, "row_span": 1, "value": "Thomas E. Dewey"}, {"column_span": 1, "is_header": false, "row_span": 1, "value": ""}, {"column_span": 1, "is_header": false, "row_span": 1, "value": ""}], [{"column_span": 1, "is_header": false, "row_span": 1, "value": "1948"}, {"column_span": 1, "is_header": false, "row_span": 1, "value": "Philadelphia"}, {"column_span": 1, "is_header": false, "row_span": 1, "value": "Harry S. Truman"}, {"column_span": 1, "is_header": false, "row_span": 1, "value": "Philadelphia"}, {"column_span": 1, "is_header": false, "row_span": 1, "value": "Thomas E. Dewey"}, {"column_span": 1, "is_header": false, "row_span": 1, "value": "Philadelphia (Progressive); Birmingham (States' Rights Democratic)"}, {"column_span": 1, "is_header": false, "row_span": 1, "value": "Henry A. Wallace (Prog.); Strom Thurmond (States' Rights)"}], [{"column_span": 1, "is_header": false, "row_span": 1, "value": "1952"}, {"column_span": 1, "is_header": false, "row_span": 1, "value": "Chicago"}, {"column_span": 1, "is_header": false, "row_span": 1, "value": "Adlai Stevenson II"}, {"column_span": 1, "is_header": false, "row_span": 1, "value": "Chicago"}, {"column_span": 1, "is_header": false, "row_span": 1, "value": "Dwight Eisenhower"}, {"column_span": 1, "is_header": false, "row_span": 1, "value": "Chicago (Progressive)"}, {"column_span": 1, "is_header": false, "row_span": 1, "value": "Vincent Hallinan"}], [{"column_span": 1, "is_header": false, "row_span": 1, "value": "1956"}, {"column_span": 1, "is_header": false, "row_span": 1, "value": "Chicago"}, {"column_span": 1, "is_header": false, "row_span": 1, "value": "Adlai Stevenson II"}, {"column_span": 1, "is_header": false, "row_span": 1, "value": "San Francisco"}, {"column_span": 1, "is_header": false, "row_span": 1, "value": "Dwight Eisenhower"}, {"column_span": 1, "is_header": false, "row_span": 1, "value": "Richmond (States' Rights)"}, {"column_span": 1, "is_header": false, "row_span": 1, "value": "T. Coleman Andrews"}], [{"column_span": 1, "is_header": false, "row_span": 1, "value": "1960"}, {"column_span": 1, "is_header": false, "row_span": 1, "value": "Los Angeles"}, {"column_span": 1, "is_header": false, "row_span": 1, "value": "John F. Kennedy"}, {"column_span": 1, "is_header": false, "row_span": 1, "value": "Chicago"}, {"column_span": 1, "is_header": false, "row_span": 1, "value": "Richard Nixon"}, {"column_span": 1, "is_header": false, "row_span": 1, "value": "Dayton (National States' Rights)"}, {"column_span": 1, "is_header": false, "row_span": 1, "value": "Orval Faubus"}], [{"column_span": 1, "is_header": false, "row_span": 1, "value": "1964"}, {"column_span": 1, "is_header": false, "row_span": 1, "value": "Atlantic City"}, {"column_span": 1, "is_header": false, "row_span": 1, "value": "Lyndon B. Johnson"}, {"column_span": 1, "is_header": false, "row_span": 1, "value": "San Francisco"}, {"column_span": 1, "is_header": false, "row_span": 1, "value": "Barry Goldwater"}, {"column_span": 1, "is_header": false, "row_span": 1, "value": ""}, {"column_span": 1, "is_header": false, "row_span": 1, "value": ""}], [{"column_span": 1, "is_header": false, "row_span": 1, "value": "1968"}, {"column_span": 1, "is_header": false, "row_span": 1, "value": "Chicago"}, {"column_span": 1, "is_header": false, "row_span": 1, "value": "Hubert Humphrey"}, {"column_span": 1, "is_header": false, "row_span": 1, "value": "Miami Beach"}, {"column_span": 1, "is_header": false, "row_span": 1, "value": "Richard Nixon"}, {"column_span": 1, "is_header": false, "row_span": 1, "value": ""}, {"column_span": 1, "is_header": false, "row_span": 1, "value": ""}], [{"column_span": 1, "is_header": false, "row_span": 1, "value": "1972"}, {"column_span": 1, "is_header": false, "row_span": 1, "value": "Miami Beach"}, {"column_span": 1, "is_header": false, "row_span": 1, "value": "George McGovern"}, {"column_span": 1, "is_header": false, "row_span": 1, "value": "Miami Beach"}, {"column_span": 1, "is_header": false, "row_span": 1, "value": "Richard Nixon"}, {"column_span": 1, "is_header": false, "row_span": 1, "value": "Louisville (American)"}, {"column_span": 1, "is_header": false, "row_span": 1, "value": "John G. Schmitz"}], [{"column_span": 1, "is_header": false, "row_span": 1, "value": "1976"}, {"column_span": 1, "is_header": false, "row_span": 1, "value": "New York City"}, {"column_span": 1, "is_header": false, "row_span": 1, "value": "Jimmy Carter"}, {"column_span": 1, "is_header": false, "row_span": 1, "value": "Kansas City"}, {"column_span": 1, "is_header": false, "row_span": 1, "value": "Gerald Ford"}, {"column_span": 1, "is_header": false, "row_span": 1, "value": ""}, {"column_span": 1, "is_header": false, "row_span": 1, "value": ""}], [{"column_span": 1, "is_header": false, "row_span": 1, "value": "1980"}, {"column_span": 1, "is_header": false, "row_span": 1, "value": "New York City"}, {"column_span": 1, "is_header": false, "row_span": 1, "value": "Jimmy Carter"}, {"column_span": 1, "is_header": false, "row_span": 1, "value": "Detroit"}, {"column_span": 1, "is_header": false, "row_span": 1, "value": "Ronald Reagan"}, {"column_span": 1, "is_header": false, "row_span": 1, "value": "Cleveland (Citizens)"}, {"column_span": 1, "is_header": false, "row_span": 1, "value": "Barry Commoner"}], [{"column_span": 1, "is_header": false, "row_span": 1, "value": "1984"}, {"column_span": 1, "is_header": false, "row_span": 1, "value": "San Francisco"}, {"column_span": 1, "is_header": false, "row_span": 1, "value": "Walter Mondale"}, {"column_span": 1, "is_header": false, "row_span": 1, "value": "Dallas"}, {"column_span": 1, "is_header": false, "row_span": 1, "value": "Ronald Reagan"}, {"column_span": 1, "is_header": false, "row_span": 1, "value": "Saint Paul (Citizens)"}, {"column_span": 1, "is_header": false, "row_span": 1, "value": "Sonia Johnson"}], [{"column_span": 1, "is_header": false, "row_span": 1, "value": "1988"}, {"column_span": 1, "is_header": false, "row_span": 1, "value": "Atlanta"}, {"column_span": 1, "is_header": false, "row_span": 1, "value": "Michael Dukakis"}, {"column_span": 1, "is_header": false, "row_span": 1, "value": "New Orleans"}, {"column_span": 1, "is_header": false, "row_span": 1, "value": "George H.W. Bush"}, {"column_span": 1, "is_header": false, "row_span": 1, "value": ""}, {"column_span": 1, "is_header": false, "row_span": 1, "value": ""}], [{"column_span": 1, "is_header": false, "row_span": 1, "value": "1992"}, {"column_span": 1, "is_header": false, "row_span": 1, "value": "New York City"}, {"column_span": 1, "is_header": false, "row_span": 1, "value": "Bill Clinton"}, {"column_span": 1, "is_header": false, "row_span": 1, "value": "Houston"}, {"column_span": 1, "is_header": false, "row_span": 1, "value": "George H.W. Bush"}, {"column_span": 1, "is_header": false, "row_span": 1, "value": ""}, {"column_span": 1, "is_header": false, "row_span": 1, "value": ""}], [{"column_span": 1, "is_header": false, "row_span": 1, "value": "1996"}, {"column_span": 1, "is_header": false, "row_span": 1, "value": "Chicago"}, {"column_span": 1, "is_header": false, "row_span": 1, "value": "Bill Clinton"}, {"column_span": 1, "is_header": false, "row_span": 1, "value": "San Diego"}, {"column_span": 1, "is_header": false, "row_span": 1, "value": "Bob Dole"}, {"column_span": 1, "is_header": false, "row_span": 1, "value": "Long Beach & Valley Forge (Reform)"}, {"column_span": 1, "is_header": false, "row_span": 1, "value": "Ross Perot"}], [{"column_span": 1, "is_header": false, "row_span": 1, "value": "2000"}, {"column_span": 1, "is_header": false, "row_span": 1, "value": "Los Angeles"}, {"column_span": 1, "is_header": false, "row_span": 1, "value": "Al Gore"}, {"column_span": 1, "is_header": false, "row_span": 1, "value": "Philadelphia"}, {"column_span": 1, "is_header": false, "row_span": 1, "value": "George W. Bush"}, {"column_span": 1, "is_header": false, "row_span": 1, "value": "Long Beach (Reform)"}, {"column_span": 1, "is_header": false, "row_span": 1, "value": "Pat Buchanan"}], [{"column_span": 1, "is_header": false, "row_span": 1, "value": "2004"}, {"column_span": 1, "is_header": false, "row_span": 1, "value": "Boston"}, {"column_span": 1, "is_header": false, "row_span": 1, "value": "John Kerry"}, {"column_span": 1, "is_header": false, "row_span": 1, "value": "New York City"}, {"column_span": 1, "is_header": false, "row_span": 1, "value": "George W. Bush"}, {"column_span": 1, "is_header": false, "row_span": 1, "value": ""}, {"column_span": 1, "is_header": false, "row_span": 1, "value": ""}], [{"column_span": 1, "is_header": false, "row_span": 1, "value": "2008"}, {"column_span": 1, "is_header": false, "row_span": 1, "value": "Denver"}, {"column_span": 1, "is_header": false, "row_span": 1, "value": "Barack Obama"}, {"column_span": 1, "is_header": false, "row_span": 1, "value": "Saint Paul"}, {"column_span": 1, "is_header": false, "row_span": 1, "value": "John McCain"}, {"column_span": 1, "is_header": false, "row_span": 1, "value": ""}, {"column_span": 1, "is_header": false, "row_span": 1, "value": ""}], [{"column_span": 1, "is_header": false, "row_span": 1, "value": "2012"}, {"column_span": 1, "is_header": false, "row_span": 1, "value": "Charlotte"}, {"column_span": 1, "is_header": false, "row_span": 1, "value": "Barack Obama"}, {"column_span": 1, "is_header": false, "row_span": 1, "value": "Tampa"}, {"column_span": 1, "is_header": false, "row_span": 1, "value": "Mitt Romney"}, {"column_span": 1, "is_header": false, "row_span": 1, "value": ""}, {"column_span": 1, "is_header": false, "row_span": 1, "value": ""}], [{"column_span": 1, "is_header": false, "row_span": 1, "value": "2016"}, {"column_span": 1, "is_header": false, "row_span": 1, "value": "Philadelphia"}, {"column_span": 1, "is_header": false, "row_span": 1, "value": "Hillary Clinton"}, {"column_span": 1, "is_header": false, "row_span": 1, "value": "Cleveland"}, {"column_span": 1, "is_header": false, "row_span": 1, "value": "Donald Trump"}, {"column_span": 1, "is_header": false, "row_span": 1, "value": ""}, {"column_span": 1, "is_header": false, "row_span": 1, "value": ""}]], "table_page_title": "United States presidential nominating convention", "table_section_text": "The two right-hand columns show nominations by notable conventions not shown elsewhere. Some of the nominees (e.g.", "table_section_title": "Major party conventions", "table_webpage_url": "http://en.wikipedia.org/wiki/United_States_presidential_nominating_convention", "target": "In 2004 Republican Convention, George W. Bush was a nominee at New York City Convention.", "totto_id": 79388}, {"example_id": "-685428864447947697", "gem_id": "totto-train-79638", "highlighted_cells": [[44, 0], [44, 3], [44, 4]], "overlap_subset": "none", "references": [], "sentence_annotations": [{"final_sentence": "In 2004 Republican Convention, George W. Bush was a nominee at New York City Convention.", "original_sentence": "Likewise, New York City was selected as the host of the 2004 Republican National Convention to evoke memories of George W. Bush's leadership in the September 11 attacks.", "sentence_after_ambiguity": "In 2004 Republican Convention, George W. Bush was a nominee at New York City Convention.", "sentence_after_deletion": "New York City was the host of the 2004 Republican National Convention of George W. Bush's leadership"}], "table": [[{"column_span": 1, "is_header": true, "row_span": 1, "value": "Elec- tion"}, {"column_span": 1, "is_header": true, "row_span": 1, "value": "Democratic convention"}, {"column_span": 1, "is_header": true, "row_span": 1, "value": "Democratic nominee"}, {"column_span": 1, "is_header": true, "row_span": 1, "value": "Republican convention"}, {"column_span": 1, "is_header": true, "row_span": 1, "value": "Republican nominee"}, {"column_span": 1, "is_header": true, "row_span": 1, "value": "Other conventions"}, {"column_span": 1, "is_header": true, "row_span": 1, "value": "Other nominees"}], [{"column_span": 1, "is_header": false, "row_span": 1, "value": "1832"}, {"column_span": 1, "is_header": false, "row_span": 1, "value": "Baltimore"}, {"column_span": 1, "is_header": false, "row_span": 1, "value": "Andrew Jackson"}, {"column_span": 1, "is_header": false, "row_span": 1, "value": ""}, {"column_span": 1, "is_header": false, "row_span": 1, "value": ""}, {"column_span": 1, "is_header": false, "row_span": 1, "value": "Baltimore (National Republican, 1831)"}, {"column_span": 1, "is_header": false, "row_span": 1, "value": "Henry Clay"}], [{"column_span": 1, "is_header": false, "row_span": 1, "value": "1836"}, {"column_span": 1, "is_header": false, "row_span": 1, "value": "Baltimore (1835)"}, {"column_span": 1, "is_header": false, "row_span": 1, "value": "Martin Van Buren"}, {"column_span": 1, "is_header": false, "row_span": 1, "value": ""}, {"column_span": 1, "is_header": false, "row_span": 1, "value": ""}, {"column_span": 1, "is_header": false, "row_span": 1, "value": ""}, {"column_span": 1, "is_header": false, "row_span": 1, "value": ""}], [{"column_span": 1, "is_header": false, "row_span": 1, "value": "1840"}, {"column_span": 1, "is_header": false, "row_span": 1, "value": "Baltimore"}, {"column_span": 1, "is_header": false, "row_span": 1, "value": "Martin Van Buren"}, {"column_span": 1, "is_header": false, "row_span": 1, "value": ""}, {"column_span": 1, "is_header": false, "row_span": 1, "value": ""}, {"column_span": 1, "is_header": false, "row_span": 1, "value": "Harrisburg, Penna. (Whig, 1839)"}, {"column_span": 1, "is_header": false, "row_span": 1, "value": "William Henry Harrison"}], [{"column_span": 1, "is_header": false, "row_span": 1, "value": "1844"}, {"column_span": 1, "is_header": false, "row_span": 1, "value": "Baltimore"}, {"column_span": 1, "is_header": false, "row_span": 1, "value": "James K. Polk"}, {"column_span": 1, "is_header": false, "row_span": 1, "value": ""}, {"column_span": 1, "is_header": false, "row_span": 1, "value": ""}, {"column_span": 1, "is_header": false, "row_span": 1, "value": "Baltimore (Whig)"}, {"column_span": 1, "is_header": false, "row_span": 1, "value": "Henry Clay"}], [{"column_span": 1, "is_header": false, "row_span": 1, "value": "1848"}, {"column_span": 1, "is_header": false, "row_span": 1, "value": "Baltimore"}, {"column_span": 1, "is_header": false, "row_span": 1, "value": "Lewis Cass"}, {"column_span": 1, "is_header": false, "row_span": 1, "value": ""}, {"column_span": 1, "is_header": false, "row_span": 1, "value": ""}, {"column_span": 1, "is_header": false, "row_span": 1, "value": "Baltimore (Whig)"}, {"column_span": 1, "is_header": false, "row_span": 1, "value": "Zachary Taylor"}], [{"column_span": 1, "is_header": false, "row_span": 1, "value": "1852"}, {"column_span": 1, "is_header": false, "row_span": 1, "value": "Baltimore"}, {"column_span": 1, "is_header": false, "row_span": 1, "value": "Franklin Pierce"}, {"column_span": 1, "is_header": false, "row_span": 1, "value": ""}, {"column_span": 1, "is_header": false, "row_span": 1, "value": ""}, {"column_span": 1, "is_header": false, "row_span": 1, "value": "Baltimore (Whig)"}, {"column_span": 1, "is_header": false, "row_span": 1, "value": "Winfield Scott"}], [{"column_span": 1, "is_header": false, "row_span": 1, "value": "1856"}, {"column_span": 1, "is_header": false, "row_span": 1, "value": "Cincinnati"}, {"column_span": 1, "is_header": false, "row_span": 1, "value": "James Buchanan"}, {"column_span": 1, "is_header": false, "row_span": 1, "value": "Philadelphia"}, {"column_span": 1, "is_header": false, "row_span": 1, "value": "John C. Fr\u00e9mont"}, {"column_span": 1, "is_header": false, "row_span": 1, "value": "Baltimore (Whig)"}, {"column_span": 1, "is_header": false, "row_span": 1, "value": "Millard Fillmore"}], [{"column_span": 1, "is_header": false, "row_span": 1, "value": "1860"}, {"column_span": 1, "is_header": false, "row_span": 1, "value": "Charleston & Baltimore"}, {"column_span": 1, "is_header": false, "row_span": 1, "value": "Stephen A. Douglas (Official); John C. Breckinridge (Southern)"}, {"column_span": 1, "is_header": false, "row_span": 1, "value": "Chicago"}, {"column_span": 1, "is_header": false, "row_span": 1, "value": "Abraham Lincoln"}, {"column_span": 1, "is_header": false, "row_span": 1, "value": "Baltimore (Constitutional Union)"}, {"column_span": 1, "is_header": false, "row_span": 1, "value": "John Bell"}], [{"column_span": 1, "is_header": false, "row_span": 1, "value": "1864"}, {"column_span": 1, "is_header": false, "row_span": 1, "value": "Chicago"}, {"column_span": 1, "is_header": false, "row_span": 1, "value": "George B. McClellan"}, {"column_span": 1, "is_header": false, "row_span": 1, "value": "Baltimore (National Union)"}, {"column_span": 1, "is_header": false, "row_span": 1, "value": "Abraham Lincoln"}, {"column_span": 1, "is_header": false, "row_span": 1, "value": "Cleveland (Radical Democracy)"}, {"column_span": 1, "is_header": false, "row_span": 1, "value": "John C. Fr\u00e9mont \u2014 withdrew"}], [{"column_span": 1, "is_header": false, "row_span": 1, "value": "1868"}, {"column_span": 1, "is_header": false, "row_span": 1, "value": "New York City"}, {"column_span": 1, "is_header": false, "row_span": 1, "value": "Horatio Seymour"}, {"column_span": 1, "is_header": false, "row_span": 1, "value": "Chicago"}, {"column_span": 1, "is_header": false, "row_span": 1, "value": "Ulysses S. Grant"}, {"column_span": 1, "is_header": false, "row_span": 1, "value": ""}, {"column_span": 1, "is_header": false, "row_span": 1, "value": ""}], [{"column_span": 1, "is_header": false, "row_span": 1, "value": "1872"}, {"column_span": 1, "is_header": false, "row_span": 1, "value": "Baltimore"}, {"column_span": 1, "is_header": false, "row_span": 1, "value": "Horace Greeley"}, {"column_span": 1, "is_header": false, "row_span": 1, "value": "Philadelphia"}, {"column_span": 1, "is_header": false, "row_span": 1, "value": "Ulysses S. Grant"}, {"column_span": 1, "is_header": false, "row_span": 1, "value": "Cincinnati (Liberal Republican)"}, {"column_span": 1, "is_header": false, "row_span": 1, "value": "Horace Greeley"}], [{"column_span": 1, "is_header": false, "row_span": 1, "value": "1876"}, {"column_span": 1, "is_header": false, "row_span": 1, "value": "St. Louis"}, {"column_span": 1, "is_header": false, "row_span": 1, "value": "Samuel J. Tilden"}, {"column_span": 1, "is_header": false, "row_span": 1, "value": "Cincinnati"}, {"column_span": 1, "is_header": false, "row_span": 1, "value": "Rutherford B. Hayes"}, {"column_span": 1, "is_header": false, "row_span": 1, "value": "Indianapolis (Greenback)"}, {"column_span": 1, "is_header": false, "row_span": 1, "value": "Peter Cooper"}], [{"column_span": 1, "is_header": false, "row_span": 1, "value": "1880"}, {"column_span": 1, "is_header": false, "row_span": 1, "value": "Cincinnati"}, {"column_span": 1, "is_header": false, "row_span": 1, "value": "Winfield S. Hancock"}, {"column_span": 1, "is_header": false, "row_span": 1, "value": "Chicago"}, {"column_span": 1, "is_header": false, "row_span": 1, "value": "James A. Garfield"}, {"column_span": 1, "is_header": false, "row_span": 1, "value": "Chicago (Greenback)"}, {"column_span": 1, "is_header": false, "row_span": 1, "value": "James B. Weaver"}], [{"column_span": 1, "is_header": false, "row_span": 1, "value": "1884"}, {"column_span": 1, "is_header": false, "row_span": 1, "value": "Chicago"}, {"column_span": 1, "is_header": false, "row_span": 1, "value": "Grover Cleveland"}, {"column_span": 1, "is_header": false, "row_span": 1, "value": "Chicago"}, {"column_span": 1, "is_header": false, "row_span": 1, "value": "James G. Blaine"}, {"column_span": 1, "is_header": false, "row_span": 1, "value": "Indianapolis (Greenback)"}, {"column_span": 1, "is_header": false, "row_span": 1, "value": "Benjamin F. Butler"}], [{"column_span": 1, "is_header": false, "row_span": 1, "value": "1888"}, {"column_span": 1, "is_header": false, "row_span": 1, "value": "St. Louis"}, {"column_span": 1, "is_header": false, "row_span": 1, "value": "Grover Cleveland"}, {"column_span": 1, "is_header": false, "row_span": 1, "value": "Chicago"}, {"column_span": 1, "is_header": false, "row_span": 1, "value": "Benjamin Harrison"}, {"column_span": 1, "is_header": false, "row_span": 1, "value": "Cincinnati (Union Labor)"}, {"column_span": 1, "is_header": false, "row_span": 1, "value": "Alson Streeter"}], [{"column_span": 1, "is_header": false, "row_span": 1, "value": "1892"}, {"column_span": 1, "is_header": false, "row_span": 1, "value": "Chicago"}, {"column_span": 1, "is_header": false, "row_span": 1, "value": "Grover Cleveland"}, {"column_span": 1, "is_header": false, "row_span": 1, "value": "Minneapolis"}, {"column_span": 1, "is_header": false, "row_span": 1, "value": "Benjamin Harrison"}, {"column_span": 1, "is_header": false, "row_span": 1, "value": "Omaha (People's)"}, {"column_span": 1, "is_header": false, "row_span": 1, "value": "James B. Weaver"}], [{"column_span": 1, "is_header": false, "row_span": 1, "value": "1896"}, {"column_span": 1, "is_header": false, "row_span": 1, "value": "Chicago"}, {"column_span": 1, "is_header": false, "row_span": 1, "value": "William Jennings Bryan"}, {"column_span": 1, "is_header": false, "row_span": 1, "value": "St. Louis"}, {"column_span": 1, "is_header": false, "row_span": 1, "value": "William McKinley"}, {"column_span": 1, "is_header": false, "row_span": 1, "value": "St. Louis (People's)"}, {"column_span": 1, "is_header": false, "row_span": 1, "value": "William Jennings Bryan"}], [{"column_span": 1, "is_header": false, "row_span": 1, "value": "1900"}, {"column_span": 1, "is_header": false, "row_span": 1, "value": "Kansas City"}, {"column_span": 1, "is_header": false, "row_span": 1, "value": "William Jennings Bryan"}, {"column_span": 1, "is_header": false, "row_span": 1, "value": "Philadelphia"}, {"column_span": 1, "is_header": false, "row_span": 1, "value": "William McKinley"}, {"column_span": 1, "is_header": false, "row_span": 1, "value": "Cincinnati (People's M)"}, {"column_span": 1, "is_header": false, "row_span": 1, "value": "Wharton Barker"}], [{"column_span": 1, "is_header": false, "row_span": 1, "value": "1904"}, {"column_span": 1, "is_header": false, "row_span": 1, "value": "St. Louis"}, {"column_span": 1, "is_header": false, "row_span": 1, "value": "Alton B. Parker"}, {"column_span": 1, "is_header": false, "row_span": 1, "value": "Chicago"}, {"column_span": 1, "is_header": false, "row_span": 1, "value": "Theodore Roosevelt"}, {"column_span": 1, "is_header": false, "row_span": 1, "value": "Indianapolis (People's M)"}, {"column_span": 1, "is_header": false, "row_span": 1, "value": "Thomas E. Watson"}], [{"column_span": 1, "is_header": false, "row_span": 1, "value": "1908"}, {"column_span": 1, "is_header": false, "row_span": 1, "value": "Denver"}, {"column_span": 1, "is_header": false, "row_span": 1, "value": "William Jennings Bryan"}, {"column_span": 1, "is_header": false, "row_span": 1, "value": "Chicago"}, {"column_span": 1, "is_header": false, "row_span": 1, "value": "William Howard Taft"}, {"column_span": 1, "is_header": false, "row_span": 1, "value": "Chicago (Independence)"}, {"column_span": 1, "is_header": false, "row_span": 1, "value": "Thomas L. Hisgen"}], [{"column_span": 1, "is_header": false, "row_span": 1, "value": "1912"}, {"column_span": 1, "is_header": false, "row_span": 1, "value": "Baltimore"}, {"column_span": 1, "is_header": false, "row_span": 1, "value": "Woodrow Wilson"}, {"column_span": 1, "is_header": false, "row_span": 1, "value": "Chicago"}, {"column_span": 1, "is_header": false, "row_span": 1, "value": "William Howard Taft"}, {"column_span": 1, "is_header": false, "row_span": 1, "value": "Chicago (Progressive)"}, {"column_span": 1, "is_header": false, "row_span": 1, "value": "Theodore Roosevelt"}], [{"column_span": 1, "is_header": false, "row_span": 1, "value": "1916"}, {"column_span": 1, "is_header": false, "row_span": 1, "value": "St. Louis"}, {"column_span": 1, "is_header": false, "row_span": 1, "value": "Woodrow Wilson"}, {"column_span": 1, "is_header": false, "row_span": 1, "value": "Chicago"}, {"column_span": 1, "is_header": false, "row_span": 1, "value": "Charles Evans Hughes"}, {"column_span": 1, "is_header": false, "row_span": 1, "value": "Chicago (Progressive)"}, {"column_span": 1, "is_header": false, "row_span": 1, "value": "Theodore Roosevelt \u2014 declined"}], [{"column_span": 1, "is_header": false, "row_span": 1, "value": "1920"}, {"column_span": 1, "is_header": false, "row_span": 1, "value": "San Francisco"}, {"column_span": 1, "is_header": false, "row_span": 1, "value": "James M. Cox"}, {"column_span": 1, "is_header": false, "row_span": 1, "value": "Chicago"}, {"column_span": 1, "is_header": false, "row_span": 1, "value": "Warren G. Harding"}, {"column_span": 1, "is_header": false, "row_span": 1, "value": "Chicago (Farmer-Labor)"}, {"column_span": 1, "is_header": false, "row_span": 1, "value": "Parley P. Christensen"}], [{"column_span": 1, "is_header": false, "row_span": 1, "value": "1924"}, {"column_span": 1, "is_header": false, "row_span": 1, "value": "New York City"}, {"column_span": 1, "is_header": false, "row_span": 1, "value": "John W. Davis"}, {"column_span": 1, "is_header": false, "row_span": 1, "value": "Cleveland"}, {"column_span": 1, "is_header": false, "row_span": 1, "value": "Calvin Coolidge"}, {"column_span": 1, "is_header": false, "row_span": 1, "value": "Cincinnati (Progressive)"}, {"column_span": 1, "is_header": false, "row_span": 1, "value": "Robert La Follette"}], [{"column_span": 1, "is_header": false, "row_span": 1, "value": "1928"}, {"column_span": 1, "is_header": false, "row_span": 1, "value": "Houston"}, {"column_span": 1, "is_header": false, "row_span": 1, "value": "Al Smith"}, {"column_span": 1, "is_header": false, "row_span": 1, "value": "Kansas City"}, {"column_span": 1, "is_header": false, "row_span": 1, "value": "Herbert Hoover"}, {"column_span": 1, "is_header": false, "row_span": 1, "value": "Chicago (Farmer-Labor)"}, {"column_span": 1, "is_header": false, "row_span": 1, "value": "Frank E. Webb"}], [{"column_span": 1, "is_header": false, "row_span": 1, "value": "1932"}, {"column_span": 1, "is_header": false, "row_span": 1, "value": "Chicago"}, {"column_span": 1, "is_header": false, "row_span": 1, "value": "Franklin Roosevelt"}, {"column_span": 1, "is_header": false, "row_span": 1, "value": "Chicago"}, {"column_span": 1, "is_header": false, "row_span": 1, "value": "Herbert Hoover"}, {"column_span": 1, "is_header": false, "row_span": 1, "value": "Omaha (Farmer-Labor)"}, {"column_span": 1, "is_header": false, "row_span": 1, "value": "Jacob S. Coxey, Sr."}], [{"column_span": 1, "is_header": false, "row_span": 1, "value": "1936"}, {"column_span": 1, "is_header": false, "row_span": 1, "value": "Philadelphia"}, {"column_span": 1, "is_header": false, "row_span": 1, "value": "Franklin Roosevelt"}, {"column_span": 1, "is_header": false, "row_span": 1, "value": "Cleveland"}, {"column_span": 1, "is_header": false, "row_span": 1, "value": "Alf Landon"}, {"column_span": 1, "is_header": false, "row_span": 1, "value": "Cleveland (Union)"}, {"column_span": 1, "is_header": false, "row_span": 1, "value": "William Lemke"}], [{"column_span": 1, "is_header": false, "row_span": 1, "value": "1940"}, {"column_span": 1, "is_header": false, "row_span": 1, "value": "Chicago"}, {"column_span": 1, "is_header": false, "row_span": 1, "value": "Franklin Roosevelt"}, {"column_span": 1, "is_header": false, "row_span": 1, "value": "Philadelphia"}, {"column_span": 1, "is_header": false, "row_span": 1, "value": "Wendell Willkie"}, {"column_span": 1, "is_header": false, "row_span": 1, "value": ""}, {"column_span": 1, "is_header": false, "row_span": 1, "value": ""}], [{"column_span": 1, "is_header": false, "row_span": 1, "value": "1944"}, {"column_span": 1, "is_header": false, "row_span": 1, "value": "Chicago"}, {"column_span": 1, "is_header": false, "row_span": 1, "value": "Franklin Roosevelt"}, {"column_span": 1, "is_header": false, "row_span": 1, "value": "Chicago"}, {"column_span": 1, "is_header": false, "row_span": 1, "value": "Thomas E. Dewey"}, {"column_span": 1, "is_header": false, "row_span": 1, "value": ""}, {"column_span": 1, "is_header": false, "row_span": 1, "value": ""}], [{"column_span": 1, "is_header": false, "row_span": 1, "value": "1948"}, {"column_span": 1, "is_header": false, "row_span": 1, "value": "Philadelphia"}, {"column_span": 1, "is_header": false, "row_span": 1, "value": "Harry S. Truman"}, {"column_span": 1, "is_header": false, "row_span": 1, "value": "Philadelphia"}, {"column_span": 1, "is_header": false, "row_span": 1, "value": "Thomas E. Dewey"}, {"column_span": 1, "is_header": false, "row_span": 1, "value": "Philadelphia (Progressive); Birmingham (States' Rights Democratic)"}, {"column_span": 1, "is_header": false, "row_span": 1, "value": "Henry A. Wallace (Prog.); Strom Thurmond (States' Rights)"}], [{"column_span": 1, "is_header": false, "row_span": 1, "value": "1952"}, {"column_span": 1, "is_header": false, "row_span": 1, "value": "Chicago"}, {"column_span": 1, "is_header": false, "row_span": 1, "value": "Adlai Stevenson II"}, {"column_span": 1, "is_header": false, "row_span": 1, "value": "Chicago"}, {"column_span": 1, "is_header": false, "row_span": 1, "value": "Dwight Eisenhower"}, {"column_span": 1, "is_header": false, "row_span": 1, "value": "Chicago (Progressive)"}, {"column_span": 1, "is_header": false, "row_span": 1, "value": "Vincent Hallinan"}], [{"column_span": 1, "is_header": false, "row_span": 1, "value": "1956"}, {"column_span": 1, "is_header": false, "row_span": 1, "value": "Chicago"}, {"column_span": 1, "is_header": false, "row_span": 1, "value": "Adlai Stevenson II"}, {"column_span": 1, "is_header": false, "row_span": 1, "value": "San Francisco"}, {"column_span": 1, "is_header": false, "row_span": 1, "value": "Dwight Eisenhower"}, {"column_span": 1, "is_header": false, "row_span": 1, "value": "Richmond (States' Rights)"}, {"column_span": 1, "is_header": false, "row_span": 1, "value": "T. Coleman Andrews"}], [{"column_span": 1, "is_header": false, "row_span": 1, "value": "1960"}, {"column_span": 1, "is_header": false, "row_span": 1, "value": "Los Angeles"}, {"column_span": 1, "is_header": false, "row_span": 1, "value": "John F. Kennedy"}, {"column_span": 1, "is_header": false, "row_span": 1, "value": "Chicago"}, {"column_span": 1, "is_header": false, "row_span": 1, "value": "Richard Nixon"}, {"column_span": 1, "is_header": false, "row_span": 1, "value": "Dayton (National States' Rights)"}, {"column_span": 1, "is_header": false, "row_span": 1, "value": "Orval Faubus"}], [{"column_span": 1, "is_header": false, "row_span": 1, "value": "1964"}, {"column_span": 1, "is_header": false, "row_span": 1, "value": "Atlantic City"}, {"column_span": 1, "is_header": false, "row_span": 1, "value": "Lyndon B. Johnson"}, {"column_span": 1, "is_header": false, "row_span": 1, "value": "San Francisco"}, {"column_span": 1, "is_header": false, "row_span": 1, "value": "Barry Goldwater"}, {"column_span": 1, "is_header": false, "row_span": 1, "value": ""}, {"column_span": 1, "is_header": false, "row_span": 1, "value": ""}], [{"column_span": 1, "is_header": false, "row_span": 1, "value": "1968"}, {"column_span": 1, "is_header": false, "row_span": 1, "value": "Chicago"}, {"column_span": 1, "is_header": false, "row_span": 1, "value": "Hubert Humphrey"}, {"column_span": 1, "is_header": false, "row_span": 1, "value": "Miami Beach"}, {"column_span": 1, "is_header": false, "row_span": 1, "value": "Richard Nixon"}, {"column_span": 1, "is_header": false, "row_span": 1, "value": ""}, {"column_span": 1, "is_header": false, "row_span": 1, "value": ""}], [{"column_span": 1, "is_header": false, "row_span": 1, "value": "1972"}, {"column_span": 1, "is_header": false, "row_span": 1, "value": "Miami Beach"}, {"column_span": 1, "is_header": false, "row_span": 1, "value": "George McGovern"}, {"column_span": 1, "is_header": false, "row_span": 1, "value": "Miami Beach"}, {"column_span": 1, "is_header": false, "row_span": 1, "value": "Richard Nixon"}, {"column_span": 1, "is_header": false, "row_span": 1, "value": "Louisville (American)"}, {"column_span": 1, "is_header": false, "row_span": 1, "value": "John G. Schmitz"}], [{"column_span": 1, "is_header": false, "row_span": 1, "value": "1976"}, {"column_span": 1, "is_header": false, "row_span": 1, "value": "New York City"}, {"column_span": 1, "is_header": false, "row_span": 1, "value": "Jimmy Carter"}, {"column_span": 1, "is_header": false, "row_span": 1, "value": "Kansas City"}, {"column_span": 1, "is_header": false, "row_span": 1, "value": "Gerald Ford"}, {"column_span": 1, "is_header": false, "row_span": 1, "value": ""}, {"column_span": 1, "is_header": false, "row_span": 1, "value": ""}], [{"column_span": 1, "is_header": false, "row_span": 1, "value": "1980"}, {"column_span": 1, "is_header": false, "row_span": 1, "value": "New York City"}, {"column_span": 1, "is_header": false, "row_span": 1, "value": "Jimmy Carter"}, {"column_span": 1, "is_header": false, "row_span": 1, "value": "Detroit"}, {"column_span": 1, "is_header": false, "row_span": 1, "value": "Ronald Reagan"}, {"column_span": 1, "is_header": false, "row_span": 1, "value": "Cleveland (Citizens)"}, {"column_span": 1, "is_header": false, "row_span": 1, "value": "Barry Commoner"}], [{"column_span": 1, "is_header": false, "row_span": 1, "value": "1984"}, {"column_span": 1, "is_header": false, "row_span": 1, "value": "San Francisco"}, {"column_span": 1, "is_header": false, "row_span": 1, "value": "Walter Mondale"}, {"column_span": 1, "is_header": false, "row_span": 1, "value": "Dallas"}, {"column_span": 1, "is_header": false, "row_span": 1, "value": "Ronald Reagan"}, {"column_span": 1, "is_header": false, "row_span": 1, "value": "Saint Paul (Citizens)"}, {"column_span": 1, "is_header": false, "row_span": 1, "value": "Sonia Johnson"}], [{"column_span": 1, "is_header": false, "row_span": 1, "value": "1988"}, {"column_span": 1, "is_header": false, "row_span": 1, "value": "Atlanta"}, {"column_span": 1, "is_header": false, "row_span": 1, "value": "Michael Dukakis"}, {"column_span": 1, "is_header": false, "row_span": 1, "value": "New Orleans"}, {"column_span": 1, "is_header": false, "row_span": 1, "value": "George H.W. Bush"}, {"column_span": 1, "is_header": false, "row_span": 1, "value": ""}, {"column_span": 1, "is_header": false, "row_span": 1, "value": ""}], [{"column_span": 1, "is_header": false, "row_span": 1, "value": "1992"}, {"column_span": 1, "is_header": false, "row_span": 1, "value": "New York City"}, {"column_span": 1, "is_header": false, "row_span": 1, "value": "Bill Clinton"}, {"column_span": 1, "is_header": false, "row_span": 1, "value": "Houston"}, {"column_span": 1, "is_header": false, "row_span": 1, "value": "George H.W. Bush"}, {"column_span": 1, "is_header": false, "row_span": 1, "value": ""}, {"column_span": 1, "is_header": false, "row_span": 1, "value": ""}], [{"column_span": 1, "is_header": false, "row_span": 1, "value": "1996"}, {"column_span": 1, "is_header": false, "row_span": 1, "value": "Chicago"}, {"column_span": 1, "is_header": false, "row_span": 1, "value": "Bill Clinton"}, {"column_span": 1, "is_header": false, "row_span": 1, "value": "San Diego"}, {"column_span": 1, "is_header": false, "row_span": 1, "value": "Bob Dole"}, {"column_span": 1, "is_header": false, "row_span": 1, "value": "Long Beach & Valley Forge (Reform)"}, {"column_span": 1, "is_header": false, "row_span": 1, "value": "Ross Perot"}], [{"column_span": 1, "is_header": false, "row_span": 1, "value": "2000"}, {"column_span": 1, "is_header": false, "row_span": 1, "value": "Los Angeles"}, {"column_span": 1, "is_header": false, "row_span": 1, "value": "Al Gore"}, {"column_span": 1, "is_header": false, "row_span": 1, "value": "Philadelphia"}, {"column_span": 1, "is_header": false, "row_span": 1, "value": "George W. Bush"}, {"column_span": 1, "is_header": false, "row_span": 1, "value": "Long Beach (Reform)"}, {"column_span": 1, "is_header": false, "row_span": 1, "value": "Pat Buchanan"}], [{"column_span": 1, "is_header": false, "row_span": 1, "value": "2004"}, {"column_span": 1, "is_header": false, "row_span": 1, "value": "Boston"}, {"column_span": 1, "is_header": false, "row_span": 1, "value": "John Kerry"}, {"column_span": 1, "is_header": false, "row_span": 1, "value": "New York City"}, {"column_span": 1, "is_header": false, "row_span": 1, "value": "George W. Bush"}, {"column_span": 1, "is_header": false, "row_span": 1, "value": ""}, {"column_span": 1, "is_header": false, "row_span": 1, "value": ""}], [{"column_span": 1, "is_header": false, "row_span": 1, "value": "2008"}, {"column_span": 1, "is_header": false, "row_span": 1, "value": "Denver"}, {"column_span": 1, "is_header": false, "row_span": 1, "value": "Barack Obama"}, {"column_span": 1, "is_header": false, "row_span": 1, "value": "Saint Paul"}, {"column_span": 1, "is_header": false, "row_span": 1, "value": "John McCain"}, {"column_span": 1, "is_header": false, "row_span": 1, "value": ""}, {"column_span": 1, "is_header": false, "row_span": 1, "value": ""}], [{"column_span": 1, "is_header": false, "row_span": 1, "value": "2012"}, {"column_span": 1, "is_header": false, "row_span": 1, "value": "Charlotte"}, {"column_span": 1, "is_header": false, "row_span": 1, "value": "Barack Obama"}, {"column_span": 1, "is_header": false, "row_span": 1, "value": "Tampa"}, {"column_span": 1, "is_header": false, "row_span": 1, "value": "Mitt Romney"}, {"column_span": 1, "is_header": false, "row_span": 1, "value": ""}, {"column_span": 1, "is_header": false, "row_span": 1, "value": ""}], [{"column_span": 1, "is_header": false, "row_span": 1, "value": "2016"}, {"column_span": 1, "is_header": false, "row_span": 1, "value": "Philadelphia"}, {"column_span": 1, "is_header": false, "row_span": 1, "value": "Hillary Clinton"}, {"column_span": 1, "is_header": false, "row_span": 1, "value": "Cleveland"}, {"column_span": 1, "is_header": false, "row_span": 1, "value": "Donald Trump"}, {"column_span": 1, "is_header": false, "row_span": 1, "value": ""}, {"column_span": 1, "is_header": false, "row_span": 1, "value": ""}]], "table_page_title": "United States presidential nominating convention", "table_section_text": "The two right-hand columns show nominations by notable conventions not shown elsewhere. Some of the nominees (e.g.", "table_section_title": "Major party conventions", "table_webpage_url": "http://en.wikipedia.org/wiki/United_States_presidential_nominating_convention", "target": "In 2004 Republican Convention, George W. Bush was a nominee at New York City Convention.", "totto_id": 79388}]