[ {"type":"Module","children":[1,4]},{"type":"Assign","children":[2,3]},{"type":"NameStore","value":"x"},{"type":"Num","value":"7"},    {"type":"Print","children":[5]},      {"type":"BinOpAdd","children":[6,7]},        {"type":"NameLoad","value":"x"},        {"type":"Num","value":"1"} ]
[ {"type":"Module","children":[1,4]},{"type":"Assign","children":[2,3]},{"type":"NameStore","value":"x"},{"type":"Num","value":"7"},    {"type":"Print","children":[5]},      {"type":"BinOpAdd","children":[6,7]},        {"type":"NameLoad","value":"x"},        {"type":"Num","value":"1"} ]
[ {"type":"Module","children":[1,4]},{"type":"Assign","children":[2,3]},{"type":"NameStore","value":"x"},{"type":"Num","value":"7"},    {"type":"Print","children":[5]},      {"type":"BinOpAdd","children":[6,7]},        {"type":"NameLoad","value":"x"},        {"type":"Num","value":"1"} ]
[ {"type":"Module","children":[1,4]},{"type":"Assign","children":[2,3]},{"type":"NameStore","value":"x"},{"type":"Num","value":"7"},    {"type":"Print","children":[5]},      {"type":"BinOpAdd","children":[6,7]},        {"type":"NameLoad","value":"x"},        {"type":"Num","value":"1"} ]
[ {"type":"Module","children":[1,4]},{"type":"Assign","children":[2,3]},{"type":"NameStore","value":"x"},{"type":"Num","value":"7"},    {"type":"Print","children":[5]},      {"type":"BinOpAdd","children":[6,7]},        {"type":"NameLoad","value":"x"},        {"type":"Num","value":"1"} ]