<benchmark>
  <entries>
    <entry category="Monument" eid="Id1" shape="(X (X) (X) (X))" shape_type="sibling" size="3">
      <originaltripleset>
        <otriple>11th_Mississippi_Infantry_Monument | country | "United States"@en</otriple>
        <otriple>11th_Mississippi_Infantry_Monument | established | 2000</otriple>
        <otriple>11th_Mississippi_Infantry_Monument | category | Contributing_property</otriple>
      </originaltripleset>
      <modifiedtripleset>
        <mtriple>11th_Mississippi_Infantry_Monument | country | "United States"</mtriple>
        <mtriple>11th_Mississippi_Infantry_Monument | established | 2000</mtriple>
        <mtriple>11th_Mississippi_Infantry_Monument | category | Contributing_property</mtriple>
      </modifiedtripleset>
      <lex lang="en" lid="Id1">The 11th Mississippi Infantry Monument, USA, is categorised as a contributing property and was established in 2000.</lex>
      <lex lang="ru" lid="Id1">Памятник 11-му пехотному полку Миссисипи, США, был создан в 2000 году и является исторической ценностью.</lex>
      <lex lang="en" lid="Id2">The 11th Mississippi Infantry monument was established in the US in 2000 and falls under the category of Contributing property.</lex>
      <lex lang="ru" lid="Id2">Памятник 11-му пехотному полку Миссисипи был установлен в США в 2000 году и попадает под категорию исторической ценности.</lex>
      <lex lang="en" lid="Id3">The 11th Mississippi Infantry Monument in the United States was established in the year 2000, and is categorized as a Contributing Property.</lex>
      <lex lang="ru" lid="Id3">В 2000 году в Соединенных Штатах был создан памятник 11-му пехотному полку Миссисипи, который представляет историческую ценность.</lex>
      <dbpedialinks>
        <dbpedialink direction="en2ru">2000 | sameAs | 2000_год</dbpedialink>
      </dbpedialinks>
      <links>
        <link direction="en2ru">11th Mississippi Infantry Monument | sameAs | Памятник 11-му пехотному полку Миссисипи</link>
        <link direction="en2ru">Contributing property | sameAs | историческое здание / историческая ценность</link>
      </links>
    </entry>
    </entries>
</benchmark>