tamil-cinema,"கே.வி.ஆனந்தே ட்விட்டரில் இதை அறிவித்துள்ளார். இந்தப் படத்துக்கு கேவ்மிக் ஆரி ஒளிப்பதிவு செய்ய, ஹாரிஸ் ஜெயராஜ் இசையமைக்கிறார். பட்டுக்கோட்டை பிரபாகர் வசனம் எழுத, கலை இயக்குநராக கிரண் பணியாற்றுகிறார். இந்தப் படத்தை லைகா புரொடக்‌ஷன்ஸ் நிறுவனம் தயாரிக்கிறது."
spirituality,"பரிகாரம்: சுக்கிரன், கேதுவுக்குப் பிரீதி, பரிகாரங்கள் செய்து கொள்ளவும்."
business,8 லட்சம் கார்களை திரும்பப் பெற்றது ஹோண்டா நிறுவனம்
business,2003-ம் ஆண்டு அக்டோபர் மாதத்திலிருந்து 2013-ம் ஆண்டு மார்ச் மாதம் வரை ஜெனரல் டைனமிக் கார்ப்பரேஷன் நிறுவனத்தின் நிர்வாகத் துணைத்தலைவர் பொறுப்பில் இருந்தவர்.
spirituality,"தொழில் வியாபாரத்தில் பணத்தேவை ஏற்படலாம். கடன் விவகாரங்களில் கவனமாக செயல்படுவது நல்லது. உத்தியோகத்தில் இருப்பவர்கள் ஓய்வு இல்லாமல் பணியாற்ற வேண்டி இருக்கும். இயந்திரம், நெருப்பு, ஆயுதத்தை பயன்படுத்துவோர் மிகவும் கவனமாக இருப்பது அவசியம்."
tamil-cinema,"1987-ல் நடக்கும் கதை என்பதால் அதற்கேற்ப தொலைபேசி, புளிப்பு மிட்டாய், ஹேர்ஸ்டைல், சட்டை என அந்த காலகட்டத்தில் உள்ளதைப் பதிவு செய்த விதம் சிறப்பு. பாம்பு கடித்த கல்லூரி மாணவியை நண்பர்கள் காப்பாற்றும் விதம் படத்துக்கு நியாயம் சேர்க்கிறது."
