<benchmark>
  <entries>
    <entry category="Food" eid="Id1" shape="(X (X))" shape_type="NA" size="1">
      <originaltripleset>
        <otriple>Ajoblanco | country | Spain</otriple>
      </originaltripleset>
      <modifiedtripleset>
        <mtriple>Ajoblanco | country | Spain</mtriple>
      </modifiedtripleset>
      <lex lang="en" lid="Id1">Ajoblanco originates from the country of Spain.</lex>
      <lex lang="ru" lid="Id1">Ахобланко происходит из страны Испании.</lex>
      <lex lang="en" lid="Id2">Ajoblanco is from Spain.</lex>
      <lex lang="ru" lid="Id2">Ахобланко – из Испании.</lex>
      <dbpedialinks>
        <dbpedialink direction="en2ru">Ajoblanco | sameAs | Ахобланко</dbpedialink>
        <dbpedialink direction="en2ru">Spain | sameAs | Испания</dbpedialink>
      </dbpedialinks>
    </entry>
    </entries>
</benchmark>