<benchmark>
  <entries>
    <entry category="Monument" eid="Id1" shape="(X (X) (X) (X) (X) (X))" shape_type="sibling" size="5">
      <originaltripleset>
        <otriple>11th_Mississippi_Infantry_Monument | country | "United States"@en</otriple>
        <otriple>11th_Mississippi_Infantry_Monument | region | Adams_County,_Pennsylvania</otriple>
        <otriple>11th_Mississippi_Infantry_Monument | established | 2000</otriple>
        <otriple>11th_Mississippi_Infantry_Monument | category | Contributing_property</otriple>
        <otriple>11th_Mississippi_Infantry_Monument | municipality | Gettysburg,_Pennsylvania</otriple>
      </originaltripleset>
      <modifiedtripleset>
        <mtriple>11th_Mississippi_Infantry_Monument | country | "United States"</mtriple>
        <mtriple>11th_Mississippi_Infantry_Monument | location | Adams_County,_Pennsylvania</mtriple>
        <mtriple>11th_Mississippi_Infantry_Monument | established | 2000</mtriple>
        <mtriple>11th_Mississippi_Infantry_Monument | category | Contributing_property</mtriple>
        <mtriple>11th_Mississippi_Infantry_Monument | municipality | Gettysburg,_Pennsylvania</mtriple>
      </modifiedtripleset>
      <lex lang="en" lid="Id1">The 11th Mississippi Infantry Monument stands in Gettysburg, in Adams County, Pennsylvania. The American monument, built in 2000 is classed as a Contributing Property.</lex>
      <lex lang="ru" lid="Id1">Памятник 11-й пехоте Миссисипи стоит в Геттисберге, в округе Адамс, штат Пенсильвания. Американский памятник, построенный в 2000 году, классифицирован как историческое здание.</lex>
      <lex lang="en" lid="Id2">The 11th Mississippi Infantry was established in 2000, and is considered a Contributing Property. It is located in the municipality of Gettysburg, in Adams County, Pennsylvania, USA.</lex>
      <lex lang="ru" lid="Id2">Памятник 11-му пехотному полку Миссисипи был воздвигнут в 2000 году и считается объектом культурного наследия. Он расположен в муниципалитете Геттисберг, в округе Адамс, штат Пенсильвания, США.</lex>
      <lex lang="en" lid="Id3">The 11th Mississippi Infantry Monument is in Adams County, Gettysburg municipality, Pennsylvania in the United States. The Monument is categorized as a Contributing Property and was established in 2000.</lex>
      <lex lang="ru" lid="Id3">Памятник 11-й пехоте Миссисипи находится в округе Адамс, муниципалитет Геттисберг, штат Пенсильвания, Соединенные Штаты. "Памятник" относится к категории «историческое здание» и был создан в 2000 году.</lex>
      <dbpedialinks>
        <dbpedialink direction="en2ru">Gettysburg,_Pennsylvania | sameAs | Геттисберг</dbpedialink>
        <dbpedialink direction="en2ru">2000 | sameAs | 2000_год</dbpedialink>
      </dbpedialinks>
      <links>
        <link direction="en2ru">Adams County, Pennsylvania | includes | округ Адамс</link>
        <link direction="en2ru">Adams County, Pennsylvania | includes | Пенсильвания</link>
        <link direction="en2ru">11th Mississippi Infantry Monument | sameAs | Памятник 11-му пехотному полку Миссисипи</link>
        <link direction="en2ru">Contributing property | sameAs | историческое здание / историческая ценность</link>
      </links>
    </entry>
    </entries>
</benchmark>