[
  {
    "title": "Eze Goes to School",
    "format": "book",
    "chapters": [
      {
        "title": "EZE EJEE AKWỤKWỌ",
        "content": "Eze Adị riri nri ụtụtụ ya bụ ụtara akpụ na ofe onugbụ a daghị n’ọkụ ọsọ ọsọ. Ọ bụ nri niile fọdụru na nri abalị ụnyaahụ. O mesịa chịpụga afere niile ya na nne ya jiri ri nri, wee pụa jewe Ama bụ obodo dị maịlụ atọ site n’obodo nke ha. Nke a bụ mbụ Eze na-eje akwụkwọ.\nN’ụtụtụ ahụ, Eze tetara mgbe oke ọkụkọ rahụrụ a mpio dị n’isi ụlọ nke ha kwara akwa mbụ.\nNne ya mụnyere lamp e ji aja ụrọ mee ka Eze ji anya ụra bilite n’ute ndina ya wee pịakọọ ya. O jee were atụ ya mgbe ọ na-apụ ije ịza ezi. N’ofufo chi, nchawa ihe ọnụ ụtụtụ, obodo Ọhịa niile dị jụụ, mana tupu o mesịa ihe ọ na- eme, o nwere ike ịhụtụ ndị dị iche iche na-esi n’otu mkpuke fee nke ọzọ. Ndị ọrụ ugbo na-amalite ije n’ugbo ha dị iche iche, ụmụ agbọghọ bucha ite n’isi ha echu mmiri, ebe ndị nne nwaanyị ji nkụ a wara awa amalite isi nri ha.\nEze na nwanne ya nwaanyị, Ụlụ buru ite mmiri ha soro ndị enyi ha gawa n’ụzọ mmiri. Ndị ọzọ zutere ha na-ajụrịta onwe ha “Ị bọọla chi?” Mgbe ha gwuchara mmiri, saa ahụ, Eze na Ụlụ gbajuru ite ha mmiri, wee si na mkpọda ndagwurugwu mmiri ahụ rigota wee lawa n’ụlọ ha. Mgbe ha na-aga n’ụzọ, ha zutere nna ha, Okonkwọ Adị, ka o konyere ọgụ n’ubu ya. Ọ na-eje n’ugbo ya dị ebe karịrị maịlụ ise igwute ji. Ọ sị Eze, ya gaziere gị n’ụlọ akwụkwọ.\nMgbe Eze na Ụlụ laruru ụlọ, ha chọpụtara na nne ha emechawala ihe niile, ma na-akwakọba nkata ya ọ ga-eji ga ahịa. O kpebiela na ebe ọ bụ na ya na Eze ga-aga obodo Ama dị anya, na ya ga-eweretụ ụfọdụ n’ime ji di ya kọtara ree. Ya mere, o kwakọbara ji, ogbe ọka na mkpụrụ akwụ n’otu nkata, akị na mkpụrụ anara, egwusi, onugbu na mgbọrọdị n’obere nkata nke Eze nwere ike ibuli. O bu n’obi iji ego ọ ga-ereta na ha zụta nnu, anụ, osikakpa na akpụ maka ezi na ụlọ ya. Site n’okpuru ihe nna ya ji ehiri isi, Eze wepụtara afe akwụkwọ ọhụrụ ya, sheeti ọcha na nịka na-acha ụpa ụpa. Nne ya kechiri ha n’akwa dị ọcha ma tinye ha na nkata. Mgbe ha jikere ịmalite njem ha, Nne Eze boro ya nkata akwụkwọ nri ahụ nke ọ ga-ebu gaa ahịa. Nne ya buru nkata nke ogologo, ha abụọ wee jebe Ama.\nEze na nne ya gafere Ọhịa nke dị na mgbada ugwu ebe ala dị mkpọgo na mkpọda. A rụkasịrị ụlọ n’ebe ukwu osisi dịgasị. Ha diketara ibe ha nso ma chee ihu ebe ndị nwe ha chọrọ. Ụzọ gbagwojuru anya gasasịrị ebe niile. Ndị ọbịa na- abịa n’Ọhịa dị ole na ole ma ọ dịbeghị onye kpasara maka nke a. Osisi tojuru ebe niile. Ọtụtụ n’ime ha bụ osisi a na-eri mkpụrụ ha eri, ole na ole n’ime ha bụ maka iche ndo.\nEze na Nne ya gafere ama, ebe sara mbara aja uzuzu juru a kụgasịrị osisi ndị na-enye ndo, wara wara ụzọ gara n’akụkụ osisi ndị a. Ụzọ ahụ gakwara banye obodo ọzọ nke ọ bụ oke ọhịa na ebe a na-akọ nri kewara obodo ndị a. Ha zutekwara ụmụ nwaanyị ka ha na-eje ahịa. Onye ọ bụla rutere na-ekele Eze na nne ya. Dị ka ha na-aga, ụmụ nwaanyị ndị a na-akọrị akụkọ na-achịkwa ọchị. Olu ha na-edekwa n’ime obodo mgbe ha malitere bụwa abụ.\nNke a mere ka ihe akụkụ ha bụ dịịrị ha mfe ma mee ka ha chefuo na ihe ha ka ga-aga wee rue ahia tere aka.\nE wezuga mmadụ ole na ole ma onwe ha, ụmụ aka ụmụ nwaanyi niile gbachitere onwe ha nkịtị. Eze, onye okike chị ya bụ ịnọrọ onwe ya nwayọọ, anaghị agwalinwu onye ọbịa okwu. O mechiri ọnụ ya karichaa mgbe ọ chọpụtara na ọ bụ naani ya bụ nwata nwoke nọ n’òtú ahụ. O nweghị ike ịgwa ụmụ aka ụmụ nwaanyị okwu. N’obodo Ọhịa, ụmụ aka nwoke na-ahụta onwe ha ka ndị dị elu karịa ụmụ aka ụmụ nwaanyị, ya mere Eze jiri atụrụ ha nkọ.\nN’ezie arọ nke ibu ya na ogologo ije nke ha gara amalitela ịbịa ya n’ahụ. Olu ya agbagọọla ebe ọ naghị agasikwa ije ike. O nweghị ihe ga-ewepụ uche ya n’arọ nke ihe o bu na-anyị ya na ebe nke fọdụrụ ha ka ga-aga.\nMana Eze, bụ nwata afọ asaa, nwere ume nwata afọ iri. Ọ bụ ezie na a gaghị eji ume ya tụnyere nke ụmụ agbọghọ ndị ahụ na ndị obere ụmụ nwaanyị bụ ndị jerela ụdị ije ahụ ọtụtụ oge ma ọ gbakasịghị ahụ ọ bụla, n’ihi na nna ya akụzierela ya idi ihe bịara ya na-enweghi mkpesa na ime ka nwaanyị ọ bụla mara na ọ nọ n’ihe mgbu. Ya mere Eze, ewezuga ịtụ egwu na ụmụ nwaanyị ahụ okachasị ndị obere agbọghọ ahụ ga-achị ya ọchị ma o kpesawa na-agbalisi ike igosi na ya bụ nwoke tozuru etozu na-ebido akwụkwọ ụbọchị ahụ.\nNne Eze chọpụtara oge adịghị anya na ike agwụwala nwa ya. Mgbe ha na-arigo ugwu nke bụ ebe ikpeazụ ha ga-agacha, njem ha agwụ ọ tụụrụ ya aka ebe ha ga-akwụsị, ọ sị ya, “ọ bụrụ na anyị gafee ukwu osisi mango ahụ, rue ebe ahụ, ‘e nwere ọdọ nkwụ, anyị ga-enwe ike ịhụ Ama. Ọ dịla nso ugbu a, ya mere; jisi ike” ụmụ nwaanyị ndị na-abịa n’azụ ha jụrụ ihe na-eme. Nne Eze sị “akpụ nwa m nwoke”\n“ejebeghị Ama mbụ. Ọ dị m ka ike agwụwala ya”\nNwaanyị ahụ kwuru si, “ọ kwanụ ka o si adị mgbe mmadụ na-eje ebe o jebeghị mbụ otu maịlụ na-adị ya ka abụọ, abụọ adị ka anọ wee dịrị gaba. Jisie ike nwa m. Anyị erubela ebe ahụ”.\nHa rutere n’ọdọ nkwụ ahụ nke dị n’elu ugwu, na mgbada ya bụ Ama, bụ ebe mara mma ile anya. Anwụ ụtụtụ wụkwasịrị nchake ya n’elu akwụkwọ osisi, ma n’elu akịrịka e jiri kpụọ ụlọ nakwa n’ahụ aja ụpa e jiri do ụlọ. Ukwu nkwụ, ukwu nkwụ jupụtachara n’etiti ụlọ na ụlọ nke na-egosi na eke kere ụwa mere obodo a mma.\nOtu o sila dị, Eze ahụghị ihe ọ bụla mara mma n’obodo Ama. N’ezie ihe ọ hụrụ mere ya ikwu okwu nke mbụ. Ọ sị, Nne, Ama dịkwa nnọọ ka obodo anyị, nne ya zaghachiri ya sị “N’ezie nwa m, naanị na o buru ibu karịa. Ị gaghị enwe ike ịhụcha ụlọ ya niile site n’ebe a. Ụfọdụ n’ime ha zochara n’okpuru nnukwu osisi ndị ahụ”\nEze chetara ihe butere ya Ama - ụlọ akwụkwọ - o wee jụọ nne ya ebe ọ dị.\nỌ zara ya sị, “Ọ dị n’okporo ụzọ ebe ahụ.” Ọ tụkwaara ya aka sị, “Ebe ahụ sara mbara dị n’ihu, ebe mmadu ole na ole nọ, bụ ebe ahịa dị”.\nHa jiri nwayọọ gbadaa ugwu ahụ si n’akụkụ ụlọ akwụkwọ ahụ gafee wee jewe n’ahịa ahụ. N’ahịa, ha buturu ibu ha, wee gbatịa onwe ha.\nNne ya sị ya, “Ngwa, gaa, yiri akwa gị ka m kpọrọ gị gaa ụlọ akwụkwọ” “Agụụ ọ na-agụ gị ka ị gachara njem a. Eze zara ya sị, “mba.” Nke a bụ, n’ihi na ọńụ o nwere maka ụlọ akwụkwọ ọhụụ hiri nne nke mere na afọ juru ya dị ka o riri nri. Nne ya tọghere akwa ahụ dị ọcha o ji kechie afe akwụkwọ Eze, were akwa dị n’ime ya nye ya. Mgbe o yiri ya n’ahụ, o karịtụrụ ya. Nna ya gotara ha n’ebe a kwara ha kobe. Nna ya ma na ọ zụta nke ya na Eze ha na ọgaghị ete aka Eze etofere ya.\nỤmụ nwaanyị ndị ọzọ na-ańụrịrị Eze n’uwe ọhụrụ ya. Nne ya gwara ha sị “Ọ na-eje akwụkwọ” O kwukwa na mwute sị, “ọ bụ mkpebi nna ya, ọ bụghi nke m”.\nNwaanyị nke ọzọ tiri mkpu sị “ijekwa akwụkwọ?” “Ara ọ na-awị gị? Ihe nna ya kpebiri! Ma I meghị ihe ọ bụla ịkwụsị ya!” N’oge ahụ, o nweghị nwoke ọ bụla n’obodo Ohịa jere akwụkwọ. Ndị obodo niile, ha niile bụ ndị ọrụ ugbo. O nweghị uru ịgụ akwụkwọ baara ha. Ọ dighị akụziri nwata nwoke ịkọ ji, ịrụ ụlọ, igbutu osisi, ma ọ bụ ịgba egwu ọdịnaala."
      },
      {
        "title": "ỤLỌ AKWỤKWỌ DỊ N’AMA",
        "content": "Nne Eze sogidere ya rue ọnụụzọ ụlọ akwụkwọ ma legide ya ka ọ na-aga egwu egwu ịba n’ime ụlọ akwụkwọ. Egwu na-atụ nne ya dị ka ọ na-atụ ya. O guzoro n’okpuru ukwu osisi mango were na-elegharị anya.\nOgige ụlọ akwụkwọ ahụ ejighi nnukwu ihe bukarịa ama egwuregwu di n’ obodo nke ya. E ji osisi akwachaghị akwacha gba ya ogige gburugburu. N’etiti ogige ahụ ka ụlọ akwụkwọ n’onwe ya dị, nke na-ebukarịghị ụlọ nna ya. E ji aja ụpa doo ụlọ ahụ nke nwekwara ide e dopụtara bụ ya ji elu ụlọ akịrịka ahụ na- acha ụpa ụpa n’ihi etum ma na-achọkwa, ịda ada n’ebe dị iche iche.\nEze hụrụ ụlọ ọzọ n’aka nri ya bụ ụlọ be onye nkuzi. E ji nzu na-acha gbaa tee ya nke na-achakepụkwa n’anyanwụ ụtụtụ. Dị ka ụlọ akwụkwọ ahụ, e ji igu nkwụ a kpara ka ute kpuo elu ya. Ụlọ nke ọzọ di n’aka ekpe, bụ ụlọ ezumike ebe ndị na-agbasa ozi ọma na-elekọta ụlọ akwụkwọ na-edina ma ọ bụrụ na ha bịa n’Ama.\nE nwere osisi unere na-etogasị n’ala ahụ. Ebe ndị a kapụtara maka ịzọ okooko (fụlawa) ka dịkwa otu ahụ n’ihi na mmiri ezobeghị ka e wee rụọ ọrụ na ha. Eze aghọtaghị ihe niile ọ hụrụ mana o ji ndidi na-eche ihe ga-eme.\nỌ hụrụ igwe ụmụ aka nwoke na-abịa mana naanị otu nwata nwaanyị sonyeere ha. Otu nwoke si n’ụlọ ahụ e tere nzu ọcha pụta, wee gaa n’otu akụkụ ụlọakwụkwọ, si n’elu ụlọ fara okporo igwe há ka otu ntụ aka wee tụtụrụ kwa otu okporo igwe ugbo oloko nke nwere ihe mgbakọ n’otu isi ya. O jidere ya n’ihe mgbakọ dị ya wee were igwe ahụ na-akụ ya. Nke a bụ mgbịrịgba ụlọ akwụkwọ. Dị ka ọ na-akụ ya, ụmụ nwoke ndị na-abịabu n’ụlọ akwụkwọ ahụ bụ ndị Ama soro mgbịrịgba ahụ na-agụ egwu ka a na-akụ ya. Na-asị “ụmụ nwoke, ụmụ nwaanyị bịa akwụkwọ! “ụmụ nwoke, ụmụ nwaanyị bịa akwụkwọ!!”\nHa soro ya na-agụ egwu rue mgbe ọ kwụsịrị ịkụ ya.\nO mesịa kụọ aka ya, feere ha aka ka ha bịa.\nMgbe ha gbakọrọ ya gburugburu, ọ gwa ha sị “soronụ m baa n’ime ụlọ akwụkwọ. Ha wee soro ya ka o chigharịrị.\nN’ime klaasị, ha soro ya sekpuru ala mgbe ha hụrụ ya ka o sekpu ala. Ọ gwara ha mechie anya ka ha kpee ekpere, ha niile rubere isi, ọ bụ naanị otu nwata nwoke meghere anya ya. Onye ahụ bụ Eze. Ọ ghọtaghị ihe ọ ga-eji mechie anya ya ka a na-ekpe ekpere. Ọ hụbeghị onye ọ bụla metụtara ya ka o mechiri anya ya mgbe ha na-ekpe ekpere ma ọ bụ mgbe ha na-achụrụ mmụọ na-elekọta obodo ha anya aja.\nỤmụ aka ahụ kere onwe ha ụzọ abụọ mgbe e kpechara ekpere. Otu òtù fere mmiri n’ala ime ụlọ akwụkwọ ebe òtù nke ọzọ zara ya. Nke a amasịghị Eze. Ịza ime ụlọ bụ ọrụ dịịrị ụmụ aka nwaanyị, ma o rubere isi, n’ihi na nna ya kuziiri ya irube isi nye onye ọ bụla tọrọ ya, ọzọ nwoke a ruru ogo ịbụ nna ya.\nMgbe a zachara ihe, nwoke ahụ bara n’ụlọ e ji nzu ọcha tee, bute ukwu ute. Ọ gbasara ha n’ala ma gwa ụmụ aka ka ha nọdụ na ya. Mgbe ha niile nọdụchara ala, ọ malitere gụwa otu egwu obodo. O teghị aka ha malitere soro ya kwesiwe ya ike. Mgbe ha kwechara ukwe ahụ, ụmụ aka niile mesapụrụ ahụ. Ihe nwoke ahụ masịrị ha, mgbe Eze nọ na-eche onye nwoke ahụ bụ, o kwuru okwu sị “ọ ga-amasi unu ịma aha m?”\nHa niile zara ee n’otu “Abụ m Maazị Ọkafọ”\nAbụ m “Onye nkuzi ụlọ akwụkwọ a”.\nAbụ m enyi unu”. O chetụrụ obere ka nke a dabasịa, o wee jụọ, Gịnị bụ aha m? Ha niile zara n’egwu “Maazị Ọkafọ”. Ọ gwara ha sị “Egwu atụla unu.”Unu niile na-emehaala nke ọma agaghị m apịa unu ihe. Kwuo ya ọzọ, tisie ya ike ọzọ.\n“Maazị Ọkafọ”\nDị ka ọ gwara ha mee “Maazị Ọkafọ” mana unu agaghị akpọ m Maazị Ọkafọ mgbe unu na- agwa ndị mmadụ maka m. Ị ga-akpọrịrị m “Onye nkuzi”.\nHa niile tie, “Onye nkuzi\n“ọzọ”\n“Ọnye nkuzi”\n“ọzọ”\n“Ọnye nkuzi”\n“Unu ma ihe kpatara m ji asị unu kwugharịa ihe unu kwuru?” otu nwata nwoke sị na ya ma. Ọ bụ n’ihi na e kwuo ihe ugboro ugboro ọ bụla onye ntị chiri ga- anụ, Ọ ji otu ilu ndị be ha na-atụ were za ya.\nỌ jụọ ha sị “Gịnị kpatara na unu agaghị akpọ m aha mgbe unu na-agwa m okwu?\nEze chere na ya kwesịrị iso n’onye mbụ onye nkuzi ga na-ekwu maka ya. Otu nwata nwoke agbaala ya otu ọkpụ site n’ịza ajụjụ nke mbụ ugbu a ọ chọrọ ịgbapụ ya na nke a. Ọ bụ maka na anyị niile ahaghị,’. Ị tọrọ anyị niile, nna m gwakwara m na ị ma ihe nke ukwuu. Maazị Ọkafọ wee gwa ha si “ugbua unu niile n’otu n’otu ga-agwa m aha unu”.\nDị ka ha na-ekwu n’otu n’otu, ọ na-ede ya n’akwụkwọ “ugbu a achọrọ m ka unu gee ntị. Ọ bụrụ na ịnụ aha gị, ị ga-aza “Anọ m ebe a, nna m ukwu”. Nke a o doro unu anya?’ Ha niile tie ee.\nỤlọ akwụkwọ ahụ bụ ụlọ akwụkwọ ọhụụ. Mgbe ndị na-agbasa oziọma bụ ndị nwe ụlọakwụkwọ ahụ kpọrọ ndị okenye obodo Ama na obodo ndị ọzọ dị ha gburugburu tinyere Ọhịa ka ha kparịta ụka otu e nwere ike isi bidoro ha ụlọ akwụkwọ. Ha ekweghị bịa ọgbakọ ahụ. Ha achọghị ụlọ akwụkwọ, ọ ga-eme n’ọdịnihu na aka na-akọ nri ga-abụ ihe lara n’iyi. Kedụ uru mmadụ ịma agụ na- ede bara nye ọrụugbo?’ Bụ ihe ha jụrụ.\nObodo Ọhịa n’onwe ya nwere ọtụtụ ebe a na-akọ nri. Mana ọ bụ ala adịghị eme nri, nke mere ndị ebe ahụ ji alụsi ọrụ ike ịhụ na o nwere ihe ha wetara chaa. Ha enweghị ụlọ ọrụ ebe a na-emepụta ihe ọ bụla, ọ bụ ezie na ụmụ nwaanyị ha na-azụga obere ahịa, ya mere na ala bụụrụ ha ihe niile. Ndụ ha niile, ekpemekpe ha, omenala ha, ihe niile ha ji adị ndụ dabeere na ya.\nMana ọtụtụ ndị be ha, ndị hapụrụ obodo ha jee obodo mepere emepe ahụtala ụdị ibi ndụ ọzọ. N’ihi na ha enweghị ike ịgụ na ide, ọ hịara ha ahụ inweta ezigbo ọrụ. A na-ewe ha naanị n’ọrụ ịkọ ugbo, ndị ogwu aja na ndị òbú ibu. Ịgụ akwụkwọ ha abụrula ihe gafere agafe. Ichighakwa n’ụlọ akwụkwo agafeela mana o feela n’ebe ụmụ ha nọ?\nHa dere akwụkwọ zigara ndị na-agbasa oziọma bi nso Ama na-arịọ ha ka ha rụọrọ ha ụlọ akwụkwọ maka ụmụ ha. Ha kwuru na ha achọpụtala uru ịgụ akwụkwọ bara na otu ha siri chọsie ụlọ akwụkwọ ike maka ụmụ ha nọ n’ụlọ.\nN’ihi akwụkwọ ozi ndị a, ndị a na-agbasa oziọma wee rụọ ụlọ akwụkwọ n’Ama. Mana ndị okenye nọ n’obodo achọghị ya, ha nwara oko ha ịhụ na ha kwụsịrị ndị ezi na ụlọ ha ije ya.\nMaazị Ọkafọ, onye mbụ a kpọrọ ilekọta ụlọ akwụkwọ ahụ bụ onye Akụ, bụ obodo dị maịlụ iri na ise site n’Ama. Ọ bụ nwoke gbara agba, dị afọ iri atọ ma bụrụ onye hụrụ ụmụ aka n’anya. Ọ dịghị ka ụfọdụ ụmụ nwoke ndị ime obodo nwere ọtụtụ ndị nwunye. Ọ bụ naanị otu nwaanyị ka ọ na-alụ, n’ihi na ọ bụ ezigbo onye ụka. O nwere obere ụmụaka atọ, Maazị Ọkafọ abụghị onye nkuzi a zụrụ azụ, o nweghị ụkpụrụ usoro nkuzi ọ na-agbaso mana ụmụ akwụkwọ ya na-eme nke ọma n’ule niile n’ihi na usoro nke ọ na-agbaso na-ewepụta ihe ka mma n’ime ụmụ akwụkwọ ya.\nỤgwọ ọnwa a na-akwụ Maazị Ọkafọ pere mpe mana n’ihi na ọ naghị akwụ ụgwọ ụlọ ebe o bi, ọ bụkwa nwunye ya na-asachasị ihe niile a na-asacha asacha n’ụlọ. O siiri ya ike iji ego ya elekọta ezi na ụlọ dị mmadụ ise. Mana o nwere nnukwu ala ebe ọ kọrọ ji na akwụkwọ nri, ebe ụmụ akwụkwọ na-enyere ya aka mgbe ụfọdụ arụ ọrụ."
      },
      {
        "title": "EZE AKỌỌ IHE NIILE MERE YA N’ỤlỌAKWỤKWỌ",
        "content": "Ụmụ aka iri abụọ bịara n’ụlọ akwụkwọ ọhụrụ ahụ n’ụbọchị mbụ mana naanị otu nwata nwaanyị a na-akpọ Chinwe dị ya. Ndị mụrụ ya anọọla n’ Ọnịcha bụ nnukwu obodo mepere emepe. Ha ahụla ụmụ nwaanyị na-akụzi ihe n’ụlọ akwụkwọ, na-arụkwu ọrụ nọọsụ n’ụlọ ọgwụ ma ọ bụ dị ka akawo na- edekọ ihe n’ụlọ ahịa gasị. Ụmụ aka ụmụ nwaanyị ndịa nwere ike inweta ọrụ ndịa n’ihi na ha gụrụ akwụkwọ wee mụta ka e si agụ na-ede. Ebe ọ bụ na Chinwe bụ naanị otu nwa ha nwere, ha kpebiri ịzụ ya ka o wee dị ka otu n’ime ụmụ nwaanyị ndị ahụ ha hụrụ n’Ọnịicha.\nTupu akwụkwọ agbasaa n’ụbọchị ahụ, Maazị Ọkafọ gwara ụmụ akwụkwọ “Ọ bụrụ na unu laruo gwanụ ndị mụrụ unu ma ọ bụ ndị unu na ha bi ka ha zụtara unu sleeti na pensụl. Gwa ha na unu ga-asa ahụ tupu unu abịa akwụkwọ ụtụtụ ọ bụla na unu ga na-abịa akwụkwọ n’oge. Ọ bụrụ na ụlọ unu dị anya n’ụlọ akwụkwọ, gwa ndị be unu ka ha na-akpọte unu n’oge. Unu ghọtara ihe m kwuru? Ha niile zara, “E e”.\nỌ gwara ha sị “unu esila otu a, aza ihe”. Ezigbo ụmụ akwụkwọ na-aza ndị okenye “Oo nna m ukwu.” Ọ bụrụ na okenye ahụ bụ nwaanyị, ị ga-aza ya “Oo nne m ukwu”. Nke a o doro unu anya? Ha zara ya, “Oo nna m ukwu”. Maazị Ọkafo wee kwuo sị: “ugbua, oge ụla eruola” mana tupu nkea, sekpurunu ala ma mechikwanụ anya. Mgbe ha mechara ihe o gwara ha, o duru ha n’ekpere: O Chineke, duru anyị laa n’udo. Ekwela ka anyị daa ma ọ bụ kpọbie ụkwụ anyị na nkume. Ekwela ka anyị daa n’ọrịa.\nNyere anyị aka ịdị na-abia akwụkwọ kwa ụbọchị, ka anyị na-amụta ihe onye nkuzi na-akụziri anyị, ịbụ ezigbo ụmụ aka wee baara nne na nna anyị uru. Nyere ndị be anyị aka ịchọpụta na akwụkwọ bụ ezigbo ihe. Nyere onye nkuzi na nne na nna anyị aka. Ihe ndị a ka anyị na-arịọ site na Jizọs Kraịst Onyenweanyị Amen.\nHa niile zaa “Amen” ka o kpesịrị.\nEze chọtara nne ya n’ahịa. O rubeghị elekere mbụ nke ehihie mana o rechaala ihe niile o bu bịa ahịa ma zụtachaa ihe niile ha chọrọ n’ụlo. Ha na ụmụ nwaanyị ndị ọzọ yịkọrọ wee laba. N’ihi na ha niile bụ ụmụ nwaanyị na n’ihi na ha anaghị akwụsị ịkọ akụkọ maka ahịa ha, Eze enweghị ọhere ịkọro nne ya ihe mere n’ụlọ akwukwọ. Ọ bụ enweghị ezigbo agwa bụ ịmanye ndị okenye aka n’ọnụ mgbe ha na-ekwu okwu. Ọ bụ mgbe nna ya si n’ugbo lata na mgbede ahụ ka Eze nwere ike ịkọ akụkọ ya.\nMgbe ọ hụrụ nna ya ka ọ na-alọta, ọ gbara ọsọ gaa zute ya n’ụzọ. “Ama m na i jere akwụkwọ taa”, nna ya kwuru Dị ka o bu nkata ji juru n’isi ya na-aba n’ụlọ Eze zara “Ee nna m” na-agbalị ka o gosipụta ihe ọ mụtara n’ụbọchị mbụ ya n’ụlọ akwụkwọ. Nke a nyere nna ya ọṅụ.\nỊ ga-abịa ka ị gwakwa m ihe ndị ọzọ maka ụlọ akwụkwọ ahụ.\nMgbe ha nọdụrụ ala, Eze jụrụ ya ma ọ ma aha onye nkuzi ha “mba, nwa m kedụ aha ya? ‘Maazị Ọkafọ’, Eze ji nganga kwu nke a, mana o kwuru na anyị agaghị akpọ ya aha ya na anyị ga na-akpọ ya onye nkuzi.\nEziokwu! nna ya maara ụma kwu ya na mgbagwoju anya “maka gịnị”\nN’ihi na anyị na ya ahaghị. Nke ọzọ, nke a na-egosi nsọpụrụ, Ọ bụ eziokwu, kedụ ihe ọzọ Maazị Ọkafọ gwara unu taa? O kwuru na ị ga-azụtara m sleti na pensụl. Eze zara Dị ka ọ na-agụkọ ha na mkpịsịaka ya ka ọ ghara inwe nke ọ bụla ọ ga-echefu. Nke abụọ, anyị ekwesịghị ịdị na-abịa leeti n’ụlọ akwụkwọ. Nke ato, anyị ga-asarịrị ahụ anyị kwa ụtụtụ tupu anyị ejee akwụkwọ. Nke anọ,anyị ga na-edebe akwa anyị ọcha.\nỌ tụrụ Eze n’anya na, nna ya jere n’akpati ọ naghị ekwe akpọghe, meghe ya weputa sleeti na pensụl. Ọ gwaghị Eze, mana n’ime akpati ahụ e nwekwara akwụkwọ abụọ e ji ede ihe, mkpịsị odee, pensụl na inki. Ọ bụ ezie na Okonkwọ amaghị agụ ma ọ bụ ede mana o kpebiri na nwa ya ga-agụ akwụkwọ, ebe ọ bụ na o biela Obodo, bụ isiobodo ha, ọ chọpụtala uru akwụkwọ bara. O kpebiela n’obi ya na Eze ga-agụrịrị akwụkwọ. Nke a mere o jiri soro ndị ahụ na-agba mbọ ịhụ na a lụrụ ụlọ akwụkwọ n’Ama. Ugbu a nrọ ya abịawala na mmezu, n’ihi na nwa nke afọ ya, Eze ejewela akwụkwọ.\nNna a, ị maara na otu n’ime ụmụakwụkwọ bịara n’ụlọ akwụkwọ taa bụ nwata nwaanyị aha ya bụ Chinwe.\n“Ugbu a gee ntị, nna ya hiri aka n’anya wee gwa ya sị “N’ule ọ bụla unu ga-ele, ị ga-eme nke ọma karịa ụmụ nwoke niile n’ule. Ị ga-abụrịrị onye nke mbụ mgbe ọ bụla. Ọ bụrụ na izuzube otu nwoke ewee gafee gị, ekwela, nwa m ekwekwala ka nwata nwaanyị ahụ, bụ Chinwe gafee gị”.\nỤtụtụ ọ bụla tutu, o jewe akwụkwọ ọ ga-aza ngwuru nna ya ma gaa na mmiri chute mmiri. Mgbe o si n’ụlọ akwụkwọ lọta, ọ na-eri nri ehihie, mụọ otu e si ede mkpụrụ abidii, gaa chutekwa mmiri, sonyere ụmụ aka nwoke, ịgba mgba, izo nzuzo, ịgba ụta na egwuregwu ndị ọzọ masịrị ha. Mgbe ụfọdụ ọ na- akụziri ụmụaka nwoke ndịa egwụregwụ ndị ha gwuru n’ụlọ akwụkwọ. Ihe ndịa na-atọ ha niile ụtọ.\nEze bụ nwata nwoke na-aghọta ihe ọsịịsọ, o nwere mmụọ icheta ihe. Ọ naghị echefu ọsịịsọ ihe ọ bụla onye nkuzi ya kuziiri ya. N’ọnwa nke asaa n’afọ, ụmụ akwụkwọ na Maazị Okafọ nọọrala ọnwa ịsịị, o kere ụmụ nwoke iri abụọ ahụ ụzọ klaasị abụọ, otu ụzọ ka ọ kpọrọ klaasị ọtaakara 1A ebe nke ọzọ bụ klaasị ọtaakara 1B. Ndị na-aghọta ihe ọsịịsọ ka Eze ndị erubeghị afọ asatọ ka o tinyere na klaasị 1A. Ha dị itoolu tinyere nwata nwaanyị ahụ bụ Chinwe.\nỌ bụ naanị Maazị Ọkafọ na-akụziri klaasị abụọ ndị ahụ. Ndị klaasị nke 1A, ọ na-akụziri ha ihe nke ha ga-eme n’afọ na-abịa. Ọ naghị egbu oge ọ bụla n’ihi otu ihe, ọ chọrọ ka mgbe ụmụ aka ahụ ga-eje n’ụlọ akwụkwọ nke dị n’obodo mepere emepe ka ha tutara ya ugo site n’ime nke ọma karịa ụmụ aka nwoke niile si n’ụlọ akwụkwọ ndị ọzọ.\nNke abụọ o kwenyere na ngwa ngwa ụmụ aka mụtara ịgụ na ide, na ndị obodo ga-achopụta uru akwụkwọ bara ọsịịsọ."
      },
      {
        "title": "AGỤ AHỤ NA-ERI MMADỤ",
        "content": "Ka mmiri mbụ zoro n’ọnwa nke ise n’afọ, a kụriri ala ma dozie ebe a ga- akụ fụlawa. Ndị Ama nyere Maazị Ọkafọ ala nke ọ kpọrọ ndị ọrụ wee jee sụchasịa, sue ya ọkụ ma kọwa ya. Mgbe mmiri zosibere ike, ụmụ aka zọrọ fụlawa n’elu obo aja e doziri maka ya. Maazị Ọkafọ kọrọ ji n’ubi ya. Dị ka ihe ọ kọrọ n’ubi ya na-eto, ụmụ akwụkwọ ahụ nyeere ya aka rụchaa ahịhịa n’ubị ya. N’oge igwuri egwu nke ụtụtụ, ụmụ nwoke ole na ole na-arụ ọrụ n’ebe ahụ; mgbe ụfọdụ kwa ma a gbasaa akwụkwọ.\nMgbe ụfọdụ ọ bụrụ na ha bịa akwụkwọ , ha na-ebutere ya ukwu nkụ. Ọ na-amasị ha ịrụrụ ya ọrụ n’ihi na ọ na-emeso ha nke ọma. Ọ bụ nwoke enweghị nsogbu nke na-akụziri ha ihe nke ọma.\nỌ bụghị naanị na ọ na-eme ha ka ha na-ege ntị n’ihe ahụ ọ na-akụziri ha - kama ọ na-agwakwa ha uru ọ bara bụ ibi ndụ n’ụkpụrụ omenala ndị be ha. Ọ na-eje n’ụlọ ha dị iche iche ịhụ na ha na-agụ akwụkwọ n’ụlọ, ma na-arụkwa ọrụ kwesịrị ka ha rụọ n’ụlọ ma marakwa ma ndị murụ ha na ndị ha na ha bi a na- elekọtakwa ha anya nke ọma. O teghị aka a maara Maazị Ọkafọ n’okirikiri ebe niile ụmụ aka na-agụ n’ụlọ akwụkwọ ahụ si apụta. Ihe ya na-amasị ụfọdụ ndị okenye n’ihi otu o si eje be ụmụ akwụkwọ ya na obi ume ala ya. Ha niile ji nke a na-asọpụrụ ya. Na ngwụcha afọ, Eze gbara onye nke mbụ na klaasị. Obi dị ya ụtọ nke ukwu nke mere ya iji ọsọ gbalaa be ha nke dị maịlụ abụọ ịkọrọ ndị mụrụ ya akụkọ ọma ahụ. Ụbochị ahụ, e ji otu ọkụkọ sie nri abalị iji ñurị oñụ otu Eze siri mee nke ọma.\nN’afo na-eso ya, e bufere Eze na klaasị ọtaakara nke abụọ. Afọ ahụ gaara Eze nke ọma rue mgbe e wechara ihe ubi n’ọnwa Nọvemba. N’otu mgbede, agụ gburu otu nwata nwoke n’ogbe dị nke ha nso. Ụmụ nwoke nọ n’ebe ahụ jikotara onwe ha Dị ka otu ndị nta gaa chọọ agụ ahụ ụbọchị atọ mana ha enweghị ike ịhụ ya. Emesịa agụ ahụ burukwa otu obere nwata nwaanyị na-echu mmiri. Site n’ụbọchị ahụ gawa, o nweghị onye ọ bụla na-ahapụ Ọhịa. Eze anaghịzị eje akwụkwọ, ụmụ nwaanyị na-echu mmiri naanị mgbe ha na ụmụ nwoke ji ngwa agha, mma na ụta.\nO nweghịkwa onye na-eje ọrụ n’ugbo, mana mgbe ụbọchị anọ gasịrị ụfọdụ ezi na ụlọ enweghịzị ihe oriri. N’obodo Ẹze ha, nri ha nwere bụ n’ugbo ka ọ na-adị ọ bụghị n’ụlọ. Ya mere ụfọdụ umụ nwoke jiri jewe n’ugbo ha.\nOkonkwọ Adị jiri ọnụ ụtụtụ pụọ tinyere ụmụ nwoke ise ndị ọzọ ka ha jee weta nri n’ugbo ha nke Dị karịrị nso. Ụzọ e si eje n’ugbo ahụ di warawara nke ukwu nke mere na ha na-aga n’otu ahịrị, otu nwoke bu nkata na ọgụ ha niile. Ndị ọzọ niile jicha mma e somara esoma na ụta. Ọ bụ Okonkwọ du ha aga. Na mbụ ọ hụghị ihe ọ bụla na-egosi agụ ahụ ọ bụla ọwa ya. Ya mere, ha niile na- ekwuritara onwe ha okwu. Mgbe ha rigooro obere ugwu, Okonkwọ chigharịrị n’ebe ụzọ ahụ gbagọrọ n’ike.\nNa mberede, agụ ahụ si n’elu nnukwu nkume dị n’ebe ahụ, makwasị Okonkwọ n’elu. Mbọ akaekpe ya mịbara Okonkwọ n’ubu, arọ agụ ahụ wee tituo Okonkwọ, ha abụọ ju ala. Agụ ahụ dakwasị ya n’elu. Ọ bụ ezie na ihe a mere Okonkwọ na mberede ma ọ bụ nwoke siri ike. Ha abụọ wee tụrụgharịwa, kpọrewe mgbada obere ugwu ahụ. Okonkwọ na-eti mkpu ka ha abụọ na-alụ mana ndị ha na ya so jiri ọsọ gbapụ n’ụdị na ha gara ịkpọ ndị mmadụ ka ha bịa nyere ya aka. Tutu ha lọghachi, o jirila mkpụmkpụ mma ya sugbuo anụ ọhịa ahụ, mana ahụ afọghị ya maka na agụ ahụ ji mbọ ya merụchaa ya ahụ.\nOkonkwọ nwụrụ ka ụbọchị abụọ gachara. Iru uju na akwa dị egwu dị n’Ọhịa n’ihi na ọ bụ nwoke mmadụ niile na-asọpụrụ ma na-enwekwa mmasị n’ebe ọ nọ. E liri ya Dị ka dike n’ihi na ọ nwụrụ ka dike ebe ọ zọpụtara obodo niile na nnukwu ihe ọjọọ dakwasara ha.\nTupu Okonkwọ anwụọ, ọ gwara nwunye ya ka ọ hụ na Eze gara n’ihu ịgụ akwụkwọ ya, o pekata mpe rue mgbe ọ maara agụ na-edekwa. Ọ bụ ezie na nwunye ya anabatachaghị atụmatụ a, mana ọ nwara ike ya ịhụ na o mere ihe di ya gwara ya ka ọ na-achọ ịnwụ.\nNgwa ngwa ọ nwụrụ, ndị be ha nọgidesiri ike ikwu na olili ya ga-adị ka nke onye a maara aha ya.\nEwezuga ọkwụkwa nkịtị a na-akwa mmadụ ma ọ nwụọ, ogbe iri ndị ọzọ, ndị ritere uru n’ike a ọ kpara bụ ndị ha na ndị ọhịa si n’otu agbụrụ bịakwara ịkwanyere ya ugwu ikpeazụ. Ha ga-akpọtakwa ndị egwu a maara aha ha n’otu aka ahụ, ndị niile bịara ga-eriju afọ nke ọma.\nOkonkwọ nọburii n’ọtụtụ òtù ndị be ha. Òtù niile ndị a nwere mmemme ha na-eme mgbe onye otu ha nwụrụ, ma mmemme ọ bụla na-ewe ọtụtụ ihe. Ha na-eme ya iji kewapụ onye nwụrụ anwụ n’ebe ndị otu ya dị ndụ nọ.\nMgbe ụfọdụ mmemme ndị a na-anọ ọtụtụ afọ, nke ga-abụ mgbe ọ bụla ndị nwe onye ahụ nwụrụ anwụ nwere ihe a ga-eji mee ya. N’ọnọdụ nke Adị, ndị be ha ekweghị ka agbasapụ mmemme ahụ agbasapụ nke gaara eme ka ego nne Eze ga-emefu dịtụ mfe kama ha kpebiri na a ga-emekọ ha niile ọnụ.\nỌ bụ maka gịnị? Iwe, nganga agadị nwoke dị gịrịgịrị ka mkpụrụ azịza, jụrụ nne Eze. Ọ maka gịnị? Ọ kwụghachiri nke a n’olu ike, Nwa nne anyị nwoke ọ bụ ogbenye nke na mmemme akwamoozu ya ga-abụ ihe a ga-eme ọtụtụ afọ? Ọ bụ na o nweghị ọtụtụ ji n’ọba? ọ bụ na o nweghị ọtụtụ ewu? Gịnị ga-eme anyị ga-eji chere?\nHa chọrọ ka ha mefuchaa ego na ji niile Adị nwere nke e nwere ike iji kwụrụ Eze ụgwọ akwụkwọ bụ ihe nne ya chere. Ya mere ọ sị, di m kwuru na nwa ya ga-ejerịrị akwụkwọ. Ọ bụrụ na e mee ihe niile gbasara akwamoozu a n’uju, o nweghịzị ihe ga-afọ iji kwụ ụgwọ akwụkwọ Eze na nke iji nye ụmụaka nri.\nMa Agụ gwara nne Eze sị; “Isi adịghị gị mma” Agụ bụ nwa okorobịa nwere nnukwu afọ nke na-enupụta n’ihu ma ọ na-aga. Ọ bụghị mmadụ siri ike; ọ na-ekwu ka ichoku, mgbe niile ọ na-eji okwu ọjọọ agwa ndị mmadụ okwu “kemgbe gị na nwanne anyị nwoke si n’Obodo lata, ọ bụ gị na-ekwu ihe na-eme n’ụlọ ya, ugbua ọ bụ na ọ nwụọla, ị na-eche na ị ga-achịkwa…”\nIwe ekweghị ka o kwuchaa, sị o doro m anya na di gị enweghị mgbe ọ gwara gị ka I ziga Eze akwụkwọ. Ọ bụ ụzọ nghọgbu isi wee dokwaara onwe gị ego kwesịrị ka e jiri kwaa ozu. Gịnị ka o ga-eji gwa gị ihe dị otu ahụ ebe anyị niile na-eme nke ọma na-anụghị ísì ụlọ akwụkwọ. Okonkwọ o nwere mgbe o jere akwụkwọ a kụziere ya otu ọ ga-esi rụ ọrụ rụta ihe ọ ga-eji bi ndụ? Mba. kedụ ụlọ akwụkwọ kuziri ya otu e si akọ ugbọ? Kedụ ụlọ akwụkwọ kuziri ya otu e si arụ ụlọ, alụ nwaanyị, elekọta ụmụ aka anya, otu o siri lie nna ya n’usoro omenala anyị? Kedụ ụlọ akwụkwọ kuziiri ya inye ndụ ya wee zọpụta ụmụ anyị? Kedụ ihe Eze na-achọ eje n’ụlọ akwụkwọ? Ọ bụ na ọ kaghị mkpa na a kwara nna ya nke ọma, bụ otu n’ime mmemme akwamoozu ndị dike anyị nwere n’obodo anyị?\n“Mba’; nne Eze kwuru n’obi ilu sị ọ bụrụ na Adị, onye maara na ọ ga- anwụ, chere na mmemme akwamoozu ya dị mkpa karịa, o kaara ịgwa m. Unu kwesịrị ịma na m na-eme ihe ga-amasi di m na ụmụ ya, nke bụkwa ụmụ unu n’otu aka ahụ.\nỌ bụrụ na ị chọpụtara na ha bụkwa ụmụ anyị otu ahụ, gịnị mere na ị gaghị ekpuchi ọnụ gị, gị nwaanyị nzuzu?”Agụ kwuru nke a n’iwe, ebe afọ ya na-ekwoli elu na-ekwoda ka ọ na-ekwu okwu. Mgbe anyị chọrọ ndụmọdụ gị, anyị ga-arịo gị ya. Mana ọ bụrụ na ị chọọ ime ihe masịrị gị, ọ bụ n’ụlọ nna gị ka ị ga-anọ eme ya, ọ bụghị n’obodo nke ị bụghị otu onye n’ime ha.\nỌ bụrụ na ị chọrọ na ọ ga-eje akwụkwọ nke ahụ gbasara gị. Iwe kwuru nke a ka ọ na-adọ agba ya kpọrọ nkụ aka. “Mana ọ bụrụ na nwa ahụ too dị umengwu, bụrụ ajọ nwa, ị ga-ata ahụhụ si na ya pụta.\nNwaanyị bere akwa; ọ bụ ugbua ka ọnwụ di ya bidoro imetụta ya. Ugbu a ka ọ hụtara mkpa nwoke nwere okwu aka ya dị, bụ nwoke iguzoro n’etiti ikwu na ibe na-achọ ihe ha ga-eme.\nO teghị aka e nwechara mkparịtaụka ezi na ụlọ a, agadi Iwe zipụrụ ụmụ okoro iri n’ọba Adi. Ha jere ugboro ise, n’otu nje, ha na-ebute ụkpa ji ise tụrụ elu. Mgbe ha butechara nke ise, ji niile dị n’ọba gwụrụ. N’ime ji niile Okonkwọ nwere na Ewu iri na abụọ machara abụba ka ha jiri kwadobe mmemme nke anụbeghị ụdị ya mbụ na be ha."
      },
      {
        "title": "AKWAMOOZU",
        "content": "A kara ụbọchi a ga-eme mmemme akwamoozu nna Eze. E zipuru ndị ozi ịga gwa ndị mmadụ na ndị òtụ dị iche iche n’obodo ndị ọzọ. A jụrụ ase mmanya site n’aka ndị niile na-ete mmanya (ụmụ diochi) mgbe chi ụbọchị ahụ na-efota, ekwe malite dawa gwawa ndị mmadụ, na ‘Okonkwọ Adị anwụọla’, ‘Adị bụ dike anwụọla’. Bịa kwanyere ya ugwu ikpeazụ. “Bịa kwanyere ya ugwu zuru oke.”\nTupu ehihie erue, ndị mmadụ sitere n’ebe dị iche iche na-enubata n’Ọhia, buruchaa ihe ha na-eke agba egwu na ngwa egwu ha. Ụmụ nwoke kechara nnukwu akwa n’okpu áta ha. N’ubu aka ekpe ha ka ha nyanyere akpa e ji akpụkpọ ewu wee mee. Ụfọdụ n’ime ha ji n’aka ha opi ọdụ enyi ma ọ bụ osisi ebe ndị okenye n‘ime ha ji mkpọ́ toro ogologo.\nNa mbụ ha na-abata abụọ abụọ e mechaa ha bịawa n’iri iri, n’ikpeazu, n’òtú iri abụọ na iri atọ. Onye ọ bụla bịara na-ebu ụzọ gaa hụ ndị ihe mere na nwunye ya ịsị ́ha ndo. Tupu ọkara ụbọchị, ndị mmadụ ejupụtala Ọhia.\nỤda ikwe nri a na-asụ n’azụ ụlọ na-adapụta n’ihu ebe ahụ ụmụ nwaanyị na-agbagharị bụrụchaa afere na nnukwu ite ọna ofe ma ọ bụ akpụrakpụ nri ji na akpụ ma ọ bụ nri ọka e sere ese. Ụfọdụ bụ nri ndụ a ka ga-esi esi. Ndị ọzọ na- ebubata nri n’ite ofe dị nnukwu ọkụ na anụ a mịrị amị nke ha kwadoro na be ha dị iche iche ha chọrọ inye Dị ka ihe ha ji akwado ihe a na-eme. Ọsịsọọ na- atasịsị ha n’ahụ Dị ka ha na-agbagharị ịhụ na a kwadoro ihe niile.\nNdị ọbịa n’onwe ha nọ n’ụlọ dị iche iche ebe ha nọ na-eyikọrọ ihe ndị ha ga-eji gosịpụta ihe ha mụrụ n’ehihie ahụ.\nMgbe e richara oriri, mmemme akwamoozu biiri ọkụ. A gbara ọnụ egbe mkpọnaala asaa iji gosi mmalite ya. N’ụfọdụ ụlọ ahụ, otu ndị na-achụ nta nọ na-akụ ịgba ha. Ụda osisi, ogene, ekpiri na ụda egbe sonyekọrọ ụda ịgba ahụ a na-akụ. Ụmụ nwoke na ụmụ nwaanyị nọcha n’akụkụ ama obodo Ọhịa. Dị ka ha nọ na-eche, ụda ihe egwu dị iche iche na olu ndị na-abụ abụ na-adakọrịta na- abịa nso tutu rue mgbe òtù ndị na-achụ nta bụ ndị nke mbụ jiri bata n’ama ahụ.\nHa bụ otu ndị na-achụ nta n’Ọhịa. Otu a bụ ndị mbụ bu ụzọ bịa n’ihi na ọ bụ ndị Ọhịa nwe ama ahụ nke ọzọ Okonkwọ Adị bụ otu onye n’ime ha. Ndị otu a ji akwa dị iche iche kee ekike. Onye ọ bụla na-achọkwa ka a hụta ya ka onye dị egwu karịa ibe ya. Ụfọdụ tere akụkụ ahụ ha ụfọdụ ihe dị iche tekwa ihe ọzọ n’akụkụ nke ọzọ. Ndị ọzọ ji ihe iche iche tụkasịa ahụ ha niile. Ha nile yi akwa elu e ji agwọ ngwọ mee, okpu e ji okpokoro isi anụ mee na akpụkpọ anụ e ji eke ya. Ha niile bucha ube, mma na egbe cham Mgbe adịghị anya, òtú ndị ọzọ malitere batawa n’ama. Dị ka otu ọ bụla na-abịa, ụda ịgba na-agawanye n’ihu tutu rue mgbe e nwere ike ịnụ ha site n’ebe dị anya. Ndị nta ahụ na-egosịpụta otu ha sị agba anụ site n’ime ka ha hụrụ anụ bi n’ọhịa, otu ha ga-esi zoo na-eche ya rue mgbe ha gburu ya.\nMgbe ndị nta ahụ bịachara, otu egwu ndị ọzọ Dị ka egwu etiliọgwụ bịara. Ha na-awuli elu ma were ikpere wụda n’ala na-emerụghị ahụ. Ha na-edina n’ala ma na-atụgharị na-enweghị ihe na-enyere ha aka. Ha na-awụgharị n’ụzọ dị iche iche ma na-atụkwa ọkpa egwu hịara ahụ. Otu ọ bụla na-achọ ka ha gbakarịa ibe ha. Dị ka ngedegwu e ji osisi nke e kegidere n’ogwe unere abụọ na-ada, ha na- etu onwe ha aha otutu ma na- echetara òtú ọ bụla asompi na ihe ngosi dị iche iche ndị bu ha ụzọ megasịrị ọfụma.\nN’ụbọchị nke na-eso ya, ụmụ aka malitere na-agagharị n’obodo. Ọ bụ otu nwaanyi na-abụ abụ na-edugharị ha ọ na-abụ, ha na-azaghachi ya. N’ụlọ ọ bụla, nwaanyị ahụ du ha ga-agwa ha ka ha gbaa egwu. A na-enye ụmụ aka ahụ onyinye ego na ọkụkọ.\nN’ehihie, a na-akwụsị n’ihi oke anwụ na-acha. Ngwa ngwa ọ kụchara elekere atọ nke ehihie ụmụ aka ụmụ nwaanyị Ọhịa na-etecha ahụ ha dum ihe, dozikwa isi ha n’ụzọ magburu onwe ya, gbaa egwu n’etiti ama. Ụmụ nwaanyị Ọhịa na-esokwa ha n’azụ, otu abụọ ndị a ga-agba egwu n’ụdị ha na-agbabeghị mbụ bụ ụdi ha gana-echeta mgbe niile. Dị ka ha na-agba egwu, onye ọbụ abụ ji abụ akọ akụkọ ndụ Okonkwọ Adị, Dị ka onye hụru ndị be ha n’anya nke ukwu nke na o nyere ndụ ya n’ihi ha.\nDị ka akụkọ na-aga, ụmụ nwaanyị ndị ahụ na-agbasi egwu ike. Mgbe o ruru n’ebe agụ ahụ nọ wee bagide ya, ọtụtụ n’ime ndị na-agba egwu na ndị na- elele ha na-adapụ n’akwa. Ha dapụrụ n’akwa arịrị ka ha chetara otu Okonkwọ dị ka e bubatara ya na ozu agụ ahụ dọgburu ya, mgbe ha chetakwara oke ihe mgbu ọ gabigara, obi gbawaa ha. N’ụbọchị ahụ mmemme ahụ kwụsịrị n’oge.\nN’ụbọchị ndị ọzọ na-eso, mmemme akwamoozu ka na-aga n’ihu. Òtú ụmụ agbọghọ ọhụru gbara egwu n’oge ehihie. N’izu ahụ niile, ihe oriri gbara kasa, ndị mmadu na-eri na-agba egwu otu ike ha ha. Ihe niile e mere na mmemme a tọrọ Eze ụtọ. Ndị mmadụ na-emeso ya ka eze. Mgbe niile a na-enye ya ihe ọ ga-eri. Mgbe ọ hụrụ na ọ gaghị ericha ihe niile e nyere ya, o were ụfọdụ na-enyetụkwa ụmụ aka ndị ọzọ bụ ndị na-esogharị ya. Ọ dị Eze ka mmemme a bụrụ ihe ga-adị ebighi ebi, mana o mechara kwụsị.\nN’ụbọchị nke asaa, bụ ụbọchị ikpeazụ nke mmemme ahụ, ụdị mmanwụ dị iche iche pụtara. E nwere ndị obere na ndị buru ibu, ndị gịrịgịrị na ndị gbara agba, ndị ogologo na ndị mkpụmkpụ, ndị mara mma, ndị jọrọ njọ, ndị ji nwayọọ eje na ndị na-eme ọsịịsọ, ndị na-adighị emesi ike kama ha ji egwu ha na-agụ, na-agbakwa eme ndị mmadụ ọbi ọma. E nwere ndị ọjọọ na-emebisi ihe ndị a na-amanye ụdọ n’ukwu iji dọghachi ha mgbe ha chọro imebi ihe; ndị na- eme aghara, ndị na-ebute ihe mgbagwoju anya nye ndị na-elele ha. O nwere ndị na-akpa ọchị site n’akụkọ ha. E nwekwara ndị na-eme anwansị Dị ka ịrụdo osisi aka, osisi ahụ akpọnwụọ, iwufe ụlọ, ibu nkata anwụ na-agba agba ma ọ bụ ibu ọkụ n’isi ha. Ndị mmadụ gbaara anya ha nkiri n’ụbọchị ikpeazụ a. Ọ bụkwa ụbọchị e siri ji na ewu Okonkwọ Adị fọdụrụ. N’ime ya ndị mmadụ erichanwughị ha niile.\nE nyere Okonkwọ Adị ugwu a na-enye dike. Mana nwunye ya na ụmụ ya ga-ata ahụhụ n’ihi nke a."
      },
      {
        "title": "EGO ADỊGHỊ MAKA ỤGWỌ AKWỤKWỌ",
        "content": "Eze agafeela na Standadị I e wepụtara ọhụru na ngwụcha afọ. Ugbua, ọ di afọ itoolu, ọ na-ebu na-esi ike mana ọ naghị etowanye ogo. O topụtala dị gịrịgịrị, dị nkọ ma dịkwa uchu n’ịghọta ihe.\nUgbua e nweela ụmụ nwoke dị iri anọ n’ụlọ akwụkwọ Maazị Ọkafọ. A rụgharịala ụlọ akwụkwọ ahụ ka o buo ibu ịbata ọnụọgụgu ụmụ akwụkwọ. Maazị Ọkafọ bụ onye na-enweburi mmasị n’egwuregwu bọọlụ mgbe ọ nọ n’ụlọ akwụkwọ. Ọ bụkwa naanị ya bu otu egwuregwu ọ hụrụ n’anya. N’obere ohere o nwetara, o webatara nke a n’ụlọ akwụkwọ ahụ nke na-eweghị ụmụ nwoke oge ịmụta ya. Eze na-emekwa nke ọma n’egwuregwu a. Ịgba ọsọ na ịwụli elu nyeere ya ezigbo aka. Ọ dịghị anya ha latachara ezumike Isita, nne Eze dara n’ọrịa. Ihe mgbu o nwetara n’ọnwụ di ya na ngharịpụ o nwetara site n’otu ụmụ nne di ya siri laa akụ di ya n’iyi tinyere mgbakasị ahụ ọ na-enwe n’ime ọnwa ole na ole ndịa mere ka ọ daa n’ọrịa.\nMgbe nne Eze nọ n’ọrịa ka Eze chọpụtara uru nna ya bara Dị ka onyeisi ezi na ụlọ. Ugbua ọ na-achọ ka ọ rụọ ọrụ Dị ka nna bi n’ụlọ. Ọtụtụ abalị, ọ na- anọdebe nne ya ahụ adịghị ike Dị ka nna ya na-eme mgbe ọ bụla ahụ adịghị nne ya. Mana ọ bụ nwata, ọ bụ ezie na ọ na-agbalisi ike ịmụ anya mana ụra anaghị ekwe ya wee rue na o dina ala rahụ ụra.\nEze sụchasịrị ala dị n’ụsọ ụlọ ha. Ọ kọrọ ya were akpụrụ ewu na ntụ fesa na ya. Ihe niile ha mere n’ugbo ha dị n’ụlọ akwụkwọ ka ọ na-emekwa na nke ya dị n’ụlọ. Ọ bụ ụbọchị e tinyere ihe ndị ahụ ga-eme ka ala mee nri nke ọma n’ụlọ akwụkwọ ka ọ na-etinyekwa na nke ụlọ ha; ọ na-akụnye mkpụrụ na ya, ụbochị ha kụnyere n’ụlọ akwụkwọ.\nE nwere ọtụtụ ewu n’obodo Ọhịa. Ịchụ ha ka ha ghara ịta ihe ọ kụrụ, nwa nne ya nwaanyị bụ Ụlụ nyeere ya aka gba ogige siri ike gburugburu ala ahụ.\nN’ugbo ya, Eze kụrụ tomato, mgbọrọdị, egwusi, yabaasị, ose na ọkwụrụ. Ọ na-elekọta ha Dị ka a kuziiri ya n’ụlọ akwụkwọ. Eze akwụsịghị ebe ahụ. Ha nwere ukwu oroma abụọ, a kụrụ ụbọchị a mụrụ Ụlụ, kụọ nke ọzọ ụbọchị a mụrụ Eze. Ehihie ọ bụla ọ latara akwụkwọ, ọ na-aghọrọ oroma ole o nwere ike ibu n’obere nkata buru ya jee Ama. N’ụtụtụ, ọ na-ebili n’ezigbo oge rụọ ọrụ dịịrị ya ma burukwa oroma jee n’ahịa dị n’Ama. N’ebe ahụ, o na-eresị ya ndị mgbere tupu akwụkwọ ebido. Mgbe ọ lọtara, ọ na-ewere ego o retara mgbe ụfọdụ nye nne ya, ma mgbe ụfọdụ, o nye nwanne ya nwaanyị maka nri ha.\nMgbe ahụ dịchara nne ya mma, ọ zụtara Eze obere akpa o ji etinye ego niile o retara n’ihe o wetara n’ugbo ya na oroma ọ na-ebu eje Ama. Mgbe oge ruru ha ga-akwụ ụgwọ akwụkwọ nke taam nke atọ, o nweghị ego ga-ezuru ya. Nne ya siri n’ego ndị o dobere wee mezue ya. Ọ gbara mbibi ego o jiri zụtara ya afe akwụkwọ n’ihi na nke ochie adọkasịala. Na-agbanyeghị n’ihe o nwere ịrụ n’ụbọchị hiri nne, Eze na-eweputa oge isonye n’ihe a na-eme n’obodo. Na ngwụcha izu, ọ na-eteta n’oge sonyere ndị ọgbọ ya n’ịrụcha na ịzachasị ama ma ọ bụ ịmezi oche ogugu a rụrụ n’okpuru osisi. Ọ na-eso nne ya jee n’ugbo akpụ ya buru ole o nwere ike ibu wee lọta. O mesịa, ọ sụọ akwa ya. N’ehihie, Eze na- akụkwa egwu n’obodo mgbe ọ bụla e nwere ndị ga-agba egwu ma ọ bụ mgbe mmanwụ na-agba ma ọ bụkwanụ mgbe e nwere akwamoozu.\nN’afọ ahụ, Chinwe Ndụ naara Eze ọnọdụ nke mbụ ya n’ule nke e ji efegha klaasị. Eze si n’ụlọ akwụkwọ bere akwa lọta ma jụ iri ihe ọ bụla na mgbede ahụ. Ọ bughị na ọ bụ onye nke abụọ na-ewutekarịsị ya kama na ọ bụ nwaanyị naara ya ọnọdụ ya.\nKa afọ rugharịrị, ihe sibeere ezi na ụlọ Eze ike. Ukwu oroma ha abụọ nwụrụ na-amaghị ihe gburu ha. Ihe niile kpọrọ nkụ, ugbo Eze jupụtara n’ákúku na-anwụ anwụ. Ebe ha si enweta ego bụ naani n’ugbo akpụ nne ya, nke o bụ ọkara n’ime ya ka akpụ ka dịzị. Ego ha na-ereta n’akụ ha tiri bụ nke ha ji emeju nke a.\nNa mbụ ọ Dị ka ihe ọma na-achọ imere ha. Ụlụ nwa nne Eze lụrụ di. Di ya bụ onye Ama. O nyere nne ya na ụmụ nne nna ya ndị nwoke ihe onyinye Dị ka ọ bụ omenala na nwoke na-achọ ịlụ nwaanyị ga-egosi ndị mụrụ nwa ọ na- achọ ịlụ na ya toruru ogo ilekwata nwaanyị ahụ nke ọma.\nỌ bụrụ na onye na-achọ ịlụ ya bụ onye ọrụ ugbo, ọ bụ ji na mmanya ka ọ ga-eweta, ọ bụrụ na ọ na-aru ọrụ n’ebe ozo, ọ ga-eweta ego. Di Ụlụ onye bụ́ onye amị (soja) wetaara ndị be Eze ego dị pọụnd iri anọ. Iwe, nwa nne nna Eze jichiri ego ahụ sị na ya ga-edebere ya Eze rue mgbe Eze chọrọ ịlụ nwaanyị. Nne ya siri ọnwụ sị na a ga-enyerịrị ya ego ahụ Dị ka ọ dị n’omenala mana Iwe jụrụ ajụ, ndị Okenye kwado ya.\nYa mere, ihe na-aga n’ihu na-esiwanyere Eze na nne ya ike. O rere ihe ụfọdụ o nwere n’ihi agụụ na ịkwụrụ Eze ụgwọ akwụkwọ mana ego o nwetara ezughịrị ha ọ bụladị iri nri.\nEze na-ewetakwa ole o nwere iji nye aka. Ọ na-ekwe ọtutụ ọnya n’ọhịa ma na-ekpe ekpere abalị ọ bụla ka ọnya ya mata anụ Dị ka oke ọhịa nke ọ ga- ere. Ọnya ya na-egbute otu anụ ma ọ bụ nke ọzọ abalị ọ bụla. O nwekwara ndị ọzọ na-emekwa otu ihe ahụ nke mere na anụ na-asụkọ n’ahịa mee ka ọnụahịa ha dị ala.\nỌ dịghị anya, ọ dị ezinaụlọ Eze ka ihe isiike ha na-akarị ha, karịsịa na Eze ga-akwụsị ije akwụkwọ. Nwanne ya nwaanyị gaara enyere ha aka mana a tụfere ya na dị ya gaa ugwu. Nke a bụ oge a na-alụ agha abụọ nke mba ụwa. Otu e si ebugharị ndị agha (soja) bụ ihe a na-eme na nzuzo karịsịa ọ burụ na ha na-eje n’ihu agha. Nke a mere na Eze na nne ya enweghị onye ọ bụla ha ga- agbakwuru."
      }
    ]
  }
]