[{"dialogue_id": "3_00000", "services": ["Media_1"], "turns": [{"frames": [{"actions": [{"act": "INFORM_INTENT", "canonical_values": ["PlayMovie"], "slot": "intent", "values": ["PlayMovie"]}], "service": "Media_1", "slots": [], "state": {"active_intent": "PlayMovie", "requested_slots": [], "slot_values": {}}}], "speaker": "USER", "utterance": "I would like to watch a movie."}, {"frames": [{"actions": [{"act": "REQUEST", "canonical_values": [], "slot": "title", "values": []}], "service": "Media_1", "slots": []}], "speaker": "SYSTEM", "utterance": "Is there a particular movie you would like to watch?"}, {"frames": [{"actions": [{"act": "INFORM", "canonical_values": ["Hellboy"], "slot": "title", "values": ["Hellboy"]}], "service": "Media_1", "slots": [{"exclusive_end": 34, "slot": "title", "start": 27}], "state": {"active_intent": "PlayMovie", "requested_slots": [], "slot_values": {"title": ["Hellboy"]}}}], "speaker": "USER", "utterance": "Yes, I would like to watch Hellboy please."}, {"frames": [{"actions": [{"act": "CONFIRM", "canonical_values": ["Hellboy"], "slot": "title", "values": ["Hellboy"]}, {"act": "CONFIRM", "canonical_values": ["False"], "slot": "subtitles", "values": ["False"]}], "service": "Media_1", "slots": [{"exclusive_end": 44, "slot": "title", "start": 37}]}], "speaker": "SYSTEM", "utterance": "To be clear, you would like to watch Hellboy? It will play without subtitles."}, {"frames": [{"actions": [{"act": "REQUEST", "canonical_values": [], "slot": "directed_by", "values": []}, {"act": "AFFIRM", "canonical_values": [], "slot": "", "values": []}], "service": "Media_1", "slots": [], "state": {"active_intent": "PlayMovie", "requested_slots": ["directed_by"], "slot_values": {"subtitles": ["False"], "title": ["Hellboy"]}}}], "speaker": "USER", "utterance": "Yes that is correct. Who directed Hellboy?"}, {"frames": [{"actions": [{"act": "INFORM", "canonical_values": ["Neil Marshall"], "slot": "directed_by", "values": ["Neil Marshall"]}, {"act": "NOTIFY_SUCCESS", "canonical_values": [], "slot": "", "values": []}], "service": "Media_1", "service_call": {"method": "PlayMovie", "parameters": {"subtitles": "False", "title": "Hellboy"}}, "service_results": [{"directed_by": "Neil Marshall", "genre": "Fantasy", "subtitles": "False", "title": "Hellboy"}], "slots": [{"exclusive_end": 46, "slot": "directed_by", "start": 33}]}], "speaker": "SYSTEM", "utterance": "The movie will play momentarily. Neil Marshall is the director."}, {"frames": [{"actions": [{"act": "THANK_YOU", "canonical_values": [], "slot": "", "values": []}, {"act": "GOODBYE", "canonical_values": [], "slot": "", "values": []}], "service": "Media_1", "slots": [], "state": {"active_intent": "PlayMovie", "requested_slots": [], "slot_values": {"subtitles": ["False"], "title": ["Hellboy"]}}}], "speaker": "USER", "utterance": "Great, thats everything for now. Thanks."}, {"frames": [{"actions": [{"act": "GOODBYE", "canonical_values": [], "slot": "", "values": []}], "service": "Media_1", "slots": []}], "speaker": "SYSTEM", "utterance": "You're welcome. Enjoy the movie."}]}, {"dialogue_id": "3_00001", "services": ["Media_1"], "turns": [{"frames": [{"actions": [{"act": "INFORM", "canonical_values": ["True"], "slot": "subtitles", "values": ["True"]}, {"act": "INFORM_INTENT", "canonical_values": ["PlayMovie"], "slot": "intent", "values": ["PlayMovie"]}], "service": "Media_1", "slots": [], "state": {"active_intent": "PlayMovie", "requested_slots": [], "slot_values": {"subtitles": ["True"]}}}], "speaker": "USER", "utterance": "I want to watch the movie now. I want to watch it with subtitles."}, {"frames": [{"actions": [{"act": "REQUEST", "canonical_values": [], "slot": "title", "values": []}], "service": "Media_1", "slots": []}], "speaker": "SYSTEM", "utterance": "Which movie do you want to watch?"}, {"frames": [{"actions": [{"act": "INFORM", "canonical_values": ["The Mustang"], "slot": "title", "values": ["The Mustang"]}], "service": "Media_1", "slots": [{"exclusive_end": 27, "slot": "title", "start": 16}], "state": {"active_intent": "PlayMovie", "requested_slots": [], "slot_values": {"subtitles": ["True"], "title": ["The Mustang"]}}}], "speaker": "USER", "utterance": "I want to watch The Mustang."}, {"frames": [{"actions": [{"act": "CONFIRM", "canonical_values": ["The Mustang"], "slot": "title", "values": ["The Mustang"]}, {"act": "CONFIRM", "canonical_values": ["True"], "slot": "subtitles", "values": ["True"]}], "service": "Media_1", "slots": [{"exclusive_end": 49, "slot": "title", "start": 38}]}], "speaker": "SYSTEM", "utterance": "Please confirm the following details: The Mustang with subtitles."}, {"frames": [{"actions": [{"act": "AFFIRM", "canonical_values": [], "slot": "", "values": []}], "service": "Media_1", "slots": [], "state": {"active_intent": "PlayMovie", "requested_slots": [], "slot_values": {"subtitles": ["True"], "title": ["The Mustang"]}}}], "speaker": "USER", "utterance": "Yes, please."}, {"frames": [{"actions": [{"act": "NOTIFY_SUCCESS", "canonical_values": [], "slot": "", "values": []}], "service": "Media_1", "service_call": {"method": "PlayMovie", "parameters": {"subtitles": "True", "title": "The Mustang"}}, "service_results": [{"directed_by": "Laure de Clermont-Tonnerre", "genre": "Drama", "subtitles": "True", "title": "The Mustang"}], "slots": []}], "speaker": "SYSTEM", "utterance": "Started playing the movie."}, {"frames": [{"actions": [{"act": "REQUEST", "canonical_values": [], "slot": "directed_by", "values": []}], "service": "Media_1", "slots": [], "state": {"active_intent": "PlayMovie", "requested_slots": ["directed_by"], "slot_values": {"subtitles": ["True"], "title": ["The Mustang"]}}}], "speaker": "USER", "utterance": "Who's the director?"}, {"frames": [{"actions": [{"act": "INFORM", "canonical_values": ["Laure de Clermont-Tonnerre"], "slot": "directed_by", "values": ["Laure de Clermont-Tonnerre"]}], "service": "Media_1", "slots": [{"exclusive_end": 43, "slot": "directed_by", "start": 17}]}], "speaker": "SYSTEM", "utterance": "It's directed by Laure de Clermont-Tonnerre."}, {"frames": [{"actions": [{"act": "REQUEST", "canonical_values": [], "slot": "genre", "values": []}], "service": "Media_1", "slots": [], "state": {"active_intent": "PlayMovie", "requested_slots": ["genre"], "slot_values": {"subtitles": ["True"], "title": ["The Mustang"]}}}], "speaker": "USER", "utterance": "What kind of movie is it?"}, {"frames": [{"actions": [{"act": "INFORM", "canonical_values": ["Drama"], "slot": "genre", "values": ["drama"]}], "service": "Media_1", "slots": [{"exclusive_end": 13, "slot": "genre", "start": 8}]}], "speaker": "SYSTEM", "utterance": "It is a drama movie."}, {"frames": [{"actions": [{"act": "THANK_YOU", "canonical_values": [], "slot": "", "values": []}, {"act": "GOODBYE", "canonical_values": [], "slot": "", "values": []}], "service": "Media_1", "slots": [], "state": {"active_intent": "PlayMovie", "requested_slots": [], "slot_values": {"subtitles": ["True"], "title": ["The Mustang"]}}}], "speaker": "USER", "utterance": "Thanks. That is all I need."}, {"frames": [{"actions": [{"act": "GOODBYE", "canonical_values": [], "slot": "", "values": []}], "service": "Media_1", "slots": []}], "speaker": "SYSTEM", "utterance": "Have a good day."}]}, {"dialogue_id": "3_00002", "services": ["Media_1"], "turns": [{"frames": [{"actions": [{"act": "INFORM", "canonical_values": ["Searching for Sugar Man"], "slot": "title", "values": ["Searching for Sugar Man"]}, {"act": "INFORM_INTENT", "canonical_values": ["PlayMovie"], "slot": "intent", "values": ["PlayMovie"]}], "service": "Media_1", "slots": [{"exclusive_end": 56, "slot": "title", "start": 33}], "state": {"active_intent": "PlayMovie", "requested_slots": [], "slot_values": {"title": ["Searching for Sugar Man"]}}}], "speaker": "USER", "utterance": "I would love the watch the movie Searching for Sugar Man now"}, {"frames": [{"actions": [{"act": "CONFIRM", "canonical_values": ["Searching for Sugar Man"], "slot": "title", "values": ["Searching for Sugar Man"]}, {"act": "CONFIRM", "canonical_values": ["False"], "slot": "subtitles", "values": ["False"]}], "service": "Media_1", "slots": [{"exclusive_end": 58, "slot": "title", "start": 35}]}], "speaker": "SYSTEM", "utterance": "Please confirm that you would like Searching for Sugar Man to play without subtitles."}, {"frames": [{"actions": [{"act": "REQUEST", "canonical_values": [], "slot": "genre", "values": []}, {"act": "REQUEST", "canonical_values": [], "slot": "directed_by", "values": []}, {"act": "AFFIRM", "canonical_values": [], "slot": "", "values": []}], "service": "Media_1", "slots": [], "state": {"active_intent": "PlayMovie", "requested_slots": ["directed_by", "genre"], "slot_values": {"subtitles": ["False"], "title": ["Searching for Sugar Man"]}}}], "speaker": "USER", "utterance": "Yes, can you tell me what kind of movie it is and who's the director?"}, {"frames": [{"actions": [{"act": "INFORM", "canonical_values": ["Malik Bendjelloul"], "slot": "directed_by", "values": ["Malik Bendjelloul"]}, {"act": "INFORM", "canonical_values": ["Biographical"], "slot": "genre", "values": ["Biographical"]}, {"act": "NOTIFY_SUCCESS", "canonical_values": [], "slot": "", "values": []}], "service": "Media_1", "service_call": {"method": "PlayMovie", "parameters": {"subtitles": "False", "title": "Searching for Sugar Man"}}, "service_results": [{"directed_by": "Malik Bendjelloul", "genre": "Biographical", "subtitles": "False", "title": "Searching for Sugar Man"}], "slots": [{"exclusive_end": 70, "slot": "directed_by", "start": 53}, {"exclusive_end": 40, "slot": "genre", "start": 28}]}], "speaker": "SYSTEM", "utterance": "The movie as started it's a Biographical directed by Malik Bendjelloul."}, {"frames": [{"actions": [{"act": "THANK_YOU", "canonical_values": [], "slot": "", "values": []}, {"act": "GOODBYE", "canonical_values": [], "slot": "", "values": []}], "service": "Media_1", "slots": [], "state": {"active_intent": "PlayMovie", "requested_slots": [], "slot_values": {"subtitles": ["False"], "title": ["Searching for Sugar Man"]}}}], "speaker": "USER", "utterance": "Thank you very much that's all I need"}, {"frames": [{"actions": [{"act": "GOODBYE", "canonical_values": [], "slot": "", "values": []}], "service": "Media_1", "slots": []}], "speaker": "SYSTEM", "utterance": "Have a wonderful day"}]}, {"dialogue_id": "3_00003", "services": ["Media_1"], "turns": [{"frames": [{"actions": [{"act": "INFORM_INTENT", "canonical_values": ["PlayMovie"], "slot": "intent", "values": ["PlayMovie"]}], "service": "Media_1", "slots": [], "state": {"active_intent": "PlayMovie", "requested_slots": [], "slot_values": {}}}], "speaker": "USER", "utterance": "Can you start a movie for me?"}, {"frames": [{"actions": [{"act": "REQUEST", "canonical_values": [], "slot": "title", "values": []}], "service": "Media_1", "slots": []}], "speaker": "SYSTEM", "utterance": "Sure. Which movie?"}, {"frames": [{"actions": [{"act": "INFORM", "canonical_values": ["True"], "slot": "subtitles", "values": ["True"]}, {"act": "INFORM", "canonical_values": ["How to Train Your Dragon: The Hidden World"], "slot": "title", "values": ["How to Train Your Dragon: The Hidden World"]}], "service": "Media_1", "slots": [{"exclusive_end": 52, "slot": "title", "start": 10}], "state": {"active_intent": "PlayMovie", "requested_slots": [], "slot_values": {"subtitles": ["True"], "title": ["How to Train Your Dragon: The Hidden World"]}}}], "speaker": "USER", "utterance": "How about How to Train Your Dragon: The Hidden World. With subtitles."}, {"frames": [{"actions": [{"act": "CONFIRM", "canonical_values": ["How to Train Your Dragon: The Hidden World"], "slot": "title", "values": ["How to Train Your Dragon: The HIdden World"]}, {"act": "CONFIRM", "canonical_values": ["True"], "slot": "subtitles", "values": ["True"]}], "service": "Media_1", "slots": [{"exclusive_end": 86, "slot": "title", "start": 44}]}], "speaker": "SYSTEM", "utterance": "Okay. Just to make sure - you want to watch How to Train Your Dragon: The HIdden World with the subtitles on?"}, {"frames": [{"actions": [{"act": "INFORM", "canonical_values": ["Pet Sematary"], "slot": "title", "values": ["Pet Sematary"]}, {"act": "NEGATE", "canonical_values": [], "slot": "", "values": []}], "service": "Media_1", "slots": [{"exclusive_end": 62, "slot": "title", "start": 50}], "state": {"active_intent": "PlayMovie", "requested_slots": [], "slot_values": {"subtitles": ["True"], "title": ["Pet Sematary"]}}}], "speaker": "USER", "utterance": "Nevermind - I've changed my mind. I want to watch Pet Sematary."}, {"frames": [{"actions": [{"act": "CONFIRM", "canonical_values": ["Pet Sematary"], "slot": "title", "values": ["Pet Sematary"]}, {"act": "CONFIRM", "canonical_values": ["True"], "slot": "subtitles", "values": ["True"]}], "service": "Media_1", "slots": [{"exclusive_end": 38, "slot": "title", "start": 26}]}], "speaker": "SYSTEM", "utterance": "Okay so you want to watch Pet Sematary with the subtitles on?"}, {"frames": [{"actions": [{"act": "AFFIRM", "canonical_values": [], "slot": "", "values": []}], "service": "Media_1", "slots": [], "state": {"active_intent": "PlayMovie", "requested_slots": [], "slot_values": {"subtitles": ["True"], "title": ["Pet Sematary"]}}}], "speaker": "USER", "utterance": "That's right."}, {"frames": [{"actions": [{"act": "NOTIFY_SUCCESS", "canonical_values": [], "slot": "", "values": []}], "service": "Media_1", "service_call": {"method": "PlayMovie", "parameters": {"subtitles": "True", "title": "Pet Sematary"}}, "service_results": [{"directed_by": "Kevin Kolsch", "genre": "Thriller", "subtitles": "True", "title": "Pet Sematary"}], "slots": []}], "speaker": "SYSTEM", "utterance": "I'll start the movie now."}, {"frames": [{"actions": [{"act": "THANK_YOU", "canonical_values": [], "slot": "", "values": []}], "service": "Media_1", "slots": [], "state": {"active_intent": "PlayMovie", "requested_slots": [], "slot_values": {"subtitles": ["True"], "title": ["Pet Sematary"]}}}], "speaker": "USER", "utterance": "Great, thanks."}, {"frames": [{"actions": [{"act": "REQ_MORE", "canonical_values": [], "slot": "", "values": []}], "service": "Media_1", "slots": []}], "speaker": "SYSTEM", "utterance": "Is there anything else I can do for you?"}, {"frames": [{"actions": [{"act": "NEGATE", "canonical_values": [], "slot": "", "values": []}, {"act": "THANK_YOU", "canonical_values": [], "slot": "", "values": []}], "service": "Media_1", "slots": [], "state": {"active_intent": "NONE", "requested_slots": [], "slot_values": {"subtitles": ["True"], "title": ["Pet Sematary"]}}}], "speaker": "USER", "utterance": "No, that's all for now."}, {"frames": [{"actions": [{"act": "GOODBYE", "canonical_values": [], "slot": "", "values": []}], "service": "Media_1", "slots": []}], "speaker": "SYSTEM", "utterance": "Enjoy Pet Sematary!"}]}, {"dialogue_id": "3_00004", "services": ["Media_1"], "turns": [{"frames": [{"actions": [{"act": "INFORM", "canonical_values": ["True"], "slot": "subtitles", "values": ["True"]}, {"act": "INFORM_INTENT", "canonical_values": ["PlayMovie"], "slot": "intent", "values": ["PlayMovie"]}], "service": "Media_1", "slots": [], "state": {"active_intent": "PlayMovie", "requested_slots": [], "slot_values": {"subtitles": ["True"]}}}], "speaker": "USER", "utterance": "I want to watch the movie with subtitles."}, {"frames": [{"actions": [{"act": "REQUEST", "canonical_values": [], "slot": "title", "values": []}], "service": "Media_1", "slots": []}], "speaker": "SYSTEM", "utterance": "What movie do you want to watch?"}, {"frames": [{"actions": [{"act": "INFORM", "canonical_values": ["Mary Magdalene"], "slot": "title", "values": ["Mary Magdalene"]}], "service": "Media_1", "slots": [{"exclusive_end": 40, "slot": "title", "start": 26}], "state": {"active_intent": "PlayMovie", "requested_slots": [], "slot_values": {"subtitles": ["True"], "title": ["Mary Magdalene"]}}}], "speaker": "USER", "utterance": "I want to watch the movie Mary Magdalene."}, {"frames": [{"actions": [{"act": "CONFIRM", "canonical_values": ["Mary Magdalene"], "slot": "title", "values": ["Mary Magdalene"]}, {"act": "CONFIRM", "canonical_values": ["True"], "slot": "subtitles", "values": ["True"]}], "service": "Media_1", "slots": [{"exclusive_end": 47, "slot": "title", "start": 33}]}], "speaker": "SYSTEM", "utterance": "Please confirm you want to watch Mary Magdalene with subtitles."}, {"frames": [{"actions": [{"act": "INFORM", "canonical_values": ["Shine a Light"], "slot": "title", "values": ["Shine a Light"]}, {"act": "NEGATE", "canonical_values": [], "slot": "", "values": []}], "service": "Media_1", "slots": [{"exclusive_end": 38, "slot": "title", "start": 25}], "state": {"active_intent": "PlayMovie", "requested_slots": [], "slot_values": {"subtitles": ["True"], "title": ["Shine a Light"]}}}], "speaker": "USER", "utterance": "No, I would rather watch Shine a Light."}, {"frames": [{"actions": [{"act": "CONFIRM", "canonical_values": ["Shine a Light"], "slot": "title", "values": ["Shine a Light"]}, {"act": "CONFIRM", "canonical_values": ["True"], "slot": "subtitles", "values": ["True"]}], "service": "Media_1", "slots": [{"exclusive_end": 46, "slot": "title", "start": 33}]}], "speaker": "SYSTEM", "utterance": "Please confirm you want to watch Shine a Light with subtitles."}, {"frames": [{"actions": [{"act": "REQUEST", "canonical_values": [], "slot": "directed_by", "values": []}, {"act": "REQUEST", "canonical_values": [], "slot": "genre", "values": []}, {"act": "AFFIRM", "canonical_values": [], "slot": "", "values": []}], "service": "Media_1", "slots": [], "state": {"active_intent": "PlayMovie", "requested_slots": ["directed_by", "genre"], "slot_values": {"subtitles": ["True"], "title": ["Shine a Light"]}}}], "speaker": "USER", "utterance": "Yes, please. What kind of movie is it, and who directed it?"}, {"frames": [{"actions": [{"act": "INFORM", "canonical_values": ["Martin Scorsese"], "slot": "directed_by", "values": ["Martin Scorsese"]}, {"act": "INFORM", "canonical_values": ["Biographical"], "slot": "genre", "values": ["Biographical"]}, {"act": "NOTIFY_SUCCESS", "canonical_values": [], "slot": "", "values": []}], "service": "Media_1", "service_call": {"method": "PlayMovie", "parameters": {"subtitles": "True", "title": "Shine a Light"}}, "service_results": [{"directed_by": "Martin Scorsese", "genre": "Biographical", "subtitles": "True", "title": "Shine a Light"}], "slots": [{"exclusive_end": 85, "slot": "directed_by", "start": 70}, {"exclusive_end": 50, "slot": "genre", "start": 38}]}], "speaker": "SYSTEM", "utterance": "The movie has started playing. It's a Biographical movie, directed by Martin Scorsese."}, {"frames": [{"actions": [{"act": "THANK_YOU", "canonical_values": [], "slot": "", "values": []}], "service": "Media_1", "slots": [], "state": {"active_intent": "PlayMovie", "requested_slots": [], "slot_values": {"subtitles": ["True"], "title": ["Shine a Light"]}}}], "speaker": "USER", "utterance": "Thank you."}, {"frames": [{"actions": [{"act": "REQ_MORE", "canonical_values": [], "slot": "", "values": []}], "service": "Media_1", "slots": []}], "speaker": "SYSTEM", "utterance": "Is there anything else I can help you with?"}, {"frames": [{"actions": [{"act": "NEGATE", "canonical_values": [], "slot": "", "values": []}, {"act": "THANK_YOU", "canonical_values": [], "slot": "", "values": []}], "service": "Media_1", "slots": [], "state": {"active_intent": "NONE", "requested_slots": [], "slot_values": {"subtitles": ["True"], "title": ["Shine a Light"]}}}], "speaker": "USER", "utterance": "No thank you."}, {"frames": [{"actions": [{"act": "GOODBYE", "canonical_values": [], "slot": "", "values": []}], "service": "Media_1", "slots": []}], "speaker": "SYSTEM", "utterance": "Have a good day."}]}]