[{"dialogue_id": "53_00000", "services": ["Hotels_3", "Flights_1"], "turns": [{"frames": [{"actions": [{"act": "INFORM", "canonical_values": ["2019-03-06"], "slot": "check_in_date", "values": ["6th of this month"]}, {"act": "INFORM_INTENT", "canonical_values": ["ReserveHotel"], "slot": "intent", "values": ["ReserveHotel"]}], "service": "Hotels_3", "slots": [{"exclusive_end": 68, "slot": "check_in_date", "start": 51}], "state": {"active_intent": "ReserveHotel", "requested_slots": [], "slot_values": {"check_in_date": ["6th of this month"]}}}], "speaker": "USER", "utterance": "I want to book a hotel room with a check in on the 6th of this month."}, {"frames": [{"actions": [{"act": "REQUEST", "canonical_values": [], "slot": "check_out_date", "values": []}, {"act": "REQUEST", "canonical_values": [], "slot": "location", "values": []}], "service": "Hotels_3", "slots": []}], "speaker": "SYSTEM", "utterance": "When would you like to check out? And where would you like the hotel to be located?"}, {"frames": [{"actions": [{"act": "INFORM", "canonical_values": ["San Diego"], "slot": "location", "values": ["San Diego"]}, {"act": "INFORM", "canonical_values": ["2019-03-07"], "slot": "check_out_date", "values": ["Thursday next week"]}], "service": "Hotels_3", "slots": [{"exclusive_end": 27, "slot": "location", "start": 18}, {"exclusive_end": 73, "slot": "check_out_date", "start": 55}], "state": {"active_intent": "ReserveHotel", "requested_slots": [], "slot_values": {"check_in_date": ["6th of this month"], "check_out_date": ["Thursday next week"], "location": ["San Diego"]}}}], "speaker": "USER", "utterance": "I want a hotel in San Diego and I want to check out on Thursday next week."}, {"frames": [{"actions": [{"act": "REQUEST", "canonical_values": [], "slot": "hotel_name", "values": []}], "service": "Hotels_3", "slots": []}], "speaker": "SYSTEM", "utterance": "Is there a particular hotel you want a room in?"}, {"frames": [{"actions": [{"act": "INFORM", "canonical_values": ["Doubletree By Hilton Hotel San Diego - Mission Valley"], "slot": "hotel_name", "values": ["Doubletree By Hilton Hotel San Diego - Mission Valley"]}], "service": "Hotels_3", "slots": [{"exclusive_end": 64, "slot": "hotel_name", "start": 11}], "state": {"active_intent": "ReserveHotel", "requested_slots": [], "slot_values": {"check_in_date": ["6th of this month"], "check_out_date": ["Thursday next week"], "hotel_name": ["Doubletree By Hilton Hotel San Diego - Mission Valley"], "location": ["San Diego"]}}}], "speaker": "USER", "utterance": "I like the Doubletree By Hilton Hotel San Diego - Mission Valley."}, {"frames": [{"actions": [{"act": "CONFIRM", "canonical_values": ["Doubletree By Hilton Hotel San Diego - Mission Valley"], "slot": "hotel_name", "values": ["Doubletree By Hilton Hotel San Diego - Mission Valley"]}, {"act": "CONFIRM", "canonical_values": ["San Diego"], "slot": "location", "values": ["San Diego"]}, {"act": "CONFIRM", "canonical_values": ["2019-03-06"], "slot": "check_in_date", "values": ["March 6th"]}, {"act": "CONFIRM", "canonical_values": ["2019-03-07"], "slot": "check_out_date", "values": ["March 7th"]}, {"act": "CONFIRM", "canonical_values": ["1"], "slot": "number_of_rooms", "values": ["1"]}], "service": "Hotels_3", "slots": [{"exclusive_end": 77, "slot": "hotel_name", "start": 24}, {"exclusive_end": 90, "slot": "location", "start": 81}, {"exclusive_end": 122, "slot": "check_in_date", "start": 113}, {"exclusive_end": 149, "slot": "check_out_date", "start": 140}]}], "speaker": "SYSTEM", "utterance": "I'll book you 1 room at Doubletree By Hilton Hotel San Diego - Mission Valley in San Diego. You will check in on March 6th and check out on March 7th. Please confirm this."}, {"frames": [{"actions": [{"act": "AFFIRM", "canonical_values": [], "slot": "", "values": []}], "service": "Hotels_3", "slots": [], "state": {"active_intent": "ReserveHotel", "requested_slots": [], "slot_values": {"check_in_date": ["6th of this month", "March 6th"], "check_out_date": ["March 7th", "Thursday next week"], "hotel_name": ["Doubletree By Hilton Hotel San Diego - Mission Valley"], "location": ["San Diego"], "number_of_rooms": ["1"]}}}], "speaker": "USER", "utterance": "Yes, I confirm that."}, {"frames": [{"actions": [{"act": "NOTIFY_SUCCESS", "canonical_values": [], "slot": "", "values": []}], "service": "Hotels_3", "service_call": {"method": "ReserveHotel", "parameters": {"check_in_date": "2019-03-06", "check_out_date": "2019-03-07", "hotel_name": "Doubletree By Hilton Hotel San Diego - Mission Valley", "location": "San Diego", "number_of_rooms": "1"}}, "service_results": [{"average_rating": "4.20", "check_in_date": "2019-03-06", "check_out_date": "2019-03-07", "hotel_name": "Doubletree By Hilton Hotel San Diego - Mission Valley", "location": "San Diego", "number_of_rooms": "1", "pets_welcome": "True", "phone_number": "+1 619-297-5466", "price": "280", "street_address": "7450 Hazard Center Drive"}], "slots": []}], "speaker": "SYSTEM", "utterance": "I have booked you the room."}, {"frames": [{"actions": [{"act": "REQUEST", "canonical_values": [], "slot": "average_rating", "values": []}], "service": "Hotels_3", "slots": [], "state": {"active_intent": "ReserveHotel", "requested_slots": ["average_rating"], "slot_values": {"check_in_date": ["6th of this month", "March 6th"], "check_out_date": ["March 7th", "Thursday next week"], "hotel_name": ["Doubletree By Hilton Hotel San Diego - Mission Valley"], "location": ["San Diego"], "number_of_rooms": ["1"]}}}], "speaker": "USER", "utterance": "What's the hotel rated by the way?"}, {"frames": [{"actions": [{"act": "INFORM", "canonical_values": ["4.20"], "slot": "average_rating", "values": ["4.2"]}], "service": "Hotels_3", "slots": [{"exclusive_end": 15, "slot": "average_rating", "start": 12}]}], "speaker": "SYSTEM", "utterance": "It is rated 4.2."}, {"frames": [{"actions": [{"act": "REQUEST", "canonical_values": [], "slot": "street_address", "values": []}], "service": "Hotels_3", "slots": [], "state": {"active_intent": "ReserveHotel", "requested_slots": ["street_address"], "slot_values": {"check_in_date": ["6th of this month", "March 6th"], "check_out_date": ["March 7th", "Thursday next week"], "hotel_name": ["Doubletree By Hilton Hotel San Diego - Mission Valley"], "location": ["San Diego"], "number_of_rooms": ["1"]}}}], "speaker": "USER", "utterance": "And what's its address?"}, {"frames": [{"actions": [{"act": "INFORM", "canonical_values": ["7450 Hazard Center Drive"], "slot": "street_address", "values": ["7450 Hazard Center Drive"]}], "service": "Hotels_3", "slots": [{"exclusive_end": 41, "slot": "street_address", "start": 17}]}], "speaker": "SYSTEM", "utterance": "It is located on 7450 Hazard Center Drive."}, {"frames": [{"actions": [{"act": "THANK_YOU", "canonical_values": [], "slot": "", "values": []}], "service": "Hotels_3", "slots": [], "state": {"active_intent": "ReserveHotel", "requested_slots": [], "slot_values": {"check_in_date": ["6th of this month", "March 6th"], "check_out_date": ["March 7th", "Thursday next week"], "hotel_name": ["Doubletree By Hilton Hotel San Diego - Mission Valley"], "location": ["San Diego"], "number_of_rooms": ["1"]}}}], "speaker": "USER", "utterance": "Okay, thanks for the info."}, {"frames": [{"actions": [{"act": "REQ_MORE", "canonical_values": [], "slot": "", "values": []}], "service": "Hotels_3", "slots": []}], "speaker": "SYSTEM", "utterance": "What else would you like me to do?"}, {"frames": [{"actions": [{"act": "INFORM_INTENT", "canonical_values": ["SearchOnewayFlight"], "slot": "intent", "values": ["SearchOnewayFlight"]}], "service": "Flights_1", "slots": [], "state": {"active_intent": "SearchOnewayFlight", "requested_slots": [], "slot_values": {"destination_city": ["San Diego"]}}}], "speaker": "USER", "utterance": "I need a one way flight to go there."}, {"frames": [{"actions": [{"act": "REQUEST", "canonical_values": ["2019-03-06"], "slot": "departure_date", "values": ["March 6th"]}, {"act": "REQUEST", "canonical_values": [], "slot": "origin_city", "values": []}], "service": "Flights_1", "slots": [{"exclusive_end": 32, "slot": "departure_date", "start": 23}]}], "speaker": "SYSTEM", "utterance": "Will you be leaving on March 6th? And where will you be traveling from?"}, {"frames": [{"actions": [{"act": "INFORM", "canonical_values": ["American Airlines"], "slot": "airlines", "values": ["American Airlines"]}, {"act": "INFORM", "canonical_values": ["London"], "slot": "origin_city", "values": ["London"]}, {"act": "AFFIRM", "canonical_values": [], "slot": "", "values": []}], "service": "Flights_1", "slots": [{"exclusive_end": 68, "slot": "origin_city", "start": 62}], "state": {"active_intent": "SearchOnewayFlight", "requested_slots": [], "slot_values": {"airlines": ["American Airlines"], "departure_date": ["6th of this month", "March 6th"], "destination_city": ["San Diego"], "origin_city": ["London"]}}}], "speaker": "USER", "utterance": "Yeah, I'll be leaving on that date and I'll be traveling from London. I really like American Airlines."}, {"frames": [{"actions": [{"act": "OFFER", "canonical_values": ["American Airlines"], "slot": "airlines", "values": ["American Airlines"]}, {"act": "OFFER", "canonical_values": ["15:05"], "slot": "outbound_departure_time", "values": ["3:05 pm"]}, {"act": "OFFER", "canonical_values": ["1"], "slot": "number_stops", "values": ["1"]}, {"act": "OFFER", "canonical_values": ["331"], "slot": "price", "values": ["$331"]}, {"act": "INFORM_COUNT", "canonical_values": ["1"], "slot": "count", "values": ["1"]}], "service": "Flights_1", "service_call": {"method": "SearchOnewayFlight", "parameters": {"airlines": "American Airlines", "departure_date": "2019-03-06", "destination_city": "San Diego", "origin_city": "London"}}, "service_results": [{"airlines": "American Airlines", "departure_date": "2019-03-06", "destination_airport": "SAN International Airport", "destination_city": "San Diego", "number_stops": "1", "origin_airport": "Heathrow International Airport", "origin_city": "London", "outbound_arrival_time": "23:04", "outbound_departure_time": "15:05", "passengers": "1", "price": "331", "refundable": "False", "seating_class": "Economy"}], "slots": [{"exclusive_end": 89, "slot": "outbound_departure_time", "start": 82}, {"exclusive_end": 125, "slot": "price", "start": 121}]}], "speaker": "SYSTEM", "utterance": "There's 1 flight that you might enjoy. It's American Airlines with a departure at 3:05 pm with 1 stop. And the ticket is $331."}, {"frames": [{"actions": [{"act": "REQUEST", "canonical_values": [], "slot": "refundable", "values": []}], "service": "Flights_1", "slots": [], "state": {"active_intent": "SearchOnewayFlight", "requested_slots": ["refundable"], "slot_values": {"airlines": ["American Airlines"], "departure_date": ["6th of this month", "March 6th"], "destination_city": ["San Diego"], "origin_city": ["London"]}}}], "speaker": "USER", "utterance": "Is it a refundable ticket?"}, {"frames": [{"actions": [{"act": "INFORM", "canonical_values": ["False"], "slot": "refundable", "values": ["False"]}], "service": "Flights_1", "slots": []}], "speaker": "SYSTEM", "utterance": "I'm sorry, the ticket is not refundable."}, {"frames": [{"actions": [{"act": "REQUEST", "canonical_values": [], "slot": "outbound_arrival_time", "values": []}, {"act": "REQUEST", "canonical_values": [], "slot": "origin_airport", "values": []}], "service": "Flights_1", "slots": [], "state": {"active_intent": "SearchOnewayFlight", "requested_slots": ["origin_airport", "outbound_arrival_time"], "slot_values": {"airlines": ["American Airlines"], "departure_date": ["6th of this month", "March 6th"], "destination_city": ["San Diego"], "origin_city": ["London"]}}}], "speaker": "USER", "utterance": "And what time will the flight arrive? Also what's the departure airport?"}, {"frames": [{"actions": [{"act": "INFORM", "canonical_values": ["23:04"], "slot": "outbound_arrival_time", "values": ["11:04 pm"]}, {"act": "INFORM", "canonical_values": ["Heathrow International Airport"], "slot": "origin_airport", "values": ["Heathrow International Airport"]}], "service": "Flights_1", "slots": [{"exclusive_end": 30, "slot": "outbound_arrival_time", "start": 22}, {"exclusive_end": 90, "slot": "origin_airport", "start": 60}]}], "speaker": "SYSTEM", "utterance": "The flight arrives at 11:04 pm and the departure airport is Heathrow International Airport."}, {"frames": [{"actions": [{"act": "SELECT", "canonical_values": [], "slot": "", "values": []}], "service": "Flights_1", "slots": [], "state": {"active_intent": "SearchOnewayFlight", "requested_slots": [], "slot_values": {"airlines": ["American Airlines"], "departure_date": ["6th of this month", "March 6th"], "destination_city": ["San Diego"], "origin_city": ["London"], "outbound_departure_time": ["3:05 pm"]}}}], "speaker": "USER", "utterance": "Okay, that will work."}, {"frames": [{"actions": [{"act": "OFFER_INTENT", "canonical_values": ["ReserveOnewayFlight"], "slot": "intent", "values": ["ReserveOnewayFlight"]}], "service": "Flights_1", "slots": []}], "speaker": "SYSTEM", "utterance": "Do you want me to purchase you tickets."}, {"frames": [{"actions": [{"act": "AFFIRM_INTENT", "canonical_values": [], "slot": "", "values": []}], "service": "Flights_1", "slots": [], "state": {"active_intent": "ReserveOnewayFlight", "requested_slots": [], "slot_values": {"airlines": ["American Airlines"], "departure_date": ["6th of this month", "March 6th"], "destination_city": ["San Diego"], "origin_city": ["London"], "outbound_departure_time": ["3:05 pm"]}}}], "speaker": "USER", "utterance": "Yes, please do."}, {"frames": [{"actions": [{"act": "CONFIRM", "canonical_values": ["London"], "slot": "origin_city", "values": ["London"]}, {"act": "CONFIRM", "canonical_values": ["San Diego"], "slot": "destination_city", "values": ["San Diego"]}, {"act": "CONFIRM", "canonical_values": ["American Airlines"], "slot": "airlines", "values": ["American Airlines"]}, {"act": "CONFIRM", "canonical_values": ["2019-03-06"], "slot": "departure_date", "values": ["March 6th"]}, {"act": "CONFIRM", "canonical_values": ["Economy"], "slot": "seating_class", "values": ["Economy"]}, {"act": "CONFIRM", "canonical_values": ["1"], "slot": "passengers", "values": ["1"]}], "service": "Flights_1", "slots": [{"exclusive_end": 93, "slot": "origin_city", "start": 87}, {"exclusive_end": 106, "slot": "destination_city", "start": 97}, {"exclusive_end": 119, "slot": "departure_date", "start": 110}]}], "speaker": "SYSTEM", "utterance": "Just to make sure, I'll get you 1 Economy ticket for the American Airlines flight from London to San Diego on March 6th?"}, {"frames": [{"actions": [{"act": "REQUEST", "canonical_values": [], "slot": "destination_airport", "values": []}, {"act": "AFFIRM", "canonical_values": [], "slot": "", "values": []}], "service": "Flights_1", "slots": [], "state": {"active_intent": "ReserveOnewayFlight", "requested_slots": ["destination_airport"], "slot_values": {"airlines": ["American Airlines"], "departure_date": ["6th of this month", "March 6th"], "destination_city": ["San Diego"], "origin_city": ["London"], "outbound_departure_time": ["3:05 pm"], "passengers": ["1"], "seating_class": ["Economy"]}}}], "speaker": "USER", "utterance": "Yes, that's all correct. What airport is the flight landing in?"}, {"frames": [{"actions": [{"act": "INFORM", "canonical_values": ["SAN International Airport"], "slot": "destination_airport", "values": ["SAN International Airport"]}, {"act": "NOTIFY_SUCCESS", "canonical_values": [], "slot": "", "values": []}], "service": "Flights_1", "service_call": {"method": "ReserveOnewayFlight", "parameters": {"airlines": "American Airlines", "departure_date": "2019-03-06", "destination_city": "San Diego", "origin_city": "London", "passengers": "1", "seating_class": "Economy"}}, "service_results": [{"airlines": "American Airlines", "departure_date": "2019-03-06", "destination_airport": "SAN International Airport", "destination_city": "San Diego", "number_stops": "1", "origin_airport": "Heathrow International Airport", "origin_city": "London", "outbound_arrival_time": "23:04", "outbound_departure_time": "15:05", "passengers": "1", "price": "331", "refundable": "False", "seating_class": "Economy"}], "slots": [{"exclusive_end": 76, "slot": "destination_airport", "start": 51}]}], "speaker": "SYSTEM", "utterance": "I've purchased the ticket. The flight will land in SAN International Airport."}, {"frames": [{"actions": [{"act": "THANK_YOU", "canonical_values": [], "slot": "", "values": []}, {"act": "GOODBYE", "canonical_values": [], "slot": "", "values": []}], "service": "Flights_1", "slots": [], "state": {"active_intent": "ReserveOnewayFlight", "requested_slots": [], "slot_values": {"airlines": ["American Airlines"], "departure_date": ["6th of this month", "March 6th"], "destination_city": ["San Diego"], "origin_city": ["London"], "outbound_departure_time": ["3:05 pm"], "passengers": ["1"], "seating_class": ["Economy"]}}}], "speaker": "USER", "utterance": "Thanks a lot. That's all for now."}, {"frames": [{"actions": [{"act": "GOODBYE", "canonical_values": [], "slot": "", "values": []}], "service": "Flights_1", "slots": []}], "speaker": "SYSTEM", "utterance": "Have a terrific day."}]}, {"dialogue_id": "53_00001", "services": ["Hotels_3", "Flights_1"], "turns": [{"frames": [{"actions": [{"act": "INFORM_INTENT", "canonical_values": ["ReserveHotel"], "slot": "intent", "values": ["ReserveHotel"]}], "service": "Hotels_3", "slots": [], "state": {"active_intent": "ReserveHotel", "requested_slots": [], "slot_values": {}}}], "speaker": "USER", "utterance": "I need a hand to book an hotel room"}, {"frames": [{"actions": [{"act": "REQUEST", "canonical_values": [], "slot": "check_in_date", "values": []}, {"act": "REQUEST", "canonical_values": [], "slot": "location", "values": []}], "service": "Hotels_3", "slots": []}], "speaker": "SYSTEM", "utterance": "Where do you want me to look? do you know check-in date?"}, {"frames": [{"actions": [{"act": "INFORM", "canonical_values": ["San Francisco"], "slot": "location", "values": ["san fran"]}, {"act": "INFORM", "canonical_values": ["2019-03-04"], "slot": "check_in_date", "values": ["march 4th"]}], "service": "Hotels_3", "slots": [{"exclusive_end": 20, "slot": "location", "start": 12}, {"exclusive_end": 46, "slot": "check_in_date", "start": 37}], "state": {"active_intent": "ReserveHotel", "requested_slots": [], "slot_values": {"check_in_date": ["march 4th"], "location": ["san fran"]}}}], "speaker": "USER", "utterance": "The area is san fran and check in is march 4th"}, {"frames": [{"actions": [{"act": "REQUEST", "canonical_values": [], "slot": "hotel_name", "values": []}], "service": "Hotels_3", "slots": []}], "speaker": "SYSTEM", "utterance": "where do you want to stay? name me your favorite hotel"}, {"frames": [{"actions": [{"act": "INFORM", "canonical_values": ["Mystic Hotel"], "slot": "hotel_name", "values": ["mystic hotel"]}], "service": "Hotels_3", "slots": [{"exclusive_end": 30, "slot": "hotel_name", "start": 18}], "state": {"active_intent": "ReserveHotel", "requested_slots": [], "slot_values": {"check_in_date": ["march 4th"], "hotel_name": ["mystic hotel"], "location": ["san fran"]}}}], "speaker": "USER", "utterance": "I wish to stay at mystic hotel"}, {"frames": [{"actions": [{"act": "REQUEST", "canonical_values": [], "slot": "check_out_date", "values": []}], "service": "Hotels_3", "slots": []}], "speaker": "SYSTEM", "utterance": "Let's see what I can do. tell me the check-out date"}, {"frames": [{"actions": [{"act": "INFORM", "canonical_values": ["2019-03-09"], "slot": "check_out_date", "values": ["9th of march"]}], "service": "Hotels_3", "slots": [{"exclusive_end": 17, "slot": "check_out_date", "start": 5}], "state": {"active_intent": "ReserveHotel", "requested_slots": [], "slot_values": {"check_in_date": ["march 4th"], "check_out_date": ["9th of march"], "hotel_name": ["mystic hotel"], "location": ["san fran"]}}}], "speaker": "USER", "utterance": "it's 9th of march"}, {"frames": [{"actions": [{"act": "CONFIRM", "canonical_values": ["Mystic Hotel"], "slot": "hotel_name", "values": ["mystic hotel"]}, {"act": "CONFIRM", "canonical_values": ["San Francisco"], "slot": "location", "values": ["san francisco"]}, {"act": "CONFIRM", "canonical_values": ["2019-03-04"], "slot": "check_in_date", "values": ["march 4th"]}, {"act": "CONFIRM", "canonical_values": ["2019-03-09"], "slot": "check_out_date", "values": ["march 9th"]}, {"act": "CONFIRM", "canonical_values": ["1"], "slot": "number_of_rooms", "values": ["1"]}], "service": "Hotels_3", "slots": [{"exclusive_end": 73, "slot": "hotel_name", "start": 61}, {"exclusive_end": 90, "slot": "location", "start": 77}, {"exclusive_end": 120, "slot": "check_in_date", "start": 111}, {"exclusive_end": 147, "slot": "check_out_date", "start": 138}]}], "speaker": "SYSTEM", "utterance": "confirm me this recap. I'll make a reservation for 1 room at mystic hotel in san francisco. you'll check in on march 4th and check out on march 9th"}, {"frames": [{"actions": [{"act": "AFFIRM", "canonical_values": [], "slot": "", "values": []}], "service": "Hotels_3", "slots": [], "state": {"active_intent": "ReserveHotel", "requested_slots": [], "slot_values": {"check_in_date": ["march 4th"], "check_out_date": ["9th of march", "march 9th"], "hotel_name": ["mystic hotel"], "location": ["san fran", "san francisco"], "number_of_rooms": ["1"]}}}], "speaker": "USER", "utterance": "yes, that's my plan"}, {"frames": [{"actions": [{"act": "NOTIFY_SUCCESS", "canonical_values": [], "slot": "", "values": []}], "service": "Hotels_3", "service_call": {"method": "ReserveHotel", "parameters": {"check_in_date": "2019-03-04", "check_out_date": "2019-03-09", "hotel_name": "Mystic Hotel", "location": "San Francisco", "number_of_rooms": "1"}}, "service_results": [{"average_rating": "3.80", "check_in_date": "2019-03-04", "check_out_date": "2019-03-09", "hotel_name": "Mystic Hotel", "location": "San Francisco", "number_of_rooms": "1", "pets_welcome": "True", "phone_number": "+1 415-362-8063", "price": "1170", "street_address": "417 Stockton Street"}], "slots": []}], "speaker": "SYSTEM", "utterance": "your wish has been grated, you have your hotel room"}, {"frames": [{"actions": [{"act": "REQUEST", "canonical_values": [], "slot": "phone_number", "values": []}, {"act": "REQUEST", "canonical_values": [], "slot": "pets_welcome", "values": []}], "service": "Hotels_3", "slots": [], "state": {"active_intent": "ReserveHotel", "requested_slots": ["pets_welcome", "phone_number"], "slot_values": {"check_in_date": ["march 4th"], "check_out_date": ["9th of march", "march 9th"], "hotel_name": ["mystic hotel"], "location": ["san fran", "san francisco"], "number_of_rooms": ["1"]}}}], "speaker": "USER", "utterance": "cool, is the place pet friendly? Can you pass me its phone number?"}, {"frames": [{"actions": [{"act": "INFORM", "canonical_values": ["True"], "slot": "pets_welcome", "values": ["True"]}, {"act": "INFORM", "canonical_values": ["+1 415-362-8063"], "slot": "phone_number", "values": ["+1 415-362-8063"]}], "service": "Hotels_3", "slots": [{"exclusive_end": 62, "slot": "phone_number", "start": 47}]}], "speaker": "SYSTEM", "utterance": "you can bring your pets; the number to call is +1 415-362-8063"}, {"frames": [{"actions": [{"act": "THANK_YOU", "canonical_values": [], "slot": "", "values": []}], "service": "Hotels_3", "slots": [], "state": {"active_intent": "ReserveHotel", "requested_slots": [], "slot_values": {"check_in_date": ["march 4th"], "check_out_date": ["9th of march", "march 9th"], "hotel_name": ["mystic hotel"], "location": ["san fran", "san francisco"], "number_of_rooms": ["1"]}}}, {"actions": [{"act": "INFORM_INTENT", "canonical_values": ["SearchOnewayFlight"], "slot": "intent", "values": ["SearchOnewayFlight"]}], "service": "Flights_1", "slots": [], "state": {"active_intent": "SearchOnewayFlight", "requested_slots": [], "slot_values": {"destination_city": ["san fran", "san francisco"]}}}], "speaker": "USER", "utterance": "awesome, now let's look for a flight to get there, it must be one-way"}, {"frames": [{"actions": [{"act": "REQUEST", "canonical_values": [], "slot": "origin_city", "values": []}, {"act": "REQUEST", "canonical_values": ["2019-03-04"], "slot": "departure_date", "values": ["march 4th"]}], "service": "Flights_1", "slots": [{"exclusive_end": 40, "slot": "departure_date", "start": 31}]}], "speaker": "SYSTEM", "utterance": "is it okay for you to leave on march 4th? Where are you thinking to leave from?"}, {"frames": [{"actions": [{"act": "INFORM", "canonical_values": ["New York"], "slot": "origin_city", "values": ["nyc"]}, {"act": "INFORM", "canonical_values": ["2019-03-02"], "slot": "departure_date", "values": ["saturday this week"]}], "service": "Flights_1", "slots": [{"exclusive_end": 59, "slot": "origin_city", "start": 56}, {"exclusive_end": 29, "slot": "departure_date", "start": 11}], "state": {"active_intent": "SearchOnewayFlight", "requested_slots": [], "slot_values": {"departure_date": ["saturday this week"], "destination_city": ["san fran", "san francisco"], "origin_city": ["nyc"]}}}], "speaker": "USER", "utterance": "The day is saturday this week and the departure city is nyc"}, {"frames": [{"actions": [{"act": "OFFER", "canonical_values": ["American Airlines"], "slot": "airlines", "values": ["American Airlines"]}, {"act": "OFFER", "canonical_values": ["16:45"], "slot": "outbound_departure_time", "values": ["4:45 pm"]}, {"act": "OFFER", "canonical_values": ["0"], "slot": "number_stops", "values": ["0"]}, {"act": "OFFER", "canonical_values": ["198"], "slot": "price", "values": ["$198"]}], "service": "Flights_1", "service_call": {"method": "SearchOnewayFlight", "parameters": {"departure_date": "2019-03-02", "destination_city": "San Francisco", "origin_city": "New York"}}, "service_results": [{"airlines": "American Airlines", "departure_date": "2019-03-02", "destination_airport": "SFO International Airport", "destination_city": "San Francisco", "number_stops": "0", "origin_airport": "JFK International Airport", "origin_city": "New York", "outbound_arrival_time": "20:11", "outbound_departure_time": "16:45", "passengers": "1", "price": "198", "refundable": "False", "seating_class": "Economy"}, {"airlines": "Delta Airlines", "departure_date": "2019-03-02", "destination_airport": "SFO International Airport", "destination_city": "San Francisco", "number_stops": "0", "origin_airport": "JFK International Airport", "origin_city": "New York", "outbound_arrival_time": "18:01", "outbound_departure_time": "14:35", "passengers": "1", "price": "215", "refundable": "False", "seating_class": "Economy"}, {"airlines": "Southwest Airlines", "departure_date": "2019-03-02", "destination_airport": "SFO International Airport", "destination_city": "San Francisco", "number_stops": "0", "origin_airport": "JFK International Airport", "origin_city": "New York", "outbound_arrival_time": "16:56", "outbound_departure_time": "13:30", "passengers": "1", "price": "191", "refundable": "True", "seating_class": "Economy"}, {"airlines": "United Airlines", "departure_date": "2019-03-02", "destination_airport": "SFO International Airport", "destination_city": "San Francisco", "number_stops": "0", "origin_airport": "JFK International Airport", "origin_city": "New York", "outbound_arrival_time": "09:31", "outbound_departure_time": "06:05", "passengers": "1", "price": "216", "refundable": "False", "seating_class": "Economy"}], "slots": [{"exclusive_end": 62, "slot": "outbound_departure_time", "start": 55}, {"exclusive_end": 112, "slot": "price", "start": 108}]}], "speaker": "SYSTEM", "utterance": "you can travel with american airlines, you'll leave at 4:45 pm, the flight has 0 stops. The price to pay is $198"}, {"frames": [{"actions": [{"act": "REQUEST_ALTS", "canonical_values": [], "slot": "", "values": []}], "service": "Flights_1", "slots": [], "state": {"active_intent": "SearchOnewayFlight", "requested_slots": [], "slot_values": {"departure_date": ["saturday this week"], "destination_city": ["san fran", "san francisco"], "origin_city": ["nyc"]}}}], "speaker": "USER", "utterance": "look again"}, {"frames": [{"actions": [{"act": "OFFER", "canonical_values": ["Delta Airlines"], "slot": "airlines", "values": ["Delta Airlines"]}, {"act": "OFFER", "canonical_values": ["14:35"], "slot": "outbound_departure_time", "values": ["2:35 pm"]}, {"act": "OFFER", "canonical_values": ["0"], "slot": "number_stops", "values": ["0"]}, {"act": "OFFER", "canonical_values": ["215"], "slot": "price", "values": ["$215"]}], "service": "Flights_1", "slots": [{"exclusive_end": 49, "slot": "outbound_departure_time", "start": 42}, {"exclusive_end": 85, "slot": "price", "start": 81}]}], "speaker": "SYSTEM", "utterance": "delta airlines has this flight leaving at 2:35 pm and stops are 0, the ticket is $215"}, {"frames": [{"actions": [{"act": "SELECT", "canonical_values": [], "slot": "", "values": []}], "service": "Flights_1", "slots": [], "state": {"active_intent": "SearchOnewayFlight", "requested_slots": [], "slot_values": {"airlines": ["Delta Airlines"], "departure_date": ["saturday this week"], "destination_city": ["san fran", "san francisco"], "origin_city": ["nyc"], "outbound_departure_time": ["2:35 pm"]}}}], "speaker": "USER", "utterance": "I like it"}, {"frames": [{"actions": [{"act": "OFFER_INTENT", "canonical_values": ["ReserveOnewayFlight"], "slot": "intent", "values": ["ReserveOnewayFlight"]}], "service": "Flights_1", "slots": []}], "speaker": "SYSTEM", "utterance": "do you need the tickets now?"}, {"frames": [{"actions": [{"act": "AFFIRM_INTENT", "canonical_values": [], "slot": "", "values": []}, {"act": "INFORM", "canonical_values": ["Economy"], "slot": "seating_class", "values": ["Economy"]}, {"act": "INFORM", "canonical_values": ["1"], "slot": "passengers", "values": ["1"]}], "service": "Flights_1", "slots": [], "state": {"active_intent": "ReserveOnewayFlight", "requested_slots": [], "slot_values": {"airlines": ["Delta Airlines"], "departure_date": ["saturday this week"], "destination_city": ["san fran", "san francisco"], "origin_city": ["nyc"], "outbound_departure_time": ["2:35 pm"], "passengers": ["1"], "seating_class": ["Economy"]}}}], "speaker": "USER", "utterance": "yes, I need 1 economy ticket"}, {"frames": [{"actions": [{"act": "CONFIRM", "canonical_values": ["New York"], "slot": "origin_city", "values": ["new york"]}, {"act": "CONFIRM", "canonical_values": ["San Francisco"], "slot": "destination_city", "values": ["san francisco"]}, {"act": "CONFIRM", "canonical_values": ["Delta Airlines"], "slot": "airlines", "values": ["Delta Airlines"]}, {"act": "CONFIRM", "canonical_values": ["2019-03-02"], "slot": "departure_date", "values": ["march 2nd"]}, {"act": "CONFIRM", "canonical_values": ["Economy"], "slot": "seating_class", "values": ["Economy"]}, {"act": "CONFIRM", "canonical_values": ["1"], "slot": "passengers", "values": ["1"]}], "service": "Flights_1", "slots": [{"exclusive_end": 106, "slot": "origin_city", "start": 98}, {"exclusive_end": 123, "slot": "destination_city", "start": 110}, {"exclusive_end": 136, "slot": "departure_date", "start": 127}]}], "speaker": "SYSTEM", "utterance": "Confirm me the operation before it's final. You need 1 economy delta airlines tickets to fly from new york to san francisco on march 2nd"}, {"frames": [{"actions": [{"act": "AFFIRM", "canonical_values": [], "slot": "", "values": []}], "service": "Flights_1", "slots": [], "state": {"active_intent": "ReserveOnewayFlight", "requested_slots": [], "slot_values": {"airlines": ["Delta Airlines"], "departure_date": ["march 2nd", "saturday this week"], "destination_city": ["san fran", "san francisco"], "origin_city": ["new york", "nyc"], "outbound_departure_time": ["2:35 pm"], "passengers": ["1"], "seating_class": ["Economy"]}}}], "speaker": "USER", "utterance": "yes, that's exactly what I want"}, {"frames": [{"actions": [{"act": "NOTIFY_SUCCESS", "canonical_values": [], "slot": "", "values": []}], "service": "Flights_1", "service_call": {"method": "ReserveOnewayFlight", "parameters": {"airlines": "Delta Airlines", "departure_date": "2019-03-02", "destination_city": "San Francisco", "origin_city": "New York", "passengers": "1", "seating_class": "Economy"}}, "service_results": [{"airlines": "Delta Airlines", "departure_date": "2019-03-02", "destination_airport": "SFO International Airport", "destination_city": "San Francisco", "number_stops": "0", "origin_airport": "JFK International Airport", "origin_city": "New York", "outbound_arrival_time": "18:01", "outbound_departure_time": "14:35", "passengers": "1", "price": "215", "refundable": "False", "seating_class": "Economy"}], "slots": []}], "speaker": "SYSTEM", "utterance": "the flight has been booked"}, {"frames": [{"actions": [{"act": "THANK_YOU", "canonical_values": [], "slot": "", "values": []}, {"act": "GOODBYE", "canonical_values": [], "slot": "", "values": []}], "service": "Flights_1", "slots": [], "state": {"active_intent": "ReserveOnewayFlight", "requested_slots": [], "slot_values": {"airlines": ["Delta Airlines"], "departure_date": ["march 2nd", "saturday this week"], "destination_city": ["san fran", "san francisco"], "origin_city": ["new york", "nyc"], "outbound_departure_time": ["2:35 pm"], "passengers": ["1"], "seating_class": ["Economy"]}}}], "speaker": "USER", "utterance": "I'm happy to know it, I need to go now, bye"}, {"frames": [{"actions": [{"act": "GOODBYE", "canonical_values": [], "slot": "", "values": []}], "service": "Flights_1", "slots": []}], "speaker": "SYSTEM", "utterance": "have a nice day"}]}, {"dialogue_id": "53_00002", "services": ["Hotels_3", "Flights_1"], "turns": [{"frames": [{"actions": [{"act": "INFORM_INTENT", "canonical_values": ["ReserveHotel"], "slot": "intent", "values": ["ReserveHotel"]}], "service": "Hotels_3", "slots": [], "state": {"active_intent": "ReserveHotel", "requested_slots": [], "slot_values": {}}}], "speaker": "USER", "utterance": "Can you reserve a hotel for me?"}, {"frames": [{"actions": [{"act": "REQUEST", "canonical_values": [], "slot": "check_out_date", "values": []}, {"act": "REQUEST", "canonical_values": [], "slot": "location", "values": []}, {"act": "REQUEST", "canonical_values": [], "slot": "hotel_name", "values": []}], "service": "Hotels_3", "slots": []}], "speaker": "SYSTEM", "utterance": "Which hotel will you be staying, in what city, and when will you be checking out?"}, {"frames": [{"actions": [{"act": "INFORM", "canonical_values": ["New Road Hotel"], "slot": "hotel_name", "values": ["New Road Hotel"]}, {"act": "INFORM", "canonical_values": ["London"], "slot": "location", "values": ["London, England"]}, {"act": "INFORM", "canonical_values": ["2019-03-06"], "slot": "check_out_date", "values": ["the 6th"]}], "service": "Hotels_3", "slots": [{"exclusive_end": 36, "slot": "hotel_name", "start": 22}, {"exclusive_end": 55, "slot": "location", "start": 40}, {"exclusive_end": 91, "slot": "check_out_date", "start": 84}], "state": {"active_intent": "ReserveHotel", "requested_slots": [], "slot_values": {"check_out_date": ["the 6th"], "hotel_name": ["New Road Hotel"], "location": ["London, England"]}}}], "speaker": "USER", "utterance": "I want to stay at the New Road Hotel in London, England and will be checking out on the 6th."}, {"frames": [{"actions": [{"act": "REQUEST", "canonical_values": [], "slot": "check_in_date", "values": []}], "service": "Hotels_3", "slots": []}], "speaker": "SYSTEM", "utterance": "What about the check-in date?"}, {"frames": [{"actions": [{"act": "INFORM", "canonical_values": ["3"], "slot": "number_of_rooms", "values": ["3"]}, {"act": "INFORM", "canonical_values": ["2019-03-02"], "slot": "check_in_date", "values": ["tomorrow"]}], "service": "Hotels_3", "slots": [{"exclusive_end": 25, "slot": "check_in_date", "start": 17}], "state": {"active_intent": "ReserveHotel", "requested_slots": [], "slot_values": {"check_in_date": ["tomorrow"], "check_out_date": ["the 6th"], "hotel_name": ["New Road Hotel"], "location": ["London, England"], "number_of_rooms": ["3"]}}}], "speaker": "USER", "utterance": "I am checking in tomorrow, and want to book 3 rooms."}, {"frames": [{"actions": [{"act": "CONFIRM", "canonical_values": ["New Road Hotel"], "slot": "hotel_name", "values": ["New Road Hotel"]}, {"act": "CONFIRM", "canonical_values": ["London"], "slot": "location", "values": ["London"]}, {"act": "CONFIRM", "canonical_values": ["2019-03-02"], "slot": "check_in_date", "values": ["March 2nd"]}, {"act": "CONFIRM", "canonical_values": ["2019-03-06"], "slot": "check_out_date", "values": ["March 6th"]}, {"act": "CONFIRM", "canonical_values": ["3"], "slot": "number_of_rooms", "values": ["3"]}], "service": "Hotels_3", "slots": [{"exclusive_end": 53, "slot": "hotel_name", "start": 39}, {"exclusive_end": 63, "slot": "location", "start": 57}, {"exclusive_end": 76, "slot": "check_in_date", "start": 67}, {"exclusive_end": 112, "slot": "check_out_date", "start": 103}]}], "speaker": "SYSTEM", "utterance": "You wish to check-in to 3 rooms to the New Road Hotel in London on March 2nd, and plan to check-out on March 6th correct?"}, {"frames": [{"actions": [{"act": "REQUEST", "canonical_values": [], "slot": "street_address", "values": []}, {"act": "AFFIRM", "canonical_values": [], "slot": "", "values": []}], "service": "Hotels_3", "slots": [], "state": {"active_intent": "ReserveHotel", "requested_slots": ["street_address"], "slot_values": {"check_in_date": ["March 2nd", "tomorrow"], "check_out_date": ["March 6th", "the 6th"], "hotel_name": ["New Road Hotel"], "location": ["London", "London, England"], "number_of_rooms": ["3"]}}}], "speaker": "USER", "utterance": "That is all correct, can you give me the hotel's address?"}, {"frames": [{"actions": [{"act": "INFORM", "canonical_values": ["103-107 New Road"], "slot": "street_address", "values": ["103-107 New Road"]}, {"act": "NOTIFY_SUCCESS", "canonical_values": [], "slot": "", "values": []}], "service": "Hotels_3", "service_call": {"method": "ReserveHotel", "parameters": {"check_in_date": "2019-03-02", "check_out_date": "2019-03-06", "hotel_name": "New Road Hotel", "location": "London", "number_of_rooms": "3"}}, "service_results": [{"average_rating": "4.60", "check_in_date": "2019-03-02", "check_out_date": "2019-03-06", "hotel_name": "New Road Hotel", "location": "London", "number_of_rooms": "3", "pets_welcome": "False", "phone_number": "+44 20 3019 8710", "price": "1056", "street_address": "103-107 New Road"}], "slots": [{"exclusive_end": 40, "slot": "street_address", "start": 24}]}], "speaker": "SYSTEM", "utterance": "The hotel is located on 103-107 New Road, and the reservation was made successfully."}, {"frames": [{"actions": [{"act": "REQUEST", "canonical_values": [], "slot": "average_rating", "values": []}, {"act": "REQUEST", "canonical_values": [], "slot": "price", "values": []}], "service": "Hotels_3", "slots": [], "state": {"active_intent": "ReserveHotel", "requested_slots": ["average_rating", "price"], "slot_values": {"check_in_date": ["March 2nd", "tomorrow"], "check_out_date": ["March 6th", "the 6th"], "hotel_name": ["New Road Hotel"], "location": ["London", "London, England"], "number_of_rooms": ["3"]}}}], "speaker": "USER", "utterance": "Can you give me the price of the reservation, and the hotel's rating?"}, {"frames": [{"actions": [{"act": "INFORM", "canonical_values": ["1056"], "slot": "price", "values": ["$1,056"]}, {"act": "INFORM", "canonical_values": ["4.60"], "slot": "average_rating", "values": ["4.6"]}], "service": "Hotels_3", "slots": [{"exclusive_end": 79, "slot": "price", "start": 73}, {"exclusive_end": 39, "slot": "average_rating", "start": 36}]}], "speaker": "SYSTEM", "utterance": "The average rating for the hotel is 4.6, the price of the reservation is $1,056."}, {"frames": [{"actions": [{"act": "THANK_YOU", "canonical_values": [], "slot": "", "values": []}], "service": "Hotels_3", "slots": [], "state": {"active_intent": "ReserveHotel", "requested_slots": [], "slot_values": {"check_in_date": ["March 2nd", "tomorrow"], "check_out_date": ["March 6th", "the 6th"], "hotel_name": ["New Road Hotel"], "location": ["London", "London, England"], "number_of_rooms": ["3"]}}}, {"actions": [{"act": "INFORM_INTENT", "canonical_values": ["SearchOnewayFlight"], "slot": "intent", "values": ["SearchOnewayFlight"]}], "service": "Flights_1", "slots": [], "state": {"active_intent": "SearchOnewayFlight", "requested_slots": [], "slot_values": {"destination_city": ["London", "London, England"]}}}], "speaker": "USER", "utterance": "Thanks for the help, can you also find me a flight to the city?"}, {"frames": [{"actions": [{"act": "REQUEST", "canonical_values": ["2019-03-02"], "slot": "departure_date", "values": ["March 2nd"]}], "service": "Flights_1", "slots": [{"exclusive_end": 28, "slot": "departure_date", "start": 19}]}], "speaker": "SYSTEM", "utterance": "Are you leaving on March 2nd?"}, {"frames": [{"actions": [{"act": "INFORM", "canonical_values": ["San Francisco"], "slot": "origin_city", "values": ["SFO"]}, {"act": "AFFIRM", "canonical_values": [], "slot": "", "values": []}], "service": "Flights_1", "slots": [{"exclusive_end": 38, "slot": "origin_city", "start": 35}], "state": {"active_intent": "SearchOnewayFlight", "requested_slots": [], "slot_values": {"departure_date": ["March 2nd", "tomorrow"], "destination_city": ["London", "London, England"], "origin_city": ["SFO"]}}}], "speaker": "USER", "utterance": "That's correct, I will depart from SFO."}, {"frames": [{"actions": [{"act": "OFFER", "canonical_values": ["Alaska Airlines"], "slot": "airlines", "values": ["Alaska Airlines"]}, {"act": "OFFER", "canonical_values": ["04:30"], "slot": "outbound_departure_time", "values": ["4:30 am"]}, {"act": "OFFER", "canonical_values": ["1"], "slot": "number_stops", "values": ["1"]}, {"act": "OFFER", "canonical_values": ["377"], "slot": "price", "values": ["$377"]}], "service": "Flights_1", "service_call": {"method": "SearchOnewayFlight", "parameters": {"departure_date": "2019-03-02", "destination_city": "London", "origin_city": "San Francisco"}}, "service_results": [{"airlines": "Alaska Airlines", "departure_date": "2019-03-02", "destination_airport": "Heathrow International Airport", "destination_city": "London", "number_stops": "1", "origin_airport": "SFO International Airport", "origin_city": "San Francisco", "outbound_arrival_time": "03:14", "outbound_departure_time": "04:30", "passengers": "1", "price": "377", "refundable": "False", "seating_class": "Economy"}, {"airlines": "American Airlines", "departure_date": "2019-03-02", "destination_airport": "Heathrow International Airport", "destination_city": "London", "number_stops": "1", "origin_airport": "SFO International Airport", "origin_city": "San Francisco", "outbound_arrival_time": "06:37", "outbound_departure_time": "07:05", "passengers": "1", "price": "422", "refundable": "False", "seating_class": "Economy"}, {"airlines": "Delta Airlines", "departure_date": "2019-03-02", "destination_airport": "Heathrow International Airport", "destination_city": "London", "number_stops": "1", "origin_airport": "SFO International Airport", "origin_city": "San Francisco", "outbound_arrival_time": "10:44", "outbound_departure_time": "10:05", "passengers": "1", "price": "394", "refundable": "False", "seating_class": "Economy"}, {"airlines": "Southwest Airlines", "departure_date": "2019-03-02", "destination_airport": "Heathrow International Airport", "destination_city": "London", "number_stops": "1", "origin_airport": "SFO International Airport", "origin_city": "San Francisco", "outbound_arrival_time": "06:04", "outbound_departure_time": "06:45", "passengers": "1", "price": "355", "refundable": "False", "seating_class": "Economy"}, {"airlines": "United Airlines", "departure_date": "2019-03-02", "destination_airport": "Heathrow International Airport", "destination_city": "London", "number_stops": "1", "origin_airport": "SFO International Airport", "origin_city": "San Francisco", "outbound_arrival_time": "03:14", "outbound_departure_time": "05:35", "passengers": "1", "price": "383", "refundable": "False", "seating_class": "Economy"}], "slots": [{"exclusive_end": 61, "slot": "outbound_departure_time", "start": 54}, {"exclusive_end": 103, "slot": "price", "start": 99}]}], "speaker": "SYSTEM", "utterance": "An Alaska Airlines flight is available, it departs at 4:30 am, it has 1 stop and a ticket price of $377, would that be acceptable?"}, {"frames": [{"actions": [{"act": "REQUEST", "canonical_values": [], "slot": "destination_airport", "values": []}, {"act": "REQUEST", "canonical_values": [], "slot": "origin_airport", "values": []}], "service": "Flights_1", "slots": [], "state": {"active_intent": "SearchOnewayFlight", "requested_slots": ["destination_airport", "origin_airport"], "slot_values": {"departure_date": ["March 2nd", "tomorrow"], "destination_city": ["London", "London, England"], "origin_city": ["SFO"]}}}], "speaker": "USER", "utterance": "What airports does the flight arrive and depart from?"}, {"frames": [{"actions": [{"act": "INFORM", "canonical_values": ["Heathrow International Airport"], "slot": "destination_airport", "values": ["Heathrow International Airport"]}, {"act": "INFORM", "canonical_values": ["SFO International Airport"], "slot": "origin_airport", "values": ["SFO International Airport"]}], "service": "Flights_1", "slots": [{"exclusive_end": 96, "slot": "destination_airport", "start": 66}, {"exclusive_end": 45, "slot": "origin_airport", "start": 20}]}], "speaker": "SYSTEM", "utterance": "It will depart from SFO International Airport, and will arrive at Heathrow International Airport."}, {"frames": [{"actions": [{"act": "INFORM_INTENT", "canonical_values": ["ReserveOnewayFlight"], "slot": "intent", "values": ["ReserveOnewayFlight"]}, {"act": "SELECT", "canonical_values": [], "slot": "", "values": []}], "service": "Flights_1", "slots": [], "state": {"active_intent": "ReserveOnewayFlight", "requested_slots": [], "slot_values": {"airlines": ["Alaska Airlines"], "departure_date": ["March 2nd", "tomorrow"], "destination_city": ["London", "London, England"], "origin_city": ["SFO"], "outbound_departure_time": ["4:30 am"]}}}], "speaker": "USER", "utterance": "Sounds perfect for me, can you buy me a ticket?"}, {"frames": [{"actions": [{"act": "CONFIRM", "canonical_values": ["San Francisco"], "slot": "origin_city", "values": ["San Francisco"]}, {"act": "CONFIRM", "canonical_values": ["London"], "slot": "destination_city", "values": ["London"]}, {"act": "CONFIRM", "canonical_values": ["Alaska Airlines"], "slot": "airlines", "values": ["Alaska Airlines"]}, {"act": "CONFIRM", "canonical_values": ["2019-03-02"], "slot": "departure_date", "values": ["March 2nd"]}, {"act": "CONFIRM", "canonical_values": ["Economy"], "slot": "seating_class", "values": ["Economy"]}, {"act": "CONFIRM", "canonical_values": ["1"], "slot": "passengers", "values": ["1"]}], "service": "Flights_1", "slots": [{"exclusive_end": 79, "slot": "origin_city", "start": 66}, {"exclusive_end": 89, "slot": "destination_city", "start": 83}, {"exclusive_end": 116, "slot": "departure_date", "start": 107}]}], "speaker": "SYSTEM", "utterance": "You are buying 1 economy ticket to an Alaska Airlines flight from San Francisco to London, that departs on March 2nd is that right?"}, {"frames": [{"actions": [{"act": "REQUEST", "canonical_values": [], "slot": "outbound_arrival_time", "values": []}, {"act": "REQUEST", "canonical_values": [], "slot": "refundable", "values": []}, {"act": "AFFIRM", "canonical_values": [], "slot": "", "values": []}], "service": "Flights_1", "slots": [], "state": {"active_intent": "ReserveOnewayFlight", "requested_slots": ["outbound_arrival_time", "refundable"], "slot_values": {"airlines": ["Alaska Airlines"], "departure_date": ["March 2nd", "tomorrow"], "destination_city": ["London", "London, England"], "origin_city": ["SFO", "San Francisco"], "outbound_departure_time": ["4:30 am"], "passengers": ["1"], "seating_class": ["Economy"]}}}], "speaker": "USER", "utterance": "That is right, what time will the plane arrive at its destination and is the ticket refundable?"}, {"frames": [{"actions": [{"act": "INFORM", "canonical_values": ["03:14"], "slot": "outbound_arrival_time", "values": ["3:14 am"]}, {"act": "INFORM", "canonical_values": ["False"], "slot": "refundable", "values": ["False"]}, {"act": "NOTIFY_SUCCESS", "canonical_values": [], "slot": "", "values": []}], "service": "Flights_1", "service_call": {"method": "ReserveOnewayFlight", "parameters": {"airlines": "Alaska Airlines", "departure_date": "2019-03-02", "destination_city": "London", "origin_city": "San Francisco", "passengers": "1", "seating_class": "Economy"}}, "service_results": [{"airlines": "Alaska Airlines", "departure_date": "2019-03-02", "destination_airport": "Heathrow International Airport", "destination_city": "London", "number_stops": "1", "origin_airport": "SFO International Airport", "origin_city": "San Francisco", "outbound_arrival_time": "03:14", "outbound_departure_time": "04:30", "passengers": "1", "price": "377", "refundable": "False", "seating_class": "Economy"}], "slots": [{"exclusive_end": 59, "slot": "outbound_arrival_time", "start": 52}]}], "speaker": "SYSTEM", "utterance": "The ticket are not refundable, the plane arrives at 3:14 am, and the ticket has been confirmed."}, {"frames": [{"actions": [{"act": "THANK_YOU", "canonical_values": [], "slot": "", "values": []}, {"act": "GOODBYE", "canonical_values": [], "slot": "", "values": []}], "service": "Flights_1", "slots": [], "state": {"active_intent": "ReserveOnewayFlight", "requested_slots": [], "slot_values": {"airlines": ["Alaska Airlines"], "departure_date": ["March 2nd", "tomorrow"], "destination_city": ["London", "London, England"], "origin_city": ["SFO", "San Francisco"], "outbound_departure_time": ["4:30 am"], "passengers": ["1"], "seating_class": ["Economy"]}}}], "speaker": "USER", "utterance": "Much appreciated for all the help, that will be all."}, {"frames": [{"actions": [{"act": "GOODBYE", "canonical_values": [], "slot": "", "values": []}], "service": "Flights_1", "slots": []}], "speaker": "SYSTEM", "utterance": "Your welcome, have a wonderful day."}]}, {"dialogue_id": "53_00003", "services": ["Hotels_3", "Flights_1"], "turns": [{"frames": [{"actions": [{"act": "INFORM_INTENT", "canonical_values": ["ReserveHotel"], "slot": "intent", "values": ["ReserveHotel"]}], "service": "Hotels_3", "slots": [], "state": {"active_intent": "ReserveHotel", "requested_slots": [], "slot_values": {}}}], "speaker": "USER", "utterance": "Would you please help me find a nice, comfortable hotel room for when I visit my friends for their graduation?"}, {"frames": [{"actions": [{"act": "REQUEST", "canonical_values": [], "slot": "check_in_date", "values": []}, {"act": "REQUEST", "canonical_values": [], "slot": "location", "values": []}, {"act": "REQUEST", "canonical_values": [], "slot": "hotel_name", "values": []}], "service": "Hotels_3", "slots": []}], "speaker": "SYSTEM", "utterance": "Happy to help you with that. Do you know the hotel, the city and check-in date you want for your trip?"}, {"frames": [{"actions": [{"act": "INFORM", "canonical_values": ["Grange Fitzrovia Hotel"], "slot": "hotel_name", "values": ["Grange Fitzrovia Hotel"]}, {"act": "INFORM", "canonical_values": ["London"], "slot": "location", "values": ["London, England"]}, {"act": "INFORM", "canonical_values": ["2019-03-01"], "slot": "check_in_date", "values": ["the 1st"]}], "service": "Hotels_3", "slots": [{"exclusive_end": 106, "slot": "hotel_name", "start": 84}, {"exclusive_end": 51, "slot": "location", "start": 36}, {"exclusive_end": 78, "slot": "check_in_date", "start": 71}], "state": {"active_intent": "ReserveHotel", "requested_slots": [], "slot_values": {"check_in_date": ["the 1st"], "hotel_name": ["Grange Fitzrovia Hotel"], "location": ["London, England"]}}}], "speaker": "USER", "utterance": "Well, I'd like a hotel somewhere in London, England for checking in on the 1st. The Grange Fitzrovia Hotel would be my first choice, I think."}, {"frames": [{"actions": [{"act": "REQUEST", "canonical_values": [], "slot": "check_out_date", "values": []}], "service": "Hotels_3", "slots": []}], "speaker": "SYSTEM", "utterance": "And, when do you plan to check out of the hotel?"}, {"frames": [{"actions": [{"act": "INFORM", "canonical_values": ["Hilton London Olympia"], "slot": "hotel_name", "values": ["Hilton London Olympia"]}, {"act": "INFORM", "canonical_values": ["2019-03-07"], "slot": "check_out_date", "values": ["Thursday next week"]}, {"act": "INFORM", "canonical_values": ["3"], "slot": "number_of_rooms", "values": ["3"]}], "service": "Hotels_3", "slots": [{"exclusive_end": 94, "slot": "hotel_name", "start": 73}, {"exclusive_end": 138, "slot": "check_out_date", "start": 120}], "state": {"active_intent": "ReserveHotel", "requested_slots": [], "slot_values": {"check_in_date": ["the 1st"], "check_out_date": ["Thursday next week"], "hotel_name": ["Hilton London Olympia"], "location": ["London, England"], "number_of_rooms": ["3"]}}}], "speaker": "USER", "utterance": "Oh, now that I think about it, let's see if I can get three rooms at the Hilton London Olympia instead, checking out on Thursday next week, please."}, {"frames": [{"actions": [{"act": "CONFIRM", "canonical_values": ["Hilton London Olympia"], "slot": "hotel_name", "values": ["Hilton London Olympia"]}, {"act": "CONFIRM", "canonical_values": ["London"], "slot": "location", "values": ["London"]}, {"act": "CONFIRM", "canonical_values": ["2019-03-01"], "slot": "check_in_date", "values": ["March 1st"]}, {"act": "CONFIRM", "canonical_values": ["2019-03-07"], "slot": "check_out_date", "values": ["March 7th"]}, {"act": "CONFIRM", "canonical_values": ["3"], "slot": "number_of_rooms", "values": ["3"]}], "service": "Hotels_3", "slots": [{"exclusive_end": 116, "slot": "hotel_name", "start": 95}, {"exclusive_end": 126, "slot": "location", "start": 120}, {"exclusive_end": 161, "slot": "check_in_date", "start": 152}, {"exclusive_end": 195, "slot": "check_out_date", "start": 186}]}], "speaker": "SYSTEM", "utterance": "Checking on that for you. Found it. Would you like to confirm a reservation for 3 rooms at the Hilton London Olympia in London, with a check-in date of March 1st and a check-out date of March 7th?"}, {"frames": [{"actions": [{"act": "REQUEST", "canonical_values": [], "slot": "phone_number", "values": []}, {"act": "AFFIRM", "canonical_values": [], "slot": "", "values": []}], "service": "Hotels_3", "slots": [], "state": {"active_intent": "ReserveHotel", "requested_slots": ["phone_number"], "slot_values": {"check_in_date": ["March 1st", "the 1st"], "check_out_date": ["March 7th", "Thursday next week"], "hotel_name": ["Hilton London Olympia"], "location": ["London", "London, England"], "number_of_rooms": ["3"]}}}], "speaker": "USER", "utterance": "Absolutely, I'm fine with that, and how do I reach them?"}, {"frames": [{"actions": [{"act": "INFORM", "canonical_values": ["+44 20 7603 3333"], "slot": "phone_number", "values": ["+44 20 7603 3333"]}, {"act": "NOTIFY_SUCCESS", "canonical_values": [], "slot": "", "values": []}], "service": "Hotels_3", "service_call": {"method": "ReserveHotel", "parameters": {"check_in_date": "2019-03-01", "check_out_date": "2019-03-07", "hotel_name": "Hilton London Olympia", "location": "London", "number_of_rooms": "3"}}, "service_results": [{"average_rating": "3.70", "check_in_date": "2019-03-01", "check_out_date": "2019-03-07", "hotel_name": "Hilton London Olympia", "location": "London", "number_of_rooms": "3", "pets_welcome": "True", "phone_number": "+44 20 7603 3333", "price": "1404", "street_address": "380 Kensington High Street"}], "slots": [{"exclusive_end": 87, "slot": "phone_number", "start": 71}]}], "speaker": "SYSTEM", "utterance": "You are all set with your hotel reservation. You can call the hotel at +44 20 7603 3333."}, {"frames": [{"actions": [{"act": "THANK_YOU", "canonical_values": [], "slot": "", "values": []}], "service": "Hotels_3", "slots": [], "state": {"active_intent": "ReserveHotel", "requested_slots": [], "slot_values": {"check_in_date": ["March 1st", "the 1st"], "check_out_date": ["March 7th", "Thursday next week"], "hotel_name": ["Hilton London Olympia"], "location": ["London", "London, England"], "number_of_rooms": ["3"]}}}, {"actions": [{"act": "INFORM", "canonical_values": ["Washington"], "slot": "origin_city", "values": ["Washington"]}, {"act": "INFORM", "canonical_values": ["dontcare"], "slot": "airlines", "values": ["dontcare"]}, {"act": "INFORM_INTENT", "canonical_values": ["SearchOnewayFlight"], "slot": "intent", "values": ["SearchOnewayFlight"]}], "service": "Flights_1", "slots": [{"exclusive_end": 123, "slot": "origin_city", "start": 113}], "state": {"active_intent": "SearchOnewayFlight", "requested_slots": [], "slot_values": {"airlines": ["dontcare"], "destination_city": ["London", "London, England"], "origin_city": ["Washington"]}}}], "speaker": "USER", "utterance": "Sweet. Really appreciate that. Now, what can you find for a one-way flight, on any airline, that I can take from Washington to get there?"}, {"frames": [{"actions": [{"act": "REQUEST", "canonical_values": ["2019-03-01"], "slot": "departure_date", "values": ["March 1st"]}], "service": "Flights_1", "slots": [{"exclusive_end": 31, "slot": "departure_date", "start": 22}]}], "speaker": "SYSTEM", "utterance": "You plan to travel on March 1st, right?"}, {"frames": [{"actions": [{"act": "AFFIRM", "canonical_values": [], "slot": "", "values": []}], "service": "Flights_1", "slots": [], "state": {"active_intent": "SearchOnewayFlight", "requested_slots": [], "slot_values": {"airlines": ["dontcare"], "departure_date": ["March 1st", "the 1st"], "destination_city": ["London", "London, England"], "origin_city": ["Washington"]}}}], "speaker": "USER", "utterance": "That's the plan."}, {"frames": [{"actions": [{"act": "OFFER", "canonical_values": ["American Airlines"], "slot": "airlines", "values": ["American Airlines"]}, {"act": "OFFER", "canonical_values": ["14:50"], "slot": "outbound_departure_time", "values": ["2:50 pm"]}, {"act": "OFFER", "canonical_values": ["1"], "slot": "number_stops", "values": ["1"]}, {"act": "OFFER", "canonical_values": ["349"], "slot": "price", "values": ["$349"]}], "service": "Flights_1", "service_call": {"method": "SearchOnewayFlight", "parameters": {"departure_date": "2019-03-01", "destination_city": "London", "origin_city": "Washington"}}, "service_results": [{"airlines": "American Airlines", "departure_date": "2019-03-01", "destination_airport": "Heathrow International Airport", "destination_city": "London", "number_stops": "1", "origin_airport": "Dulles International Airport", "origin_city": "Washington", "outbound_arrival_time": "10:14", "outbound_departure_time": "14:50", "passengers": "1", "price": "349", "refundable": "False", "seating_class": "Economy"}, {"airlines": "Southwest Airlines", "departure_date": "2019-03-01", "destination_airport": "Heathrow International Airport", "destination_city": "London", "number_stops": "1", "origin_airport": "Dulles International Airport", "origin_city": "Washington", "outbound_arrival_time": "10:14", "outbound_departure_time": "15:35", "passengers": "1", "price": "373", "refundable": "False", "seating_class": "Economy"}, {"airlines": "United Airlines", "departure_date": "2019-03-01", "destination_airport": "Heathrow International Airport", "destination_city": "London", "number_stops": "1", "origin_airport": "Dulles International Airport", "origin_city": "Washington", "outbound_arrival_time": "10:44", "outbound_departure_time": "16:40", "passengers": "1", "price": "357", "refundable": "False", "seating_class": "Economy"}], "slots": [{"exclusive_end": 78, "slot": "outbound_departure_time", "start": 71}, {"exclusive_end": 87, "slot": "price", "start": 83}]}], "speaker": "SYSTEM", "utterance": "Okay. American Airlines is offering a flight with 1 stop, departing at 2:50 pm for $349."}, {"frames": [{"actions": [{"act": "REQUEST_ALTS", "canonical_values": [], "slot": "", "values": []}], "service": "Flights_1", "slots": [], "state": {"active_intent": "SearchOnewayFlight", "requested_slots": [], "slot_values": {"airlines": ["dontcare"], "departure_date": ["March 1st", "the 1st"], "destination_city": ["London", "London, England"], "origin_city": ["Washington"]}}}], "speaker": "USER", "utterance": "Check for another flight, please."}, {"frames": [{"actions": [{"act": "OFFER", "canonical_values": ["Southwest Airlines"], "slot": "airlines", "values": ["Southwest Airlines"]}, {"act": "OFFER", "canonical_values": ["15:35"], "slot": "outbound_departure_time", "values": ["3:35 pm"]}, {"act": "OFFER", "canonical_values": ["1"], "slot": "number_stops", "values": ["1"]}, {"act": "OFFER", "canonical_values": ["373"], "slot": "price", "values": ["$373"]}], "service": "Flights_1", "slots": [{"exclusive_end": 80, "slot": "outbound_departure_time", "start": 73}, {"exclusive_end": 89, "slot": "price", "start": 85}]}], "speaker": "SYSTEM", "utterance": "I'm showing that Southwest Airlines has a flight with 1 stop, leaving at 3:35 pm for $373."}, {"frames": [{"actions": [{"act": "REQUEST", "canonical_values": [], "slot": "origin_airport", "values": []}], "service": "Flights_1", "slots": [], "state": {"active_intent": "SearchOnewayFlight", "requested_slots": ["origin_airport"], "slot_values": {"airlines": ["dontcare"], "departure_date": ["March 1st", "the 1st"], "destination_city": ["London", "London, England"], "origin_city": ["Washington"]}}}], "speaker": "USER", "utterance": "The departure airport is where?"}, {"frames": [{"actions": [{"act": "INFORM", "canonical_values": ["Dulles International Airport"], "slot": "origin_airport", "values": ["Dulles International Airport"]}], "service": "Flights_1", "slots": [{"exclusive_end": 69, "slot": "origin_airport", "start": 41}]}], "speaker": "SYSTEM", "utterance": "The flight is scheduled to take off from Dulles International Airport."}, {"frames": [{"actions": [{"act": "REQUEST_ALTS", "canonical_values": [], "slot": "", "values": []}], "service": "Flights_1", "slots": [], "state": {"active_intent": "SearchOnewayFlight", "requested_slots": [], "slot_values": {"airlines": ["dontcare"], "departure_date": ["March 1st", "the 1st"], "destination_city": ["London", "London, England"], "origin_city": ["Washington"]}}}], "speaker": "USER", "utterance": "Any other other flights showing up?"}, {"frames": [{"actions": [{"act": "OFFER", "canonical_values": ["United Airlines"], "slot": "airlines", "values": ["United Airlines"]}, {"act": "OFFER", "canonical_values": ["16:40"], "slot": "outbound_departure_time", "values": ["4:40 pm"]}, {"act": "OFFER", "canonical_values": ["1"], "slot": "number_stops", "values": ["1"]}, {"act": "OFFER", "canonical_values": ["357"], "slot": "price", "values": ["$357"]}], "service": "Flights_1", "slots": [{"exclusive_end": 59, "slot": "outbound_departure_time", "start": 52}, {"exclusive_end": 68, "slot": "price", "start": 64}]}], "speaker": "SYSTEM", "utterance": "Yes. A United Airlines flight with 1 stop leaves at 4:40 pm for $357."}, {"frames": [{"actions": [{"act": "INFORM_INTENT", "canonical_values": ["ReserveOnewayFlight"], "slot": "intent", "values": ["ReserveOnewayFlight"]}, {"act": "SELECT", "canonical_values": [], "slot": "", "values": []}], "service": "Flights_1", "slots": [], "state": {"active_intent": "ReserveOnewayFlight", "requested_slots": [], "slot_values": {"airlines": ["United Airlines"], "departure_date": ["March 1st", "the 1st"], "destination_city": ["London", "London, England"], "origin_city": ["Washington"], "outbound_departure_time": ["4:40 pm"]}}}], "speaker": "USER", "utterance": "Oh, that's the flight I'll go with. Go ahead and get the ticket reservation for the one-way flight, please."}, {"frames": [{"actions": [{"act": "CONFIRM", "canonical_values": ["Washington"], "slot": "origin_city", "values": ["Washington"]}, {"act": "CONFIRM", "canonical_values": ["London"], "slot": "destination_city", "values": ["London"]}, {"act": "CONFIRM", "canonical_values": ["United Airlines"], "slot": "airlines", "values": ["United Airlines"]}, {"act": "CONFIRM", "canonical_values": ["2019-03-01"], "slot": "departure_date", "values": ["March 1st"]}, {"act": "CONFIRM", "canonical_values": ["Economy"], "slot": "seating_class", "values": ["Economy"]}, {"act": "CONFIRM", "canonical_values": ["1"], "slot": "passengers", "values": ["1"]}], "service": "Flights_1", "slots": [{"exclusive_end": 112, "slot": "origin_city", "start": 102}, {"exclusive_end": 142, "slot": "destination_city", "start": 136}, {"exclusive_end": 125, "slot": "departure_date", "start": 116}]}], "speaker": "SYSTEM", "utterance": "Will do. Are you ready to confirm an Economy flight for 1 passenger on United Airlines, flying out of Washington on March 1st, going to London?"}, {"frames": [{"actions": [{"act": "INFORM", "canonical_values": ["2"], "slot": "passengers", "values": ["2"]}, {"act": "NEGATE", "canonical_values": [], "slot": "", "values": []}], "service": "Flights_1", "slots": [], "state": {"active_intent": "ReserveOnewayFlight", "requested_slots": [], "slot_values": {"airlines": ["United Airlines"], "departure_date": ["March 1st", "the 1st"], "destination_city": ["London", "London, England"], "origin_city": ["Washington"], "outbound_departure_time": ["4:40 pm"], "passengers": ["2"]}}}], "speaker": "USER", "utterance": "Oh, make that a reservation for two, please."}, {"frames": [{"actions": [{"act": "CONFIRM", "canonical_values": ["Economy"], "slot": "seating_class", "values": ["Economy"]}, {"act": "CONFIRM", "canonical_values": ["2"], "slot": "passengers", "values": ["2"]}], "service": "Flights_1", "slots": []}], "speaker": "SYSTEM", "utterance": "Okay. Are you ready to confirm an Economy fare for 2 passengers?"}, {"frames": [{"actions": [{"act": "REQUEST", "canonical_values": [], "slot": "origin_airport", "values": []}, {"act": "AFFIRM", "canonical_values": [], "slot": "", "values": []}], "service": "Flights_1", "slots": [], "state": {"active_intent": "ReserveOnewayFlight", "requested_slots": ["origin_airport"], "slot_values": {"airlines": ["United Airlines"], "departure_date": ["March 1st", "the 1st"], "destination_city": ["London", "London, England"], "origin_city": ["Washington"], "outbound_departure_time": ["4:40 pm"], "passengers": ["2"], "seating_class": ["Economy"]}}}], "speaker": "USER", "utterance": "That's what I want. What airport are we flying out of?"}, {"frames": [{"actions": [{"act": "INFORM", "canonical_values": ["Dulles International Airport"], "slot": "origin_airport", "values": ["Dulles International Airport"]}, {"act": "NOTIFY_SUCCESS", "canonical_values": [], "slot": "", "values": []}], "service": "Flights_1", "service_call": {"method": "ReserveOnewayFlight", "parameters": {"airlines": "United Airlines", "departure_date": "2019-03-01", "destination_city": "London", "origin_city": "Washington", "passengers": "2", "seating_class": "Economy"}}, "service_results": [{"airlines": "United Airlines", "departure_date": "2019-03-01", "destination_airport": "Heathrow International Airport", "destination_city": "London", "number_stops": "1", "origin_airport": "Dulles International Airport", "origin_city": "Washington", "outbound_arrival_time": "10:44", "outbound_departure_time": "16:40", "passengers": "2", "price": "357", "refundable": "False", "seating_class": "Economy"}], "slots": [{"exclusive_end": 87, "slot": "origin_airport", "start": 59}]}], "speaker": "SYSTEM", "utterance": "Your one-way tickets are confirmed for your flight leaving Dulles International Airport."}, {"frames": [{"actions": [{"act": "THANK_YOU", "canonical_values": [], "slot": "", "values": []}], "service": "Flights_1", "slots": [], "state": {"active_intent": "ReserveOnewayFlight", "requested_slots": [], "slot_values": {"airlines": ["United Airlines"], "departure_date": ["March 1st", "the 1st"], "destination_city": ["London", "London, England"], "origin_city": ["Washington"], "outbound_departure_time": ["4:40 pm"], "passengers": ["2"], "seating_class": ["Economy"]}}}], "speaker": "USER", "utterance": "Good show, my friend. Thanks a million."}, {"frames": [{"actions": [{"act": "REQ_MORE", "canonical_values": [], "slot": "", "values": []}], "service": "Flights_1", "slots": []}], "speaker": "SYSTEM", "utterance": "Do you need more assistance at this time?"}, {"frames": [{"actions": [{"act": "NEGATE", "canonical_values": [], "slot": "", "values": []}, {"act": "THANK_YOU", "canonical_values": [], "slot": "", "values": []}], "service": "Flights_1", "slots": [], "state": {"active_intent": "NONE", "requested_slots": [], "slot_values": {"airlines": ["United Airlines"], "departure_date": ["March 1st", "the 1st"], "destination_city": ["London", "London, England"], "origin_city": ["Washington"], "outbound_departure_time": ["4:40 pm"], "passengers": ["2"], "seating_class": ["Economy"]}}}], "speaker": "USER", "utterance": "Nope, we're all set for now. Appreciate that."}, {"frames": [{"actions": [{"act": "GOODBYE", "canonical_values": [], "slot": "", "values": []}], "service": "Flights_1", "slots": []}], "speaker": "SYSTEM", "utterance": "My pleasure. Enjoy your trip."}]}, {"dialogue_id": "53_00004", "services": ["Hotels_3", "Flights_1"], "turns": [{"frames": [{"actions": [{"act": "INFORM", "canonical_values": ["Grange Strathmore Hotel"], "slot": "hotel_name", "values": ["Grange Strathmore hotel"]}, {"act": "INFORM", "canonical_values": ["2019-03-08"], "slot": "check_out_date", "values": ["march 8th"]}, {"act": "INFORM", "canonical_values": ["1"], "slot": "number_of_rooms", "values": ["1"]}, {"act": "INFORM_INTENT", "canonical_values": ["ReserveHotel"], "slot": "intent", "values": ["ReserveHotel"]}], "service": "Hotels_3", "slots": [{"exclusive_end": 59, "slot": "hotel_name", "start": 36}, {"exclusive_end": 86, "slot": "check_out_date", "start": 77}], "state": {"active_intent": "ReserveHotel", "requested_slots": [], "slot_values": {"check_out_date": ["march 8th"], "hotel_name": ["Grange Strathmore hotel"], "number_of_rooms": ["1"]}}}], "speaker": "USER", "utterance": "I would like to reserve one room at Grange Strathmore hotel and check out on march 8th."}, {"frames": [{"actions": [{"act": "REQUEST", "canonical_values": [], "slot": "location", "values": []}], "service": "Hotels_3", "slots": []}], "speaker": "SYSTEM", "utterance": "In which city?"}, {"frames": [{"actions": [{"act": "INFORM", "canonical_values": ["London"], "slot": "location", "values": ["London, England"]}], "service": "Hotels_3", "slots": [{"exclusive_end": 18, "slot": "location", "start": 3}], "state": {"active_intent": "ReserveHotel", "requested_slots": [], "slot_values": {"check_out_date": ["march 8th"], "hotel_name": ["Grange Strathmore hotel"], "location": ["London, England"], "number_of_rooms": ["1"]}}}], "speaker": "USER", "utterance": "In London, England."}, {"frames": [{"actions": [{"act": "REQUEST", "canonical_values": [], "slot": "check_in_date", "values": []}], "service": "Hotels_3", "slots": []}], "speaker": "SYSTEM", "utterance": "For which date?"}, {"frames": [{"actions": [{"act": "INFORM", "canonical_values": ["2019-03-04"], "slot": "check_in_date", "values": ["4th of March"]}], "service": "Hotels_3", "slots": [{"exclusive_end": 20, "slot": "check_in_date", "start": 8}], "state": {"active_intent": "ReserveHotel", "requested_slots": [], "slot_values": {"check_in_date": ["4th of March"], "check_out_date": ["march 8th"], "hotel_name": ["Grange Strathmore hotel"], "location": ["London, England"], "number_of_rooms": ["1"]}}}], "speaker": "USER", "utterance": "For the 4th of March."}, {"frames": [{"actions": [{"act": "CONFIRM", "canonical_values": ["Grange Strathmore Hotel"], "slot": "hotel_name", "values": ["grange strathmore hotel"]}, {"act": "CONFIRM", "canonical_values": ["London"], "slot": "location", "values": ["London"]}, {"act": "CONFIRM", "canonical_values": ["2019-03-04"], "slot": "check_in_date", "values": ["March 4th"]}, {"act": "CONFIRM", "canonical_values": ["2019-03-08"], "slot": "check_out_date", "values": ["March 8th"]}, {"act": "CONFIRM", "canonical_values": ["1"], "slot": "number_of_rooms", "values": ["1"]}], "service": "Hotels_3", "slots": [{"exclusive_end": 59, "slot": "hotel_name", "start": 36}, {"exclusive_end": 69, "slot": "location", "start": 63}, {"exclusive_end": 84, "slot": "check_in_date", "start": 75}, {"exclusive_end": 97, "slot": "check_out_date", "start": 88}]}], "speaker": "SYSTEM", "utterance": "You would like to reserve 1 room at grange strathmore hotel in London from March 4th to March 8th?"}, {"frames": [{"actions": [{"act": "AFFIRM", "canonical_values": [], "slot": "", "values": []}], "service": "Hotels_3", "slots": [], "state": {"active_intent": "ReserveHotel", "requested_slots": [], "slot_values": {"check_in_date": ["4th of March", "March 4th"], "check_out_date": ["March 8th", "march 8th"], "hotel_name": ["Grange Strathmore hotel", "grange strathmore hotel"], "location": ["London", "London, England"], "number_of_rooms": ["1"]}}}], "speaker": "USER", "utterance": "Yes, that right."}, {"frames": [{"actions": [{"act": "NOTIFY_SUCCESS", "canonical_values": [], "slot": "", "values": []}], "service": "Hotels_3", "service_call": {"method": "ReserveHotel", "parameters": {"check_in_date": "2019-03-04", "check_out_date": "2019-03-08", "hotel_name": "Grange Strathmore Hotel", "location": "London", "number_of_rooms": "1"}}, "service_results": [{"average_rating": "4.00", "check_in_date": "2019-03-04", "check_out_date": "2019-03-08", "hotel_name": "Grange Strathmore Hotel", "location": "London", "number_of_rooms": "1", "pets_welcome": "False", "phone_number": "+44 20 7233 7888", "price": "1632", "street_address": "41 Queen's Gate Gardens"}], "slots": []}], "speaker": "SYSTEM", "utterance": "I have made the reservation."}, {"frames": [{"actions": [{"act": "REQUEST", "canonical_values": [], "slot": "street_address", "values": []}, {"act": "REQUEST", "canonical_values": [], "slot": "pets_welcome", "values": []}], "service": "Hotels_3", "slots": [], "state": {"active_intent": "ReserveHotel", "requested_slots": ["pets_welcome", "street_address"], "slot_values": {"check_in_date": ["4th of March", "March 4th"], "check_out_date": ["March 8th", "march 8th"], "hotel_name": ["Grange Strathmore hotel", "grange strathmore hotel"], "location": ["London", "London, England"], "number_of_rooms": ["1"]}}}], "speaker": "USER", "utterance": "Where is it located? Can I take my pet?"}, {"frames": [{"actions": [{"act": "INFORM", "canonical_values": ["41 Queen's Gate Gardens"], "slot": "street_address", "values": ["41 queen's gate gardens"]}, {"act": "INFORM", "canonical_values": ["False"], "slot": "pets_welcome", "values": ["False"]}], "service": "Hotels_3", "slots": [{"exclusive_end": 40, "slot": "street_address", "start": 17}]}], "speaker": "SYSTEM", "utterance": "It is located at 41 queen's gate gardens and no animals are allowed."}, {"frames": [{"actions": [{"act": "THANK_YOU", "canonical_values": [], "slot": "", "values": []}], "service": "Hotels_3", "slots": [], "state": {"active_intent": "ReserveHotel", "requested_slots": [], "slot_values": {"check_in_date": ["4th of March", "March 4th"], "check_out_date": ["March 8th", "march 8th"], "hotel_name": ["Grange Strathmore hotel", "grange strathmore hotel"], "location": ["London", "London, England"], "number_of_rooms": ["1"]}}}, {"actions": [{"act": "INFORM", "canonical_values": ["Delta Airlines"], "slot": "airlines", "values": ["Delta Airlines"]}, {"act": "INFORM", "canonical_values": ["New York"], "slot": "origin_city", "values": ["New York City"]}, {"act": "INFORM_INTENT", "canonical_values": ["SearchOnewayFlight"], "slot": "intent", "values": ["SearchOnewayFlight"]}], "service": "Flights_1", "slots": [{"exclusive_end": 85, "slot": "origin_city", "start": 72}], "state": {"active_intent": "SearchOnewayFlight", "requested_slots": [], "slot_values": {"airlines": ["Delta Airlines"], "destination_city": ["London", "London, England"], "origin_city": ["New York City"]}}}], "speaker": "USER", "utterance": "Ok, then. I want a one-way flight on delta airlines. I would be leaving New York City."}, {"frames": [{"actions": [{"act": "REQUEST", "canonical_values": ["2019-03-04"], "slot": "departure_date", "values": ["March 4th"]}], "service": "Flights_1", "slots": [{"exclusive_end": 36, "slot": "departure_date", "start": 27}]}], "speaker": "SYSTEM", "utterance": "You would like to leave on March 4th?"}, {"frames": [{"actions": [{"act": "INFORM", "canonical_values": ["2019-03-02"], "slot": "departure_date", "values": ["Saturday this week"]}], "service": "Flights_1", "slots": [{"exclusive_end": 21, "slot": "departure_date", "start": 3}], "state": {"active_intent": "SearchOnewayFlight", "requested_slots": [], "slot_values": {"airlines": ["Delta Airlines"], "departure_date": ["Saturday this week"], "destination_city": ["London", "London, England"], "origin_city": ["New York City"]}}}], "speaker": "USER", "utterance": "On Saturday this week."}, {"frames": [{"actions": [{"act": "OFFER", "canonical_values": ["Delta Airlines"], "slot": "airlines", "values": ["Delta Airlines"]}, {"act": "OFFER", "canonical_values": ["18:20"], "slot": "outbound_departure_time", "values": ["6:20 pm"]}, {"act": "OFFER", "canonical_values": ["0"], "slot": "number_stops", "values": ["0"]}, {"act": "OFFER", "canonical_values": ["231"], "slot": "price", "values": ["$231"]}], "service": "Flights_1", "service_call": {"method": "SearchOnewayFlight", "parameters": {"airlines": "Delta Airlines", "departure_date": "2019-03-02", "destination_city": "London", "origin_city": "New York"}}, "service_results": [{"airlines": "Delta Airlines", "departure_date": "2019-03-02", "destination_airport": "Heathrow International Airport", "destination_city": "London", "number_stops": "0", "origin_airport": "JFK International Airport", "origin_city": "New York", "outbound_arrival_time": "06:42", "outbound_departure_time": "18:20", "passengers": "1", "price": "231", "refundable": "False", "seating_class": "Economy"}], "slots": [{"exclusive_end": 64, "slot": "outbound_departure_time", "start": 57}, {"exclusive_end": 95, "slot": "price", "start": 91}]}], "speaker": "SYSTEM", "utterance": "There is a delta airlines outbound flight that leaves at 6:20 pm. It has 0 stops and costs $231"}, {"frames": [{"actions": [{"act": "INFORM_INTENT", "canonical_values": ["ReserveOnewayFlight"], "slot": "intent", "values": ["ReserveOnewayFlight"]}, {"act": "SELECT", "canonical_values": [], "slot": "", "values": []}], "service": "Flights_1", "slots": [], "state": {"active_intent": "ReserveOnewayFlight", "requested_slots": [], "slot_values": {"airlines": ["Delta Airlines"], "departure_date": ["Saturday this week"], "destination_city": ["London", "London, England"], "origin_city": ["New York City"], "outbound_departure_time": ["6:20 pm"]}}}], "speaker": "USER", "utterance": "That is good with me. Go ahead and book the ticket for me."}, {"frames": [{"actions": [{"act": "CONFIRM", "canonical_values": ["New York"], "slot": "origin_city", "values": ["New York"]}, {"act": "CONFIRM", "canonical_values": ["London"], "slot": "destination_city", "values": ["London"]}, {"act": "CONFIRM", "canonical_values": ["Delta Airlines"], "slot": "airlines", "values": ["Delta Airlines"]}, {"act": "CONFIRM", "canonical_values": ["2019-03-02"], "slot": "departure_date", "values": ["march 2nd"]}, {"act": "CONFIRM", "canonical_values": ["Economy"], "slot": "seating_class", "values": ["Economy"]}, {"act": "CONFIRM", "canonical_values": ["1"], "slot": "passengers", "values": ["1"]}], "service": "Flights_1", "slots": [{"exclusive_end": 79, "slot": "origin_city", "start": 71}, {"exclusive_end": 89, "slot": "destination_city", "start": 83}, {"exclusive_end": 102, "slot": "departure_date", "start": 93}]}], "speaker": "SYSTEM", "utterance": "You would like an economy ticket for 1 on a delta airlines flight from New York to London on march 2nd?"}, {"frames": [{"actions": [{"act": "AFFIRM", "canonical_values": [], "slot": "", "values": []}], "service": "Flights_1", "slots": [], "state": {"active_intent": "ReserveOnewayFlight", "requested_slots": [], "slot_values": {"airlines": ["Delta Airlines"], "departure_date": ["Saturday this week", "march 2nd"], "destination_city": ["London", "London, England"], "origin_city": ["New York", "New York City"], "outbound_departure_time": ["6:20 pm"], "passengers": ["1"], "seating_class": ["Economy"]}}}], "speaker": "USER", "utterance": "Yes, that's right."}, {"frames": [{"actions": [{"act": "NOTIFY_SUCCESS", "canonical_values": [], "slot": "", "values": []}], "service": "Flights_1", "service_call": {"method": "ReserveOnewayFlight", "parameters": {"airlines": "Delta Airlines", "departure_date": "2019-03-02", "destination_city": "London", "origin_city": "New York", "passengers": "1", "seating_class": "Economy"}}, "service_results": [{"airlines": "Delta Airlines", "departure_date": "2019-03-02", "destination_airport": "Heathrow International Airport", "destination_city": "London", "number_stops": "0", "origin_airport": "JFK International Airport", "origin_city": "New York", "outbound_arrival_time": "06:42", "outbound_departure_time": "18:20", "passengers": "1", "price": "231", "refundable": "False", "seating_class": "Economy"}], "slots": []}], "speaker": "SYSTEM", "utterance": "I have bought the oneway ticket."}, {"frames": [{"actions": [{"act": "THANK_YOU", "canonical_values": [], "slot": "", "values": []}, {"act": "GOODBYE", "canonical_values": [], "slot": "", "values": []}], "service": "Flights_1", "slots": [], "state": {"active_intent": "ReserveOnewayFlight", "requested_slots": [], "slot_values": {"airlines": ["Delta Airlines"], "departure_date": ["Saturday this week", "march 2nd"], "destination_city": ["London", "London, England"], "origin_city": ["New York", "New York City"], "outbound_departure_time": ["6:20 pm"], "passengers": ["1"], "seating_class": ["Economy"]}}}], "speaker": "USER", "utterance": "Thank you. I won't need anything else."}, {"frames": [{"actions": [{"act": "GOODBYE", "canonical_values": [], "slot": "", "values": []}], "service": "Flights_1", "slots": []}], "speaker": "SYSTEM", "utterance": "Enjoy your day."}]}]