[{"dialogue_id": "122_00000", "services": ["RentalCars_2", "Hotels_3"], "turns": [{"frames": [{"actions": [{"act": "INFORM", "canonical_values": ["Full-size"], "slot": "car_type", "values": ["Full-size"]}, {"act": "INFORM", "canonical_values": ["2019-03-10"], "slot": "pickup_date", "values": ["March 10th"]}, {"act": "INFORM", "canonical_values": ["New York"], "slot": "pickup_city", "values": ["New York"]}, {"act": "INFORM_INTENT", "canonical_values": ["GetCarsAvailable"], "slot": "intent", "values": ["GetCarsAvailable"]}], "service": "RentalCars_2", "slots": [{"exclusive_end": 53, "slot": "pickup_date", "start": 43}, {"exclusive_end": 65, "slot": "pickup_city", "start": 57}], "state": {"active_intent": "GetCarsAvailable", "requested_slots": [], "slot_values": {"car_type": ["Full-size"], "pickup_city": ["New York"], "pickup_date": ["March 10th"]}}}], "speaker": "USER", "utterance": "Can you help me find a large rental car on March 10th in New York?"}, {"frames": [{"actions": [{"act": "REQUEST", "canonical_values": [], "slot": "dropoff_date", "values": []}, {"act": "REQUEST", "canonical_values": [], "slot": "pickup_time", "values": []}], "service": "RentalCars_2", "slots": []}], "speaker": "SYSTEM", "utterance": "What's the return date? And what's the pickup time?"}, {"frames": [{"actions": [{"act": "INFORM", "canonical_values": ["2019-03-13"], "slot": "dropoff_date", "values": ["13th of March"]}, {"act": "INFORM", "canonical_values": ["15:30"], "slot": "pickup_time", "values": ["3:30 pm"]}], "service": "RentalCars_2", "slots": [{"exclusive_end": 35, "slot": "dropoff_date", "start": 22}, {"exclusive_end": 68, "slot": "pickup_time", "start": 61}], "state": {"active_intent": "GetCarsAvailable", "requested_slots": [], "slot_values": {"car_type": ["Full-size"], "dropoff_date": ["13th of March"], "pickup_city": ["New York"], "pickup_date": ["March 10th"], "pickup_time": ["3:30 pm"]}}}], "speaker": "USER", "utterance": "I'll return it on the 13th of March. I need to pick it up at 3:30 pm."}, {"frames": [{"actions": [{"act": "OFFER", "canonical_values": ["Port Authority Station"], "slot": "pickup_location", "values": ["Port Authority Station"]}, {"act": "OFFER", "canonical_values": ["2019-03-10"], "slot": "pickup_date", "values": ["March 10th"]}, {"act": "OFFER", "canonical_values": ["Full-size"], "slot": "car_type", "values": ["Full-size"]}, {"act": "OFFER", "canonical_values": ["Chevrolet Equinox"], "slot": "car_name", "values": ["Chevrolet Equinox"]}, {"act": "INFORM_COUNT", "canonical_values": ["5"], "slot": "count", "values": ["5"]}], "service": "RentalCars_2", "service_call": {"method": "GetCarsAvailable", "parameters": {"car_type": "Full-size", "dropoff_date": "2019-03-13", "pickup_city": "New York", "pickup_date": "2019-03-10", "pickup_time": "15:30"}}, "service_results": [{"car_name": "Chevrolet Equinox", "car_type": "Full-size", "dropoff_date": "2019-03-13", "pickup_city": "New York", "pickup_date": "2019-03-10", "pickup_location": "Port Authority Station", "pickup_time": "15:30", "total_price": "135"}, {"car_name": "Ford Escape", "car_type": "Full-size", "dropoff_date": "2019-03-13", "pickup_city": "New York", "pickup_date": "2019-03-10", "pickup_location": "JFK International Airport", "pickup_time": "15:30", "total_price": "123"}, {"car_name": "Hyundai Tucson", "car_type": "Full-size", "dropoff_date": "2019-03-13", "pickup_city": "New York", "pickup_date": "2019-03-10", "pickup_location": "Port Authority Station", "pickup_time": "15:30", "total_price": "111"}, {"car_name": "Jeep Cherokee", "car_type": "Full-size", "dropoff_date": "2019-03-13", "pickup_city": "New York", "pickup_date": "2019-03-10", "pickup_location": "Grand Central Station", "pickup_time": "15:30", "total_price": "120"}, {"car_name": "Subaru Forester", "car_type": "Full-size", "dropoff_date": "2019-03-13", "pickup_city": "New York", "pickup_date": "2019-03-10", "pickup_location": "Grand Central Station", "pickup_time": "15:30", "total_price": "117"}], "slots": [{"exclusive_end": 77, "slot": "pickup_location", "start": 55}, {"exclusive_end": 91, "slot": "pickup_date", "start": 81}, {"exclusive_end": 134, "slot": "car_name", "start": 117}]}], "speaker": "SYSTEM", "utterance": "I have 5 cars that you might like. One is available at Port Authority Station on March 10th. It's a full-size car; a Chevrolet Equinox."}, {"frames": [{"actions": [{"act": "REQUEST", "canonical_values": [], "slot": "total_price", "values": []}], "service": "RentalCars_2", "slots": [], "state": {"active_intent": "GetCarsAvailable", "requested_slots": ["total_price"], "slot_values": {"car_type": ["Full-size"], "dropoff_date": ["13th of March"], "pickup_city": ["New York"], "pickup_date": ["March 10th"], "pickup_time": ["3:30 pm"]}}}], "speaker": "USER", "utterance": "What's the total cost for that?"}, {"frames": [{"actions": [{"act": "INFORM", "canonical_values": ["135"], "slot": "total_price", "values": ["$135"]}], "service": "RentalCars_2", "slots": [{"exclusive_end": 28, "slot": "total_price", "start": 24}]}], "speaker": "SYSTEM", "utterance": "The reservation will be $135 total."}, {"frames": [{"actions": [{"act": "INFORM", "canonical_values": ["Compact"], "slot": "car_type", "values": ["Compact"]}, {"act": "INFORM", "canonical_values": ["2019-03-11"], "slot": "dropoff_date", "values": ["11th of March"]}, {"act": "REQUEST_ALTS", "canonical_values": [], "slot": "", "values": []}], "service": "RentalCars_2", "slots": [{"exclusive_end": 62, "slot": "dropoff_date", "start": 49}], "state": {"active_intent": "GetCarsAvailable", "requested_slots": [], "slot_values": {"car_type": ["Compact"], "dropoff_date": ["11th of March"], "pickup_city": ["New York"], "pickup_date": ["March 10th"], "pickup_time": ["3:30 pm"]}}}], "speaker": "USER", "utterance": "Are there any small cars? I'll need it until the 11th of March."}, {"frames": [{"actions": [{"act": "OFFER", "canonical_values": ["Port Authority Station"], "slot": "pickup_location", "values": ["Port Authority Station"]}, {"act": "OFFER", "canonical_values": ["2019-03-10"], "slot": "pickup_date", "values": ["March 10th"]}, {"act": "OFFER", "canonical_values": ["Compact"], "slot": "car_type", "values": ["Compact"]}, {"act": "OFFER", "canonical_values": ["Chevrolet Bolt"], "slot": "car_name", "values": ["Chevrolet Bolt"]}, {"act": "INFORM_COUNT", "canonical_values": ["6"], "slot": "count", "values": ["6"]}], "service": "RentalCars_2", "service_call": {"method": "GetCarsAvailable", "parameters": {"car_type": "Compact", "dropoff_date": "2019-03-11", "pickup_city": "New York", "pickup_date": "2019-03-10", "pickup_time": "15:30"}}, "service_results": [{"car_name": "Chevrolet Bolt", "car_type": "Compact", "dropoff_date": "2019-03-11", "pickup_city": "New York", "pickup_date": "2019-03-10", "pickup_location": "Port Authority Station", "pickup_time": "15:30", "total_price": "24"}, {"car_name": "Honda Fit", "car_type": "Compact", "dropoff_date": "2019-03-11", "pickup_city": "New York", "pickup_date": "2019-03-10", "pickup_location": "Grand Central Station", "pickup_time": "15:30", "total_price": "23"}, {"car_name": "Kia Forte", "car_type": "Compact", "dropoff_date": "2019-03-11", "pickup_city": "New York", "pickup_date": "2019-03-10", "pickup_location": "Port Authority Station", "pickup_time": "15:30", "total_price": "26"}, {"car_name": "Mini Cooper", "car_type": "Compact", "dropoff_date": "2019-03-11", "pickup_city": "New York", "pickup_date": "2019-03-10", "pickup_location": "JFK International Airport", "pickup_time": "15:30", "total_price": "29"}, {"car_name": "Nissan Leaf", "car_type": "Compact", "dropoff_date": "2019-03-11", "pickup_city": "New York", "pickup_date": "2019-03-10", "pickup_location": "Port Authority Station", "pickup_time": "15:30", "total_price": "25"}, {"car_name": "Volkswagen Golf", "car_type": "Compact", "dropoff_date": "2019-03-11", "pickup_city": "New York", "pickup_date": "2019-03-10", "pickup_location": "Port Authority Station", "pickup_time": "15:30", "total_price": "28"}], "slots": [{"exclusive_end": 93, "slot": "pickup_location", "start": 71}, {"exclusive_end": 107, "slot": "pickup_date", "start": 97}, {"exclusive_end": 51, "slot": "car_name", "start": 37}]}], "speaker": "SYSTEM", "utterance": "I found 6 cars. One compact car -- a Chevrolet Bolt -- is available at Port Authority Station on March 10th."}, {"frames": [{"actions": [{"act": "REQUEST", "canonical_values": [], "slot": "total_price", "values": []}], "service": "RentalCars_2", "slots": [], "state": {"active_intent": "GetCarsAvailable", "requested_slots": ["total_price"], "slot_values": {"car_type": ["Compact"], "dropoff_date": ["11th of March"], "pickup_city": ["New York"], "pickup_date": ["March 10th"], "pickup_time": ["3:30 pm"]}}}], "speaker": "USER", "utterance": "What's the total cost for that one?"}, {"frames": [{"actions": [{"act": "INFORM", "canonical_values": ["24"], "slot": "total_price", "values": ["$24"]}], "service": "RentalCars_2", "slots": [{"exclusive_end": 16, "slot": "total_price", "start": 13}]}], "speaker": "SYSTEM", "utterance": "That will be $24 total."}, {"frames": [{"actions": [{"act": "INFORM", "canonical_values": ["2019-03-08"], "slot": "pickup_date", "values": ["the 8th"]}, {"act": "INFORM", "canonical_values": ["17:00"], "slot": "pickup_time", "values": ["5 in the evening"]}, {"act": "REQUEST_ALTS", "canonical_values": [], "slot": "", "values": []}], "service": "RentalCars_2", "slots": [{"exclusive_end": 59, "slot": "pickup_date", "start": 52}, {"exclusive_end": 99, "slot": "pickup_time", "start": 83}], "state": {"active_intent": "GetCarsAvailable", "requested_slots": [], "slot_values": {"car_type": ["Compact"], "dropoff_date": ["11th of March"], "pickup_city": ["New York"], "pickup_date": ["the 8th"], "pickup_time": ["5 in the evening"]}}}], "speaker": "USER", "utterance": "Is there anything else available? I need the car on the 8th and I'll pick it up at 5 in the evening."}, {"frames": [{"actions": [{"act": "OFFER", "canonical_values": ["Grand Central Station"], "slot": "pickup_location", "values": ["Grand Central Station"]}, {"act": "OFFER", "canonical_values": ["2019-03-08"], "slot": "pickup_date", "values": ["March 8th"]}, {"act": "OFFER", "canonical_values": ["Compact"], "slot": "car_type", "values": ["Compact"]}, {"act": "OFFER", "canonical_values": ["Honda Fit"], "slot": "car_name", "values": ["Honda Fit"]}, {"act": "INFORM_COUNT", "canonical_values": ["5"], "slot": "count", "values": ["5"]}], "service": "RentalCars_2", "service_call": {"method": "GetCarsAvailable", "parameters": {"car_type": "Compact", "dropoff_date": "2019-03-11", "pickup_city": "New York", "pickup_date": "2019-03-08", "pickup_time": "17:00"}}, "service_results": [{"car_name": "Chevrolet Bolt", "car_type": "Compact", "dropoff_date": "2019-03-11", "pickup_city": "New York", "pickup_date": "2019-03-08", "pickup_location": "Port Authority Station", "pickup_time": "17:00", "total_price": "78"}, {"car_name": "Honda Fit", "car_type": "Compact", "dropoff_date": "2019-03-11", "pickup_city": "New York", "pickup_date": "2019-03-08", "pickup_location": "Grand Central Station", "pickup_time": "17:00", "total_price": "81"}, {"car_name": "Kia Forte", "car_type": "Compact", "dropoff_date": "2019-03-11", "pickup_city": "New York", "pickup_date": "2019-03-08", "pickup_location": "Port Authority Station", "pickup_time": "17:00", "total_price": "90"}, {"car_name": "Mini Cooper", "car_type": "Compact", "dropoff_date": "2019-03-11", "pickup_city": "New York", "pickup_date": "2019-03-08", "pickup_location": "JFK International Airport", "pickup_time": "17:00", "total_price": "75"}, {"car_name": "Nissan Leaf", "car_type": "Compact", "dropoff_date": "2019-03-11", "pickup_city": "New York", "pickup_date": "2019-03-08", "pickup_location": "Port Authority Station", "pickup_time": "17:00", "total_price": "78"}], "slots": [{"exclusive_end": 110, "slot": "pickup_location", "start": 89}, {"exclusive_end": 85, "slot": "pickup_date", "start": 76}, {"exclusive_end": 42, "slot": "car_name", "start": 33}]}], "speaker": "SYSTEM", "utterance": "I found 5 cars for you. One is a Honda Fit -- a compact car -- available on March 8th at Grand Central Station."}, {"frames": [{"actions": [{"act": "SELECT", "canonical_values": [], "slot": "", "values": []}], "service": "RentalCars_2", "slots": [], "state": {"active_intent": "GetCarsAvailable", "requested_slots": [], "slot_values": {"car_type": ["Compact"], "dropoff_date": ["11th of March"], "pickup_city": ["New York"], "pickup_date": ["March 8th", "the 8th"], "pickup_location": ["Grand Central Station"], "pickup_time": ["5 in the evening"]}}}], "speaker": "USER", "utterance": "That one sounds great."}, {"frames": [{"actions": [{"act": "OFFER_INTENT", "canonical_values": ["ReserveCar"], "slot": "intent", "values": ["ReserveCar"]}], "service": "RentalCars_2", "slots": []}], "speaker": "SYSTEM", "utterance": "Do you want me to reserve it?"}, {"frames": [{"actions": [{"act": "AFFIRM_INTENT", "canonical_values": [], "slot": "", "values": []}], "service": "RentalCars_2", "slots": [], "state": {"active_intent": "ReserveCar", "requested_slots": [], "slot_values": {"car_type": ["Compact"], "dropoff_date": ["11th of March"], "pickup_city": ["New York"], "pickup_date": ["March 8th", "the 8th"], "pickup_location": ["Grand Central Station"], "pickup_time": ["5 in the evening"]}}}], "speaker": "USER", "utterance": "Yes, please. Reserve it for me."}, {"frames": [{"actions": [{"act": "CONFIRM", "canonical_values": ["Grand Central Station"], "slot": "pickup_location", "values": ["Grand Central Station"]}, {"act": "CONFIRM", "canonical_values": ["2019-03-08"], "slot": "pickup_date", "values": ["March 8th"]}, {"act": "CONFIRM", "canonical_values": ["17:00"], "slot": "pickup_time", "values": ["5 pm"]}, {"act": "CONFIRM", "canonical_values": ["2019-03-11"], "slot": "dropoff_date", "values": ["March 11th"]}, {"act": "CONFIRM", "canonical_values": ["Compact"], "slot": "car_type", "values": ["Compact"]}], "service": "RentalCars_2", "slots": [{"exclusive_end": 74, "slot": "pickup_location", "start": 53}, {"exclusive_end": 87, "slot": "pickup_date", "start": 78}, {"exclusive_end": 95, "slot": "pickup_time", "start": 91}, {"exclusive_end": 112, "slot": "dropoff_date", "start": 102}]}], "speaker": "SYSTEM", "utterance": "Please confirm: You'll be getting a compact car from Grand Central Station on March 8th at 5 pm until March 11th."}, {"frames": [{"actions": [{"act": "REQUEST", "canonical_values": [], "slot": "total_price", "values": []}, {"act": "AFFIRM", "canonical_values": [], "slot": "", "values": []}], "service": "RentalCars_2", "slots": [], "state": {"active_intent": "ReserveCar", "requested_slots": ["total_price"], "slot_values": {"car_type": ["Compact"], "dropoff_date": ["11th of March", "March 11th"], "pickup_city": ["New York"], "pickup_date": ["March 8th", "the 8th"], "pickup_location": ["Grand Central Station"], "pickup_time": ["5 in the evening", "5 pm"]}}}], "speaker": "USER", "utterance": "Yes, that'll be great. What's the cost on that?"}, {"frames": [{"actions": [{"act": "INFORM", "canonical_values": ["81"], "slot": "total_price", "values": ["$81"]}, {"act": "NOTIFY_SUCCESS", "canonical_values": [], "slot": "", "values": []}], "service": "RentalCars_2", "service_call": {"method": "ReserveCar", "parameters": {"car_type": "Compact", "dropoff_date": "2019-03-11", "pickup_date": "2019-03-08", "pickup_location": "Grand Central Station", "pickup_time": "17:00"}}, "service_results": [{"car_name": "Honda Fit", "car_type": "Compact", "dropoff_date": "2019-03-11", "pickup_date": "2019-03-08", "pickup_location": "Grand Central Station", "pickup_time": "17:00", "total_price": "81"}], "slots": [{"exclusive_end": 38, "slot": "total_price", "start": 35}]}], "speaker": "SYSTEM", "utterance": "It's been reserved. It'll cost you $81 total."}, {"frames": [{"actions": [{"act": "THANK_YOU", "canonical_values": [], "slot": "", "values": []}], "service": "RentalCars_2", "slots": [], "state": {"active_intent": "ReserveCar", "requested_slots": [], "slot_values": {"car_type": ["Compact"], "dropoff_date": ["11th of March", "March 11th"], "pickup_city": ["New York"], "pickup_date": ["March 8th", "the 8th"], "pickup_location": ["Grand Central Station"], "pickup_time": ["5 in the evening", "5 pm"]}}}, {"actions": [{"act": "INFORM_INTENT", "canonical_values": ["SearchHotel"], "slot": "intent", "values": ["SearchHotel"]}], "service": "Hotels_3", "slots": [], "state": {"active_intent": "SearchHotel", "requested_slots": [], "slot_values": {"location": ["New York"]}}}], "speaker": "USER", "utterance": "Thanks so much for your help. Can you also find me a hotel?"}, {"frames": [{"actions": [{"act": "OFFER", "canonical_values": ["1 Hotel Brooklyn Bridge"], "slot": "hotel_name", "values": ["1 Hotel Brooklyn Bridge"]}, {"act": "OFFER", "canonical_values": ["4.50"], "slot": "average_rating", "values": ["4.5"]}], "service": "Hotels_3", "service_call": {"method": "SearchHotel", "parameters": {"location": "New York"}}, "service_results": [{"average_rating": "4.50", "hotel_name": "1 Hotel Brooklyn Bridge", "location": "New York", "number_of_rooms": "3", "pets_welcome": "True", "phone_number": "+1 833-625-6111", "price": "360", "street_address": "60 Furman Street, Brooklyn"}, {"average_rating": "4.50", "hotel_name": "1 Hotel Central Park", "location": "New York", "number_of_rooms": "3", "pets_welcome": "True", "phone_number": "+1 212-703-2001", "price": "1680", "street_address": "1414 6th Avenue"}, {"average_rating": "4.30", "hotel_name": "11 Howard", "location": "New York", "number_of_rooms": "1", "pets_welcome": "False", "phone_number": "+1 212-235-1111", "price": "544", "street_address": "11 Howard Street"}, {"average_rating": "4.00", "hotel_name": "6 Columbus Hotel", "location": "New York", "number_of_rooms": "3", "pets_welcome": "True", "phone_number": "+1 212-204-3000", "price": "1440", "street_address": "308 West 58th Street"}, {"average_rating": "4.50", "hotel_name": "Ac Hotel New York Times Square", "location": "New York", "number_of_rooms": "2", "pets_welcome": "False", "phone_number": "+1 212-398-2700", "price": "280", "street_address": "260 West 40th Street"}, {"average_rating": "4.30", "hotel_name": "Ace Hotel", "location": "New York", "number_of_rooms": "1", "pets_welcome": "True", "phone_number": "+1 212-991-0551", "price": "720", "street_address": "20 West 29th Street"}, {"average_rating": "3.90", "hotel_name": "Adria Hotel & Conference Center", "location": "New York", "number_of_rooms": "3", "pets_welcome": "False", "phone_number": "+1 718-631-5900", "price": "648", "street_address": "221-17 Northern Boulevard, Bayside"}, {"average_rating": "4.40", "hotel_name": "Aka Central Park", "location": "New York", "number_of_rooms": "3", "pets_welcome": "False", "phone_number": "+1 646-744-3100", "price": "1536", "street_address": "42 West 58th Street"}, {"average_rating": "4.40", "hotel_name": "Aka Times Square", "location": "New York", "number_of_rooms": "2", "pets_welcome": "True", "phone_number": "+1 212-764-5700", "price": "1440", "street_address": "123 West 44th Street"}, {"average_rating": "4.60", "hotel_name": "Aka Wall Street", "location": "New York", "number_of_rooms": "2", "pets_welcome": "False", "phone_number": "+1 212-252-9090", "price": "832", "street_address": "84 William Street"}], "slots": [{"exclusive_end": 33, "slot": "hotel_name", "start": 10}, {"exclusive_end": 45, "slot": "average_rating", "start": 42}]}], "speaker": "SYSTEM", "utterance": "How about 1 Hotel Brooklyn Bridge, with a 4.5 rating?"}, {"frames": [{"actions": [{"act": "REQUEST_ALTS", "canonical_values": [], "slot": "", "values": []}], "service": "Hotels_3", "slots": [], "state": {"active_intent": "SearchHotel", "requested_slots": [], "slot_values": {"location": ["New York"]}}}], "speaker": "USER", "utterance": "Is there anything else?"}, {"frames": [{"actions": [{"act": "OFFER", "canonical_values": ["1 Hotel Central Park"], "slot": "hotel_name", "values": ["1 Hotel Central Park"]}, {"act": "OFFER", "canonical_values": ["4.50"], "slot": "average_rating", "values": ["4.5"]}], "service": "Hotels_3", "slots": [{"exclusive_end": 30, "slot": "hotel_name", "start": 10}, {"exclusive_end": 42, "slot": "average_rating", "start": 39}]}], "speaker": "SYSTEM", "utterance": "How about 1 Hotel Central Park, with a 4.5 rating?"}, {"frames": [{"actions": [{"act": "REQUEST_ALTS", "canonical_values": [], "slot": "", "values": []}], "service": "Hotels_3", "slots": [], "state": {"active_intent": "SearchHotel", "requested_slots": [], "slot_values": {"location": ["New York"]}}}], "speaker": "USER", "utterance": "How about something else?"}, {"frames": [{"actions": [{"act": "OFFER", "canonical_values": ["11 Howard"], "slot": "hotel_name", "values": ["11 Howard"]}, {"act": "OFFER", "canonical_values": ["4.30"], "slot": "average_rating", "values": ["4.3"]}], "service": "Hotels_3", "slots": [{"exclusive_end": 17, "slot": "hotel_name", "start": 8}, {"exclusive_end": 37, "slot": "average_rating", "start": 34}]}], "speaker": "SYSTEM", "utterance": "I found 11 Howard, which is rated 4.3."}, {"frames": [{"actions": [{"act": "SELECT", "canonical_values": [], "slot": "", "values": []}, {"act": "GOODBYE", "canonical_values": [], "slot": "", "values": []}], "service": "Hotels_3", "slots": [], "state": {"active_intent": "SearchHotel", "requested_slots": [], "slot_values": {"hotel_name": ["11 Howard"], "location": ["New York"]}}}], "speaker": "USER", "utterance": "That one's great. That'll be all I need."}, {"frames": [{"actions": [{"act": "GOODBYE", "canonical_values": [], "slot": "", "values": []}], "service": "Hotels_3", "slots": []}], "speaker": "SYSTEM", "utterance": "Have a wonderful day!"}]}, {"dialogue_id": "122_00001", "services": ["RentalCars_2", "Hotels_3"], "turns": [{"frames": [{"actions": [{"act": "INFORM_INTENT", "canonical_values": ["GetCarsAvailable"], "slot": "intent", "values": ["GetCarsAvailable"]}], "service": "RentalCars_2", "slots": [], "state": {"active_intent": "GetCarsAvailable", "requested_slots": [], "slot_values": {}}}], "speaker": "USER", "utterance": "Hello! Can you help me reserve a rental car?"}, {"frames": [{"actions": [{"act": "REQUEST", "canonical_values": [], "slot": "pickup_time", "values": []}], "service": "RentalCars_2", "slots": []}], "speaker": "SYSTEM", "utterance": "I'd be happy to help. When will you be picking it up?"}, {"frames": [{"actions": [{"act": "INFORM", "canonical_values": ["19:45"], "slot": "pickup_time", "values": ["quarter to 8 in the evening"]}], "service": "RentalCars_2", "slots": [{"exclusive_end": 53, "slot": "pickup_time", "start": 26}], "state": {"active_intent": "GetCarsAvailable", "requested_slots": [], "slot_values": {"pickup_time": ["quarter to 8 in the evening"]}}}], "speaker": "USER", "utterance": "I'd like to pick it up at quarter to 8 in the evening."}, {"frames": [{"actions": [{"act": "REQUEST", "canonical_values": [], "slot": "pickup_date", "values": []}, {"act": "REQUEST", "canonical_values": [], "slot": "pickup_city", "values": []}], "service": "RentalCars_2", "slots": []}], "speaker": "SYSTEM", "utterance": "Where are you planning to pick it up and what day?"}, {"frames": [{"actions": [{"act": "INFORM", "canonical_values": ["2019-03-02"], "slot": "pickup_date", "values": ["the 2nd"]}, {"act": "INFORM", "canonical_values": ["Sacramento"], "slot": "pickup_city", "values": ["Sacramento"]}], "service": "RentalCars_2", "slots": [{"exclusive_end": 38, "slot": "pickup_date", "start": 31}, {"exclusive_end": 27, "slot": "pickup_city", "start": 17}], "state": {"active_intent": "GetCarsAvailable", "requested_slots": [], "slot_values": {"pickup_city": ["Sacramento"], "pickup_date": ["the 2nd"], "pickup_time": ["quarter to 8 in the evening"]}}}], "speaker": "USER", "utterance": "I am arriving in Sacramento on the 2nd."}, {"frames": [{"actions": [{"act": "REQUEST", "canonical_values": [], "slot": "dropoff_date", "values": []}], "service": "RentalCars_2", "slots": []}], "speaker": "SYSTEM", "utterance": "How long will you need it?"}, {"frames": [{"actions": [{"act": "INFORM", "canonical_values": ["Standard"], "slot": "car_type", "values": ["Standard"]}, {"act": "INFORM", "canonical_values": ["15:30"], "slot": "pickup_time", "values": ["15:30"]}, {"act": "INFORM", "canonical_values": ["2019-03-07"], "slot": "dropoff_date", "values": ["Thursday next week"]}], "service": "RentalCars_2", "slots": [{"exclusive_end": 96, "slot": "pickup_time", "start": 91}, {"exclusive_end": 37, "slot": "dropoff_date", "start": 19}], "state": {"active_intent": "GetCarsAvailable", "requested_slots": [], "slot_values": {"car_type": ["Standard"], "dropoff_date": ["Thursday next week"], "pickup_city": ["Sacramento"], "pickup_date": ["the 2nd"], "pickup_time": ["15:30"]}}}], "speaker": "USER", "utterance": "I'll need it until Thursday next week. I prefer a standard car and I want to pick it up at 15:30."}, {"frames": [{"actions": [{"act": "OFFER", "canonical_values": ["SMF International Airport"], "slot": "pickup_location", "values": ["SMF International Airport"]}, {"act": "OFFER", "canonical_values": ["2019-03-02"], "slot": "pickup_date", "values": ["March 2nd"]}, {"act": "OFFER", "canonical_values": ["Standard"], "slot": "car_type", "values": ["Standard"]}, {"act": "OFFER", "canonical_values": ["Ford Fusion"], "slot": "car_name", "values": ["Ford Fusion"]}, {"act": "INFORM_COUNT", "canonical_values": ["5"], "slot": "count", "values": ["5"]}], "service": "RentalCars_2", "service_call": {"method": "GetCarsAvailable", "parameters": {"car_type": "Standard", "dropoff_date": "2019-03-07", "pickup_city": "Sacramento", "pickup_date": "2019-03-02", "pickup_time": "15:30"}}, "service_results": [{"car_name": "Ford Fusion", "car_type": "Standard", "dropoff_date": "2019-03-07", "pickup_city": "Sacramento", "pickup_date": "2019-03-02", "pickup_location": "SMF International Airport", "pickup_time": "15:30", "total_price": "170"}, {"car_name": "Honda Accord", "car_type": "Standard", "dropoff_date": "2019-03-07", "pickup_city": "Sacramento", "pickup_date": "2019-03-02", "pickup_location": "SMF International Airport", "pickup_time": "15:30", "total_price": "175"}, {"car_name": "Honda Civic", "car_type": "Standard", "dropoff_date": "2019-03-07", "pickup_city": "Sacramento", "pickup_date": "2019-03-02", "pickup_location": "SMF International Airport", "pickup_time": "15:30", "total_price": "180"}, {"car_name": "Toyota Camry", "car_type": "Standard", "dropoff_date": "2019-03-07", "pickup_city": "Sacramento", "pickup_date": "2019-03-02", "pickup_location": "Sacramento Valley Station", "pickup_time": "15:30", "total_price": "135"}, {"car_name": "Toyota Corolla", "car_type": "Standard", "dropoff_date": "2019-03-07", "pickup_city": "Sacramento", "pickup_date": "2019-03-02", "pickup_location": "Sacramento Valley Station", "pickup_time": "15:30", "total_price": "160"}], "slots": [{"exclusive_end": 121, "slot": "pickup_location", "start": 96}, {"exclusive_end": 134, "slot": "pickup_date", "start": 125}, {"exclusive_end": 154, "slot": "car_name", "start": 143}]}], "speaker": "SYSTEM", "utterance": "There are 5 options that might suit your needs. There is a Standard car available for pickup at SMF International Airport on March 2nd. It's a Ford Fusion."}, {"frames": [{"actions": [{"act": "INFORM_INTENT", "canonical_values": ["ReserveCar"], "slot": "intent", "values": ["ReserveCar"]}, {"act": "SELECT", "canonical_values": [], "slot": "", "values": []}], "service": "RentalCars_2", "slots": [], "state": {"active_intent": "ReserveCar", "requested_slots": [], "slot_values": {"car_type": ["Standard"], "dropoff_date": ["Thursday next week"], "pickup_city": ["Sacramento"], "pickup_date": ["March 2nd", "the 2nd"], "pickup_location": ["SMF International Airport"], "pickup_time": ["15:30"]}}}], "speaker": "USER", "utterance": "That works for me. I'd like to reserve this one."}, {"frames": [{"actions": [{"act": "CONFIRM", "canonical_values": ["SMF International Airport"], "slot": "pickup_location", "values": ["SMF International Airport"]}, {"act": "CONFIRM", "canonical_values": ["2019-03-02"], "slot": "pickup_date", "values": ["March 2nd"]}, {"act": "CONFIRM", "canonical_values": ["15:30"], "slot": "pickup_time", "values": ["3:30 pm"]}, {"act": "CONFIRM", "canonical_values": ["2019-03-07"], "slot": "dropoff_date", "values": ["March 7th"]}, {"act": "CONFIRM", "canonical_values": ["Standard"], "slot": "car_type", "values": ["Standard"]}], "service": "RentalCars_2", "slots": [{"exclusive_end": 91, "slot": "pickup_location", "start": 66}, {"exclusive_end": 49, "slot": "pickup_date", "start": 40}, {"exclusive_end": 60, "slot": "pickup_time", "start": 53}, {"exclusive_end": 118, "slot": "dropoff_date", "start": 109}]}], "speaker": "SYSTEM", "utterance": "You'd like to pick up a Standard car on March 2nd at 3:30 pm from SMF International Airport and return it on March 7th. Is that correct?"}, {"frames": [{"actions": [{"act": "REQUEST", "canonical_values": [], "slot": "total_price", "values": []}, {"act": "AFFIRM", "canonical_values": [], "slot": "", "values": []}], "service": "RentalCars_2", "slots": [], "state": {"active_intent": "ReserveCar", "requested_slots": ["total_price"], "slot_values": {"car_type": ["Standard"], "dropoff_date": ["March 7th", "Thursday next week"], "pickup_city": ["Sacramento"], "pickup_date": ["March 2nd", "the 2nd"], "pickup_location": ["SMF International Airport"], "pickup_time": ["15:30", "3:30 pm"]}}}], "speaker": "USER", "utterance": "That is correct. Can you tell me what the total will be?"}, {"frames": [{"actions": [{"act": "INFORM", "canonical_values": ["170"], "slot": "total_price", "values": ["$170"]}, {"act": "NOTIFY_SUCCESS", "canonical_values": [], "slot": "", "values": []}], "service": "RentalCars_2", "service_call": {"method": "ReserveCar", "parameters": {"car_type": "Standard", "dropoff_date": "2019-03-07", "pickup_date": "2019-03-02", "pickup_location": "SMF International Airport", "pickup_time": "15:30"}}, "service_results": [{"car_name": "Ford Fusion", "car_type": "Standard", "dropoff_date": "2019-03-07", "pickup_date": "2019-03-02", "pickup_location": "SMF International Airport", "pickup_time": "15:30", "total_price": "170"}], "slots": [{"exclusive_end": 52, "slot": "total_price", "start": 48}]}], "speaker": "SYSTEM", "utterance": "The reservation have been confirmed and will be $170."}, {"frames": [{"actions": [{"act": "INFORM_INTENT", "canonical_values": ["SearchHotel"], "slot": "intent", "values": ["SearchHotel"]}], "service": "Hotels_3", "slots": [], "state": {"active_intent": "SearchHotel", "requested_slots": [], "slot_values": {"location": ["Sacramento"]}}}], "speaker": "USER", "utterance": "Can you help me find a hotel there?"}, {"frames": [{"actions": [{"act": "OFFER", "canonical_values": ["Best Western Plus Sutter House"], "slot": "hotel_name", "values": ["Best Western Plus Sutter House"]}, {"act": "OFFER", "canonical_values": ["4.30"], "slot": "average_rating", "values": ["4.3"]}], "service": "Hotels_3", "service_call": {"method": "SearchHotel", "parameters": {"location": "Sacramento"}}, "service_results": [{"average_rating": "4.30", "hotel_name": "Best Western Plus Sutter House", "location": "Sacramento", "number_of_rooms": "1", "pets_welcome": "False", "phone_number": "+1 916-441-1314", "price": "924", "street_address": "1100 H Street"}, {"average_rating": "4.10", "hotel_name": "Courtyard By Marriott Sacramento Midtown", "location": "Sacramento", "number_of_rooms": "3", "pets_welcome": "False", "phone_number": "+1 916-455-6800", "price": "324", "street_address": "4422 Y Street"}, {"average_rating": "4.10", "hotel_name": "Doubletree By Hilton Hotel Sacramento", "location": "Sacramento", "number_of_rooms": "2", "pets_welcome": "True", "phone_number": "+1 916-929-8855", "price": "720", "street_address": "2001 Point West Way"}, {"average_rating": "4.40", "hotel_name": "Embassy Suites By Hilton Sacramento Riverfront Promenade", "location": "Sacramento", "number_of_rooms": "2", "pets_welcome": "False", "phone_number": "+1 916-326-5000", "price": "416", "street_address": "100 Capitol Mall"}, {"average_rating": "4.10", "hotel_name": "Fairfield Inn By Marriott Sacramento Cal Expo", "location": "Sacramento", "number_of_rooms": "3", "pets_welcome": "False", "phone_number": "+1 916-920-5300", "price": "336", "street_address": "1780 Tribute Road"}, {"average_rating": "3.50", "hotel_name": "Four Points By Sheraton Sacramento International Airport", "location": "Sacramento", "number_of_rooms": "2", "pets_welcome": "False", "phone_number": "+1 916-263-9000", "price": "468", "street_address": "4900 Duckhorn Drive"}, {"average_rating": "4.30", "hotel_name": "Hilton Garden Inn Sacramento/South Natomas", "location": "Sacramento", "number_of_rooms": "1", "pets_welcome": "False", "phone_number": "+1 916-568-5400", "price": "560", "street_address": "2540 Venture Oaks Way"}, {"average_rating": "4.20", "hotel_name": "Hilton Sacramento Arden West", "location": "Sacramento", "number_of_rooms": "3", "pets_welcome": "True", "phone_number": "+1 916-922-4700", "price": "2268", "street_address": "2200 Harvard Street"}, {"average_rating": "3.80", "hotel_name": "Holiday Inn Express Sacramento Convention Center", "location": "Sacramento", "number_of_rooms": "3", "pets_welcome": "True", "phone_number": "+1 916-444-4436", "price": "1710", "street_address": "728 16th Street"}, {"average_rating": "4.10", "hotel_name": "Holiday Inn Sacramento Downtown - Arena", "location": "Sacramento", "number_of_rooms": "1", "pets_welcome": "False", "phone_number": "+1 916-446-0100", "price": "80", "street_address": "300 J Street"}], "slots": [{"exclusive_end": 46, "slot": "hotel_name", "start": 16}, {"exclusive_end": 96, "slot": "average_rating", "start": 93}]}], "speaker": "SYSTEM", "utterance": "May I recommend Best Western Plus Sutter House? It is a nice hotel with an average rating of 4.3."}, {"frames": [{"actions": [{"act": "REQUEST", "canonical_values": [], "slot": "pets_welcome", "values": []}, {"act": "REQUEST", "canonical_values": [], "slot": "street_address", "values": []}], "service": "Hotels_3", "slots": [], "state": {"active_intent": "SearchHotel", "requested_slots": ["pets_welcome", "street_address"], "slot_values": {"location": ["Sacramento"]}}}], "speaker": "USER", "utterance": "Is it a pet-friendly hotel? Where is it located?"}, {"frames": [{"actions": [{"act": "INFORM", "canonical_values": ["1100 H Street"], "slot": "street_address", "values": ["1100 H Street"]}, {"act": "INFORM", "canonical_values": ["False"], "slot": "pets_welcome", "values": ["False"]}], "service": "Hotels_3", "slots": [{"exclusive_end": 77, "slot": "street_address", "start": 64}]}], "speaker": "SYSTEM", "utterance": "Unfortunately, it is not a pet-friendly hotel. It is located at 1100 H Street."}, {"frames": [{"actions": [{"act": "SELECT", "canonical_values": [], "slot": "", "values": []}], "service": "Hotels_3", "slots": [], "state": {"active_intent": "SearchHotel", "requested_slots": [], "slot_values": {"hotel_name": ["Best Western Plus Sutter House"], "location": ["Sacramento"]}}}], "speaker": "USER", "utterance": "That's okay. It will work."}, {"frames": [{"actions": [{"act": "REQ_MORE", "canonical_values": [], "slot": "", "values": []}], "service": "Hotels_3", "slots": []}], "speaker": "SYSTEM", "utterance": "Is there anything else I can do for you?"}, {"frames": [{"actions": [{"act": "NEGATE", "canonical_values": [], "slot": "", "values": []}, {"act": "THANK_YOU", "canonical_values": [], "slot": "", "values": []}], "service": "Hotels_3", "slots": [], "state": {"active_intent": "NONE", "requested_slots": [], "slot_values": {"hotel_name": ["Best Western Plus Sutter House"], "location": ["Sacramento"]}}}], "speaker": "USER", "utterance": "No, that will be all. Thank you."}, {"frames": [{"actions": [{"act": "GOODBYE", "canonical_values": [], "slot": "", "values": []}], "service": "Hotels_3", "slots": []}], "speaker": "SYSTEM", "utterance": "You're very welcome. Have a nice day."}]}, {"dialogue_id": "122_00002", "services": ["RentalCars_2", "Hotels_3"], "turns": [{"frames": [{"actions": [{"act": "INFORM", "canonical_values": ["Anaheim"], "slot": "pickup_city", "values": ["Anaheim"]}, {"act": "INFORM_INTENT", "canonical_values": ["GetCarsAvailable"], "slot": "intent", "values": ["GetCarsAvailable"]}], "service": "RentalCars_2", "slots": [{"exclusive_end": 37, "slot": "pickup_city", "start": 30}], "state": {"active_intent": "GetCarsAvailable", "requested_slots": [], "slot_values": {"pickup_city": ["Anaheim"]}}}], "speaker": "USER", "utterance": "I want to get a rental car in Anaheim."}, {"frames": [{"actions": [{"act": "REQUEST", "canonical_values": [], "slot": "pickup_time", "values": []}], "service": "RentalCars_2", "slots": []}], "speaker": "SYSTEM", "utterance": "At what time, exactly?"}, {"frames": [{"actions": [{"act": "INFORM", "canonical_values": ["17:00"], "slot": "pickup_time", "values": ["5 pm"]}], "service": "RentalCars_2", "slots": [{"exclusive_end": 7, "slot": "pickup_time", "start": 3}], "state": {"active_intent": "GetCarsAvailable", "requested_slots": [], "slot_values": {"pickup_city": ["Anaheim"], "pickup_time": ["5 pm"]}}}], "speaker": "USER", "utterance": "At 5 pm."}, {"frames": [{"actions": [{"act": "REQUEST", "canonical_values": [], "slot": "pickup_date", "values": []}, {"act": "REQUEST", "canonical_values": [], "slot": "dropoff_date", "values": []}], "service": "RentalCars_2", "slots": []}], "speaker": "SYSTEM", "utterance": "How long will you need the car?"}, {"frames": [{"actions": [{"act": "INFORM", "canonical_values": ["2019-03-07"], "slot": "dropoff_date", "values": ["March 7th"]}, {"act": "INFORM", "canonical_values": ["2019-03-06"], "slot": "pickup_date", "values": ["March 6th"]}], "service": "RentalCars_2", "slots": [{"exclusive_end": 27, "slot": "dropoff_date", "start": 18}, {"exclusive_end": 14, "slot": "pickup_date", "start": 5}], "state": {"active_intent": "GetCarsAvailable", "requested_slots": [], "slot_values": {"dropoff_date": ["March 7th"], "pickup_city": ["Anaheim"], "pickup_date": ["March 6th"], "pickup_time": ["5 pm"]}}}], "speaker": "USER", "utterance": "From March 6th to March 7th."}, {"frames": [{"actions": [{"act": "OFFER", "canonical_values": ["John Wayne Airport"], "slot": "pickup_location", "values": ["John Wayne Airport"]}, {"act": "OFFER", "canonical_values": ["2019-03-06"], "slot": "pickup_date", "values": ["March 6th"]}, {"act": "OFFER", "canonical_values": ["Standard"], "slot": "car_type", "values": ["Standard"]}, {"act": "OFFER", "canonical_values": ["Chevrolet Cruze"], "slot": "car_name", "values": ["Chevrolet Cruze"]}], "service": "RentalCars_2", "service_call": {"method": "GetCarsAvailable", "parameters": {"dropoff_date": "2019-03-07", "pickup_city": "Anaheim", "pickup_date": "2019-03-06", "pickup_time": "17:00"}}, "service_results": [{"car_name": "Chevrolet Cruze", "car_type": "Standard", "dropoff_date": "2019-03-07", "pickup_city": "Anaheim", "pickup_date": "2019-03-06", "pickup_location": "John Wayne Airport", "pickup_time": "17:00", "total_price": "35"}, {"car_name": "Ford Fusion", "car_type": "Standard", "dropoff_date": "2019-03-07", "pickup_city": "Anaheim", "pickup_date": "2019-03-06", "pickup_location": "John Wayne Airport", "pickup_time": "17:00", "total_price": "35"}, {"car_name": "Honda Accord", "car_type": "Standard", "dropoff_date": "2019-03-07", "pickup_city": "Anaheim", "pickup_date": "2019-03-06", "pickup_location": "John Wayne Airport", "pickup_time": "17:00", "total_price": "27"}, {"car_name": "Hyundai Elantra", "car_type": "Standard", "dropoff_date": "2019-03-07", "pickup_city": "Anaheim", "pickup_date": "2019-03-06", "pickup_location": "Anaheim Intermodal Center", "pickup_time": "17:00", "total_price": "30"}, {"car_name": "Nissan Altima", "car_type": "Standard", "dropoff_date": "2019-03-07", "pickup_city": "Anaheim", "pickup_date": "2019-03-06", "pickup_location": "John Wayne Airport", "pickup_time": "17:00", "total_price": "37"}, {"car_name": "Toyota Camry", "car_type": "Standard", "dropoff_date": "2019-03-07", "pickup_city": "Anaheim", "pickup_date": "2019-03-06", "pickup_location": "Anaheim Intermodal Center", "pickup_time": "17:00", "total_price": "31"}], "slots": [{"exclusive_end": 62, "slot": "pickup_location", "start": 44}, {"exclusive_end": 101, "slot": "pickup_date", "start": 92}, {"exclusive_end": 40, "slot": "car_name", "start": 25}]}], "speaker": "SYSTEM", "utterance": "I found a great standard Chevrolet Cruze at John Wayne Airport. You can pick this one up on March 6th."}, {"frames": [{"actions": [{"act": "REQUEST", "canonical_values": [], "slot": "total_price", "values": []}], "service": "RentalCars_2", "slots": [], "state": {"active_intent": "GetCarsAvailable", "requested_slots": ["total_price"], "slot_values": {"dropoff_date": ["March 7th"], "pickup_city": ["Anaheim"], "pickup_date": ["March 6th"], "pickup_time": ["5 pm"]}}}], "speaker": "USER", "utterance": "What will it cost me in total?"}, {"frames": [{"actions": [{"act": "INFORM", "canonical_values": ["35"], "slot": "total_price", "values": ["$35"]}], "service": "RentalCars_2", "slots": [{"exclusive_end": 14, "slot": "total_price", "start": 11}]}], "speaker": "SYSTEM", "utterance": "It'll cost $35."}, {"frames": [{"actions": [{"act": "INFORM_INTENT", "canonical_values": ["ReserveCar"], "slot": "intent", "values": ["ReserveCar"]}, {"act": "SELECT", "canonical_values": [], "slot": "", "values": []}], "service": "RentalCars_2", "slots": [], "state": {"active_intent": "ReserveCar", "requested_slots": [], "slot_values": {"car_type": ["Standard"], "dropoff_date": ["March 7th"], "pickup_city": ["Anaheim"], "pickup_date": ["March 6th"], "pickup_location": ["John Wayne Airport"], "pickup_time": ["5 pm"]}}}], "speaker": "USER", "utterance": "Sounds good. I'd like to reserve this car."}, {"frames": [{"actions": [{"act": "CONFIRM", "canonical_values": ["John Wayne Airport"], "slot": "pickup_location", "values": ["John Wayne Airport"]}, {"act": "CONFIRM", "canonical_values": ["2019-03-06"], "slot": "pickup_date", "values": ["March 6th"]}, {"act": "CONFIRM", "canonical_values": ["17:00"], "slot": "pickup_time", "values": ["5 pm"]}, {"act": "CONFIRM", "canonical_values": ["2019-03-07"], "slot": "dropoff_date", "values": ["March 7th"]}, {"act": "CONFIRM", "canonical_values": ["Standard"], "slot": "car_type", "values": ["Standard"]}], "service": "RentalCars_2", "slots": [{"exclusive_end": 58, "slot": "pickup_location", "start": 40}, {"exclusive_end": 71, "slot": "pickup_date", "start": 62}, {"exclusive_end": 79, "slot": "pickup_time", "start": 75}, {"exclusive_end": 115, "slot": "dropoff_date", "start": 106}]}], "speaker": "SYSTEM", "utterance": "You want to pick up a standard car from John Wayne Airport on March 6th at 5 pm, and you'll keep it until March 7th?"}, {"frames": [{"actions": [{"act": "AFFIRM", "canonical_values": [], "slot": "", "values": []}], "service": "RentalCars_2", "slots": [], "state": {"active_intent": "ReserveCar", "requested_slots": [], "slot_values": {"car_type": ["Standard"], "dropoff_date": ["March 7th"], "pickup_city": ["Anaheim"], "pickup_date": ["March 6th"], "pickup_location": ["John Wayne Airport"], "pickup_time": ["5 pm"]}}}], "speaker": "USER", "utterance": "Yeah, that's correct."}, {"frames": [{"actions": [{"act": "NOTIFY_SUCCESS", "canonical_values": [], "slot": "", "values": []}], "service": "RentalCars_2", "service_call": {"method": "ReserveCar", "parameters": {"car_type": "Standard", "dropoff_date": "2019-03-07", "pickup_date": "2019-03-06", "pickup_location": "John Wayne Airport", "pickup_time": "17:00"}}, "service_results": [{"car_name": "Chevrolet Cruze", "car_type": "Standard", "dropoff_date": "2019-03-07", "pickup_date": "2019-03-06", "pickup_location": "John Wayne Airport", "pickup_time": "17:00", "total_price": "35"}], "slots": []}], "speaker": "SYSTEM", "utterance": "The car has been reserved."}, {"frames": [{"actions": [{"act": "THANK_YOU", "canonical_values": [], "slot": "", "values": []}], "service": "RentalCars_2", "slots": [], "state": {"active_intent": "ReserveCar", "requested_slots": [], "slot_values": {"car_type": ["Standard"], "dropoff_date": ["March 7th"], "pickup_city": ["Anaheim"], "pickup_date": ["March 6th"], "pickup_location": ["John Wayne Airport"], "pickup_time": ["5 pm"]}}}, {"actions": [{"act": "INFORM_INTENT", "canonical_values": ["SearchHotel"], "slot": "intent", "values": ["SearchHotel"]}], "service": "Hotels_3", "slots": [], "state": {"active_intent": "SearchHotel", "requested_slots": [], "slot_values": {"location": ["Anaheim"]}}}], "speaker": "USER", "utterance": "Thanks for the help. I also need a hotel to stay at while in Anaheim."}, {"frames": [{"actions": [{"act": "OFFER", "canonical_values": ["Anaheim Desert Inn And Suites"], "slot": "hotel_name", "values": ["Anaheim Desert Inn and Suites"]}, {"act": "OFFER", "canonical_values": ["4.10"], "slot": "average_rating", "values": ["4.1"]}], "service": "Hotels_3", "service_call": {"method": "SearchHotel", "parameters": {"location": "Anaheim"}}, "service_results": [{"average_rating": "4.10", "hotel_name": "Anaheim Desert Inn And Suites", "location": "Anaheim", "number_of_rooms": "2", "pets_welcome": "False", "phone_number": "+1 714-772-5050", "price": "1152", "street_address": "1600 South Harbor Boulevard"}, {"average_rating": "4.00", "hotel_name": "Anaheim Majestic Garden Hotel", "location": "Anaheim", "number_of_rooms": "1", "pets_welcome": "True", "phone_number": "+1 714-778-1700", "price": "124", "street_address": "900 South Disneyland Drive"}, {"average_rating": "3.90", "hotel_name": "Anaheim Portofino Inn & Suites", "location": "Anaheim", "number_of_rooms": "1", "pets_welcome": "False", "phone_number": "+1 800-341-6301", "price": "441", "street_address": "1831 South Harbor Boulevard"}, {"average_rating": "4.40", "hotel_name": "Anaheim Rv Park", "location": "Anaheim", "number_of_rooms": "2", "pets_welcome": "True", "phone_number": "+1 714-774-3860", "price": "1536", "street_address": "200 West Midway Drive"}, {"average_rating": "4.50", "hotel_name": "Ayres Hotel Anaheim", "location": "Anaheim", "number_of_rooms": "2", "pets_welcome": "False", "phone_number": "+1 714-634-2106", "price": "224", "street_address": "2550 East Katella Avenue"}, {"average_rating": "4.40", "hotel_name": "Best Western Plus Anaheim Inn", "location": "Anaheim", "number_of_rooms": "1", "pets_welcome": "False", "phone_number": "+1 714-774-1050", "price": "812", "street_address": "1630 South Harbor Boulevard"}, {"average_rating": "4.30", "hotel_name": "Best Western Plus Park Place Inn - Mini Suites", "location": "Anaheim", "number_of_rooms": "1", "pets_welcome": "False", "phone_number": "+1 714-776-4800", "price": "264", "street_address": "1544 South Harbor Boulevard"}, {"average_rating": "4.30", "hotel_name": "Best Western Plus Pavilions", "location": "Anaheim", "number_of_rooms": "2", "pets_welcome": "False", "phone_number": "+1 714-776-0140", "price": "1056", "street_address": "1176 West Katella Avenue"}, {"average_rating": "4.10", "hotel_name": "Best Western Plus Raffles Inn & Suites", "location": "Anaheim", "number_of_rooms": "3", "pets_welcome": "False", "phone_number": "+1 714-750-6100", "price": "2520", "street_address": "2040 South Harbor Boulevard"}, {"average_rating": "4.30", "hotel_name": "Best Western Plus Stovall'S Inn", "location": "Anaheim", "number_of_rooms": "3", "pets_welcome": "False", "phone_number": "+1 714-778-1880", "price": "840", "street_address": "1110 West Katella Avenue"}], "slots": [{"exclusive_end": 37, "slot": "hotel_name", "start": 8}, {"exclusive_end": 64, "slot": "average_rating", "start": 61}]}], "speaker": "SYSTEM", "utterance": "Perhaps Anaheim Desert Inn and Suites, which has a rating of 4.1, suits you?"}, {"frames": [{"actions": [{"act": "REQUEST_ALTS", "canonical_values": [], "slot": "", "values": []}], "service": "Hotels_3", "slots": [], "state": {"active_intent": "SearchHotel", "requested_slots": [], "slot_values": {"location": ["Anaheim"]}}}], "speaker": "USER", "utterance": "Not really. Give me another hotel."}, {"frames": [{"actions": [{"act": "OFFER", "canonical_values": ["Anaheim Majestic Garden Hotel"], "slot": "hotel_name", "values": ["Anaheim Majestic Garden Hotel"]}, {"act": "OFFER", "canonical_values": ["4.00"], "slot": "average_rating", "values": ["4.0"]}], "service": "Hotels_3", "slots": [{"exclusive_end": 37, "slot": "hotel_name", "start": 8}, {"exclusive_end": 64, "slot": "average_rating", "start": 61}]}], "speaker": "SYSTEM", "utterance": "There's Anaheim Majestic Garden Hotel, which has a rating of 4.0"}, {"frames": [{"actions": [{"act": "SELECT", "canonical_values": [], "slot": "", "values": []}], "service": "Hotels_3", "slots": [], "state": {"active_intent": "SearchHotel", "requested_slots": [], "slot_values": {"hotel_name": ["Anaheim Majestic Garden Hotel"], "location": ["Anaheim"]}}}], "speaker": "USER", "utterance": "That sounds fantastic."}, {"frames": [{"actions": [{"act": "OFFER_INTENT", "canonical_values": ["ReserveHotel"], "slot": "intent", "values": ["ReserveHotel"]}], "service": "Hotels_3", "slots": []}], "speaker": "SYSTEM", "utterance": "Want to book a room there right now?"}, {"frames": [{"actions": [{"act": "NEGATE_INTENT", "canonical_values": [], "slot": "", "values": []}], "service": "Hotels_3", "slots": [], "state": {"active_intent": "NONE", "requested_slots": [], "slot_values": {"hotel_name": ["Anaheim Majestic Garden Hotel"], "location": ["Anaheim"]}}}], "speaker": "USER", "utterance": "Not now."}, {"frames": [{"actions": [{"act": "REQ_MORE", "canonical_values": [], "slot": "", "values": []}], "service": "Hotels_3", "slots": []}], "speaker": "SYSTEM", "utterance": "Can I help with anything else now?"}, {"frames": [{"actions": [{"act": "NEGATE", "canonical_values": [], "slot": "", "values": []}, {"act": "THANK_YOU", "canonical_values": [], "slot": "", "values": []}], "service": "Hotels_3", "slots": [], "state": {"active_intent": "NONE", "requested_slots": [], "slot_values": {"hotel_name": ["Anaheim Majestic Garden Hotel"], "location": ["Anaheim"]}}}], "speaker": "USER", "utterance": "Not now. Thanks a ton."}, {"frames": [{"actions": [{"act": "GOODBYE", "canonical_values": [], "slot": "", "values": []}], "service": "Hotels_3", "slots": []}], "speaker": "SYSTEM", "utterance": "Have a great day."}]}, {"dialogue_id": "122_00003", "services": ["RentalCars_2", "Hotels_3"], "turns": [{"frames": [{"actions": [{"act": "INFORM_INTENT", "canonical_values": ["GetCarsAvailable"], "slot": "intent", "values": ["GetCarsAvailable"]}], "service": "RentalCars_2", "slots": [], "state": {"active_intent": "GetCarsAvailable", "requested_slots": [], "slot_values": {}}}], "speaker": "USER", "utterance": "I'd like your help finding a rental car."}, {"frames": [{"actions": [{"act": "REQUEST", "canonical_values": [], "slot": "dropoff_date", "values": []}, {"act": "REQUEST", "canonical_values": [], "slot": "pickup_time", "values": []}], "service": "RentalCars_2", "slots": []}], "speaker": "SYSTEM", "utterance": "What dates do you want it rented on, and when would you like to pick it up?"}, {"frames": [{"actions": [{"act": "INFORM", "canonical_values": ["2019-03-10"], "slot": "dropoff_date", "values": ["10th of this month"]}, {"act": "INFORM", "canonical_values": ["2019-03-07"], "slot": "pickup_date", "values": ["7th of this month"]}, {"act": "INFORM", "canonical_values": ["15:00"], "slot": "pickup_time", "values": ["3 o\"clock in the afternoon"]}], "service": "RentalCars_2", "slots": [{"exclusive_end": 119, "slot": "dropoff_date", "start": 101}, {"exclusive_end": 93, "slot": "pickup_date", "start": 76}, {"exclusive_end": 45, "slot": "pickup_time", "start": 19}], "state": {"active_intent": "GetCarsAvailable", "requested_slots": [], "slot_values": {"dropoff_date": ["10th of this month"], "pickup_date": ["7th of this month"], "pickup_time": ["3 o\"clock in the afternoon"]}}}], "speaker": "USER", "utterance": "I'll pick it up at 3 o\"clock in the afternoon, and I'll be needing from the 7th of this month to the 10th of this month."}, {"frames": [{"actions": [{"act": "REQUEST", "canonical_values": [], "slot": "pickup_city", "values": []}], "service": "RentalCars_2", "slots": []}], "speaker": "SYSTEM", "utterance": "Do you want to rent it from anywhere in particular?"}, {"frames": [{"actions": [{"act": "INFORM", "canonical_values": ["New York"], "slot": "pickup_city", "values": ["NYC"]}], "service": "RentalCars_2", "slots": [{"exclusive_end": 21, "slot": "pickup_city", "start": 18}], "state": {"active_intent": "GetCarsAvailable", "requested_slots": [], "slot_values": {"dropoff_date": ["10th of this month"], "pickup_city": ["NYC"], "pickup_date": ["7th of this month"], "pickup_time": ["3 o\"clock in the afternoon"]}}}], "speaker": "USER", "utterance": "Find somewhere in NYC."}, {"frames": [{"actions": [{"act": "OFFER", "canonical_values": ["Grand Central Station"], "slot": "pickup_location", "values": ["Grand Central Station"]}, {"act": "OFFER", "canonical_values": ["2019-03-07"], "slot": "pickup_date", "values": ["March 7th"]}, {"act": "OFFER", "canonical_values": ["Standard"], "slot": "car_type", "values": ["Standard"]}, {"act": "OFFER", "canonical_values": ["Honda Accord"], "slot": "car_name", "values": ["Honda Accord"]}], "service": "RentalCars_2", "service_call": {"method": "GetCarsAvailable", "parameters": {"dropoff_date": "2019-03-10", "pickup_city": "New York", "pickup_date": "2019-03-07", "pickup_time": "15:00"}}, "service_results": [{"car_name": "Honda Accord", "car_type": "Standard", "dropoff_date": "2019-03-10", "pickup_city": "New York", "pickup_date": "2019-03-07", "pickup_location": "Grand Central Station", "pickup_time": "15:00", "total_price": "102"}, {"car_name": "Honda Civic", "car_type": "Standard", "dropoff_date": "2019-03-10", "pickup_city": "New York", "pickup_date": "2019-03-07", "pickup_location": "JFK International Airport", "pickup_time": "15:00", "total_price": "102"}, {"car_name": "Hyundai Elantra", "car_type": "Standard", "dropoff_date": "2019-03-10", "pickup_city": "New York", "pickup_date": "2019-03-07", "pickup_location": "Port Authority Station", "pickup_time": "15:00", "total_price": "84"}, {"car_name": "Nissan Altima", "car_type": "Standard", "dropoff_date": "2019-03-10", "pickup_city": "New York", "pickup_date": "2019-03-07", "pickup_location": "Port Authority Station", "pickup_time": "15:00", "total_price": "84"}, {"car_name": "Toyota Camry", "car_type": "Standard", "dropoff_date": "2019-03-10", "pickup_city": "New York", "pickup_date": "2019-03-07", "pickup_location": "JFK International Airport", "pickup_time": "15:00", "total_price": "81"}, {"car_name": "Toyota Corolla", "car_type": "Standard", "dropoff_date": "2019-03-10", "pickup_city": "New York", "pickup_date": "2019-03-07", "pickup_location": "Grand Central Station", "pickup_time": "15:00", "total_price": "87"}, {"car_name": "Toyota Prius", "car_type": "Standard", "dropoff_date": "2019-03-10", "pickup_city": "New York", "pickup_date": "2019-03-07", "pickup_location": "Port Authority Station", "pickup_time": "15:00", "total_price": "93"}], "slots": [{"exclusive_end": 79, "slot": "pickup_location", "start": 58}, {"exclusive_end": 54, "slot": "pickup_date", "start": 45}, {"exclusive_end": 31, "slot": "car_name", "start": 19}]}], "speaker": "SYSTEM", "utterance": "There's a Standard Honda Accord available on March 7th at Grand Central Station. How does that sound?"}, {"frames": [{"actions": [{"act": "REQUEST_ALTS", "canonical_values": [], "slot": "", "values": []}], "service": "RentalCars_2", "slots": [], "state": {"active_intent": "GetCarsAvailable", "requested_slots": [], "slot_values": {"dropoff_date": ["10th of this month"], "pickup_city": ["NYC"], "pickup_date": ["7th of this month", "March 7th"], "pickup_time": ["3 o\"clock in the afternoon"]}}}], "speaker": "USER", "utterance": "What else is there? Let's keep looking."}, {"frames": [{"actions": [{"act": "OFFER", "canonical_values": ["JFK International Airport"], "slot": "pickup_location", "values": ["JFK International Airport"]}, {"act": "OFFER", "canonical_values": ["2019-03-07"], "slot": "pickup_date", "values": ["March 7th"]}, {"act": "OFFER", "canonical_values": ["Standard"], "slot": "car_type", "values": ["Standard"]}, {"act": "OFFER", "canonical_values": ["Honda Civic"], "slot": "car_name", "values": ["Honda Civic"]}], "service": "RentalCars_2", "slots": [{"exclusive_end": 25, "slot": "pickup_location", "start": 0}, {"exclusive_end": 52, "slot": "pickup_date", "start": 43}, {"exclusive_end": 87, "slot": "car_name", "start": 76}]}], "speaker": "SYSTEM", "utterance": "JFK International Airport has cars too. On March 7th there'll be a Standard Honda Civic there."}, {"frames": [{"actions": [{"act": "REQUEST_ALTS", "canonical_values": [], "slot": "", "values": []}], "service": "RentalCars_2", "slots": [], "state": {"active_intent": "GetCarsAvailable", "requested_slots": [], "slot_values": {"dropoff_date": ["10th of this month"], "pickup_city": ["NYC"], "pickup_date": ["7th of this month", "March 7th"], "pickup_time": ["3 o\"clock in the afternoon"]}}}], "speaker": "USER", "utterance": "Keep going. I want more options."}, {"frames": [{"actions": [{"act": "OFFER", "canonical_values": ["Port Authority Station"], "slot": "pickup_location", "values": ["Port Authority Station"]}, {"act": "OFFER", "canonical_values": ["2019-03-07"], "slot": "pickup_date", "values": ["March 7th"]}, {"act": "OFFER", "canonical_values": ["Standard"], "slot": "car_type", "values": ["Standard"]}, {"act": "OFFER", "canonical_values": ["Hyundai Elantra"], "slot": "car_name", "values": ["Hyundai Elantra"]}], "service": "RentalCars_2", "slots": [{"exclusive_end": 80, "slot": "pickup_location", "start": 58}, {"exclusive_end": 93, "slot": "pickup_date", "start": 84}, {"exclusive_end": 27, "slot": "car_name", "start": 12}]}], "speaker": "SYSTEM", "utterance": "How about a Hyundai Elantra? That Standard car will be at Port Authority Station on March 7th."}, {"frames": [{"actions": [{"act": "SELECT", "canonical_values": [], "slot": "", "values": []}], "service": "RentalCars_2", "slots": [], "state": {"active_intent": "GetCarsAvailable", "requested_slots": [], "slot_values": {"car_type": ["Standard"], "dropoff_date": ["10th of this month"], "pickup_city": ["NYC"], "pickup_date": ["7th of this month", "March 7th"], "pickup_location": ["Port Authority Station"], "pickup_time": ["3 o\"clock in the afternoon"]}}}], "speaker": "USER", "utterance": "I like the sound of that one."}, {"frames": [{"actions": [{"act": "OFFER_INTENT", "canonical_values": ["ReserveCar"], "slot": "intent", "values": ["ReserveCar"]}], "service": "RentalCars_2", "slots": []}], "speaker": "SYSTEM", "utterance": "Do you want to book the car now?"}, {"frames": [{"actions": [{"act": "AFFIRM_INTENT", "canonical_values": [], "slot": "", "values": []}], "service": "RentalCars_2", "slots": [], "state": {"active_intent": "ReserveCar", "requested_slots": [], "slot_values": {"car_type": ["Standard"], "dropoff_date": ["10th of this month"], "pickup_city": ["NYC"], "pickup_date": ["7th of this month", "March 7th"], "pickup_location": ["Port Authority Station"], "pickup_time": ["3 o\"clock in the afternoon"]}}}], "speaker": "USER", "utterance": "Yea, go ahead and do that."}, {"frames": [{"actions": [{"act": "CONFIRM", "canonical_values": ["Port Authority Station"], "slot": "pickup_location", "values": ["Port Authority Station"]}, {"act": "CONFIRM", "canonical_values": ["2019-03-07"], "slot": "pickup_date", "values": ["March 7th"]}, {"act": "CONFIRM", "canonical_values": ["15:00"], "slot": "pickup_time", "values": ["3 pm"]}, {"act": "CONFIRM", "canonical_values": ["2019-03-10"], "slot": "dropoff_date", "values": ["March 10th"]}, {"act": "CONFIRM", "canonical_values": ["Standard"], "slot": "car_type", "values": ["Standard"]}], "service": "RentalCars_2", "slots": [{"exclusive_end": 103, "slot": "pickup_location", "start": 81}, {"exclusive_end": 139, "slot": "pickup_date", "start": 130}, {"exclusive_end": 111, "slot": "pickup_time", "start": 107}, {"exclusive_end": 153, "slot": "dropoff_date", "start": 143}]}], "speaker": "SYSTEM", "utterance": "Before I do, let's go over the details. You'll be picking up a Standard car from Port Authority Station at 3 pm. You need it from March 7th to March 10th."}, {"frames": [{"actions": [{"act": "AFFIRM", "canonical_values": [], "slot": "", "values": []}], "service": "RentalCars_2", "slots": [], "state": {"active_intent": "ReserveCar", "requested_slots": [], "slot_values": {"car_type": ["Standard"], "dropoff_date": ["10th of this month", "March 10th"], "pickup_city": ["NYC"], "pickup_date": ["7th of this month", "March 7th"], "pickup_location": ["Port Authority Station"], "pickup_time": ["3 o\"clock in the afternoon", "3 pm"]}}}], "speaker": "USER", "utterance": "That's right, yes."}, {"frames": [{"actions": [{"act": "NOTIFY_SUCCESS", "canonical_values": [], "slot": "", "values": []}], "service": "RentalCars_2", "service_call": {"method": "ReserveCar", "parameters": {"car_type": "Standard", "dropoff_date": "2019-03-10", "pickup_date": "2019-03-07", "pickup_location": "Port Authority Station", "pickup_time": "15:00"}}, "service_results": [{"car_name": "Hyundai Elantra", "car_type": "Standard", "dropoff_date": "2019-03-10", "pickup_date": "2019-03-07", "pickup_location": "Port Authority Station", "pickup_time": "15:00", "total_price": "84"}], "slots": []}], "speaker": "SYSTEM", "utterance": "I've booked the car for you."}, {"frames": [{"actions": [{"act": "REQUEST", "canonical_values": [], "slot": "total_price", "values": []}], "service": "RentalCars_2", "slots": [], "state": {"active_intent": "ReserveCar", "requested_slots": ["total_price"], "slot_values": {"car_type": ["Standard"], "dropoff_date": ["10th of this month", "March 10th"], "pickup_city": ["NYC"], "pickup_date": ["7th of this month", "March 7th"], "pickup_location": ["Port Authority Station"], "pickup_time": ["3 o\"clock in the afternoon", "3 pm"]}}}], "speaker": "USER", "utterance": "How much will the rental cost in total?"}, {"frames": [{"actions": [{"act": "INFORM", "canonical_values": ["84"], "slot": "total_price", "values": ["$84"]}], "service": "RentalCars_2", "slots": [{"exclusive_end": 21, "slot": "total_price", "start": 18}]}], "speaker": "SYSTEM", "utterance": "It'll run you for $84 even."}, {"frames": [{"actions": [{"act": "THANK_YOU", "canonical_values": [], "slot": "", "values": []}], "service": "RentalCars_2", "slots": [], "state": {"active_intent": "ReserveCar", "requested_slots": [], "slot_values": {"car_type": ["Standard"], "dropoff_date": ["10th of this month", "March 10th"], "pickup_city": ["NYC"], "pickup_date": ["7th of this month", "March 7th"], "pickup_location": ["Port Authority Station"], "pickup_time": ["3 o\"clock in the afternoon", "3 pm"]}}}, {"actions": [{"act": "INFORM_INTENT", "canonical_values": ["SearchHotel"], "slot": "intent", "values": ["SearchHotel"]}], "service": "Hotels_3", "slots": [], "state": {"active_intent": "SearchHotel", "requested_slots": [], "slot_values": {"location": ["NYC"]}}}], "speaker": "USER", "utterance": "Thanks. Could you also help me find a hotel in the area?"}, {"frames": [{"actions": [{"act": "OFFER", "canonical_values": ["1 Hotel Brooklyn Bridge"], "slot": "hotel_name", "values": ["1 Hotel Brooklyn Bridge"]}, {"act": "OFFER", "canonical_values": ["4.50"], "slot": "average_rating", "values": ["4.5"]}, {"act": "INFORM_COUNT", "canonical_values": ["10"], "slot": "count", "values": ["10"]}], "service": "Hotels_3", "service_call": {"method": "SearchHotel", "parameters": {"location": "New York"}}, "service_results": [{"average_rating": "4.50", "hotel_name": "1 Hotel Brooklyn Bridge", "location": "New York", "number_of_rooms": "3", "pets_welcome": "True", "phone_number": "+1 833-625-6111", "price": "360", "street_address": "60 Furman Street, Brooklyn"}, {"average_rating": "4.50", "hotel_name": "1 Hotel Central Park", "location": "New York", "number_of_rooms": "3", "pets_welcome": "True", "phone_number": "+1 212-703-2001", "price": "1680", "street_address": "1414 6th Avenue"}, {"average_rating": "4.30", "hotel_name": "11 Howard", "location": "New York", "number_of_rooms": "1", "pets_welcome": "False", "phone_number": "+1 212-235-1111", "price": "544", "street_address": "11 Howard Street"}, {"average_rating": "4.00", "hotel_name": "6 Columbus Hotel", "location": "New York", "number_of_rooms": "3", "pets_welcome": "True", "phone_number": "+1 212-204-3000", "price": "1440", "street_address": "308 West 58th Street"}, {"average_rating": "4.50", "hotel_name": "Ac Hotel New York Times Square", "location": "New York", "number_of_rooms": "2", "pets_welcome": "False", "phone_number": "+1 212-398-2700", "price": "280", "street_address": "260 West 40th Street"}, {"average_rating": "4.30", "hotel_name": "Ace Hotel", "location": "New York", "number_of_rooms": "1", "pets_welcome": "True", "phone_number": "+1 212-991-0551", "price": "720", "street_address": "20 West 29th Street"}, {"average_rating": "3.90", "hotel_name": "Adria Hotel & Conference Center", "location": "New York", "number_of_rooms": "3", "pets_welcome": "False", "phone_number": "+1 718-631-5900", "price": "648", "street_address": "221-17 Northern Boulevard, Bayside"}, {"average_rating": "4.40", "hotel_name": "Aka Central Park", "location": "New York", "number_of_rooms": "3", "pets_welcome": "False", "phone_number": "+1 646-744-3100", "price": "1536", "street_address": "42 West 58th Street"}, {"average_rating": "4.40", "hotel_name": "Aka Times Square", "location": "New York", "number_of_rooms": "2", "pets_welcome": "True", "phone_number": "+1 212-764-5700", "price": "1440", "street_address": "123 West 44th Street"}, {"average_rating": "4.60", "hotel_name": "Aka Wall Street", "location": "New York", "number_of_rooms": "2", "pets_welcome": "False", "phone_number": "+1 212-252-9090", "price": "832", "street_address": "84 William Street"}], "slots": [{"exclusive_end": 109, "slot": "hotel_name", "start": 86}, {"exclusive_end": 71, "slot": "average_rating", "start": 68}]}], "speaker": "SYSTEM", "utterance": "Of course. I've found 10 hotels that might work. There's one with a 4.5 rating called 1 Hotel Brooklyn Bridge."}, {"frames": [{"actions": [{"act": "SELECT", "canonical_values": [], "slot": "", "values": []}, {"act": "GOODBYE", "canonical_values": [], "slot": "", "values": []}], "service": "Hotels_3", "slots": [], "state": {"active_intent": "SearchHotel", "requested_slots": [], "slot_values": {"hotel_name": ["1 Hotel Brooklyn Bridge"], "location": ["NYC"]}}}], "speaker": "USER", "utterance": "That will work. I don't need anything else at the moment."}, {"frames": [{"actions": [{"act": "GOODBYE", "canonical_values": [], "slot": "", "values": []}], "service": "Hotels_3", "slots": []}], "speaker": "SYSTEM", "utterance": "Enjoy the rest of your day."}]}, {"dialogue_id": "122_00004", "services": ["RentalCars_2", "Hotels_3"], "turns": [{"frames": [{"actions": [{"act": "INFORM", "canonical_values": ["Standard"], "slot": "car_type", "values": ["Standard"]}, {"act": "INFORM", "canonical_values": ["2019-03-10"], "slot": "pickup_date", "values": ["10th of March"]}, {"act": "INFORM", "canonical_values": ["15:30"], "slot": "pickup_time", "values": ["3:30 in the afternoon"]}, {"act": "INFORM_INTENT", "canonical_values": ["GetCarsAvailable"], "slot": "intent", "values": ["GetCarsAvailable"]}], "service": "RentalCars_2", "slots": [{"exclusive_end": 106, "slot": "pickup_date", "start": 93}, {"exclusive_end": 85, "slot": "pickup_time", "start": 64}], "state": {"active_intent": "GetCarsAvailable", "requested_slots": [], "slot_values": {"car_type": ["Standard"], "pickup_date": ["10th of March"], "pickup_time": ["3:30 in the afternoon"]}}}], "speaker": "USER", "utterance": "I need you to get me a rental ride. I need intermediate type at 3:30 in the afternoon on the 10th of March."}, {"frames": [{"actions": [{"act": "REQUEST", "canonical_values": [], "slot": "dropoff_date", "values": []}, {"act": "REQUEST", "canonical_values": [], "slot": "pickup_city", "values": []}], "service": "RentalCars_2", "slots": []}], "speaker": "SYSTEM", "utterance": "When will you return it? Where will you be?"}, {"frames": [{"actions": [{"act": "INFORM", "canonical_values": ["2019-03-11"], "slot": "dropoff_date", "values": ["11th of March"]}, {"act": "INFORM", "canonical_values": ["Atlanta"], "slot": "pickup_city", "values": ["Atlanta"]}], "service": "RentalCars_2", "slots": [{"exclusive_end": 63, "slot": "dropoff_date", "start": 50}, {"exclusive_end": 20, "slot": "pickup_city", "start": 13}], "state": {"active_intent": "GetCarsAvailable", "requested_slots": [], "slot_values": {"car_type": ["Standard"], "dropoff_date": ["11th of March"], "pickup_city": ["Atlanta"], "pickup_date": ["10th of March"], "pickup_time": ["3:30 in the afternoon"]}}}], "speaker": "USER", "utterance": "I will be in Atlanta and will need this until the 11th of March."}, {"frames": [{"actions": [{"act": "OFFER", "canonical_values": ["Hartsfield-Jackson International Airport"], "slot": "pickup_location", "values": ["Hartsfield-Jackson International Airport"]}, {"act": "OFFER", "canonical_values": ["2019-03-10"], "slot": "pickup_date", "values": ["March 10th"]}, {"act": "OFFER", "canonical_values": ["Standard"], "slot": "car_type", "values": ["Standard"]}, {"act": "OFFER", "canonical_values": ["Chevrolet Cruze"], "slot": "car_name", "values": ["Chevrolet Cruze"]}], "service": "RentalCars_2", "service_call": {"method": "GetCarsAvailable", "parameters": {"car_type": "Standard", "dropoff_date": "2019-03-11", "pickup_city": "Atlanta", "pickup_date": "2019-03-10", "pickup_time": "15:30"}}, "service_results": [{"car_name": "Chevrolet Cruze", "car_type": "Standard", "dropoff_date": "2019-03-11", "pickup_city": "Atlanta", "pickup_date": "2019-03-10", "pickup_location": "Hartsfield-Jackson International Airport", "pickup_time": "15:30", "total_price": "34"}, {"car_name": "Nissan Sentra", "car_type": "Standard", "dropoff_date": "2019-03-11", "pickup_city": "Atlanta", "pickup_date": "2019-03-10", "pickup_location": "Hartsfield-Jackson International Airport", "pickup_time": "15:30", "total_price": "33"}, {"car_name": "Toyota Camry", "car_type": "Standard", "dropoff_date": "2019-03-11", "pickup_city": "Atlanta", "pickup_date": "2019-03-10", "pickup_location": "Hartsfield-Jackson International Airport", "pickup_time": "15:30", "total_price": "30"}, {"car_name": "Toyota Prius", "car_type": "Standard", "dropoff_date": "2019-03-11", "pickup_city": "Atlanta", "pickup_date": "2019-03-10", "pickup_location": "Peachtree Station", "pickup_time": "15:30", "total_price": "31"}], "slots": [{"exclusive_end": 60, "slot": "pickup_location", "start": 20}, {"exclusive_end": 84, "slot": "pickup_date", "start": 74}, {"exclusive_end": 117, "slot": "car_name", "start": 102}]}], "speaker": "SYSTEM", "utterance": "I have an option at Hartsfield-Jackson International Airport available on March 10th. It's a standard Chevrolet Cruze."}, {"frames": [{"actions": [{"act": "INFORM_INTENT", "canonical_values": ["ReserveCar"], "slot": "intent", "values": ["ReserveCar"]}, {"act": "SELECT", "canonical_values": [], "slot": "", "values": []}], "service": "RentalCars_2", "slots": [], "state": {"active_intent": "ReserveCar", "requested_slots": [], "slot_values": {"car_type": ["Standard"], "dropoff_date": ["11th of March"], "pickup_city": ["Atlanta"], "pickup_date": ["10th of March", "March 10th"], "pickup_location": ["Hartsfield-Jackson International Airport"], "pickup_time": ["3:30 in the afternoon"]}}}], "speaker": "USER", "utterance": "That's fine. do that."}, {"frames": [{"actions": [{"act": "CONFIRM", "canonical_values": ["Hartsfield-Jackson International Airport"], "slot": "pickup_location", "values": ["Hartsfield-Jackson International Airport"]}, {"act": "CONFIRM", "canonical_values": ["2019-03-10"], "slot": "pickup_date", "values": ["March 10th"]}, {"act": "CONFIRM", "canonical_values": ["15:30"], "slot": "pickup_time", "values": ["3:30 pm"]}, {"act": "CONFIRM", "canonical_values": ["2019-03-11"], "slot": "dropoff_date", "values": ["march 11th"]}, {"act": "CONFIRM", "canonical_values": ["Standard"], "slot": "car_type", "values": ["Standard"]}], "service": "RentalCars_2", "slots": [{"exclusive_end": 140, "slot": "pickup_location", "start": 100}, {"exclusive_end": 71, "slot": "pickup_date", "start": 61}, {"exclusive_end": 57, "slot": "pickup_time", "start": 50}, {"exclusive_end": 90, "slot": "dropoff_date", "start": 80}]}], "speaker": "SYSTEM", "utterance": "Sure here's what I heard: Pick up Standard car at 3:30 pm on March 10th, return march 11th. It's at Hartsfield-Jackson International Airport."}, {"frames": [{"actions": [{"act": "REQUEST", "canonical_values": [], "slot": "total_price", "values": []}, {"act": "AFFIRM", "canonical_values": [], "slot": "", "values": []}], "service": "RentalCars_2", "slots": [], "state": {"active_intent": "ReserveCar", "requested_slots": ["total_price"], "slot_values": {"car_type": ["Standard"], "dropoff_date": ["11th of March", "march 11th"], "pickup_city": ["Atlanta"], "pickup_date": ["10th of March", "March 10th"], "pickup_location": ["Hartsfield-Jackson International Airport"], "pickup_time": ["3:30 in the afternoon", "3:30 pm"]}}}], "speaker": "USER", "utterance": "Fine, how much?"}, {"frames": [{"actions": [{"act": "INFORM", "canonical_values": ["34"], "slot": "total_price", "values": ["$34"]}, {"act": "NOTIFY_SUCCESS", "canonical_values": [], "slot": "", "values": []}], "service": "RentalCars_2", "service_call": {"method": "ReserveCar", "parameters": {"car_type": "Standard", "dropoff_date": "2019-03-11", "pickup_date": "2019-03-10", "pickup_location": "Hartsfield-Jackson International Airport", "pickup_time": "15:30"}}, "service_results": [{"car_name": "Chevrolet Cruze", "car_type": "Standard", "dropoff_date": "2019-03-11", "pickup_date": "2019-03-10", "pickup_location": "Hartsfield-Jackson International Airport", "pickup_time": "15:30", "total_price": "34"}], "slots": [{"exclusive_end": 32, "slot": "total_price", "start": 29}]}], "speaker": "SYSTEM", "utterance": "You have a car waiting. It's $34."}, {"frames": [{"actions": [{"act": "THANK_YOU", "canonical_values": [], "slot": "", "values": []}], "service": "RentalCars_2", "slots": [], "state": {"active_intent": "ReserveCar", "requested_slots": [], "slot_values": {"car_type": ["Standard"], "dropoff_date": ["11th of March", "march 11th"], "pickup_city": ["Atlanta"], "pickup_date": ["10th of March", "March 10th"], "pickup_location": ["Hartsfield-Jackson International Airport"], "pickup_time": ["3:30 in the afternoon", "3:30 pm"]}}}, {"actions": [{"act": "INFORM_INTENT", "canonical_values": ["SearchHotel"], "slot": "intent", "values": ["SearchHotel"]}], "service": "Hotels_3", "slots": [], "state": {"active_intent": "SearchHotel", "requested_slots": [], "slot_values": {"location": ["Atlanta"]}}}], "speaker": "USER", "utterance": "Fine, get me a room while I'm there."}, {"frames": [{"actions": [{"act": "OFFER", "canonical_values": ["Ac Hotel By Marriott Atlanta Buckhead At Phipps Plaza"], "slot": "hotel_name", "values": ["Ac Hotel by Marriott Atlanta Buckhead At Phipps Plaza"]}, {"act": "OFFER", "canonical_values": ["4.50"], "slot": "average_rating", "values": ["4.5"]}, {"act": "INFORM_COUNT", "canonical_values": ["10"], "slot": "count", "values": ["10"]}], "service": "Hotels_3", "service_call": {"method": "SearchHotel", "parameters": {"location": "Atlanta"}}, "service_results": [{"average_rating": "4.50", "hotel_name": "Ac Hotel By Marriott Atlanta Buckhead At Phipps Plaza", "location": "Atlanta", "number_of_rooms": "2", "pets_welcome": "False", "phone_number": "+1 470-231-3030", "price": "1440", "street_address": "3600 Wieuca Road Northeast"}, {"average_rating": "4.30", "hotel_name": "Ac Hotel By Marriott Atlanta Downtown", "location": "Atlanta", "number_of_rooms": "1", "pets_welcome": "False", "phone_number": "+1 404-524-5555", "price": "240", "street_address": "101 Andrew Young International Boulevard Northwest"}, {"average_rating": "4.00", "hotel_name": "Aloft Atlanta Downtown", "location": "Atlanta", "number_of_rooms": "2", "pets_welcome": "True", "phone_number": "+1 678-515-0300", "price": "1040", "street_address": "300 Ted Turner Drive Northwest"}, {"average_rating": "4.20", "hotel_name": "Atlanta Marriott Suites Midtown", "location": "Atlanta", "number_of_rooms": "2", "pets_welcome": "False", "phone_number": "+1 404-876-8888", "price": "704", "street_address": "35 14th Street Northeast"}, {"average_rating": "3.10", "hotel_name": "Barclay Hotel Atlanta Downtown", "location": "Atlanta", "number_of_rooms": "3", "pets_welcome": "False", "phone_number": "+1 404-524-7991", "price": "1449", "street_address": "89 Luckie Street Northwest"}, {"average_rating": "4.70", "hotel_name": "Canopy By Hilton Atlanta Midtown", "location": "Atlanta", "number_of_rooms": "1", "pets_welcome": "False", "phone_number": "+1 404-685-1677", "price": "312", "street_address": "1414 West Peachtree Street Northwest"}, {"average_rating": "4.00", "hotel_name": "Clarion Inn & Suites Atlanta Downtown", "location": "Atlanta", "number_of_rooms": "3", "pets_welcome": "False", "phone_number": "+1 404-893-4663", "price": "2688", "street_address": "186 Northside Drive Southwest"}, {"average_rating": "3.30", "hotel_name": "Country Inn & Suites By Radisson, Atlanta Downtown South At Turner Field, Ga", "location": "Atlanta", "number_of_rooms": "1", "pets_welcome": "True", "phone_number": "+1 404-658-1961", "price": "468", "street_address": "759 Pollard Boulevard Southwest"}, {"average_rating": "4.10", "hotel_name": "Courtyard By Marriott Atlanta Buckhead", "location": "Atlanta", "number_of_rooms": "2", "pets_welcome": "False", "phone_number": "+1 404-869-0818", "price": "792", "street_address": "3332 Peachtree Road Northeast"}, {"average_rating": "3.90", "hotel_name": "Crowne Plaza Atlanta - Midtown", "location": "Atlanta", "number_of_rooms": "3", "pets_welcome": "True", "phone_number": "+1 404-877-9000", "price": "1728", "street_address": "590 West Peachtree Street Northwest"}], "slots": [{"exclusive_end": 79, "slot": "hotel_name", "start": 26}, {"exclusive_end": 93, "slot": "average_rating", "start": 90}]}], "speaker": "SYSTEM", "utterance": "There are 10 or more. Try Ac Hotel by Marriott Atlanta Buckhead At Phipps Plaza. It has a 4.5 rating."}, {"frames": [{"actions": [{"act": "SELECT", "canonical_values": [], "slot": "", "values": []}], "service": "Hotels_3", "slots": [], "state": {"active_intent": "SearchHotel", "requested_slots": [], "slot_values": {"hotel_name": ["Ac Hotel by Marriott Atlanta Buckhead At Phipps Plaza"], "location": ["Atlanta"]}}}], "speaker": "USER", "utterance": "Fine, get that."}, {"frames": [{"actions": [{"act": "OFFER_INTENT", "canonical_values": ["ReserveHotel"], "slot": "intent", "values": ["ReserveHotel"]}], "service": "Hotels_3", "slots": []}], "speaker": "SYSTEM", "utterance": "How about if I reserve it for you?"}, {"frames": [{"actions": [{"act": "NEGATE_INTENT", "canonical_values": [], "slot": "", "values": []}, {"act": "GOODBYE", "canonical_values": [], "slot": "", "values": []}], "service": "Hotels_3", "slots": [], "state": {"active_intent": "NONE", "requested_slots": [], "slot_values": {"hotel_name": ["Ac Hotel by Marriott Atlanta Buckhead At Phipps Plaza"], "location": ["Atlanta"]}}}], "speaker": "USER", "utterance": "No, not now. that's enough."}, {"frames": [{"actions": [{"act": "GOODBYE", "canonical_values": [], "slot": "", "values": []}], "service": "Hotels_3", "slots": []}], "speaker": "SYSTEM", "utterance": "Have a safe trip."}]}]