[{"dialogue_id": "11_00000", "services": ["Media_2", "Music_1"], "turns": [{"frames": [{"actions": [{"act": "INFORM_INTENT", "canonical_values": ["FindMovies"], "slot": "intent", "values": ["FindMovies"]}], "service": "Media_2", "slots": [], "state": {"active_intent": "FindMovies", "requested_slots": [], "slot_values": {}}}], "speaker": "USER", "utterance": "I need to find a movie to watch."}, {"frames": [{"actions": [{"act": "REQUEST", "canonical_values": [], "slot": "genre", "values": []}], "service": "Media_2", "slots": []}], "speaker": "SYSTEM", "utterance": "What genre do you want?"}, {"frames": [{"actions": [{"act": "INFORM", "canonical_values": ["Mystery"], "slot": "genre", "values": ["detective"]}], "service": "Media_2", "slots": [{"exclusive_end": 31, "slot": "genre", "start": 22}], "state": {"active_intent": "FindMovies", "requested_slots": [], "slot_values": {"genre": ["detective"]}}}], "speaker": "USER", "utterance": "I would like to see a detective movie."}, {"frames": [{"actions": [{"act": "OFFER", "canonical_values": ["Body Double", "Citizen Kane"], "slot": "movie_name", "values": ["Body Double", "CItizen Kane"]}], "service": "Media_2", "service_call": {"method": "FindMovies", "parameters": {"genre": "Mystery"}}, "service_results": [{"actors": "Brinke Stevens", "director": "Brian De Palma", "genre": "Mystery", "movie_name": "Body Double", "price": "7", "subtitle_language": "Mandarin"}, {"actors": "Sonny Bupp", "director": "Orson Welles", "genre": "Mystery", "movie_name": "Citizen Kane", "price": "8", "subtitle_language": "None"}], "slots": [{"exclusive_end": 19, "slot": "movie_name", "start": 8}, {"exclusive_end": 36, "slot": "movie_name", "start": 24}]}], "speaker": "SYSTEM", "utterance": "I found Body Double and CItizen Kane."}, {"frames": [{"actions": [{"act": "SELECT", "canonical_values": ["Body Double"], "slot": "movie_name", "values": ["Body Double"]}], "service": "Media_2", "slots": [{"exclusive_end": 16, "slot": "movie_name", "start": 5}], "state": {"active_intent": "FindMovies", "requested_slots": [], "slot_values": {"genre": ["detective"], "movie_name": ["Body Double"]}}}], "speaker": "USER", "utterance": "Okay Body Double sounds good."}, {"frames": [{"actions": [{"act": "OFFER_INTENT", "canonical_values": ["RentMovie"], "slot": "intent", "values": ["RentMovie"]}], "service": "Media_2", "slots": []}], "speaker": "SYSTEM", "utterance": "Would you like me to rent the movie for you?"}, {"frames": [{"actions": [{"act": "NEGATE_INTENT", "canonical_values": [], "slot": "", "values": []}], "service": "Media_2", "slots": [], "state": {"active_intent": "NONE", "requested_slots": [], "slot_values": {"genre": ["detective"], "movie_name": ["Body Double"]}}}], "speaker": "USER", "utterance": "No not right now thanks."}, {"frames": [{"actions": [{"act": "REQ_MORE", "canonical_values": [], "slot": "", "values": []}], "service": "Media_2", "slots": []}], "speaker": "SYSTEM", "utterance": "Can I do anything else for you?"}, {"frames": [{"actions": [{"act": "INFORM", "canonical_values": ["Pop"], "slot": "genre", "values": ["pop"]}, {"act": "INFORM_INTENT", "canonical_values": ["LookupSong"], "slot": "intent", "values": ["LookupSong"]}], "service": "Music_1", "slots": [{"exclusive_end": 27, "slot": "genre", "start": 24}], "state": {"active_intent": "LookupSong", "requested_slots": [], "slot_values": {"genre": ["pop"]}}}], "speaker": "USER", "utterance": "Yes could you find me a pop song please?"}, {"frames": [{"actions": [{"act": "OFFER", "canonical_values": ["Adorn"], "slot": "song_name", "values": ["Adorn"]}, {"act": "OFFER", "canonical_values": ["Miguel"], "slot": "artist", "values": ["Miguel"]}, {"act": "OFFER", "canonical_values": ["Kaleidoscope Dream"], "slot": "album", "values": ["Kaleidoscope Dream"]}], "service": "Music_1", "service_call": {"method": "LookupSong", "parameters": {"genre": "Pop"}}, "service_results": [{"album": "Kaleidoscope Dream", "artist": "Miguel", "genre": "Pop", "song_name": "Adorn", "year": "2012"}, {"album": "A Boy From Tandale", "artist": "Diamond Platnumz", "genre": "Pop", "song_name": "African Beauty", "year": "2018"}, {"album": "Handwritten", "artist": "Shawn Mendes", "genre": "Pop", "song_name": "Aftertaste", "year": "2015"}, {"album": "Holo", "artist": "Limbo", "genre": "Pop", "song_name": "Airplane Mode", "year": "2017"}, {"album": "This Is Acting", "artist": "Sia", "genre": "Pop", "song_name": "Alive", "year": "2013"}, {"album": "Title", "artist": "Meghan Trainor", "genre": "Pop", "song_name": "All About That Bass", "year": "2012"}, {"album": "Always In Between", "artist": "Jess Glynne", "genre": "Pop", "song_name": "All I Am", "year": "2018"}, {"album": "The Princess", "artist": "Parov Stelar", "genre": "Pop", "song_name": "All Night", "year": "2012"}, {"album": "Journals", "artist": "Justin Bieber", "genre": "Pop", "song_name": "All That Matters", "year": "2013"}, {"album": "Singular Act I", "artist": "Sabrina Carpenter", "genre": "Pop", "song_name": "Almost Love", "year": "2018"}], "slots": [{"exclusive_end": 17, "slot": "song_name", "start": 12}, {"exclusive_end": 27, "slot": "artist", "start": 21}, {"exclusive_end": 61, "slot": "album", "start": 43}]}], "speaker": "SYSTEM", "utterance": "Do you like Adorn by Miguel from his album Kaleidoscope Dream."}, {"frames": [{"actions": [{"act": "SELECT", "canonical_values": [], "slot": "", "values": []}], "service": "Music_1", "slots": [], "state": {"active_intent": "LookupSong", "requested_slots": [], "slot_values": {"genre": ["pop"], "song_name": ["Adorn"]}}}], "speaker": "USER", "utterance": "Yes that is perfect."}, {"frames": [{"actions": [{"act": "OFFER_INTENT", "canonical_values": ["PlaySong"], "slot": "intent", "values": ["PlaySong"]}], "service": "Music_1", "slots": []}], "speaker": "SYSTEM", "utterance": "Would you like to play it now?"}, {"frames": [{"actions": [{"act": "AFFIRM_INTENT", "canonical_values": [], "slot": "", "values": []}], "service": "Music_1", "slots": [], "state": {"active_intent": "PlaySong", "requested_slots": [], "slot_values": {"genre": ["pop"], "song_name": ["Adorn"]}}}], "speaker": "USER", "utterance": "Yes please play it."}, {"frames": [{"actions": [{"act": "CONFIRM", "canonical_values": ["Adorn"], "slot": "song_name", "values": ["adorn"]}, {"act": "CONFIRM", "canonical_values": ["TV"], "slot": "playback_device", "values": ["TV"]}], "service": "Music_1", "slots": [{"exclusive_end": 22, "slot": "song_name", "start": 17}]}], "speaker": "SYSTEM", "utterance": "You want to hear adorn on the TV, correct?"}, {"frames": [{"actions": [{"act": "INFORM", "canonical_values": ["Bedroom speaker"], "slot": "playback_device", "values": ["Bedroom speaker"]}, {"act": "NEGATE", "canonical_values": [], "slot": "", "values": []}], "service": "Music_1", "slots": [], "state": {"active_intent": "PlaySong", "requested_slots": [], "slot_values": {"genre": ["pop"], "playback_device": ["Bedroom speaker"], "song_name": ["Adorn", "adorn"]}}}], "speaker": "USER", "utterance": "No cast it to my bedroom instead."}, {"frames": [{"actions": [{"act": "CONFIRM", "canonical_values": ["Adorn"], "slot": "song_name", "values": ["Adorn"]}, {"act": "CONFIRM", "canonical_values": ["Bedroom speaker"], "slot": "playback_device", "values": ["Bedroom speaker"]}], "service": "Music_1", "slots": [{"exclusive_end": 14, "slot": "song_name", "start": 9}]}], "speaker": "SYSTEM", "utterance": "You want Adorn cast to the bedroom speaker, correct?"}, {"frames": [{"actions": [{"act": "AFFIRM", "canonical_values": [], "slot": "", "values": []}], "service": "Music_1", "slots": [], "state": {"active_intent": "PlaySong", "requested_slots": [], "slot_values": {"genre": ["pop"], "playback_device": ["Bedroom speaker"], "song_name": ["Adorn", "adorn"]}}}], "speaker": "USER", "utterance": "Yes that is correct."}, {"frames": [{"actions": [{"act": "NOTIFY_SUCCESS", "canonical_values": [], "slot": "", "values": []}], "service": "Music_1", "service_call": {"method": "PlaySong", "parameters": {"playback_device": "Bedroom speaker", "song_name": "Adorn"}}, "service_results": [{"album": "Kaleidoscope Dream", "artist": "Miguel", "genre": "Pop", "playback_device": "Bedroom speaker", "song_name": "Adorn", "year": "2012"}], "slots": []}], "speaker": "SYSTEM", "utterance": "Okay enjoy your song."}, {"frames": [{"actions": [{"act": "REQUEST", "canonical_values": ["2012"], "slot": "year", "values": ["2012"]}], "service": "Music_1", "slots": [], "state": {"active_intent": "PlaySong", "requested_slots": ["year"], "slot_values": {"genre": ["pop"], "playback_device": ["Bedroom speaker"], "song_name": ["Adorn", "adorn"]}}}], "speaker": "USER", "utterance": "Is it from '12?"}, {"frames": [{"actions": [{"act": "INFORM", "canonical_values": ["2012"], "slot": "year", "values": ["2012"]}], "service": "Music_1", "slots": []}], "speaker": "SYSTEM", "utterance": "Yes it is from 2012."}, {"frames": [{"actions": [{"act": "THANK_YOU", "canonical_values": [], "slot": "", "values": []}, {"act": "GOODBYE", "canonical_values": [], "slot": "", "values": []}], "service": "Music_1", "slots": [], "state": {"active_intent": "PlaySong", "requested_slots": [], "slot_values": {"genre": ["pop"], "playback_device": ["Bedroom speaker"], "song_name": ["Adorn", "adorn"]}}}], "speaker": "USER", "utterance": "Thanks that is all I needed."}, {"frames": [{"actions": [{"act": "GOODBYE", "canonical_values": [], "slot": "", "values": []}], "service": "Music_1", "slots": []}], "speaker": "SYSTEM", "utterance": "Have a great day then."}]}, {"dialogue_id": "11_00001", "services": ["Media_2", "Music_1"], "turns": [{"frames": [{"actions": [{"act": "INFORM_INTENT", "canonical_values": ["FindMovies"], "slot": "intent", "values": ["FindMovies"]}], "service": "Media_2", "slots": [], "state": {"active_intent": "FindMovies", "requested_slots": [], "slot_values": {}}}], "speaker": "USER", "utterance": "I'd like to watch a movie."}, {"frames": [{"actions": [{"act": "REQUEST", "canonical_values": [], "slot": "genre", "values": []}], "service": "Media_2", "slots": []}], "speaker": "SYSTEM", "utterance": "What genre?"}, {"frames": [{"actions": [{"act": "INFORM", "canonical_values": ["Comedy"], "slot": "genre", "values": ["funny"]}], "service": "Media_2", "slots": [{"exclusive_end": 5, "slot": "genre", "start": 0}], "state": {"active_intent": "FindMovies", "requested_slots": [], "slot_values": {"genre": ["funny"]}}}], "speaker": "USER", "utterance": "funny."}, {"frames": [{"actions": [{"act": "OFFER", "canonical_values": ["A Madea Family Funeral", "Auntie Mame", "Dr. Strangelove"], "slot": "movie_name", "values": ["A Madea Family FUneral", "Auntie Mame", "Dr. Strangelove"]}, {"act": "INFORM_COUNT", "canonical_values": ["10"], "slot": "count", "values": ["10"]}], "service": "Media_2", "service_call": {"method": "FindMovies", "parameters": {"genre": "Comedy"}}, "service_results": [{"actors": "David Dunston", "director": "Tyler Perry", "genre": "Comedy", "movie_name": "A Madea Family Funeral", "price": "4", "subtitle_language": "Mandarin"}, {"actors": "Saundra Edwards", "director": "Morton DaCosta", "genre": "Comedy", "movie_name": "Auntie Mame", "price": "3", "subtitle_language": "None"}, {"actors": "Roy Stephens", "director": "Stanley Kubrick", "genre": "Comedy", "movie_name": "Dr. Strangelove", "price": "5", "subtitle_language": "None"}, {"actors": "Karan Kendrick", "director": "Laura Steinel", "genre": "Comedy", "movie_name": "Family", "price": "6", "subtitle_language": "None"}, {"actors": "Tyson Ritter", "director": "Sebastian Lelio", "genre": "Comedy", "movie_name": "Gloria Bell", "price": "4", "subtitle_language": "None"}, {"actors": "Von Lewis", "director": "Peter Farrelly", "genre": "Comedy", "movie_name": "Green Book", "price": "4", "subtitle_language": "Spanish"}, {"actors": "Kevin Blatch", "director": "Harry Elfont", "genre": "Comedy", "movie_name": "Josie and the Pussycats", "price": "7", "subtitle_language": "None"}, {"actors": "Palmer Williams Jr.", "director": "Tina Gordon", "genre": "Comedy", "movie_name": "Little", "price": "4", "subtitle_language": "None"}, {"actors": "Kurt Braunohler", "director": "Jonathan Levine", "genre": "Comedy", "movie_name": "Long Shot", "price": "6", "subtitle_language": "None"}, {"actors": "Stephen Fry", "director": "Chris Butler", "genre": "Comedy", "movie_name": "Missing Link", "price": "8", "subtitle_language": "Spanish"}], "slots": [{"exclusive_end": 70, "slot": "movie_name", "start": 48}, {"exclusive_end": 86, "slot": "movie_name", "start": 75}, {"exclusive_end": 46, "slot": "movie_name", "start": 31}]}], "speaker": "SYSTEM", "utterance": "I found 10 options, how about: Dr. Strangelove, A Madea Family FUneral, or Auntie Mame?"}, {"frames": [{"actions": [{"act": "INFORM_INTENT", "canonical_values": ["LookupSong"], "slot": "intent", "values": ["LookupSong"]}], "service": "Music_1", "slots": [], "state": {"active_intent": "LookupSong", "requested_slots": [], "slot_values": {}}}, {"actions": [{"act": "SELECT", "canonical_values": ["A Madea Family Funeral"], "slot": "movie_name", "values": ["A Madea Family Funeral"]}], "service": "Media_2", "slots": [{"exclusive_end": 22, "slot": "movie_name", "start": 0}], "state": {"active_intent": "FindMovies", "requested_slots": [], "slot_values": {"genre": ["funny"], "movie_name": ["A Madea Family FUneral", "A Madea Family Funeral"]}}}], "speaker": "USER", "utterance": "A Madea Family Funeral sounds great. COuld you find me a song?"}, {"frames": [{"actions": [{"act": "OFFER", "canonical_values": ["Sorry"], "slot": "song_name", "values": ["sorry"]}, {"act": "OFFER", "canonical_values": ["Justin Bieber"], "slot": "artist", "values": ["justin bieber"]}, {"act": "OFFER", "canonical_values": ["Purpose"], "slot": "album", "values": ["purpose"]}, {"act": "INFORM_COUNT", "canonical_values": ["10"], "slot": "count", "values": ["10"]}], "service": "Music_1", "service_call": {"method": "LookupSong", "parameters": {}}, "service_results": [{"album": "Purpose", "artist": "Justin Bieber", "genre": "Pop", "song_name": "Sorry", "year": "2010"}, {"album": "Glory Sound Prep", "artist": "Jon Bellion", "genre": "Pop", "song_name": "Stupid Deep", "year": "2018"}, {"album": "Undefined", "artist": "Simply Three", "genre": "Rock", "song_name": "Rain", "year": "2017"}, {"album": "Golden Hour", "artist": "Kacey Musgraves", "genre": "Country", "song_name": "High Horse", "year": "2018"}, {"album": "Stony Hill", "artist": "Damian Marley", "genre": "Reggae", "song_name": "Speak Life", "year": "2017"}, {"album": "The Gaza Don", "artist": "Vybz Kartel", "genre": "Dancehall", "song_name": "Summer Time", "year": "2011"}, {"album": "Ember", "artist": "Breaking Benjamin", "genre": "Rock", "song_name": "Tourniquet", "year": "2018"}, {"album": "The Hunting Party", "artist": "Linkin Park", "genre": "Metal", "song_name": "Final Masquerade", "year": "2014"}, {"album": "The Martin Garrix Experience", "artist": "Martin Garrix", "genre": "House", "song_name": "Yottabyte", "year": "2018"}, {"album": "Alkaline Masterpiece", "artist": "Alkaline", "genre": "Reggae", "song_name": "Pretty Girl Team", "year": "2017"}], "slots": [{"exclusive_end": 40, "slot": "song_name", "start": 35}, {"exclusive_end": 57, "slot": "artist", "start": 44}, {"exclusive_end": 78, "slot": "album", "start": 71}]}], "speaker": "SYSTEM", "utterance": "I found 10 song options. How about sorry by justin bieber on the album purpose?"}, {"frames": [{"actions": [{"act": "INFORM_INTENT", "canonical_values": ["PlaySong"], "slot": "intent", "values": ["PlaySong"]}, {"act": "SELECT", "canonical_values": [], "slot": "", "values": []}], "service": "Music_1", "slots": [], "state": {"active_intent": "PlaySong", "requested_slots": [], "slot_values": {"song_name": ["sorry"]}}}], "speaker": "USER", "utterance": "Yes, I'd liek to listen to it now."}, {"frames": [{"actions": [{"act": "CONFIRM", "canonical_values": ["Sorry"], "slot": "song_name", "values": ["SOrry"]}, {"act": "CONFIRM", "canonical_values": ["TV"], "slot": "playback_device", "values": ["TV"]}], "service": "Music_1", "slots": [{"exclusive_end": 26, "slot": "song_name", "start": 21}]}], "speaker": "SYSTEM", "utterance": "Please confirm: Play SOrry on the TV."}, {"frames": [{"actions": [{"act": "REQUEST", "canonical_values": [], "slot": "genre", "values": []}, {"act": "AFFIRM", "canonical_values": [], "slot": "", "values": []}], "service": "Music_1", "slots": [], "state": {"active_intent": "PlaySong", "requested_slots": ["genre"], "slot_values": {"playback_device": ["TV"], "song_name": ["SOrry", "sorry"]}}}], "speaker": "USER", "utterance": "Yes, what kind of music is it?"}, {"frames": [{"actions": [{"act": "INFORM", "canonical_values": ["Pop"], "slot": "genre", "values": ["pop"]}, {"act": "NOTIFY_SUCCESS", "canonical_values": [], "slot": "", "values": []}], "service": "Music_1", "service_call": {"method": "PlaySong", "parameters": {"playback_device": "TV", "song_name": "Sorry"}}, "service_results": [{"album": "Purpose", "artist": "Justin Bieber", "genre": "Pop", "playback_device": "TV", "song_name": "Sorry", "year": "2010"}], "slots": [{"exclusive_end": 24, "slot": "genre", "start": 21}]}], "speaker": "SYSTEM", "utterance": "It has started. It's pop music."}, {"frames": [{"actions": [{"act": "THANK_YOU", "canonical_values": [], "slot": "", "values": []}, {"act": "GOODBYE", "canonical_values": [], "slot": "", "values": []}], "service": "Music_1", "slots": [], "state": {"active_intent": "PlaySong", "requested_slots": [], "slot_values": {"playback_device": ["TV"], "song_name": ["SOrry", "sorry"]}}}], "speaker": "USER", "utterance": "Thanks, that's all I need"}, {"frames": [{"actions": [{"act": "GOODBYE", "canonical_values": [], "slot": "", "values": []}], "service": "Music_1", "slots": []}], "speaker": "SYSTEM", "utterance": "Have a great day."}]}, {"dialogue_id": "11_00002", "services": ["Media_2", "Music_1"], "turns": [{"frames": [{"actions": [{"act": "INFORM", "canonical_values": ["Alfred Hitchcock"], "slot": "director", "values": ["Alfred Hitchcock"]}, {"act": "INFORM", "canonical_values": ["Drama"], "slot": "genre", "values": ["drama"]}, {"act": "INFORM_INTENT", "canonical_values": ["FindMovies"], "slot": "intent", "values": ["FindMovies"]}], "service": "Media_2", "slots": [{"exclusive_end": 49, "slot": "director", "start": 33}, {"exclusive_end": 62, "slot": "genre", "start": 57}], "state": {"active_intent": "FindMovies", "requested_slots": [], "slot_values": {"director": ["Alfred Hitchcock"], "genre": ["drama"]}}}], "speaker": "USER", "utterance": "I would like a movie directed by Alfred Hitchcock in the drama genre."}, {"frames": [{"actions": [{"act": "OFFER", "canonical_values": ["The Man Who Knew Too Much"], "slot": "movie_name", "values": ["The Man Who Knew Too Much"]}, {"act": "INFORM_COUNT", "canonical_values": ["1"], "slot": "count", "values": ["1"]}], "service": "Media_2", "service_call": {"method": "FindMovies", "parameters": {"director": "Alfred Hitchcock", "genre": "Drama"}}, "service_results": [{"actors": "Bess Flowers", "director": "Alfred Hitchcock", "genre": "Drama", "movie_name": "The Man Who Knew Too Much", "price": "8", "subtitle_language": "Spanish"}], "slots": [{"exclusive_end": 53, "slot": "movie_name", "start": 28}]}], "speaker": "SYSTEM", "utterance": "There is 1 movie. How about The Man Who Knew Too Much?"}, {"frames": [{"actions": [{"act": "INFORM", "canonical_values": ["Pop"], "slot": "genre", "values": ["pop"]}, {"act": "INFORM_INTENT", "canonical_values": ["LookupSong"], "slot": "intent", "values": ["LookupSong"]}], "service": "Music_1", "slots": [{"exclusive_end": 56, "slot": "genre", "start": 53}], "state": {"active_intent": "LookupSong", "requested_slots": [], "slot_values": {"genre": ["pop"]}}}, {"actions": [{"act": "SELECT", "canonical_values": ["The Man Who Knew Too Much"], "slot": "movie_name", "values": ["The Man Who Knew Too Much"]}], "service": "Media_2", "slots": [{"exclusive_end": 25, "slot": "movie_name", "start": 0}], "state": {"active_intent": "FindMovies", "requested_slots": [], "slot_values": {"director": ["Alfred Hitchcock"], "genre": ["drama"], "movie_name": ["The Man Who Knew Too Much"]}}}], "speaker": "USER", "utterance": "The Man Who Knew Too Much sounds good. I also want a pop song."}, {"frames": [{"actions": [{"act": "OFFER", "canonical_values": ["Adorn"], "slot": "song_name", "values": ["Adorn"]}, {"act": "OFFER", "canonical_values": ["Miguel"], "slot": "artist", "values": ["Miguel"]}, {"act": "OFFER", "canonical_values": ["Kaleidoscope Dream"], "slot": "album", "values": ["Kaleidoscope Dream"]}], "service": "Music_1", "service_call": {"method": "LookupSong", "parameters": {"genre": "Pop"}}, "service_results": [{"album": "Kaleidoscope Dream", "artist": "Miguel", "genre": "Pop", "song_name": "Adorn", "year": "2012"}, {"album": "A Boy From Tandale", "artist": "Diamond Platnumz", "genre": "Pop", "song_name": "African Beauty", "year": "2018"}, {"album": "Handwritten", "artist": "Shawn Mendes", "genre": "Pop", "song_name": "Aftertaste", "year": "2015"}, {"album": "Holo", "artist": "Limbo", "genre": "Pop", "song_name": "Airplane Mode", "year": "2017"}, {"album": "This Is Acting", "artist": "Sia", "genre": "Pop", "song_name": "Alive", "year": "2013"}, {"album": "Title", "artist": "Meghan Trainor", "genre": "Pop", "song_name": "All About That Bass", "year": "2012"}, {"album": "Always In Between", "artist": "Jess Glynne", "genre": "Pop", "song_name": "All I Am", "year": "2018"}, {"album": "The Princess", "artist": "Parov Stelar", "genre": "Pop", "song_name": "All Night", "year": "2012"}, {"album": "Journals", "artist": "Justin Bieber", "genre": "Pop", "song_name": "All That Matters", "year": "2013"}, {"album": "Singular Act I", "artist": "Sabrina Carpenter", "genre": "Pop", "song_name": "Almost Love", "year": "2018"}], "slots": [{"exclusive_end": 32, "slot": "song_name", "start": 27}, {"exclusive_end": 21, "slot": "artist", "start": 15}, {"exclusive_end": 66, "slot": "album", "start": 48}]}], "speaker": "SYSTEM", "utterance": "What about the Miguel song Adorn from the album Kaleidoscope Dream?"}, {"frames": [{"actions": [{"act": "INFORM", "canonical_values": ["TV"], "slot": "playback_device", "values": ["TV"]}, {"act": "INFORM_INTENT", "canonical_values": ["PlaySong"], "slot": "intent", "values": ["PlaySong"]}, {"act": "SELECT", "canonical_values": [], "slot": "", "values": []}], "service": "Music_1", "slots": [], "state": {"active_intent": "PlaySong", "requested_slots": [], "slot_values": {"genre": ["pop"], "playback_device": ["TV"], "song_name": ["Adorn"]}}}], "speaker": "USER", "utterance": "Great, please play it on display."}, {"frames": [{"actions": [{"act": "CONFIRM", "canonical_values": ["Adorn"], "slot": "song_name", "values": ["Adorn"]}, {"act": "CONFIRM", "canonical_values": ["TV"], "slot": "playback_device", "values": ["TV"]}], "service": "Music_1", "slots": [{"exclusive_end": 28, "slot": "song_name", "start": 23}]}], "speaker": "SYSTEM", "utterance": "Please confirm to play Adorn on the TV."}, {"frames": [{"actions": [{"act": "REQUEST", "canonical_values": ["2012"], "slot": "year", "values": ["2012"]}, {"act": "AFFIRM", "canonical_values": [], "slot": "", "values": []}], "service": "Music_1", "slots": [], "state": {"active_intent": "PlaySong", "requested_slots": ["year"], "slot_values": {"genre": ["pop"], "playback_device": ["TV"], "song_name": ["Adorn"]}}}], "speaker": "USER", "utterance": "That's correct. Was it released about seven years back?"}, {"frames": [{"actions": [{"act": "INFORM", "canonical_values": ["2012"], "slot": "year", "values": ["2012"]}, {"act": "NOTIFY_SUCCESS", "canonical_values": [], "slot": "", "values": []}], "service": "Music_1", "service_call": {"method": "PlaySong", "parameters": {"playback_device": "TV", "song_name": "Adorn"}}, "service_results": [{"album": "Kaleidoscope Dream", "artist": "Miguel", "genre": "Pop", "playback_device": "TV", "song_name": "Adorn", "year": "2012"}], "slots": []}], "speaker": "SYSTEM", "utterance": "It is from 2012."}, {"frames": [{"actions": [{"act": "THANK_YOU", "canonical_values": [], "slot": "", "values": []}], "service": "Music_1", "slots": [], "state": {"active_intent": "PlaySong", "requested_slots": [], "slot_values": {"genre": ["pop"], "playback_device": ["TV"], "song_name": ["Adorn"]}}}], "speaker": "USER", "utterance": "Thanks a lot."}, {"frames": [{"actions": [{"act": "REQ_MORE", "canonical_values": [], "slot": "", "values": []}], "service": "Music_1", "slots": []}], "speaker": "SYSTEM", "utterance": "Can I help you with anything else?"}, {"frames": [{"actions": [{"act": "NEGATE", "canonical_values": [], "slot": "", "values": []}, {"act": "THANK_YOU", "canonical_values": [], "slot": "", "values": []}], "service": "Music_1", "slots": [], "state": {"active_intent": "NONE", "requested_slots": [], "slot_values": {"genre": ["pop"], "playback_device": ["TV"], "song_name": ["Adorn"]}}}], "speaker": "USER", "utterance": "No, this is good for now."}, {"frames": [{"actions": [{"act": "GOODBYE", "canonical_values": [], "slot": "", "values": []}], "service": "Music_1", "slots": []}], "speaker": "SYSTEM", "utterance": "Have a nice day."}]}, {"dialogue_id": "11_00003", "services": ["Banks_2", "Weather_1"], "turns": [{"frames": [{"actions": [{"act": "INFORM", "canonical_values": ["savings"], "slot": "account_type", "values": ["savings"]}, {"act": "INFORM_INTENT", "canonical_values": ["CheckBalance"], "slot": "intent", "values": ["CheckBalance"]}], "service": "Banks_2", "slots": [], "state": {"active_intent": "CheckBalance", "requested_slots": [], "slot_values": {"account_type": ["savings"]}}}], "speaker": "USER", "utterance": "Hi, I need my savings account balance."}, {"frames": [{"actions": [{"act": "OFFER", "canonical_values": ["savings"], "slot": "account_type", "values": ["savings"]}, {"act": "OFFER", "canonical_values": ["9789.20"], "slot": "account_balance", "values": ["$9,789.20"]}], "service": "Banks_2", "service_call": {"method": "CheckBalance", "parameters": {"account_type": "savings"}}, "service_results": [{"account_balance": "9789.20", "account_type": "savings"}], "slots": [{"exclusive_end": 44, "slot": "account_balance", "start": 35}]}], "speaker": "SYSTEM", "utterance": "Sure, your savings right now is at $9,789.20."}, {"frames": [{"actions": [{"act": "INFORM_INTENT", "canonical_values": ["TransferMoney"], "slot": "intent", "values": ["TransferMoney"]}, {"act": "SELECT", "canonical_values": [], "slot": "", "values": []}], "service": "Banks_2", "slots": [], "state": {"active_intent": "TransferMoney", "requested_slots": [], "slot_values": {"account_type": ["savings"]}}}], "speaker": "USER", "utterance": "I'll need to make a transfer please."}, {"frames": [{"actions": [{"act": "REQUEST", "canonical_values": [], "slot": "transfer_amount", "values": []}, {"act": "REQUEST", "canonical_values": [], "slot": "recipient_name", "values": []}], "service": "Banks_2", "slots": []}], "speaker": "SYSTEM", "utterance": "How much and to whom?"}, {"frames": [{"actions": [{"act": "INFORM", "canonical_values": ["30"], "slot": "transfer_amount", "values": ["$30"]}, {"act": "INFORM", "canonical_values": ["Jasbir"], "slot": "recipient_name", "values": ["Jasbir"]}], "service": "Banks_2", "slots": [{"exclusive_end": 18, "slot": "transfer_amount", "start": 15}, {"exclusive_end": 28, "slot": "recipient_name", "start": 22}], "state": {"active_intent": "TransferMoney", "requested_slots": [], "slot_values": {"account_type": ["savings"], "recipient_name": ["Jasbir"], "transfer_amount": ["$30"]}}}], "speaker": "USER", "utterance": "I want to send $30 to Jasbir."}, {"frames": [{"actions": [{"act": "CONFIRM", "canonical_values": ["savings"], "slot": "account_type", "values": ["savings"]}, {"act": "CONFIRM", "canonical_values": ["30"], "slot": "transfer_amount", "values": ["$30"]}, {"act": "CONFIRM", "canonical_values": ["Jasbir"], "slot": "recipient_name", "values": ["Jasbir"]}, {"act": "CONFIRM", "canonical_values": ["checking"], "slot": "recipient_account_type", "values": ["checking"]}], "service": "Banks_2", "slots": [{"exclusive_end": 16, "slot": "transfer_amount", "start": 13}, {"exclusive_end": 72, "slot": "recipient_name", "start": 66}]}], "speaker": "SYSTEM", "utterance": "Confirming a $30 transfer from savings to the checking account of Jasbir."}, {"frames": [{"actions": [{"act": "REQUEST", "canonical_values": [], "slot": "transfer_time", "values": []}, {"act": "AFFIRM", "canonical_values": [], "slot": "", "values": []}], "service": "Banks_2", "slots": [], "state": {"active_intent": "TransferMoney", "requested_slots": ["transfer_time"], "slot_values": {"account_type": ["savings"], "recipient_account_type": ["checking"], "recipient_name": ["Jasbir"], "transfer_amount": ["$30"]}}}], "speaker": "USER", "utterance": "Thanks. How long will that take?"}, {"frames": [{"actions": [{"act": "INFORM", "canonical_values": ["3"], "slot": "transfer_time", "values": ["3"]}, {"act": "NOTIFY_SUCCESS", "canonical_values": [], "slot": "", "values": []}], "service": "Banks_2", "service_call": {"method": "TransferMoney", "parameters": {"account_type": "savings", "recipient_account_type": "checking", "recipient_name": "Jasbir", "transfer_amount": "30"}}, "service_results": [{"account_type": "savings", "recipient_account_type": "checking", "recipient_name": "Jasbir", "transfer_amount": "30", "transfer_time": "3"}], "slots": [{"exclusive_end": 17, "slot": "transfer_time", "start": 16}]}], "speaker": "SYSTEM", "utterance": "It is usually a 3 day process and the transfer has been processed."}, {"frames": [{"actions": [{"act": "INFORM", "canonical_values": ["2019-03-14"], "slot": "date", "values": ["14th of March"]}, {"act": "INFORM", "canonical_values": ["Antioch"], "slot": "city", "values": ["Antioch"]}, {"act": "INFORM_INTENT", "canonical_values": ["GetWeather"], "slot": "intent", "values": ["GetWeather"]}], "service": "Weather_1", "slots": [{"exclusive_end": 78, "slot": "date", "start": 65}, {"exclusive_end": 40, "slot": "city", "start": 33}], "state": {"active_intent": "GetWeather", "requested_slots": [], "slot_values": {"city": ["Antioch"], "date": ["14th of March"]}}}], "speaker": "USER", "utterance": "Could you also tell me about the Antioch weather forecast on the 14th of March?"}, {"frames": [{"actions": [{"act": "OFFER", "canonical_values": ["74"], "slot": "temperature", "values": ["74"]}, {"act": "OFFER", "canonical_values": ["13"], "slot": "precipitation", "values": ["13"]}], "service": "Weather_1", "service_call": {"method": "GetWeather", "parameters": {"city": "Antioch", "date": "2019-03-14"}}, "service_results": [{"city": "Antioch", "date": "2019-03-14", "humidity": "24", "precipitation": "13", "temperature": "74", "wind": "1"}], "slots": [{"exclusive_end": 33, "slot": "temperature", "start": 31}, {"exclusive_end": 61, "slot": "precipitation", "start": 59}]}], "speaker": "SYSTEM", "utterance": "Yes, an average temperature of 74 degrees Fahrenheit and a 13 percent possibility of precipitation."}, {"frames": [{"actions": [{"act": "REQUEST", "canonical_values": [], "slot": "humidity", "values": []}, {"act": "REQUEST", "canonical_values": [], "slot": "wind", "values": []}], "service": "Weather_1", "slots": [], "state": {"active_intent": "GetWeather", "requested_slots": ["humidity", "wind"], "slot_values": {"city": ["Antioch"], "date": ["14th of March"]}}}], "speaker": "USER", "utterance": "How about the wind speed and the humidity?"}, {"frames": [{"actions": [{"act": "INFORM", "canonical_values": ["24"], "slot": "humidity", "values": ["24"]}, {"act": "INFORM", "canonical_values": ["1"], "slot": "wind", "values": ["1"]}], "service": "Weather_1", "slots": [{"exclusive_end": 17, "slot": "humidity", "start": 15}, {"exclusive_end": 59, "slot": "wind", "start": 58}]}], "speaker": "SYSTEM", "utterance": "You can expect 24 percent humidity and an average wind of 1 mph."}, {"frames": [{"actions": [{"act": "SELECT", "canonical_values": [], "slot": "", "values": []}, {"act": "GOODBYE", "canonical_values": [], "slot": "", "values": []}], "service": "Weather_1", "slots": [], "state": {"active_intent": "GetWeather", "requested_slots": [], "slot_values": {"city": ["Antioch"], "date": ["14th of March"]}}}], "speaker": "USER", "utterance": "Thank you, that's everything I need."}, {"frames": [{"actions": [{"act": "GOODBYE", "canonical_values": [], "slot": "", "values": []}], "service": "Weather_1", "slots": []}], "speaker": "SYSTEM", "utterance": "Thank you, have a great day."}]}, {"dialogue_id": "11_00004", "services": ["Banks_2", "Weather_1"], "turns": [{"frames": [{"actions": [{"act": "INFORM_INTENT", "canonical_values": ["CheckBalance"], "slot": "intent", "values": ["CheckBalance"]}], "service": "Banks_2", "slots": [], "state": {"active_intent": "CheckBalance", "requested_slots": [], "slot_values": {}}}], "speaker": "USER", "utterance": "What's my balance for my account?"}, {"frames": [{"actions": [{"act": "REQUEST", "canonical_values": [], "slot": "account_type", "values": []}], "service": "Banks_2", "slots": []}], "speaker": "SYSTEM", "utterance": "Which account do you want me to look at?"}, {"frames": [{"actions": [{"act": "INFORM", "canonical_values": ["savings"], "slot": "account_type", "values": ["savings"]}], "service": "Banks_2", "slots": [], "state": {"active_intent": "CheckBalance", "requested_slots": [], "slot_values": {"account_type": ["savings"]}}}], "speaker": "USER", "utterance": "My savings."}, {"frames": [{"actions": [{"act": "OFFER", "canonical_values": ["savings"], "slot": "account_type", "values": ["savings"]}, {"act": "OFFER", "canonical_values": ["4309.67"], "slot": "account_balance", "values": ["$4,309.67"]}], "service": "Banks_2", "service_call": {"method": "CheckBalance", "parameters": {"account_type": "savings"}}, "service_results": [{"account_balance": "4309.67", "account_type": "savings"}], "slots": [{"exclusive_end": 44, "slot": "account_balance", "start": 35}]}], "speaker": "SYSTEM", "utterance": "Your savings account balance is at $4,309.67."}, {"frames": [{"actions": [{"act": "SELECT", "canonical_values": [], "slot": "", "values": []}], "service": "Banks_2", "slots": [], "state": {"active_intent": "CheckBalance", "requested_slots": [], "slot_values": {"account_type": ["savings"]}}}], "speaker": "USER", "utterance": "Cool."}, {"frames": [{"actions": [{"act": "OFFER_INTENT", "canonical_values": ["TransferMoney"], "slot": "intent", "values": ["TransferMoney"]}], "service": "Banks_2", "slots": []}], "speaker": "SYSTEM", "utterance": "Are you looking to make a transfer?"}, {"frames": [{"actions": [{"act": "AFFIRM_INTENT", "canonical_values": [], "slot": "", "values": []}], "service": "Banks_2", "slots": [], "state": {"active_intent": "TransferMoney", "requested_slots": [], "slot_values": {"account_type": ["savings"]}}}], "speaker": "USER", "utterance": "Yes, I'd like to do that."}, {"frames": [{"actions": [{"act": "REQUEST", "canonical_values": [], "slot": "transfer_amount", "values": []}], "service": "Banks_2", "slots": []}], "speaker": "SYSTEM", "utterance": "How much would you like to transfer?"}, {"frames": [{"actions": [{"act": "INFORM", "canonical_values": ["1490"], "slot": "transfer_amount", "values": ["1,490 bucks"]}], "service": "Banks_2", "slots": [{"exclusive_end": 27, "slot": "transfer_amount", "start": 16}], "state": {"active_intent": "TransferMoney", "requested_slots": [], "slot_values": {"account_type": ["savings"], "transfer_amount": ["1,490 bucks"]}}}], "speaker": "USER", "utterance": "Please transfer 1,490 bucks."}, {"frames": [{"actions": [{"act": "REQUEST", "canonical_values": [], "slot": "recipient_name", "values": []}], "service": "Banks_2", "slots": []}], "speaker": "SYSTEM", "utterance": "Where would you like to send the money?"}, {"frames": [{"actions": [{"act": "INFORM", "canonical_values": ["Svetlana"], "slot": "recipient_name", "values": ["Svetlana"]}], "service": "Banks_2", "slots": [{"exclusive_end": 11, "slot": "recipient_name", "start": 3}], "state": {"active_intent": "TransferMoney", "requested_slots": [], "slot_values": {"account_type": ["savings"], "recipient_name": ["Svetlana"], "transfer_amount": ["1,490 bucks"]}}}], "speaker": "USER", "utterance": "To Svetlana."}, {"frames": [{"actions": [{"act": "CONFIRM", "canonical_values": ["savings"], "slot": "account_type", "values": ["savings"]}, {"act": "CONFIRM", "canonical_values": ["1490"], "slot": "transfer_amount", "values": ["$1,490"]}, {"act": "CONFIRM", "canonical_values": ["Svetlana"], "slot": "recipient_name", "values": ["Svetlana"]}, {"act": "CONFIRM", "canonical_values": ["checking"], "slot": "recipient_account_type", "values": ["checking"]}], "service": "Banks_2", "slots": [{"exclusive_end": 59, "slot": "transfer_amount", "start": 53}, {"exclusive_end": 71, "slot": "recipient_name", "start": 63}]}], "speaker": "SYSTEM", "utterance": "Okay, please confirm the following details: transfer $1,490 to Svetlana checking account from my savings account."}, {"frames": [{"actions": [{"act": "REQUEST", "canonical_values": [], "slot": "transfer_time", "values": []}, {"act": "AFFIRM", "canonical_values": [], "slot": "", "values": []}], "service": "Banks_2", "slots": [], "state": {"active_intent": "TransferMoney", "requested_slots": ["transfer_time"], "slot_values": {"account_type": ["savings"], "recipient_account_type": ["checking"], "recipient_name": ["Svetlana"], "transfer_amount": ["$1,490", "1,490 bucks"]}}}], "speaker": "USER", "utterance": "Yes, how long will it take?"}, {"frames": [{"actions": [{"act": "INFORM", "canonical_values": ["3"], "slot": "transfer_time", "values": ["3"]}, {"act": "NOTIFY_SUCCESS", "canonical_values": [], "slot": "", "values": []}], "service": "Banks_2", "service_call": {"method": "TransferMoney", "parameters": {"account_type": "savings", "recipient_account_type": "checking", "recipient_name": "Svetlana", "transfer_amount": "1490"}}, "service_results": [{"account_type": "savings", "recipient_account_type": "checking", "recipient_name": "Svetlana", "transfer_amount": "1490", "transfer_time": "3"}], "slots": [{"exclusive_end": 62, "slot": "transfer_time", "start": 61}]}], "speaker": "SYSTEM", "utterance": "Your transfer has successfully completed! It will take up to 3 business days."}, {"frames": [{"actions": [{"act": "THANK_YOU", "canonical_values": [], "slot": "", "values": []}], "service": "Banks_2", "slots": [], "state": {"active_intent": "TransferMoney", "requested_slots": [], "slot_values": {"account_type": ["savings"], "recipient_account_type": ["checking"], "recipient_name": ["Svetlana"], "transfer_amount": ["$1,490", "1,490 bucks"]}}}], "speaker": "USER", "utterance": "Okay, thank you for doing that."}, {"frames": [{"actions": [{"act": "REQ_MORE", "canonical_values": [], "slot": "", "values": []}], "service": "Banks_2", "slots": []}], "speaker": "SYSTEM", "utterance": "Is there anything else I can do for you?"}, {"frames": [{"actions": [{"act": "INFORM", "canonical_values": ["Cloverdale"], "slot": "city", "values": ["Cloverdale"]}, {"act": "INFORM_INTENT", "canonical_values": ["GetWeather"], "slot": "intent", "values": ["GetWeather"]}], "service": "Weather_1", "slots": [{"exclusive_end": 32, "slot": "city", "start": 22}], "state": {"active_intent": "GetWeather", "requested_slots": [], "slot_values": {"city": ["Cloverdale"]}}}], "speaker": "USER", "utterance": "What's the weather in Cloverdale like?"}, {"frames": [{"actions": [{"act": "OFFER", "canonical_values": ["88"], "slot": "temperature", "values": ["88"]}, {"act": "OFFER", "canonical_values": ["2"], "slot": "precipitation", "values": ["2"]}], "service": "Weather_1", "service_call": {"method": "GetWeather", "parameters": {"city": "Cloverdale"}}, "service_results": [{"city": "Cloverdale", "date": "2019-03-01", "humidity": "16", "precipitation": "2", "temperature": "88", "wind": "3"}], "slots": [{"exclusive_end": 35, "slot": "temperature", "start": 33}, {"exclusive_end": 52, "slot": "precipitation", "start": 51}]}], "speaker": "SYSTEM", "utterance": "The average temperature today is 88 degrees with a 2 percent chance of rain."}, {"frames": [{"actions": [{"act": "SELECT", "canonical_values": [], "slot": "", "values": []}], "service": "Weather_1", "slots": [], "state": {"active_intent": "GetWeather", "requested_slots": [], "slot_values": {"city": ["Cloverdale"]}}}], "speaker": "USER", "utterance": "Okay, thank you, that helps."}, {"frames": [{"actions": [{"act": "REQ_MORE", "canonical_values": [], "slot": "", "values": []}], "service": "Weather_1", "slots": []}], "speaker": "SYSTEM", "utterance": "Anything else I can help you with?"}, {"frames": [{"actions": [{"act": "NEGATE", "canonical_values": [], "slot": "", "values": []}, {"act": "THANK_YOU", "canonical_values": [], "slot": "", "values": []}], "service": "Weather_1", "slots": [], "state": {"active_intent": "NONE", "requested_slots": [], "slot_values": {"city": ["Cloverdale"]}}}], "speaker": "USER", "utterance": "Nope, that's all. Thanks!"}, {"frames": [{"actions": [{"act": "GOODBYE", "canonical_values": [], "slot": "", "values": []}], "service": "Weather_1", "slots": []}], "speaker": "SYSTEM", "utterance": "You're welcome, have a good day."}]}]