[{"dialogue_id": "107_00000", "services": ["Movies_1", "Music_2"], "turns": [{"frames": [{"actions": [{"act": "INFORM", "canonical_values": ["imax"], "slot": "show_type", "values": ["imax"]}, {"act": "INFORM", "canonical_values": ["San Francisco"], "slot": "location", "values": ["SF"]}, {"act": "INFORM_INTENT", "canonical_values": ["FindMovies"], "slot": "intent", "values": ["FindMovies"]}], "service": "Movies_1", "slots": [{"exclusive_end": 33, "slot": "location", "start": 31}], "state": {"active_intent": "FindMovies", "requested_slots": [], "slot_values": {"location": ["SF"], "show_type": ["imax"]}}}], "speaker": "USER", "utterance": "Pull up imax movies playing in SF please."}, {"frames": [{"actions": [{"act": "OFFER", "canonical_values": ["Ash Is Purest White", "Dumbo", "Gloria Bell"], "slot": "movie_name", "values": ["Ash is Purest White", "Dumbo", "Gloria bell"]}, {"act": "INFORM_COUNT", "canonical_values": ["10"], "slot": "count", "values": ["10"]}], "service": "Movies_1", "service_call": {"method": "FindMovies", "parameters": {"location": "San Francisco", "show_type": "imax"}}, "service_results": [{"genre": "Crime", "location": "San Francisco", "movie_name": "Ash Is Purest White", "price": "14", "show_type": "imax", "street_address": "1 Embarcadero Center", "theater_name": "Landmark's Embarcadero Center Cinema"}, {"genre": "Fantasy", "location": "San Francisco", "movie_name": "Dumbo", "price": "15", "show_type": "imax", "street_address": "135 4th Street Suite 3000", "theater_name": "AMC Metreon 16"}, {"genre": "Comedy", "location": "San Francisco", "movie_name": "Gloria Bell", "price": "16", "show_type": "imax", "street_address": "601 Van Ness Avenue", "theater_name": "Landmark's Opera Plaza Cinema"}, {"genre": "Fantasy", "location": "San Francisco", "movie_name": "Hellboy", "price": "22", "show_type": "imax", "street_address": "835 Market Street", "theater_name": "Century San Francisco Centre 9 & XD"}, {"genre": "Thriller", "location": "San Francisco", "movie_name": "Hotel Mumbai", "price": "10", "show_type": "imax", "street_address": "2340 Chestnut Street", "theater_name": "Presidio Theatre"}, {"genre": "Comedy", "location": "San Francisco", "movie_name": "Josie and the Pussycats", "price": "7", "show_type": "imax", "street_address": "3630 Balboa Street", "theater_name": "Balboa Theatre"}, {"genre": "Documentary", "location": "San Francisco", "movie_name": "Knock Down The House", "price": "15", "show_type": "imax", "street_address": "1 Embarcadero Center", "theater_name": "Landmark's Embarcadero Center Cinema"}, {"genre": "Fantasy", "location": "San Francisco", "movie_name": "Mad Max: Fury Road", "price": "11", "show_type": "imax", "street_address": "3630 Balboa Street", "theater_name": "Balboa Theatre"}, {"genre": "Comedy", "location": "San Francisco", "movie_name": "Missing Link", "price": "5", "show_type": "imax", "street_address": "835 Market Street", "theater_name": "Century San Francisco Centre 9 & XD"}, {"genre": "Adventure", "location": "San Francisco", "movie_name": "Shazam!", "price": "21", "show_type": "imax", "street_address": "2149 Chestnut Street", "theater_name": "Marina Theatre"}], "slots": [{"exclusive_end": 68, "slot": "movie_name", "start": 49}, {"exclusive_end": 75, "slot": "movie_name", "start": 70}, {"exclusive_end": 90, "slot": "movie_name", "start": 79}]}], "speaker": "SYSTEM", "utterance": "Sure, I have 10 shows available. May I recommend Ash is Purest White, Dumbo or Gloria bell?"}, {"frames": [{"actions": [{"act": "SELECT", "canonical_values": ["Ash Is Purest White"], "slot": "movie_name", "values": ["Ash Is Purest White"]}], "service": "Movies_1", "slots": [{"exclusive_end": 19, "slot": "movie_name", "start": 0}], "state": {"active_intent": "FindMovies", "requested_slots": [], "slot_values": {"location": ["SF"], "movie_name": ["Ash Is Purest White", "Ash is Purest White"], "show_type": ["imax"]}}}, {"actions": [{"act": "INFORM", "canonical_values": ["Black Smoke Rising"], "slot": "album", "values": ["Black Smoke Rising"]}, {"act": "INFORM", "canonical_values": ["Greta Van Fleet"], "slot": "artist", "values": ["Greta Van Fleet"]}, {"act": "INFORM", "canonical_values": ["Rock"], "slot": "genre", "values": ["Rock"]}, {"act": "INFORM_INTENT", "canonical_values": ["LookupMusic"], "slot": "intent", "values": ["LookupMusic"]}], "service": "Music_2", "slots": [{"exclusive_end": 143, "slot": "album", "start": 125}, {"exclusive_end": 116, "slot": "artist", "start": 101}, {"exclusive_end": 91, "slot": "genre", "start": 87}], "state": {"active_intent": "LookupMusic", "requested_slots": [], "slot_values": {"album": ["Black Smoke Rising"], "artist": ["Greta Van Fleet"], "genre": ["Rock"]}}}], "speaker": "USER", "utterance": "Ash Is Purest White sounds good. Let's also pull up songs please. I would like to hear Rock songs by Greta Van Fleet off the Black Smoke Rising album."}, {"frames": [{"actions": [{"act": "OFFER", "canonical_values": ["Highway Tune"], "slot": "song_name", "values": ["Highway Tune"]}, {"act": "OFFER", "canonical_values": ["Greta Van Fleet"], "slot": "artist", "values": ["Greta Van Fleet"]}, {"act": "OFFER", "canonical_values": ["Black Smoke Rising"], "slot": "album", "values": ["Black Smoke Rising"]}], "service": "Music_2", "service_call": {"method": "LookupMusic", "parameters": {"album": "Black Smoke Rising", "artist": "Greta Van Fleet", "genre": "Rock"}}, "service_results": [{"album": "Black Smoke Rising", "artist": "Greta Van Fleet", "genre": "Rock", "song_name": "Highway Tune"}], "slots": [{"exclusive_end": 108, "slot": "song_name", "start": 96}, {"exclusive_end": 71, "slot": "artist", "start": 56}, {"exclusive_end": 46, "slot": "album", "start": 28}]}], "speaker": "SYSTEM", "utterance": "Ok, no problem. I found the Black Smoke Rising album by Greta Van Fleet. Would you like to hear Highway Tune?"}, {"frames": [{"actions": [{"act": "INFORM", "canonical_values": ["kitchen speaker"], "slot": "playback_device", "values": ["kitchen speaker"]}, {"act": "INFORM_INTENT", "canonical_values": ["PlayMedia"], "slot": "intent", "values": ["PlayMedia"]}, {"act": "SELECT", "canonical_values": [], "slot": "", "values": []}], "service": "Music_2", "slots": [], "state": {"active_intent": "PlayMedia", "requested_slots": [], "slot_values": {"album": ["Black Smoke Rising"], "artist": ["Greta Van Fleet"], "genre": ["Rock"], "playback_device": ["kitchen speaker"], "song_name": ["Highway Tune"]}}}], "speaker": "USER", "utterance": "Yes, play on speaker in kitchen pleaes."}, {"frames": [{"actions": [{"act": "CONFIRM", "canonical_values": ["Highway Tune"], "slot": "song_name", "values": ["Highway Tune"]}, {"act": "CONFIRM", "canonical_values": ["kitchen speaker"], "slot": "playback_device", "values": ["kitchen speaker"]}], "service": "Music_2", "slots": [{"exclusive_end": 56, "slot": "song_name", "start": 44}]}], "speaker": "SYSTEM", "utterance": "Sure, please confirm you would like to play Highway Tune on the kitchen speaker."}, {"frames": [{"actions": [{"act": "INFORM", "canonical_values": ["bedroom speaker"], "slot": "playback_device", "values": ["bedroom speaker"]}, {"act": "NEGATE", "canonical_values": [], "slot": "", "values": []}], "service": "Music_2", "slots": [], "state": {"active_intent": "PlayMedia", "requested_slots": [], "slot_values": {"album": ["Black Smoke Rising"], "artist": ["Greta Van Fleet"], "genre": ["Rock"], "playback_device": ["bedroom speaker"], "song_name": ["Highway Tune"]}}}], "speaker": "USER", "utterance": "Nevermind, play it on bedroom device instead."}, {"frames": [{"actions": [{"act": "CONFIRM", "canonical_values": ["Highway Tune"], "slot": "song_name", "values": ["Highway Tune"]}, {"act": "CONFIRM", "canonical_values": ["bedroom speaker"], "slot": "playback_device", "values": ["bedroom speaker"]}], "service": "Music_2", "slots": [{"exclusive_end": 39, "slot": "song_name", "start": 27}]}], "speaker": "SYSTEM", "utterance": "Ok, please confirm playing Highway Tune on bedroom speaker."}, {"frames": [{"actions": [{"act": "AFFIRM", "canonical_values": [], "slot": "", "values": []}], "service": "Music_2", "slots": [], "state": {"active_intent": "PlayMedia", "requested_slots": [], "slot_values": {"album": ["Black Smoke Rising"], "artist": ["Greta Van Fleet"], "genre": ["Rock"], "playback_device": ["bedroom speaker"], "song_name": ["Highway Tune"]}}}], "speaker": "USER", "utterance": "Yes, go ahead."}, {"frames": [{"actions": [{"act": "NOTIFY_SUCCESS", "canonical_values": [], "slot": "", "values": []}], "service": "Music_2", "service_call": {"method": "PlayMedia", "parameters": {"artist": "Greta Van Fleet", "playback_device": "bedroom speaker", "song_name": "Highway Tune"}}, "service_results": [{"album": "Black Smoke Rising", "artist": "Greta Van Fleet", "genre": "Rock", "playback_device": "bedroom speaker", "song_name": "Highway Tune"}], "slots": []}], "speaker": "SYSTEM", "utterance": "Ok, track is playing. Enjoy your music."}, {"frames": [{"actions": [{"act": "THANK_YOU", "canonical_values": [], "slot": "", "values": []}], "service": "Music_2", "slots": [], "state": {"active_intent": "PlayMedia", "requested_slots": [], "slot_values": {"album": ["Black Smoke Rising"], "artist": ["Greta Van Fleet"], "genre": ["Rock"], "playback_device": ["bedroom speaker"], "song_name": ["Highway Tune"]}}}], "speaker": "USER", "utterance": "Thank you."}, {"frames": [{"actions": [{"act": "REQ_MORE", "canonical_values": [], "slot": "", "values": []}], "service": "Music_2", "slots": []}], "speaker": "SYSTEM", "utterance": "Will there be anything else?"}, {"frames": [{"actions": [{"act": "NEGATE", "canonical_values": [], "slot": "", "values": []}, {"act": "THANK_YOU", "canonical_values": [], "slot": "", "values": []}], "service": "Music_2", "slots": [], "state": {"active_intent": "NONE", "requested_slots": [], "slot_values": {"album": ["Black Smoke Rising"], "artist": ["Greta Van Fleet"], "genre": ["Rock"], "playback_device": ["bedroom speaker"], "song_name": ["Highway Tune"]}}}], "speaker": "USER", "utterance": "No, Good Bye!"}, {"frames": [{"actions": [{"act": "GOODBYE", "canonical_values": [], "slot": "", "values": []}], "service": "Music_2", "slots": []}], "speaker": "SYSTEM", "utterance": "Ok, Have a great day."}]}, {"dialogue_id": "107_00001", "services": ["Movies_1", "Music_2"], "turns": [{"frames": [{"actions": [{"act": "INFORM", "canonical_values": ["Century Rowland Plaza"], "slot": "theater_name", "values": ["Century Rowland Plaza"]}, {"act": "INFORM_INTENT", "canonical_values": ["FindMovies"], "slot": "intent", "values": ["FindMovies"]}], "service": "Movies_1", "slots": [{"exclusive_end": 56, "slot": "theater_name", "start": 35}], "state": {"active_intent": "FindMovies", "requested_slots": [], "slot_values": {"theater_name": ["Century Rowland Plaza"]}}}], "speaker": "USER", "utterance": "I wish to find a movie to watch at Century Rowland Plaza"}, {"frames": [{"actions": [{"act": "REQUEST", "canonical_values": [], "slot": "location", "values": []}], "service": "Movies_1", "slots": []}], "speaker": "SYSTEM", "utterance": "What about your location?"}, {"frames": [{"actions": [{"act": "INFORM", "canonical_values": ["imax"], "slot": "show_type", "values": ["imax"]}, {"act": "INFORM", "canonical_values": ["Adventure"], "slot": "genre", "values": ["Adventure"]}, {"act": "INFORM", "canonical_values": ["Novato"], "slot": "location", "values": ["Novato"]}], "service": "Movies_1", "slots": [{"exclusive_end": 57, "slot": "genre", "start": 48}, {"exclusive_end": 39, "slot": "location", "start": 33}], "state": {"active_intent": "FindMovies", "requested_slots": [], "slot_values": {"genre": ["Adventure"], "location": ["Novato"], "show_type": ["imax"], "theater_name": ["Century Rowland Plaza"]}}}], "speaker": "USER", "utterance": "Can you find for movies shown in Novato. I love Adventure movies and want to watch a imax show."}, {"frames": [{"actions": [{"act": "OFFER", "canonical_values": ["Captain Marvel"], "slot": "movie_name", "values": ["Captain Marvel"]}, {"act": "INFORM_COUNT", "canonical_values": ["1"], "slot": "count", "values": ["1"]}], "service": "Movies_1", "service_call": {"method": "FindMovies", "parameters": {"genre": "Adventure", "location": "Novato", "show_type": "imax", "theater_name": "Century Rowland Plaza"}}, "service_results": [{"genre": "Adventure", "location": "Novato", "movie_name": "Captain Marvel", "price": "9", "show_type": "imax", "street_address": "44 Rowland Way", "theater_name": "Century Rowland Plaza"}], "slots": [{"exclusive_end": 54, "slot": "movie_name", "start": 40}]}], "speaker": "SYSTEM", "utterance": "I searched 1 movie for you . What about Captain Marvel?"}, {"frames": [{"actions": [{"act": "SELECT", "canonical_values": ["Captain Marvel"], "slot": "movie_name", "values": ["Captain Marvel"]}], "service": "Movies_1", "slots": [{"exclusive_end": 24, "slot": "movie_name", "start": 10}], "state": {"active_intent": "FindMovies", "requested_slots": [], "slot_values": {"genre": ["Adventure"], "location": ["Novato"], "movie_name": ["Captain Marvel"], "show_type": ["imax"], "theater_name": ["Century Rowland Plaza"]}}}], "speaker": "USER", "utterance": "The movie Captain Marvel is a perfect one."}, {"frames": [{"actions": [{"act": "OFFER_INTENT", "canonical_values": ["BuyMovieTickets"], "slot": "intent", "values": ["BuyMovieTickets"]}], "service": "Movies_1", "slots": []}], "speaker": "SYSTEM", "utterance": "Are you like to buy tickets?"}, {"frames": [{"actions": [{"act": "NEGATE_INTENT", "canonical_values": [], "slot": "", "values": []}], "service": "Movies_1", "slots": [], "state": {"active_intent": "NONE", "requested_slots": [], "slot_values": {"genre": ["Adventure"], "location": ["Novato"], "movie_name": ["Captain Marvel"], "show_type": ["imax"], "theater_name": ["Century Rowland Plaza"]}}}, {"actions": [{"act": "INFORM", "canonical_values": ["Shatter Me"], "slot": "album", "values": ["Shatter Me"]}, {"act": "INFORM", "canonical_values": ["Lindsey Stirling"], "slot": "artist", "values": ["Lindsey Stirling"]}, {"act": "INFORM", "canonical_values": ["Pop"], "slot": "genre", "values": ["pop"]}, {"act": "INFORM_INTENT", "canonical_values": ["LookupMusic"], "slot": "intent", "values": ["LookupMusic"]}], "service": "Music_2", "slots": [{"exclusive_end": 151, "slot": "album", "start": 141}, {"exclusive_end": 95, "slot": "artist", "start": 79}, {"exclusive_end": 64, "slot": "genre", "start": 61}], "state": {"active_intent": "LookupMusic", "requested_slots": [], "slot_values": {"album": ["Shatter Me"], "artist": ["Lindsey Stirling"], "genre": ["pop"]}}}], "speaker": "USER", "utterance": "No, not now. Can you search some songs for me? I really like pop songs. I love Lindsey Stirling songs. There are so many nice songs in album Shatter Me."}, {"frames": [{"actions": [{"act": "OFFER", "canonical_values": ["Roundtable Rival"], "slot": "song_name", "values": ["Roundtable Rival"]}, {"act": "OFFER", "canonical_values": ["Lindsey Stirling"], "slot": "artist", "values": ["Lindsey Stirling"]}, {"act": "OFFER", "canonical_values": ["Shatter Me"], "slot": "album", "values": ["Shatter me"]}], "service": "Music_2", "service_call": {"method": "LookupMusic", "parameters": {"album": "Shatter Me", "artist": "Lindsey Stirling", "genre": "Pop"}}, "service_results": [{"album": "Shatter Me", "artist": "Lindsey Stirling", "genre": "Pop", "song_name": "Roundtable Rival"}, {"album": "Shatter Me", "artist": "Lindsey Stirling", "genre": "Pop", "song_name": "Shatter Me"}], "slots": [{"exclusive_end": 43, "slot": "song_name", "start": 27}, {"exclusive_end": 83, "slot": "artist", "start": 67}, {"exclusive_end": 63, "slot": "album", "start": 53}]}], "speaker": "SYSTEM", "utterance": "What is your opinion about Roundtable Rival in album Shatter me by Lindsey Stirling?"}, {"frames": [{"actions": [{"act": "INFORM", "canonical_values": ["kitchen speaker"], "slot": "playback_device", "values": ["kitchen speaker"]}, {"act": "INFORM_INTENT", "canonical_values": ["PlayMedia"], "slot": "intent", "values": ["PlayMedia"]}, {"act": "SELECT", "canonical_values": [], "slot": "", "values": []}], "service": "Music_2", "slots": [], "state": {"active_intent": "PlayMedia", "requested_slots": [], "slot_values": {"album": ["Shatter Me", "Shatter me"], "artist": ["Lindsey Stirling"], "genre": ["pop"], "playback_device": ["kitchen speaker"], "song_name": ["Roundtable Rival"]}}}], "speaker": "USER", "utterance": "That's fine. I like to play the song on my kitchen."}, {"frames": [{"actions": [{"act": "CONFIRM", "canonical_values": ["Roundtable Rival"], "slot": "song_name", "values": ["Roundtable Rival"]}, {"act": "CONFIRM", "canonical_values": ["kitchen speaker"], "slot": "playback_device", "values": ["kitchen speaker"]}], "service": "Music_2", "slots": [{"exclusive_end": 55, "slot": "song_name", "start": 39}]}], "speaker": "SYSTEM", "utterance": "Please give confirmation details:: Run Roundtable Rival on kitchen speaker."}, {"frames": [{"actions": [{"act": "INFORM", "canonical_values": ["TV"], "slot": "playback_device", "values": ["TV"]}, {"act": "NEGATE", "canonical_values": [], "slot": "", "values": []}], "service": "Music_2", "slots": [], "state": {"active_intent": "PlayMedia", "requested_slots": [], "slot_values": {"album": ["Shatter Me", "Shatter me"], "artist": ["Lindsey Stirling"], "genre": ["pop"], "playback_device": ["TV"], "song_name": ["Roundtable Rival"]}}}], "speaker": "USER", "utterance": "No, run it on television."}, {"frames": [{"actions": [{"act": "CONFIRM", "canonical_values": ["Roundtable Rival"], "slot": "song_name", "values": ["Roundtable Rival"]}, {"act": "CONFIRM", "canonical_values": ["TV"], "slot": "playback_device", "values": ["TV"]}], "service": "Music_2", "slots": [{"exclusive_end": 54, "slot": "song_name", "start": 38}]}], "speaker": "SYSTEM", "utterance": "Please give confirmation details: Run Roundtable Rival on TV."}, {"frames": [{"actions": [{"act": "AFFIRM", "canonical_values": [], "slot": "", "values": []}], "service": "Music_2", "slots": [], "state": {"active_intent": "PlayMedia", "requested_slots": [], "slot_values": {"album": ["Shatter Me", "Shatter me"], "artist": ["Lindsey Stirling"], "genre": ["pop"], "playback_device": ["TV"], "song_name": ["Roundtable Rival"]}}}], "speaker": "USER", "utterance": "Okay. That is perfect."}, {"frames": [{"actions": [{"act": "NOTIFY_SUCCESS", "canonical_values": [], "slot": "", "values": []}], "service": "Music_2", "service_call": {"method": "PlayMedia", "parameters": {"artist": "Lindsey Stirling", "playback_device": "TV", "song_name": "Roundtable Rival"}}, "service_results": [{"album": "Shatter Me", "artist": "Lindsey Stirling", "genre": "Pop", "playback_device": "TV", "song_name": "Roundtable Rival"}], "slots": []}], "speaker": "SYSTEM", "utterance": "Started running the song."}, {"frames": [{"actions": [{"act": "THANK_YOU", "canonical_values": [], "slot": "", "values": []}], "service": "Music_2", "slots": [], "state": {"active_intent": "PlayMedia", "requested_slots": [], "slot_values": {"album": ["Shatter Me", "Shatter me"], "artist": ["Lindsey Stirling"], "genre": ["pop"], "playback_device": ["TV"], "song_name": ["Roundtable Rival"]}}}], "speaker": "USER", "utterance": "Thank you very much."}, {"frames": [{"actions": [{"act": "REQ_MORE", "canonical_values": [], "slot": "", "values": []}], "service": "Music_2", "slots": []}], "speaker": "SYSTEM", "utterance": "Any other help you need?"}, {"frames": [{"actions": [{"act": "NEGATE", "canonical_values": [], "slot": "", "values": []}, {"act": "THANK_YOU", "canonical_values": [], "slot": "", "values": []}], "service": "Music_2", "slots": [], "state": {"active_intent": "NONE", "requested_slots": [], "slot_values": {"album": ["Shatter Me", "Shatter me"], "artist": ["Lindsey Stirling"], "genre": ["pop"], "playback_device": ["TV"], "song_name": ["Roundtable Rival"]}}}], "speaker": "USER", "utterance": "No, thanks a lot."}, {"frames": [{"actions": [{"act": "GOODBYE", "canonical_values": [], "slot": "", "values": []}], "service": "Music_2", "slots": []}], "speaker": "SYSTEM", "utterance": "Have a wonderful day."}]}, {"dialogue_id": "107_00002", "services": ["Movies_1", "Music_2"], "turns": [{"frames": [{"actions": [{"act": "INFORM", "canonical_values": ["3d"], "slot": "show_type", "values": ["3d"]}, {"act": "INFORM", "canonical_values": ["San Leandro"], "slot": "location", "values": ["San Leandro"]}, {"act": "INFORM_INTENT", "canonical_values": ["FindMovies"], "slot": "intent", "values": ["FindMovies"]}], "service": "Movies_1", "slots": [{"exclusive_end": 74, "slot": "location", "start": 63}], "state": {"active_intent": "FindMovies", "requested_slots": [], "slot_values": {"location": ["San Leandro"], "show_type": ["3d"]}}}], "speaker": "USER", "utterance": "I haven't seen a 3D movie in some time. I want to watch one in San Leandro."}, {"frames": [{"actions": [{"act": "OFFER", "canonical_values": ["After", "Breakthrough", "Dumbo"], "slot": "movie_name", "values": ["After", "Breakthrough", "Dumbo"]}], "service": "Movies_1", "service_call": {"method": "FindMovies", "parameters": {"location": "San Leandro", "show_type": "3d"}}, "service_results": [{"genre": "Romance", "location": "San Leandro", "movie_name": "After", "price": "21", "show_type": "3d", "street_address": "15555 East 14th Street", "theater_name": "Century 16"}, {"genre": "Biographical", "location": "San Leandro", "movie_name": "Breakthrough", "price": "7", "show_type": "3d", "street_address": "15555 East 14th Street", "theater_name": "Century 16"}, {"genre": "Fantasy", "location": "San Leandro", "movie_name": "Dumbo", "price": "18", "show_type": "3d", "street_address": "15555 East 14th Street", "theater_name": "Century 16"}, {"genre": "Comedy", "location": "San Leandro", "movie_name": "Little", "price": "10", "show_type": "3d", "street_address": "15555 East 14th Street", "theater_name": "Century 16"}, {"genre": "Thriller", "location": "San Leandro", "movie_name": "Pet Sematary", "price": "13", "show_type": "3d", "street_address": "15555 East 14th Street", "theater_name": "Century 16"}], "slots": [{"exclusive_end": 31, "slot": "movie_name", "start": 26}, {"exclusive_end": 45, "slot": "movie_name", "start": 33}, {"exclusive_end": 56, "slot": "movie_name", "start": 51}]}], "speaker": "SYSTEM", "utterance": "There are 3D showings for After, Breakthrough, and Dumbo. Do any of those sound good?"}, {"frames": [{"actions": [{"act": "SELECT", "canonical_values": ["After"], "slot": "movie_name", "values": ["After"]}], "service": "Movies_1", "slots": [{"exclusive_end": 5, "slot": "movie_name", "start": 0}], "state": {"active_intent": "FindMovies", "requested_slots": [], "slot_values": {"location": ["San Leandro"], "movie_name": ["After"], "show_type": ["3d"]}}}, {"actions": [{"act": "INFORM", "canonical_values": ["Nine Track Mind"], "slot": "album", "values": ["Nine Track Mind"]}, {"act": "INFORM", "canonical_values": ["Charlie Puth"], "slot": "artist", "values": ["Charlie Puth"]}, {"act": "INFORM", "canonical_values": ["Pop"], "slot": "genre", "values": ["pop"]}, {"act": "INFORM_INTENT", "canonical_values": ["LookupMusic"], "slot": "intent", "values": ["LookupMusic"]}], "service": "Music_2", "slots": [{"exclusive_end": 126, "slot": "album", "start": 111}, {"exclusive_end": 104, "slot": "artist", "start": 92}, {"exclusive_end": 53, "slot": "genre", "start": 50}], "state": {"active_intent": "LookupMusic", "requested_slots": [], "slot_values": {"album": ["Nine Track Mind"], "artist": ["Charlie Puth"], "genre": ["pop"]}}}], "speaker": "USER", "utterance": "After sounds interesting. I'd also like to hear a pop song. Can you find something from the Charlie Puth album Nine Track Mind?"}, {"frames": [{"actions": [{"act": "OFFER", "canonical_values": ["Dangerously"], "slot": "song_name", "values": ["Dangerously"]}, {"act": "OFFER", "canonical_values": ["Charlie Puth"], "slot": "artist", "values": ["Charlie Puth"]}, {"act": "OFFER", "canonical_values": ["Nine Track Mind"], "slot": "album", "values": ["Nine Track Mind"]}, {"act": "INFORM_COUNT", "canonical_values": ["2"], "slot": "count", "values": ["2"]}], "service": "Music_2", "service_call": {"method": "LookupMusic", "parameters": {"album": "Nine Track Mind", "artist": "Charlie Puth", "genre": "Pop"}}, "service_results": [{"album": "Nine Track Mind", "artist": "Charlie Puth", "genre": "Pop", "song_name": "Dangerously"}, {"album": "Nine Track Mind", "artist": "Charlie Puth", "genre": "Pop", "song_name": "One Call Away"}], "slots": [{"exclusive_end": 93, "slot": "song_name", "start": 82}, {"exclusive_end": 37, "slot": "artist", "start": 25}, {"exclusive_end": 59, "slot": "album", "start": 44}]}], "speaker": "SYSTEM", "utterance": "I found 2 songs from the Charlie Puth album Nine Track Mind. Do you like the song Dangerously?"}, {"frames": [{"actions": [{"act": "SELECT", "canonical_values": [], "slot": "", "values": []}], "service": "Music_2", "slots": [], "state": {"active_intent": "LookupMusic", "requested_slots": [], "slot_values": {"album": ["Nine Track Mind"], "artist": ["Charlie Puth"], "genre": ["pop"], "song_name": ["Dangerously"]}}}], "speaker": "USER", "utterance": "Yes I do."}, {"frames": [{"actions": [{"act": "OFFER_INTENT", "canonical_values": ["PlayMedia"], "slot": "intent", "values": ["PlayMedia"]}], "service": "Music_2", "slots": []}], "speaker": "SYSTEM", "utterance": "Want to give it a listen right now?"}, {"frames": [{"actions": [{"act": "AFFIRM_INTENT", "canonical_values": [], "slot": "", "values": []}], "service": "Music_2", "slots": [], "state": {"active_intent": "PlayMedia", "requested_slots": [], "slot_values": {"album": ["Nine Track Mind"], "artist": ["Charlie Puth"], "genre": ["pop"], "song_name": ["Dangerously"]}}}], "speaker": "USER", "utterance": "Indeed I do."}, {"frames": [{"actions": [{"act": "CONFIRM", "canonical_values": ["Dangerously"], "slot": "song_name", "values": ["Dangerously"]}, {"act": "CONFIRM", "canonical_values": ["TV"], "slot": "playback_device", "values": ["TV"]}], "service": "Music_2", "slots": [{"exclusive_end": 29, "slot": "song_name", "start": 18}]}], "speaker": "SYSTEM", "utterance": "So, should I play Dangerously on the TV?"}, {"frames": [{"actions": [{"act": "AFFIRM", "canonical_values": [], "slot": "", "values": []}], "service": "Music_2", "slots": [], "state": {"active_intent": "PlayMedia", "requested_slots": [], "slot_values": {"album": ["Nine Track Mind"], "artist": ["Charlie Puth"], "genre": ["pop"], "playback_device": ["TV"], "song_name": ["Dangerously"]}}}], "speaker": "USER", "utterance": "Yes, that is right."}, {"frames": [{"actions": [{"act": "NOTIFY_SUCCESS", "canonical_values": [], "slot": "", "values": []}], "service": "Music_2", "service_call": {"method": "PlayMedia", "parameters": {"artist": "Charlie Puth", "playback_device": "TV", "song_name": "Dangerously"}}, "service_results": [{"album": "Nine Track Mind", "artist": "Charlie Puth", "genre": "Pop", "playback_device": "TV", "song_name": "Dangerously"}], "slots": []}], "speaker": "SYSTEM", "utterance": "I started playing the song for you."}, {"frames": [{"actions": [{"act": "THANK_YOU", "canonical_values": [], "slot": "", "values": []}, {"act": "GOODBYE", "canonical_values": [], "slot": "", "values": []}], "service": "Music_2", "slots": [], "state": {"active_intent": "PlayMedia", "requested_slots": [], "slot_values": {"album": ["Nine Track Mind"], "artist": ["Charlie Puth"], "genre": ["pop"], "playback_device": ["TV"], "song_name": ["Dangerously"]}}}], "speaker": "USER", "utterance": "Excellent, thanks. I need nothing else right now."}, {"frames": [{"actions": [{"act": "GOODBYE", "canonical_values": [], "slot": "", "values": []}], "service": "Music_2", "slots": []}], "speaker": "SYSTEM", "utterance": "Enjoy the rest of your day."}]}, {"dialogue_id": "107_00003", "services": ["Movies_1", "Music_2"], "turns": [{"frames": [{"actions": [{"act": "INFORM", "canonical_values": ["AMC Mercado 20"], "slot": "theater_name", "values": ["AMC Mercado"]}, {"act": "INFORM", "canonical_values": ["Santa Clara"], "slot": "location", "values": ["Santa Clara"]}, {"act": "INFORM_INTENT", "canonical_values": ["FindMovies"], "slot": "intent", "values": ["FindMovies"]}], "service": "Movies_1", "slots": [{"exclusive_end": 50, "slot": "theater_name", "start": 39}, {"exclusive_end": 65, "slot": "location", "start": 54}], "state": {"active_intent": "FindMovies", "requested_slots": [], "slot_values": {"location": ["Santa Clara"], "theater_name": ["AMC Mercado"]}}}], "speaker": "USER", "utterance": "I'd like to get a ticket to a movie at AMC Mercado in Santa Clara."}, {"frames": [{"actions": [{"act": "OFFER", "canonical_values": ["Dumbo", "Hellboy", "Hotel Mumbai"], "slot": "movie_name", "values": ["Dumbo", "Hellboy", "Hotel Mumbai"]}], "service": "Movies_1", "service_call": {"method": "FindMovies", "parameters": {"location": "Santa Clara", "theater_name": "AMC Mercado 20"}}, "service_results": [{"genre": "Fantasy", "location": "Santa Clara", "movie_name": "Dumbo", "price": "7", "show_type": "imax", "street_address": "3111 Mission College Boulevard", "theater_name": "AMC Mercado 20"}, {"genre": "Fantasy", "location": "Santa Clara", "movie_name": "Hellboy", "price": "9", "show_type": "imax", "street_address": "3111 Mission College Boulevard", "theater_name": "AMC Mercado 20"}, {"genre": "Thriller", "location": "Santa Clara", "movie_name": "Hotel Mumbai", "price": "10", "show_type": "imax", "street_address": "3111 Mission College Boulevard", "theater_name": "AMC Mercado 20"}, {"genre": "Animation", "location": "Santa Clara", "movie_name": "How to Train Your Dragon: The Hidden World", "price": "6", "show_type": "regular", "street_address": "3111 Mission College Boulevard", "theater_name": "AMC Mercado 20"}, {"genre": "Comedy", "location": "Santa Clara", "movie_name": "Little", "price": "15", "show_type": "regular", "street_address": "3111 Mission College Boulevard", "theater_name": "AMC Mercado 20"}, {"genre": "Comedy", "location": "Santa Clara", "movie_name": "Long Shot", "price": "7", "show_type": "regular", "street_address": "3111 Mission College Boulevard", "theater_name": "AMC Mercado 20"}, {"genre": "Comedy", "location": "Santa Clara", "movie_name": "Missing Link", "price": "19", "show_type": "3d", "street_address": "3111 Mission College Boulevard", "theater_name": "AMC Mercado 20"}, {"genre": "Thriller", "location": "Santa Clara", "movie_name": "Pet Sematary", "price": "11", "show_type": "3d", "street_address": "3111 Mission College Boulevard", "theater_name": "AMC Mercado 20"}, {"genre": "Adventure", "location": "Santa Clara", "movie_name": "Shazam!", "price": "11", "show_type": "regular", "street_address": "3111 Mission College Boulevard", "theater_name": "AMC Mercado 20"}, {"genre": "Musical", "location": "Santa Clara", "movie_name": "Teen Spirit", "price": "12", "show_type": "3d", "street_address": "3111 Mission College Boulevard", "theater_name": "AMC Mercado 20"}], "slots": [{"exclusive_end": 39, "slot": "movie_name", "start": 34}, {"exclusive_end": 48, "slot": "movie_name", "start": 41}, {"exclusive_end": 65, "slot": "movie_name", "start": 53}]}], "speaker": "SYSTEM", "utterance": "Would you be interested in seeing Dumbo, Hellboy, or Hotel Mumbai?"}, {"frames": [{"actions": [{"act": "SELECT", "canonical_values": ["Dumbo"], "slot": "movie_name", "values": ["Dumbo"]}], "service": "Movies_1", "slots": [{"exclusive_end": 32, "slot": "movie_name", "start": 27}], "state": {"active_intent": "FindMovies", "requested_slots": [], "slot_values": {"location": ["Santa Clara"], "movie_name": ["Dumbo"], "theater_name": ["AMC Mercado"]}}}, {"actions": [{"act": "INFORM", "canonical_values": ["Slow Air"], "slot": "album", "values": ["Slow Air"]}, {"act": "INFORM", "canonical_values": ["Pop"], "slot": "genre", "values": ["Pop"]}, {"act": "INFORM_INTENT", "canonical_values": ["LookupMusic"], "slot": "intent", "values": ["LookupMusic"]}], "service": "Music_2", "slots": [{"exclusive_end": 84, "slot": "album", "start": 76}, {"exclusive_end": 55, "slot": "genre", "start": 52}], "state": {"active_intent": "LookupMusic", "requested_slots": [], "slot_values": {"album": ["Slow Air"], "genre": ["Pop"]}}}], "speaker": "USER", "utterance": "I have been waiting to see Dumbo. Can you find me a Pop song from the album Slow Air?"}, {"frames": [{"actions": [{"act": "OFFER", "canonical_values": ["Black Lagoon"], "slot": "song_name", "values": ["Black Lagoon"]}, {"act": "OFFER", "canonical_values": ["Still Corners"], "slot": "artist", "values": ["Still Corners"]}, {"act": "OFFER", "canonical_values": ["Slow Air"], "slot": "album", "values": ["Slow Air"]}], "service": "Music_2", "service_call": {"method": "LookupMusic", "parameters": {"album": "Slow Air", "genre": "Pop"}}, "service_results": [{"album": "Slow Air", "artist": "Still Corners", "genre": "Pop", "song_name": "Black Lagoon"}, {"album": "Slow Air", "artist": "Still Corners", "genre": "Pop", "song_name": "The Message"}], "slots": [{"exclusive_end": 24, "slot": "song_name", "start": 12}, {"exclusive_end": 41, "slot": "artist", "start": 28}, {"exclusive_end": 65, "slot": "album", "start": 57}]}], "speaker": "SYSTEM", "utterance": "Do you like Black Lagoon by Still Corners from the album Slow Air?"}, {"frames": [{"actions": [{"act": "REQUEST_ALTS", "canonical_values": [], "slot": "", "values": []}], "service": "Music_2", "slots": [], "state": {"active_intent": "LookupMusic", "requested_slots": [], "slot_values": {"album": ["Slow Air"], "genre": ["Pop"]}}}], "speaker": "USER", "utterance": "Do you have anything else?"}, {"frames": [{"actions": [{"act": "OFFER", "canonical_values": ["The Message"], "slot": "song_name", "values": ["The Message"]}, {"act": "OFFER", "canonical_values": ["Still Corners"], "slot": "artist", "values": ["Still Corners"]}, {"act": "OFFER", "canonical_values": ["Slow Air"], "slot": "album", "values": ["Slow Air"]}], "service": "Music_2", "slots": [{"exclusive_end": 48, "slot": "song_name", "start": 37}, {"exclusive_end": 65, "slot": "artist", "start": 52}, {"exclusive_end": 28, "slot": "album", "start": 20}]}], "speaker": "SYSTEM", "utterance": "Also from the album Slow Air, I have The Message by Still Corners."}, {"frames": [{"actions": [{"act": "SELECT", "canonical_values": [], "slot": "", "values": []}], "service": "Music_2", "slots": [], "state": {"active_intent": "LookupMusic", "requested_slots": [], "slot_values": {"album": ["Slow Air"], "genre": ["Pop"], "song_name": ["The Message"]}}}], "speaker": "USER", "utterance": "That will be perfect."}, {"frames": [{"actions": [{"act": "OFFER_INTENT", "canonical_values": ["PlayMedia"], "slot": "intent", "values": ["PlayMedia"]}], "service": "Music_2", "slots": []}], "speaker": "SYSTEM", "utterance": "Would you like me to play the song for you now."}, {"frames": [{"actions": [{"act": "AFFIRM_INTENT", "canonical_values": [], "slot": "", "values": []}], "service": "Music_2", "slots": [], "state": {"active_intent": "PlayMedia", "requested_slots": [], "slot_values": {"album": ["Slow Air"], "genre": ["Pop"], "song_name": ["The Message"]}}}], "speaker": "USER", "utterance": "Yes, I would."}, {"frames": [{"actions": [{"act": "CONFIRM", "canonical_values": ["The Message"], "slot": "song_name", "values": ["The Message"]}, {"act": "CONFIRM", "canonical_values": ["TV"], "slot": "playback_device", "values": ["TV"]}], "service": "Music_2", "slots": [{"exclusive_end": 37, "slot": "song_name", "start": 26}]}], "speaker": "SYSTEM", "utterance": "Would you like me to play The Message on the TV?"}, {"frames": [{"actions": [{"act": "INFORM", "canonical_values": ["kitchen speaker"], "slot": "playback_device", "values": ["kitchen speaker"]}, {"act": "NEGATE", "canonical_values": [], "slot": "", "values": []}], "service": "Music_2", "slots": [], "state": {"active_intent": "PlayMedia", "requested_slots": [], "slot_values": {"album": ["Slow Air"], "genre": ["Pop"], "playback_device": ["kitchen speaker"], "song_name": ["The Message"]}}}], "speaker": "USER", "utterance": "No, I'd prefer you to play it in my kitchen."}, {"frames": [{"actions": [{"act": "CONFIRM", "canonical_values": ["The Message"], "slot": "song_name", "values": ["The Message"]}, {"act": "CONFIRM", "canonical_values": ["kitchen speaker"], "slot": "playback_device", "values": ["kitchen speaker"]}], "service": "Music_2", "slots": [{"exclusive_end": 33, "slot": "song_name", "start": 22}]}], "speaker": "SYSTEM", "utterance": "You'd like me to play The Message on the kitchen speaker. Is that right?"}, {"frames": [{"actions": [{"act": "AFFIRM", "canonical_values": [], "slot": "", "values": []}], "service": "Music_2", "slots": [], "state": {"active_intent": "PlayMedia", "requested_slots": [], "slot_values": {"album": ["Slow Air"], "genre": ["Pop"], "playback_device": ["kitchen speaker"], "song_name": ["The Message"]}}}], "speaker": "USER", "utterance": "Yes, that would be great."}, {"frames": [{"actions": [{"act": "NOTIFY_SUCCESS", "canonical_values": [], "slot": "", "values": []}], "service": "Music_2", "service_call": {"method": "PlayMedia", "parameters": {"playback_device": "kitchen speaker", "song_name": "The Message"}}, "service_results": [{"album": "Slow Air", "artist": "Still Corners", "genre": "Pop", "playback_device": "kitchen speaker", "song_name": "The Message"}], "slots": []}], "speaker": "SYSTEM", "utterance": "Your music has begun."}, {"frames": [{"actions": [{"act": "THANK_YOU", "canonical_values": [], "slot": "", "values": []}], "service": "Music_2", "slots": [], "state": {"active_intent": "PlayMedia", "requested_slots": [], "slot_values": {"album": ["Slow Air"], "genre": ["Pop"], "playback_device": ["kitchen speaker"], "song_name": ["The Message"]}}}], "speaker": "USER", "utterance": "Thank you for your help."}, {"frames": [{"actions": [{"act": "REQ_MORE", "canonical_values": [], "slot": "", "values": []}], "service": "Music_2", "slots": []}], "speaker": "SYSTEM", "utterance": "You're welcome. Is there anything else I can help you with?"}, {"frames": [{"actions": [{"act": "NEGATE", "canonical_values": [], "slot": "", "values": []}, {"act": "THANK_YOU", "canonical_values": [], "slot": "", "values": []}], "service": "Music_2", "slots": [], "state": {"active_intent": "NONE", "requested_slots": [], "slot_values": {"album": ["Slow Air"], "genre": ["Pop"], "playback_device": ["kitchen speaker"], "song_name": ["The Message"]}}}], "speaker": "USER", "utterance": "No, not today."}, {"frames": [{"actions": [{"act": "GOODBYE", "canonical_values": [], "slot": "", "values": []}], "service": "Music_2", "slots": []}], "speaker": "SYSTEM", "utterance": "Enjoy your music."}]}, {"dialogue_id": "107_00004", "services": ["Movies_1", "Music_2"], "turns": [{"frames": [{"actions": [{"act": "INFORM", "canonical_values": ["Rialto Cinemas"], "slot": "theater_name", "values": ["Rialto Cinemas"]}, {"act": "INFORM_INTENT", "canonical_values": ["FindMovies"], "slot": "intent", "values": ["FindMovies"]}], "service": "Movies_1", "slots": [{"exclusive_end": 50, "slot": "theater_name", "start": 36}], "state": {"active_intent": "FindMovies", "requested_slots": [], "slot_values": {"theater_name": ["Rialto Cinemas"]}}}], "speaker": "USER", "utterance": "can you find me a movie to watch at Rialto Cinemas?"}, {"frames": [{"actions": [{"act": "REQUEST", "canonical_values": [], "slot": "location", "values": []}], "service": "Movies_1", "slots": []}], "speaker": "SYSTEM", "utterance": "Which city should I look in?"}, {"frames": [{"actions": [{"act": "INFORM", "canonical_values": ["Sebastopol"], "slot": "location", "values": ["Sebastopol"]}], "service": "Movies_1", "slots": [{"exclusive_end": 40, "slot": "location", "start": 30}], "state": {"active_intent": "FindMovies", "requested_slots": [], "slot_values": {"location": ["Sebastopol"], "theater_name": ["Rialto Cinemas"]}}}], "speaker": "USER", "utterance": "Search for the movie shows in Sebastopol."}, {"frames": [{"actions": [{"act": "OFFER", "canonical_values": ["Hackers", "High Life", "Sunset"], "slot": "movie_name", "values": ["Hackers", "High Life", "Sunset"]}], "service": "Movies_1", "service_call": {"method": "FindMovies", "parameters": {"location": "Sebastopol", "theater_name": "Rialto Cinemas"}}, "service_results": [{"genre": "Drama", "location": "Sebastopol", "movie_name": "Hackers", "price": "11", "show_type": "regular", "street_address": "6868 McKinley Street", "theater_name": "Rialto Cinemas"}, {"genre": "Drama", "location": "Sebastopol", "movie_name": "High Life", "price": "10", "show_type": "imax", "street_address": "6868 McKinley Street", "theater_name": "Rialto Cinemas"}, {"genre": "Drama", "location": "Sebastopol", "movie_name": "Sunset", "price": "19", "show_type": "imax", "street_address": "6868 McKinley Street", "theater_name": "Rialto Cinemas"}, {"genre": "Drama", "location": "Sebastopol", "movie_name": "The Best of Enemies", "price": "18", "show_type": "imax", "street_address": "6868 McKinley Street", "theater_name": "Rialto Cinemas"}, {"genre": "Drama", "location": "Sebastopol", "movie_name": "Wild Nights with Emily", "price": "11", "show_type": "3d", "street_address": "6868 McKinley Street", "theater_name": "Rialto Cinemas"}], "slots": [{"exclusive_end": 28, "slot": "movie_name", "start": 21}, {"exclusive_end": 39, "slot": "movie_name", "start": 30}, {"exclusive_end": 49, "slot": "movie_name", "start": 43}]}], "speaker": "SYSTEM", "utterance": "What do you think of Hackers, High Life or Sunset?"}, {"frames": [{"actions": [{"act": "SELECT", "canonical_values": ["Hackers"], "slot": "movie_name", "values": ["Hackers"]}], "service": "Movies_1", "slots": [{"exclusive_end": 7, "slot": "movie_name", "start": 0}], "state": {"active_intent": "FindMovies", "requested_slots": [], "slot_values": {"location": ["Sebastopol"], "movie_name": ["Hackers"], "theater_name": ["Rialto Cinemas"]}}}, {"actions": [{"act": "INFORM_INTENT", "canonical_values": ["LookupMusic"], "slot": "intent", "values": ["LookupMusic"]}], "service": "Music_2", "slots": [], "state": {"active_intent": "LookupMusic", "requested_slots": [], "slot_values": {}}}], "speaker": "USER", "utterance": "Hackers sounds good to me. Find me some good songs."}, {"frames": [{"actions": [{"act": "OFFER", "canonical_values": ["The Trip"], "slot": "song_name", "values": ["The Trip"]}, {"act": "OFFER", "canonical_values": ["Still Corners"], "slot": "artist", "values": ["Still Corners"]}, {"act": "OFFER", "canonical_values": ["Strange Pleasures"], "slot": "album", "values": ["Strange Pleasures"]}, {"act": "INFORM_COUNT", "canonical_values": ["10"], "slot": "count", "values": ["10"]}], "service": "Music_2", "service_call": {"method": "LookupMusic", "parameters": {}}, "service_results": [{"album": "Strange Pleasures", "artist": "Still Corners", "genre": "Electropop", "song_name": "The Trip"}, {"album": "Meliora", "artist": "Ghost", "genre": "Rock", "song_name": "He Is"}, {"album": "Your Name", "artist": "Radwimps", "genre": "Soundtracks", "song_name": "Sparkle"}, {"album": "Black Widow", "artist": "In This Moment", "genre": "Metalcore", "song_name": "Sex Metal Barbie"}, {"album": "Stony Hill", "artist": "Damian Marley", "genre": "Reggae", "song_name": "Speak Life"}, {"album": "The End Is Where We Begin", "artist": "Thousand Foot Krutch", "genre": "Rock", "song_name": "Be Somebody"}, {"album": "Cold Water", "artist": "Major Lazer", "genre": "Electropop", "song_name": "Cold Water"}, {"album": "Charice", "artist": "Jake Zyrus", "genre": "Pop", "song_name": "Pyramid"}, {"album": "Sex Pop", "artist": "Alex Angel", "genre": "Pop", "song_name": "Sex Pop"}, {"album": "Confident", "artist": "Demi Lovato", "genre": "Pop", "song_name": "Stone Cold"}], "slots": [{"exclusive_end": 54, "slot": "song_name", "start": 46}, {"exclusive_end": 71, "slot": "artist", "start": 58}, {"exclusive_end": 104, "slot": "album", "start": 87}]}], "speaker": "SYSTEM", "utterance": "There are 10 songs suitable to you. How about The Trip by Still Corners from the album Strange Pleasures?"}, {"frames": [{"actions": [{"act": "INFORM", "canonical_values": ["Iggy Azalea"], "slot": "artist", "values": ["Iggy Azalea"]}, {"act": "REQUEST_ALTS", "canonical_values": [], "slot": "", "values": []}], "service": "Music_2", "slots": [{"exclusive_end": 25, "slot": "artist", "start": 14}], "state": {"active_intent": "LookupMusic", "requested_slots": [], "slot_values": {"artist": ["Iggy Azalea"]}}}], "speaker": "USER", "utterance": "Are there any Iggy Azalea 's songs?"}, {"frames": [{"actions": [{"act": "OFFER", "canonical_values": ["Black Widow"], "slot": "song_name", "values": ["Black Widow"]}, {"act": "OFFER", "canonical_values": ["Iggy Azalea"], "slot": "artist", "values": ["Iggy Azalea"]}, {"act": "OFFER", "canonical_values": ["The New Classic"], "slot": "album", "values": ["The New Classic"]}], "service": "Music_2", "service_call": {"method": "LookupMusic", "parameters": {"artist": "Iggy Azalea"}}, "service_results": [{"album": "The New Classic", "artist": "Iggy Azalea", "genre": "Pop", "song_name": "Black Widow"}, {"album": "The New Classic", "artist": "Iggy Azalea", "genre": "Pop", "song_name": "Bounce"}, {"album": "The New Classic", "artist": "Iggy Azalea", "genre": "Pop", "song_name": "Change Your Life"}, {"album": "The New Classic", "artist": "Iggy Azalea", "genre": "Pop", "song_name": "Work"}], "slots": [{"exclusive_end": 21, "slot": "song_name", "start": 10}, {"exclusive_end": 36, "slot": "artist", "start": 25}, {"exclusive_end": 67, "slot": "album", "start": 52}]}], "speaker": "SYSTEM", "utterance": "How about Black Widow by Iggy Azalea from the album The New Classic?"}, {"frames": [{"actions": [{"act": "SELECT", "canonical_values": [], "slot": "", "values": []}], "service": "Music_2", "slots": [], "state": {"active_intent": "LookupMusic", "requested_slots": [], "slot_values": {"artist": ["Iggy Azalea"], "song_name": ["Black Widow"]}}}], "speaker": "USER", "utterance": "That sounds great too me."}, {"frames": [{"actions": [{"act": "OFFER_INTENT", "canonical_values": ["PlayMedia"], "slot": "intent", "values": ["PlayMedia"]}], "service": "Music_2", "slots": []}], "speaker": "SYSTEM", "utterance": "Would you like me to play the song for you."}, {"frames": [{"actions": [{"act": "AFFIRM_INTENT", "canonical_values": [], "slot": "", "values": []}], "service": "Music_2", "slots": [], "state": {"active_intent": "PlayMedia", "requested_slots": [], "slot_values": {"artist": ["Iggy Azalea"], "song_name": ["Black Widow"]}}}], "speaker": "USER", "utterance": "Yes. Play the song."}, {"frames": [{"actions": [{"act": "CONFIRM", "canonical_values": ["Black Widow"], "slot": "song_name", "values": ["Black Widow"]}, {"act": "CONFIRM", "canonical_values": ["TV"], "slot": "playback_device", "values": ["TV"]}], "service": "Music_2", "slots": [{"exclusive_end": 47, "slot": "song_name", "start": 36}]}], "speaker": "SYSTEM", "utterance": "Please confirm: You want me to play Black Widow on TV speaker."}, {"frames": [{"actions": [{"act": "INFORM", "canonical_values": ["bedroom speaker"], "slot": "playback_device", "values": ["bedroom speaker"]}, {"act": "NEGATE", "canonical_values": [], "slot": "", "values": []}], "service": "Music_2", "slots": [], "state": {"active_intent": "PlayMedia", "requested_slots": [], "slot_values": {"artist": ["Iggy Azalea"], "playback_device": ["bedroom speaker"], "song_name": ["Black Widow"]}}}], "speaker": "USER", "utterance": "No. Please play it on bedroom speaker."}, {"frames": [{"actions": [{"act": "CONFIRM", "canonical_values": ["Black Widow"], "slot": "song_name", "values": ["Black Widow"]}, {"act": "CONFIRM", "canonical_values": ["bedroom speaker"], "slot": "playback_device", "values": ["bedroom speaker"]}], "service": "Music_2", "slots": [{"exclusive_end": 47, "slot": "song_name", "start": 36}]}], "speaker": "SYSTEM", "utterance": "Please confirm: You want me to play Black Widow on bedroom speaker."}, {"frames": [{"actions": [{"act": "REQUEST", "canonical_values": [], "slot": "genre", "values": []}, {"act": "AFFIRM", "canonical_values": [], "slot": "", "values": []}], "service": "Music_2", "slots": [], "state": {"active_intent": "PlayMedia", "requested_slots": ["genre"], "slot_values": {"artist": ["Iggy Azalea"], "playback_device": ["bedroom speaker"], "song_name": ["Black Widow"]}}}], "speaker": "USER", "utterance": "Yes, That is what I want. Can you tell me it's genre?"}, {"frames": [{"actions": [{"act": "INFORM", "canonical_values": ["Pop"], "slot": "genre", "values": ["Pop"]}, {"act": "NOTIFY_SUCCESS", "canonical_values": [], "slot": "", "values": []}], "service": "Music_2", "service_call": {"method": "PlayMedia", "parameters": {"artist": "Iggy Azalea", "playback_device": "bedroom speaker", "song_name": "Black Widow"}}, "service_results": [{"album": "The New Classic", "artist": "Iggy Azalea", "genre": "Pop", "playback_device": "bedroom speaker", "song_name": "Black Widow"}], "slots": [{"exclusive_end": 42, "slot": "genre", "start": 39}]}], "speaker": "SYSTEM", "utterance": "Your song is playing and it's genre is Pop songs."}, {"frames": [{"actions": [{"act": "THANK_YOU", "canonical_values": [], "slot": "", "values": []}, {"act": "GOODBYE", "canonical_values": [], "slot": "", "values": []}], "service": "Music_2", "slots": [], "state": {"active_intent": "PlayMedia", "requested_slots": [], "slot_values": {"artist": ["Iggy Azalea"], "playback_device": ["bedroom speaker"], "song_name": ["Black Widow"]}}}], "speaker": "USER", "utterance": "That will be all. Thank you!"}, {"frames": [{"actions": [{"act": "GOODBYE", "canonical_values": [], "slot": "", "values": []}], "service": "Music_2", "slots": []}], "speaker": "SYSTEM", "utterance": "I am glad I could help. Have a great day!"}]}]