[{"dialogue_id": "2_00000", "services": ["Music_3"], "turns": [{"frames": [{"actions": [{"act": "INFORM", "canonical_values": ["This Is Acting"], "slot": "album", "values": ["This Is Acting"]}, {"act": "INFORM", "canonical_values": ["Sia"], "slot": "artist", "values": ["Sia"]}, {"act": "INFORM", "canonical_values": ["Pop"], "slot": "genre", "values": ["Popular"]}, {"act": "INFORM_INTENT", "canonical_values": ["LookupMusic"], "slot": "intent", "values": ["LookupMusic"]}], "service": "Music_3", "slots": [{"exclusive_end": 65, "slot": "album", "start": 51}, {"exclusive_end": 90, "slot": "artist", "start": 87}, {"exclusive_end": 108, "slot": "genre", "start": 101}], "state": {"active_intent": "LookupMusic", "requested_slots": [], "slot_values": {"album": ["This Is Acting"], "artist": ["Sia"], "genre": ["Popular"]}}}], "speaker": "USER", "utterance": "Hey, I need some songs. I want some from the album This Is Acting, and I like songs by Sia, and also Popular genre songs."}, {"frames": [{"actions": [{"act": "OFFER", "canonical_values": ["Alive"], "slot": "track", "values": ["Alive"]}, {"act": "OFFER", "canonical_values": ["Sia"], "slot": "artist", "values": ["Sia"]}, {"act": "OFFER", "canonical_values": ["This Is Acting"], "slot": "album", "values": ["This Is Acting"]}, {"act": "INFORM_COUNT", "canonical_values": ["5"], "slot": "count", "values": ["5"]}], "service": "Music_3", "service_call": {"method": "LookupMusic", "parameters": {"album": "This Is Acting", "artist": "Sia", "genre": "Pop"}}, "service_results": [{"album": "This Is Acting", "artist": "Sia", "genre": "Pop", "track": "Alive", "year": "2013"}, {"album": "This Is Acting", "artist": "Sia", "genre": "Pop", "track": "Bird Set Free", "year": "2015"}, {"album": "This Is Acting", "artist": "Sia", "genre": "Pop", "track": "Cheap Thrills", "year": "2015"}, {"album": "This Is Acting", "artist": "Sia", "genre": "Pop", "track": "Move Your Body", "year": "2016"}, {"album": "This Is Acting", "artist": "Sia", "genre": "Pop", "track": "Unstoppable", "year": "2016"}], "slots": [{"exclusive_end": 55, "slot": "track", "start": 50}, {"exclusive_end": 62, "slot": "artist", "start": 59}, {"exclusive_end": 92, "slot": "album", "start": 78}]}], "speaker": "SYSTEM", "utterance": "There are 5 songs in this selection. I have found Alive by Sia from the album This Is Acting."}, {"frames": [{"actions": [{"act": "REQUEST", "canonical_values": [], "slot": "year", "values": []}], "service": "Music_3", "slots": [], "state": {"active_intent": "LookupMusic", "requested_slots": ["year"], "slot_values": {"album": ["This Is Acting"], "artist": ["Sia"], "genre": ["Popular"]}}}], "speaker": "USER", "utterance": "Which year was that released anyway?"}, {"frames": [{"actions": [{"act": "INFORM", "canonical_values": ["2013"], "slot": "year", "values": ["2013"]}], "service": "Music_3", "slots": []}], "speaker": "SYSTEM", "utterance": "Its release date is from the year 2013."}, {"frames": [{"actions": [{"act": "INFORM", "canonical_values": ["Patio"], "slot": "device", "values": ["Patio"]}, {"act": "INFORM_INTENT", "canonical_values": ["PlayMedia"], "slot": "intent", "values": ["PlayMedia"]}, {"act": "SELECT", "canonical_values": [], "slot": "", "values": []}], "service": "Music_3", "slots": [], "state": {"active_intent": "PlayMedia", "requested_slots": [], "slot_values": {"album": ["This Is Acting"], "artist": ["Sia"], "device": ["Patio"], "genre": ["Popular"], "track": ["Alive"]}}}], "speaker": "USER", "utterance": "Okay, give me that. I want it to play on the patio speaker."}, {"frames": [{"actions": [{"act": "CONFIRM", "canonical_values": ["Alive"], "slot": "track", "values": ["Alive"]}, {"act": "CONFIRM", "canonical_values": ["Patio"], "slot": "device", "values": ["Patio"]}], "service": "Music_3", "slots": [{"exclusive_end": 48, "slot": "track", "start": 43}]}], "speaker": "SYSTEM", "utterance": "Please confirm the following details: Play Alive in Patio via speaker. Correct?"}, {"frames": [{"actions": [{"act": "AFFIRM", "canonical_values": [], "slot": "", "values": []}], "service": "Music_3", "slots": [], "state": {"active_intent": "PlayMedia", "requested_slots": [], "slot_values": {"album": ["This Is Acting"], "artist": ["Sia"], "device": ["Patio"], "genre": ["Popular"], "track": ["Alive"]}}}], "speaker": "USER", "utterance": "Yes, that's it!"}, {"frames": [{"actions": [{"act": "NOTIFY_SUCCESS", "canonical_values": [], "slot": "", "values": []}], "service": "Music_3", "service_call": {"method": "PlayMedia", "parameters": {"album": "This Is Acting", "artist": "Sia", "device": "Patio", "track": "Alive"}}, "service_results": [{"album": "This Is Acting", "artist": "Sia", "device": "Patio", "genre": "Pop", "track": "Alive", "year": "2013"}], "slots": []}], "speaker": "SYSTEM", "utterance": "Enjoy your selection."}, {"frames": [{"actions": [{"act": "THANK_YOU", "canonical_values": [], "slot": "", "values": []}, {"act": "GOODBYE", "canonical_values": [], "slot": "", "values": []}], "service": "Music_3", "slots": [], "state": {"active_intent": "PlayMedia", "requested_slots": [], "slot_values": {"album": ["This Is Acting"], "artist": ["Sia"], "device": ["Patio"], "genre": ["Popular"], "track": ["Alive"]}}}], "speaker": "USER", "utterance": "Thank you so much!!"}, {"frames": [{"actions": [{"act": "GOODBYE", "canonical_values": [], "slot": "", "values": []}], "service": "Music_3", "slots": []}], "speaker": "SYSTEM", "utterance": "Of course. Have a wonderful day."}]}, {"dialogue_id": "2_00001", "services": ["Music_3"], "turns": [{"frames": [{"actions": [{"act": "INFORM", "canonical_values": ["The New Classic"], "slot": "album", "values": ["The New Classic"]}, {"act": "INFORM", "canonical_values": ["2013"], "slot": "year", "values": ["2013"]}, {"act": "INFORM_INTENT", "canonical_values": ["LookupMusic"], "slot": "intent", "values": ["LookupMusic"]}], "service": "Music_3", "slots": [{"exclusive_end": 74, "slot": "album", "start": 59}], "state": {"active_intent": "LookupMusic", "requested_slots": [], "slot_values": {"album": ["The New Classic"], "year": ["2013"]}}}], "speaker": "USER", "utterance": "Hello, I want to find songs please, ones like on the album The New Classic. Or tunes from, say, six years back."}, {"frames": [{"actions": [{"act": "OFFER", "canonical_values": ["Bounce"], "slot": "track", "values": ["Bounce"]}, {"act": "OFFER", "canonical_values": ["Iggy Azalea"], "slot": "artist", "values": ["Iggy Azalea"]}, {"act": "OFFER", "canonical_values": ["The New Classic"], "slot": "album", "values": ["The New Classic"]}], "service": "Music_3", "service_call": {"method": "LookupMusic", "parameters": {"album": "The New Classic", "year": "2013"}}, "service_results": [{"album": "The New Classic", "artist": "Iggy Azalea", "genre": "Pop", "track": "Bounce", "year": "2013"}, {"album": "The New Classic", "artist": "Iggy Azalea", "genre": "Pop", "track": "Change Your Life", "year": "2013"}, {"album": "The New Classic", "artist": "Iggy Azalea", "genre": "Pop", "track": "Work", "year": "2013"}], "slots": [{"exclusive_end": 37, "slot": "track", "start": 31}, {"exclusive_end": 25, "slot": "artist", "start": 14}, {"exclusive_end": 68, "slot": "album", "start": 53}]}], "speaker": "SYSTEM", "utterance": "How about the Iggy Azalea song Bounce, which is from The New Classic album?"}, {"frames": [{"actions": [{"act": "INFORM", "canonical_values": ["Pop"], "slot": "genre", "values": ["popular"]}, {"act": "REQUEST_ALTS", "canonical_values": [], "slot": "", "values": []}], "service": "Music_3", "slots": [{"exclusive_end": 18, "slot": "genre", "start": 11}], "state": {"active_intent": "LookupMusic", "requested_slots": [], "slot_values": {"album": ["The New Classic"], "genre": ["popular"], "year": ["2013"]}}}], "speaker": "USER", "utterance": "What other popular songs can you suggest? Those are the ones I like."}, {"frames": [{"actions": [{"act": "OFFER", "canonical_values": ["Change Your Life"], "slot": "track", "values": ["Change Your Life"]}, {"act": "OFFER", "canonical_values": ["Iggy Azalea"], "slot": "artist", "values": ["Iggy Azalea"]}, {"act": "OFFER", "canonical_values": ["The New Classic"], "slot": "album", "values": ["The New Classic"]}, {"act": "INFORM_COUNT", "canonical_values": ["2"], "slot": "count", "values": ["2"]}], "service": "Music_3", "service_call": {"method": "LookupMusic", "parameters": {"album": "The New Classic", "genre": "Pop", "year": "2013"}}, "service_results": [{"album": "The New Classic", "artist": "Iggy Azalea", "genre": "Pop", "track": "Bounce", "year": "2013"}, {"album": "The New Classic", "artist": "Iggy Azalea", "genre": "Pop", "track": "Change Your Life", "year": "2013"}], "slots": [{"exclusive_end": 67, "slot": "track", "start": 51}, {"exclusive_end": 103, "slot": "artist", "start": 92}, {"exclusive_end": 126, "slot": "album", "start": 111}]}], "speaker": "SYSTEM", "utterance": "There are 2 options you might like. One of them is Change Your Life, which is also from the Iggy Azalea album, The New Classic."}, {"frames": [{"actions": [{"act": "REQUEST_ALTS", "canonical_values": [], "slot": "", "values": []}], "service": "Music_3", "slots": [], "state": {"active_intent": "LookupMusic", "requested_slots": [], "slot_values": {"album": ["The New Classic"], "genre": ["popular"], "year": ["2013"]}}}], "speaker": "USER", "utterance": "Anything else that you think is good?"}, {"frames": [{"actions": [{"act": "OFFER", "canonical_values": ["Work"], "slot": "track", "values": ["Work"]}, {"act": "OFFER", "canonical_values": ["Iggy Azalea"], "slot": "artist", "values": ["Iggy Azalea"]}, {"act": "OFFER", "canonical_values": ["The New Classic"], "slot": "album", "values": ["The New Classic"]}], "service": "Music_3", "slots": [{"exclusive_end": 68, "slot": "track", "start": 64}, {"exclusive_end": 24, "slot": "artist", "start": 13}, {"exclusive_end": 51, "slot": "album", "start": 36}]}], "speaker": "SYSTEM", "utterance": "Another good Iggy Azalea track from The New Classic is the song Work."}, {"frames": [{"actions": [{"act": "SELECT", "canonical_values": [], "slot": "", "values": []}], "service": "Music_3", "slots": [], "state": {"active_intent": "LookupMusic", "requested_slots": [], "slot_values": {"album": ["The New Classic"], "genre": ["popular"], "track": ["Work"], "year": ["2013"]}}}], "speaker": "USER", "utterance": "Okay, I like that one the best."}, {"frames": [{"actions": [{"act": "OFFER_INTENT", "canonical_values": ["PlayMedia"], "slot": "intent", "values": ["PlayMedia"]}], "service": "Music_3", "slots": []}], "speaker": "SYSTEM", "utterance": "Shall I play that song for you at this time?"}, {"frames": [{"actions": [{"act": "AFFIRM_INTENT", "canonical_values": [], "slot": "", "values": []}, {"act": "INFORM", "canonical_values": ["Living room"], "slot": "device", "values": ["Living room"]}], "service": "Music_3", "slots": [], "state": {"active_intent": "PlayMedia", "requested_slots": [], "slot_values": {"album": ["The New Classic"], "device": ["Living room"], "genre": ["popular"], "track": ["Work"], "year": ["2013"]}}}], "speaker": "USER", "utterance": "Yes, and please do it in the Living room."}, {"frames": [{"actions": [{"act": "CONFIRM", "canonical_values": ["Work"], "slot": "track", "values": ["Work"]}, {"act": "CONFIRM", "canonical_values": ["Living room"], "slot": "device", "values": ["Living room"]}], "service": "Music_3", "slots": [{"exclusive_end": 27, "slot": "track", "start": 23}]}], "speaker": "SYSTEM", "utterance": "Confirming playback of Work on the Living room speaker."}, {"frames": [{"actions": [{"act": "INFORM", "canonical_values": ["Kitchen"], "slot": "device", "values": ["Kitchen"]}, {"act": "NEGATE", "canonical_values": [], "slot": "", "values": []}], "service": "Music_3", "slots": [], "state": {"active_intent": "PlayMedia", "requested_slots": [], "slot_values": {"album": ["The New Classic"], "device": ["Kitchen"], "genre": ["popular"], "track": ["Work"], "year": ["2013"]}}}], "speaker": "USER", "utterance": "Sorry, no, do it on the speaker in kitchen instead."}, {"frames": [{"actions": [{"act": "CONFIRM", "canonical_values": ["Work"], "slot": "track", "values": ["Work"]}, {"act": "CONFIRM", "canonical_values": ["Kitchen"], "slot": "device", "values": ["Kitchen"]}], "service": "Music_3", "slots": [{"exclusive_end": 64, "slot": "track", "start": 60}]}], "speaker": "SYSTEM", "utterance": "Certainly. Confirming kitchen speaker playback of the track Work."}, {"frames": [{"actions": [{"act": "AFFIRM", "canonical_values": [], "slot": "", "values": []}], "service": "Music_3", "slots": [], "state": {"active_intent": "PlayMedia", "requested_slots": [], "slot_values": {"album": ["The New Classic"], "device": ["Kitchen"], "genre": ["popular"], "track": ["Work"], "year": ["2013"]}}}], "speaker": "USER", "utterance": "Right, that's what I'd like."}, {"frames": [{"actions": [{"act": "NOTIFY_SUCCESS", "canonical_values": [], "slot": "", "values": []}], "service": "Music_3", "service_call": {"method": "PlayMedia", "parameters": {"album": "The New Classic", "device": "Kitchen", "track": "Work"}}, "service_results": [{"album": "The New Classic", "artist": "Iggy Azalea", "device": "Kitchen", "genre": "Pop", "track": "Work", "year": "2013"}], "slots": []}], "speaker": "SYSTEM", "utterance": "Please enjoy your selection."}, {"frames": [{"actions": [{"act": "THANK_YOU", "canonical_values": [], "slot": "", "values": []}, {"act": "GOODBYE", "canonical_values": [], "slot": "", "values": []}], "service": "Music_3", "slots": [], "state": {"active_intent": "PlayMedia", "requested_slots": [], "slot_values": {"album": ["The New Classic"], "device": ["Kitchen"], "genre": ["popular"], "track": ["Work"], "year": ["2013"]}}}], "speaker": "USER", "utterance": "Thanks, I'm sure I will."}, {"frames": [{"actions": [{"act": "GOODBYE", "canonical_values": [], "slot": "", "values": []}], "service": "Music_3", "slots": []}], "speaker": "SYSTEM", "utterance": "You're very welcome. Have a lovely day."}]}, {"dialogue_id": "2_00002", "services": ["Music_3"], "turns": [{"frames": [{"actions": [{"act": "INFORM_INTENT", "canonical_values": ["LookupMusic"], "slot": "intent", "values": ["LookupMusic"]}], "service": "Music_3", "slots": [], "state": {"active_intent": "LookupMusic", "requested_slots": [], "slot_values": {}}}], "speaker": "USER", "utterance": "I would like to search for songs at this time."}, {"frames": [{"actions": [{"act": "OFFER", "canonical_values": ["Where Have You Been"], "slot": "track", "values": ["Where Have You Been"]}, {"act": "OFFER", "canonical_values": ["Rihanna"], "slot": "artist", "values": ["Rihanna"]}, {"act": "OFFER", "canonical_values": ["Talk That Talk"], "slot": "album", "values": ["Talk That Talk"]}], "service": "Music_3", "service_call": {"method": "LookupMusic", "parameters": {}}, "service_results": [{"album": "Talk That Talk", "artist": "Rihanna", "genre": "Pop", "track": "Where Have You Been", "year": "2011"}, {"album": "Avril Lavigne", "artist": "Avril Lavigne", "genre": "Pop", "track": "Hello Kitty", "year": "2013"}, {"album": "One More Light", "artist": "Linkin Park", "genre": "Electropop", "track": "Battle Symphony", "year": "2017"}, {"album": "Who You Are", "artist": "Jessie J", "genre": "Pop", "track": "Who You Are", "year": "2011"}, {"album": "Heart Miles", "artist": "Jai Waetford", "genre": "Pop", "track": "Shy", "year": "2015"}, {"album": "Team", "artist": "Iggy Azalea", "genre": "Pop", "track": "Team", "year": "2016"}, {"album": "Sweetener", "artist": "Ariana Grande", "genre": "Pop", "track": "Breathin", "year": "2018"}, {"album": "The African Gentleman", "artist": "Ric Hassani", "genre": "Pop", "track": "Only You", "year": "2017"}, {"album": "All The Little Lights", "artist": "Passenger", "genre": "Pop", "track": "Let Her Go", "year": "2012"}, {"album": "A Boy From Tandale", "artist": "Diamond Platnumz", "genre": "Pop", "track": "African Beauty", "year": "2018"}], "slots": [{"exclusive_end": 43, "slot": "track", "start": 24}, {"exclusive_end": 54, "slot": "artist", "start": 47}, {"exclusive_end": 78, "slot": "album", "start": 64}]}], "speaker": "SYSTEM", "utterance": "What do you think about Where Have You Been by Rihanna from the Talk That Talk album?"}, {"frames": [{"actions": [{"act": "REQUEST", "canonical_values": [], "slot": "year", "values": []}], "service": "Music_3", "slots": [], "state": {"active_intent": "LookupMusic", "requested_slots": ["year"], "slot_values": {}}}], "speaker": "USER", "utterance": "What year did it come out?"}, {"frames": [{"actions": [{"act": "INFORM", "canonical_values": ["2011"], "slot": "year", "values": ["2011"]}], "service": "Music_3", "slots": []}], "speaker": "SYSTEM", "utterance": "It was from 2011."}, {"frames": [{"actions": [{"act": "INFORM", "canonical_values": ["Patio"], "slot": "device", "values": ["Patio"]}, {"act": "INFORM_INTENT", "canonical_values": ["PlayMedia"], "slot": "intent", "values": ["PlayMedia"]}, {"act": "SELECT", "canonical_values": [], "slot": "", "values": []}], "service": "Music_3", "slots": [], "state": {"active_intent": "PlayMedia", "requested_slots": [], "slot_values": {"device": ["Patio"], "track": ["Where Have You Been"]}}}], "speaker": "USER", "utterance": "Yes, that's the one I'd like to play songs so cast it on the speaker outside."}, {"frames": [{"actions": [{"act": "CONFIRM", "canonical_values": ["Where Have You Been"], "slot": "track", "values": ["Where Have You Been"]}, {"act": "CONFIRM", "canonical_values": ["Patio"], "slot": "device", "values": ["Patio"]}], "service": "Music_3", "slots": [{"exclusive_end": 51, "slot": "track", "start": 32}]}], "speaker": "SYSTEM", "utterance": "Please confirm playing the song Where Have You Been in Patio."}, {"frames": [{"actions": [{"act": "AFFIRM", "canonical_values": [], "slot": "", "values": []}], "service": "Music_3", "slots": [], "state": {"active_intent": "PlayMedia", "requested_slots": [], "slot_values": {"device": ["Patio"], "track": ["Where Have You Been"]}}}], "speaker": "USER", "utterance": "Yes, that is the one."}, {"frames": [{"actions": [{"act": "NOTIFY_SUCCESS", "canonical_values": [], "slot": "", "values": []}], "service": "Music_3", "service_call": {"method": "PlayMedia", "parameters": {"device": "Patio", "track": "Where Have You Been"}}, "service_results": [{"album": "Talk That Talk", "artist": "Rihanna", "device": "Patio", "genre": "Pop", "track": "Where Have You Been", "year": "2011"}], "slots": []}], "speaker": "SYSTEM", "utterance": "Enjoy the music."}, {"frames": [{"actions": [{"act": "THANK_YOU", "canonical_values": [], "slot": "", "values": []}, {"act": "GOODBYE", "canonical_values": [], "slot": "", "values": []}], "service": "Music_3", "slots": [], "state": {"active_intent": "PlayMedia", "requested_slots": [], "slot_values": {"device": ["Patio"], "track": ["Where Have You Been"]}}}], "speaker": "USER", "utterance": "Thanks so much. That is it."}, {"frames": [{"actions": [{"act": "GOODBYE", "canonical_values": [], "slot": "", "values": []}], "service": "Music_3", "slots": []}], "speaker": "SYSTEM", "utterance": "Have a great day."}]}, {"dialogue_id": "2_00003", "services": ["Music_3"], "turns": [{"frames": [{"actions": [{"act": "INFORM_INTENT", "canonical_values": ["LookupMusic"], "slot": "intent", "values": ["LookupMusic"]}], "service": "Music_3", "slots": [], "state": {"active_intent": "LookupMusic", "requested_slots": [], "slot_values": {}}}], "speaker": "USER", "utterance": "I am interested in finding songs."}, {"frames": [{"actions": [{"act": "OFFER", "canonical_values": ["Houdini"], "slot": "track", "values": ["houdini"]}, {"act": "OFFER", "canonical_values": ["Foster The People"], "slot": "artist", "values": ["Foster The People"]}, {"act": "OFFER", "canonical_values": ["Torches"], "slot": "album", "values": ["Torches"]}], "service": "Music_3", "service_call": {"method": "LookupMusic", "parameters": {}}, "service_results": [{"album": "Torches", "artist": "Foster The People", "genre": "Indie", "track": "Houdini", "year": "2011"}, {"album": "Glory Days", "artist": "Little Mix", "genre": "Pop", "track": "Touch", "year": "2016"}, {"album": "Pass The Jar", "artist": "Zac Brown Band", "genre": "Country", "track": "Colder Weather", "year": "2010"}, {"album": "If I Know Me", "artist": "Morgan Wallen", "genre": "Country", "track": "Up Down", "year": "2018"}, {"album": "Super", "artist": "Janob Rasul", "genre": "Pop", "track": "Super", "year": "2019"}, {"album": "Ohh Lala La", "artist": "Squash", "genre": "Reggae", "track": "Ohh Lala La", "year": "2018"}, {"album": "Already Gone", "artist": "Matthew David Morris", "genre": "Pop", "track": "Already Gone", "year": "2018"}, {"album": "Exotic", "artist": "Priyanka Chopra", "genre": "Pop", "track": "Exotic", "year": "2012"}, {"album": "Icarus Falls", "artist": "Zayn Malik", "genre": "Pop", "track": "Still Got Time", "year": "2017"}, {"album": "Girls Just Gotta Have Fun", "artist": "Sophia Grace Brownlee", "genre": "Pop", "track": "Girls Just Gotta Have Fun", "year": "2013"}], "slots": [{"exclusive_end": 22, "slot": "track", "start": 15}, {"exclusive_end": 43, "slot": "artist", "start": 26}, {"exclusive_end": 68, "slot": "album", "start": 61}]}], "speaker": "SYSTEM", "utterance": "Well how about houdini by Foster The People from their album Torches?"}, {"frames": [{"actions": [{"act": "SELECT", "canonical_values": [], "slot": "", "values": []}], "service": "Music_3", "slots": [], "state": {"active_intent": "LookupMusic", "requested_slots": [], "slot_values": {"track": ["houdini"]}}}], "speaker": "USER", "utterance": "Yes sounds good."}, {"frames": [{"actions": [{"act": "OFFER_INTENT", "canonical_values": ["PlayMedia"], "slot": "intent", "values": ["PlayMedia"]}], "service": "Music_3", "slots": []}], "speaker": "SYSTEM", "utterance": "Shall I play it?"}, {"frames": [{"actions": [{"act": "AFFIRM_INTENT", "canonical_values": [], "slot": "", "values": []}, {"act": "INFORM", "canonical_values": ["Living room"], "slot": "device", "values": ["Living room"]}], "service": "Music_3", "slots": [], "state": {"active_intent": "PlayMedia", "requested_slots": [], "slot_values": {"device": ["Living room"], "track": ["houdini"]}}}], "speaker": "USER", "utterance": "Please in the living room."}, {"frames": [{"actions": [{"act": "CONFIRM", "canonical_values": ["Houdini"], "slot": "track", "values": ["Houdini"]}, {"act": "CONFIRM", "canonical_values": ["Living room"], "slot": "device", "values": ["Living room"]}], "service": "Music_3", "slots": [{"exclusive_end": 32, "slot": "track", "start": 25}]}], "speaker": "SYSTEM", "utterance": "So I am playing the song Houdini in the living room."}, {"frames": [{"actions": [{"act": "INFORM", "canonical_values": ["Kitchen"], "slot": "device", "values": ["Kitchen"]}, {"act": "NEGATE", "canonical_values": [], "slot": "", "values": []}], "service": "Music_3", "slots": [], "state": {"active_intent": "PlayMedia", "requested_slots": [], "slot_values": {"device": ["Kitchen"], "track": ["Houdini", "houdini"]}}}], "speaker": "USER", "utterance": "No actually play it on the kitchen speaker."}, {"frames": [{"actions": [{"act": "CONFIRM", "canonical_values": ["Houdini"], "slot": "track", "values": ["Houdini"]}, {"act": "CONFIRM", "canonical_values": ["Kitchen"], "slot": "device", "values": ["Kitchen"]}], "service": "Music_3", "slots": [{"exclusive_end": 31, "slot": "track", "start": 24}]}], "speaker": "SYSTEM", "utterance": "To confirm them that is Houdini song playing in the kitchen."}, {"frames": [{"actions": [{"act": "REQUEST", "canonical_values": [], "slot": "year", "values": []}, {"act": "REQUEST", "canonical_values": [], "slot": "genre", "values": []}, {"act": "AFFIRM", "canonical_values": [], "slot": "", "values": []}], "service": "Music_3", "slots": [], "state": {"active_intent": "PlayMedia", "requested_slots": ["genre", "year"], "slot_values": {"device": ["Kitchen"], "track": ["Houdini", "houdini"]}}}], "speaker": "USER", "utterance": "Yes thanks. What genre of music is it and when was it released?"}, {"frames": [{"actions": [{"act": "INFORM", "canonical_values": ["Indie"], "slot": "genre", "values": ["indie"]}, {"act": "INFORM", "canonical_values": ["2011"], "slot": "year", "values": ["2011"]}, {"act": "NOTIFY_SUCCESS", "canonical_values": [], "slot": "", "values": []}], "service": "Music_3", "service_call": {"method": "PlayMedia", "parameters": {"device": "Kitchen", "track": "Houdini"}}, "service_results": [{"album": "Torches", "artist": "Foster The People", "device": "Kitchen", "genre": "Indie", "track": "Houdini", "year": "2011"}], "slots": [{"exclusive_end": 11, "slot": "genre", "start": 6}]}], "speaker": "SYSTEM", "utterance": "It is indie music, released in 2011, I hope you like it."}, {"frames": [{"actions": [{"act": "THANK_YOU", "canonical_values": [], "slot": "", "values": []}], "service": "Music_3", "slots": [], "state": {"active_intent": "PlayMedia", "requested_slots": [], "slot_values": {"device": ["Kitchen"], "track": ["Houdini", "houdini"]}}}], "speaker": "USER", "utterance": "thanks so much."}, {"frames": [{"actions": [{"act": "REQ_MORE", "canonical_values": [], "slot": "", "values": []}], "service": "Music_3", "slots": []}], "speaker": "SYSTEM", "utterance": "Anything else I can assist you with?"}, {"frames": [{"actions": [{"act": "NEGATE", "canonical_values": [], "slot": "", "values": []}, {"act": "THANK_YOU", "canonical_values": [], "slot": "", "values": []}], "service": "Music_3", "slots": [], "state": {"active_intent": "NONE", "requested_slots": [], "slot_values": {"device": ["Kitchen"], "track": ["Houdini", "houdini"]}}}], "speaker": "USER", "utterance": "No that is all thanks."}, {"frames": [{"actions": [{"act": "GOODBYE", "canonical_values": [], "slot": "", "values": []}], "service": "Music_3", "slots": []}], "speaker": "SYSTEM", "utterance": "Enjoy your day."}]}, {"dialogue_id": "2_00004", "services": ["Music_3"], "turns": [{"frames": [{"actions": [{"act": "INFORM", "canonical_values": ["High Expectations"], "slot": "album", "values": ["High Expectations"]}, {"act": "INFORM", "canonical_values": ["2019"], "slot": "year", "values": ["2019"]}, {"act": "INFORM_INTENT", "canonical_values": ["LookupMusic"], "slot": "intent", "values": ["LookupMusic"]}], "service": "Music_3", "slots": [{"exclusive_end": 60, "slot": "album", "start": 43}], "state": {"active_intent": "LookupMusic", "requested_slots": [], "slot_values": {"album": ["High Expectations"], "year": ["2019"]}}}], "speaker": "USER", "utterance": "I am looking for some songs from the album High Expectations from '19."}, {"frames": [{"actions": [{"act": "OFFER", "canonical_values": ["Bad Behaviour"], "slot": "track", "values": ["Bad Behaviour"]}, {"act": "OFFER", "canonical_values": ["Mabel"], "slot": "artist", "values": ["Mabel"]}, {"act": "OFFER", "canonical_values": ["High Expectations"], "slot": "album", "values": ["High Expectations"]}, {"act": "INFORM_COUNT", "canonical_values": ["3"], "slot": "count", "values": ["3"]}], "service": "Music_3", "service_call": {"method": "LookupMusic", "parameters": {"album": "High Expectations", "year": "2019"}}, "service_results": [{"album": "High Expectations", "artist": "Mabel", "genre": "Pop", "track": "Bad Behaviour", "year": "2019"}, {"album": "High Expectations", "artist": "Mabel", "genre": "Pop", "track": "Mad Love", "year": "2019"}, {"album": "High Expectations", "artist": "Mabel", "genre": "Pop", "track": "Selfish Love", "year": "2019"}], "slots": [{"exclusive_end": 56, "slot": "track", "start": 43}, {"exclusive_end": 65, "slot": "artist", "start": 60}, {"exclusive_end": 98, "slot": "album", "start": 81}]}], "speaker": "SYSTEM", "utterance": "I found 3 songs. The first song I found is Bad Behaviour by Mabel from the album High Expectations."}, {"frames": [{"actions": [{"act": "SELECT", "canonical_values": [], "slot": "", "values": []}], "service": "Music_3", "slots": [], "state": {"active_intent": "LookupMusic", "requested_slots": [], "slot_values": {"album": ["High Expectations"], "track": ["Bad Behaviour"], "year": ["2019"]}}}], "speaker": "USER", "utterance": "Yes, that would be great."}, {"frames": [{"actions": [{"act": "OFFER_INTENT", "canonical_values": ["PlayMedia"], "slot": "intent", "values": ["PlayMedia"]}], "service": "Music_3", "slots": []}], "speaker": "SYSTEM", "utterance": "Should I play this song for you?"}, {"frames": [{"actions": [{"act": "AFFIRM_INTENT", "canonical_values": [], "slot": "", "values": []}, {"act": "INFORM", "canonical_values": ["Kitchen"], "slot": "device", "values": ["Kitchen"]}], "service": "Music_3", "slots": [], "state": {"active_intent": "PlayMedia", "requested_slots": [], "slot_values": {"album": ["High Expectations"], "device": ["Kitchen"], "track": ["Bad Behaviour"], "year": ["2019"]}}}], "speaker": "USER", "utterance": "Yes, please play it in my kitchen, thanks."}, {"frames": [{"actions": [{"act": "CONFIRM", "canonical_values": ["Bad Behaviour"], "slot": "track", "values": ["Bad Behaviour"]}, {"act": "CONFIRM", "canonical_values": ["Kitchen"], "slot": "device", "values": ["Kitchen"]}], "service": "Music_3", "slots": [{"exclusive_end": 48, "slot": "track", "start": 35}]}], "speaker": "SYSTEM", "utterance": "You would like me to play the song Bad Behaviour in the Kitchen?"}, {"frames": [{"actions": [{"act": "AFFIRM", "canonical_values": [], "slot": "", "values": []}], "service": "Music_3", "slots": [], "state": {"active_intent": "PlayMedia", "requested_slots": [], "slot_values": {"album": ["High Expectations"], "device": ["Kitchen"], "track": ["Bad Behaviour"], "year": ["2019"]}}}], "speaker": "USER", "utterance": "Yes, please do."}, {"frames": [{"actions": [{"act": "NOTIFY_SUCCESS", "canonical_values": [], "slot": "", "values": []}], "service": "Music_3", "service_call": {"method": "PlayMedia", "parameters": {"album": "High Expectations", "device": "Kitchen", "track": "Bad Behaviour"}}, "service_results": [{"album": "High Expectations", "artist": "Mabel", "device": "Kitchen", "genre": "Pop", "track": "Bad Behaviour", "year": "2019"}], "slots": []}], "speaker": "SYSTEM", "utterance": "Enjoy the music!"}, {"frames": [{"actions": [{"act": "THANK_YOU", "canonical_values": [], "slot": "", "values": []}, {"act": "GOODBYE", "canonical_values": [], "slot": "", "values": []}], "service": "Music_3", "slots": [], "state": {"active_intent": "PlayMedia", "requested_slots": [], "slot_values": {"album": ["High Expectations"], "device": ["Kitchen"], "track": ["Bad Behaviour"], "year": ["2019"]}}}], "speaker": "USER", "utterance": "Thank you, I'm all set."}, {"frames": [{"actions": [{"act": "GOODBYE", "canonical_values": [], "slot": "", "values": []}], "service": "Music_3", "slots": []}], "speaker": "SYSTEM", "utterance": "Have a great day!"}]}]