[{"dialogue_id": "20_00000", "services": ["Media_1"], "turns": [{"frames": [{"actions": [{"act": "INFORM_INTENT", "canonical_values": ["FindMovies"], "slot": "intent", "values": ["FindMovies"]}], "service": "Media_1", "slots": [], "state": {"active_intent": "FindMovies", "requested_slots": [], "slot_values": {}}}], "speaker": "USER", "utterance": "I want to find some movies online."}, {"frames": [{"actions": [{"act": "REQUEST", "canonical_values": [], "slot": "genre", "values": []}], "service": "Media_1", "slots": []}], "speaker": "SYSTEM", "utterance": "What kind of movies do you like?"}, {"frames": [{"actions": [{"act": "INFORM", "canonical_values": ["Comedy"], "slot": "genre", "values": ["Comic"]}, {"act": "INFORM", "canonical_values": ["Laura Steinel"], "slot": "directed_by", "values": ["Laura Steinel"]}], "service": "Media_1", "slots": [{"exclusive_end": 12, "slot": "genre", "start": 7}, {"exclusive_end": 39, "slot": "directed_by", "start": 26}], "state": {"active_intent": "FindMovies", "requested_slots": [], "slot_values": {"directed_by": ["Laura Steinel"], "genre": ["Comic"]}}}], "speaker": "USER", "utterance": "I like Comic movies best. Laura Steinel has directed some good movies of that genre."}, {"frames": [{"actions": [{"act": "OFFER", "canonical_values": ["Family"], "slot": "title", "values": ["Family"]}, {"act": "INFORM_COUNT", "canonical_values": ["1"], "slot": "count", "values": ["1"]}], "service": "Media_1", "service_call": {"method": "FindMovies", "parameters": {"directed_by": "Laura Steinel", "genre": "Comedy"}}, "service_results": [{"directed_by": "Laura Steinel", "genre": "Comedy", "subtitles": "True", "title": "Family"}], "slots": [{"exclusive_end": 54, "slot": "title", "start": 48}]}], "speaker": "SYSTEM", "utterance": "I have found 1 movie you may like. It is called Family, would you like to see that one?"}, {"frames": [{"actions": [{"act": "SELECT", "canonical_values": ["Family"], "slot": "title", "values": ["Family"]}], "service": "Media_1", "slots": [{"exclusive_end": 6, "slot": "title", "start": 0}], "state": {"active_intent": "FindMovies", "requested_slots": [], "slot_values": {"directed_by": ["Laura Steinel"], "genre": ["Comic"], "title": ["Family"]}}}], "speaker": "USER", "utterance": "Family is a good choice."}, {"frames": [{"actions": [{"act": "REQ_MORE", "canonical_values": [], "slot": "", "values": []}], "service": "Media_1", "slots": []}], "speaker": "SYSTEM", "utterance": "anything else I can help you with?"}, {"frames": [{"actions": [{"act": "INFORM", "canonical_values": ["True"], "slot": "subtitles", "values": ["True"]}, {"act": "INFORM_INTENT", "canonical_values": ["PlayMovie"], "slot": "intent", "values": ["PlayMovie"]}], "service": "Media_1", "slots": [], "state": {"active_intent": "PlayMovie", "requested_slots": [], "slot_values": {"directed_by": ["Laura Steinel"], "genre": ["Comic"], "subtitles": ["True"], "title": ["Family"]}}}], "speaker": "USER", "utterance": "I want to watch the movie now. I would like to watch it with subtitles please."}, {"frames": [{"actions": [{"act": "CONFIRM", "canonical_values": ["Family"], "slot": "title", "values": ["Family"]}, {"act": "CONFIRM", "canonical_values": ["True"], "slot": "subtitles", "values": ["True"]}], "service": "Media_1", "slots": [{"exclusive_end": 45, "slot": "title", "start": 39}]}], "speaker": "SYSTEM", "utterance": "Please confirm, you would like to play Family with subtitles."}, {"frames": [{"actions": [{"act": "AFFIRM", "canonical_values": [], "slot": "", "values": []}], "service": "Media_1", "slots": [], "state": {"active_intent": "PlayMovie", "requested_slots": [], "slot_values": {"directed_by": ["Laura Steinel"], "genre": ["Comic"], "subtitles": ["True"], "title": ["Family"]}}}], "speaker": "USER", "utterance": "Yes, please."}, {"frames": [{"actions": [{"act": "NOTIFY_SUCCESS", "canonical_values": [], "slot": "", "values": []}], "service": "Media_1", "service_call": {"method": "PlayMovie", "parameters": {"subtitles": "True", "title": "Family"}}, "service_results": [{"directed_by": "Laura Steinel", "genre": "Comedy", "subtitles": "True", "title": "Family"}], "slots": []}], "speaker": "SYSTEM", "utterance": "The movie is starting now."}, {"frames": [{"actions": [{"act": "THANK_YOU", "canonical_values": [], "slot": "", "values": []}, {"act": "GOODBYE", "canonical_values": [], "slot": "", "values": []}], "service": "Media_1", "slots": [], "state": {"active_intent": "PlayMovie", "requested_slots": [], "slot_values": {"directed_by": ["Laura Steinel"], "genre": ["Comic"], "subtitles": ["True"], "title": ["Family"]}}}], "speaker": "USER", "utterance": "Thank you, I do not need anything else."}, {"frames": [{"actions": [{"act": "GOODBYE", "canonical_values": [], "slot": "", "values": []}], "service": "Media_1", "slots": []}], "speaker": "SYSTEM", "utterance": "Have a good day."}]}, {"dialogue_id": "20_00001", "services": ["Media_1"], "turns": [{"frames": [{"actions": [{"act": "INFORM_INTENT", "canonical_values": ["FindMovies"], "slot": "intent", "values": ["FindMovies"]}], "service": "Media_1", "slots": [], "state": {"active_intent": "FindMovies", "requested_slots": [], "slot_values": {}}}], "speaker": "USER", "utterance": "I am looking to find a movie online"}, {"frames": [{"actions": [{"act": "REQUEST", "canonical_values": [], "slot": "genre", "values": []}], "service": "Media_1", "slots": []}], "speaker": "SYSTEM", "utterance": "What type of movies do you prefer?"}, {"frames": [{"actions": [{"act": "INFORM", "canonical_values": ["Adventure"], "slot": "genre", "values": ["Adventure"]}], "service": "Media_1", "slots": [{"exclusive_end": 23, "slot": "genre", "start": 14}], "state": {"active_intent": "FindMovies", "requested_slots": [], "slot_values": {"genre": ["Adventure"]}}}], "speaker": "USER", "utterance": "I really like Adventure movies"}, {"frames": [{"actions": [{"act": "OFFER", "canonical_values": ["Captain Marvel", "Shazam!", "The Poseidon Adventure"], "slot": "title", "values": ["Captain Marvel", "Shazam!", "The Poseidon Adventure"]}, {"act": "INFORM_COUNT", "canonical_values": ["4"], "slot": "count", "values": ["4"]}], "service": "Media_1", "service_call": {"method": "FindMovies", "parameters": {"genre": "Adventure"}}, "service_results": [{"directed_by": "Anna Boden", "genre": "Adventure", "subtitles": "True", "title": "Captain Marvel"}, {"directed_by": "David Sandberg", "genre": "Adventure", "subtitles": "True", "title": "Shazam!"}, {"directed_by": "Ronald Neame", "genre": "Adventure", "subtitles": "True", "title": "The Poseidon Adventure"}, {"directed_by": "Joel Coen", "genre": "Adventure", "subtitles": "True", "title": "True Grit"}], "slots": [{"exclusive_end": 50, "slot": "title", "start": 36}, {"exclusive_end": 59, "slot": "title", "start": 52}, {"exclusive_end": 86, "slot": "title", "start": 64}]}], "speaker": "SYSTEM", "utterance": "I found 4 you might like, how about Captain Marvel? Shazam!? or The Poseidon Adventure?"}, {"frames": [{"actions": [{"act": "REQUEST_ALTS", "canonical_values": [], "slot": "", "values": []}], "service": "Media_1", "slots": [], "state": {"active_intent": "FindMovies", "requested_slots": [], "slot_values": {"genre": ["Adventure"]}}}], "speaker": "USER", "utterance": "Any others?"}, {"frames": [{"actions": [{"act": "OFFER", "canonical_values": ["True Grit"], "slot": "title", "values": ["True Grit"]}], "service": "Media_1", "slots": [{"exclusive_end": 19, "slot": "title", "start": 10}]}], "speaker": "SYSTEM", "utterance": "How about True Grit?"}, {"frames": [{"actions": [{"act": "SELECT", "canonical_values": ["True Grit"], "slot": "title", "values": ["True Grit"]}], "service": "Media_1", "slots": [{"exclusive_end": 9, "slot": "title", "start": 0}], "state": {"active_intent": "FindMovies", "requested_slots": [], "slot_values": {"genre": ["Adventure"], "title": ["True Grit"]}}}], "speaker": "USER", "utterance": "True Grit sounds good"}, {"frames": [{"actions": [{"act": "OFFER_INTENT", "canonical_values": ["PlayMovie"], "slot": "intent", "values": ["PlayMovie"]}], "service": "Media_1", "slots": []}], "speaker": "SYSTEM", "utterance": "Do you want me to play it for you?"}, {"frames": [{"actions": [{"act": "AFFIRM_INTENT", "canonical_values": [], "slot": "", "values": []}], "service": "Media_1", "slots": [], "state": {"active_intent": "PlayMovie", "requested_slots": [], "slot_values": {"genre": ["Adventure"], "title": ["True Grit"]}}}], "speaker": "USER", "utterance": "Yes I do"}, {"frames": [{"actions": [{"act": "CONFIRM", "canonical_values": ["True Grit"], "slot": "title", "values": ["True Grit"]}, {"act": "CONFIRM", "canonical_values": ["False"], "slot": "subtitles", "values": ["False"]}], "service": "Media_1", "slots": [{"exclusive_end": 43, "slot": "title", "start": 34}]}], "speaker": "SYSTEM", "utterance": "Just to confirm, you want to play True Grit without subtitles?"}, {"frames": [{"actions": [{"act": "AFFIRM", "canonical_values": [], "slot": "", "values": []}], "service": "Media_1", "slots": [], "state": {"active_intent": "PlayMovie", "requested_slots": [], "slot_values": {"genre": ["Adventure"], "subtitles": ["False"], "title": ["True Grit"]}}}], "speaker": "USER", "utterance": "That is correct"}, {"frames": [{"actions": [{"act": "NOTIFY_SUCCESS", "canonical_values": [], "slot": "", "values": []}], "service": "Media_1", "service_call": {"method": "PlayMovie", "parameters": {"subtitles": "False", "title": "True Grit"}}, "service_results": [{"directed_by": "Joel Coen", "genre": "Adventure", "subtitles": "False", "title": "True Grit"}], "slots": []}], "speaker": "SYSTEM", "utterance": "Great, it is now playing"}, {"frames": [{"actions": [{"act": "THANK_YOU", "canonical_values": [], "slot": "", "values": []}, {"act": "GOODBYE", "canonical_values": [], "slot": "", "values": []}], "service": "Media_1", "slots": [], "state": {"active_intent": "PlayMovie", "requested_slots": [], "slot_values": {"genre": ["Adventure"], "subtitles": ["False"], "title": ["True Grit"]}}}], "speaker": "USER", "utterance": "Thank you for your help"}, {"frames": [{"actions": [{"act": "GOODBYE", "canonical_values": [], "slot": "", "values": []}], "service": "Media_1", "slots": []}], "speaker": "SYSTEM", "utterance": "You're welcome, have a great day"}]}, {"dialogue_id": "20_00002", "services": ["Media_1"], "turns": [{"frames": [{"actions": [{"act": "INFORM_INTENT", "canonical_values": ["FindMovies"], "slot": "intent", "values": ["FindMovies"]}], "service": "Media_1", "slots": [], "state": {"active_intent": "FindMovies", "requested_slots": [], "slot_values": {}}}], "speaker": "USER", "utterance": "I would a love a list of good movies online."}, {"frames": [{"actions": [{"act": "REQUEST", "canonical_values": [], "slot": "genre", "values": []}], "service": "Media_1", "slots": []}], "speaker": "SYSTEM", "utterance": "Which sort of movies do you enjoy?"}, {"frames": [{"actions": [{"act": "INFORM", "canonical_values": ["Comedy"], "slot": "genre", "values": ["comic"]}], "service": "Media_1", "slots": [{"exclusive_end": 12, "slot": "genre", "start": 7}], "state": {"active_intent": "FindMovies", "requested_slots": [], "slot_values": {"genre": ["comic"]}}}], "speaker": "USER", "utterance": "I love comic movies with my partner."}, {"frames": [{"actions": [{"act": "OFFER", "canonical_values": ["A Madea Family Funeral", "Auntie Mame", "Dr. Strangelove"], "slot": "title", "values": ["A Madea Family Funeral", "Auntie Mame", "Dr. Strangelove"]}, {"act": "INFORM_COUNT", "canonical_values": ["10"], "slot": "count", "values": ["10"]}], "service": "Media_1", "service_call": {"method": "FindMovies", "parameters": {"genre": "Comedy"}}, "service_results": [{"directed_by": "Tyler Perry", "genre": "Comedy", "subtitles": "True", "title": "A Madea Family Funeral"}, {"directed_by": "Morton DaCosta", "genre": "Comedy", "subtitles": "True", "title": "Auntie Mame"}, {"directed_by": "Stanley Kubrick", "genre": "Comedy", "subtitles": "True", "title": "Dr. Strangelove"}, {"directed_by": "Laura Steinel", "genre": "Comedy", "subtitles": "True", "title": "Family"}, {"directed_by": "Sebastian Lelio", "genre": "Comedy", "subtitles": "True", "title": "Gloria Bell"}, {"directed_by": "Peter Farrelly", "genre": "Comedy", "subtitles": "True", "title": "Green Book"}, {"directed_by": "Harry Elfont", "genre": "Comedy", "subtitles": "True", "title": "Josie and the Pussycats"}, {"directed_by": "Tina Gordon", "genre": "Comedy", "subtitles": "True", "title": "Little"}, {"directed_by": "Jonathan Levine", "genre": "Comedy", "subtitles": "True", "title": "Long Shot"}, {"directed_by": "Chris Butler", "genre": "Comedy", "subtitles": "True", "title": "Missing Link"}], "slots": [{"exclusive_end": 104, "slot": "title", "start": 82}, {"exclusive_end": 117, "slot": "title", "start": 106}, {"exclusive_end": 137, "slot": "title", "start": 122}]}], "speaker": "SYSTEM", "utterance": "There are 10 movies with the preference you have indicated. Would you like to see A Madea Family Funeral, Auntie Mame, or Dr. Strangelove?"}, {"frames": [{"actions": [{"act": "INFORM", "canonical_values": ["Drama"], "slot": "genre", "values": ["Drama"]}, {"act": "INFORM", "canonical_values": ["Likarion Wainaina"], "slot": "directed_by", "values": ["Likarion Wainaina"]}, {"act": "REQUEST_ALTS", "canonical_values": [], "slot": "", "values": []}], "service": "Media_1", "slots": [{"exclusive_end": 48, "slot": "genre", "start": 43}, {"exclusive_end": 105, "slot": "directed_by", "start": 88}], "state": {"active_intent": "FindMovies", "requested_slots": [], "slot_values": {"directed_by": ["Likarion Wainaina"], "genre": ["Drama"]}}}], "speaker": "USER", "utterance": "Is there anything else listed? I also love Drama type movies. I love the director named Likarion Wainaina."}, {"frames": [{"actions": [{"act": "OFFER", "canonical_values": ["Supa Modo"], "slot": "title", "values": ["Supa Modo"]}, {"act": "INFORM_COUNT", "canonical_values": ["1"], "slot": "count", "values": ["1"]}], "service": "Media_1", "service_call": {"method": "FindMovies", "parameters": {"directed_by": "Likarion Wainaina", "genre": "Drama"}}, "service_results": [{"directed_by": "Likarion Wainaina", "genre": "Drama", "subtitles": "True", "title": "Supa Modo"}], "slots": [{"exclusive_end": 58, "slot": "title", "start": 49}]}], "speaker": "SYSTEM", "utterance": "There is 1 movie like that that I've found. Does Supa Modo sound good?"}, {"frames": [{"actions": [{"act": "INFORM_INTENT", "canonical_values": ["PlayMovie"], "slot": "intent", "values": ["PlayMovie"]}, {"act": "SELECT", "canonical_values": ["Supa Modo"], "slot": "title", "values": ["Supa Modo"]}], "service": "Media_1", "slots": [{"exclusive_end": 29, "slot": "title", "start": 20}], "state": {"active_intent": "PlayMovie", "requested_slots": [], "slot_values": {"directed_by": ["Likarion Wainaina"], "genre": ["Drama"], "title": ["Supa Modo"]}}}], "speaker": "USER", "utterance": "Yeah, I want to see Supa Modo now."}, {"frames": [{"actions": [{"act": "CONFIRM", "canonical_values": ["Supa Modo"], "slot": "title", "values": ["Supa Modo"]}, {"act": "CONFIRM", "canonical_values": ["False"], "slot": "subtitles", "values": ["False"]}], "service": "Media_1", "slots": [{"exclusive_end": 48, "slot": "title", "start": 39}]}], "speaker": "SYSTEM", "utterance": "Please confirm that: I'd like to watch Supa Modo without subtitles."}, {"frames": [{"actions": [{"act": "INFORM", "canonical_values": ["True"], "slot": "subtitles", "values": ["True"]}, {"act": "NEGATE", "canonical_values": [], "slot": "", "values": []}], "service": "Media_1", "slots": [], "state": {"active_intent": "PlayMovie", "requested_slots": [], "slot_values": {"directed_by": ["Likarion Wainaina"], "genre": ["Drama"], "subtitles": ["True"], "title": ["Supa Modo"]}}}], "speaker": "USER", "utterance": "Actually, can you put on subtitles for me?"}, {"frames": [{"actions": [{"act": "CONFIRM", "canonical_values": ["Supa Modo"], "slot": "title", "values": ["Supa Modo"]}, {"act": "CONFIRM", "canonical_values": ["True"], "slot": "subtitles", "values": ["True"]}], "service": "Media_1", "slots": [{"exclusive_end": 51, "slot": "title", "start": 42}]}], "speaker": "SYSTEM", "utterance": "Please confirm the following: Please play Supa Modo with subtitles."}, {"frames": [{"actions": [{"act": "AFFIRM", "canonical_values": [], "slot": "", "values": []}], "service": "Media_1", "slots": [], "state": {"active_intent": "PlayMovie", "requested_slots": [], "slot_values": {"directed_by": ["Likarion Wainaina"], "genre": ["Drama"], "subtitles": ["True"], "title": ["Supa Modo"]}}}], "speaker": "USER", "utterance": "Yes, that sounds good."}, {"frames": [{"actions": [{"act": "NOTIFY_SUCCESS", "canonical_values": [], "slot": "", "values": []}], "service": "Media_1", "service_call": {"method": "PlayMovie", "parameters": {"subtitles": "True", "title": "Supa Modo"}}, "service_results": [{"directed_by": "Likarion Wainaina", "genre": "Drama", "subtitles": "True", "title": "Supa Modo"}], "slots": []}], "speaker": "SYSTEM", "utterance": "The movie is starting now."}, {"frames": [{"actions": [{"act": "THANK_YOU", "canonical_values": [], "slot": "", "values": []}, {"act": "GOODBYE", "canonical_values": [], "slot": "", "values": []}], "service": "Media_1", "slots": [], "state": {"active_intent": "PlayMovie", "requested_slots": [], "slot_values": {"directed_by": ["Likarion Wainaina"], "genre": ["Drama"], "subtitles": ["True"], "title": ["Supa Modo"]}}}], "speaker": "USER", "utterance": "Thank you so much!"}, {"frames": [{"actions": [{"act": "GOODBYE", "canonical_values": [], "slot": "", "values": []}], "service": "Media_1", "slots": []}], "speaker": "SYSTEM", "utterance": "Of course. Have a wonderful day."}]}, {"dialogue_id": "20_00003", "services": ["Media_1"], "turns": [{"frames": [{"actions": [{"act": "INFORM_INTENT", "canonical_values": ["FindMovies"], "slot": "intent", "values": ["FindMovies"]}], "service": "Media_1", "slots": [], "state": {"active_intent": "FindMovies", "requested_slots": [], "slot_values": {}}}], "speaker": "USER", "utterance": "I feel like watching a movie online so I need to find one."}, {"frames": [{"actions": [{"act": "REQUEST", "canonical_values": [], "slot": "genre", "values": []}], "service": "Media_1", "slots": []}], "speaker": "SYSTEM", "utterance": "Do you have a specific type of movie you would enjoy watching?"}, {"frames": [{"actions": [{"act": "INFORM", "canonical_values": ["Fantasy"], "slot": "genre", "values": ["Fantasy"]}], "service": "Media_1", "slots": [{"exclusive_end": 38, "slot": "genre", "start": 31}], "state": {"active_intent": "FindMovies", "requested_slots": [], "slot_values": {"genre": ["Fantasy"]}}}], "speaker": "USER", "utterance": "Usually I really like watching Fantasy movies."}, {"frames": [{"actions": [{"act": "OFFER", "canonical_values": ["Dumbo", "Hellboy", "Mad Max: Fury Road"], "slot": "title", "values": ["Dumbo", "Hellboy", "Mad Max: Fury Road"]}, {"act": "INFORM_COUNT", "canonical_values": ["4"], "slot": "count", "values": ["4"]}], "service": "Media_1", "service_call": {"method": "FindMovies", "parameters": {"genre": "Fantasy"}}, "service_results": [{"directed_by": "Tim Burton", "genre": "Fantasy", "subtitles": "False", "title": "Dumbo"}, {"directed_by": "Neil Marshall", "genre": "Fantasy", "subtitles": "False", "title": "Hellboy"}, {"directed_by": "George Miller", "genre": "Fantasy", "subtitles": "True", "title": "Mad Max: Fury Road"}, {"directed_by": "Hiroyasu Ishida", "genre": "Fantasy", "subtitles": "True", "title": "Penguin Highway"}], "slots": [{"exclusive_end": 86, "slot": "title", "start": 81}, {"exclusive_end": 95, "slot": "title", "start": 88}, {"exclusive_end": 117, "slot": "title", "start": 99}]}], "speaker": "SYSTEM", "utterance": "I can see that there are 4 movies which you might like. Would you enjoy watching Dumbo, Hellboy or Mad Max: Fury Road?"}, {"frames": [{"actions": [{"act": "INFORM", "canonical_values": ["Harry Elfont"], "slot": "directed_by", "values": ["Harry Elfont"]}, {"act": "INFORM", "canonical_values": ["Comedy"], "slot": "genre", "values": ["Funny"]}, {"act": "REQUEST_ALTS", "canonical_values": [], "slot": "", "values": []}], "service": "Media_1", "slots": [{"exclusive_end": 103, "slot": "directed_by", "start": 91}, {"exclusive_end": 132, "slot": "genre", "start": 127}], "state": {"active_intent": "FindMovies", "requested_slots": [], "slot_values": {"directed_by": ["Harry Elfont"], "genre": ["Funny"]}}}], "speaker": "USER", "utterance": "What other options are available? I have a good time watching movies which are directed by Harry Elfont and are categorized as Funny movies."}, {"frames": [{"actions": [{"act": "OFFER", "canonical_values": ["Josie and the Pussycats"], "slot": "title", "values": ["Josie and the Pussycats"]}, {"act": "INFORM_COUNT", "canonical_values": ["1"], "slot": "count", "values": ["1"]}], "service": "Media_1", "service_call": {"method": "FindMovies", "parameters": {"directed_by": "Harry Elfont", "genre": "Comedy"}}, "service_results": [{"directed_by": "Harry Elfont", "genre": "Comedy", "subtitles": "True", "title": "Josie and the Pussycats"}], "slots": [{"exclusive_end": 100, "slot": "title", "start": 77}]}], "speaker": "SYSTEM", "utterance": "I have found a 1 movie which you might like. How would you consider watching Josie and the Pussycats?"}, {"frames": [{"actions": [{"act": "SELECT", "canonical_values": ["Josie and the Pussycats"], "slot": "title", "values": ["Josie and the Pussycats"]}], "service": "Media_1", "slots": [{"exclusive_end": 23, "slot": "title", "start": 0}], "state": {"active_intent": "FindMovies", "requested_slots": [], "slot_values": {"directed_by": ["Harry Elfont"], "genre": ["Funny"], "title": ["Josie and the Pussycats"]}}}], "speaker": "USER", "utterance": "Josie and the Pussycats seems as a good choice."}, {"frames": [{"actions": [{"act": "OFFER_INTENT", "canonical_values": ["PlayMovie"], "slot": "intent", "values": ["PlayMovie"]}], "service": "Media_1", "slots": []}], "speaker": "SYSTEM", "utterance": "Do you want to start playing the movie now?"}, {"frames": [{"actions": [{"act": "AFFIRM_INTENT", "canonical_values": [], "slot": "", "values": []}], "service": "Media_1", "slots": [], "state": {"active_intent": "PlayMovie", "requested_slots": [], "slot_values": {"directed_by": ["Harry Elfont"], "genre": ["Funny"], "title": ["Josie and the Pussycats"]}}}], "speaker": "USER", "utterance": "Alright, I want to start watching the movie now."}, {"frames": [{"actions": [{"act": "CONFIRM", "canonical_values": ["Josie and the Pussycats"], "slot": "title", "values": ["Josie and the Pussycats"]}, {"act": "CONFIRM", "canonical_values": ["False"], "slot": "subtitles", "values": ["False"]}], "service": "Media_1", "slots": [{"exclusive_end": 69, "slot": "title", "start": 46}]}], "speaker": "SYSTEM", "utterance": "Can you please confirm that you want to watch Josie and the Pussycats without subtitles."}, {"frames": [{"actions": [{"act": "INFORM", "canonical_values": ["True"], "slot": "subtitles", "values": ["True"]}, {"act": "NEGATE", "canonical_values": [], "slot": "", "values": []}], "service": "Media_1", "slots": [], "state": {"active_intent": "PlayMovie", "requested_slots": [], "slot_values": {"directed_by": ["Harry Elfont"], "genre": ["Funny"], "subtitles": ["True"], "title": ["Josie and the Pussycats"]}}}], "speaker": "USER", "utterance": "I would actually like to watch the movie with subtitles."}, {"frames": [{"actions": [{"act": "CONFIRM", "canonical_values": ["Josie and the Pussycats"], "slot": "title", "values": ["Josie and the Pussycats"]}, {"act": "CONFIRM", "canonical_values": ["True"], "slot": "subtitles", "values": ["True"]}], "service": "Media_1", "slots": [{"exclusive_end": 75, "slot": "title", "start": 52}]}], "speaker": "SYSTEM", "utterance": "Can you please confirm again that you want to watch Josie and the Pussycats with subtitles?"}, {"frames": [{"actions": [{"act": "AFFIRM", "canonical_values": [], "slot": "", "values": []}], "service": "Media_1", "slots": [], "state": {"active_intent": "PlayMovie", "requested_slots": [], "slot_values": {"directed_by": ["Harry Elfont"], "genre": ["Funny"], "subtitles": ["True"], "title": ["Josie and the Pussycats"]}}}], "speaker": "USER", "utterance": "Alright, would really like to."}, {"frames": [{"actions": [{"act": "NOTIFY_SUCCESS", "canonical_values": [], "slot": "", "values": []}], "service": "Media_1", "service_call": {"method": "PlayMovie", "parameters": {"subtitles": "True", "title": "Josie and the Pussycats"}}, "service_results": [{"directed_by": "Harry Elfont", "genre": "Comedy", "subtitles": "True", "title": "Josie and the Pussycats"}], "slots": []}], "speaker": "SYSTEM", "utterance": "The movie has started playing."}, {"frames": [{"actions": [{"act": "THANK_YOU", "canonical_values": [], "slot": "", "values": []}, {"act": "GOODBYE", "canonical_values": [], "slot": "", "values": []}], "service": "Media_1", "slots": [], "state": {"active_intent": "PlayMovie", "requested_slots": [], "slot_values": {"directed_by": ["Harry Elfont"], "genre": ["Funny"], "subtitles": ["True"], "title": ["Josie and the Pussycats"]}}}], "speaker": "USER", "utterance": "I appreciate it. That would be all."}, {"frames": [{"actions": [{"act": "GOODBYE", "canonical_values": [], "slot": "", "values": []}], "service": "Media_1", "slots": []}], "speaker": "SYSTEM", "utterance": "Have a good time!"}]}, {"dialogue_id": "20_00004", "services": ["Media_1"], "turns": [{"frames": [{"actions": [{"act": "INFORM", "canonical_values": ["Comedy"], "slot": "genre", "values": ["Comic"]}, {"act": "INFORM_INTENT", "canonical_values": ["FindMovies"], "slot": "intent", "values": ["FindMovies"]}], "service": "Media_1", "slots": [{"exclusive_end": 22, "slot": "genre", "start": 17}], "state": {"active_intent": "FindMovies", "requested_slots": [], "slot_values": {"genre": ["Comic"]}}}], "speaker": "USER", "utterance": "Please find some Comic movies by online"}, {"frames": [{"actions": [{"act": "OFFER", "canonical_values": ["A Madea Family Funeral", "Auntie Mame", "Dr. Strangelove"], "slot": "title", "values": ["A Madea Family Funeral", "Auntie Mame", "Dr. Strangelove"]}], "service": "Media_1", "service_call": {"method": "FindMovies", "parameters": {"genre": "Comedy"}}, "service_results": [{"directed_by": "Tyler Perry", "genre": "Comedy", "subtitles": "True", "title": "A Madea Family Funeral"}, {"directed_by": "Morton DaCosta", "genre": "Comedy", "subtitles": "True", "title": "Auntie Mame"}, {"directed_by": "Stanley Kubrick", "genre": "Comedy", "subtitles": "True", "title": "Dr. Strangelove"}, {"directed_by": "Laura Steinel", "genre": "Comedy", "subtitles": "True", "title": "Family"}, {"directed_by": "Sebastian Lelio", "genre": "Comedy", "subtitles": "True", "title": "Gloria Bell"}, {"directed_by": "Peter Farrelly", "genre": "Comedy", "subtitles": "True", "title": "Green Book"}, {"directed_by": "Harry Elfont", "genre": "Comedy", "subtitles": "True", "title": "Josie and the Pussycats"}, {"directed_by": "Tina Gordon", "genre": "Comedy", "subtitles": "True", "title": "Little"}, {"directed_by": "Jonathan Levine", "genre": "Comedy", "subtitles": "True", "title": "Long Shot"}, {"directed_by": "Chris Butler", "genre": "Comedy", "subtitles": "True", "title": "Missing Link"}], "slots": [{"exclusive_end": 47, "slot": "title", "start": 25}, {"exclusive_end": 60, "slot": "title", "start": 49}, {"exclusive_end": 79, "slot": "title", "start": 64}]}], "speaker": "SYSTEM", "utterance": "Do you interest to watch A Madea Family Funeral, Auntie Mame or Dr. Strangelove?"}, {"frames": [{"actions": [{"act": "SELECT", "canonical_values": ["A Madea Family Funeral"], "slot": "title", "values": ["A Madea Family Funeral"]}], "service": "Media_1", "slots": [{"exclusive_end": 47, "slot": "title", "start": 25}], "state": {"active_intent": "FindMovies", "requested_slots": [], "slot_values": {"genre": ["Comic"], "title": ["A Madea Family Funeral"]}}}], "speaker": "USER", "utterance": "I am interested to watch A Madea Family Funeral"}, {"frames": [{"actions": [{"act": "OFFER_INTENT", "canonical_values": ["PlayMovie"], "slot": "intent", "values": ["PlayMovie"]}], "service": "Media_1", "slots": []}], "speaker": "SYSTEM", "utterance": "Are you interested to play the movie?"}, {"frames": [{"actions": [{"act": "AFFIRM_INTENT", "canonical_values": [], "slot": "", "values": []}], "service": "Media_1", "slots": [], "state": {"active_intent": "PlayMovie", "requested_slots": [], "slot_values": {"genre": ["Comic"], "title": ["A Madea Family Funeral"]}}}], "speaker": "USER", "utterance": "Yes I am interested to play the movie"}, {"frames": [{"actions": [{"act": "CONFIRM", "canonical_values": ["A Madea Family Funeral"], "slot": "title", "values": ["A Madea Family Funeral"]}, {"act": "CONFIRM", "canonical_values": ["False"], "slot": "subtitles", "values": ["False"]}], "service": "Media_1", "slots": [{"exclusive_end": 45, "slot": "title", "start": 23}]}], "speaker": "SYSTEM", "utterance": "Let me confirm to play A Madea Family Funeral without subtitles"}, {"frames": [{"actions": [{"act": "REQUEST", "canonical_values": [], "slot": "directed_by", "values": []}, {"act": "AFFIRM", "canonical_values": [], "slot": "", "values": []}], "service": "Media_1", "slots": [], "state": {"active_intent": "PlayMovie", "requested_slots": ["directed_by"], "slot_values": {"genre": ["Comic"], "subtitles": ["False"], "title": ["A Madea Family Funeral"]}}}], "speaker": "USER", "utterance": "Yes. Let me know the director of the movie"}, {"frames": [{"actions": [{"act": "INFORM", "canonical_values": ["Tyler Perry"], "slot": "directed_by", "values": ["Tyler Perry"]}, {"act": "NOTIFY_SUCCESS", "canonical_values": [], "slot": "", "values": []}], "service": "Media_1", "service_call": {"method": "PlayMovie", "parameters": {"subtitles": "False", "title": "A Madea Family Funeral"}}, "service_results": [{"directed_by": "Tyler Perry", "genre": "Comedy", "subtitles": "False", "title": "A Madea Family Funeral"}], "slots": [{"exclusive_end": 44, "slot": "directed_by", "start": 33}]}], "speaker": "SYSTEM", "utterance": "Movie playing. Movie directed by Tyler Perry"}, {"frames": [{"actions": [{"act": "THANK_YOU", "canonical_values": [], "slot": "", "values": []}], "service": "Media_1", "slots": [], "state": {"active_intent": "PlayMovie", "requested_slots": [], "slot_values": {"genre": ["Comic"], "subtitles": ["False"], "title": ["A Madea Family Funeral"]}}}], "speaker": "USER", "utterance": "Thanks"}, {"frames": [{"actions": [{"act": "REQ_MORE", "canonical_values": [], "slot": "", "values": []}], "service": "Media_1", "slots": []}], "speaker": "SYSTEM", "utterance": "Do you need anything more ?"}, {"frames": [{"actions": [{"act": "NEGATE", "canonical_values": [], "slot": "", "values": []}, {"act": "THANK_YOU", "canonical_values": [], "slot": "", "values": []}], "service": "Media_1", "slots": [], "state": {"active_intent": "NONE", "requested_slots": [], "slot_values": {"genre": ["Comic"], "subtitles": ["False"], "title": ["A Madea Family Funeral"]}}}], "speaker": "USER", "utterance": "No thanks"}, {"frames": [{"actions": [{"act": "GOODBYE", "canonical_values": [], "slot": "", "values": []}], "service": "Media_1", "slots": []}], "speaker": "SYSTEM", "utterance": "Have a nice day"}]}]