[{"dialogue_id": "69_00000", "services": ["Travel_1", "Movies_1", "Media_1"], "turns": [{"frames": [{"actions": [{"act": "INFORM", "canonical_values": ["Museum"], "slot": "category", "values": ["Museum"]}, {"act": "INFORM", "canonical_values": ["San Francisco"], "slot": "location", "values": ["SF"]}, {"act": "INFORM", "canonical_values": ["True"], "slot": "good_for_kids", "values": ["True"]}, {"act": "INFORM_INTENT", "canonical_values": ["FindAttractions"], "slot": "intent", "values": ["FindAttractions"]}], "service": "Travel_1", "slots": [{"exclusive_end": 67, "slot": "location", "start": 65}], "state": {"active_intent": "FindAttractions", "requested_slots": [], "slot_values": {"category": ["Museum"], "good_for_kids": ["True"], "location": ["SF"]}}}], "speaker": "USER", "utterance": "I am hoping to find some places to visit, preferably a Museum in SF that is child friendly."}, {"frames": [{"actions": [{"act": "OFFER", "canonical_values": ["Cable Car Museum"], "slot": "attraction_name", "values": ["Cable Car Museum"]}, {"act": "OFFER", "canonical_values": ["Museum"], "slot": "category", "values": ["Museum"]}], "service": "Travel_1", "service_call": {"method": "FindAttractions", "parameters": {"category": "Museum", "good_for_kids": "True", "location": "San Francisco"}}, "service_results": [{"attraction_name": "Cable Car Museum", "category": "Museum", "free_entry": "False", "good_for_kids": "True", "location": "San Francisco", "phone_number": "415-474-1887"}, {"attraction_name": "Children's Creativity Museum", "category": "Museum", "free_entry": "False", "good_for_kids": "True", "location": "San Francisco", "phone_number": "415-820-3320"}, {"attraction_name": "Contemporary Jewish Museum", "category": "Museum", "free_entry": "True", "good_for_kids": "True", "location": "San Francisco", "phone_number": "415-655-7800"}, {"attraction_name": "Exploratorium", "category": "Museum", "free_entry": "True", "good_for_kids": "True", "location": "San Francisco", "phone_number": "415-528-4444"}, {"attraction_name": "Legion of Honor", "category": "Museum", "free_entry": "True", "good_for_kids": "True", "location": "San Francisco", "phone_number": "415-750-3600"}, {"attraction_name": "Museum Of 3D Illusions", "category": "Museum", "free_entry": "False", "good_for_kids": "True", "location": "San Francisco", "phone_number": "888-386-5585"}, {"attraction_name": "Museum of the African Diaspora", "category": "Museum", "free_entry": "False", "good_for_kids": "True", "location": "San Francisco", "phone_number": "415-358-7252"}, {"attraction_name": "Randall Museum", "category": "Museum", "free_entry": "False", "good_for_kids": "True", "location": "San Francisco", "phone_number": "415-554-9600"}, {"attraction_name": "San Francisco Museum of Modern Art", "category": "Museum", "free_entry": "False", "good_for_kids": "True", "location": "San Francisco", "phone_number": "415-357-4000"}, {"attraction_name": "The Walt Disney Family Museum", "category": "Museum", "free_entry": "False", "good_for_kids": "True", "location": "San Francisco", "phone_number": "415-345-6800"}], "slots": [{"exclusive_end": 41, "slot": "attraction_name", "start": 25}]}], "speaker": "SYSTEM", "utterance": "There is a museum called Cable Car Museum."}, {"frames": [{"actions": [{"act": "INFORM", "canonical_values": ["imax"], "slot": "show_type", "values": ["imax"]}, {"act": "INFORM", "canonical_values": ["Landmark's Embarcadero Center Cinema"], "slot": "theater_name", "values": ["Embarcadero Center Cinema"]}, {"act": "INFORM_INTENT", "canonical_values": ["FindMovies"], "slot": "intent", "values": ["FindMovies"]}], "service": "Movies_1", "slots": [{"exclusive_end": 92, "slot": "theater_name", "start": 67}], "state": {"active_intent": "FindMovies", "requested_slots": [], "slot_values": {"location": ["SF"], "show_type": ["imax"], "theater_name": ["Embarcadero Center Cinema"]}}}, {"actions": [{"act": "SELECT", "canonical_values": [], "slot": "", "values": []}], "service": "Travel_1", "slots": [], "state": {"active_intent": "FindAttractions", "requested_slots": [], "slot_values": {"category": ["Museum"], "good_for_kids": ["True"], "location": ["SF"]}}}], "speaker": "USER", "utterance": "that sounds fab. Now I think I will catch a movie, an imax show at Embarcadero Center Cinema."}, {"frames": [{"actions": [{"act": "OFFER", "canonical_values": ["Ash Is Purest White", "Gloria Bell", "Knock Down The House"], "slot": "movie_name", "values": ["Ash Is Purest White", "Gloria Bell", "Knock Down The House"]}, {"act": "INFORM_COUNT", "canonical_values": ["3"], "slot": "count", "values": ["3"]}], "service": "Movies_1", "service_call": {"method": "FindMovies", "parameters": {"location": "San Francisco", "show_type": "imax", "theater_name": "Landmark's Embarcadero Center Cinema"}}, "service_results": [{"genre": "Crime", "location": "San Francisco", "movie_name": "Ash Is Purest White", "price": "14", "show_type": "imax", "street_address": "1 Embarcadero Center", "theater_name": "Landmark's Embarcadero Center Cinema"}, {"genre": "Comedy", "location": "San Francisco", "movie_name": "Gloria Bell", "price": "9", "show_type": "imax", "street_address": "1 Embarcadero Center", "theater_name": "Landmark's Embarcadero Center Cinema"}, {"genre": "Documentary", "location": "San Francisco", "movie_name": "Knock Down The House", "price": "15", "show_type": "imax", "street_address": "1 Embarcadero Center", "theater_name": "Landmark's Embarcadero Center Cinema"}], "slots": [{"exclusive_end": 46, "slot": "movie_name", "start": 27}, {"exclusive_end": 59, "slot": "movie_name", "start": 48}, {"exclusive_end": 83, "slot": "movie_name", "start": 63}]}], "speaker": "SYSTEM", "utterance": "There are 3 movies, one is Ash Is Purest White, Gloria Bell or Knock Down The House."}, {"frames": [{"actions": [{"act": "INFORM_INTENT", "canonical_values": ["FindMovies"], "slot": "intent", "values": ["FindMovies"]}], "service": "Media_1", "slots": [], "state": {"active_intent": "FindMovies", "requested_slots": [], "slot_values": {}}}, {"actions": [{"act": "SELECT", "canonical_values": ["Gloria Bell"], "slot": "movie_name", "values": ["Gloria Bell"]}], "service": "Movies_1", "slots": [{"exclusive_end": 11, "slot": "movie_name", "start": 0}], "state": {"active_intent": "FindMovies", "requested_slots": [], "slot_values": {"location": ["SF"], "movie_name": ["Gloria Bell"], "show_type": ["imax"], "theater_name": ["Embarcadero Center Cinema"]}}}], "speaker": "USER", "utterance": "Gloria Bell sounds excellent. Now could you check for an online movie for me?"}, {"frames": [{"actions": [{"act": "REQUEST", "canonical_values": [], "slot": "genre", "values": []}], "service": "Media_1", "slots": []}], "speaker": "SYSTEM", "utterance": "What genre of movie do you prefer?"}, {"frames": [{"actions": [{"act": "INFORM", "canonical_values": ["Mafia"], "slot": "genre", "values": ["Mafia"]}], "service": "Media_1", "slots": [{"exclusive_end": 12, "slot": "genre", "start": 7}], "state": {"active_intent": "FindMovies", "requested_slots": [], "slot_values": {"genre": ["Mafia"]}}}], "speaker": "USER", "utterance": "I love Mafia movies."}, {"frames": [{"actions": [{"act": "OFFER", "canonical_values": ["Mikey and Nicky"], "slot": "title", "values": ["Mikey and Nicky"]}, {"act": "INFORM_COUNT", "canonical_values": ["1"], "slot": "count", "values": ["1"]}], "service": "Media_1", "service_call": {"method": "FindMovies", "parameters": {"genre": "Mafia"}}, "service_results": [{"directed_by": "Elaine May", "genre": "Mafia", "subtitles": "False", "title": "Mikey and Nicky"}], "slots": [{"exclusive_end": 39, "slot": "title", "start": 24}]}], "speaker": "SYSTEM", "utterance": "There is 1 movie called Mikey and Nicky."}, {"frames": [{"actions": [{"act": "SELECT", "canonical_values": ["Mikey and Nicky"], "slot": "title", "values": ["Mikey and Nicky"]}], "service": "Media_1", "slots": [{"exclusive_end": 15, "slot": "title", "start": 0}], "state": {"active_intent": "FindMovies", "requested_slots": [], "slot_values": {"genre": ["Mafia"], "title": ["Mikey and Nicky"]}}}], "speaker": "USER", "utterance": "Mikey and Nicky is Fab."}, {"frames": [{"actions": [{"act": "REQ_MORE", "canonical_values": [], "slot": "", "values": []}], "service": "Media_1", "slots": []}], "speaker": "SYSTEM", "utterance": "Can I help you with anything else?"}, {"frames": [{"actions": [{"act": "INFORM_INTENT", "canonical_values": ["PlayMovie"], "slot": "intent", "values": ["PlayMovie"]}], "service": "Media_1", "slots": [], "state": {"active_intent": "PlayMovie", "requested_slots": [], "slot_values": {"genre": ["Mafia"], "title": ["Mikey and Nicky"]}}}], "speaker": "USER", "utterance": "I would like to watch it."}, {"frames": [{"actions": [{"act": "CONFIRM", "canonical_values": ["Mikey and Nicky"], "slot": "title", "values": ["Mikey and Nicky"]}, {"act": "CONFIRM", "canonical_values": ["False"], "slot": "subtitles", "values": ["False"]}], "service": "Media_1", "slots": [{"exclusive_end": 51, "slot": "title", "start": 36}]}], "speaker": "SYSTEM", "utterance": "To confirm then you want me to play Mikey and Nicky without subtitles."}, {"frames": [{"actions": [{"act": "REQUEST", "canonical_values": [], "slot": "directed_by", "values": []}, {"act": "AFFIRM", "canonical_values": [], "slot": "", "values": []}], "service": "Media_1", "slots": [], "state": {"active_intent": "PlayMovie", "requested_slots": ["directed_by"], "slot_values": {"genre": ["Mafia"], "subtitles": ["False"], "title": ["Mikey and Nicky"]}}}], "speaker": "USER", "utterance": "Yes that is correct. Do you hapen to know the director?"}, {"frames": [{"actions": [{"act": "INFORM", "canonical_values": ["Elaine May"], "slot": "directed_by", "values": ["Elaine May"]}, {"act": "NOTIFY_SUCCESS", "canonical_values": [], "slot": "", "values": []}], "service": "Media_1", "service_call": {"method": "PlayMovie", "parameters": {"subtitles": "False", "title": "Mikey and Nicky"}}, "service_results": [{"directed_by": "Elaine May", "genre": "Mafia", "subtitles": "False", "title": "Mikey and Nicky"}], "slots": [{"exclusive_end": 16, "slot": "directed_by", "start": 6}]}], "speaker": "SYSTEM", "utterance": "It is Elaine May and the movie has now started."}, {"frames": [{"actions": [{"act": "THANK_YOU", "canonical_values": [], "slot": "", "values": []}, {"act": "GOODBYE", "canonical_values": [], "slot": "", "values": []}], "service": "Media_1", "slots": [], "state": {"active_intent": "PlayMovie", "requested_slots": [], "slot_values": {"genre": ["Mafia"], "subtitles": ["False"], "title": ["Mikey and Nicky"]}}}], "speaker": "USER", "utterance": "That is all for now thank you."}, {"frames": [{"actions": [{"act": "GOODBYE", "canonical_values": [], "slot": "", "values": []}], "service": "Media_1", "slots": []}], "speaker": "SYSTEM", "utterance": "Have the best day!"}]}, {"dialogue_id": "69_00001", "services": ["Travel_1", "Movies_1", "Media_1"], "turns": [{"frames": [{"actions": [{"act": "INFORM_INTENT", "canonical_values": ["FindAttractions"], "slot": "intent", "values": ["FindAttractions"]}], "service": "Travel_1", "slots": [], "state": {"active_intent": "FindAttractions", "requested_slots": [], "slot_values": {}}}], "speaker": "USER", "utterance": "Can you show me some attractions to visit?"}, {"frames": [{"actions": [{"act": "REQUEST", "canonical_values": [], "slot": "location", "values": []}], "service": "Travel_1", "slots": []}], "speaker": "SYSTEM", "utterance": "Sure. Where would you like for me to search for attractions?"}, {"frames": [{"actions": [{"act": "INFORM", "canonical_values": ["Museum"], "slot": "category", "values": ["Museum"]}, {"act": "INFORM", "canonical_values": ["San Francisco"], "slot": "location", "values": ["San Fran"]}], "service": "Travel_1", "slots": [{"exclusive_end": 38, "slot": "location", "start": 30}], "state": {"active_intent": "FindAttractions", "requested_slots": [], "slot_values": {"category": ["Museum"], "location": ["San Fran"]}}}], "speaker": "USER", "utterance": "I'd like to visit a museum in San Fran."}, {"frames": [{"actions": [{"act": "OFFER", "canonical_values": ["Cable Car Museum"], "slot": "attraction_name", "values": ["Cable Car Museum"]}, {"act": "OFFER", "canonical_values": ["Museum"], "slot": "category", "values": ["Museum"]}], "service": "Travel_1", "service_call": {"method": "FindAttractions", "parameters": {"category": "Museum", "location": "San Francisco"}}, "service_results": [{"attraction_name": "Cable Car Museum", "category": "Museum", "free_entry": "False", "good_for_kids": "True", "location": "San Francisco", "phone_number": "415-474-1887"}, {"attraction_name": "California Academy of Sciences", "category": "Museum", "free_entry": "False", "good_for_kids": "False", "location": "San Francisco", "phone_number": "415-379-8000"}, {"attraction_name": "Cartoon Art Museum", "category": "Museum", "free_entry": "False", "good_for_kids": "False", "location": "San Francisco", "phone_number": "415-227-8666"}, {"attraction_name": "Children's Creativity Museum", "category": "Museum", "free_entry": "False", "good_for_kids": "True", "location": "San Francisco", "phone_number": "415-820-3320"}, {"attraction_name": "Contemporary Jewish Museum", "category": "Museum", "free_entry": "True", "good_for_kids": "True", "location": "San Francisco", "phone_number": "415-655-7800"}, {"attraction_name": "Exploratorium", "category": "Museum", "free_entry": "True", "good_for_kids": "True", "location": "San Francisco", "phone_number": "415-528-4444"}, {"attraction_name": "Legion of Honor", "category": "Museum", "free_entry": "True", "good_for_kids": "True", "location": "San Francisco", "phone_number": "415-750-3600"}, {"attraction_name": "Museum Of 3D Illusions", "category": "Museum", "free_entry": "False", "good_for_kids": "True", "location": "San Francisco", "phone_number": "888-386-5585"}, {"attraction_name": "Museum of the African Diaspora", "category": "Museum", "free_entry": "False", "good_for_kids": "True", "location": "San Francisco", "phone_number": "415-358-7252"}, {"attraction_name": "Musee Mecanique", "category": "Museum", "free_entry": "False", "good_for_kids": "False", "location": "San Francisco", "phone_number": "415-346-2000"}], "slots": [{"exclusive_end": 77, "slot": "attraction_name", "start": 61}]}], "speaker": "SYSTEM", "utterance": "I have found a museum you may like. You should check out the Cable Car Museum."}, {"frames": [{"actions": [{"act": "REQUEST_ALTS", "canonical_values": [], "slot": "", "values": []}], "service": "Travel_1", "slots": [], "state": {"active_intent": "FindAttractions", "requested_slots": [], "slot_values": {"category": ["Museum"], "location": ["San Fran"]}}}], "speaker": "USER", "utterance": "Cool. Are there any attractions you can think of?"}, {"frames": [{"actions": [{"act": "OFFER", "canonical_values": ["California Academy of Sciences"], "slot": "attraction_name", "values": ["California Academy of Sciences"]}, {"act": "OFFER", "canonical_values": ["Museum"], "slot": "category", "values": ["Museum"]}], "service": "Travel_1", "slots": [{"exclusive_end": 92, "slot": "attraction_name", "start": 62}]}], "speaker": "SYSTEM", "utterance": "I found another museum for you. You should also check out the California Academy of Sciences."}, {"frames": [{"actions": [{"act": "SELECT", "canonical_values": [], "slot": "", "values": []}], "service": "Travel_1", "slots": [], "state": {"active_intent": "FindAttractions", "requested_slots": [], "slot_values": {"category": ["Museum"], "location": ["San Fran"]}}}], "speaker": "USER", "utterance": "Okay, that sounds great."}, {"frames": [{"actions": [{"act": "REQ_MORE", "canonical_values": [], "slot": "", "values": []}], "service": "Travel_1", "slots": []}], "speaker": "SYSTEM", "utterance": "Okay. Is there anything else I can assist you with?"}, {"frames": [{"actions": [{"act": "INFORM", "canonical_values": ["imax"], "slot": "show_type", "values": ["imax"]}, {"act": "INFORM_INTENT", "canonical_values": ["FindMovies"], "slot": "intent", "values": ["FindMovies"]}], "service": "Movies_1", "slots": [], "state": {"active_intent": "FindMovies", "requested_slots": [], "slot_values": {"location": ["San Fran"], "show_type": ["imax"]}}}], "speaker": "USER", "utterance": "I'd like to watch an imax movie around there as well."}, {"frames": [{"actions": [{"act": "OFFER", "canonical_values": ["Ash Is Purest White", "Dumbo", "Gloria Bell"], "slot": "movie_name", "values": ["Ash Is Purest White", "Dumbo", "Gloria Bell"]}], "service": "Movies_1", "service_call": {"method": "FindMovies", "parameters": {"location": "San Francisco", "show_type": "imax"}}, "service_results": [{"genre": "Crime", "location": "San Francisco", "movie_name": "Ash Is Purest White", "price": "14", "show_type": "imax", "street_address": "1 Embarcadero Center", "theater_name": "Landmark's Embarcadero Center Cinema"}, {"genre": "Fantasy", "location": "San Francisco", "movie_name": "Dumbo", "price": "15", "show_type": "imax", "street_address": "135 4th Street Suite 3000", "theater_name": "AMC Metreon 16"}, {"genre": "Comedy", "location": "San Francisco", "movie_name": "Gloria Bell", "price": "16", "show_type": "imax", "street_address": "601 Van Ness Avenue", "theater_name": "Landmark's Opera Plaza Cinema"}, {"genre": "Fantasy", "location": "San Francisco", "movie_name": "Hellboy", "price": "22", "show_type": "imax", "street_address": "835 Market Street", "theater_name": "Century San Francisco Centre 9 & XD"}, {"genre": "Thriller", "location": "San Francisco", "movie_name": "Hotel Mumbai", "price": "10", "show_type": "imax", "street_address": "2340 Chestnut Street", "theater_name": "Presidio Theatre"}, {"genre": "Documentary", "location": "San Francisco", "movie_name": "Knock Down The House", "price": "15", "show_type": "imax", "street_address": "1 Embarcadero Center", "theater_name": "Landmark's Embarcadero Center Cinema"}, {"genre": "Fantasy", "location": "San Francisco", "movie_name": "Mad Max: Fury Road", "price": "11", "show_type": "imax", "street_address": "3630 Balboa Street", "theater_name": "Balboa Theatre"}, {"genre": "Comedy", "location": "San Francisco", "movie_name": "Missing Link", "price": "5", "show_type": "imax", "street_address": "835 Market Street", "theater_name": "Century San Francisco Centre 9 & XD"}, {"genre": "Adventure", "location": "San Francisco", "movie_name": "Shazam!", "price": "21", "show_type": "imax", "street_address": "2149 Chestnut Street", "theater_name": "Marina Theatre"}, {"genre": "Drama", "location": "San Francisco", "movie_name": "Supa Modo", "price": "20", "show_type": "imax", "street_address": "3117 16th St", "theater_name": "Roxie Theater"}], "slots": [{"exclusive_end": 34, "slot": "movie_name", "start": 15}, {"exclusive_end": 41, "slot": "movie_name", "start": 36}, {"exclusive_end": 57, "slot": "movie_name", "start": 46}]}], "speaker": "SYSTEM", "utterance": "Sure. How does Ash Is Purest White, Dumbo, or Gloria Bell sound?"}, {"frames": [{"actions": [{"act": "SELECT", "canonical_values": ["Gloria Bell"], "slot": "movie_name", "values": ["Gloria Bell"]}], "service": "Movies_1", "slots": [{"exclusive_end": 11, "slot": "movie_name", "start": 0}], "state": {"active_intent": "FindMovies", "requested_slots": [], "slot_values": {"location": ["San Fran"], "movie_name": ["Gloria Bell"], "show_type": ["imax"]}}}], "speaker": "USER", "utterance": "Gloria Bell would be perfect"}, {"frames": [{"actions": [{"act": "OFFER_INTENT", "canonical_values": ["BuyMovieTickets"], "slot": "intent", "values": ["BuyMovieTickets"]}], "service": "Movies_1", "slots": []}], "speaker": "SYSTEM", "utterance": "Okay. Would you like to purchase tickets?"}, {"frames": [{"actions": [{"act": "NEGATE_INTENT", "canonical_values": [], "slot": "", "values": []}], "service": "Movies_1", "slots": [], "state": {"active_intent": "NONE", "requested_slots": [], "slot_values": {"location": ["San Fran"], "movie_name": ["Gloria Bell"], "show_type": ["imax"]}}}], "speaker": "USER", "utterance": "No, not right now."}, {"frames": [{"actions": [{"act": "REQ_MORE", "canonical_values": [], "slot": "", "values": []}], "service": "Movies_1", "slots": []}], "speaker": "SYSTEM", "utterance": "Sure. Is there anything else I can help you with?"}, {"frames": [{"actions": [{"act": "INFORM", "canonical_values": ["Romance"], "slot": "genre", "values": ["Romance"]}, {"act": "INFORM_INTENT", "canonical_values": ["FindMovies"], "slot": "intent", "values": ["FindMovies"]}], "service": "Media_1", "slots": [{"exclusive_end": 26, "slot": "genre", "start": 19}], "state": {"active_intent": "FindMovies", "requested_slots": [], "slot_values": {"genre": ["Romance"]}}}], "speaker": "USER", "utterance": "I'd like to find a Romance movie to watch online."}, {"frames": [{"actions": [{"act": "OFFER", "canonical_values": ["After", "Pillow Talk", "Say Anything"], "slot": "title", "values": ["After", "Pillow Talk", "Say Anything"]}, {"act": "INFORM_COUNT", "canonical_values": ["5"], "slot": "count", "values": ["5"]}], "service": "Media_1", "service_call": {"method": "FindMovies", "parameters": {"genre": "Romance"}}, "service_results": [{"directed_by": "Jenny Gage", "genre": "Romance", "subtitles": "True", "title": "After"}, {"directed_by": "Michael Gordon", "genre": "Romance", "subtitles": "True", "title": "Pillow Talk"}, {"directed_by": "Cameron Crowe", "genre": "Romance", "subtitles": "True", "title": "Say Anything"}, {"directed_by": "Tom McCarthy", "genre": "Romance", "subtitles": "True", "title": "The Visitor"}, {"directed_by": "George Sidney", "genre": "Romance", "subtitles": "True", "title": "Viva Las Vegas"}], "slots": [{"exclusive_end": 51, "slot": "title", "start": 46}, {"exclusive_end": 64, "slot": "title", "start": 53}, {"exclusive_end": 81, "slot": "title", "start": 69}]}], "speaker": "SYSTEM", "utterance": "I found 5 movies you may like. Would you like After, Pillow Talk, or Say Anything?"}, {"frames": [{"actions": [{"act": "SELECT", "canonical_values": ["Say Anything"], "slot": "title", "values": ["Say Anything"]}], "service": "Media_1", "slots": [{"exclusive_end": 12, "slot": "title", "start": 0}], "state": {"active_intent": "FindMovies", "requested_slots": [], "slot_values": {"genre": ["Romance"], "title": ["Say Anything"]}}}], "speaker": "USER", "utterance": "Say Anything sounds great."}, {"frames": [{"actions": [{"act": "OFFER_INTENT", "canonical_values": ["PlayMovie"], "slot": "intent", "values": ["PlayMovie"]}], "service": "Media_1", "slots": []}], "speaker": "SYSTEM", "utterance": "Would you like me to play the movie?"}, {"frames": [{"actions": [{"act": "AFFIRM_INTENT", "canonical_values": [], "slot": "", "values": []}], "service": "Media_1", "slots": [], "state": {"active_intent": "PlayMovie", "requested_slots": [], "slot_values": {"genre": ["Romance"], "title": ["Say Anything"]}}}], "speaker": "USER", "utterance": "Yes, please."}, {"frames": [{"actions": [{"act": "CONFIRM", "canonical_values": ["Say Anything"], "slot": "title", "values": ["Say Anything"]}, {"act": "CONFIRM", "canonical_values": ["False"], "slot": "subtitles", "values": ["False"]}], "service": "Media_1", "slots": [{"exclusive_end": 61, "slot": "title", "start": 49}]}], "speaker": "SYSTEM", "utterance": "Okay. Please confirm the following details. Play Say Anything without subtitles."}, {"frames": [{"actions": [{"act": "REQUEST", "canonical_values": [], "slot": "directed_by", "values": []}, {"act": "AFFIRM", "canonical_values": [], "slot": "", "values": []}], "service": "Media_1", "slots": [], "state": {"active_intent": "PlayMovie", "requested_slots": ["directed_by"], "slot_values": {"genre": ["Romance"], "subtitles": ["False"], "title": ["Say Anything"]}}}], "speaker": "USER", "utterance": "Yes, sounds great. Who is the director?"}, {"frames": [{"actions": [{"act": "INFORM", "canonical_values": ["Cameron Crowe"], "slot": "directed_by", "values": ["Cameron Crowe"]}, {"act": "NOTIFY_SUCCESS", "canonical_values": [], "slot": "", "values": []}], "service": "Media_1", "service_call": {"method": "PlayMovie", "parameters": {"subtitles": "False", "title": "Say Anything"}}, "service_results": [{"directed_by": "Cameron Crowe", "genre": "Romance", "subtitles": "False", "title": "Say Anything"}], "slots": [{"exclusive_end": 29, "slot": "directed_by", "start": 16}]}], "speaker": "SYSTEM", "utterance": "The director is Cameron Crowe. I have started playing the movie."}, {"frames": [{"actions": [{"act": "THANK_YOU", "canonical_values": [], "slot": "", "values": []}, {"act": "GOODBYE", "canonical_values": [], "slot": "", "values": []}], "service": "Media_1", "slots": [], "state": {"active_intent": "PlayMovie", "requested_slots": [], "slot_values": {"genre": ["Romance"], "subtitles": ["False"], "title": ["Say Anything"]}}}], "speaker": "USER", "utterance": "Great, thank you. That's all I need."}, {"frames": [{"actions": [{"act": "GOODBYE", "canonical_values": [], "slot": "", "values": []}], "service": "Media_1", "slots": []}], "speaker": "SYSTEM", "utterance": "Have a great day."}]}, {"dialogue_id": "69_00002", "services": ["Travel_1", "Movies_1", "Media_1"], "turns": [{"frames": [{"actions": [{"act": "INFORM", "canonical_values": ["Park"], "slot": "category", "values": ["Park"]}, {"act": "INFORM_INTENT", "canonical_values": ["FindAttractions"], "slot": "intent", "values": ["FindAttractions"]}], "service": "Travel_1", "slots": [], "state": {"active_intent": "FindAttractions", "requested_slots": [], "slot_values": {"category": ["Park"]}}}], "speaker": "USER", "utterance": "Find a garden to visit."}, {"frames": [{"actions": [{"act": "REQUEST", "canonical_values": [], "slot": "location", "values": []}], "service": "Travel_1", "slots": []}], "speaker": "SYSTEM", "utterance": "Which location?"}, {"frames": [{"actions": [{"act": "INFORM", "canonical_values": ["San Francisco"], "slot": "location", "values": ["San Fran"]}], "service": "Travel_1", "slots": [{"exclusive_end": 8, "slot": "location", "start": 0}], "state": {"active_intent": "FindAttractions", "requested_slots": [], "slot_values": {"category": ["Park"], "location": ["San Fran"]}}}], "speaker": "USER", "utterance": "San Fran."}, {"frames": [{"actions": [{"act": "OFFER", "canonical_values": ["Fort Funston"], "slot": "attraction_name", "values": ["Fort Funston"]}, {"act": "OFFER", "canonical_values": ["Park"], "slot": "category", "values": ["Park"]}], "service": "Travel_1", "service_call": {"method": "FindAttractions", "parameters": {"category": "Park", "location": "San Francisco"}}, "service_results": [{"attraction_name": "Fort Funston", "category": "Park", "free_entry": "True", "good_for_kids": "True", "location": "San Francisco", "phone_number": "415-561-4700"}, {"attraction_name": "Golden Gate Park", "category": "Park", "free_entry": "True", "good_for_kids": "True", "location": "San Francisco", "phone_number": "415-831-2700"}, {"attraction_name": "Japanese Tea Garden", "category": "Park", "free_entry": "True", "good_for_kids": "True", "location": "San Francisco", "phone_number": "415-752-1171"}, {"attraction_name": "Lake Merced Park", "category": "Park", "free_entry": "True", "good_for_kids": "True", "location": "San Francisco", "phone_number": "415-831-5500"}, {"attraction_name": "Mission Dolores Park", "category": "Park", "free_entry": "True", "good_for_kids": "True", "location": "San Francisco", "phone_number": "415-554-9521"}, {"attraction_name": "San Francisco Botanical Garden", "category": "Park", "free_entry": "True", "good_for_kids": "False", "location": "San Francisco", "phone_number": "415-661-1316"}], "slots": [{"exclusive_end": 12, "slot": "attraction_name", "start": 0}]}], "speaker": "SYSTEM", "utterance": "Fort Funston is a park."}, {"frames": [{"actions": [{"act": "INFORM", "canonical_values": ["imax"], "slot": "show_type", "values": ["imax"]}, {"act": "INFORM", "canonical_values": ["Landmark's Opera Plaza Cinema"], "slot": "theater_name", "values": ["Opera Plaza"]}, {"act": "INFORM_INTENT", "canonical_values": ["FindMovies"], "slot": "intent", "values": ["FindMovies"]}], "service": "Movies_1", "slots": [{"exclusive_end": 37, "slot": "theater_name", "start": 26}], "state": {"active_intent": "FindMovies", "requested_slots": [], "slot_values": {"location": ["San Fran"], "show_type": ["imax"], "theater_name": ["Opera Plaza"]}}}, {"actions": [{"act": "SELECT", "canonical_values": [], "slot": "", "values": []}], "service": "Travel_1", "slots": [], "state": {"active_intent": "FindAttractions", "requested_slots": [], "slot_values": {"category": ["Park"], "location": ["San Fran"]}}}], "speaker": "USER", "utterance": "Ok. Find an imax movie at Opera Plaza."}, {"frames": [{"actions": [{"act": "OFFER", "canonical_values": ["Gloria Bell"], "slot": "movie_name", "values": ["Gloria Bell"]}, {"act": "INFORM_COUNT", "canonical_values": ["1"], "slot": "count", "values": ["1"]}], "service": "Movies_1", "service_call": {"method": "FindMovies", "parameters": {"location": "San Francisco", "show_type": "imax", "theater_name": "Landmark's Opera Plaza Cinema"}}, "service_results": [{"genre": "Comedy", "location": "San Francisco", "movie_name": "Gloria Bell", "price": "16", "show_type": "imax", "street_address": "601 Van Ness Avenue", "theater_name": "Landmark's Opera Plaza Cinema"}], "slots": [{"exclusive_end": 22, "slot": "movie_name", "start": 11}]}], "speaker": "SYSTEM", "utterance": "I found 1: Gloria Bell."}, {"frames": [{"actions": [{"act": "SELECT", "canonical_values": ["Gloria Bell"], "slot": "movie_name", "values": ["Gloria Bell"]}], "service": "Movies_1", "slots": [{"exclusive_end": 11, "slot": "movie_name", "start": 0}], "state": {"active_intent": "FindMovies", "requested_slots": [], "slot_values": {"location": ["San Fran"], "movie_name": ["Gloria Bell"], "show_type": ["imax"], "theater_name": ["Opera Plaza"]}}}], "speaker": "USER", "utterance": "Gloria Bell is ok."}, {"frames": [{"actions": [{"act": "OFFER_INTENT", "canonical_values": ["BuyMovieTickets"], "slot": "intent", "values": ["BuyMovieTickets"]}], "service": "Movies_1", "slots": []}], "speaker": "SYSTEM", "utterance": "Do you want tickets?"}, {"frames": [{"actions": [{"act": "NEGATE_INTENT", "canonical_values": [], "slot": "", "values": []}], "service": "Movies_1", "slots": [], "state": {"active_intent": "NONE", "requested_slots": [], "slot_values": {"location": ["San Fran"], "movie_name": ["Gloria Bell"], "show_type": ["imax"], "theater_name": ["Opera Plaza"]}}}], "speaker": "USER", "utterance": "Maybe later."}, {"frames": [{"actions": [{"act": "REQ_MORE", "canonical_values": [], "slot": "", "values": []}], "service": "Movies_1", "slots": []}], "speaker": "SYSTEM", "utterance": "Anything else?"}, {"frames": [{"actions": [{"act": "INFORM", "canonical_values": ["Laure de Clermont-Tonnerre"], "slot": "directed_by", "values": ["Laure de Clermont-Tonnerre"]}, {"act": "INFORM_INTENT", "canonical_values": ["FindMovies"], "slot": "intent", "values": ["FindMovies"]}], "service": "Media_1", "slots": [{"exclusive_end": 42, "slot": "directed_by", "start": 16}], "state": {"active_intent": "FindMovies", "requested_slots": [], "slot_values": {"directed_by": ["Laure de Clermont-Tonnerre"]}}}], "speaker": "USER", "utterance": "Find a movie by Laure de Clermont-Tonnerre online."}, {"frames": [{"actions": [{"act": "REQUEST", "canonical_values": [], "slot": "genre", "values": []}], "service": "Media_1", "slots": []}], "speaker": "SYSTEM", "utterance": "Genre?"}, {"frames": [{"actions": [{"act": "INFORM", "canonical_values": ["Tim Burton"], "slot": "directed_by", "values": ["Tim Burton"]}, {"act": "INFORM", "canonical_values": ["Fantasy"], "slot": "genre", "values": ["Fantasy"]}], "service": "Media_1", "slots": [{"exclusive_end": 32, "slot": "directed_by", "start": 22}, {"exclusive_end": 7, "slot": "genre", "start": 0}], "state": {"active_intent": "FindMovies", "requested_slots": [], "slot_values": {"directed_by": ["Tim Burton"], "genre": ["Fantasy"]}}}], "speaker": "USER", "utterance": "Fantasy, something by Tim Burton."}, {"frames": [{"actions": [{"act": "OFFER", "canonical_values": ["Dumbo"], "slot": "title", "values": ["Dumbo"]}, {"act": "INFORM_COUNT", "canonical_values": ["1"], "slot": "count", "values": ["1"]}], "service": "Media_1", "service_call": {"method": "FindMovies", "parameters": {"directed_by": "Tim Burton", "genre": "Fantasy"}}, "service_results": [{"directed_by": "Tim Burton", "genre": "Fantasy", "subtitles": "False", "title": "Dumbo"}], "slots": [{"exclusive_end": 16, "slot": "title", "start": 11}]}], "speaker": "SYSTEM", "utterance": "I found 1: Dumbo."}, {"frames": [{"actions": [{"act": "INFORM_INTENT", "canonical_values": ["PlayMovie"], "slot": "intent", "values": ["PlayMovie"]}, {"act": "SELECT", "canonical_values": ["Dumbo"], "slot": "title", "values": ["Dumbo"]}], "service": "Media_1", "slots": [{"exclusive_end": 16, "slot": "title", "start": 11}], "state": {"active_intent": "PlayMovie", "requested_slots": [], "slot_values": {"directed_by": ["Tim Burton"], "genre": ["Fantasy"], "title": ["Dumbo"]}}}], "speaker": "USER", "utterance": "Good, play Dumbo now."}, {"frames": [{"actions": [{"act": "CONFIRM", "canonical_values": ["Dumbo"], "slot": "title", "values": ["Dumbo"]}, {"act": "CONFIRM", "canonical_values": ["False"], "slot": "subtitles", "values": ["False"]}], "service": "Media_1", "slots": [{"exclusive_end": 26, "slot": "title", "start": 21}]}], "speaker": "SYSTEM", "utterance": "Please confirm: play Dumbo without subtitles."}, {"frames": [{"actions": [{"act": "AFFIRM", "canonical_values": [], "slot": "", "values": []}], "service": "Media_1", "slots": [], "state": {"active_intent": "PlayMovie", "requested_slots": [], "slot_values": {"directed_by": ["Tim Burton"], "genre": ["Fantasy"], "subtitles": ["False"], "title": ["Dumbo"]}}}], "speaker": "USER", "utterance": "Yep."}, {"frames": [{"actions": [{"act": "NOTIFY_SUCCESS", "canonical_values": [], "slot": "", "values": []}], "service": "Media_1", "service_call": {"method": "PlayMovie", "parameters": {"subtitles": "False", "title": "Dumbo"}}, "service_results": [{"directed_by": "Tim Burton", "genre": "Fantasy", "subtitles": "False", "title": "Dumbo"}], "slots": []}], "speaker": "SYSTEM", "utterance": "Playing now."}, {"frames": [{"actions": [{"act": "THANK_YOU", "canonical_values": [], "slot": "", "values": []}], "service": "Media_1", "slots": [], "state": {"active_intent": "PlayMovie", "requested_slots": [], "slot_values": {"directed_by": ["Tim Burton"], "genre": ["Fantasy"], "subtitles": ["False"], "title": ["Dumbo"]}}}], "speaker": "USER", "utterance": "Thanks."}, {"frames": [{"actions": [{"act": "REQ_MORE", "canonical_values": [], "slot": "", "values": []}], "service": "Media_1", "slots": []}], "speaker": "SYSTEM", "utterance": "Anything else for today?"}, {"frames": [{"actions": [{"act": "NEGATE", "canonical_values": [], "slot": "", "values": []}, {"act": "THANK_YOU", "canonical_values": [], "slot": "", "values": []}], "service": "Media_1", "slots": [], "state": {"active_intent": "NONE", "requested_slots": [], "slot_values": {"directed_by": ["Tim Burton"], "genre": ["Fantasy"], "subtitles": ["False"], "title": ["Dumbo"]}}}], "speaker": "USER", "utterance": "Nope."}, {"frames": [{"actions": [{"act": "GOODBYE", "canonical_values": [], "slot": "", "values": []}], "service": "Media_1", "slots": []}], "speaker": "SYSTEM", "utterance": "Have a nice day."}]}, {"dialogue_id": "69_00003", "services": ["Travel_1", "Movies_1", "Media_1"], "turns": [{"frames": [{"actions": [{"act": "INFORM", "canonical_values": ["Museum"], "slot": "category", "values": ["Museum"]}, {"act": "INFORM", "canonical_values": ["True"], "slot": "free_entry", "values": ["True"]}, {"act": "INFORM", "canonical_values": ["San Francisco"], "slot": "location", "values": ["SF"]}, {"act": "INFORM_INTENT", "canonical_values": ["FindAttractions"], "slot": "intent", "values": ["FindAttractions"]}], "service": "Travel_1", "slots": [{"exclusive_end": 35, "slot": "location", "start": 33}], "state": {"active_intent": "FindAttractions", "requested_slots": [], "slot_values": {"category": ["Museum"], "free_entry": ["True"], "location": ["SF"]}}}], "speaker": "USER", "utterance": "I want to go to a free museum in SF."}, {"frames": [{"actions": [{"act": "OFFER", "canonical_values": ["Contemporary Jewish Museum"], "slot": "attraction_name", "values": ["Contemporary Jewish Museum"]}, {"act": "OFFER", "canonical_values": ["Museum"], "slot": "category", "values": ["Museum"]}], "service": "Travel_1", "service_call": {"method": "FindAttractions", "parameters": {"category": "Museum", "free_entry": "True", "location": "San Francisco"}}, "service_results": [{"attraction_name": "Contemporary Jewish Museum", "category": "Museum", "free_entry": "True", "good_for_kids": "True", "location": "San Francisco", "phone_number": "415-655-7800"}, {"attraction_name": "Exploratorium", "category": "Museum", "free_entry": "True", "good_for_kids": "True", "location": "San Francisco", "phone_number": "415-528-4444"}, {"attraction_name": "Legion of Honor", "category": "Museum", "free_entry": "True", "good_for_kids": "True", "location": "San Francisco", "phone_number": "415-750-3600"}, {"attraction_name": "de Young Museum", "category": "Museum", "free_entry": "True", "good_for_kids": "True", "location": "San Francisco", "phone_number": "415-750-3600"}], "slots": [{"exclusive_end": 30, "slot": "attraction_name", "start": 4}]}], "speaker": "SYSTEM", "utterance": "The Contemporary Jewish Museum is a museum in SF."}, {"frames": [{"actions": [{"act": "INFORM_INTENT", "canonical_values": ["FindMovies"], "slot": "intent", "values": ["FindMovies"]}], "service": "Movies_1", "slots": [], "state": {"active_intent": "FindMovies", "requested_slots": [], "slot_values": {"location": ["SF"]}}}, {"actions": [{"act": "SELECT", "canonical_values": [], "slot": "", "values": []}], "service": "Travel_1", "slots": [], "state": {"active_intent": "FindAttractions", "requested_slots": [], "slot_values": {"category": ["Museum"], "free_entry": ["True"], "location": ["SF"]}}}], "speaker": "USER", "utterance": "Cool, I also want to see a movie near there."}, {"frames": [{"actions": [{"act": "OFFER", "canonical_values": ["Ash Is Purest White", "Captain Marvel", "Citizen Kane"], "slot": "movie_name", "values": ["Ash Is Purest White", "Captain Marvel", "Citizen Kane"]}], "service": "Movies_1", "service_call": {"method": "FindMovies", "parameters": {"location": "San Francisco"}}, "service_results": [{"genre": "Crime", "location": "San Francisco", "movie_name": "Ash Is Purest White", "price": "14", "show_type": "imax", "street_address": "1 Embarcadero Center", "theater_name": "Landmark's Embarcadero Center Cinema"}, {"genre": "Adventure", "location": "San Francisco", "movie_name": "Captain Marvel", "price": "21", "show_type": "regular", "street_address": "835 Market Street", "theater_name": "Century San Francisco Centre 9 & XD"}, {"genre": "Mystery", "location": "San Francisco", "movie_name": "Citizen Kane", "price": "20", "show_type": "3d", "street_address": "3290 Sacramento Street", "theater_name": "Vogue Theatre"}, {"genre": "Mystery", "location": "San Francisco", "movie_name": "Body Double", "price": "14", "show_type": "regular", "street_address": "2550 Mission Street", "theater_name": "Alamo Drafthouse Cinema"}, {"genre": "Drama", "location": "San Francisco", "movie_name": "Dogman", "price": "18", "show_type": "3d", "street_address": "601 Van Ness Avenue", "theater_name": "Landmark's Opera Plaza Cinema"}, {"genre": "Fantasy", "location": "San Francisco", "movie_name": "Dumbo", "price": "15", "show_type": "imax", "street_address": "135 4th Street Suite 3000", "theater_name": "AMC Metreon 16"}, {"genre": "Comedy", "location": "San Francisco", "movie_name": "Family", "price": "12", "show_type": "regular", "street_address": "501 Buckingham Way", "theater_name": "United Artists Stonestown Twin"}, {"genre": "Comedy", "location": "San Francisco", "movie_name": "Gloria Bell", "price": "16", "show_type": "imax", "street_address": "601 Van Ness Avenue", "theater_name": "Landmark's Opera Plaza Cinema"}, {"genre": "Fantasy", "location": "San Francisco", "movie_name": "Hellboy", "price": "22", "show_type": "imax", "street_address": "835 Market Street", "theater_name": "Century San Francisco Centre 9 & XD"}, {"genre": "Thriller", "location": "San Francisco", "movie_name": "Hotel Mumbai", "price": "10", "show_type": "imax", "street_address": "2340 Chestnut Street", "theater_name": "Presidio Theatre"}], "slots": [{"exclusive_end": 33, "slot": "movie_name", "start": 14}, {"exclusive_end": 49, "slot": "movie_name", "start": 35}, {"exclusive_end": 66, "slot": "movie_name", "start": 54}]}], "speaker": "SYSTEM", "utterance": "You could see Ash Is Purest White, Captain Marvel, or Citizen Kane."}, {"frames": [{"actions": [{"act": "SELECT", "canonical_values": ["Ash Is Purest White"], "slot": "movie_name", "values": ["Ash Is Purest White"]}], "service": "Movies_1", "slots": [{"exclusive_end": 19, "slot": "movie_name", "start": 0}], "state": {"active_intent": "FindMovies", "requested_slots": [], "slot_values": {"location": ["SF"], "movie_name": ["Ash Is Purest White"]}}}], "speaker": "USER", "utterance": "Ash Is Purest White is good."}, {"frames": [{"actions": [{"act": "OFFER_INTENT", "canonical_values": ["BuyMovieTickets"], "slot": "intent", "values": ["BuyMovieTickets"]}], "service": "Movies_1", "slots": []}], "speaker": "SYSTEM", "utterance": "Are you ready to buy tickets?"}, {"frames": [{"actions": [{"act": "INFORM_INTENT", "canonical_values": ["FindMovies"], "slot": "intent", "values": ["FindMovies"]}], "service": "Media_1", "slots": [], "state": {"active_intent": "FindMovies", "requested_slots": [], "slot_values": {}}}, {"actions": [{"act": "NEGATE_INTENT", "canonical_values": [], "slot": "", "values": []}], "service": "Movies_1", "slots": [], "state": {"active_intent": "NONE", "requested_slots": [], "slot_values": {"location": ["SF"], "movie_name": ["Ash Is Purest White"]}}}], "speaker": "USER", "utterance": "No, not now. I want to watch a movie online now."}, {"frames": [{"actions": [{"act": "REQUEST", "canonical_values": [], "slot": "genre", "values": []}], "service": "Media_1", "slots": []}], "speaker": "SYSTEM", "utterance": "What kind of movie?"}, {"frames": [{"actions": [{"act": "INFORM", "canonical_values": ["Drama"], "slot": "genre", "values": ["Drama"]}], "service": "Media_1", "slots": [{"exclusive_end": 5, "slot": "genre", "start": 0}], "state": {"active_intent": "FindMovies", "requested_slots": [], "slot_values": {"genre": ["Drama"]}}}], "speaker": "USER", "utterance": "Drama."}, {"frames": [{"actions": [{"act": "OFFER", "canonical_values": ["Dogman", "Hackers", "High Life"], "slot": "title", "values": ["Dogman", "Hackers", "High Life"]}], "service": "Media_1", "service_call": {"method": "FindMovies", "parameters": {"genre": "Drama"}}, "service_results": [{"directed_by": "Matteo Garrone", "genre": "Drama", "subtitles": "True", "title": "Dogman"}, {"directed_by": "Iain Softley", "genre": "Drama", "subtitles": "True", "title": "Hackers"}, {"directed_by": "Claire Denis", "genre": "Drama", "subtitles": "True", "title": "High Life"}, {"directed_by": "Nia DaCosta", "genre": "Drama", "subtitles": "False", "title": "Little Woods"}, {"directed_by": "Garth Davis", "genre": "Drama", "subtitles": "True", "title": "Mary Magdalene"}, {"directed_by": "Eric Khoo", "genre": "Drama", "subtitles": "True", "title": "Ramen Shop"}, {"directed_by": "Trevor Nunn", "genre": "Drama", "subtitles": "False", "title": "Red Joan"}, {"directed_by": "Qui Sheng", "genre": "Drama", "subtitles": "True", "title": "Suburban Birds"}, {"directed_by": "Laszlo Nemes", "genre": "Drama", "subtitles": "True", "title": "Sunset"}, {"directed_by": "Likarion Wainaina", "genre": "Drama", "subtitles": "True", "title": "Supa Modo"}], "slots": [{"exclusive_end": 11, "slot": "title", "start": 5}, {"exclusive_end": 20, "slot": "title", "start": 13}, {"exclusive_end": 34, "slot": "title", "start": 25}]}], "speaker": "SYSTEM", "utterance": "Like Dogman, Hackers, or High Life?"}, {"frames": [{"actions": [{"act": "INFORM", "canonical_values": ["True"], "slot": "subtitles", "values": ["True"]}, {"act": "INFORM_INTENT", "canonical_values": ["PlayMovie"], "slot": "intent", "values": ["PlayMovie"]}, {"act": "SELECT", "canonical_values": ["Hackers"], "slot": "title", "values": ["Hackers"]}], "service": "Media_1", "slots": [{"exclusive_end": 7, "slot": "title", "start": 0}], "state": {"active_intent": "PlayMovie", "requested_slots": [], "slot_values": {"genre": ["Drama"], "subtitles": ["True"], "title": ["Hackers"]}}}], "speaker": "USER", "utterance": "Hackers is perfect! I want to watch it now with subtitles."}, {"frames": [{"actions": [{"act": "CONFIRM", "canonical_values": ["Hackers"], "slot": "title", "values": ["Hackers"]}, {"act": "CONFIRM", "canonical_values": ["True"], "slot": "subtitles", "values": ["True"]}], "service": "Media_1", "slots": [{"exclusive_end": 31, "slot": "title", "start": 24}]}], "speaker": "SYSTEM", "utterance": "Please confirm, playing Hackers with subtitles."}, {"frames": [{"actions": [{"act": "REQUEST", "canonical_values": [], "slot": "directed_by", "values": []}, {"act": "AFFIRM", "canonical_values": [], "slot": "", "values": []}], "service": "Media_1", "slots": [], "state": {"active_intent": "PlayMovie", "requested_slots": ["directed_by"], "slot_values": {"genre": ["Drama"], "subtitles": ["True"], "title": ["Hackers"]}}}], "speaker": "USER", "utterance": "Yes, who is the director?"}, {"frames": [{"actions": [{"act": "INFORM", "canonical_values": ["Iain Softley"], "slot": "directed_by", "values": ["Iain Softley"]}, {"act": "NOTIFY_SUCCESS", "canonical_values": [], "slot": "", "values": []}], "service": "Media_1", "service_call": {"method": "PlayMovie", "parameters": {"subtitles": "True", "title": "Hackers"}}, "service_results": [{"directed_by": "Iain Softley", "genre": "Drama", "subtitles": "True", "title": "Hackers"}], "slots": [{"exclusive_end": 28, "slot": "directed_by", "start": 16}]}], "speaker": "SYSTEM", "utterance": "The director is Iain Softley."}, {"frames": [{"actions": [{"act": "THANK_YOU", "canonical_values": [], "slot": "", "values": []}, {"act": "GOODBYE", "canonical_values": [], "slot": "", "values": []}], "service": "Media_1", "slots": [], "state": {"active_intent": "PlayMovie", "requested_slots": [], "slot_values": {"genre": ["Drama"], "subtitles": ["True"], "title": ["Hackers"]}}}], "speaker": "USER", "utterance": "Cool, that is all"}, {"frames": [{"actions": [{"act": "GOODBYE", "canonical_values": [], "slot": "", "values": []}], "service": "Media_1", "slots": []}], "speaker": "SYSTEM", "utterance": "Have a nice day."}]}, {"dialogue_id": "69_00004", "services": ["Travel_1", "Movies_1", "Media_1"], "turns": [{"frames": [{"actions": [{"act": "INFORM", "canonical_values": ["Museum"], "slot": "category", "values": ["Museum"]}, {"act": "INFORM", "canonical_values": ["San Francisco"], "slot": "location", "values": ["SF"]}, {"act": "INFORM_INTENT", "canonical_values": ["FindAttractions"], "slot": "intent", "values": ["FindAttractions"]}], "service": "Travel_1", "slots": [{"exclusive_end": 41, "slot": "location", "start": 39}], "state": {"active_intent": "FindAttractions", "requested_slots": [], "slot_values": {"category": ["Museum"], "location": ["SF"]}}}], "speaker": "USER", "utterance": "I need you to search up attractions in SF. I'm looking to go to a Museum."}, {"frames": [{"actions": [{"act": "OFFER", "canonical_values": ["Cable Car Museum"], "slot": "attraction_name", "values": ["Cable Car Museum"]}, {"act": "OFFER", "canonical_values": ["Museum"], "slot": "category", "values": ["Museum"]}, {"act": "INFORM_COUNT", "canonical_values": ["10"], "slot": "count", "values": ["10"]}], "service": "Travel_1", "service_call": {"method": "FindAttractions", "parameters": {"category": "Museum", "location": "San Francisco"}}, "service_results": [{"attraction_name": "Cable Car Museum", "category": "Museum", "free_entry": "False", "good_for_kids": "True", "location": "San Francisco", "phone_number": "415-474-1887"}, {"attraction_name": "California Academy of Sciences", "category": "Museum", "free_entry": "False", "good_for_kids": "False", "location": "San Francisco", "phone_number": "415-379-8000"}, {"attraction_name": "Cartoon Art Museum", "category": "Museum", "free_entry": "False", "good_for_kids": "False", "location": "San Francisco", "phone_number": "415-227-8666"}, {"attraction_name": "Children's Creativity Museum", "category": "Museum", "free_entry": "False", "good_for_kids": "True", "location": "San Francisco", "phone_number": "415-820-3320"}, {"attraction_name": "Contemporary Jewish Museum", "category": "Museum", "free_entry": "True", "good_for_kids": "True", "location": "San Francisco", "phone_number": "415-655-7800"}, {"attraction_name": "Exploratorium", "category": "Museum", "free_entry": "True", "good_for_kids": "True", "location": "San Francisco", "phone_number": "415-528-4444"}, {"attraction_name": "Legion of Honor", "category": "Museum", "free_entry": "True", "good_for_kids": "True", "location": "San Francisco", "phone_number": "415-750-3600"}, {"attraction_name": "Museum Of 3D Illusions", "category": "Museum", "free_entry": "False", "good_for_kids": "True", "location": "San Francisco", "phone_number": "888-386-5585"}, {"attraction_name": "Museum of the African Diaspora", "category": "Museum", "free_entry": "False", "good_for_kids": "True", "location": "San Francisco", "phone_number": "415-358-7252"}, {"attraction_name": "Musee Mecanique", "category": "Museum", "free_entry": "False", "good_for_kids": "False", "location": "San Francisco", "phone_number": "415-346-2000"}], "slots": [{"exclusive_end": 83, "slot": "attraction_name", "start": 67}]}], "speaker": "SYSTEM", "utterance": "I found 10 that might interest you. A good Museum to go see is the Cable Car Museum."}, {"frames": [{"actions": [{"act": "REQUEST", "canonical_values": [], "slot": "phone_number", "values": []}, {"act": "REQUEST", "canonical_values": [], "slot": "good_for_kids", "values": []}], "service": "Travel_1", "slots": [], "state": {"active_intent": "FindAttractions", "requested_slots": ["good_for_kids", "phone_number"], "slot_values": {"category": ["Museum"], "location": ["SF"]}}}], "speaker": "USER", "utterance": "Can you give me their phone number and tell me if it is child-friendly?"}, {"frames": [{"actions": [{"act": "INFORM", "canonical_values": ["415-474-1887"], "slot": "phone_number", "values": ["415-474-1887"]}, {"act": "INFORM", "canonical_values": ["True"], "slot": "good_for_kids", "values": ["True"]}], "service": "Travel_1", "slots": [{"exclusive_end": 62, "slot": "phone_number", "start": 50}]}], "speaker": "SYSTEM", "utterance": "It is a great place for kids. The phone number is 415-474-1887."}, {"frames": [{"actions": [{"act": "INFORM", "canonical_values": ["Drama"], "slot": "genre", "values": ["Drama"]}, {"act": "INFORM", "canonical_values": ["regular"], "slot": "show_type", "values": ["regular"]}, {"act": "INFORM", "canonical_values": ["Landmark's Clay Theatre"], "slot": "theater_name", "values": ["Clay Theatre"]}, {"act": "INFORM_INTENT", "canonical_values": ["FindMovies"], "slot": "intent", "values": ["FindMovies"]}], "service": "Movies_1", "slots": [{"exclusive_end": 49, "slot": "genre", "start": 44}, {"exclusive_end": 131, "slot": "theater_name", "start": 119}], "state": {"active_intent": "FindMovies", "requested_slots": [], "slot_values": {"genre": ["Drama"], "location": ["SF"], "show_type": ["regular"], "theater_name": ["Clay Theatre"]}}}, {"actions": [{"act": "SELECT", "canonical_values": [], "slot": "", "values": []}], "service": "Travel_1", "slots": [], "state": {"active_intent": "FindAttractions", "requested_slots": [], "slot_values": {"category": ["Museum"], "location": ["SF"]}}}], "speaker": "USER", "utterance": "Great! I would like you to search up a good Drama movie in that area also please! I'm looking to see a regular show at Clay Theatre."}, {"frames": [{"actions": [{"act": "OFFER", "canonical_values": ["Ramen Shop"], "slot": "movie_name", "values": ["Ramen Shop"]}, {"act": "INFORM_COUNT", "canonical_values": ["1"], "slot": "count", "values": ["1"]}], "service": "Movies_1", "service_call": {"method": "FindMovies", "parameters": {"genre": "Drama", "location": "San Francisco", "show_type": "regular", "theater_name": "Landmark's Clay Theatre"}}, "service_results": [{"genre": "Drama", "location": "San Francisco", "movie_name": "Ramen Shop", "price": "19", "show_type": "regular", "street_address": "2221", "theater_name": "Landmark's Clay Theatre"}], "slots": [{"exclusive_end": 55, "slot": "movie_name", "start": 45}]}], "speaker": "SYSTEM", "utterance": "I found 1 movie you might like. It is called Ramen Shop."}, {"frames": [{"actions": [{"act": "SELECT", "canonical_values": ["Ramen Shop"], "slot": "movie_name", "values": ["Ramen Shop"]}], "service": "Movies_1", "slots": [{"exclusive_end": 10, "slot": "movie_name", "start": 0}], "state": {"active_intent": "FindMovies", "requested_slots": [], "slot_values": {"genre": ["Drama"], "location": ["SF"], "movie_name": ["Ramen Shop"], "show_type": ["regular"], "theater_name": ["Clay Theatre"]}}}], "speaker": "USER", "utterance": "Ramen Shop sounds perfect!"}, {"frames": [{"actions": [{"act": "OFFER_INTENT", "canonical_values": ["BuyMovieTickets"], "slot": "intent", "values": ["BuyMovieTickets"]}], "service": "Movies_1", "slots": []}], "speaker": "SYSTEM", "utterance": "Do you want to purchase the tickets now?"}, {"frames": [{"actions": [{"act": "INFORM", "canonical_values": ["Cameron Crowe"], "slot": "directed_by", "values": ["Cameron Crowe"]}, {"act": "INFORM", "canonical_values": ["Romance"], "slot": "genre", "values": ["Romance"]}, {"act": "INFORM_INTENT", "canonical_values": ["FindMovies"], "slot": "intent", "values": ["FindMovies"]}], "service": "Media_1", "slots": [{"exclusive_end": 105, "slot": "directed_by", "start": 92}, {"exclusive_end": 127, "slot": "genre", "start": 120}], "state": {"active_intent": "FindMovies", "requested_slots": [], "slot_values": {"directed_by": ["Cameron Crowe"], "genre": ["Romance"]}}}, {"actions": [{"act": "NEGATE_INTENT", "canonical_values": [], "slot": "", "values": []}], "service": "Movies_1", "slots": [], "state": {"active_intent": "NONE", "requested_slots": [], "slot_values": {"genre": ["Drama"], "location": ["SF"], "movie_name": ["Ramen Shop"], "show_type": ["regular"], "theater_name": ["Clay Theatre"]}}}], "speaker": "USER", "utterance": "No, not at this time. I would also like to find a movie to watch online that is directed by Cameron Crowe, preferably a Romance movie."}, {"frames": [{"actions": [{"act": "OFFER", "canonical_values": ["Say Anything"], "slot": "title", "values": ["Say Anything"]}, {"act": "INFORM_COUNT", "canonical_values": ["1"], "slot": "count", "values": ["1"]}], "service": "Media_1", "service_call": {"method": "FindMovies", "parameters": {"directed_by": "Cameron Crowe", "genre": "Romance"}}, "service_results": [{"directed_by": "Cameron Crowe", "genre": "Romance", "subtitles": "True", "title": "Say Anything"}], "slots": [{"exclusive_end": 35, "slot": "title", "start": 23}]}], "speaker": "SYSTEM", "utterance": "I found 1 movie called Say Anything that you might like."}, {"frames": [{"actions": [{"act": "INFORM_INTENT", "canonical_values": ["PlayMovie"], "slot": "intent", "values": ["PlayMovie"]}, {"act": "SELECT", "canonical_values": ["Say Anything"], "slot": "title", "values": ["Say Anything"]}], "service": "Media_1", "slots": [{"exclusive_end": 12, "slot": "title", "start": 0}], "state": {"active_intent": "PlayMovie", "requested_slots": [], "slot_values": {"directed_by": ["Cameron Crowe"], "genre": ["Romance"], "title": ["Say Anything"]}}}], "speaker": "USER", "utterance": "Say Anything would be perfect, I would like to watch it now."}, {"frames": [{"actions": [{"act": "CONFIRM", "canonical_values": ["Say Anything"], "slot": "title", "values": ["Say Anything"]}, {"act": "CONFIRM", "canonical_values": ["False"], "slot": "subtitles", "values": ["False"]}], "service": "Media_1", "slots": [{"exclusive_end": 51, "slot": "title", "start": 39}]}], "speaker": "SYSTEM", "utterance": "Please confirm you would like to watch Say Anything without subtitles."}, {"frames": [{"actions": [{"act": "AFFIRM", "canonical_values": [], "slot": "", "values": []}], "service": "Media_1", "slots": [], "state": {"active_intent": "PlayMovie", "requested_slots": [], "slot_values": {"directed_by": ["Cameron Crowe"], "genre": ["Romance"], "subtitles": ["False"], "title": ["Say Anything"]}}}], "speaker": "USER", "utterance": "Yes, that is correct!"}, {"frames": [{"actions": [{"act": "NOTIFY_SUCCESS", "canonical_values": [], "slot": "", "values": []}], "service": "Media_1", "service_call": {"method": "PlayMovie", "parameters": {"subtitles": "False", "title": "Say Anything"}}, "service_results": [{"directed_by": "Cameron Crowe", "genre": "Romance", "subtitles": "False", "title": "Say Anything"}], "slots": []}], "speaker": "SYSTEM", "utterance": "The movie has started."}, {"frames": [{"actions": [{"act": "THANK_YOU", "canonical_values": [], "slot": "", "values": []}, {"act": "GOODBYE", "canonical_values": [], "slot": "", "values": []}], "service": "Media_1", "slots": [], "state": {"active_intent": "PlayMovie", "requested_slots": [], "slot_values": {"directed_by": ["Cameron Crowe"], "genre": ["Romance"], "subtitles": ["False"], "title": ["Say Anything"]}}}], "speaker": "USER", "utterance": "Thank you, that is all I need for now."}, {"frames": [{"actions": [{"act": "GOODBYE", "canonical_values": [], "slot": "", "values": []}], "service": "Media_1", "slots": []}], "speaker": "SYSTEM", "utterance": "Ok, have a great day and enjoy your movie!"}]}]