[{"dialogue_id": "51_00000", "services": ["Music_2", "Events_1"], "turns": [{"frames": [{"actions": [{"act": "INFORM_INTENT", "canonical_values": ["PlayMedia"], "slot": "intent", "values": ["PlayMedia"]}], "service": "Music_2", "slots": [], "state": {"active_intent": "PlayMedia", "requested_slots": [], "slot_values": {}}}], "speaker": "USER", "utterance": "I would like to play the song."}, {"frames": [{"actions": [{"act": "REQUEST", "canonical_values": [], "slot": "song_name", "values": []}], "service": "Music_2", "slots": []}], "speaker": "SYSTEM", "utterance": "What song do you want to play?"}, {"frames": [{"actions": [{"act": "INFORM", "canonical_values": ["High"], "slot": "song_name", "values": ["High"]}], "service": "Music_2", "slots": [{"exclusive_end": 24, "slot": "song_name", "start": 20}], "state": {"active_intent": "PlayMedia", "requested_slots": [], "slot_values": {"song_name": ["High"]}}}], "speaker": "USER", "utterance": "That song's name is High."}, {"frames": [{"actions": [{"act": "CONFIRM", "canonical_values": ["High"], "slot": "song_name", "values": ["High"]}, {"act": "CONFIRM", "canonical_values": ["TV"], "slot": "playback_device", "values": ["TV"]}], "service": "Music_2", "slots": [{"exclusive_end": 44, "slot": "song_name", "start": 40}]}], "speaker": "SYSTEM", "utterance": "Could you confirm that you want to play High on TV?"}, {"frames": [{"actions": [{"act": "AFFIRM", "canonical_values": [], "slot": "", "values": []}], "service": "Music_2", "slots": [], "state": {"active_intent": "PlayMedia", "requested_slots": [], "slot_values": {"playback_device": ["TV"], "song_name": ["High"]}}}], "speaker": "USER", "utterance": "That is right."}, {"frames": [{"actions": [{"act": "NOTIFY_SUCCESS", "canonical_values": [], "slot": "", "values": []}], "service": "Music_2", "service_call": {"method": "PlayMedia", "parameters": {"playback_device": "TV", "song_name": "High"}}, "service_results": [{"album": "Winter Collection", "artist": "Sivik", "genre": "Pop", "playback_device": "TV", "song_name": "High"}], "slots": []}], "speaker": "SYSTEM", "utterance": "I have started playing that song."}, {"frames": [{"actions": [{"act": "REQUEST", "canonical_values": [], "slot": "genre", "values": []}, {"act": "REQUEST", "canonical_values": [], "slot": "album", "values": []}], "service": "Music_2", "slots": [], "state": {"active_intent": "PlayMedia", "requested_slots": ["album", "genre"], "slot_values": {"playback_device": ["TV"], "song_name": ["High"]}}}], "speaker": "USER", "utterance": "What is the genre and album?"}, {"frames": [{"actions": [{"act": "INFORM", "canonical_values": ["Pop"], "slot": "genre", "values": ["pop"]}, {"act": "INFORM", "canonical_values": ["Winter Collection"], "slot": "album", "values": ["winter collection"]}], "service": "Music_2", "slots": [{"exclusive_end": 10, "slot": "genre", "start": 7}, {"exclusive_end": 42, "slot": "album", "start": 25}]}], "speaker": "SYSTEM", "utterance": "It's a pop song from the winter collection."}, {"frames": [{"actions": [{"act": "INFORM_INTENT", "canonical_values": ["FindEvents"], "slot": "intent", "values": ["FindEvents"]}], "service": "Events_1", "slots": [], "state": {"active_intent": "FindEvents", "requested_slots": [], "slot_values": {}}}, {"actions": [{"act": "THANK_YOU", "canonical_values": [], "slot": "", "values": []}], "service": "Music_2", "slots": [], "state": {"active_intent": "PlayMedia", "requested_slots": [], "slot_values": {"playback_device": ["TV"], "song_name": ["High"]}}}], "speaker": "USER", "utterance": "Thanks. I would love to find something interesting to do there."}, {"frames": [{"actions": [{"act": "REQUEST", "canonical_values": [], "slot": "city_of_event", "values": []}, {"act": "REQUEST", "canonical_values": [], "slot": "category", "values": []}], "service": "Events_1", "slots": []}], "speaker": "SYSTEM", "utterance": "Is there a specific city I should look in? Is there a preference on the event category?"}, {"frames": [{"actions": [{"act": "INFORM", "canonical_values": ["Seattle"], "slot": "city_of_event", "values": ["Seattle"]}, {"act": "INFORM", "canonical_values": ["Sports"], "slot": "category", "values": ["Sports"]}], "service": "Events_1", "slots": [{"exclusive_end": 39, "slot": "city_of_event", "start": 32}], "state": {"active_intent": "FindEvents", "requested_slots": [], "slot_values": {"category": ["Sports"], "city_of_event": ["Seattle"]}}}], "speaker": "USER", "utterance": "I want to find something around Seattle. Sports events are cool."}, {"frames": [{"actions": [{"act": "OFFER", "canonical_values": ["Huskies Vs Cougars"], "slot": "event_name", "values": ["Huskies Vs Cougars"]}, {"act": "OFFER", "canonical_values": ["Husky Stadium"], "slot": "event_location", "values": ["Husky Stadium"]}, {"act": "OFFER", "canonical_values": ["2019-03-05"], "slot": "date", "values": ["March 5th"]}, {"act": "OFFER", "canonical_values": ["20:00"], "slot": "time", "values": ["8 pm"]}], "service": "Events_1", "service_call": {"method": "FindEvents", "parameters": {"category": "Sports", "city_of_event": "Seattle"}}, "service_results": [{"address_of_location": "3800 Montlake Boulevard Northeast", "category": "Sports", "city_of_event": "Seattle", "date": "2019-03-05", "event_location": "Husky Stadium", "event_name": "Huskies Vs Cougars", "subcategory": "Basketball", "time": "20:00"}, {"address_of_location": "3800 Montlake Boulevard Northeast", "category": "Sports", "city_of_event": "Seattle", "date": "2019-03-05", "event_location": "Husky Stadium", "event_name": "Huskies Vs Utes", "subcategory": "Basketball", "time": "18:30"}, {"address_of_location": "3800 Montlake Boulevard Northeast", "category": "Sports", "city_of_event": "Seattle", "date": "2019-03-13", "event_location": "Husky Stadium", "event_name": "Huskies Vs Warriors", "subcategory": "Basketball", "time": "18:30"}, {"address_of_location": "1250 1st Avenue South", "category": "Sports", "city_of_event": "Seattle", "date": "2019-03-10", "event_location": "T-Mobile Park", "event_name": "Mariners Vs Angels", "subcategory": "Baseball", "time": "20:30"}, {"address_of_location": "1250 1st Avenue South", "category": "Sports", "city_of_event": "Seattle", "date": "2019-03-05", "event_location": "T-Mobile Park", "event_name": "Mariners Vs Blue Jays", "subcategory": "Baseball", "time": "18:00"}, {"address_of_location": "1250 1st Avenue South", "category": "Sports", "city_of_event": "Seattle", "date": "2019-03-04", "event_location": "T-Mobile Park", "event_name": "Mariners Vs Rangers", "subcategory": "Baseball", "time": "20:00"}, {"address_of_location": "1250 1st Avenue South", "category": "Sports", "city_of_event": "Seattle", "date": "2019-03-12", "event_location": "T-Mobile Park", "event_name": "Mariners Vs Rays", "subcategory": "Baseball", "time": "20:30"}, {"address_of_location": "1250 1st Avenue South", "category": "Sports", "city_of_event": "Seattle", "date": "2019-03-01", "event_location": "T-Mobile Park", "event_name": "Mariners Vs Tigers", "subcategory": "Baseball", "time": "20:00"}, {"address_of_location": "1250 1st Avenue South", "category": "Sports", "city_of_event": "Seattle", "date": "2019-03-06", "event_location": "T-Mobile Park", "event_name": "Mariners Vs White Sox", "subcategory": "Baseball", "time": "20:00"}, {"address_of_location": "800 Occidental Avenue South", "category": "Sports", "city_of_event": "Seattle", "date": "2019-03-01", "event_location": "CenturyLink Field", "event_name": "Seahawks Vs Cardinals", "subcategory": "American Football", "time": "19:00"}], "slots": [{"exclusive_end": 28, "slot": "event_name", "start": 10}, {"exclusive_end": 69, "slot": "event_location", "start": 56}, {"exclusive_end": 82, "slot": "date", "start": 73}, {"exclusive_end": 90, "slot": "time", "start": 86}]}], "speaker": "SYSTEM", "utterance": "How about Huskies Vs Cougars? This event takes place at Husky Stadium on March 5th at 8 pm."}, {"frames": [{"actions": [{"act": "SELECT", "canonical_values": [], "slot": "", "values": []}], "service": "Events_1", "slots": [], "state": {"active_intent": "FindEvents", "requested_slots": [], "slot_values": {"category": ["Sports"], "city_of_event": ["Seattle"], "date": ["March 5th"], "event_name": ["Huskies Vs Cougars"]}}}], "speaker": "USER", "utterance": "Sounds fantastic."}, {"frames": [{"actions": [{"act": "OFFER_INTENT", "canonical_values": ["BuyEventTickets"], "slot": "intent", "values": ["BuyEventTickets"]}], "service": "Events_1", "slots": []}], "speaker": "SYSTEM", "utterance": "Would you like to purchase tickets?"}, {"frames": [{"actions": [{"act": "NEGATE_INTENT", "canonical_values": [], "slot": "", "values": []}], "service": "Events_1", "slots": [], "state": {"active_intent": "NONE", "requested_slots": [], "slot_values": {"category": ["Sports"], "city_of_event": ["Seattle"], "date": ["March 5th"], "event_name": ["Huskies Vs Cougars"]}}}], "speaker": "USER", "utterance": "Not at the moment."}, {"frames": [{"actions": [{"act": "REQ_MORE", "canonical_values": [], "slot": "", "values": []}], "service": "Events_1", "slots": []}], "speaker": "SYSTEM", "utterance": "Would I be able to assist with something else?"}, {"frames": [{"actions": [{"act": "NEGATE", "canonical_values": [], "slot": "", "values": []}, {"act": "THANK_YOU", "canonical_values": [], "slot": "", "values": []}], "service": "Events_1", "slots": [], "state": {"active_intent": "NONE", "requested_slots": [], "slot_values": {"category": ["Sports"], "city_of_event": ["Seattle"], "date": ["March 5th"], "event_name": ["Huskies Vs Cougars"]}}}], "speaker": "USER", "utterance": "No, but thank you for helping."}, {"frames": [{"actions": [{"act": "GOODBYE", "canonical_values": [], "slot": "", "values": []}], "service": "Events_1", "slots": []}], "speaker": "SYSTEM", "utterance": "Have a wonderful day."}]}, {"dialogue_id": "51_00001", "services": ["Music_2", "Events_1"], "turns": [{"frames": [{"actions": [{"act": "INFORM_INTENT", "canonical_values": ["PlayMedia"], "slot": "intent", "values": ["PlayMedia"]}], "service": "Music_2", "slots": [], "state": {"active_intent": "PlayMedia", "requested_slots": [], "slot_values": {}}}], "speaker": "USER", "utterance": "I would like to listen to a song."}, {"frames": [{"actions": [{"act": "REQUEST", "canonical_values": [], "slot": "song_name", "values": []}], "service": "Music_2", "slots": []}], "speaker": "SYSTEM", "utterance": "Which song did you have in mind?"}, {"frames": [{"actions": [{"act": "INFORM", "canonical_values": ["Tangled Up"], "slot": "song_name", "values": ["Tangled Up"]}, {"act": "INFORM", "canonical_values": ["Caro Emerald"], "slot": "artist", "values": ["Caro Emerald"]}], "service": "Music_2", "slots": [{"exclusive_end": 47, "slot": "song_name", "start": 37}, {"exclusive_end": 19, "slot": "artist", "start": 7}], "state": {"active_intent": "PlayMedia", "requested_slots": [], "slot_values": {"artist": ["Caro Emerald"], "song_name": ["Tangled Up"]}}}], "speaker": "USER", "utterance": "I like Caro Emerald songs, ones like Tangled Up."}, {"frames": [{"actions": [{"act": "CONFIRM", "canonical_values": ["Tangled Up"], "slot": "song_name", "values": ["Tangled Up"]}, {"act": "CONFIRM", "canonical_values": ["TV"], "slot": "playback_device", "values": ["TV"]}], "service": "Music_2", "slots": [{"exclusive_end": 33, "slot": "song_name", "start": 23}]}], "speaker": "SYSTEM", "utterance": "Confirming playback of Tangled Up on TV."}, {"frames": [{"actions": [{"act": "REQUEST", "canonical_values": [], "slot": "album", "values": []}, {"act": "AFFIRM", "canonical_values": [], "slot": "", "values": []}], "service": "Music_2", "slots": [], "state": {"active_intent": "PlayMedia", "requested_slots": ["album"], "slot_values": {"artist": ["Caro Emerald"], "playback_device": ["TV"], "song_name": ["Tangled Up"]}}}], "speaker": "USER", "utterance": "Sounds good. What album is that from?"}, {"frames": [{"actions": [{"act": "INFORM", "canonical_values": ["The Shocking Miss Emerald"], "slot": "album", "values": ["The Shocking Miss Emerald"]}, {"act": "NOTIFY_SUCCESS", "canonical_values": [], "slot": "", "values": []}], "service": "Music_2", "service_call": {"method": "PlayMedia", "parameters": {"artist": "Caro Emerald", "playback_device": "TV", "song_name": "Tangled Up"}}, "service_results": [{"album": "The Shocking Miss Emerald", "artist": "Caro Emerald", "genre": "Pop", "playback_device": "TV", "song_name": "Tangled Up"}], "slots": [{"exclusive_end": 42, "slot": "album", "start": 17}]}], "speaker": "SYSTEM", "utterance": "The song is from The Shocking Miss Emerald album and it has started playing."}, {"frames": [{"actions": [{"act": "THANK_YOU", "canonical_values": [], "slot": "", "values": []}], "service": "Music_2", "slots": [], "state": {"active_intent": "PlayMedia", "requested_slots": [], "slot_values": {"artist": ["Caro Emerald"], "playback_device": ["TV"], "song_name": ["Tangled Up"]}}}], "speaker": "USER", "utterance": "Great, thank you."}, {"frames": [{"actions": [{"act": "REQ_MORE", "canonical_values": [], "slot": "", "values": []}], "service": "Music_2", "slots": []}], "speaker": "SYSTEM", "utterance": "How else may I help you?"}, {"frames": [{"actions": [{"act": "INFORM_INTENT", "canonical_values": ["FindEvents"], "slot": "intent", "values": ["FindEvents"]}], "service": "Events_1", "slots": [], "state": {"active_intent": "FindEvents", "requested_slots": [], "slot_values": {}}}], "speaker": "USER", "utterance": "I'd like to find an interesting event please."}, {"frames": [{"actions": [{"act": "REQUEST", "canonical_values": [], "slot": "city_of_event", "values": []}], "service": "Events_1", "slots": []}], "speaker": "SYSTEM", "utterance": "In what city?"}, {"frames": [{"actions": [{"act": "INFORM", "canonical_values": ["New York"], "slot": "city_of_event", "values": ["New York City"]}], "service": "Events_1", "slots": [{"exclusive_end": 26, "slot": "city_of_event", "start": 13}], "state": {"active_intent": "FindEvents", "requested_slots": [], "slot_values": {"city_of_event": ["New York City"]}}}], "speaker": "USER", "utterance": "Something in New York City, I think."}, {"frames": [{"actions": [{"act": "REQUEST", "canonical_values": ["Music", "Sports"], "slot": "category", "values": ["Music", "Sports"]}], "service": "Events_1", "slots": []}], "speaker": "SYSTEM", "utterance": "Would you like a Music or Sports event, or something else?"}, {"frames": [{"actions": [{"act": "INFORM", "canonical_values": ["Music"], "slot": "category", "values": ["Music"]}, {"act": "INFORM", "canonical_values": ["Hip Hop"], "slot": "subcategory", "values": ["Hip Hop"]}], "service": "Events_1", "slots": [{"exclusive_end": 14, "slot": "subcategory", "start": 7}], "state": {"active_intent": "FindEvents", "requested_slots": [], "slot_values": {"category": ["Music"], "city_of_event": ["New York City"], "subcategory": ["Hip Hop"]}}}], "speaker": "USER", "utterance": "I like Hip Hop concert events."}, {"frames": [{"actions": [{"act": "OFFER", "canonical_values": ["Blackbear"], "slot": "event_name", "values": ["Blackbear"]}, {"act": "OFFER", "canonical_values": ["Pier 17"], "slot": "event_location", "values": ["Pier 17"]}, {"act": "OFFER", "canonical_values": ["2019-03-09"], "slot": "date", "values": ["March 9th"]}, {"act": "OFFER", "canonical_values": ["18:30"], "slot": "time", "values": ["6:30 pm"]}, {"act": "INFORM_COUNT", "canonical_values": ["3"], "slot": "count", "values": ["3"]}], "service": "Events_1", "service_call": {"method": "FindEvents", "parameters": {"category": "Music", "city_of_event": "New York", "subcategory": "Hip Hop"}}, "service_results": [{"address_of_location": "89 South Street", "category": "Music", "city_of_event": "New York", "date": "2019-03-09", "event_location": "Pier 17", "event_name": "Blackbear", "subcategory": "Hip Hop", "time": "18:30"}, {"address_of_location": "52-19 Flushing Avenue, Maspeth", "category": "Music", "city_of_event": "New York", "date": "2019-03-05", "event_location": "Knockdown Center", "event_name": "Blowout Music Festival", "subcategory": "Hip Hop", "time": "18:00"}, {"address_of_location": "235 West 46th Street", "category": "Music", "city_of_event": "New York", "date": "2019-03-01", "event_location": "Sony Hall", "event_name": "Westside Gunn", "subcategory": "Hip Hop", "time": "19:00"}], "slots": [{"exclusive_end": 65, "slot": "event_name", "start": 56}, {"exclusive_end": 87, "slot": "event_location", "start": 80}, {"exclusive_end": 43, "slot": "date", "start": 34}, {"exclusive_end": 54, "slot": "time", "start": 47}]}], "speaker": "SYSTEM", "utterance": "I have 3 shows you might like. On March 9th at 6:30 pm, Blackbear is playing at Pier 17."}, {"frames": [{"actions": [{"act": "REQUEST", "canonical_values": [], "slot": "address_of_location", "values": []}], "service": "Events_1", "slots": [], "state": {"active_intent": "FindEvents", "requested_slots": ["address_of_location"], "slot_values": {"category": ["Music"], "city_of_event": ["New York City"], "subcategory": ["Hip Hop"]}}}], "speaker": "USER", "utterance": "Where is that located?"}, {"frames": [{"actions": [{"act": "INFORM", "canonical_values": ["89 South Street"], "slot": "address_of_location", "values": ["89 South Street"]}], "service": "Events_1", "slots": [{"exclusive_end": 18, "slot": "address_of_location", "start": 3}]}], "speaker": "SYSTEM", "utterance": "At 89 South Street."}, {"frames": [{"actions": [{"act": "SELECT", "canonical_values": [], "slot": "", "values": []}], "service": "Events_1", "slots": [], "state": {"active_intent": "FindEvents", "requested_slots": [], "slot_values": {"category": ["Music"], "city_of_event": ["New York City"], "date": ["March 9th"], "event_name": ["Blackbear"], "subcategory": ["Hip Hop"]}}}], "speaker": "USER", "utterance": "That will work."}, {"frames": [{"actions": [{"act": "OFFER_INTENT", "canonical_values": ["BuyEventTickets"], "slot": "intent", "values": ["BuyEventTickets"]}], "service": "Events_1", "slots": []}], "speaker": "SYSTEM", "utterance": "Shall I buy tickets now?"}, {"frames": [{"actions": [{"act": "NEGATE_INTENT", "canonical_values": [], "slot": "", "values": []}, {"act": "GOODBYE", "canonical_values": [], "slot": "", "values": []}], "service": "Events_1", "slots": [], "state": {"active_intent": "NONE", "requested_slots": [], "slot_values": {"category": ["Music"], "city_of_event": ["New York City"], "date": ["March 9th"], "event_name": ["Blackbear"], "subcategory": ["Hip Hop"]}}}], "speaker": "USER", "utterance": "Not just yet. I'm all set for now."}, {"frames": [{"actions": [{"act": "GOODBYE", "canonical_values": [], "slot": "", "values": []}], "service": "Events_1", "slots": []}], "speaker": "SYSTEM", "utterance": "Thank you very much."}]}, {"dialogue_id": "51_00002", "services": ["Music_2", "Events_1"], "turns": [{"frames": [{"actions": [{"act": "INFORM_INTENT", "canonical_values": ["PlayMedia"], "slot": "intent", "values": ["PlayMedia"]}], "service": "Music_2", "slots": [], "state": {"active_intent": "PlayMedia", "requested_slots": [], "slot_values": {}}}], "speaker": "USER", "utterance": "I'd like to play the song."}, {"frames": [{"actions": [{"act": "REQUEST", "canonical_values": [], "slot": "song_name", "values": []}], "service": "Music_2", "slots": []}], "speaker": "SYSTEM", "utterance": "Which song did you wish to play?"}, {"frames": [{"actions": [{"act": "INFORM", "canonical_values": ["Superficial Love"], "slot": "song_name", "values": ["Superficial Love"]}], "service": "Music_2", "slots": [{"exclusive_end": 33, "slot": "song_name", "start": 17}], "state": {"active_intent": "PlayMedia", "requested_slots": [], "slot_values": {"song_name": ["Superficial Love"]}}}], "speaker": "USER", "utterance": "I'd like to play Superficial Love."}, {"frames": [{"actions": [{"act": "CONFIRM", "canonical_values": ["Superficial Love"], "slot": "song_name", "values": ["Superficial Love"]}, {"act": "CONFIRM", "canonical_values": ["TV"], "slot": "playback_device", "values": ["TV"]}], "service": "Music_2", "slots": [{"exclusive_end": 46, "slot": "song_name", "start": 30}]}], "speaker": "SYSTEM", "utterance": "Please confirm you're playing Superficial Love on TV."}, {"frames": [{"actions": [{"act": "REQUEST", "canonical_values": [], "slot": "album", "values": []}, {"act": "AFFIRM", "canonical_values": [], "slot": "", "values": []}], "service": "Music_2", "slots": [], "state": {"active_intent": "PlayMedia", "requested_slots": ["album"], "slot_values": {"playback_device": ["TV"], "song_name": ["Superficial Love"]}}}], "speaker": "USER", "utterance": "Yes, that sounds good. What is the album of the song?"}, {"frames": [{"actions": [{"act": "INFORM", "canonical_values": ["Safe Haven"], "slot": "album", "values": ["Safe Haven"]}, {"act": "NOTIFY_SUCCESS", "canonical_values": [], "slot": "", "values": []}], "service": "Music_2", "service_call": {"method": "PlayMedia", "parameters": {"playback_device": "TV", "song_name": "Superficial Love"}}, "service_results": [{"album": "Safe Haven", "artist": "Ruth B", "genre": "Pop", "playback_device": "TV", "song_name": "Superficial Love"}], "slots": [{"exclusive_end": 56, "slot": "album", "start": 46}]}], "speaker": "SYSTEM", "utterance": "The song is now playing. It is from the album Safe Haven."}, {"frames": [{"actions": [{"act": "REQUEST", "canonical_values": [], "slot": "genre", "values": []}], "service": "Music_2", "slots": [], "state": {"active_intent": "PlayMedia", "requested_slots": ["genre"], "slot_values": {"playback_device": ["TV"], "song_name": ["Superficial Love"]}}}], "speaker": "USER", "utterance": "What is the genre of the song?"}, {"frames": [{"actions": [{"act": "INFORM", "canonical_values": ["Pop"], "slot": "genre", "values": ["Pop"]}], "service": "Music_2", "slots": [{"exclusive_end": 17, "slot": "genre", "start": 14}]}], "speaker": "SYSTEM", "utterance": "The song is a Pop song."}, {"frames": [{"actions": [{"act": "INFORM", "canonical_values": ["Sports"], "slot": "category", "values": ["Sports"]}, {"act": "INFORM", "canonical_values": ["Baseball"], "slot": "subcategory", "values": ["Baseball"]}, {"act": "INFORM_INTENT", "canonical_values": ["FindEvents"], "slot": "intent", "values": ["FindEvents"]}], "service": "Events_1", "slots": [{"exclusive_end": 109, "slot": "subcategory", "start": 101}], "state": {"active_intent": "FindEvents", "requested_slots": [], "slot_values": {"category": ["Sports"], "subcategory": ["Baseball"]}}}, {"actions": [{"act": "THANK_YOU", "canonical_values": [], "slot": "", "values": []}], "service": "Music_2", "slots": [], "state": {"active_intent": "PlayMedia", "requested_slots": [], "slot_values": {"playback_device": ["TV"], "song_name": ["Superficial Love"]}}}], "speaker": "USER", "utterance": "Thank you. I'd like to find something interesting to do there. I like Games events and I really like Baseball."}, {"frames": [{"actions": [{"act": "REQUEST", "canonical_values": [], "slot": "city_of_event", "values": []}], "service": "Events_1", "slots": []}], "speaker": "SYSTEM", "utterance": "Was there a particular city I should look in?"}, {"frames": [{"actions": [{"act": "INFORM", "canonical_values": ["Anaheim"], "slot": "city_of_event", "values": ["Anaheim, CA"]}], "service": "Events_1", "slots": [{"exclusive_end": 45, "slot": "city_of_event", "start": 34}], "state": {"active_intent": "FindEvents", "requested_slots": [], "slot_values": {"category": ["Sports"], "city_of_event": ["Anaheim, CA"], "subcategory": ["Baseball"]}}}], "speaker": "USER", "utterance": "I'd like to find something around Anaheim, CA."}, {"frames": [{"actions": [{"act": "OFFER", "canonical_values": ["Angels Vs Astros"], "slot": "event_name", "values": ["Angels vs Astros"]}, {"act": "OFFER", "canonical_values": ["Angel Stadium of Anaheim"], "slot": "event_location", "values": ["Angel Stadium of Anaheim"]}, {"act": "OFFER", "canonical_values": ["2019-03-06"], "slot": "date", "values": ["March 6th"]}, {"act": "OFFER", "canonical_values": ["19:30"], "slot": "time", "values": ["7:30 pm"]}, {"act": "INFORM_COUNT", "canonical_values": ["7"], "slot": "count", "values": ["7"]}], "service": "Events_1", "service_call": {"method": "FindEvents", "parameters": {"category": "Sports", "city_of_event": "Anaheim", "subcategory": "Baseball"}}, "service_results": [{"address_of_location": "2000 East Gene Autry Way", "category": "Sports", "city_of_event": "Anaheim", "date": "2019-03-06", "event_location": "Angel Stadium of Anaheim", "event_name": "Angels Vs Astros", "subcategory": "Baseball", "time": "19:30"}, {"address_of_location": "2000 East Gene Autry Way", "category": "Sports", "city_of_event": "Anaheim", "date": "2019-03-06", "event_location": "Angel Stadium of Anaheim", "event_name": "Angels Vs Mariners", "subcategory": "Baseball", "time": "20:00"}, {"address_of_location": "2000 East Gene Autry Way", "category": "Sports", "city_of_event": "Anaheim", "date": "2019-03-14", "event_location": "Angel Stadium of Anaheim", "event_name": "Angels Vs Orioles", "subcategory": "Baseball", "time": "20:30"}, {"address_of_location": "2000 East Gene Autry Way", "category": "Sports", "city_of_event": "Anaheim", "date": "2019-03-09", "event_location": "Angel Stadium of Anaheim", "event_name": "Angels Vs Red Sox", "subcategory": "Baseball", "time": "19:30"}, {"address_of_location": "2000 East Gene Autry Way", "category": "Sports", "city_of_event": "Anaheim", "date": "2019-03-09", "event_location": "Angel Stadium of Anaheim", "event_name": "Angels Vs Tigers", "subcategory": "Baseball", "time": "19:30"}, {"address_of_location": "2000 East Gene Autry Way", "category": "Sports", "city_of_event": "Anaheim", "date": "2019-03-13", "event_location": "Angel Stadium of Anaheim", "event_name": "Angels Vs White Sox", "subcategory": "Baseball", "time": "19:00"}, {"address_of_location": "2000 East Gene Autry Way", "category": "Sports", "city_of_event": "Anaheim", "date": "2019-03-05", "event_location": "Angel Stadium of Anaheim", "event_name": "La Angels Vs Houston", "subcategory": "Baseball", "time": "19:30"}], "slots": [{"exclusive_end": 68, "slot": "event_name", "start": 52}, {"exclusive_end": 96, "slot": "event_location", "start": 72}, {"exclusive_end": 109, "slot": "date", "start": 100}, {"exclusive_end": 120, "slot": "time", "start": 113}]}], "speaker": "SYSTEM", "utterance": "I found 7 events for you. One very popular event is Angels vs Astros at Angel Stadium of Anaheim on March 6th at 7:30 pm."}, {"frames": [{"actions": [{"act": "REQUEST", "canonical_values": [], "slot": "address_of_location", "values": []}], "service": "Events_1", "slots": [], "state": {"active_intent": "FindEvents", "requested_slots": ["address_of_location"], "slot_values": {"category": ["Sports"], "city_of_event": ["Anaheim, CA"], "subcategory": ["Baseball"]}}}], "speaker": "USER", "utterance": "Where is the venue located?"}, {"frames": [{"actions": [{"act": "INFORM", "canonical_values": ["2000 East Gene Autry Way"], "slot": "address_of_location", "values": ["2000 East Gene Autry Way"]}], "service": "Events_1", "slots": [{"exclusive_end": 39, "slot": "address_of_location", "start": 15}]}], "speaker": "SYSTEM", "utterance": "The address is 2000 East Gene Autry Way."}, {"frames": [{"actions": [{"act": "SELECT", "canonical_values": [], "slot": "", "values": []}], "service": "Events_1", "slots": [], "state": {"active_intent": "FindEvents", "requested_slots": [], "slot_values": {"category": ["Sports"], "city_of_event": ["Anaheim, CA"], "date": ["March 6th"], "event_name": ["Angels vs Astros"], "subcategory": ["Baseball"]}}}], "speaker": "USER", "utterance": "Sure, that sounds good."}, {"frames": [{"actions": [{"act": "OFFER_INTENT", "canonical_values": ["BuyEventTickets"], "slot": "intent", "values": ["BuyEventTickets"]}], "service": "Events_1", "slots": []}], "speaker": "SYSTEM", "utterance": "Did you want to buy tickets for this event?"}, {"frames": [{"actions": [{"act": "NEGATE_INTENT", "canonical_values": [], "slot": "", "values": []}], "service": "Events_1", "slots": [], "state": {"active_intent": "NONE", "requested_slots": [], "slot_values": {"category": ["Sports"], "city_of_event": ["Anaheim, CA"], "date": ["March 6th"], "event_name": ["Angels vs Astros"], "subcategory": ["Baseball"]}}}], "speaker": "USER", "utterance": "No, I did not want to do that right now."}, {"frames": [{"actions": [{"act": "REQ_MORE", "canonical_values": [], "slot": "", "values": []}], "service": "Events_1", "slots": []}], "speaker": "SYSTEM", "utterance": "Did you need help with anything else today?"}, {"frames": [{"actions": [{"act": "NEGATE", "canonical_values": [], "slot": "", "values": []}, {"act": "THANK_YOU", "canonical_values": [], "slot": "", "values": []}], "service": "Events_1", "slots": [], "state": {"active_intent": "NONE", "requested_slots": [], "slot_values": {"category": ["Sports"], "city_of_event": ["Anaheim, CA"], "date": ["March 6th"], "event_name": ["Angels vs Astros"], "subcategory": ["Baseball"]}}}], "speaker": "USER", "utterance": "No, but thank you."}, {"frames": [{"actions": [{"act": "GOODBYE", "canonical_values": [], "slot": "", "values": []}], "service": "Events_1", "slots": []}], "speaker": "SYSTEM", "utterance": "Have a wonderful day."}]}, {"dialogue_id": "51_00003", "services": ["Music_2", "Events_1"], "turns": [{"frames": [{"actions": [{"act": "INFORM_INTENT", "canonical_values": ["PlayMedia"], "slot": "intent", "values": ["PlayMedia"]}], "service": "Music_2", "slots": [], "state": {"active_intent": "PlayMedia", "requested_slots": [], "slot_values": {}}}], "speaker": "USER", "utterance": "I want a particular song on."}, {"frames": [{"actions": [{"act": "REQUEST", "canonical_values": [], "slot": "song_name", "values": []}], "service": "Music_2", "slots": []}], "speaker": "SYSTEM", "utterance": "Which song is that?"}, {"frames": [{"actions": [{"act": "INFORM", "canonical_values": ["Keep It Mello"], "slot": "song_name", "values": ["Keep It Mello"]}], "service": "Music_2", "slots": [{"exclusive_end": 24, "slot": "song_name", "start": 11}], "state": {"active_intent": "PlayMedia", "requested_slots": [], "slot_values": {"song_name": ["Keep It Mello"]}}}], "speaker": "USER", "utterance": "Its called Keep It Mello."}, {"frames": [{"actions": [{"act": "CONFIRM", "canonical_values": ["Keep It Mello"], "slot": "song_name", "values": ["Keep it Mello"]}, {"act": "CONFIRM", "canonical_values": ["TV"], "slot": "playback_device", "values": ["TV"]}], "service": "Music_2", "slots": [{"exclusive_end": 36, "slot": "song_name", "start": 23}]}], "speaker": "SYSTEM", "utterance": "To confirm I will play Keep it Mello on TV."}, {"frames": [{"actions": [{"act": "REQUEST", "canonical_values": [], "slot": "artist", "values": []}, {"act": "REQUEST", "canonical_values": [], "slot": "genre", "values": []}, {"act": "AFFIRM", "canonical_values": [], "slot": "", "values": []}], "service": "Music_2", "slots": [], "state": {"active_intent": "PlayMedia", "requested_slots": ["artist", "genre"], "slot_values": {"playback_device": ["TV"], "song_name": ["Keep It Mello", "Keep it Mello"]}}}], "speaker": "USER", "utterance": "Yes please. Do you know the genre and singer?"}, {"frames": [{"actions": [{"act": "INFORM", "canonical_values": ["House"], "slot": "genre", "values": ["house"]}, {"act": "INFORM", "canonical_values": ["Marshmello"], "slot": "artist", "values": ["Marshmello"]}, {"act": "NOTIFY_SUCCESS", "canonical_values": [], "slot": "", "values": []}], "service": "Music_2", "service_call": {"method": "PlayMedia", "parameters": {"playback_device": "TV", "song_name": "Keep It Mello"}}, "service_results": [{"album": "Joytime", "artist": "Marshmello", "genre": "House", "playback_device": "TV", "song_name": "Keep It Mello"}], "slots": [{"exclusive_end": 42, "slot": "genre", "start": 37}, {"exclusive_end": 61, "slot": "artist", "start": 51}]}], "speaker": "SYSTEM", "utterance": "The song has started and yes it is a house song by Marshmello."}, {"frames": [{"actions": [{"act": "INFORM", "canonical_values": ["Music"], "slot": "category", "values": ["Music"]}, {"act": "INFORM_INTENT", "canonical_values": ["FindEvents"], "slot": "intent", "values": ["FindEvents"]}], "service": "Events_1", "slots": [], "state": {"active_intent": "FindEvents", "requested_slots": [], "slot_values": {"category": ["Music"]}}}, {"actions": [{"act": "THANK_YOU", "canonical_values": [], "slot": "", "values": []}], "service": "Music_2", "slots": [], "state": {"active_intent": "PlayMedia", "requested_slots": [], "slot_values": {"playback_device": ["TV"], "song_name": ["Keep It Mello", "Keep it Mello"]}}}], "speaker": "USER", "utterance": "Thanks. Could you also help me find an activity, I do like Concert events."}, {"frames": [{"actions": [{"act": "REQUEST", "canonical_values": [], "slot": "city_of_event", "values": []}], "service": "Events_1", "slots": []}], "speaker": "SYSTEM", "utterance": "Which city are you thinking?"}, {"frames": [{"actions": [{"act": "INFORM", "canonical_values": ["New York"], "slot": "city_of_event", "values": ["NY"]}], "service": "Events_1", "slots": [{"exclusive_end": 2, "slot": "city_of_event", "start": 0}], "state": {"active_intent": "FindEvents", "requested_slots": [], "slot_values": {"category": ["Music"], "city_of_event": ["NY"]}}}], "speaker": "USER", "utterance": "NY city please."}, {"frames": [{"actions": [{"act": "OFFER", "canonical_values": ["Amber Run Brooklyn"], "slot": "event_name", "values": ["Amber Run Brooklyn"]}, {"act": "OFFER", "canonical_values": ["Warsaw"], "slot": "event_location", "values": ["Warsaw"]}, {"act": "OFFER", "canonical_values": ["2019-03-14"], "slot": "date", "values": ["March 14th"]}, {"act": "OFFER", "canonical_values": ["18:00"], "slot": "time", "values": ["6 pm"]}], "service": "Events_1", "service_call": {"method": "FindEvents", "parameters": {"category": "Music", "city_of_event": "New York"}}, "service_results": [{"address_of_location": "261 Driggs Avenue, Brooklyn", "category": "Music", "city_of_event": "New York", "date": "2019-03-14", "event_location": "Warsaw", "event_name": "Amber Run Brooklyn", "subcategory": "Pop", "time": "18:00"}, {"address_of_location": "56-15 Northern Boulevard, Woodside", "category": "Music", "city_of_event": "New York", "date": "2019-03-06", "event_location": "La Boom", "event_name": "Americo", "subcategory": "International", "time": "18:30"}, {"address_of_location": "89 South Street", "category": "Music", "city_of_event": "New York", "date": "2019-03-09", "event_location": "Pier 17", "event_name": "Ben Harper", "subcategory": "Blues", "time": "18:00"}, {"address_of_location": "89 South Street", "category": "Music", "city_of_event": "New York", "date": "2019-03-09", "event_location": "Pier 17", "event_name": "Blackbear", "subcategory": "Hip Hop", "time": "18:30"}, {"address_of_location": "52-19 Flushing Avenue, Maspeth", "category": "Music", "city_of_event": "New York", "date": "2019-03-05", "event_location": "Knockdown Center", "event_name": "Blowout Music Festival", "subcategory": "Hip Hop", "time": "18:00"}, {"address_of_location": "235 West 46th Street", "category": "Music", "city_of_event": "New York", "date": "2019-03-10", "event_location": "Sony Hall", "event_name": "Buddy Guy", "subcategory": "Blues", "time": "19:30"}, {"address_of_location": "1 Tennis Place, Forest Hills", "category": "Music", "city_of_event": "New York", "date": "2019-03-11", "event_location": "Forest Hills Stadium", "event_name": "Chemical Brothers", "subcategory": "Rock", "time": "20:00"}, {"address_of_location": "235 West 46th Street", "category": "Music", "city_of_event": "New York", "date": "2019-03-02", "event_location": "Sony Hall", "event_name": "Chris Botti", "subcategory": "Jazz", "time": "19:30"}, {"address_of_location": "64 North 9th Street, Brooklyn", "category": "Music", "city_of_event": "New York", "date": "2019-03-06", "event_location": "Rough Trade NYC", "event_name": "Crooked Colours", "subcategory": "Electronica", "time": "18:30"}, {"address_of_location": "3608 33rd Street", "category": "Music", "city_of_event": "New York", "date": "2019-03-06", "event_location": "Melrose Ballroom", "event_name": "Esscalation Music Festival", "subcategory": "Electronica", "time": "18:00"}], "slots": [{"exclusive_end": 18, "slot": "event_name", "start": 0}, {"exclusive_end": 52, "slot": "event_location", "start": 46}, {"exclusive_end": 66, "slot": "date", "start": 56}, {"exclusive_end": 74, "slot": "time", "start": 70}]}], "speaker": "SYSTEM", "utterance": "Amber Run Brooklyn is well known and is on at Warsaw on March 14th at 6 pm."}, {"frames": [{"actions": [{"act": "REQUEST", "canonical_values": [], "slot": "subcategory", "values": []}, {"act": "REQUEST", "canonical_values": [], "slot": "address_of_location", "values": []}], "service": "Events_1", "slots": [], "state": {"active_intent": "FindEvents", "requested_slots": ["address_of_location", "subcategory"], "slot_values": {"category": ["Music"], "city_of_event": ["NY"]}}}], "speaker": "USER", "utterance": "Where is that and what type of event is it?"}, {"frames": [{"actions": [{"act": "INFORM", "canonical_values": ["Pop"], "slot": "subcategory", "values": ["pop"]}, {"act": "INFORM", "canonical_values": ["261 Driggs Avenue, Brooklyn"], "slot": "address_of_location", "values": ["261 Driggs AVenue, Brooklyn"]}], "service": "Events_1", "slots": [{"exclusive_end": 11, "slot": "subcategory", "start": 8}, {"exclusive_end": 48, "slot": "address_of_location", "start": 21}]}], "speaker": "SYSTEM", "utterance": "It is a pop event at 261 Driggs AVenue, Brooklyn."}, {"frames": [{"actions": [{"act": "SELECT", "canonical_values": [], "slot": "", "values": []}, {"act": "GOODBYE", "canonical_values": [], "slot": "", "values": []}], "service": "Events_1", "slots": [], "state": {"active_intent": "FindEvents", "requested_slots": [], "slot_values": {"category": ["Music"], "city_of_event": ["NY"], "date": ["March 14th"], "event_name": ["Amber Run Brooklyn"]}}}], "speaker": "USER", "utterance": "That sounds perfect thanks that is everything for now."}, {"frames": [{"actions": [{"act": "GOODBYE", "canonical_values": [], "slot": "", "values": []}], "service": "Events_1", "slots": []}], "speaker": "SYSTEM", "utterance": "Have a lovely day."}]}, {"dialogue_id": "51_00004", "services": ["Music_2", "Events_1"], "turns": [{"frames": [{"actions": [{"act": "INFORM_INTENT", "canonical_values": ["PlayMedia"], "slot": "intent", "values": ["PlayMedia"]}], "service": "Music_2", "slots": [], "state": {"active_intent": "PlayMedia", "requested_slots": [], "slot_values": {}}}], "speaker": "USER", "utterance": "I want to play a song."}, {"frames": [{"actions": [{"act": "REQUEST", "canonical_values": [], "slot": "song_name", "values": []}], "service": "Music_2", "slots": []}], "speaker": "SYSTEM", "utterance": "What song?"}, {"frames": [{"actions": [{"act": "INFORM", "canonical_values": ["If You Met Me First"], "slot": "song_name", "values": ["If You Met Me First"]}, {"act": "INFORM", "canonical_values": ["TV"], "slot": "playback_device", "values": ["TV"]}], "service": "Music_2", "slots": [{"exclusive_end": 19, "slot": "song_name", "start": 0}], "state": {"active_intent": "PlayMedia", "requested_slots": [], "slot_values": {"playback_device": ["TV"], "song_name": ["If You Met Me First"]}}}], "speaker": "USER", "utterance": "If You Met Me First. Play it on the television."}, {"frames": [{"actions": [{"act": "CONFIRM", "canonical_values": ["If You Met Me First"], "slot": "song_name", "values": ["If You Met Me First"]}, {"act": "CONFIRM", "canonical_values": ["TV"], "slot": "playback_device", "values": ["TV"]}], "service": "Music_2", "slots": [{"exclusive_end": 43, "slot": "song_name", "start": 24}]}], "speaker": "SYSTEM", "utterance": "Please confirm, playing If You Met Me First on the TV."}, {"frames": [{"actions": [{"act": "AFFIRM", "canonical_values": [], "slot": "", "values": []}], "service": "Music_2", "slots": [], "state": {"active_intent": "PlayMedia", "requested_slots": [], "slot_values": {"playback_device": ["TV"], "song_name": ["If You Met Me First"]}}}], "speaker": "USER", "utterance": "Yes, that is correct."}, {"frames": [{"actions": [{"act": "NOTIFY_SUCCESS", "canonical_values": [], "slot": "", "values": []}], "service": "Music_2", "service_call": {"method": "PlayMedia", "parameters": {"playback_device": "TV", "song_name": "If You Met Me First"}}, "service_results": [{"album": "Eric Ethridge", "artist": "Eric Ethridge", "genre": "Country", "playback_device": "TV", "song_name": "If You Met Me First"}], "slots": []}], "speaker": "SYSTEM", "utterance": "Plays song."}, {"frames": [{"actions": [{"act": "REQUEST", "canonical_values": [], "slot": "album", "values": []}, {"act": "REQUEST", "canonical_values": [], "slot": "artist", "values": []}], "service": "Music_2", "slots": [], "state": {"active_intent": "PlayMedia", "requested_slots": ["album", "artist"], "slot_values": {"playback_device": ["TV"], "song_name": ["If You Met Me First"]}}}], "speaker": "USER", "utterance": "What is the album? Who is the vocalist?"}, {"frames": [{"actions": [{"act": "INFORM", "canonical_values": ["Eric Ethridge"], "slot": "album", "values": ["Eric Ethridge"]}, {"act": "INFORM", "canonical_values": ["Eric Ethridge"], "slot": "artist", "values": ["Eric Ethridge"]}], "service": "Music_2", "slots": [{"exclusive_end": 49, "slot": "album", "start": 36}, {"exclusive_end": 63, "slot": "artist", "start": 50}]}], "speaker": "SYSTEM", "utterance": "The vocalist and the album are both Eric Ethridge.Eric Ethridge."}, {"frames": [{"actions": [{"act": "INFORM_INTENT", "canonical_values": ["FindEvents"], "slot": "intent", "values": ["FindEvents"]}], "service": "Events_1", "slots": [], "state": {"active_intent": "FindEvents", "requested_slots": [], "slot_values": {}}}, {"actions": [{"act": "THANK_YOU", "canonical_values": [], "slot": "", "values": []}], "service": "Music_2", "slots": [], "state": {"active_intent": "PlayMedia", "requested_slots": [], "slot_values": {"playback_device": ["TV"], "song_name": ["If You Met Me First"]}}}], "speaker": "USER", "utterance": "I want to find something to do."}, {"frames": [{"actions": [{"act": "REQUEST", "canonical_values": [], "slot": "category", "values": []}], "service": "Events_1", "slots": []}], "speaker": "SYSTEM", "utterance": "What kind of event?"}, {"frames": [{"actions": [{"act": "INFORM", "canonical_values": ["Music"], "slot": "category", "values": ["Music"]}], "service": "Events_1", "slots": [], "state": {"active_intent": "FindEvents", "requested_slots": [], "slot_values": {"category": ["Music"]}}}], "speaker": "USER", "utterance": "I want to go to a concert."}, {"frames": [{"actions": [{"act": "REQUEST", "canonical_values": [], "slot": "city_of_event", "values": []}], "service": "Events_1", "slots": []}], "speaker": "SYSTEM", "utterance": "What city?"}, {"frames": [{"actions": [{"act": "INFORM", "canonical_values": ["New York"], "slot": "city_of_event", "values": ["NY"]}], "service": "Events_1", "slots": [{"exclusive_end": 2, "slot": "city_of_event", "start": 0}], "state": {"active_intent": "FindEvents", "requested_slots": [], "slot_values": {"category": ["Music"], "city_of_event": ["NY"]}}}], "speaker": "USER", "utterance": "NY."}, {"frames": [{"actions": [{"act": "OFFER", "canonical_values": ["Amber Run Brooklyn"], "slot": "event_name", "values": ["Amber Run Brooklyn"]}, {"act": "OFFER", "canonical_values": ["Warsaw"], "slot": "event_location", "values": ["Warsaw"]}, {"act": "OFFER", "canonical_values": ["2019-03-14"], "slot": "date", "values": ["March 14th"]}, {"act": "OFFER", "canonical_values": ["18:00"], "slot": "time", "values": ["6 pm"]}], "service": "Events_1", "service_call": {"method": "FindEvents", "parameters": {"category": "Music", "city_of_event": "New York"}}, "service_results": [{"address_of_location": "261 Driggs Avenue, Brooklyn", "category": "Music", "city_of_event": "New York", "date": "2019-03-14", "event_location": "Warsaw", "event_name": "Amber Run Brooklyn", "subcategory": "Pop", "time": "18:00"}, {"address_of_location": "56-15 Northern Boulevard, Woodside", "category": "Music", "city_of_event": "New York", "date": "2019-03-06", "event_location": "La Boom", "event_name": "Americo", "subcategory": "International", "time": "18:30"}, {"address_of_location": "89 South Street", "category": "Music", "city_of_event": "New York", "date": "2019-03-09", "event_location": "Pier 17", "event_name": "Ben Harper", "subcategory": "Blues", "time": "18:00"}, {"address_of_location": "89 South Street", "category": "Music", "city_of_event": "New York", "date": "2019-03-09", "event_location": "Pier 17", "event_name": "Blackbear", "subcategory": "Hip Hop", "time": "18:30"}, {"address_of_location": "52-19 Flushing Avenue, Maspeth", "category": "Music", "city_of_event": "New York", "date": "2019-03-05", "event_location": "Knockdown Center", "event_name": "Blowout Music Festival", "subcategory": "Hip Hop", "time": "18:00"}, {"address_of_location": "235 West 46th Street", "category": "Music", "city_of_event": "New York", "date": "2019-03-10", "event_location": "Sony Hall", "event_name": "Buddy Guy", "subcategory": "Blues", "time": "19:30"}, {"address_of_location": "1 Tennis Place, Forest Hills", "category": "Music", "city_of_event": "New York", "date": "2019-03-11", "event_location": "Forest Hills Stadium", "event_name": "Chemical Brothers", "subcategory": "Rock", "time": "20:00"}, {"address_of_location": "235 West 46th Street", "category": "Music", "city_of_event": "New York", "date": "2019-03-02", "event_location": "Sony Hall", "event_name": "Chris Botti", "subcategory": "Jazz", "time": "19:30"}, {"address_of_location": "64 North 9th Street, Brooklyn", "category": "Music", "city_of_event": "New York", "date": "2019-03-06", "event_location": "Rough Trade NYC", "event_name": "Crooked Colours", "subcategory": "Electronica", "time": "18:30"}, {"address_of_location": "3608 33rd Street", "category": "Music", "city_of_event": "New York", "date": "2019-03-06", "event_location": "Melrose Ballroom", "event_name": "Esscalation Music Festival", "subcategory": "Electronica", "time": "18:00"}], "slots": [{"exclusive_end": 18, "slot": "event_name", "start": 0}, {"exclusive_end": 39, "slot": "event_location", "start": 33}, {"exclusive_end": 53, "slot": "date", "start": 43}, {"exclusive_end": 61, "slot": "time", "start": 57}]}], "speaker": "SYSTEM", "utterance": "Amber Run Brooklyn is playing at Warsaw on March 14th at 6 pm."}, {"frames": [{"actions": [{"act": "SELECT", "canonical_values": [], "slot": "", "values": []}, {"act": "GOODBYE", "canonical_values": [], "slot": "", "values": []}], "service": "Events_1", "slots": [], "state": {"active_intent": "FindEvents", "requested_slots": [], "slot_values": {"category": ["Music"], "city_of_event": ["NY"], "date": ["March 14th"], "event_name": ["Amber Run Brooklyn"]}}}], "speaker": "USER", "utterance": "Cool, that is al"}, {"frames": [{"actions": [{"act": "GOODBYE", "canonical_values": [], "slot": "", "values": []}], "service": "Events_1", "slots": []}], "speaker": "SYSTEM", "utterance": "Have a nice day."}]}]