[{"dialogue_id": "47_00000", "services": ["Hotels_3", "Weather_1"], "turns": [{"frames": [{"actions": [{"act": "INFORM_INTENT", "canonical_values": ["SearchHotel"], "slot": "intent", "values": ["SearchHotel"]}], "service": "Hotels_3", "slots": [], "state": {"active_intent": "SearchHotel", "requested_slots": [], "slot_values": {}}}], "speaker": "USER", "utterance": "I'm searching for a nice hotel to stay in. Can you help me out?"}, {"frames": [{"actions": [{"act": "REQUEST", "canonical_values": [], "slot": "location", "values": []}], "service": "Hotels_3", "slots": []}], "speaker": "SYSTEM", "utterance": "Sure thing. In which area would you like to stay?"}, {"frames": [{"actions": [{"act": "INFORM", "canonical_values": ["London"], "slot": "location", "values": ["London, UK"]}], "service": "Hotels_3", "slots": [{"exclusive_end": 47, "slot": "location", "start": 37}], "state": {"active_intent": "SearchHotel", "requested_slots": [], "slot_values": {"location": ["London, UK"]}}}], "speaker": "USER", "utterance": "I want to find something nice around London, UK."}, {"frames": [{"actions": [{"act": "OFFER", "canonical_values": ["45 Park Lane"], "slot": "hotel_name", "values": ["45 Park Lane"]}, {"act": "OFFER", "canonical_values": ["4.70"], "slot": "average_rating", "values": ["4.7"]}], "service": "Hotels_3", "service_call": {"method": "SearchHotel", "parameters": {"location": "London"}}, "service_results": [{"average_rating": "4.70", "hotel_name": "45 Park Lane", "location": "London", "number_of_rooms": "1", "pets_welcome": "True", "phone_number": "+44 20 7493 4545", "price": "792", "street_address": "45 Park Lane"}, {"average_rating": "3.20", "hotel_name": "Abc Hyde Park Hotel", "location": "London", "number_of_rooms": "2", "pets_welcome": "False", "phone_number": "+44 20 7706 4660", "price": "1008", "street_address": "121 Sussex Gardens"}, {"average_rating": "3.50", "hotel_name": "Abercorn House", "location": "London", "number_of_rooms": "3", "pets_welcome": "False", "phone_number": "+44 20 8563 8692", "price": "1674", "street_address": "28-30 Bute Gardens"}, {"average_rating": "4.10", "hotel_name": "Accommodation London Bridge", "location": "London", "number_of_rooms": "2", "pets_welcome": "False", "phone_number": "+44 20 7403 4299", "price": "464", "street_address": "58 Great Dover Street"}, {"average_rating": "4.30", "hotel_name": "Ace Hotel London", "location": "London", "number_of_rooms": "1", "pets_welcome": "True", "phone_number": "+44 20 7613 9800", "price": "128", "street_address": "100 Shoreditch High Street"}, {"average_rating": "3.70", "hotel_name": "Airways Hotel London Victoria", "location": "London", "number_of_rooms": "1", "pets_welcome": "False", "phone_number": "+44 20 7834 0205", "price": "240", "street_address": "29-31 Saint George's Drive"}, {"average_rating": "4.50", "hotel_name": "Amba Hotel Charing Cross", "location": "London", "number_of_rooms": "2", "pets_welcome": "False", "phone_number": "+44 871 376 9012", "price": "1624", "street_address": "Strand"}, {"average_rating": "4.20", "hotel_name": "Amba Hotel Marble Arch", "location": "London", "number_of_rooms": "1", "pets_welcome": "False", "phone_number": "+44 800 330 8523", "price": "252", "street_address": "Bryanston Street"}, {"average_rating": "3.90", "hotel_name": "Ambassadors Bloomsbury Hotel", "location": "London", "number_of_rooms": "1", "pets_welcome": "False", "phone_number": "+44 20 7388 9930", "price": "300", "street_address": "12 Upper Woburn Place"}, {"average_rating": "3.00", "hotel_name": "Ambassadors Hotel", "location": "London", "number_of_rooms": "1", "pets_welcome": "False", "phone_number": "+44 20 7373 1075", "price": "150", "street_address": "16 Collingham Road"}], "slots": [{"exclusive_end": 68, "slot": "hotel_name", "start": 56}, {"exclusive_end": 98, "slot": "average_rating", "start": 95}]}], "speaker": "SYSTEM", "utterance": "Okay I'm sure I can find you something nice. What about 45 Park Lane? It's a nice hotel with a 4.7 rating."}, {"frames": [{"actions": [{"act": "REQUEST_ALTS", "canonical_values": [], "slot": "", "values": []}], "service": "Hotels_3", "slots": [], "state": {"active_intent": "SearchHotel", "requested_slots": [], "slot_values": {"location": ["London, UK"]}}}], "speaker": "USER", "utterance": "You got anything else?"}, {"frames": [{"actions": [{"act": "OFFER", "canonical_values": ["Abc Hyde Park Hotel"], "slot": "hotel_name", "values": ["Abc Hyde Park Hotel"]}, {"act": "OFFER", "canonical_values": ["3.20"], "slot": "average_rating", "values": ["3.2"]}], "service": "Hotels_3", "slots": [{"exclusive_end": 39, "slot": "hotel_name", "start": 20}, {"exclusive_end": 71, "slot": "average_rating", "start": 68}]}], "speaker": "SYSTEM", "utterance": "Sure. How about the Abc Hyde Park Hotel? It's got a solid rating of 3.2."}, {"frames": [{"actions": [{"act": "SELECT", "canonical_values": [], "slot": "", "values": []}], "service": "Hotels_3", "slots": [], "state": {"active_intent": "SearchHotel", "requested_slots": [], "slot_values": {"hotel_name": ["Abc Hyde Park Hotel"], "location": ["London, UK"]}}}, {"actions": [{"act": "INFORM_INTENT", "canonical_values": ["GetWeather"], "slot": "intent", "values": ["GetWeather"]}], "service": "Weather_1", "slots": [], "state": {"active_intent": "GetWeather", "requested_slots": [], "slot_values": {"city": ["London, UK"]}}}], "speaker": "USER", "utterance": "Okay, that place sounds perfect. How's the weather over there?"}, {"frames": [{"actions": [{"act": "OFFER", "canonical_values": ["81"], "slot": "temperature", "values": ["81"]}, {"act": "OFFER", "canonical_values": ["23"], "slot": "precipitation", "values": ["23"]}], "service": "Weather_1", "service_call": {"method": "GetWeather", "parameters": {"city": "London"}}, "service_results": [{"city": "London", "date": "2019-03-01", "humidity": "35", "precipitation": "23", "temperature": "81", "wind": "10"}], "slots": [{"exclusive_end": 48, "slot": "temperature", "start": 46}, {"exclusive_end": 77, "slot": "precipitation", "start": 75}]}], "speaker": "SYSTEM", "utterance": "The average temperature for the day is around 81 degrees Fahrenheit with a 23 percent chance of rain."}, {"frames": [{"actions": [{"act": "INFORM_INTENT", "canonical_values": ["ReserveHotel"], "slot": "intent", "values": ["ReserveHotel"]}], "service": "Hotels_3", "slots": [], "state": {"active_intent": "ReserveHotel", "requested_slots": [], "slot_values": {"hotel_name": ["Abc Hyde Park Hotel"], "location": ["London, UK"]}}}, {"actions": [{"act": "SELECT", "canonical_values": [], "slot": "", "values": []}], "service": "Weather_1", "slots": [], "state": {"active_intent": "GetWeather", "requested_slots": [], "slot_values": {"city": ["London, UK"]}}}], "speaker": "USER", "utterance": "Okay, that's not bad. I'd like to go ahead and reserve a room at the hotel."}, {"frames": [{"actions": [{"act": "REQUEST", "canonical_values": [], "slot": "check_out_date", "values": []}], "service": "Hotels_3", "slots": []}], "speaker": "SYSTEM", "utterance": "No problem. What's your expected check-out date?"}, {"frames": [{"actions": [{"act": "INFORM", "canonical_values": ["2019-03-01"], "slot": "check_in_date", "values": ["1st of this month"]}, {"act": "INFORM", "canonical_values": ["2019-03-06"], "slot": "check_out_date", "values": ["March 6th"]}], "service": "Hotels_3", "slots": [{"exclusive_end": 45, "slot": "check_in_date", "start": 28}, {"exclusive_end": 81, "slot": "check_out_date", "start": 72}], "state": {"active_intent": "ReserveHotel", "requested_slots": [], "slot_values": {"check_in_date": ["1st of this month"], "check_out_date": ["March 6th"], "hotel_name": ["Abc Hyde Park Hotel"], "location": ["London, UK"]}}}], "speaker": "USER", "utterance": "I'd like to check in on the 1st of this month and I'll be staying until March 6th."}, {"frames": [{"actions": [{"act": "CONFIRM", "canonical_values": ["Abc Hyde Park Hotel"], "slot": "hotel_name", "values": ["Abc Hyde Park Hotel"]}, {"act": "CONFIRM", "canonical_values": ["London"], "slot": "location", "values": ["London"]}, {"act": "CONFIRM", "canonical_values": ["2019-03-01"], "slot": "check_in_date", "values": ["March 1st"]}, {"act": "CONFIRM", "canonical_values": ["2019-03-06"], "slot": "check_out_date", "values": ["March 6th"]}, {"act": "CONFIRM", "canonical_values": ["1"], "slot": "number_of_rooms", "values": ["1"]}], "service": "Hotels_3", "slots": [{"exclusive_end": 101, "slot": "hotel_name", "start": 82}, {"exclusive_end": 111, "slot": "location", "start": 105}, {"exclusive_end": 125, "slot": "check_in_date", "start": 116}, {"exclusive_end": 141, "slot": "check_out_date", "start": 132}]}], "speaker": "SYSTEM", "utterance": "Alight. Please confirm the following for me: Make a reservation for 1 room at the Abc Hyde Park Hotel in London for March 1st until March 6th. Is that correct?"}, {"frames": [{"actions": [{"act": "REQUEST", "canonical_values": [], "slot": "price", "values": []}, {"act": "AFFIRM", "canonical_values": [], "slot": "", "values": []}], "service": "Hotels_3", "slots": [], "state": {"active_intent": "ReserveHotel", "requested_slots": ["price"], "slot_values": {"check_in_date": ["1st of this month", "March 1st"], "check_out_date": ["March 6th"], "hotel_name": ["Abc Hyde Park Hotel"], "location": ["London", "London, UK"], "number_of_rooms": ["1"]}}}], "speaker": "USER", "utterance": "Yes, that's it. What's it gonna cost me?"}, {"frames": [{"actions": [{"act": "INFORM", "canonical_values": ["945"], "slot": "price", "values": ["$945"]}, {"act": "NOTIFY_SUCCESS", "canonical_values": [], "slot": "", "values": []}], "service": "Hotels_3", "service_call": {"method": "ReserveHotel", "parameters": {"check_in_date": "2019-03-01", "check_out_date": "2019-03-06", "hotel_name": "Abc Hyde Park Hotel", "location": "London", "number_of_rooms": "1"}}, "service_results": [{"average_rating": "3.20", "check_in_date": "2019-03-01", "check_out_date": "2019-03-06", "hotel_name": "Abc Hyde Park Hotel", "location": "London", "number_of_rooms": "1", "pets_welcome": "False", "phone_number": "+44 20 7706 4660", "price": "945", "street_address": "121 Sussex Gardens"}], "slots": [{"exclusive_end": 23, "slot": "price", "start": 19}]}], "speaker": "SYSTEM", "utterance": "Your total will be $945. Your reservation has been completed. Enjoy your stay!"}, {"frames": [{"actions": [{"act": "THANK_YOU", "canonical_values": [], "slot": "", "values": []}], "service": "Hotels_3", "slots": [], "state": {"active_intent": "ReserveHotel", "requested_slots": [], "slot_values": {"check_in_date": ["1st of this month", "March 1st"], "check_out_date": ["March 6th"], "hotel_name": ["Abc Hyde Park Hotel"], "location": ["London", "London, UK"], "number_of_rooms": ["1"]}}}], "speaker": "USER", "utterance": "Thank you! I appreciate the help."}, {"frames": [{"actions": [{"act": "REQ_MORE", "canonical_values": [], "slot": "", "values": []}], "service": "Hotels_3", "slots": []}], "speaker": "SYSTEM", "utterance": "Can I help you with anything else?"}, {"frames": [{"actions": [{"act": "NEGATE", "canonical_values": [], "slot": "", "values": []}, {"act": "THANK_YOU", "canonical_values": [], "slot": "", "values": []}], "service": "Hotels_3", "slots": [], "state": {"active_intent": "NONE", "requested_slots": [], "slot_values": {"check_in_date": ["1st of this month", "March 1st"], "check_out_date": ["March 6th"], "hotel_name": ["Abc Hyde Park Hotel"], "location": ["London", "London, UK"], "number_of_rooms": ["1"]}}}], "speaker": "USER", "utterance": "No thank you. That will be all."}, {"frames": [{"actions": [{"act": "GOODBYE", "canonical_values": [], "slot": "", "values": []}], "service": "Hotels_3", "slots": []}], "speaker": "SYSTEM", "utterance": "My pleasure to serve. Have a good day."}]}, {"dialogue_id": "47_00001", "services": ["Hotels_3", "Weather_1"], "turns": [{"frames": [{"actions": [{"act": "INFORM_INTENT", "canonical_values": ["SearchHotel"], "slot": "intent", "values": ["SearchHotel"]}], "service": "Hotels_3", "slots": [], "state": {"active_intent": "SearchHotel", "requested_slots": [], "slot_values": {}}}], "speaker": "USER", "utterance": "Can you locate some hotels for me?"}, {"frames": [{"actions": [{"act": "REQUEST", "canonical_values": [], "slot": "location", "values": []}], "service": "Hotels_3", "slots": []}], "speaker": "SYSTEM", "utterance": "What particular area do you want me to look in?"}, {"frames": [{"actions": [{"act": "INFORM", "canonical_values": ["Chicago"], "slot": "location", "values": ["Chi-town"]}], "service": "Hotels_3", "slots": [{"exclusive_end": 43, "slot": "location", "start": 35}], "state": {"active_intent": "SearchHotel", "requested_slots": [], "slot_values": {"location": ["Chi-town"]}}}], "speaker": "USER", "utterance": "I would like to find hotels around Chi-town."}, {"frames": [{"actions": [{"act": "OFFER", "canonical_values": ["Ac Hotel By Marriott Chicago Downtown"], "slot": "hotel_name", "values": ["Ac Hotel by Marriott Chicago Downtown"]}, {"act": "OFFER", "canonical_values": ["4.30"], "slot": "average_rating", "values": ["4.3"]}], "service": "Hotels_3", "service_call": {"method": "SearchHotel", "parameters": {"location": "Chicago"}}, "service_results": [{"average_rating": "4.30", "hotel_name": "Ac Hotel By Marriott Chicago Downtown", "location": "Chicago", "number_of_rooms": "3", "pets_welcome": "True", "phone_number": "+1 312-981-6600", "price": "528", "street_address": "630 North Rush Street"}, {"average_rating": "4.60", "hotel_name": "Ace Hotel Chicago", "location": "Chicago", "number_of_rooms": "3", "pets_welcome": "True", "phone_number": "+1 312-764-1919", "price": "1584", "street_address": "311 North Morgan Street"}, {"average_rating": "4.50", "hotel_name": "Acme Hotel Company Chicago", "location": "Chicago", "number_of_rooms": "3", "pets_welcome": "False", "phone_number": "+1 312-894-0800", "price": "1296", "street_address": "15 East Ohio Street"}, {"average_rating": "4.50", "hotel_name": "Aloft Chicago Downtown River North", "location": "Chicago", "number_of_rooms": "1", "pets_welcome": "True", "phone_number": "+1 312-661-1000", "price": "672", "street_address": "515 North Clark Street"}, {"average_rating": "3.90", "hotel_name": "Aloft Chicago Mag Mile", "location": "Chicago", "number_of_rooms": "1", "pets_welcome": "True", "phone_number": "+1 312-429-6600", "price": "66", "street_address": "243 East Ontario Street"}, {"average_rating": "4.20", "hotel_name": "Ambassador Chicago", "location": "Chicago", "number_of_rooms": "2", "pets_welcome": "False", "phone_number": "+1 888-506-3471", "price": "1216", "street_address": "1301 North State Parkway"}, {"average_rating": "3.90", "hotel_name": "Best Western Grant Park Hotel", "location": "Chicago", "number_of_rooms": "3", "pets_welcome": "False", "phone_number": "+1 312-922-2900", "price": "945", "street_address": "1100 South Michigan Avenue"}, {"average_rating": "4.30", "hotel_name": "Best Western Plus Hawthorne Terrace Hotel", "location": "Chicago", "number_of_rooms": "3", "pets_welcome": "True", "phone_number": "+1 773-244-3434", "price": "3276", "street_address": "3434 N Broadway Ave"}, {"average_rating": "4.10", "hotel_name": "Best Western River North Hotel", "location": "Chicago", "number_of_rooms": "3", "pets_welcome": "False", "phone_number": "+1 312-467-0800", "price": "768", "street_address": "125 West Ohio Street"}, {"average_rating": "4.20", "hotel_name": "Cambria Hotel Chicago Magnificent Mile", "location": "Chicago", "number_of_rooms": "3", "pets_welcome": "False", "phone_number": "+1 312-787-6000", "price": "1680", "street_address": "166 East Superior Street"}], "slots": [{"exclusive_end": 48, "slot": "hotel_name", "start": 11}, {"exclusive_end": 72, "slot": "average_rating", "start": 69}]}], "speaker": "SYSTEM", "utterance": "What about Ac Hotel by Marriott Chicago Downtown? It has a rating of 4.3."}, {"frames": [{"actions": [{"act": "REQUEST_ALTS", "canonical_values": [], "slot": "", "values": []}], "service": "Hotels_3", "slots": [], "state": {"active_intent": "SearchHotel", "requested_slots": [], "slot_values": {"location": ["Chi-town"]}}}], "speaker": "USER", "utterance": "Is there anything else you can find?"}, {"frames": [{"actions": [{"act": "OFFER", "canonical_values": ["Ace Hotel Chicago"], "slot": "hotel_name", "values": ["Ace Hotel Chicago"]}, {"act": "OFFER", "canonical_values": ["4.60"], "slot": "average_rating", "values": ["4.6"]}], "service": "Hotels_3", "slots": [{"exclusive_end": 28, "slot": "hotel_name", "start": 11}, {"exclusive_end": 54, "slot": "average_rating", "start": 51}]}], "speaker": "SYSTEM", "utterance": "What about Ace Hotel Chicago? The rating for it is 4.6."}, {"frames": [{"actions": [{"act": "REQUEST_ALTS", "canonical_values": [], "slot": "", "values": []}], "service": "Hotels_3", "slots": [], "state": {"active_intent": "SearchHotel", "requested_slots": [], "slot_values": {"location": ["Chi-town"]}}}], "speaker": "USER", "utterance": "Is there anything else you have?"}, {"frames": [{"actions": [{"act": "OFFER", "canonical_values": ["Acme Hotel Company Chicago"], "slot": "hotel_name", "values": ["Acme Hotel Company Chicago"]}, {"act": "OFFER", "canonical_values": ["4.50"], "slot": "average_rating", "values": ["4.5"]}], "service": "Hotels_3", "slots": [{"exclusive_end": 36, "slot": "hotel_name", "start": 10}, {"exclusive_end": 60, "slot": "average_rating", "start": 57}]}], "speaker": "SYSTEM", "utterance": "How about Acme Hotel Company Chicago? It has a rating of 4.5"}, {"frames": [{"actions": [{"act": "REQUEST", "canonical_values": [], "slot": "phone_number", "values": []}], "service": "Hotels_3", "slots": [], "state": {"active_intent": "SearchHotel", "requested_slots": ["phone_number"], "slot_values": {"location": ["Chi-town"]}}}], "speaker": "USER", "utterance": "What is the phone number of the hotel?"}, {"frames": [{"actions": [{"act": "INFORM", "canonical_values": ["+1 312-894-0800"], "slot": "phone_number", "values": ["+1 312-894-0800"]}], "service": "Hotels_3", "slots": [{"exclusive_end": 35, "slot": "phone_number", "start": 20}]}], "speaker": "SYSTEM", "utterance": "Its phone number is +1 312-894-0800."}, {"frames": [{"actions": [{"act": "SELECT", "canonical_values": [], "slot": "", "values": []}], "service": "Hotels_3", "slots": [], "state": {"active_intent": "SearchHotel", "requested_slots": [], "slot_values": {"hotel_name": ["Acme Hotel Company Chicago"], "location": ["Chi-town"]}}}, {"actions": [{"act": "INFORM", "canonical_values": ["2019-03-01"], "slot": "date", "values": ["March 1st"]}, {"act": "INFORM_INTENT", "canonical_values": ["GetWeather"], "slot": "intent", "values": ["GetWeather"]}], "service": "Weather_1", "slots": [{"exclusive_end": 61, "slot": "date", "start": 52}], "state": {"active_intent": "GetWeather", "requested_slots": [], "slot_values": {"city": ["Chi-town"], "date": ["March 1st"]}}}], "speaker": "USER", "utterance": "That would be perfect. What is the weather there on March 1st?"}, {"frames": [{"actions": [{"act": "OFFER", "canonical_values": ["73"], "slot": "temperature", "values": ["73"]}, {"act": "OFFER", "canonical_values": ["29"], "slot": "precipitation", "values": ["29"]}], "service": "Weather_1", "service_call": {"method": "GetWeather", "parameters": {"city": "Chicago", "date": "2019-03-01"}}, "service_results": [{"city": "Chicago", "date": "2019-03-01", "humidity": "29", "precipitation": "29", "temperature": "73", "wind": "15"}], "slots": [{"exclusive_end": 42, "slot": "temperature", "start": 40}, {"exclusive_end": 90, "slot": "precipitation", "start": 88}]}], "speaker": "SYSTEM", "utterance": "The day's average temperature should be 73 degrees Fahrenheit and the chance of rain is 29 percent."}, {"frames": [{"actions": [{"act": "REQUEST", "canonical_values": [], "slot": "humidity", "values": []}], "service": "Weather_1", "slots": [], "state": {"active_intent": "GetWeather", "requested_slots": ["humidity"], "slot_values": {"city": ["Chi-town"], "date": ["March 1st"]}}}], "speaker": "USER", "utterance": "What is the humidity level expected to be?"}, {"frames": [{"actions": [{"act": "INFORM", "canonical_values": ["29"], "slot": "humidity", "values": ["29"]}], "service": "Weather_1", "slots": [{"exclusive_end": 23, "slot": "humidity", "start": 21}]}], "speaker": "SYSTEM", "utterance": "The humidity is near 29 percent."}, {"frames": [{"actions": [{"act": "REQUEST", "canonical_values": [], "slot": "wind", "values": []}], "service": "Weather_1", "slots": [], "state": {"active_intent": "GetWeather", "requested_slots": ["wind"], "slot_values": {"city": ["Chi-town"], "date": ["March 1st"]}}}], "speaker": "USER", "utterance": "What is the level of wind going to be?"}, {"frames": [{"actions": [{"act": "INFORM", "canonical_values": ["15"], "slot": "wind", "values": ["15"]}], "service": "Weather_1", "slots": [{"exclusive_end": 40, "slot": "wind", "start": 38}]}], "speaker": "SYSTEM", "utterance": "The average wind speed will be around 15 miles per hour."}, {"frames": [{"actions": [{"act": "INFORM", "canonical_values": ["2"], "slot": "number_of_rooms", "values": ["2"]}, {"act": "INFORM_INTENT", "canonical_values": ["ReserveHotel"], "slot": "intent", "values": ["ReserveHotel"]}], "service": "Hotels_3", "slots": [], "state": {"active_intent": "ReserveHotel", "requested_slots": [], "slot_values": {"hotel_name": ["Acme Hotel Company Chicago"], "location": ["Chi-town"], "number_of_rooms": ["2"]}}}, {"actions": [{"act": "SELECT", "canonical_values": [], "slot": "", "values": []}], "service": "Weather_1", "slots": [], "state": {"active_intent": "GetWeather", "requested_slots": [], "slot_values": {"city": ["Chi-town"], "date": ["March 1st"]}}}], "speaker": "USER", "utterance": "Sure, okay. I would like to make a reservation for 2 rooms in the hotel that you located for me."}, {"frames": [{"actions": [{"act": "REQUEST", "canonical_values": [], "slot": "check_out_date", "values": []}], "service": "Hotels_3", "slots": []}], "speaker": "SYSTEM", "utterance": "What is the date you are expecting to check out?"}, {"frames": [{"actions": [{"act": "INFORM", "canonical_values": ["2019-03-04"], "slot": "check_out_date", "values": ["4th of this month"]}], "service": "Hotels_3", "slots": [{"exclusive_end": 46, "slot": "check_out_date", "start": 29}], "state": {"active_intent": "ReserveHotel", "requested_slots": [], "slot_values": {"check_out_date": ["4th of this month"], "hotel_name": ["Acme Hotel Company Chicago"], "location": ["Chi-town"], "number_of_rooms": ["2"]}}}], "speaker": "USER", "utterance": "I would like to check out on 4th of this month."}, {"frames": [{"actions": [{"act": "REQUEST", "canonical_values": ["2019-03-01"], "slot": "check_in_date", "values": ["March 1st"]}], "service": "Hotels_3", "slots": [{"exclusive_end": 39, "slot": "check_in_date", "start": 30}]}], "speaker": "SYSTEM", "utterance": "Would you like to check in on March 1st?"}, {"frames": [{"actions": [{"act": "AFFIRM", "canonical_values": [], "slot": "", "values": []}], "service": "Hotels_3", "slots": [], "state": {"active_intent": "ReserveHotel", "requested_slots": [], "slot_values": {"check_in_date": ["March 1st"], "check_out_date": ["4th of this month"], "hotel_name": ["Acme Hotel Company Chicago"], "location": ["Chi-town"], "number_of_rooms": ["2"]}}}], "speaker": "USER", "utterance": "Yes, that would be fine with me."}, {"frames": [{"actions": [{"act": "CONFIRM", "canonical_values": ["Acme Hotel Company Chicago"], "slot": "hotel_name", "values": ["Acme Hotel Company Chicago"]}, {"act": "CONFIRM", "canonical_values": ["Chicago"], "slot": "location", "values": ["Chicago"]}, {"act": "CONFIRM", "canonical_values": ["2019-03-01"], "slot": "check_in_date", "values": ["March 1st"]}, {"act": "CONFIRM", "canonical_values": ["2019-03-04"], "slot": "check_out_date", "values": ["March 4th"]}, {"act": "CONFIRM", "canonical_values": ["2"], "slot": "number_of_rooms", "values": ["2"]}], "service": "Hotels_3", "slots": [{"exclusive_end": 110, "slot": "hotel_name", "start": 84}, {"exclusive_end": 121, "slot": "location", "start": 114}, {"exclusive_end": 147, "slot": "check_in_date", "start": 138}, {"exclusive_end": 177, "slot": "check_out_date", "start": 168}]}], "speaker": "SYSTEM", "utterance": "Okay, confirm the following details for me: making a reservation for 2 rooms at the Acme Hotel Company Chicago in Chicago, checking in on March 1st and checking out on March 4th."}, {"frames": [{"actions": [{"act": "REQUEST", "canonical_values": [], "slot": "price", "values": []}, {"act": "AFFIRM", "canonical_values": [], "slot": "", "values": []}], "service": "Hotels_3", "slots": [], "state": {"active_intent": "ReserveHotel", "requested_slots": ["price"], "slot_values": {"check_in_date": ["March 1st"], "check_out_date": ["4th of this month", "March 4th"], "hotel_name": ["Acme Hotel Company Chicago"], "location": ["Chi-town", "Chicago"], "number_of_rooms": ["2"]}}}], "speaker": "USER", "utterance": "Yes that works well for me. What is the price of the reservation?"}, {"frames": [{"actions": [{"act": "INFORM", "canonical_values": ["1296"], "slot": "price", "values": ["$1,296"]}, {"act": "NOTIFY_SUCCESS", "canonical_values": [], "slot": "", "values": []}], "service": "Hotels_3", "service_call": {"method": "ReserveHotel", "parameters": {"check_in_date": "2019-03-01", "check_out_date": "2019-03-04", "hotel_name": "Acme Hotel Company Chicago", "location": "Chicago", "number_of_rooms": "2"}}, "service_results": [{"average_rating": "4.50", "check_in_date": "2019-03-01", "check_out_date": "2019-03-04", "hotel_name": "Acme Hotel Company Chicago", "location": "Chicago", "number_of_rooms": "2", "pets_welcome": "False", "phone_number": "+1 312-894-0800", "price": "1296", "street_address": "15 East Ohio Street"}], "slots": [{"exclusive_end": 72, "slot": "price", "start": 66}]}], "speaker": "SYSTEM", "utterance": "You have made the reservation successfully and the total price is $1,296."}, {"frames": [{"actions": [{"act": "THANK_YOU", "canonical_values": [], "slot": "", "values": []}], "service": "Hotels_3", "slots": [], "state": {"active_intent": "ReserveHotel", "requested_slots": [], "slot_values": {"check_in_date": ["March 1st"], "check_out_date": ["4th of this month", "March 4th"], "hotel_name": ["Acme Hotel Company Chicago"], "location": ["Chi-town", "Chicago"], "number_of_rooms": ["2"]}}}], "speaker": "USER", "utterance": "Thanks very much."}, {"frames": [{"actions": [{"act": "REQ_MORE", "canonical_values": [], "slot": "", "values": []}], "service": "Hotels_3", "slots": []}], "speaker": "SYSTEM", "utterance": "What else would you like help with?"}, {"frames": [{"actions": [{"act": "NEGATE", "canonical_values": [], "slot": "", "values": []}, {"act": "THANK_YOU", "canonical_values": [], "slot": "", "values": []}], "service": "Hotels_3", "slots": [], "state": {"active_intent": "NONE", "requested_slots": [], "slot_values": {"check_in_date": ["March 1st"], "check_out_date": ["4th of this month", "March 4th"], "hotel_name": ["Acme Hotel Company Chicago"], "location": ["Chi-town", "Chicago"], "number_of_rooms": ["2"]}}}], "speaker": "USER", "utterance": "Nothing else, thank you."}, {"frames": [{"actions": [{"act": "GOODBYE", "canonical_values": [], "slot": "", "values": []}], "service": "Hotels_3", "slots": []}], "speaker": "SYSTEM", "utterance": "Have a wonderful day."}]}, {"dialogue_id": "47_00002", "services": ["Hotels_3", "Weather_1"], "turns": [{"frames": [{"actions": [{"act": "INFORM_INTENT", "canonical_values": ["SearchHotel"], "slot": "intent", "values": ["SearchHotel"]}], "service": "Hotels_3", "slots": [], "state": {"active_intent": "SearchHotel", "requested_slots": [], "slot_values": {}}}], "speaker": "USER", "utterance": "I need a hotel."}, {"frames": [{"actions": [{"act": "REQUEST", "canonical_values": [], "slot": "location", "values": []}], "service": "Hotels_3", "slots": []}], "speaker": "SYSTEM", "utterance": "In what are?"}, {"frames": [{"actions": [{"act": "INFORM", "canonical_values": ["London"], "slot": "location", "values": ["London"]}], "service": "Hotels_3", "slots": [{"exclusive_end": 14, "slot": "location", "start": 8}], "state": {"active_intent": "SearchHotel", "requested_slots": [], "slot_values": {"location": ["London"]}}}], "speaker": "USER", "utterance": "Look in London."}, {"frames": [{"actions": [{"act": "OFFER", "canonical_values": ["45 Park Lane"], "slot": "hotel_name", "values": ["45 Park Lane"]}, {"act": "OFFER", "canonical_values": ["4.70"], "slot": "average_rating", "values": ["4.7"]}], "service": "Hotels_3", "service_call": {"method": "SearchHotel", "parameters": {"location": "London"}}, "service_results": [{"average_rating": "4.70", "hotel_name": "45 Park Lane", "location": "London", "number_of_rooms": "1", "pets_welcome": "True", "phone_number": "+44 20 7493 4545", "price": "792", "street_address": "45 Park Lane"}, {"average_rating": "3.20", "hotel_name": "Abc Hyde Park Hotel", "location": "London", "number_of_rooms": "2", "pets_welcome": "False", "phone_number": "+44 20 7706 4660", "price": "1008", "street_address": "121 Sussex Gardens"}, {"average_rating": "3.50", "hotel_name": "Abercorn House", "location": "London", "number_of_rooms": "3", "pets_welcome": "False", "phone_number": "+44 20 8563 8692", "price": "1674", "street_address": "28-30 Bute Gardens"}, {"average_rating": "4.10", "hotel_name": "Accommodation London Bridge", "location": "London", "number_of_rooms": "2", "pets_welcome": "False", "phone_number": "+44 20 7403 4299", "price": "464", "street_address": "58 Great Dover Street"}, {"average_rating": "4.30", "hotel_name": "Ace Hotel London", "location": "London", "number_of_rooms": "1", "pets_welcome": "True", "phone_number": "+44 20 7613 9800", "price": "128", "street_address": "100 Shoreditch High Street"}, {"average_rating": "3.70", "hotel_name": "Airways Hotel London Victoria", "location": "London", "number_of_rooms": "1", "pets_welcome": "False", "phone_number": "+44 20 7834 0205", "price": "240", "street_address": "29-31 Saint George's Drive"}, {"average_rating": "4.50", "hotel_name": "Amba Hotel Charing Cross", "location": "London", "number_of_rooms": "2", "pets_welcome": "False", "phone_number": "+44 871 376 9012", "price": "1624", "street_address": "Strand"}, {"average_rating": "4.20", "hotel_name": "Amba Hotel Marble Arch", "location": "London", "number_of_rooms": "1", "pets_welcome": "False", "phone_number": "+44 800 330 8523", "price": "252", "street_address": "Bryanston Street"}, {"average_rating": "3.90", "hotel_name": "Ambassadors Bloomsbury Hotel", "location": "London", "number_of_rooms": "1", "pets_welcome": "False", "phone_number": "+44 20 7388 9930", "price": "300", "street_address": "12 Upper Woburn Place"}, {"average_rating": "3.00", "hotel_name": "Ambassadors Hotel", "location": "London", "number_of_rooms": "1", "pets_welcome": "False", "phone_number": "+44 20 7373 1075", "price": "150", "street_address": "16 Collingham Road"}], "slots": [{"exclusive_end": 28, "slot": "hotel_name", "start": 16}, {"exclusive_end": 46, "slot": "average_rating", "start": 43}]}], "speaker": "SYSTEM", "utterance": "Sure. How about 45 Park Lane. Its rated at 4.7."}, {"frames": [{"actions": [{"act": "SELECT", "canonical_values": [], "slot": "", "values": []}], "service": "Hotels_3", "slots": [], "state": {"active_intent": "SearchHotel", "requested_slots": [], "slot_values": {"hotel_name": ["45 Park Lane"], "location": ["London"]}}}, {"actions": [{"act": "INFORM", "canonical_values": ["2019-03-12"], "slot": "date", "values": ["the 12th"]}, {"act": "INFORM_INTENT", "canonical_values": ["GetWeather"], "slot": "intent", "values": ["GetWeather"]}], "service": "Weather_1", "slots": [{"exclusive_end": 46, "slot": "date", "start": 38}], "state": {"active_intent": "GetWeather", "requested_slots": [], "slot_values": {"city": ["London"], "date": ["the 12th"]}}}], "speaker": "USER", "utterance": "Sounds good. What the weather like on the 12th."}, {"frames": [{"actions": [{"act": "OFFER", "canonical_values": ["87"], "slot": "temperature", "values": ["87"]}, {"act": "OFFER", "canonical_values": ["21"], "slot": "precipitation", "values": ["21"]}], "service": "Weather_1", "service_call": {"method": "GetWeather", "parameters": {"city": "London", "date": "2019-03-12"}}, "service_results": [{"city": "London", "date": "2019-03-12", "humidity": "32", "precipitation": "21", "temperature": "87", "wind": "2"}], "slots": [{"exclusive_end": 2, "slot": "temperature", "start": 0}, {"exclusive_end": 48, "slot": "precipitation", "start": 46}]}], "speaker": "SYSTEM", "utterance": "87 degrees average with the chance at rain at 21 percent."}, {"frames": [{"actions": [{"act": "INFORM", "canonical_values": ["2019-03-11"], "slot": "date", "values": ["March 11th"]}, {"act": "REQUEST_ALTS", "canonical_values": [], "slot": "", "values": []}], "service": "Weather_1", "slots": [{"exclusive_end": 25, "slot": "date", "start": 15}], "state": {"active_intent": "GetWeather", "requested_slots": [], "slot_values": {"city": ["London"], "date": ["March 11th"]}}}], "speaker": "USER", "utterance": "What about for March 11th."}, {"frames": [{"actions": [{"act": "OFFER", "canonical_values": ["71"], "slot": "temperature", "values": ["71"]}, {"act": "OFFER", "canonical_values": ["15"], "slot": "precipitation", "values": ["15"]}], "service": "Weather_1", "service_call": {"method": "GetWeather", "parameters": {"city": "London", "date": "2019-03-11"}}, "service_results": [{"city": "London", "date": "2019-03-11", "humidity": "41", "precipitation": "15", "temperature": "71", "wind": "11"}], "slots": [{"exclusive_end": 2, "slot": "temperature", "start": 0}, {"exclusive_end": 31, "slot": "precipitation", "start": 29}]}], "speaker": "SYSTEM", "utterance": "71 degrees on average with a 15 percent chance of rain."}, {"frames": [{"actions": [{"act": "INFORM_INTENT", "canonical_values": ["ReserveHotel"], "slot": "intent", "values": ["ReserveHotel"]}], "service": "Hotels_3", "slots": [], "state": {"active_intent": "ReserveHotel", "requested_slots": [], "slot_values": {"hotel_name": ["45 Park Lane"], "location": ["London"]}}}, {"actions": [{"act": "SELECT", "canonical_values": [], "slot": "", "values": []}], "service": "Weather_1", "slots": [], "state": {"active_intent": "GetWeather", "requested_slots": [], "slot_values": {"city": ["London"], "date": ["March 11th"]}}}], "speaker": "USER", "utterance": "Ok. Book a room first."}, {"frames": [{"actions": [{"act": "REQUEST", "canonical_values": ["2019-03-11"], "slot": "check_in_date", "values": ["March 11th"]}, {"act": "REQUEST", "canonical_values": [], "slot": "check_out_date", "values": []}], "service": "Hotels_3", "slots": [{"exclusive_end": 14, "slot": "check_in_date", "start": 4}]}], "speaker": "SYSTEM", "utterance": "For March 11th?"}, {"frames": [{"actions": [{"act": "INFORM", "canonical_values": ["2019-03-06"], "slot": "check_in_date", "values": ["the 6th"]}, {"act": "INFORM", "canonical_values": ["2019-03-11"], "slot": "check_out_date", "values": ["March 11th 2019"]}], "service": "Hotels_3", "slots": [{"exclusive_end": 15, "slot": "check_in_date", "start": 8}, {"exclusive_end": 37, "slot": "check_out_date", "start": 22}], "state": {"active_intent": "ReserveHotel", "requested_slots": [], "slot_values": {"check_in_date": ["the 6th"], "check_out_date": ["March 11th", "March 11th 2019"], "hotel_name": ["45 Park Lane"], "location": ["London"]}}}], "speaker": "USER", "utterance": "No, for the 6th until March 11th 2019."}, {"frames": [{"actions": [{"act": "CONFIRM", "canonical_values": ["45 Park Lane"], "slot": "hotel_name", "values": ["45 Park Lane"]}, {"act": "CONFIRM", "canonical_values": ["London"], "slot": "location", "values": ["London"]}, {"act": "CONFIRM", "canonical_values": ["2019-03-06"], "slot": "check_in_date", "values": ["March 6th"]}, {"act": "CONFIRM", "canonical_values": ["2019-03-11"], "slot": "check_out_date", "values": ["March 11th"]}, {"act": "CONFIRM", "canonical_values": ["1"], "slot": "number_of_rooms", "values": ["1"]}], "service": "Hotels_3", "slots": [{"exclusive_end": 58, "slot": "hotel_name", "start": 46}, {"exclusive_end": 68, "slot": "location", "start": 62}, {"exclusive_end": 25, "slot": "check_in_date", "start": 16}, {"exclusive_end": 42, "slot": "check_out_date", "start": 32}]}], "speaker": "SYSTEM", "utterance": "OK. 1 room from March 6th until March 11th at 45 Park Lane in London. Correct?"}, {"frames": [{"actions": [{"act": "REQUEST", "canonical_values": [], "slot": "phone_number", "values": []}, {"act": "REQUEST", "canonical_values": [], "slot": "pets_welcome", "values": []}, {"act": "AFFIRM", "canonical_values": [], "slot": "", "values": []}], "service": "Hotels_3", "slots": [], "state": {"active_intent": "ReserveHotel", "requested_slots": ["pets_welcome", "phone_number"], "slot_values": {"check_in_date": ["March 6th", "the 6th"], "check_out_date": ["March 11th", "March 11th 2019"], "hotel_name": ["45 Park Lane"], "location": ["London"], "number_of_rooms": ["1"]}}}], "speaker": "USER", "utterance": "Yes. Give me their number. Can I bring the German Shepard?"}, {"frames": [{"actions": [{"act": "INFORM", "canonical_values": ["True"], "slot": "pets_welcome", "values": ["True"]}, {"act": "INFORM", "canonical_values": ["+44 20 7493 4545"], "slot": "phone_number", "values": ["+44 20 7493 4545"]}, {"act": "NOTIFY_SUCCESS", "canonical_values": [], "slot": "", "values": []}], "service": "Hotels_3", "service_call": {"method": "ReserveHotel", "parameters": {"check_in_date": "2019-03-06", "check_out_date": "2019-03-11", "hotel_name": "45 Park Lane", "location": "London", "number_of_rooms": "1"}}, "service_results": [{"average_rating": "4.70", "check_in_date": "2019-03-06", "check_out_date": "2019-03-11", "hotel_name": "45 Park Lane", "location": "London", "number_of_rooms": "1", "pets_welcome": "True", "phone_number": "+44 20 7493 4545", "price": "460", "street_address": "45 Park Lane"}], "slots": [{"exclusive_end": 55, "slot": "phone_number", "start": 39}]}], "speaker": "SYSTEM", "utterance": "Sure. Bring him. You can reach them at +44 20 7493 4545. You have a room."}, {"frames": [{"actions": [{"act": "THANK_YOU", "canonical_values": [], "slot": "", "values": []}], "service": "Hotels_3", "slots": [], "state": {"active_intent": "ReserveHotel", "requested_slots": [], "slot_values": {"check_in_date": ["March 6th", "the 6th"], "check_out_date": ["March 11th", "March 11th 2019"], "hotel_name": ["45 Park Lane"], "location": ["London"], "number_of_rooms": ["1"]}}}], "speaker": "USER", "utterance": "Excellent. Thanks."}, {"frames": [{"actions": [{"act": "REQ_MORE", "canonical_values": [], "slot": "", "values": []}], "service": "Hotels_3", "slots": []}], "speaker": "SYSTEM", "utterance": "Whats up next?"}, {"frames": [{"actions": [{"act": "NEGATE", "canonical_values": [], "slot": "", "values": []}, {"act": "THANK_YOU", "canonical_values": [], "slot": "", "values": []}], "service": "Hotels_3", "slots": [], "state": {"active_intent": "NONE", "requested_slots": [], "slot_values": {"check_in_date": ["March 6th", "the 6th"], "check_out_date": ["March 11th", "March 11th 2019"], "hotel_name": ["45 Park Lane"], "location": ["London"], "number_of_rooms": ["1"]}}}], "speaker": "USER", "utterance": "Nothing. Take a break."}, {"frames": [{"actions": [{"act": "GOODBYE", "canonical_values": [], "slot": "", "values": []}], "service": "Hotels_3", "slots": []}], "speaker": "SYSTEM", "utterance": "Will do, thanks."}]}, {"dialogue_id": "47_00003", "services": ["Hotels_3", "Weather_1"], "turns": [{"frames": [{"actions": [{"act": "INFORM", "canonical_values": ["1"], "slot": "number_of_rooms", "values": ["1"]}, {"act": "INFORM_INTENT", "canonical_values": ["SearchHotel"], "slot": "intent", "values": ["SearchHotel"]}], "service": "Hotels_3", "slots": [], "state": {"active_intent": "SearchHotel", "requested_slots": [], "slot_values": {"number_of_rooms": ["1"]}}}], "speaker": "USER", "utterance": "i need to spend my time with my family . will you find me some hotels near by ? i need to book one rooms."}, {"frames": [{"actions": [{"act": "REQUEST", "canonical_values": [], "slot": "location", "values": []}], "service": "Hotels_3", "slots": []}], "speaker": "SYSTEM", "utterance": "In which are i need to search for?"}, {"frames": [{"actions": [{"act": "INFORM", "canonical_values": ["New York"], "slot": "location", "values": ["New york city"]}], "service": "Hotels_3", "slots": [{"exclusive_end": 41, "slot": "location", "start": 28}], "state": {"active_intent": "SearchHotel", "requested_slots": [], "slot_values": {"location": ["New york city"], "number_of_rooms": ["1"]}}}], "speaker": "USER", "utterance": "i need hotels in and around New york city."}, {"frames": [{"actions": [{"act": "OFFER", "canonical_values": ["1 Hotel Brooklyn Bridge"], "slot": "hotel_name", "values": ["1 Hotel brooklyn bridge"]}, {"act": "OFFER", "canonical_values": ["4.50"], "slot": "average_rating", "values": ["4.5"]}], "service": "Hotels_3", "service_call": {"method": "SearchHotel", "parameters": {"location": "New York", "number_of_rooms": "1"}}, "service_results": [{"average_rating": "4.50", "hotel_name": "1 Hotel Brooklyn Bridge", "location": "New York", "number_of_rooms": "1", "pets_welcome": "True", "phone_number": "+1 833-625-6111", "price": "360", "street_address": "60 Furman Street, Brooklyn"}, {"average_rating": "4.50", "hotel_name": "1 Hotel Central Park", "location": "New York", "number_of_rooms": "1", "pets_welcome": "True", "phone_number": "+1 212-703-2001", "price": "1680", "street_address": "1414 6th Avenue"}, {"average_rating": "4.30", "hotel_name": "11 Howard", "location": "New York", "number_of_rooms": "1", "pets_welcome": "False", "phone_number": "+1 212-235-1111", "price": "544", "street_address": "11 Howard Street"}, {"average_rating": "4.00", "hotel_name": "6 Columbus Hotel", "location": "New York", "number_of_rooms": "1", "pets_welcome": "True", "phone_number": "+1 212-204-3000", "price": "1440", "street_address": "308 West 58th Street"}, {"average_rating": "4.50", "hotel_name": "Ac Hotel New York Times Square", "location": "New York", "number_of_rooms": "1", "pets_welcome": "False", "phone_number": "+1 212-398-2700", "price": "280", "street_address": "260 West 40th Street"}, {"average_rating": "4.30", "hotel_name": "Ace Hotel", "location": "New York", "number_of_rooms": "1", "pets_welcome": "True", "phone_number": "+1 212-991-0551", "price": "720", "street_address": "20 West 29th Street"}, {"average_rating": "3.90", "hotel_name": "Adria Hotel & Conference Center", "location": "New York", "number_of_rooms": "1", "pets_welcome": "False", "phone_number": "+1 718-631-5900", "price": "648", "street_address": "221-17 Northern Boulevard, Bayside"}, {"average_rating": "4.40", "hotel_name": "Aka Central Park", "location": "New York", "number_of_rooms": "1", "pets_welcome": "False", "phone_number": "+1 646-744-3100", "price": "1536", "street_address": "42 West 58th Street"}, {"average_rating": "4.40", "hotel_name": "Aka Times Square", "location": "New York", "number_of_rooms": "1", "pets_welcome": "True", "phone_number": "+1 212-764-5700", "price": "1440", "street_address": "123 West 44th Street"}, {"average_rating": "4.60", "hotel_name": "Aka Wall Street", "location": "New York", "number_of_rooms": "1", "pets_welcome": "False", "phone_number": "+1 212-252-9090", "price": "832", "street_address": "84 William Street"}], "slots": [{"exclusive_end": 34, "slot": "hotel_name", "start": 11}, {"exclusive_end": 56, "slot": "average_rating", "start": 53}]}], "speaker": "SYSTEM", "utterance": "What about 1 Hotel brooklyn bridge and its rating is 4.5?"}, {"frames": [{"actions": [{"act": "REQUEST", "canonical_values": [], "slot": "street_address", "values": []}, {"act": "REQUEST", "canonical_values": [], "slot": "phone_number", "values": []}], "service": "Hotels_3", "slots": [], "state": {"active_intent": "SearchHotel", "requested_slots": ["phone_number", "street_address"], "slot_values": {"location": ["New york city"], "number_of_rooms": ["1"]}}}], "speaker": "USER", "utterance": "what is its street address and its phone number?"}, {"frames": [{"actions": [{"act": "INFORM", "canonical_values": ["60 Furman Street, Brooklyn"], "slot": "street_address", "values": ["60 furman street, brooklyn"]}, {"act": "INFORM", "canonical_values": ["+1 833-625-6111"], "slot": "phone_number", "values": ["+1 833-625-6111"]}], "service": "Hotels_3", "slots": [{"exclusive_end": 41, "slot": "street_address", "start": 15}, {"exclusive_end": 81, "slot": "phone_number", "start": 66}]}], "speaker": "SYSTEM", "utterance": "its address is 60 furman street, brooklyn and its phone number is +1 833-625-6111."}, {"frames": [{"actions": [{"act": "SELECT", "canonical_values": [], "slot": "", "values": []}], "service": "Hotels_3", "slots": [], "state": {"active_intent": "SearchHotel", "requested_slots": [], "slot_values": {"hotel_name": ["1 Hotel brooklyn bridge"], "location": ["New york city"], "number_of_rooms": ["1"]}}}], "speaker": "USER", "utterance": "ok thats good."}, {"frames": [{"actions": [{"act": "OFFER_INTENT", "canonical_values": ["ReserveHotel"], "slot": "intent", "values": ["ReserveHotel"]}], "service": "Hotels_3", "slots": []}], "speaker": "SYSTEM", "utterance": "Whether i need to reserve a room in that hotel?"}, {"frames": [{"actions": [{"act": "NEGATE_INTENT", "canonical_values": [], "slot": "", "values": []}], "service": "Hotels_3", "slots": [], "state": {"active_intent": "NONE", "requested_slots": [], "slot_values": {"hotel_name": ["1 Hotel brooklyn bridge"], "location": ["New york city"], "number_of_rooms": ["1"]}}}], "speaker": "USER", "utterance": "yes but not now later."}, {"frames": [{"actions": [{"act": "REQ_MORE", "canonical_values": [], "slot": "", "values": []}], "service": "Hotels_3", "slots": []}], "speaker": "SYSTEM", "utterance": "Whether i need to find any other thing?"}, {"frames": [{"actions": [{"act": "INFORM", "canonical_values": ["2019-03-13"], "slot": "date", "values": ["March 13th"]}, {"act": "INFORM_INTENT", "canonical_values": ["GetWeather"], "slot": "intent", "values": ["GetWeather"]}], "service": "Weather_1", "slots": [{"exclusive_end": 56, "slot": "date", "start": 46}], "state": {"active_intent": "GetWeather", "requested_slots": [], "slot_values": {"city": ["New york city"], "date": ["March 13th"]}}}], "speaker": "USER", "utterance": "How about the weather condition over there on March 13th."}, {"frames": [{"actions": [{"act": "OFFER", "canonical_values": ["59"], "slot": "temperature", "values": ["59"]}, {"act": "OFFER", "canonical_values": ["33"], "slot": "precipitation", "values": ["33"]}], "service": "Weather_1", "service_call": {"method": "GetWeather", "parameters": {"city": "New York", "date": "2019-03-13"}}, "service_results": [{"city": "New York", "date": "2019-03-13", "humidity": "19", "precipitation": "33", "temperature": "59", "wind": "7"}], "slots": [{"exclusive_end": 48, "slot": "temperature", "start": 46}, {"exclusive_end": 82, "slot": "precipitation", "start": 80}]}], "speaker": "SYSTEM", "utterance": "the average temperature for the day should be 59 degrees fahrenheit. there is a 33 percent chance of rain."}, {"frames": [{"actions": [{"act": "INFORM", "canonical_values": ["2019-03-12"], "slot": "date", "values": ["March 12th"]}, {"act": "REQUEST_ALTS", "canonical_values": [], "slot": "", "values": []}], "service": "Weather_1", "slots": [{"exclusive_end": 48, "slot": "date", "start": 38}], "state": {"active_intent": "GetWeather", "requested_slots": [], "slot_values": {"city": ["New york city"], "date": ["March 12th"]}}}], "speaker": "USER", "utterance": "Okay , how about weather condition on March 12th"}, {"frames": [{"actions": [{"act": "OFFER", "canonical_values": ["70"], "slot": "temperature", "values": ["70"]}, {"act": "OFFER", "canonical_values": ["4"], "slot": "precipitation", "values": ["4"]}], "service": "Weather_1", "service_call": {"method": "GetWeather", "parameters": {"city": "New York", "date": "2019-03-12"}}, "service_results": [{"city": "New York", "date": "2019-03-12", "humidity": "17", "precipitation": "4", "temperature": "70", "wind": "7"}], "slots": [{"exclusive_end": 48, "slot": "temperature", "start": 46}, {"exclusive_end": 81, "slot": "precipitation", "start": 80}]}], "speaker": "SYSTEM", "utterance": "the average temperature for the day should be 70 degrees fahrenheit. there is a 4 percent chance of rain."}, {"frames": [{"actions": [{"act": "INFORM_INTENT", "canonical_values": ["ReserveHotel"], "slot": "intent", "values": ["ReserveHotel"]}], "service": "Hotels_3", "slots": [], "state": {"active_intent": "ReserveHotel", "requested_slots": [], "slot_values": {"hotel_name": ["1 Hotel brooklyn bridge"], "location": ["New york city"], "number_of_rooms": ["1"]}}}, {"actions": [{"act": "SELECT", "canonical_values": [], "slot": "", "values": []}], "service": "Weather_1", "slots": [], "state": {"active_intent": "GetWeather", "requested_slots": [], "slot_values": {"city": ["New york city"], "date": ["March 12th"]}}}], "speaker": "USER", "utterance": "sure, okay. i need a room in the hotel which you specify ."}, {"frames": [{"actions": [{"act": "REQUEST", "canonical_values": [], "slot": "check_out_date", "values": []}, {"act": "REQUEST", "canonical_values": ["2019-03-12"], "slot": "check_in_date", "values": ["March 12th"]}], "service": "Hotels_3", "slots": [{"exclusive_end": 75, "slot": "check_in_date", "start": 65}]}], "speaker": "SYSTEM", "utterance": "In which date you will check-out and whether check in date is on March 12th?"}, {"frames": [{"actions": [{"act": "INFORM", "canonical_values": ["2019-03-11"], "slot": "check_in_date", "values": ["the 11th"]}, {"act": "INFORM", "canonical_values": ["2019-03-14"], "slot": "check_out_date", "values": ["14th of march"]}], "service": "Hotels_3", "slots": [{"exclusive_end": 30, "slot": "check_in_date", "start": 22}, {"exclusive_end": 61, "slot": "check_out_date", "start": 48}], "state": {"active_intent": "ReserveHotel", "requested_slots": [], "slot_values": {"check_in_date": ["the 11th"], "check_out_date": ["14th of march"], "hotel_name": ["1 Hotel brooklyn bridge"], "location": ["New york city"], "number_of_rooms": ["1"]}}}], "speaker": "USER", "utterance": "I wish to check in on the 11th and check out on 14th of march"}, {"frames": [{"actions": [{"act": "CONFIRM", "canonical_values": ["1 Hotel Brooklyn Bridge"], "slot": "hotel_name", "values": ["1 hotel brooklyn bridge"]}, {"act": "CONFIRM", "canonical_values": ["New York"], "slot": "location", "values": ["New york"]}, {"act": "CONFIRM", "canonical_values": ["2019-03-11"], "slot": "check_in_date", "values": ["March 11th"]}, {"act": "CONFIRM", "canonical_values": ["2019-03-14"], "slot": "check_out_date", "values": ["March 14th"]}, {"act": "CONFIRM", "canonical_values": ["1"], "slot": "number_of_rooms", "values": ["1"]}], "service": "Hotels_3", "slots": [{"exclusive_end": 95, "slot": "hotel_name", "start": 72}, {"exclusive_end": 111, "slot": "location", "start": 103}, {"exclusive_end": 143, "slot": "check_in_date", "start": 133}, {"exclusive_end": 176, "slot": "check_out_date", "start": 166}]}], "speaker": "SYSTEM", "utterance": "please check and review the following details. Reservation of 1 room at 1 hotel brooklyn bridge and in New york and check in date is March 11th and check out date is March 14th"}, {"frames": [{"actions": [{"act": "REQUEST", "canonical_values": [], "slot": "pets_welcome", "values": []}, {"act": "REQUEST", "canonical_values": [], "slot": "price", "values": []}, {"act": "AFFIRM", "canonical_values": [], "slot": "", "values": []}], "service": "Hotels_3", "slots": [], "state": {"active_intent": "ReserveHotel", "requested_slots": ["pets_welcome", "price"], "slot_values": {"check_in_date": ["March 11th", "the 11th"], "check_out_date": ["14th of march", "March 14th"], "hotel_name": ["1 Hotel brooklyn bridge", "1 hotel brooklyn bridge"], "location": ["New york", "New york city"], "number_of_rooms": ["1"]}}}], "speaker": "USER", "utterance": "ok its works for me. book it. Does they allow pets and what is its costs?"}, {"frames": [{"actions": [{"act": "INFORM", "canonical_values": ["True"], "slot": "pets_welcome", "values": ["True"]}, {"act": "INFORM", "canonical_values": ["1116"], "slot": "price", "values": ["$1116"]}, {"act": "NOTIFY_SUCCESS", "canonical_values": [], "slot": "", "values": []}], "service": "Hotels_3", "service_call": {"method": "ReserveHotel", "parameters": {"check_in_date": "2019-03-11", "check_out_date": "2019-03-14", "hotel_name": "1 Hotel Brooklyn Bridge", "location": "New York", "number_of_rooms": "1"}}, "service_results": [{"average_rating": "4.50", "check_in_date": "2019-03-11", "check_out_date": "2019-03-14", "hotel_name": "1 Hotel Brooklyn Bridge", "location": "New York", "number_of_rooms": "1", "pets_welcome": "True", "phone_number": "+1 833-625-6111", "price": "1116", "street_address": "60 Furman Street, Brooklyn"}], "slots": [{"exclusive_end": 72, "slot": "price", "start": 67}]}], "speaker": "SYSTEM", "utterance": "reservation is successfully made . They welcome pets and its costs $1116 ."}, {"frames": [{"actions": [{"act": "THANK_YOU", "canonical_values": [], "slot": "", "values": []}], "service": "Hotels_3", "slots": [], "state": {"active_intent": "ReserveHotel", "requested_slots": [], "slot_values": {"check_in_date": ["March 11th", "the 11th"], "check_out_date": ["14th of march", "March 14th"], "hotel_name": ["1 Hotel brooklyn bridge", "1 hotel brooklyn bridge"], "location": ["New york", "New york city"], "number_of_rooms": ["1"]}}}], "speaker": "USER", "utterance": "ok thanks for your immense help"}, {"frames": [{"actions": [{"act": "REQ_MORE", "canonical_values": [], "slot": "", "values": []}], "service": "Hotels_3", "slots": []}], "speaker": "SYSTEM", "utterance": "whether i need to find any other thing?"}, {"frames": [{"actions": [{"act": "NEGATE", "canonical_values": [], "slot": "", "values": []}, {"act": "THANK_YOU", "canonical_values": [], "slot": "", "values": []}], "service": "Hotels_3", "slots": [], "state": {"active_intent": "NONE", "requested_slots": [], "slot_values": {"check_in_date": ["March 11th", "the 11th"], "check_out_date": ["14th of march", "March 14th"], "hotel_name": ["1 Hotel brooklyn bridge", "1 hotel brooklyn bridge"], "location": ["New york", "New york city"], "number_of_rooms": ["1"]}}}], "speaker": "USER", "utterance": "No, not now, thanks once again"}, {"frames": [{"actions": [{"act": "GOODBYE", "canonical_values": [], "slot": "", "values": []}], "service": "Hotels_3", "slots": []}], "speaker": "SYSTEM", "utterance": "take care have a good day"}]}, {"dialogue_id": "47_00004", "services": ["Hotels_3", "Weather_1"], "turns": [{"frames": [{"actions": [{"act": "INFORM_INTENT", "canonical_values": ["SearchHotel"], "slot": "intent", "values": ["SearchHotel"]}], "service": "Hotels_3", "slots": [], "state": {"active_intent": "SearchHotel", "requested_slots": [], "slot_values": {}}}], "speaker": "USER", "utterance": "Can you find me a hotel?"}, {"frames": [{"actions": [{"act": "REQUEST", "canonical_values": [], "slot": "location", "values": []}], "service": "Hotels_3", "slots": []}], "speaker": "SYSTEM", "utterance": "Sure, what city?"}, {"frames": [{"actions": [{"act": "INFORM", "canonical_values": ["London"], "slot": "location", "values": ["London, UK"]}], "service": "Hotels_3", "slots": [{"exclusive_end": 21, "slot": "location", "start": 11}], "state": {"active_intent": "SearchHotel", "requested_slots": [], "slot_values": {"location": ["London, UK"]}}}], "speaker": "USER", "utterance": "I'll be in London, UK."}, {"frames": [{"actions": [{"act": "OFFER", "canonical_values": ["45 Park Lane"], "slot": "hotel_name", "values": ["45 Park Lane"]}, {"act": "OFFER", "canonical_values": ["4.70"], "slot": "average_rating", "values": ["4.7"]}], "service": "Hotels_3", "service_call": {"method": "SearchHotel", "parameters": {"location": "London"}}, "service_results": [{"average_rating": "4.70", "hotel_name": "45 Park Lane", "location": "London", "number_of_rooms": "1", "pets_welcome": "True", "phone_number": "+44 20 7493 4545", "price": "792", "street_address": "45 Park Lane"}, {"average_rating": "3.20", "hotel_name": "Abc Hyde Park Hotel", "location": "London", "number_of_rooms": "2", "pets_welcome": "False", "phone_number": "+44 20 7706 4660", "price": "1008", "street_address": "121 Sussex Gardens"}, {"average_rating": "3.50", "hotel_name": "Abercorn House", "location": "London", "number_of_rooms": "3", "pets_welcome": "False", "phone_number": "+44 20 8563 8692", "price": "1674", "street_address": "28-30 Bute Gardens"}, {"average_rating": "4.10", "hotel_name": "Accommodation London Bridge", "location": "London", "number_of_rooms": "2", "pets_welcome": "False", "phone_number": "+44 20 7403 4299", "price": "464", "street_address": "58 Great Dover Street"}, {"average_rating": "4.30", "hotel_name": "Ace Hotel London", "location": "London", "number_of_rooms": "1", "pets_welcome": "True", "phone_number": "+44 20 7613 9800", "price": "128", "street_address": "100 Shoreditch High Street"}, {"average_rating": "3.70", "hotel_name": "Airways Hotel London Victoria", "location": "London", "number_of_rooms": "1", "pets_welcome": "False", "phone_number": "+44 20 7834 0205", "price": "240", "street_address": "29-31 Saint George's Drive"}, {"average_rating": "4.50", "hotel_name": "Amba Hotel Charing Cross", "location": "London", "number_of_rooms": "2", "pets_welcome": "False", "phone_number": "+44 871 376 9012", "price": "1624", "street_address": "Strand"}, {"average_rating": "4.20", "hotel_name": "Amba Hotel Marble Arch", "location": "London", "number_of_rooms": "1", "pets_welcome": "False", "phone_number": "+44 800 330 8523", "price": "252", "street_address": "Bryanston Street"}, {"average_rating": "3.90", "hotel_name": "Ambassadors Bloomsbury Hotel", "location": "London", "number_of_rooms": "1", "pets_welcome": "False", "phone_number": "+44 20 7388 9930", "price": "300", "street_address": "12 Upper Woburn Place"}, {"average_rating": "3.00", "hotel_name": "Ambassadors Hotel", "location": "London", "number_of_rooms": "1", "pets_welcome": "False", "phone_number": "+44 20 7373 1075", "price": "150", "street_address": "16 Collingham Road"}], "slots": [{"exclusive_end": 28, "slot": "hotel_name", "start": 16}, {"exclusive_end": 52, "slot": "average_rating", "start": 49}]}], "speaker": "SYSTEM", "utterance": "Okay, how about 45 Park Lane? It has a rating of 4.7."}, {"frames": [{"actions": [{"act": "REQUEST_ALTS", "canonical_values": [], "slot": "", "values": []}], "service": "Hotels_3", "slots": [], "state": {"active_intent": "SearchHotel", "requested_slots": [], "slot_values": {"location": ["London, UK"]}}}], "speaker": "USER", "utterance": "Is there anything else?"}, {"frames": [{"actions": [{"act": "OFFER", "canonical_values": ["Abc Hyde Park Hotel"], "slot": "hotel_name", "values": ["ABC Hyde Park Hotel"]}, {"act": "OFFER", "canonical_values": ["3.20"], "slot": "average_rating", "values": ["3.2"]}], "service": "Hotels_3", "slots": [{"exclusive_end": 19, "slot": "hotel_name", "start": 0}, {"exclusive_end": 39, "slot": "average_rating", "start": 36}]}], "speaker": "SYSTEM", "utterance": "ABC Hyde Park Hotel has a rating of 3.2."}, {"frames": [{"actions": [{"act": "REQUEST", "canonical_values": [], "slot": "pets_welcome", "values": []}], "service": "Hotels_3", "slots": [], "state": {"active_intent": "SearchHotel", "requested_slots": ["pets_welcome"], "slot_values": {"location": ["London, UK"]}}}], "speaker": "USER", "utterance": "Is it pet friendly?"}, {"frames": [{"actions": [{"act": "INFORM", "canonical_values": ["False"], "slot": "pets_welcome", "values": ["False"]}], "service": "Hotels_3", "slots": []}], "speaker": "SYSTEM", "utterance": "No, it's not."}, {"frames": [{"actions": [{"act": "INFORM", "canonical_values": ["1"], "slot": "number_of_rooms", "values": ["1"]}, {"act": "REQUEST_ALTS", "canonical_values": [], "slot": "", "values": []}], "service": "Hotels_3", "slots": [], "state": {"active_intent": "SearchHotel", "requested_slots": [], "slot_values": {"location": ["London, UK"], "number_of_rooms": ["1"]}}}], "speaker": "USER", "utterance": "Is there anything else? I want one room."}, {"frames": [{"actions": [{"act": "OFFER", "canonical_values": ["Abercorn House"], "slot": "hotel_name", "values": ["Abercorn House"]}, {"act": "OFFER", "canonical_values": ["3.50"], "slot": "average_rating", "values": ["3.5"]}], "service": "Hotels_3", "service_call": {"method": "SearchHotel", "parameters": {"location": "London", "number_of_rooms": "1"}}, "service_results": [{"average_rating": "4.70", "hotel_name": "45 Park Lane", "location": "London", "number_of_rooms": "1", "pets_welcome": "True", "phone_number": "+44 20 7493 4545", "price": "792", "street_address": "45 Park Lane"}, {"average_rating": "3.20", "hotel_name": "Abc Hyde Park Hotel", "location": "London", "number_of_rooms": "1", "pets_welcome": "False", "phone_number": "+44 20 7706 4660", "price": "1008", "street_address": "121 Sussex Gardens"}, {"average_rating": "3.50", "hotel_name": "Abercorn House", "location": "London", "number_of_rooms": "1", "pets_welcome": "False", "phone_number": "+44 20 8563 8692", "price": "1674", "street_address": "28-30 Bute Gardens"}, {"average_rating": "4.10", "hotel_name": "Accommodation London Bridge", "location": "London", "number_of_rooms": "1", "pets_welcome": "False", "phone_number": "+44 20 7403 4299", "price": "464", "street_address": "58 Great Dover Street"}, {"average_rating": "4.30", "hotel_name": "Ace Hotel London", "location": "London", "number_of_rooms": "1", "pets_welcome": "True", "phone_number": "+44 20 7613 9800", "price": "128", "street_address": "100 Shoreditch High Street"}, {"average_rating": "3.70", "hotel_name": "Airways Hotel London Victoria", "location": "London", "number_of_rooms": "1", "pets_welcome": "False", "phone_number": "+44 20 7834 0205", "price": "240", "street_address": "29-31 Saint George's Drive"}, {"average_rating": "4.50", "hotel_name": "Amba Hotel Charing Cross", "location": "London", "number_of_rooms": "1", "pets_welcome": "False", "phone_number": "+44 871 376 9012", "price": "1624", "street_address": "Strand"}, {"average_rating": "4.20", "hotel_name": "Amba Hotel Marble Arch", "location": "London", "number_of_rooms": "1", "pets_welcome": "False", "phone_number": "+44 800 330 8523", "price": "252", "street_address": "Bryanston Street"}, {"average_rating": "3.90", "hotel_name": "Ambassadors Bloomsbury Hotel", "location": "London", "number_of_rooms": "1", "pets_welcome": "False", "phone_number": "+44 20 7388 9930", "price": "300", "street_address": "12 Upper Woburn Place"}, {"average_rating": "3.00", "hotel_name": "Ambassadors Hotel", "location": "London", "number_of_rooms": "1", "pets_welcome": "False", "phone_number": "+44 20 7373 1075", "price": "150", "street_address": "16 Collingham Road"}], "slots": [{"exclusive_end": 24, "slot": "hotel_name", "start": 10}, {"exclusive_end": 48, "slot": "average_rating", "start": 45}]}], "speaker": "SYSTEM", "utterance": "How about Abercorn House? It has a rating of 3.5."}, {"frames": [{"actions": [{"act": "REQUEST", "canonical_values": [], "slot": "pets_welcome", "values": []}, {"act": "REQUEST", "canonical_values": [], "slot": "street_address", "values": []}], "service": "Hotels_3", "slots": [], "state": {"active_intent": "SearchHotel", "requested_slots": ["pets_welcome", "street_address"], "slot_values": {"location": ["London, UK"], "number_of_rooms": ["1"]}}}], "speaker": "USER", "utterance": "Is it pet-friendly? What's the address?"}, {"frames": [{"actions": [{"act": "INFORM", "canonical_values": ["28-30 Bute Gardens"], "slot": "street_address", "values": ["28-30 Bute Gardens"]}, {"act": "INFORM", "canonical_values": ["False"], "slot": "pets_welcome", "values": ["False"]}], "service": "Hotels_3", "slots": [{"exclusive_end": 37, "slot": "street_address", "start": 19}]}], "speaker": "SYSTEM", "utterance": "It is not. It's at 28-30 Bute Gardens."}, {"frames": [{"actions": [{"act": "SELECT", "canonical_values": [], "slot": "", "values": []}], "service": "Hotels_3", "slots": [], "state": {"active_intent": "SearchHotel", "requested_slots": [], "slot_values": {"hotel_name": ["Abercorn House"], "location": ["London, UK"], "number_of_rooms": ["1"]}}}], "speaker": "USER", "utterance": "That sounds good."}, {"frames": [{"actions": [{"act": "OFFER_INTENT", "canonical_values": ["ReserveHotel"], "slot": "intent", "values": ["ReserveHotel"]}], "service": "Hotels_3", "slots": []}], "speaker": "SYSTEM", "utterance": "Should I reserve it for you?"}, {"frames": [{"actions": [{"act": "NEGATE_INTENT", "canonical_values": [], "slot": "", "values": []}], "service": "Hotels_3", "slots": [], "state": {"active_intent": "NONE", "requested_slots": [], "slot_values": {"hotel_name": ["Abercorn House"], "location": ["London, UK"], "number_of_rooms": ["1"]}}}, {"actions": [{"act": "INFORM", "canonical_values": ["2019-03-07"], "slot": "date", "values": ["March 7th"]}, {"act": "INFORM_INTENT", "canonical_values": ["GetWeather"], "slot": "intent", "values": ["GetWeather"]}], "service": "Weather_1", "slots": [{"exclusive_end": 57, "slot": "date", "start": 48}], "state": {"active_intent": "GetWeather", "requested_slots": [], "slot_values": {"city": ["London, UK"], "date": ["March 7th"]}}}], "speaker": "USER", "utterance": "Yes, probably later. How's the weather there on March 7th?"}, {"frames": [{"actions": [{"act": "OFFER", "canonical_values": ["71"], "slot": "temperature", "values": ["71"]}, {"act": "OFFER", "canonical_values": ["27"], "slot": "precipitation", "values": ["27"]}], "service": "Weather_1", "service_call": {"method": "GetWeather", "parameters": {"city": "London", "date": "2019-03-07"}}, "service_results": [{"city": "London", "date": "2019-03-07", "humidity": "44", "precipitation": "27", "temperature": "71", "wind": "3"}], "slots": [{"exclusive_end": 13, "slot": "temperature", "start": 11}, {"exclusive_end": 31, "slot": "precipitation", "start": 29}]}], "speaker": "SYSTEM", "utterance": "It will be 71 degrees with a 27 percent chance of rain."}, {"frames": [{"actions": [{"act": "REQUEST", "canonical_values": [], "slot": "humidity", "values": []}], "service": "Weather_1", "slots": [], "state": {"active_intent": "GetWeather", "requested_slots": ["humidity"], "slot_values": {"city": ["London, UK"], "date": ["March 7th"]}}}], "speaker": "USER", "utterance": "How about the humidity?"}, {"frames": [{"actions": [{"act": "INFORM", "canonical_values": ["44"], "slot": "humidity", "values": ["44"]}], "service": "Weather_1", "slots": [{"exclusive_end": 18, "slot": "humidity", "start": 16}]}], "speaker": "SYSTEM", "utterance": "It'll be around 44 percent."}, {"frames": [{"actions": [{"act": "INFORM_INTENT", "canonical_values": ["ReserveHotel"], "slot": "intent", "values": ["ReserveHotel"]}], "service": "Hotels_3", "slots": [], "state": {"active_intent": "ReserveHotel", "requested_slots": [], "slot_values": {"hotel_name": ["Abercorn House"], "location": ["London, UK"], "number_of_rooms": ["1"]}}}, {"actions": [{"act": "SELECT", "canonical_values": [], "slot": "", "values": []}], "service": "Weather_1", "slots": [], "state": {"active_intent": "GetWeather", "requested_slots": [], "slot_values": {"city": ["London, UK"], "date": ["March 7th"]}}}], "speaker": "USER", "utterance": "Okay, well please book the hotel."}, {"frames": [{"actions": [{"act": "REQUEST", "canonical_values": [], "slot": "check_out_date", "values": []}], "service": "Hotels_3", "slots": []}], "speaker": "SYSTEM", "utterance": "Okay sure, when will you check out?"}, {"frames": [{"actions": [{"act": "INFORM", "canonical_values": ["2019-03-09"], "slot": "check_out_date", "values": ["the 9th"]}], "service": "Hotels_3", "slots": [{"exclusive_end": 10, "slot": "check_out_date", "start": 3}], "state": {"active_intent": "ReserveHotel", "requested_slots": [], "slot_values": {"check_out_date": ["the 9th"], "hotel_name": ["Abercorn House"], "location": ["London, UK"], "number_of_rooms": ["1"]}}}], "speaker": "USER", "utterance": "On the 9th."}, {"frames": [{"actions": [{"act": "REQUEST", "canonical_values": ["2019-03-07"], "slot": "check_in_date", "values": ["March 7th"]}], "service": "Hotels_3", "slots": [{"exclusive_end": 39, "slot": "check_in_date", "start": 30}]}], "speaker": "SYSTEM", "utterance": "And you'd like to check in on March 7th?"}, {"frames": [{"actions": [{"act": "INFORM", "canonical_values": ["2019-03-03"], "slot": "check_in_date", "values": ["day after tomorrow"]}], "service": "Hotels_3", "slots": [{"exclusive_end": 48, "slot": "check_in_date", "start": 30}], "state": {"active_intent": "ReserveHotel", "requested_slots": [], "slot_values": {"check_in_date": ["day after tomorrow"], "check_out_date": ["the 9th"], "hotel_name": ["Abercorn House"], "location": ["London, UK"], "number_of_rooms": ["1"]}}}], "speaker": "USER", "utterance": "No, I want to check in on the day after tomorrow."}, {"frames": [{"actions": [{"act": "CONFIRM", "canonical_values": ["Abercorn House"], "slot": "hotel_name", "values": ["Abercorn House"]}, {"act": "CONFIRM", "canonical_values": ["London"], "slot": "location", "values": ["London"]}, {"act": "CONFIRM", "canonical_values": ["2019-03-03"], "slot": "check_in_date", "values": ["March 3rd"]}, {"act": "CONFIRM", "canonical_values": ["2019-03-09"], "slot": "check_out_date", "values": ["March 9th"]}, {"act": "CONFIRM", "canonical_values": ["1"], "slot": "number_of_rooms", "values": ["1"]}], "service": "Hotels_3", "slots": [{"exclusive_end": 61, "slot": "hotel_name", "start": 47}, {"exclusive_end": 71, "slot": "location", "start": 65}, {"exclusive_end": 86, "slot": "check_in_date", "start": 77}, {"exclusive_end": 99, "slot": "check_out_date", "start": 90}]}], "speaker": "SYSTEM", "utterance": "Okay. Please confirm that you'd like 1 room at Abercorn House in London from March 3rd to March 9th."}, {"frames": [{"actions": [{"act": "AFFIRM", "canonical_values": [], "slot": "", "values": []}], "service": "Hotels_3", "slots": [], "state": {"active_intent": "ReserveHotel", "requested_slots": [], "slot_values": {"check_in_date": ["March 3rd", "day after tomorrow"], "check_out_date": ["March 9th", "the 9th"], "hotel_name": ["Abercorn House"], "location": ["London", "London, UK"], "number_of_rooms": ["1"]}}}], "speaker": "USER", "utterance": "Yes, that's perfect."}, {"frames": [{"actions": [{"act": "NOTIFY_SUCCESS", "canonical_values": [], "slot": "", "values": []}], "service": "Hotels_3", "service_call": {"method": "ReserveHotel", "parameters": {"check_in_date": "2019-03-03", "check_out_date": "2019-03-09", "hotel_name": "Abercorn House", "location": "London", "number_of_rooms": "1"}}, "service_results": [{"average_rating": "3.50", "check_in_date": "2019-03-03", "check_out_date": "2019-03-09", "hotel_name": "Abercorn House", "location": "London", "number_of_rooms": "1", "pets_welcome": "False", "phone_number": "+44 20 8563 8692", "price": "1674", "street_address": "28-30 Bute Gardens"}], "slots": []}], "speaker": "SYSTEM", "utterance": "Okay, it has been done."}, {"frames": [{"actions": [{"act": "REQUEST", "canonical_values": [], "slot": "phone_number", "values": []}], "service": "Hotels_3", "slots": [], "state": {"active_intent": "ReserveHotel", "requested_slots": ["phone_number"], "slot_values": {"check_in_date": ["March 3rd", "day after tomorrow"], "check_out_date": ["March 9th", "the 9th"], "hotel_name": ["Abercorn House"], "location": ["London", "London, UK"], "number_of_rooms": ["1"]}}}], "speaker": "USER", "utterance": "How can I contact them?"}, {"frames": [{"actions": [{"act": "INFORM", "canonical_values": ["+44 20 8563 8692"], "slot": "phone_number", "values": ["+44 20 8563 8692"]}], "service": "Hotels_3", "slots": [{"exclusive_end": 37, "slot": "phone_number", "start": 21}]}], "speaker": "SYSTEM", "utterance": "You can call them on +44 20 8563 8692."}, {"frames": [{"actions": [{"act": "THANK_YOU", "canonical_values": [], "slot": "", "values": []}], "service": "Hotels_3", "slots": [], "state": {"active_intent": "ReserveHotel", "requested_slots": [], "slot_values": {"check_in_date": ["March 3rd", "day after tomorrow"], "check_out_date": ["March 9th", "the 9th"], "hotel_name": ["Abercorn House"], "location": ["London", "London, UK"], "number_of_rooms": ["1"]}}}], "speaker": "USER", "utterance": "Thanks so much."}, {"frames": [{"actions": [{"act": "REQ_MORE", "canonical_values": [], "slot": "", "values": []}], "service": "Hotels_3", "slots": []}], "speaker": "SYSTEM", "utterance": "Is there anything else?"}, {"frames": [{"actions": [{"act": "NEGATE", "canonical_values": [], "slot": "", "values": []}, {"act": "THANK_YOU", "canonical_values": [], "slot": "", "values": []}], "service": "Hotels_3", "slots": [], "state": {"active_intent": "NONE", "requested_slots": [], "slot_values": {"check_in_date": ["March 3rd", "day after tomorrow"], "check_out_date": ["March 9th", "the 9th"], "hotel_name": ["Abercorn House"], "location": ["London", "London, UK"], "number_of_rooms": ["1"]}}}], "speaker": "USER", "utterance": "No, that's all thanks."}, {"frames": [{"actions": [{"act": "GOODBYE", "canonical_values": [], "slot": "", "values": []}], "service": "Hotels_3", "slots": []}], "speaker": "SYSTEM", "utterance": "Okay, see you."}]}]