[{"dialogue_id": "111_00000", "services": ["Events_1", "Restaurants_1"], "turns": [{"frames": [{"actions": [{"act": "INFORM_INTENT", "canonical_values": ["BuyEventTickets"], "slot": "intent", "values": ["BuyEventTickets"]}], "service": "Events_1", "slots": [], "state": {"active_intent": "BuyEventTickets", "requested_slots": [], "slot_values": {}}}], "speaker": "USER", "utterance": "Can you help me reserve some tickets to an event?"}, {"frames": [{"actions": [{"act": "REQUEST", "canonical_values": [], "slot": "number_of_seats", "values": []}, {"act": "REQUEST", "canonical_values": [], "slot": "date", "values": []}, {"act": "REQUEST", "canonical_values": [], "slot": "event_name", "values": []}], "service": "Events_1", "slots": []}], "speaker": "SYSTEM", "utterance": "I'll need some additional information. Do you have a certain event in mind and do you know the date you want to attend? How many tickets do you need?"}, {"frames": [{"actions": [{"act": "INFORM", "canonical_values": ["Remo Drive"], "slot": "event_name", "values": ["Remo Drive"]}, {"act": "INFORM", "canonical_values": ["2"], "slot": "number_of_seats", "values": ["2"]}, {"act": "INFORM", "canonical_values": ["2019-03-12"], "slot": "date", "values": ["12th of this month"]}], "service": "Events_1", "slots": [{"exclusive_end": 41, "slot": "event_name", "start": 31}, {"exclusive_end": 67, "slot": "date", "start": 49}], "state": {"active_intent": "BuyEventTickets", "requested_slots": [], "slot_values": {"date": ["12th of this month"], "event_name": ["Remo Drive"], "number_of_seats": ["2"]}}}], "speaker": "USER", "utterance": "Sure. I'll need two tickets to Remo Drive on the 12th of this month."}, {"frames": [{"actions": [{"act": "REQUEST", "canonical_values": [], "slot": "city_of_event", "values": []}], "service": "Events_1", "slots": []}], "speaker": "SYSTEM", "utterance": "Okay, what's the city?"}, {"frames": [{"actions": [{"act": "INFORM", "canonical_values": ["San Francisco"], "slot": "city_of_event", "values": ["San Fran"]}], "service": "Events_1", "slots": [{"exclusive_end": 20, "slot": "city_of_event", "start": 12}], "state": {"active_intent": "BuyEventTickets", "requested_slots": [], "slot_values": {"city_of_event": ["San Fran"], "date": ["12th of this month"], "event_name": ["Remo Drive"], "number_of_seats": ["2"]}}}], "speaker": "USER", "utterance": "It'll be in San Fran."}, {"frames": [{"actions": [{"act": "CONFIRM", "canonical_values": ["Remo Drive"], "slot": "event_name", "values": ["Remo Drive"]}, {"act": "CONFIRM", "canonical_values": ["2"], "slot": "number_of_seats", "values": ["2"]}, {"act": "CONFIRM", "canonical_values": ["2019-03-12"], "slot": "date", "values": ["March 12th"]}, {"act": "CONFIRM", "canonical_values": ["San Francisco"], "slot": "city_of_event", "values": ["San Francisco"]}], "service": "Events_1", "slots": [{"exclusive_end": 57, "slot": "event_name", "start": 47}, {"exclusive_end": 89, "slot": "date", "start": 79}, {"exclusive_end": 74, "slot": "city_of_event", "start": 61}]}], "speaker": "SYSTEM", "utterance": "Could you confirm that you'd like 2 tickets to Remo Drive in San Francisco for March 12th?"}, {"frames": [{"actions": [{"act": "REQUEST", "canonical_values": [], "slot": "address_of_location", "values": []}, {"act": "AFFIRM", "canonical_values": [], "slot": "", "values": []}], "service": "Events_1", "slots": [], "state": {"active_intent": "BuyEventTickets", "requested_slots": ["address_of_location"], "slot_values": {"city_of_event": ["San Fran", "San Francisco"], "date": ["12th of this month", "March 12th"], "event_name": ["Remo Drive"], "number_of_seats": ["2"]}}}], "speaker": "USER", "utterance": "Yup, what's the address?"}, {"frames": [{"actions": [{"act": "INFORM", "canonical_values": ["777 Valencia Street"], "slot": "address_of_location", "values": ["777 Valencia Street"]}, {"act": "NOTIFY_SUCCESS", "canonical_values": [], "slot": "", "values": []}], "service": "Events_1", "service_call": {"method": "BuyEventTickets", "parameters": {"city_of_event": "San Francisco", "date": "2019-03-12", "event_name": "Remo Drive", "number_of_seats": "2"}}, "service_results": [{"address_of_location": "777 Valencia Street", "city_of_event": "San Francisco", "date": "2019-03-12", "event_location": "The Chapel", "event_name": "Remo Drive", "number_of_seats": "2", "time": "19:00"}], "slots": [{"exclusive_end": 60, "slot": "address_of_location", "start": 41}]}], "speaker": "SYSTEM", "utterance": "I've confirmed your tickets. It'll be at 777 Valencia Street."}, {"frames": [{"actions": [{"act": "REQUEST", "canonical_values": [], "slot": "event_location", "values": []}, {"act": "REQUEST", "canonical_values": [], "slot": "time", "values": []}], "service": "Events_1", "slots": [], "state": {"active_intent": "BuyEventTickets", "requested_slots": ["event_location", "time"], "slot_values": {"city_of_event": ["San Fran", "San Francisco"], "date": ["12th of this month", "March 12th"], "event_name": ["Remo Drive"], "number_of_seats": ["2"]}}}], "speaker": "USER", "utterance": "Okay, what's the venue called and when does it start?"}, {"frames": [{"actions": [{"act": "INFORM", "canonical_values": ["19:00"], "slot": "time", "values": ["7 pm"]}, {"act": "INFORM", "canonical_values": ["The Chapel"], "slot": "event_location", "values": ["the Chapel"]}], "service": "Events_1", "slots": [{"exclusive_end": 30, "slot": "time", "start": 26}, {"exclusive_end": 22, "slot": "event_location", "start": 12}]}], "speaker": "SYSTEM", "utterance": "It'll be at the Chapel at 7 pm."}, {"frames": [{"actions": [{"act": "INFORM_INTENT", "canonical_values": ["FindRestaurants"], "slot": "intent", "values": ["FindRestaurants"]}], "service": "Restaurants_1", "slots": [], "state": {"active_intent": "FindRestaurants", "requested_slots": [], "slot_values": {"city": ["San Fran", "San Francisco"]}}}, {"actions": [{"act": "THANK_YOU", "canonical_values": [], "slot": "", "values": []}], "service": "Events_1", "slots": [], "state": {"active_intent": "BuyEventTickets", "requested_slots": [], "slot_values": {"city_of_event": ["San Fran", "San Francisco"], "date": ["12th of this month", "March 12th"], "event_name": ["Remo Drive"], "number_of_seats": ["2"]}}}], "speaker": "USER", "utterance": "Ok, that sounds fine. Can you help me find a restaurant near there too?"}, {"frames": [{"actions": [{"act": "REQUEST", "canonical_values": [], "slot": "cuisine", "values": []}], "service": "Restaurants_1", "slots": []}], "speaker": "SYSTEM", "utterance": "Sure, what kind of food?"}, {"frames": [{"actions": [{"act": "INFORM", "canonical_values": ["Spanish"], "slot": "cuisine", "values": ["Spanish"]}], "service": "Restaurants_1", "slots": [{"exclusive_end": 15, "slot": "cuisine", "start": 8}], "state": {"active_intent": "FindRestaurants", "requested_slots": [], "slot_values": {"city": ["San Fran", "San Francisco"], "cuisine": ["Spanish"]}}}], "speaker": "USER", "utterance": "I think Spanish sounds great."}, {"frames": [{"actions": [{"act": "OFFER", "canonical_values": ["Alegrias"], "slot": "restaurant_name", "values": ["Alegrias"]}, {"act": "OFFER", "canonical_values": ["San Francisco"], "slot": "city", "values": ["San Francisco"]}, {"act": "INFORM_COUNT", "canonical_values": ["8"], "slot": "count", "values": ["8"]}], "service": "Restaurants_1", "service_call": {"method": "FindRestaurants", "parameters": {"city": "San Francisco", "cuisine": "Spanish"}}, "service_results": [{"city": "San Francisco", "cuisine": "Spanish", "has_live_music": "False", "phone_number": "415-929-8888", "price_range": "moderate", "restaurant_name": "Alegrias", "serves_alcohol": "False", "street_address": "2018 Lombard Street"}, {"city": "San Francisco", "cuisine": "Spanish", "has_live_music": "False", "phone_number": "415-986-6287", "price_range": "moderate", "restaurant_name": "B44 Catalan Bistro", "serves_alcohol": "False", "street_address": "44 Belden Place"}, {"city": "San Francisco", "cuisine": "Spanish", "has_live_music": "False", "phone_number": "415-430-6590", "price_range": "expensive", "restaurant_name": "Barcino", "serves_alcohol": "True", "street_address": "399 Grove Street"}, {"city": "San Francisco", "cuisine": "Spanish", "has_live_music": "True", "phone_number": "415-430-6580", "price_range": "expensive", "restaurant_name": "Bellota", "serves_alcohol": "True", "street_address": "888 Brannan Street"}, {"city": "San Francisco", "cuisine": "Spanish", "has_live_music": "False", "phone_number": "415-345-2301", "price_range": "expensive", "restaurant_name": "Bota Tapas & Paella Bar", "serves_alcohol": "False", "street_address": "490 Geary Street"}, {"city": "San Francisco", "cuisine": "Spanish", "has_live_music": "False", "phone_number": "415-552-3000", "price_range": "moderate", "restaurant_name": "Canela Bistro & Wine Bar", "serves_alcohol": "False", "street_address": "2272 Market Street"}, {"city": "San Francisco", "cuisine": "Spanish", "has_live_music": "False", "phone_number": "415-704-8866", "price_range": "expensive", "restaurant_name": "Coqueta", "serves_alcohol": "True", "street_address": "Pier 5 The Embarcadero"}, {"city": "San Francisco", "cuisine": "Spanish", "has_live_music": "False", "phone_number": "415-391-2555", "price_range": "expensive", "restaurant_name": "Piperade", "serves_alcohol": "False", "street_address": "1015 Battery Street"}], "slots": [{"exclusive_end": 71, "slot": "restaurant_name", "start": 63}, {"exclusive_end": 52, "slot": "city", "start": 39}]}], "speaker": "SYSTEM", "utterance": "Okay, i found 8 Spanish restaurants in San Francisco. How does Alegrias sound?"}, {"frames": [{"actions": [{"act": "INFORM_INTENT", "canonical_values": ["ReserveRestaurant"], "slot": "intent", "values": ["ReserveRestaurant"]}, {"act": "SELECT", "canonical_values": [], "slot": "", "values": []}], "service": "Restaurants_1", "slots": [], "state": {"active_intent": "ReserveRestaurant", "requested_slots": [], "slot_values": {"city": ["San Fran", "San Francisco"], "cuisine": ["Spanish"], "date": ["12th of this month", "March 12th"], "party_size": ["2"], "restaurant_name": ["Alegrias"]}}}], "speaker": "USER", "utterance": "Perfect, make a reservation."}, {"frames": [{"actions": [{"act": "REQUEST", "canonical_values": [], "slot": "time", "values": []}], "service": "Restaurants_1", "slots": []}], "speaker": "SYSTEM", "utterance": "What time should I make it for?"}, {"frames": [{"actions": [{"act": "INFORM", "canonical_values": ["12:15"], "slot": "time", "values": ["12:15 in the afternoon"]}], "service": "Restaurants_1", "slots": [{"exclusive_end": 25, "slot": "time", "start": 3}], "state": {"active_intent": "ReserveRestaurant", "requested_slots": [], "slot_values": {"city": ["San Fran", "San Francisco"], "cuisine": ["Spanish"], "date": ["12th of this month", "March 12th"], "party_size": ["2"], "restaurant_name": ["Alegrias"], "time": ["12:15 in the afternoon"]}}}], "speaker": "USER", "utterance": "Do 12:15 in the afternoon."}, {"frames": [{"actions": [{"act": "CONFIRM", "canonical_values": ["Alegrias"], "slot": "restaurant_name", "values": ["Alegrias"]}, {"act": "CONFIRM", "canonical_values": ["San Francisco"], "slot": "city", "values": ["San Francisco"]}, {"act": "CONFIRM", "canonical_values": ["12:15"], "slot": "time", "values": ["12:15 pm"]}, {"act": "CONFIRM", "canonical_values": ["2"], "slot": "party_size", "values": ["2"]}, {"act": "CONFIRM", "canonical_values": ["2019-03-12"], "slot": "date", "values": ["March 12th"]}], "service": "Restaurants_1", "slots": [{"exclusive_end": 63, "slot": "restaurant_name", "start": 55}, {"exclusive_end": 80, "slot": "city", "start": 67}, {"exclusive_end": 93, "slot": "time", "start": 85}, {"exclusive_end": 107, "slot": "date", "start": 97}]}], "speaker": "SYSTEM", "utterance": "No problem. Please confirm you'd like a table for 2 at Alegrias in San Francisco for 12:15 pm on March 12th."}, {"frames": [{"actions": [{"act": "AFFIRM", "canonical_values": [], "slot": "", "values": []}], "service": "Restaurants_1", "slots": [], "state": {"active_intent": "ReserveRestaurant", "requested_slots": [], "slot_values": {"city": ["San Fran", "San Francisco"], "cuisine": ["Spanish"], "date": ["12th of this month", "March 12th"], "party_size": ["2"], "restaurant_name": ["Alegrias"], "time": ["12:15 in the afternoon", "12:15 pm"]}}}], "speaker": "USER", "utterance": "Yup, that sounds good to me."}, {"frames": [{"actions": [{"act": "NOTIFY_SUCCESS", "canonical_values": [], "slot": "", "values": []}], "service": "Restaurants_1", "service_call": {"method": "ReserveRestaurant", "parameters": {"city": "San Francisco", "date": "2019-03-12", "party_size": "2", "restaurant_name": "Alegrias", "time": "12:15"}}, "service_results": [{"city": "San Francisco", "cuisine": "Spanish", "date": "2019-03-12", "has_live_music": "False", "party_size": "2", "phone_number": "415-929-8888", "price_range": "moderate", "restaurant_name": "Alegrias", "serves_alcohol": "False", "street_address": "2018 Lombard Street", "time": "12:00"}], "slots": []}], "speaker": "SYSTEM", "utterance": "I've made your reservation."}, {"frames": [{"actions": [{"act": "THANK_YOU", "canonical_values": [], "slot": "", "values": []}], "service": "Restaurants_1", "slots": [], "state": {"active_intent": "ReserveRestaurant", "requested_slots": [], "slot_values": {"city": ["San Fran", "San Francisco"], "cuisine": ["Spanish"], "date": ["12th of this month", "March 12th"], "party_size": ["2"], "restaurant_name": ["Alegrias"], "time": ["12:15 in the afternoon", "12:15 pm"]}}}], "speaker": "USER", "utterance": "Awesome, thanks a lot."}, {"frames": [{"actions": [{"act": "REQ_MORE", "canonical_values": [], "slot": "", "values": []}], "service": "Restaurants_1", "slots": []}], "speaker": "SYSTEM", "utterance": "Anything else you need?"}, {"frames": [{"actions": [{"act": "NEGATE", "canonical_values": [], "slot": "", "values": []}, {"act": "THANK_YOU", "canonical_values": [], "slot": "", "values": []}], "service": "Restaurants_1", "slots": [], "state": {"active_intent": "NONE", "requested_slots": [], "slot_values": {"city": ["San Fran", "San Francisco"], "cuisine": ["Spanish"], "date": ["12th of this month", "March 12th"], "party_size": ["2"], "restaurant_name": ["Alegrias"], "time": ["12:15 in the afternoon", "12:15 pm"]}}}], "speaker": "USER", "utterance": "Nope, thanks again."}, {"frames": [{"actions": [{"act": "GOODBYE", "canonical_values": [], "slot": "", "values": []}], "service": "Restaurants_1", "slots": []}], "speaker": "SYSTEM", "utterance": "No problem, have a good rest of your day."}]}, {"dialogue_id": "111_00001", "services": ["Events_1", "Restaurants_1"], "turns": [{"frames": [{"actions": [{"act": "INFORM_INTENT", "canonical_values": ["BuyEventTickets"], "slot": "intent", "values": ["BuyEventTickets"]}], "service": "Events_1", "slots": [], "state": {"active_intent": "BuyEventTickets", "requested_slots": [], "slot_values": {}}}], "speaker": "USER", "utterance": "I'm looking to book tickets to an event."}, {"frames": [{"actions": [{"act": "REQUEST", "canonical_values": [], "slot": "event_name", "values": []}, {"act": "REQUEST", "canonical_values": [], "slot": "city_of_event", "values": []}], "service": "Events_1", "slots": []}], "speaker": "SYSTEM", "utterance": "What event are you thinking of and what city should I look for it in?"}, {"frames": [{"actions": [{"act": "INFORM", "canonical_values": ["San Francisco"], "slot": "city_of_event", "values": ["San Fran"]}, {"act": "INFORM", "canonical_values": ["Giants Vs Diamondbacks"], "slot": "event_name", "values": ["Giants Vs Diamondbacks"]}, {"act": "INFORM", "canonical_values": ["2019-03-13"], "slot": "date", "values": ["13th of this month"]}], "service": "Events_1", "slots": [{"exclusive_end": 54, "slot": "city_of_event", "start": 46}, {"exclusive_end": 42, "slot": "event_name", "start": 20}, {"exclusive_end": 97, "slot": "date", "start": 79}], "state": {"active_intent": "BuyEventTickets", "requested_slots": [], "slot_values": {"city_of_event": ["San Fran"], "date": ["13th of this month"], "event_name": ["Giants Vs Diamondbacks"]}}}], "speaker": "USER", "utterance": "I'm looking for the Giants Vs Diamondbacks in San Fran and it should be on the 13th of this month."}, {"frames": [{"actions": [{"act": "REQUEST", "canonical_values": [], "slot": "number_of_seats", "values": []}], "service": "Events_1", "slots": []}], "speaker": "SYSTEM", "utterance": "And how many tickets will you need?"}, {"frames": [{"actions": [{"act": "INFORM", "canonical_values": ["2"], "slot": "number_of_seats", "values": ["2"]}], "service": "Events_1", "slots": [], "state": {"active_intent": "BuyEventTickets", "requested_slots": [], "slot_values": {"city_of_event": ["San Fran"], "date": ["13th of this month"], "event_name": ["Giants Vs Diamondbacks"], "number_of_seats": ["2"]}}}], "speaker": "USER", "utterance": "I will need 2 tickets."}, {"frames": [{"actions": [{"act": "CONFIRM", "canonical_values": ["Giants Vs Diamondbacks"], "slot": "event_name", "values": ["Giants Vs Diamondbacks"]}, {"act": "CONFIRM", "canonical_values": ["2"], "slot": "number_of_seats", "values": ["2"]}, {"act": "CONFIRM", "canonical_values": ["2019-03-13"], "slot": "date", "values": ["March 13th"]}, {"act": "CONFIRM", "canonical_values": ["San Francisco"], "slot": "city_of_event", "values": ["San Francisco"]}], "service": "Events_1", "slots": [{"exclusive_end": 84, "slot": "event_name", "start": 62}, {"exclusive_end": 115, "slot": "date", "start": 105}, {"exclusive_end": 101, "slot": "city_of_event", "start": 88}]}], "speaker": "SYSTEM", "utterance": "Please make sure this is correct, I will get you 2 tickets to Giants Vs Diamondbacks in San Francisco on March 13th?"}, {"frames": [{"actions": [{"act": "REQUEST", "canonical_values": [], "slot": "event_location", "values": []}, {"act": "REQUEST", "canonical_values": [], "slot": "time", "values": []}, {"act": "AFFIRM", "canonical_values": [], "slot": "", "values": []}], "service": "Events_1", "slots": [], "state": {"active_intent": "BuyEventTickets", "requested_slots": ["event_location", "time"], "slot_values": {"city_of_event": ["San Fran", "San Francisco"], "date": ["13th of this month", "March 13th"], "event_name": ["Giants Vs Diamondbacks"], "number_of_seats": ["2"]}}}], "speaker": "USER", "utterance": "Yeah, that's correct. Where is it going to take place and what's the start time?"}, {"frames": [{"actions": [{"act": "INFORM", "canonical_values": ["20:00"], "slot": "time", "values": ["8 pm"]}, {"act": "INFORM", "canonical_values": ["Oracle Park"], "slot": "event_location", "values": ["Oracle Park"]}, {"act": "NOTIFY_SUCCESS", "canonical_values": [], "slot": "", "values": []}], "service": "Events_1", "service_call": {"method": "BuyEventTickets", "parameters": {"city_of_event": "San Francisco", "date": "2019-03-13", "event_name": "Giants Vs Diamondbacks", "number_of_seats": "2"}}, "service_results": [{"address_of_location": "24 Willie Mays Plaza", "city_of_event": "San Francisco", "date": "2019-03-13", "event_location": "Oracle Park", "event_name": "Giants Vs Diamondbacks", "number_of_seats": "2", "time": "20:00"}], "slots": [{"exclusive_end": 67, "slot": "time", "start": 63}, {"exclusive_end": 82, "slot": "event_location", "start": 71}]}], "speaker": "SYSTEM", "utterance": "I've booked you the tickets, have a fun time! It will start at 8 pm at Oracle Park."}, {"frames": [{"actions": [{"act": "INFORM_INTENT", "canonical_values": ["FindRestaurants"], "slot": "intent", "values": ["FindRestaurants"]}], "service": "Restaurants_1", "slots": [], "state": {"active_intent": "FindRestaurants", "requested_slots": [], "slot_values": {"city": ["San Fran", "San Francisco"]}}}], "speaker": "USER", "utterance": "I also need help finding restaurants in that area."}, {"frames": [{"actions": [{"act": "REQUEST", "canonical_values": ["Indian", "American"], "slot": "cuisine", "values": ["Indian", "American"]}], "service": "Restaurants_1", "slots": [{"exclusive_end": 56, "slot": "cuisine", "start": 50}, {"exclusive_end": 66, "slot": "cuisine", "start": 58}]}], "speaker": "SYSTEM", "utterance": "Is there any particular cuisine you want, such as Indian, American, or anything else?"}, {"frames": [{"actions": [{"act": "INFORM", "canonical_values": ["Chinese"], "slot": "cuisine", "values": ["Szcheuan"]}], "service": "Restaurants_1", "slots": [{"exclusive_end": 24, "slot": "cuisine", "start": 16}], "state": {"active_intent": "FindRestaurants", "requested_slots": [], "slot_values": {"city": ["San Fran", "San Francisco"], "cuisine": ["Szcheuan"]}}}], "speaker": "USER", "utterance": "I'm really into Szcheuan food."}, {"frames": [{"actions": [{"act": "OFFER", "canonical_values": ["Alice's"], "slot": "restaurant_name", "values": ["Alice's"]}, {"act": "OFFER", "canonical_values": ["San Francisco"], "slot": "city", "values": ["San Francisco"]}], "service": "Restaurants_1", "service_call": {"method": "FindRestaurants", "parameters": {"city": "San Francisco", "cuisine": "Chinese"}}, "service_results": [{"city": "San Francisco", "cuisine": "Chinese", "has_live_music": "False", "phone_number": "415-282-8999", "price_range": "inexpensive", "restaurant_name": "Alice's", "serves_alcohol": "False", "street_address": "1599 Sanchez Street"}, {"city": "San Francisco", "cuisine": "Chinese", "has_live_music": "False", "phone_number": "415-775-3679", "price_range": "inexpensive", "restaurant_name": "Bamboo Restaurant", "serves_alcohol": "True", "street_address": "1441 Polk Street"}, {"city": "San Francisco", "cuisine": "Chinese", "has_live_music": "False", "phone_number": "415-661-8385", "price_range": "inexpensive", "restaurant_name": "Bei Fang Style", "serves_alcohol": "True", "street_address": "2218 Irving Street"}, {"city": "San Francisco", "cuisine": "Chinese", "has_live_music": "False", "phone_number": "415-333-8182", "price_range": "moderate", "restaurant_name": "Beijing Restaurant", "serves_alcohol": "False", "street_address": "1801 Alemany Boulevard"}, {"city": "San Francisco", "cuisine": "Chinese", "has_live_music": "False", "phone_number": "415-387-2658", "price_range": "moderate", "restaurant_name": "Chili House Sf", "serves_alcohol": "True", "street_address": "726 Clement Street"}, {"city": "San Francisco", "cuisine": "Chinese", "has_live_music": "False", "phone_number": "415-655-3335", "price_range": "moderate", "restaurant_name": "Chubby Noodle Marina", "serves_alcohol": "False", "street_address": "2205 Lombard Street"}, {"city": "San Francisco", "cuisine": "Chinese", "has_live_music": "False", "phone_number": "415-337-1888", "price_range": "inexpensive", "restaurant_name": "Crazy Pepper", "serves_alcohol": "False", "street_address": "2257 San Jose Avenue"}, {"city": "San Francisco", "cuisine": "Chinese", "has_live_music": "False", "phone_number": "415-529-2615", "price_range": "inexpensive", "restaurant_name": "Dim Sum Club", "serves_alcohol": "False", "street_address": "2550 Van Ness Avenue"}, {"city": "San Francisco", "cuisine": "Chinese", "has_live_music": "False", "phone_number": "415-333-8899", "price_range": "moderate", "restaurant_name": "Dragon Beaux", "serves_alcohol": "True", "street_address": "5700 Geary Boulevard"}, {"city": "San Francisco", "cuisine": "Chinese", "has_live_music": "False", "phone_number": "415-387-8512", "price_range": "inexpensive", "restaurant_name": "Dragon River Restaurant", "serves_alcohol": "True", "street_address": "5045 Geary Boulevard"}], "slots": [{"exclusive_end": 14, "slot": "restaurant_name", "start": 7}, {"exclusive_end": 31, "slot": "city", "start": 18}]}], "speaker": "SYSTEM", "utterance": "There' Alice's in San Francisco which you might enjoy."}, {"frames": [{"actions": [{"act": "SELECT", "canonical_values": [], "slot": "", "values": []}], "service": "Restaurants_1", "slots": [], "state": {"active_intent": "FindRestaurants", "requested_slots": [], "slot_values": {"city": ["San Fran", "San Francisco"], "cuisine": ["Szcheuan"], "restaurant_name": ["Alice's"]}}}], "speaker": "USER", "utterance": "Okay, that sound good."}, {"frames": [{"actions": [{"act": "OFFER_INTENT", "canonical_values": ["ReserveRestaurant"], "slot": "intent", "values": ["ReserveRestaurant"]}], "service": "Restaurants_1", "slots": []}], "speaker": "SYSTEM", "utterance": "Do you want me to book your a table?"}, {"frames": [{"actions": [{"act": "AFFIRM_INTENT", "canonical_values": [], "slot": "", "values": []}], "service": "Restaurants_1", "slots": [], "state": {"active_intent": "ReserveRestaurant", "requested_slots": [], "slot_values": {"city": ["San Fran", "San Francisco"], "cuisine": ["Szcheuan"], "date": ["13th of this month", "March 13th"], "party_size": ["2"], "restaurant_name": ["Alice's"]}}}], "speaker": "USER", "utterance": "Yes, please book me a table."}, {"frames": [{"actions": [{"act": "REQUEST", "canonical_values": [], "slot": "time", "values": []}], "service": "Restaurants_1", "slots": []}], "speaker": "SYSTEM", "utterance": "What time would like to book a table for?"}, {"frames": [{"actions": [{"act": "INFORM", "canonical_values": ["11:30"], "slot": "time", "values": ["morning 11:30"]}], "service": "Restaurants_1", "slots": [{"exclusive_end": 31, "slot": "time", "start": 18}], "state": {"active_intent": "ReserveRestaurant", "requested_slots": [], "slot_values": {"city": ["San Fran", "San Francisco"], "cuisine": ["Szcheuan"], "date": ["13th of this month", "March 13th"], "party_size": ["2"], "restaurant_name": ["Alice's"], "time": ["morning 11:30"]}}}], "speaker": "USER", "utterance": "I want it for the morning 11:30."}, {"frames": [{"actions": [{"act": "CONFIRM", "canonical_values": ["Alice's"], "slot": "restaurant_name", "values": ["Alice's"]}, {"act": "CONFIRM", "canonical_values": ["San Francisco"], "slot": "city", "values": ["San Francisco"]}, {"act": "CONFIRM", "canonical_values": ["11:30"], "slot": "time", "values": ["11:30 am"]}, {"act": "CONFIRM", "canonical_values": ["2"], "slot": "party_size", "values": ["2"]}, {"act": "CONFIRM", "canonical_values": ["2019-03-13"], "slot": "date", "values": ["March 13th"]}], "service": "Restaurants_1", "slots": [{"exclusive_end": 38, "slot": "restaurant_name", "start": 31}, {"exclusive_end": 55, "slot": "city", "start": 42}, {"exclusive_end": 81, "slot": "time", "start": 73}, {"exclusive_end": 69, "slot": "date", "start": 59}]}], "speaker": "SYSTEM", "utterance": "I'll book you a table for 2 at Alice's in San Francisco on March 13th at 11:30 am, is that right?"}, {"frames": [{"actions": [{"act": "AFFIRM", "canonical_values": [], "slot": "", "values": []}], "service": "Restaurants_1", "slots": [], "state": {"active_intent": "ReserveRestaurant", "requested_slots": [], "slot_values": {"city": ["San Fran", "San Francisco"], "cuisine": ["Szcheuan"], "date": ["13th of this month", "March 13th"], "party_size": ["2"], "restaurant_name": ["Alice's"], "time": ["11:30 am", "morning 11:30"]}}}], "speaker": "USER", "utterance": "Yeah, that's right."}, {"frames": [{"actions": [{"act": "NOTIFY_SUCCESS", "canonical_values": [], "slot": "", "values": []}], "service": "Restaurants_1", "service_call": {"method": "ReserveRestaurant", "parameters": {"city": "San Francisco", "date": "2019-03-13", "party_size": "2", "restaurant_name": "Alice's", "time": "11:30"}}, "service_results": [{"city": "San Francisco", "cuisine": "Chinese", "date": "2019-03-13", "has_live_music": "False", "party_size": "2", "phone_number": "415-282-8999", "price_range": "inexpensive", "restaurant_name": "Alice's", "serves_alcohol": "False", "street_address": "1599 Sanchez Street", "time": "11:30"}], "slots": []}], "speaker": "SYSTEM", "utterance": "I've booked the table."}, {"frames": [{"actions": [{"act": "THANK_YOU", "canonical_values": [], "slot": "", "values": []}], "service": "Restaurants_1", "slots": [], "state": {"active_intent": "ReserveRestaurant", "requested_slots": [], "slot_values": {"city": ["San Fran", "San Francisco"], "cuisine": ["Szcheuan"], "date": ["13th of this month", "March 13th"], "party_size": ["2"], "restaurant_name": ["Alice's"], "time": ["11:30 am", "morning 11:30"]}}}], "speaker": "USER", "utterance": "Thanks so much."}, {"frames": [{"actions": [{"act": "REQ_MORE", "canonical_values": [], "slot": "", "values": []}], "service": "Restaurants_1", "slots": []}], "speaker": "SYSTEM", "utterance": "Do you need me to do anything else?"}, {"frames": [{"actions": [{"act": "NEGATE", "canonical_values": [], "slot": "", "values": []}, {"act": "THANK_YOU", "canonical_values": [], "slot": "", "values": []}], "service": "Restaurants_1", "slots": [], "state": {"active_intent": "NONE", "requested_slots": [], "slot_values": {"city": ["San Fran", "San Francisco"], "cuisine": ["Szcheuan"], "date": ["13th of this month", "March 13th"], "party_size": ["2"], "restaurant_name": ["Alice's"], "time": ["11:30 am", "morning 11:30"]}}}], "speaker": "USER", "utterance": "No, thanks a lot."}, {"frames": [{"actions": [{"act": "GOODBYE", "canonical_values": [], "slot": "", "values": []}], "service": "Restaurants_1", "slots": []}], "speaker": "SYSTEM", "utterance": "Okay, take care."}]}, {"dialogue_id": "111_00002", "services": ["Events_1", "Restaurants_1"], "turns": [{"frames": [{"actions": [{"act": "INFORM_INTENT", "canonical_values": ["BuyEventTickets"], "slot": "intent", "values": ["BuyEventTickets"]}], "service": "Events_1", "slots": [], "state": {"active_intent": "BuyEventTickets", "requested_slots": [], "slot_values": {}}}], "speaker": "USER", "utterance": "I need some tickets to an event."}, {"frames": [{"actions": [{"act": "REQUEST", "canonical_values": [], "slot": "number_of_seats", "values": []}, {"act": "REQUEST", "canonical_values": [], "slot": "date", "values": []}, {"act": "REQUEST", "canonical_values": [], "slot": "city_of_event", "values": []}], "service": "Events_1", "slots": []}], "speaker": "SYSTEM", "utterance": "You got to give something more to work with."}, {"frames": [{"actions": [{"act": "INFORM", "canonical_values": ["San Francisco"], "slot": "city_of_event", "values": ["San Francisco"]}, {"act": "INFORM", "canonical_values": ["4"], "slot": "number_of_seats", "values": ["4"]}, {"act": "INFORM", "canonical_values": ["2019-03-05"], "slot": "date", "values": ["5th of March"]}], "service": "Events_1", "slots": [{"exclusive_end": 49, "slot": "city_of_event", "start": 36}, {"exclusive_end": 69, "slot": "date", "start": 57}], "state": {"active_intent": "BuyEventTickets", "requested_slots": [], "slot_values": {"city_of_event": ["San Francisco"], "date": ["5th of March"], "number_of_seats": ["4"]}}}], "speaker": "USER", "utterance": "Ok, Ok. Four ticket to something in San Francisco on the 5th of March."}, {"frames": [{"actions": [{"act": "REQUEST", "canonical_values": [], "slot": "event_name", "values": []}], "service": "Events_1", "slots": []}], "speaker": "SYSTEM", "utterance": "What would you like to see?"}, {"frames": [{"actions": [{"act": "INFORM", "canonical_values": ["Giants Vs Phillies"], "slot": "event_name", "values": ["Giants Vs Phillies"]}], "service": "Events_1", "slots": [{"exclusive_end": 18, "slot": "event_name", "start": 0}], "state": {"active_intent": "BuyEventTickets", "requested_slots": [], "slot_values": {"city_of_event": ["San Francisco"], "date": ["5th of March"], "event_name": ["Giants Vs Phillies"], "number_of_seats": ["4"]}}}], "speaker": "USER", "utterance": "Giants Vs Phillies would be nice."}, {"frames": [{"actions": [{"act": "CONFIRM", "canonical_values": ["Giants Vs Phillies"], "slot": "event_name", "values": ["Giants Vs Phillies"]}, {"act": "CONFIRM", "canonical_values": ["4"], "slot": "number_of_seats", "values": ["4"]}, {"act": "CONFIRM", "canonical_values": ["2019-03-05"], "slot": "date", "values": ["March 5th"]}, {"act": "CONFIRM", "canonical_values": ["San Francisco"], "slot": "city_of_event", "values": ["San Francisco"]}], "service": "Events_1", "slots": [{"exclusive_end": 29, "slot": "event_name", "start": 11}, {"exclusive_end": 64, "slot": "date", "start": 55}, {"exclusive_end": 51, "slot": "city_of_event", "start": 38}]}], "speaker": "SYSTEM", "utterance": "4 seats at Giants Vs Phillies game in San Francisco on March 5th?"}, {"frames": [{"actions": [{"act": "AFFIRM", "canonical_values": [], "slot": "", "values": []}], "service": "Events_1", "slots": [], "state": {"active_intent": "BuyEventTickets", "requested_slots": [], "slot_values": {"city_of_event": ["San Francisco"], "date": ["5th of March", "March 5th"], "event_name": ["Giants Vs Phillies"], "number_of_seats": ["4"]}}}], "speaker": "USER", "utterance": "That sounds about right."}, {"frames": [{"actions": [{"act": "NOTIFY_SUCCESS", "canonical_values": [], "slot": "", "values": []}], "service": "Events_1", "service_call": {"method": "BuyEventTickets", "parameters": {"city_of_event": "San Francisco", "date": "2019-03-05", "event_name": "Giants Vs Phillies", "number_of_seats": "4"}}, "service_results": [{"address_of_location": "24 Willie Mays Plaza", "city_of_event": "San Francisco", "date": "2019-03-05", "event_location": "Oracle Park", "event_name": "Giants Vs Phillies", "number_of_seats": "4", "time": "19:30"}], "slots": []}], "speaker": "SYSTEM", "utterance": "Done. Enjoy yourself."}, {"frames": [{"actions": [{"act": "REQUEST", "canonical_values": [], "slot": "address_of_location", "values": []}], "service": "Events_1", "slots": [], "state": {"active_intent": "BuyEventTickets", "requested_slots": ["address_of_location"], "slot_values": {"city_of_event": ["San Francisco"], "date": ["5th of March", "March 5th"], "event_name": ["Giants Vs Phillies"], "number_of_seats": ["4"]}}}], "speaker": "USER", "utterance": "Hey, where is this place exactly?"}, {"frames": [{"actions": [{"act": "INFORM", "canonical_values": ["24 Willie Mays Plaza"], "slot": "address_of_location", "values": ["24 Willie Mays Plaza"]}], "service": "Events_1", "slots": [{"exclusive_end": 20, "slot": "address_of_location", "start": 0}]}], "speaker": "SYSTEM", "utterance": "24 Willie Mays Plaza."}, {"frames": [{"actions": [{"act": "REQUEST", "canonical_values": [], "slot": "time", "values": []}], "service": "Events_1", "slots": [], "state": {"active_intent": "BuyEventTickets", "requested_slots": ["time"], "slot_values": {"city_of_event": ["San Francisco"], "date": ["5th of March", "March 5th"], "event_name": ["Giants Vs Phillies"], "number_of_seats": ["4"]}}}], "speaker": "USER", "utterance": "What time is the first pitch?"}, {"frames": [{"actions": [{"act": "INFORM", "canonical_values": ["19:30"], "slot": "time", "values": ["7:30 pm"]}], "service": "Events_1", "slots": [{"exclusive_end": 24, "slot": "time", "start": 17}]}], "speaker": "SYSTEM", "utterance": "Should be around 7:30 pm."}, {"frames": [{"actions": [{"act": "INFORM", "canonical_values": ["Thai"], "slot": "cuisine", "values": ["spicy noodles"]}, {"act": "INFORM", "canonical_values": ["moderate"], "slot": "price_range", "values": ["moderate"]}, {"act": "INFORM_INTENT", "canonical_values": ["FindRestaurants"], "slot": "intent", "values": ["FindRestaurants"]}], "service": "Restaurants_1", "slots": [{"exclusive_end": 55, "slot": "cuisine", "start": 42}], "state": {"active_intent": "FindRestaurants", "requested_slots": [], "slot_values": {"city": ["San Francisco"], "cuisine": ["spicy noodles"], "price_range": ["moderate"]}}}, {"actions": [{"act": "THANK_YOU", "canonical_values": [], "slot": "", "values": []}], "service": "Events_1", "slots": [], "state": {"active_intent": "BuyEventTickets", "requested_slots": [], "slot_values": {"city_of_event": ["San Francisco"], "date": ["5th of March", "March 5th"], "event_name": ["Giants Vs Phillies"], "number_of_seats": ["4"]}}}], "speaker": "USER", "utterance": "Can you find me a bite around there? Some spicy noodles action maybe. Something not very costly."}, {"frames": [{"actions": [{"act": "OFFER", "canonical_values": ["Baan Thai House & Wine Bar"], "slot": "restaurant_name", "values": ["Baan Thai House & Wine Bar"]}, {"act": "OFFER", "canonical_values": ["San Francisco"], "slot": "city", "values": ["San Francisco"]}], "service": "Restaurants_1", "service_call": {"method": "FindRestaurants", "parameters": {"city": "San Francisco", "cuisine": "Thai", "price_range": "moderate"}}, "service_results": [{"city": "San Francisco", "cuisine": "Thai", "has_live_music": "False", "phone_number": "415-379-4505", "price_range": "moderate", "restaurant_name": "Baan Thai House & Wine Bar", "serves_alcohol": "False", "street_address": "534 Irving Street"}, {"city": "San Francisco", "cuisine": "Thai", "has_live_music": "False", "phone_number": "415-552-8999", "price_range": "moderate", "restaurant_name": "Basil", "serves_alcohol": "False", "street_address": "1175 Folsom Street"}, {"city": "San Francisco", "cuisine": "Thai", "has_live_music": "False", "phone_number": "415-999-0345", "price_range": "moderate", "restaurant_name": "Chaiya Thai Restaurant", "serves_alcohol": "False", "street_address": "272 Claremont Boulevard"}, {"city": "San Francisco", "cuisine": "Thai", "has_live_music": "False", "phone_number": "415-379-4549", "price_range": "moderate", "restaurant_name": "Derm Restaurant", "serves_alcohol": "True", "street_address": "3226 Geary Boulevard"}, {"city": "San Francisco", "cuisine": "Thai", "has_live_music": "False", "phone_number": "415-814-2920", "price_range": "moderate", "restaurant_name": "Farmhouse Kitchen Thai Cuisine", "serves_alcohol": "False", "street_address": "710 Florida Street"}, {"city": "San Francisco", "cuisine": "Thai", "has_live_music": "False", "phone_number": "415-441-8038", "price_range": "moderate", "restaurant_name": "House Of Thai", "serves_alcohol": "False", "street_address": "901 Larkin Street"}, {"city": "San Francisco", "cuisine": "Thai", "has_live_music": "False", "phone_number": "415-292-9027", "price_range": "moderate", "restaurant_name": "Jitlada Thai Cuisine", "serves_alcohol": "False", "street_address": "1826 Buchanan Street"}, {"city": "San Francisco", "cuisine": "Thai", "has_live_music": "False", "phone_number": "415-369-0008", "price_range": "moderate", "restaurant_name": "Koh Samui & The Monkey", "serves_alcohol": "False", "street_address": "415 Brannan Street"}, {"city": "San Francisco", "cuisine": "Thai", "has_live_music": "False", "phone_number": "415-913-7886", "price_range": "moderate", "restaurant_name": "Krua Thai", "serves_alcohol": "True", "street_address": "3214 16th Street"}, {"city": "San Francisco", "cuisine": "Thai", "has_live_music": "False", "phone_number": "415-757-0217", "price_range": "moderate", "restaurant_name": "Lapats Thai Noodles Bar", "serves_alcohol": "False", "street_address": "601 Larkin Street"}], "slots": [{"exclusive_end": 36, "slot": "restaurant_name", "start": 10}, {"exclusive_end": 53, "slot": "city", "start": 40}]}], "speaker": "SYSTEM", "utterance": "I suggest Baan Thai House & Wine Bar in San Francisco."}, {"frames": [{"actions": [{"act": "REQUEST", "canonical_values": [], "slot": "has_live_music", "values": []}], "service": "Restaurants_1", "slots": [], "state": {"active_intent": "FindRestaurants", "requested_slots": ["has_live_music"], "slot_values": {"city": ["San Francisco"], "cuisine": ["spicy noodles"], "price_range": ["moderate"]}}}], "speaker": "USER", "utterance": "Do they have live music."}, {"frames": [{"actions": [{"act": "INFORM", "canonical_values": ["False"], "slot": "has_live_music", "values": ["False"]}], "service": "Restaurants_1", "slots": []}], "speaker": "SYSTEM", "utterance": "No. You get what you pay for."}, {"frames": [{"actions": [{"act": "INFORM", "canonical_values": ["True"], "slot": "serves_alcohol", "values": ["True"]}, {"act": "REQUEST_ALTS", "canonical_values": [], "slot": "", "values": []}], "service": "Restaurants_1", "slots": [], "state": {"active_intent": "FindRestaurants", "requested_slots": [], "slot_values": {"city": ["San Francisco"], "cuisine": ["spicy noodles"], "price_range": ["moderate"], "serves_alcohol": ["True"]}}}], "speaker": "USER", "utterance": "Ok, wise guy. What else you have. I'll probably need a drink."}, {"frames": [{"actions": [{"act": "OFFER", "canonical_values": ["Derm Restaurant"], "slot": "restaurant_name", "values": ["Derm Restaurant"]}, {"act": "OFFER", "canonical_values": ["San Francisco"], "slot": "city", "values": ["San Francisco"]}], "service": "Restaurants_1", "service_call": {"method": "FindRestaurants", "parameters": {"city": "San Francisco", "cuisine": "Thai", "price_range": "moderate", "serves_alcohol": "True"}}, "service_results": [{"city": "San Francisco", "cuisine": "Thai", "has_live_music": "False", "phone_number": "415-379-4549", "price_range": "moderate", "restaurant_name": "Derm Restaurant", "serves_alcohol": "True", "street_address": "3226 Geary Boulevard"}, {"city": "San Francisco", "cuisine": "Thai", "has_live_music": "False", "phone_number": "415-913-7886", "price_range": "moderate", "restaurant_name": "Krua Thai", "serves_alcohol": "True", "street_address": "3214 16th Street"}, {"city": "San Francisco", "cuisine": "Thai", "has_live_music": "False", "phone_number": "415-874-9661", "price_range": "moderate", "restaurant_name": "Lers Ros Thai", "serves_alcohol": "True", "street_address": "307 Hayes Street"}, {"city": "San Francisco", "cuisine": "Thai", "has_live_music": "False", "phone_number": "415-536-3266", "price_range": "moderate", "restaurant_name": "Ozone Thai Restaurant And Lounge", "serves_alcohol": "True", "street_address": "598 2nd Street"}, {"city": "San Francisco", "cuisine": "Thai", "has_live_music": "False", "phone_number": "415-566-5311", "price_range": "moderate", "restaurant_name": "Thai Cottage Restaurant", "serves_alcohol": "True", "street_address": "4041 Judah Street"}], "slots": [{"exclusive_end": 30, "slot": "restaurant_name", "start": 15}, {"exclusive_end": 47, "slot": "city", "start": 34}]}], "speaker": "SYSTEM", "utterance": "Then I suggest Derm Restaurant in San Francisco."}, {"frames": [{"actions": [{"act": "REQUEST_ALTS", "canonical_values": [], "slot": "", "values": []}], "service": "Restaurants_1", "slots": [], "state": {"active_intent": "FindRestaurants", "requested_slots": [], "slot_values": {"city": ["San Francisco"], "cuisine": ["spicy noodles"], "price_range": ["moderate"], "serves_alcohol": ["True"]}}}], "speaker": "USER", "utterance": "Ok. Keep going."}, {"frames": [{"actions": [{"act": "OFFER", "canonical_values": ["Krua Thai"], "slot": "restaurant_name", "values": ["Krua Thai"]}, {"act": "OFFER", "canonical_values": ["San Francisco"], "slot": "city", "values": ["San Francisco"]}], "service": "Restaurants_1", "slots": [{"exclusive_end": 9, "slot": "restaurant_name", "start": 0}, {"exclusive_end": 26, "slot": "city", "start": 13}]}], "speaker": "SYSTEM", "utterance": "Krua Thai in San Francisco."}, {"frames": [{"actions": [{"act": "INFORM", "canonical_values": ["14:00"], "slot": "time", "values": ["two in the afternoon"]}, {"act": "INFORM", "canonical_values": ["3"], "slot": "party_size", "values": ["3"]}, {"act": "INFORM_INTENT", "canonical_values": ["ReserveRestaurant"], "slot": "intent", "values": ["ReserveRestaurant"]}, {"act": "SELECT", "canonical_values": [], "slot": "", "values": []}], "service": "Restaurants_1", "slots": [{"exclusive_end": 51, "slot": "time", "start": 31}], "state": {"active_intent": "ReserveRestaurant", "requested_slots": [], "slot_values": {"city": ["San Francisco"], "cuisine": ["spicy noodles"], "date": ["5th of March", "March 5th"], "party_size": ["3"], "price_range": ["moderate"], "restaurant_name": ["Krua Thai"], "serves_alcohol": ["True"], "time": ["two in the afternoon"]}}}], "speaker": "USER", "utterance": "Bingo. Get me a table there at two in the afternoon for three people."}, {"frames": [{"actions": [{"act": "CONFIRM", "canonical_values": ["Krua Thai"], "slot": "restaurant_name", "values": ["Krua Thai"]}, {"act": "CONFIRM", "canonical_values": ["San Francisco"], "slot": "city", "values": ["San Francisco"]}, {"act": "CONFIRM", "canonical_values": ["14:00"], "slot": "time", "values": ["2 pm"]}, {"act": "CONFIRM", "canonical_values": ["3"], "slot": "party_size", "values": ["3"]}, {"act": "CONFIRM", "canonical_values": ["2019-03-05"], "slot": "date", "values": ["March 5th"]}], "service": "Restaurants_1", "slots": [{"exclusive_end": 24, "slot": "restaurant_name", "start": 15}, {"exclusive_end": 41, "slot": "city", "start": 28}, {"exclusive_end": 49, "slot": "time", "start": 45}, {"exclusive_end": 62, "slot": "date", "start": 53}]}], "speaker": "SYSTEM", "utterance": "Table for 3 at Krua Thai in San Francisco at 2 pm on March 5th?"}, {"frames": [{"actions": [{"act": "REQUEST", "canonical_values": [], "slot": "has_live_music", "values": []}, {"act": "REQUEST", "canonical_values": [], "slot": "street_address", "values": []}, {"act": "AFFIRM", "canonical_values": [], "slot": "", "values": []}], "service": "Restaurants_1", "slots": [], "state": {"active_intent": "ReserveRestaurant", "requested_slots": ["has_live_music", "street_address"], "slot_values": {"city": ["San Francisco"], "cuisine": ["spicy noodles"], "date": ["5th of March", "March 5th"], "party_size": ["3"], "price_range": ["moderate"], "restaurant_name": ["Krua Thai"], "serves_alcohol": ["True"], "time": ["2 pm", "two in the afternoon"]}}}], "speaker": "USER", "utterance": "Yes. Also, what about a band or something? Whats the location."}, {"frames": [{"actions": [{"act": "NOTIFY_FAILURE", "canonical_values": [], "slot": "", "values": []}, {"act": "REQ_MORE", "canonical_values": [], "slot": "", "values": []}], "service": "Restaurants_1", "service_call": {"method": "ReserveRestaurant", "parameters": {"city": "San Francisco", "date": "2019-03-05", "party_size": "3", "restaurant_name": "Krua Thai", "time": "14:00"}}, "service_results": [], "slots": []}], "speaker": "SYSTEM", "utterance": "Sorry, can't get a table. Anything else?"}, {"frames": [{"actions": [{"act": "INFORM", "canonical_values": ["12:45"], "slot": "time", "values": ["afternoon 12:45"]}, {"act": "INFORM_INTENT", "canonical_values": ["ReserveRestaurant"], "slot": "intent", "values": ["ReserveRestaurant"]}], "service": "Restaurants_1", "slots": [{"exclusive_end": 44, "slot": "time", "start": 29}], "state": {"active_intent": "ReserveRestaurant", "requested_slots": [], "slot_values": {"city": ["San Francisco"], "cuisine": ["spicy noodles"], "date": ["5th of March", "March 5th"], "party_size": ["3"], "price_range": ["moderate"], "restaurant_name": ["Krua Thai"], "serves_alcohol": ["True"], "time": ["afternoon 12:45"]}}}], "speaker": "USER", "utterance": "Try again. This time for the afternoon 12:45."}, {"frames": [{"actions": [{"act": "CONFIRM", "canonical_values": ["Krua Thai"], "slot": "restaurant_name", "values": ["Krua Thai"]}, {"act": "CONFIRM", "canonical_values": ["San Francisco"], "slot": "city", "values": ["San Francisco"]}, {"act": "CONFIRM", "canonical_values": ["12:45"], "slot": "time", "values": ["12:45 pm"]}, {"act": "CONFIRM", "canonical_values": ["3"], "slot": "party_size", "values": ["3"]}, {"act": "CONFIRM", "canonical_values": ["2019-03-05"], "slot": "date", "values": ["March 5th"]}], "service": "Restaurants_1", "slots": [{"exclusive_end": 24, "slot": "restaurant_name", "start": 15}, {"exclusive_end": 41, "slot": "city", "start": 28}, {"exclusive_end": 53, "slot": "time", "start": 45}, {"exclusive_end": 66, "slot": "date", "start": 57}]}], "speaker": "SYSTEM", "utterance": "Table for 3 at Krua Thai in San Francisco at 12:45 pm on March 5th?"}, {"frames": [{"actions": [{"act": "AFFIRM", "canonical_values": [], "slot": "", "values": []}], "service": "Restaurants_1", "slots": [], "state": {"active_intent": "ReserveRestaurant", "requested_slots": [], "slot_values": {"city": ["San Francisco"], "cuisine": ["spicy noodles"], "date": ["5th of March", "March 5th"], "party_size": ["3"], "price_range": ["moderate"], "restaurant_name": ["Krua Thai"], "serves_alcohol": ["True"], "time": ["12:45 pm", "afternoon 12:45"]}}}], "speaker": "USER", "utterance": "Yes. That's right."}, {"frames": [{"actions": [{"act": "NOTIFY_FAILURE", "canonical_values": [], "slot": "", "values": []}, {"act": "REQ_MORE", "canonical_values": [], "slot": "", "values": []}], "service": "Restaurants_1", "service_call": {"method": "ReserveRestaurant", "parameters": {"city": "San Francisco", "date": "2019-03-05", "party_size": "3", "restaurant_name": "Krua Thai", "time": "12:45"}}, "service_results": [{"city": "San Francisco", "cuisine": "Thai", "date": "2019-03-05", "has_live_music": "False", "party_size": "3", "phone_number": "415-913-7886", "price_range": "moderate", "restaurant_name": "Krua Thai", "serves_alcohol": "True", "street_address": "3214 16th Street", "time": "13:00"}], "slots": []}], "speaker": "SYSTEM", "utterance": "Sorry. Nothing available. Can I do anything else?"}, {"frames": [{"actions": [{"act": "NEGATE", "canonical_values": [], "slot": "", "values": []}, {"act": "THANK_YOU", "canonical_values": [], "slot": "", "values": []}], "service": "Restaurants_1", "slots": [], "state": {"active_intent": "NONE", "requested_slots": [], "slot_values": {"city": ["San Francisco"], "cuisine": ["spicy noodles"], "date": ["5th of March", "March 5th"], "party_size": ["3"], "price_range": ["moderate"], "restaurant_name": ["Krua Thai"], "serves_alcohol": ["True"], "time": ["12:45 pm", "afternoon 12:45"]}}}], "speaker": "USER", "utterance": "No thank you."}, {"frames": [{"actions": [{"act": "GOODBYE", "canonical_values": [], "slot": "", "values": []}], "service": "Restaurants_1", "slots": []}], "speaker": "SYSTEM", "utterance": "Ok. Take care."}]}, {"dialogue_id": "111_00003", "services": ["Events_1", "Restaurants_1"], "turns": [{"frames": [{"actions": [{"act": "INFORM", "canonical_values": ["San Francisco"], "slot": "city_of_event", "values": ["San Francisco"]}, {"act": "INFORM", "canonical_values": ["Matt Corby"], "slot": "event_name", "values": ["Matt Corby"]}, {"act": "INFORM", "canonical_values": ["2019-03-13"], "slot": "date", "values": ["13th of this month"]}, {"act": "INFORM_INTENT", "canonical_values": ["BuyEventTickets"], "slot": "intent", "values": ["BuyEventTickets"]}], "service": "Events_1", "slots": [{"exclusive_end": 59, "slot": "city_of_event", "start": 46}, {"exclusive_end": 38, "slot": "event_name", "start": 28}, {"exclusive_end": 81, "slot": "date", "start": 63}], "state": {"active_intent": "BuyEventTickets", "requested_slots": [], "slot_values": {"city_of_event": ["San Francisco"], "date": ["13th of this month"], "event_name": ["Matt Corby"]}}}], "speaker": "USER", "utterance": "Will you reserve tickets to Matt Corby around San Francisco on 13th of this month?"}, {"frames": [{"actions": [{"act": "REQUEST", "canonical_values": [], "slot": "number_of_seats", "values": []}], "service": "Events_1", "slots": []}], "speaker": "SYSTEM", "utterance": "How many?"}, {"frames": [{"actions": [{"act": "INFORM", "canonical_values": ["1"], "slot": "number_of_seats", "values": ["1"]}], "service": "Events_1", "slots": [], "state": {"active_intent": "BuyEventTickets", "requested_slots": [], "slot_values": {"city_of_event": ["San Francisco"], "date": ["13th of this month"], "event_name": ["Matt Corby"], "number_of_seats": ["1"]}}}], "speaker": "USER", "utterance": "One."}, {"frames": [{"actions": [{"act": "CONFIRM", "canonical_values": ["Matt Corby"], "slot": "event_name", "values": ["Matt Corby"]}, {"act": "CONFIRM", "canonical_values": ["1"], "slot": "number_of_seats", "values": ["1"]}, {"act": "CONFIRM", "canonical_values": ["2019-03-13"], "slot": "date", "values": ["March 13th"]}, {"act": "CONFIRM", "canonical_values": ["San Francisco"], "slot": "city_of_event", "values": ["San Francisco"]}], "service": "Events_1", "slots": [{"exclusive_end": 38, "slot": "event_name", "start": 28}, {"exclusive_end": 52, "slot": "date", "start": 42}, {"exclusive_end": 69, "slot": "city_of_event", "start": 56}]}], "speaker": "SYSTEM", "utterance": "Please confirm 1 ticket for Matt Corby on March 13th in San Francisco."}, {"frames": [{"actions": [{"act": "AFFIRM", "canonical_values": [], "slot": "", "values": []}], "service": "Events_1", "slots": [], "state": {"active_intent": "BuyEventTickets", "requested_slots": [], "slot_values": {"city_of_event": ["San Francisco"], "date": ["13th of this month", "March 13th"], "event_name": ["Matt Corby"], "number_of_seats": ["1"]}}}], "speaker": "USER", "utterance": "Great."}, {"frames": [{"actions": [{"act": "NOTIFY_SUCCESS", "canonical_values": [], "slot": "", "values": []}], "service": "Events_1", "service_call": {"method": "BuyEventTickets", "parameters": {"city_of_event": "San Francisco", "date": "2019-03-13", "event_name": "Matt Corby", "number_of_seats": "1"}}, "service_results": [{"address_of_location": "420 Mason Street", "city_of_event": "San Francisco", "date": "2019-03-13", "event_location": "August Hall", "event_name": "Matt Corby", "number_of_seats": "1", "time": "20:30"}], "slots": []}], "speaker": "SYSTEM", "utterance": "I've made your reservation. Enjoy!"}, {"frames": [{"actions": [{"act": "INFORM_INTENT", "canonical_values": ["FindRestaurants"], "slot": "intent", "values": ["FindRestaurants"]}], "service": "Restaurants_1", "slots": [], "state": {"active_intent": "FindRestaurants", "requested_slots": [], "slot_values": {"city": ["San Francisco"]}}}], "speaker": "USER", "utterance": "Will you find a restaurant there?"}, {"frames": [{"actions": [{"act": "REQUEST", "canonical_values": [], "slot": "cuisine", "values": []}], "service": "Restaurants_1", "slots": []}], "speaker": "SYSTEM", "utterance": "What kind of food?"}, {"frames": [{"actions": [{"act": "INFORM", "canonical_values": ["True"], "slot": "has_live_music", "values": ["True"]}, {"act": "INFORM", "canonical_values": ["American"], "slot": "cuisine", "values": ["Diner"]}], "service": "Restaurants_1", "slots": [{"exclusive_end": 5, "slot": "cuisine", "start": 0}], "state": {"active_intent": "FindRestaurants", "requested_slots": [], "slot_values": {"city": ["San Francisco"], "cuisine": ["Diner"], "has_live_music": ["True"]}}}], "speaker": "USER", "utterance": "Diner food at a place with live music."}, {"frames": [{"actions": [{"act": "OFFER", "canonical_values": ["Biscuits & Blues"], "slot": "restaurant_name", "values": ["Biscuits & Blues"]}, {"act": "OFFER", "canonical_values": ["San Francisco"], "slot": "city", "values": ["San Francisco"]}], "service": "Restaurants_1", "service_call": {"method": "FindRestaurants", "parameters": {"city": "San Francisco", "cuisine": "American", "has_live_music": "True"}}, "service_results": [{"city": "San Francisco", "cuisine": "American", "has_live_music": "True", "phone_number": "415-292-2583", "price_range": "moderate", "restaurant_name": "Biscuits & Blues", "serves_alcohol": "False", "street_address": "401 Mason Street"}, {"city": "San Francisco", "cuisine": "American", "has_live_music": "True", "phone_number": "415-433-6300", "price_range": "expensive", "restaurant_name": "Bix", "serves_alcohol": "False", "street_address": "56 Gold Street"}, {"city": "San Francisco", "cuisine": "American", "has_live_music": "True", "phone_number": "415-956-2013", "price_range": "moderate", "restaurant_name": "Hard Rock Cafe", "serves_alcohol": "True", "street_address": "39 Pier #256"}, {"city": "San Francisco", "cuisine": "American", "has_live_music": "True", "phone_number": "415-392-9280", "price_range": "expensive", "restaurant_name": "Hillstone", "serves_alcohol": "False", "street_address": "1800 Montgomery Street"}, {"city": "San Francisco", "cuisine": "American", "has_live_music": "True", "phone_number": "415-986-0069", "price_range": "expensive", "restaurant_name": "John's Grill", "serves_alcohol": "True", "street_address": "63 Ellis Street"}, {"city": "San Francisco", "cuisine": "American", "has_live_music": "True", "phone_number": "415-923-1138", "price_range": "inexpensive", "restaurant_name": "Mcdonald's", "serves_alcohol": "False", "street_address": "1100 Fillmore Street"}, {"city": "San Francisco", "cuisine": "American", "has_live_music": "True", "phone_number": "415-384-9365", "price_range": "moderate", "restaurant_name": "Mr. Tipple's Recording Studio", "serves_alcohol": "True", "street_address": "39 Fell Street"}, {"city": "San Francisco", "cuisine": "American", "has_live_music": "True", "phone_number": "415-829-2642", "price_range": "moderate", "restaurant_name": "Pa'ina Restaurant & Lounge", "serves_alcohol": "True", "street_address": "1865 Post Street"}, {"city": "San Francisco", "cuisine": "American", "has_live_music": "True", "phone_number": "415-386-8439", "price_range": "moderate", "restaurant_name": "Park Chalet Coastal Beer Garden", "serves_alcohol": "True", "street_address": "1000 Great Highway"}, {"city": "San Francisco", "cuisine": "American", "has_live_music": "True", "phone_number": "415-252-1369", "price_range": "moderate", "restaurant_name": "Sauce", "serves_alcohol": "True", "street_address": "131 Gough Street"}], "slots": [{"exclusive_end": 16, "slot": "restaurant_name", "start": 0}, {"exclusive_end": 33, "slot": "city", "start": 20}]}], "speaker": "SYSTEM", "utterance": "Biscuits & Blues in San Francisco."}, {"frames": [{"actions": [{"act": "INFORM_INTENT", "canonical_values": ["ReserveRestaurant"], "slot": "intent", "values": ["ReserveRestaurant"]}, {"act": "SELECT", "canonical_values": [], "slot": "", "values": []}], "service": "Restaurants_1", "slots": [], "state": {"active_intent": "ReserveRestaurant", "requested_slots": [], "slot_values": {"city": ["San Francisco"], "cuisine": ["Diner"], "date": ["13th of this month", "March 13th"], "has_live_music": ["True"], "party_size": ["1"], "restaurant_name": ["Biscuits & Blues"]}}}], "speaker": "USER", "utterance": "Great. Will you make a reservation there?"}, {"frames": [{"actions": [{"act": "REQUEST", "canonical_values": [], "slot": "time", "values": []}], "service": "Restaurants_1", "slots": []}], "speaker": "SYSTEM", "utterance": "What time?"}, {"frames": [{"actions": [{"act": "INFORM", "canonical_values": ["13:15"], "slot": "time", "values": ["Quarter past 1 in the afternoon"]}], "service": "Restaurants_1", "slots": [{"exclusive_end": 31, "slot": "time", "start": 0}], "state": {"active_intent": "ReserveRestaurant", "requested_slots": [], "slot_values": {"city": ["San Francisco"], "cuisine": ["Diner"], "date": ["13th of this month", "March 13th"], "has_live_music": ["True"], "party_size": ["1"], "restaurant_name": ["Biscuits & Blues"], "time": ["Quarter past 1 in the afternoon"]}}}], "speaker": "USER", "utterance": "Quarter past 1 in the afternoon."}, {"frames": [{"actions": [{"act": "CONFIRM", "canonical_values": ["Biscuits & Blues"], "slot": "restaurant_name", "values": ["Biscuits & Blues"]}, {"act": "CONFIRM", "canonical_values": ["San Francisco"], "slot": "city", "values": ["San Francisco"]}, {"act": "CONFIRM", "canonical_values": ["13:15"], "slot": "time", "values": ["1:15 pm"]}, {"act": "CONFIRM", "canonical_values": ["1"], "slot": "party_size", "values": ["1"]}, {"act": "CONFIRM", "canonical_values": ["2019-03-13"], "slot": "date", "values": ["March 13th"]}], "service": "Restaurants_1", "slots": [{"exclusive_end": 48, "slot": "restaurant_name", "start": 32}, {"exclusive_end": 65, "slot": "city", "start": 52}, {"exclusive_end": 90, "slot": "time", "start": 83}, {"exclusive_end": 79, "slot": "date", "start": 69}]}], "speaker": "SYSTEM", "utterance": "Please confirm a table for 1 at Biscuits & Blues in San Francisco on March 13th at 1:15 pm."}, {"frames": [{"actions": [{"act": "INFORM", "canonical_values": ["12:15"], "slot": "time", "values": ["12:15 pm"]}, {"act": "NEGATE", "canonical_values": [], "slot": "", "values": []}], "service": "Restaurants_1", "slots": [{"exclusive_end": 18, "slot": "time", "start": 10}], "state": {"active_intent": "ReserveRestaurant", "requested_slots": [], "slot_values": {"city": ["San Francisco"], "cuisine": ["Diner"], "date": ["13th of this month", "March 13th"], "has_live_music": ["True"], "party_size": ["1"], "restaurant_name": ["Biscuits & Blues"], "time": ["12:15 pm"]}}}], "speaker": "USER", "utterance": "Make that 12:15 pm."}, {"frames": [{"actions": [{"act": "CONFIRM", "canonical_values": ["San Francisco"], "slot": "city", "values": ["San Francisco"]}, {"act": "CONFIRM", "canonical_values": ["12:15"], "slot": "time", "values": ["12:15 pm"]}], "service": "Restaurants_1", "slots": [{"exclusive_end": 57, "slot": "city", "start": 44}, {"exclusive_end": 40, "slot": "time", "start": 32}]}], "speaker": "SYSTEM", "utterance": "Please confirm a reservation at 12:15 pm in San Francisco."}, {"frames": [{"actions": [{"act": "REQUEST", "canonical_values": ["inexpensive"], "slot": "price_range", "values": ["inexpensive"]}, {"act": "AFFIRM", "canonical_values": [], "slot": "", "values": []}], "service": "Restaurants_1", "slots": [], "state": {"active_intent": "ReserveRestaurant", "requested_slots": ["price_range"], "slot_values": {"city": ["San Francisco"], "cuisine": ["Diner"], "date": ["13th of this month", "March 13th"], "has_live_music": ["True"], "party_size": ["1"], "restaurant_name": ["Biscuits & Blues"], "time": ["12:15 pm"]}}}], "speaker": "USER", "utterance": "That's fine. Price cheap?"}, {"frames": [{"actions": [{"act": "INFORM", "canonical_values": ["moderate"], "slot": "price_range", "values": ["moderate"]}, {"act": "NOTIFY_SUCCESS", "canonical_values": [], "slot": "", "values": []}], "service": "Restaurants_1", "service_call": {"method": "ReserveRestaurant", "parameters": {"city": "San Francisco", "date": "2019-03-13", "party_size": "1", "restaurant_name": "Biscuits & Blues", "time": "12:15"}}, "service_results": [{"city": "San Francisco", "cuisine": "American", "date": "2019-03-13", "has_live_music": "True", "party_size": "1", "phone_number": "415-292-2583", "price_range": "moderate", "restaurant_name": "Biscuits & Blues", "serves_alcohol": "False", "street_address": "401 Mason Street", "time": "12:00"}], "slots": []}], "speaker": "SYSTEM", "utterance": "I've made your reservation. Price is moderate."}, {"frames": [{"actions": [{"act": "THANK_YOU", "canonical_values": [], "slot": "", "values": []}, {"act": "GOODBYE", "canonical_values": [], "slot": "", "values": []}], "service": "Restaurants_1", "slots": [], "state": {"active_intent": "ReserveRestaurant", "requested_slots": [], "slot_values": {"city": ["San Francisco"], "cuisine": ["Diner"], "date": ["13th of this month", "March 13th"], "has_live_music": ["True"], "party_size": ["1"], "restaurant_name": ["Biscuits & Blues"], "time": ["12:15 pm"]}}}], "speaker": "USER", "utterance": "Thanks, that's all."}, {"frames": [{"actions": [{"act": "GOODBYE", "canonical_values": [], "slot": "", "values": []}], "service": "Restaurants_1", "slots": []}], "speaker": "SYSTEM", "utterance": "Have a great day."}]}, {"dialogue_id": "111_00004", "services": ["Events_1", "Restaurants_1"], "turns": [{"frames": [{"actions": [{"act": "INFORM", "canonical_values": ["1"], "slot": "number_of_seats", "values": ["1"]}, {"act": "INFORM_INTENT", "canonical_values": ["BuyEventTickets"], "slot": "intent", "values": ["BuyEventTickets"]}], "service": "Events_1", "slots": [], "state": {"active_intent": "BuyEventTickets", "requested_slots": [], "slot_values": {"number_of_seats": ["1"]}}}], "speaker": "USER", "utterance": "I need one ticket to an event."}, {"frames": [{"actions": [{"act": "REQUEST", "canonical_values": [], "slot": "date", "values": []}], "service": "Events_1", "slots": []}], "speaker": "SYSTEM", "utterance": "Which date?"}, {"frames": [{"actions": [{"act": "INFORM", "canonical_values": ["2019-03-06"], "slot": "date", "values": ["6th of March"]}], "service": "Events_1", "slots": [{"exclusive_end": 16, "slot": "date", "start": 4}], "state": {"active_intent": "BuyEventTickets", "requested_slots": [], "slot_values": {"date": ["6th of March"], "number_of_seats": ["1"]}}}], "speaker": "USER", "utterance": "The 6th of March."}, {"frames": [{"actions": [{"act": "REQUEST", "canonical_values": [], "slot": "event_name", "values": []}, {"act": "REQUEST", "canonical_values": [], "slot": "city_of_event", "values": []}], "service": "Events_1", "slots": []}], "speaker": "SYSTEM", "utterance": "Which event? Which city?"}, {"frames": [{"actions": [{"act": "INFORM", "canonical_values": ["San Francisco"], "slot": "city_of_event", "values": ["SF"]}, {"act": "INFORM", "canonical_values": ["Giants Vs Marlins"], "slot": "event_name", "values": ["Giants vs Marlins"]}], "service": "Events_1", "slots": [{"exclusive_end": 23, "slot": "city_of_event", "start": 21}, {"exclusive_end": 17, "slot": "event_name", "start": 0}], "state": {"active_intent": "BuyEventTickets", "requested_slots": [], "slot_values": {"city_of_event": ["SF"], "date": ["6th of March"], "event_name": ["Giants vs Marlins"], "number_of_seats": ["1"]}}}], "speaker": "USER", "utterance": "Giants vs Marlins in SF."}, {"frames": [{"actions": [{"act": "CONFIRM", "canonical_values": ["Giants Vs Marlins"], "slot": "event_name", "values": ["Giants vs Marlins"]}, {"act": "CONFIRM", "canonical_values": ["1"], "slot": "number_of_seats", "values": ["1"]}, {"act": "CONFIRM", "canonical_values": ["2019-03-06"], "slot": "date", "values": ["March 6th"]}, {"act": "CONFIRM", "canonical_values": ["San Francisco"], "slot": "city_of_event", "values": ["San Francisco"]}], "service": "Events_1", "slots": [{"exclusive_end": 45, "slot": "event_name", "start": 28}, {"exclusive_end": 72, "slot": "date", "start": 63}, {"exclusive_end": 62, "slot": "city_of_event", "start": 49}]}], "speaker": "SYSTEM", "utterance": "Please confirm: 1 ticket to Giants vs Marlins in San Francisco March 6th."}, {"frames": [{"actions": [{"act": "REQUEST", "canonical_values": [], "slot": "event_location", "values": []}, {"act": "REQUEST", "canonical_values": [], "slot": "time", "values": []}, {"act": "AFFIRM", "canonical_values": [], "slot": "", "values": []}], "service": "Events_1", "slots": [], "state": {"active_intent": "BuyEventTickets", "requested_slots": ["event_location", "time"], "slot_values": {"city_of_event": ["SF", "San Francisco"], "date": ["6th of March", "March 6th"], "event_name": ["Giants vs Marlins"], "number_of_seats": ["1"]}}}], "speaker": "USER", "utterance": "Yes. Where and when is it?"}, {"frames": [{"actions": [{"act": "INFORM", "canonical_values": ["18:00"], "slot": "time", "values": ["6 pm"]}, {"act": "INFORM", "canonical_values": ["Oracle Park"], "slot": "event_location", "values": ["Oracle Park"]}, {"act": "NOTIFY_SUCCESS", "canonical_values": [], "slot": "", "values": []}], "service": "Events_1", "service_call": {"method": "BuyEventTickets", "parameters": {"city_of_event": "San Francisco", "date": "2019-03-06", "event_name": "Giants Vs Marlins", "number_of_seats": "1"}}, "service_results": [{"address_of_location": "24 Willie Mays Plaza", "city_of_event": "San Francisco", "date": "2019-03-06", "event_location": "Oracle Park", "event_name": "Giants Vs Marlins", "number_of_seats": "1", "time": "18:00"}], "slots": [{"exclusive_end": 37, "slot": "time", "start": 33}, {"exclusive_end": 52, "slot": "event_location", "start": 41}]}], "speaker": "SYSTEM", "utterance": "Your ticket is reserved. It's at 6 pm at Oracle Park."}, {"frames": [{"actions": [{"act": "INFORM_INTENT", "canonical_values": ["FindRestaurants"], "slot": "intent", "values": ["FindRestaurants"]}], "service": "Restaurants_1", "slots": [], "state": {"active_intent": "FindRestaurants", "requested_slots": [], "slot_values": {"city": ["SF", "San Francisco"]}}}], "speaker": "USER", "utterance": "Find a restaurant around there for me."}, {"frames": [{"actions": [{"act": "REQUEST", "canonical_values": [], "slot": "cuisine", "values": []}], "service": "Restaurants_1", "slots": []}], "speaker": "SYSTEM", "utterance": "What cuisine?"}, {"frames": [{"actions": [{"act": "INFORM", "canonical_values": ["Japanese"], "slot": "cuisine", "values": ["Japanese"]}], "service": "Restaurants_1", "slots": [{"exclusive_end": 8, "slot": "cuisine", "start": 0}], "state": {"active_intent": "FindRestaurants", "requested_slots": [], "slot_values": {"city": ["SF", "San Francisco"], "cuisine": ["Japanese"]}}}], "speaker": "USER", "utterance": "Japanese."}, {"frames": [{"actions": [{"act": "OFFER", "canonical_values": ["2g Japanese Brasserie"], "slot": "restaurant_name", "values": ["2g Japanese Brasserie"]}, {"act": "OFFER", "canonical_values": ["San Francisco"], "slot": "city", "values": ["San Francisco"]}], "service": "Restaurants_1", "service_call": {"method": "FindRestaurants", "parameters": {"city": "San Francisco", "cuisine": "Japanese"}}, "service_results": [{"city": "San Francisco", "cuisine": "Japanese", "has_live_music": "False", "phone_number": "415-292-9997", "price_range": "moderate", "restaurant_name": "2g Japanese Brasserie", "serves_alcohol": "True", "street_address": "601 Van Ness Avenue"}, {"city": "San Francisco", "cuisine": "Japanese", "has_live_music": "False", "phone_number": "415-567-4903", "price_range": "moderate", "restaurant_name": "Ace Wasabi Rock-n-roll Sushi", "serves_alcohol": "False", "street_address": "3339 Steiner Street"}, {"city": "San Francisco", "cuisine": "Japanese", "has_live_music": "False", "phone_number": "415-397-3218", "price_range": "expensive", "restaurant_name": "Akiko's Restaurant", "serves_alcohol": "False", "street_address": "431 Bush Street"}, {"city": "San Francisco", "cuisine": "Japanese", "has_live_music": "False", "phone_number": "415-800-8498", "price_range": "moderate", "restaurant_name": "Akira Japanese Restaurant", "serves_alcohol": "True", "street_address": "1634 Bush Street"}, {"city": "San Francisco", "cuisine": "Japanese", "has_live_music": "False", "phone_number": "415-292-4886", "price_range": "expensive", "restaurant_name": "An Japanese Restaurant", "serves_alcohol": "False", "street_address": "22 Peace Plz #510"}, {"city": "San Francisco", "cuisine": "Japanese", "has_live_music": "False", "phone_number": "415-221-6255", "price_range": "moderate", "restaurant_name": "Ariake", "serves_alcohol": "False", "street_address": "5041 Geary Boulevard"}, {"city": "San Francisco", "cuisine": "Japanese", "has_live_music": "False", "phone_number": "415-285-3848", "price_range": "moderate", "restaurant_name": "Blowfish Sushi", "serves_alcohol": "False", "street_address": "2170 Bryant Street"}, {"city": "San Francisco", "cuisine": "Japanese", "has_live_music": "False", "phone_number": "415-872-9332", "price_range": "moderate", "restaurant_name": "Bon, Nene", "serves_alcohol": "False", "street_address": "2850 21st Street"}, {"city": "San Francisco", "cuisine": "Japanese", "has_live_music": "False", "phone_number": "415-564-6360", "price_range": "moderate", "restaurant_name": "Fuji Japanese Restaurant", "serves_alcohol": "False", "street_address": "301 West Portal Avenue"}, {"city": "San Francisco", "cuisine": "Japanese", "has_live_music": "False", "phone_number": "415-665-1772", "price_range": "inexpensive", "restaurant_name": "Fujiyama-ya", "serves_alcohol": "False", "street_address": "1234 Noriega Street"}], "slots": [{"exclusive_end": 21, "slot": "restaurant_name", "start": 0}, {"exclusive_end": 41, "slot": "city", "start": 28}]}], "speaker": "SYSTEM", "utterance": "2g Japanese Brasserie is in San Francisco."}, {"frames": [{"actions": [{"act": "REQUEST", "canonical_values": [], "slot": "serves_alcohol", "values": []}, {"act": "REQUEST", "canonical_values": [], "slot": "street_address", "values": []}], "service": "Restaurants_1", "slots": [], "state": {"active_intent": "FindRestaurants", "requested_slots": ["serves_alcohol", "street_address"], "slot_values": {"city": ["SF", "San Francisco"], "cuisine": ["Japanese"]}}}], "speaker": "USER", "utterance": "Do they serve alcohol? Where is that?"}, {"frames": [{"actions": [{"act": "INFORM", "canonical_values": ["True"], "slot": "serves_alcohol", "values": ["True"]}, {"act": "INFORM", "canonical_values": ["601 Van Ness Avenue"], "slot": "street_address", "values": ["601 Van Ness Avenue"]}], "service": "Restaurants_1", "slots": [{"exclusive_end": 60, "slot": "street_address", "start": 41}]}], "speaker": "SYSTEM", "utterance": "They do serve alcohol and are located at 601 Van Ness Avenue."}, {"frames": [{"actions": [{"act": "SELECT", "canonical_values": [], "slot": "", "values": []}], "service": "Restaurants_1", "slots": [], "state": {"active_intent": "FindRestaurants", "requested_slots": [], "slot_values": {"city": ["SF", "San Francisco"], "cuisine": ["Japanese"], "restaurant_name": ["2g Japanese Brasserie"]}}}], "speaker": "USER", "utterance": "Great, that one."}, {"frames": [{"actions": [{"act": "REQ_MORE", "canonical_values": [], "slot": "", "values": []}], "service": "Restaurants_1", "slots": []}], "speaker": "SYSTEM", "utterance": "Can I help with anything else?"}, {"frames": [{"actions": [{"act": "INFORM", "canonical_values": ["13:15"], "slot": "time", "values": ["quarter past 1 in the afternoon"]}, {"act": "INFORM_INTENT", "canonical_values": ["ReserveRestaurant"], "slot": "intent", "values": ["ReserveRestaurant"]}], "service": "Restaurants_1", "slots": [{"exclusive_end": 54, "slot": "time", "start": 23}], "state": {"active_intent": "ReserveRestaurant", "requested_slots": [], "slot_values": {"city": ["SF", "San Francisco"], "cuisine": ["Japanese"], "date": ["6th of March", "March 6th"], "party_size": ["1"], "restaurant_name": ["2g Japanese Brasserie"], "time": ["quarter past 1 in the afternoon"]}}}], "speaker": "USER", "utterance": "Make a reservation for quarter past 1 in the afternoon."}, {"frames": [{"actions": [{"act": "CONFIRM", "canonical_values": ["2g Japanese Brasserie"], "slot": "restaurant_name", "values": ["2g Japanese Brasserie"]}, {"act": "CONFIRM", "canonical_values": ["San Francisco"], "slot": "city", "values": ["San Francisco"]}, {"act": "CONFIRM", "canonical_values": ["13:15"], "slot": "time", "values": ["1:15 pm"]}, {"act": "CONFIRM", "canonical_values": ["1"], "slot": "party_size", "values": ["1"]}, {"act": "CONFIRM", "canonical_values": ["2019-03-06"], "slot": "date", "values": ["March 6th"]}], "service": "Restaurants_1", "slots": [{"exclusive_end": 52, "slot": "restaurant_name", "start": 31}, {"exclusive_end": 69, "slot": "city", "start": 56}, {"exclusive_end": 80, "slot": "time", "start": 73}, {"exclusive_end": 93, "slot": "date", "start": 84}]}], "speaker": "SYSTEM", "utterance": "Please confirm: table for 1 at 2g Japanese Brasserie in San Francisco at 1:15 pm on March 6th."}, {"frames": [{"actions": [{"act": "INFORM", "canonical_values": ["11:30"], "slot": "time", "values": ["11:30"]}, {"act": "NEGATE", "canonical_values": [], "slot": "", "values": []}], "service": "Restaurants_1", "slots": [{"exclusive_end": 21, "slot": "time", "start": 16}], "state": {"active_intent": "ReserveRestaurant", "requested_slots": [], "slot_values": {"city": ["SF", "San Francisco"], "cuisine": ["Japanese"], "date": ["6th of March", "March 6th"], "party_size": ["1"], "restaurant_name": ["2g Japanese Brasserie"], "time": ["11:30"]}}}], "speaker": "USER", "utterance": "No, make it for 11:30."}, {"frames": [{"actions": [{"act": "CONFIRM", "canonical_values": ["11:30"], "slot": "time", "values": ["11:30 am"]}, {"act": "CONFIRM", "canonical_values": ["1"], "slot": "party_size", "values": ["1"]}], "service": "Restaurants_1", "slots": [{"exclusive_end": 45, "slot": "time", "start": 37}]}], "speaker": "SYSTEM", "utterance": "Please confirm: reservation for 1 at 11:30 am."}, {"frames": [{"actions": [{"act": "AFFIRM", "canonical_values": [], "slot": "", "values": []}], "service": "Restaurants_1", "slots": [], "state": {"active_intent": "ReserveRestaurant", "requested_slots": [], "slot_values": {"city": ["SF", "San Francisco"], "cuisine": ["Japanese"], "date": ["6th of March", "March 6th"], "party_size": ["1"], "restaurant_name": ["2g Japanese Brasserie"], "time": ["11:30", "11:30 am"]}}}], "speaker": "USER", "utterance": "Yes."}, {"frames": [{"actions": [{"act": "NOTIFY_SUCCESS", "canonical_values": [], "slot": "", "values": []}], "service": "Restaurants_1", "service_call": {"method": "ReserveRestaurant", "parameters": {"city": "San Francisco", "date": "2019-03-06", "party_size": "1", "restaurant_name": "2g Japanese Brasserie", "time": "11:30"}}, "service_results": [{"city": "San Francisco", "cuisine": "Japanese", "date": "2019-03-06", "has_live_music": "False", "party_size": "1", "phone_number": "415-292-9997", "price_range": "moderate", "restaurant_name": "2g Japanese Brasserie", "serves_alcohol": "True", "street_address": "601 Van Ness Avenue", "time": "11:30"}], "slots": []}], "speaker": "SYSTEM", "utterance": "Your table is booked."}, {"frames": [{"actions": [{"act": "REQUEST", "canonical_values": [], "slot": "phone_number", "values": []}], "service": "Restaurants_1", "slots": [], "state": {"active_intent": "ReserveRestaurant", "requested_slots": ["phone_number"], "slot_values": {"city": ["SF", "San Francisco"], "cuisine": ["Japanese"], "date": ["6th of March", "March 6th"], "party_size": ["1"], "restaurant_name": ["2g Japanese Brasserie"], "time": ["11:30", "11:30 am"]}}}], "speaker": "USER", "utterance": "What's their number?"}, {"frames": [{"actions": [{"act": "INFORM", "canonical_values": ["415-292-9997"], "slot": "phone_number", "values": ["415-292-9997"]}], "service": "Restaurants_1", "slots": [{"exclusive_end": 12, "slot": "phone_number", "start": 0}]}], "speaker": "SYSTEM", "utterance": "415-292-9997."}, {"frames": [{"actions": [{"act": "REQUEST", "canonical_values": [], "slot": "has_live_music", "values": []}], "service": "Restaurants_1", "slots": [], "state": {"active_intent": "ReserveRestaurant", "requested_slots": ["has_live_music"], "slot_values": {"city": ["SF", "San Francisco"], "cuisine": ["Japanese"], "date": ["6th of March", "March 6th"], "party_size": ["1"], "restaurant_name": ["2g Japanese Brasserie"], "time": ["11:30", "11:30 am"]}}}], "speaker": "USER", "utterance": "Do they have live music?"}, {"frames": [{"actions": [{"act": "INFORM", "canonical_values": ["False"], "slot": "has_live_music", "values": ["False"]}], "service": "Restaurants_1", "slots": []}], "speaker": "SYSTEM", "utterance": "No, they don't."}, {"frames": [{"actions": [{"act": "THANK_YOU", "canonical_values": [], "slot": "", "values": []}], "service": "Restaurants_1", "slots": [], "state": {"active_intent": "ReserveRestaurant", "requested_slots": [], "slot_values": {"city": ["SF", "San Francisco"], "cuisine": ["Japanese"], "date": ["6th of March", "March 6th"], "party_size": ["1"], "restaurant_name": ["2g Japanese Brasserie"], "time": ["11:30", "11:30 am"]}}}], "speaker": "USER", "utterance": "Thank you."}, {"frames": [{"actions": [{"act": "REQ_MORE", "canonical_values": [], "slot": "", "values": []}], "service": "Restaurants_1", "slots": []}], "speaker": "SYSTEM", "utterance": "Anything else?"}, {"frames": [{"actions": [{"act": "NEGATE", "canonical_values": [], "slot": "", "values": []}, {"act": "THANK_YOU", "canonical_values": [], "slot": "", "values": []}], "service": "Restaurants_1", "slots": [], "state": {"active_intent": "NONE", "requested_slots": [], "slot_values": {"city": ["SF", "San Francisco"], "cuisine": ["Japanese"], "date": ["6th of March", "March 6th"], "party_size": ["1"], "restaurant_name": ["2g Japanese Brasserie"], "time": ["11:30", "11:30 am"]}}}], "speaker": "USER", "utterance": "No, thanks."}, {"frames": [{"actions": [{"act": "GOODBYE", "canonical_values": [], "slot": "", "values": []}], "service": "Restaurants_1", "slots": []}], "speaker": "SYSTEM", "utterance": "Have a nice day."}]}]