[{"dialogue_id": "10_00000", "services": ["Movies_3"], "turns": [{"frames": [{"actions": [{"act": "INFORM", "canonical_values": ["Josephine Decker"], "slot": "directed_by", "values": ["Josephine Decker"]}, {"act": "INFORM", "canonical_values": ["Thriller"], "slot": "genre", "values": ["suspense"]}, {"act": "INFORM_INTENT", "canonical_values": ["FindMovies"], "slot": "intent", "values": ["FindMovies"]}], "service": "Movies_3", "slots": [{"exclusive_end": 61, "slot": "directed_by", "start": 45}, {"exclusive_end": 26, "slot": "genre", "start": 18}], "state": {"active_intent": "FindMovies", "requested_slots": [], "slot_values": {"directed_by": ["Josephine Decker"], "genre": ["suspense"]}}}], "speaker": "USER", "utterance": "I want to watch a suspense movie directed by Josephine Decker."}, {"frames": [{"actions": [{"act": "OFFER", "canonical_values": ["Madeline's Madeline"], "slot": "movie_title", "values": ["Madeline's Madeline"]}, {"act": "OFFER", "canonical_values": ["88"], "slot": "percent_rating", "values": ["88"]}], "service": "Movies_3", "service_call": {"method": "FindMovies", "parameters": {"directed_by": "Josephine Decker", "genre": "Thriller"}}, "service_results": [{"cast": "Helena Howard", "directed_by": "Josephine Decker", "genre": "Thriller", "movie_title": "Madeline's Madeline", "percent_rating": "88"}], "slots": [{"exclusive_end": 19, "slot": "movie_title", "start": 0}, {"exclusive_end": 26, "slot": "percent_rating", "start": 24}]}], "speaker": "SYSTEM", "utterance": "Madeline's Madeline has 88 percent rating."}, {"frames": [{"actions": [{"act": "SELECT", "canonical_values": [], "slot": "", "values": []}], "service": "Movies_3", "slots": [], "state": {"active_intent": "FindMovies", "requested_slots": [], "slot_values": {"directed_by": ["Josephine Decker"], "genre": ["suspense"]}}}], "speaker": "USER", "utterance": "That's a good one."}, {"frames": [{"actions": [{"act": "REQ_MORE", "canonical_values": [], "slot": "", "values": []}], "service": "Movies_3", "slots": []}], "speaker": "SYSTEM", "utterance": "Do you need anything else?"}, {"frames": [{"actions": [{"act": "NEGATE", "canonical_values": [], "slot": "", "values": []}, {"act": "THANK_YOU", "canonical_values": [], "slot": "", "values": []}], "service": "Movies_3", "slots": [], "state": {"active_intent": "NONE", "requested_slots": [], "slot_values": {"directed_by": ["Josephine Decker"], "genre": ["suspense"]}}}], "speaker": "USER", "utterance": "No, that's all I need."}, {"frames": [{"actions": [{"act": "GOODBYE", "canonical_values": [], "slot": "", "values": []}], "service": "Movies_3", "slots": []}], "speaker": "SYSTEM", "utterance": "Have a nice day."}]}, {"dialogue_id": "10_00001", "services": ["Movies_3"], "turns": [{"frames": [{"actions": [{"act": "INFORM", "canonical_values": ["Drama"], "slot": "genre", "values": ["Play"]}, {"act": "INFORM_INTENT", "canonical_values": ["FindMovies"], "slot": "intent", "values": ["FindMovies"]}], "service": "Movies_3", "slots": [{"exclusive_end": 50, "slot": "genre", "start": 46}], "state": {"active_intent": "FindMovies", "requested_slots": [], "slot_values": {"genre": ["Play"]}}}], "speaker": "USER", "utterance": "Can you help me find a movie to stream in the Play genre?"}, {"frames": [{"actions": [{"act": "OFFER", "canonical_values": ["A Faithful Man"], "slot": "movie_title", "values": ["A Faithful Man"]}, {"act": "OFFER", "canonical_values": ["78"], "slot": "percent_rating", "values": ["78"]}, {"act": "INFORM_COUNT", "canonical_values": ["10"], "slot": "count", "values": ["10"]}], "service": "Movies_3", "service_call": {"method": "FindMovies", "parameters": {"genre": "Drama"}}, "service_results": [{"cast": "Bakary Sangare", "directed_by": "Louis Garrel", "genre": "Drama", "movie_title": "A Faithful Man", "percent_rating": "78"}, {"cast": "Doris McCarthy", "directed_by": "Bart Freundlich", "genre": "Drama", "movie_title": "After The Wedding", "percent_rating": "43"}, {"cast": "Meera Ganatra", "directed_by": "Gurinder Chadha", "genre": "Drama", "movie_title": "Blinded by the Light", "percent_rating": "88"}, {"cast": "Jillian Bell", "directed_by": "Paul Downs Colaizzo", "genre": "Drama", "movie_title": "Brittany Runs a Marathon", "percent_rating": "90"}, {"cast": "Jon Glaser", "directed_by": "Lorene Scafaria", "genre": "Drama", "movie_title": "Hustlers", "percent_rating": "94"}, {"cast": "Javier Bardem", "directed_by": "Pedro Almodovar", "genre": "Drama", "movie_title": "Live Flesh", "percent_rating": "80"}, {"cast": "Jack Sterner", "directed_by": "Alex Kendrick", "genre": "Drama", "movie_title": "Overcomer", "percent_rating": "46"}, {"cast": "Jack Carson", "directed_by": "Gregory La Cava", "genre": "Drama", "movie_title": "Stage Door", "percent_rating": "95"}, {"cast": "Karen Holness", "directed_by": "Simon Curtis", "genre": "Drama", "movie_title": "The Art of Racing in the Rain", "percent_rating": "43"}, {"cast": "Xabiani Ponce de Leon", "directed_by": "Hari Sama", "genre": "Drama", "movie_title": "This Is Not Berlin", "percent_rating": "86"}], "slots": [{"exclusive_end": 97, "slot": "movie_title", "start": 83}, {"exclusive_end": 154, "slot": "percent_rating", "start": 152}]}], "speaker": "SYSTEM", "utterance": "I'd be happy to help. I have 10 movies you might be interested in. May I recommend A Faithful Man? It is a well reviewed movie with an average score of 78 percent."}, {"frames": [{"actions": [{"act": "REQUEST", "canonical_values": [], "slot": "directed_by", "values": []}], "service": "Movies_3", "slots": [], "state": {"active_intent": "FindMovies", "requested_slots": ["directed_by"], "slot_values": {"genre": ["Play"]}}}], "speaker": "USER", "utterance": "Can you tell me who directed it?"}, {"frames": [{"actions": [{"act": "INFORM", "canonical_values": ["Louis Garrel"], "slot": "directed_by", "values": ["Louis Garrel"]}], "service": "Movies_3", "slots": [{"exclusive_end": 17, "slot": "directed_by", "start": 5}]}], "speaker": "SYSTEM", "utterance": "Yes, Louis Garrel directed the film."}, {"frames": [{"actions": [{"act": "SELECT", "canonical_values": [], "slot": "", "values": []}, {"act": "GOODBYE", "canonical_values": [], "slot": "", "values": []}], "service": "Movies_3", "slots": [], "state": {"active_intent": "FindMovies", "requested_slots": [], "slot_values": {"genre": ["Play"]}}}], "speaker": "USER", "utterance": "I like his movies! Thank you for the help."}, {"frames": [{"actions": [{"act": "GOODBYE", "canonical_values": [], "slot": "", "values": []}], "service": "Movies_3", "slots": []}], "speaker": "SYSTEM", "utterance": "I'm happy to be of assistance."}]}, {"dialogue_id": "10_00002", "services": ["Movies_3"], "turns": [{"frames": [{"actions": [{"act": "INFORM", "canonical_values": ["David Leitch"], "slot": "directed_by", "values": ["David Leitch"]}, {"act": "INFORM", "canonical_values": ["Lori Pelenise Tuisano"], "slot": "cast", "values": ["Lori Pelenise Tuisano"]}, {"act": "INFORM_INTENT", "canonical_values": ["FindMovies"], "slot": "intent", "values": ["FindMovies"]}], "service": "Movies_3", "slots": [{"exclusive_end": 57, "slot": "directed_by", "start": 45}, {"exclusive_end": 92, "slot": "cast", "start": 71}], "state": {"active_intent": "FindMovies", "requested_slots": [], "slot_values": {"cast": ["Lori Pelenise Tuisano"], "directed_by": ["David Leitch"]}}}], "speaker": "USER", "utterance": "I wish to see the movie which is directed by David Leitch and acted by Lori Pelenise Tuisano."}, {"frames": [{"actions": [{"act": "OFFER", "canonical_values": ["Hobbs and Shaw"], "slot": "movie_title", "values": ["Hobbs and Shaw"]}, {"act": "OFFER", "canonical_values": ["67"], "slot": "percent_rating", "values": ["67"]}], "service": "Movies_3", "service_call": {"method": "FindMovies", "parameters": {"cast": "Lori Pelenise Tuisano", "directed_by": "David Leitch"}}, "service_results": [{"cast": "Lori Pelenise Tuisano", "directed_by": "David Leitch", "genre": "Action", "movie_title": "Hobbs and Shaw", "percent_rating": "67"}], "slots": [{"exclusive_end": 38, "slot": "movie_title", "start": 24}, {"exclusive_end": 65, "slot": "percent_rating", "start": 63}]}], "speaker": "SYSTEM", "utterance": "What do you think about Hobbs and Shaw with the average rating 67 %."}, {"frames": [{"actions": [{"act": "REQUEST", "canonical_values": [], "slot": "genre", "values": []}], "service": "Movies_3", "slots": [], "state": {"active_intent": "FindMovies", "requested_slots": ["genre"], "slot_values": {"cast": ["Lori Pelenise Tuisano"], "directed_by": ["David Leitch"]}}}], "speaker": "USER", "utterance": "What type of movie it is?"}, {"frames": [{"actions": [{"act": "INFORM", "canonical_values": ["Action"], "slot": "genre", "values": ["Action"]}], "service": "Movies_3", "slots": [{"exclusive_end": 20, "slot": "genre", "start": 14}]}], "speaker": "SYSTEM", "utterance": "It is fully a Action movie."}, {"frames": [{"actions": [{"act": "SELECT", "canonical_values": [], "slot": "", "values": []}], "service": "Movies_3", "slots": [], "state": {"active_intent": "FindMovies", "requested_slots": [], "slot_values": {"cast": ["Lori Pelenise Tuisano"], "directed_by": ["David Leitch"]}}}], "speaker": "USER", "utterance": "Looking nice."}, {"frames": [{"actions": [{"act": "REQ_MORE", "canonical_values": [], "slot": "", "values": []}], "service": "Movies_3", "slots": []}], "speaker": "SYSTEM", "utterance": "Do you need any other help?"}, {"frames": [{"actions": [{"act": "NEGATE", "canonical_values": [], "slot": "", "values": []}, {"act": "THANK_YOU", "canonical_values": [], "slot": "", "values": []}], "service": "Movies_3", "slots": [], "state": {"active_intent": "NONE", "requested_slots": [], "slot_values": {"cast": ["Lori Pelenise Tuisano"], "directed_by": ["David Leitch"]}}}], "speaker": "USER", "utterance": "Nope. Thank you so much for your help."}, {"frames": [{"actions": [{"act": "GOODBYE", "canonical_values": [], "slot": "", "values": []}], "service": "Movies_3", "slots": []}], "speaker": "SYSTEM", "utterance": "Happy to help you."}]}, {"dialogue_id": "10_00003", "services": ["Movies_3"], "turns": [{"frames": [{"actions": [{"act": "INFORM", "canonical_values": ["Peter Jackson"], "slot": "directed_by", "values": ["Peter Jackson"]}, {"act": "INFORM", "canonical_values": ["Fantasy"], "slot": "genre", "values": ["Fantasy"]}, {"act": "INFORM_INTENT", "canonical_values": ["FindMovies"], "slot": "intent", "values": ["FindMovies"]}], "service": "Movies_3", "slots": [{"exclusive_end": 38, "slot": "directed_by", "start": 25}, {"exclusive_end": 56, "slot": "genre", "start": 49}], "state": {"active_intent": "FindMovies", "requested_slots": [], "slot_values": {"directed_by": ["Peter Jackson"], "genre": ["Fantasy"]}}}], "speaker": "USER", "utterance": "I want to see a movie by Peter Jackson that is a Fantasy."}, {"frames": [{"actions": [{"act": "OFFER", "canonical_values": ["The Lord of the Rings: The Return of the King"], "slot": "movie_title", "values": ["The Lord of the Rings: The Return of the King"]}, {"act": "OFFER", "canonical_values": ["93"], "slot": "percent_rating", "values": ["93"]}], "service": "Movies_3", "service_call": {"method": "FindMovies", "parameters": {"directed_by": "Peter Jackson", "genre": "Fantasy"}}, "service_results": [{"cast": "Liv Tyler", "directed_by": "Peter Jackson", "genre": "Fantasy", "movie_title": "The Lord of the Rings: The Return of the King", "percent_rating": "93"}], "slots": [{"exclusive_end": 88, "slot": "movie_title", "start": 43}, {"exclusive_end": 101, "slot": "percent_rating", "start": 99}]}], "speaker": "SYSTEM", "utterance": "Well, it sounds like you are talking about The Lord of the Rings: The Return of the King. it has a 93 % rating."}, {"frames": [{"actions": [{"act": "REQUEST", "canonical_values": [], "slot": "cast", "values": []}], "service": "Movies_3", "slots": [], "state": {"active_intent": "FindMovies", "requested_slots": ["cast"], "slot_values": {"directed_by": ["Peter Jackson"], "genre": ["Fantasy"]}}}], "speaker": "USER", "utterance": "Who was in that?"}, {"frames": [{"actions": [{"act": "INFORM", "canonical_values": ["Liv Tyler"], "slot": "cast", "values": ["Liv Tyler"]}], "service": "Movies_3", "slots": [{"exclusive_end": 9, "slot": "cast", "start": 0}]}], "speaker": "SYSTEM", "utterance": "Liv Tyler was in it."}, {"frames": [{"actions": [{"act": "SELECT", "canonical_values": [], "slot": "", "values": []}, {"act": "GOODBYE", "canonical_values": [], "slot": "", "values": []}], "service": "Movies_3", "slots": [], "state": {"active_intent": "FindMovies", "requested_slots": [], "slot_values": {"directed_by": ["Peter Jackson"], "genre": ["Fantasy"]}}}], "speaker": "USER", "utterance": "Fine, I appreciate the idea."}, {"frames": [{"actions": [{"act": "GOODBYE", "canonical_values": [], "slot": "", "values": []}], "service": "Movies_3", "slots": []}], "speaker": "SYSTEM", "utterance": "enjoy the film."}]}, {"dialogue_id": "10_00004", "services": ["Movies_3"], "turns": [{"frames": [{"actions": [{"act": "INFORM_INTENT", "canonical_values": ["FindMovies"], "slot": "intent", "values": ["FindMovies"]}], "service": "Movies_3", "slots": [], "state": {"active_intent": "FindMovies", "requested_slots": [], "slot_values": {}}}], "speaker": "USER", "utterance": "Its boring to have a routing life and i plan to watch a movie. will you find me a good movie?"}, {"frames": [{"actions": [{"act": "OFFER", "canonical_values": ["One Cut of the Dead"], "slot": "movie_title", "values": ["One cut of the Dead"]}, {"act": "OFFER", "canonical_values": ["100"], "slot": "percent_rating", "values": ["100"]}, {"act": "INFORM_COUNT", "canonical_values": ["10"], "slot": "count", "values": ["10"]}], "service": "Movies_3", "service_call": {"method": "FindMovies", "parameters": {}}, "service_results": [{"cast": "Manabu Hosoi", "directed_by": "Shinichirou Ueda", "genre": "Horror", "movie_title": "One Cut of the Dead", "percent_rating": "100"}, {"cast": "Rudy Chernicoff", "directed_by": "Benjamin Naishtat", "genre": "Thriller", "movie_title": "Rojo", "percent_rating": "98"}, {"cast": "Diana Dors", "directed_by": "Douglas Hickox", "genre": "Horror", "movie_title": "Theatre of Blood", "percent_rating": "93"}, {"cast": "Jon Glaser", "directed_by": "Lorene Scafaria", "genre": "Drama", "movie_title": "Hustlers", "percent_rating": "94"}, {"cast": "Alexandre Bourgeois", "directed_by": "Jovanka Vuckovic", "genre": "Action", "movie_title": "Riot Girls", "percent_rating": "100"}, {"cast": "William Jackson Harper", "directed_by": "Ari Aster", "genre": "Horror", "movie_title": "Midsommar", "percent_rating": "83"}, {"cast": "Liv Tyler", "directed_by": "Peter Jackson", "genre": "Fantasy", "movie_title": "The Lord of the Rings: The Return of the King", "percent_rating": "93"}, {"cast": "Quentin Tarantino", "directed_by": "Quentin Tarantino", "genre": "Cult", "movie_title": "Pulp Fiction", "percent_rating": "92"}, {"cast": "Tony Hale", "directed_by": "Josh Cooley", "genre": "Animation", "movie_title": "Toy Story 4", "percent_rating": "97"}, {"cast": "Kate McKinnon", "directed_by": "Danny Boyle", "genre": "Comedy", "movie_title": "Yesterday", "percent_rating": "63"}], "slots": [{"exclusive_end": 66, "slot": "movie_title", "start": 47}, {"exclusive_end": 106, "slot": "percent_rating", "start": 103}]}], "speaker": "SYSTEM", "utterance": "I found 10 movies as per your taste. How about One cut of the Dead? the movie has an average rating of 100 percent."}, {"frames": [{"actions": [{"act": "REQUEST_ALTS", "canonical_values": [], "slot": "", "values": []}], "service": "Movies_3", "slots": [], "state": {"active_intent": "FindMovies", "requested_slots": [], "slot_values": {}}}], "speaker": "USER", "utterance": "No , i am not interested. Any other movies?"}, {"frames": [{"actions": [{"act": "OFFER", "canonical_values": ["Rojo"], "slot": "movie_title", "values": ["Rojo"]}, {"act": "OFFER", "canonical_values": ["98"], "slot": "percent_rating", "values": ["98"]}], "service": "Movies_3", "slots": [{"exclusive_end": 14, "slot": "movie_title", "start": 10}, {"exclusive_end": 54, "slot": "percent_rating", "start": 52}]}], "speaker": "SYSTEM", "utterance": "How about Rojo? The average rating of that movie is 98 percent."}, {"frames": [{"actions": [{"act": "INFORM", "canonical_values": ["Quentin Tarantino"], "slot": "directed_by", "values": ["QUentin Tarantino"]}, {"act": "INFORM", "canonical_values": ["Cult"], "slot": "genre", "values": ["Cult"]}, {"act": "REQUEST_ALTS", "canonical_values": [], "slot": "", "values": []}], "service": "Movies_3", "slots": [{"exclusive_end": 72, "slot": "directed_by", "start": 55}, {"exclusive_end": 102, "slot": "genre", "start": 98}], "state": {"active_intent": "FindMovies", "requested_slots": [], "slot_values": {"directed_by": ["QUentin Tarantino"], "genre": ["Cult"]}}}], "speaker": "USER", "utterance": "Not interested. Any other movies which are directed by QUentin Tarantino? type of movie should be Cult genre."}, {"frames": [{"actions": [{"act": "OFFER", "canonical_values": ["Pulp Fiction"], "slot": "movie_title", "values": ["Pulp Fiction"]}, {"act": "OFFER", "canonical_values": ["92"], "slot": "percent_rating", "values": ["92"]}], "service": "Movies_3", "service_call": {"method": "FindMovies", "parameters": {"directed_by": "Quentin Tarantino", "genre": "Cult"}}, "service_results": [{"cast": "Quentin Tarantino", "directed_by": "Quentin Tarantino", "genre": "Cult", "movie_title": "Pulp Fiction", "percent_rating": "92"}], "slots": [{"exclusive_end": 22, "slot": "movie_title", "start": 10}, {"exclusive_end": 62, "slot": "percent_rating", "start": 60}]}], "speaker": "SYSTEM", "utterance": "How about Pulp Fiction? The average rating of that movie is 92 percent."}, {"frames": [{"actions": [{"act": "REQUEST", "canonical_values": [], "slot": "cast", "values": []}], "service": "Movies_3", "slots": [], "state": {"active_intent": "FindMovies", "requested_slots": ["cast"], "slot_values": {"directed_by": ["QUentin Tarantino"], "genre": ["Cult"]}}}], "speaker": "USER", "utterance": "Who played in that movie?"}, {"frames": [{"actions": [{"act": "INFORM", "canonical_values": ["Quentin Tarantino"], "slot": "cast", "values": ["Quentin Tarantino"]}], "service": "Movies_3", "slots": [{"exclusive_end": 17, "slot": "cast", "start": 0}]}], "speaker": "SYSTEM", "utterance": "Quentin Tarantino Acted in the movie."}, {"frames": [{"actions": [{"act": "SELECT", "canonical_values": [], "slot": "", "values": []}, {"act": "GOODBYE", "canonical_values": [], "slot": "", "values": []}], "service": "Movies_3", "slots": [], "state": {"active_intent": "FindMovies", "requested_slots": [], "slot_values": {"directed_by": ["QUentin Tarantino", "Quentin Tarantino"], "genre": ["Cult"]}}}], "speaker": "USER", "utterance": "Ok that sounds good. that's all i need"}, {"frames": [{"actions": [{"act": "GOODBYE", "canonical_values": [], "slot": "", "values": []}], "service": "Movies_3", "slots": []}], "speaker": "SYSTEM", "utterance": "Have a wonderful day"}]}]