[{"dialogue_id": "119_00000", "services": ["RentalCars_1", "Homes_1"], "turns": [{"frames": [{"actions": [{"act": "INFORM_INTENT", "canonical_values": ["GetCarsAvailable"], "slot": "intent", "values": ["GetCarsAvailable"]}], "service": "RentalCars_1", "slots": [], "state": {"active_intent": "GetCarsAvailable", "requested_slots": [], "slot_values": {}}}], "speaker": "USER", "utterance": "Can you help me find a rental car?"}, {"frames": [{"actions": [{"act": "REQUEST", "canonical_values": [], "slot": "dropoff_date", "values": []}], "service": "RentalCars_1", "slots": []}], "speaker": "SYSTEM", "utterance": "When will you be returning the car?"}, {"frames": [{"actions": [{"act": "INFORM", "canonical_values": ["2019-03-14"], "slot": "dropoff_date", "values": ["14th of this month"]}], "service": "RentalCars_1", "slots": [{"exclusive_end": 45, "slot": "dropoff_date", "start": 27}], "state": {"active_intent": "GetCarsAvailable", "requested_slots": [], "slot_values": {"dropoff_date": ["14th of this month"]}}}], "speaker": "USER", "utterance": "I'll be using it until the 14th of this month."}, {"frames": [{"actions": [{"act": "REQUEST", "canonical_values": [], "slot": "pickup_date", "values": []}, {"act": "REQUEST", "canonical_values": [], "slot": "pickup_time", "values": []}, {"act": "REQUEST", "canonical_values": [], "slot": "pickup_city", "values": []}], "service": "RentalCars_1", "slots": []}], "speaker": "SYSTEM", "utterance": "What is the time and location of pick up?"}, {"frames": [{"actions": [{"act": "INFORM", "canonical_values": ["18:30"], "slot": "pickup_time", "values": ["half past 6 in the evening"]}, {"act": "INFORM", "canonical_values": ["2019-03-12"], "slot": "pickup_date", "values": ["the 12th"]}, {"act": "INFORM", "canonical_values": ["San Jose"], "slot": "pickup_city", "values": ["San Jose"]}], "service": "RentalCars_1", "slots": [{"exclusive_end": 100, "slot": "pickup_time", "start": 74}, {"exclusive_end": 38, "slot": "pickup_date", "start": 30}, {"exclusive_end": 50, "slot": "pickup_city", "start": 42}], "state": {"active_intent": "GetCarsAvailable", "requested_slots": [], "slot_values": {"dropoff_date": ["14th of this month"], "pickup_city": ["San Jose"], "pickup_date": ["the 12th"], "pickup_time": ["half past 6 in the evening"]}}}], "speaker": "USER", "utterance": "I'll be picking the car up on the 12th in San Jose. I'll need it around a half past 6 in the evening."}, {"frames": [{"actions": [{"act": "OFFER", "canonical_values": ["Diridon Station"], "slot": "pickup_location", "values": ["Diridon Station"]}, {"act": "OFFER", "canonical_values": ["2019-03-12"], "slot": "pickup_date", "values": ["March 12th"]}, {"act": "OFFER", "canonical_values": ["Standard"], "slot": "type", "values": ["Standard"]}, {"act": "OFFER", "canonical_values": ["Civic"], "slot": "car_name", "values": ["Civic"]}, {"act": "INFORM_COUNT", "canonical_values": ["4"], "slot": "count", "values": ["4"]}], "service": "RentalCars_1", "service_call": {"method": "GetCarsAvailable", "parameters": {"dropoff_date": "2019-03-14", "pickup_city": "San Jose", "pickup_date": "2019-03-12", "pickup_time": "18:30"}}, "service_results": [{"car_name": "Civic", "dropoff_date": "2019-03-14", "pickup_city": "San Jose", "pickup_date": "2019-03-12", "pickup_location": "Diridon Station", "pickup_time": "18:30", "total_price": "70", "type": "Standard"}, {"car_name": "Corolla", "dropoff_date": "2019-03-14", "pickup_city": "San Jose", "pickup_date": "2019-03-12", "pickup_location": "Diridon Station", "pickup_time": "18:30", "total_price": "66", "type": "Standard"}, {"car_name": "Cruze", "dropoff_date": "2019-03-14", "pickup_city": "San Jose", "pickup_date": "2019-03-12", "pickup_location": "Diridon Station", "pickup_time": "18:30", "total_price": "66", "type": "Standard"}, {"car_name": "Elantra", "dropoff_date": "2019-03-14", "pickup_city": "San Jose", "pickup_date": "2019-03-12", "pickup_location": "Diridon Station", "pickup_time": "18:30", "total_price": "64", "type": "Standard"}], "slots": [{"exclusive_end": 122, "slot": "pickup_location", "start": 107}, {"exclusive_end": 103, "slot": "pickup_date", "start": 93}, {"exclusive_end": 67, "slot": "car_name", "start": 62}]}], "speaker": "SYSTEM", "utterance": "I've located 4 cars I think you may like. There is a Standard Civic available for pick up on March 12th at Diridon Station."}, {"frames": [{"actions": [{"act": "REQUEST", "canonical_values": [], "slot": "total_price", "values": []}], "service": "RentalCars_1", "slots": [], "state": {"active_intent": "GetCarsAvailable", "requested_slots": ["total_price"], "slot_values": {"dropoff_date": ["14th of this month"], "pickup_city": ["San Jose"], "pickup_date": ["March 12th", "the 12th"], "pickup_time": ["half past 6 in the evening"]}}}], "speaker": "USER", "utterance": "How much will this cost?"}, {"frames": [{"actions": [{"act": "INFORM", "canonical_values": ["70"], "slot": "total_price", "values": ["$70"]}], "service": "RentalCars_1", "slots": [{"exclusive_end": 40, "slot": "total_price", "start": 37}]}], "speaker": "SYSTEM", "utterance": "The total cost of the reservation is $70."}, {"frames": [{"actions": [{"act": "REQUEST_ALTS", "canonical_values": [], "slot": "", "values": []}], "service": "RentalCars_1", "slots": [], "state": {"active_intent": "GetCarsAvailable", "requested_slots": [], "slot_values": {"dropoff_date": ["14th of this month"], "pickup_city": ["San Jose"], "pickup_date": ["March 12th", "the 12th"], "pickup_time": ["half past 6 in the evening"]}}}], "speaker": "USER", "utterance": "What other options are available?"}, {"frames": [{"actions": [{"act": "OFFER", "canonical_values": ["Diridon Station"], "slot": "pickup_location", "values": ["Diridon Station"]}, {"act": "OFFER", "canonical_values": ["2019-03-12"], "slot": "pickup_date", "values": ["March 12th"]}, {"act": "OFFER", "canonical_values": ["Standard"], "slot": "type", "values": ["Standard"]}, {"act": "OFFER", "canonical_values": ["Corolla"], "slot": "car_name", "values": ["Corolla"]}], "service": "RentalCars_1", "slots": [{"exclusive_end": 15, "slot": "pickup_location", "start": 0}, {"exclusive_end": 102, "slot": "pickup_date", "start": 92}, {"exclusive_end": 41, "slot": "car_name", "start": 34}]}], "speaker": "SYSTEM", "utterance": "Diridon Station also has a Toyota Corolla, which is a standard car available for pick up on March 12th."}, {"frames": [{"actions": [{"act": "REQUEST", "canonical_values": [], "slot": "total_price", "values": []}], "service": "RentalCars_1", "slots": [], "state": {"active_intent": "GetCarsAvailable", "requested_slots": ["total_price"], "slot_values": {"dropoff_date": ["14th of this month"], "pickup_city": ["San Jose"], "pickup_date": ["March 12th", "the 12th"], "pickup_time": ["half past 6 in the evening"]}}}], "speaker": "USER", "utterance": "How much will that cost?"}, {"frames": [{"actions": [{"act": "INFORM", "canonical_values": ["66"], "slot": "total_price", "values": ["$66"]}], "service": "RentalCars_1", "slots": [{"exclusive_end": 26, "slot": "total_price", "start": 23}]}], "speaker": "SYSTEM", "utterance": "The total cost will be $66."}, {"frames": [{"actions": [{"act": "INFORM", "canonical_values": ["Compact"], "slot": "type", "values": ["Compact"]}, {"act": "INFORM", "canonical_values": ["2019-03-13"], "slot": "dropoff_date", "values": ["March 13th"]}, {"act": "REQUEST_ALTS", "canonical_values": [], "slot": "", "values": []}], "service": "RentalCars_1", "slots": [{"exclusive_end": 67, "slot": "dropoff_date", "start": 57}], "state": {"active_intent": "GetCarsAvailable", "requested_slots": [], "slot_values": {"dropoff_date": ["March 13th"], "pickup_city": ["San Jose"], "pickup_date": ["March 12th", "the 12th"], "pickup_time": ["half past 6 in the evening"], "type": ["Compact"]}}}], "speaker": "USER", "utterance": "What other options are there? I'd like a small car until March 13th."}, {"frames": [{"actions": [{"act": "OFFER", "canonical_values": ["Diridon Station"], "slot": "pickup_location", "values": ["Diridon Station"]}, {"act": "OFFER", "canonical_values": ["2019-03-12"], "slot": "pickup_date", "values": ["March 12th"]}, {"act": "OFFER", "canonical_values": ["Compact"], "slot": "type", "values": ["Compact"]}, {"act": "OFFER", "canonical_values": ["Fit"], "slot": "car_name", "values": ["Fit"]}], "service": "RentalCars_1", "service_call": {"method": "GetCarsAvailable", "parameters": {"dropoff_date": "2019-03-13", "pickup_city": "San Jose", "pickup_date": "2019-03-12", "pickup_time": "18:30", "type": "Compact"}}, "service_results": [{"car_name": "Fit", "dropoff_date": "2019-03-13", "pickup_city": "San Jose", "pickup_date": "2019-03-12", "pickup_location": "Diridon Station", "pickup_time": "18:30", "total_price": "28", "type": "Compact"}, {"car_name": "GTI", "dropoff_date": "2019-03-13", "pickup_city": "San Jose", "pickup_date": "2019-03-12", "pickup_location": "Diridon Station", "pickup_time": "18:30", "total_price": "26", "type": "Compact"}], "slots": [{"exclusive_end": 56, "slot": "pickup_location", "start": 41}, {"exclusive_end": 81, "slot": "pickup_date", "start": 71}, {"exclusive_end": 99, "slot": "car_name", "start": 96}]}], "speaker": "SYSTEM", "utterance": "There is a nice compact car available at Diridon Station for pickup on March 12th. The car is a Fit."}, {"frames": [{"actions": [{"act": "INFORM_INTENT", "canonical_values": ["ReserveCar"], "slot": "intent", "values": ["ReserveCar"]}, {"act": "SELECT", "canonical_values": [], "slot": "", "values": []}], "service": "RentalCars_1", "slots": [], "state": {"active_intent": "ReserveCar", "requested_slots": [], "slot_values": {"dropoff_date": ["March 13th"], "pickup_city": ["San Jose"], "pickup_date": ["March 12th", "the 12th"], "pickup_location": ["Diridon Station"], "pickup_time": ["half past 6 in the evening"], "type": ["Compact"]}}}], "speaker": "USER", "utterance": "That one will work. Can you reserve this for me?"}, {"frames": [{"actions": [{"act": "CONFIRM", "canonical_values": ["Diridon Station"], "slot": "pickup_location", "values": ["Diridon Station"]}, {"act": "CONFIRM", "canonical_values": ["2019-03-12"], "slot": "pickup_date", "values": ["March 12th"]}, {"act": "CONFIRM", "canonical_values": ["18:30"], "slot": "pickup_time", "values": ["6:30 pm"]}, {"act": "CONFIRM", "canonical_values": ["2019-03-13"], "slot": "dropoff_date", "values": ["March 13th"]}, {"act": "CONFIRM", "canonical_values": ["Compact"], "slot": "type", "values": ["Compact"]}], "service": "RentalCars_1", "slots": [{"exclusive_end": 73, "slot": "pickup_location", "start": 58}, {"exclusive_end": 87, "slot": "pickup_date", "start": 77}, {"exclusive_end": 98, "slot": "pickup_time", "start": 91}, {"exclusive_end": 143, "slot": "dropoff_date", "start": 133}]}], "speaker": "SYSTEM", "utterance": "Please confirm that you are picking up a compact car from Diridon Station on March 12th at 6:30 pm. You will be returning the car on March 13th."}, {"frames": [{"actions": [{"act": "AFFIRM", "canonical_values": [], "slot": "", "values": []}], "service": "RentalCars_1", "slots": [], "state": {"active_intent": "ReserveCar", "requested_slots": [], "slot_values": {"dropoff_date": ["March 13th"], "pickup_city": ["San Jose"], "pickup_date": ["March 12th", "the 12th"], "pickup_location": ["Diridon Station"], "pickup_time": ["6:30 pm", "half past 6 in the evening"], "type": ["Compact"]}}}], "speaker": "USER", "utterance": "That is right."}, {"frames": [{"actions": [{"act": "NOTIFY_SUCCESS", "canonical_values": [], "slot": "", "values": []}], "service": "RentalCars_1", "service_call": {"method": "ReserveCar", "parameters": {"dropoff_date": "2019-03-13", "pickup_date": "2019-03-12", "pickup_location": "Diridon Station", "pickup_time": "18:30", "type": "Compact"}}, "service_results": [{"car_name": "Fit", "dropoff_date": "2019-03-13", "pickup_date": "2019-03-12", "pickup_location": "Diridon Station", "pickup_time": "18:30", "total_price": "28", "type": "Compact"}], "slots": []}], "speaker": "SYSTEM", "utterance": "Your reservation is complete."}, {"frames": [{"actions": [{"act": "INFORM", "canonical_values": ["1"], "slot": "number_of_baths", "values": ["1"]}, {"act": "INFORM_INTENT", "canonical_values": ["FindApartment"], "slot": "intent", "values": ["FindApartment"]}], "service": "Homes_1", "slots": [], "state": {"active_intent": "FindApartment", "requested_slots": [], "slot_values": {"area": ["San Jose"], "number_of_baths": ["1"]}}}], "speaker": "USER", "utterance": "Can you help me find an apartment in the area with 1 bath."}, {"frames": [{"actions": [{"act": "REQUEST", "canonical_values": [], "slot": "number_of_beds", "values": []}], "service": "Homes_1", "slots": []}], "speaker": "SYSTEM", "utterance": "How many bedrooms would you like in the apartment?"}, {"frames": [{"actions": [{"act": "INFORM", "canonical_values": ["1"], "slot": "number_of_beds", "values": ["1"]}], "service": "Homes_1", "slots": [], "state": {"active_intent": "FindApartment", "requested_slots": [], "slot_values": {"area": ["San Jose"], "number_of_baths": ["1"], "number_of_beds": ["1"]}}}], "speaker": "USER", "utterance": "I want 1 bedroom."}, {"frames": [{"actions": [{"act": "OFFER", "canonical_values": ["888 Golden Saratoga-Cupertino Apartment Homes"], "slot": "property_name", "values": ["888 Golden Saratoga-Cupertino Apartment Homes"]}, {"act": "OFFER", "canonical_values": ["1546 Maurice Lane"], "slot": "address", "values": ["1546 Maurice Lane"]}, {"act": "OFFER", "canonical_values": ["1"], "slot": "number_of_beds", "values": ["1"]}, {"act": "OFFER", "canonical_values": ["1"], "slot": "number_of_baths", "values": ["1"]}, {"act": "OFFER", "canonical_values": ["1600"], "slot": "rent", "values": ["$1,600"]}, {"act": "INFORM_COUNT", "canonical_values": ["10"], "slot": "count", "values": ["10"]}], "service": "Homes_1", "service_call": {"method": "FindApartment", "parameters": {"area": "San Jose", "number_of_baths": "1", "number_of_beds": "1"}}, "service_results": [{"address": "1546 Maurice Lane", "area": "San Jose", "furnished": "False", "number_of_baths": "1", "number_of_beds": "1", "pets_allowed": "True", "phone_number": "408-818-0710", "property_name": "888 Golden Saratoga-Cupertino Apartment Homes", "rent": "1600"}, {"address": "947 Branham Lane # C", "area": "San Jose", "furnished": "False", "number_of_baths": "1", "number_of_beds": "1", "pets_allowed": "True", "phone_number": "408-265-4808", "property_name": "Almaden Garden Apartments", "rent": "1850"}, {"address": "2415 Rinconada Drive", "area": "San Jose", "furnished": "False", "number_of_baths": "1", "number_of_beds": "1", "pets_allowed": "False", "phone_number": "408-516-4212", "property_name": "Almaden House", "rent": "1750"}, {"address": "1543 Ambergrove Drive", "area": "San Jose", "furnished": "False", "number_of_baths": "1", "number_of_beds": "1", "pets_allowed": "True", "phone_number": "408-453-8011", "property_name": "Amberwood Apartments", "rent": "1800"}, {"address": "2760 McKee Road", "area": "San Jose", "furnished": "False", "number_of_baths": "1", "number_of_beds": "1", "pets_allowed": "False", "phone_number": "408-251-7570", "property_name": "Arbor Terraces", "rent": "1550"}, {"address": "5480 Lean Avenue", "area": "San Jose", "furnished": "True", "number_of_baths": "1", "number_of_beds": "1", "pets_allowed": "True", "phone_number": "408-840-2195", "property_name": "Blossom Hill Apartments", "rent": "2000"}, {"address": "44 North Jackson Avenue # A5", "area": "San Jose", "furnished": "False", "number_of_baths": "1", "number_of_beds": "1", "pets_allowed": "True", "phone_number": "408-251-4540", "property_name": "Boxer'S Mayfair Village Senior Apartments", "rent": "1650"}, {"address": "1612 Branham Lane", "area": "San Jose", "furnished": "False", "number_of_baths": "1", "number_of_beds": "1", "pets_allowed": "True", "phone_number": "408-267-0515", "property_name": "Branham House Apartments", "rent": "2050"}, {"address": "2020 Southwest Expressway", "area": "San Jose", "furnished": "False", "number_of_baths": "1", "number_of_beds": "1", "pets_allowed": "False", "phone_number": "408-287-6274", "property_name": "Cherry Creek Apartments", "rent": "2050"}, {"address": "2600 Corde Terra Circle", "area": "San Jose", "furnished": "False", "number_of_baths": "1", "number_of_beds": "1", "pets_allowed": "True", "phone_number": "408-298-9988", "property_name": "Corde Terra Apartments", "rent": "1800"}], "slots": [{"exclusive_end": 198, "slot": "property_name", "start": 153}, {"exclusive_end": 129, "slot": "address", "start": 112}, {"exclusive_end": 222, "slot": "rent", "start": 216}]}], "speaker": "SYSTEM", "utterance": "I've located 10 nice apartments. There is a very good property with a 1 bedroom 1 bathroom apartment located at 1546 Maurice Lane. The apartment name is 888 Golden Saratoga-Cupertino Apartment Homes, and the rent is $1,600 per month."}, {"frames": [{"actions": [{"act": "SELECT", "canonical_values": [], "slot": "", "values": []}], "service": "Homes_1", "slots": [], "state": {"active_intent": "FindApartment", "requested_slots": [], "slot_values": {"area": ["San Jose"], "number_of_baths": ["1"], "number_of_beds": ["1"], "property_name": ["888 Golden Saratoga-Cupertino Apartment Homes"]}}}], "speaker": "USER", "utterance": "That would be a good choice."}, {"frames": [{"actions": [{"act": "OFFER_INTENT", "canonical_values": ["ScheduleVisit"], "slot": "intent", "values": ["ScheduleVisit"]}], "service": "Homes_1", "slots": []}], "speaker": "SYSTEM", "utterance": "Would you like to schedule a viewing of the property?"}, {"frames": [{"actions": [{"act": "NEGATE_INTENT", "canonical_values": [], "slot": "", "values": []}, {"act": "GOODBYE", "canonical_values": [], "slot": "", "values": []}], "service": "Homes_1", "slots": [], "state": {"active_intent": "NONE", "requested_slots": [], "slot_values": {"area": ["San Jose"], "number_of_baths": ["1"], "number_of_beds": ["1"], "property_name": ["888 Golden Saratoga-Cupertino Apartment Homes"]}}}], "speaker": "USER", "utterance": "Not right now, but thank you. That is all."}, {"frames": [{"actions": [{"act": "GOODBYE", "canonical_values": [], "slot": "", "values": []}], "service": "Homes_1", "slots": []}], "speaker": "SYSTEM", "utterance": "You're welcome. Have an enjoyable day."}]}, {"dialogue_id": "119_00001", "services": ["RentalCars_1", "Homes_1"], "turns": [{"frames": [{"actions": [{"act": "INFORM", "canonical_values": ["2019-03-01"], "slot": "pickup_date", "values": ["1st of march"]}, {"act": "INFORM", "canonical_values": ["Compact"], "slot": "type", "values": ["Compact"]}, {"act": "INFORM_INTENT", "canonical_values": ["GetCarsAvailable"], "slot": "intent", "values": ["GetCarsAvailable"]}], "service": "RentalCars_1", "slots": [{"exclusive_end": 52, "slot": "pickup_date", "start": 40}], "state": {"active_intent": "GetCarsAvailable", "requested_slots": [], "slot_values": {"pickup_date": ["1st of march"], "type": ["Compact"]}}}], "speaker": "USER", "utterance": "I like to search a small rental car for 1st of march."}, {"frames": [{"actions": [{"act": "REQUEST", "canonical_values": [], "slot": "pickup_city", "values": []}, {"act": "REQUEST", "canonical_values": [], "slot": "dropoff_date", "values": []}], "service": "RentalCars_1", "slots": []}], "speaker": "SYSTEM", "utterance": "From which place you want to pick it up? Till what date you need the car?"}, {"frames": [{"actions": [{"act": "INFORM", "canonical_values": ["Vancouver"], "slot": "pickup_city", "values": ["Vancouver"]}, {"act": "INFORM", "canonical_values": ["Standard"], "slot": "type", "values": ["Standard"]}, {"act": "INFORM", "canonical_values": ["2019-03-02"], "slot": "dropoff_date", "values": ["2nd of this month"]}], "service": "RentalCars_1", "slots": [{"exclusive_end": 35, "slot": "pickup_city", "start": 26}, {"exclusive_end": 56, "slot": "dropoff_date", "start": 39}], "state": {"active_intent": "GetCarsAvailable", "requested_slots": [], "slot_values": {"dropoff_date": ["2nd of this month"], "pickup_city": ["Vancouver"], "pickup_date": ["1st of march"], "type": ["Standard"]}}}], "speaker": "USER", "utterance": "I like to pick it up from Vancouver on 2nd of this month and i need a medium-sized car."}, {"frames": [{"actions": [{"act": "REQUEST", "canonical_values": [], "slot": "pickup_time", "values": []}], "service": "RentalCars_1", "slots": []}], "speaker": "SYSTEM", "utterance": "At what time you want the car?"}, {"frames": [{"actions": [{"act": "INFORM", "canonical_values": ["15:00"], "slot": "pickup_time", "values": ["three in the afternoon"]}, {"act": "INFORM", "canonical_values": ["Walnut Creek"], "slot": "pickup_city", "values": ["walnut creek"]}], "service": "RentalCars_1", "slots": [{"exclusive_end": 68, "slot": "pickup_time", "start": 46}, {"exclusive_end": 38, "slot": "pickup_city", "start": 26}], "state": {"active_intent": "GetCarsAvailable", "requested_slots": [], "slot_values": {"dropoff_date": ["2nd of this month"], "pickup_city": ["walnut creek"], "pickup_date": ["1st of march"], "pickup_time": ["three in the afternoon"], "type": ["Standard"]}}}], "speaker": "USER", "utterance": "I like to pick it up from walnut creek around three in the afternoon."}, {"frames": [{"actions": [{"act": "OFFER", "canonical_values": ["BART Station"], "slot": "pickup_location", "values": ["BART Station"]}, {"act": "OFFER", "canonical_values": ["2019-03-01"], "slot": "pickup_date", "values": ["March 1st"]}, {"act": "OFFER", "canonical_values": ["Standard"], "slot": "type", "values": ["Standard"]}, {"act": "OFFER", "canonical_values": ["Accord"], "slot": "car_name", "values": ["Accord"]}], "service": "RentalCars_1", "service_call": {"method": "GetCarsAvailable", "parameters": {"dropoff_date": "2019-03-02", "pickup_city": "Walnut Creek", "pickup_date": "2019-03-01", "pickup_time": "15:00", "type": "Standard"}}, "service_results": [{"car_name": "Accord", "dropoff_date": "2019-03-02", "pickup_city": "Walnut Creek", "pickup_date": "2019-03-01", "pickup_location": "BART Station", "pickup_time": "15:00", "total_price": "30", "type": "Standard"}, {"car_name": "Camry", "dropoff_date": "2019-03-02", "pickup_city": "Walnut Creek", "pickup_date": "2019-03-01", "pickup_location": "BART Station", "pickup_time": "15:00", "total_price": "35", "type": "Standard"}, {"car_name": "Civic", "dropoff_date": "2019-03-02", "pickup_city": "Walnut Creek", "pickup_date": "2019-03-01", "pickup_location": "BART Station", "pickup_time": "15:00", "total_price": "37", "type": "Standard"}, {"car_name": "Corolla", "dropoff_date": "2019-03-02", "pickup_city": "Walnut Creek", "pickup_date": "2019-03-01", "pickup_location": "Downtown", "pickup_time": "15:00", "total_price": "32", "type": "Standard"}, {"car_name": "Fusion", "dropoff_date": "2019-03-02", "pickup_city": "Walnut Creek", "pickup_date": "2019-03-01", "pickup_location": "BART Station", "pickup_time": "15:00", "total_price": "34", "type": "Standard"}], "slots": [{"exclusive_end": 60, "slot": "pickup_location", "start": 48}, {"exclusive_end": 85, "slot": "pickup_date", "start": 76}, {"exclusive_end": 34, "slot": "car_name", "start": 28}]}], "speaker": "SYSTEM", "utterance": "here is a nice Standard car Accord available at BART Station for pick up on March 1st."}, {"frames": [{"actions": [{"act": "SELECT", "canonical_values": [], "slot": "", "values": []}], "service": "RentalCars_1", "slots": [], "state": {"active_intent": "GetCarsAvailable", "requested_slots": [], "slot_values": {"dropoff_date": ["2nd of this month"], "pickup_city": ["walnut creek"], "pickup_date": ["1st of march", "March 1st"], "pickup_location": ["BART Station"], "pickup_time": ["three in the afternoon"], "type": ["Standard"]}}}], "speaker": "USER", "utterance": "This is cool."}, {"frames": [{"actions": [{"act": "OFFER_INTENT", "canonical_values": ["ReserveCar"], "slot": "intent", "values": ["ReserveCar"]}], "service": "RentalCars_1", "slots": []}], "speaker": "SYSTEM", "utterance": "Are you like to book this car?"}, {"frames": [{"actions": [{"act": "AFFIRM_INTENT", "canonical_values": [], "slot": "", "values": []}], "service": "RentalCars_1", "slots": [], "state": {"active_intent": "ReserveCar", "requested_slots": [], "slot_values": {"dropoff_date": ["2nd of this month"], "pickup_city": ["walnut creek"], "pickup_date": ["1st of march", "March 1st"], "pickup_location": ["BART Station"], "pickup_time": ["three in the afternoon"], "type": ["Standard"]}}}], "speaker": "USER", "utterance": "Yes, i like to book the car."}, {"frames": [{"actions": [{"act": "CONFIRM", "canonical_values": ["BART Station"], "slot": "pickup_location", "values": ["BART Station"]}, {"act": "CONFIRM", "canonical_values": ["2019-03-01"], "slot": "pickup_date", "values": ["March 1st"]}, {"act": "CONFIRM", "canonical_values": ["15:00"], "slot": "pickup_time", "values": ["3 pm"]}, {"act": "CONFIRM", "canonical_values": ["2019-03-02"], "slot": "dropoff_date", "values": ["March 2nd"]}, {"act": "CONFIRM", "canonical_values": ["Standard"], "slot": "type", "values": ["Standard"]}], "service": "RentalCars_1", "slots": [{"exclusive_end": 82, "slot": "pickup_location", "start": 70}, {"exclusive_end": 95, "slot": "pickup_date", "start": 86}, {"exclusive_end": 103, "slot": "pickup_time", "start": 99}, {"exclusive_end": 141, "slot": "dropoff_date", "start": 132}]}], "speaker": "SYSTEM", "utterance": "Please give confirmation details: You are picking a standard car from BART Station on March 1st at 3 pm and the drop off will be on March 2nd."}, {"frames": [{"actions": [{"act": "AFFIRM", "canonical_values": [], "slot": "", "values": []}], "service": "RentalCars_1", "slots": [], "state": {"active_intent": "ReserveCar", "requested_slots": [], "slot_values": {"dropoff_date": ["2nd of this month", "March 2nd"], "pickup_city": ["walnut creek"], "pickup_date": ["1st of march", "March 1st"], "pickup_location": ["BART Station"], "pickup_time": ["3 pm", "three in the afternoon"], "type": ["Standard"]}}}], "speaker": "USER", "utterance": "Fine. this is cool."}, {"frames": [{"actions": [{"act": "NOTIFY_SUCCESS", "canonical_values": [], "slot": "", "values": []}], "service": "RentalCars_1", "service_call": {"method": "ReserveCar", "parameters": {"dropoff_date": "2019-03-02", "pickup_date": "2019-03-01", "pickup_location": "BART Station", "pickup_time": "15:00", "type": "Standard"}}, "service_results": [{"car_name": "Accord", "dropoff_date": "2019-03-02", "pickup_date": "2019-03-01", "pickup_location": "BART Station", "pickup_time": "15:00", "total_price": "30", "type": "Standard"}], "slots": []}], "speaker": "SYSTEM", "utterance": "Your car is booked."}, {"frames": [{"actions": [{"act": "INFORM_INTENT", "canonical_values": ["FindApartment"], "slot": "intent", "values": ["FindApartment"]}], "service": "Homes_1", "slots": [], "state": {"active_intent": "FindApartment", "requested_slots": [], "slot_values": {"area": ["walnut creek"]}}}], "speaker": "USER", "utterance": "I like to search an apartment there."}, {"frames": [{"actions": [{"act": "REQUEST", "canonical_values": [], "slot": "number_of_beds", "values": []}], "service": "Homes_1", "slots": []}], "speaker": "SYSTEM", "utterance": "Number of bed rooms you want in that apartment?"}, {"frames": [{"actions": [{"act": "INFORM", "canonical_values": ["4"], "slot": "number_of_beds", "values": ["4"]}], "service": "Homes_1", "slots": [], "state": {"active_intent": "FindApartment", "requested_slots": [], "slot_values": {"area": ["walnut creek"], "number_of_beds": ["4"]}}}], "speaker": "USER", "utterance": "I want four bed rooms."}, {"frames": [{"actions": [{"act": "OFFER", "canonical_values": ["Birchwood Apartments"], "slot": "property_name", "values": ["Birchwood Apartments"]}, {"act": "OFFER", "canonical_values": ["1195 Saranap Avenue # 14"], "slot": "address", "values": ["1195 Saranap avenue # 14"]}, {"act": "OFFER", "canonical_values": ["4"], "slot": "number_of_beds", "values": ["4"]}, {"act": "OFFER", "canonical_values": ["3"], "slot": "number_of_baths", "values": ["3"]}, {"act": "OFFER", "canonical_values": ["4750"], "slot": "rent", "values": ["$4,750"]}], "service": "Homes_1", "service_call": {"method": "FindApartment", "parameters": {"area": "Walnut Creek", "number_of_beds": "4"}}, "service_results": [{"address": "1195 Saranap Avenue # 14", "area": "Walnut Creek", "furnished": "True", "number_of_baths": "3", "number_of_beds": "4", "pets_allowed": "True", "phone_number": "925-937-1324", "property_name": "Birchwood Apartments", "rent": "4750"}, {"address": "245 Masters Court", "area": "Walnut Creek", "furnished": "False", "number_of_baths": "3", "number_of_beds": "4", "pets_allowed": "True", "phone_number": "925-906-9000", "property_name": "Club Villas", "rent": "4800"}, {"address": "1011 Ygnacio Valley Road", "area": "Walnut Creek", "furnished": "False", "number_of_baths": "3", "number_of_beds": "4", "pets_allowed": "False", "phone_number": "844-731-9934", "property_name": "Cypress Creek Apartments", "rent": "4700"}, {"address": "1450 Creekside Drive", "area": "Walnut Creek", "furnished": "False", "number_of_baths": "3", "number_of_beds": "4", "pets_allowed": "True", "phone_number": "925-930-9625", "property_name": "Diablo Pointe Apartments", "rent": "4800"}, {"address": "3055 North Main Street", "area": "Walnut Creek", "furnished": "False", "number_of_baths": "3", "number_of_beds": "4", "pets_allowed": "False", "phone_number": "855-388-5520", "property_name": "Kingston Place Apartments", "rent": "5150"}, {"address": "2971 North Main Street", "area": "Walnut Creek", "furnished": "True", "number_of_baths": "3", "number_of_beds": "4", "pets_allowed": "False", "phone_number": "925-939-6667", "property_name": "North Main Apartments", "rent": "4850"}, {"address": "1459 Creekside Drive", "area": "Walnut Creek", "furnished": "False", "number_of_baths": "3", "number_of_beds": "4", "pets_allowed": "False", "phone_number": "855-250-5961", "property_name": "The Retreat", "rent": "5250"}, {"address": "1595 Sunnyvale Avenue #1", "area": "Walnut Creek", "furnished": "False", "number_of_baths": "3", "number_of_beds": "4", "pets_allowed": "False", "phone_number": "925-937-1595", "property_name": "Walnut Creek Apartments", "rent": "5200"}], "slots": [{"exclusive_end": 38, "slot": "property_name", "start": 18}, {"exclusive_end": 74, "slot": "address", "start": 50}, {"exclusive_end": 122, "slot": "rent", "start": 116}]}], "speaker": "SYSTEM", "utterance": "There is one nice Birchwood Apartments located at 1195 Saranap avenue # 14 with 4 bed rooms and 3 baths and rent is $4,750 per month."}, {"frames": [{"actions": [{"act": "SELECT", "canonical_values": [], "slot": "", "values": []}, {"act": "GOODBYE", "canonical_values": [], "slot": "", "values": []}], "service": "Homes_1", "slots": [], "state": {"active_intent": "FindApartment", "requested_slots": [], "slot_values": {"area": ["walnut creek"], "number_of_beds": ["4"], "property_name": ["Birchwood Apartments"]}}}], "speaker": "USER", "utterance": "Yes, this is perfect apartment. That's all i want"}, {"frames": [{"actions": [{"act": "GOODBYE", "canonical_values": [], "slot": "", "values": []}], "service": "Homes_1", "slots": []}], "speaker": "SYSTEM", "utterance": "Have a good day."}]}, {"dialogue_id": "119_00002", "services": ["RentalCars_1", "Homes_1"], "turns": [{"frames": [{"actions": [{"act": "INFORM_INTENT", "canonical_values": ["GetCarsAvailable"], "slot": "intent", "values": ["GetCarsAvailable"]}], "service": "RentalCars_1", "slots": [], "state": {"active_intent": "GetCarsAvailable", "requested_slots": [], "slot_values": {}}}], "speaker": "USER", "utterance": "find a rental car"}, {"frames": [{"actions": [{"act": "REQUEST", "canonical_values": [], "slot": "pickup_date", "values": []}], "service": "RentalCars_1", "slots": []}], "speaker": "SYSTEM", "utterance": "where do you want it?"}, {"frames": [{"actions": [{"act": "INFORM", "canonical_values": ["2019-03-08"], "slot": "pickup_date", "values": ["the 8th"]}, {"act": "INFORM", "canonical_values": ["San Francisco"], "slot": "pickup_city", "values": ["san francisco"]}, {"act": "INFORM", "canonical_values": ["Standard"], "slot": "type", "values": ["Standard"]}], "service": "RentalCars_1", "slots": [{"exclusive_end": 7, "slot": "pickup_date", "start": 0}, {"exclusive_end": 21, "slot": "pickup_city", "start": 8}], "state": {"active_intent": "GetCarsAvailable", "requested_slots": [], "slot_values": {"pickup_city": ["san francisco"], "pickup_date": ["the 8th"], "type": ["Standard"]}}}], "speaker": "USER", "utterance": "the 8th san francisco intermediate car"}, {"frames": [{"actions": [{"act": "REQUEST", "canonical_values": [], "slot": "dropoff_date", "values": []}, {"act": "REQUEST", "canonical_values": [], "slot": "pickup_time", "values": []}], "service": "RentalCars_1", "slots": []}], "speaker": "SYSTEM", "utterance": "till when do you want it?"}, {"frames": [{"actions": [{"act": "INFORM", "canonical_values": ["15:00"], "slot": "pickup_time", "values": ["three in the afternoon"]}, {"act": "INFORM", "canonical_values": ["2019-03-11"], "slot": "dropoff_date", "values": ["11th of this month"]}], "service": "RentalCars_1", "slots": [{"exclusive_end": 22, "slot": "pickup_time", "start": 0}, {"exclusive_end": 46, "slot": "dropoff_date", "start": 28}], "state": {"active_intent": "GetCarsAvailable", "requested_slots": [], "slot_values": {"dropoff_date": ["11th of this month"], "pickup_city": ["san francisco"], "pickup_date": ["the 8th"], "pickup_time": ["three in the afternoon"], "type": ["Standard"]}}}], "speaker": "USER", "utterance": "three in the afternoon till 11th of this month"}, {"frames": [{"actions": [{"act": "OFFER", "canonical_values": ["SFO International Airport"], "slot": "pickup_location", "values": ["sfo international airport"]}, {"act": "OFFER", "canonical_values": ["2019-03-08"], "slot": "pickup_date", "values": ["march 8th"]}, {"act": "OFFER", "canonical_values": ["Standard"], "slot": "type", "values": ["Standard"]}, {"act": "OFFER", "canonical_values": ["Altima"], "slot": "car_name", "values": ["altima"]}, {"act": "INFORM_COUNT", "canonical_values": ["6"], "slot": "count", "values": ["6"]}], "service": "RentalCars_1", "service_call": {"method": "GetCarsAvailable", "parameters": {"dropoff_date": "2019-03-11", "pickup_city": "San Francisco", "pickup_date": "2019-03-08", "pickup_time": "15:00", "type": "Standard"}}, "service_results": [{"car_name": "Altima", "dropoff_date": "2019-03-11", "pickup_city": "San Francisco", "pickup_date": "2019-03-08", "pickup_location": "SFO International Airport", "pickup_time": "15:00", "total_price": "102", "type": "Standard"}, {"car_name": "Civic", "dropoff_date": "2019-03-11", "pickup_city": "San Francisco", "pickup_date": "2019-03-08", "pickup_location": "Salesforce Transit Center", "pickup_time": "15:00", "total_price": "84", "type": "Standard"}, {"car_name": "Cruze", "dropoff_date": "2019-03-11", "pickup_city": "San Francisco", "pickup_date": "2019-03-08", "pickup_location": "SFO International Airport", "pickup_time": "15:00", "total_price": "102", "type": "Standard"}, {"car_name": "Fusion", "dropoff_date": "2019-03-11", "pickup_city": "San Francisco", "pickup_date": "2019-03-08", "pickup_location": "SFO International Airport", "pickup_time": "15:00", "total_price": "105", "type": "Standard"}, {"car_name": "Prius", "dropoff_date": "2019-03-11", "pickup_city": "San Francisco", "pickup_date": "2019-03-08", "pickup_location": "SFO International Airport", "pickup_time": "15:00", "total_price": "81", "type": "Standard"}, {"car_name": "Sentra", "dropoff_date": "2019-03-11", "pickup_city": "San Francisco", "pickup_date": "2019-03-08", "pickup_location": "Salesforce Transit Center", "pickup_time": "15:00", "total_price": "93", "type": "Standard"}], "slots": [{"exclusive_end": 32, "slot": "pickup_location", "start": 7}, {"exclusive_end": 42, "slot": "pickup_date", "start": 33}, {"exclusive_end": 62, "slot": "car_name", "start": 56}]}], "speaker": "SYSTEM", "utterance": "6 cars sfo international airport march 8th standard car altima"}, {"frames": [{"actions": [{"act": "SELECT", "canonical_values": [], "slot": "", "values": []}], "service": "RentalCars_1", "slots": [], "state": {"active_intent": "GetCarsAvailable", "requested_slots": [], "slot_values": {"dropoff_date": ["11th of this month"], "pickup_city": ["san francisco"], "pickup_date": ["march 8th", "the 8th"], "pickup_location": ["sfo international airport"], "pickup_time": ["three in the afternoon"], "type": ["Standard"]}}}], "speaker": "USER", "utterance": "that is good"}, {"frames": [{"actions": [{"act": "OFFER_INTENT", "canonical_values": ["ReserveCar"], "slot": "intent", "values": ["ReserveCar"]}], "service": "RentalCars_1", "slots": []}], "speaker": "SYSTEM", "utterance": "wanna reserve it?"}, {"frames": [{"actions": [{"act": "AFFIRM_INTENT", "canonical_values": [], "slot": "", "values": []}], "service": "RentalCars_1", "slots": [], "state": {"active_intent": "ReserveCar", "requested_slots": [], "slot_values": {"dropoff_date": ["11th of this month"], "pickup_city": ["san francisco"], "pickup_date": ["march 8th", "the 8th"], "pickup_location": ["sfo international airport"], "pickup_time": ["three in the afternoon"], "type": ["Standard"]}}}], "speaker": "USER", "utterance": "yes I do"}, {"frames": [{"actions": [{"act": "CONFIRM", "canonical_values": ["SFO International Airport"], "slot": "pickup_location", "values": ["sfo international airport"]}, {"act": "CONFIRM", "canonical_values": ["2019-03-08"], "slot": "pickup_date", "values": ["march 8th"]}, {"act": "CONFIRM", "canonical_values": ["15:00"], "slot": "pickup_time", "values": ["3 pm"]}, {"act": "CONFIRM", "canonical_values": ["2019-03-11"], "slot": "dropoff_date", "values": ["march 11th"]}, {"act": "CONFIRM", "canonical_values": ["Standard"], "slot": "type", "values": ["Standard"]}], "service": "RentalCars_1", "slots": [{"exclusive_end": 33, "slot": "pickup_location", "start": 8}, {"exclusive_end": 43, "slot": "pickup_date", "start": 34}, {"exclusive_end": 72, "slot": "pickup_time", "start": 68}, {"exclusive_end": 54, "slot": "dropoff_date", "start": 44}]}], "speaker": "SYSTEM", "utterance": "confirm sfo international airport march 8th march 11th standard car 3 pm"}, {"frames": [{"actions": [{"act": "AFFIRM", "canonical_values": [], "slot": "", "values": []}], "service": "RentalCars_1", "slots": [], "state": {"active_intent": "ReserveCar", "requested_slots": [], "slot_values": {"dropoff_date": ["11th of this month", "march 11th"], "pickup_city": ["san francisco"], "pickup_date": ["march 8th", "the 8th"], "pickup_location": ["sfo international airport"], "pickup_time": ["3 pm", "three in the afternoon"], "type": ["Standard"]}}}], "speaker": "USER", "utterance": "yes that works"}, {"frames": [{"actions": [{"act": "NOTIFY_SUCCESS", "canonical_values": [], "slot": "", "values": []}], "service": "RentalCars_1", "service_call": {"method": "ReserveCar", "parameters": {"dropoff_date": "2019-03-11", "pickup_date": "2019-03-08", "pickup_location": "SFO International Airport", "pickup_time": "15:00", "type": "Standard"}}, "service_results": [{"car_name": "Altima", "dropoff_date": "2019-03-11", "pickup_date": "2019-03-08", "pickup_location": "SFO International Airport", "pickup_time": "15:00", "total_price": "102", "type": "Standard"}], "slots": []}], "speaker": "SYSTEM", "utterance": "it was reserved"}, {"frames": [{"actions": [{"act": "THANK_YOU", "canonical_values": [], "slot": "", "values": []}], "service": "RentalCars_1", "slots": [], "state": {"active_intent": "ReserveCar", "requested_slots": [], "slot_values": {"dropoff_date": ["11th of this month", "march 11th"], "pickup_city": ["san francisco"], "pickup_date": ["march 8th", "the 8th"], "pickup_location": ["sfo international airport"], "pickup_time": ["3 pm", "three in the afternoon"], "type": ["Standard"]}}}, {"actions": [{"act": "INFORM_INTENT", "canonical_values": ["FindApartment"], "slot": "intent", "values": ["FindApartment"]}], "service": "Homes_1", "slots": [], "state": {"active_intent": "FindApartment", "requested_slots": [], "slot_values": {"area": ["san francisco"]}}}], "speaker": "USER", "utterance": "thanks very much"}, {"frames": [{"actions": [{"act": "REQUEST", "canonical_values": [], "slot": "number_of_beds", "values": []}], "service": "Homes_1", "slots": []}], "speaker": "SYSTEM", "utterance": "how many rooms"}, {"frames": [{"actions": [{"act": "INFORM", "canonical_values": ["3"], "slot": "number_of_beds", "values": ["3"]}], "service": "Homes_1", "slots": [], "state": {"active_intent": "FindApartment", "requested_slots": [], "slot_values": {"area": ["san francisco"], "number_of_beds": ["3"]}}}], "speaker": "USER", "utterance": "three works for me"}, {"frames": [{"actions": [{"act": "OFFER", "canonical_values": ["Baycrest"], "slot": "property_name", "values": ["baycrest"]}, {"act": "OFFER", "canonical_values": ["201 Harrison Street"], "slot": "address", "values": ["201 harrison street"]}, {"act": "OFFER", "canonical_values": ["3"], "slot": "number_of_beds", "values": ["3"]}, {"act": "OFFER", "canonical_values": ["3"], "slot": "number_of_baths", "values": ["3"]}, {"act": "OFFER", "canonical_values": ["4400"], "slot": "rent", "values": ["$4,400"]}, {"act": "INFORM_COUNT", "canonical_values": ["10"], "slot": "count", "values": ["10"]}], "service": "Homes_1", "service_call": {"method": "FindApartment", "parameters": {"area": "San Francisco", "number_of_beds": "3"}}, "service_results": [{"address": "201 Harrison Street", "area": "San Francisco", "furnished": "False", "number_of_baths": "3", "number_of_beds": "3", "pets_allowed": "False", "phone_number": "415-543-1135", "property_name": "Baycrest", "rent": "4400"}, {"address": "1150 Webster Street", "area": "San Francisco", "furnished": "False", "number_of_baths": "2", "number_of_beds": "3", "pets_allowed": "False", "phone_number": "415-563-1885", "property_name": "Buchanan Park", "rent": "3750"}, {"address": "530 Carter Street", "area": "San Francisco", "furnished": "False", "number_of_baths": "3", "number_of_beds": "3", "pets_allowed": "True", "phone_number": "415-584-4800", "property_name": "Carter Terrace", "rent": "4000"}, {"address": "900 Chestnut Street # 102", "area": "San Francisco", "furnished": "False", "number_of_baths": "2", "number_of_beds": "3", "pets_allowed": "True", "phone_number": "415-441-5668", "property_name": "Chestnut Place", "rent": "4000"}, {"address": "420 Berry Street", "area": "San Francisco", "furnished": "False", "number_of_baths": "2", "number_of_beds": "3", "pets_allowed": "False", "phone_number": "415-371-0012", "property_name": "Crescent Cove", "rent": "3500"}, {"address": "296A Addison Street", "area": "San Francisco", "furnished": "False", "number_of_baths": "3", "number_of_beds": "3", "pets_allowed": "True", "phone_number": "415-334-2698", "property_name": "Diamond View Apartments", "rent": "4350"}, {"address": "1820 Post Street", "area": "San Francisco", "furnished": "False", "number_of_baths": "2", "number_of_beds": "3", "pets_allowed": "True", "phone_number": "415-921-3469", "property_name": "Golden Gate Apartments", "rent": "3900"}, {"address": "655 John Muir Drive", "area": "San Francisco", "furnished": "False", "number_of_baths": "3", "number_of_beds": "3", "pets_allowed": "True", "phone_number": "415-239-4745", "property_name": "Lakewood Access Line", "rent": "4450"}, {"address": "511 John Muir Drive", "area": "San Francisco", "furnished": "False", "number_of_baths": "3", "number_of_beds": "3", "pets_allowed": "False", "phone_number": "415-859-9384", "property_name": "Lakewood Apartments", "rent": "4450"}, {"address": "50 Reardon Road # 111", "area": "San Francisco", "furnished": "False", "number_of_baths": "2", "number_of_beds": "3", "pets_allowed": "True", "phone_number": "415-648-1910", "property_name": "Reardon Heights", "rent": "3750"}], "slots": [{"exclusive_end": 21, "slot": "property_name", "start": 13}, {"exclusive_end": 41, "slot": "address", "start": 22}, {"exclusive_end": 71, "slot": "rent", "start": 65}]}], "speaker": "SYSTEM", "utterance": "10 nice ones baycrest 201 harrison street 3 bedrooms and 3 baths $4,400 a month"}, {"frames": [{"actions": [{"act": "SELECT", "canonical_values": [], "slot": "", "values": []}, {"act": "GOODBYE", "canonical_values": [], "slot": "", "values": []}], "service": "Homes_1", "slots": [], "state": {"active_intent": "FindApartment", "requested_slots": [], "slot_values": {"area": ["san francisco"], "number_of_beds": ["3"], "property_name": ["baycrest"]}}}], "speaker": "USER", "utterance": "thanks a lot"}, {"frames": [{"actions": [{"act": "GOODBYE", "canonical_values": [], "slot": "", "values": []}], "service": "Homes_1", "slots": []}], "speaker": "SYSTEM", "utterance": "have a nice day"}]}, {"dialogue_id": "119_00003", "services": ["RentalCars_1", "Homes_1"], "turns": [{"frames": [{"actions": [{"act": "INFORM_INTENT", "canonical_values": ["GetCarsAvailable"], "slot": "intent", "values": ["GetCarsAvailable"]}], "service": "RentalCars_1", "slots": [], "state": {"active_intent": "GetCarsAvailable", "requested_slots": [], "slot_values": {}}}], "speaker": "USER", "utterance": "I need a rental car."}, {"frames": [{"actions": [{"act": "REQUEST", "canonical_values": [], "slot": "pickup_time", "values": []}, {"act": "REQUEST", "canonical_values": [], "slot": "dropoff_date", "values": []}, {"act": "REQUEST", "canonical_values": [], "slot": "pickup_date", "values": []}], "service": "RentalCars_1", "slots": []}], "speaker": "SYSTEM", "utterance": "For how long, exactly?"}, {"frames": [{"actions": [{"act": "INFORM", "canonical_values": ["10:00"], "slot": "pickup_time", "values": ["10 am"]}, {"act": "INFORM", "canonical_values": ["2019-03-08"], "slot": "pickup_date", "values": ["March 8th"]}, {"act": "INFORM", "canonical_values": ["2019-03-11"], "slot": "dropoff_date", "values": ["11th of this month"]}], "service": "RentalCars_1", "slots": [{"exclusive_end": 16, "slot": "pickup_time", "start": 11}, {"exclusive_end": 29, "slot": "pickup_date", "start": 20}, {"exclusive_end": 58, "slot": "dropoff_date", "start": 40}], "state": {"active_intent": "GetCarsAvailable", "requested_slots": [], "slot_values": {"dropoff_date": ["11th of this month"], "pickup_date": ["March 8th"], "pickup_time": ["10 am"]}}}], "speaker": "USER", "utterance": "From about 10 am on March 8th until the 11th of this month."}, {"frames": [{"actions": [{"act": "REQUEST", "canonical_values": [], "slot": "pickup_city", "values": []}], "service": "RentalCars_1", "slots": []}], "speaker": "SYSTEM", "utterance": "Where would you like to pick it up?"}, {"frames": [{"actions": [{"act": "INFORM", "canonical_values": ["Fremont"], "slot": "pickup_city", "values": ["Fremont"]}], "service": "RentalCars_1", "slots": [{"exclusive_end": 12, "slot": "pickup_city", "start": 5}], "state": {"active_intent": "GetCarsAvailable", "requested_slots": [], "slot_values": {"dropoff_date": ["11th of this month"], "pickup_city": ["Fremont"], "pickup_date": ["March 8th"], "pickup_time": ["10 am"]}}}], "speaker": "USER", "utterance": "From Fremont."}, {"frames": [{"actions": [{"act": "OFFER", "canonical_values": ["Central District"], "slot": "pickup_location", "values": ["Central District"]}, {"act": "OFFER", "canonical_values": ["2019-03-08"], "slot": "pickup_date", "values": ["March 8th"]}, {"act": "OFFER", "canonical_values": ["Standard"], "slot": "type", "values": ["Standard"]}, {"act": "OFFER", "canonical_values": ["Camry"], "slot": "car_name", "values": ["Camry"]}], "service": "RentalCars_1", "service_call": {"method": "GetCarsAvailable", "parameters": {"dropoff_date": "2019-03-11", "pickup_city": "Fremont", "pickup_date": "2019-03-08", "pickup_time": "10:00"}}, "service_results": [{"car_name": "Camry", "dropoff_date": "2019-03-11", "pickup_city": "Fremont", "pickup_date": "2019-03-08", "pickup_location": "Central District", "pickup_time": "10:00", "total_price": "102", "type": "Standard"}, {"car_name": "Elantra", "dropoff_date": "2019-03-11", "pickup_city": "Fremont", "pickup_date": "2019-03-08", "pickup_location": "Central District", "pickup_time": "10:00", "total_price": "90", "type": "Standard"}, {"car_name": "Accord", "dropoff_date": "2019-03-11", "pickup_city": "Fremont", "pickup_date": "2019-03-08", "pickup_location": "Fremont BART Station", "pickup_time": "09:30", "total_price": "81", "type": "Standard"}, {"car_name": "Altima", "dropoff_date": "2019-03-11", "pickup_city": "Fremont", "pickup_date": "2019-03-08", "pickup_location": "Fremont BART Station", "pickup_time": "09:30", "total_price": "93", "type": "Standard"}, {"car_name": "Cruze", "dropoff_date": "2019-03-11", "pickup_city": "Fremont", "pickup_date": "2019-03-08", "pickup_location": "Fremont BART Station", "pickup_time": "09:30", "total_price": "93", "type": "Standard"}, {"car_name": "Fusion", "dropoff_date": "2019-03-11", "pickup_city": "Fremont", "pickup_date": "2019-03-08", "pickup_location": "Fremont BART Station", "pickup_time": "09:30", "total_price": "87", "type": "Standard"}], "slots": [{"exclusive_end": 60, "slot": "pickup_location", "start": 44}, {"exclusive_end": 73, "slot": "pickup_date", "start": 64}, {"exclusive_end": 24, "slot": "car_name", "start": 19}]}], "speaker": "SYSTEM", "utterance": "There's a standard Camry you can pick up at Central District on March 8th."}, {"frames": [{"actions": [{"act": "REQUEST", "canonical_values": [], "slot": "total_price", "values": []}], "service": "RentalCars_1", "slots": [], "state": {"active_intent": "GetCarsAvailable", "requested_slots": ["total_price"], "slot_values": {"dropoff_date": ["11th of this month"], "pickup_city": ["Fremont"], "pickup_date": ["March 8th"], "pickup_time": ["10 am"]}}}], "speaker": "USER", "utterance": "What'll it cost me in total?"}, {"frames": [{"actions": [{"act": "INFORM", "canonical_values": ["102"], "slot": "total_price", "values": ["$102"]}], "service": "RentalCars_1", "slots": [{"exclusive_end": 15, "slot": "total_price", "start": 11}]}], "speaker": "SYSTEM", "utterance": "A total of $102."}, {"frames": [{"actions": [{"act": "INFORM_INTENT", "canonical_values": ["ReserveCar"], "slot": "intent", "values": ["ReserveCar"]}, {"act": "SELECT", "canonical_values": [], "slot": "", "values": []}], "service": "RentalCars_1", "slots": [], "state": {"active_intent": "ReserveCar", "requested_slots": [], "slot_values": {"dropoff_date": ["11th of this month"], "pickup_city": ["Fremont"], "pickup_date": ["March 8th"], "pickup_location": ["Central District"], "pickup_time": ["10 am"], "type": ["Standard"]}}}], "speaker": "USER", "utterance": "Okay, good to know. I'd like to reserve it."}, {"frames": [{"actions": [{"act": "CONFIRM", "canonical_values": ["Central District"], "slot": "pickup_location", "values": ["Central District"]}, {"act": "CONFIRM", "canonical_values": ["2019-03-08"], "slot": "pickup_date", "values": ["March 8th"]}, {"act": "CONFIRM", "canonical_values": ["10:00"], "slot": "pickup_time", "values": ["10 am"]}, {"act": "CONFIRM", "canonical_values": ["2019-03-11"], "slot": "dropoff_date", "values": ["March 11th"]}, {"act": "CONFIRM", "canonical_values": ["Standard"], "slot": "type", "values": ["Standard"]}], "service": "RentalCars_1", "slots": [{"exclusive_end": 60, "slot": "pickup_location", "start": 44}, {"exclusive_end": 82, "slot": "pickup_date", "start": 73}, {"exclusive_end": 69, "slot": "pickup_time", "start": 64}, {"exclusive_end": 112, "slot": "dropoff_date", "start": 102}]}], "speaker": "SYSTEM", "utterance": "You want to pick up the standard Camry from Central District at 10 am on March 8th, and keep it until March 11th?"}, {"frames": [{"actions": [{"act": "AFFIRM", "canonical_values": [], "slot": "", "values": []}], "service": "RentalCars_1", "slots": [], "state": {"active_intent": "ReserveCar", "requested_slots": [], "slot_values": {"dropoff_date": ["11th of this month", "March 11th"], "pickup_city": ["Fremont"], "pickup_date": ["March 8th"], "pickup_location": ["Central District"], "pickup_time": ["10 am"], "type": ["Standard"]}}}], "speaker": "USER", "utterance": "That is all correct."}, {"frames": [{"actions": [{"act": "NOTIFY_SUCCESS", "canonical_values": [], "slot": "", "values": []}], "service": "RentalCars_1", "service_call": {"method": "ReserveCar", "parameters": {"dropoff_date": "2019-03-11", "pickup_date": "2019-03-08", "pickup_location": "Central District", "pickup_time": "10:00", "type": "Standard"}}, "service_results": [{"car_name": "Camry", "dropoff_date": "2019-03-11", "pickup_date": "2019-03-08", "pickup_location": "Central District", "pickup_time": "10:00", "total_price": "102", "type": "Standard"}], "slots": []}], "speaker": "SYSTEM", "utterance": "I reserved your car."}, {"frames": [{"actions": [{"act": "THANK_YOU", "canonical_values": [], "slot": "", "values": []}], "service": "RentalCars_1", "slots": [], "state": {"active_intent": "ReserveCar", "requested_slots": [], "slot_values": {"dropoff_date": ["11th of this month", "March 11th"], "pickup_city": ["Fremont"], "pickup_date": ["March 8th"], "pickup_location": ["Central District"], "pickup_time": ["10 am"], "type": ["Standard"]}}}, {"actions": [{"act": "INFORM", "canonical_values": ["True"], "slot": "furnished", "values": ["True"]}, {"act": "INFORM", "canonical_values": ["1"], "slot": "number_of_baths", "values": ["1"]}, {"act": "INFORM_INTENT", "canonical_values": ["FindApartment"], "slot": "intent", "values": ["FindApartment"]}], "service": "Homes_1", "slots": [], "state": {"active_intent": "FindApartment", "requested_slots": [], "slot_values": {"area": ["Fremont"], "furnished": ["True"], "number_of_baths": ["1"]}}}], "speaker": "USER", "utterance": "Okay, great. I also want to find an apartment around the area. Make sure it's furnished and has 1 bath."}, {"frames": [{"actions": [{"act": "REQUEST", "canonical_values": [], "slot": "number_of_beds", "values": []}], "service": "Homes_1", "slots": []}], "speaker": "SYSTEM", "utterance": "What about the number of bedrooms?"}, {"frames": [{"actions": [{"act": "INFORM", "canonical_values": ["2"], "slot": "number_of_beds", "values": ["2"]}], "service": "Homes_1", "slots": [], "state": {"active_intent": "FindApartment", "requested_slots": [], "slot_values": {"area": ["Fremont"], "furnished": ["True"], "number_of_baths": ["1"], "number_of_beds": ["2"]}}}], "speaker": "USER", "utterance": "2 bedrooms would be good."}, {"frames": [{"actions": [{"act": "OFFER", "canonical_values": ["Granada Apartments"], "slot": "property_name", "values": ["Granada Apartments"]}, {"act": "OFFER", "canonical_values": ["41342 Roberts Avenue"], "slot": "address", "values": ["41342 Roberts Avenue"]}, {"act": "OFFER", "canonical_values": ["2"], "slot": "number_of_beds", "values": ["2"]}, {"act": "OFFER", "canonical_values": ["1"], "slot": "number_of_baths", "values": ["1"]}, {"act": "OFFER", "canonical_values": ["2750"], "slot": "rent", "values": ["$2,750"]}, {"act": "INFORM_COUNT", "canonical_values": ["4"], "slot": "count", "values": ["4"]}], "service": "Homes_1", "service_call": {"method": "FindApartment", "parameters": {"area": "Fremont", "furnished": "True", "number_of_baths": "1", "number_of_beds": "2"}}, "service_results": [{"address": "41342 Roberts Avenue", "area": "Fremont", "furnished": "True", "number_of_baths": "1", "number_of_beds": "2", "pets_allowed": "True", "phone_number": "510-657-9766", "property_name": "Granada Apartments", "rent": "2750"}, {"address": "1401 Red Hawk Circle", "area": "Fremont", "furnished": "True", "number_of_baths": "1", "number_of_beds": "2", "pets_allowed": "True", "phone_number": "510-494-9500", "property_name": "Mission Peaks", "rent": "2850"}, {"address": "40777 High Street", "area": "Fremont", "furnished": "True", "number_of_baths": "1", "number_of_beds": "2", "pets_allowed": "False", "phone_number": "510-651-9080", "property_name": "Pebble Creek Communities", "rent": "2350"}, {"address": "37767 Fremont Boulevard", "area": "Fremont", "furnished": "True", "number_of_baths": "1", "number_of_beds": "2", "pets_allowed": "False", "phone_number": "510-797-5099", "property_name": "Pepper Tree Apartments", "rent": "2350"}], "slots": [{"exclusive_end": 67, "slot": "property_name", "start": 49}, {"exclusive_end": 91, "slot": "address", "start": 71}, {"exclusive_end": 152, "slot": "rent", "start": 146}]}], "speaker": "SYSTEM", "utterance": "I found 4 suitable apartments for you, including Granada Apartments at 41342 Roberts Avenue. It has 2 bedrooms and 1 bath, with a monthly rent of $2,750."}, {"frames": [{"actions": [{"act": "REQUEST", "canonical_values": [], "slot": "phone_number", "values": []}, {"act": "REQUEST", "canonical_values": [], "slot": "pets_allowed", "values": []}], "service": "Homes_1", "slots": [], "state": {"active_intent": "FindApartment", "requested_slots": ["pets_allowed", "phone_number"], "slot_values": {"area": ["Fremont"], "furnished": ["True"], "number_of_baths": ["1"], "number_of_beds": ["2"]}}}], "speaker": "USER", "utterance": "Okay, good to know. What number can I call? Can I bring my cat there?"}, {"frames": [{"actions": [{"act": "INFORM", "canonical_values": ["510-657-9766"], "slot": "phone_number", "values": ["510-657-9766"]}, {"act": "INFORM", "canonical_values": ["True"], "slot": "pets_allowed", "values": ["True"]}], "service": "Homes_1", "slots": [{"exclusive_end": 25, "slot": "phone_number", "start": 13}]}], "speaker": "SYSTEM", "utterance": "You can call 510-657-9766. You're free to bring pets there."}, {"frames": [{"actions": [{"act": "SELECT", "canonical_values": [], "slot": "", "values": []}, {"act": "GOODBYE", "canonical_values": [], "slot": "", "values": []}], "service": "Homes_1", "slots": [], "state": {"active_intent": "FindApartment", "requested_slots": [], "slot_values": {"area": ["Fremont"], "furnished": ["True"], "number_of_baths": ["1"], "number_of_beds": ["2"], "property_name": ["Granada Apartments"]}}}], "speaker": "USER", "utterance": "Sounds like a good apartment for me, then. Thanks. I need nothing more right now."}, {"frames": [{"actions": [{"act": "GOODBYE", "canonical_values": [], "slot": "", "values": []}], "service": "Homes_1", "slots": []}], "speaker": "SYSTEM", "utterance": "Enjoy the rest of your day."}]}, {"dialogue_id": "119_00004", "services": ["RentalCars_1", "Homes_1"], "turns": [{"frames": [{"actions": [{"act": "INFORM_INTENT", "canonical_values": ["GetCarsAvailable"], "slot": "intent", "values": ["GetCarsAvailable"]}], "service": "RentalCars_1", "slots": [], "state": {"active_intent": "GetCarsAvailable", "requested_slots": [], "slot_values": {}}}], "speaker": "USER", "utterance": "I need to rent a car."}, {"frames": [{"actions": [{"act": "REQUEST", "canonical_values": [], "slot": "pickup_date", "values": []}], "service": "RentalCars_1", "slots": []}], "speaker": "SYSTEM", "utterance": "Starting from when?"}, {"frames": [{"actions": [{"act": "INFORM", "canonical_values": ["2019-03-02"], "slot": "pickup_date", "values": ["2nd of March"]}], "service": "RentalCars_1", "slots": [{"exclusive_end": 51, "slot": "pickup_date", "start": 39}], "state": {"active_intent": "GetCarsAvailable", "requested_slots": [], "slot_values": {"pickup_date": ["2nd of March"]}}}], "speaker": "USER", "utterance": "I would need to pick the car up on the 2nd of March."}, {"frames": [{"actions": [{"act": "REQUEST", "canonical_values": [], "slot": "pickup_city", "values": []}, {"act": "REQUEST", "canonical_values": [], "slot": "dropoff_date", "values": []}, {"act": "REQUEST", "canonical_values": [], "slot": "pickup_time", "values": []}], "service": "RentalCars_1", "slots": []}], "speaker": "SYSTEM", "utterance": "When did you need it until? When and where did you need to get it?"}, {"frames": [{"actions": [{"act": "INFORM", "canonical_values": ["14:00"], "slot": "pickup_time", "values": ["afternoon 2"]}, {"act": "INFORM", "canonical_values": ["Concord"], "slot": "pickup_city", "values": ["Concord"]}, {"act": "INFORM", "canonical_values": ["2019-03-03"], "slot": "dropoff_date", "values": ["Sunday this week"]}], "service": "RentalCars_1", "slots": [{"exclusive_end": 92, "slot": "pickup_time", "start": 81}, {"exclusive_end": 103, "slot": "pickup_city", "start": 96}, {"exclusive_end": 42, "slot": "dropoff_date", "start": 26}], "state": {"active_intent": "GetCarsAvailable", "requested_slots": [], "slot_values": {"dropoff_date": ["Sunday this week"], "pickup_city": ["Concord"], "pickup_date": ["2nd of March"], "pickup_time": ["afternoon 2"]}}}], "speaker": "USER", "utterance": "I want to keep it through Sunday this week and I would have to pick it up around afternoon 2 in Concord."}, {"frames": [{"actions": [{"act": "OFFER", "canonical_values": ["Canterbury Village"], "slot": "pickup_location", "values": ["Canterbury Village"]}, {"act": "OFFER", "canonical_values": ["2019-03-02"], "slot": "pickup_date", "values": ["March 2nd"]}, {"act": "OFFER", "canonical_values": ["Standard"], "slot": "type", "values": ["Standard"]}, {"act": "OFFER", "canonical_values": ["Accord"], "slot": "car_name", "values": ["Accord"]}, {"act": "INFORM_COUNT", "canonical_values": ["8"], "slot": "count", "values": ["8"]}], "service": "RentalCars_1", "service_call": {"method": "GetCarsAvailable", "parameters": {"dropoff_date": "2019-03-03", "pickup_city": "Concord", "pickup_date": "2019-03-02", "pickup_time": "14:00"}}, "service_results": [{"car_name": "Accord", "dropoff_date": "2019-03-03", "pickup_city": "Concord", "pickup_date": "2019-03-02", "pickup_location": "Canterbury Village", "pickup_time": "14:00", "total_price": "33", "type": "Standard"}, {"car_name": "Camry", "dropoff_date": "2019-03-03", "pickup_city": "Concord", "pickup_date": "2019-03-02", "pickup_location": "Clayton Valley", "pickup_time": "14:00", "total_price": "34", "type": "Standard"}, {"car_name": "Civic", "dropoff_date": "2019-03-03", "pickup_city": "Concord", "pickup_date": "2019-03-02", "pickup_location": "Canterbury Village", "pickup_time": "14:00", "total_price": "33", "type": "Standard"}, {"car_name": "Corolla", "dropoff_date": "2019-03-03", "pickup_city": "Concord", "pickup_date": "2019-03-02", "pickup_location": "Canterbury Village", "pickup_time": "14:00", "total_price": "28", "type": "Standard"}, {"car_name": "Cruze", "dropoff_date": "2019-03-03", "pickup_city": "Concord", "pickup_date": "2019-03-02", "pickup_location": "Canterbury Village", "pickup_time": "14:00", "total_price": "32", "type": "Standard"}, {"car_name": "Fusion", "dropoff_date": "2019-03-03", "pickup_city": "Concord", "pickup_date": "2019-03-02", "pickup_location": "Canterbury Village", "pickup_time": "14:00", "total_price": "37", "type": "Standard"}, {"car_name": "Prius", "dropoff_date": "2019-03-03", "pickup_city": "Concord", "pickup_date": "2019-03-02", "pickup_location": "Canterbury Village", "pickup_time": "14:00", "total_price": "41", "type": "Standard"}, {"car_name": "Sentra", "dropoff_date": "2019-03-03", "pickup_city": "Concord", "pickup_date": "2019-03-02", "pickup_location": "Clayton Valley", "pickup_time": "14:00", "total_price": "33", "type": "Standard"}], "slots": [{"exclusive_end": 53, "slot": "pickup_location", "start": 35}, {"exclusive_end": 129, "slot": "pickup_date", "start": 120}, {"exclusive_end": 95, "slot": "car_name", "start": 89}]}], "speaker": "SYSTEM", "utterance": "I located 8 possibilities for you. Canterbury Village has a pretty good Standard car, an Accord that would be available March 2nd"}, {"frames": [{"actions": [{"act": "INFORM_INTENT", "canonical_values": ["ReserveCar"], "slot": "intent", "values": ["ReserveCar"]}, {"act": "SELECT", "canonical_values": [], "slot": "", "values": []}], "service": "RentalCars_1", "slots": [], "state": {"active_intent": "ReserveCar", "requested_slots": [], "slot_values": {"dropoff_date": ["Sunday this week"], "pickup_city": ["Concord"], "pickup_date": ["2nd of March", "March 2nd"], "pickup_location": ["Canterbury Village"], "pickup_time": ["afternoon 2"], "type": ["Standard"]}}}], "speaker": "USER", "utterance": "That one would be good. I want you to hold it for me please."}, {"frames": [{"actions": [{"act": "CONFIRM", "canonical_values": ["Canterbury Village"], "slot": "pickup_location", "values": ["Canterbury Village"]}, {"act": "CONFIRM", "canonical_values": ["2019-03-02"], "slot": "pickup_date", "values": ["March 2nd"]}, {"act": "CONFIRM", "canonical_values": ["14:00"], "slot": "pickup_time", "values": ["2 pm"]}, {"act": "CONFIRM", "canonical_values": ["2019-03-03"], "slot": "dropoff_date", "values": ["March 3rd"]}, {"act": "CONFIRM", "canonical_values": ["Standard"], "slot": "type", "values": ["Standard"]}], "service": "RentalCars_1", "slots": [{"exclusive_end": 164, "slot": "pickup_location", "start": 146}, {"exclusive_end": 88, "slot": "pickup_date", "start": 79}, {"exclusive_end": 78, "slot": "pickup_time", "start": 74}, {"exclusive_end": 121, "slot": "dropoff_date", "start": 112}]}], "speaker": "SYSTEM", "utterance": "Do I have your request straight - you want to pick up the Standard car at 2 pm March 2nd and you will return it March 3rd, the cars is located at Canterbury Village, correct?"}, {"frames": [{"actions": [{"act": "AFFIRM", "canonical_values": [], "slot": "", "values": []}], "service": "RentalCars_1", "slots": [], "state": {"active_intent": "ReserveCar", "requested_slots": [], "slot_values": {"dropoff_date": ["March 3rd", "Sunday this week"], "pickup_city": ["Concord"], "pickup_date": ["2nd of March", "March 2nd"], "pickup_location": ["Canterbury Village"], "pickup_time": ["2 pm", "afternoon 2"], "type": ["Standard"]}}}], "speaker": "USER", "utterance": "You've got it right."}, {"frames": [{"actions": [{"act": "NOTIFY_SUCCESS", "canonical_values": [], "slot": "", "values": []}], "service": "RentalCars_1", "service_call": {"method": "ReserveCar", "parameters": {"dropoff_date": "2019-03-03", "pickup_date": "2019-03-02", "pickup_location": "Canterbury Village", "pickup_time": "14:00", "type": "Standard"}}, "service_results": [{"car_name": "Accord", "dropoff_date": "2019-03-03", "pickup_date": "2019-03-02", "pickup_location": "Canterbury Village", "pickup_time": "14:00", "total_price": "33", "type": "Standard"}], "slots": []}], "speaker": "SYSTEM", "utterance": "I booked the car for you."}, {"frames": [{"actions": [{"act": "INFORM_INTENT", "canonical_values": ["FindApartment"], "slot": "intent", "values": ["FindApartment"]}], "service": "Homes_1", "slots": [], "state": {"active_intent": "FindApartment", "requested_slots": [], "slot_values": {"area": ["Concord"]}}}], "speaker": "USER", "utterance": "I need to locate an apartment in the same area."}, {"frames": [{"actions": [{"act": "REQUEST", "canonical_values": [], "slot": "number_of_beds", "values": []}], "service": "Homes_1", "slots": []}], "speaker": "SYSTEM", "utterance": "Are there a certain number of bedrooms you need?"}, {"frames": [{"actions": [{"act": "INFORM", "canonical_values": ["4"], "slot": "number_of_beds", "values": ["4"]}], "service": "Homes_1", "slots": [], "state": {"active_intent": "FindApartment", "requested_slots": [], "slot_values": {"area": ["Concord"], "number_of_beds": ["4"]}}}], "speaker": "USER", "utterance": "4 bedrooms would work best for me."}, {"frames": [{"actions": [{"act": "OFFER", "canonical_values": ["Casa Pino Condos"], "slot": "property_name", "values": ["Casa Pino Condos"]}, {"act": "OFFER", "canonical_values": ["1580 Clayton Road # 1"], "slot": "address", "values": ["1580 Clayton Road # 1"]}, {"act": "OFFER", "canonical_values": ["4"], "slot": "number_of_beds", "values": ["4"]}, {"act": "OFFER", "canonical_values": ["3"], "slot": "number_of_baths", "values": ["3"]}, {"act": "OFFER", "canonical_values": ["4800"], "slot": "rent", "values": ["$4,800"]}, {"act": "INFORM_COUNT", "canonical_values": ["10"], "slot": "count", "values": ["10"]}], "service": "Homes_1", "service_call": {"method": "FindApartment", "parameters": {"area": "Concord", "number_of_beds": "4"}}, "service_results": [{"address": "1580 Clayton Road # 1", "area": "Concord", "furnished": "True", "number_of_baths": "3", "number_of_beds": "4", "pets_allowed": "True", "phone_number": "925-827-3700", "property_name": "Casa Pino Condos", "rent": "4800"}, {"address": "1688 Clayton Road", "area": "Concord", "furnished": "False", "number_of_baths": "3", "number_of_beds": "4", "pets_allowed": "False", "phone_number": "925-671-3845", "property_name": "City Walk Apartment Homes", "rent": "5200"}, {"address": "1711 Detroit Avenue", "area": "Concord", "furnished": "False", "number_of_baths": "3", "number_of_beds": "4", "pets_allowed": "True", "phone_number": "925-686-6868", "property_name": "Courtyard Apartments", "rent": "4700"}, {"address": "4902 Clayton Road", "area": "Concord", "furnished": "False", "number_of_baths": "3", "number_of_beds": "4", "pets_allowed": "False", "phone_number": "925-405-6881", "property_name": "Diablo Terrace Apartments", "rent": "4800"}, {"address": "3066 Willow Pass Road", "area": "Concord", "furnished": "False", "number_of_baths": "3", "number_of_beds": "4", "pets_allowed": "False", "phone_number": "925-691-5974", "property_name": "Kona Kai Village Apartments", "rent": "4700"}, {"address": "1500 Ellis Street", "area": "Concord", "furnished": "False", "number_of_baths": "3", "number_of_beds": "4", "pets_allowed": "False", "phone_number": "925-680-5250", "property_name": "Lakeshore Apartment Homes", "rent": "5000"}, {"address": "1530 Ellis Street", "area": "Concord", "furnished": "False", "number_of_baths": "3", "number_of_beds": "4", "pets_allowed": "True", "phone_number": "925-521-8333", "property_name": "Lakeshore Apartments", "rent": "4750"}, {"address": "1897 Oakmead Drive", "area": "Concord", "furnished": "True", "number_of_baths": "3", "number_of_beds": "4", "pets_allowed": "False", "phone_number": "925-827-2805", "property_name": "Lakeside Apartments", "rent": "4900"}, {"address": "1741 Detroit Avenue", "area": "Concord", "furnished": "False", "number_of_baths": "3", "number_of_beds": "4", "pets_allowed": "True", "phone_number": "925-691-4809", "property_name": "Sequoyah Apartments", "rent": "5250"}, {"address": "4875 Clayton Road", "area": "Concord", "furnished": "False", "number_of_baths": "3", "number_of_beds": "4", "pets_allowed": "True", "phone_number": "925-691-4776", "property_name": "Sierra Apartments", "rent": "5250"}], "slots": [{"exclusive_end": 135, "slot": "property_name", "start": 119}, {"exclusive_end": 179, "slot": "address", "start": 158}, {"exclusive_end": 68, "slot": "rent", "start": 62}]}], "speaker": "SYSTEM", "utterance": "I have 10 already. This one comes highly recommended it costs $4,800 a month and has 4 bedrooms with 3 bathrooms it at Casa Pino Condos which can be found at 1580 Clayton Road # 1."}, {"frames": [{"actions": [{"act": "REQUEST", "canonical_values": [], "slot": "furnished", "values": []}, {"act": "REQUEST", "canonical_values": [], "slot": "pets_allowed", "values": []}], "service": "Homes_1", "slots": [], "state": {"active_intent": "FindApartment", "requested_slots": ["furnished", "pets_allowed"], "slot_values": {"area": ["Concord"], "number_of_beds": ["4"]}}}], "speaker": "USER", "utterance": "Can you tell me if it is furnished and can you have pets?"}, {"frames": [{"actions": [{"act": "INFORM", "canonical_values": ["True"], "slot": "furnished", "values": ["True"]}, {"act": "INFORM", "canonical_values": ["True"], "slot": "pets_allowed", "values": ["True"]}], "service": "Homes_1", "slots": []}], "speaker": "SYSTEM", "utterance": "That would be a double affirmative - furnished and pets allowed."}, {"frames": [{"actions": [{"act": "SELECT", "canonical_values": [], "slot": "", "values": []}, {"act": "GOODBYE", "canonical_values": [], "slot": "", "values": []}], "service": "Homes_1", "slots": [], "state": {"active_intent": "FindApartment", "requested_slots": [], "slot_values": {"area": ["Concord"], "number_of_beds": ["4"], "property_name": ["Casa Pino Condos"]}}}], "speaker": "USER", "utterance": "That sounds like a good apartment, you can go now."}, {"frames": [{"actions": [{"act": "GOODBYE", "canonical_values": [], "slot": "", "values": []}], "service": "Homes_1", "slots": []}], "speaker": "SYSTEM", "utterance": "Have a wonderful day."}]}]