[{"dialogue_id": "28_00000", "services": ["Movies_3", "Restaurants_2"], "turns": [{"frames": [{"actions": [{"act": "INFORM", "canonical_values": ["Riley Stearns"], "slot": "directed_by", "values": ["Riley Stearns"]}, {"act": "INFORM_INTENT", "canonical_values": ["FindMovies"], "slot": "intent", "values": ["FindMovies"]}], "service": "Movies_3", "slots": [{"exclusive_end": 80, "slot": "directed_by", "start": 67}], "state": {"active_intent": "FindMovies", "requested_slots": [], "slot_values": {"directed_by": ["Riley Stearns"]}}}], "speaker": "USER", "utterance": "Can you help me find a movie to see? I'd like to find something by Riley Stearns."}, {"frames": [{"actions": [{"act": "OFFER", "canonical_values": ["The Art of Self-Defense"], "slot": "movie_title", "values": ["The Art of Self-Defense"]}, {"act": "OFFER", "canonical_values": ["83"], "slot": "percent_rating", "values": ["83"]}, {"act": "INFORM_COUNT", "canonical_values": ["1"], "slot": "count", "values": ["1"]}], "service": "Movies_3", "service_call": {"method": "FindMovies", "parameters": {"directed_by": "Riley Stearns"}}, "service_results": [{"cast": "Jason Burkey", "directed_by": "Riley Stearns", "genre": "Thriller", "movie_title": "The Art of Self-Defense", "percent_rating": "83"}], "slots": [{"exclusive_end": 139, "slot": "movie_title", "start": 116}, {"exclusive_end": 95, "slot": "percent_rating", "start": 93}]}], "speaker": "SYSTEM", "utterance": "There is 1 movie available for streaming that meets that criteria. With an average rating of 83 out of 100, we have The Art of Self-Defense."}, {"frames": [{"actions": [{"act": "REQUEST", "canonical_values": [], "slot": "genre", "values": []}, {"act": "REQUEST", "canonical_values": [], "slot": "cast", "values": []}], "service": "Movies_3", "slots": [], "state": {"active_intent": "FindMovies", "requested_slots": ["cast", "genre"], "slot_values": {"directed_by": ["Riley Stearns"]}}}], "speaker": "USER", "utterance": "What kind of movie is it? Do you know who starred in it?"}, {"frames": [{"actions": [{"act": "INFORM", "canonical_values": ["Thriller"], "slot": "genre", "values": ["thriller"]}, {"act": "INFORM", "canonical_values": ["Jason Burkey"], "slot": "cast", "values": ["Jason Burkey"]}], "service": "Movies_3", "slots": [{"exclusive_end": 16, "slot": "genre", "start": 8}, {"exclusive_end": 38, "slot": "cast", "start": 26}]}], "speaker": "SYSTEM", "utterance": "It is a thriller starring Jason Burkey."}, {"frames": [{"actions": [{"act": "INFORM_INTENT", "canonical_values": ["FindRestaurants"], "slot": "intent", "values": ["FindRestaurants"]}], "service": "Restaurants_2", "slots": [], "state": {"active_intent": "FindRestaurants", "requested_slots": [], "slot_values": {}}}, {"actions": [{"act": "SELECT", "canonical_values": [], "slot": "", "values": []}], "service": "Movies_3", "slots": [], "state": {"active_intent": "FindMovies", "requested_slots": [], "slot_values": {"directed_by": ["Riley Stearns"]}}}], "speaker": "USER", "utterance": "I think that will work. Can you help me find a nearby restaurant?"}, {"frames": [{"actions": [{"act": "REQUEST", "canonical_values": [], "slot": "category", "values": []}, {"act": "REQUEST", "canonical_values": [], "slot": "location", "values": []}], "service": "Restaurants_2", "slots": []}], "speaker": "SYSTEM", "utterance": "Where should I begin the search? Do you have a preferred cuisine?"}, {"frames": [{"actions": [{"act": "INFORM", "canonical_values": ["Indian"], "slot": "category", "values": ["Punjabi"]}, {"act": "INFORM", "canonical_values": ["San Francisco"], "slot": "location", "values": ["SF"]}], "service": "Restaurants_2", "slots": [{"exclusive_end": 26, "slot": "category", "start": 19}, {"exclusive_end": 43, "slot": "location", "start": 41}], "state": {"active_intent": "FindRestaurants", "requested_slots": [], "slot_values": {"category": ["Punjabi"], "location": ["SF"]}}}], "speaker": "USER", "utterance": "I'd like to find a Punjabi restaurant in SF."}, {"frames": [{"actions": [{"act": "OFFER", "canonical_values": ["Amber"], "slot": "restaurant_name", "values": ["Amber"]}, {"act": "OFFER", "canonical_values": ["San Francisco"], "slot": "location", "values": ["San Francisco"]}, {"act": "INFORM_COUNT", "canonical_values": ["10"], "slot": "count", "values": ["10"]}], "service": "Restaurants_2", "service_call": {"method": "FindRestaurants", "parameters": {"category": "Indian", "location": "San Francisco"}}, "service_results": [{"address": "25 Yerba Buena Lane", "category": "Indian", "has_seating_outdoors": "False", "has_vegetarian_options": "True", "location": "San Francisco", "phone_number": "415-777-0500", "price_range": "pricey", "rating": "4.20", "restaurant_name": "Amber"}, {"address": "524 Van Ness Avenue", "category": "Indian", "has_seating_outdoors": "False", "has_vegetarian_options": "True", "location": "San Francisco", "phone_number": "415-771-5900", "price_range": "moderate", "rating": "4.20", "restaurant_name": "August 1 Five"}, {"address": "280 Valencia Street", "category": "Indian", "has_seating_outdoors": "False", "has_vegetarian_options": "True", "location": "San Francisco", "phone_number": "231-444-4444", "price_range": "pricey", "rating": "4.00", "restaurant_name": "Babu Ji Sf"}, {"address": "1063 Market Street", "category": "Indian", "has_seating_outdoors": "False", "has_vegetarian_options": "True", "location": "San Francisco", "phone_number": "415-222-9696", "price_range": "cheap", "rating": "4.40", "restaurant_name": "Chanvi Eatery"}, {"address": "418 Beach Street", "category": "Indian", "has_seating_outdoors": "False", "has_vegetarian_options": "True", "location": "San Francisco", "phone_number": "415-929-6983", "price_range": "moderate", "rating": "3.70", "restaurant_name": "Chennai Kings"}, {"address": "511 Jones Street", "category": "Indian", "has_seating_outdoors": "False", "has_vegetarian_options": "True", "location": "San Francisco", "phone_number": "415-650-0085", "price_range": "cheap", "rating": "4.00", "restaurant_name": "Chutney Restaurant"}, {"address": "1689 Church Street", "category": "Indian", "has_seating_outdoors": "False", "has_vegetarian_options": "True", "location": "San Francisco", "phone_number": "415-826-2400", "price_range": "moderate", "rating": "3.80", "restaurant_name": "Clay Oven"}, {"address": "385 West Portal Avenue", "category": "Indian", "has_seating_outdoors": "False", "has_vegetarian_options": "True", "location": "San Francisco", "phone_number": "415-731-2400", "price_range": "moderate", "rating": "3.90", "restaurant_name": "Clay Oven Indian Restaurant"}, {"address": "1142 Valencia Street", "category": "Indian", "has_seating_outdoors": "False", "has_vegetarian_options": "True", "location": "San Francisco", "phone_number": "415-915-2222", "price_range": "cheap", "rating": "4.00", "restaurant_name": "Deccan Spice"}, {"address": "995 Valencia Street", "category": "Indian", "has_seating_outdoors": "False", "has_vegetarian_options": "True", "location": "San Francisco", "phone_number": "415-642-3672", "price_range": "moderate", "rating": "4.30", "restaurant_name": "Dosa On Valencia"}], "slots": [{"exclusive_end": 59, "slot": "restaurant_name", "start": 54}, {"exclusive_end": 33, "slot": "location", "start": 20}]}], "speaker": "SYSTEM", "utterance": "There are 10 in the San Francisco area. May I suggest Amber?"}, {"frames": [{"actions": [{"act": "INFORM_INTENT", "canonical_values": ["ReserveRestaurant"], "slot": "intent", "values": ["ReserveRestaurant"]}, {"act": "SELECT", "canonical_values": [], "slot": "", "values": []}], "service": "Restaurants_2", "slots": [], "state": {"active_intent": "ReserveRestaurant", "requested_slots": [], "slot_values": {"category": ["Punjabi"], "location": ["SF", "San Francisco"], "restaurant_name": ["Amber"]}}}], "speaker": "USER", "utterance": "That sounds find. Can you reserve a table for me?"}, {"frames": [{"actions": [{"act": "REQUEST", "canonical_values": [], "slot": "time", "values": []}], "service": "Restaurants_2", "slots": []}], "speaker": "SYSTEM", "utterance": "I'd be happy to. What time should I make the reservation for?"}, {"frames": [{"actions": [{"act": "INFORM", "canonical_values": ["18:15"], "slot": "time", "values": ["evening 6:15"]}], "service": "Restaurants_2", "slots": [{"exclusive_end": 38, "slot": "time", "start": 26}], "state": {"active_intent": "ReserveRestaurant", "requested_slots": [], "slot_values": {"category": ["Punjabi"], "location": ["SF", "San Francisco"], "restaurant_name": ["Amber"], "time": ["evening 6:15"]}}}], "speaker": "USER", "utterance": "I'd like something in the evening 6:15."}, {"frames": [{"actions": [{"act": "CONFIRM", "canonical_values": ["Amber"], "slot": "restaurant_name", "values": ["Amber"]}, {"act": "CONFIRM", "canonical_values": ["San Francisco"], "slot": "location", "values": ["San Francisco"]}, {"act": "CONFIRM", "canonical_values": ["18:15"], "slot": "time", "values": ["6:15 pm"]}, {"act": "CONFIRM", "canonical_values": ["2019-03-01"], "slot": "date", "values": ["March 1st"]}, {"act": "CONFIRM", "canonical_values": ["2"], "slot": "number_of_seats", "values": ["2"]}], "service": "Restaurants_2", "slots": [{"exclusive_end": 80, "slot": "restaurant_name", "start": 75}, {"exclusive_end": 97, "slot": "location", "start": 84}, {"exclusive_end": 108, "slot": "time", "start": 101}, {"exclusive_end": 121, "slot": "date", "start": 112}]}], "speaker": "SYSTEM", "utterance": "Let me make sure I've got the details correct. You'd like a table for 2 at Amber in San Francisco at 6:15 pm on March 1st."}, {"frames": [{"actions": [{"act": "REQUEST", "canonical_values": ["cheap"], "slot": "price_range", "values": ["cheap"]}, {"act": "REQUEST", "canonical_values": [], "slot": "has_seating_outdoors", "values": []}, {"act": "AFFIRM", "canonical_values": [], "slot": "", "values": []}], "service": "Restaurants_2", "slots": [], "state": {"active_intent": "ReserveRestaurant", "requested_slots": ["has_seating_outdoors", "price_range"], "slot_values": {"category": ["Punjabi"], "date": ["March 1st"], "location": ["SF", "San Francisco"], "number_of_seats": ["2"], "restaurant_name": ["Amber"], "time": ["6:15 pm", "evening 6:15"]}}}], "speaker": "USER", "utterance": "That's correct. Can you tell me if it's a cheap restaurant with outdoor seating?"}, {"frames": [{"actions": [{"act": "INFORM", "canonical_values": ["False"], "slot": "has_seating_outdoors", "values": ["False"]}, {"act": "INFORM", "canonical_values": ["pricey"], "slot": "price_range", "values": ["pricey"]}, {"act": "OFFER", "canonical_values": ["Amber"], "slot": "restaurant_name", "values": ["Amber"]}, {"act": "OFFER", "canonical_values": ["2"], "slot": "number_of_seats", "values": ["2"]}, {"act": "OFFER", "canonical_values": ["2019-03-01"], "slot": "date", "values": ["March 1st"]}, {"act": "OFFER", "canonical_values": ["18:00"], "slot": "time", "values": ["6 pm"]}, {"act": "NOTIFY_FAILURE", "canonical_values": [], "slot": "", "values": []}], "service": "Restaurants_2", "service_call": {"method": "ReserveRestaurant", "parameters": {"date": "2019-03-01", "location": "San Francisco", "number_of_seats": "2", "restaurant_name": "Amber", "time": "18:15"}}, "service_results": [{"address": "25 Yerba Buena Lane", "category": "Indian", "date": "2019-03-01", "has_seating_outdoors": "False", "has_vegetarian_options": "True", "location": "San Francisco", "number_of_seats": "2", "phone_number": "415-777-0500", "price_range": "pricey", "rating": "4.20", "restaurant_name": "Amber", "time": "18:00"}], "slots": [{"exclusive_end": 120, "slot": "restaurant_name", "start": 115}, {"exclusive_end": 179, "slot": "date", "start": 170}, {"exclusive_end": 187, "slot": "time", "start": 183}]}], "speaker": "SYSTEM", "utterance": "It is considered a pricey restaurant but it does not offer outdoor seating. There are no reservations available at Amber for that time. Should I try for a table for 2 on March 1st at 6 pm instead?"}, {"frames": [{"actions": [{"act": "AFFIRM", "canonical_values": [], "slot": "", "values": []}], "service": "Restaurants_2", "slots": [], "state": {"active_intent": "ReserveRestaurant", "requested_slots": [], "slot_values": {"category": ["Punjabi"], "date": ["March 1st"], "location": ["SF", "San Francisco"], "number_of_seats": ["2"], "restaurant_name": ["Amber"], "time": ["6 pm"]}}}], "speaker": "USER", "utterance": "That would be fine."}, {"frames": [{"actions": [{"act": "NOTIFY_SUCCESS", "canonical_values": [], "slot": "", "values": []}], "service": "Restaurants_2", "service_call": {"method": "ReserveRestaurant", "parameters": {"date": "2019-03-01", "location": "San Francisco", "number_of_seats": "2", "restaurant_name": "Amber", "time": "18:00"}}, "service_results": [{"address": "25 Yerba Buena Lane", "category": "Indian", "date": "2019-03-01", "has_seating_outdoors": "False", "has_vegetarian_options": "True", "location": "San Francisco", "number_of_seats": "2", "phone_number": "415-777-0500", "price_range": "pricey", "rating": "4.20", "restaurant_name": "Amber", "time": "18:00"}], "slots": []}], "speaker": "SYSTEM", "utterance": "Great! Your table has been confirmed."}, {"frames": [{"actions": [{"act": "THANK_YOU", "canonical_values": [], "slot": "", "values": []}, {"act": "GOODBYE", "canonical_values": [], "slot": "", "values": []}], "service": "Restaurants_2", "slots": [], "state": {"active_intent": "ReserveRestaurant", "requested_slots": [], "slot_values": {"category": ["Punjabi"], "date": ["March 1st"], "location": ["SF", "San Francisco"], "number_of_seats": ["2"], "restaurant_name": ["Amber"], "time": ["6 pm"]}}}], "speaker": "USER", "utterance": "Perfect. Thank you for the assistance."}, {"frames": [{"actions": [{"act": "GOODBYE", "canonical_values": [], "slot": "", "values": []}], "service": "Restaurants_2", "slots": []}], "speaker": "SYSTEM", "utterance": "You're welcome. Have a wonderful day!"}]}, {"dialogue_id": "28_00001", "services": ["Movies_3", "Restaurants_2"], "turns": [{"frames": [{"actions": [{"act": "INFORM", "canonical_values": ["Thriller"], "slot": "genre", "values": ["Thriller"]}, {"act": "INFORM", "canonical_values": ["Sunita Mani"], "slot": "cast", "values": ["Sunita Mani"]}, {"act": "INFORM", "canonical_values": ["Josephine Decker"], "slot": "directed_by", "values": ["Josephine Decker"]}, {"act": "INFORM_INTENT", "canonical_values": ["FindMovies"], "slot": "intent", "values": ["FindMovies"]}], "service": "Movies_3", "slots": [{"exclusive_end": 26, "slot": "genre", "start": 18}, {"exclusive_end": 76, "slot": "cast", "start": 65}, {"exclusive_end": 55, "slot": "directed_by", "start": 39}], "state": {"active_intent": "FindMovies", "requested_slots": [], "slot_values": {"cast": ["Sunita Mani"], "directed_by": ["Josephine Decker"], "genre": ["Thriller"]}}}], "speaker": "USER", "utterance": "Can you find me a Thriller directed by Josephine Decker starring Sunita Mani?"}, {"frames": [{"actions": [{"act": "OFFER", "canonical_values": ["Madeline's Madeline"], "slot": "movie_title", "values": ["Madeline's Madeline"]}, {"act": "OFFER", "canonical_values": ["88"], "slot": "percent_rating", "values": ["88"]}, {"act": "INFORM_COUNT", "canonical_values": ["1"], "slot": "count", "values": ["1"]}], "service": "Movies_3", "service_call": {"method": "FindMovies", "parameters": {"cast": "Sunita Mani", "directed_by": "Josephine Decker", "genre": "Thriller"}}, "service_results": [{"cast": "Sunita Mani", "directed_by": "Josephine Decker", "genre": "Thriller", "movie_title": "Madeline's Madeline", "percent_rating": "88"}], "slots": [{"exclusive_end": 36, "slot": "movie_title", "start": 17}, {"exclusive_end": 46, "slot": "percent_rating", "start": 44}]}], "speaker": "SYSTEM", "utterance": "I have 1 option, Madeline's Madeline, rated 88 out of 100."}, {"frames": [{"actions": [{"act": "INFORM", "canonical_values": ["Oakland"], "slot": "location", "values": ["Oakland"]}, {"act": "INFORM_INTENT", "canonical_values": ["FindRestaurants"], "slot": "intent", "values": ["FindRestaurants"]}], "service": "Restaurants_2", "slots": [{"exclusive_end": 60, "slot": "location", "start": 53}], "state": {"active_intent": "FindRestaurants", "requested_slots": [], "slot_values": {"location": ["Oakland"]}}}, {"actions": [{"act": "SELECT", "canonical_values": [], "slot": "", "values": []}], "service": "Movies_3", "slots": [], "state": {"active_intent": "FindMovies", "requested_slots": [], "slot_values": {"cast": ["Sunita Mani"], "directed_by": ["Josephine Decker"], "genre": ["Thriller"]}}}], "speaker": "USER", "utterance": "Cool that's the one. Can you find me a restaurant in Oakland?"}, {"frames": [{"actions": [{"act": "REQUEST", "canonical_values": [], "slot": "category", "values": []}], "service": "Restaurants_2", "slots": []}], "speaker": "SYSTEM", "utterance": "Any type of food you're craving?"}, {"frames": [{"actions": [{"act": "INFORM", "canonical_values": ["Thai"], "slot": "category", "values": ["Thai"]}], "service": "Restaurants_2", "slots": [{"exclusive_end": 19, "slot": "category", "start": 15}], "state": {"active_intent": "FindRestaurants", "requested_slots": [], "slot_values": {"category": ["Thai"], "location": ["Oakland"]}}}], "speaker": "USER", "utterance": "Can you find a Thai place?"}, {"frames": [{"actions": [{"act": "OFFER", "canonical_values": ["3 Seasons Thai Bistro"], "slot": "restaurant_name", "values": ["3 Seasons Thai Bistro"]}, {"act": "OFFER", "canonical_values": ["Oakland"], "slot": "location", "values": ["Oakland"]}, {"act": "INFORM_COUNT", "canonical_values": ["8"], "slot": "count", "values": ["8"]}], "service": "Restaurants_2", "service_call": {"method": "FindRestaurants", "parameters": {"category": "Thai", "location": "Oakland"}}, "service_results": [{"address": "1506 Leimert Boulevard", "category": "Thai", "has_seating_outdoors": "False", "has_vegetarian_options": "True", "location": "Oakland", "phone_number": "510-500-3151", "price_range": "moderate", "rating": "4.10", "restaurant_name": "3 Seasons Thai Bistro"}, {"address": "5231 College Avenue", "category": "Thai", "has_seating_outdoors": "True", "has_vegetarian_options": "True", "location": "Oakland", "phone_number": "510-653-8587", "price_range": "cheap", "rating": "4.10", "restaurant_name": "Bangkok Garden"}, {"address": "6118 Medau Place", "category": "Thai", "has_seating_outdoors": "True", "has_vegetarian_options": "True", "location": "Oakland", "phone_number": "510-823-2354", "price_range": "moderate", "rating": "4.50", "restaurant_name": "Daughter Thai Kitchen"}, {"address": "4301 Piedmont Avenue A", "category": "Thai", "has_seating_outdoors": "False", "has_vegetarian_options": "True", "location": "Oakland", "phone_number": "510-817-4816", "price_range": "moderate", "rating": "4.60", "restaurant_name": "Infinite Thai Eatery"}, {"address": "3236 Grand Avenue", "category": "Thai", "has_seating_outdoors": "False", "has_vegetarian_options": "True", "location": "Oakland", "phone_number": "510-451-9419", "price_range": "moderate", "rating": "4.20", "restaurant_name": "Neecha Thai Cuisine"}, {"address": "6217 MacArthur Boulevard", "category": "Thai", "has_seating_outdoors": "False", "has_vegetarian_options": "True", "location": "Oakland", "phone_number": "510-430-8771", "price_range": "cheap", "rating": "4.60", "restaurant_name": "Old Weang Ping"}, {"address": "4133 Piedmont Avenue", "category": "Thai", "has_seating_outdoors": "False", "has_vegetarian_options": "True", "location": "Oakland", "phone_number": "510-658-8491", "price_range": "moderate", "rating": "4.10", "restaurant_name": "Orchids Thai"}, {"address": "1009 Clay Street", "category": "Thai", "has_seating_outdoors": "False", "has_vegetarian_options": "True", "location": "Oakland", "phone_number": "510-452-1499", "price_range": "moderate", "rating": "4.40", "restaurant_name": "Siam Bay | Authentic Thai Cuisine"}], "slots": [{"exclusive_end": 69, "slot": "restaurant_name", "start": 48}, {"exclusive_end": 37, "slot": "location", "start": 30}]}], "speaker": "SYSTEM", "utterance": "I've located 8 restaurants in Oakland including 3 Seasons Thai Bistro in"}, {"frames": [{"actions": [{"act": "INFORM", "canonical_values": ["2019-03-12"], "slot": "date", "values": ["12th of this month"]}, {"act": "INFORM", "canonical_values": ["11:15"], "slot": "time", "values": ["11:15"]}, {"act": "INFORM_INTENT", "canonical_values": ["ReserveRestaurant"], "slot": "intent", "values": ["ReserveRestaurant"]}, {"act": "SELECT", "canonical_values": [], "slot": "", "values": []}], "service": "Restaurants_2", "slots": [{"exclusive_end": 60, "slot": "date", "start": 42}, {"exclusive_end": 33, "slot": "time", "start": 28}], "state": {"active_intent": "ReserveRestaurant", "requested_slots": [], "slot_values": {"category": ["Thai"], "date": ["12th of this month"], "location": ["Oakland"], "restaurant_name": ["3 Seasons Thai Bistro"], "time": ["11:15"]}}}], "speaker": "USER", "utterance": "Can you book me a table for 11:15 for the 12th of this month?"}, {"frames": [{"actions": [{"act": "CONFIRM", "canonical_values": ["3 Seasons Thai Bistro"], "slot": "restaurant_name", "values": ["3 Seasons Thai Bistro"]}, {"act": "CONFIRM", "canonical_values": ["Oakland"], "slot": "location", "values": ["Oakland"]}, {"act": "CONFIRM", "canonical_values": ["11:15"], "slot": "time", "values": ["11:15 am"]}, {"act": "CONFIRM", "canonical_values": ["2019-03-12"], "slot": "date", "values": ["March 12th"]}, {"act": "CONFIRM", "canonical_values": ["2"], "slot": "number_of_seats", "values": ["2"]}], "service": "Restaurants_2", "slots": [{"exclusive_end": 66, "slot": "restaurant_name", "start": 45}, {"exclusive_end": 77, "slot": "location", "start": 70}, {"exclusive_end": 90, "slot": "time", "start": 82}, {"exclusive_end": 104, "slot": "date", "start": 94}]}], "speaker": "SYSTEM", "utterance": "Confirming you want to book a table for 2 at 3 Seasons Thai Bistro in Oakland for 11:15 am on March 12th."}, {"frames": [{"actions": [{"act": "REQUEST", "canonical_values": [], "slot": "price_range", "values": []}, {"act": "AFFIRM", "canonical_values": [], "slot": "", "values": []}], "service": "Restaurants_2", "slots": [], "state": {"active_intent": "ReserveRestaurant", "requested_slots": ["price_range"], "slot_values": {"category": ["Thai"], "date": ["12th of this month", "March 12th"], "location": ["Oakland"], "number_of_seats": ["2"], "restaurant_name": ["3 Seasons Thai Bistro"], "time": ["11:15", "11:15 am"]}}}], "speaker": "USER", "utterance": "Yes thank you. Whats the price range?"}, {"frames": [{"actions": [{"act": "INFORM", "canonical_values": ["moderate"], "slot": "price_range", "values": ["moderate"]}, {"act": "OFFER", "canonical_values": ["3 Seasons Thai Bistro"], "slot": "restaurant_name", "values": ["3 Seasons Thai Bistro"]}, {"act": "OFFER", "canonical_values": ["2"], "slot": "number_of_seats", "values": ["2"]}, {"act": "OFFER", "canonical_values": ["2019-03-12"], "slot": "date", "values": ["March 12th"]}, {"act": "OFFER", "canonical_values": ["11:00"], "slot": "time", "values": ["11 am"]}, {"act": "NOTIFY_FAILURE", "canonical_values": [], "slot": "", "values": []}], "service": "Restaurants_2", "service_call": {"method": "ReserveRestaurant", "parameters": {"date": "2019-03-12", "location": "Oakland", "number_of_seats": "2", "restaurant_name": "3 Seasons Thai Bistro", "time": "11:15"}}, "service_results": [{"address": "1506 Leimert Boulevard", "category": "Thai", "date": "2019-03-12", "has_seating_outdoors": "False", "has_vegetarian_options": "True", "location": "Oakland", "number_of_seats": "2", "phone_number": "510-500-3151", "price_range": "moderate", "rating": "4.10", "restaurant_name": "3 Seasons Thai Bistro", "time": "11:00"}], "slots": [{"exclusive_end": 21, "slot": "restaurant_name", "start": 0}, {"exclusive_end": 147, "slot": "date", "start": 137}, {"exclusive_end": 133, "slot": "time", "start": 128}]}], "speaker": "SYSTEM", "utterance": "3 Seasons Thai Bistro is a moderate priced restaurant. Unfortunately i couldn't make that booking, should i try for 2 people at 11 am on March 12th?"}, {"frames": [{"actions": [{"act": "AFFIRM", "canonical_values": [], "slot": "", "values": []}], "service": "Restaurants_2", "slots": [], "state": {"active_intent": "ReserveRestaurant", "requested_slots": [], "slot_values": {"category": ["Thai"], "date": ["12th of this month", "March 12th"], "location": ["Oakland"], "number_of_seats": ["2"], "restaurant_name": ["3 Seasons Thai Bistro"], "time": ["11 am"]}}}], "speaker": "USER", "utterance": "Yes that's fine"}, {"frames": [{"actions": [{"act": "NOTIFY_SUCCESS", "canonical_values": [], "slot": "", "values": []}], "service": "Restaurants_2", "service_call": {"method": "ReserveRestaurant", "parameters": {"date": "2019-03-12", "location": "Oakland", "number_of_seats": "2", "restaurant_name": "3 Seasons Thai Bistro", "time": "11:00"}}, "service_results": [{"address": "1506 Leimert Boulevard", "category": "Thai", "date": "2019-03-12", "has_seating_outdoors": "False", "has_vegetarian_options": "True", "location": "Oakland", "number_of_seats": "2", "phone_number": "510-500-3151", "price_range": "moderate", "rating": "4.10", "restaurant_name": "3 Seasons Thai Bistro", "time": "11:00"}], "slots": []}], "speaker": "SYSTEM", "utterance": "Your reservation has been made."}, {"frames": [{"actions": [{"act": "THANK_YOU", "canonical_values": [], "slot": "", "values": []}, {"act": "GOODBYE", "canonical_values": [], "slot": "", "values": []}], "service": "Restaurants_2", "slots": [], "state": {"active_intent": "ReserveRestaurant", "requested_slots": [], "slot_values": {"category": ["Thai"], "date": ["12th of this month", "March 12th"], "location": ["Oakland"], "number_of_seats": ["2"], "restaurant_name": ["3 Seasons Thai Bistro"], "time": ["11 am"]}}}], "speaker": "USER", "utterance": "Okay great thanks for your help."}, {"frames": [{"actions": [{"act": "GOODBYE", "canonical_values": [], "slot": "", "values": []}], "service": "Restaurants_2", "slots": []}], "speaker": "SYSTEM", "utterance": "Have a nice day."}]}, {"dialogue_id": "28_00002", "services": ["Movies_3", "Restaurants_2"], "turns": [{"frames": [{"actions": [{"act": "INFORM_INTENT", "canonical_values": ["FindMovies"], "slot": "intent", "values": ["FindMovies"]}], "service": "Movies_3", "slots": [], "state": {"active_intent": "FindMovies", "requested_slots": [], "slot_values": {}}}], "speaker": "USER", "utterance": "I'm bored and I'd like to find a movie to watch."}, {"frames": [{"actions": [{"act": "OFFER", "canonical_values": ["Give Me Liberty"], "slot": "movie_title", "values": ["Give Me Liberty"]}, {"act": "OFFER", "canonical_values": ["92"], "slot": "percent_rating", "values": ["92"]}], "service": "Movies_3", "service_call": {"method": "FindMovies", "parameters": {}}, "service_results": [{"cast": "Daria Ekamasova", "directed_by": "Kirill Mikhanovsky", "genre": "Comedy-drama", "movie_title": "Give Me Liberty", "percent_rating": "92"}, {"cast": "Britta Steffenhagen", "directed_by": "Thurop Van Orman", "genre": "Animation", "movie_title": "The Angry Birds Movie 2", "percent_rating": "72"}, {"cast": "William Jackson Harper", "directed_by": "Ari Aster", "genre": "Horror", "movie_title": "Midsommar", "percent_rating": "83"}, {"cast": "Ron Mueck", "directed_by": "Jim Henson", "genre": "Fantasy", "movie_title": "Labyrinth", "percent_rating": "70"}, {"cast": "Manabu Hosoi", "directed_by": "Shinichirou Ueda", "genre": "Horror", "movie_title": "One Cut of the Dead", "percent_rating": "100"}, {"cast": "Jack Carson", "directed_by": "Gregory La Cava", "genre": "Drama", "movie_title": "Stage Door", "percent_rating": "95"}, {"cast": "Jamie Kennedy", "directed_by": "James Gray", "genre": "Sci-fi", "movie_title": "Ad Astra", "percent_rating": "84"}, {"cast": "Rudy Chernicoff", "directed_by": "Benjamin Naishtat", "genre": "Thriller", "movie_title": "Rojo", "percent_rating": "98"}, {"cast": "Andrea Martin", "directed_by": "Joel Zwick", "genre": "Comedy", "movie_title": "My Big Fat Greek Wedding", "percent_rating": "76"}, {"cast": "Xabiani Ponce de Leon", "directed_by": "Hari Sama", "genre": "Drama", "movie_title": "This Is Not Berlin", "percent_rating": "86"}], "slots": [{"exclusive_end": 48, "slot": "movie_title", "start": 33}, {"exclusive_end": 72, "slot": "percent_rating", "start": 70}]}], "speaker": "SYSTEM", "utterance": "I have found a great film called Give Me Liberty that has a rating of 92 out of 100"}, {"frames": [{"actions": [{"act": "REQUEST_ALTS", "canonical_values": [], "slot": "", "values": []}], "service": "Movies_3", "slots": [], "state": {"active_intent": "FindMovies", "requested_slots": [], "slot_values": {}}}], "speaker": "USER", "utterance": "I'd like you to keep searching please."}, {"frames": [{"actions": [{"act": "OFFER", "canonical_values": ["The Angry Birds Movie 2"], "slot": "movie_title", "values": ["The Angry Birds Movie 2"]}, {"act": "OFFER", "canonical_values": ["72"], "slot": "percent_rating", "values": ["72"]}], "service": "Movies_3", "slots": [{"exclusive_end": 23, "slot": "movie_title", "start": 0}, {"exclusive_end": 42, "slot": "percent_rating", "start": 40}]}], "speaker": "SYSTEM", "utterance": "The Angry Birds Movie 2 has a rating of 72 out of 100."}, {"frames": [{"actions": [{"act": "INFORM", "canonical_values": ["True"], "slot": "has_seating_outdoors", "values": ["True"]}, {"act": "INFORM_INTENT", "canonical_values": ["FindRestaurants"], "slot": "intent", "values": ["FindRestaurants"]}], "service": "Restaurants_2", "slots": [], "state": {"active_intent": "FindRestaurants", "requested_slots": [], "slot_values": {"has_seating_outdoors": ["True"]}}}, {"actions": [{"act": "SELECT", "canonical_values": [], "slot": "", "values": []}], "service": "Movies_3", "slots": [], "state": {"active_intent": "FindMovies", "requested_slots": [], "slot_values": {}}}], "speaker": "USER", "utterance": "That sounds more like my kind of film. Now I'd like to find a place to eat in the same area, preferably with outdoor seating."}, {"frames": [{"actions": [{"act": "REQUEST", "canonical_values": [], "slot": "location", "values": []}, {"act": "REQUEST", "canonical_values": [], "slot": "category", "values": []}], "service": "Restaurants_2", "slots": []}], "speaker": "SYSTEM", "utterance": "Where would you like me to search and what kind of food do you like?"}, {"frames": [{"actions": [{"act": "INFORM", "canonical_values": ["Mountain View"], "slot": "location", "values": ["Mountain View"]}, {"act": "INFORM", "canonical_values": ["Mexican"], "slot": "category", "values": ["Burrito"]}], "service": "Restaurants_2", "slots": [{"exclusive_end": 67, "slot": "location", "start": 54}, {"exclusive_end": 50, "slot": "category", "start": 43}], "state": {"active_intent": "FindRestaurants", "requested_slots": [], "slot_values": {"category": ["Burrito"], "has_seating_outdoors": ["True"], "location": ["Mountain View"]}}}], "speaker": "USER", "utterance": "Please look for somewhere that I can get a Burrito in Mountain View."}, {"frames": [{"actions": [{"act": "OFFER", "canonical_values": ["Casa Lupe"], "slot": "restaurant_name", "values": ["Casa Lupe"]}, {"act": "OFFER", "canonical_values": ["Mountain View"], "slot": "location", "values": ["Mountain View"]}, {"act": "INFORM_COUNT", "canonical_values": ["3"], "slot": "count", "values": ["3"]}], "service": "Restaurants_2", "service_call": {"method": "FindRestaurants", "parameters": {"category": "Mexican", "has_seating_outdoors": "True", "location": "Mountain View"}}, "service_results": [{"address": "459 Castro Street", "category": "Mexican", "has_seating_outdoors": "True", "has_vegetarian_options": "False", "location": "Mountain View", "phone_number": "650-965-2944", "price_range": "moderate", "rating": "4.30", "restaurant_name": "Casa Lupe"}, {"address": "660 North San Antonio Road # A", "category": "Mexican", "has_seating_outdoors": "True", "has_vegetarian_options": "False", "location": "Mountain View", "phone_number": "650-917-8290", "price_range": "cheap", "rating": "4.00", "restaurant_name": "La Salsa"}, {"address": "2020 West El Camino Real", "category": "Mexican", "has_seating_outdoors": "True", "has_vegetarian_options": "True", "location": "Mountain View", "phone_number": "650-938-2020", "price_range": "moderate", "rating": "4.30", "restaurant_name": "Vive Sol"}], "slots": [{"exclusive_end": 59, "slot": "restaurant_name", "start": 50}, {"exclusive_end": 76, "slot": "location", "start": 63}]}], "speaker": "SYSTEM", "utterance": "There are 3 places that you might like. How about Casa Lupe in Mountain View?"}, {"frames": [{"actions": [{"act": "REQUEST", "canonical_values": [], "slot": "phone_number", "values": []}, {"act": "REQUEST", "canonical_values": [], "slot": "address", "values": []}], "service": "Restaurants_2", "slots": [], "state": {"active_intent": "FindRestaurants", "requested_slots": ["address", "phone_number"], "slot_values": {"category": ["Burrito"], "has_seating_outdoors": ["True"], "location": ["Mountain View"]}}}], "speaker": "USER", "utterance": "Can you find me their phone number and address?"}, {"frames": [{"actions": [{"act": "INFORM", "canonical_values": ["459 Castro Street"], "slot": "address", "values": ["459 Castro Street"]}, {"act": "INFORM", "canonical_values": ["650-965-2944"], "slot": "phone_number", "values": ["650-965-2944"]}], "service": "Restaurants_2", "slots": [{"exclusive_end": 87, "slot": "address", "start": 70}, {"exclusive_end": 45, "slot": "phone_number", "start": 33}]}], "speaker": "SYSTEM", "utterance": "Sure no problem. Their number is 650-965-2944 and they are located at 459 Castro Street."}, {"frames": [{"actions": [{"act": "SELECT", "canonical_values": [], "slot": "", "values": []}], "service": "Restaurants_2", "slots": [], "state": {"active_intent": "FindRestaurants", "requested_slots": [], "slot_values": {"category": ["Burrito"], "has_seating_outdoors": ["True"], "location": ["Mountain View"], "restaurant_name": ["Casa Lupe"]}}}], "speaker": "USER", "utterance": "Thanks for that."}, {"frames": [{"actions": [{"act": "REQ_MORE", "canonical_values": [], "slot": "", "values": []}], "service": "Restaurants_2", "slots": []}], "speaker": "SYSTEM", "utterance": "Do you need help with anything else?"}, {"frames": [{"actions": [{"act": "INFORM_INTENT", "canonical_values": ["ReserveRestaurant"], "slot": "intent", "values": ["ReserveRestaurant"]}], "service": "Restaurants_2", "slots": [], "state": {"active_intent": "ReserveRestaurant", "requested_slots": [], "slot_values": {"category": ["Burrito"], "has_seating_outdoors": ["True"], "location": ["Mountain View"], "restaurant_name": ["Casa Lupe"]}}}], "speaker": "USER", "utterance": "Yeah can you book me a table at the restaurant please. I don't go anywhere without a reservation."}, {"frames": [{"actions": [{"act": "REQUEST", "canonical_values": [], "slot": "time", "values": []}], "service": "Restaurants_2", "slots": []}], "speaker": "SYSTEM", "utterance": "What time are you looking to make a reservation for?"}, {"frames": [{"actions": [{"act": "INFORM", "canonical_values": ["16:30"], "slot": "time", "values": ["4:30 in the evening"]}], "service": "Restaurants_2", "slots": [{"exclusive_end": 22, "slot": "time", "start": 3}], "state": {"active_intent": "ReserveRestaurant", "requested_slots": [], "slot_values": {"category": ["Burrito"], "has_seating_outdoors": ["True"], "location": ["Mountain View"], "restaurant_name": ["Casa Lupe"], "time": ["4:30 in the evening"]}}}], "speaker": "USER", "utterance": "At 4:30 in the evening."}, {"frames": [{"actions": [{"act": "CONFIRM", "canonical_values": ["Casa Lupe"], "slot": "restaurant_name", "values": ["Casa Lupe"]}, {"act": "CONFIRM", "canonical_values": ["Mountain View"], "slot": "location", "values": ["Mountain View"]}, {"act": "CONFIRM", "canonical_values": ["16:30"], "slot": "time", "values": ["4:30 pm"]}, {"act": "CONFIRM", "canonical_values": ["2"], "slot": "number_of_seats", "values": ["2"]}, {"act": "CONFIRM", "canonical_values": ["2019-03-01"], "slot": "date", "values": ["March 1st"]}], "service": "Restaurants_2", "slots": [{"exclusive_end": 36, "slot": "restaurant_name", "start": 27}, {"exclusive_end": 53, "slot": "location", "start": 40}, {"exclusive_end": 77, "slot": "time", "start": 70}, {"exclusive_end": 66, "slot": "date", "start": 57}]}], "speaker": "SYSTEM", "utterance": "So that's a table for 2 at Casa Lupe in Mountain View on March 1st at 4:30 pm."}, {"frames": [{"actions": [{"act": "REQUEST", "canonical_values": [], "slot": "has_vegetarian_options", "values": []}, {"act": "AFFIRM", "canonical_values": [], "slot": "", "values": []}], "service": "Restaurants_2", "slots": [], "state": {"active_intent": "ReserveRestaurant", "requested_slots": ["has_vegetarian_options"], "slot_values": {"category": ["Burrito"], "date": ["March 1st"], "has_seating_outdoors": ["True"], "location": ["Mountain View"], "number_of_seats": ["2"], "restaurant_name": ["Casa Lupe"], "time": ["4:30 in the evening", "4:30 pm"]}}}], "speaker": "USER", "utterance": "That's correct yes. Do they serve vegetarian food?"}, {"frames": [{"actions": [{"act": "NOTIFY_FAILURE", "canonical_values": [], "slot": "", "values": []}, {"act": "REQ_MORE", "canonical_values": [], "slot": "", "values": []}], "service": "Restaurants_2", "service_call": {"method": "ReserveRestaurant", "parameters": {"date": "2019-03-01", "location": "Mountain View", "number_of_seats": "2", "restaurant_name": "Casa Lupe", "time": "16:30"}}, "service_results": [], "slots": []}], "speaker": "SYSTEM", "utterance": "Unfortunately the reservation was not successful. Do you need anything else."}, {"frames": [{"actions": [{"act": "INFORM", "canonical_values": ["12:30"], "slot": "time", "values": ["12:30 in the afternoon"]}, {"act": "INFORM_INTENT", "canonical_values": ["ReserveRestaurant"], "slot": "intent", "values": ["ReserveRestaurant"]}], "service": "Restaurants_2", "slots": [{"exclusive_end": 59, "slot": "time", "start": 37}], "state": {"active_intent": "ReserveRestaurant", "requested_slots": [], "slot_values": {"category": ["Burrito"], "date": ["March 1st"], "has_seating_outdoors": ["True"], "location": ["Mountain View"], "number_of_seats": ["2"], "restaurant_name": ["Casa Lupe"], "time": ["12:30 in the afternoon"]}}}], "speaker": "USER", "utterance": "How about trying to book a table for 12:30 in the afternoon?"}, {"frames": [{"actions": [{"act": "CONFIRM", "canonical_values": ["Casa Lupe"], "slot": "restaurant_name", "values": ["Casa Lupe"]}, {"act": "CONFIRM", "canonical_values": ["Mountain View"], "slot": "location", "values": ["Mountain View"]}, {"act": "CONFIRM", "canonical_values": ["12:30"], "slot": "time", "values": ["12:30 pm"]}, {"act": "CONFIRM", "canonical_values": ["2"], "slot": "number_of_seats", "values": ["2"]}, {"act": "CONFIRM", "canonical_values": ["2019-03-01"], "slot": "date", "values": ["March 1st"]}], "service": "Restaurants_2", "slots": [{"exclusive_end": 79, "slot": "restaurant_name", "start": 70}, {"exclusive_end": 96, "slot": "location", "start": 83}, {"exclusive_end": 121, "slot": "time", "start": 113}, {"exclusive_end": 109, "slot": "date", "start": 100}]}], "speaker": "SYSTEM", "utterance": "Okay so just to double check: You would like to book a table for 2 at Casa Lupe in Mountain View on March 1st at 12:30 pm."}, {"frames": [{"actions": [{"act": "REQUEST", "canonical_values": [], "slot": "rating", "values": []}, {"act": "AFFIRM", "canonical_values": [], "slot": "", "values": []}], "service": "Restaurants_2", "slots": [], "state": {"active_intent": "ReserveRestaurant", "requested_slots": ["rating"], "slot_values": {"category": ["Burrito"], "date": ["March 1st"], "has_seating_outdoors": ["True"], "location": ["Mountain View"], "number_of_seats": ["2"], "restaurant_name": ["Casa Lupe"], "time": ["12:30 in the afternoon", "12:30 pm"]}}}], "speaker": "USER", "utterance": "Yes that's all correct. What is the restaurant's customer rating?"}, {"frames": [{"actions": [{"act": "INFORM", "canonical_values": ["4.30"], "slot": "rating", "values": ["4.3"]}, {"act": "NOTIFY_SUCCESS", "canonical_values": [], "slot": "", "values": []}], "service": "Restaurants_2", "service_call": {"method": "ReserveRestaurant", "parameters": {"date": "2019-03-01", "location": "Mountain View", "number_of_seats": "2", "restaurant_name": "Casa Lupe", "time": "12:30"}}, "service_results": [{"address": "459 Castro Street", "category": "Mexican", "date": "2019-03-01", "has_seating_outdoors": "True", "has_vegetarian_options": "False", "location": "Mountain View", "number_of_seats": "2", "phone_number": "650-965-2944", "price_range": "moderate", "rating": "4.30", "restaurant_name": "Casa Lupe", "time": "12:30"}], "slots": [{"exclusive_end": 72, "slot": "rating", "start": 69}]}], "speaker": "SYSTEM", "utterance": "Your reservation has been successful. The restaurant has a rating of 4.3."}, {"frames": [{"actions": [{"act": "THANK_YOU", "canonical_values": [], "slot": "", "values": []}, {"act": "GOODBYE", "canonical_values": [], "slot": "", "values": []}], "service": "Restaurants_2", "slots": [], "state": {"active_intent": "ReserveRestaurant", "requested_slots": [], "slot_values": {"category": ["Burrito"], "date": ["March 1st"], "has_seating_outdoors": ["True"], "location": ["Mountain View"], "number_of_seats": ["2"], "restaurant_name": ["Casa Lupe"], "time": ["12:30 in the afternoon", "12:30 pm"]}}}], "speaker": "USER", "utterance": "Thanks for your help."}, {"frames": [{"actions": [{"act": "GOODBYE", "canonical_values": [], "slot": "", "values": []}], "service": "Restaurants_2", "slots": []}], "speaker": "SYSTEM", "utterance": "Enjoy your day!"}]}, {"dialogue_id": "28_00003", "services": ["Movies_3", "Restaurants_2"], "turns": [{"frames": [{"actions": [{"act": "INFORM_INTENT", "canonical_values": ["FindMovies"], "slot": "intent", "values": ["FindMovies"]}], "service": "Movies_3", "slots": [], "state": {"active_intent": "FindMovies", "requested_slots": [], "slot_values": {}}}], "speaker": "USER", "utterance": "Hi, could you help me find a movie to watch please?"}, {"frames": [{"actions": [{"act": "OFFER", "canonical_values": ["Angel Has Fallen"], "slot": "movie_title", "values": ["Angel Has Fallen"]}, {"act": "OFFER", "canonical_values": ["39"], "slot": "percent_rating", "values": ["39"]}, {"act": "INFORM_COUNT", "canonical_values": ["10"], "slot": "count", "values": ["10"]}], "service": "Movies_3", "service_call": {"method": "FindMovies", "parameters": {}}, "service_results": [{"cast": "Nick Nolte", "directed_by": "Ric Roman Waugh", "genre": "Action", "movie_title": "Angel Has Fallen", "percent_rating": "39"}, {"cast": "James Wlcek", "directed_by": "Herbert Ross", "genre": "Family", "movie_title": "Steel Magnolias", "percent_rating": "70"}, {"cast": "Kate McKinnon", "directed_by": "Danny Boyle", "genre": "Comedy", "movie_title": "Yesterday", "percent_rating": "63"}, {"cast": "Daria Ekamasova", "directed_by": "Kirill Mikhanovsky", "genre": "Comedy-drama", "movie_title": "Give Me Liberty", "percent_rating": "92"}, {"cast": "Calvin Trillin", "directed_by": "Max Lewkowicz", "genre": "Documentary", "movie_title": "Fiddler: A Miracle of Miracles", "percent_rating": "100"}, {"cast": "Jack Sterner", "directed_by": "Alex Kendrick", "genre": "Drama", "movie_title": "Overcomer", "percent_rating": "46"}, {"cast": "Doris McCarthy", "directed_by": "Bart Freundlich", "genre": "Drama", "movie_title": "After The Wedding", "percent_rating": "43"}, {"cast": "Adam Bakri", "directed_by": "Gavin Hood", "genre": "Mystery", "movie_title": "Official Secrets", "percent_rating": "78"}, {"cast": "Meera Ganatra", "directed_by": "Gurinder Chadha", "genre": "Drama", "movie_title": "Blinded by the Light", "percent_rating": "88"}, {"cast": "Helena Howard", "directed_by": "Josephine Decker", "genre": "Thriller", "movie_title": "Madeline's Madeline", "percent_rating": "88"}], "slots": [{"exclusive_end": 57, "slot": "movie_title", "start": 41}, {"exclusive_end": 67, "slot": "percent_rating", "start": 65}]}], "speaker": "SYSTEM", "utterance": "There are 10 available movies, how about Angel Has Fallen with a 39 percent rating?"}, {"frames": [{"actions": [{"act": "REQUEST", "canonical_values": [], "slot": "cast", "values": []}], "service": "Movies_3", "slots": [], "state": {"active_intent": "FindMovies", "requested_slots": ["cast"], "slot_values": {}}}], "speaker": "USER", "utterance": "May I know who starred in this movie?"}, {"frames": [{"actions": [{"act": "INFORM", "canonical_values": ["Nick Nolte"], "slot": "cast", "values": ["Nick Nolte"]}], "service": "Movies_3", "slots": [{"exclusive_end": 29, "slot": "cast", "start": 19}]}], "speaker": "SYSTEM", "utterance": "The movie features Nick Nolte."}, {"frames": [{"actions": [{"act": "REQUEST_ALTS", "canonical_values": [], "slot": "", "values": []}], "service": "Movies_3", "slots": [], "state": {"active_intent": "FindMovies", "requested_slots": [], "slot_values": {}}}], "speaker": "USER", "utterance": "I see, are there any alternatives?"}, {"frames": [{"actions": [{"act": "OFFER", "canonical_values": ["Steel Magnolias"], "slot": "movie_title", "values": ["Steel Magnolias"]}, {"act": "OFFER", "canonical_values": ["70"], "slot": "percent_rating", "values": ["70"]}], "service": "Movies_3", "slots": [{"exclusive_end": 25, "slot": "movie_title", "start": 10}, {"exclusive_end": 35, "slot": "percent_rating", "start": 33}]}], "speaker": "SYSTEM", "utterance": "How about Steel Magnolias with a 70 percent rating?"}, {"frames": [{"actions": [{"act": "INFORM", "canonical_values": ["Sci-fi"], "slot": "genre", "values": ["Science related"]}, {"act": "INFORM", "canonical_values": ["Steven Spielberg"], "slot": "directed_by", "values": ["Steven Spielberg"]}, {"act": "REQUEST_ALTS", "canonical_values": [], "slot": "", "values": []}], "service": "Movies_3", "slots": [{"exclusive_end": 37, "slot": "genre", "start": 22}, {"exclusive_end": 66, "slot": "directed_by", "start": 50}], "state": {"active_intent": "FindMovies", "requested_slots": [], "slot_values": {"directed_by": ["Steven Spielberg"], "genre": ["Science related"]}}}], "speaker": "USER", "utterance": "Anything else that is Science related directed by Steven Spielberg?"}, {"frames": [{"actions": [{"act": "OFFER", "canonical_values": ["Close Encounters of the Third Kind"], "slot": "movie_title", "values": ["Close Encounters of the Third kind"]}, {"act": "OFFER", "canonical_values": ["95"], "slot": "percent_rating", "values": ["95"]}], "service": "Movies_3", "service_call": {"method": "FindMovies", "parameters": {"directed_by": "Steven Spielberg", "genre": "Sci-fi"}}, "service_results": [{"cast": "Richard L. Hawkins", "directed_by": "Steven Spielberg", "genre": "Sci-fi", "movie_title": "Close Encounters of the Third Kind", "percent_rating": "95"}], "slots": [{"exclusive_end": 44, "slot": "movie_title", "start": 10}, {"exclusive_end": 54, "slot": "percent_rating", "start": 52}]}], "speaker": "SYSTEM", "utterance": "How about Close Encounters of the Third kind with a 95 percent rating?"}, {"frames": [{"actions": [{"act": "INFORM", "canonical_values": ["True"], "slot": "has_vegetarian_options", "values": ["True"]}, {"act": "INFORM", "canonical_values": ["pricey"], "slot": "price_range", "values": ["pricey"]}, {"act": "INFORM_INTENT", "canonical_values": ["FindRestaurants"], "slot": "intent", "values": ["FindRestaurants"]}], "service": "Restaurants_2", "slots": [], "state": {"active_intent": "FindRestaurants", "requested_slots": [], "slot_values": {"has_vegetarian_options": ["True"], "price_range": ["pricey"]}}}, {"actions": [{"act": "SELECT", "canonical_values": [], "slot": "", "values": []}], "service": "Movies_3", "slots": [], "state": {"active_intent": "FindMovies", "requested_slots": [], "slot_values": {"directed_by": ["Steven Spielberg"], "genre": ["Science related"]}}}], "speaker": "USER", "utterance": "Sounds great, could you get me a pricey restaurant with vegetarian options please?"}, {"frames": [{"actions": [{"act": "REQUEST", "canonical_values": [], "slot": "category", "values": []}, {"act": "REQUEST", "canonical_values": [], "slot": "location", "values": []}], "service": "Restaurants_2", "slots": []}], "speaker": "SYSTEM", "utterance": "What type of food and location would you prefer?"}, {"frames": [{"actions": [{"act": "INFORM", "canonical_values": ["Berkeley"], "slot": "location", "values": ["Berkeley"]}, {"act": "INFORM", "canonical_values": ["French"], "slot": "category", "values": ["Parisian"]}], "service": "Restaurants_2", "slots": [{"exclusive_end": 38, "slot": "location", "start": 30}, {"exclusive_end": 21, "slot": "category", "start": 13}], "state": {"active_intent": "FindRestaurants", "requested_slots": [], "slot_values": {"category": ["Parisian"], "has_vegetarian_options": ["True"], "location": ["Berkeley"], "price_range": ["pricey"]}}}], "speaker": "USER", "utterance": "Find me some Parisian food in Berkeley please."}, {"frames": [{"actions": [{"act": "OFFER", "canonical_values": ["Antoinette Restaurant"], "slot": "restaurant_name", "values": ["Antoinette Restaurant"]}, {"act": "OFFER", "canonical_values": ["Berkeley"], "slot": "location", "values": ["Berkeley"]}, {"act": "INFORM_COUNT", "canonical_values": ["2"], "slot": "count", "values": ["2"]}], "service": "Restaurants_2", "service_call": {"method": "FindRestaurants", "parameters": {"category": "French", "has_vegetarian_options": "True", "location": "Berkeley", "price_range": "pricey"}}, "service_results": [{"address": "41 Tunnel Road", "category": "French", "has_seating_outdoors": "False", "has_vegetarian_options": "True", "location": "Berkeley", "phone_number": "510-549-8585", "price_range": "pricey", "rating": "2.00", "restaurant_name": "Antoinette Restaurant"}, {"address": "1849 Shattuck Avenue", "category": "French", "has_seating_outdoors": "False", "has_vegetarian_options": "True", "location": "Berkeley", "phone_number": "510-849-2155", "price_range": "pricey", "rating": "4.10", "restaurant_name": "Bistro Liaison"}], "slots": [{"exclusive_end": 83, "slot": "restaurant_name", "start": 62}, {"exclusive_end": 50, "slot": "location", "start": 42}]}], "speaker": "SYSTEM", "utterance": "There are 2 restaurants you might like in Berkeley, how about Antoinette Restaurant."}, {"frames": [{"actions": [{"act": "INFORM_INTENT", "canonical_values": ["ReserveRestaurant"], "slot": "intent", "values": ["ReserveRestaurant"]}, {"act": "SELECT", "canonical_values": [], "slot": "", "values": []}], "service": "Restaurants_2", "slots": [], "state": {"active_intent": "ReserveRestaurant", "requested_slots": [], "slot_values": {"category": ["Parisian"], "has_vegetarian_options": ["True"], "location": ["Berkeley"], "price_range": ["pricey"], "restaurant_name": ["Antoinette Restaurant"]}}}], "speaker": "USER", "utterance": "Yes, that is what I want. Could you get me a reservation please?"}, {"frames": [{"actions": [{"act": "REQUEST", "canonical_values": [], "slot": "time", "values": []}], "service": "Restaurants_2", "slots": []}], "speaker": "SYSTEM", "utterance": "And what time will you be dining?"}, {"frames": [{"actions": [{"act": "INFORM", "canonical_values": ["11:00"], "slot": "time", "values": ["eleven am"]}], "service": "Restaurants_2", "slots": [{"exclusive_end": 30, "slot": "time", "start": 21}], "state": {"active_intent": "ReserveRestaurant", "requested_slots": [], "slot_values": {"category": ["Parisian"], "has_vegetarian_options": ["True"], "location": ["Berkeley"], "price_range": ["pricey"], "restaurant_name": ["Antoinette Restaurant"], "time": ["eleven am"]}}}], "speaker": "USER", "utterance": "Please reserve it at eleven am please."}, {"frames": [{"actions": [{"act": "CONFIRM", "canonical_values": ["Antoinette Restaurant"], "slot": "restaurant_name", "values": ["Antoinette Restaurant"]}, {"act": "CONFIRM", "canonical_values": ["Berkeley"], "slot": "location", "values": ["Berkeley"]}, {"act": "CONFIRM", "canonical_values": ["11:00"], "slot": "time", "values": ["11 am"]}, {"act": "CONFIRM", "canonical_values": ["2"], "slot": "number_of_seats", "values": ["2"]}, {"act": "CONFIRM", "canonical_values": ["2019-03-01"], "slot": "date", "values": ["March 1st"]}], "service": "Restaurants_2", "slots": [{"exclusive_end": 58, "slot": "restaurant_name", "start": 37}, {"exclusive_end": 70, "slot": "location", "start": 62}, {"exclusive_end": 79, "slot": "time", "start": 74}, {"exclusive_end": 92, "slot": "date", "start": 83}]}], "speaker": "SYSTEM", "utterance": "Please confirm your booking for 2 at Antoinette Restaurant in Berkeley at 11 am on March 1st."}, {"frames": [{"actions": [{"act": "REQUEST", "canonical_values": [], "slot": "phone_number", "values": []}, {"act": "REQUEST", "canonical_values": [], "slot": "rating", "values": []}, {"act": "AFFIRM", "canonical_values": [], "slot": "", "values": []}], "service": "Restaurants_2", "slots": [], "state": {"active_intent": "ReserveRestaurant", "requested_slots": ["phone_number", "rating"], "slot_values": {"category": ["Parisian"], "date": ["March 1st"], "has_vegetarian_options": ["True"], "location": ["Berkeley"], "number_of_seats": ["2"], "price_range": ["pricey"], "restaurant_name": ["Antoinette Restaurant"], "time": ["11 am", "eleven am"]}}}], "speaker": "USER", "utterance": "Sure, may I have their user rating and contact number please?"}, {"frames": [{"actions": [{"act": "INFORM", "canonical_values": ["2.00"], "slot": "rating", "values": ["2.0"]}, {"act": "INFORM", "canonical_values": ["510-549-8585"], "slot": "phone_number", "values": ["510-549-8585"]}, {"act": "NOTIFY_SUCCESS", "canonical_values": [], "slot": "", "values": []}], "service": "Restaurants_2", "service_call": {"method": "ReserveRestaurant", "parameters": {"date": "2019-03-01", "location": "Berkeley", "number_of_seats": "2", "restaurant_name": "Antoinette Restaurant", "time": "11:00"}}, "service_results": [{"address": "41 Tunnel Road", "category": "French", "date": "2019-03-01", "has_seating_outdoors": "False", "has_vegetarian_options": "True", "location": "Berkeley", "number_of_seats": "2", "phone_number": "510-549-8585", "price_range": "pricey", "rating": "2.00", "restaurant_name": "Antoinette Restaurant", "time": "11:00"}], "slots": [{"exclusive_end": 88, "slot": "rating", "start": 85}, {"exclusive_end": 68, "slot": "phone_number", "start": 56}]}], "speaker": "SYSTEM", "utterance": "Your reservation has been made. You can contact them at 510-549-8585 and they have a 2.0 rating."}, {"frames": [{"actions": [{"act": "THANK_YOU", "canonical_values": [], "slot": "", "values": []}], "service": "Restaurants_2", "slots": [], "state": {"active_intent": "ReserveRestaurant", "requested_slots": [], "slot_values": {"category": ["Parisian"], "date": ["March 1st"], "has_vegetarian_options": ["True"], "location": ["Berkeley"], "number_of_seats": ["2"], "price_range": ["pricey"], "restaurant_name": ["Antoinette Restaurant"], "time": ["11 am", "eleven am"]}}}], "speaker": "USER", "utterance": "I see, thanks a bunch!"}, {"frames": [{"actions": [{"act": "REQ_MORE", "canonical_values": [], "slot": "", "values": []}], "service": "Restaurants_2", "slots": []}], "speaker": "SYSTEM", "utterance": "Could I further assist you then?"}, {"frames": [{"actions": [{"act": "NEGATE", "canonical_values": [], "slot": "", "values": []}, {"act": "THANK_YOU", "canonical_values": [], "slot": "", "values": []}], "service": "Restaurants_2", "slots": [], "state": {"active_intent": "NONE", "requested_slots": [], "slot_values": {"category": ["Parisian"], "date": ["March 1st"], "has_vegetarian_options": ["True"], "location": ["Berkeley"], "number_of_seats": ["2"], "price_range": ["pricey"], "restaurant_name": ["Antoinette Restaurant"], "time": ["11 am", "eleven am"]}}}], "speaker": "USER", "utterance": "No, that is all I need. Thanks!"}, {"frames": [{"actions": [{"act": "GOODBYE", "canonical_values": [], "slot": "", "values": []}], "service": "Restaurants_2", "slots": []}], "speaker": "SYSTEM", "utterance": "Have a great day ahead."}]}, {"dialogue_id": "28_00004", "services": ["Movies_3", "Restaurants_2"], "turns": [{"frames": [{"actions": [{"act": "INFORM", "canonical_values": ["Offbeat"], "slot": "genre", "values": ["eccentric story"]}, {"act": "INFORM", "canonical_values": ["Quentin Tarantino"], "slot": "directed_by", "values": ["Quentin Tarantino"]}, {"act": "INFORM_INTENT", "canonical_values": ["FindMovies"], "slot": "intent", "values": ["FindMovies"]}], "service": "Movies_3", "slots": [{"exclusive_end": 74, "slot": "genre", "start": 59}, {"exclusive_end": 114, "slot": "directed_by", "start": 97}], "state": {"active_intent": "FindMovies", "requested_slots": [], "slot_values": {"directed_by": ["Quentin Tarantino"], "genre": ["eccentric story"]}}}], "speaker": "USER", "utterance": "I'd like to watch a movie, something along the lines of an eccentric story. Is there anything by Quentin Tarantino?"}, {"frames": [{"actions": [{"act": "OFFER", "canonical_values": ["Once Upon a Time In Hollywood"], "slot": "movie_title", "values": ["Once Upon a Time In Hollywood"]}, {"act": "OFFER", "canonical_values": ["85"], "slot": "percent_rating", "values": ["85"]}, {"act": "INFORM_COUNT", "canonical_values": ["1"], "slot": "count", "values": ["1"]}], "service": "Movies_3", "service_call": {"method": "FindMovies", "parameters": {"directed_by": "Quentin Tarantino", "genre": "Offbeat"}}, "service_results": [{"cast": "Timothy Olyphant", "directed_by": "Quentin Tarantino", "genre": "Offbeat", "movie_title": "Once Upon a Time In Hollywood", "percent_rating": "85"}], "slots": [{"exclusive_end": 74, "slot": "movie_title", "start": 45}, {"exclusive_end": 89, "slot": "percent_rating", "start": 87}]}], "speaker": "SYSTEM", "utterance": "Yes, there is 1 movie that fits your search, Once Upon a Time In Hollywood which has a 85 out of 100 rating."}, {"frames": [{"actions": [{"act": "REQUEST", "canonical_values": [], "slot": "cast", "values": []}], "service": "Movies_3", "slots": [], "state": {"active_intent": "FindMovies", "requested_slots": ["cast"], "slot_values": {"directed_by": ["Quentin Tarantino"], "genre": ["eccentric story"]}}}], "speaker": "USER", "utterance": "Who stars in this movie?"}, {"frames": [{"actions": [{"act": "INFORM", "canonical_values": ["Timothy Olyphant"], "slot": "cast", "values": ["Timothy Olyphant"]}], "service": "Movies_3", "slots": [{"exclusive_end": 16, "slot": "cast", "start": 0}]}], "speaker": "SYSTEM", "utterance": "Timothy Olyphant was a starring actor."}, {"frames": [{"actions": [{"act": "INFORM", "canonical_values": ["moderate"], "slot": "price_range", "values": ["moderate"]}, {"act": "INFORM", "canonical_values": ["True"], "slot": "has_vegetarian_options", "values": ["True"]}, {"act": "INFORM_INTENT", "canonical_values": ["FindRestaurants"], "slot": "intent", "values": ["FindRestaurants"]}], "service": "Restaurants_2", "slots": [], "state": {"active_intent": "FindRestaurants", "requested_slots": [], "slot_values": {"has_vegetarian_options": ["True"], "price_range": ["moderate"]}}}, {"actions": [{"act": "SELECT", "canonical_values": [], "slot": "", "values": []}], "service": "Movies_3", "slots": [], "state": {"active_intent": "FindMovies", "requested_slots": [], "slot_values": {"directed_by": ["Quentin Tarantino"], "genre": ["eccentric story"]}}}], "speaker": "USER", "utterance": "That works. Is there a restaurant around there with moderate pricing and vegetarian options?"}, {"frames": [{"actions": [{"act": "REQUEST", "canonical_values": [], "slot": "category", "values": []}], "service": "Restaurants_2", "slots": []}], "speaker": "SYSTEM", "utterance": "What type of food are you interested in?"}, {"frames": [{"actions": [{"act": "INFORM", "canonical_values": ["Vietnamese"], "slot": "category", "values": ["Vietnamese"]}], "service": "Restaurants_2", "slots": [{"exclusive_end": 10, "slot": "category", "start": 0}], "state": {"active_intent": "FindRestaurants", "requested_slots": [], "slot_values": {"category": ["Vietnamese"], "has_vegetarian_options": ["True"], "price_range": ["moderate"]}}}], "speaker": "USER", "utterance": "Vietnamese would work."}, {"frames": [{"actions": [{"act": "REQUEST", "canonical_values": [], "slot": "location", "values": []}], "service": "Restaurants_2", "slots": []}], "speaker": "SYSTEM", "utterance": "Where should I look?"}, {"frames": [{"actions": [{"act": "INFORM", "canonical_values": ["Hayward"], "slot": "location", "values": ["Hayward"]}], "service": "Restaurants_2", "slots": [{"exclusive_end": 7, "slot": "location", "start": 0}], "state": {"active_intent": "FindRestaurants", "requested_slots": [], "slot_values": {"category": ["Vietnamese"], "has_vegetarian_options": ["True"], "location": ["Hayward"], "price_range": ["moderate"]}}}], "speaker": "USER", "utterance": "Hayward, please."}, {"frames": [{"actions": [{"act": "OFFER", "canonical_values": ["Red Chili Thai Vietnamese Noodle Restaurant"], "slot": "restaurant_name", "values": ["Red Chili Thai Vietnamese Noodle Restaurant"]}, {"act": "OFFER", "canonical_values": ["Hayward"], "slot": "location", "values": ["Hayward"]}, {"act": "INFORM_COUNT", "canonical_values": ["1"], "slot": "count", "values": ["1"]}], "service": "Restaurants_2", "service_call": {"method": "FindRestaurants", "parameters": {"category": "Vietnamese", "has_vegetarian_options": "True", "location": "Hayward", "price_range": "moderate"}}, "service_results": [{"address": "29583 Mission Boulevard", "category": "Vietnamese", "has_seating_outdoors": "False", "has_vegetarian_options": "True", "location": "Hayward", "phone_number": "510-881-8593", "price_range": "moderate", "rating": "4.10", "restaurant_name": "Red Chili Thai Vietnamese Noodle Restaurant"}], "slots": [{"exclusive_end": 103, "slot": "restaurant_name", "start": 60}, {"exclusive_end": 54, "slot": "location", "start": 47}]}], "speaker": "SYSTEM", "utterance": "I found 1 restaurant that fits your search for Hayward, the Red Chili Thai Vietnamese Noodle Restaurant, does that work?"}, {"frames": [{"actions": [{"act": "INFORM", "canonical_values": ["2019-03-07"], "slot": "date", "values": ["March 7th"]}, {"act": "INFORM", "canonical_values": ["3"], "slot": "number_of_seats", "values": ["3"]}, {"act": "INFORM", "canonical_values": ["12:00"], "slot": "time", "values": ["twelve in the afternoon"]}, {"act": "INFORM_INTENT", "canonical_values": ["ReserveRestaurant"], "slot": "intent", "values": ["ReserveRestaurant"]}, {"act": "SELECT", "canonical_values": [], "slot": "", "values": []}], "service": "Restaurants_2", "slots": [{"exclusive_end": 86, "slot": "date", "start": 77}, {"exclusive_end": 113, "slot": "time", "start": 90}], "state": {"active_intent": "ReserveRestaurant", "requested_slots": [], "slot_values": {"category": ["Vietnamese"], "date": ["March 7th"], "has_vegetarian_options": ["True"], "location": ["Hayward"], "number_of_seats": ["3"], "price_range": ["moderate"], "restaurant_name": ["Red Chili Thai Vietnamese Noodle Restaurant"], "time": ["twelve in the afternoon"]}}}], "speaker": "USER", "utterance": "Yes, that works. I'm looking to book a table for three at the restaurant, on March 7th at twelve in the afternoon please."}, {"frames": [{"actions": [{"act": "CONFIRM", "canonical_values": ["Red Chili Thai Vietnamese Noodle Restaurant"], "slot": "restaurant_name", "values": ["Red Chili Thai Vietnamese Noodle Restaurant"]}, {"act": "CONFIRM", "canonical_values": ["Hayward"], "slot": "location", "values": ["Hayward"]}, {"act": "CONFIRM", "canonical_values": ["12:00"], "slot": "time", "values": ["12 pm"]}, {"act": "CONFIRM", "canonical_values": ["2019-03-07"], "slot": "date", "values": ["March 7th"]}, {"act": "CONFIRM", "canonical_values": ["3"], "slot": "number_of_seats", "values": ["3"]}], "service": "Restaurants_2", "slots": [{"exclusive_end": 119, "slot": "restaurant_name", "start": 76}, {"exclusive_end": 130, "slot": "location", "start": 123}, {"exclusive_end": 152, "slot": "time", "start": 147}, {"exclusive_end": 143, "slot": "date", "start": 134}]}], "speaker": "SYSTEM", "utterance": "Alright. Just to confirm, you are booking a reservation for 3 people at the Red Chili Thai Vietnamese Noodle Restaurant in Hayward on March 7th at 12 pm, is that correct?"}, {"frames": [{"actions": [{"act": "INFORM", "canonical_values": ["2019-03-12"], "slot": "date", "values": ["March 12th"]}, {"act": "INFORM", "canonical_values": ["2"], "slot": "number_of_seats", "values": ["2"]}, {"act": "NEGATE", "canonical_values": [], "slot": "", "values": []}], "service": "Restaurants_2", "slots": [{"exclusive_end": 66, "slot": "date", "start": 56}], "state": {"active_intent": "ReserveRestaurant", "requested_slots": [], "slot_values": {"category": ["Vietnamese"], "date": ["March 12th"], "has_vegetarian_options": ["True"], "location": ["Hayward"], "number_of_seats": ["2"], "price_range": ["moderate"], "restaurant_name": ["Red Chili Thai Vietnamese Noodle Restaurant"], "time": ["12 pm", "twelve in the afternoon"]}}}], "speaker": "USER", "utterance": "No, actually I'll be looking for only two people on the March 12th reservation."}, {"frames": [{"actions": [{"act": "CONFIRM", "canonical_values": ["2019-03-12"], "slot": "date", "values": ["March 12th"]}, {"act": "CONFIRM", "canonical_values": ["2"], "slot": "number_of_seats", "values": ["2"]}], "service": "Restaurants_2", "slots": [{"exclusive_end": 77, "slot": "date", "start": 67}]}], "speaker": "SYSTEM", "utterance": "Okay, just to confirm, we are updating the booking to 2 people for March 12th, is that right?"}, {"frames": [{"actions": [{"act": "INFORM", "canonical_values": ["11:30"], "slot": "time", "values": ["morning 11:30"]}, {"act": "NEGATE", "canonical_values": [], "slot": "", "values": []}], "service": "Restaurants_2", "slots": [{"exclusive_end": 48, "slot": "time", "start": 35}], "state": {"active_intent": "ReserveRestaurant", "requested_slots": [], "slot_values": {"category": ["Vietnamese"], "date": ["March 12th"], "has_vegetarian_options": ["True"], "location": ["Hayward"], "number_of_seats": ["2"], "price_range": ["moderate"], "restaurant_name": ["Red Chili Thai Vietnamese Noodle Restaurant"], "time": ["morning 11:30"]}}}], "speaker": "USER", "utterance": "No, can we do it a little earlier, morning 11:30?"}, {"frames": [{"actions": [{"act": "CONFIRM", "canonical_values": ["Red Chili Thai Vietnamese Noodle Restaurant"], "slot": "restaurant_name", "values": ["Red Chili Thai Vietnamese Noodle Restaurant"]}, {"act": "CONFIRM", "canonical_values": ["11:30"], "slot": "time", "values": ["11:30 am"]}], "service": "Restaurants_2", "slots": [{"exclusive_end": 96, "slot": "restaurant_name", "start": 53}, {"exclusive_end": 108, "slot": "time", "start": 100}]}], "speaker": "SYSTEM", "utterance": "Sure, just to confirm I will be booking the table at Red Chili Thai Vietnamese Noodle Restaurant at 11:30 am, is this correct?"}, {"frames": [{"actions": [{"act": "AFFIRM", "canonical_values": [], "slot": "", "values": []}], "service": "Restaurants_2", "slots": [], "state": {"active_intent": "ReserveRestaurant", "requested_slots": [], "slot_values": {"category": ["Vietnamese"], "date": ["March 12th"], "has_vegetarian_options": ["True"], "location": ["Hayward"], "number_of_seats": ["2"], "price_range": ["moderate"], "restaurant_name": ["Red Chili Thai Vietnamese Noodle Restaurant"], "time": ["11:30 am", "morning 11:30"]}}}], "speaker": "USER", "utterance": "Yes, that'll work."}, {"frames": [{"actions": [{"act": "NOTIFY_SUCCESS", "canonical_values": [], "slot": "", "values": []}], "service": "Restaurants_2", "service_call": {"method": "ReserveRestaurant", "parameters": {"date": "2019-03-12", "location": "Hayward", "number_of_seats": "2", "restaurant_name": "Red Chili Thai Vietnamese Noodle Restaurant", "time": "11:30"}}, "service_results": [{"address": "29583 Mission Boulevard", "category": "Vietnamese", "date": "2019-03-12", "has_seating_outdoors": "False", "has_vegetarian_options": "True", "location": "Hayward", "number_of_seats": "2", "phone_number": "510-881-8593", "price_range": "moderate", "rating": "4.10", "restaurant_name": "Red Chili Thai Vietnamese Noodle Restaurant", "time": "11:30"}], "slots": []}], "speaker": "SYSTEM", "utterance": "Your reservation has been made."}, {"frames": [{"actions": [{"act": "REQUEST", "canonical_values": [], "slot": "phone_number", "values": []}], "service": "Restaurants_2", "slots": [], "state": {"active_intent": "ReserveRestaurant", "requested_slots": ["phone_number"], "slot_values": {"category": ["Vietnamese"], "date": ["March 12th"], "has_vegetarian_options": ["True"], "location": ["Hayward"], "number_of_seats": ["2"], "price_range": ["moderate"], "restaurant_name": ["Red Chili Thai Vietnamese Noodle Restaurant"], "time": ["11:30 am", "morning 11:30"]}}}], "speaker": "USER", "utterance": "What's their number?"}, {"frames": [{"actions": [{"act": "INFORM", "canonical_values": ["510-881-8593"], "slot": "phone_number", "values": ["510-881-8593"]}], "service": "Restaurants_2", "slots": [{"exclusive_end": 28, "slot": "phone_number", "start": 16}]}], "speaker": "SYSTEM", "utterance": "Their number is 510-881-8593."}, {"frames": [{"actions": [{"act": "THANK_YOU", "canonical_values": [], "slot": "", "values": []}, {"act": "GOODBYE", "canonical_values": [], "slot": "", "values": []}], "service": "Restaurants_2", "slots": [], "state": {"active_intent": "ReserveRestaurant", "requested_slots": [], "slot_values": {"category": ["Vietnamese"], "date": ["March 12th"], "has_vegetarian_options": ["True"], "location": ["Hayward"], "number_of_seats": ["2"], "price_range": ["moderate"], "restaurant_name": ["Red Chili Thai Vietnamese Noodle Restaurant"], "time": ["11:30 am", "morning 11:30"]}}}], "speaker": "USER", "utterance": "Thank you, that's all."}, {"frames": [{"actions": [{"act": "GOODBYE", "canonical_values": [], "slot": "", "values": []}], "service": "Restaurants_2", "slots": []}], "speaker": "SYSTEM", "utterance": "Have a wonderful day."}]}]