[{"dialogue_id": "19_00000", "services": ["Restaurants_2", "RideSharing_2"], "turns": [{"frames": [{"actions": [{"act": "INFORM_INTENT", "canonical_values": ["FindRestaurants"], "slot": "intent", "values": ["FindRestaurants"]}], "service": "Restaurants_2", "slots": [], "state": {"active_intent": "FindRestaurants", "requested_slots": [], "slot_values": {}}}], "speaker": "USER", "utterance": "Can you find me a restaurant?"}, {"frames": [{"actions": [{"act": "REQUEST", "canonical_values": [], "slot": "category", "values": []}], "service": "Restaurants_2", "slots": []}], "speaker": "SYSTEM", "utterance": "Sure. What type of cuisine would you like?"}, {"frames": [{"actions": [{"act": "INFORM", "canonical_values": ["American"], "slot": "category", "values": ["Barbecue"]}], "service": "Restaurants_2", "slots": [{"exclusive_end": 18, "slot": "category", "start": 10}], "state": {"active_intent": "FindRestaurants", "requested_slots": [], "slot_values": {"category": ["Barbecue"]}}}], "speaker": "USER", "utterance": "Find me a Barbecue restaurant."}, {"frames": [{"actions": [{"act": "REQUEST", "canonical_values": [], "slot": "location", "values": []}], "service": "Restaurants_2", "slots": []}], "speaker": "SYSTEM", "utterance": "What location should I search in?"}, {"frames": [{"actions": [{"act": "INFORM", "canonical_values": ["San Francisco"], "slot": "location", "values": ["SF"]}], "service": "Restaurants_2", "slots": [{"exclusive_end": 23, "slot": "location", "start": 21}], "state": {"active_intent": "FindRestaurants", "requested_slots": [], "slot_values": {"category": ["Barbecue"], "location": ["SF"]}}}], "speaker": "USER", "utterance": "Find me something in SF."}, {"frames": [{"actions": [{"act": "OFFER", "canonical_values": ["1760"], "slot": "restaurant_name", "values": ["1760"]}, {"act": "OFFER", "canonical_values": ["San Francisco"], "slot": "location", "values": ["San Francisco"]}, {"act": "INFORM_COUNT", "canonical_values": ["10"], "slot": "count", "values": ["10"]}], "service": "Restaurants_2", "service_call": {"method": "FindRestaurants", "parameters": {"category": "American", "location": "San Francisco"}}, "service_results": [{"address": "1760 Polk Street", "category": "American", "has_seating_outdoors": "False", "has_vegetarian_options": "False", "location": "San Francisco", "phone_number": "415-359-1212", "price_range": "pricey", "rating": "4.40", "restaurant_name": "1760"}, {"address": "25 Lusk Street", "category": "American", "has_seating_outdoors": "False", "has_vegetarian_options": "True", "location": "San Francisco", "phone_number": "415-495-5875", "price_range": "pricey", "rating": "4.40", "restaurant_name": "25 Lusk"}, {"address": "919 Cortland Avenue", "category": "American", "has_seating_outdoors": "False", "has_vegetarian_options": "True", "location": "San Francisco", "phone_number": "415-814-3709", "price_range": "pricey", "rating": "4.60", "restaurant_name": "3rd Cousin"}, {"address": "1800 Fillmore Street", "category": "American", "has_seating_outdoors": "False", "has_vegetarian_options": "True", "location": "San Francisco", "phone_number": "415-775-1800", "price_range": "moderate", "rating": "3.80", "restaurant_name": "Academy Bar And Kitchen"}, {"address": "1722 Sacramento Street", "category": "American", "has_seating_outdoors": "False", "has_vegetarian_options": "False", "location": "San Francisco", "phone_number": "(415) 567-5432", "price_range": "ultra high-end", "rating": "4.60", "restaurant_name": "Acquerello"}, {"address": "2293 Mission Street", "category": "American", "has_seating_outdoors": "False", "has_vegetarian_options": "False", "location": "San Francisco", "phone_number": "415-872-9409", "price_range": "moderate", "rating": "4.50", "restaurant_name": "Alba Ray's"}, {"address": "786 Bush Street", "category": "American", "has_seating_outdoors": "False", "has_vegetarian_options": "False", "location": "San Francisco", "phone_number": "415-829-2737", "price_range": "moderate", "rating": "4.20", "restaurant_name": "Aliment"}, {"address": "648 Bush Street", "category": "American", "has_seating_outdoors": "False", "has_vegetarian_options": "True", "location": "San Francisco", "phone_number": "650-627-4303", "price_range": "moderate", "rating": "4.30", "restaurant_name": "All Spice"}, {"address": "1420 Market Street", "category": "American", "has_seating_outdoors": "False", "has_vegetarian_options": "False", "location": "San Francisco", "phone_number": "415-590-2585", "price_range": "pricey", "rating": "4.30", "restaurant_name": "Alta Ca"}, {"address": "1001 Guerrero Street", "category": "American", "has_seating_outdoors": "False", "has_vegetarian_options": "False", "location": "San Francisco", "phone_number": "415-875-9810", "price_range": "ultra high-end", "rating": "4.50", "restaurant_name": "Aster"}], "slots": [{"exclusive_end": 56, "slot": "restaurant_name", "start": 52}, {"exclusive_end": 98, "slot": "location", "start": 85}]}], "speaker": "SYSTEM", "utterance": "I have found 10 restaurants for you. You might like 1760. It is a nice restaurant in San Francisco."}, {"frames": [{"actions": [{"act": "REQUEST_ALTS", "canonical_values": [], "slot": "", "values": []}], "service": "Restaurants_2", "slots": [], "state": {"active_intent": "FindRestaurants", "requested_slots": [], "slot_values": {"category": ["Barbecue"], "location": ["SF", "San Francisco"]}}}], "speaker": "USER", "utterance": "Can you recommend any place else?"}, {"frames": [{"actions": [{"act": "OFFER", "canonical_values": ["25 Lusk"], "slot": "restaurant_name", "values": ["25 Lusk"]}, {"act": "OFFER", "canonical_values": ["San Francisco"], "slot": "location", "values": ["San Francisco"]}], "service": "Restaurants_2", "slots": [{"exclusive_end": 7, "slot": "restaurant_name", "start": 0}, {"exclusive_end": 53, "slot": "location", "start": 40}]}], "speaker": "SYSTEM", "utterance": "25 Lusk is a nice restaurant located in San Francisco."}, {"frames": [{"actions": [{"act": "REQUEST", "canonical_values": [], "slot": "phone_number", "values": []}], "service": "Restaurants_2", "slots": [], "state": {"active_intent": "FindRestaurants", "requested_slots": ["phone_number"], "slot_values": {"category": ["Barbecue"], "location": ["SF", "San Francisco"]}}}], "speaker": "USER", "utterance": "Can you get me the phone number?"}, {"frames": [{"actions": [{"act": "INFORM", "canonical_values": ["415-495-5875"], "slot": "phone_number", "values": ["415-495-5875"]}], "service": "Restaurants_2", "slots": [{"exclusive_end": 36, "slot": "phone_number", "start": 24}]}], "speaker": "SYSTEM", "utterance": "You can contact them at 415-495-5875."}, {"frames": [{"actions": [{"act": "REQUEST", "canonical_values": [], "slot": "has_seating_outdoors", "values": []}, {"act": "REQUEST", "canonical_values": [], "slot": "address", "values": []}], "service": "Restaurants_2", "slots": [], "state": {"active_intent": "FindRestaurants", "requested_slots": ["address", "has_seating_outdoors"], "slot_values": {"category": ["Barbecue"], "location": ["SF", "San Francisco"]}}}], "speaker": "USER", "utterance": "Do they have outdoor seating? Can you get me the address?"}, {"frames": [{"actions": [{"act": "INFORM", "canonical_values": ["False"], "slot": "has_seating_outdoors", "values": ["False"]}, {"act": "INFORM", "canonical_values": ["25 Lusk Street"], "slot": "address", "values": ["25 Lusk Street"]}], "service": "Restaurants_2", "slots": [{"exclusive_end": 84, "slot": "address", "start": 70}]}], "speaker": "SYSTEM", "utterance": "The restaurant does not have outdoor seating. Their street address is 25 Lusk Street."}, {"frames": [{"actions": [{"act": "INFORM", "canonical_values": ["cheap"], "slot": "price_range", "values": ["cheap"]}, {"act": "REQUEST_ALTS", "canonical_values": [], "slot": "", "values": []}], "service": "Restaurants_2", "slots": [], "state": {"active_intent": "FindRestaurants", "requested_slots": [], "slot_values": {"category": ["Barbecue"], "location": ["SF", "San Francisco"], "price_range": ["cheap"]}}}], "speaker": "USER", "utterance": "Any place else you find? How about something cheap?"}, {"frames": [{"actions": [{"act": "OFFER", "canonical_values": ["Chaparral"], "slot": "restaurant_name", "values": ["Chaparral"]}, {"act": "OFFER", "canonical_values": ["San Francisco"], "slot": "location", "values": ["San Francisco"]}, {"act": "INFORM_COUNT", "canonical_values": ["6"], "slot": "count", "values": ["6"]}], "service": "Restaurants_2", "service_call": {"method": "FindRestaurants", "parameters": {"category": "American", "location": "San Francisco", "price_range": "cheap"}}, "service_results": [{"address": "471 Haight Street", "category": "American", "has_seating_outdoors": "False", "has_vegetarian_options": "True", "location": "San Francisco", "phone_number": "415-793-9016", "price_range": "cheap", "rating": "5.00", "restaurant_name": "Chaparral"}, {"address": "88 4th Street", "category": "American", "has_seating_outdoors": "False", "has_vegetarian_options": "False", "location": "San Francisco", "phone_number": "415-908-7522", "price_range": "cheap", "rating": "4.80", "restaurant_name": "Educated Palate Restaurant"}, {"address": "2298 Market Street", "category": "American", "has_seating_outdoors": "True", "has_vegetarian_options": "True", "location": "San Francisco", "phone_number": "415-549-3765", "price_range": "cheap", "rating": "4.00", "restaurant_name": "Flore On Market"}, {"address": "433 Powell Street", "category": "American", "has_seating_outdoors": "False", "has_vegetarian_options": "False", "location": "San Francisco", "phone_number": "415-248-2475", "price_range": "cheap", "rating": "3.80", "restaurant_name": "Luques Restaurant & Bar"}, {"address": "1100 Fillmore Street", "category": "American", "has_seating_outdoors": "False", "has_vegetarian_options": "True", "location": "San Francisco", "phone_number": "415-923-1138", "price_range": "cheap", "rating": "3.20", "restaurant_name": "Mcdonald's"}, {"address": "1096 South Van Ness Avenue", "category": "American", "has_seating_outdoors": "False", "has_vegetarian_options": "False", "location": "San Francisco", "phone_number": "415-341-1080", "price_range": "cheap", "rating": "4.60", "restaurant_name": "Urban Putt"}], "slots": [{"exclusive_end": 59, "slot": "restaurant_name", "start": 50}, {"exclusive_end": 76, "slot": "location", "start": 63}]}], "speaker": "SYSTEM", "utterance": "I found 6 possible restaurants for you. How about Chaparral in San Francisco?"}, {"frames": [{"actions": [{"act": "INFORM", "canonical_values": ["3"], "slot": "number_of_seats", "values": ["3"]}, {"act": "INFORM", "canonical_values": ["2019-03-06"], "slot": "date", "values": ["the 6th"]}, {"act": "INFORM", "canonical_values": ["10:45"], "slot": "time", "values": ["10:45"]}, {"act": "INFORM_INTENT", "canonical_values": ["ReserveRestaurant"], "slot": "intent", "values": ["ReserveRestaurant"]}, {"act": "SELECT", "canonical_values": [], "slot": "", "values": []}], "service": "Restaurants_2", "slots": [{"exclusive_end": 85, "slot": "date", "start": 78}, {"exclusive_end": 94, "slot": "time", "start": 89}], "state": {"active_intent": "ReserveRestaurant", "requested_slots": [], "slot_values": {"category": ["Barbecue"], "date": ["the 6th"], "location": ["SF", "San Francisco"], "number_of_seats": ["3"], "price_range": ["cheap"], "restaurant_name": ["Chaparral"], "time": ["10:45"]}}}], "speaker": "USER", "utterance": "Yes, that would be good. I need to book a table for three people. Make it for the 6th at 10:45."}, {"frames": [{"actions": [{"act": "CONFIRM", "canonical_values": ["Chaparral"], "slot": "restaurant_name", "values": ["Chaparral"]}, {"act": "CONFIRM", "canonical_values": ["San Francisco"], "slot": "location", "values": ["San Francisco"]}, {"act": "CONFIRM", "canonical_values": ["10:45"], "slot": "time", "values": ["10:45 am"]}, {"act": "CONFIRM", "canonical_values": ["3"], "slot": "number_of_seats", "values": ["3"]}, {"act": "CONFIRM", "canonical_values": ["2019-03-06"], "slot": "date", "values": ["March 6th"]}], "service": "Restaurants_2", "slots": [{"exclusive_end": 51, "slot": "restaurant_name", "start": 42}, {"exclusive_end": 68, "slot": "location", "start": 55}, {"exclusive_end": 120, "slot": "time", "start": 112}, {"exclusive_end": 108, "slot": "date", "start": 99}]}], "speaker": "SYSTEM", "utterance": "Confirming that you want a table for 3 at Chaparral in San Francisco. Your reservation will be for March 6th at 10:45 am. Is this information correct?"}, {"frames": [{"actions": [{"act": "AFFIRM", "canonical_values": [], "slot": "", "values": []}], "service": "Restaurants_2", "slots": [], "state": {"active_intent": "ReserveRestaurant", "requested_slots": [], "slot_values": {"category": ["Barbecue"], "date": ["March 6th", "the 6th"], "location": ["SF", "San Francisco"], "number_of_seats": ["3"], "price_range": ["cheap"], "restaurant_name": ["Chaparral"], "time": ["10:45", "10:45 am"]}}}], "speaker": "USER", "utterance": "Yes, that will work."}, {"frames": [{"actions": [{"act": "OFFER", "canonical_values": ["Chaparral"], "slot": "restaurant_name", "values": ["Chaparral"]}, {"act": "OFFER", "canonical_values": ["3"], "slot": "number_of_seats", "values": ["3"]}, {"act": "OFFER", "canonical_values": ["2019-03-06"], "slot": "date", "values": ["March 6th"]}, {"act": "OFFER", "canonical_values": ["11:00"], "slot": "time", "values": ["11 am"]}, {"act": "NOTIFY_FAILURE", "canonical_values": [], "slot": "", "values": []}], "service": "Restaurants_2", "service_call": {"method": "ReserveRestaurant", "parameters": {"date": "2019-03-06", "location": "San Francisco", "number_of_seats": "3", "restaurant_name": "Chaparral", "time": "10:45"}}, "service_results": [{"address": "471 Haight Street", "category": "American", "date": "2019-03-06", "has_seating_outdoors": "False", "has_vegetarian_options": "True", "location": "San Francisco", "number_of_seats": "3", "phone_number": "415-793-9016", "price_range": "cheap", "rating": "5.00", "restaurant_name": "Chaparral", "time": "11:00"}], "slots": [{"exclusive_end": 61, "slot": "restaurant_name", "start": 52}, {"exclusive_end": 89, "slot": "date", "start": 80}, {"exclusive_end": 98, "slot": "time", "start": 93}]}], "speaker": "SYSTEM", "utterance": "Sorry, but I was unable to book your table for 3 at Chaparral. Should I try for March 6th at 11 am?"}, {"frames": [{"actions": [{"act": "AFFIRM", "canonical_values": [], "slot": "", "values": []}], "service": "Restaurants_2", "slots": [], "state": {"active_intent": "ReserveRestaurant", "requested_slots": [], "slot_values": {"category": ["Barbecue"], "date": ["March 6th", "the 6th"], "location": ["SF", "San Francisco"], "number_of_seats": ["3"], "price_range": ["cheap"], "restaurant_name": ["Chaparral"], "time": ["11 am"]}}}], "speaker": "USER", "utterance": "Yes, that will work."}, {"frames": [{"actions": [{"act": "NOTIFY_SUCCESS", "canonical_values": [], "slot": "", "values": []}], "service": "Restaurants_2", "service_call": {"method": "ReserveRestaurant", "parameters": {"date": "2019-03-06", "location": "San Francisco", "number_of_seats": "3", "restaurant_name": "Chaparral", "time": "11:00"}}, "service_results": [{"address": "471 Haight Street", "category": "American", "date": "2019-03-06", "has_seating_outdoors": "False", "has_vegetarian_options": "True", "location": "San Francisco", "number_of_seats": "3", "phone_number": "415-793-9016", "price_range": "cheap", "rating": "5.00", "restaurant_name": "Chaparral", "time": "11:00"}], "slots": []}], "speaker": "SYSTEM", "utterance": "Your reservation has been confirmed."}, {"frames": [{"actions": [{"act": "THANK_YOU", "canonical_values": [], "slot": "", "values": []}], "service": "Restaurants_2", "slots": [], "state": {"active_intent": "ReserveRestaurant", "requested_slots": [], "slot_values": {"category": ["Barbecue"], "date": ["March 6th", "the 6th"], "location": ["SF", "San Francisco"], "number_of_seats": ["3"], "price_range": ["cheap"], "restaurant_name": ["Chaparral"], "time": ["11 am"]}}}], "speaker": "USER", "utterance": "Thank you so much."}, {"frames": [{"actions": [{"act": "REQ_MORE", "canonical_values": [], "slot": "", "values": []}], "service": "Restaurants_2", "slots": []}], "speaker": "SYSTEM", "utterance": "Is there anything else that I can help you with?"}, {"frames": [{"actions": [{"act": "INFORM_INTENT", "canonical_values": ["GetRide"], "slot": "intent", "values": ["GetRide"]}], "service": "RideSharing_2", "slots": [], "state": {"active_intent": "GetRide", "requested_slots": [], "slot_values": {"number_of_seats": ["3"]}}}], "speaker": "USER", "utterance": "Yes, get me a cab to the restaurant."}, {"frames": [{"actions": [{"act": "REQUEST", "canonical_values": ["471 Haight Street"], "slot": "destination", "values": ["471 Haight Street"]}, {"act": "REQUEST", "canonical_values": ["Pool", "Regular"], "slot": "ride_type", "values": ["Pool", "Regular"]}], "service": "RideSharing_2", "slots": [{"exclusive_end": 35, "slot": "destination", "start": 18}]}], "speaker": "SYSTEM", "utterance": "You need a cab to 471 Haight Street? What type of ride do you need, Pool, Regular or something else?"}, {"frames": [{"actions": [{"act": "INFORM", "canonical_values": ["Pool"], "slot": "ride_type", "values": ["Pool"]}, {"act": "AFFIRM", "canonical_values": [], "slot": "", "values": []}], "service": "RideSharing_2", "slots": [], "state": {"active_intent": "GetRide", "requested_slots": [], "slot_values": {"destination": ["471 Haight Street"], "number_of_seats": ["3"], "ride_type": ["Pool"]}}}], "speaker": "USER", "utterance": "Yes I want a Shared ride to that address."}, {"frames": [{"actions": [{"act": "CONFIRM", "canonical_values": ["471 Haight Street"], "slot": "destination", "values": ["471 Haight Street"]}, {"act": "CONFIRM", "canonical_values": ["3"], "slot": "number_of_seats", "values": ["3"]}, {"act": "CONFIRM", "canonical_values": ["Pool"], "slot": "ride_type", "values": ["Pool"]}], "service": "RideSharing_2", "slots": [{"exclusive_end": 68, "slot": "destination", "start": 51}]}], "speaker": "SYSTEM", "utterance": "Can you confirm that you want a Pool ride for 3 to 471 Haight Street?"}, {"frames": [{"actions": [{"act": "REQUEST", "canonical_values": [], "slot": "wait_time", "values": []}, {"act": "REQUEST", "canonical_values": [], "slot": "ride_fare", "values": []}, {"act": "AFFIRM", "canonical_values": [], "slot": "", "values": []}], "service": "RideSharing_2", "slots": [], "state": {"active_intent": "GetRide", "requested_slots": ["ride_fare", "wait_time"], "slot_values": {"destination": ["471 Haight Street"], "number_of_seats": ["3"], "ride_type": ["Pool"]}}}], "speaker": "USER", "utterance": "Yes, that is fine. How long will the cab be? How much will it cost?"}, {"frames": [{"actions": [{"act": "INFORM", "canonical_values": ["6"], "slot": "wait_time", "values": ["6"]}, {"act": "INFORM", "canonical_values": ["18.52"], "slot": "ride_fare", "values": ["$18.52"]}, {"act": "NOTIFY_SUCCESS", "canonical_values": [], "slot": "", "values": []}], "service": "RideSharing_2", "service_call": {"method": "GetRide", "parameters": {"destination": "471 Haight Street", "number_of_seats": "3", "ride_type": "Pool"}}, "service_results": [{"destination": "471 Haight Street", "number_of_seats": "3", "ride_fare": "18.52", "ride_type": "Pool", "wait_time": "6"}], "slots": [{"exclusive_end": 59, "slot": "wait_time", "start": 58}, {"exclusive_end": 92, "slot": "ride_fare", "start": 86}]}], "speaker": "SYSTEM", "utterance": "I have successfully booked your cab and it will arrive in 6 minutes. It will cost you $18.52."}, {"frames": [{"actions": [{"act": "THANK_YOU", "canonical_values": [], "slot": "", "values": []}], "service": "RideSharing_2", "slots": [], "state": {"active_intent": "GetRide", "requested_slots": [], "slot_values": {"destination": ["471 Haight Street"], "number_of_seats": ["3"], "ride_type": ["Pool"]}}}], "speaker": "USER", "utterance": "Thanks a lot."}, {"frames": [{"actions": [{"act": "REQ_MORE", "canonical_values": [], "slot": "", "values": []}], "service": "RideSharing_2", "slots": []}], "speaker": "SYSTEM", "utterance": "Is there anything else?"}, {"frames": [{"actions": [{"act": "NEGATE", "canonical_values": [], "slot": "", "values": []}, {"act": "THANK_YOU", "canonical_values": [], "slot": "", "values": []}], "service": "RideSharing_2", "slots": [], "state": {"active_intent": "NONE", "requested_slots": [], "slot_values": {"destination": ["471 Haight Street"], "number_of_seats": ["3"], "ride_type": ["Pool"]}}}], "speaker": "USER", "utterance": "No, thanks for your help."}, {"frames": [{"actions": [{"act": "GOODBYE", "canonical_values": [], "slot": "", "values": []}], "service": "RideSharing_2", "slots": []}], "speaker": "SYSTEM", "utterance": "You're welcome. Have a wonderful day!"}]}, {"dialogue_id": "19_00001", "services": ["Restaurants_2", "RideSharing_2"], "turns": [{"frames": [{"actions": [{"act": "INFORM_INTENT", "canonical_values": ["FindRestaurants"], "slot": "intent", "values": ["FindRestaurants"]}], "service": "Restaurants_2", "slots": [], "state": {"active_intent": "FindRestaurants", "requested_slots": [], "slot_values": {}}}], "speaker": "USER", "utterance": "I need a place to eat."}, {"frames": [{"actions": [{"act": "REQUEST", "canonical_values": [], "slot": "location", "values": []}, {"act": "REQUEST", "canonical_values": [], "slot": "category", "values": []}], "service": "Restaurants_2", "slots": []}], "speaker": "SYSTEM", "utterance": "What location and kind of food are you seeking?"}, {"frames": [{"actions": [{"act": "INFORM", "canonical_values": ["American"], "slot": "category", "values": ["barbecue"]}, {"act": "INFORM", "canonical_values": ["Berkeley"], "slot": "location", "values": ["Berkeley"]}], "service": "Restaurants_2", "slots": [{"exclusive_end": 53, "slot": "category", "start": 45}, {"exclusive_end": 36, "slot": "location", "start": 28}], "state": {"active_intent": "FindRestaurants", "requested_slots": [], "slot_values": {"category": ["barbecue"], "location": ["Berkeley"]}}}], "speaker": "USER", "utterance": "Please find a restaurant in Berkeley serving barbecue."}, {"frames": [{"actions": [{"act": "OFFER", "canonical_values": ["B&b Kitchen & Wine Bar"], "slot": "restaurant_name", "values": ["B&b kitchen & Wine Bar"]}, {"act": "OFFER", "canonical_values": ["Berkeley"], "slot": "location", "values": ["Berkeley"]}], "service": "Restaurants_2", "service_call": {"method": "FindRestaurants", "parameters": {"category": "American", "location": "Berkeley"}}, "service_results": [{"address": "2116 Shattuck Avenue", "category": "American", "has_seating_outdoors": "True", "has_vegetarian_options": "True", "location": "Berkeley", "phone_number": "510-647-9329", "price_range": "moderate", "rating": "4.20", "restaurant_name": "B&b Kitchen & Wine Bar"}, {"address": "5900 College Avenue", "category": "American", "has_seating_outdoors": "True", "has_vegetarian_options": "False", "location": "Berkeley", "phone_number": "510-338-3464", "price_range": "moderate", "rating": "4.20", "restaurant_name": "Beer Baron Bar & Kitchen"}, {"address": "2068 Center Street", "category": "American", "has_seating_outdoors": "False", "has_vegetarian_options": "False", "location": "Berkeley", "phone_number": "510-809-8282", "price_range": "moderate", "rating": "4.30", "restaurant_name": "Eureka!"}, {"address": "2600 Durant Avenue", "category": "American", "has_seating_outdoors": "False", "has_vegetarian_options": "True", "location": "Berkeley", "phone_number": "510-809-4132", "price_range": "moderate", "rating": "4.00", "restaurant_name": "Henry's"}, {"address": "2181 Shattuck Avenue", "category": "American", "has_seating_outdoors": "True", "has_vegetarian_options": "False", "location": "Berkeley", "phone_number": "510-843-8277", "price_range": "moderate", "rating": "4.50", "restaurant_name": "Jupiter"}, {"address": "1329 Gilman Street", "category": "American", "has_seating_outdoors": "False", "has_vegetarian_options": "True", "location": "Berkeley", "phone_number": "510-527-9838", "price_range": "pricey", "rating": "4.30", "restaurant_name": "Lalime's"}, {"address": "41 Tunnel Road", "category": "American", "has_seating_outdoors": "True", "has_vegetarian_options": "False", "location": "Berkeley", "phone_number": "510-549-8585", "price_range": "pricey", "rating": "4.20", "restaurant_name": "Limewood Bar & Restaurant"}, {"address": "1508 Walnut Street B", "category": "American", "has_seating_outdoors": "True", "has_vegetarian_options": "False", "location": "Berkeley", "phone_number": "510-280-5920", "price_range": "moderate", "rating": "4.10", "restaurant_name": "Nico's 1508"}, {"address": "2102 Shattuck Avenue", "category": "American", "has_seating_outdoors": "False", "has_vegetarian_options": "False", "location": "Berkeley", "phone_number": "510-549-9950", "price_range": "moderate", "rating": "4.20", "restaurant_name": "Revival Bar + Kitchen"}, {"address": "1407 San Pablo Avenue", "category": "American", "has_seating_outdoors": "False", "has_vegetarian_options": "True", "location": "Berkeley", "phone_number": "510-524-3400", "price_range": "moderate", "rating": "4.50", "restaurant_name": "Stella Nonna"}], "slots": [{"exclusive_end": 22, "slot": "restaurant_name", "start": 0}, {"exclusive_end": 62, "slot": "location", "start": 54}]}], "speaker": "SYSTEM", "utterance": "B&b kitchen & Wine Bar is nice and is a restaurant in Berkeley."}, {"frames": [{"actions": [{"act": "REQUEST", "canonical_values": [], "slot": "phone_number", "values": []}, {"act": "REQUEST", "canonical_values": [], "slot": "price_range", "values": []}], "service": "Restaurants_2", "slots": [], "state": {"active_intent": "FindRestaurants", "requested_slots": ["phone_number", "price_range"], "slot_values": {"category": ["barbecue"], "location": ["Berkeley"]}}}], "speaker": "USER", "utterance": "What is the phone number and are they expensive in the restaurant?"}, {"frames": [{"actions": [{"act": "INFORM", "canonical_values": ["moderate"], "slot": "price_range", "values": ["moderate"]}, {"act": "INFORM", "canonical_values": ["510-647-9329"], "slot": "phone_number", "values": ["510-647-9329"]}], "service": "Restaurants_2", "slots": [{"exclusive_end": 65, "slot": "phone_number", "start": 53}]}], "speaker": "SYSTEM", "utterance": "The restaurant is moderate and has a phone number of 510-647-9329."}, {"frames": [{"actions": [{"act": "SELECT", "canonical_values": [], "slot": "", "values": []}], "service": "Restaurants_2", "slots": [], "state": {"active_intent": "FindRestaurants", "requested_slots": [], "slot_values": {"category": ["barbecue"], "location": ["Berkeley"], "restaurant_name": ["B&b kitchen & Wine Bar"]}}}], "speaker": "USER", "utterance": "Yes, that is great."}, {"frames": [{"actions": [{"act": "OFFER_INTENT", "canonical_values": ["ReserveRestaurant"], "slot": "intent", "values": ["ReserveRestaurant"]}], "service": "Restaurants_2", "slots": []}], "speaker": "SYSTEM", "utterance": "Do you wish to reserve a table here?"}, {"frames": [{"actions": [{"act": "AFFIRM_INTENT", "canonical_values": [], "slot": "", "values": []}, {"act": "INFORM", "canonical_values": ["4"], "slot": "number_of_seats", "values": ["4"]}, {"act": "INFORM", "canonical_values": ["2019-03-13"], "slot": "date", "values": ["March 13th"]}, {"act": "INFORM", "canonical_values": ["19:00"], "slot": "time", "values": ["7 in the evening"]}], "service": "Restaurants_2", "slots": [{"exclusive_end": 59, "slot": "date", "start": 49}, {"exclusive_end": 79, "slot": "time", "start": 63}], "state": {"active_intent": "ReserveRestaurant", "requested_slots": [], "slot_values": {"category": ["barbecue"], "date": ["March 13th"], "location": ["Berkeley"], "number_of_seats": ["4"], "restaurant_name": ["B&b kitchen & Wine Bar"], "time": ["7 in the evening"]}}}], "speaker": "USER", "utterance": "Yes, I'd like to reserve a table for four people March 13th at 7 in the evening."}, {"frames": [{"actions": [{"act": "CONFIRM", "canonical_values": ["B&b Kitchen & Wine Bar"], "slot": "restaurant_name", "values": ["B&b kitchen & Wine Bar"]}, {"act": "CONFIRM", "canonical_values": ["Berkeley"], "slot": "location", "values": ["Berkeley"]}, {"act": "CONFIRM", "canonical_values": ["19:00"], "slot": "time", "values": ["7 pm"]}, {"act": "CONFIRM", "canonical_values": ["4"], "slot": "number_of_seats", "values": ["4"]}, {"act": "CONFIRM", "canonical_values": ["2019-03-13"], "slot": "date", "values": ["March 13th"]}], "service": "Restaurants_2", "slots": [{"exclusive_end": 92, "slot": "restaurant_name", "start": 70}, {"exclusive_end": 104, "slot": "location", "start": 96}, {"exclusive_end": 66, "slot": "time", "start": 62}, {"exclusive_end": 58, "slot": "date", "start": 48}]}], "speaker": "SYSTEM", "utterance": "Please confirm details to book a table for 4 on March 13th at 7 pm at B&b kitchen & Wine Bar in Berkeley."}, {"frames": [{"actions": [{"act": "REQUEST", "canonical_values": [], "slot": "address", "values": []}, {"act": "AFFIRM", "canonical_values": [], "slot": "", "values": []}], "service": "Restaurants_2", "slots": [], "state": {"active_intent": "ReserveRestaurant", "requested_slots": ["address"], "slot_values": {"category": ["barbecue"], "date": ["March 13th"], "location": ["Berkeley"], "number_of_seats": ["4"], "restaurant_name": ["B&b kitchen & Wine Bar"], "time": ["7 in the evening", "7 pm"]}}}], "speaker": "USER", "utterance": "Yes, that will work and what is the address?"}, {"frames": [{"actions": [{"act": "INFORM", "canonical_values": ["2116 Shattuck Avenue"], "slot": "address", "values": ["2116 Shattuck Avenue"]}, {"act": "NOTIFY_SUCCESS", "canonical_values": [], "slot": "", "values": []}], "service": "Restaurants_2", "service_call": {"method": "ReserveRestaurant", "parameters": {"date": "2019-03-13", "location": "Berkeley", "number_of_seats": "4", "restaurant_name": "B&b Kitchen & Wine Bar", "time": "19:00"}}, "service_results": [{"address": "2116 Shattuck Avenue", "category": "American", "date": "2019-03-13", "has_seating_outdoors": "True", "has_vegetarian_options": "True", "location": "Berkeley", "number_of_seats": "4", "phone_number": "510-647-9329", "price_range": "moderate", "rating": "4.20", "restaurant_name": "B&b Kitchen & Wine Bar", "time": "19:00"}], "slots": [{"exclusive_end": 75, "slot": "address", "start": 55}]}], "speaker": "SYSTEM", "utterance": "The reservation is a success and the street address is 2116 Shattuck Avenue."}, {"frames": [{"actions": [{"act": "REQUEST", "canonical_values": [], "slot": "has_vegetarian_options", "values": []}], "service": "Restaurants_2", "slots": [], "state": {"active_intent": "ReserveRestaurant", "requested_slots": ["has_vegetarian_options"], "slot_values": {"category": ["barbecue"], "date": ["March 13th"], "location": ["Berkeley"], "number_of_seats": ["4"], "restaurant_name": ["B&b kitchen & Wine Bar"], "time": ["7 in the evening", "7 pm"]}}}], "speaker": "USER", "utterance": "Are there vegetarian options on the menu?"}, {"frames": [{"actions": [{"act": "INFORM", "canonical_values": ["True"], "slot": "has_vegetarian_options", "values": ["True"]}], "service": "Restaurants_2", "slots": []}], "speaker": "SYSTEM", "utterance": "They have some good options that are vegetarian."}, {"frames": [{"actions": [{"act": "THANK_YOU", "canonical_values": [], "slot": "", "values": []}], "service": "Restaurants_2", "slots": [], "state": {"active_intent": "ReserveRestaurant", "requested_slots": [], "slot_values": {"category": ["barbecue"], "date": ["March 13th"], "location": ["Berkeley"], "number_of_seats": ["4"], "restaurant_name": ["B&b kitchen & Wine Bar"], "time": ["7 in the evening", "7 pm"]}}}, {"actions": [{"act": "INFORM_INTENT", "canonical_values": ["GetRide"], "slot": "intent", "values": ["GetRide"]}], "service": "RideSharing_2", "slots": [], "state": {"active_intent": "GetRide", "requested_slots": [], "slot_values": {"destination": ["2116 Shattuck Avenue"], "number_of_seats": ["4"]}}}], "speaker": "USER", "utterance": "Thanks so much and can you get me a cab there?"}, {"frames": [{"actions": [{"act": "REQUEST", "canonical_values": [], "slot": "ride_type", "values": []}], "service": "RideSharing_2", "slots": []}], "speaker": "SYSTEM", "utterance": "Would you have a preferred type of ride?"}, {"frames": [{"actions": [{"act": "INFORM", "canonical_values": ["3"], "slot": "number_of_seats", "values": ["3"]}, {"act": "INFORM", "canonical_values": ["Pool"], "slot": "ride_type", "values": ["Pool"]}], "service": "RideSharing_2", "slots": [], "state": {"active_intent": "GetRide", "requested_slots": [], "slot_values": {"destination": ["2116 Shattuck Avenue"], "number_of_seats": ["3"], "ride_type": ["Pool"]}}}], "speaker": "USER", "utterance": "I will be in a group of 3 that is the cheapest ride."}, {"frames": [{"actions": [{"act": "CONFIRM", "canonical_values": ["2116 Shattuck Avenue"], "slot": "destination", "values": ["2116 Shattuck Avenue"]}, {"act": "CONFIRM", "canonical_values": ["3"], "slot": "number_of_seats", "values": ["3"]}, {"act": "CONFIRM", "canonical_values": ["Pool"], "slot": "ride_type", "values": ["Pool"]}], "service": "RideSharing_2", "slots": [{"exclusive_end": 57, "slot": "destination", "start": 37}]}], "speaker": "SYSTEM", "utterance": "Please confirm details for a ride to 2116 Shattuck Avenue for 3 seats pool ride."}, {"frames": [{"actions": [{"act": "AFFIRM", "canonical_values": [], "slot": "", "values": []}], "service": "RideSharing_2", "slots": [], "state": {"active_intent": "GetRide", "requested_slots": [], "slot_values": {"destination": ["2116 Shattuck Avenue"], "number_of_seats": ["3"], "ride_type": ["Pool"]}}}], "speaker": "USER", "utterance": "Yes, that will work for me."}, {"frames": [{"actions": [{"act": "NOTIFY_SUCCESS", "canonical_values": [], "slot": "", "values": []}], "service": "RideSharing_2", "service_call": {"method": "GetRide", "parameters": {"destination": "2116 Shattuck Avenue", "number_of_seats": "3", "ride_type": "Pool"}}, "service_results": [{"destination": "2116 Shattuck Avenue", "number_of_seats": "3", "ride_fare": "29.48", "ride_type": "Pool", "wait_time": "4"}], "slots": []}], "speaker": "SYSTEM", "utterance": "I have a cab booked for the ride and its on its way."}, {"frames": [{"actions": [{"act": "THANK_YOU", "canonical_values": [], "slot": "", "values": []}], "service": "RideSharing_2", "slots": [], "state": {"active_intent": "GetRide", "requested_slots": [], "slot_values": {"destination": ["2116 Shattuck Avenue"], "number_of_seats": ["3"], "ride_type": ["Pool"]}}}], "speaker": "USER", "utterance": "Thanks so much for your help."}, {"frames": [{"actions": [{"act": "REQ_MORE", "canonical_values": [], "slot": "", "values": []}], "service": "RideSharing_2", "slots": []}], "speaker": "SYSTEM", "utterance": "Would I be able to help you with anything else?"}, {"frames": [{"actions": [{"act": "NEGATE", "canonical_values": [], "slot": "", "values": []}, {"act": "THANK_YOU", "canonical_values": [], "slot": "", "values": []}], "service": "RideSharing_2", "slots": [], "state": {"active_intent": "NONE", "requested_slots": [], "slot_values": {"destination": ["2116 Shattuck Avenue"], "number_of_seats": ["3"], "ride_type": ["Pool"]}}}], "speaker": "USER", "utterance": "No thanks for your help a lot."}, {"frames": [{"actions": [{"act": "GOODBYE", "canonical_values": [], "slot": "", "values": []}], "service": "RideSharing_2", "slots": []}], "speaker": "SYSTEM", "utterance": "Have a nice day."}]}, {"dialogue_id": "19_00002", "services": ["Restaurants_2", "RideSharing_2"], "turns": [{"frames": [{"actions": [{"act": "INFORM", "canonical_values": ["Vietnamese"], "slot": "category", "values": ["Pho"]}, {"act": "INFORM_INTENT", "canonical_values": ["FindRestaurants"], "slot": "intent", "values": ["FindRestaurants"]}], "service": "Restaurants_2", "slots": [{"exclusive_end": 68, "slot": "category", "start": 65}], "state": {"active_intent": "FindRestaurants", "requested_slots": [], "slot_values": {"category": ["Pho"]}}}], "speaker": "USER", "utterance": "Find a place where I can get a bite to eat please. I really like Pho cuisine."}, {"frames": [{"actions": [{"act": "REQUEST", "canonical_values": [], "slot": "location", "values": []}], "service": "Restaurants_2", "slots": []}], "speaker": "SYSTEM", "utterance": "Is there an area you would like me to search?"}, {"frames": [{"actions": [{"act": "INFORM", "canonical_values": ["San Francisco"], "slot": "location", "values": ["San Fran"]}], "service": "Restaurants_2", "slots": [{"exclusive_end": 19, "slot": "location", "start": 11}], "state": {"active_intent": "FindRestaurants", "requested_slots": [], "slot_values": {"category": ["Pho"], "location": ["San Fran"]}}}], "speaker": "USER", "utterance": "A joint in San Fran is preferred."}, {"frames": [{"actions": [{"act": "OFFER", "canonical_values": ["Anh Hong"], "slot": "restaurant_name", "values": ["Anh Hong"]}, {"act": "OFFER", "canonical_values": ["San Francisco"], "slot": "location", "values": ["San Francisco"]}], "service": "Restaurants_2", "service_call": {"method": "FindRestaurants", "parameters": {"category": "Vietnamese", "location": "San Francisco"}}, "service_results": [{"address": "808 Geary Street", "category": "Vietnamese", "has_seating_outdoors": "False", "has_vegetarian_options": "False", "location": "San Francisco", "phone_number": "415-885-5180", "price_range": "moderate", "rating": "4.40", "restaurant_name": "Anh Hong"}, {"address": "2327 Polk Street", "category": "Vietnamese", "has_seating_outdoors": "False", "has_vegetarian_options": "True", "location": "San Francisco", "phone_number": "415-928-4977", "price_range": "moderate", "rating": "4.10", "restaurant_name": "Aux Delices"}, {"address": "1653 Polk Street", "category": "Vietnamese", "has_seating_outdoors": "False", "has_vegetarian_options": "True", "location": "San Francisco", "phone_number": "415-292-6161", "price_range": "moderate", "rating": "4.30", "restaurant_name": "Co Nam"}, {"address": "655 Townsend Street", "category": "Vietnamese", "has_seating_outdoors": "False", "has_vegetarian_options": "False", "location": "San Francisco", "phone_number": "415-724-2325", "price_range": "pricey", "rating": "4.70", "restaurant_name": "Khai"}, {"address": "5830 Geary Boulevard", "category": "Vietnamese", "has_seating_outdoors": "False", "has_vegetarian_options": "False", "location": "San Francisco", "phone_number": "415-668-8080", "price_range": "cheap", "rating": "4.00", "restaurant_name": "La Vie"}, {"address": "1416 Powell Street", "category": "Vietnamese", "has_seating_outdoors": "False", "has_vegetarian_options": "False", "location": "San Francisco", "phone_number": "415-397-2290", "price_range": "cheap", "rating": "4.20", "restaurant_name": "Lai Hong Lounge"}, {"address": "3216 Mission Street", "category": "Vietnamese", "has_seating_outdoors": "False", "has_vegetarian_options": "True", "location": "San Francisco", "phone_number": "415-282-9088", "price_range": "cheap", "rating": "3.90", "restaurant_name": "Lotus Garden Vietnamese Cuisine"}, {"address": "4101 Judah Street", "category": "Vietnamese", "has_seating_outdoors": "False", "has_vegetarian_options": "False", "location": "San Francisco", "phone_number": "415-665-1146", "price_range": "pricey", "rating": "4.50", "restaurant_name": "Thanh Long Restaurant"}, {"address": "One Ferry Building #3", "category": "Vietnamese", "has_seating_outdoors": "True", "has_vegetarian_options": "False", "location": "San Francisco", "phone_number": "415-861-8032", "price_range": "pricey", "rating": "4.30", "restaurant_name": "The Slanted Door"}, {"address": "191 Pine Street", "category": "Vietnamese", "has_seating_outdoors": "False", "has_vegetarian_options": "False", "location": "San Francisco", "phone_number": "415-982-9828", "price_range": "moderate", "rating": "3.80", "restaurant_name": "Unicorn Pan-asian Cuisine"}], "slots": [{"exclusive_end": 34, "slot": "restaurant_name", "start": 26}, {"exclusive_end": 76, "slot": "location", "start": 63}]}], "speaker": "SYSTEM", "utterance": "One idea is eating at the Anh Hong restaurant. They are in the San Francisco area."}, {"frames": [{"actions": [{"act": "REQUEST", "canonical_values": [], "slot": "has_seating_outdoors", "values": []}, {"act": "REQUEST", "canonical_values": [], "slot": "phone_number", "values": []}], "service": "Restaurants_2", "slots": [], "state": {"active_intent": "FindRestaurants", "requested_slots": ["has_seating_outdoors", "phone_number"], "slot_values": {"category": ["Pho"], "location": ["San Fran", "San Francisco"]}}}], "speaker": "USER", "utterance": "Is there patio type dining available at the location? I would also like a number to contact the restaurant please."}, {"frames": [{"actions": [{"act": "INFORM", "canonical_values": ["False"], "slot": "has_seating_outdoors", "values": ["False"]}, {"act": "INFORM", "canonical_values": ["415-885-5180"], "slot": "phone_number", "values": ["415-885-5180"]}], "service": "Restaurants_2", "slots": [{"exclusive_end": 78, "slot": "phone_number", "start": 66}]}], "speaker": "SYSTEM", "utterance": "They only serve inside the building. You can call them by dialing 415-885-5180."}, {"frames": [{"actions": [{"act": "SELECT", "canonical_values": [], "slot": "", "values": []}], "service": "Restaurants_2", "slots": [], "state": {"active_intent": "FindRestaurants", "requested_slots": [], "slot_values": {"category": ["Pho"], "location": ["San Fran", "San Francisco"], "restaurant_name": ["Anh Hong"]}}}], "speaker": "USER", "utterance": "I see. Thanks."}, {"frames": [{"actions": [{"act": "OFFER_INTENT", "canonical_values": ["ReserveRestaurant"], "slot": "intent", "values": ["ReserveRestaurant"]}], "service": "Restaurants_2", "slots": []}], "speaker": "SYSTEM", "utterance": "I would be happy to make a reservation for you."}, {"frames": [{"actions": [{"act": "AFFIRM_INTENT", "canonical_values": [], "slot": "", "values": []}, {"act": "INFORM", "canonical_values": ["19:30"], "slot": "time", "values": ["19:30"]}], "service": "Restaurants_2", "slots": [{"exclusive_end": 59, "slot": "time", "start": 54}], "state": {"active_intent": "ReserveRestaurant", "requested_slots": [], "slot_values": {"category": ["Pho"], "location": ["San Fran", "San Francisco"], "restaurant_name": ["Anh Hong"], "time": ["19:30"]}}}], "speaker": "USER", "utterance": "Thank you very much, please do. I would like table at 19:30."}, {"frames": [{"actions": [{"act": "CONFIRM", "canonical_values": ["Anh Hong"], "slot": "restaurant_name", "values": ["Anh Hong"]}, {"act": "CONFIRM", "canonical_values": ["San Francisco"], "slot": "location", "values": ["San Francisco"]}, {"act": "CONFIRM", "canonical_values": ["19:30"], "slot": "time", "values": ["7:30 pm"]}, {"act": "CONFIRM", "canonical_values": ["2"], "slot": "number_of_seats", "values": ["2"]}, {"act": "CONFIRM", "canonical_values": ["2019-03-01"], "slot": "date", "values": ["March 1st"]}], "service": "Restaurants_2", "slots": [{"exclusive_end": 92, "slot": "restaurant_name", "start": 84}, {"exclusive_end": 115, "slot": "location", "start": 102}, {"exclusive_end": 166, "slot": "time", "start": 159}, {"exclusive_end": 181, "slot": "date", "start": 172}]}], "speaker": "SYSTEM", "utterance": "I want to make sure I understand your request. One reservation is to be made at the Anh Hong joint in San Francisco. The table will be for 2. The time will be 7:30 pm this March 1st."}, {"frames": [{"actions": [{"act": "AFFIRM", "canonical_values": [], "slot": "", "values": []}], "service": "Restaurants_2", "slots": [], "state": {"active_intent": "ReserveRestaurant", "requested_slots": [], "slot_values": {"category": ["Pho"], "date": ["March 1st"], "location": ["San Fran", "San Francisco"], "number_of_seats": ["2"], "restaurant_name": ["Anh Hong"], "time": ["19:30", "7:30 pm"]}}}], "speaker": "USER", "utterance": "Thank you for checking. Everything is right."}, {"frames": [{"actions": [{"act": "NOTIFY_SUCCESS", "canonical_values": [], "slot": "", "values": []}], "service": "Restaurants_2", "service_call": {"method": "ReserveRestaurant", "parameters": {"date": "2019-03-01", "location": "San Francisco", "number_of_seats": "2", "restaurant_name": "Anh Hong", "time": "19:30"}}, "service_results": [{"address": "808 Geary Street", "category": "Vietnamese", "date": "2019-03-01", "has_seating_outdoors": "False", "has_vegetarian_options": "False", "location": "San Francisco", "number_of_seats": "2", "phone_number": "415-885-5180", "price_range": "moderate", "rating": "4.40", "restaurant_name": "Anh Hong", "time": "19:30"}], "slots": []}], "speaker": "SYSTEM", "utterance": "Your table has been saved for you."}, {"frames": [{"actions": [{"act": "REQUEST", "canonical_values": ["cheap"], "slot": "price_range", "values": ["cheap"]}, {"act": "REQUEST", "canonical_values": [], "slot": "rating", "values": []}], "service": "Restaurants_2", "slots": [], "state": {"active_intent": "ReserveRestaurant", "requested_slots": ["price_range", "rating"], "slot_values": {"category": ["Pho"], "date": ["March 1st"], "location": ["San Fran", "San Francisco"], "number_of_seats": ["2"], "restaurant_name": ["Anh Hong"], "time": ["19:30", "7:30 pm"]}}}], "speaker": "USER", "utterance": "Is the price range expensive or cheap. Does the joint have a user rating?"}, {"frames": [{"actions": [{"act": "INFORM", "canonical_values": ["moderate"], "slot": "price_range", "values": ["moderate"]}, {"act": "INFORM", "canonical_values": ["4.40"], "slot": "rating", "values": ["4.4"]}], "service": "Restaurants_2", "slots": [{"exclusive_end": 60, "slot": "rating", "start": 57}]}], "speaker": "SYSTEM", "utterance": "Their prices fall in the moderate range. Their rating is 4.4."}, {"frames": [{"actions": [{"act": "THANK_YOU", "canonical_values": [], "slot": "", "values": []}], "service": "Restaurants_2", "slots": [], "state": {"active_intent": "ReserveRestaurant", "requested_slots": [], "slot_values": {"category": ["Pho"], "date": ["March 1st"], "location": ["San Fran", "San Francisco"], "number_of_seats": ["2"], "restaurant_name": ["Anh Hong"], "time": ["19:30", "7:30 pm"]}}}], "speaker": "USER", "utterance": "I see. Once again I would like to express my gratitude for your excellent assistance."}, {"frames": [{"actions": [{"act": "REQ_MORE", "canonical_values": [], "slot": "", "values": []}], "service": "Restaurants_2", "slots": []}], "speaker": "SYSTEM", "utterance": "My pleasure. I am able to assist you with other tasks if you like."}, {"frames": [{"actions": [{"act": "INFORM", "canonical_values": ["808 Geary Street"], "slot": "destination", "values": ["808 Geary Street"]}, {"act": "INFORM", "canonical_values": ["2"], "slot": "number_of_seats", "values": ["2"]}, {"act": "INFORM", "canonical_values": ["Regular"], "slot": "ride_type", "values": ["Regular"]}, {"act": "INFORM_INTENT", "canonical_values": ["GetRide"], "slot": "intent", "values": ["GetRide"]}], "service": "RideSharing_2", "slots": [{"exclusive_end": 95, "slot": "destination", "start": 79}], "state": {"active_intent": "GetRide", "requested_slots": [], "slot_values": {"destination": ["808 Geary Street"], "number_of_seats": ["2"], "ride_type": ["Regular"]}}}], "speaker": "USER", "utterance": "I would like further assistance. I am looking for a Normal ride for 2 of us to 808 Geary Street."}, {"frames": [{"actions": [{"act": "CONFIRM", "canonical_values": ["808 Geary Street"], "slot": "destination", "values": ["808 Geary Street"]}, {"act": "CONFIRM", "canonical_values": ["2"], "slot": "number_of_seats", "values": ["2"]}, {"act": "CONFIRM", "canonical_values": ["Regular"], "slot": "ride_type", "values": ["Regular"]}], "service": "RideSharing_2", "slots": [{"exclusive_end": 71, "slot": "destination", "start": 55}]}], "speaker": "SYSTEM", "utterance": "Great. I will search for a Regular ride for 2 going to 808 Geary Street if my details are correct?"}, {"frames": [{"actions": [{"act": "AFFIRM", "canonical_values": [], "slot": "", "values": []}], "service": "RideSharing_2", "slots": [], "state": {"active_intent": "GetRide", "requested_slots": [], "slot_values": {"destination": ["808 Geary Street"], "number_of_seats": ["2"], "ride_type": ["Regular"]}}}], "speaker": "USER", "utterance": "That is exactly what I need help with."}, {"frames": [{"actions": [{"act": "NOTIFY_SUCCESS", "canonical_values": [], "slot": "", "values": []}], "service": "RideSharing_2", "service_call": {"method": "GetRide", "parameters": {"destination": "808 Geary Street", "number_of_seats": "2", "ride_type": "Regular"}}, "service_results": [{"destination": "808 Geary Street", "number_of_seats": "2", "ride_fare": "33.62", "ride_type": "Regular", "wait_time": "4"}], "slots": []}], "speaker": "SYSTEM", "utterance": "A taxi will be arriving soon."}, {"frames": [{"actions": [{"act": "THANK_YOU", "canonical_values": [], "slot": "", "values": []}, {"act": "GOODBYE", "canonical_values": [], "slot": "", "values": []}], "service": "RideSharing_2", "slots": [], "state": {"active_intent": "GetRide", "requested_slots": [], "slot_values": {"destination": ["808 Geary Street"], "number_of_seats": ["2"], "ride_type": ["Regular"]}}}], "speaker": "USER", "utterance": "Once again I am grateful fr your help. Have a good one!"}, {"frames": [{"actions": [{"act": "GOODBYE", "canonical_values": [], "slot": "", "values": []}], "service": "RideSharing_2", "slots": []}], "speaker": "SYSTEM", "utterance": "Enjoy dinner tonight!"}]}, {"dialogue_id": "19_00003", "services": ["Restaurants_2", "RideSharing_2"], "turns": [{"frames": [{"actions": [{"act": "INFORM", "canonical_values": ["moderate"], "slot": "price_range", "values": ["moderate"]}, {"act": "INFORM", "canonical_values": ["Moroccan"], "slot": "category", "values": ["Moroccan"]}, {"act": "INFORM_INTENT", "canonical_values": ["FindRestaurants"], "slot": "intent", "values": ["FindRestaurants"]}], "service": "Restaurants_2", "slots": [{"exclusive_end": 47, "slot": "category", "start": 39}], "state": {"active_intent": "FindRestaurants", "requested_slots": [], "slot_values": {"category": ["Moroccan"], "price_range": ["moderate"]}}}], "speaker": "USER", "utterance": "Hi! Can you help me find an economical Moroccan restaurant?"}, {"frames": [{"actions": [{"act": "REQUEST", "canonical_values": [], "slot": "location", "values": []}], "service": "Restaurants_2", "slots": []}], "speaker": "SYSTEM", "utterance": "I'd be happy to help. Where would you like me to search?"}, {"frames": [{"actions": [{"act": "INFORM", "canonical_values": ["San Francisco"], "slot": "location", "values": ["San Francisco"]}], "service": "Restaurants_2", "slots": [{"exclusive_end": 41, "slot": "location", "start": 28}], "state": {"active_intent": "FindRestaurants", "requested_slots": [], "slot_values": {"category": ["Moroccan"], "location": ["San Francisco"], "price_range": ["moderate"]}}}], "speaker": "USER", "utterance": "I need to find something in San Francisco."}, {"frames": [{"actions": [{"act": "OFFER", "canonical_values": ["El Mansour"], "slot": "restaurant_name", "values": ["El Mansour"]}, {"act": "OFFER", "canonical_values": ["San Francisco"], "slot": "location", "values": ["San Francisco"]}, {"act": "INFORM_COUNT", "canonical_values": ["3"], "slot": "count", "values": ["3"]}], "service": "Restaurants_2", "service_call": {"method": "FindRestaurants", "parameters": {"category": "Moroccan", "location": "San Francisco", "price_range": "moderate"}}, "service_results": [{"address": "3119 Clement Street", "category": "Moroccan", "has_seating_outdoors": "False", "has_vegetarian_options": "False", "location": "San Francisco", "phone_number": "415-751-2312", "price_range": "moderate", "rating": "4.50", "restaurant_name": "El Mansour"}, {"address": "1503 15th Street", "category": "Moroccan", "has_seating_outdoors": "True", "has_vegetarian_options": "True", "location": "San Francisco", "phone_number": "628-233-1503", "price_range": "moderate", "rating": "4.40", "restaurant_name": "Khamsa"}, {"address": "419 O'Farrell Street", "category": "Moroccan", "has_seating_outdoors": "False", "has_vegetarian_options": "False", "location": "San Francisco", "phone_number": "415-776-1538", "price_range": "moderate", "rating": "3.80", "restaurant_name": "Marrakech"}], "slots": [{"exclusive_end": 61, "slot": "restaurant_name", "start": 51}, {"exclusive_end": 78, "slot": "location", "start": 65}]}], "speaker": "SYSTEM", "utterance": "There are 3 that meet your criteria. May I suggest El Mansour in San Francisco?"}, {"frames": [{"actions": [{"act": "INFORM_INTENT", "canonical_values": ["ReserveRestaurant"], "slot": "intent", "values": ["ReserveRestaurant"]}, {"act": "SELECT", "canonical_values": [], "slot": "", "values": []}], "service": "Restaurants_2", "slots": [], "state": {"active_intent": "ReserveRestaurant", "requested_slots": [], "slot_values": {"category": ["Moroccan"], "location": ["San Francisco"], "price_range": ["moderate"], "restaurant_name": ["El Mansour"]}}}], "speaker": "USER", "utterance": "That sounds nice. Can you reserve a table for me?"}, {"frames": [{"actions": [{"act": "REQUEST", "canonical_values": [], "slot": "time", "values": []}], "service": "Restaurants_2", "slots": []}], "speaker": "SYSTEM", "utterance": "Of course. What time works best for you?"}, {"frames": [{"actions": [{"act": "INFORM", "canonical_values": ["11:15"], "slot": "time", "values": ["11:15 in the morning"]}], "service": "Restaurants_2", "slots": [{"exclusive_end": 39, "slot": "time", "start": 19}], "state": {"active_intent": "ReserveRestaurant", "requested_slots": [], "slot_values": {"category": ["Moroccan"], "location": ["San Francisco"], "price_range": ["moderate"], "restaurant_name": ["El Mansour"], "time": ["11:15 in the morning"]}}}], "speaker": "USER", "utterance": "Please make it for 11:15 in the morning."}, {"frames": [{"actions": [{"act": "CONFIRM", "canonical_values": ["El Mansour"], "slot": "restaurant_name", "values": ["El Mansour"]}, {"act": "CONFIRM", "canonical_values": ["San Francisco"], "slot": "location", "values": ["San Francisco"]}, {"act": "CONFIRM", "canonical_values": ["11:15"], "slot": "time", "values": ["11:15 am"]}, {"act": "CONFIRM", "canonical_values": ["2"], "slot": "number_of_seats", "values": ["2"]}, {"act": "CONFIRM", "canonical_values": ["2019-03-01"], "slot": "date", "values": ["March 1st"]}], "service": "Restaurants_2", "slots": [{"exclusive_end": 49, "slot": "restaurant_name", "start": 39}, {"exclusive_end": 66, "slot": "location", "start": 53}, {"exclusive_end": 78, "slot": "time", "start": 70}, {"exclusive_end": 91, "slot": "date", "start": 82}]}], "speaker": "SYSTEM", "utterance": "You'd like to reserve a table for 2 at El Mansour in San Francisco at 11:15 am on March 1st. Is this correct?"}, {"frames": [{"actions": [{"act": "REQUEST", "canonical_values": [], "slot": "address", "values": []}, {"act": "AFFIRM", "canonical_values": [], "slot": "", "values": []}], "service": "Restaurants_2", "slots": [], "state": {"active_intent": "ReserveRestaurant", "requested_slots": ["address"], "slot_values": {"category": ["Moroccan"], "date": ["March 1st"], "location": ["San Francisco"], "number_of_seats": ["2"], "price_range": ["moderate"], "restaurant_name": ["El Mansour"], "time": ["11:15 am", "11:15 in the morning"]}}}], "speaker": "USER", "utterance": "Yes, that's correct. Can you tell me the address of the restaurant?"}, {"frames": [{"actions": [{"act": "INFORM", "canonical_values": ["3119 Clement Street"], "slot": "address", "values": ["3119 Clement Street"]}, {"act": "OFFER", "canonical_values": ["El Mansour"], "slot": "restaurant_name", "values": ["El Mansour"]}, {"act": "OFFER", "canonical_values": ["2"], "slot": "number_of_seats", "values": ["2"]}, {"act": "OFFER", "canonical_values": ["2019-03-01"], "slot": "date", "values": ["March 1st"]}, {"act": "OFFER", "canonical_values": ["11:30"], "slot": "time", "values": ["11:30 am"]}, {"act": "NOTIFY_FAILURE", "canonical_values": [], "slot": "", "values": []}], "service": "Restaurants_2", "service_call": {"method": "ReserveRestaurant", "parameters": {"date": "2019-03-01", "location": "San Francisco", "number_of_seats": "2", "restaurant_name": "El Mansour", "time": "11:15"}}, "service_results": [{"address": "3119 Clement Street", "category": "Moroccan", "date": "2019-03-01", "has_seating_outdoors": "False", "has_vegetarian_options": "False", "location": "San Francisco", "number_of_seats": "2", "phone_number": "415-751-2312", "price_range": "moderate", "rating": "4.50", "restaurant_name": "El Mansour", "time": "11:30"}], "slots": [{"exclusive_end": 39, "slot": "address", "start": 20}, {"exclusive_end": 66, "slot": "restaurant_name", "start": 56}, {"exclusive_end": 168, "slot": "date", "start": 159}, {"exclusive_end": 180, "slot": "time", "start": 172}]}], "speaker": "SYSTEM", "utterance": "They are located at 3119 Clement Street. Unfortunately, El Mansour does not have a table available at that time. Would you like me to try for a table for 2 on March 1st at 11:30 am instead?"}, {"frames": [{"actions": [{"act": "AFFIRM", "canonical_values": [], "slot": "", "values": []}], "service": "Restaurants_2", "slots": [], "state": {"active_intent": "ReserveRestaurant", "requested_slots": [], "slot_values": {"category": ["Moroccan"], "date": ["March 1st"], "location": ["San Francisco"], "number_of_seats": ["2"], "price_range": ["moderate"], "restaurant_name": ["El Mansour"], "time": ["11:30 am"]}}}], "speaker": "USER", "utterance": "That would be fine."}, {"frames": [{"actions": [{"act": "NOTIFY_SUCCESS", "canonical_values": [], "slot": "", "values": []}], "service": "Restaurants_2", "service_call": {"method": "ReserveRestaurant", "parameters": {"date": "2019-03-01", "location": "San Francisco", "number_of_seats": "2", "restaurant_name": "El Mansour", "time": "11:30"}}, "service_results": [{"address": "3119 Clement Street", "category": "Moroccan", "date": "2019-03-01", "has_seating_outdoors": "False", "has_vegetarian_options": "False", "location": "San Francisco", "number_of_seats": "2", "phone_number": "415-751-2312", "price_range": "moderate", "rating": "4.50", "restaurant_name": "El Mansour", "time": "11:30"}], "slots": []}], "speaker": "SYSTEM", "utterance": "Great! Your table has been reserved."}, {"frames": [{"actions": [{"act": "INFORM", "canonical_values": ["Luxury"], "slot": "ride_type", "values": ["Luxury"]}, {"act": "INFORM_INTENT", "canonical_values": ["GetRide"], "slot": "intent", "values": ["GetRide"]}], "service": "RideSharing_2", "slots": [], "state": {"active_intent": "GetRide", "requested_slots": [], "slot_values": {"destination": ["3119 Clement Street"], "number_of_seats": ["2"], "ride_type": ["Luxury"]}}}], "speaker": "USER", "utterance": "I'd like to get a cab ride there but I'd prefer an expensive car."}, {"frames": [{"actions": [{"act": "CONFIRM", "canonical_values": ["3119 Clement Street"], "slot": "destination", "values": ["3119 Clement Street"]}, {"act": "CONFIRM", "canonical_values": ["2"], "slot": "number_of_seats", "values": ["2"]}, {"act": "CONFIRM", "canonical_values": ["Luxury"], "slot": "ride_type", "values": ["Luxury"]}], "service": "RideSharing_2", "slots": [{"exclusive_end": 53, "slot": "destination", "start": 34}]}], "speaker": "SYSTEM", "utterance": "You'd like a luxury ride for 2 to 3119 Clement Street. Is that correct?"}, {"frames": [{"actions": [{"act": "AFFIRM", "canonical_values": [], "slot": "", "values": []}], "service": "RideSharing_2", "slots": [], "state": {"active_intent": "GetRide", "requested_slots": [], "slot_values": {"destination": ["3119 Clement Street"], "number_of_seats": ["2"], "ride_type": ["Luxury"]}}}], "speaker": "USER", "utterance": "That is correct."}, {"frames": [{"actions": [{"act": "NOTIFY_SUCCESS", "canonical_values": [], "slot": "", "values": []}], "service": "RideSharing_2", "service_call": {"method": "GetRide", "parameters": {"destination": "3119 Clement Street", "number_of_seats": "2", "ride_type": "Luxury"}}, "service_results": [{"destination": "3119 Clement Street", "number_of_seats": "2", "ride_fare": "43.50", "ride_type": "Luxury", "wait_time": "7"}], "slots": []}], "speaker": "SYSTEM", "utterance": "Your cab is on the way."}, {"frames": [{"actions": [{"act": "REQUEST", "canonical_values": [], "slot": "wait_time", "values": []}], "service": "RideSharing_2", "slots": [], "state": {"active_intent": "GetRide", "requested_slots": ["wait_time"], "slot_values": {"destination": ["3119 Clement Street"], "number_of_seats": ["2"], "ride_type": ["Luxury"]}}}], "speaker": "USER", "utterance": "Can you tell me the estimated arrival time?"}, {"frames": [{"actions": [{"act": "INFORM", "canonical_values": ["7"], "slot": "wait_time", "values": ["7"]}], "service": "RideSharing_2", "slots": [{"exclusive_end": 22, "slot": "wait_time", "start": 21}]}], "speaker": "SYSTEM", "utterance": "It should be here in 7 minutes."}, {"frames": [{"actions": [{"act": "REQUEST", "canonical_values": [], "slot": "ride_fare", "values": []}], "service": "RideSharing_2", "slots": [], "state": {"active_intent": "GetRide", "requested_slots": ["ride_fare"], "slot_values": {"destination": ["3119 Clement Street"], "number_of_seats": ["2"], "ride_type": ["Luxury"]}}}], "speaker": "USER", "utterance": "What will the total be?"}, {"frames": [{"actions": [{"act": "INFORM", "canonical_values": ["43.50"], "slot": "ride_fare", "values": ["$43.50"]}], "service": "RideSharing_2", "slots": [{"exclusive_end": 45, "slot": "ride_fare", "start": 39}]}], "speaker": "SYSTEM", "utterance": "The total cost of the cab ride will be $43.50."}, {"frames": [{"actions": [{"act": "THANK_YOU", "canonical_values": [], "slot": "", "values": []}, {"act": "GOODBYE", "canonical_values": [], "slot": "", "values": []}], "service": "RideSharing_2", "slots": [], "state": {"active_intent": "GetRide", "requested_slots": [], "slot_values": {"destination": ["3119 Clement Street"], "number_of_seats": ["2"], "ride_type": ["Luxury"]}}}], "speaker": "USER", "utterance": "Perfect. Thanks for the assistance."}, {"frames": [{"actions": [{"act": "GOODBYE", "canonical_values": [], "slot": "", "values": []}], "service": "RideSharing_2", "slots": []}], "speaker": "SYSTEM", "utterance": "You're welcome. Have a nice day!"}]}, {"dialogue_id": "19_00004", "services": ["Restaurants_2", "RideSharing_2"], "turns": [{"frames": [{"actions": [{"act": "INFORM_INTENT", "canonical_values": ["FindRestaurants"], "slot": "intent", "values": ["FindRestaurants"]}], "service": "Restaurants_2", "slots": [], "state": {"active_intent": "FindRestaurants", "requested_slots": [], "slot_values": {}}}], "speaker": "USER", "utterance": "I would like to look up some places to eat please."}, {"frames": [{"actions": [{"act": "REQUEST", "canonical_values": [], "slot": "location", "values": []}, {"act": "REQUEST", "canonical_values": [], "slot": "category", "values": []}], "service": "Restaurants_2", "slots": []}], "speaker": "SYSTEM", "utterance": "Sure, I can help you with that. What city would you like to search? I will also need to know what type of food your interested in?"}, {"frames": [{"actions": [{"act": "INFORM", "canonical_values": ["moderate"], "slot": "price_range", "values": ["moderate"]}, {"act": "INFORM", "canonical_values": ["Asian"], "slot": "category", "values": ["Oriental"]}, {"act": "INFORM", "canonical_values": ["Mountain View"], "slot": "location", "values": ["Mountain View"]}], "service": "Restaurants_2", "slots": [{"exclusive_end": 19, "slot": "category", "start": 11}, {"exclusive_end": 79, "slot": "location", "start": 66}], "state": {"active_intent": "FindRestaurants", "requested_slots": [], "slot_values": {"category": ["Oriental"], "location": ["Mountain View"], "price_range": ["moderate"]}}}], "speaker": "USER", "utterance": "Let's pull Oriental restaurants that are moderate in price in the Mountain View area."}, {"frames": [{"actions": [{"act": "OFFER", "canonical_values": ["Hangen Szechuan"], "slot": "restaurant_name", "values": ["Hangen Szechuan"]}, {"act": "OFFER", "canonical_values": ["Mountain View"], "slot": "location", "values": ["Mountain View"]}], "service": "Restaurants_2", "service_call": {"method": "FindRestaurants", "parameters": {"category": "Asian", "location": "Mountain View", "price_range": "moderate"}}, "service_results": [{"address": "134 Castro Street", "category": "Asian", "has_seating_outdoors": "False", "has_vegetarian_options": "True", "location": "Mountain View", "phone_number": "650-964-8881", "price_range": "moderate", "rating": "3.80", "restaurant_name": "Hangen Szechuan"}, {"address": "485 Castro Street", "category": "Asian", "has_seating_outdoors": "False", "has_vegetarian_options": "True", "location": "Mountain View", "phone_number": "650-965-1059", "price_range": "moderate", "rating": "3.90", "restaurant_name": "Kirin"}, {"address": "975 West Dana Street", "category": "Asian", "has_seating_outdoors": "False", "has_vegetarian_options": "False", "location": "Mountain View", "phone_number": "650-960-0626", "price_range": "moderate", "rating": "4.50", "restaurant_name": "Yakko"}], "slots": [{"exclusive_end": 90, "slot": "restaurant_name", "start": 75}, {"exclusive_end": 67, "slot": "location", "start": 54}]}], "speaker": "SYSTEM", "utterance": "Sure, one moment. I've located a great one for you in Mountain View called Hangen Szechuan. How does this sound?"}, {"frames": [{"actions": [{"act": "SELECT", "canonical_values": [], "slot": "", "values": []}], "service": "Restaurants_2", "slots": [], "state": {"active_intent": "FindRestaurants", "requested_slots": [], "slot_values": {"category": ["Oriental"], "location": ["Mountain View"], "price_range": ["moderate"], "restaurant_name": ["Hangen Szechuan"]}}}], "speaker": "USER", "utterance": "Perfect, I appreciate that!"}, {"frames": [{"actions": [{"act": "OFFER_INTENT", "canonical_values": ["ReserveRestaurant"], "slot": "intent", "values": ["ReserveRestaurant"]}], "service": "Restaurants_2", "slots": []}], "speaker": "SYSTEM", "utterance": "No problem! Should we book a table at this time?"}, {"frames": [{"actions": [{"act": "AFFIRM_INTENT", "canonical_values": [], "slot": "", "values": []}], "service": "Restaurants_2", "slots": [], "state": {"active_intent": "ReserveRestaurant", "requested_slots": [], "slot_values": {"category": ["Oriental"], "location": ["Mountain View"], "price_range": ["moderate"], "restaurant_name": ["Hangen Szechuan"]}}}], "speaker": "USER", "utterance": "Yes, Let's reserve the table now."}, {"frames": [{"actions": [{"act": "REQUEST", "canonical_values": [], "slot": "time", "values": []}], "service": "Restaurants_2", "slots": []}], "speaker": "SYSTEM", "utterance": "Ok, what time should we reserve for?"}, {"frames": [{"actions": [{"act": "INFORM", "canonical_values": ["12:00"], "slot": "time", "values": ["twelve in the afternoon"]}], "service": "Restaurants_2", "slots": [{"exclusive_end": 38, "slot": "time", "start": 15}], "state": {"active_intent": "ReserveRestaurant", "requested_slots": [], "slot_values": {"category": ["Oriental"], "location": ["Mountain View"], "price_range": ["moderate"], "restaurant_name": ["Hangen Szechuan"], "time": ["twelve in the afternoon"]}}}], "speaker": "USER", "utterance": "I would prefer twelve in the afternoon if possible."}, {"frames": [{"actions": [{"act": "CONFIRM", "canonical_values": ["Hangen Szechuan"], "slot": "restaurant_name", "values": ["Hangen Szechuan"]}, {"act": "CONFIRM", "canonical_values": ["Mountain View"], "slot": "location", "values": ["Mountain View"]}, {"act": "CONFIRM", "canonical_values": ["12:00"], "slot": "time", "values": ["12 pm"]}, {"act": "CONFIRM", "canonical_values": ["2"], "slot": "number_of_seats", "values": ["2"]}, {"act": "CONFIRM", "canonical_values": ["2019-03-01"], "slot": "date", "values": ["March 1st"]}], "service": "Restaurants_2", "slots": [{"exclusive_end": 120, "slot": "restaurant_name", "start": 105}, {"exclusive_end": 148, "slot": "location", "start": 135}, {"exclusive_end": 97, "slot": "time", "start": 92}, {"exclusive_end": 88, "slot": "date", "start": 79}]}], "speaker": "SYSTEM", "utterance": "Sure thing, please go ahead and confirm we are booking a table for 2 people on March 1st at 12 pm at the Hangen Szechuan restaurant in Mountain View. Is this correct?"}, {"frames": [{"actions": [{"act": "AFFIRM", "canonical_values": [], "slot": "", "values": []}], "service": "Restaurants_2", "slots": [], "state": {"active_intent": "ReserveRestaurant", "requested_slots": [], "slot_values": {"category": ["Oriental"], "date": ["March 1st"], "location": ["Mountain View"], "number_of_seats": ["2"], "price_range": ["moderate"], "restaurant_name": ["Hangen Szechuan"], "time": ["12 pm", "twelve in the afternoon"]}}}], "speaker": "USER", "utterance": "Yes, that is perfect!"}, {"frames": [{"actions": [{"act": "NOTIFY_SUCCESS", "canonical_values": [], "slot": "", "values": []}], "service": "Restaurants_2", "service_call": {"method": "ReserveRestaurant", "parameters": {"date": "2019-03-01", "location": "Mountain View", "number_of_seats": "2", "restaurant_name": "Hangen Szechuan", "time": "12:00"}}, "service_results": [{"address": "134 Castro Street", "category": "Asian", "date": "2019-03-01", "has_seating_outdoors": "False", "has_vegetarian_options": "True", "location": "Mountain View", "number_of_seats": "2", "phone_number": "650-964-8881", "price_range": "moderate", "rating": "3.80", "restaurant_name": "Hangen Szechuan", "time": "12:00"}], "slots": []}], "speaker": "SYSTEM", "utterance": "Great, your reservation was created successfully."}, {"frames": [{"actions": [{"act": "THANK_YOU", "canonical_values": [], "slot": "", "values": []}], "service": "Restaurants_2", "slots": [], "state": {"active_intent": "ReserveRestaurant", "requested_slots": [], "slot_values": {"category": ["Oriental"], "date": ["March 1st"], "location": ["Mountain View"], "number_of_seats": ["2"], "price_range": ["moderate"], "restaurant_name": ["Hangen Szechuan"], "time": ["12 pm", "twelve in the afternoon"]}}}, {"actions": [{"act": "INFORM", "canonical_values": ["134 Castro Street"], "slot": "destination", "values": ["134 Castro Street"]}, {"act": "INFORM", "canonical_values": ["Luxury"], "slot": "ride_type", "values": ["Luxury"]}, {"act": "INFORM_INTENT", "canonical_values": ["GetRide"], "slot": "intent", "values": ["GetRide"]}], "service": "RideSharing_2", "slots": [{"exclusive_end": 95, "slot": "destination", "start": 78}], "state": {"active_intent": "GetRide", "requested_slots": [], "slot_values": {"destination": ["134 Castro Street"], "number_of_seats": ["2"], "ride_type": ["Luxury"]}}}], "speaker": "USER", "utterance": "Thanks, let's also set up a cab as well to get there. I would like to ride to 134 Castro Street, let's also make sure this is an expensive ride too!"}, {"frames": [{"actions": [{"act": "CONFIRM", "canonical_values": ["134 Castro Street"], "slot": "destination", "values": ["134 Castro Street"]}, {"act": "CONFIRM", "canonical_values": ["2"], "slot": "number_of_seats", "values": ["2"]}, {"act": "CONFIRM", "canonical_values": ["Luxury"], "slot": "ride_type", "values": ["Luxury"]}], "service": "RideSharing_2", "slots": [{"exclusive_end": 99, "slot": "destination", "start": 82}]}], "speaker": "SYSTEM", "utterance": "Alright, please confirm we are setting up a Luxury ride for 2 passengers to go to 134 Castro Street. Is this detail correct?"}, {"frames": [{"actions": [{"act": "REQUEST", "canonical_values": [], "slot": "ride_fare", "values": []}, {"act": "AFFIRM", "canonical_values": [], "slot": "", "values": []}], "service": "RideSharing_2", "slots": [], "state": {"active_intent": "GetRide", "requested_slots": ["ride_fare"], "slot_values": {"destination": ["134 Castro Street"], "number_of_seats": ["2"], "ride_type": ["Luxury"]}}}], "speaker": "USER", "utterance": "Yes it is. Find out how much the ride will cost please."}, {"frames": [{"actions": [{"act": "INFORM", "canonical_values": ["22.71"], "slot": "ride_fare", "values": ["$22.71"]}, {"act": "NOTIFY_SUCCESS", "canonical_values": [], "slot": "", "values": []}], "service": "RideSharing_2", "service_call": {"method": "GetRide", "parameters": {"destination": "134 Castro Street", "number_of_seats": "2", "ride_type": "Luxury"}}, "service_results": [{"destination": "134 Castro Street", "number_of_seats": "2", "ride_fare": "22.71", "ride_type": "Luxury", "wait_time": "7"}], "slots": [{"exclusive_end": 103, "slot": "ride_fare", "start": 97}]}], "speaker": "SYSTEM", "utterance": "Great news, I've booked your ride and the cab is on it's way now. The total for the ride will be $22.71"}, {"frames": [{"actions": [{"act": "THANK_YOU", "canonical_values": [], "slot": "", "values": []}, {"act": "GOODBYE", "canonical_values": [], "slot": "", "values": []}], "service": "RideSharing_2", "slots": [], "state": {"active_intent": "GetRide", "requested_slots": [], "slot_values": {"destination": ["134 Castro Street"], "number_of_seats": ["2"], "ride_type": ["Luxury"]}}}], "speaker": "USER", "utterance": "Great, thanks for that. Good bye!"}, {"frames": [{"actions": [{"act": "GOODBYE", "canonical_values": [], "slot": "", "values": []}], "service": "RideSharing_2", "slots": []}], "speaker": "SYSTEM", "utterance": "Your welcome, Good bye!"}]}]