[{"dialogue_id": "4_00000", "services": ["Restaurants_1"], "turns": [{"frames": [{"actions": [{"act": "INFORM_INTENT", "canonical_values": ["ReserveRestaurant"], "slot": "intent", "values": ["ReserveRestaurant"]}], "service": "Restaurants_1", "slots": [], "state": {"active_intent": "ReserveRestaurant", "requested_slots": [], "slot_values": {}}}], "speaker": "USER", "utterance": "I need to make a reservation for a lunch date"}, {"frames": [{"actions": [{"act": "REQUEST", "canonical_values": [], "slot": "time", "values": []}, {"act": "REQUEST", "canonical_values": [], "slot": "city", "values": []}], "service": "Restaurants_1", "slots": []}], "speaker": "SYSTEM", "utterance": "What time should the reservation be for and what city?"}, {"frames": [{"actions": [{"act": "INFORM", "canonical_values": ["San Bruno"], "slot": "city", "values": ["San Bruno"]}, {"act": "INFORM", "canonical_values": ["11:15"], "slot": "time", "values": ["quarter past 11 in the morning"]}], "service": "Restaurants_1", "slots": [{"exclusive_end": 17, "slot": "city", "start": 8}, {"exclusive_end": 69, "slot": "time", "start": 39}], "state": {"active_intent": "ReserveRestaurant", "requested_slots": [], "slot_values": {"city": ["San Bruno"], "time": ["quarter past 11 in the morning"]}}}], "speaker": "USER", "utterance": "Look in San Bruno for a reservation at quarter past 11 in the morning"}, {"frames": [{"actions": [{"act": "REQUEST", "canonical_values": [], "slot": "restaurant_name", "values": []}], "service": "Restaurants_1", "slots": []}], "speaker": "SYSTEM", "utterance": "What is the name of the restaurant you prefer?"}, {"frames": [{"actions": [{"act": "INFORM", "canonical_values": ["Bj's Restaurant & Brewhouse"], "slot": "restaurant_name", "values": ["Bj's"]}], "service": "Restaurants_1", "slots": [{"exclusive_end": 4, "slot": "restaurant_name", "start": 0}], "state": {"active_intent": "ReserveRestaurant", "requested_slots": [], "slot_values": {"city": ["San Bruno"], "restaurant_name": ["Bj's"], "time": ["quarter past 11 in the morning"]}}}], "speaker": "USER", "utterance": "Bj's is my first choice"}, {"frames": [{"actions": [{"act": "CONFIRM", "canonical_values": ["Bj's Restaurant & Brewhouse"], "slot": "restaurant_name", "values": ["Bj's restaurant & Brewhouse"]}, {"act": "CONFIRM", "canonical_values": ["San Bruno"], "slot": "city", "values": ["San Bruno"]}, {"act": "CONFIRM", "canonical_values": ["11:15"], "slot": "time", "values": ["11:15 am"]}, {"act": "CONFIRM", "canonical_values": ["2019-03-01"], "slot": "date", "values": ["today"]}, {"act": "CONFIRM", "canonical_values": ["2"], "slot": "party_size", "values": ["2"]}], "service": "Restaurants_1", "slots": [{"exclusive_end": 27, "slot": "restaurant_name", "start": 0}, {"exclusive_end": 40, "slot": "city", "start": 31}, {"exclusive_end": 52, "slot": "time", "start": 44}, {"exclusive_end": 58, "slot": "date", "start": 53}]}], "speaker": "SYSTEM", "utterance": "Bj's restaurant & Brewhouse in San Bruno at 11:15 am today for 2 guest. Is that correct?"}, {"frames": [{"actions": [{"act": "AFFIRM", "canonical_values": [], "slot": "", "values": []}], "service": "Restaurants_1", "slots": [], "state": {"active_intent": "ReserveRestaurant", "requested_slots": [], "slot_values": {"city": ["San Bruno"], "date": ["today"], "party_size": ["2"], "restaurant_name": ["Bj's", "Bj's restaurant & Brewhouse"], "time": ["11:15 am", "quarter past 11 in the morning"]}}}], "speaker": "USER", "utterance": "Yes that is correct."}, {"frames": [{"actions": [{"act": "OFFER", "canonical_values": ["Bj's Restaurant & Brewhouse"], "slot": "restaurant_name", "values": ["Bj's Restaurant & Brewhouse"]}, {"act": "OFFER", "canonical_values": ["2"], "slot": "party_size", "values": ["2"]}, {"act": "OFFER", "canonical_values": ["2019-03-01"], "slot": "date", "values": ["today"]}, {"act": "OFFER", "canonical_values": ["11:30"], "slot": "time", "values": ["11:30 am"]}, {"act": "NOTIFY_FAILURE", "canonical_values": [], "slot": "", "values": []}], "service": "Restaurants_1", "service_call": {"method": "ReserveRestaurant", "parameters": {"city": "San Bruno", "date": "2019-03-01", "party_size": "2", "restaurant_name": "Bj's Restaurant & Brewhouse", "time": "11:15"}}, "service_results": [{"city": "San Bruno", "cuisine": "Take-out", "date": "2019-03-01", "has_live_music": "False", "party_size": "2", "phone_number": "650-243-4530", "price_range": "moderate", "restaurant_name": "Bj's Restaurant & Brewhouse", "serves_alcohol": "True", "street_address": "1140 El Camino Real Suite 271", "time": "11:30"}], "slots": [{"exclusive_end": 70, "slot": "restaurant_name", "start": 43}, {"exclusive_end": 120, "slot": "date", "start": 115}, {"exclusive_end": 132, "slot": "time", "start": 124}]}], "speaker": "SYSTEM", "utterance": "The 11:15 am reservation is unavailable at Bj's Restaurant & Brewhouse. Shall I check for a open reservation for 2 today at 11:30 am ."}, {"frames": [{"actions": [{"act": "AFFIRM", "canonical_values": [], "slot": "", "values": []}], "service": "Restaurants_1", "slots": [], "state": {"active_intent": "ReserveRestaurant", "requested_slots": [], "slot_values": {"city": ["San Bruno"], "date": ["today"], "party_size": ["2"], "restaurant_name": ["Bj's", "Bj's Restaurant & Brewhouse", "Bj's restaurant & Brewhouse"], "time": ["11:30 am"]}}}], "speaker": "USER", "utterance": "Please check that for me."}, {"frames": [{"actions": [{"act": "NOTIFY_SUCCESS", "canonical_values": [], "slot": "", "values": []}], "service": "Restaurants_1", "service_call": {"method": "ReserveRestaurant", "parameters": {"city": "San Bruno", "date": "2019-03-01", "party_size": "2", "restaurant_name": "Bj's Restaurant & Brewhouse", "time": "11:30"}}, "service_results": [{"city": "San Bruno", "cuisine": "Take-out", "date": "2019-03-01", "has_live_music": "False", "party_size": "2", "phone_number": "650-243-4530", "price_range": "moderate", "restaurant_name": "Bj's Restaurant & Brewhouse", "serves_alcohol": "True", "street_address": "1140 El Camino Real Suite 271", "time": "11:30"}], "slots": []}], "speaker": "SYSTEM", "utterance": "You have reservations at 11:30 am for 2 today confirmed"}, {"frames": [{"actions": [{"act": "THANK_YOU", "canonical_values": [], "slot": "", "values": []}, {"act": "GOODBYE", "canonical_values": [], "slot": "", "values": []}], "service": "Restaurants_1", "slots": [], "state": {"active_intent": "ReserveRestaurant", "requested_slots": [], "slot_values": {"city": ["San Bruno"], "date": ["today"], "party_size": ["2"], "restaurant_name": ["Bj's", "Bj's Restaurant & Brewhouse", "Bj's restaurant & Brewhouse"], "time": ["11:30 am"]}}}], "speaker": "USER", "utterance": "Thank you for suggesting another time. That is all for now"}, {"frames": [{"actions": [{"act": "GOODBYE", "canonical_values": [], "slot": "", "values": []}], "service": "Restaurants_1", "slots": []}], "speaker": "SYSTEM", "utterance": "Have a good lunch."}]}, {"dialogue_id": "4_00001", "services": ["Restaurants_1"], "turns": [{"frames": [{"actions": [{"act": "INFORM_INTENT", "canonical_values": ["ReserveRestaurant"], "slot": "intent", "values": ["ReserveRestaurant"]}], "service": "Restaurants_1", "slots": [], "state": {"active_intent": "ReserveRestaurant", "requested_slots": [], "slot_values": {}}}], "speaker": "USER", "utterance": "I would like to make a restaurant reservation."}, {"frames": [{"actions": [{"act": "REQUEST", "canonical_values": [], "slot": "city", "values": []}, {"act": "REQUEST", "canonical_values": [], "slot": "time", "values": []}, {"act": "REQUEST", "canonical_values": [], "slot": "restaurant_name", "values": []}], "service": "Restaurants_1", "slots": []}], "speaker": "SYSTEM", "utterance": "In which city should I search and at what time? Do you have a preferred restaurant?"}, {"frames": [{"actions": [{"act": "INFORM", "canonical_values": ["2019-03-12"], "slot": "date", "values": ["12th of this month"]}, {"act": "INFORM", "canonical_values": ["Firehouse Grill & Brewery"], "slot": "restaurant_name", "values": ["Firehouse Grill"]}, {"act": "INFORM", "canonical_values": ["Sunnyvale"], "slot": "city", "values": ["Sunnyvale"]}, {"act": "INFORM", "canonical_values": ["18:45"], "slot": "time", "values": ["6:45 pm"]}], "service": "Restaurants_1", "slots": [{"exclusive_end": 107, "slot": "date", "start": 89}, {"exclusive_end": 57, "slot": "restaurant_name", "start": 42}, {"exclusive_end": 70, "slot": "city", "start": 61}, {"exclusive_end": 81, "slot": "time", "start": 74}], "state": {"active_intent": "ReserveRestaurant", "requested_slots": [], "slot_values": {"city": ["Sunnyvale"], "date": ["12th of this month"], "restaurant_name": ["Firehouse Grill"], "time": ["6:45 pm"]}}}], "speaker": "USER", "utterance": "I would like to make a reservation at the Firehouse Grill in Sunnyvale at 6:45 pm on the 12th of this month."}, {"frames": [{"actions": [{"act": "CONFIRM", "canonical_values": ["Firehouse Grill & Brewery"], "slot": "restaurant_name", "values": ["Firehouse Grill & Brewery"]}, {"act": "CONFIRM", "canonical_values": ["Sunnyvale"], "slot": "city", "values": ["sunnyvale"]}, {"act": "CONFIRM", "canonical_values": ["18:45"], "slot": "time", "values": ["6:45 pm"]}, {"act": "CONFIRM", "canonical_values": ["2019-03-12"], "slot": "date", "values": ["March 12th"]}, {"act": "CONFIRM", "canonical_values": ["2"], "slot": "party_size", "values": ["2"]}], "service": "Restaurants_1", "slots": [{"exclusive_end": 84, "slot": "restaurant_name", "start": 59}, {"exclusive_end": 97, "slot": "city", "start": 88}, {"exclusive_end": 108, "slot": "time", "start": 101}, {"exclusive_end": 122, "slot": "date", "start": 112}]}], "speaker": "SYSTEM", "utterance": "Please confirm you would like to book a table for 2 at the Firehouse Grill & Brewery in sunnyvale at 6:45 pm on March 12th."}, {"frames": [{"actions": [{"act": "REQUEST", "canonical_values": [], "slot": "serves_alcohol", "values": []}, {"act": "REQUEST", "canonical_values": ["Italian"], "slot": "cuisine", "values": ["Pizza and Pasta"]}, {"act": "AFFIRM", "canonical_values": [], "slot": "", "values": []}], "service": "Restaurants_1", "slots": [{"exclusive_end": 34, "slot": "cuisine", "start": 19}], "state": {"active_intent": "ReserveRestaurant", "requested_slots": ["cuisine", "serves_alcohol"], "slot_values": {"city": ["Sunnyvale", "sunnyvale"], "date": ["12th of this month", "March 12th"], "party_size": ["2"], "restaurant_name": ["Firehouse Grill", "Firehouse Grill & Brewery"], "time": ["6:45 pm"]}}}], "speaker": "USER", "utterance": "Yes. Do they serve Pizza and Pasta, and also liquor?"}, {"frames": [{"actions": [{"act": "INFORM", "canonical_values": ["American"], "slot": "cuisine", "values": ["American"]}, {"act": "INFORM", "canonical_values": ["True"], "slot": "serves_alcohol", "values": ["True"]}, {"act": "NOTIFY_SUCCESS", "canonical_values": [], "slot": "", "values": []}], "service": "Restaurants_1", "service_call": {"method": "ReserveRestaurant", "parameters": {"city": "Sunnyvale", "date": "2019-03-12", "party_size": "2", "restaurant_name": "Firehouse Grill & Brewery", "time": "18:45"}}, "service_results": [{"city": "Sunnyvale", "cuisine": "American", "date": "2019-03-12", "has_live_music": "True", "party_size": "2", "phone_number": "408-773-9500", "price_range": "moderate", "restaurant_name": "Firehouse Grill & Brewery", "serves_alcohol": "True", "street_address": "111 South Murphy Avenue", "time": "19:00"}], "slots": [{"exclusive_end": 50, "slot": "cuisine", "start": 42}]}], "speaker": "SYSTEM", "utterance": "Your reservation is confirmed. They serve American food and they do serve alcohol."}, {"frames": [{"actions": [{"act": "THANK_YOU", "canonical_values": [], "slot": "", "values": []}], "service": "Restaurants_1", "slots": [], "state": {"active_intent": "ReserveRestaurant", "requested_slots": [], "slot_values": {"city": ["Sunnyvale", "sunnyvale"], "date": ["12th of this month", "March 12th"], "party_size": ["2"], "restaurant_name": ["Firehouse Grill", "Firehouse Grill & Brewery"], "time": ["6:45 pm"]}}}], "speaker": "USER", "utterance": "Thank you very much!"}, {"frames": [{"actions": [{"act": "REQ_MORE", "canonical_values": [], "slot": "", "values": []}], "service": "Restaurants_1", "slots": []}], "speaker": "SYSTEM", "utterance": "May I help you with anything else?"}, {"frames": [{"actions": [{"act": "NEGATE", "canonical_values": [], "slot": "", "values": []}, {"act": "THANK_YOU", "canonical_values": [], "slot": "", "values": []}], "service": "Restaurants_1", "slots": [], "state": {"active_intent": "NONE", "requested_slots": [], "slot_values": {"city": ["Sunnyvale", "sunnyvale"], "date": ["12th of this month", "March 12th"], "party_size": ["2"], "restaurant_name": ["Firehouse Grill", "Firehouse Grill & Brewery"], "time": ["6:45 pm"]}}}], "speaker": "USER", "utterance": "No. Thank you."}, {"frames": [{"actions": [{"act": "GOODBYE", "canonical_values": [], "slot": "", "values": []}], "service": "Restaurants_1", "slots": []}], "speaker": "SYSTEM", "utterance": "Have a good day!"}]}, {"dialogue_id": "4_00002", "services": ["Restaurants_1"], "turns": [{"frames": [{"actions": [{"act": "INFORM", "canonical_values": ["19:00"], "slot": "time", "values": ["7 o\"clock in the evening"]}, {"act": "INFORM_INTENT", "canonical_values": ["ReserveRestaurant"], "slot": "intent", "values": ["ReserveRestaurant"]}], "service": "Restaurants_1", "slots": [{"exclusive_end": 96, "slot": "time", "start": 72}], "state": {"active_intent": "ReserveRestaurant", "requested_slots": [], "slot_values": {"time": ["7 o\"clock in the evening"]}}}], "speaker": "USER", "utterance": "I want to go out to dinner next week. Can you make me a reservation for 7 o\"clock in the evening?"}, {"frames": [{"actions": [{"act": "REQUEST", "canonical_values": [], "slot": "city", "values": []}], "service": "Restaurants_1", "slots": []}], "speaker": "SYSTEM", "utterance": "Are you still in LA, if not where should I search?"}, {"frames": [{"actions": [{"act": "INFORM", "canonical_values": ["Lafayette"], "slot": "city", "values": ["Lafayette"]}], "service": "Restaurants_1", "slots": [{"exclusive_end": 53, "slot": "city", "start": 44}], "state": {"active_intent": "ReserveRestaurant", "requested_slots": [], "slot_values": {"city": ["Lafayette"], "time": ["7 o\"clock in the evening"]}}}], "speaker": "USER", "utterance": "No I left LA yesterday, find restaurants in Lafayette please."}, {"frames": [{"actions": [{"act": "REQUEST", "canonical_values": [], "slot": "restaurant_name", "values": []}], "service": "Restaurants_1", "slots": []}], "speaker": "SYSTEM", "utterance": "Do you have a place in mind?"}, {"frames": [{"actions": [{"act": "INFORM", "canonical_values": ["The Park Bistro & Bar"], "slot": "restaurant_name", "values": ["The Park"]}, {"act": "INFORM", "canonical_values": ["2019-03-06"], "slot": "date", "values": ["the 6th"]}], "service": "Restaurants_1", "slots": [{"exclusive_end": 34, "slot": "restaurant_name", "start": 26}, {"exclusive_end": 68, "slot": "date", "start": 61}], "state": {"active_intent": "ReserveRestaurant", "requested_slots": [], "slot_values": {"city": ["Lafayette"], "date": ["the 6th"], "restaurant_name": ["The Park"], "time": ["7 o\"clock in the evening"]}}}], "speaker": "USER", "utterance": "Yes, I really want to try The Park. See if it's available on the 6th."}, {"frames": [{"actions": [{"act": "CONFIRM", "canonical_values": ["The Park Bistro & Bar"], "slot": "restaurant_name", "values": ["The Park Bistro & Bar"]}, {"act": "CONFIRM", "canonical_values": ["Lafayette"], "slot": "city", "values": ["Lafayette"]}, {"act": "CONFIRM", "canonical_values": ["19:00"], "slot": "time", "values": ["7 pm"]}, {"act": "CONFIRM", "canonical_values": ["2"], "slot": "party_size", "values": ["2"]}, {"act": "CONFIRM", "canonical_values": ["2019-03-06"], "slot": "date", "values": ["next Wednesday"]}], "service": "Restaurants_1", "slots": [{"exclusive_end": 21, "slot": "restaurant_name", "start": 0}, {"exclusive_end": 34, "slot": "city", "start": 25}, {"exclusive_end": 72, "slot": "time", "start": 68}, {"exclusive_end": 87, "slot": "date", "start": 73}]}], "speaker": "SYSTEM", "utterance": "The Park Bistro & Bar in Lafayette has one table for 2 available at 7 pm next Wednesday. Does that work?"}, {"frames": [{"actions": [{"act": "REQUEST", "canonical_values": [], "slot": "has_live_music", "values": []}, {"act": "REQUEST", "canonical_values": ["Mexican"], "slot": "cuisine", "values": ["Burrito"]}, {"act": "AFFIRM", "canonical_values": [], "slot": "", "values": []}], "service": "Restaurants_1", "slots": [{"exclusive_end": 91, "slot": "cuisine", "start": 84}], "state": {"active_intent": "ReserveRestaurant", "requested_slots": ["cuisine", "has_live_music"], "slot_values": {"city": ["Lafayette"], "date": ["next Wednesday", "the 6th"], "party_size": ["2"], "restaurant_name": ["The Park", "The Park Bistro & Bar"], "time": ["7 o\"clock in the evening", "7 pm"]}}}], "speaker": "USER", "utterance": "Yes that's perfect. Do you know if a band is playing that night? Also do they serve Burrito food at the bar?"}, {"frames": [{"actions": [{"act": "INFORM", "canonical_values": ["False"], "slot": "has_live_music", "values": ["False"]}, {"act": "INFORM", "canonical_values": ["Bistro"], "slot": "cuisine", "values": ["Bistro"]}, {"act": "NOTIFY_SUCCESS", "canonical_values": [], "slot": "", "values": []}], "service": "Restaurants_1", "service_call": {"method": "ReserveRestaurant", "parameters": {"city": "Lafayette", "date": "2019-03-06", "party_size": "2", "restaurant_name": "The Park Bistro & Bar", "time": "19:00"}}, "service_results": [{"city": "Lafayette", "cuisine": "Bistro", "date": "2019-03-06", "has_live_music": "False", "party_size": "2", "phone_number": "925-283-7108", "price_range": "expensive", "restaurant_name": "The Park Bistro & Bar", "serves_alcohol": "True", "street_address": "3287 Mount Diablo Boulevard", "time": "19:00"}], "slots": [{"exclusive_end": 72, "slot": "cuisine", "start": 66}]}], "speaker": "SYSTEM", "utterance": "You're all set! There's no live music. However, they do serve the Bistro menu at the bar."}, {"frames": [{"actions": [{"act": "THANK_YOU", "canonical_values": [], "slot": "", "values": []}], "service": "Restaurants_1", "slots": [], "state": {"active_intent": "ReserveRestaurant", "requested_slots": [], "slot_values": {"city": ["Lafayette"], "date": ["next Wednesday", "the 6th"], "party_size": ["2"], "restaurant_name": ["The Park", "The Park Bistro & Bar"], "time": ["7 o\"clock in the evening", "7 pm"]}}}], "speaker": "USER", "utterance": "Awesome, thank you!"}, {"frames": [{"actions": [{"act": "REQ_MORE", "canonical_values": [], "slot": "", "values": []}], "service": "Restaurants_1", "slots": []}], "speaker": "SYSTEM", "utterance": "No problem. Anything else?"}, {"frames": [{"actions": [{"act": "NEGATE", "canonical_values": [], "slot": "", "values": []}, {"act": "THANK_YOU", "canonical_values": [], "slot": "", "values": []}], "service": "Restaurants_1", "slots": [], "state": {"active_intent": "NONE", "requested_slots": [], "slot_values": {"city": ["Lafayette"], "date": ["next Wednesday", "the 6th"], "party_size": ["2"], "restaurant_name": ["The Park", "The Park Bistro & Bar"], "time": ["7 o\"clock in the evening", "7 pm"]}}}], "speaker": "USER", "utterance": "No that's it, thanks again."}, {"frames": [{"actions": [{"act": "GOODBYE", "canonical_values": [], "slot": "", "values": []}], "service": "Restaurants_1", "slots": []}], "speaker": "SYSTEM", "utterance": "Anytime, enjoy your day!"}]}, {"dialogue_id": "4_00003", "services": ["Restaurants_1"], "turns": [{"frames": [{"actions": [{"act": "INFORM_INTENT", "canonical_values": ["ReserveRestaurant"], "slot": "intent", "values": ["ReserveRestaurant"]}], "service": "Restaurants_1", "slots": [], "state": {"active_intent": "ReserveRestaurant", "requested_slots": [], "slot_values": {}}}], "speaker": "USER", "utterance": "I want to make a reservation at a restaurant."}, {"frames": [{"actions": [{"act": "REQUEST", "canonical_values": [], "slot": "city", "values": []}, {"act": "REQUEST", "canonical_values": [], "slot": "time", "values": []}, {"act": "REQUEST", "canonical_values": [], "slot": "restaurant_name", "values": []}], "service": "Restaurants_1", "slots": []}], "speaker": "SYSTEM", "utterance": "Which city should I search in? What time is the reservation for? Do you have a preferred restaurant?"}, {"frames": [{"actions": [{"act": "INFORM", "canonical_values": ["El Tesoro Taqueria & Grill"], "slot": "restaurant_name", "values": ["El Tesoro"]}, {"act": "INFORM", "canonical_values": ["San Francisco"], "slot": "city", "values": ["SFO"]}, {"act": "INFORM", "canonical_values": ["19:45"], "slot": "time", "values": ["7:45 in the evening"]}], "service": "Restaurants_1", "slots": [{"exclusive_end": 33, "slot": "restaurant_name", "start": 24}, {"exclusive_end": 64, "slot": "city", "start": 61}, {"exclusive_end": 56, "slot": "time", "start": 37}], "state": {"active_intent": "ReserveRestaurant", "requested_slots": [], "slot_values": {"city": ["SFO"], "restaurant_name": ["El Tesoro"], "time": ["7:45 in the evening"]}}}], "speaker": "USER", "utterance": "I want a reservation at El Tesoro at 7:45 in the evening, in SFO."}, {"frames": [{"actions": [{"act": "CONFIRM", "canonical_values": ["El Tesoro Taqueria & Grill"], "slot": "restaurant_name", "values": ["El Tesoro Taqueria & Grill"]}, {"act": "CONFIRM", "canonical_values": ["San Francisco"], "slot": "city", "values": ["San Francisco"]}, {"act": "CONFIRM", "canonical_values": ["19:45"], "slot": "time", "values": ["7:45 pm"]}, {"act": "CONFIRM", "canonical_values": ["2019-03-01"], "slot": "date", "values": ["today"]}, {"act": "CONFIRM", "canonical_values": ["2"], "slot": "party_size", "values": ["2"]}], "service": "Restaurants_1", "slots": [{"exclusive_end": 92, "slot": "restaurant_name", "start": 66}, {"exclusive_end": 109, "slot": "city", "start": 96}, {"exclusive_end": 42, "slot": "time", "start": 35}, {"exclusive_end": 48, "slot": "date", "start": 43}]}], "speaker": "SYSTEM", "utterance": "Please confirm: Table reserved for 7:45 pm today for 2 people, at El Tesoro Taqueria & Grill in San Francisco."}, {"frames": [{"actions": [{"act": "AFFIRM", "canonical_values": [], "slot": "", "values": []}], "service": "Restaurants_1", "slots": [], "state": {"active_intent": "ReserveRestaurant", "requested_slots": [], "slot_values": {"city": ["SFO", "San Francisco"], "date": ["today"], "party_size": ["2"], "restaurant_name": ["El Tesoro", "El Tesoro Taqueria & Grill"], "time": ["7:45 in the evening", "7:45 pm"]}}}], "speaker": "USER", "utterance": "Yes that works for me."}, {"frames": [{"actions": [{"act": "OFFER", "canonical_values": ["El Tesoro Taqueria & Grill"], "slot": "restaurant_name", "values": ["El Tesoro Taqueria & Grill"]}, {"act": "OFFER", "canonical_values": ["2"], "slot": "party_size", "values": ["2"]}, {"act": "OFFER", "canonical_values": ["2019-03-01"], "slot": "date", "values": ["today"]}, {"act": "OFFER", "canonical_values": ["19:30"], "slot": "time", "values": ["7:30 pm"]}, {"act": "NOTIFY_FAILURE", "canonical_values": [], "slot": "", "values": []}], "service": "Restaurants_1", "service_call": {"method": "ReserveRestaurant", "parameters": {"city": "San Francisco", "date": "2019-03-01", "party_size": "2", "restaurant_name": "El Tesoro Taqueria & Grill", "time": "19:45"}}, "service_results": [{"city": "San Francisco", "cuisine": "Mexican", "date": "2019-03-01", "has_live_music": "False", "party_size": "2", "phone_number": "415-202-0530", "price_range": "inexpensive", "restaurant_name": "El Tesoro Taqueria & Grill", "serves_alcohol": "False", "street_address": "599 O'Farrell Street", "time": "19:30"}], "slots": [{"exclusive_end": 110, "slot": "restaurant_name", "start": 84}, {"exclusive_end": 69, "slot": "date", "start": 64}, {"exclusive_end": 80, "slot": "time", "start": 73}]}], "speaker": "SYSTEM", "utterance": "Sorry that time is not available, shall I reserve a table for 2 today at 7:30 pm at El Tesoro Taqueria & Grill?"}, {"frames": [{"actions": [{"act": "AFFIRM", "canonical_values": [], "slot": "", "values": []}], "service": "Restaurants_1", "slots": [], "state": {"active_intent": "ReserveRestaurant", "requested_slots": [], "slot_values": {"city": ["SFO", "San Francisco"], "date": ["today"], "party_size": ["2"], "restaurant_name": ["El Tesoro", "El Tesoro Taqueria & Grill"], "time": ["7:30 pm"]}}}], "speaker": "USER", "utterance": "Yes, that works for me."}, {"frames": [{"actions": [{"act": "NOTIFY_SUCCESS", "canonical_values": [], "slot": "", "values": []}], "service": "Restaurants_1", "service_call": {"method": "ReserveRestaurant", "parameters": {"city": "San Francisco", "date": "2019-03-01", "party_size": "2", "restaurant_name": "El Tesoro Taqueria & Grill", "time": "19:30"}}, "service_results": [{"city": "San Francisco", "cuisine": "Mexican", "date": "2019-03-01", "has_live_music": "False", "party_size": "2", "phone_number": "415-202-0530", "price_range": "inexpensive", "restaurant_name": "El Tesoro Taqueria & Grill", "serves_alcohol": "False", "street_address": "599 O'Farrell Street", "time": "19:30"}], "slots": []}], "speaker": "SYSTEM", "utterance": "Your reservation is successful."}, {"frames": [{"actions": [{"act": "REQUEST", "canonical_values": [], "slot": "phone_number", "values": []}, {"act": "REQUEST", "canonical_values": [], "slot": "price_range", "values": []}], "service": "Restaurants_1", "slots": [], "state": {"active_intent": "ReserveRestaurant", "requested_slots": ["phone_number", "price_range"], "slot_values": {"city": ["SFO", "San Francisco"], "date": ["today"], "party_size": ["2"], "restaurant_name": ["El Tesoro", "El Tesoro Taqueria & Grill"], "time": ["7:30 pm"]}}}], "speaker": "USER", "utterance": "What's their phone number? How pricey are they?"}, {"frames": [{"actions": [{"act": "INFORM", "canonical_values": ["415-202-0530"], "slot": "phone_number", "values": ["415-202-0530"]}, {"act": "INFORM", "canonical_values": ["inexpensive"], "slot": "price_range", "values": ["inexpensive"]}], "service": "Restaurants_1", "slots": [{"exclusive_end": 34, "slot": "phone_number", "start": 22}]}], "speaker": "SYSTEM", "utterance": "Their phone number is 415-202-0530, and their price range is inexpensive."}, {"frames": [{"actions": [{"act": "THANK_YOU", "canonical_values": [], "slot": "", "values": []}], "service": "Restaurants_1", "slots": [], "state": {"active_intent": "ReserveRestaurant", "requested_slots": [], "slot_values": {"city": ["SFO", "San Francisco"], "date": ["today"], "party_size": ["2"], "restaurant_name": ["El Tesoro", "El Tesoro Taqueria & Grill"], "time": ["7:30 pm"]}}}], "speaker": "USER", "utterance": "Thank you very much."}, {"frames": [{"actions": [{"act": "REQ_MORE", "canonical_values": [], "slot": "", "values": []}], "service": "Restaurants_1", "slots": []}], "speaker": "SYSTEM", "utterance": "Can I help you with anything else?"}, {"frames": [{"actions": [{"act": "NEGATE", "canonical_values": [], "slot": "", "values": []}, {"act": "THANK_YOU", "canonical_values": [], "slot": "", "values": []}], "service": "Restaurants_1", "slots": [], "state": {"active_intent": "NONE", "requested_slots": [], "slot_values": {"city": ["SFO", "San Francisco"], "date": ["today"], "party_size": ["2"], "restaurant_name": ["El Tesoro", "El Tesoro Taqueria & Grill"], "time": ["7:30 pm"]}}}], "speaker": "USER", "utterance": "No, thank you."}, {"frames": [{"actions": [{"act": "GOODBYE", "canonical_values": [], "slot": "", "values": []}], "service": "Restaurants_1", "slots": []}], "speaker": "SYSTEM", "utterance": "Have a good day."}]}, {"dialogue_id": "4_00004", "services": ["Restaurants_1"], "turns": [{"frames": [{"actions": [{"act": "INFORM_INTENT", "canonical_values": ["ReserveRestaurant"], "slot": "intent", "values": ["ReserveRestaurant"]}], "service": "Restaurants_1", "slots": [], "state": {"active_intent": "ReserveRestaurant", "requested_slots": [], "slot_values": {}}}], "speaker": "USER", "utterance": "I want to make a reservation at a restaurant."}, {"frames": [{"actions": [{"act": "REQUEST", "canonical_values": [], "slot": "city", "values": []}], "service": "Restaurants_1", "slots": []}], "speaker": "SYSTEM", "utterance": "Which city should I search in?"}, {"frames": [{"actions": [{"act": "INFORM", "canonical_values": ["2019-03-04"], "slot": "date", "values": ["the 4th"]}, {"act": "INFORM", "canonical_values": ["San Francisco"], "slot": "city", "values": ["SFO"]}], "service": "Restaurants_1", "slots": [{"exclusive_end": 20, "slot": "date", "start": 13}, {"exclusive_end": 61, "slot": "city", "start": 58}], "state": {"active_intent": "ReserveRestaurant", "requested_slots": [], "slot_values": {"city": ["SFO"], "date": ["the 4th"]}}}], "speaker": "USER", "utterance": "I want it on the 4th day of the month. I want the city of SFO."}, {"frames": [{"actions": [{"act": "REQUEST", "canonical_values": [], "slot": "time", "values": []}, {"act": "REQUEST", "canonical_values": [], "slot": "restaurant_name", "values": []}], "service": "Restaurants_1", "slots": []}], "speaker": "SYSTEM", "utterance": "What time is the reservation for? Do you have a preferred restaurant?"}, {"frames": [{"actions": [{"act": "INFORM", "canonical_values": ["Mission Beach Cafe"], "slot": "restaurant_name", "values": ["Mission Beach Cafe"]}, {"act": "INFORM", "canonical_values": ["18:45"], "slot": "time", "values": ["18:45"]}], "service": "Restaurants_1", "slots": [{"exclusive_end": 43, "slot": "restaurant_name", "start": 25}, {"exclusive_end": 74, "slot": "time", "start": 69}], "state": {"active_intent": "ReserveRestaurant", "requested_slots": [], "slot_values": {"city": ["SFO"], "date": ["the 4th"], "restaurant_name": ["Mission Beach Cafe"], "time": ["18:45"]}}}], "speaker": "USER", "utterance": "The restaurant is called Mission Beach Cafe. Make the reservation at 18:45."}, {"frames": [{"actions": [{"act": "CONFIRM", "canonical_values": ["Mission Beach Cafe"], "slot": "restaurant_name", "values": ["Mission Beach Cafe"]}, {"act": "CONFIRM", "canonical_values": ["San Francisco"], "slot": "city", "values": ["San Francisco"]}, {"act": "CONFIRM", "canonical_values": ["18:45"], "slot": "time", "values": ["6:45 pm"]}, {"act": "CONFIRM", "canonical_values": ["2019-03-04"], "slot": "date", "values": ["next Monday"]}, {"act": "CONFIRM", "canonical_values": ["2"], "slot": "party_size", "values": ["2"]}], "service": "Restaurants_1", "slots": [{"exclusive_end": 90, "slot": "restaurant_name", "start": 72}, {"exclusive_end": 127, "slot": "city", "start": 114}, {"exclusive_end": 165, "slot": "time", "start": 158}, {"exclusive_end": 209, "slot": "date", "start": 198}]}], "speaker": "SYSTEM", "utterance": "Please confirm the following details: Booking a table at the restaurant Mission Beach Cafe located in the city of San Francisco. The dinner reservation is at 6:45 pm. The date of the reservation is next Monday and it is for 2 people."}, {"frames": [{"actions": [{"act": "INFORM", "canonical_values": ["Hisui 2"], "slot": "restaurant_name", "values": ["Hisui 2"]}, {"act": "NEGATE", "canonical_values": [], "slot": "", "values": []}], "service": "Restaurants_1", "slots": [{"exclusive_end": 44, "slot": "restaurant_name", "start": 37}], "state": {"active_intent": "ReserveRestaurant", "requested_slots": [], "slot_values": {"city": ["SFO", "San Francisco"], "date": ["next Monday", "the 4th"], "restaurant_name": ["Hisui 2"], "time": ["18:45", "6:45 pm"]}}}], "speaker": "USER", "utterance": "That is incorrect, the restaurant is Hisui 2."}, {"frames": [{"actions": [{"act": "CONFIRM", "canonical_values": ["Hisui 2"], "slot": "restaurant_name", "values": ["Hisui 2"]}, {"act": "CONFIRM", "canonical_values": ["2"], "slot": "party_size", "values": ["2"]}], "service": "Restaurants_1", "slots": [{"exclusive_end": 87, "slot": "restaurant_name", "start": 80}]}], "speaker": "SYSTEM", "utterance": "Please confirm the following details: The reservation is for booking a table at Hisui 2 for 2 people."}, {"frames": [{"actions": [{"act": "AFFIRM", "canonical_values": [], "slot": "", "values": []}], "service": "Restaurants_1", "slots": [], "state": {"active_intent": "ReserveRestaurant", "requested_slots": [], "slot_values": {"city": ["SFO", "San Francisco"], "date": ["next Monday", "the 4th"], "party_size": ["2"], "restaurant_name": ["Hisui 2"], "time": ["18:45", "6:45 pm"]}}}], "speaker": "USER", "utterance": "Yes that works for me."}, {"frames": [{"actions": [{"act": "NOTIFY_FAILURE", "canonical_values": [], "slot": "", "values": []}, {"act": "REQ_MORE", "canonical_values": [], "slot": "", "values": []}], "service": "Restaurants_1", "service_call": {"method": "ReserveRestaurant", "parameters": {"city": "San Francisco", "date": "2019-03-04", "party_size": "2", "restaurant_name": "Hisui 2", "time": "18:45"}}, "service_results": [], "slots": []}], "speaker": "SYSTEM", "utterance": "Sorry, I was unable to make a reservation. Can I help you with anything else?"}, {"frames": [{"actions": [{"act": "INFORM", "canonical_values": ["2019-03-03"], "slot": "date", "values": ["Sunday this week"]}, {"act": "INFORM_INTENT", "canonical_values": ["ReserveRestaurant"], "slot": "intent", "values": ["ReserveRestaurant"]}], "service": "Restaurants_1", "slots": [{"exclusive_end": 84, "slot": "date", "start": 68}], "state": {"active_intent": "ReserveRestaurant", "requested_slots": [], "slot_values": {"city": ["SFO", "San Francisco"], "date": ["Sunday this week"], "party_size": ["2"], "restaurant_name": ["Hisui 2"], "time": ["18:45", "6:45 pm"]}}}], "speaker": "USER", "utterance": "I want to make a reservation at the restaurant, and I want it to be Sunday this week."}, {"frames": [{"actions": [{"act": "CONFIRM", "canonical_values": ["Hisui 2"], "slot": "restaurant_name", "values": ["Hisui 2"]}, {"act": "CONFIRM", "canonical_values": ["San Francisco"], "slot": "city", "values": ["San Francisco"]}, {"act": "CONFIRM", "canonical_values": ["18:45"], "slot": "time", "values": ["6:45 pm"]}, {"act": "CONFIRM", "canonical_values": ["2019-03-03"], "slot": "date", "values": ["day after tomorrow"]}, {"act": "CONFIRM", "canonical_values": ["2"], "slot": "party_size", "values": ["2"]}], "service": "Restaurants_1", "slots": [{"exclusive_end": 79, "slot": "restaurant_name", "start": 72}, {"exclusive_end": 116, "slot": "city", "start": 103}, {"exclusive_end": 154, "slot": "time", "start": 147}, {"exclusive_end": 209, "slot": "date", "start": 191}]}], "speaker": "SYSTEM", "utterance": "Please confirm the following details: Booking a table at the restaurant Hisui 2 located in the city of San Francisco. The dinner reservation is at 6:45 pm. The date of the reservation is the day after tomorrow and it is for 2 people."}, {"frames": [{"actions": [{"act": "REQUEST", "canonical_values": ["moderate"], "slot": "price_range", "values": ["moderate"]}, {"act": "AFFIRM", "canonical_values": [], "slot": "", "values": []}], "service": "Restaurants_1", "slots": [], "state": {"active_intent": "ReserveRestaurant", "requested_slots": ["price_range"], "slot_values": {"city": ["SFO", "San Francisco"], "date": ["Sunday this week", "day after tomorrow"], "party_size": ["2"], "restaurant_name": ["Hisui 2"], "time": ["18:45", "6:45 pm"]}}}], "speaker": "USER", "utterance": "Yes that works, is the price intermediate priced or expensive?"}, {"frames": [{"actions": [{"act": "NOTIFY_FAILURE", "canonical_values": [], "slot": "", "values": []}, {"act": "REQ_MORE", "canonical_values": [], "slot": "", "values": []}], "service": "Restaurants_1", "service_call": {"method": "ReserveRestaurant", "parameters": {"city": "San Francisco", "date": "2019-03-03", "party_size": "2", "restaurant_name": "Hisui 2", "time": "18:45"}}, "service_results": [], "slots": []}], "speaker": "SYSTEM", "utterance": "Sorry, I was unable to make a reservation. Can I help you with anything else?"}, {"frames": [{"actions": [{"act": "NEGATE", "canonical_values": [], "slot": "", "values": []}, {"act": "THANK_YOU", "canonical_values": [], "slot": "", "values": []}], "service": "Restaurants_1", "slots": [], "state": {"active_intent": "NONE", "requested_slots": [], "slot_values": {"city": ["SFO", "San Francisco"], "date": ["Sunday this week", "day after tomorrow"], "party_size": ["2"], "restaurant_name": ["Hisui 2"], "time": ["18:45", "6:45 pm"]}}}], "speaker": "USER", "utterance": "No. Thank you very much."}, {"frames": [{"actions": [{"act": "GOODBYE", "canonical_values": [], "slot": "", "values": []}], "service": "Restaurants_1", "slots": []}], "speaker": "SYSTEM", "utterance": "Have a good day."}]}]