[{"dialogue_id": "9_00000", "services": ["Trains_1"], "turns": [{"frames": [{"actions": [{"act": "INFORM_INTENT", "canonical_values": ["FindTrains"], "slot": "intent", "values": ["FindTrains"]}], "service": "Trains_1", "slots": [], "state": {"active_intent": "FindTrains", "requested_slots": [], "slot_values": {}}}], "speaker": "USER", "utterance": "i like to travel in order to attend a meeting. Will you find me a train?"}, {"frames": [{"actions": [{"act": "REQUEST", "canonical_values": [], "slot": "from", "values": []}, {"act": "REQUEST", "canonical_values": [], "slot": "date_of_journey", "values": []}, {"act": "REQUEST", "canonical_values": [], "slot": "to", "values": []}], "service": "Trains_1", "slots": []}], "speaker": "SYSTEM", "utterance": "In which city you like depart from? At what date do you wish to travel? TO which city you are planning to go?"}, {"frames": [{"actions": [{"act": "INFORM", "canonical_values": ["Anaheim"], "slot": "to", "values": ["Anaheim, CA"]}, {"act": "INFORM", "canonical_values": ["2019-03-13"], "slot": "date_of_journey", "values": ["13th of MArch"]}, {"act": "INFORM", "canonical_values": ["San Diego"], "slot": "from", "values": ["SD"]}], "service": "Trains_1", "slots": [{"exclusive_end": 20, "slot": "to", "start": 9}, {"exclusive_end": 61, "slot": "date_of_journey", "start": 48}, {"exclusive_end": 28, "slot": "from", "start": 26}], "state": {"active_intent": "FindTrains", "requested_slots": [], "slot_values": {"date_of_journey": ["13th of MArch"], "from": ["SD"], "to": ["Anaheim, CA"]}}}], "speaker": "USER", "utterance": "Going to Anaheim, CA from SD. I need tickets on 13th of MArch."}, {"frames": [{"actions": [{"act": "OFFER", "canonical_values": ["08:30"], "slot": "journey_start_time", "values": ["8:30 am"]}, {"act": "OFFER", "canonical_values": ["48"], "slot": "total", "values": ["$48"]}], "service": "Trains_1", "service_call": {"method": "FindTrains", "parameters": {"date_of_journey": "2019-03-13", "from": "San Diego", "to": "Anaheim"}}, "service_results": [{"class": "Value", "date_of_journey": "2019-03-13", "from": "San Diego", "from_station": "Santa Fe Depot", "journey_start_time": "08:30", "number_of_adults": "1", "to": "Anaheim", "to_station": "Anaheim Intermodal Center", "total": "48", "trip_protection": "True"}, {"class": "Value", "date_of_journey": "2019-03-13", "from": "San Diego", "from_station": "Santa Fe Depot", "journey_start_time": "09:10", "number_of_adults": "1", "to": "Anaheim", "to_station": "Anaheim Intermodal Center", "total": "52", "trip_protection": "True"}, {"class": "Value", "date_of_journey": "2019-03-13", "from": "San Diego", "from_station": "Santa Fe Depot", "journey_start_time": "09:50", "number_of_adults": "1", "to": "Anaheim", "to_station": "Anaheim Intermodal Center", "total": "51", "trip_protection": "True"}, {"class": "Value", "date_of_journey": "2019-03-13", "from": "San Diego", "from_station": "Santa Fe Depot", "journey_start_time": "10:00", "number_of_adults": "1", "to": "Anaheim", "to_station": "Anaheim Intermodal Center", "total": "52", "trip_protection": "True"}, {"class": "Value", "date_of_journey": "2019-03-13", "from": "San Diego", "from_station": "Santa Fe Depot", "journey_start_time": "12:20", "number_of_adults": "1", "to": "Anaheim", "to_station": "Anaheim Intermodal Center", "total": "48", "trip_protection": "True"}, {"class": "Value", "date_of_journey": "2019-03-13", "from": "San Diego", "from_station": "Santa Fe Depot", "journey_start_time": "15:10", "number_of_adults": "1", "to": "Anaheim", "to_station": "Anaheim Intermodal Center", "total": "54", "trip_protection": "True"}, {"class": "Value", "date_of_journey": "2019-03-13", "from": "San Diego", "from_station": "Santa Fe Depot", "journey_start_time": "15:20", "number_of_adults": "1", "to": "Anaheim", "to_station": "Anaheim Intermodal Center", "total": "53", "trip_protection": "True"}, {"class": "Value", "date_of_journey": "2019-03-13", "from": "San Diego", "from_station": "Santa Fe Depot", "journey_start_time": "19:40", "number_of_adults": "1", "to": "Anaheim", "to_station": "Anaheim Intermodal Center", "total": "56", "trip_protection": "True"}], "slots": [{"exclusive_end": 48, "slot": "journey_start_time", "start": 41}, {"exclusive_end": 64, "slot": "total", "start": 61}]}], "speaker": "SYSTEM", "utterance": "There is one train which is departing at 8:30 am . Its costs $48 in total."}, {"frames": [{"actions": [{"act": "INFORM", "canonical_values": ["Value"], "slot": "class", "values": ["Value"]}, {"act": "REQUEST_ALTS", "canonical_values": [], "slot": "", "values": []}], "service": "Trains_1", "slots": [], "state": {"active_intent": "FindTrains", "requested_slots": [], "slot_values": {"class": ["Value"], "date_of_journey": ["13th of MArch"], "from": ["SD"], "to": ["Anaheim, CA"]}}}], "speaker": "USER", "utterance": "Not interested. Whether any other train available? I want value tickets."}, {"frames": [{"actions": [{"act": "OFFER", "canonical_values": ["09:10"], "slot": "journey_start_time", "values": ["9:10 am"]}, {"act": "OFFER", "canonical_values": ["52"], "slot": "total", "values": ["$52"]}], "service": "Trains_1", "service_call": {"method": "FindTrains", "parameters": {"class": "Value", "date_of_journey": "2019-03-13", "from": "San Diego", "to": "Anaheim"}}, "service_results": [{"class": "Value", "date_of_journey": "2019-03-13", "from": "San Diego", "from_station": "Santa Fe Depot", "journey_start_time": "08:30", "number_of_adults": "1", "to": "Anaheim", "to_station": "Anaheim Intermodal Center", "total": "48", "trip_protection": "True"}, {"class": "Value", "date_of_journey": "2019-03-13", "from": "San Diego", "from_station": "Santa Fe Depot", "journey_start_time": "09:10", "number_of_adults": "1", "to": "Anaheim", "to_station": "Anaheim Intermodal Center", "total": "52", "trip_protection": "True"}, {"class": "Value", "date_of_journey": "2019-03-13", "from": "San Diego", "from_station": "Santa Fe Depot", "journey_start_time": "09:50", "number_of_adults": "1", "to": "Anaheim", "to_station": "Anaheim Intermodal Center", "total": "51", "trip_protection": "True"}, {"class": "Value", "date_of_journey": "2019-03-13", "from": "San Diego", "from_station": "Santa Fe Depot", "journey_start_time": "10:00", "number_of_adults": "1", "to": "Anaheim", "to_station": "Anaheim Intermodal Center", "total": "52", "trip_protection": "True"}, {"class": "Value", "date_of_journey": "2019-03-13", "from": "San Diego", "from_station": "Santa Fe Depot", "journey_start_time": "12:20", "number_of_adults": "1", "to": "Anaheim", "to_station": "Anaheim Intermodal Center", "total": "48", "trip_protection": "True"}, {"class": "Value", "date_of_journey": "2019-03-13", "from": "San Diego", "from_station": "Santa Fe Depot", "journey_start_time": "15:10", "number_of_adults": "1", "to": "Anaheim", "to_station": "Anaheim Intermodal Center", "total": "54", "trip_protection": "True"}, {"class": "Value", "date_of_journey": "2019-03-13", "from": "San Diego", "from_station": "Santa Fe Depot", "journey_start_time": "15:20", "number_of_adults": "1", "to": "Anaheim", "to_station": "Anaheim Intermodal Center", "total": "53", "trip_protection": "True"}, {"class": "Value", "date_of_journey": "2019-03-13", "from": "San Diego", "from_station": "Santa Fe Depot", "journey_start_time": "19:40", "number_of_adults": "1", "to": "Anaheim", "to_station": "Anaheim Intermodal Center", "total": "56", "trip_protection": "True"}], "slots": [{"exclusive_end": 48, "slot": "journey_start_time", "start": 41}, {"exclusive_end": 64, "slot": "total", "start": 61}]}], "speaker": "SYSTEM", "utterance": "There is one train which is departing at 9:10 am . Its costs $52 in total."}, {"frames": [{"actions": [{"act": "SELECT", "canonical_values": [], "slot": "", "values": []}], "service": "Trains_1", "slots": [], "state": {"active_intent": "FindTrains", "requested_slots": [], "slot_values": {"class": ["Value"], "date_of_journey": ["13th of MArch"], "from": ["SD"], "journey_start_time": ["9:10 am"], "to": ["Anaheim, CA"]}}}], "speaker": "USER", "utterance": "ok thats great. it suits for me."}, {"frames": [{"actions": [{"act": "OFFER_INTENT", "canonical_values": ["GetTrainTickets"], "slot": "intent", "values": ["GetTrainTickets"]}], "service": "Trains_1", "slots": []}], "speaker": "SYSTEM", "utterance": "Whether i need to book tickets in that train?"}, {"frames": [{"actions": [{"act": "AFFIRM_INTENT", "canonical_values": [], "slot": "", "values": []}, {"act": "INFORM", "canonical_values": ["True"], "slot": "trip_protection", "values": ["True"]}], "service": "Trains_1", "slots": [], "state": {"active_intent": "GetTrainTickets", "requested_slots": [], "slot_values": {"class": ["Value"], "date_of_journey": ["13th of MArch"], "from": ["SD"], "journey_start_time": ["9:10 am"], "to": ["Anaheim, CA"], "trip_protection": ["True"]}}}], "speaker": "USER", "utterance": "Yes, i want to make reservation. I need also trip insurance."}, {"frames": [{"actions": [{"act": "REQUEST", "canonical_values": [], "slot": "number_of_adults", "values": []}], "service": "Trains_1", "slots": []}], "speaker": "SYSTEM", "utterance": "HOw many tickets do you need?"}, {"frames": [{"actions": [{"act": "INFORM", "canonical_values": ["1"], "slot": "number_of_adults", "values": ["1"]}], "service": "Trains_1", "slots": [], "state": {"active_intent": "GetTrainTickets", "requested_slots": [], "slot_values": {"class": ["Value"], "date_of_journey": ["13th of MArch"], "from": ["SD"], "journey_start_time": ["9:10 am"], "number_of_adults": ["1"], "to": ["Anaheim, CA"], "trip_protection": ["True"]}}}], "speaker": "USER", "utterance": "i need one seats."}, {"frames": [{"actions": [{"act": "CONFIRM", "canonical_values": ["San Diego"], "slot": "from", "values": ["San Diego"]}, {"act": "CONFIRM", "canonical_values": ["Anaheim"], "slot": "to", "values": ["Anaheim"]}, {"act": "CONFIRM", "canonical_values": ["2019-03-13"], "slot": "date_of_journey", "values": ["march 13th"]}, {"act": "CONFIRM", "canonical_values": ["09:10"], "slot": "journey_start_time", "values": ["9:10 am"]}, {"act": "CONFIRM", "canonical_values": ["1"], "slot": "number_of_adults", "values": ["1"]}, {"act": "CONFIRM", "canonical_values": ["True"], "slot": "trip_protection", "values": ["True"]}, {"act": "CONFIRM", "canonical_values": ["Value"], "slot": "class", "values": ["Value"]}], "service": "Trains_1", "slots": [{"exclusive_end": 111, "slot": "from", "start": 102}, {"exclusive_end": 145, "slot": "to", "start": 138}, {"exclusive_end": 177, "slot": "date_of_journey", "start": 167}, {"exclusive_end": 199, "slot": "journey_start_time", "start": 192}]}], "speaker": "SYSTEM", "utterance": "Please check and confirm the following details. Train ticket need to be booked which will depart from San Diego. The destination place is Anaheim. The train leaves on march 13th and Leaves at 9:10 am. Number of Passengers is 1 people. It is a value ticket and it has trip insurance."}, {"frames": [{"actions": [{"act": "AFFIRM", "canonical_values": [], "slot": "", "values": []}], "service": "Trains_1", "slots": [], "state": {"active_intent": "GetTrainTickets", "requested_slots": [], "slot_values": {"class": ["Value"], "date_of_journey": ["13th of MArch", "march 13th"], "from": ["SD", "San Diego"], "journey_start_time": ["9:10 am"], "number_of_adults": ["1"], "to": ["Anaheim", "Anaheim, CA"], "trip_protection": ["True"]}}}], "speaker": "USER", "utterance": "ok thats great. its suits for me."}, {"frames": [{"actions": [{"act": "NOTIFY_SUCCESS", "canonical_values": [], "slot": "", "values": []}], "service": "Trains_1", "service_call": {"method": "GetTrainTickets", "parameters": {"class": "Value", "date_of_journey": "2019-03-13", "from": "San Diego", "journey_start_time": "09:10", "number_of_adults": "1", "to": "Anaheim", "trip_protection": "True"}}, "service_results": [{"class": "Value", "date_of_journey": "2019-03-13", "from": "San Diego", "from_station": "Santa Fe Depot", "journey_start_time": "09:10", "number_of_adults": "1", "to": "Anaheim", "to_station": "Anaheim Intermodal Center", "total": "52", "trip_protection": "True"}], "slots": []}], "speaker": "SYSTEM", "utterance": "Ticket has been booked successfully."}, {"frames": [{"actions": [{"act": "REQUEST", "canonical_values": [], "slot": "from_station", "values": []}], "service": "Trains_1", "slots": [], "state": {"active_intent": "GetTrainTickets", "requested_slots": ["from_station"], "slot_values": {"class": ["Value"], "date_of_journey": ["13th of MArch", "march 13th"], "from": ["SD", "San Diego"], "journey_start_time": ["9:10 am"], "number_of_adults": ["1"], "to": ["Anaheim", "Anaheim, CA"], "trip_protection": ["True"]}}}], "speaker": "USER", "utterance": "what is the station name from which train depart?"}, {"frames": [{"actions": [{"act": "INFORM", "canonical_values": ["Santa Fe Depot"], "slot": "from_station", "values": ["Santa Fe Depot"]}], "service": "Trains_1", "slots": [{"exclusive_end": 40, "slot": "from_station", "start": 26}]}], "speaker": "SYSTEM", "utterance": "the train is leaving from Santa Fe Depot."}, {"frames": [{"actions": [{"act": "REQUEST", "canonical_values": [], "slot": "to_station", "values": []}], "service": "Trains_1", "slots": [], "state": {"active_intent": "GetTrainTickets", "requested_slots": ["to_station"], "slot_values": {"class": ["Value"], "date_of_journey": ["13th of MArch", "march 13th"], "from": ["SD", "San Diego"], "journey_start_time": ["9:10 am"], "number_of_adults": ["1"], "to": ["Anaheim", "Anaheim, CA"], "trip_protection": ["True"]}}}], "speaker": "USER", "utterance": "What is the destination station name?"}, {"frames": [{"actions": [{"act": "INFORM", "canonical_values": ["Anaheim Intermodal Center"], "slot": "to_station", "values": ["Anaheim Intermodal Center"]}], "service": "Trains_1", "slots": [{"exclusive_end": 46, "slot": "to_station", "start": 21}]}], "speaker": "SYSTEM", "utterance": "The train arrives at Anaheim Intermodal Center."}, {"frames": [{"actions": [{"act": "THANK_YOU", "canonical_values": [], "slot": "", "values": []}], "service": "Trains_1", "slots": [], "state": {"active_intent": "GetTrainTickets", "requested_slots": [], "slot_values": {"class": ["Value"], "date_of_journey": ["13th of MArch", "march 13th"], "from": ["SD", "San Diego"], "journey_start_time": ["9:10 am"], "number_of_adults": ["1"], "to": ["Anaheim", "Anaheim, CA"], "trip_protection": ["True"]}}}], "speaker": "USER", "utterance": "THanks a lot for you immense help."}, {"frames": [{"actions": [{"act": "REQ_MORE", "canonical_values": [], "slot": "", "values": []}], "service": "Trains_1", "slots": []}], "speaker": "SYSTEM", "utterance": "Whether i need to do anything else?"}, {"frames": [{"actions": [{"act": "NEGATE", "canonical_values": [], "slot": "", "values": []}, {"act": "THANK_YOU", "canonical_values": [], "slot": "", "values": []}], "service": "Trains_1", "slots": [], "state": {"active_intent": "NONE", "requested_slots": [], "slot_values": {"class": ["Value"], "date_of_journey": ["13th of MArch", "march 13th"], "from": ["SD", "San Diego"], "journey_start_time": ["9:10 am"], "number_of_adults": ["1"], "to": ["Anaheim", "Anaheim, CA"], "trip_protection": ["True"]}}}], "speaker": "USER", "utterance": "No, Not now . thanks for your care."}, {"frames": [{"actions": [{"act": "GOODBYE", "canonical_values": [], "slot": "", "values": []}], "service": "Trains_1", "slots": []}], "speaker": "SYSTEM", "utterance": "Bye , have a wonderful day."}]}, {"dialogue_id": "9_00001", "services": ["Trains_1"], "turns": [{"frames": [{"actions": [{"act": "INFORM_INTENT", "canonical_values": ["FindTrains"], "slot": "intent", "values": ["FindTrains"]}], "service": "Trains_1", "slots": [], "state": {"active_intent": "FindTrains", "requested_slots": [], "slot_values": {}}}], "speaker": "USER", "utterance": "I need help finding a train."}, {"frames": [{"actions": [{"act": "REQUEST", "canonical_values": [], "slot": "from", "values": []}, {"act": "REQUEST", "canonical_values": [], "slot": "to", "values": []}, {"act": "REQUEST", "canonical_values": [], "slot": "date_of_journey", "values": []}], "service": "Trains_1", "slots": []}], "speaker": "SYSTEM", "utterance": "What city is your point of departure and what is your destination? What is the date that you are wanting to travel?"}, {"frames": [{"actions": [{"act": "INFORM", "canonical_values": ["Portland"], "slot": "to", "values": ["Portland, OR"]}, {"act": "INFORM", "canonical_values": ["2019-03-13"], "slot": "date_of_journey", "values": ["13th of March"]}, {"act": "INFORM", "canonical_values": ["Vancouver"], "slot": "from", "values": ["Vancouver, BC"]}], "service": "Trains_1", "slots": [{"exclusive_end": 26, "slot": "to", "start": 14}, {"exclusive_end": 67, "slot": "date_of_journey", "start": 54}, {"exclusive_end": 100, "slot": "from", "start": 87}], "state": {"active_intent": "FindTrains", "requested_slots": [], "slot_values": {"date_of_journey": ["13th of March"], "from": ["Vancouver, BC"], "to": ["Portland, OR"]}}}], "speaker": "USER", "utterance": "I am going to Portland, OR and would like tickets for 13th of March. I am leaving from Vancouver, BC."}, {"frames": [{"actions": [{"act": "OFFER", "canonical_values": ["06:50"], "slot": "journey_start_time", "values": ["6:50 am"]}, {"act": "OFFER", "canonical_values": ["83"], "slot": "total", "values": ["$83"]}, {"act": "INFORM_COUNT", "canonical_values": ["8"], "slot": "count", "values": ["8"]}], "service": "Trains_1", "service_call": {"method": "FindTrains", "parameters": {"date_of_journey": "2019-03-13", "from": "Vancouver", "to": "Portland"}}, "service_results": [{"class": "Value", "date_of_journey": "2019-03-13", "from": "Vancouver", "from_station": "Pacific Central Station", "journey_start_time": "06:50", "number_of_adults": "1", "to": "Portland", "to_station": "Union Station", "total": "83", "trip_protection": "True"}, {"class": "Value", "date_of_journey": "2019-03-13", "from": "Vancouver", "from_station": "Pacific Central Station", "journey_start_time": "08:10", "number_of_adults": "1", "to": "Portland", "to_station": "Union Station", "total": "75", "trip_protection": "True"}, {"class": "Value", "date_of_journey": "2019-03-13", "from": "Vancouver", "from_station": "Pacific Central Station", "journey_start_time": "08:20", "number_of_adults": "1", "to": "Portland", "to_station": "Union Station", "total": "72", "trip_protection": "True"}, {"class": "Value", "date_of_journey": "2019-03-13", "from": "Vancouver", "from_station": "Pacific Central Station", "journey_start_time": "08:40", "number_of_adults": "1", "to": "Portland", "to_station": "Union Station", "total": "70", "trip_protection": "True"}, {"class": "Value", "date_of_journey": "2019-03-13", "from": "Vancouver", "from_station": "Pacific Central Station", "journey_start_time": "12:00", "number_of_adults": "1", "to": "Portland", "to_station": "Union Station", "total": "69", "trip_protection": "True"}, {"class": "Value", "date_of_journey": "2019-03-13", "from": "Vancouver", "from_station": "Pacific Central Station", "journey_start_time": "14:10", "number_of_adults": "1", "to": "Portland", "to_station": "Union Station", "total": "75", "trip_protection": "True"}, {"class": "Value", "date_of_journey": "2019-03-13", "from": "Vancouver", "from_station": "Pacific Central Station", "journey_start_time": "16:10", "number_of_adults": "1", "to": "Portland", "to_station": "Union Station", "total": "80", "trip_protection": "True"}, {"class": "Value", "date_of_journey": "2019-03-13", "from": "Vancouver", "from_station": "Pacific Central Station", "journey_start_time": "16:20", "number_of_adults": "1", "to": "Portland", "to_station": "Union Station", "total": "76", "trip_protection": "True"}], "slots": [{"exclusive_end": 56, "slot": "journey_start_time", "start": 49}, {"exclusive_end": 77, "slot": "total", "start": 74}]}], "speaker": "SYSTEM", "utterance": "I see 8 trains that work for this. One leaves at 6:50 am and the price is $83 total."}, {"frames": [{"actions": [{"act": "REQUEST", "canonical_values": [], "slot": "to_station", "values": []}], "service": "Trains_1", "slots": [], "state": {"active_intent": "FindTrains", "requested_slots": ["to_station"], "slot_values": {"date_of_journey": ["13th of March"], "from": ["Vancouver, BC"], "to": ["Portland, OR"]}}}], "speaker": "USER", "utterance": "Which station will this train end up at?"}, {"frames": [{"actions": [{"act": "INFORM", "canonical_values": ["Union Station"], "slot": "to_station", "values": ["Union Station"]}], "service": "Trains_1", "slots": [{"exclusive_end": 38, "slot": "to_station", "start": 25}]}], "speaker": "SYSTEM", "utterance": "The train will end up at Union Station."}, {"frames": [{"actions": [{"act": "INFORM", "canonical_values": ["1"], "slot": "number_of_adults", "values": ["1"]}, {"act": "INFORM", "canonical_values": ["Value"], "slot": "class", "values": ["Value"]}, {"act": "INFORM_INTENT", "canonical_values": ["GetTrainTickets"], "slot": "intent", "values": ["GetTrainTickets"]}, {"act": "SELECT", "canonical_values": [], "slot": "", "values": []}], "service": "Trains_1", "slots": [], "state": {"active_intent": "GetTrainTickets", "requested_slots": [], "slot_values": {"class": ["Value"], "date_of_journey": ["13th of March"], "from": ["Vancouver, BC"], "journey_start_time": ["6:50 am"], "number_of_adults": ["1"], "to": ["Portland, OR"]}}}], "speaker": "USER", "utterance": "That sounds fine. I would like to book tickets for this train. I need one seat that is conditionally refundable."}, {"frames": [{"actions": [{"act": "REQUEST", "canonical_values": [], "slot": "trip_protection", "values": []}], "service": "Trains_1", "slots": []}], "speaker": "SYSTEM", "utterance": "Would you like to buy travel insurance?"}, {"frames": [{"actions": [{"act": "INFORM", "canonical_values": ["True"], "slot": "trip_protection", "values": ["True"]}], "service": "Trains_1", "slots": [], "state": {"active_intent": "GetTrainTickets", "requested_slots": [], "slot_values": {"class": ["Value"], "date_of_journey": ["13th of March"], "from": ["Vancouver, BC"], "journey_start_time": ["6:50 am"], "number_of_adults": ["1"], "to": ["Portland, OR"], "trip_protection": ["True"]}}}], "speaker": "USER", "utterance": "Yes I would like to get trip insurance."}, {"frames": [{"actions": [{"act": "CONFIRM", "canonical_values": ["Vancouver"], "slot": "from", "values": ["Vancouver"]}, {"act": "CONFIRM", "canonical_values": ["Portland"], "slot": "to", "values": ["Portland"]}, {"act": "CONFIRM", "canonical_values": ["2019-03-13"], "slot": "date_of_journey", "values": ["March 13th"]}, {"act": "CONFIRM", "canonical_values": ["06:50"], "slot": "journey_start_time", "values": ["6:50 am"]}, {"act": "CONFIRM", "canonical_values": ["1"], "slot": "number_of_adults", "values": ["1"]}, {"act": "CONFIRM", "canonical_values": ["True"], "slot": "trip_protection", "values": ["True"]}, {"act": "CONFIRM", "canonical_values": ["Value"], "slot": "class", "values": ["Value"]}], "service": "Trains_1", "slots": [{"exclusive_end": 104, "slot": "from", "start": 95}, {"exclusive_end": 126, "slot": "to", "start": 118}, {"exclusive_end": 171, "slot": "date_of_journey", "start": 161}, {"exclusive_end": 157, "slot": "journey_start_time", "start": 150}]}], "speaker": "SYSTEM", "utterance": "Okay sir, can you confirm these details: you would like a ticket on the train departing out of Vancouver and going to Portland. This train departs at 6:50 am on March 13th. The ticket is a Value ticket for 1 person, with trip insurance."}, {"frames": [{"actions": [{"act": "AFFIRM", "canonical_values": [], "slot": "", "values": []}], "service": "Trains_1", "slots": [], "state": {"active_intent": "GetTrainTickets", "requested_slots": [], "slot_values": {"class": ["Value"], "date_of_journey": ["13th of March", "March 13th"], "from": ["Vancouver", "Vancouver, BC"], "journey_start_time": ["6:50 am"], "number_of_adults": ["1"], "to": ["Portland", "Portland, OR"], "trip_protection": ["True"]}}}], "speaker": "USER", "utterance": "That sounds good to me."}, {"frames": [{"actions": [{"act": "NOTIFY_SUCCESS", "canonical_values": [], "slot": "", "values": []}], "service": "Trains_1", "service_call": {"method": "GetTrainTickets", "parameters": {"class": "Value", "date_of_journey": "2019-03-13", "from": "Vancouver", "journey_start_time": "06:50", "number_of_adults": "1", "to": "Portland", "trip_protection": "True"}}, "service_results": [{"class": "Value", "date_of_journey": "2019-03-13", "from": "Vancouver", "from_station": "Pacific Central Station", "journey_start_time": "06:50", "number_of_adults": "1", "to": "Portland", "to_station": "Union Station", "total": "83", "trip_protection": "True"}], "slots": []}], "speaker": "SYSTEM", "utterance": "The tickets have been booked successfully for you."}, {"frames": [{"actions": [{"act": "THANK_YOU", "canonical_values": [], "slot": "", "values": []}, {"act": "GOODBYE", "canonical_values": [], "slot": "", "values": []}], "service": "Trains_1", "slots": [], "state": {"active_intent": "GetTrainTickets", "requested_slots": [], "slot_values": {"class": ["Value"], "date_of_journey": ["13th of March", "March 13th"], "from": ["Vancouver", "Vancouver, BC"], "journey_start_time": ["6:50 am"], "number_of_adults": ["1"], "to": ["Portland", "Portland, OR"], "trip_protection": ["True"]}}}], "speaker": "USER", "utterance": "You have been very helpful, thank you. That was all I wanted."}, {"frames": [{"actions": [{"act": "GOODBYE", "canonical_values": [], "slot": "", "values": []}], "service": "Trains_1", "slots": []}], "speaker": "SYSTEM", "utterance": "See you another day."}]}, {"dialogue_id": "9_00002", "services": ["Trains_1"], "turns": [{"frames": [{"actions": [{"act": "INFORM_INTENT", "canonical_values": ["FindTrains"], "slot": "intent", "values": ["FindTrains"]}], "service": "Trains_1", "slots": [], "state": {"active_intent": "FindTrains", "requested_slots": [], "slot_values": {}}}], "speaker": "USER", "utterance": "Can you search a train for me?"}, {"frames": [{"actions": [{"act": "REQUEST", "canonical_values": [], "slot": "date_of_journey", "values": []}, {"act": "REQUEST", "canonical_values": [], "slot": "to", "values": []}, {"act": "REQUEST", "canonical_values": [], "slot": "from", "values": []}], "service": "Trains_1", "slots": []}], "speaker": "SYSTEM", "utterance": "What is date and city of departure and your destination?"}, {"frames": [{"actions": [{"act": "INFORM", "canonical_values": ["Anaheim"], "slot": "to", "values": ["Anaheim"]}, {"act": "INFORM", "canonical_values": ["2019-03-13"], "slot": "date_of_journey", "values": ["13th of March"]}, {"act": "INFORM", "canonical_values": ["Los Angeles"], "slot": "from", "values": ["LAX"]}], "service": "Trains_1", "slots": [{"exclusive_end": 32, "slot": "to", "start": 25}, {"exclusive_end": 49, "slot": "date_of_journey", "start": 36}, {"exclusive_end": 21, "slot": "from", "start": 18}], "state": {"active_intent": "FindTrains", "requested_slots": [], "slot_values": {"date_of_journey": ["13th of March"], "from": ["LAX"], "to": ["Anaheim"]}}}], "speaker": "USER", "utterance": "I am leaving from LAX to Anaheim on 13th of March."}, {"frames": [{"actions": [{"act": "OFFER", "canonical_values": ["06:00"], "slot": "journey_start_time", "values": ["6 am"]}, {"act": "OFFER", "canonical_values": ["38"], "slot": "total", "values": ["$38"]}], "service": "Trains_1", "service_call": {"method": "FindTrains", "parameters": {"date_of_journey": "2019-03-13", "from": "Los Angeles", "to": "Anaheim"}}, "service_results": [{"class": "Value", "date_of_journey": "2019-03-13", "from": "Los Angeles", "from_station": "Union Station", "journey_start_time": "06:00", "number_of_adults": "1", "to": "Anaheim", "to_station": "Anaheim Intermodal Center", "total": "38", "trip_protection": "True"}, {"class": "Value", "date_of_journey": "2019-03-13", "from": "Los Angeles", "from_station": "Union Station", "journey_start_time": "06:10", "number_of_adults": "1", "to": "Anaheim", "to_station": "Anaheim Intermodal Center", "total": "38", "trip_protection": "True"}, {"class": "Value", "date_of_journey": "2019-03-13", "from": "Los Angeles", "from_station": "Union Station", "journey_start_time": "06:30", "number_of_adults": "1", "to": "Anaheim", "to_station": "Anaheim Intermodal Center", "total": "36", "trip_protection": "True"}, {"class": "Value", "date_of_journey": "2019-03-13", "from": "Los Angeles", "from_station": "Union Station", "journey_start_time": "06:40", "number_of_adults": "1", "to": "Anaheim", "to_station": "Anaheim Intermodal Center", "total": "31", "trip_protection": "True"}, {"class": "Value", "date_of_journey": "2019-03-13", "from": "Los Angeles", "from_station": "Union Station", "journey_start_time": "07:30", "number_of_adults": "1", "to": "Anaheim", "to_station": "Anaheim Intermodal Center", "total": "32", "trip_protection": "True"}, {"class": "Value", "date_of_journey": "2019-03-13", "from": "Los Angeles", "from_station": "Union Station", "journey_start_time": "07:40", "number_of_adults": "1", "to": "Anaheim", "to_station": "Anaheim Intermodal Center", "total": "36", "trip_protection": "True"}, {"class": "Value", "date_of_journey": "2019-03-13", "from": "Los Angeles", "from_station": "Union Station", "journey_start_time": "12:20", "number_of_adults": "1", "to": "Anaheim", "to_station": "Anaheim Intermodal Center", "total": "37", "trip_protection": "True"}, {"class": "Value", "date_of_journey": "2019-03-13", "from": "Los Angeles", "from_station": "Union Station", "journey_start_time": "14:00", "number_of_adults": "1", "to": "Anaheim", "to_station": "Anaheim Intermodal Center", "total": "33", "trip_protection": "True"}, {"class": "Value", "date_of_journey": "2019-03-13", "from": "Los Angeles", "from_station": "Union Station", "journey_start_time": "15:10", "number_of_adults": "1", "to": "Anaheim", "to_station": "Anaheim Intermodal Center", "total": "33", "trip_protection": "True"}, {"class": "Value", "date_of_journey": "2019-03-13", "from": "Los Angeles", "from_station": "Union Station", "journey_start_time": "17:20", "number_of_adults": "1", "to": "Anaheim", "to_station": "Anaheim Intermodal Center", "total": "37", "trip_protection": "True"}], "slots": [{"exclusive_end": 36, "slot": "journey_start_time", "start": 32}, {"exclusive_end": 50, "slot": "total", "start": 47}]}], "speaker": "SYSTEM", "utterance": "There is train which departs at 6 am and costs $38."}, {"frames": [{"actions": [{"act": "REQUEST", "canonical_values": [], "slot": "from_station", "values": []}], "service": "Trains_1", "slots": [], "state": {"active_intent": "FindTrains", "requested_slots": ["from_station"], "slot_values": {"date_of_journey": ["13th of March"], "from": ["LAX"], "to": ["Anaheim"]}}}], "speaker": "USER", "utterance": "Can you tell me the name of the station it leaves from?"}, {"frames": [{"actions": [{"act": "INFORM", "canonical_values": ["Union Station"], "slot": "from_station", "values": ["Union Station"]}], "service": "Trains_1", "slots": [{"exclusive_end": 40, "slot": "from_station", "start": 27}]}], "speaker": "SYSTEM", "utterance": "The name of the station is Union Station."}, {"frames": [{"actions": [{"act": "SELECT", "canonical_values": [], "slot": "", "values": []}], "service": "Trains_1", "slots": [], "state": {"active_intent": "FindTrains", "requested_slots": [], "slot_values": {"date_of_journey": ["13th of March"], "from": ["LAX"], "journey_start_time": ["6 am"], "to": ["Anaheim"]}}}], "speaker": "USER", "utterance": "Okay, The train sounds good to me."}, {"frames": [{"actions": [{"act": "OFFER_INTENT", "canonical_values": ["GetTrainTickets"], "slot": "intent", "values": ["GetTrainTickets"]}], "service": "Trains_1", "slots": []}], "speaker": "SYSTEM", "utterance": "Would you like me to buy tickets for you?"}, {"frames": [{"actions": [{"act": "AFFIRM_INTENT", "canonical_values": [], "slot": "", "values": []}], "service": "Trains_1", "slots": [], "state": {"active_intent": "GetTrainTickets", "requested_slots": [], "slot_values": {"date_of_journey": ["13th of March"], "from": ["LAX"], "journey_start_time": ["6 am"], "to": ["Anaheim"]}}}], "speaker": "USER", "utterance": "Yes, I would like to book a ticket."}, {"frames": [{"actions": [{"act": "REQUEST", "canonical_values": [], "slot": "number_of_adults", "values": []}, {"act": "REQUEST", "canonical_values": [], "slot": "trip_protection", "values": []}], "service": "Trains_1", "slots": []}], "speaker": "SYSTEM", "utterance": "Can you tell me the number of tickets and whether you need travel insurance?"}, {"frames": [{"actions": [{"act": "INFORM", "canonical_values": ["True"], "slot": "trip_protection", "values": ["True"]}, {"act": "INFORM", "canonical_values": ["1"], "slot": "number_of_adults", "values": ["1"]}], "service": "Trains_1", "slots": [], "state": {"active_intent": "GetTrainTickets", "requested_slots": [], "slot_values": {"date_of_journey": ["13th of March"], "from": ["LAX"], "journey_start_time": ["6 am"], "number_of_adults": ["1"], "to": ["Anaheim"], "trip_protection": ["True"]}}}], "speaker": "USER", "utterance": "I would like to book one seat and I would also like to have the travel insurance."}, {"frames": [{"actions": [{"act": "CONFIRM", "canonical_values": ["Los Angeles"], "slot": "from", "values": ["Los Angeles"]}, {"act": "CONFIRM", "canonical_values": ["Anaheim"], "slot": "to", "values": ["Anaheim"]}, {"act": "CONFIRM", "canonical_values": ["2019-03-13"], "slot": "date_of_journey", "values": ["March 13th"]}, {"act": "CONFIRM", "canonical_values": ["06:00"], "slot": "journey_start_time", "values": ["6 am"]}, {"act": "CONFIRM", "canonical_values": ["1"], "slot": "number_of_adults", "values": ["1"]}, {"act": "CONFIRM", "canonical_values": ["True"], "slot": "trip_protection", "values": ["True"]}, {"act": "CONFIRM", "canonical_values": ["Value"], "slot": "class", "values": ["Value"]}], "service": "Trains_1", "slots": [{"exclusive_end": 86, "slot": "from", "start": 75}, {"exclusive_end": 97, "slot": "to", "start": 90}, {"exclusive_end": 111, "slot": "date_of_journey", "start": 101}, {"exclusive_end": 119, "slot": "journey_start_time", "start": 115}]}], "speaker": "SYSTEM", "utterance": "Please confirm: You want me to book 1 value ticket in a train leaving from Los Angeles to Anaheim on March 13th at 6 am."}, {"frames": [{"actions": [{"act": "AFFIRM", "canonical_values": [], "slot": "", "values": []}], "service": "Trains_1", "slots": [], "state": {"active_intent": "GetTrainTickets", "requested_slots": [], "slot_values": {"class": ["Value"], "date_of_journey": ["13th of March", "March 13th"], "from": ["LAX", "Los Angeles"], "journey_start_time": ["6 am"], "number_of_adults": ["1"], "to": ["Anaheim"], "trip_protection": ["True"]}}}], "speaker": "USER", "utterance": "Yes, That is correct."}, {"frames": [{"actions": [{"act": "NOTIFY_SUCCESS", "canonical_values": [], "slot": "", "values": []}], "service": "Trains_1", "service_call": {"method": "GetTrainTickets", "parameters": {"class": "Value", "date_of_journey": "2019-03-13", "from": "Los Angeles", "journey_start_time": "06:00", "number_of_adults": "1", "to": "Anaheim", "trip_protection": "True"}}, "service_results": [{"class": "Value", "date_of_journey": "2019-03-13", "from": "Los Angeles", "from_station": "Union Station", "journey_start_time": "06:00", "number_of_adults": "1", "to": "Anaheim", "to_station": "Anaheim Intermodal Center", "total": "38", "trip_protection": "True"}], "slots": []}], "speaker": "SYSTEM", "utterance": "I have successfully booked the tickets for you."}, {"frames": [{"actions": [{"act": "REQUEST", "canonical_values": [], "slot": "to_station", "values": []}], "service": "Trains_1", "slots": [], "state": {"active_intent": "GetTrainTickets", "requested_slots": ["to_station"], "slot_values": {"class": ["Value"], "date_of_journey": ["13th of March", "March 13th"], "from": ["LAX", "Los Angeles"], "journey_start_time": ["6 am"], "number_of_adults": ["1"], "to": ["Anaheim"], "trip_protection": ["True"]}}}], "speaker": "USER", "utterance": "Can you tell me the name of the station where the train arrives?"}, {"frames": [{"actions": [{"act": "INFORM", "canonical_values": ["Anaheim Intermodal Center"], "slot": "to_station", "values": ["Anaheim Intermodal Center"]}], "service": "Trains_1", "slots": [{"exclusive_end": 52, "slot": "to_station", "start": 27}]}], "speaker": "SYSTEM", "utterance": "The name of the station is Anaheim Intermodal Center."}, {"frames": [{"actions": [{"act": "THANK_YOU", "canonical_values": [], "slot": "", "values": []}], "service": "Trains_1", "slots": [], "state": {"active_intent": "GetTrainTickets", "requested_slots": [], "slot_values": {"class": ["Value"], "date_of_journey": ["13th of March", "March 13th"], "from": ["LAX", "Los Angeles"], "journey_start_time": ["6 am"], "number_of_adults": ["1"], "to": ["Anaheim"], "trip_protection": ["True"]}}}], "speaker": "USER", "utterance": "Thank you for all your help."}, {"frames": [{"actions": [{"act": "REQ_MORE", "canonical_values": [], "slot": "", "values": []}], "service": "Trains_1", "slots": []}], "speaker": "SYSTEM", "utterance": "Is there anything else I can help you with?"}, {"frames": [{"actions": [{"act": "NEGATE", "canonical_values": [], "slot": "", "values": []}, {"act": "THANK_YOU", "canonical_values": [], "slot": "", "values": []}], "service": "Trains_1", "slots": [], "state": {"active_intent": "NONE", "requested_slots": [], "slot_values": {"class": ["Value"], "date_of_journey": ["13th of March", "March 13th"], "from": ["LAX", "Los Angeles"], "journey_start_time": ["6 am"], "number_of_adults": ["1"], "to": ["Anaheim"], "trip_protection": ["True"]}}}], "speaker": "USER", "utterance": "No. That will be all. Thank you!"}, {"frames": [{"actions": [{"act": "GOODBYE", "canonical_values": [], "slot": "", "values": []}], "service": "Trains_1", "slots": []}], "speaker": "SYSTEM", "utterance": "I am glad I could help. See you!"}]}, {"dialogue_id": "9_00003", "services": ["Trains_1"], "turns": [{"frames": [{"actions": [{"act": "INFORM", "canonical_values": ["Chicago"], "slot": "to", "values": ["Chicago"]}, {"act": "INFORM", "canonical_values": ["2019-03-12"], "slot": "date_of_journey", "values": ["the 12th"]}, {"act": "INFORM", "canonical_values": ["Business"], "slot": "class", "values": ["Business"]}, {"act": "INFORM_INTENT", "canonical_values": ["FindTrains"], "slot": "intent", "values": ["FindTrains"]}], "service": "Trains_1", "slots": [{"exclusive_end": 58, "slot": "to", "start": 51}, {"exclusive_end": 70, "slot": "date_of_journey", "start": 62}], "state": {"active_intent": "FindTrains", "requested_slots": [], "slot_values": {"class": ["Business"], "date_of_journey": ["the 12th"], "to": ["Chicago"]}}}], "speaker": "USER", "utterance": "Can you find me luxurious train tickets heading to Chicago on the 12th please"}, {"frames": [{"actions": [{"act": "REQUEST", "canonical_values": [], "slot": "from", "values": []}], "service": "Trains_1", "slots": []}], "speaker": "SYSTEM", "utterance": "What city are you coming from?"}, {"frames": [{"actions": [{"act": "INFORM", "canonical_values": ["Washington"], "slot": "from", "values": ["Washington"]}], "service": "Trains_1", "slots": [{"exclusive_end": 36, "slot": "from", "start": 26}], "state": {"active_intent": "FindTrains", "requested_slots": [], "slot_values": {"class": ["Business"], "date_of_journey": ["the 12th"], "from": ["Washington"], "to": ["Chicago"]}}}], "speaker": "USER", "utterance": "I am gonna be starting at Washington"}, {"frames": [{"actions": [{"act": "OFFER", "canonical_values": ["09:40"], "slot": "journey_start_time", "values": ["9:40 am"]}, {"act": "OFFER", "canonical_values": ["157"], "slot": "total", "values": ["$157"]}], "service": "Trains_1", "service_call": {"method": "FindTrains", "parameters": {"class": "Business", "date_of_journey": "2019-03-12", "from": "Washington", "to": "Chicago"}}, "service_results": [{"class": "Business", "date_of_journey": "2019-03-12", "from": "Washington", "from_station": "Union Station", "journey_start_time": "09:40", "number_of_adults": "1", "to": "Chicago", "to_station": "Chicago Union Station", "total": "157", "trip_protection": "True"}, {"class": "Business", "date_of_journey": "2019-03-12", "from": "Washington", "from_station": "Union Station", "journey_start_time": "11:10", "number_of_adults": "1", "to": "Chicago", "to_station": "Chicago Union Station", "total": "140", "trip_protection": "True"}, {"class": "Business", "date_of_journey": "2019-03-12", "from": "Washington", "from_station": "Union Station", "journey_start_time": "12:40", "number_of_adults": "1", "to": "Chicago", "to_station": "Chicago Union Station", "total": "145", "trip_protection": "True"}, {"class": "Business", "date_of_journey": "2019-03-12", "from": "Washington", "from_station": "Union Station", "journey_start_time": "13:40", "number_of_adults": "1", "to": "Chicago", "to_station": "Chicago Union Station", "total": "143", "trip_protection": "True"}, {"class": "Business", "date_of_journey": "2019-03-12", "from": "Washington", "from_station": "Union Station", "journey_start_time": "14:30", "number_of_adults": "1", "to": "Chicago", "to_station": "Chicago Union Station", "total": "144", "trip_protection": "True"}], "slots": [{"exclusive_end": 31, "slot": "journey_start_time", "start": 24}, {"exclusive_end": 20, "slot": "total", "start": 16}]}], "speaker": "SYSTEM", "utterance": "There's one for $157 at 9:40 am if that works for you?"}, {"frames": [{"actions": [{"act": "INFORM_INTENT", "canonical_values": ["GetTrainTickets"], "slot": "intent", "values": ["GetTrainTickets"]}, {"act": "SELECT", "canonical_values": [], "slot": "", "values": []}], "service": "Trains_1", "slots": [], "state": {"active_intent": "GetTrainTickets", "requested_slots": [], "slot_values": {"class": ["Business"], "date_of_journey": ["the 12th"], "from": ["Washington"], "journey_start_time": ["9:40 am"], "to": ["Chicago"]}}}], "speaker": "USER", "utterance": "That works, book that for me"}, {"frames": [{"actions": [{"act": "REQUEST", "canonical_values": [], "slot": "trip_protection", "values": []}], "service": "Trains_1", "slots": []}], "speaker": "SYSTEM", "utterance": "Do you want travel insurance for this?"}, {"frames": [{"actions": [{"act": "INFORM", "canonical_values": ["True"], "slot": "trip_protection", "values": ["True"]}], "service": "Trains_1", "slots": [], "state": {"active_intent": "GetTrainTickets", "requested_slots": [], "slot_values": {"class": ["Business"], "date_of_journey": ["the 12th"], "from": ["Washington"], "journey_start_time": ["9:40 am"], "to": ["Chicago"], "trip_protection": ["True"]}}}], "speaker": "USER", "utterance": "Yes that would be lovely"}, {"frames": [{"actions": [{"act": "REQUEST", "canonical_values": [], "slot": "number_of_adults", "values": []}], "service": "Trains_1", "slots": []}], "speaker": "SYSTEM", "utterance": "How many tickets then?"}, {"frames": [{"actions": [{"act": "INFORM", "canonical_values": ["1"], "slot": "number_of_adults", "values": ["1"]}], "service": "Trains_1", "slots": [], "state": {"active_intent": "GetTrainTickets", "requested_slots": [], "slot_values": {"class": ["Business"], "date_of_journey": ["the 12th"], "from": ["Washington"], "journey_start_time": ["9:40 am"], "number_of_adults": ["1"], "to": ["Chicago"], "trip_protection": ["True"]}}}], "speaker": "USER", "utterance": "I only need 1 seat please"}, {"frames": [{"actions": [{"act": "CONFIRM", "canonical_values": ["Washington"], "slot": "from", "values": ["Washington"]}, {"act": "CONFIRM", "canonical_values": ["Chicago"], "slot": "to", "values": ["Chicago"]}, {"act": "CONFIRM", "canonical_values": ["2019-03-12"], "slot": "date_of_journey", "values": ["March 12th"]}, {"act": "CONFIRM", "canonical_values": ["09:40"], "slot": "journey_start_time", "values": ["9:40 am"]}, {"act": "CONFIRM", "canonical_values": ["1"], "slot": "number_of_adults", "values": ["1"]}, {"act": "CONFIRM", "canonical_values": ["True"], "slot": "trip_protection", "values": ["True"]}, {"act": "CONFIRM", "canonical_values": ["Business"], "slot": "class", "values": ["Business"]}], "service": "Trains_1", "slots": [{"exclusive_end": 64, "slot": "from", "start": 54}, {"exclusive_end": 48, "slot": "to", "start": 41}, {"exclusive_end": 111, "slot": "date_of_journey", "start": 101}, {"exclusive_end": 79, "slot": "journey_start_time", "start": 72}]}], "speaker": "SYSTEM", "utterance": "Confirming you want 1 business ticket to Chicago from Washington on the 9:40 am train that leaves on March 12th?"}, {"frames": [{"actions": [{"act": "REQUEST", "canonical_values": [], "slot": "from_station", "values": []}, {"act": "REQUEST", "canonical_values": [], "slot": "to_station", "values": []}, {"act": "AFFIRM", "canonical_values": [], "slot": "", "values": []}], "service": "Trains_1", "slots": [], "state": {"active_intent": "GetTrainTickets", "requested_slots": ["from_station", "to_station"], "slot_values": {"class": ["Business"], "date_of_journey": ["March 12th", "the 12th"], "from": ["Washington"], "journey_start_time": ["9:40 am"], "number_of_adults": ["1"], "to": ["Chicago"], "trip_protection": ["True"]}}}], "speaker": "USER", "utterance": "Yes please, what station does this train leave from and arrive at?"}, {"frames": [{"actions": [{"act": "INFORM", "canonical_values": ["Chicago Union Station"], "slot": "to_station", "values": ["Chicago Union Station"]}, {"act": "INFORM", "canonical_values": ["Union Station"], "slot": "from_station", "values": ["Union Station"]}, {"act": "NOTIFY_SUCCESS", "canonical_values": [], "slot": "", "values": []}], "service": "Trains_1", "service_call": {"method": "GetTrainTickets", "parameters": {"class": "Business", "date_of_journey": "2019-03-12", "from": "Washington", "journey_start_time": "09:40", "number_of_adults": "1", "to": "Chicago", "trip_protection": "True"}}, "service_results": [{"class": "Business", "date_of_journey": "2019-03-12", "from": "Washington", "from_station": "Union Station", "journey_start_time": "09:40", "number_of_adults": "1", "to": "Chicago", "to_station": "Chicago Union Station", "total": "157", "trip_protection": "True"}], "slots": [{"exclusive_end": 107, "slot": "to_station", "start": 86}, {"exclusive_end": 57, "slot": "from_station", "start": 44}]}], "speaker": "SYSTEM", "utterance": "Your tickets are booked! And it leaves from Union Station with a final destination at Chicago Union Station"}, {"frames": [{"actions": [{"act": "THANK_YOU", "canonical_values": [], "slot": "", "values": []}, {"act": "GOODBYE", "canonical_values": [], "slot": "", "values": []}], "service": "Trains_1", "slots": [], "state": {"active_intent": "GetTrainTickets", "requested_slots": [], "slot_values": {"class": ["Business"], "date_of_journey": ["March 12th", "the 12th"], "from": ["Washington"], "journey_start_time": ["9:40 am"], "number_of_adults": ["1"], "to": ["Chicago"], "trip_protection": ["True"]}}}], "speaker": "USER", "utterance": "Thanks for everything, you were super helpful"}, {"frames": [{"actions": [{"act": "GOODBYE", "canonical_values": [], "slot": "", "values": []}], "service": "Trains_1", "slots": []}], "speaker": "SYSTEM", "utterance": "I am glad I could help, see you soon"}]}, {"dialogue_id": "9_00004", "services": ["Trains_1"], "turns": [{"frames": [{"actions": [{"act": "INFORM_INTENT", "canonical_values": ["FindTrains"], "slot": "intent", "values": ["FindTrains"]}], "service": "Trains_1", "slots": [], "state": {"active_intent": "FindTrains", "requested_slots": [], "slot_values": {}}}], "speaker": "USER", "utterance": "I need a train."}, {"frames": [{"actions": [{"act": "REQUEST", "canonical_values": [], "slot": "to", "values": []}, {"act": "REQUEST", "canonical_values": [], "slot": "date_of_journey", "values": []}, {"act": "REQUEST", "canonical_values": [], "slot": "from", "values": []}], "service": "Trains_1", "slots": []}], "speaker": "SYSTEM", "utterance": "Which cities will you leave and go to? What date will you travel?"}, {"frames": [{"actions": [{"act": "INFORM", "canonical_values": ["Sacramento"], "slot": "to", "values": ["Sacramento, Ca"]}, {"act": "INFORM", "canonical_values": ["2019-03-07"], "slot": "date_of_journey", "values": ["7th of this month"]}, {"act": "INFORM", "canonical_values": ["San Diego"], "slot": "from", "values": ["San Diego"]}], "service": "Trains_1", "slots": [{"exclusive_end": 28, "slot": "to", "start": 14}, {"exclusive_end": 66, "slot": "date_of_journey", "start": 49}, {"exclusive_end": 41, "slot": "from", "start": 32}], "state": {"active_intent": "FindTrains", "requested_slots": [], "slot_values": {"date_of_journey": ["7th of this month"], "from": ["San Diego"], "to": ["Sacramento, Ca"]}}}], "speaker": "USER", "utterance": "I'm headed to Sacramento, Ca to San Diego on the 7th of this month."}, {"frames": [{"actions": [{"act": "OFFER", "canonical_values": ["06:10"], "slot": "journey_start_time", "values": ["6:10 am"]}, {"act": "OFFER", "canonical_values": ["148"], "slot": "total", "values": ["$148"]}], "service": "Trains_1", "service_call": {"method": "FindTrains", "parameters": {"date_of_journey": "2019-03-07", "from": "San Diego", "to": "Sacramento"}}, "service_results": [{"class": "Value", "date_of_journey": "2019-03-07", "from": "San Diego", "from_station": "Santa Fe Depot", "journey_start_time": "06:10", "number_of_adults": "1", "to": "Sacramento", "to_station": "Sacramento Valley Station", "total": "148", "trip_protection": "True"}, {"class": "Value", "date_of_journey": "2019-03-07", "from": "San Diego", "from_station": "Santa Fe Depot", "journey_start_time": "06:40", "number_of_adults": "1", "to": "Sacramento", "to_station": "Sacramento Valley Station", "total": "146", "trip_protection": "True"}, {"class": "Value", "date_of_journey": "2019-03-07", "from": "San Diego", "from_station": "Santa Fe Depot", "journey_start_time": "07:30", "number_of_adults": "1", "to": "Sacramento", "to_station": "Sacramento Valley Station", "total": "152", "trip_protection": "True"}, {"class": "Value", "date_of_journey": "2019-03-07", "from": "San Diego", "from_station": "Santa Fe Depot", "journey_start_time": "08:00", "number_of_adults": "1", "to": "Sacramento", "to_station": "Sacramento Valley Station", "total": "138", "trip_protection": "True"}, {"class": "Value", "date_of_journey": "2019-03-07", "from": "San Diego", "from_station": "Santa Fe Depot", "journey_start_time": "08:10", "number_of_adults": "1", "to": "Sacramento", "to_station": "Sacramento Valley Station", "total": "148", "trip_protection": "True"}, {"class": "Value", "date_of_journey": "2019-03-07", "from": "San Diego", "from_station": "Santa Fe Depot", "journey_start_time": "10:20", "number_of_adults": "1", "to": "Sacramento", "to_station": "Sacramento Valley Station", "total": "157", "trip_protection": "True"}, {"class": "Value", "date_of_journey": "2019-03-07", "from": "San Diego", "from_station": "Santa Fe Depot", "journey_start_time": "10:40", "number_of_adults": "1", "to": "Sacramento", "to_station": "Sacramento Valley Station", "total": "152", "trip_protection": "True"}, {"class": "Value", "date_of_journey": "2019-03-07", "from": "San Diego", "from_station": "Santa Fe Depot", "journey_start_time": "16:00", "number_of_adults": "1", "to": "Sacramento", "to_station": "Sacramento Valley Station", "total": "142", "trip_protection": "True"}, {"class": "Value", "date_of_journey": "2019-03-07", "from": "San Diego", "from_station": "Santa Fe Depot", "journey_start_time": "19:40", "number_of_adults": "1", "to": "Sacramento", "to_station": "Sacramento Valley Station", "total": "143", "trip_protection": "True"}], "slots": [{"exclusive_end": 21, "slot": "journey_start_time", "start": 14}, {"exclusive_end": 30, "slot": "total", "start": 26}]}], "speaker": "SYSTEM", "utterance": "You can go at 6:10 am for $148."}, {"frames": [{"actions": [{"act": "REQUEST", "canonical_values": [], "slot": "from_station", "values": []}], "service": "Trains_1", "slots": [], "state": {"active_intent": "FindTrains", "requested_slots": ["from_station"], "slot_values": {"date_of_journey": ["7th of this month"], "from": ["San Diego"], "to": ["Sacramento, Ca"]}}}], "speaker": "USER", "utterance": "What station is it from?"}, {"frames": [{"actions": [{"act": "INFORM", "canonical_values": ["Santa Fe Depot"], "slot": "from_station", "values": ["Santa Fe Depot"]}], "service": "Trains_1", "slots": [{"exclusive_end": 30, "slot": "from_station", "start": 16}]}], "speaker": "SYSTEM", "utterance": "It departs from Santa Fe Depot."}, {"frames": [{"actions": [{"act": "INFORM", "canonical_values": ["2"], "slot": "number_of_adults", "values": ["2"]}, {"act": "REQUEST_ALTS", "canonical_values": [], "slot": "", "values": []}], "service": "Trains_1", "slots": [], "state": {"active_intent": "FindTrains", "requested_slots": [], "slot_values": {"date_of_journey": ["7th of this month"], "from": ["San Diego"], "number_of_adults": ["2"], "to": ["Sacramento, Ca"]}}}], "speaker": "USER", "utterance": "Aren't there later trains? I need two seats."}, {"frames": [{"actions": [{"act": "OFFER", "canonical_values": ["06:40"], "slot": "journey_start_time", "values": ["6:40 am"]}, {"act": "OFFER", "canonical_values": ["274"], "slot": "total", "values": ["$274"]}, {"act": "INFORM_COUNT", "canonical_values": ["8"], "slot": "count", "values": ["8"]}], "service": "Trains_1", "service_call": {"method": "FindTrains", "parameters": {"date_of_journey": "2019-03-07", "from": "San Diego", "number_of_adults": "2", "to": "Sacramento"}}, "service_results": [{"class": "Value", "date_of_journey": "2019-03-07", "from": "San Diego", "from_station": "Santa Fe Depot", "journey_start_time": "06:10", "number_of_adults": "2", "to": "Sacramento", "to_station": "Sacramento Valley Station", "total": "283", "trip_protection": "True"}, {"class": "Value", "date_of_journey": "2019-03-07", "from": "San Diego", "from_station": "Santa Fe Depot", "journey_start_time": "06:40", "number_of_adults": "2", "to": "Sacramento", "to_station": "Sacramento Valley Station", "total": "274", "trip_protection": "True"}, {"class": "Value", "date_of_journey": "2019-03-07", "from": "San Diego", "from_station": "Santa Fe Depot", "journey_start_time": "07:30", "number_of_adults": "2", "to": "Sacramento", "to_station": "Sacramento Valley Station", "total": "285", "trip_protection": "True"}, {"class": "Value", "date_of_journey": "2019-03-07", "from": "San Diego", "from_station": "Santa Fe Depot", "journey_start_time": "08:00", "number_of_adults": "2", "to": "Sacramento", "to_station": "Sacramento Valley Station", "total": "260", "trip_protection": "True"}, {"class": "Value", "date_of_journey": "2019-03-07", "from": "San Diego", "from_station": "Santa Fe Depot", "journey_start_time": "08:10", "number_of_adults": "2", "to": "Sacramento", "to_station": "Sacramento Valley Station", "total": "281", "trip_protection": "True"}, {"class": "Value", "date_of_journey": "2019-03-07", "from": "San Diego", "from_station": "Santa Fe Depot", "journey_start_time": "10:20", "number_of_adults": "2", "to": "Sacramento", "to_station": "Sacramento Valley Station", "total": "300", "trip_protection": "True"}, {"class": "Value", "date_of_journey": "2019-03-07", "from": "San Diego", "from_station": "Santa Fe Depot", "journey_start_time": "10:40", "number_of_adults": "2", "to": "Sacramento", "to_station": "Sacramento Valley Station", "total": "286", "trip_protection": "True"}, {"class": "Value", "date_of_journey": "2019-03-07", "from": "San Diego", "from_station": "Santa Fe Depot", "journey_start_time": "16:00", "number_of_adults": "2", "to": "Sacramento", "to_station": "Sacramento Valley Station", "total": "269", "trip_protection": "True"}], "slots": [{"exclusive_end": 51, "slot": "journey_start_time", "start": 44}, {"exclusive_end": 60, "slot": "total", "start": 56}]}], "speaker": "SYSTEM", "utterance": "There are 8 others. Next departing would be 6:40 am for $274."}, {"frames": [{"actions": [{"act": "REQUEST", "canonical_values": [], "slot": "from_station", "values": []}], "service": "Trains_1", "slots": [], "state": {"active_intent": "FindTrains", "requested_slots": ["from_station"], "slot_values": {"date_of_journey": ["7th of this month"], "from": ["San Diego"], "number_of_adults": ["2"], "to": ["Sacramento, Ca"]}}}], "speaker": "USER", "utterance": "Which station does it depart from?"}, {"frames": [{"actions": [{"act": "INFORM", "canonical_values": ["Santa Fe Depot"], "slot": "from_station", "values": ["Santa Fe Depot"]}], "service": "Trains_1", "slots": [{"exclusive_end": 34, "slot": "from_station", "start": 20}]}], "speaker": "SYSTEM", "utterance": "It also leaves from Santa Fe Depot."}, {"frames": [{"actions": [{"act": "INFORM", "canonical_values": ["Anaheim"], "slot": "from", "values": ["Anaheim, CA"]}, {"act": "REQUEST_ALTS", "canonical_values": [], "slot": "", "values": []}], "service": "Trains_1", "slots": [{"exclusive_end": 59, "slot": "from", "start": 48}], "state": {"active_intent": "FindTrains", "requested_slots": [], "slot_values": {"date_of_journey": ["7th of this month"], "from": ["Anaheim, CA"], "number_of_adults": ["2"], "to": ["Sacramento, Ca"]}}}], "speaker": "USER", "utterance": "Can't you get something later. I'm heading from Anaheim, CA."}, {"frames": [{"actions": [{"act": "OFFER", "canonical_values": ["06:50"], "slot": "journey_start_time", "values": ["6:50 am"]}, {"act": "OFFER", "canonical_values": ["233"], "slot": "total", "values": ["$233"]}, {"act": "INFORM_COUNT", "canonical_values": ["10"], "slot": "count", "values": ["10"]}], "service": "Trains_1", "service_call": {"method": "FindTrains", "parameters": {"date_of_journey": "2019-03-07", "from": "Anaheim", "number_of_adults": "2", "to": "Sacramento"}}, "service_results": [{"class": "Value", "date_of_journey": "2019-03-07", "from": "Anaheim", "from_station": "Anaheim Intermodal Center", "journey_start_time": "06:50", "number_of_adults": "2", "to": "Sacramento", "to_station": "Sacramento Valley Station", "total": "233", "trip_protection": "True"}, {"class": "Value", "date_of_journey": "2019-03-07", "from": "Anaheim", "from_station": "Anaheim Intermodal Center", "journey_start_time": "07:10", "number_of_adults": "2", "to": "Sacramento", "to_station": "Sacramento Valley Station", "total": "293", "trip_protection": "True"}, {"class": "Value", "date_of_journey": "2019-03-07", "from": "Anaheim", "from_station": "Anaheim Intermodal Center", "journey_start_time": "07:40", "number_of_adults": "2", "to": "Sacramento", "to_station": "Sacramento Valley Station", "total": "264", "trip_protection": "True"}, {"class": "Value", "date_of_journey": "2019-03-07", "from": "Anaheim", "from_station": "Anaheim Intermodal Center", "journey_start_time": "08:10", "number_of_adults": "2", "to": "Sacramento", "to_station": "Sacramento Valley Station", "total": "228", "trip_protection": "True"}, {"class": "Value", "date_of_journey": "2019-03-07", "from": "Anaheim", "from_station": "Anaheim Intermodal Center", "journey_start_time": "11:00", "number_of_adults": "2", "to": "Sacramento", "to_station": "Sacramento Valley Station", "total": "245", "trip_protection": "True"}, {"class": "Value", "date_of_journey": "2019-03-07", "from": "Anaheim", "from_station": "Anaheim Intermodal Center", "journey_start_time": "12:30", "number_of_adults": "2", "to": "Sacramento", "to_station": "Sacramento Valley Station", "total": "290", "trip_protection": "True"}, {"class": "Value", "date_of_journey": "2019-03-07", "from": "Anaheim", "from_station": "Anaheim Intermodal Center", "journey_start_time": "14:50", "number_of_adults": "2", "to": "Sacramento", "to_station": "Sacramento Valley Station", "total": "273", "trip_protection": "True"}, {"class": "Value", "date_of_journey": "2019-03-07", "from": "Anaheim", "from_station": "Anaheim Intermodal Center", "journey_start_time": "17:00", "number_of_adults": "2", "to": "Sacramento", "to_station": "Sacramento Valley Station", "total": "225", "trip_protection": "True"}, {"class": "Value", "date_of_journey": "2019-03-07", "from": "Anaheim", "from_station": "Anaheim Intermodal Center", "journey_start_time": "17:10", "number_of_adults": "2", "to": "Sacramento", "to_station": "Sacramento Valley Station", "total": "232", "trip_protection": "True"}, {"class": "Value", "date_of_journey": "2019-03-07", "from": "Anaheim", "from_station": "Anaheim Intermodal Center", "journey_start_time": "18:00", "number_of_adults": "2", "to": "Sacramento", "to_station": "Sacramento Valley Station", "total": "230", "trip_protection": "True"}], "slots": [{"exclusive_end": 60, "slot": "journey_start_time", "start": 53}, {"exclusive_end": 78, "slot": "total", "start": 74}]}], "speaker": "SYSTEM", "utterance": "There are 10 trains from there, starting as early as 6:50 am. The cost is $233."}, {"frames": [{"actions": [{"act": "SELECT", "canonical_values": [], "slot": "", "values": []}], "service": "Trains_1", "slots": [], "state": {"active_intent": "FindTrains", "requested_slots": [], "slot_values": {"date_of_journey": ["7th of this month"], "from": ["Anaheim, CA"], "journey_start_time": ["6:50 am"], "number_of_adults": ["2"], "to": ["Sacramento, Ca"]}}}], "speaker": "USER", "utterance": "That's perfect."}, {"frames": [{"actions": [{"act": "OFFER_INTENT", "canonical_values": ["GetTrainTickets"], "slot": "intent", "values": ["GetTrainTickets"]}], "service": "Trains_1", "slots": []}], "speaker": "SYSTEM", "utterance": "Shall I book your tickets now?"}, {"frames": [{"actions": [{"act": "AFFIRM_INTENT", "canonical_values": [], "slot": "", "values": []}], "service": "Trains_1", "slots": [], "state": {"active_intent": "GetTrainTickets", "requested_slots": [], "slot_values": {"date_of_journey": ["7th of this month"], "from": ["Anaheim, CA"], "journey_start_time": ["6:50 am"], "number_of_adults": ["2"], "to": ["Sacramento, Ca"]}}}], "speaker": "USER", "utterance": "Yes, lets make it."}, {"frames": [{"actions": [{"act": "REQUEST", "canonical_values": [], "slot": "trip_protection", "values": []}], "service": "Trains_1", "slots": []}], "speaker": "SYSTEM", "utterance": "How about some travel insurance for you today?"}, {"frames": [{"actions": [{"act": "INFORM", "canonical_values": ["True"], "slot": "trip_protection", "values": ["True"]}], "service": "Trains_1", "slots": [], "state": {"active_intent": "GetTrainTickets", "requested_slots": [], "slot_values": {"date_of_journey": ["7th of this month"], "from": ["Anaheim, CA"], "journey_start_time": ["6:50 am"], "number_of_adults": ["2"], "to": ["Sacramento, Ca"], "trip_protection": ["True"]}}}], "speaker": "USER", "utterance": "Yes, give me trip insurance."}, {"frames": [{"actions": [{"act": "CONFIRM", "canonical_values": ["Anaheim"], "slot": "from", "values": ["Anaheim"]}, {"act": "CONFIRM", "canonical_values": ["Sacramento"], "slot": "to", "values": ["Sacramento"]}, {"act": "CONFIRM", "canonical_values": ["2019-03-07"], "slot": "date_of_journey", "values": ["March 7th"]}, {"act": "CONFIRM", "canonical_values": ["06:50"], "slot": "journey_start_time", "values": ["6:50 am"]}, {"act": "CONFIRM", "canonical_values": ["2"], "slot": "number_of_adults", "values": ["2"]}, {"act": "CONFIRM", "canonical_values": ["True"], "slot": "trip_protection", "values": ["True"]}, {"act": "CONFIRM", "canonical_values": ["Value"], "slot": "class", "values": ["Value"]}], "service": "Trains_1", "slots": [{"exclusive_end": 47, "slot": "from", "start": 40}, {"exclusive_end": 67, "slot": "to", "start": 57}, {"exclusive_end": 80, "slot": "date_of_journey", "start": 71}, {"exclusive_end": 91, "slot": "journey_start_time", "start": 84}]}], "speaker": "SYSTEM", "utterance": "To confirm: 2 tickets for train leaving Anaheim going to Sacramento on March 7th at 6:50 am. You are getting a value ticket with trip insurance."}, {"frames": [{"actions": [{"act": "AFFIRM", "canonical_values": [], "slot": "", "values": []}], "service": "Trains_1", "slots": [], "state": {"active_intent": "GetTrainTickets", "requested_slots": [], "slot_values": {"class": ["Value"], "date_of_journey": ["7th of this month", "March 7th"], "from": ["Anaheim", "Anaheim, CA"], "journey_start_time": ["6:50 am"], "number_of_adults": ["2"], "to": ["Sacramento", "Sacramento, Ca"], "trip_protection": ["True"]}}}], "speaker": "USER", "utterance": "It's fine, thanks."}, {"frames": [{"actions": [{"act": "NOTIFY_SUCCESS", "canonical_values": [], "slot": "", "values": []}], "service": "Trains_1", "service_call": {"method": "GetTrainTickets", "parameters": {"class": "Value", "date_of_journey": "2019-03-07", "from": "Anaheim", "journey_start_time": "06:50", "number_of_adults": "2", "to": "Sacramento", "trip_protection": "True"}}, "service_results": [{"class": "Value", "date_of_journey": "2019-03-07", "from": "Anaheim", "from_station": "Anaheim Intermodal Center", "journey_start_time": "06:50", "number_of_adults": "2", "to": "Sacramento", "to_station": "Sacramento Valley Station", "total": "233", "trip_protection": "True"}], "slots": []}], "speaker": "SYSTEM", "utterance": "Your tickets are all set."}, {"frames": [{"actions": [{"act": "THANK_YOU", "canonical_values": [], "slot": "", "values": []}], "service": "Trains_1", "slots": [], "state": {"active_intent": "GetTrainTickets", "requested_slots": [], "slot_values": {"class": ["Value"], "date_of_journey": ["7th of this month", "March 7th"], "from": ["Anaheim", "Anaheim, CA"], "journey_start_time": ["6:50 am"], "number_of_adults": ["2"], "to": ["Sacramento", "Sacramento, Ca"], "trip_protection": ["True"]}}}], "speaker": "USER", "utterance": "You really are the cat's meow."}, {"frames": [{"actions": [{"act": "REQ_MORE", "canonical_values": [], "slot": "", "values": []}], "service": "Trains_1", "slots": []}], "speaker": "SYSTEM", "utterance": "Is something else needed?"}, {"frames": [{"actions": [{"act": "NEGATE", "canonical_values": [], "slot": "", "values": []}, {"act": "THANK_YOU", "canonical_values": [], "slot": "", "values": []}], "service": "Trains_1", "slots": [], "state": {"active_intent": "NONE", "requested_slots": [], "slot_values": {"class": ["Value"], "date_of_journey": ["7th of this month", "March 7th"], "from": ["Anaheim", "Anaheim, CA"], "journey_start_time": ["6:50 am"], "number_of_adults": ["2"], "to": ["Sacramento", "Sacramento, Ca"], "trip_protection": ["True"]}}}], "speaker": "USER", "utterance": "No, absolutely not."}, {"frames": [{"actions": [{"act": "GOODBYE", "canonical_values": [], "slot": "", "values": []}], "service": "Trains_1", "slots": []}], "speaker": "SYSTEM", "utterance": "Have a great trip."}]}]