[{"dialogue_id": "6_00000", "services": ["Media_2"], "turns": [{"frames": [{"actions": [{"act": "INFORM_INTENT", "canonical_values": ["FindMovies"], "slot": "intent", "values": ["FindMovies"]}], "service": "Media_2", "slots": [], "state": {"active_intent": "FindMovies", "requested_slots": [], "slot_values": {}}}], "speaker": "USER", "utterance": "Find me a movie to see."}, {"frames": [{"actions": [{"act": "REQUEST", "canonical_values": [], "slot": "genre", "values": []}], "service": "Media_2", "slots": []}], "speaker": "SYSTEM", "utterance": "What type of movie do you want?"}, {"frames": [{"actions": [{"act": "INFORM", "canonical_values": ["Comedy"], "slot": "genre", "values": ["Comic"]}], "service": "Media_2", "slots": [{"exclusive_end": 24, "slot": "genre", "start": 19}], "state": {"active_intent": "FindMovies", "requested_slots": [], "slot_values": {"genre": ["Comic"]}}}], "speaker": "USER", "utterance": "I am looking for a Comic movie."}, {"frames": [{"actions": [{"act": "OFFER", "canonical_values": ["A Madea Family Funeral", "Auntie Mame", "Dr. Strangelove"], "slot": "movie_name", "values": ["A Madea Family Funeral", "Auntie Mame", "Dr. STrangelove"]}], "service": "Media_2", "service_call": {"method": "FindMovies", "parameters": {"genre": "Comedy"}}, "service_results": [{"actors": "David Dunston", "director": "Tyler Perry", "genre": "Comedy", "movie_name": "A Madea Family Funeral", "price": "4", "subtitle_language": "Mandarin"}, {"actors": "Saundra Edwards", "director": "Morton DaCosta", "genre": "Comedy", "movie_name": "Auntie Mame", "price": "3", "subtitle_language": "None"}, {"actors": "Roy Stephens", "director": "Stanley Kubrick", "genre": "Comedy", "movie_name": "Dr. Strangelove", "price": "5", "subtitle_language": "None"}, {"actors": "Karan Kendrick", "director": "Laura Steinel", "genre": "Comedy", "movie_name": "Family", "price": "6", "subtitle_language": "None"}, {"actors": "Tyson Ritter", "director": "Sebastian Lelio", "genre": "Comedy", "movie_name": "Gloria Bell", "price": "4", "subtitle_language": "None"}, {"actors": "Von Lewis", "director": "Peter Farrelly", "genre": "Comedy", "movie_name": "Green Book", "price": "4", "subtitle_language": "Spanish"}, {"actors": "Kevin Blatch", "director": "Harry Elfont", "genre": "Comedy", "movie_name": "Josie and the Pussycats", "price": "7", "subtitle_language": "None"}, {"actors": "Palmer Williams Jr.", "director": "Tina Gordon", "genre": "Comedy", "movie_name": "Little", "price": "4", "subtitle_language": "None"}, {"actors": "Kurt Braunohler", "director": "Jonathan Levine", "genre": "Comedy", "movie_name": "Long Shot", "price": "6", "subtitle_language": "None"}, {"actors": "Stephen Fry", "director": "Chris Butler", "genre": "Comedy", "movie_name": "Missing Link", "price": "8", "subtitle_language": "Spanish"}], "slots": [{"exclusive_end": 34, "slot": "movie_name", "start": 12}, {"exclusive_end": 47, "slot": "movie_name", "start": 36}, {"exclusive_end": 67, "slot": "movie_name", "start": 52}]}], "speaker": "SYSTEM", "utterance": "Do you like A Madea Family Funeral, Auntie Mame, or Dr. STrangelove?"}, {"frames": [{"actions": [{"act": "INFORM", "canonical_values": ["Harry Elfont"], "slot": "director", "values": ["Harry Elfont"]}, {"act": "INFORM", "canonical_values": ["Mark Seliger"], "slot": "actors", "values": ["Mark Seliger"]}, {"act": "REQUEST_ALTS", "canonical_values": [], "slot": "", "values": []}], "service": "Media_2", "slots": [{"exclusive_end": 68, "slot": "director", "start": 56}, {"exclusive_end": 90, "slot": "actors", "start": 78}], "state": {"active_intent": "FindMovies", "requested_slots": [], "slot_values": {"actors": ["Mark Seliger"], "director": ["Harry Elfont"], "genre": ["Comic"]}}}], "speaker": "USER", "utterance": "What else do you have? Can you find a movie directed by Harry Elfont starring Mark Seliger?"}, {"frames": [{"actions": [{"act": "OFFER", "canonical_values": ["Josie and the Pussycats"], "slot": "movie_name", "values": ["Josie and the Pussycats"]}], "service": "Media_2", "service_call": {"method": "FindMovies", "parameters": {"actors": "Mark Seliger", "director": "Harry Elfont", "genre": "Comedy"}}, "service_results": [{"actors": "Mark Seliger", "director": "Harry Elfont", "genre": "Comedy", "movie_name": "Josie and the Pussycats", "price": "5", "subtitle_language": "None"}], "slots": [{"exclusive_end": 35, "slot": "movie_name", "start": 12}]}], "speaker": "SYSTEM", "utterance": "Do you like Josie and the Pussycats?"}, {"frames": [{"actions": [{"act": "SELECT", "canonical_values": ["Josie and the Pussycats"], "slot": "movie_name", "values": ["Josie and the Pussycats"]}], "service": "Media_2", "slots": [{"exclusive_end": 23, "slot": "movie_name", "start": 0}], "state": {"active_intent": "FindMovies", "requested_slots": [], "slot_values": {"actors": ["Mark Seliger"], "director": ["Harry Elfont"], "genre": ["Comic"], "movie_name": ["Josie and the Pussycats"]}}}], "speaker": "USER", "utterance": "Josie and the Pussycats works for me."}, {"frames": [{"actions": [{"act": "OFFER_INTENT", "canonical_values": ["RentMovie"], "slot": "intent", "values": ["RentMovie"]}], "service": "Media_2", "slots": []}], "speaker": "SYSTEM", "utterance": "Shall I rent the movie now?"}, {"frames": [{"actions": [{"act": "AFFIRM_INTENT", "canonical_values": [], "slot": "", "values": []}, {"act": "INFORM", "canonical_values": ["None"], "slot": "subtitle_language", "values": ["None"]}], "service": "Media_2", "slots": [], "state": {"active_intent": "RentMovie", "requested_slots": [], "slot_values": {"actors": ["Mark Seliger"], "director": ["Harry Elfont"], "genre": ["Comic"], "movie_name": ["Josie and the Pussycats"], "subtitle_language": ["None"]}}}], "speaker": "USER", "utterance": "Yes, rent the movie with no subtitles."}, {"frames": [{"actions": [{"act": "CONFIRM", "canonical_values": ["Josie and the Pussycats"], "slot": "movie_name", "values": ["Josie and the Pussycats"]}, {"act": "CONFIRM", "canonical_values": ["None"], "slot": "subtitle_language", "values": ["None"]}], "service": "Media_2", "slots": [{"exclusive_end": 40, "slot": "movie_name", "start": 17}]}], "speaker": "SYSTEM", "utterance": "You want to rent Josie and the Pussycats with no subtitles. Is that right?"}, {"frames": [{"actions": [{"act": "REQUEST", "canonical_values": [], "slot": "price", "values": []}, {"act": "AFFIRM", "canonical_values": [], "slot": "", "values": []}], "service": "Media_2", "slots": [], "state": {"active_intent": "RentMovie", "requested_slots": ["price"], "slot_values": {"actors": ["Mark Seliger"], "director": ["Harry Elfont"], "genre": ["Comic"], "movie_name": ["Josie and the Pussycats"], "subtitle_language": ["None"]}}}], "speaker": "USER", "utterance": "Yes, that is right and can you tell me the price of the movie?"}, {"frames": [{"actions": [{"act": "INFORM", "canonical_values": ["5"], "slot": "price", "values": ["$5"]}, {"act": "NOTIFY_SUCCESS", "canonical_values": [], "slot": "", "values": []}], "service": "Media_2", "service_call": {"method": "RentMovie", "parameters": {"movie_name": "Josie and the Pussycats", "subtitle_language": "None"}}, "service_results": [{"actors": "Mark Seliger", "director": "Harry Elfont", "genre": "Comedy", "movie_name": "Josie and the Pussycats", "price": "5", "subtitle_language": "None"}], "slots": [{"exclusive_end": 18, "slot": "price", "start": 16}]}], "speaker": "SYSTEM", "utterance": "The movie costs $5, should be viewed within 3 days and your movie rental is successful."}, {"frames": [{"actions": [{"act": "THANK_YOU", "canonical_values": [], "slot": "", "values": []}, {"act": "GOODBYE", "canonical_values": [], "slot": "", "values": []}], "service": "Media_2", "slots": [], "state": {"active_intent": "RentMovie", "requested_slots": [], "slot_values": {"actors": ["Mark Seliger"], "director": ["Harry Elfont"], "genre": ["Comic"], "movie_name": ["Josie and the Pussycats"], "subtitle_language": ["None"]}}}], "speaker": "USER", "utterance": "Thanks a lot. That is all."}, {"frames": [{"actions": [{"act": "GOODBYE", "canonical_values": [], "slot": "", "values": []}], "service": "Media_2", "slots": []}], "speaker": "SYSTEM", "utterance": "Have a great day."}]}, {"dialogue_id": "6_00001", "services": ["Media_2"], "turns": [{"frames": [{"actions": [{"act": "INFORM_INTENT", "canonical_values": ["FindMovies"], "slot": "intent", "values": ["FindMovies"]}], "service": "Media_2", "slots": [], "state": {"active_intent": "FindMovies", "requested_slots": [], "slot_values": {}}}], "speaker": "USER", "utterance": "I'm bored, I'd like to watch a movie."}, {"frames": [{"actions": [{"act": "REQUEST", "canonical_values": [], "slot": "genre", "values": []}], "service": "Media_2", "slots": []}], "speaker": "SYSTEM", "utterance": "What kind of movie?"}, {"frames": [{"actions": [{"act": "INFORM", "canonical_values": ["Drama"], "slot": "genre", "values": ["drama"]}], "service": "Media_2", "slots": [{"exclusive_end": 17, "slot": "genre", "start": 12}], "state": {"active_intent": "FindMovies", "requested_slots": [], "slot_values": {"genre": ["drama"]}}}], "speaker": "USER", "utterance": "Look in the drama section."}, {"frames": [{"actions": [{"act": "OFFER", "canonical_values": ["Dogman", "Hackers", "High Life"], "slot": "movie_name", "values": ["Dogman", "Hackers", "High Life"]}], "service": "Media_2", "service_call": {"method": "FindMovies", "parameters": {"genre": "Drama"}}, "service_results": [{"actors": "Edoardo Pesce", "director": "Matteo Garrone", "genre": "Drama", "movie_name": "Dogman", "price": "7", "subtitle_language": "None"}, {"actors": "Angelina Jolie", "director": "Iain Softley", "genre": "Drama", "movie_name": "Hackers", "price": "6", "subtitle_language": "None"}, {"actors": "Andre 3000", "director": "Claire Denis", "genre": "Drama", "movie_name": "High Life", "price": "8", "subtitle_language": "None"}, {"actors": "Luke Kirby", "director": "Nia DaCosta", "genre": "Drama", "movie_name": "Little Woods", "price": "3", "subtitle_language": "English"}, {"actors": "Chiwetel Ejiofor", "director": "Garth Davis", "genre": "Drama", "movie_name": "Mary Magdalene", "price": "7", "subtitle_language": "Mandarin"}, {"actors": "Takumi Saitoh", "director": "Eric Khoo", "genre": "Drama", "movie_name": "Ramen Shop", "price": "7", "subtitle_language": "Spanish"}, {"actors": "Robin Soans", "director": "Trevor Nunn", "genre": "Drama", "movie_name": "Red Joan", "price": "7", "subtitle_language": "Mandarin"}, {"actors": "Deng Jing", "director": "Qui Sheng", "genre": "Drama", "movie_name": "Suburban Birds", "price": "3", "subtitle_language": "Spanish"}, {"actors": "Christian Harting", "director": "Laszlo Nemes", "genre": "Drama", "movie_name": "Sunset", "price": "5", "subtitle_language": "None"}, {"actors": "Peris Wambui", "director": "Likarion Wainaina", "genre": "Drama", "movie_name": "Supa Modo", "price": "4", "subtitle_language": "None"}], "slots": [{"exclusive_end": 17, "slot": "movie_name", "start": 11}, {"exclusive_end": 26, "slot": "movie_name", "start": 19}, {"exclusive_end": 40, "slot": "movie_name", "start": 31}]}], "speaker": "SYSTEM", "utterance": "I've found Dogman, Hackers and High Life."}, {"frames": [{"actions": [{"act": "INFORM", "canonical_values": ["Comedy"], "slot": "genre", "values": ["comedy"]}, {"act": "INFORM", "canonical_values": ["Brian Stepanek"], "slot": "actors", "values": ["Brian Stepanek"]}, {"act": "REQUEST_ALTS", "canonical_values": [], "slot": "", "values": []}], "service": "Media_2", "slots": [{"exclusive_end": 35, "slot": "genre", "start": 29}, {"exclusive_end": 67, "slot": "actors", "start": 53}], "state": {"active_intent": "FindMovies", "requested_slots": [], "slot_values": {"actors": ["Brian Stepanek"], "genre": ["comedy"]}}}], "speaker": "USER", "utterance": "Can you look again? Look for comedy. I want to watch Brian Stepanek."}, {"frames": [{"actions": [{"act": "OFFER", "canonical_values": ["Green Book"], "slot": "movie_name", "values": ["Green Book"]}], "service": "Media_2", "service_call": {"method": "FindMovies", "parameters": {"actors": "Brian Stepanek", "genre": "Comedy"}}, "service_results": [{"actors": "Brian Stepanek", "director": "Peter Farrelly", "genre": "Comedy", "movie_name": "Green Book", "price": "4", "subtitle_language": "None"}], "slots": [{"exclusive_end": 31, "slot": "movie_name", "start": 21}]}], "speaker": "SYSTEM", "utterance": "I've found the movie Green Book."}, {"frames": [{"actions": [{"act": "SELECT", "canonical_values": ["Green Book"], "slot": "movie_name", "values": ["Green Book"]}], "service": "Media_2", "slots": [{"exclusive_end": 16, "slot": "movie_name", "start": 6}], "state": {"active_intent": "FindMovies", "requested_slots": [], "slot_values": {"actors": ["Brian Stepanek"], "genre": ["comedy"], "movie_name": ["Green Book"]}}}], "speaker": "USER", "utterance": "Okay. Green Book sounds good."}, {"frames": [{"actions": [{"act": "OFFER_INTENT", "canonical_values": ["RentMovie"], "slot": "intent", "values": ["RentMovie"]}], "service": "Media_2", "slots": []}], "speaker": "SYSTEM", "utterance": "Do you want to rent this movie?"}, {"frames": [{"actions": [{"act": "AFFIRM_INTENT", "canonical_values": [], "slot": "", "values": []}], "service": "Media_2", "slots": [], "state": {"active_intent": "RentMovie", "requested_slots": [], "slot_values": {"actors": ["Brian Stepanek"], "genre": ["comedy"], "movie_name": ["Green Book"]}}}], "speaker": "USER", "utterance": "Yes. Rent it."}, {"frames": [{"actions": [{"act": "CONFIRM", "canonical_values": ["Green Book"], "slot": "movie_name", "values": ["Green Book"]}, {"act": "CONFIRM", "canonical_values": ["None"], "slot": "subtitle_language", "values": ["None"]}], "service": "Media_2", "slots": [{"exclusive_end": 43, "slot": "movie_name", "start": 33}]}], "speaker": "SYSTEM", "utterance": "No problem, please confirm: rent Green Book with no subtitles."}, {"frames": [{"actions": [{"act": "REQUEST", "canonical_values": [], "slot": "price", "values": []}, {"act": "REQUEST", "canonical_values": [], "slot": "director", "values": []}, {"act": "AFFIRM", "canonical_values": [], "slot": "", "values": []}], "service": "Media_2", "slots": [], "state": {"active_intent": "RentMovie", "requested_slots": ["director", "price"], "slot_values": {"actors": ["Brian Stepanek"], "genre": ["comedy"], "movie_name": ["Green Book"], "subtitle_language": ["None"]}}}], "speaker": "USER", "utterance": "Confirm. How much does it cost to rent? Who directed it?"}, {"frames": [{"actions": [{"act": "INFORM", "canonical_values": ["Peter Farrelly"], "slot": "director", "values": ["Peter Farrelly"]}, {"act": "INFORM", "canonical_values": ["4"], "slot": "price", "values": ["$4"]}, {"act": "NOTIFY_SUCCESS", "canonical_values": [], "slot": "", "values": []}], "service": "Media_2", "service_call": {"method": "RentMovie", "parameters": {"movie_name": "Green Book", "subtitle_language": "None"}}, "service_results": [{"actors": "Brian Stepanek", "director": "Peter Farrelly", "genre": "Comedy", "movie_name": "Green Book", "price": "4", "subtitle_language": "None"}], "slots": [{"exclusive_end": 55, "slot": "director", "start": 41}, {"exclusive_end": 39, "slot": "price", "start": 37}]}], "speaker": "SYSTEM", "utterance": "Movie has been rented for 3 days for $4. Peter Farrelly directed it."}, {"frames": [{"actions": [{"act": "THANK_YOU", "canonical_values": [], "slot": "", "values": []}], "service": "Media_2", "slots": [], "state": {"active_intent": "RentMovie", "requested_slots": [], "slot_values": {"actors": ["Brian Stepanek"], "genre": ["comedy"], "movie_name": ["Green Book"], "subtitle_language": ["None"]}}}], "speaker": "USER", "utterance": "Thanks a lot."}, {"frames": [{"actions": [{"act": "REQ_MORE", "canonical_values": [], "slot": "", "values": []}], "service": "Media_2", "slots": []}], "speaker": "SYSTEM", "utterance": "Is there anything else I can help you with today?"}, {"frames": [{"actions": [{"act": "NEGATE", "canonical_values": [], "slot": "", "values": []}, {"act": "THANK_YOU", "canonical_values": [], "slot": "", "values": []}], "service": "Media_2", "slots": [], "state": {"active_intent": "NONE", "requested_slots": [], "slot_values": {"actors": ["Brian Stepanek"], "genre": ["comedy"], "movie_name": ["Green Book"], "subtitle_language": ["None"]}}}], "speaker": "USER", "utterance": "No, that's it."}, {"frames": [{"actions": [{"act": "GOODBYE", "canonical_values": [], "slot": "", "values": []}], "service": "Media_2", "slots": []}], "speaker": "SYSTEM", "utterance": "Have a great day."}]}, {"dialogue_id": "6_00002", "services": ["Media_2"], "turns": [{"frames": [{"actions": [{"act": "INFORM_INTENT", "canonical_values": ["FindMovies"], "slot": "intent", "values": ["FindMovies"]}], "service": "Media_2", "slots": [], "state": {"active_intent": "FindMovies", "requested_slots": [], "slot_values": {}}}], "speaker": "USER", "utterance": "I want to find a good movie."}, {"frames": [{"actions": [{"act": "REQUEST", "canonical_values": [], "slot": "genre", "values": []}], "service": "Media_2", "slots": []}], "speaker": "SYSTEM", "utterance": "What genre movie do you like?"}, {"frames": [{"actions": [{"act": "INFORM", "canonical_values": ["Romance"], "slot": "genre", "values": ["Rom-com"]}, {"act": "INFORM", "canonical_values": ["Cameron Crowe"], "slot": "director", "values": ["Cameron Crowe"]}], "service": "Media_2", "slots": [{"exclusive_end": 50, "slot": "genre", "start": 43}, {"exclusive_end": 39, "slot": "director", "start": 26}], "state": {"active_intent": "FindMovies", "requested_slots": [], "slot_values": {"director": ["Cameron Crowe"], "genre": ["Rom-com"]}}}], "speaker": "USER", "utterance": "I want to find a movie by Cameron Crowe or Rom-com kind."}, {"frames": [{"actions": [{"act": "OFFER", "canonical_values": ["Say Anything"], "slot": "movie_name", "values": ["Say Anything"]}], "service": "Media_2", "service_call": {"method": "FindMovies", "parameters": {"director": "Cameron Crowe", "genre": "Romance"}}, "service_results": [{"actors": "Loren Dean", "director": "Cameron Crowe", "genre": "Romance", "movie_name": "Say Anything", "price": "4", "subtitle_language": "None"}], "slots": [{"exclusive_end": 22, "slot": "movie_name", "start": 10}]}], "speaker": "SYSTEM", "utterance": "How about Say Anything?"}, {"frames": [{"actions": [{"act": "SELECT", "canonical_values": ["Say Anything"], "slot": "movie_name", "values": ["Say Anything"]}], "service": "Media_2", "slots": [{"exclusive_end": 23, "slot": "movie_name", "start": 11}], "state": {"active_intent": "FindMovies", "requested_slots": [], "slot_values": {"director": ["Cameron Crowe"], "genre": ["Rom-com"], "movie_name": ["Say Anything"]}}}], "speaker": "USER", "utterance": "Ok, I like Say Anything."}, {"frames": [{"actions": [{"act": "OFFER_INTENT", "canonical_values": ["RentMovie"], "slot": "intent", "values": ["RentMovie"]}], "service": "Media_2", "slots": []}], "speaker": "SYSTEM", "utterance": "Would you like to rent it?"}, {"frames": [{"actions": [{"act": "AFFIRM_INTENT", "canonical_values": [], "slot": "", "values": []}, {"act": "INFORM", "canonical_values": ["None"], "slot": "subtitle_language", "values": ["None"]}], "service": "Media_2", "slots": [], "state": {"active_intent": "RentMovie", "requested_slots": [], "slot_values": {"director": ["Cameron Crowe"], "genre": ["Rom-com"], "movie_name": ["Say Anything"], "subtitle_language": ["None"]}}}], "speaker": "USER", "utterance": "Yes, with no subtitles please."}, {"frames": [{"actions": [{"act": "CONFIRM", "canonical_values": ["Say Anything"], "slot": "movie_name", "values": ["Say Anything"]}, {"act": "CONFIRM", "canonical_values": ["None"], "slot": "subtitle_language", "values": ["None"]}], "service": "Media_2", "slots": [{"exclusive_end": 20, "slot": "movie_name", "start": 8}]}], "speaker": "SYSTEM", "utterance": "Confirm Say Anything with no subtitles."}, {"frames": [{"actions": [{"act": "REQUEST", "canonical_values": [], "slot": "actors", "values": []}, {"act": "REQUEST", "canonical_values": [], "slot": "price", "values": []}, {"act": "AFFIRM", "canonical_values": [], "slot": "", "values": []}], "service": "Media_2", "slots": [], "state": {"active_intent": "RentMovie", "requested_slots": ["actors", "price"], "slot_values": {"director": ["Cameron Crowe"], "genre": ["Rom-com"], "movie_name": ["Say Anything"], "subtitle_language": ["None"]}}}], "speaker": "USER", "utterance": "Yes I confirm. Who is the actor and what is the price?"}, {"frames": [{"actions": [{"act": "INFORM", "canonical_values": ["4"], "slot": "price", "values": ["$4"]}, {"act": "INFORM", "canonical_values": ["Loren Dean"], "slot": "actors", "values": ["Loren Dean"]}, {"act": "NOTIFY_SUCCESS", "canonical_values": [], "slot": "", "values": []}], "service": "Media_2", "service_call": {"method": "RentMovie", "parameters": {"movie_name": "Say Anything", "subtitle_language": "None"}}, "service_results": [{"actors": "Loren Dean", "director": "Cameron Crowe", "genre": "Romance", "movie_name": "Say Anything", "price": "4", "subtitle_language": "None"}], "slots": [{"exclusive_end": 26, "slot": "price", "start": 24}, {"exclusive_end": 10, "slot": "actors", "start": 0}]}], "speaker": "SYSTEM", "utterance": "Loren Dean is in it for $4 for 3 days."}, {"frames": [{"actions": [{"act": "THANK_YOU", "canonical_values": [], "slot": "", "values": []}], "service": "Media_2", "slots": [], "state": {"active_intent": "RentMovie", "requested_slots": [], "slot_values": {"director": ["Cameron Crowe"], "genre": ["Rom-com"], "movie_name": ["Say Anything"], "subtitle_language": ["None"]}}}], "speaker": "USER", "utterance": "Thank you very much."}, {"frames": [{"actions": [{"act": "REQ_MORE", "canonical_values": [], "slot": "", "values": []}], "service": "Media_2", "slots": []}], "speaker": "SYSTEM", "utterance": "Is there anything else?"}, {"frames": [{"actions": [{"act": "NEGATE", "canonical_values": [], "slot": "", "values": []}, {"act": "THANK_YOU", "canonical_values": [], "slot": "", "values": []}], "service": "Media_2", "slots": [], "state": {"active_intent": "NONE", "requested_slots": [], "slot_values": {"director": ["Cameron Crowe"], "genre": ["Rom-com"], "movie_name": ["Say Anything"], "subtitle_language": ["None"]}}}], "speaker": "USER", "utterance": "No that is all."}, {"frames": [{"actions": [{"act": "GOODBYE", "canonical_values": [], "slot": "", "values": []}], "service": "Media_2", "slots": []}], "speaker": "SYSTEM", "utterance": "Have a great day."}]}, {"dialogue_id": "6_00003", "services": ["Media_2"], "turns": [{"frames": [{"actions": [{"act": "INFORM", "canonical_values": ["Edd Osmond"], "slot": "actors", "values": ["Edd Osmond"]}, {"act": "INFORM_INTENT", "canonical_values": ["FindMovies"], "slot": "intent", "values": ["FindMovies"]}], "service": "Media_2", "slots": [{"exclusive_end": 47, "slot": "actors", "start": 37}], "state": {"active_intent": "FindMovies", "requested_slots": [], "slot_values": {"actors": ["Edd Osmond"]}}}], "speaker": "USER", "utterance": "I want to find a movie to watch with Edd Osmond."}, {"frames": [{"actions": [{"act": "REQUEST", "canonical_values": [], "slot": "genre", "values": []}], "service": "Media_2", "slots": []}], "speaker": "SYSTEM", "utterance": "What kind of genre would you like to watch?"}, {"frames": [{"actions": [{"act": "INFORM", "canonical_values": ["Fantasy"], "slot": "genre", "values": ["Fantasy"]}], "service": "Media_2", "slots": [{"exclusive_end": 22, "slot": "genre", "start": 15}], "state": {"active_intent": "FindMovies", "requested_slots": [], "slot_values": {"actors": ["Edd Osmond"], "genre": ["Fantasy"]}}}], "speaker": "USER", "utterance": "I want to find Fantasy movies."}, {"frames": [{"actions": [{"act": "OFFER", "canonical_values": ["Dumbo"], "slot": "movie_name", "values": ["Dumbo"]}, {"act": "INFORM_COUNT", "canonical_values": ["1"], "slot": "count", "values": ["1"]}], "service": "Media_2", "service_call": {"method": "FindMovies", "parameters": {"actors": "Edd Osmond", "genre": "Fantasy"}}, "service_results": [{"actors": "Edd Osmond", "director": "Tim Burton", "genre": "Fantasy", "movie_name": "Dumbo", "price": "5", "subtitle_language": "None"}], "slots": [{"exclusive_end": 53, "slot": "movie_name", "start": 48}]}], "speaker": "SYSTEM", "utterance": "I found 1 movie that you might like. What about Dumbo?"}, {"frames": [{"actions": [{"act": "SELECT", "canonical_values": ["Dumbo"], "slot": "movie_name", "values": ["Dumbo"]}], "service": "Media_2", "slots": [{"exclusive_end": 10, "slot": "movie_name", "start": 5}], "state": {"active_intent": "FindMovies", "requested_slots": [], "slot_values": {"actors": ["Edd Osmond"], "genre": ["Fantasy"], "movie_name": ["Dumbo"]}}}], "speaker": "USER", "utterance": "Yes, Dumbo works."}, {"frames": [{"actions": [{"act": "OFFER_INTENT", "canonical_values": ["RentMovie"], "slot": "intent", "values": ["RentMovie"]}], "service": "Media_2", "slots": []}], "speaker": "SYSTEM", "utterance": "Do you want to rent it?"}, {"frames": [{"actions": [{"act": "AFFIRM_INTENT", "canonical_values": [], "slot": "", "values": []}], "service": "Media_2", "slots": [], "state": {"active_intent": "RentMovie", "requested_slots": [], "slot_values": {"actors": ["Edd Osmond"], "genre": ["Fantasy"], "movie_name": ["Dumbo"]}}}], "speaker": "USER", "utterance": "Yes, rent the movie."}, {"frames": [{"actions": [{"act": "CONFIRM", "canonical_values": ["Dumbo"], "slot": "movie_name", "values": ["Dumbo"]}, {"act": "CONFIRM", "canonical_values": ["None"], "slot": "subtitle_language", "values": ["None"]}], "service": "Media_2", "slots": [{"exclusive_end": 30, "slot": "movie_name", "start": 25}]}], "speaker": "SYSTEM", "utterance": "Please confirm: Watching Dumbo. Subtitles set to None."}, {"frames": [{"actions": [{"act": "REQUEST", "canonical_values": [], "slot": "price", "values": []}, {"act": "AFFIRM", "canonical_values": [], "slot": "", "values": []}], "service": "Media_2", "slots": [], "state": {"active_intent": "RentMovie", "requested_slots": ["price"], "slot_values": {"actors": ["Edd Osmond"], "genre": ["Fantasy"], "movie_name": ["Dumbo"], "subtitle_language": ["None"]}}}], "speaker": "USER", "utterance": "Yes, sounds good. How much does it cost?"}, {"frames": [{"actions": [{"act": "INFORM", "canonical_values": ["5"], "slot": "price", "values": ["$5"]}, {"act": "NOTIFY_SUCCESS", "canonical_values": [], "slot": "", "values": []}], "service": "Media_2", "service_call": {"method": "RentMovie", "parameters": {"movie_name": "Dumbo", "subtitle_language": "None"}}, "service_results": [{"actors": "Edd Osmond", "director": "Tim Burton", "genre": "Fantasy", "movie_name": "Dumbo", "price": "5", "subtitle_language": "None"}], "slots": [{"exclusive_end": 18, "slot": "price", "start": 16}]}], "speaker": "SYSTEM", "utterance": "The movie costs $5 to rent for 3 days. The movie was successfully rented."}, {"frames": [{"actions": [{"act": "THANK_YOU", "canonical_values": [], "slot": "", "values": []}], "service": "Media_2", "slots": [], "state": {"active_intent": "RentMovie", "requested_slots": [], "slot_values": {"actors": ["Edd Osmond"], "genre": ["Fantasy"], "movie_name": ["Dumbo"], "subtitle_language": ["None"]}}}], "speaker": "USER", "utterance": "Thank you so much."}, {"frames": [{"actions": [{"act": "REQ_MORE", "canonical_values": [], "slot": "", "values": []}], "service": "Media_2", "slots": []}], "speaker": "SYSTEM", "utterance": "Anything else I can do for you?"}, {"frames": [{"actions": [{"act": "NEGATE", "canonical_values": [], "slot": "", "values": []}, {"act": "THANK_YOU", "canonical_values": [], "slot": "", "values": []}], "service": "Media_2", "slots": [], "state": {"active_intent": "NONE", "requested_slots": [], "slot_values": {"actors": ["Edd Osmond"], "genre": ["Fantasy"], "movie_name": ["Dumbo"], "subtitle_language": ["None"]}}}], "speaker": "USER", "utterance": "No, that's all."}, {"frames": [{"actions": [{"act": "GOODBYE", "canonical_values": [], "slot": "", "values": []}], "service": "Media_2", "slots": []}], "speaker": "SYSTEM", "utterance": "Have a great day. Bye."}]}, {"dialogue_id": "6_00004", "services": ["Media_2"], "turns": [{"frames": [{"actions": [{"act": "INFORM", "canonical_values": ["Alfred Hitchcock"], "slot": "director", "values": ["Alfred Hitchcock"]}, {"act": "INFORM_INTENT", "canonical_values": ["FindMovies"], "slot": "intent", "values": ["FindMovies"]}], "service": "Media_2", "slots": [{"exclusive_end": 52, "slot": "director", "start": 36}], "state": {"active_intent": "FindMovies", "requested_slots": [], "slot_values": {"director": ["Alfred Hitchcock"]}}}], "speaker": "USER", "utterance": "Can you find me a movie directed by Alfred Hitchcock to watch?"}, {"frames": [{"actions": [{"act": "REQUEST", "canonical_values": [], "slot": "genre", "values": []}], "service": "Media_2", "slots": []}], "speaker": "SYSTEM", "utterance": "What type of movie do you want?"}, {"frames": [{"actions": [{"act": "INFORM", "canonical_values": ["Drama"], "slot": "genre", "values": ["Drama"]}], "service": "Media_2", "slots": [{"exclusive_end": 28, "slot": "genre", "start": 23}], "state": {"active_intent": "FindMovies", "requested_slots": [], "slot_values": {"director": ["Alfred Hitchcock"], "genre": ["Drama"]}}}], "speaker": "USER", "utterance": "I am interested in the Drama genre."}, {"frames": [{"actions": [{"act": "OFFER", "canonical_values": ["The Man Who Knew Too Much"], "slot": "movie_name", "values": ["The Man Who Knew Too Much"]}, {"act": "INFORM_COUNT", "canonical_values": ["1"], "slot": "count", "values": ["1"]}], "service": "Media_2", "service_call": {"method": "FindMovies", "parameters": {"director": "Alfred Hitchcock", "genre": "Drama"}}, "service_results": [{"actors": "Bess Flowers", "director": "Alfred Hitchcock", "genre": "Drama", "movie_name": "The Man Who Knew Too Much", "price": "8", "subtitle_language": "Spanish"}], "slots": [{"exclusive_end": 63, "slot": "movie_name", "start": 38}]}], "speaker": "SYSTEM", "utterance": "Search revealed 1 result. Do you like The Man Who Knew Too Much?"}, {"frames": [{"actions": [{"act": "INFORM", "canonical_values": ["Spanish"], "slot": "subtitle_language", "values": ["Spanish"]}, {"act": "INFORM_INTENT", "canonical_values": ["RentMovie"], "slot": "intent", "values": ["RentMovie"]}, {"act": "SELECT", "canonical_values": ["The Man Who Knew Too Much"], "slot": "movie_name", "values": ["Man Who Knew Too Much"]}], "service": "Media_2", "slots": [{"exclusive_end": 25, "slot": "movie_name", "start": 4}], "state": {"active_intent": "RentMovie", "requested_slots": [], "slot_values": {"director": ["Alfred Hitchcock"], "genre": ["Drama"], "movie_name": ["Man Who Knew Too Much", "The Man Who Knew Too Much"], "subtitle_language": ["Spanish"]}}}], "speaker": "USER", "utterance": "The Man Who Knew Too Much works for me. Please rent it with Spanish subtitles."}, {"frames": [{"actions": [{"act": "CONFIRM", "canonical_values": ["The Man Who Knew Too Much"], "slot": "movie_name", "values": ["The Man Who Knew Too Much"]}, {"act": "CONFIRM", "canonical_values": ["Spanish"], "slot": "subtitle_language", "values": ["Spanish"]}], "service": "Media_2", "slots": [{"exclusive_end": 42, "slot": "movie_name", "start": 17}]}], "speaker": "SYSTEM", "utterance": "You want to rent The Man Who Knew Too Much with Spanish subtitles. Is hat correct?"}, {"frames": [{"actions": [{"act": "AFFIRM", "canonical_values": [], "slot": "", "values": []}], "service": "Media_2", "slots": [], "state": {"active_intent": "RentMovie", "requested_slots": [], "slot_values": {"director": ["Alfred Hitchcock"], "genre": ["Drama"], "movie_name": ["Man Who Knew Too Much", "The Man Who Knew Too Much"], "subtitle_language": ["Spanish"]}}}], "speaker": "USER", "utterance": "Yes, that is correct."}, {"frames": [{"actions": [{"act": "NOTIFY_SUCCESS", "canonical_values": [], "slot": "", "values": []}], "service": "Media_2", "service_call": {"method": "RentMovie", "parameters": {"movie_name": "The Man Who Knew Too Much", "subtitle_language": "Spanish"}}, "service_results": [{"actors": "Bess Flowers", "director": "Alfred Hitchcock", "genre": "Drama", "movie_name": "The Man Who Knew Too Much", "price": "8", "subtitle_language": "Spanish"}], "slots": []}], "speaker": "SYSTEM", "utterance": "Your movie rental is complete. Make sure to watch it within 3 days."}, {"frames": [{"actions": [{"act": "REQUEST", "canonical_values": [], "slot": "price", "values": []}, {"act": "REQUEST", "canonical_values": [], "slot": "actors", "values": []}], "service": "Media_2", "slots": [], "state": {"active_intent": "RentMovie", "requested_slots": ["actors", "price"], "slot_values": {"director": ["Alfred Hitchcock"], "genre": ["Drama"], "movie_name": ["Man Who Knew Too Much", "The Man Who Knew Too Much"], "subtitle_language": ["Spanish"]}}}], "speaker": "USER", "utterance": "Who stars in the movie and what is the rental price?"}, {"frames": [{"actions": [{"act": "INFORM", "canonical_values": ["8"], "slot": "price", "values": ["$8"]}, {"act": "INFORM", "canonical_values": ["Bess Flowers"], "slot": "actors", "values": ["Bess Flowers"]}], "service": "Media_2", "slots": [{"exclusive_end": 50, "slot": "price", "start": 48}, {"exclusive_end": 12, "slot": "actors", "start": 0}]}], "speaker": "SYSTEM", "utterance": "Bess Flowers stars in the movie and the cost is $8."}, {"frames": [{"actions": [{"act": "THANK_YOU", "canonical_values": [], "slot": "", "values": []}, {"act": "GOODBYE", "canonical_values": [], "slot": "", "values": []}], "service": "Media_2", "slots": [], "state": {"active_intent": "RentMovie", "requested_slots": [], "slot_values": {"director": ["Alfred Hitchcock"], "genre": ["Drama"], "movie_name": ["Man Who Knew Too Much", "The Man Who Knew Too Much"], "subtitle_language": ["Spanish"]}}}], "speaker": "USER", "utterance": "Thanks a lot. That is all."}, {"frames": [{"actions": [{"act": "GOODBYE", "canonical_values": [], "slot": "", "values": []}], "service": "Media_2", "slots": []}], "speaker": "SYSTEM", "utterance": "Have a great day."}]}]