[{"dialogue_id": "5_00000", "services": ["Buses_3"], "turns": [{"frames": [{"actions": [{"act": "INFORM", "canonical_values": ["Vancouver"], "slot": "from_city", "values": ["Vancouver"]}, {"act": "INFORM", "canonical_values": ["direct"], "slot": "category", "values": ["direct"]}, {"act": "INFORM", "canonical_values": ["1"], "slot": "num_passengers", "values": ["1"]}, {"act": "INFORM_INTENT", "canonical_values": ["FindBus"], "slot": "intent", "values": ["FindBus"]}], "service": "Buses_3", "slots": [{"exclusive_end": 77, "slot": "from_city", "start": 68}], "state": {"active_intent": "FindBus", "requested_slots": [], "slot_values": {"category": ["direct"], "from_city": ["Vancouver"], "num_passengers": ["1"]}}}], "speaker": "USER", "utterance": "I would like to find a direct bus for 1 person and I'm leaving from Vancouver."}, {"frames": [{"actions": [{"act": "REQUEST", "canonical_values": [], "slot": "departure_date", "values": []}, {"act": "REQUEST", "canonical_values": [], "slot": "to_city", "values": []}], "service": "Buses_3", "slots": []}], "speaker": "SYSTEM", "utterance": "When are you departing and arriving?"}, {"frames": [{"actions": [{"act": "INFORM", "canonical_values": ["2019-03-04"], "slot": "departure_date", "values": ["next Monday"]}, {"act": "INFORM", "canonical_values": ["Portland"], "slot": "to_city", "values": ["Portland"]}], "service": "Buses_3", "slots": [{"exclusive_end": 36, "slot": "departure_date", "start": 25}, {"exclusive_end": 55, "slot": "to_city", "start": 47}], "state": {"active_intent": "FindBus", "requested_slots": [], "slot_values": {"category": ["direct"], "departure_date": ["next Monday"], "from_city": ["Vancouver"], "num_passengers": ["1"], "to_city": ["Portland"]}}}], "speaker": "USER", "utterance": "I would like to leave on next Monday and go to Portland."}, {"frames": [{"actions": [{"act": "OFFER", "canonical_values": ["07:10"], "slot": "departure_time", "values": ["7:10 am"]}, {"act": "OFFER", "canonical_values": ["39"], "slot": "price", "values": ["$39"]}, {"act": "INFORM_COUNT", "canonical_values": ["8"], "slot": "count", "values": ["8"]}], "service": "Buses_3", "service_call": {"method": "FindBus", "parameters": {"category": "direct", "departure_date": "2019-03-04", "from_city": "Vancouver", "num_passengers": "1", "to_city": "Portland"}}, "service_results": [{"category": "direct", "departure_date": "2019-03-04", "departure_time": "07:10", "from_city": "Vancouver", "from_station": "Pacific Central Station", "num_passengers": "1", "price": "39", "to_city": "Portland", "to_station": "SW Arthur & 1st"}, {"category": "direct", "departure_date": "2019-03-04", "departure_time": "08:40", "from_city": "Vancouver", "from_station": "Pacific Central Station", "num_passengers": "1", "price": "35", "to_city": "Portland", "to_station": "SW Arthur & 1st"}, {"category": "direct", "departure_date": "2019-03-04", "departure_time": "09:30", "from_city": "Vancouver", "from_station": "Pacific Central Station", "num_passengers": "1", "price": "44", "to_city": "Portland", "to_station": "SW Arthur & 1st"}, {"category": "direct", "departure_date": "2019-03-04", "departure_time": "11:50", "from_city": "Vancouver", "from_station": "Pacific Central Station", "num_passengers": "1", "price": "41", "to_city": "Portland", "to_station": "SW Arthur & 1st"}, {"category": "direct", "departure_date": "2019-03-04", "departure_time": "14:10", "from_city": "Vancouver", "from_station": "Pacific Central Station", "num_passengers": "1", "price": "39", "to_city": "Portland", "to_station": "SW Arthur & 1st"}, {"category": "direct", "departure_date": "2019-03-04", "departure_time": "14:30", "from_city": "Vancouver", "from_station": "Pacific Central Station", "num_passengers": "1", "price": "40", "to_city": "Portland", "to_station": "SW Arthur & 1st"}, {"category": "direct", "departure_date": "2019-03-04", "departure_time": "17:00", "from_city": "Vancouver", "from_station": "Pacific Central Station", "num_passengers": "1", "price": "42", "to_city": "Portland", "to_station": "SW Arthur & 1st"}, {"category": "direct", "departure_date": "2019-03-04", "departure_time": "19:00", "from_city": "Vancouver", "from_station": "Pacific Central Station", "num_passengers": "1", "price": "35", "to_city": "Portland", "to_station": "SW Arthur & 1st"}], "slots": [{"exclusive_end": 50, "slot": "departure_time", "start": 43}, {"exclusive_end": 70, "slot": "price", "start": 67}]}], "speaker": "SYSTEM", "utterance": "There are 8 buses. There is one leaving at 7:10 am and the cost is $39."}, {"frames": [{"actions": [{"act": "INFORM_INTENT", "canonical_values": ["BuyBusTicket"], "slot": "intent", "values": ["BuyBusTicket"]}, {"act": "SELECT", "canonical_values": [], "slot": "", "values": []}], "service": "Buses_3", "slots": [], "state": {"active_intent": "BuyBusTicket", "requested_slots": [], "slot_values": {"category": ["direct"], "departure_date": ["next Monday"], "departure_time": ["7:10 am"], "from_city": ["Vancouver"], "num_passengers": ["1"], "to_city": ["Portland"]}}}], "speaker": "USER", "utterance": "I would like to purchase tickets."}, {"frames": [{"actions": [{"act": "CONFIRM", "canonical_values": ["Vancouver"], "slot": "from_city", "values": ["Vancouver"]}, {"act": "CONFIRM", "canonical_values": ["Portland"], "slot": "to_city", "values": ["Portland"]}, {"act": "CONFIRM", "canonical_values": ["2019-03-04"], "slot": "departure_date", "values": ["March 4th"]}, {"act": "CONFIRM", "canonical_values": ["07:10"], "slot": "departure_time", "values": ["7:10 am"]}, {"act": "CONFIRM", "canonical_values": ["1"], "slot": "num_passengers", "values": ["1"]}, {"act": "CONFIRM", "canonical_values": ["False"], "slot": "additional_luggage", "values": ["False"]}], "service": "Buses_3", "slots": [{"exclusive_end": 61, "slot": "from_city", "start": 52}, {"exclusive_end": 73, "slot": "to_city", "start": 65}, {"exclusive_end": 86, "slot": "departure_date", "start": 77}, {"exclusive_end": 46, "slot": "departure_time", "start": 39}]}], "speaker": "SYSTEM", "utterance": "Booking ticket for 1 person leaving at 7:10 am from Vancouver to Portland on March 4th."}, {"frames": [{"actions": [{"act": "REQUEST", "canonical_values": [], "slot": "to_station", "values": []}, {"act": "AFFIRM", "canonical_values": [], "slot": "", "values": []}], "service": "Buses_3", "slots": [], "state": {"active_intent": "BuyBusTicket", "requested_slots": ["to_station"], "slot_values": {"additional_luggage": ["False"], "category": ["direct"], "departure_date": ["March 4th", "next Monday"], "departure_time": ["7:10 am"], "from_city": ["Vancouver"], "num_passengers": ["1"], "to_city": ["Portland"]}}}], "speaker": "USER", "utterance": "Yes, which station does it reach?"}, {"frames": [{"actions": [{"act": "INFORM", "canonical_values": ["SW Arthur & 1st"], "slot": "to_station", "values": ["SW Arthur & 1st"]}, {"act": "NOTIFY_SUCCESS", "canonical_values": [], "slot": "", "values": []}], "service": "Buses_3", "service_call": {"method": "BuyBusTicket", "parameters": {"additional_luggage": "False", "departure_date": "2019-03-04", "departure_time": "07:10", "from_city": "Vancouver", "num_passengers": "1", "to_city": "Portland"}}, "service_results": [{"additional_luggage": "False", "category": "direct", "departure_date": "2019-03-04", "departure_time": "07:10", "from_city": "Vancouver", "from_station": "Pacific Central Station", "num_passengers": "1", "price": "39", "to_city": "Portland", "to_station": "SW Arthur & 1st"}], "slots": [{"exclusive_end": 56, "slot": "to_station", "start": 41}]}], "speaker": "SYSTEM", "utterance": "Your ticket is booked and the station is SW Arthur & 1st."}, {"frames": [{"actions": [{"act": "THANK_YOU", "canonical_values": [], "slot": "", "values": []}, {"act": "GOODBYE", "canonical_values": [], "slot": "", "values": []}], "service": "Buses_3", "slots": [], "state": {"active_intent": "BuyBusTicket", "requested_slots": [], "slot_values": {"additional_luggage": ["False"], "category": ["direct"], "departure_date": ["March 4th", "next Monday"], "departure_time": ["7:10 am"], "from_city": ["Vancouver"], "num_passengers": ["1"], "to_city": ["Portland"]}}}], "speaker": "USER", "utterance": "That is all I needed."}, {"frames": [{"actions": [{"act": "GOODBYE", "canonical_values": [], "slot": "", "values": []}], "service": "Buses_3", "slots": []}], "speaker": "SYSTEM", "utterance": "Have a good day."}]}, {"dialogue_id": "5_00001", "services": ["Buses_3"], "turns": [{"frames": [{"actions": [{"act": "INFORM", "canonical_values": ["San Francisco"], "slot": "to_city", "values": ["SF"]}, {"act": "INFORM_INTENT", "canonical_values": ["FindBus"], "slot": "intent", "values": ["FindBus"]}], "service": "Buses_3", "slots": [{"exclusive_end": 29, "slot": "to_city", "start": 27}], "state": {"active_intent": "FindBus", "requested_slots": [], "slot_values": {"to_city": ["SF"]}}}], "speaker": "USER", "utterance": "I am planning to travel to SF and for which I need your help to search for a bus. Can you do it for me?"}, {"frames": [{"actions": [{"act": "REQUEST", "canonical_values": [], "slot": "departure_date", "values": []}], "service": "Buses_3", "slots": []}], "speaker": "SYSTEM", "utterance": "Yes. What is your planned leaving date to search for the bus?"}, {"frames": [{"actions": [{"act": "INFORM", "canonical_values": ["2019-03-03"], "slot": "departure_date", "values": ["the 3rd"]}], "service": "Buses_3", "slots": [{"exclusive_end": 33, "slot": "departure_date", "start": 26}], "state": {"active_intent": "FindBus", "requested_slots": [], "slot_values": {"departure_date": ["the 3rd"], "to_city": ["SF"]}}}], "speaker": "USER", "utterance": "I am planning to leave on the 3rd and I need the bus from this date."}, {"frames": [{"actions": [{"act": "REQUEST", "canonical_values": [], "slot": "from_city", "values": []}], "service": "Buses_3", "slots": []}], "speaker": "SYSTEM", "utterance": "Let me also know the place where you want to leave from."}, {"frames": [{"actions": [{"act": "INFORM", "canonical_values": ["Los Angeles"], "slot": "from_city", "values": ["LAX"]}], "service": "Buses_3", "slots": [{"exclusive_end": 23, "slot": "from_city", "start": 20}], "state": {"active_intent": "FindBus", "requested_slots": [], "slot_values": {"departure_date": ["the 3rd"], "from_city": ["LAX"], "to_city": ["SF"]}}}], "speaker": "USER", "utterance": "I need the bus from LAX."}, {"frames": [{"actions": [{"act": "OFFER", "canonical_values": ["06:40"], "slot": "departure_time", "values": ["6:40 am"]}, {"act": "OFFER", "canonical_values": ["51"], "slot": "price", "values": ["$51"]}], "service": "Buses_3", "service_call": {"method": "FindBus", "parameters": {"departure_date": "2019-03-03", "from_city": "Los Angeles", "to_city": "San Francisco"}}, "service_results": [{"category": "direct", "departure_date": "2019-03-03", "departure_time": "06:40", "from_city": "Los Angeles", "from_station": "North Hollywood Station", "num_passengers": "1", "price": "51", "to_city": "San Francisco", "to_station": "Transbay Terminal"}, {"category": "direct", "departure_date": "2019-03-03", "departure_time": "07:30", "from_city": "Los Angeles", "from_station": "North Hollywood Station", "num_passengers": "1", "price": "48", "to_city": "San Francisco", "to_station": "Transbay Terminal"}, {"category": "direct", "departure_date": "2019-03-03", "departure_time": "08:40", "from_city": "Los Angeles", "from_station": "North Hollywood Station", "num_passengers": "1", "price": "56", "to_city": "San Francisco", "to_station": "Transbay Terminal"}, {"category": "direct", "departure_date": "2019-03-03", "departure_time": "09:00", "from_city": "Los Angeles", "from_station": "North Hollywood Station", "num_passengers": "1", "price": "40", "to_city": "San Francisco", "to_station": "Transbay Terminal"}, {"category": "direct", "departure_date": "2019-03-03", "departure_time": "10:40", "from_city": "Los Angeles", "from_station": "North Hollywood Station", "num_passengers": "1", "price": "55", "to_city": "San Francisco", "to_station": "Transbay Terminal"}, {"category": "direct", "departure_date": "2019-03-03", "departure_time": "11:40", "from_city": "Los Angeles", "from_station": "North Hollywood Station", "num_passengers": "1", "price": "51", "to_city": "San Francisco", "to_station": "Transbay Terminal"}, {"category": "direct", "departure_date": "2019-03-03", "departure_time": "13:00", "from_city": "Los Angeles", "from_station": "North Hollywood Station", "num_passengers": "1", "price": "47", "to_city": "San Francisco", "to_station": "Transbay Terminal"}, {"category": "direct", "departure_date": "2019-03-03", "departure_time": "13:10", "from_city": "Los Angeles", "from_station": "North Hollywood Station", "num_passengers": "1", "price": "47", "to_city": "San Francisco", "to_station": "Transbay Terminal"}, {"category": "direct", "departure_date": "2019-03-03", "departure_time": "17:50", "from_city": "Los Angeles", "from_station": "North Hollywood Station", "num_passengers": "1", "price": "46", "to_city": "San Francisco", "to_station": "Transbay Terminal"}, {"category": "direct", "departure_date": "2019-03-03", "departure_time": "18:00", "from_city": "Los Angeles", "from_station": "North Hollywood Station", "num_passengers": "1", "price": "46", "to_city": "San Francisco", "to_station": "Transbay Terminal"}], "slots": [{"exclusive_end": 39, "slot": "departure_time", "start": 32}, {"exclusive_end": 70, "slot": "price", "start": 67}]}], "speaker": "SYSTEM", "utterance": "I got a bus which is leaving at 6:40 am for which the cost will be $51. Do you like to travel through this bus?"}, {"frames": [{"actions": [{"act": "INFORM", "canonical_values": ["1"], "slot": "num_passengers", "values": ["1"]}, {"act": "INFORM_INTENT", "canonical_values": ["BuyBusTicket"], "slot": "intent", "values": ["BuyBusTicket"]}, {"act": "SELECT", "canonical_values": [], "slot": "", "values": []}], "service": "Buses_3", "slots": [], "state": {"active_intent": "BuyBusTicket", "requested_slots": [], "slot_values": {"departure_date": ["the 3rd"], "departure_time": ["6:40 am"], "from_city": ["LAX"], "num_passengers": ["1"], "to_city": ["SF"]}}}], "speaker": "USER", "utterance": "Yes, I want to book the tickets in this bus and I need only one ticket. Please book it for me."}, {"frames": [{"actions": [{"act": "CONFIRM", "canonical_values": ["Los Angeles"], "slot": "from_city", "values": ["Los Angeles"]}, {"act": "CONFIRM", "canonical_values": ["San Francisco"], "slot": "to_city", "values": ["San Francisco"]}, {"act": "CONFIRM", "canonical_values": ["2019-03-03"], "slot": "departure_date", "values": ["March 3rd"]}, {"act": "CONFIRM", "canonical_values": ["06:40"], "slot": "departure_time", "values": ["6:40 am"]}, {"act": "CONFIRM", "canonical_values": ["1"], "slot": "num_passengers", "values": ["1"]}, {"act": "CONFIRM", "canonical_values": ["False"], "slot": "additional_luggage", "values": ["False"]}], "service": "Buses_3", "slots": [{"exclusive_end": 87, "slot": "from_city", "start": 76}, {"exclusive_end": 128, "slot": "to_city", "start": 115}, {"exclusive_end": 100, "slot": "departure_date", "start": 91}, {"exclusive_end": 111, "slot": "departure_time", "start": 104}]}], "speaker": "SYSTEM", "utterance": "Please confirm to book 1 ticket without extra luggage on a bus leaving from Los Angeles on March 3rd at 6:40 am to San Francisco."}, {"frames": [{"actions": [{"act": "REQUEST", "canonical_values": [], "slot": "to_station", "values": []}, {"act": "AFFIRM", "canonical_values": [], "slot": "", "values": []}], "service": "Buses_3", "slots": [], "state": {"active_intent": "BuyBusTicket", "requested_slots": ["to_station"], "slot_values": {"additional_luggage": ["False"], "departure_date": ["March 3rd", "the 3rd"], "departure_time": ["6:40 am"], "from_city": ["LAX", "Los Angeles"], "num_passengers": ["1"], "to_city": ["SF", "San Francisco"]}}}], "speaker": "USER", "utterance": "That is confirmed and you can proceed with booking now. I want to know the final station of this bus."}, {"frames": [{"actions": [{"act": "INFORM", "canonical_values": ["Transbay Terminal"], "slot": "to_station", "values": ["Transbay Terminal"]}, {"act": "NOTIFY_SUCCESS", "canonical_values": [], "slot": "", "values": []}], "service": "Buses_3", "service_call": {"method": "BuyBusTicket", "parameters": {"additional_luggage": "False", "departure_date": "2019-03-03", "departure_time": "06:40", "from_city": "Los Angeles", "num_passengers": "1", "to_city": "San Francisco"}}, "service_results": [{"additional_luggage": "False", "category": "direct", "departure_date": "2019-03-03", "departure_time": "06:40", "from_city": "Los Angeles", "from_station": "North Hollywood Station", "num_passengers": "1", "price": "51", "to_city": "San Francisco", "to_station": "Transbay Terminal"}], "slots": [{"exclusive_end": 35, "slot": "to_station", "start": 18}]}], "speaker": "SYSTEM", "utterance": "It will arrive at Transbay Terminal station and your tickets are confirmed."}, {"frames": [{"actions": [{"act": "REQUEST", "canonical_values": [], "slot": "from_station", "values": []}], "service": "Buses_3", "slots": [], "state": {"active_intent": "BuyBusTicket", "requested_slots": ["from_station"], "slot_values": {"additional_luggage": ["False"], "departure_date": ["March 3rd", "the 3rd"], "departure_time": ["6:40 am"], "from_city": ["LAX", "Los Angeles"], "num_passengers": ["1"], "to_city": ["SF", "San Francisco"]}}}], "speaker": "USER", "utterance": "May I also know the origin station?"}, {"frames": [{"actions": [{"act": "INFORM", "canonical_values": ["North Hollywood Station"], "slot": "from_station", "values": ["North Hollywood Station"]}], "service": "Buses_3", "slots": [{"exclusive_end": 44, "slot": "from_station", "start": 21}]}], "speaker": "SYSTEM", "utterance": "Yes, it departs from North Hollywood Station. Was that information useful to you?"}, {"frames": [{"actions": [{"act": "THANK_YOU", "canonical_values": [], "slot": "", "values": []}], "service": "Buses_3", "slots": [], "state": {"active_intent": "BuyBusTicket", "requested_slots": [], "slot_values": {"additional_luggage": ["False"], "departure_date": ["March 3rd", "the 3rd"], "departure_time": ["6:40 am"], "from_city": ["LAX", "Los Angeles"], "num_passengers": ["1"], "to_city": ["SF", "San Francisco"]}}}], "speaker": "USER", "utterance": "Yes, thanks for the same."}, {"frames": [{"actions": [{"act": "REQ_MORE", "canonical_values": [], "slot": "", "values": []}], "service": "Buses_3", "slots": []}], "speaker": "SYSTEM", "utterance": "How can I assist you further?"}, {"frames": [{"actions": [{"act": "NEGATE", "canonical_values": [], "slot": "", "values": []}, {"act": "THANK_YOU", "canonical_values": [], "slot": "", "values": []}], "service": "Buses_3", "slots": [], "state": {"active_intent": "NONE", "requested_slots": [], "slot_values": {"additional_luggage": ["False"], "departure_date": ["March 3rd", "the 3rd"], "departure_time": ["6:40 am"], "from_city": ["LAX", "Los Angeles"], "num_passengers": ["1"], "to_city": ["SF", "San Francisco"]}}}], "speaker": "USER", "utterance": "No, thanks and that's all for now."}, {"frames": [{"actions": [{"act": "GOODBYE", "canonical_values": [], "slot": "", "values": []}], "service": "Buses_3", "slots": []}], "speaker": "SYSTEM", "utterance": "Have a good day."}]}, {"dialogue_id": "5_00002", "services": ["Buses_3"], "turns": [{"frames": [{"actions": [{"act": "INFORM", "canonical_values": ["2019-03-02"], "slot": "departure_date", "values": ["tomorrow"]}, {"act": "INFORM", "canonical_values": ["one-stop"], "slot": "category", "values": ["one-stop"]}, {"act": "INFORM_INTENT", "canonical_values": ["FindBus"], "slot": "intent", "values": ["FindBus"]}], "service": "Buses_3", "slots": [{"exclusive_end": 52, "slot": "departure_date", "start": 44}], "state": {"active_intent": "FindBus", "requested_slots": [], "slot_values": {"category": ["one-stop"], "departure_date": ["tomorrow"]}}}], "speaker": "USER", "utterance": "Can you help me find a one-stop bus leaving tomorrow please?"}, {"frames": [{"actions": [{"act": "REQUEST", "canonical_values": [], "slot": "from_city", "values": []}], "service": "Buses_3", "slots": []}], "speaker": "SYSTEM", "utterance": "Where are you coming from?"}, {"frames": [{"actions": [{"act": "INFORM", "canonical_values": ["San Diego"], "slot": "from_city", "values": ["San Diego"]}], "service": "Buses_3", "slots": [{"exclusive_end": 29, "slot": "from_city", "start": 20}], "state": {"active_intent": "FindBus", "requested_slots": [], "slot_values": {"category": ["one-stop"], "departure_date": ["tomorrow"], "from_city": ["San Diego"]}}}], "speaker": "USER", "utterance": "I'll be coming from San Diego"}, {"frames": [{"actions": [{"act": "REQUEST", "canonical_values": [], "slot": "to_city", "values": []}], "service": "Buses_3", "slots": []}], "speaker": "SYSTEM", "utterance": "Where are you headed though?"}, {"frames": [{"actions": [{"act": "INFORM", "canonical_values": ["Sacramento"], "slot": "to_city", "values": ["Sacramento"]}], "service": "Buses_3", "slots": [{"exclusive_end": 40, "slot": "to_city", "start": 30}], "state": {"active_intent": "FindBus", "requested_slots": [], "slot_values": {"category": ["one-stop"], "departure_date": ["tomorrow"], "from_city": ["San Diego"], "to_city": ["Sacramento"]}}}], "speaker": "USER", "utterance": "I'm gonna be making a stop in Sacramento"}, {"frames": [{"actions": [{"act": "OFFER", "canonical_values": ["06:30"], "slot": "departure_time", "values": ["6:30 am"]}, {"act": "OFFER", "canonical_values": ["58"], "slot": "price", "values": ["$58"]}, {"act": "INFORM_COUNT", "canonical_values": ["10"], "slot": "count", "values": ["10"]}], "service": "Buses_3", "service_call": {"method": "FindBus", "parameters": {"category": "one-stop", "departure_date": "2019-03-02", "from_city": "San Diego", "to_city": "Sacramento"}}, "service_results": [{"category": "one-stop", "departure_date": "2019-03-02", "departure_time": "06:30", "from_city": "San Diego", "from_station": "El Cajon Bus Stop", "num_passengers": "1", "price": "58", "to_city": "Sacramento", "to_station": "65th Light Rail Station"}, {"category": "one-stop", "departure_date": "2019-03-02", "departure_time": "06:50", "from_city": "San Diego", "from_station": "El Cajon Bus Stop", "num_passengers": "1", "price": "58", "to_city": "Sacramento", "to_station": "65th Light Rail Station"}, {"category": "one-stop", "departure_date": "2019-03-02", "departure_time": "07:20", "from_city": "San Diego", "from_station": "El Cajon Bus Stop", "num_passengers": "1", "price": "61", "to_city": "Sacramento", "to_station": "65th Light Rail Station"}, {"category": "one-stop", "departure_date": "2019-03-02", "departure_time": "09:10", "from_city": "San Diego", "from_station": "El Cajon Bus Stop", "num_passengers": "1", "price": "61", "to_city": "Sacramento", "to_station": "65th Light Rail Station"}, {"category": "one-stop", "departure_date": "2019-03-02", "departure_time": "10:30", "from_city": "San Diego", "from_station": "El Cajon Bus Stop", "num_passengers": "1", "price": "60", "to_city": "Sacramento", "to_station": "65th Light Rail Station"}, {"category": "one-stop", "departure_date": "2019-03-02", "departure_time": "11:30", "from_city": "San Diego", "from_station": "El Cajon Bus Stop", "num_passengers": "1", "price": "62", "to_city": "Sacramento", "to_station": "65th Light Rail Station"}, {"category": "one-stop", "departure_date": "2019-03-02", "departure_time": "11:50", "from_city": "San Diego", "from_station": "El Cajon Bus Stop", "num_passengers": "1", "price": "57", "to_city": "Sacramento", "to_station": "65th Light Rail Station"}, {"category": "one-stop", "departure_date": "2019-03-02", "departure_time": "14:20", "from_city": "San Diego", "from_station": "El Cajon Bus Stop", "num_passengers": "1", "price": "66", "to_city": "Sacramento", "to_station": "65th Light Rail Station"}, {"category": "one-stop", "departure_date": "2019-03-02", "departure_time": "16:00", "from_city": "San Diego", "from_station": "El Cajon Bus Stop", "num_passengers": "1", "price": "68", "to_city": "Sacramento", "to_station": "65th Light Rail Station"}, {"category": "one-stop", "departure_date": "2019-03-02", "departure_time": "18:10", "from_city": "San Diego", "from_station": "El Cajon Bus Stop", "num_passengers": "1", "price": "67", "to_city": "Sacramento", "to_station": "65th Light Rail Station"}], "slots": [{"exclusive_end": 69, "slot": "departure_time", "start": 62}, {"exclusive_end": 42, "slot": "price", "start": 39}]}], "speaker": "SYSTEM", "utterance": "I found 10 buses that work including a $58 bus that leaves at 6:30 am, how is that?"}, {"frames": [{"actions": [{"act": "REQUEST", "canonical_values": [], "slot": "from_station", "values": []}, {"act": "REQUEST", "canonical_values": [], "slot": "to_station", "values": []}], "service": "Buses_3", "slots": [], "state": {"active_intent": "FindBus", "requested_slots": ["from_station", "to_station"], "slot_values": {"category": ["one-stop"], "departure_date": ["tomorrow"], "from_city": ["San Diego"], "to_city": ["Sacramento"]}}}], "speaker": "USER", "utterance": "Where does that depart from and which station in Sacramento does it arrive at?"}, {"frames": [{"actions": [{"act": "INFORM", "canonical_values": ["El Cajon Bus Stop"], "slot": "from_station", "values": ["El Cajon Bus Stop"]}, {"act": "INFORM", "canonical_values": ["65th Light Rail Station"], "slot": "to_station", "values": ["65th Light Rail Station"]}], "service": "Buses_3", "slots": [{"exclusive_end": 32, "slot": "from_station", "start": 15}, {"exclusive_end": 71, "slot": "to_station", "start": 48}]}], "speaker": "SYSTEM", "utterance": "It leaves from El Cajon Bus Stop and arrives at 65th Light Rail Station"}, {"frames": [{"actions": [{"act": "REQUEST_ALTS", "canonical_values": [], "slot": "", "values": []}], "service": "Buses_3", "slots": [], "state": {"active_intent": "FindBus", "requested_slots": [], "slot_values": {"category": ["one-stop"], "departure_date": ["tomorrow"], "from_city": ["San Diego"], "to_city": ["Sacramento"]}}}], "speaker": "USER", "utterance": "Can you see what other options are available?"}, {"frames": [{"actions": [{"act": "OFFER", "canonical_values": ["06:50"], "slot": "departure_time", "values": ["6:50 am"]}, {"act": "OFFER", "canonical_values": ["58"], "slot": "price", "values": ["$58"]}], "service": "Buses_3", "slots": [{"exclusive_end": 42, "slot": "departure_time", "start": 35}, {"exclusive_end": 56, "slot": "price", "start": 53}]}], "speaker": "SYSTEM", "utterance": "How about this bust that leaves at 6:50 am and costs $58?"}, {"frames": [{"actions": [{"act": "INFORM", "canonical_values": ["1"], "slot": "num_passengers", "values": ["1"]}, {"act": "INFORM_INTENT", "canonical_values": ["BuyBusTicket"], "slot": "intent", "values": ["BuyBusTicket"]}, {"act": "SELECT", "canonical_values": [], "slot": "", "values": []}], "service": "Buses_3", "slots": [], "state": {"active_intent": "BuyBusTicket", "requested_slots": [], "slot_values": {"category": ["one-stop"], "departure_date": ["tomorrow"], "departure_time": ["6:50 am"], "from_city": ["San Diego"], "num_passengers": ["1"], "to_city": ["Sacramento"]}}}], "speaker": "USER", "utterance": "That's fine, get me one ticket"}, {"frames": [{"actions": [{"act": "CONFIRM", "canonical_values": ["San Diego"], "slot": "from_city", "values": ["San Diego"]}, {"act": "CONFIRM", "canonical_values": ["Sacramento"], "slot": "to_city", "values": ["Sacramento"]}, {"act": "CONFIRM", "canonical_values": ["2019-03-02"], "slot": "departure_date", "values": ["March 2nd"]}, {"act": "CONFIRM", "canonical_values": ["06:50"], "slot": "departure_time", "values": ["6:50 am"]}, {"act": "CONFIRM", "canonical_values": ["1"], "slot": "num_passengers", "values": ["1"]}, {"act": "CONFIRM", "canonical_values": ["False"], "slot": "additional_luggage", "values": ["False"]}], "service": "Buses_3", "slots": [{"exclusive_end": 75, "slot": "from_city", "start": 66}, {"exclusive_end": 89, "slot": "to_city", "start": 79}, {"exclusive_end": 45, "slot": "departure_date", "start": 36}, {"exclusive_end": 60, "slot": "departure_time", "start": 53}]}], "speaker": "SYSTEM", "utterance": "Confirming you want 1 ticket on the March 2nd bus at 6:50 am from San Diego to Sacramento with no luggage"}, {"frames": [{"actions": [{"act": "INFORM", "canonical_values": ["True"], "slot": "additional_luggage", "values": ["True"]}, {"act": "NEGATE", "canonical_values": [], "slot": "", "values": []}], "service": "Buses_3", "slots": [], "state": {"active_intent": "BuyBusTicket", "requested_slots": [], "slot_values": {"additional_luggage": ["True"], "category": ["one-stop"], "departure_date": ["March 2nd", "tomorrow"], "departure_time": ["6:50 am"], "from_city": ["San Diego"], "num_passengers": ["1"], "to_city": ["Sacramento"]}}}], "speaker": "USER", "utterance": "Actually that's wrong, I have excess luggage"}, {"frames": [{"actions": [{"act": "CONFIRM", "canonical_values": ["2019-03-02"], "slot": "departure_date", "values": ["March 2nd"]}, {"act": "CONFIRM", "canonical_values": ["True"], "slot": "additional_luggage", "values": ["True"]}], "service": "Buses_3", "slots": [{"exclusive_end": 63, "slot": "departure_date", "start": 54}]}], "speaker": "SYSTEM", "utterance": "OK confirming that you will have extra luggage on the March 2nd bus departure"}, {"frames": [{"actions": [{"act": "INFORM", "canonical_values": ["3"], "slot": "num_passengers", "values": ["3"]}, {"act": "NEGATE", "canonical_values": [], "slot": "", "values": []}], "service": "Buses_3", "slots": [], "state": {"active_intent": "BuyBusTicket", "requested_slots": [], "slot_values": {"additional_luggage": ["True"], "category": ["one-stop"], "departure_date": ["March 2nd", "tomorrow"], "departure_time": ["6:50 am"], "from_city": ["San Diego"], "num_passengers": ["3"], "to_city": ["Sacramento"]}}}], "speaker": "USER", "utterance": "I actually need 3 tickets my fault"}, {"frames": [{"actions": [{"act": "CONFIRM", "canonical_values": ["06:50"], "slot": "departure_time", "values": ["6:50 am"]}, {"act": "CONFIRM", "canonical_values": ["3"], "slot": "num_passengers", "values": ["3"]}], "service": "Buses_3", "slots": [{"exclusive_end": 37, "slot": "departure_time", "start": 30}]}], "speaker": "SYSTEM", "utterance": "Sure thing, so 3 people o the 6:50 am bus?"}, {"frames": [{"actions": [{"act": "AFFIRM", "canonical_values": [], "slot": "", "values": []}], "service": "Buses_3", "slots": [], "state": {"active_intent": "BuyBusTicket", "requested_slots": [], "slot_values": {"additional_luggage": ["True"], "category": ["one-stop"], "departure_date": ["March 2nd", "tomorrow"], "departure_time": ["6:50 am"], "from_city": ["San Diego"], "num_passengers": ["3"], "to_city": ["Sacramento"]}}}], "speaker": "USER", "utterance": "Yes that's perfect"}, {"frames": [{"actions": [{"act": "NOTIFY_SUCCESS", "canonical_values": [], "slot": "", "values": []}], "service": "Buses_3", "service_call": {"method": "BuyBusTicket", "parameters": {"additional_luggage": "True", "departure_date": "2019-03-02", "departure_time": "06:50", "from_city": "San Diego", "num_passengers": "3", "to_city": "Sacramento"}}, "service_results": [{"additional_luggage": "True", "category": "one-stop", "departure_date": "2019-03-02", "departure_time": "06:50", "from_city": "San Diego", "from_station": "El Cajon Bus Stop", "num_passengers": "3", "price": "66", "to_city": "Sacramento", "to_station": "65th Light Rail Station"}], "slots": []}], "speaker": "SYSTEM", "utterance": "Your tickets are booked!"}, {"frames": [{"actions": [{"act": "REQUEST", "canonical_values": [], "slot": "from_station", "values": []}], "service": "Buses_3", "slots": [], "state": {"active_intent": "BuyBusTicket", "requested_slots": ["from_station"], "slot_values": {"additional_luggage": ["True"], "category": ["one-stop"], "departure_date": ["March 2nd", "tomorrow"], "departure_time": ["6:50 am"], "from_city": ["San Diego"], "num_passengers": ["3"], "to_city": ["Sacramento"]}}}], "speaker": "USER", "utterance": "Where does it leave from again?"}, {"frames": [{"actions": [{"act": "INFORM", "canonical_values": ["El Cajon Bus Stop"], "slot": "from_station", "values": ["El Cajon Bus Stop"]}], "service": "Buses_3", "slots": [{"exclusive_end": 32, "slot": "from_station", "start": 15}]}], "speaker": "SYSTEM", "utterance": "It leaves from El Cajon Bus Stop"}, {"frames": [{"actions": [{"act": "THANK_YOU", "canonical_values": [], "slot": "", "values": []}, {"act": "GOODBYE", "canonical_values": [], "slot": "", "values": []}], "service": "Buses_3", "slots": [], "state": {"active_intent": "BuyBusTicket", "requested_slots": [], "slot_values": {"additional_luggage": ["True"], "category": ["one-stop"], "departure_date": ["March 2nd", "tomorrow"], "departure_time": ["6:50 am"], "from_city": ["San Diego"], "num_passengers": ["3"], "to_city": ["Sacramento"]}}}], "speaker": "USER", "utterance": "OK got it, that's it for now thanks"}, {"frames": [{"actions": [{"act": "GOODBYE", "canonical_values": [], "slot": "", "values": []}], "service": "Buses_3", "slots": []}], "speaker": "SYSTEM", "utterance": "Sure, glad I could help!"}]}, {"dialogue_id": "5_00003", "services": ["Buses_3"], "turns": [{"frames": [{"actions": [{"act": "INFORM", "canonical_values": ["2019-03-06"], "slot": "departure_date", "values": ["6th of this month"]}, {"act": "INFORM", "canonical_values": ["direct"], "slot": "category", "values": ["direct"]}, {"act": "INFORM", "canonical_values": ["2"], "slot": "num_passengers", "values": ["2"]}, {"act": "INFORM_INTENT", "canonical_values": ["FindBus"], "slot": "intent", "values": ["FindBus"]}], "service": "Buses_3", "slots": [{"exclusive_end": 63, "slot": "departure_date", "start": 46}], "state": {"active_intent": "FindBus", "requested_slots": [], "slot_values": {"category": ["direct"], "departure_date": ["6th of this month"], "num_passengers": ["2"]}}}], "speaker": "USER", "utterance": "I have a trip for 2 people and leaving on the 6th of this month. Would you search for a direct bus for me?"}, {"frames": [{"actions": [{"act": "REQUEST", "canonical_values": [], "slot": "from_city", "values": []}], "service": "Buses_3", "slots": []}], "speaker": "SYSTEM", "utterance": "Where the destination of departure?"}, {"frames": [{"actions": [{"act": "INFORM", "canonical_values": ["New York"], "slot": "from_city", "values": ["NYC"]}], "service": "Buses_3", "slots": [{"exclusive_end": 28, "slot": "from_city", "start": 25}], "state": {"active_intent": "FindBus", "requested_slots": [], "slot_values": {"category": ["direct"], "departure_date": ["6th of this month"], "from_city": ["NYC"], "num_passengers": ["2"]}}}], "speaker": "USER", "utterance": "I will be heading out of NYC."}, {"frames": [{"actions": [{"act": "REQUEST", "canonical_values": [], "slot": "to_city", "values": []}], "service": "Buses_3", "slots": []}], "speaker": "SYSTEM", "utterance": "can you tell me where you will be going?"}, {"frames": [{"actions": [{"act": "INFORM", "canonical_values": ["Washington"], "slot": "to_city", "values": ["Washington"]}], "service": "Buses_3", "slots": [{"exclusive_end": 29, "slot": "to_city", "start": 19}], "state": {"active_intent": "FindBus", "requested_slots": [], "slot_values": {"category": ["direct"], "departure_date": ["6th of this month"], "from_city": ["NYC"], "num_passengers": ["2"], "to_city": ["Washington"]}}}], "speaker": "USER", "utterance": "I will be going to Washington."}, {"frames": [{"actions": [{"act": "OFFER", "canonical_values": ["06:00"], "slot": "departure_time", "values": ["6 am"]}, {"act": "OFFER", "canonical_values": ["35"], "slot": "price", "values": ["$35"]}], "service": "Buses_3", "service_call": {"method": "FindBus", "parameters": {"category": "direct", "departure_date": "2019-03-06", "from_city": "New York", "num_passengers": "2", "to_city": "Washington"}}, "service_results": [{"category": "direct", "departure_date": "2019-03-06", "departure_time": "06:00", "from_city": "New York", "from_station": "Penn Station", "num_passengers": "2", "price": "35", "to_city": "Washington", "to_station": "Silver Spring Bus Stop"}, {"category": "direct", "departure_date": "2019-03-06", "departure_time": "06:20", "from_city": "New York", "from_station": "Penn Station", "num_passengers": "2", "price": "40", "to_city": "Washington", "to_station": "Silver Spring Bus Stop"}, {"category": "direct", "departure_date": "2019-03-06", "departure_time": "06:50", "from_city": "New York", "from_station": "Penn Station", "num_passengers": "2", "price": "43", "to_city": "Washington", "to_station": "Silver Spring Bus Stop"}, {"category": "direct", "departure_date": "2019-03-06", "departure_time": "07:40", "from_city": "New York", "from_station": "Penn Station", "num_passengers": "2", "price": "39", "to_city": "Washington", "to_station": "Silver Spring Bus Stop"}, {"category": "direct", "departure_date": "2019-03-06", "departure_time": "07:50", "from_city": "New York", "from_station": "Penn Station", "num_passengers": "2", "price": "31", "to_city": "Washington", "to_station": "Silver Spring Bus Stop"}, {"category": "direct", "departure_date": "2019-03-06", "departure_time": "10:10", "from_city": "New York", "from_station": "Penn Station", "num_passengers": "2", "price": "34", "to_city": "Washington", "to_station": "Silver Spring Bus Stop"}, {"category": "direct", "departure_date": "2019-03-06", "departure_time": "14:40", "from_city": "New York", "from_station": "Penn Station", "num_passengers": "2", "price": "37", "to_city": "Washington", "to_station": "Silver Spring Bus Stop"}, {"category": "direct", "departure_date": "2019-03-06", "departure_time": "17:20", "from_city": "New York", "from_station": "Penn Station", "num_passengers": "2", "price": "36", "to_city": "Washington", "to_station": "Silver Spring Bus Stop"}], "slots": [{"exclusive_end": 55, "slot": "departure_time", "start": 51}, {"exclusive_end": 76, "slot": "price", "start": 73}]}], "speaker": "SYSTEM", "utterance": "What do you think about the bus that is leaving at 6 am and is priced at $35?"}, {"frames": [{"actions": [{"act": "INFORM", "canonical_values": ["Los Angeles"], "slot": "from_city", "values": ["LA"]}, {"act": "INFORM", "canonical_values": ["Anaheim"], "slot": "to_city", "values": ["Anaheim, CA"]}, {"act": "REQUEST_ALTS", "canonical_values": [], "slot": "", "values": []}], "service": "Buses_3", "slots": [{"exclusive_end": 49, "slot": "from_city", "start": 47}, {"exclusive_end": 74, "slot": "to_city", "start": 63}], "state": {"active_intent": "FindBus", "requested_slots": [], "slot_values": {"category": ["direct"], "departure_date": ["6th of this month"], "from_city": ["LA"], "num_passengers": ["2"], "to_city": ["Anaheim, CA"]}}}], "speaker": "USER", "utterance": "Look for something else that is leaving out of LA and going to Anaheim, CA."}, {"frames": [{"actions": [{"act": "OFFER", "canonical_values": ["06:40"], "slot": "departure_time", "values": ["6:40 am"]}, {"act": "OFFER", "canonical_values": ["13"], "slot": "price", "values": ["$13"]}], "service": "Buses_3", "service_call": {"method": "FindBus", "parameters": {"category": "direct", "departure_date": "2019-03-06", "from_city": "Los Angeles", "num_passengers": "2", "to_city": "Anaheim"}}, "service_results": [{"category": "direct", "departure_date": "2019-03-06", "departure_time": "06:00", "from_city": "Los Angeles", "from_station": "North Hollywood Station", "num_passengers": "2", "price": "13", "to_city": "Anaheim", "to_station": "Anaheim Bus Station"}, {"category": "direct", "departure_date": "2019-03-06", "departure_time": "06:40", "from_city": "Los Angeles", "from_station": "North Hollywood Station", "num_passengers": "2", "price": "13", "to_city": "Anaheim", "to_station": "Anaheim Bus Station"}, {"category": "direct", "departure_date": "2019-03-06", "departure_time": "09:20", "from_city": "Los Angeles", "from_station": "North Hollywood Station", "num_passengers": "2", "price": "12", "to_city": "Anaheim", "to_station": "Anaheim Bus Station"}, {"category": "direct", "departure_date": "2019-03-06", "departure_time": "10:40", "from_city": "Los Angeles", "from_station": "North Hollywood Station", "num_passengers": "2", "price": "12", "to_city": "Anaheim", "to_station": "Anaheim Bus Station"}, {"category": "direct", "departure_date": "2019-03-06", "departure_time": "11:30", "from_city": "Los Angeles", "from_station": "North Hollywood Station", "num_passengers": "2", "price": "13", "to_city": "Anaheim", "to_station": "Anaheim Bus Station"}, {"category": "direct", "departure_date": "2019-03-06", "departure_time": "14:00", "from_city": "Los Angeles", "from_station": "North Hollywood Station", "num_passengers": "2", "price": "12", "to_city": "Anaheim", "to_station": "Anaheim Bus Station"}, {"category": "direct", "departure_date": "2019-03-06", "departure_time": "14:50", "from_city": "Los Angeles", "from_station": "North Hollywood Station", "num_passengers": "2", "price": "12", "to_city": "Anaheim", "to_station": "Anaheim Bus Station"}, {"category": "direct", "departure_date": "2019-03-06", "departure_time": "15:00", "from_city": "Los Angeles", "from_station": "North Hollywood Station", "num_passengers": "2", "price": "12", "to_city": "Anaheim", "to_station": "Anaheim Bus Station"}, {"category": "direct", "departure_date": "2019-03-06", "departure_time": "15:30", "from_city": "Los Angeles", "from_station": "North Hollywood Station", "num_passengers": "2", "price": "12", "to_city": "Anaheim", "to_station": "Anaheim Bus Station"}, {"category": "direct", "departure_date": "2019-03-06", "departure_time": "15:40", "from_city": "Los Angeles", "from_station": "North Hollywood Station", "num_passengers": "2", "price": "12", "to_city": "Anaheim", "to_station": "Anaheim Bus Station"}], "slots": [{"exclusive_end": 41, "slot": "departure_time", "start": 34}, {"exclusive_end": 64, "slot": "price", "start": 61}]}], "speaker": "SYSTEM", "utterance": "There is a bus that is leaving at 6:40 am and has a price of $13. How about that?"}, {"frames": [{"actions": [{"act": "SELECT", "canonical_values": [], "slot": "", "values": []}], "service": "Buses_3", "slots": [], "state": {"active_intent": "FindBus", "requested_slots": [], "slot_values": {"category": ["direct"], "departure_date": ["6th of this month"], "departure_time": ["6:40 am"], "from_city": ["LA"], "num_passengers": ["2"], "to_city": ["Anaheim, CA"]}}}], "speaker": "USER", "utterance": "Okay, that works for me."}, {"frames": [{"actions": [{"act": "REQ_MORE", "canonical_values": [], "slot": "", "values": []}], "service": "Buses_3", "slots": []}], "speaker": "SYSTEM", "utterance": "Would you need further assistance?"}, {"frames": [{"actions": [{"act": "INFORM_INTENT", "canonical_values": ["BuyBusTicket"], "slot": "intent", "values": ["BuyBusTicket"]}], "service": "Buses_3", "slots": [], "state": {"active_intent": "BuyBusTicket", "requested_slots": [], "slot_values": {"category": ["direct"], "departure_date": ["6th of this month"], "departure_time": ["6:40 am"], "from_city": ["LA"], "num_passengers": ["2"], "to_city": ["Anaheim, CA"]}}}], "speaker": "USER", "utterance": "I would like to purchase some bus tickets."}, {"frames": [{"actions": [{"act": "CONFIRM", "canonical_values": ["Los Angeles"], "slot": "from_city", "values": ["Los Angeles"]}, {"act": "CONFIRM", "canonical_values": ["Anaheim"], "slot": "to_city", "values": ["Anaheim"]}, {"act": "CONFIRM", "canonical_values": ["2019-03-06"], "slot": "departure_date", "values": ["March 6th"]}, {"act": "CONFIRM", "canonical_values": ["06:40"], "slot": "departure_time", "values": ["6:40 am"]}, {"act": "CONFIRM", "canonical_values": ["2"], "slot": "num_passengers", "values": ["2"]}, {"act": "CONFIRM", "canonical_values": ["False"], "slot": "additional_luggage", "values": ["False"]}], "service": "Buses_3", "slots": [{"exclusive_end": 76, "slot": "from_city", "start": 65}, {"exclusive_end": 96, "slot": "to_city", "start": 89}, {"exclusive_end": 109, "slot": "departure_date", "start": 100}, {"exclusive_end": 120, "slot": "departure_time", "start": 113}]}], "speaker": "SYSTEM", "utterance": "You would like to purchase 2 tickets for a bus that is departing Los Angeles at going to Anaheim on March 6th at 6:40 am. There is not any additional luggage to take with you. Are those details correct?"}, {"frames": [{"actions": [{"act": "AFFIRM", "canonical_values": [], "slot": "", "values": []}], "service": "Buses_3", "slots": [], "state": {"active_intent": "BuyBusTicket", "requested_slots": [], "slot_values": {"additional_luggage": ["False"], "category": ["direct"], "departure_date": ["6th of this month", "March 6th"], "departure_time": ["6:40 am"], "from_city": ["LA", "Los Angeles"], "num_passengers": ["2"], "to_city": ["Anaheim", "Anaheim, CA"]}}}], "speaker": "USER", "utterance": "Yes, that sounds right to me."}, {"frames": [{"actions": [{"act": "NOTIFY_SUCCESS", "canonical_values": [], "slot": "", "values": []}], "service": "Buses_3", "service_call": {"method": "BuyBusTicket", "parameters": {"additional_luggage": "False", "departure_date": "2019-03-06", "departure_time": "06:40", "from_city": "Los Angeles", "num_passengers": "2", "to_city": "Anaheim"}}, "service_results": [{"additional_luggage": "False", "category": "direct", "departure_date": "2019-03-06", "departure_time": "06:40", "from_city": "Los Angeles", "from_station": "North Hollywood Station", "num_passengers": "2", "price": "13", "to_city": "Anaheim", "to_station": "Anaheim Bus Station"}], "slots": []}], "speaker": "SYSTEM", "utterance": "I have verified your ticket purchase."}, {"frames": [{"actions": [{"act": "REQUEST", "canonical_values": [], "slot": "from_station", "values": []}, {"act": "REQUEST", "canonical_values": [], "slot": "to_station", "values": []}], "service": "Buses_3", "slots": [], "state": {"active_intent": "BuyBusTicket", "requested_slots": ["from_station", "to_station"], "slot_values": {"additional_luggage": ["False"], "category": ["direct"], "departure_date": ["6th of this month", "March 6th"], "departure_time": ["6:40 am"], "from_city": ["LA", "Los Angeles"], "num_passengers": ["2"], "to_city": ["Anaheim", "Anaheim, CA"]}}}], "speaker": "USER", "utterance": "Can you tell me the departure and arrival stations?"}, {"frames": [{"actions": [{"act": "INFORM", "canonical_values": ["North Hollywood Station"], "slot": "from_station", "values": ["North Hollywood Station"]}, {"act": "INFORM", "canonical_values": ["Anaheim Bus Station"], "slot": "to_station", "values": ["Anaheim Bus Station"]}], "service": "Buses_3", "slots": [{"exclusive_end": 43, "slot": "from_station", "start": 20}, {"exclusive_end": 81, "slot": "to_station", "start": 62}]}], "speaker": "SYSTEM", "utterance": "You will leave from North Hollywood Station and arrive at the Anaheim Bus Station."}, {"frames": [{"actions": [{"act": "THANK_YOU", "canonical_values": [], "slot": "", "values": []}, {"act": "GOODBYE", "canonical_values": [], "slot": "", "values": []}], "service": "Buses_3", "slots": [], "state": {"active_intent": "BuyBusTicket", "requested_slots": [], "slot_values": {"additional_luggage": ["False"], "category": ["direct"], "departure_date": ["6th of this month", "March 6th"], "departure_time": ["6:40 am"], "from_city": ["LA", "Los Angeles"], "num_passengers": ["2"], "to_city": ["Anaheim", "Anaheim, CA"]}}}], "speaker": "USER", "utterance": "Your help has been so great and that does it for me."}, {"frames": [{"actions": [{"act": "GOODBYE", "canonical_values": [], "slot": "", "values": []}], "service": "Buses_3", "slots": []}], "speaker": "SYSTEM", "utterance": "Please have a wonderful day."}]}, {"dialogue_id": "5_00004", "services": ["Buses_3"], "turns": [{"frames": [{"actions": [{"act": "INFORM", "canonical_values": ["one-stop"], "slot": "category", "values": ["one-stop"]}, {"act": "INFORM_INTENT", "canonical_values": ["FindBus"], "slot": "intent", "values": ["FindBus"]}], "service": "Buses_3", "slots": [], "state": {"active_intent": "FindBus", "requested_slots": [], "slot_values": {"category": ["one-stop"]}}}], "speaker": "USER", "utterance": "I need a one-stop bus, can you help?"}, {"frames": [{"actions": [{"act": "REQUEST", "canonical_values": [], "slot": "to_city", "values": []}, {"act": "REQUEST", "canonical_values": [], "slot": "from_city", "values": []}, {"act": "REQUEST", "canonical_values": [], "slot": "departure_date", "values": []}], "service": "Buses_3", "slots": []}], "speaker": "SYSTEM", "utterance": "Absolutely, where will you leave from and where will you go?"}, {"frames": [{"actions": [{"act": "INFORM", "canonical_values": ["Sacramento"], "slot": "from_city", "values": ["Sacramento, CA"]}, {"act": "INFORM", "canonical_values": ["2019-03-02"], "slot": "departure_date", "values": ["saturday this week"]}, {"act": "INFORM", "canonical_values": ["Las Vegas"], "slot": "to_city", "values": ["Las Vegas"]}], "service": "Buses_3", "slots": [{"exclusive_end": 22, "slot": "from_city", "start": 8}, {"exclusive_end": 41, "slot": "departure_date", "start": 23}, {"exclusive_end": 66, "slot": "to_city", "start": 57}], "state": {"active_intent": "FindBus", "requested_slots": [], "slot_values": {"category": ["one-stop"], "departure_date": ["saturday this week"], "from_city": ["Sacramento, CA"], "to_city": ["Las Vegas"]}}}], "speaker": "USER", "utterance": "I leave Sacramento, CA saturday this week. I am going to Las Vegas baby."}, {"frames": [{"actions": [{"act": "OFFER", "canonical_values": ["07:10"], "slot": "departure_time", "values": ["7:10 am"]}, {"act": "OFFER", "canonical_values": ["63"], "slot": "price", "values": ["$63"]}], "service": "Buses_3", "service_call": {"method": "FindBus", "parameters": {"category": "one-stop", "departure_date": "2019-03-02", "from_city": "Sacramento", "to_city": "Las Vegas"}}, "service_results": [{"category": "one-stop", "departure_date": "2019-03-02", "departure_time": "07:10", "from_city": "Sacramento", "from_station": "65th Light Rail Station", "num_passengers": "1", "price": "63", "to_city": "Las Vegas", "to_station": "Union Plaza"}, {"category": "one-stop", "departure_date": "2019-03-02", "departure_time": "07:40", "from_city": "Sacramento", "from_station": "65th Light Rail Station", "num_passengers": "1", "price": "65", "to_city": "Las Vegas", "to_station": "Union Plaza"}, {"category": "one-stop", "departure_date": "2019-03-02", "departure_time": "07:50", "from_city": "Sacramento", "from_station": "65th Light Rail Station", "num_passengers": "1", "price": "63", "to_city": "Las Vegas", "to_station": "Union Plaza"}, {"category": "one-stop", "departure_date": "2019-03-02", "departure_time": "10:50", "from_city": "Sacramento", "from_station": "65th Light Rail Station", "num_passengers": "1", "price": "59", "to_city": "Las Vegas", "to_station": "Union Plaza"}, {"category": "one-stop", "departure_date": "2019-03-02", "departure_time": "12:00", "from_city": "Sacramento", "from_station": "65th Light Rail Station", "num_passengers": "1", "price": "60", "to_city": "Las Vegas", "to_station": "Union Plaza"}, {"category": "one-stop", "departure_date": "2019-03-02", "departure_time": "12:10", "from_city": "Sacramento", "from_station": "65th Light Rail Station", "num_passengers": "1", "price": "56", "to_city": "Las Vegas", "to_station": "Union Plaza"}, {"category": "one-stop", "departure_date": "2019-03-02", "departure_time": "13:20", "from_city": "Sacramento", "from_station": "65th Light Rail Station", "num_passengers": "1", "price": "74", "to_city": "Las Vegas", "to_station": "Union Plaza"}, {"category": "one-stop", "departure_date": "2019-03-02", "departure_time": "15:10", "from_city": "Sacramento", "from_station": "65th Light Rail Station", "num_passengers": "1", "price": "57", "to_city": "Las Vegas", "to_station": "Union Plaza"}, {"category": "one-stop", "departure_date": "2019-03-02", "departure_time": "15:20", "from_city": "Sacramento", "from_station": "65th Light Rail Station", "num_passengers": "1", "price": "58", "to_city": "Las Vegas", "to_station": "Union Plaza"}, {"category": "one-stop", "departure_date": "2019-03-02", "departure_time": "16:20", "from_city": "Sacramento", "from_station": "65th Light Rail Station", "num_passengers": "1", "price": "64", "to_city": "Las Vegas", "to_station": "Union Plaza"}], "slots": [{"exclusive_end": 27, "slot": "departure_time", "start": 20}, {"exclusive_end": 55, "slot": "price", "start": 52}]}], "speaker": "SYSTEM", "utterance": "How about the early 7:10 am bus? It's total cost is $63."}, {"frames": [{"actions": [{"act": "REQUEST", "canonical_values": [], "slot": "from_station", "values": []}, {"act": "REQUEST", "canonical_values": [], "slot": "to_station", "values": []}], "service": "Buses_3", "slots": [], "state": {"active_intent": "FindBus", "requested_slots": ["from_station", "to_station"], "slot_values": {"category": ["one-stop"], "departure_date": ["saturday this week"], "from_city": ["Sacramento, CA"], "to_city": ["Las Vegas"]}}}], "speaker": "USER", "utterance": "What station am I leaving from, and where am I headed?"}, {"frames": [{"actions": [{"act": "INFORM", "canonical_values": ["65th Light Rail Station"], "slot": "from_station", "values": ["65th Light Rail Station"]}, {"act": "INFORM", "canonical_values": ["Union Plaza"], "slot": "to_station", "values": ["Union Plaza"]}], "service": "Buses_3", "slots": [{"exclusive_end": 47, "slot": "from_station", "start": 24}, {"exclusive_end": 73, "slot": "to_station", "start": 62}]}], "speaker": "SYSTEM", "utterance": "You're leaving from the 65th Light Rail Station and headed to Union Plaza."}, {"frames": [{"actions": [{"act": "INFORM", "canonical_values": ["3"], "slot": "num_passengers", "values": ["3"]}, {"act": "REQUEST_ALTS", "canonical_values": [], "slot": "", "values": []}], "service": "Buses_3", "slots": [], "state": {"active_intent": "FindBus", "requested_slots": [], "slot_values": {"category": ["one-stop"], "departure_date": ["saturday this week"], "from_city": ["Sacramento, CA"], "num_passengers": ["3"], "to_city": ["Las Vegas"]}}}], "speaker": "USER", "utterance": "How about another option. I need three tickets."}, {"frames": [{"actions": [{"act": "OFFER", "canonical_values": ["07:40"], "slot": "departure_time", "values": ["7:40 am"]}, {"act": "OFFER", "canonical_values": ["65"], "slot": "price", "values": ["$65"]}, {"act": "INFORM_COUNT", "canonical_values": ["9"], "slot": "count", "values": ["9"]}], "service": "Buses_3", "service_call": {"method": "FindBus", "parameters": {"category": "one-stop", "departure_date": "2019-03-02", "from_city": "Sacramento", "num_passengers": "3", "to_city": "Las Vegas"}}, "service_results": [{"category": "one-stop", "departure_date": "2019-03-02", "departure_time": "07:10", "from_city": "Sacramento", "from_station": "65th Light Rail Station", "num_passengers": "3", "price": "63", "to_city": "Las Vegas", "to_station": "Union Plaza"}, {"category": "one-stop", "departure_date": "2019-03-02", "departure_time": "07:40", "from_city": "Sacramento", "from_station": "65th Light Rail Station", "num_passengers": "3", "price": "65", "to_city": "Las Vegas", "to_station": "Union Plaza"}, {"category": "one-stop", "departure_date": "2019-03-02", "departure_time": "07:50", "from_city": "Sacramento", "from_station": "65th Light Rail Station", "num_passengers": "3", "price": "63", "to_city": "Las Vegas", "to_station": "Union Plaza"}, {"category": "one-stop", "departure_date": "2019-03-02", "departure_time": "10:50", "from_city": "Sacramento", "from_station": "65th Light Rail Station", "num_passengers": "3", "price": "59", "to_city": "Las Vegas", "to_station": "Union Plaza"}, {"category": "one-stop", "departure_date": "2019-03-02", "departure_time": "12:00", "from_city": "Sacramento", "from_station": "65th Light Rail Station", "num_passengers": "3", "price": "60", "to_city": "Las Vegas", "to_station": "Union Plaza"}, {"category": "one-stop", "departure_date": "2019-03-02", "departure_time": "12:10", "from_city": "Sacramento", "from_station": "65th Light Rail Station", "num_passengers": "3", "price": "56", "to_city": "Las Vegas", "to_station": "Union Plaza"}, {"category": "one-stop", "departure_date": "2019-03-02", "departure_time": "13:20", "from_city": "Sacramento", "from_station": "65th Light Rail Station", "num_passengers": "3", "price": "74", "to_city": "Las Vegas", "to_station": "Union Plaza"}, {"category": "one-stop", "departure_date": "2019-03-02", "departure_time": "15:10", "from_city": "Sacramento", "from_station": "65th Light Rail Station", "num_passengers": "3", "price": "57", "to_city": "Las Vegas", "to_station": "Union Plaza"}, {"category": "one-stop", "departure_date": "2019-03-02", "departure_time": "15:20", "from_city": "Sacramento", "from_station": "65th Light Rail Station", "num_passengers": "3", "price": "58", "to_city": "Las Vegas", "to_station": "Union Plaza"}], "slots": [{"exclusive_end": 43, "slot": "departure_time", "start": 36}, {"exclusive_end": 74, "slot": "price", "start": 71}]}], "speaker": "SYSTEM", "utterance": "There are 9 options. What about the 7:40 am. bus? It's ticket price is $65."}, {"frames": [{"actions": [{"act": "INFORM_INTENT", "canonical_values": ["BuyBusTicket"], "slot": "intent", "values": ["BuyBusTicket"]}, {"act": "SELECT", "canonical_values": [], "slot": "", "values": []}], "service": "Buses_3", "slots": [], "state": {"active_intent": "BuyBusTicket", "requested_slots": [], "slot_values": {"category": ["one-stop"], "departure_date": ["saturday this week"], "departure_time": ["7:40 am"], "from_city": ["Sacramento, CA"], "num_passengers": ["3"], "to_city": ["Las Vegas"]}}}], "speaker": "USER", "utterance": "Sounds like a winner. Get them."}, {"frames": [{"actions": [{"act": "CONFIRM", "canonical_values": ["Sacramento"], "slot": "from_city", "values": ["Sacramento"]}, {"act": "CONFIRM", "canonical_values": ["Las Vegas"], "slot": "to_city", "values": ["Las Vegas"]}, {"act": "CONFIRM", "canonical_values": ["2019-03-02"], "slot": "departure_date", "values": ["March 2nd"]}, {"act": "CONFIRM", "canonical_values": ["07:40"], "slot": "departure_time", "values": ["7:40 am"]}, {"act": "CONFIRM", "canonical_values": ["3"], "slot": "num_passengers", "values": ["3"]}, {"act": "CONFIRM", "canonical_values": ["False"], "slot": "additional_luggage", "values": ["False"]}], "service": "Buses_3", "slots": [{"exclusive_end": 59, "slot": "from_city", "start": 49}, {"exclusive_end": 78, "slot": "to_city", "start": 69}, {"exclusive_end": 91, "slot": "departure_date", "start": 82}, {"exclusive_end": 113, "slot": "departure_time", "start": 106}]}], "speaker": "SYSTEM", "utterance": "Sure, let's confirm: 3 tickets for a bus leaving Sacramento going to Las Vegas on March 2nd. It leaves at 7:40 am."}, {"frames": [{"actions": [{"act": "REQUEST", "canonical_values": [], "slot": "to_station", "values": []}, {"act": "AFFIRM", "canonical_values": [], "slot": "", "values": []}], "service": "Buses_3", "slots": [], "state": {"active_intent": "BuyBusTicket", "requested_slots": ["to_station"], "slot_values": {"additional_luggage": ["False"], "category": ["one-stop"], "departure_date": ["March 2nd", "saturday this week"], "departure_time": ["7:40 am"], "from_city": ["Sacramento", "Sacramento, CA"], "num_passengers": ["3"], "to_city": ["Las Vegas"]}}}], "speaker": "USER", "utterance": "Fine, what is the terminus again?"}, {"frames": [{"actions": [{"act": "INFORM", "canonical_values": ["Union Plaza"], "slot": "to_station", "values": ["Union Plaza"]}, {"act": "NOTIFY_SUCCESS", "canonical_values": [], "slot": "", "values": []}], "service": "Buses_3", "service_call": {"method": "BuyBusTicket", "parameters": {"additional_luggage": "False", "departure_date": "2019-03-02", "departure_time": "07:40", "from_city": "Sacramento", "num_passengers": "3", "to_city": "Las Vegas"}}, "service_results": [{"additional_luggage": "False", "category": "one-stop", "departure_date": "2019-03-02", "departure_time": "07:40", "from_city": "Sacramento", "from_station": "65th Light Rail Station", "num_passengers": "3", "price": "65", "to_city": "Las Vegas", "to_station": "Union Plaza"}], "slots": [{"exclusive_end": 30, "slot": "to_station", "start": 19}]}], "speaker": "SYSTEM", "utterance": "You will arrive at Union Plaza. You're all set."}, {"frames": [{"actions": [{"act": "REQUEST", "canonical_values": [], "slot": "from_station", "values": []}], "service": "Buses_3", "slots": [], "state": {"active_intent": "BuyBusTicket", "requested_slots": ["from_station"], "slot_values": {"additional_luggage": ["False"], "category": ["one-stop"], "departure_date": ["March 2nd", "saturday this week"], "departure_time": ["7:40 am"], "from_city": ["Sacramento", "Sacramento, CA"], "num_passengers": ["3"], "to_city": ["Las Vegas"]}}}], "speaker": "USER", "utterance": "What's the departing station again?"}, {"frames": [{"actions": [{"act": "INFORM", "canonical_values": ["65th Light Rail Station"], "slot": "from_station", "values": ["65th Light Rail Station"]}], "service": "Buses_3", "slots": [{"exclusive_end": 28, "slot": "from_station", "start": 5}]}], "speaker": "SYSTEM", "utterance": "It's 65th Light Rail Station."}, {"frames": [{"actions": [{"act": "THANK_YOU", "canonical_values": [], "slot": "", "values": []}, {"act": "GOODBYE", "canonical_values": [], "slot": "", "values": []}], "service": "Buses_3", "slots": [], "state": {"active_intent": "BuyBusTicket", "requested_slots": [], "slot_values": {"additional_luggage": ["False"], "category": ["one-stop"], "departure_date": ["March 2nd", "saturday this week"], "departure_time": ["7:40 am"], "from_city": ["Sacramento", "Sacramento, CA"], "num_passengers": ["3"], "to_city": ["Las Vegas"]}}}], "speaker": "USER", "utterance": "Great, you make my heart sing."}, {"frames": [{"actions": [{"act": "GOODBYE", "canonical_values": [], "slot": "", "values": []}], "service": "Buses_3", "slots": []}], "speaker": "SYSTEM", "utterance": "Have a fun trip."}]}]