[{"dialogue_id": "4_00000", "services": ["Homes_1"], "turns": [{"frames": [{"actions": [{"act": "INFORM_INTENT", "canonical_values": ["FindApartment"], "slot": "intent", "values": ["FindApartment"]}], "service": "Homes_1", "slots": [], "state": {"active_intent": "FindApartment", "requested_slots": [], "slot_values": {}}}], "speaker": "USER", "utterance": "I'm looking for apartments."}, {"frames": [{"actions": [{"act": "REQUEST", "canonical_values": [], "slot": "area", "values": []}], "service": "Homes_1", "slots": []}], "speaker": "SYSTEM", "utterance": "Which area are you looking in?"}, {"frames": [{"actions": [{"act": "INFORM", "canonical_values": ["San Jose"], "slot": "area", "values": ["San Jose"]}], "service": "Homes_1", "slots": [{"exclusive_end": 31, "slot": "area", "start": 23}], "state": {"active_intent": "FindApartment", "requested_slots": [], "slot_values": {"area": ["San Jose"]}}}], "speaker": "USER", "utterance": "I want an apartment in San Jose."}, {"frames": [{"actions": [{"act": "REQUEST", "canonical_values": [], "slot": "number_of_beds", "values": []}], "service": "Homes_1", "slots": []}], "speaker": "SYSTEM", "utterance": "How many bedrooms do you want?"}, {"frames": [{"actions": [{"act": "INFORM", "canonical_values": ["2"], "slot": "number_of_beds", "values": ["2"]}], "service": "Homes_1", "slots": [], "state": {"active_intent": "FindApartment", "requested_slots": [], "slot_values": {"area": ["San Jose"], "number_of_beds": ["2"]}}}], "speaker": "USER", "utterance": "2 bedrooms, please."}, {"frames": [{"actions": [{"act": "OFFER", "canonical_values": ["Aegena"], "slot": "property_name", "values": ["Aegena"]}, {"act": "OFFER", "canonical_values": ["1290 San Tomas Aquino Road"], "slot": "address", "values": ["1290 San Tomas Aquino Road"]}, {"act": "OFFER", "canonical_values": ["2"], "slot": "number_of_beds", "values": ["2"]}, {"act": "OFFER", "canonical_values": ["1"], "slot": "number_of_baths", "values": ["1"]}, {"act": "OFFER", "canonical_values": ["2650"], "slot": "rent", "values": ["$2,650"]}], "service": "Homes_1", "service_call": {"method": "FindApartment", "parameters": {"area": "San Jose", "number_of_beds": "2"}}, "service_results": [{"address": "1290 San Tomas Aquino Road", "area": "San Jose", "furnished": "False", "number_of_baths": "1", "number_of_beds": "2", "pets_allowed": "True", "phone_number": "408-984-8888", "property_name": "Aegena", "rent": "2650"}, {"address": "73 North Keeble Avenue", "area": "San Jose", "furnished": "True", "number_of_baths": "2", "number_of_beds": "2", "pets_allowed": "False", "phone_number": "408-998-7266", "property_name": "Alameda Gardens Apartments", "rent": "3150"}, {"address": "2415 Rinconada Drive", "area": "San Jose", "furnished": "False", "number_of_baths": "1", "number_of_beds": "2", "pets_allowed": "False", "phone_number": "408-516-4212", "property_name": "Almaden House", "rent": "2450"}, {"address": "978 Almaden Lake Drive", "area": "San Jose", "furnished": "False", "number_of_baths": "2", "number_of_beds": "2", "pets_allowed": "True", "phone_number": "408-323-8020", "property_name": "Almaden Lake Apartments", "rent": "3100"}, {"address": "1543 Ambergrove Drive", "area": "San Jose", "furnished": "False", "number_of_baths": "1", "number_of_beds": "2", "pets_allowed": "True", "phone_number": "408-453-8011", "property_name": "Amberwood Apartments", "rent": "2500"}, {"address": "1585 Marburg Way # 4", "area": "San Jose", "furnished": "False", "number_of_baths": "2", "number_of_beds": "2", "pets_allowed": "True", "phone_number": "408-926-3999", "property_name": "Ann Darling Apartments", "rent": "3100"}, {"address": "5822 Charlotte Drive", "area": "San Jose", "furnished": "False", "number_of_baths": "2", "number_of_beds": "2", "pets_allowed": "True", "phone_number": "408-226-5822", "property_name": "Anton La Moraga Apartments", "rent": "3000"}, {"address": "1582 Kooser Road", "area": "San Jose", "furnished": "False", "number_of_baths": "1", "number_of_beds": "2", "pets_allowed": "True", "phone_number": "408-448-1288", "property_name": "Arbor Apartments", "rent": "2800"}, {"address": "1058 South 5th Street", "area": "San Jose", "furnished": "False", "number_of_baths": "2", "number_of_beds": "2", "pets_allowed": "False", "phone_number": "877-259-1439", "property_name": "Art Ark Apartments", "rent": "2900"}, {"address": "4748 West Campbell Avenue", "area": "San Jose", "furnished": "False", "number_of_baths": "2", "number_of_beds": "2", "pets_allowed": "True", "phone_number": "408-379-8440", "property_name": "Baker Park Apartments", "rent": "3150"}], "slots": [{"exclusive_end": 37, "slot": "property_name", "start": 31}, {"exclusive_end": 67, "slot": "address", "start": 41}, {"exclusive_end": 116, "slot": "rent", "start": 110}]}], "speaker": "SYSTEM", "utterance": "There's a nice property called Aegena at 1290 San Tomas Aquino Road. It has 2 bedrooms, 1 bath, and rents for $2,650 a month."}, {"frames": [{"actions": [{"act": "INFORM", "canonical_values": ["Livermore"], "slot": "area", "values": ["Livermore"]}, {"act": "INFORM", "canonical_values": ["3"], "slot": "number_of_beds", "values": ["3"]}, {"act": "REQUEST_ALTS", "canonical_values": [], "slot": "", "values": []}], "service": "Homes_1", "slots": [{"exclusive_end": 54, "slot": "area", "start": 45}], "state": {"active_intent": "FindApartment", "requested_slots": [], "slot_values": {"area": ["Livermore"], "number_of_beds": ["3"]}}}], "speaker": "USER", "utterance": "Can you find me a three bedroom apartment in Livermore?"}, {"frames": [{"actions": [{"act": "OFFER", "canonical_values": ["Acacia Capital Cor-Ironwood Ap"], "slot": "property_name", "values": ["Acacia Capital Cor-Ironwood Ap"]}, {"act": "OFFER", "canonical_values": ["5643 Charlotte Way"], "slot": "address", "values": ["5643 Charlotte Way"]}, {"act": "OFFER", "canonical_values": ["3"], "slot": "number_of_beds", "values": ["3"]}, {"act": "OFFER", "canonical_values": ["3"], "slot": "number_of_baths", "values": ["3"]}, {"act": "OFFER", "canonical_values": ["4050"], "slot": "rent", "values": ["$4,050"]}], "service": "Homes_1", "service_call": {"method": "FindApartment", "parameters": {"area": "Livermore", "number_of_beds": "3"}}, "service_results": [{"address": "5643 Charlotte Way", "area": "Livermore", "furnished": "False", "number_of_baths": "3", "number_of_beds": "3", "pets_allowed": "True", "phone_number": "925-371-0905", "property_name": "Acacia Capital Cor-Ironwood Ap", "rent": "4050"}, {"address": "1300 South Livermore Avenue", "area": "Livermore", "furnished": "False", "number_of_baths": "3", "number_of_beds": "3", "pets_allowed": "True", "phone_number": "800-545-1833", "property_name": "Arbor Vista Senior Apartments", "rent": "4100"}, {"address": "3819 East Avenue", "area": "Livermore", "furnished": "False", "number_of_baths": "3", "number_of_beds": "3", "pets_allowed": "False", "phone_number": "844-412-5121", "property_name": "Briarwood Apartments", "rent": "4100"}, {"address": "1038 Catalina Drive", "area": "Livermore", "furnished": "False", "number_of_baths": "2", "number_of_beds": "3", "pets_allowed": "True", "phone_number": "925-447-1144", "property_name": "Catalina Crest Apartment Homes", "rent": "3500"}, {"address": "2991 College Avenue", "area": "Livermore", "furnished": "True", "number_of_baths": "3", "number_of_beds": "3", "pets_allowed": "True", "phone_number": "925-373-8490", "property_name": "Chardonnay Garden Apts", "rent": "4100"}, {"address": "156 North Murrieta Boulevard", "area": "Livermore", "furnished": "False", "number_of_baths": "3", "number_of_beds": "3", "pets_allowed": "False", "phone_number": "925-455-9025", "property_name": "Meadowbrook Apartments", "rent": "4250"}, {"address": "5107 Norma Way # 23", "area": "Livermore", "furnished": "True", "number_of_baths": "3", "number_of_beds": "3", "pets_allowed": "False", "phone_number": "925-447-9140", "property_name": "Vineyard Apartments", "rent": "4400"}], "slots": [{"exclusive_end": 38, "slot": "property_name", "start": 8}, {"exclusive_end": 60, "slot": "address", "start": 42}, {"exclusive_end": 110, "slot": "rent", "start": 104}]}], "speaker": "SYSTEM", "utterance": "There's Acacia Capital Cor-Ironwood Ap at 5643 Charlotte Way. It has 3 bedrooms, 3 baths, and rents for $4,050 a month."}, {"frames": [{"actions": [{"act": "SELECT", "canonical_values": [], "slot": "", "values": []}, {"act": "GOODBYE", "canonical_values": [], "slot": "", "values": []}], "service": "Homes_1", "slots": [], "state": {"active_intent": "FindApartment", "requested_slots": [], "slot_values": {"area": ["Livermore"], "number_of_beds": ["3"], "property_name": ["Acacia Capital Cor-Ironwood Ap"]}}}], "speaker": "USER", "utterance": "That one sounds good. Thanks, that's all I need."}, {"frames": [{"actions": [{"act": "GOODBYE", "canonical_values": [], "slot": "", "values": []}], "service": "Homes_1", "slots": []}], "speaker": "SYSTEM", "utterance": "Have a nice day."}]}, {"dialogue_id": "4_00001", "services": ["Homes_1"], "turns": [{"frames": [{"actions": [{"act": "INFORM_INTENT", "canonical_values": ["FindApartment"], "slot": "intent", "values": ["FindApartment"]}], "service": "Homes_1", "slots": [], "state": {"active_intent": "FindApartment", "requested_slots": [], "slot_values": {}}}], "speaker": "USER", "utterance": "Can you help me in finding an apartment?"}, {"frames": [{"actions": [{"act": "REQUEST", "canonical_values": [], "slot": "number_of_beds", "values": []}, {"act": "REQUEST", "canonical_values": [], "slot": "area", "values": []}], "service": "Homes_1", "slots": []}], "speaker": "SYSTEM", "utterance": "Which area would you like me to search in and how many bedrooms do you want in the apartment?"}, {"frames": [{"actions": [{"act": "INFORM", "canonical_values": ["Hayward"], "slot": "area", "values": ["Hayward"]}, {"act": "INFORM", "canonical_values": ["4"], "slot": "number_of_beds", "values": ["4"]}], "service": "Homes_1", "slots": [{"exclusive_end": 28, "slot": "area", "start": 21}], "state": {"active_intent": "FindApartment", "requested_slots": [], "slot_values": {"area": ["Hayward"], "number_of_beds": ["4"]}}}], "speaker": "USER", "utterance": "Please search around Hayward and the apartment should have 4 bed rooms."}, {"frames": [{"actions": [{"act": "OFFER", "canonical_values": ["Alpine Vista Apartments"], "slot": "property_name", "values": ["Alpine Vista Apartments"]}, {"act": "OFFER", "canonical_values": ["1282 Mattox Road"], "slot": "address", "values": ["1282 Mattox Road"]}, {"act": "OFFER", "canonical_values": ["4"], "slot": "number_of_beds", "values": ["4"]}, {"act": "OFFER", "canonical_values": ["3"], "slot": "number_of_baths", "values": ["3"]}, {"act": "OFFER", "canonical_values": ["5150"], "slot": "rent", "values": ["$5,150"]}, {"act": "INFORM_COUNT", "canonical_values": ["10"], "slot": "count", "values": ["10"]}], "service": "Homes_1", "service_call": {"method": "FindApartment", "parameters": {"area": "Hayward", "number_of_beds": "4"}}, "service_results": [{"address": "1282 Mattox Road", "area": "Hayward", "furnished": "False", "number_of_baths": "3", "number_of_beds": "4", "pets_allowed": "True", "phone_number": "510-886-0385", "property_name": "Alpine Vista Apartments", "rent": "5150"}, {"address": "24660 Amador Street", "area": "Hayward", "furnished": "False", "number_of_baths": "3", "number_of_beds": "4", "pets_allowed": "True", "phone_number": "510-849-6628", "property_name": "Amador Apartments", "rent": "4950"}, {"address": "31108 Brae Burn Avenue", "area": "Hayward", "furnished": "False", "number_of_baths": "3", "number_of_beds": "4", "pets_allowed": "False", "phone_number": "510-471-7075", "property_name": "Baywood Apartments", "rent": "4950"}, {"address": "25221 Cypress Avenue", "area": "Hayward", "furnished": "True", "number_of_baths": "3", "number_of_beds": "4", "pets_allowed": "True", "phone_number": "510-781-0217", "property_name": "Cypress Point Villas", "rent": "4900"}, {"address": "24545 Amador Street", "area": "Hayward", "furnished": "False", "number_of_baths": "3", "number_of_beds": "4", "pets_allowed": "True", "phone_number": "510-400-7700", "property_name": "Jackson Arms Apartments", "rent": "4950"}, {"address": "2537 Kelly Street", "area": "Hayward", "furnished": "False", "number_of_baths": "3", "number_of_beds": "4", "pets_allowed": "True", "phone_number": "510-866-2123", "property_name": "Kelly Green Apartments", "rent": "4750"}, {"address": "28500 Mission Boulevard", "area": "Hayward", "furnished": "False", "number_of_baths": "3", "number_of_beds": "4", "pets_allowed": "False", "phone_number": "877-794-9878", "property_name": "Mission Heights Apartments", "rent": "4700"}, {"address": "25997 Gading Road", "area": "Hayward", "furnished": "False", "number_of_baths": "3", "number_of_beds": "4", "pets_allowed": "False", "phone_number": "510-782-8236", "property_name": "Morpark Apartments", "rent": "5150"}, {"address": "671 West A Street", "area": "Hayward", "furnished": "False", "number_of_baths": "3", "number_of_beds": "4", "pets_allowed": "True", "phone_number": "510-784-0866", "property_name": "Olive Tree Plaza", "rent": "5200"}, {"address": "27285 Manon Avenue", "area": "Hayward", "furnished": "True", "number_of_baths": "3", "number_of_beds": "4", "pets_allowed": "False", "phone_number": "510-783-2899", "property_name": "Orange Tree Apartments", "rent": "4850"}], "slots": [{"exclusive_end": 67, "slot": "property_name", "start": 44}, {"exclusive_end": 95, "slot": "address", "start": 79}, {"exclusive_end": 153, "slot": "rent", "start": 147}]}], "speaker": "SYSTEM", "utterance": "There are 10 nice apartments, One is called Alpine Vista Apartments located at 1282 Mattox Road and it has 4 bed rooms and 3 baths and the rent is $5,150 per month."}, {"frames": [{"actions": [{"act": "INFORM", "canonical_values": ["3"], "slot": "number_of_baths", "values": ["3"]}, {"act": "REQUEST_ALTS", "canonical_values": [], "slot": "", "values": []}], "service": "Homes_1", "slots": [], "state": {"active_intent": "FindApartment", "requested_slots": [], "slot_values": {"area": ["Hayward"], "number_of_baths": ["3"], "number_of_beds": ["4"]}}}], "speaker": "USER", "utterance": "Can you search for any other apartments with three baths?"}, {"frames": [{"actions": [{"act": "OFFER", "canonical_values": ["Amador Apartments"], "slot": "property_name", "values": ["Amador Apartments"]}, {"act": "OFFER", "canonical_values": ["24660 Amador Street"], "slot": "address", "values": ["24660 Amador Street"]}, {"act": "OFFER", "canonical_values": ["4"], "slot": "number_of_beds", "values": ["4"]}, {"act": "OFFER", "canonical_values": ["3"], "slot": "number_of_baths", "values": ["3"]}, {"act": "OFFER", "canonical_values": ["4950"], "slot": "rent", "values": ["$4,950"]}, {"act": "INFORM_COUNT", "canonical_values": ["9"], "slot": "count", "values": ["9"]}], "service": "Homes_1", "service_call": {"method": "FindApartment", "parameters": {"area": "Hayward", "number_of_baths": "3", "number_of_beds": "4"}}, "service_results": [{"address": "1282 Mattox Road", "area": "Hayward", "furnished": "False", "number_of_baths": "3", "number_of_beds": "4", "pets_allowed": "True", "phone_number": "510-886-0385", "property_name": "Alpine Vista Apartments", "rent": "5150"}, {"address": "24660 Amador Street", "area": "Hayward", "furnished": "False", "number_of_baths": "3", "number_of_beds": "4", "pets_allowed": "True", "phone_number": "510-849-6628", "property_name": "Amador Apartments", "rent": "4950"}, {"address": "31108 Brae Burn Avenue", "area": "Hayward", "furnished": "False", "number_of_baths": "3", "number_of_beds": "4", "pets_allowed": "False", "phone_number": "510-471-7075", "property_name": "Baywood Apartments", "rent": "4950"}, {"address": "25221 Cypress Avenue", "area": "Hayward", "furnished": "True", "number_of_baths": "3", "number_of_beds": "4", "pets_allowed": "True", "phone_number": "510-781-0217", "property_name": "Cypress Point Villas", "rent": "4900"}, {"address": "24545 Amador Street", "area": "Hayward", "furnished": "False", "number_of_baths": "3", "number_of_beds": "4", "pets_allowed": "True", "phone_number": "510-400-7700", "property_name": "Jackson Arms Apartments", "rent": "4950"}, {"address": "2537 Kelly Street", "area": "Hayward", "furnished": "False", "number_of_baths": "3", "number_of_beds": "4", "pets_allowed": "True", "phone_number": "510-866-2123", "property_name": "Kelly Green Apartments", "rent": "4750"}, {"address": "28500 Mission Boulevard", "area": "Hayward", "furnished": "False", "number_of_baths": "3", "number_of_beds": "4", "pets_allowed": "False", "phone_number": "877-794-9878", "property_name": "Mission Heights Apartments", "rent": "4700"}, {"address": "25997 Gading Road", "area": "Hayward", "furnished": "False", "number_of_baths": "3", "number_of_beds": "4", "pets_allowed": "False", "phone_number": "510-782-8236", "property_name": "Morpark Apartments", "rent": "5150"}, {"address": "671 West A Street", "area": "Hayward", "furnished": "False", "number_of_baths": "3", "number_of_beds": "4", "pets_allowed": "True", "phone_number": "510-784-0866", "property_name": "Olive Tree Plaza", "rent": "5200"}], "slots": [{"exclusive_end": 62, "slot": "property_name", "start": 45}, {"exclusive_end": 93, "slot": "address", "start": 74}, {"exclusive_end": 148, "slot": "rent", "start": 142}]}], "speaker": "SYSTEM", "utterance": "There are 9 nice apartments, One of which is Amador Apartments located at 24660 Amador Street and has 4 bed rooms and 3 baths and the rent is $4,950 per month."}, {"frames": [{"actions": [{"act": "REQUEST", "canonical_values": [], "slot": "pets_allowed", "values": []}, {"act": "REQUEST", "canonical_values": [], "slot": "phone_number", "values": []}], "service": "Homes_1", "slots": [], "state": {"active_intent": "FindApartment", "requested_slots": ["pets_allowed", "phone_number"], "slot_values": {"area": ["Hayward"], "number_of_baths": ["3"], "number_of_beds": ["4"]}}}], "speaker": "USER", "utterance": "Can you find me the contact number and check if there pets allowed?"}, {"frames": [{"actions": [{"act": "INFORM", "canonical_values": ["True"], "slot": "pets_allowed", "values": ["True"]}, {"act": "INFORM", "canonical_values": ["510-849-6628"], "slot": "phone_number", "values": ["510-849-6628"]}], "service": "Homes_1", "slots": [{"exclusive_end": 34, "slot": "phone_number", "start": 22}]}], "speaker": "SYSTEM", "utterance": "The contact number is 510-849-6628 and pets are allowed in the apartment."}, {"frames": [{"actions": [{"act": "REQUEST_ALTS", "canonical_values": [], "slot": "", "values": []}], "service": "Homes_1", "slots": [], "state": {"active_intent": "FindApartment", "requested_slots": [], "slot_values": {"area": ["Hayward"], "number_of_baths": ["3"], "number_of_beds": ["4"]}}}], "speaker": "USER", "utterance": "Can you look for any other apartments?"}, {"frames": [{"actions": [{"act": "OFFER", "canonical_values": ["Baywood Apartments"], "slot": "property_name", "values": ["Baywood Apartments"]}, {"act": "OFFER", "canonical_values": ["31108 Brae Burn Avenue"], "slot": "address", "values": ["31108 Brae Burn Avenue"]}, {"act": "OFFER", "canonical_values": ["4"], "slot": "number_of_beds", "values": ["4"]}, {"act": "OFFER", "canonical_values": ["3"], "slot": "number_of_baths", "values": ["3"]}, {"act": "OFFER", "canonical_values": ["4950"], "slot": "rent", "values": ["$4,950"]}], "service": "Homes_1", "slots": [{"exclusive_end": 38, "slot": "property_name", "start": 20}, {"exclusive_end": 72, "slot": "address", "start": 50}, {"exclusive_end": 124, "slot": "rent", "start": 118}]}], "speaker": "SYSTEM", "utterance": "There is one called Baywood Apartments located at 31108 Brae Burn Avenue with 4 bed rooms and 3 baths and the rent is $4,950 per month."}, {"frames": [{"actions": [{"act": "SELECT", "canonical_values": [], "slot": "", "values": []}], "service": "Homes_1", "slots": [], "state": {"active_intent": "FindApartment", "requested_slots": [], "slot_values": {"area": ["Hayward"], "number_of_baths": ["3"], "number_of_beds": ["4"], "property_name": ["Baywood Apartments"]}}}], "speaker": "USER", "utterance": "Okay, That sounds good to me."}, {"frames": [{"actions": [{"act": "OFFER_INTENT", "canonical_values": ["ScheduleVisit"], "slot": "intent", "values": ["ScheduleVisit"]}], "service": "Homes_1", "slots": []}], "speaker": "SYSTEM", "utterance": "Would you like me to schedule a visit to the property?"}, {"frames": [{"actions": [{"act": "NEGATE_INTENT", "canonical_values": [], "slot": "", "values": []}, {"act": "GOODBYE", "canonical_values": [], "slot": "", "values": []}], "service": "Homes_1", "slots": [], "state": {"active_intent": "NONE", "requested_slots": [], "slot_values": {"area": ["Hayward"], "number_of_baths": ["3"], "number_of_beds": ["4"], "property_name": ["Baywood Apartments"]}}}], "speaker": "USER", "utterance": "No. That will be all. Thank you."}, {"frames": [{"actions": [{"act": "GOODBYE", "canonical_values": [], "slot": "", "values": []}], "service": "Homes_1", "slots": []}], "speaker": "SYSTEM", "utterance": "I am glad I could help. Have a nice day."}]}, {"dialogue_id": "4_00002", "services": ["Homes_1"], "turns": [{"frames": [{"actions": [{"act": "INFORM", "canonical_values": ["3"], "slot": "number_of_baths", "values": ["3"]}, {"act": "INFORM_INTENT", "canonical_values": ["FindApartment"], "slot": "intent", "values": ["FindApartment"]}], "service": "Homes_1", "slots": [], "state": {"active_intent": "FindApartment", "requested_slots": [], "slot_values": {"number_of_baths": ["3"]}}}], "speaker": "USER", "utterance": "Find apartments with three baths please."}, {"frames": [{"actions": [{"act": "REQUEST", "canonical_values": [], "slot": "area", "values": []}], "service": "Homes_1", "slots": []}], "speaker": "SYSTEM", "utterance": "Sure, what area should the property be in?"}, {"frames": [{"actions": [{"act": "INFORM", "canonical_values": ["Santa Clara"], "slot": "area", "values": ["Santa Clara"]}], "service": "Homes_1", "slots": [{"exclusive_end": 31, "slot": "area", "start": 20}], "state": {"active_intent": "FindApartment", "requested_slots": [], "slot_values": {"area": ["Santa Clara"], "number_of_baths": ["3"]}}}], "speaker": "USER", "utterance": "check apartments in Santa Clara"}, {"frames": [{"actions": [{"act": "REQUEST", "canonical_values": [], "slot": "number_of_beds", "values": []}], "service": "Homes_1", "slots": []}], "speaker": "SYSTEM", "utterance": "Sure thing. How many bedrooms would you like?"}, {"frames": [{"actions": [{"act": "INFORM", "canonical_values": ["4"], "slot": "number_of_beds", "values": ["4"]}], "service": "Homes_1", "slots": [], "state": {"active_intent": "FindApartment", "requested_slots": [], "slot_values": {"area": ["Santa Clara"], "number_of_baths": ["3"], "number_of_beds": ["4"]}}}], "speaker": "USER", "utterance": "Please make sure it has four bed rooms please."}, {"frames": [{"actions": [{"act": "OFFER", "canonical_values": ["Bella Vista Apartments"], "slot": "property_name", "values": ["Bella Vista Apartments"]}, {"act": "OFFER", "canonical_values": ["1500 Vista Club Circle"], "slot": "address", "values": ["1500 Vista Club Circle"]}, {"act": "OFFER", "canonical_values": ["4"], "slot": "number_of_beds", "values": ["4"]}, {"act": "OFFER", "canonical_values": ["3"], "slot": "number_of_baths", "values": ["3"]}, {"act": "OFFER", "canonical_values": ["5100"], "slot": "rent", "values": ["$5,100"]}], "service": "Homes_1", "service_call": {"method": "FindApartment", "parameters": {"area": "Santa Clara", "number_of_baths": "3", "number_of_beds": "4"}}, "service_results": [{"address": "1500 Vista Club Circle", "area": "Santa Clara", "furnished": "False", "number_of_baths": "3", "number_of_beds": "4", "pets_allowed": "False", "phone_number": "408-827-1770", "property_name": "Bella Vista Apartments", "rent": "5100"}, {"address": "3440 Warburton Avenue", "area": "Santa Clara", "furnished": "True", "number_of_baths": "3", "number_of_beds": "4", "pets_allowed": "True", "phone_number": "408-248-5766", "property_name": "Briarwood Garden Apartments", "rent": "5250"}, {"address": "1495 Don Avenue", "area": "Santa Clara", "furnished": "False", "number_of_baths": "3", "number_of_beds": "4", "pets_allowed": "True", "phone_number": "408-713-6428", "property_name": "Civic Plaza Apartments", "rent": "4700"}, {"address": "2555 Homestead Road", "area": "Santa Clara", "furnished": "False", "number_of_baths": "3", "number_of_beds": "4", "pets_allowed": "True", "phone_number": "669-444-1717", "property_name": "La Palma Apartments", "rent": "5100"}, {"address": "3131 Homestead Road", "area": "Santa Clara", "furnished": "True", "number_of_baths": "3", "number_of_beds": "4", "pets_allowed": "False", "phone_number": "408-244-6715", "property_name": "Laguna Clara Apartments", "rent": "5250"}, {"address": "440 North Winchester Boulevard", "area": "Santa Clara", "furnished": "False", "number_of_baths": "3", "number_of_beds": "4", "pets_allowed": "False", "phone_number": "408-498-5769", "property_name": "Le Parc Apartments", "rent": "4750"}, {"address": "1601 Santa Clara Street", "area": "Santa Clara", "furnished": "False", "number_of_baths": "3", "number_of_beds": "4", "pets_allowed": "False", "phone_number": "408-615-1016", "property_name": "Lincoln Park Apartments", "rent": "4750"}, {"address": "3480 Granada Avenue", "area": "Santa Clara", "furnished": "True", "number_of_baths": "3", "number_of_beds": "4", "pets_allowed": "True", "phone_number": "408-598-2635", "property_name": "Marina Cove", "rent": "5050"}, {"address": "1050 Benton Street", "area": "Santa Clara", "furnished": "False", "number_of_baths": "3", "number_of_beds": "4", "pets_allowed": "True", "phone_number": "866-259-2994", "property_name": "Park Central Apartments", "rent": "4800"}, {"address": "865 Pomeroy Avenue", "area": "Santa Clara", "furnished": "True", "number_of_baths": "3", "number_of_beds": "4", "pets_allowed": "False", "phone_number": "408-244-0035", "property_name": "Park Terrace Apartments", "rent": "4800"}], "slots": [{"exclusive_end": 45, "slot": "property_name", "start": 23}, {"exclusive_end": 79, "slot": "address", "start": 57}, {"exclusive_end": 184, "slot": "rent", "start": 178}]}], "speaker": "SYSTEM", "utterance": "No problem. I've found Bella Vista Apartments located at 1500 Vista Club Circle. This property has 4 bed rooms and 3 baths as you requested. The rent for this apartment would be $5,100 monthly."}, {"frames": [{"actions": [{"act": "SELECT", "canonical_values": [], "slot": "", "values": []}, {"act": "GOODBYE", "canonical_values": [], "slot": "", "values": []}], "service": "Homes_1", "slots": [], "state": {"active_intent": "FindApartment", "requested_slots": [], "slot_values": {"area": ["Santa Clara"], "number_of_baths": ["3"], "number_of_beds": ["4"], "property_name": ["Bella Vista Apartments"]}}}], "speaker": "USER", "utterance": "Yep that was what I was looking for. thanks"}, {"frames": [{"actions": [{"act": "GOODBYE", "canonical_values": [], "slot": "", "values": []}], "service": "Homes_1", "slots": []}], "speaker": "SYSTEM", "utterance": "your welcome. If there is nothing further I can do to assist. Have a great day."}]}, {"dialogue_id": "4_00003", "services": ["Homes_1"], "turns": [{"frames": [{"actions": [{"act": "INFORM_INTENT", "canonical_values": ["FindApartment"], "slot": "intent", "values": ["FindApartment"]}], "service": "Homes_1", "slots": [], "state": {"active_intent": "FindApartment", "requested_slots": [], "slot_values": {}}}], "speaker": "USER", "utterance": "Could you help me find an apartment?"}, {"frames": [{"actions": [{"act": "REQUEST", "canonical_values": [], "slot": "area", "values": []}], "service": "Homes_1", "slots": []}], "speaker": "SYSTEM", "utterance": "What area should I search in?"}, {"frames": [{"actions": [{"act": "INFORM", "canonical_values": ["Suisun City"], "slot": "area", "values": ["Suisun city"]}], "service": "Homes_1", "slots": [{"exclusive_end": 29, "slot": "area", "start": 18}], "state": {"active_intent": "FindApartment", "requested_slots": [], "slot_values": {"area": ["Suisun city"]}}}], "speaker": "USER", "utterance": "Could you look in Suisun city?"}, {"frames": [{"actions": [{"act": "REQUEST", "canonical_values": [], "slot": "number_of_beds", "values": []}], "service": "Homes_1", "slots": []}], "speaker": "SYSTEM", "utterance": "Sure. How many bedrooms do you want?"}, {"frames": [{"actions": [{"act": "INFORM", "canonical_values": ["3"], "slot": "number_of_beds", "values": ["3"]}], "service": "Homes_1", "slots": [], "state": {"active_intent": "FindApartment", "requested_slots": [], "slot_values": {"area": ["Suisun city"], "number_of_beds": ["3"]}}}], "speaker": "USER", "utterance": "I want an apartment with three bedrooms."}, {"frames": [{"actions": [{"act": "OFFER", "canonical_values": ["Autumn Oaks Apartments"], "slot": "property_name", "values": ["Autumn Oaks Apartments"]}, {"act": "OFFER", "canonical_values": ["1400 Humphrey Drive"], "slot": "address", "values": ["1400 Humphrey Drive"]}, {"act": "OFFER", "canonical_values": ["3"], "slot": "number_of_beds", "values": ["3"]}, {"act": "OFFER", "canonical_values": ["3"], "slot": "number_of_baths", "values": ["3"]}, {"act": "OFFER", "canonical_values": ["4350"], "slot": "rent", "values": ["$4,350"]}], "service": "Homes_1", "service_call": {"method": "FindApartment", "parameters": {"area": "Suisun City", "number_of_beds": "3"}}, "service_results": [{"address": "1400 Humphrey Drive", "area": "Suisun City", "furnished": "False", "number_of_baths": "3", "number_of_beds": "3", "pets_allowed": "True", "phone_number": "707-429-3151", "property_name": "Autumn Oaks Apartments", "rent": "4350"}, {"address": "1359 Worley Road", "area": "Suisun City", "furnished": "False", "number_of_baths": "3", "number_of_beds": "3", "pets_allowed": "False", "phone_number": "707-399-0529", "property_name": "Breezewood Village", "rent": "4100"}], "slots": [{"exclusive_end": 33, "slot": "property_name", "start": 11}, {"exclusive_end": 64, "slot": "address", "start": 45}, {"exclusive_end": 115, "slot": "rent", "start": 109}]}], "speaker": "SYSTEM", "utterance": "I've found Autumn Oaks Apartments located at 1400 Humphrey Drive. It has 3 bedrooms and 3 baths. The rent is $4,350 per month."}, {"frames": [{"actions": [{"act": "REQUEST", "canonical_values": [], "slot": "pets_allowed", "values": []}], "service": "Homes_1", "slots": [], "state": {"active_intent": "FindApartment", "requested_slots": ["pets_allowed"], "slot_values": {"area": ["Suisun city"], "number_of_beds": ["3"]}}}], "speaker": "USER", "utterance": "Do they allow pets?"}, {"frames": [{"actions": [{"act": "INFORM", "canonical_values": ["True"], "slot": "pets_allowed", "values": ["True"]}], "service": "Homes_1", "slots": []}], "speaker": "SYSTEM", "utterance": "Yes. Pets are allowed."}, {"frames": [{"actions": [{"act": "INFORM", "canonical_values": ["3"], "slot": "number_of_baths", "values": ["3"]}, {"act": "REQUEST_ALTS", "canonical_values": [], "slot": "", "values": []}], "service": "Homes_1", "slots": [], "state": {"active_intent": "FindApartment", "requested_slots": [], "slot_values": {"area": ["Suisun city"], "number_of_baths": ["3"], "number_of_beds": ["3"]}}}], "speaker": "USER", "utterance": "Can you find me some more? I want three baths."}, {"frames": [{"actions": [{"act": "OFFER", "canonical_values": ["Breezewood Village"], "slot": "property_name", "values": ["Breezewood Village"]}, {"act": "OFFER", "canonical_values": ["1359 Worley Road"], "slot": "address", "values": ["1359 Worley Road"]}, {"act": "OFFER", "canonical_values": ["3"], "slot": "number_of_beds", "values": ["3"]}, {"act": "OFFER", "canonical_values": ["3"], "slot": "number_of_baths", "values": ["3"]}, {"act": "OFFER", "canonical_values": ["4100"], "slot": "rent", "values": ["$4,100"]}, {"act": "INFORM_COUNT", "canonical_values": ["1"], "slot": "count", "values": ["1"]}], "service": "Homes_1", "service_call": {"method": "FindApartment", "parameters": {"area": "Suisun City", "number_of_baths": "3", "number_of_beds": "3"}}, "service_results": [{"address": "1400 Humphrey Drive", "area": "Suisun City", "furnished": "False", "number_of_baths": "3", "number_of_beds": "3", "pets_allowed": "True", "phone_number": "707-429-3151", "property_name": "Autumn Oaks Apartments", "rent": "4350"}], "slots": [{"exclusive_end": 48, "slot": "property_name", "start": 30}, {"exclusive_end": 68, "slot": "address", "start": 52}, {"exclusive_end": 116, "slot": "rent", "start": 110}]}], "speaker": "SYSTEM", "utterance": "I've found 1 for you. It's at Breezewood Village on 1359 Worley Road. It has 3 bedrooms and 3 baths and costs $4,100 per month."}, {"frames": [{"actions": [{"act": "SELECT", "canonical_values": [], "slot": "", "values": []}, {"act": "GOODBYE", "canonical_values": [], "slot": "", "values": []}], "service": "Homes_1", "slots": [], "state": {"active_intent": "FindApartment", "requested_slots": [], "slot_values": {"area": ["Suisun city"], "number_of_baths": ["3"], "number_of_beds": ["3"], "property_name": ["Breezewood Village"]}}}], "speaker": "USER", "utterance": "That sounds great. Thanks."}, {"frames": [{"actions": [{"act": "GOODBYE", "canonical_values": [], "slot": "", "values": []}], "service": "Homes_1", "slots": []}], "speaker": "SYSTEM", "utterance": "Have a great day."}]}, {"dialogue_id": "4_00004", "services": ["Homes_1"], "turns": [{"frames": [{"actions": [{"act": "INFORM_INTENT", "canonical_values": ["FindApartment"], "slot": "intent", "values": ["FindApartment"]}], "service": "Homes_1", "slots": [], "state": {"active_intent": "FindApartment", "requested_slots": [], "slot_values": {}}}], "speaker": "USER", "utterance": "I will be traveling out of town soon and I need to find an apartment."}, {"frames": [{"actions": [{"act": "REQUEST", "canonical_values": [], "slot": "area", "values": []}], "service": "Homes_1", "slots": []}], "speaker": "SYSTEM", "utterance": "Where would you be traveling to?"}, {"frames": [{"actions": [{"act": "INFORM", "canonical_values": ["Berkeley"], "slot": "area", "values": ["Berkeley"]}], "service": "Homes_1", "slots": [{"exclusive_end": 24, "slot": "area", "start": 16}], "state": {"active_intent": "FindApartment", "requested_slots": [], "slot_values": {"area": ["Berkeley"]}}}], "speaker": "USER", "utterance": "I am heading to Berkeley."}, {"frames": [{"actions": [{"act": "REQUEST", "canonical_values": [], "slot": "number_of_beds", "values": []}], "service": "Homes_1", "slots": []}], "speaker": "SYSTEM", "utterance": "How many bedrooms would you like to have in the apartment?"}, {"frames": [{"actions": [{"act": "INFORM", "canonical_values": ["Santa Rosa"], "slot": "area", "values": ["Santa Rosa"]}, {"act": "INFORM", "canonical_values": ["4"], "slot": "number_of_beds", "values": ["4"]}], "service": "Homes_1", "slots": [{"exclusive_end": 51, "slot": "area", "start": 41}], "state": {"active_intent": "FindApartment", "requested_slots": [], "slot_values": {"area": ["Santa Rosa"], "number_of_beds": ["4"]}}}], "speaker": "USER", "utterance": "I will be traveling with some friends to Santa Rosa, so I need 4 bedrooms."}, {"frames": [{"actions": [{"act": "OFFER", "canonical_values": ["Avalon Apartments"], "slot": "property_name", "values": ["Avalon Apartments"]}, {"act": "OFFER", "canonical_values": ["624 Avalon Avenue"], "slot": "address", "values": ["624 Avalon Avenue"]}, {"act": "OFFER", "canonical_values": ["4"], "slot": "number_of_beds", "values": ["4"]}, {"act": "OFFER", "canonical_values": ["3"], "slot": "number_of_baths", "values": ["3"]}, {"act": "OFFER", "canonical_values": ["5150"], "slot": "rent", "values": ["$5,150"]}, {"act": "INFORM_COUNT", "canonical_values": ["10"], "slot": "count", "values": ["10"]}], "service": "Homes_1", "service_call": {"method": "FindApartment", "parameters": {"area": "Santa Rosa", "number_of_beds": "4"}}, "service_results": [{"address": "624 Avalon Avenue", "area": "Santa Rosa", "furnished": "True", "number_of_baths": "3", "number_of_beds": "4", "pets_allowed": "True", "phone_number": "707-620-5076", "property_name": "Avalon Apartments", "rent": "5150"}, {"address": "3329 Claremont Court", "area": "Santa Rosa", "furnished": "False", "number_of_baths": "3", "number_of_beds": "4", "pets_allowed": "True", "phone_number": "707-578-1313", "property_name": "Brookside East Apartments", "rent": "4750"}, {"address": "2001 Range Avenue", "area": "Santa Rosa", "furnished": "True", "number_of_baths": "3", "number_of_beds": "4", "pets_allowed": "False", "phone_number": "707-578-1150", "property_name": "Coddingtown Mall Apartments", "rent": "5100"}, {"address": "1305 Yulupa Avenue", "area": "Santa Rosa", "furnished": "False", "number_of_baths": "3", "number_of_beds": "4", "pets_allowed": "False", "phone_number": "707-575-3254", "property_name": "Greentree Apartments", "rent": "4750"}, {"address": "1421 Range Avenue", "area": "Santa Rosa", "furnished": "False", "number_of_baths": "3", "number_of_beds": "4", "pets_allowed": "True", "phone_number": "707-569-7488", "property_name": "Monte Vista Apartments", "rent": "4950"}, {"address": "2002 Pinercrest Drive", "area": "Santa Rosa", "furnished": "False", "number_of_baths": "3", "number_of_beds": "4", "pets_allowed": "False", "phone_number": "707-579-3424", "property_name": "Orchard West Senior Apartments", "rent": "5250"}, {"address": "2055 Range Avenue", "area": "Santa Rosa", "furnished": "False", "number_of_baths": "3", "number_of_beds": "4", "pets_allowed": "True", "phone_number": "707-600-3342", "property_name": "Parc Station Apartments", "rent": "5050"}, {"address": "638 Cordelia Drive # 1", "area": "Santa Rosa", "furnished": "False", "number_of_baths": "3", "number_of_beds": "4", "pets_allowed": "False", "phone_number": "707-528-7971", "property_name": "Park Manor Apartments", "rent": "5200"}, {"address": "1 Kashmir Drive", "area": "Santa Rosa", "furnished": "False", "number_of_baths": "3", "number_of_beds": "4", "pets_allowed": "True", "phone_number": "707-539-1109", "property_name": "Santa Rosa Garden Apartments", "rent": "5000"}, {"address": "1050 3rd Street", "area": "Santa Rosa", "furnished": "False", "number_of_baths": "3", "number_of_beds": "4", "pets_allowed": "True", "phone_number": "707-544-6766", "property_name": "Silvercrest Housing For Snrs", "rent": "4900"}], "slots": [{"exclusive_end": 42, "slot": "property_name", "start": 25}, {"exclusive_end": 132, "slot": "address", "start": 115}, {"exclusive_end": 152, "slot": "rent", "start": 146}]}], "speaker": "SYSTEM", "utterance": "I have found 10 options. Avalon Apartments is an excellent choice. It has 4 bedrooms and 3 baths and is located on 624 Avalon Avenue. The cost is $5,150 monthly."}, {"frames": [{"actions": [{"act": "SELECT", "canonical_values": [], "slot": "", "values": []}, {"act": "GOODBYE", "canonical_values": [], "slot": "", "values": []}], "service": "Homes_1", "slots": [], "state": {"active_intent": "FindApartment", "requested_slots": [], "slot_values": {"area": ["Santa Rosa"], "number_of_beds": ["4"], "property_name": ["Avalon Apartments"]}}}], "speaker": "USER", "utterance": "That sounds awesome. Thanks a lot. That would be all."}, {"frames": [{"actions": [{"act": "GOODBYE", "canonical_values": [], "slot": "", "values": []}], "service": "Homes_1", "slots": []}], "speaker": "SYSTEM", "utterance": "Enjoy your day."}]}]