[{"dialogue_id": "48_00000", "services": ["Weather_1", "Hotels_2"], "turns": [{"frames": [{"actions": [{"act": "INFORM", "canonical_values": ["2019-03-08"], "slot": "date", "values": ["the 8th"]}, {"act": "INFORM", "canonical_values": ["Nairobi"], "slot": "city", "values": ["Nairobi"]}, {"act": "INFORM_INTENT", "canonical_values": ["GetWeather"], "slot": "intent", "values": ["GetWeather"]}], "service": "Weather_1", "slots": [{"exclusive_end": 49, "slot": "date", "start": 42}, {"exclusive_end": 60, "slot": "city", "start": 53}], "state": {"active_intent": "GetWeather", "requested_slots": [], "slot_values": {"city": ["Nairobi"], "date": ["the 8th"]}}}], "speaker": "USER", "utterance": "I want to know how the weather will be on the 8th in Nairobi."}, {"frames": [{"actions": [{"act": "OFFER", "canonical_values": ["100"], "slot": "temperature", "values": ["100"]}, {"act": "OFFER", "canonical_values": ["2"], "slot": "precipitation", "values": ["2"]}], "service": "Weather_1", "service_call": {"method": "GetWeather", "parameters": {"city": "Nairobi", "date": "2019-03-08"}}, "service_results": [{"city": "Nairobi", "date": "2019-03-08", "humidity": "17", "precipitation": "2", "temperature": "100", "wind": "7"}], "slots": [{"exclusive_end": 80, "slot": "temperature", "start": 77}, {"exclusive_end": 117, "slot": "precipitation", "start": 116}]}], "speaker": "SYSTEM", "utterance": "From what I can see the weather in Nairobi for your requested date should be 100 degrees Fahrenheit, and there is a 2 percent chance of raining."}, {"frames": [{"actions": [{"act": "INFORM", "canonical_values": ["3"], "slot": "number_of_adults", "values": ["3"]}, {"act": "INFORM", "canonical_values": ["True"], "slot": "has_laundry_service", "values": ["True"]}, {"act": "INFORM", "canonical_values": ["4.40"], "slot": "rating", "values": ["4.4"]}, {"act": "INFORM_INTENT", "canonical_values": ["SearchHouse"], "slot": "intent", "values": ["SearchHouse"]}], "service": "Hotels_2", "slots": [{"exclusive_end": 225, "slot": "rating", "start": 222}], "state": {"active_intent": "SearchHouse", "requested_slots": [], "slot_values": {"has_laundry_service": ["True"], "number_of_adults": ["3"], "rating": ["4.4"], "where_to": ["Nairobi"]}}}, {"actions": [{"act": "SELECT", "canonical_values": [], "slot": "", "values": []}], "service": "Weather_1", "slots": [], "state": {"active_intent": "GetWeather", "requested_slots": [], "slot_values": {"city": ["Nairobi"], "date": ["the 8th"]}}}], "speaker": "USER", "utterance": "Alright, fine. Though I will need a place to sleep, so find me a house there. I need the house for three people, and I also need to have landry service. Keep in mind that the house I am looking for should have a rating of 4.4."}, {"frames": [{"actions": [{"act": "OFFER", "canonical_values": ["14 Riverside Westlands"], "slot": "address", "values": ["14 Riverside Westlands"]}, {"act": "OFFER", "canonical_values": ["4.40"], "slot": "rating", "values": ["4.4"]}], "service": "Hotels_2", "service_call": {"method": "SearchHouse", "parameters": {"has_laundry_service": "True", "number_of_adults": "3", "rating": "4.40", "where_to": "Nairobi"}}, "service_results": [{"address": "14 Riverside Westlands", "has_laundry_service": "True", "number_of_adults": "3", "phone_number": "+254 787 657000", "rating": "4.40", "total_price": "1040", "where_to": "Nairobi"}, {"address": "9042/1044 Tower Avenue Jomo Kenyatta Intl Airport", "has_laundry_service": "True", "number_of_adults": "3", "phone_number": "+254 709 760000", "rating": "4.40", "total_price": "432", "where_to": "Nairobi"}, {"address": "Chiromo Road", "has_laundry_service": "True", "number_of_adults": "3", "phone_number": "+254 703 049000", "rating": "4.40", "total_price": "720", "where_to": "Nairobi"}, {"address": "Elgon Road", "has_laundry_service": "True", "number_of_adults": "3", "phone_number": "+254 709 810000", "rating": "4.40", "total_price": "390", "where_to": "Nairobi"}, {"address": "Jomo Kenyatta International Airport Mombasa Road", "has_laundry_service": "True", "number_of_adults": "3", "phone_number": "+254 20 4075000", "rating": "4.40", "total_price": "2016", "where_to": "Nairobi"}, {"address": "Limuru Road", "has_laundry_service": "True", "number_of_adults": "3", "phone_number": "+254 730 886000", "rating": "4.40", "total_price": "1088", "where_to": "Nairobi"}, {"address": "Market Road", "has_laundry_service": "True", "number_of_adults": "3", "phone_number": "+254 20 7200000", "rating": "4.40", "total_price": "2480", "where_to": "Nairobi"}, {"address": "Mbagathi Ridge", "has_laundry_service": "True", "number_of_adults": "3", "phone_number": "+254 711 032000", "rating": "4.40", "total_price": "3220", "where_to": "Nairobi"}, {"address": "Mkungu Close", "has_laundry_service": "True", "number_of_adults": "3", "phone_number": "+254 709 548000", "rating": "4.40", "total_price": "3080", "where_to": "Nairobi"}, {"address": "Nairobi, Kenya", "has_laundry_service": "True", "number_of_adults": "3", "phone_number": "+254 709 240000", "rating": "4.40", "total_price": "1200", "where_to": "Nairobi"}], "slots": [{"exclusive_end": 79, "slot": "address", "start": 57}, {"exclusive_end": 90, "slot": "rating", "start": 87}]}], "speaker": "SYSTEM", "utterance": "From the results I can see that there is a good house at 14 Riverside Westlands with a 4.4 rating."}, {"frames": [{"actions": [{"act": "INFORM_INTENT", "canonical_values": ["BookHouse"], "slot": "intent", "values": ["BookHouse"]}, {"act": "SELECT", "canonical_values": [], "slot": "", "values": []}], "service": "Hotels_2", "slots": [], "state": {"active_intent": "BookHouse", "requested_slots": [], "slot_values": {"has_laundry_service": ["True"], "number_of_adults": ["3"], "rating": ["4.4"], "where_to": ["Nairobi"]}}}], "speaker": "USER", "utterance": "This house seems as what I want. I would like to book this house."}, {"frames": [{"actions": [{"act": "REQUEST", "canonical_values": [], "slot": "check_out_date", "values": []}, {"act": "REQUEST", "canonical_values": ["2019-03-08"], "slot": "check_in_date", "values": ["March 8th"]}], "service": "Hotels_2", "slots": [{"exclusive_end": 100, "slot": "check_in_date", "start": 91}]}], "speaker": "SYSTEM", "utterance": "Can you tell me the day when you will leave, and can you confirm that you will go there on March 8th?"}, {"frames": [{"actions": [{"act": "INFORM", "canonical_values": ["2019-03-06"], "slot": "check_in_date", "values": ["Wednesday next week"]}, {"act": "INFORM", "canonical_values": ["2019-03-11"], "slot": "check_out_date", "values": ["the 11th"]}], "service": "Hotels_2", "slots": [{"exclusive_end": 47, "slot": "check_in_date", "start": 28}, {"exclusive_end": 82, "slot": "check_out_date", "start": 74}], "state": {"active_intent": "BookHouse", "requested_slots": [], "slot_values": {"check_in_date": ["Wednesday next week"], "check_out_date": ["the 11th"], "has_laundry_service": ["True"], "number_of_adults": ["3"], "rating": ["4.4"], "where_to": ["Nairobi"]}}}], "speaker": "USER", "utterance": "I would like to go there on Wednesday next week, and I will be leaving on the 11th."}, {"frames": [{"actions": [{"act": "CONFIRM", "canonical_values": ["Nairobi"], "slot": "where_to", "values": ["Nairobi"]}, {"act": "CONFIRM", "canonical_values": ["3"], "slot": "number_of_adults", "values": ["3"]}, {"act": "CONFIRM", "canonical_values": ["2019-03-06"], "slot": "check_in_date", "values": ["March 6th"]}, {"act": "CONFIRM", "canonical_values": ["2019-03-11"], "slot": "check_out_date", "values": ["March 11th"]}], "service": "Hotels_2", "slots": [{"exclusive_end": 68, "slot": "where_to", "start": 61}, {"exclusive_end": 109, "slot": "check_in_date", "start": 100}, {"exclusive_end": 153, "slot": "check_out_date", "start": 143}]}], "speaker": "SYSTEM", "utterance": "Can you please confirm that you want a house for 3 people in Nairobi, and that you will go there on March 6th, and you will leave the house on March 11th?"}, {"frames": [{"actions": [{"act": "REQUEST", "canonical_values": [], "slot": "phone_number", "values": []}, {"act": "REQUEST", "canonical_values": [], "slot": "total_price", "values": []}, {"act": "AFFIRM", "canonical_values": [], "slot": "", "values": []}], "service": "Hotels_2", "slots": [], "state": {"active_intent": "BookHouse", "requested_slots": ["phone_number", "total_price"], "slot_values": {"check_in_date": ["March 6th", "Wednesday next week"], "check_out_date": ["March 11th", "the 11th"], "has_laundry_service": ["True"], "number_of_adults": ["3"], "rating": ["4.4"], "where_to": ["Nairobi"]}}}], "speaker": "USER", "utterance": "That's right. Can you please give me their phone number? Please tell me how much it will cost me."}, {"frames": [{"actions": [{"act": "INFORM", "canonical_values": ["+254 787 657000"], "slot": "phone_number", "values": ["+254 787 657000"]}, {"act": "INFORM", "canonical_values": ["1650"], "slot": "total_price", "values": ["$1,650"]}, {"act": "NOTIFY_SUCCESS", "canonical_values": [], "slot": "", "values": []}], "service": "Hotels_2", "service_call": {"method": "BookHouse", "parameters": {"check_in_date": "2019-03-06", "check_out_date": "2019-03-11", "number_of_adults": "3", "where_to": "Nairobi"}}, "service_results": [{"address": "14 Riverside Westlands", "check_in_date": "2019-03-06", "check_out_date": "2019-03-11", "has_laundry_service": "True", "number_of_adults": "3", "phone_number": "+254 787 657000", "rating": "4.40", "total_price": "1650", "where_to": "Nairobi"}], "slots": [{"exclusive_end": 111, "slot": "phone_number", "start": 96}, {"exclusive_end": 140, "slot": "total_price", "start": 134}]}], "speaker": "SYSTEM", "utterance": "Your request for a booking of the house has been been made. If you want to call them you can at +254 787 657000, and it will cost you $1,650."}, {"frames": [{"actions": [{"act": "THANK_YOU", "canonical_values": [], "slot": "", "values": []}, {"act": "GOODBYE", "canonical_values": [], "slot": "", "values": []}], "service": "Hotels_2", "slots": [], "state": {"active_intent": "BookHouse", "requested_slots": [], "slot_values": {"check_in_date": ["March 6th", "Wednesday next week"], "check_out_date": ["March 11th", "the 11th"], "has_laundry_service": ["True"], "number_of_adults": ["3"], "rating": ["4.4"], "where_to": ["Nairobi"]}}}], "speaker": "USER", "utterance": "I appreciate your help. That would be all."}, {"frames": [{"actions": [{"act": "GOODBYE", "canonical_values": [], "slot": "", "values": []}], "service": "Hotels_2", "slots": []}], "speaker": "SYSTEM", "utterance": "I take joy in helping you. Good bye."}]}, {"dialogue_id": "48_00001", "services": ["Weather_1", "Hotels_2"], "turns": [{"frames": [{"actions": [{"act": "INFORM", "canonical_values": ["2019-03-07"], "slot": "date", "values": ["7th of March"]}, {"act": "INFORM", "canonical_values": ["San Diego"], "slot": "city", "values": ["SD"]}, {"act": "INFORM_INTENT", "canonical_values": ["GetWeather"], "slot": "intent", "values": ["GetWeather"]}], "service": "Weather_1", "slots": [{"exclusive_end": 53, "slot": "date", "start": 41}, {"exclusive_end": 37, "slot": "city", "start": 35}], "state": {"active_intent": "GetWeather", "requested_slots": [], "slot_values": {"city": ["SD"], "date": ["7th of March"]}}}], "speaker": "USER", "utterance": "What are the weather conditions in SD on 7th of March?"}, {"frames": [{"actions": [{"act": "OFFER", "canonical_values": ["90"], "slot": "temperature", "values": ["90"]}, {"act": "OFFER", "canonical_values": ["17"], "slot": "precipitation", "values": ["17"]}], "service": "Weather_1", "service_call": {"method": "GetWeather", "parameters": {"city": "San Diego", "date": "2019-03-07"}}, "service_results": [{"city": "San Diego", "date": "2019-03-07", "humidity": "36", "precipitation": "17", "temperature": "90", "wind": "8"}], "slots": [{"exclusive_end": 25, "slot": "temperature", "start": 23}, {"exclusive_end": 55, "slot": "precipitation", "start": 53}]}], "speaker": "SYSTEM", "utterance": "The temp will be about 90 degrees and there's only a 17 % chance of rain."}, {"frames": [{"actions": [{"act": "REQUEST", "canonical_values": [], "slot": "humidity", "values": []}], "service": "Weather_1", "slots": [], "state": {"active_intent": "GetWeather", "requested_slots": ["humidity"], "slot_values": {"city": ["SD"], "date": ["7th of March"]}}}], "speaker": "USER", "utterance": "What do you think the humidity will be there?"}, {"frames": [{"actions": [{"act": "INFORM", "canonical_values": ["36"], "slot": "humidity", "values": ["36"]}], "service": "Weather_1", "slots": [{"exclusive_end": 26, "slot": "humidity", "start": 24}]}], "speaker": "SYSTEM", "utterance": "It'll be normal, around 36 percent."}, {"frames": [{"actions": [{"act": "INFORM", "canonical_values": ["1"], "slot": "number_of_adults", "values": ["1"]}, {"act": "INFORM_INTENT", "canonical_values": ["SearchHouse"], "slot": "intent", "values": ["SearchHouse"]}], "service": "Hotels_2", "slots": [], "state": {"active_intent": "SearchHouse", "requested_slots": [], "slot_values": {"number_of_adults": ["1"], "where_to": ["SD"]}}}, {"actions": [{"act": "SELECT", "canonical_values": [], "slot": "", "values": []}], "service": "Weather_1", "slots": [], "state": {"active_intent": "GetWeather", "requested_slots": [], "slot_values": {"city": ["SD"], "date": ["7th of March"]}}}], "speaker": "USER", "utterance": "Great weather right? Get me a house to stay in there. Only for one."}, {"frames": [{"actions": [{"act": "OFFER", "canonical_values": ["1003 Coast Boulevard, La Jolla, California 92037, United States"], "slot": "address", "values": ["1003 Coast Boulevard, La Jolla, California 92037, United States"]}, {"act": "OFFER", "canonical_values": ["4.60"], "slot": "rating", "values": ["4.6"]}, {"act": "INFORM_COUNT", "canonical_values": ["10"], "slot": "count", "values": ["10"]}], "service": "Hotels_2", "service_call": {"method": "SearchHouse", "parameters": {"number_of_adults": "1", "where_to": "San Diego"}}, "service_results": [{"address": "1003 Coast Boulevard, La Jolla, California 92037, United States", "has_laundry_service": "True", "number_of_adults": "1", "phone_number": "+1 855-287-2682", "rating": "4.60", "total_price": "1240", "where_to": "San Diego"}, {"address": "10044 Pacific Mesa Boulevard", "has_laundry_service": "True", "number_of_adults": "1", "phone_number": "+1 858-597-0500", "rating": "4.50", "total_price": "900", "where_to": "San Diego"}, {"address": "1047 Fifth Avenue", "has_laundry_service": "True", "number_of_adults": "1", "phone_number": "+1 619-515-3000", "rating": "4.40", "total_price": "2856", "where_to": "San Diego"}, {"address": "10950 North Torrey Pines Road, La Jolla, California 92037, United States", "has_laundry_service": "True", "number_of_adults": "1", "phone_number": "+1 858-558-1500", "rating": "4.30", "total_price": "1260", "where_to": "San Diego"}, {"address": "11025 Vista Sorrento Parkway", "has_laundry_service": "True", "number_of_adults": "1", "phone_number": "+1 858-523-0500", "rating": "4.30", "total_price": "870", "where_to": "San Diego"}, {"address": "11520 West Bernardo Court", "has_laundry_service": "True", "number_of_adults": "1", "phone_number": "+1 858-451-6600", "rating": "4.10", "total_price": "1680", "where_to": "San Diego"}, {"address": "11915 El Camino Real", "has_laundry_service": "True", "number_of_adults": "1", "phone_number": "+1 858-481-5900", "rating": "4.20", "total_price": "864", "where_to": "San Diego"}, {"address": "11920 El Camino Real", "has_laundry_service": "True", "number_of_adults": "1", "phone_number": "+1 858-792-5557", "rating": "4.20", "total_price": "792", "where_to": "San Diego"}, {"address": "1333 Hotel Circle South", "has_laundry_service": "True", "number_of_adults": "1", "phone_number": "+1 619-297-2231", "rating": "4.40", "total_price": "800", "where_to": "San Diego"}, {"address": "1355 North Harbor Drive", "has_laundry_service": "True", "number_of_adults": "1", "phone_number": "+1 619-232-3861", "rating": "4.00", "total_price": "1260", "where_to": "San Diego"}], "slots": [{"exclusive_end": 103, "slot": "address", "start": 40}, {"exclusive_end": 124, "slot": "rating", "start": 121}]}], "speaker": "SYSTEM", "utterance": "You have 10 options. One of the best is 1003 Coast Boulevard, La Jolla, California 92037, United States. Their rating is 4.6."}, {"frames": [{"actions": [{"act": "SELECT", "canonical_values": [], "slot": "", "values": []}], "service": "Hotels_2", "slots": [], "state": {"active_intent": "SearchHouse", "requested_slots": [], "slot_values": {"number_of_adults": ["1"], "where_to": ["SD"]}}}], "speaker": "USER", "utterance": "Wow, so cool."}, {"frames": [{"actions": [{"act": "REQ_MORE", "canonical_values": [], "slot": "", "values": []}], "service": "Hotels_2", "slots": []}], "speaker": "SYSTEM", "utterance": "What will you need next?"}, {"frames": [{"actions": [{"act": "INFORM_INTENT", "canonical_values": ["BookHouse"], "slot": "intent", "values": ["BookHouse"]}], "service": "Hotels_2", "slots": [], "state": {"active_intent": "BookHouse", "requested_slots": [], "slot_values": {"number_of_adults": ["1"], "where_to": ["SD"]}}}], "speaker": "USER", "utterance": "Let's book a house."}, {"frames": [{"actions": [{"act": "REQUEST", "canonical_values": [], "slot": "check_out_date", "values": []}, {"act": "REQUEST", "canonical_values": ["2019-03-07"], "slot": "check_in_date", "values": ["March 7th"]}], "service": "Hotels_2", "slots": [{"exclusive_end": 57, "slot": "check_in_date", "start": 48}]}], "speaker": "SYSTEM", "utterance": "Which date do you want to check out? What about March 7th?"}, {"frames": [{"actions": [{"act": "INFORM", "canonical_values": ["2019-03-10"], "slot": "check_out_date", "values": ["10th of March"]}, {"act": "AFFIRM", "canonical_values": [], "slot": "", "values": []}], "service": "Hotels_2", "slots": [{"exclusive_end": 41, "slot": "check_out_date", "start": 28}], "state": {"active_intent": "BookHouse", "requested_slots": [], "slot_values": {"check_in_date": ["7th of March", "March 7th"], "check_out_date": ["10th of March"], "number_of_adults": ["1"], "where_to": ["SD"]}}}], "speaker": "USER", "utterance": "Fine, I want that until the 10th of March."}, {"frames": [{"actions": [{"act": "CONFIRM", "canonical_values": ["San Diego"], "slot": "where_to", "values": ["San Diego"]}, {"act": "CONFIRM", "canonical_values": ["1"], "slot": "number_of_adults", "values": ["1"]}, {"act": "CONFIRM", "canonical_values": ["2019-03-07"], "slot": "check_in_date", "values": ["March 7th"]}, {"act": "CONFIRM", "canonical_values": ["2019-03-10"], "slot": "check_out_date", "values": ["March 10th"]}], "service": "Hotels_2", "slots": [{"exclusive_end": 74, "slot": "where_to", "start": 65}, {"exclusive_end": 38, "slot": "check_in_date", "start": 29}, {"exclusive_end": 61, "slot": "check_out_date", "start": 51}]}], "speaker": "SYSTEM", "utterance": "To confirm, 1 checking in on March 7th, leaving on March 10th in San Diego?"}, {"frames": [{"actions": [{"act": "AFFIRM", "canonical_values": [], "slot": "", "values": []}], "service": "Hotels_2", "slots": [], "state": {"active_intent": "BookHouse", "requested_slots": [], "slot_values": {"check_in_date": ["7th of March", "March 7th"], "check_out_date": ["10th of March", "March 10th"], "number_of_adults": ["1"], "where_to": ["SD", "San Diego"]}}}], "speaker": "USER", "utterance": "Yes, I think that's cool."}, {"frames": [{"actions": [{"act": "NOTIFY_SUCCESS", "canonical_values": [], "slot": "", "values": []}], "service": "Hotels_2", "service_call": {"method": "BookHouse", "parameters": {"check_in_date": "2019-03-07", "check_out_date": "2019-03-10", "number_of_adults": "1", "where_to": "San Diego"}}, "service_results": [{"address": "1003 Coast Boulevard, La Jolla, California 92037, United States", "check_in_date": "2019-03-07", "check_out_date": "2019-03-10", "has_laundry_service": "True", "number_of_adults": "1", "phone_number": "+1 855-287-2682", "rating": "4.60", "total_price": "552", "where_to": "San Diego"}], "slots": []}], "speaker": "SYSTEM", "utterance": "You're reservation is set."}, {"frames": [{"actions": [{"act": "REQUEST", "canonical_values": [], "slot": "total_price", "values": []}, {"act": "REQUEST", "canonical_values": [], "slot": "phone_number", "values": []}], "service": "Hotels_2", "slots": [], "state": {"active_intent": "BookHouse", "requested_slots": ["phone_number", "total_price"], "slot_values": {"check_in_date": ["7th of March", "March 7th"], "check_out_date": ["10th of March", "March 10th"], "number_of_adults": ["1"], "where_to": ["SD", "San Diego"]}}}], "speaker": "USER", "utterance": "What will my total bill be? What is the contact number, so I have it for my records?"}, {"frames": [{"actions": [{"act": "INFORM", "canonical_values": ["+1 855-287-2682"], "slot": "phone_number", "values": ["+1 855-287-2682"]}, {"act": "INFORM", "canonical_values": ["552"], "slot": "total_price", "values": ["$552"]}], "service": "Hotels_2", "slots": [{"exclusive_end": 67, "slot": "phone_number", "start": 52}, {"exclusive_end": 23, "slot": "total_price", "start": 19}]}], "speaker": "SYSTEM", "utterance": "Your total will be $552 and the phone to contact is +1 855-287-2682."}, {"frames": [{"actions": [{"act": "THANK_YOU", "canonical_values": [], "slot": "", "values": []}], "service": "Hotels_2", "slots": [], "state": {"active_intent": "BookHouse", "requested_slots": [], "slot_values": {"check_in_date": ["7th of March", "March 7th"], "check_out_date": ["10th of March", "March 10th"], "number_of_adults": ["1"], "where_to": ["SD", "San Diego"]}}}], "speaker": "USER", "utterance": "Perfectly marvelous, thanks."}, {"frames": [{"actions": [{"act": "REQ_MORE", "canonical_values": [], "slot": "", "values": []}], "service": "Hotels_2", "slots": []}], "speaker": "SYSTEM", "utterance": "Will you need more help today?"}, {"frames": [{"actions": [{"act": "NEGATE", "canonical_values": [], "slot": "", "values": []}, {"act": "THANK_YOU", "canonical_values": [], "slot": "", "values": []}], "service": "Hotels_2", "slots": [], "state": {"active_intent": "NONE", "requested_slots": [], "slot_values": {"check_in_date": ["7th of March", "March 7th"], "check_out_date": ["10th of March", "March 10th"], "number_of_adults": ["1"], "where_to": ["SD", "San Diego"]}}}], "speaker": "USER", "utterance": "No, I'm good thanks."}, {"frames": [{"actions": [{"act": "GOODBYE", "canonical_values": [], "slot": "", "values": []}], "service": "Hotels_2", "slots": []}], "speaker": "SYSTEM", "utterance": "I live to serve you, and only that."}]}, {"dialogue_id": "48_00002", "services": ["Weather_1", "Hotels_2"], "turns": [{"frames": [{"actions": [{"act": "INFORM", "canonical_values": ["London"], "slot": "city", "values": ["London"]}, {"act": "INFORM_INTENT", "canonical_values": ["GetWeather"], "slot": "intent", "values": ["GetWeather"]}], "service": "Weather_1", "slots": [{"exclusive_end": 33, "slot": "city", "start": 27}], "state": {"active_intent": "GetWeather", "requested_slots": [], "slot_values": {"city": ["London"]}}}], "speaker": "USER", "utterance": "What's the weather like in London?"}, {"frames": [{"actions": [{"act": "OFFER", "canonical_values": ["81"], "slot": "temperature", "values": ["81"]}, {"act": "OFFER", "canonical_values": ["23"], "slot": "precipitation", "values": ["23"]}], "service": "Weather_1", "service_call": {"method": "GetWeather", "parameters": {"city": "London"}}, "service_results": [{"city": "London", "date": "2019-03-01", "humidity": "35", "precipitation": "23", "temperature": "81", "wind": "10"}], "slots": [{"exclusive_end": 35, "slot": "temperature", "start": 33}, {"exclusive_end": 64, "slot": "precipitation", "start": 62}]}], "speaker": "SYSTEM", "utterance": "The average temperature today is 81 degrees Fahrenheit with a 23 percent chance of rain"}, {"frames": [{"actions": [{"act": "REQUEST", "canonical_values": [], "slot": "humidity", "values": []}], "service": "Weather_1", "slots": [], "state": {"active_intent": "GetWeather", "requested_slots": ["humidity"], "slot_values": {"city": ["London"]}}}], "speaker": "USER", "utterance": "Will it be humid?"}, {"frames": [{"actions": [{"act": "INFORM", "canonical_values": ["35"], "slot": "humidity", "values": ["35"]}], "service": "Weather_1", "slots": [{"exclusive_end": 28, "slot": "humidity", "start": 26}]}], "speaker": "SYSTEM", "utterance": "Today's humidity is about 35 percent"}, {"frames": [{"actions": [{"act": "REQUEST", "canonical_values": [], "slot": "wind", "values": []}], "service": "Weather_1", "slots": [], "state": {"active_intent": "GetWeather", "requested_slots": ["wind"], "slot_values": {"city": ["London"]}}}], "speaker": "USER", "utterance": "Will it be windy?"}, {"frames": [{"actions": [{"act": "INFORM", "canonical_values": ["10"], "slot": "wind", "values": ["10"]}], "service": "Weather_1", "slots": [{"exclusive_end": 47, "slot": "wind", "start": 45}]}], "speaker": "SYSTEM", "utterance": "The forecast is for an average wind speed of 10 miles per house"}, {"frames": [{"actions": [{"act": "INFORM_INTENT", "canonical_values": ["SearchHouse"], "slot": "intent", "values": ["SearchHouse"]}], "service": "Hotels_2", "slots": [], "state": {"active_intent": "SearchHouse", "requested_slots": [], "slot_values": {"where_to": ["London"]}}}, {"actions": [{"act": "SELECT", "canonical_values": [], "slot": "", "values": []}], "service": "Weather_1", "slots": [], "state": {"active_intent": "GetWeather", "requested_slots": [], "slot_values": {"city": ["London"]}}}], "speaker": "USER", "utterance": "Ok good. Find me a house to stay there"}, {"frames": [{"actions": [{"act": "OFFER", "canonical_values": ["1 Addington Street"], "slot": "address", "values": ["1 Addington Street"]}, {"act": "OFFER", "canonical_values": ["4.30"], "slot": "rating", "values": ["4.3"]}, {"act": "INFORM_COUNT", "canonical_values": ["10"], "slot": "count", "values": ["10"]}], "service": "Hotels_2", "service_call": {"method": "SearchHouse", "parameters": {"where_to": "London"}}, "service_results": [{"address": "1 Addington Street", "has_laundry_service": "True", "number_of_adults": "5", "phone_number": "+44 333 400 6116", "rating": "4.30", "total_price": "2400", "where_to": "London"}, {"address": "1 Baffin Way", "has_laundry_service": "True", "number_of_adults": "3", "phone_number": "+44 20 7517 1100", "rating": "4.10", "total_price": "594", "where_to": "London"}, {"address": "1 Connaught Road", "has_laundry_service": "False", "number_of_adults": "3", "phone_number": "+44 871 984 6290", "rating": "3.70", "total_price": "1827", "where_to": "London"}, {"address": "1 Duke's Road", "has_laundry_service": "False", "number_of_adults": "4", "phone_number": "+44 871 527 8656", "rating": "4.10", "total_price": "1368", "where_to": "London"}, {"address": "1 Ham Yard", "has_laundry_service": "True", "number_of_adults": "3", "phone_number": "+44 20 3642 2000", "rating": "4.50", "total_price": "480", "where_to": "London"}, {"address": "1 Harrow Place", "has_laundry_service": "False", "number_of_adults": "2", "phone_number": "+44 871 984 6190", "rating": "3.60", "total_price": "264", "where_to": "London"}, {"address": "1 King's Cross Road", "has_laundry_service": "True", "number_of_adults": "3", "phone_number": "+44 20 7833 3900", "rating": "4.10", "total_price": "348", "where_to": "London"}, {"address": "1 Lancaster Gate", "has_laundry_service": "True", "number_of_adults": "1", "phone_number": "+44 20 7262 5022", "rating": "3.80", "total_price": "84", "where_to": "London"}, {"address": "1 Leicester Square", "has_laundry_service": "False", "number_of_adults": "5", "phone_number": "+44 20 3953 4200", "rating": "4.40", "total_price": "3200", "where_to": "London"}, {"address": "1 Seething Lane", "has_laundry_service": "True", "number_of_adults": "3", "phone_number": "+44 20 7702 2020", "rating": "4.50", "total_price": "672", "where_to": "London"}], "slots": [{"exclusive_end": 56, "slot": "address", "start": 38}, {"exclusive_end": 79, "slot": "rating", "start": 76}]}], "speaker": "SYSTEM", "utterance": "I found 10 houses for you. The one at 1 Addington Street looks nice, with a 4.3 rating"}, {"frames": [{"actions": [{"act": "REQUEST_ALTS", "canonical_values": [], "slot": "", "values": []}], "service": "Hotels_2", "slots": [], "state": {"active_intent": "SearchHouse", "requested_slots": [], "slot_values": {"where_to": ["London"]}}}], "speaker": "USER", "utterance": "Anything else available?"}, {"frames": [{"actions": [{"act": "OFFER", "canonical_values": ["1 Baffin Way"], "slot": "address", "values": ["1 Baffin Way"]}, {"act": "OFFER", "canonical_values": ["4.10"], "slot": "rating", "values": ["4.1"]}], "service": "Hotels_2", "slots": [{"exclusive_end": 34, "slot": "address", "start": 22}, {"exclusive_end": 45, "slot": "rating", "start": 42}]}], "speaker": "SYSTEM", "utterance": "There's a good one at 1 Baffin Way with a 4.1 rating"}, {"frames": [{"actions": [{"act": "INFORM_INTENT", "canonical_values": ["BookHouse"], "slot": "intent", "values": ["BookHouse"]}, {"act": "SELECT", "canonical_values": [], "slot": "", "values": []}], "service": "Hotels_2", "slots": [], "state": {"active_intent": "BookHouse", "requested_slots": [], "slot_values": {"where_to": ["London"]}}}], "speaker": "USER", "utterance": "Ok. Book that one please"}, {"frames": [{"actions": [{"act": "REQUEST", "canonical_values": [], "slot": "check_out_date", "values": []}, {"act": "REQUEST", "canonical_values": ["2019-03-01"], "slot": "check_in_date", "values": ["March 1st"]}], "service": "Hotels_2", "slots": [{"exclusive_end": 28, "slot": "check_in_date", "start": 19}]}], "speaker": "SYSTEM", "utterance": "You'll check in on March 1st? Checking out when?"}, {"frames": [{"actions": [{"act": "INFORM", "canonical_values": ["2019-03-04"], "slot": "check_out_date", "values": ["the 4th"]}, {"act": "AFFIRM", "canonical_values": [], "slot": "", "values": []}], "service": "Hotels_2", "slots": [{"exclusive_end": 52, "slot": "check_out_date", "start": 45}], "state": {"active_intent": "BookHouse", "requested_slots": [], "slot_values": {"check_in_date": ["March 1st"], "check_out_date": ["the 4th"], "where_to": ["London"]}}}], "speaker": "USER", "utterance": "Yes, arriving on the 1st and checking out on the 4th"}, {"frames": [{"actions": [{"act": "REQUEST", "canonical_values": [], "slot": "number_of_adults", "values": []}], "service": "Hotels_2", "slots": []}], "speaker": "SYSTEM", "utterance": "And for how many people?"}, {"frames": [{"actions": [{"act": "INFORM", "canonical_values": ["1"], "slot": "number_of_adults", "values": ["1"]}], "service": "Hotels_2", "slots": [], "state": {"active_intent": "BookHouse", "requested_slots": [], "slot_values": {"check_in_date": ["March 1st"], "check_out_date": ["the 4th"], "number_of_adults": ["1"], "where_to": ["London"]}}}], "speaker": "USER", "utterance": "Just one person"}, {"frames": [{"actions": [{"act": "CONFIRM", "canonical_values": ["London"], "slot": "where_to", "values": ["London"]}, {"act": "CONFIRM", "canonical_values": ["1"], "slot": "number_of_adults", "values": ["1"]}, {"act": "CONFIRM", "canonical_values": ["2019-03-01"], "slot": "check_in_date", "values": ["March 1st"]}, {"act": "CONFIRM", "canonical_values": ["2019-03-04"], "slot": "check_out_date", "values": ["March 4th"]}], "service": "Hotels_2", "slots": [{"exclusive_end": 45, "slot": "where_to", "start": 39}, {"exclusive_end": 65, "slot": "check_in_date", "start": 56}, {"exclusive_end": 89, "slot": "check_out_date", "start": 80}]}], "speaker": "SYSTEM", "utterance": "Please confirm: a stay for 1 person in London, arriving March 1st and departing March 4th"}, {"frames": [{"actions": [{"act": "AFFIRM", "canonical_values": [], "slot": "", "values": []}], "service": "Hotels_2", "slots": [], "state": {"active_intent": "BookHouse", "requested_slots": [], "slot_values": {"check_in_date": ["March 1st"], "check_out_date": ["March 4th", "the 4th"], "number_of_adults": ["1"], "where_to": ["London"]}}}], "speaker": "USER", "utterance": "Yes that's right"}, {"frames": [{"actions": [{"act": "NOTIFY_SUCCESS", "canonical_values": [], "slot": "", "values": []}], "service": "Hotels_2", "service_call": {"method": "BookHouse", "parameters": {"check_in_date": "2019-03-01", "check_out_date": "2019-03-04", "number_of_adults": "1", "where_to": "London"}}, "service_results": [{"address": "1 Baffin Way", "check_in_date": "2019-03-01", "check_out_date": "2019-03-04", "has_laundry_service": "True", "number_of_adults": "1", "phone_number": "+44 20 7517 1100", "rating": "4.10", "total_price": "1485", "where_to": "London"}], "slots": []}], "speaker": "SYSTEM", "utterance": "I've confirmed your reservation"}, {"frames": [{"actions": [{"act": "THANK_YOU", "canonical_values": [], "slot": "", "values": []}], "service": "Hotels_2", "slots": [], "state": {"active_intent": "BookHouse", "requested_slots": [], "slot_values": {"check_in_date": ["March 1st"], "check_out_date": ["March 4th", "the 4th"], "number_of_adults": ["1"], "where_to": ["London"]}}}], "speaker": "USER", "utterance": "Thanks so much"}, {"frames": [{"actions": [{"act": "REQ_MORE", "canonical_values": [], "slot": "", "values": []}], "service": "Hotels_2", "slots": []}], "speaker": "SYSTEM", "utterance": "Anything else I can do to help?"}, {"frames": [{"actions": [{"act": "NEGATE", "canonical_values": [], "slot": "", "values": []}, {"act": "THANK_YOU", "canonical_values": [], "slot": "", "values": []}], "service": "Hotels_2", "slots": [], "state": {"active_intent": "NONE", "requested_slots": [], "slot_values": {"check_in_date": ["March 1st"], "check_out_date": ["March 4th", "the 4th"], "number_of_adults": ["1"], "where_to": ["London"]}}}], "speaker": "USER", "utterance": "Nope. That's all thanks"}, {"frames": [{"actions": [{"act": "GOODBYE", "canonical_values": [], "slot": "", "values": []}], "service": "Hotels_2", "slots": []}], "speaker": "SYSTEM", "utterance": "Always happy to help. Take care."}]}, {"dialogue_id": "48_00003", "services": ["Weather_1", "Hotels_2"], "turns": [{"frames": [{"actions": [{"act": "INFORM", "canonical_values": ["New York"], "slot": "city", "values": ["New York"]}, {"act": "INFORM_INTENT", "canonical_values": ["GetWeather"], "slot": "intent", "values": ["GetWeather"]}], "service": "Weather_1", "slots": [{"exclusive_end": 36, "slot": "city", "start": 28}], "state": {"active_intent": "GetWeather", "requested_slots": [], "slot_values": {"city": ["New York"]}}}], "speaker": "USER", "utterance": "Please check the weather in New York."}, {"frames": [{"actions": [{"act": "OFFER", "canonical_values": ["66"], "slot": "temperature", "values": ["66"]}, {"act": "OFFER", "canonical_values": ["37"], "slot": "precipitation", "values": ["37"]}], "service": "Weather_1", "service_call": {"method": "GetWeather", "parameters": {"city": "New York"}}, "service_results": [{"city": "New York", "date": "2019-03-01", "humidity": "41", "precipitation": "37", "temperature": "66", "wind": "12"}], "slots": [{"exclusive_end": 32, "slot": "temperature", "start": 30}, {"exclusive_end": 66, "slot": "precipitation", "start": 64}]}], "speaker": "SYSTEM", "utterance": "Todays average temperature is 66 degrees faranheit and there is 37 percent chance of rain."}, {"frames": [{"actions": [{"act": "REQUEST", "canonical_values": [], "slot": "humidity", "values": []}, {"act": "REQUEST", "canonical_values": [], "slot": "wind", "values": []}], "service": "Weather_1", "slots": [], "state": {"active_intent": "GetWeather", "requested_slots": ["humidity", "wind"], "slot_values": {"city": ["New York"]}}}], "speaker": "USER", "utterance": "What is the expected humidity and will it be windy?"}, {"frames": [{"actions": [{"act": "INFORM", "canonical_values": ["12"], "slot": "wind", "values": ["12"]}, {"act": "INFORM", "canonical_values": ["41"], "slot": "humidity", "values": ["41"]}], "service": "Weather_1", "slots": [{"exclusive_end": 16, "slot": "wind", "start": 14}, {"exclusive_end": 47, "slot": "humidity", "start": 45}]}], "speaker": "SYSTEM", "utterance": "Winds average 12 miles per hour and there is 41 percent humidity."}, {"frames": [{"actions": [{"act": "INFORM", "canonical_values": ["True"], "slot": "has_laundry_service", "values": ["True"]}, {"act": "INFORM_INTENT", "canonical_values": ["SearchHouse"], "slot": "intent", "values": ["SearchHouse"]}], "service": "Hotels_2", "slots": [], "state": {"active_intent": "SearchHouse", "requested_slots": [], "slot_values": {"has_laundry_service": ["True"], "where_to": ["New York"]}}}, {"actions": [{"act": "SELECT", "canonical_values": [], "slot": "", "values": []}], "service": "Weather_1", "slots": [], "state": {"active_intent": "GetWeather", "requested_slots": [], "slot_values": {"city": ["New York"]}}}], "speaker": "USER", "utterance": "Okay. Now I would like to find a house there that offers laundry service."}, {"frames": [{"actions": [{"act": "OFFER", "canonical_values": ["100 Greenwich Street"], "slot": "address", "values": ["100 greenwich Street"]}, {"act": "OFFER", "canonical_values": ["4.40"], "slot": "rating", "values": ["4.4"]}, {"act": "INFORM_COUNT", "canonical_values": ["10"], "slot": "count", "values": ["10"]}], "service": "Hotels_2", "service_call": {"method": "SearchHouse", "parameters": {"has_laundry_service": "True", "where_to": "New York"}}, "service_results": [{"address": "100 Greenwich Street", "has_laundry_service": "True", "number_of_adults": "4", "phone_number": "+1 917-409-0800", "rating": "4.40", "total_price": "336", "where_to": "New York"}, {"address": "100-15 Ditmars Boulevard, East Elmhurst, NY 11369, USA", "has_laundry_service": "True", "number_of_adults": "1", "phone_number": "+1 718-512-0248", "rating": "4.20", "total_price": "405", "where_to": "New York"}, {"address": "102 West 57th Street", "has_laundry_service": "True", "number_of_adults": "1", "phone_number": "+1 212-379-0103", "rating": "4.50", "total_price": "81", "where_to": "New York"}, {"address": "102-05 Ditmars Boulevard, East Elmhurst", "has_laundry_service": "True", "number_of_adults": "4", "phone_number": "+1 718-565-8900", "rating": "3.90", "total_price": "276", "where_to": "New York"}, {"address": "102-40 Ditmars Boulevard, East Elmhurst", "has_laundry_service": "True", "number_of_adults": "5", "phone_number": "+1 718-672-6600", "rating": "4.10", "total_price": "315", "where_to": "New York"}, {"address": "1033 6th Avenue", "has_laundry_service": "True", "number_of_adults": "1", "phone_number": "+1 212-768-0007", "rating": "4.20", "total_price": "594", "where_to": "New York"}, {"address": "104-04 Ditmars Boulevard, East Elmhurst", "has_laundry_service": "True", "number_of_adults": "3", "phone_number": "+1 877-270-1412", "rating": "4.00", "total_price": "756", "where_to": "New York"}, {"address": "108 West 24th Street", "has_laundry_service": "True", "number_of_adults": "3", "phone_number": "+1 212-414-1000", "rating": "4.20", "total_price": "1440", "where_to": "New York"}, {"address": "11 East 31st Street", "has_laundry_service": "True", "number_of_adults": "2", "phone_number": "+1 212-806-7000", "rating": "4.40", "total_price": "352", "where_to": "New York"}, {"address": "11 Howard Street", "has_laundry_service": "True", "number_of_adults": "2", "phone_number": "+1 212-235-1111", "rating": "4.30", "total_price": "114", "where_to": "New York"}], "slots": [{"exclusive_end": 83, "slot": "address", "start": 63}, {"exclusive_end": 40, "slot": "rating", "start": 37}]}], "speaker": "SYSTEM", "utterance": "I found 10 houses. One house, with a 4.4 rating and located at 100 greenwich Street seems nice."}, {"frames": [{"actions": [{"act": "REQUEST", "canonical_values": [], "slot": "phone_number", "values": []}], "service": "Hotels_2", "slots": [], "state": {"active_intent": "SearchHouse", "requested_slots": ["phone_number"], "slot_values": {"has_laundry_service": ["True"], "where_to": ["New York"]}}}], "speaker": "USER", "utterance": "Please provide with the contact number."}, {"frames": [{"actions": [{"act": "INFORM", "canonical_values": ["+1 917-409-0800"], "slot": "phone_number", "values": ["+1 917-409-0800"]}], "service": "Hotels_2", "slots": [{"exclusive_end": 37, "slot": "phone_number", "start": 22}]}], "speaker": "SYSTEM", "utterance": "Their phone number is +1 917-409-0800."}, {"frames": [{"actions": [{"act": "SELECT", "canonical_values": [], "slot": "", "values": []}], "service": "Hotels_2", "slots": [], "state": {"active_intent": "SearchHouse", "requested_slots": [], "slot_values": {"has_laundry_service": ["True"], "where_to": ["New York"]}}}], "speaker": "USER", "utterance": "What a great house!"}, {"frames": [{"actions": [{"act": "REQ_MORE", "canonical_values": [], "slot": "", "values": []}], "service": "Hotels_2", "slots": []}], "speaker": "SYSTEM", "utterance": "Do you need further help?"}, {"frames": [{"actions": [{"act": "INFORM_INTENT", "canonical_values": ["BookHouse"], "slot": "intent", "values": ["BookHouse"]}], "service": "Hotels_2", "slots": [], "state": {"active_intent": "BookHouse", "requested_slots": [], "slot_values": {"has_laundry_service": ["True"], "where_to": ["New York"]}}}], "speaker": "USER", "utterance": "I would like to reserve this house."}, {"frames": [{"actions": [{"act": "REQUEST", "canonical_values": ["2019-03-01"], "slot": "check_in_date", "values": ["March 1st"]}, {"act": "REQUEST", "canonical_values": [], "slot": "check_out_date", "values": []}, {"act": "REQUEST", "canonical_values": [], "slot": "number_of_adults", "values": []}], "service": "Hotels_2", "slots": [{"exclusive_end": 30, "slot": "check_in_date", "start": 21}]}], "speaker": "SYSTEM", "utterance": "Will you be arriving March 1st. What day are leaving and how many in your party?"}, {"frames": [{"actions": [{"act": "INFORM", "canonical_values": ["2"], "slot": "number_of_adults", "values": ["2"]}, {"act": "INFORM", "canonical_values": ["2019-03-06"], "slot": "check_out_date", "values": ["March 6th"]}, {"act": "AFFIRM", "canonical_values": [], "slot": "", "values": []}], "service": "Hotels_2", "slots": [{"exclusive_end": 65, "slot": "check_out_date", "start": 56}], "state": {"active_intent": "BookHouse", "requested_slots": [], "slot_values": {"check_in_date": ["March 1st"], "check_out_date": ["March 6th"], "has_laundry_service": ["True"], "number_of_adults": ["2"], "where_to": ["New York"]}}}], "speaker": "USER", "utterance": "Yes, there will be two people and we will be leaving on March 6th."}, {"frames": [{"actions": [{"act": "CONFIRM", "canonical_values": ["New York"], "slot": "where_to", "values": ["New York"]}, {"act": "CONFIRM", "canonical_values": ["2"], "slot": "number_of_adults", "values": ["2"]}, {"act": "CONFIRM", "canonical_values": ["2019-03-01"], "slot": "check_in_date", "values": ["March 1st"]}, {"act": "CONFIRM", "canonical_values": ["2019-03-06"], "slot": "check_out_date", "values": ["March 6th"]}], "service": "Hotels_2", "slots": [{"exclusive_end": 90, "slot": "where_to", "start": 82}, {"exclusive_end": 56, "slot": "check_in_date", "start": 47}, {"exclusive_end": 78, "slot": "check_out_date", "start": 69}]}], "speaker": "SYSTEM", "utterance": "Please confirm there will be 2 people arriving March 1st and leaving March 6th in New York."}, {"frames": [{"actions": [{"act": "AFFIRM", "canonical_values": [], "slot": "", "values": []}], "service": "Hotels_2", "slots": [], "state": {"active_intent": "BookHouse", "requested_slots": [], "slot_values": {"check_in_date": ["March 1st"], "check_out_date": ["March 6th"], "has_laundry_service": ["True"], "number_of_adults": ["2"], "where_to": ["New York"]}}}], "speaker": "USER", "utterance": "Yes, that is correct."}, {"frames": [{"actions": [{"act": "NOTIFY_SUCCESS", "canonical_values": [], "slot": "", "values": []}], "service": "Hotels_2", "service_call": {"method": "BookHouse", "parameters": {"check_in_date": "2019-03-01", "check_out_date": "2019-03-06", "number_of_adults": "2", "where_to": "New York"}}, "service_results": [{"address": "100 Greenwich Street", "check_in_date": "2019-03-01", "check_out_date": "2019-03-06", "has_laundry_service": "True", "number_of_adults": "2", "phone_number": "+1 917-409-0800", "rating": "4.40", "total_price": "1200", "where_to": "New York"}], "slots": []}], "speaker": "SYSTEM", "utterance": "Your reservation is confirmed."}, {"frames": [{"actions": [{"act": "THANK_YOU", "canonical_values": [], "slot": "", "values": []}, {"act": "GOODBYE", "canonical_values": [], "slot": "", "values": []}], "service": "Hotels_2", "slots": [], "state": {"active_intent": "BookHouse", "requested_slots": [], "slot_values": {"check_in_date": ["March 1st"], "check_out_date": ["March 6th"], "has_laundry_service": ["True"], "number_of_adults": ["2"], "where_to": ["New York"]}}}], "speaker": "USER", "utterance": "Thank you for your assistance and that is all I need right now."}, {"frames": [{"actions": [{"act": "GOODBYE", "canonical_values": [], "slot": "", "values": []}], "service": "Hotels_2", "slots": []}], "speaker": "SYSTEM", "utterance": "It's been my pleasure! Bye!"}]}, {"dialogue_id": "48_00004", "services": ["Weather_1", "Hotels_2"], "turns": [{"frames": [{"actions": [{"act": "INFORM", "canonical_values": ["2019-03-05"], "slot": "date", "values": ["5th of this month"]}, {"act": "INFORM_INTENT", "canonical_values": ["GetWeather"], "slot": "intent", "values": ["GetWeather"]}], "service": "Weather_1", "slots": [{"exclusive_end": 58, "slot": "date", "start": 41}], "state": {"active_intent": "GetWeather", "requested_slots": [], "slot_values": {"date": ["5th of this month"]}}}], "speaker": "USER", "utterance": "Could you check the weather forecast for 5th of this month?"}, {"frames": [{"actions": [{"act": "REQUEST", "canonical_values": [], "slot": "city", "values": []}], "service": "Weather_1", "slots": []}], "speaker": "SYSTEM", "utterance": "Which city's weather forecast would you like?"}, {"frames": [{"actions": [{"act": "INFORM", "canonical_values": ["2019-03-13"], "slot": "date", "values": ["13th of March"]}, {"act": "INFORM", "canonical_values": ["Santa Clara"], "slot": "city", "values": ["Santa Clara"]}], "service": "Weather_1", "slots": [{"exclusive_end": 29, "slot": "date", "start": 16}, {"exclusive_end": 11, "slot": "city", "start": 0}], "state": {"active_intent": "GetWeather", "requested_slots": [], "slot_values": {"city": ["Santa Clara"], "date": ["13th of March"]}}}], "speaker": "USER", "utterance": "Santa Clara, on 13th of March."}, {"frames": [{"actions": [{"act": "OFFER", "canonical_values": ["78"], "slot": "temperature", "values": ["78"]}, {"act": "OFFER", "canonical_values": ["3"], "slot": "precipitation", "values": ["3"]}], "service": "Weather_1", "service_call": {"method": "GetWeather", "parameters": {"city": "Santa Clara", "date": "2019-03-13"}}, "service_results": [{"city": "Santa Clara", "date": "2019-03-13", "humidity": "17", "precipitation": "3", "temperature": "78", "wind": "6"}], "slots": [{"exclusive_end": 38, "slot": "temperature", "start": 36}, {"exclusive_end": 67, "slot": "precipitation", "start": 66}]}], "speaker": "SYSTEM", "utterance": "The expected average temperature is 78 degrees Fahrenheit, with a 3 percent chance of rain."}, {"frames": [{"actions": [{"act": "INFORM", "canonical_values": ["Chicago"], "slot": "city", "values": ["Chicago"]}, {"act": "REQUEST_ALTS", "canonical_values": [], "slot": "", "values": []}], "service": "Weather_1", "slots": [{"exclusive_end": 40, "slot": "city", "start": 33}], "state": {"active_intent": "GetWeather", "requested_slots": [], "slot_values": {"city": ["Chicago"], "date": ["13th of March"]}}}], "speaker": "USER", "utterance": "All right, thanks. What about in Chicago?"}, {"frames": [{"actions": [{"act": "OFFER", "canonical_values": ["65"], "slot": "temperature", "values": ["65"]}, {"act": "OFFER", "canonical_values": ["37"], "slot": "precipitation", "values": ["37"]}], "service": "Weather_1", "service_call": {"method": "GetWeather", "parameters": {"city": "Chicago", "date": "2019-03-13"}}, "service_results": [{"city": "Chicago", "date": "2019-03-13", "humidity": "47", "precipitation": "37", "temperature": "65", "wind": "5"}], "slots": [{"exclusive_end": 38, "slot": "temperature", "start": 36}, {"exclusive_end": 68, "slot": "precipitation", "start": 66}]}], "speaker": "SYSTEM", "utterance": "The expected average temperature is 65 degrees Fahrenheit, with a 37 percent chance of rain."}, {"frames": [{"actions": [{"act": "REQUEST", "canonical_values": [], "slot": "wind", "values": []}], "service": "Weather_1", "slots": [], "state": {"active_intent": "GetWeather", "requested_slots": ["wind"], "slot_values": {"city": ["Chicago"], "date": ["13th of March"]}}}], "speaker": "USER", "utterance": "How about the wind speed?"}, {"frames": [{"actions": [{"act": "INFORM", "canonical_values": ["5"], "slot": "wind", "values": ["5"]}], "service": "Weather_1", "slots": [{"exclusive_end": 36, "slot": "wind", "start": 35}]}], "speaker": "SYSTEM", "utterance": "The expected average wind speed is 5 miles per hour."}, {"frames": [{"actions": [{"act": "INFORM", "canonical_values": ["True"], "slot": "has_laundry_service", "values": ["True"]}, {"act": "INFORM", "canonical_values": ["4.50"], "slot": "rating", "values": ["4.5"]}, {"act": "INFORM_INTENT", "canonical_values": ["SearchHouse"], "slot": "intent", "values": ["SearchHouse"]}], "service": "Hotels_2", "slots": [{"exclusive_end": 78, "slot": "rating", "start": 75}], "state": {"active_intent": "SearchHouse", "requested_slots": [], "slot_values": {"has_laundry_service": ["True"], "rating": ["4.5"], "where_to": ["Chicago"]}}}, {"actions": [{"act": "SELECT", "canonical_values": [], "slot": "", "values": []}], "service": "Weather_1", "slots": [], "state": {"active_intent": "GetWeather", "requested_slots": [], "slot_values": {"city": ["Chicago"], "date": ["13th of March"]}}}], "speaker": "USER", "utterance": "Cool, okay. Please find me a house to stay in over there. It should have a 4.5 or higher rating, and offer laundry service."}, {"frames": [{"actions": [{"act": "OFFER", "canonical_values": ["1 West Wacker Drive"], "slot": "address", "values": ["1 West Wacker Drive"]}, {"act": "OFFER", "canonical_values": ["4.50"], "slot": "rating", "values": ["4.5"]}], "service": "Hotels_2", "service_call": {"method": "SearchHouse", "parameters": {"has_laundry_service": "True", "rating": "4.50", "where_to": "Chicago"}}, "service_results": [{"address": "1 West Wacker Drive", "has_laundry_service": "True", "number_of_adults": "1", "phone_number": "+1 800-468-3571", "rating": "4.50", "total_price": "580", "where_to": "Chicago"}, {"address": "1118 North State Street", "has_laundry_service": "True", "number_of_adults": "4", "phone_number": "+1 888-712-2712", "rating": "4.50", "total_price": "920", "where_to": "Chicago"}, {"address": "113-125 North Green Street", "has_laundry_service": "True", "number_of_adults": "4", "phone_number": "+1 312-521-8000", "rating": "4.50", "total_price": "532", "where_to": "Chicago"}, {"address": "116 North Jefferson Street", "has_laundry_service": "True", "number_of_adults": "3", "phone_number": "+1 312-648-0000", "rating": "4.50", "total_price": "930", "where_to": "Chicago"}, {"address": "12 South Michigan Avenue", "has_laundry_service": "True", "number_of_adults": "4", "phone_number": "+1 312-940-3552", "rating": "4.50", "total_price": "1008", "where_to": "Chicago"}, {"address": "1209 West Albion Avenue", "has_laundry_service": "True", "number_of_adults": "5", "phone_number": "+1 312-265-5800", "rating": "4.50", "total_price": "1260", "where_to": "Chicago"}, {"address": "122 West Monroe Street", "has_laundry_service": "True", "number_of_adults": "2", "phone_number": "+1 312-750-9012", "rating": "4.50", "total_price": "192", "where_to": "Chicago"}, {"address": "123 East Cermak Road Suite 300 Suite 300", "has_laundry_service": "True", "number_of_adults": "4", "phone_number": "+1 312-791-1121", "rating": "4.50", "total_price": "1260", "where_to": "Chicago"}, {"address": "15 East Ohio Street", "has_laundry_service": "True", "number_of_adults": "2", "phone_number": "+1 312-894-0800", "rating": "4.50", "total_price": "798", "where_to": "Chicago"}, {"address": "151 West Adams Street", "has_laundry_service": "True", "number_of_adults": "3", "phone_number": "+1 800-228-9290", "rating": "4.50", "total_price": "1728", "where_to": "Chicago"}], "slots": [{"exclusive_end": 70, "slot": "address", "start": 51}, {"exclusive_end": 31, "slot": "rating", "start": 28}]}], "speaker": "SYSTEM", "utterance": "I found one nice house with 4.5 rating, located at 1 West Wacker Drive."}, {"frames": [{"actions": [{"act": "INFORM", "canonical_values": ["1"], "slot": "number_of_adults", "values": ["1"]}, {"act": "INFORM", "canonical_values": ["2019-03-12"], "slot": "check_in_date", "values": ["March 12th"]}, {"act": "INFORM_INTENT", "canonical_values": ["BookHouse"], "slot": "intent", "values": ["BookHouse"]}, {"act": "SELECT", "canonical_values": [], "slot": "", "values": []}], "service": "Hotels_2", "slots": [{"exclusive_end": 85, "slot": "check_in_date", "start": 75}], "state": {"active_intent": "BookHouse", "requested_slots": [], "slot_values": {"check_in_date": ["March 12th"], "has_laundry_service": ["True"], "number_of_adults": ["1"], "rating": ["4.5"], "where_to": ["Chicago"]}}}], "speaker": "USER", "utterance": "I love the house and would like to reserve it for 1 person, checking in on March 12th."}, {"frames": [{"actions": [{"act": "REQUEST", "canonical_values": [], "slot": "check_out_date", "values": []}], "service": "Hotels_2", "slots": []}], "speaker": "SYSTEM", "utterance": "When would you like to check out?"}, {"frames": [{"actions": [{"act": "INFORM", "canonical_values": ["2019-03-14"], "slot": "check_out_date", "values": ["14th of this month"]}], "service": "Hotels_2", "slots": [{"exclusive_end": 43, "slot": "check_out_date", "start": 25}], "state": {"active_intent": "BookHouse", "requested_slots": [], "slot_values": {"check_in_date": ["March 12th"], "check_out_date": ["14th of this month"], "has_laundry_service": ["True"], "number_of_adults": ["1"], "rating": ["4.5"], "where_to": ["Chicago"]}}}], "speaker": "USER", "utterance": "I'd like to check out on 14th of this month."}, {"frames": [{"actions": [{"act": "CONFIRM", "canonical_values": ["Chicago"], "slot": "where_to", "values": ["Chicago"]}, {"act": "CONFIRM", "canonical_values": ["1"], "slot": "number_of_adults", "values": ["1"]}, {"act": "CONFIRM", "canonical_values": ["2019-03-12"], "slot": "check_in_date", "values": ["March 12th"]}, {"act": "CONFIRM", "canonical_values": ["2019-03-14"], "slot": "check_out_date", "values": ["March 14th"]}], "service": "Hotels_2", "slots": [{"exclusive_end": 99, "slot": "where_to", "start": 92}, {"exclusive_end": 113, "slot": "check_in_date", "start": 103}, {"exclusive_end": 142, "slot": "check_out_date", "start": 132}]}], "speaker": "SYSTEM", "utterance": "Let me see if I got everything correctly: 1 person would like to check into the location in Chicago on March 12th, and check out on March 14th."}, {"frames": [{"actions": [{"act": "INFORM", "canonical_values": ["2019-03-10"], "slot": "check_in_date", "values": ["March 10th"]}, {"act": "INFORM", "canonical_values": ["2019-03-13"], "slot": "check_out_date", "values": ["13th of March 2019"]}, {"act": "NEGATE", "canonical_values": [], "slot": "", "values": []}], "service": "Hotels_2", "slots": [{"exclusive_end": 70, "slot": "check_in_date", "start": 60}, {"exclusive_end": 108, "slot": "check_out_date", "start": 90}], "state": {"active_intent": "BookHouse", "requested_slots": [], "slot_values": {"check_in_date": ["March 10th"], "check_out_date": ["13th of March", "13th of March 2019"], "has_laundry_service": ["True"], "number_of_adults": ["1"], "rating": ["4.5"], "where_to": ["Chicago"]}}}], "speaker": "USER", "utterance": "No, there's been a change of plans. I'd like to check in on March 10th, then check out on 13th of March 2019."}, {"frames": [{"actions": [{"act": "CONFIRM", "canonical_values": ["2019-03-10"], "slot": "check_in_date", "values": ["March 10th"]}, {"act": "CONFIRM", "canonical_values": ["2019-03-13"], "slot": "check_out_date", "values": ["March 13th"]}], "service": "Hotels_2", "slots": [{"exclusive_end": 74, "slot": "check_in_date", "start": 64}, {"exclusive_end": 105, "slot": "check_out_date", "start": 95}]}], "speaker": "SYSTEM", "utterance": "Let me see if I got everything correctly: You'll be checking on March 10th and checking out on March 13th."}, {"frames": [{"actions": [{"act": "REQUEST", "canonical_values": [], "slot": "phone_number", "values": []}, {"act": "AFFIRM", "canonical_values": [], "slot": "", "values": []}], "service": "Hotels_2", "slots": [], "state": {"active_intent": "BookHouse", "requested_slots": ["phone_number"], "slot_values": {"check_in_date": ["March 10th"], "check_out_date": ["13th of March", "13th of March 2019", "March 13th"], "has_laundry_service": ["True"], "number_of_adults": ["1"], "rating": ["4.5"], "where_to": ["Chicago"]}}}], "speaker": "USER", "utterance": "That's correct. May I have this place's phone number?"}, {"frames": [{"actions": [{"act": "INFORM", "canonical_values": ["+1 800-468-3571"], "slot": "phone_number", "values": ["+1 800-468-3571"]}, {"act": "NOTIFY_SUCCESS", "canonical_values": [], "slot": "", "values": []}], "service": "Hotels_2", "service_call": {"method": "BookHouse", "parameters": {"check_in_date": "2019-03-10", "check_out_date": "2019-03-13", "number_of_adults": "1", "where_to": "Chicago"}}, "service_results": [{"address": "1 West Wacker Drive", "check_in_date": "2019-03-10", "check_out_date": "2019-03-13", "has_laundry_service": "True", "number_of_adults": "1", "phone_number": "+1 800-468-3571", "rating": "4.50", "total_price": "1140", "where_to": "Chicago"}], "slots": [{"exclusive_end": 82, "slot": "phone_number", "start": 67}]}], "speaker": "SYSTEM", "utterance": "I have successfully made your reservation. Their contact number is +1 800-468-3571."}, {"frames": [{"actions": [{"act": "THANK_YOU", "canonical_values": [], "slot": "", "values": []}], "service": "Hotels_2", "slots": [], "state": {"active_intent": "BookHouse", "requested_slots": [], "slot_values": {"check_in_date": ["March 10th"], "check_out_date": ["13th of March", "13th of March 2019", "March 13th"], "has_laundry_service": ["True"], "number_of_adults": ["1"], "rating": ["4.5"], "where_to": ["Chicago"]}}}], "speaker": "USER", "utterance": "Thanks a lot for your help."}, {"frames": [{"actions": [{"act": "REQ_MORE", "canonical_values": [], "slot": "", "values": []}], "service": "Hotels_2", "slots": []}], "speaker": "SYSTEM", "utterance": "Would you like my help with anything else?"}, {"frames": [{"actions": [{"act": "NEGATE", "canonical_values": [], "slot": "", "values": []}, {"act": "THANK_YOU", "canonical_values": [], "slot": "", "values": []}], "service": "Hotels_2", "slots": [], "state": {"active_intent": "NONE", "requested_slots": [], "slot_values": {"check_in_date": ["March 10th"], "check_out_date": ["13th of March", "13th of March 2019", "March 13th"], "has_laundry_service": ["True"], "number_of_adults": ["1"], "rating": ["4.5"], "where_to": ["Chicago"]}}}], "speaker": "USER", "utterance": "No. Thank you very much. You've been very helpful."}, {"frames": [{"actions": [{"act": "GOODBYE", "canonical_values": [], "slot": "", "values": []}], "service": "Hotels_2", "slots": []}], "speaker": "SYSTEM", "utterance": "Glad I could be of help. Bye."}]}]