[{"dialogue_id": "60_00000", "services": ["Flights_1", "RentalCars_1"], "turns": [{"frames": [{"actions": [{"act": "INFORM", "canonical_values": ["2019-03-05"], "slot": "departure_date", "values": ["the 5th"]}, {"act": "INFORM", "canonical_values": ["2019-03-08"], "slot": "return_date", "values": ["next Friday"]}, {"act": "INFORM_INTENT", "canonical_values": ["SearchRoundtripFlights"], "slot": "intent", "values": ["SearchRoundtripFlights"]}], "service": "Flights_1", "slots": [{"exclusive_end": 88, "slot": "departure_date", "start": 81}, {"exclusive_end": 111, "slot": "return_date", "start": 100}], "state": {"active_intent": "SearchRoundtripFlights", "requested_slots": [], "slot_values": {"departure_date": ["the 5th"], "return_date": ["next Friday"]}}}], "speaker": "USER", "utterance": "Can you find me some round trip flights - bear in mind that I want to fly out on the 5th and return next Friday."}, {"frames": [{"actions": [{"act": "REQUEST", "canonical_values": [], "slot": "destination_city", "values": []}, {"act": "REQUEST", "canonical_values": [], "slot": "origin_city", "values": []}], "service": "Flights_1", "slots": []}], "speaker": "SYSTEM", "utterance": "Please tell me your departure location as well as your destination."}, {"frames": [{"actions": [{"act": "INFORM", "canonical_values": ["New York"], "slot": "origin_city", "values": ["NY"]}, {"act": "INFORM", "canonical_values": ["Vancouver"], "slot": "destination_city", "values": ["Vancouver, BC"]}], "service": "Flights_1", "slots": [{"exclusive_end": 26, "slot": "origin_city", "start": 24}, {"exclusive_end": 48, "slot": "destination_city", "start": 35}], "state": {"active_intent": "SearchRoundtripFlights", "requested_slots": [], "slot_values": {"departure_date": ["the 5th"], "destination_city": ["Vancouver, BC"], "origin_city": ["NY"], "return_date": ["next Friday"]}}}], "speaker": "USER", "utterance": "I will be flying out of NY towards Vancouver, BC."}, {"frames": [{"actions": [{"act": "OFFER", "canonical_values": ["Delta Airlines"], "slot": "airlines", "values": ["Delta Airlines"]}, {"act": "OFFER", "canonical_values": ["07:30"], "slot": "outbound_departure_time", "values": ["7:30 am"]}, {"act": "OFFER", "canonical_values": ["02:50"], "slot": "inbound_departure_time", "values": ["2:50 am"]}, {"act": "OFFER", "canonical_values": ["316"], "slot": "price", "values": ["$316"]}, {"act": "INFORM_COUNT", "canonical_values": ["2"], "slot": "count", "values": ["2"]}], "service": "Flights_1", "service_call": {"method": "SearchRoundtripFlights", "parameters": {"departure_date": "2019-03-05", "destination_city": "Vancouver", "origin_city": "New York", "return_date": "2019-03-08"}}, "service_results": [{"airlines": "Delta Airlines", "departure_date": "2019-03-05", "destination_airport": "YVR International Airport", "destination_city": "Vancouver", "inbound_arrival_time": "18:34", "inbound_departure_time": "02:50", "number_stops": "1", "origin_airport": "JFK International Airport", "origin_city": "New York", "outbound_arrival_time": "13:59", "outbound_departure_time": "07:30", "passengers": "1", "price": "316", "refundable": "False", "return_date": "2019-03-08", "seating_class": "Economy"}, {"airlines": "United Airlines", "departure_date": "2019-03-05", "destination_airport": "YVR International Airport", "destination_city": "Vancouver", "inbound_arrival_time": "18:02", "inbound_departure_time": "03:15", "number_stops": "1", "origin_airport": "JFK International Airport", "origin_city": "New York", "outbound_arrival_time": "18:01", "outbound_departure_time": "08:20", "passengers": "1", "price": "321", "refundable": "False", "return_date": "2019-03-08", "seating_class": "Economy"}], "slots": [{"exclusive_end": 114, "slot": "outbound_departure_time", "start": 107}, {"exclusive_end": 158, "slot": "inbound_departure_time", "start": 151}, {"exclusive_end": 186, "slot": "price", "start": 182}]}], "speaker": "SYSTEM", "utterance": "There are 2 flights meeting your criteria out of which I recommend the Delta Airlines one that takes of at 7:30 am with the return flight taking of at 2:50 am. Tickets are priced at $316."}, {"frames": [{"actions": [{"act": "REQUEST", "canonical_values": [], "slot": "destination_airport", "values": []}, {"act": "REQUEST", "canonical_values": [], "slot": "outbound_arrival_time", "values": []}], "service": "Flights_1", "slots": [], "state": {"active_intent": "SearchRoundtripFlights", "requested_slots": ["destination_airport", "outbound_arrival_time"], "slot_values": {"departure_date": ["the 5th"], "destination_city": ["Vancouver, BC"], "origin_city": ["NY"], "return_date": ["next Friday"]}}}], "speaker": "USER", "utterance": "Can you please tell me the destination airport as well as landing time?"}, {"frames": [{"actions": [{"act": "INFORM", "canonical_values": ["YVR International Airport"], "slot": "destination_airport", "values": ["YVR International Airport"]}, {"act": "INFORM", "canonical_values": ["13:59"], "slot": "outbound_arrival_time", "values": ["1:59 pm"]}], "service": "Flights_1", "slots": [{"exclusive_end": 56, "slot": "destination_airport", "start": 31}, {"exclusive_end": 27, "slot": "outbound_arrival_time", "start": 20}]}], "speaker": "SYSTEM", "utterance": "The flight lands at 1:59 pm at YVR International Airport."}, {"frames": [{"actions": [{"act": "REQUEST_ALTS", "canonical_values": [], "slot": "", "values": []}], "service": "Flights_1", "slots": [], "state": {"active_intent": "SearchRoundtripFlights", "requested_slots": [], "slot_values": {"departure_date": ["the 5th"], "destination_city": ["Vancouver, BC"], "origin_city": ["NY"], "return_date": ["next Friday"]}}}], "speaker": "USER", "utterance": "Anything else available?"}, {"frames": [{"actions": [{"act": "OFFER", "canonical_values": ["United Airlines"], "slot": "airlines", "values": ["United Airlines"]}, {"act": "OFFER", "canonical_values": ["08:20"], "slot": "outbound_departure_time", "values": ["8:20 am"]}, {"act": "OFFER", "canonical_values": ["03:15"], "slot": "inbound_departure_time", "values": ["3:15 am"]}, {"act": "OFFER", "canonical_values": ["321"], "slot": "price", "values": ["$321"]}], "service": "Flights_1", "slots": [{"exclusive_end": 65, "slot": "outbound_departure_time", "start": 58}, {"exclusive_end": 110, "slot": "inbound_departure_time", "start": 103}, {"exclusive_end": 138, "slot": "price", "start": 134}]}], "speaker": "SYSTEM", "utterance": "Sure, there's also an United Airlines flight taking of at 8:20 am with the return flight taking off at 3:15 am. Tickets are priced at $321."}, {"frames": [{"actions": [{"act": "SELECT", "canonical_values": [], "slot": "", "values": []}], "service": "Flights_1", "slots": [], "state": {"active_intent": "SearchRoundtripFlights", "requested_slots": [], "slot_values": {"airlines": ["United Airlines"], "departure_date": ["the 5th"], "destination_city": ["Vancouver, BC"], "inbound_departure_time": ["3:15 am"], "origin_city": ["NY"], "outbound_departure_time": ["8:20 am"], "return_date": ["next Friday"]}}}], "speaker": "USER", "utterance": "Sounds perfect for me."}, {"frames": [{"actions": [{"act": "OFFER_INTENT", "canonical_values": ["ReserveRoundtripFlights"], "slot": "intent", "values": ["ReserveRoundtripFlights"]}], "service": "Flights_1", "slots": []}], "speaker": "SYSTEM", "utterance": "Do you want me to get tickets for this flight for you?"}, {"frames": [{"actions": [{"act": "AFFIRM_INTENT", "canonical_values": [], "slot": "", "values": []}], "service": "Flights_1", "slots": [], "state": {"active_intent": "ReserveRoundtripFlights", "requested_slots": [], "slot_values": {"airlines": ["United Airlines"], "departure_date": ["the 5th"], "destination_city": ["Vancouver, BC"], "inbound_departure_time": ["3:15 am"], "origin_city": ["NY"], "outbound_departure_time": ["8:20 am"], "return_date": ["next Friday"]}}}], "speaker": "USER", "utterance": "Yes, please do."}, {"frames": [{"actions": [{"act": "CONFIRM", "canonical_values": ["New York"], "slot": "origin_city", "values": ["New York"]}, {"act": "CONFIRM", "canonical_values": ["Vancouver"], "slot": "destination_city", "values": ["Vancouver"]}, {"act": "CONFIRM", "canonical_values": ["United Airlines"], "slot": "airlines", "values": ["United Airlines"]}, {"act": "CONFIRM", "canonical_values": ["2019-03-05"], "slot": "departure_date", "values": ["march 5th"]}, {"act": "CONFIRM", "canonical_values": ["2019-03-08"], "slot": "return_date", "values": ["March 8th"]}, {"act": "CONFIRM", "canonical_values": ["08:20"], "slot": "outbound_departure_time", "values": ["8:20 am"]}, {"act": "CONFIRM", "canonical_values": ["03:15"], "slot": "inbound_departure_time", "values": ["3:15 am"]}, {"act": "CONFIRM", "canonical_values": ["1"], "slot": "passengers", "values": ["1"]}, {"act": "CONFIRM", "canonical_values": ["Economy"], "slot": "seating_class", "values": ["Economy"]}], "service": "Flights_1", "slots": [{"exclusive_end": 117, "slot": "origin_city", "start": 109}, {"exclusive_end": 130, "slot": "destination_city", "start": 121}, {"exclusive_end": 153, "slot": "departure_date", "start": 144}, {"exclusive_end": 212, "slot": "return_date", "start": 203}, {"exclusive_end": 164, "slot": "outbound_departure_time", "start": 157}, {"exclusive_end": 223, "slot": "inbound_departure_time", "start": 216}]}], "speaker": "SYSTEM", "utterance": "Can you please confirm that you want me to book 1 Economy ticket for you for the United Airlines flight from New York to Vancouver taking of on march 5th at 8:20 am, with the return flight taking off on March 8th at 3:15 am."}, {"frames": [{"actions": [{"act": "AFFIRM", "canonical_values": [], "slot": "", "values": []}], "service": "Flights_1", "slots": [], "state": {"active_intent": "ReserveRoundtripFlights", "requested_slots": [], "slot_values": {"airlines": ["United Airlines"], "departure_date": ["march 5th", "the 5th"], "destination_city": ["Vancouver", "Vancouver, BC"], "inbound_departure_time": ["3:15 am"], "origin_city": ["NY", "New York"], "outbound_departure_time": ["8:20 am"], "passengers": ["1"], "return_date": ["March 8th", "next Friday"], "seating_class": ["Economy"]}}}], "speaker": "USER", "utterance": "Yes, that's correct."}, {"frames": [{"actions": [{"act": "NOTIFY_SUCCESS", "canonical_values": [], "slot": "", "values": []}], "service": "Flights_1", "service_call": {"method": "ReserveRoundtripFlights", "parameters": {"airlines": "United Airlines", "departure_date": "2019-03-05", "destination_city": "Vancouver", "inbound_departure_time": "03:15", "origin_city": "New York", "outbound_departure_time": "08:20", "passengers": "1", "return_date": "2019-03-08", "seating_class": "Economy"}}, "service_results": [{"airlines": "United Airlines", "departure_date": "2019-03-05", "destination_airport": "YVR International Airport", "destination_city": "Vancouver", "inbound_arrival_time": "18:02", "inbound_departure_time": "03:15", "number_stops": "1", "origin_airport": "JFK International Airport", "origin_city": "New York", "outbound_arrival_time": "18:01", "outbound_departure_time": "08:20", "passengers": "1", "price": "321", "refundable": "False", "return_date": "2019-03-08", "seating_class": "Economy"}], "slots": []}], "speaker": "SYSTEM", "utterance": "I've successfully booked your ticket."}, {"frames": [{"actions": [{"act": "INFORM_INTENT", "canonical_values": ["ReserveCar"], "slot": "intent", "values": ["ReserveCar"]}], "service": "RentalCars_1", "slots": [], "state": {"active_intent": "ReserveCar", "requested_slots": [], "slot_values": {}}}, {"actions": [{"act": "THANK_YOU", "canonical_values": [], "slot": "", "values": []}], "service": "Flights_1", "slots": [], "state": {"active_intent": "ReserveRoundtripFlights", "requested_slots": [], "slot_values": {"airlines": ["United Airlines"], "departure_date": ["march 5th", "the 5th"], "destination_city": ["Vancouver", "Vancouver, BC"], "inbound_departure_time": ["3:15 am"], "origin_city": ["NY", "New York"], "outbound_departure_time": ["8:20 am"], "passengers": ["1"], "return_date": ["March 8th", "next Friday"], "seating_class": ["Economy"]}}}], "speaker": "USER", "utterance": "Thanks. Can you help with a car rental at destination?"}, {"frames": [{"actions": [{"act": "REQUEST", "canonical_values": ["Standard", "Full-size"], "slot": "type", "values": ["Standard", "Full-size"]}, {"act": "REQUEST", "canonical_values": [], "slot": "pickup_time", "values": []}], "service": "RentalCars_1", "slots": []}], "speaker": "SYSTEM", "utterance": "Please tell me at what time do you need it as well as if you prefer Standard or Full-size."}, {"frames": [{"actions": [{"act": "INFORM", "canonical_values": ["19:15"], "slot": "pickup_time", "values": ["quarter past 7 in the evening"]}, {"act": "INFORM", "canonical_values": ["Standard"], "slot": "type", "values": ["Standard"]}], "service": "RentalCars_1", "slots": [{"exclusive_end": 73, "slot": "pickup_time", "start": 44}], "state": {"active_intent": "ReserveCar", "requested_slots": [], "slot_values": {"pickup_time": ["quarter past 7 in the evening"], "type": ["Standard"]}}}], "speaker": "USER", "utterance": "I need an intermediate car I can pick up at quarter past 7 in the evening."}, {"frames": [{"actions": [{"act": "REQUEST", "canonical_values": ["2019-03-05"], "slot": "pickup_date", "values": ["March 5th"]}, {"act": "REQUEST", "canonical_values": ["YVR International Airport"], "slot": "pickup_location", "values": ["YVR International Airport"]}], "service": "RentalCars_1", "slots": [{"exclusive_end": 38, "slot": "pickup_date", "start": 29}, {"exclusive_end": 67, "slot": "pickup_location", "start": 42}]}], "speaker": "SYSTEM", "utterance": "You plan on picking it up on March 5th at YVR International Airport?"}, {"frames": [{"actions": [{"act": "INFORM", "canonical_values": ["2019-03-06"], "slot": "pickup_date", "values": ["6th of this month"]}, {"act": "AFFIRM", "canonical_values": [], "slot": "", "values": []}], "service": "RentalCars_1", "slots": [{"exclusive_end": 78, "slot": "pickup_date", "start": 61}], "state": {"active_intent": "ReserveCar", "requested_slots": [], "slot_values": {"pickup_date": ["6th of this month"], "pickup_location": ["YVR International Airport"], "pickup_time": ["quarter past 7 in the evening"], "type": ["Standard"]}}}], "speaker": "USER", "utterance": "Yes, that's correct except that I'll be picking it up on the 6th of this month."}, {"frames": [{"actions": [{"act": "REQUEST", "canonical_values": ["2019-03-08"], "slot": "dropoff_date", "values": ["March 8th"]}], "service": "RentalCars_1", "slots": [{"exclusive_end": 34, "slot": "dropoff_date", "start": 25}]}], "speaker": "SYSTEM", "utterance": "Are you keeping in until March 8th."}, {"frames": [{"actions": [{"act": "INFORM", "canonical_values": ["2019-03-07"], "slot": "dropoff_date", "values": ["7th of this month"]}], "service": "RentalCars_1", "slots": [{"exclusive_end": 35, "slot": "dropoff_date", "start": 18}], "state": {"active_intent": "ReserveCar", "requested_slots": [], "slot_values": {"dropoff_date": ["7th of this month"], "pickup_date": ["6th of this month"], "pickup_location": ["YVR International Airport"], "pickup_time": ["quarter past 7 in the evening"], "type": ["Standard"]}}}], "speaker": "USER", "utterance": "No, only till the 7th of this month."}, {"frames": [{"actions": [{"act": "CONFIRM", "canonical_values": ["YVR International Airport"], "slot": "pickup_location", "values": ["YVR International Airport"]}, {"act": "CONFIRM", "canonical_values": ["2019-03-06"], "slot": "pickup_date", "values": ["March 6th"]}, {"act": "CONFIRM", "canonical_values": ["19:15"], "slot": "pickup_time", "values": ["7:15 pm"]}, {"act": "CONFIRM", "canonical_values": ["2019-03-07"], "slot": "dropoff_date", "values": ["March 7th"]}, {"act": "CONFIRM", "canonical_values": ["Standard"], "slot": "type", "values": ["Standard"]}], "service": "RentalCars_1", "slots": [{"exclusive_end": 136, "slot": "pickup_location", "start": 111}, {"exclusive_end": 94, "slot": "pickup_date", "start": 85}, {"exclusive_end": 105, "slot": "pickup_time", "start": 98}, {"exclusive_end": 173, "slot": "dropoff_date", "start": 164}]}], "speaker": "SYSTEM", "utterance": "Can you please confirm that you want me to book a Standard car for you to pick up on March 6th at 7:15 pm from YVR International Airport which you will drop off on March 7th."}, {"frames": [{"actions": [{"act": "INFORM", "canonical_values": ["19:00"], "slot": "pickup_time", "values": ["seven in the evening"]}, {"act": "INFORM", "canonical_values": ["Compact"], "slot": "type", "values": ["Compact"]}, {"act": "NEGATE", "canonical_values": [], "slot": "", "values": []}], "service": "RentalCars_1", "slots": [{"exclusive_end": 79, "slot": "pickup_time", "start": 59}], "state": {"active_intent": "ReserveCar", "requested_slots": [], "slot_values": {"dropoff_date": ["7th of this month", "March 7th"], "pickup_date": ["6th of this month", "March 6th"], "pickup_location": ["YVR International Airport"], "pickup_time": ["seven in the evening"], "type": ["Compact"]}}}], "speaker": "USER", "utterance": "Please make it a Compact car and I prefer to pick it up at seven in the evening."}, {"frames": [{"actions": [{"act": "CONFIRM", "canonical_values": ["19:00"], "slot": "pickup_time", "values": ["7 pm"]}, {"act": "CONFIRM", "canonical_values": ["Compact"], "slot": "type", "values": ["Compact"]}], "service": "RentalCars_1", "slots": [{"exclusive_end": 85, "slot": "pickup_time", "start": 81}]}], "speaker": "SYSTEM", "utterance": "Can you please confirm that you want a Compact car and you want to pick it up at 7 pm?"}, {"frames": [{"actions": [{"act": "AFFIRM", "canonical_values": [], "slot": "", "values": []}], "service": "RentalCars_1", "slots": [], "state": {"active_intent": "ReserveCar", "requested_slots": [], "slot_values": {"dropoff_date": ["7th of this month", "March 7th"], "pickup_date": ["6th of this month", "March 6th"], "pickup_location": ["YVR International Airport"], "pickup_time": ["7 pm", "seven in the evening"], "type": ["Compact"]}}}], "speaker": "USER", "utterance": "Yes, that's correct."}, {"frames": [{"actions": [{"act": "NOTIFY_SUCCESS", "canonical_values": [], "slot": "", "values": []}], "service": "RentalCars_1", "service_call": {"method": "ReserveCar", "parameters": {"dropoff_date": "2019-03-07", "pickup_date": "2019-03-06", "pickup_location": "YVR International Airport", "pickup_time": "19:00", "type": "Compact"}}, "service_results": [{"car_name": "Bolt", "dropoff_date": "2019-03-07", "pickup_date": "2019-03-06", "pickup_location": "YVR International Airport", "pickup_time": "19:00", "total_price": "26", "type": "Compact"}], "slots": []}], "speaker": "SYSTEM", "utterance": "I've successfully booked your rental car."}, {"frames": [{"actions": [{"act": "THANK_YOU", "canonical_values": [], "slot": "", "values": []}], "service": "RentalCars_1", "slots": [], "state": {"active_intent": "ReserveCar", "requested_slots": [], "slot_values": {"dropoff_date": ["7th of this month", "March 7th"], "pickup_date": ["6th of this month", "March 6th"], "pickup_location": ["YVR International Airport"], "pickup_time": ["7 pm", "seven in the evening"], "type": ["Compact"]}}}], "speaker": "USER", "utterance": "Thanks for everythinng."}, {"frames": [{"actions": [{"act": "REQ_MORE", "canonical_values": [], "slot": "", "values": []}], "service": "RentalCars_1", "slots": []}], "speaker": "SYSTEM", "utterance": "Is there anything else I could do for you?"}, {"frames": [{"actions": [{"act": "NEGATE", "canonical_values": [], "slot": "", "values": []}, {"act": "THANK_YOU", "canonical_values": [], "slot": "", "values": []}], "service": "RentalCars_1", "slots": [], "state": {"active_intent": "NONE", "requested_slots": [], "slot_values": {"dropoff_date": ["7th of this month", "March 7th"], "pickup_date": ["6th of this month", "March 6th"], "pickup_location": ["YVR International Airport"], "pickup_time": ["7 pm", "seven in the evening"], "type": ["Compact"]}}}], "speaker": "USER", "utterance": "No, not at the moment. Thanks again."}, {"frames": [{"actions": [{"act": "GOODBYE", "canonical_values": [], "slot": "", "values": []}], "service": "RentalCars_1", "slots": []}], "speaker": "SYSTEM", "utterance": "Have a nice day!"}]}, {"dialogue_id": "60_00001", "services": ["Flights_1", "RentalCars_1"], "turns": [{"frames": [{"actions": [{"act": "INFORM_INTENT", "canonical_values": ["SearchRoundtripFlights"], "slot": "intent", "values": ["SearchRoundtripFlights"]}], "service": "Flights_1", "slots": [], "state": {"active_intent": "SearchRoundtripFlights", "requested_slots": [], "slot_values": {}}}], "speaker": "USER", "utterance": "I want to go for a trip and for which I need to search for round trip flights. Can you search for the one which is suitable to me?"}, {"frames": [{"actions": [{"act": "REQUEST", "canonical_values": [], "slot": "origin_city", "values": []}, {"act": "REQUEST", "canonical_values": [], "slot": "departure_date", "values": []}, {"act": "REQUEST", "canonical_values": [], "slot": "destination_city", "values": []}], "service": "Flights_1", "slots": []}], "speaker": "SYSTEM", "utterance": "Yes, what is your present location to search for the flight and let me know about the starting date of your travel plan and also let me know to which place you are planning to visit?"}, {"frames": [{"actions": [{"act": "INFORM", "canonical_values": ["New York"], "slot": "origin_city", "values": ["NY"]}, {"act": "INFORM", "canonical_values": ["2019-03-02"], "slot": "departure_date", "values": ["tomorrow"]}, {"act": "INFORM", "canonical_values": ["Mexico City"], "slot": "destination_city", "values": ["Mexico City"]}], "service": "Flights_1", "slots": [{"exclusive_end": 41, "slot": "origin_city", "start": 39}, {"exclusive_end": 35, "slot": "departure_date", "start": 27}, {"exclusive_end": 56, "slot": "destination_city", "start": 45}], "state": {"active_intent": "SearchRoundtripFlights", "requested_slots": [], "slot_values": {"departure_date": ["tomorrow"], "destination_city": ["Mexico City"], "origin_city": ["NY"]}}}], "speaker": "USER", "utterance": "My travel plan starts from tomorrow in NY to Mexico City."}, {"frames": [{"actions": [{"act": "REQUEST", "canonical_values": [], "slot": "return_date", "values": []}], "service": "Flights_1", "slots": []}], "speaker": "SYSTEM", "utterance": "What is your return date?"}, {"frames": [{"actions": [{"act": "INFORM", "canonical_values": ["2019-03-06"], "slot": "return_date", "values": ["March 6th"]}], "service": "Flights_1", "slots": [{"exclusive_end": 25, "slot": "return_date", "start": 16}], "state": {"active_intent": "SearchRoundtripFlights", "requested_slots": [], "slot_values": {"departure_date": ["tomorrow"], "destination_city": ["Mexico City"], "origin_city": ["NY"], "return_date": ["March 6th"]}}}], "speaker": "USER", "utterance": "will be back no March 6th. Any more details you need to search?"}, {"frames": [{"actions": [{"act": "OFFER", "canonical_values": ["American Airlines"], "slot": "airlines", "values": ["American Airlines"]}, {"act": "OFFER", "canonical_values": ["11:20"], "slot": "outbound_departure_time", "values": ["11:20 am"]}, {"act": "OFFER", "canonical_values": ["12:05"], "slot": "inbound_departure_time", "values": ["12:05 pm"]}, {"act": "OFFER", "canonical_values": ["222"], "slot": "price", "values": ["$222"]}, {"act": "INFORM_COUNT", "canonical_values": ["3"], "slot": "count", "values": ["3"]}], "service": "Flights_1", "service_call": {"method": "SearchRoundtripFlights", "parameters": {"departure_date": "2019-03-02", "destination_city": "Mexico City", "origin_city": "New York", "return_date": "2019-03-06"}}, "service_results": [{"airlines": "American Airlines", "departure_date": "2019-03-02", "destination_airport": "Benito Juarez International Airport", "destination_city": "Mexico City", "inbound_arrival_time": "16:36", "inbound_departure_time": "12:05", "number_stops": "1", "origin_airport": "JFK International Airport", "origin_city": "New York", "outbound_arrival_time": "16:14", "outbound_departure_time": "11:20", "passengers": "1", "price": "222", "refundable": "True", "return_date": "2019-03-06", "seating_class": "Economy"}, {"airlines": "Delta Airlines", "departure_date": "2019-03-02", "destination_airport": "Benito Juarez International Airport", "destination_city": "Mexico City", "inbound_arrival_time": "19:31", "inbound_departure_time": "15:00", "number_stops": "0", "origin_airport": "JFK International Airport", "origin_city": "New York", "outbound_arrival_time": "23:16", "outbound_departure_time": "20:45", "passengers": "1", "price": "163", "refundable": "False", "return_date": "2019-03-06", "seating_class": "Economy"}, {"airlines": "United Airlines", "departure_date": "2019-03-02", "destination_airport": "Benito Juarez International Airport", "destination_city": "Mexico City", "inbound_arrival_time": "12:56", "inbound_departure_time": "08:25", "number_stops": "0", "origin_airport": "JFK International Airport", "origin_city": "New York", "outbound_arrival_time": "19:31", "outbound_departure_time": "17:00", "passengers": "1", "price": "160", "refundable": "False", "return_date": "2019-03-06", "seating_class": "Economy"}], "slots": [{"exclusive_end": 125, "slot": "outbound_departure_time", "start": 117}, {"exclusive_end": 166, "slot": "inbound_departure_time", "start": 158}, {"exclusive_end": 190, "slot": "price", "start": 186}]}], "speaker": "SYSTEM", "utterance": "No, thanks. I got 3 flights that will suit you. What about an outbound flight with American Airlines which leaves at 11:20 am and the return flight leaves at 12:05 pm under ticket price $222? Is that okay to you. How about your opinion?"}, {"frames": [{"actions": [{"act": "SELECT", "canonical_values": [], "slot": "", "values": []}], "service": "Flights_1", "slots": [], "state": {"active_intent": "SearchRoundtripFlights", "requested_slots": [], "slot_values": {"airlines": ["American Airlines"], "departure_date": ["tomorrow"], "destination_city": ["Mexico City"], "inbound_departure_time": ["12:05 pm"], "origin_city": ["NY"], "outbound_departure_time": ["11:20 am"], "return_date": ["March 6th"]}}}], "speaker": "USER", "utterance": "Yes, I will choose this. Thanks."}, {"frames": [{"actions": [{"act": "OFFER_INTENT", "canonical_values": ["ReserveRoundtripFlights"], "slot": "intent", "values": ["ReserveRoundtripFlights"]}], "service": "Flights_1", "slots": []}], "speaker": "SYSTEM", "utterance": "Do you want to purchase tickets to this flight now?"}, {"frames": [{"actions": [{"act": "AFFIRM_INTENT", "canonical_values": [], "slot": "", "values": []}], "service": "Flights_1", "slots": [], "state": {"active_intent": "ReserveRoundtripFlights", "requested_slots": [], "slot_values": {"airlines": ["American Airlines"], "departure_date": ["tomorrow"], "destination_city": ["Mexico City"], "inbound_departure_time": ["12:05 pm"], "origin_city": ["NY"], "outbound_departure_time": ["11:20 am"], "return_date": ["March 6th"]}}}], "speaker": "USER", "utterance": "Yes, I want the same now."}, {"frames": [{"actions": [{"act": "CONFIRM", "canonical_values": ["New York"], "slot": "origin_city", "values": ["New York"]}, {"act": "CONFIRM", "canonical_values": ["Mexico City"], "slot": "destination_city", "values": ["Mexico City"]}, {"act": "CONFIRM", "canonical_values": ["American Airlines"], "slot": "airlines", "values": ["American Airlines"]}, {"act": "CONFIRM", "canonical_values": ["2019-03-02"], "slot": "departure_date", "values": ["March 2nd"]}, {"act": "CONFIRM", "canonical_values": ["2019-03-06"], "slot": "return_date", "values": ["March 6th"]}, {"act": "CONFIRM", "canonical_values": ["11:20"], "slot": "outbound_departure_time", "values": ["11:20 am"]}, {"act": "CONFIRM", "canonical_values": ["12:05"], "slot": "inbound_departure_time", "values": ["12:05 pm"]}, {"act": "CONFIRM", "canonical_values": ["1"], "slot": "passengers", "values": ["1"]}, {"act": "CONFIRM", "canonical_values": ["Economy"], "slot": "seating_class", "values": ["Economy"]}], "service": "Flights_1", "slots": [{"exclusive_end": 94, "slot": "origin_city", "start": 86}, {"exclusive_end": 134, "slot": "destination_city", "start": 123}, {"exclusive_end": 188, "slot": "departure_date", "start": 179}, {"exclusive_end": 107, "slot": "return_date", "start": 98}, {"exclusive_end": 119, "slot": "outbound_departure_time", "start": 111}, {"exclusive_end": 175, "slot": "inbound_departure_time", "start": 167}]}], "speaker": "SYSTEM", "utterance": "Please confirm to book 1 Economy class ticket in a Flight with American Airlines from New York on March 6th at 11:20 am to Mexico City and the return flight leaves at 12:05 pm on March 2nd."}, {"frames": [{"actions": [{"act": "AFFIRM", "canonical_values": [], "slot": "", "values": []}], "service": "Flights_1", "slots": [], "state": {"active_intent": "ReserveRoundtripFlights", "requested_slots": [], "slot_values": {"airlines": ["American Airlines"], "departure_date": ["March 2nd", "tomorrow"], "destination_city": ["Mexico City"], "inbound_departure_time": ["12:05 pm"], "origin_city": ["NY", "New York"], "outbound_departure_time": ["11:20 am"], "passengers": ["1"], "return_date": ["March 6th"], "seating_class": ["Economy"]}}}], "speaker": "USER", "utterance": "That is confirmed and you can proceed now."}, {"frames": [{"actions": [{"act": "NOTIFY_SUCCESS", "canonical_values": [], "slot": "", "values": []}], "service": "Flights_1", "service_call": {"method": "ReserveRoundtripFlights", "parameters": {"airlines": "American Airlines", "departure_date": "2019-03-02", "destination_city": "Mexico City", "inbound_departure_time": "12:05", "origin_city": "New York", "outbound_departure_time": "11:20", "passengers": "1", "return_date": "2019-03-06", "seating_class": "Economy"}}, "service_results": [{"airlines": "American Airlines", "departure_date": "2019-03-02", "destination_airport": "Benito Juarez International Airport", "destination_city": "Mexico City", "inbound_arrival_time": "16:36", "inbound_departure_time": "12:05", "number_stops": "1", "origin_airport": "JFK International Airport", "origin_city": "New York", "outbound_arrival_time": "16:14", "outbound_departure_time": "11:20", "passengers": "1", "price": "222", "refundable": "True", "return_date": "2019-03-06", "seating_class": "Economy"}], "slots": []}], "speaker": "SYSTEM", "utterance": "Ticket to this flight was booked successfully."}, {"frames": [{"actions": [{"act": "INFORM", "canonical_values": ["2019-03-03"], "slot": "pickup_date", "values": ["3rd of this month"]}, {"act": "INFORM_INTENT", "canonical_values": ["ReserveCar"], "slot": "intent", "values": ["ReserveCar"]}], "service": "RentalCars_1", "slots": [{"exclusive_end": 78, "slot": "pickup_date", "start": 61}], "state": {"active_intent": "ReserveCar", "requested_slots": [], "slot_values": {"pickup_date": ["3rd of this month"]}}}], "speaker": "USER", "utterance": "I want one more favor from you. Can you search for a car for 3rd of this month?"}, {"frames": [{"actions": [{"act": "REQUEST", "canonical_values": [], "slot": "type", "values": []}, {"act": "REQUEST", "canonical_values": ["2019-03-06"], "slot": "dropoff_date", "values": ["March 6th"]}, {"act": "REQUEST", "canonical_values": [], "slot": "pickup_time", "values": []}], "service": "RentalCars_1", "slots": [{"exclusive_end": 94, "slot": "dropoff_date", "start": 85}]}], "speaker": "SYSTEM", "utterance": "What type of Car you want to search for and please confirm whether you need it until March 6th?. Also let me know your expected pickup time?"}, {"frames": [{"actions": [{"act": "INFORM", "canonical_values": ["17:45"], "slot": "pickup_time", "values": ["evening 5:45"]}, {"act": "INFORM", "canonical_values": ["2019-03-05"], "slot": "dropoff_date", "values": ["March 5th"]}, {"act": "INFORM", "canonical_values": ["Compact"], "slot": "type", "values": ["Compact"]}], "service": "RentalCars_1", "slots": [{"exclusive_end": 85, "slot": "pickup_time", "start": 73}, {"exclusive_end": 105, "slot": "dropoff_date", "start": 96}], "state": {"active_intent": "ReserveCar", "requested_slots": [], "slot_values": {"dropoff_date": ["March 5th"], "pickup_date": ["3rd of this month"], "pickup_time": ["evening 5:45"], "type": ["Compact"]}}}], "speaker": "USER", "utterance": "Compact car is enough to me. Make the booking for the pickup time around evening 5:45 and up to March 5th."}, {"frames": [{"actions": [{"act": "REQUEST", "canonical_values": ["Benito Juarez International Airport"], "slot": "pickup_location", "values": ["Benito Juarez International Airport"]}], "service": "RentalCars_1", "slots": [{"exclusive_end": 93, "slot": "pickup_location", "start": 58}]}], "speaker": "SYSTEM", "utterance": "Where do you want to pick up the Car, shall I try it from Benito Juarez International Airport? is it convenient to you?"}, {"frames": [{"actions": [{"act": "AFFIRM", "canonical_values": [], "slot": "", "values": []}], "service": "RentalCars_1", "slots": [], "state": {"active_intent": "ReserveCar", "requested_slots": [], "slot_values": {"dropoff_date": ["March 5th"], "pickup_date": ["3rd of this month"], "pickup_location": ["Benito Juarez International Airport"], "pickup_time": ["evening 5:45"], "type": ["Compact"]}}}], "speaker": "USER", "utterance": "Yes, that is perfect."}, {"frames": [{"actions": [{"act": "CONFIRM", "canonical_values": ["Benito Juarez International Airport"], "slot": "pickup_location", "values": ["Benito Juarez International Airport"]}, {"act": "CONFIRM", "canonical_values": ["2019-03-03"], "slot": "pickup_date", "values": ["March 3rd"]}, {"act": "CONFIRM", "canonical_values": ["17:45"], "slot": "pickup_time", "values": ["5:45 pm"]}, {"act": "CONFIRM", "canonical_values": ["2019-03-05"], "slot": "dropoff_date", "values": ["March 5th"]}, {"act": "CONFIRM", "canonical_values": ["Compact"], "slot": "type", "values": ["Compact"]}], "service": "RentalCars_1", "slots": [{"exclusive_end": 117, "slot": "pickup_location", "start": 82}, {"exclusive_end": 132, "slot": "pickup_date", "start": 123}, {"exclusive_end": 143, "slot": "pickup_time", "start": 136}, {"exclusive_end": 156, "slot": "dropoff_date", "start": 147}]}], "speaker": "SYSTEM", "utterance": "Okay, I need you to confirm the following: You want a Compact Car for pickup from Benito Juarez International Airport from March 3rd at 5:45 pm to March 5th."}, {"frames": [{"actions": [{"act": "AFFIRM", "canonical_values": [], "slot": "", "values": []}], "service": "RentalCars_1", "slots": [], "state": {"active_intent": "ReserveCar", "requested_slots": [], "slot_values": {"dropoff_date": ["March 5th"], "pickup_date": ["3rd of this month", "March 3rd"], "pickup_location": ["Benito Juarez International Airport"], "pickup_time": ["5:45 pm", "evening 5:45"], "type": ["Compact"]}}}], "speaker": "USER", "utterance": "That is correct. Please book the car as you said."}, {"frames": [{"actions": [{"act": "NOTIFY_SUCCESS", "canonical_values": [], "slot": "", "values": []}], "service": "RentalCars_1", "service_call": {"method": "ReserveCar", "parameters": {"dropoff_date": "2019-03-05", "pickup_date": "2019-03-03", "pickup_location": "Benito Juarez International Airport", "pickup_time": "17:45", "type": "Compact"}}, "service_results": [{"car_name": "Fit", "dropoff_date": "2019-03-05", "pickup_date": "2019-03-03", "pickup_location": "Benito Juarez International Airport", "pickup_time": "18:00", "total_price": "34", "type": "Compact"}], "slots": []}], "speaker": "SYSTEM", "utterance": "Your car was booked successfully."}, {"frames": [{"actions": [{"act": "REQUEST", "canonical_values": [], "slot": "car_name", "values": []}], "service": "RentalCars_1", "slots": [], "state": {"active_intent": "ReserveCar", "requested_slots": ["car_name"], "slot_values": {"dropoff_date": ["March 5th"], "pickup_date": ["3rd of this month", "March 3rd"], "pickup_location": ["Benito Juarez International Airport"], "pickup_time": ["5:45 pm", "evening 5:45"], "type": ["Compact"]}}}], "speaker": "USER", "utterance": "Tell me which car you have booked for me? I am asking about the name."}, {"frames": [{"actions": [{"act": "INFORM", "canonical_values": ["Fit"], "slot": "car_name", "values": ["Fit"]}], "service": "RentalCars_1", "slots": [{"exclusive_end": 11, "slot": "car_name", "start": 8}]}], "speaker": "SYSTEM", "utterance": "It is a Fit car."}, {"frames": [{"actions": [{"act": "THANK_YOU", "canonical_values": [], "slot": "", "values": []}], "service": "RentalCars_1", "slots": [], "state": {"active_intent": "ReserveCar", "requested_slots": [], "slot_values": {"dropoff_date": ["March 5th"], "pickup_date": ["3rd of this month", "March 3rd"], "pickup_location": ["Benito Juarez International Airport"], "pickup_time": ["5:45 pm", "evening 5:45"], "type": ["Compact"]}}}], "speaker": "USER", "utterance": "That's nice. Thanks."}, {"frames": [{"actions": [{"act": "REQ_MORE", "canonical_values": [], "slot": "", "values": []}], "service": "RentalCars_1", "slots": []}], "speaker": "SYSTEM", "utterance": "Any more help you need?"}, {"frames": [{"actions": [{"act": "NEGATE", "canonical_values": [], "slot": "", "values": []}, {"act": "THANK_YOU", "canonical_values": [], "slot": "", "values": []}], "service": "RentalCars_1", "slots": [], "state": {"active_intent": "NONE", "requested_slots": [], "slot_values": {"dropoff_date": ["March 5th"], "pickup_date": ["3rd of this month", "March 3rd"], "pickup_location": ["Benito Juarez International Airport"], "pickup_time": ["5:45 pm", "evening 5:45"], "type": ["Compact"]}}}], "speaker": "USER", "utterance": "No, thanks for all."}, {"frames": [{"actions": [{"act": "GOODBYE", "canonical_values": [], "slot": "", "values": []}], "service": "RentalCars_1", "slots": []}], "speaker": "SYSTEM", "utterance": "Have a good day."}]}, {"dialogue_id": "60_00002", "services": ["Flights_1", "RentalCars_1"], "turns": [{"frames": [{"actions": [{"act": "INFORM_INTENT", "canonical_values": ["SearchRoundtripFlights"], "slot": "intent", "values": ["SearchRoundtripFlights"]}], "service": "Flights_1", "slots": [], "state": {"active_intent": "SearchRoundtripFlights", "requested_slots": [], "slot_values": {}}}], "speaker": "USER", "utterance": "With my vacation coming up, it's time to start planning for that and getting a round-trip flight booked. With your help, it will be a breeze and much appreciated."}, {"frames": [{"actions": [{"act": "REQUEST", "canonical_values": [], "slot": "origin_city", "values": []}, {"act": "REQUEST", "canonical_values": [], "slot": "return_date", "values": []}], "service": "Flights_1", "slots": []}], "speaker": "SYSTEM", "utterance": "I'm ready to help you set that up. What city do you want for your departure and when do you return?"}, {"frames": [{"actions": [{"act": "INFORM", "canonical_values": ["Las Vegas"], "slot": "origin_city", "values": ["Las Vegas"]}, {"act": "INFORM", "canonical_values": ["2019-03-12"], "slot": "return_date", "values": ["March 12th"]}], "service": "Flights_1", "slots": [{"exclusive_end": 33, "slot": "origin_city", "start": 24}, {"exclusive_end": 58, "slot": "return_date", "start": 48}], "state": {"active_intent": "SearchRoundtripFlights", "requested_slots": [], "slot_values": {"origin_city": ["Las Vegas"], "return_date": ["March 12th"]}}}], "speaker": "USER", "utterance": "I want to take off from Las Vegas and return on March 12th, please."}, {"frames": [{"actions": [{"act": "REQUEST", "canonical_values": [], "slot": "destination_city", "values": []}], "service": "Flights_1", "slots": []}], "speaker": "SYSTEM", "utterance": "Okay, and where are you going?"}, {"frames": [{"actions": [{"act": "INFORM", "canonical_values": ["Atlanta"], "slot": "destination_city", "values": ["Atlanta, GA"]}], "service": "Flights_1", "slots": [{"exclusive_end": 32, "slot": "destination_city", "start": 21}], "state": {"active_intent": "SearchRoundtripFlights", "requested_slots": [], "slot_values": {"destination_city": ["Atlanta, GA"], "origin_city": ["Las Vegas"], "return_date": ["March 12th"]}}}], "speaker": "USER", "utterance": "I'll be on my way to Atlanta, GA."}, {"frames": [{"actions": [{"act": "REQUEST", "canonical_values": [], "slot": "departure_date", "values": []}], "service": "Flights_1", "slots": []}], "speaker": "SYSTEM", "utterance": "When do you want your flight out?"}, {"frames": [{"actions": [{"act": "INFORM", "canonical_values": ["2019-03-09"], "slot": "departure_date", "values": ["March 9th"]}], "service": "Flights_1", "slots": [{"exclusive_end": 38, "slot": "departure_date", "start": 29}], "state": {"active_intent": "SearchRoundtripFlights", "requested_slots": [], "slot_values": {"departure_date": ["March 9th"], "destination_city": ["Atlanta, GA"], "origin_city": ["Las Vegas"], "return_date": ["March 12th"]}}}], "speaker": "USER", "utterance": "I want to board the plane on March 9th."}, {"frames": [{"actions": [{"act": "OFFER", "canonical_values": ["Southwest Airlines"], "slot": "airlines", "values": ["Southwest Airlines"]}, {"act": "OFFER", "canonical_values": ["14:35"], "slot": "outbound_departure_time", "values": ["2:35 pm"]}, {"act": "OFFER", "canonical_values": ["12:05"], "slot": "inbound_departure_time", "values": ["12:05 pm"]}, {"act": "OFFER", "canonical_values": ["251"], "slot": "price", "values": ["$251"]}, {"act": "INFORM_COUNT", "canonical_values": ["2"], "slot": "count", "values": ["2"]}], "service": "Flights_1", "service_call": {"method": "SearchRoundtripFlights", "parameters": {"departure_date": "2019-03-09", "destination_city": "Atlanta", "origin_city": "Las Vegas", "return_date": "2019-03-12"}}, "service_results": [{"airlines": "Southwest Airlines", "departure_date": "2019-03-09", "destination_airport": "Hartsfield-Jackson International Airport", "destination_city": "Atlanta", "inbound_arrival_time": "16:19", "inbound_departure_time": "12:05", "number_stops": "1", "origin_airport": "McCarran International Airport", "origin_city": "Las Vegas", "outbound_arrival_time": "01:24", "outbound_departure_time": "14:35", "passengers": "1", "price": "251", "refundable": "False", "return_date": "2019-03-12", "seating_class": "Economy"}, {"airlines": "United Airlines", "departure_date": "2019-03-09", "destination_airport": "Hartsfield-Jackson International Airport", "destination_city": "Atlanta", "inbound_arrival_time": "19:05", "inbound_departure_time": "15:00", "number_stops": "1", "origin_airport": "McCarran International Airport", "origin_city": "Las Vegas", "outbound_arrival_time": "01:51", "outbound_departure_time": "15:05", "passengers": "1", "price": "295", "refundable": "False", "return_date": "2019-03-12", "seating_class": "Economy"}], "slots": [{"exclusive_end": 120, "slot": "outbound_departure_time", "start": 113}, {"exclusive_end": 146, "slot": "inbound_departure_time", "start": 138}, {"exclusive_end": 155, "slot": "price", "start": 151}]}], "speaker": "SYSTEM", "utterance": "Got it. I'm showing 2 convenient options for you. Would you like to take a Southwest Airlines flight, leaving at 2:35 pm and returning at 12:05 pm for $251?"}, {"frames": [{"actions": [{"act": "REQUEST", "canonical_values": [], "slot": "number_stops", "values": []}, {"act": "REQUEST", "canonical_values": [], "slot": "outbound_arrival_time", "values": []}], "service": "Flights_1", "slots": [], "state": {"active_intent": "SearchRoundtripFlights", "requested_slots": ["number_stops", "outbound_arrival_time"], "slot_values": {"departure_date": ["March 9th"], "destination_city": ["Atlanta, GA"], "origin_city": ["Las Vegas"], "return_date": ["March 12th"]}}}], "speaker": "USER", "utterance": "That might work. Is this a straight flight, and when will it land?"}, {"frames": [{"actions": [{"act": "INFORM", "canonical_values": ["01:24"], "slot": "outbound_arrival_time", "values": ["1:24 am"]}, {"act": "INFORM", "canonical_values": ["1"], "slot": "number_stops", "values": ["1"]}], "service": "Flights_1", "slots": [{"exclusive_end": 72, "slot": "outbound_arrival_time", "start": 65}]}], "speaker": "SYSTEM", "utterance": "I'm showing 1 stop for this flight that's scheduled to arrive at 1:24 am."}, {"frames": [{"actions": [{"act": "INFORM_INTENT", "canonical_values": ["ReserveRoundtripFlights"], "slot": "intent", "values": ["ReserveRoundtripFlights"]}, {"act": "SELECT", "canonical_values": [], "slot": "", "values": []}], "service": "Flights_1", "slots": [], "state": {"active_intent": "ReserveRoundtripFlights", "requested_slots": [], "slot_values": {"airlines": ["Southwest Airlines"], "departure_date": ["March 9th"], "destination_city": ["Atlanta, GA"], "inbound_departure_time": ["12:05 pm"], "origin_city": ["Las Vegas"], "outbound_departure_time": ["2:35 pm"], "return_date": ["March 12th"]}}}], "speaker": "USER", "utterance": "Okay. I'll give that flight a go for purchasing a ticket now."}, {"frames": [{"actions": [{"act": "CONFIRM", "canonical_values": ["Las Vegas"], "slot": "origin_city", "values": ["Las Vegas"]}, {"act": "CONFIRM", "canonical_values": ["Atlanta"], "slot": "destination_city", "values": ["Atlanta"]}, {"act": "CONFIRM", "canonical_values": ["Southwest Airlines"], "slot": "airlines", "values": ["Southwest Airlines"]}, {"act": "CONFIRM", "canonical_values": ["2019-03-09"], "slot": "departure_date", "values": ["March 9th"]}, {"act": "CONFIRM", "canonical_values": ["2019-03-12"], "slot": "return_date", "values": ["March 12th"]}, {"act": "CONFIRM", "canonical_values": ["14:35"], "slot": "outbound_departure_time", "values": ["2:35 pm"]}, {"act": "CONFIRM", "canonical_values": ["12:05"], "slot": "inbound_departure_time", "values": ["12:05 pm"]}, {"act": "CONFIRM", "canonical_values": ["1"], "slot": "passengers", "values": ["1"]}, {"act": "CONFIRM", "canonical_values": ["Economy"], "slot": "seating_class", "values": ["Economy"]}], "service": "Flights_1", "slots": [{"exclusive_end": 119, "slot": "origin_city", "start": 110}, {"exclusive_end": 161, "slot": "destination_city", "start": 154}, {"exclusive_end": 132, "slot": "departure_date", "start": 123}, {"exclusive_end": 210, "slot": "return_date", "start": 200}, {"exclusive_end": 143, "slot": "outbound_departure_time", "start": 136}, {"exclusive_end": 222, "slot": "inbound_departure_time", "start": 214}]}], "speaker": "SYSTEM", "utterance": "All right. Do you want to confirm your trip for 1 passenger in Economy seating on Southwest Airlines, leaving Las Vegas on March 9th at 2:35 pm, going to Atlanta with your return flight scheduled for March 12th at 12:05 pm?"}, {"frames": [{"actions": [{"act": "AFFIRM", "canonical_values": [], "slot": "", "values": []}], "service": "Flights_1", "slots": [], "state": {"active_intent": "ReserveRoundtripFlights", "requested_slots": [], "slot_values": {"airlines": ["Southwest Airlines"], "departure_date": ["March 9th"], "destination_city": ["Atlanta", "Atlanta, GA"], "inbound_departure_time": ["12:05 pm"], "origin_city": ["Las Vegas"], "outbound_departure_time": ["2:35 pm"], "passengers": ["1"], "return_date": ["March 12th"], "seating_class": ["Economy"]}}}], "speaker": "USER", "utterance": "All well and good, my friend."}, {"frames": [{"actions": [{"act": "NOTIFY_SUCCESS", "canonical_values": [], "slot": "", "values": []}], "service": "Flights_1", "service_call": {"method": "ReserveRoundtripFlights", "parameters": {"airlines": "Southwest Airlines", "departure_date": "2019-03-09", "destination_city": "Atlanta", "inbound_departure_time": "12:05", "origin_city": "Las Vegas", "outbound_departure_time": "14:35", "passengers": "1", "return_date": "2019-03-12", "seating_class": "Economy"}}, "service_results": [{"airlines": "Southwest Airlines", "departure_date": "2019-03-09", "destination_airport": "Hartsfield-Jackson International Airport", "destination_city": "Atlanta", "inbound_arrival_time": "16:19", "inbound_departure_time": "12:05", "number_stops": "1", "origin_airport": "McCarran International Airport", "origin_city": "Las Vegas", "outbound_arrival_time": "01:24", "outbound_departure_time": "14:35", "passengers": "1", "price": "251", "refundable": "False", "return_date": "2019-03-12", "seating_class": "Economy"}], "slots": []}], "speaker": "SYSTEM", "utterance": "Your plane ticket is confirmed."}, {"frames": [{"actions": [{"act": "INFORM_INTENT", "canonical_values": ["ReserveCar"], "slot": "intent", "values": ["ReserveCar"]}], "service": "RentalCars_1", "slots": [], "state": {"active_intent": "ReserveCar", "requested_slots": [], "slot_values": {}}}, {"actions": [{"act": "THANK_YOU", "canonical_values": [], "slot": "", "values": []}], "service": "Flights_1", "slots": [], "state": {"active_intent": "ReserveRoundtripFlights", "requested_slots": [], "slot_values": {"airlines": ["Southwest Airlines"], "departure_date": ["March 9th"], "destination_city": ["Atlanta", "Atlanta, GA"], "inbound_departure_time": ["12:05 pm"], "origin_city": ["Las Vegas"], "outbound_departure_time": ["2:35 pm"], "passengers": ["1"], "return_date": ["March 12th"], "seating_class": ["Economy"]}}}], "speaker": "USER", "utterance": "Fantastic. Now, set up a car rental for me, please."}, {"frames": [{"actions": [{"act": "REQUEST", "canonical_values": ["Hartsfield-Jackson International Airport"], "slot": "pickup_location", "values": ["Hartsfield-Jackson International Airport"]}, {"act": "REQUEST", "canonical_values": [], "slot": "type", "values": []}], "service": "RentalCars_1", "slots": [{"exclusive_end": 110, "slot": "pickup_location", "start": 70}]}], "speaker": "SYSTEM", "utterance": "Okay. What's the car you want to rent, and you'll be picking it up at Hartsfield-Jackson International Airport, right?"}, {"frames": [{"actions": [{"act": "INFORM", "canonical_values": ["Compact"], "slot": "type", "values": ["Compact"]}, {"act": "AFFIRM", "canonical_values": [], "slot": "", "values": []}], "service": "RentalCars_1", "slots": [], "state": {"active_intent": "ReserveCar", "requested_slots": [], "slot_values": {"pickup_location": ["Hartsfield-Jackson International Airport"], "type": ["Compact"]}}}], "speaker": "USER", "utterance": "Right, indeed. I just need a small ride."}, {"frames": [{"actions": [{"act": "REQUEST", "canonical_values": [], "slot": "pickup_time", "values": []}, {"act": "REQUEST", "canonical_values": ["2019-03-09"], "slot": "pickup_date", "values": ["March 9th"]}], "service": "RentalCars_1", "slots": [{"exclusive_end": 59, "slot": "pickup_date", "start": 50}]}], "speaker": "SYSTEM", "utterance": "Please verify that you want to pick up the car on March 9th and the time."}, {"frames": [{"actions": [{"act": "INFORM", "canonical_values": ["13:30"], "slot": "pickup_time", "values": ["1:30 pm"]}, {"act": "INFORM", "canonical_values": ["2019-03-10"], "slot": "pickup_date", "values": ["the 10th"]}], "service": "RentalCars_1", "slots": [{"exclusive_end": 58, "slot": "pickup_time", "start": 51}, {"exclusive_end": 43, "slot": "pickup_date", "start": 35}], "state": {"active_intent": "ReserveCar", "requested_slots": [], "slot_values": {"pickup_date": ["the 10th"], "pickup_location": ["Hartsfield-Jackson International Airport"], "pickup_time": ["1:30 pm"], "type": ["Compact"]}}}], "speaker": "USER", "utterance": "Sure, but make the rental start on the 10th with a 1:30 pm pickup time."}, {"frames": [{"actions": [{"act": "REQUEST", "canonical_values": ["2019-03-12"], "slot": "dropoff_date", "values": ["March 12th"]}], "service": "RentalCars_1", "slots": [{"exclusive_end": 43, "slot": "dropoff_date", "start": 33}]}], "speaker": "SYSTEM", "utterance": "Will you be returning the car on March 12th?"}, {"frames": [{"actions": [{"act": "INFORM", "canonical_values": ["2019-03-11"], "slot": "dropoff_date", "values": ["March 11th"]}], "service": "RentalCars_1", "slots": [{"exclusive_end": 35, "slot": "dropoff_date", "start": 25}], "state": {"active_intent": "ReserveCar", "requested_slots": [], "slot_values": {"dropoff_date": ["March 11th"], "pickup_date": ["the 10th"], "pickup_location": ["Hartsfield-Jackson International Airport"], "pickup_time": ["1:30 pm"], "type": ["Compact"]}}}], "speaker": "USER", "utterance": "Make that a day earlier, March 11th."}, {"frames": [{"actions": [{"act": "CONFIRM", "canonical_values": ["Hartsfield-Jackson International Airport"], "slot": "pickup_location", "values": ["Hartsfield-Jackson International Airport"]}, {"act": "CONFIRM", "canonical_values": ["2019-03-10"], "slot": "pickup_date", "values": ["March 10th"]}, {"act": "CONFIRM", "canonical_values": ["13:30"], "slot": "pickup_time", "values": ["1:30 pm"]}, {"act": "CONFIRM", "canonical_values": ["2019-03-11"], "slot": "dropoff_date", "values": ["March 11th"]}, {"act": "CONFIRM", "canonical_values": ["Compact"], "slot": "type", "values": ["Compact"]}], "service": "RentalCars_1", "slots": [{"exclusive_end": 123, "slot": "pickup_location", "start": 83}, {"exclusive_end": 137, "slot": "pickup_date", "start": 127}, {"exclusive_end": 148, "slot": "pickup_time", "start": 141}, {"exclusive_end": 184, "slot": "dropoff_date", "start": 174}]}], "speaker": "SYSTEM", "utterance": "Got it. Would you like to confirm your rental of a compact car, picking it up from Hartsfield-Jackson International Airport on March 10th at 1:30 pm and returning the car on March 11th?"}, {"frames": [{"actions": [{"act": "AFFIRM", "canonical_values": [], "slot": "", "values": []}], "service": "RentalCars_1", "slots": [], "state": {"active_intent": "ReserveCar", "requested_slots": [], "slot_values": {"dropoff_date": ["March 11th"], "pickup_date": ["March 10th", "the 10th"], "pickup_location": ["Hartsfield-Jackson International Airport"], "pickup_time": ["1:30 pm"], "type": ["Compact"]}}}], "speaker": "USER", "utterance": "Yep, go ahead and confirm that, please."}, {"frames": [{"actions": [{"act": "NOTIFY_SUCCESS", "canonical_values": [], "slot": "", "values": []}], "service": "RentalCars_1", "service_call": {"method": "ReserveCar", "parameters": {"dropoff_date": "2019-03-11", "pickup_date": "2019-03-10", "pickup_location": "Hartsfield-Jackson International Airport", "pickup_time": "13:30", "type": "Compact"}}, "service_results": [{"car_name": "GTI", "dropoff_date": "2019-03-11", "pickup_date": "2019-03-10", "pickup_location": "Hartsfield-Jackson International Airport", "pickup_time": "13:30", "total_price": "31", "type": "Compact"}], "slots": []}], "speaker": "SYSTEM", "utterance": "Your car rental reservation is confirmed"}, {"frames": [{"actions": [{"act": "THANK_YOU", "canonical_values": [], "slot": "", "values": []}], "service": "RentalCars_1", "slots": [], "state": {"active_intent": "ReserveCar", "requested_slots": [], "slot_values": {"dropoff_date": ["March 11th"], "pickup_date": ["March 10th", "the 10th"], "pickup_location": ["Hartsfield-Jackson International Airport"], "pickup_time": ["1:30 pm"], "type": ["Compact"]}}}], "speaker": "USER", "utterance": "I can't thank you enough for your help."}, {"frames": [{"actions": [{"act": "REQ_MORE", "canonical_values": [], "slot": "", "values": []}], "service": "RentalCars_1", "slots": []}], "speaker": "SYSTEM", "utterance": "Would you like more assistance at this time?"}, {"frames": [{"actions": [{"act": "NEGATE", "canonical_values": [], "slot": "", "values": []}, {"act": "THANK_YOU", "canonical_values": [], "slot": "", "values": []}], "service": "RentalCars_1", "slots": [], "state": {"active_intent": "NONE", "requested_slots": [], "slot_values": {"dropoff_date": ["March 11th"], "pickup_date": ["March 10th", "the 10th"], "pickup_location": ["Hartsfield-Jackson International Airport"], "pickup_time": ["1:30 pm"], "type": ["Compact"]}}}], "speaker": "USER", "utterance": "That's all I need for now. Thanks again."}, {"frames": [{"actions": [{"act": "GOODBYE", "canonical_values": [], "slot": "", "values": []}], "service": "RentalCars_1", "slots": []}], "speaker": "SYSTEM", "utterance": "Sure thing. Enjoy your day."}]}, {"dialogue_id": "60_00003", "services": ["Flights_1", "RentalCars_1"], "turns": [{"frames": [{"actions": [{"act": "INFORM_INTENT", "canonical_values": ["SearchRoundtripFlights"], "slot": "intent", "values": ["SearchRoundtripFlights"]}], "service": "Flights_1", "slots": [], "state": {"active_intent": "SearchRoundtripFlights", "requested_slots": [], "slot_values": {}}}], "speaker": "USER", "utterance": "Are there any round trip flights available? I wish to make a trip."}, {"frames": [{"actions": [{"act": "REQUEST", "canonical_values": [], "slot": "departure_date", "values": []}, {"act": "REQUEST", "canonical_values": [], "slot": "origin_city", "values": []}], "service": "Flights_1", "slots": []}], "speaker": "SYSTEM", "utterance": "Your departure time and station please."}, {"frames": [{"actions": [{"act": "INFORM", "canonical_values": ["Atlanta"], "slot": "origin_city", "values": ["ATL"]}, {"act": "INFORM", "canonical_values": ["2019-03-02"], "slot": "departure_date", "values": ["the 2nd"]}], "service": "Flights_1", "slots": [{"exclusive_end": 16, "slot": "origin_city", "start": 13}, {"exclusive_end": 27, "slot": "departure_date", "start": 20}], "state": {"active_intent": "SearchRoundtripFlights", "requested_slots": [], "slot_values": {"departure_date": ["the 2nd"], "origin_city": ["ATL"]}}}], "speaker": "USER", "utterance": "Leaving from ATL on the 2nd."}, {"frames": [{"actions": [{"act": "REQUEST", "canonical_values": [], "slot": "destination_city", "values": []}], "service": "Flights_1", "slots": []}], "speaker": "SYSTEM", "utterance": "Where are you going to?"}, {"frames": [{"actions": [{"act": "INFORM", "canonical_values": ["Las Vegas"], "slot": "destination_city", "values": ["Las Vegas"]}], "service": "Flights_1", "slots": [{"exclusive_end": 23, "slot": "destination_city", "start": 14}], "state": {"active_intent": "SearchRoundtripFlights", "requested_slots": [], "slot_values": {"departure_date": ["the 2nd"], "destination_city": ["Las Vegas"], "origin_city": ["ATL"]}}}], "speaker": "USER", "utterance": "I am going to Las Vegas."}, {"frames": [{"actions": [{"act": "REQUEST", "canonical_values": [], "slot": "return_date", "values": []}], "service": "Flights_1", "slots": []}], "speaker": "SYSTEM", "utterance": "Your return details please."}, {"frames": [{"actions": [{"act": "INFORM", "canonical_values": ["2019-03-14"], "slot": "return_date", "values": ["14th of this month"]}], "service": "Flights_1", "slots": [{"exclusive_end": 33, "slot": "return_date", "start": 15}], "state": {"active_intent": "SearchRoundtripFlights", "requested_slots": [], "slot_values": {"departure_date": ["the 2nd"], "destination_city": ["Las Vegas"], "origin_city": ["ATL"], "return_date": ["14th of this month"]}}}], "speaker": "USER", "utterance": "Coming back on 14th of this month."}, {"frames": [{"actions": [{"act": "OFFER", "canonical_values": ["Southwest Airlines"], "slot": "airlines", "values": ["Southwest Airlines"]}, {"act": "OFFER", "canonical_values": ["12:05"], "slot": "outbound_departure_time", "values": ["12:05 pm"]}, {"act": "OFFER", "canonical_values": ["14:35"], "slot": "inbound_departure_time", "values": ["2:35 pm"]}, {"act": "OFFER", "canonical_values": ["280"], "slot": "price", "values": ["$280"]}, {"act": "INFORM_COUNT", "canonical_values": ["2"], "slot": "count", "values": ["2"]}], "service": "Flights_1", "service_call": {"method": "SearchRoundtripFlights", "parameters": {"departure_date": "2019-03-02", "destination_city": "Las Vegas", "origin_city": "Atlanta", "return_date": "2019-03-14"}}, "service_results": [{"airlines": "Southwest Airlines", "departure_date": "2019-03-02", "destination_airport": "McCarran International Airport", "destination_city": "Las Vegas", "inbound_arrival_time": "01:24", "inbound_departure_time": "14:35", "number_stops": "1", "origin_airport": "Hartsfield-Jackson International Airport", "origin_city": "Atlanta", "outbound_arrival_time": "16:19", "outbound_departure_time": "12:05", "passengers": "1", "price": "280", "refundable": "False", "return_date": "2019-03-14", "seating_class": "Economy"}, {"airlines": "United Airlines", "departure_date": "2019-03-02", "destination_airport": "McCarran International Airport", "destination_city": "Las Vegas", "inbound_arrival_time": "01:51", "inbound_departure_time": "15:05", "number_stops": "1", "origin_airport": "Hartsfield-Jackson International Airport", "origin_city": "Atlanta", "outbound_arrival_time": "20:50", "outbound_departure_time": "15:00", "passengers": "1", "price": "293", "refundable": "False", "return_date": "2019-03-14", "seating_class": "Economy"}], "slots": [{"exclusive_end": 86, "slot": "outbound_departure_time", "start": 78}, {"exclusive_end": 118, "slot": "inbound_departure_time", "start": 111}, {"exclusive_end": 124, "slot": "price", "start": 120}]}], "speaker": "SYSTEM", "utterance": "You can choose from 2 flights available. One is Southwest Airlines leaving at 12:05 pm and on return leaves at 2:35 pm. $280 will your expense for the travel."}, {"frames": [{"actions": [{"act": "REQUEST", "canonical_values": [], "slot": "number_stops", "values": []}, {"act": "REQUEST", "canonical_values": [], "slot": "outbound_arrival_time", "values": []}], "service": "Flights_1", "slots": [], "state": {"active_intent": "SearchRoundtripFlights", "requested_slots": ["number_stops", "outbound_arrival_time"], "slot_values": {"departure_date": ["the 2nd"], "destination_city": ["Las Vegas"], "origin_city": ["ATL"], "return_date": ["14th of this month"]}}}], "speaker": "USER", "utterance": "How many layovers are there for the flight? What is the time of onward flight?"}, {"frames": [{"actions": [{"act": "INFORM", "canonical_values": ["16:19"], "slot": "outbound_arrival_time", "values": ["4:19 pm"]}, {"act": "INFORM", "canonical_values": ["1"], "slot": "number_stops", "values": ["1"]}], "service": "Flights_1", "slots": [{"exclusive_end": 42, "slot": "outbound_arrival_time", "start": 35}]}], "speaker": "SYSTEM", "utterance": "You can expect the onward fligt at 4:19 pm with 1 layovers."}, {"frames": [{"actions": [{"act": "INFORM_INTENT", "canonical_values": ["ReserveRoundtripFlights"], "slot": "intent", "values": ["ReserveRoundtripFlights"]}, {"act": "SELECT", "canonical_values": [], "slot": "", "values": []}], "service": "Flights_1", "slots": [], "state": {"active_intent": "ReserveRoundtripFlights", "requested_slots": [], "slot_values": {"airlines": ["Southwest Airlines"], "departure_date": ["the 2nd"], "destination_city": ["Las Vegas"], "inbound_departure_time": ["2:35 pm"], "origin_city": ["ATL"], "outbound_departure_time": ["12:05 pm"], "return_date": ["14th of this month"]}}}], "speaker": "USER", "utterance": "That will be a right choice. Please buy tickets for me on that."}, {"frames": [{"actions": [{"act": "CONFIRM", "canonical_values": ["Atlanta"], "slot": "origin_city", "values": ["Atlanta"]}, {"act": "CONFIRM", "canonical_values": ["Las Vegas"], "slot": "destination_city", "values": ["Las Vegas"]}, {"act": "CONFIRM", "canonical_values": ["Southwest Airlines"], "slot": "airlines", "values": ["Southwest Airlines"]}, {"act": "CONFIRM", "canonical_values": ["2019-03-02"], "slot": "departure_date", "values": ["March 2nd"]}, {"act": "CONFIRM", "canonical_values": ["2019-03-14"], "slot": "return_date", "values": ["March 14th"]}, {"act": "CONFIRM", "canonical_values": ["12:05"], "slot": "outbound_departure_time", "values": ["12:05 pm"]}, {"act": "CONFIRM", "canonical_values": ["14:35"], "slot": "inbound_departure_time", "values": ["2:35 pm"]}, {"act": "CONFIRM", "canonical_values": ["1"], "slot": "passengers", "values": ["1"]}, {"act": "CONFIRM", "canonical_values": ["Economy"], "slot": "seating_class", "values": ["Economy"]}], "service": "Flights_1", "slots": [{"exclusive_end": 76, "slot": "origin_city", "start": 69}, {"exclusive_end": 63, "slot": "destination_city", "start": 54}, {"exclusive_end": 111, "slot": "departure_date", "start": 102}, {"exclusive_end": 207, "slot": "return_date", "start": 197}, {"exclusive_end": 132, "slot": "outbound_departure_time", "start": 124}, {"exclusive_end": 193, "slot": "inbound_departure_time", "start": 186}]}], "speaker": "SYSTEM", "utterance": "Please verify you journey details, you are leaving to Las Vegas from Atlanta by Southwest Airlines on March 2nd, leaving at 12:05 pm. You will be coming back by the flight taking off at 2:35 pm on March 14th. You need 1 ticket in economy class."}, {"frames": [{"actions": [{"act": "AFFIRM", "canonical_values": [], "slot": "", "values": []}], "service": "Flights_1", "slots": [], "state": {"active_intent": "ReserveRoundtripFlights", "requested_slots": [], "slot_values": {"airlines": ["Southwest Airlines"], "departure_date": ["March 2nd", "the 2nd"], "destination_city": ["Las Vegas"], "inbound_departure_time": ["2:35 pm"], "origin_city": ["ATL", "Atlanta"], "outbound_departure_time": ["12:05 pm"], "passengers": ["1"], "return_date": ["14th of this month", "March 14th"], "seating_class": ["Economy"]}}}], "speaker": "USER", "utterance": "Good, everything correct."}, {"frames": [{"actions": [{"act": "NOTIFY_SUCCESS", "canonical_values": [], "slot": "", "values": []}], "service": "Flights_1", "service_call": {"method": "ReserveRoundtripFlights", "parameters": {"airlines": "Southwest Airlines", "departure_date": "2019-03-02", "destination_city": "Las Vegas", "inbound_departure_time": "14:35", "origin_city": "Atlanta", "outbound_departure_time": "12:05", "passengers": "1", "return_date": "2019-03-14", "seating_class": "Economy"}}, "service_results": [{"airlines": "Southwest Airlines", "departure_date": "2019-03-02", "destination_airport": "McCarran International Airport", "destination_city": "Las Vegas", "inbound_arrival_time": "01:24", "inbound_departure_time": "14:35", "number_stops": "1", "origin_airport": "Hartsfield-Jackson International Airport", "origin_city": "Atlanta", "outbound_arrival_time": "16:19", "outbound_departure_time": "12:05", "passengers": "1", "price": "280", "refundable": "False", "return_date": "2019-03-14", "seating_class": "Economy"}], "slots": []}], "speaker": "SYSTEM", "utterance": "You have got successful reservation."}, {"frames": [{"actions": [{"act": "INFORM_INTENT", "canonical_values": ["ReserveCar"], "slot": "intent", "values": ["ReserveCar"]}], "service": "RentalCars_1", "slots": [], "state": {"active_intent": "ReserveCar", "requested_slots": [], "slot_values": {}}}, {"actions": [{"act": "THANK_YOU", "canonical_values": [], "slot": "", "values": []}], "service": "Flights_1", "slots": [], "state": {"active_intent": "ReserveRoundtripFlights", "requested_slots": [], "slot_values": {"airlines": ["Southwest Airlines"], "departure_date": ["March 2nd", "the 2nd"], "destination_city": ["Las Vegas"], "inbound_departure_time": ["2:35 pm"], "origin_city": ["ATL", "Atlanta"], "outbound_departure_time": ["12:05 pm"], "passengers": ["1"], "return_date": ["14th of this month", "March 14th"], "seating_class": ["Economy"]}}}], "speaker": "USER", "utterance": "Ok, No find a car there for me."}, {"frames": [{"actions": [{"act": "REQUEST", "canonical_values": [], "slot": "pickup_time", "values": []}, {"act": "REQUEST", "canonical_values": ["2019-03-14"], "slot": "dropoff_date", "values": ["March 14th"]}, {"act": "REQUEST", "canonical_values": ["Full-size", "Standard"], "slot": "type", "values": ["Full-size", "Standard"]}], "service": "RentalCars_1", "slots": [{"exclusive_end": 52, "slot": "dropoff_date", "start": 42}]}], "speaker": "SYSTEM", "utterance": "When do you want it? Do you want it until March 14th. Are you ok with a Standard Full-size one?"}, {"frames": [{"actions": [{"act": "INFORM", "canonical_values": ["16:45"], "slot": "pickup_time", "values": ["4:45 in the evening"]}, {"act": "INFORM", "canonical_values": ["2019-03-06"], "slot": "dropoff_date", "values": ["March 6th"]}, {"act": "INFORM", "canonical_values": ["Standard"], "slot": "type", "values": ["Standard"]}], "service": "RentalCars_1", "slots": [{"exclusive_end": 51, "slot": "pickup_time", "start": 32}, {"exclusive_end": 66, "slot": "dropoff_date", "start": 57}], "state": {"active_intent": "ReserveCar", "requested_slots": [], "slot_values": {"dropoff_date": ["March 6th"], "pickup_time": ["4:45 in the evening"], "type": ["Standard"]}}}], "speaker": "USER", "utterance": "I would be picking it up around 4:45 in the evening till March 6th. A medium-sized car will be ok."}, {"frames": [{"actions": [{"act": "REQUEST", "canonical_values": ["2019-03-02"], "slot": "pickup_date", "values": ["March 2nd"]}], "service": "RentalCars_1", "slots": [{"exclusive_end": 34, "slot": "pickup_date", "start": 25}]}], "speaker": "SYSTEM", "utterance": "You will pick it up from March 2nd, won't you?"}, {"frames": [{"actions": [{"act": "INFORM", "canonical_values": ["2019-03-03"], "slot": "pickup_date", "values": ["3rd of March"]}], "service": "RentalCars_1", "slots": [{"exclusive_end": 31, "slot": "pickup_date", "start": 19}], "state": {"active_intent": "ReserveCar", "requested_slots": [], "slot_values": {"dropoff_date": ["March 6th"], "pickup_date": ["3rd of March"], "pickup_time": ["4:45 in the evening"], "type": ["Standard"]}}}], "speaker": "USER", "utterance": "No, I want it from 3rd of March."}, {"frames": [{"actions": [{"act": "REQUEST", "canonical_values": ["McCarran International Airport"], "slot": "pickup_location", "values": ["McCarran International Airport"]}], "service": "RentalCars_1", "slots": [{"exclusive_end": 61, "slot": "pickup_location", "start": 31}]}], "speaker": "SYSTEM", "utterance": "Do you like to pick it up from McCarran International Airport?"}, {"frames": [{"actions": [{"act": "AFFIRM", "canonical_values": [], "slot": "", "values": []}], "service": "RentalCars_1", "slots": [], "state": {"active_intent": "ReserveCar", "requested_slots": [], "slot_values": {"dropoff_date": ["March 6th"], "pickup_date": ["3rd of March"], "pickup_location": ["McCarran International Airport"], "pickup_time": ["4:45 in the evening"], "type": ["Standard"]}}}], "speaker": "USER", "utterance": "Great, that will be ok."}, {"frames": [{"actions": [{"act": "CONFIRM", "canonical_values": ["McCarran International Airport"], "slot": "pickup_location", "values": ["McCarran International Airport"]}, {"act": "CONFIRM", "canonical_values": ["2019-03-03"], "slot": "pickup_date", "values": ["March 3rd"]}, {"act": "CONFIRM", "canonical_values": ["16:45"], "slot": "pickup_time", "values": ["4:45 pm"]}, {"act": "CONFIRM", "canonical_values": ["2019-03-06"], "slot": "dropoff_date", "values": ["March 6th"]}, {"act": "CONFIRM", "canonical_values": ["Standard"], "slot": "type", "values": ["Standard"]}], "service": "RentalCars_1", "slots": [{"exclusive_end": 117, "slot": "pickup_location", "start": 87}, {"exclusive_end": 66, "slot": "pickup_date", "start": 57}, {"exclusive_end": 146, "slot": "pickup_time", "start": 139}, {"exclusive_end": 81, "slot": "dropoff_date", "start": 72}]}], "speaker": "SYSTEM", "utterance": "Please confirm the details, You need a Standard car from March 3rd till March 6th from McCarran International Airport, and pick up time is 4:45 pm."}, {"frames": [{"actions": [{"act": "AFFIRM", "canonical_values": [], "slot": "", "values": []}], "service": "RentalCars_1", "slots": [], "state": {"active_intent": "ReserveCar", "requested_slots": [], "slot_values": {"dropoff_date": ["March 6th"], "pickup_date": ["3rd of March", "March 3rd"], "pickup_location": ["McCarran International Airport"], "pickup_time": ["4:45 in the evening", "4:45 pm"], "type": ["Standard"]}}}], "speaker": "USER", "utterance": "Ok, thats it."}, {"frames": [{"actions": [{"act": "OFFER", "canonical_values": ["McCarran International Airport"], "slot": "pickup_location", "values": ["McCarran International Airport"]}, {"act": "OFFER", "canonical_values": ["2019-03-03"], "slot": "pickup_date", "values": ["March 3rd"]}, {"act": "OFFER", "canonical_values": ["Prius"], "slot": "car_name", "values": ["Prius"]}, {"act": "OFFER", "canonical_values": ["117"], "slot": "total_price", "values": ["$117"]}, {"act": "NOTIFY_FAILURE", "canonical_values": [], "slot": "", "values": []}], "service": "RentalCars_1", "service_call": {"method": "ReserveCar", "parameters": {"dropoff_date": "2019-03-06", "pickup_date": "2019-03-03", "pickup_location": "McCarran International Airport", "pickup_time": "16:45", "type": "Standard"}}, "service_results": [{"car_name": "Prius", "dropoff_date": "2019-03-06", "pickup_date": "2019-03-03", "pickup_location": "McCarran International Airport", "pickup_time": "16:30", "total_price": "117", "type": "Standard"}], "slots": [{"exclusive_end": 84, "slot": "pickup_location", "start": 54}, {"exclusive_end": 114, "slot": "pickup_date", "start": 105}, {"exclusive_end": 48, "slot": "car_name", "start": 43}, {"exclusive_end": 139, "slot": "total_price", "start": 135}]}], "speaker": "SYSTEM", "utterance": "Sorry, tried in vain. Do you like to get a Prius from McCarran International Airport? It is available on March 3rd and you have to pay $117."}, {"frames": [{"actions": [{"act": "AFFIRM", "canonical_values": [], "slot": "", "values": []}], "service": "RentalCars_1", "slots": [], "state": {"active_intent": "ReserveCar", "requested_slots": [], "slot_values": {"dropoff_date": ["March 6th"], "pickup_date": ["3rd of March", "March 3rd"], "pickup_location": ["McCarran International Airport"], "pickup_time": ["4:45 in the evening", "4:45 pm"], "type": ["Standard"]}}}], "speaker": "USER", "utterance": "Good, that will be fine for me."}, {"frames": [{"actions": [{"act": "NOTIFY_SUCCESS", "canonical_values": [], "slot": "", "values": []}], "service": "RentalCars_1", "service_call": {"method": "ReserveCar", "parameters": {"dropoff_date": "2019-03-06", "pickup_date": "2019-03-03", "pickup_location": "McCarran International Airport", "pickup_time": "16:45", "type": "Standard"}}, "service_results": [{"car_name": "Prius", "dropoff_date": "2019-03-06", "pickup_date": "2019-03-03", "pickup_location": "McCarran International Airport", "pickup_time": "16:30", "total_price": "117", "type": "Standard"}], "slots": []}], "speaker": "SYSTEM", "utterance": "Succeeded. Your vehicle is ready."}, {"frames": [{"actions": [{"act": "THANK_YOU", "canonical_values": [], "slot": "", "values": []}], "service": "RentalCars_1", "slots": [], "state": {"active_intent": "ReserveCar", "requested_slots": [], "slot_values": {"dropoff_date": ["March 6th"], "pickup_date": ["3rd of March", "March 3rd"], "pickup_location": ["McCarran International Airport"], "pickup_time": ["4:45 in the evening", "4:45 pm"], "type": ["Standard"]}}}], "speaker": "USER", "utterance": "Thank you very much."}, {"frames": [{"actions": [{"act": "REQ_MORE", "canonical_values": [], "slot": "", "values": []}], "service": "RentalCars_1", "slots": []}], "speaker": "SYSTEM", "utterance": "Do you need any other help?"}, {"frames": [{"actions": [{"act": "NEGATE", "canonical_values": [], "slot": "", "values": []}, {"act": "THANK_YOU", "canonical_values": [], "slot": "", "values": []}], "service": "RentalCars_1", "slots": [], "state": {"active_intent": "NONE", "requested_slots": [], "slot_values": {"dropoff_date": ["March 6th"], "pickup_date": ["3rd of March", "March 3rd"], "pickup_location": ["McCarran International Airport"], "pickup_time": ["4:45 in the evening", "4:45 pm"], "type": ["Standard"]}}}], "speaker": "USER", "utterance": "No, that's all."}, {"frames": [{"actions": [{"act": "GOODBYE", "canonical_values": [], "slot": "", "values": []}], "service": "RentalCars_1", "slots": []}], "speaker": "SYSTEM", "utterance": "Have a wonderful day."}]}, {"dialogue_id": "60_00004", "services": ["Flights_1", "RentalCars_1"], "turns": [{"frames": [{"actions": [{"act": "INFORM", "canonical_values": ["2019-03-01"], "slot": "departure_date", "values": ["March 1st"]}, {"act": "INFORM", "canonical_values": ["San Francisco"], "slot": "destination_city", "values": ["SF"]}, {"act": "INFORM", "canonical_values": ["United Airlines"], "slot": "airlines", "values": ["United Airlines"]}, {"act": "INFORM_INTENT", "canonical_values": ["SearchRoundtripFlights"], "slot": "intent", "values": ["SearchRoundtripFlights"]}], "service": "Flights_1", "slots": [{"exclusive_end": 40, "slot": "departure_date", "start": 31}, {"exclusive_end": 57, "slot": "destination_city", "start": 55}], "state": {"active_intent": "SearchRoundtripFlights", "requested_slots": [], "slot_values": {"airlines": ["United Airlines"], "departure_date": ["March 1st"], "destination_city": ["SF"]}}}], "speaker": "USER", "utterance": "I need a round trip flight for March 1st. I'm going to SF, and I prefer United Airlines."}, {"frames": [{"actions": [{"act": "REQUEST", "canonical_values": [], "slot": "return_date", "values": []}], "service": "Flights_1", "slots": []}], "speaker": "SYSTEM", "utterance": "When will you be back?"}, {"frames": [{"actions": [{"act": "INFORM", "canonical_values": ["2019-03-13"], "slot": "return_date", "values": ["March 13th"]}], "service": "Flights_1", "slots": [{"exclusive_end": 13, "slot": "return_date", "start": 3}], "state": {"active_intent": "SearchRoundtripFlights", "requested_slots": [], "slot_values": {"airlines": ["United Airlines"], "departure_date": ["March 1st"], "destination_city": ["SF"], "return_date": ["March 13th"]}}}], "speaker": "USER", "utterance": "On March 13th."}, {"frames": [{"actions": [{"act": "REQUEST", "canonical_values": [], "slot": "origin_city", "values": []}], "service": "Flights_1", "slots": []}], "speaker": "SYSTEM", "utterance": "Where are you leaving from?"}, {"frames": [{"actions": [{"act": "INFORM", "canonical_values": ["New York"], "slot": "origin_city", "values": ["New York"]}], "service": "Flights_1", "slots": [{"exclusive_end": 13, "slot": "origin_city", "start": 5}], "state": {"active_intent": "SearchRoundtripFlights", "requested_slots": [], "slot_values": {"airlines": ["United Airlines"], "departure_date": ["March 1st"], "destination_city": ["SF"], "origin_city": ["New York"], "return_date": ["March 13th"]}}}], "speaker": "USER", "utterance": "From New York."}, {"frames": [{"actions": [{"act": "OFFER", "canonical_values": ["United Airlines"], "slot": "airlines", "values": ["United Airlines"]}, {"act": "OFFER", "canonical_values": ["06:05"], "slot": "outbound_departure_time", "values": ["6:05 am"]}, {"act": "OFFER", "canonical_values": ["05:50"], "slot": "inbound_departure_time", "values": ["5:50 am"]}, {"act": "OFFER", "canonical_values": ["221"], "slot": "price", "values": ["$221"]}, {"act": "INFORM_COUNT", "canonical_values": ["1"], "slot": "count", "values": ["1"]}], "service": "Flights_1", "service_call": {"method": "SearchRoundtripFlights", "parameters": {"airlines": "United Airlines", "departure_date": "2019-03-01", "destination_city": "San Francisco", "origin_city": "New York", "return_date": "2019-03-13"}}, "service_results": [{"airlines": "United Airlines", "departure_date": "2019-03-01", "destination_airport": "SFO International Airport", "destination_city": "San Francisco", "inbound_arrival_time": "15:16", "inbound_departure_time": "05:50", "number_stops": "0", "origin_airport": "JFK International Airport", "origin_city": "New York", "outbound_arrival_time": "09:31", "outbound_departure_time": "06:05", "passengers": "1", "price": "221", "refundable": "False", "return_date": "2019-03-13", "seating_class": "Economy"}], "slots": [{"exclusive_end": 72, "slot": "outbound_departure_time", "start": 65}, {"exclusive_end": 113, "slot": "inbound_departure_time", "start": 106}, {"exclusive_end": 128, "slot": "price", "start": 124}]}], "speaker": "SYSTEM", "utterance": "I found 1 flight for you. A United Airlines flight is leaving at 6:05 am. The return flight will leave at 5:50 am. It costs $221."}, {"frames": [{"actions": [{"act": "REQUEST", "canonical_values": [], "slot": "inbound_arrival_time", "values": []}], "service": "Flights_1", "slots": [], "state": {"active_intent": "SearchRoundtripFlights", "requested_slots": ["inbound_arrival_time"], "slot_values": {"airlines": ["United Airlines"], "departure_date": ["March 1st"], "destination_city": ["SF"], "origin_city": ["New York"], "return_date": ["March 13th"]}}}], "speaker": "USER", "utterance": "When would the return flight arrive?"}, {"frames": [{"actions": [{"act": "INFORM", "canonical_values": ["15:16"], "slot": "inbound_arrival_time", "values": ["3:16 pm"]}], "service": "Flights_1", "slots": [{"exclusive_end": 25, "slot": "inbound_arrival_time", "start": 18}]}], "speaker": "SYSTEM", "utterance": "It will arrive at 3:16 pm."}, {"frames": [{"actions": [{"act": "INFORM", "canonical_values": ["3"], "slot": "passengers", "values": ["3"]}, {"act": "INFORM_INTENT", "canonical_values": ["ReserveRoundtripFlights"], "slot": "intent", "values": ["ReserveRoundtripFlights"]}, {"act": "SELECT", "canonical_values": [], "slot": "", "values": []}], "service": "Flights_1", "slots": [], "state": {"active_intent": "ReserveRoundtripFlights", "requested_slots": [], "slot_values": {"airlines": ["United Airlines"], "departure_date": ["March 1st"], "destination_city": ["SF"], "inbound_departure_time": ["5:50 am"], "origin_city": ["New York"], "outbound_departure_time": ["6:05 am"], "passengers": ["3"], "return_date": ["March 13th"]}}}], "speaker": "USER", "utterance": "That's fine. I'd like flight tickets. It's for three people."}, {"frames": [{"actions": [{"act": "CONFIRM", "canonical_values": ["New York"], "slot": "origin_city", "values": ["New York"]}, {"act": "CONFIRM", "canonical_values": ["San Francisco"], "slot": "destination_city", "values": ["San Francisco"]}, {"act": "CONFIRM", "canonical_values": ["United Airlines"], "slot": "airlines", "values": ["United Airlines"]}, {"act": "CONFIRM", "canonical_values": ["2019-03-01"], "slot": "departure_date", "values": ["March 1st"]}, {"act": "CONFIRM", "canonical_values": ["2019-03-13"], "slot": "return_date", "values": ["March 13th"]}, {"act": "CONFIRM", "canonical_values": ["06:05"], "slot": "outbound_departure_time", "values": ["6:05 am"]}, {"act": "CONFIRM", "canonical_values": ["05:50"], "slot": "inbound_departure_time", "values": ["5:50 am"]}, {"act": "CONFIRM", "canonical_values": ["3"], "slot": "passengers", "values": ["3"]}, {"act": "CONFIRM", "canonical_values": ["Economy"], "slot": "seating_class", "values": ["Economy"]}], "service": "Flights_1", "slots": [{"exclusive_end": 85, "slot": "origin_city", "start": 77}, {"exclusive_end": 71, "slot": "destination_city", "start": 58}, {"exclusive_end": 98, "slot": "departure_date", "start": 89}, {"exclusive_end": 180, "slot": "return_date", "start": 170}, {"exclusive_end": 109, "slot": "outbound_departure_time", "start": 102}, {"exclusive_end": 146, "slot": "inbound_departure_time", "start": 139}]}], "speaker": "SYSTEM", "utterance": "You want 3 economy class United Airlines tickets to go to San Francisco from New York on March 1st at 6:05 am. The return flight leaves at 5:50 am and the return date is March 13th. Is this right?"}, {"frames": [{"actions": [{"act": "AFFIRM", "canonical_values": [], "slot": "", "values": []}], "service": "Flights_1", "slots": [], "state": {"active_intent": "ReserveRoundtripFlights", "requested_slots": [], "slot_values": {"airlines": ["United Airlines"], "departure_date": ["March 1st"], "destination_city": ["SF", "San Francisco"], "inbound_departure_time": ["5:50 am"], "origin_city": ["New York"], "outbound_departure_time": ["6:05 am"], "passengers": ["3"], "return_date": ["March 13th"], "seating_class": ["Economy"]}}}], "speaker": "USER", "utterance": "Yes, that's it."}, {"frames": [{"actions": [{"act": "NOTIFY_SUCCESS", "canonical_values": [], "slot": "", "values": []}], "service": "Flights_1", "service_call": {"method": "ReserveRoundtripFlights", "parameters": {"airlines": "United Airlines", "departure_date": "2019-03-01", "destination_city": "San Francisco", "inbound_departure_time": "05:50", "origin_city": "New York", "outbound_departure_time": "06:05", "passengers": "3", "return_date": "2019-03-13", "seating_class": "Economy"}}, "service_results": [{"airlines": "United Airlines", "departure_date": "2019-03-01", "destination_airport": "SFO International Airport", "destination_city": "San Francisco", "inbound_arrival_time": "15:16", "inbound_departure_time": "05:50", "number_stops": "0", "origin_airport": "JFK International Airport", "origin_city": "New York", "outbound_arrival_time": "09:31", "outbound_departure_time": "06:05", "passengers": "3", "price": "221", "refundable": "False", "return_date": "2019-03-13", "seating_class": "Economy"}], "slots": []}], "speaker": "SYSTEM", "utterance": "Your tickets have been booked."}, {"frames": [{"actions": [{"act": "INFORM_INTENT", "canonical_values": ["ReserveCar"], "slot": "intent", "values": ["ReserveCar"]}], "service": "RentalCars_1", "slots": [], "state": {"active_intent": "ReserveCar", "requested_slots": [], "slot_values": {}}}, {"actions": [{"act": "THANK_YOU", "canonical_values": [], "slot": "", "values": []}], "service": "Flights_1", "slots": [], "state": {"active_intent": "ReserveRoundtripFlights", "requested_slots": [], "slot_values": {"airlines": ["United Airlines"], "departure_date": ["March 1st"], "destination_city": ["SF", "San Francisco"], "inbound_departure_time": ["5:50 am"], "origin_city": ["New York"], "outbound_departure_time": ["6:05 am"], "passengers": ["3"], "return_date": ["March 13th"], "seating_class": ["Economy"]}}}], "speaker": "USER", "utterance": "I'd also like to reserve a car there."}, {"frames": [{"actions": [{"act": "REQUEST", "canonical_values": [], "slot": "type", "values": []}], "service": "RentalCars_1", "slots": []}], "speaker": "SYSTEM", "utterance": "What type of car would you like?"}, {"frames": [{"actions": [{"act": "INFORM", "canonical_values": ["16:30"], "slot": "pickup_time", "values": ["16:30"]}, {"act": "INFORM", "canonical_values": ["Standard"], "slot": "type", "values": ["Standard"]}], "service": "RentalCars_1", "slots": [{"exclusive_end": 56, "slot": "pickup_time", "start": 51}], "state": {"active_intent": "ReserveCar", "requested_slots": [], "slot_values": {"pickup_time": ["16:30"], "type": ["Standard"]}}}], "speaker": "USER", "utterance": "I want an intermediate car. I'll pick it up around 16:30."}, {"frames": [{"actions": [{"act": "REQUEST", "canonical_values": ["2019-03-01"], "slot": "pickup_date", "values": ["March 1st"]}, {"act": "REQUEST", "canonical_values": ["SFO International Airport"], "slot": "pickup_location", "values": ["SFO International Airport"]}, {"act": "REQUEST", "canonical_values": ["2019-03-13"], "slot": "dropoff_date", "values": ["March 13th"]}], "service": "RentalCars_1", "slots": [{"exclusive_end": 30, "slot": "pickup_date", "start": 21}, {"exclusive_end": 89, "slot": "pickup_location", "start": 64}, {"exclusive_end": 125, "slot": "dropoff_date", "start": 115}]}], "speaker": "SYSTEM", "utterance": "Would you like it on March 1st? Would you like to pick it up at SFO International Airport? Would you like it until March 13th?"}, {"frames": [{"actions": [{"act": "INFORM", "canonical_values": ["2019-03-07"], "slot": "dropoff_date", "values": ["next Thursday"]}, {"act": "INFORM", "canonical_values": ["2019-03-02"], "slot": "pickup_date", "values": ["the 2nd"]}, {"act": "AFFIRM", "canonical_values": [], "slot": "", "values": []}], "service": "RentalCars_1", "slots": [{"exclusive_end": 29, "slot": "dropoff_date", "start": 16}, {"exclusive_end": 54, "slot": "pickup_date", "start": 47}], "state": {"active_intent": "ReserveCar", "requested_slots": [], "slot_values": {"dropoff_date": ["next Thursday"], "pickup_date": ["the 2nd"], "pickup_location": ["SFO International Airport"], "pickup_time": ["16:30"], "type": ["Standard"]}}}], "speaker": "USER", "utterance": "I want it until next Thursday. I'll need it on the 2nd."}, {"frames": [{"actions": [{"act": "CONFIRM", "canonical_values": ["SFO International Airport"], "slot": "pickup_location", "values": ["SFO International Airport"]}, {"act": "CONFIRM", "canonical_values": ["2019-03-02"], "slot": "pickup_date", "values": ["March 2nd"]}, {"act": "CONFIRM", "canonical_values": ["16:30"], "slot": "pickup_time", "values": ["4:30 pm"]}, {"act": "CONFIRM", "canonical_values": ["2019-03-07"], "slot": "dropoff_date", "values": ["March 7th"]}, {"act": "CONFIRM", "canonical_values": ["Standard"], "slot": "type", "values": ["Standard"]}], "service": "RentalCars_1", "slots": [{"exclusive_end": 47, "slot": "pickup_location", "start": 22}, {"exclusive_end": 60, "slot": "pickup_date", "start": 51}, {"exclusive_end": 71, "slot": "pickup_time", "start": 64}, {"exclusive_end": 108, "slot": "dropoff_date", "start": 99}]}], "speaker": "SYSTEM", "utterance": "Picking up a car from SFO International Airport on March 2nd at 4:30 pm. You'll be dropping it off March 7th. It's a standard car. Is this right?"}, {"frames": [{"actions": [{"act": "AFFIRM", "canonical_values": [], "slot": "", "values": []}], "service": "RentalCars_1", "slots": [], "state": {"active_intent": "ReserveCar", "requested_slots": [], "slot_values": {"dropoff_date": ["March 7th", "next Thursday"], "pickup_date": ["March 2nd", "the 2nd"], "pickup_location": ["SFO International Airport"], "pickup_time": ["16:30", "4:30 pm"], "type": ["Standard"]}}}], "speaker": "USER", "utterance": "Yes, that's it."}, {"frames": [{"actions": [{"act": "NOTIFY_SUCCESS", "canonical_values": [], "slot": "", "values": []}], "service": "RentalCars_1", "service_call": {"method": "ReserveCar", "parameters": {"dropoff_date": "2019-03-07", "pickup_date": "2019-03-02", "pickup_location": "SFO International Airport", "pickup_time": "16:30", "type": "Standard"}}, "service_results": [{"car_name": "Altima", "dropoff_date": "2019-03-07", "pickup_date": "2019-03-02", "pickup_location": "SFO International Airport", "pickup_time": "16:30", "total_price": "165", "type": "Standard"}], "slots": []}], "speaker": "SYSTEM", "utterance": "Your car is now reserved."}, {"frames": [{"actions": [{"act": "THANK_YOU", "canonical_values": [], "slot": "", "values": []}, {"act": "GOODBYE", "canonical_values": [], "slot": "", "values": []}], "service": "RentalCars_1", "slots": [], "state": {"active_intent": "ReserveCar", "requested_slots": [], "slot_values": {"dropoff_date": ["March 7th", "next Thursday"], "pickup_date": ["March 2nd", "the 2nd"], "pickup_location": ["SFO International Airport"], "pickup_time": ["16:30", "4:30 pm"], "type": ["Standard"]}}}], "speaker": "USER", "utterance": "Thanks. That is all."}, {"frames": [{"actions": [{"act": "GOODBYE", "canonical_values": [], "slot": "", "values": []}], "service": "RentalCars_1", "slots": []}], "speaker": "SYSTEM", "utterance": "Have a nice day."}]}]