[{"dialogue_id": "19_00000", "services": ["Flights_1"], "turns": [{"frames": [{"actions": [{"act": "INFORM_INTENT", "canonical_values": ["SearchRoundtripFlights"], "slot": "intent", "values": ["SearchRoundtripFlights"]}], "service": "Flights_1", "slots": [], "state": {"active_intent": "SearchRoundtripFlights", "requested_slots": [], "slot_values": {}}}], "speaker": "USER", "utterance": "Can you search for flights for me?"}, {"frames": [{"actions": [{"act": "REQUEST", "canonical_values": [], "slot": "destination_city", "values": []}, {"act": "REQUEST", "canonical_values": [], "slot": "return_date", "values": []}, {"act": "REQUEST", "canonical_values": [], "slot": "origin_city", "values": []}], "service": "Flights_1", "slots": []}], "speaker": "SYSTEM", "utterance": "Where are you leaving from, going, and when are you going to come back?"}, {"frames": [{"actions": [{"act": "INFORM", "canonical_values": ["New York"], "slot": "origin_city", "values": ["NY"]}, {"act": "INFORM", "canonical_values": ["2019-03-14"], "slot": "return_date", "values": ["March 14th"]}, {"act": "INFORM", "canonical_values": ["Atlanta"], "slot": "destination_city", "values": ["ATL"]}], "service": "Flights_1", "slots": [{"exclusive_end": 17, "slot": "origin_city", "start": 15}, {"exclusive_end": 58, "slot": "return_date", "start": 48}, {"exclusive_end": 24, "slot": "destination_city", "start": 21}], "state": {"active_intent": "SearchRoundtripFlights", "requested_slots": [], "slot_values": {"destination_city": ["ATL"], "origin_city": ["NY"], "return_date": ["March 14th"]}}}], "speaker": "USER", "utterance": "I'm going from NY to ATL and want to be back on March 14th."}, {"frames": [{"actions": [{"act": "REQUEST", "canonical_values": [], "slot": "departure_date", "values": []}], "service": "Flights_1", "slots": []}], "speaker": "SYSTEM", "utterance": "When are you going to leave?"}, {"frames": [{"actions": [{"act": "INFORM", "canonical_values": ["2019-03-07"], "slot": "departure_date", "values": ["Thursday next week"]}], "service": "Flights_1", "slots": [{"exclusive_end": 33, "slot": "departure_date", "start": 15}], "state": {"active_intent": "SearchRoundtripFlights", "requested_slots": [], "slot_values": {"departure_date": ["Thursday next week"], "destination_city": ["ATL"], "origin_city": ["NY"], "return_date": ["March 14th"]}}}], "speaker": "USER", "utterance": "I'm leaving on Thursday next week."}, {"frames": [{"actions": [{"act": "OFFER", "canonical_values": ["American Airlines"], "slot": "airlines", "values": ["American Airlines"]}, {"act": "OFFER", "canonical_values": ["11:20"], "slot": "outbound_departure_time", "values": ["11:20 am"]}, {"act": "OFFER", "canonical_values": ["06:25"], "slot": "inbound_departure_time", "values": ["6:25 am"]}, {"act": "OFFER", "canonical_values": ["135"], "slot": "price", "values": ["$135"]}], "service": "Flights_1", "service_call": {"method": "SearchRoundtripFlights", "parameters": {"departure_date": "2019-03-07", "destination_city": "Atlanta", "origin_city": "New York", "return_date": "2019-03-14"}}, "service_results": [{"airlines": "American Airlines", "departure_date": "2019-03-07", "destination_airport": "Hartsfield-Jackson International Airport", "destination_city": "Atlanta", "inbound_arrival_time": "08:47", "inbound_departure_time": "06:25", "number_stops": "0", "origin_airport": "JFK International Airport", "origin_city": "New York", "outbound_arrival_time": "13:42", "outbound_departure_time": "11:20", "passengers": "1", "price": "135", "refundable": "True", "return_date": "2019-03-14", "seating_class": "Economy"}, {"airlines": "Delta Airlines", "departure_date": "2019-03-07", "destination_airport": "Hartsfield-Jackson International Airport", "destination_city": "Atlanta", "inbound_arrival_time": "18:02", "inbound_departure_time": "15:40", "number_stops": "0", "origin_airport": "JFK International Airport", "origin_city": "New York", "outbound_arrival_time": "22:52", "outbound_departure_time": "20:30", "passengers": "1", "price": "141", "refundable": "False", "return_date": "2019-03-14", "seating_class": "Economy"}, {"airlines": "United Airlines", "departure_date": "2019-03-07", "destination_airport": "Hartsfield-Jackson International Airport", "destination_city": "Atlanta", "inbound_arrival_time": "15:12", "inbound_departure_time": "12:50", "number_stops": "0", "origin_airport": "JFK International Airport", "origin_city": "New York", "outbound_arrival_time": "21:27", "outbound_departure_time": "19:05", "passengers": "1", "price": "132", "refundable": "False", "return_date": "2019-03-14", "seating_class": "Economy"}], "slots": [{"exclusive_end": 63, "slot": "outbound_departure_time", "start": 55}, {"exclusive_end": 104, "slot": "inbound_departure_time", "start": 97}, {"exclusive_end": 14, "slot": "price", "start": 10}]}], "speaker": "SYSTEM", "utterance": "There's a $135 American Airlines flight that leaves at 11:20 am, and the return flight leaves at 6:25 am."}, {"frames": [{"actions": [{"act": "SELECT", "canonical_values": [], "slot": "", "values": []}, {"act": "GOODBYE", "canonical_values": [], "slot": "", "values": []}], "service": "Flights_1", "slots": [], "state": {"active_intent": "SearchRoundtripFlights", "requested_slots": [], "slot_values": {"airlines": ["American Airlines"], "departure_date": ["Thursday next week"], "destination_city": ["ATL"], "inbound_departure_time": ["6:25 am"], "origin_city": ["NY"], "outbound_departure_time": ["11:20 am"], "return_date": ["March 14th"]}}}], "speaker": "USER", "utterance": "That flight sounds good, and that's all I need."}, {"frames": [{"actions": [{"act": "GOODBYE", "canonical_values": [], "slot": "", "values": []}], "service": "Flights_1", "slots": []}], "speaker": "SYSTEM", "utterance": "Have a good day."}]}, {"dialogue_id": "19_00001", "services": ["Flights_1"], "turns": [{"frames": [{"actions": [{"act": "INFORM", "canonical_values": ["Delta Airlines"], "slot": "airlines", "values": ["Delta Airlines"]}, {"act": "INFORM_INTENT", "canonical_values": ["SearchRoundtripFlights"], "slot": "intent", "values": ["SearchRoundtripFlights"]}], "service": "Flights_1", "slots": [], "state": {"active_intent": "SearchRoundtripFlights", "requested_slots": [], "slot_values": {"airlines": ["Delta Airlines"]}}}], "speaker": "USER", "utterance": "I'm looking for a round trip flight from Delta Airlines, please help me out."}, {"frames": [{"actions": [{"act": "REQUEST", "canonical_values": [], "slot": "origin_city", "values": []}], "service": "Flights_1", "slots": []}], "speaker": "SYSTEM", "utterance": "What's your departure location?"}, {"frames": [{"actions": [{"act": "INFORM", "canonical_values": ["Paris"], "slot": "origin_city", "values": ["Paris, France"]}], "service": "Flights_1", "slots": [{"exclusive_end": 38, "slot": "origin_city", "start": 25}], "state": {"active_intent": "SearchRoundtripFlights", "requested_slots": [], "slot_values": {"airlines": ["Delta Airlines"], "origin_city": ["Paris, France"]}}}], "speaker": "USER", "utterance": "I will be departing from Paris, France."}, {"frames": [{"actions": [{"act": "REQUEST", "canonical_values": [], "slot": "departure_date", "values": []}, {"act": "REQUEST", "canonical_values": [], "slot": "return_date", "values": []}, {"act": "REQUEST", "canonical_values": [], "slot": "destination_city", "values": []}], "service": "Flights_1", "slots": []}], "speaker": "SYSTEM", "utterance": "And where will you be going? Also, when will you be leaving and coming back?"}, {"frames": [{"actions": [{"act": "INFORM", "canonical_values": ["2019-03-05"], "slot": "departure_date", "values": ["March 5th"]}, {"act": "INFORM", "canonical_values": ["2019-03-13"], "slot": "return_date", "values": ["13th of March"]}, {"act": "INFORM", "canonical_values": ["Philadelphia"], "slot": "destination_city", "values": ["Philly"]}], "service": "Flights_1", "slots": [{"exclusive_end": 53, "slot": "departure_date", "start": 44}, {"exclusive_end": 88, "slot": "return_date", "start": 75}, {"exclusive_end": 23, "slot": "destination_city", "start": 17}], "state": {"active_intent": "SearchRoundtripFlights", "requested_slots": [], "slot_values": {"airlines": ["Delta Airlines"], "departure_date": ["March 5th"], "destination_city": ["Philly"], "origin_city": ["Paris, France"], "return_date": ["13th of March"]}}}], "speaker": "USER", "utterance": "I'll be going to Philly. I want to leave on March 5th with a return on the 13th of March."}, {"frames": [{"actions": [{"act": "OFFER", "canonical_values": ["Delta Airlines"], "slot": "airlines", "values": ["Delta Airlines"]}, {"act": "OFFER", "canonical_values": ["17:35"], "slot": "outbound_departure_time", "values": ["5:35 pm"]}, {"act": "OFFER", "canonical_values": ["12:20"], "slot": "inbound_departure_time", "values": ["12:20 pm"]}, {"act": "OFFER", "canonical_values": ["388"], "slot": "price", "values": ["$388"]}, {"act": "INFORM_COUNT", "canonical_values": ["1"], "slot": "count", "values": ["1"]}], "service": "Flights_1", "service_call": {"method": "SearchRoundtripFlights", "parameters": {"airlines": "Delta Airlines", "departure_date": "2019-03-05", "destination_city": "Philadelphia", "origin_city": "Paris", "return_date": "2019-03-13"}}, "service_results": [{"airlines": "Delta Airlines", "departure_date": "2019-03-05", "destination_airport": "PHL International Airport", "destination_city": "Philadelphia", "inbound_arrival_time": "11:36", "inbound_departure_time": "12:20", "number_stops": "1", "origin_airport": "Charles de Gaulle International Airport", "origin_city": "Paris", "outbound_arrival_time": "00:16", "outbound_departure_time": "17:35", "passengers": "1", "price": "388", "refundable": "False", "return_date": "2019-03-13", "seating_class": "Economy"}], "slots": [{"exclusive_end": 104, "slot": "outbound_departure_time", "start": 97}, {"exclusive_end": 141, "slot": "inbound_departure_time", "start": 133}, {"exclusive_end": 156, "slot": "price", "start": 152}]}], "speaker": "SYSTEM", "utterance": "There's 1 flight I found that is convenient. It's from Delta Airlines, the outbound flight is at 5:35 pm and the return flight is at 12:20 pm. It costs $388."}, {"frames": [{"actions": [{"act": "REQUEST", "canonical_values": [], "slot": "destination_airport", "values": []}, {"act": "REQUEST", "canonical_values": ["1"], "slot": "number_stops", "values": ["1"]}], "service": "Flights_1", "slots": [], "state": {"active_intent": "SearchRoundtripFlights", "requested_slots": ["destination_airport", "number_stops"], "slot_values": {"airlines": ["Delta Airlines"], "departure_date": ["March 5th"], "destination_city": ["Philly"], "origin_city": ["Paris, France"], "return_date": ["13th of March"]}}}], "speaker": "USER", "utterance": "What's the airport that it will be arriving in? And does it have 1 stop?"}, {"frames": [{"actions": [{"act": "INFORM", "canonical_values": ["1"], "slot": "number_stops", "values": ["1"]}, {"act": "INFORM", "canonical_values": ["PHL International Airport"], "slot": "destination_airport", "values": ["PHL International Airport"]}], "service": "Flights_1", "slots": [{"exclusive_end": 69, "slot": "destination_airport", "start": 44}]}], "speaker": "SYSTEM", "utterance": "It does have 1 stop. It will be arriving in PHL International Airport."}, {"frames": [{"actions": [{"act": "SELECT", "canonical_values": [], "slot": "", "values": []}], "service": "Flights_1", "slots": [], "state": {"active_intent": "SearchRoundtripFlights", "requested_slots": [], "slot_values": {"airlines": ["Delta Airlines"], "departure_date": ["March 5th"], "destination_city": ["Philly"], "inbound_departure_time": ["12:20 pm"], "origin_city": ["Paris, France"], "outbound_departure_time": ["5:35 pm"], "return_date": ["13th of March"]}}}], "speaker": "USER", "utterance": "I like the sound of that."}, {"frames": [{"actions": [{"act": "REQ_MORE", "canonical_values": [], "slot": "", "values": []}], "service": "Flights_1", "slots": []}], "speaker": "SYSTEM", "utterance": "Do you need any additional help?"}, {"frames": [{"actions": [{"act": "NEGATE", "canonical_values": [], "slot": "", "values": []}, {"act": "THANK_YOU", "canonical_values": [], "slot": "", "values": []}], "service": "Flights_1", "slots": [], "state": {"active_intent": "NONE", "requested_slots": [], "slot_values": {"airlines": ["Delta Airlines"], "departure_date": ["March 5th"], "destination_city": ["Philly"], "inbound_departure_time": ["12:20 pm"], "origin_city": ["Paris, France"], "outbound_departure_time": ["5:35 pm"], "return_date": ["13th of March"]}}}], "speaker": "USER", "utterance": "No, thanks for helping me."}, {"frames": [{"actions": [{"act": "GOODBYE", "canonical_values": [], "slot": "", "values": []}], "service": "Flights_1", "slots": []}], "speaker": "SYSTEM", "utterance": "Have a terrific rest of your day."}]}, {"dialogue_id": "19_00002", "services": ["Flights_1"], "turns": [{"frames": [{"actions": [{"act": "INFORM_INTENT", "canonical_values": ["SearchRoundtripFlights"], "slot": "intent", "values": ["SearchRoundtripFlights"]}], "service": "Flights_1", "slots": [], "state": {"active_intent": "SearchRoundtripFlights", "requested_slots": [], "slot_values": {}}}], "speaker": "USER", "utterance": "I need to find a round trip flight."}, {"frames": [{"actions": [{"act": "REQUEST", "canonical_values": [], "slot": "origin_city", "values": []}], "service": "Flights_1", "slots": []}], "speaker": "SYSTEM", "utterance": "What airport will you be flying out of?"}, {"frames": [{"actions": [{"act": "INFORM", "canonical_values": ["Los Angeles"], "slot": "origin_city", "values": ["Los Angeles"]}], "service": "Flights_1", "slots": [{"exclusive_end": 34, "slot": "origin_city", "start": 23}], "state": {"active_intent": "SearchRoundtripFlights", "requested_slots": [], "slot_values": {"origin_city": ["Los Angeles"]}}}], "speaker": "USER", "utterance": "I will be leaving from Los Angeles."}, {"frames": [{"actions": [{"act": "REQUEST", "canonical_values": [], "slot": "destination_city", "values": []}, {"act": "REQUEST", "canonical_values": [], "slot": "return_date", "values": []}, {"act": "REQUEST", "canonical_values": [], "slot": "departure_date", "values": []}], "service": "Flights_1", "slots": []}], "speaker": "SYSTEM", "utterance": "What dates would you like to look for? Where would you like to fly to?"}, {"frames": [{"actions": [{"act": "INFORM", "canonical_values": ["2019-03-09"], "slot": "departure_date", "values": ["the 9th"]}, {"act": "INFORM", "canonical_values": ["2019-03-11"], "slot": "return_date", "values": ["11th of this month"]}, {"act": "INFORM", "canonical_values": ["San Francisco"], "slot": "origin_city", "values": ["San Fran"]}, {"act": "INFORM", "canonical_values": ["Atlanta"], "slot": "destination_city", "values": ["Atlanta, GA"]}], "service": "Flights_1", "slots": [{"exclusive_end": 26, "slot": "departure_date", "start": 19}, {"exclusive_end": 66, "slot": "return_date", "start": 48}, {"exclusive_end": 88, "slot": "origin_city", "start": 80}, {"exclusive_end": 103, "slot": "destination_city", "start": 92}], "state": {"active_intent": "SearchRoundtripFlights", "requested_slots": [], "slot_values": {"departure_date": ["the 9th"], "destination_city": ["Atlanta, GA"], "origin_city": ["San Fran"], "return_date": ["11th of this month"]}}}], "speaker": "USER", "utterance": "I need to leave on the 9th and come back on the 11th of this month. Flying from San Fran to Atlanta, GA."}, {"frames": [{"actions": [{"act": "OFFER", "canonical_values": ["American Airlines"], "slot": "airlines", "values": ["American Airlines"]}, {"act": "OFFER", "canonical_values": ["14:15"], "slot": "outbound_departure_time", "values": ["2:15 pm"]}, {"act": "OFFER", "canonical_values": ["11:40"], "slot": "inbound_departure_time", "values": ["11:40 am"]}, {"act": "OFFER", "canonical_values": ["255"], "slot": "price", "values": ["$255"]}], "service": "Flights_1", "service_call": {"method": "SearchRoundtripFlights", "parameters": {"departure_date": "2019-03-09", "destination_city": "Atlanta", "origin_city": "San Francisco", "return_date": "2019-03-11"}}, "service_results": [{"airlines": "American Airlines", "departure_date": "2019-03-09", "destination_airport": "Hartsfield-Jackson International Airport", "destination_city": "Atlanta", "inbound_arrival_time": "14:06", "inbound_departure_time": "11:40", "number_stops": "1", "origin_airport": "SFO International Airport", "origin_city": "San Francisco", "outbound_arrival_time": "01:27", "outbound_departure_time": "14:15", "passengers": "1", "price": "255", "refundable": "False", "return_date": "2019-03-11", "seating_class": "Economy"}, {"airlines": "Delta Airlines", "departure_date": "2019-03-09", "destination_airport": "Hartsfield-Jackson International Airport", "destination_city": "Atlanta", "inbound_arrival_time": "15:16", "inbound_departure_time": "12:50", "number_stops": "0", "origin_airport": "SFO International Airport", "origin_city": "San Francisco", "outbound_arrival_time": "18:31", "outbound_departure_time": "10:05", "passengers": "1", "price": "198", "refundable": "False", "return_date": "2019-03-11", "seating_class": "Economy"}, {"airlines": "Southwest Airlines", "departure_date": "2019-03-09", "destination_airport": "Hartsfield-Jackson International Airport", "destination_city": "Atlanta", "inbound_arrival_time": "08:56", "inbound_departure_time": "06:30", "number_stops": "1", "origin_airport": "SFO International Airport", "origin_city": "San Francisco", "outbound_arrival_time": "17:19", "outbound_departure_time": "06:45", "passengers": "1", "price": "236", "refundable": "False", "return_date": "2019-03-11", "seating_class": "Economy"}, {"airlines": "United Airlines", "departure_date": "2019-03-09", "destination_airport": "Hartsfield-Jackson International Airport", "destination_city": "Atlanta", "inbound_arrival_time": "12:06", "inbound_departure_time": "09:40", "number_stops": "0", "origin_airport": "SFO International Airport", "origin_city": "San Francisco", "outbound_arrival_time": "18:41", "outbound_departure_time": "10:15", "passengers": "1", "price": "207", "refundable": "False", "return_date": "2019-03-11", "seating_class": "Economy"}], "slots": [{"exclusive_end": 53, "slot": "outbound_departure_time", "start": 46}, {"exclusive_end": 95, "slot": "inbound_departure_time", "start": 87}, {"exclusive_end": 104, "slot": "price", "start": 100}]}], "speaker": "SYSTEM", "utterance": "American Airlines has a flight that departs a 2:15 pm and the return flight departs at 11:40 am for $255."}, {"frames": [{"actions": [{"act": "REQUEST", "canonical_values": ["0"], "slot": "number_stops", "values": ["0"]}, {"act": "REQUEST", "canonical_values": [], "slot": "inbound_arrival_time", "values": []}], "service": "Flights_1", "slots": [], "state": {"active_intent": "SearchRoundtripFlights", "requested_slots": ["inbound_arrival_time", "number_stops"], "slot_values": {"departure_date": ["the 9th"], "destination_city": ["Atlanta, GA"], "origin_city": ["San Fran"], "return_date": ["11th of this month"]}}}], "speaker": "USER", "utterance": "Does it have more than 0 layovers? What time does my flight arrive?"}, {"frames": [{"actions": [{"act": "INFORM", "canonical_values": ["1"], "slot": "number_stops", "values": ["1"]}, {"act": "INFORM", "canonical_values": ["14:06"], "slot": "inbound_arrival_time", "values": ["2:06 pm"]}], "service": "Flights_1", "slots": [{"exclusive_end": 42, "slot": "inbound_arrival_time", "start": 35}]}], "speaker": "SYSTEM", "utterance": "It has 1 layover and it arrives at 2:06 pm."}, {"frames": [{"actions": [{"act": "REQUEST_ALTS", "canonical_values": [], "slot": "", "values": []}], "service": "Flights_1", "slots": [], "state": {"active_intent": "SearchRoundtripFlights", "requested_slots": [], "slot_values": {"departure_date": ["the 9th"], "destination_city": ["Atlanta, GA"], "origin_city": ["San Fran"], "return_date": ["11th of this month"]}}}], "speaker": "USER", "utterance": "What other options are there?"}, {"frames": [{"actions": [{"act": "OFFER", "canonical_values": ["Delta Airlines"], "slot": "airlines", "values": ["Delta Airlines"]}, {"act": "OFFER", "canonical_values": ["10:05"], "slot": "outbound_departure_time", "values": ["10:05 am"]}, {"act": "OFFER", "canonical_values": ["12:50"], "slot": "inbound_departure_time", "values": ["12:50 pm"]}, {"act": "OFFER", "canonical_values": ["198"], "slot": "price", "values": ["$198"]}], "service": "Flights_1", "slots": [{"exclusive_end": 52, "slot": "outbound_departure_time", "start": 44}, {"exclusive_end": 94, "slot": "inbound_departure_time", "start": 86}, {"exclusive_end": 103, "slot": "price", "start": 99}]}], "speaker": "SYSTEM", "utterance": "Delta Airlines has a flight that departs at 10:05 am and the return flight departs at 12:50 pm for $198."}, {"frames": [{"actions": [{"act": "REQUEST_ALTS", "canonical_values": [], "slot": "", "values": []}], "service": "Flights_1", "slots": [], "state": {"active_intent": "SearchRoundtripFlights", "requested_slots": [], "slot_values": {"departure_date": ["the 9th"], "destination_city": ["Atlanta, GA"], "origin_city": ["San Fran"], "return_date": ["11th of this month"]}}}], "speaker": "USER", "utterance": "Is there anything else."}, {"frames": [{"actions": [{"act": "OFFER", "canonical_values": ["Southwest Airlines"], "slot": "airlines", "values": ["Southwest Airlines"]}, {"act": "OFFER", "canonical_values": ["06:45"], "slot": "outbound_departure_time", "values": ["6:45 am"]}, {"act": "OFFER", "canonical_values": ["06:30"], "slot": "inbound_departure_time", "values": ["6:30 am"]}, {"act": "OFFER", "canonical_values": ["236"], "slot": "price", "values": ["$236"]}], "service": "Flights_1", "slots": [{"exclusive_end": 55, "slot": "outbound_departure_time", "start": 48}, {"exclusive_end": 96, "slot": "inbound_departure_time", "start": 89}, {"exclusive_end": 105, "slot": "price", "start": 101}]}], "speaker": "SYSTEM", "utterance": "Southwest airlines has a flight that departs at 6:45 am and the return flight departs at 6:30 am for $236."}, {"frames": [{"actions": [{"act": "SELECT", "canonical_values": [], "slot": "", "values": []}, {"act": "GOODBYE", "canonical_values": [], "slot": "", "values": []}], "service": "Flights_1", "slots": [], "state": {"active_intent": "SearchRoundtripFlights", "requested_slots": [], "slot_values": {"airlines": ["Southwest Airlines"], "departure_date": ["the 9th"], "destination_city": ["Atlanta, GA"], "inbound_departure_time": ["6:30 am"], "origin_city": ["San Fran"], "outbound_departure_time": ["6:45 am"], "return_date": ["11th of this month"]}}}], "speaker": "USER", "utterance": "Thanks that will be all."}, {"frames": [{"actions": [{"act": "GOODBYE", "canonical_values": [], "slot": "", "values": []}], "service": "Flights_1", "slots": []}], "speaker": "SYSTEM", "utterance": "Have a great day!"}]}, {"dialogue_id": "19_00003", "services": ["Flights_1"], "turns": [{"frames": [{"actions": [{"act": "INFORM", "canonical_values": ["Economy"], "slot": "seating_class", "values": ["Economy"]}, {"act": "INFORM", "canonical_values": ["United Airlines"], "slot": "airlines", "values": ["United Airlines"]}, {"act": "INFORM_INTENT", "canonical_values": ["SearchRoundtripFlights"], "slot": "intent", "values": ["SearchRoundtripFlights"]}], "service": "Flights_1", "slots": [], "state": {"active_intent": "SearchRoundtripFlights", "requested_slots": [], "slot_values": {"airlines": ["United Airlines"], "seating_class": ["Economy"]}}}], "speaker": "USER", "utterance": "I'd like you to search a flight for me. I am looking for United Airlines Economy."}, {"frames": [{"actions": [{"act": "REQUEST", "canonical_values": [], "slot": "origin_city", "values": []}, {"act": "REQUEST", "canonical_values": [], "slot": "departure_date", "values": []}], "service": "Flights_1", "slots": []}], "speaker": "SYSTEM", "utterance": "Where will you be leaving from and when do you plan to leave?"}, {"frames": [{"actions": [{"act": "INFORM", "canonical_values": ["Chicago"], "slot": "origin_city", "values": ["Chicago"]}, {"act": "INFORM", "canonical_values": ["2019-03-09"], "slot": "departure_date", "values": ["9th of this month"]}], "service": "Flights_1", "slots": [{"exclusive_end": 24, "slot": "origin_city", "start": 17}, {"exclusive_end": 49, "slot": "departure_date", "start": 32}], "state": {"active_intent": "SearchRoundtripFlights", "requested_slots": [], "slot_values": {"airlines": ["United Airlines"], "departure_date": ["9th of this month"], "origin_city": ["Chicago"], "seating_class": ["Economy"]}}}], "speaker": "USER", "utterance": "I'm leaving from Chicago on the 9th of this month."}, {"frames": [{"actions": [{"act": "REQUEST", "canonical_values": [], "slot": "destination_city", "values": []}, {"act": "REQUEST", "canonical_values": [], "slot": "return_date", "values": []}], "service": "Flights_1", "slots": []}], "speaker": "SYSTEM", "utterance": "Where are you going and when will you come back?"}, {"frames": [{"actions": [{"act": "INFORM", "canonical_values": ["2"], "slot": "passengers", "values": ["2"]}, {"act": "INFORM", "canonical_values": ["2019-03-14"], "slot": "return_date", "values": ["14th of March"]}, {"act": "INFORM", "canonical_values": ["San Francisco"], "slot": "destination_city", "values": ["San Francisco"]}], "service": "Flights_1", "slots": [{"exclusive_end": 103, "slot": "return_date", "start": 90}, {"exclusive_end": 68, "slot": "destination_city", "start": 55}], "state": {"active_intent": "SearchRoundtripFlights", "requested_slots": [], "slot_values": {"airlines": ["United Airlines"], "departure_date": ["9th of this month"], "destination_city": ["San Francisco"], "origin_city": ["Chicago"], "passengers": ["2"], "return_date": ["14th of March"], "seating_class": ["Economy"]}}}], "speaker": "USER", "utterance": "There are two people in my group, and we want to go to San Francisco and come back on the 14th of March."}, {"frames": [{"actions": [{"act": "OFFER", "canonical_values": ["United Airlines"], "slot": "airlines", "values": ["United Airlines"]}, {"act": "OFFER", "canonical_values": ["04:00"], "slot": "outbound_departure_time", "values": ["4 am"]}, {"act": "OFFER", "canonical_values": ["22:10"], "slot": "inbound_departure_time", "values": ["10:10 pm"]}, {"act": "OFFER", "canonical_values": ["178"], "slot": "price", "values": ["$178"]}], "service": "Flights_1", "service_call": {"method": "SearchRoundtripFlights", "parameters": {"airlines": "United Airlines", "departure_date": "2019-03-09", "destination_city": "San Francisco", "origin_city": "Chicago", "passengers": "2", "return_date": "2019-03-14", "seating_class": "Economy"}}, "service_results": [{"airlines": "United Airlines", "departure_date": "2019-03-09", "destination_airport": "SFO International Airport", "destination_city": "San Francisco", "inbound_arrival_time": "04:57", "inbound_departure_time": "22:10", "number_stops": "0", "origin_airport": "O'Hare International Airport", "origin_city": "Chicago", "outbound_arrival_time": "06:47", "outbound_departure_time": "04:00", "passengers": "2", "price": "178", "refundable": "False", "return_date": "2019-03-14", "seating_class": "Economy"}], "slots": [{"exclusive_end": 53, "slot": "outbound_departure_time", "start": 49}, {"exclusive_end": 87, "slot": "inbound_departure_time", "start": 79}, {"exclusive_end": 96, "slot": "price", "start": 92}]}], "speaker": "SYSTEM", "utterance": "I found a United Airlines flight. Outbound is at 4 am and the return flight is 10:10 pm for $178."}, {"frames": [{"actions": [{"act": "REQUEST", "canonical_values": [], "slot": "outbound_arrival_time", "values": []}], "service": "Flights_1", "slots": [], "state": {"active_intent": "SearchRoundtripFlights", "requested_slots": ["outbound_arrival_time"], "slot_values": {"airlines": ["United Airlines"], "departure_date": ["9th of this month"], "destination_city": ["San Francisco"], "origin_city": ["Chicago"], "passengers": ["2"], "return_date": ["14th of March"], "seating_class": ["Economy"]}}}], "speaker": "USER", "utterance": "When does the onward flight arrive?"}, {"frames": [{"actions": [{"act": "INFORM", "canonical_values": ["06:47"], "slot": "outbound_arrival_time", "values": ["6:47 am"]}], "service": "Flights_1", "slots": [{"exclusive_end": 36, "slot": "outbound_arrival_time", "start": 29}]}], "speaker": "SYSTEM", "utterance": "The onward flight arrives at 6:47 am."}, {"frames": [{"actions": [{"act": "REQUEST", "canonical_values": [], "slot": "destination_airport", "values": []}, {"act": "REQUEST", "canonical_values": [], "slot": "origin_airport", "values": []}], "service": "Flights_1", "slots": [], "state": {"active_intent": "SearchRoundtripFlights", "requested_slots": ["destination_airport", "origin_airport"], "slot_values": {"airlines": ["United Airlines"], "departure_date": ["9th of this month"], "destination_city": ["San Francisco"], "origin_city": ["Chicago"], "passengers": ["2"], "return_date": ["14th of March"], "seating_class": ["Economy"]}}}], "speaker": "USER", "utterance": "Which airport will I be departing and returning from?"}, {"frames": [{"actions": [{"act": "INFORM", "canonical_values": ["SFO International Airport"], "slot": "destination_airport", "values": ["SFO International Airport"]}, {"act": "INFORM", "canonical_values": ["O'Hare International Airport"], "slot": "origin_airport", "values": ["O'Hare International Airport"]}], "service": "Flights_1", "slots": [{"exclusive_end": 40, "slot": "destination_airport", "start": 15}, {"exclusive_end": 101, "slot": "origin_airport", "start": 73}]}], "speaker": "SYSTEM", "utterance": "Destination is SFO International Airport, and you will be departing from O'Hare International Airport."}, {"frames": [{"actions": [{"act": "SELECT", "canonical_values": [], "slot": "", "values": []}], "service": "Flights_1", "slots": [], "state": {"active_intent": "SearchRoundtripFlights", "requested_slots": [], "slot_values": {"airlines": ["United Airlines"], "departure_date": ["9th of this month"], "destination_city": ["San Francisco"], "inbound_departure_time": ["10:10 pm"], "origin_city": ["Chicago"], "outbound_departure_time": ["4 am"], "passengers": ["2"], "return_date": ["14th of March"], "seating_class": ["Economy"]}}}], "speaker": "USER", "utterance": "That sounds great for me."}, {"frames": [{"actions": [{"act": "OFFER_INTENT", "canonical_values": ["ReserveRoundtripFlights"], "slot": "intent", "values": ["ReserveRoundtripFlights"]}], "service": "Flights_1", "slots": []}], "speaker": "SYSTEM", "utterance": "Should I purchase the tickets?"}, {"frames": [{"actions": [{"act": "NEGATE_INTENT", "canonical_values": [], "slot": "", "values": []}, {"act": "GOODBYE", "canonical_values": [], "slot": "", "values": []}], "service": "Flights_1", "slots": [], "state": {"active_intent": "NONE", "requested_slots": [], "slot_values": {"airlines": ["United Airlines"], "departure_date": ["9th of this month"], "destination_city": ["San Francisco"], "inbound_departure_time": ["10:10 pm"], "origin_city": ["Chicago"], "outbound_departure_time": ["4 am"], "passengers": ["2"], "return_date": ["14th of March"], "seating_class": ["Economy"]}}}], "speaker": "USER", "utterance": "No, that's okay."}, {"frames": [{"actions": [{"act": "GOODBYE", "canonical_values": [], "slot": "", "values": []}], "service": "Flights_1", "slots": []}], "speaker": "SYSTEM", "utterance": "Have a wonderful day."}]}, {"dialogue_id": "19_00004", "services": ["Flights_1"], "turns": [{"frames": [{"actions": [{"act": "INFORM_INTENT", "canonical_values": ["SearchRoundtripFlights"], "slot": "intent", "values": ["SearchRoundtripFlights"]}], "service": "Flights_1", "slots": [], "state": {"active_intent": "SearchRoundtripFlights", "requested_slots": [], "slot_values": {}}}], "speaker": "USER", "utterance": "Hello! Could you help me to find some round-trip flights?"}, {"frames": [{"actions": [{"act": "REQUEST", "canonical_values": [], "slot": "departure_date", "values": []}], "service": "Flights_1", "slots": []}], "speaker": "SYSTEM", "utterance": "Sure, when do you plan to depart?"}, {"frames": [{"actions": [{"act": "INFORM", "canonical_values": ["2019-03-07"], "slot": "departure_date", "values": ["March 7th"]}], "service": "Flights_1", "slots": [{"exclusive_end": 29, "slot": "departure_date", "start": 20}], "state": {"active_intent": "SearchRoundtripFlights", "requested_slots": [], "slot_values": {"departure_date": ["March 7th"]}}}], "speaker": "USER", "utterance": "I plan to depart on March 7th."}, {"frames": [{"actions": [{"act": "REQUEST", "canonical_values": [], "slot": "destination_city", "values": []}, {"act": "REQUEST", "canonical_values": [], "slot": "origin_city", "values": []}], "service": "Flights_1", "slots": []}], "speaker": "SYSTEM", "utterance": "Where would be your preferred departure and arrival locations?"}, {"frames": [{"actions": [{"act": "INFORM", "canonical_values": ["Chicago"], "slot": "origin_city", "values": ["Chicago"]}, {"act": "INFORM", "canonical_values": ["New York"], "slot": "destination_city", "values": ["NY"]}], "service": "Flights_1", "slots": [{"exclusive_end": 32, "slot": "origin_city", "start": 25}, {"exclusive_end": 55, "slot": "destination_city", "start": 53}], "state": {"active_intent": "SearchRoundtripFlights", "requested_slots": [], "slot_values": {"departure_date": ["March 7th"], "destination_city": ["NY"], "origin_city": ["Chicago"]}}}], "speaker": "USER", "utterance": "I will be departing from Chicago and I plan to visit NY."}, {"frames": [{"actions": [{"act": "REQUEST", "canonical_values": [], "slot": "return_date", "values": []}], "service": "Flights_1", "slots": []}], "speaker": "SYSTEM", "utterance": "Noted! Then when will you be coming back?"}, {"frames": [{"actions": [{"act": "INFORM", "canonical_values": ["2019-03-11"], "slot": "return_date", "values": ["11th of this month"]}], "service": "Flights_1", "slots": [{"exclusive_end": 40, "slot": "return_date", "start": 22}], "state": {"active_intent": "SearchRoundtripFlights", "requested_slots": [], "slot_values": {"departure_date": ["March 7th"], "destination_city": ["NY"], "origin_city": ["Chicago"], "return_date": ["11th of this month"]}}}], "speaker": "USER", "utterance": "I intend to return on 11th of this month."}, {"frames": [{"actions": [{"act": "OFFER", "canonical_values": ["American Airlines"], "slot": "airlines", "values": ["American Airlines"]}, {"act": "OFFER", "canonical_values": ["12:30"], "slot": "outbound_departure_time", "values": ["12:30 pm"]}, {"act": "OFFER", "canonical_values": ["05:25"], "slot": "inbound_departure_time", "values": ["5:25 am"]}, {"act": "OFFER", "canonical_values": ["136"], "slot": "price", "values": ["$136"]}], "service": "Flights_1", "service_call": {"method": "SearchRoundtripFlights", "parameters": {"departure_date": "2019-03-07", "destination_city": "New York", "origin_city": "Chicago", "return_date": "2019-03-11"}}, "service_results": [{"airlines": "American Airlines", "departure_date": "2019-03-07", "destination_airport": "JFK International Airport", "destination_city": "New York", "inbound_arrival_time": "06:44", "inbound_departure_time": "05:25", "number_stops": "0", "origin_airport": "O'Hare International Airport", "origin_city": "Chicago", "outbound_arrival_time": "15:49", "outbound_departure_time": "12:30", "passengers": "1", "price": "136", "refundable": "False", "return_date": "2019-03-11", "seating_class": "Economy"}, {"airlines": "Delta Airlines", "departure_date": "2019-03-07", "destination_airport": "JFK International Airport", "destination_city": "New York", "inbound_arrival_time": "07:19", "inbound_departure_time": "06:00", "number_stops": "0", "origin_airport": "O'Hare International Airport", "origin_city": "Chicago", "outbound_arrival_time": "12:34", "outbound_departure_time": "09:15", "passengers": "1", "price": "125", "refundable": "False", "return_date": "2019-03-11", "seating_class": "Economy"}, {"airlines": "Southwest Airlines", "departure_date": "2019-03-07", "destination_airport": "JFK International Airport", "destination_city": "New York", "inbound_arrival_time": "05:39", "inbound_departure_time": "04:20", "number_stops": "0", "origin_airport": "O'Hare International Airport", "origin_city": "Chicago", "outbound_arrival_time": "01:09", "outbound_departure_time": "21:50", "passengers": "1", "price": "141", "refundable": "True", "return_date": "2019-03-11", "seating_class": "Economy"}, {"airlines": "United Airlines", "departure_date": "2019-03-07", "destination_airport": "JFK International Airport", "destination_city": "New York", "inbound_arrival_time": "13:31", "inbound_departure_time": "10:05", "number_stops": "1", "origin_airport": "O'Hare International Airport", "origin_city": "Chicago", "outbound_arrival_time": "00:19", "outbound_departure_time": "21:00", "passengers": "1", "price": "170", "refundable": "False", "return_date": "2019-03-11", "seating_class": "Economy"}], "slots": [{"exclusive_end": 62, "slot": "outbound_departure_time", "start": 54}, {"exclusive_end": 87, "slot": "inbound_departure_time", "start": 80}, {"exclusive_end": 112, "slot": "price", "start": 108}]}], "speaker": "SYSTEM", "utterance": "I have found an American Airlines flight departing at 12:30 pm and returning at 5:25 am. This will cost you $136."}, {"frames": [{"actions": [{"act": "REQUEST_ALTS", "canonical_values": [], "slot": "", "values": []}], "service": "Flights_1", "slots": [], "state": {"active_intent": "SearchRoundtripFlights", "requested_slots": [], "slot_values": {"departure_date": ["March 7th"], "destination_city": ["NY"], "origin_city": ["Chicago"], "return_date": ["11th of this month"]}}}], "speaker": "USER", "utterance": "Are there alternative flights available?"}, {"frames": [{"actions": [{"act": "OFFER", "canonical_values": ["Delta Airlines"], "slot": "airlines", "values": ["Delta Airlines"]}, {"act": "OFFER", "canonical_values": ["09:15"], "slot": "outbound_departure_time", "values": ["9:15 am"]}, {"act": "OFFER", "canonical_values": ["06:00"], "slot": "inbound_departure_time", "values": ["6 am"]}, {"act": "OFFER", "canonical_values": ["125"], "slot": "price", "values": ["$125"]}], "service": "Flights_1", "slots": [{"exclusive_end": 67, "slot": "outbound_departure_time", "start": 60}, {"exclusive_end": 89, "slot": "inbound_departure_time", "start": 85}, {"exclusive_end": 114, "slot": "price", "start": 110}]}], "speaker": "SYSTEM", "utterance": "Yes! I have also found a Delta Airlines flight departing at 9:15 am and returning at 6 am. This will cost you $125."}, {"frames": [{"actions": [{"act": "INFORM", "canonical_values": ["Economy"], "slot": "seating_class", "values": ["Economy"]}, {"act": "REQUEST_ALTS", "canonical_values": [], "slot": "", "values": []}], "service": "Flights_1", "slots": [], "state": {"active_intent": "SearchRoundtripFlights", "requested_slots": [], "slot_values": {"departure_date": ["March 7th"], "destination_city": ["NY"], "origin_city": ["Chicago"], "return_date": ["11th of this month"], "seating_class": ["Economy"]}}}], "speaker": "USER", "utterance": "No thanks, are there any other available Economy flights?"}, {"frames": [{"actions": [{"act": "OFFER", "canonical_values": ["Southwest Airlines"], "slot": "airlines", "values": ["Southwest Airlines"]}, {"act": "OFFER", "canonical_values": ["21:50"], "slot": "outbound_departure_time", "values": ["9:50 pm"]}, {"act": "OFFER", "canonical_values": ["04:20"], "slot": "inbound_departure_time", "values": ["4:20 am"]}, {"act": "OFFER", "canonical_values": ["141"], "slot": "price", "values": ["$141"]}], "service": "Flights_1", "service_call": {"method": "SearchRoundtripFlights", "parameters": {"departure_date": "2019-03-07", "destination_city": "New York", "origin_city": "Chicago", "return_date": "2019-03-11", "seating_class": "Economy"}}, "service_results": [{"airlines": "American Airlines", "departure_date": "2019-03-07", "destination_airport": "JFK International Airport", "destination_city": "New York", "inbound_arrival_time": "06:44", "inbound_departure_time": "05:25", "number_stops": "0", "origin_airport": "O'Hare International Airport", "origin_city": "Chicago", "outbound_arrival_time": "15:49", "outbound_departure_time": "12:30", "passengers": "1", "price": "136", "refundable": "False", "return_date": "2019-03-11", "seating_class": "Economy"}, {"airlines": "Delta Airlines", "departure_date": "2019-03-07", "destination_airport": "JFK International Airport", "destination_city": "New York", "inbound_arrival_time": "07:19", "inbound_departure_time": "06:00", "number_stops": "0", "origin_airport": "O'Hare International Airport", "origin_city": "Chicago", "outbound_arrival_time": "12:34", "outbound_departure_time": "09:15", "passengers": "1", "price": "125", "refundable": "False", "return_date": "2019-03-11", "seating_class": "Economy"}, {"airlines": "Southwest Airlines", "departure_date": "2019-03-07", "destination_airport": "JFK International Airport", "destination_city": "New York", "inbound_arrival_time": "05:39", "inbound_departure_time": "04:20", "number_stops": "0", "origin_airport": "O'Hare International Airport", "origin_city": "Chicago", "outbound_arrival_time": "01:09", "outbound_departure_time": "21:50", "passengers": "1", "price": "141", "refundable": "True", "return_date": "2019-03-11", "seating_class": "Economy"}, {"airlines": "United Airlines", "departure_date": "2019-03-07", "destination_airport": "JFK International Airport", "destination_city": "New York", "inbound_arrival_time": "13:31", "inbound_departure_time": "10:05", "number_stops": "1", "origin_airport": "O'Hare International Airport", "origin_city": "Chicago", "outbound_arrival_time": "00:19", "outbound_departure_time": "21:00", "passengers": "1", "price": "170", "refundable": "False", "return_date": "2019-03-11", "seating_class": "Economy"}], "slots": [{"exclusive_end": 67, "slot": "outbound_departure_time", "start": 60}, {"exclusive_end": 92, "slot": "inbound_departure_time", "start": 85}, {"exclusive_end": 117, "slot": "price", "start": 113}]}], "speaker": "SYSTEM", "utterance": "Yes. There is also a Southwest Airlines flight departing at 9:50 pm and returning at 4:20 am. This will cost you $141."}, {"frames": [{"actions": [{"act": "REQUEST", "canonical_values": [], "slot": "refundable", "values": []}], "service": "Flights_1", "slots": [], "state": {"active_intent": "SearchRoundtripFlights", "requested_slots": ["refundable"], "slot_values": {"departure_date": ["March 7th"], "destination_city": ["NY"], "origin_city": ["Chicago"], "return_date": ["11th of this month"], "seating_class": ["Economy"]}}}], "speaker": "USER", "utterance": "Is the ticket refundable?"}, {"frames": [{"actions": [{"act": "INFORM", "canonical_values": ["True"], "slot": "refundable", "values": ["True"]}], "service": "Flights_1", "slots": []}], "speaker": "SYSTEM", "utterance": "Yes, the this is a refundable ticket."}, {"frames": [{"actions": [{"act": "SELECT", "canonical_values": [], "slot": "", "values": []}], "service": "Flights_1", "slots": [], "state": {"active_intent": "SearchRoundtripFlights", "requested_slots": [], "slot_values": {"airlines": ["Southwest Airlines"], "departure_date": ["March 7th"], "destination_city": ["NY"], "inbound_departure_time": ["4:20 am"], "origin_city": ["Chicago"], "outbound_departure_time": ["9:50 pm"], "return_date": ["11th of this month"], "seating_class": ["Economy"]}}}], "speaker": "USER", "utterance": "That sounds great!"}, {"frames": [{"actions": [{"act": "OFFER_INTENT", "canonical_values": ["ReserveRoundtripFlights"], "slot": "intent", "values": ["ReserveRoundtripFlights"]}], "service": "Flights_1", "slots": []}], "speaker": "SYSTEM", "utterance": "Do you need me to make a reservation?"}, {"frames": [{"actions": [{"act": "NEGATE_INTENT", "canonical_values": [], "slot": "", "values": []}], "service": "Flights_1", "slots": [], "state": {"active_intent": "NONE", "requested_slots": [], "slot_values": {"airlines": ["Southwest Airlines"], "departure_date": ["March 7th"], "destination_city": ["NY"], "inbound_departure_time": ["4:20 am"], "origin_city": ["Chicago"], "outbound_departure_time": ["9:50 pm"], "return_date": ["11th of this month"], "seating_class": ["Economy"]}}}], "speaker": "USER", "utterance": "No, I am fine."}, {"frames": [{"actions": [{"act": "REQ_MORE", "canonical_values": [], "slot": "", "values": []}], "service": "Flights_1", "slots": []}], "speaker": "SYSTEM", "utterance": "Do you require any further assistance?"}, {"frames": [{"actions": [{"act": "NEGATE", "canonical_values": [], "slot": "", "values": []}, {"act": "THANK_YOU", "canonical_values": [], "slot": "", "values": []}], "service": "Flights_1", "slots": [], "state": {"active_intent": "NONE", "requested_slots": [], "slot_values": {"airlines": ["Southwest Airlines"], "departure_date": ["March 7th"], "destination_city": ["NY"], "inbound_departure_time": ["4:20 am"], "origin_city": ["Chicago"], "outbound_departure_time": ["9:50 pm"], "return_date": ["11th of this month"], "seating_class": ["Economy"]}}}], "speaker": "USER", "utterance": "No, thank you for your help though."}, {"frames": [{"actions": [{"act": "GOODBYE", "canonical_values": [], "slot": "", "values": []}], "service": "Flights_1", "slots": []}], "speaker": "SYSTEM", "utterance": "No worries, have a pleasant day ahead!"}]}]