[{"dialogue_id": "49_00000", "services": ["Weather_1", "Flights_1", "Hotels_2"], "turns": [{"frames": [{"actions": [{"act": "INFORM_INTENT", "canonical_values": ["GetWeather"], "slot": "intent", "values": ["GetWeather"]}], "service": "Weather_1", "slots": [], "state": {"active_intent": "GetWeather", "requested_slots": [], "slot_values": {}}}], "speaker": "USER", "utterance": "I would like information on the weather"}, {"frames": [{"actions": [{"act": "REQUEST", "canonical_values": [], "slot": "city", "values": []}], "service": "Weather_1", "slots": []}], "speaker": "SYSTEM", "utterance": "Which city do you want the information for?"}, {"frames": [{"actions": [{"act": "INFORM", "canonical_values": ["Sydney"], "slot": "city", "values": ["Sydney, Australia"]}, {"act": "INFORM", "canonical_values": ["2019-03-07"], "slot": "date", "values": ["March 7th"]}], "service": "Weather_1", "slots": [{"exclusive_end": 21, "slot": "city", "start": 4}, {"exclusive_end": 65, "slot": "date", "start": 56}], "state": {"active_intent": "GetWeather", "requested_slots": [], "slot_values": {"city": ["Sydney, Australia"], "date": ["March 7th"]}}}], "speaker": "USER", "utterance": "For Sydney, Australia. What will the weather be like on March 7th?"}, {"frames": [{"actions": [{"act": "OFFER", "canonical_values": ["89"], "slot": "temperature", "values": ["89"]}, {"act": "OFFER", "canonical_values": ["4"], "slot": "precipitation", "values": ["4"]}], "service": "Weather_1", "service_call": {"method": "GetWeather", "parameters": {"city": "Sydney", "date": "2019-03-07"}}, "service_results": [{"city": "Sydney", "date": "2019-03-07", "humidity": "18", "precipitation": "4", "temperature": "89", "wind": "9"}], "slots": [{"exclusive_end": 23, "slot": "temperature", "start": 21}, {"exclusive_end": 61, "slot": "precipitation", "start": 60}]}], "speaker": "SYSTEM", "utterance": "Average temperature: 89 degrees Fahrenheit. Chance of rain: 4 percent"}, {"frames": [{"actions": [{"act": "SELECT", "canonical_values": [], "slot": "", "values": []}], "service": "Weather_1", "slots": [], "state": {"active_intent": "GetWeather", "requested_slots": [], "slot_values": {"city": ["Sydney, Australia"], "date": ["March 7th"]}}}, {"actions": [{"act": "INFORM_INTENT", "canonical_values": ["SearchRoundtripFlights"], "slot": "intent", "values": ["SearchRoundtripFlights"]}], "service": "Flights_1", "slots": [], "state": {"active_intent": "SearchRoundtripFlights", "requested_slots": [], "slot_values": {"destination_city": ["Sydney, Australia"]}}}], "speaker": "USER", "utterance": "Ok, thank you! I need a round trip flight to go there"}, {"frames": [{"actions": [{"act": "REQUEST", "canonical_values": ["2019-03-07"], "slot": "departure_date", "values": ["March 7th"]}, {"act": "REQUEST", "canonical_values": [], "slot": "origin_city", "values": []}, {"act": "REQUEST", "canonical_values": [], "slot": "return_date", "values": []}], "service": "Flights_1", "slots": [{"exclusive_end": 13, "slot": "departure_date", "start": 4}]}], "speaker": "SYSTEM", "utterance": "For March 7th? What is the city of departure? What is the return date?"}, {"frames": [{"actions": [{"act": "INFORM", "canonical_values": ["2019-03-05"], "slot": "departure_date", "values": ["next Tuesday"]}, {"act": "INFORM", "canonical_values": ["San Francisco"], "slot": "origin_city", "values": ["SFO"]}, {"act": "INFORM", "canonical_values": ["2019-03-14"], "slot": "return_date", "values": ["14th of March"]}], "service": "Flights_1", "slots": [{"exclusive_end": 27, "slot": "departure_date", "start": 15}, {"exclusive_end": 36, "slot": "origin_city", "start": 33}, {"exclusive_end": 70, "slot": "return_date", "start": 57}], "state": {"active_intent": "SearchRoundtripFlights", "requested_slots": [], "slot_values": {"departure_date": ["next Tuesday"], "destination_city": ["Sydney, Australia"], "origin_city": ["SFO"], "return_date": ["14th of March"]}}}], "speaker": "USER", "utterance": "I'm leaving on next Tuesday from SFO. The return date is 14th of March"}, {"frames": [{"actions": [{"act": "OFFER", "canonical_values": ["United Airlines"], "slot": "airlines", "values": ["United Airlines"]}, {"act": "OFFER", "canonical_values": ["13:25"], "slot": "outbound_departure_time", "values": ["1:25 pm"]}, {"act": "OFFER", "canonical_values": ["06:10"], "slot": "inbound_departure_time", "values": ["6:10 am"]}, {"act": "OFFER", "canonical_values": ["233"], "slot": "price", "values": ["$233"]}, {"act": "INFORM_COUNT", "canonical_values": ["1"], "slot": "count", "values": ["1"]}], "service": "Flights_1", "service_call": {"method": "SearchRoundtripFlights", "parameters": {"departure_date": "2019-03-05", "destination_city": "Sydney", "origin_city": "San Francisco", "return_date": "2019-03-14"}}, "service_results": [{"airlines": "United Airlines", "departure_date": "2019-03-05", "destination_airport": "Kingsford Smith International Airport", "destination_city": "Sydney", "inbound_arrival_time": "-5:51", "inbound_departure_time": "06:10", "number_stops": "0", "origin_airport": "SFO International Airport", "origin_city": "San Francisco", "outbound_arrival_time": "13:06", "outbound_departure_time": "13:25", "passengers": "1", "price": "233", "refundable": "False", "return_date": "2019-03-14", "seating_class": "Economy"}], "slots": [{"exclusive_end": 54, "slot": "outbound_departure_time", "start": 47}, {"exclusive_end": 87, "slot": "inbound_departure_time", "start": 80}, {"exclusive_end": 110, "slot": "price", "start": 106}]}], "speaker": "SYSTEM", "utterance": "There's 1 convenient United Airlines flight at 1:25 pm. The return flight is at 6:10 am. The ticket costs $233"}, {"frames": [{"actions": [{"act": "REQUEST", "canonical_values": [], "slot": "destination_airport", "values": []}, {"act": "REQUEST", "canonical_values": [], "slot": "outbound_arrival_time", "values": []}], "service": "Flights_1", "slots": [], "state": {"active_intent": "SearchRoundtripFlights", "requested_slots": ["destination_airport", "outbound_arrival_time"], "slot_values": {"departure_date": ["next Tuesday"], "destination_city": ["Sydney, Australia"], "origin_city": ["SFO"], "return_date": ["14th of March"]}}}], "speaker": "USER", "utterance": "What is the destination airport? What time the next arrive?"}, {"frames": [{"actions": [{"act": "INFORM", "canonical_values": ["Kingsford Smith International Airport"], "slot": "destination_airport", "values": ["Kingsford Smith International Airport"]}, {"act": "INFORM", "canonical_values": ["13:06"], "slot": "outbound_arrival_time", "values": ["1:06 pm"]}], "service": "Flights_1", "slots": [{"exclusive_end": 37, "slot": "destination_airport", "start": 0}, {"exclusive_end": 60, "slot": "outbound_arrival_time", "start": 53}]}], "speaker": "SYSTEM", "utterance": "Kingsford Smith International Airport. It arrives at 1:06 pm"}, {"frames": [{"actions": [{"act": "INFORM_INTENT", "canonical_values": ["SearchHouse"], "slot": "intent", "values": ["SearchHouse"]}], "service": "Hotels_2", "slots": [], "state": {"active_intent": "SearchHouse", "requested_slots": [], "slot_values": {"where_to": ["Sydney, Australia"]}}}, {"actions": [{"act": "SELECT", "canonical_values": [], "slot": "", "values": []}], "service": "Flights_1", "slots": [], "state": {"active_intent": "SearchRoundtripFlights", "requested_slots": [], "slot_values": {"airlines": ["United Airlines"], "departure_date": ["next Tuesday"], "destination_city": ["Sydney, Australia"], "inbound_departure_time": ["6:10 am"], "origin_city": ["SFO"], "outbound_departure_time": ["1:25 pm"], "return_date": ["14th of March"]}}}], "speaker": "USER", "utterance": "Ok, It's good for me. I need a house to stay there"}, {"frames": [{"actions": [{"act": "OFFER", "canonical_values": ["1 Columbia Court, Baulkham Hills New South Wales 2153, Australia"], "slot": "address", "values": ["1 Columbia Court, Baulkham Hills New South Wales 2153, Australia"]}, {"act": "OFFER", "canonical_values": ["4.10"], "slot": "rating", "values": ["4.1"]}], "service": "Hotels_2", "service_call": {"method": "SearchHouse", "parameters": {"where_to": "Sydney"}}, "service_results": [{"address": "1 Columbia Court, Baulkham Hills New South Wales 2153, Australia", "has_laundry_service": "True", "number_of_adults": "5", "phone_number": "+61 2 9634 9634", "rating": "4.10", "total_price": "2480", "where_to": "Sydney"}, {"address": "1 Hosking Place", "has_laundry_service": "True", "number_of_adults": "4", "phone_number": "+61 1300 633 462", "rating": "3.60", "total_price": "416", "where_to": "Sydney"}, {"address": "1 Kensington Street, Chippendale New South Wales 2008, Australia", "has_laundry_service": "True", "number_of_adults": "1", "phone_number": "+61 2 8277 8277", "rating": "4.20", "total_price": "525", "where_to": "Sydney"}, {"address": "1 Kingsway, Cronulla New South Wales 2230, Australia", "has_laundry_service": "True", "number_of_adults": "3", "phone_number": "+61 2 8536 3600", "rating": "3.90", "total_price": "1512", "where_to": "Sydney"}, {"address": "1 Salisbury Road, Castle Hill New South Wales 2154, Australia", "has_laundry_service": "True", "number_of_adults": "5", "phone_number": "+61 2 9680 3800", "rating": "4.40", "total_price": "2790", "where_to": "Sydney"}, {"address": "10 Atchison Street, St Leonards New South Wales 2065, Australia", "has_laundry_service": "True", "number_of_adults": "3", "phone_number": "+61 2 8425 0400", "rating": "4.40", "total_price": "276", "where_to": "Sydney"}, {"address": "10 Brown Street, Chatswood New South Wales 2067, Australia", "has_laundry_service": "False", "number_of_adults": "3", "phone_number": "+61 131517", "rating": "3.80", "total_price": "2448", "where_to": "Sydney"}, {"address": "10 Byfield St Macquarie Park", "has_laundry_service": "True", "number_of_adults": "5", "phone_number": "+61 2 9428 9500", "rating": "4.30", "total_price": "2100", "where_to": "Sydney"}, {"address": "100 Bayswater Road, Rushcutters Bay New South Wales 2011, Australia", "has_laundry_service": "True", "number_of_adults": "4", "phone_number": "+61 2 8353 8988", "rating": "4.10", "total_price": "3072", "where_to": "Sydney"}, {"address": "100 Marsden Street, Parramatta New South Wales 2150, Australia", "has_laundry_service": "False", "number_of_adults": "4", "phone_number": "+61 2 9633 9898", "rating": "4.40", "total_price": "512", "where_to": "Sydney"}], "slots": [{"exclusive_end": 75, "slot": "address", "start": 11}, {"exclusive_end": 94, "slot": "rating", "start": 91}]}], "speaker": "SYSTEM", "utterance": "What about 1 Columbia Court, Baulkham Hills New South Wales 2153, Australia? Its rating is 4.1"}, {"frames": [{"actions": [{"act": "SELECT", "canonical_values": [], "slot": "", "values": []}], "service": "Hotels_2", "slots": [], "state": {"active_intent": "SearchHouse", "requested_slots": [], "slot_values": {"where_to": ["Sydney, Australia"]}}}], "speaker": "USER", "utterance": "Yes, It's nice!"}, {"frames": [{"actions": [{"act": "OFFER_INTENT", "canonical_values": ["BookHouse"], "slot": "intent", "values": ["BookHouse"]}], "service": "Hotels_2", "slots": []}], "speaker": "SYSTEM", "utterance": "Do you want to book this home?"}, {"frames": [{"actions": [{"act": "NEGATE_INTENT", "canonical_values": [], "slot": "", "values": []}, {"act": "GOODBYE", "canonical_values": [], "slot": "", "values": []}], "service": "Hotels_2", "slots": [], "state": {"active_intent": "NONE", "requested_slots": [], "slot_values": {"where_to": ["Sydney, Australia"]}}}], "speaker": "USER", "utterance": "Not now, please. That's all"}, {"frames": [{"actions": [{"act": "GOODBYE", "canonical_values": [], "slot": "", "values": []}], "service": "Hotels_2", "slots": []}], "speaker": "SYSTEM", "utterance": "It's a pleasure!"}]}, {"dialogue_id": "49_00001", "services": ["Weather_1", "Flights_1", "Hotels_2"], "turns": [{"frames": [{"actions": [{"act": "INFORM", "canonical_values": ["2019-03-05"], "slot": "date", "values": ["next Tuesday"]}, {"act": "INFORM_INTENT", "canonical_values": ["GetWeather"], "slot": "intent", "values": ["GetWeather"]}], "service": "Weather_1", "slots": [{"exclusive_end": 40, "slot": "date", "start": 28}], "state": {"active_intent": "GetWeather", "requested_slots": [], "slot_values": {"date": ["next Tuesday"]}}}], "speaker": "USER", "utterance": "What is the weather like on next Tuesday?"}, {"frames": [{"actions": [{"act": "REQUEST", "canonical_values": [], "slot": "city", "values": []}], "service": "Weather_1", "slots": []}], "speaker": "SYSTEM", "utterance": "In which city should I check?"}, {"frames": [{"actions": [{"act": "INFORM", "canonical_values": ["Seattle"], "slot": "city", "values": ["Seattle, WA"]}], "service": "Weather_1", "slots": [{"exclusive_end": 15, "slot": "city", "start": 4}], "state": {"active_intent": "GetWeather", "requested_slots": [], "slot_values": {"city": ["Seattle, WA"], "date": ["next Tuesday"]}}}], "speaker": "USER", "utterance": "The Seattle, WA weather please."}, {"frames": [{"actions": [{"act": "OFFER", "canonical_values": ["61"], "slot": "temperature", "values": ["61"]}, {"act": "OFFER", "canonical_values": ["18"], "slot": "precipitation", "values": ["18"]}], "service": "Weather_1", "service_call": {"method": "GetWeather", "parameters": {"city": "Seattle", "date": "2019-03-05"}}, "service_results": [{"city": "Seattle", "date": "2019-03-05", "humidity": "23", "precipitation": "18", "temperature": "61", "wind": "15"}], "slots": [{"exclusive_end": 29, "slot": "temperature", "start": 27}, {"exclusive_end": 56, "slot": "precipitation", "start": 54}]}], "speaker": "SYSTEM", "utterance": "The average temperature is 61 degrees and there is an 18 percent chance of rain."}, {"frames": [{"actions": [{"act": "REQUEST", "canonical_values": [], "slot": "wind", "values": []}], "service": "Weather_1", "slots": [], "state": {"active_intent": "GetWeather", "requested_slots": ["wind"], "slot_values": {"city": ["Seattle, WA"], "date": ["next Tuesday"]}}}], "speaker": "USER", "utterance": "Will it be windy?"}, {"frames": [{"actions": [{"act": "INFORM", "canonical_values": ["15"], "slot": "wind", "values": ["15"]}], "service": "Weather_1", "slots": [{"exclusive_end": 27, "slot": "wind", "start": 25}]}], "speaker": "SYSTEM", "utterance": "The average wind will be 15 mph."}, {"frames": [{"actions": [{"act": "SELECT", "canonical_values": [], "slot": "", "values": []}], "service": "Weather_1", "slots": [], "state": {"active_intent": "GetWeather", "requested_slots": [], "slot_values": {"city": ["Seattle, WA"], "date": ["next Tuesday"]}}}, {"actions": [{"act": "INFORM_INTENT", "canonical_values": ["SearchRoundtripFlights"], "slot": "intent", "values": ["SearchRoundtripFlights"]}], "service": "Flights_1", "slots": [], "state": {"active_intent": "SearchRoundtripFlights", "requested_slots": [], "slot_values": {"destination_city": ["Seattle, WA"]}}}], "speaker": "USER", "utterance": "Okay, I also need a round trip flight."}, {"frames": [{"actions": [{"act": "REQUEST", "canonical_values": ["2019-03-05"], "slot": "departure_date", "values": ["March 5th"]}], "service": "Flights_1", "slots": [{"exclusive_end": 25, "slot": "departure_date", "start": 16}]}], "speaker": "SYSTEM", "utterance": "Do you leave on March 5th?"}, {"frames": [{"actions": [{"act": "INFORM", "canonical_values": ["2019-03-03"], "slot": "departure_date", "values": ["March 3rd"]}, {"act": "INFORM", "canonical_values": ["2019-03-11"], "slot": "return_date", "values": ["11th of March"]}, {"act": "INFORM", "canonical_values": ["dontcare"], "slot": "airlines", "values": ["dontcare"]}], "service": "Flights_1", "slots": [{"exclusive_end": 25, "slot": "departure_date", "start": 16}, {"exclusive_end": 60, "slot": "return_date", "start": 47}], "state": {"active_intent": "SearchRoundtripFlights", "requested_slots": [], "slot_values": {"airlines": ["dontcare"], "departure_date": ["March 3rd"], "destination_city": ["Seattle, WA"], "return_date": ["11th of March"]}}}], "speaker": "USER", "utterance": "I am leaving on March 3rd and returning on the 11th of March. Any airline is fine."}, {"frames": [{"actions": [{"act": "REQUEST", "canonical_values": [], "slot": "origin_city", "values": []}], "service": "Flights_1", "slots": []}], "speaker": "SYSTEM", "utterance": "Where will you depart from?"}, {"frames": [{"actions": [{"act": "INFORM", "canonical_values": ["Atlanta"], "slot": "origin_city", "values": ["Atlanta"]}], "service": "Flights_1", "slots": [{"exclusive_end": 32, "slot": "origin_city", "start": 25}], "state": {"active_intent": "SearchRoundtripFlights", "requested_slots": [], "slot_values": {"airlines": ["dontcare"], "departure_date": ["March 3rd"], "destination_city": ["Seattle, WA"], "origin_city": ["Atlanta"], "return_date": ["11th of March"]}}}], "speaker": "USER", "utterance": "I will be departing from Atlanta."}, {"frames": [{"actions": [{"act": "OFFER", "canonical_values": ["American Airlines"], "slot": "airlines", "values": ["American Airlines"]}, {"act": "OFFER", "canonical_values": ["11:40"], "slot": "outbound_departure_time", "values": ["11:40 am"]}, {"act": "OFFER", "canonical_values": ["21:45"], "slot": "inbound_departure_time", "values": ["9:45 pm"]}, {"act": "OFFER", "canonical_values": ["259"], "slot": "price", "values": ["$259"]}, {"act": "INFORM_COUNT", "canonical_values": ["4"], "slot": "count", "values": ["4"]}], "service": "Flights_1", "service_call": {"method": "SearchRoundtripFlights", "parameters": {"departure_date": "2019-03-03", "destination_city": "Seattle", "origin_city": "Atlanta", "return_date": "2019-03-11"}}, "service_results": [{"airlines": "American Airlines", "departure_date": "2019-03-03", "destination_airport": "Seattle-Tacoma International Airport", "destination_city": "Seattle", "inbound_arrival_time": "06:17", "inbound_departure_time": "21:45", "number_stops": "1", "origin_airport": "Hartsfield-Jackson International Airport", "origin_city": "Atlanta", "outbound_arrival_time": "17:06", "outbound_departure_time": "11:40", "passengers": "1", "price": "259", "refundable": "False", "return_date": "2019-03-11", "seating_class": "Economy"}, {"airlines": "Delta Airlines", "departure_date": "2019-03-03", "destination_airport": "Seattle-Tacoma International Airport", "destination_city": "Seattle", "inbound_arrival_time": "08:22", "inbound_departure_time": "23:50", "number_stops": "0", "origin_airport": "Hartsfield-Jackson International Airport", "origin_city": "Atlanta", "outbound_arrival_time": "18:52", "outbound_departure_time": "16:20", "passengers": "1", "price": "192", "refundable": "False", "return_date": "2019-03-11", "seating_class": "Economy"}, {"airlines": "Southwest Airlines", "departure_date": "2019-03-03", "destination_airport": "Seattle-Tacoma International Airport", "destination_city": "Seattle", "inbound_arrival_time": "14:12", "inbound_departure_time": "05:40", "number_stops": "0", "origin_airport": "Hartsfield-Jackson International Airport", "origin_city": "Atlanta", "outbound_arrival_time": "21:52", "outbound_departure_time": "19:20", "passengers": "1", "price": "188", "refundable": "True", "return_date": "2019-03-11", "seating_class": "Economy"}, {"airlines": "United Airlines", "departure_date": "2019-03-03", "destination_airport": "Seattle-Tacoma International Airport", "destination_city": "Seattle", "inbound_arrival_time": "05:24", "inbound_departure_time": "18:20", "number_stops": "1", "origin_airport": "Hartsfield-Jackson International Airport", "origin_city": "Atlanta", "outbound_arrival_time": "19:52", "outbound_departure_time": "17:20", "passengers": "1", "price": "281", "refundable": "True", "return_date": "2019-03-11", "seating_class": "Economy"}], "slots": [{"exclusive_end": 71, "slot": "outbound_departure_time", "start": 63}, {"exclusive_end": 94, "slot": "inbound_departure_time", "start": 87}, {"exclusive_end": 113, "slot": "price", "start": 109}]}], "speaker": "SYSTEM", "utterance": "I found 4 flights. How about American Airlines which leaves at 11:40 am and returns at 9:45 pm. The total is $259."}, {"frames": [{"actions": [{"act": "REQUEST_ALTS", "canonical_values": [], "slot": "", "values": []}], "service": "Flights_1", "slots": [], "state": {"active_intent": "SearchRoundtripFlights", "requested_slots": [], "slot_values": {"airlines": ["dontcare"], "departure_date": ["March 3rd"], "destination_city": ["Seattle, WA"], "origin_city": ["Atlanta"], "return_date": ["11th of March"]}}}], "speaker": "USER", "utterance": "What else did you find?"}, {"frames": [{"actions": [{"act": "OFFER", "canonical_values": ["Delta Airlines"], "slot": "airlines", "values": ["Delta Airlines"]}, {"act": "OFFER", "canonical_values": ["16:20"], "slot": "outbound_departure_time", "values": ["4:20 pm"]}, {"act": "OFFER", "canonical_values": ["23:50"], "slot": "inbound_departure_time", "values": ["11:50 pm"]}, {"act": "OFFER", "canonical_values": ["192"], "slot": "price", "values": ["$192"]}], "service": "Flights_1", "slots": [{"exclusive_end": 48, "slot": "outbound_departure_time", "start": 41}, {"exclusive_end": 74, "slot": "inbound_departure_time", "start": 66}, {"exclusive_end": 89, "slot": "price", "start": 85}]}], "speaker": "SYSTEM", "utterance": "Delta Airlines has an outbound flight at 4:20 pm which returns at 11:50 pm and costs $192."}, {"frames": [{"actions": [{"act": "REQUEST", "canonical_values": [], "slot": "inbound_arrival_time", "values": []}, {"act": "REQUEST", "canonical_values": [], "slot": "outbound_arrival_time", "values": []}], "service": "Flights_1", "slots": [], "state": {"active_intent": "SearchRoundtripFlights", "requested_slots": ["inbound_arrival_time", "outbound_arrival_time"], "slot_values": {"airlines": ["dontcare"], "departure_date": ["March 3rd"], "destination_city": ["Seattle, WA"], "origin_city": ["Atlanta"], "return_date": ["11th of March"]}}}], "speaker": "USER", "utterance": "When are the arrival times for both flights?"}, {"frames": [{"actions": [{"act": "INFORM", "canonical_values": ["08:22"], "slot": "inbound_arrival_time", "values": ["8:22 am"]}, {"act": "INFORM", "canonical_values": ["18:52"], "slot": "outbound_arrival_time", "values": ["6:52 pm"]}], "service": "Flights_1", "slots": [{"exclusive_end": 45, "slot": "inbound_arrival_time", "start": 38}, {"exclusive_end": 89, "slot": "outbound_arrival_time", "start": 82}]}], "speaker": "SYSTEM", "utterance": "The return flight will be arriving at 8:22 am and the departing flight arrives at 6:52 pm."}, {"frames": [{"actions": [{"act": "REQUEST_ALTS", "canonical_values": [], "slot": "", "values": []}], "service": "Flights_1", "slots": [], "state": {"active_intent": "SearchRoundtripFlights", "requested_slots": [], "slot_values": {"airlines": ["dontcare"], "departure_date": ["March 3rd"], "destination_city": ["Seattle, WA"], "origin_city": ["Atlanta"], "return_date": ["11th of March"]}}}], "speaker": "USER", "utterance": "What else do you have available?"}, {"frames": [{"actions": [{"act": "OFFER", "canonical_values": ["Southwest Airlines"], "slot": "airlines", "values": ["Southwest Airlines"]}, {"act": "OFFER", "canonical_values": ["19:20"], "slot": "outbound_departure_time", "values": ["7:20 pm"]}, {"act": "OFFER", "canonical_values": ["05:40"], "slot": "inbound_departure_time", "values": ["5:40 am"]}, {"act": "OFFER", "canonical_values": ["188"], "slot": "price", "values": ["$188"]}], "service": "Flights_1", "slots": [{"exclusive_end": 69, "slot": "outbound_departure_time", "start": 62}, {"exclusive_end": 101, "slot": "inbound_departure_time", "start": 94}, {"exclusive_end": 110, "slot": "price", "start": 106}]}], "speaker": "SYSTEM", "utterance": "How about Southwest Airlines? They have a departing flight at 7:20 pm and returning flight at 5:40 am for $188."}, {"frames": [{"actions": [{"act": "SELECT", "canonical_values": [], "slot": "", "values": []}], "service": "Flights_1", "slots": [], "state": {"active_intent": "SearchRoundtripFlights", "requested_slots": [], "slot_values": {"airlines": ["Southwest Airlines"], "departure_date": ["March 3rd"], "destination_city": ["Seattle, WA"], "inbound_departure_time": ["5:40 am"], "origin_city": ["Atlanta"], "outbound_departure_time": ["7:20 pm"], "return_date": ["11th of March"]}}}], "speaker": "USER", "utterance": "That sounds great thanks."}, {"frames": [{"actions": [{"act": "OFFER_INTENT", "canonical_values": ["ReserveRoundtripFlights"], "slot": "intent", "values": ["ReserveRoundtripFlights"]}], "service": "Flights_1", "slots": []}], "speaker": "SYSTEM", "utterance": "Should I reserve tickets?"}, {"frames": [{"actions": [{"act": "NEGATE_INTENT", "canonical_values": [], "slot": "", "values": []}], "service": "Flights_1", "slots": [], "state": {"active_intent": "NONE", "requested_slots": [], "slot_values": {"airlines": ["Southwest Airlines"], "departure_date": ["March 3rd"], "destination_city": ["Seattle, WA"], "inbound_departure_time": ["5:40 am"], "origin_city": ["Atlanta"], "outbound_departure_time": ["7:20 pm"], "return_date": ["11th of March"]}}}], "speaker": "USER", "utterance": "No not right now thanks."}, {"frames": [{"actions": [{"act": "REQ_MORE", "canonical_values": [], "slot": "", "values": []}], "service": "Flights_1", "slots": []}], "speaker": "SYSTEM", "utterance": "Can I help with anything else?"}, {"frames": [{"actions": [{"act": "INFORM", "canonical_values": ["True"], "slot": "has_laundry_service", "values": ["True"]}, {"act": "INFORM", "canonical_values": ["4.40"], "slot": "rating", "values": ["4.4"]}, {"act": "INFORM", "canonical_values": ["2"], "slot": "number_of_adults", "values": ["2"]}, {"act": "INFORM_INTENT", "canonical_values": ["SearchHouse"], "slot": "intent", "values": ["SearchHouse"]}], "service": "Hotels_2", "slots": [{"exclusive_end": 62, "slot": "rating", "start": 59}], "state": {"active_intent": "SearchHouse", "requested_slots": [], "slot_values": {"has_laundry_service": ["True"], "number_of_adults": ["2"], "rating": ["4.4"], "where_to": ["Seattle, WA"]}}}], "speaker": "USER", "utterance": "I need a house with laundry service that is rated at least 4.4 for 2 people."}, {"frames": [{"actions": [{"act": "OFFER", "canonical_values": ["1000 1st Avenue"], "slot": "address", "values": ["1000 1st Avenue"]}, {"act": "OFFER", "canonical_values": ["4.40"], "slot": "rating", "values": ["4.4"]}], "service": "Hotels_2", "service_call": {"method": "SearchHouse", "parameters": {"has_laundry_service": "True", "number_of_adults": "2", "rating": "4.40", "where_to": "Seattle"}}, "service_results": [{"address": "1000 1st Avenue", "has_laundry_service": "True", "number_of_adults": "2", "phone_number": "+1 206-957-1000", "rating": "4.40", "total_price": "1008", "where_to": "Seattle"}, {"address": "1101 4th Avenue", "has_laundry_service": "True", "number_of_adults": "2", "phone_number": "+1 206-621-1770", "rating": "4.40", "total_price": "928", "where_to": "Seattle"}, {"address": "1815 Terry Avenue", "has_laundry_service": "True", "number_of_adults": "2", "phone_number": "+1 206-388-1000", "rating": "4.40", "total_price": "2856", "where_to": "Seattle"}, {"address": "2000 4th Avenue", "has_laundry_service": "True", "number_of_adults": "2", "phone_number": "+1 206-448-8600", "rating": "4.40", "total_price": "1176", "where_to": "Seattle"}, {"address": "255 South King Street", "has_laundry_service": "True", "number_of_adults": "2", "phone_number": "+1 206-859-4400", "rating": "4.40", "total_price": "612", "where_to": "Seattle"}, {"address": "3926 Aurora Avenue North", "has_laundry_service": "True", "number_of_adults": "2", "phone_number": "+1 206-632-1015", "rating": "4.40", "total_price": "1596", "where_to": "Seattle"}, {"address": "4501 12th Avenue Northeast", "has_laundry_service": "True", "number_of_adults": "2", "phone_number": "+1 206-322-8887", "rating": "4.40", "total_price": "465", "where_to": "Seattle"}, {"address": "700 3rd Avenue", "has_laundry_service": "True", "number_of_adults": "2", "phone_number": "+1 206-340-0340", "rating": "4.40", "total_price": "736", "where_to": "Seattle"}, {"address": "724 Pine Street", "has_laundry_service": "True", "number_of_adults": "2", "phone_number": "+1 206-292-9500", "rating": "4.40", "total_price": "945", "where_to": "Seattle"}, {"address": "86 Pine Street", "has_laundry_service": "True", "number_of_adults": "2", "phone_number": "+1 206-443-3600", "rating": "4.40", "total_price": "4060", "where_to": "Seattle"}], "slots": [{"exclusive_end": 25, "slot": "address", "start": 10}, {"exclusive_end": 41, "slot": "rating", "start": 38}]}], "speaker": "SYSTEM", "utterance": "How about 1000 1st Avenue which has a 4.4 rating?"}, {"frames": [{"actions": [{"act": "SELECT", "canonical_values": [], "slot": "", "values": []}, {"act": "GOODBYE", "canonical_values": [], "slot": "", "values": []}], "service": "Hotels_2", "slots": [], "state": {"active_intent": "SearchHouse", "requested_slots": [], "slot_values": {"has_laundry_service": ["True"], "number_of_adults": ["2"], "rating": ["4.4"], "where_to": ["Seattle, WA"]}}}], "speaker": "USER", "utterance": "That's good, thank you."}, {"frames": [{"actions": [{"act": "GOODBYE", "canonical_values": [], "slot": "", "values": []}], "service": "Hotels_2", "slots": []}], "speaker": "SYSTEM", "utterance": "My pleasure, enjoy your trip."}]}, {"dialogue_id": "49_00002", "services": ["Weather_1", "Flights_1", "Hotels_2"], "turns": [{"frames": [{"actions": [{"act": "INFORM", "canonical_values": ["2019-03-06"], "slot": "date", "values": ["March 6th"]}, {"act": "INFORM_INTENT", "canonical_values": ["GetWeather"], "slot": "intent", "values": ["GetWeather"]}], "service": "Weather_1", "slots": [{"exclusive_end": 37, "slot": "date", "start": 28}], "state": {"active_intent": "GetWeather", "requested_slots": [], "slot_values": {"date": ["March 6th"]}}}], "speaker": "USER", "utterance": "Please check the weather on March 6th."}, {"frames": [{"actions": [{"act": "REQUEST", "canonical_values": [], "slot": "city", "values": []}], "service": "Weather_1", "slots": []}], "speaker": "SYSTEM", "utterance": "Which city?"}, {"frames": [{"actions": [{"act": "INFORM", "canonical_values": ["Dublin"], "slot": "city", "values": ["Dublin"]}], "service": "Weather_1", "slots": [{"exclusive_end": 6, "slot": "city", "start": 0}], "state": {"active_intent": "GetWeather", "requested_slots": [], "slot_values": {"city": ["Dublin"], "date": ["March 6th"]}}}], "speaker": "USER", "utterance": "Dublin."}, {"frames": [{"actions": [{"act": "OFFER", "canonical_values": ["92"], "slot": "temperature", "values": ["92"]}, {"act": "OFFER", "canonical_values": ["7"], "slot": "precipitation", "values": ["7"]}], "service": "Weather_1", "service_call": {"method": "GetWeather", "parameters": {"city": "Dublin", "date": "2019-03-06"}}, "service_results": [{"city": "Dublin", "date": "2019-03-06", "humidity": "20", "precipitation": "7", "temperature": "92", "wind": "6"}], "slots": [{"exclusive_end": 19, "slot": "temperature", "start": 17}, {"exclusive_end": 45, "slot": "precipitation", "start": 44}]}], "speaker": "SYSTEM", "utterance": "It's going to be 92 degrees Fahrenheit with 7 percent chance of rain."}, {"frames": [{"actions": [{"act": "INFORM", "canonical_values": ["Philadelphia"], "slot": "city", "values": ["Philadelphia"]}, {"act": "INFORM", "canonical_values": ["2019-03-11"], "slot": "date", "values": ["March 11th"]}, {"act": "REQUEST_ALTS", "canonical_values": [], "slot": "", "values": []}], "service": "Weather_1", "slots": [{"exclusive_end": 25, "slot": "city", "start": 13}, {"exclusive_end": 39, "slot": "date", "start": 29}], "state": {"active_intent": "GetWeather", "requested_slots": [], "slot_values": {"city": ["Philadelphia"], "date": ["March 11th"]}}}], "speaker": "USER", "utterance": "How about in Philadelphia on March 11th?"}, {"frames": [{"actions": [{"act": "OFFER", "canonical_values": ["72"], "slot": "temperature", "values": ["72"]}, {"act": "OFFER", "canonical_values": ["10"], "slot": "precipitation", "values": ["10"]}], "service": "Weather_1", "service_call": {"method": "GetWeather", "parameters": {"city": "Philadelphia", "date": "2019-03-11"}}, "service_results": [{"city": "Philadelphia", "date": "2019-03-11", "humidity": "33", "precipitation": "10", "temperature": "72", "wind": "11"}], "slots": [{"exclusive_end": 19, "slot": "temperature", "start": 17}, {"exclusive_end": 46, "slot": "precipitation", "start": 44}]}], "speaker": "SYSTEM", "utterance": "It's going to be 72 degrees Fahrenheit with 10 percent chance of rain."}, {"frames": [{"actions": [{"act": "REQUEST", "canonical_values": [], "slot": "humidity", "values": []}, {"act": "REQUEST", "canonical_values": [], "slot": "wind", "values": []}], "service": "Weather_1", "slots": [], "state": {"active_intent": "GetWeather", "requested_slots": ["humidity", "wind"], "slot_values": {"city": ["Philadelphia"], "date": ["March 11th"]}}}], "speaker": "USER", "utterance": "How humid and windy it's gonna be?"}, {"frames": [{"actions": [{"act": "INFORM", "canonical_values": ["33"], "slot": "humidity", "values": ["33"]}, {"act": "INFORM", "canonical_values": ["11"], "slot": "wind", "values": ["11"]}], "service": "Weather_1", "slots": [{"exclusive_end": 21, "slot": "humidity", "start": 19}, {"exclusive_end": 57, "slot": "wind", "start": 55}]}], "speaker": "SYSTEM", "utterance": "Humidity is around 33 percent and wind speed should be 11 miles per hour."}, {"frames": [{"actions": [{"act": "SELECT", "canonical_values": [], "slot": "", "values": []}], "service": "Weather_1", "slots": [], "state": {"active_intent": "GetWeather", "requested_slots": [], "slot_values": {"city": ["Philadelphia"], "date": ["March 11th"]}}}, {"actions": [{"act": "INFORM_INTENT", "canonical_values": ["SearchRoundtripFlights"], "slot": "intent", "values": ["SearchRoundtripFlights"]}], "service": "Flights_1", "slots": [], "state": {"active_intent": "SearchRoundtripFlights", "requested_slots": [], "slot_values": {"destination_city": ["Philadelphia"]}}}], "speaker": "USER", "utterance": "Okay, please help me find a round trip going there."}, {"frames": [{"actions": [{"act": "REQUEST", "canonical_values": ["2019-03-11"], "slot": "departure_date", "values": ["March 11th"]}, {"act": "REQUEST", "canonical_values": [], "slot": "return_date", "values": []}, {"act": "REQUEST", "canonical_values": [], "slot": "origin_city", "values": []}], "service": "Flights_1", "slots": [{"exclusive_end": 28, "slot": "departure_date", "start": 18}]}], "speaker": "SYSTEM", "utterance": "Will you leave on March 11th until what date? And where you are coming from?"}, {"frames": [{"actions": [{"act": "INFORM", "canonical_values": ["2019-03-03"], "slot": "departure_date", "values": ["3rd of March"]}, {"act": "INFORM", "canonical_values": ["Delhi"], "slot": "origin_city", "values": ["New Delhi"]}, {"act": "INFORM", "canonical_values": ["United Airlines"], "slot": "airlines", "values": ["United Airlines"]}, {"act": "INFORM", "canonical_values": ["2019-03-11"], "slot": "return_date", "values": ["March 11th"]}], "service": "Flights_1", "slots": [{"exclusive_end": 31, "slot": "departure_date", "start": 19}, {"exclusive_end": 46, "slot": "origin_city", "start": 37}, {"exclusive_end": 63, "slot": "return_date", "start": 53}], "state": {"active_intent": "SearchRoundtripFlights", "requested_slots": [], "slot_values": {"airlines": ["United Airlines"], "departure_date": ["3rd of March"], "destination_city": ["Philadelphia"], "origin_city": ["New Delhi"], "return_date": ["March 11th"]}}}], "speaker": "USER", "utterance": "I want to leave on 3rd of March from New Delhi until March 11th. I want United Airlines."}, {"frames": [{"actions": [{"act": "OFFER", "canonical_values": ["United Airlines"], "slot": "airlines", "values": ["United Airlines"]}, {"act": "OFFER", "canonical_values": ["12:35"], "slot": "outbound_departure_time", "values": ["12:35 pm"]}, {"act": "OFFER", "canonical_values": ["04:45"], "slot": "inbound_departure_time", "values": ["4:45 am"]}, {"act": "OFFER", "canonical_values": ["316"], "slot": "price", "values": ["$316"]}, {"act": "INFORM_COUNT", "canonical_values": ["1"], "slot": "count", "values": ["1"]}], "service": "Flights_1", "service_call": {"method": "SearchRoundtripFlights", "parameters": {"airlines": "United Airlines", "departure_date": "2019-03-03", "destination_city": "Philadelphia", "origin_city": "Delhi", "return_date": "2019-03-11"}}, "service_results": [{"airlines": "United Airlines", "departure_date": "2019-03-03", "destination_airport": "PHL International Airport", "destination_city": "Philadelphia", "inbound_arrival_time": "05:35", "inbound_departure_time": "04:45", "number_stops": "1", "origin_airport": "Indira Gandhi International Airport", "origin_city": "Delhi", "outbound_arrival_time": "16:36", "outbound_departure_time": "12:35", "passengers": "1", "price": "316", "refundable": "False", "return_date": "2019-03-11", "seating_class": "Economy"}], "slots": [{"exclusive_end": 91, "slot": "outbound_departure_time", "start": 83}, {"exclusive_end": 114, "slot": "inbound_departure_time", "start": 107}, {"exclusive_end": 55, "slot": "price", "start": 51}]}], "speaker": "SYSTEM", "utterance": "I got 1 trip with United Airlines and the price is $316. Outbound flight leaves at 12:35 pm and returns at 4:45 am."}, {"frames": [{"actions": [{"act": "REQUEST", "canonical_values": ["1"], "slot": "number_stops", "values": ["1"]}], "service": "Flights_1", "slots": [], "state": {"active_intent": "SearchRoundtripFlights", "requested_slots": ["number_stops"], "slot_values": {"airlines": ["United Airlines"], "departure_date": ["3rd of March"], "destination_city": ["Philadelphia"], "origin_city": ["New Delhi"], "return_date": ["March 11th"]}}}], "speaker": "USER", "utterance": "Does it have 1 stops?"}, {"frames": [{"actions": [{"act": "INFORM", "canonical_values": ["1"], "slot": "number_stops", "values": ["1"]}], "service": "Flights_1", "slots": []}], "speaker": "SYSTEM", "utterance": "Yes, 1 stops."}, {"frames": [{"actions": [{"act": "INFORM", "canonical_values": ["4.00"], "slot": "rating", "values": ["4.0"]}, {"act": "INFORM", "canonical_values": ["1"], "slot": "number_of_adults", "values": ["1"]}, {"act": "INFORM_INTENT", "canonical_values": ["SearchHouse"], "slot": "intent", "values": ["SearchHouse"]}], "service": "Hotels_2", "slots": [{"exclusive_end": 60, "slot": "rating", "start": 57}], "state": {"active_intent": "SearchHouse", "requested_slots": [], "slot_values": {"number_of_adults": ["1"], "rating": ["4.0"], "where_to": ["Philadelphia"]}}}, {"actions": [{"act": "SELECT", "canonical_values": [], "slot": "", "values": []}], "service": "Flights_1", "slots": [], "state": {"active_intent": "SearchRoundtripFlights", "requested_slots": [], "slot_values": {"airlines": ["United Airlines"], "departure_date": ["3rd of March"], "destination_city": ["Philadelphia"], "inbound_departure_time": ["4:45 am"], "origin_city": ["New Delhi"], "outbound_departure_time": ["12:35 pm"], "return_date": ["March 11th"]}}}], "speaker": "USER", "utterance": "That's great.Please find a house for 1 people there with 4.0 rating."}, {"frames": [{"actions": [{"act": "OFFER", "canonical_values": ["1 Logan Square"], "slot": "address", "values": ["1 Logan Square"]}, {"act": "OFFER", "canonical_values": ["4.00"], "slot": "rating", "values": ["4.0"]}, {"act": "INFORM_COUNT", "canonical_values": ["10"], "slot": "count", "values": ["10"]}], "service": "Hotels_2", "service_call": {"method": "SearchHouse", "parameters": {"number_of_adults": "1", "rating": "4.00", "where_to": "Philadelphia"}}, "service_results": [{"address": "1 Logan Square", "has_laundry_service": "True", "number_of_adults": "1", "phone_number": "+1 215-963-1500", "rating": "4.00", "total_price": "510", "where_to": "Philadelphia"}, {"address": "100 North Christopher Columbus Boulevard", "has_laundry_service": "False", "number_of_adults": "1", "phone_number": "+1 215-627-7900", "rating": "4.00", "total_price": "480", "where_to": "Philadelphia"}, {"address": "1001 Intrepid Avenue", "has_laundry_service": "True", "number_of_adults": "1", "phone_number": "+1 215-644-9200", "rating": "4.00", "total_price": "174", "where_to": "Philadelphia"}, {"address": "101 North Broad Street", "has_laundry_service": "True", "number_of_adults": "1", "phone_number": "+1 215-607-2020", "rating": "4.00", "total_price": "2772", "where_to": "Philadelphia"}, {"address": "1100 Arch Street", "has_laundry_service": "True", "number_of_adults": "1", "phone_number": "+1 215-923-0100", "rating": "4.00", "total_price": "180", "where_to": "Philadelphia"}, {"address": "120 South 17th Street", "has_laundry_service": "True", "number_of_adults": "1", "phone_number": "+1 215-569-8300", "rating": "4.00", "total_price": "2592", "where_to": "Philadelphia"}, {"address": "1200 Arch Street", "has_laundry_service": "True", "number_of_adults": "1", "phone_number": "+1 215-627-1850", "rating": "4.00", "total_price": "600", "where_to": "Philadelphia"}, {"address": "1301 Race Street", "has_laundry_service": "True", "number_of_adults": "1", "phone_number": "+1 215-665-9100", "rating": "4.00", "total_price": "150", "where_to": "Philadelphia"}, {"address": "1305 Walnut Street", "has_laundry_service": "True", "number_of_adults": "1", "phone_number": "+1 215-735-9300", "rating": "4.00", "total_price": "225", "where_to": "Philadelphia"}, {"address": "1355 North Front Street", "has_laundry_service": "False", "number_of_adults": "1", "phone_number": "+1 215-291-1355", "rating": "4.00", "total_price": "360", "where_to": "Philadelphia"}], "slots": [{"exclusive_end": 53, "slot": "address", "start": 39}, {"exclusive_end": 62, "slot": "rating", "start": 59}]}], "speaker": "SYSTEM", "utterance": "I found 10 houses available and one is 1 Logan Square with 4.0 rating."}, {"frames": [{"actions": [{"act": "SELECT", "canonical_values": [], "slot": "", "values": []}], "service": "Hotels_2", "slots": [], "state": {"active_intent": "SearchHouse", "requested_slots": [], "slot_values": {"number_of_adults": ["1"], "rating": ["4.0"], "where_to": ["Philadelphia"]}}}], "speaker": "USER", "utterance": "That's excellent!"}, {"frames": [{"actions": [{"act": "OFFER_INTENT", "canonical_values": ["BookHouse"], "slot": "intent", "values": ["BookHouse"]}], "service": "Hotels_2", "slots": []}], "speaker": "SYSTEM", "utterance": "Will I reserve you this house?"}, {"frames": [{"actions": [{"act": "NEGATE_INTENT", "canonical_values": [], "slot": "", "values": []}, {"act": "GOODBYE", "canonical_values": [], "slot": "", "values": []}], "service": "Hotels_2", "slots": [], "state": {"active_intent": "NONE", "requested_slots": [], "slot_values": {"number_of_adults": ["1"], "rating": ["4.0"], "where_to": ["Philadelphia"]}}}], "speaker": "USER", "utterance": "Not for now."}, {"frames": [{"actions": [{"act": "GOODBYE", "canonical_values": [], "slot": "", "values": []}], "service": "Hotels_2", "slots": []}], "speaker": "SYSTEM", "utterance": "Okay, bye."}]}, {"dialogue_id": "49_00003", "services": ["Weather_1", "Flights_1", "Hotels_2"], "turns": [{"frames": [{"actions": [{"act": "INFORM", "canonical_values": ["2019-03-14"], "slot": "date", "values": ["March 14th"]}, {"act": "INFORM_INTENT", "canonical_values": ["GetWeather"], "slot": "intent", "values": ["GetWeather"]}], "service": "Weather_1", "slots": [{"exclusive_end": 47, "slot": "date", "start": 37}], "state": {"active_intent": "GetWeather", "requested_slots": [], "slot_values": {"date": ["March 14th"]}}}], "speaker": "USER", "utterance": "I'd like to check the weather on the March 14th."}, {"frames": [{"actions": [{"act": "REQUEST", "canonical_values": [], "slot": "city", "values": []}], "service": "Weather_1", "slots": []}], "speaker": "SYSTEM", "utterance": "For which city please?"}, {"frames": [{"actions": [{"act": "INFORM", "canonical_values": ["Philadelphia"], "slot": "city", "values": ["Philadelphia"]}], "service": "Weather_1", "slots": [{"exclusive_end": 30, "slot": "city", "start": 18}], "state": {"active_intent": "GetWeather", "requested_slots": [], "slot_values": {"city": ["Philadelphia"], "date": ["March 14th"]}}}], "speaker": "USER", "utterance": "I'd like to check Philadelphia."}, {"frames": [{"actions": [{"act": "OFFER", "canonical_values": ["84"], "slot": "temperature", "values": ["84"]}, {"act": "OFFER", "canonical_values": ["8"], "slot": "precipitation", "values": ["8"]}], "service": "Weather_1", "service_call": {"method": "GetWeather", "parameters": {"city": "Philadelphia", "date": "2019-03-14"}}, "service_results": [{"city": "Philadelphia", "date": "2019-03-14", "humidity": "26", "precipitation": "8", "temperature": "84", "wind": "10"}], "slots": [{"exclusive_end": 51, "slot": "temperature", "start": 49}, {"exclusive_end": 89, "slot": "precipitation", "start": 88}]}], "speaker": "SYSTEM", "utterance": "Philadelphia will have an average temperature of 84 degrees Fahrenheit that day with an 8 percent possibility of precipitation."}, {"frames": [{"actions": [{"act": "SELECT", "canonical_values": [], "slot": "", "values": []}], "service": "Weather_1", "slots": [], "state": {"active_intent": "GetWeather", "requested_slots": [], "slot_values": {"city": ["Philadelphia"], "date": ["14th of March 2019", "March 14th"]}}}, {"actions": [{"act": "INFORM", "canonical_values": ["2019-03-14"], "slot": "return_date", "values": ["14th of March 2019"]}, {"act": "INFORM", "canonical_values": ["dontcare"], "slot": "seating_class", "values": ["dontcare"]}, {"act": "INFORM_INTENT", "canonical_values": ["SearchRoundtripFlights"], "slot": "intent", "values": ["SearchRoundtripFlights"]}], "service": "Flights_1", "slots": [{"exclusive_end": 104, "slot": "return_date", "start": 86}], "state": {"active_intent": "SearchRoundtripFlights", "requested_slots": [], "slot_values": {"destination_city": ["Philadelphia"], "return_date": ["14th of March 2019", "March 14th"], "seating_class": ["dontcare"]}}}], "speaker": "USER", "utterance": "Thank you. I'm going to need a round trip flight to Philadelphia with a return on the 14th of March 2019. I don't care which class I'm flying in."}, {"frames": [{"actions": [{"act": "REQUEST", "canonical_values": ["2019-03-14"], "slot": "departure_date", "values": ["March 14th"]}, {"act": "REQUEST", "canonical_values": [], "slot": "origin_city", "values": []}], "service": "Flights_1", "slots": [{"exclusive_end": 23, "slot": "departure_date", "start": 13}]}], "speaker": "SYSTEM", "utterance": "You'd like a March 14th return? Where are you departing from?"}, {"frames": [{"actions": [{"act": "INFORM", "canonical_values": ["2019-03-08"], "slot": "departure_date", "values": ["8th of this month"]}, {"act": "INFORM", "canonical_values": ["Washington"], "slot": "origin_city", "values": ["Washington"]}], "service": "Flights_1", "slots": [{"exclusive_end": 56, "slot": "departure_date", "start": 39}, {"exclusive_end": 31, "slot": "origin_city", "start": 21}], "state": {"active_intent": "SearchRoundtripFlights", "requested_slots": [], "slot_values": {"departure_date": ["8th of this month"], "destination_city": ["Philadelphia"], "origin_city": ["Washington"], "return_date": ["14th of March 2019", "March 14th"], "seating_class": ["dontcare"]}}}], "speaker": "USER", "utterance": "I'll be leaving from Washington on the 8th of this month."}, {"frames": [{"actions": [{"act": "OFFER", "canonical_values": ["American Airlines"], "slot": "airlines", "values": ["American Airlines"]}, {"act": "OFFER", "canonical_values": ["17:10"], "slot": "outbound_departure_time", "values": ["5:10 PM"]}, {"act": "OFFER", "canonical_values": ["09:45"], "slot": "inbound_departure_time", "values": ["9:45 AM"]}, {"act": "OFFER", "canonical_values": ["151"], "slot": "price", "values": ["$151"]}], "service": "Flights_1", "service_call": {"method": "SearchRoundtripFlights", "parameters": {"departure_date": "2019-03-08", "destination_city": "Philadelphia", "origin_city": "Washington", "return_date": "2019-03-14"}}, "service_results": [{"airlines": "American Airlines", "departure_date": "2019-03-08", "destination_airport": "PHL International Airport", "destination_city": "Philadelphia", "inbound_arrival_time": "12:05", "inbound_departure_time": "09:45", "number_stops": "1", "origin_airport": "Dulles International Airport", "origin_city": "Washington", "outbound_arrival_time": "19:46", "outbound_departure_time": "17:10", "passengers": "1", "price": "151", "refundable": "False", "return_date": "2019-03-14", "seating_class": "Economy"}, {"airlines": "United Airlines", "departure_date": "2019-03-08", "destination_airport": "PHL International Airport", "destination_city": "Philadelphia", "inbound_arrival_time": "12:05", "inbound_departure_time": "09:20", "number_stops": "1", "origin_airport": "Dulles International Airport", "origin_city": "Washington", "outbound_arrival_time": "00:51", "outbound_departure_time": "20:40", "passengers": "1", "price": "198", "refundable": "False", "return_date": "2019-03-14", "seating_class": "Economy"}], "slots": [{"exclusive_end": 56, "slot": "outbound_departure_time", "start": 49}, {"exclusive_end": 81, "slot": "inbound_departure_time", "start": 74}, {"exclusive_end": 98, "slot": "price", "start": 94}]}], "speaker": "SYSTEM", "utterance": "There's a slight on American Airlines leaving at 5:10 PM and returning at 9:45 AM which costs $151."}, {"frames": [{"actions": [{"act": "SELECT", "canonical_values": [], "slot": "", "values": []}], "service": "Flights_1", "slots": [], "state": {"active_intent": "SearchRoundtripFlights", "requested_slots": [], "slot_values": {"airlines": ["American Airlines"], "departure_date": ["8th of this month"], "destination_city": ["Philadelphia"], "inbound_departure_time": ["9:45 AM"], "origin_city": ["Washington"], "outbound_departure_time": ["5:10 PM"], "return_date": ["14th of March 2019", "March 14th"], "seating_class": ["dontcare"]}}}], "speaker": "USER", "utterance": "I think that will work."}, {"frames": [{"actions": [{"act": "REQ_MORE", "canonical_values": [], "slot": "", "values": []}], "service": "Flights_1", "slots": []}], "speaker": "SYSTEM", "utterance": "What else may I help you with?"}, {"frames": [{"actions": [{"act": "INFORM_INTENT", "canonical_values": ["SearchHouse"], "slot": "intent", "values": ["SearchHouse"]}], "service": "Hotels_2", "slots": [], "state": {"active_intent": "SearchHouse", "requested_slots": [], "slot_values": {"where_to": ["Philadelphia"]}}}], "speaker": "USER", "utterance": "I need to find a house where I can stay."}, {"frames": [{"actions": [{"act": "OFFER", "canonical_values": ["1 Logan Square"], "slot": "address", "values": ["1 Logan Square"]}, {"act": "OFFER", "canonical_values": ["4.40"], "slot": "rating", "values": ["4.4"]}, {"act": "INFORM_COUNT", "canonical_values": ["10"], "slot": "count", "values": ["10"]}], "service": "Hotels_2", "service_call": {"method": "SearchHouse", "parameters": {"where_to": "Philadelphia"}}, "service_results": [{"address": "1 Logan Square", "has_laundry_service": "True", "number_of_adults": "3", "phone_number": "+1 215-963-1500", "rating": "4.40", "total_price": "510", "where_to": "Philadelphia"}, {"address": "100 North Christopher Columbus Boulevard", "has_laundry_service": "False", "number_of_adults": "3", "phone_number": "+1 215-627-7900", "rating": "4.10", "total_price": "480", "where_to": "Philadelphia"}, {"address": "1001 Intrepid Avenue", "has_laundry_service": "True", "number_of_adults": "2", "phone_number": "+1 215-644-9200", "rating": "4.50", "total_price": "174", "where_to": "Philadelphia"}, {"address": "101 North Broad Street", "has_laundry_service": "True", "number_of_adults": "4", "phone_number": "+1 215-607-2020", "rating": "4.40", "total_price": "2772", "where_to": "Philadelphia"}, {"address": "1100 Arch Street", "has_laundry_service": "True", "number_of_adults": "1", "phone_number": "+1 215-923-0100", "rating": "4.00", "total_price": "180", "where_to": "Philadelphia"}, {"address": "120 South 17th Street", "has_laundry_service": "True", "number_of_adults": "3", "phone_number": "+1 215-569-8300", "rating": "4.50", "total_price": "2592", "where_to": "Philadelphia"}, {"address": "1200 Arch Street", "has_laundry_service": "True", "number_of_adults": "4", "phone_number": "+1 215-627-1850", "rating": "4.30", "total_price": "600", "where_to": "Philadelphia"}, {"address": "1201 Race Street", "has_laundry_service": "False", "number_of_adults": "1", "phone_number": "+1 215-496-2700", "rating": "3.70", "total_price": "99", "where_to": "Philadelphia"}, {"address": "1225 Vine Street", "has_laundry_service": "False", "number_of_adults": "5", "phone_number": "+1 215-398-3080", "rating": "3.90", "total_price": "960", "where_to": "Philadelphia"}, {"address": "1301 Race Street", "has_laundry_service": "True", "number_of_adults": "2", "phone_number": "+1 215-665-9100", "rating": "4.20", "total_price": "150", "where_to": "Philadelphia"}], "slots": [{"exclusive_end": 80, "slot": "address", "start": 66}, {"exclusive_end": 99, "slot": "rating", "start": 96}]}], "speaker": "SYSTEM", "utterance": "I've got 10 possibilities that you might like. There's a house at 1 Logan Square which is rated 4.4."}, {"frames": [{"actions": [{"act": "REQUEST_ALTS", "canonical_values": [], "slot": "", "values": []}], "service": "Hotels_2", "slots": [], "state": {"active_intent": "SearchHouse", "requested_slots": [], "slot_values": {"where_to": ["Philadelphia"]}}}], "speaker": "USER", "utterance": "What else is there?"}, {"frames": [{"actions": [{"act": "OFFER", "canonical_values": ["100 North Christopher Columbus Boulevard"], "slot": "address", "values": ["100 North Christopher Columbus Boulevard"]}, {"act": "OFFER", "canonical_values": ["4.10"], "slot": "rating", "values": ["4.1"]}], "service": "Hotels_2", "slots": [{"exclusive_end": 59, "slot": "address", "start": 19}, {"exclusive_end": 70, "slot": "rating", "start": 67}]}], "speaker": "SYSTEM", "utterance": "There's a house at 100 North Christopher Columbus Boulevard with a 4.1 rating."}, {"frames": [{"actions": [{"act": "INFORM", "canonical_values": ["4.40"], "slot": "rating", "values": ["4.4"]}, {"act": "INFORM", "canonical_values": ["True"], "slot": "has_laundry_service", "values": ["True"]}, {"act": "REQUEST_ALTS", "canonical_values": [], "slot": "", "values": []}], "service": "Hotels_2", "slots": [{"exclusive_end": 26, "slot": "rating", "start": 23}], "state": {"active_intent": "SearchHouse", "requested_slots": [], "slot_values": {"has_laundry_service": ["True"], "rating": ["4.4"], "where_to": ["Philadelphia"]}}}], "speaker": "USER", "utterance": "I'd like to stick with 4.4 rating or above and I also need laundry service. What else is there?"}, {"frames": [{"actions": [{"act": "OFFER", "canonical_values": ["1001 Intrepid Avenue"], "slot": "address", "values": ["1001 Intrepid Avenue"]}, {"act": "OFFER", "canonical_values": ["4.40"], "slot": "rating", "values": ["4.4"]}, {"act": "INFORM_COUNT", "canonical_values": ["4"], "slot": "count", "values": ["4"]}], "service": "Hotels_2", "service_call": {"method": "SearchHouse", "parameters": {"has_laundry_service": "True", "rating": "4.40", "where_to": "Philadelphia"}}, "service_results": [{"address": "1001 Intrepid Avenue", "has_laundry_service": "True", "number_of_adults": "2", "phone_number": "+1 215-644-9200", "rating": "4.40", "total_price": "174", "where_to": "Philadelphia"}, {"address": "120 South 17th Street", "has_laundry_service": "True", "number_of_adults": "3", "phone_number": "+1 215-569-8300", "rating": "4.40", "total_price": "2592", "where_to": "Philadelphia"}, {"address": "433 Chestnut Street", "has_laundry_service": "True", "number_of_adults": "5", "phone_number": "+1 855-295-2355", "rating": "4.40", "total_price": "1040", "where_to": "Philadelphia"}, {"address": "Cira Centre South, 2929 Walnut Street", "has_laundry_service": "True", "number_of_adults": "3", "phone_number": "+1 215-372-9000", "rating": "4.40", "total_price": "810", "where_to": "Philadelphia"}], "slots": [{"exclusive_end": 87, "slot": "address", "start": 67}, {"exclusive_end": 98, "slot": "rating", "start": 95}]}], "speaker": "SYSTEM", "utterance": "I've got 4 possibilities, one of them a very nice house located at 1001 Intrepid Avenue with a 4.4 rating."}, {"frames": [{"actions": [{"act": "REQUEST", "canonical_values": [], "slot": "phone_number", "values": []}], "service": "Hotels_2", "slots": [], "state": {"active_intent": "SearchHouse", "requested_slots": ["phone_number"], "slot_values": {"has_laundry_service": ["True"], "rating": ["4.4"], "where_to": ["Philadelphia"]}}}], "speaker": "USER", "utterance": "May I have the phone number?"}, {"frames": [{"actions": [{"act": "INFORM", "canonical_values": ["+1 215-644-9200"], "slot": "phone_number", "values": ["+1 215-644-9200"]}], "service": "Hotels_2", "slots": [{"exclusive_end": 32, "slot": "phone_number", "start": 17}]}], "speaker": "SYSTEM", "utterance": "Absolutely, it's +1 215-644-9200."}, {"frames": [{"actions": [{"act": "SELECT", "canonical_values": [], "slot": "", "values": []}], "service": "Hotels_2", "slots": [], "state": {"active_intent": "SearchHouse", "requested_slots": [], "slot_values": {"has_laundry_service": ["True"], "rating": ["4.4"], "where_to": ["Philadelphia"]}}}], "speaker": "USER", "utterance": "I think that will be great."}, {"frames": [{"actions": [{"act": "OFFER_INTENT", "canonical_values": ["BookHouse"], "slot": "intent", "values": ["BookHouse"]}], "service": "Hotels_2", "slots": []}], "speaker": "SYSTEM", "utterance": "Should I reserve that for you?"}, {"frames": [{"actions": [{"act": "NEGATE_INTENT", "canonical_values": [], "slot": "", "values": []}, {"act": "GOODBYE", "canonical_values": [], "slot": "", "values": []}], "service": "Hotels_2", "slots": [], "state": {"active_intent": "NONE", "requested_slots": [], "slot_values": {"has_laundry_service": ["True"], "rating": ["4.4"], "where_to": ["Philadelphia"]}}}], "speaker": "USER", "utterance": "Not at the moment. I think I'm all set."}, {"frames": [{"actions": [{"act": "GOODBYE", "canonical_values": [], "slot": "", "values": []}], "service": "Hotels_2", "slots": []}], "speaker": "SYSTEM", "utterance": "Thank you very much."}]}, {"dialogue_id": "49_00004", "services": ["Weather_1", "Flights_1", "Hotels_2"], "turns": [{"frames": [{"actions": [{"act": "INFORM", "canonical_values": ["Kuala Lumpur"], "slot": "city", "values": ["Kuala Lumpur"]}, {"act": "INFORM", "canonical_values": ["2019-03-03"], "slot": "date", "values": ["March 3rd"]}, {"act": "INFORM_INTENT", "canonical_values": ["GetWeather"], "slot": "intent", "values": ["GetWeather"]}], "service": "Weather_1", "slots": [{"exclusive_end": 35, "slot": "city", "start": 23}, {"exclusive_end": 48, "slot": "date", "start": 39}], "state": {"active_intent": "GetWeather", "requested_slots": [], "slot_values": {"city": ["Kuala Lumpur"], "date": ["March 3rd"]}}}], "speaker": "USER", "utterance": "What is the weather in Kuala Lumpur on March 3rd?"}, {"frames": [{"actions": [{"act": "OFFER", "canonical_values": ["93"], "slot": "temperature", "values": ["93"]}, {"act": "OFFER", "canonical_values": ["8"], "slot": "precipitation", "values": ["8"]}], "service": "Weather_1", "service_call": {"method": "GetWeather", "parameters": {"city": "Kuala Lumpur", "date": "2019-03-03"}}, "service_results": [{"city": "Kuala Lumpur", "date": "2019-03-03", "humidity": "17", "precipitation": "8", "temperature": "93", "wind": "9"}], "slots": [{"exclusive_end": 22, "slot": "temperature", "start": 20}, {"exclusive_end": 39, "slot": "precipitation", "start": 38}]}], "speaker": "SYSTEM", "utterance": "It is suppose to be 93 degrees with a 8 percent chance of rain."}, {"frames": [{"actions": [{"act": "SELECT", "canonical_values": [], "slot": "", "values": []}], "service": "Weather_1", "slots": [], "state": {"active_intent": "GetWeather", "requested_slots": [], "slot_values": {"city": ["Kuala Lumpur"], "date": ["March 3rd"]}}}, {"actions": [{"act": "INFORM", "canonical_values": ["4"], "slot": "passengers", "values": ["4"]}, {"act": "INFORM", "canonical_values": ["Seattle"], "slot": "origin_city", "values": ["Seattle"]}, {"act": "INFORM", "canonical_values": ["American Airlines"], "slot": "airlines", "values": ["American Airlines"]}, {"act": "INFORM_INTENT", "canonical_values": ["SearchRoundtripFlights"], "slot": "intent", "values": ["SearchRoundtripFlights"]}], "service": "Flights_1", "slots": [{"exclusive_end": 63, "slot": "origin_city", "start": 56}], "state": {"active_intent": "SearchRoundtripFlights", "requested_slots": [], "slot_values": {"airlines": ["American Airlines"], "destination_city": ["Kuala Lumpur"], "origin_city": ["Seattle"], "passengers": ["4"]}}}], "speaker": "USER", "utterance": "I need a round trip flight for four people leaving from Seattle on American Airlines."}, {"frames": [{"actions": [{"act": "REQUEST", "canonical_values": [], "slot": "return_date", "values": []}, {"act": "REQUEST", "canonical_values": ["2019-03-03"], "slot": "departure_date", "values": ["March 3rd"]}], "service": "Flights_1", "slots": [{"exclusive_end": 52, "slot": "departure_date", "start": 43}]}], "speaker": "SYSTEM", "utterance": "When are you returning? Are you leaving on March 3rd?"}, {"frames": [{"actions": [{"act": "INFORM", "canonical_values": ["2019-03-07"], "slot": "return_date", "values": ["next Thursday"]}, {"act": "AFFIRM", "canonical_values": [], "slot": "", "values": []}], "service": "Flights_1", "slots": [{"exclusive_end": 35, "slot": "return_date", "start": 22}], "state": {"active_intent": "SearchRoundtripFlights", "requested_slots": [], "slot_values": {"airlines": ["American Airlines"], "departure_date": ["March 3rd"], "destination_city": ["Kuala Lumpur"], "origin_city": ["Seattle"], "passengers": ["4"], "return_date": ["next Thursday"]}}}], "speaker": "USER", "utterance": "Yes, I want to return next Thursday."}, {"frames": [{"actions": [{"act": "OFFER", "canonical_values": ["American Airlines"], "slot": "airlines", "values": ["American Airlines"]}, {"act": "OFFER", "canonical_values": ["04:55"], "slot": "outbound_departure_time", "values": ["4:55 am"]}, {"act": "OFFER", "canonical_values": ["05:05"], "slot": "inbound_departure_time", "values": ["5:05 am"]}, {"act": "OFFER", "canonical_values": ["355"], "slot": "price", "values": ["$355"]}], "service": "Flights_1", "service_call": {"method": "SearchRoundtripFlights", "parameters": {"airlines": "American Airlines", "departure_date": "2019-03-03", "destination_city": "Kuala Lumpur", "origin_city": "Seattle", "passengers": "4", "return_date": "2019-03-07"}}, "service_results": [{"airlines": "American Airlines", "departure_date": "2019-03-03", "destination_airport": "KLIA International Airport", "destination_city": "Kuala Lumpur", "inbound_arrival_time": "06:43", "inbound_departure_time": "05:05", "number_stops": "1", "origin_airport": "Seattle-Tacoma International Airport", "origin_city": "Seattle", "outbound_arrival_time": "19:42", "outbound_departure_time": "04:55", "passengers": "4", "price": "355", "refundable": "True", "return_date": "2019-03-07", "seating_class": "Economy"}], "slots": [{"exclusive_end": 51, "slot": "outbound_departure_time", "start": 44}, {"exclusive_end": 91, "slot": "inbound_departure_time", "start": 84}, {"exclusive_end": 117, "slot": "price", "start": 113}]}], "speaker": "SYSTEM", "utterance": "I found American Airlines flight leaving at 4:55 am and the return flight leaves at 5:05 am. The ticket price is $355."}, {"frames": [{"actions": [{"act": "INFORM_INTENT", "canonical_values": ["SearchHouse"], "slot": "intent", "values": ["SearchHouse"]}], "service": "Hotels_2", "slots": [], "state": {"active_intent": "SearchHouse", "requested_slots": [], "slot_values": {"where_to": ["Kuala Lumpur"]}}}, {"actions": [{"act": "SELECT", "canonical_values": [], "slot": "", "values": []}], "service": "Flights_1", "slots": [], "state": {"active_intent": "SearchRoundtripFlights", "requested_slots": [], "slot_values": {"airlines": ["American Airlines"], "departure_date": ["March 3rd"], "destination_city": ["Kuala Lumpur"], "inbound_departure_time": ["5:05 am"], "origin_city": ["Seattle"], "outbound_departure_time": ["4:55 am"], "passengers": ["4"], "return_date": ["next Thursday"]}}}], "speaker": "USER", "utterance": "Sounds good! We also need a house to stay at."}, {"frames": [{"actions": [{"act": "OFFER", "canonical_values": ["1, Jalan 2/142a, Taman Len Seng, 56000 Kuala Lumpur, Wilayah Persekutuan"], "slot": "address", "values": ["1, Jalan 2/142a, Taman Len Seng, 56000 Kuala Lumpur, Wilayah Persekutuan"]}, {"act": "OFFER", "canonical_values": ["3.80"], "slot": "rating", "values": ["3.8"]}, {"act": "INFORM_COUNT", "canonical_values": ["10"], "slot": "count", "values": ["10"]}], "service": "Hotels_2", "service_call": {"method": "SearchHouse", "parameters": {"where_to": "Kuala Lumpur"}}, "service_results": [{"address": "1, Jalan 2/142a, Taman Len Seng, 56000 Kuala Lumpur, Wilayah Persekutuan", "has_laundry_service": "True", "number_of_adults": "3", "phone_number": "+60 3-9100 1133", "rating": "3.80", "total_price": "1092", "where_to": "Kuala Lumpur"}, {"address": "1, Jalan Pantai Baharu, Jaya Tower 3, 59200 Kuala Lumpur, Wilayah Persekutuan", "has_laundry_service": "True", "number_of_adults": "3", "phone_number": "+60 3-2298 1888", "rating": "4.20", "total_price": "1575", "where_to": "Kuala Lumpur"}, {"address": "10, Jalan Binjai, Kuala Lumpur, 50450", "has_laundry_service": "True", "number_of_adults": "4", "phone_number": "+60 3-7490 3333", "rating": "4.30", "total_price": "2560", "where_to": "Kuala Lumpur"}, {"address": "10, Jalan Tun Sambanthan, Brickfields, 50470", "has_laundry_service": "True", "number_of_adults": "3", "phone_number": "+60 3-2273 1222", "rating": "3.80", "total_price": "1035", "where_to": "Kuala Lumpur"}, {"address": "10, Lorong P Ramlee, Kuala Lumpur, 50250", "has_laundry_service": "True", "number_of_adults": "2", "phone_number": "+60 3-2726 6788", "rating": "4.30", "total_price": "1120", "where_to": "Kuala Lumpur"}, {"address": "1020, Jalan Sultan Ismail, 50250", "has_laundry_service": "True", "number_of_adults": "2", "phone_number": "+60 3-2168 1688", "rating": "4.60", "total_price": "1750", "where_to": "Kuala Lumpur"}, {"address": "12, Jalan Raja Laut, Chow Kit, 50350", "has_laundry_service": "True", "number_of_adults": "4", "phone_number": "+60 3-2614 8000", "rating": "3.60", "total_price": "1008", "where_to": "Kuala Lumpur"}, {"address": "120, Jalan Pudu, Bukit Bintang, 55100 Kuala Lumpur, Wilayah Persekutuan", "has_laundry_service": "True", "number_of_adults": "3", "phone_number": "+60 3-2143 5000", "rating": "3.70", "total_price": "798", "where_to": "Kuala Lumpur"}, {"address": "120, Jalan Raja Abdullah, Kampung Baru, 50300 Kuala Lumpur, Wilayah Persekutuan", "has_laundry_service": "True", "number_of_adults": "4", "phone_number": "+60 3-2603 1999", "rating": "4.30", "total_price": "832", "where_to": "Kuala Lumpur"}, {"address": "121, Jalan Ampang, Kuala Lumpur, 50450", "has_laundry_service": "True", "number_of_adults": "2", "phone_number": "+60 3-2786 8888", "rating": "4.60", "total_price": "1750", "where_to": "Kuala Lumpur"}], "slots": [{"exclusive_end": 101, "slot": "address", "start": 29}, {"exclusive_end": 119, "slot": "rating", "start": 116}]}], "speaker": "SYSTEM", "utterance": "I found 10 options including 1, Jalan 2/142a, Taman Len Seng, 56000 Kuala Lumpur, Wilayah Persekutuan. It is rating 3.8."}, {"frames": [{"actions": [{"act": "SELECT", "canonical_values": [], "slot": "", "values": []}, {"act": "GOODBYE", "canonical_values": [], "slot": "", "values": []}], "service": "Hotels_2", "slots": [], "state": {"active_intent": "SearchHouse", "requested_slots": [], "slot_values": {"where_to": ["Kuala Lumpur"]}}}], "speaker": "USER", "utterance": "That sounds perfect, that is all I need for now."}, {"frames": [{"actions": [{"act": "GOODBYE", "canonical_values": [], "slot": "", "values": []}], "service": "Hotels_2", "slots": []}], "speaker": "SYSTEM", "utterance": "Have a nice day."}]}]