[{"dialogue_id": "24_00000", "services": ["Flights_4", "Trains_1"], "turns": [{"frames": [{"actions": [{"act": "INFORM", "canonical_values": ["2019-03-12"], "slot": "departure_date", "values": ["12th of March"]}, {"act": "INFORM", "canonical_values": ["San Diego"], "slot": "origin_airport", "values": ["San Diego"]}, {"act": "INFORM_INTENT", "canonical_values": ["SearchOnewayFlight"], "slot": "intent", "values": ["SearchOnewayFlight"]}], "service": "Flights_4", "slots": [{"exclusive_end": 76, "slot": "departure_date", "start": 63}, {"exclusive_end": 55, "slot": "origin_airport", "start": 46}], "state": {"active_intent": "SearchOnewayFlight", "requested_slots": [], "slot_values": {"departure_date": ["12th of March"], "origin_airport": ["San Diego"]}}}], "speaker": "USER", "utterance": "Would you help me set up a trip, leaving from San Diego on the 12th of March so I can attend the upcoming festival? A one-way flight is what I need to accomplish that, my travel agent friend."}, {"frames": [{"actions": [{"act": "REQUEST", "canonical_values": [], "slot": "destination_airport", "values": []}], "service": "Flights_4", "slots": []}], "speaker": "SYSTEM", "utterance": "I'll be happy to help you with that. Where are you going for this trip?"}, {"frames": [{"actions": [{"act": "INFORM", "canonical_values": ["San Francisco"], "slot": "destination_airport", "values": ["SFO"]}], "service": "Flights_4", "slots": [{"exclusive_end": 22, "slot": "destination_airport", "start": 19}], "state": {"active_intent": "SearchOnewayFlight", "requested_slots": [], "slot_values": {"departure_date": ["12th of March"], "destination_airport": ["SFO"], "origin_airport": ["San Diego"]}}}], "speaker": "USER", "utterance": "I'll be heading to SFO."}, {"frames": [{"actions": [{"act": "OFFER", "canonical_values": ["Alaska Airlines"], "slot": "airlines", "values": ["Alaska Airlines"]}, {"act": "OFFER", "canonical_values": ["21:10"], "slot": "outbound_departure_time", "values": ["9:10 pm"]}, {"act": "OFFER", "canonical_values": ["False"], "slot": "is_nonstop", "values": ["False"]}, {"act": "OFFER", "canonical_values": ["171"], "slot": "price", "values": ["$171"]}], "service": "Flights_4", "service_call": {"method": "SearchOnewayFlight", "parameters": {"departure_date": "2019-03-12", "destination_airport": "San Francisco", "origin_airport": "San Diego"}}, "service_results": [{"airlines": "Alaska Airlines", "departure_date": "2019-03-12", "destination_airport": "San Francisco", "is_nonstop": "False", "number_of_tickets": "1", "origin_airport": "San Diego", "outbound_arrival_time": "00:50", "outbound_departure_time": "21:10", "price": "171", "seating_class": "Economy"}, {"airlines": "Delta Airlines", "departure_date": "2019-03-12", "destination_airport": "San Francisco", "is_nonstop": "True", "number_of_tickets": "1", "origin_airport": "San Diego", "outbound_arrival_time": "18:50", "outbound_departure_time": "17:10", "price": "101", "seating_class": "Economy"}, {"airlines": "Southwest Airlines", "departure_date": "2019-03-12", "destination_airport": "San Francisco", "is_nonstop": "True", "number_of_tickets": "1", "origin_airport": "San Diego", "outbound_arrival_time": "13:50", "outbound_departure_time": "12:10", "price": "104", "seating_class": "Economy"}, {"airlines": "United Airlines", "departure_date": "2019-03-12", "destination_airport": "San Francisco", "is_nonstop": "True", "number_of_tickets": "1", "origin_airport": "San Diego", "outbound_arrival_time": "00:55", "outbound_departure_time": "23:15", "price": "98", "seating_class": "Economy"}], "slots": [{"exclusive_end": 52, "slot": "outbound_departure_time", "start": 45}, {"exclusive_end": 71, "slot": "price", "start": 67}]}], "speaker": "SYSTEM", "utterance": "Does an Alaska Airlines flight, departing at 9:10 pm for a fare of $171 interest you?"}, {"frames": [{"actions": [{"act": "REQUEST", "canonical_values": [], "slot": "seating_class", "values": []}], "service": "Flights_4", "slots": [], "state": {"active_intent": "SearchOnewayFlight", "requested_slots": ["seating_class"], "slot_values": {"departure_date": ["12th of March"], "destination_airport": ["SFO"], "origin_airport": ["San Diego"]}}}], "speaker": "USER", "utterance": "Hmm. Would that be an economy or business fare?"}, {"frames": [{"actions": [{"act": "INFORM", "canonical_values": ["Economy"], "slot": "seating_class", "values": ["Economy"]}], "service": "Flights_4", "slots": []}], "speaker": "SYSTEM", "utterance": "Your ticket would be for Economy seating."}, {"frames": [{"actions": [{"act": "REQUEST", "canonical_values": [], "slot": "outbound_arrival_time", "values": []}], "service": "Flights_4", "slots": [], "state": {"active_intent": "SearchOnewayFlight", "requested_slots": ["outbound_arrival_time"], "slot_values": {"departure_date": ["12th of March"], "destination_airport": ["SFO"], "origin_airport": ["San Diego"]}}}], "speaker": "USER", "utterance": "Okay, and what's the arrival time for the flight?"}, {"frames": [{"actions": [{"act": "INFORM", "canonical_values": ["00:50"], "slot": "outbound_arrival_time", "values": ["0:50 am"]}], "service": "Flights_4", "slots": [{"exclusive_end": 37, "slot": "outbound_arrival_time", "start": 30}]}], "speaker": "SYSTEM", "utterance": "The flight is scheduled for a 0:50 am arrival time at your destination."}, {"frames": [{"actions": [{"act": "INFORM", "canonical_values": ["2019-03-14"], "slot": "departure_date", "values": ["14th of March"]}, {"act": "INFORM", "canonical_values": ["United Airlines"], "slot": "airlines", "values": ["United Airlines"]}, {"act": "REQUEST_ALTS", "canonical_values": [], "slot": "", "values": []}], "service": "Flights_4", "slots": [{"exclusive_end": 120, "slot": "departure_date", "start": 107}], "state": {"active_intent": "SearchOnewayFlight", "requested_slots": [], "slot_values": {"airlines": ["United Airlines"], "departure_date": ["14th of March"], "destination_airport": ["SFO"], "origin_airport": ["San Diego"]}}}], "speaker": "USER", "utterance": "I see. Actually, I need to make a couple of changes. I'd like a United Airlines flight that departs on the 14th of March, please."}, {"frames": [{"actions": [{"act": "OFFER", "canonical_values": ["United Airlines"], "slot": "airlines", "values": ["United Airlines"]}, {"act": "OFFER", "canonical_values": ["23:15"], "slot": "outbound_departure_time", "values": ["11:15 pm"]}, {"act": "OFFER", "canonical_values": ["True"], "slot": "is_nonstop", "values": ["True"]}, {"act": "OFFER", "canonical_values": ["99"], "slot": "price", "values": ["$99"]}, {"act": "INFORM_COUNT", "canonical_values": ["1"], "slot": "count", "values": ["1"]}], "service": "Flights_4", "service_call": {"method": "SearchOnewayFlight", "parameters": {"airlines": "United Airlines", "departure_date": "2019-03-14", "destination_airport": "San Francisco", "origin_airport": "San Diego"}}, "service_results": [{"airlines": "United Airlines", "departure_date": "2019-03-14", "destination_airport": "San Francisco", "is_nonstop": "True", "number_of_tickets": "1", "origin_airport": "San Diego", "outbound_arrival_time": "00:55", "outbound_departure_time": "23:15", "price": "99", "seating_class": "Economy"}], "slots": [{"exclusive_end": 100, "slot": "outbound_departure_time", "start": 92}, {"exclusive_end": 126, "slot": "price", "start": 123}]}], "speaker": "SYSTEM", "utterance": "Okay. I'm showing that 1 seat on a United Airlines direct flight is available, departing at 11:15 pm, for a ticket fare of $99. Does that interest you?"}, {"frames": [{"actions": [{"act": "INFORM", "canonical_values": ["1"], "slot": "number_of_adults", "values": ["1"]}, {"act": "INFORM_INTENT", "canonical_values": ["FindTrains"], "slot": "intent", "values": ["FindTrains"]}], "service": "Trains_1", "slots": [], "state": {"active_intent": "FindTrains", "requested_slots": [], "slot_values": {"from": ["San Diego"], "number_of_adults": ["1"], "to": ["SFO"]}}}, {"actions": [{"act": "SELECT", "canonical_values": [], "slot": "", "values": []}], "service": "Flights_4", "slots": [], "state": {"active_intent": "SearchOnewayFlight", "requested_slots": [], "slot_values": {"airlines": ["United Airlines"], "departure_date": ["14th of March"], "destination_airport": ["SFO"], "origin_airport": ["San Diego"]}}}], "speaker": "USER", "utterance": "That's great. Now, would you also see if I can catch a train going that way with seating for 1 person?"}, {"frames": [{"actions": [{"act": "REQUEST", "canonical_values": ["2019-03-14"], "slot": "date_of_journey", "values": ["March 14th"]}], "service": "Trains_1", "slots": [{"exclusive_end": 42, "slot": "date_of_journey", "start": 32}]}], "speaker": "SYSTEM", "utterance": "Sure. Is your date of departure March 14th?"}, {"frames": [{"actions": [{"act": "INFORM", "canonical_values": ["2019-03-07"], "slot": "date_of_journey", "values": ["March 7th"]}], "service": "Trains_1", "slots": [{"exclusive_end": 41, "slot": "date_of_journey", "start": 32}], "state": {"active_intent": "FindTrains", "requested_slots": [], "slot_values": {"date_of_journey": ["March 7th"], "from": ["San Diego"], "number_of_adults": ["1"], "to": ["SFO"]}}}], "speaker": "USER", "utterance": "Please make that departure date March 7th."}, {"frames": [{"actions": [{"act": "OFFER", "canonical_values": ["06:40"], "slot": "journey_start_time", "values": ["6:40 am"]}, {"act": "OFFER", "canonical_values": ["100"], "slot": "total", "values": ["$100"]}, {"act": "INFORM_COUNT", "canonical_values": ["7"], "slot": "count", "values": ["7"]}], "service": "Trains_1", "service_call": {"method": "FindTrains", "parameters": {"date_of_journey": "2019-03-07", "from": "San Diego", "number_of_adults": "1", "to": "San Francisco"}}, "service_results": [{"class": "Value", "date_of_journey": "2019-03-07", "from": "San Diego", "from_station": "Santa Fe Depot", "journey_start_time": "06:40", "number_of_adults": "1", "to": "San Francisco", "to_station": "Salesforce Transit Center", "total": "100", "trip_protection": "True"}, {"class": "Value", "date_of_journey": "2019-03-07", "from": "San Diego", "from_station": "Santa Fe Depot", "journey_start_time": "08:00", "number_of_adults": "1", "to": "San Francisco", "to_station": "Salesforce Transit Center", "total": "83", "trip_protection": "True"}, {"class": "Value", "date_of_journey": "2019-03-07", "from": "San Diego", "from_station": "Santa Fe Depot", "journey_start_time": "10:40", "number_of_adults": "1", "to": "San Francisco", "to_station": "Salesforce Transit Center", "total": "100", "trip_protection": "True"}, {"class": "Value", "date_of_journey": "2019-03-07", "from": "San Diego", "from_station": "Santa Fe Depot", "journey_start_time": "13:10", "number_of_adults": "1", "to": "San Francisco", "to_station": "Salesforce Transit Center", "total": "92", "trip_protection": "True"}, {"class": "Value", "date_of_journey": "2019-03-07", "from": "San Diego", "from_station": "Santa Fe Depot", "journey_start_time": "16:10", "number_of_adults": "1", "to": "San Francisco", "to_station": "Salesforce Transit Center", "total": "107", "trip_protection": "True"}, {"class": "Value", "date_of_journey": "2019-03-07", "from": "San Diego", "from_station": "Santa Fe Depot", "journey_start_time": "18:40", "number_of_adults": "1", "to": "San Francisco", "to_station": "Salesforce Transit Center", "total": "89", "trip_protection": "True"}, {"class": "Value", "date_of_journey": "2019-03-07", "from": "San Diego", "from_station": "Santa Fe Depot", "journey_start_time": "19:10", "number_of_adults": "1", "to": "San Francisco", "to_station": "Salesforce Transit Center", "total": "91", "trip_protection": "True"}], "slots": [{"exclusive_end": 67, "slot": "journey_start_time", "start": 60}, {"exclusive_end": 99, "slot": "total", "start": 95}]}], "speaker": "SYSTEM", "utterance": "I'm showing 7 choices available, with the departure time of 6:40 am for one train at a cost of $100. Would you like that one?"}, {"frames": [{"actions": [{"act": "REQUEST", "canonical_values": [], "slot": "from_station", "values": []}], "service": "Trains_1", "slots": [], "state": {"active_intent": "FindTrains", "requested_slots": ["from_station"], "slot_values": {"date_of_journey": ["March 7th"], "from": ["San Diego"], "number_of_adults": ["1"], "to": ["SFO"]}}}], "speaker": "USER", "utterance": "What's the departure station?"}, {"frames": [{"actions": [{"act": "INFORM", "canonical_values": ["Santa Fe Depot"], "slot": "from_station", "values": ["Santa Fe Depot"]}], "service": "Trains_1", "slots": [{"exclusive_end": 46, "slot": "from_station", "start": 32}]}], "speaker": "SYSTEM", "utterance": "The train would depart from the Santa Fe Depot."}, {"frames": [{"actions": [{"act": "REQUEST", "canonical_values": [], "slot": "to_station", "values": []}], "service": "Trains_1", "slots": [], "state": {"active_intent": "FindTrains", "requested_slots": ["to_station"], "slot_values": {"date_of_journey": ["March 7th"], "from": ["San Diego"], "number_of_adults": ["1"], "to": ["SFO"]}}}], "speaker": "USER", "utterance": "And, what's the arrival station?"}, {"frames": [{"actions": [{"act": "INFORM", "canonical_values": ["Salesforce Transit Center"], "slot": "to_station", "values": ["Salesforce Transit Center"]}], "service": "Trains_1", "slots": [{"exclusive_end": 57, "slot": "to_station", "start": 32}]}], "speaker": "SYSTEM", "utterance": "The train would take you to the Salesforce Transit Center."}, {"frames": [{"actions": [{"act": "INFORM_INTENT", "canonical_values": ["GetTrainTickets"], "slot": "intent", "values": ["GetTrainTickets"]}, {"act": "SELECT", "canonical_values": [], "slot": "", "values": []}], "service": "Trains_1", "slots": [], "state": {"active_intent": "GetTrainTickets", "requested_slots": [], "slot_values": {"date_of_journey": ["March 7th"], "from": ["San Diego"], "journey_start_time": ["6:40 am"], "number_of_adults": ["1"], "to": ["SFO"]}}}], "speaker": "USER", "utterance": "Alrighty then. I'll go with that. Please reserve my ticket."}, {"frames": [{"actions": [{"act": "REQUEST", "canonical_values": [], "slot": "trip_protection", "values": []}], "service": "Trains_1", "slots": []}], "speaker": "SYSTEM", "utterance": "Shall I add insurance for your trip?"}, {"frames": [{"actions": [{"act": "INFORM", "canonical_values": ["True"], "slot": "trip_protection", "values": ["True"]}], "service": "Trains_1", "slots": [], "state": {"active_intent": "GetTrainTickets", "requested_slots": [], "slot_values": {"date_of_journey": ["March 7th"], "from": ["San Diego"], "journey_start_time": ["6:40 am"], "number_of_adults": ["1"], "to": ["SFO"], "trip_protection": ["True"]}}}], "speaker": "USER", "utterance": "Yes, please, tack on some insurance."}, {"frames": [{"actions": [{"act": "CONFIRM", "canonical_values": ["San Diego"], "slot": "from", "values": ["San Diego"]}, {"act": "CONFIRM", "canonical_values": ["San Francisco"], "slot": "to", "values": ["San Francisco"]}, {"act": "CONFIRM", "canonical_values": ["2019-03-07"], "slot": "date_of_journey", "values": ["March 7th"]}, {"act": "CONFIRM", "canonical_values": ["06:40"], "slot": "journey_start_time", "values": ["6:40 am"]}, {"act": "CONFIRM", "canonical_values": ["1"], "slot": "number_of_adults", "values": ["1"]}, {"act": "CONFIRM", "canonical_values": ["True"], "slot": "trip_protection", "values": ["True"]}, {"act": "CONFIRM", "canonical_values": ["Value"], "slot": "class", "values": ["Value"]}], "service": "Trains_1", "slots": [{"exclusive_end": 93, "slot": "from", "start": 84}, {"exclusive_end": 144, "slot": "to", "start": 131}, {"exclusive_end": 106, "slot": "date_of_journey", "start": 97}, {"exclusive_end": 117, "slot": "journey_start_time", "start": 110}]}], "speaker": "SYSTEM", "utterance": "Got it. Do you want me to confirm a Value train ticket for 1 person, departing from San Diego on March 7th at 6:40 am and going to San Francisco?"}, {"frames": [{"actions": [{"act": "AFFIRM", "canonical_values": [], "slot": "", "values": []}], "service": "Trains_1", "slots": [], "state": {"active_intent": "GetTrainTickets", "requested_slots": [], "slot_values": {"class": ["Value"], "date_of_journey": ["March 7th"], "from": ["San Diego"], "journey_start_time": ["6:40 am"], "number_of_adults": ["1"], "to": ["SFO", "San Francisco"], "trip_protection": ["True"]}}}], "speaker": "USER", "utterance": "That's what I want."}, {"frames": [{"actions": [{"act": "NOTIFY_SUCCESS", "canonical_values": [], "slot": "", "values": []}], "service": "Trains_1", "service_call": {"method": "GetTrainTickets", "parameters": {"class": "Value", "date_of_journey": "2019-03-07", "from": "San Diego", "journey_start_time": "06:40", "number_of_adults": "1", "to": "San Francisco", "trip_protection": "True"}}, "service_results": [{"class": "Value", "date_of_journey": "2019-03-07", "from": "San Diego", "from_station": "Santa Fe Depot", "journey_start_time": "06:40", "number_of_adults": "1", "to": "San Francisco", "to_station": "Salesforce Transit Center", "total": "100", "trip_protection": "True"}], "slots": []}], "speaker": "SYSTEM", "utterance": "Your train ticket is now confirmed."}, {"frames": [{"actions": [{"act": "THANK_YOU", "canonical_values": [], "slot": "", "values": []}, {"act": "GOODBYE", "canonical_values": [], "slot": "", "values": []}], "service": "Trains_1", "slots": [], "state": {"active_intent": "GetTrainTickets", "requested_slots": [], "slot_values": {"class": ["Value"], "date_of_journey": ["March 7th"], "from": ["San Diego"], "journey_start_time": ["6:40 am"], "number_of_adults": ["1"], "to": ["SFO", "San Francisco"], "trip_protection": ["True"]}}}], "speaker": "USER", "utterance": "Great help, my friend, and we're done."}, {"frames": [{"actions": [{"act": "GOODBYE", "canonical_values": [], "slot": "", "values": []}], "service": "Trains_1", "slots": []}], "speaker": "SYSTEM", "utterance": "Happy to assist you. Enjoy your day."}]}, {"dialogue_id": "24_00001", "services": ["Flights_4", "Trains_1"], "turns": [{"frames": [{"actions": [{"act": "INFORM_INTENT", "canonical_values": ["SearchOnewayFlight"], "slot": "intent", "values": ["SearchOnewayFlight"]}], "service": "Flights_4", "slots": [], "state": {"active_intent": "SearchOnewayFlight", "requested_slots": [], "slot_values": {}}}], "speaker": "USER", "utterance": "I am looking for a one way flight"}, {"frames": [{"actions": [{"act": "REQUEST", "canonical_values": [], "slot": "destination_airport", "values": []}], "service": "Flights_4", "slots": []}], "speaker": "SYSTEM", "utterance": "where are you traveling to"}, {"frames": [{"actions": [{"act": "INFORM", "canonical_values": ["Atlanta"], "slot": "destination_airport", "values": ["atlanta"]}], "service": "Flights_4", "slots": [{"exclusive_end": 25, "slot": "destination_airport", "start": 18}], "state": {"active_intent": "SearchOnewayFlight", "requested_slots": [], "slot_values": {"destination_airport": ["atlanta"]}}}], "speaker": "USER", "utterance": "i am traveling to atlanta"}, {"frames": [{"actions": [{"act": "REQUEST", "canonical_values": [], "slot": "departure_date", "values": []}], "service": "Flights_4", "slots": []}], "speaker": "SYSTEM", "utterance": "when would you like to travel"}, {"frames": [{"actions": [{"act": "INFORM", "canonical_values": ["2019-03-04"], "slot": "departure_date", "values": ["4th of march"]}], "service": "Flights_4", "slots": [{"exclusive_end": 30, "slot": "departure_date", "start": 18}], "state": {"active_intent": "SearchOnewayFlight", "requested_slots": [], "slot_values": {"departure_date": ["4th of march"], "destination_airport": ["atlanta"]}}}], "speaker": "USER", "utterance": "i am traveling on 4th of march"}, {"frames": [{"actions": [{"act": "REQUEST", "canonical_values": [], "slot": "origin_airport", "values": []}], "service": "Flights_4", "slots": []}], "speaker": "SYSTEM", "utterance": "where are you traveling from"}, {"frames": [{"actions": [{"act": "INFORM", "canonical_values": ["Philadelphia"], "slot": "origin_airport", "values": ["philly"]}], "service": "Flights_4", "slots": [{"exclusive_end": 26, "slot": "origin_airport", "start": 20}], "state": {"active_intent": "SearchOnewayFlight", "requested_slots": [], "slot_values": {"departure_date": ["4th of march"], "destination_airport": ["atlanta"], "origin_airport": ["philly"]}}}], "speaker": "USER", "utterance": "i am traveling from philly"}, {"frames": [{"actions": [{"act": "OFFER", "canonical_values": ["American Airlines"], "slot": "airlines", "values": ["American Airlines"]}, {"act": "OFFER", "canonical_values": ["15:20"], "slot": "outbound_departure_time", "values": ["3:20 pm"]}, {"act": "OFFER", "canonical_values": ["False"], "slot": "is_nonstop", "values": ["False"]}, {"act": "OFFER", "canonical_values": ["176"], "slot": "price", "values": ["$176"]}, {"act": "INFORM_COUNT", "canonical_values": ["4"], "slot": "count", "values": ["4"]}], "service": "Flights_4", "service_call": {"method": "SearchOnewayFlight", "parameters": {"departure_date": "2019-03-04", "destination_airport": "Atlanta", "origin_airport": "Philadelphia"}}, "service_results": [{"airlines": "American Airlines", "departure_date": "2019-03-04", "destination_airport": "Atlanta", "is_nonstop": "False", "number_of_tickets": "1", "origin_airport": "Philadelphia", "outbound_arrival_time": "18:42", "outbound_departure_time": "15:20", "price": "176", "seating_class": "Economy"}, {"airlines": "Delta Airlines", "departure_date": "2019-03-04", "destination_airport": "Atlanta", "is_nonstop": "False", "number_of_tickets": "1", "origin_airport": "Philadelphia", "outbound_arrival_time": "18:42", "outbound_departure_time": "15:00", "price": "161", "seating_class": "Economy"}, {"airlines": "Southwest Airlines", "departure_date": "2019-03-04", "destination_airport": "Atlanta", "is_nonstop": "False", "number_of_tickets": "1", "origin_airport": "Philadelphia", "outbound_arrival_time": "18:42", "outbound_departure_time": "14:45", "price": "161", "seating_class": "Economy"}, {"airlines": "United Airlines", "departure_date": "2019-03-04", "destination_airport": "Atlanta", "is_nonstop": "False", "number_of_tickets": "1", "origin_airport": "Philadelphia", "outbound_arrival_time": "13:42", "outbound_departure_time": "09:45", "price": "176", "seating_class": "Economy"}], "slots": [{"exclusive_end": 93, "slot": "outbound_departure_time", "start": 86}, {"exclusive_end": 102, "slot": "price", "start": 98}]}], "speaker": "SYSTEM", "utterance": "i found 4 flights that are perfect for you. what about american airlines departing at 3:20 pm for $176 per ticket"}, {"frames": [{"actions": [{"act": "INFORM_INTENT", "canonical_values": ["FindTrains"], "slot": "intent", "values": ["FindTrains"]}], "service": "Trains_1", "slots": [], "state": {"active_intent": "FindTrains", "requested_slots": [], "slot_values": {"from": ["philly"], "to": ["atlanta"]}}}, {"actions": [{"act": "SELECT", "canonical_values": [], "slot": "", "values": []}], "service": "Flights_4", "slots": [], "state": {"active_intent": "SearchOnewayFlight", "requested_slots": [], "slot_values": {"departure_date": ["4th of march"], "destination_airport": ["atlanta"], "origin_airport": ["philly"]}}}], "speaker": "USER", "utterance": "that sounds good, can you also find me a train ticket to get there"}, {"frames": [{"actions": [{"act": "REQUEST", "canonical_values": ["2019-03-04"], "slot": "date_of_journey", "values": ["march 4th"]}], "service": "Trains_1", "slots": [{"exclusive_end": 21, "slot": "date_of_journey", "start": 12}]}], "speaker": "SYSTEM", "utterance": "is this for march 4th as well"}, {"frames": [{"actions": [{"act": "INFORM", "canonical_values": ["1"], "slot": "number_of_adults", "values": ["1"]}, {"act": "INFORM", "canonical_values": ["Flexible"], "slot": "class", "values": ["Flexible"]}, {"act": "INFORM", "canonical_values": ["2019-03-13"], "slot": "date_of_journey", "values": ["the 13th"]}], "service": "Trains_1", "slots": [{"exclusive_end": 58, "slot": "date_of_journey", "start": 50}], "state": {"active_intent": "FindTrains", "requested_slots": [], "slot_values": {"class": ["Flexible"], "date_of_journey": ["the 13th"], "from": ["philly"], "number_of_adults": ["1"], "to": ["atlanta"]}}}], "speaker": "USER", "utterance": "please looking for 1 flexible ticket departing on the 13th"}, {"frames": [{"actions": [{"act": "OFFER", "canonical_values": ["09:20"], "slot": "journey_start_time", "values": ["9:20 am"]}, {"act": "OFFER", "canonical_values": ["194"], "slot": "total", "values": ["$194"]}], "service": "Trains_1", "service_call": {"method": "FindTrains", "parameters": {"class": "Flexible", "date_of_journey": "2019-03-13", "from": "Philadelphia", "number_of_adults": "1", "to": "Atlanta"}}, "service_results": [{"class": "Flexible", "date_of_journey": "2019-03-13", "from": "Philadelphia", "from_station": "30th Street Station", "journey_start_time": "09:20", "number_of_adults": "1", "to": "Atlanta", "to_station": "Peachtree Station", "total": "194", "trip_protection": "True"}, {"class": "Flexible", "date_of_journey": "2019-03-13", "from": "Philadelphia", "from_station": "30th Street Station", "journey_start_time": "11:40", "number_of_adults": "1", "to": "Atlanta", "to_station": "Peachtree Station", "total": "187", "trip_protection": "True"}, {"class": "Flexible", "date_of_journey": "2019-03-13", "from": "Philadelphia", "from_station": "30th Street Station", "journey_start_time": "12:20", "number_of_adults": "1", "to": "Atlanta", "to_station": "Peachtree Station", "total": "183", "trip_protection": "True"}, {"class": "Flexible", "date_of_journey": "2019-03-13", "from": "Philadelphia", "from_station": "30th Street Station", "journey_start_time": "16:10", "number_of_adults": "1", "to": "Atlanta", "to_station": "Peachtree Station", "total": "201", "trip_protection": "True"}, {"class": "Flexible", "date_of_journey": "2019-03-13", "from": "Philadelphia", "from_station": "30th Street Station", "journey_start_time": "17:50", "number_of_adults": "1", "to": "Atlanta", "to_station": "Peachtree Station", "total": "203", "trip_protection": "True"}], "slots": [{"exclusive_end": 18, "slot": "journey_start_time", "start": 11}, {"exclusive_end": 37, "slot": "total", "start": 33}]}], "speaker": "SYSTEM", "utterance": "what about 9:20 am departure for $194"}, {"frames": [{"actions": [{"act": "REQUEST", "canonical_values": [], "slot": "to_station", "values": []}], "service": "Trains_1", "slots": [], "state": {"active_intent": "FindTrains", "requested_slots": ["to_station"], "slot_values": {"class": ["Flexible"], "date_of_journey": ["the 13th"], "from": ["philly"], "number_of_adults": ["1"], "to": ["atlanta"]}}}], "speaker": "USER", "utterance": "what station will i arrive at"}, {"frames": [{"actions": [{"act": "INFORM", "canonical_values": ["Peachtree Station"], "slot": "to_station", "values": ["peachtree station"]}], "service": "Trains_1", "slots": [{"exclusive_end": 36, "slot": "to_station", "start": 19}]}], "speaker": "SYSTEM", "utterance": "you will arrive at peachtree station"}, {"frames": [{"actions": [{"act": "REQUEST", "canonical_values": [], "slot": "from_station", "values": []}], "service": "Trains_1", "slots": [], "state": {"active_intent": "FindTrains", "requested_slots": ["from_station"], "slot_values": {"class": ["Flexible"], "date_of_journey": ["the 13th"], "from": ["philly"], "number_of_adults": ["1"], "to": ["atlanta"]}}}], "speaker": "USER", "utterance": "what station am i deparitng from"}, {"frames": [{"actions": [{"act": "INFORM", "canonical_values": ["30th Street Station"], "slot": "from_station", "values": ["30th street station"]}], "service": "Trains_1", "slots": [{"exclusive_end": 40, "slot": "from_station", "start": 21}]}], "speaker": "SYSTEM", "utterance": "you will depart from 30th street station"}, {"frames": [{"actions": [{"act": "REQUEST_ALTS", "canonical_values": [], "slot": "", "values": []}], "service": "Trains_1", "slots": [], "state": {"active_intent": "FindTrains", "requested_slots": [], "slot_values": {"class": ["Flexible"], "date_of_journey": ["the 13th"], "from": ["philly"], "number_of_adults": ["1"], "to": ["atlanta"]}}}], "speaker": "USER", "utterance": "what other train can you find"}, {"frames": [{"actions": [{"act": "OFFER", "canonical_values": ["11:40"], "slot": "journey_start_time", "values": ["11:40 am"]}, {"act": "OFFER", "canonical_values": ["187"], "slot": "total", "values": ["$187"]}], "service": "Trains_1", "slots": [{"exclusive_end": 19, "slot": "journey_start_time", "start": 11}, {"exclusive_end": 38, "slot": "total", "start": 34}]}], "speaker": "SYSTEM", "utterance": "what about 11:40 am departure for $187"}, {"frames": [{"actions": [{"act": "INFORM", "canonical_values": ["True"], "slot": "trip_protection", "values": ["True"]}, {"act": "INFORM_INTENT", "canonical_values": ["GetTrainTickets"], "slot": "intent", "values": ["GetTrainTickets"]}, {"act": "SELECT", "canonical_values": [], "slot": "", "values": []}], "service": "Trains_1", "slots": [], "state": {"active_intent": "GetTrainTickets", "requested_slots": [], "slot_values": {"class": ["Flexible"], "date_of_journey": ["the 13th"], "from": ["philly"], "journey_start_time": ["11:40 am"], "number_of_adults": ["1"], "to": ["atlanta"], "trip_protection": ["True"]}}}], "speaker": "USER", "utterance": "that sounds good, please book a train ticket with travel insurance"}, {"frames": [{"actions": [{"act": "CONFIRM", "canonical_values": ["Philadelphia"], "slot": "from", "values": ["philadelphia"]}, {"act": "CONFIRM", "canonical_values": ["Atlanta"], "slot": "to", "values": ["atlanta"]}, {"act": "CONFIRM", "canonical_values": ["2019-03-13"], "slot": "date_of_journey", "values": ["march 13th"]}, {"act": "CONFIRM", "canonical_values": ["11:40"], "slot": "journey_start_time", "values": ["11:40 am"]}, {"act": "CONFIRM", "canonical_values": ["1"], "slot": "number_of_adults", "values": ["1"]}, {"act": "CONFIRM", "canonical_values": ["True"], "slot": "trip_protection", "values": ["True"]}, {"act": "CONFIRM", "canonical_values": ["Flexible"], "slot": "class", "values": ["Flexible"]}], "service": "Trains_1", "slots": [{"exclusive_end": 67, "slot": "from", "start": 55}, {"exclusive_end": 78, "slot": "to", "start": 71}, {"exclusive_end": 92, "slot": "date_of_journey", "start": 82}, {"exclusive_end": 104, "slot": "journey_start_time", "start": 96}]}], "speaker": "SYSTEM", "utterance": "please confirm your purchase of 1 flexible ticket from philadelphia to atlanta on march 13th at 11:40 am"}, {"frames": [{"actions": [{"act": "REQUEST", "canonical_values": [], "slot": "to_station", "values": []}, {"act": "REQUEST", "canonical_values": [], "slot": "from_station", "values": []}, {"act": "AFFIRM", "canonical_values": [], "slot": "", "values": []}], "service": "Trains_1", "slots": [], "state": {"active_intent": "GetTrainTickets", "requested_slots": ["from_station", "to_station"], "slot_values": {"class": ["Flexible"], "date_of_journey": ["march 13th", "the 13th"], "from": ["philadelphia", "philly"], "journey_start_time": ["11:40 am"], "number_of_adults": ["1"], "to": ["atlanta"], "trip_protection": ["True"]}}}], "speaker": "USER", "utterance": "yes that is fine. what station will i arrive at and leaving from"}, {"frames": [{"actions": [{"act": "INFORM", "canonical_values": ["30th Street Station"], "slot": "from_station", "values": ["30th street station"]}, {"act": "INFORM", "canonical_values": ["Peachtree Station"], "slot": "to_station", "values": ["peachtree station"]}, {"act": "NOTIFY_SUCCESS", "canonical_values": [], "slot": "", "values": []}], "service": "Trains_1", "service_call": {"method": "GetTrainTickets", "parameters": {"class": "Flexible", "date_of_journey": "2019-03-13", "from": "Philadelphia", "journey_start_time": "11:40", "number_of_adults": "1", "to": "Atlanta", "trip_protection": "True"}}, "service_results": [{"class": "Flexible", "date_of_journey": "2019-03-13", "from": "Philadelphia", "from_station": "30th Street Station", "journey_start_time": "11:40", "number_of_adults": "1", "to": "Atlanta", "to_station": "Peachtree Station", "total": "187", "trip_protection": "True"}], "slots": [{"exclusive_end": 40, "slot": "from_station", "start": 21}, {"exclusive_end": 72, "slot": "to_station", "start": 55}]}], "speaker": "SYSTEM", "utterance": "you will depart from 30th street station and arrive at peachtree station"}, {"frames": [{"actions": [{"act": "THANK_YOU", "canonical_values": [], "slot": "", "values": []}, {"act": "GOODBYE", "canonical_values": [], "slot": "", "values": []}], "service": "Trains_1", "slots": [], "state": {"active_intent": "GetTrainTickets", "requested_slots": [], "slot_values": {"class": ["Flexible"], "date_of_journey": ["march 13th", "the 13th"], "from": ["philadelphia", "philly"], "journey_start_time": ["11:40 am"], "number_of_adults": ["1"], "to": ["atlanta"], "trip_protection": ["True"]}}}], "speaker": "USER", "utterance": "ok thank you, this is all i need"}, {"frames": [{"actions": [{"act": "GOODBYE", "canonical_values": [], "slot": "", "values": []}], "service": "Trains_1", "slots": []}], "speaker": "SYSTEM", "utterance": "see you soon"}]}, {"dialogue_id": "24_00002", "services": ["Flights_4", "Trains_1"], "turns": [{"frames": [{"actions": [{"act": "INFORM", "canonical_values": ["dontcare"], "slot": "seating_class", "values": ["dontcare"]}, {"act": "INFORM_INTENT", "canonical_values": ["SearchOnewayFlight"], "slot": "intent", "values": ["SearchOnewayFlight"]}], "service": "Flights_4", "slots": [], "state": {"active_intent": "SearchOnewayFlight", "requested_slots": [], "slot_values": {"seating_class": ["dontcare"]}}}], "speaker": "USER", "utterance": "Can you find a one way flight for me?"}, {"frames": [{"actions": [{"act": "REQUEST", "canonical_values": [], "slot": "destination_airport", "values": []}, {"act": "REQUEST", "canonical_values": [], "slot": "departure_date", "values": []}], "service": "Flights_4", "slots": []}], "speaker": "SYSTEM", "utterance": "where are you going and what day works best?"}, {"frames": [{"actions": [{"act": "INFORM", "canonical_values": ["Philadelphia"], "slot": "destination_airport", "values": ["philadelphia"]}, {"act": "INFORM", "canonical_values": ["2019-03-07"], "slot": "departure_date", "values": ["7th of this month"]}, {"act": "INFORM", "canonical_values": ["United Airlines"], "slot": "airlines", "values": ["United Airlines"]}], "service": "Flights_4", "slots": [{"exclusive_end": 25, "slot": "destination_airport", "start": 13}, {"exclusive_end": 50, "slot": "departure_date", "start": 33}], "state": {"active_intent": "SearchOnewayFlight", "requested_slots": [], "slot_values": {"airlines": ["United Airlines"], "departure_date": ["7th of this month"], "destination_airport": ["philadelphia"], "seating_class": ["dontcare"]}}}], "speaker": "USER", "utterance": "i'm going to philadelphia on the 7th of this month and i prefer united airlines."}, {"frames": [{"actions": [{"act": "REQUEST", "canonical_values": [], "slot": "origin_airport", "values": []}], "service": "Flights_4", "slots": []}], "speaker": "SYSTEM", "utterance": "where are you leaving from?"}, {"frames": [{"actions": [{"act": "INFORM", "canonical_values": ["Chicago"], "slot": "origin_airport", "values": ["chicago"]}], "service": "Flights_4", "slots": [{"exclusive_end": 24, "slot": "origin_airport", "start": 17}], "state": {"active_intent": "SearchOnewayFlight", "requested_slots": [], "slot_values": {"airlines": ["United Airlines"], "departure_date": ["7th of this month"], "destination_airport": ["philadelphia"], "origin_airport": ["chicago"], "seating_class": ["dontcare"]}}}], "speaker": "USER", "utterance": "i'm leaving from chicago."}, {"frames": [{"actions": [{"act": "OFFER", "canonical_values": ["United Airlines"], "slot": "airlines", "values": ["United Airlines"]}, {"act": "OFFER", "canonical_values": ["16:25"], "slot": "outbound_departure_time", "values": ["4:25 pm"]}, {"act": "OFFER", "canonical_values": ["True"], "slot": "is_nonstop", "values": ["True"]}, {"act": "OFFER", "canonical_values": ["126"], "slot": "price", "values": ["$126"]}, {"act": "INFORM_COUNT", "canonical_values": ["1"], "slot": "count", "values": ["1"]}], "service": "Flights_4", "service_call": {"method": "SearchOnewayFlight", "parameters": {"airlines": "United Airlines", "departure_date": "2019-03-07", "destination_airport": "Philadelphia", "origin_airport": "Chicago"}}, "service_results": [{"airlines": "United Airlines", "departure_date": "2019-03-07", "destination_airport": "Philadelphia", "is_nonstop": "True", "number_of_tickets": "1", "origin_airport": "Chicago", "outbound_arrival_time": "19:36", "outbound_departure_time": "16:25", "price": "126", "seating_class": "Economy"}], "slots": [{"exclusive_end": 60, "slot": "outbound_departure_time", "start": 53}, {"exclusive_end": 76, "slot": "price", "start": 72}]}], "speaker": "SYSTEM", "utterance": "there's 1 flight from united airlines that leaves at 4:25 pm that costs $126."}, {"frames": [{"actions": [{"act": "REQUEST", "canonical_values": ["1"], "slot": "number_of_tickets", "values": ["1"]}], "service": "Flights_4", "slots": [], "state": {"active_intent": "SearchOnewayFlight", "requested_slots": ["number_of_tickets"], "slot_values": {"airlines": ["United Airlines"], "departure_date": ["7th of this month"], "destination_airport": ["philadelphia"], "origin_airport": ["chicago"], "seating_class": ["dontcare"]}}}], "speaker": "USER", "utterance": "is it just one ticket?"}, {"frames": [{"actions": [{"act": "INFORM", "canonical_values": ["1"], "slot": "number_of_tickets", "values": ["1"]}], "service": "Flights_4", "slots": []}], "speaker": "SYSTEM", "utterance": "yes it's for 1 traveller."}, {"frames": [{"actions": [{"act": "REQUEST", "canonical_values": [], "slot": "outbound_arrival_time", "values": []}], "service": "Flights_4", "slots": [], "state": {"active_intent": "SearchOnewayFlight", "requested_slots": ["outbound_arrival_time"], "slot_values": {"airlines": ["United Airlines"], "departure_date": ["7th of this month"], "destination_airport": ["philadelphia"], "origin_airport": ["chicago"], "seating_class": ["dontcare"]}}}], "speaker": "USER", "utterance": "when does it land?"}, {"frames": [{"actions": [{"act": "INFORM", "canonical_values": ["19:36"], "slot": "outbound_arrival_time", "values": ["7:36 pm"]}], "service": "Flights_4", "slots": [{"exclusive_end": 27, "slot": "outbound_arrival_time", "start": 20}]}], "speaker": "SYSTEM", "utterance": "the flight lands at 7:36 pm."}, {"frames": [{"actions": [{"act": "INFORM_INTENT", "canonical_values": ["FindTrains"], "slot": "intent", "values": ["FindTrains"]}], "service": "Trains_1", "slots": [], "state": {"active_intent": "FindTrains", "requested_slots": [], "slot_values": {"from": ["chicago"], "to": ["philadelphia"]}}}, {"actions": [{"act": "SELECT", "canonical_values": [], "slot": "", "values": []}], "service": "Flights_4", "slots": [], "state": {"active_intent": "SearchOnewayFlight", "requested_slots": [], "slot_values": {"airlines": ["United Airlines"], "departure_date": ["7th of this month"], "destination_airport": ["philadelphia"], "origin_airport": ["chicago"], "seating_class": ["dontcare"]}}}], "speaker": "USER", "utterance": "okay that works. can you find trains that go there?"}, {"frames": [{"actions": [{"act": "REQUEST", "canonical_values": ["2019-03-07"], "slot": "date_of_journey", "values": ["march 7th"]}], "service": "Trains_1", "slots": [{"exclusive_end": 36, "slot": "date_of_journey", "start": 27}]}], "speaker": "SYSTEM", "utterance": "do you want it to leave on march 7th?"}, {"frames": [{"actions": [{"act": "INFORM", "canonical_values": ["2019-03-12"], "slot": "date_of_journey", "values": ["12th of march"]}], "service": "Trains_1", "slots": [{"exclusive_end": 30, "slot": "date_of_journey", "start": 17}], "state": {"active_intent": "FindTrains", "requested_slots": [], "slot_values": {"date_of_journey": ["12th of march"], "from": ["chicago"], "to": ["philadelphia"]}}}], "speaker": "USER", "utterance": "no, look for the 12th of march."}, {"frames": [{"actions": [{"act": "OFFER", "canonical_values": ["08:30"], "slot": "journey_start_time", "values": ["8:30 am"]}, {"act": "OFFER", "canonical_values": ["108"], "slot": "total", "values": ["$108"]}, {"act": "INFORM_COUNT", "canonical_values": ["3"], "slot": "count", "values": ["3"]}], "service": "Trains_1", "service_call": {"method": "FindTrains", "parameters": {"date_of_journey": "2019-03-12", "from": "Chicago", "to": "Philadelphia"}}, "service_results": [{"class": "Value", "date_of_journey": "2019-03-12", "from": "Chicago", "from_station": "Chicago Union Station", "journey_start_time": "08:30", "number_of_adults": "1", "to": "Philadelphia", "to_station": "30th Street Station", "total": "108", "trip_protection": "True"}, {"class": "Value", "date_of_journey": "2019-03-12", "from": "Chicago", "from_station": "Chicago Union Station", "journey_start_time": "14:40", "number_of_adults": "1", "to": "Philadelphia", "to_station": "30th Street Station", "total": "97", "trip_protection": "True"}, {"class": "Value", "date_of_journey": "2019-03-12", "from": "Chicago", "from_station": "Chicago Union Station", "journey_start_time": "17:20", "number_of_adults": "1", "to": "Philadelphia", "to_station": "30th Street Station", "total": "116", "trip_protection": "True"}], "slots": [{"exclusive_end": 62, "slot": "journey_start_time", "start": 55}, {"exclusive_end": 77, "slot": "total", "start": 73}]}], "speaker": "SYSTEM", "utterance": "there are 3 trains for you. there's one that leaves at 8:30 am and costs $108."}, {"frames": [{"actions": [{"act": "REQUEST", "canonical_values": [], "slot": "from_station", "values": []}, {"act": "REQUEST", "canonical_values": [], "slot": "to_station", "values": []}], "service": "Trains_1", "slots": [], "state": {"active_intent": "FindTrains", "requested_slots": ["from_station", "to_station"], "slot_values": {"date_of_journey": ["12th of march"], "from": ["chicago"], "to": ["philadelphia"]}}}], "speaker": "USER", "utterance": "where does it leave from and where does it arrive?"}, {"frames": [{"actions": [{"act": "INFORM", "canonical_values": ["30th Street Station"], "slot": "to_station", "values": ["30th street station"]}, {"act": "INFORM", "canonical_values": ["Chicago Union Station"], "slot": "from_station", "values": ["chicago union station"]}], "service": "Trains_1", "slots": [{"exclusive_end": 34, "slot": "to_station", "start": 15}, {"exclusive_end": 71, "slot": "from_station", "start": 50}]}], "speaker": "SYSTEM", "utterance": "it leaves from 30th street station and arrives at chicago union station."}, {"frames": [{"actions": [{"act": "REQUEST_ALTS", "canonical_values": [], "slot": "", "values": []}], "service": "Trains_1", "slots": [], "state": {"active_intent": "FindTrains", "requested_slots": [], "slot_values": {"date_of_journey": ["12th of march"], "from": ["chicago"], "to": ["philadelphia"]}}}], "speaker": "USER", "utterance": "are there no other trains?"}, {"frames": [{"actions": [{"act": "OFFER", "canonical_values": ["14:40"], "slot": "journey_start_time", "values": ["2:40 pm"]}, {"act": "OFFER", "canonical_values": ["97"], "slot": "total", "values": ["$97"]}], "service": "Trains_1", "slots": [{"exclusive_end": 38, "slot": "journey_start_time", "start": 31}, {"exclusive_end": 46, "slot": "total", "start": 43}]}], "speaker": "SYSTEM", "utterance": "there's a train that leaves at 2:40 pm for $97."}, {"frames": [{"actions": [{"act": "INFORM_INTENT", "canonical_values": ["GetTrainTickets"], "slot": "intent", "values": ["GetTrainTickets"]}, {"act": "SELECT", "canonical_values": [], "slot": "", "values": []}], "service": "Trains_1", "slots": [], "state": {"active_intent": "GetTrainTickets", "requested_slots": [], "slot_values": {"date_of_journey": ["12th of march"], "from": ["chicago"], "journey_start_time": ["2:40 pm"], "to": ["philadelphia"]}}}], "speaker": "USER", "utterance": "that works for me. can you book the train tickets?"}, {"frames": [{"actions": [{"act": "REQUEST", "canonical_values": [], "slot": "trip_protection", "values": []}, {"act": "REQUEST", "canonical_values": [], "slot": "number_of_adults", "values": []}], "service": "Trains_1", "slots": []}], "speaker": "SYSTEM", "utterance": "do you want travel insurance on the tickets? how many tickets do you want?"}, {"frames": [{"actions": [{"act": "INFORM", "canonical_values": ["True"], "slot": "trip_protection", "values": ["True"]}, {"act": "INFORM", "canonical_values": ["1"], "slot": "number_of_adults", "values": ["1"]}], "service": "Trains_1", "slots": [], "state": {"active_intent": "GetTrainTickets", "requested_slots": [], "slot_values": {"date_of_journey": ["12th of march"], "from": ["chicago"], "journey_start_time": ["2:40 pm"], "number_of_adults": ["1"], "to": ["philadelphia"], "trip_protection": ["True"]}}}], "speaker": "USER", "utterance": "yes i want insurance. i just need one seat."}, {"frames": [{"actions": [{"act": "CONFIRM", "canonical_values": ["Chicago"], "slot": "from", "values": ["chicago"]}, {"act": "CONFIRM", "canonical_values": ["Philadelphia"], "slot": "to", "values": ["philadelphia"]}, {"act": "CONFIRM", "canonical_values": ["2019-03-12"], "slot": "date_of_journey", "values": ["march 12th"]}, {"act": "CONFIRM", "canonical_values": ["14:40"], "slot": "journey_start_time", "values": ["2:40 pm"]}, {"act": "CONFIRM", "canonical_values": ["1"], "slot": "number_of_adults", "values": ["1"]}, {"act": "CONFIRM", "canonical_values": ["True"], "slot": "trip_protection", "values": ["True"]}, {"act": "CONFIRM", "canonical_values": ["Value"], "slot": "class", "values": ["Value"]}], "service": "Trains_1", "slots": [{"exclusive_end": 39, "slot": "from", "start": 32}, {"exclusive_end": 55, "slot": "to", "start": 43}, {"exclusive_end": 69, "slot": "date_of_journey", "start": 59}, {"exclusive_end": 80, "slot": "journey_start_time", "start": 73}]}], "speaker": "SYSTEM", "utterance": "so you want 1 value ticket from chicago to philadelphia on march 12th at 2:40 pm?"}, {"frames": [{"actions": [{"act": "REQUEST", "canonical_values": [], "slot": "from_station", "values": []}, {"act": "AFFIRM", "canonical_values": [], "slot": "", "values": []}], "service": "Trains_1", "slots": [], "state": {"active_intent": "GetTrainTickets", "requested_slots": ["from_station"], "slot_values": {"class": ["Value"], "date_of_journey": ["12th of march", "march 12th"], "from": ["chicago"], "journey_start_time": ["2:40 pm"], "number_of_adults": ["1"], "to": ["philadelphia"], "trip_protection": ["True"]}}}], "speaker": "USER", "utterance": "yes that's all correct. where does it leave from?"}, {"frames": [{"actions": [{"act": "INFORM", "canonical_values": ["Chicago Union Station"], "slot": "from_station", "values": ["Chicago union station"]}, {"act": "NOTIFY_SUCCESS", "canonical_values": [], "slot": "", "values": []}], "service": "Trains_1", "service_call": {"method": "GetTrainTickets", "parameters": {"class": "Value", "date_of_journey": "2019-03-12", "from": "Chicago", "journey_start_time": "14:40", "number_of_adults": "1", "to": "Philadelphia", "trip_protection": "True"}}, "service_results": [{"class": "Value", "date_of_journey": "2019-03-12", "from": "Chicago", "from_station": "Chicago Union Station", "journey_start_time": "14:40", "number_of_adults": "1", "to": "Philadelphia", "to_station": "30th Street Station", "total": "97", "trip_protection": "True"}], "slots": [{"exclusive_end": 54, "slot": "from_station", "start": 33}]}], "speaker": "SYSTEM", "utterance": "it's been booked. it leaves from Chicago union station."}, {"frames": [{"actions": [{"act": "THANK_YOU", "canonical_values": [], "slot": "", "values": []}, {"act": "GOODBYE", "canonical_values": [], "slot": "", "values": []}], "service": "Trains_1", "slots": [], "state": {"active_intent": "GetTrainTickets", "requested_slots": [], "slot_values": {"class": ["Value"], "date_of_journey": ["12th of march", "march 12th"], "from": ["chicago"], "journey_start_time": ["2:40 pm"], "number_of_adults": ["1"], "to": ["philadelphia"], "trip_protection": ["True"]}}}], "speaker": "USER", "utterance": "thanks, that's everything."}, {"frames": [{"actions": [{"act": "GOODBYE", "canonical_values": [], "slot": "", "values": []}], "service": "Trains_1", "slots": []}], "speaker": "SYSTEM", "utterance": "see you soon."}]}, {"dialogue_id": "24_00003", "services": ["Flights_4", "Trains_1"], "turns": [{"frames": [{"actions": [{"act": "INFORM_INTENT", "canonical_values": ["SearchOnewayFlight"], "slot": "intent", "values": ["SearchOnewayFlight"]}], "service": "Flights_4", "slots": [], "state": {"active_intent": "SearchOnewayFlight", "requested_slots": [], "slot_values": {}}}], "speaker": "USER", "utterance": "I need a one way flight."}, {"frames": [{"actions": [{"act": "REQUEST", "canonical_values": [], "slot": "origin_airport", "values": []}], "service": "Flights_4", "slots": []}], "speaker": "SYSTEM", "utterance": "From which city to depart from?"}, {"frames": [{"actions": [{"act": "INFORM", "canonical_values": ["Philadelphia"], "slot": "origin_airport", "values": ["Philly"]}], "service": "Flights_4", "slots": [{"exclusive_end": 18, "slot": "origin_airport", "start": 12}], "state": {"active_intent": "SearchOnewayFlight", "requested_slots": [], "slot_values": {"origin_airport": ["Philly"]}}}], "speaker": "USER", "utterance": "Depart from Philly."}, {"frames": [{"actions": [{"act": "REQUEST", "canonical_values": [], "slot": "departure_date", "values": []}, {"act": "REQUEST", "canonical_values": [], "slot": "destination_airport", "values": []}], "service": "Flights_4", "slots": []}], "speaker": "SYSTEM", "utterance": "On which date and to where?"}, {"frames": [{"actions": [{"act": "INFORM", "canonical_values": ["New York"], "slot": "destination_airport", "values": ["New York City"]}, {"act": "INFORM", "canonical_values": ["2019-03-02"], "slot": "departure_date", "values": ["tomorrow"]}], "service": "Flights_4", "slots": [{"exclusive_end": 30, "slot": "destination_airport", "start": 17}, {"exclusive_end": 39, "slot": "departure_date", "start": 31}], "state": {"active_intent": "SearchOnewayFlight", "requested_slots": [], "slot_values": {"departure_date": ["tomorrow"], "destination_airport": ["New York City"], "origin_airport": ["Philly"]}}}], "speaker": "USER", "utterance": "I am flying from New York City tomorrow."}, {"frames": [{"actions": [{"act": "OFFER", "canonical_values": ["American Airlines"], "slot": "airlines", "values": ["American Airlines"]}, {"act": "OFFER", "canonical_values": ["13:20"], "slot": "outbound_departure_time", "values": ["1:20 PM"]}, {"act": "OFFER", "canonical_values": ["True"], "slot": "is_nonstop", "values": ["True"]}, {"act": "OFFER", "canonical_values": ["68"], "slot": "price", "values": ["$68"]}], "service": "Flights_4", "service_call": {"method": "SearchOnewayFlight", "parameters": {"departure_date": "2019-03-02", "destination_airport": "New York", "origin_airport": "Philadelphia"}}, "service_results": [{"airlines": "American Airlines", "departure_date": "2019-03-02", "destination_airport": "New York", "is_nonstop": "True", "number_of_tickets": "1", "origin_airport": "Philadelphia", "outbound_arrival_time": "14:11", "outbound_departure_time": "13:20", "price": "68", "seating_class": "Economy"}, {"airlines": "Delta Airlines", "departure_date": "2019-03-02", "destination_airport": "New York", "is_nonstop": "True", "number_of_tickets": "1", "origin_airport": "Philadelphia", "outbound_arrival_time": "15:51", "outbound_departure_time": "15:00", "price": "43", "seating_class": "Economy"}, {"airlines": "Southwest Airlines", "departure_date": "2019-03-02", "destination_airport": "New York", "is_nonstop": "True", "number_of_tickets": "1", "origin_airport": "Philadelphia", "outbound_arrival_time": "22:56", "outbound_departure_time": "22:05", "price": "55", "seating_class": "Economy"}, {"airlines": "United Airlines", "departure_date": "2019-03-02", "destination_airport": "New York", "is_nonstop": "True", "number_of_tickets": "1", "origin_airport": "Philadelphia", "outbound_arrival_time": "12:21", "outbound_departure_time": "11:30", "price": "63", "seating_class": "Economy"}], "slots": [{"exclusive_end": 55, "slot": "outbound_departure_time", "start": 48}, {"exclusive_end": 80, "slot": "price", "start": 77}]}], "speaker": "SYSTEM", "utterance": "Would you like to fly with American Airlines at 1:20 PM? The ticket price is $68 and it is direct."}, {"frames": [{"actions": [{"act": "INFORM", "canonical_values": ["Premium Economy"], "slot": "seating_class", "values": ["Premium Economy"]}, {"act": "REQUEST_ALTS", "canonical_values": [], "slot": "", "values": []}], "service": "Flights_4", "slots": [], "state": {"active_intent": "SearchOnewayFlight", "requested_slots": [], "slot_values": {"departure_date": ["tomorrow"], "destination_airport": ["New York City"], "origin_airport": ["Philly"], "seating_class": ["Premium Economy"]}}}], "speaker": "USER", "utterance": "No, I want Premium Economy seats."}, {"frames": [{"actions": [{"act": "OFFER", "canonical_values": ["Delta Airlines"], "slot": "airlines", "values": ["Delta Airlines"]}, {"act": "OFFER", "canonical_values": ["15:00"], "slot": "outbound_departure_time", "values": ["3 PM"]}, {"act": "OFFER", "canonical_values": ["True"], "slot": "is_nonstop", "values": ["True"]}, {"act": "OFFER", "canonical_values": ["83"], "slot": "price", "values": ["$83"]}, {"act": "INFORM_COUNT", "canonical_values": ["1"], "slot": "count", "values": ["1"]}], "service": "Flights_4", "service_call": {"method": "SearchOnewayFlight", "parameters": {"departure_date": "2019-03-02", "destination_airport": "New York", "origin_airport": "Philadelphia", "seating_class": "Premium Economy"}}, "service_results": [{"airlines": "American Airlines", "departure_date": "2019-03-02", "destination_airport": "New York", "is_nonstop": "True", "number_of_tickets": "1", "origin_airport": "Philadelphia", "outbound_arrival_time": "14:11", "outbound_departure_time": "13:20", "price": "98", "seating_class": "Premium Economy"}], "slots": [{"exclusive_end": 79, "slot": "outbound_departure_time", "start": 75}, {"exclusive_end": 107, "slot": "price", "start": 104}]}], "speaker": "SYSTEM", "utterance": "There is 1 flight, such as with Delta Airlines and the flight takes off at 3 PM, with a ticket price of $83."}, {"frames": [{"actions": [{"act": "INFORM_INTENT", "canonical_values": ["FindTrains"], "slot": "intent", "values": ["FindTrains"]}], "service": "Trains_1", "slots": [], "state": {"active_intent": "FindTrains", "requested_slots": [], "slot_values": {"from": ["Philly"], "to": ["New York City"]}}}, {"actions": [{"act": "SELECT", "canonical_values": [], "slot": "", "values": []}], "service": "Flights_4", "slots": [], "state": {"active_intent": "SearchOnewayFlight", "requested_slots": [], "slot_values": {"departure_date": ["tomorrow"], "destination_airport": ["New York City"], "origin_airport": ["Philly"], "seating_class": ["Premium Economy"]}}}], "speaker": "USER", "utterance": "Okay, I need trains."}, {"frames": [{"actions": [{"act": "REQUEST", "canonical_values": ["2019-03-02"], "slot": "date_of_journey", "values": ["March 2nd"]}], "service": "Trains_1", "slots": [{"exclusive_end": 47, "slot": "date_of_journey", "start": 38}]}], "speaker": "SYSTEM", "utterance": "Would you like to begin travelling on March 2nd?"}, {"frames": [{"actions": [{"act": "INFORM", "canonical_values": ["2019-03-10"], "slot": "date_of_journey", "values": ["March 10th"]}], "service": "Trains_1", "slots": [{"exclusive_end": 28, "slot": "date_of_journey", "start": 18}], "state": {"active_intent": "FindTrains", "requested_slots": [], "slot_values": {"date_of_journey": ["March 10th"], "from": ["Philly"], "to": ["New York City"]}}}], "speaker": "USER", "utterance": "I need tickets on March 10th."}, {"frames": [{"actions": [{"act": "OFFER", "canonical_values": ["10:40"], "slot": "journey_start_time", "values": ["10:40 AM"]}, {"act": "OFFER", "canonical_values": ["46"], "slot": "total", "values": ["$46"]}], "service": "Trains_1", "service_call": {"method": "FindTrains", "parameters": {"date_of_journey": "2019-03-10", "from": "Philadelphia", "to": "New York"}}, "service_results": [{"class": "Value", "date_of_journey": "2019-03-10", "from": "Philadelphia", "from_station": "30th Street Station", "journey_start_time": "10:40", "number_of_adults": "1", "to": "New York", "to_station": "Grand Central Station", "total": "46", "trip_protection": "True"}, {"class": "Value", "date_of_journey": "2019-03-10", "from": "Philadelphia", "from_station": "30th Street Station", "journey_start_time": "10:50", "number_of_adults": "1", "to": "New York", "to_station": "Grand Central Station", "total": "49", "trip_protection": "True"}, {"class": "Value", "date_of_journey": "2019-03-10", "from": "Philadelphia", "from_station": "30th Street Station", "journey_start_time": "12:20", "number_of_adults": "1", "to": "New York", "to_station": "Grand Central Station", "total": "56", "trip_protection": "True"}, {"class": "Value", "date_of_journey": "2019-03-10", "from": "Philadelphia", "from_station": "30th Street Station", "journey_start_time": "13:30", "number_of_adults": "1", "to": "New York", "to_station": "Grand Central Station", "total": "50", "trip_protection": "True"}, {"class": "Value", "date_of_journey": "2019-03-10", "from": "Philadelphia", "from_station": "30th Street Station", "journey_start_time": "13:40", "number_of_adults": "1", "to": "New York", "to_station": "Grand Central Station", "total": "54", "trip_protection": "True"}, {"class": "Value", "date_of_journey": "2019-03-10", "from": "Philadelphia", "from_station": "30th Street Station", "journey_start_time": "14:10", "number_of_adults": "1", "to": "New York", "to_station": "Grand Central Station", "total": "50", "trip_protection": "True"}, {"class": "Value", "date_of_journey": "2019-03-10", "from": "Philadelphia", "from_station": "30th Street Station", "journey_start_time": "15:40", "number_of_adults": "1", "to": "New York", "to_station": "Grand Central Station", "total": "53", "trip_protection": "True"}, {"class": "Value", "date_of_journey": "2019-03-10", "from": "Philadelphia", "from_station": "30th Street Station", "journey_start_time": "19:50", "number_of_adults": "1", "to": "New York", "to_station": "Grand Central Station", "total": "48", "trip_protection": "True"}], "slots": [{"exclusive_end": 38, "slot": "journey_start_time", "start": 30}, {"exclusive_end": 65, "slot": "total", "start": 62}]}], "speaker": "SYSTEM", "utterance": "What about a train leaving at 10:40 AM with a ticket price of $46?"}, {"frames": [{"actions": [{"act": "REQUEST", "canonical_values": [], "slot": "to_station", "values": []}, {"act": "REQUEST", "canonical_values": [], "slot": "from_station", "values": []}], "service": "Trains_1", "slots": [], "state": {"active_intent": "FindTrains", "requested_slots": ["from_station", "to_station"], "slot_values": {"date_of_journey": ["March 10th"], "from": ["Philly"], "to": ["New York City"]}}}], "speaker": "USER", "utterance": "At which station does it reach? Which station does it leave from?"}, {"frames": [{"actions": [{"act": "INFORM", "canonical_values": ["Grand Central Station"], "slot": "to_station", "values": ["Grand Central Station"]}, {"act": "INFORM", "canonical_values": ["30th Street Station"], "slot": "from_station", "values": ["30th Street Station"]}], "service": "Trains_1", "slots": [{"exclusive_end": 45, "slot": "to_station", "start": 24}, {"exclusive_end": 89, "slot": "from_station", "start": 70}]}], "speaker": "SYSTEM", "utterance": "The train will reach at Grand Central Station and will leave from the 30th Street Station."}, {"frames": [{"actions": [{"act": "REQUEST_ALTS", "canonical_values": [], "slot": "", "values": []}], "service": "Trains_1", "slots": [], "state": {"active_intent": "FindTrains", "requested_slots": [], "slot_values": {"date_of_journey": ["March 10th"], "from": ["Philly"], "to": ["New York City"]}}}], "speaker": "USER", "utterance": "Any other trains?"}, {"frames": [{"actions": [{"act": "OFFER", "canonical_values": ["10:50"], "slot": "journey_start_time", "values": ["10:50 AM"]}, {"act": "OFFER", "canonical_values": ["49"], "slot": "total", "values": ["$49"]}], "service": "Trains_1", "slots": [{"exclusive_end": 34, "slot": "journey_start_time", "start": 26}, {"exclusive_end": 62, "slot": "total", "start": 59}]}], "speaker": "SYSTEM", "utterance": "There is one to depart at 10:50 AM and the ticket price is $49."}, {"frames": [{"actions": [{"act": "SELECT", "canonical_values": [], "slot": "", "values": []}], "service": "Trains_1", "slots": [], "state": {"active_intent": "FindTrains", "requested_slots": [], "slot_values": {"date_of_journey": ["March 10th"], "from": ["Philly"], "journey_start_time": ["10:50 AM"], "to": ["New York City"]}}}], "speaker": "USER", "utterance": "That sounds good."}, {"frames": [{"actions": [{"act": "OFFER_INTENT", "canonical_values": ["GetTrainTickets"], "slot": "intent", "values": ["GetTrainTickets"]}], "service": "Trains_1", "slots": []}], "speaker": "SYSTEM", "utterance": "Would you like to book tickets?"}, {"frames": [{"actions": [{"act": "AFFIRM_INTENT", "canonical_values": [], "slot": "", "values": []}], "service": "Trains_1", "slots": [], "state": {"active_intent": "GetTrainTickets", "requested_slots": [], "slot_values": {"date_of_journey": ["March 10th"], "from": ["Philly"], "journey_start_time": ["10:50 AM"], "to": ["New York City"]}}}], "speaker": "USER", "utterance": "Yes, I would like to make a reservation."}, {"frames": [{"actions": [{"act": "REQUEST", "canonical_values": [], "slot": "number_of_adults", "values": []}, {"act": "REQUEST", "canonical_values": [], "slot": "trip_protection", "values": []}], "service": "Trains_1", "slots": []}], "speaker": "SYSTEM", "utterance": "How many tickets would you like and do you have any travel insurance?"}, {"frames": [{"actions": [{"act": "INFORM", "canonical_values": ["True"], "slot": "trip_protection", "values": ["True"]}, {"act": "INFORM", "canonical_values": ["1"], "slot": "number_of_adults", "values": ["1"]}], "service": "Trains_1", "slots": [], "state": {"active_intent": "GetTrainTickets", "requested_slots": [], "slot_values": {"date_of_journey": ["March 10th"], "from": ["Philly"], "journey_start_time": ["10:50 AM"], "number_of_adults": ["1"], "to": ["New York City"], "trip_protection": ["True"]}}}], "speaker": "USER", "utterance": "I want trip insurance for 1 seat."}, {"frames": [{"actions": [{"act": "CONFIRM", "canonical_values": ["Philadelphia"], "slot": "from", "values": ["Philadelphia"]}, {"act": "CONFIRM", "canonical_values": ["New York"], "slot": "to", "values": ["New York"]}, {"act": "CONFIRM", "canonical_values": ["2019-03-10"], "slot": "date_of_journey", "values": ["March 10th"]}, {"act": "CONFIRM", "canonical_values": ["10:50"], "slot": "journey_start_time", "values": ["10:50 AM"]}, {"act": "CONFIRM", "canonical_values": ["1"], "slot": "number_of_adults", "values": ["1"]}, {"act": "CONFIRM", "canonical_values": ["True"], "slot": "trip_protection", "values": ["True"]}, {"act": "CONFIRM", "canonical_values": ["Value"], "slot": "class", "values": ["Value"]}], "service": "Trains_1", "slots": [{"exclusive_end": 68, "slot": "from", "start": 56}, {"exclusive_end": 80, "slot": "to", "start": 72}, {"exclusive_end": 118, "slot": "date_of_journey", "start": 108}, {"exclusive_end": 141, "slot": "journey_start_time", "start": 133}]}], "speaker": "SYSTEM", "utterance": "So, you would like a ticket on the train to depart from Philadelphia to New York. The train is to depart on March 10th and leaves at 10:50 AM, for 1 person. This has trip insurance and it is a Value ticket."}, {"frames": [{"actions": [{"act": "AFFIRM", "canonical_values": [], "slot": "", "values": []}], "service": "Trains_1", "slots": [], "state": {"active_intent": "GetTrainTickets", "requested_slots": [], "slot_values": {"class": ["Value"], "date_of_journey": ["March 10th"], "from": ["Philadelphia", "Philly"], "journey_start_time": ["10:50 AM"], "number_of_adults": ["1"], "to": ["New York", "New York City"], "trip_protection": ["True"]}}}], "speaker": "USER", "utterance": "Yes, that works."}, {"frames": [{"actions": [{"act": "NOTIFY_SUCCESS", "canonical_values": [], "slot": "", "values": []}], "service": "Trains_1", "service_call": {"method": "GetTrainTickets", "parameters": {"class": "Value", "date_of_journey": "2019-03-10", "from": "Philadelphia", "journey_start_time": "10:50", "number_of_adults": "1", "to": "New York", "trip_protection": "True"}}, "service_results": [{"class": "Value", "date_of_journey": "2019-03-10", "from": "Philadelphia", "from_station": "30th Street Station", "journey_start_time": "10:50", "number_of_adults": "1", "to": "New York", "to_station": "Grand Central Station", "total": "49", "trip_protection": "True"}], "slots": []}], "speaker": "SYSTEM", "utterance": "Your tickets have been booked."}, {"frames": [{"actions": [{"act": "THANK_YOU", "canonical_values": [], "slot": "", "values": []}, {"act": "GOODBYE", "canonical_values": [], "slot": "", "values": []}], "service": "Trains_1", "slots": [], "state": {"active_intent": "GetTrainTickets", "requested_slots": [], "slot_values": {"class": ["Value"], "date_of_journey": ["March 10th"], "from": ["Philadelphia", "Philly"], "journey_start_time": ["10:50 AM"], "number_of_adults": ["1"], "to": ["New York", "New York City"], "trip_protection": ["True"]}}}], "speaker": "USER", "utterance": "You were very helpful. Thanks."}, {"frames": [{"actions": [{"act": "GOODBYE", "canonical_values": [], "slot": "", "values": []}], "service": "Trains_1", "slots": []}], "speaker": "SYSTEM", "utterance": "Of course. Take care."}]}, {"dialogue_id": "24_00004", "services": ["Flights_4", "Trains_1"], "turns": [{"frames": [{"actions": [{"act": "INFORM_INTENT", "canonical_values": ["SearchOnewayFlight"], "slot": "intent", "values": ["SearchOnewayFlight"]}], "service": "Flights_4", "slots": [], "state": {"active_intent": "SearchOnewayFlight", "requested_slots": [], "slot_values": {}}}], "speaker": "USER", "utterance": "Can you find me a one way flight?"}, {"frames": [{"actions": [{"act": "REQUEST", "canonical_values": [], "slot": "origin_airport", "values": []}], "service": "Flights_4", "slots": []}], "speaker": "SYSTEM", "utterance": "What will be your departure city?"}, {"frames": [{"actions": [{"act": "INFORM", "canonical_values": ["New York"], "slot": "origin_airport", "values": ["NY"]}], "service": "Flights_4", "slots": [{"exclusive_end": 20, "slot": "origin_airport", "start": 18}], "state": {"active_intent": "SearchOnewayFlight", "requested_slots": [], "slot_values": {"origin_airport": ["NY"]}}}], "speaker": "USER", "utterance": "I am leaving from NY."}, {"frames": [{"actions": [{"act": "REQUEST", "canonical_values": [], "slot": "departure_date", "values": []}, {"act": "REQUEST", "canonical_values": [], "slot": "destination_airport", "values": []}], "service": "Flights_4", "slots": []}], "speaker": "SYSTEM", "utterance": "What are you travel dates? What is your destination?"}, {"frames": [{"actions": [{"act": "INFORM", "canonical_values": ["Atlanta"], "slot": "destination_airport", "values": ["Atlanta, GA"]}, {"act": "INFORM", "canonical_values": ["2019-03-02"], "slot": "departure_date", "values": ["tomorrow"]}], "service": "Flights_4", "slots": [{"exclusive_end": 31, "slot": "destination_airport", "start": 20}, {"exclusive_end": 40, "slot": "departure_date", "start": 32}], "state": {"active_intent": "SearchOnewayFlight", "requested_slots": [], "slot_values": {"departure_date": ["tomorrow"], "destination_airport": ["Atlanta, GA"], "origin_airport": ["NY"]}}}], "speaker": "USER", "utterance": "I want to leave for Atlanta, GA tomorrow."}, {"frames": [{"actions": [{"act": "OFFER", "canonical_values": ["American Airlines"], "slot": "airlines", "values": ["American Airlines"]}, {"act": "OFFER", "canonical_values": ["09:45"], "slot": "outbound_departure_time", "values": ["9:45 am"]}, {"act": "OFFER", "canonical_values": ["True"], "slot": "is_nonstop", "values": ["True"]}, {"act": "OFFER", "canonical_values": ["133"], "slot": "price", "values": ["$133"]}], "service": "Flights_4", "service_call": {"method": "SearchOnewayFlight", "parameters": {"departure_date": "2019-03-02", "destination_airport": "Atlanta", "origin_airport": "New York"}}, "service_results": [{"airlines": "American Airlines", "departure_date": "2019-03-02", "destination_airport": "Atlanta", "is_nonstop": "True", "number_of_tickets": "1", "origin_airport": "New York", "outbound_arrival_time": "12:07", "outbound_departure_time": "09:45", "price": "133", "seating_class": "Economy"}, {"airlines": "Delta Airlines", "departure_date": "2019-03-02", "destination_airport": "Atlanta", "is_nonstop": "True", "number_of_tickets": "1", "origin_airport": "New York", "outbound_arrival_time": "18:42", "outbound_departure_time": "16:20", "price": "119", "seating_class": "Economy"}, {"airlines": "Southwest Airlines", "departure_date": "2019-03-02", "destination_airport": "Atlanta", "is_nonstop": "True", "number_of_tickets": "1", "origin_airport": "New York", "outbound_arrival_time": "23:47", "outbound_departure_time": "21:25", "price": "130", "seating_class": "Economy"}, {"airlines": "United Airlines", "departure_date": "2019-03-02", "destination_airport": "Atlanta", "is_nonstop": "True", "number_of_tickets": "1", "origin_airport": "New York", "outbound_arrival_time": "21:22", "outbound_departure_time": "19:00", "price": "117", "seating_class": "Economy"}], "slots": [{"exclusive_end": 61, "slot": "outbound_departure_time", "start": 54}, {"exclusive_end": 80, "slot": "price", "start": 76}]}], "speaker": "SYSTEM", "utterance": "How about a flight with American Airlines? There is a 9:45 am departure for $133. It is a direct flight."}, {"frames": [{"actions": [{"act": "REQUEST", "canonical_values": ["1"], "slot": "number_of_tickets", "values": ["1"]}, {"act": "REQUEST", "canonical_values": [], "slot": "outbound_arrival_time", "values": []}], "service": "Flights_4", "slots": [], "state": {"active_intent": "SearchOnewayFlight", "requested_slots": ["number_of_tickets", "outbound_arrival_time"], "slot_values": {"departure_date": ["tomorrow"], "destination_airport": ["Atlanta, GA"], "origin_airport": ["NY"]}}}], "speaker": "USER", "utterance": "Is the ticket for one person? What is the arrival time?"}, {"frames": [{"actions": [{"act": "INFORM", "canonical_values": ["12:07"], "slot": "outbound_arrival_time", "values": ["12:07 pm"]}, {"act": "INFORM", "canonical_values": ["1"], "slot": "number_of_tickets", "values": ["1"]}], "service": "Flights_4", "slots": [{"exclusive_end": 28, "slot": "outbound_arrival_time", "start": 20}]}], "speaker": "SYSTEM", "utterance": "The flight lands at 12:07 pm. The ticket is for 1 person."}, {"frames": [{"actions": [{"act": "REQUEST_ALTS", "canonical_values": [], "slot": "", "values": []}], "service": "Flights_4", "slots": [], "state": {"active_intent": "SearchOnewayFlight", "requested_slots": [], "slot_values": {"departure_date": ["tomorrow"], "destination_airport": ["Atlanta, GA"], "origin_airport": ["NY"]}}}], "speaker": "USER", "utterance": "Can you find me something else?"}, {"frames": [{"actions": [{"act": "OFFER", "canonical_values": ["Delta Airlines"], "slot": "airlines", "values": ["Delta Airlines"]}, {"act": "OFFER", "canonical_values": ["16:20"], "slot": "outbound_departure_time", "values": ["4:20 pm"]}, {"act": "OFFER", "canonical_values": ["True"], "slot": "is_nonstop", "values": ["True"]}, {"act": "OFFER", "canonical_values": ["119"], "slot": "price", "values": ["$119"]}], "service": "Flights_4", "slots": [{"exclusive_end": 69, "slot": "outbound_departure_time", "start": 62}, {"exclusive_end": 92, "slot": "price", "start": 88}]}], "speaker": "SYSTEM", "utterance": "How about Delta Airlines? There is a direct flight leaving at 4:20 pm. The ticket costs $119."}, {"frames": [{"actions": [{"act": "INFORM", "canonical_values": ["4"], "slot": "number_of_tickets", "values": ["4"]}, {"act": "INFORM", "canonical_values": ["Economy"], "slot": "seating_class", "values": ["Economy"]}, {"act": "REQUEST_ALTS", "canonical_values": [], "slot": "", "values": []}], "service": "Flights_4", "slots": [], "state": {"active_intent": "SearchOnewayFlight", "requested_slots": [], "slot_values": {"departure_date": ["tomorrow"], "destination_airport": ["Atlanta, GA"], "number_of_tickets": ["4"], "origin_airport": ["NY"], "seating_class": ["Economy"]}}}], "speaker": "USER", "utterance": "Can you find me something else? I need four tickets on Economy class."}, {"frames": [{"actions": [{"act": "OFFER", "canonical_values": ["Southwest Airlines"], "slot": "airlines", "values": ["Southwest Airlines"]}, {"act": "OFFER", "canonical_values": ["21:25"], "slot": "outbound_departure_time", "values": ["9:25 pm"]}, {"act": "OFFER", "canonical_values": ["True"], "slot": "is_nonstop", "values": ["True"]}, {"act": "OFFER", "canonical_values": ["130"], "slot": "price", "values": ["$130"]}], "service": "Flights_4", "service_call": {"method": "SearchOnewayFlight", "parameters": {"departure_date": "2019-03-02", "destination_airport": "Atlanta", "number_of_tickets": "4", "origin_airport": "New York", "seating_class": "Economy"}}, "service_results": [{"airlines": "American Airlines", "departure_date": "2019-03-02", "destination_airport": "Atlanta", "is_nonstop": "True", "number_of_tickets": "4", "origin_airport": "New York", "outbound_arrival_time": "12:07", "outbound_departure_time": "09:45", "price": "133", "seating_class": "Economy"}, {"airlines": "Delta Airlines", "departure_date": "2019-03-02", "destination_airport": "Atlanta", "is_nonstop": "True", "number_of_tickets": "4", "origin_airport": "New York", "outbound_arrival_time": "18:42", "outbound_departure_time": "16:20", "price": "119", "seating_class": "Economy"}, {"airlines": "Southwest Airlines", "departure_date": "2019-03-02", "destination_airport": "Atlanta", "is_nonstop": "True", "number_of_tickets": "4", "origin_airport": "New York", "outbound_arrival_time": "23:47", "outbound_departure_time": "21:25", "price": "130", "seating_class": "Economy"}, {"airlines": "United Airlines", "departure_date": "2019-03-02", "destination_airport": "Atlanta", "is_nonstop": "True", "number_of_tickets": "4", "origin_airport": "New York", "outbound_arrival_time": "21:22", "outbound_departure_time": "19:00", "price": "117", "seating_class": "Economy"}], "slots": [{"exclusive_end": 76, "slot": "outbound_departure_time", "start": 69}, {"exclusive_end": 91, "slot": "price", "start": 87}]}], "speaker": "SYSTEM", "utterance": "How about Southwest Airlines? They have a direct flight departing at 9:25 pm. It costs $130."}, {"frames": [{"actions": [{"act": "INFORM", "canonical_values": ["2019-03-04"], "slot": "date_of_journey", "values": ["the 4th"]}, {"act": "INFORM", "canonical_values": ["Value"], "slot": "class", "values": ["Value"]}, {"act": "INFORM_INTENT", "canonical_values": ["FindTrains"], "slot": "intent", "values": ["FindTrains"]}], "service": "Trains_1", "slots": [{"exclusive_end": 108, "slot": "date_of_journey", "start": 101}], "state": {"active_intent": "FindTrains", "requested_slots": [], "slot_values": {"class": ["Value"], "date_of_journey": ["the 4th"], "from": ["NY"], "number_of_adults": ["4"], "to": ["Atlanta, GA"]}}}, {"actions": [{"act": "SELECT", "canonical_values": [], "slot": "", "values": []}], "service": "Flights_4", "slots": [], "state": {"active_intent": "SearchOnewayFlight", "requested_slots": [], "slot_values": {"departure_date": ["tomorrow"], "destination_airport": ["Atlanta, GA"], "number_of_tickets": ["4"], "origin_airport": ["NY"], "seating_class": ["Economy"]}}}], "speaker": "USER", "utterance": "Sounds good. Can you find me some trains going there? Find some conditionally refundable tickets for the 4th."}, {"frames": [{"actions": [{"act": "OFFER", "canonical_values": ["08:20"], "slot": "journey_start_time", "values": ["8:20 am"]}, {"act": "OFFER", "canonical_values": ["729"], "slot": "total", "values": ["$729"]}], "service": "Trains_1", "service_call": {"method": "FindTrains", "parameters": {"class": "Value", "date_of_journey": "2019-03-04", "from": "New York", "number_of_adults": "4", "to": "Atlanta"}}, "service_results": [{"class": "Value", "date_of_journey": "2019-03-04", "from": "New York", "from_station": "Grand Central Station", "journey_start_time": "08:20", "number_of_adults": "4", "to": "Atlanta", "to_station": "Peachtree Station", "total": "729", "trip_protection": "True"}, {"class": "Value", "date_of_journey": "2019-03-04", "from": "New York", "from_station": "Grand Central Station", "journey_start_time": "11:30", "number_of_adults": "4", "to": "Atlanta", "to_station": "Peachtree Station", "total": "719", "trip_protection": "True"}, {"class": "Value", "date_of_journey": "2019-03-04", "from": "New York", "from_station": "Grand Central Station", "journey_start_time": "15:00", "number_of_adults": "4", "to": "Atlanta", "to_station": "Peachtree Station", "total": "701", "trip_protection": "True"}], "slots": [{"exclusive_end": 19, "slot": "journey_start_time", "start": 12}, {"exclusive_end": 40, "slot": "total", "start": 36}]}], "speaker": "SYSTEM", "utterance": "How about a 8:20 am train? It costs $729 total."}, {"frames": [{"actions": [{"act": "SELECT", "canonical_values": [], "slot": "", "values": []}], "service": "Trains_1", "slots": [], "state": {"active_intent": "FindTrains", "requested_slots": [], "slot_values": {"class": ["Value"], "date_of_journey": ["the 4th"], "from": ["NY"], "journey_start_time": ["8:20 am"], "number_of_adults": ["4"], "to": ["Atlanta, GA"]}}}], "speaker": "USER", "utterance": "That sounds good."}, {"frames": [{"actions": [{"act": "OFFER_INTENT", "canonical_values": ["GetTrainTickets"], "slot": "intent", "values": ["GetTrainTickets"]}], "service": "Trains_1", "slots": []}], "speaker": "SYSTEM", "utterance": "Would you like to book tickets?"}, {"frames": [{"actions": [{"act": "AFFIRM_INTENT", "canonical_values": [], "slot": "", "values": []}], "service": "Trains_1", "slots": [], "state": {"active_intent": "GetTrainTickets", "requested_slots": [], "slot_values": {"class": ["Value"], "date_of_journey": ["the 4th"], "from": ["NY"], "journey_start_time": ["8:20 am"], "number_of_adults": ["4"], "to": ["Atlanta, GA"]}}}], "speaker": "USER", "utterance": "Yes, make me a reservation."}, {"frames": [{"actions": [{"act": "REQUEST", "canonical_values": [], "slot": "trip_protection", "values": []}], "service": "Trains_1", "slots": []}], "speaker": "SYSTEM", "utterance": "Will you be needing travel insurance?"}, {"frames": [{"actions": [{"act": "INFORM", "canonical_values": ["True"], "slot": "trip_protection", "values": ["True"]}], "service": "Trains_1", "slots": [], "state": {"active_intent": "GetTrainTickets", "requested_slots": [], "slot_values": {"class": ["Value"], "date_of_journey": ["the 4th"], "from": ["NY"], "journey_start_time": ["8:20 am"], "number_of_adults": ["4"], "to": ["Atlanta, GA"], "trip_protection": ["True"]}}}], "speaker": "USER", "utterance": "Yes, I want trip insurance."}, {"frames": [{"actions": [{"act": "CONFIRM", "canonical_values": ["New York"], "slot": "from", "values": ["New York"]}, {"act": "CONFIRM", "canonical_values": ["Atlanta"], "slot": "to", "values": ["Atlanta"]}, {"act": "CONFIRM", "canonical_values": ["2019-03-04"], "slot": "date_of_journey", "values": ["March 4th"]}, {"act": "CONFIRM", "canonical_values": ["08:20"], "slot": "journey_start_time", "values": ["8:20 am"]}, {"act": "CONFIRM", "canonical_values": ["4"], "slot": "number_of_adults", "values": ["4"]}, {"act": "CONFIRM", "canonical_values": ["True"], "slot": "trip_protection", "values": ["True"]}, {"act": "CONFIRM", "canonical_values": ["Value"], "slot": "class", "values": ["Value"]}], "service": "Trains_1", "slots": [{"exclusive_end": 67, "slot": "from", "start": 59}, {"exclusive_end": 78, "slot": "to", "start": 71}, {"exclusive_end": 58, "slot": "date_of_journey", "start": 49}, {"exclusive_end": 144, "slot": "journey_start_time", "start": 137}]}], "speaker": "SYSTEM", "utterance": "Confirming that you want to book a ticket on the March 4th New York to Atlanta train. You need 4 Value tickets. You will be departing at 8:20 am. Is this information correct?"}, {"frames": [{"actions": [{"act": "AFFIRM", "canonical_values": [], "slot": "", "values": []}], "service": "Trains_1", "slots": [], "state": {"active_intent": "GetTrainTickets", "requested_slots": [], "slot_values": {"class": ["Value"], "date_of_journey": ["March 4th", "the 4th"], "from": ["NY", "New York"], "journey_start_time": ["8:20 am"], "number_of_adults": ["4"], "to": ["Atlanta", "Atlanta, GA"], "trip_protection": ["True"]}}}], "speaker": "USER", "utterance": "That works for me."}, {"frames": [{"actions": [{"act": "NOTIFY_SUCCESS", "canonical_values": [], "slot": "", "values": []}], "service": "Trains_1", "service_call": {"method": "GetTrainTickets", "parameters": {"class": "Value", "date_of_journey": "2019-03-04", "from": "New York", "journey_start_time": "08:20", "number_of_adults": "4", "to": "Atlanta", "trip_protection": "True"}}, "service_results": [{"class": "Value", "date_of_journey": "2019-03-04", "from": "New York", "from_station": "Grand Central Station", "journey_start_time": "08:20", "number_of_adults": "4", "to": "Atlanta", "to_station": "Peachtree Station", "total": "729", "trip_protection": "True"}], "slots": []}], "speaker": "SYSTEM", "utterance": "I have successfully booked your tickets."}, {"frames": [{"actions": [{"act": "REQUEST", "canonical_values": [], "slot": "from_station", "values": []}, {"act": "REQUEST", "canonical_values": [], "slot": "to_station", "values": []}], "service": "Trains_1", "slots": [], "state": {"active_intent": "GetTrainTickets", "requested_slots": ["from_station", "to_station"], "slot_values": {"class": ["Value"], "date_of_journey": ["March 4th", "the 4th"], "from": ["NY", "New York"], "journey_start_time": ["8:20 am"], "number_of_adults": ["4"], "to": ["Atlanta", "Atlanta, GA"], "trip_protection": ["True"]}}}], "speaker": "USER", "utterance": "What are the departure and arrival stations?"}, {"frames": [{"actions": [{"act": "INFORM", "canonical_values": ["Peachtree Station"], "slot": "to_station", "values": ["Peachtree Station"]}, {"act": "INFORM", "canonical_values": ["Grand Central Station"], "slot": "from_station", "values": ["Grand Central Station"]}], "service": "Trains_1", "slots": [{"exclusive_end": 77, "slot": "to_station", "start": 60}, {"exclusive_end": 44, "slot": "from_station", "start": 23}]}], "speaker": "SYSTEM", "utterance": "The train departs from Grand Central Station and arrives at Peachtree Station."}, {"frames": [{"actions": [{"act": "THANK_YOU", "canonical_values": [], "slot": "", "values": []}, {"act": "GOODBYE", "canonical_values": [], "slot": "", "values": []}], "service": "Trains_1", "slots": [], "state": {"active_intent": "GetTrainTickets", "requested_slots": [], "slot_values": {"class": ["Value"], "date_of_journey": ["March 4th", "the 4th"], "from": ["NY", "New York"], "journey_start_time": ["8:20 am"], "number_of_adults": ["4"], "to": ["Atlanta", "Atlanta, GA"], "trip_protection": ["True"]}}}], "speaker": "USER", "utterance": "Thanks for your helpfulness. That's all I need."}, {"frames": [{"actions": [{"act": "GOODBYE", "canonical_values": [], "slot": "", "values": []}], "service": "Trains_1", "slots": []}], "speaker": "SYSTEM", "utterance": "You're welcome!"}]}]