[{"dialogue_id": "5_00000", "services": ["Banks_2"], "turns": [{"frames": [{"actions": [{"act": "INFORM", "canonical_values": ["checking"], "slot": "account_type", "values": ["checking"]}, {"act": "INFORM_INTENT", "canonical_values": ["CheckBalance"], "slot": "intent", "values": ["CheckBalance"]}], "service": "Banks_2", "slots": [], "state": {"active_intent": "CheckBalance", "requested_slots": [], "slot_values": {"account_type": ["checking"]}}}], "speaker": "USER", "utterance": "Please help me check the balance in my checking account."}, {"frames": [{"actions": [{"act": "OFFER", "canonical_values": ["checking"], "slot": "account_type", "values": ["checking"]}, {"act": "OFFER", "canonical_values": ["8238.58"], "slot": "account_balance", "values": ["$8,238.58"]}], "service": "Banks_2", "service_call": {"method": "CheckBalance", "parameters": {"account_type": "checking"}}, "service_results": [{"account_balance": "8238.58", "account_type": "checking"}], "slots": [{"exclusive_end": 48, "slot": "account_balance", "start": 39}]}], "speaker": "SYSTEM", "utterance": "Your checking account has a balance of $8,238.58."}, {"frames": [{"actions": [{"act": "INFORM", "canonical_values": ["savings"], "slot": "account_type", "values": ["savings"]}, {"act": "REQUEST_ALTS", "canonical_values": [], "slot": "", "values": []}], "service": "Banks_2", "slots": [], "state": {"active_intent": "CheckBalance", "requested_slots": [], "slot_values": {"account_type": ["savings"]}}}], "speaker": "USER", "utterance": "Please also check the balance in my savings account."}, {"frames": [{"actions": [{"act": "OFFER", "canonical_values": ["savings"], "slot": "account_type", "values": ["savings"]}, {"act": "OFFER", "canonical_values": ["9616.40"], "slot": "account_balance", "values": ["$9,616.40"]}], "service": "Banks_2", "service_call": {"method": "CheckBalance", "parameters": {"account_type": "savings"}}, "service_results": [{"account_balance": "9616.40", "account_type": "savings"}], "slots": [{"exclusive_end": 47, "slot": "account_balance", "start": 38}]}], "speaker": "SYSTEM", "utterance": "Your savings account has a balance of $9,616.40"}, {"frames": [{"actions": [{"act": "SELECT", "canonical_values": [], "slot": "", "values": []}], "service": "Banks_2", "slots": [], "state": {"active_intent": "CheckBalance", "requested_slots": [], "slot_values": {"account_type": ["savings"]}}}], "speaker": "USER", "utterance": "Okay, thanks."}, {"frames": [{"actions": [{"act": "OFFER_INTENT", "canonical_values": ["TransferMoney"], "slot": "intent", "values": ["TransferMoney"]}], "service": "Banks_2", "slots": []}], "speaker": "SYSTEM", "utterance": "Would you like to transfer money?"}, {"frames": [{"actions": [{"act": "AFFIRM_INTENT", "canonical_values": [], "slot": "", "values": []}], "service": "Banks_2", "slots": [], "state": {"active_intent": "TransferMoney", "requested_slots": [], "slot_values": {"account_type": ["savings"]}}}], "speaker": "USER", "utterance": "Yes, I am interested in transferring money"}, {"frames": [{"actions": [{"act": "REQUEST", "canonical_values": [], "slot": "transfer_amount", "values": []}], "service": "Banks_2", "slots": []}], "speaker": "SYSTEM", "utterance": "What amount would you like to transfer?"}, {"frames": [{"actions": [{"act": "INFORM", "canonical_values": ["checking"], "slot": "recipient_account_type", "values": ["checking"]}, {"act": "INFORM", "canonical_values": ["1640"], "slot": "transfer_amount", "values": ["1,640 dollars"]}], "service": "Banks_2", "slots": [{"exclusive_end": 29, "slot": "transfer_amount", "start": 16}], "state": {"active_intent": "TransferMoney", "requested_slots": [], "slot_values": {"account_type": ["savings"], "recipient_account_type": ["checking"], "transfer_amount": ["1,640 dollars"]}}}], "speaker": "USER", "utterance": "Please transfer 1,640 dollars to their checking account."}, {"frames": [{"actions": [{"act": "REQUEST", "canonical_values": [], "slot": "recipient_name", "values": []}], "service": "Banks_2", "slots": []}], "speaker": "SYSTEM", "utterance": "I'm sorry, I didn't quite get who you would like the money sent to."}, {"frames": [{"actions": [{"act": "INFORM", "canonical_values": ["Philip"], "slot": "recipient_name", "values": ["Philip"]}], "service": "Banks_2", "slots": [{"exclusive_end": 42, "slot": "recipient_name", "start": 36}], "state": {"active_intent": "TransferMoney", "requested_slots": [], "slot_values": {"account_type": ["savings"], "recipient_account_type": ["checking"], "recipient_name": ["Philip"], "transfer_amount": ["1,640 dollars"]}}}], "speaker": "USER", "utterance": "Sorry about that. Please send it to Philip."}, {"frames": [{"actions": [{"act": "CONFIRM", "canonical_values": ["savings"], "slot": "account_type", "values": ["savings"]}, {"act": "CONFIRM", "canonical_values": ["1640"], "slot": "transfer_amount", "values": ["$1,640"]}, {"act": "CONFIRM", "canonical_values": ["Philip"], "slot": "recipient_name", "values": ["Philip"]}, {"act": "CONFIRM", "canonical_values": ["checking"], "slot": "recipient_account_type", "values": ["checking"]}], "service": "Banks_2", "slots": [{"exclusive_end": 75, "slot": "transfer_amount", "start": 69}, {"exclusive_end": 133, "slot": "recipient_name", "start": 127}]}], "speaker": "SYSTEM", "utterance": "Okay, no problem. Let me see if I got everything correctly: Transfer $1,640 from my savings account to the checking account of Philip."}, {"frames": [{"actions": [{"act": "AFFIRM", "canonical_values": [], "slot": "", "values": []}], "service": "Banks_2", "slots": [], "state": {"active_intent": "TransferMoney", "requested_slots": [], "slot_values": {"account_type": ["savings"], "recipient_account_type": ["checking"], "recipient_name": ["Philip"], "transfer_amount": ["$1,640", "1,640 dollars"]}}}], "speaker": "USER", "utterance": "That is correct."}, {"frames": [{"actions": [{"act": "NOTIFY_SUCCESS", "canonical_values": [], "slot": "", "values": []}], "service": "Banks_2", "service_call": {"method": "TransferMoney", "parameters": {"account_type": "savings", "recipient_account_type": "checking", "recipient_name": "Philip", "transfer_amount": "1640"}}, "service_results": [{"account_type": "savings", "recipient_account_type": "checking", "recipient_name": "Philip", "transfer_amount": "1640", "transfer_time": "3"}], "slots": []}], "speaker": "SYSTEM", "utterance": "I have successfully initiated your transfer."}, {"frames": [{"actions": [{"act": "REQUEST", "canonical_values": [], "slot": "transfer_time", "values": []}], "service": "Banks_2", "slots": [], "state": {"active_intent": "TransferMoney", "requested_slots": ["transfer_time"], "slot_values": {"account_type": ["savings"], "recipient_account_type": ["checking"], "recipient_name": ["Philip"], "transfer_amount": ["$1,640", "1,640 dollars"]}}}], "speaker": "USER", "utterance": "Please tell me how long the transfer will take."}, {"frames": [{"actions": [{"act": "INFORM", "canonical_values": ["3"], "slot": "transfer_time", "values": ["3"]}], "service": "Banks_2", "slots": [{"exclusive_end": 14, "slot": "transfer_time", "start": 13}]}], "speaker": "SYSTEM", "utterance": "It will take 3 business days for the transfer to be effected."}, {"frames": [{"actions": [{"act": "THANK_YOU", "canonical_values": [], "slot": "", "values": []}, {"act": "GOODBYE", "canonical_values": [], "slot": "", "values": []}], "service": "Banks_2", "slots": [], "state": {"active_intent": "TransferMoney", "requested_slots": [], "slot_values": {"account_type": ["savings"], "recipient_account_type": ["checking"], "recipient_name": ["Philip"], "transfer_amount": ["$1,640", "1,640 dollars"]}}}], "speaker": "USER", "utterance": "Thank you very much. You've been very helpful. Bye, bye."}, {"frames": [{"actions": [{"act": "GOODBYE", "canonical_values": [], "slot": "", "values": []}], "service": "Banks_2", "slots": []}], "speaker": "SYSTEM", "utterance": "Have a great day."}]}, {"dialogue_id": "5_00001", "services": ["Banks_2"], "turns": [{"frames": [{"actions": [{"act": "INFORM", "canonical_values": ["savings"], "slot": "account_type", "values": ["savings"]}, {"act": "INFORM_INTENT", "canonical_values": ["CheckBalance"], "slot": "intent", "values": ["CheckBalance"]}], "service": "Banks_2", "slots": [], "state": {"active_intent": "CheckBalance", "requested_slots": [], "slot_values": {"account_type": ["savings"]}}}], "speaker": "USER", "utterance": "I wonder if my salary has gotten in. Check the balance on my savings account."}, {"frames": [{"actions": [{"act": "OFFER", "canonical_values": ["savings"], "slot": "account_type", "values": ["savings"]}, {"act": "OFFER", "canonical_values": ["5612.58"], "slot": "account_balance", "values": ["$5,612.58"]}], "service": "Banks_2", "service_call": {"method": "CheckBalance", "parameters": {"account_type": "savings"}}, "service_results": [{"account_balance": "5612.58", "account_type": "savings"}], "slots": [{"exclusive_end": 47, "slot": "account_balance", "start": 38}]}], "speaker": "SYSTEM", "utterance": "Your savings account has a balance of $5,612.58."}, {"frames": [{"actions": [{"act": "INFORM", "canonical_values": ["checking"], "slot": "account_type", "values": ["checking"]}, {"act": "REQUEST_ALTS", "canonical_values": [], "slot": "", "values": []}], "service": "Banks_2", "slots": [], "state": {"active_intent": "CheckBalance", "requested_slots": [], "slot_values": {"account_type": ["checking"]}}}], "speaker": "USER", "utterance": "Now check the balance of my checking account."}, {"frames": [{"actions": [{"act": "OFFER", "canonical_values": ["checking"], "slot": "account_type", "values": ["checking"]}, {"act": "OFFER", "canonical_values": ["20894.39"], "slot": "account_balance", "values": ["$20,894.39"]}], "service": "Banks_2", "service_call": {"method": "CheckBalance", "parameters": {"account_type": "checking"}}, "service_results": [{"account_balance": "20894.39", "account_type": "checking"}], "slots": [{"exclusive_end": 49, "slot": "account_balance", "start": 39}]}], "speaker": "SYSTEM", "utterance": "Your checking account has a balance of $20,894.39"}, {"frames": [{"actions": [{"act": "INFORM", "canonical_values": ["checking"], "slot": "recipient_account_type", "values": ["checking"]}, {"act": "INFORM", "canonical_values": ["1430"], "slot": "transfer_amount", "values": ["1,430 bucks"]}, {"act": "INFORM_INTENT", "canonical_values": ["TransferMoney"], "slot": "intent", "values": ["TransferMoney"]}, {"act": "SELECT", "canonical_values": [], "slot": "", "values": []}], "service": "Banks_2", "slots": [{"exclusive_end": 62, "slot": "transfer_amount", "start": 51}], "state": {"active_intent": "TransferMoney", "requested_slots": [], "slot_values": {"account_type": ["checking"], "recipient_account_type": ["checking"], "transfer_amount": ["1,430 bucks"]}}}], "speaker": "USER", "utterance": "Great. Make a transfer from my checking account of 1,430 bucks."}, {"frames": [{"actions": [{"act": "REQUEST", "canonical_values": [], "slot": "recipient_name", "values": []}], "service": "Banks_2", "slots": []}], "speaker": "SYSTEM", "utterance": "To whom would that be?"}, {"frames": [{"actions": [{"act": "INFORM", "canonical_values": ["Mahmoud"], "slot": "recipient_name", "values": ["Mahmoud"]}], "service": "Banks_2", "slots": [{"exclusive_end": 10, "slot": "recipient_name", "start": 3}], "state": {"active_intent": "TransferMoney", "requested_slots": [], "slot_values": {"account_type": ["checking"], "recipient_account_type": ["checking"], "recipient_name": ["Mahmoud"], "transfer_amount": ["1,430 bucks"]}}}], "speaker": "USER", "utterance": "To Mahmoud please."}, {"frames": [{"actions": [{"act": "CONFIRM", "canonical_values": ["checking"], "slot": "account_type", "values": ["checking"]}, {"act": "CONFIRM", "canonical_values": ["1430"], "slot": "transfer_amount", "values": ["$1,430"]}, {"act": "CONFIRM", "canonical_values": ["Mahmoud"], "slot": "recipient_name", "values": ["Mahmoud"]}, {"act": "CONFIRM", "canonical_values": ["checking"], "slot": "recipient_account_type", "values": ["checking"]}], "service": "Banks_2", "slots": [{"exclusive_end": 43, "slot": "transfer_amount", "start": 37}, {"exclusive_end": 105, "slot": "recipient_name", "start": 98}]}], "speaker": "SYSTEM", "utterance": "Just to confirm: you want me to send $1,430 from your checking account to the checking account of Mahmoud."}, {"frames": [{"actions": [{"act": "REQUEST", "canonical_values": [], "slot": "transfer_time", "values": []}, {"act": "AFFIRM", "canonical_values": [], "slot": "", "values": []}], "service": "Banks_2", "slots": [], "state": {"active_intent": "TransferMoney", "requested_slots": ["transfer_time"], "slot_values": {"account_type": ["checking"], "recipient_account_type": ["checking"], "recipient_name": ["Mahmoud"], "transfer_amount": ["$1,430", "1,430 bucks"]}}}], "speaker": "USER", "utterance": "Yes. Hoe many days will the transfer take?"}, {"frames": [{"actions": [{"act": "INFORM", "canonical_values": ["1"], "slot": "transfer_time", "values": ["1"]}, {"act": "NOTIFY_SUCCESS", "canonical_values": [], "slot": "", "values": []}], "service": "Banks_2", "service_call": {"method": "TransferMoney", "parameters": {"account_type": "checking", "recipient_account_type": "checking", "recipient_name": "Mahmoud", "transfer_amount": "1430"}}, "service_results": [{"account_type": "checking", "recipient_account_type": "checking", "recipient_name": "Mahmoud", "transfer_amount": "1430", "transfer_time": "1"}], "slots": [{"exclusive_end": 43, "slot": "transfer_time", "start": 42}]}], "speaker": "SYSTEM", "utterance": "Your transfer was initiated. It will take 1 business day."}, {"frames": [{"actions": [{"act": "THANK_YOU", "canonical_values": [], "slot": "", "values": []}, {"act": "GOODBYE", "canonical_values": [], "slot": "", "values": []}], "service": "Banks_2", "slots": [], "state": {"active_intent": "TransferMoney", "requested_slots": [], "slot_values": {"account_type": ["checking"], "recipient_account_type": ["checking"], "recipient_name": ["Mahmoud"], "transfer_amount": ["$1,430", "1,430 bucks"]}}}], "speaker": "USER", "utterance": "Thanks a lot. That's all."}, {"frames": [{"actions": [{"act": "GOODBYE", "canonical_values": [], "slot": "", "values": []}], "service": "Banks_2", "slots": []}], "speaker": "SYSTEM", "utterance": "Have a nice day."}]}, {"dialogue_id": "5_00002", "services": ["Banks_2"], "turns": [{"frames": [{"actions": [{"act": "INFORM", "canonical_values": ["checking"], "slot": "account_type", "values": ["checking"]}, {"act": "INFORM_INTENT", "canonical_values": ["CheckBalance"], "slot": "intent", "values": ["CheckBalance"]}], "service": "Banks_2", "slots": [], "state": {"active_intent": "CheckBalance", "requested_slots": [], "slot_values": {"account_type": ["checking"]}}}], "speaker": "USER", "utterance": "I want to check the balance of my checking account please"}, {"frames": [{"actions": [{"act": "OFFER", "canonical_values": ["checking"], "slot": "account_type", "values": ["checking"]}, {"act": "OFFER", "canonical_values": ["23509.52"], "slot": "account_balance", "values": ["$23,509.52"]}], "service": "Banks_2", "service_call": {"method": "CheckBalance", "parameters": {"account_type": "checking"}}, "service_results": [{"account_balance": "23509.52", "account_type": "checking"}], "slots": [{"exclusive_end": 36, "slot": "account_balance", "start": 26}]}], "speaker": "SYSTEM", "utterance": "Your checking account has $23,509.52 at the moment."}, {"frames": [{"actions": [{"act": "INFORM", "canonical_values": ["savings"], "slot": "account_type", "values": ["savings"]}, {"act": "REQUEST_ALTS", "canonical_values": [], "slot": "", "values": []}], "service": "Banks_2", "slots": [], "state": {"active_intent": "CheckBalance", "requested_slots": [], "slot_values": {"account_type": ["savings"]}}}], "speaker": "USER", "utterance": "What is the savings account balance?"}, {"frames": [{"actions": [{"act": "OFFER", "canonical_values": ["savings"], "slot": "account_type", "values": ["savings"]}, {"act": "OFFER", "canonical_values": ["18456.66"], "slot": "account_balance", "values": ["$18,456.66"]}], "service": "Banks_2", "service_call": {"method": "CheckBalance", "parameters": {"account_type": "savings"}}, "service_results": [{"account_balance": "18456.66", "account_type": "savings"}], "slots": [{"exclusive_end": 27, "slot": "account_balance", "start": 17}]}], "speaker": "SYSTEM", "utterance": "Your savings has $18,456.66"}, {"frames": [{"actions": [{"act": "SELECT", "canonical_values": [], "slot": "", "values": []}], "service": "Banks_2", "slots": [], "state": {"active_intent": "CheckBalance", "requested_slots": [], "slot_values": {"account_type": ["savings"]}}}], "speaker": "USER", "utterance": "Alright thanks so much"}, {"frames": [{"actions": [{"act": "OFFER_INTENT", "canonical_values": ["TransferMoney"], "slot": "intent", "values": ["TransferMoney"]}], "service": "Banks_2", "slots": []}], "speaker": "SYSTEM", "utterance": "Do you need to make any transfers?"}, {"frames": [{"actions": [{"act": "AFFIRM_INTENT", "canonical_values": [], "slot": "", "values": []}, {"act": "INFORM", "canonical_values": ["Svetlana"], "slot": "recipient_name", "values": ["Svetlana"]}], "service": "Banks_2", "slots": [{"exclusive_end": 39, "slot": "recipient_name", "start": 31}], "state": {"active_intent": "TransferMoney", "requested_slots": [], "slot_values": {"account_type": ["savings"], "recipient_name": ["Svetlana"]}}}], "speaker": "USER", "utterance": "Yes please, send some money to Svetlana"}, {"frames": [{"actions": [{"act": "REQUEST", "canonical_values": [], "slot": "transfer_amount", "values": []}], "service": "Banks_2", "slots": []}], "speaker": "SYSTEM", "utterance": "How much money do you want to transfer?"}, {"frames": [{"actions": [{"act": "INFORM", "canonical_values": ["checking"], "slot": "recipient_account_type", "values": ["checking"]}, {"act": "INFORM", "canonical_values": ["1540"], "slot": "transfer_amount", "values": ["1,540 dollars"]}], "service": "Banks_2", "slots": [{"exclusive_end": 18, "slot": "transfer_amount", "start": 5}], "state": {"active_intent": "TransferMoney", "requested_slots": [], "slot_values": {"account_type": ["savings"], "recipient_account_type": ["checking"], "recipient_name": ["Svetlana"], "transfer_amount": ["1,540 dollars"]}}}], "speaker": "USER", "utterance": "Send 1,540 dollars to their checking account."}, {"frames": [{"actions": [{"act": "CONFIRM", "canonical_values": ["savings"], "slot": "account_type", "values": ["savings"]}, {"act": "CONFIRM", "canonical_values": ["1540"], "slot": "transfer_amount", "values": ["$1,540"]}, {"act": "CONFIRM", "canonical_values": ["Svetlana"], "slot": "recipient_name", "values": ["Svetlana"]}, {"act": "CONFIRM", "canonical_values": ["checking"], "slot": "recipient_account_type", "values": ["checking"]}], "service": "Banks_2", "slots": [{"exclusive_end": 19, "slot": "transfer_amount", "start": 13}, {"exclusive_end": 90, "slot": "recipient_name", "start": 82}]}], "speaker": "SYSTEM", "utterance": "Confirming a $1,540 transfer from your savings account to the checking account of Svetlana"}, {"frames": [{"actions": [{"act": "REQUEST", "canonical_values": [], "slot": "transfer_time", "values": []}, {"act": "AFFIRM", "canonical_values": [], "slot": "", "values": []}], "service": "Banks_2", "slots": [], "state": {"active_intent": "TransferMoney", "requested_slots": ["transfer_time"], "slot_values": {"account_type": ["savings"], "recipient_account_type": ["checking"], "recipient_name": ["Svetlana"], "transfer_amount": ["$1,540", "1,540 dollars"]}}}], "speaker": "USER", "utterance": "Yes. How many days will it take for that transfer to go through."}, {"frames": [{"actions": [{"act": "INFORM", "canonical_values": ["3"], "slot": "transfer_time", "values": ["3"]}, {"act": "NOTIFY_SUCCESS", "canonical_values": [], "slot": "", "values": []}], "service": "Banks_2", "service_call": {"method": "TransferMoney", "parameters": {"account_type": "savings", "recipient_account_type": "checking", "recipient_name": "Svetlana", "transfer_amount": "1540"}}, "service_results": [{"account_type": "savings", "recipient_account_type": "checking", "recipient_name": "Svetlana", "transfer_amount": "1540", "transfer_time": "3"}], "slots": [{"exclusive_end": 46, "slot": "transfer_time", "start": 45}]}], "speaker": "SYSTEM", "utterance": "Your transfer has gone through and will take 3 business days."}, {"frames": [{"actions": [{"act": "THANK_YOU", "canonical_values": [], "slot": "", "values": []}, {"act": "GOODBYE", "canonical_values": [], "slot": "", "values": []}], "service": "Banks_2", "slots": [], "state": {"active_intent": "TransferMoney", "requested_slots": [], "slot_values": {"account_type": ["savings"], "recipient_account_type": ["checking"], "recipient_name": ["Svetlana"], "transfer_amount": ["$1,540", "1,540 dollars"]}}}], "speaker": "USER", "utterance": "Thanks for your help, take care!"}, {"frames": [{"actions": [{"act": "GOODBYE", "canonical_values": [], "slot": "", "values": []}], "service": "Banks_2", "slots": []}], "speaker": "SYSTEM", "utterance": "Have a good one!"}]}, {"dialogue_id": "5_00003", "services": ["Banks_2"], "turns": [{"frames": [{"actions": [{"act": "INFORM", "canonical_values": ["savings"], "slot": "account_type", "values": ["savings"]}, {"act": "INFORM_INTENT", "canonical_values": ["CheckBalance"], "slot": "intent", "values": ["CheckBalance"]}], "service": "Banks_2", "slots": [], "state": {"active_intent": "CheckBalance", "requested_slots": [], "slot_values": {"account_type": ["savings"]}}}], "speaker": "USER", "utterance": "Please check the balance on my savings account."}, {"frames": [{"actions": [{"act": "OFFER", "canonical_values": ["savings"], "slot": "account_type", "values": ["savings"]}, {"act": "OFFER", "canonical_values": ["7686.21"], "slot": "account_balance", "values": ["$7,686.21"]}], "service": "Banks_2", "service_call": {"method": "CheckBalance", "parameters": {"account_type": "savings"}}, "service_results": [{"account_balance": "7686.21", "account_type": "savings"}], "slots": [{"exclusive_end": 32, "slot": "account_balance", "start": 23}]}], "speaker": "SYSTEM", "utterance": "The savings balance is $7,686.21"}, {"frames": [{"actions": [{"act": "INFORM", "canonical_values": ["checking"], "slot": "account_type", "values": ["checking"]}, {"act": "REQUEST_ALTS", "canonical_values": [], "slot": "", "values": []}], "service": "Banks_2", "slots": [], "state": {"active_intent": "CheckBalance", "requested_slots": [], "slot_values": {"account_type": ["checking"]}}}], "speaker": "USER", "utterance": "How about my checking account?"}, {"frames": [{"actions": [{"act": "OFFER", "canonical_values": ["checking"], "slot": "account_type", "values": ["checking"]}, {"act": "OFFER", "canonical_values": ["24978.75"], "slot": "account_balance", "values": ["$24,978.75"]}], "service": "Banks_2", "service_call": {"method": "CheckBalance", "parameters": {"account_type": "checking"}}, "service_results": [{"account_balance": "24978.75", "account_type": "checking"}], "slots": [{"exclusive_end": 34, "slot": "account_balance", "start": 24}]}], "speaker": "SYSTEM", "utterance": "The checking balance is $24,978.75."}, {"frames": [{"actions": [{"act": "SELECT", "canonical_values": [], "slot": "", "values": []}], "service": "Banks_2", "slots": [], "state": {"active_intent": "CheckBalance", "requested_slots": [], "slot_values": {"account_type": ["checking"]}}}], "speaker": "USER", "utterance": "Thank you for the info."}, {"frames": [{"actions": [{"act": "OFFER_INTENT", "canonical_values": ["TransferMoney"], "slot": "intent", "values": ["TransferMoney"]}], "service": "Banks_2", "slots": []}], "speaker": "SYSTEM", "utterance": "Would you like a transfer today?"}, {"frames": [{"actions": [{"act": "AFFIRM_INTENT", "canonical_values": [], "slot": "", "values": []}, {"act": "INFORM", "canonical_values": ["720"], "slot": "transfer_amount", "values": ["720 dollars"]}, {"act": "INFORM", "canonical_values": ["dontcare"], "slot": "recipient_account_type", "values": ["dontcare"]}], "service": "Banks_2", "slots": [{"exclusive_end": 25, "slot": "transfer_amount", "start": 14}], "state": {"active_intent": "TransferMoney", "requested_slots": [], "slot_values": {"account_type": ["checking"], "recipient_account_type": ["dontcare"], "transfer_amount": ["720 dollars"]}}}], "speaker": "USER", "utterance": "Yes, transfer 720 dollars to any of my accounts."}, {"frames": [{"actions": [{"act": "REQUEST", "canonical_values": [], "slot": "recipient_name", "values": []}], "service": "Banks_2", "slots": []}], "speaker": "SYSTEM", "utterance": "Do you have an account preference?"}, {"frames": [{"actions": [{"act": "INFORM", "canonical_values": ["Mahmoud"], "slot": "recipient_name", "values": ["Mahmoud"]}], "service": "Banks_2", "slots": [{"exclusive_end": 22, "slot": "recipient_name", "start": 15}], "state": {"active_intent": "TransferMoney", "requested_slots": [], "slot_values": {"account_type": ["checking"], "recipient_account_type": ["dontcare"], "recipient_name": ["Mahmoud"], "transfer_amount": ["720 dollars"]}}}], "speaker": "USER", "utterance": "Yes send it to Mahmoud."}, {"frames": [{"actions": [{"act": "CONFIRM", "canonical_values": ["checking"], "slot": "account_type", "values": ["checking"]}, {"act": "CONFIRM", "canonical_values": ["720"], "slot": "transfer_amount", "values": ["$720"]}, {"act": "CONFIRM", "canonical_values": ["Mahmoud"], "slot": "recipient_name", "values": ["Mahmoud"]}, {"act": "CONFIRM", "canonical_values": ["checking"], "slot": "recipient_account_type", "values": ["checking"]}], "service": "Banks_2", "slots": [{"exclusive_end": 26, "slot": "transfer_amount", "start": 22}, {"exclusive_end": 37, "slot": "recipient_name", "start": 30}]}], "speaker": "SYSTEM", "utterance": "Confirm a transfer of $720 to Mahmoud checking account."}, {"frames": [{"actions": [{"act": "AFFIRM", "canonical_values": [], "slot": "", "values": []}], "service": "Banks_2", "slots": [], "state": {"active_intent": "TransferMoney", "requested_slots": [], "slot_values": {"account_type": ["checking"], "recipient_account_type": ["dontcare"], "recipient_name": ["Mahmoud"], "transfer_amount": ["$720", "720 dollars"]}}}], "speaker": "USER", "utterance": "Yes I confirm this."}, {"frames": [{"actions": [{"act": "NOTIFY_SUCCESS", "canonical_values": [], "slot": "", "values": []}], "service": "Banks_2", "service_call": {"method": "TransferMoney", "parameters": {"account_type": "checking", "recipient_name": "Mahmoud", "transfer_amount": "720"}}, "service_results": [{"account_type": "checking", "recipient_account_type": "dontcare", "recipient_name": "Mahmoud", "transfer_amount": "720", "transfer_time": "3"}], "slots": []}], "speaker": "SYSTEM", "utterance": "Your transfer is confirmed."}, {"frames": [{"actions": [{"act": "THANK_YOU", "canonical_values": [], "slot": "", "values": []}], "service": "Banks_2", "slots": [], "state": {"active_intent": "TransferMoney", "requested_slots": [], "slot_values": {"account_type": ["checking"], "recipient_account_type": ["dontcare"], "recipient_name": ["Mahmoud"], "transfer_amount": ["$720", "720 dollars"]}}}], "speaker": "USER", "utterance": "Thank you for the transfer."}, {"frames": [{"actions": [{"act": "REQ_MORE", "canonical_values": [], "slot": "", "values": []}], "service": "Banks_2", "slots": []}], "speaker": "SYSTEM", "utterance": "Is there anything else you need?"}, {"frames": [{"actions": [{"act": "NEGATE", "canonical_values": [], "slot": "", "values": []}, {"act": "THANK_YOU", "canonical_values": [], "slot": "", "values": []}], "service": "Banks_2", "slots": [], "state": {"active_intent": "NONE", "requested_slots": [], "slot_values": {"account_type": ["checking"], "recipient_account_type": ["dontcare"], "recipient_name": ["Mahmoud"], "transfer_amount": ["$720", "720 dollars"]}}}], "speaker": "USER", "utterance": "That is all today"}, {"frames": [{"actions": [{"act": "GOODBYE", "canonical_values": [], "slot": "", "values": []}], "service": "Banks_2", "slots": []}], "speaker": "SYSTEM", "utterance": "Have a good day."}]}, {"dialogue_id": "5_00004", "services": ["Banks_2"], "turns": [{"frames": [{"actions": [{"act": "INFORM", "canonical_values": ["savings"], "slot": "account_type", "values": ["savings"]}, {"act": "INFORM_INTENT", "canonical_values": ["CheckBalance"], "slot": "intent", "values": ["CheckBalance"]}], "service": "Banks_2", "slots": [], "state": {"active_intent": "CheckBalance", "requested_slots": [], "slot_values": {"account_type": ["savings"]}}}], "speaker": "USER", "utterance": "Can you check my savings account? I just want to know the balance."}, {"frames": [{"actions": [{"act": "OFFER", "canonical_values": ["savings"], "slot": "account_type", "values": ["savings"]}, {"act": "OFFER", "canonical_values": ["21801.28"], "slot": "account_balance", "values": ["$21,801.28"]}], "service": "Banks_2", "service_call": {"method": "CheckBalance", "parameters": {"account_type": "savings"}}, "service_results": [{"account_balance": "21801.28", "account_type": "savings"}], "slots": [{"exclusive_end": 46, "slot": "account_balance", "start": 36}]}], "speaker": "SYSTEM", "utterance": "Sure, your savings account contains $21,801.28"}, {"frames": [{"actions": [{"act": "INFORM", "canonical_values": ["checking"], "slot": "account_type", "values": ["checking"]}, {"act": "REQUEST_ALTS", "canonical_values": [], "slot": "", "values": []}], "service": "Banks_2", "slots": [], "state": {"active_intent": "CheckBalance", "requested_slots": [], "slot_values": {"account_type": ["checking"]}}}], "speaker": "USER", "utterance": "Alright, can you tell me how much is in my checking account, too?"}, {"frames": [{"actions": [{"act": "OFFER", "canonical_values": ["checking"], "slot": "account_type", "values": ["checking"]}, {"act": "OFFER", "canonical_values": ["14298.13"], "slot": "account_balance", "values": ["$14,298.13"]}], "service": "Banks_2", "service_call": {"method": "CheckBalance", "parameters": {"account_type": "checking"}}, "service_results": [{"account_balance": "14298.13", "account_type": "checking"}], "slots": [{"exclusive_end": 32, "slot": "account_balance", "start": 22}]}], "speaker": "SYSTEM", "utterance": "You have a balance of $14,298.13 in your checking account today."}, {"frames": [{"actions": [{"act": "INFORM_INTENT", "canonical_values": ["TransferMoney"], "slot": "intent", "values": ["TransferMoney"]}, {"act": "SELECT", "canonical_values": [], "slot": "", "values": []}], "service": "Banks_2", "slots": [], "state": {"active_intent": "TransferMoney", "requested_slots": [], "slot_values": {"account_type": ["checking"]}}}], "speaker": "USER", "utterance": "Cool, can you make a transfer?"}, {"frames": [{"actions": [{"act": "REQUEST", "canonical_values": [], "slot": "transfer_amount", "values": []}, {"act": "REQUEST", "canonical_values": [], "slot": "recipient_name", "values": []}], "service": "Banks_2", "slots": []}], "speaker": "SYSTEM", "utterance": "Who will I send the transfer to, and how much will you be moving?"}, {"frames": [{"actions": [{"act": "INFORM", "canonical_values": ["Yumi"], "slot": "recipient_name", "values": ["Yumi"]}, {"act": "INFORM", "canonical_values": ["1470"], "slot": "transfer_amount", "values": ["1,470 bucks"]}], "service": "Banks_2", "slots": [{"exclusive_end": 34, "slot": "recipient_name", "start": 30}, {"exclusive_end": 26, "slot": "transfer_amount", "start": 15}], "state": {"active_intent": "TransferMoney", "requested_slots": [], "slot_values": {"account_type": ["checking"], "recipient_name": ["Yumi"], "transfer_amount": ["1,470 bucks"]}}}], "speaker": "USER", "utterance": "I want to send 1,470 bucks to Yumi."}, {"frames": [{"actions": [{"act": "CONFIRM", "canonical_values": ["checking"], "slot": "account_type", "values": ["checking"]}, {"act": "CONFIRM", "canonical_values": ["1470"], "slot": "transfer_amount", "values": ["$1,470"]}, {"act": "CONFIRM", "canonical_values": ["Yumi"], "slot": "recipient_name", "values": ["Yumi"]}, {"act": "CONFIRM", "canonical_values": ["checking"], "slot": "recipient_account_type", "values": ["checking"]}], "service": "Banks_2", "slots": [{"exclusive_end": 37, "slot": "transfer_amount", "start": 31}, {"exclusive_end": 106, "slot": "recipient_name", "start": 102}]}], "speaker": "SYSTEM", "utterance": "Alright, so you'd like to send $1,470 from your checking account to the checking account belonging to Yumi?"}, {"frames": [{"actions": [{"act": "REQUEST", "canonical_values": [], "slot": "transfer_time", "values": []}, {"act": "AFFIRM", "canonical_values": [], "slot": "", "values": []}], "service": "Banks_2", "slots": [], "state": {"active_intent": "TransferMoney", "requested_slots": ["transfer_time"], "slot_values": {"account_type": ["checking"], "recipient_account_type": ["checking"], "recipient_name": ["Yumi"], "transfer_amount": ["$1,470", "1,470 bucks"]}}}], "speaker": "USER", "utterance": "Yes. How many days will that take?"}, {"frames": [{"actions": [{"act": "INFORM", "canonical_values": ["1"], "slot": "transfer_time", "values": ["1"]}, {"act": "NOTIFY_SUCCESS", "canonical_values": [], "slot": "", "values": []}], "service": "Banks_2", "service_call": {"method": "TransferMoney", "parameters": {"account_type": "checking", "recipient_account_type": "checking", "recipient_name": "Yumi", "transfer_amount": "1470"}}, "service_results": [{"account_type": "checking", "recipient_account_type": "checking", "recipient_name": "Yumi", "transfer_amount": "1470", "transfer_time": "1"}], "slots": [{"exclusive_end": 24, "slot": "transfer_time", "start": 23}]}], "speaker": "SYSTEM", "utterance": "The transfer will take 1 day; I've put that through for you."}, {"frames": [{"actions": [{"act": "THANK_YOU", "canonical_values": [], "slot": "", "values": []}], "service": "Banks_2", "slots": [], "state": {"active_intent": "TransferMoney", "requested_slots": [], "slot_values": {"account_type": ["checking"], "recipient_account_type": ["checking"], "recipient_name": ["Yumi"], "transfer_amount": ["$1,470", "1,470 bucks"]}}}], "speaker": "USER", "utterance": "Thanks, that's all I need."}, {"frames": [{"actions": [{"act": "REQ_MORE", "canonical_values": [], "slot": "", "values": []}], "service": "Banks_2", "slots": []}], "speaker": "SYSTEM", "utterance": "Can I help you with anything else?"}, {"frames": [{"actions": [{"act": "NEGATE", "canonical_values": [], "slot": "", "values": []}, {"act": "THANK_YOU", "canonical_values": [], "slot": "", "values": []}], "service": "Banks_2", "slots": [], "state": {"active_intent": "NONE", "requested_slots": [], "slot_values": {"account_type": ["checking"], "recipient_account_type": ["checking"], "recipient_name": ["Yumi"], "transfer_amount": ["$1,470", "1,470 bucks"]}}}], "speaker": "USER", "utterance": "No, that'll be all I need."}, {"frames": [{"actions": [{"act": "GOODBYE", "canonical_values": [], "slot": "", "values": []}], "service": "Banks_2", "slots": []}], "speaker": "SYSTEM", "utterance": "Have a great day."}]}]