[{"dialogue_id": "18_00000", "services": ["Weather_1", "Flights_4", "RentalCars_3"], "turns": [{"frames": [{"actions": [{"act": "INFORM", "canonical_values": ["2019-03-07"], "slot": "date", "values": ["7th of March"]}, {"act": "INFORM", "canonical_values": ["San Diego"], "slot": "city", "values": ["San Diego"]}, {"act": "INFORM_INTENT", "canonical_values": ["GetWeather"], "slot": "intent", "values": ["GetWeather"]}], "service": "Weather_1", "slots": [{"exclusive_end": 70, "slot": "date", "start": 58}, {"exclusive_end": 83, "slot": "city", "start": 74}], "state": {"active_intent": "GetWeather", "requested_slots": [], "slot_values": {"city": ["San Diego"], "date": ["7th of March"]}}}], "speaker": "USER", "utterance": "I am interested to know how the weather is going to be on 7th of March in San Diego."}, {"frames": [{"actions": [{"act": "OFFER", "canonical_values": ["90"], "slot": "temperature", "values": ["90"]}, {"act": "OFFER", "canonical_values": ["17"], "slot": "precipitation", "values": ["17"]}], "service": "Weather_1", "service_call": {"method": "GetWeather", "parameters": {"city": "San Diego", "date": "2019-03-07"}}, "service_results": [{"city": "San Diego", "date": "2019-03-07", "humidity": "36", "precipitation": "17", "temperature": "90", "wind": "8"}], "slots": [{"exclusive_end": 73, "slot": "temperature", "start": 71}, {"exclusive_end": 128, "slot": "precipitation", "start": 126}]}], "speaker": "SYSTEM", "utterance": "For your requested location the temperature should be at an average of 90 degrees Fahrenheit, and with a chance of raining at 17 percent."}, {"frames": [{"actions": [{"act": "SELECT", "canonical_values": [], "slot": "", "values": []}], "service": "Weather_1", "slots": [], "state": {"active_intent": "GetWeather", "requested_slots": [], "slot_values": {"city": ["San Diego"], "date": ["7th of March"]}}}, {"actions": [{"act": "INFORM", "canonical_values": ["dontcare"], "slot": "airlines", "values": ["dontcare"]}, {"act": "INFORM_INTENT", "canonical_values": ["SearchOnewayFlight"], "slot": "intent", "values": ["SearchOnewayFlight"]}], "service": "Flights_4", "slots": [], "state": {"active_intent": "SearchOnewayFlight", "requested_slots": [], "slot_values": {"airlines": ["dontcare"], "destination_airport": ["San Diego"]}}}], "speaker": "USER", "utterance": "Alright, fine. Now I would like to find a one-way flight to go there, and I do not mind which airline I will have."}, {"frames": [{"actions": [{"act": "REQUEST", "canonical_values": ["2019-03-07"], "slot": "departure_date", "values": ["March 7th"]}], "service": "Flights_4", "slots": [{"exclusive_end": 43, "slot": "departure_date", "start": 34}]}], "speaker": "SYSTEM", "utterance": "Will you be having your flight on March 7th?"}, {"frames": [{"actions": [{"act": "INFORM", "canonical_values": ["2019-03-06"], "slot": "departure_date", "values": ["the 6th"]}], "service": "Flights_4", "slots": [{"exclusive_end": 46, "slot": "departure_date", "start": 39}], "state": {"active_intent": "SearchOnewayFlight", "requested_slots": [], "slot_values": {"airlines": ["dontcare"], "departure_date": ["the 6th"], "destination_airport": ["San Diego"]}}}], "speaker": "USER", "utterance": "In fact I will be taking the flight on the 6th."}, {"frames": [{"actions": [{"act": "REQUEST", "canonical_values": [], "slot": "origin_airport", "values": []}], "service": "Flights_4", "slots": []}], "speaker": "SYSTEM", "utterance": "Can you tell me from which city will you be leaving from?"}, {"frames": [{"actions": [{"act": "INFORM", "canonical_values": ["2019-03-02"], "slot": "departure_date", "values": ["2nd of this month"]}, {"act": "INFORM", "canonical_values": ["Paris"], "slot": "origin_airport", "values": ["Paris, France"]}], "service": "Flights_4", "slots": [{"exclusive_end": 67, "slot": "departure_date", "start": 50}, {"exclusive_end": 46, "slot": "origin_airport", "start": 33}], "state": {"active_intent": "SearchOnewayFlight", "requested_slots": [], "slot_values": {"airlines": ["dontcare"], "departure_date": ["2nd of this month"], "destination_airport": ["San Diego"], "origin_airport": ["Paris, France"]}}}], "speaker": "USER", "utterance": "I will be taking the flight from Paris, France on 2nd of this month."}, {"frames": [{"actions": [{"act": "OFFER", "canonical_values": ["Air France"], "slot": "airlines", "values": ["Air France"]}, {"act": "OFFER", "canonical_values": ["07:35"], "slot": "outbound_departure_time", "values": ["7:35 am"]}, {"act": "OFFER", "canonical_values": ["False"], "slot": "is_nonstop", "values": ["False"]}, {"act": "OFFER", "canonical_values": ["353"], "slot": "price", "values": ["$353"]}], "service": "Flights_4", "service_call": {"method": "SearchOnewayFlight", "parameters": {"departure_date": "2019-03-02", "destination_airport": "San Diego", "origin_airport": "Paris"}}, "service_results": [{"airlines": "Air France", "departure_date": "2019-03-02", "destination_airport": "San Diego", "is_nonstop": "False", "number_of_tickets": "1", "origin_airport": "Paris", "outbound_arrival_time": "14:05", "outbound_departure_time": "07:35", "price": "353", "seating_class": "Economy"}, {"airlines": "American Airlines", "departure_date": "2019-03-02", "destination_airport": "San Diego", "is_nonstop": "False", "number_of_tickets": "1", "origin_airport": "Paris", "outbound_arrival_time": "20:30", "outbound_departure_time": "09:40", "price": "376", "seating_class": "Economy"}, {"airlines": "United Airlines", "departure_date": "2019-03-02", "destination_airport": "San Diego", "is_nonstop": "False", "number_of_tickets": "1", "origin_airport": "Paris", "outbound_arrival_time": "21:39", "outbound_departure_time": "14:45", "price": "344", "seating_class": "Economy"}], "slots": [{"exclusive_end": 88, "slot": "outbound_departure_time", "start": 81}, {"exclusive_end": 120, "slot": "price", "start": 116}]}], "speaker": "SYSTEM", "utterance": "Would you like to have a flight with Air France which has layover, and leaves at 7:35 am. The price of ticket costs $353."}, {"frames": [{"actions": [{"act": "REQUEST", "canonical_values": [], "slot": "outbound_arrival_time", "values": []}, {"act": "REQUEST", "canonical_values": ["Economy"], "slot": "seating_class", "values": ["Economy"]}], "service": "Flights_4", "slots": [], "state": {"active_intent": "SearchOnewayFlight", "requested_slots": ["outbound_arrival_time", "seating_class"], "slot_values": {"airlines": ["dontcare"], "departure_date": ["2nd of this month"], "destination_airport": ["San Diego"], "origin_airport": ["Paris, France"]}}}], "speaker": "USER", "utterance": "Can you tell me when the flight will be arriving at the destination of my choice, and could you tell me if the ticket is an Economy one?"}, {"frames": [{"actions": [{"act": "INFORM", "canonical_values": ["Economy"], "slot": "seating_class", "values": ["Economy"]}, {"act": "INFORM", "canonical_values": ["14:05"], "slot": "outbound_arrival_time", "values": ["2:05 pm"]}], "service": "Flights_4", "slots": [{"exclusive_end": 90, "slot": "outbound_arrival_time", "start": 83}]}], "speaker": "SYSTEM", "utterance": "The flight ticket is an Economy class ticket, and your flight will be departing at 2:05 pm."}, {"frames": [{"actions": [{"act": "SELECT", "canonical_values": [], "slot": "", "values": []}], "service": "Flights_4", "slots": [], "state": {"active_intent": "SearchOnewayFlight", "requested_slots": [], "slot_values": {"airlines": ["dontcare"], "departure_date": ["2nd of this month"], "destination_airport": ["San Diego"], "origin_airport": ["Paris, France"]}}}], "speaker": "USER", "utterance": "That is alright with me."}, {"frames": [{"actions": [{"act": "REQ_MORE", "canonical_values": [], "slot": "", "values": []}], "service": "Flights_4", "slots": []}], "speaker": "SYSTEM", "utterance": "Is there something else I can help you with?"}, {"frames": [{"actions": [{"act": "INFORM_INTENT", "canonical_values": ["GetCarsAvailable"], "slot": "intent", "values": ["GetCarsAvailable"]}], "service": "RentalCars_3", "slots": [], "state": {"active_intent": "GetCarsAvailable", "requested_slots": [], "slot_values": {"city": ["San Diego"]}}}], "speaker": "USER", "utterance": "Would it be possible for you to find me a rental car to go there?"}, {"frames": [{"actions": [{"act": "REQUEST", "canonical_values": [], "slot": "end_date", "values": []}], "service": "RentalCars_3", "slots": []}], "speaker": "SYSTEM", "utterance": "Till when are you going to need to have the car?"}, {"frames": [{"actions": [{"act": "INFORM", "canonical_values": ["Sedan"], "slot": "car_type", "values": ["Sedan"]}, {"act": "INFORM", "canonical_values": ["2019-03-14"], "slot": "end_date", "values": ["the 14th"]}], "service": "RentalCars_3", "slots": [{"exclusive_end": 66, "slot": "end_date", "start": 58}], "state": {"active_intent": "GetCarsAvailable", "requested_slots": [], "slot_values": {"car_type": ["Sedan"], "city": ["San Diego"], "end_date": ["the 14th"]}}}], "speaker": "USER", "utterance": "I would like to have a Sedan car, and I will need it till the 14th."}, {"frames": [{"actions": [{"act": "REQUEST", "canonical_values": ["2019-03-07", "2019-03-02"], "slot": "start_date", "values": ["March 7th", "March 2nd"]}, {"act": "REQUEST", "canonical_values": [], "slot": "pickup_time", "values": []}], "service": "RentalCars_3", "slots": [{"exclusive_end": 48, "slot": "start_date", "start": 39}, {"exclusive_end": 59, "slot": "start_date", "start": 50}]}], "speaker": "SYSTEM", "utterance": "From when will you be needing it, from March 7th, March 2nd or some other day? Which time suits you best to pick up the car?"}, {"frames": [{"actions": [{"act": "INFORM", "canonical_values": ["2019-03-09"], "slot": "start_date", "values": ["9th of March"]}, {"act": "INFORM", "canonical_values": ["15:45"], "slot": "pickup_time", "values": ["quarter to 4 in the afternoon"]}], "service": "RentalCars_3", "slots": [{"exclusive_end": 40, "slot": "start_date", "start": 28}, {"exclusive_end": 95, "slot": "pickup_time", "start": 66}], "state": {"active_intent": "GetCarsAvailable", "requested_slots": [], "slot_values": {"car_type": ["Sedan"], "city": ["San Diego"], "end_date": ["the 14th"], "pickup_time": ["quarter to 4 in the afternoon"], "start_date": ["9th of March"]}}}], "speaker": "USER", "utterance": "I want to have the car from 9th of March, and I can pick it up at quarter to 4 in the afternoon."}, {"frames": [{"actions": [{"act": "OFFER", "canonical_values": ["Santa Fe Depot"], "slot": "pickup_location", "values": ["Santa Fe Depot"]}, {"act": "OFFER", "canonical_values": ["Sedan"], "slot": "car_type", "values": ["Sedan"]}, {"act": "OFFER", "canonical_values": ["Hyundai Ioniq"], "slot": "car_name", "values": ["Hyundai Ioniq"]}, {"act": "INFORM_COUNT", "canonical_values": ["2"], "slot": "count", "values": ["2"]}], "service": "RentalCars_3", "service_call": {"method": "GetCarsAvailable", "parameters": {"car_type": "Sedan", "city": "San Diego", "end_date": "2019-03-14", "pickup_time": "15:45", "start_date": "2019-03-09"}}, "service_results": [{"car_name": "Hyundai Ioniq", "car_type": "Sedan", "city": "San Diego", "end_date": "2019-03-14", "pickup_location": "Santa Fe Depot", "pickup_time": "15:30", "price_per_day": "29.00", "start_date": "2019-03-09"}, {"car_name": "Skoda Octavia", "car_type": "Sedan", "city": "San Diego", "end_date": "2019-03-14", "pickup_location": "SAN International Airport", "pickup_time": "15:30", "price_per_day": "28.00", "start_date": "2019-03-09"}], "slots": [{"exclusive_end": 122, "slot": "pickup_location", "start": 108}, {"exclusive_end": 81, "slot": "car_name", "start": 68}]}], "speaker": "SYSTEM", "utterance": "I found 2 cars which you might like, with one of them being a Sedan Hyundai Ioniq, which you can pick up at Santa Fe Depot."}, {"frames": [{"actions": [{"act": "SELECT", "canonical_values": [], "slot": "", "values": []}], "service": "RentalCars_3", "slots": [], "state": {"active_intent": "GetCarsAvailable", "requested_slots": [], "slot_values": {"car_type": ["Sedan"], "city": ["San Diego"], "end_date": ["the 14th"], "pickup_location": ["Santa Fe Depot"], "pickup_time": ["quarter to 4 in the afternoon"], "start_date": ["9th of March"]}}}], "speaker": "USER", "utterance": "That seems a nice one."}, {"frames": [{"actions": [{"act": "REQ_MORE", "canonical_values": [], "slot": "", "values": []}], "service": "RentalCars_3", "slots": []}], "speaker": "SYSTEM", "utterance": "Can I do something else to help you with?"}, {"frames": [{"actions": [{"act": "NEGATE", "canonical_values": [], "slot": "", "values": []}, {"act": "THANK_YOU", "canonical_values": [], "slot": "", "values": []}], "service": "RentalCars_3", "slots": [], "state": {"active_intent": "NONE", "requested_slots": [], "slot_values": {"car_type": ["Sedan"], "city": ["San Diego"], "end_date": ["the 14th"], "pickup_location": ["Santa Fe Depot"], "pickup_time": ["quarter to 4 in the afternoon"], "start_date": ["9th of March"]}}}], "speaker": "USER", "utterance": "Nothing. I appreciate your help."}, {"frames": [{"actions": [{"act": "GOODBYE", "canonical_values": [], "slot": "", "values": []}], "service": "RentalCars_3", "slots": []}], "speaker": "SYSTEM", "utterance": "Have a good time!"}]}, {"dialogue_id": "18_00001", "services": ["Weather_1", "Flights_4", "RentalCars_3"], "turns": [{"frames": [{"actions": [{"act": "INFORM", "canonical_values": ["2019-03-13"], "slot": "date", "values": ["March 13th"]}, {"act": "INFORM", "canonical_values": ["Mexico City"], "slot": "city", "values": ["Mexico City"]}, {"act": "INFORM_INTENT", "canonical_values": ["GetWeather"], "slot": "intent", "values": ["GetWeather"]}], "service": "Weather_1", "slots": [{"exclusive_end": 48, "slot": "date", "start": 38}, {"exclusive_end": 34, "slot": "city", "start": 23}], "state": {"active_intent": "GetWeather", "requested_slots": [], "slot_values": {"city": ["Mexico City"], "date": ["March 13th"]}}}], "speaker": "USER", "utterance": "Show me the weather of Mexico City on March 13th."}, {"frames": [{"actions": [{"act": "OFFER", "canonical_values": ["91"], "slot": "temperature", "values": ["91"]}, {"act": "OFFER", "canonical_values": ["8"], "slot": "precipitation", "values": ["8"]}], "service": "Weather_1", "service_call": {"method": "GetWeather", "parameters": {"city": "Mexico City", "date": "2019-03-13"}}, "service_results": [{"city": "Mexico City", "date": "2019-03-13", "humidity": "21", "precipitation": "8", "temperature": "91", "wind": "6"}], "slots": [{"exclusive_end": 54, "slot": "temperature", "start": 52}, {"exclusive_end": 80, "slot": "precipitation", "start": 79}]}], "speaker": "SYSTEM", "utterance": "The expected average temperature through the day is 91 degrees Fahrenheit with 8 percent chance of rain."}, {"frames": [{"actions": [{"act": "REQUEST", "canonical_values": [], "slot": "wind", "values": []}], "service": "Weather_1", "slots": [], "state": {"active_intent": "GetWeather", "requested_slots": ["wind"], "slot_values": {"city": ["Mexico City"], "date": ["March 13th"]}}}], "speaker": "USER", "utterance": "Can you check for the wind speed?"}, {"frames": [{"actions": [{"act": "INFORM", "canonical_values": ["6"], "slot": "wind", "values": ["6"]}], "service": "Weather_1", "slots": [{"exclusive_end": 36, "slot": "wind", "start": 35}]}], "speaker": "SYSTEM", "utterance": "The expected average wind speed is 6 mph."}, {"frames": [{"actions": [{"act": "SELECT", "canonical_values": [], "slot": "", "values": []}], "service": "Weather_1", "slots": [], "state": {"active_intent": "GetWeather", "requested_slots": [], "slot_values": {"city": ["Mexico City"], "date": ["March 13th"]}}}], "speaker": "USER", "utterance": "Okay, That sounds good."}, {"frames": [{"actions": [{"act": "REQ_MORE", "canonical_values": [], "slot": "", "values": []}], "service": "Weather_1", "slots": []}], "speaker": "SYSTEM", "utterance": "Is there anything else I can help you with?"}, {"frames": [{"actions": [{"act": "INFORM_INTENT", "canonical_values": ["SearchOnewayFlight"], "slot": "intent", "values": ["SearchOnewayFlight"]}], "service": "Flights_4", "slots": [], "state": {"active_intent": "SearchOnewayFlight", "requested_slots": [], "slot_values": {"destination_airport": ["Mexico City"]}}}], "speaker": "USER", "utterance": "I would like to book one-way flight going there."}, {"frames": [{"actions": [{"act": "REQUEST", "canonical_values": ["2019-03-13"], "slot": "departure_date", "values": ["March 13th"]}, {"act": "REQUEST", "canonical_values": [], "slot": "origin_airport", "values": []}], "service": "Flights_4", "slots": [{"exclusive_end": 76, "slot": "departure_date", "start": 66}]}], "speaker": "SYSTEM", "utterance": "What will be your city of departure and is your date of departure March 13th?"}, {"frames": [{"actions": [{"act": "INFORM", "canonical_values": ["2019-03-01"], "slot": "departure_date", "values": ["1st of this month"]}, {"act": "INFORM", "canonical_values": ["Seattle"], "slot": "origin_airport", "values": ["Seattle"]}], "service": "Flights_4", "slots": [{"exclusive_end": 51, "slot": "departure_date", "start": 34}, {"exclusive_end": 30, "slot": "origin_airport", "start": 23}], "state": {"active_intent": "SearchOnewayFlight", "requested_slots": [], "slot_values": {"departure_date": ["1st of this month"], "destination_airport": ["Mexico City"], "origin_airport": ["Seattle"]}}}], "speaker": "USER", "utterance": "I will be leaving from Seattle on 1st of this month."}, {"frames": [{"actions": [{"act": "OFFER", "canonical_values": ["American Airlines"], "slot": "airlines", "values": ["American Airlines"]}, {"act": "OFFER", "canonical_values": ["16:15"], "slot": "outbound_departure_time", "values": ["4:15 pm"]}, {"act": "OFFER", "canonical_values": ["False"], "slot": "is_nonstop", "values": ["False"]}, {"act": "OFFER", "canonical_values": ["266"], "slot": "price", "values": ["$266"]}], "service": "Flights_4", "service_call": {"method": "SearchOnewayFlight", "parameters": {"departure_date": "2019-03-01", "destination_airport": "Mexico City", "origin_airport": "Seattle"}}, "service_results": [{"airlines": "American Airlines", "departure_date": "2019-03-01", "destination_airport": "Mexico City", "is_nonstop": "False", "number_of_tickets": "1", "origin_airport": "Seattle", "outbound_arrival_time": "01:08", "outbound_departure_time": "16:15", "price": "266", "seating_class": "Economy"}, {"airlines": "Delta Airlines", "departure_date": "2019-03-01", "destination_airport": "Mexico City", "is_nonstop": "False", "number_of_tickets": "1", "origin_airport": "Seattle", "outbound_arrival_time": "21:05", "outbound_departure_time": "12:35", "price": "267", "seating_class": "Economy"}, {"airlines": "Southwest Airlines", "departure_date": "2019-03-01", "destination_airport": "Mexico City", "is_nonstop": "False", "number_of_tickets": "1", "origin_airport": "Seattle", "outbound_arrival_time": "01:08", "outbound_departure_time": "13:35", "price": "248", "seating_class": "Economy"}], "slots": [{"exclusive_end": 78, "slot": "outbound_departure_time", "start": 71}, {"exclusive_end": 108, "slot": "price", "start": 104}]}], "speaker": "SYSTEM", "utterance": "How about an American Airlines flight, whose onward flight takes of at 4:15 pm with the ticket price of $266?"}, {"frames": [{"actions": [{"act": "REQUEST", "canonical_values": [], "slot": "seating_class", "values": []}], "service": "Flights_4", "slots": [], "state": {"active_intent": "SearchOnewayFlight", "requested_slots": ["seating_class"], "slot_values": {"departure_date": ["1st of this month"], "destination_airport": ["Mexico City"], "origin_airport": ["Seattle"]}}}], "speaker": "USER", "utterance": "Is the price for economy class or business class?"}, {"frames": [{"actions": [{"act": "INFORM", "canonical_values": ["Economy"], "slot": "seating_class", "values": ["Economy"]}], "service": "Flights_4", "slots": []}], "speaker": "SYSTEM", "utterance": "The price is for Economy class seat."}, {"frames": [{"actions": [{"act": "INFORM", "canonical_values": ["2019-03-10"], "slot": "start_date", "values": ["10th of this month"]}, {"act": "INFORM", "canonical_values": ["2019-03-14"], "slot": "end_date", "values": ["March 14th"]}, {"act": "INFORM_INTENT", "canonical_values": ["GetCarsAvailable"], "slot": "intent", "values": ["GetCarsAvailable"]}], "service": "RentalCars_3", "slots": [{"exclusive_end": 90, "slot": "start_date", "start": 72}, {"exclusive_end": 106, "slot": "end_date", "start": 96}], "state": {"active_intent": "GetCarsAvailable", "requested_slots": [], "slot_values": {"city": ["Mexico City"], "end_date": ["March 14th"], "start_date": ["10th of this month"]}}}, {"actions": [{"act": "SELECT", "canonical_values": [], "slot": "", "values": []}], "service": "Flights_4", "slots": [], "state": {"active_intent": "SearchOnewayFlight", "requested_slots": [], "slot_values": {"departure_date": ["1st of this month"], "destination_airport": ["Mexico City"], "origin_airport": ["Seattle"]}}}], "speaker": "USER", "utterance": "That sounds good to me. Now, Can you find me a rental car for rent from 10th of this month till March 14th?"}, {"frames": [{"actions": [{"act": "REQUEST", "canonical_values": [], "slot": "pickup_time", "values": []}], "service": "RentalCars_3", "slots": []}], "speaker": "SYSTEM", "utterance": "What will be time for pickup?"}, {"frames": [{"actions": [{"act": "INFORM", "canonical_values": ["12:15"], "slot": "pickup_time", "values": ["quarter past 12 in the afternoon"]}], "service": "RentalCars_3", "slots": [{"exclusive_end": 62, "slot": "pickup_time", "start": 30}], "state": {"active_intent": "GetCarsAvailable", "requested_slots": [], "slot_values": {"city": ["Mexico City"], "end_date": ["March 14th"], "pickup_time": ["quarter past 12 in the afternoon"], "start_date": ["10th of this month"]}}}], "speaker": "USER", "utterance": "I would like to pick it up at quarter past 12 in the afternoon."}, {"frames": [{"actions": [{"act": "OFFER", "canonical_values": ["Benito Juarez International Airport"], "slot": "pickup_location", "values": ["Benito Juarez International Airport"]}, {"act": "OFFER", "canonical_values": ["SUV"], "slot": "car_type", "values": ["SUV"]}, {"act": "OFFER", "canonical_values": ["Citroen C5"], "slot": "car_name", "values": ["Citroen C5"]}], "service": "RentalCars_3", "service_call": {"method": "GetCarsAvailable", "parameters": {"city": "Mexico City", "end_date": "2019-03-14", "pickup_time": "12:15", "start_date": "2019-03-10"}}, "service_results": [{"car_name": "Citroen C5", "car_type": "SUV", "city": "Mexico City", "end_date": "2019-03-14", "pickup_location": "Benito Juarez International Airport", "pickup_time": "12:00", "price_per_day": "35.00", "start_date": "2019-03-10"}, {"car_name": "Dodge Charger", "car_type": "Sedan", "city": "Mexico City", "end_date": "2019-03-14", "pickup_location": "Benito Juarez International Airport", "pickup_time": "12:00", "price_per_day": "21.00", "start_date": "2019-03-10"}, {"car_name": "Fiat Panda", "car_type": "Hatchback", "city": "Mexico City", "end_date": "2019-03-14", "pickup_location": "Benito Juarez International Airport", "pickup_time": "12:00", "price_per_day": "18.00", "start_date": "2019-03-10"}, {"car_name": "GMC Terrain", "car_type": "SUV", "city": "Mexico City", "end_date": "2019-03-14", "pickup_location": "Benito Juarez International Airport", "pickup_time": "12:00", "price_per_day": "27.00", "start_date": "2019-03-10"}, {"car_name": "Hyundai Ioniq", "car_type": "Sedan", "city": "Mexico City", "end_date": "2019-03-14", "pickup_location": "Benito Juarez International Airport", "pickup_time": "12:00", "price_per_day": "23.00", "start_date": "2019-03-10"}, {"car_name": "Jaguar F-Pace", "car_type": "SUV", "city": "Mexico City", "end_date": "2019-03-14", "pickup_location": "Estacion Buenavista", "pickup_time": "12:00", "price_per_day": "31.00", "start_date": "2019-03-10"}, {"car_name": "Lexus GS", "car_type": "Sedan", "city": "Mexico City", "end_date": "2019-03-14", "pickup_location": "Estacion Buenavista", "pickup_time": "12:00", "price_per_day": "19.00", "start_date": "2019-03-10"}, {"car_name": "Mazda 3", "car_type": "Hatchback", "city": "Mexico City", "end_date": "2019-03-14", "pickup_location": "Estacion Buenavista", "pickup_time": "12:00", "price_per_day": "16.00", "start_date": "2019-03-10"}, {"car_name": "Mazda CX-5", "car_type": "SUV", "city": "Mexico City", "end_date": "2019-03-14", "pickup_location": "Benito Juarez International Airport", "pickup_time": "12:00", "price_per_day": "29.00", "start_date": "2019-03-10"}, {"car_name": "Mitsubishi Outlander", "car_type": "SUV", "city": "Mexico City", "end_date": "2019-03-14", "pickup_location": "Estacion Buenavista", "pickup_time": "12:00", "price_per_day": "29.00", "start_date": "2019-03-10"}], "slots": [{"exclusive_end": 92, "slot": "pickup_location", "start": 57}, {"exclusive_end": 31, "slot": "car_name", "start": 21}]}], "speaker": "SYSTEM", "utterance": "How about a nice SUV Citroen C5 available for pick up at Benito Juarez International Airport?"}, {"frames": [{"actions": [{"act": "REQUEST", "canonical_values": [], "slot": "price_per_day", "values": []}], "service": "RentalCars_3", "slots": [], "state": {"active_intent": "GetCarsAvailable", "requested_slots": ["price_per_day"], "slot_values": {"city": ["Mexico City"], "end_date": ["March 14th"], "pickup_time": ["quarter past 12 in the afternoon"], "start_date": ["10th of this month"]}}}], "speaker": "USER", "utterance": "Can you find me the cost per day?"}, {"frames": [{"actions": [{"act": "INFORM", "canonical_values": ["35.00"], "slot": "price_per_day", "values": ["$35.00"]}], "service": "RentalCars_3", "slots": [{"exclusive_end": 26, "slot": "price_per_day", "start": 20}]}], "speaker": "SYSTEM", "utterance": "The cost per day is $35.00."}, {"frames": [{"actions": [{"act": "INFORM", "canonical_values": ["Sedan"], "slot": "car_type", "values": ["Sedan"]}, {"act": "INFORM", "canonical_values": ["11:30"], "slot": "pickup_time", "values": ["11:30 am"]}, {"act": "REQUEST_ALTS", "canonical_values": [], "slot": "", "values": []}], "service": "RentalCars_3", "slots": [{"exclusive_end": 59, "slot": "pickup_time", "start": 51}], "state": {"active_intent": "GetCarsAvailable", "requested_slots": [], "slot_values": {"car_type": ["Sedan"], "city": ["Mexico City"], "end_date": ["March 14th"], "pickup_time": ["11:30 am"], "start_date": ["10th of this month"]}}}], "speaker": "USER", "utterance": "Can you show me any other Sedan car for pick up at 11:30 am?"}, {"frames": [{"actions": [{"act": "OFFER", "canonical_values": ["Benito Juarez International Airport"], "slot": "pickup_location", "values": ["Benito Juarez International Airport"]}, {"act": "OFFER", "canonical_values": ["Sedan"], "slot": "car_type", "values": ["Sedan"]}, {"act": "OFFER", "canonical_values": ["Dodge Charger"], "slot": "car_name", "values": ["Dodge Charger"]}], "service": "RentalCars_3", "service_call": {"method": "GetCarsAvailable", "parameters": {"car_type": "Sedan", "city": "Mexico City", "end_date": "2019-03-14", "pickup_time": "11:30", "start_date": "2019-03-10"}}, "service_results": [{"car_name": "Dodge Charger", "car_type": "Sedan", "city": "Mexico City", "end_date": "2019-03-14", "pickup_location": "Benito Juarez International Airport", "pickup_time": "11:00", "price_per_day": "21.00", "start_date": "2019-03-10"}, {"car_name": "Hyundai Ioniq", "car_type": "Sedan", "city": "Mexico City", "end_date": "2019-03-14", "pickup_location": "Benito Juarez International Airport", "pickup_time": "11:00", "price_per_day": "23.00", "start_date": "2019-03-10"}, {"car_name": "Lexus GS", "car_type": "Sedan", "city": "Mexico City", "end_date": "2019-03-14", "pickup_location": "Estacion Buenavista", "pickup_time": "11:00", "price_per_day": "19.00", "start_date": "2019-03-10"}, {"car_name": "Skoda Octavia", "car_type": "Sedan", "city": "Mexico City", "end_date": "2019-03-14", "pickup_location": "Benito Juarez International Airport", "pickup_time": "11:00", "price_per_day": "21.00", "start_date": "2019-03-10"}, {"car_name": "Subaru Impreza", "car_type": "Sedan", "city": "Mexico City", "end_date": "2019-03-14", "pickup_location": "Benito Juarez International Airport", "pickup_time": "11:00", "price_per_day": "22.00", "start_date": "2019-03-10"}, {"car_name": "Volvo S90", "car_type": "Sedan", "city": "Mexico City", "end_date": "2019-03-14", "pickup_location": "Estacion Buenavista", "pickup_time": "11:00", "price_per_day": "24.00", "start_date": "2019-03-10"}], "slots": [{"exclusive_end": 97, "slot": "pickup_location", "start": 62}, {"exclusive_end": 36, "slot": "car_name", "start": 23}]}], "speaker": "SYSTEM", "utterance": "How about a nice Sedan Dodge Charger available for pick up at Benito Juarez International Airport?"}, {"frames": [{"actions": [{"act": "SELECT", "canonical_values": [], "slot": "", "values": []}, {"act": "GOODBYE", "canonical_values": [], "slot": "", "values": []}], "service": "RentalCars_3", "slots": [], "state": {"active_intent": "GetCarsAvailable", "requested_slots": [], "slot_values": {"car_type": ["Sedan"], "city": ["Mexico City"], "end_date": ["March 14th"], "pickup_location": ["Benito Juarez International Airport"], "pickup_time": ["11:30 am"], "start_date": ["10th of this month"]}}}], "speaker": "USER", "utterance": "That sounds nice to me. That will be all. Thank you!"}, {"frames": [{"actions": [{"act": "GOODBYE", "canonical_values": [], "slot": "", "values": []}], "service": "RentalCars_3", "slots": []}], "speaker": "SYSTEM", "utterance": "I am glad I could help. Have a nice day!"}]}, {"dialogue_id": "18_00002", "services": ["Weather_1", "Flights_4", "RentalCars_3"], "turns": [{"frames": [{"actions": [{"act": "INFORM_INTENT", "canonical_values": ["GetWeather"], "slot": "intent", "values": ["GetWeather"]}], "service": "Weather_1", "slots": [], "state": {"active_intent": "GetWeather", "requested_slots": [], "slot_values": {}}}], "speaker": "USER", "utterance": "Can you check the weather for me?"}, {"frames": [{"actions": [{"act": "REQUEST", "canonical_values": [], "slot": "city", "values": []}], "service": "Weather_1", "slots": []}], "speaker": "SYSTEM", "utterance": "Sure thing. Which city would you like to check?"}, {"frames": [{"actions": [{"act": "INFORM", "canonical_values": ["San Francisco"], "slot": "city", "values": ["SFO"]}], "service": "Weather_1", "slots": [{"exclusive_end": 34, "slot": "city", "start": 31}], "state": {"active_intent": "GetWeather", "requested_slots": [], "slot_values": {"city": ["SFO"]}}}], "speaker": "USER", "utterance": "Can you tell me the weather in SFO?"}, {"frames": [{"actions": [{"act": "OFFER", "canonical_values": ["91"], "slot": "temperature", "values": ["91"]}, {"act": "OFFER", "canonical_values": ["29"], "slot": "precipitation", "values": ["29"]}], "service": "Weather_1", "service_call": {"method": "GetWeather", "parameters": {"city": "San Francisco"}}, "service_results": [{"city": "San Francisco", "date": "2019-03-01", "humidity": "49", "precipitation": "29", "temperature": "91", "wind": "2"}], "slots": [{"exclusive_end": 34, "slot": "temperature", "start": 32}, {"exclusive_end": 63, "slot": "precipitation", "start": 61}]}], "speaker": "SYSTEM", "utterance": "The average temperature will be 91 degrees fahrenheit with a 29 percent chance of rain."}, {"frames": [{"actions": [{"act": "SELECT", "canonical_values": [], "slot": "", "values": []}], "service": "Weather_1", "slots": [], "state": {"active_intent": "GetWeather", "requested_slots": [], "slot_values": {"city": ["SFO"]}}}, {"actions": [{"act": "INFORM_INTENT", "canonical_values": ["SearchOnewayFlight"], "slot": "intent", "values": ["SearchOnewayFlight"]}], "service": "Flights_4", "slots": [], "state": {"active_intent": "SearchOnewayFlight", "requested_slots": [], "slot_values": {"destination_airport": ["SFO"]}}}], "speaker": "USER", "utterance": "Cool, thanks for the info. Sounds like a nice day out there today. Can you help me find a one-way flight to the area?"}, {"frames": [{"actions": [{"act": "REQUEST", "canonical_values": [], "slot": "origin_airport", "values": []}, {"act": "REQUEST", "canonical_values": ["2019-03-01"], "slot": "departure_date", "values": ["March 1st"]}], "service": "Flights_4", "slots": [{"exclusive_end": 41, "slot": "departure_date", "start": 32}]}], "speaker": "SYSTEM", "utterance": "No problem. Will you be leaving March 1st? What city will you be departing from?"}, {"frames": [{"actions": [{"act": "INFORM", "canonical_values": ["2"], "slot": "number_of_tickets", "values": ["2"]}, {"act": "INFORM", "canonical_values": ["Philadelphia"], "slot": "origin_airport", "values": ["Philadelphia"]}, {"act": "AFFIRM", "canonical_values": [], "slot": "", "values": []}], "service": "Flights_4", "slots": [{"exclusive_end": 48, "slot": "origin_airport", "start": 36}], "state": {"active_intent": "SearchOnewayFlight", "requested_slots": [], "slot_values": {"departure_date": ["March 1st"], "destination_airport": ["SFO"], "number_of_tickets": ["2"], "origin_airport": ["Philadelphia"]}}}], "speaker": "USER", "utterance": "I need 2 tickets for flights out of Philadelphia."}, {"frames": [{"actions": [{"act": "OFFER", "canonical_values": ["American Airlines"], "slot": "airlines", "values": ["American Airlines"]}, {"act": "OFFER", "canonical_values": ["17:45"], "slot": "outbound_departure_time", "values": ["5:45 pm"]}, {"act": "OFFER", "canonical_values": ["False"], "slot": "is_nonstop", "values": ["False"]}, {"act": "OFFER", "canonical_values": ["259"], "slot": "price", "values": ["$259"]}], "service": "Flights_4", "service_call": {"method": "SearchOnewayFlight", "parameters": {"departure_date": "2019-03-01", "destination_airport": "San Francisco", "number_of_tickets": "2", "origin_airport": "Philadelphia"}}, "service_results": [{"airlines": "American Airlines", "departure_date": "2019-03-01", "destination_airport": "San Francisco", "is_nonstop": "False", "number_of_tickets": "2", "origin_airport": "Philadelphia", "outbound_arrival_time": "22:37", "outbound_departure_time": "17:45", "price": "259", "seating_class": "Economy"}, {"airlines": "Delta Airlines", "departure_date": "2019-03-01", "destination_airport": "San Francisco", "is_nonstop": "False", "number_of_tickets": "2", "origin_airport": "Philadelphia", "outbound_arrival_time": "03:16", "outbound_departure_time": "22:45", "price": "251", "seating_class": "Economy"}, {"airlines": "Southwest Airlines", "departure_date": "2019-03-01", "destination_airport": "San Francisco", "is_nonstop": "False", "number_of_tickets": "2", "origin_airport": "Philadelphia", "outbound_arrival_time": "11:57", "outbound_departure_time": "07:15", "price": "290", "seating_class": "Economy"}, {"airlines": "United Airlines", "departure_date": "2019-03-01", "destination_airport": "San Francisco", "is_nonstop": "False", "number_of_tickets": "2", "origin_airport": "Philadelphia", "outbound_arrival_time": "18:57", "outbound_departure_time": "13:55", "price": "296", "seating_class": "Economy"}], "slots": [{"exclusive_end": 95, "slot": "outbound_departure_time", "start": 88}, {"exclusive_end": 17, "slot": "price", "start": 13}]}], "speaker": "SYSTEM", "utterance": "I've found a $259 dollar flight with American Airlines. The flight will be departing at 5:45 pm. Would you like to book a ticket?"}, {"frames": [{"actions": [{"act": "INFORM", "canonical_values": ["United Airlines"], "slot": "airlines", "values": ["United Airlines"]}, {"act": "REQUEST_ALTS", "canonical_values": [], "slot": "", "values": []}], "service": "Flights_4", "slots": [], "state": {"active_intent": "SearchOnewayFlight", "requested_slots": [], "slot_values": {"airlines": ["United Airlines"], "departure_date": ["March 1st"], "destination_airport": ["SFO"], "number_of_tickets": ["2"], "origin_airport": ["Philadelphia"]}}}], "speaker": "USER", "utterance": "No, I'm really looking for something with United Airlines. I think they have the best flights."}, {"frames": [{"actions": [{"act": "OFFER", "canonical_values": ["United Airlines"], "slot": "airlines", "values": ["United Airlines"]}, {"act": "OFFER", "canonical_values": ["13:55"], "slot": "outbound_departure_time", "values": ["1:55 pm"]}, {"act": "OFFER", "canonical_values": ["False"], "slot": "is_nonstop", "values": ["False"]}, {"act": "OFFER", "canonical_values": ["296"], "slot": "price", "values": ["$296"]}], "service": "Flights_4", "service_call": {"method": "SearchOnewayFlight", "parameters": {"airlines": "United Airlines", "departure_date": "2019-03-01", "destination_airport": "San Francisco", "number_of_tickets": "2", "origin_airport": "Philadelphia"}}, "service_results": [{"airlines": "United Airlines", "departure_date": "2019-03-01", "destination_airport": "San Francisco", "is_nonstop": "False", "number_of_tickets": "2", "origin_airport": "Philadelphia", "outbound_arrival_time": "18:57", "outbound_departure_time": "13:55", "price": "296", "seating_class": "Economy"}], "slots": [{"exclusive_end": 89, "slot": "outbound_departure_time", "start": 82}, {"exclusive_end": 116, "slot": "price", "start": 112}]}], "speaker": "SYSTEM", "utterance": "Okay, i've found a flight with United Airlines for you. The flight will depart at 1:55 pm and tickets will cost $296."}, {"frames": [{"actions": [{"act": "INFORM", "canonical_values": ["2019-03-08"], "slot": "end_date", "values": ["Friday next week"]}, {"act": "INFORM_INTENT", "canonical_values": ["GetCarsAvailable"], "slot": "intent", "values": ["GetCarsAvailable"]}], "service": "RentalCars_3", "slots": [{"exclusive_end": 109, "slot": "end_date", "start": 93}], "state": {"active_intent": "GetCarsAvailable", "requested_slots": [], "slot_values": {"city": ["SFO"], "end_date": ["Friday next week"]}}}, {"actions": [{"act": "SELECT", "canonical_values": [], "slot": "", "values": []}], "service": "Flights_4", "slots": [], "state": {"active_intent": "SearchOnewayFlight", "requested_slots": [], "slot_values": {"airlines": ["United Airlines"], "departure_date": ["March 1st"], "destination_airport": ["SFO"], "number_of_tickets": ["2"], "origin_airport": ["Philadelphia"]}}}], "speaker": "USER", "utterance": "Okay, sounds good to me. Can you also find a rental car for me as well? I will need it until Friday next week."}, {"frames": [{"actions": [{"act": "REQUEST", "canonical_values": [], "slot": "pickup_time", "values": []}, {"act": "REQUEST", "canonical_values": ["2019-03-01"], "slot": "start_date", "values": ["March 1st"]}], "service": "RentalCars_3", "slots": [{"exclusive_end": 43, "slot": "start_date", "start": 34}]}], "speaker": "SYSTEM", "utterance": "Will you be picking the car up on March 1st? Also, what time would you like to pick up the vehicle?"}, {"frames": [{"actions": [{"act": "INFORM", "canonical_values": ["19:45"], "slot": "pickup_time", "values": ["19:45"]}, {"act": "INFORM", "canonical_values": ["2019-03-05"], "slot": "start_date", "values": ["the 5th"]}], "service": "RentalCars_3", "slots": [{"exclusive_end": 46, "slot": "pickup_time", "start": 41}, {"exclusive_end": 33, "slot": "start_date", "start": 26}], "state": {"active_intent": "GetCarsAvailable", "requested_slots": [], "slot_values": {"city": ["SFO"], "end_date": ["Friday next week"], "pickup_time": ["19:45"], "start_date": ["the 5th"]}}}], "speaker": "USER", "utterance": "I'd like to pick it up on the 5th around 19:45."}, {"frames": [{"actions": [{"act": "OFFER", "canonical_values": ["Salesforce Transit Center"], "slot": "pickup_location", "values": ["Salesforce Transit Center"]}, {"act": "OFFER", "canonical_values": ["Sedan"], "slot": "car_type", "values": ["Sedan"]}, {"act": "OFFER", "canonical_values": ["Audi A8"], "slot": "car_name", "values": ["Audi A8"]}, {"act": "INFORM_COUNT", "canonical_values": ["7"], "slot": "count", "values": ["7"]}], "service": "RentalCars_3", "service_call": {"method": "GetCarsAvailable", "parameters": {"city": "San Francisco", "end_date": "2019-03-08", "pickup_time": "19:45", "start_date": "2019-03-05"}}, "service_results": [{"car_name": "Audi A8", "car_type": "Sedan", "city": "San Francisco", "end_date": "2019-03-08", "pickup_location": "Salesforce Transit Center", "pickup_time": "19:30", "price_per_day": "28.00", "start_date": "2019-03-05"}, {"car_name": "Buick Regal Sportback", "car_type": "Sedan", "city": "San Francisco", "end_date": "2019-03-08", "pickup_location": "Salesforce Transit Center", "pickup_time": "19:30", "price_per_day": "32.00", "start_date": "2019-03-05"}, {"car_name": "Jaguar F-Pace", "car_type": "SUV", "city": "San Francisco", "end_date": "2019-03-08", "pickup_location": "Salesforce Transit Center", "pickup_time": "19:30", "price_per_day": "41.00", "start_date": "2019-03-05"}, {"car_name": "Lexus GS", "car_type": "Sedan", "city": "San Francisco", "end_date": "2019-03-08", "pickup_location": "Salesforce Transit Center", "pickup_time": "19:30", "price_per_day": "29.00", "start_date": "2019-03-05"}, {"car_name": "Mazda 3", "car_type": "Hatchback", "city": "San Francisco", "end_date": "2019-03-08", "pickup_location": "Salesforce Transit Center", "pickup_time": "19:30", "price_per_day": "26.00", "start_date": "2019-03-05"}, {"car_name": "SEAT Cordoba", "car_type": "Sedan", "city": "San Francisco", "end_date": "2019-03-08", "pickup_location": "Salesforce Transit Center", "pickup_time": "19:30", "price_per_day": "27.00", "start_date": "2019-03-05"}, {"car_name": "Vauxhaull Astra", "car_type": "Hatchback", "city": "San Francisco", "end_date": "2019-03-08", "pickup_location": "Salesforce Transit Center", "pickup_time": "19:30", "price_per_day": "29.00", "start_date": "2019-03-05"}], "slots": [{"exclusive_end": 112, "slot": "pickup_location", "start": 87}, {"exclusive_end": 57, "slot": "car_name", "start": 50}]}], "speaker": "SYSTEM", "utterance": "I've found 7 cars for you. How about a nice Sedan Audi A8? You can pick it up from the Salesforce Transit Center."}, {"frames": [{"actions": [{"act": "SELECT", "canonical_values": [], "slot": "", "values": []}, {"act": "GOODBYE", "canonical_values": [], "slot": "", "values": []}], "service": "RentalCars_3", "slots": [], "state": {"active_intent": "GetCarsAvailable", "requested_slots": [], "slot_values": {"car_type": ["Sedan"], "city": ["SFO"], "end_date": ["Friday next week"], "pickup_location": ["Salesforce Transit Center"], "pickup_time": ["19:45"], "start_date": ["the 5th"]}}}], "speaker": "USER", "utterance": "Okay, that sounds good. Thanks. That's all for now."}, {"frames": [{"actions": [{"act": "GOODBYE", "canonical_values": [], "slot": "", "values": []}], "service": "RentalCars_3", "slots": []}], "speaker": "SYSTEM", "utterance": "My pleasure. Have a good day."}]}, {"dialogue_id": "18_00003", "services": ["Weather_1", "Flights_4", "RentalCars_3"], "turns": [{"frames": [{"actions": [{"act": "INFORM", "canonical_values": ["2019-03-07"], "slot": "date", "values": ["Thursday next week"]}, {"act": "INFORM", "canonical_values": ["Toronto"], "slot": "city", "values": ["Toronto, Ontario"]}, {"act": "INFORM_INTENT", "canonical_values": ["GetWeather"], "slot": "intent", "values": ["GetWeather"]}], "service": "Weather_1", "slots": [{"exclusive_end": 74, "slot": "date", "start": 56}, {"exclusive_end": 52, "slot": "city", "start": 36}], "state": {"active_intent": "GetWeather", "requested_slots": [], "slot_values": {"city": ["Toronto, Ontario"], "date": ["Thursday next week"]}}}], "speaker": "USER", "utterance": "What's the weather gonna be like in Toronto, Ontario on Thursday next week?"}, {"frames": [{"actions": [{"act": "OFFER", "canonical_values": ["61"], "slot": "temperature", "values": ["61"]}, {"act": "OFFER", "canonical_values": ["15"], "slot": "precipitation", "values": ["15"]}], "service": "Weather_1", "service_call": {"method": "GetWeather", "parameters": {"city": "Toronto", "date": "2019-03-07"}}, "service_results": [{"city": "Toronto", "date": "2019-03-07", "humidity": "25", "precipitation": "15", "temperature": "61", "wind": "12"}], "slots": [{"exclusive_end": 82, "slot": "temperature", "start": 80}, {"exclusive_end": 34, "slot": "precipitation", "start": 32}]}], "speaker": "SYSTEM", "utterance": "In Toronto, Ontario, there is a 15 percent chance of rain with a temperature of 61 degrees."}, {"frames": [{"actions": [{"act": "REQUEST", "canonical_values": [], "slot": "wind", "values": []}, {"act": "REQUEST", "canonical_values": [], "slot": "humidity", "values": []}], "service": "Weather_1", "slots": [], "state": {"active_intent": "GetWeather", "requested_slots": ["humidity", "wind"], "slot_values": {"city": ["Toronto, Ontario"], "date": ["Thursday next week"]}}}], "speaker": "USER", "utterance": "I need to know the about the wind and humidity too."}, {"frames": [{"actions": [{"act": "INFORM", "canonical_values": ["25"], "slot": "humidity", "values": ["25"]}, {"act": "INFORM", "canonical_values": ["12"], "slot": "wind", "values": ["12"]}], "service": "Weather_1", "slots": [{"exclusive_end": 27, "slot": "humidity", "start": 25}, {"exclusive_end": 63, "slot": "wind", "start": 61}]}], "speaker": "SYSTEM", "utterance": "Humidity will be roughly 25 percent with the wind blowing at 12 miles per hour."}, {"frames": [{"actions": [{"act": "SELECT", "canonical_values": [], "slot": "", "values": []}], "service": "Weather_1", "slots": [], "state": {"active_intent": "GetWeather", "requested_slots": [], "slot_values": {"city": ["Toronto, Ontario"], "date": ["Thursday next week"]}}}, {"actions": [{"act": "INFORM", "canonical_values": ["2019-03-02"], "slot": "departure_date", "values": ["2nd of March"]}, {"act": "INFORM", "canonical_values": ["San Diego"], "slot": "origin_airport", "values": ["SD"]}, {"act": "INFORM", "canonical_values": ["dontcare"], "slot": "airlines", "values": ["dontcare"]}, {"act": "INFORM_INTENT", "canonical_values": ["SearchOnewayFlight"], "slot": "intent", "values": ["SearchOnewayFlight"]}], "service": "Flights_4", "slots": [{"exclusive_end": 49, "slot": "departure_date", "start": 37}, {"exclusive_end": 85, "slot": "origin_airport", "start": 83}], "state": {"active_intent": "SearchOnewayFlight", "requested_slots": [], "slot_values": {"airlines": ["dontcare"], "departure_date": ["2nd of March"], "destination_airport": ["Toronto, Ontario"], "origin_airport": ["SD"]}}}], "speaker": "USER", "utterance": "Alrigt. I plan to visit there on the 2nd of March. I need a flight to Toronto from SD. Any airline will do fine."}, {"frames": [{"actions": [{"act": "OFFER", "canonical_values": ["Alaska Airlines"], "slot": "airlines", "values": ["Alaska Airlines"]}, {"act": "OFFER", "canonical_values": ["13:05"], "slot": "outbound_departure_time", "values": ["1:05 pm"]}, {"act": "OFFER", "canonical_values": ["False"], "slot": "is_nonstop", "values": ["False"]}, {"act": "OFFER", "canonical_values": ["220"], "slot": "price", "values": ["$220"]}], "service": "Flights_4", "service_call": {"method": "SearchOnewayFlight", "parameters": {"departure_date": "2019-03-02", "destination_airport": "Toronto", "origin_airport": "San Diego"}}, "service_results": [{"airlines": "Alaska Airlines", "departure_date": "2019-03-02", "destination_airport": "Toronto", "is_nonstop": "False", "number_of_tickets": "1", "origin_airport": "San Diego", "outbound_arrival_time": "00:14", "outbound_departure_time": "13:05", "price": "220", "seating_class": "Economy"}, {"airlines": "Southwest Airlines", "departure_date": "2019-03-02", "destination_airport": "Toronto", "is_nonstop": "False", "number_of_tickets": "1", "origin_airport": "San Diego", "outbound_arrival_time": "00:14", "outbound_departure_time": "12:20", "price": "216", "seating_class": "Economy"}, {"airlines": "United Airlines", "departure_date": "2019-03-02", "destination_airport": "Toronto", "is_nonstop": "False", "number_of_tickets": "1", "origin_airport": "San Diego", "outbound_arrival_time": "00:14", "outbound_departure_time": "09:15", "price": "214", "seating_class": "Economy"}], "slots": [{"exclusive_end": 70, "slot": "outbound_departure_time", "start": 63}, {"exclusive_end": 96, "slot": "price", "start": 92}]}], "speaker": "SYSTEM", "utterance": "Alaska Airlines has a flight departing from SD on March 2nd at 1:05 pm. The ticket price is $220."}, {"frames": [{"actions": [{"act": "REQUEST_ALTS", "canonical_values": [], "slot": "", "values": []}], "service": "Flights_4", "slots": [], "state": {"active_intent": "SearchOnewayFlight", "requested_slots": [], "slot_values": {"airlines": ["dontcare"], "departure_date": ["2nd of March"], "destination_airport": ["Toronto, Ontario"], "origin_airport": ["SD"]}}}], "speaker": "USER", "utterance": "I don't think I want those tickets. Try another airline please."}, {"frames": [{"actions": [{"act": "OFFER", "canonical_values": ["Southwest Airlines"], "slot": "airlines", "values": ["Southwest Airlines"]}, {"act": "OFFER", "canonical_values": ["12:20"], "slot": "outbound_departure_time", "values": ["12:20 pm"]}, {"act": "OFFER", "canonical_values": ["False"], "slot": "is_nonstop", "values": ["False"]}, {"act": "OFFER", "canonical_values": ["216"], "slot": "price", "values": ["$216"]}], "service": "Flights_4", "slots": [{"exclusive_end": 83, "slot": "outbound_departure_time", "start": 75}, {"exclusive_end": 106, "slot": "price", "start": 102}]}], "speaker": "SYSTEM", "utterance": "How about Southwest Airlines instead? This flight in particular departs at 12:20 pm. It will cost you $216."}, {"frames": [{"actions": [{"act": "REQUEST", "canonical_values": ["4"], "slot": "number_of_tickets", "values": ["4"]}], "service": "Flights_4", "slots": [], "state": {"active_intent": "SearchOnewayFlight", "requested_slots": ["number_of_tickets"], "slot_values": {"airlines": ["dontcare"], "departure_date": ["2nd of March"], "destination_airport": ["Toronto, Ontario"], "origin_airport": ["SD"]}}}], "speaker": "USER", "utterance": "Will it be available for four people?"}, {"frames": [{"actions": [{"act": "INFORM", "canonical_values": ["1"], "slot": "number_of_tickets", "values": ["1"]}], "service": "Flights_4", "slots": []}], "speaker": "SYSTEM", "utterance": "I apologize but no. It is for 1 passenger."}, {"frames": [{"actions": [{"act": "REQUEST_ALTS", "canonical_values": [], "slot": "", "values": []}], "service": "Flights_4", "slots": [], "state": {"active_intent": "SearchOnewayFlight", "requested_slots": [], "slot_values": {"airlines": ["dontcare"], "departure_date": ["2nd of March"], "destination_airport": ["Toronto, Ontario"], "origin_airport": ["SD"]}}}], "speaker": "USER", "utterance": "Okay then. Let's move on to another option please."}, {"frames": [{"actions": [{"act": "OFFER", "canonical_values": ["United Airlines"], "slot": "airlines", "values": ["United Airlines"]}, {"act": "OFFER", "canonical_values": ["09:15"], "slot": "outbound_departure_time", "values": ["9:15 am"]}, {"act": "OFFER", "canonical_values": ["False"], "slot": "is_nonstop", "values": ["False"]}, {"act": "OFFER", "canonical_values": ["214"], "slot": "price", "values": ["$214"]}], "service": "Flights_4", "slots": [{"exclusive_end": 70, "slot": "outbound_departure_time", "start": 63}, {"exclusive_end": 94, "slot": "price", "start": 90}]}], "speaker": "SYSTEM", "utterance": "Is United Airlines acceptable? The flight to Toronto leaves at 9:15 am and has a price of $214. It is worth noting that this flight has a layover."}, {"frames": [{"actions": [{"act": "REQUEST", "canonical_values": [], "slot": "number_of_tickets", "values": []}, {"act": "REQUEST", "canonical_values": [], "slot": "outbound_arrival_time", "values": []}], "service": "Flights_4", "slots": [], "state": {"active_intent": "SearchOnewayFlight", "requested_slots": ["number_of_tickets", "outbound_arrival_time"], "slot_values": {"airlines": ["dontcare"], "departure_date": ["2nd of March"], "destination_airport": ["Toronto, Ontario"], "origin_airport": ["SD"]}}}], "speaker": "USER", "utterance": "How many people does this include? Oh yeah. And when does it arrive in Toronto?"}, {"frames": [{"actions": [{"act": "INFORM", "canonical_values": ["1"], "slot": "number_of_tickets", "values": ["1"]}, {"act": "INFORM", "canonical_values": ["00:14"], "slot": "outbound_arrival_time", "values": ["0:14 am"]}], "service": "Flights_4", "slots": [{"exclusive_end": 56, "slot": "outbound_arrival_time", "start": 49}]}], "speaker": "SYSTEM", "utterance": "It is for 1 passenger and has an arrival time of 0:14 am in the morning."}, {"frames": [{"actions": [{"act": "INFORM_INTENT", "canonical_values": ["GetCarsAvailable"], "slot": "intent", "values": ["GetCarsAvailable"]}], "service": "RentalCars_3", "slots": [], "state": {"active_intent": "GetCarsAvailable", "requested_slots": [], "slot_values": {"city": ["Toronto, Ontario"]}}}, {"actions": [{"act": "SELECT", "canonical_values": [], "slot": "", "values": []}], "service": "Flights_4", "slots": [], "state": {"active_intent": "SearchOnewayFlight", "requested_slots": [], "slot_values": {"airlines": ["dontcare"], "departure_date": ["2nd of March"], "destination_airport": ["Toronto, Ontario"], "origin_airport": ["SD"]}}}], "speaker": "USER", "utterance": "Okay that sounds like what I'm looking for. Can you help me find a rental car as well?"}, {"frames": [{"actions": [{"act": "REQUEST", "canonical_values": [], "slot": "end_date", "values": []}], "service": "RentalCars_3", "slots": []}], "speaker": "SYSTEM", "utterance": "How long do you wish to rent this car for?"}, {"frames": [{"actions": [{"act": "INFORM", "canonical_values": ["2019-03-08"], "slot": "end_date", "values": ["Friday next week"]}], "service": "RentalCars_3", "slots": [{"exclusive_end": 41, "slot": "end_date", "start": 25}], "state": {"active_intent": "GetCarsAvailable", "requested_slots": [], "slot_values": {"city": ["Toronto, Ontario"], "end_date": ["Friday next week"]}}}], "speaker": "USER", "utterance": "I'll be needing it until Friday next week."}, {"frames": [{"actions": [{"act": "REQUEST", "canonical_values": ["2019-03-02", "2019-03-07"], "slot": "start_date", "values": ["March 2nd", "March 7th"]}, {"act": "REQUEST", "canonical_values": [], "slot": "pickup_time", "values": []}], "service": "RentalCars_3", "slots": [{"exclusive_end": 58, "slot": "start_date", "start": 49}, {"exclusive_end": 71, "slot": "start_date", "start": 62}]}], "speaker": "SYSTEM", "utterance": "Please provide the pick-up date for the vehicle. March 2nd or March 7th for example. I need to know the time as well."}, {"frames": [{"actions": [{"act": "INFORM", "canonical_values": ["Sedan"], "slot": "car_type", "values": ["Sedan"]}, {"act": "INFORM", "canonical_values": ["2019-03-05"], "slot": "start_date", "values": ["March 5th"]}, {"act": "INFORM", "canonical_values": ["17:00"], "slot": "pickup_time", "values": ["17:00"]}], "service": "RentalCars_3", "slots": [{"exclusive_end": 36, "slot": "start_date", "start": 27}, {"exclusive_end": 73, "slot": "pickup_time", "start": 68}], "state": {"active_intent": "GetCarsAvailable", "requested_slots": [], "slot_values": {"car_type": ["Sedan"], "city": ["Toronto, Ontario"], "end_date": ["Friday next week"], "pickup_time": ["17:00"], "start_date": ["March 5th"]}}}], "speaker": "USER", "utterance": "I'm looking for a sedan on March 5th. I'll be picking the car up at 17:00."}, {"frames": [{"actions": [{"act": "OFFER", "canonical_values": ["Toronto Pearson International Airport"], "slot": "pickup_location", "values": ["Toronto Pearson International Airport"]}, {"act": "OFFER", "canonical_values": ["Sedan"], "slot": "car_type", "values": ["Sedan"]}, {"act": "OFFER", "canonical_values": ["Buick Regal Sportback"], "slot": "car_name", "values": ["Buick Regal Sportback"]}, {"act": "INFORM_COUNT", "canonical_values": ["4"], "slot": "count", "values": ["4"]}], "service": "RentalCars_3", "service_call": {"method": "GetCarsAvailable", "parameters": {"car_type": "Sedan", "city": "Toronto", "end_date": "2019-03-08", "pickup_time": "17:00", "start_date": "2019-03-05"}}, "service_results": [{"car_name": "Buick Regal Sportback", "car_type": "Sedan", "city": "Toronto", "end_date": "2019-03-08", "pickup_location": "Toronto Pearson International Airport", "pickup_time": "17:00", "price_per_day": "36.00", "start_date": "2019-03-05"}, {"car_name": "Hyundai Ioniq", "car_type": "Sedan", "city": "Toronto", "end_date": "2019-03-08", "pickup_location": "Toronto Pearson International Airport", "pickup_time": "17:00", "price_per_day": "33.00", "start_date": "2019-03-05"}, {"car_name": "SEAT Cordoba", "car_type": "Sedan", "city": "Toronto", "end_date": "2019-03-08", "pickup_location": "Toronto Pearson International Airport", "pickup_time": "17:00", "price_per_day": "45.00", "start_date": "2019-03-05"}, {"car_name": "Skoda Octavia", "car_type": "Sedan", "city": "Toronto", "end_date": "2019-03-08", "pickup_location": "Toronto Pearson International Airport", "pickup_time": "17:00", "price_per_day": "32.00", "start_date": "2019-03-05"}], "slots": [{"exclusive_end": 121, "slot": "pickup_location", "start": 84}, {"exclusive_end": 64, "slot": "car_name", "start": 43}]}], "speaker": "SYSTEM", "utterance": "There are 4 cars available.There is a nice Buick Regal Sportback Sedan available at Toronto Pearson International Airport."}, {"frames": [{"actions": [{"act": "SELECT", "canonical_values": [], "slot": "", "values": []}], "service": "RentalCars_3", "slots": [], "state": {"active_intent": "GetCarsAvailable", "requested_slots": [], "slot_values": {"car_type": ["Sedan"], "city": ["Toronto, Ontario"], "end_date": ["Friday next week"], "pickup_location": ["Toronto Pearson International Airport"], "pickup_time": ["17:00"], "start_date": ["March 5th"]}}}], "speaker": "USER", "utterance": "I'm not too picky about what vehicle I get. That sounds fine."}, {"frames": [{"actions": [{"act": "OFFER_INTENT", "canonical_values": ["ReserveCar"], "slot": "intent", "values": ["ReserveCar"]}], "service": "RentalCars_3", "slots": []}], "speaker": "SYSTEM", "utterance": "Okay. Want me to schedule the pick-up?"}, {"frames": [{"actions": [{"act": "NEGATE_INTENT", "canonical_values": [], "slot": "", "values": []}, {"act": "GOODBYE", "canonical_values": [], "slot": "", "values": []}], "service": "RentalCars_3", "slots": [], "state": {"active_intent": "NONE", "requested_slots": [], "slot_values": {"car_type": ["Sedan"], "city": ["Toronto, Ontario"], "end_date": ["Friday next week"], "pickup_location": ["Toronto Pearson International Airport"], "pickup_time": ["17:00"], "start_date": ["March 5th"]}}}], "speaker": "USER", "utterance": "No thanks. I'll reserve one another time. That's all the information I need for now."}, {"frames": [{"actions": [{"act": "GOODBYE", "canonical_values": [], "slot": "", "values": []}], "service": "RentalCars_3", "slots": []}], "speaker": "SYSTEM", "utterance": "Certainly. Have a great day."}]}, {"dialogue_id": "18_00004", "services": ["Weather_1", "Flights_4", "RentalCars_3"], "turns": [{"frames": [{"actions": [{"act": "INFORM", "canonical_values": ["2019-03-08"], "slot": "date", "values": ["8th of March"]}, {"act": "INFORM", "canonical_values": ["London"], "slot": "city", "values": ["London"]}, {"act": "INFORM_INTENT", "canonical_values": ["GetWeather"], "slot": "intent", "values": ["GetWeather"]}], "service": "Weather_1", "slots": [{"exclusive_end": 62, "slot": "date", "start": 50}, {"exclusive_end": 72, "slot": "city", "start": 66}], "state": {"active_intent": "GetWeather", "requested_slots": [], "slot_values": {"city": ["London"], "date": ["8th of March"]}}}], "speaker": "USER", "utterance": "Hi, i need a help, i want to check the weather on 8th of March in London"}, {"frames": [{"actions": [{"act": "OFFER", "canonical_values": ["93"], "slot": "temperature", "values": ["93"]}, {"act": "OFFER", "canonical_values": ["24"], "slot": "precipitation", "values": ["24"]}], "service": "Weather_1", "service_call": {"method": "GetWeather", "parameters": {"city": "London", "date": "2019-03-08"}}, "service_results": [{"city": "London", "date": "2019-03-08", "humidity": "19", "precipitation": "24", "temperature": "93", "wind": "4"}], "slots": [{"exclusive_end": 54, "slot": "temperature", "start": 52}, {"exclusive_end": 80, "slot": "precipitation", "start": 78}]}], "speaker": "SYSTEM", "utterance": "Okay, The average temperature for the day should be 93 degrees Fahrenheit and 24 percent chance of rain."}, {"frames": [{"actions": [{"act": "REQUEST", "canonical_values": [], "slot": "humidity", "values": []}, {"act": "REQUEST", "canonical_values": [], "slot": "wind", "values": []}], "service": "Weather_1", "slots": [], "state": {"active_intent": "GetWeather", "requested_slots": ["humidity", "wind"], "slot_values": {"city": ["London"], "date": ["8th of March"]}}}], "speaker": "USER", "utterance": "Okay, how humidity is it expected to be, and how windy is it gonna be?"}, {"frames": [{"actions": [{"act": "INFORM", "canonical_values": ["19"], "slot": "humidity", "values": ["19"]}, {"act": "INFORM", "canonical_values": ["4"], "slot": "wind", "values": ["4"]}], "service": "Weather_1", "slots": [{"exclusive_end": 25, "slot": "humidity", "start": 23}, {"exclusive_end": 64, "slot": "wind", "start": 63}]}], "speaker": "SYSTEM", "utterance": "The humidity is around 19 percent and the wind speed should be 4 miles per hour."}, {"frames": [{"actions": [{"act": "SELECT", "canonical_values": [], "slot": "", "values": []}], "service": "Weather_1", "slots": [], "state": {"active_intent": "GetWeather", "requested_slots": [], "slot_values": {"city": ["London"], "date": ["8th of March"]}}}, {"actions": [{"act": "INFORM", "canonical_values": ["2019-03-06"], "slot": "departure_date", "values": ["6th of this month"]}, {"act": "INFORM_INTENT", "canonical_values": ["SearchOnewayFlight"], "slot": "intent", "values": ["SearchOnewayFlight"]}], "service": "Flights_4", "slots": [{"exclusive_end": 97, "slot": "departure_date", "start": 80}], "state": {"active_intent": "SearchOnewayFlight", "requested_slots": [], "slot_values": {"departure_date": ["6th of this month"], "destination_airport": ["London"]}}}], "speaker": "USER", "utterance": "Okay, i need to find a one way flight going there, i need to start my travel on 6th of this month."}, {"frames": [{"actions": [{"act": "REQUEST", "canonical_values": [], "slot": "origin_airport", "values": []}], "service": "Flights_4", "slots": []}], "speaker": "SYSTEM", "utterance": "Okay, which city you want depart from?"}, {"frames": [{"actions": [{"act": "INFORM", "canonical_values": ["Philadelphia"], "slot": "origin_airport", "values": ["Philadelphia"]}], "service": "Flights_4", "slots": [{"exclusive_end": 42, "slot": "origin_airport", "start": 30}], "state": {"active_intent": "SearchOnewayFlight", "requested_slots": [], "slot_values": {"departure_date": ["6th of this month"], "destination_airport": ["London"], "origin_airport": ["Philadelphia"]}}}], "speaker": "USER", "utterance": "I am Looking for flights from Philadelphia"}, {"frames": [{"actions": [{"act": "OFFER", "canonical_values": ["American Airlines"], "slot": "airlines", "values": ["American Airlines"]}, {"act": "OFFER", "canonical_values": ["13:20"], "slot": "outbound_departure_time", "values": ["1:20 pm"]}, {"act": "OFFER", "canonical_values": ["False"], "slot": "is_nonstop", "values": ["False"]}, {"act": "OFFER", "canonical_values": ["234"], "slot": "price", "values": ["$234"]}, {"act": "INFORM_COUNT", "canonical_values": ["4"], "slot": "count", "values": ["4"]}], "service": "Flights_4", "service_call": {"method": "SearchOnewayFlight", "parameters": {"departure_date": "2019-03-06", "destination_airport": "London", "origin_airport": "Philadelphia"}}, "service_results": [{"airlines": "American Airlines", "departure_date": "2019-03-06", "destination_airport": "London", "is_nonstop": "False", "number_of_tickets": "1", "origin_airport": "Philadelphia", "outbound_arrival_time": "06:47", "outbound_departure_time": "13:20", "price": "234", "seating_class": "Economy"}, {"airlines": "Delta Airlines", "departure_date": "2019-03-06", "destination_airport": "London", "is_nonstop": "False", "number_of_tickets": "1", "origin_airport": "Philadelphia", "outbound_arrival_time": "11:19", "outbound_departure_time": "14:55", "price": "324", "seating_class": "Economy"}, {"airlines": "Southwest Airlines", "departure_date": "2019-03-06", "destination_airport": "London", "is_nonstop": "False", "number_of_tickets": "1", "origin_airport": "Philadelphia", "outbound_arrival_time": "06:47", "outbound_departure_time": "14:45", "price": "243", "seating_class": "Economy"}, {"airlines": "United Airlines", "departure_date": "2019-03-06", "destination_airport": "London", "is_nonstop": "False", "number_of_tickets": "1", "origin_airport": "Philadelphia", "outbound_arrival_time": "21:12", "outbound_departure_time": "07:35", "price": "258", "seating_class": "Economy"}], "slots": [{"exclusive_end": 126, "slot": "outbound_departure_time", "start": 119}, {"exclusive_end": 172, "slot": "price", "start": 168}]}], "speaker": "SYSTEM", "utterance": "Okay, i have found 4 flights for you, are you interested to fly with American Airlines, The onward flight takes off at 1:20 pm and it has a layover, the ticket cost is $234"}, {"frames": [{"actions": [{"act": "REQUEST", "canonical_values": [], "slot": "seating_class", "values": []}, {"act": "REQUEST", "canonical_values": ["1"], "slot": "number_of_tickets", "values": ["1"]}], "service": "Flights_4", "slots": [], "state": {"active_intent": "SearchOnewayFlight", "requested_slots": ["number_of_tickets", "seating_class"], "slot_values": {"departure_date": ["6th of this month"], "destination_airport": ["London"], "origin_airport": ["Philadelphia"]}}}], "speaker": "USER", "utterance": "Okay, Is this an economy class or business class ticket, is it for 1 people?"}, {"frames": [{"actions": [{"act": "INFORM", "canonical_values": ["1"], "slot": "number_of_tickets", "values": ["1"]}, {"act": "INFORM", "canonical_values": ["Economy"], "slot": "seating_class", "values": ["Economy"]}], "service": "Flights_4", "slots": []}], "speaker": "SYSTEM", "utterance": "It is a Economy class and it is for 1 travellers"}, {"frames": [{"actions": [{"act": "SELECT", "canonical_values": [], "slot": "", "values": []}], "service": "Flights_4", "slots": [], "state": {"active_intent": "SearchOnewayFlight", "requested_slots": [], "slot_values": {"departure_date": ["6th of this month"], "destination_airport": ["London"], "origin_airport": ["Philadelphia"]}}}], "speaker": "USER", "utterance": "It seems good to me"}, {"frames": [{"actions": [{"act": "REQ_MORE", "canonical_values": [], "slot": "", "values": []}], "service": "Flights_4", "slots": []}], "speaker": "SYSTEM", "utterance": "Okay, Can i help you with anything more?"}, {"frames": [{"actions": [{"act": "INFORM_INTENT", "canonical_values": ["GetCarsAvailable"], "slot": "intent", "values": ["GetCarsAvailable"]}], "service": "RentalCars_3", "slots": [], "state": {"active_intent": "GetCarsAvailable", "requested_slots": [], "slot_values": {"city": ["London"]}}}], "speaker": "USER", "utterance": "Yes, i need a rental car there."}, {"frames": [{"actions": [{"act": "REQUEST", "canonical_values": [], "slot": "pickup_time", "values": []}, {"act": "REQUEST", "canonical_values": ["2019-03-06"], "slot": "start_date", "values": ["March 6th"]}, {"act": "REQUEST", "canonical_values": [], "slot": "end_date", "values": []}], "service": "RentalCars_3", "slots": [{"exclusive_end": 96, "slot": "start_date", "start": 87}]}], "speaker": "SYSTEM", "utterance": "Okay, Please tell me the time do you want to pick up the car? Do you need the car from March 6th and until when do you want the car?"}, {"frames": [{"actions": [{"act": "INFORM", "canonical_values": ["10:00"], "slot": "pickup_time", "values": ["10 o'clock in the morning"]}, {"act": "INFORM", "canonical_values": ["2019-03-12"], "slot": "start_date", "values": ["12th of march"]}, {"act": "INFORM", "canonical_values": ["2019-03-14"], "slot": "end_date", "values": ["14th of this month"]}], "service": "RentalCars_3", "slots": [{"exclusive_end": 54, "slot": "pickup_time", "start": 29}, {"exclusive_end": 84, "slot": "start_date", "start": 71}, {"exclusive_end": 112, "slot": "end_date", "start": 94}], "state": {"active_intent": "GetCarsAvailable", "requested_slots": [], "slot_values": {"city": ["London"], "end_date": ["14th of this month"], "pickup_time": ["10 o'clock in the morning"], "start_date": ["12th of march"]}}}], "speaker": "USER", "utterance": "i need to pick up the car at 10 o'clock in the morning, i want it from 12th of march to until 14th of this month."}, {"frames": [{"actions": [{"act": "OFFER", "canonical_values": ["Heathrow International Airport"], "slot": "pickup_location", "values": ["Heathrow International Airport"]}, {"act": "OFFER", "canonical_values": ["Sedan"], "slot": "car_type", "values": ["Sedan"]}, {"act": "OFFER", "canonical_values": ["Audi A8"], "slot": "car_name", "values": ["Audi A8"]}], "service": "RentalCars_3", "service_call": {"method": "GetCarsAvailable", "parameters": {"city": "London", "end_date": "2019-03-14", "pickup_time": "10:00", "start_date": "2019-03-12"}}, "service_results": [{"car_name": "Audi A8", "car_type": "Sedan", "city": "London", "end_date": "2019-03-14", "pickup_location": "Heathrow International Airport", "pickup_time": "09:30", "price_per_day": "30.00", "start_date": "2019-03-12"}, {"car_name": "Buick Regal Sportback", "car_type": "Sedan", "city": "London", "end_date": "2019-03-14", "pickup_location": "Gatwick International Airport", "pickup_time": "09:30", "price_per_day": "31.00", "start_date": "2019-03-12"}, {"car_name": "Citroen C5", "car_type": "SUV", "city": "London", "end_date": "2019-03-14", "pickup_location": "Heathrow International Airport", "pickup_time": "09:30", "price_per_day": "42.00", "start_date": "2019-03-12"}, {"car_name": "Dacia Duster", "car_type": "SUV", "city": "London", "end_date": "2019-03-14", "pickup_location": "Heathrow International Airport", "pickup_time": "09:30", "price_per_day": "38.00", "start_date": "2019-03-12"}, {"car_name": "Fiat Panda", "car_type": "Hatchback", "city": "London", "end_date": "2019-03-14", "pickup_location": "Heathrow International Airport", "pickup_time": "09:30", "price_per_day": "23.00", "start_date": "2019-03-12"}, {"car_name": "Ford Focus", "car_type": "Hatchback", "city": "London", "end_date": "2019-03-14", "pickup_location": "Gatwick International Airport", "pickup_time": "09:30", "price_per_day": "21.00", "start_date": "2019-03-12"}, {"car_name": "GMC Terrain", "car_type": "SUV", "city": "London", "end_date": "2019-03-14", "pickup_location": "Heathrow International Airport", "pickup_time": "09:30", "price_per_day": "45.00", "start_date": "2019-03-12"}, {"car_name": "Hyundai Ioniq", "car_type": "Sedan", "city": "London", "end_date": "2019-03-14", "pickup_location": "Gatwick International Airport", "pickup_time": "09:30", "price_per_day": "37.00", "start_date": "2019-03-12"}, {"car_name": "Lexus GS", "car_type": "Sedan", "city": "London", "end_date": "2019-03-14", "pickup_location": "Heathrow International Airport", "pickup_time": "09:30", "price_per_day": "34.00", "start_date": "2019-03-12"}, {"car_name": "Mazda 3", "car_type": "Hatchback", "city": "London", "end_date": "2019-03-14", "pickup_location": "Gatwick International Airport", "pickup_time": "09:30", "price_per_day": "30.00", "start_date": "2019-03-12"}], "slots": [{"exclusive_end": 63, "slot": "pickup_location", "start": 33}, {"exclusive_end": 89, "slot": "car_name", "start": 82}]}], "speaker": "SYSTEM", "utterance": "Okay, i have found a nice car at Heathrow International Airport and it is a Sedan Audi A8"}, {"frames": [{"actions": [{"act": "SELECT", "canonical_values": [], "slot": "", "values": []}], "service": "RentalCars_3", "slots": [], "state": {"active_intent": "GetCarsAvailable", "requested_slots": [], "slot_values": {"car_type": ["Sedan"], "city": ["London"], "end_date": ["14th of this month"], "pickup_location": ["Heathrow International Airport"], "pickup_time": ["10 o'clock in the morning"], "start_date": ["12th of march"]}}}], "speaker": "USER", "utterance": "Okay it seems good to me"}, {"frames": [{"actions": [{"act": "REQ_MORE", "canonical_values": [], "slot": "", "values": []}], "service": "RentalCars_3", "slots": []}], "speaker": "SYSTEM", "utterance": "Okay, can i help you with anything more?"}, {"frames": [{"actions": [{"act": "NEGATE", "canonical_values": [], "slot": "", "values": []}, {"act": "THANK_YOU", "canonical_values": [], "slot": "", "values": []}], "service": "RentalCars_3", "slots": [], "state": {"active_intent": "NONE", "requested_slots": [], "slot_values": {"car_type": ["Sedan"], "city": ["London"], "end_date": ["14th of this month"], "pickup_location": ["Heathrow International Airport"], "pickup_time": ["10 o'clock in the morning"], "start_date": ["12th of march"]}}}], "speaker": "USER", "utterance": "No, thank you very much for your help"}, {"frames": [{"actions": [{"act": "GOODBYE", "canonical_values": [], "slot": "", "values": []}], "service": "RentalCars_3", "slots": []}], "speaker": "SYSTEM", "utterance": "You are welcome, have a great day."}]}]