[{"dialogue_id": "15_00000", "services": ["Music_3", "Media_3"], "turns": [{"frames": [{"actions": [{"act": "INFORM", "canonical_values": ["2014"], "slot": "year", "values": ["2014"]}, {"act": "INFORM_INTENT", "canonical_values": ["LookupMusic"], "slot": "intent", "values": ["LookupMusic"]}], "service": "Music_3", "slots": [], "state": {"active_intent": "LookupMusic", "requested_slots": [], "slot_values": {"year": ["2014"]}}}], "speaker": "USER", "utterance": "I need to hear some beautiful song. will you search for songs now? The songs should be from the year 2014."}, {"frames": [{"actions": [{"act": "OFFER", "canonical_values": ["Addicted"], "slot": "track", "values": ["Addicted"]}, {"act": "OFFER", "canonical_values": ["Popcaan"], "slot": "artist", "values": ["Popcaan"]}, {"act": "OFFER", "canonical_values": ["Where We Come From"], "slot": "album", "values": ["Where we come from"]}, {"act": "INFORM_COUNT", "canonical_values": ["10"], "slot": "count", "values": ["10"]}], "service": "Music_3", "service_call": {"method": "LookupMusic", "parameters": {"year": "2014"}}, "service_results": [{"album": "Where We Come From", "artist": "Popcaan", "genre": "Reggae", "track": "Addicted", "year": "2014"}, {"album": "Title", "artist": "Meghan Trainor", "genre": "Pop", "track": "All About That Bass", "year": "2014"}, {"album": "My World Untouched", "artist": "Emma Bale", "genre": "Pop", "track": "All I Want", "year": "2014"}, {"album": "Anthropology", "artist": "Baby Genius", "genre": "Pop", "track": "Arty Hearty", "year": "2014"}, {"album": "Bas Rona Mat", "artist": "Hym", "genre": "Pop", "track": "Bas Rona Mat", "year": "2014"}, {"album": "My Everything", "artist": "Ariana Grande", "genre": "Pop", "track": "Best Mistake", "year": "2014"}, {"album": "Black Widow", "artist": "In This Moment", "genre": "Metalcore", "track": "Big Bad Wolf", "year": "2014"}, {"album": "The New Classic", "artist": "Iggy Azalea", "genre": "Pop", "track": "Black Widow", "year": "2014"}, {"album": "My Everything", "artist": "Ariana Grande", "genre": "Pop", "track": "Break Free", "year": "2014"}, {"album": "Globalization", "artist": "Pitbull", "genre": "Pop", "track": "Celebrate", "year": "2014"}], "slots": [{"exclusive_end": 63, "slot": "track", "start": 55}, {"exclusive_end": 74, "slot": "artist", "start": 67}, {"exclusive_end": 108, "slot": "album", "start": 90}]}], "speaker": "SYSTEM", "utterance": "I found 10 songs as per your need. What about the song Addicted by Popcaan from the album Where we come from?"}, {"frames": [{"actions": [{"act": "SELECT", "canonical_values": [], "slot": "", "values": []}], "service": "Music_3", "slots": [], "state": {"active_intent": "LookupMusic", "requested_slots": [], "slot_values": {"track": ["Addicted"], "year": ["2014"]}}}, {"actions": [{"act": "INFORM", "canonical_values": ["Horror"], "slot": "genre", "values": ["scary"]}, {"act": "INFORM_INTENT", "canonical_values": ["FindMovies"], "slot": "intent", "values": ["FindMovies"]}], "service": "Media_3", "slots": [{"exclusive_end": 74, "slot": "genre", "start": 69}], "state": {"active_intent": "FindMovies", "requested_slots": [], "slot_values": {"genre": ["scary"]}}}], "speaker": "USER", "utterance": "ok thats great. Whether there are some good movies online? Find some scary movies."}, {"frames": [{"actions": [{"act": "OFFER", "canonical_values": ["47 Meters Down: Uncaged", "In Fabric", "Midsommar"], "slot": "title", "values": ["47 Meters down: uncaged", "In Fabric", "Midsommar"]}, {"act": "INFORM_COUNT", "canonical_values": ["6"], "slot": "count", "values": ["6"]}], "service": "Media_3", "service_call": {"method": "FindMovies", "parameters": {"genre": "Horror"}}, "service_results": [{"genre": "Horror", "starring": "Davi Santos", "subtitle_language": "Spanish", "title": "47 Meters Down: Uncaged"}, {"genre": "Horror", "starring": "Hayley Squires", "subtitle_language": "Hindi", "title": "In Fabric"}, {"genre": "Horror", "starring": "William Jackson Harper", "subtitle_language": "English", "title": "Midsommar"}, {"genre": "Horror", "starring": "Manabu Hosoi", "subtitle_language": "Spanish", "title": "One Cut of the Dead"}, {"genre": "Horror", "starring": "Lorraine Toussaint", "subtitle_language": "French", "title": "Scary Stories to Tell in the Dark"}, {"genre": "Horror", "starring": "Diana Dors", "subtitle_language": "French", "title": "Theatre of Blood"}], "slots": [{"exclusive_end": 72, "slot": "title", "start": 49}, {"exclusive_end": 83, "slot": "title", "start": 74}, {"exclusive_end": 96, "slot": "title", "start": 87}]}], "speaker": "SYSTEM", "utterance": "There are 6 movies as per your need. DO you like 47 Meters down: uncaged, In Fabric or Midsommar?"}, {"frames": [{"actions": [{"act": "SELECT", "canonical_values": ["Midsommar"], "slot": "title", "values": ["Midsommar"]}], "service": "Media_3", "slots": [{"exclusive_end": 12, "slot": "title", "start": 3}], "state": {"active_intent": "FindMovies", "requested_slots": [], "slot_values": {"genre": ["scary"], "title": ["Midsommar"]}}}], "speaker": "USER", "utterance": "Ok Midsommar is great."}, {"frames": [{"actions": [{"act": "OFFER_INTENT", "canonical_values": ["PlayMovie"], "slot": "intent", "values": ["PlayMovie"]}], "service": "Media_3", "slots": []}], "speaker": "SYSTEM", "utterance": "Whether i need to play that movie?"}, {"frames": [{"actions": [{"act": "INFORM_INTENT", "canonical_values": ["PlayMedia"], "slot": "intent", "values": ["PlayMedia"]}], "service": "Music_3", "slots": [], "state": {"active_intent": "PlayMedia", "requested_slots": [], "slot_values": {"track": ["Addicted"], "year": ["2014"]}}}, {"actions": [{"act": "NEGATE_INTENT", "canonical_values": [], "slot": "", "values": []}], "service": "Media_3", "slots": [], "state": {"active_intent": "NONE", "requested_slots": [], "slot_values": {"genre": ["scary"], "title": ["Midsommar"]}}}], "speaker": "USER", "utterance": "no, i don't want it now. will you paly the song you find just before?"}, {"frames": [{"actions": [{"act": "CONFIRM", "canonical_values": ["Addicted"], "slot": "track", "values": ["Addicted"]}, {"act": "CONFIRM", "canonical_values": ["Living room"], "slot": "device", "values": ["Living room"]}], "service": "Music_3", "slots": [{"exclusive_end": 63, "slot": "track", "start": 55}]}], "speaker": "SYSTEM", "utterance": "Please confirm the following details: Playing the song Addicted in Living room."}, {"frames": [{"actions": [{"act": "REQUEST", "canonical_values": [], "slot": "genre", "values": []}, {"act": "AFFIRM", "canonical_values": [], "slot": "", "values": []}], "service": "Music_3", "slots": [], "state": {"active_intent": "PlayMedia", "requested_slots": ["genre"], "slot_values": {"device": ["Living room"], "track": ["Addicted"], "year": ["2014"]}}}], "speaker": "USER", "utterance": "Ok that sound good to me. What type of music is it?"}, {"frames": [{"actions": [{"act": "INFORM", "canonical_values": ["Reggae"], "slot": "genre", "values": ["Reggae"]}, {"act": "NOTIFY_SUCCESS", "canonical_values": [], "slot": "", "values": []}], "service": "Music_3", "service_call": {"method": "PlayMedia", "parameters": {"device": "Living room", "track": "Addicted"}}, "service_results": [{"album": "Where We Come From", "artist": "Popcaan", "device": "Living room", "genre": "Reggae", "track": "Addicted", "year": "2014"}], "slots": [{"exclusive_end": 14, "slot": "genre", "start": 8}]}], "speaker": "SYSTEM", "utterance": "It is a Reggae song . Enjoy the music Addicted."}, {"frames": [{"actions": [{"act": "THANK_YOU", "canonical_values": [], "slot": "", "values": []}], "service": "Music_3", "slots": [], "state": {"active_intent": "PlayMedia", "requested_slots": [], "slot_values": {"device": ["Living room"], "track": ["Addicted"], "year": ["2014"]}}}], "speaker": "USER", "utterance": "THanks a lot . thats all i need."}, {"frames": [{"actions": [{"act": "REQ_MORE", "canonical_values": [], "slot": "", "values": []}], "service": "Music_3", "slots": []}], "speaker": "SYSTEM", "utterance": "whether i need to find anything else?"}, {"frames": [{"actions": [{"act": "NEGATE", "canonical_values": [], "slot": "", "values": []}, {"act": "THANK_YOU", "canonical_values": [], "slot": "", "values": []}], "service": "Music_3", "slots": [], "state": {"active_intent": "NONE", "requested_slots": [], "slot_values": {"device": ["Living room"], "track": ["Addicted"], "year": ["2014"]}}}], "speaker": "USER", "utterance": "no , thanks for now."}, {"frames": [{"actions": [{"act": "GOODBYE", "canonical_values": [], "slot": "", "values": []}], "service": "Music_3", "slots": []}], "speaker": "SYSTEM", "utterance": "have a wonderful day"}]}, {"dialogue_id": "15_00001", "services": ["Music_3", "Media_3"], "turns": [{"frames": [{"actions": [{"act": "INFORM", "canonical_values": ["Imagine Dragons"], "slot": "artist", "values": ["imagine dragons"]}, {"act": "INFORM", "canonical_values": ["Night Visions"], "slot": "album", "values": ["night visions"]}, {"act": "INFORM_INTENT", "canonical_values": ["LookupMusic"], "slot": "intent", "values": ["LookupMusic"]}], "service": "Music_3", "slots": [{"exclusive_end": 47, "slot": "artist", "start": 32}, {"exclusive_end": 106, "slot": "album", "start": 93}], "state": {"active_intent": "LookupMusic", "requested_slots": [], "slot_values": {"album": ["night visions"], "artist": ["imagine dragons"]}}}], "speaker": "USER", "utterance": "I want to listen to some music, imagine dragons would be awesome, somebody told me about the night visions album"}, {"frames": [{"actions": [{"act": "OFFER", "canonical_values": ["Radioactive"], "slot": "track", "values": ["radioactive"]}, {"act": "OFFER", "canonical_values": ["Imagine Dragons"], "slot": "artist", "values": ["imagine dragons"]}, {"act": "OFFER", "canonical_values": ["Night Visions"], "slot": "album", "values": ["night visions"]}], "service": "Music_3", "service_call": {"method": "LookupMusic", "parameters": {"album": "Night Visions", "artist": "Imagine Dragons"}}, "service_results": [{"album": "Night Visions", "artist": "Imagine Dragons", "genre": "Rock", "track": "Radioactive", "year": "2012"}], "slots": [{"exclusive_end": 28, "slot": "track", "start": 17}, {"exclusive_end": 47, "slot": "artist", "start": 32}, {"exclusive_end": 85, "slot": "album", "start": 72}]}], "speaker": "SYSTEM", "utterance": "there's the song radioactive by imagine dragons and it's from the album night visions as you wished."}, {"frames": [{"actions": [{"act": "SELECT", "canonical_values": [], "slot": "", "values": []}], "service": "Music_3", "slots": [], "state": {"active_intent": "LookupMusic", "requested_slots": [], "slot_values": {"album": ["night visions"], "artist": ["imagine dragons"], "track": ["radioactive"]}}}, {"actions": [{"act": "INFORM", "canonical_values": ["Drama"], "slot": "genre", "values": ["play"]}, {"act": "INFORM_INTENT", "canonical_values": ["FindMovies"], "slot": "intent", "values": ["FindMovies"]}], "service": "Media_3", "slots": [{"exclusive_end": 115, "slot": "genre", "start": 111}], "state": {"active_intent": "FindMovies", "requested_slots": [], "slot_values": {"genre": ["play"]}}}], "speaker": "USER", "utterance": "I love that song! Tell me one more thing, do you know if there are good movies online? I would love to watch a play movie"}, {"frames": [{"actions": [{"act": "OFFER", "canonical_values": ["A Faithful Man", "After The Wedding", "Blinded by the Light"], "slot": "title", "values": ["a faithful man", "after the wedding", "blinded by the light"]}, {"act": "INFORM_COUNT", "canonical_values": ["10"], "slot": "count", "values": ["10"]}], "service": "Media_3", "service_call": {"method": "FindMovies", "parameters": {"genre": "Drama"}}, "service_results": [{"genre": "Drama", "starring": "Bakary Sangare", "subtitle_language": "English", "title": "A Faithful Man"}, {"genre": "Drama", "starring": "Doris McCarthy", "subtitle_language": "Spanish", "title": "After The Wedding"}, {"genre": "Drama", "starring": "Meera Ganatra", "subtitle_language": "English", "title": "Blinded by the Light"}, {"genre": "Drama", "starring": "Jillian Bell", "subtitle_language": "English", "title": "Brittany Runs a Marathon"}, {"genre": "Drama", "starring": "Jon Glaser", "subtitle_language": "French", "title": "Hustlers"}, {"genre": "Drama", "starring": "Javier Bardem", "subtitle_language": "English", "title": "Live Flesh"}, {"genre": "Drama", "starring": "Jack Sterner", "subtitle_language": "French", "title": "Overcomer"}, {"genre": "Drama", "starring": "Jack Carson", "subtitle_language": "Spanish", "title": "Stage Door"}, {"genre": "Drama", "starring": "Karen Holness", "subtitle_language": "Spanish", "title": "The Art of Racing in the Rain"}, {"genre": "Drama", "starring": "Xabiani Ponce de Leon", "subtitle_language": "Spanish", "title": "This Is Not Berlin"}], "slots": [{"exclusive_end": 43, "slot": "title", "start": 29}, {"exclusive_end": 62, "slot": "title", "start": 45}, {"exclusive_end": 86, "slot": "title", "start": 66}]}], "speaker": "SYSTEM", "utterance": "I got 10 for you. What about a faithful man, after the wedding or blinded by the light?"}, {"frames": [{"actions": [{"act": "SELECT", "canonical_values": ["After The Wedding"], "slot": "title", "values": ["after the wedding"]}], "service": "Media_3", "slots": [{"exclusive_end": 17, "slot": "title", "start": 0}], "state": {"active_intent": "FindMovies", "requested_slots": [], "slot_values": {"genre": ["play"], "title": ["after the wedding"]}}}], "speaker": "USER", "utterance": "after the wedding will work for me"}, {"frames": [{"actions": [{"act": "OFFER_INTENT", "canonical_values": ["PlayMovie"], "slot": "intent", "values": ["PlayMovie"]}], "service": "Media_3", "slots": []}], "speaker": "SYSTEM", "utterance": "May I play it now?"}, {"frames": [{"actions": [{"act": "NEGATE_INTENT", "canonical_values": [], "slot": "", "values": []}], "service": "Media_3", "slots": [], "state": {"active_intent": "NONE", "requested_slots": [], "slot_values": {"genre": ["play"], "title": ["after the wedding"]}}}], "speaker": "USER", "utterance": "No, not now"}, {"frames": [{"actions": [{"act": "REQ_MORE", "canonical_values": [], "slot": "", "values": []}], "service": "Media_3", "slots": []}], "speaker": "SYSTEM", "utterance": "what can I do then?"}, {"frames": [{"actions": [{"act": "INFORM", "canonical_values": ["dontcare"], "slot": "device", "values": ["dontcare"]}, {"act": "INFORM_INTENT", "canonical_values": ["PlayMedia"], "slot": "intent", "values": ["PlayMedia"]}], "service": "Music_3", "slots": [], "state": {"active_intent": "PlayMedia", "requested_slots": [], "slot_values": {"album": ["night visions"], "artist": ["imagine dragons"], "device": ["dontcare"], "track": ["radioactive"]}}}], "speaker": "USER", "utterance": "play the song you found earlier, play it on any device"}, {"frames": [{"actions": [{"act": "CONFIRM", "canonical_values": ["Radioactive"], "slot": "track", "values": ["radioactive"]}, {"act": "CONFIRM", "canonical_values": ["Living room"], "slot": "device", "values": ["Living room"]}], "service": "Music_3", "slots": [{"exclusive_end": 78, "slot": "track", "start": 67}]}], "speaker": "SYSTEM", "utterance": "Confirm me if this is what you asked. you want me to play the song radioactive in living room"}, {"frames": [{"actions": [{"act": "REQUEST", "canonical_values": [], "slot": "genre", "values": []}, {"act": "REQUEST", "canonical_values": ["2011"], "slot": "year", "values": ["2011"]}, {"act": "AFFIRM", "canonical_values": [], "slot": "", "values": []}], "service": "Music_3", "slots": [], "state": {"active_intent": "PlayMedia", "requested_slots": ["genre", "year"], "slot_values": {"album": ["night visions"], "artist": ["imagine dragons"], "device": ["dontcare"], "track": ["radioactive"]}}}], "speaker": "USER", "utterance": "exactly. an you tell me the genre it belongs to? do you also know if the song came out in '11?"}, {"frames": [{"actions": [{"act": "INFORM", "canonical_values": ["Rock"], "slot": "genre", "values": ["rock"]}, {"act": "INFORM", "canonical_values": ["2012"], "slot": "year", "values": ["2012"]}, {"act": "NOTIFY_SUCCESS", "canonical_values": [], "slot": "", "values": []}], "service": "Music_3", "service_call": {"method": "PlayMedia", "parameters": {"album": "Night Visions", "artist": "Imagine Dragons", "track": "Radioactive"}}, "service_results": [{"album": "Night Visions", "artist": "Imagine Dragons", "device": "Living room", "genre": "Rock", "track": "Radioactive", "year": "2012"}], "slots": [{"exclusive_end": 11, "slot": "genre", "start": 7}]}], "speaker": "SYSTEM", "utterance": "it's a rock song from 2012"}, {"frames": [{"actions": [{"act": "THANK_YOU", "canonical_values": [], "slot": "", "values": []}], "service": "Music_3", "slots": [], "state": {"active_intent": "PlayMedia", "requested_slots": [], "slot_values": {"album": ["night visions"], "artist": ["imagine dragons"], "device": ["dontcare"], "track": ["radioactive"]}}}], "speaker": "USER", "utterance": "you're precious!"}, {"frames": [{"actions": [{"act": "REQ_MORE", "canonical_values": [], "slot": "", "values": []}], "service": "Music_3", "slots": []}], "speaker": "SYSTEM", "utterance": "thank you. May I help you furthermore?"}, {"frames": [{"actions": [{"act": "NEGATE", "canonical_values": [], "slot": "", "values": []}, {"act": "THANK_YOU", "canonical_values": [], "slot": "", "values": []}], "service": "Music_3", "slots": [], "state": {"active_intent": "NONE", "requested_slots": [], "slot_values": {"album": ["night visions"], "artist": ["imagine dragons"], "device": ["dontcare"], "track": ["radioactive"]}}}], "speaker": "USER", "utterance": "No, that would be all. cheers"}, {"frames": [{"actions": [{"act": "GOODBYE", "canonical_values": [], "slot": "", "values": []}], "service": "Music_3", "slots": []}], "speaker": "SYSTEM", "utterance": "Goodbye"}]}, {"dialogue_id": "15_00002", "services": ["Music_3", "Media_3"], "turns": [{"frames": [{"actions": [{"act": "INFORM_INTENT", "canonical_values": ["LookupMusic"], "slot": "intent", "values": ["LookupMusic"]}], "service": "Music_3", "slots": [], "state": {"active_intent": "LookupMusic", "requested_slots": [], "slot_values": {}}}], "speaker": "USER", "utterance": "Can you find me some songs?"}, {"frames": [{"actions": [{"act": "OFFER", "canonical_values": ["Sick Love"], "slot": "track", "values": ["Sick Love"]}, {"act": "OFFER", "canonical_values": ["Red Hot Chili Peppers"], "slot": "artist", "values": ["Red Hot Chili Peppers"]}, {"act": "OFFER", "canonical_values": ["The Getaway"], "slot": "album", "values": ["The Getaway"]}, {"act": "INFORM_COUNT", "canonical_values": ["10"], "slot": "count", "values": ["10"]}], "service": "Music_3", "service_call": {"method": "LookupMusic", "parameters": {}}, "service_results": [{"album": "The Getaway", "artist": "Red Hot Chili Peppers", "genre": "Rock", "track": "Sick Love", "year": "2016"}, {"album": "Sick Boy", "artist": "The Chainsmokers", "genre": "Pop", "track": "Everybody Hates Me", "year": "2018"}, {"album": "Instant Regrets", "artist": "Instant Regrets", "genre": "Rock", "track": "Instant Regret", "year": "2018"}, {"album": "Experiment", "artist": "Kane Brown", "genre": "Country", "track": "Lose It", "year": "2018"}, {"album": "Forbidden Voices", "artist": "Martin Garrix", "genre": "Pop", "track": "Forbidden Voices", "year": "2015"}, {"album": "City Bitch", "artist": "Mini Thin", "genre": "Country", "track": "City Bitch", "year": "2014"}, {"album": "Peter Pan", "artist": "Groove Delight", "genre": "Brazil", "track": "Peter Pan", "year": "2019"}, {"album": "Not Over You", "artist": "Conor Maynard", "genre": "Pop", "track": "Not Over You", "year": "2019"}, {"album": "Lindsey Stirling", "artist": "Lindsey Stirling", "genre": "Pop", "track": "Elements", "year": "2012"}, {"album": "Ecstacy", "artist": "Insideeus", "genre": "Reggae", "track": "Ecstasy", "year": "2018"}], "slots": [{"exclusive_end": 51, "slot": "track", "start": 42}, {"exclusive_end": 73, "slot": "artist", "start": 52}, {"exclusive_end": 107, "slot": "album", "start": 96}]}], "speaker": "SYSTEM", "utterance": "Sure. I found 10 songs for you. How about Sick Love Red Hot Chili Peppers? It is from the album The Getaway."}, {"frames": [{"actions": [{"act": "REQUEST", "canonical_values": [], "slot": "year", "values": []}, {"act": "REQUEST", "canonical_values": [], "slot": "genre", "values": []}], "service": "Music_3", "slots": [], "state": {"active_intent": "LookupMusic", "requested_slots": ["genre", "year"], "slot_values": {}}}], "speaker": "USER", "utterance": "What genre is this? What year was it released?"}, {"frames": [{"actions": [{"act": "INFORM", "canonical_values": ["Rock"], "slot": "genre", "values": ["Rock"]}, {"act": "INFORM", "canonical_values": ["2016"], "slot": "year", "values": ["2016"]}], "service": "Music_3", "slots": [{"exclusive_end": 12, "slot": "genre", "start": 8}]}], "speaker": "SYSTEM", "utterance": "It is a Rock song from the year 2016."}, {"frames": [{"actions": [{"act": "SELECT", "canonical_values": [], "slot": "", "values": []}], "service": "Music_3", "slots": [], "state": {"active_intent": "LookupMusic", "requested_slots": [], "slot_values": {"track": ["Sick Love"]}}}, {"actions": [{"act": "INFORM", "canonical_values": ["Julia Stiles"], "slot": "starring", "values": ["Julia Stiles"]}, {"act": "INFORM_INTENT", "canonical_values": ["FindMovies"], "slot": "intent", "values": ["FindMovies"]}], "service": "Media_3", "slots": [{"exclusive_end": 66, "slot": "starring", "start": 54}], "state": {"active_intent": "FindMovies", "requested_slots": [], "slot_values": {"starring": ["Julia Stiles"]}}}], "speaker": "USER", "utterance": "Yes, that's the one I want. Can you find me some good Julia Stiles movies online?"}, {"frames": [{"actions": [{"act": "REQUEST", "canonical_values": [], "slot": "genre", "values": []}], "service": "Media_3", "slots": []}], "speaker": "SYSTEM", "utterance": "What genre would you like?"}, {"frames": [{"actions": [{"act": "INFORM", "canonical_values": ["Drama"], "slot": "genre", "values": ["Play"]}], "service": "Media_3", "slots": [{"exclusive_end": 4, "slot": "genre", "start": 0}], "state": {"active_intent": "FindMovies", "requested_slots": [], "slot_values": {"genre": ["Play"], "starring": ["Julia Stiles"]}}}], "speaker": "USER", "utterance": "Play movies would be nice."}, {"frames": [{"actions": [{"act": "OFFER", "canonical_values": ["Hustlers"], "slot": "title", "values": ["Hustlers"]}], "service": "Media_3", "service_call": {"method": "FindMovies", "parameters": {"genre": "Drama", "starring": "Julia Stiles"}}, "service_results": [{"genre": "Drama", "starring": "Julia Stiles", "subtitle_language": "English", "title": "Hustlers"}], "slots": [{"exclusive_end": 28, "slot": "title", "start": 20}]}], "speaker": "SYSTEM", "utterance": "How about the movie Hustlers?"}, {"frames": [{"actions": [{"act": "INFORM", "canonical_values": ["dontcare"], "slot": "device", "values": ["dontcare"]}, {"act": "INFORM_INTENT", "canonical_values": ["PlayMedia"], "slot": "intent", "values": ["PlayMedia"]}], "service": "Music_3", "slots": [], "state": {"active_intent": "PlayMedia", "requested_slots": [], "slot_values": {"device": ["dontcare"], "track": ["Sick Love"]}}}, {"actions": [{"act": "SELECT", "canonical_values": ["Hustlers"], "slot": "title", "values": ["Hustlers"]}], "service": "Media_3", "slots": [{"exclusive_end": 8, "slot": "title", "start": 0}], "state": {"active_intent": "FindMovies", "requested_slots": [], "slot_values": {"genre": ["Play"], "starring": ["Julia Stiles"], "title": ["Hustlers"]}}}], "speaker": "USER", "utterance": "Hustlers would be great. Can you play that song that you just found? Play it on any device."}, {"frames": [{"actions": [{"act": "CONFIRM", "canonical_values": ["Sick Love"], "slot": "track", "values": ["Sick Love"]}, {"act": "CONFIRM", "canonical_values": ["Living room"], "slot": "device", "values": ["Living room"]}], "service": "Music_3", "slots": [{"exclusive_end": 30, "slot": "track", "start": 21}]}], "speaker": "SYSTEM", "utterance": "I will play the song Sick Love in the Living room. Is this correct?"}, {"frames": [{"actions": [{"act": "INFORM", "canonical_values": ["Kitchen"], "slot": "device", "values": ["Kitchen"]}, {"act": "NEGATE", "canonical_values": [], "slot": "", "values": []}], "service": "Music_3", "slots": [], "state": {"active_intent": "PlayMedia", "requested_slots": [], "slot_values": {"device": ["Kitchen"], "track": ["Sick Love"]}}}], "speaker": "USER", "utterance": "No. Cast it on the speaker in kitchen."}, {"frames": [{"actions": [{"act": "CONFIRM", "canonical_values": ["Sick Love"], "slot": "track", "values": ["Sick Love"]}, {"act": "CONFIRM", "canonical_values": ["Kitchen"], "slot": "device", "values": ["Kitchen"]}], "service": "Music_3", "slots": [{"exclusive_end": 54, "slot": "track", "start": 45}]}], "speaker": "SYSTEM", "utterance": "Confirming that you want me to play the song Sick Love in the Kitchen?"}, {"frames": [{"actions": [{"act": "AFFIRM", "canonical_values": [], "slot": "", "values": []}], "service": "Music_3", "slots": [], "state": {"active_intent": "PlayMedia", "requested_slots": [], "slot_values": {"device": ["Kitchen"], "track": ["Sick Love"]}}}], "speaker": "USER", "utterance": "Yes, that is correct."}, {"frames": [{"actions": [{"act": "NOTIFY_SUCCESS", "canonical_values": [], "slot": "", "values": []}], "service": "Music_3", "service_call": {"method": "PlayMedia", "parameters": {"device": "Kitchen", "track": "Sick Love"}}, "service_results": [{"album": "The Getaway", "artist": "Red Hot Chili Peppers", "device": "Kitchen", "genre": "Rock", "track": "Sick Love", "year": "2016"}], "slots": []}], "speaker": "SYSTEM", "utterance": "Enjoy your music!"}, {"frames": [{"actions": [{"act": "THANK_YOU", "canonical_values": [], "slot": "", "values": []}, {"act": "GOODBYE", "canonical_values": [], "slot": "", "values": []}], "service": "Music_3", "slots": [], "state": {"active_intent": "PlayMedia", "requested_slots": [], "slot_values": {"device": ["Kitchen"], "track": ["Sick Love"]}}}], "speaker": "USER", "utterance": "Thank you. That's all for now."}, {"frames": [{"actions": [{"act": "GOODBYE", "canonical_values": [], "slot": "", "values": []}], "service": "Music_3", "slots": []}], "speaker": "SYSTEM", "utterance": "You're welcome. Have a good day."}]}, {"dialogue_id": "15_00003", "services": ["Music_3", "Media_3"], "turns": [{"frames": [{"actions": [{"act": "INFORM_INTENT", "canonical_values": ["LookupMusic"], "slot": "intent", "values": ["LookupMusic"]}], "service": "Music_3", "slots": [], "state": {"active_intent": "LookupMusic", "requested_slots": [], "slot_values": {}}}], "speaker": "USER", "utterance": "I would like to search for some songs please."}, {"frames": [{"actions": [{"act": "OFFER", "canonical_values": ["Tyrant"], "slot": "track", "values": ["Tyrant"]}, {"act": "OFFER", "canonical_values": ["Kali Uchis"], "slot": "artist", "values": ["Kali Uchis"]}, {"act": "OFFER", "canonical_values": ["Isolation"], "slot": "album", "values": ["Isolation"]}, {"act": "INFORM_COUNT", "canonical_values": ["10"], "slot": "count", "values": ["10"]}], "service": "Music_3", "service_call": {"method": "LookupMusic", "parameters": {}}, "service_results": [{"album": "Isolation", "artist": "Kali Uchis", "genre": "Funk", "track": "Tyrant", "year": "2016"}, {"album": "Stars Dance", "artist": "Selena Gomez", "genre": "Pop", "track": "Love Will Remember", "year": "2013"}, {"album": "Essentials", "artist": "Major Lazer", "genre": "Moombahton", "track": "Light It Up", "year": "2015"}, {"album": "The Getaway", "artist": "Red Hot Chili Peppers", "genre": "Rock", "track": "Sick Love", "year": "2016"}, {"album": "Heroes", "artist": "Sabaton", "genre": "Metal", "track": "Night Witches", "year": "2014"}, {"album": "Chronologic", "artist": "Caravan Palace", "genre": "Pop", "track": "Plume", "year": "2019"}, {"album": "My Type", "artist": "Popcaan", "genre": "Reggae", "track": "My Type", "year": "2018"}, {"album": "The Purple Heart Riddim", "artist": "Nadia Batson", "genre": "Reggae", "track": "So Long", "year": "2018"}, {"album": "Adobe Sessions", "artist": "Cody Jinks", "genre": "Country", "track": "Cast No Stones", "year": "2015"}, {"album": "Super", "artist": "Janob Rasul", "genre": "Pop", "track": "Super", "year": "2019"}], "slots": [{"exclusive_end": 42, "slot": "track", "start": 36}, {"exclusive_end": 56, "slot": "artist", "start": 46}, {"exclusive_end": 81, "slot": "album", "start": 72}]}], "speaker": "SYSTEM", "utterance": "I found 10 songs for you. How about Tyrant by Kali Uchis from the album Isolation?"}, {"frames": [{"actions": [{"act": "REQUEST", "canonical_values": [], "slot": "genre", "values": []}], "service": "Music_3", "slots": [], "state": {"active_intent": "LookupMusic", "requested_slots": ["genre"], "slot_values": {}}}], "speaker": "USER", "utterance": "What kind of music is it?"}, {"frames": [{"actions": [{"act": "INFORM", "canonical_values": ["Funk"], "slot": "genre", "values": ["funk"]}], "service": "Music_3", "slots": [{"exclusive_end": 12, "slot": "genre", "start": 8}]}], "speaker": "SYSTEM", "utterance": "It is a funk song."}, {"frames": [{"actions": [{"act": "SELECT", "canonical_values": [], "slot": "", "values": []}], "service": "Music_3", "slots": [], "state": {"active_intent": "LookupMusic", "requested_slots": [], "slot_values": {"track": ["Tyrant"]}}}, {"actions": [{"act": "INFORM", "canonical_values": ["Piper Perabo"], "slot": "starring", "values": ["Piper Perabo"]}, {"act": "INFORM", "canonical_values": ["Action"], "slot": "genre", "values": ["action"]}, {"act": "INFORM_INTENT", "canonical_values": ["FindMovies"], "slot": "intent", "values": ["FindMovies"]}], "service": "Media_3", "slots": [{"exclusive_end": 101, "slot": "starring", "start": 89}, {"exclusive_end": 71, "slot": "genre", "start": 65}], "state": {"active_intent": "FindMovies", "requested_slots": [], "slot_values": {"genre": ["action"], "starring": ["Piper Perabo"]}}}], "speaker": "USER", "utterance": "Yes, that sounds cool. Are there some good movies online? I like action movies featuring Piper Perabo."}, {"frames": [{"actions": [{"act": "OFFER", "canonical_values": ["Angel Has Fallen"], "slot": "title", "values": ["Angel Has Fallen"]}], "service": "Media_3", "service_call": {"method": "FindMovies", "parameters": {"genre": "Action", "starring": "Piper Perabo"}}, "service_results": [{"genre": "Action", "starring": "Piper Perabo", "subtitle_language": "English", "title": "Angel Has Fallen"}], "slots": [{"exclusive_end": 26, "slot": "title", "start": 10}]}], "speaker": "SYSTEM", "utterance": "How about Angel Has Fallen?"}, {"frames": [{"actions": [{"act": "INFORM_INTENT", "canonical_values": ["PlayMedia"], "slot": "intent", "values": ["PlayMedia"]}], "service": "Music_3", "slots": [], "state": {"active_intent": "PlayMedia", "requested_slots": [], "slot_values": {"track": ["Tyrant"]}}}, {"actions": [{"act": "SELECT", "canonical_values": ["Angel Has Fallen"], "slot": "title", "values": ["Angel Has Fallen"]}], "service": "Media_3", "slots": [{"exclusive_end": 16, "slot": "title", "start": 0}], "state": {"active_intent": "FindMovies", "requested_slots": [], "slot_values": {"genre": ["action"], "starring": ["Piper Perabo"], "title": ["Angel Has Fallen"]}}}], "speaker": "USER", "utterance": "Angel Has Fallen sounds great. Can you please play the song that you just found?"}, {"frames": [{"actions": [{"act": "CONFIRM", "canonical_values": ["Tyrant"], "slot": "track", "values": ["Tyrant"]}, {"act": "CONFIRM", "canonical_values": ["Living room"], "slot": "device", "values": ["Living room"]}], "service": "Music_3", "slots": [{"exclusive_end": 61, "slot": "track", "start": 55}]}], "speaker": "SYSTEM", "utterance": "Please confirm the following details: playing the song Tyrant in the Living Room."}, {"frames": [{"actions": [{"act": "REQUEST", "canonical_values": ["2014"], "slot": "year", "values": ["2014"]}, {"act": "AFFIRM", "canonical_values": [], "slot": "", "values": []}], "service": "Music_3", "slots": [], "state": {"active_intent": "PlayMedia", "requested_slots": ["year"], "slot_values": {"device": ["Living room"], "track": ["Tyrant"]}}}], "speaker": "USER", "utterance": "Yes, that is correct. Did the song come out five years ago?"}, {"frames": [{"actions": [{"act": "INFORM", "canonical_values": ["2016"], "slot": "year", "values": ["2016"]}, {"act": "NOTIFY_SUCCESS", "canonical_values": [], "slot": "", "values": []}], "service": "Music_3", "service_call": {"method": "PlayMedia", "parameters": {"device": "Living room", "track": "Tyrant"}}, "service_results": [{"album": "Isolation", "artist": "Kali Uchis", "device": "Living room", "genre": "Funk", "track": "Tyrant", "year": "2016"}], "slots": []}], "speaker": "SYSTEM", "utterance": "The song is from 2016. Enjoy your music."}, {"frames": [{"actions": [{"act": "THANK_YOU", "canonical_values": [], "slot": "", "values": []}, {"act": "GOODBYE", "canonical_values": [], "slot": "", "values": []}], "service": "Music_3", "slots": [], "state": {"active_intent": "PlayMedia", "requested_slots": [], "slot_values": {"device": ["Living room"], "track": ["Tyrant"]}}}], "speaker": "USER", "utterance": "Thank you, that is all for now."}, {"frames": [{"actions": [{"act": "GOODBYE", "canonical_values": [], "slot": "", "values": []}], "service": "Music_3", "slots": []}], "speaker": "SYSTEM", "utterance": "Okay, have a good day!"}]}, {"dialogue_id": "15_00004", "services": ["Music_3", "Media_3"], "turns": [{"frames": [{"actions": [{"act": "INFORM", "canonical_values": ["Holo"], "slot": "album", "values": ["Holo"]}, {"act": "INFORM_INTENT", "canonical_values": ["LookupMusic"], "slot": "intent", "values": ["LookupMusic"]}], "service": "Music_3", "slots": [{"exclusive_end": 40, "slot": "album", "start": 36}], "state": {"active_intent": "LookupMusic", "requested_slots": [], "slot_values": {"album": ["Holo"]}}}], "speaker": "USER", "utterance": "I'd like to search for songs on the Holo album."}, {"frames": [{"actions": [{"act": "OFFER", "canonical_values": ["Airplane Mode"], "slot": "track", "values": ["Airplane Mode"]}, {"act": "OFFER", "canonical_values": ["Limbo"], "slot": "artist", "values": ["Limbo"]}, {"act": "OFFER", "canonical_values": ["Holo"], "slot": "album", "values": ["Holo"]}], "service": "Music_3", "service_call": {"method": "LookupMusic", "parameters": {"album": "Holo"}}, "service_results": [{"album": "Holo", "artist": "Limbo", "genre": "Pop", "track": "Airplane Mode", "year": "2017"}], "slots": [{"exclusive_end": 23, "slot": "track", "start": 10}, {"exclusive_end": 32, "slot": "artist", "start": 27}, {"exclusive_end": 44, "slot": "album", "start": 40}]}], "speaker": "SYSTEM", "utterance": "How about Airplane Mode by Limbo on the Holo album."}, {"frames": [{"actions": [{"act": "REQUEST", "canonical_values": [], "slot": "year", "values": []}, {"act": "REQUEST", "canonical_values": [], "slot": "genre", "values": []}], "service": "Music_3", "slots": [], "state": {"active_intent": "LookupMusic", "requested_slots": ["genre", "year"], "slot_values": {"album": ["Holo"]}}}], "speaker": "USER", "utterance": "What kind of music and what year was it released?"}, {"frames": [{"actions": [{"act": "INFORM", "canonical_values": ["Pop"], "slot": "genre", "values": ["pop"]}, {"act": "INFORM", "canonical_values": ["2017"], "slot": "year", "values": ["2017"]}], "service": "Music_3", "slots": [{"exclusive_end": 10, "slot": "genre", "start": 7}]}], "speaker": "SYSTEM", "utterance": "It's a pop song from 2017."}, {"frames": [{"actions": [{"act": "SELECT", "canonical_values": [], "slot": "", "values": []}], "service": "Music_3", "slots": [], "state": {"active_intent": "LookupMusic", "requested_slots": [], "slot_values": {"album": ["Holo"], "track": ["Airplane Mode"]}}}, {"actions": [{"act": "INFORM_INTENT", "canonical_values": ["FindMovies"], "slot": "intent", "values": ["FindMovies"]}], "service": "Media_3", "slots": [], "state": {"active_intent": "FindMovies", "requested_slots": [], "slot_values": {}}}], "speaker": "USER", "utterance": "Okay, that's what I want. What are some good movies online?"}, {"frames": [{"actions": [{"act": "REQUEST", "canonical_values": [], "slot": "genre", "values": []}], "service": "Media_3", "slots": []}], "speaker": "SYSTEM", "utterance": "What kind do you like?"}, {"frames": [{"actions": [{"act": "INFORM", "canonical_values": ["Supernatural"], "slot": "genre", "values": ["supernatural"]}], "service": "Media_3", "slots": [{"exclusive_end": 38, "slot": "genre", "start": 26}], "state": {"active_intent": "FindMovies", "requested_slots": [], "slot_values": {"genre": ["supernatural"]}}}], "speaker": "USER", "utterance": "I'm looking for something supernatural."}, {"frames": [{"actions": [{"act": "OFFER", "canonical_values": ["IT Chapter Two"], "slot": "title", "values": ["IT Chapter Two"]}, {"act": "INFORM_COUNT", "canonical_values": ["1"], "slot": "count", "values": ["1"]}], "service": "Media_3", "service_call": {"method": "FindMovies", "parameters": {"genre": "Supernatural"}}, "service_results": [{"genre": "Supernatural", "starring": "James Ransone", "subtitle_language": "English", "title": "IT Chapter Two"}], "slots": [{"exclusive_end": 38, "slot": "title", "start": 24}]}], "speaker": "SYSTEM", "utterance": "There's 1 you may like, IT Chapter Two."}, {"frames": [{"actions": [{"act": "INFORM", "canonical_values": ["dontcare"], "slot": "device", "values": ["dontcare"]}, {"act": "INFORM_INTENT", "canonical_values": ["PlayMedia"], "slot": "intent", "values": ["PlayMedia"]}], "service": "Music_3", "slots": [], "state": {"active_intent": "PlayMedia", "requested_slots": [], "slot_values": {"album": ["Holo"], "device": ["dontcare"], "track": ["Airplane Mode"]}}}, {"actions": [{"act": "SELECT", "canonical_values": ["IT Chapter Two"], "slot": "title", "values": ["IT2"]}], "service": "Media_3", "slots": [{"exclusive_end": 3, "slot": "title", "start": 0}], "state": {"active_intent": "FindMovies", "requested_slots": [], "slot_values": {"genre": ["supernatural"], "title": ["IT Chapter Two", "IT2"]}}}], "speaker": "USER", "utterance": "IT2 is great, I'll remember that for later. For now, can you play that song we just talked about on any device?"}, {"frames": [{"actions": [{"act": "CONFIRM", "canonical_values": ["Airplane Mode"], "slot": "track", "values": ["Airplane Mode"]}, {"act": "CONFIRM", "canonical_values": ["Living room"], "slot": "device", "values": ["Living room"]}], "service": "Music_3", "slots": [{"exclusive_end": 56, "slot": "track", "start": 43}]}], "speaker": "SYSTEM", "utterance": "Sure, please confirm you'd like me to play Airplane Mode in the Living room."}, {"frames": [{"actions": [{"act": "AFFIRM", "canonical_values": [], "slot": "", "values": []}], "service": "Music_3", "slots": [], "state": {"active_intent": "PlayMedia", "requested_slots": [], "slot_values": {"album": ["Holo"], "device": ["dontcare"], "track": ["Airplane Mode"]}}}], "speaker": "USER", "utterance": "Yup, thank you."}, {"frames": [{"actions": [{"act": "NOTIFY_SUCCESS", "canonical_values": [], "slot": "", "values": []}], "service": "Music_3", "service_call": {"method": "PlayMedia", "parameters": {"album": "Holo", "track": "Airplane Mode"}}, "service_results": [{"album": "Holo", "artist": "Limbo", "device": "Living room", "genre": "Pop", "track": "Airplane Mode", "year": "2017"}], "slots": []}], "speaker": "SYSTEM", "utterance": "Hope you enjoy!"}, {"frames": [{"actions": [{"act": "THANK_YOU", "canonical_values": [], "slot": "", "values": []}, {"act": "GOODBYE", "canonical_values": [], "slot": "", "values": []}], "service": "Music_3", "slots": [], "state": {"active_intent": "PlayMedia", "requested_slots": [], "slot_values": {"album": ["Holo"], "device": ["dontcare"], "track": ["Airplane Mode"]}}}], "speaker": "USER", "utterance": "That's all for now."}, {"frames": [{"actions": [{"act": "GOODBYE", "canonical_values": [], "slot": "", "values": []}], "service": "Music_3", "slots": []}], "speaker": "SYSTEM", "utterance": "Enjoy your day!"}]}]