[{"dialogue_id": "99_00000", "services": ["Events_1", "Banks_1"], "turns": [{"frames": [{"actions": [{"act": "INFORM", "canonical_values": ["Philadelphia"], "slot": "city_of_event", "values": ["Philly"]}, {"act": "INFORM_INTENT", "canonical_values": ["FindEvents"], "slot": "intent", "values": ["FindEvents"]}], "service": "Events_1", "slots": [{"exclusive_end": 48, "slot": "city_of_event", "start": 42}], "state": {"active_intent": "FindEvents", "requested_slots": [], "slot_values": {"city_of_event": ["Philly"]}}}], "speaker": "USER", "utterance": "Find me something interesting going on in Philly."}, {"frames": [{"actions": [{"act": "REQUEST", "canonical_values": ["Music", "Sports"], "slot": "category", "values": ["Music", "Sports"]}], "service": "Events_1", "slots": []}], "speaker": "SYSTEM", "utterance": "Is there anything in particular you are looking for, like a Music or Sports event?"}, {"frames": [{"actions": [{"act": "INFORM", "canonical_values": ["Music"], "slot": "category", "values": ["Music"]}], "service": "Events_1", "slots": [], "state": {"active_intent": "FindEvents", "requested_slots": [], "slot_values": {"category": ["Music"], "city_of_event": ["Philly"]}}}], "speaker": "USER", "utterance": "No, but I like music events."}, {"frames": [{"actions": [{"act": "OFFER", "canonical_values": ["Blueface"], "slot": "event_name", "values": ["Blueface"]}, {"act": "OFFER", "canonical_values": ["The Fillmore Philadelphia"], "slot": "event_location", "values": ["The Fillmore Philadelphia"]}, {"act": "OFFER", "canonical_values": ["2019-03-13"], "slot": "date", "values": ["March 13th"]}, {"act": "OFFER", "canonical_values": ["18:00"], "slot": "time", "values": ["6 pm"]}], "service": "Events_1", "service_call": {"method": "FindEvents", "parameters": {"category": "Music", "city_of_event": "Philadelphia"}}, "service_results": [{"address_of_location": "29 East Allen Street", "category": "Music", "city_of_event": "Philadelphia", "date": "2019-03-13", "event_location": "The Fillmore Philadelphia", "event_name": "Blueface", "subcategory": "Hip Hop", "time": "18:00"}, {"address_of_location": "29 East Allen Street", "category": "Music", "city_of_event": "Philadelphia", "date": "2019-03-01", "event_location": "The Fillmore Philadelphia", "event_name": "Conan Gray", "subcategory": "Pop", "time": "20:30"}, {"address_of_location": "29 East Allen Street 2nd Floor", "category": "Music", "city_of_event": "Philadelphia", "date": "2019-03-07", "event_location": "The Foundry", "event_name": "Don Broco", "subcategory": "Rock", "time": "18:00"}, {"address_of_location": "29 East Allen Street 2nd Floor", "category": "Music", "city_of_event": "Philadelphia", "date": "2019-03-03", "event_location": "The Foundry", "event_name": "Girl In Red", "subcategory": "Pop", "time": "19:00"}, {"address_of_location": "1200 Callowhill Street", "category": "Music", "city_of_event": "Philadelphia", "date": "2019-03-02", "event_location": "Underground Arts", "event_name": "Hot Water Music", "subcategory": "Rock", "time": "19:00"}, {"address_of_location": "29 East Allen Street", "category": "Music", "city_of_event": "Philadelphia", "date": "2019-03-06", "event_location": "The Fillmore Philadelphia", "event_name": "Lauv", "subcategory": "Jazz", "time": "18:30"}, {"address_of_location": "29 East Allen Street 2nd Floor", "category": "Music", "city_of_event": "Philadelphia", "date": "2019-03-10", "event_location": "The Foundry", "event_name": "Lights", "subcategory": "Electronica", "time": "18:00"}, {"address_of_location": "29 East Allen Street", "category": "Music", "city_of_event": "Philadelphia", "date": "2019-03-03", "event_location": "The Fillmore Philadelphia", "event_name": "Nav With Killy", "subcategory": "Hip Hop", "time": "19:30"}, {"address_of_location": "29 East Allen Street 2nd Floor", "category": "Music", "city_of_event": "Philadelphia", "date": "2019-03-13", "event_location": "The Foundry", "event_name": "Northlane", "subcategory": "Rock", "time": "18:00"}, {"address_of_location": "29 East Allen Street 2nd Floor", "category": "Music", "city_of_event": "Philadelphia", "date": "2019-03-11", "event_location": "The Foundry", "event_name": "The Lemonheads", "subcategory": "Rock", "time": "19:30"}], "slots": [{"exclusive_end": 37, "slot": "event_name", "start": 29}, {"exclusive_end": 87, "slot": "event_location", "start": 62}, {"exclusive_end": 101, "slot": "date", "start": 91}, {"exclusive_end": 109, "slot": "time", "start": 105}]}], "speaker": "SYSTEM", "utterance": "Would you be interested in a Blueface concert taking place at The Fillmore Philadelphia on March 13th at 6 pm?"}, {"frames": [{"actions": [{"act": "INFORM", "canonical_values": ["Sports"], "slot": "category", "values": ["Sports"]}, {"act": "REQUEST_ALTS", "canonical_values": [], "slot": "", "values": []}], "service": "Events_1", "slots": [], "state": {"active_intent": "FindEvents", "requested_slots": [], "slot_values": {"category": ["Sports"], "city_of_event": ["Philly"]}}}], "speaker": "USER", "utterance": "Eh, I just remember how much I hate loud concerts. Any banger sports events going on?"}, {"frames": [{"actions": [{"act": "OFFER", "canonical_values": ["Eagles Vs Cowboys"], "slot": "event_name", "values": ["Eagles Vs Cowboys"]}, {"act": "OFFER", "canonical_values": ["Lincoln Financial Field"], "slot": "event_location", "values": ["Lincoln Financial Field"]}, {"act": "OFFER", "canonical_values": ["2019-03-14"], "slot": "date", "values": ["March 14th"]}, {"act": "OFFER", "canonical_values": ["20:00"], "slot": "time", "values": ["8 pm"]}, {"act": "INFORM_COUNT", "canonical_values": ["10"], "slot": "count", "values": ["10"]}], "service": "Events_1", "service_call": {"method": "FindEvents", "parameters": {"category": "Sports", "city_of_event": "Philadelphia"}}, "service_results": [{"address_of_location": "1 Lincoln Financial Field Way", "category": "Sports", "city_of_event": "Philadelphia", "date": "2019-03-14", "event_location": "Lincoln Financial Field", "event_name": "Eagles Vs Cowboys", "subcategory": "American Football", "time": "20:00"}, {"address_of_location": "1 Lincoln Financial Field Way", "category": "Sports", "city_of_event": "Philadelphia", "date": "2019-03-03", "event_location": "Lincoln Financial Field", "event_name": "Owls Vs Bison", "subcategory": "American Football", "time": "19:30"}, {"address_of_location": "1 Lincoln Financial Field Way", "category": "Sports", "city_of_event": "Philadelphia", "date": "2019-03-13", "event_location": "Lincoln Financial Field", "event_name": "Owls Vs Huskies", "subcategory": "American Football", "time": "18:30"}, {"address_of_location": "1 Lincoln Financial Field Way", "category": "Sports", "city_of_event": "Philadelphia", "date": "2019-03-08", "event_location": "Lincoln Financial Field", "event_name": "Owls Vs Knights", "subcategory": "American Football", "time": "20:30"}, {"address_of_location": "1 Lincoln Financial Field Way", "category": "Sports", "city_of_event": "Philadelphia", "date": "2019-03-04", "event_location": "Lincoln Financial Field", "event_name": "Owls Vs Terrapins", "subcategory": "American Football", "time": "19:30"}, {"address_of_location": "1 Lincoln Financial Field Way", "category": "Sports", "city_of_event": "Philadelphia", "date": "2019-03-07", "event_location": "Lincoln Financial Field", "event_name": "Owls Vs Tigers", "subcategory": "American Football", "time": "19:00"}, {"address_of_location": "1 Lincoln Financial Field Way", "category": "Sports", "city_of_event": "Philadelphia", "date": "2019-03-09", "event_location": "Lincoln Financial Field", "event_name": "Owls Vs Yellow Jackets", "subcategory": "American Football", "time": "19:00"}, {"address_of_location": "1 Citizens Bank Way", "category": "Sports", "city_of_event": "Philadelphia", "date": "2019-03-10", "event_location": "Citizens Bank Park", "event_name": "Phillies Vs Braves", "subcategory": "Baseball", "time": "18:00"}, {"address_of_location": "1 Citizens Bank Way", "category": "Sports", "city_of_event": "Philadelphia", "date": "2019-03-07", "event_location": "Citizens Bank Park", "event_name": "Phillies Vs Cubs", "subcategory": "Baseball", "time": "18:30"}, {"address_of_location": "1 Citizens Bank Way", "category": "Sports", "city_of_event": "Philadelphia", "date": "2019-03-14", "event_location": "Citizens Bank Park", "event_name": "Phillies Vs Diamondbacks", "subcategory": "Baseball", "time": "18:30"}], "slots": [{"exclusive_end": 108, "slot": "event_name", "start": 91}, {"exclusive_end": 140, "slot": "event_location", "start": 117}, {"exclusive_end": 154, "slot": "date", "start": 144}, {"exclusive_end": 162, "slot": "time", "start": 158}]}], "speaker": "SYSTEM", "utterance": "There are at least 10 sports events happening in your area. Would you be interested in the Eagles Vs Cowboys game at Lincoln Financial Field on March 14th at 8 pm?"}, {"frames": [{"actions": [{"act": "REQUEST_ALTS", "canonical_values": [], "slot": "", "values": []}], "service": "Events_1", "slots": [], "state": {"active_intent": "FindEvents", "requested_slots": [], "slot_values": {"category": ["Sports"], "city_of_event": ["Philly"]}}}], "speaker": "USER", "utterance": "No, what else you got."}, {"frames": [{"actions": [{"act": "OFFER", "canonical_values": ["Owls Vs Bison"], "slot": "event_name", "values": ["Owls Vs Bison"]}, {"act": "OFFER", "canonical_values": ["Lincoln Financial Field"], "slot": "event_location", "values": ["Lincoln Financial Field"]}, {"act": "OFFER", "canonical_values": ["2019-03-03"], "slot": "date", "values": ["day after tomorrow"]}, {"act": "OFFER", "canonical_values": ["19:30"], "slot": "time", "values": ["7:30 pm"]}], "service": "Events_1", "slots": [{"exclusive_end": 27, "slot": "event_name", "start": 14}, {"exclusive_end": 59, "slot": "event_location", "start": 36}, {"exclusive_end": 85, "slot": "date", "start": 67}, {"exclusive_end": 96, "slot": "time", "start": 89}]}], "speaker": "SYSTEM", "utterance": "How about the Owls Vs Bison game at Lincoln Financial Field on the day after tomorrow at 7:30 pm?"}, {"frames": [{"actions": [{"act": "REQUEST", "canonical_values": [], "slot": "address_of_location", "values": []}, {"act": "REQUEST", "canonical_values": [], "slot": "subcategory", "values": []}], "service": "Events_1", "slots": [], "state": {"active_intent": "FindEvents", "requested_slots": ["address_of_location", "subcategory"], "slot_values": {"category": ["Sports"], "city_of_event": ["Philly"]}}}], "speaker": "USER", "utterance": "What sport is that, and where is the Lincoln Financial Field located?"}, {"frames": [{"actions": [{"act": "INFORM", "canonical_values": ["1 Lincoln Financial Field Way"], "slot": "address_of_location", "values": ["1 Lincoln Financial Field way"]}, {"act": "INFORM", "canonical_values": ["American Football"], "slot": "subcategory", "values": ["American Football"]}], "service": "Events_1", "slots": [{"exclusive_end": 95, "slot": "address_of_location", "start": 66}, {"exclusive_end": 26, "slot": "subcategory", "start": 9}]}], "speaker": "SYSTEM", "utterance": "It is an American Football event, and the address of the field is 1 Lincoln Financial Field way."}, {"frames": [{"actions": [{"act": "SELECT", "canonical_values": [], "slot": "", "values": []}], "service": "Events_1", "slots": [], "state": {"active_intent": "FindEvents", "requested_slots": [], "slot_values": {"category": ["Sports"], "city_of_event": ["Philly"], "date": ["day after tomorrow"], "event_name": ["Owls Vs Bison"]}}}], "speaker": "USER", "utterance": "That's not too far, and sound like it would be an interesting match."}, {"frames": [{"actions": [{"act": "OFFER_INTENT", "canonical_values": ["BuyEventTickets"], "slot": "intent", "values": ["BuyEventTickets"]}], "service": "Events_1", "slots": []}], "speaker": "SYSTEM", "utterance": "Would you like to purchase tickets?"}, {"frames": [{"actions": [{"act": "NEGATE_INTENT", "canonical_values": [], "slot": "", "values": []}], "service": "Events_1", "slots": [], "state": {"active_intent": "NONE", "requested_slots": [], "slot_values": {"category": ["Sports"], "city_of_event": ["Philly"], "date": ["day after tomorrow"], "event_name": ["Owls Vs Bison"]}}}, {"actions": [{"act": "INFORM_INTENT", "canonical_values": ["CheckBalance"], "slot": "intent", "values": ["CheckBalance"]}], "service": "Banks_1", "slots": [], "state": {"active_intent": "CheckBalance", "requested_slots": [], "slot_values": {}}}], "speaker": "USER", "utterance": "No, maybe later. Can you check my bank account balance right now?"}, {"frames": [{"actions": [{"act": "REQUEST", "canonical_values": [], "slot": "account_type", "values": []}], "service": "Banks_1", "slots": []}], "speaker": "SYSTEM", "utterance": "Certainly. Which account would you like me to check?"}, {"frames": [{"actions": [{"act": "INFORM", "canonical_values": ["checking"], "slot": "account_type", "values": ["checking"]}], "service": "Banks_1", "slots": [], "state": {"active_intent": "CheckBalance", "requested_slots": [], "slot_values": {"account_type": ["checking"]}}}], "speaker": "USER", "utterance": "Find the balance of my checking account, please."}, {"frames": [{"actions": [{"act": "OFFER", "canonical_values": ["11210.26"], "slot": "balance", "values": ["$11,210.26"]}, {"act": "OFFER", "canonical_values": ["checking"], "slot": "account_type", "values": ["checking"]}], "service": "Banks_1", "service_call": {"method": "CheckBalance", "parameters": {"account_type": "checking"}}, "service_results": [{"account_type": "checking", "balance": "11210.26"}], "slots": [{"exclusive_end": 60, "slot": "balance", "start": 50}]}], "speaker": "SYSTEM", "utterance": "The balance of your checking account is currently $11,210.26."}, {"frames": [{"actions": [{"act": "INFORM", "canonical_values": ["2"], "slot": "number_of_seats", "values": ["2"]}, {"act": "INFORM_INTENT", "canonical_values": ["BuyEventTickets"], "slot": "intent", "values": ["BuyEventTickets"]}], "service": "Events_1", "slots": [], "state": {"active_intent": "BuyEventTickets", "requested_slots": [], "slot_values": {"category": ["Sports"], "city_of_event": ["Philly"], "date": ["day after tomorrow"], "event_name": ["Owls Vs Bison"], "number_of_seats": ["2"]}}}, {"actions": [{"act": "SELECT", "canonical_values": [], "slot": "", "values": []}], "service": "Banks_1", "slots": [], "state": {"active_intent": "CheckBalance", "requested_slots": [], "slot_values": {"account_type": ["checking"]}}}], "speaker": "USER", "utterance": "Alright, looking good. I'd like to purchase 2 tickets to that event you found."}, {"frames": [{"actions": [{"act": "CONFIRM", "canonical_values": ["Owls Vs Bison"], "slot": "event_name", "values": ["Owls Vs Bison"]}, {"act": "CONFIRM", "canonical_values": ["2"], "slot": "number_of_seats", "values": ["2"]}, {"act": "CONFIRM", "canonical_values": ["2019-03-03"], "slot": "date", "values": ["day after tomorrow"]}, {"act": "CONFIRM", "canonical_values": ["Philadelphia"], "slot": "city_of_event", "values": ["Philadelphia"]}], "service": "Events_1", "slots": [{"exclusive_end": 57, "slot": "event_name", "start": 44}, {"exclusive_end": 88, "slot": "date", "start": 70}, {"exclusive_end": 104, "slot": "city_of_event", "start": 92}]}], "speaker": "SYSTEM", "utterance": "You would like to purchase 2 tickets to the Owls Vs Bison game on the day after tomorrow in Philadelphia. Is this correct?"}, {"frames": [{"actions": [{"act": "INFORM", "canonical_values": ["1"], "slot": "number_of_seats", "values": ["1"]}, {"act": "NEGATE", "canonical_values": [], "slot": "", "values": []}], "service": "Events_1", "slots": [], "state": {"active_intent": "BuyEventTickets", "requested_slots": [], "slot_values": {"category": ["Sports"], "city_of_event": ["Philadelphia", "Philly"], "date": ["day after tomorrow"], "event_name": ["Owls Vs Bison"], "number_of_seats": ["1"]}}}], "speaker": "USER", "utterance": "No, I only need 1 ticket. I don't know where you got 2 from."}, {"frames": [{"actions": [{"act": "CONFIRM", "canonical_values": ["1"], "slot": "number_of_seats", "values": ["1"]}, {"act": "CONFIRM", "canonical_values": ["2019-03-03"], "slot": "date", "values": ["day after tomorrow"]}], "service": "Events_1", "slots": [{"exclusive_end": 88, "slot": "date", "start": 70}]}], "speaker": "SYSTEM", "utterance": "You would like to purchase 1 tickets to the Owls Vs Bison game on the day after tomorrow in Philadelphia. Is this correct?"}, {"frames": [{"actions": [{"act": "AFFIRM", "canonical_values": [], "slot": "", "values": []}], "service": "Events_1", "slots": [], "state": {"active_intent": "BuyEventTickets", "requested_slots": [], "slot_values": {"category": ["Sports"], "city_of_event": ["Philadelphia", "Philly"], "date": ["day after tomorrow"], "event_name": ["Owls Vs Bison"], "number_of_seats": ["1"]}}}], "speaker": "USER", "utterance": "Yes that is all correct."}, {"frames": [{"actions": [{"act": "NOTIFY_SUCCESS", "canonical_values": [], "slot": "", "values": []}], "service": "Events_1", "service_call": {"method": "BuyEventTickets", "parameters": {"city_of_event": "Philadelphia", "date": "2019-03-03", "event_name": "Owls Vs Bison", "number_of_seats": "1"}}, "service_results": [{"address_of_location": "1 Lincoln Financial Field Way", "city_of_event": "Philadelphia", "date": "2019-03-03", "event_location": "Lincoln Financial Field", "event_name": "Owls Vs Bison", "number_of_seats": "1", "time": "19:30"}], "slots": []}], "speaker": "SYSTEM", "utterance": "The ticket has successfully been purchased."}, {"frames": [{"actions": [{"act": "THANK_YOU", "canonical_values": [], "slot": "", "values": []}], "service": "Events_1", "slots": [], "state": {"active_intent": "BuyEventTickets", "requested_slots": [], "slot_values": {"category": ["Sports"], "city_of_event": ["Philadelphia", "Philly"], "date": ["day after tomorrow"], "event_name": ["Owls Vs Bison"], "number_of_seats": ["1"]}}}], "speaker": "USER", "utterance": "Heck yeah. I really appreciate your help."}, {"frames": [{"actions": [{"act": "REQ_MORE", "canonical_values": [], "slot": "", "values": []}], "service": "Events_1", "slots": []}], "speaker": "SYSTEM", "utterance": "I'm always glad when I can help out. Is there anything else you need or will that be all?"}, {"frames": [{"actions": [{"act": "NEGATE", "canonical_values": [], "slot": "", "values": []}, {"act": "THANK_YOU", "canonical_values": [], "slot": "", "values": []}], "service": "Events_1", "slots": [], "state": {"active_intent": "NONE", "requested_slots": [], "slot_values": {"category": ["Sports"], "city_of_event": ["Philadelphia", "Philly"], "date": ["day after tomorrow"], "event_name": ["Owls Vs Bison"], "number_of_seats": ["1"]}}}], "speaker": "USER", "utterance": "That's all. I'll let you know if I need anything further."}, {"frames": [{"actions": [{"act": "GOODBYE", "canonical_values": [], "slot": "", "values": []}], "service": "Events_1", "slots": []}], "speaker": "SYSTEM", "utterance": "Okay, have a great day."}]}, {"dialogue_id": "99_00001", "services": ["Events_1", "Banks_1"], "turns": [{"frames": [{"actions": [{"act": "INFORM_INTENT", "canonical_values": ["FindEvents"], "slot": "intent", "values": ["FindEvents"]}], "service": "Events_1", "slots": [], "state": {"active_intent": "FindEvents", "requested_slots": [], "slot_values": {}}}], "speaker": "USER", "utterance": "I need something fun to do."}, {"frames": [{"actions": [{"act": "REQUEST", "canonical_values": [], "slot": "city_of_event", "values": []}, {"act": "REQUEST", "canonical_values": ["Music", "Sports"], "slot": "category", "values": ["Music", "Sports"]}], "service": "Events_1", "slots": []}], "speaker": "SYSTEM", "utterance": "What are you looking for? If you like you could say Music or Sports or whatever you think of. Where do you want to look?"}, {"frames": [{"actions": [{"act": "INFORM", "canonical_values": ["Sports"], "slot": "category", "values": ["Sports"]}, {"act": "INFORM", "canonical_values": ["Washington D.C."], "slot": "city_of_event", "values": ["DC"]}], "service": "Events_1", "slots": [{"exclusive_end": 37, "slot": "city_of_event", "start": 35}], "state": {"active_intent": "FindEvents", "requested_slots": [], "slot_values": {"category": ["Sports"], "city_of_event": ["DC"]}}}], "speaker": "USER", "utterance": "I like Games and I want to look in DC."}, {"frames": [{"actions": [{"act": "OFFER", "canonical_values": ["Dc United Vs Revolution"], "slot": "event_name", "values": ["Dc United Vs Revolution"]}, {"act": "OFFER", "canonical_values": ["Audi Field"], "slot": "event_location", "values": ["Audi Field"]}, {"act": "OFFER", "canonical_values": ["2019-03-02"], "slot": "date", "values": ["tomorrow"]}, {"act": "OFFER", "canonical_values": ["20:30"], "slot": "time", "values": ["8:30 pm"]}], "service": "Events_1", "service_call": {"method": "FindEvents", "parameters": {"category": "Sports", "city_of_event": "Washington D.C."}}, "service_results": [{"address_of_location": "100 Potomac Avenue Southwest", "category": "Sports", "city_of_event": "Washington D.C.", "date": "2019-03-02", "event_location": "Audi Field", "event_name": "Dc United Vs Revolution", "subcategory": "Football", "time": "20:30"}, {"address_of_location": "2400 East Capitol Street Southeast", "category": "Sports", "city_of_event": "Washington D.C.", "date": "2019-03-01", "event_location": "RFK Stadium", "event_name": "El Salvador Vs Haiti", "subcategory": "Football", "time": "18:00"}, {"address_of_location": "601 F Street Northwest", "category": "Sports", "city_of_event": "Washington D.C.", "date": "2019-03-14", "event_location": "Capital One Arena", "event_name": "Mystics Vs Sky", "subcategory": "Basketball", "time": "18:30"}, {"address_of_location": "1100 Oak Drive SE", "category": "Sports", "city_of_event": "Washington D.C.", "date": "2019-03-06", "event_location": "Entertainment & Sports Arena", "event_name": "Mystics Vs Sun", "subcategory": "Basketball", "time": "20:30"}, {"address_of_location": "1500 South Capitol Street Southeast", "category": "Sports", "city_of_event": "Washington D.C.", "date": "2019-03-12", "event_location": "Nationals Park", "event_name": "Nationals Vs Braves", "subcategory": "Baseball", "time": "20:00"}, {"address_of_location": "1500 South Capitol Street Southeast", "category": "Sports", "city_of_event": "Washington D.C.", "date": "2019-03-14", "event_location": "Nationals Park", "event_name": "Nationals Vs Brewers", "subcategory": "Baseball", "time": "18:00"}, {"address_of_location": "1500 South Capitol Street Southeast", "category": "Sports", "city_of_event": "Washington D.C.", "date": "2019-03-14", "event_location": "Nationals Park", "event_name": "Nationals Vs Diamondbacks", "subcategory": "Baseball", "time": "19:30"}, {"address_of_location": "1500 South Capitol Street Southeast", "category": "Sports", "city_of_event": "Washington D.C.", "date": "2019-03-13", "event_location": "Nationals Park", "event_name": "Nationals Vs Dodgers", "subcategory": "Baseball", "time": "20:30"}, {"address_of_location": "1500 South Capitol Street Southeast", "category": "Sports", "city_of_event": "Washington D.C.", "date": "2019-03-09", "event_location": "Nationals Park", "event_name": "Nationals Vs Indians", "subcategory": "Baseball", "time": "18:30"}, {"address_of_location": "1500 South Capitol Street Southeast", "category": "Sports", "city_of_event": "Washington D.C.", "date": "2019-03-02", "event_location": "Nationals Park", "event_name": "Nationals Vs Orioles", "subcategory": "Baseball", "time": "18:00"}], "slots": [{"exclusive_end": 97, "slot": "event_name", "start": 74}, {"exclusive_end": 71, "slot": "event_location", "start": 61}, {"exclusive_end": 46, "slot": "date", "start": 38}, {"exclusive_end": 57, "slot": "time", "start": 50}]}], "speaker": "SYSTEM", "utterance": "Here's something. It is scheduled for tomorrow at 8:30 pm at Audi Field - Dc United Vs Revolution."}, {"frames": [{"actions": [{"act": "INFORM", "canonical_values": ["Baseball"], "slot": "subcategory", "values": ["Baseball"]}, {"act": "INFORM", "canonical_values": ["2019-03-06"], "slot": "date", "values": ["next Wednesday"]}, {"act": "REQUEST_ALTS", "canonical_values": [], "slot": "", "values": []}], "service": "Events_1", "slots": [{"exclusive_end": 71, "slot": "subcategory", "start": 63}, {"exclusive_end": 90, "slot": "date", "start": 76}], "state": {"active_intent": "FindEvents", "requested_slots": [], "slot_values": {"category": ["Sports"], "city_of_event": ["DC"], "date": ["next Wednesday"], "subcategory": ["Baseball"]}}}], "speaker": "USER", "utterance": "That would work. What are some other choices? i want something Baseball for next Wednesday."}, {"frames": [{"actions": [{"act": "OFFER", "canonical_values": ["Nationals Vs Brewers"], "slot": "event_name", "values": ["Nationals Vs Brewers"]}, {"act": "OFFER", "canonical_values": ["Nationals Park"], "slot": "event_location", "values": ["Nationals Park"]}, {"act": "OFFER", "canonical_values": ["2019-03-06"], "slot": "date", "values": ["next Wednesday"]}, {"act": "OFFER", "canonical_values": ["19:00"], "slot": "time", "values": ["7 pm"]}], "service": "Events_1", "service_call": {"method": "FindEvents", "parameters": {"category": "Sports", "city_of_event": "Washington D.C.", "date": "2019-03-06", "subcategory": "Baseball"}}, "service_results": [{"address_of_location": "1500 South Capitol Street Southeast", "category": "Sports", "city_of_event": "Washington D.C.", "date": "2019-03-06", "event_location": "Nationals Park", "event_name": "Nationals Vs Brewers", "subcategory": "Baseball", "time": "19:00"}, {"address_of_location": "1500 South Capitol Street Southeast", "category": "Sports", "city_of_event": "Washington D.C.", "date": "2019-03-06", "event_location": "Nationals Park", "event_name": "Nationals Vs Diamondbacks", "subcategory": "Baseball", "time": "19:00"}, {"address_of_location": "1500 South Capitol Street Southeast", "category": "Sports", "city_of_event": "Washington D.C.", "date": "2019-03-06", "event_location": "Nationals Park", "event_name": "Nationals Vs Indians", "subcategory": "Baseball", "time": "20:00"}, {"address_of_location": "1500 South Capitol Street Southeast", "category": "Sports", "city_of_event": "Washington D.C.", "date": "2019-03-06", "event_location": "Nationals Park", "event_name": "Nationals Vs Orioles", "subcategory": "Baseball", "time": "18:30"}, {"address_of_location": "1500 South Capitol Street Southeast", "category": "Sports", "city_of_event": "Washington D.C.", "date": "2019-03-06", "event_location": "Nationals Park", "event_name": "Nationals Vs Phillies", "subcategory": "Baseball", "time": "19:00"}, {"address_of_location": "1500 South Capitol Street Southeast", "category": "Sports", "city_of_event": "Washington D.C.", "date": "2019-03-06", "event_location": "Nationals Park", "event_name": "Nationals Vs Reds", "subcategory": "Baseball", "time": "20:30"}], "slots": [{"exclusive_end": 81, "slot": "event_name", "start": 61}, {"exclusive_end": 99, "slot": "event_location", "start": 85}, {"exclusive_end": 38, "slot": "date", "start": 24}, {"exclusive_end": 56, "slot": "time", "start": 52}]}], "speaker": "SYSTEM", "utterance": "I do have something for next Wednesday, starting at 7 pm the Nationals Vs Brewers at Nationals Park."}, {"frames": [{"actions": [{"act": "INFORM", "canonical_values": ["Football"], "slot": "subcategory", "values": ["Football"]}, {"act": "INFORM", "canonical_values": ["2019-03-01"], "slot": "date", "values": ["1st of March"]}, {"act": "REQUEST_ALTS", "canonical_values": [], "slot": "", "values": []}], "service": "Events_1", "slots": [{"exclusive_end": 34, "slot": "subcategory", "start": 26}, {"exclusive_end": 54, "slot": "date", "start": 42}], "state": {"active_intent": "FindEvents", "requested_slots": [], "slot_values": {"category": ["Sports"], "city_of_event": ["DC"], "date": ["1st of March"], "subcategory": ["Football"]}}}], "speaker": "USER", "utterance": "That's nice but how about Football on the 1st of March?"}, {"frames": [{"actions": [{"act": "OFFER", "canonical_values": ["El Salvador Vs Haiti"], "slot": "event_name", "values": ["El Salvador Vs Haiti"]}, {"act": "OFFER", "canonical_values": ["RFK Stadium"], "slot": "event_location", "values": ["RFK Stadium"]}, {"act": "OFFER", "canonical_values": ["2019-03-01"], "slot": "date", "values": ["today"]}, {"act": "OFFER", "canonical_values": ["18:00"], "slot": "time", "values": ["6 pm"]}], "service": "Events_1", "service_call": {"method": "FindEvents", "parameters": {"category": "Sports", "city_of_event": "Washington D.C.", "date": "2019-03-01", "subcategory": "Football"}}, "service_results": [{"address_of_location": "2400 East Capitol Street Southeast", "category": "Sports", "city_of_event": "Washington D.C.", "date": "2019-03-01", "event_location": "RFK Stadium", "event_name": "El Salvador Vs Haiti", "subcategory": "Football", "time": "18:00"}], "slots": [{"exclusive_end": 78, "slot": "event_name", "start": 58}, {"exclusive_end": 37, "slot": "event_location", "start": 26}, {"exclusive_end": 43, "slot": "date", "start": 38}, {"exclusive_end": 51, "slot": "time", "start": 47}]}], "speaker": "SYSTEM", "utterance": "I have something - its at RFK Stadium today at 6 pm it is El Salvador Vs Haiti."}, {"frames": [{"actions": [{"act": "REQUEST", "canonical_values": [], "slot": "address_of_location", "values": []}], "service": "Events_1", "slots": [], "state": {"active_intent": "FindEvents", "requested_slots": ["address_of_location"], "slot_values": {"category": ["Sports"], "city_of_event": ["DC"], "date": ["1st of March", "today"], "subcategory": ["Football"]}}}], "speaker": "USER", "utterance": "Where is that at?"}, {"frames": [{"actions": [{"act": "INFORM", "canonical_values": ["2400 East Capitol Street Southeast"], "slot": "address_of_location", "values": ["2400 East Capitol Street Southeast"]}], "service": "Events_1", "slots": [{"exclusive_end": 51, "slot": "address_of_location", "start": 17}]}], "speaker": "SYSTEM", "utterance": "It is located at 2400 East Capitol Street Southeast."}, {"frames": [{"actions": [{"act": "SELECT", "canonical_values": [], "slot": "", "values": []}], "service": "Events_1", "slots": [], "state": {"active_intent": "FindEvents", "requested_slots": [], "slot_values": {"category": ["Sports"], "city_of_event": ["DC"], "date": ["1st of March", "today"], "event_name": ["El Salvador Vs Haiti"], "subcategory": ["Football"]}}}, {"actions": [{"act": "INFORM_INTENT", "canonical_values": ["CheckBalance"], "slot": "intent", "values": ["CheckBalance"]}], "service": "Banks_1", "slots": [], "state": {"active_intent": "CheckBalance", "requested_slots": [], "slot_values": {}}}], "speaker": "USER", "utterance": "That would be awesome. Tell me my balance please."}, {"frames": [{"actions": [{"act": "REQUEST", "canonical_values": [], "slot": "account_type", "values": []}], "service": "Banks_1", "slots": []}], "speaker": "SYSTEM", "utterance": "From which account?"}, {"frames": [{"actions": [{"act": "INFORM", "canonical_values": ["checking"], "slot": "account_type", "values": ["checking"]}], "service": "Banks_1", "slots": [], "state": {"active_intent": "CheckBalance", "requested_slots": [], "slot_values": {"account_type": ["checking"]}}}], "speaker": "USER", "utterance": "I want my checking balance."}, {"frames": [{"actions": [{"act": "OFFER", "canonical_values": ["17071.60"], "slot": "balance", "values": ["$17,071.60"]}, {"act": "OFFER", "canonical_values": ["checking"], "slot": "account_type", "values": ["checking"]}], "service": "Banks_1", "service_call": {"method": "CheckBalance", "parameters": {"account_type": "checking"}}, "service_results": [{"account_type": "checking", "balance": "17071.60"}], "slots": [{"exclusive_end": 24, "slot": "balance", "start": 14}]}], "speaker": "SYSTEM", "utterance": "That would be $17,071.60 in checking."}, {"frames": [{"actions": [{"act": "SELECT", "canonical_values": [], "slot": "", "values": []}], "service": "Banks_1", "slots": [], "state": {"active_intent": "CheckBalance", "requested_slots": [], "slot_values": {"account_type": ["checking"]}}}], "speaker": "USER", "utterance": "Very well then."}, {"frames": [{"actions": [{"act": "REQ_MORE", "canonical_values": [], "slot": "", "values": []}], "service": "Banks_1", "slots": []}], "speaker": "SYSTEM", "utterance": "What else do you want me to do?"}, {"frames": [{"actions": [{"act": "INFORM", "canonical_values": ["2"], "slot": "number_of_seats", "values": ["2"]}, {"act": "INFORM_INTENT", "canonical_values": ["BuyEventTickets"], "slot": "intent", "values": ["BuyEventTickets"]}], "service": "Events_1", "slots": [], "state": {"active_intent": "BuyEventTickets", "requested_slots": [], "slot_values": {"category": ["Sports"], "city_of_event": ["DC"], "date": ["1st of March", "today"], "event_name": ["El Salvador Vs Haiti"], "number_of_seats": ["2"], "subcategory": ["Football"]}}}], "speaker": "USER", "utterance": "Get me two tickets for that game."}, {"frames": [{"actions": [{"act": "CONFIRM", "canonical_values": ["El Salvador Vs Haiti"], "slot": "event_name", "values": ["El Salvador Vs Haiti"]}, {"act": "CONFIRM", "canonical_values": ["2"], "slot": "number_of_seats", "values": ["2"]}, {"act": "CONFIRM", "canonical_values": ["2019-03-01"], "slot": "date", "values": ["today"]}, {"act": "CONFIRM", "canonical_values": ["Washington D.C."], "slot": "city_of_event", "values": ["Washington D.C."]}], "service": "Events_1", "slots": [{"exclusive_end": 116, "slot": "event_name", "start": 96}, {"exclusive_end": 68, "slot": "date", "start": 63}, {"exclusive_end": 87, "slot": "city_of_event", "start": 72}]}], "speaker": "SYSTEM", "utterance": "You would like me to purchase - on your behalf - 2 tickets for today in Washington D.C. for the El Salvador Vs Haiti game correct?"}, {"frames": [{"actions": [{"act": "AFFIRM", "canonical_values": [], "slot": "", "values": []}], "service": "Events_1", "slots": [], "state": {"active_intent": "BuyEventTickets", "requested_slots": [], "slot_values": {"category": ["Sports"], "city_of_event": ["DC", "Washington D.C."], "date": ["1st of March", "today"], "event_name": ["El Salvador Vs Haiti"], "number_of_seats": ["2"], "subcategory": ["Football"]}}}], "speaker": "USER", "utterance": "Correct, those are my instructions."}, {"frames": [{"actions": [{"act": "NOTIFY_SUCCESS", "canonical_values": [], "slot": "", "values": []}], "service": "Events_1", "service_call": {"method": "BuyEventTickets", "parameters": {"city_of_event": "Washington D.C.", "date": "2019-03-01", "event_name": "El Salvador Vs Haiti", "number_of_seats": "2"}}, "service_results": [{"address_of_location": "2400 East Capitol Street Southeast", "city_of_event": "Washington D.C.", "date": "2019-03-01", "event_location": "RFK Stadium", "event_name": "El Salvador Vs Haiti", "number_of_seats": "2", "time": "18:00"}], "slots": []}], "speaker": "SYSTEM", "utterance": "Your tickets are taken care of all you have to do is have fun."}, {"frames": [{"actions": [{"act": "THANK_YOU", "canonical_values": [], "slot": "", "values": []}, {"act": "GOODBYE", "canonical_values": [], "slot": "", "values": []}], "service": "Events_1", "slots": [], "state": {"active_intent": "BuyEventTickets", "requested_slots": [], "slot_values": {"category": ["Sports"], "city_of_event": ["DC", "Washington D.C."], "date": ["1st of March", "today"], "event_name": ["El Salvador Vs Haiti"], "number_of_seats": ["2"], "subcategory": ["Football"]}}}], "speaker": "USER", "utterance": "I appreciated your assistance, goodbye for now."}, {"frames": [{"actions": [{"act": "GOODBYE", "canonical_values": [], "slot": "", "values": []}], "service": "Events_1", "slots": []}], "speaker": "SYSTEM", "utterance": "Have an amazing day."}]}, {"dialogue_id": "99_00002", "services": ["Events_1", "Banks_1"], "turns": [{"frames": [{"actions": [{"act": "INFORM", "canonical_values": ["Los Angeles"], "slot": "city_of_event", "values": ["LA"]}, {"act": "INFORM_INTENT", "canonical_values": ["FindEvents"], "slot": "intent", "values": ["FindEvents"]}], "service": "Events_1", "slots": [{"exclusive_end": 55, "slot": "city_of_event", "start": 53}], "state": {"active_intent": "FindEvents", "requested_slots": [], "slot_values": {"city_of_event": ["LA"]}}}], "speaker": "USER", "utterance": "Can you please help me in some interesting things in LA?"}, {"frames": [{"actions": [{"act": "REQUEST", "canonical_values": [], "slot": "category", "values": []}], "service": "Events_1", "slots": []}], "speaker": "SYSTEM", "utterance": "Are there any preferred category of events you are looking at?"}, {"frames": [{"actions": [{"act": "INFORM", "canonical_values": ["Music"], "slot": "category", "values": ["Music"]}], "service": "Events_1", "slots": [], "state": {"active_intent": "FindEvents", "requested_slots": [], "slot_values": {"category": ["Music"], "city_of_event": ["LA"]}}}], "speaker": "USER", "utterance": "I am looking for concert events."}, {"frames": [{"actions": [{"act": "OFFER", "canonical_values": ["Bill Callahan"], "slot": "event_name", "values": ["Bill Callahan"]}, {"act": "OFFER", "canonical_values": ["Lodge Room"], "slot": "event_location", "values": ["Lodge Room"]}, {"act": "OFFER", "canonical_values": ["2019-03-02"], "slot": "date", "values": ["tomorrow"]}, {"act": "OFFER", "canonical_values": ["20:30"], "slot": "time", "values": ["8:30 pm"]}], "service": "Events_1", "service_call": {"method": "FindEvents", "parameters": {"category": "Music", "city_of_event": "Los Angeles"}}, "service_results": [{"address_of_location": "104 N. Ave 56, 2nd Floor", "category": "Music", "city_of_event": "Los Angeles", "date": "2019-03-02", "event_location": "Lodge Room", "event_name": "Bill Callahan", "subcategory": "Country", "time": "20:30"}, {"address_of_location": "1234 West 7th Street", "category": "Music", "city_of_event": "Los Angeles", "date": "2019-03-07", "event_location": "The Teragram Ballroom", "event_name": "Girl In Red", "subcategory": "Pop", "time": "19:00"}, {"address_of_location": "1720 East 16th Street", "category": "Music", "city_of_event": "Los Angeles", "date": "2019-03-14", "event_location": "1720(tm)", "event_name": "Gloryhammer", "subcategory": "Rock", "time": "20:30"}, {"address_of_location": "1234 West 7th Street", "category": "Music", "city_of_event": "Los Angeles", "date": "2019-03-08", "event_location": "The Teragram Ballroom", "event_name": "Guided By Voices", "subcategory": "Rock", "time": "18:00"}, {"address_of_location": "448 South Main Street", "category": "Music", "city_of_event": "Los Angeles", "date": "2019-03-11", "event_location": "Regent Theater DTLA", "event_name": "Jordan Rakei", "subcategory": "Jazz", "time": "20:30"}, {"address_of_location": "5970 Santa Monica Boulevard", "category": "Music", "city_of_event": "Los Angeles", "date": "2019-03-04", "event_location": "Masonic Lodge at Hollywood Forever", "event_name": "Kishi Bashi", "subcategory": "Electronica", "time": "20:30"}, {"address_of_location": "1234 West 7th Street", "category": "Music", "city_of_event": "Los Angeles", "date": "2019-03-10", "event_location": "The Teragram Ballroom", "event_name": "Lights", "subcategory": "Electronica", "time": "18:00"}, {"address_of_location": "1234 West 7th Street", "category": "Music", "city_of_event": "Los Angeles", "date": "2019-03-09", "event_location": "The Teragram Ballroom", "event_name": "Murder City Devils", "subcategory": "Rock", "time": "18:00"}, {"address_of_location": "1720 East 16th Street", "category": "Music", "city_of_event": "Los Angeles", "date": "2019-03-11", "event_location": "1720(tm)", "event_name": "Spose", "subcategory": "Hip Hop", "time": "18:00"}, {"address_of_location": "448 South Main Street", "category": "Music", "city_of_event": "Los Angeles", "date": "2019-03-02", "event_location": "Regent Theater DTLA", "event_name": "Starset", "subcategory": "Rock", "time": "20:00"}], "slots": [{"exclusive_end": 26, "slot": "event_name", "start": 13}, {"exclusive_end": 53, "slot": "event_location", "start": 43}, {"exclusive_end": 76, "slot": "date", "start": 68}, {"exclusive_end": 89, "slot": "time", "start": 82}]}], "speaker": "SYSTEM", "utterance": "The event is Bill Callahan taking place at Lodge Room scheduled for tomorrow from 8:30 pm."}, {"frames": [{"actions": [{"act": "REQUEST_ALTS", "canonical_values": [], "slot": "", "values": []}], "service": "Events_1", "slots": [], "state": {"active_intent": "FindEvents", "requested_slots": [], "slot_values": {"category": ["Music"], "city_of_event": ["LA"]}}}], "speaker": "USER", "utterance": "This is good. But can you please help me in finding other events too?"}, {"frames": [{"actions": [{"act": "OFFER", "canonical_values": ["Girl In Red"], "slot": "event_name", "values": ["Girl in Red"]}, {"act": "OFFER", "canonical_values": ["The Teragram Ballroom"], "slot": "event_location", "values": ["The teragram ballroom"]}, {"act": "OFFER", "canonical_values": ["2019-03-07"], "slot": "date", "values": ["next Thursday"]}, {"act": "OFFER", "canonical_values": ["19:00"], "slot": "time", "values": ["7 pm"]}], "service": "Events_1", "slots": [{"exclusive_end": 24, "slot": "event_name", "start": 13}, {"exclusive_end": 73, "slot": "event_location", "start": 52}, {"exclusive_end": 90, "slot": "date", "start": 77}, {"exclusive_end": 100, "slot": "time", "start": 96}]}], "speaker": "SYSTEM", "utterance": "The event is Girl in Red scheduled to take place at The teragram ballroom on next Thursday from 7 pm onwards."}, {"frames": [{"actions": [{"act": "REQUEST_ALTS", "canonical_values": [], "slot": "", "values": []}], "service": "Events_1", "slots": [], "state": {"active_intent": "FindEvents", "requested_slots": [], "slot_values": {"category": ["Music"], "city_of_event": ["LA"]}}}], "speaker": "USER", "utterance": "This is good. But can you help me in finding some other events too?"}, {"frames": [{"actions": [{"act": "OFFER", "canonical_values": ["Gloryhammer"], "slot": "event_name", "values": ["Gloryhammer"]}, {"act": "OFFER", "canonical_values": ["1720(tm)"], "slot": "event_location", "values": ["1720(tm)"]}, {"act": "OFFER", "canonical_values": ["2019-03-14"], "slot": "date", "values": ["March 14th"]}, {"act": "OFFER", "canonical_values": ["20:30"], "slot": "time", "values": ["8:30 pm"]}], "service": "Events_1", "slots": [{"exclusive_end": 24, "slot": "event_name", "start": 13}, {"exclusive_end": 49, "slot": "event_location", "start": 41}, {"exclusive_end": 74, "slot": "date", "start": 64}, {"exclusive_end": 85, "slot": "time", "start": 78}]}], "speaker": "SYSTEM", "utterance": "The event is Gloryhammer taking place at 1720(tm) scheduled for March 14th at 8:30 pm."}, {"frames": [{"actions": [{"act": "SELECT", "canonical_values": [], "slot": "", "values": []}], "service": "Events_1", "slots": [], "state": {"active_intent": "FindEvents", "requested_slots": [], "slot_values": {"category": ["Music"], "city_of_event": ["LA"], "date": ["March 14th"], "event_name": ["Gloryhammer"]}}}, {"actions": [{"act": "INFORM_INTENT", "canonical_values": ["CheckBalance"], "slot": "intent", "values": ["CheckBalance"]}], "service": "Banks_1", "slots": [], "state": {"active_intent": "CheckBalance", "requested_slots": [], "slot_values": {}}}], "speaker": "USER", "utterance": "That sounds great. Can you please check my balance?"}, {"frames": [{"actions": [{"act": "REQUEST", "canonical_values": [], "slot": "account_type", "values": []}], "service": "Banks_1", "slots": []}], "speaker": "SYSTEM", "utterance": "Which account should I use to check balance"}, {"frames": [{"actions": [{"act": "INFORM", "canonical_values": ["checking"], "slot": "account_type", "values": ["checking"]}], "service": "Banks_1", "slots": [], "state": {"active_intent": "CheckBalance", "requested_slots": [], "slot_values": {"account_type": ["checking"]}}}], "speaker": "USER", "utterance": "Please use checking account."}, {"frames": [{"actions": [{"act": "OFFER", "canonical_values": ["2677.54"], "slot": "balance", "values": ["$2677.54"]}, {"act": "OFFER", "canonical_values": ["checking"], "slot": "account_type", "values": ["checking"]}], "service": "Banks_1", "service_call": {"method": "CheckBalance", "parameters": {"account_type": "checking"}}, "service_results": [{"account_type": "checking", "balance": "2677.54"}], "slots": [{"exclusive_end": 44, "slot": "balance", "start": 36}]}], "speaker": "SYSTEM", "utterance": "Checking account current balance is $2677.54."}, {"frames": [{"actions": [{"act": "INFORM", "canonical_values": ["savings"], "slot": "account_type", "values": ["savings"]}, {"act": "REQUEST_ALTS", "canonical_values": [], "slot": "", "values": []}], "service": "Banks_1", "slots": [], "state": {"active_intent": "CheckBalance", "requested_slots": [], "slot_values": {"account_type": ["savings"]}}}], "speaker": "USER", "utterance": "What's the balance of savings account?"}, {"frames": [{"actions": [{"act": "OFFER", "canonical_values": ["8649.40"], "slot": "balance", "values": ["$8649.40"]}, {"act": "OFFER", "canonical_values": ["savings"], "slot": "account_type", "values": ["savings"]}], "service": "Banks_1", "service_call": {"method": "CheckBalance", "parameters": {"account_type": "savings"}}, "service_results": [{"account_type": "savings", "balance": "8649.40"}], "slots": [{"exclusive_end": 40, "slot": "balance", "start": 32}]}], "speaker": "SYSTEM", "utterance": "Your savings account balance is $8649.40."}, {"frames": [{"actions": [{"act": "SELECT", "canonical_values": [], "slot": "", "values": []}], "service": "Banks_1", "slots": [], "state": {"active_intent": "CheckBalance", "requested_slots": [], "slot_values": {"account_type": ["savings"]}}}], "speaker": "USER", "utterance": "okay. Thanks for the info."}, {"frames": [{"actions": [{"act": "OFFER_INTENT", "canonical_values": ["TransferMoney"], "slot": "intent", "values": ["TransferMoney"]}], "service": "Banks_1", "slots": []}], "speaker": "SYSTEM", "utterance": "Would you like to initiate a transfer?"}, {"frames": [{"actions": [{"act": "INFORM_INTENT", "canonical_values": ["BuyEventTickets"], "slot": "intent", "values": ["BuyEventTickets"]}], "service": "Events_1", "slots": [], "state": {"active_intent": "BuyEventTickets", "requested_slots": [], "slot_values": {"category": ["Music"], "city_of_event": ["LA"], "date": ["March 14th"], "event_name": ["Gloryhammer"]}}}, {"actions": [{"act": "NEGATE_INTENT", "canonical_values": [], "slot": "", "values": []}], "service": "Banks_1", "slots": [], "state": {"active_intent": "NONE", "requested_slots": [], "slot_values": {"account_type": ["savings"]}}}], "speaker": "USER", "utterance": "No. I do not want to make a transfer. I would like you to book the tickets for the event that you have found?"}, {"frames": [{"actions": [{"act": "REQUEST", "canonical_values": [], "slot": "number_of_seats", "values": []}], "service": "Events_1", "slots": []}], "speaker": "SYSTEM", "utterance": "How many tickets would you like to book?"}, {"frames": [{"actions": [{"act": "INFORM", "canonical_values": ["3"], "slot": "number_of_seats", "values": ["3"]}], "service": "Events_1", "slots": [], "state": {"active_intent": "BuyEventTickets", "requested_slots": [], "slot_values": {"category": ["Music"], "city_of_event": ["LA"], "date": ["March 14th"], "event_name": ["Gloryhammer"], "number_of_seats": ["3"]}}}], "speaker": "USER", "utterance": "I would like to book 3 tickets?"}, {"frames": [{"actions": [{"act": "CONFIRM", "canonical_values": ["Gloryhammer"], "slot": "event_name", "values": ["Gloryhammer"]}, {"act": "CONFIRM", "canonical_values": ["3"], "slot": "number_of_seats", "values": ["3"]}, {"act": "CONFIRM", "canonical_values": ["2019-03-14"], "slot": "date", "values": ["March 14th"]}, {"act": "CONFIRM", "canonical_values": ["Los Angeles"], "slot": "city_of_event", "values": ["Los Angeles"]}], "service": "Events_1", "slots": [{"exclusive_end": 70, "slot": "event_name", "start": 59}, {"exclusive_end": 95, "slot": "date", "start": 85}, {"exclusive_end": 110, "slot": "city_of_event", "start": 99}]}], "speaker": "SYSTEM", "utterance": "Can you please confirm the following details. The event is Gloryhammer scheduled for March 14th at Los Angeles for 3 people."}, {"frames": [{"actions": [{"act": "AFFIRM", "canonical_values": [], "slot": "", "values": []}], "service": "Events_1", "slots": [], "state": {"active_intent": "BuyEventTickets", "requested_slots": [], "slot_values": {"category": ["Music"], "city_of_event": ["LA", "Los Angeles"], "date": ["March 14th"], "event_name": ["Gloryhammer"], "number_of_seats": ["3"]}}}], "speaker": "USER", "utterance": "Yes. That's perfect for me."}, {"frames": [{"actions": [{"act": "NOTIFY_SUCCESS", "canonical_values": [], "slot": "", "values": []}], "service": "Events_1", "service_call": {"method": "BuyEventTickets", "parameters": {"city_of_event": "Los Angeles", "date": "2019-03-14", "event_name": "Gloryhammer", "number_of_seats": "3"}}, "service_results": [{"address_of_location": "1720 East 16th Street", "city_of_event": "Los Angeles", "date": "2019-03-14", "event_location": "1720(tm)", "event_name": "Gloryhammer", "number_of_seats": "3", "time": "20:30"}], "slots": []}], "speaker": "SYSTEM", "utterance": "Your reservation has been confirmed. Is there anything else I can assist you today?"}, {"frames": [{"actions": [{"act": "THANK_YOU", "canonical_values": [], "slot": "", "values": []}, {"act": "GOODBYE", "canonical_values": [], "slot": "", "values": []}], "service": "Events_1", "slots": [], "state": {"active_intent": "BuyEventTickets", "requested_slots": [], "slot_values": {"category": ["Music"], "city_of_event": ["LA", "Los Angeles"], "date": ["March 14th"], "event_name": ["Gloryhammer"], "number_of_seats": ["3"]}}}], "speaker": "USER", "utterance": "No. I am fine. Thanks for your help."}, {"frames": [{"actions": [{"act": "GOODBYE", "canonical_values": [], "slot": "", "values": []}], "service": "Events_1", "slots": []}], "speaker": "SYSTEM", "utterance": "Have a nice day."}]}, {"dialogue_id": "99_00003", "services": ["Events_1", "Banks_1"], "turns": [{"frames": [{"actions": [{"act": "INFORM", "canonical_values": ["2019-03-03"], "slot": "date", "values": ["day after tomorrow"]}, {"act": "INFORM", "canonical_values": ["Music"], "slot": "category", "values": ["Music"]}, {"act": "INFORM_INTENT", "canonical_values": ["FindEvents"], "slot": "intent", "values": ["FindEvents"]}], "service": "Events_1", "slots": [{"exclusive_end": 134, "slot": "date", "start": 116}], "state": {"active_intent": "FindEvents", "requested_slots": [], "slot_values": {"category": ["Music"], "date": ["day after tomorrow"]}}}], "speaker": "USER", "utterance": "my friends are coming to my home and i would like to do some interesting things. Will you find me concert events on day after tomorrow in and around?"}, {"frames": [{"actions": [{"act": "REQUEST", "canonical_values": [], "slot": "city_of_event", "values": []}], "service": "Events_1", "slots": []}], "speaker": "SYSTEM", "utterance": "In which city i should search for?"}, {"frames": [{"actions": [{"act": "INFORM", "canonical_values": ["Seattle"], "slot": "city_of_event", "values": ["seattle"]}], "service": "Events_1", "slots": [{"exclusive_end": 40, "slot": "city_of_event", "start": 33}], "state": {"active_intent": "FindEvents", "requested_slots": [], "slot_values": {"category": ["Music"], "city_of_event": ["seattle"], "date": ["day after tomorrow"]}}}], "speaker": "USER", "utterance": "Please find events in and around seattle?"}, {"frames": [{"actions": [{"act": "OFFER", "canonical_values": ["Greensky Bluegrass"], "slot": "event_name", "values": ["Greensky Bluegrass"]}, {"act": "OFFER", "canonical_values": ["Flamingo Lot"], "slot": "event_location", "values": ["Flamingo Lot"]}, {"act": "OFFER", "canonical_values": ["2019-03-03"], "slot": "date", "values": ["day after tomorrow"]}, {"act": "OFFER", "canonical_values": ["19:00"], "slot": "time", "values": ["7 pm"]}], "service": "Events_1", "service_call": {"method": "FindEvents", "parameters": {"category": "Music", "city_of_event": "Seattle", "date": "2019-03-03"}}, "service_results": [{"address_of_location": "5500 Phinney Avenue North", "category": "Music", "city_of_event": "Seattle", "date": "2019-03-03", "event_location": "Flamingo Lot", "event_name": "Greensky Bluegrass", "subcategory": "Blues", "time": "19:00"}], "slots": [{"exclusive_end": 44, "slot": "event_name", "start": 26}, {"exclusive_end": 85, "slot": "event_location", "start": 73}, {"exclusive_end": 115, "slot": "date", "start": 97}, {"exclusive_end": 93, "slot": "time", "start": 89}]}], "speaker": "SYSTEM", "utterance": "there is an event name is Greensky Bluegrass which is going to happen in Flamingo Lot at 7 pm on day after tomorrow."}, {"frames": [{"actions": [{"act": "SELECT", "canonical_values": [], "slot": "", "values": []}], "service": "Events_1", "slots": [], "state": {"active_intent": "FindEvents", "requested_slots": [], "slot_values": {"category": ["Music"], "city_of_event": ["seattle"], "date": ["day after tomorrow"], "event_name": ["Greensky Bluegrass"]}}}], "speaker": "USER", "utterance": "ok that's good"}, {"frames": [{"actions": [{"act": "OFFER_INTENT", "canonical_values": ["BuyEventTickets"], "slot": "intent", "values": ["BuyEventTickets"]}], "service": "Events_1", "slots": []}], "speaker": "SYSTEM", "utterance": "Whether i need to buy tickets for that event?"}, {"frames": [{"actions": [{"act": "NEGATE_INTENT", "canonical_values": [], "slot": "", "values": []}], "service": "Events_1", "slots": [], "state": {"active_intent": "NONE", "requested_slots": [], "slot_values": {"category": ["Music"], "city_of_event": ["seattle"], "date": ["day after tomorrow"], "event_name": ["Greensky Bluegrass"]}}}, {"actions": [{"act": "INFORM", "canonical_values": ["checking"], "slot": "account_type", "values": ["checking"]}, {"act": "INFORM_INTENT", "canonical_values": ["CheckBalance"], "slot": "intent", "values": ["CheckBalance"]}], "service": "Banks_1", "slots": [], "state": {"active_intent": "CheckBalance", "requested_slots": [], "slot_values": {"account_type": ["checking"]}}}], "speaker": "USER", "utterance": "not now, First tell me my checking account balance?"}, {"frames": [{"actions": [{"act": "OFFER", "canonical_values": ["23128.26"], "slot": "balance", "values": ["$23,128.26"]}, {"act": "OFFER", "canonical_values": ["checking"], "slot": "account_type", "values": ["checking"]}], "service": "Banks_1", "service_call": {"method": "CheckBalance", "parameters": {"account_type": "checking"}}, "service_results": [{"account_type": "checking", "balance": "23128.26"}], "slots": [{"exclusive_end": 50, "slot": "balance", "start": 40}]}], "speaker": "SYSTEM", "utterance": "The balance of your checking account is $23,128.26"}, {"frames": [{"actions": [{"act": "INFORM", "canonical_values": ["savings"], "slot": "account_type", "values": ["savings"]}, {"act": "REQUEST_ALTS", "canonical_values": [], "slot": "", "values": []}], "service": "Banks_1", "slots": [], "state": {"active_intent": "CheckBalance", "requested_slots": [], "slot_values": {"account_type": ["savings"]}}}], "speaker": "USER", "utterance": "Find the balance of my savings account?"}, {"frames": [{"actions": [{"act": "OFFER", "canonical_values": ["1256.13"], "slot": "balance", "values": ["$1,256.13"]}, {"act": "OFFER", "canonical_values": ["savings"], "slot": "account_type", "values": ["savings"]}], "service": "Banks_1", "service_call": {"method": "CheckBalance", "parameters": {"account_type": "savings"}}, "service_results": [{"account_type": "savings", "balance": "1256.13"}], "slots": [{"exclusive_end": 48, "slot": "balance", "start": 39}]}], "speaker": "SYSTEM", "utterance": "The balance of your savings account is $1,256.13"}, {"frames": [{"actions": [{"act": "SELECT", "canonical_values": [], "slot": "", "values": []}], "service": "Banks_1", "slots": [], "state": {"active_intent": "CheckBalance", "requested_slots": [], "slot_values": {"account_type": ["savings"]}}}], "speaker": "USER", "utterance": "Fine, Thanks"}, {"frames": [{"actions": [{"act": "OFFER_INTENT", "canonical_values": ["TransferMoney"], "slot": "intent", "values": ["TransferMoney"]}], "service": "Banks_1", "slots": []}], "speaker": "SYSTEM", "utterance": "Whether i need to make a transfer?"}, {"frames": [{"actions": [{"act": "INFORM_INTENT", "canonical_values": ["BuyEventTickets"], "slot": "intent", "values": ["BuyEventTickets"]}], "service": "Events_1", "slots": [], "state": {"active_intent": "BuyEventTickets", "requested_slots": [], "slot_values": {"category": ["Music"], "city_of_event": ["seattle"], "date": ["day after tomorrow"], "event_name": ["Greensky Bluegrass"]}}}, {"actions": [{"act": "NEGATE_INTENT", "canonical_values": [], "slot": "", "values": []}], "service": "Banks_1", "slots": [], "state": {"active_intent": "NONE", "requested_slots": [], "slot_values": {"account_type": ["savings"]}}}], "speaker": "USER", "utterance": "No, not necessary. Now i like to purchase tickets for the event you told ?"}, {"frames": [{"actions": [{"act": "REQUEST", "canonical_values": [], "slot": "number_of_seats", "values": []}], "service": "Events_1", "slots": []}], "speaker": "SYSTEM", "utterance": "How many tickets needed?"}, {"frames": [{"actions": [{"act": "INFORM", "canonical_values": ["2"], "slot": "number_of_seats", "values": ["2"]}], "service": "Events_1", "slots": [], "state": {"active_intent": "BuyEventTickets", "requested_slots": [], "slot_values": {"category": ["Music"], "city_of_event": ["seattle"], "date": ["day after tomorrow"], "event_name": ["Greensky Bluegrass"], "number_of_seats": ["2"]}}}], "speaker": "USER", "utterance": "i need 2 tickets."}, {"frames": [{"actions": [{"act": "CONFIRM", "canonical_values": ["Greensky Bluegrass"], "slot": "event_name", "values": ["Greensky Bluegrass"]}, {"act": "CONFIRM", "canonical_values": ["2"], "slot": "number_of_seats", "values": ["2"]}, {"act": "CONFIRM", "canonical_values": ["2019-03-03"], "slot": "date", "values": ["day after tomorrow"]}, {"act": "CONFIRM", "canonical_values": ["Seattle"], "slot": "city_of_event", "values": ["Seattle"]}], "service": "Events_1", "slots": [{"exclusive_end": 120, "slot": "event_name", "start": 102}, {"exclusive_end": 179, "slot": "date", "start": 161}, {"exclusive_end": 157, "slot": "city_of_event", "start": 150}]}], "speaker": "SYSTEM", "utterance": "Ok Please check and review the following details so that i will confirm the reservation. The event is Greensky Bluegrass and the event takes place in Seattle on day after tomorrow and number of tickets for that event is 2"}, {"frames": [{"actions": [{"act": "AFFIRM", "canonical_values": [], "slot": "", "values": []}], "service": "Events_1", "slots": [], "state": {"active_intent": "BuyEventTickets", "requested_slots": [], "slot_values": {"category": ["Music"], "city_of_event": ["Seattle", "seattle"], "date": ["day after tomorrow"], "event_name": ["Greensky Bluegrass"], "number_of_seats": ["2"]}}}], "speaker": "USER", "utterance": "ok, that's great and its works for me."}, {"frames": [{"actions": [{"act": "NOTIFY_SUCCESS", "canonical_values": [], "slot": "", "values": []}], "service": "Events_1", "service_call": {"method": "BuyEventTickets", "parameters": {"city_of_event": "Seattle", "date": "2019-03-03", "event_name": "Greensky Bluegrass", "number_of_seats": "2"}}, "service_results": [{"address_of_location": "5500 Phinney Avenue North", "city_of_event": "Seattle", "date": "2019-03-03", "event_location": "Flamingo Lot", "event_name": "Greensky Bluegrass", "number_of_seats": "2", "time": "19:00"}], "slots": []}], "speaker": "SYSTEM", "utterance": "Reservation is confirmed. Hope you enjoy the concert."}, {"frames": [{"actions": [{"act": "THANK_YOU", "canonical_values": [], "slot": "", "values": []}], "service": "Events_1", "slots": [], "state": {"active_intent": "BuyEventTickets", "requested_slots": [], "slot_values": {"category": ["Music"], "city_of_event": ["Seattle", "seattle"], "date": ["day after tomorrow"], "event_name": ["Greensky Bluegrass"], "number_of_seats": ["2"]}}}], "speaker": "USER", "utterance": "Thanks for your immense help ."}, {"frames": [{"actions": [{"act": "REQ_MORE", "canonical_values": [], "slot": "", "values": []}], "service": "Events_1", "slots": []}], "speaker": "SYSTEM", "utterance": "Whether i need to find some other thing?"}, {"frames": [{"actions": [{"act": "NEGATE", "canonical_values": [], "slot": "", "values": []}, {"act": "THANK_YOU", "canonical_values": [], "slot": "", "values": []}], "service": "Events_1", "slots": [], "state": {"active_intent": "NONE", "requested_slots": [], "slot_values": {"category": ["Music"], "city_of_event": ["Seattle", "seattle"], "date": ["day after tomorrow"], "event_name": ["Greensky Bluegrass"], "number_of_seats": ["2"]}}}], "speaker": "USER", "utterance": "No. thanks , have a great day"}, {"frames": [{"actions": [{"act": "GOODBYE", "canonical_values": [], "slot": "", "values": []}], "service": "Events_1", "slots": []}], "speaker": "SYSTEM", "utterance": "take care, have a good day"}]}, {"dialogue_id": "99_00004", "services": ["Events_1", "Banks_1"], "turns": [{"frames": [{"actions": [{"act": "INFORM_INTENT", "canonical_values": ["FindEvents"], "slot": "intent", "values": ["FindEvents"]}], "service": "Events_1", "slots": [], "state": {"active_intent": "FindEvents", "requested_slots": [], "slot_values": {}}}], "speaker": "USER", "utterance": "I've got friends visiting and I need help finding something interesting to do. Can you help me?"}, {"frames": [{"actions": [{"act": "REQUEST", "canonical_values": [], "slot": "category", "values": []}, {"act": "REQUEST", "canonical_values": [], "slot": "city_of_event", "values": []}], "service": "Events_1", "slots": []}], "speaker": "SYSTEM", "utterance": "Sure, what kind of events are you looking for? Is there a certain city I should look in?"}, {"frames": [{"actions": [{"act": "INFORM", "canonical_values": ["Music"], "slot": "category", "values": ["Music"]}, {"act": "INFORM", "canonical_values": ["Los Angeles"], "slot": "city_of_event", "values": ["LAX"]}], "service": "Events_1", "slots": [{"exclusive_end": 61, "slot": "city_of_event", "start": 58}], "state": {"active_intent": "FindEvents", "requested_slots": [], "slot_values": {"category": ["Music"], "city_of_event": ["LAX"]}}}], "speaker": "USER", "utterance": "I'm interested in Music events and it needs to be near to LAX."}, {"frames": [{"actions": [{"act": "OFFER", "canonical_values": ["Bill Callahan"], "slot": "event_name", "values": ["Bill Callahan"]}, {"act": "OFFER", "canonical_values": ["Lodge Room"], "slot": "event_location", "values": ["Lodge Room"]}, {"act": "OFFER", "canonical_values": ["2019-03-02"], "slot": "date", "values": ["tomorrow"]}, {"act": "OFFER", "canonical_values": ["20:30"], "slot": "time", "values": ["8:30 pm"]}], "service": "Events_1", "service_call": {"method": "FindEvents", "parameters": {"category": "Music", "city_of_event": "Los Angeles"}}, "service_results": [{"address_of_location": "104 N. Ave 56, 2nd Floor", "category": "Music", "city_of_event": "Los Angeles", "date": "2019-03-02", "event_location": "Lodge Room", "event_name": "Bill Callahan", "subcategory": "Country", "time": "20:30"}, {"address_of_location": "1234 West 7th Street", "category": "Music", "city_of_event": "Los Angeles", "date": "2019-03-07", "event_location": "The Teragram Ballroom", "event_name": "Girl In Red", "subcategory": "Pop", "time": "19:00"}, {"address_of_location": "1720 East 16th Street", "category": "Music", "city_of_event": "Los Angeles", "date": "2019-03-14", "event_location": "1720(tm)", "event_name": "Gloryhammer", "subcategory": "Rock", "time": "20:30"}, {"address_of_location": "1234 West 7th Street", "category": "Music", "city_of_event": "Los Angeles", "date": "2019-03-08", "event_location": "The Teragram Ballroom", "event_name": "Guided By Voices", "subcategory": "Rock", "time": "18:00"}, {"address_of_location": "448 South Main Street", "category": "Music", "city_of_event": "Los Angeles", "date": "2019-03-11", "event_location": "Regent Theater DTLA", "event_name": "Jordan Rakei", "subcategory": "Jazz", "time": "20:30"}, {"address_of_location": "5970 Santa Monica Boulevard", "category": "Music", "city_of_event": "Los Angeles", "date": "2019-03-04", "event_location": "Masonic Lodge at Hollywood Forever", "event_name": "Kishi Bashi", "subcategory": "Electronica", "time": "20:30"}, {"address_of_location": "1234 West 7th Street", "category": "Music", "city_of_event": "Los Angeles", "date": "2019-03-10", "event_location": "The Teragram Ballroom", "event_name": "Lights", "subcategory": "Electronica", "time": "18:00"}, {"address_of_location": "1234 West 7th Street", "category": "Music", "city_of_event": "Los Angeles", "date": "2019-03-09", "event_location": "The Teragram Ballroom", "event_name": "Murder City Devils", "subcategory": "Rock", "time": "18:00"}, {"address_of_location": "1720 East 16th Street", "category": "Music", "city_of_event": "Los Angeles", "date": "2019-03-11", "event_location": "1720(tm)", "event_name": "Spose", "subcategory": "Hip Hop", "time": "18:00"}, {"address_of_location": "448 South Main Street", "category": "Music", "city_of_event": "Los Angeles", "date": "2019-03-02", "event_location": "Regent Theater DTLA", "event_name": "Starset", "subcategory": "Rock", "time": "20:00"}], "slots": [{"exclusive_end": 29, "slot": "event_name", "start": 16}, {"exclusive_end": 72, "slot": "event_location", "start": 62}, {"exclusive_end": 43, "slot": "date", "start": 35}, {"exclusive_end": 54, "slot": "time", "start": 47}]}], "speaker": "SYSTEM", "utterance": "Okay, I found a Bill Callahan show tomorrow at 8:30 pm at the Lodge Room."}, {"frames": [{"actions": [{"act": "REQUEST_ALTS", "canonical_values": [], "slot": "", "values": []}], "service": "Events_1", "slots": [], "state": {"active_intent": "FindEvents", "requested_slots": [], "slot_values": {"category": ["Music"], "city_of_event": ["LAX"]}}}], "speaker": "USER", "utterance": "That sounds okay. What else can you find?"}, {"frames": [{"actions": [{"act": "OFFER", "canonical_values": ["Girl In Red"], "slot": "event_name", "values": ["Girl In Red"]}, {"act": "OFFER", "canonical_values": ["The Teragram Ballroom"], "slot": "event_location", "values": ["The Teragram Ballroom"]}, {"act": "OFFER", "canonical_values": ["2019-03-07"], "slot": "date", "values": ["next Thursday"]}, {"act": "OFFER", "canonical_values": ["19:00"], "slot": "time", "values": ["7 pm"]}], "service": "Events_1", "slots": [{"exclusive_end": 24, "slot": "event_name", "start": 13}, {"exclusive_end": 79, "slot": "event_location", "start": 58}, {"exclusive_end": 46, "slot": "date", "start": 33}, {"exclusive_end": 54, "slot": "time", "start": 50}]}], "speaker": "SYSTEM", "utterance": "There's also Girl In Red playing next Thursday at 7 pm at The Teragram Ballroom."}, {"frames": [{"actions": [{"act": "REQUEST_ALTS", "canonical_values": [], "slot": "", "values": []}], "service": "Events_1", "slots": [], "state": {"active_intent": "FindEvents", "requested_slots": [], "slot_values": {"category": ["Music"], "city_of_event": ["LAX"]}}}], "speaker": "USER", "utterance": "That might work. What other events are going on?"}, {"frames": [{"actions": [{"act": "OFFER", "canonical_values": ["Gloryhammer"], "slot": "event_name", "values": ["Gloryhammer"]}, {"act": "OFFER", "canonical_values": ["1720(tm)"], "slot": "event_location", "values": ["1720(tm)"]}, {"act": "OFFER", "canonical_values": ["2019-03-14"], "slot": "date", "values": ["March 14th"]}, {"act": "OFFER", "canonical_values": ["20:30"], "slot": "time", "values": ["8:30 pm"]}], "service": "Events_1", "slots": [{"exclusive_end": 24, "slot": "event_name", "start": 13}, {"exclusive_end": 69, "slot": "event_location", "start": 61}, {"exclusive_end": 46, "slot": "date", "start": 36}, {"exclusive_end": 57, "slot": "time", "start": 50}]}], "speaker": "SYSTEM", "utterance": "I also found Gloryhammer playing on March 14th at 8:30 pm at 1720(tm)."}, {"frames": [{"actions": [{"act": "SELECT", "canonical_values": [], "slot": "", "values": []}], "service": "Events_1", "slots": [], "state": {"active_intent": "FindEvents", "requested_slots": [], "slot_values": {"category": ["Music"], "city_of_event": ["LAX"], "date": ["March 14th"], "event_name": ["Gloryhammer"]}}}, {"actions": [{"act": "INFORM_INTENT", "canonical_values": ["CheckBalance"], "slot": "intent", "values": ["CheckBalance"]}], "service": "Banks_1", "slots": [], "state": {"active_intent": "CheckBalance", "requested_slots": [], "slot_values": {}}}], "speaker": "USER", "utterance": "That sounds perfect. Can you also check by bank balance?"}, {"frames": [{"actions": [{"act": "REQUEST", "canonical_values": ["checking", "savings"], "slot": "account_type", "values": ["checking", "savings"]}], "service": "Banks_1", "slots": []}], "speaker": "SYSTEM", "utterance": "Sure, which account should I check? Checking or savings?"}, {"frames": [{"actions": [{"act": "INFORM", "canonical_values": ["checking"], "slot": "account_type", "values": ["checking"]}], "service": "Banks_1", "slots": [], "state": {"active_intent": "CheckBalance", "requested_slots": [], "slot_values": {"account_type": ["checking"]}}}], "speaker": "USER", "utterance": "Let's hear the checking account balance."}, {"frames": [{"actions": [{"act": "OFFER", "canonical_values": ["7408.85"], "slot": "balance", "values": ["$7,408.85"]}, {"act": "OFFER", "canonical_values": ["checking"], "slot": "account_type", "values": ["checking"]}], "service": "Banks_1", "service_call": {"method": "CheckBalance", "parameters": {"account_type": "checking"}}, "service_results": [{"account_type": "checking", "balance": "7408.85"}], "slots": [{"exclusive_end": 48, "slot": "balance", "start": 39}]}], "speaker": "SYSTEM", "utterance": "Okay. Your checking account balance is $7,408.85"}, {"frames": [{"actions": [{"act": "INFORM", "canonical_values": ["savings"], "slot": "account_type", "values": ["savings"]}, {"act": "REQUEST_ALTS", "canonical_values": [], "slot": "", "values": []}], "service": "Banks_1", "slots": [], "state": {"active_intent": "CheckBalance", "requested_slots": [], "slot_values": {"account_type": ["savings"]}}}], "speaker": "USER", "utterance": "Okay great. Can you also tell me my savings account balance?"}, {"frames": [{"actions": [{"act": "OFFER", "canonical_values": ["6806.71"], "slot": "balance", "values": ["$6,806.71"]}, {"act": "OFFER", "canonical_values": ["savings"], "slot": "account_type", "values": ["savings"]}], "service": "Banks_1", "service_call": {"method": "CheckBalance", "parameters": {"account_type": "savings"}}, "service_results": [{"account_type": "savings", "balance": "6806.71"}], "slots": [{"exclusive_end": 41, "slot": "balance", "start": 32}]}], "speaker": "SYSTEM", "utterance": "Your savings account balance is $6,806.71."}, {"frames": [{"actions": [{"act": "SELECT", "canonical_values": [], "slot": "", "values": []}], "service": "Banks_1", "slots": [], "state": {"active_intent": "CheckBalance", "requested_slots": [], "slot_values": {"account_type": ["savings"]}}}], "speaker": "USER", "utterance": "Okay thanks."}, {"frames": [{"actions": [{"act": "OFFER_INTENT", "canonical_values": ["TransferMoney"], "slot": "intent", "values": ["TransferMoney"]}], "service": "Banks_1", "slots": []}], "speaker": "SYSTEM", "utterance": "Would you like to transfer any money?"}, {"frames": [{"actions": [{"act": "NEGATE_INTENT", "canonical_values": [], "slot": "", "values": []}], "service": "Banks_1", "slots": [], "state": {"active_intent": "NONE", "requested_slots": [], "slot_values": {"account_type": ["savings"]}}}], "speaker": "USER", "utterance": "No, I don't need to transfer right now."}, {"frames": [{"actions": [{"act": "REQ_MORE", "canonical_values": [], "slot": "", "values": []}], "service": "Banks_1", "slots": []}], "speaker": "SYSTEM", "utterance": "Is there anything else I can help you with?"}, {"frames": [{"actions": [{"act": "INFORM_INTENT", "canonical_values": ["BuyEventTickets"], "slot": "intent", "values": ["BuyEventTickets"]}], "service": "Events_1", "slots": [], "state": {"active_intent": "BuyEventTickets", "requested_slots": [], "slot_values": {"category": ["Music"], "city_of_event": ["LAX"], "date": ["March 14th"], "event_name": ["Gloryhammer"]}}}], "speaker": "USER", "utterance": "Yes, I'd like to buy tickets for that show you found."}, {"frames": [{"actions": [{"act": "REQUEST", "canonical_values": [], "slot": "number_of_seats", "values": []}], "service": "Events_1", "slots": []}], "speaker": "SYSTEM", "utterance": "How many tickets do you need?"}, {"frames": [{"actions": [{"act": "INFORM", "canonical_values": ["1"], "slot": "number_of_seats", "values": ["1"]}], "service": "Events_1", "slots": [], "state": {"active_intent": "BuyEventTickets", "requested_slots": [], "slot_values": {"category": ["Music"], "city_of_event": ["LAX"], "date": ["March 14th"], "event_name": ["Gloryhammer"], "number_of_seats": ["1"]}}}], "speaker": "USER", "utterance": "I just need 1 ticket."}, {"frames": [{"actions": [{"act": "CONFIRM", "canonical_values": ["Gloryhammer"], "slot": "event_name", "values": ["Gloryhammer"]}, {"act": "CONFIRM", "canonical_values": ["1"], "slot": "number_of_seats", "values": ["1"]}, {"act": "CONFIRM", "canonical_values": ["2019-03-14"], "slot": "date", "values": ["March 14th"]}, {"act": "CONFIRM", "canonical_values": ["Los Angeles"], "slot": "city_of_event", "values": ["Los Angeles"]}], "service": "Events_1", "slots": [{"exclusive_end": 77, "slot": "event_name", "start": 66}, {"exclusive_end": 96, "slot": "date", "start": 86}, {"exclusive_end": 111, "slot": "city_of_event", "start": 100}]}], "speaker": "SYSTEM", "utterance": "Okay, let's confirm the details: You want to reserve 1 ticket for Gloryhammer playing March 14th in Los Angeles."}, {"frames": [{"actions": [{"act": "AFFIRM", "canonical_values": [], "slot": "", "values": []}], "service": "Events_1", "slots": [], "state": {"active_intent": "BuyEventTickets", "requested_slots": [], "slot_values": {"category": ["Music"], "city_of_event": ["LAX", "Los Angeles"], "date": ["March 14th"], "event_name": ["Gloryhammer"], "number_of_seats": ["1"]}}}], "speaker": "USER", "utterance": "Yes, that's great."}, {"frames": [{"actions": [{"act": "NOTIFY_SUCCESS", "canonical_values": [], "slot": "", "values": []}], "service": "Events_1", "service_call": {"method": "BuyEventTickets", "parameters": {"city_of_event": "Los Angeles", "date": "2019-03-14", "event_name": "Gloryhammer", "number_of_seats": "1"}}, "service_results": [{"address_of_location": "1720 East 16th Street", "city_of_event": "Los Angeles", "date": "2019-03-14", "event_location": "1720(tm)", "event_name": "Gloryhammer", "number_of_seats": "1", "time": "20:30"}], "slots": []}], "speaker": "SYSTEM", "utterance": "Okay, the reservation is confirmed. Have a great time!"}, {"frames": [{"actions": [{"act": "REQUEST", "canonical_values": [], "slot": "address_of_location", "values": []}], "service": "Events_1", "slots": [], "state": {"active_intent": "BuyEventTickets", "requested_slots": ["address_of_location"], "slot_values": {"category": ["Music"], "city_of_event": ["LAX", "Los Angeles"], "date": ["March 14th"], "event_name": ["Gloryhammer"], "number_of_seats": ["1"]}}}], "speaker": "USER", "utterance": "Can you tell me the address of the theater?"}, {"frames": [{"actions": [{"act": "INFORM", "canonical_values": ["1720 East 16th Street"], "slot": "address_of_location", "values": ["1720 East 16th Street"]}], "service": "Events_1", "slots": [{"exclusive_end": 45, "slot": "address_of_location", "start": 24}]}], "speaker": "SYSTEM", "utterance": "The venue is located at 1720 East 16th Street."}, {"frames": [{"actions": [{"act": "THANK_YOU", "canonical_values": [], "slot": "", "values": []}], "service": "Events_1", "slots": [], "state": {"active_intent": "BuyEventTickets", "requested_slots": [], "slot_values": {"category": ["Music"], "city_of_event": ["LAX", "Los Angeles"], "date": ["March 14th"], "event_name": ["Gloryhammer"], "number_of_seats": ["1"]}}}], "speaker": "USER", "utterance": "Okay, great. Thanks for all your help."}, {"frames": [{"actions": [{"act": "REQ_MORE", "canonical_values": [], "slot": "", "values": []}], "service": "Events_1", "slots": []}], "speaker": "SYSTEM", "utterance": "Is there anything else I can help you with today?"}, {"frames": [{"actions": [{"act": "NEGATE", "canonical_values": [], "slot": "", "values": []}, {"act": "THANK_YOU", "canonical_values": [], "slot": "", "values": []}], "service": "Events_1", "slots": [], "state": {"active_intent": "NONE", "requested_slots": [], "slot_values": {"category": ["Music"], "city_of_event": ["LAX", "Los Angeles"], "date": ["March 14th"], "event_name": ["Gloryhammer"], "number_of_seats": ["1"]}}}], "speaker": "USER", "utterance": "No, thanks again for your help."}, {"frames": [{"actions": [{"act": "GOODBYE", "canonical_values": [], "slot": "", "values": []}], "service": "Events_1", "slots": []}], "speaker": "SYSTEM", "utterance": "Have a great day!"}]}]