[{"dialogue_id": "46_00000", "services": ["Weather_1", "Music_2"], "turns": [{"frames": [{"actions": [{"act": "INFORM", "canonical_values": ["2019-03-01"], "slot": "date", "values": ["March 1st"]}, {"act": "INFORM", "canonical_values": ["Campbell"], "slot": "city", "values": ["Campbell"]}, {"act": "INFORM_INTENT", "canonical_values": ["GetWeather"], "slot": "intent", "values": ["GetWeather"]}], "service": "Weather_1", "slots": [{"exclusive_end": 47, "slot": "date", "start": 38}, {"exclusive_end": 60, "slot": "city", "start": 52}], "state": {"active_intent": "GetWeather", "requested_slots": [], "slot_values": {"city": ["Campbell"], "date": ["March 1st"]}}}], "speaker": "USER", "utterance": "Can you help me check the weather for March 1st for Campbell?"}, {"frames": [{"actions": [{"act": "OFFER", "canonical_values": ["91"], "slot": "temperature", "values": ["91"]}, {"act": "OFFER", "canonical_values": ["4"], "slot": "precipitation", "values": ["4"]}], "service": "Weather_1", "service_call": {"method": "GetWeather", "parameters": {"city": "Campbell", "date": "2019-03-01"}}, "service_results": [{"city": "Campbell", "date": "2019-03-01", "humidity": "18", "precipitation": "4", "temperature": "91", "wind": "9"}], "slots": [{"exclusive_end": 80, "slot": "temperature", "start": 78}, {"exclusive_end": 23, "slot": "precipitation", "start": 22}]}], "speaker": "SYSTEM", "utterance": "Sure. There will be a 4 percent change of rain with an average temperature of 91 degrees Fahrenheit."}, {"frames": [{"actions": [{"act": "SELECT", "canonical_values": [], "slot": "", "values": []}], "service": "Weather_1", "slots": [], "state": {"active_intent": "GetWeather", "requested_slots": [], "slot_values": {"city": ["Campbell"], "date": ["March 1st"]}}}, {"actions": [{"act": "INFORM", "canonical_values": ["Electropop"], "slot": "genre", "values": ["Electropop"]}, {"act": "INFORM", "canonical_values": ["Halsey"], "slot": "artist", "values": ["Halsey"]}, {"act": "INFORM_INTENT", "canonical_values": ["LookupMusic"], "slot": "intent", "values": ["LookupMusic"]}], "service": "Music_2", "slots": [{"exclusive_end": 32, "slot": "genre", "start": 22}, {"exclusive_end": 60, "slot": "artist", "start": 54}], "state": {"active_intent": "LookupMusic", "requested_slots": [], "slot_values": {"artist": ["Halsey"], "genre": ["Electropop"]}}}], "speaker": "USER", "utterance": "OK. Can you find some Electropop songs? I'd like some Halsey."}, {"frames": [{"actions": [{"act": "OFFER", "canonical_values": ["Colors"], "slot": "song_name", "values": ["Colors"]}, {"act": "OFFER", "canonical_values": ["Halsey"], "slot": "artist", "values": ["Halsey"]}, {"act": "OFFER", "canonical_values": ["Badlands"], "slot": "album", "values": ["Badlands"]}], "service": "Music_2", "service_call": {"method": "LookupMusic", "parameters": {"artist": "Halsey", "genre": "Electropop"}}, "service_results": [{"album": "Badlands", "artist": "Halsey", "genre": "Electropop", "song_name": "Colors"}, {"album": "Badlands", "artist": "Halsey", "genre": "Electropop", "song_name": "Control"}, {"album": "Badlands", "artist": "Halsey", "genre": "Electropop", "song_name": "Gasoline"}, {"album": "Badlands", "artist": "Halsey", "genre": "Electropop", "song_name": "Ghost"}, {"album": "Badlands", "artist": "Halsey", "genre": "Electropop", "song_name": "Hurricane"}], "slots": [{"exclusive_end": 31, "slot": "song_name", "start": 25}, {"exclusive_end": 16, "slot": "artist", "start": 10}, {"exclusive_end": 55, "slot": "album", "start": 47}]}], "speaker": "SYSTEM", "utterance": "How about Halsey playing Colors from the album Badlands?"}, {"frames": [{"actions": [{"act": "REQUEST_ALTS", "canonical_values": [], "slot": "", "values": []}], "service": "Music_2", "slots": [], "state": {"active_intent": "LookupMusic", "requested_slots": [], "slot_values": {"artist": ["Halsey"], "genre": ["Electropop"]}}}], "speaker": "USER", "utterance": "Anything else available?"}, {"frames": [{"actions": [{"act": "OFFER", "canonical_values": ["Control"], "slot": "song_name", "values": ["Control"]}, {"act": "OFFER", "canonical_values": ["Halsey"], "slot": "artist", "values": ["Halsey"]}, {"act": "OFFER", "canonical_values": ["Badlands"], "slot": "album", "values": ["Badlands"]}], "service": "Music_2", "slots": [{"exclusive_end": 17, "slot": "song_name", "start": 10}, {"exclusive_end": 27, "slot": "artist", "start": 21}, {"exclusive_end": 51, "slot": "album", "start": 43}]}], "speaker": "SYSTEM", "utterance": "How about Control by Halsey from the album Badlands?"}, {"frames": [{"actions": [{"act": "REQUEST_ALTS", "canonical_values": [], "slot": "", "values": []}], "service": "Music_2", "slots": [], "state": {"active_intent": "LookupMusic", "requested_slots": [], "slot_values": {"artist": ["Halsey"], "genre": ["Electropop"]}}}], "speaker": "USER", "utterance": "Anything else available?"}, {"frames": [{"actions": [{"act": "OFFER", "canonical_values": ["Gasoline"], "slot": "song_name", "values": ["Gasoline"]}, {"act": "OFFER", "canonical_values": ["Halsey"], "slot": "artist", "values": ["Halsey"]}, {"act": "OFFER", "canonical_values": ["Badlands"], "slot": "album", "values": ["Badlands"]}], "service": "Music_2", "slots": [{"exclusive_end": 18, "slot": "song_name", "start": 10}, {"exclusive_end": 28, "slot": "artist", "start": 22}, {"exclusive_end": 52, "slot": "album", "start": 44}]}], "speaker": "SYSTEM", "utterance": "How about Gasoline by Halsey from the album Badlands?"}, {"frames": [{"actions": [{"act": "SELECT", "canonical_values": [], "slot": "", "values": []}], "service": "Music_2", "slots": [], "state": {"active_intent": "LookupMusic", "requested_slots": [], "slot_values": {"artist": ["Halsey"], "genre": ["Electropop"], "song_name": ["Gasoline"]}}}], "speaker": "USER", "utterance": "This one's awesome."}, {"frames": [{"actions": [{"act": "OFFER_INTENT", "canonical_values": ["PlayMedia"], "slot": "intent", "values": ["PlayMedia"]}], "service": "Music_2", "slots": []}], "speaker": "SYSTEM", "utterance": "Do you want me to play it?"}, {"frames": [{"actions": [{"act": "AFFIRM_INTENT", "canonical_values": [], "slot": "", "values": []}, {"act": "INFORM", "canonical_values": ["kitchen speaker"], "slot": "playback_device", "values": ["kitchen speaker"]}], "service": "Music_2", "slots": [], "state": {"active_intent": "PlayMedia", "requested_slots": [], "slot_values": {"artist": ["Halsey"], "genre": ["Electropop"], "playback_device": ["kitchen speaker"], "song_name": ["Gasoline"]}}}], "speaker": "USER", "utterance": "Sure, go ahead and cast it to the kitchen speaker."}, {"frames": [{"actions": [{"act": "CONFIRM", "canonical_values": ["Gasoline"], "slot": "song_name", "values": ["Gasoline"]}, {"act": "CONFIRM", "canonical_values": ["kitchen speaker"], "slot": "playback_device", "values": ["kitchen speaker"]}], "service": "Music_2", "slots": [{"exclusive_end": 56, "slot": "song_name", "start": 48}]}], "speaker": "SYSTEM", "utterance": "Can you please confirm that you want me to play Gasoline on the kitchen speaker?"}, {"frames": [{"actions": [{"act": "INFORM", "canonical_values": ["TV"], "slot": "playback_device", "values": ["TV"]}, {"act": "NEGATE", "canonical_values": [], "slot": "", "values": []}], "service": "Music_2", "slots": [], "state": {"active_intent": "PlayMedia", "requested_slots": [], "slot_values": {"artist": ["Halsey"], "genre": ["Electropop"], "playback_device": ["TV"], "song_name": ["Gasoline"]}}}], "speaker": "USER", "utterance": "On second thought please play it on my tv."}, {"frames": [{"actions": [{"act": "CONFIRM", "canonical_values": ["Gasoline"], "slot": "song_name", "values": ["Gasoline"]}, {"act": "CONFIRM", "canonical_values": ["TV"], "slot": "playback_device", "values": ["TV"]}], "service": "Music_2", "slots": [{"exclusive_end": 49, "slot": "song_name", "start": 41}]}], "speaker": "SYSTEM", "utterance": "Can you confirm that you want me to play Gasoline on TV?"}, {"frames": [{"actions": [{"act": "AFFIRM", "canonical_values": [], "slot": "", "values": []}], "service": "Music_2", "slots": [], "state": {"active_intent": "PlayMedia", "requested_slots": [], "slot_values": {"artist": ["Halsey"], "genre": ["Electropop"], "playback_device": ["TV"], "song_name": ["Gasoline"]}}}], "speaker": "USER", "utterance": "Yes, please do."}, {"frames": [{"actions": [{"act": "NOTIFY_SUCCESS", "canonical_values": [], "slot": "", "values": []}], "service": "Music_2", "service_call": {"method": "PlayMedia", "parameters": {"artist": "Halsey", "playback_device": "TV", "song_name": "Gasoline"}}, "service_results": [{"album": "Badlands", "artist": "Halsey", "genre": "Electropop", "playback_device": "TV", "song_name": "Gasoline"}], "slots": []}], "speaker": "SYSTEM", "utterance": "I've started playing it."}, {"frames": [{"actions": [{"act": "THANK_YOU", "canonical_values": [], "slot": "", "values": []}], "service": "Music_2", "slots": [], "state": {"active_intent": "PlayMedia", "requested_slots": [], "slot_values": {"artist": ["Halsey"], "genre": ["Electropop"], "playback_device": ["TV"], "song_name": ["Gasoline"]}}}], "speaker": "USER", "utterance": "Thanks a lot."}, {"frames": [{"actions": [{"act": "REQ_MORE", "canonical_values": [], "slot": "", "values": []}], "service": "Music_2", "slots": []}], "speaker": "SYSTEM", "utterance": "Is there anything else I can do for you?"}, {"frames": [{"actions": [{"act": "NEGATE", "canonical_values": [], "slot": "", "values": []}, {"act": "THANK_YOU", "canonical_values": [], "slot": "", "values": []}], "service": "Music_2", "slots": [], "state": {"active_intent": "NONE", "requested_slots": [], "slot_values": {"artist": ["Halsey"], "genre": ["Electropop"], "playback_device": ["TV"], "song_name": ["Gasoline"]}}}], "speaker": "USER", "utterance": "No, thanks again."}, {"frames": [{"actions": [{"act": "GOODBYE", "canonical_values": [], "slot": "", "values": []}], "service": "Music_2", "slots": []}], "speaker": "SYSTEM", "utterance": "Have a nice day!"}]}, {"dialogue_id": "46_00001", "services": ["Weather_1", "Music_2"], "turns": [{"frames": [{"actions": [{"act": "INFORM", "canonical_values": ["2019-03-07"], "slot": "date", "values": ["March 7th"]}, {"act": "INFORM_INTENT", "canonical_values": ["GetWeather"], "slot": "intent", "values": ["GetWeather"]}], "service": "Weather_1", "slots": [{"exclusive_end": 37, "slot": "date", "start": 28}], "state": {"active_intent": "GetWeather", "requested_slots": [], "slot_values": {"date": ["March 7th"]}}}], "speaker": "USER", "utterance": "Please check the weather on March 7th."}, {"frames": [{"actions": [{"act": "REQUEST", "canonical_values": [], "slot": "city", "values": []}], "service": "Weather_1", "slots": []}], "speaker": "SYSTEM", "utterance": "For which city?"}, {"frames": [{"actions": [{"act": "INFORM", "canonical_values": ["San Jose"], "slot": "city", "values": ["San Jose"]}], "service": "Weather_1", "slots": [{"exclusive_end": 21, "slot": "city", "start": 13}], "state": {"active_intent": "GetWeather", "requested_slots": [], "slot_values": {"city": ["San Jose"], "date": ["March 7th"]}}}], "speaker": "USER", "utterance": "Please check San Jose."}, {"frames": [{"actions": [{"act": "OFFER", "canonical_values": ["80"], "slot": "temperature", "values": ["80"]}, {"act": "OFFER", "canonical_values": ["29"], "slot": "precipitation", "values": ["29"]}], "service": "Weather_1", "service_call": {"method": "GetWeather", "parameters": {"city": "San Jose", "date": "2019-03-07"}}, "service_results": [{"city": "San Jose", "date": "2019-03-07", "humidity": "48", "precipitation": "29", "temperature": "80", "wind": "6"}], "slots": [{"exclusive_end": 34, "slot": "temperature", "start": 32}, {"exclusive_end": 52, "slot": "precipitation", "start": 50}]}], "speaker": "SYSTEM", "utterance": "The average temperature will be 80 degrees with a 29 percent chance of rain."}, {"frames": [{"actions": [{"act": "SELECT", "canonical_values": [], "slot": "", "values": []}], "service": "Weather_1", "slots": [], "state": {"active_intent": "GetWeather", "requested_slots": [], "slot_values": {"city": ["San Jose"], "date": ["March 7th"]}}}, {"actions": [{"act": "INFORM", "canonical_values": ["Rock"], "slot": "genre", "values": ["rock"]}, {"act": "INFORM", "canonical_values": ["Brunettes Shoot Blondes"], "slot": "artist", "values": ["Brunettes Shoot Blondes"]}, {"act": "INFORM", "canonical_values": ["Bittersweet"], "slot": "album", "values": ["Bittersweet"]}, {"act": "INFORM_INTENT", "canonical_values": ["LookupMusic"], "slot": "intent", "values": ["LookupMusic"]}], "service": "Music_2", "slots": [{"exclusive_end": 30, "slot": "genre", "start": 26}, {"exclusive_end": 69, "slot": "artist", "start": 46}, {"exclusive_end": 88, "slot": "album", "start": 77}], "state": {"active_intent": "LookupMusic", "requested_slots": [], "slot_values": {"album": ["Bittersweet"], "artist": ["Brunettes Shoot Blondes"], "genre": ["rock"]}}}], "speaker": "USER", "utterance": "Okay. Please find me some rock songs like the Brunettes Shoot Blondes in the Bittersweet album."}, {"frames": [{"actions": [{"act": "OFFER", "canonical_values": ["Knock Knock"], "slot": "song_name", "values": ["Knock Knock"]}, {"act": "OFFER", "canonical_values": ["Brunettes Shoot Blondes"], "slot": "artist", "values": ["Brunettes Shoot Blondes"]}, {"act": "OFFER", "canonical_values": ["Bittersweet"], "slot": "album", "values": ["Bittersweet"]}], "service": "Music_2", "service_call": {"method": "LookupMusic", "parameters": {"album": "Bittersweet", "artist": "Brunettes Shoot Blondes", "genre": "Rock"}}, "service_results": [{"album": "Bittersweet", "artist": "Brunettes Shoot Blondes", "genre": "Rock", "song_name": "Knock Knock"}], "slots": [{"exclusive_end": 11, "slot": "song_name", "start": 0}, {"exclusive_end": 42, "slot": "artist", "start": 19}, {"exclusive_end": 64, "slot": "album", "start": 53}]}], "speaker": "SYSTEM", "utterance": "Knock Knock by the Brunettes Shoot Blondes is on the Bittersweet album."}, {"frames": [{"actions": [{"act": "SELECT", "canonical_values": [], "slot": "", "values": []}], "service": "Music_2", "slots": [], "state": {"active_intent": "LookupMusic", "requested_slots": [], "slot_values": {"album": ["Bittersweet"], "artist": ["Brunettes Shoot Blondes"], "genre": ["rock"], "song_name": ["Knock Knock"]}}}], "speaker": "USER", "utterance": "Okay that works."}, {"frames": [{"actions": [{"act": "OFFER_INTENT", "canonical_values": ["PlayMedia"], "slot": "intent", "values": ["PlayMedia"]}], "service": "Music_2", "slots": []}], "speaker": "SYSTEM", "utterance": "Should I play the song?"}, {"frames": [{"actions": [{"act": "AFFIRM_INTENT", "canonical_values": [], "slot": "", "values": []}, {"act": "INFORM", "canonical_values": ["dontcare"], "slot": "playback_device", "values": ["dontcare"]}], "service": "Music_2", "slots": [], "state": {"active_intent": "PlayMedia", "requested_slots": [], "slot_values": {"album": ["Bittersweet"], "artist": ["Brunettes Shoot Blondes"], "genre": ["rock"], "playback_device": ["dontcare"], "song_name": ["Knock Knock"]}}}], "speaker": "USER", "utterance": "Yes. Please play on any device."}, {"frames": [{"actions": [{"act": "CONFIRM", "canonical_values": ["Knock Knock"], "slot": "song_name", "values": ["Knock Knock"]}, {"act": "CONFIRM", "canonical_values": ["TV"], "slot": "playback_device", "values": ["TV"]}], "service": "Music_2", "slots": [{"exclusive_end": 46, "slot": "song_name", "start": 35}]}], "speaker": "SYSTEM", "utterance": "Please confirm you want me to play Knock Knock on the TV."}, {"frames": [{"actions": [{"act": "AFFIRM", "canonical_values": [], "slot": "", "values": []}], "service": "Music_2", "slots": [], "state": {"active_intent": "PlayMedia", "requested_slots": [], "slot_values": {"album": ["Bittersweet"], "artist": ["Brunettes Shoot Blondes"], "genre": ["rock"], "playback_device": ["dontcare"], "song_name": ["Knock Knock"]}}}], "speaker": "USER", "utterance": "Yes. Thank you."}, {"frames": [{"actions": [{"act": "NOTIFY_SUCCESS", "canonical_values": [], "slot": "", "values": []}], "service": "Music_2", "service_call": {"method": "PlayMedia", "parameters": {"artist": "Brunettes Shoot Blondes", "song_name": "Knock Knock"}}, "service_results": [{"album": "Bittersweet", "artist": "Brunettes Shoot Blondes", "genre": "Rock", "playback_device": "kitchen speaker", "song_name": "Knock Knock"}], "slots": []}], "speaker": "SYSTEM", "utterance": "The song has started."}, {"frames": [{"actions": [{"act": "THANK_YOU", "canonical_values": [], "slot": "", "values": []}], "service": "Music_2", "slots": [], "state": {"active_intent": "PlayMedia", "requested_slots": [], "slot_values": {"album": ["Bittersweet"], "artist": ["Brunettes Shoot Blondes"], "genre": ["rock"], "playback_device": ["dontcare"], "song_name": ["Knock Knock"]}}}], "speaker": "USER", "utterance": "Thanks so much."}, {"frames": [{"actions": [{"act": "REQ_MORE", "canonical_values": [], "slot": "", "values": []}], "service": "Music_2", "slots": []}], "speaker": "SYSTEM", "utterance": "Is there anything else I can do for you?"}, {"frames": [{"actions": [{"act": "NEGATE", "canonical_values": [], "slot": "", "values": []}, {"act": "THANK_YOU", "canonical_values": [], "slot": "", "values": []}], "service": "Music_2", "slots": [], "state": {"active_intent": "NONE", "requested_slots": [], "slot_values": {"album": ["Bittersweet"], "artist": ["Brunettes Shoot Blondes"], "genre": ["rock"], "playback_device": ["dontcare"], "song_name": ["Knock Knock"]}}}], "speaker": "USER", "utterance": "No. That will be all."}, {"frames": [{"actions": [{"act": "GOODBYE", "canonical_values": [], "slot": "", "values": []}], "service": "Music_2", "slots": []}], "speaker": "SYSTEM", "utterance": "Okay. Please enjoy your day."}]}, {"dialogue_id": "46_00002", "services": ["Weather_1", "Music_2"], "turns": [{"frames": [{"actions": [{"act": "INFORM", "canonical_values": ["2019-03-07"], "slot": "date", "values": ["the 7th"]}, {"act": "INFORM_INTENT", "canonical_values": ["GetWeather"], "slot": "intent", "values": ["GetWeather"]}], "service": "Weather_1", "slots": [{"exclusive_end": 39, "slot": "date", "start": 32}], "state": {"active_intent": "GetWeather", "requested_slots": [], "slot_values": {"date": ["the 7th"]}}}], "speaker": "USER", "utterance": "I need the weather forecast for the 7th."}, {"frames": [{"actions": [{"act": "REQUEST", "canonical_values": [], "slot": "city", "values": []}], "service": "Weather_1", "slots": []}], "speaker": "SYSTEM", "utterance": "What city would you like to check the weather?"}, {"frames": [{"actions": [{"act": "INFORM", "canonical_values": ["Mexico City"], "slot": "city", "values": ["Ciudad de Mexico"]}], "service": "Weather_1", "slots": [{"exclusive_end": 29, "slot": "city", "start": 13}], "state": {"active_intent": "GetWeather", "requested_slots": [], "slot_values": {"city": ["Ciudad de Mexico"], "date": ["the 7th"]}}}], "speaker": "USER", "utterance": "Please check Ciudad de Mexico"}, {"frames": [{"actions": [{"act": "OFFER", "canonical_values": ["93"], "slot": "temperature", "values": ["93"]}, {"act": "OFFER", "canonical_values": ["6"], "slot": "precipitation", "values": ["6"]}], "service": "Weather_1", "service_call": {"method": "GetWeather", "parameters": {"city": "Mexico City", "date": "2019-03-07"}}, "service_results": [{"city": "Mexico City", "date": "2019-03-07", "humidity": "24", "precipitation": "6", "temperature": "93", "wind": "5"}], "slots": [{"exclusive_end": 90, "slot": "temperature", "start": 88}, {"exclusive_end": 25, "slot": "precipitation", "start": 24}]}], "speaker": "SYSTEM", "utterance": "For that day there is a 6 percent chaning of rain and the average temperature should be 93 degrees Fahrenheit."}, {"frames": [{"actions": [{"act": "REQUEST", "canonical_values": [], "slot": "wind", "values": []}, {"act": "REQUEST", "canonical_values": [], "slot": "humidity", "values": []}], "service": "Weather_1", "slots": [], "state": {"active_intent": "GetWeather", "requested_slots": ["humidity", "wind"], "slot_values": {"city": ["Ciudad de Mexico"], "date": ["the 7th"]}}}], "speaker": "USER", "utterance": "What will the humidity be? Will it be windy?"}, {"frames": [{"actions": [{"act": "INFORM", "canonical_values": ["24"], "slot": "humidity", "values": ["24"]}, {"act": "INFORM", "canonical_values": ["5"], "slot": "wind", "values": ["5"]}], "service": "Weather_1", "slots": [{"exclusive_end": 30, "slot": "humidity", "start": 28}, {"exclusive_end": 67, "slot": "wind", "start": 66}]}], "speaker": "SYSTEM", "utterance": "The humidity will be around 24 percent and the average wind speed 5 miles per hour."}, {"frames": [{"actions": [{"act": "SELECT", "canonical_values": [], "slot": "", "values": []}], "service": "Weather_1", "slots": [], "state": {"active_intent": "GetWeather", "requested_slots": [], "slot_values": {"city": ["Ciudad de Mexico"], "date": ["the 7th"]}}}, {"actions": [{"act": "INFORM_INTENT", "canonical_values": ["LookupMusic"], "slot": "intent", "values": ["LookupMusic"]}], "service": "Music_2", "slots": [], "state": {"active_intent": "LookupMusic", "requested_slots": [], "slot_values": {}}}], "speaker": "USER", "utterance": "Thanks. Can you sind some songs for me?"}, {"frames": [{"actions": [{"act": "OFFER", "canonical_values": ["Stitches"], "slot": "song_name", "values": ["Stitches"]}, {"act": "OFFER", "canonical_values": ["Shawn Mendes"], "slot": "artist", "values": ["Shawn Mendes"]}, {"act": "OFFER", "canonical_values": ["Handwritten"], "slot": "album", "values": ["Handwritten"]}, {"act": "INFORM_COUNT", "canonical_values": ["10"], "slot": "count", "values": ["10"]}], "service": "Music_2", "service_call": {"method": "LookupMusic", "parameters": {}}, "service_results": [{"album": "Handwritten", "artist": "Shawn Mendes", "genre": "Pop", "song_name": "Stitches"}, {"album": "Sinner", "artist": "Aaron Lewis", "genre": "Country", "song_name": "Lost And Lonely"}, {"album": "Yours", "artist": "Isak Danielson", "genre": "Pop", "song_name": "Broken"}, {"album": "Coming Home", "artist": "Kristin Chenoweth", "genre": "Pop", "song_name": "Maybe This Time"}, {"album": "Where We Come From", "artist": "Popcaan", "genre": "Reggae", "song_name": "Everything Nice"}, {"album": "The Black", "artist": "Asking Alexandria", "genre": "Metalcore", "song_name": "The Black"}, {"album": "Lee Brice", "artist": "Lee Brice", "genre": "Country", "song_name": "Rumor"}, {"album": "Telling All My Secrets", "artist": "Mitchell Tenpenny", "genre": "Country", "song_name": "Drunk Me"}, {"album": "Higher", "artist": "Albert Posis", "genre": "Pop", "song_name": "Serendipity"}, {"album": "Vessel", "artist": "Twenty One Pilots", "genre": "Pop", "song_name": "Truce"}], "slots": [{"exclusive_end": 38, "slot": "song_name", "start": 30}, {"exclusive_end": 54, "slot": "artist", "start": 42}, {"exclusive_end": 79, "slot": "album", "start": 68}]}], "speaker": "SYSTEM", "utterance": "I found 10 songs. Do you like Stitches by Shawn Mendes on the album Handwritten?"}, {"frames": [{"actions": [{"act": "INFORM_INTENT", "canonical_values": ["PlayMedia"], "slot": "intent", "values": ["PlayMedia"]}, {"act": "SELECT", "canonical_values": [], "slot": "", "values": []}], "service": "Music_2", "slots": [], "state": {"active_intent": "PlayMedia", "requested_slots": [], "slot_values": {"song_name": ["Stitches"]}}}], "speaker": "USER", "utterance": "That sounds great. Please play the song."}, {"frames": [{"actions": [{"act": "CONFIRM", "canonical_values": ["Stitches"], "slot": "song_name", "values": ["Stitches"]}, {"act": "CONFIRM", "canonical_values": ["TV"], "slot": "playback_device", "values": ["TV"]}], "service": "Music_2", "slots": [{"exclusive_end": 29, "slot": "song_name", "start": 21}]}], "speaker": "SYSTEM", "utterance": "Please confirm: play Stitches on the TV."}, {"frames": [{"actions": [{"act": "REQUEST", "canonical_values": [], "slot": "genre", "values": []}, {"act": "AFFIRM", "canonical_values": [], "slot": "", "values": []}], "service": "Music_2", "slots": [], "state": {"active_intent": "PlayMedia", "requested_slots": ["genre"], "slot_values": {"playback_device": ["TV"], "song_name": ["Stitches"]}}}], "speaker": "USER", "utterance": "That is correct. What genre is that?"}, {"frames": [{"actions": [{"act": "INFORM", "canonical_values": ["Pop"], "slot": "genre", "values": ["pop"]}, {"act": "NOTIFY_SUCCESS", "canonical_values": [], "slot": "", "values": []}], "service": "Music_2", "service_call": {"method": "PlayMedia", "parameters": {"playback_device": "TV", "song_name": "Stitches"}}, "service_results": [{"album": "Handwritten", "artist": "Shawn Mendes", "genre": "Pop", "playback_device": "TV", "song_name": "Stitches"}], "slots": [{"exclusive_end": 35, "slot": "genre", "start": 32}]}], "speaker": "SYSTEM", "utterance": "The song is now playing. It's a pop song."}, {"frames": [{"actions": [{"act": "THANK_YOU", "canonical_values": [], "slot": "", "values": []}], "service": "Music_2", "slots": [], "state": {"active_intent": "PlayMedia", "requested_slots": [], "slot_values": {"playback_device": ["TV"], "song_name": ["Stitches"]}}}], "speaker": "USER", "utterance": "Thanks."}, {"frames": [{"actions": [{"act": "REQ_MORE", "canonical_values": [], "slot": "", "values": []}], "service": "Music_2", "slots": []}], "speaker": "SYSTEM", "utterance": "Can I assist you with something else?"}, {"frames": [{"actions": [{"act": "NEGATE", "canonical_values": [], "slot": "", "values": []}, {"act": "THANK_YOU", "canonical_values": [], "slot": "", "values": []}], "service": "Music_2", "slots": [], "state": {"active_intent": "NONE", "requested_slots": [], "slot_values": {"playback_device": ["TV"], "song_name": ["Stitches"]}}}], "speaker": "USER", "utterance": "No thanks."}, {"frames": [{"actions": [{"act": "GOODBYE", "canonical_values": [], "slot": "", "values": []}], "service": "Music_2", "slots": []}], "speaker": "SYSTEM", "utterance": "Enjoy your day."}]}, {"dialogue_id": "46_00003", "services": ["Weather_1", "Music_2"], "turns": [{"frames": [{"actions": [{"act": "INFORM", "canonical_values": ["Paris"], "slot": "city", "values": ["Paris, France"]}, {"act": "INFORM_INTENT", "canonical_values": ["GetWeather"], "slot": "intent", "values": ["GetWeather"]}], "service": "Weather_1", "slots": [{"exclusive_end": 42, "slot": "city", "start": 29}], "state": {"active_intent": "GetWeather", "requested_slots": [], "slot_values": {"city": ["Paris, France"]}}}], "speaker": "USER", "utterance": "Can you check the weather in Paris, France for me?"}, {"frames": [{"actions": [{"act": "OFFER", "canonical_values": ["77"], "slot": "temperature", "values": ["77"]}, {"act": "OFFER", "canonical_values": ["26"], "slot": "precipitation", "values": ["26"]}], "service": "Weather_1", "service_call": {"method": "GetWeather", "parameters": {"city": "Paris"}}, "service_results": [{"city": "Paris", "date": "2019-03-01", "humidity": "32", "precipitation": "26", "temperature": "77", "wind": "7"}], "slots": [{"exclusive_end": 53, "slot": "temperature", "start": 51}, {"exclusive_end": 91, "slot": "precipitation", "start": 89}]}], "speaker": "SYSTEM", "utterance": "The average temperature in Paris, France should be 77 degrees Farenheit. There is also a 26 percent chance of rain."}, {"frames": [{"actions": [{"act": "SELECT", "canonical_values": [], "slot": "", "values": []}], "service": "Weather_1", "slots": [], "state": {"active_intent": "GetWeather", "requested_slots": [], "slot_values": {"city": ["Paris, France"]}}}, {"actions": [{"act": "INFORM_INTENT", "canonical_values": ["LookupMusic"], "slot": "intent", "values": ["LookupMusic"]}], "service": "Music_2", "slots": [], "state": {"active_intent": "LookupMusic", "requested_slots": [], "slot_values": {}}}], "speaker": "USER", "utterance": "Okay. Can you find me some songs to listen to?"}, {"frames": [{"actions": [{"act": "OFFER", "canonical_values": ["Stay"], "slot": "song_name", "values": ["Stay"]}, {"act": "OFFER", "canonical_values": ["Rihanna"], "slot": "artist", "values": ["Rihanna"]}, {"act": "OFFER", "canonical_values": ["Unapologetic"], "slot": "album", "values": ["Unapologetic"]}, {"act": "INFORM_COUNT", "canonical_values": ["10"], "slot": "count", "values": ["10"]}], "service": "Music_2", "service_call": {"method": "LookupMusic", "parameters": {}}, "service_results": [{"album": "Unapologetic", "artist": "Rihanna", "genre": "Pop", "song_name": "Stay"}, {"album": "Blastoff Blues", "artist": "Ricky T And The Rockets", "genre": "Blues", "song_name": "Memory Pain"}, {"album": "Heroes", "artist": "Sabaton", "genre": "Metal", "song_name": "No Bullets Fly"}, {"album": "Ancient Future", "artist": "Protoje", "genre": "Reggae", "song_name": "Who Knows"}, {"album": "Just Gonna Send It", "artist": "Katie Noel", "genre": "Country", "song_name": "Diesel Gang"}, {"album": "The End Is Where We Begin", "artist": "Thousand Foot Krutch", "genre": "Rock", "song_name": "Courtesy Call"}, {"album": "Gravity", "artist": "Jason Chen", "genre": "Pop", "song_name": "Best Friend"}, {"album": "Visions", "artist": "Grimes", "genre": "Electropop", "song_name": "Oblivion"}, {"album": "Climate Change", "artist": "Pitbull", "genre": "Pop", "song_name": "Options"}, {"album": "The Getaway", "artist": "Red Hot Chili Peppers", "genre": "Pop", "song_name": "Goodbye Angels"}], "slots": [{"exclusive_end": 47, "slot": "song_name", "start": 43}, {"exclusive_end": 58, "slot": "artist", "start": 51}, {"exclusive_end": 93, "slot": "album", "start": 81}]}], "speaker": "SYSTEM", "utterance": "Sure. I found 10 songs for you. What about Stay by Rihanna? It is from the album Unapologetic."}, {"frames": [{"actions": [{"act": "INFORM", "canonical_values": ["Lorde"], "slot": "artist", "values": ["Lorde"]}, {"act": "REQUEST_ALTS", "canonical_values": [], "slot": "", "values": []}], "service": "Music_2", "slots": [{"exclusive_end": 43, "slot": "artist", "start": 38}], "state": {"active_intent": "LookupMusic", "requested_slots": [], "slot_values": {"artist": ["Lorde"]}}}], "speaker": "USER", "utterance": "Anything else? I really like songs by Lorde."}, {"frames": [{"actions": [{"act": "OFFER", "canonical_values": ["Buzzcut Season"], "slot": "song_name", "values": ["Buzzcut Season"]}, {"act": "OFFER", "canonical_values": ["Lorde"], "slot": "artist", "values": ["Lorde"]}, {"act": "OFFER", "canonical_values": ["Pure Heroine"], "slot": "album", "values": ["Pure Heroine"]}, {"act": "INFORM_COUNT", "canonical_values": ["4"], "slot": "count", "values": ["4"]}], "service": "Music_2", "service_call": {"method": "LookupMusic", "parameters": {"artist": "Lorde"}}, "service_results": [{"album": "Pure Heroine", "artist": "Lorde", "genre": "Electropop", "song_name": "Buzzcut Season"}, {"album": "Melodrama", "artist": "Lorde", "genre": "Electropop", "song_name": "Supercut"}, {"album": "Pure Heroine", "artist": "Lorde", "genre": "Electropop", "song_name": "Team"}, {"album": "Pure Heroine", "artist": "Lorde", "genre": "Electropop", "song_name": "Tennis Court"}], "slots": [{"exclusive_end": 50, "slot": "song_name", "start": 36}, {"exclusive_end": 24, "slot": "artist", "start": 19}, {"exclusive_end": 78, "slot": "album", "start": 66}]}], "speaker": "SYSTEM", "utterance": "I found 4 songs by Lorde. How about Buzzcut Season from the album Pure Heroine?"}, {"frames": [{"actions": [{"act": "INFORM_INTENT", "canonical_values": ["PlayMedia"], "slot": "intent", "values": ["PlayMedia"]}, {"act": "SELECT", "canonical_values": [], "slot": "", "values": []}], "service": "Music_2", "slots": [], "state": {"active_intent": "PlayMedia", "requested_slots": [], "slot_values": {"artist": ["Lorde"], "song_name": ["Buzzcut Season"]}}}], "speaker": "USER", "utterance": "Great, can you play this song?"}, {"frames": [{"actions": [{"act": "CONFIRM", "canonical_values": ["Buzzcut Season"], "slot": "song_name", "values": ["Buzzcut Season"]}, {"act": "CONFIRM", "canonical_values": ["TV"], "slot": "playback_device", "values": ["TV"]}], "service": "Music_2", "slots": [{"exclusive_end": 50, "slot": "song_name", "start": 36}]}], "speaker": "SYSTEM", "utterance": "Confirming that you want me to play Buzzcut Season on the TV?"}, {"frames": [{"actions": [{"act": "REQUEST", "canonical_values": [], "slot": "genre", "values": []}, {"act": "AFFIRM", "canonical_values": [], "slot": "", "values": []}], "service": "Music_2", "slots": [], "state": {"active_intent": "PlayMedia", "requested_slots": ["genre"], "slot_values": {"artist": ["Lorde"], "playback_device": ["TV"], "song_name": ["Buzzcut Season"]}}}], "speaker": "USER", "utterance": "Yes. What type of song is this?"}, {"frames": [{"actions": [{"act": "INFORM", "canonical_values": ["Electropop"], "slot": "genre", "values": ["Electropop"]}, {"act": "NOTIFY_SUCCESS", "canonical_values": [], "slot": "", "values": []}], "service": "Music_2", "service_call": {"method": "PlayMedia", "parameters": {"artist": "Lorde", "playback_device": "TV", "song_name": "Buzzcut Season"}}, "service_results": [{"album": "Pure Heroine", "artist": "Lorde", "genre": "Electropop", "playback_device": "TV", "song_name": "Buzzcut Season"}], "slots": [{"exclusive_end": 19, "slot": "genre", "start": 9}]}], "speaker": "SYSTEM", "utterance": "It is an Electropop song. Your song is starting."}, {"frames": [{"actions": [{"act": "THANK_YOU", "canonical_values": [], "slot": "", "values": []}], "service": "Music_2", "slots": [], "state": {"active_intent": "PlayMedia", "requested_slots": [], "slot_values": {"artist": ["Lorde"], "playback_device": ["TV"], "song_name": ["Buzzcut Season"]}}}], "speaker": "USER", "utterance": "Thank you."}, {"frames": [{"actions": [{"act": "REQ_MORE", "canonical_values": [], "slot": "", "values": []}], "service": "Music_2", "slots": []}], "speaker": "SYSTEM", "utterance": "Can I help you with anything else?"}, {"frames": [{"actions": [{"act": "NEGATE", "canonical_values": [], "slot": "", "values": []}, {"act": "THANK_YOU", "canonical_values": [], "slot": "", "values": []}], "service": "Music_2", "slots": [], "state": {"active_intent": "NONE", "requested_slots": [], "slot_values": {"artist": ["Lorde"], "playback_device": ["TV"], "song_name": ["Buzzcut Season"]}}}], "speaker": "USER", "utterance": "No, thank you."}, {"frames": [{"actions": [{"act": "GOODBYE", "canonical_values": [], "slot": "", "values": []}], "service": "Music_2", "slots": []}], "speaker": "SYSTEM", "utterance": "You're welcome. Have a nice day."}]}, {"dialogue_id": "46_00004", "services": ["Weather_1", "Music_2"], "turns": [{"frames": [{"actions": [{"act": "INFORM", "canonical_values": ["Millbrae"], "slot": "city", "values": ["Millbrae"]}, {"act": "INFORM", "canonical_values": ["2019-03-06"], "slot": "date", "values": ["March 6th"]}, {"act": "INFORM_INTENT", "canonical_values": ["GetWeather"], "slot": "intent", "values": ["GetWeather"]}], "service": "Weather_1", "slots": [{"exclusive_end": 21, "slot": "city", "start": 13}, {"exclusive_end": 75, "slot": "date", "start": 66}], "state": {"active_intent": "GetWeather", "requested_slots": [], "slot_values": {"city": ["Millbrae"], "date": ["March 6th"]}}}], "speaker": "USER", "utterance": "I will go to Millbrae soon. Can you check the weather in there on March 6th?"}, {"frames": [{"actions": [{"act": "OFFER", "canonical_values": ["88"], "slot": "temperature", "values": ["88"]}, {"act": "OFFER", "canonical_values": ["8"], "slot": "precipitation", "values": ["8"]}], "service": "Weather_1", "service_call": {"method": "GetWeather", "parameters": {"city": "Millbrae", "date": "2019-03-06"}}, "service_results": [{"city": "Millbrae", "date": "2019-03-06", "humidity": "21", "precipitation": "8", "temperature": "88", "wind": "6"}], "slots": [{"exclusive_end": 33, "slot": "temperature", "start": 31}, {"exclusive_end": 61, "slot": "precipitation", "start": 60}]}], "speaker": "SYSTEM", "utterance": "The temperature will be around 88 degrees Fahrenheit with a 8 percent chance of raining."}, {"frames": [{"actions": [{"act": "SELECT", "canonical_values": [], "slot": "", "values": []}], "service": "Weather_1", "slots": [], "state": {"active_intent": "GetWeather", "requested_slots": [], "slot_values": {"city": ["Millbrae"], "date": ["March 6th"]}}}, {"actions": [{"act": "INFORM_INTENT", "canonical_values": ["LookupMusic"], "slot": "intent", "values": ["LookupMusic"]}], "service": "Music_2", "slots": [], "state": {"active_intent": "LookupMusic", "requested_slots": [], "slot_values": {}}}], "speaker": "USER", "utterance": "That seems nice. Could you play me a song?"}, {"frames": [{"actions": [{"act": "OFFER", "canonical_values": ["The Zombie Song"], "slot": "song_name", "values": ["The Zombie Song"]}, {"act": "OFFER", "canonical_values": ["Stephanie Mabey"], "slot": "artist", "values": ["Stephanie Mabey"]}, {"act": "OFFER", "canonical_values": ["Wake Up Dreaming"], "slot": "album", "values": ["Wake Up Dreaming"]}, {"act": "INFORM_COUNT", "canonical_values": ["10"], "slot": "count", "values": ["10"]}], "service": "Music_2", "service_call": {"method": "LookupMusic", "parameters": {}}, "service_results": [{"album": "Wake Up Dreaming", "artist": "Stephanie Mabey", "genre": "Pop", "song_name": "The Zombie Song"}, {"album": "Lindsey Stirling", "artist": "Lindsey Stirling", "genre": "Pop", "song_name": "Crystallize"}, {"album": "Home State", "artist": "Jordan Davis", "genre": "Country", "song_name": "Singles You Up"}, {"album": "Caroline", "artist": "Citizen Soldier", "genre": "Rock", "song_name": "Let It Burn"}, {"album": "In A Truck Right Now", "artist": "Riley Green", "genre": "Country", "song_name": "There Was This Girl"}, {"album": "Get Weird", "artist": "Little Mix", "genre": "Pop", "song_name": "Love Me Like You"}, {"album": "Icarus Falls", "artist": "Zayn Malik", "genre": "Pop", "song_name": "There You Are"}, {"album": "Dangerous Woman", "artist": "Ariana Grande", "genre": "Pop", "song_name": "Dangerous Woman"}, {"album": "Center Point Road", "artist": "Thomas Rhett", "genre": "Country", "song_name": "Look What God Gave Her"}, {"album": "Southeastern", "artist": "Jason Isbell", "genre": "Alternative Country", "song_name": "Cover Me Up"}], "slots": [{"exclusive_end": 68, "slot": "song_name", "start": 53}, {"exclusive_end": 87, "slot": "artist", "start": 72}, {"exclusive_end": 119, "slot": "album", "start": 103}]}], "speaker": "SYSTEM", "utterance": "There are 10 songs for you. Do you want to reproduce The Zombie Song by Stephanie Mabey from the album Wake Up Dreaming?"}, {"frames": [{"actions": [{"act": "SELECT", "canonical_values": [], "slot": "", "values": []}], "service": "Music_2", "slots": [], "state": {"active_intent": "LookupMusic", "requested_slots": [], "slot_values": {"song_name": ["The Zombie Song"]}}}], "speaker": "USER", "utterance": "Sure, that sounds great."}, {"frames": [{"actions": [{"act": "OFFER_INTENT", "canonical_values": ["PlayMedia"], "slot": "intent", "values": ["PlayMedia"]}], "service": "Music_2", "slots": []}], "speaker": "SYSTEM", "utterance": "Do you want to reproduce it?"}, {"frames": [{"actions": [{"act": "AFFIRM_INTENT", "canonical_values": [], "slot": "", "values": []}], "service": "Music_2", "slots": [], "state": {"active_intent": "PlayMedia", "requested_slots": [], "slot_values": {"song_name": ["The Zombie Song"]}}}], "speaker": "USER", "utterance": "Yes, please play it."}, {"frames": [{"actions": [{"act": "CONFIRM", "canonical_values": ["The Zombie Song"], "slot": "song_name", "values": ["The Zombie Song"]}, {"act": "CONFIRM", "canonical_values": ["TV"], "slot": "playback_device", "values": ["TV"]}], "service": "Music_2", "slots": [{"exclusive_end": 39, "slot": "song_name", "start": 24}]}], "speaker": "SYSTEM", "utterance": "Please confirm: Playing The Zombie Song on the TV."}, {"frames": [{"actions": [{"act": "INFORM", "canonical_values": ["bedroom speaker"], "slot": "playback_device", "values": ["bedroom speaker"]}, {"act": "NEGATE", "canonical_values": [], "slot": "", "values": []}], "service": "Music_2", "slots": [], "state": {"active_intent": "PlayMedia", "requested_slots": [], "slot_values": {"playback_device": ["bedroom speaker"], "song_name": ["The Zombie Song"]}}}], "speaker": "USER", "utterance": "No, play it on the speaker in the bedroom."}, {"frames": [{"actions": [{"act": "CONFIRM", "canonical_values": ["The Zombie Song"], "slot": "song_name", "values": ["The Zombie Song"]}, {"act": "CONFIRM", "canonical_values": ["bedroom speaker"], "slot": "playback_device", "values": ["bedroom speaker"]}], "service": "Music_2", "slots": [{"exclusive_end": 39, "slot": "song_name", "start": 24}]}], "speaker": "SYSTEM", "utterance": "Please confirm: Playing The Zombie Song on the bedroom speaker."}, {"frames": [{"actions": [{"act": "REQUEST", "canonical_values": [], "slot": "genre", "values": []}, {"act": "AFFIRM", "canonical_values": [], "slot": "", "values": []}], "service": "Music_2", "slots": [], "state": {"active_intent": "PlayMedia", "requested_slots": ["genre"], "slot_values": {"playback_device": ["bedroom speaker"], "song_name": ["The Zombie Song"]}}}], "speaker": "USER", "utterance": "That is correct. What is the genre of the song?"}, {"frames": [{"actions": [{"act": "INFORM", "canonical_values": ["Pop"], "slot": "genre", "values": ["Pop"]}, {"act": "NOTIFY_SUCCESS", "canonical_values": [], "slot": "", "values": []}], "service": "Music_2", "service_call": {"method": "PlayMedia", "parameters": {"playback_device": "bedroom speaker", "song_name": "The Zombie Song"}}, "service_results": [{"album": "Wake Up Dreaming", "artist": "Stephanie Mabey", "genre": "Pop", "playback_device": "bedroom speaker", "song_name": "The Zombie Song"}], "slots": [{"exclusive_end": 25, "slot": "genre", "start": 22}]}], "speaker": "SYSTEM", "utterance": "Playing song. It is a Pop song."}, {"frames": [{"actions": [{"act": "THANK_YOU", "canonical_values": [], "slot": "", "values": []}], "service": "Music_2", "slots": [], "state": {"active_intent": "PlayMedia", "requested_slots": [], "slot_values": {"playback_device": ["bedroom speaker"], "song_name": ["The Zombie Song"]}}}], "speaker": "USER", "utterance": "Thanks a lot."}, {"frames": [{"actions": [{"act": "REQ_MORE", "canonical_values": [], "slot": "", "values": []}], "service": "Music_2", "slots": []}], "speaker": "SYSTEM", "utterance": "Is there anything else I can help you with?"}, {"frames": [{"actions": [{"act": "NEGATE", "canonical_values": [], "slot": "", "values": []}, {"act": "THANK_YOU", "canonical_values": [], "slot": "", "values": []}], "service": "Music_2", "slots": [], "state": {"active_intent": "NONE", "requested_slots": [], "slot_values": {"playback_device": ["bedroom speaker"], "song_name": ["The Zombie Song"]}}}], "speaker": "USER", "utterance": "No, that would be all."}, {"frames": [{"actions": [{"act": "GOODBYE", "canonical_values": [], "slot": "", "values": []}], "service": "Music_2", "slots": []}], "speaker": "SYSTEM", "utterance": "Have a great day."}]}]