[{"dialogue_id": "20_00000", "services": ["Hotels_4", "RentalCars_3"], "turns": [{"frames": [{"actions": [{"act": "INFORM_INTENT", "canonical_values": ["SearchHotel"], "slot": "intent", "values": ["SearchHotel"]}], "service": "Hotels_4", "slots": [], "state": {"active_intent": "SearchHotel", "requested_slots": [], "slot_values": {}}}], "speaker": "USER", "utterance": "Can you find me a hotel?"}, {"frames": [{"actions": [{"act": "REQUEST", "canonical_values": [], "slot": "location", "values": []}], "service": "Hotels_4", "slots": []}], "speaker": "SYSTEM", "utterance": "Which city do you want me to search for the hotel?"}, {"frames": [{"actions": [{"act": "INFORM", "canonical_values": ["Sydney"], "slot": "location", "values": ["Sydney, Australia"]}], "service": "Hotels_4", "slots": [{"exclusive_end": 36, "slot": "location", "start": 19}], "state": {"active_intent": "SearchHotel", "requested_slots": [], "slot_values": {"location": ["Sydney, Australia"]}}}], "speaker": "USER", "utterance": "Find me a hotel in Sydney, Australia."}, {"frames": [{"actions": [{"act": "OFFER", "canonical_values": ["1831 Boutique Hotel"], "slot": "place_name", "values": ["1831 Boutique Hotel"]}, {"act": "OFFER", "canonical_values": ["3"], "slot": "star_rating", "values": ["3"]}], "service": "Hotels_4", "service_call": {"method": "SearchHotel", "parameters": {"location": "Sydney"}}, "service_results": [{"location": "Sydney", "number_of_rooms": "3", "phone_number": "+61 2 9265 8888", "place_name": "1831 Boutique Hotel", "price_per_night": "225", "smoking_allowed": "True", "star_rating": "3", "street_address": "631-635 George Street"}, {"location": "Sydney", "number_of_rooms": "2", "phone_number": "+61 2 9102 2828", "place_name": "28 Hotel Sydney", "price_per_night": "312", "smoking_allowed": "False", "star_rating": "4", "street_address": "28 Regent Street, Chippendale New South Wales 2008, Australia"}, {"location": "Sydney", "number_of_rooms": "2", "phone_number": "+61 2 9011 5757", "place_name": "57 Hotel", "price_per_night": "272", "smoking_allowed": "False", "star_rating": "4", "street_address": "57 Foveaux Street, Surry Hills New South Wales 2010, Australia"}, {"location": "Sydney", "number_of_rooms": "3", "phone_number": "+61 2 9300 4800", "place_name": "Adina Apartment Hotel Bondi Beach Sydney", "price_per_night": "408", "smoking_allowed": "False", "star_rating": "4", "street_address": "69/73 Hall Street, Bondi Beach New South Wales 2026, Australia"}, {"location": "Sydney", "number_of_rooms": "1", "phone_number": "+61 2 9578 6000", "place_name": "Adina Apartment Hotel Coogee Sydney", "price_per_night": "84", "smoking_allowed": "False", "star_rating": "4", "street_address": "183 Coogee Bay Road, Coogee New South Wales 2034, Australia"}, {"location": "Sydney", "number_of_rooms": "1", "phone_number": "+61 2 9381 2000", "place_name": "Adina Apartment Hotel Sydney Airport", "price_per_night": "132", "smoking_allowed": "False", "star_rating": "4", "street_address": "17 Bourke Road, Mascot New South Wales 2020, Australia"}, {"location": "Sydney", "number_of_rooms": "3", "phone_number": "+61 2 8396 9800", "place_name": "Adina Apartment Hotel Sydney Central", "price_per_night": "252", "smoking_allowed": "False", "star_rating": "4", "street_address": "2 Lee Street, Haymarket New South Wales 2000, Australia"}, {"location": "Sydney", "number_of_rooms": "3", "phone_number": "+61 2 9249 7000", "place_name": "Adina Apartment Hotel Sydney Darling Harbour", "price_per_night": "432", "smoking_allowed": "True", "star_rating": "4", "street_address": "55 Shelley Street"}, {"location": "Sydney", "number_of_rooms": "1", "phone_number": "+61 2 8302 1000", "place_name": "Adina Apartment Hotel Sydney Surry Hills", "price_per_night": "124", "smoking_allowed": "True", "star_rating": "4", "street_address": "359 Crown Street, Surry Hills New South Wales 2010, Australia"}, {"location": "Sydney", "number_of_rooms": "3", "phone_number": "+61 2 9274 0000", "place_name": "Adina Apartment Hotel Sydney Town Hall", "price_per_night": "276", "smoking_allowed": "False", "star_rating": "4", "street_address": "511 Kent Street"}], "slots": [{"exclusive_end": 56, "slot": "place_name", "start": 37}]}], "speaker": "SYSTEM", "utterance": "How about a nice 3 star hotel called 1831 Boutique Hotel?"}, {"frames": [{"actions": [{"act": "REQUEST_ALTS", "canonical_values": [], "slot": "", "values": []}], "service": "Hotels_4", "slots": [], "state": {"active_intent": "SearchHotel", "requested_slots": [], "slot_values": {"location": ["Sydney, Australia"]}}}], "speaker": "USER", "utterance": "Are there any other hotel according to my requirements?"}, {"frames": [{"actions": [{"act": "OFFER", "canonical_values": ["28 Hotel Sydney"], "slot": "place_name", "values": ["28 Hotel Sydney"]}, {"act": "OFFER", "canonical_values": ["4"], "slot": "star_rating", "values": ["4"]}], "service": "Hotels_4", "slots": [{"exclusive_end": 52, "slot": "place_name", "start": 37}]}], "speaker": "SYSTEM", "utterance": "How about a nice 4 star hotel called 28 Hotel Sydney?"}, {"frames": [{"actions": [{"act": "REQUEST_ALTS", "canonical_values": [], "slot": "", "values": []}], "service": "Hotels_4", "slots": [], "state": {"active_intent": "SearchHotel", "requested_slots": [], "slot_values": {"location": ["Sydney, Australia"]}}}], "speaker": "USER", "utterance": "Are there any other hotel according to my requirements?"}, {"frames": [{"actions": [{"act": "OFFER", "canonical_values": ["57 Hotel"], "slot": "place_name", "values": ["57 Hotel"]}, {"act": "OFFER", "canonical_values": ["4"], "slot": "star_rating", "values": ["4"]}], "service": "Hotels_4", "slots": [{"exclusive_end": 45, "slot": "place_name", "start": 37}]}], "speaker": "SYSTEM", "utterance": "How about a nice 4 star hotel called 57 Hotel?"}, {"frames": [{"actions": [{"act": "REQUEST", "canonical_values": [], "slot": "smoking_allowed", "values": []}, {"act": "REQUEST", "canonical_values": [], "slot": "phone_number", "values": []}], "service": "Hotels_4", "slots": [], "state": {"active_intent": "SearchHotel", "requested_slots": ["phone_number", "smoking_allowed"], "slot_values": {"location": ["Sydney, Australia"]}}}], "speaker": "USER", "utterance": "Can you find me their phone number and whether smoking is allowed there?"}, {"frames": [{"actions": [{"act": "INFORM", "canonical_values": ["False"], "slot": "smoking_allowed", "values": ["False"]}, {"act": "INFORM", "canonical_values": ["+61 2 9011 5757"], "slot": "phone_number", "values": ["+61 2 9011 5757"]}], "service": "Hotels_4", "slots": [{"exclusive_end": 39, "slot": "phone_number", "start": 24}]}], "speaker": "SYSTEM", "utterance": "You can contact them on +61 2 9011 5757 and smoking is not allowed there."}, {"frames": [{"actions": [{"act": "INFORM_INTENT", "canonical_values": ["GetCarsAvailable"], "slot": "intent", "values": ["GetCarsAvailable"]}], "service": "RentalCars_3", "slots": [], "state": {"active_intent": "GetCarsAvailable", "requested_slots": [], "slot_values": {"city": ["Sydney, Australia"]}}}, {"actions": [{"act": "SELECT", "canonical_values": [], "slot": "", "values": []}], "service": "Hotels_4", "slots": [], "state": {"active_intent": "SearchHotel", "requested_slots": [], "slot_values": {"location": ["Sydney, Australia"], "place_name": ["57 Hotel"]}}}], "speaker": "USER", "utterance": "Okay, That sounds good. Find me a rental car there."}, {"frames": [{"actions": [{"act": "REQUEST", "canonical_values": [], "slot": "end_date", "values": []}], "service": "RentalCars_3", "slots": []}], "speaker": "SYSTEM", "utterance": "What will be your drop off date?"}, {"frames": [{"actions": [{"act": "INFORM", "canonical_values": ["2019-03-14"], "slot": "end_date", "values": ["14th of March"]}], "service": "RentalCars_3", "slots": [{"exclusive_end": 38, "slot": "end_date", "start": 25}], "state": {"active_intent": "GetCarsAvailable", "requested_slots": [], "slot_values": {"city": ["Sydney, Australia"], "end_date": ["14th of March"]}}}], "speaker": "USER", "utterance": "I will drop it off after 14th of March."}, {"frames": [{"actions": [{"act": "REQUEST", "canonical_values": [], "slot": "pickup_time", "values": []}], "service": "RentalCars_3", "slots": []}], "speaker": "SYSTEM", "utterance": "What will be your pick up time?"}, {"frames": [{"actions": [{"act": "INFORM", "canonical_values": ["18:00"], "slot": "pickup_time", "values": ["evening 6"]}], "service": "RentalCars_3", "slots": [{"exclusive_end": 44, "slot": "pickup_time", "start": 35}], "state": {"active_intent": "GetCarsAvailable", "requested_slots": [], "slot_values": {"city": ["Sydney, Australia"], "end_date": ["14th of March"], "pickup_time": ["evening 6"]}}}], "speaker": "USER", "utterance": "I would like to pick up the car at evening 6."}, {"frames": [{"actions": [{"act": "REQUEST", "canonical_values": ["2019-03-11"], "slot": "start_date", "values": ["March 11th"]}], "service": "RentalCars_3", "slots": [{"exclusive_end": 47, "slot": "start_date", "start": 37}]}], "speaker": "SYSTEM", "utterance": "Would you like to pick up the car on March 11th?"}, {"frames": [{"actions": [{"act": "INFORM", "canonical_values": ["Hatchback"], "slot": "car_type", "values": ["Hatchback"]}, {"act": "INFORM", "canonical_values": ["2019-03-12"], "slot": "end_date", "values": ["the 12th"]}, {"act": "AFFIRM", "canonical_values": [], "slot": "", "values": []}], "service": "RentalCars_3", "slots": [{"exclusive_end": 55, "slot": "end_date", "start": 47}], "state": {"active_intent": "GetCarsAvailable", "requested_slots": [], "slot_values": {"car_type": ["Hatchback"], "city": ["Sydney, Australia"], "end_date": ["the 12th"], "pickup_time": ["evening 6"], "start_date": ["March 11th"]}}}], "speaker": "USER", "utterance": "Yes, That is correct. book me a Hatchback till the 12th."}, {"frames": [{"actions": [{"act": "OFFER", "canonical_values": ["Kingsford Smith International Airport"], "slot": "pickup_location", "values": ["Kingsford Smith International Airport"]}, {"act": "OFFER", "canonical_values": ["Hatchback"], "slot": "car_type", "values": ["Hatchback"]}, {"act": "OFFER", "canonical_values": ["Fiat Panda"], "slot": "car_name", "values": ["Fiat Panda"]}], "service": "RentalCars_3", "service_call": {"method": "GetCarsAvailable", "parameters": {"car_type": "Hatchback", "city": "Sydney", "end_date": "2019-03-12", "pickup_time": "18:00", "start_date": "2019-03-11"}}, "service_results": [{"car_name": "Fiat Panda", "car_type": "Hatchback", "city": "Sydney", "end_date": "2019-03-12", "pickup_location": "Kingsford Smith International Airport", "pickup_time": "18:00", "price_per_day": "24.00", "start_date": "2019-03-11"}, {"car_name": "Mazda 3", "car_type": "Hatchback", "city": "Sydney", "end_date": "2019-03-12", "pickup_location": "Kingsford Smith International Airport", "pickup_time": "18:00", "price_per_day": "29.00", "start_date": "2019-03-11"}, {"car_name": "Peugeot 208", "car_type": "Hatchback", "city": "Sydney", "end_date": "2019-03-12", "pickup_location": "Kingsford Smith International Airport", "pickup_time": "18:00", "price_per_day": "34.00", "start_date": "2019-03-11"}, {"car_name": "Vauxhaull Astra", "car_type": "Hatchback", "city": "Sydney", "end_date": "2019-03-12", "pickup_location": "Kingsford Smith International Airport", "pickup_time": "18:00", "price_per_day": "28.00", "start_date": "2019-03-11"}], "slots": [{"exclusive_end": 100, "slot": "pickup_location", "start": 63}, {"exclusive_end": 37, "slot": "car_name", "start": 27}]}], "speaker": "SYSTEM", "utterance": "How about a nice Hatchback Fiat Panda available for pick up at Kingsford Smith International Airport."}, {"frames": [{"actions": [{"act": "REQUEST", "canonical_values": [], "slot": "price_per_day", "values": []}], "service": "RentalCars_3", "slots": [], "state": {"active_intent": "GetCarsAvailable", "requested_slots": ["price_per_day"], "slot_values": {"car_type": ["Hatchback"], "city": ["Sydney, Australia"], "end_date": ["the 12th"], "pickup_time": ["evening 6"], "start_date": ["March 11th"]}}}], "speaker": "USER", "utterance": "Find me it's per day cost."}, {"frames": [{"actions": [{"act": "INFORM", "canonical_values": ["24.00"], "slot": "price_per_day", "values": ["$24.00"]}], "service": "RentalCars_3", "slots": [{"exclusive_end": 26, "slot": "price_per_day", "start": 20}]}], "speaker": "SYSTEM", "utterance": "The cost per day is $24.00."}, {"frames": [{"actions": [{"act": "REQUEST_ALTS", "canonical_values": [], "slot": "", "values": []}], "service": "RentalCars_3", "slots": [], "state": {"active_intent": "GetCarsAvailable", "requested_slots": [], "slot_values": {"car_type": ["Hatchback"], "city": ["Sydney, Australia"], "end_date": ["the 12th"], "pickup_time": ["evening 6"], "start_date": ["March 11th"]}}}], "speaker": "USER", "utterance": "Can you show me something else?"}, {"frames": [{"actions": [{"act": "OFFER", "canonical_values": ["Kingsford Smith International Airport"], "slot": "pickup_location", "values": ["Kingsford Smith International Airport"]}, {"act": "OFFER", "canonical_values": ["Hatchback"], "slot": "car_type", "values": ["Hatchback"]}, {"act": "OFFER", "canonical_values": ["Mazda 3"], "slot": "car_name", "values": ["Mazda 3"]}], "service": "RentalCars_3", "slots": [{"exclusive_end": 97, "slot": "pickup_location", "start": 60}, {"exclusive_end": 34, "slot": "car_name", "start": 27}]}], "speaker": "SYSTEM", "utterance": "How about a nice Hatchback Mazda 3 available for pick up at Kingsford Smith International Airport."}, {"frames": [{"actions": [{"act": "SELECT", "canonical_values": [], "slot": "", "values": []}], "service": "RentalCars_3", "slots": [], "state": {"active_intent": "GetCarsAvailable", "requested_slots": [], "slot_values": {"car_type": ["Hatchback"], "city": ["Sydney, Australia"], "end_date": ["the 12th"], "pickup_location": ["Kingsford Smith International Airport"], "pickup_time": ["evening 6"], "start_date": ["March 11th"]}}}], "speaker": "USER", "utterance": "Okay, That sounds nice to me."}, {"frames": [{"actions": [{"act": "OFFER_INTENT", "canonical_values": ["ReserveCar"], "slot": "intent", "values": ["ReserveCar"]}], "service": "RentalCars_3", "slots": []}], "speaker": "SYSTEM", "utterance": "Would you like me to book this car foe you?"}, {"frames": [{"actions": [{"act": "AFFIRM_INTENT", "canonical_values": [], "slot": "", "values": []}], "service": "RentalCars_3", "slots": [], "state": {"active_intent": "ReserveCar", "requested_slots": [], "slot_values": {"car_type": ["Hatchback"], "city": ["Sydney, Australia"], "end_date": ["the 12th"], "pickup_location": ["Kingsford Smith International Airport"], "pickup_time": ["evening 6"], "start_date": ["March 11th"]}}}], "speaker": "USER", "utterance": "Yes, Please reserve the car for me."}, {"frames": [{"actions": [{"act": "REQUEST", "canonical_values": [], "slot": "add_insurance", "values": []}], "service": "RentalCars_3", "slots": []}], "speaker": "SYSTEM", "utterance": "Would you like to have insurance?"}, {"frames": [{"actions": [{"act": "INFORM", "canonical_values": ["False"], "slot": "add_insurance", "values": ["False"]}], "service": "RentalCars_3", "slots": [], "state": {"active_intent": "ReserveCar", "requested_slots": [], "slot_values": {"add_insurance": ["False"], "car_type": ["Hatchback"], "city": ["Sydney, Australia"], "end_date": ["the 12th"], "pickup_location": ["Kingsford Smith International Airport"], "pickup_time": ["evening 6"], "start_date": ["March 11th"]}}}], "speaker": "USER", "utterance": "No, I don't want the insurance."}, {"frames": [{"actions": [{"act": "CONFIRM", "canonical_values": ["Kingsford Smith International Airport"], "slot": "pickup_location", "values": ["Kingsford Smith International Airport"]}, {"act": "CONFIRM", "canonical_values": ["2019-03-11"], "slot": "start_date", "values": ["March 11th"]}, {"act": "CONFIRM", "canonical_values": ["18:00"], "slot": "pickup_time", "values": ["6 pm"]}, {"act": "CONFIRM", "canonical_values": ["2019-03-12"], "slot": "end_date", "values": ["March 12th"]}, {"act": "CONFIRM", "canonical_values": ["Hatchback"], "slot": "car_type", "values": ["Hatchback"]}, {"act": "CONFIRM", "canonical_values": ["False"], "slot": "add_insurance", "values": ["False"]}], "service": "RentalCars_3", "slots": [{"exclusive_end": 110, "slot": "pickup_location", "start": 73}, {"exclusive_end": 124, "slot": "start_date", "start": 114}, {"exclusive_end": 132, "slot": "pickup_time", "start": 128}, {"exclusive_end": 169, "slot": "end_date", "start": 159}]}], "speaker": "SYSTEM", "utterance": "Please confirm: You want me to book a Hatchback available for pick up at Kingsford Smith International Airport on March 11th at 6 pm with the drop off date as March 12th."}, {"frames": [{"actions": [{"act": "REQUEST", "canonical_values": [], "slot": "price_per_day", "values": []}, {"act": "AFFIRM", "canonical_values": [], "slot": "", "values": []}], "service": "RentalCars_3", "slots": [], "state": {"active_intent": "ReserveCar", "requested_slots": ["price_per_day"], "slot_values": {"add_insurance": ["False"], "car_type": ["Hatchback"], "city": ["Sydney, Australia"], "end_date": ["March 12th", "the 12th"], "pickup_location": ["Kingsford Smith International Airport"], "pickup_time": ["6 pm", "evening 6"], "start_date": ["March 11th"]}}}], "speaker": "USER", "utterance": "Yes, That is correct. Find me it's cost per day?"}, {"frames": [{"actions": [{"act": "INFORM", "canonical_values": ["34.00"], "slot": "price_per_day", "values": ["$34.00"]}, {"act": "NOTIFY_SUCCESS", "canonical_values": [], "slot": "", "values": []}], "service": "RentalCars_3", "service_call": {"method": "ReserveCar", "parameters": {"add_insurance": "False", "car_type": "Hatchback", "end_date": "2019-03-12", "pickup_location": "Kingsford Smith International Airport", "pickup_time": "18:00", "start_date": "2019-03-11"}}, "service_results": [{"add_insurance": "False", "car_name": "Peugeot 208", "car_type": "Hatchback", "end_date": "2019-03-12", "pickup_location": "Kingsford Smith International Airport", "pickup_time": "18:00", "price_per_day": "34.00", "start_date": "2019-03-11"}], "slots": [{"exclusive_end": 66, "slot": "price_per_day", "start": 60}]}], "speaker": "SYSTEM", "utterance": "I have successfully booked your car and it's cost pr day is $34.00."}, {"frames": [{"actions": [{"act": "THANK_YOU", "canonical_values": [], "slot": "", "values": []}], "service": "RentalCars_3", "slots": [], "state": {"active_intent": "ReserveCar", "requested_slots": [], "slot_values": {"add_insurance": ["False"], "car_type": ["Hatchback"], "city": ["Sydney, Australia"], "end_date": ["March 12th", "the 12th"], "pickup_location": ["Kingsford Smith International Airport"], "pickup_time": ["6 pm", "evening 6"], "start_date": ["March 11th"]}}}], "speaker": "USER", "utterance": "Okay. Thank you so much!"}, {"frames": [{"actions": [{"act": "REQ_MORE", "canonical_values": [], "slot": "", "values": []}], "service": "RentalCars_3", "slots": []}], "speaker": "SYSTEM", "utterance": "Can I assist you with anything else?"}, {"frames": [{"actions": [{"act": "NEGATE", "canonical_values": [], "slot": "", "values": []}, {"act": "THANK_YOU", "canonical_values": [], "slot": "", "values": []}], "service": "RentalCars_3", "slots": [], "state": {"active_intent": "NONE", "requested_slots": [], "slot_values": {"add_insurance": ["False"], "car_type": ["Hatchback"], "city": ["Sydney, Australia"], "end_date": ["March 12th", "the 12th"], "pickup_location": ["Kingsford Smith International Airport"], "pickup_time": ["6 pm", "evening 6"], "start_date": ["March 11th"]}}}], "speaker": "USER", "utterance": "No. That is all I need for now. Thank you!"}, {"frames": [{"actions": [{"act": "GOODBYE", "canonical_values": [], "slot": "", "values": []}], "service": "RentalCars_3", "slots": []}], "speaker": "SYSTEM", "utterance": "I am glad I could help. Have a nice day!"}]}, {"dialogue_id": "20_00001", "services": ["Hotels_4", "RentalCars_3"], "turns": [{"frames": [{"actions": [{"act": "INFORM", "canonical_values": ["4"], "slot": "star_rating", "values": ["4"]}, {"act": "INFORM_INTENT", "canonical_values": ["SearchHotel"], "slot": "intent", "values": ["SearchHotel"]}], "service": "Hotels_4", "slots": [], "state": {"active_intent": "SearchHotel", "requested_slots": [], "slot_values": {"star_rating": ["4"]}}}], "speaker": "USER", "utterance": "I'm looking for a four star hotel."}, {"frames": [{"actions": [{"act": "REQUEST", "canonical_values": [], "slot": "location", "values": []}], "service": "Hotels_4", "slots": []}], "speaker": "SYSTEM", "utterance": "What city do you want to search in?"}, {"frames": [{"actions": [{"act": "INFORM", "canonical_values": ["Long Beach"], "slot": "location", "values": ["Long Beach"]}], "service": "Hotels_4", "slots": [{"exclusive_end": 28, "slot": "location", "start": 18}], "state": {"active_intent": "SearchHotel", "requested_slots": [], "slot_values": {"location": ["Long Beach"], "star_rating": ["4"]}}}], "speaker": "USER", "utterance": "I want a hotel in Long Beach."}, {"frames": [{"actions": [{"act": "OFFER", "canonical_values": ["Hyatt Centric The Pike Long Beach"], "slot": "place_name", "values": ["Hyatt Centric The Pike Long Beach"]}, {"act": "OFFER", "canonical_values": ["4"], "slot": "star_rating", "values": ["4"]}, {"act": "INFORM_COUNT", "canonical_values": ["3"], "slot": "count", "values": ["3"]}], "service": "Hotels_4", "service_call": {"method": "SearchHotel", "parameters": {"location": "Long Beach", "star_rating": "4"}}, "service_results": [{"location": "Long Beach", "number_of_rooms": "1", "phone_number": "+1 562-432-1234", "place_name": "Hyatt Centric The Pike Long Beach", "price_per_night": "156", "smoking_allowed": "False", "star_rating": "4", "street_address": "285 Bay Street"}, {"location": "Long Beach", "number_of_rooms": "2", "phone_number": "+1 562-491-1234", "place_name": "Hyatt Regency Long Beach", "price_per_night": "224", "smoking_allowed": "False", "star_rating": "4", "street_address": "200 South Pine Avenue"}, {"location": "Long Beach", "number_of_rooms": "3", "phone_number": "+1 562-436-3000", "place_name": "The Westin Long Beach", "price_per_night": "300", "smoking_allowed": "False", "star_rating": "4", "street_address": "333 East Ocean Boulevard"}], "slots": [{"exclusive_end": 81, "slot": "place_name", "start": 48}]}], "speaker": "SYSTEM", "utterance": "I found 3 hotels for you. What about the 4 star Hyatt Centric The Pike Long Beach?"}, {"frames": [{"actions": [{"act": "INFORM_INTENT", "canonical_values": ["GetCarsAvailable"], "slot": "intent", "values": ["GetCarsAvailable"]}], "service": "RentalCars_3", "slots": [], "state": {"active_intent": "GetCarsAvailable", "requested_slots": [], "slot_values": {"city": ["Long Beach"]}}}, {"actions": [{"act": "SELECT", "canonical_values": [], "slot": "", "values": []}], "service": "Hotels_4", "slots": [], "state": {"active_intent": "SearchHotel", "requested_slots": [], "slot_values": {"location": ["Long Beach"], "place_name": ["Hyatt Centric The Pike Long Beach"], "star_rating": ["4"]}}}], "speaker": "USER", "utterance": "Yes, that sounds good. I'd like to find a rental car there."}, {"frames": [{"actions": [{"act": "REQUEST", "canonical_values": [], "slot": "end_date", "values": []}, {"act": "REQUEST", "canonical_values": ["2019-03-09"], "slot": "start_date", "values": ["March 9th"]}, {"act": "REQUEST", "canonical_values": [], "slot": "pickup_time", "values": []}], "service": "RentalCars_3", "slots": [{"exclusive_end": 77, "slot": "start_date", "start": 68}]}], "speaker": "SYSTEM", "utterance": "What dates will you need the car from? Do you want to pick it up on March 9th? What time do you want to pick up the car."}, {"frames": [{"actions": [{"act": "INFORM", "canonical_values": ["10:30"], "slot": "pickup_time", "values": ["10:30 in the morning"]}, {"act": "INFORM", "canonical_values": ["2019-03-10"], "slot": "end_date", "values": ["10th of this month"]}, {"act": "AFFIRM", "canonical_values": [], "slot": "", "values": []}], "service": "RentalCars_3", "slots": [{"exclusive_end": 64, "slot": "pickup_time", "start": 44}, {"exclusive_end": 106, "slot": "end_date", "start": 88}], "state": {"active_intent": "GetCarsAvailable", "requested_slots": [], "slot_values": {"city": ["Long Beach"], "end_date": ["10th of this month"], "pickup_time": ["10:30 in the morning"], "start_date": ["March 9th"]}}}], "speaker": "USER", "utterance": "Yes, I'd like to pick it up on March 9th at 10:30 in the morning and drop it off on the 10th of this month."}, {"frames": [{"actions": [{"act": "OFFER", "canonical_values": ["LGB Airport"], "slot": "pickup_location", "values": ["LGB Airport"]}, {"act": "OFFER", "canonical_values": ["SUV"], "slot": "car_type", "values": ["SUV"]}, {"act": "OFFER", "canonical_values": ["Alfa Romeo Stelvio"], "slot": "car_name", "values": ["Alfa Romeo Stelvio"]}], "service": "RentalCars_3", "service_call": {"method": "GetCarsAvailable", "parameters": {"city": "Long Beach", "end_date": "2019-03-10", "pickup_time": "10:30", "start_date": "2019-03-09"}}, "service_results": [{"car_name": "Alfa Romeo Stelvio", "car_type": "SUV", "city": "Long Beach", "end_date": "2019-03-10", "pickup_location": "LGB Airport", "pickup_time": "10:30", "price_per_day": "44.00", "start_date": "2019-03-09"}, {"car_name": "Audi A8", "car_type": "Sedan", "city": "Long Beach", "end_date": "2019-03-10", "pickup_location": "LGB Airport", "pickup_time": "10:30", "price_per_day": "36.00", "start_date": "2019-03-09"}, {"car_name": "Citroen C5", "car_type": "SUV", "city": "Long Beach", "end_date": "2019-03-10", "pickup_location": "LGB Airport", "pickup_time": "10:30", "price_per_day": "39.00", "start_date": "2019-03-09"}, {"car_name": "Fiat Panda", "car_type": "Hatchback", "city": "Long Beach", "end_date": "2019-03-10", "pickup_location": "LGB Airport", "pickup_time": "10:30", "price_per_day": "31.00", "start_date": "2019-03-09"}, {"car_name": "Hyundai Ioniq", "car_type": "Sedan", "city": "Long Beach", "end_date": "2019-03-10", "pickup_location": "LGB Airport", "pickup_time": "10:30", "price_per_day": "34.00", "start_date": "2019-03-09"}, {"car_name": "Mazda 3", "car_type": "Hatchback", "city": "Long Beach", "end_date": "2019-03-10", "pickup_location": "LGB Airport", "pickup_time": "10:30", "price_per_day": "24.00", "start_date": "2019-03-09"}, {"car_name": "Vauxhaull Astra", "car_type": "Hatchback", "city": "Long Beach", "end_date": "2019-03-10", "pickup_location": "LGB Airport", "pickup_time": "10:30", "price_per_day": "25.00", "start_date": "2019-03-09"}], "slots": [{"exclusive_end": 64, "slot": "pickup_location", "start": 53}, {"exclusive_end": 35, "slot": "car_name", "start": 17}]}], "speaker": "SYSTEM", "utterance": "Okay, there is a Alfa Romeo Stelvio SUV available at LGB Airport."}, {"frames": [{"actions": [{"act": "INFORM", "canonical_values": ["2019-03-11"], "slot": "end_date", "values": ["March 11th"]}, {"act": "REQUEST_ALTS", "canonical_values": [], "slot": "", "values": []}], "service": "RentalCars_3", "slots": [{"exclusive_end": 46, "slot": "end_date", "start": 36}], "state": {"active_intent": "GetCarsAvailable", "requested_slots": [], "slot_values": {"city": ["Long Beach"], "end_date": ["March 11th"], "pickup_time": ["10:30 in the morning"], "start_date": ["March 9th"]}}}], "speaker": "USER", "utterance": "What else is there? I need it until March 11th."}, {"frames": [{"actions": [{"act": "OFFER", "canonical_values": ["LGB Airport"], "slot": "pickup_location", "values": ["LGB Airport"]}, {"act": "OFFER", "canonical_values": ["Sedan"], "slot": "car_type", "values": ["Sedan"]}, {"act": "OFFER", "canonical_values": ["Audi A8"], "slot": "car_name", "values": ["Audi A8"]}, {"act": "INFORM_COUNT", "canonical_values": ["6"], "slot": "count", "values": ["6"]}], "service": "RentalCars_3", "service_call": {"method": "GetCarsAvailable", "parameters": {"city": "Long Beach", "end_date": "2019-03-11", "pickup_time": "10:30", "start_date": "2019-03-09"}}, "service_results": [{"car_name": "Alfa Romeo Stelvio", "car_type": "SUV", "city": "Long Beach", "end_date": "2019-03-11", "pickup_location": "LGB Airport", "pickup_time": "10:30", "price_per_day": "36.00", "start_date": "2019-03-09"}, {"car_name": "Audi A8", "car_type": "Sedan", "city": "Long Beach", "end_date": "2019-03-11", "pickup_location": "LGB Airport", "pickup_time": "10:30", "price_per_day": "27.00", "start_date": "2019-03-09"}, {"car_name": "Citroen C5", "car_type": "SUV", "city": "Long Beach", "end_date": "2019-03-11", "pickup_location": "LGB Airport", "pickup_time": "10:30", "price_per_day": "42.00", "start_date": "2019-03-09"}, {"car_name": "Fiat Panda", "car_type": "Hatchback", "city": "Long Beach", "end_date": "2019-03-11", "pickup_location": "LGB Airport", "pickup_time": "10:30", "price_per_day": "32.00", "start_date": "2019-03-09"}, {"car_name": "Hyundai Ioniq", "car_type": "Sedan", "city": "Long Beach", "end_date": "2019-03-11", "pickup_location": "LGB Airport", "pickup_time": "10:30", "price_per_day": "28.00", "start_date": "2019-03-09"}, {"car_name": "Mazda 3", "car_type": "Hatchback", "city": "Long Beach", "end_date": "2019-03-11", "pickup_location": "LGB Airport", "pickup_time": "10:30", "price_per_day": "32.00", "start_date": "2019-03-09"}], "slots": [{"exclusive_end": 69, "slot": "pickup_location", "start": 58}, {"exclusive_end": 48, "slot": "car_name", "start": 41}]}], "speaker": "SYSTEM", "utterance": "There are 6 cars available. How about an Audi A8 sedan at LGB Airport?"}, {"frames": [{"actions": [{"act": "REQUEST_ALTS", "canonical_values": [], "slot": "", "values": []}], "service": "RentalCars_3", "slots": [], "state": {"active_intent": "GetCarsAvailable", "requested_slots": [], "slot_values": {"city": ["Long Beach"], "end_date": ["March 11th"], "pickup_time": ["10:30 in the morning"], "start_date": ["March 9th"]}}}], "speaker": "USER", "utterance": "What else is there?"}, {"frames": [{"actions": [{"act": "OFFER", "canonical_values": ["LGB Airport"], "slot": "pickup_location", "values": ["LGB Airport"]}, {"act": "OFFER", "canonical_values": ["SUV"], "slot": "car_type", "values": ["SUV"]}, {"act": "OFFER", "canonical_values": ["Citroen C5"], "slot": "car_name", "values": ["Citroen C5"]}], "service": "RentalCars_3", "slots": [{"exclusive_end": 40, "slot": "pickup_location", "start": 29}, {"exclusive_end": 21, "slot": "car_name", "start": 11}]}], "speaker": "SYSTEM", "utterance": "There is a Citroen C5 SUV at LGB Airport."}, {"frames": [{"actions": [{"act": "INFORM_INTENT", "canonical_values": ["ReserveCar"], "slot": "intent", "values": ["ReserveCar"]}, {"act": "SELECT", "canonical_values": [], "slot": "", "values": []}], "service": "RentalCars_3", "slots": [], "state": {"active_intent": "ReserveCar", "requested_slots": [], "slot_values": {"car_type": ["SUV"], "city": ["Long Beach"], "end_date": ["March 11th"], "pickup_location": ["LGB Airport"], "pickup_time": ["10:30 in the morning"], "start_date": ["March 9th"]}}}], "speaker": "USER", "utterance": "Yes, that sounds good. I'd like to reserve it."}, {"frames": [{"actions": [{"act": "REQUEST", "canonical_values": [], "slot": "add_insurance", "values": []}], "service": "RentalCars_3", "slots": []}], "speaker": "SYSTEM", "utterance": "Do you want to include insurance?"}, {"frames": [{"actions": [{"act": "INFORM", "canonical_values": ["False"], "slot": "add_insurance", "values": ["False"]}], "service": "RentalCars_3", "slots": [], "state": {"active_intent": "ReserveCar", "requested_slots": [], "slot_values": {"add_insurance": ["False"], "car_type": ["SUV"], "city": ["Long Beach"], "end_date": ["March 11th"], "pickup_location": ["LGB Airport"], "pickup_time": ["10:30 in the morning"], "start_date": ["March 9th"]}}}], "speaker": "USER", "utterance": "No, I don't."}, {"frames": [{"actions": [{"act": "CONFIRM", "canonical_values": ["LGB Airport"], "slot": "pickup_location", "values": ["LGB Airport"]}, {"act": "CONFIRM", "canonical_values": ["2019-03-09"], "slot": "start_date", "values": ["March 9th"]}, {"act": "CONFIRM", "canonical_values": ["10:30"], "slot": "pickup_time", "values": ["10:30 am"]}, {"act": "CONFIRM", "canonical_values": ["2019-03-11"], "slot": "end_date", "values": ["March 11th"]}, {"act": "CONFIRM", "canonical_values": ["SUV"], "slot": "car_type", "values": ["SUV"]}, {"act": "CONFIRM", "canonical_values": ["False"], "slot": "add_insurance", "values": ["False"]}], "service": "RentalCars_3", "slots": [{"exclusive_end": 40, "slot": "pickup_location", "start": 29}, {"exclusive_end": 53, "slot": "start_date", "start": 44}, {"exclusive_end": 65, "slot": "pickup_time", "start": 57}, {"exclusive_end": 82, "slot": "end_date", "start": 72}]}], "speaker": "SYSTEM", "utterance": "Okay, you'd like an SUV from LGB Airport on March 9th at 10:30 am until March 11th without insurance, correct?"}, {"frames": [{"actions": [{"act": "INFORM", "canonical_values": ["True"], "slot": "add_insurance", "values": ["True"]}, {"act": "NEGATE", "canonical_values": [], "slot": "", "values": []}], "service": "RentalCars_3", "slots": [], "state": {"active_intent": "ReserveCar", "requested_slots": [], "slot_values": {"add_insurance": ["True"], "car_type": ["SUV"], "city": ["Long Beach"], "end_date": ["March 11th"], "pickup_location": ["LGB Airport"], "pickup_time": ["10:30 am", "10:30 in the morning"], "start_date": ["March 9th"]}}}], "speaker": "USER", "utterance": "No, I'd like to buy insurance."}, {"frames": [{"actions": [{"act": "CONFIRM", "canonical_values": ["2019-03-09"], "slot": "start_date", "values": ["March 9th"]}, {"act": "CONFIRM", "canonical_values": ["True"], "slot": "add_insurance", "values": ["True"]}], "service": "RentalCars_3", "slots": [{"exclusive_end": 52, "slot": "start_date", "start": 43}]}], "speaker": "SYSTEM", "utterance": "Okay, you want to pickup the rental car on March 9th with insurance, right?"}, {"frames": [{"actions": [{"act": "AFFIRM", "canonical_values": [], "slot": "", "values": []}], "service": "RentalCars_3", "slots": [], "state": {"active_intent": "ReserveCar", "requested_slots": [], "slot_values": {"add_insurance": ["True"], "car_type": ["SUV"], "city": ["Long Beach"], "end_date": ["March 11th"], "pickup_location": ["LGB Airport"], "pickup_time": ["10:30 am", "10:30 in the morning"], "start_date": ["March 9th"]}}}], "speaker": "USER", "utterance": "Yes, that is correct."}, {"frames": [{"actions": [{"act": "NOTIFY_SUCCESS", "canonical_values": [], "slot": "", "values": []}], "service": "RentalCars_3", "service_call": {"method": "ReserveCar", "parameters": {"add_insurance": "True", "car_type": "SUV", "end_date": "2019-03-11", "pickup_location": "LGB Airport", "pickup_time": "10:30", "start_date": "2019-03-09"}}, "service_results": [{"add_insurance": "True", "car_name": "Citroen C5", "car_type": "SUV", "end_date": "2019-03-11", "pickup_location": "LGB Airport", "pickup_time": "10:30", "price_per_day": "54.00", "start_date": "2019-03-09"}], "slots": []}], "speaker": "SYSTEM", "utterance": "I have confirmed the reservation."}, {"frames": [{"actions": [{"act": "THANK_YOU", "canonical_values": [], "slot": "", "values": []}], "service": "RentalCars_3", "slots": [], "state": {"active_intent": "ReserveCar", "requested_slots": [], "slot_values": {"add_insurance": ["True"], "car_type": ["SUV"], "city": ["Long Beach"], "end_date": ["March 11th"], "pickup_location": ["LGB Airport"], "pickup_time": ["10:30 am", "10:30 in the morning"], "start_date": ["March 9th"]}}}], "speaker": "USER", "utterance": "Thank you!"}, {"frames": [{"actions": [{"act": "REQ_MORE", "canonical_values": [], "slot": "", "values": []}], "service": "RentalCars_3", "slots": []}], "speaker": "SYSTEM", "utterance": "Is there anything else I can help you with?"}, {"frames": [{"actions": [{"act": "NEGATE", "canonical_values": [], "slot": "", "values": []}, {"act": "THANK_YOU", "canonical_values": [], "slot": "", "values": []}], "service": "RentalCars_3", "slots": [], "state": {"active_intent": "NONE", "requested_slots": [], "slot_values": {"add_insurance": ["True"], "car_type": ["SUV"], "city": ["Long Beach"], "end_date": ["March 11th"], "pickup_location": ["LGB Airport"], "pickup_time": ["10:30 am", "10:30 in the morning"], "start_date": ["March 9th"]}}}], "speaker": "USER", "utterance": "No, thank you."}, {"frames": [{"actions": [{"act": "GOODBYE", "canonical_values": [], "slot": "", "values": []}], "service": "RentalCars_3", "slots": []}], "speaker": "SYSTEM", "utterance": "Have a great day."}]}, {"dialogue_id": "20_00002", "services": ["Hotels_4", "RentalCars_3"], "turns": [{"frames": [{"actions": [{"act": "INFORM_INTENT", "canonical_values": ["SearchHotel"], "slot": "intent", "values": ["SearchHotel"]}], "service": "Hotels_4", "slots": [], "state": {"active_intent": "SearchHotel", "requested_slots": [], "slot_values": {}}}], "speaker": "USER", "utterance": "I need a hand to book a hotel room"}, {"frames": [{"actions": [{"act": "REQUEST", "canonical_values": [], "slot": "location", "values": []}], "service": "Hotels_4", "slots": []}], "speaker": "SYSTEM", "utterance": "sure, where do you want me to look?"}, {"frames": [{"actions": [{"act": "INFORM", "canonical_values": ["Chicago"], "slot": "location", "values": ["chicago"]}, {"act": "INFORM", "canonical_values": ["True"], "slot": "smoking_allowed", "values": ["True"]}], "service": "Hotels_4", "slots": [{"exclusive_end": 15, "slot": "location", "start": 8}], "state": {"active_intent": "SearchHotel", "requested_slots": [], "slot_values": {"location": ["chicago"], "smoking_allowed": ["True"]}}}], "speaker": "USER", "utterance": "look in chicago for a hotel where I am allowed to smoke"}, {"frames": [{"actions": [{"act": "OFFER", "canonical_values": ["Acme Hotel Company"], "slot": "place_name", "values": ["acme hotel company"]}, {"act": "OFFER", "canonical_values": ["3"], "slot": "star_rating", "values": ["3"]}, {"act": "INFORM_COUNT", "canonical_values": ["10"], "slot": "count", "values": ["10"]}], "service": "Hotels_4", "service_call": {"method": "SearchHotel", "parameters": {"location": "Chicago", "smoking_allowed": "True"}}, "service_results": [{"location": "Chicago", "number_of_rooms": "2", "phone_number": "+1 312-894-0800", "place_name": "Acme Hotel Company", "price_per_night": "180", "smoking_allowed": "True", "star_rating": "3", "street_address": "15 East Ohio Street"}, {"location": "Chicago", "number_of_rooms": "1", "phone_number": "+1 312-940-3552", "place_name": "Chicago Athletic Association", "price_per_night": "144", "smoking_allowed": "True", "star_rating": "4", "street_address": "12 South Michigan Avenue"}, {"location": "Chicago", "number_of_rooms": "3", "phone_number": "+1 773-288-5800", "place_name": "Chicago Lake Shore Hotel", "price_per_night": "198", "smoking_allowed": "True", "star_rating": "3", "street_address": "4900B South Lake Shore Drive #3250"}, {"location": "Chicago", "number_of_rooms": "3", "phone_number": "+1 312-225-7000", "place_name": "Chicago South Loop Hotel", "price_per_night": "180", "smoking_allowed": "True", "star_rating": "3", "street_address": "11 West 26th Street"}, {"location": "Chicago", "number_of_rooms": "1", "phone_number": "+1 312-419-9014", "place_name": "Hampton Inn Chicago Downtown/N Loop/Michigan Ave", "price_per_night": "69", "smoking_allowed": "True", "star_rating": "3", "street_address": "68 East Wacker Place"}, {"location": "Chicago", "number_of_rooms": "2", "phone_number": "+1 312-265-5800", "place_name": "Hampton Inn Chicago North-Loyola Station", "price_per_night": "156", "smoking_allowed": "True", "star_rating": "3", "street_address": "1209 West Albion Avenue"}, {"location": "Chicago", "number_of_rooms": "1", "phone_number": "+1 312-791-1121", "place_name": "Hilton Garden Inn Chicago Mccormick Place", "price_per_night": "72", "smoking_allowed": "True", "star_rating": "3", "street_address": "123 East Cermak Road Suite 300"}, {"location": "Chicago", "number_of_rooms": "3", "phone_number": "+1 312-644-2222", "place_name": "Homewood Suites By Hilton Chicago-Downtown", "price_per_night": "198", "smoking_allowed": "True", "star_rating": "3", "street_address": "40 East Grand Avenue"}, {"location": "Chicago", "number_of_rooms": "2", "phone_number": "+1 312-986-1234", "place_name": "Hotel Blake Chicago", "price_per_night": "144", "smoking_allowed": "True", "star_rating": "3", "street_address": "500 South Dearborn Street"}, {"location": "Chicago", "number_of_rooms": "1", "phone_number": "+1 312-915-0000", "place_name": "Hotel Emc2, Autograph Collection", "price_per_night": "92", "smoking_allowed": "True", "star_rating": "4", "street_address": "228 East Ontario Street"}], "slots": [{"exclusive_end": 72, "slot": "place_name", "start": 54}]}], "speaker": "SYSTEM", "utterance": "surprisingly, there are 10 available options. I think acme hotel company would be great for you, it's a 3 star hotel."}, {"frames": [{"actions": [{"act": "INFORM", "canonical_values": ["Hatchback"], "slot": "car_type", "values": ["Hatchback"]}, {"act": "INFORM", "canonical_values": ["2019-03-02"], "slot": "start_date", "values": ["2nd of this month"]}, {"act": "INFORM", "canonical_values": ["2019-03-04"], "slot": "end_date", "values": ["next monday"]}, {"act": "INFORM_INTENT", "canonical_values": ["GetCarsAvailable"], "slot": "intent", "values": ["GetCarsAvailable"]}], "service": "RentalCars_3", "slots": [{"exclusive_end": 101, "slot": "start_date", "start": 84}, {"exclusive_end": 119, "slot": "end_date", "start": 108}], "state": {"active_intent": "GetCarsAvailable", "requested_slots": [], "slot_values": {"car_type": ["Hatchback"], "city": ["chicago"], "end_date": ["next monday"], "start_date": ["2nd of this month"]}}}, {"actions": [{"act": "SELECT", "canonical_values": [], "slot": "", "values": []}], "service": "Hotels_4", "slots": [], "state": {"active_intent": "SearchHotel", "requested_slots": [], "slot_values": {"location": ["chicago"], "place_name": ["acme hotel company"], "smoking_allowed": ["True"]}}}], "speaker": "USER", "utterance": "I like your pick. now let's do something different, let's rent a hatchback from the 2nd of this month until next monday"}, {"frames": [{"actions": [{"act": "REQUEST", "canonical_values": [], "slot": "pickup_time", "values": []}], "service": "RentalCars_3", "slots": []}], "speaker": "SYSTEM", "utterance": "at what time do you want to pick it up?"}, {"frames": [{"actions": [{"act": "INFORM", "canonical_values": ["11:00"], "slot": "pickup_time", "values": ["11 am"]}], "service": "RentalCars_3", "slots": [{"exclusive_end": 5, "slot": "pickup_time", "start": 0}], "state": {"active_intent": "GetCarsAvailable", "requested_slots": [], "slot_values": {"car_type": ["Hatchback"], "city": ["chicago"], "end_date": ["next monday"], "pickup_time": ["11 am"], "start_date": ["2nd of this month"]}}}], "speaker": "USER", "utterance": "11 am please"}, {"frames": [{"actions": [{"act": "OFFER", "canonical_values": ["O'Hare International Airport"], "slot": "pickup_location", "values": ["o'hare international airport"]}, {"act": "OFFER", "canonical_values": ["Hatchback"], "slot": "car_type", "values": ["Hatchback"]}, {"act": "OFFER", "canonical_values": ["Fiat Panda"], "slot": "car_name", "values": ["fiat panda"]}, {"act": "INFORM_COUNT", "canonical_values": ["5"], "slot": "count", "values": ["5"]}], "service": "RentalCars_3", "service_call": {"method": "GetCarsAvailable", "parameters": {"car_type": "Hatchback", "city": "Chicago", "end_date": "2019-03-04", "pickup_time": "11:00", "start_date": "2019-03-02"}}, "service_results": [{"car_name": "Fiat Panda", "car_type": "Hatchback", "city": "Chicago", "end_date": "2019-03-04", "pickup_location": "O'Hare International Airport", "pickup_time": "11:00", "price_per_day": "22.00", "start_date": "2019-03-02"}, {"car_name": "Nissan Qashqai", "car_type": "Hatchback", "city": "Chicago", "end_date": "2019-03-04", "pickup_location": "Chicago Union Station", "pickup_time": "11:00", "price_per_day": "22.00", "start_date": "2019-03-02"}, {"car_name": "Peugeot 208", "car_type": "Hatchback", "city": "Chicago", "end_date": "2019-03-04", "pickup_location": "Chicago Union Station", "pickup_time": "11:00", "price_per_day": "26.00", "start_date": "2019-03-02"}, {"car_name": "SEAT Leon", "car_type": "Hatchback", "city": "Chicago", "end_date": "2019-03-04", "pickup_location": "O'Hare International Airport", "pickup_time": "11:00", "price_per_day": "30.00", "start_date": "2019-03-02"}, {"car_name": "Vauxhaull Astra", "car_type": "Hatchback", "city": "Chicago", "end_date": "2019-03-04", "pickup_location": "Chicago Union Station", "pickup_time": "11:00", "price_per_day": "26.00", "start_date": "2019-03-02"}], "slots": [{"exclusive_end": 121, "slot": "pickup_location", "start": 93}, {"exclusive_end": 79, "slot": "car_name", "start": 69}]}], "speaker": "SYSTEM", "utterance": "you got 5 cars to chose from. you can drive if you want, a hatchback fiat panda available at o'hare international airport"}, {"frames": [{"actions": [{"act": "INFORM_INTENT", "canonical_values": ["ReserveCar"], "slot": "intent", "values": ["ReserveCar"]}, {"act": "SELECT", "canonical_values": [], "slot": "", "values": []}], "service": "RentalCars_3", "slots": [], "state": {"active_intent": "ReserveCar", "requested_slots": [], "slot_values": {"car_type": ["Hatchback"], "city": ["chicago"], "end_date": ["next monday"], "pickup_location": ["o'hare international airport"], "pickup_time": ["11 am"], "start_date": ["2nd of this month"]}}}], "speaker": "USER", "utterance": "I can't wait, let me have this one"}, {"frames": [{"actions": [{"act": "REQUEST", "canonical_values": [], "slot": "add_insurance", "values": []}], "service": "RentalCars_3", "slots": []}], "speaker": "SYSTEM", "utterance": "you can add insurance if you like"}, {"frames": [{"actions": [{"act": "INFORM", "canonical_values": ["True"], "slot": "add_insurance", "values": ["True"]}], "service": "RentalCars_3", "slots": [], "state": {"active_intent": "ReserveCar", "requested_slots": [], "slot_values": {"add_insurance": ["True"], "car_type": ["Hatchback"], "city": ["chicago"], "end_date": ["next monday"], "pickup_location": ["o'hare international airport"], "pickup_time": ["11 am"], "start_date": ["2nd of this month"]}}}], "speaker": "USER", "utterance": "yes, I think it's a good idea"}, {"frames": [{"actions": [{"act": "CONFIRM", "canonical_values": ["O'Hare International Airport"], "slot": "pickup_location", "values": ["o'hare international airport"]}, {"act": "CONFIRM", "canonical_values": ["2019-03-02"], "slot": "start_date", "values": ["march 2nd"]}, {"act": "CONFIRM", "canonical_values": ["11:00"], "slot": "pickup_time", "values": ["11 am"]}, {"act": "CONFIRM", "canonical_values": ["2019-03-04"], "slot": "end_date", "values": ["march 4th"]}, {"act": "CONFIRM", "canonical_values": ["Hatchback"], "slot": "car_type", "values": ["Hatchback"]}, {"act": "CONFIRM", "canonical_values": ["True"], "slot": "add_insurance", "values": ["True"]}], "service": "RentalCars_3", "slots": [{"exclusive_end": 90, "slot": "pickup_location", "start": 62}, {"exclusive_end": 105, "slot": "start_date", "start": 96}, {"exclusive_end": 114, "slot": "pickup_time", "start": 109}, {"exclusive_end": 130, "slot": "end_date", "start": 121}]}], "speaker": "SYSTEM", "utterance": "confirm the procedure. you are about to rent a hatchback from o'hare international airport from march 2nd at 11 am until march 4th. you also want to purchase insurance"}, {"frames": [{"actions": [{"act": "REQUEST", "canonical_values": [], "slot": "price_per_day", "values": []}, {"act": "AFFIRM", "canonical_values": [], "slot": "", "values": []}], "service": "RentalCars_3", "slots": [], "state": {"active_intent": "ReserveCar", "requested_slots": ["price_per_day"], "slot_values": {"add_insurance": ["True"], "car_type": ["Hatchback"], "city": ["chicago"], "end_date": ["march 4th", "next monday"], "pickup_location": ["o'hare international airport"], "pickup_time": ["11 am"], "start_date": ["2nd of this month", "march 2nd"]}}}], "speaker": "USER", "utterance": "yes, can you tell me the cost of the rental for a day?"}, {"frames": [{"actions": [{"act": "INFORM", "canonical_values": ["42.00"], "slot": "price_per_day", "values": ["$42.00"]}, {"act": "NOTIFY_SUCCESS", "canonical_values": [], "slot": "", "values": []}], "service": "RentalCars_3", "service_call": {"method": "ReserveCar", "parameters": {"add_insurance": "True", "car_type": "Hatchback", "end_date": "2019-03-04", "pickup_location": "O'Hare International Airport", "pickup_time": "11:00", "start_date": "2019-03-02"}}, "service_results": [{"add_insurance": "True", "car_name": "SEAT Leon", "car_type": "Hatchback", "end_date": "2019-03-04", "pickup_location": "O'Hare International Airport", "pickup_time": "11:00", "price_per_day": "42.00", "start_date": "2019-03-02"}], "slots": [{"exclusive_end": 11, "slot": "price_per_day", "start": 5}]}], "speaker": "SYSTEM", "utterance": "it's $42.00 per day and I can confirm you that the car is yours."}, {"frames": [{"actions": [{"act": "THANK_YOU", "canonical_values": [], "slot": "", "values": []}], "service": "RentalCars_3", "slots": [], "state": {"active_intent": "ReserveCar", "requested_slots": [], "slot_values": {"add_insurance": ["True"], "car_type": ["Hatchback"], "city": ["chicago"], "end_date": ["march 4th", "next monday"], "pickup_location": ["o'hare international airport"], "pickup_time": ["11 am"], "start_date": ["2nd of this month", "march 2nd"]}}}], "speaker": "USER", "utterance": "I can't wait to try it!"}, {"frames": [{"actions": [{"act": "REQ_MORE", "canonical_values": [], "slot": "", "values": []}], "service": "RentalCars_3", "slots": []}], "speaker": "SYSTEM", "utterance": "I see. do you want me to do something else?"}, {"frames": [{"actions": [{"act": "NEGATE", "canonical_values": [], "slot": "", "values": []}, {"act": "THANK_YOU", "canonical_values": [], "slot": "", "values": []}], "service": "RentalCars_3", "slots": [], "state": {"active_intent": "NONE", "requested_slots": [], "slot_values": {"add_insurance": ["True"], "car_type": ["Hatchback"], "city": ["chicago"], "end_date": ["march 4th", "next monday"], "pickup_location": ["o'hare international airport"], "pickup_time": ["11 am"], "start_date": ["2nd of this month", "march 2nd"]}}}], "speaker": "USER", "utterance": "no, I'm fine"}, {"frames": [{"actions": [{"act": "GOODBYE", "canonical_values": [], "slot": "", "values": []}], "service": "RentalCars_3", "slots": []}], "speaker": "SYSTEM", "utterance": "enjoy your day"}]}, {"dialogue_id": "20_00003", "services": ["Hotels_4", "RentalCars_3"], "turns": [{"frames": [{"actions": [{"act": "INFORM", "canonical_values": ["3"], "slot": "star_rating", "values": ["3"]}, {"act": "INFORM_INTENT", "canonical_values": ["SearchHotel"], "slot": "intent", "values": ["SearchHotel"]}], "service": "Hotels_4", "slots": [], "state": {"active_intent": "SearchHotel", "requested_slots": [], "slot_values": {"star_rating": ["3"]}}}], "speaker": "USER", "utterance": "Help me find a 3 star hotel."}, {"frames": [{"actions": [{"act": "REQUEST", "canonical_values": [], "slot": "location", "values": []}], "service": "Hotels_4", "slots": []}], "speaker": "SYSTEM", "utterance": "What location are you interested in?"}, {"frames": [{"actions": [{"act": "INFORM", "canonical_values": ["London"], "slot": "location", "values": ["London"]}], "service": "Hotels_4", "slots": [{"exclusive_end": 24, "slot": "location", "start": 18}], "state": {"active_intent": "SearchHotel", "requested_slots": [], "slot_values": {"location": ["London"], "star_rating": ["3"]}}}], "speaker": "USER", "utterance": "I want a hotel in London."}, {"frames": [{"actions": [{"act": "OFFER", "canonical_values": ["Abbey Court Hotel (Hyde Park)"], "slot": "place_name", "values": ["Abbey Court Hotel (Hyde Park)"]}, {"act": "OFFER", "canonical_values": ["3"], "slot": "star_rating", "values": ["3"]}, {"act": "INFORM_COUNT", "canonical_values": ["10"], "slot": "count", "values": ["10"]}], "service": "Hotels_4", "service_call": {"method": "SearchHotel", "parameters": {"location": "London", "star_rating": "3"}}, "service_results": [{"location": "London", "number_of_rooms": "1", "phone_number": "+44 20 7402 0281", "place_name": "Abbey Court Hotel (Hyde Park)", "price_per_night": "93", "smoking_allowed": "True", "star_rating": "3", "street_address": "Sussex Gardens"}, {"location": "London", "number_of_rooms": "3", "phone_number": "+44 20 7407 7566", "place_name": "Accommodation London Bridge", "price_per_night": "324", "smoking_allowed": "False", "star_rating": "3", "street_address": "58 Great Dover Street"}, {"location": "London", "number_of_rooms": "1", "phone_number": "+44 20 7834 0205", "place_name": "Airways Hotel London Victoria", "price_per_night": "84", "smoking_allowed": "True", "star_rating": "3", "street_address": "29-31 Saint George's Drive"}, {"location": "London", "number_of_rooms": "2", "phone_number": "+44 844 567 8955", "place_name": "Antoinette Hotel Wimbledon", "price_per_night": "162", "smoking_allowed": "False", "star_rating": "3", "street_address": "The Broadway SW19 1SD, United Kingdom"}, {"location": "London", "number_of_rooms": "2", "phone_number": "+44 20 7247 3313", "place_name": "Arbor City Hotel", "price_per_night": "222", "smoking_allowed": "False", "star_rating": "3", "street_address": "12-20 Osborn Street"}, {"location": "London", "number_of_rooms": "3", "phone_number": "+44 20 7402 5447", "place_name": "Ascot Hyde Park Hotel", "price_per_night": "198", "smoking_allowed": "False", "star_rating": "3", "street_address": "11 Craven Road"}, {"location": "London", "number_of_rooms": "3", "phone_number": "+44 20 3953 4251", "place_name": "Assembly Hotel London", "price_per_night": "216", "smoking_allowed": "True", "star_rating": "3", "street_address": "27 - 31 Charing Cross Road"}, {"location": "London", "number_of_rooms": "3", "phone_number": "+44 20 7636 4133", "place_name": "Astor Court Hotel", "price_per_night": "261", "smoking_allowed": "False", "star_rating": "3", "street_address": "20 Hallam Street, Oxford Circus"}, {"location": "London", "number_of_rooms": "1", "phone_number": "+44 20 7244 5700", "place_name": "Avni Kensington Hotel", "price_per_night": "84", "smoking_allowed": "False", "star_rating": "3", "street_address": "40-44 Harrington Gardens"}, {"location": "London", "number_of_rooms": "2", "phone_number": "+44 20 7727 8621", "place_name": "Bayswater Inn Hotel", "price_per_night": "234", "smoking_allowed": "False", "star_rating": "3", "street_address": "8-16 Prince's Square"}], "slots": [{"exclusive_end": 105, "slot": "place_name", "start": 76}]}], "speaker": "SYSTEM", "utterance": "There are 10 hotels that fit your preference. There's a 3 star hotel called Abbey Court Hotel (Hyde Park) you might enjoy."}, {"frames": [{"actions": [{"act": "REQUEST", "canonical_values": [], "slot": "price_per_night", "values": []}], "service": "Hotels_4", "slots": [], "state": {"active_intent": "SearchHotel", "requested_slots": ["price_per_night"], "slot_values": {"location": ["London"], "star_rating": ["3"]}}}], "speaker": "USER", "utterance": "How much is it per night?"}, {"frames": [{"actions": [{"act": "INFORM", "canonical_values": ["93"], "slot": "price_per_night", "values": ["$93"]}], "service": "Hotels_4", "slots": [{"exclusive_end": 9, "slot": "price_per_night", "start": 6}]}], "speaker": "SYSTEM", "utterance": "It is $93 per night."}, {"frames": [{"actions": [{"act": "INFORM", "canonical_values": ["Sedan"], "slot": "car_type", "values": ["Sedan"]}, {"act": "INFORM", "canonical_values": ["15:00"], "slot": "pickup_time", "values": ["afternoon 3"]}, {"act": "INFORM", "canonical_values": ["2019-03-10"], "slot": "end_date", "values": ["10th of March"]}, {"act": "INFORM_INTENT", "canonical_values": ["GetCarsAvailable"], "slot": "intent", "values": ["GetCarsAvailable"]}], "service": "RentalCars_3", "slots": [{"exclusive_end": 78, "slot": "pickup_time", "start": 67}, {"exclusive_end": 120, "slot": "end_date", "start": 107}], "state": {"active_intent": "GetCarsAvailable", "requested_slots": [], "slot_values": {"car_type": ["Sedan"], "city": ["London"], "end_date": ["10th of March"], "pickup_time": ["afternoon 3"]}}}, {"actions": [{"act": "SELECT", "canonical_values": [], "slot": "", "values": []}], "service": "Hotels_4", "slots": [], "state": {"active_intent": "SearchHotel", "requested_slots": [], "slot_values": {"location": ["London"], "place_name": ["Abbey Court Hotel (Hyde Park)"], "star_rating": ["3"]}}}], "speaker": "USER", "utterance": "Alright, nice. I also need a rental car there. I want to get it on afternoon 3. And I'll need it until the 10th of March. I'd prefer a Sedan."}, {"frames": [{"actions": [{"act": "REQUEST", "canonical_values": ["2019-03-06"], "slot": "start_date", "values": ["March 6th"]}], "service": "RentalCars_3", "slots": [{"exclusive_end": 43, "slot": "start_date", "start": 34}]}], "speaker": "SYSTEM", "utterance": "Will you be picking up the car on March 6th?"}, {"frames": [{"actions": [{"act": "AFFIRM", "canonical_values": [], "slot": "", "values": []}], "service": "RentalCars_3", "slots": [], "state": {"active_intent": "GetCarsAvailable", "requested_slots": [], "slot_values": {"car_type": ["Sedan"], "city": ["London"], "end_date": ["10th of March"], "pickup_time": ["afternoon 3"], "start_date": ["March 6th"]}}}], "speaker": "USER", "utterance": "Oh, yeah. That's when I want to pick it up."}, {"frames": [{"actions": [{"act": "OFFER", "canonical_values": ["Heathrow International Airport"], "slot": "pickup_location", "values": ["Heathrow International airport"]}, {"act": "OFFER", "canonical_values": ["Sedan"], "slot": "car_type", "values": ["Sedan"]}, {"act": "OFFER", "canonical_values": ["Audi A8"], "slot": "car_name", "values": ["Audi A8"]}, {"act": "INFORM_COUNT", "canonical_values": ["6"], "slot": "count", "values": ["6"]}], "service": "RentalCars_3", "service_call": {"method": "GetCarsAvailable", "parameters": {"car_type": "Sedan", "city": "London", "end_date": "2019-03-10", "pickup_time": "15:00", "start_date": "2019-03-06"}}, "service_results": [{"car_name": "Audi A8", "car_type": "Sedan", "city": "London", "end_date": "2019-03-10", "pickup_location": "Heathrow International Airport", "pickup_time": "15:00", "price_per_day": "31.00", "start_date": "2019-03-06"}, {"car_name": "Buick Regal Sportback", "car_type": "Sedan", "city": "London", "end_date": "2019-03-10", "pickup_location": "Gatwick International Airport", "pickup_time": "15:00", "price_per_day": "33.00", "start_date": "2019-03-06"}, {"car_name": "Hyundai Ioniq", "car_type": "Sedan", "city": "London", "end_date": "2019-03-10", "pickup_location": "Gatwick International Airport", "pickup_time": "15:00", "price_per_day": "34.00", "start_date": "2019-03-06"}, {"car_name": "Lexus GS", "car_type": "Sedan", "city": "London", "end_date": "2019-03-10", "pickup_location": "Heathrow International Airport", "pickup_time": "15:00", "price_per_day": "31.00", "start_date": "2019-03-06"}, {"car_name": "SEAT Cordoba", "car_type": "Sedan", "city": "London", "end_date": "2019-03-10", "pickup_location": "Heathrow International Airport", "pickup_time": "15:00", "price_per_day": "33.00", "start_date": "2019-03-06"}, {"car_name": "Volvo S90", "car_type": "Sedan", "city": "London", "end_date": "2019-03-10", "pickup_location": "Heathrow International Airport", "pickup_time": "15:00", "price_per_day": "31.00", "start_date": "2019-03-06"}], "slots": [{"exclusive_end": 91, "slot": "pickup_location", "start": 61}, {"exclusive_end": 47, "slot": "car_name", "start": 40}]}], "speaker": "SYSTEM", "utterance": "I've found 6 cars. There's a nice Sedan Audi A8 available at Heathrow International airport."}, {"frames": [{"actions": [{"act": "REQUEST", "canonical_values": [], "slot": "price_per_day", "values": []}], "service": "RentalCars_3", "slots": [], "state": {"active_intent": "GetCarsAvailable", "requested_slots": ["price_per_day"], "slot_values": {"car_type": ["Sedan"], "city": ["London"], "end_date": ["10th of March"], "pickup_time": ["afternoon 3"], "start_date": ["March 6th"]}}}], "speaker": "USER", "utterance": "And what's the cost for a day's rental?"}, {"frames": [{"actions": [{"act": "INFORM", "canonical_values": ["31.00"], "slot": "price_per_day", "values": ["$31.00"]}], "service": "RentalCars_3", "slots": [{"exclusive_end": 12, "slot": "price_per_day", "start": 6}]}], "speaker": "SYSTEM", "utterance": "It is $31.00 for a day."}, {"frames": [{"actions": [{"act": "SELECT", "canonical_values": [], "slot": "", "values": []}], "service": "RentalCars_3", "slots": [], "state": {"active_intent": "GetCarsAvailable", "requested_slots": [], "slot_values": {"car_type": ["Sedan"], "city": ["London"], "end_date": ["10th of March"], "pickup_location": ["Heathrow International airport"], "pickup_time": ["afternoon 3"], "start_date": ["March 6th"]}}}], "speaker": "USER", "utterance": "That can work."}, {"frames": [{"actions": [{"act": "OFFER_INTENT", "canonical_values": ["ReserveCar"], "slot": "intent", "values": ["ReserveCar"]}], "service": "RentalCars_3", "slots": []}], "speaker": "SYSTEM", "utterance": "Do you want to reserve it?"}, {"frames": [{"actions": [{"act": "AFFIRM_INTENT", "canonical_values": [], "slot": "", "values": []}], "service": "RentalCars_3", "slots": [], "state": {"active_intent": "ReserveCar", "requested_slots": [], "slot_values": {"car_type": ["Sedan"], "city": ["London"], "end_date": ["10th of March"], "pickup_location": ["Heathrow International airport"], "pickup_time": ["afternoon 3"], "start_date": ["March 6th"]}}}], "speaker": "USER", "utterance": "Yes, please make the reservation?"}, {"frames": [{"actions": [{"act": "REQUEST", "canonical_values": [], "slot": "add_insurance", "values": []}], "service": "RentalCars_3", "slots": []}], "speaker": "SYSTEM", "utterance": "Do you want to include insurance?"}, {"frames": [{"actions": [{"act": "INFORM", "canonical_values": ["False"], "slot": "add_insurance", "values": ["False"]}], "service": "RentalCars_3", "slots": [], "state": {"active_intent": "ReserveCar", "requested_slots": [], "slot_values": {"add_insurance": ["False"], "car_type": ["Sedan"], "city": ["London"], "end_date": ["10th of March"], "pickup_location": ["Heathrow International airport"], "pickup_time": ["afternoon 3"], "start_date": ["March 6th"]}}}], "speaker": "USER", "utterance": "Insurance won't be necessary."}, {"frames": [{"actions": [{"act": "CONFIRM", "canonical_values": ["Heathrow International Airport"], "slot": "pickup_location", "values": ["Heathrow International Airport"]}, {"act": "CONFIRM", "canonical_values": ["2019-03-06"], "slot": "start_date", "values": ["March 6th"]}, {"act": "CONFIRM", "canonical_values": ["15:00"], "slot": "pickup_time", "values": ["3 pm"]}, {"act": "CONFIRM", "canonical_values": ["2019-03-10"], "slot": "end_date", "values": ["March 10th"]}, {"act": "CONFIRM", "canonical_values": ["Sedan"], "slot": "car_type", "values": ["Sedan"]}, {"act": "CONFIRM", "canonical_values": ["False"], "slot": "add_insurance", "values": ["False"]}], "service": "RentalCars_3", "slots": [{"exclusive_end": 60, "slot": "pickup_location", "start": 30}, {"exclusive_end": 75, "slot": "start_date", "start": 66}, {"exclusive_end": 83, "slot": "pickup_time", "start": 79}, {"exclusive_end": 100, "slot": "end_date", "start": 90}]}], "speaker": "SYSTEM", "utterance": "I'll reserve you the Sedan at Heathrow International Airport from March 6th at 3 pm until March 10th. No insurance will be included. Please confirm."}, {"frames": [{"actions": [{"act": "INFORM", "canonical_values": ["True"], "slot": "add_insurance", "values": ["True"]}, {"act": "NEGATE", "canonical_values": [], "slot": "", "values": []}], "service": "RentalCars_3", "slots": [], "state": {"active_intent": "ReserveCar", "requested_slots": [], "slot_values": {"add_insurance": ["True"], "car_type": ["Sedan"], "city": ["London"], "end_date": ["10th of March", "March 10th"], "pickup_location": ["Heathrow International Airport", "Heathrow International airport"], "pickup_time": ["3 pm", "afternoon 3"], "start_date": ["March 6th"]}}}], "speaker": "USER", "utterance": "Wait, maybe I do want the insurance."}, {"frames": [{"actions": [{"act": "CONFIRM", "canonical_values": ["Sedan"], "slot": "car_type", "values": ["Sedan"]}, {"act": "CONFIRM", "canonical_values": ["True"], "slot": "add_insurance", "values": ["True"]}], "service": "RentalCars_3", "slots": []}], "speaker": "SYSTEM", "utterance": "I'll get you the Sedan and also get the insurance, is that right?"}, {"frames": [{"actions": [{"act": "AFFIRM", "canonical_values": [], "slot": "", "values": []}], "service": "RentalCars_3", "slots": [], "state": {"active_intent": "ReserveCar", "requested_slots": [], "slot_values": {"add_insurance": ["True"], "car_type": ["Sedan"], "city": ["London"], "end_date": ["10th of March", "March 10th"], "pickup_location": ["Heathrow International Airport", "Heathrow International airport"], "pickup_time": ["3 pm", "afternoon 3"], "start_date": ["March 6th"]}}}], "speaker": "USER", "utterance": "Yes, that's right."}, {"frames": [{"actions": [{"act": "NOTIFY_SUCCESS", "canonical_values": [], "slot": "", "values": []}], "service": "RentalCars_3", "service_call": {"method": "ReserveCar", "parameters": {"add_insurance": "True", "car_type": "Sedan", "end_date": "2019-03-10", "pickup_location": "Heathrow International Airport", "pickup_time": "15:00", "start_date": "2019-03-06"}}, "service_results": [{"add_insurance": "True", "car_name": "Volvo S90", "car_type": "Sedan", "end_date": "2019-03-10", "pickup_location": "Heathrow International Airport", "pickup_time": "15:00", "price_per_day": "47.00", "start_date": "2019-03-06"}], "slots": []}], "speaker": "SYSTEM", "utterance": "I've reserved the car for you."}, {"frames": [{"actions": [{"act": "THANK_YOU", "canonical_values": [], "slot": "", "values": []}, {"act": "GOODBYE", "canonical_values": [], "slot": "", "values": []}], "service": "RentalCars_3", "slots": [], "state": {"active_intent": "ReserveCar", "requested_slots": [], "slot_values": {"add_insurance": ["True"], "car_type": ["Sedan"], "city": ["London"], "end_date": ["10th of March", "March 10th"], "pickup_location": ["Heathrow International Airport", "Heathrow International airport"], "pickup_time": ["3 pm", "afternoon 3"], "start_date": ["March 6th"]}}}], "speaker": "USER", "utterance": "Thanks for helping. I don't need anything else."}, {"frames": [{"actions": [{"act": "GOODBYE", "canonical_values": [], "slot": "", "values": []}], "service": "RentalCars_3", "slots": []}], "speaker": "SYSTEM", "utterance": "Have a wonderful rest of your day."}]}, {"dialogue_id": "20_00004", "services": ["Hotels_4", "RentalCars_3"], "turns": [{"frames": [{"actions": [{"act": "INFORM", "canonical_values": ["Paris"], "slot": "location", "values": ["Paris, France"]}, {"act": "INFORM", "canonical_values": ["3"], "slot": "number_of_rooms", "values": ["3"]}, {"act": "INFORM_INTENT", "canonical_values": ["SearchHotel"], "slot": "intent", "values": ["SearchHotel"]}], "service": "Hotels_4", "slots": [{"exclusive_end": 62, "slot": "location", "start": 49}], "state": {"active_intent": "SearchHotel", "requested_slots": [], "slot_values": {"location": ["Paris, France"], "number_of_rooms": ["3"]}}}], "speaker": "USER", "utterance": "I need to find a hotel with 3 rooms available in Paris, France. Can you help me out?"}, {"frames": [{"actions": [{"act": "OFFER", "canonical_values": ["Ac Hotel By Marriott Paris Porte Maillot"], "slot": "place_name", "values": ["AC Hotel By Marriott Paris Porte Maillot"]}, {"act": "OFFER", "canonical_values": ["4"], "slot": "star_rating", "values": ["4"]}], "service": "Hotels_4", "service_call": {"method": "SearchHotel", "parameters": {"location": "Paris", "number_of_rooms": "3"}}, "service_results": [{"location": "Paris", "number_of_rooms": "3", "phone_number": "+33 1 84 82 49 09", "place_name": "Ac Hotel By Marriott Paris Porte Maillot", "price_per_night": "432", "smoking_allowed": "False", "star_rating": "4", "street_address": "6 Rue Gustave Charpentier, 75017"}, {"location": "Paris", "number_of_rooms": "3", "phone_number": "+33 1 49 52 99 70", "place_name": "Amastan Paris", "price_per_night": "432", "smoking_allowed": "False", "star_rating": "4", "street_address": "34 Rue Jean Mermoz, 75008"}, {"location": "Paris", "number_of_rooms": "3", "phone_number": "+33 1 44 72 42 00", "place_name": "Aparthotel Adagio Access Paris La Villette", "price_per_night": "342", "smoking_allowed": "False", "star_rating": "3", "street_address": "28bis Avenue Corentin Cariou, 75019"}, {"location": "Paris", "number_of_rooms": "3", "phone_number": "+33 1 42 57 14 55", "place_name": "Aparthotel Adagio Paris Montmartre", "price_per_night": "225", "smoking_allowed": "True", "star_rating": "3", "street_address": "10 Place Charles Dullin, 75018"}, {"location": "Paris", "number_of_rooms": "3", "phone_number": "+33 1 42 85 50 00", "place_name": "Avalon Hotel Paris Gare Du Nord", "price_per_night": "324", "smoking_allowed": "False", "star_rating": "3", "street_address": "131 Boulevard de Magenta, 75010"}, {"location": "Paris", "number_of_rooms": "3", "phone_number": "+33 1 45 38 52 59", "place_name": "Best Western Bretagne Montparnasse", "price_per_night": "456", "smoking_allowed": "True", "star_rating": "4", "street_address": "33 Rue Raymond Losserand, 75014"}, {"location": "Paris", "number_of_rooms": "3", "phone_number": "+33 1 43 37 81 25", "place_name": "Best Western Plus La Demeure HoTel", "price_per_night": "468", "smoking_allowed": "False", "star_rating": "4", "street_address": "51 Boulevard Saint-Marcel, 75013"}, {"location": "Paris", "number_of_rooms": "3", "phone_number": "+33 1 40 43 02 33", "place_name": "Bob Hotel By Elegancia", "price_per_night": "396", "smoking_allowed": "True", "star_rating": "4", "street_address": "30 Rue Pernety, 75014"}, {"location": "Paris", "number_of_rooms": "3", "phone_number": "+33 1 44 30 10 00", "place_name": "Brach Paris", "price_per_night": "480", "smoking_allowed": "True", "star_rating": "5", "street_address": "1-7 Rue Jean Richepin, 75016"}, {"location": "Paris", "number_of_rooms": "3", "phone_number": "+33 1 83 96 88 88", "place_name": "Buddha-Bar Hotel Paris", "price_per_night": "345", "smoking_allowed": "True", "star_rating": "5", "street_address": "4 Rue d'Anjou, 75008"}], "slots": [{"exclusive_end": 90, "slot": "place_name", "start": 50}]}], "speaker": "SYSTEM", "utterance": "No problem. I've found a nice 4 star hotel called AC Hotel By Marriott Paris Porte Maillot that you may like."}, {"frames": [{"actions": [{"act": "REQUEST", "canonical_values": [], "slot": "phone_number", "values": []}], "service": "Hotels_4", "slots": [], "state": {"active_intent": "SearchHotel", "requested_slots": ["phone_number"], "slot_values": {"location": ["Paris, France"], "number_of_rooms": ["3"]}}}], "speaker": "USER", "utterance": "What's their number?"}, {"frames": [{"actions": [{"act": "INFORM", "canonical_values": ["+33 1 84 82 49 09"], "slot": "phone_number", "values": ["+33 1 84 82 49 09"]}], "service": "Hotels_4", "slots": [{"exclusive_end": 51, "slot": "phone_number", "start": 34}]}], "speaker": "SYSTEM", "utterance": "They can be reached at the number +33 1 84 82 49 09."}, {"frames": [{"actions": [{"act": "REQUEST", "canonical_values": [], "slot": "smoking_allowed", "values": []}, {"act": "REQUEST", "canonical_values": [], "slot": "price_per_night", "values": []}], "service": "Hotels_4", "slots": [], "state": {"active_intent": "SearchHotel", "requested_slots": ["price_per_night", "smoking_allowed"], "slot_values": {"location": ["Paris, France"], "number_of_rooms": ["3"]}}}], "speaker": "USER", "utterance": "Thanks. What's the price per night? Is smoking allowed?"}, {"frames": [{"actions": [{"act": "INFORM", "canonical_values": ["False"], "slot": "smoking_allowed", "values": ["False"]}, {"act": "INFORM", "canonical_values": ["432"], "slot": "price_per_night", "values": ["$432"]}], "service": "Hotels_4", "slots": [{"exclusive_end": 54, "slot": "price_per_night", "start": 50}]}], "speaker": "SYSTEM", "utterance": "This is a no smoking hotel. The cost per night is $432."}, {"frames": [{"actions": [{"act": "INFORM_INTENT", "canonical_values": ["GetCarsAvailable"], "slot": "intent", "values": ["GetCarsAvailable"]}], "service": "RentalCars_3", "slots": [], "state": {"active_intent": "GetCarsAvailable", "requested_slots": [], "slot_values": {"city": ["Paris, France"]}}}, {"actions": [{"act": "SELECT", "canonical_values": [], "slot": "", "values": []}], "service": "Hotels_4", "slots": [], "state": {"active_intent": "SearchHotel", "requested_slots": [], "slot_values": {"location": ["Paris, France"], "number_of_rooms": ["3"], "place_name": ["AC Hotel By Marriott Paris Porte Maillot"]}}}], "speaker": "USER", "utterance": "Okay sounds good. Can you also help find a rental car for me?"}, {"frames": [{"actions": [{"act": "REQUEST", "canonical_values": [], "slot": "pickup_time", "values": []}, {"act": "REQUEST", "canonical_values": ["2019-03-03"], "slot": "start_date", "values": ["March 3rd"]}], "service": "RentalCars_3", "slots": [{"exclusive_end": 46, "slot": "start_date", "start": 37}]}], "speaker": "SYSTEM", "utterance": "Sure thing. Will you need the car on March 3rd? What time would you like to pick it up?"}, {"frames": [{"actions": [{"act": "INFORM", "canonical_values": ["2019-03-11"], "slot": "start_date", "values": ["11th of this month"]}, {"act": "INFORM", "canonical_values": ["18:30"], "slot": "pickup_time", "values": ["evening 6:30"]}], "service": "RentalCars_3", "slots": [{"exclusive_end": 44, "slot": "start_date", "start": 26}, {"exclusive_end": 97, "slot": "pickup_time", "start": 85}], "state": {"active_intent": "GetCarsAvailable", "requested_slots": [], "slot_values": {"city": ["Paris, France"], "pickup_time": ["evening 6:30"], "start_date": ["11th of this month"]}}}], "speaker": "USER", "utterance": "No, I need the car on the 11th of this month. I'd like to pick it up sometime in the evening 6:30."}, {"frames": [{"actions": [{"act": "REQUEST", "canonical_values": [], "slot": "end_date", "values": []}], "service": "RentalCars_3", "slots": []}], "speaker": "SYSTEM", "utterance": "How long will you need the vehicle?"}, {"frames": [{"actions": [{"act": "INFORM", "canonical_values": ["Sedan"], "slot": "car_type", "values": ["Sedan"]}, {"act": "INFORM", "canonical_values": ["2019-03-12"], "slot": "end_date", "values": ["12th of this month"]}], "service": "RentalCars_3", "slots": [{"exclusive_end": 40, "slot": "end_date", "start": 22}], "state": {"active_intent": "GetCarsAvailable", "requested_slots": [], "slot_values": {"car_type": ["Sedan"], "city": ["Paris, France"], "end_date": ["12th of this month"], "pickup_time": ["evening 6:30"], "start_date": ["11th of this month"]}}}], "speaker": "USER", "utterance": "I'll need it till the 12th of this month. Can you find a nice Sedan for me?"}, {"frames": [{"actions": [{"act": "OFFER", "canonical_values": ["Charles de Gaulle International Airport"], "slot": "pickup_location", "values": ["Charles de Gaulle International Airport"]}, {"act": "OFFER", "canonical_values": ["Sedan"], "slot": "car_type", "values": ["Sedan"]}, {"act": "OFFER", "canonical_values": ["Buick Regal Sportback"], "slot": "car_name", "values": ["Buick Regal Sportback"]}, {"act": "INFORM_COUNT", "canonical_values": ["3"], "slot": "count", "values": ["3"]}], "service": "RentalCars_3", "service_call": {"method": "GetCarsAvailable", "parameters": {"car_type": "Sedan", "city": "Paris", "end_date": "2019-03-12", "pickup_time": "18:30", "start_date": "2019-03-11"}}, "service_results": [{"car_name": "Buick Regal Sportback", "car_type": "Sedan", "city": "Paris", "end_date": "2019-03-12", "pickup_location": "Charles de Gaulle International Airport", "pickup_time": "18:30", "price_per_day": "40.00", "start_date": "2019-03-11"}, {"car_name": "Subaru Impreza", "car_type": "Sedan", "city": "Paris", "end_date": "2019-03-12", "pickup_location": "Charles de Gaulle International Airport", "pickup_time": "18:30", "price_per_day": "34.00", "start_date": "2019-03-11"}, {"car_name": "Volvo S90", "car_type": "Sedan", "city": "Paris", "end_date": "2019-03-12", "pickup_location": "Charles de Gaulle International Airport", "pickup_time": "18:30", "price_per_day": "30.00", "start_date": "2019-03-11"}], "slots": [{"exclusive_end": 150, "slot": "pickup_location", "start": 111}, {"exclusive_end": 83, "slot": "car_name", "start": 62}]}], "speaker": "SYSTEM", "utterance": "Sure thing. I've found 3 cars you may like. How about a Sedan Buick Regal Sportback? There is one available at Charles de Gaulle International Airport."}, {"frames": [{"actions": [{"act": "INFORM_INTENT", "canonical_values": ["ReserveCar"], "slot": "intent", "values": ["ReserveCar"]}, {"act": "SELECT", "canonical_values": [], "slot": "", "values": []}], "service": "RentalCars_3", "slots": [], "state": {"active_intent": "ReserveCar", "requested_slots": [], "slot_values": {"car_type": ["Sedan"], "city": ["Paris, France"], "end_date": ["12th of this month"], "pickup_location": ["Charles de Gaulle International Airport"], "pickup_time": ["evening 6:30"], "start_date": ["11th of this month"]}}}], "speaker": "USER", "utterance": "Yeah, that sounds good to me. I'd like to go ahead and reserve the car now."}, {"frames": [{"actions": [{"act": "REQUEST", "canonical_values": [], "slot": "add_insurance", "values": []}], "service": "RentalCars_3", "slots": []}], "speaker": "SYSTEM", "utterance": "No problem. Would you like to add insurance on the vehicle?"}, {"frames": [{"actions": [{"act": "INFORM", "canonical_values": ["False"], "slot": "add_insurance", "values": ["False"]}], "service": "RentalCars_3", "slots": [], "state": {"active_intent": "ReserveCar", "requested_slots": [], "slot_values": {"add_insurance": ["False"], "car_type": ["Sedan"], "city": ["Paris, France"], "end_date": ["12th of this month"], "pickup_location": ["Charles de Gaulle International Airport"], "pickup_time": ["evening 6:30"], "start_date": ["11th of this month"]}}}], "speaker": "USER", "utterance": "No, I don't think I'll need any insurance. I'm a pretty driver."}, {"frames": [{"actions": [{"act": "CONFIRM", "canonical_values": ["Charles de Gaulle International Airport"], "slot": "pickup_location", "values": ["Charles de Gaulle International Airport"]}, {"act": "CONFIRM", "canonical_values": ["2019-03-11"], "slot": "start_date", "values": ["March 11th"]}, {"act": "CONFIRM", "canonical_values": ["18:30"], "slot": "pickup_time", "values": ["6:30 pm"]}, {"act": "CONFIRM", "canonical_values": ["2019-03-12"], "slot": "end_date", "values": ["March 12th"]}, {"act": "CONFIRM", "canonical_values": ["Sedan"], "slot": "car_type", "values": ["Sedan"]}, {"act": "CONFIRM", "canonical_values": ["False"], "slot": "add_insurance", "values": ["False"]}], "service": "RentalCars_3", "slots": [{"exclusive_end": 116, "slot": "pickup_location", "start": 77}, {"exclusive_end": 130, "slot": "start_date", "start": 120}, {"exclusive_end": 141, "slot": "pickup_time", "start": 134}, {"exclusive_end": 194, "slot": "end_date", "start": 184}]}], "speaker": "SYSTEM", "utterance": "Okay, just confirm the following for me. You will be picking up a Sedan from Charles de Gaulle International Airport on March 11th at 6:30 pm. The car is due to be dropped back off on March 12th. Is this correct?"}, {"frames": [{"actions": [{"act": "AFFIRM", "canonical_values": [], "slot": "", "values": []}], "service": "RentalCars_3", "slots": [], "state": {"active_intent": "ReserveCar", "requested_slots": [], "slot_values": {"add_insurance": ["False"], "car_type": ["Sedan"], "city": ["Paris, France"], "end_date": ["12th of this month", "March 12th"], "pickup_location": ["Charles de Gaulle International Airport"], "pickup_time": ["6:30 pm", "evening 6:30"], "start_date": ["11th of this month", "March 11th"]}}}], "speaker": "USER", "utterance": "Yeah, that all sounds right to me."}, {"frames": [{"actions": [{"act": "NOTIFY_SUCCESS", "canonical_values": [], "slot": "", "values": []}], "service": "RentalCars_3", "service_call": {"method": "ReserveCar", "parameters": {"add_insurance": "False", "car_type": "Sedan", "end_date": "2019-03-12", "pickup_location": "Charles de Gaulle International Airport", "pickup_time": "18:30", "start_date": "2019-03-11"}}, "service_results": [{"add_insurance": "False", "car_name": "Volvo S90", "car_type": "Sedan", "end_date": "2019-03-12", "pickup_location": "Charles de Gaulle International Airport", "pickup_time": "18:30", "price_per_day": "30.00", "start_date": "2019-03-11"}], "slots": []}], "speaker": "SYSTEM", "utterance": "Your car has been successfully reserved."}, {"frames": [{"actions": [{"act": "THANK_YOU", "canonical_values": [], "slot": "", "values": []}, {"act": "GOODBYE", "canonical_values": [], "slot": "", "values": []}], "service": "RentalCars_3", "slots": [], "state": {"active_intent": "ReserveCar", "requested_slots": [], "slot_values": {"add_insurance": ["False"], "car_type": ["Sedan"], "city": ["Paris, France"], "end_date": ["12th of this month", "March 12th"], "pickup_location": ["Charles de Gaulle International Airport"], "pickup_time": ["6:30 pm", "evening 6:30"], "start_date": ["11th of this month", "March 11th"]}}}], "speaker": "USER", "utterance": "Great! Thanks for your help. That's all for now."}, {"frames": [{"actions": [{"act": "GOODBYE", "canonical_values": [], "slot": "", "values": []}], "service": "RentalCars_3", "slots": []}], "speaker": "SYSTEM", "utterance": "My pleasure. Have a good day."}]}]