[{"dialogue_id": "14_00000", "services": ["Media_3", "Weather_1"], "turns": [{"frames": [{"actions": [{"act": "INFORM", "canonical_values": ["Fantasy"], "slot": "genre", "values": ["fantasy"]}, {"act": "INFORM_INTENT", "canonical_values": ["FindMovies"], "slot": "intent", "values": ["FindMovies"]}], "service": "Media_3", "slots": [{"exclusive_end": 35, "slot": "genre", "start": 28}], "state": {"active_intent": "FindMovies", "requested_slots": [], "slot_values": {"genre": ["fantasy"]}}}], "speaker": "USER", "utterance": "Can you help me find a good fantasy movie online?"}, {"frames": [{"actions": [{"act": "OFFER", "canonical_values": ["Labyrinth", "The Lord of the Rings: The Return of the King"], "slot": "title", "values": ["Labyrinth", "The Lord of the Rings: The Return of the King"]}], "service": "Media_3", "service_call": {"method": "FindMovies", "parameters": {"genre": "Fantasy"}}, "service_results": [{"genre": "Fantasy", "starring": "Ron Mueck", "subtitle_language": "English", "title": "Labyrinth"}, {"genre": "Fantasy", "starring": "Liv Tyler", "subtitle_language": "Hindi", "title": "The Lord of the Rings: The Return of the King"}], "slots": [{"exclusive_end": 103, "slot": "title", "start": 94}, {"exclusive_end": 90, "slot": "title", "start": 45}]}], "speaker": "SYSTEM", "utterance": "Yes I can. Would you be interested in seeing The Lord of the Rings: The Return of the King or Labyrinth?"}, {"frames": [{"actions": [{"act": "SELECT", "canonical_values": ["Labyrinth"], "slot": "title", "values": ["Labyrinth"]}], "service": "Media_3", "slots": [{"exclusive_end": 18, "slot": "title", "start": 9}], "state": {"active_intent": "FindMovies", "requested_slots": [], "slot_values": {"genre": ["fantasy"], "title": ["Labyrinth"]}}}], "speaker": "USER", "utterance": "Let's do Labyrinth."}, {"frames": [{"actions": [{"act": "OFFER_INTENT", "canonical_values": ["PlayMovie"], "slot": "intent", "values": ["PlayMovie"]}], "service": "Media_3", "slots": []}], "speaker": "SYSTEM", "utterance": "Did you want me to start the movie for you now?"}, {"frames": [{"actions": [{"act": "AFFIRM_INTENT", "canonical_values": [], "slot": "", "values": []}], "service": "Media_3", "slots": [], "state": {"active_intent": "PlayMovie", "requested_slots": [], "slot_values": {"genre": ["fantasy"], "title": ["Labyrinth"]}}}], "speaker": "USER", "utterance": "Yes, that would be fine."}, {"frames": [{"actions": [{"act": "CONFIRM", "canonical_values": ["Labyrinth"], "slot": "title", "values": ["Labyrinth"]}, {"act": "CONFIRM", "canonical_values": ["English"], "slot": "subtitle_language", "values": ["English"]}], "service": "Media_3", "slots": [{"exclusive_end": 49, "slot": "title", "start": 40}]}], "speaker": "SYSTEM", "utterance": "Okay, did you want me to play the movie Labyrinth with English subtitles?"}, {"frames": [{"actions": [{"act": "AFFIRM", "canonical_values": [], "slot": "", "values": []}], "service": "Media_3", "slots": [], "state": {"active_intent": "PlayMovie", "requested_slots": [], "slot_values": {"genre": ["fantasy"], "subtitle_language": ["English"], "title": ["Labyrinth"]}}}], "speaker": "USER", "utterance": "Yes, that is correct."}, {"frames": [{"actions": [{"act": "NOTIFY_SUCCESS", "canonical_values": [], "slot": "", "values": []}], "service": "Media_3", "service_call": {"method": "PlayMovie", "parameters": {"subtitle_language": "English", "title": "Labyrinth"}}, "service_results": [{"genre": "Fantasy", "starring": "Ron Mueck", "subtitle_language": "English", "title": "Labyrinth"}], "slots": []}], "speaker": "SYSTEM", "utterance": "Okay, your movie will begin shortly."}, {"frames": [{"actions": [{"act": "INFORM", "canonical_values": ["Petaluma"], "slot": "city", "values": ["Petaluma"]}, {"act": "INFORM_INTENT", "canonical_values": ["GetWeather"], "slot": "intent", "values": ["GetWeather"]}], "service": "Weather_1", "slots": [{"exclusive_end": 46, "slot": "city", "start": 38}], "state": {"active_intent": "GetWeather", "requested_slots": [], "slot_values": {"city": ["Petaluma"]}}}], "speaker": "USER", "utterance": "Can you tell me how the weather is in Petaluma?"}, {"frames": [{"actions": [{"act": "OFFER", "canonical_values": ["82"], "slot": "temperature", "values": ["82"]}, {"act": "OFFER", "canonical_values": ["29"], "slot": "precipitation", "values": ["29"]}], "service": "Weather_1", "service_call": {"method": "GetWeather", "parameters": {"city": "Petaluma"}}, "service_results": [{"city": "Petaluma", "date": "2019-03-01", "humidity": "57", "precipitation": "29", "temperature": "82", "wind": "11"}], "slots": [{"exclusive_end": 27, "slot": "temperature", "start": 25}, {"exclusive_end": 53, "slot": "precipitation", "start": 51}]}], "speaker": "SYSTEM", "utterance": "Sure, the temperature is 82 degrees and their is a 29 percent chance of rain."}, {"frames": [{"actions": [{"act": "REQUEST", "canonical_values": [], "slot": "humidity", "values": []}, {"act": "REQUEST", "canonical_values": [], "slot": "date", "values": []}], "service": "Weather_1", "slots": [], "state": {"active_intent": "GetWeather", "requested_slots": ["date", "humidity"], "slot_values": {"city": ["Petaluma"]}}}], "speaker": "USER", "utterance": "Is this the temperature for today? How about the humidity level?"}, {"frames": [{"actions": [{"act": "INFORM", "canonical_values": ["2019-03-01"], "slot": "date", "values": ["March 1st"]}, {"act": "INFORM", "canonical_values": ["57"], "slot": "humidity", "values": ["57"]}], "service": "Weather_1", "slots": [{"exclusive_end": 54, "slot": "date", "start": 45}, {"exclusive_end": 102, "slot": "humidity", "start": 100}]}], "speaker": "SYSTEM", "utterance": "Yes, this is the accurate weather for today, March 1st, and the humidity level is said to be around 57 percent."}, {"frames": [{"actions": [{"act": "SELECT", "canonical_values": [], "slot": "", "values": []}, {"act": "GOODBYE", "canonical_values": [], "slot": "", "values": []}], "service": "Weather_1", "slots": [], "state": {"active_intent": "GetWeather", "requested_slots": [], "slot_values": {"city": ["Petaluma"]}}}], "speaker": "USER", "utterance": "Thank you for that information. That will be all."}, {"frames": [{"actions": [{"act": "GOODBYE", "canonical_values": [], "slot": "", "values": []}], "service": "Weather_1", "slots": []}], "speaker": "SYSTEM", "utterance": "You are welcome. Goodbye."}]}, {"dialogue_id": "14_00001", "services": ["Media_3", "Weather_1"], "turns": [{"frames": [{"actions": [{"act": "INFORM_INTENT", "canonical_values": ["FindMovies"], "slot": "intent", "values": ["FindMovies"]}], "service": "Media_3", "slots": [], "state": {"active_intent": "FindMovies", "requested_slots": [], "slot_values": {}}}], "speaker": "USER", "utterance": "I would like to watch a movie online."}, {"frames": [{"actions": [{"act": "REQUEST", "canonical_values": [], "slot": "genre", "values": []}], "service": "Media_3", "slots": []}], "speaker": "SYSTEM", "utterance": "What type of movie would you like to watch?"}, {"frames": [{"actions": [{"act": "INFORM", "canonical_values": ["Action"], "slot": "genre", "values": ["Action"]}], "service": "Media_3", "slots": [{"exclusive_end": 30, "slot": "genre", "start": 24}], "state": {"active_intent": "FindMovies", "requested_slots": [], "slot_values": {"genre": ["Action"]}}}], "speaker": "USER", "utterance": "I would like to watch a Action movie."}, {"frames": [{"actions": [{"act": "OFFER", "canonical_values": ["Angel Has Fallen", "Hobbs and Shaw", "Mission Mangal"], "slot": "title", "values": ["Angel has fallen", "hobbs and shaw", "mission mangal"]}, {"act": "INFORM_COUNT", "canonical_values": ["5"], "slot": "count", "values": ["5"]}], "service": "Media_3", "service_call": {"method": "FindMovies", "parameters": {"genre": "Action"}}, "service_results": [{"genre": "Action", "starring": "Nick Nolte", "subtitle_language": "Hindi", "title": "Angel Has Fallen"}, {"genre": "Action", "starring": "Helena Holmes", "subtitle_language": "English", "title": "Hobbs and Shaw"}, {"genre": "Action", "starring": "Mohan Kapoor", "subtitle_language": "English", "title": "Mission Mangal"}, {"genre": "Action", "starring": "Alexandre Bourgeois", "subtitle_language": "Spanish", "title": "Riot Girls"}, {"genre": "Action", "starring": "Prabhas", "subtitle_language": "French", "title": "Saaho"}], "slots": [{"exclusive_end": 45, "slot": "title", "start": 29}, {"exclusive_end": 61, "slot": "title", "start": 47}, {"exclusive_end": 79, "slot": "title", "start": 65}]}], "speaker": "SYSTEM", "utterance": "There are 5 movies. There is Angel has fallen, hobbs and shaw or mission mangal?"}, {"frames": [{"actions": [{"act": "REQUEST_ALTS", "canonical_values": [], "slot": "", "values": []}], "service": "Media_3", "slots": [], "state": {"active_intent": "FindMovies", "requested_slots": [], "slot_values": {"genre": ["Action"]}}}], "speaker": "USER", "utterance": "I would like more options."}, {"frames": [{"actions": [{"act": "OFFER", "canonical_values": ["Riot Girls", "Saaho"], "slot": "title", "values": ["Riot Girls", "Saaho"]}], "service": "Media_3", "slots": [{"exclusive_end": 19, "slot": "title", "start": 9}, {"exclusive_end": 29, "slot": "title", "start": 24}]}], "speaker": "SYSTEM", "utterance": "There is Riot Girls and Saaho."}, {"frames": [{"actions": [{"act": "INFORM", "canonical_values": ["French"], "slot": "subtitle_language", "values": ["French"]}, {"act": "INFORM_INTENT", "canonical_values": ["PlayMovie"], "slot": "intent", "values": ["PlayMovie"]}, {"act": "SELECT", "canonical_values": ["Saaho"], "slot": "title", "values": ["Saaho"]}], "service": "Media_3", "slots": [{"exclusive_end": 5, "slot": "title", "start": 0}], "state": {"active_intent": "PlayMovie", "requested_slots": [], "slot_values": {"genre": ["Action"], "subtitle_language": ["French"], "title": ["Saaho"]}}}], "speaker": "USER", "utterance": "Saaho sounds good. Can you play it with French subtitles."}, {"frames": [{"actions": [{"act": "CONFIRM", "canonical_values": ["Saaho"], "slot": "title", "values": ["Saaho"]}, {"act": "CONFIRM", "canonical_values": ["French"], "slot": "subtitle_language", "values": ["French"]}], "service": "Media_3", "slots": [{"exclusive_end": 13, "slot": "title", "start": 8}]}], "speaker": "SYSTEM", "utterance": "Playing Saaho with subtitles in French."}, {"frames": [{"actions": [{"act": "AFFIRM", "canonical_values": [], "slot": "", "values": []}], "service": "Media_3", "slots": [], "state": {"active_intent": "PlayMovie", "requested_slots": [], "slot_values": {"genre": ["Action"], "subtitle_language": ["French"], "title": ["Saaho"]}}}], "speaker": "USER", "utterance": "Yes, that sounds good."}, {"frames": [{"actions": [{"act": "NOTIFY_SUCCESS", "canonical_values": [], "slot": "", "values": []}], "service": "Media_3", "service_call": {"method": "PlayMovie", "parameters": {"subtitle_language": "French", "title": "Saaho"}}, "service_results": [{"genre": "Action", "starring": "Prabhas", "subtitle_language": "French", "title": "Saaho"}], "slots": []}], "speaker": "SYSTEM", "utterance": "The movie is now playing."}, {"frames": [{"actions": [{"act": "INFORM", "canonical_values": ["2019-03-14"], "slot": "date", "values": ["the 14th"]}, {"act": "INFORM", "canonical_values": ["Sonoma"], "slot": "city", "values": ["Sonoma"]}, {"act": "INFORM_INTENT", "canonical_values": ["GetWeather"], "slot": "intent", "values": ["GetWeather"]}], "service": "Weather_1", "slots": [{"exclusive_end": 51, "slot": "date", "start": 43}, {"exclusive_end": 61, "slot": "city", "start": 55}], "state": {"active_intent": "GetWeather", "requested_slots": [], "slot_values": {"city": ["Sonoma"], "date": ["the 14th"]}}}, {"actions": [{"act": "THANK_YOU", "canonical_values": [], "slot": "", "values": []}], "service": "Media_3", "slots": [], "state": {"active_intent": "PlayMovie", "requested_slots": [], "slot_values": {"genre": ["Action"], "subtitle_language": ["French"], "title": ["Saaho"]}}}], "speaker": "USER", "utterance": "I would like to know how the weather is on the 14th in Sonoma."}, {"frames": [{"actions": [{"act": "OFFER", "canonical_values": ["88"], "slot": "temperature", "values": ["88"]}, {"act": "OFFER", "canonical_values": ["25"], "slot": "precipitation", "values": ["25"]}], "service": "Weather_1", "service_call": {"method": "GetWeather", "parameters": {"city": "Sonoma", "date": "2019-03-14"}}, "service_results": [{"city": "Sonoma", "date": "2019-03-14", "humidity": "32", "precipitation": "25", "temperature": "88", "wind": "12"}], "slots": [{"exclusive_end": 18, "slot": "temperature", "start": 16}, {"exclusive_end": 44, "slot": "precipitation", "start": 42}]}], "speaker": "SYSTEM", "utterance": "The day will be 88 degrees and there is a 25 percent chance of rain."}, {"frames": [{"actions": [{"act": "REQUEST", "canonical_values": [], "slot": "wind", "values": []}], "service": "Weather_1", "slots": [], "state": {"active_intent": "GetWeather", "requested_slots": ["wind"], "slot_values": {"city": ["Sonoma"], "date": ["the 14th"]}}}], "speaker": "USER", "utterance": "How windy is the day going to be?"}, {"frames": [{"actions": [{"act": "INFORM", "canonical_values": ["12"], "slot": "wind", "values": ["12"]}], "service": "Weather_1", "slots": [{"exclusive_end": 28, "slot": "wind", "start": 26}]}], "speaker": "SYSTEM", "utterance": "The wind should be around 12 miles per hour."}, {"frames": [{"actions": [{"act": "SELECT", "canonical_values": [], "slot": "", "values": []}, {"act": "GOODBYE", "canonical_values": [], "slot": "", "values": []}], "service": "Weather_1", "slots": [], "state": {"active_intent": "GetWeather", "requested_slots": [], "slot_values": {"city": ["Sonoma"], "date": ["the 14th"]}}}], "speaker": "USER", "utterance": "That is all I needed."}, {"frames": [{"actions": [{"act": "GOODBYE", "canonical_values": [], "slot": "", "values": []}], "service": "Weather_1", "slots": []}], "speaker": "SYSTEM", "utterance": "Have a good day."}]}, {"dialogue_id": "14_00002", "services": ["Media_3", "Weather_1"], "turns": [{"frames": [{"actions": [{"act": "INFORM", "canonical_values": ["Owen Teague"], "slot": "starring", "values": ["Owen Teague"]}, {"act": "INFORM_INTENT", "canonical_values": ["FindMovies"], "slot": "intent", "values": ["FindMovies"]}], "service": "Media_3", "slots": [{"exclusive_end": 41, "slot": "starring", "start": 30}], "state": {"active_intent": "FindMovies", "requested_slots": [], "slot_values": {"starring": ["Owen Teague"]}}}], "speaker": "USER", "utterance": "Get me some move of the genre Owen Teague online."}, {"frames": [{"actions": [{"act": "REQUEST", "canonical_values": [], "slot": "genre", "values": []}], "service": "Media_3", "slots": []}], "speaker": "SYSTEM", "utterance": "What genre do you like?"}, {"frames": [{"actions": [{"act": "INFORM", "canonical_values": ["Supernatural"], "slot": "genre", "values": ["Supernatural"]}], "service": "Media_3", "slots": [{"exclusive_end": 22, "slot": "genre", "start": 10}], "state": {"active_intent": "FindMovies", "requested_slots": [], "slot_values": {"genre": ["Supernatural"], "starring": ["Owen Teague"]}}}], "speaker": "USER", "utterance": "Fine with Supernatural"}, {"frames": [{"actions": [{"act": "OFFER", "canonical_values": ["IT Chapter Two"], "slot": "title", "values": ["IT Chapter Two"]}], "service": "Media_3", "service_call": {"method": "FindMovies", "parameters": {"genre": "Supernatural", "starring": "Owen Teague"}}, "service_results": [{"genre": "Supernatural", "starring": "Owen Teague", "subtitle_language": "English", "title": "IT Chapter Two"}], "slots": [{"exclusive_end": 28, "slot": "title", "start": 14}]}], "speaker": "SYSTEM", "utterance": "Do you prefer IT Chapter Two?"}, {"frames": [{"actions": [{"act": "INFORM_INTENT", "canonical_values": ["PlayMovie"], "slot": "intent", "values": ["PlayMovie"]}, {"act": "SELECT", "canonical_values": ["IT Chapter Two"], "slot": "title", "values": ["IT Chapter Two"]}], "service": "Media_3", "slots": [{"exclusive_end": 34, "slot": "title", "start": 20}], "state": {"active_intent": "PlayMovie", "requested_slots": [], "slot_values": {"genre": ["Supernatural"], "starring": ["Owen Teague"], "title": ["IT Chapter Two"]}}}], "speaker": "USER", "utterance": "Yeah, right choice, IT Chapter Two will do."}, {"frames": [{"actions": [{"act": "CONFIRM", "canonical_values": ["IT Chapter Two"], "slot": "title", "values": ["IT Chapter Two"]}, {"act": "CONFIRM", "canonical_values": ["English"], "slot": "subtitle_language", "values": ["English"]}], "service": "Media_3", "slots": [{"exclusive_end": 47, "slot": "title", "start": 33}]}], "speaker": "SYSTEM", "utterance": "Please verify, you like to watch IT Chapter Two with English subtitles."}, {"frames": [{"actions": [{"act": "AFFIRM", "canonical_values": [], "slot": "", "values": []}], "service": "Media_3", "slots": [], "state": {"active_intent": "PlayMovie", "requested_slots": [], "slot_values": {"genre": ["Supernatural"], "starring": ["Owen Teague"], "subtitle_language": ["English"], "title": ["IT Chapter Two"]}}}], "speaker": "USER", "utterance": "Good, carry on."}, {"frames": [{"actions": [{"act": "NOTIFY_SUCCESS", "canonical_values": [], "slot": "", "values": []}], "service": "Media_3", "service_call": {"method": "PlayMovie", "parameters": {"subtitle_language": "English", "title": "IT Chapter Two"}}, "service_results": [{"genre": "Supernatural", "starring": "Owen Teague", "subtitle_language": "English", "title": "IT Chapter Two"}], "slots": []}], "speaker": "SYSTEM", "utterance": "It started playing."}, {"frames": [{"actions": [{"act": "THANK_YOU", "canonical_values": [], "slot": "", "values": []}], "service": "Media_3", "slots": [], "state": {"active_intent": "PlayMovie", "requested_slots": [], "slot_values": {"genre": ["Supernatural"], "starring": ["Owen Teague"], "subtitle_language": ["English"], "title": ["IT Chapter Two"]}}}], "speaker": "USER", "utterance": "Thank you for your service."}, {"frames": [{"actions": [{"act": "REQ_MORE", "canonical_values": [], "slot": "", "values": []}], "service": "Media_3", "slots": []}], "speaker": "SYSTEM", "utterance": "Any other help?"}, {"frames": [{"actions": [{"act": "INFORM", "canonical_values": ["2019-03-04"], "slot": "date", "values": ["Monday next week"]}, {"act": "INFORM", "canonical_values": ["Dublin"], "slot": "city", "values": ["Dublin"]}, {"act": "INFORM_INTENT", "canonical_values": ["GetWeather"], "slot": "intent", "values": ["GetWeather"]}], "service": "Weather_1", "slots": [{"exclusive_end": 51, "slot": "date", "start": 35}, {"exclusive_end": 31, "slot": "city", "start": 25}], "state": {"active_intent": "GetWeather", "requested_slots": [], "slot_values": {"city": ["Dublin"], "date": ["Monday next week"]}}}], "speaker": "USER", "utterance": "Tell me about weather in Dublin on Monday next week."}, {"frames": [{"actions": [{"act": "OFFER", "canonical_values": ["87"], "slot": "temperature", "values": ["87"]}, {"act": "OFFER", "canonical_values": ["23"], "slot": "precipitation", "values": ["23"]}], "service": "Weather_1", "service_call": {"method": "GetWeather", "parameters": {"city": "Dublin", "date": "2019-03-04"}}, "service_results": [{"city": "Dublin", "date": "2019-03-04", "humidity": "26", "precipitation": "23", "temperature": "87", "wind": "10"}], "slots": [{"exclusive_end": 25, "slot": "temperature", "start": 23}, {"exclusive_end": 41, "slot": "precipitation", "start": 39}]}], "speaker": "SYSTEM", "utterance": "Average temperature is 87 degrees with 23 percent chance of shower."}, {"frames": [{"actions": [{"act": "REQUEST", "canonical_values": [], "slot": "humidity", "values": []}, {"act": "REQUEST", "canonical_values": [], "slot": "wind", "values": []}], "service": "Weather_1", "slots": [], "state": {"active_intent": "GetWeather", "requested_slots": ["humidity", "wind"], "slot_values": {"city": ["Dublin"], "date": ["Monday next week"]}}}], "speaker": "USER", "utterance": "Humidity condition and wind?"}, {"frames": [{"actions": [{"act": "INFORM", "canonical_values": ["10"], "slot": "wind", "values": ["10"]}, {"act": "INFORM", "canonical_values": ["26"], "slot": "humidity", "values": ["26"]}], "service": "Weather_1", "slots": [{"exclusive_end": 27, "slot": "wind", "start": 25}, {"exclusive_end": 49, "slot": "humidity", "start": 47}]}], "speaker": "SYSTEM", "utterance": "You can expect wind with 10 miles per hour and 26 percent humidity."}, {"frames": [{"actions": [{"act": "SELECT", "canonical_values": [], "slot": "", "values": []}, {"act": "GOODBYE", "canonical_values": [], "slot": "", "values": []}], "service": "Weather_1", "slots": [], "state": {"active_intent": "GetWeather", "requested_slots": [], "slot_values": {"city": ["Dublin"], "date": ["Monday next week"]}}}], "speaker": "USER", "utterance": "Great, thank you."}, {"frames": [{"actions": [{"act": "GOODBYE", "canonical_values": [], "slot": "", "values": []}], "service": "Weather_1", "slots": []}], "speaker": "SYSTEM", "utterance": "Enjoy the day."}]}, {"dialogue_id": "14_00003", "services": ["Media_3", "Weather_1"], "turns": [{"frames": [{"actions": [{"act": "INFORM", "canonical_values": ["Sci-fi"], "slot": "genre", "values": ["scientific fiction"]}, {"act": "INFORM_INTENT", "canonical_values": ["FindMovies"], "slot": "intent", "values": ["FindMovies"]}], "service": "Media_3", "slots": [{"exclusive_end": 65, "slot": "genre", "start": 47}], "state": {"active_intent": "FindMovies", "requested_slots": [], "slot_values": {"genre": ["scientific fiction"]}}}], "speaker": "USER", "utterance": "I'd like to see several films online, and some scientific fiction films will be lovely."}, {"frames": [{"actions": [{"act": "OFFER", "canonical_values": ["Ad Astra", "Close Encounters of the Third Kind"], "slot": "title", "values": ["Ad Astra", "Close Encounters of the Third Kind"]}], "service": "Media_3", "service_call": {"method": "FindMovies", "parameters": {"genre": "Sci-fi"}}, "service_results": [{"genre": "Sci-fi", "starring": "Jamie Kennedy", "subtitle_language": "English", "title": "Ad Astra"}, {"genre": "Sci-fi", "starring": "Richard L. Hawkins", "subtitle_language": "Spanish", "title": "Close Encounters of the Third Kind"}], "slots": [{"exclusive_end": 29, "slot": "title", "start": 21}, {"exclusive_end": 67, "slot": "title", "start": 33}]}], "speaker": "SYSTEM", "utterance": "What do you think of Ad Astra or Close Encounters of the Third Kind?"}, {"frames": [{"actions": [{"act": "SELECT", "canonical_values": ["Ad Astra"], "slot": "title", "values": ["ad Astra"]}], "service": "Media_3", "slots": [{"exclusive_end": 17, "slot": "title", "start": 9}], "state": {"active_intent": "FindMovies", "requested_slots": [], "slot_values": {"genre": ["scientific fiction"], "title": ["Ad Astra", "ad Astra"]}}}], "speaker": "USER", "utterance": "I'd love ad Astra."}, {"frames": [{"actions": [{"act": "OFFER_INTENT", "canonical_values": ["PlayMovie"], "slot": "intent", "values": ["PlayMovie"]}], "service": "Media_3", "slots": []}], "speaker": "SYSTEM", "utterance": "Would you like to cast the film?"}, {"frames": [{"actions": [{"act": "AFFIRM_INTENT", "canonical_values": [], "slot": "", "values": []}], "service": "Media_3", "slots": [], "state": {"active_intent": "PlayMovie", "requested_slots": [], "slot_values": {"genre": ["scientific fiction"], "title": ["Ad Astra", "ad Astra"]}}}], "speaker": "USER", "utterance": "Yeah, I'd like to cast the film."}, {"frames": [{"actions": [{"act": "CONFIRM", "canonical_values": ["Ad Astra"], "slot": "title", "values": ["Ad Astra"]}, {"act": "CONFIRM", "canonical_values": ["English"], "slot": "subtitle_language", "values": ["English"]}], "service": "Media_3", "slots": [{"exclusive_end": 53, "slot": "title", "start": 45}]}], "speaker": "SYSTEM", "utterance": "Please verify the following informatio: cast Ad Astra with English subtitles."}, {"frames": [{"actions": [{"act": "AFFIRM", "canonical_values": [], "slot": "", "values": []}], "service": "Media_3", "slots": [], "state": {"active_intent": "PlayMovie", "requested_slots": [], "slot_values": {"genre": ["scientific fiction"], "subtitle_language": ["English"], "title": ["Ad Astra", "ad Astra"]}}}], "speaker": "USER", "utterance": "Yeah, that's right."}, {"frames": [{"actions": [{"act": "NOTIFY_SUCCESS", "canonical_values": [], "slot": "", "values": []}], "service": "Media_3", "service_call": {"method": "PlayMovie", "parameters": {"subtitle_language": "English", "title": "Ad Astra"}}, "service_results": [{"genre": "Sci-fi", "starring": "Jamie Kennedy", "subtitle_language": "English", "title": "Ad Astra"}], "slots": []}], "speaker": "SYSTEM", "utterance": "The film began casting."}, {"frames": [{"actions": [{"act": "INFORM", "canonical_values": ["Toronto"], "slot": "city", "values": ["Toronto, Ontario"]}, {"act": "INFORM_INTENT", "canonical_values": ["GetWeather"], "slot": "intent", "values": ["GetWeather"]}], "service": "Weather_1", "slots": [{"exclusive_end": 44, "slot": "city", "start": 28}], "state": {"active_intent": "GetWeather", "requested_slots": [], "slot_values": {"city": ["Toronto, Ontario"]}}}], "speaker": "USER", "utterance": "What is the climate like in Toronto, Ontario?"}, {"frames": [{"actions": [{"act": "OFFER", "canonical_values": ["58"], "slot": "temperature", "values": ["58"]}, {"act": "OFFER", "canonical_values": ["13"], "slot": "precipitation", "values": ["13"]}], "service": "Weather_1", "service_call": {"method": "GetWeather", "parameters": {"city": "Toronto"}}, "service_results": [{"city": "Toronto", "date": "2019-03-01", "humidity": "25", "precipitation": "13", "temperature": "58", "wind": "9"}], "slots": [{"exclusive_end": 45, "slot": "temperature", "start": 43}, {"exclusive_end": 74, "slot": "precipitation", "start": 72}]}], "speaker": "SYSTEM", "utterance": "The mean temperature for today ought to be 58 degrees Fahrenheit with a 13 percent probability of raining."}, {"frames": [{"actions": [{"act": "SELECT", "canonical_values": [], "slot": "", "values": []}, {"act": "GOODBYE", "canonical_values": [], "slot": "", "values": []}], "service": "Weather_1", "slots": [], "state": {"active_intent": "GetWeather", "requested_slots": [], "slot_values": {"city": ["Toronto, Ontario"]}}}], "speaker": "USER", "utterance": "Sure, alright. That's all; see ya!"}, {"frames": [{"actions": [{"act": "GOODBYE", "canonical_values": [], "slot": "", "values": []}], "service": "Weather_1", "slots": []}], "speaker": "SYSTEM", "utterance": "Have a pleasant afternoon."}]}, {"dialogue_id": "14_00004", "services": ["Media_3", "Weather_1"], "turns": [{"frames": [{"actions": [{"act": "INFORM_INTENT", "canonical_values": ["FindMovies"], "slot": "intent", "values": ["FindMovies"]}], "service": "Media_3", "slots": [], "state": {"active_intent": "FindMovies", "requested_slots": [], "slot_values": {}}}], "speaker": "USER", "utterance": "I'm looking for an online movie."}, {"frames": [{"actions": [{"act": "REQUEST", "canonical_values": [], "slot": "genre", "values": []}], "service": "Media_3", "slots": []}], "speaker": "SYSTEM", "utterance": "What type of movies do you like?"}, {"frames": [{"actions": [{"act": "INFORM", "canonical_values": ["Cult"], "slot": "genre", "values": ["crime story"]}], "service": "Media_3", "slots": [{"exclusive_end": 31, "slot": "genre", "start": 20}], "state": {"active_intent": "FindMovies", "requested_slots": [], "slot_values": {"genre": ["crime story"]}}}], "speaker": "USER", "utterance": "I'd like to watch a crime story movie."}, {"frames": [{"actions": [{"act": "OFFER", "canonical_values": ["Pulp Fiction"], "slot": "title", "values": ["Pulp Fiction"]}, {"act": "INFORM_COUNT", "canonical_values": ["1"], "slot": "count", "values": ["1"]}], "service": "Media_3", "service_call": {"method": "FindMovies", "parameters": {"genre": "Cult"}}, "service_results": [{"genre": "Cult", "starring": "Quentin Tarantino", "subtitle_language": "English", "title": "Pulp Fiction"}], "slots": [{"exclusive_end": 50, "slot": "title", "start": 38}]}], "speaker": "SYSTEM", "utterance": "I found 1 movie you might like, it is Pulp Fiction."}, {"frames": [{"actions": [{"act": "INFORM", "canonical_values": ["dontcare"], "slot": "subtitle_language", "values": ["dontcare"]}, {"act": "INFORM_INTENT", "canonical_values": ["PlayMovie"], "slot": "intent", "values": ["PlayMovie"]}, {"act": "SELECT", "canonical_values": ["Pulp Fiction"], "slot": "title", "values": ["Pulp Fiction"]}], "service": "Media_3", "slots": [{"exclusive_end": 12, "slot": "title", "start": 0}], "state": {"active_intent": "PlayMovie", "requested_slots": [], "slot_values": {"genre": ["crime story"], "subtitle_language": ["dontcare"], "title": ["Pulp Fiction"]}}}], "speaker": "USER", "utterance": "Pulp Fiction sounds great. I'd like to watch the movie now and I don't care about subtitles."}, {"frames": [{"actions": [{"act": "CONFIRM", "canonical_values": ["Pulp Fiction"], "slot": "title", "values": ["Pulp Fiction"]}, {"act": "CONFIRM", "canonical_values": ["English"], "slot": "subtitle_language", "values": ["English"]}], "service": "Media_3", "slots": [{"exclusive_end": 35, "slot": "title", "start": 23}]}], "speaker": "SYSTEM", "utterance": "Okay, you want to play Pulp Fiction with English subtitles, correct?"}, {"frames": [{"actions": [{"act": "REQUEST", "canonical_values": [], "slot": "starring", "values": []}, {"act": "AFFIRM", "canonical_values": [], "slot": "", "values": []}], "service": "Media_3", "slots": [], "state": {"active_intent": "PlayMovie", "requested_slots": ["starring"], "slot_values": {"genre": ["crime story"], "subtitle_language": ["dontcare"], "title": ["Pulp Fiction"]}}}], "speaker": "USER", "utterance": "Yes, that is right."}, {"frames": [{"actions": [{"act": "INFORM", "canonical_values": ["Quentin Tarantino"], "slot": "starring", "values": ["Quentin Tarantino"]}, {"act": "NOTIFY_SUCCESS", "canonical_values": [], "slot": "", "values": []}], "service": "Media_3", "service_call": {"method": "PlayMovie", "parameters": {"title": "Pulp Fiction"}}, "service_results": [{"genre": "Cult", "starring": "Quentin Tarantino", "subtitle_language": "English", "title": "Pulp Fiction"}], "slots": [{"exclusive_end": 51, "slot": "starring", "start": 34}]}], "speaker": "SYSTEM", "utterance": "I have started playing the movie. Quentin Tarantino starred in the movie."}, {"frames": [{"actions": [{"act": "INFORM_INTENT", "canonical_values": ["GetWeather"], "slot": "intent", "values": ["GetWeather"]}], "service": "Weather_1", "slots": [], "state": {"active_intent": "GetWeather", "requested_slots": [], "slot_values": {}}}, {"actions": [{"act": "THANK_YOU", "canonical_values": [], "slot": "", "values": []}], "service": "Media_3", "slots": [], "state": {"active_intent": "PlayMovie", "requested_slots": [], "slot_values": {"genre": ["crime story"], "subtitle_language": ["dontcare"], "title": ["Pulp Fiction"]}}}], "speaker": "USER", "utterance": "Thank you. What is the weather like?"}, {"frames": [{"actions": [{"act": "REQUEST", "canonical_values": [], "slot": "city", "values": []}], "service": "Weather_1", "slots": []}], "speaker": "SYSTEM", "utterance": "What city do you want to check the weather for?"}, {"frames": [{"actions": [{"act": "INFORM", "canonical_values": ["Point Reyes Station"], "slot": "city", "values": ["Point Reyes Station"]}], "service": "Weather_1", "slots": [{"exclusive_end": 19, "slot": "city", "start": 0}], "state": {"active_intent": "GetWeather", "requested_slots": [], "slot_values": {"city": ["Point Reyes Station"]}}}], "speaker": "USER", "utterance": "Point Reyes Station."}, {"frames": [{"actions": [{"act": "OFFER", "canonical_values": ["81"], "slot": "temperature", "values": ["81"]}, {"act": "OFFER", "canonical_values": ["3"], "slot": "precipitation", "values": ["3"]}], "service": "Weather_1", "service_call": {"method": "GetWeather", "parameters": {"city": "Point Reyes Station"}}, "service_results": [{"city": "Point Reyes Station", "date": "2019-03-01", "humidity": "16", "precipitation": "3", "temperature": "81", "wind": "11"}], "slots": [{"exclusive_end": 66, "slot": "temperature", "start": 64}, {"exclusive_end": 94, "slot": "precipitation", "start": 93}]}], "speaker": "SYSTEM", "utterance": "The average temperature in Point Reyes Station should be around 81 degrees Fahrenheit with a 3 percent chance of rain."}, {"frames": [{"actions": [{"act": "SELECT", "canonical_values": [], "slot": "", "values": []}], "service": "Weather_1", "slots": [], "state": {"active_intent": "GetWeather", "requested_slots": [], "slot_values": {"city": ["Point Reyes Station"]}}}], "speaker": "USER", "utterance": "Okay, thanks."}, {"frames": [{"actions": [{"act": "REQ_MORE", "canonical_values": [], "slot": "", "values": []}], "service": "Weather_1", "slots": []}], "speaker": "SYSTEM", "utterance": "Is there anything else I can help you with?"}, {"frames": [{"actions": [{"act": "NEGATE", "canonical_values": [], "slot": "", "values": []}, {"act": "THANK_YOU", "canonical_values": [], "slot": "", "values": []}], "service": "Weather_1", "slots": [], "state": {"active_intent": "NONE", "requested_slots": [], "slot_values": {"city": ["Point Reyes Station"]}}}], "speaker": "USER", "utterance": "No, thank you."}, {"frames": [{"actions": [{"act": "GOODBYE", "canonical_values": [], "slot": "", "values": []}], "service": "Weather_1", "slots": []}], "speaker": "SYSTEM", "utterance": "Have a great day."}]}]