[{"dialogue_id": "110_00000", "services": ["Services_2", "Calendar_1"], "turns": [{"frames": [{"actions": [{"act": "INFORM_INTENT", "canonical_values": ["FindProvider"], "slot": "intent", "values": ["FindProvider"]}], "service": "Services_2", "slots": [], "state": {"active_intent": "FindProvider", "requested_slots": [], "slot_values": {}}}], "speaker": "USER", "utterance": "Please find me a dentist."}, {"frames": [{"actions": [{"act": "REQUEST", "canonical_values": [], "slot": "city", "values": []}], "service": "Services_2", "slots": []}], "speaker": "SYSTEM", "utterance": "Which city?"}, {"frames": [{"actions": [{"act": "INFORM", "canonical_values": ["San Jose"], "slot": "city", "values": ["San Jose"]}], "service": "Services_2", "slots": [{"exclusive_end": 11, "slot": "city", "start": 3}], "state": {"active_intent": "FindProvider", "requested_slots": [], "slot_values": {"city": ["San Jose"]}}}], "speaker": "USER", "utterance": "In San Jose."}, {"frames": [{"actions": [{"act": "OFFER", "canonical_values": ["A J Dental Lab"], "slot": "dentist_name", "values": ["A J Dental Lab"]}, {"act": "OFFER", "canonical_values": ["San Jose"], "slot": "city", "values": ["San Jose"]}], "service": "Services_2", "service_call": {"method": "FindProvider", "parameters": {"city": "San Jose"}}, "service_results": [{"address": "2664 Berryessa Road # 206", "city": "San Jose", "dentist_name": "A J Dental Lab", "offers_cosmetic_services": "False", "phone_number": "408-316-8226"}, {"address": "2664 Berryessa Road # 205", "city": "San Jose", "dentist_name": "A-1 Dental Care", "offers_cosmetic_services": "False", "phone_number": "408-258-6669"}, {"address": "2664 Berryessa Road # 212", "city": "San Jose", "dentist_name": "Abad Dental Office", "offers_cosmetic_services": "False", "phone_number": "408-272-3809"}, {"address": "2664 Berryessa Road # 202", "city": "San Jose", "dentist_name": "Aitchison, Bernard", "offers_cosmetic_services": "False", "phone_number": "408-259-1632"}, {"address": "5595 Winfield Boulevard # 102", "city": "San Jose", "dentist_name": "Almaden Dental Care", "offers_cosmetic_services": "False", "phone_number": "408-224-5200"}, {"address": "5710 Cahalan Avenue # 8L", "city": "San Jose", "dentist_name": "Alpha Dental", "offers_cosmetic_services": "False", "phone_number": "408-578-4600"}, {"address": "5150 Graves Avenue # 11E", "city": "San Jose", "dentist_name": "Arts Of Dentistry", "offers_cosmetic_services": "False", "phone_number": "408-873-7737"}, {"address": "2664 Berryessa Road", "city": "San Jose", "dentist_name": "Bautista Maximilian", "offers_cosmetic_services": "False", "phone_number": "408-272-2330"}, {"address": "2664 Berryessa Road # 102", "city": "San Jose", "dentist_name": "Belle Dental", "offers_cosmetic_services": "False", "phone_number": "408-254-0888"}, {"address": "2664 Berryessa Road # 106", "city": "San Jose", "dentist_name": "Berryessa Oral Surgery Spec", "offers_cosmetic_services": "False", "phone_number": "408-729-9000"}], "slots": [{"exclusive_end": 22, "slot": "dentist_name", "start": 8}, {"exclusive_end": 34, "slot": "city", "start": 26}]}], "speaker": "SYSTEM", "utterance": "I found A J Dental Lab in San Jose."}, {"frames": [{"actions": [{"act": "REQUEST", "canonical_values": [], "slot": "offers_cosmetic_services", "values": []}, {"act": "REQUEST", "canonical_values": [], "slot": "address", "values": []}], "service": "Services_2", "slots": [], "state": {"active_intent": "FindProvider", "requested_slots": ["address", "offers_cosmetic_services"], "slot_values": {"city": ["San Jose"]}}}], "speaker": "USER", "utterance": "Where are they located and can they do cosmetics services?"}, {"frames": [{"actions": [{"act": "INFORM", "canonical_values": ["2664 Berryessa Road # 206"], "slot": "address", "values": ["2664 Berryessa Road # 206"]}, {"act": "INFORM", "canonical_values": ["False"], "slot": "offers_cosmetic_services", "values": ["False"]}], "service": "Services_2", "slots": [{"exclusive_end": 33, "slot": "address", "start": 8}]}], "speaker": "SYSTEM", "utterance": "It's at 2664 Berryessa Road # 206 but they don't offer cosmetics services."}, {"frames": [{"actions": [{"act": "SELECT", "canonical_values": [], "slot": "", "values": []}], "service": "Services_2", "slots": [], "state": {"active_intent": "FindProvider", "requested_slots": [], "slot_values": {"city": ["San Jose"], "dentist_name": ["A J Dental Lab"]}}}], "speaker": "USER", "utterance": "Yes, that's fine."}, {"frames": [{"actions": [{"act": "OFFER_INTENT", "canonical_values": ["BookAppointment"], "slot": "intent", "values": ["BookAppointment"]}], "service": "Services_2", "slots": []}], "speaker": "SYSTEM", "utterance": "Will I book you appointment?"}, {"frames": [{"actions": [{"act": "NEGATE_INTENT", "canonical_values": [], "slot": "", "values": []}], "service": "Services_2", "slots": [], "state": {"active_intent": "NONE", "requested_slots": [], "slot_values": {"city": ["San Jose"], "dentist_name": ["A J Dental Lab"]}}}], "speaker": "USER", "utterance": "Later."}, {"frames": [{"actions": [{"act": "REQ_MORE", "canonical_values": [], "slot": "", "values": []}], "service": "Services_2", "slots": []}], "speaker": "SYSTEM", "utterance": "DO you still need any other help?"}, {"frames": [{"actions": [{"act": "INFORM_INTENT", "canonical_values": ["GetAvailableTime"], "slot": "intent", "values": ["GetAvailableTime"]}], "service": "Calendar_1", "slots": [], "state": {"active_intent": "GetAvailableTime", "requested_slots": [], "slot_values": {}}}], "speaker": "USER", "utterance": "What is my availability on that day?"}, {"frames": [{"actions": [{"act": "REQUEST", "canonical_values": [], "slot": "event_date", "values": []}], "service": "Calendar_1", "slots": []}], "speaker": "SYSTEM", "utterance": "Which date?"}, {"frames": [{"actions": [{"act": "INFORM", "canonical_values": ["2019-03-04"], "slot": "event_date", "values": ["Monday next week"]}], "service": "Calendar_1", "slots": [{"exclusive_end": 19, "slot": "event_date", "start": 3}], "state": {"active_intent": "GetAvailableTime", "requested_slots": [], "slot_values": {"event_date": ["Monday next week"]}}}], "speaker": "USER", "utterance": "On Monday next week."}, {"frames": [{"actions": [{"act": "OFFER", "canonical_values": ["2019-03-04"], "slot": "event_date", "values": ["March 4th"]}, {"act": "OFFER", "canonical_values": ["14:30"], "slot": "available_start_time", "values": ["2:30 pm"]}, {"act": "OFFER", "canonical_values": ["20:30"], "slot": "available_end_time", "values": ["8:30 pm"]}], "service": "Calendar_1", "service_call": {"method": "GetAvailableTime", "parameters": {"event_date": "2019-03-04"}}, "service_results": [{"available_end_time": "20:30", "available_start_time": "14:30", "event_date": "2019-03-04"}], "slots": [{"exclusive_end": 17, "slot": "event_date", "start": 8}, {"exclusive_end": 56, "slot": "available_start_time", "start": 49}, {"exclusive_end": 70, "slot": "available_end_time", "start": 63}]}], "speaker": "SYSTEM", "utterance": "It's on March 4th and you are available starting 2:30 pm until 8:30 pm."}, {"frames": [{"actions": [{"act": "SELECT", "canonical_values": [], "slot": "", "values": []}], "service": "Calendar_1", "slots": [], "state": {"active_intent": "GetAvailableTime", "requested_slots": [], "slot_values": {"event_date": ["March 4th", "Monday next week"]}}}, {"actions": [{"act": "INFORM", "canonical_values": ["15:15"], "slot": "appointment_time", "values": ["3:15 pm"]}, {"act": "INFORM_INTENT", "canonical_values": ["BookAppointment"], "slot": "intent", "values": ["BookAppointment"]}], "service": "Services_2", "slots": [{"exclusive_end": 59, "slot": "appointment_time", "start": 52}], "state": {"active_intent": "BookAppointment", "requested_slots": [], "slot_values": {"appointment_date": ["March 4th", "Monday next week"], "appointment_time": ["3:15 pm"], "city": ["San Jose"], "dentist_name": ["A J Dental Lab"]}}}], "speaker": "USER", "utterance": "Good, can you book me appointment to the dentist at 3:15 pm?"}, {"frames": [{"actions": [{"act": "CONFIRM", "canonical_values": ["A J Dental Lab"], "slot": "dentist_name", "values": ["A J Dental Lab"]}, {"act": "CONFIRM", "canonical_values": ["15:15"], "slot": "appointment_time", "values": ["3:15 pm"]}, {"act": "CONFIRM", "canonical_values": ["2019-03-04"], "slot": "appointment_date", "values": ["March 4th"]}], "service": "Services_2", "slots": [{"exclusive_end": 57, "slot": "dentist_name", "start": 43}, {"exclusive_end": 81, "slot": "appointment_time", "start": 74}, {"exclusive_end": 70, "slot": "appointment_date", "start": 61}]}], "speaker": "SYSTEM", "utterance": "Okay, you want to book an appointment with A J Dental Lab on March 4th at 3:15 pm. Please confirm."}, {"frames": [{"actions": [{"act": "INFORM", "canonical_values": ["15:30"], "slot": "appointment_time", "values": ["half past 3 in the afternoon"]}, {"act": "NEGATE", "canonical_values": [], "slot": "", "values": []}], "service": "Services_2", "slots": [{"exclusive_end": 38, "slot": "appointment_time", "start": 10}], "state": {"active_intent": "BookAppointment", "requested_slots": [], "slot_values": {"appointment_date": ["March 4th", "Monday next week"], "appointment_time": ["half past 3 in the afternoon"], "city": ["San Jose"], "dentist_name": ["A J Dental Lab"]}}}], "speaker": "USER", "utterance": "No, maybe half past 3 in the afternoon?"}, {"frames": [{"actions": [{"act": "CONFIRM", "canonical_values": ["15:30"], "slot": "appointment_time", "values": ["3:30 pm"]}, {"act": "CONFIRM", "canonical_values": ["2019-03-04"], "slot": "appointment_date", "values": ["March 4th"]}], "service": "Services_2", "slots": [{"exclusive_end": 53, "slot": "appointment_time", "start": 46}, {"exclusive_end": 42, "slot": "appointment_date", "start": 33}]}], "speaker": "SYSTEM", "utterance": "Okay, you want an appointment on March 4th at 3:30 pm. Please confirm."}, {"frames": [{"actions": [{"act": "REQUEST", "canonical_values": [], "slot": "phone_number", "values": []}, {"act": "AFFIRM", "canonical_values": [], "slot": "", "values": []}], "service": "Services_2", "slots": [], "state": {"active_intent": "BookAppointment", "requested_slots": ["phone_number"], "slot_values": {"appointment_date": ["March 4th", "Monday next week"], "appointment_time": ["3:30 pm", "half past 3 in the afternoon"], "city": ["San Jose"], "dentist_name": ["A J Dental Lab"]}}}], "speaker": "USER", "utterance": "Yes, what's their phone number?"}, {"frames": [{"actions": [{"act": "NOTIFY_FAILURE", "canonical_values": [], "slot": "", "values": []}, {"act": "REQ_MORE", "canonical_values": [], "slot": "", "values": []}], "service": "Services_2", "service_call": {"method": "BookAppointment", "parameters": {"appointment_date": "2019-03-04", "appointment_time": "15:30", "dentist_name": "A J Dental Lab"}}, "service_results": [], "slots": []}], "speaker": "SYSTEM", "utterance": "I fail to book your appointment. Do you still need any other help?"}, {"frames": [{"actions": [{"act": "NEGATE", "canonical_values": [], "slot": "", "values": []}, {"act": "THANK_YOU", "canonical_values": [], "slot": "", "values": []}], "service": "Services_2", "slots": [], "state": {"active_intent": "NONE", "requested_slots": [], "slot_values": {"appointment_date": ["March 4th", "Monday next week"], "appointment_time": ["3:30 pm", "half past 3 in the afternoon"], "city": ["San Jose"], "dentist_name": ["A J Dental Lab"]}}}], "speaker": "USER", "utterance": "No, thanks."}, {"frames": [{"actions": [{"act": "GOODBYE", "canonical_values": [], "slot": "", "values": []}], "service": "Services_2", "slots": []}], "speaker": "SYSTEM", "utterance": "You are welcome."}]}, {"dialogue_id": "110_00001", "services": ["Services_2", "Calendar_1"], "turns": [{"frames": [{"actions": [{"act": "INFORM_INTENT", "canonical_values": ["FindProvider"], "slot": "intent", "values": ["FindProvider"]}], "service": "Services_2", "slots": [], "state": {"active_intent": "FindProvider", "requested_slots": [], "slot_values": {}}}], "speaker": "USER", "utterance": "I need to go to a dentist."}, {"frames": [{"actions": [{"act": "REQUEST", "canonical_values": [], "slot": "city", "values": []}], "service": "Services_2", "slots": []}], "speaker": "SYSTEM", "utterance": "What city do you want?"}, {"frames": [{"actions": [{"act": "INFORM", "canonical_values": ["Pleasant Hill"], "slot": "city", "values": ["Pleasant Hill"]}], "service": "Services_2", "slots": [{"exclusive_end": 33, "slot": "city", "start": 20}], "state": {"active_intent": "FindProvider", "requested_slots": [], "slot_values": {"city": ["Pleasant Hill"]}}}], "speaker": "USER", "utterance": "I want a dentist in Pleasant Hill."}, {"frames": [{"actions": [{"act": "OFFER", "canonical_values": ["Cho Benjamin"], "slot": "dentist_name", "values": ["Cho Benjamin"]}, {"act": "OFFER", "canonical_values": ["Pleasant Hill"], "slot": "city", "values": ["Pleasant Hill"]}, {"act": "INFORM_COUNT", "canonical_values": ["2"], "slot": "count", "values": ["2"]}], "service": "Services_2", "service_call": {"method": "FindProvider", "parameters": {"city": "Pleasant Hill"}}, "service_results": [{"address": "2256 Monument Blvd", "city": "Pleasant Hill", "dentist_name": "Cho Benjamin", "offers_cosmetic_services": "False", "phone_number": "925-827-3542"}, {"address": "1894 Contra Costa Boulevard", "city": "Pleasant Hill", "dentist_name": "Pleasant Hill Dental", "offers_cosmetic_services": "True", "phone_number": "925-900-3539"}], "slots": [{"exclusive_end": 39, "slot": "dentist_name", "start": 27}, {"exclusive_end": 59, "slot": "city", "start": 46}]}], "speaker": "SYSTEM", "utterance": "Search revealed 2 results. Cho Benjamin is in Pleasant Hill."}, {"frames": [{"actions": [{"act": "INFORM", "canonical_values": ["2019-03-09"], "slot": "event_date", "values": ["March 9th"]}, {"act": "INFORM_INTENT", "canonical_values": ["GetAvailableTime"], "slot": "intent", "values": ["GetAvailableTime"]}], "service": "Calendar_1", "slots": [{"exclusive_end": 57, "slot": "event_date", "start": 48}], "state": {"active_intent": "GetAvailableTime", "requested_slots": [], "slot_values": {"event_date": ["March 9th"]}}}, {"actions": [{"act": "SELECT", "canonical_values": [], "slot": "", "values": []}], "service": "Services_2", "slots": [], "state": {"active_intent": "FindProvider", "requested_slots": [], "slot_values": {"city": ["Pleasant Hill"], "dentist_name": ["Cho Benjamin"]}}}], "speaker": "USER", "utterance": "That works for me. Tell me open times I have on March 9th."}, {"frames": [{"actions": [{"act": "OFFER", "canonical_values": ["2019-03-09"], "slot": "event_date", "values": ["March 9th"]}, {"act": "OFFER", "canonical_values": ["13:30"], "slot": "available_start_time", "values": ["1:30 pm"]}, {"act": "OFFER", "canonical_values": ["19:00"], "slot": "available_end_time", "values": ["7 pm"]}], "service": "Calendar_1", "service_call": {"method": "GetAvailableTime", "parameters": {"event_date": "2019-03-09"}}, "service_results": [{"available_end_time": "19:00", "available_start_time": "13:30", "event_date": "2019-03-09"}], "slots": [{"exclusive_end": 46, "slot": "event_date", "start": 37}, {"exclusive_end": 25, "slot": "available_start_time", "start": 18}, {"exclusive_end": 33, "slot": "available_end_time", "start": 29}]}], "speaker": "SYSTEM", "utterance": "You are free from 1:30 pm to 7 pm on March 9th."}, {"frames": [{"actions": [{"act": "SELECT", "canonical_values": [], "slot": "", "values": []}], "service": "Calendar_1", "slots": [], "state": {"active_intent": "GetAvailableTime", "requested_slots": [], "slot_values": {"event_date": ["March 9th"]}}}, {"actions": [{"act": "INFORM_INTENT", "canonical_values": ["BookAppointment"], "slot": "intent", "values": ["BookAppointment"]}], "service": "Services_2", "slots": [], "state": {"active_intent": "BookAppointment", "requested_slots": [], "slot_values": {"appointment_date": ["March 9th"], "city": ["Pleasant Hill"], "dentist_name": ["Cho Benjamin"]}}}], "speaker": "USER", "utterance": "That works. Can you make an dentist appointment that day for me?"}, {"frames": [{"actions": [{"act": "REQUEST", "canonical_values": [], "slot": "appointment_time", "values": []}], "service": "Services_2", "slots": []}], "speaker": "SYSTEM", "utterance": "What time do you want?"}, {"frames": [{"actions": [{"act": "INFORM", "canonical_values": ["15:00"], "slot": "appointment_time", "values": ["three pm"]}], "service": "Services_2", "slots": [{"exclusive_end": 38, "slot": "appointment_time", "start": 30}], "state": {"active_intent": "BookAppointment", "requested_slots": [], "slot_values": {"appointment_date": ["March 9th"], "appointment_time": ["three pm"], "city": ["Pleasant Hill"], "dentist_name": ["Cho Benjamin"]}}}], "speaker": "USER", "utterance": "Try to find something open at three pm."}, {"frames": [{"actions": [{"act": "CONFIRM", "canonical_values": ["Cho Benjamin"], "slot": "dentist_name", "values": ["Cho Benjamin"]}, {"act": "CONFIRM", "canonical_values": ["15:00"], "slot": "appointment_time", "values": ["3 pm"]}, {"act": "CONFIRM", "canonical_values": ["2019-03-09"], "slot": "appointment_date", "values": ["March 9th"]}], "service": "Services_2", "slots": [{"exclusive_end": 48, "slot": "dentist_name", "start": 36}, {"exclusive_end": 56, "slot": "appointment_time", "start": 52}, {"exclusive_end": 69, "slot": "appointment_date", "start": 60}]}], "speaker": "SYSTEM", "utterance": "You want a dentist appointment with Cho Benjamin at 3 pm on March 9th. Is that right?"}, {"frames": [{"actions": [{"act": "AFFIRM", "canonical_values": [], "slot": "", "values": []}], "service": "Services_2", "slots": [], "state": {"active_intent": "BookAppointment", "requested_slots": [], "slot_values": {"appointment_date": ["March 9th"], "appointment_time": ["3 pm", "three pm"], "city": ["Pleasant Hill"], "dentist_name": ["Cho Benjamin"]}}}], "speaker": "USER", "utterance": "That is right."}, {"frames": [{"actions": [{"act": "NOTIFY_SUCCESS", "canonical_values": [], "slot": "", "values": []}], "service": "Services_2", "service_call": {"method": "BookAppointment", "parameters": {"appointment_date": "2019-03-09", "appointment_time": "15:00", "dentist_name": "Cho Benjamin"}}, "service_results": [{"address": "2256 Monument Blvd", "appointment_date": "2019-03-09", "appointment_time": "15:00", "dentist_name": "Cho Benjamin", "offers_cosmetic_services": "False", "phone_number": "925-827-3542"}], "slots": []}], "speaker": "SYSTEM", "utterance": "Your appointment has been made."}, {"frames": [{"actions": [{"act": "THANK_YOU", "canonical_values": [], "slot": "", "values": []}], "service": "Services_2", "slots": [], "state": {"active_intent": "BookAppointment", "requested_slots": [], "slot_values": {"appointment_date": ["March 9th"], "appointment_time": ["3 pm", "three pm"], "city": ["Pleasant Hill"], "dentist_name": ["Cho Benjamin"]}}}], "speaker": "USER", "utterance": "Thanks a lot."}, {"frames": [{"actions": [{"act": "REQ_MORE", "canonical_values": [], "slot": "", "values": []}], "service": "Services_2", "slots": []}], "speaker": "SYSTEM", "utterance": "Do you need something more?"}, {"frames": [{"actions": [{"act": "NEGATE", "canonical_values": [], "slot": "", "values": []}, {"act": "THANK_YOU", "canonical_values": [], "slot": "", "values": []}], "service": "Services_2", "slots": [], "state": {"active_intent": "NONE", "requested_slots": [], "slot_values": {"appointment_date": ["March 9th"], "appointment_time": ["3 pm", "three pm"], "city": ["Pleasant Hill"], "dentist_name": ["Cho Benjamin"]}}}], "speaker": "USER", "utterance": "No, that is all. Thanks."}, {"frames": [{"actions": [{"act": "GOODBYE", "canonical_values": [], "slot": "", "values": []}], "service": "Services_2", "slots": []}], "speaker": "SYSTEM", "utterance": "Have a great day. Thanks."}]}, {"dialogue_id": "110_00002", "services": ["Services_2", "Calendar_1"], "turns": [{"frames": [{"actions": [{"act": "INFORM_INTENT", "canonical_values": ["FindProvider"], "slot": "intent", "values": ["FindProvider"]}], "service": "Services_2", "slots": [], "state": {"active_intent": "FindProvider", "requested_slots": [], "slot_values": {}}}], "speaker": "USER", "utterance": "I need help finding a dentist in my area."}, {"frames": [{"actions": [{"act": "REQUEST", "canonical_values": [], "slot": "city", "values": []}], "service": "Services_2", "slots": []}], "speaker": "SYSTEM", "utterance": "I can help with that. What city are you in?"}, {"frames": [{"actions": [{"act": "INFORM", "canonical_values": ["San Jose"], "slot": "city", "values": ["San Jose"]}], "service": "Services_2", "slots": [{"exclusive_end": 37, "slot": "city", "start": 29}], "state": {"active_intent": "FindProvider", "requested_slots": [], "slot_values": {"city": ["San Jose"]}}}], "speaker": "USER", "utterance": "I'm looking for a dentist in San Jose."}, {"frames": [{"actions": [{"act": "OFFER", "canonical_values": ["A J Dental Lab"], "slot": "dentist_name", "values": ["A J Dental Lab"]}, {"act": "OFFER", "canonical_values": ["San Jose"], "slot": "city", "values": ["San Jose"]}], "service": "Services_2", "service_call": {"method": "FindProvider", "parameters": {"city": "San Jose"}}, "service_results": [{"address": "2664 Berryessa Road # 206", "city": "San Jose", "dentist_name": "A J Dental Lab", "offers_cosmetic_services": "False", "phone_number": "408-316-8226"}, {"address": "2664 Berryessa Road # 205", "city": "San Jose", "dentist_name": "A-1 Dental Care", "offers_cosmetic_services": "False", "phone_number": "408-258-6669"}, {"address": "2664 Berryessa Road # 212", "city": "San Jose", "dentist_name": "Abad Dental Office", "offers_cosmetic_services": "False", "phone_number": "408-272-3809"}, {"address": "2664 Berryessa Road # 202", "city": "San Jose", "dentist_name": "Aitchison, Bernard", "offers_cosmetic_services": "False", "phone_number": "408-259-1632"}, {"address": "5595 Winfield Boulevard # 102", "city": "San Jose", "dentist_name": "Almaden Dental Care", "offers_cosmetic_services": "False", "phone_number": "408-224-5200"}, {"address": "5710 Cahalan Avenue # 8L", "city": "San Jose", "dentist_name": "Alpha Dental", "offers_cosmetic_services": "False", "phone_number": "408-578-4600"}, {"address": "5150 Graves Avenue # 11E", "city": "San Jose", "dentist_name": "Arts Of Dentistry", "offers_cosmetic_services": "False", "phone_number": "408-873-7737"}, {"address": "2664 Berryessa Road", "city": "San Jose", "dentist_name": "Bautista Maximilian", "offers_cosmetic_services": "False", "phone_number": "408-272-2330"}, {"address": "2664 Berryessa Road # 102", "city": "San Jose", "dentist_name": "Belle Dental", "offers_cosmetic_services": "False", "phone_number": "408-254-0888"}, {"address": "2664 Berryessa Road # 106", "city": "San Jose", "dentist_name": "Berryessa Oral Surgery Spec", "offers_cosmetic_services": "False", "phone_number": "408-729-9000"}], "slots": [{"exclusive_end": 26, "slot": "dentist_name", "start": 12}, {"exclusive_end": 38, "slot": "city", "start": 30}]}], "speaker": "SYSTEM", "utterance": "I recommend A J Dental Lab in San Jose."}, {"frames": [{"actions": [{"act": "INFORM", "canonical_values": ["Novato"], "slot": "city", "values": ["Novato"]}, {"act": "REQUEST_ALTS", "canonical_values": [], "slot": "", "values": []}], "service": "Services_2", "slots": [{"exclusive_end": 48, "slot": "city", "start": 42}], "state": {"active_intent": "FindProvider", "requested_slots": [], "slot_values": {"city": ["Novato"]}}}], "speaker": "USER", "utterance": "Actually, look for a different dentist in Novato."}, {"frames": [{"actions": [{"act": "OFFER", "canonical_values": ["Dr. Susana M. Chou"], "slot": "dentist_name", "values": ["Dr. Susana M. Chou"]}, {"act": "OFFER", "canonical_values": ["Novato"], "slot": "city", "values": ["Novato"]}, {"act": "INFORM_COUNT", "canonical_values": ["10"], "slot": "count", "values": ["10"]}], "service": "Services_2", "service_call": {"method": "FindProvider", "parameters": {"city": "Novato"}}, "service_results": [{"address": "1615 Hill Road", "city": "Novato", "dentist_name": "Dr. Susana M. Chou", "offers_cosmetic_services": "False", "phone_number": "415-898-0091"}, {"address": "1615 Hill Rd #19", "city": "Novato", "dentist_name": "Endoart: Vafaie Nader M", "offers_cosmetic_services": "False", "phone_number": "415-209-6100"}, {"address": "1615 Hill Rd #12", "city": "Novato", "dentist_name": "Hickle Dallas H", "offers_cosmetic_services": "False", "phone_number": "415-892-1566"}, {"address": "1615 Hill Road", "city": "Novato", "dentist_name": "Leahn J Huffman", "offers_cosmetic_services": "True", "phone_number": "415-897-3411"}, {"address": "1615 Hill Road", "city": "Novato", "dentist_name": "Marin Sonoma Ctr Sleep Apnea", "offers_cosmetic_services": "False", "phone_number": "415-897-5300"}, {"address": "1730 Novato Boulevard", "city": "Novato", "dentist_name": "Mark A. Hansen", "offers_cosmetic_services": "True", "phone_number": "415-897-5070"}, {"address": "1615 Hill Road", "city": "Novato", "dentist_name": "Menasco Matthew", "offers_cosmetic_services": "False", "phone_number": "415-898-2100"}, {"address": "1730 Novato Blvd # F", "city": "Novato", "dentist_name": "Rist Theodore", "offers_cosmetic_services": "False", "phone_number": "415-892-5678"}, {"address": "1730 Novato Boulevard # G", "city": "Novato", "dentist_name": "Simon Ira R", "offers_cosmetic_services": "False", "phone_number": "415-897-7770"}, {"address": "1730 Novato Boulevard suite a", "city": "Novato", "dentist_name": "Steven Mcconnell", "offers_cosmetic_services": "True", "phone_number": "415-450-6284"}], "slots": [{"exclusive_end": 67, "slot": "dentist_name", "start": 49}, {"exclusive_end": 96, "slot": "city", "start": 90}]}], "speaker": "SYSTEM", "utterance": "There are 10 dentists you may like. The first is Dr. Susana M. Chou and she is located in Novato."}, {"frames": [{"actions": [{"act": "REQUEST", "canonical_values": [], "slot": "offers_cosmetic_services", "values": []}], "service": "Services_2", "slots": [], "state": {"active_intent": "FindProvider", "requested_slots": ["offers_cosmetic_services"], "slot_values": {"city": ["Novato"]}}}], "speaker": "USER", "utterance": "Does that dentist offer cosmetic services?"}, {"frames": [{"actions": [{"act": "INFORM", "canonical_values": ["False"], "slot": "offers_cosmetic_services", "values": ["False"]}], "service": "Services_2", "slots": []}], "speaker": "SYSTEM", "utterance": "I'm sorry, cosmetic services are not available."}, {"frames": [{"actions": [{"act": "REQUEST", "canonical_values": [], "slot": "phone_number", "values": []}], "service": "Services_2", "slots": [], "state": {"active_intent": "FindProvider", "requested_slots": ["phone_number"], "slot_values": {"city": ["Novato"]}}}], "speaker": "USER", "utterance": "Can you give me their phone number?"}, {"frames": [{"actions": [{"act": "INFORM", "canonical_values": ["415-898-0091"], "slot": "phone_number", "values": ["415-898-0091"]}], "service": "Services_2", "slots": [{"exclusive_end": 23, "slot": "phone_number", "start": 11}]}], "speaker": "SYSTEM", "utterance": "Yes, it is 415-898-0091."}, {"frames": [{"actions": [{"act": "INFORM", "canonical_values": ["2019-03-10"], "slot": "event_date", "values": ["10th of March"]}, {"act": "INFORM_INTENT", "canonical_values": ["GetAvailableTime"], "slot": "intent", "values": ["GetAvailableTime"]}], "service": "Calendar_1", "slots": [{"exclusive_end": 94, "slot": "event_date", "start": 81}], "state": {"active_intent": "GetAvailableTime", "requested_slots": [], "slot_values": {"event_date": ["10th of March"]}}}, {"actions": [{"act": "SELECT", "canonical_values": [], "slot": "", "values": []}], "service": "Services_2", "slots": [], "state": {"active_intent": "FindProvider", "requested_slots": [], "slot_values": {"city": ["Novato"], "dentist_name": ["Dr. Susana M. Chou"]}}}], "speaker": "USER", "utterance": "That dentist sounds good to me. Can you check when I have time availanble on the 10th of March?"}, {"frames": [{"actions": [{"act": "OFFER", "canonical_values": ["2019-03-10"], "slot": "event_date", "values": ["March 10th"]}, {"act": "OFFER", "canonical_values": ["08:00"], "slot": "available_start_time", "values": ["8 am"]}, {"act": "OFFER", "canonical_values": ["12:30"], "slot": "available_end_time", "values": ["12:30 pm"]}], "service": "Calendar_1", "service_call": {"method": "GetAvailableTime", "parameters": {"event_date": "2019-03-10"}}, "service_results": [{"available_end_time": "12:30", "available_start_time": "08:00", "event_date": "2019-03-10"}], "slots": [{"exclusive_end": 26, "slot": "event_date", "start": 16}, {"exclusive_end": 36, "slot": "available_start_time", "start": 32}, {"exclusive_end": 48, "slot": "available_end_time", "start": 40}]}], "speaker": "SYSTEM", "utterance": "You are free on March 10th from 8 am to 12:30 pm."}, {"frames": [{"actions": [{"act": "SELECT", "canonical_values": [], "slot": "", "values": []}], "service": "Calendar_1", "slots": [], "state": {"active_intent": "GetAvailableTime", "requested_slots": [], "slot_values": {"event_date": ["10th of March", "March 10th"]}}}], "speaker": "USER", "utterance": "Great."}, {"frames": [{"actions": [{"act": "REQ_MORE", "canonical_values": [], "slot": "", "values": []}], "service": "Calendar_1", "slots": []}], "speaker": "SYSTEM", "utterance": "Do you need help with anything else?"}, {"frames": [{"actions": [{"act": "INFORM_INTENT", "canonical_values": ["BookAppointment"], "slot": "intent", "values": ["BookAppointment"]}], "service": "Services_2", "slots": [], "state": {"active_intent": "BookAppointment", "requested_slots": [], "slot_values": {"appointment_date": ["10th of March", "March 10th"], "city": ["Novato"], "dentist_name": ["Dr. Susana M. Chou"]}}}], "speaker": "USER", "utterance": "Yes, I want to make a dentist appointment on that day."}, {"frames": [{"actions": [{"act": "REQUEST", "canonical_values": [], "slot": "appointment_time", "values": []}], "service": "Services_2", "slots": []}], "speaker": "SYSTEM", "utterance": "Alright, what time would you like to make the appointment for?"}, {"frames": [{"actions": [{"act": "INFORM", "canonical_values": ["10:45"], "slot": "appointment_time", "values": ["10:45 in the morning"]}], "service": "Services_2", "slots": [{"exclusive_end": 20, "slot": "appointment_time", "start": 0}], "state": {"active_intent": "BookAppointment", "requested_slots": [], "slot_values": {"appointment_date": ["10th of March", "March 10th"], "appointment_time": ["10:45 in the morning"], "city": ["Novato"], "dentist_name": ["Dr. Susana M. Chou"]}}}], "speaker": "USER", "utterance": "10:45 in the morning works best for me."}, {"frames": [{"actions": [{"act": "CONFIRM", "canonical_values": ["Dr. Susana M. Chou"], "slot": "dentist_name", "values": ["Dr. Susana M. Chou"]}, {"act": "CONFIRM", "canonical_values": ["10:45"], "slot": "appointment_time", "values": ["10:45 am"]}, {"act": "CONFIRM", "canonical_values": ["2019-03-10"], "slot": "appointment_date", "values": ["March 10th"]}], "service": "Services_2", "slots": [{"exclusive_end": 61, "slot": "dentist_name", "start": 43}, {"exclusive_end": 87, "slot": "appointment_time", "start": 79}, {"exclusive_end": 75, "slot": "appointment_date", "start": 65}]}], "speaker": "SYSTEM", "utterance": "You would like to make an appointment with Dr. Susana M. Chou on March 10th at 10:45 am, is that correct?"}, {"frames": [{"actions": [{"act": "AFFIRM", "canonical_values": [], "slot": "", "values": []}], "service": "Services_2", "slots": [], "state": {"active_intent": "BookAppointment", "requested_slots": [], "slot_values": {"appointment_date": ["10th of March", "March 10th"], "appointment_time": ["10:45 am", "10:45 in the morning"], "city": ["Novato"], "dentist_name": ["Dr. Susana M. Chou"]}}}], "speaker": "USER", "utterance": "Yep, sounds good."}, {"frames": [{"actions": [{"act": "NOTIFY_SUCCESS", "canonical_values": [], "slot": "", "values": []}], "service": "Services_2", "service_call": {"method": "BookAppointment", "parameters": {"appointment_date": "2019-03-10", "appointment_time": "10:45", "dentist_name": "Dr. Susana M. Chou"}}, "service_results": [{"address": "1615 Hill Road", "appointment_date": "2019-03-10", "appointment_time": "10:30", "dentist_name": "Dr. Susana M. Chou", "offers_cosmetic_services": "False", "phone_number": "415-898-0091"}], "slots": []}], "speaker": "SYSTEM", "utterance": "Ok, your dentist appointment has been confirmed."}, {"frames": [{"actions": [{"act": "THANK_YOU", "canonical_values": [], "slot": "", "values": []}], "service": "Services_2", "slots": [], "state": {"active_intent": "BookAppointment", "requested_slots": [], "slot_values": {"appointment_date": ["10th of March", "March 10th"], "appointment_time": ["10:45 am", "10:45 in the morning"], "city": ["Novato"], "dentist_name": ["Dr. Susana M. Chou"]}}}], "speaker": "USER", "utterance": "Thanks so much!"}, {"frames": [{"actions": [{"act": "REQ_MORE", "canonical_values": [], "slot": "", "values": []}], "service": "Services_2", "slots": []}], "speaker": "SYSTEM", "utterance": "Can I help you with something else?"}, {"frames": [{"actions": [{"act": "NEGATE", "canonical_values": [], "slot": "", "values": []}, {"act": "THANK_YOU", "canonical_values": [], "slot": "", "values": []}], "service": "Services_2", "slots": [], "state": {"active_intent": "NONE", "requested_slots": [], "slot_values": {"appointment_date": ["10th of March", "March 10th"], "appointment_time": ["10:45 am", "10:45 in the morning"], "city": ["Novato"], "dentist_name": ["Dr. Susana M. Chou"]}}}], "speaker": "USER", "utterance": "No, I accomplished what I needed."}, {"frames": [{"actions": [{"act": "GOODBYE", "canonical_values": [], "slot": "", "values": []}], "service": "Services_2", "slots": []}], "speaker": "SYSTEM", "utterance": "Alright, enjoy the rest of your day."}]}, {"dialogue_id": "110_00003", "services": ["Services_2", "Calendar_1"], "turns": [{"frames": [{"actions": [{"act": "INFORM", "canonical_values": ["Sunnyvale"], "slot": "city", "values": ["Sunnyvale"]}, {"act": "INFORM_INTENT", "canonical_values": ["FindProvider"], "slot": "intent", "values": ["FindProvider"]}], "service": "Services_2", "slots": [{"exclusive_end": 42, "slot": "city", "start": 33}], "state": {"active_intent": "FindProvider", "requested_slots": [], "slot_values": {"city": ["Sunnyvale"]}}}], "speaker": "USER", "utterance": "I am looking to get a dentist in Sunnyvale."}, {"frames": [{"actions": [{"act": "OFFER", "canonical_values": ["Amazing Smile Dental"], "slot": "dentist_name", "values": ["Amazing Smile Dental"]}, {"act": "OFFER", "canonical_values": ["Sunnyvale"], "slot": "city", "values": ["Sunnyvale"]}, {"act": "INFORM_COUNT", "canonical_values": ["10"], "slot": "count", "values": ["10"]}], "service": "Services_2", "service_call": {"method": "FindProvider", "parameters": {"city": "Sunnyvale"}}, "service_results": [{"address": "689 East Remington Drive Ste A", "city": "Sunnyvale", "dentist_name": "Amazing Smile Dental", "offers_cosmetic_services": "False", "phone_number": "408-739-6520"}, {"address": "990 West Fremont Avenue j", "city": "Sunnyvale", "dentist_name": "Andrei Simel , Family & Cosmetic Dentisry", "offers_cosmetic_services": "False", "phone_number": "408-992-0840"}, {"address": "990 West Fremont Avenue", "city": "Sunnyvale", "dentist_name": "Boyer Dental Arts", "offers_cosmetic_services": "False", "phone_number": "408-523-4030"}, {"address": "860 East Remington Drive", "city": "Sunnyvale", "dentist_name": "Bruce Schwartz", "offers_cosmetic_services": "False", "phone_number": "408-245-3410"}, {"address": "990 W Fremont Ave # R", "city": "Sunnyvale", "dentist_name": "Chandiok Neena K", "offers_cosmetic_services": "False", "phone_number": "408-530-8014"}, {"address": "990 W Fremont Ave # A", "city": "Sunnyvale", "dentist_name": "Cisneros Rob M", "offers_cosmetic_services": "False", "phone_number": "408-738-0656"}, {"address": "570 East El Camino Real # C", "city": "Sunnyvale", "dentist_name": "D Sign Dental Lab", "offers_cosmetic_services": "False", "phone_number": "408-735-8985"}, {"address": "877 W Fremont Ave # D3", "city": "Sunnyvale", "dentist_name": "Dentalcare Westgate", "offers_cosmetic_services": "False", "phone_number": "408-379-7700"}, {"address": "990 W Fremont Ave # J", "city": "Sunnyvale", "dentist_name": "Dr. Andrei Simel", "offers_cosmetic_services": "False", "phone_number": "408-992-0633"}, {"address": "1309 South Mary Avenue", "city": "Sunnyvale", "dentist_name": "Dr. David I. Thompson", "offers_cosmetic_services": "False", "phone_number": "408-736-3602"}], "slots": [{"exclusive_end": 56, "slot": "dentist_name", "start": 36}, {"exclusive_end": 34, "slot": "city", "start": 25}]}], "speaker": "SYSTEM", "utterance": "There are 10 dentists in Sunnyvale, Amazing Smile Dental seems good for you, what do you think?"}, {"frames": [{"actions": [{"act": "INFORM_INTENT", "canonical_values": ["GetAvailableTime"], "slot": "intent", "values": ["GetAvailableTime"]}], "service": "Calendar_1", "slots": [], "state": {"active_intent": "GetAvailableTime", "requested_slots": [], "slot_values": {}}}, {"actions": [{"act": "SELECT", "canonical_values": [], "slot": "", "values": []}], "service": "Services_2", "slots": [], "state": {"active_intent": "FindProvider", "requested_slots": [], "slot_values": {"city": ["Sunnyvale"], "dentist_name": ["Amazing Smile Dental"]}}}], "speaker": "USER", "utterance": "I am interested in Amazing Smile, which times am I free for an appointment?"}, {"frames": [{"actions": [{"act": "REQUEST", "canonical_values": [], "slot": "event_date", "values": []}], "service": "Calendar_1", "slots": []}], "speaker": "SYSTEM", "utterance": "On which day are thinking about?"}, {"frames": [{"actions": [{"act": "INFORM", "canonical_values": ["2019-03-04"], "slot": "event_date", "values": ["Monday next week"]}], "service": "Calendar_1", "slots": [{"exclusive_end": 16, "slot": "event_date", "start": 0}], "state": {"active_intent": "GetAvailableTime", "requested_slots": [], "slot_values": {"event_date": ["Monday next week"]}}}], "speaker": "USER", "utterance": "Monday next week would be ideal."}, {"frames": [{"actions": [{"act": "OFFER", "canonical_values": ["2019-03-04"], "slot": "event_date", "values": ["March 4th"]}, {"act": "OFFER", "canonical_values": ["16:00"], "slot": "available_start_time", "values": ["4 pm"]}, {"act": "OFFER", "canonical_values": ["21:30"], "slot": "available_end_time", "values": ["9:30 pm"]}], "service": "Calendar_1", "service_call": {"method": "GetAvailableTime", "parameters": {"event_date": "2019-03-04"}}, "service_results": [{"available_end_time": "21:30", "available_start_time": "16:00", "event_date": "2019-03-04"}], "slots": [{"exclusive_end": 12, "slot": "event_date", "start": 3}, {"exclusive_end": 37, "slot": "available_start_time", "start": 33}, {"exclusive_end": 51, "slot": "available_end_time", "start": 44}]}], "speaker": "SYSTEM", "utterance": "On March 4th you are free around 4 pm until 9:30 pm."}, {"frames": [{"actions": [{"act": "SELECT", "canonical_values": [], "slot": "", "values": []}], "service": "Calendar_1", "slots": [], "state": {"active_intent": "GetAvailableTime", "requested_slots": [], "slot_values": {"event_date": ["March 4th", "Monday next week"]}}}], "speaker": "USER", "utterance": "Could you set up an event for me then?"}, {"frames": [{"actions": [{"act": "OFFER_INTENT", "canonical_values": ["AddEvent"], "slot": "intent", "values": ["AddEvent"]}], "service": "Calendar_1", "slots": []}], "speaker": "SYSTEM", "utterance": "Would you like the event to be put in your calendar?"}, {"frames": [{"actions": [{"act": "NEGATE_INTENT", "canonical_values": [], "slot": "", "values": []}], "service": "Calendar_1", "slots": [], "state": {"active_intent": "NONE", "requested_slots": [], "slot_values": {"event_date": ["March 4th", "Monday next week"]}}}], "speaker": "USER", "utterance": "No do not add it to the calendar."}, {"frames": [{"actions": [{"act": "REQ_MORE", "canonical_values": [], "slot": "", "values": []}], "service": "Calendar_1", "slots": []}], "speaker": "SYSTEM", "utterance": "Is there anything else you want help with?"}, {"frames": [{"actions": [{"act": "INFORM_INTENT", "canonical_values": ["BookAppointment"], "slot": "intent", "values": ["BookAppointment"]}], "service": "Services_2", "slots": [], "state": {"active_intent": "BookAppointment", "requested_slots": [], "slot_values": {"appointment_date": ["March 4th", "Monday next week"], "city": ["Sunnyvale"], "dentist_name": ["Amazing Smile Dental"]}}}], "speaker": "USER", "utterance": "Would you make the appointment with the dentist at that time?"}, {"frames": [{"actions": [{"act": "REQUEST", "canonical_values": [], "slot": "appointment_time", "values": []}], "service": "Services_2", "slots": []}], "speaker": "SYSTEM", "utterance": "Which hour is best for you?"}, {"frames": [{"actions": [{"act": "INFORM", "canonical_values": ["17:00"], "slot": "appointment_time", "values": ["5 pm"]}], "service": "Services_2", "slots": [{"exclusive_end": 34, "slot": "appointment_time", "start": 30}], "state": {"active_intent": "BookAppointment", "requested_slots": [], "slot_values": {"appointment_date": ["March 4th", "Monday next week"], "appointment_time": ["5 pm"], "city": ["Sunnyvale"], "dentist_name": ["Amazing Smile Dental"]}}}], "speaker": "USER", "utterance": "I would like something around 5 pm."}, {"frames": [{"actions": [{"act": "CONFIRM", "canonical_values": ["Amazing Smile Dental"], "slot": "dentist_name", "values": ["Amazing Smile Dental"]}, {"act": "CONFIRM", "canonical_values": ["17:00"], "slot": "appointment_time", "values": ["5 PM"]}, {"act": "CONFIRM", "canonical_values": ["2019-03-04"], "slot": "appointment_date", "values": ["March 4th"]}], "service": "Services_2", "slots": [{"exclusive_end": 76, "slot": "dentist_name", "start": 56}, {"exclusive_end": 98, "slot": "appointment_time", "start": 94}, {"exclusive_end": 89, "slot": "appointment_date", "start": 80}]}], "speaker": "SYSTEM", "utterance": "Would you confirm to me that you want an appointment at Amazing Smile Dental on March 4th for 5 PM?"}, {"frames": [{"actions": [{"act": "AFFIRM", "canonical_values": [], "slot": "", "values": []}], "service": "Services_2", "slots": [], "state": {"active_intent": "BookAppointment", "requested_slots": [], "slot_values": {"appointment_date": ["March 4th", "Monday next week"], "appointment_time": ["5 PM", "5 pm"], "city": ["Sunnyvale"], "dentist_name": ["Amazing Smile Dental"]}}}], "speaker": "USER", "utterance": "That all works for me."}, {"frames": [{"actions": [{"act": "NOTIFY_SUCCESS", "canonical_values": [], "slot": "", "values": []}], "service": "Services_2", "service_call": {"method": "BookAppointment", "parameters": {"appointment_date": "2019-03-04", "appointment_time": "17:00", "dentist_name": "Amazing Smile Dental"}}, "service_results": [{"address": "689 East Remington Drive Ste A", "appointment_date": "2019-03-04", "appointment_time": "17:00", "dentist_name": "Amazing Smile Dental", "offers_cosmetic_services": "False", "phone_number": "408-739-6520"}], "slots": []}], "speaker": "SYSTEM", "utterance": "Great, the appointment was made for you on March 4th."}, {"frames": [{"actions": [{"act": "THANK_YOU", "canonical_values": [], "slot": "", "values": []}, {"act": "GOODBYE", "canonical_values": [], "slot": "", "values": []}], "service": "Services_2", "slots": [], "state": {"active_intent": "BookAppointment", "requested_slots": [], "slot_values": {"appointment_date": ["March 4th", "Monday next week"], "appointment_time": ["5 PM", "5 pm"], "city": ["Sunnyvale"], "dentist_name": ["Amazing Smile Dental"]}}}], "speaker": "USER", "utterance": "Thanks so much, that is everything I needed."}, {"frames": [{"actions": [{"act": "GOODBYE", "canonical_values": [], "slot": "", "values": []}], "service": "Services_2", "slots": []}], "speaker": "SYSTEM", "utterance": "Okay then, goodbye."}]}, {"dialogue_id": "110_00004", "services": ["Services_2", "Calendar_1"], "turns": [{"frames": [{"actions": [{"act": "INFORM", "canonical_values": ["Antioch"], "slot": "city", "values": ["Antioch"]}, {"act": "INFORM_INTENT", "canonical_values": ["FindProvider"], "slot": "intent", "values": ["FindProvider"]}], "service": "Services_2", "slots": [{"exclusive_end": 57, "slot": "city", "start": 50}], "state": {"active_intent": "FindProvider", "requested_slots": [], "slot_values": {"city": ["Antioch"]}}}], "speaker": "USER", "utterance": "Hi, could you help me search for a dentist in the Antioch area?"}, {"frames": [{"actions": [{"act": "OFFER", "canonical_values": ["Cosmetic Dentistry Antioch Ca"], "slot": "dentist_name", "values": ["Cosmetic Dentistry Antioch Ca"]}, {"act": "OFFER", "canonical_values": ["Antioch"], "slot": "city", "values": ["Antioch"]}, {"act": "INFORM_COUNT", "canonical_values": ["3"], "slot": "count", "values": ["3"]}], "service": "Services_2", "service_call": {"method": "FindProvider", "parameters": {"city": "Antioch"}}, "service_results": [{"address": "3107 Lone Tree Way", "city": "Antioch", "dentist_name": "Cosmetic Dentistry Antioch Ca", "offers_cosmetic_services": "False", "phone_number": "925-757-2422"}, {"address": "3107 Lone Tree Way # C", "city": "Antioch", "dentist_name": "Cross Peggy", "offers_cosmetic_services": "False", "phone_number": "925-754-2662"}, {"address": "3107 Lone Tree Way", "city": "Antioch", "dentist_name": "Dr. Keller & Dr. Burk - Antioch Premier Dental", "offers_cosmetic_services": "True", "phone_number": "925-757-5081"}], "slots": [{"exclusive_end": 88, "slot": "dentist_name", "start": 59}, {"exclusive_end": 37, "slot": "city", "start": 30}]}], "speaker": "SYSTEM", "utterance": "Sure, there are 3 dentists in Antioch, one of which is the Cosmetic Dentistry Antioch Ca."}, {"frames": [{"actions": [{"act": "INFORM", "canonical_values": ["San Francisco"], "slot": "city", "values": ["SF"]}, {"act": "REQUEST_ALTS", "canonical_values": [], "slot": "", "values": []}], "service": "Services_2", "slots": [{"exclusive_end": 50, "slot": "city", "start": 48}], "state": {"active_intent": "FindProvider", "requested_slots": [], "slot_values": {"city": ["SF"]}}}], "speaker": "USER", "utterance": "Are there any alternatives? Could you search in SF instead?"}, {"frames": [{"actions": [{"act": "OFFER", "canonical_values": ["Balboa Dental Care"], "slot": "dentist_name", "values": ["Balboa Dental Care"]}, {"act": "OFFER", "canonical_values": ["San Francisco"], "slot": "city", "values": ["San Francisco"]}], "service": "Services_2", "service_call": {"method": "FindProvider", "parameters": {"city": "San Francisco"}}, "service_results": [{"address": "3544 Balboa Street", "city": "San Francisco", "dentist_name": "Balboa Dental Care", "offers_cosmetic_services": "False", "phone_number": "415-387-8802"}, {"address": "90 Woodacre Drive # 108", "city": "San Francisco", "dentist_name": "Lee Myoung", "offers_cosmetic_services": "False", "phone_number": "415-239-4140"}, {"address": "4215 Geary Boulevard", "city": "San Francisco", "dentist_name": "Lim Donald S", "offers_cosmetic_services": "False", "phone_number": "415-387-0220"}, {"address": "450 Sutter Street # 1839", "city": "San Francisco", "dentist_name": "Son-Mc Intyre M Sook", "offers_cosmetic_services": "False", "phone_number": "415-981-9022"}], "slots": [{"exclusive_end": 33, "slot": "dentist_name", "start": 15}, {"exclusive_end": 67, "slot": "city", "start": 54}]}], "speaker": "SYSTEM", "utterance": "Sure, there is Balboa Dental Care which is located in San Francisco."}, {"frames": [{"actions": [{"act": "SELECT", "canonical_values": [], "slot": "", "values": []}], "service": "Services_2", "slots": [], "state": {"active_intent": "FindProvider", "requested_slots": [], "slot_values": {"city": ["SF", "San Francisco"], "dentist_name": ["Balboa Dental Care"]}}}], "speaker": "USER", "utterance": "Sure, this will doe."}, {"frames": [{"actions": [{"act": "OFFER_INTENT", "canonical_values": ["BookAppointment"], "slot": "intent", "values": ["BookAppointment"]}], "service": "Services_2", "slots": []}], "speaker": "SYSTEM", "utterance": "Would you like me to schedule an appointment?"}, {"frames": [{"actions": [{"act": "NEGATE_INTENT", "canonical_values": [], "slot": "", "values": []}], "service": "Services_2", "slots": [], "state": {"active_intent": "NONE", "requested_slots": [], "slot_values": {"city": ["SF", "San Francisco"], "dentist_name": ["Balboa Dental Care"]}}}], "speaker": "USER", "utterance": "Perhaps at a later time."}, {"frames": [{"actions": [{"act": "REQ_MORE", "canonical_values": [], "slot": "", "values": []}], "service": "Services_2", "slots": []}], "speaker": "SYSTEM", "utterance": "Sure, do you require any further assistance?"}, {"frames": [{"actions": [{"act": "INFORM_INTENT", "canonical_values": ["GetAvailableTime"], "slot": "intent", "values": ["GetAvailableTime"]}], "service": "Calendar_1", "slots": [], "state": {"active_intent": "GetAvailableTime", "requested_slots": [], "slot_values": {}}}], "speaker": "USER", "utterance": "May I know when am I free on that day?"}, {"frames": [{"actions": [{"act": "REQUEST", "canonical_values": [], "slot": "event_date", "values": []}], "service": "Calendar_1", "slots": []}], "speaker": "SYSTEM", "utterance": "Which specific day are you referring to?"}, {"frames": [{"actions": [{"act": "INFORM", "canonical_values": ["2019-03-12"], "slot": "event_date", "values": ["March 12th"]}], "service": "Calendar_1", "slots": [{"exclusive_end": 28, "slot": "event_date", "start": 18}], "state": {"active_intent": "GetAvailableTime", "requested_slots": [], "slot_values": {"event_date": ["March 12th"]}}}], "speaker": "USER", "utterance": "I am referring to March 12th."}, {"frames": [{"actions": [{"act": "OFFER", "canonical_values": ["2019-03-12"], "slot": "event_date", "values": ["March 12th"]}, {"act": "OFFER", "canonical_values": ["08:00"], "slot": "available_start_time", "values": ["8 am"]}, {"act": "OFFER", "canonical_values": ["16:30"], "slot": "available_end_time", "values": ["4:30 pm"]}], "service": "Calendar_1", "service_call": {"method": "GetAvailableTime", "parameters": {"event_date": "2019-03-12"}}, "service_results": [{"available_end_time": "16:30", "available_start_time": "08:00", "event_date": "2019-03-12"}], "slots": [{"exclusive_end": 55, "slot": "event_date", "start": 45}, {"exclusive_end": 30, "slot": "available_start_time", "start": 26}, {"exclusive_end": 41, "slot": "available_end_time", "start": 34}]}], "speaker": "SYSTEM", "utterance": "You are currently free on 8 am to 4:30 pm on March 12th."}, {"frames": [{"actions": [{"act": "SELECT", "canonical_values": [], "slot": "", "values": []}], "service": "Calendar_1", "slots": [], "state": {"active_intent": "GetAvailableTime", "requested_slots": [], "slot_values": {"event_date": ["March 12th"]}}}], "speaker": "USER", "utterance": "That sounds great!"}, {"frames": [{"actions": [{"act": "OFFER_INTENT", "canonical_values": ["AddEvent"], "slot": "intent", "values": ["AddEvent"]}], "service": "Calendar_1", "slots": []}], "speaker": "SYSTEM", "utterance": "Would you like me to add an event to your calendar?"}, {"frames": [{"actions": [{"act": "NEGATE_INTENT", "canonical_values": [], "slot": "", "values": []}], "service": "Calendar_1", "slots": [], "state": {"active_intent": "NONE", "requested_slots": [], "slot_values": {"event_date": ["March 12th"]}}}, {"actions": [{"act": "INFORM", "canonical_values": ["13:30"], "slot": "appointment_time", "values": ["half past 1 in the afternoon"]}, {"act": "INFORM_INTENT", "canonical_values": ["BookAppointment"], "slot": "intent", "values": ["BookAppointment"]}], "service": "Services_2", "slots": [{"exclusive_end": 93, "slot": "appointment_time", "start": 65}], "state": {"active_intent": "BookAppointment", "requested_slots": [], "slot_values": {"appointment_date": ["March 12th"], "appointment_time": ["half past 1 in the afternoon"], "city": ["SF", "San Francisco"], "dentist_name": ["Balboa Dental Care"]}}}], "speaker": "USER", "utterance": "No need to, could you make an appointment with the dentist after half past 1 in the afternoon instead?"}, {"frames": [{"actions": [{"act": "CONFIRM", "canonical_values": ["Balboa Dental Care"], "slot": "dentist_name", "values": ["Balboa Dental Care"]}, {"act": "CONFIRM", "canonical_values": ["13:30"], "slot": "appointment_time", "values": ["1:30 pm"]}, {"act": "CONFIRM", "canonical_values": ["2019-03-12"], "slot": "appointment_date", "values": ["March 12th"]}], "service": "Services_2", "slots": [{"exclusive_end": 57, "slot": "dentist_name", "start": 39}, {"exclusive_end": 68, "slot": "appointment_time", "start": 61}, {"exclusive_end": 82, "slot": "appointment_date", "start": 72}]}], "speaker": "SYSTEM", "utterance": "Sure, please confirm your booking with Balboa Dental Care at 1:30 pm on March 12th."}, {"frames": [{"actions": [{"act": "INFORM", "canonical_values": ["12:45"], "slot": "appointment_time", "values": ["12:45"]}, {"act": "NEGATE", "canonical_values": [], "slot": "", "values": []}], "service": "Services_2", "slots": [{"exclusive_end": 44, "slot": "appointment_time", "start": 39}], "state": {"active_intent": "BookAppointment", "requested_slots": [], "slot_values": {"appointment_date": ["March 12th"], "appointment_time": ["12:45"], "city": ["SF", "San Francisco"], "dentist_name": ["Balboa Dental Care"]}}}], "speaker": "USER", "utterance": "Sorry, could you make a reservation at 12:45 instead?"}, {"frames": [{"actions": [{"act": "CONFIRM", "canonical_values": ["Balboa Dental Care"], "slot": "dentist_name", "values": ["Balboa Dental Care"]}, {"act": "CONFIRM", "canonical_values": ["12:45"], "slot": "appointment_time", "values": ["12:45 pm"]}], "service": "Services_2", "slots": [{"exclusive_end": 57, "slot": "dentist_name", "start": 39}, {"exclusive_end": 69, "slot": "appointment_time", "start": 61}]}], "speaker": "SYSTEM", "utterance": "Sure, please confirm your booking with Balboa Dental Care at 12:45 pm."}, {"frames": [{"actions": [{"act": "AFFIRM", "canonical_values": [], "slot": "", "values": []}], "service": "Services_2", "slots": [], "state": {"active_intent": "BookAppointment", "requested_slots": [], "slot_values": {"appointment_date": ["March 12th"], "appointment_time": ["12:45", "12:45 pm"], "city": ["SF", "San Francisco"], "dentist_name": ["Balboa Dental Care"]}}}], "speaker": "USER", "utterance": "That is fine with me."}, {"frames": [{"actions": [{"act": "NOTIFY_SUCCESS", "canonical_values": [], "slot": "", "values": []}], "service": "Services_2", "service_call": {"method": "BookAppointment", "parameters": {"appointment_date": "2019-03-12", "appointment_time": "12:45", "dentist_name": "Balboa Dental Care"}}, "service_results": [{"address": "3544 Balboa Street", "appointment_date": "2019-03-12", "appointment_time": "12:30", "dentist_name": "Balboa Dental Care", "offers_cosmetic_services": "False", "phone_number": "415-387-8802"}], "slots": []}], "speaker": "SYSTEM", "utterance": "Your booking has been successfully made."}, {"frames": [{"actions": [{"act": "REQUEST", "canonical_values": [], "slot": "offers_cosmetic_services", "values": []}], "service": "Services_2", "slots": [], "state": {"active_intent": "BookAppointment", "requested_slots": ["offers_cosmetic_services"], "slot_values": {"appointment_date": ["March 12th"], "appointment_time": ["12:45", "12:45 pm"], "city": ["SF", "San Francisco"], "dentist_name": ["Balboa Dental Care"]}}}], "speaker": "USER", "utterance": "May I know whether they offer cosmetic services?"}, {"frames": [{"actions": [{"act": "INFORM", "canonical_values": ["False"], "slot": "offers_cosmetic_services", "values": ["False"]}], "service": "Services_2", "slots": []}], "speaker": "SYSTEM", "utterance": "Unfortunately, they do not."}, {"frames": [{"actions": [{"act": "THANK_YOU", "canonical_values": [], "slot": "", "values": []}, {"act": "GOODBYE", "canonical_values": [], "slot": "", "values": []}], "service": "Services_2", "slots": [], "state": {"active_intent": "BookAppointment", "requested_slots": [], "slot_values": {"appointment_date": ["March 12th"], "appointment_time": ["12:45", "12:45 pm"], "city": ["SF", "San Francisco"], "dentist_name": ["Balboa Dental Care"]}}}], "speaker": "USER", "utterance": "I see, that is all I need. Thank you!"}, {"frames": [{"actions": [{"act": "GOODBYE", "canonical_values": [], "slot": "", "values": []}], "service": "Services_2", "slots": []}], "speaker": "SYSTEM", "utterance": "No worries, have a great day ahead!"}]}]