[{"dialogue_id": "5_00000", "services": ["Events_2"], "turns": [{"frames": [{"actions": [{"act": "INFORM", "canonical_values": ["San Francisco"], "slot": "city", "values": ["San Francisco"]}, {"act": "INFORM_INTENT", "canonical_values": ["GetEventDates"], "slot": "intent", "values": ["GetEventDates"]}], "service": "Events_2", "slots": [{"exclusive_end": 73, "slot": "city", "start": 60}], "state": {"active_intent": "GetEventDates", "requested_slots": [], "slot_values": {"city": ["San Francisco"]}}}], "speaker": "USER", "utterance": "Okay, I'm looking for a list of dates for special events in San Francisco. Would you help pull up a list for me, please?"}, {"frames": [{"actions": [{"act": "REQUEST", "canonical_values": [], "slot": "event_name", "values": []}], "service": "Events_2", "slots": []}], "speaker": "SYSTEM", "utterance": "Sure, I'll be happy to assist you. Do you prefer information on a particular even?"}, {"frames": [{"actions": [{"act": "INFORM", "canonical_values": ["Giants Vs Dodgers"], "slot": "event_name", "values": ["Giants Vs Dodgers"]}], "service": "Events_2", "slots": [{"exclusive_end": 40, "slot": "event_name", "start": 23}], "state": {"active_intent": "GetEventDates", "requested_slots": [], "slot_values": {"city": ["San Francisco"], "event_name": ["Giants Vs Dodgers"]}}}], "speaker": "USER", "utterance": "Well, I'm thinking the Giants Vs Dodgers game. I've heard it's really entertaining."}, {"frames": [{"actions": [{"act": "OFFER", "canonical_values": ["2019-03-04"], "slot": "date", "values": ["next Monday"]}, {"act": "OFFER", "canonical_values": ["Giants Vs Dodgers"], "slot": "event_name", "values": ["Giants Vs Dodgers"]}, {"act": "OFFER", "canonical_values": ["Oracle Park"], "slot": "venue", "values": ["Oracle Park"]}, {"act": "INFORM_COUNT", "canonical_values": ["5"], "slot": "count", "values": ["5"]}], "service": "Events_2", "service_call": {"method": "GetEventDates", "parameters": {"city": "San Francisco", "event_name": "Giants Vs Dodgers"}}, "service_results": [{"city": "San Francisco", "date": "2019-03-04", "event_name": "Giants Vs Dodgers", "time": "17:30", "venue": "Oracle Park", "venue_address": "24 Willie Mays Plaza"}, {"city": "San Francisco", "date": "2019-03-08", "event_name": "Giants Vs Dodgers", "time": "17:00", "venue": "Oracle Park", "venue_address": "24 Willie Mays Plaza"}, {"city": "San Francisco", "date": "2019-03-11", "event_name": "Giants Vs Dodgers", "time": "17:00", "venue": "Oracle Park", "venue_address": "24 Willie Mays Plaza"}, {"city": "San Francisco", "date": "2019-03-12", "event_name": "Giants Vs Dodgers", "time": "17:00", "venue": "Oracle Park", "venue_address": "24 Willie Mays Plaza"}, {"city": "San Francisco", "date": "2019-03-14", "event_name": "Giants Vs Dodgers", "time": "19:00", "venue": "Oracle Park", "venue_address": "24 Willie Mays Plaza"}], "slots": [{"exclusive_end": 110, "slot": "date", "start": 99}, {"exclusive_end": 32, "slot": "event_name", "start": 15}, {"exclusive_end": 74, "slot": "venue", "start": 63}]}], "speaker": "SYSTEM", "utterance": "All right. The Giants Vs Dodgers game takes place on 5 days at Oracle Park. The event is coming up next Monday."}, {"frames": [{"actions": [{"act": "REQUEST_ALTS", "canonical_values": [], "slot": "", "values": []}], "service": "Events_2", "slots": [], "state": {"active_intent": "GetEventDates", "requested_slots": [], "slot_values": {"city": ["San Francisco"], "event_name": ["Giants Vs Dodgers"]}}}], "speaker": "USER", "utterance": "Are there other dates listed for the events?"}, {"frames": [{"actions": [{"act": "OFFER", "canonical_values": ["2019-03-08"], "slot": "date", "values": ["next Friday"]}, {"act": "OFFER", "canonical_values": ["Giants Vs Dodgers"], "slot": "event_name", "values": ["Giants Vs Dodgers"]}, {"act": "OFFER", "canonical_values": ["Oracle Park"], "slot": "venue", "values": ["Oracle Park"]}], "service": "Events_2", "slots": [{"exclusive_end": 41, "slot": "date", "start": 30}, {"exclusive_end": 70, "slot": "event_name", "start": 53}, {"exclusive_end": 90, "slot": "venue", "start": 79}]}], "speaker": "SYSTEM", "utterance": "I show the event taking place next Friday. It is the Giants Vs Dodgers game at Oracle Park."}, {"frames": [{"actions": [{"act": "INFORM", "canonical_values": ["3"], "slot": "number_of_tickets", "values": ["3"]}, {"act": "INFORM_INTENT", "canonical_values": ["BuyEventTickets"], "slot": "intent", "values": ["BuyEventTickets"]}, {"act": "SELECT", "canonical_values": [], "slot": "", "values": []}], "service": "Events_2", "slots": [], "state": {"active_intent": "BuyEventTickets", "requested_slots": [], "slot_values": {"city": ["San Francisco"], "date": ["next Friday"], "event_name": ["Giants Vs Dodgers"], "number_of_tickets": ["3"]}}}], "speaker": "USER", "utterance": "Okay, that would be fine. Would you arrange for me to purchase 3 tickets for that event, please?"}, {"frames": [{"actions": [{"act": "CONFIRM", "canonical_values": ["Giants Vs Dodgers"], "slot": "event_name", "values": ["Giants Vs Dodgers"]}, {"act": "CONFIRM", "canonical_values": ["3"], "slot": "number_of_tickets", "values": ["3"]}, {"act": "CONFIRM", "canonical_values": ["2019-03-08"], "slot": "date", "values": ["next Friday"]}, {"act": "CONFIRM", "canonical_values": ["San Francisco"], "slot": "city", "values": ["San Francisco"]}], "service": "Events_2", "slots": [{"exclusive_end": 69, "slot": "event_name", "start": 52}, {"exclusive_end": 86, "slot": "date", "start": 75}, {"exclusive_end": 130, "slot": "city", "start": 117}]}], "speaker": "SYSTEM", "utterance": "Yes, I am reserving 3 tickets for you to attend the Giants Vs Dodgers game next Friday. The event will take place in San Francisco. Please confirm"}, {"frames": [{"actions": [{"act": "REQUEST", "canonical_values": [], "slot": "venue_address", "values": []}, {"act": "REQUEST", "canonical_values": [], "slot": "time", "values": []}, {"act": "AFFIRM", "canonical_values": [], "slot": "", "values": []}], "service": "Events_2", "slots": [], "state": {"active_intent": "BuyEventTickets", "requested_slots": ["time", "venue_address"], "slot_values": {"city": ["San Francisco"], "date": ["next Friday"], "event_name": ["Giants Vs Dodgers"], "number_of_tickets": ["3"]}}}], "speaker": "USER", "utterance": "Wonderful. Yes, please confirm. That is exactly what I want. Now, what is the address of the venue? And, at what time will the game start?"}, {"frames": [{"actions": [{"act": "INFORM", "canonical_values": ["24 Willie Mays Plaza"], "slot": "venue_address", "values": ["24 Willie Mays Plaza"]}, {"act": "INFORM", "canonical_values": ["17:00"], "slot": "time", "values": ["5 pm"]}, {"act": "NOTIFY_SUCCESS", "canonical_values": [], "slot": "", "values": []}], "service": "Events_2", "service_call": {"method": "BuyEventTickets", "parameters": {"city": "San Francisco", "date": "2019-03-08", "event_name": "Giants Vs Dodgers", "number_of_tickets": "3"}}, "service_results": [{"city": "San Francisco", "date": "2019-03-08", "event_name": "Giants Vs Dodgers", "number_of_tickets": "3", "time": "17:00", "venue": "Oracle Park", "venue_address": "24 Willie Mays Plaza"}], "slots": [{"exclusive_end": 90, "slot": "venue_address", "start": 70}, {"exclusive_end": 124, "slot": "time", "start": 120}]}], "speaker": "SYSTEM", "utterance": "You now have a reservation for the event. The address of the venue is 24 Willie Mays Plaza, and the event will begin at 5 pm."}, {"frames": [{"actions": [{"act": "THANK_YOU", "canonical_values": [], "slot": "", "values": []}], "service": "Events_2", "slots": [], "state": {"active_intent": "BuyEventTickets", "requested_slots": [], "slot_values": {"city": ["San Francisco"], "date": ["next Friday"], "event_name": ["Giants Vs Dodgers"], "number_of_tickets": ["3"]}}}], "speaker": "USER", "utterance": "Fine and dandy. I really appreciate your assistance."}, {"frames": [{"actions": [{"act": "REQ_MORE", "canonical_values": [], "slot": "", "values": []}], "service": "Events_2", "slots": []}], "speaker": "SYSTEM", "utterance": "Would you like any other assistance?"}, {"frames": [{"actions": [{"act": "NEGATE", "canonical_values": [], "slot": "", "values": []}, {"act": "THANK_YOU", "canonical_values": [], "slot": "", "values": []}], "service": "Events_2", "slots": [], "state": {"active_intent": "NONE", "requested_slots": [], "slot_values": {"city": ["San Francisco"], "date": ["next Friday"], "event_name": ["Giants Vs Dodgers"], "number_of_tickets": ["3"]}}}], "speaker": "USER", "utterance": "Nope, you've been great. Thanks so much."}, {"frames": [{"actions": [{"act": "GOODBYE", "canonical_values": [], "slot": "", "values": []}], "service": "Events_2", "slots": []}], "speaker": "SYSTEM", "utterance": "My pleasure. Assistance completed at this time."}]}, {"dialogue_id": "5_00001", "services": ["Events_2"], "turns": [{"frames": [{"actions": [{"act": "INFORM_INTENT", "canonical_values": ["GetEventDates"], "slot": "intent", "values": ["GetEventDates"]}], "service": "Events_2", "slots": [], "state": {"active_intent": "GetEventDates", "requested_slots": [], "slot_values": {}}}], "speaker": "USER", "utterance": "I'm interested in finding dates for events."}, {"frames": [{"actions": [{"act": "REQUEST", "canonical_values": [], "slot": "city", "values": []}, {"act": "REQUEST", "canonical_values": [], "slot": "event_name", "values": []}], "service": "Events_2", "slots": []}], "speaker": "SYSTEM", "utterance": "Do you have a city you prefer? What events are you interested in?"}, {"frames": [{"actions": [{"act": "INFORM", "canonical_values": ["Brown Sabbath"], "slot": "event_name", "values": ["Brown Sabbath"]}, {"act": "INFORM", "canonical_values": ["Anaheim"], "slot": "city", "values": ["Anaheim"]}], "service": "Events_2", "slots": [{"exclusive_end": 64, "slot": "event_name", "start": 51}, {"exclusive_end": 34, "slot": "city", "start": 27}], "state": {"active_intent": "GetEventDates", "requested_slots": [], "slot_values": {"city": ["Anaheim"], "event_name": ["Brown Sabbath"]}}}], "speaker": "USER", "utterance": "I am looking for events in Anaheim and I head that Brown Sabbath is really good."}, {"frames": [{"actions": [{"act": "OFFER", "canonical_values": ["2019-03-01"], "slot": "date", "values": ["today"]}, {"act": "OFFER", "canonical_values": ["Brown Sabbath"], "slot": "event_name", "values": ["Brown Sabbath"]}, {"act": "OFFER", "canonical_values": ["Crossroads at House of Blues Anaheim"], "slot": "venue", "values": ["Crossroads at House of Blues Anaheim"]}], "service": "Events_2", "service_call": {"method": "GetEventDates", "parameters": {"city": "Anaheim", "event_name": "Brown Sabbath"}}, "service_results": [{"city": "Anaheim", "date": "2019-03-01", "event_name": "Brown Sabbath", "time": "19:00", "venue": "Crossroads at House of Blues Anaheim", "venue_address": "1530 Disneyland Monrail System"}, {"city": "Anaheim", "date": "2019-03-02", "event_name": "Brown Sabbath", "time": "19:00", "venue": "Crossroads at House of Blues Anaheim", "venue_address": "1530 Disneyland Monrail System"}, {"city": "Anaheim", "date": "2019-03-14", "event_name": "Brown Sabbath", "time": "17:00", "venue": "Crossroads at House of Blues Anaheim", "venue_address": "1530 Disneyland Monrail System"}], "slots": [{"exclusive_end": 41, "slot": "date", "start": 36}, {"exclusive_end": 17, "slot": "event_name", "start": 4}, {"exclusive_end": 81, "slot": "venue", "start": 45}]}], "speaker": "SYSTEM", "utterance": "The Brown Sabbath event will happen today at Crossroads at House of Blues Anaheim."}, {"frames": [{"actions": [{"act": "REQUEST_ALTS", "canonical_values": [], "slot": "", "values": []}], "service": "Events_2", "slots": [], "state": {"active_intent": "GetEventDates", "requested_slots": [], "slot_values": {"city": ["Anaheim"], "event_name": ["Brown Sabbath"]}}}], "speaker": "USER", "utterance": "What events are there on other dates?"}, {"frames": [{"actions": [{"act": "OFFER", "canonical_values": ["2019-03-02"], "slot": "date", "values": ["tomorrow"]}, {"act": "OFFER", "canonical_values": ["Brown Sabbath"], "slot": "event_name", "values": ["Brown Sabbath"]}, {"act": "OFFER", "canonical_values": ["Crossroads at House of Blues Anaheim"], "slot": "venue", "values": ["Crossroads at House of Blues Anaheim"]}], "service": "Events_2", "slots": [{"exclusive_end": 30, "slot": "date", "start": 22}, {"exclusive_end": 21, "slot": "event_name", "start": 8}, {"exclusive_end": 70, "slot": "venue", "start": 34}]}], "speaker": "SYSTEM", "utterance": "There's Brown Sabbath tomorrow at Crossroads at House of Blues Anaheim."}, {"frames": [{"actions": [{"act": "SELECT", "canonical_values": [], "slot": "", "values": []}], "service": "Events_2", "slots": [], "state": {"active_intent": "GetEventDates", "requested_slots": [], "slot_values": {"city": ["Anaheim"], "date": ["tomorrow"], "event_name": ["Brown Sabbath"]}}}], "speaker": "USER", "utterance": "That sounds good."}, {"frames": [{"actions": [{"act": "OFFER_INTENT", "canonical_values": ["BuyEventTickets"], "slot": "intent", "values": ["BuyEventTickets"]}], "service": "Events_2", "slots": []}], "speaker": "SYSTEM", "utterance": "Do you want to buy tickets for this event?"}, {"frames": [{"actions": [{"act": "AFFIRM_INTENT", "canonical_values": [], "slot": "", "values": []}], "service": "Events_2", "slots": [], "state": {"active_intent": "BuyEventTickets", "requested_slots": [], "slot_values": {"city": ["Anaheim"], "date": ["tomorrow"], "event_name": ["Brown Sabbath"]}}}], "speaker": "USER", "utterance": "Yes, I would like to buy tickets."}, {"frames": [{"actions": [{"act": "REQUEST", "canonical_values": [], "slot": "number_of_tickets", "values": []}], "service": "Events_2", "slots": []}], "speaker": "SYSTEM", "utterance": "How many tickets do you want?"}, {"frames": [{"actions": [{"act": "INFORM", "canonical_values": ["2"], "slot": "number_of_tickets", "values": ["2"]}], "service": "Events_2", "slots": [], "state": {"active_intent": "BuyEventTickets", "requested_slots": [], "slot_values": {"city": ["Anaheim"], "date": ["tomorrow"], "event_name": ["Brown Sabbath"], "number_of_tickets": ["2"]}}}], "speaker": "USER", "utterance": "I want 2 tickets."}, {"frames": [{"actions": [{"act": "CONFIRM", "canonical_values": ["Brown Sabbath"], "slot": "event_name", "values": ["Brown Sabbath"]}, {"act": "CONFIRM", "canonical_values": ["2"], "slot": "number_of_tickets", "values": ["2"]}, {"act": "CONFIRM", "canonical_values": ["2019-03-02"], "slot": "date", "values": ["tomorrow"]}, {"act": "CONFIRM", "canonical_values": ["Anaheim"], "slot": "city", "values": ["Anaheim"]}], "service": "Events_2", "slots": [{"exclusive_end": 62, "slot": "event_name", "start": 49}, {"exclusive_end": 37, "slot": "date", "start": 29}, {"exclusive_end": 88, "slot": "city", "start": 81}]}], "speaker": "SYSTEM", "utterance": "Just to confirm the event is tomorrow and the is Brown Sabbath with 2 tickets in Anaheim."}, {"frames": [{"actions": [{"act": "INFORM", "canonical_values": ["1"], "slot": "number_of_tickets", "values": ["1"]}, {"act": "NEGATE", "canonical_values": [], "slot": "", "values": []}], "service": "Events_2", "slots": [], "state": {"active_intent": "BuyEventTickets", "requested_slots": [], "slot_values": {"city": ["Anaheim"], "date": ["tomorrow"], "event_name": ["Brown Sabbath"], "number_of_tickets": ["1"]}}}], "speaker": "USER", "utterance": "I just want one ticket."}, {"frames": [{"actions": [{"act": "CONFIRM", "canonical_values": ["Brown Sabbath"], "slot": "event_name", "values": ["Brown Sabbath"]}, {"act": "CONFIRM", "canonical_values": ["1"], "slot": "number_of_tickets", "values": ["1"]}], "service": "Events_2", "slots": [{"exclusive_end": 56, "slot": "event_name", "start": 43}]}], "speaker": "SYSTEM", "utterance": "Just to confirm, you just one 1 ticket for Brown Sabbath."}, {"frames": [{"actions": [{"act": "AFFIRM", "canonical_values": [], "slot": "", "values": []}], "service": "Events_2", "slots": [], "state": {"active_intent": "BuyEventTickets", "requested_slots": [], "slot_values": {"city": ["Anaheim"], "date": ["tomorrow"], "event_name": ["Brown Sabbath"], "number_of_tickets": ["1"]}}}], "speaker": "USER", "utterance": "Yes, that works for me."}, {"frames": [{"actions": [{"act": "NOTIFY_SUCCESS", "canonical_values": [], "slot": "", "values": []}], "service": "Events_2", "service_call": {"method": "BuyEventTickets", "parameters": {"city": "Anaheim", "date": "2019-03-02", "event_name": "Brown Sabbath", "number_of_tickets": "1"}}, "service_results": [{"city": "Anaheim", "date": "2019-03-02", "event_name": "Brown Sabbath", "number_of_tickets": "1", "time": "19:00", "venue": "Crossroads at House of Blues Anaheim", "venue_address": "1530 Disneyland Monrail System"}], "slots": []}], "speaker": "SYSTEM", "utterance": "Reservations have been made."}, {"frames": [{"actions": [{"act": "THANK_YOU", "canonical_values": [], "slot": "", "values": []}, {"act": "GOODBYE", "canonical_values": [], "slot": "", "values": []}], "service": "Events_2", "slots": [], "state": {"active_intent": "BuyEventTickets", "requested_slots": [], "slot_values": {"city": ["Anaheim"], "date": ["tomorrow"], "event_name": ["Brown Sabbath"], "number_of_tickets": ["1"]}}}], "speaker": "USER", "utterance": "That's all I need and thanks a lot for the help."}, {"frames": [{"actions": [{"act": "GOODBYE", "canonical_values": [], "slot": "", "values": []}], "service": "Events_2", "slots": []}], "speaker": "SYSTEM", "utterance": "Have a great day."}]}, {"dialogue_id": "5_00002", "services": ["Events_2"], "turns": [{"frames": [{"actions": [{"act": "INFORM_INTENT", "canonical_values": ["GetEventDates"], "slot": "intent", "values": ["GetEventDates"]}], "service": "Events_2", "slots": [], "state": {"active_intent": "GetEventDates", "requested_slots": [], "slot_values": {}}}], "speaker": "USER", "utterance": "I would like to find local event dates."}, {"frames": [{"actions": [{"act": "REQUEST", "canonical_values": [], "slot": "city", "values": []}, {"act": "REQUEST", "canonical_values": [], "slot": "event_name", "values": []}], "service": "Events_2", "slots": []}], "speaker": "SYSTEM", "utterance": "Do you have a preferred city and event?"}, {"frames": [{"actions": [{"act": "INFORM", "canonical_values": ["The Buttertones"], "slot": "event_name", "values": ["The Buttertones"]}, {"act": "INFORM", "canonical_values": ["Chicago"], "slot": "city", "values": ["Chi-town"]}], "service": "Events_2", "slots": [{"exclusive_end": 41, "slot": "event_name", "start": 26}, {"exclusive_end": 13, "slot": "city", "start": 5}], "state": {"active_intent": "GetEventDates", "requested_slots": [], "slot_values": {"city": ["Chi-town"], "event_name": ["The Buttertones"]}}}], "speaker": "USER", "utterance": "Yes, Chi-town and I heard The Buttertones is good."}, {"frames": [{"actions": [{"act": "OFFER", "canonical_values": ["2019-03-06"], "slot": "date", "values": ["next Wednesday"]}, {"act": "OFFER", "canonical_values": ["The Buttertones"], "slot": "event_name", "values": ["The Buttertones"]}, {"act": "OFFER", "canonical_values": ["Chop Shop"], "slot": "venue", "values": ["Chop Shop"]}, {"act": "INFORM_COUNT", "canonical_values": ["5"], "slot": "count", "values": ["5"]}], "service": "Events_2", "service_call": {"method": "GetEventDates", "parameters": {"city": "Chicago", "event_name": "The Buttertones"}}, "service_results": [{"city": "Chicago", "date": "2019-03-06", "event_name": "The Buttertones", "time": "18:30", "venue": "Chop Shop", "venue_address": "2033 West North Avenue"}, {"city": "Chicago", "date": "2019-03-07", "event_name": "The Buttertones", "time": "18:30", "venue": "Chop Shop", "venue_address": "2033 West North Avenue"}, {"city": "Chicago", "date": "2019-03-09", "event_name": "The Buttertones", "time": "18:00", "venue": "Chop Shop", "venue_address": "2033 West North Avenue"}, {"city": "Chicago", "date": "2019-03-10", "event_name": "The Buttertones", "time": "19:00", "venue": "Chop Shop", "venue_address": "2033 West North Avenue"}, {"city": "Chicago", "date": "2019-03-12", "event_name": "The Buttertones", "time": "17:30", "venue": "Chop Shop", "venue_address": "2033 West North Avenue"}], "slots": [{"exclusive_end": 25, "slot": "date", "start": 11}, {"exclusive_end": 44, "slot": "event_name", "start": 29}, {"exclusive_end": 57, "slot": "venue", "start": 48}]}], "speaker": "SYSTEM", "utterance": "In 5 days, next Wednesday is The Buttertones at Chop Shop."}, {"frames": [{"actions": [{"act": "REQUEST_ALTS", "canonical_values": [], "slot": "", "values": []}], "service": "Events_2", "slots": [], "state": {"active_intent": "GetEventDates", "requested_slots": [], "slot_values": {"city": ["Chi-town"], "event_name": ["The Buttertones"]}}}], "speaker": "USER", "utterance": "Are there other dates?"}, {"frames": [{"actions": [{"act": "OFFER", "canonical_values": ["2019-03-07"], "slot": "date", "values": ["Next Thursday"]}, {"act": "OFFER", "canonical_values": ["The Buttertones"], "slot": "event_name", "values": ["The Buttertones"]}, {"act": "OFFER", "canonical_values": ["Chop Shop"], "slot": "venue", "values": ["Chop Shop"]}], "service": "Events_2", "slots": [{"exclusive_end": 13, "slot": "date", "start": 0}, {"exclusive_end": 46, "slot": "event_name", "start": 31}, {"exclusive_end": 63, "slot": "venue", "start": 54}]}], "speaker": "SYSTEM", "utterance": "Next Thursday is available for The Buttertones at the Chop Shop."}, {"frames": [{"actions": [{"act": "INFORM", "canonical_values": ["Buddy Guy"], "slot": "event_name", "values": ["Buddy Guy"]}, {"act": "INFORM", "canonical_values": ["New York"], "slot": "city", "values": ["New York City"]}, {"act": "REQUEST_ALTS", "canonical_values": [], "slot": "", "values": []}], "service": "Events_2", "slots": [{"exclusive_end": 42, "slot": "event_name", "start": 33}, {"exclusive_end": 28, "slot": "city", "start": 15}], "state": {"active_intent": "GetEventDates", "requested_slots": [], "slot_values": {"city": ["New York City"], "event_name": ["Buddy Guy"]}}}], "speaker": "USER", "utterance": "What a bout in New York City for Buddy Guy who is good?"}, {"frames": [{"actions": [{"act": "OFFER", "canonical_values": ["2019-03-01"], "slot": "date", "values": ["today"]}, {"act": "OFFER", "canonical_values": ["Buddy Guy"], "slot": "event_name", "values": ["Buddy Guy"]}, {"act": "OFFER", "canonical_values": ["Sony Hall"], "slot": "venue", "values": ["Sony Hall"]}], "service": "Events_2", "service_call": {"method": "GetEventDates", "parameters": {"city": "New York", "event_name": "Buddy Guy"}}, "service_results": [{"city": "New York", "date": "2019-03-01", "event_name": "Buddy Guy", "time": "17:00", "venue": "Sony Hall", "venue_address": "235 West 46th Street"}, {"city": "New York", "date": "2019-03-06", "event_name": "Buddy Guy", "time": "18:00", "venue": "Sony Hall", "venue_address": "235 West 46th Street"}, {"city": "New York", "date": "2019-03-07", "event_name": "Buddy Guy", "time": "17:00", "venue": "Sony Hall", "venue_address": "235 West 46th Street"}, {"city": "New York", "date": "2019-03-09", "event_name": "Buddy Guy", "time": "17:00", "venue": "Sony Hall", "venue_address": "235 West 46th Street"}], "slots": [{"exclusive_end": 40, "slot": "date", "start": 35}, {"exclusive_end": 13, "slot": "event_name", "start": 4}, {"exclusive_end": 31, "slot": "venue", "start": 22}]}], "speaker": "SYSTEM", "utterance": "The Buddy Guy even at Sony Hall is today."}, {"frames": [{"actions": [{"act": "REQUEST", "canonical_values": [], "slot": "time", "values": []}], "service": "Events_2", "slots": [], "state": {"active_intent": "GetEventDates", "requested_slots": ["time"], "slot_values": {"city": ["New York City"], "event_name": ["Buddy Guy"]}}}], "speaker": "USER", "utterance": "When does it start?"}, {"frames": [{"actions": [{"act": "INFORM", "canonical_values": ["17:00"], "slot": "time", "values": ["5 pm"]}], "service": "Events_2", "slots": [{"exclusive_end": 17, "slot": "time", "start": 13}]}], "speaker": "SYSTEM", "utterance": "It starts at 5 pm."}, {"frames": [{"actions": [{"act": "REQUEST", "canonical_values": [], "slot": "venue_address", "values": []}], "service": "Events_2", "slots": [], "state": {"active_intent": "GetEventDates", "requested_slots": ["venue_address"], "slot_values": {"city": ["New York City"], "event_name": ["Buddy Guy"]}}}], "speaker": "USER", "utterance": "Where is the address?"}, {"frames": [{"actions": [{"act": "INFORM", "canonical_values": ["235 West 46th Street"], "slot": "venue_address", "values": ["235 West 46th Street"]}], "service": "Events_2", "slots": [{"exclusive_end": 35, "slot": "venue_address", "start": 15}]}], "speaker": "SYSTEM", "utterance": "The address is 235 West 46th Street."}, {"frames": [{"actions": [{"act": "SELECT", "canonical_values": [], "slot": "", "values": []}], "service": "Events_2", "slots": [], "state": {"active_intent": "GetEventDates", "requested_slots": [], "slot_values": {"city": ["New York City"], "date": ["today"], "event_name": ["Buddy Guy"]}}}], "speaker": "USER", "utterance": "This is a good one for me."}, {"frames": [{"actions": [{"act": "OFFER_INTENT", "canonical_values": ["BuyEventTickets"], "slot": "intent", "values": ["BuyEventTickets"]}], "service": "Events_2", "slots": []}], "speaker": "SYSTEM", "utterance": "Would you like tickets?"}, {"frames": [{"actions": [{"act": "AFFIRM_INTENT", "canonical_values": [], "slot": "", "values": []}, {"act": "INFORM", "canonical_values": ["2"], "slot": "number_of_tickets", "values": ["2"]}], "service": "Events_2", "slots": [], "state": {"active_intent": "BuyEventTickets", "requested_slots": [], "slot_values": {"city": ["New York City"], "date": ["today"], "event_name": ["Buddy Guy"], "number_of_tickets": ["2"]}}}], "speaker": "USER", "utterance": "I want two tickets to this."}, {"frames": [{"actions": [{"act": "CONFIRM", "canonical_values": ["Buddy Guy"], "slot": "event_name", "values": ["Buddy Guy"]}, {"act": "CONFIRM", "canonical_values": ["2"], "slot": "number_of_tickets", "values": ["2"]}, {"act": "CONFIRM", "canonical_values": ["2019-03-01"], "slot": "date", "values": ["today"]}, {"act": "CONFIRM", "canonical_values": ["New York"], "slot": "city", "values": ["New York"]}], "service": "Events_2", "slots": [{"exclusive_end": 48, "slot": "event_name", "start": 39}, {"exclusive_end": 24, "slot": "date", "start": 19}, {"exclusive_end": 60, "slot": "city", "start": 52}]}], "speaker": "SYSTEM", "utterance": "Please confirm for today 2 tickets for Buddy Guy in New York."}, {"frames": [{"actions": [{"act": "AFFIRM", "canonical_values": [], "slot": "", "values": []}], "service": "Events_2", "slots": [], "state": {"active_intent": "BuyEventTickets", "requested_slots": [], "slot_values": {"city": ["New York", "New York City"], "date": ["today"], "event_name": ["Buddy Guy"], "number_of_tickets": ["2"]}}}], "speaker": "USER", "utterance": "Thank you that is good."}, {"frames": [{"actions": [{"act": "NOTIFY_SUCCESS", "canonical_values": [], "slot": "", "values": []}], "service": "Events_2", "service_call": {"method": "BuyEventTickets", "parameters": {"city": "New York", "date": "2019-03-01", "event_name": "Buddy Guy", "number_of_tickets": "2"}}, "service_results": [{"city": "New York", "date": "2019-03-01", "event_name": "Buddy Guy", "number_of_tickets": "2", "time": "17:00", "venue": "Sony Hall", "venue_address": "235 West 46th Street"}], "slots": []}], "speaker": "SYSTEM", "utterance": "Your tickets are confirmed."}, {"frames": [{"actions": [{"act": "THANK_YOU", "canonical_values": [], "slot": "", "values": []}, {"act": "GOODBYE", "canonical_values": [], "slot": "", "values": []}], "service": "Events_2", "slots": [], "state": {"active_intent": "BuyEventTickets", "requested_slots": [], "slot_values": {"city": ["New York", "New York City"], "date": ["today"], "event_name": ["Buddy Guy"], "number_of_tickets": ["2"]}}}], "speaker": "USER", "utterance": "Thanks that is all today."}, {"frames": [{"actions": [{"act": "GOODBYE", "canonical_values": [], "slot": "", "values": []}], "service": "Events_2", "slots": []}], "speaker": "SYSTEM", "utterance": "Have a great day today."}]}, {"dialogue_id": "5_00003", "services": ["Events_2"], "turns": [{"frames": [{"actions": [{"act": "INFORM_INTENT", "canonical_values": ["GetEventDates"], "slot": "intent", "values": ["GetEventDates"]}], "service": "Events_2", "slots": [], "state": {"active_intent": "GetEventDates", "requested_slots": [], "slot_values": {}}}], "speaker": "USER", "utterance": "Hi, I am trying to find some dates for events in the city."}, {"frames": [{"actions": [{"act": "REQUEST", "canonical_values": [], "slot": "city", "values": []}], "service": "Events_2", "slots": []}], "speaker": "SYSTEM", "utterance": "Is there a particular city you would like me to research the event for?"}, {"frames": [{"actions": [{"act": "INFORM", "canonical_values": ["Yellow Jackets Vs Bulls"], "slot": "event_name", "values": ["Yellow Jackets Vs Bulls"]}, {"act": "INFORM", "canonical_values": ["Atlanta"], "slot": "city", "values": ["ATL"]}], "service": "Events_2", "slots": [{"exclusive_end": 69, "slot": "event_name", "start": 46}, {"exclusive_end": 30, "slot": "city", "start": 27}], "state": {"active_intent": "GetEventDates", "requested_slots": [], "slot_values": {"city": ["ATL"], "event_name": ["Yellow Jackets Vs Bulls"]}}}], "speaker": "USER", "utterance": "I am looking for events in ATL...I heard that Yellow Jackets Vs Bulls is supposed to be really exciting."}, {"frames": [{"actions": [{"act": "OFFER", "canonical_values": ["2019-03-03"], "slot": "date", "values": ["day after tomorrow"]}, {"act": "OFFER", "canonical_values": ["Yellow Jackets Vs Bulls"], "slot": "event_name", "values": ["Yellow Jackets Vs Bulls"]}, {"act": "OFFER", "canonical_values": ["Bobby Dodd Stadium at Historic Grant Field"], "slot": "venue", "values": ["Bobby Dodd Stadium at Historic Grant Field"]}], "service": "Events_2", "service_call": {"method": "GetEventDates", "parameters": {"city": "Atlanta", "event_name": "Yellow Jackets Vs Bulls"}}, "service_results": [{"city": "Atlanta", "date": "2019-03-03", "event_name": "Yellow Jackets Vs Bulls", "time": "17:30", "venue": "Bobby Dodd Stadium at Historic Grant Field", "venue_address": "177 North Avenue Northwest"}, {"city": "Atlanta", "date": "2019-03-07", "event_name": "Yellow Jackets Vs Bulls", "time": "18:00", "venue": "Bobby Dodd Stadium at Historic Grant Field", "venue_address": "177 North Avenue Northwest"}, {"city": "Atlanta", "date": "2019-03-09", "event_name": "Yellow Jackets Vs Bulls", "time": "19:00", "venue": "Bobby Dodd Stadium at Historic Grant Field", "venue_address": "177 North Avenue Northwest"}, {"city": "Atlanta", "date": "2019-03-10", "event_name": "Yellow Jackets Vs Bulls", "time": "17:30", "venue": "Bobby Dodd Stadium at Historic Grant Field", "venue_address": "177 North Avenue Northwest"}, {"city": "Atlanta", "date": "2019-03-12", "event_name": "Yellow Jackets Vs Bulls", "time": "19:30", "venue": "Bobby Dodd Stadium at Historic Grant Field", "venue_address": "177 North Avenue Northwest"}, {"city": "Atlanta", "date": "2019-03-13", "event_name": "Yellow Jackets Vs Bulls", "time": "17:00", "venue": "Bobby Dodd Stadium at Historic Grant Field", "venue_address": "177 North Avenue Northwest"}, {"city": "Atlanta", "date": "2019-03-14", "event_name": "Yellow Jackets Vs Bulls", "time": "19:30", "venue": "Bobby Dodd Stadium at Historic Grant Field", "venue_address": "177 North Avenue Northwest"}], "slots": [{"exclusive_end": 134, "slot": "date", "start": 116}, {"exclusive_end": 27, "slot": "event_name", "start": 4}, {"exclusive_end": 93, "slot": "venue", "start": 51}]}], "speaker": "SYSTEM", "utterance": "The Yellow Jackets Vs Bulls will be playing at the Bobby Dodd Stadium at Historic Grant Field. The time will be the day after tomorrow."}, {"frames": [{"actions": [{"act": "REQUEST", "canonical_values": [], "slot": "time", "values": []}], "service": "Events_2", "slots": [], "state": {"active_intent": "GetEventDates", "requested_slots": ["time"], "slot_values": {"city": ["ATL"], "event_name": ["Yellow Jackets Vs Bulls"]}}}], "speaker": "USER", "utterance": "What time does the game start?"}, {"frames": [{"actions": [{"act": "INFORM", "canonical_values": ["17:30"], "slot": "time", "values": ["5:30 pm"]}], "service": "Events_2", "slots": [{"exclusive_end": 32, "slot": "time", "start": 25}]}], "speaker": "SYSTEM", "utterance": "The game is scheduled at 5:30 pm."}, {"frames": [{"actions": [{"act": "REQUEST", "canonical_values": [], "slot": "venue_address", "values": []}], "service": "Events_2", "slots": [], "state": {"active_intent": "GetEventDates", "requested_slots": ["venue_address"], "slot_values": {"city": ["ATL"], "event_name": ["Yellow Jackets Vs Bulls"]}}}], "speaker": "USER", "utterance": "Could you let me know the venue address?"}, {"frames": [{"actions": [{"act": "INFORM", "canonical_values": ["177 North Avenue Northwest"], "slot": "venue_address", "values": ["177 North Avenue Northwest"]}], "service": "Events_2", "slots": [{"exclusive_end": 47, "slot": "venue_address", "start": 21}]}], "speaker": "SYSTEM", "utterance": "The venue address is 177 North Avenue Northwest."}, {"frames": [{"actions": [{"act": "SELECT", "canonical_values": [], "slot": "", "values": []}], "service": "Events_2", "slots": [], "state": {"active_intent": "GetEventDates", "requested_slots": [], "slot_values": {"city": ["ATL"], "date": ["day after tomorrow"], "event_name": ["Yellow Jackets Vs Bulls"]}}}], "speaker": "USER", "utterance": "Awesome, sounds great!"}, {"frames": [{"actions": [{"act": "OFFER_INTENT", "canonical_values": ["BuyEventTickets"], "slot": "intent", "values": ["BuyEventTickets"]}], "service": "Events_2", "slots": []}], "speaker": "SYSTEM", "utterance": "Would you like to buy tickets to the game?"}, {"frames": [{"actions": [{"act": "AFFIRM_INTENT", "canonical_values": [], "slot": "", "values": []}, {"act": "INFORM", "canonical_values": ["4"], "slot": "number_of_tickets", "values": ["4"]}], "service": "Events_2", "slots": [], "state": {"active_intent": "BuyEventTickets", "requested_slots": [], "slot_values": {"city": ["ATL"], "date": ["day after tomorrow"], "event_name": ["Yellow Jackets Vs Bulls"], "number_of_tickets": ["4"]}}}], "speaker": "USER", "utterance": "Yes, I need four tickets to the game please."}, {"frames": [{"actions": [{"act": "CONFIRM", "canonical_values": ["Yellow Jackets Vs Bulls"], "slot": "event_name", "values": ["Yellow Jackets Vs Bulls"]}, {"act": "CONFIRM", "canonical_values": ["4"], "slot": "number_of_tickets", "values": ["4"]}, {"act": "CONFIRM", "canonical_values": ["2019-03-03"], "slot": "date", "values": ["day after tomorrow"]}, {"act": "CONFIRM", "canonical_values": ["Atlanta"], "slot": "city", "values": ["Atlanta"]}], "service": "Events_2", "slots": [{"exclusive_end": 66, "slot": "event_name", "start": 43}, {"exclusive_end": 118, "slot": "date", "start": 100}, {"exclusive_end": 95, "slot": "city", "start": 88}]}], "speaker": "SYSTEM", "utterance": "Just to confirm: You need 4 tickets to the Yellow Jackets Vs Bulls game taking place in Atlanta the day after tomorrow."}, {"frames": [{"actions": [{"act": "AFFIRM", "canonical_values": [], "slot": "", "values": []}], "service": "Events_2", "slots": [], "state": {"active_intent": "BuyEventTickets", "requested_slots": [], "slot_values": {"city": ["ATL", "Atlanta"], "date": ["day after tomorrow"], "event_name": ["Yellow Jackets Vs Bulls"], "number_of_tickets": ["4"]}}}], "speaker": "USER", "utterance": "Yes, I can confirm that."}, {"frames": [{"actions": [{"act": "NOTIFY_SUCCESS", "canonical_values": [], "slot": "", "values": []}], "service": "Events_2", "service_call": {"method": "BuyEventTickets", "parameters": {"city": "Atlanta", "date": "2019-03-03", "event_name": "Yellow Jackets Vs Bulls", "number_of_tickets": "4"}}, "service_results": [{"city": "Atlanta", "date": "2019-03-03", "event_name": "Yellow Jackets Vs Bulls", "number_of_tickets": "4", "time": "17:30", "venue": "Bobby Dodd Stadium at Historic Grant Field", "venue_address": "177 North Avenue Northwest"}], "slots": []}], "speaker": "SYSTEM", "utterance": "Congratulations, you have successfully made the reservation."}, {"frames": [{"actions": [{"act": "THANK_YOU", "canonical_values": [], "slot": "", "values": []}], "service": "Events_2", "slots": [], "state": {"active_intent": "BuyEventTickets", "requested_slots": [], "slot_values": {"city": ["ATL", "Atlanta"], "date": ["day after tomorrow"], "event_name": ["Yellow Jackets Vs Bulls"], "number_of_tickets": ["4"]}}}], "speaker": "USER", "utterance": "Thanks so much!"}, {"frames": [{"actions": [{"act": "REQ_MORE", "canonical_values": [], "slot": "", "values": []}], "service": "Events_2", "slots": []}], "speaker": "SYSTEM", "utterance": "Do you need any more assistance?"}, {"frames": [{"actions": [{"act": "NEGATE", "canonical_values": [], "slot": "", "values": []}, {"act": "THANK_YOU", "canonical_values": [], "slot": "", "values": []}], "service": "Events_2", "slots": [], "state": {"active_intent": "NONE", "requested_slots": [], "slot_values": {"city": ["ATL", "Atlanta"], "date": ["day after tomorrow"], "event_name": ["Yellow Jackets Vs Bulls"], "number_of_tickets": ["4"]}}}], "speaker": "USER", "utterance": "No, thanks for your help with this."}, {"frames": [{"actions": [{"act": "GOODBYE", "canonical_values": [], "slot": "", "values": []}], "service": "Events_2", "slots": []}], "speaker": "SYSTEM", "utterance": "Have a great day, thanks for your business."}]}, {"dialogue_id": "5_00004", "services": ["Events_2"], "turns": [{"frames": [{"actions": [{"act": "INFORM_INTENT", "canonical_values": ["GetEventDates"], "slot": "intent", "values": ["GetEventDates"]}], "service": "Events_2", "slots": [], "state": {"active_intent": "GetEventDates", "requested_slots": [], "slot_values": {}}}], "speaker": "USER", "utterance": "I want to find some dates for an event I want to go to."}, {"frames": [{"actions": [{"act": "REQUEST", "canonical_values": [], "slot": "event_name", "values": []}, {"act": "REQUEST", "canonical_values": [], "slot": "city", "values": []}], "service": "Events_2", "slots": []}], "speaker": "SYSTEM", "utterance": "Which event is it? Which city do you prefer to view it in?"}, {"frames": [{"actions": [{"act": "INFORM", "canonical_values": ["Washington Vs Ny Liberty"], "slot": "event_name", "values": ["Washington Vs Ny Liberty"]}, {"act": "INFORM", "canonical_values": ["Washington D.C."], "slot": "city", "values": ["Washington D.C."]}], "service": "Events_2", "slots": [{"exclusive_end": 40, "slot": "event_name", "start": 16}, {"exclusive_end": 59, "slot": "city", "start": 44}], "state": {"active_intent": "GetEventDates", "requested_slots": [], "slot_values": {"city": ["Washington D.C."], "event_name": ["Washington Vs Ny Liberty"]}}}], "speaker": "USER", "utterance": "I want to watch Washington Vs Ny Liberty in Washington D.C. When does it start?"}, {"frames": [{"actions": [{"act": "OFFER", "canonical_values": ["2019-03-06"], "slot": "date", "values": ["next Wednesday"]}, {"act": "OFFER", "canonical_values": ["Washington Vs Ny Liberty"], "slot": "event_name", "values": ["Washington Vs Ny Liberty"]}, {"act": "OFFER", "canonical_values": ["Entertainment & Sports Arena"], "slot": "venue", "values": ["Entertainment & Sports Arena"]}], "service": "Events_2", "service_call": {"method": "GetEventDates", "parameters": {"city": "Washington D.C.", "event_name": "Washington Vs Ny Liberty"}}, "service_results": [{"city": "Washington D.C.", "date": "2019-03-06", "event_name": "Washington Vs Ny Liberty", "time": "18:30", "venue": "Entertainment & Sports Arena", "venue_address": "1100 Oak Drive SE"}, {"city": "Washington D.C.", "date": "2019-03-08", "event_name": "Washington Vs Ny Liberty", "time": "18:30", "venue": "Entertainment & Sports Arena", "venue_address": "1100 Oak Drive SE"}, {"city": "Washington D.C.", "date": "2019-03-10", "event_name": "Washington Vs Ny Liberty", "time": "18:00", "venue": "Entertainment & Sports Arena", "venue_address": "1100 Oak Drive SE"}, {"city": "Washington D.C.", "date": "2019-03-12", "event_name": "Washington Vs Ny Liberty", "time": "19:30", "venue": "Entertainment & Sports Arena", "venue_address": "1100 Oak Drive SE"}], "slots": [{"exclusive_end": 21, "slot": "date", "start": 7}, {"exclusive_end": 50, "slot": "event_name", "start": 26}, {"exclusive_end": 96, "slot": "venue", "start": 68}]}], "speaker": "SYSTEM", "utterance": "Starts next Wednesday and Washington Vs Ny Liberty is hosted at the Entertainment & Sports Arena."}, {"frames": [{"actions": [{"act": "INFORM", "canonical_values": ["2"], "slot": "number_of_tickets", "values": ["2"]}, {"act": "INFORM_INTENT", "canonical_values": ["BuyEventTickets"], "slot": "intent", "values": ["BuyEventTickets"]}, {"act": "SELECT", "canonical_values": [], "slot": "", "values": []}], "service": "Events_2", "slots": [], "state": {"active_intent": "BuyEventTickets", "requested_slots": [], "slot_values": {"city": ["Washington D.C."], "date": ["next Wednesday"], "event_name": ["Washington Vs Ny Liberty"], "number_of_tickets": ["2"]}}}], "speaker": "USER", "utterance": "Sounds great! I want to buy those tickets, help me book two."}, {"frames": [{"actions": [{"act": "CONFIRM", "canonical_values": ["Washington Vs Ny Liberty"], "slot": "event_name", "values": ["Washington Vs Ny Liberty"]}, {"act": "CONFIRM", "canonical_values": ["2"], "slot": "number_of_tickets", "values": ["2"]}, {"act": "CONFIRM", "canonical_values": ["2019-03-06"], "slot": "date", "values": ["next Wednesday"]}, {"act": "CONFIRM", "canonical_values": ["Washington D.C."], "slot": "city", "values": ["Washington D.C."]}], "service": "Events_2", "slots": [{"exclusive_end": 74, "slot": "event_name", "start": 50}, {"exclusive_end": 94, "slot": "date", "start": 80}, {"exclusive_end": 113, "slot": "city", "start": 98}]}], "speaker": "SYSTEM", "utterance": "Certainly, I will help you book 2 tickets foo the Washington Vs Ny Liberty game next Wednesday at Washington D.C."}, {"frames": [{"actions": [{"act": "INFORM", "canonical_values": ["3"], "slot": "number_of_tickets", "values": ["3"]}, {"act": "NEGATE", "canonical_values": [], "slot": "", "values": []}], "service": "Events_2", "slots": [], "state": {"active_intent": "BuyEventTickets", "requested_slots": [], "slot_values": {"city": ["Washington D.C."], "date": ["next Wednesday"], "event_name": ["Washington Vs Ny Liberty"], "number_of_tickets": ["3"]}}}], "speaker": "USER", "utterance": "I want to change that to 3 tickets."}, {"frames": [{"actions": [{"act": "CONFIRM", "canonical_values": ["3"], "slot": "number_of_tickets", "values": ["3"]}, {"act": "CONFIRM", "canonical_values": ["Washington D.C."], "slot": "city", "values": ["Washington D.C."]}], "service": "Events_2", "slots": [{"exclusive_end": 52, "slot": "city", "start": 37}]}], "speaker": "SYSTEM", "utterance": "Certainly, 3 tickets for the even in Washington D.C."}, {"frames": [{"actions": [{"act": "REQUEST", "canonical_values": [], "slot": "venue_address", "values": []}, {"act": "AFFIRM", "canonical_values": [], "slot": "", "values": []}], "service": "Events_2", "slots": [], "state": {"active_intent": "BuyEventTickets", "requested_slots": ["venue_address"], "slot_values": {"city": ["Washington D.C."], "date": ["next Wednesday"], "event_name": ["Washington Vs Ny Liberty"], "number_of_tickets": ["3"]}}}], "speaker": "USER", "utterance": "What is the address of the venue?"}, {"frames": [{"actions": [{"act": "INFORM", "canonical_values": ["1100 Oak Drive SE"], "slot": "venue_address", "values": ["1100 Oak Drive SE"]}, {"act": "NOTIFY_SUCCESS", "canonical_values": [], "slot": "", "values": []}], "service": "Events_2", "service_call": {"method": "BuyEventTickets", "parameters": {"city": "Washington D.C.", "date": "2019-03-06", "event_name": "Washington Vs Ny Liberty", "number_of_tickets": "3"}}, "service_results": [{"city": "Washington D.C.", "date": "2019-03-06", "event_name": "Washington Vs Ny Liberty", "number_of_tickets": "3", "time": "18:30", "venue": "Entertainment & Sports Arena", "venue_address": "1100 Oak Drive SE"}], "slots": [{"exclusive_end": 75, "slot": "venue_address", "start": 58}]}], "speaker": "SYSTEM", "utterance": "The reservation has been made and the venue is located at 1100 Oak Drive SE."}, {"frames": [{"actions": [{"act": "THANK_YOU", "canonical_values": [], "slot": "", "values": []}], "service": "Events_2", "slots": [], "state": {"active_intent": "BuyEventTickets", "requested_slots": [], "slot_values": {"city": ["Washington D.C."], "date": ["next Wednesday"], "event_name": ["Washington Vs Ny Liberty"], "number_of_tickets": ["3"]}}}], "speaker": "USER", "utterance": "Thank you for your help!"}, {"frames": [{"actions": [{"act": "REQ_MORE", "canonical_values": [], "slot": "", "values": []}], "service": "Events_2", "slots": []}], "speaker": "SYSTEM", "utterance": "Is there anything else you need?"}, {"frames": [{"actions": [{"act": "NEGATE", "canonical_values": [], "slot": "", "values": []}, {"act": "THANK_YOU", "canonical_values": [], "slot": "", "values": []}], "service": "Events_2", "slots": [], "state": {"active_intent": "NONE", "requested_slots": [], "slot_values": {"city": ["Washington D.C."], "date": ["next Wednesday"], "event_name": ["Washington Vs Ny Liberty"], "number_of_tickets": ["3"]}}}], "speaker": "USER", "utterance": "No thank you, have a great day!"}, {"frames": [{"actions": [{"act": "GOODBYE", "canonical_values": [], "slot": "", "values": []}], "service": "Events_2", "slots": []}], "speaker": "SYSTEM", "utterance": "Have a great day yourself!"}]}]