[{"dialogue_id": "8_00000", "services": ["Buses_1", "RentalCars_1"], "turns": [{"frames": [{"actions": [{"act": "INFORM", "canonical_values": ["2"], "slot": "travelers", "values": ["2"]}, {"act": "INFORM", "canonical_values": ["10:30"], "slot": "leaving_time", "values": ["10:30"]}, {"act": "INFORM_INTENT", "canonical_values": ["BuyBusTicket"], "slot": "intent", "values": ["BuyBusTicket"]}], "service": "Buses_1", "slots": [{"exclusive_end": 49, "slot": "leaving_time", "start": 44}], "state": {"active_intent": "BuyBusTicket", "requested_slots": [], "slot_values": {"leaving_time": ["10:30"], "travelers": ["2"]}}}], "speaker": "USER", "utterance": "I need 2 tickets for the bus leaving around 10:30."}, {"frames": [{"actions": [{"act": "REQUEST", "canonical_values": [], "slot": "leaving_date", "values": []}], "service": "Buses_1", "slots": []}], "speaker": "SYSTEM", "utterance": "When are you leaving?"}, {"frames": [{"actions": [{"act": "INFORM", "canonical_values": ["2019-03-08"], "slot": "leaving_date", "values": ["8th of March"]}], "service": "Buses_1", "slots": [{"exclusive_end": 12, "slot": "leaving_date", "start": 0}], "state": {"active_intent": "BuyBusTicket", "requested_slots": [], "slot_values": {"leaving_date": ["8th of March"], "leaving_time": ["10:30"], "travelers": ["2"]}}}], "speaker": "USER", "utterance": "8th of March."}, {"frames": [{"actions": [{"act": "REQUEST", "canonical_values": [], "slot": "to_location", "values": []}, {"act": "REQUEST", "canonical_values": [], "slot": "from_location", "values": []}], "service": "Buses_1", "slots": []}], "speaker": "SYSTEM", "utterance": "Where are you going? Where are you leaving from?"}, {"frames": [{"actions": [{"act": "INFORM", "canonical_values": ["San Diego"], "slot": "from_location", "values": ["San Diego"]}, {"act": "INFORM", "canonical_values": ["Fresno"], "slot": "to_location", "values": ["Fresno"]}], "service": "Buses_1", "slots": [{"exclusive_end": 27, "slot": "from_location", "start": 18}, {"exclusive_end": 43, "slot": "to_location", "start": 37}], "state": {"active_intent": "BuyBusTicket", "requested_slots": [], "slot_values": {"from_location": ["San Diego"], "leaving_date": ["8th of March"], "leaving_time": ["10:30"], "to_location": ["Fresno"], "travelers": ["2"]}}}], "speaker": "USER", "utterance": "I am leaving from San Diego to go to Fresno."}, {"frames": [{"actions": [{"act": "CONFIRM", "canonical_values": ["San Diego"], "slot": "from_location", "values": ["San Diego"]}, {"act": "CONFIRM", "canonical_values": ["Fresno"], "slot": "to_location", "values": ["Fresno"]}, {"act": "CONFIRM", "canonical_values": ["2019-03-08"], "slot": "leaving_date", "values": ["March 8th"]}, {"act": "CONFIRM", "canonical_values": ["10:30"], "slot": "leaving_time", "values": ["10:30 am"]}, {"act": "CONFIRM", "canonical_values": ["2"], "slot": "travelers", "values": ["2"]}], "service": "Buses_1", "slots": [{"exclusive_end": 44, "slot": "from_location", "start": 35}, {"exclusive_end": 54, "slot": "to_location", "start": 48}, {"exclusive_end": 67, "slot": "leaving_date", "start": 58}, {"exclusive_end": 79, "slot": "leaving_time", "start": 71}]}], "speaker": "SYSTEM", "utterance": "Please confirm, 2 bus tickets from San Diego to Fresno on March 8th on 10:30 am."}, {"frames": [{"actions": [{"act": "AFFIRM", "canonical_values": [], "slot": "", "values": []}], "service": "Buses_1", "slots": [], "state": {"active_intent": "BuyBusTicket", "requested_slots": [], "slot_values": {"from_location": ["San Diego"], "leaving_date": ["8th of March", "March 8th"], "leaving_time": ["10:30", "10:30 am"], "to_location": ["Fresno"], "travelers": ["2"]}}}], "speaker": "USER", "utterance": "Yes, that is perfect."}, {"frames": [{"actions": [{"act": "NOTIFY_SUCCESS", "canonical_values": [], "slot": "", "values": []}], "service": "Buses_1", "service_call": {"method": "BuyBusTicket", "parameters": {"from_location": "San Diego", "leaving_date": "2019-03-08", "leaving_time": "10:30", "to_location": "Fresno", "travelers": "2"}}, "service_results": [{"fare": "45", "from_location": "San Diego", "from_station": "Santa Fe Depot", "leaving_date": "2019-03-08", "leaving_time": "10:30", "to_location": "Fresno", "to_station": "Fresno Station", "transfers": "0", "travelers": "2"}], "slots": []}], "speaker": "SYSTEM", "utterance": "Your tickets are confirmed."}, {"frames": [{"actions": [{"act": "INFORM", "canonical_values": ["Full-size"], "slot": "type", "values": ["Full-size"]}, {"act": "INFORM", "canonical_values": ["Fresno"], "slot": "pickup_city", "values": ["Fresno"]}, {"act": "INFORM_INTENT", "canonical_values": ["GetCarsAvailable"], "slot": "intent", "values": ["GetCarsAvailable"]}], "service": "RentalCars_1", "slots": [{"exclusive_end": 48, "slot": "pickup_city", "start": 42}], "state": {"active_intent": "GetCarsAvailable", "requested_slots": [], "slot_values": {"pickup_city": ["Fresno"], "type": ["Full-size"]}}}], "speaker": "USER", "utterance": "Thanks, I also need a full-size rental in Fresno."}, {"frames": [{"actions": [{"act": "REQUEST", "canonical_values": [], "slot": "pickup_time", "values": []}], "service": "RentalCars_1", "slots": []}], "speaker": "SYSTEM", "utterance": "What time do you want to pick it up?"}, {"frames": [{"actions": [{"act": "INFORM", "canonical_values": ["13:30"], "slot": "pickup_time", "values": ["1:30 in the afternoon"]}, {"act": "INFORM", "canonical_values": ["2019-03-11"], "slot": "pickup_date", "values": ["11th of March"]}], "service": "RentalCars_1", "slots": [{"exclusive_end": 66, "slot": "pickup_time", "start": 45}, {"exclusive_end": 41, "slot": "pickup_date", "start": 28}], "state": {"active_intent": "GetCarsAvailable", "requested_slots": [], "slot_values": {"pickup_city": ["Fresno"], "pickup_date": ["11th of March"], "pickup_time": ["1:30 in the afternoon"], "type": ["Full-size"]}}}], "speaker": "USER", "utterance": "I want to pick it up on the 11th of March at 1:30 in the afternoon."}, {"frames": [{"actions": [{"act": "REQUEST", "canonical_values": [], "slot": "dropoff_date", "values": []}], "service": "RentalCars_1", "slots": []}], "speaker": "SYSTEM", "utterance": "When do you want to drop it off?"}, {"frames": [{"actions": [{"act": "INFORM", "canonical_values": ["2019-03-14"], "slot": "dropoff_date", "values": ["14th of this Month"]}], "service": "RentalCars_1", "slots": [{"exclusive_end": 38, "slot": "dropoff_date", "start": 20}], "state": {"active_intent": "GetCarsAvailable", "requested_slots": [], "slot_values": {"dropoff_date": ["14th of this Month"], "pickup_city": ["Fresno"], "pickup_date": ["11th of March"], "pickup_time": ["1:30 in the afternoon"], "type": ["Full-size"]}}}], "speaker": "USER", "utterance": "I need it until the 14th of this Month."}, {"frames": [{"actions": [{"act": "OFFER", "canonical_values": ["Fresno Yosemite International Airport"], "slot": "pickup_location", "values": ["Fresno Yosemite International Airport"]}, {"act": "OFFER", "canonical_values": ["2019-03-11"], "slot": "pickup_date", "values": ["March 11th"]}, {"act": "OFFER", "canonical_values": ["Full-size"], "slot": "type", "values": ["Full-size"]}, {"act": "OFFER", "canonical_values": ["Cherokee"], "slot": "car_name", "values": ["Cherokee"]}], "service": "RentalCars_1", "service_call": {"method": "GetCarsAvailable", "parameters": {"dropoff_date": "2019-03-14", "pickup_city": "Fresno", "pickup_date": "2019-03-11", "pickup_time": "13:30", "type": "Full-size"}}, "service_results": [{"car_name": "Cherokee", "dropoff_date": "2019-03-14", "pickup_city": "Fresno", "pickup_date": "2019-03-11", "pickup_location": "Fresno Yosemite International Airport", "pickup_time": "13:30", "total_price": "132", "type": "Full-size"}, {"car_name": "Rogue", "dropoff_date": "2019-03-14", "pickup_city": "Fresno", "pickup_date": "2019-03-11", "pickup_location": "Fresno Yosemite International Airport", "pickup_time": "13:30", "total_price": "147", "type": "Full-size"}], "slots": [{"exclusive_end": 82, "slot": "pickup_location", "start": 45}, {"exclusive_end": 103, "slot": "pickup_date", "start": 93}, {"exclusive_end": 40, "slot": "car_name", "start": 32}]}], "speaker": "SYSTEM", "utterance": "I found a full-size car, like a Cherokee, at Fresno Yosemite International Airport available March 11th."}, {"frames": [{"actions": [{"act": "SELECT", "canonical_values": [], "slot": "", "values": []}], "service": "RentalCars_1", "slots": [], "state": {"active_intent": "GetCarsAvailable", "requested_slots": [], "slot_values": {"dropoff_date": ["14th of this Month"], "pickup_city": ["Fresno"], "pickup_date": ["11th of March", "March 11th"], "pickup_location": ["Fresno Yosemite International Airport"], "pickup_time": ["1:30 in the afternoon"], "type": ["Full-size"]}}}], "speaker": "USER", "utterance": "That sounds cool."}, {"frames": [{"actions": [{"act": "REQ_MORE", "canonical_values": [], "slot": "", "values": []}], "service": "RentalCars_1", "slots": []}], "speaker": "SYSTEM", "utterance": "Can I help with anything else?"}, {"frames": [{"actions": [{"act": "INFORM_INTENT", "canonical_values": ["ReserveCar"], "slot": "intent", "values": ["ReserveCar"]}], "service": "RentalCars_1", "slots": [], "state": {"active_intent": "ReserveCar", "requested_slots": [], "slot_values": {"dropoff_date": ["14th of this Month"], "pickup_city": ["Fresno"], "pickup_date": ["11th of March", "March 11th"], "pickup_location": ["Fresno Yosemite International Airport"], "pickup_time": ["1:30 in the afternoon"], "type": ["Full-size"]}}}], "speaker": "USER", "utterance": "I am ready to make a reservation."}, {"frames": [{"actions": [{"act": "CONFIRM", "canonical_values": ["Fresno Yosemite International Airport"], "slot": "pickup_location", "values": ["Fresno Yosemite International Airport"]}, {"act": "CONFIRM", "canonical_values": ["2019-03-11"], "slot": "pickup_date", "values": ["March 11th"]}, {"act": "CONFIRM", "canonical_values": ["13:30"], "slot": "pickup_time", "values": ["1:30 pm"]}, {"act": "CONFIRM", "canonical_values": ["2019-03-14"], "slot": "dropoff_date", "values": ["March 14th"]}, {"act": "CONFIRM", "canonical_values": ["Full-size"], "slot": "type", "values": ["Full-size"]}], "service": "RentalCars_1", "slots": [{"exclusive_end": 88, "slot": "pickup_location", "start": 51}, {"exclusive_end": 102, "slot": "pickup_date", "start": 92}, {"exclusive_end": 113, "slot": "pickup_time", "start": 106}, {"exclusive_end": 146, "slot": "dropoff_date", "start": 136}]}], "speaker": "SYSTEM", "utterance": "Please confirm, reservation for a full-size car at Fresno Yosemite International Airport on March 11th at 1:30 pm. The drop off day was March 14th."}, {"frames": [{"actions": [{"act": "REQUEST", "canonical_values": [], "slot": "total_price", "values": []}, {"act": "AFFIRM", "canonical_values": [], "slot": "", "values": []}], "service": "RentalCars_1", "slots": [], "state": {"active_intent": "ReserveCar", "requested_slots": ["total_price"], "slot_values": {"dropoff_date": ["14th of this Month", "March 14th"], "pickup_city": ["Fresno"], "pickup_date": ["11th of March", "March 11th"], "pickup_location": ["Fresno Yosemite International Airport"], "pickup_time": ["1:30 in the afternoon", "1:30 pm"], "type": ["Full-size"]}}}], "speaker": "USER", "utterance": "That sounds good. What is the total cost?"}, {"frames": [{"actions": [{"act": "INFORM", "canonical_values": ["132"], "slot": "total_price", "values": ["$132"]}, {"act": "NOTIFY_SUCCESS", "canonical_values": [], "slot": "", "values": []}], "service": "RentalCars_1", "service_call": {"method": "ReserveCar", "parameters": {"dropoff_date": "2019-03-14", "pickup_date": "2019-03-11", "pickup_location": "Fresno Yosemite International Airport", "pickup_time": "13:30", "type": "Full-size"}}, "service_results": [{"car_name": "Cherokee", "dropoff_date": "2019-03-14", "pickup_date": "2019-03-11", "pickup_location": "Fresno Yosemite International Airport", "pickup_time": "13:30", "total_price": "132", "type": "Full-size"}], "slots": [{"exclusive_end": 39, "slot": "total_price", "start": 35}]}], "speaker": "SYSTEM", "utterance": "Your car is reserved. The total is $132."}, {"frames": [{"actions": [{"act": "THANK_YOU", "canonical_values": [], "slot": "", "values": []}, {"act": "GOODBYE", "canonical_values": [], "slot": "", "values": []}], "service": "RentalCars_1", "slots": [], "state": {"active_intent": "ReserveCar", "requested_slots": [], "slot_values": {"dropoff_date": ["14th of this Month", "March 14th"], "pickup_city": ["Fresno"], "pickup_date": ["11th of March", "March 11th"], "pickup_location": ["Fresno Yosemite International Airport"], "pickup_time": ["1:30 in the afternoon", "1:30 pm"], "type": ["Full-size"]}}}], "speaker": "USER", "utterance": "Thanks, that is all I need."}, {"frames": [{"actions": [{"act": "GOODBYE", "canonical_values": [], "slot": "", "values": []}], "service": "RentalCars_1", "slots": []}], "speaker": "SYSTEM", "utterance": "Have a nice day."}]}, {"dialogue_id": "8_00001", "services": ["Buses_1", "RentalCars_1"], "turns": [{"frames": [{"actions": [{"act": "INFORM_INTENT", "canonical_values": ["BuyBusTicket"], "slot": "intent", "values": ["BuyBusTicket"]}], "service": "Buses_1", "slots": [], "state": {"active_intent": "BuyBusTicket", "requested_slots": [], "slot_values": {}}}], "speaker": "USER", "utterance": "I'd like to get a bus ticket."}, {"frames": [{"actions": [{"act": "REQUEST", "canonical_values": [], "slot": "from_location", "values": []}, {"act": "REQUEST", "canonical_values": [], "slot": "travelers", "values": []}, {"act": "REQUEST", "canonical_values": [], "slot": "to_location", "values": []}], "service": "Buses_1", "slots": []}], "speaker": "SYSTEM", "utterance": "Where are you leaving from and where are you going? How many tickets will you need?"}, {"frames": [{"actions": [{"act": "INFORM", "canonical_values": ["San Francisco"], "slot": "from_location", "values": ["SF"]}, {"act": "INFORM", "canonical_values": ["3"], "slot": "travelers", "values": ["3"]}, {"act": "INFORM", "canonical_values": ["Long Beach"], "slot": "to_location", "values": ["Long Beach, CA"]}], "service": "Buses_1", "slots": [{"exclusive_end": 25, "slot": "from_location", "start": 23}, {"exclusive_end": 50, "slot": "to_location", "start": 36}], "state": {"active_intent": "BuyBusTicket", "requested_slots": [], "slot_values": {"from_location": ["SF"], "to_location": ["Long Beach, CA"], "travelers": ["3"]}}}], "speaker": "USER", "utterance": "I'd like to leave from SF and go to Long Beach, CA. I need 3 tickets."}, {"frames": [{"actions": [{"act": "REQUEST", "canonical_values": [], "slot": "leaving_date", "values": []}, {"act": "REQUEST", "canonical_values": [], "slot": "leaving_time", "values": []}], "service": "Buses_1", "slots": []}], "speaker": "SYSTEM", "utterance": "What day and time are you wanting to leave?"}, {"frames": [{"actions": [{"act": "INFORM", "canonical_values": ["2019-03-07"], "slot": "leaving_date", "values": ["7th of March"]}, {"act": "INFORM", "canonical_values": ["16:45"], "slot": "leaving_time", "values": ["4:45 in the evening"]}], "service": "Buses_1", "slots": [{"exclusive_end": 60, "slot": "leaving_date", "start": 48}, {"exclusive_end": 40, "slot": "leaving_time", "start": 21}], "state": {"active_intent": "BuyBusTicket", "requested_slots": [], "slot_values": {"from_location": ["SF"], "leaving_date": ["7th of March"], "leaving_time": ["4:45 in the evening"], "to_location": ["Long Beach, CA"], "travelers": ["3"]}}}], "speaker": "USER", "utterance": "I'd like to leave at 4:45 in the evening on the 7th of March."}, {"frames": [{"actions": [{"act": "CONFIRM", "canonical_values": ["San Francisco"], "slot": "from_location", "values": ["San Francisco"]}, {"act": "CONFIRM", "canonical_values": ["Long Beach"], "slot": "to_location", "values": ["Long Beach"]}, {"act": "CONFIRM", "canonical_values": ["2019-03-07"], "slot": "leaving_date", "values": ["March 7th"]}, {"act": "CONFIRM", "canonical_values": ["16:45"], "slot": "leaving_time", "values": ["4:45 pm"]}, {"act": "CONFIRM", "canonical_values": ["3"], "slot": "travelers", "values": ["3"]}], "service": "Buses_1", "slots": [{"exclusive_end": 85, "slot": "from_location", "start": 72}, {"exclusive_end": 100, "slot": "to_location", "start": 90}, {"exclusive_end": 113, "slot": "leaving_date", "start": 104}, {"exclusive_end": 124, "slot": "leaving_time", "start": 117}]}], "speaker": "SYSTEM", "utterance": "Please confirm the following: You want 3 tickets for a bus leaving from San Francisco for Long Beach on March 7th at 4:45 pm."}, {"frames": [{"actions": [{"act": "REQUEST", "canonical_values": [], "slot": "to_station", "values": []}, {"act": "AFFIRM", "canonical_values": [], "slot": "", "values": []}], "service": "Buses_1", "slots": [], "state": {"active_intent": "BuyBusTicket", "requested_slots": ["to_station"], "slot_values": {"from_location": ["SF", "San Francisco"], "leaving_date": ["7th of March", "March 7th"], "leaving_time": ["4:45 in the evening", "4:45 pm"], "to_location": ["Long Beach", "Long Beach, CA"], "travelers": ["3"]}}}], "speaker": "USER", "utterance": "Yes, that will work. What station is it going to?"}, {"frames": [{"actions": [{"act": "INFORM", "canonical_values": ["Downtown Station"], "slot": "to_station", "values": ["Downtown Station"]}, {"act": "OFFER", "canonical_values": ["16:30"], "slot": "leaving_time", "values": ["4:30 pm"]}, {"act": "OFFER", "canonical_values": ["42"], "slot": "fare", "values": ["$42"]}, {"act": "NOTIFY_FAILURE", "canonical_values": [], "slot": "", "values": []}], "service": "Buses_1", "service_call": {"method": "BuyBusTicket", "parameters": {"from_location": "San Francisco", "leaving_date": "2019-03-07", "leaving_time": "16:45", "to_location": "Long Beach", "travelers": "3"}}, "service_results": [{"fare": "42", "from_location": "San Francisco", "from_station": "Salesforce Transit Center", "leaving_date": "2019-03-07", "leaving_time": "16:30", "to_location": "Long Beach", "to_station": "Downtown Station", "transfers": "0", "travelers": "3"}], "slots": [{"exclusive_end": 30, "slot": "to_station", "start": 14}, {"exclusive_end": 95, "slot": "leaving_time", "start": 88}, {"exclusive_end": 114, "slot": "fare", "start": 111}]}], "speaker": "SYSTEM", "utterance": "It's going to Downtown Station. I was unable to buy the ticket. Does the bus leaving at 4:30 pm work? It costs $42."}, {"frames": [{"actions": [{"act": "AFFIRM", "canonical_values": [], "slot": "", "values": []}], "service": "Buses_1", "slots": [], "state": {"active_intent": "BuyBusTicket", "requested_slots": [], "slot_values": {"from_location": ["SF", "San Francisco"], "leaving_date": ["7th of March", "March 7th"], "leaving_time": ["4:30 pm"], "to_location": ["Long Beach", "Long Beach, CA"], "travelers": ["3"]}}}], "speaker": "USER", "utterance": "Yes, that will work."}, {"frames": [{"actions": [{"act": "NOTIFY_SUCCESS", "canonical_values": [], "slot": "", "values": []}], "service": "Buses_1", "service_call": {"method": "BuyBusTicket", "parameters": {"from_location": "San Francisco", "leaving_date": "2019-03-07", "leaving_time": "16:30", "to_location": "Long Beach", "travelers": "3"}}, "service_results": [{"fare": "42", "from_location": "San Francisco", "from_station": "Salesforce Transit Center", "leaving_date": "2019-03-07", "leaving_time": "16:30", "to_location": "Long Beach", "to_station": "Downtown Station", "transfers": "0", "travelers": "3"}], "slots": []}], "speaker": "SYSTEM", "utterance": "The ticket has been bought."}, {"frames": [{"actions": [{"act": "REQUEST", "canonical_values": [], "slot": "from_station", "values": []}], "service": "Buses_1", "slots": [], "state": {"active_intent": "BuyBusTicket", "requested_slots": ["from_station"], "slot_values": {"from_location": ["SF", "San Francisco"], "leaving_date": ["7th of March", "March 7th"], "leaving_time": ["4:30 pm"], "to_location": ["Long Beach", "Long Beach, CA"], "travelers": ["3"]}}}], "speaker": "USER", "utterance": "What station am I leaving from?"}, {"frames": [{"actions": [{"act": "INFORM", "canonical_values": ["Salesforce Transit Center"], "slot": "from_station", "values": ["Salesforce Transit Center"]}], "service": "Buses_1", "slots": [{"exclusive_end": 49, "slot": "from_station", "start": 24}]}], "speaker": "SYSTEM", "utterance": "The bus is leaving from Salesforce Transit Center."}, {"frames": [{"actions": [{"act": "INFORM_INTENT", "canonical_values": ["GetCarsAvailable"], "slot": "intent", "values": ["GetCarsAvailable"]}], "service": "RentalCars_1", "slots": [], "state": {"active_intent": "GetCarsAvailable", "requested_slots": [], "slot_values": {}}}, {"actions": [{"act": "THANK_YOU", "canonical_values": [], "slot": "", "values": []}], "service": "Buses_1", "slots": [], "state": {"active_intent": "BuyBusTicket", "requested_slots": [], "slot_values": {"from_location": ["SF", "San Francisco"], "leaving_date": ["7th of March", "March 7th"], "leaving_time": ["4:30 pm"], "to_location": ["Long Beach", "Long Beach, CA"], "travelers": ["3"]}}}], "speaker": "USER", "utterance": "Thanks for all your help. Could you help me find a rental car there?"}, {"frames": [{"actions": [{"act": "REQUEST", "canonical_values": ["2019-03-07"], "slot": "pickup_date", "values": ["March 7th"]}], "service": "RentalCars_1", "slots": [{"exclusive_end": 43, "slot": "pickup_date", "start": 34}]}], "speaker": "SYSTEM", "utterance": "Are you wanting to get the car on March 7th?"}, {"frames": [{"actions": [{"act": "INFORM", "canonical_values": ["2019-03-10"], "slot": "pickup_date", "values": ["10th of this month"]}], "service": "RentalCars_1", "slots": [{"exclusive_end": 44, "slot": "pickup_date", "start": 26}], "state": {"active_intent": "GetCarsAvailable", "requested_slots": [], "slot_values": {"pickup_date": ["10th of this month"]}}}], "speaker": "USER", "utterance": "I need it starting on the 10th of this month."}, {"frames": [{"actions": [{"act": "REQUEST", "canonical_values": [], "slot": "pickup_time", "values": []}, {"act": "REQUEST", "canonical_values": [], "slot": "dropoff_date", "values": []}], "service": "RentalCars_1", "slots": []}], "speaker": "SYSTEM", "utterance": "What time will you pick it up? And how long do you want it for?"}, {"frames": [{"actions": [{"act": "INFORM", "canonical_values": ["2019-03-13"], "slot": "dropoff_date", "values": ["13th of March"]}, {"act": "INFORM", "canonical_values": ["18:30"], "slot": "pickup_time", "values": ["half past 6 in the evening"]}], "service": "RentalCars_1", "slots": [{"exclusive_end": 33, "slot": "dropoff_date", "start": 20}, {"exclusive_end": 99, "slot": "pickup_time", "start": 73}], "state": {"active_intent": "GetCarsAvailable", "requested_slots": [], "slot_values": {"dropoff_date": ["13th of March"], "pickup_date": ["10th of this month"], "pickup_time": ["half past 6 in the evening"]}}}], "speaker": "USER", "utterance": "I need it until the 13th of March and would like to pick it up at around half past 6 in the evening."}, {"frames": [{"actions": [{"act": "REQUEST", "canonical_values": ["Long Beach"], "slot": "pickup_city", "values": ["Long Beach"]}], "service": "RentalCars_1", "slots": [{"exclusive_end": 44, "slot": "pickup_city", "start": 34}]}], "speaker": "SYSTEM", "utterance": "Would you like to pick it up from Long Beach?"}, {"frames": [{"actions": [{"act": "INFORM", "canonical_values": ["Standard"], "slot": "type", "values": ["Standard"]}, {"act": "AFFIRM", "canonical_values": [], "slot": "", "values": []}], "service": "RentalCars_1", "slots": [], "state": {"active_intent": "GetCarsAvailable", "requested_slots": [], "slot_values": {"dropoff_date": ["13th of March"], "pickup_city": ["Long Beach", "Long Beach, CA"], "pickup_date": ["10th of this month"], "pickup_time": ["half past 6 in the evening"], "type": ["Standard"]}}}], "speaker": "USER", "utterance": "Yes, that would work. I'd like a Standard car."}, {"frames": [{"actions": [{"act": "OFFER", "canonical_values": ["Downtown Station"], "slot": "pickup_location", "values": ["Downtown Station"]}, {"act": "OFFER", "canonical_values": ["2019-03-10"], "slot": "pickup_date", "values": ["March 10th"]}, {"act": "OFFER", "canonical_values": ["Standard"], "slot": "type", "values": ["Standard"]}, {"act": "OFFER", "canonical_values": ["Cruze"], "slot": "car_name", "values": ["Cruze"]}, {"act": "INFORM_COUNT", "canonical_values": ["3"], "slot": "count", "values": ["3"]}], "service": "RentalCars_1", "service_call": {"method": "GetCarsAvailable", "parameters": {"dropoff_date": "2019-03-13", "pickup_city": "Long Beach", "pickup_date": "2019-03-10", "pickup_time": "18:30", "type": "Standard"}}, "service_results": [{"car_name": "Cruze", "dropoff_date": "2019-03-13", "pickup_city": "Long Beach", "pickup_date": "2019-03-10", "pickup_location": "Downtown Station", "pickup_time": "18:30", "total_price": "84", "type": "Standard"}, {"car_name": "Fusion", "dropoff_date": "2019-03-13", "pickup_city": "Long Beach", "pickup_date": "2019-03-10", "pickup_location": "Downtown Station", "pickup_time": "18:30", "total_price": "96", "type": "Standard"}, {"car_name": "Prius", "dropoff_date": "2019-03-13", "pickup_city": "Long Beach", "pickup_date": "2019-03-10", "pickup_location": "Downtown Station", "pickup_time": "18:30", "total_price": "84", "type": "Standard"}], "slots": [{"exclusive_end": 88, "slot": "pickup_location", "start": 72}, {"exclusive_end": 102, "slot": "pickup_date", "start": 92}, {"exclusive_end": 58, "slot": "car_name", "start": 53}]}], "speaker": "SYSTEM", "utterance": "There are 3 cars that might work. There's a Standard Cruze available at Downtown Station on March 10th."}, {"frames": [{"actions": [{"act": "REQUEST", "canonical_values": [], "slot": "total_price", "values": []}], "service": "RentalCars_1", "slots": [], "state": {"active_intent": "GetCarsAvailable", "requested_slots": ["total_price"], "slot_values": {"dropoff_date": ["13th of March"], "pickup_city": ["Long Beach", "Long Beach, CA"], "pickup_date": ["10th of this month", "March 10th"], "pickup_time": ["half past 6 in the evening"], "type": ["Standard"]}}}], "speaker": "USER", "utterance": "How much is it?"}, {"frames": [{"actions": [{"act": "INFORM", "canonical_values": ["84"], "slot": "total_price", "values": ["$84"]}], "service": "RentalCars_1", "slots": [{"exclusive_end": 14, "slot": "total_price", "start": 11}]}], "speaker": "SYSTEM", "utterance": "It'll cost $84."}, {"frames": [{"actions": [{"act": "REQUEST_ALTS", "canonical_values": [], "slot": "", "values": []}], "service": "RentalCars_1", "slots": [], "state": {"active_intent": "GetCarsAvailable", "requested_slots": [], "slot_values": {"dropoff_date": ["13th of March"], "pickup_city": ["Long Beach", "Long Beach, CA"], "pickup_date": ["10th of this month", "March 10th"], "pickup_time": ["half past 6 in the evening"], "type": ["Standard"]}}}], "speaker": "USER", "utterance": "Are there any other options?"}, {"frames": [{"actions": [{"act": "OFFER", "canonical_values": ["Downtown Station"], "slot": "pickup_location", "values": ["Downtown Station"]}, {"act": "OFFER", "canonical_values": ["2019-03-10"], "slot": "pickup_date", "values": ["March 10th"]}, {"act": "OFFER", "canonical_values": ["Standard"], "slot": "type", "values": ["Standard"]}, {"act": "OFFER", "canonical_values": ["Fusion"], "slot": "car_name", "values": ["Fusion"]}], "service": "RentalCars_1", "slots": [{"exclusive_end": 55, "slot": "pickup_location", "start": 39}, {"exclusive_end": 69, "slot": "pickup_date", "start": 59}, {"exclusive_end": 25, "slot": "car_name", "start": 19}]}], "speaker": "SYSTEM", "utterance": "There's a Standard Fusion available at Downtown Station on March 10th."}, {"frames": [{"actions": [{"act": "INFORM_INTENT", "canonical_values": ["ReserveCar"], "slot": "intent", "values": ["ReserveCar"]}, {"act": "SELECT", "canonical_values": [], "slot": "", "values": []}], "service": "RentalCars_1", "slots": [], "state": {"active_intent": "ReserveCar", "requested_slots": [], "slot_values": {"dropoff_date": ["13th of March"], "pickup_city": ["Long Beach", "Long Beach, CA"], "pickup_date": ["10th of this month", "March 10th"], "pickup_location": ["Downtown Station"], "pickup_time": ["half past 6 in the evening"], "type": ["Standard"]}}}], "speaker": "USER", "utterance": "That will work. I'd like to reserve it."}, {"frames": [{"actions": [{"act": "CONFIRM", "canonical_values": ["Downtown Station"], "slot": "pickup_location", "values": ["Downtown Station"]}, {"act": "CONFIRM", "canonical_values": ["2019-03-10"], "slot": "pickup_date", "values": ["March 10th"]}, {"act": "CONFIRM", "canonical_values": ["18:30"], "slot": "pickup_time", "values": ["6:30 pm"]}, {"act": "CONFIRM", "canonical_values": ["2019-03-13"], "slot": "dropoff_date", "values": ["March 13th"]}, {"act": "CONFIRM", "canonical_values": ["Standard"], "slot": "type", "values": ["Standard"]}], "service": "RentalCars_1", "slots": [{"exclusive_end": 82, "slot": "pickup_location", "start": 66}, {"exclusive_end": 96, "slot": "pickup_date", "start": 86}, {"exclusive_end": 116, "slot": "pickup_time", "start": 109}, {"exclusive_end": 145, "slot": "dropoff_date", "start": 135}]}], "speaker": "SYSTEM", "utterance": "Please confirm the following: You want to get a Standard car from Downtown Station on March 10th starting at 6:30 pm and keep it until March 13th."}, {"frames": [{"actions": [{"act": "REQUEST", "canonical_values": [], "slot": "total_price", "values": []}, {"act": "AFFIRM", "canonical_values": [], "slot": "", "values": []}], "service": "RentalCars_1", "slots": [], "state": {"active_intent": "ReserveCar", "requested_slots": ["total_price"], "slot_values": {"dropoff_date": ["13th of March", "March 13th"], "pickup_city": ["Long Beach", "Long Beach, CA"], "pickup_date": ["10th of this month", "March 10th"], "pickup_location": ["Downtown Station"], "pickup_time": ["6:30 pm", "half past 6 in the evening"], "type": ["Standard"]}}}], "speaker": "USER", "utterance": "Yes, that will work. How much is it?"}, {"frames": [{"actions": [{"act": "INFORM", "canonical_values": ["96"], "slot": "total_price", "values": ["$96"]}, {"act": "NOTIFY_SUCCESS", "canonical_values": [], "slot": "", "values": []}], "service": "RentalCars_1", "service_call": {"method": "ReserveCar", "parameters": {"dropoff_date": "2019-03-13", "pickup_date": "2019-03-10", "pickup_location": "Downtown Station", "pickup_time": "18:30", "type": "Standard"}}, "service_results": [{"car_name": "Fusion", "dropoff_date": "2019-03-13", "pickup_date": "2019-03-10", "pickup_location": "Downtown Station", "pickup_time": "18:30", "total_price": "96", "type": "Standard"}], "slots": [{"exclusive_end": 39, "slot": "total_price", "start": 36}]}], "speaker": "SYSTEM", "utterance": "The car has been reserved. It costs $96."}, {"frames": [{"actions": [{"act": "THANK_YOU", "canonical_values": [], "slot": "", "values": []}], "service": "RentalCars_1", "slots": [], "state": {"active_intent": "ReserveCar", "requested_slots": [], "slot_values": {"dropoff_date": ["13th of March", "March 13th"], "pickup_city": ["Long Beach", "Long Beach, CA"], "pickup_date": ["10th of this month", "March 10th"], "pickup_location": ["Downtown Station"], "pickup_time": ["6:30 pm", "half past 6 in the evening"], "type": ["Standard"]}}}], "speaker": "USER", "utterance": "Thanks for your help."}, {"frames": [{"actions": [{"act": "REQ_MORE", "canonical_values": [], "slot": "", "values": []}], "service": "RentalCars_1", "slots": []}], "speaker": "SYSTEM", "utterance": "Is there anything else I can help with?"}, {"frames": [{"actions": [{"act": "NEGATE", "canonical_values": [], "slot": "", "values": []}, {"act": "THANK_YOU", "canonical_values": [], "slot": "", "values": []}], "service": "RentalCars_1", "slots": [], "state": {"active_intent": "NONE", "requested_slots": [], "slot_values": {"dropoff_date": ["13th of March", "March 13th"], "pickup_city": ["Long Beach", "Long Beach, CA"], "pickup_date": ["10th of this month", "March 10th"], "pickup_location": ["Downtown Station"], "pickup_time": ["6:30 pm", "half past 6 in the evening"], "type": ["Standard"]}}}], "speaker": "USER", "utterance": "No, thanks for everything."}, {"frames": [{"actions": [{"act": "GOODBYE", "canonical_values": [], "slot": "", "values": []}], "service": "RentalCars_1", "slots": []}], "speaker": "SYSTEM", "utterance": "Have a good day."}]}, {"dialogue_id": "8_00002", "services": ["Buses_1", "RentalCars_1"], "turns": [{"frames": [{"actions": [{"act": "INFORM_INTENT", "canonical_values": ["BuyBusTicket"], "slot": "intent", "values": ["BuyBusTicket"]}], "service": "Buses_1", "slots": [], "state": {"active_intent": "BuyBusTicket", "requested_slots": [], "slot_values": {}}}], "speaker": "USER", "utterance": "Get me bus tickets."}, {"frames": [{"actions": [{"act": "REQUEST", "canonical_values": [], "slot": "to_location", "values": []}, {"act": "REQUEST", "canonical_values": [], "slot": "leaving_date", "values": []}, {"act": "REQUEST", "canonical_values": [], "slot": "travelers", "values": []}], "service": "Buses_1", "slots": []}], "speaker": "SYSTEM", "utterance": "Where are you travelling to and on what date. How many people are going?"}, {"frames": [{"actions": [{"act": "INFORM", "canonical_values": ["2"], "slot": "travelers", "values": ["2"]}, {"act": "INFORM", "canonical_values": ["2019-03-08"], "slot": "leaving_date", "values": ["Friday next week"]}, {"act": "INFORM", "canonical_values": ["Fresno"], "slot": "to_location", "values": ["Fresno"]}], "service": "Buses_1", "slots": [{"exclusive_end": 54, "slot": "leaving_date", "start": 38}, {"exclusive_end": 34, "slot": "to_location", "start": 28}], "state": {"active_intent": "BuyBusTicket", "requested_slots": [], "slot_values": {"leaving_date": ["Friday next week"], "to_location": ["Fresno"], "travelers": ["2"]}}}], "speaker": "USER", "utterance": "I need two tickets going to Fresno on Friday next week."}, {"frames": [{"actions": [{"act": "REQUEST", "canonical_values": [], "slot": "leaving_time", "values": []}, {"act": "REQUEST", "canonical_values": [], "slot": "from_location", "values": []}], "service": "Buses_1", "slots": []}], "speaker": "SYSTEM", "utterance": "Where and when are you departing?"}, {"frames": [{"actions": [{"act": "INFORM", "canonical_values": ["Las Vegas"], "slot": "from_location", "values": ["Las Vegas"]}, {"act": "INFORM", "canonical_values": ["12:15"], "slot": "leaving_time", "values": ["quarter past 12 in the afternoon"]}], "service": "Buses_1", "slots": [{"exclusive_end": 24, "slot": "from_location", "start": 15}, {"exclusive_end": 60, "slot": "leaving_time", "start": 28}], "state": {"active_intent": "BuyBusTicket", "requested_slots": [], "slot_values": {"from_location": ["Las Vegas"], "leaving_date": ["Friday next week"], "leaving_time": ["quarter past 12 in the afternoon"], "to_location": ["Fresno"], "travelers": ["2"]}}}], "speaker": "USER", "utterance": "I am departing Las Vegas at quarter past 12 in the afternoon."}, {"frames": [{"actions": [{"act": "CONFIRM", "canonical_values": ["Las Vegas"], "slot": "from_location", "values": ["Las Vegas"]}, {"act": "CONFIRM", "canonical_values": ["Fresno"], "slot": "to_location", "values": ["Fresno"]}, {"act": "CONFIRM", "canonical_values": ["2019-03-08"], "slot": "leaving_date", "values": ["March 8th"]}, {"act": "CONFIRM", "canonical_values": ["12:15"], "slot": "leaving_time", "values": ["12:15 pm"]}, {"act": "CONFIRM", "canonical_values": ["2"], "slot": "travelers", "values": ["2"]}], "service": "Buses_1", "slots": [{"exclusive_end": 55, "slot": "from_location", "start": 46}, {"exclusive_end": 65, "slot": "to_location", "start": 59}, {"exclusive_end": 87, "slot": "leaving_date", "start": 78}, {"exclusive_end": 77, "slot": "leaving_time", "start": 69}]}], "speaker": "SYSTEM", "utterance": "You want a bus with 2 tickets travelling from Las Vegas to Fresno at 12:15 pm March 8th. Is that right?"}, {"frames": [{"actions": [{"act": "REQUEST", "canonical_values": ["0"], "slot": "transfers", "values": ["0"]}, {"act": "AFFIRM", "canonical_values": [], "slot": "", "values": []}], "service": "Buses_1", "slots": [], "state": {"active_intent": "BuyBusTicket", "requested_slots": ["transfers"], "slot_values": {"from_location": ["Las Vegas"], "leaving_date": ["Friday next week", "March 8th"], "leaving_time": ["12:15 pm", "quarter past 12 in the afternoon"], "to_location": ["Fresno"], "travelers": ["2"]}}}], "speaker": "USER", "utterance": "That is right. Are there 0 transfers?"}, {"frames": [{"actions": [{"act": "INFORM", "canonical_values": ["0"], "slot": "transfers", "values": ["0"]}, {"act": "OFFER", "canonical_values": ["12:20"], "slot": "leaving_time", "values": ["12:20 pm"]}, {"act": "OFFER", "canonical_values": ["38"], "slot": "fare", "values": ["$38"]}, {"act": "NOTIFY_FAILURE", "canonical_values": [], "slot": "", "values": []}], "service": "Buses_1", "service_call": {"method": "BuyBusTicket", "parameters": {"from_location": "Las Vegas", "leaving_date": "2019-03-08", "leaving_time": "12:15", "to_location": "Fresno", "travelers": "2"}}, "service_results": [{"fare": "38", "from_location": "Las Vegas", "from_station": "Union Plaza", "leaving_date": "2019-03-08", "leaving_time": "12:20", "to_location": "Fresno", "to_station": "Fresno Station", "transfers": "0", "travelers": "2"}], "slots": [{"exclusive_end": 82, "slot": "leaving_time", "start": 74}, {"exclusive_end": 93, "slot": "fare", "start": 90}]}], "speaker": "SYSTEM", "utterance": "There are 0 transfers. I can't book your ticket. Do you want to depart at 12:20 pm with a $38 cost?"}, {"frames": [{"actions": [{"act": "AFFIRM", "canonical_values": [], "slot": "", "values": []}], "service": "Buses_1", "slots": [], "state": {"active_intent": "BuyBusTicket", "requested_slots": [], "slot_values": {"from_location": ["Las Vegas"], "leaving_date": ["Friday next week", "March 8th"], "leaving_time": ["12:20 pm"], "to_location": ["Fresno"], "travelers": ["2"]}}}], "speaker": "USER", "utterance": "That is fine."}, {"frames": [{"actions": [{"act": "NOTIFY_SUCCESS", "canonical_values": [], "slot": "", "values": []}], "service": "Buses_1", "service_call": {"method": "BuyBusTicket", "parameters": {"from_location": "Las Vegas", "leaving_date": "2019-03-08", "leaving_time": "12:20", "to_location": "Fresno", "travelers": "2"}}, "service_results": [{"fare": "38", "from_location": "Las Vegas", "from_station": "Union Plaza", "leaving_date": "2019-03-08", "leaving_time": "12:20", "to_location": "Fresno", "to_station": "Fresno Station", "transfers": "0", "travelers": "2"}], "slots": []}], "speaker": "SYSTEM", "utterance": "Your ticket is booked."}, {"frames": [{"actions": [{"act": "INFORM_INTENT", "canonical_values": ["GetCarsAvailable"], "slot": "intent", "values": ["GetCarsAvailable"]}], "service": "RentalCars_1", "slots": [], "state": {"active_intent": "GetCarsAvailable", "requested_slots": [], "slot_values": {}}}, {"actions": [{"act": "THANK_YOU", "canonical_values": [], "slot": "", "values": []}], "service": "Buses_1", "slots": [], "state": {"active_intent": "BuyBusTicket", "requested_slots": [], "slot_values": {"from_location": ["Las Vegas"], "leaving_date": ["Friday next week", "March 8th"], "leaving_time": ["12:20 pm"], "to_location": ["Fresno"], "travelers": ["2"]}}}], "speaker": "USER", "utterance": "Thanks. Can you get me a rental car there?"}, {"frames": [{"actions": [{"act": "REQUEST", "canonical_values": ["2019-03-08"], "slot": "pickup_date", "values": ["March 8th"]}, {"act": "REQUEST", "canonical_values": ["Fresno"], "slot": "pickup_city", "values": ["Fresno"]}, {"act": "REQUEST", "canonical_values": [], "slot": "pickup_time", "values": []}], "service": "RentalCars_1", "slots": [{"exclusive_end": 49, "slot": "pickup_date", "start": 40}, {"exclusive_end": 36, "slot": "pickup_city", "start": 30}]}], "speaker": "SYSTEM", "utterance": "Do you want to get the car in Fresno on March 8th and if so, at what time?"}, {"frames": [{"actions": [{"act": "INFORM", "canonical_values": ["15:30"], "slot": "pickup_time", "values": ["half past 3 in the afternoon"]}, {"act": "INFORM", "canonical_values": ["2019-03-10"], "slot": "pickup_date", "values": ["the 10th"]}, {"act": "AFFIRM", "canonical_values": [], "slot": "", "values": []}], "service": "RentalCars_1", "slots": [{"exclusive_end": 47, "slot": "pickup_time", "start": 19}, {"exclusive_end": 59, "slot": "pickup_date", "start": 51}], "state": {"active_intent": "GetCarsAvailable", "requested_slots": [], "slot_values": {"pickup_city": ["Fresno"], "pickup_date": ["the 10th"], "pickup_time": ["half past 3 in the afternoon"]}}}], "speaker": "USER", "utterance": "I will get the car half past 3 in the afternoon on the 10th in Fresno."}, {"frames": [{"actions": [{"act": "REQUEST", "canonical_values": [], "slot": "dropoff_date", "values": []}], "service": "RentalCars_1", "slots": []}], "speaker": "SYSTEM", "utterance": "When will your return it?"}, {"frames": [{"actions": [{"act": "INFORM", "canonical_values": ["2019-03-13"], "slot": "dropoff_date", "values": ["13th of March"]}], "service": "RentalCars_1", "slots": [{"exclusive_end": 37, "slot": "dropoff_date", "start": 24}], "state": {"active_intent": "GetCarsAvailable", "requested_slots": [], "slot_values": {"dropoff_date": ["13th of March"], "pickup_city": ["Fresno"], "pickup_date": ["the 10th"], "pickup_time": ["half past 3 in the afternoon"]}}}], "speaker": "USER", "utterance": "I will return it on the 13th of March."}, {"frames": [{"actions": [{"act": "OFFER", "canonical_values": ["Fresno Station"], "slot": "pickup_location", "values": ["Fresno Station"]}, {"act": "OFFER", "canonical_values": ["2019-03-10"], "slot": "pickup_date", "values": ["March 10th"]}, {"act": "OFFER", "canonical_values": ["Standard"], "slot": "type", "values": ["Standard"]}, {"act": "OFFER", "canonical_values": ["Accord"], "slot": "car_name", "values": ["Accord"]}], "service": "RentalCars_1", "service_call": {"method": "GetCarsAvailable", "parameters": {"dropoff_date": "2019-03-13", "pickup_city": "Fresno", "pickup_date": "2019-03-10", "pickup_time": "15:30"}}, "service_results": [{"car_name": "Accord", "dropoff_date": "2019-03-13", "pickup_city": "Fresno", "pickup_date": "2019-03-10", "pickup_location": "Fresno Station", "pickup_time": "15:30", "total_price": "93", "type": "Standard"}, {"car_name": "Altima", "dropoff_date": "2019-03-13", "pickup_city": "Fresno", "pickup_date": "2019-03-10", "pickup_location": "Fresno Yosemite International Airport", "pickup_time": "15:30", "total_price": "108", "type": "Standard"}, {"car_name": "Camry", "dropoff_date": "2019-03-13", "pickup_city": "Fresno", "pickup_date": "2019-03-10", "pickup_location": "Fresno Yosemite International Airport", "pickup_time": "15:30", "total_price": "96", "type": "Standard"}, {"car_name": "Corolla", "dropoff_date": "2019-03-13", "pickup_city": "Fresno", "pickup_date": "2019-03-10", "pickup_location": "Fresno Yosemite International Airport", "pickup_time": "15:30", "total_price": "96", "type": "Standard"}, {"car_name": "Cruze", "dropoff_date": "2019-03-13", "pickup_city": "Fresno", "pickup_date": "2019-03-10", "pickup_location": "Fresno Station", "pickup_time": "15:30", "total_price": "90", "type": "Standard"}, {"car_name": "Sentra", "dropoff_date": "2019-03-13", "pickup_city": "Fresno", "pickup_date": "2019-03-10", "pickup_location": "Fresno Yosemite International Airport", "pickup_time": "15:30", "total_price": "99", "type": "Standard"}], "slots": [{"exclusive_end": 44, "slot": "pickup_location", "start": 30}, {"exclusive_end": 58, "slot": "pickup_date", "start": 48}, {"exclusive_end": 26, "slot": "car_name", "start": 20}]}], "speaker": "SYSTEM", "utterance": "There is a Standard Accord at Fresno Station on March 10th."}, {"frames": [{"actions": [{"act": "INFORM", "canonical_values": ["Standard"], "slot": "type", "values": ["Standard"]}, {"act": "REQUEST_ALTS", "canonical_values": [], "slot": "", "values": []}], "service": "RentalCars_1", "slots": [], "state": {"active_intent": "GetCarsAvailable", "requested_slots": [], "slot_values": {"dropoff_date": ["13th of March"], "pickup_city": ["Fresno"], "pickup_date": ["March 10th", "the 10th"], "pickup_time": ["half past 3 in the afternoon"], "type": ["Standard"]}}}], "speaker": "USER", "utterance": "Do you have any intermediate cars available?"}, {"frames": [{"actions": [{"act": "OFFER", "canonical_values": ["Fresno Yosemite International Airport"], "slot": "pickup_location", "values": ["Fresno Yosemite International Airport"]}, {"act": "OFFER", "canonical_values": ["2019-03-10"], "slot": "pickup_date", "values": ["March 10th"]}, {"act": "OFFER", "canonical_values": ["Standard"], "slot": "type", "values": ["Standard"]}, {"act": "OFFER", "canonical_values": ["Altima"], "slot": "car_name", "values": ["Altima"]}, {"act": "INFORM_COUNT", "canonical_values": ["5"], "slot": "count", "values": ["5"]}], "service": "RentalCars_1", "service_call": {"method": "GetCarsAvailable", "parameters": {"dropoff_date": "2019-03-13", "pickup_city": "Fresno", "pickup_date": "2019-03-10", "pickup_time": "15:30", "type": "Standard"}}, "service_results": [{"car_name": "Accord", "dropoff_date": "2019-03-13", "pickup_city": "Fresno", "pickup_date": "2019-03-10", "pickup_location": "Fresno Station", "pickup_time": "15:30", "total_price": "93", "type": "Standard"}, {"car_name": "Altima", "dropoff_date": "2019-03-13", "pickup_city": "Fresno", "pickup_date": "2019-03-10", "pickup_location": "Fresno Yosemite International Airport", "pickup_time": "15:30", "total_price": "108", "type": "Standard"}, {"car_name": "Camry", "dropoff_date": "2019-03-13", "pickup_city": "Fresno", "pickup_date": "2019-03-10", "pickup_location": "Fresno Yosemite International Airport", "pickup_time": "15:30", "total_price": "96", "type": "Standard"}, {"car_name": "Corolla", "dropoff_date": "2019-03-13", "pickup_city": "Fresno", "pickup_date": "2019-03-10", "pickup_location": "Fresno Yosemite International Airport", "pickup_time": "15:30", "total_price": "96", "type": "Standard"}, {"car_name": "Cruze", "dropoff_date": "2019-03-13", "pickup_city": "Fresno", "pickup_date": "2019-03-10", "pickup_location": "Fresno Station", "pickup_time": "15:30", "total_price": "90", "type": "Standard"}], "slots": [{"exclusive_end": 94, "slot": "pickup_location", "start": 57}, {"exclusive_end": 108, "slot": "pickup_date", "start": 98}, {"exclusive_end": 53, "slot": "car_name", "start": 47}]}], "speaker": "SYSTEM", "utterance": "Search revealed 5 results. There is a Standard Altima at Fresno Yosemite International Airport on March 10th."}, {"frames": [{"actions": [{"act": "REQUEST", "canonical_values": [], "slot": "total_price", "values": []}], "service": "RentalCars_1", "slots": [], "state": {"active_intent": "GetCarsAvailable", "requested_slots": ["total_price"], "slot_values": {"dropoff_date": ["13th of March"], "pickup_city": ["Fresno"], "pickup_date": ["March 10th", "the 10th"], "pickup_time": ["half past 3 in the afternoon"], "type": ["Standard"]}}}], "speaker": "USER", "utterance": "How much will this cost me?"}, {"frames": [{"actions": [{"act": "INFORM", "canonical_values": ["108"], "slot": "total_price", "values": ["$108"]}], "service": "RentalCars_1", "slots": [{"exclusive_end": 22, "slot": "total_price", "start": 18}]}], "speaker": "SYSTEM", "utterance": "Your bill will be $108 overall."}, {"frames": [{"actions": [{"act": "INFORM", "canonical_values": ["2019-03-09"], "slot": "pickup_date", "values": ["9th of this month"]}, {"act": "REQUEST_ALTS", "canonical_values": [], "slot": "", "values": []}], "service": "RentalCars_1", "slots": [{"exclusive_end": 53, "slot": "pickup_date", "start": 36}], "state": {"active_intent": "GetCarsAvailable", "requested_slots": [], "slot_values": {"dropoff_date": ["13th of March"], "pickup_city": ["Fresno"], "pickup_date": ["9th of this month"], "pickup_time": ["half past 3 in the afternoon"], "type": ["Standard"]}}}], "speaker": "USER", "utterance": "Can you find me a car to get on the 9th of this month?"}, {"frames": [{"actions": [{"act": "OFFER", "canonical_values": ["Fresno Yosemite International Airport"], "slot": "pickup_location", "values": ["Fresno Yosemite International Airport"]}, {"act": "OFFER", "canonical_values": ["2019-03-09"], "slot": "pickup_date", "values": ["March 9th"]}, {"act": "OFFER", "canonical_values": ["Standard"], "slot": "type", "values": ["Standard"]}, {"act": "OFFER", "canonical_values": ["Camry"], "slot": "car_name", "values": ["Camry"]}, {"act": "INFORM_COUNT", "canonical_values": ["4"], "slot": "count", "values": ["4"]}], "service": "RentalCars_1", "service_call": {"method": "GetCarsAvailable", "parameters": {"dropoff_date": "2019-03-13", "pickup_city": "Fresno", "pickup_date": "2019-03-09", "pickup_time": "15:30", "type": "Standard"}}, "service_results": [{"car_name": "Accord", "dropoff_date": "2019-03-13", "pickup_city": "Fresno", "pickup_date": "2019-03-09", "pickup_location": "Fresno Station", "pickup_time": "15:30", "total_price": "104", "type": "Standard"}, {"car_name": "Altima", "dropoff_date": "2019-03-13", "pickup_city": "Fresno", "pickup_date": "2019-03-09", "pickup_location": "Fresno Yosemite International Airport", "pickup_time": "15:30", "total_price": "120", "type": "Standard"}, {"car_name": "Camry", "dropoff_date": "2019-03-13", "pickup_city": "Fresno", "pickup_date": "2019-03-09", "pickup_location": "Fresno Yosemite International Airport", "pickup_time": "15:30", "total_price": "128", "type": "Standard"}, {"car_name": "Corolla", "dropoff_date": "2019-03-13", "pickup_city": "Fresno", "pickup_date": "2019-03-09", "pickup_location": "Fresno Yosemite International Airport", "pickup_time": "15:30", "total_price": "140", "type": "Standard"}], "slots": [{"exclusive_end": 93, "slot": "pickup_location", "start": 56}, {"exclusive_end": 106, "slot": "pickup_date", "start": 97}, {"exclusive_end": 52, "slot": "car_name", "start": 47}]}], "speaker": "SYSTEM", "utterance": "Search revealed 4 results. There is a Standard Camry at Fresno Yosemite International Airport on March 9th."}, {"frames": [{"actions": [{"act": "REQUEST", "canonical_values": [], "slot": "total_price", "values": []}], "service": "RentalCars_1", "slots": [], "state": {"active_intent": "GetCarsAvailable", "requested_slots": ["total_price"], "slot_values": {"dropoff_date": ["13th of March"], "pickup_city": ["Fresno"], "pickup_date": ["9th of this month", "March 9th"], "pickup_time": ["half past 3 in the afternoon"], "type": ["Standard"]}}}], "speaker": "USER", "utterance": "How much does that cost?"}, {"frames": [{"actions": [{"act": "INFORM", "canonical_values": ["128"], "slot": "total_price", "values": ["$128"]}], "service": "RentalCars_1", "slots": [{"exclusive_end": 17, "slot": "total_price", "start": 13}]}], "speaker": "SYSTEM", "utterance": "It will cost $128 overall."}, {"frames": [{"actions": [{"act": "INFORM_INTENT", "canonical_values": ["ReserveCar"], "slot": "intent", "values": ["ReserveCar"]}, {"act": "SELECT", "canonical_values": [], "slot": "", "values": []}], "service": "RentalCars_1", "slots": [], "state": {"active_intent": "ReserveCar", "requested_slots": [], "slot_values": {"dropoff_date": ["13th of March"], "pickup_city": ["Fresno"], "pickup_date": ["9th of this month", "March 9th"], "pickup_location": ["Fresno Yosemite International Airport"], "pickup_time": ["half past 3 in the afternoon"], "type": ["Standard"]}}}], "speaker": "USER", "utterance": "That works. Get me that car."}, {"frames": [{"actions": [{"act": "CONFIRM", "canonical_values": ["Fresno Yosemite International Airport"], "slot": "pickup_location", "values": ["Fresno Yosemite International Airport"]}, {"act": "CONFIRM", "canonical_values": ["2019-03-09"], "slot": "pickup_date", "values": ["March 9th"]}, {"act": "CONFIRM", "canonical_values": ["15:30"], "slot": "pickup_time", "values": ["3:30 pm"]}, {"act": "CONFIRM", "canonical_values": ["2019-03-13"], "slot": "dropoff_date", "values": ["March 13th"]}, {"act": "CONFIRM", "canonical_values": ["Standard"], "slot": "type", "values": ["Standard"]}], "service": "RentalCars_1", "slots": [{"exclusive_end": 88, "slot": "pickup_location", "start": 51}, {"exclusive_end": 47, "slot": "pickup_date", "start": 38}, {"exclusive_end": 34, "slot": "pickup_time", "start": 27}, {"exclusive_end": 118, "slot": "dropoff_date", "start": 108}]}], "speaker": "SYSTEM", "utterance": "You want a Standard car at 3:30 pm on March 9th at Fresno Yosemite International Airport and will return it March 13th. Is that right?"}, {"frames": [{"actions": [{"act": "AFFIRM", "canonical_values": [], "slot": "", "values": []}], "service": "RentalCars_1", "slots": [], "state": {"active_intent": "ReserveCar", "requested_slots": [], "slot_values": {"dropoff_date": ["13th of March", "March 13th"], "pickup_city": ["Fresno"], "pickup_date": ["9th of this month", "March 9th"], "pickup_location": ["Fresno Yosemite International Airport"], "pickup_time": ["3:30 pm", "half past 3 in the afternoon"], "type": ["Standard"]}}}], "speaker": "USER", "utterance": "That is right."}, {"frames": [{"actions": [{"act": "NOTIFY_SUCCESS", "canonical_values": [], "slot": "", "values": []}], "service": "RentalCars_1", "service_call": {"method": "ReserveCar", "parameters": {"dropoff_date": "2019-03-13", "pickup_date": "2019-03-09", "pickup_location": "Fresno Yosemite International Airport", "pickup_time": "15:30", "type": "Standard"}}, "service_results": [{"car_name": "Camry", "dropoff_date": "2019-03-13", "pickup_date": "2019-03-09", "pickup_location": "Fresno Yosemite International Airport", "pickup_time": "15:30", "total_price": "128", "type": "Standard"}], "slots": []}], "speaker": "SYSTEM", "utterance": "Your car is booked."}, {"frames": [{"actions": [{"act": "THANK_YOU", "canonical_values": [], "slot": "", "values": []}], "service": "RentalCars_1", "slots": [], "state": {"active_intent": "ReserveCar", "requested_slots": [], "slot_values": {"dropoff_date": ["13th of March", "March 13th"], "pickup_city": ["Fresno"], "pickup_date": ["9th of this month", "March 9th"], "pickup_location": ["Fresno Yosemite International Airport"], "pickup_time": ["3:30 pm", "half past 3 in the afternoon"], "type": ["Standard"]}}}], "speaker": "USER", "utterance": "Thanks a bunch."}, {"frames": [{"actions": [{"act": "REQ_MORE", "canonical_values": [], "slot": "", "values": []}], "service": "RentalCars_1", "slots": []}], "speaker": "SYSTEM", "utterance": "Do you need more help?"}, {"frames": [{"actions": [{"act": "NEGATE", "canonical_values": [], "slot": "", "values": []}, {"act": "THANK_YOU", "canonical_values": [], "slot": "", "values": []}], "service": "RentalCars_1", "slots": [], "state": {"active_intent": "NONE", "requested_slots": [], "slot_values": {"dropoff_date": ["13th of March", "March 13th"], "pickup_city": ["Fresno"], "pickup_date": ["9th of this month", "March 9th"], "pickup_location": ["Fresno Yosemite International Airport"], "pickup_time": ["3:30 pm", "half past 3 in the afternoon"], "type": ["Standard"]}}}], "speaker": "USER", "utterance": "No, that is all. Thanks."}, {"frames": [{"actions": [{"act": "GOODBYE", "canonical_values": [], "slot": "", "values": []}], "service": "RentalCars_1", "slots": []}], "speaker": "SYSTEM", "utterance": "Have a good day."}]}, {"dialogue_id": "8_00003", "services": ["Buses_1", "RentalCars_1"], "turns": [{"frames": [{"actions": [{"act": "INFORM_INTENT", "canonical_values": ["BuyBusTicket"], "slot": "intent", "values": ["BuyBusTicket"]}], "service": "Buses_1", "slots": [], "state": {"active_intent": "BuyBusTicket", "requested_slots": [], "slot_values": {}}}], "speaker": "USER", "utterance": "I need a reservation for the bus."}, {"frames": [{"actions": [{"act": "REQUEST", "canonical_values": [], "slot": "leaving_date", "values": []}, {"act": "REQUEST", "canonical_values": [], "slot": "travelers", "values": []}], "service": "Buses_1", "slots": []}], "speaker": "SYSTEM", "utterance": "When are you leaving? How many tickets?"}, {"frames": [{"actions": [{"act": "INFORM", "canonical_values": ["3"], "slot": "travelers", "values": ["3"]}, {"act": "INFORM", "canonical_values": ["2019-03-03"], "slot": "leaving_date", "values": ["this Sunday"]}], "service": "Buses_1", "slots": [{"exclusive_end": 44, "slot": "leaving_date", "start": 33}], "state": {"active_intent": "BuyBusTicket", "requested_slots": [], "slot_values": {"leaving_date": ["this Sunday"], "travelers": ["3"]}}}], "speaker": "USER", "utterance": "I need 3 tickets. We are leaving this Sunday."}, {"frames": [{"actions": [{"act": "REQUEST", "canonical_values": [], "slot": "to_location", "values": []}, {"act": "REQUEST", "canonical_values": [], "slot": "from_location", "values": []}], "service": "Buses_1", "slots": []}], "speaker": "SYSTEM", "utterance": "Where are you going? Where are you leaving from?"}, {"frames": [{"actions": [{"act": "INFORM", "canonical_values": ["Los Angeles"], "slot": "from_location", "values": ["LA"]}, {"act": "INFORM", "canonical_values": ["San Francisco"], "slot": "to_location", "values": ["SFO"]}], "service": "Buses_1", "slots": [{"exclusive_end": 15, "slot": "from_location", "start": 13}, {"exclusive_end": 28, "slot": "to_location", "start": 25}], "state": {"active_intent": "BuyBusTicket", "requested_slots": [], "slot_values": {"from_location": ["LA"], "leaving_date": ["this Sunday"], "to_location": ["SFO"], "travelers": ["3"]}}}], "speaker": "USER", "utterance": "I am leaving LA going to SFO."}, {"frames": [{"actions": [{"act": "REQUEST", "canonical_values": [], "slot": "leaving_time", "values": []}], "service": "Buses_1", "slots": []}], "speaker": "SYSTEM", "utterance": "What time are you going to leave?"}, {"frames": [{"actions": [{"act": "INFORM", "canonical_values": ["2"], "slot": "travelers", "values": ["2"]}, {"act": "INFORM", "canonical_values": ["09:30"], "slot": "leaving_time", "values": ["9:30 in the morning"]}], "service": "Buses_1", "slots": [{"exclusive_end": 49, "slot": "leaving_time", "start": 30}], "state": {"active_intent": "BuyBusTicket", "requested_slots": [], "slot_values": {"from_location": ["LA"], "leaving_date": ["this Sunday"], "leaving_time": ["9:30 in the morning"], "to_location": ["SFO"], "travelers": ["2"]}}}], "speaker": "USER", "utterance": "It is for 2 people leaving at 9:30 in the morning."}, {"frames": [{"actions": [{"act": "CONFIRM", "canonical_values": ["Los Angeles"], "slot": "from_location", "values": ["Los Angeles"]}, {"act": "CONFIRM", "canonical_values": ["San Francisco"], "slot": "to_location", "values": ["San Francisco"]}, {"act": "CONFIRM", "canonical_values": ["2019-03-03"], "slot": "leaving_date", "values": ["March 3rd"]}, {"act": "CONFIRM", "canonical_values": ["09:30"], "slot": "leaving_time", "values": ["9:30 am"]}, {"act": "CONFIRM", "canonical_values": ["2"], "slot": "travelers", "values": ["2"]}], "service": "Buses_1", "slots": [{"exclusive_end": 42, "slot": "from_location", "start": 31}, {"exclusive_end": 59, "slot": "to_location", "start": 46}, {"exclusive_end": 72, "slot": "leaving_date", "start": 63}, {"exclusive_end": 83, "slot": "leaving_time", "start": 76}]}], "speaker": "SYSTEM", "utterance": "Please confirm, 2 tickets from Los Angeles to San Francisco on March 3rd at 9:30 am."}, {"frames": [{"actions": [{"act": "INFORM", "canonical_values": ["2019-03-01"], "slot": "leaving_date", "values": ["later today"]}, {"act": "INFORM", "canonical_values": ["San Diego"], "slot": "to_location", "values": ["San Diego"]}, {"act": "NEGATE", "canonical_values": [], "slot": "", "values": []}], "service": "Buses_1", "slots": [{"exclusive_end": 28, "slot": "leaving_date", "start": 17}, {"exclusive_end": 48, "slot": "to_location", "start": 39}], "state": {"active_intent": "BuyBusTicket", "requested_slots": [], "slot_values": {"from_location": ["LA", "Los Angeles"], "leaving_date": ["later today"], "leaving_time": ["9:30 am", "9:30 in the morning"], "to_location": ["San Diego"], "travelers": ["2"]}}}], "speaker": "USER", "utterance": "No, I am leaving later today, going to San Diego."}, {"frames": [{"actions": [{"act": "CONFIRM", "canonical_values": ["San Diego"], "slot": "to_location", "values": ["San Diego"]}, {"act": "CONFIRM", "canonical_values": ["2019-03-01"], "slot": "leaving_date", "values": ["March 1st"]}], "service": "Buses_1", "slots": [{"exclusive_end": 47, "slot": "to_location", "start": 38}, {"exclusive_end": 33, "slot": "leaving_date", "start": 24}]}], "speaker": "SYSTEM", "utterance": "Please confirm, leaving March 1st for San Diego."}, {"frames": [{"actions": [{"act": "REQUEST", "canonical_values": [], "slot": "fare", "values": []}, {"act": "REQUEST", "canonical_values": [], "slot": "to_station", "values": []}, {"act": "AFFIRM", "canonical_values": [], "slot": "", "values": []}], "service": "Buses_1", "slots": [], "state": {"active_intent": "BuyBusTicket", "requested_slots": ["fare", "to_station"], "slot_values": {"from_location": ["LA", "Los Angeles"], "leaving_date": ["March 1st", "later today"], "leaving_time": ["9:30 am", "9:30 in the morning"], "to_location": ["San Diego"], "travelers": ["2"]}}}], "speaker": "USER", "utterance": "That is perfect. What is the cost? What station am I reaching."}, {"frames": [{"actions": [{"act": "INFORM", "canonical_values": ["Santa Fe Depot"], "slot": "to_station", "values": ["Santa Fe Depot"]}, {"act": "OFFER", "canonical_values": ["09:20"], "slot": "leaving_time", "values": ["9:20 am"]}, {"act": "OFFER", "canonical_values": ["27"], "slot": "fare", "values": ["$27"]}, {"act": "NOTIFY_FAILURE", "canonical_values": [], "slot": "", "values": []}], "service": "Buses_1", "service_call": {"method": "BuyBusTicket", "parameters": {"from_location": "Los Angeles", "leaving_date": "2019-03-01", "leaving_time": "09:30", "to_location": "San Diego", "travelers": "2"}}, "service_results": [{"fare": "27", "from_location": "Los Angeles", "from_station": "Union Station", "leaving_date": "2019-03-01", "leaving_time": "09:20", "to_location": "San Diego", "to_station": "Santa Fe Depot", "transfers": "0", "travelers": "2"}], "slots": [{"exclusive_end": 34, "slot": "to_station", "start": 20}, {"exclusive_end": 112, "slot": "leaving_time", "start": 105}, {"exclusive_end": 123, "slot": "fare", "start": 120}]}], "speaker": "SYSTEM", "utterance": "You are arriving at Santa Fe Depot. Sorry, that seat wasn't available. I found another option leaving at 9:20 am and it $27."}, {"frames": [{"actions": [{"act": "AFFIRM", "canonical_values": [], "slot": "", "values": []}], "service": "Buses_1", "slots": [], "state": {"active_intent": "BuyBusTicket", "requested_slots": [], "slot_values": {"from_location": ["LA", "Los Angeles"], "leaving_date": ["March 1st", "later today"], "leaving_time": ["9:20 am"], "to_location": ["San Diego"], "travelers": ["2"]}}}], "speaker": "USER", "utterance": "Yes, that is good."}, {"frames": [{"actions": [{"act": "NOTIFY_SUCCESS", "canonical_values": [], "slot": "", "values": []}], "service": "Buses_1", "service_call": {"method": "BuyBusTicket", "parameters": {"from_location": "Los Angeles", "leaving_date": "2019-03-01", "leaving_time": "09:20", "to_location": "San Diego", "travelers": "2"}}, "service_results": [{"fare": "27", "from_location": "Los Angeles", "from_station": "Union Station", "leaving_date": "2019-03-01", "leaving_time": "09:20", "to_location": "San Diego", "to_station": "Santa Fe Depot", "transfers": "0", "travelers": "2"}], "slots": []}], "speaker": "SYSTEM", "utterance": "Your ticket is confirmed."}, {"frames": [{"actions": [{"act": "INFORM", "canonical_values": ["2019-03-04"], "slot": "dropoff_date", "values": ["the 4th"]}, {"act": "INFORM", "canonical_values": ["18:00"], "slot": "pickup_time", "values": ["18:00"]}, {"act": "INFORM", "canonical_values": ["2019-03-03"], "slot": "pickup_date", "values": ["this Sunday"]}, {"act": "INFORM_INTENT", "canonical_values": ["GetCarsAvailable"], "slot": "intent", "values": ["GetCarsAvailable"]}], "service": "RentalCars_1", "slots": [{"exclusive_end": 77, "slot": "dropoff_date", "start": 70}, {"exclusive_end": 63, "slot": "pickup_time", "start": 58}, {"exclusive_end": 54, "slot": "pickup_date", "start": 43}], "state": {"active_intent": "GetCarsAvailable", "requested_slots": [], "slot_values": {"dropoff_date": ["the 4th"], "pickup_date": ["March 3rd", "this Sunday"], "pickup_time": ["18:00"]}}}, {"actions": [{"act": "THANK_YOU", "canonical_values": [], "slot": "", "values": []}], "service": "Buses_1", "slots": [], "state": {"active_intent": "BuyBusTicket", "requested_slots": [], "slot_values": {"from_location": ["LA", "Los Angeles"], "leaving_date": ["March 1st", "later today"], "leaving_time": ["9:20 am"], "to_location": ["San Diego"], "travelers": ["2"]}}}], "speaker": "USER", "utterance": "Can you find me a rental car there too for this Sunday at 18:00 until the 4th."}, {"frames": [{"actions": [{"act": "REQUEST", "canonical_values": ["San Diego"], "slot": "pickup_city", "values": ["San Diego"]}], "service": "RentalCars_1", "slots": [{"exclusive_end": 27, "slot": "pickup_city", "start": 18}]}], "speaker": "SYSTEM", "utterance": "Do you need it in San Diego."}, {"frames": [{"actions": [{"act": "AFFIRM", "canonical_values": [], "slot": "", "values": []}], "service": "RentalCars_1", "slots": [], "state": {"active_intent": "GetCarsAvailable", "requested_slots": [], "slot_values": {"dropoff_date": ["the 4th"], "pickup_city": ["San Diego"], "pickup_date": ["March 3rd", "this Sunday"], "pickup_time": ["18:00"]}}}], "speaker": "USER", "utterance": "Yes, that sounds cool."}, {"frames": [{"actions": [{"act": "OFFER", "canonical_values": ["Santa Fe Depot"], "slot": "pickup_location", "values": ["Santa Fe Depot"]}, {"act": "OFFER", "canonical_values": ["2019-03-03"], "slot": "pickup_date", "values": ["March 3rd"]}, {"act": "OFFER", "canonical_values": ["Standard"], "slot": "type", "values": ["Standard"]}, {"act": "OFFER", "canonical_values": ["Accord"], "slot": "car_name", "values": ["Accord"]}, {"act": "INFORM_COUNT", "canonical_values": ["6"], "slot": "count", "values": ["6"]}], "service": "RentalCars_1", "service_call": {"method": "GetCarsAvailable", "parameters": {"dropoff_date": "2019-03-04", "pickup_city": "San Diego", "pickup_date": "2019-03-03", "pickup_time": "18:00"}}, "service_results": [{"car_name": "Accord", "dropoff_date": "2019-03-04", "pickup_city": "San Diego", "pickup_date": "2019-03-03", "pickup_location": "Santa Fe Depot", "pickup_time": "18:00", "total_price": "27", "type": "Standard"}, {"car_name": "Camry", "dropoff_date": "2019-03-04", "pickup_city": "San Diego", "pickup_date": "2019-03-03", "pickup_location": "SAN International Airport", "pickup_time": "18:00", "total_price": "36", "type": "Standard"}, {"car_name": "Civic", "dropoff_date": "2019-03-04", "pickup_city": "San Diego", "pickup_date": "2019-03-03", "pickup_location": "Santa Fe Depot", "pickup_time": "18:00", "total_price": "35", "type": "Standard"}, {"car_name": "Elantra", "dropoff_date": "2019-03-04", "pickup_city": "San Diego", "pickup_date": "2019-03-03", "pickup_location": "SAN International Airport", "pickup_time": "18:00", "total_price": "31", "type": "Standard"}, {"car_name": "Fusion", "dropoff_date": "2019-03-04", "pickup_city": "San Diego", "pickup_date": "2019-03-03", "pickup_location": "SAN International Airport", "pickup_time": "18:00", "total_price": "28", "type": "Standard"}, {"car_name": "Sentra", "dropoff_date": "2019-03-04", "pickup_city": "San Diego", "pickup_date": "2019-03-03", "pickup_location": "Santa Fe Depot", "pickup_time": "18:00", "total_price": "35", "type": "Standard"}], "slots": [{"exclusive_end": 83, "slot": "pickup_location", "start": 69}, {"exclusive_end": 96, "slot": "pickup_date", "start": 87}, {"exclusive_end": 54, "slot": "car_name", "start": 48}]}], "speaker": "SYSTEM", "utterance": "I have 6 cars including a standard car, like an Accord, available at Santa Fe Depot on March 3rd."}, {"frames": [{"actions": [{"act": "INFORM_INTENT", "canonical_values": ["ReserveCar"], "slot": "intent", "values": ["ReserveCar"]}, {"act": "SELECT", "canonical_values": [], "slot": "", "values": []}], "service": "RentalCars_1", "slots": [], "state": {"active_intent": "ReserveCar", "requested_slots": [], "slot_values": {"dropoff_date": ["the 4th"], "pickup_city": ["San Diego"], "pickup_date": ["March 3rd", "this Sunday"], "pickup_location": ["Santa Fe Depot"], "pickup_time": ["18:00"], "type": ["Standard"]}}}], "speaker": "USER", "utterance": "Sounds good, reserve that car."}, {"frames": [{"actions": [{"act": "CONFIRM", "canonical_values": ["Santa Fe Depot"], "slot": "pickup_location", "values": ["Santa Fe Depot"]}, {"act": "CONFIRM", "canonical_values": ["2019-03-03"], "slot": "pickup_date", "values": ["March 3rd"]}, {"act": "CONFIRM", "canonical_values": ["18:00"], "slot": "pickup_time", "values": ["6 pm"]}, {"act": "CONFIRM", "canonical_values": ["2019-03-04"], "slot": "dropoff_date", "values": ["March 4th"]}, {"act": "CONFIRM", "canonical_values": ["Standard"], "slot": "type", "values": ["Standard"]}], "service": "RentalCars_1", "slots": [{"exclusive_end": 59, "slot": "pickup_location", "start": 45}, {"exclusive_end": 72, "slot": "pickup_date", "start": 63}, {"exclusive_end": 80, "slot": "pickup_time", "start": 76}, {"exclusive_end": 117, "slot": "dropoff_date", "start": 108}]}], "speaker": "SYSTEM", "utterance": "Please confirm, picking up a standard car at Santa Fe Depot on March 3rd at 6 pm. You are returning the car March 4th."}, {"frames": [{"actions": [{"act": "AFFIRM", "canonical_values": [], "slot": "", "values": []}], "service": "RentalCars_1", "slots": [], "state": {"active_intent": "ReserveCar", "requested_slots": [], "slot_values": {"dropoff_date": ["March 4th", "the 4th"], "pickup_city": ["San Diego"], "pickup_date": ["March 3rd", "this Sunday"], "pickup_location": ["Santa Fe Depot"], "pickup_time": ["18:00", "6 pm"], "type": ["Standard"]}}}], "speaker": "USER", "utterance": "Yes, that is cool"}, {"frames": [{"actions": [{"act": "NOTIFY_SUCCESS", "canonical_values": [], "slot": "", "values": []}], "service": "RentalCars_1", "service_call": {"method": "ReserveCar", "parameters": {"dropoff_date": "2019-03-04", "pickup_date": "2019-03-03", "pickup_location": "Santa Fe Depot", "pickup_time": "18:00", "type": "Standard"}}, "service_results": [{"car_name": "Accord", "dropoff_date": "2019-03-04", "pickup_date": "2019-03-03", "pickup_location": "Santa Fe Depot", "pickup_time": "18:00", "total_price": "27", "type": "Standard"}], "slots": []}], "speaker": "SYSTEM", "utterance": "Your car is reserved."}, {"frames": [{"actions": [{"act": "THANK_YOU", "canonical_values": [], "slot": "", "values": []}, {"act": "GOODBYE", "canonical_values": [], "slot": "", "values": []}], "service": "RentalCars_1", "slots": [], "state": {"active_intent": "ReserveCar", "requested_slots": [], "slot_values": {"dropoff_date": ["March 4th", "the 4th"], "pickup_city": ["San Diego"], "pickup_date": ["March 3rd", "this Sunday"], "pickup_location": ["Santa Fe Depot"], "pickup_time": ["18:00", "6 pm"], "type": ["Standard"]}}}], "speaker": "USER", "utterance": "Thanks, that is all."}, {"frames": [{"actions": [{"act": "GOODBYE", "canonical_values": [], "slot": "", "values": []}], "service": "RentalCars_1", "slots": []}], "speaker": "SYSTEM", "utterance": "Have a nice day."}]}, {"dialogue_id": "8_00004", "services": ["Buses_1", "RentalCars_1"], "turns": [{"frames": [{"actions": [{"act": "INFORM", "canonical_values": ["Los Angeles"], "slot": "from_location", "values": ["lax"]}, {"act": "INFORM", "canonical_values": ["2019-03-07"], "slot": "leaving_date", "values": ["7th of this month"]}, {"act": "INFORM_INTENT", "canonical_values": ["BuyBusTicket"], "slot": "intent", "values": ["BuyBusTicket"]}], "service": "Buses_1", "slots": [{"exclusive_end": 30, "slot": "from_location", "start": 27}, {"exclusive_end": 55, "slot": "leaving_date", "start": 38}], "state": {"active_intent": "BuyBusTicket", "requested_slots": [], "slot_values": {"from_location": ["lax"], "leaving_date": ["7th of this month"]}}}], "speaker": "USER", "utterance": "can you reserve a bus from lax on the 7th of this month?"}, {"frames": [{"actions": [{"act": "REQUEST", "canonical_values": [], "slot": "to_location", "values": []}], "service": "Buses_1", "slots": []}], "speaker": "SYSTEM", "utterance": "where will you be going?"}, {"frames": [{"actions": [{"act": "INFORM", "canonical_values": ["Long Beach"], "slot": "to_location", "values": ["long beach"]}], "service": "Buses_1", "slots": [{"exclusive_end": 27, "slot": "to_location", "start": 17}], "state": {"active_intent": "BuyBusTicket", "requested_slots": [], "slot_values": {"from_location": ["lax"], "leaving_date": ["7th of this month"], "to_location": ["long beach"]}}}], "speaker": "USER", "utterance": "i want to get to long beach."}, {"frames": [{"actions": [{"act": "REQUEST", "canonical_values": [], "slot": "leaving_time", "values": []}], "service": "Buses_1", "slots": []}], "speaker": "SYSTEM", "utterance": "when are you leaving?"}, {"frames": [{"actions": [{"act": "INFORM", "canonical_values": ["07:15"], "slot": "leaving_time", "values": ["7:15 am"]}], "service": "Buses_1", "slots": [{"exclusive_end": 26, "slot": "leaving_time", "start": 19}], "state": {"active_intent": "BuyBusTicket", "requested_slots": [], "slot_values": {"from_location": ["lax"], "leaving_date": ["7th of this month"], "leaving_time": ["7:15 am"], "to_location": ["long beach"]}}}], "speaker": "USER", "utterance": "i want to leave at 7:15 am."}, {"frames": [{"actions": [{"act": "REQUEST", "canonical_values": [], "slot": "travelers", "values": []}], "service": "Buses_1", "slots": []}], "speaker": "SYSTEM", "utterance": "how many tickets will you need?"}, {"frames": [{"actions": [{"act": "INFORM", "canonical_values": ["2"], "slot": "travelers", "values": ["2"]}], "service": "Buses_1", "slots": [], "state": {"active_intent": "BuyBusTicket", "requested_slots": [], "slot_values": {"from_location": ["lax"], "leaving_date": ["7th of this month"], "leaving_time": ["7:15 am"], "to_location": ["long beach"], "travelers": ["2"]}}}], "speaker": "USER", "utterance": "i'll need two tickets."}, {"frames": [{"actions": [{"act": "CONFIRM", "canonical_values": ["Los Angeles"], "slot": "from_location", "values": ["los angeles"]}, {"act": "CONFIRM", "canonical_values": ["Long Beach"], "slot": "to_location", "values": ["long beach"]}, {"act": "CONFIRM", "canonical_values": ["2019-03-07"], "slot": "leaving_date", "values": ["march 7th"]}, {"act": "CONFIRM", "canonical_values": ["07:15"], "slot": "leaving_time", "values": ["7:15 am"]}, {"act": "CONFIRM", "canonical_values": ["2"], "slot": "travelers", "values": ["2"]}], "service": "Buses_1", "slots": [{"exclusive_end": 59, "slot": "from_location", "start": 48}, {"exclusive_end": 73, "slot": "to_location", "start": 63}, {"exclusive_end": 86, "slot": "leaving_date", "start": 77}, {"exclusive_end": 97, "slot": "leaving_time", "start": 90}]}], "speaker": "SYSTEM", "utterance": "so you want a bus for 2 people that leaves from los angeles to long beach on march 7th at 7:15 am."}, {"frames": [{"actions": [{"act": "REQUEST", "canonical_values": [], "slot": "from_station", "values": []}, {"act": "AFFIRM", "canonical_values": [], "slot": "", "values": []}], "service": "Buses_1", "slots": [], "state": {"active_intent": "BuyBusTicket", "requested_slots": ["from_station"], "slot_values": {"from_location": ["lax", "los angeles"], "leaving_date": ["7th of this month", "march 7th"], "leaving_time": ["7:15 am"], "to_location": ["long beach"], "travelers": ["2"]}}}], "speaker": "USER", "utterance": "that's fine with me. what station do i depart from?"}, {"frames": [{"actions": [{"act": "INFORM", "canonical_values": ["Union Station"], "slot": "from_station", "values": ["union station"]}, {"act": "OFFER", "canonical_values": ["07:00"], "slot": "leaving_time", "values": ["7 am"]}, {"act": "OFFER", "canonical_values": ["12"], "slot": "fare", "values": ["$12"]}, {"act": "NOTIFY_FAILURE", "canonical_values": [], "slot": "", "values": []}], "service": "Buses_1", "service_call": {"method": "BuyBusTicket", "parameters": {"from_location": "Los Angeles", "leaving_date": "2019-03-07", "leaving_time": "07:15", "to_location": "Long Beach", "travelers": "2"}}, "service_results": [{"fare": "12", "from_location": "Los Angeles", "from_station": "Union Station", "leaving_date": "2019-03-07", "leaving_time": "07:00", "to_location": "Long Beach", "to_station": "Downtown Station", "transfers": "0", "travelers": "2"}], "slots": [{"exclusive_end": 36, "slot": "from_station", "start": 23}, {"exclusive_end": 121, "slot": "leaving_time", "start": 117}, {"exclusive_end": 135, "slot": "fare", "start": 132}]}], "speaker": "SYSTEM", "utterance": "you'll be leaving from union station. sorry but i couldn't book that ticket. do you want to try a bus that leaves at 7 am. it costs $12."}, {"frames": [{"actions": [{"act": "AFFIRM", "canonical_values": [], "slot": "", "values": []}], "service": "Buses_1", "slots": [], "state": {"active_intent": "BuyBusTicket", "requested_slots": [], "slot_values": {"from_location": ["lax", "los angeles"], "leaving_date": ["7th of this month", "march 7th"], "leaving_time": ["7 am"], "to_location": ["long beach"], "travelers": ["2"]}}}], "speaker": "USER", "utterance": "that'll work for me."}, {"frames": [{"actions": [{"act": "NOTIFY_SUCCESS", "canonical_values": [], "slot": "", "values": []}], "service": "Buses_1", "service_call": {"method": "BuyBusTicket", "parameters": {"from_location": "Los Angeles", "leaving_date": "2019-03-07", "leaving_time": "07:00", "to_location": "Long Beach", "travelers": "2"}}, "service_results": [{"fare": "12", "from_location": "Los Angeles", "from_station": "Union Station", "leaving_date": "2019-03-07", "leaving_time": "07:00", "to_location": "Long Beach", "to_station": "Downtown Station", "transfers": "0", "travelers": "2"}], "slots": []}], "speaker": "SYSTEM", "utterance": "it's been booked."}, {"frames": [{"actions": [{"act": "REQUEST", "canonical_values": [], "slot": "transfers", "values": []}], "service": "Buses_1", "slots": [], "state": {"active_intent": "BuyBusTicket", "requested_slots": ["transfers"], "slot_values": {"from_location": ["lax", "los angeles"], "leaving_date": ["7th of this month", "march 7th"], "leaving_time": ["7 am"], "to_location": ["long beach"], "travelers": ["2"]}}}], "speaker": "USER", "utterance": "does it have any transfers?"}, {"frames": [{"actions": [{"act": "INFORM", "canonical_values": ["0"], "slot": "transfers", "values": ["0"]}], "service": "Buses_1", "slots": []}], "speaker": "SYSTEM", "utterance": "it has 0 transfers."}, {"frames": [{"actions": [{"act": "INFORM", "canonical_values": ["2019-03-12"], "slot": "dropoff_date", "values": ["march 12th"]}, {"act": "INFORM", "canonical_values": ["Standard"], "slot": "type", "values": ["Standard"]}, {"act": "INFORM", "canonical_values": ["2019-03-08"], "slot": "pickup_date", "values": ["the 8th"]}, {"act": "INFORM_INTENT", "canonical_values": ["GetCarsAvailable"], "slot": "intent", "values": ["GetCarsAvailable"]}], "service": "RentalCars_1", "slots": [{"exclusive_end": 113, "slot": "dropoff_date", "start": 103}, {"exclusive_end": 96, "slot": "pickup_date", "start": 89}], "state": {"active_intent": "GetCarsAvailable", "requested_slots": [], "slot_values": {"dropoff_date": ["march 12th"], "pickup_date": ["the 8th"], "type": ["Standard"]}}}, {"actions": [{"act": "THANK_YOU", "canonical_values": [], "slot": "", "values": []}], "service": "Buses_1", "slots": [], "state": {"active_intent": "BuyBusTicket", "requested_slots": [], "slot_values": {"from_location": ["lax", "los angeles"], "leaving_date": ["7th of this month", "march 7th"], "leaving_time": ["7 am"], "to_location": ["long beach"], "travelers": ["2"]}}}], "speaker": "USER", "utterance": "can you find me a rental car there too? i want an intermediate car and i'll need it from the 8th until march 12th."}, {"frames": [{"actions": [{"act": "REQUEST", "canonical_values": [], "slot": "pickup_time", "values": []}, {"act": "REQUEST", "canonical_values": ["Long Beach"], "slot": "pickup_city", "values": ["long beach"]}], "service": "RentalCars_1", "slots": [{"exclusive_end": 51, "slot": "pickup_city", "start": 41}]}], "speaker": "SYSTEM", "utterance": "what time will you be picking it up from long beach?"}, {"frames": [{"actions": [{"act": "INFORM", "canonical_values": ["15:30"], "slot": "pickup_time", "values": ["afternoon 3:30"]}, {"act": "AFFIRM", "canonical_values": [], "slot": "", "values": []}], "service": "RentalCars_1", "slots": [{"exclusive_end": 42, "slot": "pickup_time", "start": 28}], "state": {"active_intent": "GetCarsAvailable", "requested_slots": [], "slot_values": {"dropoff_date": ["march 12th"], "pickup_city": ["long beach"], "pickup_date": ["the 8th"], "pickup_time": ["afternoon 3:30"], "type": ["Standard"]}}}], "speaker": "USER", "utterance": "i want to pick it up in the afternoon 3:30."}, {"frames": [{"actions": [{"act": "OFFER", "canonical_values": ["LGB Airport"], "slot": "pickup_location", "values": ["lgb airport"]}, {"act": "OFFER", "canonical_values": ["2019-03-08"], "slot": "pickup_date", "values": ["march 8th"]}, {"act": "OFFER", "canonical_values": ["Standard"], "slot": "type", "values": ["Standard"]}, {"act": "OFFER", "canonical_values": ["Accord"], "slot": "car_name", "values": ["accord"]}], "service": "RentalCars_1", "service_call": {"method": "GetCarsAvailable", "parameters": {"dropoff_date": "2019-03-12", "pickup_city": "Long Beach", "pickup_date": "2019-03-08", "pickup_time": "15:30", "type": "Standard"}}, "service_results": [{"car_name": "Accord", "dropoff_date": "2019-03-12", "pickup_city": "Long Beach", "pickup_date": "2019-03-08", "pickup_location": "LGB Airport", "pickup_time": "15:30", "total_price": "112", "type": "Standard"}, {"car_name": "Corolla", "dropoff_date": "2019-03-12", "pickup_city": "Long Beach", "pickup_date": "2019-03-08", "pickup_location": "LGB Airport", "pickup_time": "15:30", "total_price": "136", "type": "Standard"}, {"car_name": "Cruze", "dropoff_date": "2019-03-12", "pickup_city": "Long Beach", "pickup_date": "2019-03-08", "pickup_location": "LGB Airport", "pickup_time": "15:30", "total_price": "144", "type": "Standard"}, {"car_name": "Fusion", "dropoff_date": "2019-03-12", "pickup_city": "Long Beach", "pickup_date": "2019-03-08", "pickup_location": "Downtown Station", "pickup_time": "15:30", "total_price": "112", "type": "Standard"}, {"car_name": "Prius", "dropoff_date": "2019-03-12", "pickup_city": "Long Beach", "pickup_date": "2019-03-08", "pickup_location": "Downtown Station", "pickup_time": "15:30", "total_price": "124", "type": "Standard"}], "slots": [{"exclusive_end": 70, "slot": "pickup_location", "start": 59}, {"exclusive_end": 55, "slot": "pickup_date", "start": 46}, {"exclusive_end": 25, "slot": "car_name", "start": 19}]}], "speaker": "SYSTEM", "utterance": "there's a standard accord that's available on march 8th at lgb airport."}, {"frames": [{"actions": [{"act": "REQUEST", "canonical_values": [], "slot": "total_price", "values": []}], "service": "RentalCars_1", "slots": [], "state": {"active_intent": "GetCarsAvailable", "requested_slots": ["total_price"], "slot_values": {"dropoff_date": ["march 12th"], "pickup_city": ["long beach"], "pickup_date": ["march 8th", "the 8th"], "pickup_time": ["afternoon 3:30"], "type": ["Standard"]}}}], "speaker": "USER", "utterance": "what will it cost?"}, {"frames": [{"actions": [{"act": "INFORM", "canonical_values": ["112"], "slot": "total_price", "values": ["$112"]}], "service": "RentalCars_1", "slots": [{"exclusive_end": 23, "slot": "total_price", "start": 19}]}], "speaker": "SYSTEM", "utterance": "your total will be $112."}, {"frames": [{"actions": [{"act": "INFORM_INTENT", "canonical_values": ["ReserveCar"], "slot": "intent", "values": ["ReserveCar"]}, {"act": "SELECT", "canonical_values": [], "slot": "", "values": []}], "service": "RentalCars_1", "slots": [], "state": {"active_intent": "ReserveCar", "requested_slots": [], "slot_values": {"dropoff_date": ["march 12th"], "pickup_city": ["long beach"], "pickup_date": ["march 8th", "the 8th"], "pickup_location": ["lgb airport"], "pickup_time": ["afternoon 3:30"], "type": ["Standard"]}}}], "speaker": "USER", "utterance": "that sounds good, can you book it?"}, {"frames": [{"actions": [{"act": "CONFIRM", "canonical_values": ["LGB Airport"], "slot": "pickup_location", "values": ["lgb airport"]}, {"act": "CONFIRM", "canonical_values": ["2019-03-08"], "slot": "pickup_date", "values": ["march 8th"]}, {"act": "CONFIRM", "canonical_values": ["15:30"], "slot": "pickup_time", "values": ["3:30 pm"]}, {"act": "CONFIRM", "canonical_values": ["2019-03-12"], "slot": "dropoff_date", "values": ["march 12th"]}, {"act": "CONFIRM", "canonical_values": ["Standard"], "slot": "type", "values": ["Standard"]}], "service": "RentalCars_1", "slots": [{"exclusive_end": 50, "slot": "pickup_location", "start": 39}, {"exclusive_end": 65, "slot": "pickup_date", "start": 56}, {"exclusive_end": 76, "slot": "pickup_time", "start": 69}, {"exclusive_end": 93, "slot": "dropoff_date", "start": 83}]}], "speaker": "SYSTEM", "utterance": "you want to book the standard car from lgb airport from march 8th ar 3:30 pm until march 12th?"}, {"frames": [{"actions": [{"act": "AFFIRM", "canonical_values": [], "slot": "", "values": []}], "service": "RentalCars_1", "slots": [], "state": {"active_intent": "ReserveCar", "requested_slots": [], "slot_values": {"dropoff_date": ["march 12th"], "pickup_city": ["long beach"], "pickup_date": ["march 8th", "the 8th"], "pickup_location": ["lgb airport"], "pickup_time": ["3:30 pm", "afternoon 3:30"], "type": ["Standard"]}}}], "speaker": "USER", "utterance": "yeah that's perfect."}, {"frames": [{"actions": [{"act": "NOTIFY_SUCCESS", "canonical_values": [], "slot": "", "values": []}], "service": "RentalCars_1", "service_call": {"method": "ReserveCar", "parameters": {"dropoff_date": "2019-03-12", "pickup_date": "2019-03-08", "pickup_location": "LGB Airport", "pickup_time": "15:30", "type": "Standard"}}, "service_results": [{"car_name": "Accord", "dropoff_date": "2019-03-12", "pickup_date": "2019-03-08", "pickup_location": "LGB Airport", "pickup_time": "15:30", "total_price": "112", "type": "Standard"}], "slots": []}], "speaker": "SYSTEM", "utterance": "it's been booked."}, {"frames": [{"actions": [{"act": "THANK_YOU", "canonical_values": [], "slot": "", "values": []}], "service": "RentalCars_1", "slots": [], "state": {"active_intent": "ReserveCar", "requested_slots": [], "slot_values": {"dropoff_date": ["march 12th"], "pickup_city": ["long beach"], "pickup_date": ["march 8th", "the 8th"], "pickup_location": ["lgb airport"], "pickup_time": ["3:30 pm", "afternoon 3:30"], "type": ["Standard"]}}}], "speaker": "USER", "utterance": "thanks for that."}, {"frames": [{"actions": [{"act": "REQ_MORE", "canonical_values": [], "slot": "", "values": []}], "service": "RentalCars_1", "slots": []}], "speaker": "SYSTEM", "utterance": "is there anything else?"}, {"frames": [{"actions": [{"act": "NEGATE", "canonical_values": [], "slot": "", "values": []}, {"act": "THANK_YOU", "canonical_values": [], "slot": "", "values": []}], "service": "RentalCars_1", "slots": [], "state": {"active_intent": "NONE", "requested_slots": [], "slot_values": {"dropoff_date": ["march 12th"], "pickup_city": ["long beach"], "pickup_date": ["march 8th", "the 8th"], "pickup_location": ["lgb airport"], "pickup_time": ["3:30 pm", "afternoon 3:30"], "type": ["Standard"]}}}], "speaker": "USER", "utterance": "no, that's it."}, {"frames": [{"actions": [{"act": "GOODBYE", "canonical_values": [], "slot": "", "values": []}], "service": "RentalCars_1", "slots": []}], "speaker": "SYSTEM", "utterance": "have a good day!"}]}]