{"questions": [{"text": "During this program's run, impure water with hydrogen bubbles caused one crew to suffer excessive flatulence. A failed plugs-out test led to this program's first catastrophic failure, which killed Ed White, Roger Chaffee, and Gus Grissom. Gene Kranz aborted one of this program's missions, in which an oxygen tank explosion nearly killed James Lovell and his crew. Another mission during this program saw the Eagle module land at Tranquility Base. For 10 points, name this series of U.S. space missions, the eleventh of which put men on the moon.", "answer": "Apollo program [accept Apollo 11 before \u201cfirst Command Module\u201d]", "page": "Apollo_program", "category": "Trash", "subcategory": "Other", "tournament": "ACF Novice", "difficulty": "College", "year": 2010, "proto_id": "5476990fea23cca9055073b3", "qdb_id": null, "dataset": "protobowl", "qanta_id": 1633, "tokenizations": [[0, 109], [110, 238], [239, 364], [365, 447], [448, 546]], "first_sentence": "During this program's run, impure water with hydrogen bubbles caused one crew to suffer excessive flatulence.", "gameplay": true, "fold": "adversarial"}, {"text": "One mission in this program docked with the spacecraft used by Soyuz (soy-\"OOZE\") 19. The numerically first mission in this program was retroactively named after a fire burst out during a test run. Harrison Schmitt, a geologist, was part of its last mission, number 17. One mission in this program spawned the line, \"Houston, we've had a problem.\" For 10 points, name this NASA program whose mission 11 saw man first walk on the moon.", "answer": "Apollo Program [accept Apollo Extension Series or Apollo Applications Program before \"first\"]", "page": "Apollo_program", "category": "History", "subcategory": "American", "tournament": "Collaborative MS Tournament", "difficulty": "MS", "year": 2011, "proto_id": "5476a08dea23cca905510c7f", "qdb_id": null, "dataset": "protobowl", "qanta_id": 40706, "tokenizations": [[0, 85], [86, 197], [198, 269], [270, 347], [348, 434]], "first_sentence": "One mission in this program docked with the spacecraft used by Soyuz (soy-\"OOZE\") 19.", "gameplay": true, "fold": "adversarial"}, {"text": "One part of this program included Stuart Roosa becoming the first person to use the Modular Equipment Transporter. A part of this program failed in its mission to reach Fra Mauro, and the final part of this program brought geologist Harrison Schmitt to the Taurus-Littrow site. There was no second or third (*) mission in the commonly used numerical sequence for this program, which began with a mission that, in a test, killed Roger Chaffee, Ed White, and Gus Grissom in a fire. James Lovell was the hero of another failed mission in this program. Saturn V rockets were used to propel modules into space in, for 10 points, what NASA program whose eleventh mission landed Neil Armstrong on the moon?", "answer": "Apollo program", "page": "Apollo_program", "category": "Science", "subcategory": "Other", "tournament": "College History Bowl", "difficulty": "open", "year": 2012, "proto_id": null, "qdb_id": 134282, "dataset": "quizdb.org", "qanta_id": 120043, "tokenizations": [[0, 114], [115, 277], [278, 479], [480, 548], [549, 699]], "first_sentence": "One part of this program included Stuart Roosa becoming the first person to use the Modular Equipment Transporter.", "gameplay": false, "fold": "adversarial"}, {"text": "As part of this program, William Anders took a photo that Galen Rowell called \"the most influential environmental photograph ever taken.\" An early failure of this initiative occurred when a 100% oxygen environment caused a fire during a routine systems test to burn out of control. A speech supporting this program noted that undertakings like it were done \"not because they are easy, but because they are hard.\" On July 20, 1969, this program landed the Eagle on the Sea of Tranquility, prompting the quotation \"That's one small step for man, one giant leap for mankind\" from Neil Armstrong. For 10 points, name this NASA program that successfully landed humans on the moon. ", "answer": "Apollo program [or Project Apollo; accept Apollo 8; accept Apollo 1; accept Apollo 11; prompt on landing on the moon]", "page": "Apollo_program", "category": "History", "subcategory": "American", "tournament": "ACF Fall", "difficulty": "easy_college", "year": 2016, "proto_id": null, "qdb_id": 126689, "dataset": "quizdb.org", "qanta_id": 127028, "tokenizations": [[0, 137], [138, 281], [282, 412], [413, 592], [593, 675]], "first_sentence": "As part of this program, William Anders took a photo that Galen Rowell called \"the most influential environmental photograph ever taken.\"", "gameplay": false, "fold": "adversarial"}], "version": "2018.04.18", "maintainer_name": "Pedro Rodriguez", "maintainer_contact": "me@pedro.ai", "maintainer_website": "https://www.pedro.ai", "project_website": "https://github.com/pinafore/qb"}
