path	translation	split
common_voice_en_19664034.mp3	Aquests components de dades serveixen, a la vegada, com a “elements bàsics” dels intercanvis de dades.	train
common_voice_en_19664035.mp3	L’església no està relacionada amb el moviment polític jueu del sionisme.	train
common_voice_en_18540003.mp3	Quan hi ha poca aigua, eviteu malgastar-la.	dev
common_voice_en_18540005.mp3	Conduiràs amb ella cap al seu metge.	dev
common_voice_en_699711.mp3	Estarà bé.	test
common_voice_en_18132047.mp3	Tot va bé si acaba bé.	test
