<benchmark>
  <entries>
    <entry category="Building" eid="Id1" size="4">
      <originaltripleset>
        <otriple>103_Colmore_Row | architect | John_Madin</otriple>
        <otriple>103_Colmore_Row | location | "Colmore Row, Birmingham, England"@en</otriple>
        <otriple>103_Colmore_Row | floorCount | "23"^^xsd:positiveInteger</otriple>
        <otriple>103_Colmore_Row | completionDate | 1976</otriple>
      </originaltripleset>
      <originaltripleset>
        <otriple>103_Colmore_Row | architect | John_Madin</otriple>
        <otriple>103_Colmore_Row | location | "Colmore Row, Birmingham, England"@en</otriple>
        <otriple>103_Colmore_Row | buildingEndDate | "1976"</otriple>
        <otriple>103_Colmore_Row | floorCount | 23</otriple>
      </originaltripleset>
      <originaltripleset>
        <otriple>103_Colmore_Row | architect | John_Madin</otriple>
        <otriple>103_Colmore_Row | location | "Colmore Row, Birmingham, England"@en</otriple>
        <otriple>103_Colmore_Row | buildingEndDate | "1976"</otriple>
        <otriple>103_Colmore_Row | floorCount | "23"^^xsd:positiveInteger</otriple>
      </originaltripleset>
      <modifiedtripleset>
        <mtriple>103_Colmore_Row | architect | John_Madin</mtriple>
        <mtriple>103_Colmore_Row | location | "Colmore Row, Birmingham, England"</mtriple>
        <mtriple>103_Colmore_Row | floorCount | 23</mtriple>
        <mtriple>103_Colmore_Row | completionDate | 1976</mtriple>
      </modifiedtripleset>
      <lex comment="good" lid="Id1">103 Colmore Row in Birmingham, England was completed in 1976 and designed by John Madin. It has 23 floors.</lex>
      <lex comment="good" lid="Id2">103 Colmore Row is located on Colmore Row, Birmingham, England. It was designed by the architect, John Madin, has 23 floors and the building of it was completed in 1976.</lex>
      <lex comment="good" lid="Id3">103 Colmore Row, Birmingham, England, with 23 floors, was designed by the architect John Madin and was completed in 1976.</lex>
    </entry>
    </entries>
</benchmark>