[{"section": "Ball", "question": "Does a 40mm table tennis ball spin more or less than the original 38mm one?", "article": "Table tennis", "is_paraphrase": false, "topic": "SPORT", "candidate_list": [{"article": "Milkor 37/38mm and 40mm Stopper", "section": "Milkor_37/38mm_and_40mm_Stopper-Abstract", "answers": [], "candidates": ["The Milkor 37/38mm Less Lethal \u201cStopper\u201d Single-shot was designed and distributed in 1981 by Milkor (Pty) Ltd as a less-lethal anti-riot weapon along with the Milkor 40mm Single shot Grenade Launcher which was designed as a reduced-cost grenade launcher for the SWAPOL Forces.", "In 2008, Milkor (Pty) Ltd released a new design designated the Milkor 37/38mm or 40mm Stopper Convertible, which is a single shot break-open weapon designed to utilize a variety of 37/38mm or 40mm Less Lethal rounds.", "As with the original Milkor MGL, the Stopper was originally marketed for Milkor by Armscor (South Africa). "]}, {"article": "Milkor 37/38mm and 40mm Stopper", "section": "Milkor_37/38mm_and_40mm_Stopper-Variants", "answers": [], "candidates": ["  (1981) The Milkor 37/38mm Less Lethal \u201cStopper\u201d Single-shot  (1981) The Milkor 40mm Single Shot Grenade Launcher  (2008) The 37/38mm or 40mm Stopper Convertible  "]}, {"article": "Milkor 37/38mm and 40mm Stopper", "section": "Milkor_37/38mm_and_40mm_Stopper-Design", "answers": [], "candidates": ["The Milkor Stopper is a riot gun used for riot control, designed to fire a 37/38mm or 40mm cartridge, which can be a teargas canister, rubber shot cartridge or explosive.", "The weapon is simple to operate and all metal surfaces are treated with a coating for corrosion protection, plus long-life dry film lubrication.", "It fires one shot before reloading.", "It is a conventional single shot, break-open weapon (opening at the breech like an ordinary shotguns (not pump-action)) with a floating firing pin mechanism that ensures safety when accidentally dropped.", "As a security or assault weapon, it can be fired from the shoulder or like a pistol by hand.", "The components of the weapon are interchangeable (client dependent), providing a range of applications from Less Lethal 37/38mm to a 40mm Lethal weapon. "]}, {"article": "Milkor (Pty) Ltd", "section": "Milkor_(Pty)_Ltd-Products", "answers": [], "candidates": ["The company's product line-up includes:  Milkor 40mm UBGL grenade launcher  Milkor 37/38mm and 40mm Stopper Convertible  Milkor 37/38mm Pistol   Milkor 40mm MGL Mk 1S   Milkor 40mm MGL Mk 1L   Milkor 37/38mm MAR (Multiple Anti-Riot)  Milkor 40mm SuperSix MRGL   37/38 and 40mm Accessories The company used to manufacture a submachine gun, the Milkor 9mm BXP. "]}, {"article": "Topspin", "section": "Topspin-Table_tennis", "answers": [], "candidates": ["In competitive table tennis, effective command of topspin is indispensable, not only in order to be able to execute an attack shot counter to a backspin ball, but also in order to be able to execute a speed shot when the ball is already lower than the net.", "In table tennis the best defense for a top spin loop is a block close to the table which involves a firm fixation of the paddle and a slight movement forwards with an angle less than 90 degrees.", "Another way of defending the topspin is to counterattack with a topspin or slice the ball. "]}], "q_types": []}, {"section": "Music video", "question": "What does Pink wear in the video?", "article": "Blow Me (One Last Kiss)", "is_paraphrase": false, "topic": "MUSIC", "candidate_list": [{"article": "Pink", "section": "Pink-Sports", "answers": [], "candidates": ["In the Olympics Games, German females wear pink jackets and other sports attire. "]}, {"article": "Pink", "section": "Pink-Calendars", "answers": [], "candidates": ["  In Thailand, pink is associated with Tuesday on the Thai solar calendar.", "Anyone may wear pink on Tuesdays, and anyone born on a Tuesday may adopt pink as their color.  "]}, {"article": "Drugs or Jesus", "section": "Drugs_or_Jesus-Music_video", "answers": [], "candidates": ["The music video, directed by Sherman Halsey, shows McGraw walking through an old house.", "He does not wear a cowboy hat, but rather a knit cap.", "The video peaked at #13 on CMT's \"Top Twenty Countdown\" in 2005. "]}, {"article": "Penn State Lady Lions basketball", "section": "Penn_State_Lady_Lions_basketball-Pink_Zone_at_Penn_State", "answers": [], "candidates": ["Annually, the Lady Lions don pink jerseys in support of several organizations that fight breast cancer in what is now known as the \"Pink Zone at Penn State\" game.", "The Lady Lions were the first Division I team in the nation to wear pink jerseys, a growing trend in athletics.", "Then-head coach Rene Portland developed the idea in 2006 with money from the Big Ten Conference, and the first game (termed the \"Think Pink\" game) occurred in February 2007 against Wisconsin.", "In 2012, the Pink Zone at Penn State raised a record $203,000 to distribute to its beneficiaries. "]}, {"article": "Music of Dance Dance Revolution (2009 video games)", "section": "Music_of_Dance_Dance_Revolution_(2009_video_games)-So_What", "answers": [], "candidates": ["\"So What\" is a song by Pink. "]}], "q_types": ["what"]}, {"section": "Tourism", "question": "In what year was the Chilean National Museum of Fine Arts built?", "article": "Chile", "is_paraphrase": true, "topic": "COUNTRY", "candidate_list": [{"article": "Rebeca Matte", "section": "Rebeca_Matte-Notable_works", "answers": [], "candidates": [" \"Horacio\", 1910, Chilean National Museum of Fine Arts \"The Echo\", 1912, Chilean National Museum of Fine Arts \"Icarus and Daedalus\", 1922, Chilean National Museum of Fine Arts  "]}, {"article": "Rebeca Matte", "section": "Rebeca_Matte-Abstract", "answers": [], "candidates": ["Rebeca Matte (1875\u20131929) was a Chilean sculptor.", "Her sculptures are in the collection of the Chilean National Museum of Fine Arts, including her sculpture \"Icarus and Daedalus,\" which resides outside the museum. "]}, {"article": "Chilean National Museum of Natural History", "section": "Chilean_National_Museum_of_Natural_History-Abstract", "answers": [], "candidates": ["The Chilean National Museum of Natural History ( or ) is one of three national museums in Chile, along with the Museum of Fine Arts and the National History Museum.", "It is located in Quinta Normal Park. "]}, {"article": "Chilean National Museum of Fine Arts", "section": "Chilean_National_Museum_of_Fine_Arts-Abstract", "answers": [], "candidates": ["The Chilean National Museum of Fine Arts ( or ), located in Santiago, Chile, is one of the major centers for Chilean art and for broader South American art.", "Established in 1880 (making it the oldest in South America), the organization is managed by the \"Artistic Union\" (\"Uni\u00f3n Art\u00edstica\").", "The current building, the \"Palace of the Fine Arts\" (\"el Palacio de Bellas Artes\"), dates to 1910 and commemorates the first centennial of the Independence of Chile.", "It was designed by the French-Chilean architect Emile Jecquier in a full-blown Beaux-arts style and is situated in the Parque Forestal of Santiago.", "Behind it is located the Museum of Contemporary Art (\"Museo de Arte Contempor\u00e1neo\") of the University of Chile, in which is also located the old School of Fine Arts (\"Escuela de Bellas Artes\"). "]}, {"article": "Santiago Museum of Contemporary Art", "section": "Santiago_Museum_of_Contemporary_Art-Architecture", "answers": [], "candidates": [" Quinta Normal Park site Architecture.", "The \u2018\u2019Parten\u00f3n\u2019\u2019 in Quinta Normal Park was the location of the first fine arts museum in Chile and one of the first in the Americas.", "Inaugurated in 1885, it originally displayed the works of a group of Chilean painters headed up by Pedro Lira.", "In 1910, as part of the celebrations for Chile\u2019s first centenary, the current Chilean National Museum of Fine Arts was inaugurated in Parque Forestal and took on the functions of the old Quinta Normal Park building.", "The old building was abandoned until 1915, and on various occasions was used as school, gymnasium and storage place.", "In 1945, the painter Marco Aurelio Bont\u00e1 Costa recovered the building for the arts and in 1946 opened the Museum of Contemporary Art.", "Bont\u00e1 Costa selected the pieces on display to give an overview of Chilean art of the 20th century.", "The museum moved in 1974 to a new location in the western part of Chilean National Museum of Fine Arts building in Parque Forestal.", "In 1985, an earthquake damaged the old Quinta Normal building and from 1998 it has been some efforts in order to repair him.", "Parque Forestal building This building is a typical example of Neoclassical/art nouveau architecture, designed by the French-Chilean architect Emile Jecquier.", "It was built in the 19th century for the centenary of Chile\u2019s independence, which was celebrated in 1910.", "The building's western front (the home of the MAC) was damaged in the 2010 Chile earthquake. "]}], "q_types": ["what"]}, {"section": "English army and Harold's preparations", "question": "How many times was the who national \"fyrd\" called out between 1046 and 1065?", "article": "Battle of Hastings", "is_paraphrase": false, "topic": "HISTORICAL EVENTS", "candidate_list": [{"article": "Battle of Hastings", "section": "Battle_of_Hastings-English_army_and_Harold's_preparations", "answers": [6], "candidates": ["The English army was organised along regional lines, with the \"fyrd\", or local levy, serving under a local magnate\u00a0\u2013 whether an earl, bishop, or sheriff.", "The \"fyrd\" was composed of men who owned their own land, and were equipped by their community to fulfil the king's demands for military forces.", "For every five hides, or units of land nominally capable of supporting one household, one man was supposed to serve.", "It appears that the hundred was the main organising unit for the \"fyrd\".", "As a whole, England could furnish about 14,000 men for the \"fyrd\", when it was called out.", "The \"fyrd\" usually served for two months, except in emergencies.", "It was rare for the whole national \"fyrd\" to be called out; between 1046 and 1065 it was only done three times, in 1051, 1052, and 1065.", "The king also had a group of personal armsmen, known as housecarls, who formed the backbone of the royal forces.", "Some earls also had their own forces of housecarls.", "Thegns, the local landowning elites, fought either with the royal housecarls or attached themselves to the forces of an earl or other magnate.", "The \"fyrd\" and the housecarls both fought on foot, with the major difference between them being the housecarl's superior armour.", "The English army does not appear to have had a significant number of archers.", "Harold had spent mid-1066 on the south coast with a large army and fleet waiting for William to invade.", "The bulk of his forces were militia who needed to harvest their crops, so on 8 September Harold dismissed the militia and the fleet.", "Learning of the Norwegian invasion he rushed north, gathering forces as he went, and took the Norwegians by surprise, defeating them at the Battle of Stamford Bridge on 25 September.", "Harald of Norway and Tostig were killed, and the Norwegians suffered such great losses that only 24 of the original 300 ships were required to carry away the survivors.", "The English victory came at great cost, as Harold's army was left in a battered and weakened state."]}, {"article": "Leidang", "section": "Leidang-England", "answers": [], "candidates": ["In Anglo-Saxon times, defences were based upon the \"fyrd\".", "It was a militia called up from the districts threatened with attack.", "Service in the fyrd was usually of short duration and participants were expected to provide their own arms and provisions.", "The origins of the \"fyrd\" can be traced back to at least the seventh century, and it is likely that the obligation of Englishmen to serve in the fyrd dates from before its earliest appearance in written records.", "Alfred the Great is credited with the development of the \"fyrd\" system together with the building of \"burhs\", the development of a cavalry force, and the building of a fleet.", "Each element of the system was meant to remedy defects in the West Saxon military establishment exposed by the Viking invasions.", "If under the existing system he could not assemble forces quickly enough to intercept mobile Viking raiders, the obvious answer was to have a standing field force.", "If this entailed transforming the West Saxon fyrd from a sporadic levy of king's men and their retinues into a mounted standing army, so be it.", "If his kingdom lacked strongpoints to impede the progress of an enemy army, he would build them.", "If the enemy struck from the sea, he would counter them with his own naval power.", "Characteristically, all of Alfred's innovations were firmly rooted in traditional West Saxon practice, drawing as they did upon the three so-called \u2018common burdens' of bridge work, fortress repair and service on the king's campaigns that all holders of bookland and royal loanland owed the Crown.", "Where Alfred revealed his genius was in designing the field force and burhs to be parts of a coherent military system.", "Neither Alfred's reformed fyrd nor his burhs alone would have afforded a sufficient defence against the Vikings; together, however, they robbed the Vikings of their major strategic advantages: surprise and mobility.", "The \"fyrd\" was used heavily by King Harold in 1066, for example in resisting invasion by Harold Hardrada and William of Normandy.", "The historian David Sturdy has cautioned about regarding the \"fyrd\" as a precursor to a modern national army composed of all ranks of society, describing it as a \"ridiculous fantasy\":The persistent old belief that peasants and small farmers gathered to form a national army or \"fyrd\" is a strange delusion dreamt up by antiquarians in the late eighteenth or early nineteenth centuries to justify universal military conscription.", "Henry I of England, the Anglo-Norman king who promised at his coronation to restore the laws of Edward the Confessor and who married a Scottish princess with West Saxon royal forbears, called up the \"fyrd\" to supplement his feudal levies, as an army of all England, as Orderic Vitalis reports, to counter the abortive invasions of his brother Robert Curthose, both in the summer of 1101 and in autumn 1102. "]}, {"article": "Alfred the Great", "section": "Alfred_the_Great-Military_reorganisation", "answers": [], "candidates": ["The Germanic tribes who invaded Britain in the fifth and sixth centuries relied upon the unarmoured infantry supplied by their tribal levy, or fyrd, and it was upon this system that the military power of the several kingdoms of early Anglo-Saxon England depended.", "The fyrd was a local militia in the Anglo-Saxon shire, in which all freemen had to serve, those who refused military service were subject to fines or loss of their land.", "According to the law code of King Ine of Wessex, issued in about 694:If a nobleman who holds land neglects military service, he shall pay 120 shillings and forfeit his land; a nobleman who holds no land shall pay 60 shillings; a commoner shall pay a fine of 30 shillings for neglecting military service.", "Wessex's history of failures preceding his success in 878 emphasised to Alfred that the traditional system of battle he had inherited played to the Danes' advantage.", "While both the Anglo-Saxons and the Danes attacked settlements to seize wealth and other resources, they employed very different strategies.", "In their raids, the Anglo-Saxons traditionally preferred to attack head-on by assembling their forces in a shield wall, advancing against their target and overcoming the oncoming wall marshaled against them in defence.", "In contrast, the Danes preferred to choose easy targets, mapping cautious forays designed to avoid risking all their accumulated plunder with high-stake attacks for more.", "Alfred determined their strategy was to launch smaller scaled attacks from a secure and reinforced defensible base to which they could retreat should their raiders meet strong resistance.", "These bases were prepared in advance, often by capturing an estate and augmenting its defences with surrounding ditches, ramparts and palisades.", "Once inside the fortification, Alfred realised, the Danes enjoyed the advantage, better situated to outlast their opponents or crush them with a counter-attack as the provisions and stamina of the besieging forces waned.", "The means by which they marshaled the forces to defend against marauders also left the Anglo-Saxons vulnerable to the Vikings.", "It was the responsibility of the shire fyrd to deal with local raids.", "The king could call up the national militia to defend the kingdom, however in the case of hit and run raids, by Vikings, problems with communication and raising supplies meant that the national militia could not be mustered quickly enough as it was only after the raids were underway that a call went out to landowners to gather men for battle, and large regions could be devastated before the newly assembled fyrd arrived.", "And although the landowners were obliged to the king to supply these men when called, during the attacks in 878, many of them opportunistically abandoned their king and collaborated with Guthrum.", "With these lessons in mind, Alfred capitalised on the relatively peaceful years immediately following his victory at Edington by focusing on an ambitious restructuring of his kingdom's military defences.", "On a trip to Rome, Alfred had stayed with Charles the Bald and it is possible that he may have studied how the Carolingian kings had dealt with the Viking problem, and learning from their experience was able to put together a system of taxation and defence for his own kingdom.", "Also, there had been a system of fortifications in pre-Viking Mercia that may have also been an influence.", "So when the Viking raids resumed in 892, Alfred was better prepared to confront them with a standing, mobile field army, a network of garrisons, and a small fleet of ships navigating the rivers and estuaries. "]}, {"article": "Fyrd", "section": "Fyrd-Origins_and_definition", "answers": [], "candidates": ["The Germanic tribes who invaded Britain in the fifth and sixth centuries relied upon the unarmoured infantry supplied by their tribal levy, or fyrd and it was upon this system that the military power of the several kingdoms of early Anglo-Saxon England depended.", "In Anglo Saxon documents military service might be expressed as fyrd-faru, fyrd-foereld, fyrd-socne, or simply fyrd.", "The fyrd was a local militia in the Anglo-Saxon shire, in which all freemen had to serve, those who refused military service were subject to fines or loss of their land.", "According to the laws of Ine:If a nobleman who holds land neglects military service, he shall pay 120 shillings and forfeit his land; a nobleman who holds no land shall pay 60 shillings; a commoner shall pay a fine of 30 shillings for neglecting military service.", "It was the responsibility of the shire fyrd to deal with local raids.", "The king could call up the national militia to defend the kingdom, however in the case of hit and run raids, particularly by Vikings, problems with communication and raising supplies meant that the national militia could not be mustered quickly enough so was rarely summoned.", "Historians are divided about the people who were part of the fyrd.", "Was it the body of peasants as distinct from the thegns and mercenaries?", "Was it the peasants and thegns together?", "Or was it a combination of all three?", "Initially the force probably would have been entirely infantry.", "However, from Alfred's time there would have been a force of mounted infantry, who could gallop swiftly to any trouble spot, dismount, and drive off any raiding force.", "Also, after Alfred's reorganisation there were two elements to his army.", "The first known as the \"select-fyrd\" was, most likely, a strictly royal force of mounted infantry consisting mainly of thegns and their retainers supported by earls and reeves.", "The second would be the local militia or \"general-fyrd\" responsible for the defence of the shire and borough district and would consist of freemen, such as small tenant farmers and their local thegns and reeves.", "In the 11th century the infantry was strengthened by the addition of an elite force of housecarls.", "The Old English term that the Anglo-Saxon Chronicle uses for the Danish Army is \"\"here\"\"; Ine of Wessex in his law code, issued in about 694, provides a definition of \"\"here\"\" as \"an invading army or raiding party containing more than thirty five men\", yet the terms \"\"here\"\" and \"\"fyrd\"\" are used interchangeably in later sources in respect of the English militia.", "Tenants in Anglo-Saxon England had a threefold obligation based on their landholding; the so-called \u2018common burdens' of military service, fortress work, and bridge repair.", "Even when a landholder was granted exemptions from other royal services, these three duties were reserved.", "An example of this is in a charter of 858 where \u00c6thelberht of Kent made an exchange of land with his thegn Wulflaf , it stipulates that Wulflaf's land should be free of all royal services and secular burdens except military service, the building of bridges, and fortress work.", "According to Cnut's laws: "]}, {"article": "Fyrd", "section": "Fyrd-Abstract", "answers": [], "candidates": ["The fyrd, in early Anglo-Saxon times, was an army that was mobilized from freemen to defend their shire, or from select representatives to join a royal expedition.", "Service in the fyrd was usually of short duration and participants were expected to provide their own arms and provisions.", "The composition of the fyrd evolved over the years, particularly as a reaction to raids and invasions by the Vikings.", "The system of defence and conscription was reorganised during the reign of Alfred the Great, who set up 33 fortified towns (or burhs) in his kingdom of Wessex.", "The amount of taxation required to maintain each town was laid down in a document known as the Burghal Hidage.", "Each lord had his individual holding of land assessed in hides.", "Based on his land holding, he had to contribute men and arms to maintain and defend the burhs.", "Non compliance of this requirement could lead to severe penalties.", "Ultimately the fyrd consisted of a nucleus of experienced soldiers that would be supplemented by ordinary villagers and farmers from the shires who would accompany their lords. "]}], "q_types": ["how", "who"]}, {"section": "Production and development", "question": "Who did Chris Messina play on The Mindy Project?", "article": "The Mindy Project", "is_paraphrase": false, "topic": "TV", "candidate_list": [{"article": "Chris Messina", "section": "Chris_Messina-Abstract", "answers": [], "candidates": ["Chris Messina (born August 11, 1974) is an American film, television and stage actor.", "He has appeared in such films as \"Vicky Christina Barcelona\", \"Argo\", \"Julie & Julia\", \"Ruby Sparks\", \"Celeste and Jesse Forever\", and \"You've Got Mail\".", "On television, he is best known for his roles as Chris Sanchez in \"Damages\" and as Danny Castellano in \"The Mindy Project\". "]}, {"article": "The Mindy Project", "section": "The_Mindy_Project-Production_and_development", "answers": [6], "candidates": ["The series was initially commissioned by NBC, but the pilot with the working title \"It's Messy\" was released from NBC's projects on January 27, 2012.", "Universal then sent the script to Fox executives who read it over that following weekend.", "On January 30, 2012, Fox greenlit the pilot, with Mindy Kaling attached to star.", "Casting announcements for the remaining series regular roles began in February 2012, with Ed Weeks cast in the role of Dr. Jeremy Reed, a sexy, British doctor in the practice.", "Zoe Jarman and Dana DeLorenzo then joined in series regular roles.", "Jarman signed on to play Betsy Putch, an upbeat receptionist at the practice; whilst DeLorenzo joined as Shauna Dicanio, a young, party loving receptionist in the practice.", "In mid-March, Chris Messina joined the cast as Dr. Danny Castellano, an arrogant doctor who works at the practice.", "Shortly after, Anna Camp boarded the series as Gwen Grandy, a stay-at-home mom and Mindy's best friend.", "On May 9, 2012, Fox placed a series order for the comedy.", "Two days later, the title was changed from \"It's Messy\" to \"The Mindy Project.\"", "Two months later, Amanda Setton, Stephen Tobolowsky and Ike Barinholtz joined the series.", "Setton replaced Dana DeLorenzo in the role of Shauna; Tobolowsky joined in the series regular role of Dr. Marc Shulman, the senior partner of the practice; and Barinholtz signed onto the recurring role of Morgan Tookers, a quirky rehabilitated ex-con who joins the practice as a nurse.", "On August 27, 2012, the pilot episode was made available to view online on various sites including Fox, in an attempt to garner interest in the series.", "On October 8, 2012, Fox ordered a full season of \"The Mindy Project\".", "In the middle of the first season, the network made changes to the show's cast.", "On November 20, 2012, it was reported that Amanda Setton's role had been eliminated and that Anna Camp had been downgraded to a recurring cast member.", "Stephen Tobolowsky's role was also eliminated, with his character retiring in the eighth episode.", "Beth Grant, who guest starred as Nurse Beverly in episode two, returned as a series regular in episode fifteen.", "Ike Barinholtz was also upgraded to series regular.", "Xosha Roquemore, who guest starred in the final few episodes of season one as Tamra, was upped to series regular beginning with season two.", "Adam Pally, who originally signed on for a recurring role, was upgraded to series regular during season two.", "On March 4, 2013, the series was renewed for a second season, which began on September 17, 2013.", "On November 21, 2013, Fox announced that \"The Mindy Project\" would take a mid-season hiatus, before returning on April 1, 2014.", "Fox announced the third season renewal of \"The Mindy Project\" on March 7, 2014."]}, {"article": "List of The Mindy Project episodes", "section": "List_of_The_Mindy_Project_episodes-Abstract", "answers": [], "candidates": ["The Mindy Project is an American comedy series which premiered on September 25, 2012, on Fox.", "The series stars Mindy Kaling as Mindy Lahiri, a young OB/GYN as she navigates through her professional life and romantic relationships., 40 episodes of \"The Mindy Project\" have aired. "]}, {"article": "Chris Messina", "section": "Chris_Messina-Life_and_career", "answers": [], "candidates": ["Messina was born in Northport, New York.", "He started his career as an off-Broadway actor.", "He has appeared in episodes of the television series \"Law & Order\", \"Third Watch\", and \"Medium\".", "He had a recurring role in the fifth and final season of the HBO drama \"Six Feet Under\" as Ted Fairwell.", "His film credits include \"Rounders\", \"The Siege\", \"You've Got Mail\" and \"Towelhead\".", "He starred in an HBO pilot \"Anatomy of Hope\", directed by J. J. Abrams.", "Simon Callow also starred, but the pilot was not picked up to series.", "In October 2007, \"Daily Variety\" named him as one of 10 actors to watch.", "He starred in \"Devil\", under the direction of John Erick Dowdle and Drew Dowdle, for producer M. Night Shyamalan and Universal Pictures.", "In April 2010, \"Monogamy\", starring Messina and Rashida Jones, premiered at the Tribeca Film Festival.", "The film, directed by Dana Adam Shapiro, won the jury prize for best New York narrative.", "Messina joined the cast of \"Damages\" for its fourth and fifth seasons.", "He plays a recurring character on HBO's \"The Newsroom\".", "Messina is a series regular on the Fox comedy \"The Mindy Project\", playing Dr. Danny Castellano. "]}, {"article": "The Mindy Project", "section": "The_Mindy_Project-Main", "answers": [], "candidates": ["  Mindy Kaling as Dr. Mindy Lahiri, a romantically frustrated OB/GYN at Shulman & Associates.", "Chris Messina as Dr. Danny Castellano, another OB/GYN at the same office; Mindy's main frenemy; both doctors ignore the obvious romantic chemistry between them and settle for lesser choices in the interim.", "Ed Weeks as Dr. Jeremy Reed, Mindy and Danny's somewhat hapless supervisor at the office.", "Zoe Jarman as Betsy Putch, the optimistic receptionist at the office.", "Ike Barinholtz as Morgan Tookers (Episodes 13, 15-onwards; recurring 2\u201312 and 14), a registered nurse at the office.", "Beth Grant as Beverley Janoszewski (Episodes 15-onwards; guest episode 2), former nurse turned receptionist at the office.", "Xosha Roquemore as Tamra (season 2-onwards, recurring episodes 22-24), a sassy nurse at the office.", "Adam Pally as Dr. Peter Prentice (season 2-onwards; guest season 2, episodes 3-4), a new gynecologist at the office.", "Anna Camp as Gwen Grandy (Main cast episodes 1\u201312; guest episode 17), Mindy's long-time friend who has settled down with a family.", "Amanda Setton as Shauna Dicanio (Episodes 1\u201312), was a receptionist at the office.", "Stephen Tobolowsky as Dr. Marc Shulman (Episodes 1\u20138), the former senior partner of the practice.  "]}], "q_types": ["who"]}]