<benchmark>
  <entries>
    <entry category="Building" eid="Id1" shape="(X (X) (X (X)))" shape_type="mixed" size="3">
      <originaltripleset>
        <otriple>103_Colmore_Row | location | Colmore_Row</otriple>
        <otriple>103_Colmore_Row | architect | John_Madin</otriple>
        <otriple>John_Madin | birthPlace | Birmingham</otriple>
      </originaltripleset>
      <modifiedtripleset>
        <mtriple>103_Colmore_Row | location | Colmore_Row</mtriple>
        <mtriple>103_Colmore_Row | architect | John_Madin</mtriple>
        <mtriple>John_Madin | birthPlace | Birmingham</mtriple>
      </modifiedtripleset>
      <lex comment="good" lid="Id1">103 Colmore Row was designed by John Madin who was born in Birmingham.</lex>
      <lex comment="good" lid="Id2">103 Colmore Row was designed by Birmingham born architect John Madin.</lex>
      <lex comment="good" lid="Id3">103 Colmore Row was designed by the architect, John Madin from Birmingham.</lex>
    </entry>
    </entries>
</benchmark>