[{"conversation_id": "dlg-0004d9ce-d9c4-4c20-a744-e25c053ea9b8", "instruction_id": "mlb-6", "utterances": [{"index": 0, "speaker": "USER", "text": "Hi. My favorite baseball team is St. Louis Cardinals and I want to ask how they're doing currently.", "segments": [{"start_index": 33, "end_index": 52, "text": "St. Louis Cardinals", "annotations": [{"name": "mlb.name.team"}]}]}, {"index": 1, "speaker": "ASSISTANT", "text": "Sure."}, {"index": 2, "speaker": "USER", "text": "Who are they playing today?"}, {"index": 3, "speaker": "ASSISTANT", "text": "Hold on for a moment."}, {"index": 4, "speaker": "ASSISTANT", "text": "It's in the 3rd place in National League Central.", "segments": [{"start_index": 12, "end_index": 21, "text": "3rd place", "annotations": [{"name": "mlb.place.team"}]}]}, {"index": 5, "speaker": "ASSISTANT", "text": "There is no game today.", "segments": [{"start_index": 17, "end_index": 22, "text": "today", "annotations": [{"name": "mlb.day.match"}]}]}, {"index": 6, "speaker": "USER", "text": "Did they played last Saturday?", "segments": [{"start_index": 16, "end_index": 29, "text": "last Saturday", "annotations": [{"name": "mlb.day.match"}]}]}, {"index": 7, "speaker": "ASSISTANT", "text": "Yes, they played against Diamondbacks.", "segments": [{"start_index": 25, "end_index": 37, "text": "Diamondbacks", "annotations": [{"name": "mlb.name.team"}]}]}, {"index": 8, "speaker": "USER", "text": "What was the score in their last game?"}, {"index": 9, "speaker": "ASSISTANT", "text": "It's 2-3 and they won.", "segments": [{"start_index": 5, "end_index": 8, "text": "2-3", "annotations": [{"name": "mlb.score.match"}]}, {"start_index": 13, "end_index": 21, "text": "they won", "annotations": [{"name": "mlb.result.match"}]}]}, {"index": 10, "speaker": "USER", "text": "Okay. And then who's the manager?"}, {"index": 11, "speaker": "ASSISTANT", "text": "Mike Matheny is the manager.", "segments": [{"start_index": 0, "end_index": 12, "text": "Mike Matheny", "annotations": [{"name": "mlb.name.non_player"}]}]}, {"index": 12, "speaker": "USER", "text": "Okay, that's all I wanted to know."}, {"index": 13, "speaker": "ASSISTANT", "text": "Do you need anything else?"}, {"index": 14, "speaker": "USER", "text": "That's it."}, {"index": 15, "speaker": "ASSISTANT", "text": "Okay, bye."}, {"index": 16, "speaker": "USER", "text": "Bye."}]}, {"conversation_id": "dlg-000ff7e6-03d2-49f2-bc35-7facd64c3a39", "instruction_id": "mlb-7", "utterances": [{"index": 0, "speaker": "USER", "text": "What place are the LA Dodgers in?", "segments": [{"start_index": 19, "end_index": 29, "text": "LA Dodgers", "annotations": [{"name": "mlb.name.team"}]}]}, {"index": 1, "speaker": "ASSISTANT", "text": "The LA Dodgers are currently in first place in the National League West with 92 wins and 52 losses.", "segments": [{"start_index": 4, "end_index": 14, "text": "LA Dodgers", "annotations": [{"name": "mlb.name.team"}]}, {"start_index": 32, "end_index": 43, "text": "first place", "annotations": [{"name": "mlb.place.team"}]}, {"start_index": 77, "end_index": 84, "text": "92 wins", "annotations": [{"name": "mlb.record.team"}]}, {"start_index": 89, "end_index": 98, "text": "52 losses", "annotations": [{"name": "mlb.record.team"}]}]}, {"index": 2, "speaker": "USER", "text": "Who will they play next Saturday?", "segments": [{"start_index": 19, "end_index": 32, "text": "next Saturday", "annotations": [{"name": "mlb.day.match"}]}]}, {"index": 3, "speaker": "ASSISTANT", "text": "Next Saturday they will be playing Washington Nationals at 10:05 a.m.", "segments": [{"start_index": 0, "end_index": 13, "text": "Next Saturday", "annotations": [{"name": "mlb.day.match"}]}, {"start_index": 35, "end_index": 55, "text": "Washington Nationals", "annotations": [{"name": "mlb.name.team"}]}, {"start_index": 59, "end_index": 68, "text": "10:05 a.m", "annotations": [{"name": "mlb.time.match"}]}]}, {"index": 4, "speaker": "USER", "text": "How did they do in their last game?"}, {"index": 5, "speaker": "ASSISTANT", "text": "In the last game the Dodgers actually lost, unfortunately Tehran has a 10 game losing streak.", "segments": [{"start_index": 21, "end_index": 28, "text": "Dodgers", "annotations": [{"name": "mlb.name.team"}]}, {"start_index": 29, "end_index": 42, "text": "actually lost", "annotations": [{"name": "mlb.result.match"}]}, {"start_index": 58, "end_index": 64, "text": "Tehran", "annotations": [{"name": "mlb.name.player"}]}, {"start_index": 69, "end_index": 92, "text": "a 10 game losing streak", "annotations": [{"name": "mlb.record.team"}]}]}, {"index": 6, "speaker": "USER", "text": "Who's in last place in the American League East?", "segments": [{"start_index": 9, "end_index": 19, "text": "last place", "annotations": [{"name": "mlb.place.team"}]}]}, {"index": 7, "speaker": "ASSISTANT", "text": "Right now in last place in the American League East is Toronto Blue Jays.", "segments": [{"start_index": 13, "end_index": 23, "text": "last place", "annotations": [{"name": "mlb.place.team"}]}, {"start_index": 55, "end_index": 72, "text": "Toronto Blue Jays", "annotations": [{"name": "mlb.name.team"}]}]}, {"index": 8, "speaker": "USER", "text": "Okay, that's all I needed to know."}, {"index": 9, "speaker": "ASSISTANT", "text": "Okay, have a good day."}]}, {"conversation_id": "dlg-0011cca8-a3e2-4155-b1a5-c2a93c84e3d1", "instruction_id": "epl-1", "utterances": [{"index": 0, "speaker": "USER", "text": "I'm a big fan of West Ham United, and I'd like to ask you what place is West Ham United in?", "segments": [{"start_index": 17, "end_index": 32, "text": "West Ham United", "annotations": [{"name": "epl.name.team"}]}, {"start_index": 72, "end_index": 87, "text": "West Ham United", "annotations": [{"name": "epl.name.team"}]}]}, {"index": 1, "speaker": "ASSISTANT", "text": "West Ham United is currently in 18th Place with a total of 13 points.", "segments": [{"start_index": 0, "end_index": 15, "text": "West Ham United", "annotations": [{"name": "epl.name.team"}]}, {"start_index": 32, "end_index": 42, "text": "18th Place", "annotations": [{"name": "epl.place.team"}]}, {"start_index": 48, "end_index": 68, "text": "a total of 13 points", "annotations": [{"name": "epl.other_description.team"}]}]}, {"index": 2, "speaker": "USER", "text": "Can you tell me if they're playing right now?"}, {"index": 3, "speaker": "ASSISTANT", "text": "They are currently not playing right now."}, {"index": 4, "speaker": "USER", "text": "Who did they play last?"}, {"index": 5, "speaker": "ASSISTANT", "text": "West Ham's last game was against Chelsea, they won that game with a score of 1-0.", "segments": [{"start_index": 0, "end_index": 10, "text": "West Ham's", "annotations": [{"name": "epl.name.team"}]}, {"start_index": 33, "end_index": 40, "text": "Chelsea", "annotations": [{"name": "epl.name.team"}]}, {"start_index": 47, "end_index": 60, "text": "won that game", "annotations": [{"name": "epl.result.match"}]}, {"start_index": 77, "end_index": 80, "text": "1-0", "annotations": [{"name": "epl.score.match"}]}]}, {"index": 6, "speaker": "USER", "text": "What was the score of their last game?"}, {"index": 7, "speaker": "ASSISTANT", "text": "They won the game 1-0.", "segments": [{"start_index": 5, "end_index": 17, "text": "won the game", "annotations": [{"name": "epl.result.match"}]}, {"start_index": 18, "end_index": 21, "text": "1-0", "annotations": [{"name": "epl.score.match"}]}]}, {"index": 8, "speaker": "USER", "text": "Who is their goalkeeper?", "segments": [{"start_index": 13, "end_index": 23, "text": "goalkeeper", "annotations": [{"name": "epl.position.player"}]}]}, {"index": 9, "speaker": "ASSISTANT", "text": "Joe Hart is the starting goalkeeper for West Ham United.", "segments": [{"start_index": 0, "end_index": 8, "text": "Joe Hart", "annotations": [{"name": "epl.name.player"}]}, {"start_index": 25, "end_index": 35, "text": "goalkeeper", "annotations": [{"name": "epl.position.player"}]}, {"start_index": 40, "end_index": 55, "text": "West Ham United", "annotations": [{"name": "epl.name.team"}]}]}, {"index": 10, "speaker": "USER", "text": "Great, thank you so much for the information today."}, {"index": 11, "speaker": "ASSISTANT", "text": "Goodbye."}, {"index": 12, "speaker": "USER", "text": "Have a good night, bye."}]}, {"conversation_id": "dlg-0032fb90-18ce-45cd-a360-ab4b139a5d29", "instruction_id": "mls-6", "utterances": [{"index": 0, "speaker": "ASSISTANT", "text": "How can I help you?"}, {"index": 1, "speaker": "USER", "text": "What place are the Chicago Fire in?", "segments": [{"start_index": 19, "end_index": 31, "text": "Chicago Fire", "annotations": [{"name": "mls.name.team"}]}]}, {"index": 2, "speaker": "ASSISTANT", "text": "Chicago Fire is in third place in the Eastern Conference with 13 wins, 9 losses and 6 draws.", "segments": [{"start_index": 0, "end_index": 12, "text": "Chicago Fire", "annotations": [{"name": "mls.name.team"}]}, {"start_index": 19, "end_index": 30, "text": "third place", "annotations": [{"name": "mls.place.team"}]}, {"start_index": 62, "end_index": 69, "text": "13 wins", "annotations": [{"name": "mls.record.team"}]}, {"start_index": 71, "end_index": 79, "text": "9 losses", "annotations": [{"name": "mls.record.team"}]}, {"start_index": 84, "end_index": 91, "text": "6 draws", "annotations": [{"name": "mls.record.team"}]}]}, {"index": 3, "speaker": "USER", "text": "Okay. Do they play today?", "segments": [{"start_index": 19, "end_index": 24, "text": "today", "annotations": [{"name": "mls.day.match"}]}]}, {"index": 4, "speaker": "ASSISTANT", "text": "No, they'll play tomorrow against DC United at 5:30 PM.", "segments": [{"start_index": 17, "end_index": 25, "text": "tomorrow", "annotations": [{"name": "mls.day.match"}]}, {"start_index": 34, "end_index": 43, "text": "DC United", "annotations": [{"name": "mls.name.team"}]}, {"start_index": 47, "end_index": 54, "text": "5:30 PM", "annotations": [{"name": "mls.time.match"}]}]}, {"index": 5, "speaker": "USER", "text": "Who did they played on last Saturday?", "segments": [{"start_index": 23, "end_index": 36, "text": "last Saturday", "annotations": [{"name": "mls.day.match"}]}]}, {"index": 6, "speaker": "ASSISTANT", "text": "On last Saturday, September 9th, they played against New York Red Bulls and it was a draw with the score 1-1.", "segments": [{"start_index": 3, "end_index": 16, "text": "last Saturday", "annotations": [{"name": "mls.day.match"}]}, {"start_index": 18, "end_index": 31, "text": "September 9th", "annotations": [{"name": "mls.date.match"}]}, {"start_index": 53, "end_index": 71, "text": "New York Red Bulls", "annotations": [{"name": "mls.name.team"}]}, {"start_index": 85, "end_index": 89, "text": "draw", "annotations": [{"name": "mls.result.match"}]}, {"start_index": 105, "end_index": 108, "text": "1-1", "annotations": [{"name": "mls.score.match"}]}]}, {"index": 7, "speaker": "USER", "text": "How did they do in their last game?"}, {"index": 8, "speaker": "ASSISTANT", "text": "That was their last game."}, {"index": 9, "speaker": "USER", "text": "Who is their goalkeeper?", "segments": [{"start_index": 13, "end_index": 23, "text": "goalkeeper", "annotations": [{"name": "mls.position.player"}]}]}, {"index": 10, "speaker": "ASSISTANT", "text": "Matt Lampson.", "segments": [{"start_index": 0, "end_index": 12, "text": "Matt Lampson", "annotations": [{"name": "mls.name.player"}]}]}, {"index": 11, "speaker": "USER", "text": "Okay, thank you."}, {"index": 12, "speaker": "ASSISTANT", "text": "You're welcome."}]}, {"conversation_id": "dlg-004ef8ca-ef77-4564-980c-3705c3c681fe", "instruction_id": "mls-1", "utterances": [{"index": 0, "speaker": "USER", "text": "Hey, can you tell me how the Seattle Sounders did in their last game?", "segments": [{"start_index": 29, "end_index": 45, "text": "Seattle Sounders", "annotations": [{"name": "mls.name.team"}]}]}, {"index": 1, "speaker": "ASSISTANT", "text": "Hey, how can I help you?"}, {"index": 2, "speaker": "ASSISTANT", "text": "Seattle Sounders won their last game 1-0.", "segments": [{"start_index": 0, "end_index": 16, "text": "Seattle Sounders", "annotations": [{"name": "mls.name.team"}]}, {"start_index": 17, "end_index": 36, "text": "won their last game", "annotations": [{"name": "mls.result.match"}]}, {"start_index": 37, "end_index": 40, "text": "1-0", "annotations": [{"name": "mls.score.match"}]}]}, {"index": 3, "speaker": "USER", "text": "Okay, and what place are they in their division?"}, {"index": 4, "speaker": "ASSISTANT", "text": "They're currently in 8th Place of the Western Conference.", "segments": [{"start_index": 21, "end_index": 30, "text": "8th Place", "annotations": [{"name": "mls.place.team"}]}]}, {"index": 5, "speaker": "USER", "text": "Oh, what's their record?"}, {"index": 6, "speaker": "ASSISTANT", "text": "4 wins and 5 losses.", "segments": [{"start_index": 0, "end_index": 19, "text": "4 wins and 5 losses", "annotations": [{"name": "mls.record.team"}]}]}, {"index": 7, "speaker": "USER", "text": "When is their next game?"}, {"index": 8, "speaker": "ASSISTANT", "text": "Their next game is today at 4:30 p.m.", "segments": [{"start_index": 19, "end_index": 24, "text": "today", "annotations": [{"name": "mls.day.match"}]}, {"start_index": 28, "end_index": 36, "text": "4:30 p.m", "annotations": [{"name": "mls.time.match"}]}]}, {"index": 9, "speaker": "USER", "text": "And who are they playing?"}, {"index": 10, "speaker": "ASSISTANT", "text": "They're playing Columbus.", "segments": [{"start_index": 16, "end_index": 24, "text": "Columbus", "annotations": [{"name": "mls.name.team"}]}]}, {"index": 11, "speaker": "USER", "text": "Okay, thank you very much for that information."}, {"index": 12, "speaker": "ASSISTANT", "text": "You're welcome, have a great day."}, {"index": 13, "speaker": "USER", "text": "You, too."}]}]