{"images": [{"file_name": "1.png", "height": 500, "width": 334, "id": 1}, {"file_name": "2.png", "height": 300, "width": 400, "id": 2}], "type": "instances", "annotations": [{"area": 3782, "iscrowd": 0, "bbox": [127, 44, 62, 61], "category_id": 2, "ignore": 0, "segmentation": [], "image_id": 1, "id": 1}, {"area": 1512, "iscrowd": 0, "bbox": [137, 67, 42, 36], "category_id": 5, "ignore": 0, "segmentation": [], "image_id": 1, "id": 2}, {"area": 2294, "iscrowd": 0, "bbox": [212, 246, 37, 62], "category_id": 3, "ignore": 0, "segmentation": [], "image_id": 1, "id": 3}, {"area": 2380, "iscrowd": 0, "bbox": [59, 244, 35, 68], "category_id": 3, "ignore": 0, "segmentation": [], "image_id": 1, "id": 4}, {"area": 98056, "iscrowd": 0, "bbox": [52, 17, 206, 476], "category_id": 1, "ignore": 0, "segmentation": [], "image_id": 1, "id": 5}, {"area": 10864, "iscrowd": 0, "bbox": [173, 38, 112, 97], "category_id": 2, "ignore": 0, "segmentation": [], "image_id": 2, "id": 6}, {"area": 11400, "iscrowd": 0, "bbox": [51, 52, 114, 100], "category_id": 2, "ignore": 0, "segmentation": [], "image_id": 2, "id": 7}, {"area": 3430, "iscrowd": 0, "bbox": [71, 97, 70, 49], "category_id": 5, "ignore": 0, "segmentation": [], "image_id": 2, "id": 8}, {"area": 2160, "iscrowd": 0, "bbox": [210, 74, 54, 40], "category_id": 5, "ignore": 0, "segmentation": [], "image_id": 2, "id": 9}, {"area": 4465, "iscrowd": 0, "bbox": [183, 234, 95, 47], "category_id": 3, "ignore": 0, "segmentation": [], "image_id": 2, "id": 10}, {"area": 2176, "iscrowd": 0, "bbox": [323, 107, 34, 64], "category_id": 3, "ignore": 0, "segmentation": [], "image_id": 2, "id": 11}, {"area": 49938, "iscrowd": 0, "bbox": [5, 13, 174, 287], "category_id": 1, "ignore": 0, "segmentation": [], "image_id": 2, "id": 12}, {"area": 52852, "iscrowd": 0, "bbox": [165, 6, 181, 292], "category_id": 1, "ignore": 0, "segmentation": [], "image_id": 2, "id": 13}], "categories": [{"supercategory": "none", "id": 1, "name": "Coverall"}, {"supercategory": "none", "id": 2, "name": "Face_Shield"}, {"supercategory": "none", "id": 3, "name": "Gloves"}, {"supercategory": "none", "id": 4, "name": "Goggles"}, {"supercategory": "none", "id": 5, "name": "Mask"}]}