headline,label
ಗೋಲ್ಡನ್​ ಸ್ಟಾರ್​ ಗಣೇಶ್​ 'ಗೀತಾ' ಸಿನಿಮಾದ ಫಸ್ಟ್​ಲುಕ್​ ರಿಲೀಸ್​,entertainment
ಸೋನಮ್​ -ಆನಂದ್​ ವಿವಾಹದ ಅಪರೂಪದ ಕೆಲ ಚಿತ್ರಗಳು,entertainment
ಸೆಂಚುರಿಯನ್ ಟೆಸ್ಟ್​ನಲ್ಲಿ ಭಾರತಕ್ಕೆ 135 ರನ್​ಗಳ ಸೋಲು: ದಕ್ಷಿಣ ಆಫ್ರಿಕಾ ವಿರುದ್ಧ ಟೆಸ್ಟ್ ಸರಣಿ ಸೋಲು,sports
ಏಷ್ಯನ್ ಗೇಮ್ಸ್ 2018: ಕಬಡ್ಡಿ ಸೆಮಿಫೈನಲ್​​ನಲ್ಲಿ ಭಾರತಕ್ಕೆ ಸೋಲು; ಇತಿಹಾಸ ನಿರ್ಮಿಸಿದ ಇರಾನ್,sports
ATM ನಲ್ಲಿ ಹಣ ಸಿಲುಕಿದ್ರೆ ಹಿಂಪಡೆಯುವುದು ಈಗ ಮತ್ತಷ್ಟು ಸುಲಭ,tech
2018 ಫೋರ್ಬ್ ಪಟ್ಟಿ ಬಿಡುಗಡೆ: ಕ್ರೀಡಾ ಕ್ಷೇತ್ರದ ಕೋಟಿ ಸ್ಟಾರ್​​ಗಳು ಇವರೆ ನೋಡಿ..!,sports
ಸರ್ಜಾ ಮಗಳ ಬೆನ್ನು ಮುಟ್ಟಿದ್ದರಂತೆ ಚೇತನ್​!; ಐಶ್ವರ್ಯಾ ಅವರಿಂದ ಹೊಸ ಆರೋಪ,entertainment
ಆ್ಯಪಲ್ ಹೊಸ ಇತಿಹಾಸ – ಒಂದು ಟ್ರಿಲಿಯನ್ ಡಾಲರ್ ಮುಟ್ಟಿದ ವಿಶ್ವದ ಮೊದಲ ಕಂಪನಿ,tech
ಸಿನಿಮಾ ಆಗಲಿದೆ ಪೈಲಟ್ ಅಭಿನಂದನ್​ ಕತೆ; ಟೈಟಲ್​ ಹುಡುಕಾಟದಲ್ಲಿ ಬ್ಯುಸಿಯಾದ ಬಾಲಿವುಡ್​ ನಿರ್ಮಾಪಕರು,entertainment
ಸಲ್ಮಾನ್​ ಇನ್ನೂ ಮದುವೆ ಆಗದಿರಲು ಶಾರುಖ್ ಖಾನ್​ ಕಾರಣವಂತೆ..!,entertainment
