{
    "cloze_data": [
        {
            "question": "நவீன மருத்துவம் கைவிட்ட நிலையில், கமார்-தாஜ் எனும் இடத்தைத் தேடி <MASK> உள்ள காட்மாண்டுக்குப் பயணிக்கிறார். அங்கு என்பவரை சந்திக்கிறான் முதலில் மந்திரங்களை நம்பாத அவன் கால போக்கில் அதை உணர்ந்தான். ஒரு கட்டத்தில் இவனின் விடா முயற்சியால் ஒரு மந்திரகளில் ஓரளவு தேர்ச்சி பெற்றான். அதே தருணம் காலமும் மரணமும் மனித இனத்தின் மீதான அவமானம் எனக் கருதுகிறான் கெசிலீயஸ். இவனும் மந்திரங்களை சரியான முறையில் பயிற்றவன். அந்த அவமானத்தைக் களைய வேறொரு பரிமாணத்தில் இருக்கும் டொர்மாமுவைப் பூமிக்கு அழைக்கிறான். அண்டத்தைக் கைப்பற்றும் இச்சையுடைய டொர்மாமுவிடமிருந்து பூமியை டாக்டர் ஸ்ட்ரேஞ்ச் சூப்பர் ஹீரோவாக உருமாறி எப்படிக் காப்பாற்றுகிறார் என்பது தான் கதை.",
            "answer": "நேபாளத்தில்",
            "category": "ORG",
            "title": "டாக்டர் ஸ்ட்ரேஞ்ச்",
            "options": [
                "நேபாளத்தில்",
                "காட்மாண்டு",
                "இந்தியா",
                "அமெரிக்க"
            ]
        },
        {
            "question": "பிரதீப் குமார் தேவ் (Pradeep Kumar Dave) என்பவர்  ஓர் <MASK> எலும்பியல் அறுவை சிகிச்சை நிபுணராவார். பி.கு.தேவ் என்ற பெயராலும் இவர் நன்கு அறியப்படுகிறார்.  புது தில்லியில் அமைந்துள்ள ராக்லேண்டு மருத்துவமனைக்கு தலைவராகவும் இருந்தார்.  அனைத்திந்திய மருத்துவ அறிவியல் கழகம் தில்லியில் இளநிலை மருத்துவ பட்டம் பெற்றார். மேலும் இக் கல்லூரில் ஆசிரிய உறுப்பினராக சேர்ந்து 2003 ஆம் ஆண்டில் இயக்குநராக பணியிலிருந்து ஓய்வுபெற்றார். பின்னர் பிரதீப் ராக்லேண்டு மருத்துவமனையில் எலும்பியல் துறையின் தலைவராக சேர்ந்து தற்போது  மருத்துவமனை  ஆலோசனைக் குழுவின்  தலைவராக உள்ளார்.",
            "answer": "இந்திய",
            "category": "ORG",
            "title": "பிரதீப் குமார் தேவ்",
            "out_of_context_options": [
                "ஷியா"
            ],
            "options": [
                "பத்மசிறீ",
                "இசுக்கொட்லாந்து",
                "இந்திய",
                "ஷியா"
            ]
        },
        {
            "question": "இந்திய மக்கள் தொகை கணக்கெடுப்பு 2001 ஆம் ஆண்டின் படி இந்த நகரில் 30,444 மக்கள் இங்கு வசிக்கின்றார்கள். இவர்களில் 14,840 ஆண்களும், 15,604 பெண்களும் ஆவார்கள். குந்தாபுரா நகர மக்களின் சராசரி எழுத்தறிவு 92% ஆகும்,  இதில் ஆண்களின் கல்வியறிவு 94%,  பெண்களின் கல்வியறிவு 88% ஆகும். இது <MASK> தேசிய சராசரி கல்வியறிவான 59.5% விடக் கூடியதே. குந்தாபுரா நகர மக்கள் தொகையில் ஆறு வயதுக்குட்பட்டோர் 2,614 பேர் ஆவார்கள்.",
            "answer": "இந்திய",
            "category": "ORG",
            "title": "குந்தாபுரா (கர்நாடகம்)",
            "options": [
                "கேரளா",
                "இந்திய",
                "மாநிலங்களின்",
                "இந்தியா"
            ]
        },
        {
            "question": "பேர்கனில் இயங்கிவரும் ISB என்றழைக்கப்படும் International School of Bergen, ஆரம்ப, கீழ் உயர்நிலைக்கல்வி இணைந்த, ஆங்கிலவழிக்கல்வியை வழங்கும் ஒரு பாடசாலையாகும். இது 1972 ஆம் ஆண்டில் நிர்மாணிக்கப்பட்டது. இங்கே கிட்டத்தட்ட 30 நாடுகளைச் சேர்ந்த 200 மாணவர்கள் கல்வி கற்று வருகின்றனர். இங்குள்ள ஆசிரியர்கள் <MASK>, அமெரிக்கா, இந்தியா, பிரான்சு, நோர்வே நாட்டைச் சேர்ந்தவர்கள். அனைத்துலக மாணவர்களின் தேவைகளைப் பூர்த்தி செய்யும் வகையில் இந்தப் பாடசாலையின் பாடத்திட்டம் வரைவு செய்யப்பட்டுள்ளது.",
            "answer": "பிரித்தானியா",
            "category": "ORG",
            "title": "பேர்கன் நகரத்தில் கல்வி",
            "options": [
                "நோர்வே",
                "இந்தியா",
                "பிரான்சு",
                "பிரித்தானியா"
            ]
        },
        {
            "question": "சின்ன வீடு (chinna veedu) 1985 ஆம் ஆண்டு <MASK> கதை, திரைக்கதை,வசனம் எழுதி, இயக்கி, கதாநாயகனாக நடித்து வெளிவந்த தமிழ்த் திரைப்படம். வணிகரீதியில்  வெற்றி பெற்ற திரைப்படம். நடிகை கல்பனா தமிழில் அறிமுகமான முதல் திரைப்படம். இவர் 1983 ஆம் ஆண்டு பாக்யராஜ் இயக்கத்தில் வெளியான முந்தானை முடிச்சு திரைப்படத்தில் கதாநாயகியாக அறிமுகமான ஊர்வசியின் சகோதரி ஆவார்.",
            "answer": "பாக்யராஜ்",
            "category": "PER",
            "title": "சின்ன வீடு",
            "options": [
                "விஜய்",
                "ஜெய்கணேஷ்",
                "இளையராஜா",
                "பாக்யராஜ்"
            ]
        },
        {
            "question": "எரி கம்பிளிப்பூச்சிகள் கேசரு உள்ளிட்ட பல தாவரங்களை உண்ணுகின்றன. இவை தாய்லாந்தின் 28 மாகாணங்களில் வளர்கின்றன. இந்தியாவின் <MASK>, மேகாலயா, நாகலாந்து, மணிப்பூா், அருணாச்சலப் பிரதேசம் மற்றும் பிற மாநிலங்களில் உள்ள சில சிறு நகரங்களிலும் வளா்க்கப்படுகின்றன. இப்பகுதியின் கனமான மழை மற்றும் ஈரப்பதமான வளிமண்டலம் எரி பட்டு வளா்வதற்கு பொருத்தமாக உள்ளது. பெரும்பாலும் மல்பெரி பட்டை விட எரி பட்டு மென்மையாகவும் பளப்பளப்பாகவும் இருக்கும். 30 முதல் 32 நாட்கள், கழித்து பட்டுப்புழு அதன் இலைகளுக்கிடையில் வசதியான இடத்தை தேடுகிறது.  தாய்லாந்து எரிப்பட்டுப்புழுக்களுக்கு மரவள்ளிக் கிழங்கு இலைகளும், ஆமணக்கு இலைகளும் உணவாக அளிக்கப்படுகிறன.",
            "answer": "அசாம்",
            "category": "ORG",
            "title": "எரி பட்டு",
            "options": [
                "அசாம்",
                "மேகாலயா",
                "சீனா",
                "நாகலாந்து"
            ]
        },
        {
            "question": "பல்வேறு மாநிலங்களில் வாழுகின்ற தோபிகள், பல வேறுபட்ட இன தோற்றங்களைக் கொண்டவர்களாக இருக்கக்கூடும்: அவர்களின் மூதாதையர்கள் துணி துவைக்கும் தொழிலை செய்து வந்தனர், காலப்போக்கில் வட இந்தியாவில் அகமணம் விதிகளால் பிணைக்கப்பட்ட ஒரு தனித்துவமான சாதியாக மாறினர். பெரும்பாலான தோபிகள் தாங்கள் வாழும் மாநிலங்களின் பழக்கவழக்கங்களையும், மரபுகளையும் பின்பற்றுகிறார்கள். உதாரணமாக வட இந்தியாவில் உள்ளவர்கள் இந்தி பேசுகிறார்கள், <MASK> உள்ளவர்கள் மராத்தி பேசுகிறார்கள்.  தோபி பட்டியல் சாதியினரிடையே தங்களை மிக உயர்ந்தவர்களாக கருதுகின்றனர் (முன்னர் தீண்டத்தகாதவர்கள் என்று அழைக்கப்பட்டனர்).",
            "answer": "மகாராட்டிராவில்",
            "category": "ORG",
            "title": "தோபி",
            "options": [
                "சீமக்கா",
                "மகாராட்டிராவில்",
                "பீகாரில்",
                "அரியானா"
            ]
        },
        {
            "question": "உயிரினங்களின் வாழ்க்கைக்கு ஆதாரமாக இருக்கும் ஒரே கிரகம் பூமி மட்டுமேயாகும்.  , இதன் இயற்கை அம்சங்கள் அறிவியல் ஆராய்ச்சியின் பல துறைகளுக்கு வித்திடுகின்றன.  <MASK> மண்டலத்தில் உள்ள கோள்களில் இது சூரியனிலிருந்து மூன்றாவது நெருக்கமான ஒன்றாகவும், பாறைகள் நிரம்பிய நிலப்பகுதியைக் கொண்ட இப்பெரிய உட்கிரகம் ஒட்டுமொத்த அளவில் ஐந்தாவது பெரிய கிரகமாகவும் உள்ளது. இரண்டு பெரிய துருவப் பிரதேசங்கள், ஒப்பீட்டளவில் இரண்டு குறுகிய மிதவெப்ப மண்டலங்கள், அயன மண்டலம் முதல் நில நடுக்கோட்டு வெப்ப மண்டலம் வரை பரந்த காலநிலைகளைப் பெற்றிருப்பது புவியின் முக்கியமான சிறப்பு அம்சங்களாகும். அமைந்திருக்கும் இடவமைப்பைப்  பொறுத்து மழைப்பொழிவு ஒரு மில்லிமீட்டருக்கு கீழிலிருந்து பல மீட்டர்கள் வரை பரவலாக வேறுபடுகிறது. 71 சதவீத பூமியின் மேற்பரப்பு உப்பு நீர் நிரம்பிய கடல்களாகவும், எஞ்சிய பகுதி வட கோளத்தில்  வசிப்பதற்கு ஏற்ற நிலப்பகுதிகளான  கண்டங்கள், தீவுகள் முதலியவற்றையும் கொண்டுள்ளது.",
            "answer": "சூரிய",
            "category": "LOC",
            "title": "இயற்கை",
            "options": [
                "சூரிய",
                "நாள்மீன்பேரடை",
                "கோளின்",
                "தீவு"
            ]
        },
        {
            "question": "இச்சமூகத்தின் குடியேற்றம் மேலும் பல நூறு ஆண்டுகளாக தெற்கு நோக்கி தொடர்ந்து இந்தியாவின் மற்ற பகுதிகளில், குறிப்பாக <MASK>, மத்தியப்பிரதேசம், கர்நாடகம், ஆந்திரப் பிரதேசம் மற்றும் தமிழ்நாட்டிலும் குடிபெயர்ந்தனர். இத்தகைய இடம் பெயர்வு பொருளாதார காரணங்களுக்காக இருந்திருக்கலாம். குசராத்திற்கு வெளியே மகாராட்டிர மாநிலமே பாவ்சார்களின் நீண்ட கால வாழிடமாக தோன்றுகிறது.",
            "answer": "மகாராட்டிரம்",
            "category": "ORG",
            "title": "பாவ்சார் சத்திரியர்",
            "options": [
                "பெங்களூர்",
                "மகாராட்டிரம்",
                "இந்தியா",
                "மைசூர்"
            ]
        },
        {
            "question": "1311 இன் துவக்கத்தில், மாலிக் கஃபூர் ஒரு பெரிய இராணுவத்துடன் தக்காணத்தை அடைந்தார். பிப்ரவரியில், அவர் 10,000 வீரர்களுடன் <MASK> தலைநகரான துவாரசாமுத்திரத்தை முற்றுகையிட்டார், மேலும் போசள மன்னர் வல்லாளரை தில்லி சுல்தானகத்தின் மேலாட்சியை ஏற்கும்படி கட்டாயப்படுத்தினார். அவர் 12 நாட்கள் துவாரசாமுத்ரத்தில் தங்கியிருந்தார், மீதமுள்ள இராணுவமும் துவாரசமுத்ரத்துக்கு வரும் வரை காத்திருந்தார். ",
            "answer": "போசளர்களின்",
            "category": "ORG",
            "title": "பாண்டிய நாட்டின் மீது மாலிக் கபூரின் படையெடுப்பு",
            "options": [
                "போசள",
                "காக்கத்தியர்",
                "போசளர்களின்",
                "துக்ளக்"
            ]
        },
        {
            "question": "ஐரோவாசியச் சிவிங்கிப் பூனை (ஆங்கிலப் பெயர்: Eurasian lynx, உயிரியல் பெயர்: Lynx lynx) என்பது மிதமான அளவுள்ள ஒரு காட்டுப் பூனை ஆகும். இது <MASK>, நடு மற்றும் கிழக்கு ஐரோப்பா முதல் நடு ஆசியா, சைபீரியா, திபெத்திய பீடபூமி மற்றும் இமயமலைகள் வரை காணப்படுகிறது. இவை மித வெப்பமண்டல காடுகள் மற்றும் ஊசியிலைக் காடுகளில் கடல் மட்டத்திலிருந்து சுமார் 5500 மீட்டர் உயரம் வரை காணப்படுகின்றன. இவை பரவலாகக் காணப்படுவதால் 2008 ஆம் ஆண்டிலிருந்து செம்பட்டியலில் தீவாய்ப்பு கவலை குறைந்த இனம் என பட்டியலிடப்பட்டுள்ளது. வாழிட அழிப்பு, வாழிட சுருங்கல் சட்டவிரோதமான வேட்டையாடல் மற்றும் உணவு விலங்குகளின் எண்ணிக்கை குறைவு ஆகியவற்றால் சிவிங்கி பூனைகள் அச்சுறுத்தலுக்கு உள்ளாகியுள்ளன. ஐரோவாசிய சிவிங்கி பூனையின் மொத்த எண்ணிக்கையானது அதிகபட்சமாக 10,000 என கணக்கிடப்பட்டுள்ளது. மேலும் இவற்றின் எண்ணிக்கை நிலையானதாக உள்ளது என கருதப்படுகிறது. இது மிகவும் சக்திவாய்ந்த கொன்றுண்ணி ஆகும்.",
            "answer": "வடக்கு",
            "category": "LOC",
            "title": "ஐரோவாசியச் சிவிங்கிப் பூனை",
            "options": [
                "நடு",
                "சைபீரியா",
                "வடக்கு",
                "இமயமலை"
            ]
        },
        {
            "question": "இந்தியாவின் <MASK>யில் இருந்து நாடு பெயர்ந்து கனடாவில் வாழ்கிறார் பை பட்டேல். அவரிடத்தில் ஒரு புதின ஆசிரியர் செல்கிறார். தமது குடும்ப நண்பர் ஒருவர் கொடுத்த தகவல் அடிப்படையில் தாம் பை பட்டேலை அணுகியதாகவும், பை பட்டேல் தமது வரலாற்றை எடுத்துக் கூறினால் அதை ஒரு சுவையான புதினமாக எடுத்து எழுதலாம் என்றும் கூறுகிறார். அப்போது பை பட்டேல் தனது கதையைப் பின்வருமாறு கூறுகிறார்:",
            "answer": "பாண்டிச்சேரி",
            "category": "ORG",
            "title": "பையின் வரலாறு (திரைப்படம்)",
            "options": [
                "மருத்துவமனையில்",
                "தாய்வானில்",
                "பாண்டிச்சேரி",
                "மெக்சிக்கோ"
            ]
        },
        {
            "question": "<MASK> இராஜகோபாலசாமி எந்தக் கோலத்தில் அருள் பாலித்து வருகிறாரோ அதே நின்ற கோலத்தில் ருக்மணி-சத்யபாமா சமேதராக இராஜகோபால ஸ்வாமி கையில் மூன்று வளைவு கொண்ட சாட்டை கயிற்றுடன் கூடிய பொற்கோலை ஏந்தியும் இடக்கையை சத்தியபாமாவின் தோள் மீது வைத்தும் அழகுடன் காட்சி தருகிறார். மூலவரின் அமைப்பைப் போன்றே உற்சவ மூர்த்தியும் அமைந்துள்ளது. இராஜகோபால ஸ்வாமிக்கு வலப்புறம் செங்கமலவல்லி தாயார் தனி சன்னிதி கொண்டு அருள்கிறார். ஸ்வாமி சன்னிதிக்கு இடப்புறம் சங்கு சக்கரத்துடன் நான்கு கரங்களுடன் ஸ்ரீநிவாசப்பெருமாள் தனி சன்னிதி கொண்டுள்ளார். கருடாழ்வார் மற்றும் ஆஞ்சனேயர் தனி சன்னிதி கொண்டு அருள்கிறார்கள். இங்குள்ள ஸ்ரீசந்தானகிருஷ்ணர் விக்கிரகத்தை மடியில் வைத்து பிரார்த்தித்து குழந்தைப் பேறு பெறுகின்றனர்.",
            "answer": "மன்னார்குடி",
            "category": "LOC",
            "title": "கும்பகோணம் ராஜகோபாலசுவாமி கோயில்",
            "options": [
                "மன்னார்குடி",
                "வராகப்பெருமாள்",
                "கும்பகோணத்தில்",
                "சக்கரபாணி"
            ]
        },
        {
            "question": "மாட்டுவேலம்பட்டி ஊராட்சி (Mattuvelampatti Gram Panchayat), தமிழ்நாட்டின் நாமக்கல் மாவட்டத்தில் உள்ள <MASK> வட்டாரத்தில் அமைந்துள்ளது. இந்த ஊராட்சி, ராசிபுரம் சட்டமன்றத் தொகுதிக்கும் நாமக்கல் மக்களவைத் தொகுதிக்கும் உட்பட்டதாகும். இந்த ஊராட்சி, மொத்தம் 7 ஊராட்சி மன்றத் தொகுதிகளைக் கொண்டுள்ளது. இவற்றில் இருந்து 7 ஊராட்சி மன்ற உறுப்பினர்களைத் தேர்ந்தெடுக்கின்றனர்.   2011ஆம் ஆண்டு இந்திய மக்கள் தொகை கணக்கெடுப்பின்படி, மொத்த மக்கள் தொகை 629 ஆகும். இவர்களில் பெண்கள் 310 பேரும் ஆண்கள் 319  பேரும் உள்ளனர்.",
            "answer": "வெண்ணந்தூர்",
            "category": "LOC",
            "title": "மாட்டுவேலம்பட்டி ஊராட்சி",
            "out_of_context_options": [
                "பவளத்தீவாக"
            ],
            "options": [
                "வெண்ணந்தூர்",
                "ராசிபுரம்",
                "நாமக்கல்",
                "பவளத்தீவாக"
            ]
        },
        {
            "question": "தம்புசாமி பிள்ளை 1850-இல் சிங்கப்பூரில் பிறந்தார். அவருடைய பெற்றோர் <MASK>, தமிழ்நாட்டில் இருந்து சிங்கப்பூருக்கு குடியேறியவர்கள். தன்னுடைய கல்வியை சிங்கப்பூரில் உள்ள ராபிள்ஸ் கல்லூரியில் பெற்றார். படிப்பை முடித்துக் கொண்டு ஜேம்ஸ் கத்தரி டேவிட்சன் எனும் வழக்குரைஞர் நிறுவனத்தில் மொழிபெயர்ப்பாளராகச் சேர்ந்தார். படிப்படியாக துணை வழக்குரைஞர் ஆனார். டேவிட்சனின் நம்பிக்கைக்கும் பாத்திரமானார்.",
            "answer": "இந்தியா",
            "category": "ORG",
            "title": "தம்புசாமி பிள்ளை",
            "options": [
                "சிலாங்கூர்",
                "சிங்கப்பூரில்",
                "இந்தியா",
                "தமிழ்நாட்டில்"
            ]
        },
        {
            "question": "1990 களின் பிற்பகுதியில், இவர் தனது ஆசிரியர் ரவி கோபாலன் நாயரை மணந்தார். கடந்த 15 ஆண்டுகளாக திருவனந்தபுரத்தில் வசித்து வருகிறார். திருவனந்தபுரம் அருகே <MASK> \"ஏக்தாரா பாவுல் சங்கீதா கலரி\" என்ற பாவுல் இசை குருகுலத்தை (பள்ளி) நடத்தி வருகிறார்.  ஆயினும்கூட, வங்காளத்தின் பாரம்பரிய பாவுல் பாடகர்களைப் போலவே, கேரளத்தின் தொலைதூர கிராமங்களிலும்,  இவரது சொந்த பூமியான வங்காளத்திலும் இவர் தொடர்ந்து நிகழ்ச்சிகளை நடத்துகிறார்.   ஆண்டுக்கு ஒருமுறை, இவர் சர்வதேச பள்ளியான தியேட்டர் ஆந்த்ரோபாலஜி (ஐ.எஸ்.டி.ஏ) இல் பாவுல் இசையை கற்பிப்பதற்காக பயணம் செய்கிறார்.  2005 ஆம் ஆண்டில், இவர் பாவுல் மரபுக்குள் பயணித்தது குறித்து  சாங்ஸ் ஆஃப் தி கிரேட் சோல் என்ற புத்தகத்தை வெளியிட்டார், இது ஒரு படித்த பெண் மரபுக்குள் நுழைவதைப் பற்றிய ஒரு அரிய பார்வையை வழங்குகிறது.",
            "answer": "நெடுமங்காட்டில்",
            "category": "LOC",
            "title": "பார்வதி பாவுல்",
            "out_of_context_options": [
                "காளத்தி"
            ],
            "options": [
                "காளத்தி",
                "திருவனந்தபுரத்தில்",
                "சாந்திநிகேதன்",
                "நெடுமங்காட்டில்"
            ]
        },
        {
            "question": "கசாட் <MASK>வில் உள்ள அல்லேக்தேனி நகரில் பிறந்தார். அது இப்பொழுது பிட்ச்புர்க் என்ற இடத்தின் ஒரு பகுதியாக உள்ளது. அவருக்கு பிடித்தமான சூழ்நிலையிலேயே வளர்ந்தார். அவருடைய தந்தை ராபர்ட் சிம்ப்சன் பங்குச்சந்தை தரகராகவும், நில வணிகராக இருந்தார், அவருடைய தாய் கதேரினே கேள்சோ சோதனசடன், வங்கி குடும்பத்தில் இருந்து வந்தவர். அவர்களின் முன்னோர்களின் பெயர் கோச்சர்ட் ஆகும. கசாட் கலை நிபுணர் ராபர்ட் ஹென்றியின்  தூரத்து உறவினராவர. கசாட் ஏழு குழந்தைகளில் ஒருவராக பிறந்தவர், அதில் இருவர் குழந்தை பருவத்திலேயே இறந்துவிட்டனர்.அவர் குடும்பம் கிழக்கு நோக்கி முதலில் லநோஅச்டேர், பென்ன்ச்ய்ல்வனியா,என்ற இடத்திலும் பிறகு ப்திலதேல்ப்தியா என்ற பகுதியில் குடிபெயர்ந்தனர் .அங்கு தான் அவர் தன் ஆறாம் வயதில் பள்ளிபடிப்பை தொடங்கினார் .",
            "answer": "பென்சில்வேனியா",
            "category": "ORG",
            "title": "மேரி கசாட்",
            "options": [
                "பிட்ச்புர்க்",
                "பென்சில்வேனியா",
                "இத்தாலி",
                "மாட்ரிட்"
            ]
        },
        {
            "question": "2013 சூன் 23 ஆம் நாள் எட்வர்ட் சினோடன் ஆங்காங்கில் இருந்து விமானம் மூலம் மாஸ்கோ வந்து சேர்ந்தார். ஆனாலும், இவரிடம் முறையான நுழைவாணை ஏதும் இல்லாததால் இவர் விமான நிலையத்திலேயே தங்க வைக்கப்பட்டார். இவரது அரசியல் தஞ்சக் கோரிக்கைகளைப் பல உலக நாடுகள் நிராகரித்து விட்டன. இறுதியில் 2013  ஆகத்து 1 இல் <MASK> இவருக்கு ஓராண்டு காலம் தங்குவதற்கு தற்காலிக வதிவிட உரிமையை வழங்கியுள்ளது.",
            "answer": "உருசியா",
            "category": "ORG",
            "title": "எட்வேர்ட் சுனோவ்டன்",
            "options": [
                "மைக்ரோசாப்ட்",
                "அமெரிக்க",
                "உருசியா",
                "கூகுள்"
            ]
        },
        {
            "question": "இந்தக் கொரில்லா போராளிக் குழு மலாயா முழுவதும் பரவியிருந்தது. பேராக் மாநிலத்தில் மட்டும் தஞ்சோங் மாலிம், சிலிம் ரிவர், சுங்கை சிப்புட், சிம்மோர், தஞ்சோங் ரம்புத்தான், <MASK>, கம்பார் நகரம் போன்ற இடங்களில் தீவிரமாகச் செயல்பட்டு வந்தது. பிரித்தானியர்கள் வழங்கிய ஆயுதங்களைப் பயன்படுத்திய இந்த மலாயா மக்களின் ஜப்பானிய எதிர்ப்பு இராணுவம் பின்னாளில் மலாயா கம்னியூஸ்டு கட்சி என்று கொள்கை மாற்றம் அடைந்தது.",
            "answer": "தம்பூன்",
            "category": "LOC",
            "title": "தஞ்சோங் மாலிம்",
            "out_of_context_options": [
                "அரபுரா"
            ],
            "options": [
                "அரபுரா",
                "ஈப்போ",
                "தம்பூன்",
                "கிள்ளான்"
            ]
        },
        {
            "question": "<MASK>யைத் தலைநகராகக் கொண்ட பாண்டிய நாட்டின் மன்னன் வீரபாண்டியன் தனது ஊழ்வினைகளால் இரண்டு கண்களின் பார்வையை இழந்தான். தனக்கு கண் பார்வை வேண்டி பல கோயில்களுக்குச் சென்றான். ஒரு நாள் அவனது கனவில் தோன்றிய இறைவன் இந்த கண்ணீசுவரமுடையார் கோயிலுக்குச் சென்று வழிபட்டால் கண் பார்வை கிடைக்கும் என்று சொன்னார். அதன்படி அந்த மன்னனும் இந்தப் பகுதிக்கு வந்து கௌமாரியை வணங்கி ஒரு கண்ணின் பார்வையும், கண்ணீசுவரமுடையாரை வணங்கி மற்றொரு கண்ணின் பார்வையையும் பெற்றான். அதன் பின்பு கண்ணீசுவரமுடையாருக்கு கற்கோயில் அமைத்து வழிபாடு செய்தான்.",
            "answer": "மதுரை",
            "category": "LOC",
            "title": "வீரபாண்டி கண்ணீசுவரமுடையார் கோயில்",
            "options": [
                "சின்னமனூர்",
                "தேனி",
                "மதுரை",
                "கம்பம்"
            ]
        }
    ]
}