{"0": {"simple": {"id": 702227, "title": "Lata Mondal", "url": "https://simple.wikipedia.org/wiki?curid=702227", "content": {"simple-702227-0-0": "Lata Mondal (born: 16 January 1993) is a Bangladeshi cricketer who plays for the Bangladesh national women's cricket team.", "simple-702227-0-1": "She is a right handed bat."}}, "normal": {"id": 41918715, "title": "Lata Mondal", "url": "https://en.wikipedia.org/wiki?curid=41918715", "content": {"normal-41918715-0-0": "Lata Mondal ( ; born: 16 January 1993, Dhaka) is a Bangladeshi cricketer who plays for the Bangladesh national women's cricket team.", "normal-41918715-0-1": "She is a right handed batter.", "normal-41918715-1-0": "Mondal was born on January 16, 1993 in Dhaka, Bangladesh.", "normal-41918715-2-0": "Mondal made her ODI career against the Ireland women's cricket team on November 26, 2011.", "normal-41918715-3-0": "Mondal made her T20I career against the Ireland women's cricket team on August 28, 2012.", "normal-41918715-3-1": "In October 2018, she was named in Bangladesh's squad for the 2018 ICC Women's World Twenty20 tournament in the West Indies.", "normal-41918715-4-0": "Mondal was a member of the team that won a silver medal in cricket against the China national women's cricket team at the 2010 Asian Games in Guangzhou, China."}}, "sentence_alignment": [["simple-702227-0-0", "normal-41918715-0-0"], ["simple-702227-0-1", "normal-41918715-0-1"]], "paragraph_alignment": [["simple-702227-0", "normal-41918715-0"]]}}