index	original	translation	scores	mean	z_scores	z_mean	model_scores
0	The last conquistador then rides on with his sword drawn.	最后的征服者骑着他的剑继续前进.	[34, 38, 42]	38.0	[-1.6082034156434533, -1.7847572356764654, -1.1493974315381452]	-1.514119360952688	-0.6990631818771362
1	He shoves Owen into the pit where Digger rips out his son's heart.	他把欧文扔进了挖掘机挖出儿子心脏的坑里.	[51, 49, 50, 70, 60, 50]	55.0	[-0.9117078937258674, -1.6671266171635248, -0.6464868266138578, 0.15937592163328054, 0.14944823277894595, -0.6886702766213634]	-0.6008612432853978	-0.6273436546325684
2	Alpha Phi Alpha also participates in the March of Dimes' WalkAmerica and raised over $181,000 in 2006.	Alpha Phi Alpha 还参加了 Dimes 'WalkAmerica 的 3 月活动 ， 并在 2006 年筹集了 181 000 美元。	[67, 95, 71, 65, 45, 50]	65.5	[-0.14077147789135155, 0.891823783328571, 0.43515646381259004, -0.04732479706499497, -0.61134832637918, -0.6886702766213634]	-0.02685577180262148	-0.3339879810810089
3	In 1995, Deftones released their debut album Adrenaline.	1995 年 ， Deftones 发行了首张专辑《肾上腺素》。	[83, 89, 92]	88.0	[0.6605739498965285, 1.1664094557428424, 1.3481260780005488]	1.0583698278799731	-0.32621049880981445
4	Kyrgios also supports the North Melbourne Kangaroos Football Club in the Australian Football League.	基尔吉奥斯还在澳大利亚足球联盟中支持北墨尔本袋鼠足球俱乐部.	[94, 81, 76]	83.66666666666667	[1.92791735961526, 0.5518925638710621, 0.459654826235891]	0.9798215832407376	-0.6139927506446838
