document_id,set,kind,story_url,story_file_size,wiki_url,wiki_title,story_word_count,story_start,story_end
0025577043f5090cd603c6aea60f26e236195594,test,movie,http://www.awesomefilm.com/script/pumpupthevolume.html,54078,http://en.wikipedia.org/wiki/Pump_Up_the_Volume_(film),Pump Up the Volume (film),11499,Happy Harry Hardon,by Martin Eaves
0029bdbe75423337b551e42bb31f9a102785376f,train,gutenberg,http://www.gutenberg.org/ebooks/21572.txt.utf-8,814507,http://en.wikipedia.org/wiki/Percival_Keene,Percival Keene,173334,Produced by Nick,new eBooks .
00936497f5884881f1df23f4834f6739552cee8b,train,gutenberg,http://www.gutenberg.org/ebooks/3526.txt.utf-8,566874,http://en.wikipedia.org/wiki/Five_Weeks_in_a_Balloon,Five Weeks in a Balloon,112898,Produced by Judy,new eBooks .
00950a3641e6a28b04a6fabf6334140e2deaa9fd,valid,gutenberg,http://www.gutenberg.org/ebooks/42188.txt.utf-8,90192,http://en.wikipedia.org/wiki/Shadows_in_the_Moonlight_(story),Shadows in the Moonlight (story),17670,Produced by Greg,new eBooks .
