document_id,set,question,answer1,answer2,question_tokenized,answer1_tokenized,answer2_tokenized
0025577043f5090cd603c6aea60f26e236195594,test,Who is Mark Hunter?,He is a high school student in Phoenix.,A loner and outsider student with a radio station.,Who is Mark Hunter ?,He is a high school student in Phoenix .,A loner and outsider student with a radio station .
0025577043f5090cd603c6aea60f26e236195594,train,Where does this radio station take place?,It takes place in Mark's parents basement. ,"Phoenix, Arizona",Where does this radio station take place ?,It takes place in Mark s parents basement .,"Phoenix , Arizona"
0025577043f5090cd603c6aea60f26e236195594,valid,Why do more students tune into Mark's show?,Mark talks about what goes on at school and in the community.,Because he has a thing to say about what is happening at his school and the community.,Why do more students tune into Mark s show ?,Mark talks about what goes on at school and in the community .,Because he has a thing to say about what is happening at his school and the community .
0025577043f5090cd603c6aea60f26e236195594,test,Who commits suicide?,Malcolm.,Malcolm.,Who commits suicide ?,Malcolm .,Malcolm .
