[{"id": "13818513", "summary": "Amanda baked cookies and will bring Jerry some tomorrow.", "dialogue": "Amanda: I baked  cookies. Do you want some?\r\nJerry: Sure!\r\nAmanda: I'll bring you tomorrow :-)"}, {"id": "13728867", "summary": "Olivia and Olivier are voting for liberals in this election. ", "dialogue": "Olivia: Who are you voting for in this election? \r\nOliver: Liberals as always.\r\nOlivia: Me too!!\r\nOliver: Great"}, {"id": "13681000", "summary": "Kim may try the pomodoro technique recommended by Tim to get more stuff done.", "dialogue": "Tim: Hi, what's up?\r\nKim: Bad mood tbh, I was going to do lots of stuff but ended up procrastinating\r\nTim: What did you plan on doing?\r\nKim: Oh you know, uni stuff and unfucking my room\r\nKim: Maybe tomorrow I'll move my ass and do everything\r\nKim: We were going to defrost a fridge so instead of shopping I'll eat some defrosted veggies\r\nTim: For doing stuff I recommend Pomodoro technique where u use breaks for doing chores\r\nTim: It really helps\r\nKim: thanks, maybe I'll do that\r\nTim: I also like using post-its in kaban style"}, {"id": "13730747", "summary": "Edward thinks he is in love with Bella. Rachel wants Edward to open his door. Rachel is outside. ", "dialogue": "Edward: Rachel, I think I'm in ove with Bella..\r\nrachel: Dont say anything else..\r\nEdward: What do you mean??\r\nrachel: Open your fu**ing door.. I'm outside"}, {"id": "13728094", "summary": "Sam is confused, because he overheard Rick complaining about him as a roommate. Naomi thinks Sam should talk to Rick. Sam is not sure what to do.", "dialogue": "Sam: hey  overheard rick say something\r\nSam: i don't know what to do :-/\r\nNaomi: what did he say??\r\nSam: he was talking on the phone with someone\r\nSam: i don't know who\r\nSam: and he was telling them that he wasn't very happy here\r\nNaomi: damn!!!\r\nSam: he was saying he doesn't like being my roommate\r\nNaomi: wow, how do you feel about it?\r\nSam: i thought i was a good rommate\r\nSam: and that we have a nice place\r\nNaomi: that's true man!!!\r\nNaomi: i used to love living with you before i moved in with me boyfriend\r\nNaomi: i don't know why he's saying that\r\nSam: what should i do???\r\nNaomi: honestly if it's bothering you that much you should talk to him\r\nNaomi: see what's going on\r\nSam: i don't want to get in any kind of confrontation though\r\nSam: maybe i'll just let it go\r\nSam: and see how it goes in the future\r\nNaomi: it's your choice sam\r\nNaomi: if i were you i would just talk to him and clear the air"}]