<benchmark>
  <entries>
    <entry category="MeanOfTransportation" eid="Id1" shape="(X (X) (X) (X) (X))" shape_type="sibling" size="4">
      <originaltripleset>
        <otriple>1955_Dodge | engine | 1955_Dodge__5</otriple>
        <otriple>1955_Dodge | manufacturer | Dodge</otriple>
        <otriple>1955_Dodge | wheelbase | "3.048"^^xsd:double</otriple>
        <otriple>1955_Dodge | bodyStyle | Hardtop</otriple>
      </originaltripleset>
      <originaltripleset>
        <otriple>1955_Dodge | engine | 1955_Dodge__5</otriple>
        <otriple>1955_Dodge | wheelbase | "120.0"^^&lt;http://dbpedia.org/datatype/inch&gt;</otriple>
        <otriple>1955_Dodge | manufacturer | "Dodge"@en</otriple>
        <otriple>1955_Dodge | bodyStyle | Hardtop</otriple>
      </originaltripleset>
      <originaltripleset>
        <otriple>1955_Dodge | engine | 1955_Dodge__5</otriple>
        <otriple>1955_Dodge | manufacturer | Dodge</otriple>
        <otriple>1955_Dodge | wheelbase | "120.0"^^&lt;http://dbpedia.org/datatype/inch&gt;</otriple>
        <otriple>1955_Dodge | bodyStyle | Hardtop</otriple>
      </originaltripleset>
      <originaltripleset>
        <otriple>1955_Dodge | engine | 1955_Dodge__3</otriple>
        <otriple>1955_Dodge | wheelbase | "120.0"^^&lt;http://dbpedia.org/datatype/inch&gt;</otriple>
        <otriple>1955_Dodge | manufacturer | "Dodge"@en</otriple>
        <otriple>1955_Dodge | bodyStyle | Hardtop</otriple>
      </originaltripleset>
      <originaltripleset>
        <otriple>1955_Dodge | engine | 1955_Dodge__4</otriple>
        <otriple>1955_Dodge | manufacturer | Dodge</otriple>
        <otriple>1955_Dodge | wheelbase | "3.048"^^xsd:double</otriple>
        <otriple>1955_Dodge | bodyStyle | Hardtop</otriple>
      </originaltripleset>
      <originaltripleset>
        <otriple>1955_Dodge | engine | 1955_Dodge__2</otriple>
        <otriple>1955_Dodge | manufacturer | Dodge</otriple>
        <otriple>1955_Dodge | wheelbase | "3.048"^^xsd:double</otriple>
        <otriple>1955_Dodge | bodyStyle | Hardtop</otriple>
      </originaltripleset>
      <modifiedtripleset>
        <mtriple>1955_Dodge | engine | V8_engine</mtriple>
        <mtriple>1955_Dodge | manufacturer | Dodge</mtriple>
        <mtriple>1955_Dodge | wheelbase | 120.0 (inches)</mtriple>
        <mtriple>1955_Dodge | bodyStyle | Hardtop</mtriple>
      </modifiedtripleset>
      <lex comment="good" lid="Id1">The 1955 Dodge has a V8 engine, a hardtop and a wheelbase of 120.0 inches. It was manufactured by Dodge.</lex>
      <lex comment="good" lid="Id2">Manufactured by Dodge, the 1955 Dodge; has a wheelbase of 120.0 inches, a V8 engine and has a hardtop.</lex>
      <lex comment="good" lid="Id3">The 1955 Dodge, manufactured by Dodge, has a V8 engine, a hardtop and a wheelbase 120 inches.</lex>
    </entry>
    </entries>
</benchmark>