[{"guid": "klue-re-v1_train_00000", "sentence": "\u3008Something\u3009\ub294 \uc870\uc9c0 \ud574\ub9ac\uc2a8\uc774 \uc4f0\uace0 \ube44\ud2c0\uc988\uac00 1969\ub144 \uc568\ubc94 \u300aAbbey Road\u300b\uc5d0 \ub2f4\uc740 \ub178\ub798\ub2e4.", "subject_entity": {"word": "\ube44\ud2c0\uc988", "start_idx": 24, "end_idx": 26, "type": "ORG"}, "object_entity": {"word": "\uc870\uc9c0 \ud574\ub9ac\uc2a8", "start_idx": 13, "end_idx": 18, "type": "PER"}, "label": "no_relation", "source": "wikipedia"}, {"guid": "klue-re-v1_train_00001", "sentence": "\ud638\ub0a8\uc774 \uae30\ubc18\uc778 \ubc14\ub978\ubbf8\ub798\ub2f9\u00b7\ub300\uc548\uc2e0\ub2f9\u00b7\ubbfc\uc8fc\ud3c9\ud654\ub2f9\uc774 \uc6b0\uc5ec\uace1\uc808 \ub05d\uc5d0 \ud569\ub2f9\ud574 \ubbfc\uc0dd\ub2f9(\uac00\uce6d)\uc73c\ub85c \uc7ac\ud0c4\uc0dd\ud55c\ub2e4.", "subject_entity": {"word": "\ubbfc\uc8fc\ud3c9\ud654\ub2f9", "start_idx": 19, "end_idx": 23, "type": "ORG"}, "object_entity": {"word": "\ub300\uc548\uc2e0\ub2f9", "start_idx": 14, "end_idx": 17, "type": "ORG"}, "label": "no_relation", "source": "wikitree"}, {"guid": "klue-re-v1_train_00002", "sentence": "K\ub9ac\uadf82\uc5d0\uc11c \uc131\uc801 1\uc704\ub97c \ub2ec\ub9ac\uace0 \uc788\ub294 \uad11\uc8fcFC\ub294 \uc9c0\ub09c 26\uc77c \ud55c\uad6d\ud504\ub85c\ucd95\uad6c\uc5f0\ub9f9\uc73c\ub85c\ubd80\ud130 \uad00\uc911 \uc720\uce58 \uc131\uacfc\uc640 \ub9c8\ucf00\ud305 \uc131\uacfc\ub97c \uc778\uc815\ubc1b\uc544 \u2018\ud480 \uc2a4\ud0c0\ub514\uc6c0\uc0c1\u2019\uacfc \u2018\ud50c\ub7ec\uc2a4 \uc2a4\ud0c0\ub514\uc6c0\uc0c1\u2019\uc744 \uc218\uc0c1\ud588\ub2e4.", "subject_entity": {"word": "\uad11\uc8fcFC", "start_idx": 21, "end_idx": 24, "type": "ORG"}, "object_entity": {"word": "\ud55c\uad6d\ud504\ub85c\ucd95\uad6c\uc5f0\ub9f9", "start_idx": 34, "end_idx": 41, "type": "ORG"}, "label": "org:member_of", "source": "wikitree"}, {"guid": "klue-re-v1_train_00003", "sentence": "\uade0\uc77c\uac00 \uc0dd\ud65c\uc6a9\ud488\uc810 (\uc8fc)\uc544\uc131\ub2e4\uc774\uc18c(\ub300\ud45c \ubc15\uc815\ubd80)\ub294 \ucf54\ub85c\ub09819 \ubc14\uc774\ub7ec\uc2a4\ub85c \uc5b4\ub824\uc6c0\uc744 \uacaa\uace0 \uc788\ub294 \ub300\uad6c\uad11\uc5ed\uc2dc\uc5d0 \ud589\ubcf5\ubc15\uc2a4\ub97c \uc804\ub2ec\ud588\ub2e4\uace0 10\uc77c \ubc1d\ud614\ub2e4.", "subject_entity": {"word": "\uc544\uc131\ub2e4\uc774\uc18c", "start_idx": 13, "end_idx": 17, "type": "ORG"}, "object_entity": {"word": "\ubc15\uc815\ubd80", "start_idx": 22, "end_idx": 24, "type": "PER"}, "label": "org:top_members/employees", "source": "wikitree"}, {"guid": "klue-re-v1_train_00004", "sentence": "1967\ub144 \ud504\ub85c \uc57c\uad6c \ub4dc\ub798\ud504\ud2b8 1\uc21c\uc704\ub85c \uc694\ubbf8\uc6b0\ub9ac \uc790\uc774\uc5b8\uce20\uc5d0\uac8c \uc785\ub2e8\ud558\uba74\uc11c \ub4f1\ubc88\ud638\ub294 8\ubc88\uc73c\ub85c \ubc30\uc815\ub418\uc5c8\ub2e4.", "subject_entity": {"word": "\uc694\ubbf8\uc6b0\ub9ac \uc790\uc774\uc5b8\uce20", "start_idx": 22, "end_idx": 30, "type": "ORG"}, "object_entity": {"word": "1967", "start_idx": 0, "end_idx": 3, "type": "DAT"}, "label": "no_relation", "source": "wikipedia"}]