[{"guid": "klue-re-v1_train_00000", "sentence": "\u3008Something\u3009\ub294 \uc870\uc9c0 \ud574\ub9ac\uc2a8\uc774 \uc4f0\uace0 \ube44\ud2c0\uc988\uac00 1969\ub144 \uc568\ubc94 \u300aAbbey Road\u300b\uc5d0 \ub2f4\uc740 \ub178\ub798\ub2e4.", "subject_entity": {"word": "\ube44\ud2c0\uc988", "start_idx": 24, "end_idx": 26, "type": "ORG"}, "object_entity": {"word": "\uc870\uc9c0 \ud574\ub9ac\uc2a8", "start_idx": 13, "end_idx": 18, "type": "PER"}, "label": "no_relation", "source": "wikipedia"}, {"guid": "klue-re-v1_train_00001", "sentence": "\ud638\ub0a8\uc774 \uae30\ubc18\uc778 \ubc14\ub978\ubbf8\ub798\ub2f9\u00b7\ub300\uc548\uc2e0\ub2f9\u00b7\ubbfc\uc8fc\ud3c9\ud654\ub2f9\uc774 \uc6b0\uc5ec\uace1\uc808 \ub05d\uc5d0 \ud569\ub2f9\ud574 \ubbfc\uc0dd\ub2f9(\uac00\uce6d)\uc73c\ub85c \uc7ac\ud0c4\uc0dd\ud55c\ub2e4.", "subject_entity": {"word": "\ubbfc\uc8fc\ud3c9\ud654\ub2f9", "start_idx": 19, "end_idx": 23, "type": "ORG"}, "object_entity": {"word": "\ub300\uc548\uc2e0\ub2f9", "start_idx": 14, "end_idx": 17, "type": "ORG"}, "label": "no_relation", "source": "wikitree"}, {"guid": "klue-re-v1_train_00002", "sentence": "K\ub9ac\uadf82\uc5d0\uc11c \uc131\uc801 1\uc704\ub97c \ub2ec\ub9ac\uace0 \uc788\ub294 \uad11\uc8fcFC\ub294 \uc9c0\ub09c 26\uc77c \ud55c\uad6d\ud504\ub85c\ucd95\uad6c\uc5f0\ub9f9\uc73c\ub85c\ubd80\ud130 \uad00\uc911 \uc720\uce58 \uc131\uacfc\uc640 \ub9c8\ucf00\ud305 \uc131\uacfc\ub97c \uc778\uc815\ubc1b\uc544 \u2018\ud480 \uc2a4\ud0c0\ub514\uc6c0\uc0c1\u2019\uacfc \u2018\ud50c\ub7ec\uc2a4 \uc2a4\ud0c0\ub514\uc6c0\uc0c1\u2019\uc744 \uc218\uc0c1\ud588\ub2e4.", "subject_entity": {"word": "\uad11\uc8fcFC", "start_idx": 21, "end_idx": 24, "type": "ORG"}, "object_entity": {"word": "\ud55c\uad6d\ud504\ub85c\ucd95\uad6c\uc5f0\ub9f9", "start_idx": 34, "end_idx": 41, "type": "ORG"}, "label": "org:member_of", "source": "wikitree"}, {"guid": "klue-re-v1_train_00003", "sentence": "\uade0\uc77c\uac00 \uc0dd\ud65c\uc6a9\ud488\uc810 (\uc8fc)\uc544\uc131\ub2e4\uc774\uc18c(\ub300\ud45c \ubc15\uc815\ubd80)\ub294 \ucf54\ub85c\ub09819 \ubc14\uc774\ub7ec\uc2a4\ub85c \uc5b4\ub824\uc6c0\uc744 \uacaa\uace0 \uc788\ub294 \ub300\uad6c\uad11\uc5ed\uc2dc\uc5d0 \ud589\ubcf5\ubc15\uc2a4\ub97c \uc804\ub2ec\ud588\ub2e4\uace0 10\uc77c \ubc1d\ud614\ub2e4.", "subject_entity": {"word": "\uc544\uc131\ub2e4\uc774\uc18c", "start_idx": 13, "end_idx": 17, "type": "ORG"}, "object_entity": {"word": "\ubc15\uc815\ubd80", "start_idx": 22, "end_idx": 24, "type": "PER"}, "label": "org:top_members/employees", "source": "wikitree"}, {"guid": "klue-re-v1_train_00004", "sentence": "1967\ub144 \ud504\ub85c \uc57c\uad6c \ub4dc\ub798\ud504\ud2b8 1\uc21c\uc704\ub85c \uc694\ubbf8\uc6b0\ub9ac \uc790\uc774\uc5b8\uce20\uc5d0\uac8c \uc785\ub2e8\ud558\uba74\uc11c \ub4f1\ubc88\ud638\ub294 8\ubc88\uc73c\ub85c \ubc30\uc815\ub418\uc5c8\ub2e4.", "subject_entity": {"word": "\uc694\ubbf8\uc6b0\ub9ac \uc790\uc774\uc5b8\uce20", "start_idx": 22, "end_idx": 30, "type": "ORG"}, "object_entity": {"word": "1967", "start_idx": 0, "end_idx": 3, "type": "DAT"}, "label": "no_relation", "source": "wikipedia"}, {"guid": "klue-re-v1_train_00005", "sentence": ": \uc720\uc5d4, \uc720\ub7fd \uc758\ud68c, \ubd81\ub300\uc11c\uc591 \uc870\uc57d \uae30\uad6c (NATO), \uad6d\uc81c\uc774\uc8fc\uae30\uad6c, \uc138\uacc4 \ubcf4\uac74 \uae30\uad6c (WHO), \uc9c0\uc911\ud574 \uc5f0\ud569, \uc774\uc2ac\ub78c \ud611\ub825 \uae30\uad6c, \uc720\ub7fd \uc548\ubcf4 \ud611\ub825 \uae30\uad6c, \uad6d\uc81c \ud1b5\ud654 \uae30\uae08, \uc138\uacc4\ubb34\uc5ed\uae30\uad6c \uadf8\ub9ac\uace0 \ud504\ub791\ucf54\ud3ec\ub2c8.", "subject_entity": {"word": "\ubd81\ub300\uc11c\uc591 \uc870\uc57d \uae30\uad6c", "start_idx": 13, "end_idx": 22, "type": "ORG"}, "object_entity": {"word": "NATO", "start_idx": 25, "end_idx": 28, "type": "ORG"}, "label": "org:alternate_names", "source": "wikipedia"}, {"guid": "klue-re-v1_train_00006", "sentence": "\uadf8\uc5d0 \ub530\ub77c \ub098\ud3f4\ub9ac\uc640 \uacc4\uc57d\uc744 \uc5f0\uc7a5\ud55c \ub9c8\ub77c\ub3c4\ub098\ub294 1989\ub144 \ud300\uc744 UEFA\ucef5 \uc815\uc0c1\uc73c\ub85c \uc778\ub3c4\ud588\uc73c\uba70 \uc774\ub4ec\ud574\uc5d0\ub294 \uc720\ub7fd \ucc54\ud53c\uc5b8 AC \ubc00\ub780\uc744 \uc0c1\ub300\ub85c \uc2b9\ub9ac\ub97c \uac70\ub450\uace0 \ub2e4\uc2dc \ud55c \ubc88 \uc138\ub9ac\uc5d0A\uc5d0\uc11c \uc815\uc0c1\uc5d0 \ub4f1\uadf9\ud588\ub2e4.", "subject_entity": {"word": "AC \ubc00\ub780", "start_idx": 64, "end_idx": 68, "type": "ORG"}, "object_entity": {"word": "1989", "start_idx": 25, "end_idx": 28, "type": "DAT"}, "label": "no_relation", "source": "wikipedia"}, {"guid": "klue-re-v1_train_00007", "sentence": "\ubc15\uc6a9\uc624(\u6734\u5bb9\u65ff, 1937\ub144 4\uc6d4 29\uc77c(\uc74c\ub825 3\uc6d4 19\uc77c)(\uc74c\ub825 3\uc6d4 19\uc77c) ~ 2009\ub144 11\uc6d4 4\uc77c)\ub294 \uc11c\uc6b8\uc5d0\uc11c \ud0dc\uc5b4\ub09c \ub300\ud55c\ubbfc\uad6d\uc758 \uae30\uc5c5\uc778\uc73c\ub85c \ub450\uc0b0\uadf8\ub8f9 \ud68c\uc7a5, KBO \ucd1d\uc7ac \ub4f1\uc744 \uc5ed\uc784\ud588\ub2e4.", "subject_entity": {"word": "\ubc15\uc6a9\uc624", "start_idx": 0, "end_idx": 2, "type": "PER"}, "object_entity": {"word": "1937\ub144 4\uc6d4 29\uc77c", "start_idx": 9, "end_idx": 20, "type": "DAT"}, "label": "per:date_of_birth", "source": "wikipedia"}, {"guid": "klue-re-v1_train_00008", "sentence": "\uc911\uacf5\uad70\uc5d0\uac8c \uc628\uc804\ud788 \ub300\ud56d\ud560 \uc218 \uc5c6\uc744 \uc815\ub3c4\ub85c \uc57d\ud574\uc9c4 \uad6d\ubbfc\ub2f9\uc740 \ud0c0\uc774\ubca0\uc774\ub85c \uc218\ub3c4\ub97c \uc62e\uae30\ub294 \uac83\uc744 \uacb0\uc815\ud574, \ub0a8\uc544\uc788\ub294 \uc911\ud654\ubbfc\uad6d\uad70\uc758 \ubcd1\ub825\uc774\ub098 \uad6d\uac00, \uac1c\uc778\uc758 \uc7ac\uc0b0\ub4f1\uc744 \uc18d\uc18d \ud0c0\uc774\uc644\uc73c\ub85c \uc62e\uae30\uae30 \uc2dc\uc791\ud574, 12\uc6d4\uc5d0\ub294 \uc911\uc559 \uc815\ubd80 \uae30\uad6c\ub3c4 \ubaa8\ub450 \uc774\uc804\ud574 \ud0c0\uc774\ubca0\uc774 \uc2dc\ub97c \uc911\ud654\ubbfc\uad6d\uc758 \uc0c8\ub85c\uc6b4 \uc218\ub3c4\ub85c \uc0bc\uc558\ub2e4.", "subject_entity": {"word": "\uc911\ud654\ubbfc\uad6d", "start_idx": 59, "end_idx": 62, "type": "ORG"}, "object_entity": {"word": "\ud0c0\uc774\ubca0\uc774", "start_idx": 32, "end_idx": 35, "type": "LOC"}, "label": "org:place_of_headquarters", "source": "wikipedia"}, {"guid": "klue-re-v1_train_00009", "sentence": "\ud2b9\ud788 \uae40\ub3d9\uc5f0 \uc804 \uacbd\uc81c\ubd80\ucd1d\ub9ac\ub97c \ube44\ub86f\ud55c \uae40\ub450\uad00 \uad6d\ud68c\uc758\uc6d0, \uc548\uaddc\ubc31 \uad6d\ud68c\uc758\uc6d0, \uae40\uc885\ubbfc \uad6d\ud68c\uc758\uc6d0, \uc624\uc81c\uc138 \uad6d\ud68c\uc758\uc6d0, \ucd5c\uc6b4\uc5f4 \uad6d\ud68c\uc758\uc6d0, \uae40\uc815\uc6b0 \uad6d\ud68c\uc758\uc6d0, \uad8c\uce60\uc2b9 \uad6d\ud68c\uc758\uc6d0, \ub9f9\uc131\uaddc \uad6d\ud68c\uc758\uc6d0\ub4f1 \ub354\ubd88\uc5b4\ubbfc\uc8fc\ub2f9 \uad6d\ud68c\uc758\uc6d0 8\uba85\uc774 \uc601\uc0c1 \ucd95\ud558 \uba54\uc138\uc9c0\ub97c \ubcf4\ub0b4 \ub208\uae38\uc744 \ub04c\uc5c8\ub2e4.", "subject_entity": {"word": "\uc548\uaddc\ubc31", "start_idx": 30, "end_idx": 32, "type": "PER"}, "object_entity": {"word": "\ub354\ubd88\uc5b4\ubbfc\uc8fc\ub2f9", "start_idx": 100, "end_idx": 105, "type": "ORG"}, "label": "per:employee_of", "source": "wikitree"}, {"guid": "klue-re-v1_train_00010", "sentence": "\ud558\ube44\uc5d0\ub974 \ud30c\uc2a4\ud1a0\ub808\ub294 \uc544\ub974\ud5e8\ud2f0\ub098 \ud074\ub7fd \ud0c0\uc608\ub808\uc2a4\uc758 \uc720\uc18c\ub144\ud300\uc5d0\uc11c \ucd95\uad6c\ub97c \uc2dc\uc791\ud558\uc600\ub2e4.", "subject_entity": {"word": "\ud558\ube44\uc5d0\ub974 \ud30c\uc2a4\ud1a0\ub808", "start_idx": 0, "end_idx": 8, "type": "PER"}, "object_entity": {"word": "\uc544\ub974\ud5e8\ud2f0\ub098", "start_idx": 11, "end_idx": 15, "type": "LOC"}, "label": "per:origin", "source": "wikipedia"}, {"guid": "klue-re-v1_train_00011", "sentence": "\uc774\ub978\ubc14 'Z\uc138\ub300'\ub85c \ubd88\ub9ac\ub294 1990\ub144\ub300 \uc911\ubc18 \uc774\ud6c4 \ud0dc\uc5b4\ub09c \uc138\ub300\uc5d0\uac8c \ub300\ud45c \uc544\uc774\ucf58\uc73c\ub85c \ud1b5\ud558\ub294 \ubbf8\uad6d \uc2f1\uc5b4\uc1a1\ub77c\uc774\ud130 \ube4c\ub9ac \uc544\uc77c\ub9ac\uc2dc(\ubcf8\uba85 \ube4c\ub9ac \uc624\ucf54\ub110, 19)\uac00 \ud31d \uc5ed\uc0ac\ub97c \uc0c8\ub85c \uc37c\ub2e4.", "subject_entity": {"word": "\ube4c\ub9ac \uc544\uc77c\ub9ac\uc2dc", "start_idx": 60, "end_idx": 66, "type": "PER"}, "object_entity": {"word": "\uc2f1\uc5b4\uc1a1\ub77c\uc774\ud130", "start_idx": 53, "end_idx": 58, "type": "POH"}, "label": "per:title", "source": "wikitree"}, {"guid": "klue-re-v1_train_00012", "sentence": "2009\ub144 9\uc6d4, \ubbf8\uad6d \ud504\ub85c \uc57c\uad6c \ud544\ub77c\ub378\ud53c\uc544 \ud544\ub9ac\uc2a4 \uc18c\uc18d\uc758 \uc57c\uad6c \uc120\uc218 \ubc15\ucc2c\ud638\ub294 \u300aMBC \uc2a4\ud398\uc15c-\ubc15\ucc2c\ud638\ub294 \ub2f9\uc2e0\uc744 \uc78a\uc9c0 \uc54a\uc558\ub2e4\u300b \ud3b8\uc5d0\uc11c \u201c\ucd5c\uc9c4\uc2e4 \uc528\uc758 \uc544\ud514\uacfc \uc8fd\uc74c\uc758 \uace0\ud1b5\uc744 \uc774\ud574\ud569\ub2c8\ub2e4. \ucd5c\uc9c4\uc2e4 \uc528 \uc0ac\uac74\uc5d0 \ub208\ubb3c\uc744 \ud758\ub838\uc2b5\ub2c8\ub2e4. \uc800\ub3c4 \uc8fd\uc73c\ub824\uace0 \ub9c8\uc74c\uc744 \uba39\uc5c8\ub358 \uc801\uc774 \uc788\uc5c8\uc2b5\ub2c8\ub2e4. \uc798\ud558\ub824\uace0 \uc560\ub97c \uc4f0\ub294\ub370 \ube44\ub09c\uacfc \ube44\ud310\uc774 \uc3df\uc544\uc84c\uc2b5\ub2c8\ub2e4. \uba38\ub9ac\uac00 \ube60\uc9c0\uace0 \ub108\ubb34 \ud798\ub4e4\uc5c8\uc2b5\ub2c8\ub2e4\u201d\ub77c\uace0 \ub9d0\ud558\uba70 \ucd5c\uc9c4\uc2e4\uc758 \uc8fd\uc74c\uc5d0 \ub300\ud574 \uc548\ud0c0\uae4c\uc6c0\uc744 \ud45c\ud604\ud588\ub2e4.", "subject_entity": {"word": "\ud544\ub77c\ub378\ud53c\uc544 \ud544\ub9ac\uc2a4", "start_idx": 19, "end_idx": 27, "type": "ORG"}, "object_entity": {"word": "\ubc15\ucc2c\ud638", "start_idx": 39, "end_idx": 41, "type": "PER"}, "label": "org:top_members/employees", "source": "wikipedia"}, {"guid": "klue-re-v1_train_00013", "sentence": "\ub274\uc9c8\ub79c\ub4dc 1\ucc28\uc0b0\uc5c5\ubd80 \uc0dd\ubb3c\ubcf4\uc548 \ub300\ubcc0\uc778 \uce90\uc11c\ub9b0 \ub354\uc2dc \ubc15\uc0ac\ub294 \uacfc\uc77c\ud30c\ub9ac\ub97c \uc7a1\uae30 \uc704\ud574 \uc624\ud074\ub79c\ub4dc \uc804\uc5ed\uc5d0 1\ucc9c300\uc5ec\uac1c\uc758 \ud30c\ub9ac\ud1b5\uc744 \ub193\uc558\ub2e4\uba70, \uace7 \ud1b5\ub4e4\uc744 \ub9c8\uc9c0\ub9c9\uc73c\ub85c \uc810\uac80\ud560 \uac83\uc774\ub77c\uace0 \ub9d0\ud588\ub2e4.", "subject_entity": {"word": "\ub274\uc9c8\ub79c\ub4dc", "start_idx": 0, "end_idx": 3, "type": "ORG"}, "object_entity": {"word": "\uc624\ud074\ub79c\ub4dc", "start_idx": 43, "end_idx": 46, "type": "LOC"}, "label": "org:members", "source": "wikitree"}, {"guid": "klue-re-v1_train_00014", "sentence": "\uc870\ud1a0 \ub514 \ubcf8\ub3c4\ub124, \ub9c8\uc0ac\ucd08, \ud53c\uc5d0\ub85c \ub378\ub77c \ud504\ub780\uccb4\uc2a4\uce74, \ub3c4\uba54\ub2c8\ucf54 \uae30\ub97c\ub780\ub2e4\uc694, \ud398\ub8e8\uc9c0\ub178, \ubbf8\ucf08\ub780\uc824\ub85c, \ub77c\ud30c\uc5d8\ub85c, \ubcf4\ud2f0\uccbc\ub9ac, \ub808\uc624\ub098\ub974\ub3c4 \ub2e4\ube48\uce58, \ud2f0\uce58\uc544\ub178 \ub4f1\uc73c\ub85c \ub300\ud45c\ub418\ub294 \uc774\ud0c8\ub9ac\uc544 \ub974\ub124\uc0c1\uc2a4 \ud68c\ud654\ub294 \ub2f9\ub300\uc640 \uadf8 \uc774\ud6c4\uc758 \uc2dc\uae30 \uc720\ub7fd \uc804\uccb4\uc5d0 \uc601\ud5a5\uc744 \uc8fc\uc5c8\ub2e4.", "subject_entity": {"word": "\ubbf8\ucf08\ub780\uc824\ub85c", "start_idx": 47, "end_idx": 51, "type": "PER"}, "object_entity": {"word": "\ub974\ub124\uc0c1\uc2a4", "start_idx": 96, "end_idx": 99, "type": "DAT"}, "label": "no_relation", "source": "wikipedia"}, {"guid": "klue-re-v1_train_00015", "sentence": "\uc131\uba85\uc5d0\ub294 \ub354\ubd88\uc5b4\ubbfc\uc8fc\ub2f9 \uc774\uc0c1\ubbfc \ub300\uc804\uad11\uc5ed\uc2dc\ub2f9 \uc704\uc6d0\uc7a5, \uc774\ucd98\ud76c \uc138\uc885\ud2b9\ubcc4\uc790\uce58\uc2dc\ub2f9 \uc704\uc6d0\uc7a5, \ud64d\uc7ac\ud615 \ucda9\uccad\ubd81\ub3c4\ub2f9 \uc704\uc6d0\uc7a5, \ubc15\uc218\ud604 \ucda9\uccad\ub0a8\ub3c4\ub2f9 \uc704\uc6d0\uc7a5, \uc774\ud574\ucc2c, \ubc15\ubcd1\uc11d, \ubcc0\uc7ac\uc77c, \uc624\uc81c\uc138, \ub178\uc601\ubbfc, \uc591\uc2b9\uc870, \ubc15\ubc94\uacc4, \ubc15\uc644\uc8fc \uc758\uc6d0\uc774 \uc11c\uba85\ud588\ub2e4.", "subject_entity": {"word": "\ub178\uc601\ubbfc", "start_idx": 96, "end_idx": 98, "type": "PER"}, "object_entity": {"word": "\ub354\ubd88\uc5b4\ubbfc\uc8fc\ub2f9", "start_idx": 5, "end_idx": 10, "type": "ORG"}, "label": "per:employee_of", "source": "wikipedia"}, {"guid": "klue-re-v1_train_00016", "sentence": "\uc774\uc815\ubbf8 \ub300\ud45c\ub3c4 \uc774\ub0a0 \uae30\uc790\ud68c\uacac\uc5d0 \uc55e\uc11c \ud55c \ub77c\ub514\uc624 \ubc29\uc1a1\uc5d0 \ucd9c\uc5f0 \"\uc815\uac1c\ud2b9\uc704\ub97c \ud55c\uad6d\ub2f9\uc5d0 \ub0b4\uc8fc\ub294 \uac74 \uc5b4\ub5a4 \uc77c\uc774 \uc788\uc5b4\ub3c4 \uc548 \ub41c\ub2e4\"\uba70 \"\uc9c0\uae08 \ud55c\uad6d\ub2f9\uc744 \uc5b4\ub974\uace0 \uad6c\uc2ac\ub9ac\ub294 \uac8c \ubbfc\uc8fc\ub2f9\uc5d0 \ub4dd\uc774 \ub41c\ub2e4\uace0 \uc0dd\uac01\ud560\uc9c0 \ubaa8\ub974\uaca0\uc9c0\ub9cc \uc815\ubd80 \uc5ec\ub2f9\uc758 \uac1c\ud601 \uc815\ucc45\uc5d0 \uac00\uc7a5 \ud798\uc744 \uc2e4\uc5b4\uc92c\ub358 \uc815\uc758\ub2f9\uacfc \uc57c3\ub2f9\uc758 \uac1c\ud601 \uacf5\uc870\uac00 \uc5b4\uadf8\ub7ec\uc9c0\ub294 \uc0c1\ud669\uc774 \ub420 \uac83\"\uc774\ub77c\uace0 \uc9c0\uc801\ud588\ub2e4.", "subject_entity": {"word": "\uc774\uc815\ubbf8", "start_idx": 0, "end_idx": 2, "type": "PER"}, "object_entity": {"word": "\uc815\uc758\ub2f9", "start_idx": 136, "end_idx": 138, "type": "ORG"}, "label": "no_relation", "source": "wikitree"}, {"guid": "klue-re-v1_train_00017", "sentence": "\uc81c2\ucd1d\uad70\uc740 \ud0dc\ud3c9\uc591 \uc804\uc7c1 \ub9d0\uae30\uc5d0 \uc77c\ubcf8 \ubcf8\ud1a0\uc5d0 \uc0c1\ub959\ud558\ub824\ub294 \uc5f0\ud569\uad70\uc5d0\uac8c \ub300\ud56d\ud558\uae30 \uc704\ud574 \uc124\ub9bd\ub41c \uc77c\ubcf8 \uc81c\uad6d \uc721\uad70\uc758 \ucd1d\uad70\uc774\uc5c8\ub2e4.", "subject_entity": {"word": "\uc81c2\ucd1d\uad70", "start_idx": 0, "end_idx": 3, "type": "ORG"}, "object_entity": {"word": "\uc77c\ubcf8 \uc81c\uad6d \uc721\uad70", "start_idx": 48, "end_idx": 55, "type": "ORG"}, "label": "org:member_of", "source": "wikipedia"}, {"guid": "klue-re-v1_train_00018", "sentence": "\ubb38\uc131\ubbfc\uc740 \uacbd\uae30\ub300\ud559\uad50\uc5d0 \uc785\ud559\ud558\uc5ec \ud669\ub3d9\uc77c, \uc2e0\uc601\uc11d\uacfc \ud568\uaed8 \uacbd\uae30\ub300\ud559\uad50\uc758 \uc804\uc131\uae30\ub97c \uc774\ub04c\uba74\uc11c \ud558\uacc4\ub300\ud68c, \uc804\uad6d\uccb4\uc804, \ucd5c\uac15\uc804 \ub4f1 3\uad00\uc655\uc744 \uc774\ub8ec\ub2e4.", "subject_entity": {"word": "\ubb38\uc131\ubbfc", "start_idx": 0, "end_idx": 2, "type": "PER"}, "object_entity": {"word": "\uacbd\uae30\ub300", "start_idx": 5, "end_idx": 7, "type": "ORG"}, "label": "per:schools_attended", "source": "wikipedia"}, {"guid": "klue-re-v1_train_00019", "sentence": "\uc774\ubc88 \ud3ec\ub7fc\uc740 \uc81c\uc8fc\uac1c\ubc1c\uacf5\uc0ac\uc640 \uc720\ub124\uc2a4\ucf54 \uc544\uc2dc\uc544-\ud0dc\ud3c9\uc591 \ubcf8\ubd80, \ud55c\uad6d\uc9c0\uc9c8\uc790\uc6d0\uc5f0\uad6c\uc6d0\uc774 \uacf5\ub3d9 \uc8fc\ucd5c\ud558\uace0 \uc720\ub124\uc2a4\ucf54 \ud30c\ub9ac\ubcf8\ubd80, \uc81c\uc8fc\ud2b9\uc790\uce58\ub3c4, \ud658\uacbd\ubd80, \ud55c\uad6d\uc218\uc790\uc6d0\uacf5\uc0ac, \ud55c\uad6d\uac74\uc124\uae30\uc220\uc5f0\uad6c\uc6d0 \ub4f1\uc774 \ud6c4\uc6d0\ud55c\ub2e4.", "subject_entity": {"word": "\ud55c\uad6d\uc218\uc790\uc6d0\uacf5\uc0ac", "start_idx": 75, "end_idx": 81, "type": "ORG"}, "object_entity": {"word": "\ud658\uacbd\ubd80", "start_idx": 70, "end_idx": 72, "type": "ORG"}, "label": "no_relation", "source": "wikitree"}, {"guid": "klue-re-v1_train_00020", "sentence": "1971\ub144 \ub300\uc120\uc744 \uc55e\ub450\uace0 \uae40\uc885\ud544\uc740 1971\ub144 \uc120\uac70\uc5d0\uc11c \ubc15\uc815\ud76c \ub2f9\uc120\uc744 \uc704\ud574 \ubb34\ub824 600\uc5b5\uc6d0\uc774\ub098 \uc37c\ub2e4\uace0 \ubc1d\ud614\ub2e4.", "subject_entity": {"word": "\uae40\uc885\ud544", "start_idx": 14, "end_idx": 16, "type": "PER"}, "object_entity": {"word": "\ubc15\uc815\ud76c", "start_idx": 30, "end_idx": 32, "type": "PER"}, "label": "per:colleagues", "source": "wikipedia"}, {"guid": "klue-re-v1_train_00021", "sentence": "2010\ub144\uc5d0\ub294 \uc544\uc2dc\uc544 \uac00\uc218 \ucd5c\ucd08\ub85c \ub9c8\uc774\ud074 \uc7ad\uc2a8\uc758 \uace1\uc744 \ub9ac\uba54\uc774\ud06c\ud558\uc600\ub294\ub370 \ub2f9\uc2dc \ub9c8\uc774\ud074 \uc7ad\uc2a8\uacfc \ud568\uaed8 \uc791\uc5c5\ud588\ub358 \uc138\uacc4\uc801\uc778 \ubba4\uc9c0\uc158 \uc2a4\ud2f0\ube0c \ubc14\ub77c\uce87(Steve Barakatt)\uacfc \ub9c8\uc774\ud074 \uc7ad\uc2a8 \uace1 \"You are not alone\"\uc744 \uc791\uc5c5\ud574 \ud654\uc81c\uac00 \ub418\uc5c8\ub2e4.", "subject_entity": {"word": "\uc2a4\ud2f0\ube0c \ubc14\ub77c\uce87", "start_idx": 67, "end_idx": 73, "type": "PER"}, "object_entity": {"word": "Steve Barakatt", "start_idx": 75, "end_idx": 88, "type": "PER"}, "label": "per:alternate_names", "source": "wikipedia"}, {"guid": "klue-re-v1_train_00022", "sentence": "\ubc15\ud765\uc2dd\uc740 \uccab \ubd80\uc778\uacfc\uc758 \uc0ac\uc774\uc5d0 \uc7a5\ub140 \ubc15\ubcd1\uc219\uc744 \ub450\uc5c8\uace0, \ub450 \ubc88\uc9f8 \ubd80\uc778\uc740 \uacbd\ud76c\ub300\ud559\uad50 \uad50\uc218\ub97c \uc9c0\ub0b8 \ud53c\uc544\ub2c8\uc2a4\ud2b8 \ud55c\uc778\ud558\uc774\uba70, \ub450 \uc0ac\ub78c \uc0ac\uc774\uc5d0\uc11c \ud0dc\uc5b4\ub09c \ub538 \ubc15\ubd09\uc219\uc740 \uc774\ud654\uc5ec\uc790\ub300\ud559\uad50 \uad50\uc218\ub97c \uc9c0\ub0c8\ub2e4.", "subject_entity": {"word": "\ubc15\ud765\uc2dd", "start_idx": 0, "end_idx": 2, "type": "PER"}, "object_entity": {"word": "\ud55c\uc778\ud558", "start_idx": 57, "end_idx": 59, "type": "PER"}, "label": "per:spouse", "source": "wikipedia"}, {"guid": "klue-re-v1_train_00023", "sentence": "\uc2a4\ud3ec\uce20\uacc4\uc5d0\uc11c\ub3c4 \ub9c9\uac15\ud55c \uc601\ud5a5\ub825\uc744 \ud3bc\uce58\uace0 \uc788\uc5b4 2008\ub144 9\uc6d4 \ub9cc\uc218\ub974 \ube48 \uc790\uc774\ub4dc \uc54c\ub098\ud558\uc580 \uc18c\uc720\uc758 \uc5d0 \ub9e8\uccb4\uc2a4\ud130 \uc2dc\ud2f0 FC\uc758 \uc778\uc218\ub97c \uc81c\uc548\ud588\uace0 \uc778\uc218 \uc644\ub8cc \ud6c4 \uc789\uae00\ub79c\ub4dc \ud504\ub9ac\ubbf8\uc5b4\ub9ac\uadf8\uc758 \ub9e8\uccb4\uc2a4\ud130 \uc2dc\ud2f0 FC\uc758 \uad6c\ub2e8\uc8fc\uac00 \ub418\uc5c8\ub2e4.", "subject_entity": {"word": "\ub9e8\uccb4\uc2a4\ud130 \uc2dc\ud2f0 FC", "start_idx": 96, "end_idx": 105, "type": "ORG"}, "object_entity": {"word": "\ud504\ub9ac\ubbf8\uc5b4\ub9ac\uadf8", "start_idx": 88, "end_idx": 93, "type": "ORG"}, "label": "org:member_of", "source": "wikipedia"}, {"guid": "klue-re-v1_train_00024", "sentence": "FA\ub85c \uce5c\uc815 \ud300\uc5d0 \ub3cc\uc544\uc628 \uc911\uacac\uc218 \uc774\ud0dd\uadfc\uacfc 1\ub8e8\uc218\ub85c \uc815\ucc29\ud55c \ubc15\ubcd1\ud638\uc640 \ud568\uaed8 \ud074\ub9b0\uc5c5 \ud2b8\ub9ac\uc624\ub97c \uc774\ub8e8\uc5b4 \uac15\ub825\ud55c \ud0c0\uc120\uc744 \uad6c\uc131\ud588\ub2e4.", "subject_entity": {"word": "\ubc15\ubcd1\ud638", "start_idx": 32, "end_idx": 34, "type": "PER"}, "object_entity": {"word": "1\ub8e8\uc218", "start_idx": 23, "end_idx": 25, "type": "POH"}, "label": "per:title", "source": "wikipedia"}, {"guid": "klue-re-v1_train_00025", "sentence": "SK\ub294 \ub610 \"\ud574\ub2f9 \ubc29\uc1a1\uc5d0\uc11c \uc5b8\uae09\ud55c \uc9c0\ub09c\ud574 12\uc6d45\uc77c \uac00\ub85c\uc138\ub85c\uc5f0\uad6c\uc18c \uc720\ud29c\ube0c \ubc29\uc1a1 \ub610\ud55c \uba85\ubc31\ud55c \ud5c8\uc704\uc0ac\uc2e4\uc784\uc744 \uc54c\ub824\ub4dc\ub9b0\ub2e4\"\uba70 \"\ucd5c\ud0dc\uc6d0 \ud68c\uc7a5\uc774 \uc218\uac10 \uc911 \uad6c\uce58\uc18c\uc5d0 \ub77c\ud14d\uc2a4 \ubca0\uac1c\ub97c \ubc30\ud3ec\ud558\uc600\ub2e4\uac70\ub098 \uc774\ud63c \uc18c\uc1a1 \uc911\uc778 \ub178\uc18c\uc601 \uad00\uc7a5\uc5d0\uac8c \uc0dd\ud65c\ube44\ub97c \uc9c0\uae09\ud558\uc9c0 \uc54a\uc558\ub2e4\ub294 \uac83\uc740 \ud5c8\uc704\"\ub77c\uace0\ub3c4 \uc8fc\uc7a5\ud588\ub2e4.", "subject_entity": {"word": "\ub178\uc18c\uc601", "start_idx": 110, "end_idx": 112, "type": "PER"}, "object_entity": {"word": "\ucd5c\ud0dc\uc6d0", "start_idx": 67, "end_idx": 69, "type": "PER"}, "label": "per:spouse", "source": "wikitree"}, {"guid": "klue-re-v1_train_00026", "sentence": "\ubcf8\uac00\uac00 \uc591\ub3c8\uc5c5\uc744 \uc6b4\uc601\ud558\uace0 \uc788\uc5c8\ub358 \uc810\ub3c4 \uc788\uc5b4 \ub2db\ud3f0\ud584 \uad6c\ub2e8\uc8fc\uc778 \uc624\ucf54\uc18c \uc694\uc2dc\ub178\ub9ac\ub294 \uac00\uc871\ub3c4 \uc54c\uace0 \uc788\uc5b4 \ud560\uc544\ubc84\uc9c0 \ub4f1\uc744 \uac71\uc815\ud574 \uc900 \uac83\uc5d0 \ub300\ud574 \uac10\uc0ac\ub97c \ud45c\ud588\ub2e4\uace0 \ud55c\ub2e4.", "subject_entity": {"word": "\ub2db\ud3f0\ud584", "start_idx": 24, "end_idx": 26, "type": "ORG"}, "object_entity": {"word": "\uc624\ucf54\uc18c \uc694\uc2dc\ub178\ub9ac", "start_idx": 33, "end_idx": 40, "type": "PER"}, "label": "no_relation", "source": "wikipedia"}, {"guid": "klue-re-v1_train_00027", "sentence": "1824\ub144\uc5d0 \uc788\uc5c8\ub358 \uccab \uc878\uc5c5\uc2dd\uc5d0\ub294 \ub300\ud1b5\ub839 \uc81c\uc784\uc2a4 \uba3c\ub85c\uc640 \uc874 C. \uce7c\ud6c8, \ud5e8\ub9ac \ud074\ub808\uc774 \uc2dc\ub2c8\uc5b4, \uc9c8\ubca0\ub974 \ub4a4 \ubaa8\ud2f0\uc5d0 \ub4dc \ub77c\ud30c\uc608\ud2b8 \ud6c4\uc791 \ub4f1\uc774 \ucc38\uc11d\ud588\ub2e4.", "subject_entity": {"word": "\uc874 C. \uce7c\ud6c8", "start_idx": 31, "end_idx": 37, "type": "PER"}, "object_entity": {"word": "\uc81c\uc784\uc2a4 \uba3c\ub85c", "start_idx": 23, "end_idx": 28, "type": "PER"}, "label": "no_relation", "source": "wikipedia"}, {"guid": "klue-re-v1_train_00028", "sentence": "\ucc9c\ub3c4\uad50 3\ub300\uad50\uc8fc \uc190\ubcd1\ud76c\uc758 \uc601\ud5a5\uc73c\ub85c \ud0dc\ud654\uad00\uc774 \ub3c5\ub9bd\uc120\uc5b8\uc11c \ub0ad\ub3c5\uc7a5\uc18c\uac00 \ub418\uc5c8\ub2e4.", "subject_entity": {"word": "\uc190\ubcd1\ud76c", "start_idx": 9, "end_idx": 11, "type": "PER"}, "object_entity": {"word": "\ucc9c\ub3c4\uad50", "start_idx": 0, "end_idx": 2, "type": "ORG"}, "label": "per:employee_of", "source": "wikipedia"}, {"guid": "klue-re-v1_train_00029", "sentence": "\uc774 \ub300\ud68c\ub294 1960\ub144\uc5d0 \ucd9c\ubc94\ud558\uc5ec \ub9e4\ub144 \uac1c\ucd5c\ub418\uc5b4\uc654\uc73c\uba70 \uc720\ub7fd \ucd95\uad6c \uc5f0\ub9f9(UEFA)\uacfc \ub0a8\ubbf8 \ucd95\uad6c \uc5f0\ub9f9(CONMEBOL)\uc774 \uacf5\ub3d9\uc73c\ub85c \uc8fc\uad00\ud588\ub2e4.", "subject_entity": {"word": "\uc720\ub7fd \ucd95\uad6c \uc5f0\ub9f9", "start_idx": 29, "end_idx": 36, "type": "ORG"}, "object_entity": {"word": "UEFA", "start_idx": 38, "end_idx": 41, "type": "ORG"}, "label": "org:alternate_names", "source": "wikipedia"}, {"guid": "klue-re-v1_train_00030", "sentence": "\ubbf8\uad6d \uc815\ubd80\ub294 1942\ub144 2\uc6d4 24\uc77c \uc804 \uc138\uacc4\uc758 \uccad\ucde8\uc790\ub97c \ub300\uc0c1\uc73c\ub85c \ud0dc\ud3c9\uc591 \uc804\uc7c1\uc758 \uc804\uc7c1\uc0c1\ud669\uc744 \uc54c\ub9ac\uae30 \uc704\ud55c \ubc29\uc1a1\uc778 \ubbf8\uad6d\uc758 \uc18c\ub9ac(VOA, Voice of America)\ub97c \uac1c\uad6d\ud558\uc600\ub2e4.", "subject_entity": {"word": "\ubbf8\uad6d\uc758 \uc18c\ub9ac", "start_idx": 61, "end_idx": 66, "type": "ORG"}, "object_entity": {"word": "Voice of America", "start_idx": 73, "end_idx": 88, "type": "POH"}, "label": "org:alternate_names", "source": "wikipedia"}, {"guid": "klue-re-v1_train_00031", "sentence": "\uc774\uc5b4 \u201c\ud5a5\ud6c4 \uc6b0\ub9ac \ucc3d\uc5c5\ubca4\ucc98\uae30\uc5c5\ub4e4\uc774 \uc138\uacc4\uac00 \uc8fc\ubaa9\ud558\ub294 \uc90c(Zoom)\uacfc \ud398\uc774\uc2a4\ubd81(Facebook)\uacfc \uac19\uc740 \uae00\ub85c\ubc8c \ud50c\ub7ab\ud3fc \uae30\uc5c5\uc73c\ub85c \uc131\uc7a5\ud558\ub3c4\ub85d \uc9c0\uc6d0\ud558\uace0 \ub300\ud55c\ubbfc\uad6d\uc774 \u2018\ubca4\ucc98 4\ub300\uac15\uad6d\u2019\uc73c\ub85c \uc790\ub9ac\ub9e4\uae40\ud558\ub3c4\ub85d \ucd5c\uc120\uc744 \ub2e4\ud560 \uacc4\ud68d\u201d\uc774\ub77c\uace0 \ubc1d\ud614\ub2e4.", "subject_entity": {"word": "Facebook", "start_idx": 42, "end_idx": 49, "type": "ORG"}, "object_entity": {"word": "\ud398\uc774\uc2a4\ubd81", "start_idx": 37, "end_idx": 40, "type": "ORG"}, "label": "org:alternate_names", "source": "policy_briefing"}, {"guid": "klue-re-v1_train_00032", "sentence": "\uc591\ub2f9\uc774 \ubaa8\ub450 \ud574\uccb4\ud55c \ub4a4 \uc2e0\ub2f9\uc744 \ucc3d\ub2f9\ud558\ub294 \uac83\uc774 \uc544\ub2cc \uc720\uc2e0\ub2f9\uc774 \ud574\uccb4 \ub4a4 \uae30\uc874\uc758 \ubbfc\uc8fc\ub2f9\uc5d0 \ud569\ub958\ud558\ub294 \ubc29\uc2dd\uc774\uae30 \ub54c\ubb38\uc5d0, \uc61b \ubaa8\ub450\uc758 \ub2f9 \uc2dc\uc808 \ube44\ub840\ub300\ud45c\ub85c \uc120\ucd9c\ub418\uc5b4 \ub450\ub808\ub2f9\uc744 \uac70\uccd0 \uc720\uc2e0\ub2f9\uc5d0 \ud569\ub958\ud588\ub358 \ucc38\uc758\uc6d0 \uc758\uc6d0 5\uba85(\uc624\ub178 \uc9c0\ub85c, \uac00\uc640\ub2e4 \ub958\ud5e4\uc774, \uc2dc\ubc14\ud0c0 \ub2e4\ucfe0\ubbf8, \ub370\ub77c\ud0c0 \uc2a4\ucf00\uc2dc\ub85c, \ub9c8\uc57c\ub9c8 \uc720\uc774\uce58)\uc740 \uad6d\ud68c\ubc95 \uc81c109\uc870\uc758 2\uc758 \uaddc\uc815\uc5d0 \uc758\ud574 \uc2e0\ub2f9\uc5d0 \uc785\ub2f9\ud560 \uacbd\uc6b0 \uc758\uc6d0\uc9c1\uc774 \uc790\ub3d9 \ubc15\ud0c8\ub418\uae30 \ub54c\ubb38\uc5d0 \uc720\uc2e0\ub2f9 \ud574\uccb4\uc640 \ud568\uaed8 \uc784\uae30 \ub9cc\ub8cc \uc804\uae4c\uc9c0 \ubb34\uc18c\uc18d \uc2e0\ubd84\uc744 \uc720\uc9c0\ud558\uac8c \ub418\uc5c8\ub2e4.", "subject_entity": {"word": "\ub450\ub808\ub2f9", "start_idx": 84, "end_idx": 86, "type": "ORG"}, "object_entity": {"word": "\uc720\uc2e0\ub2f9", "start_idx": 92, "end_idx": 94, "type": "ORG"}, "label": "no_relation", "source": "wikipedia"}, {"guid": "klue-re-v1_train_00033", "sentence": "\ucc44\ub9ac\ub098\ub294 \uc774\ud6c4 \ubc15\uc6a9\uadfc\uc744 \uc0dd\uba85\uc758 \uc740\uc778\uc73c\ub85c \uc5ec\uae30\uace0 \uad50\uc81c\ud558\ub2e4\uac00 2016\ub144 11\uc6d4\uc5d0 \uacb0\ud63c\ud558\uc600\ub2e4.", "subject_entity": {"word": "\ucc44\ub9ac\ub098", "start_idx": 0, "end_idx": 2, "type": "PER"}, "object_entity": {"word": "\ubc15\uc6a9\uadfc", "start_idx": 8, "end_idx": 10, "type": "PER"}, "label": "per:spouse", "source": "wikipedia"}, {"guid": "klue-re-v1_train_00034", "sentence": "\uc774\ub85c\uc368 \uc544\ubc84\uc9c0\uc778 \uce74\ub97c\ub808\uc2a4\uc640 \uc544\ub4e4\uc778 \uc138\ub974\ud788\uc624 \ubd80\uc2a4\ucf00\uce20\ub294 \ub808\uc54c \ub9c8\ub4dc\ub9ac\ub4dc\uc758 \ub9c8\ub204\uc5d8 \uc0b0\uce58\uc2a4 \ubd80\uc790\uc640 AC \ubc00\ub780\uc758 \ub9d0\ub514\ub2c8 \ubd80\uc790\uc5d0 \uc774\uc5b4 3\ubc88\uc9f8\ub85c \uac19\uc740 \ud300\uc5d0 \uc720\ub7fd \uc815\uc0c1\uc5d0 \uc624\ub978 \ubd80\uc790\ub85c \uae30\ub85d\ub418\uc5c8\ub2e4.", "subject_entity": {"word": "\ub9c8\ub204\uc5d8 \uc0b0\uce58\uc2a4", "start_idx": 39, "end_idx": 45, "type": "PER"}, "object_entity": {"word": "\ub808\uc54c \ub9c8\ub4dc\ub9ac\ub4dc", "start_idx": 30, "end_idx": 36, "type": "ORG"}, "label": "per:employee_of", "source": "wikipedia"}, {"guid": "klue-re-v1_train_00035", "sentence": "\ub85c\ubc84\ud2b8 \uc870\uc9c0 (\ubc14\ube44) \uc2e4(Robert George (Bobby)(Bobby) Seale, 1936\ub144 10\uc6d4 22\uc77c ~ )\uc740 \uc544\ud504\ub9ac\uce74\uacc4 \ubbf8\uad6d\uc778 \uc778\uad8c \uc6b4\ub3d9\uac00\uc774\uc790, \ud734\uc774 \ub274\ud2bc\uacfc \ud568\uaed8 \ud751\ud45c\ub2f9\uc758 \ucc3d\ub9bd\uc790\uc774\ub2e4.", "subject_entity": {"word": "\ud751\ud45c\ub2f9", "start_idx": 99, "end_idx": 101, "type": "ORG"}, "object_entity": {"word": "\ud734\uc774 \ub274\ud2bc", "start_idx": 89, "end_idx": 93, "type": "PER"}, "label": "org:founded_by", "source": "wikipedia"}, {"guid": "klue-re-v1_train_00036", "sentence": "\uace1\uc131\uad70(\uad70\uc218 \uc720\uadfc\uae30)\uc740 \uc0c1\uc218\ub3c4 \uc0ac\uc6a9 \uac00\uad6c\ub97c \ub300\uc0c1\uc73c\ub85c \uc62c\ud574\ubd80\ud130 \uc625\ub0b4 \uae09\uc218\uad00 \ub204\uc218\ud0d0\uc0ac \uc11c\ube44\uc2a4\ub97c \uc5f0\uc911 \uc81c\uacf5\ud55c\ub2e4\uace0 \ubc1d\ud614\ub2e4.", "subject_entity": {"word": "\uace1\uc131\uad70", "start_idx": 0, "end_idx": 2, "type": "ORG"}, "object_entity": {"word": "\uc720\uadfc\uae30", "start_idx": 7, "end_idx": 9, "type": "PER"}, "label": "org:top_members/employees", "source": "wikitree"}, {"guid": "klue-re-v1_train_00037", "sentence": "\uae40\uc131\uc218\uc758 \ub204\uc774\ub3d9\uc0dd \uae40\uc810\ud6a8\uc640 \uacb0\ud63c\ud558\uc600\uc73c\uba70 \uacbd\uc131\ubc29\uc9c1(1970\ub144 \uacbd\ubc29\uc73c\ub85c \uc0ac\uba85 \ubcc0\uacbd)\uc758 4\ub300 \uc0ac\uc7a5\uc73c\ub85c 1946\ub144 \ucde8\uc784\ud574 1975\ub144 \uba85\uc608\ud68c\uc7a5\uc73c\ub85c \uacbd\uc601\uc77c\uc120\uc5d0\uc11c \ubb3c\ub7ec\ub0a0 \ub54c\uae4c\uc9c0 \uacbd\ubc29\uc758 \uacbd\uc601\uc744 \uc774\ub04c\uc5c8\uc73c\uba70 \uc804\uad6d\uacbd\uc81c\uc778\uc5f0\ud569\ud68c \ud68c\uc7a5\uc744 6\ucc28\ub840 \uc9c0\ub0c8\ub2e4.", "subject_entity": {"word": "\uacbd\uc131\ubc29\uc9c1", "start_idx": 22, "end_idx": 25, "type": "ORG"}, "object_entity": {"word": "\uae40\uc131\uc218", "start_idx": 0, "end_idx": 2, "type": "PER"}, "label": "no_relation", "source": "wikipedia"}, {"guid": "klue-re-v1_train_00038", "sentence": "\uad11\uc8fc\uad6d\uc545\uc0c1\uc124\uacf5\uc5f0\uc774 \uc138\uacc4\uc218\uc601\uc120\uc218\uad8c\ub300\ud68c \uae30\uac04\ub3d9\uc548 \uc5f0\uc774\uc5b4 \ub9e4\uc9c4\uc744 \uae30\ub85d\ud558\uba70 \uad11\uc8fc \ub300\ud45c \ubb38\ud654\uad00\uad11 \ucf58\ud150\uce20\ub85c \ud070 \ud638\uc751\uc744 \ubc1b\uace0 \uc788\ub294 \uac00\uc6b4\ub370 \uad6d\uc545\uc778 \ubc15\uc560\ub9ac\uac00 \ud638\ub0a8\uc758 \ud310\uc18c\ub9ac\ub97c \uc804 \uc138\uacc4\uc5d0 \uc54c\ub9b0\ub2e4.", "subject_entity": {"word": "\ubc15\uc560\ub9ac", "start_idx": 74, "end_idx": 76, "type": "PER"}, "object_entity": {"word": "\uad6d\uc545\uc778", "start_idx": 70, "end_idx": 72, "type": "POH"}, "label": "per:title", "source": "wikitree"}, {"guid": "klue-re-v1_train_00039", "sentence": "\uc55e\uc11c \uad6c\ud61c\uc120\uc740 \uc548\uc7ac\ud604\uc774 \uc18c\uc18d\uc0ac\uc778 HB\uc5d4\ud130\ud14c\uc778\uba3c\ud2b8\uc758 \ubb38\ubcf4\ubbf8 \ub300\ud45c\uc640 \uc790\uc2e0\uc744 \ud5d8\ub2f4\ud588\ub2e4\uace0 \uc8fc\uc7a5\ud55c \ubc14 \uc788\ub2e4.", "subject_entity": {"word": "HB\uc5d4\ud130\ud14c\uc778\uba3c\ud2b8", "start_idx": 18, "end_idx": 25, "type": "ORG"}, "object_entity": {"word": "\ubb38\ubcf4\ubbf8", "start_idx": 28, "end_idx": 30, "type": "PER"}, "label": "org:top_members/employees", "source": "wikitree"}, {"guid": "klue-re-v1_train_00040", "sentence": "\ubc30\uc6b0 \uc7a5\uc2e0\uc601(35) \uc528\uc640 \ub0a8\ud3b8 \uac15\uacbd\uc900(36) \uc528\uac00 \ub458\uc9f8\ub97c \ud488\uc5d0 \uc548\uc558\ub2e4.", "subject_entity": {"word": "\uac15\uacbd\uc900", "start_idx": 17, "end_idx": 19, "type": "PER"}, "object_entity": {"word": "\uc7a5\uc2e0\uc601", "start_idx": 3, "end_idx": 5, "type": "PER"}, "label": "per:spouse", "source": "wikitree"}, {"guid": "klue-re-v1_train_00041", "sentence": "\uc774 \uce90\ub9ad\ud130\uac00 \uc791\uac00 \uc2a4\ud0e0 \ub9ac\uc640 \ub9cc\ud654\uac00 \uc7ad \ucee4\ube44\uac00 \ub9cc\ub4e0 \"\" \uc5d0\uc11c \ucea1\ud2f4 \uc544\uba54\ub9ac\uce74\uc758 \uc804\uc7c1 \uc2dc\uc808 \uc560\uc815 \uc0c1\ub300\ub85c \ucc98\uc74c\uc73c\ub85c \ub4f1\uc7a5\ud558\uc600\uc744 \ub2f9\uc2dc\uc5d0\ub294 \uc774\ub984\uc774 \uc5c6\uc5c8\ub2e4.", "subject_entity": {"word": "\uc2a4\ud0e0 \ub9ac", "start_idx": 10, "end_idx": 13, "type": "PER"}, "object_entity": {"word": "\ub9cc\ud654\uac00", "start_idx": 16, "end_idx": 18, "type": "POH"}, "label": "no_relation", "source": "wikipedia"}, {"guid": "klue-re-v1_train_00042", "sentence": "2008-09 \uc2dc\uc98c, \uadf8\ub294 \ud398\ud398\uc758 10\uacbd\uae30 \ucd9c\uc7a5 \uc815\uc9c0 \uc9d5\uacc4\ub85c\ubd80\ud130 \uc218\ud61c\ub97c \ubc1b\uc740 \uc120\uc218\ub85c, 4-2\ub85c \uc774\uae34 \uc138\ube44\uc57c\uc640\uc758 \uacbd\uae30\uc5d0\uc11c \ud6cc\ub96d\ud55c \ud65c\uc57d\uc744 \ud3bc\ucce4\uc9c0\ub9cc, \ubc14\ub974\uc140\ub85c\ub098\uc640\uc758 \uc548\ubc29 \uacbd\uae30\uc5d0 2-6\uc73c\ub85c \ud328\ud560 \ub54c\uc5d0\ub3c4 \ucd9c\uc804\ud588\uace0, \uc790\uc2e0\uc758 \uc2a4\ud398\uc778 \ubb34\ub300 \ucd5c\ub2e4\uc778 12\uacbd\uae30 \ucd9c\uc7a5\uc744 \uae30\ub85d\ud588\ub2e4.", "subject_entity": {"word": "\uc138\ube44\uc57c", "start_idx": 56, "end_idx": 58, "type": "ORG"}, "object_entity": {"word": "\uc2a4\ud398\uc778", "start_idx": 119, "end_idx": 121, "type": "LOC"}, "label": "org:member_of", "source": "wikipedia"}, {"guid": "klue-re-v1_train_00043", "sentence": "\ub300\ud55c\ubbfc\uad6d\uc5d0\uc11c\ub294 2008\ub144 \ub300\uc6d0\ubbf8\ub514\uc5b4\u321c\uc5d0\uc11c \uc218\uc785\ud558\uc5ec \uc790\uc0ac\uc778 \ub300\uc6d0\ubc29\uc1a1\u321c\uc5d0\uc11c \ub354\ube59 \uc791\uc5c5\uc744 \uc9c4\ud589\ud558\uc5ec \u300a\uc9f1\uad6c\ub294 \ubabb\ub9d0\ub824 \uadf9\uc7a5\ud310: \ubd80\ub9ac\ubd80\ub9ac 3\ubd84 \ub300\uc791\uc804\u300b\uc774\ub77c\ub294 \uc774\ub984\uc73c\ub85c \ubc29\uc601\ub418\uc5c8\ub2e4.", "subject_entity": {"word": "\ub300\uc6d0\ubc29\uc1a1", "start_idx": 32, "end_idx": 35, "type": "ORG"}, "object_entity": {"word": "\ub300\uc6d0\ubbf8\ub514\uc5b4", "start_idx": 14, "end_idx": 18, "type": "ORG"}, "label": "org:member_of", "source": "wikipedia"}, {"guid": "klue-re-v1_train_00044", "sentence": "\ud589\uc815\uc548\uc804\ubd80(\ub9c8\uc744\uc790\uce58\uc640 \ub9c8\uc744\uacf5\ub3d9\uccb4 \uc7ac\uc815\uc6b4\uc601), \uad6d\ud1a0\uad50\ud1b5\ubd80\u2027LH\ud55c\uad6d\uc8fc\ud0dd\uacf5\uc0ac(\uc8fc\uac70), \uc5ec\uc131\uac00\uc871\ubd80\u2027\uacbd\ucc30\uccad(\uc5ec\uc131\uc548\uc804), \ubcf4\uac74\ubcf5\uc9c0\ubd80(\ubcf5\uc9c0 \uacf5\uacf5\uc131 \ud655\uc7a5) \ub4f1 \uc18c\uad00\uae30\uad00\ubfd0 \uc544\ub2c8\ub77c \uc11c\uc6b8 \uad00\uc545\uad6c(\uc5ec\uc131\uc548\uc804), \uacbd\uae30\ub3c4\u2027\ub300\uad6c\uad11\uc5ed\uc2dc\u2027\uc11c\uc6b8\ud2b9\ubcc4\uc2dc(\ubcf5\uc9c0 \uacf5\uacf5\uc131 \ud655\uc7a5) \ub4f1 \uc720\uc0ac \ubb38\uc81c\ub97c \uadf9\ubcf5\ud55c \ub2e4\ub978 \uc9c0\ubc29\uc790\uce58\ub2e8\uccb4\ub3c4 \ucc38\uc5ec\ud558\uc5ec \uc9c0\uc5ed\uc758 \uc0ac\ud68c\ubb38\uc81c\uc5d0 \ub300\ud55c \uc801\uc2e4\uc131 \uc788\ub294 \ud574\ubc95\uc744 \ubaa8\uc0c9\ud560 \uac83\uc73c\ub85c \uae30\ub300\ub41c\ub2e4.", "subject_entity": {"word": "\uacbd\ucc30\uccad", "start_idx": 51, "end_idx": 53, "type": "ORG"}, "object_entity": {"word": "\ud589\uc815\uc548\uc804\ubd80", "start_idx": 0, "end_idx": 4, "type": "ORG"}, "label": "no_relation", "source": "wikitree"}, {"guid": "klue-re-v1_train_00045", "sentence": "\uc601\uad6d\uc758 \uc81c\uc784\uc2a4 \ud074\ub77c\ud06c \ub85c\uc2a4(1800\ub144 ~ 1862\ub144) \uacbd\uc740 1839\ub144 10\uc6d4 \u2018\uc5d0\ub808\ubd80\uc2a4\u2019\ud638\uc640 \u2018\ud14c\ub7ec\u2019\ud638\ub85c \uc601\uad6d\uc744 \ub5a0\ub098 \uc790\ub0a8\uadf9\uc744 \ucc3e\uc544\uac14\ub2e4.", "subject_entity": {"word": "\uc81c\uc784\uc2a4 \ud074\ub77c\ud06c \ub85c\uc2a4", "start_idx": 4, "end_idx": 13, "type": "PER"}, "object_entity": {"word": "1800\ub144 ~ 1862\ub144", "start_idx": 15, "end_idx": 27, "type": "DAT"}, "label": "per:date_of_birth", "source": "wikipedia"}, {"guid": "klue-re-v1_train_00046", "sentence": "\uc5d0\ud53c\uc18c\ub4dc\uc5d0\uc11c\ub294 \uc678\uacc4 \uc2dc\uac04\uc5ec\ud589\uc790\uc778 \ub2e5\ud130 (\ud06c\ub9ac\uc2a4\ud1a0\ud37c \uc5d0\ud074\uc2a4\ud134)\uc774 \uc0c8\ub85c\uc6b4 \ub3d9\ud589\uc790 \ub85c\uc988 \ud0c0\uc77c\ub7ec (\ube4c\ub9ac \ud30c\uc774\ud37c)\ub97c \ud0c0\ub514\uc2a4\ub97c \uc774\uc6a9\ud55c \uccab\ubc88\uc9f8 \uc2dc\uacf5\uac04 \uc5ec\ud589\uc73c\ub85c 5,000,000\ub144\uc5d0 \ub370\ub824\uac04\ub2e4.", "subject_entity": {"word": "\ube4c\ub9ac \ud30c\uc774\ud37c", "start_idx": 51, "end_idx": 56, "type": "PER"}, "object_entity": {"word": "\ub85c\uc988 \ud0c0\uc77c\ub7ec", "start_idx": 43, "end_idx": 48, "type": "PER"}, "label": "per:alternate_names", "source": "wikipedia"}, {"guid": "klue-re-v1_train_00047", "sentence": "\ubc18\ubbfc\ud2b9\uc704\ub294 \uc870\uc0ac\ub97c \ub2f4\ub2f9\ud558\ub294 \ud2b9\ubcc4\uc870\uc0ac\uc704\uc6d0\ud68c, \uae30\uc18c \ubc0f \uc1a1\uce58 \uc5c5\ubb34\ub97c \ub2f4\ub2f9\ud558\ub294 \ud2b9\ubcc4\uac80\ucc30, \uc7ac\ud310\uc744 \ub2f4\ub2f9\ud558\ub294 \ud2b9\ubcc4\uc7ac\ud310\uc18c \ub4f1\uc744 \uad6d\ud68c\uc5d0 \ubcc4\ub3c4\ub85c \uc124\uce58.", "subject_entity": {"word": "\ubc18\ubbfc\ud2b9\uc704", "start_idx": 0, "end_idx": 3, "type": "ORG"}, "object_entity": {"word": "\ud2b9\ubcc4\uc870\uc0ac\uc704\uc6d0\ud68c", "start_idx": 15, "end_idx": 21, "type": "ORG"}, "label": "org:members", "source": "wikipedia"}, {"guid": "klue-re-v1_train_00048", "sentence": "\ud6c4\uae30 \ub0ad\ub9cc\uc801 \uc74c\uc545\uc758 \ud654\uc131\uc870\uc9c1\uc774\ub098 \uc0c9\ucc44\uc801\uc778 \uc624\ucf00\uc2a4\ud2b8\ub77c\uc758 \uc0ac\uc6a9\ubc95\uc774\ub77c\ub4e0\uac00 \uadf8\ub7ec\ud55c \uac1c\uac1c\uc758 \uae30\ubc95\uc5d0 \uc774\ub04c\ub838\uc5b4\ub3c4 \uace0\uc804\uc801\uc778 \uc74c\uc545\ud615\uc2dd\uc744 \uc800\ubc84\ub9ac\ub824\uace0 \ud558\ub294 \uadf8 \ubb34\ub835\uc758 \uc791\uace1\uacc4\uc758 \uc77c\ubc18\uc801\uc778 \uacbd\ud5a5\uc5d0\ub294 \ubc18\ub300\uc600\uace0 \uc0c8\ub85c\uc6b4 \uace0\uc804\uc8fc\uc758\ub97c \ubaa9\ud45c\ub85c \ud55c \uc810\uc5d0\uc11c \ub3c5\uc77c\uc758 \ub300\uc791\uace1\uac00 \ube0c\ub78c\uc2a4\uc758 \uc0dd\uac01\uacfc \uc77c\ub9e5\uc0c1\ud1b5\ud558\ub294 \ubc14\uac00 \uc788\uc5b4 \uc0ac\uc2e4 \ube0c\ub78c\uc2a4\uc5d0\uac8c\ub294 \ub9e4\uc6b0 \ucd1d\uc560\ub97c \ubc1b\uc544 \ub4dc\ubcf4\ub974\uc791\uc758 \uc791\ud488\uc774 1877\ub144 \uc774\ud6c4 \ubca0\ub97c\ub9b0\uc758 \uc9c0\ubbc0\ub85c\ud06c \uc74c\uc545\ucd9c\ud310\uc0ac\ub85c\ubd80\ud130 \ucd9c\ud310\ud558\uac8c \ub418\uc5c8\uace0, \uccb4\ucf54 \uc774\uc678\uc758 \ub098\ub77c\uc5d0\uc11c \uc5f0\uc8fc\ud558\uac8c \ub41c \uac83\ub3c4 \ube0c\ub78c\uc2a4\uc758 \uc18c\uac1c\ub85c \ub41c \uac83\uc774\uc5c8\ub2e4.", "subject_entity": {"word": "\ub4dc\ubcf4\ub974\uc791", "start_idx": 173, "end_idx": 176, "type": "PER"}, "object_entity": {"word": "\uc791\uace1\uac00", "start_idx": 127, "end_idx": 129, "type": "POH"}, "label": "per:title", "source": "wikipedia"}, {"guid": "klue-re-v1_train_00049", "sentence": "\ub54c\ubb38\uc5d0 \uac1c\ud45c\uac00 \ucd5c\uc885 \uc644\ub8cc\ub41c \uc624\uc804 8\uc2dc 6\ubd84 \uc911\uc559\uc120\uac70\uad00\ub9ac\uc704\uc6d0\ud68c\uc5d0\uc11c \ub300\ud1b5\ub839 \ub2f9\uc120\uc790 \uc120\uc5b8\uacfc \ub3d9\uc2dc\uc5d0 \ubb38\uc7ac\uc778 \ud6c4\ubcf4\ub294 \ub300\ud55c\ubbfc\uad6d\uc758 \ub300\ud1b5\ub839\uc774 \ub418\uc5c8\ub2e4.", "subject_entity": {"word": "\uc911\uc559\uc120\uac70\uad00\ub9ac\uc704\uc6d0\ud68c", "start_idx": 24, "end_idx": 32, "type": "ORG"}, "object_entity": {"word": "\ub300\ud55c\ubbfc\uad6d", "start_idx": 60, "end_idx": 63, "type": "LOC"}, "label": "org:member_of", "source": "wikipedia"}, {"guid": "klue-re-v1_train_00050", "sentence": "1924\ub144 11\uc6d4 26\uc77c\uc5d0\ub294 \uc815\ubd80 \ud615\ud0dc\ub97c \uad70\uc8fc\uc81c\uc5d0\uc11c \uc778\ubbfc \uacf5\ud654\uc81c\ub85c \uace0\uccd0 \uad6d\ud638\ub97c \ubabd\uace8 \uc778\ubbfc \uacf5\ud654\uad6d\uc73c\ub85c \uc815\ud558\uace0, \uc138\uacc4\uc5d0\uc11c 2\ubc88\uc9f8\ub85c \uacf5\uc0b0\uc8fc\uc758 \uad6d\uac00\uac00 \ub418\uc5c8\ub2e4.", "subject_entity": {"word": "\ubabd\uace8 \uc778\ubbfc \uacf5\ud654\uad6d", "start_idx": 44, "end_idx": 52, "type": "ORG"}, "object_entity": {"word": "\uacf5\ud654\uc81c", "start_idx": 32, "end_idx": 34, "type": "POH"}, "label": "org:political/religious_affiliation", "source": "wikipedia"}, {"guid": "klue-re-v1_train_00051", "sentence": "\uc0c8\uc815\uce58\uad6d\ubbfc\ud68c\uc758\ub294 \ud55c\ub098\ub77c\ub2f9 \ub0b4 \ubbfc\uc8fc\uacc4 \uc758\uc6d0\ub4e4\uc744, \uc790\uc720\ubbfc\uc8fc\uc5f0\ud569\uc740 \ubbfc\uc815\uacc4 \uc758\uc6d0\ub4e4\uc744 \uac01\uac01 \uc811\ucd09\ud558\uc5ec \ubc18\ub780 \ud45c\ub97c \ubd80\ud0c1\ud588\uc73c\uba70, \ud55c\ub098\ub77c\ub2f9\uc740 \ubc18\ub300\ub85c \uc790\uc720\ubbfc\uc8fc\uc5f0\ud569 \ub0b4 \ucda9\uccad\uad8c \uc758\uc6d0\ub4e4\uc744 \uc811\ucd09\ud558\uc5ec \"\uad6d\ud68c\uc758\uc7a5\uc744 \ub0b4\uc8fc\uc9c0 \uc54a\uc73c\uba74 \ucd1d\ub9ac \uc778\uc900\ub3c4 \uc5c6\ub2e4\"\ub294 \uc2dd\uc758 \uc555\ubc15\uc744 \uac00\ud588\ub2e4.", "subject_entity": {"word": "\uc790\uc720\ubbfc\uc8fc\uc5f0\ud569", "start_idx": 26, "end_idx": 31, "type": "ORG"}, "object_entity": {"word": "\ud55c\ub098\ub77c\ub2f9", "start_idx": 9, "end_idx": 12, "type": "ORG"}, "label": "no_relation", "source": "wikipedia"}, {"guid": "klue-re-v1_train_00052", "sentence": "(KIA \ub0b4\uc57c\uc218 \uadf8, \ud22c\uc218 \uc774\ub3d9\ud604, \uc678\uc57c\uc218 \uae40\uacbd\uc5b8 \u2194 \ud55c\ud654 \ud22c\uc218 \uc548\uc601\uba85, \ubc15\uc131\ud638, \uc678\uc57c\uc218 \uae40\ub2e4\uc6d0). \uc774 \ud2b8\ub808\uc774\ub4dc \uc0c1\ub300 \uc911 \uc548\uc601\uba85\uc740 \uc774\ub4ec\ud574 \uc774\ubc94\ud638\uc758 \ubcf4\uc0c1 \uc120\uc218\ub85c \ud300\uc5d0 \ubcf5\uadc0\ud588\ub2e4.", "subject_entity": {"word": "\uae40\uacbd\uc5b8", "start_idx": 24, "end_idx": 26, "type": "PER"}, "object_entity": {"word": "\uc678\uc57c\uc218", "start_idx": 20, "end_idx": 22, "type": "POH"}, "label": "per:title", "source": "wikipedia"}, {"guid": "klue-re-v1_train_00053", "sentence": "\uacf5\ubb34\uc6d0\uc5f0\uae08\uacf5\ub2e8(\uc774\uc0ac\uc7a5 \uc815\ub0a8\uc900)\uc740 10\uc6d4 28\uc77c\ubd80\ud130 11\uc6d4 1\uc77c\uae4c\uc9c0 '\uc778\uad8c \uc874\uc911\u00b7\ubc30\ub824 \uc8fc\uac04'\uc744 \uc6b4\uc601\ud558\uc5ec \uc9c1\uc7a5 \ub0b4 \uad34\ub86d\ud798 \uadfc\uc808 \ub4f1 \uc778\uad8c\uacbd\uc601 \uc2e4\ucc9c\uc5d0 \uc55e\uc7a5\uc120\ub2e4.", "subject_entity": {"word": "\uacf5\ubb34\uc6d0\uc5f0\uae08\uacf5\ub2e8", "start_idx": 0, "end_idx": 6, "type": "ORG"}, "object_entity": {"word": "\uc815\ub0a8\uc900", "start_idx": 12, "end_idx": 14, "type": "PER"}, "label": "org:top_members/employees", "source": "wikitree"}, {"guid": "klue-re-v1_train_00054", "sentence": "\uadf8\ub294 \uc5b4\ub824\uc11c \uc0dd\ubaa8\uc778 \ud3d0\ube44 \uc724\uc528\uac00 \uc544\ub2cc \uacc4\ubaa8 \uc815\ud604\uc655\ud6c4\uc758 \uc544\ub4e4\uc778 \uac83\ucc98\ub7fc \uc131\uc7a5\ud558\uc600\ub2e4.", "subject_entity": {"word": "\uc815\ud604\uc655\ud6c4", "start_idx": 24, "end_idx": 27, "type": "PER"}, "object_entity": {"word": "\ud3d0\ube44 \uc724\uc528", "start_idx": 11, "end_idx": 15, "type": "PER"}, "label": "no_relation", "source": "wikipedia"}, {"guid": "klue-re-v1_train_00055", "sentence": "\uc774 \uc815\ub2f9\uc740 1870\ub144 \ud504\ub85c\uc774\uc13c \uc815\ubd80\uac00 \ub85c\ub9c8 \uac00\ud1a8\ub9ad\uad50\ud68c\uc758 \ud798\uc744 \uc904\uc774\uae30 \uc704\ud574 \ubb38\ud654\ud22c\uc7c1\uc744 \uc2dc\uc791\ud558\uc790 \ub3c5\uc77c\uc758 \uac00\ud1a8\ub9ad\uad50\ub3c4\ub4e4\uc758 \ud798\uc744 \ubaa8\uc73c\uace0 \ub85c\ub9c8 \uac00\ud1a8\ub9ad \uad50\ub3c4\uc758 \uc774\uc775\uc744 \uc639\ud638\ud558\uae30 \uc704\ud558\uc5ec \ucc3d\uc124\ub41c \uc815\ub2f9\uc774\ub2e4.", "subject_entity": {"word": "\ud504\ub85c\uc774\uc13c", "start_idx": 12, "end_idx": 15, "type": "ORG"}, "object_entity": {"word": "\ub85c\ub9c8 \uac00\ud1a8\ub9ad", "start_idx": 21, "end_idx": 26, "type": "ORG"}, "label": "no_relation", "source": "wikipedia"}, {"guid": "klue-re-v1_train_00056", "sentence": "1555\ub144 \uce74\ub97c 5\uc138\uc758 \ud1f4\uc704\ub85c, \uadf8\uc758 \uc601\uc9c0\ub294 \uc544\ub4e4 \uc2a4\ud398\uc778\uc758 \uad6d\uc655 \ud3a0\ub9ac\ud398 2\uc138\uc640 \ub3d9\uc0dd \ud398\ub974\ub514\ub09c\ud2b8 1\uc138 \ub458 \uc0ac\uc774\ub85c \ub098\ub258\uc5c8\ub2e4.", "subject_entity": {"word": "\uce74\ub97c 5\uc138", "start_idx": 6, "end_idx": 10, "type": "PER"}, "object_entity": {"word": "\ud3a0\ub9ac\ud398", "start_idx": 36, "end_idx": 38, "type": "PER"}, "label": "per:children", "source": "wikipedia"}, {"guid": "klue-re-v1_train_00057", "sentence": "2018\ub144 4\uc6d4 11\uc77c \uc815\uc758\ub2f9\uc758 \ucd94\ud61c\uc120 \ub300\ubcc0\uc778\uc740 \"\uae40\uae30\uc2dd\uc758 \ud574\uba85\uacfc \uccad\uc640\ub300\uc758 \uc785\uc7a5 \ubc1c\ud45c\ub294 \ub4dc\ub7ec\ub09c \ubb38\uc81c\uc810\ub4e4\uc5d0 \ub300\ud55c \ubd88\uc2e0\uc744 \ud574\uc18c\ud558\uae30\uc5d0 \uc5ec\uc804\ud788 \ubd88\ucda9\ubd84\ud558\uace0, \uc624\ud788\ub824 \ucd94\uac00\ub85c \uc758\ud639\ub4e4\uc774 \ub4dc\ub7ec\ub098\uace0 \uc788\ub294 \uc0c1\ud669\"\uc774\ub77c\uba70 \"\uae08\uac10\uc6d0\uc7a5\uc740 \ub6f0\uc5b4\ub09c \uacf5\uc815\uc131\uacfc \ub3c4\ub355\uc131\uc774 \uc694\uad6c\ub418\ub294 \uc790\ub9ac\uc778 \ub9cc\ud07c, \ub17c\ub780\uc774 \uc9c0\uc18d\ub41c\ub2e4\uba74 \uc81c\ub300\ub85c \ub41c \uac1c\ud601\uc744 \uae30\ub300\ud558\uae30\ub3c4 \uc5b4\ub824\uc6b8 \uac83\"\uc774\ub77c\uace0 \ub9d0\ud558\uba70 \uae40\uae30\uc2dd\uc758 \uc0ac\ud1f4\ub97c \ucd09\uad6c\ud558\uc600\ub2e4.", "subject_entity": {"word": "\ucd94\ud61c\uc120", "start_idx": 18, "end_idx": 20, "type": "PER"}, "object_entity": {"word": "\ub300\ubcc0\uc778", "start_idx": 22, "end_idx": 24, "type": "POH"}, "label": "per:title", "source": "wikipedia"}, {"guid": "klue-re-v1_train_00058", "sentence": "\uba58\ud1a0\ub85c \ubba4\uc9c0\uceec \ubc30\uc6b0 \uc5c4\uae30\uc900, \ucc28\uc9c0\uc5f0, \ud55c\uc9c0\uc0c1, \ub9c8\uc774\ud074\ub9ac\uc640 \ubb34\ub300\uc5f0\ucd9c\uac00 \uc774\uc9c0\ub098 \uc528\uac00 \ucd9c\uc5f0 \uc911\uc774\ub2e4.", "subject_entity": {"word": "\ucc28\uc9c0\uc5f0", "start_idx": 16, "end_idx": 18, "type": "PER"}, "object_entity": {"word": "\ubba4\uc9c0\uceec \ubc30\uc6b0", "start_idx": 4, "end_idx": 9, "type": "POH"}, "label": "per:title", "source": "wikitree"}, {"guid": "klue-re-v1_train_00059", "sentence": "\uc774\uc5d0 \ucd5c\uc7ac\ud638 \ubb34\ud559\uadf8\ub8f9 \ud68c\uc7a5\uc740 \u201c\ubb34\ud559\uc758 90\uc8fc\ub144\uc744 \ucd95\ud558\ud574\uc8fc\uae30 \uc704\ud574 \uba3c \uac78\uc74c\ud574\uc8fc\uc2e0 \uc804\ud638\ud658 \ubd80\uc0b0\ub300\ud559\uad50 \ucd1d\uc7a5\uc744 \ube44\ub86f\ud55c \uc784\uc9c1\uc6d0\ubd84\ub4e4\uaed8 \uac10\uc0ac\ud558\ub2e4\u201d\uba70 \u201c\uae30\uc5c5\uc758 \uc2b9\uc2b9\uc7a5\uad6c\ub97c \uae30\uc6d0\ud574\uc8fc\uc2e0 \ub9cc\ud07c \uadf8 \ub73b\uc5d0 \ubb34\ud559 \uc784\uc9c1\uc6d0 \ubaa8\ub450 \uc9c0\uc5ed \uacbd\uc81c\uc5d0 \ubcf4\ud0ec\uc774 \ub420 \uc218 \uc788\ub3c4\ub85d \uc5f4\uc2ec\ud788 \ub178\ub825\ud558\uaca0\ub2e4\u201d\uace0 \ub2f5\ud588\ub2e4.", "subject_entity": {"word": "\ubd80\uc0b0\ub300\ud559\uad50", "start_idx": 48, "end_idx": 52, "type": "ORG"}, "object_entity": {"word": "\uc804\ud638\ud658", "start_idx": 44, "end_idx": 46, "type": "PER"}, "label": "org:top_members/employees", "source": "wikitree"}, {"guid": "klue-re-v1_train_00060", "sentence": "\uace1\uc131\uad70(\uad70\uc218 \uc720\uadfc\uae30)\uc774 \u2018\ud76c\ub9dd 2019 \ub098\ub214\ucea0\ud398\uc778 \uc6b0\uc218\uae30\uad00\u2019\uc73c\ub85c \uc120\uc815\ub3fc \uc804\ub0a8\uacf5\ub3d9\ubaa8\uae08\ud68c\ub85c\ubd80\ud130 \uac10\uc0ac\ud328\ub97c \uc804\ub2ec\ubc1b\uc558\ub2e4.", "subject_entity": {"word": "\uace1\uc131\uad70", "start_idx": 0, "end_idx": 2, "type": "ORG"}, "object_entity": {"word": "\uc720\uadfc\uae30", "start_idx": 7, "end_idx": 9, "type": "PER"}, "label": "org:top_members/employees", "source": "wikitree"}, {"guid": "klue-re-v1_train_00061", "sentence": "\ud55c\ud3b8 \uc11c\uc815\uc131 \uc608\ube44\ud6c4\ubcf4\ub294 \ubb38\uc7ac\uc778 \ub300\ud1b5\ub839\uc9c1\uc18d \uad6d\uac00\uade0\ud615\ubc1c\uc804\uc704\uc6d0\ud68c \uad6d\ubbfc\uc18c\ud1b5 \ud2b9\ubcc4\uc704\uc6d0\uacfc \ub354\ubd88\uc5b4\ubbfc\uc8fc\ub2f9 \uad6d\ubbfc\ud1b5\ud569\uc704\uc6d0\ud68c \ubd80\uc704\uc6d0\uc7a5\uc73c\ub85c \ud65c\ub3d9\ud558\uba70 \ubb38\uc7ac\uc778 \uc815\ubd80\uc758 \uc18c\ud1b5 \ucc3d\uad6c \uc5ed\ud560\uacfc \ub354\ubd88\uc5b4 \uad11\uc8fc \ub0a8\uad6c\uc758\uc0ac\ud68c\uc7a5, \uc544\uc774\uc548\uacfc \ub300\ud45c\uc6d0\uc7a5 \ubc0f \ubbfc\uc871\ud654\ud574\ud611\ub825\ubc94\uad6d\ubbfc\ud611\uc758\ud68c \uc758\ub8cc\ubcf4\uac74\uc704\uc6d0\uc7a5\uc73c\ub85c \ud65c\ub3d9\ud558\uace0 \uc788\ub2e4.", "subject_entity": {"word": "\ubb38\uc7ac\uc778", "start_idx": 71, "end_idx": 73, "type": "PER"}, "object_entity": {"word": "\ub354\ubd88\uc5b4\ubbfc\uc8fc\ub2f9", "start_idx": 44, "end_idx": 49, "type": "ORG"}, "label": "no_relation", "source": "wikitree"}, {"guid": "klue-re-v1_train_00062", "sentence": "\uae40\ub3d9\uc131(\u91d1\u6771\u8056, 1980\ub144 2\uc6d4 9\uc77c ~)\uc740 \ub300\ud55c\ubbfc\uad6d\uc758 \uc1fc\ud2b8\ud2b8\ub799 \uc120\uc218\uc774\ub2e4.", "subject_entity": {"word": "\uae40\ub3d9\uc131", "start_idx": 0, "end_idx": 2, "type": "PER"}, "object_entity": {"word": "1980\ub144 2\uc6d4 9\uc77c", "start_idx": 9, "end_idx": 19, "type": "DAT"}, "label": "per:date_of_birth", "source": "wikipedia"}, {"guid": "klue-re-v1_train_00063", "sentence": "\uc774\uc778\uc218\uc758 \uc544\ub0b4 \uc870\ud61c\uc790\uc5d0 \uc758\ud558\uba74 \"\ubc15\uc528 \ubd80\uc778\uc740 \uc774\uc2b9\ub9cc\uc744 \uc625\ubc14\ub77c\uc9c0\ud588\uc744 \ubfd0\ub9cc \uc544\ub2c8\ub77c \uc2dc\uc544\ubc84\uc9c0(\uc774\uacbd\uc120)\uc758 \uc0b0\uc18c\ub97c \ud669\ud574\ub3c4 \ud3c9\uc0b0\uc73c\ub85c \uc774\uc7a5\ud588\ub358 \ubd84\"\uc774\ub77c\uba70 \"\uadf8\ubd84\uc740 \uc120\uad50\uc0ac\ub4e4\uacfc \uad50\uc720\ud558\uba70 \uc601\uc5b4\uc640 \uc77c\uc5b4, \uc911\uad6d\uc5b4, \ub7ec\uc2dc\uc544\uc5b4\uae4c\uc9c0 \uc18c\ud1b5\uc774 \uac00\ub2a5\ud588\ub358 \uc778\ud154\ub9ac \uc5ec\uc7a5\ubd80\uc600\ub2e4\uace0 \ub4e4\uc5c8\ub2e4\"\uace0 \ud588\ub2e4.", "subject_entity": {"word": "\uc774\uc2b9\ub9cc", "start_idx": 25, "end_idx": 27, "type": "PER"}, "object_entity": {"word": "\uc774\uc778\uc218", "start_idx": 0, "end_idx": 2, "type": "PER"}, "label": "no_relation", "source": "wikipedia"}, {"guid": "klue-re-v1_train_00064", "sentence": "\uc138\ub9ac\uc5d0 B\uc5d0\uc11c \uc131\uacf5\uc801\uc778 \uc2dc\uc98c\uc744 \ubcf4\ub0b8 \ud6c4, \uc138\ub9ac\uc5d0 A\uc758 UC \uc0bc\ud504\ub3c4\ub9ac\uc544\ub85c \uc774\uc801\ud588\uc73c\uba70, \ub450 \uc2dc\uc98c \uac04 (2004-05, 2005-06) 62\uacbd\uae30\uc5d0\uc11c 7\uace8\uc744 \ub123\uc5c8\ub2e4.", "subject_entity": {"word": "\uc138\ub9ac\uc5d0 B", "start_idx": 0, "end_idx": 4, "type": "ORG"}, "object_entity": {"word": "\uc138\ub9ac\uc5d0 A", "start_idx": 23, "end_idx": 27, "type": "ORG"}, "label": "no_relation", "source": "wikipedia"}, {"guid": "klue-re-v1_train_00065", "sentence": "\uae40\uc885\uc2dd \ubaa9\ud3ec\uc2dc\uc7a5\uc744 \ube44\ub86f\ud55c \ubaa9\ud3ec\uc2dc\uccad \uc9c1\uc6d0 150\uc5ec\uba85\uc740 2020\ud559\ub144\ub3c4 \ub300\ud559\uc218\ud559\ub2a5\ub825\uc2dc\ud5d8\uc774 \uce58\ub7ec\uc9c4 14\uc77c \uc544\uce68 \ubaa9\ud3ec\ub9c8\ub9ac\uc544\ud68c\uace0\ub4f1\ud559\uad50\ub97c \ube44\ub86f\ud55c 7\uac1c \uc2dc\ud5d8\uc7a5\uc744 \ucc3e\uc544 \uc218\ud5d8\uc0dd\uc744 \uc751\uc6d0\ud558\uace0 \ud559\ubd80\ubaa8\ub97c \uaca9\ub824\ud588\ub2e4.", "subject_entity": {"word": "\ubaa9\ud3ec\uc2dc", "start_idx": 14, "end_idx": 16, "type": "ORG"}, "object_entity": {"word": "\uae40\uc885\uc2dd", "start_idx": 0, "end_idx": 2, "type": "PER"}, "label": "org:top_members/employees", "source": "wikitree"}, {"guid": "klue-re-v1_train_00066", "sentence": "\uadf8\ub294 \u201c\ud604\ub300\ubaa8\ube44\uc2a4\ub294 Mild HEV\ubd80\ud130 BEV\uae4c\uc9c0 \uc804 xEV \ud50c\ub7ab\ud3fc\uc744 \ubaa8\ub4c8\ud654\ud574 \ud604\ub300\uae30\uc544\ucc28\uc5d0 \uacf5\uae09 \uc911\uc73c\ub85c E-GMP \ud50c\ub7ab\ud3fc\uc758 \ucd08\uae30 \ubb3c\ub7c9\uc744 \ub3c5\uc810 \uacf5\uae09\ud560 \uc608\uc815\u201d\uc774\ub77c\uba70 \u201cE-GMP \ud50c\ub7ab\ud3fc BEV\uc758 \uc0dd\uc0b0\uc774 \ubcf8\uaca9\ud654\ub418\ub294 2021\ub144 \uc774\ud6c4 \uc804\ub3d9\ud654 \ubd80\ubb38 \ub9e4\ucd9c\uc758 \uae09\uaca9\ud55c \uc131\uc7a5\uc774 \uc608\uc0c1\ub41c\ub2e4\u201d\uace0 \uc804\ub9dd\ud588\ub2e4.", "subject_entity": {"word": "\ud604\ub300\uae30\uc544\ucc28", "start_idx": 44, "end_idx": 48, "type": "ORG"}, "object_entity": {"word": "\ud604\ub300\ubaa8\ube44\uc2a4", "start_idx": 4, "end_idx": 8, "type": "ORG"}, "label": "no_relation", "source": "wikitree"}, {"guid": "klue-re-v1_train_00067", "sentence": "1984\ub144\uc5d0\ub294 \ud3ec\uc2a4\ud2b8\uc2dc\uc98c\uc744 \ud3ec\ud568\ud574 56\uacbd\uae30 324.2\uc774\ub2dd, 31\uc2b9, 6\uc138\uc774\ube0c, 18\uc644\ud22c, 258\ud0c8\uc0bc\uc9c4(\ud55c\uad6d\uc2dc\ub9ac\uc988 5\uacbd\uae30 40\uc774\ub2dd, 4\uc2b9, 4\uc644\ud22c, 35\ud0c8\uc0bc\uc9c4)\uc73c\ub85c KBO \ub9ac\uadf8 \uc5ed\uc0ac\uc0c1 \uc720\uc77c\ud558\uac8c \ud55c\uad6d\uc2dc\ub9ac\uc988 4\uc2b9\uc744 \uc62c\ub9ac\uba70 1984\ub144 \ub86f\ub370 \uc790\uc774\uc5b8\uce20\uac00 \ucc3d\ub2e8 \uccab \uc6b0\uc2b9\uc744 \ud558\ub294 \ub370 \ud06c\uac8c \uae30\uc5ec\ud558\ub294 \ub4f1 KBO \ub9ac\uadf8 \ucd08\ucc3d\uae30\ub97c \uc774\ub04c\uc5c8\ub2e4.", "subject_entity": {"word": "\ub86f\ub370 \uc790\uc774\uc5b8\uce20", "start_idx": 127, "end_idx": 133, "type": "ORG"}, "object_entity": {"word": "1984\ub144", "start_idx": 121, "end_idx": 125, "type": "DAT"}, "label": "org:founded", "source": "wikipedia"}, {"guid": "klue-re-v1_train_00068", "sentence": "\uacbd\uc131\ub300\ud559\uad50 \uc7ac\ud559 \uc2dc\uc808 \uc6b0\uc644 \ud22c\uc218 \uae40\uae30\ud45c\uc640 \uc785\ud559 \ub3d9\uae30\uc0dd\uc774\uc5c8\ub294\ub370 \uc774 \ub458\uc740 \uc785\ub2e8 \ub2f9\uc2dc \uac01\uac01 '\uc88c\uc6d0\uc0bc', '\uc6b0\uae30\ud45c'\ub85c \ubd88\ub838\ub2e4.", "subject_entity": {"word": "\uae40\uae30\ud45c", "start_idx": 18, "end_idx": 20, "type": "PER"}, "object_entity": {"word": "\uacbd\uc131\ub300", "start_idx": 0, "end_idx": 2, "type": "ORG"}, "label": "per:schools_attended", "source": "wikipedia"}, {"guid": "klue-re-v1_train_00069", "sentence": "\uce78\ud2b8\ub294 \ubbf8(\u7f8e)\ub780 \uc22d\uace0\ud568\uc774\ub2e4\ub77c\uace0 \uc8fc\uc7a5\ud558\uc600\ub294\ub370 \uadf8\uc758 \uc774\ub7ec\ud55c \uc8fc\uc7a5\uc740 \uc70c\ub9ac\uc5c4 \ud130\ub108(Joseph Mallord William Turner)\uc640 \uac19\uc740 \ub0ad\ub9cc\uc8fc\uc758 \ud654\uac00\ub4e4\uc5d0\uac8c \ubc1b\uc544\ub4e4\uc5ec\uc84c\ub2e4.", "subject_entity": {"word": "\uc70c\ub9ac\uc5c4 \ud130\ub108", "start_idx": 36, "end_idx": 41, "type": "PER"}, "object_entity": {"word": "\ub0ad\ub9cc\uc8fc\uc758", "start_idx": 78, "end_idx": 81, "type": "POH"}, "label": "no_relation", "source": "wikipedia"}, {"guid": "klue-re-v1_train_00070", "sentence": "\ud30c\ub098\uc18c\ub2c9\uc774 \ub300\ub9cc \ub204\ubcf4\ud1a4 \ud14c\ud06c\ub180\ub85c\uc9c0\uc5d0 \ubc18\ub3c4\uccb4 \ubd80\ubb38 \uc8fc\uc2dd\uc744 \ub9e4\uac01\ud55c\ub2e4\uace0 \ub2c8\ud63c\uac8c\uc774\uc790\uc774\uc2e0\ubb38\uc774 28\uc77c \ubcf4\ub3c4\ud588\ub2e4.", "subject_entity": {"word": "\ub204\ubcf4\ud1a4", "start_idx": 9, "end_idx": 11, "type": "ORG"}, "object_entity": {"word": "\ubc18\ub3c4\uccb4", "start_idx": 20, "end_idx": 22, "type": "POH"}, "label": "no_relation", "source": "wikitree"}, {"guid": "klue-re-v1_train_00071", "sentence": "\ub514\uc5d0\uace0 \ubca0\ub0a0\ub9ac\uc624\uac00 \ud604\uc7ac \uad6d\uac00\ub300\ud45c\ud300\uc758 \uc8fc\uc804 \uace8\ud0a4\ud37c\ub97c \ub9e1\uace0 \uc788\uc73c\uba70, \uadf8\uc640 \ubc14\uc824\uc758 \uc580 \uc870\uba38\uac00 \ubc31\uc5c5 \uace8\ud0a4\ud37c \uc790\ub9ac\ub97c \ub450\uace0 \uacbd\ud569\ud558\uace0 \uc788\ub2e4.", "subject_entity": {"word": "\ub514\uc5d0\uace0 \ubca0\ub0a0\ub9ac\uc624", "start_idx": 0, "end_idx": 7, "type": "PER"}, "object_entity": {"word": "\uace8\ud0a4\ud37c", "start_idx": 23, "end_idx": 25, "type": "POH"}, "label": "per:title", "source": "wikipedia"}, {"guid": "klue-re-v1_train_00072", "sentence": "\ub0c9\uc804 \ub3d9\uc548 \ub3c5\uc77c \uc5f0\ubc29\uad70\uc740 NATO\uc758 \uc11c\uc720\ub7fd \ubc29\uc704\uc758 \uc8fc\ub825\uad70\uc774 \ub418\uc5c8\uc73c\uba70 \uc804\uad70\uc744 \ud1b5\ud2c0\uc5b4 49\ub9cc 5,000\uba85\uc758 \ubcd1\ub825\uacfc 17\ub9cc\uba85\uc758 \uad70\ubb34\uc6d0\uc744 \uac70\ub290\ub9ac\uace0 \uc788\uc5c8\ub2e4.", "subject_entity": {"word": "\ub3c5\uc77c \uc5f0\ubc29\uad70", "start_idx": 6, "end_idx": 11, "type": "ORG"}, "object_entity": {"word": "49\ub9cc 5,000\uba85", "start_idx": 46, "end_idx": 55, "type": "NOH"}, "label": "org:number_of_employees/members", "source": "wikipedia"}, {"guid": "klue-re-v1_train_00073", "sentence": "\uc774\ud6c4 \uc0c8\ucc9c\ub144\ubbfc\uc8fc\ub2f9\uc740 \ub2e4\ub978 \uc138\ub825\ub4e4\uacfc \uc774\ud569\uc9d1\uc0b0\uc744 \uac70\ub4ed\ud55c \ub05d\uc5d0 \ub354\ubd88\uc5b4\ubbfc\uc8fc\ub2f9\uc774 \ub418\uace0, \ud1b5\ud569\uc9c4\ubcf4\ub2f9\uc740 \ud1b5\ud569\uc9c4\ubcf4\ub2f9 \ud574\uc0b0\uc2ec\ud310\uc0ac\uac74\uc73c\ub85c \uc640\ud574\ub418\uc5c8\uc73c\ub098 \ub2e4\uc2dc \uacb0\uc9d1\ud558\uc5ec \ubbfc\uc911\ub2f9\uc744 \ucc3d\ub2f9\ud558\uc600\uc73c\uba70, \ub0a8\uc740 NL\uc138\ub825\uc740 \ubbfc\uc911\uc5f0\ud569\ub2f9\uc744 \ucc3d\ub2f9\ud558\uac8c \ub41c\ub2e4.", "subject_entity": {"word": "\ubbfc\uc911\ub2f9", "start_idx": 81, "end_idx": 83, "type": "ORG"}, "object_entity": {"word": "\ubbfc\uc8fc\ub2f9", "start_idx": 6, "end_idx": 8, "type": "ORG"}, "label": "no_relation", "source": "wikipedia"}, {"guid": "klue-re-v1_train_00074", "sentence": "\uc77c\ubd80\ub294 \ubbf8\uad6d \ub3c5\ub9bd \uc804\uc7c1 \uc911\uc5d0 \ud65c\uc57d\uc744 \ud558\uc600\uc73c\uba70, \uc774\ub358 \uc568\ub7f0\uc774 \uc774\ub044\ub294 \uadf8\ub9b0 \ub9c8\uc6b4\ud2f4 \ubcf4\uc774\uc2a4\ub294 1775\ub144 5\uc6d4 10\uc77c \uc0f9\ud50c\ub808\uc778 \ud638\uc218\uc5d0 \uc788\ub294 \ud0c0\uc774\ucee8\ub354\ub85c\uac00 \uc694\uc0c8\ub97c \ud568\ub77d\uc2dc\ud0a4\uae30\ub3c4 \ud588\uc73c\uba70, 1775\ub144\uc5d0\ub294 \uce90\ub098\ub2e4 \uce68\uacf5 \uc791\uc804\uc5d0 \ucc38\uc804\ud558\uc600\uace0, 1777\ub144\uc5d0\ub294 \ud5c8\ubc84\ub4dc\ud134\uacfc \ubca0\ub2dd\ud134 \uc804\ud22c\uc5d0\ub3c4 \ucc38\uc804\uc744 \ud558\uc600\ub2e4.", "subject_entity": {"word": "\uc774\ub358 \uc568\ub7f0", "start_idx": 26, "end_idx": 30, "type": "PER"}, "object_entity": {"word": "\uadf8\ub9b0 \ub9c8\uc6b4\ud2f4 \ubcf4\uc774\uc2a4", "start_idx": 37, "end_idx": 46, "type": "PER"}, "label": "per:employee_of", "source": "wikipedia"}, {"guid": "klue-re-v1_train_00075", "sentence": "\ub354\uad70\ub2e4\ub098 \uc774\ub0a0 \uacbd\uae30\uc5d0\ub294 \uc794\ub2c8 \uc778\ud310\ud2f0\ub178 \uad6d\uc81c\ucd95\uad6c\uc5f0\ub9f9(FIFA) \ud68c\uc7a5\uae4c\uc9c0 \uad00\uc804\ud588\uc9c0\ub9cc \ubd81\ud55c\uc740 '\ubb34\uad00\uc911 \uc0c1\ud0dc'\ub85c \ud0a5\uc624\ud504\uc5d0 \ub098\uc130\ub2e4.", "subject_entity": {"word": "\uad6d\uc81c\ucd95\uad6c\uc5f0\ub9f9", "start_idx": 21, "end_idx": 26, "type": "ORG"}, "object_entity": {"word": "\uc794\ub2c8 \uc778\ud310\ud2f0\ub178", "start_idx": 13, "end_idx": 19, "type": "PER"}, "label": "org:top_members/employees", "source": "wikitree"}, {"guid": "klue-re-v1_train_00076", "sentence": "1727\ub144(\uc639\uc815 5\ub144), \uc639\uc815\uc81c\ub294 \uc790\uc2e0\uc758 \uc2ec\ubcf5\uc774\uc790 \uacfc\uac70 \uc0ac\ucc9c \uc21c\ubb34\ub85c \uadf8 \uacf3 \uc0ac\uc815\uc744 \uc798 \uc54c\ub358 \uc5f0\uac31\uc694\ub97c \ubb34\uc6d0\ub300\uc7a5\uad70\uc73c\ub85c \uc0bc\uace0 23\ub9cc\uc758 \uad70\uc0ac\ub97c \ubcf4\ub0b4 \ud2f0\ubca0\ud2b8\uad70\uacfc \uc2f8\uc6b0\uac8c \ud558\uc600\ub2e4.", "subject_entity": {"word": "\uc5f0\uac31\uc694", "start_idx": 51, "end_idx": 53, "type": "PER"}, "object_entity": {"word": "\ubb34\uc6d0\ub300\uc7a5\uad70", "start_idx": 56, "end_idx": 60, "type": "POH"}, "label": "per:title", "source": "wikipedia"}, {"guid": "klue-re-v1_train_00077", "sentence": "\ubb38\uc7ac\uc778 \ub300\ud1b5\ub839 \ubd80\uc778 \uae40\uc815\uc219 \uc5ec\uc0ac\uac00 22\uc77c \uc624\ud6c4 \uad11\uc8fc \uad11\uc0b0\uad6c \ub0a8\ubd80\ub300 \uc2dc\ub9bd\uad6d\uc81c\uc218\uc601\uc7a5\uc5d0\uc11c \uc5f4\ub9b0 2019 \uad11\uc8fc\uc138\uacc4\uc218\uc601\uc120\uc218\uad8c\ub300\ud68c\uc5d0\uc11c \uc774\uc6a9\uc12d \uc870\uc9c1\uc704\uc6d0\uc7a5\uacfc \uae40\uc11c\uc601\uc758 \uacbd\uae30\ub97c \uad00\ub78c\ud558\uace0 \uc788\ub2e4.", "subject_entity": {"word": "\ubb38\uc7ac\uc778", "start_idx": 0, "end_idx": 2, "type": "PER"}, "object_entity": {"word": "\uae40\uc815\uc219", "start_idx": 11, "end_idx": 13, "type": "PER"}, "label": "per:spouse", "source": "wikitree"}, {"guid": "klue-re-v1_train_00078", "sentence": "\ub2f9\uc2dc \uadf8\uc758 \uc7a5\ub0a8(\uc774\uc790 \uc774\uc2b9\ub9cc\uc758 \uc591\uc790\ub85c\uc368 \ub2f9\ub300 \uc774\uc2b9\ub9cc\uc758 \uad8c\ub825\uc744 \ubc18\uc99d\ud558\ub294 \uac00\uc9dc \uc774\uac15\uc11d \uc0ac\uac74\uc73c\ub85c \uc798 \uc54c\ub824\uc9c4) \uc774\uac15\uc11d \uc18c\uc704\ub294 \uc774\uc2b9\ub9cc\uc758 \uc591\uc790\ub85c \ub4e4\uc5b4\uac00 \uc788\uc5c8\ub294\ub370, 4\uc6d4 28\uc77c \uc0c8\ubcbd 0\uc2dc\uacbd\uc5d0 \uc544\ubc84\uc9c0 \uc774\uae30\ubd95, \uc5b4\uba38\ub2c8 \ubc15\ub9c8\ub9ac\uc544, \ub0a8\ub3d9\uc0dd \uc774\uac15\uc6b1\uc744 \ucd1d\uc73c\ub85c \uc3f4 \uc8fd\uc774\uace0, \uc790\uc2e0\ub3c4 \uc790\uc0b4\ud588\ub2e4.", "subject_entity": {"word": "\ubc15\ub9c8\ub9ac\uc544", "start_idx": 113, "end_idx": 116, "type": "PER"}, "object_entity": {"word": "\uc774\uae30\ubd95", "start_idx": 104, "end_idx": 106, "type": "PER"}, "label": "per:spouse", "source": "wikipedia"}, {"guid": "klue-re-v1_train_00079", "sentence": "1900\ub144, \uc758\ud654\ub2e8\uc758 \ub09c\uc774 \uc77c\uc5b4\ub098 \uccad\ub098\ub77c \uc870\uc815\uc774 \uc5f4\uac15\uc5d0 \uc120\uc804 \ud3ec\uace0\ub97c \ud588\uc744 \ub54c\uc5d0, \uc774\ud64d\uc7a5, \uc7a5\uc9c0\ub3d9, \uc720\uace4\uc77c \ub4f1 \uc9c0\ubc29 \ucd1d\ub3c5\uc740 \uc5f4\uac15\uacfc \u201c\ub3d9\ub0a8\uc0c1\ud638\ud611\uc815\u201d\uc744 \ub9fa\uace0 \uc911\uc559\uc758 \uba85\ub839\uc744 \ubb34\uc2dc\ud588\uc9c0\ub9cc, \uc131\uc120\ud68c\uac00 \uc774\uac83\uc744 \uc815\ub9ac\ud558\uc600\ub2e4.", "subject_entity": {"word": "\uc720\uace4\uc77c", "start_idx": 55, "end_idx": 57, "type": "PER"}, "object_entity": {"word": "\uccad\ub098\ub77c", "start_idx": 19, "end_idx": 21, "type": "DAT"}, "label": "per:origin", "source": "wikipedia"}]