[{"guid": "klue-re-v1_train_00000", "sentence": "\u3008Something\u3009\ub294 \uc870\uc9c0 \ud574\ub9ac\uc2a8\uc774 \uc4f0\uace0 \ube44\ud2c0\uc988\uac00 1969\ub144 \uc568\ubc94 \u300aAbbey Road\u300b\uc5d0 \ub2f4\uc740 \ub178\ub798\ub2e4.", "subject_entity": {"word": "\ube44\ud2c0\uc988", "start_idx": 24, "end_idx": 26, "type": "ORG"}, "object_entity": {"word": "\uc870\uc9c0 \ud574\ub9ac\uc2a8", "start_idx": 13, "end_idx": 18, "type": "PER"}, "label": "no_relation", "source": "wikipedia"}, {"guid": "klue-re-v1_train_00001", "sentence": "\ud638\ub0a8\uc774 \uae30\ubc18\uc778 \ubc14\ub978\ubbf8\ub798\ub2f9\u00b7\ub300\uc548\uc2e0\ub2f9\u00b7\ubbfc\uc8fc\ud3c9\ud654\ub2f9\uc774 \uc6b0\uc5ec\uace1\uc808 \ub05d\uc5d0 \ud569\ub2f9\ud574 \ubbfc\uc0dd\ub2f9(\uac00\uce6d)\uc73c\ub85c \uc7ac\ud0c4\uc0dd\ud55c\ub2e4.", "subject_entity": {"word": "\ubbfc\uc8fc\ud3c9\ud654\ub2f9", "start_idx": 19, "end_idx": 23, "type": "ORG"}, "object_entity": {"word": "\ub300\uc548\uc2e0\ub2f9", "start_idx": 14, "end_idx": 17, "type": "ORG"}, "label": "no_relation", "source": "wikitree"}, {"guid": "klue-re-v1_train_00002", "sentence": "K\ub9ac\uadf82\uc5d0\uc11c \uc131\uc801 1\uc704\ub97c \ub2ec\ub9ac\uace0 \uc788\ub294 \uad11\uc8fcFC\ub294 \uc9c0\ub09c 26\uc77c \ud55c\uad6d\ud504\ub85c\ucd95\uad6c\uc5f0\ub9f9\uc73c\ub85c\ubd80\ud130 \uad00\uc911 \uc720\uce58 \uc131\uacfc\uc640 \ub9c8\ucf00\ud305 \uc131\uacfc\ub97c \uc778\uc815\ubc1b\uc544 \u2018\ud480 \uc2a4\ud0c0\ub514\uc6c0\uc0c1\u2019\uacfc \u2018\ud50c\ub7ec\uc2a4 \uc2a4\ud0c0\ub514\uc6c0\uc0c1\u2019\uc744 \uc218\uc0c1\ud588\ub2e4.", "subject_entity": {"word": "\uad11\uc8fcFC", "start_idx": 21, "end_idx": 24, "type": "ORG"}, "object_entity": {"word": "\ud55c\uad6d\ud504\ub85c\ucd95\uad6c\uc5f0\ub9f9", "start_idx": 34, "end_idx": 41, "type": "ORG"}, "label": "org:member_of", "source": "wikitree"}, {"guid": "klue-re-v1_train_00003", "sentence": "\uade0\uc77c\uac00 \uc0dd\ud65c\uc6a9\ud488\uc810 (\uc8fc)\uc544\uc131\ub2e4\uc774\uc18c(\ub300\ud45c \ubc15\uc815\ubd80)\ub294 \ucf54\ub85c\ub09819 \ubc14\uc774\ub7ec\uc2a4\ub85c \uc5b4\ub824\uc6c0\uc744 \uacaa\uace0 \uc788\ub294 \ub300\uad6c\uad11\uc5ed\uc2dc\uc5d0 \ud589\ubcf5\ubc15\uc2a4\ub97c \uc804\ub2ec\ud588\ub2e4\uace0 10\uc77c \ubc1d\ud614\ub2e4.", "subject_entity": {"word": "\uc544\uc131\ub2e4\uc774\uc18c", "start_idx": 13, "end_idx": 17, "type": "ORG"}, "object_entity": {"word": "\ubc15\uc815\ubd80", "start_idx": 22, "end_idx": 24, "type": "PER"}, "label": "org:top_members/employees", "source": "wikitree"}, {"guid": "klue-re-v1_train_00004", "sentence": "1967\ub144 \ud504\ub85c \uc57c\uad6c \ub4dc\ub798\ud504\ud2b8 1\uc21c\uc704\ub85c \uc694\ubbf8\uc6b0\ub9ac \uc790\uc774\uc5b8\uce20\uc5d0\uac8c \uc785\ub2e8\ud558\uba74\uc11c \ub4f1\ubc88\ud638\ub294 8\ubc88\uc73c\ub85c \ubc30\uc815\ub418\uc5c8\ub2e4.", "subject_entity": {"word": "\uc694\ubbf8\uc6b0\ub9ac \uc790\uc774\uc5b8\uce20", "start_idx": 22, "end_idx": 30, "type": "ORG"}, "object_entity": {"word": "1967", "start_idx": 0, "end_idx": 3, "type": "DAT"}, "label": "no_relation", "source": "wikipedia"}, {"guid": "klue-re-v1_train_00005", "sentence": ": \uc720\uc5d4, \uc720\ub7fd \uc758\ud68c, \ubd81\ub300\uc11c\uc591 \uc870\uc57d \uae30\uad6c (NATO), \uad6d\uc81c\uc774\uc8fc\uae30\uad6c, \uc138\uacc4 \ubcf4\uac74 \uae30\uad6c (WHO), \uc9c0\uc911\ud574 \uc5f0\ud569, \uc774\uc2ac\ub78c \ud611\ub825 \uae30\uad6c, \uc720\ub7fd \uc548\ubcf4 \ud611\ub825 \uae30\uad6c, \uad6d\uc81c \ud1b5\ud654 \uae30\uae08, \uc138\uacc4\ubb34\uc5ed\uae30\uad6c \uadf8\ub9ac\uace0 \ud504\ub791\ucf54\ud3ec\ub2c8.", "subject_entity": {"word": "\ubd81\ub300\uc11c\uc591 \uc870\uc57d \uae30\uad6c", "start_idx": 13, "end_idx": 22, "type": "ORG"}, "object_entity": {"word": "NATO", "start_idx": 25, "end_idx": 28, "type": "ORG"}, "label": "org:alternate_names", "source": "wikipedia"}, {"guid": "klue-re-v1_train_00006", "sentence": "\uadf8\uc5d0 \ub530\ub77c \ub098\ud3f4\ub9ac\uc640 \uacc4\uc57d\uc744 \uc5f0\uc7a5\ud55c \ub9c8\ub77c\ub3c4\ub098\ub294 1989\ub144 \ud300\uc744 UEFA\ucef5 \uc815\uc0c1\uc73c\ub85c \uc778\ub3c4\ud588\uc73c\uba70 \uc774\ub4ec\ud574\uc5d0\ub294 \uc720\ub7fd \ucc54\ud53c\uc5b8 AC \ubc00\ub780\uc744 \uc0c1\ub300\ub85c \uc2b9\ub9ac\ub97c \uac70\ub450\uace0 \ub2e4\uc2dc \ud55c \ubc88 \uc138\ub9ac\uc5d0A\uc5d0\uc11c \uc815\uc0c1\uc5d0 \ub4f1\uadf9\ud588\ub2e4.", "subject_entity": {"word": "AC \ubc00\ub780", "start_idx": 64, "end_idx": 68, "type": "ORG"}, "object_entity": {"word": "1989", "start_idx": 25, "end_idx": 28, "type": "DAT"}, "label": "no_relation", "source": "wikipedia"}, {"guid": "klue-re-v1_train_00007", "sentence": "\ubc15\uc6a9\uc624(\u6734\u5bb9\u65ff, 1937\ub144 4\uc6d4 29\uc77c(\uc74c\ub825 3\uc6d4 19\uc77c)(\uc74c\ub825 3\uc6d4 19\uc77c) ~ 2009\ub144 11\uc6d4 4\uc77c)\ub294 \uc11c\uc6b8\uc5d0\uc11c \ud0dc\uc5b4\ub09c \ub300\ud55c\ubbfc\uad6d\uc758 \uae30\uc5c5\uc778\uc73c\ub85c \ub450\uc0b0\uadf8\ub8f9 \ud68c\uc7a5, KBO \ucd1d\uc7ac \ub4f1\uc744 \uc5ed\uc784\ud588\ub2e4.", "subject_entity": {"word": "\ubc15\uc6a9\uc624", "start_idx": 0, "end_idx": 2, "type": "PER"}, "object_entity": {"word": "1937\ub144 4\uc6d4 29\uc77c", "start_idx": 9, "end_idx": 20, "type": "DAT"}, "label": "per:date_of_birth", "source": "wikipedia"}, {"guid": "klue-re-v1_train_00008", "sentence": "\uc911\uacf5\uad70\uc5d0\uac8c \uc628\uc804\ud788 \ub300\ud56d\ud560 \uc218 \uc5c6\uc744 \uc815\ub3c4\ub85c \uc57d\ud574\uc9c4 \uad6d\ubbfc\ub2f9\uc740 \ud0c0\uc774\ubca0\uc774\ub85c \uc218\ub3c4\ub97c \uc62e\uae30\ub294 \uac83\uc744 \uacb0\uc815\ud574, \ub0a8\uc544\uc788\ub294 \uc911\ud654\ubbfc\uad6d\uad70\uc758 \ubcd1\ub825\uc774\ub098 \uad6d\uac00, \uac1c\uc778\uc758 \uc7ac\uc0b0\ub4f1\uc744 \uc18d\uc18d \ud0c0\uc774\uc644\uc73c\ub85c \uc62e\uae30\uae30 \uc2dc\uc791\ud574, 12\uc6d4\uc5d0\ub294 \uc911\uc559 \uc815\ubd80 \uae30\uad6c\ub3c4 \ubaa8\ub450 \uc774\uc804\ud574 \ud0c0\uc774\ubca0\uc774 \uc2dc\ub97c \uc911\ud654\ubbfc\uad6d\uc758 \uc0c8\ub85c\uc6b4 \uc218\ub3c4\ub85c \uc0bc\uc558\ub2e4.", "subject_entity": {"word": "\uc911\ud654\ubbfc\uad6d", "start_idx": 59, "end_idx": 62, "type": "ORG"}, "object_entity": {"word": "\ud0c0\uc774\ubca0\uc774", "start_idx": 32, "end_idx": 35, "type": "LOC"}, "label": "org:place_of_headquarters", "source": "wikipedia"}, {"guid": "klue-re-v1_train_00009", "sentence": "\ud2b9\ud788 \uae40\ub3d9\uc5f0 \uc804 \uacbd\uc81c\ubd80\ucd1d\ub9ac\ub97c \ube44\ub86f\ud55c \uae40\ub450\uad00 \uad6d\ud68c\uc758\uc6d0, \uc548\uaddc\ubc31 \uad6d\ud68c\uc758\uc6d0, \uae40\uc885\ubbfc \uad6d\ud68c\uc758\uc6d0, \uc624\uc81c\uc138 \uad6d\ud68c\uc758\uc6d0, \ucd5c\uc6b4\uc5f4 \uad6d\ud68c\uc758\uc6d0, \uae40\uc815\uc6b0 \uad6d\ud68c\uc758\uc6d0, \uad8c\uce60\uc2b9 \uad6d\ud68c\uc758\uc6d0, \ub9f9\uc131\uaddc \uad6d\ud68c\uc758\uc6d0\ub4f1 \ub354\ubd88\uc5b4\ubbfc\uc8fc\ub2f9 \uad6d\ud68c\uc758\uc6d0 8\uba85\uc774 \uc601\uc0c1 \ucd95\ud558 \uba54\uc138\uc9c0\ub97c \ubcf4\ub0b4 \ub208\uae38\uc744 \ub04c\uc5c8\ub2e4.", "subject_entity": {"word": "\uc548\uaddc\ubc31", "start_idx": 30, "end_idx": 32, "type": "PER"}, "object_entity": {"word": "\ub354\ubd88\uc5b4\ubbfc\uc8fc\ub2f9", "start_idx": 100, "end_idx": 105, "type": "ORG"}, "label": "per:employee_of", "source": "wikitree"}, {"guid": "klue-re-v1_train_00010", "sentence": "\ud558\ube44\uc5d0\ub974 \ud30c\uc2a4\ud1a0\ub808\ub294 \uc544\ub974\ud5e8\ud2f0\ub098 \ud074\ub7fd \ud0c0\uc608\ub808\uc2a4\uc758 \uc720\uc18c\ub144\ud300\uc5d0\uc11c \ucd95\uad6c\ub97c \uc2dc\uc791\ud558\uc600\ub2e4.", "subject_entity": {"word": "\ud558\ube44\uc5d0\ub974 \ud30c\uc2a4\ud1a0\ub808", "start_idx": 0, "end_idx": 8, "type": "PER"}, "object_entity": {"word": "\uc544\ub974\ud5e8\ud2f0\ub098", "start_idx": 11, "end_idx": 15, "type": "LOC"}, "label": "per:origin", "source": "wikipedia"}, {"guid": "klue-re-v1_train_00011", "sentence": "\uc774\ub978\ubc14 'Z\uc138\ub300'\ub85c \ubd88\ub9ac\ub294 1990\ub144\ub300 \uc911\ubc18 \uc774\ud6c4 \ud0dc\uc5b4\ub09c \uc138\ub300\uc5d0\uac8c \ub300\ud45c \uc544\uc774\ucf58\uc73c\ub85c \ud1b5\ud558\ub294 \ubbf8\uad6d \uc2f1\uc5b4\uc1a1\ub77c\uc774\ud130 \ube4c\ub9ac \uc544\uc77c\ub9ac\uc2dc(\ubcf8\uba85 \ube4c\ub9ac \uc624\ucf54\ub110, 19)\uac00 \ud31d \uc5ed\uc0ac\ub97c \uc0c8\ub85c \uc37c\ub2e4.", "subject_entity": {"word": "\ube4c\ub9ac \uc544\uc77c\ub9ac\uc2dc", "start_idx": 60, "end_idx": 66, "type": "PER"}, "object_entity": {"word": "\uc2f1\uc5b4\uc1a1\ub77c\uc774\ud130", "start_idx": 53, "end_idx": 58, "type": "POH"}, "label": "per:title", "source": "wikitree"}, {"guid": "klue-re-v1_train_00012", "sentence": "2009\ub144 9\uc6d4, \ubbf8\uad6d \ud504\ub85c \uc57c\uad6c \ud544\ub77c\ub378\ud53c\uc544 \ud544\ub9ac\uc2a4 \uc18c\uc18d\uc758 \uc57c\uad6c \uc120\uc218 \ubc15\ucc2c\ud638\ub294 \u300aMBC \uc2a4\ud398\uc15c-\ubc15\ucc2c\ud638\ub294 \ub2f9\uc2e0\uc744 \uc78a\uc9c0 \uc54a\uc558\ub2e4\u300b \ud3b8\uc5d0\uc11c \u201c\ucd5c\uc9c4\uc2e4 \uc528\uc758 \uc544\ud514\uacfc \uc8fd\uc74c\uc758 \uace0\ud1b5\uc744 \uc774\ud574\ud569\ub2c8\ub2e4. \ucd5c\uc9c4\uc2e4 \uc528 \uc0ac\uac74\uc5d0 \ub208\ubb3c\uc744 \ud758\ub838\uc2b5\ub2c8\ub2e4. \uc800\ub3c4 \uc8fd\uc73c\ub824\uace0 \ub9c8\uc74c\uc744 \uba39\uc5c8\ub358 \uc801\uc774 \uc788\uc5c8\uc2b5\ub2c8\ub2e4. \uc798\ud558\ub824\uace0 \uc560\ub97c \uc4f0\ub294\ub370 \ube44\ub09c\uacfc \ube44\ud310\uc774 \uc3df\uc544\uc84c\uc2b5\ub2c8\ub2e4. \uba38\ub9ac\uac00 \ube60\uc9c0\uace0 \ub108\ubb34 \ud798\ub4e4\uc5c8\uc2b5\ub2c8\ub2e4\u201d\ub77c\uace0 \ub9d0\ud558\uba70 \ucd5c\uc9c4\uc2e4\uc758 \uc8fd\uc74c\uc5d0 \ub300\ud574 \uc548\ud0c0\uae4c\uc6c0\uc744 \ud45c\ud604\ud588\ub2e4.", "subject_entity": {"word": "\ud544\ub77c\ub378\ud53c\uc544 \ud544\ub9ac\uc2a4", "start_idx": 19, "end_idx": 27, "type": "ORG"}, "object_entity": {"word": "\ubc15\ucc2c\ud638", "start_idx": 39, "end_idx": 41, "type": "PER"}, "label": "org:top_members/employees", "source": "wikipedia"}, {"guid": "klue-re-v1_train_00013", "sentence": "\ub274\uc9c8\ub79c\ub4dc 1\ucc28\uc0b0\uc5c5\ubd80 \uc0dd\ubb3c\ubcf4\uc548 \ub300\ubcc0\uc778 \uce90\uc11c\ub9b0 \ub354\uc2dc \ubc15\uc0ac\ub294 \uacfc\uc77c\ud30c\ub9ac\ub97c \uc7a1\uae30 \uc704\ud574 \uc624\ud074\ub79c\ub4dc \uc804\uc5ed\uc5d0 1\ucc9c300\uc5ec\uac1c\uc758 \ud30c\ub9ac\ud1b5\uc744 \ub193\uc558\ub2e4\uba70, \uace7 \ud1b5\ub4e4\uc744 \ub9c8\uc9c0\ub9c9\uc73c\ub85c \uc810\uac80\ud560 \uac83\uc774\ub77c\uace0 \ub9d0\ud588\ub2e4.", "subject_entity": {"word": "\ub274\uc9c8\ub79c\ub4dc", "start_idx": 0, "end_idx": 3, "type": "ORG"}, "object_entity": {"word": "\uc624\ud074\ub79c\ub4dc", "start_idx": 43, "end_idx": 46, "type": "LOC"}, "label": "org:members", "source": "wikitree"}, {"guid": "klue-re-v1_train_00014", "sentence": "\uc870\ud1a0 \ub514 \ubcf8\ub3c4\ub124, \ub9c8\uc0ac\ucd08, \ud53c\uc5d0\ub85c \ub378\ub77c \ud504\ub780\uccb4\uc2a4\uce74, \ub3c4\uba54\ub2c8\ucf54 \uae30\ub97c\ub780\ub2e4\uc694, \ud398\ub8e8\uc9c0\ub178, \ubbf8\ucf08\ub780\uc824\ub85c, \ub77c\ud30c\uc5d8\ub85c, \ubcf4\ud2f0\uccbc\ub9ac, \ub808\uc624\ub098\ub974\ub3c4 \ub2e4\ube48\uce58, \ud2f0\uce58\uc544\ub178 \ub4f1\uc73c\ub85c \ub300\ud45c\ub418\ub294 \uc774\ud0c8\ub9ac\uc544 \ub974\ub124\uc0c1\uc2a4 \ud68c\ud654\ub294 \ub2f9\ub300\uc640 \uadf8 \uc774\ud6c4\uc758 \uc2dc\uae30 \uc720\ub7fd \uc804\uccb4\uc5d0 \uc601\ud5a5\uc744 \uc8fc\uc5c8\ub2e4.", "subject_entity": {"word": "\ubbf8\ucf08\ub780\uc824\ub85c", "start_idx": 47, "end_idx": 51, "type": "PER"}, "object_entity": {"word": "\ub974\ub124\uc0c1\uc2a4", "start_idx": 96, "end_idx": 99, "type": "DAT"}, "label": "no_relation", "source": "wikipedia"}, {"guid": "klue-re-v1_train_00015", "sentence": "\uc131\uba85\uc5d0\ub294 \ub354\ubd88\uc5b4\ubbfc\uc8fc\ub2f9 \uc774\uc0c1\ubbfc \ub300\uc804\uad11\uc5ed\uc2dc\ub2f9 \uc704\uc6d0\uc7a5, \uc774\ucd98\ud76c \uc138\uc885\ud2b9\ubcc4\uc790\uce58\uc2dc\ub2f9 \uc704\uc6d0\uc7a5, \ud64d\uc7ac\ud615 \ucda9\uccad\ubd81\ub3c4\ub2f9 \uc704\uc6d0\uc7a5, \ubc15\uc218\ud604 \ucda9\uccad\ub0a8\ub3c4\ub2f9 \uc704\uc6d0\uc7a5, \uc774\ud574\ucc2c, \ubc15\ubcd1\uc11d, \ubcc0\uc7ac\uc77c, \uc624\uc81c\uc138, \ub178\uc601\ubbfc, \uc591\uc2b9\uc870, \ubc15\ubc94\uacc4, \ubc15\uc644\uc8fc \uc758\uc6d0\uc774 \uc11c\uba85\ud588\ub2e4.", "subject_entity": {"word": "\ub178\uc601\ubbfc", "start_idx": 96, "end_idx": 98, "type": "PER"}, "object_entity": {"word": "\ub354\ubd88\uc5b4\ubbfc\uc8fc\ub2f9", "start_idx": 5, "end_idx": 10, "type": "ORG"}, "label": "per:employee_of", "source": "wikipedia"}, {"guid": "klue-re-v1_train_00016", "sentence": "\uc774\uc815\ubbf8 \ub300\ud45c\ub3c4 \uc774\ub0a0 \uae30\uc790\ud68c\uacac\uc5d0 \uc55e\uc11c \ud55c \ub77c\ub514\uc624 \ubc29\uc1a1\uc5d0 \ucd9c\uc5f0 \"\uc815\uac1c\ud2b9\uc704\ub97c \ud55c\uad6d\ub2f9\uc5d0 \ub0b4\uc8fc\ub294 \uac74 \uc5b4\ub5a4 \uc77c\uc774 \uc788\uc5b4\ub3c4 \uc548 \ub41c\ub2e4\"\uba70 \"\uc9c0\uae08 \ud55c\uad6d\ub2f9\uc744 \uc5b4\ub974\uace0 \uad6c\uc2ac\ub9ac\ub294 \uac8c \ubbfc\uc8fc\ub2f9\uc5d0 \ub4dd\uc774 \ub41c\ub2e4\uace0 \uc0dd\uac01\ud560\uc9c0 \ubaa8\ub974\uaca0\uc9c0\ub9cc \uc815\ubd80 \uc5ec\ub2f9\uc758 \uac1c\ud601 \uc815\ucc45\uc5d0 \uac00\uc7a5 \ud798\uc744 \uc2e4\uc5b4\uc92c\ub358 \uc815\uc758\ub2f9\uacfc \uc57c3\ub2f9\uc758 \uac1c\ud601 \uacf5\uc870\uac00 \uc5b4\uadf8\ub7ec\uc9c0\ub294 \uc0c1\ud669\uc774 \ub420 \uac83\"\uc774\ub77c\uace0 \uc9c0\uc801\ud588\ub2e4.", "subject_entity": {"word": "\uc774\uc815\ubbf8", "start_idx": 0, "end_idx": 2, "type": "PER"}, "object_entity": {"word": "\uc815\uc758\ub2f9", "start_idx": 136, "end_idx": 138, "type": "ORG"}, "label": "no_relation", "source": "wikitree"}, {"guid": "klue-re-v1_train_00017", "sentence": "\uc81c2\ucd1d\uad70\uc740 \ud0dc\ud3c9\uc591 \uc804\uc7c1 \ub9d0\uae30\uc5d0 \uc77c\ubcf8 \ubcf8\ud1a0\uc5d0 \uc0c1\ub959\ud558\ub824\ub294 \uc5f0\ud569\uad70\uc5d0\uac8c \ub300\ud56d\ud558\uae30 \uc704\ud574 \uc124\ub9bd\ub41c \uc77c\ubcf8 \uc81c\uad6d \uc721\uad70\uc758 \ucd1d\uad70\uc774\uc5c8\ub2e4.", "subject_entity": {"word": "\uc81c2\ucd1d\uad70", "start_idx": 0, "end_idx": 3, "type": "ORG"}, "object_entity": {"word": "\uc77c\ubcf8 \uc81c\uad6d \uc721\uad70", "start_idx": 48, "end_idx": 55, "type": "ORG"}, "label": "org:member_of", "source": "wikipedia"}, {"guid": "klue-re-v1_train_00018", "sentence": "\ubb38\uc131\ubbfc\uc740 \uacbd\uae30\ub300\ud559\uad50\uc5d0 \uc785\ud559\ud558\uc5ec \ud669\ub3d9\uc77c, \uc2e0\uc601\uc11d\uacfc \ud568\uaed8 \uacbd\uae30\ub300\ud559\uad50\uc758 \uc804\uc131\uae30\ub97c \uc774\ub04c\uba74\uc11c \ud558\uacc4\ub300\ud68c, \uc804\uad6d\uccb4\uc804, \ucd5c\uac15\uc804 \ub4f1 3\uad00\uc655\uc744 \uc774\ub8ec\ub2e4.", "subject_entity": {"word": "\ubb38\uc131\ubbfc", "start_idx": 0, "end_idx": 2, "type": "PER"}, "object_entity": {"word": "\uacbd\uae30\ub300", "start_idx": 5, "end_idx": 7, "type": "ORG"}, "label": "per:schools_attended", "source": "wikipedia"}, {"guid": "klue-re-v1_train_00019", "sentence": "\uc774\ubc88 \ud3ec\ub7fc\uc740 \uc81c\uc8fc\uac1c\ubc1c\uacf5\uc0ac\uc640 \uc720\ub124\uc2a4\ucf54 \uc544\uc2dc\uc544-\ud0dc\ud3c9\uc591 \ubcf8\ubd80, \ud55c\uad6d\uc9c0\uc9c8\uc790\uc6d0\uc5f0\uad6c\uc6d0\uc774 \uacf5\ub3d9 \uc8fc\ucd5c\ud558\uace0 \uc720\ub124\uc2a4\ucf54 \ud30c\ub9ac\ubcf8\ubd80, \uc81c\uc8fc\ud2b9\uc790\uce58\ub3c4, \ud658\uacbd\ubd80, \ud55c\uad6d\uc218\uc790\uc6d0\uacf5\uc0ac, \ud55c\uad6d\uac74\uc124\uae30\uc220\uc5f0\uad6c\uc6d0 \ub4f1\uc774 \ud6c4\uc6d0\ud55c\ub2e4.", "subject_entity": {"word": "\ud55c\uad6d\uc218\uc790\uc6d0\uacf5\uc0ac", "start_idx": 75, "end_idx": 81, "type": "ORG"}, "object_entity": {"word": "\ud658\uacbd\ubd80", "start_idx": 70, "end_idx": 72, "type": "ORG"}, "label": "no_relation", "source": "wikitree"}]