id,text,hate_speech_idx,response
"1. e8q18lf
2. 	e8q9w5s
3. 		e8qbobk
4. 			e8qfn91
","1. A subsection of retarded Hungarians? Ohh boy. brace for a livid Bulbasaur coming in here trying to hate a hole in some of her stupider countrymen.
2. 	Hiii. Just got off work. 444 is mainly the typa guys you imagine writing for US stupid sites, but basically they just try to fit in with the Western European and US big city hipsters.   Rich kids from Budapest who feel they are brave journalistic heroes.  
3. 		wow i guess soyboys are the same in every country
4. 			Owen Benjamin's soyboy song goes for every country and that's why it's so amazing. 
",[1],"[""I don't see a reason why it's okay to insult others based on their ethnic background."", 'Language people. You can express your ire respectfully and we insist that you do so. Thank you.', 'Stop using mental impairments for insults on posts']"
"1. e9c6naz
2. 	e9d03a5
3. 		e9d8e4d
","1. > ""y'all hear sumn?""  by all means I live in a small town rn (for work). 5k people here, originally a mining community. No one is protesting here. Nobody mentioned the protest today. Nobody here cares, they're busy loving their family and working hard.  Thank god for the electoral college. Liberals think we don't matter. 
2. 	[removed]
3. 		ah a liberal has slipped in. you can tell because the first question asked was loaded and retarded.  >  What does ""working hard"" mean? Your political views get more validated by how much manual labour you put in?   where did I say that? and yes, of course you have no clue what ""working hard"" means. Few soyboys do.  > Based on your comment regarding the EC I guess you don't really think that 2 mil majority of people who voted for Hillary don't really matter.  I shouldn't have to explain to you the point of the EC. If you want to talk to someone who is more patient with you than I am, you can check out AskThe_Donald. 
",[3],"['Persons with disabilities is the accepted term. Consider this a first warning. We appreciate your understanding and cooperation.', 'Avert from using mental impairments as a way to insult users.']"
"1. e84rl2i
2. 	e84w60l
3. 		e8544rn
4. 			e85ifut
5. 				e85nvr7
6. 					e85t0ci
7. 						e863k57
8. 							e87gg63
9. 								e886ajt
10. 									e89jo0f
11. 										e8a791j
","1. wouldn't the defenders or whatever they are as a group be the most diverse group ? Since you know it has a blind dude ,  orphan , black man , woman  and all of their supporting cast ?   &#x200B;  I also believe all the Marvel stuff is going to get canceled on Netflix because next year Disney is launching their own streaming platform and will want as many characters as it can get for shows on that
2. 	'inclusive' = not white
3. 		“Harvard is working to be more inclusive.”  “Oh, so they’re accepting more students next year?”  “No, I meant they’re literally being racist against Asians.”  👌
4. 			 ""Oh yeah and that lawsuit?  Going to benefit whites in the long run.  Unacceptable in our view.""
5. 				- ***A***nti-***C***aucasian ***L***itigation ***U***nion.
6. 					ACLU: We Don't Hate Religion, Just Christianity
7. 						I've never understood that sentiment. As an atheist bordering on an ti-theist, I dislike all theistic religions equally. The only religion that gets a pass in my book is Buddhism because it's not got a long death list yet.
8. 							Why the hell would you dislike Christianity and Islam equally? As an atheist, you can live an openly anti-Christian life *right here in a still-largely Christian nation* thanks entirely to the tolerance and peacefulness of Christians. You would be widely and aggressively oppressed in virtually any Muslim majority country.
9. 								Christians are tolerant and paceful now, after a couple of centiuries of revolutions that started with the French, and the influence of marxism and all of its ""children"", but you don't need to go very far to see examples of all the things muslim are doing now. The only difference is that they (still?) havent had all those social changes inside their communities for a lot of reasons (and when they have them, usually the regime ends crushed by european or american influence).   But being anti reilligious doesn't mean that you have a list of religions and the points of likability you have with each one. You simply don't approve any of them.
10. 									And apparently you don’t *study* any of them either. Because if you had, you’d know that your much-anticipated modern reformation of Islam will never actually happen.  But I’m wasting my time. Because you think Marxism was a positive influence on the Christian West, which is retarded. Last I checked, atheists still need food lol
11. 										Good answer. I'll print it and pin it in my wall of top unconstructive fallacies of the internet.
",n/a,n/a
"1. e7kq72n
2. 	e7m24ar
","1. Because the Japanese aren't retarded and know that *fictional characters* aren't owed anything, much less dignity.
2. 	Japan doesn't shy* away from a lot of things. Male characters smack around women for the humor of it too. And something like Seven Deadly Sins has the main character frequently groping women, stealing her panties [while she's wearing them], etc.
",[1],"[""It's not right for anyone of any gender to be hurting the opposite gender, whether it be male or female."", 'We ask that you refrain from using such terms to express your opinions of others intelligence. Your cooperation is appreciated.', 'Please stop using harmful words pertaining to a disability to insult cultures.']"
"1. e7hdgoh
2. 	e7iyj6a
3. 		e7j6iho
4. 			e7m2412
5. 				e7m5t9f
6. 					e7mphok
7. 						e7muj9q
8. 							e7mz1vg
","1. That might be true if we didn't have an example of a whole segment of the US population blindly screaming for the head of a man based on accusations from a demonstrably unreliable witness about an event 35+ years ago which nobody could even begin to corroborate, not even her own witnesses.  It's a scary time for men because of fuckwits like the Author.
2. 	Honestly, I believe that Kavanaugh probably did do what she says he did. Especially after more information about the heavy drinking and bar fights came out.  Here's the thing. The evidence that was presented (ie: none, just testimonies) over the last few weeks would be nowhere near enough to convict him of anything (even if it was still prosecutable). So why the fuck does anyone think it should bar him from a job on the supreme court? Can we please give him the same presumption of innocence anyone should get until he's actually proven guilty? It may seem unfair to some (for some retarded reason), but I'd personally love for the presumption of innocence to still be a thing the day I'm accused of doing something I didn't do. I'm not saying he did or didn't do it, I'm saying that we presume people innocent for a god damn fucking reason.  Now the fact that he lied multiple times in front of the Senate and read a speech that could seriously have been written by a 5th grader was pretty fucking repulsive and for that reason alone the GOP should have ditched him. And why did he lie? To a avoid embarassment. I don't want somebody like that on the highest court in the country. He had already embarassed himself at that point anyways with his half-retarded speech.
3. 		>So why the fuck does anyone think it should bar him from a job on the supreme court? Can we please give him the same presumption of innocence anyone should get until he's actually proven guilty?   According to his detractors, it was just a 'job interview', so innocent until proven guilty doesn't apply.  Most job interviews don't care about accusations that you were a criminal decades ago, or require testimony under oath.  Needless to say, they don't explain what standard they are using, unless you count the ""if it's *possible* he did it, he shouldn't be SCOTUS"" folks.  >He had already embarassed himself at that point anyways with his half-retarded speech.  You mean the speech he made when he was upset for obvious reasons, including death threats against his family, that are not remotely what his job as SCOTUS will be like?
4. 			This isn't about guilt or innocence, this is about establishing character. Oh, and commiting perjury repeatedly.
5. 				""Establishing character"" based on unverifiable accusations of an crime that would be older than the Fox Broadcasting Network. And the FBI was investigating because it *wasn't* about guilt or innocence, of course.  /s  https://www.nationalreview.com/corner/another-shoddy-perjury-claim/  The vague perjury cries are just moving the goalposts. And it's kind of ironic that his detractors would care so much about truth while backing a story nobody can prove.
6. 					Perjury, the perjury establishes his character. ""What is a devils triangle?"" He's a judge willing to lie under oath about petty bullshit.  Moving goalposts? This is a job interview, the goal has always been to establish if he was apropriate for the job. The answer is no for many reasons, not the least of which is his naked partisanship.
7. 						> ""What is a devils triangle?"" He's a judge willing to lie under oath about petty bullshit.  Because he couldn't get things from decades ago wrong. If it's so petty, why do you want his head over it?  >Moving goalposts? This is a job interview,   How often do job interviews involve people testifying under oath to government officials about crimes someone allegedly committed decades ago? This was a hearing. ""Job interview"" is what people have said when they want an excuse to lower the standard of evidence.  >the goal has always been to establish if he was apropriate for the job.   The goal was to try and get him rejected on an unprovable accusation and maybe stall long enough for the Dems to win enough seats at midterms to block him conventionally. Maybe even to hurt the GOP's midterm chances.  You keep bleating about ""establishing character"" and keep ignoring Ford's actual accusation. Because you're moving the goalposts. You're acting like the way a man acts when he's been accused of rape, yelled at by hundreds of thousands of people, and gotten death threats against his family is how he normally behaves.  >The answer is no for many reasons, not the least of which is his naked partisanship.  Was there a Clinton conspiracy? Almost certainly not. Did the Dems deliberately sit on the accusation for months until it was most inconvenient? Yes, IMO. Even people on the left have criticized this three-ring-circus. And from what I'm told, Kav is actually fairly middle-of-the-road. If he was ""nakedly partisan"", where was the evidence *before* the hearings?
8. 							>How often do job interviews involve people testifying under oath  When they are applying for the supreme court, where he lied (which is still a crime) about petty nonsense, yelled about democratic conspiracies and lost his temper while discussing legal issues. Any one of those would be used as a final, unbreakable moral imperative to deny a liberal judge from the court by Republicans. The hypocrisy is overwhelming.
","[2, 3]","[""You shouldn't be bringing up sensitive topics. People have went through these kinds of things. To take them lightly is not acceptable."", 'Reddit is for everyone people we ask that you refrain from such hateful terms. Just a heads up, thank you for your understanding.', 'Do not use a disability to voice your opinions.']"
