<benchmark>
  <entries>
    <entry category="MeanOfTransportation" eid="Id1" size="4">
      <originaltripleset>
        <otriple>1955_Dodge | engine | 1955_Dodge__5</otriple>
        <otriple>1955_Dodge | manufacturer | Dodge</otriple>
        <otriple>1955_Dodge | transmission | "3-speed automatic"</otriple>
        <otriple>1955_Dodge | wheelbase | "120.0"^^&lt;http://dbpedia.org/datatype/inch&gt;</otriple>
      </originaltripleset>
      <originaltripleset>
        <otriple>1955_Dodge | engine | 1955_Dodge__5</otriple>
        <otriple>1955_Dodge | manufacturer | Dodge</otriple>
        <otriple>1955_Dodge | transmission | "3-speed automatic"</otriple>
        <otriple>1955_Dodge | wheelbase | "3.048"^^xsd:double</otriple>
      </originaltripleset>
      <modifiedtripleset>
        <mtriple>1955_Dodge | engine | V8_engine</mtriple>
        <mtriple>1955_Dodge | manufacturer | Dodge</mtriple>
        <mtriple>1955_Dodge | transmission | "3-speed automatic"</mtriple>
        <mtriple>1955_Dodge | wheelbase | 120.0 (inches)</mtriple>
      </modifiedtripleset>
      <lex comment="good" lid="Id1">The 1955 Dodge is made by the Dodge company and has a V8 engine, a 3-speed automatic transmission and a wheelbase of 120 inches.</lex>
      <lex comment="good" lid="Id2">The 1955 Dodge is manufactured by Dodge and it has a V8 engine. It has a wheelbase of 120 inches and has a 3 speed automatic transmission.</lex>
      <lex comment="good" lid="Id3">Dodge is the manufacturer of the 1955 Dodge which has a V8 engine, a 3 speed automatic transmission and a wheelbase of 120 inches.</lex>
    </entry>
    </entries>
</benchmark>