<benchmark>
  <entries>
    <entry category="University" eid="Id1" size="4">
      <originaltripleset>
        <otriple>1_Decembrie_1918_University,_Alba_Iulia | nickname | Uab</otriple>
        <otriple>1_Decembrie_1918_University,_Alba_Iulia | city | Alba_Iulia</otriple>
        <otriple>1_Decembrie_1918_University,_Alba_Iulia | latinName | "Universitas Apulensis"@en</otriple>
        <otriple>1_Decembrie_1918_University,_Alba_Iulia | state | Alba</otriple>
      </originaltripleset>
      <modifiedtripleset>
        <mtriple>1_Decembrie_1918_University | nickname | Uab</mtriple>
        <mtriple>1_Decembrie_1918_University | city | Alba_Iulia</mtriple>
        <mtriple>1_Decembrie_1918_University | latinName | "Universitas Apulensis"</mtriple>
        <mtriple>1_Decembrie_1918_University | state | Alba</mtriple>
      </modifiedtripleset>
      <lex comment="good" lid="Id1">The 1 Decembrie 1918 University is located in Alba lulia, Alba. Its Latin name is "Universitas Apulensis" and its nickname is "Uab".</lex>
      <lex comment="good" lid="Id2">The 1 Decembrie 1918 University's latin name is "Universitas Apulensis". It's nickname is Uab and is located in Alba lulia, Alba.</lex>
      <lex comment="good" lid="Id3">The 1 Decembrie 1918 University (of the city of Alba Iulia in the state of Alba), has the nickname Uab and the Latin name Universitas Apulensis.</lex>
    </entry>
    </entries>
</benchmark>