<benchmark>
  <entries>
    <entry category="Astronaut" eid="Id1" size="4">
      <originaltripleset>
        <otriple>Alan_Bean | almaMater | "UT Austin, B.S. 1955"@en</otriple>
        <otriple>Alan_Bean | mission | Apollo_12</otriple>
        <otriple>Alan_Bean | birthPlace | Wheeler,_Texas</otriple>
        <otriple>Alan_Bean | selection | 1963</otriple>
      </originaltripleset>
      <modifiedtripleset>
        <mtriple>Alan_Bean | almaMater | "UT Austin, B.S. 1955"</mtriple>
        <mtriple>Alan_Bean | was a crew member of | Apollo_12</mtriple>
        <mtriple>Alan_Bean | birthPlace | Wheeler,_Texas</mtriple>
        <mtriple>Alan_Bean | was selected by NASA | 1963</mtriple>
      </modifiedtripleset>
      <lex comment="good" lid="Id1">Alan Bean, who was born in Wheeler, Texas, graduated from the University of Texas with a B.S. in 1955 and in 1963 NASA picked him as part of the Apollo 12 space program.</lex>
      <lex comment="good" lid="Id2">Alan Bean was born in Wheeler, Texas. He attended the University of Texas in Austin and obtained a B.S. in 1955. He was selected by NASA in 1963 and was a crew member on Apollo 12.</lex>
      <lex comment="good" lid="Id3">Alan Bean who was born in 1963 in Wheeler, Texas , graduated in 1955 and went on to become a crew member of Apollo 12.</lex>
    </entry>
    </entries>
</benchmark>