index,text,label
0,"acest document mi-a deschis cu adevarat ochii la ceea ce oamenii din afara statelor unite s-au gandit la atacurile din 11 septembrie. acest film a fost construit in mod expert si prezinta acest dezastru ca fiind mai mult decat un atac asupra pamantului american. urmarile acestui dezastru sunt previzionate din multe tari si perspective diferite. cred ca acest film ar trebui sa fie mai bine distribuit pentru acest punct. de asemenea, el ajuta in procesul de vindecare sa vada in cele din urma altceva decat stirile despre atacurile teroriste. si unele dintre piese sunt de fapt amuzante, dar nu abuziv asa. acest film a fost extrem de recomandat pentru mine, si am trecut pe acelasi sentiment.",1
1,"tine mancarea rece. ce altceva ii mai trebuie?
am frigiderul de vreun an, utilizare continua.
zgomotul e decent spre scazut daca esti in aceeasi incapere cu el. nu il auzi din dormitory cu usile inchise.
e un frigider ce sa zici despre el?
o sa tina mancarea rece, la temperaturile indicate. recomand sa spalati bine dispenserul de lichide dupa utilizare ca sa nu se contamineze apa. da asta e de bun simt: d",1
2,"excelent
recomand!",1
3,"ca un rocker imbatranit, acest film mentioneaza heep and quo - cele doua trupe preferate ale mele vreodata - dar cu o distributie incredibila (toata lumea) - si povestea fantastica - imi place doar aceasta piesa de geniu creativ. nu-l pot recomanda mai mult - si mick jones a adaugat atat de mult (leaderul si scriitorul principal alaturi de cel mai mare cantaret rock - lou gramm) - am vazut aceasta mare lucrare mai mult de 10 ori - bill nighy - ce voce - si jimmy nail - talentul risipeste de la fiecare pori - apoi astrid .... si karen ..... ce mai mult ar putea cere un rocker de imbatranire! 10/10 - sange stralucitor. alastair, perth, western oz, originar din windsor, anglia.",1
4,"ei bine, a facut o groaza veche si foarte intunecata in casa. setare buna, care include personajul lui poe, el insusi, facand referire la poveste intr-un pub din londra. desi de aici este destul de mult un tip care a luat indrazneala sa viziteze casa intr-o noapte speciala care ruleaza din camera in camera, fie cauta sau evita oameni, este inca cea mai placuta. in plus, avem incantatoarea si enigmatica barbara steele. exista un dialog din lemn si niste biti si boboci inexplicabili, dar este atmosfera super-infioratoare, care este mentinuta pe tot parcursul, si scorul super-muzical care il pastreaza pe acesta intr-o miscare frumoasa. dvd-ul provine din sua si are cateva extra",1
5,"in timp ce povestea principala ar trebui sa aiba loc in maroc, acest film a fost impuscat in romania in ceata in 18 zile pe un buget foarte restrans. cu toate acestea, cartile lor ar putea fi rupte, actorii si echipajul ii vor juca cu o indemanare si un angajament remarcabil, astfel incat, in cele din urma, am gasit rezultatul atit de emotionant, cit si de gratios. nikolaj coaster-waldau ofera o performanta formidabila ca tipul rau. scenariul si directia ofera unele pietre. indiferent daca va place sau nu filmul, cu toate acestea, va depinde, probabil, de tine pe alexandra staden in rolul principal. alti comentatori au subliniat inadvertentele lui staden ca modesty blaise. s-ar putea sa aiba un punct, dar am gasit interpretarea ei incantatoare si foarte potrivita. modesty reuseste sa depaseasca cotele teribile prin disciplina, talent innascut si curaj. staden pare sa faca acelasi lucru aici.",1
