<benchmark>
  <entries>
    <entry category="Food" eid="Id1" shape="(X (X) (X) (X) (X) (X))" shape_type="sibling" size="5">
      <originaltripleset>
        <otriple>Ajoblanco | country | Spain</otriple>
        <otriple>Ajoblanco | mainIngredient | "Bread, almonds, garlic, water, olive oil"@en</otriple>
        <otriple>Ajoblanco | region | Andalusia</otriple>
        <otriple>Ajoblanco | alias | "Ajo blanco"@en</otriple>
        <otriple>Ajoblanco | ingredient | Garlic</otriple>
      </originaltripleset>
      <modifiedtripleset>
        <mtriple>Ajoblanco | country | Spain</mtriple>
        <mtriple>Ajoblanco | mainIngredients | "Bread, almonds, garlic, water, olive oil"</mtriple>
        <mtriple>Ajoblanco | region | Andalusia</mtriple>
        <mtriple>Ajoblanco | alternativeName | "Ajo blanco"</mtriple>
        <mtriple>Ajoblanco | ingredient | Garlic</mtriple>
      </modifiedtripleset>
      <lex lang="en" lid="Id1">Ajoblanco or ajo blanco, a dish made of bread, almonds, garlic, water, olive oil, is from the Andalusia region of Spain.</lex>
      <lex lang="ru" lid="Id1">Ахобланко или ахобланко, блюдо из хлеба, миндаля, чеснока, воды, оливкового масла, происходит из региона Андалусия в Испании.</lex>
      <lex lang="en" lid="Id2">Ajoblanco (also known as Ajo blanco) is a dish from Andalusia, Spain and includes the ingredients bread, almonds, garlic, water and olive oil.</lex>
      <lex lang="ru" lid="Id2">Ахобланко (также известное как ахобланко) - блюдо из Андалусии, Испании и включает в себя ингредиенты: хлеб, миндаль, чеснок, воду и оливковое масло.</lex>
      <lex lang="en" lid="Id3">Ajoblanco is a dish containing bread, almonds, garlic, water and olive oil. It is also called Ajo blanco. It is found in the Andalusia region of Spain.</lex>
      <lex lang="ru" lid="Id3">Ахобланко - это блюдо, содержащее хлеб, миндаль, чеснок, воду и оливковое масло. Его также называют Ахо бланко. Оно популярно в испанском регионе Андалусия.</lex>
      <dbpedialinks>
        <dbpedialink direction="en2ru">Spain | sameAs | Испания</dbpedialink>
        <dbpedialink direction="en2ru">Andalusia | sameAs | Андалусия</dbpedialink>
        <dbpedialink direction="en2ru">Ajoblanco | sameAs | Ахобланко</dbpedialink>
        <dbpedialink direction="en2ru">Garlic | sameAs | Чеснок</dbpedialink>
      </dbpedialinks>
      <links>
        <link direction="en2ru">Ajo blanco | sameAs | ахобланко</link>
      </links>
    </entry>
    </entries>
</benchmark>