index	original	translation	scores	mean	z_scores	z_mean	model_scores
0	José Ortega y Gasset visited Husserl at Freiburg in 1934.	1934 besuchte José Ortega y Gasset Husserl in Freiburg.	[100, 100, 100]	100.0	[0.9553316582231767, 1.5523622744336512, 0.8505318100501577]	1.1194085809023286	-0.10244649648666382
1	However, a disappointing ninth in China meant that he dropped back to sixth in the standings.	Eine enttäuschende Neunte in China bedeutete jedoch, dass er in der Gesamtwertung auf den sechsten Platz zurückfiel.	[61, 70, 87]	72.66666666666667	[-1.1951539386222017, 0.04217636328434989, -0.31279481766981004]	-0.4885907976692206	-0.43104609847068787
2	In his diary, Chase wrote that the release of Mason and Slidell "…was like gall and wormwood to me.	In seinem Tagebuch, Chase schrieb, dass die Veröffentlichung von Mason und Slidell "war wie Galle und Wermut für mich.	[52, 45, 49]	48.666666666666664	[-1.6914198455865197, -1.2163118960067345, -3.7132880371589465]	-2.2070065929174003	-0.3517189621925354
3	Heavy arquebuses mounted on wagons were called arquebus à croc.	Schwere Arquebuses auf Waggons montiert wurden Arquebus à croc genannt.	[61, 55, 85]	67.0	[-1.1951539386222017, -0.7129165922903007, -0.4917681450113435]	-0.7999462253079486	-0.43269601464271545
4	Once North Pacific salmon die off after spawning, usually local bald eagles eat salmon carcasses almost exclusively.	Sobald der nordpazifische Lachs nach dem Laichen abstirbt, fressen in der Regel lokale Glatzadler fast ausschließlich Lachskörper.	[91, 89, 87]	89.0	[0.45906575125885857, 0.998627440345574, -0.31279481766981004]	0.3816327913115409	-0.3929753601551056
