path	sentence	client_id
common_voice_en_19664034.mp3	"These data components in turn serve as the ""building blocks"" of data exchanges."	4f29be8fe932d773576dd3df5e111929f4e222422322450983695eaa8625a12659cd3e999a061a29ebe71783833bebdc2d0ec6b97e9a648bf6d28979065f85ad
common_voice_en_19664035.mp3	The church is unrelated to the Jewish political movement of Zionism.	4f29be8fe932d773576dd3df5e111929f4e222422322450983695eaa8625a12659cd3e999a061a29ebe71783833bebdc2d0ec6b97e9a648bf6d28979065f85ad
common_voice_en_18540003.mp3	When water is scarce, avoid wasting it.	d277a1f3904ae00b09b73122b87674e7c2c78e08120721f37b5577013ead08d1ea0c053ca5b5c2fb948df2c81f27179aef2c741057a17249205d251a8fe0e658
common_voice_en_18540005.mp3	You will drive with her to her door.	d277a1f3904ae00b09b73122b87674e7c2c78e08120721f37b5577013ead08d1ea0c053ca5b5c2fb948df2c81f27179aef2c741057a17249205d251a8fe0e658
common_voice_en_699711.mp3	"She'll be all right."	0013037a1d45cc33460806cc3f8ecee9d536c45639ba4cbbf1564f1c051f53ff3c9f89ef2f1bf04badf55b3a2e7654c086f903681a7b6299616cff6f67598eff
common_voice_en_18132047.mp3	"All's well that ends well."	001509f4624a7dee75247f6a8b642c4a0d09f8be3eeea6a26940df0a44d686eecfadc060f1baa3e5dca659835fe3d4f37c72a3a35951266aadd40decdb48b8a5
