<benchmark>
  <entries>
    <entry category="Monument" eid="Id1" shape="(X (X) (X) (X) (X))" shape_type="sibling" size="4">
      <originaltripleset>
        <otriple>11th_Mississippi_Infantry_Monument | country | "United States"@en</otriple>
        <otriple>11th_Mississippi_Infantry_Monument | established | 2000</otriple>
        <otriple>11th_Mississippi_Infantry_Monument | category | Contributing_property</otriple>
        <otriple>11th_Mississippi_Infantry_Monument | municipality | Gettysburg,_Pennsylvania</otriple>
      </originaltripleset>
      <modifiedtripleset>
        <mtriple>11th_Mississippi_Infantry_Monument | country | "United States"</mtriple>
        <mtriple>11th_Mississippi_Infantry_Monument | established | 2000</mtriple>
        <mtriple>11th_Mississippi_Infantry_Monument | category | Contributing_property</mtriple>
        <mtriple>11th_Mississippi_Infantry_Monument | municipality | Gettysburg,_Pennsylvania</mtriple>
      </modifiedtripleset>
      <lex lang="en" lid="Id1">The 11th Mississippi Infantry Monument in Gettysburg, Pennsylvania of the U.S.A., is considered a contributing property and was erected in 2000.</lex>
      <lex lang="ru" lid="Id1">Памятник 11-му пехотному полку Миссисипи в Геттисберге, Пенсильвания, США, был возведен в 2000 году, и считается объектом исторической ценности.</lex>
      <dbpedialinks>
        <dbpedialink direction="en2ru">Gettysburg,_Pennsylvania | sameAs | Геттисберг</dbpedialink>
        <dbpedialink direction="en2ru">2000 | sameAs | 2000_год</dbpedialink>
      </dbpedialinks>
      <links>
        <link direction="en2ru">11th Mississippi Infantry Monument | sameAs | Памятник 11-му пехотному полку Миссисипи</link>
        <link direction="en2ru">Contributing property | sameAs | историческое здание / историческая ценность</link>
      </links>
    </entry>
    </entries>
</benchmark>