idx	label	sentence1	sentence2
0	1	through cooperation, children can learn about interpersonal skills which are significant in the future life of all students	what we acquired from team work is not only how to achieve the same goal with others but more importantly, how to get along with others
1	1	through cooperation, children can learn about interpersonal skills which are significant in the future life of all students	during the process of cooperation, children can learn about how to listen to opinions of others, how to communicate with others, how to think comprehensively, and even how to compromise with other team members when conflicts occurred
2	1	without the cooperation, there would be no victory of competition	when we consider about the question that how to win the game, we always find that we need the cooperation
3	1	sustaining the cultural values of immigrants is paramount essential	maintaining one's cultural identity is a key important rule to help individuals emerge in the new multicultural environments
4	1	sustaining the cultural values of immigrants is paramount essential	take australia for example, immigrants from varieties of nations have a day called multicultural day where people from each country prepare their food and traditional activities for displaying in the public venues
