<benchmark>
  <entries>
    <entry category="Food" eid="Id1" size="3">
      <originaltripleset>
        <otriple>Ajoblanco | country | Spain</otriple>
        <otriple>Ajoblanco | alias | "Ajo blanco"@en</otriple>
        <otriple>Ajoblanco | ingredient | Bread</otriple>
      </originaltripleset>
      <modifiedtripleset>
        <mtriple>Ajoblanco | country | Spain</mtriple>
        <mtriple>Ajoblanco | alternativeName | "Ajo blanco"</mtriple>
        <mtriple>Ajoblanco | ingredient | Bread</mtriple>
      </modifiedtripleset>
      <lex comment="good" lid="Id1">From Spain, Ajoblanco (alternatively known as Ajo blanco) has bread as an ingredient.</lex>
      <lex comment="good" lid="Id2">Ajoblanco, also known as "Ajo blanco", comes from Spain. Bread is one of the ingredients.</lex>
      <lex comment="good" lid="Id3">Bread is an ingredient of Ajoblanco, which is from Spain and an alternative name to Ajo blanco.</lex>
    </entry>
    </entries>
</benchmark>