<benchmark>
  <entries>
    <entry category="Airport" eid="Id1" size="3">
      <originaltripleset>
        <otriple>Aarhus_Airport | location | Tirstrup</otriple>
        <otriple>Tirstrup | country | Denmark</otriple>
        <otriple>Denmark | language | Danish_language</otriple>
      </originaltripleset>
      <modifiedtripleset>
        <mtriple>Aarhus_Airport | location | Tirstrup</mtriple>
        <mtriple>Tirstrup | country | Denmark</mtriple>
        <mtriple>Denmark | language | Danish_language</mtriple>
      </modifiedtripleset>
      <lex comment="good" lid="Id1">Aarhus Airport is located in Tirstrup, Denmark; where the language is Danish.</lex>
      <lex comment="good" lid="Id2">Aarhus Airport is located in Tirstrup, Denmark where the language spoken is Danish.</lex>
      <lex comment="good" lid="Id3">Aarhus Airport is located in Tirstrup, Denmark where the Danish language is spoken.</lex>
    </entry>
    </entries>
</benchmark>