<benchmark>
  <entries>
    <entry category="University" eid="Id1" size="3">
      <originaltripleset>
        <otriple>1_Decembrie_1918_University,_Alba_Iulia | latinName | "Universitas Apulensis"@en</otriple>
        <otriple>1_Decembrie_1918_University,_Alba_Iulia | country | Romania</otriple>
        <otriple>1_Decembrie_1918_University,_Alba_Iulia | state | Alba</otriple>
      </originaltripleset>
      <modifiedtripleset>
        <mtriple>1_Decembrie_1918_University | latinName | "Universitas Apulensis"</mtriple>
        <mtriple>1_Decembrie_1918_University | country | Romania</mtriple>
        <mtriple>1_Decembrie_1918_University | state | Alba</mtriple>
      </modifiedtripleset>
      <lex comment="good" lid="Id1">1 Decembrie 1918 University is located in Alba, Romania and its Latin name is "Universitas Apulensis".</lex>
      <lex comment="good" lid="Id2">The 1 Decembrie 1918 University is located in the state of Alba, Romania. The latin name for this university is "Universitas Apulensis".</lex>
      <lex comment="good" lid="Id3">The Latin name of 1 Decembrie 1918 University in Alba, Romania, is Universitas Apulensis.</lex>
    </entry>
    </entries>
</benchmark>