<benchmark>
  <entries>
    <entry category="Artist" eid="Id1" shape="(X (X) (X))" shape_type="sibling" size="2">
      <originaltripleset>
        <otriple>Aaron_Deer | hometown | United_States</otriple>
        <otriple>Aaron_Deer | origin | Indiana</otriple>
      </originaltripleset>
      <originaltripleset>
        <otriple>Aaron_Deer | hometown | Indiana</otriple>
        <otriple>Aaron_Deer | origin | United_States</otriple>
      </originaltripleset>
      <modifiedtripleset>
        <mtriple>Aaron_Deer | origin | United_States</mtriple>
        <mtriple>Aaron_Deer | origin | Indiana</mtriple>
      </modifiedtripleset>
      <lex comment="good" lid="Id1">Aaron Deer is from Indiana in the United States.</lex>
      <lex comment="good" lid="Id2">Aaron Deer is from the United States, specifically Indiana.</lex>
      <lex comment="good" lid="Id3">Aaron Deer was born in Indiana in the United states.</lex>
    </entry>
    </entries>
</benchmark>