<benchmark>
  <entries>
    <entry category="Airport" eid="Id1" shape="(X (X) (X))" shape_type="sibling" size="2">
      <originaltripleset>
        <otriple>Aarhus_Airport | runwayLength | "2777.0"^^xsd:double</otriple>
        <otriple>Aarhus_Airport | operator | "Aarhus Lufthavn A/S"@en</otriple>
      </originaltripleset>
      <modifiedtripleset>
        <mtriple>Aarhus_Airport | runwayLength | 2777.0</mtriple>
        <mtriple>Aarhus_Airport | operatingOrganisation | "Aarhus Lufthavn A/S"</mtriple>
      </modifiedtripleset>
      <lex comment="good" lid="Id1">Aarhus Airport, operated by Aarhus Lufthavn A/S, has a runway length of 2777.0.</lex>
      <lex comment="good" lid="Id2">Aarhus Lufthavn A/S is the operation organisation of Aarhus Airport which has a runway length of 2777.</lex>
    </entry>
    </entries>
</benchmark>