<benchmark>
  <entries>
    <entry category="CelestialBody" eid="Id2" shape="(X (X) (X))" shape_type="sibling" size="2">
      <originaltripleset>
        <otriple>(66391)_1999_KW4 | orbitalPeriod | 1.62447e+07</otriple>
        <otriple>(66391)_1999_KW4 | epoch | "2004-07-14"^^xsd:date</otriple>
      </originaltripleset>
      <originaltripleset>
        <otriple>(66391)_1999_KW4 | epoch | "July 14, 2004 (JD2453200.5)"</otriple>
        <otriple>(66391)_1999_KW4 | orbitalPeriod | 1.62447e+07</otriple>
      </originaltripleset>
      <modifiedtripleset>
        <mtriple>(66391)_1999_KW4 | epoch | 2004-07-14</mtriple>
        <mtriple>(66391)_1999_KW4 | orbitalPeriod | 16244700.0</mtriple>
      </modifiedtripleset>
      <lex comment="good" lid="Id1">(66391) 1999 KW4 has an epoch date of July 14th 2004 and its orbital period is 16244700.</lex>
      <lex comment="good" lid="Id2">(66391) 1999 KW4 has an orbital period of 16244700.0 and an epoch date of 2004-07.14.</lex>
      <lex comment="good" lid="Id3">The asteroid called (66391) 1999 KW4 has an orbital period of 16244700.0 and an epoch date of 2004/07/14.</lex>
    </entry>
    </entries>
</benchmark>