[{"da": "?request(area)", "delex_da": "?request(area)", "text": "Jakou lokalitu hled\u00e1te ?", "delex_text": "Jakou lokalitu hled\u00e1te ?"}, {"da": "inform_no_match(food=vegetarian,good_for_meal=brunch)", "delex_da": "inform_no_match(food=X-food,good_for_meal=X-good_for_meal)", "text": "Pobl\u00ed\u017e se bohu\u017eel nenach\u00e1zej\u00ed \u017e\u00e1dn\u00e9 vegetari\u00e1nsk\u00e9 restaurace , kter\u00e9 by pod\u00e1valy brunch .", "delex_text": "Pobl\u00ed\u017e se bohu\u017eel nenach\u00e1zej\u00ed \u017e\u00e1dn\u00e9 X-food restaurace , kter\u00e9 by pod\u00e1valy X-good_for_meal ."}, {"da": "?request(area)", "delex_da": "?request(area)", "text": "Jakou m\u011bstskou \u010d\u00e1st hled\u00e1te ?", "delex_text": "Jakou m\u011bstskou \u010d\u00e1st hled\u00e1te ?"}, {"da": "inform(area=Karl\u00edn,count=2,kids_allowed=dont_care,type=restaurant)", "delex_da": "inform(area=X-area,count=X-count,kids_allowed=dont_care,type=restaurant)", "text": "Zn\u00e1m 2 restaurace v Karl\u00edn\u011b , pokud nez\u00e1le\u017e\u00ed , jestli jsou vhodn\u00e9 pro d\u011bti nebo ne .", "delex_text": "Zn\u00e1m X-count restaurace v X-area , pokud nez\u00e1le\u017e\u00ed , jestli jsou vhodn\u00e9 pro d\u011bti nebo ne ."}, {"da": "?confirm(kids_allowed=yes)", "delex_da": "?confirm(kids_allowed=yes)", "text": "M\u016f\u017eete potvrdit , \u017ee chcete vz\u00edt s sebou d\u011bti ?", "delex_text": "M\u016f\u017eete potvrdit , \u017ee chcete vz\u00edt s sebou d\u011bti ?"}]