[{"gem_id": "e2e_nlg-train-7382", "meaning_representation": "name[The Plough], eatType[pub], food[Fast food], priceRange[moderate], familyFriendly[yes], near[Caf\u00e9 Rouge]", "references": [], "target": "The Plough is a child friendly, fast food pub with moderate prices located near Caf\u00e9 Rouge."}, {"gem_id": "e2e_nlg-train-32283", "meaning_representation": "name[Clowns], eatType[pub], priceRange[less than \u00a320], customer rating[average], area[riverside]", "references": [], "target": "Clowns is a pub located in the riverside area with a customer rating of average and a price range less than \u00a320."}]