[{"attributes": [{"h": 339, "object_names": ["clock"], "w": 79, "x": 421, "y": 91, "attributes": ["green"], "id": 38203}, {"h": 262, "object_names": ["street"], "w": 714, "x": 77, "y": 328, "attributes": ["sidewalk"], "id": 38204}, {"h": 15, "object_names": ["headlight"], "w": 23, "x": 514, "y": 366, "attributes": ["off"], "id": 38208}, {"h": 34, "object_names": ["bike"], "w": 28, "x": 318, "y": 319, "attributes": ["parked"], "id": 38210}, {"h": 35, "object_names": ["bike"], "w": 29, "x": 334, "y": 319, "attributes": ["parked"], "id": 38211}, {"h": 101, "object_names": ["shirt"], "w": 59, "x": 241, "y": 289, "attributes": ["red"], "id": 38216}, {"h": 266, "object_names": ["sidewalk"], "w": 722, "x": 77, "y": 331, "attributes": ["brick"], "id": 38218}, {"h": 174, "object_names": ["car"], "w": 91, "x": 708, "y": 342, "attributes": ["white"], "id": 38220}, {"h": 34, "object_names": ["bike"], "w": 28, "x": 318, "y": 319, "attributes": ["far away"], "id": 38226}, {"h": 35, "object_names": ["bike"], "w": 29, "x": 334, "y": 319, "attributes": ["far away"], "id": 38227}, {"h": 26, "object_names": ["sneakers"], "w": 52, "x": 243, "y": 489, "attributes": ["grey"], "id": 38228}, {"h": 34, "object_names": ["shoes"], "w": 46, "x": 391, "y": 481, "attributes": ["brown"], "id": 38230}, {"h": 101, "object_names": ["shirt"], "w": 59, "x": 241, "y": 289, "attributes": ["red"], "id": 38232}, {"h": 118, "object_names": ["pants"], "w": 38, "x": 245, "y": 384, "attributes": ["black"], "id": 38233}, {"h": 97, "object_names": ["jacket"], "w": 89, "x": 356, "y": 296, "attributes": ["gray"], "id": 38235}, {"h": 128, "object_names": ["pants"], "w": 54, "x": 382, "y": 369, "attributes": ["gray"], "id": 38236}, {"h": 185, "object_names": ["work truck"], "w": 265, "x": 521, "y": 271, "attributes": ["white"], "id": 38241}, {"h": 174, "object_names": ["car"], "w": 91, "x": 708, "y": 342, "attributes": ["white"], "id": 38243}, {"h": 101, "object_names": ["shirt"], "w": 59, "x": 241, "y": 289, "attributes": ["red"], "id": 7480090}, {"h": 182, "object_names": ["sign"], "w": 88, "x": 118, "y": 13, "attributes": ["black"], "id": 7480091}, {"h": 35, "object_names": ["bike"], "w": 29, "x": 334, "y": 319, "attributes": ["visible"], "id": 7480092}, {"h": 101, "object_names": ["shirt"], "w": 59, "x": 241, "y": 289, "attributes": ["orange"], "id": 7480097}, {"h": 34, "object_names": ["shoes"], "w": 46, "x": 391, "y": 481, "attributes": ["brown"], "id": 7480098}, {"h": 134, "object_names": ["van"], "w": 233, "x": 529, "y": 298, "attributes": ["white"], "id": 7480099}, {"h": 9, "object_names": ["chin"], "w": 11, "x": 399, "y": 288, "attributes": ["raised"], "id": 7480100}, {"h": 533, "object_names": ["wall"], "w": 134, "x": 0, "y": 1, "attributes": ["grey"], "id": 7480101}, {"h": 536, "object_names": ["building"], "w": 218, "x": 1, "y": 2, "attributes": ["visible"], "id": 7480108}, {"h": 339, "object_names": ["clock"], "w": 79, "x": 421, "y": 91, "attributes": ["green"], "id": 7480111}, {"h": 43, "object_names": ["arm"], "w": 32, "x": 368, "y": 283, "attributes": ["raised"], "id": 7480114}, {"h": 66, "object_names": ["shirt"], "w": 37, "x": 384, "y": 306, "attributes": ["grey"], "id": 7480117}, {"h": 339, "object_names": ["clock"], "w": 79, "x": 421, "y": 91, "attributes": ["tall"], "id": 7480118}, {"h": 134, "object_names": ["van"], "w": 233, "x": 529, "y": 298, "attributes": ["parked"], "id": 7480119}, {"h": 35, "object_names": ["bike"], "w": 29, "x": 334, "y": 319, "attributes": ["chained"], "id": 7480120}, {"h": 9, "object_names": ["chin"], "w": 11, "x": 399, "y": 288, "attributes": ["visible"], "id": 7480121}, {"h": 12, "object_names": ["glasses"], "w": 20, "x": 271, "y": 268, "attributes": ["visible"], "id": 7480122}, {"h": 430, "object_names": ["lamp post"], "w": 41, "x": 537, "y": 63, "attributes": ["visible"], "id": 7480123}, {"h": 128, "object_names": ["pants"], "w": 54, "x": 382, "y": 369, "attributes": ["grey"], "id": 7480128}, {"h": 360, "object_names": ["tree"], "w": 176, "x": 249, "y": 0, "attributes": ["visible"], "id": 7480129}, {"h": 97, "object_names": ["jacket"], "w": 89, "x": 356, "y": 296, "attributes": ["grey"], "id": 7480130}, {"h": 233, "object_names": ["street"], "w": 440, "x": 358, "y": 283, "attributes": ["clean"], "id": 7480131}, {"h": 266, "object_names": ["sidewalk"], "w": 722, "x": 77, "y": 331, "attributes": ["visible"], "id": 7480142}, {"h": 174, "object_names": ["car"], "w": 91, "x": 708, "y": 342, "attributes": ["parked"], "id": 7480143}, {"h": 143, "object_names": ["parking meter"], "w": 32, "x": 574, "y": 327, "attributes": ["visible"], "id": 7480144}, {"h": 118, "object_names": ["pants"], "w": 38, "x": 245, "y": 384, "attributes": ["black"], "id": 7480145}, {"h": 557, "object_names": ["trees"], "w": 606, "x": 190, "y": 0, "attributes": ["visible"], "id": 7480148}, {"h": 185, "object_names": ["work truck"], "w": 265, "x": 521, "y": 271, "attributes": ["white"], "id": 7480149}, {"h": 536, "object_names": ["building"], "w": 218, "x": 1, "y": 2, "attributes": ["visible"], "id": 7480150}], "id": 1}, {"attributes": [{"h": 103, "object_names": ["walk sign"], "w": 43, "x": 463, "y": 141, "attributes": ["on", "lit \"walk\""], "id": 38245}, {"h": 81, "object_names": ["backpack"], "w": 72, "x": 359, "y": 362, "attributes": ["silver"], "id": 38246}, {"h": 126, "object_names": ["car"], "w": 136, "x": 239, "y": 347, "attributes": ["red"], "id": 38248}, {"h": 223, "object_names": ["tree"], "w": 73, "x": 0, "y": 146, "attributes": ["green"], "id": 38250}, {"h": 201, "object_names": ["tree"], "w": 61, "x": 58, "y": 155, "attributes": ["green"], "id": 38251}, {"h": 163, "object_names": ["tree"], "w": 83, "x": 110, "y": 195, "attributes": ["green"], "id": 38252}, {"h": 247, "object_names": ["sidewalk"], "w": 415, "x": 384, "y": 343, "attributes": ["brick"], "id": 38256}, {"h": 179, "object_names": ["window"], "w": 26, "x": 628, "y": 64, "attributes": ["glass"], "id": 38257}, {"h": 179, "object_names": ["window"], "w": 99, "x": 645, "y": 60, "attributes": ["glass"], "id": 38258}, {"h": 159, "object_names": ["window"], "w": 57, "x": 742, "y": 71, "attributes": ["glass"], "id": 38259}, {"h": 114, "object_names": ["window"], "w": 105, "x": 644, "y": 259, "attributes": ["glass"], "id": 38260}, {"h": 108, "object_names": ["window"], "w": 52, "x": 746, "y": 259, "attributes": ["glass"], "id": 38261}, {"h": 76, "object_names": ["car"], "w": 86, "x": 346, "y": 327, "attributes": ["white"], "id": 38263}, {"h": 131, "object_names": ["street light"], "w": 28, "x": 288, "y": 212, "attributes": ["white"], "id": 38265}, {"h": 126, "object_names": ["car"], "w": 136, "x": 239, "y": 347, "attributes": ["parked", "red"], "id": 38276}, {"h": 126, "object_names": ["car"], "w": 136, "x": 239, "y": 347, "attributes": ["red"], "id": 38283}, {"h": 107, "object_names": ["crosswalk"], "w": 366, "x": 0, "y": 492, "attributes": ["white"], "id": 38287}, {"h": 384, "object_names": ["building"], "w": 251, "x": 547, "y": 4, "attributes": ["brown"], "id": 7185591}, {"h": 67, "object_names": ["sign"], "w": 22, "x": 230, "y": 287, "attributes": ["black"], "id": 7185592}, {"h": 255, "object_names": ["man"], "w": 142, "x": 324, "y": 320, "attributes": ["white"], "id": 7185593}, {"h": 211, "object_names": ["trees"], "w": 198, "x": 9, "y": 147, "attributes": ["green"], "id": 7185594}, {"h": 126, "object_names": ["car"], "w": 136, "x": 239, "y": 347, "attributes": ["red"], "id": 7185595}, {"h": 211, "object_names": ["trees"], "w": 198, "x": 9, "y": 147, "attributes": ["green"], "id": 7185596}, {"h": 255, "object_names": ["man"], "w": 142, "x": 324, "y": 320, "attributes": ["walking"], "id": 7185597}, {"h": 126, "object_names": ["car"], "w": 136, "x": 239, "y": 347, "attributes": ["red"], "id": 7185598}, {"h": 384, "object_names": ["building"], "w": 251, "x": 547, "y": 4, "attributes": ["tall"], "id": 7185599}, {"h": 211, "object_names": ["trees"], "w": 198, "x": 9, "y": 147, "attributes": ["green"], "id": 7185600}, {"h": 126, "object_names": ["car"], "w": 136, "x": 239, "y": 347, "attributes": ["red"], "id": 7185601}, {"h": 255, "object_names": ["man"], "w": 142, "x": 324, "y": 320, "attributes": ["walking"], "id": 7185602}, {"h": 211, "object_names": ["trees"], "w": 198, "x": 9, "y": 147, "attributes": ["green"], "id": 7185603}, {"h": 429, "object_names": ["street light"], "w": 122, "x": 377, "y": 37, "attributes": ["brown"], "id": 7185604}, {"h": 298, "object_names": ["building"], "w": 282, "x": 165, "y": 13, "attributes": ["red"], "id": 7185605}, {"h": 255, "object_names": ["man"], "w": 142, "x": 324, "y": 320, "attributes": ["walking"], "id": 7185606}, {"h": 384, "object_names": ["building"], "w": 251, "x": 547, "y": 4, "attributes": ["brown"], "id": 7185607}, {"h": 255, "object_names": ["man"], "w": 142, "x": 324, "y": 320, "attributes": ["walking"], "id": 7185608}, {"h": 247, "object_names": ["sidewalk"], "w": 415, "x": 384, "y": 343, "attributes": ["white"], "id": 7185609}, {"h": 211, "object_names": ["trees"], "w": 198, "x": 9, "y": 147, "attributes": ["green"], "id": 7185610}, {"h": 211, "object_names": ["trees"], "w": 198, "x": 9, "y": 147, "attributes": ["green"], "id": 7185611}, {"h": 255, "object_names": ["man"], "w": 142, "x": 324, "y": 320, "attributes": ["walking"], "id": 7185612}, {"h": 279, "object_names": ["road"], "w": 372, "x": 3, "y": 321, "attributes": ["grey"], "id": 7185613}, {"h": 429, "object_names": ["street light"], "w": 122, "x": 377, "y": 37, "attributes": ["brown"], "id": 7185614}, {"h": 279, "object_names": ["road"], "w": 372, "x": 3, "y": 321, "attributes": ["grey"], "id": 7185615}, {"h": 384, "object_names": ["building"], "w": 251, "x": 547, "y": 4, "attributes": ["brown"], "id": 7185616}, {"h": 255, "object_names": ["man"], "w": 142, "x": 324, "y": 320, "attributes": ["walking"], "id": 7185617}, {"h": 279, "object_names": ["road"], "w": 372, "x": 3, "y": 321, "attributes": ["grey"], "id": 7185618}, {"h": 298, "object_names": ["building"], "w": 282, "x": 165, "y": 13, "attributes": ["brown"], "id": 7185619}, {"h": 126, "object_names": ["car"], "w": 136, "x": 239, "y": 347, "attributes": ["parked"], "id": 7185620}, {"h": 67, "object_names": ["sign"], "w": 22, "x": 230, "y": 287, "attributes": ["black"], "id": 7185621}, {"h": 255, "object_names": ["man"], "w": 142, "x": 324, "y": 320, "attributes": ["walking"], "id": 7185622}, {"h": 211, "object_names": ["trees"], "w": 198, "x": 9, "y": 147, "attributes": ["green"], "id": 7185623}, {"h": 438, "object_names": ["pole"], "w": 78, "x": 405, "y": 34, "attributes": ["brown"], "id": 7185624}, {"h": 279, "object_names": ["road"], "w": 372, "x": 3, "y": 321, "attributes": ["grey"], "id": 7185625}, {"h": 126, "object_names": ["car"], "w": 136, "x": 239, "y": 347, "attributes": ["red"], "id": 7185626}, {"h": 438, "object_names": ["pole"], "w": 78, "x": 405, "y": 34, "attributes": ["brown"], "id": 7185627}, {"h": 384, "object_names": ["building"], "w": 251, "x": 547, "y": 4, "attributes": ["orange"], "id": 7185628}, {"h": 279, "object_names": ["road"], "w": 372, "x": 3, "y": 321, "attributes": ["grey"], "id": 7185629}, {"h": 255, "object_names": ["man"], "w": 142, "x": 324, "y": 320, "attributes": ["walking"], "id": 7185630}, {"h": 26, "object_names": ["lights"], "w": 32, "x": 227, "y": 284, "attributes": ["off"], "id": 7185631}, {"h": 279, "object_names": ["road"], "w": 372, "x": 3, "y": 321, "attributes": ["grey"], "id": 7185632}, {"h": 438, "object_names": ["pole"], "w": 78, "x": 405, "y": 34, "attributes": ["brown"], "id": 7185633}, {"h": 255, "object_names": ["man"], "w": 142, "x": 324, "y": 320, "attributes": ["walking"], "id": 7185634}, {"h": 438, "object_names": ["pole"], "w": 78, "x": 405, "y": 34, "attributes": ["brown"], "id": 7185635}], "id": 2}, {"attributes": [{"h": 79, "object_names": ["office phone"], "w": 98, "x": 456, "y": 266, "attributes": ["multi-line phone"], "id": 38291}, {"h": 24, "object_names": ["outlet"], "w": 17, "x": 83, "y": 202, "attributes": ["electrical"], "id": 38292}, {"h": 29, "object_names": ["outlet"], "w": 22, "x": 42, "y": 207, "attributes": ["data line"], "id": 38293}, {"h": 134, "object_names": ["computer case"], "w": 65, "x": 574, "y": 270, "attributes": ["black", "leather"], "id": 38301}, {"h": 139, "object_names": ["cpu"], "w": 88, "x": 212, "y": 340, "attributes": ["computer tower"], "id": 38306}, {"h": 149, "object_names": ["girl"], "w": 94, "x": 544, "y": 89, "attributes": ["sitting"], "id": 38318}, {"h": 244, "object_names": ["desktop"], "w": 510, "x": 129, "y": 233, "attributes": ["curved"], "id": 38325}, {"h": 109, "object_names": ["hair"], "w": 55, "x": 585, "y": 98, "attributes": ["long"], "id": 38326}, {"h": 48, "object_names": ["keyboard"], "w": 175, "x": 168, "y": 273, "attributes": ["white"], "id": 38335}, {"h": 155, "object_names": ["computer"], "w": 149, "x": 159, "y": 119, "attributes": ["white"], "id": 7485902}, {"h": 155, "object_names": ["monitor"], "w": 149, "x": 159, "y": 119, "attributes": ["turned off"], "id": 7485903}, {"h": 16, "object_names": ["pen"], "w": 53, "x": 405, "y": 323, "attributes": ["blue"], "id": 7485912}, {"h": 155, "object_names": ["monitor"], "w": 149, "x": 159, "y": 119, "attributes": ["switched off"], "id": 7485913}, {"h": 79, "object_names": ["telephone"], "w": 98, "x": 456, "y": 266, "attributes": ["black"], "id": 7485914}, {"h": 81, "object_names": ["strap"], "w": 69, "x": 570, "y": 333, "attributes": ["black"], "id": 7485919}, {"h": 134, "object_names": ["bag"], "w": 65, "x": 574, "y": 270, "attributes": ["black"], "id": 7485930}, {"h": 28, "object_names": ["mouse"], "w": 29, "x": 346, "y": 296, "attributes": ["white"], "id": 7485931}, {"h": 28, "object_names": ["mouse"], "w": 29, "x": 346, "y": 296, "attributes": ["white"], "id": 7485933}, {"h": 155, "object_names": ["computer"], "w": 149, "x": 159, "y": 119, "attributes": ["white"], "id": 7485938}, {"h": 28, "object_names": ["mouse"], "w": 29, "x": 346, "y": 296, "attributes": ["white"], "id": 7485943}, {"h": 244, "object_names": ["table"], "w": 510, "x": 129, "y": 233, "attributes": ["white"], "id": 7485948}, {"h": 16, "object_names": ["pen"], "w": 53, "x": 405, "y": 323, "attributes": ["black"], "id": 7485966}, {"h": 201, "object_names": ["cabinet"], "w": 139, "x": 2, "y": 269, "attributes": ["beige"], "id": 7485969}, {"h": 48, "object_names": ["keyboard"], "w": 175, "x": 168, "y": 273, "attributes": ["white"], "id": 7485970}, {"h": 201, "object_names": ["cabinet"], "w": 139, "x": 2, "y": 269, "attributes": ["grey"], "id": 7485973}, {"h": 16, "object_names": ["pen"], "w": 53, "x": 405, "y": 323, "attributes": ["blue", "yellow"], "id": 7485974}], "id": 3}, {"attributes": [{"h": 300, "object_names": ["curtains"], "w": 280, "x": 360, "y": 1, "attributes": ["blue"], "id": 38336}, {"h": 157, "object_names": ["chair"], "w": 92, "x": 387, "y": 214, "attributes": ["black"], "id": 38337}, {"h": 27, "object_names": ["padding"], "w": 72, "x": 407, "y": 284, "attributes": ["blue"], "id": 38338}, {"h": 86, "object_names": ["pillow"], "w": 111, "x": 183, "y": 222, "attributes": ["white"], "id": 38339}, {"h": 157, "object_names": ["carpet"], "w": 629, "x": 2, "y": 321, "attributes": ["gray", "plush"], "id": 38340}, {"h": 141, "object_names": ["desk"], "w": 67, "x": 0, "y": 337, "attributes": ["wooden"], "id": 38342}, {"h": 86, "object_names": ["pillow"], "w": 111, "x": 183, "y": 222, "attributes": ["white"], "id": 38343}, {"h": 300, "object_names": ["curtain"], "w": 280, "x": 360, "y": 1, "attributes": ["drawn", "blue"], "id": 38347}, {"h": 172, "object_names": ["couch"], "w": 260, "x": 105, "y": 210, "attributes": ["purple"], "id": 38348}, {"h": 48, "object_names": ["color"], "w": 41, "x": 298, "y": 225, "attributes": ["purple"], "id": 38349}, {"h": 51, "object_names": ["table top"], "w": 227, "x": 413, "y": 242, "attributes": ["glass"], "id": 38350}, {"h": 57, "object_names": ["animal"], "w": 52, "x": 211, "y": 251, "attributes": ["stuffed"], "id": 38351}, {"h": 86, "object_names": ["pillow"], "w": 111, "x": 183, "y": 222, "attributes": ["white"], "id": 38352}, {"h": 51, "object_names": ["table top"], "w": 227, "x": 413, "y": 242, "attributes": ["glass"], "id": 38353}, {"h": 172, "object_names": ["futon"], "w": 260, "x": 105, "y": 210, "attributes": ["purple"], "id": 38355}, {"h": 107, "object_names": ["frame"], "w": 265, "x": 103, "y": 274, "attributes": ["wooden"], "id": 38356}, {"h": 157, "object_names": ["chair"], "w": 92, "x": 387, "y": 214, "attributes": ["slender"], "id": 38357}, {"h": 327, "object_names": ["door"], "w": 120, "x": 367, "y": 0, "attributes": ["glass", "sliding"], "id": 38359}, {"h": 300, "object_names": ["curtains"], "w": 280, "x": 360, "y": 1, "attributes": ["blue"], "id": 38361}, {"h": 38, "object_names": ["color"], "w": 22, "x": 575, "y": 38, "attributes": ["blue"], "id": 38362}, {"h": 157, "object_names": ["carpet"], "w": 629, "x": 2, "y": 321, "attributes": ["clean"], "id": 38363}, {"h": 188, "object_names": ["floor"], "w": 631, "x": 1, "y": 290, "attributes": ["wood"], "id": 38364}, {"h": 20, "object_names": ["cloths"], "w": 23, "x": 227, "y": 272, "attributes": ["red"], "id": 38365}, {"h": 64, "object_names": ["seats"], "w": 232, "x": 408, "y": 285, "attributes": ["blue"], "id": 38367}, {"h": 17, "object_names": ["colour"], "w": 26, "x": 423, "y": 288, "attributes": ["blue"], "id": 38368}, {"h": 172, "object_names": ["couch"], "w": 260, "x": 105, "y": 210, "attributes": ["purple"], "id": 7485975}, {"h": 282, "object_names": ["drape"], "w": 149, "x": 362, "y": 0, "attributes": ["blue"], "id": 7485976}, {"h": 200, "object_names": ["table"], "w": 224, "x": 412, "y": 238, "attributes": ["glass"], "id": 7485977}, {"h": 129, "object_names": ["picture"], "w": 92, "x": 0, "y": 230, "attributes": ["art"], "id": 7485978}, {"h": 150, "object_names": ["lamp"], "w": 48, "x": 216, "y": 62, "attributes": ["standing"], "id": 7485979}, {"h": 150, "object_names": ["lamp"], "w": 48, "x": 216, "y": 62, "attributes": ["black"], "id": 7485980}, {"h": 157, "object_names": ["carpet"], "w": 629, "x": 2, "y": 321, "attributes": ["clean"], "id": 7485981}, {"h": 157, "object_names": ["chair"], "w": 92, "x": 387, "y": 214, "attributes": ["blue"], "id": 7485982}, {"h": 172, "object_names": ["couch"], "w": 260, "x": 105, "y": 210, "attributes": ["cloth"], "id": 7485983}, {"h": 172, "object_names": ["couch"], "w": 260, "x": 105, "y": 210, "attributes": ["purple"], "id": 7485984}, {"h": 57, "object_names": ["teddy bear"], "w": 52, "x": 211, "y": 251, "attributes": ["stuffed"], "id": 7485985}, {"h": 51, "object_names": ["table top"], "w": 227, "x": 413, "y": 242, "attributes": ["glass"], "id": 7485986}, {"h": 150, "object_names": ["lamp"], "w": 48, "x": 216, "y": 62, "attributes": ["black"], "id": 7485987}, {"h": 129, "object_names": ["picture"], "w": 92, "x": 0, "y": 230, "attributes": ["black"], "id": 7485988}, {"h": 172, "object_names": ["couch"], "w": 260, "x": 105, "y": 210, "attributes": ["wooden"], "id": 7485989}, {"h": 200, "object_names": ["table"], "w": 224, "x": 412, "y": 238, "attributes": ["metal"], "id": 7485990}, {"h": 129, "object_names": ["picture"], "w": 92, "x": 0, "y": 230, "attributes": ["poster"], "id": 7485991}, {"h": 150, "object_names": ["lamp"], "w": 48, "x": 216, "y": 62, "attributes": ["chrome"], "id": 7485992}, {"h": 282, "object_names": ["drape"], "w": 149, "x": 362, "y": 0, "attributes": ["designed"], "id": 7485993}, {"h": 141, "object_names": ["desk"], "w": 67, "x": 0, "y": 337, "attributes": ["wooden"], "id": 7485994}, {"h": 157, "object_names": ["carpet"], "w": 629, "x": 2, "y": 321, "attributes": ["clean"], "id": 7485995}, {"h": 51, "object_names": ["table top"], "w": 227, "x": 413, "y": 242, "attributes": ["empty"], "id": 7485996}, {"h": 282, "object_names": ["drape"], "w": 149, "x": 362, "y": 0, "attributes": ["tied"], "id": 7486003}, {"h": 157, "object_names": ["carpet"], "w": 629, "x": 2, "y": 321, "attributes": ["grey"], "id": 7486004}, {"h": 150, "object_names": ["lamp"], "w": 48, "x": 216, "y": 62, "attributes": ["tall"], "id": 7486007}, {"h": 172, "object_names": ["couch"], "w": 260, "x": 105, "y": 210, "attributes": ["purple"], "id": 7486008}, {"h": 129, "object_names": ["picture"], "w": 92, "x": 0, "y": 230, "attributes": ["water"], "id": 7486009}, {"h": 25, "object_names": ["box"], "w": 57, "x": 457, "y": 165, "attributes": ["empty"], "id": 7486010}, {"h": 157, "object_names": ["chair"], "w": 92, "x": 387, "y": 214, "attributes": ["purple"], "id": 7486011}, {"h": 157, "object_names": ["carpet"], "w": 629, "x": 2, "y": 321, "attributes": ["purple"], "id": 7486012}, {"h": 141, "object_names": ["desk"], "w": 67, "x": 0, "y": 337, "attributes": ["wooden"], "id": 7486013}, {"h": 200, "object_names": ["table"], "w": 224, "x": 412, "y": 238, "attributes": ["glass"], "id": 7486014}, {"h": 188, "object_names": ["floor"], "w": 631, "x": 1, "y": 290, "attributes": ["wood"], "id": 7486015}, {"h": 107, "object_names": ["frame"], "w": 265, "x": 103, "y": 274, "attributes": ["wooden"], "id": 7486016}, {"h": 86, "object_names": ["pillow"], "w": 111, "x": 183, "y": 222, "attributes": ["white"], "id": 7486017}, {"h": 282, "object_names": ["drape"], "w": 149, "x": 362, "y": 0, "attributes": ["tied"], "id": 7486022}, {"h": 57, "object_names": ["teddy bear"], "w": 52, "x": 211, "y": 251, "attributes": ["forward"], "id": 7486023}, {"h": 300, "object_names": ["curtains"], "w": 280, "x": 360, "y": 1, "attributes": ["blue"], "id": 7486024}, {"h": 188, "object_names": ["floor"], "w": 631, "x": 1, "y": 290, "attributes": ["wooden"], "id": 7486025}], "id": 4}, {"attributes": [{"h": 108, "object_names": ["floor"], "w": 349, "x": 2, "y": 490, "attributes": ["wooden"], "id": 38369}, {"h": 88, "object_names": ["cables"], "w": 49, "x": 301, "y": 448, "attributes": ["white"], "id": 38370}, {"h": 242, "object_names": ["chairs"], "w": 408, "x": 141, "y": 351, "attributes": ["wooden", "empty"], "id": 38372}, {"h": 519, "object_names": ["wall"], "w": 404, "x": 389, "y": 9, "attributes": ["white"], "id": 38373}, {"h": 39, "object_names": ["light"], "w": 119, "x": 72, "y": 3, "attributes": ["on"], "id": 38374}, {"h": 519, "object_names": ["wall"], "w": 404, "x": 389, "y": 9, "attributes": ["white"], "id": 38376}, {"h": 370, "object_names": ["area"], "w": 567, "x": 147, "y": 212, "attributes": ["cluttered"], "id": 38377}, {"h": 240, "object_names": ["chair"], "w": 174, "x": 144, "y": 358, "attributes": ["brown"], "id": 38378}, {"h": 40, "object_names": ["color"], "w": 19, "x": 170, "y": 453, "attributes": ["brown"], "id": 38379}, {"h": 101, "object_names": ["computer monitor"], "w": 101, "x": 194, "y": 278, "attributes": ["off"], "id": 38380}, {"h": 108, "object_names": ["floor"], "w": 349, "x": 2, "y": 490, "attributes": ["woods"], "id": 38384}, {"h": 529, "object_names": ["door"], "w": 40, "x": 3, "y": 8, "attributes": ["locked"], "id": 38385}, {"h": 77, "object_names": ["windows"], "w": 43, "x": 37, "y": 253, "attributes": ["locked"], "id": 38388}, {"h": 73, "object_names": ["windows"], "w": 38, "x": 35, "y": 148, "attributes": ["locked"], "id": 38389}, {"h": 108, "object_names": ["floor"], "w": 349, "x": 2, "y": 490, "attributes": ["wood"], "id": 38391}, {"h": 519, "object_names": ["wall"], "w": 404, "x": 389, "y": 9, "attributes": ["cream colour"], "id": 38394}, {"h": 185, "object_names": ["colour"], "w": 190, "x": 607, "y": 259, "attributes": ["cream"], "id": 38395}, {"h": 57, "object_names": ["air conditioner"], "w": 180, "x": 186, "y": 20, "attributes": ["white"], "id": 7486026}, {"h": 529, "object_names": ["door"], "w": 40, "x": 3, "y": 8, "attributes": ["locked"], "id": 7486027}, {"h": 519, "object_names": ["wall"], "w": 404, "x": 389, "y": 9, "attributes": ["cream"], "id": 7486028}, {"h": 138, "object_names": ["cork-board"], "w": 162, "x": 552, "y": 430, "attributes": ["leaning"], "id": 7486035}, {"h": 519, "object_names": ["wall"], "w": 404, "x": 389, "y": 9, "attributes": ["white"], "id": 7486040}, {"h": 108, "object_names": ["floor"], "w": 349, "x": 2, "y": 490, "attributes": ["wood"], "id": 7486041}, {"h": 529, "object_names": ["door"], "w": 40, "x": 3, "y": 8, "attributes": ["white"], "id": 7486042}, {"h": 242, "object_names": ["chairs"], "w": 408, "x": 141, "y": 351, "attributes": ["empty"], "id": 7486043}, {"h": 251, "object_names": ["chair"], "w": 166, "x": 377, "y": 348, "attributes": ["wood"], "id": 7486054}, {"h": 90, "object_names": ["window"], "w": 87, "x": 44, "y": 148, "attributes": ["square"], "id": 7486057}, {"h": 107, "object_names": ["desk"], "w": 317, "x": 120, "y": 357, "attributes": ["brown"], "id": 7486058}, {"h": 39, "object_names": ["light"], "w": 119, "x": 72, "y": 3, "attributes": ["on"], "id": 7486061}, {"h": 57, "object_names": ["air conditioner"], "w": 180, "x": 186, "y": 20, "attributes": ["mini-split"], "id": 7486070}, {"h": 240, "object_names": ["chair"], "w": 174, "x": 144, "y": 358, "attributes": ["wood"], "id": 7486075}, {"h": 108, "object_names": ["floor"], "w": 349, "x": 2, "y": 490, "attributes": ["brown"], "id": 7486084}, {"h": 528, "object_names": ["wall"], "w": 245, "x": 145, "y": 3, "attributes": ["white"], "id": 7486085}, {"h": 101, "object_names": ["computer monitor"], "w": 101, "x": 194, "y": 278, "attributes": ["off"], "id": 7486086}, {"h": 102, "object_names": ["shelves"], "w": 372, "x": 425, "y": 132, "attributes": ["brown"], "id": 7486091}, {"h": 528, "object_names": ["wall"], "w": 245, "x": 145, "y": 3, "attributes": ["white"], "id": 7486092}, {"h": 101, "object_names": ["computer monitor"], "w": 101, "x": 194, "y": 278, "attributes": ["grey"], "id": 7486093}, {"h": 142, "object_names": ["books"], "w": 370, "x": 429, "y": 88, "attributes": ["arranged"], "id": 7486094}], "id": 5}]