<benchmark>
  <entries>
    <entry category="Politician" eid="Id1" shape="(X (X) (X (X)) (X (X)))" shape_type="mixed" size="5">
      <originaltripleset>
        <otriple>Ab_Klink | almaMater | Erasmus_University_Rotterdam</otriple>
        <otriple>Erasmus_University_Rotterdam | affiliations | Association_of_MBAs</otriple>
        <otriple>Ab_Klink | birthPlace | Stellendam</otriple>
        <otriple>Ab_Klink | nationality | Netherlands</otriple>
        <otriple>Netherlands | leader | Mark_Rutte</otriple>
      </originaltripleset>
      <originaltripleset>
        <otriple>Ab_Klink | almaMater | Erasmus_University_Rotterdam</otriple>
        <otriple>Erasmus_University_Rotterdam | affiliation | Association_of_MBAs</otriple>
        <otriple>Ab_Klink | birthPlace | Stellendam</otriple>
        <otriple>Ab_Klink | nationality | Netherlands</otriple>
        <otriple>Netherlands | leader | Mark_Rutte</otriple>
      </originaltripleset>
      <modifiedtripleset>
        <mtriple>Ab_Klink | almaMater | Erasmus_University_Rotterdam</mtriple>
        <mtriple>Erasmus_University_Rotterdam | affiliation | Association_of_MBAs</mtriple>
        <mtriple>Ab_Klink | birthPlace | Stellendam</mtriple>
        <mtriple>Ab_Klink | nationality | Netherlands</mtriple>
        <mtriple>Netherlands | leaderName | Mark_Rutte</mtriple>
      </modifiedtripleset>
      <lex comment="good" lid="Id1">Erasmus University in Rotterdam (Assoc. of MBA's) alum and Netherlands national Ab Klink was born in Stellendam. The Netherlands is led by Mark Rutte.</lex>
      <lex comment="good" lid="Id2">Ab Klink attended Erasmus University Rotterdam which is affiliated with the Association of MBAs. He was born in Stellendam in the Netherlands where the leader is Mark Rutte.</lex>
      <lex comment="good" lid="Id3">Ab Klink attended Erasmus University Rotterdam, which is affiliated to Association of MBAs. Mark Rutte is the leader of the Netherlands, the country where Ab Klink was born, in Stellendam.</lex>
    </entry>
    </entries>
</benchmark>