<benchmark>
  <entries>
    <entry category="Astronaut" eid="Id1" shape="(X (X) (X) (X) (X) (X))" shape_type="sibling" size="5">
      <originaltripleset>
        <otriple>Alan_Bean | nationality | United_States</otriple>
        <otriple>Alan_Bean | birthDate | "1932-03-15"^^xsd:date</otriple>
        <otriple>Alan_Bean | almaMater | "UT Austin, B.S. 1955"@en</otriple>
        <otriple>Alan_Bean | birthPlace | Wheeler,_Texas</otriple>
        <otriple>Alan_Bean | selection | 1963</otriple>
      </originaltripleset>
      <modifiedtripleset>
        <mtriple>Alan_Bean | nationality | United_States</mtriple>
        <mtriple>Alan_Bean | birthDate | "1932-03-15"</mtriple>
        <mtriple>Alan_Bean | almaMater | "UT Austin, B.S. 1955"</mtriple>
        <mtriple>Alan_Bean | birthPlace | Wheeler,_Texas</mtriple>
        <mtriple>Alan_Bean | was selected by NASA | 1963</mtriple>
      </modifiedtripleset>
      <lex comment="good" lid="Id1">Alan Bean (born on March 15, 1932) graduated from UT Austin in 1955 with a B.S. Alan Bean who was chosen by NASA in 1963 is an American born in Wheeler, Texas.</lex>
      <lex comment="good" lid="Id2">Alan Bean was an American astronaut, born on March 15, 1932 in Wheeler, Texas. He received a Bachelor of Science degree at the University of Texas at Austin in 1955 and was chosen by NASA in 1963.</lex>
      <lex comment="good" lid="Id3">Alan Bean was born in Wheeler, Texas in 1932 and graduated with a B.S. in 1955. Alan Bean then went on to join NASA in 1963.</lex>
    </entry>
    </entries>
</benchmark>