{"P413": ["position played on team / speciality", "position or specialism of a player on a team, e.g. Small Forward"],"P463": ["member of", "organization or club to which the subject belongs. Do not use for membership in ethnic or social groups, nor for holding a position such as a member of parliament (use P39 for that)."],"P921": ["main subject", "primary topic of a work (see also P180: depicts)"],"P2094": ["competition class", "official classification by a regulating body under which the subject (events, teams, participants, or equipment) qualifies for inclusion"],"P177": ["crosses", "obstacle (body of water, road, ...) which this bridge crosses over or this tunnel goes under"],"P364": ["original language of film or TV show", "language in which a film or a performance work was originally created. Deprecated for written works; use P407 (\"language of work or name\") instead."],"P931": ["place served by transport hub", "territorial entity or entities served by this transport hub (airport, train station, etc.)"], "P4552": ["mountain range", "range or subrange to which the geographical item belongs"],"P1923": ["participating team", "Like 'Participant' (P710) but for teams. For an event like a cycle race or a football match you can use this property to list the teams and P710 to list the individuals (with 'member of sports team' (P54) as a qualifier for the individuals)"]}