[{"tokens": ["the", "contribution", "of", "brush", "border", "cytoskeletal", "proteins", "(", "actin", ",", "villin", ",", "fimbrin", ",", "and", "brush", "border", "myosin-1", ")", "to", "organization", "of", "the", "cytoskeletal", "network", "underlying", "apical", "plications", "of", "oxynticopeptic", "cells", "was", "examined", "by", "immunohistochemical", "techniques", "in", "frozen", "sections", "of", "gastric", "mucosa", "from", "the", "bullfrog", ",", "rana", "catesbeiana", "."], "h": ["actin", "C0001271", [[8]]], "t": ["cytoskeletal", "C0010853", [[23]]]}, {"tokens": ["in", "ischemia", "and", "reperfusion", "protocols", ":", "(", "a", ")", "icam-1", "mrna", "was", "found", "in", "ischemic", "segments", "within", "1", "h", "of", "reperfusion", "and", "in", "both", "ischemic", "and", "normally", "perfused", "segments", "by", "24", "h", "of", "reperfusion", ";", "(", "b", ")", "expression", "of", "icam-1", "was", "detected", "in", "cardiac", "myocytes", "in", "the", "ischemic", "region", "by", "6", "h", "of", "reperfusion", ";", "increased", "expression", "was", "seen", "thereafter", "as", "a", "function", "of", "time", ";", "(", "c", ")", "post-ischemic", "(", "but", "not", "preischemic", ")", "cardiac", "lymph", "collected", "at", "intervals", "from", "1", "to", "24", "h", "after", "reperfusion", "elicited", "icam-1", "mrna", ",", "icam-1", "expression", ",", "and", "icam-1-dependent", "neutrophil", "adhesion", "in", "canine", "jugular", "vein", "endothelial", "cells", "and", "in", "cardiac", "myocytes", "with", "peak", "cytokine", "activity", "seen", "by", "1", "h", ";", "(", "d", ")", "extravascular", "localization", "of", "neutrophils", "was", "detected", "in", "ischemic", "areas", "only", ",", "and", "was", "associated", "with", "endothelium", "bearing", "high", "levels", "of", "icam-1", "within", "1", "h", "of", "reperfusion", ";", "infiltration", "increased", "thereafter", "in", "association", "with", "increasing", "levels", "of", "icam-1", "mrna", "in", "myocardial", "segments", "and", "increasing", "levels", "of", "icam-1", "expression", "on", "cardiac", "myocytes", "."], "h": ["icam-1", "C0063695", [[9]]], "t": ["endothelial cells", "C0225336", [[103, 104]]]}]