{"P931": [{"tokens": ["Merpati", "flight", "106", "departed", "Jakarta", "(", "CGK", ")", "on", "a", "domestic", "flight", "to", "Tanjung", "Pandan", "(", "TJQ", ")", "."], "h": ["tjq", "Q1331049", [[16]]], "t": ["tanjung pandan", "Q3056359", [[13, 14]]]}, {"tokens": ["The", "name", "was", "at", "one", "point", "changed", "to", "Nottingham", "East", "Midlands", "Airport", "so", "as", "to", "include", "the", "name", "of", "the", "city", "that", "is", "supposedly", "most", "internationally", "recognisable", ",", "mainly", "due", "to", "the", "Robin", "Hood", "legend", "."], "h": ["east midlands airport", "Q8977", [[9, 10, 11]]], "t": ["nottingham", "Q41262", [[8]]]}], "P4552": [{"tokens": ["It", "is", "approximately", "8", "km", "away", "from", "Mount", "Korbu", ",", "the", "tallest", "mountain", "of", "the", "Titiwangsa", "Mountains", "."], "h": ["mount korbu", "Q6921705", [[7, 8]]], "t": ["titiwangsa mountains", "Q581621", [[15, 16]]]}, {"tokens": ["It", "is", "endemic", "to", "Kern", "County", ",", "California", ",", "where", "it", "is", "known", "from", "only", "two", "occurrences", "at", "Owens", "Peak", ",", "one", "of", "the", "highest", "points", "of", "the", "Sierra", "Nevada", "."], "h": ["owens peak", "Q7114739", [[18, 19]]], "t": ["sierra nevada", "Q26777", [[28, 29]]]}], "P1923": [{"tokens": ["On", "26", "August", "2016", ",", "in", "his", "Bundesliga", "debut", ",", "Bayern", "defeated", "Werder", "Bremen", "6\u20130", "."], "h": ["bundesliga", "Q22970620", [[7]]], "t": ["werder bremen", "Q51976", [[12, 13]]]}]}