{
  "version": "v1.0",
  "data": [
    {
      "paragraphs": [
        {
          "id": "TRIAL_800",
          "context": "基于《跑跑卡丁车》与《泡泡堂》上所开发的游戏，由韩国Nexon开发与发行。中国大陆由盛大游戏运营，这是Nexon时隔6年再次授予盛大网络其游戏运营权。台湾由游戏橘子运营。玩家以水枪、小枪、锤子或是水炸弹泡封敌人(玩家或NPC)，即为一泡封，将水泡击破为一踢爆。若水泡未在时间内踢爆，则会从水泡中释放或被队友救援(即为一救援)。每次泡封会减少生命数，生命数耗完即算为踢爆。重生者在一定时间内为无敌状态，以踢爆数计分较多者获胜，规则因模式而有差异。以2V2、4V4随机配对的方式，玩家可依胜场数爬牌位(依序为原石、铜牌、银牌、金牌、白金、钻石、大师) ，可选择经典、热血、狙击等模式进行游戏。若游戏中离，则4分钟内不得进行配对(每次中离+4分钟)。开放时间为暑假或寒假期间内不定期开放，8人经典模式随机配对，采计分方式，活动时间内分数越多，终了时可依该名次获得奖励。",
          "qas": [
            {
              "question": "生命数耗完即算为什么？",
              "id": "TRIAL_800_QUERY_0",
              "answers": [
                {
                  "text": "踢爆",
                  "answer_start": 127
                }
              ]
            },
            {
              "question": "若游戏中离，则多少分钟内不得进行配对？",
              "id": "TRIAL_800_QUERY_1",
              "answers": [
                {
                  "text": "4分钟",
                  "answer_start": 301
                }
              ]
            },
            {
              "question": "玩家用什么泡封敌人？",
              "id": "TRIAL_800_QUERY_2",
              "answers": [
                {
                  "text": "玩家以水枪、小枪、锤子或是水炸弹泡封敌人",
                  "answer_start": 85
                }
              ]
            },
            {
              "question": "游戏的模式有哪些？",
              "id": "TRIAL_800_QUERY_3",
              "answers": [
                {
                  "text": "可选择经典、热血、狙击等模式进行游戏。",
                  "answer_start": 275
                }
              ]
            }
          ]
        }
      ],
      "id": "TRIAL_800",
      "title": "泡泡战士"
    }
  ]
}