<benchmark>
  <entries>
    <entry category="Athlete" eid="Id1" shape="(X (X))" shape_type="NA" size="1">
      <originaltripleset>
        <otriple>A.C._Milan | league | Serie_A</otriple>
      </originaltripleset>
      <modifiedtripleset>
        <mtriple>A.C._Milan | league | Serie_A</mtriple>
      </modifiedtripleset>
      <lex comment="good" lid="Id1">A.C. Milan play in Serie A.</lex>
      <lex comment="good" lid="Id2">AC Milan is in Serie A league.</lex>
    </entry>
    </entries>
</benchmark>