<benchmark>
  <entries>
    <entry category="City" eid="Id1" shape="(X (X))" shape_type="NA" size="1">
      <originaltripleset>
        <otriple>Abilene,_Texas | areaWater | 1.42e+07</otriple>
      </originaltripleset>
      <modifiedtripleset>
        <mtriple>Abilene,_Texas | areaOfWater | 14.2 (square kilometres)</mtriple>
      </modifiedtripleset>
      <lex comment="good" lid="Id1">There are 14.2 square kilometers of water in Abilene, Texas.</lex>
      <lex comment="good" lid="Id2">Abilene, Texas has a water area of 14.2 square kilometres.</lex>
      <lex comment="good" lid="Id3">Abilene, Texas has an area of water that is 14.2 square kilometres.</lex>
    </entry>
    </entries>
</benchmark>