[
 [
  [
   "Speaker 1, Speaker 2: Hi!",
   "Speaker 3: Hey!",
   "Speaker 4: So glad you came!",
   "Speaker 1: I can't believe Emma is already one!",
   "Speaker 2: I remember your first birthday! Ross was jealous of all the attention we were giving you. He pulled on his testicles so hard! We had to take him to the emergency room!",
   "Speaker 3: There's something you didn't know about your dad!",
   "Speaker 5: Hey Mr. and Mrs. Geller! Let me help you with that.",
   "Speaker 1: Thank you!",
   "Speaker 5: Oh man, this is great, uh? The three of us together again! You know what would be fun? If we gave this present to Emma from all of us!",
   "Speaker 1: Which one are you?"
  ],
  [
   {
    "x": "Speaker 1",
    "y": "man",
    "rid": [
     30
    ],
    "r": [
     "per:alternate_names"
    ],
    "t": [
     ""
    ],
    "x_type": "PER",
    "y_type": "STRING"
   },
   {
    "x": "Emma",
    "y": "one",
    "rid": [
     25
    ],
    "r": [
     "per:age"
    ],
    "t": [
     ""
    ],
    "x_type": "PER",
    "y_type": "VALUE"
   },
   {
    "x": "Emma",
    "y": "Speaker 3",
    "rid": [
     13
    ],
    "r": [
     "per:children"
    ],
    "t": [
     "dad"
    ],
    "x_type": "PER",
    "y_type": "PER"
   },
   {
    "x": "Speaker 4",
    "y": "one",
    "rid": [
     25
    ],
    "r": [
     "per:age"
    ],
    "t": [
     ""
    ],
    "x_type": "PER",
    "y_type": "VALUE"
   },
   {
    "x": "Speaker 4",
    "y": "man",
    "rid": [
     37
    ],
    "r": [
     "unanswerable"
    ],
    "t": [
     ""
    ],
    "x_type": "PER",
    "y_type": "STRING"
   },
   {
    "x": "Speaker 3",
    "y": "Emma",
    "rid": [
     15
    ],
    "r": [
     "per:parents"
    ],
    "t": [
     "dad"
    ],
    "x_type": "PER",
    "y_type": "PER"
   },
   {
    "x": "Speaker 3",
    "y": "man",
    "rid": [
     37
    ],
    "r": [
     "unanswerable"
    ],
    "t": [
     ""
    ],
    "x_type": "PER",
    "y_type": "STRING"
   },
   {
    "x": "Speaker 3",
    "y": "Mrs. Geller",
    "rid": [
     37
    ],
    "r": [
     "unanswerable"
    ],
    "t": [
     ""
    ],
    "x_type": "PER",
    "y_type": "PER"
   },
   {
    "x": "Speaker 3",
    "y": "Geller",
    "rid": [
     37
    ],
    "r": [
     "unanswerable"
    ],
    "t": [
     ""
    ],
    "x_type": "PER",
    "y_type": "PER"
   },
   {
    "x": "Speaker 5",
    "y": "man",
    "rid": [
     37
    ],
    "r": [
     "unanswerable"
    ],
    "t": [
     ""
    ],
    "x_type": "PER",
    "y_type": "STRING"
   },
   {
    "x": "Speaker 5",
    "y": "dad",
    "rid": [
     37
    ],
    "r": [
     "unanswerable"
    ],
    "t": [
     ""
    ],
    "x_type": "PER",
    "y_type": "STRING"
   },
   {
    "x": "Mrs. Geller",
    "y": "Speaker 3",
    "rid": [
     37
    ],
    "r": [
     "unanswerable"
    ],
    "t": [
     ""
    ],
    "x_type": "PER",
    "y_type": "PER"
   },
   {
    "x": "Mrs. Geller",
    "y": "Speaker 4",
    "rid": [
     37
    ],
    "r": [
     "unanswerable"
    ],
    "t": [
     ""
    ],
    "x_type": "PER",
    "y_type": "PER"
   },
   {
    "x": "Mrs. Geller",
    "y": "Speaker 2",
    "rid": [
     37
    ],
    "r": [
     "unanswerable"
    ],
    "t": [
     ""
    ],
    "x_type": "PER",
    "y_type": "PER"
   }
  ]
 ]
]
