<benchmark>
  <entries>
    <entry category="SportsTeam" eid="Id1" size="2">
      <originaltripleset>
        <otriple>1._FC_Köln | manager | Peter_Stöger</otriple>
        <otriple>Peter_Stöger | team | Austria_national_football_team</otriple>
      </originaltripleset>
      <modifiedtripleset>
        <mtriple>1._FC_Köln | manager | Peter_Stöger</mtriple>
        <mtriple>Peter_Stöger | club | Austria_national_football_team</mtriple>
      </modifiedtripleset>
      <lex comment="good" lid="Id1">Pete Stoger is manager of 1. FC Koln and plays for the Austria national football team.</lex>
      <lex comment="good" lid="Id2">Peter Stoger is the manager of FC Kolin and plays for the Austria national football team.</lex>
      <lex comment="good" lid="Id3">Peter Stöger is manager of 1. FC Köln and plays for the Austria National Football team.</lex>
    </entry>
    </entries>
</benchmark>