<benchmark>
  <entries>
    <entry category="Athlete" eid="Id1" size="2">
      <originaltripleset>
        <otriple>A.S._Roma | league | Serie_A</otriple>
        <otriple>Alessio_Romagnoli | clubs | A.S._Roma</otriple>
      </originaltripleset>
      <originaltripleset>
        <otriple>A.S._Roma | league | Serie_A</otriple>
        <otriple>Alessio_Romagnoli | team | A.S._Roma</otriple>
      </originaltripleset>
      <modifiedtripleset>
        <mtriple>A.S._Roma | league | Serie_A</mtriple>
        <mtriple>Alessio_Romagnoli | club | A.S._Roma</mtriple>
      </modifiedtripleset>
      <lex comment="good" lid="Id1">Alessio Romagnoli is a member of A.S. Roma who play in the Serie A league.</lex>
      <lex comment="good" lid="Id2">Alessio Romagnoli plays for A.S. Roma, which is playing in the Serie A.</lex>
      <lex comment="good" lid="Id3">Alessio Romagnoli is part of the A.S. Roma Serie A team.</lex>
    </entry>
    </entries>
</benchmark>