<benchmark>
  <entries>
    <entry category="WrittenWork" eid="Id1" size="2">
      <originaltripleset>
        <otriple>1634:_The_Bavarian_Crisis | isbn | "978-1-4165-4253-7"</otriple>
        <otriple>1634:_The_Bavarian_Crisis | author | "Virginia DeMarce and"@en</otriple>
      </originaltripleset>
      <modifiedtripleset>
        <mtriple>1634:_The_Bavarian_Crisis | ISBN_number | "978-1-4165-4253-7"</mtriple>
        <mtriple>1634:_The_Bavarian_Crisis | author | "Virginia DeMarce and Eric Flint"</mtriple>
      </modifiedtripleset>
      <lex comment="good" lid="Id1">1634: The Bavarian Crisis, written by Virginia DeMarce and Eric Flint, can be located by it's ISBN number "978-1-4165-4253-7".</lex>
      <lex comment="good" lid="Id2">1634: The Bavarian Crisis is written by Virginia DeMarce and Eric Flint and has the ISBN number 978-1-4165-4253-7.</lex>
      <lex comment="good" lid="Id3">The ISBN number of 1634: The Bavarian Crisis is 978-1-4165-4253-7 and the authors are Virginia DeMarce and Eric Flint.</lex>
    </entry>
    </entries>
</benchmark>