,Unnamed: 0,ReviewID,Background
0,0,30760312,"Background Despite significant progress in drug treatment , the prognosis of patients with advanced pulmonary arterial hypertension ( PAH ) remains extremely poor .
Many pre clinical studies have reported the efficacy of stem cell ( SC ) therapy for PAH ; however , this approach remains controversial .
The aim of this systematic review and meta- analysis is to assess the potential efficacy of SC therapy for PAH ."
1,1,19588356,"BACKGROUND Pulmonary arterial hypertension is a devastating disease , which leads to right heart failure and premature death .
Recent evidence suggests that endothelin receptor antagonists may be promising drugs in the treatment of pulmonary arterial hypertension .
OBJECTIVES To evaluate the efficacy of endothelin receptor antagonists in pulmonary arterial hypertension ."
2,2,23893797,"BACKGROUND To achieve sufficient myocardial perfusion in ST-segment elevation myocardial infa rct ion ( STEMI ) patients receiving primary percutaneous coronary intervention ( PPCI ) , many adjunctive therapies have been proposed .
Previous trials have reported variances in myocardial perfusion improvement for statin pretreatment , which made it inconvincible to confirm the beneficial effects of statins .
Therefore , we performed a systematic review and meta- analysis to determine whether statin pretreatment was effective in improving myocardial perfusion .
HYPOTHESIS Statin pretreatment could improve myocardial perfusion in STEMI patients undergoing PPCI ."
3,3,27167891,"Waterpipe tobacco smoking is growing in popularity despite adverse health effects among users .
We systematic ally review ed the literature , search ing MEDLINE , EMBASE and Web of Science , for interventions targeting prevention and cessation of waterpipe tobacco smoking ."
4,4,28753768,"CONTEXT Impaired sexual function has a significant effect on quality of life .
Various patient-reported outcome measures ( PROMs ) are available to evaluate sexual function .
The quality of the PROMs to be used for neurologic patients remains unknown .
OBJECTIVE To systematic ally review which vali date d PROMs are available to evaluate sexual function in neurologic patients and to critically assess the quality of the validation studies and measurement properties for each identified PROM ."
