<benchmark>
  <entries>
    <entry category="Artist" eid="Id1" size="4">
      <originaltripleset>
        <otriple>Aaron_Bertram | associatedMusicalArtist | Kids_Imagine_Nation</otriple>
        <otriple>Aaron_Bertram | associatedActs | Suburban_Legends</otriple>
        <otriple>Suburban_Legends | bandMember | Brian_Robertson_(trombonist)</otriple>
        <otriple>Aaron_Bertram | genre | Ska_punk</otriple>
      </originaltripleset>
      <originaltripleset>
        <otriple>Aaron_Bertram | associatedMusicalArtist | Kids_Imagine_Nation</otriple>
        <otriple>Aaron_Bertram | associatedBand | Suburban_Legends</otriple>
        <otriple>Suburban_Legends | bandMember | Brian_Robertson_(trombonist)</otriple>
        <otriple>Aaron_Bertram | genre | Ska_punk</otriple>
      </originaltripleset>
      <originaltripleset>
        <otriple>Aaron_Bertram | associatedMusicalArtist | Suburban_Legends</otriple>
        <otriple>Aaron_Bertram | associatedActs | Kids_Imagine_Nation</otriple>
        <otriple>Suburban_Legends | bandMember | Brian_Robertson_(trombonist)</otriple>
        <otriple>Aaron_Bertram | genre | Ska_punk</otriple>
      </originaltripleset>
      <modifiedtripleset>
        <mtriple>Aaron_Bertram | associatedBand/associatedMusicalArtist | Kids_Imagine_Nation</mtriple>
        <mtriple>Aaron_Bertram | associatedBand/associatedMusicalArtist | Suburban_Legends</mtriple>
        <mtriple>Suburban_Legends | bandMember | Brian_Robertson_(trombonist)</mtriple>
        <mtriple>Aaron_Bertram | genre | Ska_punk</mtriple>
      </modifiedtripleset>
      <lex comment="good" lid="Id1">Aaron Bertram performs ska punk music and is an artist with the band Kids Imagine Nation and also the Suburban Legends band where Brian Robertson is the trombonist.</lex>
      <lex comment="good" lid="Id2">Aaron Bertram plays for the Kids Imagine Nation band and his musical genre is Ska punk. He also plays for the Suburban Legends band in which Brian Robertson plays the trombone.</lex>
      <lex comment="good" lid="Id3">Aaron Bertram plays for the Kids Imagine Nation band, as well as the Ska Suburban Legends band where trombonist Brian Robertson plays.</lex>
    </entry>
    </entries>
</benchmark>