{"data": [{"title": "Empiricism", "paragraphs": [{"context": "A generation later, the Irish Anglican bishop, George Berkeley (1685\u20131753), determined that Locke's view immediately opened a door that would lead to eventual atheism. In response to Locke, he put forth in his Treatise Concerning the Principles of Human Knowledge (1710) an important challenge to empiricism in which things only exist either as a result of their being perceived, or by virtue of the fact that they are an entity doing the perceiving. (For Berkeley, God fills in for humans by doing the perceiving whenever humans are not around to do it.) In his text Alciphron, Berkeley maintained that any order humans may see in nature is the language or handwriting of God. Berkeley's approach to empiricism would later come to be called subjective idealism.", "qas": [{"id": "dab017ed8a1c27c6afa2d8618abc3a477a4edffc", "question": "what concept is mentioned last?", "answers": [{"answer_start": 742, "text": "subjective idealism"}]}, {"id": "2fb55cf1439a1a50ee47193124d86c03bf5d5128", "question": "what concept is mentioned first?", "answers": [{"answer_start": 159, "text": "atheism"}]}, {"id": "7b26ca94c04cd61cf1aaed8a5ed1039be4981041", "question": "what group is mentioned last?", "answers": [{"answer_start": 614, "text": "humans"}]}, {"id": "2e8a1099995928e2cb9910c6f3e9b21ce4f50016", "question": "what time period is mentioned second?", "answers": [{"answer_start": 265, "text": "1710"}]}, {"id": "50b7401b594883ee57661f2fdda6ac264b64ca56", "question": "what work of writing is mentioned last?", "answers": [{"answer_start": 568, "text": "Alciphron"}]}]}, {"context": "Hume maintained that all knowledge, even the most basic beliefs about the natural world, cannot be conclusively established by reason. Rather, he maintained, our beliefs are more a result of accumulated habits, developed in response to accumulated sense experiences. Among his many arguments Hume also added another important slant to the debate about scientific method \u2014 that of the problem of induction. Hume argued that it requires inductive reasoning to arrive at the premises for the principle of inductive reasoning, and therefore the justification for inductive reasoning is a circular argument. Among Hume's conclusions regarding the problem of induction is that there is no certainty that the future will resemble the past. Thus, as a simple instance posed by Hume, we cannot know with certainty by inductive reasoning that the sun will continue to rise in the East, but instead come to expect it to do so because it has repeatedly done so in the past.", "qas": [{"id": "c33d548c449b6af50a96e2e7899750d3a1ca2cdf", "question": "__ is by far the most important source of energy for life on Earth.", "answers": [{"answer_start": 833, "text": "the sun"}]}, {"id": "74de21cfe6822f7597ab3c6ce48717dae4b7387f", "question": "__ does not have a definite boundary, but its density decreases exponentially with increasing height above the photosphere.", "answers": [{"answer_start": 837, "text": "sun"}]}, {"id": "4affaea0a47190bebf14a1d045adc20c81ce9778", "question": "__ color is white, with a CIE color-space index near (0.3, 0.3), when viewed from space.", "answers": [{"answer_start": 837, "text": "sun"}]}]}, {"context": "Philosophical empiricists hold no knowledge to be properly inferred or deduced unless it is derived from one's sense-based experience. This view is commonly contrasted with rationalism, which states that knowledge may be derived from reason independently of the senses. For example, John Locke held that some knowledge (e.g. knowledge of God's existence) could be arrived at through intuition and reasoning alone. Similarly Robert Boyle, a prominent advocate of the experimental method, held that we have innate ideas. The main continental rationalists (Descartes, Spinoza, and Leibniz) were also advocates of the empirical \"scientific method\".", "qas": [{"id": "bafb632baaf83632624d6c282a43341bf2d902ed", "question": "What would one not be using when holding a belief in the afterlife, for example?", "answers": [{"answer_start": 262, "text": "senses"}]}, {"id": "539fcc27a5bd5ca80d02574da009e056d25364d6", "question": "Which train of thought allows for beliefs and ideas outside of what one can physically experience?", "answers": [{"answer_start": 173, "text": "rationalism"}]}, {"id": "ede0767a1bf5ab3572dbff176a6be482caaa7306", "question": "What term describes the stance that we are born with ideas that are not developed through experience?", "answers": [{"answer_start": 505, "text": "innate ideas"}]}, {"id": "ee38b491be1d49ff8a452acf38dabd2b8d394c68", "question": "Who would not find it rational to believe in the unknown, such as God, for example?", "answers": [{"answer_start": 0, "text": "Philosophical empiricists"}]}, {"id": "b42e062267750db3b2e183760da035854a7cc1fb", "question": "What type of scientist would hold views quite opposite Robert Boyle, for example?", "answers": [{"answer_start": 0, "text": "Philosophical empiricists"}]}]}, {"context": "In the late 19th and early 20th century several forms of pragmatic philosophy arose. The ideas of pragmatism, in its various forms, developed mainly from discussions between Charles Sanders Peirce and William James when both men were at Harvard in the 1870s. James popularized the term \"pragmatism\", giving Peirce full credit for its patrimony, but Peirce later demurred from the tangents that the movement was taking, and redubbed what he regarded as the original idea with the name of \"pragmaticism\". Along with its pragmatic theory of truth, this perspective integrates the basic insights of empirical (experience-based) and rational (concept-based) thinking.", "qas": [{"id": "a47c9b37d4414e65d8a6d0e767fb6eeabc21c672", "question": "What stance characterizes what someone has been through?", "answers": [{"answer_start": 595, "text": "empirical"}]}, {"id": "5908f722b0c296f1df1b772e074db1891324ba0e", "question": "What mindset is more abstract?", "answers": [{"answer_start": 628, "text": "rational"}]}, {"id": "910cacc91e8a2a49d6957dc72a75de572d14a552", "question": "What way of thought combines real life and the abstract?", "answers": [{"answer_start": 98, "text": "pragmatism"}]}, {"id": "879193668dbf29bb4338d2fa98e62808e56be78d", "question": "What is pragmatism considered a method of?", "answers": [{"answer_start": 653, "text": "thinking"}]}]}, {"context": "Mill's empiricism thus held that knowledge of any kind is not from direct experience but an inductive inference from direct experience. The problems other philosophers have had with Mill's position center around the following issues: Firstly, Mill's formulation encounters difficulty when it describes what direct experience is by differentiating only between actual and possible sensations. This misses some key discussion concerning conditions under which such \"groups of permanent possibilities of sensation\" might exist in the first place. Berkeley put God in that gap; the phenomenalists, including Mill, essentially left the question unanswered. In the end, lacking an acknowledgement of an aspect of \"reality\" that goes beyond mere \"possibilities of sensation\", such a position leads to a version of subjective idealism. Questions of how floor beams continue to support a floor while unobserved, how trees continue to grow while unobserved and untouched by human hands, etc., remain unanswered, and perhaps unanswerable in these terms. Secondly, Mill's formulation leaves open the unsettling possibility that the \"gap-filling entities are purely possibilities and not actualities at all\". Thirdly, Mill's position, by calling mathematics merely another species of inductive inference, misapprehends mathematics. It fails to fully consider the structure and method of mathematical science, the products of which are arrived at through an internally consistent deductive set of procedures which do not, either today or at the time Mill wrote, fall under the agreed meaning of induction.", "qas": [{"id": "c41481f864430b992c02a9cd1af5817df1c93628", "question": "What is another word for methods?", "answers": [{"answer_start": 1483, "text": "procedures"}]}, {"id": "b848081dc76149cf9972ddbf153254c3f60d251d", "question": "Arithmetic and algebra are examples of what science?", "answers": [{"answer_start": 1233, "text": "mathematics"}]}, {"id": "a257b4d0288e47dee748a275ca2d2d67d45dd15e", "question": "What is another word for higher power?", "answers": [{"answer_start": 557, "text": "God"}]}, {"id": "a508e14998bb2edc9c535d44e7be729ebbd7e3e1", "question": "What is a famous university in the western United States?", "answers": [{"answer_start": 544, "text": "Berkeley"}]}, {"id": "e1ab096b408410f11f918677cd538fccf5b09e9f", "question": "What is the opposite of externally?", "answers": [{"answer_start": 1444, "text": "internally"}]}]}, {"context": "In the 12th century CE the Andalusian Muslim philosopher and novelist Abu Bakr Ibn Tufail (known as \"Abubacer\" or \"Ebn Tophail\" in the West) included the theory of tabula rasa as a thought experiment in his Arabic philosophical novel, Hayy ibn Yaqdhan in which he depicted the development of the mind of a feral child \"from a tabula rasa to that of an adult, in complete isolation from society\" on a desert island, through experience alone. The Latin translation of his philosophical novel, entitled Philosophus Autodidactus, published by Edward Pococke the Younger in 1671, had an influence on John Locke's formulation of tabula rasa in An Essay Concerning Human Understanding.", "qas": [{"id": "728004046554cf0f90f95f57d46f84cc2c4ec40c", "question": "What was a main topic for the his book?", "answers": [{"answer_start": 150, "text": "the theory of tabula rasa as a thought experiment"}]}, {"id": "736b799d5adc08fdf686806ccac73deab32e12ce", "question": "What would have encouraged average, non-scientific types to read the book?", "answers": [{"answer_start": 261, "text": "he depicted the development of the mind of a feral child \"from a tabula rasa to that of an adult, in complete isolation from society\" on a desert island, through experience alone"}]}, {"id": "dbb6fc5e6ae3602e46cde41eea801138cf6a5c6d", "question": "What was the name of the story type book?", "answers": [{"answer_start": 235, "text": "Hayy ibn Yaqdhan"}]}, {"id": "6eab27be5d4e11fa73b4a27b7f160680747a941f", "question": "What additional literature followed the book of isolation?", "answers": [{"answer_start": 500, "text": "Philosophus Autodidactus, published by Edward Pococke the Younger in 1671, had an influence on John Locke's formulation of tabula rasa in An Essay Concerning Human Understanding"}]}]}]}]}