<benchmark>
  <entries>
    <entry category="University" eid="Id1" shape="(X (X))" shape_type="NA" size="1">
      <originaltripleset>
        <otriple>1_Decembrie_1918_University,_Alba_Iulia | city | Alba_Iulia</otriple>
      </originaltripleset>
      <modifiedtripleset>
        <mtriple>1_Decembrie_1918_University | city | Alba_Iulia</mtriple>
      </modifiedtripleset>
      <lex comment="good" lid="Id1">The "1 Decembrie 1918 University" is in the city Alba Iulia.</lex>
      <lex comment="good" lid="Id2">The city of Alba Iulia has a University called "1 Decembrie 1918 University".</lex>
      <lex comment="good" lid="Id3">The 1 Decembrie 1918 University is located in the city of Alba Iulia.</lex>
    </entry>
    </entries>
</benchmark>