<benchmark>
  <entries>
    <entry category="Airport" eid="Id1" shape="(X (X))" shape_type="NA" size="1">
      <originaltripleset>
        <otriple>Aarhus_Airport | cityServed | "Aarhus, Denmark"@en</otriple>
      </originaltripleset>
      <modifiedtripleset>
        <mtriple>Aarhus_Airport | cityServed | "Aarhus, Denmark"</mtriple>
      </modifiedtripleset>
      <lex comment="good" lid="Id1">The Aarhus is the airport of Aarhus, Denmark.</lex>
      <lex comment="good" lid="Id2">Aarhus Airport serves the city of Aarhus, Denmark.</lex>
    </entry>
    </entries>
</benchmark>