<?xml version="1.0" encoding="UTF-8"?>
<mteval>
<srcset setid="iwslt2017-tst2010" srclang="italian">
<doc docid="837" genre="lectures">
 <url>http://www.ted.com/talks/tom_wujec_build_a_tower</url>
 <description>TED Talk Subtitles and Transcript: Tom Wujec presenta alcune approfondite e sorprendenti ricerche sul "problema dei marshmallow" - un semplice esercizio di team-building fatto con spaghetti, un metro di nastro adesivo ed un marshmallow. Chi riesce a costruire la torre più alta con questi ingredienti? E perché un gruppo, sorprendente, batte sempre la media?</description>
 <keywords>talks, business, collaboration, culture, design, entertainment, psychology</keywords>
 <talkid>837</talkid>
 <title>Tom Wyjec: costruisci una torre, costruisci un team</title>
 <reviewer href="http://www.ted.com/profiles/263730">Lela Selmo</reviewer>
 <translator href="http://www.ted.com/profiles/336211">Anna Cristiana Minoli</translator>
<seg id="1">  Parecchi anni fa, qui a TED, Petere Skillman introdusse una sfida di progettazione  </seg>
<seg id="2">  chiamata la sfida marshmallow.  </seg>
<seg id="3">  E l'idea è molto semplice. Gruppi di quattro persone devono costruire la più alta torre possibile che si regga in piedi da sola, utilizzando 20 spaghetti, un metro di nastro adesivo, un metro di spago e un marshmallow.  </seg>
<seg id="4">  Il marshmallow deve essere piazzato in cima alla torre.  </seg>
<seg id="5">  E, anche se sembra molto semplice, di fatto è piuttosto difficile, perché costringe le persone a collaborare molto rapidamente.  </seg>
