id	sentence1	sentence2	label
1	En París, en octubre de 1560, se reunió en secreto con el embajador inglés, Nicolas Throckmorton, pidiéndole un pasaporte para regresar a Inglaterra a través de Escocia.	En octubre de 1560, se reunió en secreto con el embajador inglés, Nicolas Throckmorton, en París, y le pidió un pasaporte para regresar a Escocia a través de Inglaterra.	0
2	La temporada de la NBA de 1975: 76 fue la 30ª temporada de la National Basketball Association.	La temporada 1975 - 76 de la Asociación Nacional de Baloncesto fue la temporada 30 de la NBA.	1
3	También hay discusiones específicas, debates de perfil público y discusiones de proyectos.	También hay discusiones públicas, discusiones de perfiles específicos y discusiones de proyectos.	0
4	Cuando se pueden mantener tasas de flujo comparables, los resultados son altos.	Los resultados son altos cuando se pueden mantener tasas de flujo comparables.	1
5	Es la sede del distrito de Zerendi en la región de Akmola.	Es la sede del distrito de Zerendi en la región de Akmola.	1
6	William Henry Henry Harman nació el 17 de febrero de 1828 en Waynesboro, Virginia, donde sus padres eran Lewis y Sally (Garber) Harman.	William Henry Harman nació en Waynesboro, Virginia, el 17 de febrero de 1828. Sus padres fueron Lewis y Sally (Garber) Harman.	1
7	Bullion Express: el concepto se está introduciendo en la apertura de una nueva tienda en Dallas, Texas, en Preston Center.	2011-Se presenta el concepto DGSE Bullion Express, se abrió una nueva tienda en Preston Center en Dallas, Texas	0
8	Con una cantidad discreta de probabilidades Fórmula 1 con la condición Fórmula 2 y Fórmula 3 cualquier número real, Tsallis se define como entropía como	Dado un conjunto discreto de probabilidades, la fórmula _ 1 con la fórmula de condición _ 2 y la fórmula _ 3 cualquier número real, la entropía de Tsallis se define como	1
9	La Unión Soviética mantuvo una embajada en Oslo y un consulado en Barentsburg, mientras que Noruega mantuvo un mensaje en Moscú.	La Unión Soviética mantuvo una embajada en Moscú y un consulado en Barentsburg, mientras que Noruega mantuvo un mensaje en Oslo.	0
10	El vocabulario incluso fue a Brasil dejando a los colonos portugueses con algunos colonos macaneses y chinos.	El vocabulario incluso fue a Brasil dejando a los colonos macaneses y chinos con algunos colonos portugueses.	0
11	Kabir Suman grabó varios álbumes con el nombre de Suman Chattopaddhyay o Suman Chatterjee entre 1992 y 1999.	Suman Chatterjee, grabó varios álbumes entre 1992 y 1999 con el nombre de Suman Chattopaddhyay o Kabir Suman.	0
12	Fue académico en literatura metafísica, teología y ciencias clásicas.	Fue académico en literatura metafísica, teología y ciencia clásica.	1
13	La ciudad se encuentra en la confluencia del río Snake con el gran río Weiser, que marca la frontera con Oregon.	La ciudad se encuentra en la confluencia del río Snake y el río Great Weiser, que marca la frontera con Oregon.	1
14	Ha sido entrenado por su abuelo, Nick Dakin, y ahora está entrenado por Geoff Barraclough.	Fue entrenado por su abuelo, Geoff Barraclough, y ahora es entrenado por Nick Dakin.	0
15	La escuela austriaca asume que las elecciones subjetivas de los individuos, incluyendo el conocimiento individual, el tiempo, las expectativas y otros factores subjetivos, causan todos los fenómenos económicos.	La escuela austriaca asume que las elecciones subjetivas de los individuos, incluyendo el conocimiento subjetivo, el tiempo, las expectativas y otros factores individuales, causan todos los fenómenos económicos.	0
16	Las fuerzas de Werder invirtieron en Belfort y llegaron a la ciudad el 3 de noviembre.	Las tropas de Werder invirtieron en Belfort y llegaron a la ciudad el 3 de noviembre.	1
17	El kBox facilita tanto las contracciones isométricas y concéntricas como el entrenamiento excéntrico.	La kBox facilita tanto las contracciones excéntricas como las concéntricas y el entrenamiento isométrico.	0
18	Las primeras cinco armas fueron entregadas en la primera mitad de 1916, con un total de 57 barriles y 56 autos completados al final de la guerra.	Las primeras cinco armas fueron entregadas en la primera mitad de 1916. Al final de la guerra se completaron un total de 57 barriles y 56 carros.	1
19	Elizabeth II fue un antepasado de Queens Edzard II y Beatrix de los Países Bajos.	Edzard II fue un antepasado de la reina Isabel II y la Beatriz de los Países Bajos.	0
20	La amistad entre él y Duncan terminó en una reunión del club en 1951 cuando los dos no estuvieron de acuerdo en una reunión anual y Duncan informó que Greaves dijo:	La amistad entre él y Duncan terminó en 1951 en una reunión del club, cuando los dos no estuvieron de acuerdo en una reunión anual, y Duncan informó que Greaves dijo:	1
21	Plutón se clasificó como el planeta cuando se propuso el Gran Tour y se lanzó en el momento "Nuevos horizontes".	Nota: Plutón se clasificó como un planeta cuando se lanzó el Grand Tour y en el momento en que se propuso "New Horizons".	0
22	Por sus actuaciones en el juego, el mariscal de campo Jameis Winston y el respaldo defensivo P. J. Williams fueron nombrados los jugadores más valiosos del juego.	El mariscal de campo P. J. Williams y el Defensivo Jameis Winston fueron nombrados los jugadores más valiosos del juego por su desempeño en el juego.	0
23	Shaffer Creek es un afluente del río Raystown Branch Juniata (Brush Creek) en el condado de Bedford, Pensilvania, Estados Unidos.	Shaffer Creek es un afluente de Brush Creek (Raystown Branch Juniata River) en el condado de Bedford, Pennsylvania en los Estados Unidos.	1
24	Kevin Spacey (Henry Drummond) y David Troughton (Matthew Harrison Brady) protagonizaron un renacimiento en 2009 en The Old Vic en Londres.	Kevin Spacey (Henry Drummond) y David Troughton (Matthew Harrison Brady) jugaron en un currículum en 2009 en el Old Vic London.	0
25	Más tarde, Briggs se reunió con Briggs en el Festival Pop de Monterrey de 1967, donde también actuaba Ravi Shankar, con Eric Burdon y The Animals.	Briggs conoció a Briggs más tarde en el Monterey Pop Festival de 1967, donde Ravi Shankar también actuó con Eric Burdon y The Animals.	1
26	Laura Myntti nació en Salt Lake City y vivió en Sioux City, Iowa y San Diego antes de establecerse en Minnesota en 1968.	Nacida en Minnesota, Laura Myntti vivió en Sioux City, Iowa y San Diego, antes de establecerse en Salt Lake City en 1968.	0
27	El papel principal femenino fue interpretado por Cortés en "Ali Baba and the Sacred Crown", dirigida por Erminio Salvi.	Cortez jugó el liderazgo femenino en "Ali Baba and the Sacred Crown", dirigida por Erminio Salvi.	1
28	Trabajó y vivió en Stuttgart, Berlín (Alemania) y en Viena (Austria).	Trabajó y vivió en Alemania (Stuttgart, Berlín) y en Viena (Austria).	1
29	Aksuat Dendropark (en ruso: Akshout Dendropark) es un monumento natural (áreas protegidas del Óblast de Ulyanovsk)	Aksuat Dendropark (en ruso: Akshout Dendropark) es un monumento natural (Áreas protegidas del Óblast de Ulyanovsk)	1
30	El río Little Jocko fluye a través del río San Lorenzo y el río Ottawa hasta el río Jocko.	El río Little Jocko fluye a través del río San Lorenzo y el río Ottawa hasta el río Jocko.	1
31	En 1951, murió y se retiró en 1956.	Murió en 1951 y se retiró en 1956.	1
32	WORHP, también conocido como eNLP (European NLP Solver), es una biblioteca de software matemático para resolver numéricamente problemas de optimización continua y no lineal a gran escala.	WORHP, también conocida como eNLP (solucionador europeo de PNL) por la ESA, es una biblioteca de software matemático para resolver numéricamente problemas continuos de optimización no lineal a gran escala.	1
33	El 17 de enero de 2000, hubo informes sobre el RSS y algunos BJP - los de línea dura que amenazaban con reiniciar el partido.	El 17 de enero de 2000, hubo informes de que el BJP y algunas personas de línea dura del RSS amenazaban con reiniciar el partido.	0
34	Las hojas son generalmente 1.5-4 mm de largo y 0.2-0.7 mm de ancho.	Las hojas suelen ser de 1.5-4 mm de largo y 0.2-0.7 mm de ancho.	1
35	BA transfirió las rutas anteriores de BCal a Heathrow a Tokio y Arabia Saudita.	BA reubicó las antiguas rutas de BCal a Tokio y Arabia Saudita a Heathrow.	0
36	Además de Michael Boddicker y Patrick Moraz, el álbum incluye contribuciones musicales de Diana Hubbard, John Goodsall, Chick Corea, Stanley Clarke.	Además de Diana Hubbard, el álbum contiene contribuciones musicales de Chick Corea, Stanley Clarke, John Goodsall, Michael Boddicker y Patrick Moraz.	0
37	Estos corresponden geográficamente a los distritos tradicionales de Glasgow District, South, Edinburgh District y North y Midlands.	Estos geográficamente corresponden aproximadamente a los distritos tradicionales de Glasgow District, South, Edinburgh District y North y Midlands.	1
38	Quinto Metelo fue el segundo hijo del político y general romano Lucio Metelo corona.	Quinto Metelo fue el segundo hijo del político romano, Lucio Metelo General corona.	1
39	Es entrenado por Andre Rozier y comparte un gimnasio con el ex campeón mundial Daniel Jacobs.	Está entrenado por Daniel Jacobs y comparte un gimnasio con el ex campeón mundial Andre Rozier.	0
40	Aquí vemos a los operadores pseudo-diferenciales como una generalización de los operadores diferenciales.	Consideramos aquí los operadores pseudo-diferenciales como una generalización de los operadores diferenciales.	1
41	Aunque existen implicaciones sociales abrumadoras, también parece haber patrones financieros regionales que pueden perpetuar esta tendencia.	Si bien existen implicaciones financieras regionales, también parece haber patrones sociales abrumadores que perpetúan esta tendencia.	0
42	El edificio del museo conserva su estilo europeo de arquitectura moderna oriental a través de los ladrillos en pie en la esquina sureste del edificio y la imagen clásica del vestíbulo.	El edificio del museo conserva su estilo clásico de arquitectura moderna oriental a través de los ladrillos en pie en la esquina sureste del edificio y la imagen europea del vestíbulo.	0
43	Basada en la ciudad de Baltimore, solo mencionada, nunca visitada en el show.	Basada en la ciudad de Baltimore, solo mencionada, nunca ha visitado en el show.	1
44	Debbie Downer es el nombre de un personaje ficticio de `` Saturday Night Live '' que debutó en 2004 y fue interpretado por Rachel Dratch.	Debbie Downer es el nombre de un personaje ficticio de `` Saturday Night Live '' que debutó en 2004, y fue interpretado por Rachel Dratch.	1
45	Taieri es un ex electorado parlamentario en la región de Otago de Nueva Zelanda, desde 1866 hasta 1911.	Taieri es un antiguo electorado parlamentario en la región de Otago, Nueva Zelanda, desde 1866 hasta 1911.	1
46	Este trabajo hizo que provocara importantes reflexiones sobre las prácticas de la genética molecular y la genómica en un momento en que esto no se consideraba ético.	Este trabajo lo llevó a desencadenar reflexiones éticas sobre las prácticas de la genética molecular y la genómica en un momento en que esto no se consideraba importante.	0
47	Brockton está aproximadamente a 25 millas al noreste de Providence, Rhode Island, y 30 millas al sur de Boston.	Brockton está ubicado aproximadamente a 25 millas al noreste de Providence, Rhode Island y 30 millas al sur de Boston.	1
48	Seb Janiak es un fotógrafo y director de video francés de origen polaco.	Seb Janiak es el fotógrafo y director de video francés de origen polaco.	1
49	La cantante Angélique Kidjo y el actor Djimon Hounsou nacieron en Cotonou, Benin.	El cantante Djimon Hounsou y el actor Angélique Kidjo nacieron en Cotonou en Benin.	0