[{"guid": "ynat-v1_train_00000", "title": "\uc720\ud29c\ube0c \ub0b4\ub2ec 2\uc77c\uae4c\uc9c0 \ud06c\ub9ac\uc5d0\uc774\ud130 \uc9c0\uc6d0 \uacf5\uac04 \uc6b4\uc601", "predefined_news_category": "IT\uacfc\ud559", "label": "\uc0dd\ud65c\ubb38\ud654", "annotations": {"annotators": ["08", "13", "07"], "annotations": {"first-scope": ["\uc0dd\ud65c\ubb38\ud654", "\uc0dd\ud65c\ubb38\ud654", "IT\uacfc\ud559"], "second-scope": ["IT\uacfc\ud559", "\ud574\ub2f9\uc5c6\uc74c", "\ud574\ub2f9\uc5c6\uc74c"], "third-scope": ["\ud574\ub2f9\uc5c6\uc74c", "\ud574\ub2f9\uc5c6\uc74c", "\ud574\ub2f9\uc5c6\uc74c"]}}, "url": "https://news.naver.com/main/read.nhn?mode=LS2D&mid=shm&sid1=105&sid2=227&oid=001&aid=0008508947", "date": "2016.06.30. \uc624\uc804 10:36"}, {"guid": "ynat-v1_train_00001", "title": "\uc5b4\ubc84\uc774\ub0a0 \ub9d1\ub2e4\uac00 \ud750\ub824\uc838\u2026\ub0a8\ubd80\uc9c0\ubc29 \uc605\uc740 \ud669\uc0ac", "predefined_news_category": "\uc0dd\ud65c\ubb38\ud654", "label": "\uc0dd\ud65c\ubb38\ud654", "annotations": {"annotators": ["14", "13", "07"], "annotations": {"first-scope": ["\uc0dd\ud65c\ubb38\ud654", "\uc0dd\ud65c\ubb38\ud654", "\uc0dd\ud65c\ubb38\ud654"], "second-scope": ["\ud574\ub2f9\uc5c6\uc74c", "\ud574\ub2f9\uc5c6\uc74c", "\ud574\ub2f9\uc5c6\uc74c"], "third-scope": ["\ud574\ub2f9\uc5c6\uc74c", "\ud574\ub2f9\uc5c6\uc74c", "\ud574\ub2f9\uc5c6\uc74c"]}}, "url": "https://news.naver.com/main/read.nhn?mode=LS2D&mid=shm&sid1=103&sid2=248&oid=001&aid=0008384783", "date": "2016.05.08. \uc624\uc804 5:25"}, {"guid": "ynat-v1_train_00002", "title": "\ub0b4\ub144\ubd80\ud130 \uad6d\uac00RD \ud3c9\uac00 \ub54c \ub17c\ubb38\uac74\uc218\ub294 \ubc18\uc601 \uc54a\ub294\ub2e4", "predefined_news_category": "IT\uacfc\ud559", "label": "\uc0ac\ud68c", "annotations": {"annotators": ["14", "13", "10"], "annotations": {"first-scope": ["\uc0ac\ud68c", "\uc0ac\ud68c", "\uc0ac\ud68c"], "second-scope": ["\ud574\ub2f9\uc5c6\uc74c", "\ud574\ub2f9\uc5c6\uc74c", "\ud574\ub2f9\uc5c6\uc74c"], "third-scope": ["\ud574\ub2f9\uc5c6\uc74c", "\ud574\ub2f9\uc5c6\uc74c", "\ud574\ub2f9\uc5c6\uc74c"]}}, "url": "https://news.naver.com/main/read.nhn?mode=LS2D&mid=shm&sid1=105&sid2=228&oid=001&aid=0008254585", "date": "2016.03.15. \uc624\ud6c4 12:00"}, {"guid": "ynat-v1_train_00003", "title": "\uae40\uba85\uc790 \uc2e0\uc784 \uacfc\ucd1d \ud68c\uc7a5 \uc6d0\ub85c\uc640 \uc80a\uc740 \uacfc\ud559\uc790 \uc9c0\ud61c \ubaa8\uc744 \uac83", "predefined_news_category": "IT\uacfc\ud559", "label": "\uc0ac\ud68c", "annotations": {"annotators": ["16", "11", "15"], "annotations": {"first-scope": ["\uc0ac\ud68c", "IT\uacfc\ud559", "\uc0ac\ud68c"], "second-scope": ["\ud574\ub2f9\uc5c6\uc74c", "\ud574\ub2f9\uc5c6\uc74c", "IT\uacfc\ud559"], "third-scope": ["\ud574\ub2f9\uc5c6\uc74c", "\ud574\ub2f9\uc5c6\uc74c", "\uacbd\uc81c"]}}, "url": "https://news.naver.com/main/read.nhn?mode=LS2D&mid=shm&sid1=105&sid2=228&oid=001&aid=0009070646", "date": "2017.02.28. \uc624\uc804 9:54"}, {"guid": "ynat-v1_train_00004", "title": "\ud68c\uc0c9\uc778\uac04 \uc791\uac00 \uae40\ub3d9\uc2dd \uc591\uc2ec\uace0\ubc31 \ub4f1 \uc0c8 \uc18c\uc124\uc9d1 2\uad8c \ucd9c\uac04", "predefined_news_category": "\uc0dd\ud65c\ubb38\ud654", "label": "\uc0dd\ud65c\ubb38\ud654", "annotations": {"annotators": ["03", "02", "12"], "annotations": {"first-scope": ["\uc0dd\ud65c\ubb38\ud654", "\uc0dd\ud65c\ubb38\ud654", "\uc0dd\ud65c\ubb38\ud654"], "second-scope": ["\ud574\ub2f9\uc5c6\uc74c", "\ud574\ub2f9\uc5c6\uc74c", "\ud574\ub2f9\uc5c6\uc74c"], "third-scope": ["\ud574\ub2f9\uc5c6\uc74c", "\ud574\ub2f9\uc5c6\uc74c", "\ud574\ub2f9\uc5c6\uc74c"]}}, "url": "https://news.naver.com/main/read.nhn?mode=LS2D&mid=shm&sid1=103&sid2=243&oid=001&aid=0009999529", "date": "2018.04.03. \uc624\uc804 7:05"}, {"guid": "ynat-v1_train_00005", "title": "\uc57c\uc678\uc11c \uc0dd\ubc29\uc1a1 \ud558\uc138\uc694\u2026\uc561\uc158\ucea0 \uc804\uc6a9 \uc694\uae08\uc81c \uc787\ub530\ub77c", "predefined_news_category": "IT\uacfc\ud559", "label": "IT\uacfc\ud559", "annotations": {"annotators": ["10", "16", "12"], "annotations": {"first-scope": ["\uacbd\uc81c", "IT\uacfc\ud559", "IT\uacfc\ud559"], "second-scope": ["\ud574\ub2f9\uc5c6\uc74c", "\uacbd\uc81c", "\ud574\ub2f9\uc5c6\uc74c"], "third-scope": ["\ud574\ub2f9\uc5c6\uc74c", "\ud574\ub2f9\uc5c6\uc74c", "\ud574\ub2f9\uc5c6\uc74c"]}}, "url": "https://news.naver.com/main/read.nhn?mode=LS2D&mid=shm&sid1=105&sid2=226&oid=001&aid=0008547867", "date": "2016.07.18. \uc624\uc804 9:46"}, {"guid": "ynat-v1_train_00006", "title": "\uc6d4\ub4dc\ucef5 \ud0dc\uadf9\uc804\uc0ac 16\uac15 \uc804\ucd08\uae30\uc9c0 \ub808\uc624\uac15 \uc785\uc131\uc885\ud569", "predefined_news_category": "\uc2a4\ud3ec\uce20", "label": "\uc2a4\ud3ec\uce20", "annotations": {"annotators": ["10", "02", "07"], "annotations": {"first-scope": ["\uc2a4\ud3ec\uce20", "\uc2a4\ud3ec\uce20", "\uc2a4\ud3ec\uce20"], "second-scope": ["\ud574\ub2f9\uc5c6\uc74c", "\ud574\ub2f9\uc5c6\uc74c", "\ud574\ub2f9\uc5c6\uc74c"], "third-scope": ["\ud574\ub2f9\uc5c6\uc74c", "\ud574\ub2f9\uc5c6\uc74c", "\ud574\ub2f9\uc5c6\uc74c"]}}, "url": "https://sports.news.naver.com/news.nhn?oid=001&aid=0010126131", "date": "2018.06.04 08:15"}, {"guid": "ynat-v1_train_00007", "title": "\ubbf8\uc138\uba3c\uc9c0 \uc18d \ucd9c\uadfc\uae38", "predefined_news_category": "\uc0ac\ud68c", "label": "\uc0dd\ud65c\ubb38\ud654", "annotations": {"annotators": ["03", "10", "09"], "annotations": {"first-scope": ["\uc0dd\ud65c\ubb38\ud654", "\uc0dd\ud65c\ubb38\ud654", "\uc0ac\ud68c"], "second-scope": ["\ud574\ub2f9\uc5c6\uc74c", "\ud574\ub2f9\uc5c6\uc74c", "\uc0dd\ud65c\ubb38\ud654"], "third-scope": ["\ud574\ub2f9\uc5c6\uc74c", "\ud574\ub2f9\uc5c6\uc74c", "\ud574\ub2f9\uc5c6\uc74c"]}}, "url": "https://news.naver.com/main/read.nhn?mode=LS2D&mid=shm&sid1=103&sid2=248&oid=001&aid=0009817982", "date": "2018.01.17. \uc624\uc804 10:14"}, {"guid": "ynat-v1_train_00008", "title": "\uc653\uce20\uc571\u7a05 230\uc6d0\uc5d0 \uc131\ub09c \ub808\ubc14\ub17c \ubbfc\uc2ec\u2026\ucd1d\ub9ac\uc0ac\ud1f4\ub85c \uc774\uc5b4\uc838\uc885\ud5692\ubcf4", "predefined_news_category": "\uc138\uacc4", "label": "\uc138\uacc4", "annotations": {"annotators": ["02", "07", "14"], "annotations": {"first-scope": ["\uc138\uacc4", "\uc138\uacc4", "\uc815\uce58"], "second-scope": ["\uc815\uce58", "\ud574\ub2f9\uc5c6\uc74c", "\uc0ac\ud68c"], "third-scope": ["\ud574\ub2f9\uc5c6\uc74c", "\ud574\ub2f9\uc5c6\uc74c", "\ud574\ub2f9\uc5c6\uc74c"]}}, "url": "https://news.naver.com/main/read.nhn?mode=LS2D&mid=shm&sid1=104&sid2=234&oid=001&aid=0011176999", "date": "2019.10.30. \uc624\uc804 4:17"}, {"guid": "ynat-v1_train_00009", "title": "\ubca0\ud2b8\ub0a8 \uacbd\uc81c \uace0\uc131\uc7a5 \uc9c0\uc18d\u20262\ubd84\uae30 GDP 6.71% \uc131\uc7a5", "predefined_news_category": "\uc138\uacc4", "label": "\uc138\uacc4", "annotations": {"annotators": ["14", "10", "02"], "annotations": {"first-scope": ["\uc138\uacc4", "\uacbd\uc81c", "\uc138\uacc4"], "second-scope": ["\uacbd\uc81c", "\ud574\ub2f9\uc5c6\uc74c", "\uacbd\uc81c"], "third-scope": ["\uc0ac\ud68c", "\ud574\ub2f9\uc5c6\uc74c", "\ud574\ub2f9\uc5c6\uc74c"]}}, "url": "https://news.naver.com/main/read.nhn?mode=LS2D&mid=shm&sid1=104&sid2=231&oid=001&aid=0010921012", "date": "2019.06.28. \uc624\ud6c4 5:42"}, {"guid": "ynat-v1_train_00010", "title": "\uadf8\ub9ac\uc2a4\uc11c \ud55c\uad6d\uc804 \ucc38\uc804 \uae30\ub150\uc2dd\u2026\ucc38\uc804\uc6a9\uc0ac \ud55c\ubc18\ub3c4 \ud3c9\ud654 \uae30\uc6d0", "predefined_news_category": "\uc138\uacc4", "label": "\uc138\uacc4", "annotations": {"annotators": ["02", "16", "08"], "annotations": {"first-scope": ["\uc138\uacc4", "\uc138\uacc4", "\uc2a4\ud3ec\uce20"], "second-scope": ["\uc0ac\ud68c", "\uc0dd\ud65c\ubb38\ud654", "\ud574\ub2f9\uc5c6\uc74c"], "third-scope": ["\ud574\ub2f9\uc5c6\uc74c", "\ud574\ub2f9\uc5c6\uc74c", "\ud574\ub2f9\uc5c6\uc74c"]}}, "url": "https://news.naver.com/main/read.nhn?mode=LS2D&mid=shm&sid1=104&sid2=233&oid=001&aid=0010913314", "date": "2019.06.26. \uc624\uc804 1:49"}, {"guid": "ynat-v1_train_00011", "title": "\uc815\uc9c4\uc11d \uc774\uc815\ud604 \ub2f9\ud604\uc2e4 \ub0c9\uc815\ud558\uac8c \ubd10\uc57c\u2026\ubb3c\ub7ec\ub098\ub294\uac8c \uc88b\ub2e4\uc885\ud569", "predefined_news_category": "\uc815\uce58", "label": "\uc815\uce58", "annotations": {"annotators": ["08", "14", "02"], "annotations": {"first-scope": ["\uc815\uce58", "\uc815\uce58", "\uc815\uce58"], "second-scope": ["\ud574\ub2f9\uc5c6\uc74c", "\ud574\ub2f9\uc5c6\uc74c", "\ud574\ub2f9\uc5c6\uc74c"], "third-scope": ["\ud574\ub2f9\uc5c6\uc74c", "\ud574\ub2f9\uc5c6\uc74c", "\ud574\ub2f9\uc5c6\uc74c"]}}, "url": "https://news.naver.com/main/read.nhn?mode=LS2D&mid=shm&sid1=100&sid2=269&oid=001&aid=0008803365", "date": "2016.11.05. \uc624\ud6c4 7:30"}, {"guid": "ynat-v1_train_00012", "title": "\u7f8e \ubca0\ub124\uc218\uc5d8\ub77c \uad6c\ud638\ud488 \ubc18\uc785 \ucd09\uad6c \uc548\ubcf4\ub9ac \uacb0\uc758 \ucd94\uc9c4", "predefined_news_category": "\uc138\uacc4", "label": "\uc138\uacc4", "annotations": {"annotators": ["18", "10", "12"], "annotations": {"first-scope": ["\uc138\uacc4", "\uc138\uacc4", "\uc138\uacc4"], "second-scope": ["\ud574\ub2f9\uc5c6\uc74c", "\ud574\ub2f9\uc5c6\uc74c", "\uc815\uce58"], "third-scope": ["\ud574\ub2f9\uc5c6\uc74c", "\ud574\ub2f9\uc5c6\uc74c", "\uc0ac\ud68c"]}}, "url": "https://news.naver.com/main/read.nhn?mode=LS2D&mid=shm&sid1=104&sid2=232&oid=001&aid=0010660664", "date": "2019.02.27. \uc624\uc804 8:21"}, {"guid": "ynat-v1_train_00013", "title": "\ud669\uc7ac\uade0 \uc410\uae30\ud0c0\u2026kt \uac08 \uae38 \ubc14\uc05c \uc0bc\uc131\uc5d0 \uace0\ucda7\uac00\ub8e8", "predefined_news_category": "\uc2a4\ud3ec\uce20", "label": "\uc2a4\ud3ec\uce20", "annotations": {"annotators": ["16", "14", "07"], "annotations": {"first-scope": ["\uc2a4\ud3ec\uce20", "\uc0ac\ud68c", "\uc2a4\ud3ec\uce20"], "second-scope": ["\ud574\ub2f9\uc5c6\uc74c", "\ud574\ub2f9\uc5c6\uc74c", "\ud574\ub2f9\uc5c6\uc74c"], "third-scope": ["\ud574\ub2f9\uc5c6\uc74c", "\ud574\ub2f9\uc5c6\uc74c", "\ud574\ub2f9\uc5c6\uc74c"]}}, "url": "https://sports.news.naver.com/news.nhn?oid=001&aid=0010345828", "date": "2018.09.16 17:28"}, {"guid": "ynat-v1_train_00014", "title": "\uc815\uc0c1\ud68c\ub2f4 D1 \u6587\ub300\ud1b5\ub839 \ucde8\uc784 \ud6c4 \ub0a8\ubd81\uad00\uacc4 \uc8fc\uc694 \uc77c\uc9c0", "predefined_news_category": "\uc815\uce58", "label": "\uc815\uce58", "annotations": {"annotators": ["13", "07", "16"], "annotations": {"first-scope": ["\uc815\uce58", "\uc815\uce58", "\uc815\uce58"], "second-scope": ["\ud574\ub2f9\uc5c6\uc74c", "\ud574\ub2f9\uc5c6\uc74c", "\ud574\ub2f9\uc5c6\uc74c"], "third-scope": ["\ud574\ub2f9\uc5c6\uc74c", "\ud574\ub2f9\uc5c6\uc74c", "\ud574\ub2f9\uc5c6\uc74c"]}}, "url": "https://news.naver.com/main/read.nhn?mode=LS2D&mid=shm&sid1=100&sid2=264&oid=001&aid=0010047604", "date": "2018.04.26. \uc624\uc804 7:01"}, {"guid": "ynat-v1_train_00015", "title": "LGU\uff0b 1\ubd84\uae30 \uc601\uc5c5\uc775 1\ucc9c706\uc5b5\uc6d0\u2026\ub9c8\ucf00\ud305 \ube44\uc6a9 \uac10\uc18c\uc885\ud569", "predefined_news_category": "IT\uacfc\ud559", "label": "\uacbd\uc81c", "annotations": {"annotators": ["02", "08", "12"], "annotations": {"first-scope": ["\uacbd\uc81c", "\uacbd\uc81c", "IT\uacfc\ud559"], "second-scope": ["\uc0ac\ud68c", "IT\uacfc\ud559", "\ud574\ub2f9\uc5c6\uc74c"], "third-scope": ["\ud574\ub2f9\uc5c6\uc74c", "\ud574\ub2f9\uc5c6\uc74c", "\ud574\ub2f9\uc5c6\uc74c"]}}, "url": "https://news.naver.com/main/read.nhn?mode=LS2D&mid=shm&sid1=105&sid2=227&oid=001&aid=0008363739", "date": "2016.04.27. \uc624\ud6c4 5:36"}, {"guid": "ynat-v1_train_00016", "title": "\ubc15\uc6d0\uc21c \uc2dc\uc7a5 \uc544\ubd80\ub2e4\ube44 \ub8e8\ube0c\ub974 \ubc15\ubb3c\uad00 \ubc29\ubb38", "predefined_news_category": "\uc138\uacc4", "label": "\uc815\uce58", "annotations": {"annotators": ["02", "11", "10"], "annotations": {"first-scope": ["\uc815\uce58", "\uc815\uce58", "\uc0dd\ud65c\ubb38\ud654"], "second-scope": ["\uc138\uacc4", "\uc0dd\ud65c\ubb38\ud654", "\ud574\ub2f9\uc5c6\uc74c"], "third-scope": ["\uc0dd\ud65c\ubb38\ud654", "\uc0ac\ud68c", "\ud574\ub2f9\uc5c6\uc74c"]}}, "url": "https://news.naver.com/main/read.nhn?mode=LS2D&mid=shm&sid1=104&sid2=234&oid=001&aid=0010800587", "date": "2019.05.02. \uc624\uc804 9:30"}, {"guid": "ynat-v1_train_00017", "title": "\ubc29\uc2ec\uc704 \uac15\ub989\uc11c \uace0\uc131 \uc0b0\ubd88\ud604\uc7a5\ucc98\ub7fc \ubcf4\ub3c4\ud55c KBS \uad00\uacc4\uc790 \uc9d5\uacc4", "predefined_news_category": "IT\uacfc\ud559", "label": "\uc0ac\ud68c", "annotations": {"annotators": ["03", "16", "10"], "annotations": {"first-scope": ["\uc0ac\ud68c", "\uc0ac\ud68c", "\uc0ac\ud68c"], "second-scope": ["\ud574\ub2f9\uc5c6\uc74c", "\ud574\ub2f9\uc5c6\uc74c", "\ud574\ub2f9\uc5c6\uc74c"], "third-scope": ["\ud574\ub2f9\uc5c6\uc74c", "\ud574\ub2f9\uc5c6\uc74c", "\ud574\ub2f9\uc5c6\uc74c"]}}, "url": "https://news.naver.com/main/read.nhn?mode=LS2D&mid=shm&sid1=105&sid2=230&oid=001&aid=0010850849", "date": "2019.05.27. \uc624\ud6c4 6:11"}, {"guid": "ynat-v1_train_00018", "title": "\ud30c\ud0a4\uc2a4\ud0c4 \uacbd\uc81c\ub09c \uc18d \uce74\ud0c0\ub974\uc11c 30\uc5b5 \ub2ec\ub7ec \ud22c\uc790 \uc720\uce58", "predefined_news_category": "\uc138\uacc4", "label": "\uc138\uacc4", "annotations": {"annotators": ["02", "07", "13"], "annotations": {"first-scope": ["\uc138\uacc4", "\uc138\uacc4", "\uc138\uacc4"], "second-scope": ["\uacbd\uc81c", "\uacbd\uc81c", "\uacbd\uc81c"], "third-scope": ["\ud574\ub2f9\uc5c6\uc74c", "\ud574\ub2f9\uc5c6\uc74c", "\ud574\ub2f9\uc5c6\uc74c"]}}, "url": "https://news.naver.com/main/read.nhn?mode=LS2D&mid=shm&sid1=104&sid2=231&oid=001&aid=0010912028", "date": "2019.06.25. \uc624\ud6c4 12:55"}, {"guid": "ynat-v1_train_00019", "title": "\uc77c\ubcf8 \uc608\uc0b0\ud33d\ucc3d\uc5d0 \uc7ac\uc815\uac74\uc804\uc131 \uc6b0\ub824\u2026\ub0b4\ub144\uc5d0 \uc7a5\uae30\ucc44\ubb34 GDP 2\ubc30", "predefined_news_category": "\uc138\uacc4", "label": "\uc138\uacc4", "annotations": {"annotators": ["14", "07", "13"], "annotations": {"first-scope": ["\uc138\uacc4", "\uc138\uacc4", "\uc138\uacc4"], "second-scope": ["\uacbd\uc81c", "\uacbd\uc81c", "\uc815\uce58"], "third-scope": ["\uc0ac\ud68c", "\ud574\ub2f9\uc5c6\uc74c", "\ud574\ub2f9\uc5c6\uc74c"]}}, "url": "https://news.naver.com/main/read.nhn?mode=LS2D&mid=shm&sid1=104&sid2=231&oid=001&aid=0011290659", "date": "2019.12.21. \uc624\ud6c4 2:22"}, {"guid": "ynat-v1_train_00020", "title": "\uce60\ub808 \ubbfc\uc911\uac00\uc218 \uc0b4\ud574\ud558\uace0 \ubbf8\uad6d \ub3c4\ud53c \uc804 \uad70\uc778 \ubc95\uc815\uc5d0 \uc120\ub2e4", "predefined_news_category": "\uc138\uacc4", "label": "\uc138\uacc4", "annotations": {"annotators": ["13", "02", "07"], "annotations": {"first-scope": ["\uc0ac\ud68c", "\uc138\uacc4", "\uc138\uacc4"], "second-scope": ["\uc138\uacc4", "\uc0ac\ud68c", "\uc0ac\ud68c"], "third-scope": ["\uc815\uce58", "\ud574\ub2f9\uc5c6\uc74c", "\ud574\ub2f9\uc5c6\uc74c"]}}, "url": "https://news.naver.com/main/read.nhn?mode=LS2D&mid=shm&sid1=104&sid2=232&oid=001&aid=0008448313", "date": "2016.06.03. \uc624\uc804 6:20"}, {"guid": "ynat-v1_train_00021", "title": "\u65e5 \uc628\ub77c\uc778\uc73c\ub85c \uc911\uad6d\uc778 \ube44\uc790\uc2e0\uccad \ubc1b\ub294\ub2e4", "predefined_news_category": "\uc138\uacc4", "label": "\uc138\uacc4", "annotations": {"annotators": ["11", "14", "03"], "annotations": {"first-scope": ["\uc138\uacc4", "\uc138\uacc4", "\uc138\uacc4"], "second-scope": ["\uc0ac\ud68c", "\uacbd\uc81c", "\uc0ac\ud68c"], "third-scope": ["\ud574\ub2f9\uc5c6\uc74c", "\uc0ac\ud68c", "\ud574\ub2f9\uc5c6\uc74c"]}}, "url": "https://news.naver.com/main/read.nhn?mode=LS2D&mid=shm&sid1=104&sid2=231&oid=001&aid=0010752968", "date": "2019.04.10. \uc624\uc804 10:50"}, {"guid": "ynat-v1_train_00022", "title": "\ubbf8 \ub3d9\ubd80 \ub9c8\ube44\uc2dc\ud0a8 \uc545\uc131 \ud30c\uc77c \uad6d\ub0b4\uc11c\ub3c4 \ubc1c\uacac", "predefined_news_category": "IT\uacfc\ud559", "label": "\uc138\uacc4", "annotations": {"annotators": ["18", "10", "03"], "annotations": {"first-scope": ["\uc138\uacc4", "\uc138\uacc4", "\uc138\uacc4"], "second-scope": ["IT\uacfc\ud559", "\ud574\ub2f9\uc5c6\uc74c", "\uc0ac\ud68c"], "third-scope": ["\ud574\ub2f9\uc5c6\uc74c", "\ud574\ub2f9\uc5c6\uc74c", "\ud574\ub2f9\uc5c6\uc74c"]}}, "url": "https://news.naver.com/main/read.nhn?mode=LS2D&mid=shm&sid1=105&sid2=226&oid=001&aid=0008987312", "date": "2017.01.25. \uc624\ud6c4 2:13"}, {"guid": "ynat-v1_train_00023", "title": "\uad6d\ub0b4 \ubc1c\uac04 \ub098\ub178\ubd84\uc57c \ud559\uc220\uc9c0 \ub098\ub178 \ucee8\ubc84\uc804\uc2a4 SCIE \ub4f1\uc7ac", "predefined_news_category": "IT\uacfc\ud559", "label": "IT\uacfc\ud559", "annotations": {"annotators": ["02", "12", "14"], "annotations": {"first-scope": ["IT\uacfc\ud559", "IT\uacfc\ud559", "IT\uacfc\ud559"], "second-scope": ["\uc0ac\ud68c", "\ud574\ub2f9\uc5c6\uc74c", "\uc0ac\ud68c"], "third-scope": ["\ud574\ub2f9\uc5c6\uc74c", "\ud574\ub2f9\uc5c6\uc74c", "\ud574\ub2f9\uc5c6\uc74c"]}}, "url": "https://news.naver.com/main/read.nhn?mode=LS2D&mid=shm&sid1=105&sid2=228&oid=001&aid=0010585252", "date": "2019.01.17. \uc624\uc804 10:30"}, {"guid": "ynat-v1_train_00024", "title": "5G \uc0c1\uc6a9\ud654 \ud589\uc815\uc808\ucc28 \uc644\ub8cc\u2026\uc774\ud1b53\uc0ac \ub0b4\uc77c \ub3d9\uc2dc \uc804\ud30c \ubc1c\uc0ac", "predefined_news_category": "IT\uacfc\ud559", "label": "IT\uacfc\ud559", "annotations": {"annotators": ["15", "09", "11"], "annotations": {"first-scope": ["\uc0ac\ud68c", "IT\uacfc\ud559", "IT\uacfc\ud559"], "second-scope": ["\uc815\uce58", "\ud574\ub2f9\uc5c6\uc74c", "\uacbd\uc81c"], "third-scope": ["IT\uacfc\ud559", "\ud574\ub2f9\uc5c6\uc74c", "\ud574\ub2f9\uc5c6\uc74c"]}}, "url": "https://news.naver.com/main/read.nhn?mode=LS2D&mid=shm&sid1=105&sid2=731&oid=001&aid=0010499764", "date": "2018.11.30. \uc624\ud6c4 6:00"}, {"guid": "ynat-v1_train_00025", "title": "\uc608\uc2a424 \ub3c5\uc790\ub4e4\uc774 \uc120\uc815\ud55c \uc62c\ud574\uc758 \ucc45 \uc5ec\ud589\uc758 \uc774\uc720", "predefined_news_category": "\uc0dd\ud65c\ubb38\ud654", "label": "\uc0dd\ud65c\ubb38\ud654", "annotations": {"annotators": ["03", "02", "10"], "annotations": {"first-scope": ["\uc0dd\ud65c\ubb38\ud654", "\uc0dd\ud65c\ubb38\ud654", "\uc0dd\ud65c\ubb38\ud654"], "second-scope": ["\ud574\ub2f9\uc5c6\uc74c", "\ud574\ub2f9\uc5c6\uc74c", "\ud574\ub2f9\uc5c6\uc74c"], "third-scope": ["\ud574\ub2f9\uc5c6\uc74c", "\ud574\ub2f9\uc5c6\uc74c", "\ud574\ub2f9\uc5c6\uc74c"]}}, "url": "https://news.naver.com/main/read.nhn?mode=LS2D&mid=shm&sid1=103&sid2=243&oid=001&aid=0011265987", "date": "2019.12.10. \uc624\uc804 11:01"}, {"guid": "ynat-v1_train_00026", "title": "\uc774\ud574\ucc2c \uc815\uacbd\ub450\uc5d0 \uc548\ubcf4\uc9c0\uc6d0\uc0ac \uae30\ubb34\uc0ac \uac19\uc740 \uc77c \uc5c6\ub3c4\ub85d \ud574\uc57c", "predefined_news_category": "\uc815\uce58", "label": "\uc0ac\ud68c", "annotations": {"annotators": ["14", "03", "02"], "annotations": {"first-scope": ["\uc0ac\ud68c", "\uc0ac\ud68c", "\uc815\uce58"], "second-scope": ["\ud574\ub2f9\uc5c6\uc74c", "\ud574\ub2f9\uc5c6\uc74c", "\ud574\ub2f9\uc5c6\uc74c"], "third-scope": ["\ud574\ub2f9\uc5c6\uc74c", "\ud574\ub2f9\uc5c6\uc74c", "\ud574\ub2f9\uc5c6\uc74c"]}}, "url": "https://news.naver.com/main/read.nhn?mode=LS2D&mid=shm&sid1=100&sid2=265&oid=001&aid=0010368505", "date": "2018.09.28. \uc624\ud6c4 4:32"}, {"guid": "ynat-v1_train_00027", "title": "\ubbf8\ub798\ubd80 17\uac1c \ubd80\ucc98\ubcc4 \uc5f0\uad6c\ube44\uad00\ub9ac\uc2dc\uc2a4\ud15c 2\uac1c\ub85c \ud1b5\ud569\ud55c\ub2e4", "predefined_news_category": "IT\uacfc\ud559", "label": "\uc0ac\ud68c", "annotations": {"annotators": ["07", "15", "16"], "annotations": {"first-scope": ["\uc0ac\ud68c", "\uc815\uce58", "\uc0ac\ud68c"], "second-scope": ["\ud574\ub2f9\uc5c6\uc74c", "\uacbd\uc81c", "\ud574\ub2f9\uc5c6\uc74c"], "third-scope": ["\ud574\ub2f9\uc5c6\uc74c", "\uc0ac\ud68c", "\ud574\ub2f9\uc5c6\uc74c"]}}, "url": "https://news.naver.com/main/read.nhn?mode=LS2D&mid=shm&sid1=105&sid2=230&oid=001&aid=0009363819", "date": "2017.06.26. \uc624\ud6c4 5:00"}, {"guid": "ynat-v1_train_00028", "title": "\uc190\ud765\ubbfc \ub354 \uc2b9\ubd80\uc695 \uac16\uace0 \uac70\uce60\uac8c \ud574\uc57c\u2026\ub098\ubd80\ud130 \ubc18\uc131", "predefined_news_category": "\uc2a4\ud3ec\uce20", "label": "\uc2a4\ud3ec\uce20", "annotations": {"annotators": ["07", "02", "12"], "annotations": {"first-scope": ["\uc2a4\ud3ec\uce20", "\uc2a4\ud3ec\uce20", "\uc2a4\ud3ec\uce20"], "second-scope": ["\ud574\ub2f9\uc5c6\uc74c", "\ud574\ub2f9\uc5c6\uc74c", "\ud574\ub2f9\uc5c6\uc74c"], "third-scope": ["\ud574\ub2f9\uc5c6\uc74c", "\ud574\ub2f9\uc5c6\uc74c", "\ud574\ub2f9\uc5c6\uc74c"]}}, "url": "https://sports.news.naver.com/news.nhn?oid=001&aid=0010123950", "date": "2018.06.02 00:19"}, {"guid": "ynat-v1_train_00029", "title": "SK\ud154\ub808\ucf64\uc548\uc591\uc2dc \ubaa8\ube4c\ub9ac\ud2f0\u00b7\uc2a4\ub9c8\ud2b8\uc2dc\ud2f0 \uc870\uc131 \uc5c5\ubb34\ud611\uc57d", "predefined_news_category": "IT\uacfc\ud559", "label": "\uc0ac\ud68c", "annotations": {"annotators": ["08", "14", "10"], "annotations": {"first-scope": ["\uc0ac\ud68c", "IT\uacfc\ud559", "\uc0ac\ud68c"], "second-scope": ["\ud574\ub2f9\uc5c6\uc74c", "\uc0ac\ud68c", "\ud574\ub2f9\uc5c6\uc74c"], "third-scope": ["\ud574\ub2f9\uc5c6\uc74c", "\ud574\ub2f9\uc5c6\uc74c", "\ud574\ub2f9\uc5c6\uc74c"]}}, "url": "https://news.naver.com/main/read.nhn?mode=LS2D&mid=shm&sid1=105&sid2=731&oid=001&aid=0011070057", "date": "2019.09.08. \uc624\uc804 8:46"}, {"guid": "ynat-v1_train_00030", "title": "\uc6b8\uc0b0 \uc624\ud6c4 4\uc2dc \uac74\uc870\uc8fc\uc758\ubcf4", "predefined_news_category": "\uc0dd\ud65c\ubb38\ud654", "label": "\uc0dd\ud65c\ubb38\ud654", "annotations": {"annotators": ["02", "10", "03"], "annotations": {"first-scope": ["\uc0dd\ud65c\ubb38\ud654", "\uc0dd\ud65c\ubb38\ud654", "\uc0dd\ud65c\ubb38\ud654"], "second-scope": ["\ud574\ub2f9\uc5c6\uc74c", "\ud574\ub2f9\uc5c6\uc74c", "\ud574\ub2f9\uc5c6\uc74c"], "third-scope": ["\ud574\ub2f9\uc5c6\uc74c", "\ud574\ub2f9\uc5c6\uc74c", "\ud574\ub2f9\uc5c6\uc74c"]}}, "url": "https://news.naver.com/main/read.nhn?mode=LS2D&mid=shm&sid1=103&sid2=248&oid=001&aid=0008248730", "date": "2016.03.12. \uc624\ud6c4 4:26"}, {"guid": "ynat-v1_train_00031", "title": "\uae30\uc5c5\ub4e4 \u65e5\uaddc\uc81c \uc9c1\uc811 \ud53c\ud574\ubcf4\ub2e4 \uc218\uc785 \ubd88\ud655\uc2e4\uc131\uc774 \ub354 \ubb38\uc81c", "predefined_news_category": "\uacbd\uc81c", "label": "\uacbd\uc81c", "annotations": {"annotators": ["11", "10", "14"], "annotations": {"first-scope": ["\uacbd\uc81c", "\uacbd\uc81c", "\uc0ac\ud68c"], "second-scope": ["\uc0ac\ud68c", "\ud574\ub2f9\uc5c6\uc74c", "\uc138\uacc4"], "third-scope": ["\uc815\uce58", "\ud574\ub2f9\uc5c6\uc74c", "\ud574\ub2f9\uc5c6\uc74c"]}}, "url": "https://news.naver.com/main/read.nhn?mode=LS2D&mid=shm&sid1=101&sid2=261&oid=001&aid=0011030277", "date": "2019.08.21. \uc624\uc804 11:03"}, {"guid": "ynat-v1_train_00032", "title": "\u65e5\uacbd\uc81c\uc0b0\uc5c5\uc0c1 \uacbd\uc81c\ubcf4\ubcf5 \ube44\ud310\uc5ec\ub860\uc5d0 \uc5b8\ub860\uc774 \uc81c\ub300\ub85c \uc774\ud574\ubabb\ud574", "predefined_news_category": "\uc138\uacc4", "label": "\uc138\uacc4", "annotations": {"annotators": ["16", "09", "08"], "annotations": {"first-scope": ["\uc138\uacc4", "\uc138\uacc4", "\uc138\uacc4"], "second-scope": ["\uc0ac\ud68c", "\uacbd\uc81c", "\ud574\ub2f9\uc5c6\uc74c"], "third-scope": ["\uc815\uce58", "\ud574\ub2f9\uc5c6\uc74c", "\ud574\ub2f9\uc5c6\uc74c"]}}, "url": "https://news.naver.com/main/read.nhn?mode=LS2D&mid=shm&sid1=104&sid2=231&oid=001&aid=0010933615", "date": "2019.07.04. \uc624\ud6c4 5:15"}, {"guid": "ynat-v1_train_00033", "title": "\ub2e4\uc2dc \ud3ec\ud6a8\ud55c \ud669\uc758\uc870 3\ub144 \ub9cc\uc758 A\ub9e4\uce58 \uace8 \uc9d1\uc911\ub825 \uc720\uc9c0\ud55c...", "predefined_news_category": "\uc2a4\ud3ec\uce20", "label": "\uc2a4\ud3ec\uce20", "annotations": {"annotators": ["09", "03", "14"], "annotations": {"first-scope": ["\uc2a4\ud3ec\uce20", "\uc2a4\ud3ec\uce20", "\uc2a4\ud3ec\uce20"], "second-scope": ["\ud574\ub2f9\uc5c6\uc74c", "\ud574\ub2f9\uc5c6\uc74c", "\ud574\ub2f9\uc5c6\uc74c"], "third-scope": ["\ud574\ub2f9\uc5c6\uc74c", "\ud574\ub2f9\uc5c6\uc74c", "\ud574\ub2f9\uc5c6\uc74c"]}}, "url": "https://sports.news.naver.com/news.nhn?oid=001&aid=0010397438", "date": "2018.10.12 23:40"}, {"guid": "ynat-v1_train_00034", "title": "\ucd5c\uadfc 5\ub144\uac04 \uacf5\ubb34\uc6d0\uc2dc\ud5d8 \uc751\uc2dc 127\ub9cc\uba85\u2026\uacbd\uc81c\ube44\uc6a9 \uc218\uc870\uc6d0", "predefined_news_category": "\uc815\uce58", "label": "\uc0ac\ud68c", "annotations": {"annotators": ["02", "10", "03"], "annotations": {"first-scope": ["\uc0ac\ud68c", "\uacbd\uc81c", "\uc0ac\ud68c"], "second-scope": ["\ud574\ub2f9\uc5c6\uc74c", "\ud574\ub2f9\uc5c6\uc74c", "\ud574\ub2f9\uc5c6\uc74c"], "third-scope": ["\ud574\ub2f9\uc5c6\uc74c", "\ud574\ub2f9\uc5c6\uc74c", "\ud574\ub2f9\uc5c6\uc74c"]}}, "url": "https://news.naver.com/main/read.nhn?mode=LS2D&mid=shm&sid1=100&sid2=265&oid=001&aid=0008737384", "date": "2016.10.08. \uc624\uc804 7:17"}, {"guid": "ynat-v1_train_00035", "title": "\ud2b8\ub7fc\ud504 \uc758\ud68c\uc11c \uc7a5\ubcbd\uc608\uc0b0 \ud569\uc758\ud560 \uac00\ub2a5\uc131 50% \uc774\ud558", "predefined_news_category": "\uc138\uacc4", "label": "\uc138\uacc4", "annotations": {"annotators": ["12", "14", "15"], "annotations": {"first-scope": ["\uc815\uce58", "\uc138\uacc4", "\uc138\uacc4"], "second-scope": ["\ud574\ub2f9\uc5c6\uc74c", "\uc815\uce58", "\uc815\uce58"], "third-scope": ["\ud574\ub2f9\uc5c6\uc74c", "\uc0ac\ud68c", "\uc0ac\ud68c"]}}, "url": "https://news.naver.com/main/read.nhn?mode=LS2D&mid=shm&sid1=104&sid2=232&oid=001&aid=0010606121", "date": "2019.01.28. \uc624\ud6c4 4:14"}, {"guid": "ynat-v1_train_00036", "title": "\ud504\ub9ac\ubbf8\uc5b412 \ubcf4\ub7ec \uc628 MLB \ucd5c\uc9c0\ub9cc \uc800\ub3c4 \ub6f0\uace0 \uc2f6\uc5c8\uc9c0\ub9cc", "predefined_news_category": "\uc2a4\ud3ec\uce20", "label": "\uc2a4\ud3ec\uce20", "annotations": {"annotators": ["14", "13", "07"], "annotations": {"first-scope": ["\uc2a4\ud3ec\uce20", "\uc2a4\ud3ec\uce20", "\uc2a4\ud3ec\uce20"], "second-scope": ["\ud574\ub2f9\uc5c6\uc74c", "\ud574\ub2f9\uc5c6\uc74c", "\ud574\ub2f9\uc5c6\uc74c"], "third-scope": ["\ud574\ub2f9\uc5c6\uc74c", "\ud574\ub2f9\uc5c6\uc74c", "\ud574\ub2f9\uc5c6\uc74c"]}}, "url": "https://sports.news.naver.com/news.nhn?oid=001&aid=0011200174", "date": "2019.11.08 20:50"}, {"guid": "ynat-v1_train_00037", "title": "\ubca0\ub124\uc218\uc5d8\ub77c \ub300\ud1b5\ub839 \ubbf8\uad6d\uacfc \uad00\uacc4 \ubcf5\uc6d0 \ub300\ud654 \uc7ac\uac1c \ud569\uc758", "predefined_news_category": "\uc138\uacc4", "label": "\uc138\uacc4", "annotations": {"annotators": ["10", "12", "07"], "annotations": {"first-scope": ["\uc138\uacc4", "\uc138\uacc4", "\uc138\uacc4"], "second-scope": ["\ud574\ub2f9\uc5c6\uc74c", "\uc815\uce58", "\ud574\ub2f9\uc5c6\uc74c"], "third-scope": ["\ud574\ub2f9\uc5c6\uc74c", "\ud574\ub2f9\uc5c6\uc74c", "\ud574\ub2f9\uc5c6\uc74c"]}}, "url": "https://news.naver.com/main/read.nhn?mode=LS2D&mid=shm&sid1=104&sid2=232&oid=001&aid=0008491366", "date": "2016.06.23. \uc624\uc804 6:26"}, {"guid": "ynat-v1_train_00038", "title": "\u6734\ub300\ud1b5\ub839 \uc6b8\uc0b0 \uc2ed\ub9ac\ub300\uc232\u00b7\uc7ac\ub798\uc2dc\uc7a5 \ubc29\ubb38\u2026\ud734\uac00 \uc911 \ubbfc\uc0dd \ud589\ubcf4", "predefined_news_category": "\uc815\uce58", "label": "\uc815\uce58", "annotations": {"annotators": ["12", "08", "15"], "annotations": {"first-scope": ["\uc815\uce58", "\uc815\uce58", "\uc815\uce58"], "second-scope": ["\ud574\ub2f9\uc5c6\uc74c", "\ud574\ub2f9\uc5c6\uc74c", "\uc0ac\ud68c"], "third-scope": ["\ud574\ub2f9\uc5c6\uc74c", "\ud574\ub2f9\uc5c6\uc74c", "\uc0dd\ud65c\ubb38\ud654"]}}, "url": "https://news.naver.com/main/read.nhn?mode=LS2D&mid=shm&sid1=100&sid2=264&oid=001&aid=0008572831", "date": "2016.07.28. \uc624\ud6c4 6:19"}, {"guid": "ynat-v1_train_00039", "title": "\uc5b4\ube59 NBA \ud1b5\uc0b0 1\ub9cc \uc810\u2026\ubcf4\uc2a4\ud134 \ub3d9\ubd80 1\uc704 \ud1a0\ub860\ud1a0 \uc81c\uc555...", "predefined_news_category": "\uc2a4\ud3ec\uce20", "label": "\uc2a4\ud3ec\uce20", "annotations": {"annotators": ["13", "10", "09"], "annotations": {"first-scope": ["\uc2a4\ud3ec\uce20", "\uc2a4\ud3ec\uce20", "\uc2a4\ud3ec\uce20"], "second-scope": ["\uc138\uacc4", "\ud574\ub2f9\uc5c6\uc74c", "\uc138\uacc4"], "third-scope": ["\ud574\ub2f9\uc5c6\uc74c", "\ud574\ub2f9\uc5c6\uc74c", "\ud574\ub2f9\uc5c6\uc74c"]}}, "url": "https://sports.news.naver.com/news.nhn?oid=001&aid=0010474078", "date": "2018.11.17 13:54"}, {"guid": "ynat-v1_train_00040", "title": "\uc6d4\ub4dc\ucef5 \ud558\ub098\uc740\ud589 \ub300\ud45c\ud300\uc5d0 \ud589\uc6b4\uc758 2\ub2ec\ub7ec 200\uc7a5 \uc120\ubb3c", "predefined_news_category": "\uc2a4\ud3ec\uce20", "label": "\uc2a4\ud3ec\uce20", "annotations": {"annotators": ["10", "16", "08"], "annotations": {"first-scope": ["\uc2a4\ud3ec\uce20", "\uc2a4\ud3ec\uce20", "\uc2a4\ud3ec\uce20"], "second-scope": ["\ud574\ub2f9\uc5c6\uc74c", "\ud574\ub2f9\uc5c6\uc74c", "\ud574\ub2f9\uc5c6\uc74c"], "third-scope": ["\ud574\ub2f9\uc5c6\uc74c", "\ud574\ub2f9\uc5c6\uc74c", "\ud574\ub2f9\uc5c6\uc74c"]}}, "url": "https://sports.news.naver.com/news.nhn?oid=001&aid=0010144158", "date": "2018.06.12 13:04"}, {"guid": "ynat-v1_train_00041", "title": "\ub77c\ubc14\ub9ac\ub2c8\ud638 \uc544\ub974\ud5e8\uc5d0 \uc124\uc695\ud560\uae4c\u2026\uc774\uc7ac\uc601 \ub3d9\ub8cc \ud504\ub808\uc2a4\ucf54 \uacbd\uacc4\ub839", "predefined_news_category": "\uc2a4\ud3ec\uce20", "label": "\uc2a4\ud3ec\uce20", "annotations": {"annotators": ["10", "09", "02"], "annotations": {"first-scope": ["\uc2a4\ud3ec\uce20", "\uc2a4\ud3ec\uce20", "\uc2a4\ud3ec\uce20"], "second-scope": ["\ud574\ub2f9\uc5c6\uc74c", "\ud574\ub2f9\uc5c6\uc74c", "\ud574\ub2f9\uc5c6\uc74c"], "third-scope": ["\ud574\ub2f9\uc5c6\uc74c", "\ud574\ub2f9\uc5c6\uc74c", "\ud574\ub2f9\uc5c6\uc74c"]}}, "url": "https://sports.news.naver.com/news.nhn?oid=001&aid=0011093822", "date": "2019.09.21 09:55"}, {"guid": "ynat-v1_train_00042", "title": "\uc81c\uc784\uc2a4 \ub5a0\ub09c NBA \ud074\ub9ac\ube14\ub79c\ub4dc 1\uc2b9 10\ud328\u2026\uc804\uccb4 \uaf34\ucc0c", "predefined_news_category": "\uc2a4\ud3ec\uce20", "label": "\uc138\uacc4", "annotations": {"annotators": ["15", "07", "16"], "annotations": {"first-scope": ["\uc138\uacc4", "\uc138\uacc4", "\uc138\uacc4"], "second-scope": ["\uc2a4\ud3ec\uce20", "\uc2a4\ud3ec\uce20", "\uc2a4\ud3ec\uce20"], "third-scope": ["\uc0ac\ud68c", "\ud574\ub2f9\uc5c6\uc74c", "\ud574\ub2f9\uc5c6\uc74c"]}}, "url": "https://sports.news.naver.com/news.nhn?oid=001&aid=0010456268", "date": "2018.11.08 15:06"}, {"guid": "ynat-v1_train_00043", "title": "\ub514\uc790\uc778 \uc5ed\uc0ac\uc758 \uae30\ub465 100\uad8c\uc758 \uc7a1\uc9c0\ub97c \ub3cc\uc544\ubcf4\ub2e4", "predefined_news_category": "\uc0dd\ud65c\ubb38\ud654", "label": "\uc0dd\ud65c\ubb38\ud654", "annotations": {"annotators": ["02", "09", "03"], "annotations": {"first-scope": ["\uc0dd\ud65c\ubb38\ud654", "\uc0dd\ud65c\ubb38\ud654", "\uc0dd\ud65c\ubb38\ud654"], "second-scope": ["\ud574\ub2f9\uc5c6\uc74c", "\ud574\ub2f9\uc5c6\uc74c", "\ud574\ub2f9\uc5c6\uc74c"], "third-scope": ["\ud574\ub2f9\uc5c6\uc74c", "\ud574\ub2f9\uc5c6\uc74c", "\ud574\ub2f9\uc5c6\uc74c"]}}, "url": "https://news.naver.com/main/read.nhn?mode=LS2D&mid=shm&sid1=103&sid2=242&oid=001&aid=0009812068", "date": "2018.01.15. \uc624\uc804 6:30"}, {"guid": "ynat-v1_train_00044", "title": "\uac8c\uc2dc\ud310 \uc70c\ub9bc SKT \ub204\uad6c \ud50c\ub808\uc774 \uac1c\ubc1c \uacf5\ubaa8\uc804\uc11c \ucd5c\uc6b0\uc218\uc0c1", "predefined_news_category": "IT\uacfc\ud559", "label": "IT\uacfc\ud559", "annotations": {"annotators": ["14", "03", "12"], "annotations": {"first-scope": ["IT\uacfc\ud559", "\uc0ac\ud68c", "IT\uacfc\ud559"], "second-scope": ["\ud574\ub2f9\uc5c6\uc74c", "\ud574\ub2f9\uc5c6\uc74c", "\uacbd\uc81c"], "third-scope": ["\ud574\ub2f9\uc5c6\uc74c", "\ud574\ub2f9\uc5c6\uc74c", "\uc0dd\ud65c\ubb38\ud654"]}}, "url": "https://news.naver.com/main/read.nhn?mode=LS2D&mid=shm&sid1=105&sid2=731&oid=001&aid=0010788884", "date": "2019.04.26. \uc624\uc804 10:45"}, {"guid": "ynat-v1_train_00045", "title": "\uc815\uc131\ud6c8 15\ub144 \ub9cc\uc5d0 \uce5c\uc815 KIA\ud589\u2026\uae30\ud68c \uc900 \uad6c\ub2e8\uc5d0 \uac10\uc0ac", "predefined_news_category": "\uc2a4\ud3ec\uce20", "label": "\uc2a4\ud3ec\uce20", "annotations": {"annotators": ["12", "18", "07"], "annotations": {"first-scope": ["\uc2a4\ud3ec\uce20", "\uc2a4\ud3ec\uce20", "\uc2a4\ud3ec\uce20"], "second-scope": ["\ud574\ub2f9\uc5c6\uc74c", "\ud574\ub2f9\uc5c6\uc74c", "\ud574\ub2f9\uc5c6\uc74c"], "third-scope": ["\ud574\ub2f9\uc5c6\uc74c", "\ud574\ub2f9\uc5c6\uc74c", "\ud574\ub2f9\uc5c6\uc74c"]}}, "url": "https://sports.news.naver.com/news.nhn?oid=001&aid=0009820843", "date": "2018.01.18 10:07"}, {"guid": "ynat-v1_train_00046", "title": "\uc804\uad6d \uacf3\uacf3\uc5d0 \uc800\ub141\uae4c\uc9c0 \ube44\u00b7\uac15\ud55c \ubc14\ub78c\u2026\ub0ae \ucd5c\uace0 27\ub3c4", "predefined_news_category": "\uc0dd\ud65c\ubb38\ud654", "label": "\uc0dd\ud65c\ubb38\ud654", "annotations": {"annotators": ["03", "07", "16"], "annotations": {"first-scope": ["\uc0dd\ud65c\ubb38\ud654", "\uc0dd\ud65c\ubb38\ud654", "\uc0dd\ud65c\ubb38\ud654"], "second-scope": ["\ud574\ub2f9\uc5c6\uc74c", "\ud574\ub2f9\uc5c6\uc74c", "\ud574\ub2f9\uc5c6\uc74c"], "third-scope": ["\ud574\ub2f9\uc5c6\uc74c", "\ud574\ub2f9\uc5c6\uc74c", "\ud574\ub2f9\uc5c6\uc74c"]}}, "url": "https://news.naver.com/main/read.nhn?mode=LS2D&mid=shm&sid1=103&sid2=248&oid=001&aid=0009318490", "date": "2017.06.07. \uc624\uc804 5:41"}, {"guid": "ynat-v1_train_00047", "title": "\u6734\ub300\ud1b5\ub839 \ub300\ud1b5\ub839 \ub2e8\uc784\uc81c\ub85c \uc9c0\uc18d\uac00\ub2a5\ud55c \uad6d\uc815\uacfc\uc81c \ucd94\uc9c4 \uc5b4\ub835\ub2e4\uc18d\ubcf4", "predefined_news_category": "\uc815\uce58", "label": "\uc815\uce58", "annotations": {"annotators": ["07", "11", "08"], "annotations": {"first-scope": ["\uc815\uce58", "\uc815\uce58", "\uc815\uce58"], "second-scope": ["\ud574\ub2f9\uc5c6\uc74c", "\ud574\ub2f9\uc5c6\uc74c", "\ud574\ub2f9\uc5c6\uc74c"], "third-scope": ["\ud574\ub2f9\uc5c6\uc74c", "\ud574\ub2f9\uc5c6\uc74c", "\ud574\ub2f9\uc5c6\uc74c"]}}, "url": "https://news.naver.com/main/read.nhn?mode=LS2D&mid=shm&sid1=100&sid2=269&oid=001&aid=0008773333", "date": "2016.10.24. \uc624\uc804 10:37"}, {"guid": "ynat-v1_train_00048", "title": "8\uc6d4 \uc2dc\uc911\ud1b5\ud654\ub7c9 \uc804\ub144\ub3d9\uae30\ube44 6.8%\u2191\u2026\uc99d\uac00\uc138 \ud655\ub300", "predefined_news_category": "\uacbd\uc81c", "label": "\uacbd\uc81c", "annotations": {"annotators": ["07", "09", "14"], "annotations": {"first-scope": ["\uacbd\uc81c", "\uacbd\uc81c", "IT\uacfc\ud559"], "second-scope": ["\ud574\ub2f9\uc5c6\uc74c", "\ud574\ub2f9\uc5c6\uc74c", "\uc0ac\ud68c"], "third-scope": ["\ud574\ub2f9\uc5c6\uc74c", "\ud574\ub2f9\uc5c6\uc74c", "\ud574\ub2f9\uc5c6\uc74c"]}}, "url": "https://news.naver.com/main/read.nhn?mode=LS2D&mid=shm&sid1=101&sid2=258&oid=001&aid=0011143828", "date": "2019.10.15. \uc624\ud6c4 12:00"}, {"guid": "ynat-v1_train_00049", "title": "\ubc18\ubbfc\ud2b9\uc704 \uc784\ubb34 \uc544\uc9c1 \ub05d\ub098\uc9c0 \uc54a\uc558\ub2e4", "predefined_news_category": "\uc0dd\ud65c\ubb38\ud654", "label": "\uc0ac\ud68c", "annotations": {"annotators": ["11", "07", "16"], "annotations": {"first-scope": ["\uc815\uce58", "\uc0ac\ud68c", "\uc0ac\ud68c"], "second-scope": ["\uc0ac\ud68c", "\ud574\ub2f9\uc5c6\uc74c", "\ud574\ub2f9\uc5c6\uc74c"], "third-scope": ["\ud574\ub2f9\uc5c6\uc74c", "\ud574\ub2f9\uc5c6\uc74c", "\ud574\ub2f9\uc5c6\uc74c"]}}, "url": "https://news.naver.com/main/read.nhn?mode=LS2D&mid=shm&sid1=103&sid2=243&oid=001&aid=0010865896", "date": "2019.06.03. \uc624\ud6c4 4:11"}, {"guid": "ynat-v1_train_00050", "title": "\uc560\ud50c \ud000\ud140\ub2f7OLED \uacb0\ud569 \ucc28\uc138\ub300 \ub514\uc2a4\ud50c\ub808\uc774 \ud2b9\ud5c8\ucd9c\uc6d0", "predefined_news_category": "IT\uacfc\ud559", "label": "IT\uacfc\ud559", "annotations": {"annotators": ["02", "12", "10"], "annotations": {"first-scope": ["IT\uacfc\ud559", "\uacbd\uc81c", "IT\uacfc\ud559"], "second-scope": ["\ud574\ub2f9\uc5c6\uc74c", "IT\uacfc\ud559", "\ud574\ub2f9\uc5c6\uc74c"], "third-scope": ["\ud574\ub2f9\uc5c6\uc74c", "\uc138\uacc4", "\ud574\ub2f9\uc5c6\uc74c"]}}, "url": "https://news.naver.com/main/read.nhn?mode=LS2D&mid=shm&sid1=105&sid2=230&oid=001&aid=0009476376", "date": "2017.08.16. \uc624\uc804 6:31"}, {"guid": "ynat-v1_train_00051", "title": "\ud130\ud0a4 \uc5d0\ub974\ub3c4\uc548 \uc790\uad6d \uc678\uad50\uad00 \uaca8\ub0e5 \ud14c\ub7ec \ube44\ud310\u2026\uc545\uc758\uc801 \uacf5\uaca9", "predefined_news_category": "\uc138\uacc4", "label": "\uc138\uacc4", "annotations": {"annotators": ["13", "03", "12"], "annotations": {"first-scope": ["\uc138\uacc4", "\uc138\uacc4", "\uc138\uacc4"], "second-scope": ["\ud574\ub2f9\uc5c6\uc74c", "\uc0ac\ud68c", "\uc815\uce58"], "third-scope": ["\ud574\ub2f9\uc5c6\uc74c", "\ud574\ub2f9\uc5c6\uc74c", "\ud574\ub2f9\uc5c6\uc74c"]}}, "url": "https://news.naver.com/main/read.nhn?mode=LS2D&mid=shm&sid1=104&sid2=234&oid=001&aid=0010964917", "date": "2019.07.19. \uc624\uc804 1:05"}, {"guid": "ynat-v1_train_00052", "title": "\u6734\ub300\ud1b5\ub839 \ub0b4\uc8fc \uad6d\ud68c\uc11c \uc77c\uc815\uc7ac\uac1c\u2026\uc5ec\uc57c \uc9c0\ub3c4\ubd80 \ud658\ub2f4\ub3c4 \uc720\ub825", "predefined_news_category": "\uc815\uce58", "label": "\uc815\uce58", "annotations": {"annotators": ["08", "02", "12"], "annotations": {"first-scope": ["\uc815\uce58", "\uc815\uce58", "\uc815\uce58"], "second-scope": ["\ud574\ub2f9\uc5c6\uc74c", "\ud574\ub2f9\uc5c6\uc74c", "\ud574\ub2f9\uc5c6\uc74c"], "third-scope": ["\ud574\ub2f9\uc5c6\uc74c", "\ud574\ub2f9\uc5c6\uc74c", "\ud574\ub2f9\uc5c6\uc74c"]}}, "url": "https://news.naver.com/main/read.nhn?mode=LS2D&mid=shm&sid1=100&sid2=269&oid=001&aid=0008463644", "date": "2016.06.10. \uc624\uc804 10:57"}, {"guid": "ynat-v1_train_00053", "title": "CNN \ud2b8\ub7fc\ud504 \ub0b4\ubd80\uace0\ubc1c\uc790 \uc0c1\u00b7\ud558\uc6d0 \uc815\ubcf4\uc704 \ucd9c\uc11d \ub3d9\uc758", "predefined_news_category": "\uc138\uacc4", "label": "\uc138\uacc4", "annotations": {"annotators": ["10", "02", "03"], "annotations": {"first-scope": ["\uc815\uce58", "\uc138\uacc4", "\uc138\uacc4"], "second-scope": ["\ud574\ub2f9\uc5c6\uc74c", "\uc815\uce58", "\uc815\uce58"], "third-scope": ["\ud574\ub2f9\uc5c6\uc74c", "\ud574\ub2f9\uc5c6\uc74c", "\ud574\ub2f9\uc5c6\uc74c"]}}, "url": "https://news.naver.com/main/read.nhn?mode=LS2D&mid=shm&sid1=104&sid2=233&oid=001&aid=0011105672", "date": "2019.09.26. \uc624\ud6c4 5:14"}, {"guid": "ynat-v1_train_00054", "title": "\ubbf8\uad6d \ud504\ub85c\uc2a4\ud3ec\uce20 \ucee4\ubc0d\uc544\uc6c3 \ub4a4 \ucd9c\uc804 1\ud638 \ucd95\uad6c\uc120\uc218 \ub85c\uc800\uc2a4 \uc740\ud1f4", "predefined_news_category": "\uc2a4\ud3ec\uce20", "label": "\uc2a4\ud3ec\uce20", "annotations": {"annotators": ["10", "18", "03"], "annotations": {"first-scope": ["\uc2a4\ud3ec\uce20", "\uc2a4\ud3ec\uce20", "\uc2a4\ud3ec\uce20"], "second-scope": ["\ud574\ub2f9\uc5c6\uc74c", "\ud574\ub2f9\uc5c6\uc74c", "\uc138\uacc4"], "third-scope": ["\ud574\ub2f9\uc5c6\uc74c", "\ud574\ub2f9\uc5c6\uc74c", "\ud574\ub2f9\uc5c6\uc74c"]}}, "url": "https://sports.news.naver.com/news.nhn?oid=001&aid=0009668139", "date": "2017.11.08 09:35"}, {"guid": "ynat-v1_train_00055", "title": "GSMA \ud1b5\uc2e0\uc0ac \uc778\uc218\ud569\ubcd1 \ub54c \ub2f9\uad6d\uc758 \ub354\ub518 \uc2ec\uc0ac\ub85c \uc0ac\uc5c5\uc5d0 \uc9c0\uc7a5", "predefined_news_category": "IT\uacfc\ud559", "label": "\uc0ac\ud68c", "annotations": {"annotators": ["02", "09", "10"], "annotations": {"first-scope": ["\uc0ac\ud68c", "\uc0ac\ud68c", "\uacbd\uc81c"], "second-scope": ["\ud574\ub2f9\uc5c6\uc74c", "\ud574\ub2f9\uc5c6\uc74c", "\ud574\ub2f9\uc5c6\uc74c"], "third-scope": ["\ud574\ub2f9\uc5c6\uc74c", "\ud574\ub2f9\uc5c6\uc74c", "\ud574\ub2f9\uc5c6\uc74c"]}}, "url": "https://news.naver.com/main/read.nhn?mode=LS2D&mid=shm&sid1=105&sid2=227&oid=001&aid=0008183841", "date": "2016.02.14. \uc624\uc804 11:07"}, {"guid": "ynat-v1_train_00056", "title": "\u7f8e\ubbfc\uc8fc \uc804\ub300 D1 \ud790\ub7ec\ub9ac\ub97c \ub9cc\ub4e0 \uc0ac\ub78c\ub4e4\uacfc \uac00\uc871", "predefined_news_category": "\uc138\uacc4", "label": "\uc138\uacc4", "annotations": {"annotators": ["07", "14", "02"], "annotations": {"first-scope": ["\uc138\uacc4", "\uc138\uacc4", "\uc138\uacc4"], "second-scope": ["\uc815\uce58", "\uc815\uce58", "\ud574\ub2f9\uc5c6\uc74c"], "third-scope": ["\ud574\ub2f9\uc5c6\uc74c", "\uc0ac\ud68c", "\ud574\ub2f9\uc5c6\uc74c"]}}, "url": "https://news.naver.com/main/read.nhn?mode=LS2D&mid=shm&sid1=104&sid2=232&oid=001&aid=0008561787", "date": "2016.07.24. \uc624\ud6c4 1:00"}, {"guid": "ynat-v1_train_00057", "title": "\u6734\ub300\ud1b5\ub839 \uc5d0\ud2f0\uc624\ud53c\uc544 \uc785\ub9db\uc5d0 \ub9de\uc544\uc694\u2026\ud604\uc9c0\uc778\ub4e4 \uc798 \ud1b5\ud574\uc694", "predefined_news_category": "\uc815\uce58", "label": "\uc815\uce58", "annotations": {"annotators": ["11", "03", "08"], "annotations": {"first-scope": ["\uc815\uce58", "\uc815\uce58", "\uc815\uce58"], "second-scope": ["\uc138\uacc4", "\uc138\uacc4", "\ud574\ub2f9\uc5c6\uc74c"], "third-scope": ["\ud574\ub2f9\uc5c6\uc74c", "\ud574\ub2f9\uc5c6\uc74c", "\ud574\ub2f9\uc5c6\uc74c"]}}, "url": "https://news.naver.com/main/read.nhn?mode=LS2D&mid=shm&sid1=100&sid2=264&oid=001&aid=0008434360", "date": "2016.05.29. \uc624\uc804 4:57"}, {"guid": "ynat-v1_train_00058", "title": "\ud669\uc0ac\u00b7\ubbf8\uc138\uba3c\uc9c0 \uae30\uc2b9 \uc7bf\ube5b \uc8fc\ub9d0\u2026\ub098\ub4e4\uc774\uac1d \uc904\uc5b4", "predefined_news_category": "\uc0dd\ud65c\ubb38\ud654", "label": "\uc0dd\ud65c\ubb38\ud654", "annotations": {"annotators": ["12", "07", "18"], "annotations": {"first-scope": ["\uc0dd\ud65c\ubb38\ud654", "\uc0dd\ud65c\ubb38\ud654", "\uc0dd\ud65c\ubb38\ud654"], "second-scope": ["\ud574\ub2f9\uc5c6\uc74c", "\ud574\ub2f9\uc5c6\uc74c", "\ud574\ub2f9\uc5c6\uc74c"], "third-scope": ["\ud574\ub2f9\uc5c6\uc74c", "\ud574\ub2f9\uc5c6\uc74c", "\ud574\ub2f9\uc5c6\uc74c"]}}, "url": "https://news.naver.com/main/read.nhn?mode=LS2D&mid=shm&sid1=103&sid2=237&oid=001&aid=0008353583", "date": "2016.04.23. \uc624\ud6c4 2:33"}, {"guid": "ynat-v1_train_00059", "title": "\uc2e0\uac04 \ubaa9\uc591\uba74 \ubc29\ud654 \uc0ac\uac74 \uc804\ub9d0\uae30", "predefined_news_category": "\uc0dd\ud65c\ubb38\ud654", "label": "\uc0dd\ud65c\ubb38\ud654", "annotations": {"annotators": ["13", "12", "03"], "annotations": {"first-scope": ["\uc0dd\ud65c\ubb38\ud654", "\uc0dd\ud65c\ubb38\ud654", "\uc0dd\ud65c\ubb38\ud654"], "second-scope": ["\ud574\ub2f9\uc5c6\uc74c", "\ud574\ub2f9\uc5c6\uc74c", "\ud574\ub2f9\uc5c6\uc74c"], "third-scope": ["\ud574\ub2f9\uc5c6\uc74c", "\ud574\ub2f9\uc5c6\uc74c", "\ud574\ub2f9\uc5c6\uc74c"]}}, "url": "https://news.naver.com/main/read.nhn?mode=LS2D&mid=shm&sid1=103&sid2=243&oid=001&aid=0010341606", "date": "2018.09.13. \uc624\ud6c4 5:01"}, {"guid": "ynat-v1_train_00060", "title": "\uc778\ub2c8 \ud56d\uacf5\ub2f9\uad6d \ucd94\ub77d \ubcf4\uc789\uae30 \uc870\uc885\uc0ac \ub300\ud654 \ubcf4\ub3c4 \uc0ac\uc2e4\uacfc \ub2ec\ub77c", "predefined_news_category": "\uc138\uacc4", "label": "\uc138\uacc4", "annotations": {"annotators": ["13", "10", "02"], "annotations": {"first-scope": ["\uc138\uacc4", "\uc0ac\ud68c", "\uc138\uacc4"], "second-scope": ["\uc0ac\ud68c", "\ud574\ub2f9\uc5c6\uc74c", "\uc0ac\ud68c"], "third-scope": ["\ud574\ub2f9\uc5c6\uc74c", "\ud574\ub2f9\uc5c6\uc74c", "\ud574\ub2f9\uc5c6\uc74c"]}}, "url": "https://news.naver.com/main/read.nhn?mode=LS2D&mid=shm&sid1=104&sid2=231&oid=001&aid=0010710597", "date": "2019.03.21. \uc624\ud6c4 9:14"}, {"guid": "ynat-v1_train_00061", "title": "\uc11d\uc720\uc655\uad6d \uc0ac\uc6b0\ub514 \ud0dc\uc591\uad11\u00b7\ud48d\ub825 \ubc1c\uc804 \uc911\uc2ec\uc9c0 \ub420 \uac83", "predefined_news_category": "\uc138\uacc4", "label": "\uc138\uacc4", "annotations": {"annotators": ["12", "14", "13"], "annotations": {"first-scope": ["\uc138\uacc4", "\uc138\uacc4", "\uc138\uacc4"], "second-scope": ["\uc0ac\ud68c", "\uacbd\uc81c", "\uacbd\uc81c"], "third-scope": ["\ud574\ub2f9\uc5c6\uc74c", "\uc0ac\ud68c", "\uc0ac\ud68c"]}}, "url": "https://news.naver.com/main/read.nhn?mode=LS2D&mid=shm&sid1=104&sid2=234&oid=001&aid=0010584406", "date": "2019.01.16. \uc624\ud6c4 7:38"}, {"guid": "ynat-v1_train_00062", "title": "\u4e2d\ud658\uad6c\uc2dc\ubcf4 \u7f8e \uc2e0\ubbf8\uc0ac\uc77c\ubc29\uc5b4\uc804\ub7b5 \ubd81\ubbf8 \u6838\ub2f4\ud310\uc5d0 \ub3c4\uc6c0 \uc548\ub3fc", "predefined_news_category": "\uc138\uacc4", "label": "\uc138\uacc4", "annotations": {"annotators": ["13", "16", "10"], "annotations": {"first-scope": ["\uc138\uacc4", "\uc815\uce58", "\uc138\uacc4"], "second-scope": ["\uc815\uce58", "\ud574\ub2f9\uc5c6\uc74c", "\ud574\ub2f9\uc5c6\uc74c"], "third-scope": ["\uc0ac\ud68c", "\ud574\ub2f9\uc5c6\uc74c", "\ud574\ub2f9\uc5c6\uc74c"]}}, "url": "https://news.naver.com/main/read.nhn?mode=LS2D&mid=shm&sid1=104&sid2=232&oid=001&aid=0010588794", "date": "2019.01.19. \uc624\uc804 10:32"}, {"guid": "ynat-v1_train_00063", "title": "2022 AG \uac1c\ucd5c\uc9c0 \uc911\uad6d \ud56d\uc800\uc6b0\ub85c\uc758 \ucd08\ub300", "predefined_news_category": "\uc0dd\ud65c\ubb38\ud654", "label": "\uc2a4\ud3ec\uce20", "annotations": {"annotators": ["13", "12", "02"], "annotations": {"first-scope": ["\uc2a4\ud3ec\uce20", "\uc2a4\ud3ec\uce20", "\uc138\uacc4"], "second-scope": ["\uc138\uacc4", "\ud574\ub2f9\uc5c6\uc74c", "\uc0ac\ud68c"], "third-scope": ["\ud574\ub2f9\uc5c6\uc74c", "\ud574\ub2f9\uc5c6\uc74c", "\ud574\ub2f9\uc5c6\uc74c"]}}, "url": "https://news.naver.com/main/read.nhn?mode=LS2D&mid=shm&sid1=103&sid2=242&oid=001&aid=0010317263", "date": "2018.09.02. \uc624\ud6c4 10:56"}, {"guid": "ynat-v1_train_00064", "title": "\uc2e0\uac04 \ucc45\uc5d0 \ube60\uc838 \uc8fd\uc9c0 \uc54a\uae30", "predefined_news_category": "\uc0dd\ud65c\ubb38\ud654", "label": "\uc0dd\ud65c\ubb38\ud654", "annotations": {"annotators": ["14", "13", "12"], "annotations": {"first-scope": ["\uc0dd\ud65c\ubb38\ud654", "\uc0dd\ud65c\ubb38\ud654", "\uc0dd\ud65c\ubb38\ud654"], "second-scope": ["\ud574\ub2f9\uc5c6\uc74c", "\ud574\ub2f9\uc5c6\uc74c", "\ud574\ub2f9\uc5c6\uc74c"], "third-scope": ["\ud574\ub2f9\uc5c6\uc74c", "\ud574\ub2f9\uc5c6\uc74c", "\ud574\ub2f9\uc5c6\uc74c"]}}, "url": "https://news.naver.com/main/read.nhn?mode=LS2D&mid=shm&sid1=103&sid2=243&oid=001&aid=0010312841", "date": "2018.08.31. \uc624\ud6c4 3:26"}, {"guid": "ynat-v1_train_00065", "title": "\uc9d1\uc8fc\uc778 \ub9e4\uc785\uc784\ub300\uc8fc\ud0dd \uc0ac\uc5c5 23\uc77c\ubd80\ud130 \uc0c1\uc2dc \uc811\uc218", "predefined_news_category": "\uacbd\uc81c", "label": "\uacbd\uc81c", "annotations": {"annotators": ["14", "12", "10"], "annotations": {"first-scope": ["\uacbd\uc81c", "\uacbd\uc81c", "\uc0ac\ud68c"], "second-scope": ["\uc0ac\ud68c", "\uc0dd\ud65c\ubb38\ud654", "\ud574\ub2f9\uc5c6\uc74c"], "third-scope": ["\ud574\ub2f9\uc5c6\uc74c", "\ud574\ub2f9\uc5c6\uc74c", "\ud574\ub2f9\uc5c6\uc74c"]}}, "url": "https://news.naver.com/main/read.nhn?mode=LS2D&mid=shm&sid1=101&sid2=261&oid=001&aid=0008681435", "date": "2016.09.12. \uc624\uc804 11:18"}, {"guid": "ynat-v1_train_00066", "title": "MLB \ucc44\ud504\uba3c\u00b7\ud5e4\uc774\ub354 \uc62c\ud574\uc758 \uad6c\uc6d0\ud22c\uc218\uc0c1 \uc218\uc0c1", "predefined_news_category": "\uc2a4\ud3ec\uce20", "label": "\uc2a4\ud3ec\uce20", "annotations": {"annotators": ["09", "12", "18"], "annotations": {"first-scope": ["\uc2a4\ud3ec\uce20", "\uc2a4\ud3ec\uce20", "\uc2a4\ud3ec\uce20"], "second-scope": ["\uc138\uacc4", "\uc138\uacc4", "\ud574\ub2f9\uc5c6\uc74c"], "third-scope": ["\ud574\ub2f9\uc5c6\uc74c", "\ud574\ub2f9\uc5c6\uc74c", "\ud574\ub2f9\uc5c6\uc74c"]}}, "url": "https://sports.news.naver.com/news.nhn?oid=001&aid=0011171227", "date": "2019.10.27 08:28"}, {"guid": "ynat-v1_train_00067", "title": "\ub208\ubb3c \ud758\ub9b0 MVP \ub9d0\ucef9 2\ubd80 \ub9ac\uac70 \ud5a5\ud55c \uc758\uad6c\uc2ec \ub5a8\uce58\ub824 \ub178...", "predefined_news_category": "\uc2a4\ud3ec\uce20", "label": "\uc2a4\ud3ec\uce20", "annotations": {"annotators": ["16", "03", "09"], "annotations": {"first-scope": ["\uc2a4\ud3ec\uce20", "\uc2a4\ud3ec\uce20", "\uc2a4\ud3ec\uce20"], "second-scope": ["\ud574\ub2f9\uc5c6\uc74c", "\ud574\ub2f9\uc5c6\uc74c", "\ud574\ub2f9\uc5c6\uc74c"], "third-scope": ["\ud574\ub2f9\uc5c6\uc74c", "\ud574\ub2f9\uc5c6\uc74c", "\ud574\ub2f9\uc5c6\uc74c"]}}, "url": "https://sports.news.naver.com/news.nhn?oid=001&aid=0010504235", "date": "2018.12.03 19:22"}, {"guid": "ynat-v1_train_00068", "title": "\uad00\ud6c8\ud074\ub7fd 65\ub300 \uc784\uc6d0\uc9c4 \uc120\uc784\u202611\uc77c \ucc3d\ub9bd 61\uc8fc\ub144 \uae30\ub150\uc2dd", "predefined_news_category": "\uc0ac\ud68c", "label": "\uc0ac\ud68c", "annotations": {"annotators": ["03", "18", "12"], "annotations": {"first-scope": ["\uc0ac\ud68c", "\uc0ac\ud68c", "\uc0ac\ud68c"], "second-scope": ["\ud574\ub2f9\uc5c6\uc74c", "\ud574\ub2f9\uc5c6\uc74c", "\ud574\ub2f9\uc5c6\uc74c"], "third-scope": ["\ud574\ub2f9\uc5c6\uc74c", "\ud574\ub2f9\uc5c6\uc74c", "\ud574\ub2f9\uc5c6\uc74c"]}}, "url": "https://news.naver.com/main/read.nhn?mode=LS2D&mid=shm&sid1=102&sid2=254&oid=001&aid=0009797513", "date": "2018.01.08. \uc624\ud6c4 3:00"}, {"guid": "ynat-v1_train_00069", "title": "\ud0dc\uad6d\uc5d0\uc11c \uc5f4\ub9b0 \uc0bc\uc131\ud398\uc774 \ub860\uce6d \ud589\uc0ac", "predefined_news_category": "IT\uacfc\ud559", "label": "\uc138\uacc4", "annotations": {"annotators": ["16", "15", "02"], "annotations": {"first-scope": ["\uc138\uacc4", "\uc138\uacc4", "\uc138\uacc4"], "second-scope": ["IT\uacfc\ud559", "\uacbd\uc81c", "\uc0ac\ud68c"], "third-scope": ["\uacbd\uc81c", "\uc0ac\ud68c", "\ud574\ub2f9\uc5c6\uc74c"]}}, "url": "https://news.naver.com/main/read.nhn?mode=LS2D&mid=shm&sid1=105&sid2=731&oid=001&aid=0009018032", "date": "2017.02.08. \uc624\ud6c4 6:04"}, {"guid": "ynat-v1_train_00070", "title": "\uac15\ud48d\u00b7\uc601\ud558\uad8c \ub0a0\uc528\u2026\uc624\ud6c4\ubd80\ud130 \ube44\uae4c\uc9c0 \ub0b4\ub824", "predefined_news_category": "\uc0dd\ud65c\ubb38\ud654", "label": "\uc0dd\ud65c\ubb38\ud654", "annotations": {"annotators": ["09", "07", "10"], "annotations": {"first-scope": ["\uc0dd\ud65c\ubb38\ud654", "\uc0dd\ud65c\ubb38\ud654", "\uc0dd\ud65c\ubb38\ud654"], "second-scope": ["\ud574\ub2f9\uc5c6\uc74c", "\ud574\ub2f9\uc5c6\uc74c", "\ud574\ub2f9\uc5c6\uc74c"], "third-scope": ["\ud574\ub2f9\uc5c6\uc74c", "\ud574\ub2f9\uc5c6\uc74c", "\ud574\ub2f9\uc5c6\uc74c"]}}, "url": "https://news.naver.com/main/read.nhn?mode=LS2D&mid=shm&sid1=103&sid2=248&oid=001&aid=0009045986", "date": "2017.02.19. \uc624\uc804 5:51"}, {"guid": "ynat-v1_train_00071", "title": "\ucee4\uc9c0\ub294 \uc911\uad6d \uae30\uc5c5 \ucc44\ubb34\ubd88\uc774\ud589 \ub9ac\uc2a4\ud06c\u2026\uc62c\ud574 \ub610 \ucd5c\uace0\uce58", "predefined_news_category": "\uc138\uacc4", "label": "\uc138\uacc4", "annotations": {"annotators": ["07", "12", "13"], "annotations": {"first-scope": ["\uacbd\uc81c", "\uc138\uacc4", "\uc138\uacc4"], "second-scope": ["\uc138\uacc4", "\uacbd\uc81c", "\uacbd\uc81c"], "third-scope": ["\ud574\ub2f9\uc5c6\uc74c", "\ud574\ub2f9\uc5c6\uc74c", "\ud574\ub2f9\uc5c6\uc74c"]}}, "url": "https://news.naver.com/main/read.nhn?mode=LS2D&mid=shm&sid1=104&sid2=231&oid=001&aid=0011284148", "date": "2019.12.18. \uc624\ud6c4 1:56"}, {"guid": "ynat-v1_train_00072", "title": "\ud55c\uad6d\uad00\uad11\uacf5\uc0ac \uad6d\ub0b4 \uc219\uc18c \uccb4\ud5d8\uae30 \ubaa8\uc740 \uc5ec\ud589\uc790\uc758 \ubc29 \ucd9c\uac04", "predefined_news_category": "\uc0dd\ud65c\ubb38\ud654", "label": "\uc0dd\ud65c\ubb38\ud654", "annotations": {"annotators": ["03", "09", "02"], "annotations": {"first-scope": ["\uc0dd\ud65c\ubb38\ud654", "\uc0dd\ud65c\ubb38\ud654", "\uc0dd\ud65c\ubb38\ud654"], "second-scope": ["\ud574\ub2f9\uc5c6\uc74c", "\ud574\ub2f9\uc5c6\uc74c", "\ud574\ub2f9\uc5c6\uc74c"], "third-scope": ["\ud574\ub2f9\uc5c6\uc74c", "\ud574\ub2f9\uc5c6\uc74c", "\ud574\ub2f9\uc5c6\uc74c"]}}, "url": "https://news.naver.com/main/read.nhn?mode=LS2D&mid=shm&sid1=103&sid2=237&oid=001&aid=0010995889", "date": "2019.08.01. \uc624\uc804 10:14"}, {"guid": "ynat-v1_train_00073", "title": "\ud0dc\ud48d \uc194\ub9ad \uc811\uadfc\u2026\uc624\ud6c4\ubd80\ud130 \uc81c\uc8fc \ud56d\uacf5\uae30 \uc774\ucc29\ub959 \uc5b4\ub824\uc6b8 \ub4ef", "predefined_news_category": "\uc0dd\ud65c\ubb38\ud654", "label": "\uc0dd\ud65c\ubb38\ud654", "annotations": {"annotators": ["10", "12", "02"], "annotations": {"first-scope": ["\uc0dd\ud65c\ubb38\ud654", "\uc0ac\ud68c", "\uc0dd\ud65c\ubb38\ud654"], "second-scope": ["\ud574\ub2f9\uc5c6\uc74c", "\uc0dd\ud65c\ubb38\ud654", "\ud574\ub2f9\uc5c6\uc74c"], "third-scope": ["\ud574\ub2f9\uc5c6\uc74c", "\ud574\ub2f9\uc5c6\uc74c", "\ud574\ub2f9\uc5c6\uc74c"]}}, "url": "https://news.naver.com/main/read.nhn?mode=LS2D&mid=shm&sid1=103&sid2=248&oid=001&aid=0010286668", "date": "2018.08.22. \uc624\uc804 10:48"}, {"guid": "ynat-v1_train_00074", "title": "\ubd84\ub9ac\uacf5\uc2dc \ub193\uace0 \uc774\ud1b5\uc2dc\uc7a5 \ubd84\ub780 \uc870\uc9d0\u2026LG\uc804\uc790 \ud310 \ud754\ub4e4\uae30 \ud1b5\ud560\uae4c", "predefined_news_category": "IT\uacfc\ud559", "label": "\uacbd\uc81c", "annotations": {"annotators": ["14", "07", "08"], "annotations": {"first-scope": ["\uc0ac\ud68c", "\uacbd\uc81c", "\uacbd\uc81c"], "second-scope": ["\ud574\ub2f9\uc5c6\uc74c", "\uc0ac\ud68c", "\ud574\ub2f9\uc5c6\uc74c"], "third-scope": ["\ud574\ub2f9\uc5c6\uc74c", "\ud574\ub2f9\uc5c6\uc74c", "\ud574\ub2f9\uc5c6\uc74c"]}}, "url": "https://news.naver.com/main/read.nhn?mode=LS2D&mid=shm&sid1=105&sid2=731&oid=001&aid=0009328937", "date": "2017.06.12. \uc624\uc804 6:21"}, {"guid": "ynat-v1_train_00075", "title": "MLB \ud30c\uc6b8\ubcfc \uc0ac\uace0 2012\ub144 \uc774\ud6c4 800\uac74 \uc774\uc0c1 \ubc1c\uc0dd", "predefined_news_category": "\uc2a4\ud3ec\uce20", "label": "\uc2a4\ud3ec\uce20", "annotations": {"annotators": ["09", "12", "14"], "annotations": {"first-scope": ["\uc2a4\ud3ec\uce20", "\uc2a4\ud3ec\uce20", "\uc2a4\ud3ec\uce20"], "second-scope": ["\uc138\uacc4", "\uc138\uacc4", "\ud574\ub2f9\uc5c6\uc74c"], "third-scope": ["\ud574\ub2f9\uc5c6\uc74c", "\ud574\ub2f9\uc5c6\uc74c", "\ud574\ub2f9\uc5c6\uc74c"]}}, "url": "https://sports.news.naver.com/news.nhn?oid=001&aid=0011117267", "date": "2019.10.02 13:41"}, {"guid": "ynat-v1_train_00076", "title": "\uae08\uac12 \ud558\ub77d\uc5d0 \uae08\ud380\ub4dc \uc218\uc775\ub960 \ucd94\ub77d\u2026\ucd5c\uadfc \ud55c\ub2ec 4.86%", "predefined_news_category": "\uacbd\uc81c", "label": "\uacbd\uc81c", "annotations": {"annotators": ["18", "13", "02"], "annotations": {"first-scope": ["\uacbd\uc81c", "\uacbd\uc81c", "\uacbd\uc81c"], "second-scope": ["\ud574\ub2f9\uc5c6\uc74c", "\ud574\ub2f9\uc5c6\uc74c", "\ud574\ub2f9\uc5c6\uc74c"], "third-scope": ["\ud574\ub2f9\uc5c6\uc74c", "\ud574\ub2f9\uc5c6\uc74c", "\ud574\ub2f9\uc5c6\uc74c"]}}, "url": "https://news.naver.com/main/read.nhn?mode=LS2D&mid=shm&sid1=101&sid2=259&oid=001&aid=0010791658", "date": "2019.04.28. \uc624\uc804 9:03"}, {"guid": "ynat-v1_train_00077", "title": "\uc791\ub144 \uc138\ud0c1\uae30 \ubd84\uc57c \ubbf8\uad6d\ud2b9\ud5c8 LG\uc804\uc790\u00b7\uc0bc\uc131\uc804\uc790 1\u223c2\uc704", "predefined_news_category": "\uacbd\uc81c", "label": "\uacbd\uc81c", "annotations": {"annotators": ["07", "14", "02"], "annotations": {"first-scope": ["\uacbd\uc81c", "IT\uacfc\ud559", "\uacbd\uc81c"], "second-scope": ["\ud574\ub2f9\uc5c6\uc74c", "\ud574\ub2f9\uc5c6\uc74c", "\uc0ac\ud68c"], "third-scope": ["\ud574\ub2f9\uc5c6\uc74c", "\ud574\ub2f9\uc5c6\uc74c", "\ud574\ub2f9\uc5c6\uc74c"]}}, "url": "https://news.naver.com/main/read.nhn?mode=LS2D&mid=shm&sid1=101&sid2=261&oid=001&aid=0008500365", "date": "2016.06.27. \uc624\ud6c4 12:00"}, {"guid": "ynat-v1_train_00078", "title": "\ub3d9\ud0c42\uc2e0\ub3c4\uc2dc \ubd84\uc591\ud589\ubcf5\uc8fc\ud0dd \uac74\uc124\uc5d0 \ubbfc\uac04 \ucc38\uc5ec", "predefined_news_category": "\uacbd\uc81c", "label": "\uc0ac\ud68c", "annotations": {"annotators": ["03", "09", "18"], "annotations": {"first-scope": ["\uc0ac\ud68c", "\uacbd\uc81c", "\uc0ac\ud68c"], "second-scope": ["\ud574\ub2f9\uc5c6\uc74c", "\ud574\ub2f9\uc5c6\uc74c", "\ud574\ub2f9\uc5c6\uc74c"], "third-scope": ["\ud574\ub2f9\uc5c6\uc74c", "\ud574\ub2f9\uc5c6\uc74c", "\ud574\ub2f9\uc5c6\uc74c"]}}, "url": "https://news.naver.com/main/read.nhn?mode=LS2D&mid=shm&sid1=101&sid2=261&oid=001&aid=0008677426", "date": "2016.09.09. \uc624\ud6c4 3:46"}, {"guid": "ynat-v1_train_00079", "title": "\uac8c\uc2dc\ud310 KISA \uc81c17\ud68c KICT \uc815\ubcf4\ubcf4\ud638\ub300\uc0c1 21\uc77c\uae4c\uc9c0 \uc811\uc218", "predefined_news_category": "IT\uacfc\ud559", "label": "\uc0ac\ud68c", "annotations": {"annotators": ["14", "03", "02"], "annotations": {"first-scope": ["\uc0ac\ud68c", "\uc0ac\ud68c", "\uc0ac\ud68c"], "second-scope": ["\ud574\ub2f9\uc5c6\uc74c", "IT\uacfc\ud559", "\ud574\ub2f9\uc5c6\uc74c"], "third-scope": ["\ud574\ub2f9\uc5c6\uc74c", "\ud574\ub2f9\uc5c6\uc74c", "\ud574\ub2f9\uc5c6\uc74c"]}}, "url": "https://news.naver.com/main/read.nhn?mode=LS2D&mid=shm&sid1=105&sid2=230&oid=001&aid=0010371514", "date": "2018.10.01. \uc624\ud6c4 12:00"}]