[{"guid": "ynat-v1_train_00000", "title": "\uc720\ud29c\ube0c \ub0b4\ub2ec 2\uc77c\uae4c\uc9c0 \ud06c\ub9ac\uc5d0\uc774\ud130 \uc9c0\uc6d0 \uacf5\uac04 \uc6b4\uc601", "predefined_news_category": "IT\uacfc\ud559", "label": "\uc0dd\ud65c\ubb38\ud654", "annotations": {"annotators": ["08", "13", "07"], "annotations": {"first-scope": ["\uc0dd\ud65c\ubb38\ud654", "\uc0dd\ud65c\ubb38\ud654", "IT\uacfc\ud559"], "second-scope": ["IT\uacfc\ud559", "\ud574\ub2f9\uc5c6\uc74c", "\ud574\ub2f9\uc5c6\uc74c"], "third-scope": ["\ud574\ub2f9\uc5c6\uc74c", "\ud574\ub2f9\uc5c6\uc74c", "\ud574\ub2f9\uc5c6\uc74c"]}}, "url": "https://news.naver.com/main/read.nhn?mode=LS2D&mid=shm&sid1=105&sid2=227&oid=001&aid=0008508947", "date": "2016.06.30. \uc624\uc804 10:36"}, {"guid": "ynat-v1_train_00001", "title": "\uc5b4\ubc84\uc774\ub0a0 \ub9d1\ub2e4\uac00 \ud750\ub824\uc838\u2026\ub0a8\ubd80\uc9c0\ubc29 \uc605\uc740 \ud669\uc0ac", "predefined_news_category": "\uc0dd\ud65c\ubb38\ud654", "label": "\uc0dd\ud65c\ubb38\ud654", "annotations": {"annotators": ["14", "13", "07"], "annotations": {"first-scope": ["\uc0dd\ud65c\ubb38\ud654", "\uc0dd\ud65c\ubb38\ud654", "\uc0dd\ud65c\ubb38\ud654"], "second-scope": ["\ud574\ub2f9\uc5c6\uc74c", "\ud574\ub2f9\uc5c6\uc74c", "\ud574\ub2f9\uc5c6\uc74c"], "third-scope": ["\ud574\ub2f9\uc5c6\uc74c", "\ud574\ub2f9\uc5c6\uc74c", "\ud574\ub2f9\uc5c6\uc74c"]}}, "url": "https://news.naver.com/main/read.nhn?mode=LS2D&mid=shm&sid1=103&sid2=248&oid=001&aid=0008384783", "date": "2016.05.08. \uc624\uc804 5:25"}, {"guid": "ynat-v1_train_00002", "title": "\ub0b4\ub144\ubd80\ud130 \uad6d\uac00RD \ud3c9\uac00 \ub54c \ub17c\ubb38\uac74\uc218\ub294 \ubc18\uc601 \uc54a\ub294\ub2e4", "predefined_news_category": "IT\uacfc\ud559", "label": "\uc0ac\ud68c", "annotations": {"annotators": ["14", "13", "10"], "annotations": {"first-scope": ["\uc0ac\ud68c", "\uc0ac\ud68c", "\uc0ac\ud68c"], "second-scope": ["\ud574\ub2f9\uc5c6\uc74c", "\ud574\ub2f9\uc5c6\uc74c", "\ud574\ub2f9\uc5c6\uc74c"], "third-scope": ["\ud574\ub2f9\uc5c6\uc74c", "\ud574\ub2f9\uc5c6\uc74c", "\ud574\ub2f9\uc5c6\uc74c"]}}, "url": "https://news.naver.com/main/read.nhn?mode=LS2D&mid=shm&sid1=105&sid2=228&oid=001&aid=0008254585", "date": "2016.03.15. \uc624\ud6c4 12:00"}, {"guid": "ynat-v1_train_00003", "title": "\uae40\uba85\uc790 \uc2e0\uc784 \uacfc\ucd1d \ud68c\uc7a5 \uc6d0\ub85c\uc640 \uc80a\uc740 \uacfc\ud559\uc790 \uc9c0\ud61c \ubaa8\uc744 \uac83", "predefined_news_category": "IT\uacfc\ud559", "label": "\uc0ac\ud68c", "annotations": {"annotators": ["16", "11", "15"], "annotations": {"first-scope": ["\uc0ac\ud68c", "IT\uacfc\ud559", "\uc0ac\ud68c"], "second-scope": ["\ud574\ub2f9\uc5c6\uc74c", "\ud574\ub2f9\uc5c6\uc74c", "IT\uacfc\ud559"], "third-scope": ["\ud574\ub2f9\uc5c6\uc74c", "\ud574\ub2f9\uc5c6\uc74c", "\uacbd\uc81c"]}}, "url": "https://news.naver.com/main/read.nhn?mode=LS2D&mid=shm&sid1=105&sid2=228&oid=001&aid=0009070646", "date": "2017.02.28. \uc624\uc804 9:54"}, {"guid": "ynat-v1_train_00004", "title": "\ud68c\uc0c9\uc778\uac04 \uc791\uac00 \uae40\ub3d9\uc2dd \uc591\uc2ec\uace0\ubc31 \ub4f1 \uc0c8 \uc18c\uc124\uc9d1 2\uad8c \ucd9c\uac04", "predefined_news_category": "\uc0dd\ud65c\ubb38\ud654", "label": "\uc0dd\ud65c\ubb38\ud654", "annotations": {"annotators": ["03", "02", "12"], "annotations": {"first-scope": ["\uc0dd\ud65c\ubb38\ud654", "\uc0dd\ud65c\ubb38\ud654", "\uc0dd\ud65c\ubb38\ud654"], "second-scope": ["\ud574\ub2f9\uc5c6\uc74c", "\ud574\ub2f9\uc5c6\uc74c", "\ud574\ub2f9\uc5c6\uc74c"], "third-scope": ["\ud574\ub2f9\uc5c6\uc74c", "\ud574\ub2f9\uc5c6\uc74c", "\ud574\ub2f9\uc5c6\uc74c"]}}, "url": "https://news.naver.com/main/read.nhn?mode=LS2D&mid=shm&sid1=103&sid2=243&oid=001&aid=0009999529", "date": "2018.04.03. \uc624\uc804 7:05"}, {"guid": "ynat-v1_train_00005", "title": "\uc57c\uc678\uc11c \uc0dd\ubc29\uc1a1 \ud558\uc138\uc694\u2026\uc561\uc158\ucea0 \uc804\uc6a9 \uc694\uae08\uc81c \uc787\ub530\ub77c", "predefined_news_category": "IT\uacfc\ud559", "label": "IT\uacfc\ud559", "annotations": {"annotators": ["10", "16", "12"], "annotations": {"first-scope": ["\uacbd\uc81c", "IT\uacfc\ud559", "IT\uacfc\ud559"], "second-scope": ["\ud574\ub2f9\uc5c6\uc74c", "\uacbd\uc81c", "\ud574\ub2f9\uc5c6\uc74c"], "third-scope": ["\ud574\ub2f9\uc5c6\uc74c", "\ud574\ub2f9\uc5c6\uc74c", "\ud574\ub2f9\uc5c6\uc74c"]}}, "url": "https://news.naver.com/main/read.nhn?mode=LS2D&mid=shm&sid1=105&sid2=226&oid=001&aid=0008547867", "date": "2016.07.18. \uc624\uc804 9:46"}, {"guid": "ynat-v1_train_00006", "title": "\uc6d4\ub4dc\ucef5 \ud0dc\uadf9\uc804\uc0ac 16\uac15 \uc804\ucd08\uae30\uc9c0 \ub808\uc624\uac15 \uc785\uc131\uc885\ud569", "predefined_news_category": "\uc2a4\ud3ec\uce20", "label": "\uc2a4\ud3ec\uce20", "annotations": {"annotators": ["10", "02", "07"], "annotations": {"first-scope": ["\uc2a4\ud3ec\uce20", "\uc2a4\ud3ec\uce20", "\uc2a4\ud3ec\uce20"], "second-scope": ["\ud574\ub2f9\uc5c6\uc74c", "\ud574\ub2f9\uc5c6\uc74c", "\ud574\ub2f9\uc5c6\uc74c"], "third-scope": ["\ud574\ub2f9\uc5c6\uc74c", "\ud574\ub2f9\uc5c6\uc74c", "\ud574\ub2f9\uc5c6\uc74c"]}}, "url": "https://sports.news.naver.com/news.nhn?oid=001&aid=0010126131", "date": "2018.06.04 08:15"}, {"guid": "ynat-v1_train_00007", "title": "\ubbf8\uc138\uba3c\uc9c0 \uc18d \ucd9c\uadfc\uae38", "predefined_news_category": "\uc0ac\ud68c", "label": "\uc0dd\ud65c\ubb38\ud654", "annotations": {"annotators": ["03", "10", "09"], "annotations": {"first-scope": ["\uc0dd\ud65c\ubb38\ud654", "\uc0dd\ud65c\ubb38\ud654", "\uc0ac\ud68c"], "second-scope": ["\ud574\ub2f9\uc5c6\uc74c", "\ud574\ub2f9\uc5c6\uc74c", "\uc0dd\ud65c\ubb38\ud654"], "third-scope": ["\ud574\ub2f9\uc5c6\uc74c", "\ud574\ub2f9\uc5c6\uc74c", "\ud574\ub2f9\uc5c6\uc74c"]}}, "url": "https://news.naver.com/main/read.nhn?mode=LS2D&mid=shm&sid1=103&sid2=248&oid=001&aid=0009817982", "date": "2018.01.17. \uc624\uc804 10:14"}, {"guid": "ynat-v1_train_00008", "title": "\uc653\uce20\uc571\u7a05 230\uc6d0\uc5d0 \uc131\ub09c \ub808\ubc14\ub17c \ubbfc\uc2ec\u2026\ucd1d\ub9ac\uc0ac\ud1f4\ub85c \uc774\uc5b4\uc838\uc885\ud5692\ubcf4", "predefined_news_category": "\uc138\uacc4", "label": "\uc138\uacc4", "annotations": {"annotators": ["02", "07", "14"], "annotations": {"first-scope": ["\uc138\uacc4", "\uc138\uacc4", "\uc815\uce58"], "second-scope": ["\uc815\uce58", "\ud574\ub2f9\uc5c6\uc74c", "\uc0ac\ud68c"], "third-scope": ["\ud574\ub2f9\uc5c6\uc74c", "\ud574\ub2f9\uc5c6\uc74c", "\ud574\ub2f9\uc5c6\uc74c"]}}, "url": "https://news.naver.com/main/read.nhn?mode=LS2D&mid=shm&sid1=104&sid2=234&oid=001&aid=0011176999", "date": "2019.10.30. \uc624\uc804 4:17"}, {"guid": "ynat-v1_train_00009", "title": "\ubca0\ud2b8\ub0a8 \uacbd\uc81c \uace0\uc131\uc7a5 \uc9c0\uc18d\u20262\ubd84\uae30 GDP 6.71% \uc131\uc7a5", "predefined_news_category": "\uc138\uacc4", "label": "\uc138\uacc4", "annotations": {"annotators": ["14", "10", "02"], "annotations": {"first-scope": ["\uc138\uacc4", "\uacbd\uc81c", "\uc138\uacc4"], "second-scope": ["\uacbd\uc81c", "\ud574\ub2f9\uc5c6\uc74c", "\uacbd\uc81c"], "third-scope": ["\uc0ac\ud68c", "\ud574\ub2f9\uc5c6\uc74c", "\ud574\ub2f9\uc5c6\uc74c"]}}, "url": "https://news.naver.com/main/read.nhn?mode=LS2D&mid=shm&sid1=104&sid2=231&oid=001&aid=0010921012", "date": "2019.06.28. \uc624\ud6c4 5:42"}, {"guid": "ynat-v1_train_00010", "title": "\uadf8\ub9ac\uc2a4\uc11c \ud55c\uad6d\uc804 \ucc38\uc804 \uae30\ub150\uc2dd\u2026\ucc38\uc804\uc6a9\uc0ac \ud55c\ubc18\ub3c4 \ud3c9\ud654 \uae30\uc6d0", "predefined_news_category": "\uc138\uacc4", "label": "\uc138\uacc4", "annotations": {"annotators": ["02", "16", "08"], "annotations": {"first-scope": ["\uc138\uacc4", "\uc138\uacc4", "\uc2a4\ud3ec\uce20"], "second-scope": ["\uc0ac\ud68c", "\uc0dd\ud65c\ubb38\ud654", "\ud574\ub2f9\uc5c6\uc74c"], "third-scope": ["\ud574\ub2f9\uc5c6\uc74c", "\ud574\ub2f9\uc5c6\uc74c", "\ud574\ub2f9\uc5c6\uc74c"]}}, "url": "https://news.naver.com/main/read.nhn?mode=LS2D&mid=shm&sid1=104&sid2=233&oid=001&aid=0010913314", "date": "2019.06.26. \uc624\uc804 1:49"}, {"guid": "ynat-v1_train_00011", "title": "\uc815\uc9c4\uc11d \uc774\uc815\ud604 \ub2f9\ud604\uc2e4 \ub0c9\uc815\ud558\uac8c \ubd10\uc57c\u2026\ubb3c\ub7ec\ub098\ub294\uac8c \uc88b\ub2e4\uc885\ud569", "predefined_news_category": "\uc815\uce58", "label": "\uc815\uce58", "annotations": {"annotators": ["08", "14", "02"], "annotations": {"first-scope": ["\uc815\uce58", "\uc815\uce58", "\uc815\uce58"], "second-scope": ["\ud574\ub2f9\uc5c6\uc74c", "\ud574\ub2f9\uc5c6\uc74c", "\ud574\ub2f9\uc5c6\uc74c"], "third-scope": ["\ud574\ub2f9\uc5c6\uc74c", "\ud574\ub2f9\uc5c6\uc74c", "\ud574\ub2f9\uc5c6\uc74c"]}}, "url": "https://news.naver.com/main/read.nhn?mode=LS2D&mid=shm&sid1=100&sid2=269&oid=001&aid=0008803365", "date": "2016.11.05. \uc624\ud6c4 7:30"}, {"guid": "ynat-v1_train_00012", "title": "\u7f8e \ubca0\ub124\uc218\uc5d8\ub77c \uad6c\ud638\ud488 \ubc18\uc785 \ucd09\uad6c \uc548\ubcf4\ub9ac \uacb0\uc758 \ucd94\uc9c4", "predefined_news_category": "\uc138\uacc4", "label": "\uc138\uacc4", "annotations": {"annotators": ["18", "10", "12"], "annotations": {"first-scope": ["\uc138\uacc4", "\uc138\uacc4", "\uc138\uacc4"], "second-scope": ["\ud574\ub2f9\uc5c6\uc74c", "\ud574\ub2f9\uc5c6\uc74c", "\uc815\uce58"], "third-scope": ["\ud574\ub2f9\uc5c6\uc74c", "\ud574\ub2f9\uc5c6\uc74c", "\uc0ac\ud68c"]}}, "url": "https://news.naver.com/main/read.nhn?mode=LS2D&mid=shm&sid1=104&sid2=232&oid=001&aid=0010660664", "date": "2019.02.27. \uc624\uc804 8:21"}, {"guid": "ynat-v1_train_00013", "title": "\ud669\uc7ac\uade0 \uc410\uae30\ud0c0\u2026kt \uac08 \uae38 \ubc14\uc05c \uc0bc\uc131\uc5d0 \uace0\ucda7\uac00\ub8e8", "predefined_news_category": "\uc2a4\ud3ec\uce20", "label": "\uc2a4\ud3ec\uce20", "annotations": {"annotators": ["16", "14", "07"], "annotations": {"first-scope": ["\uc2a4\ud3ec\uce20", "\uc0ac\ud68c", "\uc2a4\ud3ec\uce20"], "second-scope": ["\ud574\ub2f9\uc5c6\uc74c", "\ud574\ub2f9\uc5c6\uc74c", "\ud574\ub2f9\uc5c6\uc74c"], "third-scope": ["\ud574\ub2f9\uc5c6\uc74c", "\ud574\ub2f9\uc5c6\uc74c", "\ud574\ub2f9\uc5c6\uc74c"]}}, "url": "https://sports.news.naver.com/news.nhn?oid=001&aid=0010345828", "date": "2018.09.16 17:28"}, {"guid": "ynat-v1_train_00014", "title": "\uc815\uc0c1\ud68c\ub2f4 D1 \u6587\ub300\ud1b5\ub839 \ucde8\uc784 \ud6c4 \ub0a8\ubd81\uad00\uacc4 \uc8fc\uc694 \uc77c\uc9c0", "predefined_news_category": "\uc815\uce58", "label": "\uc815\uce58", "annotations": {"annotators": ["13", "07", "16"], "annotations": {"first-scope": ["\uc815\uce58", "\uc815\uce58", "\uc815\uce58"], "second-scope": ["\ud574\ub2f9\uc5c6\uc74c", "\ud574\ub2f9\uc5c6\uc74c", "\ud574\ub2f9\uc5c6\uc74c"], "third-scope": ["\ud574\ub2f9\uc5c6\uc74c", "\ud574\ub2f9\uc5c6\uc74c", "\ud574\ub2f9\uc5c6\uc74c"]}}, "url": "https://news.naver.com/main/read.nhn?mode=LS2D&mid=shm&sid1=100&sid2=264&oid=001&aid=0010047604", "date": "2018.04.26. \uc624\uc804 7:01"}, {"guid": "ynat-v1_train_00015", "title": "LGU\uff0b 1\ubd84\uae30 \uc601\uc5c5\uc775 1\ucc9c706\uc5b5\uc6d0\u2026\ub9c8\ucf00\ud305 \ube44\uc6a9 \uac10\uc18c\uc885\ud569", "predefined_news_category": "IT\uacfc\ud559", "label": "\uacbd\uc81c", "annotations": {"annotators": ["02", "08", "12"], "annotations": {"first-scope": ["\uacbd\uc81c", "\uacbd\uc81c", "IT\uacfc\ud559"], "second-scope": ["\uc0ac\ud68c", "IT\uacfc\ud559", "\ud574\ub2f9\uc5c6\uc74c"], "third-scope": ["\ud574\ub2f9\uc5c6\uc74c", "\ud574\ub2f9\uc5c6\uc74c", "\ud574\ub2f9\uc5c6\uc74c"]}}, "url": "https://news.naver.com/main/read.nhn?mode=LS2D&mid=shm&sid1=105&sid2=227&oid=001&aid=0008363739", "date": "2016.04.27. \uc624\ud6c4 5:36"}, {"guid": "ynat-v1_train_00016", "title": "\ubc15\uc6d0\uc21c \uc2dc\uc7a5 \uc544\ubd80\ub2e4\ube44 \ub8e8\ube0c\ub974 \ubc15\ubb3c\uad00 \ubc29\ubb38", "predefined_news_category": "\uc138\uacc4", "label": "\uc815\uce58", "annotations": {"annotators": ["02", "11", "10"], "annotations": {"first-scope": ["\uc815\uce58", "\uc815\uce58", "\uc0dd\ud65c\ubb38\ud654"], "second-scope": ["\uc138\uacc4", "\uc0dd\ud65c\ubb38\ud654", "\ud574\ub2f9\uc5c6\uc74c"], "third-scope": ["\uc0dd\ud65c\ubb38\ud654", "\uc0ac\ud68c", "\ud574\ub2f9\uc5c6\uc74c"]}}, "url": "https://news.naver.com/main/read.nhn?mode=LS2D&mid=shm&sid1=104&sid2=234&oid=001&aid=0010800587", "date": "2019.05.02. \uc624\uc804 9:30"}, {"guid": "ynat-v1_train_00017", "title": "\ubc29\uc2ec\uc704 \uac15\ub989\uc11c \uace0\uc131 \uc0b0\ubd88\ud604\uc7a5\ucc98\ub7fc \ubcf4\ub3c4\ud55c KBS \uad00\uacc4\uc790 \uc9d5\uacc4", "predefined_news_category": "IT\uacfc\ud559", "label": "\uc0ac\ud68c", "annotations": {"annotators": ["03", "16", "10"], "annotations": {"first-scope": ["\uc0ac\ud68c", "\uc0ac\ud68c", "\uc0ac\ud68c"], "second-scope": ["\ud574\ub2f9\uc5c6\uc74c", "\ud574\ub2f9\uc5c6\uc74c", "\ud574\ub2f9\uc5c6\uc74c"], "third-scope": ["\ud574\ub2f9\uc5c6\uc74c", "\ud574\ub2f9\uc5c6\uc74c", "\ud574\ub2f9\uc5c6\uc74c"]}}, "url": "https://news.naver.com/main/read.nhn?mode=LS2D&mid=shm&sid1=105&sid2=230&oid=001&aid=0010850849", "date": "2019.05.27. \uc624\ud6c4 6:11"}, {"guid": "ynat-v1_train_00018", "title": "\ud30c\ud0a4\uc2a4\ud0c4 \uacbd\uc81c\ub09c \uc18d \uce74\ud0c0\ub974\uc11c 30\uc5b5 \ub2ec\ub7ec \ud22c\uc790 \uc720\uce58", "predefined_news_category": "\uc138\uacc4", "label": "\uc138\uacc4", "annotations": {"annotators": ["02", "07", "13"], "annotations": {"first-scope": ["\uc138\uacc4", "\uc138\uacc4", "\uc138\uacc4"], "second-scope": ["\uacbd\uc81c", "\uacbd\uc81c", "\uacbd\uc81c"], "third-scope": ["\ud574\ub2f9\uc5c6\uc74c", "\ud574\ub2f9\uc5c6\uc74c", "\ud574\ub2f9\uc5c6\uc74c"]}}, "url": "https://news.naver.com/main/read.nhn?mode=LS2D&mid=shm&sid1=104&sid2=231&oid=001&aid=0010912028", "date": "2019.06.25. \uc624\ud6c4 12:55"}, {"guid": "ynat-v1_train_00019", "title": "\uc77c\ubcf8 \uc608\uc0b0\ud33d\ucc3d\uc5d0 \uc7ac\uc815\uac74\uc804\uc131 \uc6b0\ub824\u2026\ub0b4\ub144\uc5d0 \uc7a5\uae30\ucc44\ubb34 GDP 2\ubc30", "predefined_news_category": "\uc138\uacc4", "label": "\uc138\uacc4", "annotations": {"annotators": ["14", "07", "13"], "annotations": {"first-scope": ["\uc138\uacc4", "\uc138\uacc4", "\uc138\uacc4"], "second-scope": ["\uacbd\uc81c", "\uacbd\uc81c", "\uc815\uce58"], "third-scope": ["\uc0ac\ud68c", "\ud574\ub2f9\uc5c6\uc74c", "\ud574\ub2f9\uc5c6\uc74c"]}}, "url": "https://news.naver.com/main/read.nhn?mode=LS2D&mid=shm&sid1=104&sid2=231&oid=001&aid=0011290659", "date": "2019.12.21. \uc624\ud6c4 2:22"}]