[{"guid": "ynat-v1_train_00000", "title": "\uc720\ud29c\ube0c \ub0b4\ub2ec 2\uc77c\uae4c\uc9c0 \ud06c\ub9ac\uc5d0\uc774\ud130 \uc9c0\uc6d0 \uacf5\uac04 \uc6b4\uc601", "predefined_news_category": "IT\uacfc\ud559", "label": "\uc0dd\ud65c\ubb38\ud654", "annotations": {"annotators": ["08", "13", "07"], "annotations": {"first-scope": ["\uc0dd\ud65c\ubb38\ud654", "\uc0dd\ud65c\ubb38\ud654", "IT\uacfc\ud559"], "second-scope": ["IT\uacfc\ud559", "\ud574\ub2f9\uc5c6\uc74c", "\ud574\ub2f9\uc5c6\uc74c"], "third-scope": ["\ud574\ub2f9\uc5c6\uc74c", "\ud574\ub2f9\uc5c6\uc74c", "\ud574\ub2f9\uc5c6\uc74c"]}}, "url": "https://news.naver.com/main/read.nhn?mode=LS2D&mid=shm&sid1=105&sid2=227&oid=001&aid=0008508947", "date": "2016.06.30. \uc624\uc804 10:36"}, {"guid": "ynat-v1_train_00001", "title": "\uc5b4\ubc84\uc774\ub0a0 \ub9d1\ub2e4\uac00 \ud750\ub824\uc838\u2026\ub0a8\ubd80\uc9c0\ubc29 \uc605\uc740 \ud669\uc0ac", "predefined_news_category": "\uc0dd\ud65c\ubb38\ud654", "label": "\uc0dd\ud65c\ubb38\ud654", "annotations": {"annotators": ["14", "13", "07"], "annotations": {"first-scope": ["\uc0dd\ud65c\ubb38\ud654", "\uc0dd\ud65c\ubb38\ud654", "\uc0dd\ud65c\ubb38\ud654"], "second-scope": ["\ud574\ub2f9\uc5c6\uc74c", "\ud574\ub2f9\uc5c6\uc74c", "\ud574\ub2f9\uc5c6\uc74c"], "third-scope": ["\ud574\ub2f9\uc5c6\uc74c", "\ud574\ub2f9\uc5c6\uc74c", "\ud574\ub2f9\uc5c6\uc74c"]}}, "url": "https://news.naver.com/main/read.nhn?mode=LS2D&mid=shm&sid1=103&sid2=248&oid=001&aid=0008384783", "date": "2016.05.08. \uc624\uc804 5:25"}, {"guid": "ynat-v1_train_00002", "title": "\ub0b4\ub144\ubd80\ud130 \uad6d\uac00RD \ud3c9\uac00 \ub54c \ub17c\ubb38\uac74\uc218\ub294 \ubc18\uc601 \uc54a\ub294\ub2e4", "predefined_news_category": "IT\uacfc\ud559", "label": "\uc0ac\ud68c", "annotations": {"annotators": ["14", "13", "10"], "annotations": {"first-scope": ["\uc0ac\ud68c", "\uc0ac\ud68c", "\uc0ac\ud68c"], "second-scope": ["\ud574\ub2f9\uc5c6\uc74c", "\ud574\ub2f9\uc5c6\uc74c", "\ud574\ub2f9\uc5c6\uc74c"], "third-scope": ["\ud574\ub2f9\uc5c6\uc74c", "\ud574\ub2f9\uc5c6\uc74c", "\ud574\ub2f9\uc5c6\uc74c"]}}, "url": "https://news.naver.com/main/read.nhn?mode=LS2D&mid=shm&sid1=105&sid2=228&oid=001&aid=0008254585", "date": "2016.03.15. \uc624\ud6c4 12:00"}, {"guid": "ynat-v1_train_00003", "title": "\uae40\uba85\uc790 \uc2e0\uc784 \uacfc\ucd1d \ud68c\uc7a5 \uc6d0\ub85c\uc640 \uc80a\uc740 \uacfc\ud559\uc790 \uc9c0\ud61c \ubaa8\uc744 \uac83", "predefined_news_category": "IT\uacfc\ud559", "label": "\uc0ac\ud68c", "annotations": {"annotators": ["16", "11", "15"], "annotations": {"first-scope": ["\uc0ac\ud68c", "IT\uacfc\ud559", "\uc0ac\ud68c"], "second-scope": ["\ud574\ub2f9\uc5c6\uc74c", "\ud574\ub2f9\uc5c6\uc74c", "IT\uacfc\ud559"], "third-scope": ["\ud574\ub2f9\uc5c6\uc74c", "\ud574\ub2f9\uc5c6\uc74c", "\uacbd\uc81c"]}}, "url": "https://news.naver.com/main/read.nhn?mode=LS2D&mid=shm&sid1=105&sid2=228&oid=001&aid=0009070646", "date": "2017.02.28. \uc624\uc804 9:54"}, {"guid": "ynat-v1_train_00004", "title": "\ud68c\uc0c9\uc778\uac04 \uc791\uac00 \uae40\ub3d9\uc2dd \uc591\uc2ec\uace0\ubc31 \ub4f1 \uc0c8 \uc18c\uc124\uc9d1 2\uad8c \ucd9c\uac04", "predefined_news_category": "\uc0dd\ud65c\ubb38\ud654", "label": "\uc0dd\ud65c\ubb38\ud654", "annotations": {"annotators": ["03", "02", "12"], "annotations": {"first-scope": ["\uc0dd\ud65c\ubb38\ud654", "\uc0dd\ud65c\ubb38\ud654", "\uc0dd\ud65c\ubb38\ud654"], "second-scope": ["\ud574\ub2f9\uc5c6\uc74c", "\ud574\ub2f9\uc5c6\uc74c", "\ud574\ub2f9\uc5c6\uc74c"], "third-scope": ["\ud574\ub2f9\uc5c6\uc74c", "\ud574\ub2f9\uc5c6\uc74c", "\ud574\ub2f9\uc5c6\uc74c"]}}, "url": "https://news.naver.com/main/read.nhn?mode=LS2D&mid=shm&sid1=103&sid2=243&oid=001&aid=0009999529", "date": "2018.04.03. \uc624\uc804 7:05"}]