Um avião está a descolar.,Um avião aéreo está a descolar.,5.0
Um homem está a tocar uma grande flauta.,Um homem está a tocar uma flauta.,3.8
Um homem está a espalhar queijo desfiado numa pizza.,Um homem está a espalhar queijo desfiado sobre uma pizza não cozida.,3.8
Três homens estão a jogar xadrez.,Dois homens estão a jogar xadrez.,2.6
Um homem está a tocar violoncelo.,Um homem sentado está a tocar violoncelo.,4.25
Alguns homens estão a lutar.,Dois homens estão a lutar.,4.25
Um homem está a fumar.,Um homem está a patinar.,0.5
O homem está a tocar piano.,O homem está a tocar a guitarra.,1.6
Um homem está a tocar numa guitarra e a cantar.,Uma mulher está a tocar uma guitarra acústica e a cantar.,2.2
