<benchmark>
  <entries>
    <entry category="University" eid="Id1" shape="(X (X) (X) (X) (X) (X) (X))" shape_type="sibling" size="6">
      <originaltripleset>
        <otriple>1_Decembrie_1918_University,_Alba_Iulia | nickname | Uab</otriple>
        <otriple>1_Decembrie_1918_University,_Alba_Iulia | rector | "Breaz Valer Daniel"@en</otriple>
        <otriple>1_Decembrie_1918_University,_Alba_Iulia | city | Alba_Iulia</otriple>
        <otriple>1_Decembrie_1918_University,_Alba_Iulia | latinName | "Universitas Apulensis"@en</otriple>
        <otriple>1_Decembrie_1918_University,_Alba_Iulia | country | Romania</otriple>
        <otriple>1_Decembrie_1918_University,_Alba_Iulia | state | Alba</otriple>
      </originaltripleset>
      <modifiedtripleset>
        <mtriple>1_Decembrie_1918_University | nickname | Uab</mtriple>
        <mtriple>1_Decembrie_1918_University | rector | "Breaz Valer Daniel"</mtriple>
        <mtriple>1_Decembrie_1918_University | city | Alba_Iulia</mtriple>
        <mtriple>1_Decembrie_1918_University | latinName | "Universitas Apulensis"</mtriple>
        <mtriple>1_Decembrie_1918_University | country | Romania</mtriple>
        <mtriple>1_Decembrie_1918_University | state | Alba</mtriple>
      </modifiedtripleset>
      <lex comment="good" lid="Id1">The 1 Decembrie 1918 University is located in Alba Iulia, Alba, Romania. Its Latun name is "Universitas Apulensis" and its nickname is "Uab". Its rectore is Breaz Valer Daniel.</lex>
      <lex comment="good" lid="Id2">The rector of the 1 Decembrie 1918 University in Alba Iulia, Alba, Romania, is Breaz Valer Daniel. The latin name of the University is "Universitas Apulensis" and it is known by the nickname Uab.</lex>
      <lex comment="good" lid="Id3">The 1 Decembrie 1918 University is located in Alba Iulia, Alba, Romania. Its Latin name is "Universitas Apulensis," its rector is "Breaz Valer Daniel," and its nickname is Uab.</lex>
    </entry>
    </entries>
</benchmark>