<benchmark>
  <entries>
    <entry category="Politician" eid="Id1" size="5">
      <originaltripleset>
        <otriple>Ab_Klink | almaMater | Erasmus_University_Rotterdam</otriple>
        <otriple>Netherlands | currency | Euro</otriple>
        <otriple>Erasmus_University_Rotterdam | affiliations | Association_of_MBAs</otriple>
        <otriple>Ab_Klink | birthPlace | Stellendam</otriple>
        <otriple>Ab_Klink | nationality | Netherlands</otriple>
      </originaltripleset>
      <originaltripleset>
        <otriple>Ab_Klink | almaMater | Erasmus_University_Rotterdam</otriple>
        <otriple>Erasmus_University_Rotterdam | affiliation | Association_of_MBAs</otriple>
        <otriple>Netherlands | currency | Euro</otriple>
        <otriple>Ab_Klink | birthPlace | Stellendam</otriple>
        <otriple>Ab_Klink | nationality | Netherlands</otriple>
      </originaltripleset>
      <modifiedtripleset>
        <mtriple>Ab_Klink | almaMater | Erasmus_University_Rotterdam</mtriple>
        <mtriple>Erasmus_University_Rotterdam | affiliation | Association_of_MBAs</mtriple>
        <mtriple>Netherlands | currency | Euro</mtriple>
        <mtriple>Ab_Klink | birthPlace | Stellendam</mtriple>
        <mtriple>Ab_Klink | nationality | Netherlands</mtriple>
      </modifiedtripleset>
      <lex comment="good" lid="Id1">Ab Klink of Netherlands was born in Stellendam and attended Erasmus University in Rotterdam which is affiliated with the Association of MBAs. Netherlands uses the Euro as its currency.</lex>
      <lex comment="good" lid="Id2">Ab Klink was born in Stellendam in Netherlands which uses the Euro as its currency. He attended Erasmus University in Rotterdam which is affiliated with the Association of MBAs.</lex>
      <lex comment="good" lid="Id3">Erasmus University Rotterdam (Assoc. of MBA's) alum and Netherland national Ab Klink was born in Stellendam. The Euro is the Netherlands currency.</lex>
    </entry>
    </entries>
</benchmark>