<benchmark>
  <entries>
    <entry category="SportsTeam" eid="Id1" size="5">
      <originaltripleset>
        <otriple>A.C._Lumezzane | ground | Italy</otriple>
        <otriple>Italy | capital | Rome</otriple>
        <otriple>Italy | language | Italian_language</otriple>
        <otriple>Italy | leader | Pietro_Grasso</otriple>
        <otriple>Italy | demonym | Italians</otriple>
      </originaltripleset>
      <originaltripleset>
        <otriple>A.C._Lumezzane | ground | Italy</otriple>
        <otriple>Italy | capital | Rome</otriple>
        <otriple>Italy | language | Italian_language</otriple>
        <otriple>Italy | leaderName | Pietro_Grasso</otriple>
        <otriple>Italy | demonym | Italians</otriple>
      </originaltripleset>
      <modifiedtripleset>
        <mtriple>A.C._Lumezzane | ground | Italy</mtriple>
        <mtriple>Italy | capital | Rome</mtriple>
        <mtriple>Italy | language | Italian_language</mtriple>
        <mtriple>Italy | leader | Pietro_Grasso</mtriple>
        <mtriple>Italy | demonym | Italians</mtriple>
      </modifiedtripleset>
      <lex comment="good" lid="Id1">A.C. Lumezzane's ground is in Italy where Pietro Grasso leads the Italian people. The capital of the country is Rome and the Italian language is spoken.</lex>
      <lex comment="good" lid="Id2">A.C. Lumezzane's ground is in Italy where the Italian language is spoken by the inhabitants who are known as Italians. The leader of the country is Pietro Grasso and the capital city is Rome.</lex>
      <lex comment="good" lid="Id3">The Italian people are led by Pietro Grasso and speak the Italian language. The capital city is Rome and the AC Lumezzane club play in the country.</lex>
    </entry>
    </entries>
</benchmark>