[{"relationships": [{"predicate": "ON", "object": {"name": "street", "h": 262, "object_id": 5046, "synsets": ["street.n.01"], "w": 714, "y": 328, "x": 77}, "relationship_id": 15927, "synsets": ["along.r.01"], "subject": {"name": "shade", "h": 192, "object_id": 5045, "synsets": ["shade.n.01"], "w": 274, "y": 338, "x": 119}}, {"predicate": "wears", "object": {"name": "sneakers", "h": 26, "object_id": 5048, "synsets": ["gym_shoe.n.01"], "w": 52, "y": 489, "x": 243}, "relationship_id": 15928, "synsets": ["wear.v.01"], "subject": {"name": "man", "h": 262, "object_id": 1058529, "synsets": ["man.n.01"], "w": 60, "y": 249, "x": 238}}, {"predicate": "has", "object": {"name": "headlight", "h": 15, "object_id": 5050, "synsets": ["headlight.n.01"], "w": 23, "y": 366, "x": 514}, "relationship_id": 15929, "synsets": ["have.v.01"], "subject": {"name": "car", "h": 98, "object_id": 5049, "synsets": ["car.n.01"], "w": 74, "y": 315, "x": 479}}, {"predicate": "ON", "object": {"name": "building", "h": 536, "object_id": 1058508, "synsets": ["building.n.01"], "w": 218, "y": 2, "x": 1}, "relationship_id": 15930, "synsets": ["along.r.01"], "subject": {"name": "sign", "h": 182, "object_id": 1058507, "synsets": ["sign.n.02"], "w": 88, "y": 13, "x": 118}}, {"predicate": "ON", "object": {"name": "sidewalk", "h": 266, "object_id": 1058534, "synsets": ["sidewalk.n.01"], "w": 722, "y": 331, "x": 77}, "relationship_id": 15931, "synsets": ["along.r.01"], "subject": {"name": "tree trunk", "h": 327, "object_id": 5055, "synsets": ["trunk.n.01"], "w": 87, "y": 234, "x": 622}}, {"predicate": "has", "object": {"name": "shirt", "h": 101, "object_id": 1058511, "synsets": ["shirt.n.01"], "w": 59, "y": 289, "x": 241}, "relationship_id": 15932, "synsets": ["have.v.01"], "subject": {"name": "man", "h": 262, "object_id": 1058529, "synsets": ["man.n.01"], "w": 60, "y": 249, "x": 238}}, {"predicate": "next to", "object": {"name": "street", "h": 233, "object_id": 1058539, "synsets": ["street.n.01"], "w": 440, "y": 283, "x": 358}, "relationship_id": 15933, "synsets": ["next.r.01"], "subject": {"name": "sidewalk", "h": 266, "object_id": 1058534, "synsets": ["sidewalk.n.01"], "w": 722, "y": 331, "x": 77}}, {"predicate": "has", "object": {"name": "back", "h": 170, "object_id": 5060, "synsets": ["back.n.01"], "w": 67, "y": 339, "x": 721}, "relationship_id": 15934, "synsets": ["have.v.01"], "subject": {"name": "car", "h": 174, "object_id": 1058515, "synsets": ["car.n.01"], "w": 91, "y": 342, "x": 708}}, {"predicate": "has", "object": {"name": "glasses", "h": 12, "object_id": 1058518, "synsets": ["spectacles.n.01"], "w": 20, "y": 268, "x": 271}, "relationship_id": 15935, "synsets": ["have.v.01"], "subject": {"name": "man", "h": 262, "object_id": 1058529, "synsets": ["man.n.01"], "w": 60, "y": 249, "x": 238}}, {"predicate": "ON", "object": {"name": "sidewalk", "h": 266, "object_id": 1058534, "synsets": ["sidewalk.n.01"], "w": 722, "y": 331, "x": 77}, "relationship_id": 15936, "synsets": ["along.r.01"], "subject": {"name": "parking meter", "h": 143, "object_id": 1058519, "synsets": ["parking_meter.n.01"], "w": 32, "y": 327, "x": 574}}, {"predicate": "wears", "object": {"name": "sneakers", "h": 26, "object_id": 5048, "synsets": ["gym_shoe.n.01"], "w": 52, "y": 489, "x": 243}, "relationship_id": 15937, "synsets": ["wear.v.01"], "subject": {"name": "man", "h": 262, "object_id": 1058529, "synsets": ["man.n.01"], "w": 60, "y": 249, "x": 238}}, {"predicate": "has", "object": {"name": "shoes", "h": 34, "object_id": 1058525, "synsets": ["shoe.n.01"], "w": 46, "y": 481, "x": 391}, "relationship_id": 15938, "synsets": ["have.v.01"], "subject": {"name": "man", "h": 251, "object_id": 1058532, "synsets": ["man.n.01"], "w": 75, "y": 264, "x": 372}}, {"predicate": "has", "object": {"name": "shirt", "h": 101, "object_id": 1058511, "synsets": ["shirt.n.01"], "w": 59, "y": 289, "x": 241}, "relationship_id": 15939, "synsets": ["have.v.01"], "subject": {"name": "man", "h": 262, "object_id": 1058529, "synsets": ["man.n.01"], "w": 60, "y": 249, "x": 238}}, {"predicate": "wears", "object": {"name": "pants", "h": 118, "object_id": 1058528, "synsets": ["trouser.n.01"], "w": 38, "y": 384, "x": 245}, "relationship_id": 15940, "synsets": ["wear.v.01"], "subject": {"name": "man", "h": 262, "object_id": 1058529, "synsets": ["man.n.01"], "w": 60, "y": 249, "x": 238}}, {"predicate": "has", "object": {"name": "jacket", "h": 97, "object_id": 1058530, "synsets": ["jacket.n.01"], "w": 89, "y": 296, "x": 356}, "relationship_id": 15941, "synsets": ["have.v.01"], "subject": {"name": "man", "h": 251, "object_id": 1058532, "synsets": ["man.n.01"], "w": 75, "y": 264, "x": 372}}, {"predicate": "has", "object": {"name": "pants", "h": 128, "object_id": 1058531, "synsets": ["trouser.n.01"], "w": 54, "y": 369, "x": 382}, "relationship_id": 15942, "synsets": ["have.v.01"], "subject": {"name": "man", "h": 251, "object_id": 1058532, "synsets": ["man.n.01"], "w": 75, "y": 264, "x": 372}}, {"predicate": "parked on", "object": {"name": "sidewalk", "h": 266, "object_id": 1058534, "synsets": ["sidewalk.n.01"], "w": 722, "y": 331, "x": 77}, "relationship_id": 15943, "synsets": ["along.r.01"], "subject": {"name": "bike", "h": 34, "object_id": 5051, "synsets": ["bicycle.n.01"], "w": 28, "y": 319, "x": 318}}, {"predicate": "parked on", "object": {"name": "sidewalk", "h": 266, "object_id": 1058534, "synsets": ["sidewalk.n.01"], "w": 722, "y": 331, "x": 77}, "relationship_id": 15944, "synsets": ["along.r.01"], "subject": {"name": "bike", "h": 35, "object_id": 1058535, "synsets": ["bicycle.n.01"], "w": 29, "y": 319, "x": 334}}, {"predicate": "parked on", "object": {"name": "street", "h": 233, "object_id": 1058539, "synsets": ["street.n.01"], "w": 440, "y": 283, "x": 358}, "relationship_id": 15945, "synsets": ["along.r.01"], "subject": {"name": "work truck", "h": 185, "object_id": 1058536, "synsets": [], "w": 265, "y": 271, "x": 521}}, {"predicate": "parked on", "object": {"name": "street", "h": 233, "object_id": 1058539, "synsets": ["street.n.01"], "w": 440, "y": 283, "x": 358}, "relationship_id": 15946, "synsets": ["along.r.01"], "subject": {"name": "car", "h": 174, "object_id": 1058515, "synsets": ["car.n.01"], "w": 91, "y": 342, "x": 708}}, {"predicate": "ON", "object": {"name": "sidewalk", "h": 189, "object_id": 3798575, "synsets": ["sidewalk.n.01"], "w": 50, "y": 318, "x": 343}, "relationship_id": 4265923, "synsets": ["along.r.01"], "subject": {"name": "bike", "h": 35, "object_id": 1058535, "synsets": ["bicycle.n.01"], "w": 29, "y": 319, "x": 334}}, {"predicate": "behind", "object": {"name": "man", "h": 251, "object_id": 1058532, "synsets": ["man.n.01"], "w": 75, "y": 264, "x": 372}, "relationship_id": 3186256, "synsets": ["behind.r.01"], "subject": {"name": "parking meter", "h": 143, "object_id": 1058519, "synsets": ["parking_meter.n.01"], "w": 32, "y": 327, "x": 574}}, {"predicate": "holding", "object": {"name": "chin", "h": 9, "object_id": 1058541, "synsets": ["chin.n.01"], "w": 11, "y": 288, "x": 399}, "relationship_id": 3186257, "synsets": ["have.v.01"], "subject": {"name": "guy", "h": 250, "object_id": 1058540, "synsets": ["guy.n.01"], "w": 82, "y": 264, "x": 369}}, {"predicate": "WEARING", "object": {"name": "shirt", "h": 101, "object_id": 1058511, "synsets": ["shirt.n.01"], "w": 59, "y": 289, "x": 241}, "relationship_id": 3186258, "synsets": ["wear.v.01"], "subject": {"name": "man", "h": 262, "object_id": 1058529, "synsets": ["man.n.01"], "w": 60, "y": 249, "x": 238}}, {"predicate": "holding", "object": {"name": "chin", "h": 9, "object_id": 1058541, "synsets": ["chin.n.01"], "w": 11, "y": 288, "x": 399}, "relationship_id": 3186259, "synsets": ["have.v.01"], "subject": {"name": "man", "h": 251, "object_id": 1058532, "synsets": ["man.n.01"], "w": 75, "y": 264, "x": 372}}, {"predicate": "near", "object": {"name": "tree", "h": 360, "object_id": 1058545, "synsets": ["tree.n.01"], "w": 176, "y": 0, "x": 249}, "relationship_id": 3186260, "synsets": ["about.r.07"], "subject": {"name": "bikes", "h": 35, "object_id": 1058544, "synsets": ["bicycle.n.01"], "w": 40, "y": 319, "x": 321}}, {"predicate": "WEARING", "object": {"name": "shoes", "h": 34, "object_id": 1058525, "synsets": ["shoe.n.01"], "w": 46, "y": 481, "x": 391}, "relationship_id": 3186261, "synsets": ["wear.v.01"], "subject": {"name": "man", "h": 251, "object_id": 1058532, "synsets": ["man.n.01"], "w": 75, "y": 264, "x": 372}}, {"predicate": "near", "object": {"name": "tree", "h": 360, "object_id": 1058545, "synsets": ["tree.n.01"], "w": 176, "y": 0, "x": 249}, "relationship_id": 3186262, "synsets": ["about.r.07"], "subject": {"name": "bikes", "h": 35, "object_id": 1058544, "synsets": ["bicycle.n.01"], "w": 40, "y": 319, "x": 321}}, {"predicate": "ON", "object": {"name": "man", "h": 262, "object_id": 1058529, "synsets": ["man.n.01"], "w": 60, "y": 249, "x": 238}, "relationship_id": 3186263, "synsets": ["along.r.01"], "subject": {"name": "shirt", "h": 101, "object_id": 1058511, "synsets": ["shirt.n.01"], "w": 59, "y": 289, "x": 241}}, {"predicate": "holding", "object": {"name": "chin", "h": 9, "object_id": 1058541, "synsets": ["chin.n.01"], "w": 11, "y": 288, "x": 399}, "relationship_id": 4265924, "synsets": ["have.v.01"], "subject": {"name": "man", "h": 248, "object_id": 3798576, "synsets": ["man.n.01"], "w": 97, "y": 264, "x": 362}}, {"predicate": "WEARING", "object": {"name": "glasses", "h": 12, "object_id": 1058518, "synsets": ["spectacles.n.01"], "w": 20, "y": 268, "x": 271}, "relationship_id": 4265925, "synsets": ["wear.v.01"], "subject": {"name": "man", "h": 264, "object_id": 3798577, "synsets": ["man.n.01"], "w": 72, "y": 251, "x": 230}}, {"predicate": "along", "object": {"name": "road", "h": 218, "object_id": 3798578, "synsets": ["road.n.01"], "w": 340, "y": 295, "x": 435}, "relationship_id": 4265926, "synsets": ["along.r.01"], "subject": {"name": "lamp post", "h": 430, "object_id": 1058548, "synsets": [], "w": 41, "y": 63, "x": 537}}, {"predicate": "IN", "object": {"name": "shirt", "h": 101, "object_id": 1058511, "synsets": ["shirt.n.01"], "w": 59, "y": 289, "x": 241}, "relationship_id": 3186264, "synsets": ["in.r.01"], "subject": {"name": "man", "h": 262, "object_id": 1058529, "synsets": ["man.n.01"], "w": 60, "y": 249, "x": 238}}, {"predicate": "WEARING", "object": {"name": "pants", "h": 118, "object_id": 1058528, "synsets": ["trouser.n.01"], "w": 38, "y": 384, "x": 245}, "relationship_id": 3186265, "synsets": ["wear.v.01"], "subject": {"name": "man", "h": 262, "object_id": 1058529, "synsets": ["man.n.01"], "w": 60, "y": 249, "x": 238}}, {"predicate": "on top of", "object": {"name": "street", "h": 233, "object_id": 1058539, "synsets": ["street.n.01"], "w": 440, "y": 283, "x": 358}, "relationship_id": 3186266, "synsets": ["along.r.01"], "subject": {"name": "parking meter", "h": 143, "object_id": 1058519, "synsets": ["parking_meter.n.01"], "w": 32, "y": 327, "x": 574}}, {"predicate": "next to", "object": {"name": "street", "h": 233, "object_id": 1058539, "synsets": ["street.n.01"], "w": 440, "y": 283, "x": 358}, "relationship_id": 3186267, "synsets": ["next.r.01"], "subject": {"name": "tree", "h": 360, "object_id": 1058545, "synsets": ["tree.n.01"], "w": 176, "y": 0, "x": 249}}, {"predicate": "WEARING", "object": {"name": "glasses", "h": 12, "object_id": 1058518, "synsets": ["spectacles.n.01"], "w": 20, "y": 268, "x": 271}, "relationship_id": 3186268, "synsets": ["wear.v.01"], "subject": {"name": "man", "h": 262, "object_id": 1058529, "synsets": ["man.n.01"], "w": 60, "y": 249, "x": 238}}, {"predicate": "behind", "object": {"name": "man", "h": 262, "object_id": 1058529, "synsets": ["man.n.01"], "w": 60, "y": 249, "x": 238}, "relationship_id": 3186269, "synsets": ["behind.r.01"], "subject": {"name": "bikes", "h": 35, "object_id": 1058544, "synsets": ["bicycle.n.01"], "w": 40, "y": 319, "x": 321}}, {"predicate": "by", "object": {"name": "sidewalk", "h": 266, "object_id": 1058534, "synsets": ["sidewalk.n.01"], "w": 722, "y": 331, "x": 77}, "relationship_id": 3186270, "synsets": ["by.r.01"], "subject": {"name": "trees", "h": 557, "object_id": 1058549, "synsets": ["tree.n.01"], "w": 606, "y": 0, "x": 190}}, {"predicate": "WEARING", "object": {"name": "jacket", "h": 97, "object_id": 1058530, "synsets": ["jacket.n.01"], "w": 89, "y": 296, "x": 356}, "relationship_id": 3186271, "synsets": ["wear.v.01"], "subject": {"name": "man", "h": 251, "object_id": 1058532, "synsets": ["man.n.01"], "w": 75, "y": 264, "x": 372}}, {"predicate": "with", "object": {"name": "windows", "h": 148, "object_id": 3798579, "synsets": ["window.n.01"], "w": 173, "y": 4, "x": 602}, "relationship_id": 4265927, "synsets": [], "subject": {"name": "building", "h": 536, "object_id": 1058508, "synsets": ["building.n.01"], "w": 218, "y": 2, "x": 1}}], "image_id": 1}, {"relationships": [{"predicate": "wears", "object": {"name": "backpack", "h": 81, "object_id": 5071, "synsets": ["backpack.n.01"], "w": 72, "y": 362, "x": 359}, "relationship_id": 15947, "synsets": ["wear.v.01"], "subject": {"name": "man", "h": 255, "object_id": 1023838, "synsets": ["man.n.01"], "w": 142, "y": 320, "x": 324}}, {"predicate": "parked on", "object": {"name": "road", "h": 279, "object_id": 1023841, "synsets": ["road.n.01"], "w": 372, "y": 321, "x": 3}, "relationship_id": 15948, "synsets": ["along.r.01"], "subject": {"name": "car", "h": 126, "object_id": 1023836, "synsets": ["car.n.01"], "w": 136, "y": 347, "x": 239}}, {"predicate": "next to", "object": {"name": "road", "h": 279, "object_id": 1023841, "synsets": ["road.n.01"], "w": 372, "y": 321, "x": 3}, "relationship_id": 15949, "synsets": ["next.r.01"], "subject": {"name": "tree", "h": 223, "object_id": 5074, "synsets": ["tree.n.01"], "w": 73, "y": 146, "x": 0}}, {"predicate": "next to", "object": {"name": "road", "h": 279, "object_id": 1023841, "synsets": ["road.n.01"], "w": 372, "y": 321, "x": 3}, "relationship_id": 15950, "synsets": ["next.r.01"], "subject": {"name": "tree", "h": 201, "object_id": 5075, "synsets": ["tree.n.01"], "w": 61, "y": 155, "x": 58}}, {"predicate": "next to", "object": {"name": "road", "h": 279, "object_id": 1023841, "synsets": ["road.n.01"], "w": 372, "y": 321, "x": 3}, "relationship_id": 15951, "synsets": ["next.r.01"], "subject": {"name": "tree", "h": 163, "object_id": 5076, "synsets": ["tree.n.01"], "w": 83, "y": 195, "x": 110}}, {"predicate": "in front of", "object": {"name": "man", "h": 255, "object_id": 1023838, "synsets": ["man.n.01"], "w": 142, "y": 320, "x": 324}, "relationship_id": 15952, "synsets": ["in.r.01"], "subject": {"name": "crosswalk", "h": 107, "object_id": 5077, "synsets": ["crossing.n.05"], "w": 366, "y": 492, "x": 0}}, {"predicate": "has", "object": {"name": "window", "h": 179, "object_id": 5080, "synsets": ["window.n.01"], "w": 99, "y": 60, "x": 645}, "relationship_id": 15953, "synsets": ["have.v.01"], "subject": {"name": "building", "h": 384, "object_id": 1023819, "synsets": ["building.n.01"], "w": 251, "y": 4, "x": 547}}, {"predicate": "has", "object": {"name": "window", "h": 159, "object_id": 5081, "synsets": ["window.n.01"], "w": 57, "y": 71, "x": 742}, "relationship_id": 15954, "synsets": ["have.v.01"], "subject": {"name": "building", "h": 384, "object_id": 1023819, "synsets": ["building.n.01"], "w": 251, "y": 4, "x": 547}}, {"predicate": "has", "object": {"name": "window", "h": 114, "object_id": 5082, "synsets": ["window.n.01"], "w": 105, "y": 259, "x": 644}, "relationship_id": 15955, "synsets": ["have.v.01"], "subject": {"name": "building", "h": 384, "object_id": 1023819, "synsets": ["building.n.01"], "w": 251, "y": 4, "x": 547}}, {"predicate": "has", "object": {"name": "window", "h": 108, "object_id": 5083, "synsets": ["window.n.01"], "w": 52, "y": 259, "x": 746}, "relationship_id": 15956, "synsets": ["have.v.01"], "subject": {"name": "building", "h": 384, "object_id": 1023819, "synsets": ["building.n.01"], "w": 251, "y": 4, "x": 547}}, {"predicate": "has", "object": {"name": "window", "h": 179, "object_id": 5084, "synsets": ["window.n.01"], "w": 26, "y": 64, "x": 628}, "relationship_id": 15957, "synsets": ["have.v.01"], "subject": {"name": "building", "h": 384, "object_id": 1023819, "synsets": ["building.n.01"], "w": 251, "y": 4, "x": 547}}, {"predicate": "parked on", "object": {"name": "road", "h": 279, "object_id": 1023841, "synsets": ["road.n.01"], "w": 372, "y": 321, "x": 3}, "relationship_id": 15958, "synsets": ["along.r.01"], "subject": {"name": "car", "h": 76, "object_id": 5085, "synsets": ["car.n.01"], "w": 86, "y": 327, "x": 346}}, {"predicate": "next to", "object": {"name": "road", "h": 279, "object_id": 1023841, "synsets": ["road.n.01"], "w": 372, "y": 321, "x": 3}, "relationship_id": 15959, "synsets": ["next.r.01"], "subject": {"name": "sign", "h": 67, "object_id": 1023823, "synsets": ["sign.n.02"], "w": 22, "y": 287, "x": 230}}, {"predicate": "along", "object": {"name": "road", "h": 279, "object_id": 1023841, "synsets": ["road.n.01"], "w": 372, "y": 321, "x": 3}, "relationship_id": 15960, "synsets": ["along.r.01"], "subject": {"name": "tree", "h": 223, "object_id": 5074, "synsets": ["tree.n.01"], "w": 73, "y": 146, "x": 0}}, {"predicate": "along", "object": {"name": "road", "h": 279, "object_id": 1023841, "synsets": ["road.n.01"], "w": 372, "y": 321, "x": 3}, "relationship_id": 15961, "synsets": ["along.r.01"], "subject": {"name": "tree", "h": 201, "object_id": 5075, "synsets": ["tree.n.01"], "w": 61, "y": 155, "x": 58}}, {"predicate": "along", "object": {"name": "road", "h": 279, "object_id": 1023841, "synsets": ["road.n.01"], "w": 372, "y": 321, "x": 3}, "relationship_id": 15962, "synsets": ["along.r.01"], "subject": {"name": "tree", "h": 163, "object_id": 5076, "synsets": ["tree.n.01"], "w": 83, "y": 195, "x": 110}}, {"predicate": "wears", "object": {"name": "sneakers", "h": 37, "object_id": 5088, "synsets": ["gym_shoe.n.01"], "w": 132, "y": 533, "x": 339}, "relationship_id": 15963, "synsets": ["wear.v.01"], "subject": {"name": "man", "h": 255, "object_id": 1023838, "synsets": ["man.n.01"], "w": 142, "y": 320, "x": 324}}, {"predicate": "carries", "object": {"name": "backpack", "h": 81, "object_id": 5071, "synsets": ["backpack.n.01"], "w": 72, "y": 362, "x": 359}, "relationship_id": 15964, "synsets": ["transport.v.02"], "subject": {"name": "man", "h": 255, "object_id": 1023838, "synsets": ["man.n.01"], "w": 142, "y": 320, "x": 324}}, {"predicate": "next to", "object": {"name": "car", "h": 126, "object_id": 1023836, "synsets": ["car.n.01"], "w": 136, "y": 347, "x": 239}, "relationship_id": 15965, "synsets": ["next.r.01"], "subject": {"name": "bike", "h": 69, "object_id": 5089, "synsets": ["bicycle.n.01"], "w": 33, "y": 403, "x": 415}}, {"predicate": "parked on", "object": {"name": "road", "h": 279, "object_id": 1023841, "synsets": ["road.n.01"], "w": 372, "y": 321, "x": 3}, "relationship_id": 15969, "synsets": ["along.r.01"], "subject": {"name": "car", "h": 126, "object_id": 1023836, "synsets": ["car.n.01"], "w": 136, "y": 347, "x": 239}}, {"predicate": "at", "object": {"name": "crosswalk", "h": 107, "object_id": 5077, "synsets": ["crossing.n.05"], "w": 366, "y": 492, "x": 0}, "relationship_id": 15970, "synsets": [], "subject": {"name": "man", "h": 255, "object_id": 1023838, "synsets": ["man.n.01"], "w": 142, "y": 320, "x": 324}}, {"predicate": "ON", "object": {"name": "road", "h": 279, "object_id": 1023841, "synsets": ["road.n.01"], "w": 372, "y": 321, "x": 3}, "relationship_id": 15971, "synsets": ["along.r.01"], "subject": {"name": "crosswalk", "h": 107, "object_id": 5077, "synsets": ["crossing.n.05"], "w": 366, "y": 492, "x": 0}}, {"predicate": "says", "object": {"name": "\"walk\"", "h": 15, "object_id": 5090, "synsets": ["walk.n.01"], "w": 31, "y": 193, "x": 471}, "relationship_id": 15972, "synsets": ["state.v.01"], "subject": {"name": "walk sign", "h": 103, "object_id": 5069, "synsets": [], "w": 43, "y": 141, "x": 463}}], "image_id": 2}, {"relationships": [{"predicate": "in front of", "object": {"name": "monitor", "h": 155, "object_id": 1060246, "synsets": ["monitor.n.04"], "w": 149, "y": 119, "x": 159}, "relationship_id": 15973, "synsets": ["in.r.01"], "subject": {"name": "keyboard", "h": 48, "object_id": 1060286, "synsets": ["keyboard.n.01"], "w": 175, "y": 273, "x": 168}}, {"predicate": "under", "object": {"name": "desktop", "h": 244, "object_id": 5097, "synsets": ["desktop.n.01"], "w": 510, "y": 233, "x": 129}, "relationship_id": 15974, "synsets": ["under.r.01"], "subject": {"name": "cpu", "h": 139, "object_id": 5096, "synsets": ["central_processing_unit.n.01"], "w": 88, "y": 340, "x": 212}}, {"predicate": "has", "object": {"name": "drawer", "h": 42, "object_id": 5099, "synsets": ["drawer.n.01"], "w": 94, "y": 423, "x": 48}, "relationship_id": 15975, "synsets": ["have.v.01"], "subject": {"name": "filing cabinet", "h": 201, "object_id": 5098, "synsets": ["cabinet.n.01"], "w": 139, "y": 269, "x": 2}}, {"predicate": "has", "object": {"name": "drawer", "h": 123, "object_id": 1060251, "synsets": ["drawer.n.01"], "w": 128, "y": 321, "x": 2}, "relationship_id": 15976, "synsets": ["have.v.01"], "subject": {"name": "filing cabinet", "h": 201, "object_id": 5098, "synsets": ["cabinet.n.01"], "w": 139, "y": 269, "x": 2}}, {"predicate": "next to", "object": {"name": "keyboard", "h": 48, "object_id": 1060286, "synsets": ["keyboard.n.01"], "w": 175, "y": 273, "x": 168}, "relationship_id": 15977, "synsets": ["next.r.01"], "subject": {"name": "mouse", "h": 28, "object_id": 1060253, "synsets": ["mouse.n.01"], "w": 29, "y": 296, "x": 346}}, {"predicate": "docked in", "object": {"name": "office phone base", "h": 66, "object_id": 5104, "synsets": [], "w": 73, "y": 277, "x": 465}, "relationship_id": 15978, "synsets": ["in.r.01"], "subject": {"name": "wireless phone", "h": 61, "object_id": 5103, "synsets": ["telephone.n.01"], "w": 38, "y": 268, "x": 465}}, {"predicate": "under", "object": {"name": "desk", "h": 241, "object_id": 1060282, "synsets": ["desk.n.01"], "w": 506, "y": 235, "x": 130}, "relationship_id": 15979, "synsets": ["under.r.01"], "subject": {"name": "cpu", "h": 139, "object_id": 5096, "synsets": ["central_processing_unit.n.01"], "w": 88, "y": 340, "x": 212}}, {"predicate": "next to", "object": {"name": "desk", "h": 241, "object_id": 1060282, "synsets": ["desk.n.01"], "w": 506, "y": 235, "x": 130}, "relationship_id": 15980, "synsets": ["next.r.01"], "subject": {"name": "filing cabinet", "h": 201, "object_id": 5098, "synsets": ["cabinet.n.01"], "w": 139, "y": 269, "x": 2}}, {"predicate": "next to", "object": {"name": "monitor", "h": 155, "object_id": 1060246, "synsets": ["monitor.n.04"], "w": 149, "y": 119, "x": 159}, "relationship_id": 15981, "synsets": ["next.r.01"], "subject": {"name": "multiple outlet", "h": 48, "object_id": 5106, "synsets": ["mercantile_establishment.n.01"], "w": 89, "y": 190, "x": 42}}, {"predicate": "has", "object": {"name": "plug", "h": 33, "object_id": 5107, "synsets": ["plug.n.01"], "w": 26, "y": 208, "x": 43}, "relationship_id": 15982, "synsets": ["have.v.01"], "subject": {"name": "multiple outlet", "h": 48, "object_id": 5106, "synsets": ["mercantile_establishment.n.01"], "w": 89, "y": 190, "x": 42}}, {"predicate": "has", "object": {"name": "plug", "h": 21, "object_id": 5108, "synsets": ["plug.n.01"], "w": 15, "y": 207, "x": 66}, "relationship_id": 15983, "synsets": ["have.v.01"], "subject": {"name": "multiple outlet", "h": 48, "object_id": 5106, "synsets": ["mercantile_establishment.n.01"], "w": 89, "y": 190, "x": 42}}, {"predicate": "has", "object": {"name": "plug", "h": 25, "object_id": 5109, "synsets": ["plug.n.01"], "w": 16, "y": 200, "x": 85}, "relationship_id": 15984, "synsets": ["have.v.01"], "subject": {"name": "multiple outlet", "h": 48, "object_id": 5106, "synsets": ["mercantile_establishment.n.01"], "w": 89, "y": 190, "x": 42}}, {"predicate": "has", "object": {"name": "plug", "h": 23, "object_id": 5110, "synsets": ["plug.n.01"], "w": 17, "y": 200, "x": 106}, "relationship_id": 15985, "synsets": ["have.v.01"], "subject": {"name": "multiple outlet", "h": 48, "object_id": 5106, "synsets": ["mercantile_establishment.n.01"], "w": 89, "y": 190, "x": 42}}, {"predicate": "ON", "object": {"name": "desk", "h": 241, "object_id": 1060282, "synsets": ["desk.n.01"], "w": 506, "y": 235, "x": 130}, "relationship_id": 15986, "synsets": ["along.r.01"], "subject": {"name": "office phone", "h": 79, "object_id": 5091, "synsets": [], "w": 98, "y": 266, "x": 456}}, {"predicate": "in front of", "object": {"name": "monitor", "h": 50, "object_id": 1060270, "synsets": ["monitor.n.04"], "w": 82, "y": 63, "x": 417}, "relationship_id": 15987, "synsets": ["in.r.01"], "subject": {"name": "girl", "h": 149, "object_id": 1060269, "synsets": ["girl.n.01"], "w": 94, "y": 89, "x": 544}}, {"predicate": "next to", "object": {"name": "keyboard", "h": 48, "object_id": 1060286, "synsets": ["keyboard.n.01"], "w": 175, "y": 273, "x": 168}, "relationship_id": 15988, "synsets": ["next.r.01"], "subject": {"name": "mouse", "h": 28, "object_id": 1060253, "synsets": ["mouse.n.01"], "w": 29, "y": 296, "x": 346}}, {"predicate": "ON", "object": {"name": "wall", "h": 265, "object_id": 1060274, "synsets": ["wall.n.01"], "w": 258, "y": 6, "x": 3}, "relationship_id": 15989, "synsets": ["along.r.01"], "subject": {"name": "outlet", "h": 24, "object_id": 5092, "synsets": ["mercantile_establishment.n.01"], "w": 17, "y": 202, "x": 83}}, {"predicate": "ON", "object": {"name": "wall", "h": 265, "object_id": 1060274, "synsets": ["wall.n.01"], "w": 258, "y": 6, "x": 3}, "relationship_id": 15990, "synsets": ["along.r.01"], "subject": {"name": "outlet", "h": 29, "object_id": 5093, "synsets": ["mercantile_establishment.n.01"], "w": 22, "y": 207, "x": 42}}, {"predicate": "has", "object": {"name": "hair", "h": 109, "object_id": 5114, "synsets": ["hair.n.01"], "w": 55, "y": 98, "x": 585}, "relationship_id": 15991, "synsets": ["have.v.01"], "subject": {"name": "girl", "h": 149, "object_id": 1060269, "synsets": ["girl.n.01"], "w": 94, "y": 89, "x": 544}}, {"predicate": "wears", "object": {"name": "chain", "h": 17, "object_id": 5115, "synsets": ["chain.n.01"], "w": 34, "y": 166, "x": 593}, "relationship_id": 15992, "synsets": ["wear.v.01"], "subject": {"name": "girl", "h": 149, "object_id": 1060269, "synsets": ["girl.n.01"], "w": 94, "y": 89, "x": 544}}, {"predicate": "ON", "object": {"name": "desk", "h": 241, "object_id": 1060282, "synsets": ["desk.n.01"], "w": 506, "y": 235, "x": 130}, "relationship_id": 15993, "synsets": ["along.r.01"], "subject": {"name": "pen", "h": 16, "object_id": 1060281, "synsets": ["pen.n.01"], "w": 53, "y": 323, "x": 405}}, {"predicate": "ON", "object": {"name": "floor", "h": 139, "object_id": 5118, "synsets": ["floor.n.01"], "w": 390, "y": 340, "x": 110}, "relationship_id": 15994, "synsets": ["along.r.01"], "subject": {"name": "cable", "h": 58, "object_id": 5117, "synsets": ["cable.n.01"], "w": 52, "y": 408, "x": 137}}, {"predicate": "ON", "object": {"name": "floor", "h": 139, "object_id": 5118, "synsets": ["floor.n.01"], "w": 390, "y": 340, "x": 110}, "relationship_id": 15995, "synsets": ["along.r.01"], "subject": {"name": "cable", "h": 40, "object_id": 5119, "synsets": ["cable.n.01"], "w": 84, "y": 387, "x": 150}}, {"predicate": "has", "object": {"name": "outlets", "h": 48, "object_id": 1060261, "synsets": ["mercantile_establishment.n.01"], "w": 89, "y": 190, "x": 42}, "relationship_id": 3187822, "synsets": ["have.v.01"], "subject": {"name": "wall", "h": 265, "object_id": 1060274, "synsets": ["wall.n.01"], "w": 258, "y": 6, "x": 3}}, {"predicate": "ON", "object": {"name": "desk", "h": 241, "object_id": 1060282, "synsets": ["desk.n.01"], "w": 506, "y": 235, "x": 130}, "relationship_id": 3187823, "synsets": ["along.r.01"], "subject": {"name": "bag", "h": 134, "object_id": 1060252, "synsets": ["bag.n.01"], "w": 65, "y": 270, "x": 574}}, {"predicate": "ON", "object": {"name": "wall", "h": 97, "object_id": 1060287, "synsets": ["wall.n.01"], "w": 217, "y": 30, "x": 304}, "relationship_id": 3187824, "synsets": ["along.r.01"], "subject": {"name": "calendar", "h": 50, "object_id": 1060270, "synsets": ["calendar.n.01"], "w": 82, "y": 63, "x": 417}}, {"predicate": "has", "object": {"name": "dark hair", "h": 109, "object_id": 1060277, "synsets": ["hair.n.01"], "w": 55, "y": 98, "x": 585}, "relationship_id": 3187825, "synsets": ["have.v.01"], "subject": {"name": "woman", "h": 149, "object_id": 1060269, "synsets": ["woman.n.01"], "w": 94, "y": 89, "x": 544}}, {"predicate": "has", "object": {"name": "white top", "h": 68, "object_id": 1060288, "synsets": [], "w": 101, "y": 174, "x": 538}, "relationship_id": 3187826, "synsets": ["have.v.01"], "subject": {"name": "woman", "h": 149, "object_id": 1060269, "synsets": ["woman.n.01"], "w": 94, "y": 89, "x": 544}}, {"predicate": "with", "object": {"name": "dark hair", "h": 109, "object_id": 1060277, "synsets": ["hair.n.01"], "w": 55, "y": 98, "x": 585}, "relationship_id": 3187827, "synsets": [], "subject": {"name": "woman", "h": 149, "object_id": 1060269, "synsets": ["woman.n.01"], "w": 94, "y": 89, "x": 544}}, {"predicate": "with", "object": {"name": "white t-shirt", "h": 68, "object_id": 1060288, "synsets": ["jersey.n.03"], "w": 101, "y": 174, "x": 538}, "relationship_id": 3187828, "synsets": [], "subject": {"name": "woman", "h": 149, "object_id": 1060269, "synsets": ["woman.n.01"], "w": 94, "y": 89, "x": 544}}, {"predicate": "between", "object": {"name": "cubicles", "h": 402, "object_id": 1060291, "synsets": ["booth.n.02"], "w": 513, "y": 71, "x": 125}, "relationship_id": 3187829, "synsets": ["between.r.02"], "subject": {"name": "partition", "h": 204, "object_id": 1060290, "synsets": ["partition.n.01"], "w": 300, "y": 81, "x": 243}}, {"predicate": "ON", "object": {"name": "wall", "h": 265, "object_id": 1060274, "synsets": ["wall.n.01"], "w": 258, "y": 6, "x": 3}, "relationship_id": 3187830, "synsets": ["along.r.01"], "subject": {"name": "picture", "h": 44, "object_id": 1060292, "synsets": ["picture.n.01"], "w": 61, "y": 2, "x": 210}}, {"predicate": "ON", "object": {"name": "desk", "h": 241, "object_id": 1060282, "synsets": ["desk.n.01"], "w": 506, "y": 235, "x": 130}, "relationship_id": 3187831, "synsets": ["along.r.01"], "subject": {"name": "telephone", "h": 79, "object_id": 1060242, "synsets": ["telephone.n.01"], "w": 98, "y": 266, "x": 456}}, {"predicate": "with", "object": {"name": "black hair", "h": 109, "object_id": 1060277, "synsets": ["hair.n.01"], "w": 55, "y": 98, "x": 585}, "relationship_id": 3187832, "synsets": [], "subject": {"name": "woman", "h": 149, "object_id": 1060269, "synsets": ["woman.n.01"], "w": 94, "y": 89, "x": 544}}, {"predicate": "next to", "object": {"name": "phone", "h": 79, "object_id": 1060242, "synsets": ["telephone.n.01"], "w": 98, "y": 266, "x": 456}, "relationship_id": 3187834, "synsets": ["next.r.01"], "subject": {"name": "pen", "h": 16, "object_id": 1060281, "synsets": ["pen.n.01"], "w": 53, "y": 323, "x": 405}}, {"predicate": "working on", "object": {"name": "computer", "h": 57, "object_id": 1060293, "synsets": ["computer.n.01"], "w": 101, "y": 56, "x": 413}, "relationship_id": 3187835, "synsets": ["work.v.01"], "subject": {"name": "woman", "h": 149, "object_id": 1060269, "synsets": ["woman.n.01"], "w": 94, "y": 89, "x": 544}}, {"predicate": "are fully", "object": {"name": "plugged", "h": 48, "object_id": 1060261, "synsets": [], "w": 89, "y": 190, "x": 42}, "relationship_id": 3187836, "synsets": ["be.v.01"], "subject": {"name": "cables", "h": 89, "object_id": 1060295, "synsets": ["cable.n.01"], "w": 81, "y": 211, "x": 59}}, {"predicate": "ON", "object": {"name": "wall", "h": 65, "object_id": 1060297, "synsets": ["wall.n.01"], "w": 552, "y": 2, "x": 3}, "relationship_id": 3187837, "synsets": ["along.r.01"], "subject": {"name": "photos", "h": 45, "object_id": 1060296, "synsets": ["photograph.n.01"], "w": 341, "y": 3, "x": 209}}, {"predicate": "wear", "object": {"name": "white top", "h": 68, "object_id": 1060288, "synsets": [], "w": 101, "y": 174, "x": 538}, "relationship_id": 3187838, "synsets": ["wear.v.01"], "subject": {"name": "woman", "h": 149, "object_id": 1060269, "synsets": ["woman.n.01"], "w": 94, "y": 89, "x": 544}}, {"predicate": "have been", "object": {"name": "pluged", "h": 48, "object_id": 1060261, "synsets": [], "w": 89, "y": 190, "x": 42}, "relationship_id": 3187839, "synsets": ["be.v.01"], "subject": {"name": "cables", "h": 89, "object_id": 1060295, "synsets": ["cable.n.01"], "w": 81, "y": 211, "x": 59}}, {"predicate": "has", "object": {"name": "handle", "h": 44, "object_id": 1060298, "synsets": ["handle.n.01"], "w": 81, "y": 353, "x": 18}, "relationship_id": 3187840, "synsets": ["have.v.01"], "subject": {"name": "drawer", "h": 123, "object_id": 1060251, "synsets": ["drawer.n.01"], "w": 128, "y": 321, "x": 2}}, {"predicate": "WEARING", "object": {"name": "white top", "h": 68, "object_id": 1060288, "synsets": [], "w": 101, "y": 174, "x": 538}, "relationship_id": 3187841, "synsets": ["wear.v.01"], "subject": {"name": "woman", "h": 149, "object_id": 1060269, "synsets": ["woman.n.01"], "w": 94, "y": 89, "x": 544}}, {"predicate": "next to", "object": {"name": "telephone", "h": 79, "object_id": 1060242, "synsets": ["telephone.n.01"], "w": 98, "y": 266, "x": 456}, "relationship_id": 3187842, "synsets": ["next.r.01"], "subject": {"name": "pen", "h": 16, "object_id": 1060281, "synsets": ["pen.n.01"], "w": 53, "y": 323, "x": 405}}, {"predicate": "ON", "object": {"name": "floor", "h": 95, "object_id": 1060299, "synsets": ["floor.n.01"], "w": 141, "y": 376, "x": 125}, "relationship_id": 3187843, "synsets": ["along.r.01"], "subject": {"name": "cables", "h": 89, "object_id": 1060295, "synsets": ["cable.n.01"], "w": 81, "y": 211, "x": 59}}, {"predicate": "ON", "object": {"name": "dividing screen", "h": 204, "object_id": 1060290, "synsets": ["screen.n.01"], "w": 300, "y": 81, "x": 243}, "relationship_id": 3187844, "synsets": ["along.r.01"], "subject": {"name": "picture", "h": 95, "object_id": 1060294, "synsets": ["picture.n.01"], "w": 99, "y": 105, "x": 421}}, {"predicate": "WEARING", "object": {"name": "necklace", "h": 15, "object_id": 1060300, "synsets": ["necklace.n.01"], "w": 32, "y": 169, "x": 585}, "relationship_id": 3187845, "synsets": ["wear.v.01"], "subject": {"name": "girl", "h": 149, "object_id": 1060269, "synsets": ["girl.n.01"], "w": 94, "y": 89, "x": 544}}, {"predicate": "with", "object": {"name": "grey keys", "h": 48, "object_id": 1060245, "synsets": ["key.n.01"], "w": 175, "y": 273, "x": 168}, "relationship_id": 3187847, "synsets": [], "subject": {"name": "keyboard", "h": 48, "object_id": 1060286, "synsets": ["keyboard.n.01"], "w": 175, "y": 273, "x": 168}}, {"predicate": "sitting at", "object": {"name": "desk", "h": 52, "object_id": 1060301, "synsets": ["desk.n.01"], "w": 52, "y": 156, "x": 532}, "relationship_id": 3187848, "synsets": ["sit.v.01"], "subject": {"name": "woman", "h": 149, "object_id": 1060269, "synsets": ["woman.n.01"], "w": 94, "y": 89, "x": 544}}, {"predicate": "under", "object": {"name": "desk", "h": 241, "object_id": 1060282, "synsets": ["desk.n.01"], "w": 506, "y": 235, "x": 130}, "relationship_id": 3187849, "synsets": ["under.r.01"], "subject": {"name": "computer tower", "h": 139, "object_id": 1060247, "synsets": [], "w": 88, "y": 340, "x": 212}}, {"predicate": "ON", "object": {"name": "table", "h": 244, "object_id": 1060248, "synsets": ["table.n.02"], "w": 510, "y": 233, "x": 129}, "relationship_id": 3187850, "synsets": ["along.r.01"], "subject": {"name": "telephone", "h": 79, "object_id": 1060242, "synsets": ["telephone.n.01"], "w": 98, "y": 266, "x": 456}}], "image_id": 3}, {"relationships": [{"predicate": "has", "object": {"name": "padding", "h": 27, "object_id": 5123, "synsets": ["padding.n.01"], "w": 72, "y": 284, "x": 407}, "relationship_id": 15997, "synsets": ["have.v.01"], "subject": {"name": "chair", "h": 157, "object_id": 1060303, "synsets": ["chair.n.01"], "w": 92, "y": 214, "x": 387}}, {"predicate": "ON", "object": {"name": "floor", "h": 188, "object_id": 1060307, "synsets": ["floor.n.01"], "w": 631, "y": 290, "x": 1}, "relationship_id": 15998, "synsets": ["along.r.01"], "subject": {"name": "carpet", "h": 157, "object_id": 1060306, "synsets": ["rug.n.01"], "w": 629, "y": 321, "x": 2}}, {"predicate": "ON", "object": {"name": "couch", "h": 172, "object_id": 1060310, "synsets": ["sofa.n.01"], "w": 260, "y": 210, "x": 105}, "relationship_id": 15999, "synsets": ["along.r.01"], "subject": {"name": "pillow", "h": 86, "object_id": 1060318, "synsets": ["pillow.n.01"], "w": 111, "y": 222, "x": 183}}, {"predicate": "against", "object": {"name": "pillow", "h": 86, "object_id": 1060318, "synsets": ["pillow.n.01"], "w": 111, "y": 222, "x": 183}, "relationship_id": 16000, "synsets": [], "subject": {"name": "teddy bear", "h": 57, "object_id": 1060311, "synsets": ["teddy.n.01"], "w": 52, "y": 251, "x": 211}}, {"predicate": "against", "object": {"name": "pillow", "h": 86, "object_id": 1060318, "synsets": ["pillow.n.01"], "w": 111, "y": 222, "x": 183}, "relationship_id": 16001, "synsets": [], "subject": {"name": "animal", "h": 57, "object_id": 1060311, "synsets": ["animal.n.01"], "w": 52, "y": 251, "x": 211}}, {"predicate": "near", "object": {"name": "window", "h": 303, "object_id": 5132, "synsets": ["window.n.01"], "w": 154, "y": 4, "x": 485}, "relationship_id": 16002, "synsets": ["about.r.07"], "subject": {"name": "table top", "h": 51, "object_id": 1060316, "synsets": [], "w": 227, "y": 242, "x": 413}}, {"predicate": "has", "object": {"name": "frame", "h": 107, "object_id": 1060322, "synsets": ["frame.n.01"], "w": 265, "y": 274, "x": 103}, "relationship_id": 16003, "synsets": ["have.v.01"], "subject": {"name": "futon", "h": 172, "object_id": 1060310, "synsets": ["futon.n.01"], "w": 260, "y": 210, "x": 105}}, {"predicate": "next to", "object": {"name": "table", "h": 200, "object_id": 1060324, "synsets": ["table.n.02"], "w": 224, "y": 238, "x": 412}, "relationship_id": 16004, "synsets": ["next.r.01"], "subject": {"name": "chair", "h": 157, "object_id": 1060303, "synsets": ["chair.n.01"], "w": 92, "y": 214, "x": 387}}, {"predicate": "to", "object": {"name": "patio", "h": 187, "object_id": 5136, "synsets": ["patio.n.01"], "w": 279, "y": 160, "x": 360}, "relationship_id": 16005, "synsets": [], "subject": {"name": "door", "h": 327, "object_id": 5135, "synsets": ["door.n.01"], "w": 120, "y": 0, "x": 367}}, {"predicate": "has", "object": {"name": "cloths", "h": 20, "object_id": 5138, "synsets": ["fabric.n.01"], "w": 23, "y": 272, "x": 227}, "relationship_id": 16006, "synsets": ["have.v.01"], "subject": {"name": "doll", "h": 57, "object_id": 1060311, "synsets": ["doll.n.01"], "w": 52, "y": 251, "x": 211}}, {"predicate": "behind", "object": {"name": "couch", "h": 172, "object_id": 1060310, "synsets": ["sofa.n.01"], "w": 260, "y": 210, "x": 105}, "relationship_id": 3187851, "synsets": ["behind.r.01"], "subject": {"name": "lamp", "h": 150, "object_id": 1060337, "synsets": ["lamp.n.01"], "w": 48, "y": 62, "x": 216}}, {"predicate": "ON", "object": {"name": "couch", "h": 172, "object_id": 1060310, "synsets": ["sofa.n.01"], "w": 260, "y": 210, "x": 105}, "relationship_id": 3187852, "synsets": ["along.r.01"], "subject": {"name": "pillow", "h": 86, "object_id": 1060318, "synsets": ["pillow.n.01"], "w": 111, "y": 222, "x": 183}}, {"predicate": "by", "object": {"name": "table top", "h": 51, "object_id": 1060316, "synsets": [], "w": 227, "y": 242, "x": 413}, "relationship_id": 3187853, "synsets": ["by.r.01"], "subject": {"name": "chair", "h": 157, "object_id": 1060303, "synsets": ["chair.n.01"], "w": 92, "y": 214, "x": 387}}, {"predicate": "ON", "object": {"name": "couch", "h": 172, "object_id": 1060310, "synsets": ["sofa.n.01"], "w": 260, "y": 210, "x": 105}, "relationship_id": 3187854, "synsets": ["along.r.01"], "subject": {"name": "teddy bear", "h": 57, "object_id": 1060311, "synsets": ["teddy.n.01"], "w": 52, "y": 251, "x": 211}}, {"predicate": "ON", "object": {"name": "table", "h": 200, "object_id": 1060324, "synsets": ["table.n.02"], "w": 224, "y": 238, "x": 412}, "relationship_id": 3187855, "synsets": ["along.r.01"], "subject": {"name": "table top", "h": 51, "object_id": 1060316, "synsets": [], "w": 227, "y": 242, "x": 413}}, {"predicate": "ON", "object": {"name": "floor", "h": 188, "object_id": 1060307, "synsets": ["floor.n.01"], "w": 631, "y": 290, "x": 1}, "relationship_id": 3187856, "synsets": ["along.r.01"], "subject": {"name": "lamp", "h": 150, "object_id": 1060337, "synsets": ["lamp.n.01"], "w": 48, "y": 62, "x": 216}}], "image_id": 4}, {"relationships": [{"predicate": "ON", "object": {"name": "floor", "h": 108, "object_id": 1060359, "synsets": ["floor.n.01"], "w": 349, "y": 490, "x": 2}, "relationship_id": 16007, "synsets": ["along.r.01"], "subject": {"name": "cables", "h": 88, "object_id": 5142, "synsets": ["cable.n.01"], "w": 49, "y": 448, "x": 301}}, {"predicate": "ON", "object": {"name": "shelf", "h": 152, "object_id": 3798574, "synsets": ["shelf.n.01"], "w": 368, "y": 82, "x": 428}, "relationship_id": 4265922, "synsets": ["along.r.01"], "subject": {"name": "books", "h": 142, "object_id": 1060345, "synsets": ["book.n.01"], "w": 370, "y": 88, "x": 429}}, {"predicate": "ON", "object": {"name": "floor", "h": 108, "object_id": 1060359, "synsets": ["floor.n.01"], "w": 349, "y": 490, "x": 2}, "relationship_id": 16010, "synsets": ["along.r.01"], "subject": {"name": "cpu", "h": 127, "object_id": 5150, "synsets": ["central_processing_unit.n.01"], "w": 63, "y": 453, "x": 347}}, {"predicate": "ON", "object": {"name": "floor", "h": 108, "object_id": 1060359, "synsets": ["floor.n.01"], "w": 349, "y": 490, "x": 2}, "relationship_id": 16011, "synsets": ["along.r.01"], "subject": {"name": "cables", "h": 88, "object_id": 5142, "synsets": ["cable.n.01"], "w": 49, "y": 448, "x": 301}}, {"predicate": "near", "object": {"name": "computer monitor", "h": 101, "object_id": 1060350, "synsets": ["computer_monitor.n.01"], "w": 101, "y": 278, "x": 194}, "relationship_id": 3187857, "synsets": ["about.r.07"], "subject": {"name": "printer", "h": 50, "object_id": 1060363, "synsets": ["printer.n.01"], "w": 93, "y": 325, "x": 297}}, {"predicate": "ON", "object": {"name": "shelves", "h": 102, "object_id": 1060364, "synsets": ["shelf.n.01"], "w": 372, "y": 132, "x": 425}, "relationship_id": 3187858, "synsets": ["along.r.01"], "subject": {"name": "books", "h": 142, "object_id": 1060345, "synsets": ["book.n.01"], "w": 370, "y": 88, "x": 429}}, {"predicate": "outside", "object": {"name": "window", "h": 387, "object_id": 1060366, "synsets": ["window.n.01"], "w": 91, "y": 41, "x": 42}, "relationship_id": 3187859, "synsets": ["outside.r.01"], "subject": {"name": "railing", "h": 103, "object_id": 1060365, "synsets": ["railing.n.01"], "w": 88, "y": 322, "x": 49}}, {"predicate": "near", "object": {"name": "desk", "h": 107, "object_id": 1060368, "synsets": ["desk.n.01"], "w": 317, "y": 357, "x": 120}, "relationship_id": 3187860, "synsets": ["about.r.07"], "subject": {"name": "chair", "h": 240, "object_id": 1060348, "synsets": ["chair.n.01"], "w": 174, "y": 358, "x": 144}}, {"predicate": "ON", "object": {"name": "desk", "h": 107, "object_id": 1060368, "synsets": ["desk.n.01"], "w": 317, "y": 357, "x": 120}, "relationship_id": 3187861, "synsets": ["along.r.01"], "subject": {"name": "computer monitor", "h": 101, "object_id": 1060350, "synsets": ["computer_monitor.n.01"], "w": 101, "y": 278, "x": 194}}, {"predicate": "ON", "object": {"name": "wall", "h": 519, "object_id": 1060360, "synsets": ["wall.n.01"], "w": 404, "y": 9, "x": 389}, "relationship_id": 3187862, "synsets": ["along.r.01"], "subject": {"name": "books", "h": 142, "object_id": 1060345, "synsets": ["book.n.01"], "w": 370, "y": 88, "x": 429}}, {"predicate": "ON", "object": {"name": "desk", "h": 107, "object_id": 1060368, "synsets": ["desk.n.01"], "w": 317, "y": 357, "x": 120}, "relationship_id": 3187863, "synsets": ["along.r.01"], "subject": {"name": "computer monitor", "h": 101, "object_id": 1060350, "synsets": ["computer_monitor.n.01"], "w": 101, "y": 278, "x": 194}}, {"predicate": "ON", "object": {"name": "desk", "h": 107, "object_id": 1060368, "synsets": ["desk.n.01"], "w": 317, "y": 357, "x": 120}, "relationship_id": 3187864, "synsets": ["along.r.01"], "subject": {"name": "fax machine", "h": 35, "object_id": 1060369, "synsets": [], "w": 92, "y": 378, "x": 311}}, {"predicate": "ON", "object": {"name": "desk", "h": 107, "object_id": 1060368, "synsets": ["desk.n.01"], "w": 317, "y": 357, "x": 120}, "relationship_id": 3187865, "synsets": ["along.r.01"], "subject": {"name": "keyboard", "h": 26, "object_id": 1060370, "synsets": ["keyboard.n.01"], "w": 116, "y": 401, "x": 240}}, {"predicate": "against", "object": {"name": "wall", "h": 519, "object_id": 1060360, "synsets": ["wall.n.01"], "w": 404, "y": 9, "x": 389}, "relationship_id": 3187866, "synsets": [], "subject": {"name": "cork-board", "h": 138, "object_id": 1060367, "synsets": [], "w": 162, "y": 430, "x": 552}}, {"predicate": "ON", "object": {"name": "desk", "h": 107, "object_id": 1060368, "synsets": ["desk.n.01"], "w": 317, "y": 357, "x": 120}, "relationship_id": 3187867, "synsets": ["along.r.01"], "subject": {"name": "keyboard", "h": 26, "object_id": 1060370, "synsets": ["keyboard.n.01"], "w": 116, "y": 401, "x": 240}}, {"predicate": "ON", "object": {"name": "cork-board", "h": 138, "object_id": 1060367, "synsets": [], "w": 162, "y": 430, "x": 552}, "relationship_id": 3187868, "synsets": ["along.r.01"], "subject": {"name": "paper", "h": 68, "object_id": 1060373, "synsets": ["paper.n.01"], "w": 52, "y": 468, "x": 625}}, {"predicate": "ON", "object": {"name": "wall", "h": 528, "object_id": 1060374, "synsets": ["wall.n.01"], "w": 245, "y": 3, "x": 145}, "relationship_id": 3187869, "synsets": ["along.r.01"], "subject": {"name": "air conditioner", "h": 57, "object_id": 1060362, "synsets": ["air_conditioner.n.01"], "w": 180, "y": 20, "x": 186}}, {"predicate": "ON", "object": {"name": "wall", "h": 519, "object_id": 1060360, "synsets": ["wall.n.01"], "w": 404, "y": 9, "x": 389}, "relationship_id": 3187870, "synsets": ["along.r.01"], "subject": {"name": "shelves", "h": 102, "object_id": 1060364, "synsets": ["shelf.n.01"], "w": 372, "y": 132, "x": 425}}, {"predicate": "ON", "object": {"name": "shelves", "h": 102, "object_id": 1060364, "synsets": ["shelf.n.01"], "w": 372, "y": 132, "x": 425}, "relationship_id": 3187871, "synsets": ["along.r.01"], "subject": {"name": "books", "h": 142, "object_id": 1060345, "synsets": ["book.n.01"], "w": 370, "y": 88, "x": 429}}, {"predicate": "with", "object": {"name": "computer", "h": 127, "object_id": 1060351, "synsets": ["computer.n.01"], "w": 63, "y": 453, "x": 347}, "relationship_id": 3187872, "synsets": [], "subject": {"name": "room", "h": 597, "object_id": 1060375, "synsets": ["room.n.01"], "w": 795, "y": 2, "x": 0}}, {"predicate": "before", "object": {"name": "desk", "h": 107, "object_id": 1060368, "synsets": ["desk.n.01"], "w": 317, "y": 357, "x": 120}, "relationship_id": 3187873, "synsets": ["earlier.r.01"], "subject": {"name": "chairs", "h": 242, "object_id": 1060342, "synsets": ["chair.n.01"], "w": 408, "y": 351, "x": 141}}, {"predicate": "ON", "object": {"name": "wall", "h": 519, "object_id": 1060360, "synsets": ["wall.n.01"], "w": 404, "y": 9, "x": 389}, "relationship_id": 3187874, "synsets": ["along.r.01"], "subject": {"name": "shelves", "h": 102, "object_id": 1060364, "synsets": ["shelf.n.01"], "w": 372, "y": 132, "x": 425}}, {"predicate": "ON", "object": {"name": "balcony", "h": 91, "object_id": 1060376, "synsets": ["balcony.n.01"], "w": 81, "y": 328, "x": 52}, "relationship_id": 3187875, "synsets": ["along.r.01"], "subject": {"name": "railing", "h": 103, "object_id": 1060365, "synsets": ["railing.n.01"], "w": 88, "y": 322, "x": 49}}, {"predicate": "ON", "object": {"name": "chair", "h": 251, "object_id": 1060371, "synsets": ["chair.n.01"], "w": 166, "y": 348, "x": 377}, "relationship_id": 3187876, "synsets": ["along.r.01"], "subject": {"name": "clothes", "h": 167, "object_id": 1060377, "synsets": ["apparel.n.01"], "w": 148, "y": 430, "x": 380}}, {"predicate": "ON", "object": {"name": "floor", "h": 108, "object_id": 1060359, "synsets": ["floor.n.01"], "w": 349, "y": 490, "x": 2}, "relationship_id": 3187877, "synsets": ["along.r.01"], "subject": {"name": "heater", "h": 69, "object_id": 1060378, "synsets": ["heater.n.01"], "w": 113, "y": 529, "x": 421}}, {"predicate": "against", "object": {"name": "wall", "h": 519, "object_id": 1060360, "synsets": ["wall.n.01"], "w": 404, "y": 9, "x": 389}, "relationship_id": 3187878, "synsets": [], "subject": {"name": "chair", "h": 240, "object_id": 1060348, "synsets": ["chair.n.01"], "w": 174, "y": 358, "x": 144}}, {"predicate": "ON", "object": {"name": "wall", "h": 528, "object_id": 1060374, "synsets": ["wall.n.01"], "w": 245, "y": 3, "x": 145}, "relationship_id": 3187879, "synsets": ["along.r.01"], "subject": {"name": "air conditioner", "h": 57, "object_id": 1060362, "synsets": ["air_conditioner.n.01"], "w": 180, "y": 20, "x": 186}}, {"predicate": "against", "object": {"name": "wall", "h": 519, "object_id": 1060360, "synsets": ["wall.n.01"], "w": 404, "y": 9, "x": 389}, "relationship_id": 3187880, "synsets": [], "subject": {"name": "chair", "h": 251, "object_id": 1060371, "synsets": ["chair.n.01"], "w": 166, "y": 348, "x": 377}}], "image_id": 5}]