<?xml version="1.0" encoding="UTF-8"?>
<mteval>
<srcset setid="iwslt2017-tst2014" srclang="korean">
<doc docid="1898" genre="lectures">
 <url>http://www.ted.com/talks/maysoon_zayid_i_got_99_problems_palsy_is_just_one</url>
 <description>TED Talk Subtitles and Transcript: "저는 뇌성마비를 앓고 있어요. 매 순간 몸을 흔들죠" 메이순 자이드는 재미있고, 유쾌한 본 강연의 시작에 이렇게 발표합니다. "저는 무하마드 알리를 만난 샤키라예요" 우아함과 위트로 가득찬 이 강연에서, 아랍계 미국인인 그녀는 배우로서, 코메디언으로서, 자선활동가로서, 장애인 지지자로서의 그녀의 모습을 보여줍니다.</description>
 <keywords>talks, comedy, entertainment, humor, women</keywords>
 <talkid>1898</talkid>
 <title>메이순 자이드 : 제가 가진 99개의 문제점, 뇌성 마비는 그 중 하나에 불과합니다. -메이순 자이드</title>
 <reviewer href="http://www.ted.com/profiles/1351810">K Bang</reviewer>
 <translator href="http://www.ted.com/profiles/963277">Sujin Byeon</translator>
<seg id="1">  안녕하세요, TEDWomen 참석자 여러분! 안녕하세요!  </seg>
<seg id="2">   충분하지 않군요.  </seg>
<seg id="3">  TEDWomen 여러분, 안녕하세요!  </seg>
<seg id="4">   제 이름은 메이순 자이드 입니다. 저는 지금 취한게 아니에요. 하지만 저를 세상에 나오게 한 의사는  </seg>
<seg id="5">  제 엄마를 여섯 방향으로 여섯 번 배를 갈랐다고 하더군요. 그 과정에서 불쌍하게도 저는 질식하게 되었고,  </seg>
