<?xml version="1.0" encoding="UTF-8"?>
<mteval>
<srcset setid="iwslt2017-tst2015" srclang="korean">
<doc docid="2183" genre="lectures">
 <url>http://www.ted.com/talks/marc_kushner_why_the_buildings_of_the_future_will_be_shaped_by_you</url>
 <description>TED Talk Subtitles and Transcript: "건축은 수학이나 지역구분에 대한 것이 아닙니다--그것은 심장을 파고드는 감정들에 관한 것입니다" 라고 마크 쿠쉬너는 말합니다. 압도적이며 웃기는 순간들이 많은 이 강연에서, 그는 지난 30년 간의 건축역사을 재빠르게 거치며, 옛날에는 분리되었던 공중이 어떻게 설계 과정의 본질적인 부분이 되었는 지를 보여줍니다. 소셜 미디어의 도움으로, 피드백은 건물이 완성되기도 전에 건축가에게 도달합니다. 그 결과는 뭘까요? 건축은 과거의 그 어느때보다도 더 많은 일을 할 것입니다.</description>
 <keywords>talks, TED Books, architecture, design, social media</keywords>
 <talkid>2183</talkid>
 <title>마크 쿠쉬너: 미래의 건축물이 여러분에 의해 실현되는 이유</title>
 <reviewer href="http://www.ted.com/profiles/3420517">Sunduk Wang</reviewer>
 <translator href="http://www.ted.com/profiles/254085">Jeong-Lan Kinser</translator>
<seg id="1">  저는 오늘 여러분께 지난 30년간의 건축역사에 관해 이야기 하려 합니다.  </seg>
<seg id="2">  18분 동안으로 포장하기에는 굉장히 많은 이야기입니다.  </seg>
<seg id="3">  건축 역사는 복잡한 주제이죠? 그래서 저는 복잡한 장소로 곧장 들어가도록 하겠습니다: 뉴 저지라는 도시입니다.  </seg>
<seg id="4">  왜냐하면 30년 전에, 저는 뉴 저지 시의 출신이고, 저는 여섯살이었는데, 제 부모님의 가옥이 있는 리빙스턴이라는 마을에 살고 있었고, 사진에 보이는 이게 제 유년 시절의 침실이었습니다.  </seg>
<seg id="5">  제 침실의 구석지에서 돌아가면, 제가 제 여동생과 함께 쓰곤 했던 욕실이 있었습니다.  </seg>
