<?xml version="1.0" encoding="UTF-8"?>
<mteval>
<srcset setid="iwslt2017-tst2013" srclang="korean">
<doc docid="1699" genre="lectures">
 <url>http://www.ted.com/talks/richard_turere_a_peace_treaty_with_the_lions</url>
 <description>TED Talk Subtitles and Transcript: 13살짜리 리차드 투레레가 사는 마사이 부족사회에서 소떼는 매우 중요한 존재이다. 하지만 이에 대한 사자의 습격이 점점 잦아지고 있다. 이 짧지만, 감명깊은 이야기를 통해 젊은 발명가 투레레는 사자들을 쫓기 위해 스스로 만든 태양광 해결책을 우리와 함께 나누고 있다.</description>
 <keywords>talks, agriculture, biodiversity, technology</keywords>
 <talkid>1699</talkid>
 <title>리차드 투레레: 사자들과 화해하게 만든 나의 발명품</title>
 <reviewer href="http://www.ted.com/profiles/949027">Woo Hwang</reviewer>
 <translator href="http://www.ted.com/profiles/1710832">Gichung Lee</translator>
<seg id="1">  이곳이 제가 사는 곳, 케냐 나이로비 국립공원의 남쪽입니다.  </seg>
<seg id="2">  저 뒤에 있는 건 제 아버지의 소들이구요, 소들 뒤에 있는 것이 나이로비 국립공원입니다.  </seg>
<seg id="3">  나이로비 국립공원의 남쪽은 담장이 있는게 아니라서, 얼룩말같은 야생 동물들이 공원 밖으로 자유롭게 이동합니다.  </seg>
<seg id="4">  그래서 사자같은 포식동물이 따라와, 이런 짓을 합니다.  </seg>
<seg id="5">  우리의 가축을 죽이는 거죠.  </seg>
