<benchmark>
  <entries>
    <entry category="Politician" eid="Id1" shape="(X (X))" shape_type="NA" size="1">
      <originaltripleset>
        <otriple>Aaron_S._Daggett | battle | American_Civil_War</otriple>
      </originaltripleset>
      <originaltripleset>
        <otriple>Aaron_S._Daggett | battles | American_Civil_War</otriple>
      </originaltripleset>
      <modifiedtripleset>
        <mtriple>Aaron_S._Daggett | battles | American_Civil_War</mtriple>
      </modifiedtripleset>
      <lex comment="good" lid="Id1">Aaron S. Daggett fought in battles in the American Civil War.</lex>
      <lex comment="good" lid="Id2">Aaron S. Daggett fought in the American Civil War.</lex>
    </entry>
    </entries>
</benchmark>