[{"timeline_id": 9, "headline_a": "Seven bodies found after dam burst at Brazil mine, hundreds missing", "headline_b": "Fears rise for 300 missing in Brazil dam disaster; 9 bodies recovered", "date_a": "2019-01-25", "date_b": "2019-01-26", "url_a": "https://www.reuters.com/article/us-brazil-vale-disaster/seven-bodies-found-after-dam-burst-at-brazil-mine-hundreds-missing-idUSKCN1PJ1WT?feedType=RSS&feedName;=worldNews", "url_b": "https://timesofindia.indiatimes.com/world/rest-of-world/fears-rise-for-300-missing-in-brazil-dam-disaster-9-bodies-recovered/articleshow/67702088.cms", "label": 0}, {"timeline_id": 9, "headline_a": "Dam collapses in Brazil: mud sludge leaves over 200 miners missing", "headline_b": "Brazil dam collapse: At least seven dead and hundreds missing after disaster triggers mudslides", "date_a": "2019-01-26", "date_b": "2019-01-26", "url_a": "http://en.mercopress.com/2019/01/26/dam-collapses-in-brazil-mud-sludge-leaves-over-200-miners-missing?utm_source=feed&utm_medium=rss&utm_content=brazil&utm_campaign=rss", "url_b": "https://www.independent.co.uk/news/world/americas/brazil-dam-collapse-latest-update-mine-missing-death-toll-vale-minas-gerais-mariana-a8747201.html", "label": 1}, {"timeline_id": 2, "headline_a": "Remember Savita': father's plea for voters to end Ireland's abortion ban", "headline_b": "Ireland referendum could lift strict ban on abortion", "date_a": "2018-05-23", "date_b": "2018-05-25", "url_a": "https://www.theguardian.com/world/2018/may/23/ireland-abortion-referendum-savita-father-galway", "url_b": "http://www.foxnews.com/world/2018/05/25/ireland-referendum-could-lift-strict-ban-on-abortion.html", "label": 0}, {"timeline_id": 1, "headline_a": "Whistleblower Snowden can apply for Russian passport next year: RIA cites lawyer", "headline_b": "Barack Obama commutes sentence of Puerto Rican independence fighter Oscar L\u00f3pez Rivera", "date_a": "2017-01-18", "date_b": "2017-01-18", "url_a": "http://www.reuters.com/article/us-usa-snowden-russia-idUSKBN1520I9?feedType=RSS&feedName=worldNews", "url_b": "http://www.independent.co.uk/news/us-president-barack-obama-oscar-lopez-river-commutes-sentence-puerto-rican-independence-activist-a7533191.html", "label": 0}, {"timeline_id": 9, "headline_a": "Brazilian despair turns to anger as toll from Vale dam disaster hits 60", "headline_b": "Brazil dam: Startling pictures of Brumadinho collapse", "date_a": "2019-01-28", "date_b": "2019-02-01", "url_a": "https://www.reuters.com/article/us-vale-sa-disaster/brazilian-despair-turns-to-anger-as-toll-from-vale-dam-disaster-hits-60-idUSKCN1PM0AP?feedType=RSS&feedName;=worldNews", "url_b": "https://www.bbc.co.uk/news/world-latin-america-47096011", "label": 0}]