## 토큰, 레이블 구분자 : \t
## 토큰 구분자 : \n
## 문장 구분자 : \n\n
## 주석 : ##
## 칼럼명 : INDEX	WORD_FORM	LEMMA	POS	HEAD	DEPREL
## klue-dp-v1_train_00000_wikitree	해당 그림을 보면 디즈니 공주들이 브리트니 스피어스의 앨범이나 뮤직비디오, 화보 속 모습을 똑같이 재연했다.
1	해당	해당	NNG	2	NP
2	그림을	그림 을	NNG+JKO	3	NP_OBJ
3	보면	보 면	VV+EC	14	VP
4	디즈니	디즈니	NNP	5	NP
5	공주들이	공주 들 이	NNG+XSN+JKS	14	NP_SBJ
6	브리트니	브리트니	NNP	7	NP
7	스피어스의	스피어스 의	NNP+JKG	10	NP_MOD
8	앨범이나	앨범 이나	NNG+JC	10	NP_CNJ
9	뮤직비디오,	뮤직 비디오 ,	NNG+NNG+SP	10	NP_CNJ
10	화보	화보	NNG	11	NP
11	속	속	NNG	12	NP
12	모습을	모습 을	NNG+JKO	14	NP_OBJ
13	똑같이	똑같이	MAG	14	AP
14	재연했다.	재연 하 였 다 .	NNG+XSA+EP+EF+SF	0	VP