[{"guid": "klue-sts-v1_train_00000", "source": "airbnb-rtt", "sentence1": "\uc219\uc18c \uc704\uce58\ub294 \ucc3e\uae30 \uc27d\uace0 \uc77c\ubc18\uc801\uc778 \ud55c\uad6d\uc758 \ubc18\uc9c0\ud558 \uc219\uc18c\uc785\ub2c8\ub2e4.", "sentence2": "\uc219\ubc15\uc2dc\uc124\uc758 \uc704\uce58\ub294 \uc27d\uac8c \ucc3e\uc744 \uc218 \uc788\uace0 \ud55c\uad6d\uc758 \ub300\ud45c\uc801\uc778 \ubc18\uc9c0\ud558 \uc219\ubc15\uc2dc\uc124\uc785\ub2c8\ub2e4.", "labels": {"label": 3.7, "real-label": 3.714285714285714, "binary-label": 1}, "annotations": {"agreement": "0:0:0:2:5:0", "annotators": ["07", "13", "15", "10", "12", "02", "19"], "annotations": [3, 4, 4, 4, 3, 4, 4]}}, {"guid": "klue-sts-v1_train_00001", "source": "policy-sampled", "sentence1": "\uc704\ubc18\ud589\uc704 \uc870\uc0ac \ub4f1\uc744 \uac70\ubd80\u00b7\ubc29\ud574\u00b7\uae30\ud53c\ud55c \uc790\ub294 500\ub9cc\uc6d0 \uc774\ud558 \uacfc\ud0dc\ub8cc \ubd80\uacfc \ub300\uc0c1\uc774\ub2e4.", "sentence2": "\uc2dc\ubbfc\ub4e4 \uc2a4\uc2a4\ub85c \uc790\ubc1c\uc801\uc778 \uc608\ubc29 \ub178\ub825\uc744\u00a0\ud55c \uac83\uc740 \uc544\uc0b0 \ubfd0\ub9cc\uc774 \uc544\ub2c8\uc5c8\ub2e4.", "labels": {"label": 0.0, "real-label": 0.0, "binary-label": 0}, "annotations": {"agreement": "5:0:0:0:0:0", "annotators": ["14", "12", "08", "10", "13"], "annotations": [0, 0, 0, 0, 0]}}, {"guid": "klue-sts-v1_train_00002", "source": "paraKQC-sampled", "sentence1": "\ud68c\uc0ac\uac00 \ubcf4\ub0b8 \uba54\uc77c\uc740 \uc774 \uc9c0\uba54\uc77c\uc774 \uc544\ub2c8\ub77c \ub2e4\ub978 \uc9c0\uba54\uc77c \uacc4\uc815\uc73c\ub85c \uc804\ub2ec\ud574\uc918.", "sentence2": "\uc0ac\ub78c\ub4e4\uc774 \uc8fc\ub85c \ub124\uc774\ubc84 \uba54\uc77c\uc744 \uc4f0\ub294 \uc774\uc720\ub97c \uc54c\ub824\uc918", "labels": {"label": 0.3, "real-label": 0.3333333333333333, "binary-label": 0}, "annotations": {"agreement": "4:2:0:0:0:0", "annotators": ["16", "14", "12", "15", "05", "02"], "annotations": [0, 0, 1, 0, 0, 1]}}, {"guid": "klue-sts-v1_train_00003", "source": "policy-sampled", "sentence1": "\uae34\uae09 \uace0\uc6a9\uc548\uc815\uc9c0\uc6d0\uae08\uc740 \uc9c0\uc5ed\uace0\uc6a9\ub300\uc751 \ub4f1 \ud2b9\ubcc4\uc9c0\uc6d0\uae08, \uc9c0\uc790\uccb4\ubcc4 \uc18c\uc0c1\uacf5\uc778 \uc9c0\uc6d0\uc0ac\uc5c5, \ucde8\uc5c5\uc131\uacf5\ud328\ud0a4\uc9c0, \uccad\ub144\uad6c\uc9c1\ud65c\ub3d9\uc9c0\uc6d0\uae08, \uae34\uae09\ubcf5\uc9c0\uc9c0\uc6d0\uc81c\ub3c4 \uc9c0\uc6d0\uae08\uacfc\ub294 \uc911\ubcf5 \uc218\uae09\uc774 \ubd88\uac00\ub2a5\ud558\ub2e4.", "sentence2": "\uace0\uc6a9\ubcf4\ud5d8\uc774 1\ucc28 \uace0\uc6a9\uc548\uc804\ub9dd\uc774\ub77c\uba74, \uad6d\ubbfc\ucde8\uc5c5\uc9c0\uc6d0\uc81c\ub3c4\ub294 2\ucc28 \uace0\uc6a9\uc548\uc804\ub9dd\uc785\ub2c8\ub2e4.", "labels": {"label": 0.6, "real-label": 0.5714285714285714, "binary-label": 0}, "annotations": {"agreement": "4:2:1:0:0:0", "annotators": ["17", "06", "05", "04", "12", "08", "09"], "annotations": [0, 0, 0, 2, 0, 1, 1]}}, {"guid": "klue-sts-v1_train_00004", "source": "airbnb-rtt", "sentence1": "\ud638\uc2a4\ud2b8\uc758 \ub2f5\uc7a5\uc774 \ub2a6\uc73c\ub098, \uac1c\uc120\ub420 \uac83\uc73c\ub85c \ubcf4\uc785\ub2c8\ub2e4.", "sentence2": "\ud638\uc2a4\ud2b8 \uc751\ub2f5\uc774 \ub2a6\uc5c8\uc9c0\ub9cc \uac1c\uc120\ub420 \uac83\uc73c\ub85c \ubcf4\uc785\ub2c8\ub2e4.", "labels": {"label": 4.7, "real-label": 4.714285714285714, "binary-label": 1}, "annotations": {"agreement": "0:0:0:0:2:5", "annotators": ["17", "09", "16", "05", "15", "19", "08"], "annotations": [5, 4, 5, 5, 5, 5, 4]}}]