[{"guid": "klue-sts-v1_train_00000", "source": "airbnb-rtt", "sentence1": "\uc219\uc18c \uc704\uce58\ub294 \ucc3e\uae30 \uc27d\uace0 \uc77c\ubc18\uc801\uc778 \ud55c\uad6d\uc758 \ubc18\uc9c0\ud558 \uc219\uc18c\uc785\ub2c8\ub2e4.", "sentence2": "\uc219\ubc15\uc2dc\uc124\uc758 \uc704\uce58\ub294 \uc27d\uac8c \ucc3e\uc744 \uc218 \uc788\uace0 \ud55c\uad6d\uc758 \ub300\ud45c\uc801\uc778 \ubc18\uc9c0\ud558 \uc219\ubc15\uc2dc\uc124\uc785\ub2c8\ub2e4.", "labels": {"label": 3.7, "real-label": 3.714285714285714, "binary-label": 1}, "annotations": {"agreement": "0:0:0:2:5:0", "annotators": ["07", "13", "15", "10", "12", "02", "19"], "annotations": [3, 4, 4, 4, 3, 4, 4]}}, {"guid": "klue-sts-v1_train_00001", "source": "policy-sampled", "sentence1": "\uc704\ubc18\ud589\uc704 \uc870\uc0ac \ub4f1\uc744 \uac70\ubd80\u00b7\ubc29\ud574\u00b7\uae30\ud53c\ud55c \uc790\ub294 500\ub9cc\uc6d0 \uc774\ud558 \uacfc\ud0dc\ub8cc \ubd80\uacfc \ub300\uc0c1\uc774\ub2e4.", "sentence2": "\uc2dc\ubbfc\ub4e4 \uc2a4\uc2a4\ub85c \uc790\ubc1c\uc801\uc778 \uc608\ubc29 \ub178\ub825\uc744\u00a0\ud55c \uac83\uc740 \uc544\uc0b0 \ubfd0\ub9cc\uc774 \uc544\ub2c8\uc5c8\ub2e4.", "labels": {"label": 0.0, "real-label": 0.0, "binary-label": 0}, "annotations": {"agreement": "5:0:0:0:0:0", "annotators": ["14", "12", "08", "10", "13"], "annotations": [0, 0, 0, 0, 0]}}, {"guid": "klue-sts-v1_train_00002", "source": "paraKQC-sampled", "sentence1": "\ud68c\uc0ac\uac00 \ubcf4\ub0b8 \uba54\uc77c\uc740 \uc774 \uc9c0\uba54\uc77c\uc774 \uc544\ub2c8\ub77c \ub2e4\ub978 \uc9c0\uba54\uc77c \uacc4\uc815\uc73c\ub85c \uc804\ub2ec\ud574\uc918.", "sentence2": "\uc0ac\ub78c\ub4e4\uc774 \uc8fc\ub85c \ub124\uc774\ubc84 \uba54\uc77c\uc744 \uc4f0\ub294 \uc774\uc720\ub97c \uc54c\ub824\uc918", "labels": {"label": 0.3, "real-label": 0.3333333333333333, "binary-label": 0}, "annotations": {"agreement": "4:2:0:0:0:0", "annotators": ["16", "14", "12", "15", "05", "02"], "annotations": [0, 0, 1, 0, 0, 1]}}, {"guid": "klue-sts-v1_train_00003", "source": "policy-sampled", "sentence1": "\uae34\uae09 \uace0\uc6a9\uc548\uc815\uc9c0\uc6d0\uae08\uc740 \uc9c0\uc5ed\uace0\uc6a9\ub300\uc751 \ub4f1 \ud2b9\ubcc4\uc9c0\uc6d0\uae08, \uc9c0\uc790\uccb4\ubcc4 \uc18c\uc0c1\uacf5\uc778 \uc9c0\uc6d0\uc0ac\uc5c5, \ucde8\uc5c5\uc131\uacf5\ud328\ud0a4\uc9c0, \uccad\ub144\uad6c\uc9c1\ud65c\ub3d9\uc9c0\uc6d0\uae08, \uae34\uae09\ubcf5\uc9c0\uc9c0\uc6d0\uc81c\ub3c4 \uc9c0\uc6d0\uae08\uacfc\ub294 \uc911\ubcf5 \uc218\uae09\uc774 \ubd88\uac00\ub2a5\ud558\ub2e4.", "sentence2": "\uace0\uc6a9\ubcf4\ud5d8\uc774 1\ucc28 \uace0\uc6a9\uc548\uc804\ub9dd\uc774\ub77c\uba74, \uad6d\ubbfc\ucde8\uc5c5\uc9c0\uc6d0\uc81c\ub3c4\ub294 2\ucc28 \uace0\uc6a9\uc548\uc804\ub9dd\uc785\ub2c8\ub2e4.", "labels": {"label": 0.6, "real-label": 0.5714285714285714, "binary-label": 0}, "annotations": {"agreement": "4:2:1:0:0:0", "annotators": ["17", "06", "05", "04", "12", "08", "09"], "annotations": [0, 0, 0, 2, 0, 1, 1]}}, {"guid": "klue-sts-v1_train_00004", "source": "airbnb-rtt", "sentence1": "\ud638\uc2a4\ud2b8\uc758 \ub2f5\uc7a5\uc774 \ub2a6\uc73c\ub098, \uac1c\uc120\ub420 \uac83\uc73c\ub85c \ubcf4\uc785\ub2c8\ub2e4.", "sentence2": "\ud638\uc2a4\ud2b8 \uc751\ub2f5\uc774 \ub2a6\uc5c8\uc9c0\ub9cc \uac1c\uc120\ub420 \uac83\uc73c\ub85c \ubcf4\uc785\ub2c8\ub2e4.", "labels": {"label": 4.7, "real-label": 4.714285714285714, "binary-label": 1}, "annotations": {"agreement": "0:0:0:0:2:5", "annotators": ["17", "09", "16", "05", "15", "19", "08"], "annotations": [5, 4, 5, 5, 5, 5, 4]}}, {"guid": "klue-sts-v1_train_00005", "source": "policy-sampled", "sentence1": "\uc815\ubd80\uac00 \uc0c8\ub85c\uc6b4 \uc77c\uc790\ub9ac\ub97c \uc9c1\uc811 \ucc3d\ucd9c\ud558\ub294 \ub178\ub825\ub3c4 \ubc30\uac00\ud558\uaca0\uc2b5\ub2c8\ub2e4.", "sentence2": "\uc138\uacc4\uc5d0\uc11c \uc6b0\ub9ac\ub9cc\ud07c \uc624\ub79c \uc5ed\uc0ac\uc640 \ubb38\ud654\ub97c \uacf5\uc720\ud558\ub294 \uac00\uae4c\uc6b4 \uc774\uc6c3\uc774 \uc5c6\uc2b5\ub2c8\ub2e4.", "labels": {"label": 0.0, "real-label": 0.0, "binary-label": 0}, "annotations": {"agreement": "7:0:0:0:0:0", "annotators": ["19", "18", "08", "04", "06", "10", "13"], "annotations": [0, 0, 0, 0, 0, 0, 0]}}, {"guid": "klue-sts-v1_train_00006", "source": "airbnb-rtt", "sentence1": "\uc9c0\ud558\ucca0\uc744 \ud0c0\ub3c4 30\ubd84\uc548\uc5d0\ub294 \uc774\ub3d9\uc774 \uac00\ub2a5\ud569\ub2c8\ub2e4!", "sentence2": "\uc9c0\ud558\ucca0\uc744 \ud0c4\ub2e4\uace0 \ud574\ub3c4, 30\ubd84\uc774\uba74 \uadf8\uacf3\uc5d0 \ub3c4\ucc29\ud560 \uc218 \uc788\uc5b4\uc694!", "labels": {"label": 4.0, "real-label": 4.0, "binary-label": 1}, "annotations": {"agreement": "0:0:0:2:2:2", "annotators": ["02", "07", "05", "17", "13", "04"], "annotations": [4, 3, 4, 5, 5, 3]}}, {"guid": "klue-sts-v1_train_00007", "source": "policy-sampled", "sentence1": "\uc0ac\ub840\uc9d1\uc740 \uad6d\ub9bd\ud658\uacbd\uacfc\ud559\uc6d0 \ub204\ub9ac\uc9d1(ecolibrary.me.go.kr)\uc5d0\uc11c 12\uc77c\ubd80\ud130 \ubcfc \uc218 \uc788\ub2e4.", "sentence2": "\uc8fc\ub9d0\uc744 \uc81c\uc678\ud55c \ud3c9\uc77c \uc624\ud6c4 12\uc2dc 30\ubd84\ubd80\ud130 \ubb38\uc608\ud68c\uad00 \uacf5\uc2dd \ud398\uc774\uc2a4\ubd81\uacfc \uc720\ud29c\ube0c\uc5d0\uc11c\ub294 \uc9c0\uc5ed \uc608\uc220\uc778\ub4e4\uc774 \uc911\uc2ec\uc774 \ub41c \uc11c\uc591\uc74c\uc545, \uad6d\uc545, \ub304\uc2a4 \ub4f1\uc758 \uacf5\uc5f0\uc744 \uc2e4\uc2dc\uac04\uc73c\ub85c \uac10\uc0c1\ud560 \uc218 \uc788\ub2e4.", "labels": {"label": 0.0, "real-label": 0.0, "binary-label": 0}, "annotations": {"agreement": "6:0:0:0:0:0", "annotators": ["03", "19", "16", "18", "12", "08"], "annotations": [0, 0, 0, 0, 0, 0]}}, {"guid": "klue-sts-v1_train_00008", "source": "paraKQC-sampled", "sentence1": "\ud658\ud401\uae30 \uc791\ub3d9 \ubc29\ubc95 \uc880 \uc124\uba85\ud574\uc918", "sentence2": "\uc870\uba85\ub4f1 \ub0ae\uc5d0 \ucf1c\ub193\uc73c\uba74 \ud070\uc77c\ub098", "labels": {"label": 0.1, "real-label": 0.1428571428571428, "binary-label": 0}, "annotations": {"agreement": "6:1:0:0:0:0", "annotators": ["17", "04", "14", "15", "05", "12", "02"], "annotations": [0, 0, 0, 0, 0, 1, 0]}}, {"guid": "klue-sts-v1_train_00009", "source": "airbnb-rtt", "sentence1": "\uc0c8\ub85c\uc6b4 \uce5c\uad6c\ub4e4\uc744 \ub9cc\ub098\uace0 \uc2f6\uc744\ub54c \uc544\uc8fc \ucd94\ucc9c\ud569\ub2c8\ub2e4.", "sentence2": "\uc0c8\ub85c\uc6b4 \uce5c\uad6c\ub4e4\uc744 \ub9cc\ub098\uace0 \uc2f6\uc744 \ub54c \ucd94\ucc9c\ud569\ub2c8\ub2e4.", "labels": {"label": 4.4, "real-label": 4.428571428571429, "binary-label": 1}, "annotations": {"agreement": "0:0:0:0:4:3", "annotators": ["05", "17", "07", "06", "15", "12", "19"], "annotations": [5, 5, 4, 4, 4, 5, 4]}}, {"guid": "klue-sts-v1_train_00010", "source": "paraKQC-sampled", "sentence1": "\uc9c0\uae08 \uce60\uc6d4\uc5d0 \uc57d\uc18d\uc744 \uba87 \uac1c\ub098 \uc7a1\uc73c\uc168\ub294\uc9c0 \ub9d0\uc474\ud574 \uc8fc\uc2e4 \uc218 \uc788\ub098\uc694?", "sentence2": "\uc2dd\uc0ac \uac78\ub7ec\ubd24\uc790 \uc0b4 \ube60\uc9c0\uc9c0\ub3c4 \uc54a\uc73c\ub2c8\uae4c \uac70\ub974\uc9c0 \ub9c8\uc138\uc694.", "labels": {"label": 0.0, "real-label": 0.0, "binary-label": 0}, "annotations": {"agreement": "7:0:0:0:0:0", "annotators": ["12", "08", "15", "04", "10", "19", "13"], "annotations": [0, 0, 0, 0, 0, 0, 0]}}, {"guid": "klue-sts-v1_train_00011", "source": "airbnb-sampled", "sentence1": "2\uce35 \ubd80\uc5cc\uacfc \uac70\uc2e4 \uc2dc\uc124\ub3c4 \uad49\uc7a5\ud788 \uc88b\uace0 \ud788\ud130\ub3c4 \uc798 \uc791\ub3d9\ud569\ub2c8\ub2e4.", "sentence2": "\uc8fc\ubc29\uc2dc\uc124 \uc0c1\ud0dc\ub3c4 \uc88b\uace0 \uc695\uc2e4\ub3c4 \uae68\ub057\ud569\ub2c8\ub2e4.", "labels": {"label": 0.7, "real-label": 0.7142857142857143, "binary-label": 0}, "annotations": {"agreement": "4:1:2:0:0:0", "annotators": ["09", "03", "15", "02", "04", "08", "06"], "annotations": [0, 0, 0, 2, 0, 2, 1]}}, {"guid": "klue-sts-v1_train_00012", "source": "airbnb-sampled", "sentence1": "\uc624\ud6c4 4\uc2dc\ucbe4\uc5d0 \uc815\uc6d0\uc740 \ub108\ubb34\ub098 \uc544\ub984\ub2e4\uc6e0\uc5b4\uc694!", "sentence2": "\uc644\ubcbd\uc5d0 \uac00\uae4c\uc6b8\ub9cc\ud07c \uc0ac\uc9c4\uacfc \ub611\uac19\uc740 \uc7a5\uc18c\uc600\uc5b4\uc694!", "labels": {"label": 0.0, "real-label": 0.0, "binary-label": 0}, "annotations": {"agreement": "7:0:0:0:0:0", "annotators": ["17", "16", "09", "13", "14", "06", "18"], "annotations": [0, 0, 0, 0, 0, 0, 0]}}, {"guid": "klue-sts-v1_train_00013", "source": "airbnb-sampled", "sentence1": "\ub2e4\ub9cc \uc18c\ud30c \uce68\ub300\uc5d0 \uc5bc\ub8e9\uacfc \uba3c\uc9c0\uac00 \uc870\uae08 \uc788\uc5c8\uc2b5\ub2c8\ub2e4", "sentence2": "\ub2e4\ub9cc, \uad00\uad11\uc9c0\ub4e4\uacfc \uac70\ub9ac\uac00 \uc870\uae08 \uc788\uc2b5\ub2c8\ub2e4.", "labels": {"label": 1.0, "real-label": 1.0, "binary-label": 0}, "annotations": {"agreement": "1:4:1:0:0:0", "annotators": ["12", "15", "16", "03", "09", "18"], "annotations": [1, 1, 2, 1, 0, 1]}}, {"guid": "klue-sts-v1_train_00014", "source": "paraKQC-sampled", "sentence1": "\uc55e\uc73c\ub85c \ub2a6\uc9c0 \ub9d0\uace0 \ud68c\uc0ac \uc0c1\uc0ac\uc640 \uc57d\uc18d\uc5d0\ub294 \uba3c\uc800 \ub098\uac00\uc57c\ud574.", "sentence2": "\uc57d\uc18d \uc77c\uc815 \ubcc0\uacbd\uc740 \ub2f9\uc77c\uc774 \uc544\ub2c8\ub77c \ubbf8\ub9ac\ubbf8\ub9ac \uc598\uae30\ud558\ub3c4\ub85d \ud558\uc138\uc694.", "labels": {"label": 1.3, "real-label": 1.333333333333333, "binary-label": 0}, "annotations": {"agreement": "2:1:2:1:0:0", "annotators": ["07", "04", "05", "12", "08", "06"], "annotations": [1, 2, 0, 3, 2, 0]}}, {"guid": "klue-sts-v1_train_00015", "source": "airbnb-rtt", "sentence1": "\uc2e0\uc8fc\ucfe0\uc5d0\uc11c \ub531 \ub450 \uc815\uac70\uc7a5 \ub5a8\uc5b4\uc9c4 \ud788\uac00\uc2dc\ub098\uce74\ub178 \uc5ed\uc5d0\uc11c \uae08\ubc29 \uac08 \uc218 \uc788\uad6c\uc694", "sentence2": "\uc2e0\uc8fc\ucfe0\uc5d0\uc11c \ub450 \uc815\uac70\uc7a5\ub9cc \uac00\uba74 \ud788\uac00\uc2dc\ub098\uce74\ub178 \uc5ed\uc5d0 \ub3c4\ucc29\ud560 \uc218 \uc788\uc5b4\uc694.", "labels": {"label": 3.8, "real-label": 3.833333333333333, "binary-label": 1}, "annotations": {"agreement": "0:0:2:0:1:3", "annotators": ["02", "08", "19", "14", "09", "12"], "annotations": [5, 2, 2, 4, 5, 5]}}, {"guid": "klue-sts-v1_train_00016", "source": "airbnb-rtt", "sentence1": "\uc2dc\ub044\ub7ec\uc6b4 \ub7f0\ub358 \uc911\uc2ec\uac00\ubcf4\ub2e4 \ud6e8\uc52c \uc88b\uc2b5\ub2c8\ub2e4.", "sentence2": "\uc2dc\ub04c\ubc85\uc801\ud55c \ub7f0\ub358 \uc2dc\ub0b4\ubcf4\ub2e4 \ud6e8\uc52c \uc88b\uc544\uc694.", "labels": {"label": 4.1, "real-label": 4.142857142857143, "binary-label": 1}, "annotations": {"agreement": "0:0:0:2:2:3", "annotators": ["10", "05", "12", "06", "04", "13", "08"], "annotations": [5, 4, 5, 3, 4, 5, 3]}}, {"guid": "klue-sts-v1_train_00017", "source": "paraKQC-para", "sentence1": "\uc2dc\uc7a5\uc5d0\uc11c \uc5b4\ub5a4 \uac70 \uc0ac\uc624\ub824\uace0 \ud558\uc2dc\ub098\uc694?", "sentence2": "\uc2dc\uc7a5\uc5d0\uc11c \ubb34\uc2a8 \ubb3c\uac74 \uc0ac \uc624\uac8c?", "labels": {"label": 3.8, "real-label": 3.833333333333333, "binary-label": 1}, "annotations": {"agreement": "0:0:1:1:2:2", "annotators": ["12", "03", "16", "18", "15", "10"], "annotations": [5, 2, 4, 5, 3, 4]}}, {"guid": "klue-sts-v1_train_00018", "source": "paraKQC-para", "sentence1": "\uc5d0\uc5b4\ucee8 \uc4f0\uba74 \uc548\ub41c\ub2e4\uace0 \uacbd\uace0\ud588\uc5b4.", "sentence2": "\uc5d0\uc5b4\ucee8 \uc4f0\uba74 \uc548 \ub41c\ub2e4", "labels": {"label": 3.7, "real-label": 3.666666666666667, "binary-label": 1}, "annotations": {"agreement": "0:0:0:2:4:0", "annotators": ["16", "17", "12", "06", "14", "15"], "annotations": [4, 4, 4, 3, 3, 4]}}, {"guid": "klue-sts-v1_train_00019", "source": "airbnb-sampled", "sentence1": "\uc5ec\ud589\uc744 \ub9c8\uce58\uace0 \ub098\uc11c\ub3c4 \ud638\uc2a4\ud2b8\uc640 \uccb4\ucf54\uac00 \uc0dd\uac01\uc774 \ub0a9\ub2c8\ub2e4.", "sentence2": "\uba3c\uc9c0 \ud55c \ud1a8 \uc5c6\uace0 \ud654\uc7a5\uc2e4\ub3c4 \uad11\uc774 \ub0a9\ub2c8\ub2e4.", "labels": {"label": 0.0, "real-label": 0.0, "binary-label": 0}, "annotations": {"agreement": "5:0:0:0:0:0", "annotators": ["14", "17", "04", "02", "18"], "annotations": [0, 0, 0, 0, 0]}}]