[{"guid": "klue-sts-v1_train_00000", "source": "airbnb-rtt", "sentence1": "\uc219\uc18c \uc704\uce58\ub294 \ucc3e\uae30 \uc27d\uace0 \uc77c\ubc18\uc801\uc778 \ud55c\uad6d\uc758 \ubc18\uc9c0\ud558 \uc219\uc18c\uc785\ub2c8\ub2e4.", "sentence2": "\uc219\ubc15\uc2dc\uc124\uc758 \uc704\uce58\ub294 \uc27d\uac8c \ucc3e\uc744 \uc218 \uc788\uace0 \ud55c\uad6d\uc758 \ub300\ud45c\uc801\uc778 \ubc18\uc9c0\ud558 \uc219\ubc15\uc2dc\uc124\uc785\ub2c8\ub2e4.", "labels": {"label": 3.7, "real-label": 3.714285714285714, "binary-label": 1}, "annotations": {"agreement": "0:0:0:2:5:0", "annotators": ["07", "13", "15", "10", "12", "02", "19"], "annotations": [3, 4, 4, 4, 3, 4, 4]}}, {"guid": "klue-sts-v1_train_00001", "source": "policy-sampled", "sentence1": "\uc704\ubc18\ud589\uc704 \uc870\uc0ac \ub4f1\uc744 \uac70\ubd80\u00b7\ubc29\ud574\u00b7\uae30\ud53c\ud55c \uc790\ub294 500\ub9cc\uc6d0 \uc774\ud558 \uacfc\ud0dc\ub8cc \ubd80\uacfc \ub300\uc0c1\uc774\ub2e4.", "sentence2": "\uc2dc\ubbfc\ub4e4 \uc2a4\uc2a4\ub85c \uc790\ubc1c\uc801\uc778 \uc608\ubc29 \ub178\ub825\uc744\u00a0\ud55c \uac83\uc740 \uc544\uc0b0 \ubfd0\ub9cc\uc774 \uc544\ub2c8\uc5c8\ub2e4.", "labels": {"label": 0.0, "real-label": 0.0, "binary-label": 0}, "annotations": {"agreement": "5:0:0:0:0:0", "annotators": ["14", "12", "08", "10", "13"], "annotations": [0, 0, 0, 0, 0]}}, {"guid": "klue-sts-v1_train_00002", "source": "paraKQC-sampled", "sentence1": "\ud68c\uc0ac\uac00 \ubcf4\ub0b8 \uba54\uc77c\uc740 \uc774 \uc9c0\uba54\uc77c\uc774 \uc544\ub2c8\ub77c \ub2e4\ub978 \uc9c0\uba54\uc77c \uacc4\uc815\uc73c\ub85c \uc804\ub2ec\ud574\uc918.", "sentence2": "\uc0ac\ub78c\ub4e4\uc774 \uc8fc\ub85c \ub124\uc774\ubc84 \uba54\uc77c\uc744 \uc4f0\ub294 \uc774\uc720\ub97c \uc54c\ub824\uc918", "labels": {"label": 0.3, "real-label": 0.3333333333333333, "binary-label": 0}, "annotations": {"agreement": "4:2:0:0:0:0", "annotators": ["16", "14", "12", "15", "05", "02"], "annotations": [0, 0, 1, 0, 0, 1]}}, {"guid": "klue-sts-v1_train_00003", "source": "policy-sampled", "sentence1": "\uae34\uae09 \uace0\uc6a9\uc548\uc815\uc9c0\uc6d0\uae08\uc740 \uc9c0\uc5ed\uace0\uc6a9\ub300\uc751 \ub4f1 \ud2b9\ubcc4\uc9c0\uc6d0\uae08, \uc9c0\uc790\uccb4\ubcc4 \uc18c\uc0c1\uacf5\uc778 \uc9c0\uc6d0\uc0ac\uc5c5, \ucde8\uc5c5\uc131\uacf5\ud328\ud0a4\uc9c0, \uccad\ub144\uad6c\uc9c1\ud65c\ub3d9\uc9c0\uc6d0\uae08, \uae34\uae09\ubcf5\uc9c0\uc9c0\uc6d0\uc81c\ub3c4 \uc9c0\uc6d0\uae08\uacfc\ub294 \uc911\ubcf5 \uc218\uae09\uc774 \ubd88\uac00\ub2a5\ud558\ub2e4.", "sentence2": "\uace0\uc6a9\ubcf4\ud5d8\uc774 1\ucc28 \uace0\uc6a9\uc548\uc804\ub9dd\uc774\ub77c\uba74, \uad6d\ubbfc\ucde8\uc5c5\uc9c0\uc6d0\uc81c\ub3c4\ub294 2\ucc28 \uace0\uc6a9\uc548\uc804\ub9dd\uc785\ub2c8\ub2e4.", "labels": {"label": 0.6, "real-label": 0.5714285714285714, "binary-label": 0}, "annotations": {"agreement": "4:2:1:0:0:0", "annotators": ["17", "06", "05", "04", "12", "08", "09"], "annotations": [0, 0, 0, 2, 0, 1, 1]}}, {"guid": "klue-sts-v1_train_00004", "source": "airbnb-rtt", "sentence1": "\ud638\uc2a4\ud2b8\uc758 \ub2f5\uc7a5\uc774 \ub2a6\uc73c\ub098, \uac1c\uc120\ub420 \uac83\uc73c\ub85c \ubcf4\uc785\ub2c8\ub2e4.", "sentence2": "\ud638\uc2a4\ud2b8 \uc751\ub2f5\uc774 \ub2a6\uc5c8\uc9c0\ub9cc \uac1c\uc120\ub420 \uac83\uc73c\ub85c \ubcf4\uc785\ub2c8\ub2e4.", "labels": {"label": 4.7, "real-label": 4.714285714285714, "binary-label": 1}, "annotations": {"agreement": "0:0:0:0:2:5", "annotators": ["17", "09", "16", "05", "15", "19", "08"], "annotations": [5, 4, 5, 5, 5, 5, 4]}}, {"guid": "klue-sts-v1_train_00005", "source": "policy-sampled", "sentence1": "\uc815\ubd80\uac00 \uc0c8\ub85c\uc6b4 \uc77c\uc790\ub9ac\ub97c \uc9c1\uc811 \ucc3d\ucd9c\ud558\ub294 \ub178\ub825\ub3c4 \ubc30\uac00\ud558\uaca0\uc2b5\ub2c8\ub2e4.", "sentence2": "\uc138\uacc4\uc5d0\uc11c \uc6b0\ub9ac\ub9cc\ud07c \uc624\ub79c \uc5ed\uc0ac\uc640 \ubb38\ud654\ub97c \uacf5\uc720\ud558\ub294 \uac00\uae4c\uc6b4 \uc774\uc6c3\uc774 \uc5c6\uc2b5\ub2c8\ub2e4.", "labels": {"label": 0.0, "real-label": 0.0, "binary-label": 0}, "annotations": {"agreement": "7:0:0:0:0:0", "annotators": ["19", "18", "08", "04", "06", "10", "13"], "annotations": [0, 0, 0, 0, 0, 0, 0]}}, {"guid": "klue-sts-v1_train_00006", "source": "airbnb-rtt", "sentence1": "\uc9c0\ud558\ucca0\uc744 \ud0c0\ub3c4 30\ubd84\uc548\uc5d0\ub294 \uc774\ub3d9\uc774 \uac00\ub2a5\ud569\ub2c8\ub2e4!", "sentence2": "\uc9c0\ud558\ucca0\uc744 \ud0c4\ub2e4\uace0 \ud574\ub3c4, 30\ubd84\uc774\uba74 \uadf8\uacf3\uc5d0 \ub3c4\ucc29\ud560 \uc218 \uc788\uc5b4\uc694!", "labels": {"label": 4.0, "real-label": 4.0, "binary-label": 1}, "annotations": {"agreement": "0:0:0:2:2:2", "annotators": ["02", "07", "05", "17", "13", "04"], "annotations": [4, 3, 4, 5, 5, 3]}}, {"guid": "klue-sts-v1_train_00007", "source": "policy-sampled", "sentence1": "\uc0ac\ub840\uc9d1\uc740 \uad6d\ub9bd\ud658\uacbd\uacfc\ud559\uc6d0 \ub204\ub9ac\uc9d1(ecolibrary.me.go.kr)\uc5d0\uc11c 12\uc77c\ubd80\ud130 \ubcfc \uc218 \uc788\ub2e4.", "sentence2": "\uc8fc\ub9d0\uc744 \uc81c\uc678\ud55c \ud3c9\uc77c \uc624\ud6c4 12\uc2dc 30\ubd84\ubd80\ud130 \ubb38\uc608\ud68c\uad00 \uacf5\uc2dd \ud398\uc774\uc2a4\ubd81\uacfc \uc720\ud29c\ube0c\uc5d0\uc11c\ub294 \uc9c0\uc5ed \uc608\uc220\uc778\ub4e4\uc774 \uc911\uc2ec\uc774 \ub41c \uc11c\uc591\uc74c\uc545, \uad6d\uc545, \ub304\uc2a4 \ub4f1\uc758 \uacf5\uc5f0\uc744 \uc2e4\uc2dc\uac04\uc73c\ub85c \uac10\uc0c1\ud560 \uc218 \uc788\ub2e4.", "labels": {"label": 0.0, "real-label": 0.0, "binary-label": 0}, "annotations": {"agreement": "6:0:0:0:0:0", "annotators": ["03", "19", "16", "18", "12", "08"], "annotations": [0, 0, 0, 0, 0, 0]}}, {"guid": "klue-sts-v1_train_00008", "source": "paraKQC-sampled", "sentence1": "\ud658\ud401\uae30 \uc791\ub3d9 \ubc29\ubc95 \uc880 \uc124\uba85\ud574\uc918", "sentence2": "\uc870\uba85\ub4f1 \ub0ae\uc5d0 \ucf1c\ub193\uc73c\uba74 \ud070\uc77c\ub098", "labels": {"label": 0.1, "real-label": 0.1428571428571428, "binary-label": 0}, "annotations": {"agreement": "6:1:0:0:0:0", "annotators": ["17", "04", "14", "15", "05", "12", "02"], "annotations": [0, 0, 0, 0, 0, 1, 0]}}, {"guid": "klue-sts-v1_train_00009", "source": "airbnb-rtt", "sentence1": "\uc0c8\ub85c\uc6b4 \uce5c\uad6c\ub4e4\uc744 \ub9cc\ub098\uace0 \uc2f6\uc744\ub54c \uc544\uc8fc \ucd94\ucc9c\ud569\ub2c8\ub2e4.", "sentence2": "\uc0c8\ub85c\uc6b4 \uce5c\uad6c\ub4e4\uc744 \ub9cc\ub098\uace0 \uc2f6\uc744 \ub54c \ucd94\ucc9c\ud569\ub2c8\ub2e4.", "labels": {"label": 4.4, "real-label": 4.428571428571429, "binary-label": 1}, "annotations": {"agreement": "0:0:0:0:4:3", "annotators": ["05", "17", "07", "06", "15", "12", "19"], "annotations": [5, 5, 4, 4, 4, 5, 4]}}, {"guid": "klue-sts-v1_train_00010", "source": "paraKQC-sampled", "sentence1": "\uc9c0\uae08 \uce60\uc6d4\uc5d0 \uc57d\uc18d\uc744 \uba87 \uac1c\ub098 \uc7a1\uc73c\uc168\ub294\uc9c0 \ub9d0\uc474\ud574 \uc8fc\uc2e4 \uc218 \uc788\ub098\uc694?", "sentence2": "\uc2dd\uc0ac \uac78\ub7ec\ubd24\uc790 \uc0b4 \ube60\uc9c0\uc9c0\ub3c4 \uc54a\uc73c\ub2c8\uae4c \uac70\ub974\uc9c0 \ub9c8\uc138\uc694.", "labels": {"label": 0.0, "real-label": 0.0, "binary-label": 0}, "annotations": {"agreement": "7:0:0:0:0:0", "annotators": ["12", "08", "15", "04", "10", "19", "13"], "annotations": [0, 0, 0, 0, 0, 0, 0]}}, {"guid": "klue-sts-v1_train_00011", "source": "airbnb-sampled", "sentence1": "2\uce35 \ubd80\uc5cc\uacfc \uac70\uc2e4 \uc2dc\uc124\ub3c4 \uad49\uc7a5\ud788 \uc88b\uace0 \ud788\ud130\ub3c4 \uc798 \uc791\ub3d9\ud569\ub2c8\ub2e4.", "sentence2": "\uc8fc\ubc29\uc2dc\uc124 \uc0c1\ud0dc\ub3c4 \uc88b\uace0 \uc695\uc2e4\ub3c4 \uae68\ub057\ud569\ub2c8\ub2e4.", "labels": {"label": 0.7, "real-label": 0.7142857142857143, "binary-label": 0}, "annotations": {"agreement": "4:1:2:0:0:0", "annotators": ["09", "03", "15", "02", "04", "08", "06"], "annotations": [0, 0, 0, 2, 0, 2, 1]}}, {"guid": "klue-sts-v1_train_00012", "source": "airbnb-sampled", "sentence1": "\uc624\ud6c4 4\uc2dc\ucbe4\uc5d0 \uc815\uc6d0\uc740 \ub108\ubb34\ub098 \uc544\ub984\ub2e4\uc6e0\uc5b4\uc694!", "sentence2": "\uc644\ubcbd\uc5d0 \uac00\uae4c\uc6b8\ub9cc\ud07c \uc0ac\uc9c4\uacfc \ub611\uac19\uc740 \uc7a5\uc18c\uc600\uc5b4\uc694!", "labels": {"label": 0.0, "real-label": 0.0, "binary-label": 0}, "annotations": {"agreement": "7:0:0:0:0:0", "annotators": ["17", "16", "09", "13", "14", "06", "18"], "annotations": [0, 0, 0, 0, 0, 0, 0]}}, {"guid": "klue-sts-v1_train_00013", "source": "airbnb-sampled", "sentence1": "\ub2e4\ub9cc \uc18c\ud30c \uce68\ub300\uc5d0 \uc5bc\ub8e9\uacfc \uba3c\uc9c0\uac00 \uc870\uae08 \uc788\uc5c8\uc2b5\ub2c8\ub2e4", "sentence2": "\ub2e4\ub9cc, \uad00\uad11\uc9c0\ub4e4\uacfc \uac70\ub9ac\uac00 \uc870\uae08 \uc788\uc2b5\ub2c8\ub2e4.", "labels": {"label": 1.0, "real-label": 1.0, "binary-label": 0}, "annotations": {"agreement": "1:4:1:0:0:0", "annotators": ["12", "15", "16", "03", "09", "18"], "annotations": [1, 1, 2, 1, 0, 1]}}, {"guid": "klue-sts-v1_train_00014", "source": "paraKQC-sampled", "sentence1": "\uc55e\uc73c\ub85c \ub2a6\uc9c0 \ub9d0\uace0 \ud68c\uc0ac \uc0c1\uc0ac\uc640 \uc57d\uc18d\uc5d0\ub294 \uba3c\uc800 \ub098\uac00\uc57c\ud574.", "sentence2": "\uc57d\uc18d \uc77c\uc815 \ubcc0\uacbd\uc740 \ub2f9\uc77c\uc774 \uc544\ub2c8\ub77c \ubbf8\ub9ac\ubbf8\ub9ac \uc598\uae30\ud558\ub3c4\ub85d \ud558\uc138\uc694.", "labels": {"label": 1.3, "real-label": 1.333333333333333, "binary-label": 0}, "annotations": {"agreement": "2:1:2:1:0:0", "annotators": ["07", "04", "05", "12", "08", "06"], "annotations": [1, 2, 0, 3, 2, 0]}}, {"guid": "klue-sts-v1_train_00015", "source": "airbnb-rtt", "sentence1": "\uc2e0\uc8fc\ucfe0\uc5d0\uc11c \ub531 \ub450 \uc815\uac70\uc7a5 \ub5a8\uc5b4\uc9c4 \ud788\uac00\uc2dc\ub098\uce74\ub178 \uc5ed\uc5d0\uc11c \uae08\ubc29 \uac08 \uc218 \uc788\uad6c\uc694", "sentence2": "\uc2e0\uc8fc\ucfe0\uc5d0\uc11c \ub450 \uc815\uac70\uc7a5\ub9cc \uac00\uba74 \ud788\uac00\uc2dc\ub098\uce74\ub178 \uc5ed\uc5d0 \ub3c4\ucc29\ud560 \uc218 \uc788\uc5b4\uc694.", "labels": {"label": 3.8, "real-label": 3.833333333333333, "binary-label": 1}, "annotations": {"agreement": "0:0:2:0:1:3", "annotators": ["02", "08", "19", "14", "09", "12"], "annotations": [5, 2, 2, 4, 5, 5]}}, {"guid": "klue-sts-v1_train_00016", "source": "airbnb-rtt", "sentence1": "\uc2dc\ub044\ub7ec\uc6b4 \ub7f0\ub358 \uc911\uc2ec\uac00\ubcf4\ub2e4 \ud6e8\uc52c \uc88b\uc2b5\ub2c8\ub2e4.", "sentence2": "\uc2dc\ub04c\ubc85\uc801\ud55c \ub7f0\ub358 \uc2dc\ub0b4\ubcf4\ub2e4 \ud6e8\uc52c \uc88b\uc544\uc694.", "labels": {"label": 4.1, "real-label": 4.142857142857143, "binary-label": 1}, "annotations": {"agreement": "0:0:0:2:2:3", "annotators": ["10", "05", "12", "06", "04", "13", "08"], "annotations": [5, 4, 5, 3, 4, 5, 3]}}, {"guid": "klue-sts-v1_train_00017", "source": "paraKQC-para", "sentence1": "\uc2dc\uc7a5\uc5d0\uc11c \uc5b4\ub5a4 \uac70 \uc0ac\uc624\ub824\uace0 \ud558\uc2dc\ub098\uc694?", "sentence2": "\uc2dc\uc7a5\uc5d0\uc11c \ubb34\uc2a8 \ubb3c\uac74 \uc0ac \uc624\uac8c?", "labels": {"label": 3.8, "real-label": 3.833333333333333, "binary-label": 1}, "annotations": {"agreement": "0:0:1:1:2:2", "annotators": ["12", "03", "16", "18", "15", "10"], "annotations": [5, 2, 4, 5, 3, 4]}}, {"guid": "klue-sts-v1_train_00018", "source": "paraKQC-para", "sentence1": "\uc5d0\uc5b4\ucee8 \uc4f0\uba74 \uc548\ub41c\ub2e4\uace0 \uacbd\uace0\ud588\uc5b4.", "sentence2": "\uc5d0\uc5b4\ucee8 \uc4f0\uba74 \uc548 \ub41c\ub2e4", "labels": {"label": 3.7, "real-label": 3.666666666666667, "binary-label": 1}, "annotations": {"agreement": "0:0:0:2:4:0", "annotators": ["16", "17", "12", "06", "14", "15"], "annotations": [4, 4, 4, 3, 3, 4]}}, {"guid": "klue-sts-v1_train_00019", "source": "airbnb-sampled", "sentence1": "\uc5ec\ud589\uc744 \ub9c8\uce58\uace0 \ub098\uc11c\ub3c4 \ud638\uc2a4\ud2b8\uc640 \uccb4\ucf54\uac00 \uc0dd\uac01\uc774 \ub0a9\ub2c8\ub2e4.", "sentence2": "\uba3c\uc9c0 \ud55c \ud1a8 \uc5c6\uace0 \ud654\uc7a5\uc2e4\ub3c4 \uad11\uc774 \ub0a9\ub2c8\ub2e4.", "labels": {"label": 0.0, "real-label": 0.0, "binary-label": 0}, "annotations": {"agreement": "5:0:0:0:0:0", "annotators": ["14", "17", "04", "02", "18"], "annotations": [0, 0, 0, 0, 0]}}, {"guid": "klue-sts-v1_train_00020", "source": "airbnb-sampled", "sentence1": "\uc695\uc2e4 \uc218\uc555\ub3c4 \uc138\uace0 \ub530\ub73b\ud55c \ubb3c\ub3c4 \uc798 \ub098\uc640\uc694.", "sentence2": "\uc218\uc555\ub3c4 \uc138\uace0 \ub530\ub73b\ud55c \ubb3c\ub3c4 \uc544\uc8fc \uc798 \ub098\uc635\ub2c8\ub2e4.", "labels": {"label": 4.0, "real-label": 4.0, "binary-label": 1}, "annotations": {"agreement": "0:0:0:1:4:1", "annotators": ["14", "17", "16", "09", "02", "08"], "annotations": [4, 4, 3, 4, 4, 5]}}, {"guid": "klue-sts-v1_train_00021", "source": "paraKQC-sampled", "sentence1": "\uac00\uae09\uc801 \uc2dd\uc0ac\ub294 \uac70\ub974\uc9c0 \uc54a\ub3c4\ub85d \ud574\ub77c.", "sentence2": "\uc624\ub298 \uc54c\ub78c \uba87 \uc2dc\ub85c \uc608\uc57d\ud574\ub1a8\uc5b4?", "labels": {"label": 0.0, "real-label": 0.0, "binary-label": 0}, "annotations": {"agreement": "6:0:0:0:0:0", "annotators": ["17", "19", "12", "10", "18", "08"], "annotations": [0, 0, 0, 0, 0, 0]}}, {"guid": "klue-sts-v1_train_00022", "source": "policy-sampled", "sentence1": "555\uc8708000\uc5b5\uc6d0\uc73c\ub85c \ud3b8\uc131\ud55c \ub0b4\ub144\ub3c4 \uc608\uc0b0\uc548\uc740 \uad6d\ub09c\uadf9\ubcf5\uacfc \uc120\ub3c4\uad6d\uac00\ub85c \uac00\uae30 \uc704\ud55c \uc758\uc9c0\ub97c \ub2f4\uc558\ub2e4\ub294 \uac83\uc774 \ubb38 \ub300\ud1b5\ub839\uc758 \uc124\uba85\uc774\ub2e4.", "sentence2": "\ub9c8\uc9c0\ub9c9\uc73c\ub85c, \uad6d\ubbfc\uc758 \uc548\uc804\ud55c \uc0b6\uacfc \ud2bc\ud2bc\ud55c \uad6d\ubc29, \ud3c9\ud654\ub97c \ud5a5\ud55c \ud55c\uacb0\uac19\uc740 \uc758\uc9c0\ub97c \ub2f4\uc558\uc2b5\ub2c8\ub2e4.", "labels": {"label": 0.3, "real-label": 0.2857142857142857, "binary-label": 0}, "annotations": {"agreement": "6:0:1:0:0:0", "annotators": ["17", "16", "10", "15", "09", "14", "12"], "annotations": [0, 0, 0, 2, 0, 0, 0]}}, {"guid": "klue-sts-v1_train_00023", "source": "airbnb-sampled", "sentence1": "\ubc29\uc5d0 110\ubcfc\ud2b8 \ucee8\ubc84\ud130 3\uac1c \uc788\uc2b5\ub2c8\ub2e4.", "sentence2": "\ud654\uc7a5\uc2e4\uc5d0 \uc218\uac74\uc774\ub791 \uc0f4\ud478\ub3c4 \uc5ec\ub7ec\uac1c \uc788\uc5c8\uc2b5\ub2c8\ub2e4.", "labels": {"label": 0.0, "real-label": 0.0, "binary-label": 0}, "annotations": {"agreement": "5:0:0:0:0:0", "annotators": ["09", "04", "17", "02", "19"], "annotations": [0, 0, 0, 0, 0]}}, {"guid": "klue-sts-v1_train_00024", "source": "airbnb-rtt", "sentence1": "\uc0e4\uc6cc\uae30\ub3c4 \uc218\uc555\uc774 \ub108\ubb34 \uc57d\ud574\uc11c \ubd88\ud3b8\ud574\uc694.", "sentence2": "\uc0e4\uc6cc\ub294 \uc218\uc555\uc774 \ub108\ubb34 \uc57d\ud574\uc11c \ubd88\ud3b8\ud574\uc694.", "labels": {"label": 4.3, "real-label": 4.285714285714286, "binary-label": 1}, "annotations": {"agreement": "0:0:0:2:1:4", "annotators": ["03", "16", "04", "17", "13", "06", "19"], "annotations": [3, 5, 3, 5, 4, 5, 5]}}, {"guid": "klue-sts-v1_train_00025", "source": "airbnb-sampled", "sentence1": "\uadf8\ub9ac\uace0 \uc219\uc18c\uac00 \uc608\ubed0\uc694 \uadf8\ub0e5 \ub108\ubb34\ub108\ubb34 \uc608\ubed0\uc694.", "sentence2": "\uadf8\ub9ac\uace0 \ubb34\uc5c7\ubcf4\ub2e4 \ubc29\uc774 \ub108\ubb34\uc608\uc058\uace0 \uc9d1\uc804\uccb4\uac00 \ub108\ubb34\ub108\ubb34 \uc608\ubed0\uc694.", "labels": {"label": 2.7, "real-label": 2.714285714285714, "binary-label": 0}, "annotations": {"agreement": "0:0:2:5:0:0", "annotators": ["14", "16", "18", "19", "05", "02", "06"], "annotations": [2, 3, 3, 3, 2, 3, 3]}}, {"guid": "klue-sts-v1_train_00026", "source": "policy-sampled", "sentence1": "\uc720\ub7fd\uc5f0\ud569(EU) \ub4f1\uc5d0\uc11c \uc0ac\uc6a9 \uc911\uc778 \ub179\uc0c9\uae08\uc735\uc758 \uac1c\ub150\uacfc \ubd84\ub958\uae30\uc900 \ub4f1\uc744 \ucc38\uace0\ud574 \uc6b0\ub9ac\ub098\ub77c \uc2e4\uc815\uc5d0 \ub9de\ub294 \ud55c\uad6d\ud615 \ub179\uc0c9\uae08\uc735 \ubd84\ub958\uccb4\uacc4\ub97c \ub9c8\ub828, \ubcf4\uae09\ud55c\ub2e4.", "sentence2": "\uc544\uc6b8\ub7ec \uc694\uc591\ubcd1\uc6d0\uc5d0\uc11c\ub294 \uc785\uc6d0\ud658\uc790 \uc911 \uc6d0\uc778\ubbf8\uc0c1\uc758 \ud3d0\ub834\ud658\uc790\ub97c \uaca9\ub9ac\ud574 \uc9c4\ub2e8\uac80\uc0ac\ub97c \uc2e4\uc2dc\ud55c\ub2e4.", "labels": {"label": 0.0, "real-label": 0.0, "binary-label": 0}, "annotations": {"agreement": "6:0:0:0:0:0", "annotators": ["07", "04", "19", "16", "12", "10"], "annotations": [0, 0, 0, 0, 0, 0]}}, {"guid": "klue-sts-v1_train_00027", "source": "paraKQC-para", "sentence1": "\uc601\ud558\uc77c\uae4c? \uc601\uc0c1\uc77c\uae4c? \ub0b4\uc77c \uae30\uc628\uc740.", "sentence2": "\ub0b4\uc77c \uae30\uc628\uc740 \uc601\ud558\uc57c \uc601\uc0c1\uc774\uc57c?", "labels": {"label": 4.0, "real-label": 4.0, "binary-label": 1}, "annotations": {"agreement": "0:0:0:2:3:2", "annotators": ["09", "07", "03", "19", "02", "10", "04"], "annotations": [5, 3, 3, 4, 5, 4, 4]}}, {"guid": "klue-sts-v1_train_00028", "source": "policy-sampled", "sentence1": "\ud55c\ud3b8 \uc774\ub0a0 \ud589\uc0ac \uc774\ud6c4 \uc81c\uc8fc\uc5d0\ub108\uc9c0\uacf5\uc0ac, \ud55c\uad6d\uc911\ubd80\ubc1c\uc804, \ud604\ub300\uc790\ub3d9\ucc28, \uc218\uc18c\uc735\ud569\uc5bc\ub77c\uc774\uc5b8\uc2a4\ucd94\uc9c4\ub2e8 \ub4f1 4\uac1c \uae30\uad00\uc740 \u2018\uc81c\uc8fc \uadf8\ub9b0\uc218\uc18c \uc804\uc8fc\uae30 \uc2e4\uc99d \ud504\ub85c\uc81d\ud2b8\ub97c \uc704\ud55c \uc5c5\ubb34\ud611\uc57d\u2019\uc744 \uccb4\uacb0\ud588\ub2e4.", "sentence2": "\ud55c\ud3b8, \ud658\uacbd\ubd80\uc640 \ud55c\uad6d\ud658\uacbd\uacf5\ub2e8\uc740 15\uc77c \uc624\uc804 \uc11c\uc6b8\uc5d0 \uc704\uce58\ud55c \uc628\uc2e4\uac00\uc2a4\uc885\ud569\uc815\ubcf4\uc13c\ud130 \ud68c\uc758\uc2e4\uc5d0\uc11c \uc120\uc815\ub41c \uae30\uc5c5\uacfc \u2018\uc2a4\ub9c8\ud2b8 \uc0dd\ud0dc\uacf5\uc7a5 \uad6c\ucd95\uc0ac\uc5c5\uc758 \uc131\uacf5\uc801 \ucd94\uc9c4\uc744 \uc704\ud55c \uc0ac\uc5c5\uacc4\ud68d \ud611\uc57d\u2019\uc744 \uccb4\uacb0\ud588\ub2e4.", "labels": {"label": 0.8, "real-label": 0.8333333333333334, "binary-label": 0}, "annotations": {"agreement": "2:3:1:0:0:0", "annotators": ["19", "15", "18", "06", "10", "04"], "annotations": [1, 0, 0, 1, 1, 2]}}, {"guid": "klue-sts-v1_train_00029", "source": "airbnb-sampled", "sentence1": "\ub2e4\ub9cc \ud761\uc5f0\uc790\uac00 \ub9ce\uc774 \uc788\uc5b4 \ube44\ud761\uc5f0\uc790\uac00 \uc2dd\uc0ac\ud558\uae30\uc5d0 \uc5b4\ub824\uc6b8 \uc218 \uc788\ub294 \uac83\uc744 \ucc38\uace0\ud558\uc138\uc694.", "sentence2": "\ub2e4\ub9cc \uba38\ubb34\ub294 \ub0a0\uc9dc\uc640 \uc778\uc6d0\uc218\uc5d0 \ube44\ub840\ud574\uc11c \ub3c4\uc2dc\uc138 \uc62c\ub77c\uac00\ub294 \uac74 \ucc38\uace0\ud558\uc138\uc694!", "labels": {"label": 0.0, "real-label": 0.0, "binary-label": 0}, "annotations": {"agreement": "7:0:0:0:0:0", "annotators": ["16", "13", "02", "10", "06", "05", "04"], "annotations": [0, 0, 0, 0, 0, 0, 0]}}, {"guid": "klue-sts-v1_train_00030", "source": "paraKQC-sampled", "sentence1": "\uc5b4\ub9b0\uc774 \uc7a5\ud654\uc758 \uac00\uaca9\uc740?", "sentence2": "\uc5b8\uc81c\uc57c? \uac15\uc6d0\uc601\uc11c\uc5d0 \uc18c\ub098\uae30 \uc624\ub294 \ub0a0.", "labels": {"label": 0.0, "real-label": 0.0, "binary-label": 0}, "annotations": {"agreement": "5:0:0:0:0:0", "annotators": ["16", "19", "13", "15", "06"], "annotations": [0, 0, 0, 0, 0]}}, {"guid": "klue-sts-v1_train_00031", "source": "policy-sampled", "sentence1": "\ud2b9\ud788 \u2018\uc720\uc804\uc790 \uc99d\ud3ed\ubc29\uc2dd\u2019 \uac80\uc0ac\uacb0\uacfc\ub294 \uc791\uc5c5 \uacfc\uc815\uc758 \uc791\uc740 \ucc28\uc774\uc5d0\ub3c4 \uc601\ud5a5\uc744 \ubc1b\uc744 \uc218 \uc788\uc5b4 \uc774\ubc88 \uad6d\uc81c\ud45c\uc900 \uc81c\uc815\uc774 \ucf54\ub85c\ub09819 \ub4f1 \uac10\uc5fc\ubcd1 \uc9c4\ub2e8\uac80\uc0ac\uc758 \uc815\ud655\ub3c4 \ud5a5\uc0c1\uc5d0 \uae30\uc5ec\ud560 \uac83\uc73c\ub85c \uae30\ub300\ub41c\ub2e4.", "sentence2": "\u2018\uc0ac\uc5c5\uc6b4\uc601\uc5d0 \ub9c9\ub300\ud55c \uc9c0\uc7a5\u2019 \uc5ec\ubd80\ub294 \ud734\uac00 \uccad\uad6c\uc790 \uc5c5\ubb34\uc758 \uc131\uc9c8, \uc791\uc5c5\uc758 \ubc14\uc05c\uc815\ub3c4, \uac19\uc740 \uc2dc\uae30\uc5d0 \ud734\uac00 \uccad\uad6c\uc790 \uc218 \ub4f1\uc744 \uace0\ub824\ud558\uc5ec \ud310\ub2e8", "labels": {"label": 0.0, "real-label": 0.0, "binary-label": 0}, "annotations": {"agreement": "5:0:0:0:0:0", "annotators": ["07", "16", "19", "15", "04"], "annotations": [0, 0, 0, 0, 0]}}, {"guid": "klue-sts-v1_train_00032", "source": "policy-sampled", "sentence1": "\uc6b0\ub9ac \uacbd\uc81c\uc758 \ud604\uc7ac\uc640 \ubbf8\ub798\uc5d0 \ub300\ud55c \uad6d\ub0b4\uc678 \ud22c\uc790\uc790\ub4e4\uc758 \ud3c9\uac00\uac00 \uc5b4\ub290 \ub54c\ubcf4\ub2e4 \uae0d\uc815\uc801\uc774\ub77c\ub294 \uac83\uc744 \uc8fc\uac00\ub77c\ub294 \uac1d\uad00\uc801 \uc9c0\ud45c\ub85c \ud655\uc778\ud558\uace0 \uc788\ub294 \uac83\uc785\ub2c8\ub2e4.", "sentence2": "\uc790\ubc1c\uc801\uc73c\ub85c \uc7ac\ub09c\uc9c0\uc6d0\uae08\uc744 \uae30\ubd80\ud558\ub294 \uc6c0\uc9c1\uc784\uc774 \ud655\uc0b0\ub418\uace0 \uc788\ub294 \uac83\uc740 \uc88b\uc740 \uc77c\uc785\ub2c8\ub2e4.", "labels": {"label": 0.0, "real-label": 0.0, "binary-label": 0}, "annotations": {"agreement": "7:0:0:0:0:0", "annotators": ["19", "05", "10", "06", "08", "13", "18"], "annotations": [0, 0, 0, 0, 0, 0, 0]}}, {"guid": "klue-sts-v1_train_00033", "source": "airbnb-rtt", "sentence1": "\uc704\uce58, \uccad\uacb0, \uac00\uaca9, \ud638\uc2a4\ud2b8 \ubaa8\ub450 \uc88b\uc544\uc694.", "sentence2": "\uc704\uce58, \uccad\uacb0\ub3c4, \uac00\uaca9, \ud638\uc2a4\ud2b8 \ubaa8\ub450 \uc88b\uc2b5\ub2c8\ub2e4.", "labels": {"label": 4.8, "real-label": 4.833333333333333, "binary-label": 1}, "annotations": {"agreement": "0:0:0:0:1:5", "annotators": ["19", "14", "04", "06", "08", "13"], "annotations": [5, 5, 4, 5, 5, 5]}}, {"guid": "klue-sts-v1_train_00034", "source": "airbnb-sampled", "sentence1": "\ubabd\ud2b8\ub8b0\uc77c\uc815\uc774\uae38\uace0\uc5ec\uc720\ub85c\uc6b0\uc2e0\ubd84\ub4e4\uc740\uaf2d\uc774\uc9d1\uc73c\ub85c\uac00\uc138\uc694.", "sentence2": "\ud2b9\ud788 \uc774 \ud638\ud154\uc5d0 \ubb36\uace0\uc2f6\uc740 \ud55c\uad6d\uc778\ub4e4\uc740 \ubcf4\uc138\uc694.", "labels": {"label": 0.2, "real-label": 0.1666666666666667, "binary-label": 0}, "annotations": {"agreement": "5:1:0:0:0:0", "annotators": ["17", "16", "07", "12", "02", "09"], "annotations": [0, 0, 0, 1, 0, 0]}}, {"guid": "klue-sts-v1_train_00035", "source": "airbnb-sampled", "sentence1": "2020\ub144 1\uc6d4\ub9d0 \uae30\uc900 \uc18c\uae08, \ud6c4\ucd94, \uc218\ud504 \uc2a4\ud0c1, \uc300, \ud2f0\ubc31\uc774 \uc788\uc5c8\uc5b4\uc694.", "sentence2": "1,2,3\ud638\uc120 \ub2e4 \uc774\uc6a9\uac00\ub2a5\ud55c \uc9c0\ud558\ucca0\uc5ed\uc774 \uac00\uae4c\uc774 \uc788\uc5b4\uc694.", "labels": {"label": 0.0, "real-label": 0.0, "binary-label": 0}, "annotations": {"agreement": "7:0:0:0:0:0", "annotators": ["03", "17", "15", "05", "09", "18", "06"], "annotations": [0, 0, 0, 0, 0, 0, 0]}}, {"guid": "klue-sts-v1_train_00036", "source": "policy-sampled", "sentence1": "\uc774\ubc88 \uc81c5\uae30 \uc704\uc6d0\ud68c\ub294 \uad6d\ub0b4 \ubc0f \uad6d\uc81c\uc801\uc73c\ub85c \uc9c0\uc2dd\uc7ac\uc0b0 \uc5f0\uad6c\u00b7\ud65c\ub3d9 \uacbd\ud5d8\uc774 \ud48d\ubd80\ud55c \uc815\uc0c1\uc870 \ubbfc\uac04\uc704\uc6d0\uc7a5\uc744 \ud3ec\ud568, \uc8fc\uc694 \ubd84\uc57c\uc5d0\uc11c \uc804\ubb38 \uc2dd\uacac\uc774 \ub192\uc740 \uc704\uc6d0 \uc911\uc2ec\uc73c\ub85c \uad6c\uc131\ub410\ub2e4.", "sentence2": "\uc6a9\uc0b0\uacf5\uc6d0 \uc870\uc131\uc744 \ubcf8\uaca9 \ucd94\uc9c4\ud560 \uc81c1\uae30 \uc6a9\uc0b0\uacf5\uc6d0\uc870\uc131\ucd94\uc9c4\uc704\uc6d0\ud68c \ubbfc\uac04\uacf5\ub3d9\uc704\uc6d0\uc7a5\uc73c\ub85c \uc720\ud64d\uc900 \uba85\uc9c0\ub300 \uc11d\uc88c\uad50\uc218\uac00 \uc784\uba85\ub410\ub2e4.", "labels": {"label": 0.0, "real-label": 0.0, "binary-label": 0}, "annotations": {"agreement": "6:0:0:0:0:0", "annotators": ["03", "14", "07", "09", "04", "12"], "annotations": [0, 0, 0, 0, 0, 0]}}, {"guid": "klue-sts-v1_train_00037", "source": "airbnb-rtt", "sentence1": "\uc219\uc18c\uc758 \uc704\uce58\ub098 \uccad\uacb0\ub3c4, \ud3b8\ub9ac\ud568 \ubaa8\ub450 \ub9cc\uc871\uc2a4\ub7ec\uc6e0\uc2b5\ub2c8\ub2e4.", "sentence2": "\uc219\uc18c\uc758 \uc704\uce58, \uccad\uacb0\ub3c4, \ud3b8\ub9ac\ud568 \ubaa8\ub450 \ub9cc\uc871\uc2a4\ub7ec\uc6e0\uc2b5\ub2c8\ub2e4.", "labels": {"label": 5.0, "real-label": 5.0, "binary-label": 1}, "annotations": {"agreement": "0:0:0:0:0:6", "annotators": ["14", "16", "15", "13", "04", "09"], "annotations": [5, 5, 5, 5, 5, 5]}}, {"guid": "klue-sts-v1_train_00038", "source": "airbnb-sampled", "sentence1": "\uadf8\ub798\ub3c4 \uc138\ud0c1\uae30\uc640 \uac74\uc870\uae30 \uc0ac\uc6a9\uc774 \uc88b\uc558\uc5b4\uc694", "sentence2": "\uc138\ud0c1\uae30\uac00 \uc644\uc804\uac74\uc870 \uc138\ud0c1\uae30\ub77c\ub294 \uac8c \uac00\uc7a5 \uc88b\uc558\uc5b4\uc694.", "labels": {"label": 2.8, "real-label": 2.833333333333333, "binary-label": 0}, "annotations": {"agreement": "0:1:0:4:1:0", "annotators": ["07", "05", "17", "16", "19", "02"], "annotations": [4, 3, 1, 3, 3, 3]}}, {"guid": "klue-sts-v1_train_00039", "source": "airbnb-sampled", "sentence1": "\uc219\uc18c\ub294 \ub3c4\ubcf4\ub85c \uc624\ud398\ub77c, \ub77c\ud30c\uc608\ud2b8 \ub4f1 \uc8fc\uc694\uad00\uad11\uc9c0\ub97c \ub2e4\ub2c8\uae30\uc5d0 \ubd80\uc871\ud568\uc774 \uc5c6\uc5c8\uc5b4\uc694.", "sentence2": "\ub2e4\uc74c\ub0a0\uc544\uce68 \ub3c4\ubcf4\ub85c \uc8fc\uc694\uad00\uad11\uc9c0\uc5d0 \ub3c4\ucc29\ud560 \uc218 \uc788\uc5c8\uc2b5\ub2c8\ub2e4.", "labels": {"label": 0.7, "real-label": 0.7142857142857143, "binary-label": 0}, "annotations": {"agreement": "3:3:1:0:0:0", "annotators": ["05", "03", "07", "18", "06", "08", "19"], "annotations": [0, 2, 1, 0, 1, 1, 0]}}, {"guid": "klue-sts-v1_train_00040", "source": "paraKQC-sampled", "sentence1": "\ud55c\ub0ae\uc5d0 \ub0b4\ub959 \uc911\uc2ec\uc740 \uba87 \ub3c4 \uc778\uac00\uc694?", "sentence2": "\uc9c0\uc9c4\ub0ac\uc744 \ub54c \uac74\ubb3c \uc5d8\ub9ac\ubca0\uc774\ud130 \uc0ac\uc6a9\ud558\uc9c0\ub9c8.", "labels": {"label": 0.0, "real-label": 0.0, "binary-label": 0}, "annotations": {"agreement": "7:0:0:0:0:0", "annotators": ["14", "04", "07", "05", "09", "08", "02"], "annotations": [0, 0, 0, 0, 0, 0, 0]}}, {"guid": "klue-sts-v1_train_00041", "source": "paraKQC-sampled", "sentence1": "\ub2e4\uc74c \uc8fc\uc5d0\ub294 \uc5b8\uc81c \ube44\uac00 \uc640?", "sentence2": "\ubbf8\uc138\uba3c\uc9c0 \ub192\uc744 \ub54c\ub294 \uc6b4\ub3d9\ud558\uc9c0 \ub9c8\ub77c.", "labels": {"label": 0.0, "real-label": 0.0, "binary-label": 0}, "annotations": {"agreement": "7:0:0:0:0:0", "annotators": ["10", "12", "14", "05", "09", "15", "02"], "annotations": [0, 0, 0, 0, 0, 0, 0]}}, {"guid": "klue-sts-v1_train_00042", "source": "airbnb-sampled", "sentence1": "\ubd80\ub514 \ub2e4\uc74c\uc73c\ub85c \ud638\uc2a4\ud305\uc744 \ud560 \ub54c\ub294 \uac8c\uc2a4\ud2b8\ub97c \ubcf4\ub2e4 \ub354 \ubc30\ub824\ud574\uc8fc\uc2dc\uae38 \ubc14\ub78d\ub2c8\ub2e4.", "sentence2": "\uc544\ub2c8\ub77c\uba74 \ub2e4\ub978 \uacf3\uc744 \uc54c\uc544\ubcf4\uc2dc\uae38 \ubc14\ub78d\ub2c8\ub2e4.", "labels": {"label": 0.5, "real-label": 0.5, "binary-label": 0}, "annotations": {"agreement": "5:0:0:1:0:0", "annotators": ["09", "07", "10", "15", "18", "12"], "annotations": [0, 0, 0, 0, 0, 3]}}, {"guid": "klue-sts-v1_train_00043", "source": "paraKQC-para", "sentence1": "\uc5d0\uc5b4\ucee8 \uc9e7\uac8c \uc4f0\uc9c0 \ub9d0\uace0 \ud55c \ubc88\uc5d0 \uae38\uac8c \ud2c0\uc5b4 \ub194.", "sentence2": "\uc5d0\uc5b4\ucee8\uc740 \uc9e7\uac8c \uc4f0\uace0 \uc790\uc8fc \ub044\uc9c0\ub294 \ub9c8", "labels": {"label": 3.2, "real-label": 3.166666666666667, "binary-label": 1}, "annotations": {"agreement": "0:0:2:1:3:0", "annotators": ["16", "09", "12", "04", "19", "10"], "annotations": [4, 4, 2, 2, 4, 3]}}, {"guid": "klue-sts-v1_train_00044", "source": "airbnb-rtt", "sentence1": "\uc88b\uc740\uc219\uc18c\ub97c \uc774\uc6a9\ud560 \uc218 \uc788\uc5b4\uc11c \uac10\uc0ac\ud569\ub2c8\ub2e4.", "sentence2": "\uc88b\uc740 \uc219\uc18c\uc5d0 \uac10\uc0ac\ub4dc\ub9bd\ub2c8\ub2e4.", "labels": {"label": 3.7, "real-label": 3.714285714285714, "binary-label": 1}, "annotations": {"agreement": "0:0:1:2:2:2", "annotators": ["17", "04", "14", "13", "06", "19", "08"], "annotations": [5, 3, 4, 5, 3, 4, 2]}}, {"guid": "klue-sts-v1_train_00045", "source": "policy-sampled", "sentence1": "\uc774\ubc88 \uc804\ub7b5\uc740 \uc9c0\ub09c 7\uc6d4 \ud55c\uad6d\ud310 \ub514\uc9c0\ud138 \ub274\ub51c\uc758 \uc77c\ud658\uc73c\ub85c \uc778\uacf5\uc9c0\ub2a5\u00b7\ub370\uc774\ud130 \uae30\ubc18\uc758 \uc2a4\ub9c8\ud2b8\uc81c\uc870 \ubbf8\ub798 \uccad\uc0ac\uc9c4\uc744 \uc81c\uc2dc\ud55c \u2018\uc2a4\ub9c8\ud2b8\uc81c\uc870 2.0 \uc804\ub7b5\u2019\uc5d0 \ub300\ud55c \ud6c4\uc18d \uc2e4\ud589 \uc804\ub7b5\uc774\ub2e4.", "sentence2": "\uc774\ubc88 \ub204\ub9ac\uc9d1\uc740 \uae30\uc874\uc5d0 \uae30\ud68d\uc7ac\uc815\ubd80\uc5d0\uc11c \uc6b4\uc601 \uc911\uc774\uc5c8\ub358 \ud55c\uad6d\ud310 \ub274\ub51c \ub9c8\uc774\ud06c\ub85c \ud398\uc774\uc9c0\ub97c \uad00\uacc4\ubd80\ucc98 \ud569\ub3d9 \ud55c\uad6d\ud310\ub274\ub51c \ud1b5\ud569 \ub204\ub9ac\uc9d1\uc73c\ub85c \ud655\ub300\u00b7\uac1c\ud3b8\ud55c \uac83\uc774\ub2e4.", "labels": {"label": 0.2, "real-label": 0.2, "binary-label": 0}, "annotations": {"agreement": "4:1:0:0:0:0", "annotators": ["03", "17", "05", "14", "15"], "annotations": [0, 0, 0, 0, 1]}}, {"guid": "klue-sts-v1_train_00046", "source": "airbnb-sampled", "sentence1": "\ub2e4\ub978 \uac1d\uc2e4 \uc778\uc6d0\uc740 \uc870\uc6a9\ud588\uc73c\ub098 \ubc14\ub2e5 \uc18c\ub9ac\uac00 \ud07d\ub2c8\ub2e4.", "sentence2": "\ub2e8\uc810\uc740 \ucc3d\uac00\ucabd\uc73c\ub85c \uce68\ub300 \ud5e4\ub4dc\uac00 \uc788\uc5b4\uc11c \ucc28 \uc9c0\ub098\uac00\ub294 \uc18c\ub9ac\uac00 \ub2e4 \ub4e4\ub9bd\ub2c8\ub2e4.", "labels": {"label": 0.7, "real-label": 0.6666666666666666, "binary-label": 0}, "annotations": {"agreement": "3:2:1:0:0:0", "annotators": ["16", "07", "14", "10", "09", "12"], "annotations": [0, 1, 0, 0, 2, 1]}}, {"guid": "klue-sts-v1_train_00047", "source": "airbnb-sampled", "sentence1": "\ub354\uad6c\ub098 \uc0e4\uc6cc\uc2dc \ubab8\uc744 \uc591 \ud314\uafc8\uce58\ub97c \uc62c\ub9ac\uae30 \ud798\ub4e4\uc815\ub3c4\uc758 \uc881\uc740 \uacf5\uac04\uc774 \ub098\uc5d0\uac8c \uace0\ubb38 \uc774\uc5c8\uc5b4\uc694!", "sentence2": "\uc800\ub834\ud55c \uac00\uaca9\uc5d0 \ubbff\uae30 \ud798\ub4e4\uc815\ub3c4\ub85c \ud6cc\ub96d\ud55c \uacf5\uac04\uc774\uc5c8\uc5b4\uc694", "labels": {"label": 0.2, "real-label": 0.2, "binary-label": 0}, "annotations": {"agreement": "4:1:0:0:0:0", "annotators": ["07", "04", "02", "12", "09"], "annotations": [1, 0, 0, 0, 0]}}, {"guid": "klue-sts-v1_train_00048", "source": "airbnb-sampled", "sentence1": "\uc2e0\uc18d\ud55c \uc751\ub2f5\uacfc \uce5c\uc808\ud55c \ubc30\ub824 \ubaa8\ub4e0\ubd80\ubd84\uc5d0\uc11c \ub9cc\uc871\uc2a4\ub7ec\uc6e0\ub2e4.", "sentence2": "\uc704\uce58\ub97c \uc81c\uc678\ud55c \ub098\uba38\uc9c0 \ubaa8\ub4e0 \ubd80\ubd84\ub3c4 \ub9e4\uc6b0 \ub9cc\uc871\uc2a4\ub7ec\uc6e0\uc2b5\ub2c8\ub2e4.", "labels": {"label": 1.7, "real-label": 1.666666666666667, "binary-label": 0}, "annotations": {"agreement": "0:3:2:1:0:0", "annotators": ["17", "03", "14", "02", "18", "19"], "annotations": [1, 2, 1, 3, 2, 1]}}, {"guid": "klue-sts-v1_train_00049", "source": "airbnb-sampled", "sentence1": "\ud55c\uce35\uc5d0 \ub8f8\uc774 5\uac1c\uc529, \ucd1d 10 \uac1c \uc815\ub3c4\uc778 \uac83 \uac19\uc740\ub370 \ud55c\uad6d\uc758 \uace0\uae09 \uace0\uc2dc\ud154 \ub290\ub08c\uc77c\uae4c\uc694.", "sentence2": "\uc9d1\uc5d0 \uc0e4\uc6cc\ubd80\uc2a4\ub791 \ubcc0\uae30 \ub2e4 \uc788\ub294 \ud654\uc7a5\uc2e4 \ub450 \uac1c\uc5d0 \ubc29\uc774 \ucd1d 4\uac1c\uc778 \uac83 \uac19\uc558\uc5b4\uc694.", "labels": {"label": 0.8, "real-label": 0.8333333333333334, "binary-label": 0}, "annotations": {"agreement": "2:3:1:0:0:0", "annotators": ["17", "04", "07", "06", "03", "13"], "annotations": [0, 1, 1, 0, 1, 2]}}, {"guid": "klue-sts-v1_train_00050", "source": "airbnb-rtt", "sentence1": "\ub9c8\uce58 \uc601\ud654\uc5d0 \ub098\uc624\ub294 \ud504\ub791\uc2a4 \uc7a5\uba74\ub4e4 \uac19\uc558\uc5b4\uc694.", "sentence2": "\ub9c8\uce58 \uc601\ud654 \uc18d\uc758 \ud504\ub791\uc2a4 \uc7a5\uba74 \uac19\uc558\uc5b4\uc694.", "labels": {"label": 4.7, "real-label": 4.666666666666667, "binary-label": 1}, "annotations": {"agreement": "0:0:0:0:2:4", "annotators": ["17", "07", "16", "05", "02", "18"], "annotations": [5, 5, 5, 4, 4, 5]}}, {"guid": "klue-sts-v1_train_00051", "source": "airbnb-rtt", "sentence1": "\uadf8\ub7ec\ub2c8 \uc2f1\uae00 \ubc29\uc744 \uc774\uc6a9\ud558\uc2dc\ub824\ub294 \ubd84\ub4e4\uc740 1\ubc88\ubc29\uc774 \ub354 \uc88b\uc744 \uac83 \uac19\uc544\uc694.", "sentence2": "\uadf8\ub798\uc11c \uc800\ub294 1\uc778\uc2e4\uc744 \uc774\uc6a9\ud558\uace0\uc790 \ud558\ub294 \ubd84\ub4e4\uc5d0\uac8c 1\ud638\uc2e4\uc774 \ub354 \uc88b\uc744 \uac83 \uac19\uc544\uc694.", "labels": {"label": 3.2, "real-label": 3.166666666666667, "binary-label": 1}, "annotations": {"agreement": "0:1:0:3:1:1", "annotators": ["17", "02", "05", "04", "15", "03"], "annotations": [5, 3, 4, 3, 1, 3]}}, {"guid": "klue-sts-v1_train_00052", "source": "airbnb-rtt", "sentence1": "\ud654\uc7a5\uc2e4\ub3c4 \uae68\ub057\ud558\uace0 \ub530\ub73b\ud55c \ubb3c\ub3c4 \uc798\ub098\uc640\uc694.", "sentence2": "\uc695\uc2e4\uc740 \uae68\ub057\ud558\uace0 \ub530\ub73b\ud55c \ubb3c\uc774 \uc798 \ub098\uc635\ub2c8\ub2e4.", "labels": {"label": 4.1, "real-label": 4.142857142857143, "binary-label": 1}, "annotations": {"agreement": "0:0:0:2:2:3", "annotators": ["17", "07", "04", "16", "19", "12", "18"], "annotations": [5, 4, 3, 5, 4, 5, 3]}}, {"guid": "klue-sts-v1_train_00053", "source": "airbnb-rtt", "sentence1": "\ud638\uc2a4\ud2b8\uc640\uc758 \uc5f0\ub77d\uc740 \uc804\ud654\ubc88\ud638\ub098 \uba54\uc138\uc9c0 \ubcf4\ub2e4 \uc774\uba54\uc77c\uc774 \uac00\uc7a5 \ube60\ub974\uace0 \uc815\ud655\ud569\ub2c8\ub2e4!", "sentence2": "\ud638\uc2a4\ud2b8\uc640\uc758 \uc5f0\ub77d\ucc98\ub294 \uc804\ud654 \ubc88\ud638\ub098 \uba54\uc2dc\uc9c0\ubcf4\ub2e4 \ube60\ub974\uace0 \uc815\ud655\ud569\ub2c8\ub2e4!", "labels": {"label": 3.5, "real-label": 3.5, "binary-label": 1}, "annotations": {"agreement": "0:0:1:1:4:0", "annotators": ["05", "03", "15", "16", "10", "04"], "annotations": [4, 2, 4, 3, 4, 4]}}, {"guid": "klue-sts-v1_train_00054", "source": "airbnb-rtt", "sentence1": "\uba5c\ubc84\ub978\uc744 \ub2e4\uc2dc \ubc29\ubb38\ud558\uba74 \uaf2d \uc774\uc219\uc18c\ub97c \uc4f8\uac83\uc785\ub2c8\ub2e4.", "sentence2": "\ub9cc\uc57d \uc81c\uac00 \uba5c\ubc84\ub978\uc744 \ub2e4\uc2dc \ubc29\ubb38\ud55c\ub2e4\uba74, \uc800\ub294 \ubc18\ub4dc\uc2dc \uc774 \uc219\uc18c\ub97c \uc774\uc6a9\ud560 \uac83\uc785\ub2c8\ub2e4.", "labels": {"label": 3.8, "real-label": 3.8, "binary-label": 1}, "annotations": {"agreement": "0:0:0:2:2:1", "annotators": ["04", "08", "05", "10", "14"], "annotations": [3, 4, 3, 4, 5]}}, {"guid": "klue-sts-v1_train_00055", "source": "policy-sampled", "sentence1": "\uc815\ubd80\ub294 \uc5f0\ub9d0\uae4c\uc9c0 \uad00\uad11\uc9c4\ud765\ubc95\uc744 \uac1c\uc815, \ub0b4\uad6d\uc778 \ub300\uc0c1 \ub3c4\uc2dc\ubbfc\ubc15 \uc601\uc5c5\uc744 \ucd5c\ub300 180\uc77c \ud5c8\uc6a9\ud560 \ubc29\uce68\uc774\ub2e4.", "sentence2": "\uad6d\uacf5\ub178 \uc18c\uc18d 28\uac1c \uc9c0\ubd80\ub294 \uc870\ud569\uc6d0\uc744 \uc0c1\ub300\ub85c \uc628\ub204\ub9ac\uc0c1\ud488\uad8c 1\uc778 \uc6d4 10\ub9cc\uc6d0 \uad6c\ub9e4\uc640 \uc870\uae30 \uc0ac\uc6a9, \uc2dd\ub2f9\u00b7\ubbf8\uc7a5\uc6d0 \ub4f1 \ub2e8\uace8\uc9d1\uc5d0\uc11c \uc120\uacb0\uc81c\ub97c \ub3c5\ub824\ud560 \ubc29\uce68\uc774\ub2e4.", "labels": {"label": 0.0, "real-label": 0.0, "binary-label": 0}, "annotations": {"agreement": "7:0:0:0:0:0", "annotators": ["03", "19", "14", "08", "06", "13", "02"], "annotations": [0, 0, 0, 0, 0, 0, 0]}}, {"guid": "klue-sts-v1_train_00056", "source": "policy-rtt", "sentence1": "\uadf8 \uac00\uae4c\uc6c0\uc744 \ub354\uc6b1 \uac00\uae5d\uac8c \uc774\uc5b4\uc8fc\ub294 \uc6b0\ub9ac \uae30\uc5c5\uc778 \uc5ec\ub7ec\ubd84\ub4e4\uc774 \ubc14\ub85c \uadf8 \uc2e0\ub8b0\ub97c \ud0a4\uc6b0\ub294 \uc8fc\uc5ed\uc785\ub2c8\ub2e4.", "sentence2": "\uc5ec\ub7ec\ubd84, \uc6b0\ub9ac \uae30\uc5c5\uc778\ub4e4\uc740 \uadf8 \uc2e0\ub8b0\uc758 \uc8fc\uc694 \uae30\uc5ec\uc790\ub4e4\uc785\ub2c8\ub2e4.", "labels": {"label": 2.9, "real-label": 2.857142857142857, "binary-label": 0}, "annotations": {"agreement": "0:1:1:3:2:0", "annotators": ["17", "04", "15", "08", "06", "18", "10"], "annotations": [3, 4, 4, 2, 3, 3, 1]}}, {"guid": "klue-sts-v1_train_00057", "source": "airbnb-rtt", "sentence1": "\uc704\uce58\ub294 \uc138\ube44\uc57c \uc911\uc2ec\uc740 \uc544\ub2c8\uc9c0\ub9cc \uc138\ube44\uc57c \ub300\uc131\ub2f9\uc774\ub098 \uc54c\uce74\uc0ac\ub974 \ub4f1 \ub3c4\ubcf4\ub85c \uc774\ub3d9 \uac00\ub2a5\ud569\ub2c8\ub2e4.", "sentence2": "\uc704\uce58\ub294 \uc138\ube44\uc57c \uc911\uc2ec\uc9c0\ub294 \uc544\ub2c8\uc9c0\ub9cc \uc138\ube44\uc57c \ub300\uc131\ub2f9\uc774\ub098 \uc54c\uce74\uc0ac\ub974\uae4c\uc9c0 \uac78\uc5b4\uac08 \uc218 \uc788\uc2b5\ub2c8\ub2e4.", "labels": {"label": 4.3, "real-label": 4.333333333333333, "binary-label": 1}, "annotations": {"agreement": "0:0:0:1:2:3", "annotators": ["08", "09", "04", "03", "06", "18"], "annotations": [4, 5, 4, 3, 5, 5]}}, {"guid": "klue-sts-v1_train_00058", "source": "paraKQC-sampled", "sentence1": "\ubbf8\uc138\uba3c\uc9c0 \ub9c8\uc2a4\ud06c \uc81c\uc870\ud558\ub294 \uc5c5\uccb4\ub294 \uc5b4\ub514\uc785\ub2c8\uae4c?", "sentence2": "\ud0dc\ud48d \uc624\uba74 \ubc30 \ud0c0\uc9c0 \ub9d0\uc544\ub77c.", "labels": {"label": 0.0, "real-label": 0.0, "binary-label": 0}, "annotations": {"agreement": "6:0:0:0:0:0", "annotators": ["16", "17", "05", "06", "10", "04"], "annotations": [0, 0, 0, 0, 0, 0]}}, {"guid": "klue-sts-v1_train_00059", "source": "airbnb-rtt", "sentence1": "\uac1c\uc120\ubb38\uacfc \uc0f9\uc824\ub9ac\uc81c \uac70\ub9ac\uae4c\uc9c0 \uac78\uc5b4\uac08 \uc218 \uc788\uc5b4\uc694", "sentence2": "\uc5ec\ub7ec\ubd84\uc740 \uac1c\uc120\ubb38\uacfc \uc0f9\uc824\ub9ac\uc81c\uae4c\uc9c0 \uac78\uc5b4\uac08 \uc218 \uc788\uc2b5\ub2c8\ub2e4.", "labels": {"label": 4.5, "real-label": 4.5, "binary-label": 1}, "annotations": {"agreement": "0:0:0:1:1:4", "annotators": ["03", "14", "08", "12", "04", "02"], "annotations": [5, 5, 4, 5, 5, 3]}}, {"guid": "klue-sts-v1_train_00060", "source": "paraKQC-sampled", "sentence1": "\ub124\uc774\ud2b8 \uba54\uc77c\uc774 \uc9c0\uc6d0\ud558\uc9c0 \uc54a\ub294 \ucca8\ubd80\ud30c\uc77c \uc885\ub958\ub294?", "sentence2": "\ud559\ud68c \ud64d\ubcf4\uba54\uc77c\uc774\ub791 \uc800\ub110 \ud64d\ubcf4\uba54\uc77c\uc744 \ube44\uad50\ud588\uc744 \ub54c \ubb50\uac00 \ub354 \uc790\uc8fc \uc640?", "labels": {"label": 0.4, "real-label": 0.4285714285714285, "binary-label": 0}, "annotations": {"agreement": "4:3:0:0:0:0", "annotators": ["07", "17", "04", "06", "05", "10", "19"], "annotations": [1, 0, 1, 0, 0, 1, 0]}}, {"guid": "klue-sts-v1_train_00061", "source": "airbnb-sampled", "sentence1": "\ubb34\ub8cc\ub85c \uc81c\uacf5\ub418\ub294 \ub124\uc2a4\ud504\ub808\uc18c\uc640 \ud568\uaed8\uc5ec\ub294 \ud3ec\ub974\ud22c\uc758 \uc544\uce68\uc740 \uc815\ub9d0 \ucd5c\uace0\uc600\uc2b5\ub2c8\ub2e4.", "sentence2": "\ub124\uc2a4\ud504\ub808\uc18c\uc640 \uac74\uc870\uae30\ub2a5\uc774\uc788\ub294 \uc138\ud0c1\uae30 \uc815\ub9d0 \ucd5c\uace0\uc600\uad6c\uc694", "labels": {"label": 1.0, "real-label": 1.0, "binary-label": 0}, "annotations": {"agreement": "3:0:1:1:0:0", "annotators": ["16", "15", "06", "05", "10"], "annotations": [2, 0, 0, 0, 3]}}, {"guid": "klue-sts-v1_train_00062", "source": "airbnb-sampled", "sentence1": "\ub2f4\ubc30\uc5f0\uae30 \ub0c4\uc0c8\uac00 \uc2ec\ud574\uc11c \uc544\uc774\ub4e4\uacfc \uba38\ubb3c\uae30 \ud798\ub4ed\ub2c8\ub2e4.", "sentence2": "\uc544\uc774\ub4e4\uacfc \uac00\uc871\uc5ec\ud589\ud558\uae30 \uc88b\uc740 \uc219\uc18c\uc600\uc2b5\ub2c8\ub2e4.", "labels": {"label": 1.0, "real-label": 1.0, "binary-label": 0}, "annotations": {"agreement": "1:3:1:0:0:0", "annotators": ["09", "04", "16", "03", "18"], "annotations": [1, 1, 1, 2, 0]}}, {"guid": "klue-sts-v1_train_00063", "source": "airbnb-rtt", "sentence1": "\ub610\ud55c \uc219\uc18c\ub0b4\ubd80\ub294 \uc0ac\uc9c4\ubcf4\ub2e4 \ud6e8\uc52c \uc88b\uc558\uc2b5\ub2c8\ub2e4.", "sentence2": "\ub610\ud55c, \uadf8 \uc219\uc18c\uc758 \ub0b4\ubd80\ub294 \uc0ac\uc9c4\ubcf4\ub2e4 \ud6e8\uc52c \ub354 \uc88b\uc558\uc2b5\ub2c8\ub2e4.", "labels": {"label": 5.0, "real-label": 5.0, "binary-label": 1}, "annotations": {"agreement": "0:0:0:0:0:5", "annotators": ["03", "04", "12", "17", "06"], "annotations": [5, 5, 5, 5, 5]}}, {"guid": "klue-sts-v1_train_00064", "source": "airbnb-rtt", "sentence1": "\uac00\uc871\ub2e8\uc704 \ud22c\uc219\uac1d\ub4e4\uc5d0\uac8c \ud2b9\ud788 \uc88b\uc744 \uac83 \uac19\uc2b5\ub2c8\ub2e4.", "sentence2": "\uadf8\uac83\uc740 \ud2b9\ud788 \uac00\uc871 \uc190\ub2d8\ub4e4\uc5d0\uac8c \uc88b\uc744 \uac83\uc785\ub2c8\ub2e4.", "labels": {"label": 3.8, "real-label": 3.833333333333333, "binary-label": 1}, "annotations": {"agreement": "0:0:0:3:1:2", "annotators": ["02", "13", "14", "05", "18", "12"], "annotations": [3, 3, 5, 3, 4, 5]}}, {"guid": "klue-sts-v1_train_00065", "source": "airbnb-sampled", "sentence1": "\uc5ed\uc5d0\uc11c \uac70\ub9ac\uac00 \uc788\uc9c0\ub9cc \uac1c\uc778\uc2e4\uc5d0 \ud3b8\uc548\ud55c \uacf5\uac04\uc785\ub2c8\ub2e4.", "sentence2": "\uc138\ube44\uc57c \uc911\uc2ec\uc5d0\uc11c \uc57d\uac04 \uac70\ub9ac\uac00 \uc788\uc9c0\ub9cc \uac00\uaca9\ub300\ube44 \ub9e4\uc6b0 \ud6cc\ub96d\ud55c \uc219\uc18c \uc785\ub2c8\ub2e4.", "labels": {"label": 1.0, "real-label": 1.0, "binary-label": 0}, "annotations": {"agreement": "1:5:1:0:0:0", "annotators": ["14", "07", "02", "10", "15", "05", "12"], "annotations": [1, 1, 1, 2, 1, 0, 1]}}, {"guid": "klue-sts-v1_train_00066", "source": "airbnb-rtt", "sentence1": "\ud30c\ub9ac\uc219\uc18c\ub4e4\uc774 \uc6cc\ub099 \ube44\uc2fc\ub370 \ub098\uc058\uc9c0 \uc54a\uc740\uac00\uaca9\uc5d0 \uc3d8\uc3d8\ud55c \uc9d1\uc785\ub2c8\ub2e4.", "sentence2": "\ud30c\ub9ac \uc219\ubc15 \uc2dc\uc124\uc740 \ub9e4\uc6b0 \ube44\uc2f8\uc9c0\ub9cc, \uac00\uaca9\ub3c4 \ub098\uc058\uc9c0 \uc54a\uace0 \uc544\uc8fc \uc791\uc740 \uc9d1\uc774\uc5d0\uc694.", "labels": {"label": 3.8, "real-label": 3.833333333333333, "binary-label": 1}, "annotations": {"agreement": "0:0:0:3:1:2", "annotators": ["12", "04", "16", "17", "14", "18"], "annotations": [5, 3, 3, 5, 3, 4]}}, {"guid": "klue-sts-v1_train_00067", "source": "airbnb-rtt", "sentence1": "\uadf8\ub9ac\uace0 \ud56d\uc0c1 \ube60\ub978 \ud53c\ub4dc\ubc31\uc744 \uc8fc\uc5c8\uc2b5\ub2c8\ub2e4.", "sentence2": "\uadf8\ub9ac\uace0 \uadf8\ub4e4\uc740 \ud56d\uc0c1 \uc6b0\ub9ac\uc5d0\uac8c \ube60\ub978 \ud53c\ub4dc\ubc31\uc744 \uc8fc\uc5c8\uc2b5\ub2c8\ub2e4.", "labels": {"label": 3.9, "real-label": 3.857142857142857, "binary-label": 1}, "annotations": {"agreement": "0:0:0:2:4:1", "annotators": ["07", "17", "09", "05", "06", "13", "19"], "annotations": [4, 5, 4, 4, 3, 3, 4]}}, {"guid": "klue-sts-v1_train_00068", "source": "paraKQC-sampled", "sentence1": "\ub300\ud559 \ud6c4\ubc30 \uacb0\ud63c\uc2dd\uc774\ub2c8\uae4c \ub2a6\uc9c0 \ub9d0\uac70\ub77c.", "sentence2": "\uc608\uc804\ucc98\ub7fc \uc57d\uc18d\uc2dc\uac04\uc744 \uae4c\uba39\uc9c0\ub9d0\uace0 \uc9c0\ud0a4\uae30\uc704\ud574 \ub178\ub825\ud569\uc2dc\ub2e4.", "labels": {"label": 0.2, "real-label": 0.1666666666666667, "binary-label": 0}, "annotations": {"agreement": "5:1:0:0:0:0", "annotators": ["03", "05", "17", "19", "14", "18"], "annotations": [0, 1, 0, 0, 0, 0]}}, {"guid": "klue-sts-v1_train_00069", "source": "paraKQC-sampled", "sentence1": "\ub2f9\uc2e0\uc758 \ud2b8\uc704\uce58 \uacc4\uc815\uc740 \ud2b8\uc704\ud130\ubcf4\ub2e4\ub294 \ud398\uc774\uc2a4\ubd81\uacfc \uc5f0\ub3d9\ud558\ub294 \uac83\uc774 \ubc14\ub78c\uc9c1\ud569\ub2c8\ub2e4.", "sentence2": "\ucca8\ubd80\ud30c\uc77c \ucd5c\ub300 \uc6a9\ub7c9\uc774 \uc9c0\uba54\uc77c\uc740 \uc5b4\ub5bb\uac8c \ub418\ub098\uc694?", "labels": {"label": 0.0, "real-label": 0.0, "binary-label": 0}, "annotations": {"agreement": "7:0:0:0:0:0", "annotators": ["02", "14", "17", "18", "08", "06", "04"], "annotations": [0, 0, 0, 0, 0, 0, 0]}}, {"guid": "klue-sts-v1_train_00070", "source": "paraKQC-para", "sentence1": "\uc0bc\uc2ed\ub3c4 \uc774\uc0c1\uc740 \uc548\ub429\ub2c8\ub2e4. \uaca8\uc6b8\ucca0 \uc2e4\ub0b4\uc628\ub3c4.", "sentence2": "\uaca8\uc6b8\ucca0 \uc2e4\ub0b4\uc628\ub3c4\ub294 \uc0bc\uc2ed\ub3c4 \uc774\uc0c1\uc73c\ub85c \ud558\uba74 \uc548\ub429\ub2c8\ub2e4.", "labels": {"label": 4.4, "real-label": 4.4, "binary-label": 1}, "annotations": {"agreement": "0:0:0:0:3:2", "annotators": ["16", "13", "12", "04", "17"], "annotations": [5, 4, 5, 4, 4]}}, {"guid": "klue-sts-v1_train_00071", "source": "airbnb-sampled", "sentence1": "\uc704\uce58\uc640 \uccad\uacb0, \uc2dc\uc124\uc740 \uc815\ub9d0 \ud6cc\ub96d\ud588\uc2b5\ub2c8\ub2e4.", "sentence2": "\uc704\uce58, \uccad\uacb0, \ud3b8\uc758\uc2dc\uc124 \ubaa8\ub4e0 \uac83\uc774 \ub9cc\uc871\uc2a4\ub7ec\uc6e0\uc2b5\ub2c8\ub2e4.", "labels": {"label": 3.4, "real-label": 3.4, "binary-label": 1}, "annotations": {"agreement": "0:0:0:3:2:0", "annotators": ["03", "08", "14", "16", "07"], "annotations": [3, 3, 4, 4, 3]}}, {"guid": "klue-sts-v1_train_00072", "source": "paraKQC-sampled", "sentence1": "\ucd5c\uadfc \uac70\ub798\ucc98 \uba54\uc77c\uc5d0 \uac00\uc7a5 \ub9ce\uc774 \ucd9c\ud604\ud55c \ub2e8\uc5b4\ub294?", "sentence2": "\uad50\uc218\ub2d8\uc5d0\uac8c \uba54\uc77c\uc744 \ubcf4\ub0c8\uc744 \ub54c\ub791 \uc870\uad50\ub2d8\uaed8 \ubcf4\ub0c8\uc744 \ub54c\ub791 \ub204\uac00 \ub354 \ub2f5\ubcc0\uc744 \uc8fc\uc154?", "labels": {"label": 0.6, "real-label": 0.6, "binary-label": 0}, "annotations": {"agreement": "2:3:0:0:0:0", "annotators": ["17", "04", "08", "03", "10"], "annotations": [0, 0, 1, 1, 1]}}, {"guid": "klue-sts-v1_train_00073", "source": "airbnb-sampled", "sentence1": "\uad50\ud1b5\uc704\uce58\uc88b\uace0 \uc544\uce68\uc81c\uacf5\uc11c\ube44\uc2a4\ubc0f \uccad\uacb0,\uce5c\uc808\ud568", "sentence2": "\uc804\ubc18\uc801\uc73c\ub85c \uad50\ud1b5\uacfc \uc2dd\uc0ac\uac00 \ud3b8\ub9ac\ud55c \uc704\uce58\uc5d0 \uc788\uace0, \uc8fc\uc778\uc774 \uce5c\uc808\ud569\ub2c8\ub2e4.", "labels": {"label": 2.6, "real-label": 2.571428571428572, "binary-label": 0}, "annotations": {"agreement": "1:0:1:4:1:0", "annotators": ["08", "04", "02", "15", "18", "12", "19"], "annotations": [3, 3, 2, 3, 0, 3, 4]}}, {"guid": "klue-sts-v1_train_00074", "source": "paraKQC-para", "sentence1": "\uc601\ud654\ub294 \uc2dc\uac04\uc774 \ub2e4\ub418\uc5b4\uc11c \ucde8\uc18c\uae30 \ubcf4\ub2e8 \ucd5c\uc18c \ud558\ub8e8 \uc804\uc5d0 \ucde8\uc18c\ud558\ub834.", "sentence2": "\uc55e\uc73c\ub85c \uc601\ud654\ub97c \ucde8\uc18c\ud558\uc2e4 \ub54c \ub2f9\uc77c\uc5d0 \ud558\uc9c0 \ub9c8\uc2dc\uace0 \ucd5c\uc18c \ud558\ub8e8 \uc804\uc5d0 \ud574\uc8fc\uc2dc\uae38 \ubc14\ub78d\ub2c8\ub2e4.", "labels": {"label": 3.2, "real-label": 3.2, "binary-label": 1}, "annotations": {"agreement": "0:0:0:4:1:0", "annotators": ["14", "02", "06", "04", "18"], "annotations": [4, 3, 3, 3, 3]}}, {"guid": "klue-sts-v1_train_00075", "source": "airbnb-rtt", "sentence1": "\uc5d8\ub9ac\ubca0\uc774\ud130\uac00 2\uc778\uc2b9 \uadf8\uac83\ub3c4 \uc880 \ud070 \ubc31\ud329\uc774 \uc788\uc73c\uba74 \ud55c\uba85\ubc16\uc5d0 \ubabb\ub4e4\uc5b4\uac11\ub2c8\ub2e4.", "sentence2": "2\uc778\uc6a9 \uc5d8\ub9ac\ubca0\uc774\ud130, \uadf8\ub9ac\uace0 \ud070 \ubc30\ub0ad\uc774 \uc788\uc73c\uba74 \ud55c \uc0ac\ub78c\ub9cc \ud0c8 \uc218 \uc788\uc2b5\ub2c8\ub2e4.", "labels": {"label": 3.7, "real-label": 3.714285714285714, "binary-label": 1}, "annotations": {"agreement": "0:0:0:2:5:0", "annotators": ["17", "13", "15", "04", "10", "08", "06"], "annotations": [4, 4, 3, 4, 4, 4, 3]}}, {"guid": "klue-sts-v1_train_00076", "source": "paraKQC-sampled", "sentence1": "\uc5b8\uc81c \ub180\ub7ec\uac00\uc2e4\uac74\uac00\uc694, \uae08\uc694\uc77c\uacfc \ud1a0\uc694\uc77c \uc911\uc5d0 \uace8\ub77c\uc8fc\uc2dc\uaca0\uc2b5\ub2c8\uae4c?", "sentence2": "\uc62c\ud574\uc5d0 \uc608\uc815\ub418\uc5b4 \uc788\ub294 \uc5f0\ud734\ub4e4 \ub9ac\uc2a4\ud2b8 \uac01\uac01 \uc5b8\uc81c\uc778\uc9c0 \uc54c\ub824\uc918.", "labels": {"label": 0.2, "real-label": 0.1666666666666667, "binary-label": 0}, "annotations": {"agreement": "5:1:0:0:0:0", "annotators": ["17", "15", "13", "06", "19", "04"], "annotations": [0, 0, 1, 0, 0, 0]}}, {"guid": "klue-sts-v1_train_00077", "source": "paraKQC-para", "sentence1": "\uc790\uc6d0\ubd09\uc0ac \ub2e4\uc74c\uc8fc \uc5b4\ub290 \uc2dc\uac04\uc73c\ub85c \uc7a1\ud614\uc5b4?", "sentence2": "\uc790\uc6d0\ubd09\uc0ac\uac00 \ub2e4\uc74c\uc8fc \uc5b4\ub290 \uc2dc\uac04\uc5d0 \uc788\ub294\ub370?", "labels": {"label": 4.0, "real-label": 4.0, "binary-label": 1}, "annotations": {"agreement": "0:0:0:1:4:1", "annotators": ["03", "07", "19", "06", "02", "18"], "annotations": [4, 3, 4, 4, 4, 5]}}, {"guid": "klue-sts-v1_train_00078", "source": "policy-sampled", "sentence1": "\uc6b0\ub9ac \ubb38\ud654\uc758 \uc815\uccb4\uc131\uacfc \ub2e4\uc591\uc131\uc744 \ubcf4\uc874\ud558\uae30 \uc704\ud574 \uad6d\uc5b4\ubb38\ud654, \uc804\ud1b5\ubb38\ud654, \uae30\ucd08\uc608\uc220, \uc778\ub514\ubb38\ud654 \ub4f1\uc744 \uacc4\uc18d \uc9c0\uc6d0\ud55c\ub2e4.", "sentence2": "\uc774\uc640 \ud568\uaed8 \uc911\uc18c\uae30\uc5c5\uc758 \ub2e4\uc591\ud55c \uc5f0\uad6c\uac1c\ubc1c \uc218\uc694\ub97c \ucda9\uc871\ud558\uae30 \uc704\ud574 18\uac1c \uc0ac\uc5c5\uc744 \uc2e0\uc124, 2807\uc5b5\uc6d0\uc744 \uc9c0\uc6d0\ud55c\ub2e4.", "labels": {"label": 0.3, "real-label": 0.3333333333333333, "binary-label": 0}, "annotations": {"agreement": "4:2:0:0:0:0", "annotators": ["14", "12", "15", "05", "02", "06"], "annotations": [0, 1, 0, 0, 0, 1]}}, {"guid": "klue-sts-v1_train_00079", "source": "airbnb-sampled", "sentence1": "\uc774 \ubd80\ubd84\uc740 \ud53c\ub80c\uccb4 \ub09c\ubc29 \uc815\ucc45\uc0c1 \uc5b4\uca54\uc218 \uc5c6\ub294 \ubd80\ubd84\uc774\ub77c\uace0 \ud569\ub2c8\ub2e4.", "sentence2": "\uc640\uc774\ud0a4\ud0a4 \uc9c0\uc5ed\uc774 \uadf8\ub807\ub4ef\uc774 \uc880 \uc2dc\ub044\ub7ec\uc6b4 \uac83\uc740 \uc5b4\uca54 \uc218 \uc5c6\uc744 \ub4ef\ud569\ub2c8\ub2e4.", "labels": {"label": 0.3, "real-label": 0.3333333333333333, "binary-label": 0}, "annotations": {"agreement": "4:2:0:0:0:0", "annotators": ["17", "02", "14", "05", "06", "18"], "annotations": [0, 0, 1, 0, 1, 0]}}]