<benchmark>
  <entries>
    <entry category="Food" eid="Id1" shape="(X (X) (X) (X) (X))" shape_type="sibling" size="4">
      <originaltripleset>
        <otriple>Ajoblanco | country | Spain</otriple>
        <otriple>Ajoblanco | mainIngredient | "Bread, almonds, garlic, water, olive oil"@en</otriple>
        <otriple>Ajoblanco | region | Andalusia</otriple>
        <otriple>Ajoblanco | ingredient | Garlic</otriple>
      </originaltripleset>
      <modifiedtripleset>
        <mtriple>Ajoblanco | country | Spain</mtriple>
        <mtriple>Ajoblanco | mainIngredients | "Bread, almonds, garlic, water, olive oil"</mtriple>
        <mtriple>Ajoblanco | region | Andalusia</mtriple>
        <mtriple>Ajoblanco | ingredient | Garlic</mtriple>
      </modifiedtripleset>
      <lex lang="en" lid="Id1">Ajoblanco is from Andalusia inSpain. The main ingredients of Ajoblanco are bread, almonds, garlic, water and olive oil.</lex>
      <lex lang="ru" lid="Id1">Ахобланко происходит из Андалусии в Испании. Основные ингредиенты ахобланко - хлеб, миндаль, чеснок, вода и оливковое масло.</lex>
      <lex lang="en" lid="Id2">Ajoblanco is from Andalusia, Spain. It contains bread, almonds, garlic, water, and olive oil.</lex>
      <lex lang="ru" lid="Id2">Ахобланко родом из Андалусии, Испания. Содержит в себе хлеб, миндаль, чеснок, воду и оливковое масло.</lex>
      <lex lang="en" lid="Id3">Ajoblanco is from the Andalusia region of Spain and the main ingredients are Bread, almonds, garlic, water, and olive oil.</lex>
      <lex lang="ru" lid="Id3">Ахобланко родом из региона Андалусия в Испании, а основные ингредиенты - хлеб, миндаль, чеснок, вода и оливковое масло.</lex>
      <dbpedialinks>
        <dbpedialink direction="en2ru">Spain | sameAs | Испания</dbpedialink>
        <dbpedialink direction="en2ru">Andalusia | sameAs | Андалусия</dbpedialink>
        <dbpedialink direction="en2ru">Ajoblanco | sameAs | Ахобланко</dbpedialink>
        <dbpedialink direction="en2ru">Garlic | sameAs | Чеснок</dbpedialink>
      </dbpedialinks>
    </entry>
    </entries>
</benchmark>