{"data": [{"title": "\uc81c\uc8fc\ub3c4 \uc7a5\ub9c8 \uc2dc\uc791 \u2026 \uc911\ubd80\ub294 \uc774\ub2ec \ub9d0\ubd80\ud130", "paragraphs": [{"context": "\uc62c\uc5ec\ub984 \uc7a5\ub9c8\uac00 17\uc77c \uc81c\uc8fc\ub3c4\uc5d0\uc11c \uc2dc\uc791\ub410\ub2e4. \uc11c\uc6b8 \ub4f1 \uc911\ubd80\uc9c0\ubc29\uc740 \uc608\ub144\ubcf4\ub2e4 \uc0ac\ub098\ud758 \uc815\ub3c4 \ub2a6\uc740 \uc774\ub2ec \ub9d0\uaed8 \uc7a5\ub9c8\uac00 \uc2dc\uc791\ub420 \uc804\ub9dd\uc774\ub2e4.17\uc77c \uae30\uc0c1\uccad\uc5d0 \ub530\ub974\uba74 \uc81c\uc8fc\ub3c4 \ub0a8\ucabd \uba3c\ubc14\ub2e4\uc5d0 \uc788\ub294 \uc7a5\ub9c8\uc804\uc120\uc758 \uc601\ud5a5\uc73c\ub85c \uc774\ub0a0 \uc81c\uc8fc\ub3c4 \uc0b0\uac04 \ubc0f \ub0b4\ub959\uc9c0\uc5ed\uc5d0 \ud638\uc6b0\uc8fc\uc758\ubcf4\uac00 \ub0b4\ub824\uc9c0\uba74\uc11c \uacf3\uacf3\uc5d0 100\u339c\uc5d0 \uc721\ubc15\ud558\ub294 \ub9ce\uc740 \ube44\uac00 \ub0b4\ub838\ub2e4. \uc81c\uc8fc\uc758 \uc7a5\ub9c8\ub294 \ud3c9\ub144\ubcf4\ub2e4 2~3\uc77c, \uc9c0\ub09c\ud574\ubcf4\ub2e4\ub294 \ud558\ub8e8 \uc77c\ucc0d \uc2dc\uc791\ub410\ub2e4. \uc7a5\ub9c8\ub294 \uace0\uc628\ub2e4\uc2b5\ud55c \ubd81\ud0dc\ud3c9\uc591 \uae30\ub2e8\uacfc \ud55c\ub7ad \uc2b5\uc724\ud55c \uc624\ud638\uce20\ud06c\ud574 \uae30\ub2e8\uc774 \ub9cc\ub098 \ud615\uc131\ub418\ub294 \uc7a5\ub9c8\uc804\uc120\uc5d0\uc11c \ub0b4\ub9ac\ub294 \ube44\ub97c \ub73b\ud55c\ub2e4.\uc7a5\ub9c8\uc804\uc120\uc740 18\uc77c \uc81c\uc8fc\ub3c4 \uba3c \ub0a8\ucabd \ud574\uc0c1\uc73c\ub85c \ub0b4\ub824\uac14\ub2e4\uac00 20\uc77c\uaed8 \ub2e4\uc2dc \ubd81\uc0c1\ud574 \uc804\ub0a8 \ub0a8\ud574\uc548\uae4c\uc9c0 \uc601\ud5a5\uc744 \uc904 \uac83\uc73c\ub85c \ubcf4\uc778\ub2e4. \uc774\uc5d0 \ub530\ub77c 20~21\uc77c \ub0a8\ubd80\uc9c0\ubc29\uc5d0\ub3c4 \uc608\ub144\ubcf4\ub2e4 \uc0ac\ud758 \uc815\ub3c4 \uc7a5\ub9c8\uac00 \uc77c\ucc0d \ucc3e\uc544\uc62c \uc804\ub9dd\uc774\ub2e4. \uadf8\ub7ec\ub098 \uc7a5\ub9c8\uc804\uc120\uc744 \ubc00\uc5b4\uc62c\ub9ac\ub294 \ubd81\ud0dc\ud3c9\uc591 \uace0\uae30\uc555 \uc138\ub825\uc774 \uc57d\ud574 \uc11c\uc6b8 \ub4f1 \uc911\ubd80\uc9c0\ubc29\uc740 \ud3c9\ub144\ubcf4\ub2e4 \uc0ac\ub098\ud758\uac00\ub7c9 \ub2a6\uc740 \uc774\ub2ec \ub9d0\ubd80\ud130 \uc7a5\ub9c8\uac00 \uc2dc\uc791\ub420 \uac83\uc774\ub77c\ub294 \uac8c \uae30\uc0c1\uccad\uc758 \uc124\uba85\uc774\ub2e4. \uc7a5\ub9c8\uc804\uc120\uc740 \uc774\ud6c4 \ud55c \ub2ec\uac00\ub7c9 \ud55c\ubc18\ub3c4 \uc911\ub0a8\ubd80\ub97c \uc624\ub974\ub0b4\ub9ac\uba70 \uacf3\uacf3\uc5d0 \ube44\ub97c \ubfcc\ub9b4 \uc804\ub9dd\uc774\ub2e4. \ucd5c\uadfc 30\ub144\uac04 \ud3c9\uade0\uce58\uc5d0 \ub530\ub974\uba74 \uc911\ubd80\uc9c0\ubc29\uc758 \uc7a5\ub9c8 \uc2dc\uc791\uc77c\uc740 6\uc6d424~25\uc77c\uc774\uc5c8\uc73c\uba70 \uc7a5\ub9c8\uae30\uac04\uc740 32\uc77c, \uac15\uc218\uc77c\uc218\ub294 17.2\uc77c\uc774\uc5c8\ub2e4.\uae30\uc0c1\uccad\uc740 \uc62c\ud574 \uc7a5\ub9c8\uae30\uac04\uc758 \ud3c9\uade0 \uac15\uc218\ub7c9\uc774 350~400\u339c\ub85c \ud3c9\ub144\uacfc \ube44\uc2b7\ud558\uac70\ub098 \uc801\uc744 \uac83\uc73c\ub85c \ub0b4\ub2e4\ubd24\ub2e4. \ube0c\ub77c\uc9c8 \uc6d4\ub4dc\ucef5 \ud55c\uad6d\uacfc \ub7ec\uc2dc\uc544\uc758 \uacbd\uae30\uac00 \uc5f4\ub9ac\ub294 18\uc77c \uc624\uc804 \uc11c\uc6b8\uc740 \ub300\uccb4\ub85c \uad6c\ub984\uc774 \ub9ce\uc774 \ub07c\uc9c0\ub9cc \ube44\ub294 \uc624\uc9c0 \uc54a\uc744 \uac83\uc73c\ub85c \uc608\uc0c1\ub3fc \uac70\ub9ac \uc751\uc6d0\uc5d0\ub294 \uc9c0\uc7a5\uc774 \uc5c6\uc744 \uc804\ub9dd\uc774\ub2e4.", "qas": [{"question": "\ubd81\ud0dc\ud3c9\uc591 \uae30\ub2e8\uacfc \uc624\ud638\uce20\ud06c\ud574 \uae30\ub2e8\uc774 \ub9cc\ub098 \uad6d\ub0b4\uc5d0 \uba38\ubb34\ub974\ub294 \uae30\uac04\uc740?", "answers": [{"text": "\ud55c \ub2ec\uac00\ub7c9", "answer_start": 478}, {"text": "\ud55c \ub2ec", "answer_start": 478}], "question_type": 1, "is_impossible": false, "guid": "klue-mrc-v1_train_12759"}]}], "news_category": "\uc885\ud569", "source": "hankyung"}]}