id,target,comment_text,severe_toxicity,obscene,identity_attack,insult,threat,asian,atheist,bisexual,black,buddhist,christian,female,heterosexual,hindu,homosexual_gay_or_lesbian,intellectual_or_learning_disability,jewish,latino,male,muslim,other_disability,other_gender,other_race_or_ethnicity,other_religion,other_sexual_orientation,physical_disability,psychiatric_or_mental_illness,transgender,white,created_date,publication_id,parent_id,article_id,rating,funny,wow,sad,likes,disagree,sexual_explicit,identity_annotator_count,toxicity_annotator_count
59848,0.0,"This is so cool. It's like, 'would you want your mother to read this??' Really great idea, well done!",0.0,0.0,0.0,0.0,0.0,,,,,,,,,,,,,,,,,,,,,,,,,2015-09-29 10:50:41.987077+00,2,,2006,rejected,0,0,0,0,0,0.0,0,4
59849,0.0,"Thank you!! This would make my life a lot less anxiety-inducing. Keep it up, and don't let anyone get in your way!",0.0,0.0,0.0,0.0,0.0,,,,,,,,,,,,,,,,,,,,,,,,,2015-09-29 10:50:42.870083+00,2,,2006,rejected,0,0,0,0,0,0.0,0,4
59852,0.0,This is such an urgent design problem; kudos to you for taking it on. Very impressive!,0.0,0.0,0.0,0.0,0.0,,,,,,,,,,,,,,,,,,,,,,,,,2015-09-29 10:50:45.222647+00,2,,2006,rejected,0,0,0,0,0,0.0,0,4
59855,0.0,Is this something I'll be able to install on my site? When will you be releasing it?,0.0,0.0,0.0,0.0,0.0,,,,,,,,,,,,,,,,,,,,,,,,,2015-09-29 10:50:47.601894+00,2,,2006,rejected,0,0,0,0,0,0.0,0,4
59856,0.8936170212765957,haha you guys are a bunch of losers.,0.021276595744680847,0.0,0.021276595744680847,0.8723404255319149,0.0,0.0,0.0,0.0,0.0,0.0,0.0,0.0,0.0,0.0,0.0,0.25,0.0,0.0,0.0,0.0,0.0,0.0,0.0,0.0,0.0,0.0,0.0,0.0,0.0,2015-09-29 10:50:48.488476+00,2,,2006,rejected,0,0,0,1,0,0.0,4,47
