path	translation	split
common_voice_nl_19629340.mp3	The snowman has melted.	train
common_voice_nl_19629342.mp3	Shoplifting is costing shopkeepers a lot of money.	train
common_voice_nl_19530788.mp3	With a permanent contract you have more certainty.	dev
common_voice_nl_19530792.mp3	We don't have time to go round the mountains, so there is nothing else to be done than through the mountain pass.	dev
common_voice_nl_17699535.mp3	Aboriginals are the original inhabitants of Australia.	test
common_voice_nl_17694848.mp3	My keyboard is full of dust.	test
