<benchmark>
  <entries>
    <entry category="MeanOfTransportation" eid="Id1" size="3">
      <originaltripleset>
        <otriple>1955_Dodge | engine | 1955_Dodge__2</otriple>
        <otriple>1955_Dodge | aka | "Dodge Custom Royal"@en</otriple>
        <otriple>1955_Dodge | bodyStyle | Hardtop</otriple>
      </originaltripleset>
      <modifiedtripleset>
        <mtriple>1955_Dodge | engine | V8_engine</mtriple>
        <mtriple>1955_Dodge | alternativeName | "Dodge Custom Royal"</mtriple>
        <mtriple>1955_Dodge | bodyStyle | Hardtop</mtriple>
      </modifiedtripleset>
      <lex comment="good" lid="Id1">The 1955 Dodge has a V8 engine, a hardtop and is also called the Dodge Custom Royal.</lex>
      <lex comment="good" lid="Id2">The 1955 Dodge, which was also known as the Dodge Custom Royal, has a V8 engine and a hardtop.</lex>
      <lex comment="good" lid="Id3">The 1955 Dodge is also known as the Dodge Custom Royal and has a hardtop and V8 engine.</lex>
    </entry>
    </entries>
</benchmark>