<benchmark>
  <entries>
    <entry category="Artist" eid="Id1" size="3">
      <originaltripleset>
        <otriple>Aaron_Bertram | associatedMusicalArtist | Kids_Imagine_Nation</otriple>
        <otriple>Aaron_Bertram | associatedBand | Suburban_Legends</otriple>
        <otriple>Suburban_Legends | genre | Pop_music</otriple>
      </originaltripleset>
      <originaltripleset>
        <otriple>Aaron_Bertram | associatedMusicalArtist | Suburban_Legends</otriple>
        <otriple>Aaron_Bertram | associatedBand | Kids_Imagine_Nation</otriple>
        <otriple>Suburban_Legends | genre | Pop_music</otriple>
      </originaltripleset>
      <modifiedtripleset>
        <mtriple>Aaron_Bertram | associatedBand/associatedMusicalArtist | Kids_Imagine_Nation</mtriple>
        <mtriple>Aaron_Bertram | associatedBand/associatedMusicalArtist | Suburban_Legends</mtriple>
        <mtriple>Suburban_Legends | genre | Pop_music</mtriple>
      </modifiedtripleset>
      <lex comment="good" lid="Id1">An artist with the band Kids Imagine Nation, Aaron Bertram plays for the Suburban Legends band which plays pop music.</lex>
      <lex comment="good" lid="Id2">Aaron Bertram plays for the Suburban Legends pop music band.He is an artist with the band Kids Imagine Nation.</lex>
      <lex comment="good" lid="Id3">Aaron Bertram plays for the Kids Imagine Nation band and the Suburban Legends, a pop music band.</lex>
    </entry>
    </entries>
</benchmark>