<benchmark>
  <entries>
    <entry category="Astronaut" eid="Id1" size="3">
      <originaltripleset>
        <otriple>Alan_Bean | almaMater | "UT Austin, B.S. 1955"@en</otriple>
        <otriple>Alan_Bean | timeInSpace | "100305.0"^^&lt;http://dbpedia.org/datatype/minute&gt;</otriple>
        <otriple>Alan_Bean | selection | 1963</otriple>
      </originaltripleset>
      <modifiedtripleset>
        <mtriple>Alan_Bean | almaMater | "UT Austin, B.S. 1955"</mtriple>
        <mtriple>Alan_Bean | timeInSpace | "100305.0"(minutes)</mtriple>
        <mtriple>Alan_Bean | was selected by NASA | 1963</mtriple>
      </modifiedtripleset>
      <lex comment="good" lid="Id1">Alan Bean, who graduated in 1955 from UT Austin with a B.S. and was selected by NASA in 1963, spent 100305.0 minutes in space.</lex>
      <lex comment="good" lid="Id2">Alan Bean went to UT Austin, B.S. 1955. He was selected by NASA in 1963 and spent 100305.0"(minutes) in space.</lex>
    </entry>
    </entries>
</benchmark>