<benchmark>
  <entries>
    <entry category="Artist" eid="Id1" shape="(X (X) (X) (X) (X) (X))" shape_type="sibling" size="5">
      <originaltripleset>
        <otriple>Aaron_Turner | associatedBand | Old_Man_Gloom</otriple>
        <otriple>Aaron_Turner | associatedMusicalArtist | Lotus_Eaters_(band)</otriple>
        <otriple>Aaron_Turner | genre | Black_metal</otriple>
        <otriple>Aaron_Turner | hometown | United_States</otriple>
        <otriple>Aaron_Turner | activeYearsStartYear | "1995"^^xsd:gYear</otriple>
      </originaltripleset>
      <modifiedtripleset>
        <mtriple>Aaron_Turner | associatedBand/associatedMusicalArtist | Old_Man_Gloom</mtriple>
        <mtriple>Aaron_Turner | associatedBand/associatedMusicalArtist | Lotus_Eaters_(band)</mtriple>
        <mtriple>Aaron_Turner | genre | Black_metal</mtriple>
        <mtriple>Aaron_Turner | origin | United_States</mtriple>
        <mtriple>Aaron_Turner | activeYearsStartYear | 1995</mtriple>
      </modifiedtripleset>
      <lex comment="good" lid="Id1">Aaron Turner, whose origin is the United States, started performing in 1995. Aaron Turner; performs black metal music, played for Old Man Gloom and is a musician in the Lotus Eaters band.</lex>
      <lex comment="good" lid="Id2">Aaron Turner came from the U.S. He is a Black metal musician who started performing in 1995. He plays in the Lotus Eaters band having previously performed with Old Man Gloom.</lex>
      <lex comment="good" lid="Id3">Black Metal musician and United States born Aaron Turner started his career in 1995. He is associated with the bands Old Man Gloom and the Lotus Eaters.</lex>
    </entry>
    </entries>
</benchmark>