<benchmark>
	<entries>
		<entry category="Astronaut" eid="Id5" size="7">
			<originaltripleset>
				<otriple>Alan_Bean | nationality | United_States</otriple>
				<otriple>Alan_Bean | occupation | Test_pilot</otriple>
				<otriple>Alan_Bean | birthDate | "1932-03-15"^^xsd:date</otriple>
				<otriple>Alan_Bean | almaMater | "UT Austin, B.S. 1955"@en</otriple>
				<otriple>Alan_Bean | mission | Apollo_12</otriple>
				<otriple>Alan_Bean | birthPlace | Wheeler,_Texas</otriple>
				<otriple>Alan_Bean | dateOfRet | "June 1981"@en</otriple>
			</originaltripleset>
			<modifiedtripleset>
				<mtriple>Alan_Bean | nationality | United_States</mtriple>
				<mtriple>Alan_Bean | occupation | Test_pilot</mtriple>
				<mtriple>Alan_Bean | birthDate | "1932-03-15"</mtriple>
				<mtriple>Alan_Bean | almaMater | "UT Austin, B.S. 1955"</mtriple>
				<mtriple>Alan_Bean | was a crew member of | Apollo_12</mtriple>
				<mtriple>Alan_Bean | birthPlace | Wheeler,_Texas</mtriple>
				<mtriple>Alan_Bean | dateOfRetirement | "June 1981"</mtriple>
			</modifiedtripleset>
			<lex comment="good" lid="Id1">
				<sortedtripleset>
					<sentence ID="1">
						<striple>Alan_Bean | nationality | United_States</striple>
						<striple>Alan_Bean | occupation | Test_pilot</striple>
						<striple>Alan_Bean | was a crew member of | Apollo_12</striple>
					</sentence>
					<sentence ID="2">
						<striple>Alan_Bean | birthDate | "1932-03-15"</striple>
						<striple>Alan_Bean | birthPlace | Wheeler,_Texas</striple>
						<striple>Alan_Bean | almaMater | "UT Austin, B.S. 1955"</striple>
					</sentence>
					<sentence ID="3">
						<striple>Alan_Bean | dateOfRetirement | "June 1981"</striple>
					</sentence>
				</sortedtripleset>
				<references>
					<reference entity="Alan_Bean" number="1" tag="AGENT-1" type="name">Alan Bean</reference>
					<reference entity="United_States" number="2" tag="PATIENT-1" type="description">an American</reference>
					<reference entity="Test_pilot" number="3" tag="PATIENT-2" type="name">test pilot</reference>
					<reference entity="Apollo_12" number="4" tag="PATIENT-5" type="name">Apollo 12</reference>
					<reference entity="Alan_Bean" number="5" tag="AGENT-1" type="pronoun">He</reference>
					<reference entity="&quot;1932-03-15&quot;" number="6" tag="PATIENT-3" type="name">March 15 , 1932</reference>
					<reference entity="Wheeler,_Texas" number="7" tag="PATIENT-6" type="name">Wheeler Texas</reference>
					<reference entity="&quot;UT Austin, B.S. 1955&quot;" number="8" tag="PATIENT-4" type="name">UT Austin , B.S</reference>
					<reference entity="Alan_Bean" number="9" tag="AGENT-1" type="name">1955 . He</reference>
					<reference entity="&quot;June 1981&quot;" number="10" tag="PATIENT-7" type="name">June 1981</reference>
				</references>
				<text>Alan Bean was an American @ test pilot who was a member of the Apollo 12 crew. He was born on March 15, 1932 in Wheeler Texas and attended UT Austin, B.S. 1955. He retired in June 1981.</text>
				<template>AGENT-1 was PATIENT-1 @ PATIENT-2 who was a member of the PATIENT-5 crew . AGENT-1 was born on PATIENT-3 in PATIENT-6 and attended PATIENT-4 . AGENT-1 retired in PATIENT-7 .</template>
				<lexicalization>AGENT-1 VP[aspect=simple,tense=past,voice=active,person=null,number=singular] be PATIENT-1 PATIENT-2 who VP[aspect=simple,tense=past,voice=active,person=null,number=singular] be DT[form=undefined] a member of DT[form=defined] the PATIENT-5 crew . AGENT-1 VP[aspect=simple,tense=past,voice=passive,person=null,number=singular] bear on PATIENT-3 in PATIENT-6 and VP[aspect=simple,tense=past,voice=active,person=null,number=null] attend PATIENT-4 . AGENT-1 VP[aspect=simple,tense=past,voice=active,person=null,number=null] retire in PATIENT-7 .</lexicalization>
			</lex>
			<lex comment="good" lid="Id2">
				<sortedtripleset>
					<sentence ID="1">
						<striple>Alan_Bean | nationality | United_States</striple>
						<striple>Alan_Bean | birthPlace | Wheeler,_Texas</striple>
						<striple>Alan_Bean | birthDate | "1932-03-15"</striple>
					</sentence>
					<sentence ID="2">
						<striple>Alan_Bean | almaMater | "UT Austin, B.S. 1955"</striple>
						<striple>Alan_Bean | occupation | Test_pilot</striple>
						<striple>Alan_Bean | was a crew member of | Apollo_12</striple>
					</sentence>
					<sentence ID="3">
						<striple>Alan_Bean | dateOfRetirement | "June 1981"</striple>
					</sentence>
				</sortedtripleset>
				<references>
					<reference entity="Alan_Bean" number="1" tag="AGENT-1" type="name">Alan Bean</reference>
					<reference entity="United_States" number="2" tag="PATIENT-1" type="description">an American</reference>
					<reference entity="Wheeler,_Texas" number="3" tag="PATIENT-6" type="name">Wheeler , Texas</reference>
					<reference entity="&quot;1932-03-15&quot;" number="4" tag="PATIENT-3" type="description">the 15th March 1932</reference>
					<reference entity="Alan_Bean" number="5" tag="AGENT-1" type="pronoun">He</reference>
					<reference entity="&quot;UT Austin, B.S. 1955&quot;" number="6" tag="PATIENT-4" type="name">UT Austin in 1955 with a B.S . degree</reference>
					<reference entity="Alan_Bean" number="7" tag="AGENT-1" type="pronoun">He</reference>
					<reference entity="Test_pilot" number="8" tag="PATIENT-2" type="description">a test pilot</reference>
					<reference entity="Apollo_12" number="9" tag="PATIENT-5" type="name">Apollo 12</reference>
					<reference entity="Alan_Bean" number="10" tag="AGENT-1" type="pronoun">He</reference>
					<reference entity="&quot;June 1981&quot;" number="11" tag="PATIENT-7" type="name">June 1981</reference>
				</references>
				<text>Alan Bean is an American who was born in Wheeler, Texas on the 15th March 1932. He graduated from UT Austin in 1955 with a B.S. degree, He was a test pilot, who was on the crew of Apollo 12. He retired in June 1981.</text>
				<template>AGENT-1 is PATIENT-1 who was born in PATIENT-6 on PATIENT-3 . AGENT-1 graduated from PATIENT-4, AGENT-1 was PATIENT-2 , who was on the crew of PATIENT-5 . AGENT-1 retired in PATIENT-7 .</template>
				<lexicalization>AGENT-1 VP[aspect=simple,tense=present,voice=active,person=3rd,number=singular] be PATIENT-1 who VP[aspect=simple,tense=past,voice=passive,person=null,number=singular] bear in PATIENT-6 on PATIENT-3 . AGENT-1 VP[aspect=simple,tense=past,voice=active,person=null,number=null] graduate from PATIENT-4 , AGENT-1 VP[aspect=simple,tense=past,voice=active,person=null,number=singular] be PATIENT-2 , who VP[aspect=simple,tense=past,voice=active,person=null,number=singular] be on DT[form=defined] the crew of PATIENT-5 . AGENT-1 VP[aspect=simple,tense=past,voice=active,person=null,number=null] retire in PATIENT-7 .</lexicalization>
			</lex>
			<lex comment="good" lid="Id3">
				<sortedtripleset>
					<sentence ID="1">
						<striple>Alan_Bean | nationality | United_States</striple>
						<striple>Alan_Bean | birthDate | "1932-03-15"</striple>
						<striple>Alan_Bean | birthPlace | Wheeler,_Texas</striple>
					</sentence>
					<sentence ID="2">
						<striple>Alan_Bean | almaMater | "UT Austin, B.S. 1955"</striple>
						<striple>Alan_Bean | occupation | Test_pilot</striple>
					</sentence>
					<sentence ID="3">
						<striple>Alan_Bean | was a crew member of | Apollo_12</striple>
						<striple>Alan_Bean | dateOfRetirement | "June 1981"</striple>
					</sentence>
				</sortedtripleset>
				<references>
					<reference entity="United_States" number="1" tag="PATIENT-1" type="name">American</reference>
					<reference entity="Alan_Bean" number="2" tag="AGENT-1" type="name">Alan Bean</reference>
					<reference entity="&quot;1932-03-15&quot;" number="3" tag="PATIENT-3" type="description">the 15th of March 1932</reference>
					<reference entity="Wheeler,_Texas" number="4" tag="PATIENT-6" type="name">Wheeler , Texas</reference>
					<reference entity="Alan_Bean" number="5" tag="AGENT-1" type="pronoun">He</reference>
					<reference entity="&quot;UT Austin, B.S. 1955&quot;" number="6" tag="PATIENT-4" type="description">a Bachelor of Science degree at the University of Texas at Austin in 1955</reference>
					<reference entity="Test_pilot" number="7" tag="PATIENT-2" type="description">a test pilot</reference>
					<reference entity="Alan_Bean" number="8" tag="AGENT-1" type="pronoun">He</reference>
					<reference entity="Apollo_12" number="9" tag="PATIENT-5" type="description">the Apollo 12 flight mission</reference>
					<reference entity="Alan_Bean" number="10" tag="AGENT-1" type="pronoun">his</reference>
					<reference entity="&quot;June 1981&quot;" number="11" tag="PATIENT-7" type="name">June 1981</reference>
				</references>
				<text>American @ Alan Bean was born on the 15th of March 1932 in Wheeler, Texas. He received a Bachelor of Science degree at the University of Texas at Austin in 1955, and worked as a test pilot. He was a crew member on the Apollo 12 flight mission before his retirement in June 1981.</text>
				<template>PATIENT-1 @ AGENT-1 was born on PATIENT-3 in PATIENT-6 . AGENT-1 received PATIENT-4 , and worked as PATIENT-2 . AGENT-1 was a crew member on PATIENT-5 before AGENT-1 retirement in PATIENT-7 .</template>
				<lexicalization>PATIENT-1 AGENT-1 VP[aspect=simple,tense=past,voice=passive,person=null,number=singular] bear on PATIENT-3 in PATIENT-6 . AGENT-1 VP[aspect=simple,tense=past,voice=active,person=null,number=null] receive PATIENT-4 , and VP[aspect=simple,tense=past,voice=active,person=null,number=null] work as PATIENT-2 . AGENT-1 VP[aspect=simple,tense=past,voice=active,person=null,number=singular] be DT[form=undefined] a crew member on PATIENT-5 before AGENT-1 retirement in PATIENT-7 .</lexicalization>
			</lex>
			<entitymap>
				<entity>AGENT-1 | Alan_Bean</entity>
				<entity>PATIENT-1 | United_States</entity>
				<entity>PATIENT-2 | Test_pilot</entity>
				<entity>PATIENT-3 | "1932-03-15"</entity>
				<entity>PATIENT-4 | "UT Austin, B.S. 1955"</entity>
				<entity>PATIENT-5 | Apollo_12</entity>
				<entity>PATIENT-6 | Wheeler,_Texas</entity>
				<entity>PATIENT-7 | "June 1981"</entity>
			</entitymap>
		</entry>
		</entries>
</benchmark>
