path	translation	split
common_voice_en_19664034.mp3	Diese Datenkomponenten wiederum dienen als die „Grundbausteine“ zum Datenaustausch.	train
common_voice_en_19664035.mp3	Die Kirche ist nicht mit der jüdischen politischen Bewegung des Zionismus verbunden.	train
common_voice_en_18540003.mp3	Wenn Wasser knapp ist, verschwenden Sie es nicht.	dev
common_voice_en_18540005.mp3	Du fährst mit ihr bis zu ihrer Tür.	dev
common_voice_en_699711.mp3	Sie wird schon in Ordnung sein.	test
common_voice_en_18132047.mp3	Ende gut, alles gut.	test
