0	Die Präsenz der Kommunikation inmitten wissenschaftlicher Köpfe war für den Erfolg des Manhattan-Projekts ebenso wichtig wie der wissenschaftliche Intellekt. Die Präsenz der Kommunikation inmitten wissenschaftlicher Köpfe war für den Erfolg des Manhattan-Projekts ebenso wichtig wie der wissenschaftliche Intellekt. Die einzige Wolke, die über der beeindruckenden Leistung der Atomforscher und Ingenieure hängt, ist, was ihr Erfolg wirklich bedeutete; Hunderttausende unschuldiger Leben wurden ausgelöscht.
1	Das Manhattan-Projekt und seine Atombombe halfen, den Zweiten Weltkrieg zu beenden. Ihr Vermächtnis der friedlichen Nutzung der Atomenergie hat nach wie vor Auswirkungen auf die Geschichte und die Wissenschaft.
2	Das Manhattan-Projekt Das Manhattan-Projekt Das Manhattan-Projekt sollte sehen, ob eine Atombombe möglich ist. Der Erfolg dieses Projekts würde die Welt für immer verändern und es für immer bekannt machen, dass etwas, das so mächtig ist, von Menschen gemacht werden kann.
3	Das Manhattan-Projekt war der Name für ein Projekt, das während des Zweiten Weltkriegs durchgeführt wurde, um die erste Atombombe zu entwickeln. Es bezieht sich speziell auf die Zeit des Projekts von 194... 2-1946 unter der Kontrolle der US Army Corps of Engineers, unter der Verwaltung von General Leslie R. Groves.
4	Versionen jedes Bandes sowie ergänzende Websites. Die erste Website – The Manhattan Project: An Interactive History – ist auf der Website des Office of History and Heritage Resources unter http://www.cfo verfügbar. == Weblinks ==== Einzelnachweise == Das Büro für Geschichte und Kulturerbe und die nationale nukleare Sicherheit
