Ein Flugzeug hebt gerade ab.,Ein Flugzeug hebt gerade ab.,5.0
Ein Mann spielt eine große Flöte.,Ein Mann spielt eine Flöte.,3.8
Ein Mann streicht geriebenen Käse auf eine Pizza.,Ein Mann streicht geriebenen Käse auf eine ungekochte Pizza.,3.8
Drei Männer spielen Schach.,Zwei Männer spielen Schach.,2.6
Ein Mann spielt Cello.,Ein sitzender Mann spielt Cello.,4.25
Einige Männer kämpfen.,Zwei Männer kämpfen.,4.25
Ein Mann raucht.,Ein Mann läuft Schlittschuh.,0.5
Der Mann spielt Klavier.,Der Mann spielt Gitarre.,1.6
Ein Mann spielt auf einer Gitarre und singt.,Eine Frau spielt eine akustische Gitarre und singt.,2.2
