[{"context": "The decline of the city reached its nadir with the War of Spanish Succession (1702\u20131709) that marked the end of the political and legal independence of the Kingdom of Valencia. During the War of the Spanish Succession, Valencia sided with Charles of Austria. On 24 January 1706, Charles Mordaunt, 3rd Earl of Peterborough, 1st Earl of Monmouth, led a handful of English cavalrymen into the city after riding south from Barcelona, capturing the nearby fortress at Sagunt, and bluffing the Spanish Bourbon army into withdrawal.", "users": [{"userType": "Human", "id": "Alice"}, {"userType": "Human", "id": "Bob"}], "evaluation": [{"breadth": 2, "userId": "Bob", "quality": 4, "engagement": 1}, {"breadth": 1, "userId": "Alice", "quality": 1, "engagement": 1}], "thread": [{"evaluation": 0, "text": "Hi! As for me, I thought Spain got united much earlier", "userId": "Bob"}], "dialogId": -315877751}, {"context": "Eduardo Bonilla-Silva, Sociology professor at Duke University, remarks, \"I contend that racism is, more than anything else, a matter of group power; it is about a dominant racial group (whites) striving to maintain its systemic advantages and minorities fighting to subvert the racial status quo.\"  The types of practices that take place under this new color-blind racism is subtle, institutionalized, and supposedly not racial. Color-blind racism thrives on the idea that race is no longer an issue in the United States. There are contradictions between the alleged color-blindness of most whites and the persistence of a color-coded system of inequality.", "users": [{"userType": "Human", "id": "Alice"}, {"userType": "Human", "id": "Bob"}], "evaluation": [{"breadth": 1, "userId": "Bob", "quality": 1, "engagement": 1}, {"breadth": 1, "userId": "Alice", "quality": 1, "engagement": 1}], "thread": [{"evaluation": 0, "text": "Hi", "userId": "Alice"}], "dialogId": -1063204396}, {"context": "Originally, every electronic component had wire leads, and the PCB had holes drilled for each wire of each component. The components' leads were then passed through the holes and soldered to the PCB trace. This method of assembly is called through-hole construction. In 1949, Moe Abramson and Stanislaus F. Danko of the United States Army Signal Corps developed the Auto-Sembly process in which component leads were inserted into a copper foil interconnection pattern and dip soldered. The patent they obtained in 1956 was assigned to the U.S. Army. With the development of board lamination and etching techniques, this concept evolved into the standard printed circuit board fabrication process in use today. Soldering could be done automatically by passing the board over a ripple, or wave, of molten solder in a wave-soldering machine. However, the wires and holes are wasteful since drilling holes is expensive and the protruding wires are merely cut off.", "users": [{"userType": "Human", "id": "Alice"}, {"userType": "Human", "id": "Bob"}], "evaluation": [{"breadth": 1, "userId": "Bob", "quality": 1, "engagement": 1}, {"breadth": 2, "userId": "Alice", "quality": 2, "engagement": 2}], "thread": [{"evaluation": 2, "text": "Hi", "userId": "Bob"}, {"evaluation": 0, "text": "Hi", "userId": "Alice"}, {"evaluation": 0, "text": "What do you think abouy it?", "userId": "Bob"}, {"evaluation": 0, "text": "About what?", "userId": "Alice"}, {"evaluation": 0, "text": "About text", "userId": "Bob"}], "dialogId": -749262821}, {"context": "Though much of Enlightenment political thought was dominated by social contract theorists, both David Hume and Adam Ferguson criticized this camp. Hume's essay Of the Original Contract argues that governments derived from consent are rarely seen, and civil government is grounded in a ruler's habitual authority and force. It is precisely because of the ruler's authority over-and-against the subject, that the subject tacitly consents; Hume says that the subjects would \"never imagine that their consent made him sovereign\", rather the authority did so. Similarly, Ferguson did not believe citizens built the state, rather polities grew out of social development. In his 1767 An Essay on the History of Civil Society, Ferguson uses the four stages of progress, a theory that was very popular in Scotland at the time, to explain how humans advance from a hunting and gathering society to a commercial and civil society without \"signing\" a social contract.", "users": [{"userType": "Human", "id": "Alice"}, {"userType": "Bot", "id": "Bob"}], "evaluation": [{"breadth": 0, "userId": "Alice", "quality": 0, "engagement": 0}, {"breadth": 5, "userId": "Bob", "quality": 1, "engagement": 5}], "thread": [{"evaluation": 0, "text": "Hi", "userId": "Alice"}, {"evaluation": 0, "text": "Who uses the four stages of civil society ?", "userId": "Bob"}, {"evaluation": 0, "text": "Ehh its incorrect. Hint: first 3 answer letters is \"fer\" ", "userId": "Bob"}, {"evaluation": 0, "text": "What is your name?", "userId": "Alice"}, {"evaluation": 0, "text": "What", "userId": "Bob"}, {"evaluation": 0, "text": "Please, speak with me.", "userId": "Bob"}, {"evaluation": 0, "text": "Please, speak with me. It gives me energy to live", "userId": "Bob"}], "dialogId": -155769874}, {"context": "Hayek had made contact with many at the U. of Chicago in the 1940s, with Hayek's The Road to Serfdom playing a seminal role in transforming how Milton Friedman and others understood how society works. Hayek conducted a number in influential faculty seminars while at the U. of Chicago, and a number of academics worked on research projects sympathetic to some of Hayek's own, such as Aaron Director, who was active in the Chicago School in helping to fund and establish what became the \"Law and Society\" program in the University of Chicago Law School. Hayek, Frank Knight, Friedman and George Stigler worked together in forming the Mont P\u00e8lerin Society, an international forum for libertarian economists. Hayek and Friedman cooperated in support of the Intercollegiate Society of Individualists, later renamed the Intercollegiate Studies Institute, an American student organisation devoted to libertarian ideas.", "users": [{"userType": "Human", "id": "Alice"}, {"userType": "Human", "id": "Bob"}], "evaluation": [{"breadth": 1, "userId": "Alice", "quality": 1, "engagement": 1}, {"breadth": 4, "userId": "Bob", "quality": 4, "engagement": 4}], "thread": [{"evaluation": 1, "text": "Had Hayek read any of Ayn Rand's novels by that time?", "userId": "Bob"}], "dialogId": 179647003}]