<benchmark>
  <entries>
    <entry category="Politician" eid="Id1" shape="(X (X) (X) (X) (X))" shape_type="sibling" size="4">
      <originaltripleset>
        <otriple>Aaron_S._Daggett | battles | Battle_of_Gettysburg</otriple>
        <otriple>Aaron_S._Daggett | award | Purple_Heart</otriple>
        <otriple>Aaron_S._Daggett | deathPlace | Massachusetts</otriple>
        <otriple>Aaron_S._Daggett | birthPlace | Greene,_Maine</otriple>
      </originaltripleset>
      <modifiedtripleset>
        <mtriple>Aaron_S._Daggett | battles | Battle_of_Gettysburg</mtriple>
        <mtriple>Aaron_S._Daggett | award | Purple_Heart</mtriple>
        <mtriple>Aaron_S._Daggett | deathPlace | Massachusetts</mtriple>
        <mtriple>Aaron_S._Daggett | birthPlace | Greene,_Maine</mtriple>
      </modifiedtripleset>
      <lex comment="good" lid="Id1">Aaron S. Daggett was born in Greene, Maine and he died in Massachusetts. He fought in the Battle of Gettysburg and was awarded the Purple Heart.</lex>
      <lex comment="good" lid="Id2">Aaron S. Daggett was born in Greene Maine and died in Massachusetts. He fought in the Battle of Gettysburg and awarded the Purple Heart.</lex>
      <lex comment="good" lid="Id3">Aaron S Daggett was born in Greene, Maine and died in Massachusetts. He took part in the Battle of Gettysburg and was awarded the Purple Heart.</lex>
    </entry>
    </entries>
</benchmark>