<benchmark>
  <entries>
    <entry category="Athlete" eid="Id1" shape="(X (X) (X (X) (X)))" shape_type="mixed" size="4">
      <originaltripleset>
        <otriple>A.C._Milan | league | Serie_A</otriple>
        <otriple>Alessio_Romagnoli | clubs | A.C._Milan</otriple>
        <otriple>A.C._Milan | manager | Siniša_Mihajlović</otriple>
        <otriple>Alessio_Romagnoli | team | Italy_national_under-16_football_team</otriple>
      </originaltripleset>
      <modifiedtripleset>
        <mtriple>A.C._Milan | league | Serie_A</mtriple>
        <mtriple>Alessio_Romagnoli | club | A.C._Milan</mtriple>
        <mtriple>A.C._Milan | manager | Siniša_Mihajlović</mtriple>
        <mtriple>Alessio_Romagnoli | club | Italy_national_under-16_football_team</mtriple>
      </modifiedtripleset>
      <lex comment="good" lid="Id1">Alessio Romagnoli who played for the Italy national under-16 football team, is a member of AC Milan who are in the Serie A league and managed by Sinisa Mihajlovic.</lex>
      <lex comment="good" lid="Id2">Former Italian national under-16 football player, Alessio Romagnoli, plays for the club A.C. Milan, which is managed by Siniša Mihajlović and is in Serie A league.</lex>
      <lex comment="good" lid="Id3">Alessio Romagnoli, was in Italy's national under 16's football team and plays for A.C. Milan. Siniša Mihajlović is the manager for A.C. Milan which is in Serie A league.</lex>
    </entry>
    </entries>
</benchmark>