<benchmark>
  <entries>
    <entry category="Food" eid="Id1" shape="(X (X) (X) (X))" shape_type="sibling" size="3">
      <originaltripleset>
        <otriple>Amatriciana_sauce | region | Lazio</otriple>
        <otriple>Amatriciana_sauce | country | Italy</otriple>
        <otriple>Amatriciana_sauce | ingredient | Guanciale</otriple>
      </originaltripleset>
      <modifiedtripleset>
        <mtriple>Amatriciana_sauce | region | Lazio</mtriple>
        <mtriple>Amatriciana_sauce | country | Italy</mtriple>
        <mtriple>Amatriciana_sauce | ingredient | Guanciale</mtriple>
      </modifiedtripleset>
      <lex comment="good" lid="Id1">Guanciale is an ingredient used in the preparation of Amatriciana sauce which is a traditional Italian sauce, that comes from the region of Lazio.</lex>
      <lex comment="good" lid="Id2">Guanciale is an ingredient in Amatriciana sauce which comes from the Lazio region in Italy.</lex>
      <lex comment="good" lid="Id3">Amatriciana, a sauce containing Guanciale, is a traditional Italian sauce from the Lazio region.</lex>
    </entry>
    </entries>
</benchmark>