Er gaat een vliegtuig opstijgen.,Er gaat een vliegtuig opstijgen.,5.0
Een man speelt een grote fluit.,Een man speelt fluit.,3.8
Een man smeert geraspte kaas op een pizza.,Een man strooit geraspte kaas op een ongekookte pizza.,3.8
Drie mannen zijn aan het schaken.,Twee mannen zijn aan het schaken.,2.6
Een man speelt cello.,Een zittende man speelt cello.,4.25
Sommige mannen zijn aan het vechten.,Twee mannen zijn aan het vechten.,4.25
Een man rookt.,Een man is aan het schaatsen.,0.5
De man speelt piano.,De man speelt gitaar.,1.6
Een man speelt op een gitaar en zingt.,Een vrouw speelt een akoestische gitaar en zingt.,2.2
