<benchmark>
  <entries>
    <entry category="MeanOfTransportation" eid="Id1" shape="(X (X) (X))" shape_type="sibling" size="2">
      <originaltripleset>
        <otriple>A-Rosa_Luna | shipOrdered | "2004-01-22"^^xsd:date</otriple>
        <otriple>A-Rosa_Luna | MeanOfTransportation/length | "125800.0"^^&lt;http://dbpedia.org/datatype/millimetre&gt;</otriple>
      </originaltripleset>
      <originaltripleset>
        <otriple>A-Rosa_Luna | MeanOfTransportation/length | "125800.0"^^&lt;http://dbpedia.org/datatype/millimetre&gt;</otriple>
        <otriple>A-Rosa_Luna | orderDate | "2004-01-22"^^xsd:date</otriple>
      </originaltripleset>
      <modifiedtripleset>
        <mtriple>A-Rosa_Luna | shipOrdered | 2004-01-22</mtriple>
        <mtriple>A-Rosa_Luna | length | 125800.0 (millimetres)</mtriple>
      </modifiedtripleset>
      <lex comment="good" lid="Id1">The A-Rosa Luna ship is 125800.0 mms in length and was ordered on 22 January 2004.</lex>
      <lex comment="good" lid="Id2">The A-Rosa Luna ship which is 125800.0 millimetres in length, was ordered on January 22nd 2004.</lex>
      <lex comment="good" lid="Id3">The A-Rosa Luna ship was ordered on the 22nd January 2004 and it is 125.8 metres long.</lex>
    </entry>
    </entries>
</benchmark>