<benchmark>
  <entries>
    <entry category="University" eid="Id1" shape="(X (X) (X))" shape_type="sibling" size="2">
      <originaltripleset>
        <otriple>1_Decembrie_1918_University,_Alba_Iulia | nickname | Uab</otriple>
        <otriple>1_Decembrie_1918_University,_Alba_Iulia | state | Alba</otriple>
      </originaltripleset>
      <modifiedtripleset>
        <mtriple>1_Decembrie_1918_University | nickname | Uab</mtriple>
        <mtriple>1_Decembrie_1918_University | state | Alba</mtriple>
      </modifiedtripleset>
      <lex comment="good" lid="Id1">The Uab is the nickname of the 1 1918 Decembrie University in the state of Alba.</lex>
      <lex comment="good" lid="Id2">1 Decembrie 1918 University's nickname is Uab and is located in Alba.</lex>
    </entry>
    </entries>
</benchmark>