idx	label	sentence1	sentence2
0	1	it is a good thing. but why must we destroy the earth and 2/3rds of humanity to accomplish it? that is the downside to the end of the age saga which is coming. you can liken it to when god poured out the plagues on egypt because pharaoh refused to free his people. that event will be repeated again, only on a world wide basis. and it will be in response to antichrists actions against his people.	"""what is this """"we"""" stuff? got a mouse in your pocket? i thought god was going to destroy it...not """"we"""".   """
1	0	"""the planned parenthood motto is """"every child a wanted child.'"""	if that's truly what the organization says, then it's a hypocrite of an organization.
2	0	the only difference is that the evolutionists are correct. btw, they've found the crater which was made by the asteroid. the mass extinction is a fact and so is evolution.	your probably referring to the mexican basin crater. mass extinction doesn't prove evolution. the flood as described in the bible is an example of mass extinction. besides, in order for the asteroid theory to work, the asteroid would have to create an almost global tidal wave that would effectively kill the animals by drowning. also similiar to the effects of the flood.
3	0	how can a christian not be? picking an choosing what one likes out of the bible doesn't mean they know god.	most christians are, as is frequently pointed out by numerous posters in many different threads on this board.
4	0	you sure can. a mass murder of at least 13 children was committed with a knife. that has happened before even in japan as well as other countries including here. no conclusion to be drawn. it happened, it is history and now a well known fact.	you don't even take into consideration the possibility that japan could have a higher mass murder rate- perhaps the same as the us- if guns were freely available in that country. you have a lot of explaining to do if you expect me to buy what you're trying to peddle. 
