[{"qid": 2101535001000, "question": "oxybutynin chloride 5 extended release film coated tablet is the ingredients of what routed drug?", "answer": [{"answer_type": "Entity", "answer_argument": "m.0z3xfvs", "entity_name": "Oxybutynin Oral"}, {"answer_type": "Entity", "answer_argument": "m.0z3xm0m", "entity_name": "Oxybutynin Chloride Oral"}], "function": "none", "num_node": 2, "num_edge": 1, "graph_query": {"nodes": [{"nid": 0, "node_type": "class", "id": "medicine.routed_drug", "class": "medicine.routed_drug", "friendly_name": "Routed drug", "question_node": 1, "function": "none"}, {"nid": 1, "node_type": "entity", "id": "m.0hqs1x_", "class": "medicine.drug_formulation", "friendly_name": "Oxybutynin chloride 5 extended release film coated tablet", "question_node": 0, "function": "none"}], "edges": [{"start": 0, "end": 1, "relation": "medicine.routed_drug.marketed_formulations", "friendly_name": "Marketed formulations"}]}, "sparql_query": "PREFIX rdf: <http://www.w3.org/1999/02/22-rdf-syntax-ns#> PREFIX rdfs: <http://www.w3.org/2000/01/rdf-schema#> PREFIX : <http://rdf.freebase.com/ns/> \nSELECT (?x0 AS ?value) WHERE {\nSELECT DISTINCT ?x0  WHERE { \n?x0 :type.object.type :medicine.routed_drug . \nVALUES ?x1 { :m.0hqs1x_ } \n?x0 :medicine.routed_drug.marketed_formulations ?x1 . \nFILTER ( ?x0 != ?x1  )\n}\n}", "domains": ["medicine"], "s_expression": "(AND medicine.routed_drug (JOIN medicine.routed_drug.marketed_formulations m.0hqs1x_))"}, {"qid": 2100954014000, "question": "the type single-sex school are in which institutions?", "answer": [{"answer_type": "Entity", "answer_argument": "m.011ll0cm", "entity_name": "\u00c9cole sup\u00e9rieure de jeunes filles"}, {"answer_type": "Entity", "answer_argument": "m.02r4qt_", "entity_name": "Penrhos College, Perth"}, {"answer_type": "Entity", "answer_argument": "m.0dddwj", "entity_name": "Methodist Ladies' College, Perth"}, {"answer_type": "Entity", "answer_argument": "m.028bvkv", "entity_name": "Crest Girls' Academy"}, {"answer_type": "Entity", "answer_argument": "m.09h5p0", "entity_name": "Forest School"}, {"answer_type": "Entity", "answer_argument": "m.08mm5p", "entity_name": "Branksome Hall"}, {"answer_type": "Entity", "answer_argument": "m.07m0s2", "entity_name": "Oxford High School, Oxford"}, {"answer_type": "Entity", "answer_argument": "m.0866rr", "entity_name": "Christ Church Grammar School"}, {"answer_type": "Entity", "answer_argument": "m.07w008", "entity_name": "Guildford Grammar School"}, {"answer_type": "Entity", "answer_argument": "m.0c3d54", "entity_name": "Academy of the Holy Angels"}, {"answer_type": "Entity", "answer_argument": "m.0ftt89", "entity_name": "Jakarta Canisius College"}], "function": "none", "num_node": 2, "num_edge": 1, "graph_query": {"nodes": [{"nid": 0, "node_type": "class", "id": "education.educational_institution", "class": "education.educational_institution", "friendly_name": "Educational Institution", "question_node": 1, "function": "none"}, {"nid": 1, "node_type": "entity", "id": "m.086fjj", "class": "education.school_category", "friendly_name": "Single-sex school", "question_node": 0, "function": "none"}], "edges": [{"start": 0, "end": 1, "relation": "education.educational_institution.school_type", "friendly_name": "School type"}]}, "sparql_query": "PREFIX rdf: <http://www.w3.org/1999/02/22-rdf-syntax-ns#> PREFIX rdfs: <http://www.w3.org/2000/01/rdf-schema#> PREFIX : <http://rdf.freebase.com/ns/> \nSELECT (?x0 AS ?value) WHERE {\nSELECT DISTINCT ?x0  WHERE { \n?x0 :type.object.type :education.educational_institution . \nVALUES ?x1 { :m.086fjj } \n?x0 :education.educational_institution.school_type ?x1 . \nFILTER ( ?x0 != ?x1  )\n}\n}", "domains": ["education"], "s_expression": "(AND education.educational_institution (JOIN education.educational_institution.school_type m.086fjj))"}, {"qid": 3206374001000, "question": "the leaders of the earliest established religious organization are given what title?", "answer": [{"answer_type": "Entity", "answer_argument": "m.05rd8", "entity_name": "Pope"}], "function": "argmin", "num_node": 3, "num_edge": 2, "graph_query": {"nodes": [{"nid": 0, "node_type": "class", "id": "religion.religious_leadership_title", "class": "religion.religious_leadership_title", "friendly_name": "Religious Leadership Title", "question_node": 1, "function": "none"}, {"nid": 1, "node_type": "class", "id": "religion.religious_organization_leadership", "class": "religion.religious_organization_leadership", "friendly_name": "Religious Organization Leadership", "question_node": 0, "function": "none"}, {"nid": 2, "node_type": "literal", "id": "0^^http://www.w3.org/2001/XMLSchema#int", "class": "type.datetime", "friendly_name": "0", "question_node": 0, "function": "argmin"}], "edges": [{"start": 0, "end": 1, "relation": "religion.religious_leadership_title.leaders", "friendly_name": "Leaders"}, {"start": 1, "end": 2, "relation": "religion.religious_organization_leadership.start_date", "friendly_name": "Start Date"}]}, "sparql_query": "PREFIX rdf: <http://www.w3.org/1999/02/22-rdf-syntax-ns#> PREFIX rdfs: <http://www.w3.org/2000/01/rdf-schema#> PREFIX : <http://rdf.freebase.com/ns/> \nSELECT (?x0 AS ?value) WHERE {\nSELECT DISTINCT ?x0  WHERE { \n?x0 :type.object.type :religion.religious_leadership_title . \n?x1 :type.object.type :religion.religious_organization_leadership . \n{\nSELECT (MIN(?y2) AS ?x2)  WHERE { \n?y0 :type.object.type :religion.religious_leadership_title . \n?y1 :type.object.type :religion.religious_organization_leadership . \n?y0 :religion.religious_leadership_title.leaders ?y1 . \n?y1 :religion.religious_organization_leadership.start_date ?y2 . \nFILTER ( ?y0 != ?y1 && ?y0 != ?y2 && ?y1 != ?y2  )\n}\n}\n?x0 :religion.religious_leadership_title.leaders ?x1 . \n?x1 :religion.religious_organization_leadership.start_date ?x2 . \nFILTER ( ?x0 != ?x1 && ?x0 != ?x2 && ?x1 != ?x2  )\n}\n}", "domains": ["religion"], "s_expression": "(ARGMIN religion.religious_leadership_title (JOIN religion.religious_leadership_title.leaders religion.religious_organization_leadership.start_date))"}, {"qid": 2100735000000, "question": "on 07/01/1970, which warship v1.1 was hit?", "answer": [{"answer_type": "Entity", "answer_argument": "m.05wfjz", "entity_name": "USS Cobia"}], "function": "none", "num_node": 2, "num_edge": 1, "graph_query": {"nodes": [{"nid": 0, "node_type": "class", "id": "user.patrick.default_domain.warship_v1_1", "class": "user.patrick.default_domain.warship_v1_1", "friendly_name": "Warship v1.1", "question_node": 1, "function": "none"}, {"nid": 1, "node_type": "literal", "id": "1970-07-01^^http://www.w3.org/2001/XMLSchema#date", "class": "type.datetime", "friendly_name": "07/01/1970", "question_node": 0, "function": "none"}], "edges": [{"start": 0, "end": 1, "relation": "user.patrick.default_domain.warship_v1_1.struck", "friendly_name": "Struck"}]}, "sparql_query": "PREFIX rdf: <http://www.w3.org/1999/02/22-rdf-syntax-ns#> PREFIX rdfs: <http://www.w3.org/2000/01/rdf-schema#> PREFIX : <http://rdf.freebase.com/ns/> \nSELECT (?x0 AS ?value) WHERE {\nSELECT DISTINCT ?x0  WHERE { \n?x0 :type.object.type :user.patrick.default_domain.warship_v1_1 . \nVALUES ?x1 { \"1970-07-01-08:00\"^^<http://www.w3.org/2001/XMLSchema#date> } \n?x0 :user.patrick.default_domain.warship_v1_1.struck ?x1 . \nFILTER ( ?x0 != ?x1  )\n}\n}", "domains": ["user.patrick.default_domain"], "s_expression": "(AND user.patrick.default_domain.warship_v1_1 (JOIN user.patrick.default_domain.warship_v1_1.struck 1970-07-01^^http://www.w3.org/2001/XMLSchema#date))"}, {"qid": 2102770001000, "question": "what is the language regulator of basque?", "answer": [{"answer_type": "Entity", "answer_argument": "m.057xsn", "entity_name": "Euskaltzaindia"}], "function": "none", "num_node": 2, "num_edge": 1, "graph_query": {"nodes": [{"nid": 0, "node_type": "class", "id": "language.language_regulator", "class": "language.language_regulator", "friendly_name": "Language Regulator", "question_node": 1, "function": "none"}, {"nid": 1, "node_type": "entity", "id": "m.017k6", "class": "language.human_language", "friendly_name": "basque", "question_node": 0, "function": "none"}], "edges": [{"start": 0, "end": 1, "relation": "language.language_regulator.language", "friendly_name": "Language"}]}, "sparql_query": "PREFIX rdf: <http://www.w3.org/1999/02/22-rdf-syntax-ns#> PREFIX rdfs: <http://www.w3.org/2000/01/rdf-schema#> PREFIX : <http://rdf.freebase.com/ns/> \nSELECT (?x0 AS ?value) WHERE {\nSELECT DISTINCT ?x0  WHERE { \n?x0 :type.object.type :language.language_regulator . \nVALUES ?x1 { :m.017k6 } \n?x0 :language.language_regulator.language ?x1 . \nFILTER ( ?x0 != ?x1  )\n}\n}", "domains": ["language"], "s_expression": "(AND language.language_regulator (JOIN language.language_regulator.language m.017k6))"}]