path	sentence	client_id
common_voice_ca_19898602.mp3	"Els caus consten típicament d'un passadís principal que es divideix en moltes branques."	6c8bda7a6d2dfbb04c3fd9dea23d48ff8fa18d81c988d3fcaa2614af06b986be9d0f26593815aa6ef2ae955084bfc48b40201c9a83df6dd22d8c87eccc9694d3
common_voice_ca_19898603.mp3	"S'empra regularment en macedònic per evitar l'ambigüitat que podria donar-se en alguns casos."	6c8bda7a6d2dfbb04c3fd9dea23d48ff8fa18d81c988d3fcaa2614af06b986be9d0f26593815aa6ef2ae955084bfc48b40201c9a83df6dd22d8c87eccc9694d3
common_voice_ca_19324757.mp3	És una meravella de niu!	03f27bd7041fa3a651dab10f6f0a9a00d754077231cf685be7d59e157eb34b06858353fcc6a9c636c4b16db3ac97062d982fc5171dd589544865582b5a4b8d83
common_voice_ca_19324760.mp3	"Després de l'u ve el dos."	03f27bd7041fa3a651dab10f6f0a9a00d754077231cf685be7d59e157eb34b06858353fcc6a9c636c4b16db3ac97062d982fc5171dd589544865582b5a4b8d83
common_voice_ca_19034690.mp3	"Supervisa l'emissió de les resolucions de concessió de l'habitació."	03de40b6ecf87f9e1f42719a857b2fbf3b93179bf443e707870f2dda3e53b621248065d52be4dfa6ec462fe118b76b345c19e14063b840813a369c54aab6e1c6
common_voice_ca_19041983.mp3	Inspecciona escorxadors i explotacions ramaderes en cas de declaració de malalties.	07b2149754f228b0a89b825a91082818ff26a7eec0c090418939d54ff6aa440f3e6a570298bbc7d873b8469fe5e73fbc7fb93e5bf9512ff9c5c60d6481d72756
