#	n-tv.de vom 26.02.2005	[2005-02-26]	
1	Schartau	B-PER	O
2	sagte	O	O
3	dem	O	O
4	"	O	O
5	Tagesspiegel	B-ORG	O
6	"	O	O
7	vom	O	O
8	Freitag	O	O
9	,	O	O
10	Fischer	B-PER	O
11	sei	O	O
12	"	O	O
13	in	O	O
14	einer	O	O
15	Weise	O	O
16	aufgetreten	O	O
17	,	O	O
18	die	O	O
19	alles	O	O
20	andere	O	O
21	als	O	O
22	überzeugend	O	O
23	war	O	O
24	"	O	O
25	.	O	O

#	welt.de vom 29.10.2005	[2005-10-29]	
1	Firmengründer	O	O
2	Wolf	B-PER	O
3	Peter	I-PER	O
4	Bree	I-PER	O
5	arbeitete	O	O
6	Anfang	O	O
7	der	O	O
8	siebziger	O	O
9	Jahre	O	O
10	als	O	O
11	Möbelvertreter	O	O
12	,	O	O
13	als	O	O
14	er	O	O
15	einen	O	O
16	fliegenden	O	O
17	Händler	O	O
18	aus	O	O
19	dem	O	O
20	Libanon	B-LOC	O
21	traf	O	O
22	.	O	O

#	http://www.stern.de/sport/fussball/krawalle-in-der-fussball-bundesliga-dfb-setzt-auf-falsche-konzepte-1553657.html#utm_source=standard&utm_medium=rss-feed&utm_campaign=sport	[2010-03-25]	
1	Ob	O	O
2	sie	O	O
3	dabei	O	O
4	nach	O	O
5	dem	O	O
6	Runden	O	O
7	Tisch	O	O
8	am	O	O
9	23.	O	O
10	April	O	O
11	in	O	O
12	Berlin	B-LOC	O
13	durch	O	O
14	ein	O	O
15	pädagogisches	O	O
16	Konzept	O	O
17	unterstützt	O	O
18	wird	O	O
19	,	O	O
20	ist	O	O
21	allerdings	O	O
22	zu	O	O
23	bezweifeln	O	O
24	.	O	O

#	stern.de vom 21.03.2006	[2006-03-21]	
1	Bayern	B-ORG	B-LOC
2	München	I-ORG	B-LOC
3	ist	O	O
4	wieder	O	O
5	alleiniger	O	O
6	Top-	O	O
7	Favorit	O	O
8	auf	O	O
9	den	O	O
10	Gewinn	O	O
11	der	O	O
12	deutschen	B-LOCderiv	O
13	Fußball-Meisterschaft	O	O
14	.	O	O

#	http://www.fr-online.de/in_und_ausland/sport/aktuell/1618625_Frings-schaut-finster-in-die-Zukunft.html	[2008-10-24]	
1	Dabei	O	O
2	hätte	O	O
3	der	O	O
4	tapfere	O	O
5	Schlussmann	O	O
6	allen	O	O
7	Grund	O	O
8	gehabt	O	O
9	,	O	O
10	sich	O	O
11	viel	O	O
12	früher	O	O
13	aufzuregen	O	O
14	.	O	O

#	handelsblatt.com vom 12.07.2005	[2005-07-12]	
1	ARD-Programmchef	B-ORGpart	O
2	Günter	B-PER	O
3	Struve	I-PER	O
4	war	O	O
5	wegen	O	O
6	eines	O	O
7	vierwöchigen	O	O
8	Urlaubs	O	O
9	für	O	O
10	eine	O	O
11	Stellungnahme	O	O
12	nicht	O	O
13	erreichbar	O	O
14	.	O	O

#	http://www.rp-online.de/808095	[2010-01-18]	
1	Alternativ	O	O
2	sollten	O	O
3	sich	O	O
4	die	O	O
5	Restaurantbetreiber	O	O
6	aus	O	O
7	Sicht	O	O
8	der	O	O
9	Solingerin	B-LOCderiv	O
10	zu	O	O
11	längeren	O	O
12	Öffnungszeiten	O	O
13	verpflichten	O	O
14	,	O	O
15	um	O	O
16	wartende	O	O
17	Kunden	O	O
18	aufzunehmen	O	O
19	.	O	O

#	http://www.donaukurier.de/nachrichten/topnews/D-Island-Vulkan-Verkehr-Luftfahrt-Flugbetrieb-an-den-meisten-deutschen-Flughaefen-steht-still;art154776,2268508	[2010-04-18]	
1	Die	O	O
2	Deutsche	B-ORG	B-LOCderiv
3	Flugsicherung	I-ORG	O
4	(	O	O
5	DFS	B-ORG	O
6	)	O	O
7	beschloss	O	O
8	ein	O	O
9	Flugverbot	O	O
10	für	O	O
11	alle	O	O
12	internationalen	O	O
13	Flughäfen	O	O
14	mit	O	O
15	Ausnahme	O	O
16	der	O	O
17	beiden	O	O
18	Berliner	B-LOCderiv	O
19	Flughäfen	O	O
20	bis	O	O
21	2.00	O	O
22	Uhr	O	O
23	nachts	O	O
24	.	O	O

#	http://de.wikipedia.org/wiki/VW_Lupo_II	[2010-01-12]	
1	New	O	O
2	Small	O	O
3	Family	O	O
4	mit	O	O
5	E-Motor	O	O
6	:	O	O
7	Studie	O	O
8	E-Up	O	O
9	!	O	O

#	http://de.wikipedia.org/wiki/Rollei	[2010-01-16]	
1	Eine	O	O
2	Schwachstelle	O	O
3	war	O	O
4	beispielsweise	O	O
5	der	O	O
6	Spiegelkasten	O	O
7	.	O	O

#	http://de.wikipedia.org/wiki/Hechtviertel	[2009-12-04]	
1	Denn	O	O
2	durch	O	O
3	den	O	O
4	Einsatz	O	O
5	moderner	O	O
6	Fahrzeugtechnik	O	O
7	(	O	O
8	Dieseltriebwagen	O	O
9	)	O	O
10	und	O	O
11	schalldämmender	O	O
12	Fenster	O	O
13	entsteht	O	O
14	keine	O	O
15	Einschränkung	O	O
16	der	O	O
17	Wohnqualität	O	O
18	.	O	O

#	http://de.wikipedia.org/wiki/Liste_von_Filmen_mit_homosexuellem_Inhalt	[2010-01-11]	
1	Scenes	B-OTH	O
2	of	I-OTH	O
3	a	I-OTH	O
4	Sexual	I-OTH	O
5	Nature	I-OTH	O
6	(	O	O
7	GB	O	O
8	2006	O	O
9	)	O	O
10	-	O	O
11	Regie	O	O
12	:	O	O
13	Ed	B-PER	O
14	Blum	I-PER	O
15	Shortbus	B-OTH	O
16	(	O	O
17	USA	B-LOC	O
18	2006	O	O
19	)	O	O
20	-	O	O
21	Regie	O	O
22	:	O	O
23	John	B-PER	O
24	Cameron	I-PER	O
25	Mitchell	I-PER	O
26	:Film	O	O
27	über	O	O
28	den	O	O
29	gleichnamigen	O	O
30	New	B-LOCderiv	O
31	Yorker	I-LOCderiv	O
32	Club	O	O
33	,	O	O
34	der	O	O
35	verschiedensten	O	O
36	Paaren	O	O
37	eine	O	O
38	Plattform	O	O
39	zur	O	O
40	Aufarbeitung	O	O
41	ihrer	O	O
42	Probleme	O	O
43	bietet	O	O
44	.	O	O

#	http://de.wikipedia.org/wiki/Abbildungsfehler	[2010-01-16]	
1	Die	O	O
2	meisten	O	O
3	Fotoobjektive	O	O
4	werden	O	O
5	bewusst	O	O
6	mit	O	O
7	Vignettierung	O	O
8	konstruiert	O	O
9	,	O	O
10	da	O	O
11	man	O	O
12	dadurch	O	O
13	einen	O	O
14	besseren	O	O
15	Kompromiss	O	O
16	zwischen	O	O
17	Lichtstärke	O	O
18	,	O	O
19	Korrektion	O	O
20	der	O	O
21	Abbildungsfehler	O	O
22	und	O	O
23	Kosten	O	O
24	erreichen	O	O
25	kann	O	O
26	.	O	O

#	http://www.morgenweb.de/nachrichten/kultur/20070526_srv0000000810333.html	[2007-05-26]	
1	Bekanntlich	O	O
2	war	O	O
3	bei	O	O
4	Ihnen	O	O
5	so	O	O
6	ziemlich	O	O
7	die	O	O
8	ganze	O	O
9	deutsche	B-LOCderiv	O
10	Kabarett-Prominenz	O	O
11	zu	O	O
12	Gast	O	O
13	.	O	O

#	http://www.georgien-nachrichten.de/index7375.html	[2011-01-02]	
1	Dies	O	O
2	erklärte	O	O
3	der	O	O
4	leitende	O	O
5	Ingenieur	O	O
6	des	O	O
7	Flugzeugwerkes	O	O
8	in	O	O
9	Tiflis	B-LOC	O
10	,	O	O
11	Gocha	B-PER	O
12	Goguadse	I-PER	O
13	,	O	O
14	der	O	O
15	Nachrichtenagentur	O	O
16	Prime	B-ORG	O
17	News	I-ORG	O
18	per	O	O
19	Telefon	O	O
20	.	O	O

#	http://de.wikipedia.org/wiki/Echter_Kerbel	[2010-01-11]	
1	Die	O	O
2	Doldenstiele	O	O
3	und	O	O
4	-strahlen	O	O
5	sind	O	O
6	dicht	O	O
7	weichflaumig	O	O
8	behaart	O	O
9	.	O	O

#	http://www.focus.de/sport/fussball/championsleague/champions-league-manu-will-fluch-von-porto-besiegen_aid_389970.html	[2009-04-15]	
1	"	O	O
2	Es	O	O
3	wird	O	O
4	also	O	O
5	nicht	O	O
6	einfach	O	O
7	"	O	O
8	,	O	O
9	meint	O	O
10	"	O	O
11	ManU	B-ORG	O
12	"	O	O
13	-Teammanager	O	O
14	Sir	O	O
15	Alex	B-PER	O
16	Ferguson	I-PER	O
17	:	O	O
18	"	O	O
19	Aber	O	O
20	wir	O	O
21	sind	O	O
22	es	O	O
23	gewohnt	O	O
24	,	O	O
25	die	O	O
26	Ersten	O	O
27	zu	O	O
28	sein	O	O
29	und	O	O
30	müssen	O	O
31	gewinnen	O	O
32	.	O	O

#	http://de.wikipedia.org/wiki/Friedrich_Knoke	[2009-03-06]	
1	Nach	O	O
2	seinem	O	O
3	Wechsel	O	O
4	1875	O	O
5	an	O	O
6	das	O	O
7	Karlsgymnasium	B-PERpart	O
8	in	O	O
9	Bernburg	B-LOC	O
10	(	O	O
11	Saale	B-LOC	O
12	)	O	O
13	wurde	O	O
14	er	O	O
15	dort	O	O
16	zunächst	O	O
17	1877	O	O
18	zum	O	O
19	Oberlehrer	O	O
20	und	O	O
21	zehn	O	O
22	Jahre	O	O
23	später	O	O
24	zum	O	O
25	Professor	O	O
26	ernannt	O	O
27	.	O	O

#	http://de.wikipedia.org/wiki/32._SS-Freiwilligen-Grenadier-Division_„30._Januar“	[2009-12-29]	
1	Das	O	O
2	SS-Freiwilligen-Grenadier-Regiment	B-ORGpart	O
3	88	I-ORGpart	O
4	wurde	O	O
5	im	O	O
6	März	O	O
7	aus	O	O
8	einer	O	O
9	Kampfgruppe	O	O
10	der	O	O
11	SS-Führerschule	B-ORGpart	O
12	des	O	O
13	Wirtschafts-	O	O
14	und	O	O
15	Verwaltungsdienstes	O	O
16	und	O	O
17	Teilen	O	O
18	des	O	O
19	I./SS-Polizei-Regiments	B-ORGpart	O
20	34	I-ORGpart	O
21	der	O	O
22	Ordnungspolizei	O	O
23	,	O	O
24	Heeresangehörigen	O	O
25	und	O	O
26	Volkssturm	O	O
27	gebildet	O	O
28	.	O	O

#	http://www.neuepresse.de/Ratgeber/Rund-ums-Geld/Uebersicht/Chancen-und-Risiken-mit-Franken-oder-Dollar.html	[2011-01-15]	
1	Barauszahlungen	O	O
2	sind	O	O
3	grundsätzlich	O	O
4	nicht	O	O
5	möglich	O	O
6	.	O	O

#	http://de.wikipedia.org/wiki/Art_Ensemble_of_Chicago	[2010-01-05]	
1	Ein	O	O
2	Projekt	O	O
3	,	O	O
4	dessen	O	O
5	Anlass	O	O
6	die	O	O
7	Zusammenarbeit	O	O
8	mit	O	O
9	einem	O	O
10	jamaikanischen	B-LOCderiv	O
11	Obstsaft-Produzenten	O	O
12	für	O	O
13	Werbezwecke	O	O
14	war	O	O
15	.	O	O

#	sueddeutsche.de vom 09.06.2006	[2006-06-09]	
1	Besser	O	O
2	so	O	O
3	,	O	O
4	die	O	O
5	Konkurrenz	O	O
6	ist	O	O
7	vernichtend	O	O
8	schön	O	O
9	.	O	O

#	http://www.rga-online.de/xray/index.php?red=2&artikel=108296505&rubrik=xray	[2007-01-29]	
1	Bei	O	O
2	Pickeln	O	O
3	reicht	O	O
4	ein	O	O
5	Klecks	O	O
6	Zahncreme	O	O
7	zum	O	O
8	Austrocknen	O	O
9	.	O	O

#	http://de.wikipedia.org/wiki/Maschinengenauigkeit	[2009-07-10]	
1	Für	O	O
2	den	O	O
3	dabei	O	O
4	auftretenden	O	O
5	relativen	O	O
6	Rundungsfehler	O	O
7	gilt	O	O
8	:	O	O
9	Dabei	O	O
10	wird	O	O
11	ε	O	O
12	als	O	O
13	Maschinengenauigkeit	O	O
14	bezeichnet	O	O
15	.	O	O

#	http://www.20min.ch/news/kreuz_und_quer/story/13857419.html	[2010-12-18]	
1	Selbst	O	O
2	dann	O	O
3	könnte	O	O
4	er	O	O
5	aber	O	O
6	bald	O	O
7	sein	O	O
8	Studium	O	O
9	in	O	O
10	Neuenburg	B-LOC	O
11	weiterführen	O	O
12	.	O	O
