path	translation	split
common_voice_en_19664034.mp3	Šie datu komponenti savukārt kalpo par datu apmaiņas “klucīšiem”.	train
common_voice_en_19664035.mp3	Baznīca nav saistīta ar ebreju politisko kustību cionismu.	train
common_voice_en_18540003.mp3	Ja ir maz ūdens, tad netērējiet to lieki.	dev
common_voice_en_18540005.mp3	Tu ar viņu kopā brauksi līdz viņas namdurvīm.	dev
common_voice_en_699711.mp3	Ar viņu viss būs kārtībā.	test
common_voice_en_18132047.mp3	Viss labs, kas labi beidzas.	test
