{
    "cloze_data": [
        {
            "question": "ମହେର ଯୁକ୍ତରାଷ୍ଟ୍ର ଆମେରିକାର କନେକ୍ଟିକଟସ୍ଥିତ ଉଇଲଟନଠାରେ ବଡ଼ ହୋଇଥିଲେ ଓ ଉଇଲଟନ ହାଇସ୍କୁଲରୁ ଶିକ୍ଷାଲାଭ କରିଥିଲେ । ହାଇସ୍କୁଲ ପରେ ୨୦୦୩ରେ ମହେର ଦି ଅମେରିକାନ ଇଉନିଭର୍ସିଟି ଅଫ କାଇରୋର ଆରବିକ ଲାଙ୍ଗୁଏଜ ଇନଷ୍ଟିଚ୍ୟୁଟର ଆରବିକ ଲାଙ୍ଗୁଏଜ ଇଣ୍ଟେନସିଭ ପ୍ରୋଗ୍ରାମରୁ ସ୍ନାତକ ଲାଭ କରିଥିଲେ । ସେ ଏହି ଅନୁଭୂତିକୁ ଏକ ତାଙ୍କ ଭିତରେ ଏକ ଗଠନଶୀଳ ଅଭିଜ୍ଞତା ଓ ମଧ୍ୟପ୍ରାଚ୍ୟ ପ୍ରତି ଗଭୀର ପ୍ରେମ ଆରମ୍ଭ କରିଥିଲା ବୋଲି କହନ୍ତି । ମହେର <MASK>ର Institut français d’études arabes de Damasରୁ (L'IFEAD) ମଧ୍ୟ ଶିକ୍ଷାଲାଭ କରିଥିଲେ । ଏହି ସମୟରେ ଲେବାନନ ଓ ଟ୍ୟୁନିସିଆରେ ମଧ୍ୟ କିଛି ସମୟ କଟାଇଥିଲେ ।",
            "answer": "ସିରିଆ",
            "category": "ORG",
            "title": "କ୍ୟାଥରିନ ମହେର",
            "out_of_context_options": [
                "Hanoi"
            ],
            "options": [
                "Hanoi",
                "ଟ୍ୟୁନିସିଆ",
                "ଲେବାନନ",
                "ସିରିଆ"
            ]
        },
        {
            "question": "କବି ଅର୍ଜୁନ ଚରଣ ହେମ୍ବ୍ରମ ୧୯୫୨ ମସିହାରେ ମୟୁରଭଞ୍ଜର ଦାନ୍ତିଆଠାରେ ଜନ୍ମଗ୍ରହଣ କରିଥିଲେ । <MASK>ରୁ ସ୍କୁଲ ଶିକ୍ଷା ସମାପ୍ତ କରି, ସେ ଭୁବନେଶ୍ୱରର ବିଜେବି କଲେଜରୁ ସ୍ନାତକ ତଥା କଟକର ରେଭେନ୍ସା ମହାବିଦ୍ୟାଳୟରୁ ଇଂରାଜୀରେ ସ୍ନାତକୋତ୍ତର ଶିକ୍ଷା ହାସଲ କରିଥିଲେ । ଭାରତୀୟ ଷ୍ଟେଟ ବ୍ୟାଙ୍କରେ ଚାକିରି କରି, ୨୦୧୨ ମସିହାରେ ଅବସର ଗ୍ରହଣ କରିସାରିଛନ୍ତି ।",
            "answer": "ବାଙ୍ଗିରିପୋଷି",
            "category": "LOC",
            "title": "ଅର୍ଜୁନ ଚରଣ ହେମ୍ବ୍ରମ",
            "out_of_context_options": [
                "ଟେମରି"
            ],
            "options": [
                "କଟକ",
                "ଟେମରି",
                "ଭୁବନେଶ୍ୱର",
                "ବାଙ୍ଗିରିପୋଷି"
            ]
        },
        {
            "question": "୨୦୦୦-୦୧ରେ ଏୟାର ଇଣ୍ଡିଆ ସରକାରୀକରଣରୁ ଘରୋଇକରଣ ହେଲା।୨୦୦୦ରେ ଏୟାର ଇଣ୍ଡିଆ ସଂଘାଇ, <MASK>କୁ ବିମାନ ସେବା ଆରମ୍ଭ କରିଥିଲେ।ମନ୍ତ୍ରୀଙ୍କ ଅନୁସାରେ  ଏୟାର ଲାଇନ୍ସ  କ୍ଷତି ପାଖାପାଖି  କାରଣ ଅଧିକ ଅତ୍ୟଧିକ କମିଶନ Mascarenhas sanctioned ଏବଂ ସେ ପରେ ସସପେଣ୍ଡ ହାଇଥଲେ ଏୟାରଲାଇନ୍ସ ରୁ। ୨୦୦୪,ମେରେ ଏୟାର ଇଣ୍ଡିଆ ନିଜସ୍ୱ କମ ପଇସା  subsidiary ତାହାକୁ ଏୟାର ଇଣ୍ଡିଆ ଏକ୍ସପ୍ରେସକୁହାଯାଏ, ତାହା  ଭାରତ ସହିତ ପୂର୍ବ ଓ ଦକ୍ଷିଣ-ପୂର୍ବ ଏସିଆ ରବିଭିନ୍ନ ସହରକୁ ସଂଯୋଗ କରୁଚି।୨୦୦୭ରେ ଏୟାର ଇଣ୍ଡିଆ ଅନ୍ତର୍ଜାତିକ  ଦୂର ଯାତ୍ରା ପାଇଁ ବିମାନ ଚଳାଚଳର ମୁଖ୍ୟ କାର୍ଯ୍ୟରେ  ନିୟୋଜିତ ହେଲା, ସେତେବେଳେ ଇଣ୍ଡିଆନ ଏୟାର ଲାଇନ୍ସ କମ ଦୂରତା ଆନ୍ତର୍ଜାତିକ  ଓ ଘରୋଇ ବିମାନ ଚଳାଚଳ ହେଲା।୨୦୦୭ରେ ଏୟାର ଇଣ୍ଡିଆ ଓ ଇଣ୍ଡିଆନ ଏୟାର ଲାଇନ୍ଏୟାର ଇଣ୍ଡିଆ ଲିମିଟେଡ଼ବିଲୀନ ହେଲା।  ଷ୍ଟାର ଆଲ୍ଲୀଆନ୍ସ A ୨୦୦୭ରେ ଆମନ୍ତ୍ରଣ କରିଥିଲା ତା ସହ ସାମିଲ ହବା ପାଇଁ।",
            "answer": "ଚୀନ",
            "category": "ORG",
            "title": "ଏୟାର ଇଣ୍ଡିଆ",
            "options": [
                "ଇଜିପ୍ଟ",
                "ଚୀନ",
                "ଇରାକ",
                "ଦିଲ୍ଲୀ"
            ]
        },
        {
            "question": "ଏହା କରମ ଦେବତୀ (କରମଶୁଣି)ଙ୍କ ପୂଜା ପାଇଁ କରା ଯାଇ ଥାଏ । ଭାଦ୍ରବ ଶୁକ୍ଲ ଏକାଦଶୀରେ ଏହା ଆରମ୍ଭ ହୋଇ କିଛି ଦିନ ପର୍ଯ୍ୟନ୍ତ ଚାଲି ଥାଏ । ଏହି ନୃତ୍ୟ ଓଡ଼ିଶାର <MASK>, ମୟୂରଭଞ୍ଜ, ଢେଙ୍କାନାଳ ଏବଂ ସୁନ୍ଦରଗଡ଼ ଜିଲ୍ଲାରେ ଦେଖା ଯାଏ । ପୂଜା ଦିନ ଦୁଇ ଜଣ ଯୁବତୀ କନ୍ୟା “କରମା” ଗଛର ଡାଳକୁ ଆଣି ଦେବତାଙ୍କ ଆସ୍ଥାନରେ ରଖି ଥାନ୍ତି । ଏହି କରମା ଡାଳକୁ “କରମଶୁଣି “ ଦେବୀ ହିସାବରେ ପୂଜା କରା ଯାଏ । ଏହା ସହିତ ଅଙ୍କୁରିତ ଗଜା, ଘାସ ଫୁଲ ଏବଂ ଦେଶୀ ମଦ୍ୟ ମଧ୍ୟ ଦେବତୀଙ୍କୁ ଅର୍ପଣ କରା ଯାଏ । ପୂଜା ପରେ ଯୁବକ ଯୁବତୀମାନେ ମାଦଳର ତାଳେ ତାଳେ ନୃତ୍ୟ କରି ଥାନ୍ତି । ପ୍ରାୟତଃ ଏହି ନାଚରେ ଗୋଡ଼ ଏବଂ ପାଦର ବ୍ୟବହାର ଅଧିକ ହୁଏ ।",
            "answer": "ସମ୍ବଲପୁର",
            "category": "LOC",
            "title": "କରମା ନାଚ",
            "out_of_context_options": [
                "ଭିଲ୍ୱାରା"
            ],
            "options": [
                "ସମ୍ବଲପୁର",
                "ଭିଲ୍ୱାରା",
                "ମୟୂରଭଞ୍ଜ",
                "ଢେଙ୍କାନାଳ"
            ]
        },
        {
            "question": "୧୮୯୦ ମସିହାରେ ବେସାନ୍ତଙ୍କର ହେଲେନା ବ୍ଲାଭାଟ୍‌ସ୍କି (Helena Blavatsky)ଙ୍କ ସ‌ହ ଦେଖା ହୋଇଥିଲା। ଆଗାମୀ ବର୍ଷ ଗୁଡ଼ିକରେ ବ୍ରହ୍ମ‌ବିଦ୍ୟା (Theosophy) ତାଙ୍କ ରୁଚି ବଢ଼ିଥିଲା; କିନ୍ତୁ ଧର୍ମନିରପେକ୍ଷତା ଜନିତ ଘଟଣା ଗୁଡ଼ିକ ଉପରେ ତାଙ୍କ ରୁଚି କମିଥିଲା । ସେ ବ୍ରହ୍ମ‌ବିଦ୍ୟା ସମାଜ (Theosophical Society)ର ସଦସ୍ୟା ହୋଇଥିଲେ ଏବଂ ବ୍ରହ୍ମ‌ବିଦ୍ୟା ବିଷୟର ଜଣେ ପ୍ରମୁଖ ଅଧ୍ୟାପିକା ରୂପେ ମଧ୍ୟ ପରିଚିତି ଲାଭ କରିଥିଲେ । ତାଙ୍କର ବ୍ରହ୍ମ‌ବିଦ୍ୟା ସମ୍ପର୍କୀୟ କିଛି କାମ ପାଇଁ ସେ ଭାରତକୁ ଆସିଥିଲେ। ୧୯୮୮ ମସିହାରେ ସେ କେନ୍ଦ୍ରୀୟ ହିନ୍ଦୁ ମହାବିଦ୍ୟାଳୟ (Central Hindu School) ଏବଂ ୧୯୨୨ ମସିହାରେ ଭାରତର <MASK>ଠାରେ ହାଇଦ୍ରାବାଦ୍ (ସିନ୍ଦ୍) ଜାତୀୟ କଲିଜିଏଟ୍ ବୋର୍ଡ଼୍ (Hyderabad&#x20;(Sind)&#x20;National&#x20;Collegiate&#x20;Board) ପ୍ରତିଷ୍ଠାରେ ସ‌ହାୟକ ହୋଇଥିଲେ। ୧୯୦୨ ମସିହାରେ International Order of Co-Freemasonry,ଲେ ଡ୍ରୋଇଟ୍ ହୁମେନ୍ (Le&#x20;Droit&#x20;HumainLe Droit Humain)ର ପ୍ରଥମ ସମୁଦ୍ରପାର ଲଜ୍‌ ପ୍ରତିଷ୍ଠା କରିଥିଲେ।",
            "answer": "ମୁମ୍ବାଇ",
            "category": "LOC",
            "title": "ଆନି ବେସାନ୍ତ",
            "out_of_context_options": [
                "ହରଭଙ୍ଗା"
            ],
            "options": [
                "ହରଭଙ୍ଗା",
                "ମୁମ୍ବାଇ",
                "ବାରଣାସୀ",
                "ଚେନ୍ନାଇ"
            ]
        },
        {
            "question": "ଚନ୍ଦ୍ରାସ୍ୱାମୀ <MASK>ର ଅଲୱାରରେ ୧୯୪୮ରେ ଜନ୍ମଗ୍ରହଣ କରିଥିଲେ । ତାଙ୍କ ମୂଳ ନାଁ ଥିଲା ନେମି ଚାନ୍ଦ । ପିଲାବେଳେ ସେ ଘରଛାଡ଼ି ଚାଲିଯିବା ପରେ ବିହାର - ନେପାଳ ସୀମାରେ ତନ୍ତ୍ର ସାଧନା କରି ସିଦ୍ଧି ଅର୍ଜନ କରିଥିଲେ । ମା’ କାଳୀଙ୍କ ଭକ୍ତ ଥାଇ ସେ ନିଜକୁ ଚନ୍ଦ୍ରାସ୍ୱାମୀ ନାମରେ ପ୍ରସିଦ୍ଧ କରିପାରିଥିଲେ । ୧୯୯୦ ମସିହାରେ ତତ୍କାଳୀନ ପ୍ରଧାନମନ୍ତ୍ରୀ ପିଭି ନରସିଂହ ରାଓଙ୍କର ସେ ଥିଲେ ଅତି ନିକଟତମ । ରାଓଙ୍କ ଆଧ୍ୟାତ୍ମିକ ଗୁରୁ ଥିଲେ । ସେହି ସମୟରେ ସେ ଚର୍ଚ୍ଚାର ପରିସରକୁ ଆସିଥିଲେ । ୧୯୯୧ ମସିହାରେ ଦିଲ୍ଲୀଠାରେ ଏକ ଆଶ୍ରମ ତୋଳାଇଥିଲେ । ସେହି ଜମିକୁ ଇନ୍ଦିରା ଗାନ୍ଧୀ ତାଙ୍କୁ ପ୍ରଦାନ କରିଥିଲେ । ବ୍ରିଟେନର ପୂର୍ବ ପ୍ରଧାନମନ୍ତ୍ରୀ ମାର୍ଗରେଟ ଥାଚର ତାଙ୍କର ଜଣେ ଅନୁଗାମୀ ଥିଲେ ।",
            "answer": "ରାଜସ୍ଥାନ",
            "category": "ORG",
            "title": "ଚନ୍ଦ୍ରାସ୍ୱାମୀ",
            "options": [
                "ଲଣ୍ଡନ",
                "ଦିଲ୍ଲୀ",
                "ବ୍ରିଟେନ",
                "ରାଜସ୍ଥାନ"
            ]
        },
        {
            "question": "ଭାଦ୍ରବ ପୂର୍ଣ୍ଣିମା ଇନ୍ଦୁପୁନେଇଁ ବା 'ଇନ୍ଦ୍ର ପୂର୍ଣ୍ଣିମା ଭାବ ଖ୍ୟାତ । କୃଷିପ୍ରଧାନ ଭାରତବର୍ଷରେ ବୃଷ୍ଟିଦେବତା ଇନ୍ଦ୍ରଙ୍କ ଜନ୍ମତିଥିକୁ ପ୍ରାଧାନ୍ୟ ଦେଇ ଇନ୍ଦ୍ରୋତ୍ସବ ବହୁ ପ୍ରାଚୀନ କାଳରୁ ଅନୁଷ୍ଠିତ ହୋଇଆସୁଅଛି । ସାରାଭାରତବର୍ଷ କାହିଁକି ଏପରିକି <MASK>ର କେତେକ ସ୍ଥାନରେ ଇନ୍ଦ୍ରପୂଜାର ପ୍ରସିଦ୍ଧି ରହିଛି । ଇନ୍ଦୁ ସୋମ ଅର୍ଥ ଦ୍ୟୋତକ ‘ଇନ୍ଦ୍ରୌରମତେ ଇତି ଇନ୍ଦୁ’ । ଇନ୍ଦୁ ଅର୍ଥ ଐଶ୍ୱର୍ଯ୍ୟ ଏବଂ ପ୍ରଦୀପ୍ତ । ଯିଏ ପରମ ଐଶ୍ୱର୍ଯ୍ୟଶାଳୀ ଈଶ୍ୱର ସେ ଇନ୍ଦ୍ରପଦବାଚ୍ୟ ଏବଂ ଯିଏ ପ୍ରଦୀପ୍ତ କରାନ୍ତି ସେ ଇନ୍ଦ୍ର ଅଟନ୍ତି । ଆଧିଭୌତିକ ଅର୍ଥପକ୍ଷେ ଇନ୍ଦ୍ର-ବର୍ଷା, ଆଧିଭୌତିକ ଅର୍ଥପକ୍ଷେ- ଇନ୍ଦ୍ରଦେବତା ଏବଂ ଆଧ୍ୟାତ୍ମିକ ଅର୍ଥପକ୍ଷେ ଇନ୍ଦ୍ରମନ ଅର୍ଥ ପରକ । ଗୋପଥ ବ୍ରାହ୍ମଣରେ ଇନ୍ଦ୍ରମନ ବୋଲି ଉଲ୍ଲେଖ ମିଳେ- ‘ଯନ୍ ମନଃ ସଃ ଇନ୍ଦ୍ରଃ’ । ଆଧ୍ୟାତ୍ମିକ ଅର୍ଥରେ ଇନ୍ଦ୍ର, ମନ ଓ ସୋମ ବା ଇନ୍ଦୁ ଆନନ୍ଦ ଅଟେ ।",
            "answer": "ପୃଥିବୀ",
            "category": "LOC",
            "title": "ଇନ୍ଦୁ ପୂର୍ଣ୍ଣିମା",
            "options": [
                "ପୃଥିବୀ",
                "ଜୁନାଗଡ଼",
                "କୋଣାର୍କ",
                "ନୟାଗଡ଼"
            ]
        },
        {
            "question": "ତାକଲାମାକାନ ମରୁଭୂମି (ଇଂରାଜୀରେ Taklamakan Desert; ଅନ୍ୟ ଉଚ୍ଚାରଣ - ତକଲିମକାନ ଓ ତେକଲିମକାନ) ଉତ୍ତର-ପଶ୍ଚିମ <MASK> ଜିନଜିଆଂଗ୍ ପ୍ରଦେଶର ଦକ୍ଷିଣ-ପଶ୍ଚିମରେ ଅବସ୍ଥିତ । ଏହି ମରୁଭୂମିର ଦକ୍ଷିଣକୁ କୁନ୍‍ଲୁନ୍ ପର୍ବତମାଳା, ପଶ୍ଚିମରେ ପାମିର ଓ ଟିଆନ୍ ଶାନ୍ ପର୍ବତମାଳା ଏବଂ ପୂର୍ବରେ ଗୋବି ମରୁଭୂମି ରହିଛନ୍ତି ।",
            "answer": "ଚୀନର",
            "category": "ORG",
            "title": "ତାକଲାମାକାନ ମରୁଭୂମି",
            "options": [
                "ଭାରତ",
                "ଚୀନ",
                "ଆଫଗାନିସ୍ତାନର",
                "ଚୀନର"
            ]
        },
        {
            "question": "ଗୁଜରାଟ ( &nbsp; ) <MASK>ର ପଶ୍ଚିମ ଓ ଦକ୍ଷିଣପଶ୍ଚିମରେ ଥିବା ଏକ ରାଜ୍ୟ । ଏହାର ସମୁଦ୍ରତଟ  ଓ ତାହାର ଅଧିକାଂଶ ଭାଗ  କାଠିଆୱାଡ଼ ଉପଦ୍ୱୀପରେ ଅବସ୍ଥିତ । ଗୁଜରାଟର ମୋଟ ଜନସଂଖ୍ୟା ୬୦ ମିଲିଅନ । ଭାରତର ପଶ୍ଚିମରେ ଥିବା ଗୁଜରାଟର ପଶ୍ଚିମରେ ଆରବ ସାଗର ଉତ୍ତରରେ ସିନ୍ଧ (ପାକିସ୍ତାନ), ଉତ୍ତରପୂର୍ବରେ ରାଜସ୍ଥାନ, ପୂର୍ବରେ ମଧ୍ୟ ପ୍ରଦେଶ ଏବଂ ଦକ୍ଷିଣ ପୂର୍ବରେ ମହାରାଷ୍ଟ୍ର ରାଜ୍ୟ ତଥା ଡାମନ ଓ ଡିଉ ଏବଂ ଦାଦ୍ରା ଓ ନଗର ହବେଳୀ କେନ୍ଦ୍ରଶାସିତ ଅଞ୍ଚଳ ରହିଛି । ଗୁଜରାଟର ରାଜଧାନୀ ଗାନ୍ଧୀନଗର । ଅମଦାବାଦ ଗୁଜରାଟର ଏକମାତ୍ର ମହାନଗରୀ । ଗୁଜରାଟ ରାଜ୍ୟର ନାମ \"ଗୁଜ୍ଜର\"ରୁ ଆସିଛି ।",
            "answer": "ଭାରତ",
            "category": "ORG",
            "title": "ଗୁଜରାଟ",
            "options": [
                "ବିହାର",
                "ରାଜସ୍ଥାନ",
                "ଭାରତ",
                "ନାଗାଲାଣ୍ଡ"
            ]
        },
        {
            "question": "ଏହାର ଅକ୍ଷାଂଶ ୨୧° ୨୯′ ୪୮.୭୬″ ଉତ୍ତର ଓ ଦ୍ରାଘିମା ୮୬° ୩୭′ ୨୨.୪୬″ ପୂର୍ବ । ଏହା <MASK> ଠାରୁ ୩୫ କି.ମି. ଦୂରରେ ଓ ରାଜଧାନୀ ଭୁବନେଶ୍ୱର ଠାରୁ କି.ମି. ଦୂରରେ ଅବସ୍ଥିତ ।",
            "answer": "ବାଲେଶ୍ୱର",
            "category": "LOC",
            "title": "ଛତ୍ରପୁର, ବାଲେଶ୍ୱର",
            "out_of_context_options": [
                "ସାରଳା"
            ],
            "options": [
                "ଭୁବନେଶ୍ୱର",
                "ନୀଳଗିରି",
                "ସାରଳା",
                "ବାଲେଶ୍ୱର"
            ]
        },
        {
            "question": "ବିଚାର ପରେ ତାଙ୍କୁ  କୋରାପୁଟ ଜେଲରୁ <MASK> ଜେଲକୁ ସ୍ଥାନାନ୍ତରିତ କରାଯାଇଥିଲା ।  ସେଠାରେ  ଥିବା ଅନ୍ୟ ପ୍ରମୁଖ  ସ୍ୱାଧିନତା ସଂଗ୍ରାମୀଙ୍କ  ପ୍ରଚେଷ୍ଟାରେ ପାଟନା ହାଇକୋର୍ଟରେ ଅପିଲ କରାଯାଇଥିଲେ ମଧ୍ୟ ତାହା ଖାରଜ ହେଇଯାଇଥିଲା ।   ୧୯୪୩  ମସିହା  ମାର୍ଚ୍ଚ ୨୯ ତାରିଖରେ  ତାଙ୍କୁ  ଫାଶୀ ଦିଆଯାଇଥିଲା ।",
            "answer": "ବ୍ରହ୍ମପୁର",
            "category": "ORG",
            "title": "ଲକ୍ଷ୍ମଣ ନାୟକ",
            "options": [
                "ଆନ୍ଧ୍ରପ୍ରଦେଶ",
                "ମଧ୍ୟପ୍ରଦେଶ",
                "ବ୍ରହ୍ମପୁର",
                "ଛତିଶଗଡ଼"
            ]
        },
        {
            "question": "ଏହା ମଧ୍ୟରେ ସେ ଭାରତୀୟ ହସ୍ତଶିଳ୍ପ ବୋର୍ଡ଼ର ସଦସ୍ୟ, ଓଡ଼ିଶା ରାଜ୍ୟ କୋପରେଟିଭ ବ୍ୟାଙ୍କର ନିର୍ଦେଶକ, ସର୍ବଭାରତୀୟ ବୁଣାକାର ସଂଘର ସଭାପତି ସଂଗୀତାନାଟକ ଏକାଡେମିର ସଦସ୍ୟ ଭାବରେ ଅନେକ କାର୍ଯ୍ୟ ନିର୍ବାହ ମଧ୍ୟ କରିଥିଲେ । ସେ ଭାରତୀୟ ଦଳର ନେତୃତ୍ୱ ନେଇ ଆନ୍ତର୍ଜାତୀୟ ରାଇସ କମିଶନକୁ <MASK>ର ଜାକର୍ତାଠାରେ ପ୍ରତିନିଧିତ୍ୱ କରିଥିଲେ ।",
            "answer": "ଇଣ୍ଡୋନେସିଆ",
            "category": "ORG",
            "title": "ନିତ୍ୟାନନ୍ଦ କାନୁନଗୋ",
            "options": [
                "ଓଡ଼ିଶା",
                "ଇଣ୍ଡୋନେସିଆ",
                "ଭାରତ",
                "ଗୁଜରାଟ"
            ]
        },
        {
            "question": "୧୯୬୫ରେ, ୭୦ ବର୍ଷ ବୟସରେ ଶ୍ରୀଲ ପ୍ରଭୁପାଦ ଗୁରୁଙ୍କ ଆଦେଶ ଅନୁସାରେ <MASK> ଯାତ୍ରା କଲେ । ଜଳଦୂତ ନାମକ ଜାହାଜରେ ଚାଳିଶ ଦିନର ଯାତ୍ରା କରି ଶେଷରେ ସେ ନିୟୁୟର୍କ ନଗରରେ ପହଞ୍ଚିଲେ । ନିୟୁୟର୍କରେ ପ୍ରାରମ୍ଭିକ ସମୟରେ ସେ ସଂକୀର୍ତ୍ତନ ଏବଂ ଭଗବତ ଗୀତା ସମ୍ପର୍କିତ ଶିକ୍ଷାଦାନ ଜାରି ରଖିଲେ । ବିଭିନ୍ନବର୍ଗର ଅନେକ ବିଦେଶୀ ଯୁବକ ତାଙ୍କର ଶିଷ୍ୱତ୍ୱ ଗ୍ରହଣ କରିଥିଲେ । ପରେ ୧୯୬୬ ମସିହା ଜୁଲାଇରେ ତାଙ୍କ ପ୍ରଚେଷ୍ଟା ଏବଂ ଶିଷ୍ୟଗଣଙ୍କ ସହଯୋଗରେ ସେଠାରେ ଇସ୍କନ ପ୍ରତିଷ୍ଠା ଲାଭ କଲା । ଆନ୍ତର୍ଜାତିକ କୃଷ୍ଣଚେତନା ସଙ୍ଘ ବା \"International Society for Krishna Consciousness\" (ISKCON) ବା ଇସ୍କନ ଏକ ଗୌଡ଼ୀୟ ବୈଷ୍ଣବ ଧାର୍ମିକ ସଙ୍ଗଠନ । ଏହା ହରେକୃଷ୍ଣ ଆନ୍ଦୋଳନ ନାମରେ ମଧ୍ୟ ଖ୍ୟାତ ।",
            "answer": "ଆମେରିକା",
            "category": "ORG",
            "title": "ଅଭୟ ଚରଣାରବିନ୍ଦ ଭକ୍ତିବେଦାନ୍ତ ସ୍ୱାମୀ ପ୍ରଭୁପାଦ",
            "out_of_context_options": [
                "ବିହାର "
            ],
            "options": [
                "ଇସ୍କନ",
                "ବିହାର ",
                "କଲିକତା",
                "ଆମେରିକା"
            ]
        },
        {
            "question": "ରେଣୁକା/ରେଣୁ ବା ୟେଲ୍ଲାମ୍ମା ବା ଏକବିରା (Ekvira) ବା ଏଲ୍ଲାଇ ଆମ୍ମାଁ ବା ଏଲ୍ଲାଇ ଆମ୍ମା, ମରାଠୀ ଭାଷାରେ (Marathi: ଶ୍ରୀ ରେଣୁକା/ୟେଲ୍ଲୁଆଈ (श्री. रेणुका/ येल्लुआई), Kannada: ಶ್ರೀ ಎಲ್ಲಮ್ಮ ರೇಣುಕಾ, Telugu : శ్రీ రేణుక/ ఎల్లమ్మ, Tamil: ரேணு/Renu) ଜଣେ ହିନ୍ଦୁ ଦେବୀ ଭାବରେ ପୂଜା ପାଆନ୍ତି । ଦକ୍ଷିଣ ଭାରତର <MASK>, ଆନ୍ଧ୍ର ପ୍ରଦେଶ, କର୍ଣ୍ଣାଟକ ଓ ତାମିଲ ନାଡ଼ୁରେ ୟେଲ୍ଲାମ୍ମା ଜଣେ ସଂରକ୍ଷକ ଦେବୀ ଭାବରେ ପୂଜା ପାଆନ୍ତି । ତାଙ୍କୁ ତାଙ୍କର ଭକ୍ତମାନେ ବ୍ରହ୍ମାଣ୍ଡର ମାତା ବା ଜଗଦମ୍ବା ନାମ ଦେଇଥାଆନ୍ତି ।",
            "answer": "ତେଲେଙ୍ଗାନା",
            "category": "ORG",
            "title": "ରେଣୁକା",
            "out_of_context_options": [
                "ସହାରନପୁର"
            ],
            "options": [
                "ସହାରନପୁର",
                "ମହାରାଷ୍ଟ୍ର",
                "କର୍ଣ୍ଣାଟକ",
                "ତେଲେଙ୍ଗାନା"
            ]
        },
        {
            "question": "ଯଶୋଧାରା ମିଶ୍ର (ଜନ୍ମ ୬ ଜାନୁଆରୀ ୧୯୫୧) <MASK>ରେ ଜନ୍ମିତ ଜଣେ ଇଂରାଜୀ ପ୍ରଫେସର, ଔପନ୍ୟାସିକ, କ୍ଷୁଦ୍ରଗଳ୍ପ ଲେଖକ, କବି, ଗାଳ୍ପିକ ଏବଂ ଅନୁବାଦକ । ସେ ଓଡ଼ିଆ ବ୍ୟତୀତ ଇଂରାଜୀ ଏବଂ ହିନ୍ଦୀ ଭାଷାରେ ମଧ୍ୟ ଲେଖିଥାନ୍ତି । ତାଙ୍କ ଗଳ୍ପ ଗୁଡ଼ିକ ଅନ୍ୟ ଭାରତୀୟ ଭାଷାରେ ଅନୁବାଦ କରାଯାଇ ପତ୍ରିକା ଗୁଡ଼ିକରେ ପ୍ରକାଶିତ ହୋଇଛି । ତାଙ୍କର ଲେଖାଗୁଡ଼ିକ ଓଡ଼ିଶା ଏବଂ ମଧ୍ୟପ୍ରଦେଶ ବିଦ୍ୟାଳୟ ଏବଂ ବିଶ୍ୱବିଦ୍ୟାଳୟର ପାଠ୍ୟକ୍ରମରେ ଦେଖିବାକୁ ମିଳେ । ୨୦୦୭ରେ ତାଙ୍କର ଗଳ୍ପ 'ବର' ଦୂରଦର୍ଶନଦ୍ୱାରା ଶ୍ରେଷ୍ଠ ଚଳଚ୍ଚିତ୍ର ଭାବେ ବଛା ହୋଇଥିଲା । କେନ୍ଦ୍ର ସାହିତ୍ୟ ଏକାଡେମୀର ମୁଖପାତ୍ର \"ଦି ଇଣ୍ଡିଆନ ଲିଟରେଚର\"ର ସମ୍ପାଦକ ଭାବରେ ସେ କାର୍ଯ୍ୟ କରିଥିଲେ ।",
            "answer": "ଓଡ଼ିଶା",
            "category": "ORG",
            "title": "ଯଶୋଧାରା ମିଶ୍ର",
            "out_of_context_options": [
                "ବଙ୍କୁର"
            ],
            "options": [
                "ମଧ୍ୟପ୍ରଦେଶରେ",
                "ସମ୍ବଲପୁର",
                "ଓଡ଼ିଶା",
                "ବଙ୍କୁର"
            ]
        },
        {
            "question": "ଭାରତର କିଛି ସ୍ଥାନରେ ଏହାକୁ “ମାନ୍ଦ୍ରାଜ୍ କଣ୍ଟା“ (Madras thorn) ବୋଲି ମଧ୍ୟ କୁହାଯାଏ । ଏହାର ଆଉ ଏକ ନାମ ମାନିଲା ତେନ୍ତୁଳି (Manila tamarind) ମଧ୍ୟ ପ୍ରସିଦ୍ଧ । ତେବେ ଏହି ସବୁ ନାମ ଭ୍ରମ ସୃଷ୍ଟି କରନ୍ତି । ଏହି ଫଳ ସହିତ ମାନ୍ଦ୍ରାଜ କିମ୍ବା ମାନିଲାର ବିଶେଷ ସମ୍ପର୍କ ନାହିଁ । ସାମୁଦ୍ରିକ ବାଣିଜ୍ୟରେ ନିର୍ଦ୍ଦିଷ୍ଟ ସ୍ଥାନର ବଣିକଗୋଷ୍ଠୀ ଏହାକୁ ଫିଲିପାଇନ୍‍ସ୍‍ର ମାନିଲାରୁ ଆମଦାନୀ କରୁଥିଲେ ଏପରି ନାମର ସୃଷ୍ଟି ହୋଇଥାଇପାରେ (ସେହିପରି ଆଉ ଏକ ପରିବା ହେଉଛି ଲଙ୍କା ମରିଚ । ଓଡ଼ିଆ ଓ ବଙ୍ଗଳା ବଣିକମାନେ <MASK>ରୁ ମରିଚର ଆମଦାନୀ କରୁଥିବାରୁ ଏହା କ୍ରମେ ଲଙ୍କା ମରିଚ ବା ଲଙ୍କା ନାମରେ ଜଣାଶୁଣା ହେଲା)। ଏହି ଫଳଟି ତେନ୍ତୁଳି ତୁଳନାରେ ଶିମ୍ବ ବା ମଟର ପ୍ରଜାତିର ନିକଟତମ ସମ୍ପର୍କୀୟ ।",
            "answer": "ଶ୍ରୀଲଙ୍କା",
            "category": "ORG",
            "title": "ଶିମକଇଁଆ",
            "options": [
                "ଭାରତ",
                "ବଙ୍ଗଳାଦେଶ",
                "ମେକ୍ସିକୋ",
                "ଶ୍ରୀଲଙ୍କା"
            ]
        },
        {
            "question": "ପ୍ରାଣକୃଷ୍ଣଙ୍କ ଜନ୍ମ ଜଗତସିଂହପୁର ଜିଲ୍ଲାର, ବାଲିକୁଦା ଅନ୍ତର୍ଗତ ଇଚ୍ଛାପୁରଠାରେ ହୋଇଥିଲା । ପିତା ବିଶ୍ୱନାଥ ପରିଜା ଓ ମାତା ଜୟନ୍ତୀ ଦେବୀଙ୍କ ପୁତ୍ର, ପ୍ରାଣକୃଷ୍ଣଙ୍କ ବାଲ୍ୟଜୀବନ ସେହି ବାଲିକୁଦାରେ ଅତିବାହିତ ହୋଇଥିଲା । ବାଲିକୁଦା ମଧ୍ୟଇଂରାଜୀ ବିଦ୍ୟାଳୟରୁ ପ୍ରାଥମିକ ଶିକ୍ଷା ଶେଷକରି, ସେ ୧୯୦୪ ମସିହାରେ କଟକର ରେଭେନ୍‌ସା କଲିଜିଏଟ ସ୍କୁଲରେ ନାମ ଲେଖାଇଥିଲେ । ସ୍କୁଲ ଯିବା ପାଇଁ,ବହୁ ସମୟରେ ତାଙ୍କୁ ବାଲିକୁଦାରୁ କଟକ, ୩୬ ମାଇଲ ବାଟ, ଚାଲି ଚାଲି ଯିବାକୁ ପଡୁଥିଲା । ସେ ରେଭେନ୍‌ସା କଲିଜିଏଟ ସ୍କୁଲରୁ ମାଟ୍ରିକ ଓ ରେଭେନ୍ସା ମହାବିଦ୍ୟାଳୟରୁ କୃତିତ୍ୱର ସହ ଆଇ.ଏସ୍. ସି. ପାସକରିଥିଲେ । ୧୯୧୩ ମସିହାରେ ସେ <MASK>ର ପ୍ରେସିଡେନ୍ସି ମହାବିଦ୍ୟାଳୟରୁ ଗଣିତରେ ଅନର୍ସ ସହ ବି.ଏସ୍. ସି. ପାସ କରିଥିଲେ ଓ ଛାତ୍ରବୃତ୍ତି ପାଇ କେମ୍ବ୍ରିଜ ବିଶ୍ୱବିଦ୍ୟାଳୟରେ ଅଧ୍ୟୟନ କରିବା ପାଇଁ ୧୯୧୪ ମସିହାରେ ଇଂଲଣ୍ଡ ଯାତ୍ରା କରିଥିଲେ ।",
            "answer": "କଲିକତା",
            "category": "ORG",
            "title": "ପ୍ରାଣକୃଷ୍ଣ ପରିଜା",
            "out_of_context_options": [
                "ରୋମାନିଆ"
            ],
            "options": [
                "କଲିକତା",
                "ଲଣ୍ଡନ",
                "ଇଂଲଣ୍ଡ",
                "ରୋମାନିଆ"
            ]
        },
        {
            "question": "ଦୈତ୍ୟରାଜ ବଳି ମହାଦାନୀ ଥିଲେ । ସେ ଏପରି ଦାନ କଲେ ଯେ ସ୍ୱର୍ଗର ଦେବତାମାନଙ୍କ ମଧ୍ୟରେ ଭାଳେଣି ପଡ଼ିଗଲା , କାରଣ ତାଙ୍କର ପୂଣ୍ୟ ଫଳରେ ସେ ସ୍ୱର୍ଗପୁରର ଅଧିକାରୀ ହେଇପାରନ୍ତି । ଏଣୁ ଦେବତାମାନଙ୍କ କଥା ରକ୍ଷାକରି ବିଷ୍ଣୁ ବାମନ ଅବତାର ଗ୍ରହଣ କରି ବଳିରାଜଙ୍କ ପାଖରେ ପହଞ୍ଚି ତାଙ୍କୁ ତିନିପାଦ ଭୂମି ମାଗିଥିଲେ । ଗୋଟିଏ ପାଦରେ <MASK>, ଗୋଟିଏ ପାଦରେ ସ୍ୱର୍ଗ ଏବଂ ତୃତୀୟ ପାଦରେ ବଳିଙ୍କୁ ପାତାଳକୁ ଚାପିଦେଲେ । ତେଣୁ ସେ ପାତାଳ ପୁରକୁ ଚାଲିଗଲେ । ତା' ପରେ ବଳିଙ୍କ ପ୍ରାର୍ଥନା ଶୁଣି ପାତାଳରେ ବଳିକୁ ରାଜା କରିଦେଲେ । ବର୍ଷକରେ ଥରେ ମର୍ତ୍ତ୍ୟପୁରକୁ ଆସି ପ୍ରଜାମାନଙ୍କୁ ଦେଖିବାକୁ ବଳି ବର ମାଗନ୍ତେ ବିଷ୍ଣୁ ଏଥିରେ ସମ୍ମତି ଜଣାଇ କାର୍ତ୍ତିକ ଶୁକ୍ଲ୍ଲ ପ୍ରତିପଦା ଦିନ  ଦିନ ବଳି ମର୍ତ୍ତ୍ୟକୁ ଆସିବାକୁ ତଥାସ୍ତୁ କହିଲେ ।",
            "answer": "ପୃଥିବୀ",
            "category": "LOC",
            "title": "ଦୀପାବଳୀ",
            "out_of_context_options": [
                "Sindhagi"
            ],
            "options": [
                "Sindhagi",
                "ପୃଥିବୀ",
                "ଅଯୋଧ୍ୟା",
                "ସୂର୍ଯ୍ୟ"
            ]
        },
        {
            "question": "ଫିରୋଜ ଶାହ କୋଟଲା ଏକ କ୍ରିକେଟ ପଡିଆ ଯାହା ଭାରତୀୟ ରାଜଧାନୀ ନୂଆ ଦିଲ୍ଲୀର ବାହାଦୁର ଶାହ ଜାଫର ମାର୍ଗରେ ଅବସ୍ଥିତ । ଏହା 1883 ମସିହାରେ ନିର୍ମିତ ଓ ଏହା <MASK>ର ଇଡେନ ଗାର୍ଡେନ ପରେ ଭାରତର ଦ୍ୱିତୀୟ ସର୍ବ ପୁରାତନ କ୍ରିକେଟ ଅନ୍ତର୍ଜାତିକ ପ୍ରାନ୍ତର । 2016 ସୁଦ୍ଧା ବିଗତ 28 ବର୍ଷ ଧରି ଭାରତୀୟ ଜାତୀୟ ଦଳ ଏହି ପଡିଆରେ ଟେଷ୍ଟ ମ୍ୟାଚରେ ପରାସ୍ତ ହେଇନାହିଁ  ଓ ଗତ 10 ବର୍ଷରୁ କୌନଶୀ ଏକଦିବାସୀୟରେ ମଧ୍ୟ ହାରି ନାହିଁ । ଏହି ପଡିଆ ଦର୍ଶକଙ୍କ ପାଇଁ ଖୁବ ରୋଚକ ମୁହୂର୍ତ ସବୁ ଦେଇଛି ।",
            "answer": "କଲିକତା",
            "category": "ORG",
            "title": "ଫିରୋଜ ଶାହ କୋଟଲା ପଡିଆ",
            "out_of_context_options": [
                "ଲାକ୍ଷାଦ୍ୱୀପ"
            ],
            "options": [
                "ନିଉଜିଲାଣ୍ଡ",
                "ପାକିସ୍ତାନ",
                "ଲାକ୍ଷାଦ୍ୱୀପ",
                "କଲିକତା"
            ]
        },
        {
            "question": "ଏହାର ଅକ୍ଷାଂଶ ୨୧° ୫୦′ ୩୨.୭୧″ ଉତ୍ତର ଓ ଦ୍ରାଘିମା ୮୭° ୧୩′ ୧୧.୧୫″ ପୂର୍ବ । ଏହା <MASK> ଠାରୁ ୪୮ କି.ମି. ଦୂରରେ ଓ ରାଜଧାନୀ ଭୁବନେଶ୍ୱର ଠାରୁ ୨୨୩ କି.ମି. ଦୂରରେ ଅବସ୍ଥିତ ।",
            "answer": "ବାଲେଶ୍ୱର",
            "category": "LOC",
            "title": "ଶ୍ରୀଜଙ୍ଗ",
            "out_of_context_options": [
                "ତିତିଗାଁ"
            ],
            "options": [
                "ଭୁବନେଶ୍ୱର",
                "ସୋର",
                "ତିତିଗାଁ",
                "ବାଲେଶ୍ୱର"
            ]
        }
    ]
}