Un avion est en train de décoller.,Un avion est en train de décoller.,5.0
Un homme joue d'une grande flûte.,Un homme joue de la flûte.,3.8
Un homme étale du fromage râpé sur une pizza.,Un homme étale du fromage râpé sur une pizza non cuite.,3.8
Trois hommes jouent aux échecs.,Deux hommes jouent aux échecs.,2.6
Un homme joue du violoncelle.,Un homme assis joue du violoncelle.,4.25
Certains hommes se battent.,Deux hommes se battent.,4.25
Un homme est en train de fumer.,Un homme fait du patinage.,0.5
L'homme joue du piano.,L'homme joue de la guitare.,1.6
Un homme joue de la guitare et chante.,Une femme joue de la guitare acoustique et chante.,2.2
