<benchmark>
  <entries>
    <entry category="City" eid="Id1" size="4">
      <originaltripleset>
        <otriple>Abilene,_Texas | areaTotal | 2.86453e+08</otriple>
        <otriple>Abilene,_Texas | elevation | "523.951"^^xsd:double</otriple>
        <otriple>Abilene,_Texas | populationDensity | "429.9"^^xsd:double</otriple>
        <otriple>Abilene,_Texas | areaCode | 325</otriple>
      </originaltripleset>
      <originaltripleset>
        <otriple>Abilene,_Texas | areaTotal | 2.865e+08</otriple>
        <otriple>Abilene,_Texas | elevation | "524.0"^^xsd:double</otriple>
        <otriple>Abilene,_Texas | populationDensity | "429.9"^^xsd:double</otriple>
        <otriple>Abilene,_Texas | areaCode | 325</otriple>
      </originaltripleset>
      <originaltripleset>
        <otriple>Abilene,_Texas | areaTotal | 2.86453e+08</otriple>
        <otriple>Abilene,_Texas | elevation | "523.951"^^xsd:double</otriple>
        <otriple>Abilene,_Texas | areaCode | 325</otriple>
        <otriple>Abilene,_Texas | populationDensity | "429.9"^^&lt;http://dbpedia.org/datatype/inhabitantsPerSquareKilometre&gt;</otriple>
      </originaltripleset>
      <originaltripleset>
        <otriple>Abilene,_Texas | areaTotal | 2.86453e+08</otriple>
        <otriple>Abilene,_Texas | elevation | "524.0"^^xsd:double</otriple>
        <otriple>Abilene,_Texas | populationDensity | "429.9"^^xsd:double</otriple>
        <otriple>Abilene,_Texas | areaCode | 325</otriple>
      </originaltripleset>
      <originaltripleset>
        <otriple>Abilene,_Texas | elevation | "523.951"^^xsd:double</otriple>
        <otriple>Abilene,_Texas | populationDensity | "429.9"^^&lt;http://dbpedia.org/datatype/inhabitantsPerSquareKilometre&gt;</otriple>
        <otriple>Abilene,_Texas | areaTotal | "286.4526850031616"^^&lt;http://dbpedia.org/datatype/squareKilometre&gt;</otriple>
        <otriple>Abilene,_Texas | areaCode | "325"</otriple>
      </originaltripleset>
      <originaltripleset>
        <otriple>Abilene,_Texas | elevation | "524.0"^^xsd:double</otriple>
        <otriple>Abilene,_Texas | populationDensity | "429.9"^^&lt;http://dbpedia.org/datatype/inhabitantsPerSquareKilometre&gt;</otriple>
        <otriple>Abilene,_Texas | areaTotal | "286.4526850031616"^^&lt;http://dbpedia.org/datatype/squareKilometre&gt;</otriple>
        <otriple>Abilene,_Texas | areaCode | "325"</otriple>
      </originaltripleset>
      <originaltripleset>
        <otriple>Abilene,_Texas | elevation | "524.0"^^xsd:double</otriple>
        <otriple>Abilene,_Texas | populationDensity | "429.9"^^&lt;http://dbpedia.org/datatype/inhabitantsPerSquareKilometre&gt;</otriple>
        <otriple>Abilene,_Texas | areaTotal | "286.5"^^&lt;http://dbpedia.org/datatype/squareKilometre&gt;</otriple>
        <otriple>Abilene,_Texas | areaCode | "325"</otriple>
      </originaltripleset>
      <originaltripleset>
        <otriple>Abilene,_Texas | elevation | "523.951"^^xsd:double</otriple>
        <otriple>Abilene,_Texas | areaCode | 325</otriple>
        <otriple>Abilene,_Texas | populationDensity | "429.9"^^&lt;http://dbpedia.org/datatype/inhabitantsPerSquareKilometre&gt;</otriple>
        <otriple>Abilene,_Texas | areaTotal | "286.4526850031616"^^&lt;http://dbpedia.org/datatype/squareKilometre&gt;</otriple>
      </originaltripleset>
      <originaltripleset>
        <otriple>Abilene,_Texas | areaTotal | 2.86453e+08</otriple>
        <otriple>Abilene,_Texas | elevation | "524.0"^^xsd:double</otriple>
        <otriple>Abilene,_Texas | areaCode | 325</otriple>
        <otriple>Abilene,_Texas | populationDensity | "429.9"^^&lt;http://dbpedia.org/datatype/inhabitantsPerSquareKilometre&gt;</otriple>
      </originaltripleset>
      <originaltripleset>
        <otriple>Abilene,_Texas | elevation | "524.0"^^xsd:double</otriple>
        <otriple>Abilene,_Texas | areaCode | 325</otriple>
        <otriple>Abilene,_Texas | populationDensity | "429.9"^^&lt;http://dbpedia.org/datatype/inhabitantsPerSquareKilometre&gt;</otriple>
        <otriple>Abilene,_Texas | areaTotal | "286.4526850031616"^^&lt;http://dbpedia.org/datatype/squareKilometre&gt;</otriple>
      </originaltripleset>
      <modifiedtripleset>
        <mtriple>Abilene,_Texas | elevationAboveTheSeaLevel | 524.0</mtriple>
        <mtriple>Abilene,_Texas | areaCode | 325</mtriple>
        <mtriple>Abilene,_Texas | populationDensity | 429.9 (inhabitants per square kilometre)</mtriple>
        <mtriple>Abilene,_Texas | areaTotal | 286.5 (square kilometres)</mtriple>
      </modifiedtripleset>
      <lex comment="good" lid="Id1">Abilene in Texas has a population density of 429.9 people for each of its 286.5 square kilometres. The area code for Abilene is 325 and the town lies 524 above sea level.</lex>
      <lex comment="good" lid="Id2">At 524 metres above sea level, Abilene (Texas), has a total area of 286.5 sq km, a population density of 429.9 inhabitants per square kilometre, and the area code, 325.</lex>
      <lex comment="good" lid="Id3">Abilene Has an area of 286.5 sq. km., ha a population of 429.9 people per sq. km., is 524m above sea level, has an area code as 325 and is located in Texas.</lex>
    </entry>
    </entries>
</benchmark>