<benchmark>
  <entries>
    <entry category="Politician" eid="Id1" size="4">
      <originaltripleset>
        <otriple>Aaron_S._Daggett | battles | American_Civil_War</otriple>
        <otriple>Aaron_S._Daggett | award | Purple_Heart</otriple>
        <otriple>Aaron_S._Daggett | deathPlace | West_Roxbury</otriple>
        <otriple>Aaron_S._Daggett | birthPlace | Maine</otriple>
      </originaltripleset>
      <modifiedtripleset>
        <mtriple>Aaron_S._Daggett | battles | American_Civil_War</mtriple>
        <mtriple>Aaron_S._Daggett | award | Purple_Heart</mtriple>
        <mtriple>Aaron_S._Daggett | deathPlace | West_Roxbury</mtriple>
        <mtriple>Aaron_S._Daggett | birthPlace | Maine</mtriple>
      </modifiedtripleset>
      <lex comment="good" lid="Id1">Aaron S Daggett was born in Maine and died in West Roxbury. He fought in the American Civil War and was awarded the Purple Heart.</lex>
      <lex comment="good" lid="Id2">Maine born Aaron S Daggett fought in the American Civil War, was awarded the Purple Heart and died in West Roxbury.</lex>
      <lex comment="good" lid="Id3">American Civil War soldier and Purple Heart recipient Aaron S. Daggett, was born in Maine and died in West Roxbury.</lex>
    </entry>
    </entries>
</benchmark>