<benchmark>
  <entries>
    <entry category="Airport" eid="Id1" size="4">
      <originaltripleset>
        <otriple>Aarhus_Airport | location | Tirstrup</otriple>
        <otriple>Tirstrup | country | Denmark</otriple>
        <otriple>Denmark | capital | Copenhagen</otriple>
        <otriple>Tirstrup | subdivisionName | Central_Denmark_Region</otriple>
      </originaltripleset>
      <modifiedtripleset>
        <mtriple>Aarhus_Airport | location | Tirstrup</mtriple>
        <mtriple>Tirstrup | country | Denmark</mtriple>
        <mtriple>Denmark | capital | Copenhagen</mtriple>
        <mtriple>Tirstrup | isPartOf | Central_Denmark_Region</mtriple>
      </modifiedtripleset>
      <lex comment="good" lid="Id1">Aarhus airport is located in Tirstrup, part of the Central Region of Denmark which has the capital city of Copenhagen.</lex>
      <lex comment="good" lid="Id2">Copenhagen is the capital of Denmark where Aarhus airport is located in Tirstrup which is part of the Central Denmark region.</lex>
      <lex comment="good" lid="Id3">Aarhus Airport is located in Tirstrup, part of the Central Denmark region. The capital of the country is Copenhagen.</lex>
    </entry>
    </entries>
</benchmark>