<benchmark>
  <entries>
    <entry category="Food" eid="Id1" size="4">
      <originaltripleset>
        <otriple>Ajoblanco | country | Spain</otriple>
        <otriple>Ajoblanco | mainIngredient | "Bread, almonds, garlic, water, olive oil"@en</otriple>
        <otriple>Ajoblanco | region | Andalusia</otriple>
        <otriple>Ajoblanco | ingredient | Garlic</otriple>
      </originaltripleset>
      <modifiedtripleset>
        <mtriple>Ajoblanco | country | Spain</mtriple>
        <mtriple>Ajoblanco | mainIngredients | "Bread, almonds, garlic, water, olive oil"</mtriple>
        <mtriple>Ajoblanco | region | Andalusia</mtriple>
        <mtriple>Ajoblanco | ingredient | Garlic</mtriple>
      </modifiedtripleset>
      <lex comment="good" lid="Id1">Ajoblanco is from Andalusia inSpain. The main ingredients of Ajoblanco are bread, almonds, garlic, water and olive oil.</lex>
      <lex comment="good" lid="Id2">Ajoblanco is from Andalusia, Spain. It contains bread, almonds, garlic, water, and olive oil.</lex>
      <lex comment="good" lid="Id3">Ajoblanco is from the Andalusia region of Spain and the main ingredients are Bread, almonds, garlic, water, and olive oil.</lex>
    </entry>
    </entries>
</benchmark>