<benchmark>
	<entries>
		<entry category="Airport" eid="Id5" size="1">
			<originaltripleset>
				<otriple>Aarhus_Airport | operator | "Aarhus Lufthavn A/S"@en</otriple>
			</originaltripleset>
			<modifiedtripleset>
				<mtriple>Aarhus_Airport | operatingOrganisation | "Aarhus Lufthavn A/S"</mtriple>
			</modifiedtripleset>
			<lex comment="good" lid="Id1">
				<sortedtripleset>
					<sentence ID="1">
						<striple>Aarhus_Airport | operatingOrganisation | "Aarhus Lufthavn A/S"</striple>
					</sentence>
				</sortedtripleset>
				<references>
					<reference entity="Aarhus_Airport" number="1" tag="AGENT-1" type="name">Aarhus Airport</reference>
					<reference entity="&quot;Aarhus Lufthavn A/S&quot;" number="2" tag="PATIENT-1" type="name">Aarhus Lufthavn A/S</reference>
				</references>
				<text>Aarhus Airport is operated by Aarhus Lufthavn A/S.</text>
				<template>AGENT-1 is operated by PATIENT-1 .</template>
				<lexicalization>AGENT-1 VP[aspect=simple,tense=present,voice=passive,person=3rd,number=singular] operate by PATIENT-1 .</lexicalization>
			</lex>
			<lex comment="good" lid="Id2">
				<sortedtripleset>
					<sentence ID="1">
						<striple>Aarhus_Airport | operatingOrganisation | "Aarhus Lufthavn A/S"</striple>
					</sentence>
				</sortedtripleset>
				<references>
					<reference entity="&quot;Aarhus Lufthavn A/S&quot;" number="1" tag="PATIENT-1" type="name">Aarhus Lufthavn A/S</reference>
					<reference entity="Aarhus_Airport" number="2" tag="AGENT-1" type="name">Aarhus Airport</reference>
				</references>
				<text>Aarhus Lufthavn A/S is the operation organisation of Aarhus Airport.</text>
				<template>PATIENT-1 is the operation organisation of AGENT-1 .</template>
				<lexicalization>PATIENT-1 VP[aspect=simple,tense=present,voice=active,person=3rd,number=singular] be DT[form=defined] the operation organisation of AGENT-1 .</lexicalization>
			</lex>
			<entitymap>
				<entity>AGENT-1 | Aarhus_Airport</entity>
				<entity>PATIENT-1 | "Aarhus Lufthavn A/S"</entity>
			</entitymap>
		</entry>
		</entries>
</benchmark>
