{
    "cloze_data": [
        {
            "question": "ডাঃ জন এম. হ্যারিস মার্কিন যুক্তরাষ্ট্রের ওহায়ো রাজ্যে সর্বপ্রথম দন্ত্য বিদ্যালয় প্রতিষ্ঠা করেন এবং দন্ত্যচিকিৎসাকে চিকিৎসা পেশার স্বীকৃতি দেন। ২১শে ফেব্রুয়ারি, ১৮২৮ সালে এটি চালু হয় এবং বর্তমানে এটি একটি দন্ত্য <MASK>। প্রথম দন্ত্য কলেজ চালু হয় ১৮৪০ সালে মার্কিন যুক্তরাষ্ট্রের মেরীল্যান্ড রাজ্যে।",
            "answer": "জাদুঘর",
            "category": "ORG",
            "title": "দন্ত্যচিকিৎসা",
            "options": [
                "চীন",
                "জাদুঘর",
                "ভারত",
                "ইসরায়েল"
            ]
        },
        {
            "question": "উত্তর ভারতের মধ্য গাঙ্গেয় অববাহিকায় বারাণসী অবস্থিত। উত্তরপ্রদেশ রাজ্যের পূর্বাঞ্চলে গঙ্গার একটি অর্ধচন্দ্রাকার বাঁকের ধারে নদী থেকে গড় - উচ্চতায় এই শহরের অবস্থান। বারাণসী জেলার সদর এই শহরটি। সড়কপথে বারাণসী নতুন দিল্লি থেকে  দক্ষিণ-পূর্বে, <MASK> থেকে  দক্ষিণ-পূর্বে, এলাহাবাদ থেকে  পূর্বে এবং জৌনপুর থেকে  পূর্বে অবস্থিত। \"বারাণসী মহানগরীয় অঞ্চল\" নামক মহানগর এলাকাটি সাতটি শহরাঞ্চল নিয়ে গড়ে উঠেছে। এই অঞ্চলের আয়তন ১১২.২৬ বর্গকিলোমিটার (প্রায় ৪৩ বর্গমাইল)। ভৌগোলিক অবন্থান ২৫.৩৬° উত্তর অক্ষাংশ এবং ৮৩.১৩° পূর্ব দ্রাঘিমাংশ।",
            "answer": "লখনউ",
            "category": "LOC",
            "title": "বারাণসী",
            "options": [
                "ইন্দোরের",
                "কন্যাকুমারীর",
                "মাদুরাই",
                "লখনউ"
            ]
        },
        {
            "question": "<MASK> এর নামকরণ নিয়ে দুইটি মত প্রচলিত আছে। একটি মত হলো, এ জনপদটি পূর্বে হিন্দু অধ্যুসিত ছিল। এখানে অনেক দেব-দেবীর মূর্তি পাওয়া যেত। এ সব দেব-দেবীর নাম থেকে দেবীগঞ্জ নামটি হতে পারে। অপর মতটি হলো, সন্যাসী বিদ্রোহের অন্যতম রূপকার ও খ্যাতিমান নেত্রী- দেবী চৌধুরানীর অবাধ বিচরণ স্থল ছিল এ এলাকাটি। এখানকার ঘন বনাঞ্চলে প্রবাহিত করতোয়া, তিস্তা, আত্রাই ও কুড়ুম নদীর বাঁকে বাঁকে বৃটিশদের সাথে কয়েক দফা যুদ্ধে অবতীর্ণ হয়ে বিজয়ী হন এবং এখানকার অধিবাসীদের আশা- ভরসা ও শৌর্য বীর্যের প্রতীক হয়ে উঠেন। দেবী চৌধুরানীর স্মৃতি থেকে এর নামকরণ হয় দেবীগঞ্জ।",
            "answer": "দেবীগঞ্জ",
            "category": "LOC",
            "title": "দেবীগঞ্জ উপজেলা",
            "options": [
                "দন্ডপাল",
                "পামুলী",
                "সোনাহার",
                "দেবীগঞ্জ"
            ]
        },
        {
            "question": "বিশ্ববিদ্যালয় রিসার্চ অ্যাসোসিয়েশন বা ইউআরএ মূলত <MASK> কেন্দ্রিক এবং ২টি সদস্য কানাডা এবং একটি করে সদস্য জাপান, ইতালি ও যুক্তরাজ্য থেকে নিয়ে  ৮৬ টি বিশ্ববিদ্যালয়ের একটি সংঘ। এটির সদর দপ্তর ওয়াশিংটন, ডি.সি.",
            "answer": "আমেরিকা",
            "category": "ORG",
            "title": "বিশ্ববিদ্যালয় রিসার্চ অ্যাসোসিয়েশন",
            "options": [
                "কানাডা",
                "সার্ন",
                "ইতালি",
                "আমেরিকা"
            ]
        },
        {
            "question": "১৯৯১ সালের ১৮ অক্টোবর, আজারবাইজানের পার্লামেন্ট একটি সাংবিধানিক প্রস্তাব অনুমোদন এবং গ্রহণ করে। যেই প্রস্তাবে সোভিয়েত ইউনিয়ন ভেঙ্গে আজারবাইজানের স্বাধীনতার ঘোষণা ছিল। পরবর্তীতে, ১৯৯১ সালের ২৫ ডিসেম্বর সোভিয়েত ইউনিয়ন ভেঙ্গে যায় এবং <MASK> ও আজারবাইজান সহ মোট ১৫ টি পৃথক স্বাধীন রাষ্ট্রের সৃষ্টি হয়। ওইদিনই কানাডা, আজারবাইজানসহ সোভিয়েত পরবর্তী বাকি সব দেশের স্বাধীনতাকে স্বীকৃতি দান করে।",
            "answer": "রাশিয়া",
            "category": "ORG",
            "title": "আজারবাইজান-কানাডা সম্পর্ক",
            "options": [
                "তুরস্কে",
                "অটোয়া",
                "রাশিয়া",
                "আঙ্কারা"
            ]
        },
        {
            "question": "তট বা তটরেখা হলো  <MASK>, সাগর বা হ্রদের মতো বিশাল জলাশয়ের প্রান্তভাগ এবং স্থলভূমির মধ্যবর্তী সীমানা। এটি হচ্ছে সমুদ্র বা হ্রদ এবং স্থলভূমির মধ্যবর্তী সীমানা। ভৌত সমুদ্রবিজ্ঞানে, একটি তীর তা তট হলো বৃহত্তর সীমানা যা ভূতাত্ত্বিকভাবে অতীতে এবং বর্তমানে জলসীমার ক্রিয়া দ্বারা পরিবর্তীত হয়, সৈকত উপকূলের কিনারায় অবস্থিত থাকে এবং সেখানে একটি অন্তর্বর্তী অঞ্চলকে উপস্থাপন করে। তবে তটরেখা কখনও স্থির থাকে না, এর অবস্থান প্রতিনিয়তই পরিবর্তিত হয়। জোয়ারভাটার আগমন ও প্রস্থানের সঙ্গে সঙ্গে তটরেখাও ওঠানামা করে। আবার সমুদ্রপৃষ্ঠের পরিবর্তন ঘটলে তটরেখারও ব্যাপক পরিবর্তন ঘটে।",
            "answer": "মহাসাগর",
            "category": "LOC",
            "title": "তটরেখা",
            "options": [
                "হ্রদের",
                "সৈকত",
                "সমুদ্র",
                "মহাসাগর"
            ]
        },
        {
            "question": "<MASK> অঞ্চলের প্রচলিত লোকসাহিত্যকে একত্রে পূর্ববঙ্গ গীতিকা বলা হয়। প্রাচীন কাল থেকে মানুষের মুখে মুখে প্রচলিত হয়ে আসা পালাগুলি বাংলা সাহিত্যের অমূল্য সম্পদ। ১৯২৬ সালে ডক্টর দীনেশচন্দ্র সেন কলকাতা বিশ্ববিদ্যালয়ের অর্থ সাহায্যে পালাগুলো সম্পাদনা করে প্রকাশ করেন। পরে ১৯৭১-১৯৭৫ সালে ক্ষিতীশচন্দ্র মৌলিক ও সাত খন্ডে প্রাচীন পূর্ববঙ্গ গীতিকা প্রকাশ করেন।",
            "answer": "পূর্ববঙ্গ",
            "category": "ORG",
            "title": "বাংলাদেশের লোক সাহিত্য",
            "options": [
                "পূর্ববঙ্গ",
                "পর্তুগাল",
                "ইউনেস্কো",
                "বাংলাদেশের"
            ]
        },
        {
            "question": "আরভিড কার্লসন (২৫ জানুয়ারী ১৯২৩ - ২৯ জুন ২০১৮)  একজন সুইডিশ নিউরোফার্মাকোলজিস্ট ছিলেন যিনি নিউরোট্রান্সমিটার ডোপামিনের সাথে তার কাজ এবং পার্কিনসন ডিজিজের প্রভাবগুলির জন্য সবচেয়ে বেশি পরিচিত। ডোপামিন নিয়ে তার কাজের জন্য, <MASK> এরিক কান্ডেল এবং পল গ্রিনগার্ডের সাথে একত্রে ২০০০ সালে চিকিৎসাবিজ্ঞানে নোবেল পুরস্কার দেওয়া হয়েছিল । ",
            "answer": "কার্লসনকে",
            "category": "PER",
            "title": "আরভিড কার্লসন",
            "out_of_context_options": [
                "Tacitus"
            ],
            "options": [
                "কার্লসনকে",
                "Tacitus",
                "এরিক",
                "কান্ডেল"
            ]
        },
        {
            "question": "বেটম্যান ১৯৬৯ সালের ১৪ই জানুয়ারি নিউ ইয়র্কের রাই শহরে জন্মগ্রহণ করেন। তার যখন ৪ বছর বয়স তখন তার পরিবার <MASK>ের সল্ট লেক সিটিতে চলে যায় এবং পরে ক্যালিফোর্নিয়ায় স্থানান্তরিত হয়। তার পিতা কেন্ট বেটম্যান একজন অভিনেতা, লেখক ও পরিচালক এবং হলিউডে রিপার্টরি মঞ্চের প্রতিষ্ঠাতা। তার মাতা ভিক্টোরিয়া এলিজাবেথ ছিলেন প্যান অ্যামের ফ্লাইট অ্যাটেনড্যান্ট, তার জন্ম যুক্তরাজ্যের শ্রুবারিতে। তার বোন জাস্টিন বেটম্যান একজন অভিনেত্রী। তার আরও তিনজন সৎ ভাই রয়েছে।",
            "answer": "উটাহ",
            "category": "ORG",
            "title": "জেসন বেটম্যান",
            "options": [
                "ক্যালিফোর্নিয়া",
                "উটাহ",
                "নেটফ্লিক্স",
                "যুক্তরাজ্য"
            ]
        },
        {
            "question": "আহসান ১৫ জুলাইস ১৯৩৯ সালে <MASK>, নর্থ ওয়েস্ট ফ্রন্টিয়ার প্রদেশ ( বর্তমান খাইবার পাকতুনখাওয়া) শহরে জন্মগ্রহণ করেন। তিনি ছিলেন উর্দুভাষী। তিনি ইসলামিয়া কলেজ, পেশোয়ার থেকে শিক্ষা লাভ করেন। তিনি কখনোই বিবাহ করেন নি। সাবেক পাকিস্তানি খেলোয়ার, আফতাব বালোক বলেছেন যে, \"আহসান বেশ ভদ্রলোক ছিলেন।\" সাবেক পাকিস্তান অধিনায়ক জাভেদ বুরকির সাথে তার দ্বন্দ্ব ছিল। ভারতেরে বিপক্ষে টেস্ট ম্যাচ চলাকালে তার বোলিং অ্যাকশন নিয়ে বিতর্ক ওঠে। ১৯৬২ সালে পাকিস্তানের ইংল্যান্ড সফরে বিষয়টি আবার না ওঠা পর্যন্ত তিনি বোলিং চালিয়ে যান; এই বিতর্কের কারণে মাত্র ২৩ বছর বয়সে তার আন্তর্জাতিক ক্যারিয়ার শেষ হয়।",
            "answer": "পেশোয়ার",
            "category": "LOC",
            "title": "হাসিব আহসান",
            "options": [
                "পেশোয়ার",
                "আন্তর্জাতিক",
                "পেশোয়ারের",
                "রাওয়ালপিন্ডি"
            ]
        },
        {
            "question": "প্রফেসর ড. মযহারুল ইসলাম (১০ অক্টোবর ১৯২৮ - ১৫ নভেম্বর ২০০৩), একজন <MASK> খ্যাতিসম্পন্ন লোকাচারবেত্তা, লেখক, গবেষক, শেকড়সন্নিগ্ধ্য শিক্ষাবিদ, লোকতাত্ত্বিক, লোকবিজ্ঞানী, কবি-কথাশিল্পী-সংগঠক ও শিল্পপতি। তিনি রাজশাহী বিশ্ববিদ্যালয়ের সাবেক উপাচার্য (০৪ আগস্ট ১৯৭৪, হতে ১৮ সেপ্টেম্বর, ১৯৭৫) এবং বাংলা একাডেমির প্রথম মহাপরিচালক (০২ জুন ১৯৭২ হতে ১২ আগস্ট ১৯৭৪) ছিলেন। পিতা: ডা. মোহাম্মদ আলী, মাতা: মোসা. সালেহা খাতুন।",
            "answer": "আন্তর্জাতিক",
            "category": "LOC",
            "title": "মযহারুল ইসলাম",
            "out_of_context_options": [
                "স্টকহোমের"
            ],
            "options": [
                "শাহজাদপুর",
                "সিরাজগঞ্জ",
                "স্টকহোমের",
                "আন্তর্জাতিক"
            ]
        },
        {
            "question": "স্বর্ণ চতুর্ভুজ (জিকিউ) হল ভারতের জাতীয় মহাসড়কের একটি নেটওয়ার্ক যা এই দেশের বেশিরভাগ শিল্প, কৃষি ও সাংস্কৃতিক কেন্দ্রকে সংযুক্ত করেছে। এটি ভারতের চারটি প্রধান মহানগর, <MASK> (উত্তর), কলকাতা (পূর্ব), মুম্বই (পশ্চিম) এবং চেন্নাই (দক্ষিণ)কে ছুঁয়ে গিয়ে একটি চতুর্ভুজ গঠন করেছে। এই নেটওয়ার্কের মাধ্যমে সংযুক্ত অন্যান্য শহরের মধ্যে রয়েছে আহমেদাবাদ, বেঙ্গালুরু, বালেশ্বর, ভুবনেশ্বর, কটক, দুর্গাপুর, জয়পুর, কানপুর, পুনে, সুরাট, বিজয়ওয়াড়া, আজমির, ভাইজাগ, বুদ্ধ গয়া, বারাণসী, আগ্রা, মথুরা, ধনবাদ, গান্ধীনগর, উদয়পুর) এবং বড়োদরা। এই বিশাল মহাসড়কের মূল লক্ষ্য হল ভারতের চারটি মহানগরের মধ্যে দূরত্ব এবং যাতায়াতের সময় হ্রাস করা।",
            "answer": "দিল্লি",
            "category": "ORG",
            "title": "স্বর্ণ চতুর্ভুজ",
            "options": [
                "আগ্রা",
                "দুর্গাপুর",
                "দিল্লি",
                "বেঙ্গালুরু"
            ]
        },
        {
            "question": "প্যারা শুমচা (বৈজ্ঞানিক নাম: Pitta megarhyncha) হচ্ছে পিটিডি (Pittidae) পরিবারভুক্ত একটি পাখির প্রজাতি। এটি <MASK>, ইন্দোনেশিয়া, মালয়েশিয়া, মিয়ানমার, ভারত, সিঙ্গাপুর ও থাইল্যান্ডে পাওয়া যায়।  এর প্রাকৃতিক বাসস্থান উপক্রান্তীয় বা ক্রান্তীয় ম্যানগ্রোভ বনে।",
            "answer": "বাংলাদেশ",
            "category": "ORG",
            "title": "প্যারা শুমচা",
            "options": [
                "ইন্দোনেশিয়া",
                "থাইল্যান্ডে",
                "সিঙ্গাপুর",
                "বাংলাদেশ"
            ]
        },
        {
            "question": "২০০৬ এবং ২০০১ সালে রাজ্য বিধানসভা নির্বাচনে,  সিপিআই (এম) -এর সাধু টুডু  গাজোল (এসটি) কেন্দ্র থেকে জয়লাভ করেন তার নিকটতম প্রতিদ্বন্দ্বী <MASK> জিতেন হাসদা এবং তৃণমূল কংগ্রেসের নবাবুমার হেমব্রোমকে পরাজিত করেন। অধিকাংশ বছরে প্রতিযোগিতাগুলিতে বিভিন্ন ধরনের কোণঠাসা করে ছিল কিন্তু শুধুমাত্র বিজয়ী ও রানার্সকে উল্লেখ করা হচ্ছে। ১৯৯৬ সালে সিপিআই (এম) -এর দেবনাথ মুর্মু কংগ্রেসের বেঞ্জামিন হেমব্রোমকে পরাজিত করেন  এবং ১৯৯১ সালে কংগ্রেসের নবকুমার হেমব্রোমকে পরাজিত করেন।  ১৯৮৭ সালে সিপিআই (এম) -এর সুফল মুর্মু কংগ্রেসের নবকুমার হেমব্রোমকে পরাজিত করেন।  ১৯৮২ সালে কংগ্রেসের বেঞ্জামিন হেমব্রোমকে  এবং জনতা পার্টির শ্যান মুর্মুকে ১৯৭৭ সালে পরাজিত করেন।",
            "answer": "কংগ্রেসের",
            "category": "ORG",
            "title": "গাজোল বিধানসভা কেন্দ্র",
            "options": [
                "কংগ্রেসের",
                "ভারতীয়",
                "রাজ্য",
                "সিপিআই"
            ]
        },
        {
            "question": "১৯১২ সালে ওয়েগনার এই তত্ত্বটি প্রকাশ করেন। এই তত্ত্বের মূল ভাষ্য হচ্ছে, \" ত্রিশ কোটি বছর পূর্বে কার্বনিফেরাস যুগে দেশগুলো একসময় পরস্পর সংযুক্ত ছিলো। এদের বলা হতো <MASK> বা সুপারকন্টিনেন্ট । আর এর চর্তুদিকে প্যানথালাস নামে সাগরের অস্তিত্ব ছিলো। ১৮শ কোটি বছর পূর্বে এরা গন্ডোয়ানা এবং লরেশিয়া নামক দুইভাগে ভাগ হয়। যার মধ্যে বৃহত্তর ভারত, অস্ট্রেলিয়া, দক্ষিণ আমেরকা, এন্টার্কটিকা এবং আফ্রিকা একসাথে যুক্ত ছিল যা দক্ষিণ-পূর্ব ভারতের গন্ডোয়ানা রাজ্যের নামানুসারে গন্ডোয়ানা ভূভাগ নামে পরিচিত হয়। আর ইউরেশিয়া সহ বাকি অংশ নিয়ে লরেশিয়া তৈরী হয়। এদের মাঝে তৈরী হয় টেথিস সাগর।",
            "answer": "প্যানজিয়া",
            "category": "LOC",
            "title": "মহাদেশীয় প্রবাহ",
            "out_of_context_options": [
                "কোলারের"
            ],
            "options": [
                "লরেশিয়া",
                "প্যানজিয়া",
                "গন্ডোয়ানা",
                "কোলারের"
            ]
        },
        {
            "question": "তাড়াশ উপজেলা সিরাজগঞ্জ সদর উপজেলা হতে প্রায় ৪০ কিমি পশ্চিমে <MASK> মধ্যে অবস্থিত। তাড়াশ উপজেলার নমাকরণের বিষয়ে  এমন কোন  ঐতিহাসিক তথ্য পাওয়া যায় নাই যা সর্বজনগ্রাহ্য। তবে এই উপজেলাটি একসময় গহিন জঙ্গলে পরিপূর্ণ ছিল বলে প্রচলিত উপাখ্যান ও চিরায়ত বই-পুস্তুক থেকে পাওয়া যায়। তাড়াশ উপজেলার নামকরণের বিষয়টি হলো রায় বাহাদুরের মেয়ের নাম ছিল তারা দেবী। মনে করা হয়, জমিদারের মেয়ের নাম তারা থেকে তারাশ, পরে তাড়াশ নামের উৎপত্তি হয়েছে৷",
            "answer": "চলনবিলের",
            "category": "LOC",
            "title": "তাড়াশ উপজেলা",
            "options": [
                "সিরাজগঞ্জ-৩",
                "সিরাজগঞ্জের",
                "তাড়াশ",
                "চলনবিলের"
            ]
        },
        {
            "question": "১৮৮২ সালে <MASK>ন মিশনারিদের দ্বারা এই বিদ্যালয় এর জন্ম। ঢাকার নটরডেম কলেজ-এর জন্ম এই স্থানেই। ১৯৫৩ সালে এখানকার ক্যাম্পাস থেকে নটরডেমকে সরিয়ে মতিঝিলে স্থানান্তরিত করা হয় এবং একে সেন্ট গ্রেগরী উচ্চ বিদ্যালয় হতে আলাদা করে দেয়া হয়। ১৯১২ সালে সেন্ট ফ্রান্সিস জেভিয়ার বালিকা উচ্চ বিদ্যালয় প্রতিষ্ঠার আগ পর্যন্ত এখানে ছেলে ও মেয়ে এক সাথে পড়াশুনা করত। পরবর্তীতে এটি বয়েজ স্কুল এ পরিণত হয়। বাংলাদেশ স্কাউটের সূচনা হয় এখানেই ১৯১৪ সালে। অপরদিকে ১৯২৩ সালে এই স্কুল এর মাধ্যমেই বাংলাদেশে বাস্কেটবল খেলার প্রচলন হয়। দেশ বিভাগের আগে সেন্ট গ্রেগরি উচ্চ বিদ্যালয়ে শুধু ইংরেজি মাধ্যমে পড়াশোনা হতো।",
            "answer": "আমেরিকা",
            "category": "ORG",
            "title": "সেইন্ট গ্রেগরী উচ্চ বিদ্যালয়",
            "options": [
                "বাংলাদেশের",
                "আমেরিকা",
                "ঢাকা",
                "প্রধানমন্ত্রী"
            ]
        },
        {
            "question": "২০০৮ সালে ব্রিটেনে সংবাদ প্রকাশিত হয় যে, ফ্যাশন হাউস চ্যানেলের বিপণন মডেল হিসেবে কিরা নাইটলি’র পরিবর্তে ওয়াটসন অভিনয় করবেন। পরবর্তীতে ওয়াটসন ও নাইটলি উভয়ই স্পষ্টভাবে এ বিষয়টি অস্বীকার করেন। কয়েক মাসের অবিরত গুজব-গুঞ্জনের পর ২০০৯ এর জুনে ওয়াটসন নিশ্চিত করেন যে, তিনি ফ্যাশন হাউস <MASK> বিপণন মডেল হবেন এবং তাকে নির্ধারিত পারিশ্রমিকের চেয়ে প্রায় ছয় গুণ বেশি পারিশ্রমিক প্রদান করা হবে। এরপর ২০১০ সালে বারবারি’র বসন্ত/গ্রীষ্মকালীন প্রচারণায় ছোট ভাই অ্যালেক্স, গায়ক জর্জ ক্রেইগ ও ম্যাট গিলমারের সাথে ওয়াটসন উপস্থিত হন।",
            "answer": "বারবেরির",
            "category": "ORG",
            "title": "এমা ওয়াটসন",
            "options": [
                "বারবেরির",
                "আইজিএন",
                "যুক্তরাজ্যের",
                "উরুগুয়ে"
            ]
        },
        {
            "question": "১৯২৪ সালের আগস্টে প্রায় ৪,৫০০ সদস্য নিয়ে গঠিত আরেকটি বড় আকারের ইখওয়ান সেনাদল নজদ থেকে ১,৬০০ কিমি দূরত্ব পার হয়ে আম্মানের ১৫ কিমি এর মধ্যে চলে আসে। এরপর তারা চিহ্নিত হয়ে পড়ে এবং ব্রিটিশ বিমানবাহিনী তাদের উপর আক্রমণ চালায়। ইখওয়ানদের পক্ষে ৫০০ জনের মত নিহত হয়। এসময় ব্রিটিশ বিমানবাহিনীর সাহায্য না আসলে <MASK> তাদের হস্তগত হত।",
            "answer": "আম্মান",
            "category": "LOC",
            "title": "ইখওয়ান",
            "options": [
                "আম্মান",
                "নজদের",
                "মক্কা",
                "নজদে"
            ]
        },
        {
            "question": "মূল নিবন্ধঃ  Beidou Navigation Satellite System২য় প্রজন্মের Beidou স্যাটেলাইট ন্যাভিগেশন ব্যবস্থা। <MASK> এই ব্যবস্থা ১৬ টি মাঝারি উচ্চতার স্যাটেলাইট নিয়ে গঠিত। এটি বিবর্ধিত হয়ে ২০২০ সাল নাগাদ ৩৫ টি স্যাটেলাইট সম্বলিত ব্যবস্থায় পরিণত হবে।",
            "answer": "চিনের",
            "category": "ORG",
            "title": "কৃত্রিম উপগ্রহভিত্তিক দিকনির্ণয়",
            "options": [
                "USNO",
                "ISRO",
                "চিনের",
                "চিন"
            ]
        }
    ]
}