path	translation	split
common_voice_zh-CN_18536372.mp3	For derivatives of higher order, we can use the same process.	train
common_voice_zh-CN_18536373.mp3	An inverted nipple is a condition where the nipple, instead of pointing outward, is retracted into the breast.	train
common_voice_zh-CN_18995710.mp3	Officials in Ming Dynasty.	dev
common_voice_zh-CN_18995711.mp3	He has been teaching in Columbia University.	dev
common_voice_zh-CN_18646658.mp3	Progressive dryness samples, including dryness in mouth, eyes and vagina.	test
common_voice_zh-CN_18776118.mp3	In the thirty eighth year of Jiaqing, won the second place of Jinshi at the third round.	test
