{"data": [{"paragraphs": [{"context": "The Panthers defense gave up just 308 points, ranking sixth in the league, while also leading the NFL in interceptions with 24 and boasting four Pro Bowl selections. Pro Bowl defensive tackle Kawann Short led the team in sacks with 11, while also forcing three fumbles and recovering two. Fellow lineman Mario Addison added 6\u00bd sacks. The Panthers line also featured veteran defensive end Jared Allen, a 5-time pro bowler who was the NFL's active career sack leader with 136, along with defensive end Kony Ealy, who had 5 sacks in just 9 starts. Behind them, two of the Panthers three starting linebackers were also selected to play in the Pro Bowl: Thomas Davis and Luke Kuechly. Davis compiled 5\u00bd sacks, four forced fumbles, and four interceptions, while Kuechly led the team in tackles (118) forced two fumbles, and intercepted four passes of his own. Carolina's secondary featured Pro Bowl safety Kurt Coleman, who led the team with a career high seven interceptions, while also racking up 88 tackles and Pro Bowl cornerback Josh Norman, who developed into a shutdown corner during the season and had four interceptions, two of which were returned for touchdowns.", "qas": [{"answers": [{"answer_start": 34, "text": "308"}], "id": "56beb4343aeaaa14008c925b", "question": "How many points did the Panthers defense surrender?"}, {"answers": [{"answer_start": 470, "text": "136"}], "id": "56beb4343aeaaa14008c925c", "question": "How many career sacks did Jared Allen have?"}, {"answers": [{"answer_start": 789, "text": "118"}], "id": "56beb4343aeaaa14008c925d", "question": "How many tackles did Luke Kuechly register?"}, {"answers": [{"answer_start": 140, "text": "four"}], "id": "56beb4343aeaaa14008c925e", "question": "How many balls did Josh Norman intercept?"}, {"answers": [{"answer_start": 192, "text": "Kawann Short"}], "id": "56beb4343aeaaa14008c925f", "question": "Who registered the most sacks on the team this season?"}, {"answers": [{"answer_start": 124, "text": "24"}], "id": "56d6f3500d65d21400198290", "question": "How many interceptions are the Panthers defense credited with in 2015?"}, {"answers": [{"answer_start": 192, "text": "Kawann Short"}], "id": "56d6f3500d65d21400198291", "question": "Who led the Panthers in sacks?"}, {"answers": [{"answer_start": 140, "text": "four"}], "id": "56d6f3500d65d21400198292", "question": "How many Panthers defense players were selected for the Pro Bowl?"}, {"answers": [{"answer_start": 140, "text": "four"}], "id": "56d6f3500d65d21400198293", "question": "How many forced fumbles did Thomas Davis have?"}, {"answers": [{"answer_start": 900, "text": "Kurt Coleman"}], "id": "56d6f3500d65d21400198294", "question": "Which player had the most interceptions for the season?"}, {"answers": [{"answer_start": 124, "text": "24"}], "id": "56d9992fdc89441400fdb59c", "question": "How many 2015 season interceptions did the Panthers' defense get?"}, {"answers": [{"answer_start": 500, "text": "Kony Ealy"}], "id": "56d9992fdc89441400fdb59e", "question": "Who had five sacks in nine games as a Carolina Panthers starter?"}, {"answers": [{"answer_start": 666, "text": "Luke Kuechly."}], "id": "56d9992fdc89441400fdb59f", "question": "Who was the Panthers' tackle leader for 2015?"}, {"answers": [{"answer_start": 284, "text": "two."}], "id": "56d9992fdc89441400fdb5a0", "question": "How many interceptions did Josh Norman score touchdowns with in 2015?"}], "sentence_breaks": [[0, 165], [166, 288], [289, 333], [334, 544], [545, 679], [680, 853], [854, 1166]], "sentences": ["The Panthers defense gave up just 308 points, ranking sixth in the league, while also leading the NFL in interceptions with 24 and boasting four Pro Bowl selections.", "Pro Bowl defensive tackle Kawann Short led the team in sacks with 11, while also forcing three fumbles and recovering two.", "Fellow lineman Mario Addison added 6\u00bd sacks.", "The Panthers line also featured veteran defensive end Jared Allen, a 5-time pro bowler who was the NFL's active career sack leader with 136, along with defensive end Kony Ealy, who had 5 sacks in just 9 starts.", "Behind them, two of the Panthers three starting linebackers were also selected to play in the Pro Bowl: Thomas Davis and Luke Kuechly.", "Davis compiled 5\u00bd sacks, four forced fumbles, and four interceptions, while Kuechly led the team in tackles (118) forced two fumbles, and intercepted four passes of his own.", "Carolina's secondary featured Pro Bowl safety Kurt Coleman, who led the team with a career high seven interceptions, while also racking up 88 tackles and Pro Bowl cornerback Josh Norman, who developed into a shutdown corner during the season and had four interceptions, two of which were returned for touchdowns."]}, {"context": "The Broncos defeated the Pittsburgh Steelers in the divisional round, 23\u201316, by scoring 11 points in the final three minutes of the game. They then beat the defending Super Bowl XLIX champion New England Patriots in the AFC Championship Game, 20\u201318, by intercepting a pass on New England's 2-point conversion attempt with 17 seconds left on the clock. Despite Manning's problems with interceptions during the season, he didn't throw any in their two playoff games.", "qas": [{"answers": [{"answer_start": 25, "text": "Pittsburgh Steelers"}], "id": "56beb7953aeaaa14008c92ab", "question": "Who lost to the Broncos in the divisional round?"}, {"answers": [{"answer_start": 88, "text": "11"}], "id": "56beb7953aeaaa14008c92ac", "question": "How many points did the Broncos score in the last three minutes of the game versus Pittsburgh?"}, {"answers": [{"answer_start": 192, "text": "New England Patriots"}], "id": "56beb7953aeaaa14008c92ad", "question": "Who won Super Bowl XLIX?"}, {"answers": [{"answer_start": 243, "text": "20\u201318"}], "id": "56beb7953aeaaa14008c92ae", "question": "What was the final score of the AFC Championship Game?"}, {"answers": [{"answer_start": 322, "text": "17 seconds"}], "id": "56beb7953aeaaa14008c92af", "question": "How much time remained on the clock when the Broncos made the interception that clinched the AFC Championship Game?"}, {"answers": [{"answer_start": 4, "text": "Broncos"}], "id": "56bf36b93aeaaa14008c9561", "question": "What team was the divisional round winner between the Broncos and Steelers?"}, {"answers": [{"answer_start": 70, "text": "23\u201316"}], "id": "56bf36b93aeaaa14008c9562", "question": "What was the final score of the game between the Broncos and Steelers?"}, {"answers": [{"answer_start": 192, "text": "New England Patriots"}], "id": "56bf36b93aeaaa14008c9563", "question": "Who won Super Bowl XLIX?"}, {"answers": [{"answer_start": 322, "text": "17"}], "id": "56bf36b93aeaaa14008c9564", "question": "How many seconds were left in the game when the Broncos intercepted the pass that won the game?"}, {"answers": [{"answer_start": 360, "text": "Manning"}], "id": "56bf36b93aeaaa14008c9565", "question": "During the Bronco's playoff games, who did not throw at all?"}, {"answers": [{"answer_start": 25, "text": "Pittsburgh Steelers"}], "id": "56d7018a0d65d214001982c2", "question": "Who did the Broncos beat in the divisional game?"}, {"answers": [{"answer_start": 88, "text": "11"}], "id": "56d7018a0d65d214001982c3", "question": "How many points did the Broncos score in the final three minutes of the Pittsburgh game?"}, {"answers": [{"answer_start": 192, "text": "New England Patriots"}], "id": "56d7018a0d65d214001982c5", "question": "Who did the Broncos defeat in the AFC Championship game?"}, {"answers": [{"answer_start": 25, "text": "Pittsburgh Steelers"}], "id": "56d99f99dc89441400fdb628", "question": "Who did the Broncos beat to win their division in 2015?"}, {"answers": [{"answer_start": 192, "text": "New England Patriots"}], "id": "56d99f99dc89441400fdb629", "question": "Who did the Broncos beat tp become the AFC champions?"}, {"answers": [{"answer_start": 322, "text": "17"}], "id": "56d99f99dc89441400fdb62c", "question": "How many seconds were left in the game when the Patriots failed their 2-point conversion?"}], "sentence_breaks": [[0, 137], [138, 351], [352, 464]], "sentences": ["The Broncos defeated the Pittsburgh Steelers in the divisional round, 23\u201316, by scoring 11 points in the final three minutes of the game.", "They then beat the defending Super Bowl XLIX champion New England Patriots in the AFC Championship Game, 20\u201318, by intercepting a pass on New England's 2-point conversion attempt with 17 seconds left on the clock.", "Despite Manning's problems with interceptions during the season, he didn't throw any in their two playoff games."]}, {"context": "Peyton Manning became the first quarterback ever to lead two different teams to multiple Super Bowls. He is also the oldest quarterback ever to play in a Super Bowl at age 39. The past record was held by John Elway, who led the Broncos to victory in Super Bowl XXXIII at age 38 and is currently Denver's Executive Vice President of Football Operations and General Manager.", "qas": [{"answers": [{"answer_start": 172, "text": "39"}], "id": "56beb86b3aeaaa14008c92bd", "question": "How old was Peyton Manning when he played in Super Bowl 50?"}, {"answers": [{"answer_start": 204, "text": "John Elway"}], "id": "56beb86b3aeaaa14008c92be", "question": "Who previously held the record for being the oldest quarterback to play in a Super Bowl?"}, {"answers": [{"answer_start": 275, "text": "38"}], "id": "56beb86b3aeaaa14008c92bf", "question": "How old was John Elway when he played in Super Bowl XXXIII?"}, {"answers": [{"answer_start": 304, "text": "Executive Vice President of Football Operations and General Manager"}], "id": "56beb86b3aeaaa14008c92c0", "question": "What role does John Elway currently have in the Broncos franchise?"}, {"answers": [{"answer_start": 228, "text": "Broncos"}], "id": "56beb86b3aeaaa14008c92c1", "question": "Who did John Elway play for in Super Bowl XXXIII?"}, {"answers": [{"answer_start": 228, "text": "Broncos"}], "id": "56bf3fd53aeaaa14008c9591", "question": "What team was the winner of Super Bowl XXXIII?"}, {"answers": [{"answer_start": 204, "text": "John Elway"}], "id": "56bf3fd53aeaaa14008c9592", "question": "Who is the General Manager for the Broncos?"}, {"answers": [{"answer_start": 275, "text": "38"}], "id": "56bf3fd53aeaaa14008c9593", "question": "How old was Elway during his Super Bowl XXXIII win?"}, {"answers": [{"answer_start": 0, "text": "Peyton Manning"}], "id": "56bf3fd53aeaaa14008c9594", "question": "Who has the record of being the oldest quarter back in any Super Bowl game?"}, {"answers": [{"answer_start": 57, "text": "two"}], "id": "56bf3fd53aeaaa14008c9595", "question": "How many teams has Manning played for that reached the Super Bowl, while he was on their team?"}, {"answers": [{"answer_start": 57, "text": "two"}], "id": "56d704430d65d214001982de", "question": "Peyton Manning took how many different teams to the Super Bowl?"}, {"answers": [{"answer_start": 0, "text": "Peyton Manning"}], "id": "56d704430d65d214001982e0", "question": "Who is the oldest quarterback to play in a Super Bowl?"}, {"answers": [{"answer_start": 204, "text": "John Elway"}], "id": "56d704430d65d214001982e1", "question": "Prior to Manning, who was the oldest quarterback to play in a Super Bowl?"}, {"answers": [{"answer_start": 250, "text": "Super Bowl XXXIII"}], "id": "56d704430d65d214001982e2", "question": "Which Super Bowl did Elway win at 38 years old?"}, {"answers": [{"answer_start": 0, "text": "Peyton Manning"}], "id": "56d9a0eadc89441400fdb63e", "question": "Who was the first quarterback to take two teams to more than one Super Bowl?"}, {"answers": [{"answer_start": 172, "text": "39"}], "id": "56d9a0eadc89441400fdb63f", "question": "How old was Manning when he played Super Bowl 50?"}, {"answers": [{"answer_start": 204, "text": "John Elway"}], "id": "56d9a0eadc89441400fdb640", "question": "What is the name of the quarterback who was 38 in Super Bowl XXXIII?"}], "sentence_breaks": [[0, 101], [102, 175], [176, 372]], "sentences": ["Peyton Manning became the first quarterback ever to lead two different teams to multiple Super Bowls.", "He is also the oldest quarterback ever to play in a Super Bowl at age 39.", "The past record was held by John Elway, who led the Broncos to victory in Super Bowl XXXIII at age 38 and is currently Denver's Executive Vice President of Football Operations and General Manager."]}, {"context": "Six-time Grammy winner and Academy Award nominee Lady Gaga performed the national anthem, while Academy Award winner Marlee Matlin provided American Sign Language (ASL) translation.", "qas": [{"answers": [{"answer_start": 0, "text": "Six"}], "id": "56bec6ac3aeaaa14008c93fd", "question": "How many Grammys has Lady Gaga won?"}, {"answers": [{"answer_start": 69, "text": "the national anthem"}], "id": "56bec6ac3aeaaa14008c93fe", "question": "What did Lady Gaga sing?"}, {"answers": [{"answer_start": 27, "text": "Academy Award"}], "id": "56bec6ac3aeaaa14008c93ff", "question": "What award has Marlee Matlin won?"}, {"answers": [{"answer_start": 69, "text": "the national anthem"}], "id": "56bec6ac3aeaaa14008c9400", "question": "What did Marlee Matlin translate?"}, {"answers": [{"answer_start": 140, "text": "American Sign Language"}], "id": "56bec6ac3aeaaa14008c9401", "question": "Into what language did Marlee Matlin translate the national anthem?"}, {"answers": [{"answer_start": 49, "text": "Lady Gaga"}], "id": "56d20650e7d4791d00902614", "question": "Who sang the national anthem?"}, {"answers": [{"answer_start": 117, "text": "Marlee Matlin"}], "id": "56d20650e7d4791d00902615", "question": "What actress did the ASL translation for the game?"}, {"answers": [{"answer_start": 49, "text": "Lady Gaga"}], "id": "56d7253b0d65d214001983d4", "question": "Who did the National Anthem at Super Bowl 50?"}, {"answers": [{"answer_start": 117, "text": "Marlee Matlin"}], "id": "56d7253b0d65d214001983d5", "question": "What actor did sign language for the National Anthem at Superbowl 50?"}, {"answers": [{"answer_start": 49, "text": "Lady Gaga"}], "id": "56d9c455dc89441400fdb7c4", "question": "Who did the Super Bowl 50 National Anthem?"}, {"answers": [{"answer_start": 0, "text": "Six"}], "id": "56d9c455dc89441400fdb7c5", "question": "How many Grammy Award's does the text say Lady Gaga has won?"}, {"answers": [{"answer_start": 117, "text": "Marlee Matlin"}], "id": "56d9c455dc89441400fdb7c6", "question": "Who did the sign language of the National Anthem at Super Bowl 50?"}], "sentence_breaks": [[0, 181]], "sentences": ["Six-time Grammy winner and Academy Award nominee Lady Gaga performed the national anthem, while Academy Award winner Marlee Matlin provided American Sign Language (ASL) translation."]}, {"context": "With 4:51 left in regulation, Carolina got the ball on their own 24-yard line with a chance to mount a game-winning drive, and soon faced 3rd-and-9. On the next play, Miller stripped the ball away from Newton, and after several players dove for it, it took a long bounce backwards and was recovered by Ward, who returned it five yards to the Panthers 4-yard line. Although several players dove into the pile to attempt to recover it, Newton did not and his lack of aggression later earned him heavy criticism. Meanwhile, Denver's offense was kept out of the end zone for three plays, but a holding penalty on cornerback Josh Norman gave the Broncos a new set of downs. Then Anderson scored on a 2-yard touchdown run and Manning completed a pass to Bennie Fowler for a 2-point conversion, giving Denver a 24\u201310 lead with 3:08 left and essentially putting the game away. Carolina had two more drives, but failed to get a first down on each one.", "qas": [{"answers": [{"answer_start": 65, "text": "24"}], "id": "56beca913aeaaa14008c946d", "question": "On what yard line did Carolina begin with 4:51 left in the game?"}, {"answers": [{"answer_start": 202, "text": "Newton"}], "id": "56beca913aeaaa14008c946e", "question": "Who fumbled the ball on 3rd-and-9?"}, {"answers": [{"answer_start": 620, "text": "Josh Norman"}], "id": "56beca913aeaaa14008c946f", "question": "What Panther defender was called for holding on third down?"}, {"answers": [{"answer_start": 674, "text": "Anderson"}], "id": "56beca913aeaaa14008c9470", "question": "What player punched the ball in from the 2?"}, {"answers": [{"answer_start": 748, "text": "Bennie Fowler"}], "id": "56beca913aeaaa14008c9471", "question": "Who was the receiver on the successful 2-point conversion?"}, {"answers": [{"answer_start": 167, "text": "Miller"}], "id": "56d726b60d65d214001983ea", "question": "Who stripped the ball from Newton on a 3rd and nine?"}, {"answers": [{"answer_start": 302, "text": "Ward"}], "id": "56d726b60d65d214001983eb", "question": "Who recovered the strip ball?"}, {"answers": [{"answer_start": 202, "text": "Newton"}], "id": "56d726b60d65d214001983ec", "question": "Which player was criticized for not jumping into the pile to recover the ball?"}, {"answers": [{"answer_start": 620, "text": "Josh Norman"}], "id": "56d726b60d65d214001983ed", "question": "Which Panthers player got a penalty, which gave the Broncos a new set of downs?"}, {"answers": [{"answer_start": 820, "text": "3:08"}], "id": "56d726b60d65d214001983ee", "question": "How much time was left in the game when Denver took the score to 24-10?"}, {"answers": [{"answer_start": 5, "text": "4:51"}], "id": "56d9cb47dc89441400fdb832", "question": "What was the time on the clock when Carolina got the ball to their 24-yard line in the fourth quarter?"}, {"answers": [{"answer_start": 167, "text": "Miller"}], "id": "56d9cb47dc89441400fdb833", "question": "What was the last name of the player who took the ball away from Newton late in the fourth quarter?"}, {"answers": [{"answer_start": 302, "text": "Ward"}], "id": "56d9cb47dc89441400fdb834", "question": "What is the last name of the player who finally recovered the ball Newton lost in the fourth quarter?"}, {"answers": [{"answer_start": 571, "text": "three"}], "id": "56d9cb47dc89441400fdb835", "question": "How many plays was Denver kept out of the end zone after getting the ball from Newton?"}, {"answers": [{"answer_start": 674, "text": "Anderson"}], "id": "56d9cb47dc89441400fdb836", "question": "What is the last name of the player who scored a 2-yard touchdown in the fourth quarter?"}], "sentence_breaks": [[0, 148], [149, 363], [364, 509], [510, 668], [669, 868], [869, 942]], "sentences": ["With 4:51 left in regulation, Carolina got the ball on their own 24-yard line with a chance to mount a game-winning drive, and soon faced 3rd-and-9.", "On the next play, Miller stripped the ball away from Newton, and after several players dove for it, it took a long bounce backwards and was recovered by Ward, who returned it five yards to the Panthers 4-yard line.", "Although several players dove into the pile to attempt to recover it, Newton did not and his lack of aggression later earned him heavy criticism.", "Meanwhile, Denver's offense was kept out of the end zone for three plays, but a holding penalty on cornerback Josh Norman gave the Broncos a new set of downs.", "Then Anderson scored on a 2-yard touchdown run and Manning completed a pass to Bennie Fowler for a 2-point conversion, giving Denver a 24\u201310 lead with 3:08 left and essentially putting the game away.", "Carolina had two more drives, but failed to get a first down on each one."]}], "title": "Super_Bowl_50"}, {"paragraphs": [{"context": "Nearby, in Ogr\u00f3d Saski (the Saxon Garden), the Summer Theatre was in operation from 1870 to 1939, and in the inter-war period, the theatre complex also included Momus, Warsaw's first literary cabaret, and Leon Schiller's musical theatre Melodram. The Wojciech Bogus\u0142awski Theatre (1922\u201326), was the best example of \"Polish monumental theatre\". From the mid-1930s, the Great Theatre building housed the Upati Institute of Dramatic Arts \u2013 the first state-run academy of dramatic art, with an acting department and a stage directing department.", "qas": [{"answers": [{"answer_start": 11, "text": "Ogr\u00f3d Saski"}], "id": "57339c16d058e614000b5ec5", "question": "What is the Saxon Garden in Polish?"}, {"answers": [{"answer_start": 28, "text": "Saxon Garden"}], "id": "57339c16d058e614000b5ec6", "question": "Where was the Summer Theatre located?"}, {"answers": [{"answer_start": 84, "text": "1870 to 1939"}], "id": "57339c16d058e614000b5ec7", "question": "How long was the Summer Theatre in operation?"}, {"answers": [{"answer_start": 161, "text": "Momus"}], "id": "57339c16d058e614000b5ec8", "question": "What was Warsaw's first literary cabaret?"}, {"answers": [{"answer_start": 251, "text": "Wojciech Bogus\u0142awski Theatre"}], "id": "57339c16d058e614000b5ec9", "question": "What theatre was the best example of \"Polish monumental theatre\"?"}], "sentence_breaks": [[0, 246], [247, 343], [344, 541]], "sentences": ["Nearby, in Ogr\u00f3d Saski (the Saxon Garden), the Summer Theatre was in operation from 1870 to 1939, and in the inter-war period, the theatre complex also included Momus, Warsaw's first literary cabaret, and Leon Schiller's musical theatre Melodram.", "The Wojciech Bogus\u0142awski Theatre (1922\u201326), was the best example of \"Polish monumental theatre\".", "From the mid-1930s, the Great Theatre building housed the Upati Institute of Dramatic Arts \u2013 the first state-run academy of dramatic art, with an acting department and a stage directing department."]}, {"context": "Their local rivals, Polonia Warsaw, have significantly fewer supporters, yet they managed to win Ekstraklasa Championship in 2000. They also won the country\u2019s championship in 1946, and won the cup twice as well. Polonia's home venue is located at Konwiktorska Street, a ten-minute walk north from the Old Town. Polonia was relegated from the country's top flight in 2013 because of their disastrous financial situation. They are now playing in the 4th league (5th tier in Poland) -the bottom professional league in the National \u2013 Polish Football Association (PZPN) structure.", "qas": [{"answers": [{"answer_start": 20, "text": "Polonia Warsaw"}], "id": "5733a32bd058e614000b5f32", "question": "Who won the Ekstraklasa Championship in 2000?"}, {"answers": [{"answer_start": 175, "text": "1946"}], "id": "5733a32bd058e614000b5f33", "question": "When did Polonia Warsaw win the country's championship prior to 2000?"}, {"answers": [{"answer_start": 197, "text": "twice"}], "id": "5733a32bd058e614000b5f34", "question": "How many times has Polonia won the cup?"}, {"answers": [{"answer_start": 247, "text": "Konwiktorska Street"}], "id": "5733a32bd058e614000b5f35", "question": "Where is Polonia's home venue located?"}, {"answers": [{"answer_start": 388, "text": "disastrous financial situation"}], "id": "5733a32bd058e614000b5f36", "question": "Why was Polonia relegated from the country's top flight in 2013?"}], "sentence_breaks": [[0, 130], [131, 211], [212, 310], [311, 419], [420, 575]], "sentences": ["Their local rivals, Polonia Warsaw, have significantly fewer supporters, yet they managed to win Ekstraklasa Championship in 2000.", "They also won the country\u2019s championship in 1946, and won the cup twice as well.", "Polonia's home venue is located at Konwiktorska Street, a ten-minute walk north from the Old Town.", "Polonia was relegated from the country's top flight in 2013 because of their disastrous financial situation.", "They are now playing in the 4th league (5th tier in Poland) -the bottom professional league in the National \u2013 Polish Football Association (PZPN) structure."]}, {"context": "Throughout its existence, Warsaw has been a multi-cultural city. According to the 1901 census, out of 711,988 inhabitants 56.2% were Catholics, 35.7% Jews, 5% Greek orthodox Christians and 2.8% Protestants. Eight years later, in 1909, there were 281,754 Jews (36.9%), 18,189 Protestants (2.4%) and 2,818 Mariavites (0.4%). This led to construction of hundreds of places of religious worship in all parts of the town. Most of them were destroyed in the aftermath of the Warsaw Uprising of 1944. After the war, the new communist authorities of Poland discouraged church construction and only a small number were rebuilt.", "qas": [{"answers": [{"answer_start": 44, "text": "multi-cultural"}], "id": "57338007d058e614000b5bda", "question": "What type of city has Warsaw been for as long as it's been a city?"}, {"answers": [{"answer_start": 102, "text": "711,988"}], "id": "57338007d058e614000b5bdb", "question": "What was Warsaw's population in 1901?"}, {"answers": [{"answer_start": 122, "text": "56.2%"}], "id": "57338007d058e614000b5bdc", "question": "Of Warsaw's inhabitants in 1901, what percentage was Catholic?"}, {"answers": [{"answer_start": 189, "text": "2.8%"}], "id": "57338007d058e614000b5bdd", "question": "What percentage of Warsaw's population was Protestant in 1901?"}, {"answers": [{"answer_start": 488, "text": "1944"}], "id": "57338007d058e614000b5bde", "question": "When were most of the places of religious worship destroyed in Warsaw?"}], "sentence_breaks": [[0, 64], [65, 206], [207, 322], [323, 416], [417, 493], [494, 618]], "sentences": ["Throughout its existence, Warsaw has been a multi-cultural city.", "According to the 1901 census, out of 711,988 inhabitants 56.2% were Catholics, 35.7% Jews, 5% Greek orthodox Christians and 2.8% Protestants.", "Eight years later, in 1909, there were 281,754 Jews (36.9%), 18,189 Protestants (2.4%) and 2,818 Mariavites (0.4%).", "This led to construction of hundreds of places of religious worship in all parts of the town.", "Most of them were destroyed in the aftermath of the Warsaw Uprising of 1944.", "After the war, the new communist authorities of Poland discouraged church construction and only a small number were rebuilt."]}, {"context": "The basic unit of territorial division in Poland is a commune (gmina). A city is also a commune \u2013 but with the city charter. Both cities and communes are governed by a mayor \u2013 but in the communes the mayor is vogt (w\u00f3jt in Polish), however in the cities \u2013 burmistrz. Some bigger cities obtain the entitlements, i.e. tasks and privileges, which are possessed by the units of the second level of the territorial division \u2013 counties or powiats. An example of such entitlement is a car registration: a gmina cannot register cars, this is a powiat's task (i.e. a registration number depends on what powiat a car had been registered, not gmina). In this case we say about city county or powiat grodzki. Such cities are for example Lublin, Krak\u00f3w, Gda\u0144sk, Pozna\u0144. In Warsaw, its districts additionally have some of powiat's entitlements \u2013 like already mentioned car registration. For example, the district Wola has its own evidence and the district Ursyn\u00f3w \u2013 its own (and the cars from Wola have another type of registration number than these from Ursyn\u00f3w). But for instance the districts in Krak\u00f3w do not have entitlements of powiat, so the registration numbers in Krak\u00f3w are of the same type for all districts.", "qas": [{"answers": [{"answer_start": 54, "text": "commune"}], "id": "573380e0d058e614000b5be9", "question": "What is the basic unit of territorial division in Poland?"}, {"answers": [{"answer_start": 421, "text": "counties or powiats"}], "id": "573380e0d058e614000b5bea", "question": "What is the second level of territorial division in Poland?"}, {"answers": [{"answer_start": 1085, "text": "Krak\u00f3w"}], "id": "573380e0d058e614000b5beb", "question": "In what districts are the registration numbers for cars all of the same type?"}], "sentence_breaks": [[0, 70], [71, 124], [125, 266], [267, 441], [442, 639], [640, 696], [697, 756], [757, 872], [873, 1050], [1051, 1205]], "sentences": ["The basic unit of territorial division in Poland is a commune (gmina).", "A city is also a commune \u2013 but with the city charter.", "Both cities and communes are governed by a mayor \u2013 but in the communes the mayor is vogt (w\u00f3jt in Polish), however in the cities \u2013 burmistrz.", "Some bigger cities obtain the entitlements, i.e. tasks and privileges, which are possessed by the units of the second level of the territorial division \u2013 counties or powiats.", "An example of such entitlement is a car registration: a gmina cannot register cars, this is a powiat's task (i.e. a registration number depends on what powiat a car had been registered, not gmina).", "In this case we say about city county or powiat grodzki.", "Such cities are for example Lublin, Krak\u00f3w, Gda\u0144sk, Pozna\u0144.", "In Warsaw, its districts additionally have some of powiat's entitlements \u2013 like already mentioned car registration.", "For example, the district Wola has its own evidence and the district Ursyn\u00f3w \u2013 its own (and the cars from Wola have another type of registration number than these from Ursyn\u00f3w).", "But for instance the districts in Krak\u00f3w do not have entitlements of powiat, so the registration numbers in Krak\u00f3w are of the same type for all districts."]}, {"context": "Warsaw's first stock exchange was established in 1817 and continued trading until World War II. It was re-established in April 1991, following the end of the post-war communist control of the country and the reintroduction of a free-market economy. Today, the Warsaw Stock Exchange (WSE) is, according to many indicators, the largest market in the region, with 374 companies listed and total capitalization of 162 584 mln EUR as of 31 August 2009. From 1991 until 2000, the stock exchange was, ironically, located in the building previously used as the headquarters of the Polish United Workers' Party (PZPR).", "qas": [{"answers": [{"answer_start": 49, "text": "1817"}], "id": "5733834ed058e614000b5c26", "question": "When was Warsaw's first stock exchange established?"}, {"answers": [{"answer_start": 82, "text": "World War II"}], "id": "5733834ed058e614000b5c27", "question": "What brought Warsaw's stock exchange to a stop?"}, {"answers": [{"answer_start": 121, "text": "April 1991"}], "id": "5733834ed058e614000b5c28", "question": "When was Warsaw's stock exchange brought back to life?"}, {"answers": [{"answer_start": 361, "text": "374"}], "id": "5733834ed058e614000b5c29", "question": "How many companies were listed on the WSE on August 2009?"}, {"answers": [{"answer_start": 573, "text": "Polish United Workers' Party"}], "id": "5733834ed058e614000b5c2a", "question": "Whose former headquarters was the WSE located in until 2000?"}], "sentence_breaks": [[0, 95], [96, 248], [249, 447], [448, 609]], "sentences": ["Warsaw's first stock exchange was established in 1817 and continued trading until World War II.", "It was re-established in April 1991, following the end of the post-war communist control of the country and the reintroduction of a free-market economy.", "Today, the Warsaw Stock Exchange (WSE) is, according to many indicators, the largest market in the region, with 374 companies listed and total capitalization of 162 584 mln EUR as of 31 August 2009.", "From 1991 until 2000, the stock exchange was, ironically, located in the building previously used as the headquarters of the Polish United Workers' Party (PZPR)."]}], "title": "Warsaw"}, {"paragraphs": [{"context": "Before Rollo's arrival, its populations did not differ from Picardy or the \u00cele-de-France, which were considered \"Frankish\". Earlier Viking settlers had begun arriving in the 880s, but were divided between colonies in the east (Roumois and Pays de Caux) around the low Seine valley and in the west in the Cotentin Peninsula, and were separated by traditional pagii, where the population remained about the same with almost no foreign settlers. Rollo's contingents who raided and ultimately settled Normandy and parts of the Atlantic coast included Danes, Norwegians, Norse\u2013Gaels, Orkney Vikings, possibly Swedes, and Anglo-Danes from the English Danelaw under Norse control.", "qas": [{"answers": [{"answer_start": 7, "text": "Rollo"}], "id": "56dde1d966d3e219004dad8d", "question": "Who upon arriving gave the original viking settlers a common identity?"}], "sentence_breaks": [[0, 123], [124, 442], [443, 673]], "sentences": ["Before Rollo's arrival, its populations did not differ from Picardy or the \u00cele-de-France, which were considered \"Frankish\".", "Earlier Viking settlers had begun arriving in the 880s, but were divided between colonies in the east (Roumois and Pays de Caux) around the low Seine valley and in the west in the Cotentin Peninsula, and were separated by traditional pagii, where the population remained about the same with almost no foreign settlers.", "Rollo's contingents who raided and ultimately settled Normandy and parts of the Atlantic coast included Danes, Norwegians, Norse\u2013Gaels, Orkney Vikings, possibly Swedes, and Anglo-Danes from the English Danelaw under Norse control."]}, {"context": "The two most prominent Norman families to arrive in the Mediterranean were descendants of Tancred of Hauteville and the Drengot family, of whom Rainulf Drengot received the county of Aversa, the first Norman toehold in the south, from Duke Sergius IV of Naples in 1030. The Hauteville family achieved princely rank by proclaiming prince Guaimar IV of Salerno \"Duke of Apulia and Calabria\". He promptly awarded their elected leader, William Iron Arm, with the title of count in his capital of Melfi. The Drengot family thereafter attained the principality of Capua, and emperor Henry III legally ennobled the Hauteville leader, Drogo, as \"dux et magister Italiae comesque Normannorum totius Apuliae et Calabriae\" (\"Duke and Master of Italy and Count of the Normans of all Apulia and Calabria\") in 1047.", "qas": [{"answers": [{"answer_start": 627, "text": "Drogo"}], "id": "56de0daecffd8e1900b4b595", "question": "What was the name of the leader ennobled by Henry III"}, {"answers": [{"answer_start": 432, "text": "William Iron Arm"}], "id": "56de0daecffd8e1900b4b596", "question": "Who was Count of Melfi"}], "sentence_breaks": [[0, 269], [270, 389], [390, 498], [499, 801]], "sentences": ["The two most prominent Norman families to arrive in the Mediterranean were descendants of Tancred of Hauteville and the Drengot family, of whom Rainulf Drengot received the county of Aversa, the first Norman toehold in the south, from Duke Sergius IV of Naples in 1030.", "The Hauteville family achieved princely rank by proclaiming prince Guaimar IV of Salerno \"Duke of Apulia and Calabria\".", "He promptly awarded their elected leader, William Iron Arm, with the title of count in his capital of Melfi.", "The Drengot family thereafter attained the principality of Capua, and emperor Henry III legally ennobled the Hauteville leader, Drogo, as \"dux et magister Italiae comesque Normannorum totius Apuliae et Calabriae\" (\"Duke and Master of Italy and Count of the Normans of all Apulia and Calabria\") in 1047."]}, {"context": "Soon after the Normans began to enter Italy, they entered the Byzantine Empire and then Armenia, fighting against the Pechenegs, the Bulgars, and especially the Seljuk Turks. Norman mercenaries were first encouraged to come to the south by the Lombards to act against the Byzantines, but they soon fought in Byzantine service in Sicily. They were prominent alongside Varangian and Lombard contingents in the Sicilian campaign of George Maniaces in 1038\u201340. There is debate whether the Normans in Greek service actually were from Norman Italy, and it now seems likely only a few came from there. It is also unknown how many of the \"Franks\", as the Byzantines called them, were Normans and not other Frenchmen.", "qas": [{"answers": [{"answer_start": 161, "text": "Seljuk Turks"}], "id": "56de0f6a4396321400ee257f", "question": "Who was the Normans' main enemy in Italy, the Byzantine Empire and Armenia?"}], "sentence_breaks": [[0, 174], [175, 336], [337, 456], [457, 594], [595, 708]], "sentences": ["Soon after the Normans began to enter Italy, they entered the Byzantine Empire and then Armenia, fighting against the Pechenegs, the Bulgars, and especially the Seljuk Turks.", "Norman mercenaries were first encouraged to come to the south by the Lombards to act against the Byzantines, but they soon fought in Byzantine service in Sicily.", "They were prominent alongside Varangian and Lombard contingents in the Sicilian campaign of George Maniaces in 1038\u201340.", "There is debate whether the Normans in Greek service actually were from Norman Italy, and it now seems likely only a few came from there.", "It is also unknown how many of the \"Franks\", as the Byzantines called them, were Normans and not other Frenchmen."]}, {"context": "Some Normans joined Turkish forces to aid in the destruction of the Armenians vassal-states of Sassoun and Taron in far eastern Anatolia. Later, many took up service with the Armenian state further south in Cilicia and the Taurus Mountains. A Norman named Oursel led a force of \"Franks\" into the upper Euphrates valley in northern Syria. From 1073 to 1074, 8,000 of the 20,000 troops of the Armenian general Philaretus Brachamius were Normans\u2014formerly of Oursel\u2014led by Raimbaud. They even lent their ethnicity to the name of their castle: Afranji, meaning \"Franks.\" The known trade between Amalfi and Antioch and between Bari and Tarsus may be related to the presence of Italo-Normans in those cities while Amalfi and Bari were under Norman rule in Italy.", "qas": [{"answers": [{"answer_start": 539, "text": "Afranji"}], "id": "56de10b44396321400ee2593", "question": "What was the name of the Norman castle?"}, {"answers": [{"answer_start": 256, "text": "Oursel"}], "id": "56de10b44396321400ee2594", "question": "Who was the leader when the Franks entered the Euphrates valley?"}, {"answers": [{"answer_start": 20, "text": "Turkish forces"}], "id": "56de10b44396321400ee2595", "question": "Who did the Normans team up with in Anatolia?"}], "sentence_breaks": [[0, 137], [138, 240], [241, 337], [338, 478], [479, 565], [566, 755]], "sentences": ["Some Normans joined Turkish forces to aid in the destruction of the Armenians vassal-states of Sassoun and Taron in far eastern Anatolia.", "Later, many took up service with the Armenian state further south in Cilicia and the Taurus Mountains.", "A Norman named Oursel led a force of \"Franks\" into the upper Euphrates valley in northern Syria.", "From 1073 to 1074, 8,000 of the 20,000 troops of the Armenian general Philaretus Brachamius were Normans\u2014formerly of Oursel\u2014led by Raimbaud.", "They even lent their ethnicity to the name of their castle: Afranji, meaning \"Franks.\"", "The known trade between Amalfi and Antioch and between Bari and Tarsus may be related to the presence of Italo-Normans in those cities while Amalfi and Bari were under Norman rule in Italy."]}, {"context": "Between 1402 and 1405, the expedition led by the Norman noble Jean de Bethencourt and the Poitevine Gadifer de la Salle conquered the Canarian islands of Lanzarote, Fuerteventura and El Hierro off the Atlantic coast of Africa. Their troops were gathered in Normandy, Gascony and were later reinforced by Castilian colonists.", "qas": [{"answers": [{"answer_start": 219, "text": "Africa"}], "id": "56de49564396321400ee277a", "question": "What continent are the Canarian Islands off the coast of?"}], "sentence_breaks": [[0, 226], [227, 324]], "sentences": ["Between 1402 and 1405, the expedition led by the Norman noble Jean de Bethencourt and the Poitevine Gadifer de la Salle conquered the Canarian islands of Lanzarote, Fuerteventura and El Hierro off the Atlantic coast of Africa.", "Their troops were gathered in Normandy, Gascony and were later reinforced by Castilian colonists."]}], "title": "Normans"}, {"paragraphs": [{"context": "Tesla was renowned for his achievements and showmanship, eventually earning him a reputation in popular culture as an archetypal \"mad scientist\". His patents earned him a considerable amount of money, much of which was used to finance his own projects with varying degrees of success.:121,154 He lived most of his life in a series of New York hotels, through his retirement. Tesla died on 7 January 1943. His work fell into relative obscurity after his death, but in 1960 the General Conference on Weights and Measures named the SI unit of magnetic flux density the tesla in his honor. There has been a resurgence in popular interest in Tesla since the 1990s.", "qas": [{"answers": [{"answer_start": 399, "text": "1943"}], "id": "56dfa0d84a1a83140091ebb7", "question": "What year did Tesla die? "}, {"answers": [{"answer_start": 529, "text": "SI unit of magnetic flux density"}], "id": "56dfa0d84a1a83140091ebb8", "question": "What was named \"The Tesla\" in his honor?"}, {"answers": [{"answer_start": 334, "text": "New York hotels"}], "id": "56dfa0d84a1a83140091ebb9", "question": "Where did Tesla live for much of his life?"}, {"answers": [{"answer_start": 130, "text": "mad scientist"}], "id": "56dfa0d84a1a83140091ebba", "question": "What was Tesla's reputation in popular culture?"}, {"answers": [{"answer_start": 146, "text": "His patents"}], "id": "56e0bb9f7aa994140058e6cb", "question": "How did Tesla finance his work?"}, {"answers": [{"answer_start": 399, "text": "1943"}], "id": "56e0bb9f7aa994140058e6cc", "question": "What year did Tesla die?"}, {"answers": [{"answer_start": 529, "text": "SI unit of magnetic flux density"}], "id": "56e0bb9f7aa994140058e6cd", "question": "What did the General Conference on Weights and Measures name after Tesla in 1960?"}, {"answers": [{"answer_start": 653, "text": "1990s"}], "id": "56e0bb9f7aa994140058e6ce", "question": "When did people once again start to show an interest in Tesla?"}, {"answers": [{"answer_start": 44, "text": "showmanship"}], "id": "56e0bb9f7aa994140058e6cf", "question": "Other than his scientific achievements what was Tesla famous for?"}], "sentence_breaks": [[0, 145], [146, 374], [375, 404], [405, 585], [586, 659]], "sentences": ["Tesla was renowned for his achievements and showmanship, eventually earning him a reputation in popular culture as an archetypal \"mad scientist\".", "His patents earned him a considerable amount of money, much of which was used to finance his own projects with varying degrees of success.:121,154 He lived most of his life in a series of New York hotels, through his retirement.", "Tesla died on 7 January 1943.", "His work fell into relative obscurity after his death, but in 1960 the General Conference on Weights and Measures named the SI unit of magnetic flux density the tesla in his honor.", "There has been a resurgence in popular interest in Tesla since the 1990s."]}, {"context": "After leaving Edison's company Tesla partnered with two businessmen in 1886, Robert Lane and Benjamin Vail, who agreed to finance an electric lighting company in Tesla's name, Tesla Electric Light & Manufacturing. The company installed electrical arc light based illumination systems designed by Tesla and also had designs for dynamo electric machine commutators, the first patents issued to Tesla in the US.", "qas": [{"answers": [{"answer_start": 77, "text": "Robert Lane and Benjamin Vail"}], "id": "56dfb5777aa994140058e021", "question": "Who did Tesla partner with in 1886?"}, {"answers": [{"answer_start": 176, "text": "Tesla Electric Light & Manufacturing"}], "id": "56dfb5777aa994140058e022", "question": "What did lane and vail finance?"}, {"answers": [{"answer_start": 226, "text": "installed electrical arc light based illumination systems designed by Tesla"}], "id": "56dfb5777aa994140058e023", "question": "What did Tesla Electric Light & Manufacturing do?"}, {"answers": [{"answer_start": 374, "text": "patents"}], "id": "56dfb5777aa994140058e024", "question": "What did Tesla first receive after starting his company?"}, {"answers": [{"answer_start": 236, "text": "electrical arc light based illumination systems"}], "id": "56dfb5777aa994140058e025", "question": "What was produced at tesla's company? "}, {"answers": [{"answer_start": 77, "text": "Robert Lane and Benjamin Vail"}], "id": "56e0d6cf231d4119001ac420", "question": "What were the names of Tesla's new partners?"}, {"answers": [{"answer_start": 71, "text": "1886"}], "id": "56e0d6cf231d4119001ac421", "question": "When did the partnership between Tesla, Lane and Vail form?"}, {"answers": [{"answer_start": 176, "text": "Tesla Electric Light & Manufacturing"}], "id": "56e0d6cf231d4119001ac422", "question": "What was the name of the company the businessmen financed? "}, {"answers": [{"answer_start": 226, "text": "installed electrical arc light based illumination systems"}], "id": "56e0d6cf231d4119001ac423", "question": "What did Tesla Electric Light & Manufacturing do?"}, {"answers": [{"answer_start": 31, "text": "Tesla"}], "id": "56e0d6cf231d4119001ac424", "question": "Who designed the illumination systems that Tesla Electric Light & Manufacturing installed?"}], "sentence_breaks": [[0, 213], [214, 408]], "sentences": ["After leaving Edison's company Tesla partnered with two businessmen in 1886, Robert Lane and Benjamin Vail, who agreed to finance an electric lighting company in Tesla's name, Tesla Electric Light & Manufacturing.", "The company installed electrical arc light based illumination systems designed by Tesla and also had designs for dynamo electric machine commutators, the first patents issued to Tesla in the US."]}, {"context": "In 1900, Tesla was granted patents for a \"system of transmitting electrical energy\" and \"an electrical transmitter.\" When Guglielmo Marconi made his famous first-ever transatlantic radio transmission in 1901, Tesla quipped that it was done with 17 Tesla patents, though there is little to support this claim. This was the beginning of years of patent battles over radio with Tesla's patents being upheld in 1903, followed by a reverse decision in favor of Marconi in 1904. In 1943, a Supreme Court of the United States decision restored the prior patents of Tesla, Oliver Lodge, and John Stone. The court declared that their decision had no bearing on Marconi's claim as the first to achieve radio transmission, just that since Marconi's claim to certain patents were questionable, he could not claim infringement on those same patents (there are claims the high court was trying to nullify a World War I claim against the U.S. government by the Marconi Company via simply restoring Tesla's prior patent).", "qas": [{"answers": [{"answer_start": 3, "text": "1900"}], "id": "56e0fc3f7aa994140058e877", "question": "When did Tesla attain his electrical transmitter patent?"}, {"answers": [{"answer_start": 122, "text": "Guglielmo Marconi"}], "id": "56e0fc3f7aa994140058e878", "question": "Who first sent radio waves across the Atlantic?"}, {"answers": [{"answer_start": 203, "text": "1901"}], "id": "56e0fc3f7aa994140058e879", "question": "When was Marconi's radio demonstration?"}, {"answers": [{"answer_start": 476, "text": "1943"}], "id": "56e0fc3f7aa994140058e87a", "question": "When were Tesla's patents restored?"}, {"answers": [{"answer_start": 484, "text": "Supreme Court of the United States"}], "id": "56e0fc3f7aa994140058e87b", "question": "A decision made by what entity restored Tesla's patents?"}], "sentence_breaks": [[0, 116], [117, 308], [309, 472], [473, 594], [595, 1005]], "sentences": ["In 1900, Tesla was granted patents for a \"system of transmitting electrical energy\" and \"an electrical transmitter.\"", "When Guglielmo Marconi made his famous first-ever transatlantic radio transmission in 1901, Tesla quipped that it was done with 17 Tesla patents, though there is little to support this claim.", "This was the beginning of years of patent battles over radio with Tesla's patents being upheld in 1903, followed by a reverse decision in favor of Marconi in 1904.", "In 1943, a Supreme Court of the United States decision restored the prior patents of Tesla, Oliver Lodge, and John Stone.", "The court declared that their decision had no bearing on Marconi's claim as the first to achieve radio transmission, just that since Marconi's claim to certain patents were questionable, he could not claim infringement on those same patents (there are claims the high court was trying to nullify a World War I claim against the U.S. government by the Marconi Company via simply restoring Tesla's prior patent)."]}, {"context": "In the years after these rumors, neither Tesla nor Edison won the prize (although Edison did receive one of 38 possible bids in 1915 and Tesla did receive one of 38 possible bids in 1937).", "qas": [{"answers": [{"answer_start": 108, "text": "38"}], "id": "56e10aa5cd28a01900c674b3", "question": "How many possible bids for the prize were there in 1915?"}, {"answers": [{"answer_start": 51, "text": "Edison"}], "id": "56e10aa5cd28a01900c674b4", "question": "Who received a bid in 1915?"}, {"answers": [{"answer_start": 182, "text": "1937"}], "id": "56e10aa5cd28a01900c674b5", "question": "In what year did Tesla receive a Nobel Prize bid?"}], "sentence_breaks": [[0, 188]], "sentences": ["In the years after these rumors, neither Tesla nor Edison won the prize (although Edison did receive one of 38 possible bids in 1915 and Tesla did receive one of 38 possible bids in 1937)."]}, {"context": "However, his religious views remain uncertain due to other statements that he made. For example, in his article, \"A Machine to End War\", published in 1937, Tesla stated:", "qas": [{"answers": [{"answer_start": 113, "text": "\"A Machine to End War\""}], "id": "56e1254ae3433e1400422c66", "question": "What article was published in 1937?"}, {"answers": [{"answer_start": 36, "text": "uncertain"}], "id": "56e1254ae3433e1400422c67", "question": "Because of certain statements what was the believed state of his religious views?"}, {"answers": [{"answer_start": 131, "text": "War"}], "id": "56e1254ae3433e1400422c68", "question": "In the article's title, what did the machine hope to end?"}], "sentence_breaks": [[0, 83], [84, 169]], "sentences": ["However, his religious views remain uncertain due to other statements that he made.", "For example, in his article, \"A Machine to End War\", published in 1937, Tesla stated:"]}], "title": "Nikola_Tesla"}, {"paragraphs": [{"context": "Computational complexity theory is a branch of the theory of computation in theoretical computer science that focuses on classifying computational problems according to their inherent difficulty, and relating those classes to each other. A computational problem is understood to be a task that is in principle amenable to being solved by a computer, which is equivalent to stating that the problem may be solved by mechanical application of mathematical steps, such as an algorithm.", "qas": [{"answers": [{"answer_start": 0, "text": "Computational complexity theory"}], "id": "56e16182e3433e1400422e28", "question": "What branch of theoretical computer science deals with broadly classifying computational problems by difficulty and class of relationship?"}, {"answers": [{"answer_start": 175, "text": "inherent difficulty"}], "id": "56e16182e3433e1400422e29", "question": "By what main attribute are computational problems classified utilizing computational complexity theory? "}, {"answers": [{"answer_start": 133, "text": "computational problems"}], "id": "56e16182e3433e1400422e2a", "question": "What is the term for a task that generally lends itself to being solved by a computer?"}], "sentence_breaks": [[0, 237], [238, 482]], "sentences": ["Computational complexity theory is a branch of the theory of computation in theoretical computer science that focuses on classifying computational problems according to their inherent difficulty, and relating those classes to each other.", "A computational problem is understood to be a task that is in principle amenable to being solved by a computer, which is equivalent to stating that the problem may be solved by mechanical application of mathematical steps, such as an algorithm."]}, {"context": "When considering computational problems, a problem instance is a string over an alphabet. Usually, the alphabet is taken to be the binary alphabet (i.e., the set {0,1}), and thus the strings are bitstrings. As in a real-world computer, mathematical objects other than bitstrings must be suitably encoded. For example, integers can be represented in binary notation, and graphs can be encoded directly via their adjacency matrices, or by encoding their adjacency lists in binary.", "qas": [{"answers": [{"answer_start": 43, "text": "problem instance"}], "id": "56e181d9e3433e1400422fa0", "question": "In a computational problem, what can be described as a string over an alphabet?"}, {"answers": [{"answer_start": 131, "text": "binary"}], "id": "56e181d9e3433e1400422fa1", "question": "What is the name of the alphabet is most commonly used in a problem instance?"}, {"answers": [{"answer_start": 195, "text": "bitstrings"}], "id": "56e181d9e3433e1400422fa2", "question": "What is another term for the string of a problem instance?"}, {"answers": [{"answer_start": 349, "text": "binary notation"}], "id": "56e181d9e3433e1400422fa3", "question": "In the encoding of mathematical objects, what is the way in which integers are commonly expressed?"}, {"answers": [{"answer_start": 411, "text": "adjacency matrices"}], "id": "56e181d9e3433e1400422fa4", "question": "What is one way in which graphs can be encoded? "}], "sentence_breaks": [[0, 89], [90, 206], [207, 304], [305, 478]], "sentences": ["When considering computational problems, a problem instance is a string over an alphabet.", "Usually, the alphabet is taken to be the binary alphabet (i.e., the set {0,1}), and thus the strings are bitstrings.", "As in a real-world computer, mathematical objects other than bitstrings must be suitably encoded.", "For example, integers can be represented in binary notation, and graphs can be encoded directly via their adjacency matrices, or by encoding their adjacency lists in binary."]}, {"context": "It is tempting to think that the notion of function problems is much richer than the notion of decision problems. However, this is not really the case, since function problems can be recast as decision problems. For example, the multiplication of two integers can be expressed as the set of triples (a, b, c) such that the relation a \u00d7 b = c holds. Deciding whether a given triple is a member of this set corresponds to solving the problem of multiplying two numbers.", "qas": [{"answers": [{"answer_start": 190, "text": "as decision problems"}], "id": "56e1a0dccd28a01900c67a2e", "question": "How can function problems typically be restated?"}, {"answers": [{"answer_start": 284, "text": "set of triples"}], "id": "56e1a0dccd28a01900c67a2f", "question": "If two integers are multiplied and output a value, what is this expression set called?"}], "sentence_breaks": [[0, 113], [114, 211], [212, 348], [349, 467]], "sentences": ["It is tempting to think that the notion of function problems is much richer than the notion of decision problems.", "However, this is not really the case, since function problems can be recast as decision problems.", "For example, the multiplication of two integers can be expressed as the set of triples (a, b, c) such that the relation a \u00d7 b = c holds.", "Deciding whether a given triple is a member of this set corresponds to solving the problem of multiplying two numbers."]}, {"context": "For a precise definition of what it means to solve a problem using a given amount of time and space, a computational model such as the deterministic Turing machine is used. The time required by a deterministic Turing machine M on input x is the total number of state transitions, or steps, the machine makes before it halts and outputs the answer (\"yes\" or \"no\"). A Turing machine M is said to operate within time f(n), if the time required by M on each input of length n is at most f(n). A decision problem A can be solved in time f(n) if there exists a Turing machine operating in time f(n) that solves the problem. Since complexity theory is interested in classifying problems based on their difficulty, one defines sets of problems based on some criteria. For instance, the set of problems solvable within time f(n) on a deterministic Turing machine is then denoted by DTIME(f(n)).", "qas": [{"answers": [{"answer_start": 261, "text": "state transitions"}], "id": "56e1b62ecd28a01900c67aa3", "question": "The time required to output an answer on a deterministic Turing machine is expressed as what?"}, {"answers": [{"answer_start": 695, "text": "difficulty"}], "id": "56e1b62ecd28a01900c67aa4", "question": "Complexity theory classifies problems based on what primary attribute?"}, {"answers": [{"answer_start": 873, "text": "DTIME(f(n))"}], "id": "56e1b62ecd28a01900c67aa5", "question": "What is the expression used to identify any given series of problems capable of being solved within time on a deterministic Turing machine?"}, {"answers": [{"answer_start": 85, "text": "time"}], "id": "56e1b62ecd28a01900c67aa6", "question": "What is the most critical resource measured to in assessing the determination of a Turing machine's ability to solve any given set of problems?"}], "sentence_breaks": [[0, 172], [173, 363], [364, 488], [489, 617], [618, 759], [760, 885]], "sentences": ["For a precise definition of what it means to solve a problem using a given amount of time and space, a computational model such as the deterministic Turing machine is used.", "The time required by a deterministic Turing machine M on input x is the total number of state transitions, or steps, the machine makes before it halts and outputs the answer (\"yes\" or \"no\").", "A Turing machine M is said to operate within time f(n), if the time required by M on each input of length n is at most f(n).", "A decision problem A can be solved in time f(n) if there exists a Turing machine operating in time f(n) that solves the problem.", "Since complexity theory is interested in classifying problems based on their difficulty, one defines sets of problems based on some criteria.", "For instance, the set of problems solvable within time f(n) on a deterministic Turing machine is then denoted by DTIME(f(n))."]}, {"context": "Many known complexity classes are suspected to be unequal, but this has not been proved. For instance P \u2286 NP \u2286 PP \u2286 PSPACE, but it is possible that P = PSPACE. If P is not equal to NP, then P is not equal to PSPACE either. Since there are many known complexity classes between P and PSPACE, such as RP, BPP, PP, BQP, MA, PH, etc., it is possible that all these complexity classes collapse to one class. Proving that any of these classes are unequal would be a major breakthrough in complexity theory.", "qas": [{"answers": [{"answer_start": 34, "text": "suspected to be unequal"}], "id": "56e1ee4de3433e1400423210", "question": "What is the unproven assumption generally ascribed to the value of complexity classes?"}, {"answers": [{"answer_start": 102, "text": "P \u2286 NP \u2286 PP \u2286 PSPACE"}], "id": "56e1ee4de3433e1400423211", "question": "What is an expression that can be used to illustrate the suspected inequality of complexity classes?"}, {"answers": [{"answer_start": 269, "text": "between P and PSPACE"}], "id": "56e1ee4de3433e1400423212", "question": "Where can the complexity classes RP, BPP, PP, BQP, MA, and PH be located?"}, {"answers": [{"answer_start": 403, "text": "Proving that any of these classes are unequal"}], "id": "56e1ee4de3433e1400423214", "question": "What evidence between and among complexity classes would signify a theoretical watershed for complexity theory?"}], "sentence_breaks": [[0, 88], [89, 159], [160, 222], [223, 402], [403, 500]], "sentences": ["Many known complexity classes are suspected to be unequal, but this has not been proved.", "For instance P \u2286 NP \u2286 PP \u2286 PSPACE, but it is possible that P = PSPACE.", "If P is not equal to NP, then P is not equal to PSPACE either.", "Since there are many known complexity classes between P and PSPACE, such as RP, BPP, PP, BQP, MA, PH, etc., it is possible that all these complexity classes collapse to one class.", "Proving that any of these classes are unequal would be a major breakthrough in complexity theory."]}], "title": "Computational_complexity_theory"}]}