{"data": [{"paragraphs": [{"context": "\ufeffLos Panthers, que adem\u00e1s de liderar las intercepciones de la NFL con 24 y contar con cuatro jugadores de la Pro Bowl, cedieron solo 308 puntos en defensa y se sit\u00faan en el sexto lugar de la liga. Kawann Short, tacle defensivo de la Pro Bowl, lider\u00f3 al equipo con 11 capturas, 3 balones sueltos forzados y 2 recuperaciones. A su vez, el liniero Mario Addison, consigui\u00f3 6 capturas y media. En la l\u00ednea de los Panthers, tambi\u00e9n destac\u00f3 como ala defensiva el veterano Jared Allen \u20155 veces jugador de la Pro Bowl y que fue el l\u00edder, en activo, de capturas de la NFL con 136\u2015 junto con el tambi\u00e9n ala defensiva Kony Ealy, que lleva 5 capturas en solo 9 partidos como titular. Detr\u00e1s de ellos, Thomas Davis y Luke Kuechly, dos de los tres apoyadores titulares que tambi\u00e9n han sido seleccionados para jugar la Pro Bowl. Davis se hizo con 5 capturas y media, 4 balones sueltos forzados y 4 intercepciones, mientras que Kuechly lider\u00f3 al equipo en derribos (118), forz\u00f3 2 balones sueltos e intercept\u00f3 4 pases. La secundaria de Carolina cont\u00f3, por un lado, con la seguridad del jugador de la Pro Bowl Kurt Coleman que asumi\u00f3 las riendas del equipo gracias a sus 7 intercepciones (nunca hab\u00eda conseguido tantas hasta ahora) y a sus 88 derribos, y, por otro lado, con el esquinero Josh Norman, tambi\u00e9n jugador de la Pro Bowl y que a pesar de haber estado de capa ca\u00edda durante la temporada, consigui\u00f3 4 intercepciones, de las cuales dos se convirtieron en touchdowns.", "qas": [{"answers": [{"answer_start": 133, "text": "308"}], "id": "56beb4343aeaaa14008c925b", "question": "\u00bfCu\u00e1ntos puntos dejaron escapar en defensa los Panthers?"}, {"answers": [{"answer_start": 567, "text": "136"}], "id": "56beb4343aeaaa14008c925c", "question": "\u00bfCu\u00e1ntas capturas ha conseguido Jared Allen en su carrera?"}, {"answers": [{"answer_start": 950, "text": "118"}], "id": "56beb4343aeaaa14008c925d", "question": "\u00bfCu\u00e1ntos derribos se anot\u00f3 Luke Kuechly?"}, {"answers": [{"answer_start": 86, "text": "cuatro"}], "id": "56beb4343aeaaa14008c925e", "question": "\u00bfCu\u00e1ntos balones intercept\u00f3 Josh Norman?"}, {"answers": [{"answer_start": 197, "text": "Kawann Short"}], "id": "56beb4343aeaaa14008c925f", "question": "\u00bfQui\u00e9n de todo el equipo ha conseguido m\u00e1s capturas esta temporada?"}, {"answers": [{"answer_start": 70, "text": "24"}], "id": "56d6f3500d65d21400198290", "question": "\u00bfCu\u00e1ntas intercepciones se le atribuyen a la defensa de los Panthers en 2015?"}, {"answers": [{"answer_start": 197, "text": "Kawann Short"}], "id": "56d6f3500d65d21400198291", "question": "\u00bfQui\u00e9n lider\u00f3 a los Panthers en capturas?"}, {"answers": [{"answer_start": 86, "text": "cuatro"}], "id": "56d6f3500d65d21400198292", "question": "\u00bfCu\u00e1ntos jugadores defensivos de los Panthers fueron seleccionados para la Pro Bowl?"}, {"answers": [{"answer_start": 86, "text": "cuatro"}], "id": "56d6f3500d65d21400198293", "question": "\u00bfCu\u00e1ntos balones sueltos forzados logr\u00f3 Thomas Davis?"}, {"answers": [{"answer_start": 1092, "text": "Kurt Coleman"}], "id": "56d6f3500d65d21400198294", "question": "\u00bfQu\u00e9 jugador tuvo el mayor n\u00famero de intercepciones de la temporada?"}, {"answers": [{"answer_start": 70, "text": "24"}], "id": "56d9992fdc89441400fdb59c", "question": "En la temporada 2015, \u00bfcu\u00e1ntas intercepciones consigui\u00f3 la defensa de los Panthers?"}, {"answers": [{"answer_start": 607, "text": "Kony Ealy"}], "id": "56d9992fdc89441400fdb59e", "question": "\u00bfQui\u00e9n obtuvo cinco capturas en nueve partidos como titular de los Carolina Panthers?"}, {"answers": [{"answer_start": 704, "text": "Luke Kuechly"}], "id": "56d9992fdc89441400fdb59f", "question": "\u00bfQui\u00e9n fue el l\u00edder en derribos de los Panthers en 2015?"}, {"answers": [{"answer_start": 306, "text": "2"}], "id": "56d9992fdc89441400fdb5a0", "question": "\u00bfCon cu\u00e1ntas intercepciones Josh Norman consigui\u00f3 touchdowns en 2015?"}], "sentence_breaks": [[0, 196], [197, 323], [324, 389], [390, 671], [672, 813], [814, 1001], [1002, 1456]], "sentences": ["\ufeffLos Panthers, que adem\u00e1s de liderar las intercepciones de la NFL con 24 y contar con cuatro jugadores de la Pro Bowl, cedieron solo 308 puntos en defensa y se sit\u00faan en el sexto lugar de la liga.", "Kawann Short, tacle defensivo de la Pro Bowl, lider\u00f3 al equipo con 11 capturas, 3 balones sueltos forzados y 2 recuperaciones.", "A su vez, el liniero Mario Addison, consigui\u00f3 6 capturas y media.", "En la l\u00ednea de los Panthers, tambi\u00e9n destac\u00f3 como ala defensiva el veterano Jared Allen \u20155 veces jugador de la Pro Bowl y que fue el l\u00edder, en activo, de capturas de la NFL con 136\u2015 junto con el tambi\u00e9n ala defensiva Kony Ealy, que lleva 5 capturas en solo 9 partidos como titular.", "Detr\u00e1s de ellos, Thomas Davis y Luke Kuechly, dos de los tres apoyadores titulares que tambi\u00e9n han sido seleccionados para jugar la Pro Bowl.", "Davis se hizo con 5 capturas y media, 4 balones sueltos forzados y 4 intercepciones, mientras que Kuechly lider\u00f3 al equipo en derribos (118), forz\u00f3 2 balones sueltos e intercept\u00f3 4 pases.", "La secundaria de Carolina cont\u00f3, por un lado, con la seguridad del jugador de la Pro Bowl Kurt Coleman que asumi\u00f3 las riendas del equipo gracias a sus 7 intercepciones (nunca hab\u00eda conseguido tantas hasta ahora) y a sus 88 derribos, y, por otro lado, con el esquinero Josh Norman, tambi\u00e9n jugador de la Pro Bowl y que a pesar de haber estado de capa ca\u00edda durante la temporada, consigui\u00f3 4 intercepciones, de las cuales dos se convirtieron en touchdowns."]}, {"context": "Los Broncos vencieron a los Pittsburgh Steelers en la ronda divisional por 23 a 16 al conseguir anotar 11 puntos en los \u00faltimos tres minutos del partido. Posteriormente, en el Campeonato de la AFC, batieron al defensor del t\u00edtulo de la Super Bowl XLIX, los New England Patriots por 20 a 18. Cuando quedaban tan solo 17 segundos en el marcador, lograron interceptar un pase en un intento de conversi\u00f3n de 2 puntos de los New England. A pesar de los problemas de Manning con las intercepciones la temporada pasada, este no decepcion\u00f3 en ninguno de sus dos partidos de eliminatoria.", "qas": [{"answers": [{"answer_start": 28, "text": "Pittsburgh Steelers"}], "id": "56beb7953aeaaa14008c92ab", "question": "\u00bfQui\u00e9n perdi\u00f3 contra los Broncos en la ronda divisional?"}, {"answers": [{"answer_start": 103, "text": "11"}], "id": "56beb7953aeaaa14008c92ac", "question": "\u00bfCu\u00e1ntos puntos anotaron los Broncos en los tres \u00faltimos minutos del partido contra Pittsburgh?"}, {"answers": [{"answer_start": 257, "text": "New England Patriots"}], "id": "56beb7953aeaaa14008c92ad", "question": "\u00bfQui\u00e9n gan\u00f3 la Super Bowl XLIX?"}, {"answers": [{"answer_start": 282, "text": "20 a 18"}], "id": "56beb7953aeaaa14008c92ae", "question": "\u00bfCu\u00e1l fue el resultado final del Campeonato de la AFC?"}, {"answers": [{"answer_start": 316, "text": "17 segundos"}], "id": "56beb7953aeaaa14008c92af", "question": "\u00bfCu\u00e1nto tiempo quedaba cuando los Broncos lograron la intercepci\u00f3n que decidi\u00f3 el Campeonato de la AFC?"}, {"answers": [{"answer_start": 4, "text": "Broncos"}], "id": "56bf36b93aeaaa14008c9561", "question": "\u00bfQu\u00e9 equipo fue el vencedor de la ronda divisional entre los Broncos y los Steelers?"}, {"answers": [{"answer_start": 71, "text": "por 23 a 16"}], "id": "56bf36b93aeaaa14008c9562", "question": "\u00bfCu\u00e1l fue el resultado final entre los Broncos y los Steelers?"}, {"answers": [{"answer_start": 257, "text": "New England Patriots"}], "id": "56bf36b93aeaaa14008c9563", "question": "\u00bfQui\u00e9n gan\u00f3 la Super Bowl XLIX?"}, {"answers": [{"answer_start": 316, "text": "17"}], "id": "56bf36b93aeaaa14008c9564", "question": "\u00bfCu\u00e1ntos segundos quedaban cuando los Broncos interceptaron el pase que les hizo ganar el partido?"}, {"answers": [{"answer_start": 461, "text": "Manning"}], "id": "56bf36b93aeaaa14008c9565", "question": "Durante las eliminatorias de los Broncos, \u00bfQui\u00e9n no decepcion\u00f3 en ninguno de los partidos?"}, {"answers": [{"answer_start": 28, "text": "Pittsburgh Steelers"}], "id": "56d7018a0d65d214001982c2", "question": "\u00bfA qui\u00e9nes derrotaron los Broncos en el partido divisional?"}, {"answers": [{"answer_start": 103, "text": "11"}], "id": "56d7018a0d65d214001982c3", "question": "\u00bfCu\u00e1ntos puntos anotaron los Broncos en los \u00faltimos tres minutos del partido contra Pittsburgh?"}, {"answers": [{"answer_start": 257, "text": "New England Patriots"}], "id": "56d7018a0d65d214001982c5", "question": "\u00bfA qui\u00e9nes derrotaron los Broncos en el Campeonato de la AFC?"}, {"answers": [{"answer_start": 28, "text": "Pittsburgh Steelers"}], "id": "56d99f99dc89441400fdb628", "question": "\u00bfA qui\u00e9nes derrotaron los Broncos para ganar su divisi\u00f3n en 2015?"}, {"answers": [{"answer_start": 257, "text": "New England Patriots"}], "id": "56d99f99dc89441400fdb629", "question": "\u00bfA qui\u00e9nes derrotaron los Broncos para convertirse en los campeones de la AFC?"}, {"answers": [{"answer_start": 316, "text": "17"}], "id": "56d99f99dc89441400fdb62c", "question": "\u00bfCu\u00e1ntos segundos quedaban de partido cuando los Patriots fallaron su conversi\u00f3n de 2 puntos?"}], "sentence_breaks": [[0, 153], [154, 290], [291, 432], [433, 579]], "sentences": ["Los Broncos vencieron a los Pittsburgh Steelers en la ronda divisional por 23 a 16 al conseguir anotar 11 puntos en los \u00faltimos tres minutos del partido.", "Posteriormente, en el Campeonato de la AFC, batieron al defensor del t\u00edtulo de la Super Bowl XLIX, los New England Patriots por 20 a 18.", "Cuando quedaban tan solo 17 segundos en el marcador, lograron interceptar un pase en un intento de conversi\u00f3n de 2 puntos de los New England.", "A pesar de los problemas de Manning con las intercepciones la temporada pasada, este no decepcion\u00f3 en ninguno de sus dos partidos de eliminatoria."]}, {"context": "Peyton Manning se convirti\u00f3 en el primer mariscal de campo de la historia en llevar a dos equipos diferentes a participar en m\u00faltiples Super Bowls. Ademas, es con 39 a\u00f1os, el mariscal de campo m\u00e1s longevo de la historia en jugar ese partido. El r\u00e9cord anterior estaba en manos de John Elway \u2015m\u00e1nager general y actual vicepresidente ejecutivo para operaciones futbol\u00edsticas de Denver\u2015 que condujo a los Broncos a la victoria en la Super Bowl XXXIII a los 38 a\u00f1os de edad.", "qas": [{"answers": [{"answer_start": 163, "text": "39"}], "id": "56beb86b3aeaaa14008c92bd", "question": "\u00bfCu\u00e1ntos a\u00f1os ten\u00eda Peyton Manning cuando jug\u00f3 la Super Bowl 50?"}, {"answers": [{"answer_start": 280, "text": "John Elway"}], "id": "56beb86b3aeaaa14008c92be", "question": "\u00bfQui\u00e9n ten\u00eda el r\u00e9cord anterior de ser el mariscal de campo m\u00e1s longevo en jugar la Super Bowl?"}, {"answers": [{"answer_start": 454, "text": "38"}], "id": "56beb86b3aeaaa14008c92bf", "question": "\u00bfCu\u00e1ntos a\u00f1os ten\u00eda John Elway cuando jug\u00f3 la Super Bowl XXXIII?"}, {"answers": [{"answer_start": 291, "text": "\u2015m\u00e1nager general y actual vicepresidente ejecutivo para operaciones futbol\u00edsticas de Denver\u2015"}], "id": "56beb86b3aeaaa14008c92c0", "question": "\u00bfQu\u00e9 puesto tiene actualmente John Elway dentro de la franquicia de los Broncos?"}, {"answers": [{"answer_start": 402, "text": "Broncos"}], "id": "56beb86b3aeaaa14008c92c1", "question": "\u00bfPara qui\u00e9n jugaba John Elway en la Super Bowl XXXIII?"}, {"answers": [{"answer_start": 402, "text": "Broncos"}], "id": "56bf3fd53aeaaa14008c9591", "question": "\u00bfQui\u00e9n fue el equipo campe\u00f3n de la Super Bowl XXXIII?"}, {"answers": [{"answer_start": 280, "text": "John Elway"}], "id": "56bf3fd53aeaaa14008c9592", "question": "\u00bfQui\u00e9n es el m\u00e1nager general de los Broncos?"}, {"answers": [{"answer_start": 454, "text": "38"}], "id": "56bf3fd53aeaaa14008c9593", "question": "\u00bfCu\u00e1ntos a\u00f1os ten\u00eda John Elway cuando gan\u00f3 la Super Bowl XXXIII?"}, {"answers": [{"answer_start": 0, "text": "Peyton Manning"}], "id": "56bf3fd53aeaaa14008c9594", "question": "\u00bfQui\u00e9n posee el r\u00e9cord de ser el mariscal de campo m\u00e1s longevo en jugar una Super Bowl?"}, {"answers": [{"answer_start": 86, "text": "dos"}], "id": "56bf3fd53aeaaa14008c9595", "question": "De los equipos para los que jug\u00f3 Manning, \u00bfcu\u00e1ntos llegaron a la Super Bowl?"}, {"answers": [{"answer_start": 86, "text": "dos"}], "id": "56d704430d65d214001982de", "question": "\u00bfA cu\u00e1ntos equipos diferentes llevo Peyton Manning a la Super Bowl?"}, {"answers": [{"answer_start": 0, "text": "Peyton Manning"}], "id": "56d704430d65d214001982e0", "question": "\u00bfQui\u00e9n es el mariscal de campo m\u00e1s longevo en jugar la Super Bowl?"}, {"answers": [{"answer_start": 280, "text": "John Elway"}], "id": "56d704430d65d214001982e1", "question": "Antes de Manning, \u00bfqui\u00e9n fue el mariscal de campo m\u00e1s longevo en jugar la Super Bowl?"}, {"answers": [{"answer_start": 430, "text": "Super Bowl XXXIII"}], "id": "56d704430d65d214001982e2", "question": "\u00bfCu\u00e1l fue la Super Bowl que gan\u00f3 Elway a los 38 a\u00f1os?"}, {"answers": [{"answer_start": 0, "text": "Peyton Manning"}], "id": "56d9a0eadc89441400fdb63e", "question": "\u00bfQui\u00e9n fue el primer mariscal de campo en llevar a dos equipos a m\u00e1s de una Super Bowl?"}, {"answers": [{"answer_start": 163, "text": "39"}], "id": "56d9a0eadc89441400fdb63f", "question": "\u00bfQu\u00e9 edad ten\u00eda Manning cuando jug\u00f3 la Super Bowl 50?"}, {"answers": [{"answer_start": 280, "text": "John Elway"}], "id": "56d9a0eadc89441400fdb640", "question": "\u00bfC\u00f3mo se llama el mariscal de campo que ten\u00eda 38 a\u00f1os en la Super Bowl XXXIII?"}], "sentence_breaks": [[0, 147], [148, 241], [242, 470]], "sentences": ["Peyton Manning se convirti\u00f3 en el primer mariscal de campo de la historia en llevar a dos equipos diferentes a participar en m\u00faltiples Super Bowls.", "Ademas, es con 39 a\u00f1os, el mariscal de campo m\u00e1s longevo de la historia en jugar ese partido.", "El r\u00e9cord anterior estaba en manos de John Elway \u2015m\u00e1nager general y actual vicepresidente ejecutivo para operaciones futbol\u00edsticas de Denver\u2015 que condujo a los Broncos a la victoria en la Super Bowl XXXIII a los 38 a\u00f1os de edad."]}, {"context": "Lady Gaga, la seis veces ganadora del Grammy y nominada al \u00d3scar, cant\u00f3 el himno nacional estadounidense; mientras que Marlee Matlin, la ganadora del \u00d3scar, lo traduc\u00eda a la lengua de signos americana (ASL, por sus siglas en ingl\u00e9s).", "qas": [{"answers": [{"answer_start": 14, "text": "seis"}], "id": "56bec6ac3aeaaa14008c93fd", "question": "\u00bfCu\u00e1ntos Grammys ha ganado Lady Gaga?"}, {"answers": [{"answer_start": 72, "text": "el himno nacional estadounidense"}], "id": "56bec6ac3aeaaa14008c93fe", "question": "\u00bfQu\u00e9 cant\u00f3 Lady Gaga?"}, {"answers": [{"answer_start": 59, "text": "\u00d3scar"}], "id": "56bec6ac3aeaaa14008c93ff", "question": "\u00bfQu\u00e9 premio ha ganado Marlee Matlin?"}, {"answers": [{"answer_start": 72, "text": "el himno nacional estadounidense"}], "id": "56bec6ac3aeaaa14008c9400", "question": "\u00bfQu\u00e9 tradujo Marlee Matlin?"}, {"answers": [{"answer_start": 171, "text": "la lengua de signos americana"}], "id": "56bec6ac3aeaaa14008c9401", "question": "\u00bfA qu\u00e9 idioma tradujo Marlee Matlin el himno nacional estadounidense?"}, {"answers": [{"answer_start": 0, "text": "Lady Gaga"}], "id": "56d20650e7d4791d00902614", "question": "\u00bfQui\u00e9n cant\u00f3 el himno nacional estadounidense?"}, {"answers": [{"answer_start": 119, "text": "Marlee Matlin"}], "id": "56d20650e7d4791d00902615", "question": "\u00bfQu\u00e9 actriz hizo la traducci\u00f3n a la lengua de signos (ASL) para el partido?"}, {"answers": [{"answer_start": 0, "text": "Lady Gaga"}], "id": "56d7253b0d65d214001983d4", "question": "\u00bfQui\u00e9n ejecut\u00f3 el himno nacional de Estados Unidos en la Super Bowl 50?"}, {"answers": [{"answer_start": 119, "text": "Marlee Matlin"}], "id": "56d7253b0d65d214001983d5", "question": "\u00bfQu\u00e9 estrella de cine reprodujo la lengua de signos para el himno nacional estadounidense en la Super Bowl 50?"}, {"answers": [{"answer_start": 0, "text": "Lady Gaga"}], "id": "56d9c455dc89441400fdb7c4", "question": "\u00bfQui\u00e9n interpret\u00f3 el himno nacional de Estados Unidos en la Super Bowl 50?"}, {"answers": [{"answer_start": 14, "text": "seis"}], "id": "56d9c455dc89441400fdb7c5", "question": "De acuerdo con lo que dice el texto, \u00bfcu\u00e1ntos premios Grammy ha ganado Lady Gaga?"}, {"answers": [{"answer_start": 119, "text": "Marlee Matlin"}], "id": "56d9c455dc89441400fdb7c6", "question": "\u00bfQui\u00e9n utiliz\u00f3 la lengua de signos para el himno nacional en la Super Bowl 50?"}], "sentence_breaks": [[0, 233]], "sentences": ["Lady Gaga, la seis veces ganadora del Grammy y nominada al \u00d3scar, cant\u00f3 el himno nacional estadounidense; mientras que Marlee Matlin, la ganadora del \u00d3scar, lo traduc\u00eda a la lengua de signos americana (ASL, por sus siglas en ingl\u00e9s)."]}, {"context": "Con 4 min 51 s de tiempo restante en el marcador, Carolina atrap\u00f3 el bal\u00f3n en su l\u00ednea de 24 yardas con la oportunidad de montar una jugada para ganar el partido, sin embargo pronto se vieron en el tercer down y a nueve yardas. En la siguiente jugada, Miller sustrajo el bal\u00f3n a Newton y despu\u00e9s de que varios jugadores se lanzaran a por \u00e9l, este peg\u00f3 un gran bote hacia atr\u00e1s; Ward pudo recogerlo, devolvi\u00e9ndolo cinco yardas hasta la l\u00ednea de 4 de los Panthers. Varios jugadores se lanzaron a la pila para intentar recuperar el bal\u00f3n pero sin embargo, Newton no lo hizo y esa falta de agresividad le vali\u00f3 fuertes cr\u00edticas a posteriori. Mientras tanto, la ofensiva de Denver se mantuvo fuera de la zona de anotaci\u00f3n durante tres jugadas, hasta que un penalti por agarr\u00f3n al esquinero Josh Norman le dio a los Broncos una nueva serie de downs. Anderson anotaba m\u00e1s tarde un touchdown en carrera de 2 yardas y Manning completaba un pase a Bennie Fowler para una conversi\u00f3n de 2 puntos, otorgando una ventaja a Denver de 24 a 10 con 3 min 8 s en el marcador, lo que pr\u00e1cticamente sentenciaba el partido. Carolina tuvo dos lanzamientos m\u00e1s, pero no consigui\u00f3 hacer ning\u00fan primer down.", "qas": [{"answers": [{"answer_start": 90, "text": "24"}], "id": "56beca913aeaaa14008c946d", "question": "\u00bfEn qu\u00e9 l\u00ednea de yarda empez\u00f3 Carolina con 4 min 51 s de tiempo restante en el marcador?"}, {"answers": [{"answer_start": 279, "text": "Newton"}], "id": "56beca913aeaaa14008c946e", "question": "\u00bfQui\u00e9n perdi\u00f3 el bal\u00f3n en el tercer down a 9 yardas?"}, {"answers": [{"answer_start": 785, "text": "Josh Norman"}], "id": "56beca913aeaaa14008c946f", "question": "\u00bfQu\u00e9 jugador de los Panthers fue amonestado por agarr\u00f3n en el tercer down?"}, {"answers": [{"answer_start": 844, "text": "Anderson"}], "id": "56beca913aeaaa14008c9470", "question": "\u00bfQu\u00e9 jugador \u00abmeti\u00f3\u00bb el bal\u00f3n desde la l\u00ednea de 2 yardas?"}, {"answers": [{"answer_start": 938, "text": "Bennie Fowler"}], "id": "56beca913aeaaa14008c9471", "question": "\u00bfQui\u00e9n fue el receptor en la exitosa conversi\u00f3n de 2 puntos?"}, {"answers": [{"answer_start": 252, "text": "Miller"}], "id": "56d726b60d65d214001983ea", "question": "\u00bfQui\u00e9n sustrajo el bal\u00f3n a Newton en el tercer down a nueve yardas?"}, {"answers": [{"answer_start": 378, "text": "Ward"}], "id": "56d726b60d65d214001983eb", "question": "\u00bfQui\u00e9n recuper\u00f3 el bal\u00f3n sustra\u00eddo? "}, {"answers": [{"answer_start": 279, "text": "Newton"}], "id": "56d726b60d65d214001983ec", "question": "\u00bfQu\u00e9 jugador fue criticado por no saltar a la pila para recuperar el bal\u00f3n?"}, {"answers": [{"answer_start": 785, "text": "Josh Norman"}], "id": "56d726b60d65d214001983ed", "question": "\u00bfQu\u00e9 jugador de los Panthers cometi\u00f3 un penalti que dio a los Broncos una nueva serie de downs?"}, {"answers": [{"answer_start": 1031, "text": "3 min 8 s"}], "id": "56d726b60d65d214001983ee", "question": "\u00bfCu\u00e1nto tiempo quedaba de partido cuando Denver puso el resultado en 24-10?"}, {"answers": [{"answer_start": 4, "text": "4 min 51 s"}], "id": "56d9cb47dc89441400fdb832", "question": "Cuando estaban en el \u00faltimo cuarto de partido, \u00bfcu\u00e1l era el tiempo en el marcador en el momento en que Carolina consigui\u00f3 el bal\u00f3n en su l\u00ednea de 24 yardas?"}, {"answers": [{"answer_start": 252, "text": "Miller"}], "id": "56d9cb47dc89441400fdb833", "question": "\u00bfCu\u00e1l era el apellido del jugador que, al final del \u00faltimo cuarto de partido, le sac\u00f3 el bal\u00f3n a Newton?"}, {"answers": [{"answer_start": 378, "text": "Ward"}], "id": "56d9cb47dc89441400fdb834", "question": "\u00bfCu\u00e1l es el apellido del jugador que, en el \u00faltimo cuarto de partido, recuper\u00f3 finalmente el bal\u00f3n perdido por Newton?"}, {"answers": [{"answer_start": 725, "text": "tres"}], "id": "56d9cb47dc89441400fdb835", "question": "\u00bfCu\u00e1ntas jugadas se mantuvo Denver fuera de la zona de anotaci\u00f3n tras recibir el bal\u00f3n perdido por Newton?"}, {"answers": [{"answer_start": 844, "text": "Anderson"}], "id": "56d9cb47dc89441400fdb836", "question": "\u00bfCu\u00e1l es el apellido del jugador que anot\u00f3 un touchdown de 2 yardas en el \u00faltimo cuarto?"}], "sentence_breaks": [[0, 227], [228, 462], [463, 637], [638, 843], [844, 1101], [1102, 1181]], "sentences": ["Con 4 min 51 s de tiempo restante en el marcador, Carolina atrap\u00f3 el bal\u00f3n en su l\u00ednea de 24 yardas con la oportunidad de montar una jugada para ganar el partido, sin embargo pronto se vieron en el tercer down y a nueve yardas.", "En la siguiente jugada, Miller sustrajo el bal\u00f3n a Newton y despu\u00e9s de que varios jugadores se lanzaran a por \u00e9l, este peg\u00f3 un gran bote hacia atr\u00e1s; Ward pudo recogerlo, devolvi\u00e9ndolo cinco yardas hasta la l\u00ednea de 4 de los Panthers.", "Varios jugadores se lanzaron a la pila para intentar recuperar el bal\u00f3n pero sin embargo, Newton no lo hizo y esa falta de agresividad le vali\u00f3 fuertes cr\u00edticas a posteriori.", "Mientras tanto, la ofensiva de Denver se mantuvo fuera de la zona de anotaci\u00f3n durante tres jugadas, hasta que un penalti por agarr\u00f3n al esquinero Josh Norman le dio a los Broncos una nueva serie de downs.", "Anderson anotaba m\u00e1s tarde un touchdown en carrera de 2 yardas y Manning completaba un pase a Bennie Fowler para una conversi\u00f3n de 2 puntos, otorgando una ventaja a Denver de 24 a 10 con 3 min 8 s en el marcador, lo que pr\u00e1cticamente sentenciaba el partido.", "Carolina tuvo dos lanzamientos m\u00e1s, pero no consigui\u00f3 hacer ning\u00fan primer down."]}], "title": "Super_Bowl_50"}, {"paragraphs": [{"context": "Muy cerca, en Ogr\u00f3d Saski (Jard\u00edn Saj\u00f3n), se encontraba el Teatro de Verano que se mantuvo en funcionamiento desde 1870 hasta 1939. Durante el periodo de entreguerras, el complejo teatral tambi\u00e9n cont\u00f3 con el Momus \u2015el primer cabaret literario de Varsovia\u2015 y con el teatro musical Melodram de Leon Schiller. El teatro Wojciech Bogus\u0142awski (1922\u201326) constitu\u00eda el mejor ejemplo del \u00abteatro monumental polaco\u00bb . A partir de mediados de los a\u00f1os 30 el edificio del gran teatro alberg\u00f3 el Instituto Nacional de Arte Dram\u00e1tico, que fue la primera academia estatal de arte dram\u00e1tico, con un departamento de actuaci\u00f3n y otro de direcci\u00f3n esc\u00e9nica.", "qas": [{"answers": [{"answer_start": 14, "text": "Ogr\u00f3d Saski"}], "id": "57339c16d058e614000b5ec5", "question": "\u00bfC\u00f3mo se llama al Jard\u00edn Saj\u00f3n en polaco?"}, {"answers": [{"answer_start": 27, "text": "Jard\u00edn Saj\u00f3n"}], "id": "57339c16d058e614000b5ec6", "question": "\u00bfD\u00f3nde se encontraba el Teatro de Verano?"}, {"answers": [{"answer_start": 115, "text": "1870 hasta 1939"}], "id": "57339c16d058e614000b5ec7", "question": "\u00bfCu\u00e1nto tiempo estuvo en funcionamiento el Teatro de Verano?"}, {"answers": [{"answer_start": 209, "text": "Momus"}], "id": "57339c16d058e614000b5ec8", "question": "\u00bfCu\u00e1l fue el primer cabaret literario de Varsovia?"}, {"answers": [{"answer_start": 318, "text": "Wojciech Bogus\u0142awski"}], "id": "57339c16d058e614000b5ec9", "question": "\u00bfQu\u00e9 teatro fue el mejor ejemplo de \u00abteatro monumental polaco\u00bb?"}], "sentence_breaks": [[0, 131], [132, 307], [308, 409], [410, 640]], "sentences": ["Muy cerca, en Ogr\u00f3d Saski (Jard\u00edn Saj\u00f3n), se encontraba el Teatro de Verano que se mantuvo en funcionamiento desde 1870 hasta 1939.", "Durante el periodo de entreguerras, el complejo teatral tambi\u00e9n cont\u00f3 con el Momus \u2015el primer cabaret literario de Varsovia\u2015 y con el teatro musical Melodram de Leon Schiller.", "El teatro Wojciech Bogus\u0142awski (1922\u201326) constitu\u00eda el mejor ejemplo del \u00abteatro monumental polaco\u00bb .", "A partir de mediados de los a\u00f1os 30 el edificio del gran teatro alberg\u00f3 el Instituto Nacional de Arte Dram\u00e1tico, que fue la primera academia estatal de arte dram\u00e1tico, con un departamento de actuaci\u00f3n y otro de direcci\u00f3n esc\u00e9nica."]}, {"context": "Su rival local, el Polonia Varsovia, que a pesar de contar con bastantes menos seguidores, consigui\u00f3 ganar la Ekstraklasa en el a\u00f1o 2000. Tambi\u00e9n gan\u00f3 el campeonato del pa\u00eds en 1946 y la copa en dos ocasiones. La sede del equipo se encuentra en la calle Konwiktorska, a solo 10 minutos caminando, en direcci\u00f3n norte, desde el centro hist\u00f3rico de la ciudad. Debido a su desastrosa situaci\u00f3n financiera, el Polonia fue relegado de la m\u00e1xima categor\u00eda del pa\u00eds en 2013 y ahora juega en la 4.a liga (la 5.a en Polonia), la categor\u00eda profesional m\u00e1s baja de la liga en el sistema de la Asociaci\u00f3n Polaca de F\u00fatbol (PZPN, por sus siglas en ingl\u00e9s).", "qas": [{"answers": [{"answer_start": 19, "text": "Polonia Varsovia"}], "id": "5733a32bd058e614000b5f32", "question": "\u00bfQui\u00e9n gan\u00f3 la Ekstraklasa en el a\u00f1o 2000?"}, {"answers": [{"answer_start": 177, "text": "1946"}], "id": "5733a32bd058e614000b5f33", "question": "\u00bfCu\u00e1ndo gan\u00f3 el Polonia Varsovia el campeonato antes de haberlo hecho en el 2000?"}, {"answers": [{"answer_start": 195, "text": "dos ocasiones"}], "id": "5733a32bd058e614000b5f34", "question": "\u00bfCu\u00e1ntas veces gan\u00f3 la copa el Polonia?"}, {"answers": [{"answer_start": 248, "text": "calle Konwiktorska"}], "id": "5733a32bd058e614000b5f35", "question": "\u00bfD\u00f3nde se encuentra la sede del Polonia?"}, {"answers": [{"answer_start": 369, "text": "desastrosa situaci\u00f3n financiera"}], "id": "5733a32bd058e614000b5f36", "question": "\u00bfPor qu\u00e9 el Polonia fue relegado de la m\u00e1xima categor\u00eda del pa\u00eds en 2013?"}], "sentence_breaks": [[0, 137], [138, 209], [210, 356], [357, 642]], "sentences": ["Su rival local, el Polonia Varsovia, que a pesar de contar con bastantes menos seguidores, consigui\u00f3 ganar la Ekstraklasa en el a\u00f1o 2000.", "Tambi\u00e9n gan\u00f3 el campeonato del pa\u00eds en 1946 y la copa en dos ocasiones.", "La sede del equipo se encuentra en la calle Konwiktorska, a solo 10 minutos caminando, en direcci\u00f3n norte, desde el centro hist\u00f3rico de la ciudad.", "Debido a su desastrosa situaci\u00f3n financiera, el Polonia fue relegado de la m\u00e1xima categor\u00eda del pa\u00eds en 2013 y ahora juega en la 4.a liga (la 5.a en Polonia), la categor\u00eda profesional m\u00e1s baja de la liga en el sistema de la Asociaci\u00f3n Polaca de F\u00fatbol (PZPN, por sus siglas en ingl\u00e9s)."]}, {"context": "A lo largo de su existencia, Varsovia siempre ha sido una ciudad multicultural. Seg\u00fan el censo del a\u00f1o 1901, de sus 711 988 habitantes, el 56,2 % eran cat\u00f3licos, el 35,7 % jud\u00edos, el 5 % cristianos ortodoxos y el 2,8 % protestantes. Ocho a\u00f1os m\u00e1s tarde, en 1909, hab\u00edan 281 754 jud\u00edos (36,9 %), 18 189 protestantes (2,4 %) y 2818 mariavitas (0,4 %). Esto llev\u00f3 a la construcci\u00f3n, por toda la ciudad, de cientos de lugares de culto religioso; la mayor\u00eda de los cuales fueron destruidos tras el Alzamiento de Varsovia en 1944. Al finalizar la guerra, las nuevas autoridades comunistas de Polonia desincentivaron la construcci\u00f3n de iglesias y muy pocas fueron reconstruidas.", "qas": [{"answers": [{"answer_start": 65, "text": "multicultural"}], "id": "57338007d058e614000b5bda", "question": "\u00bfQu\u00e9 tipo de ciudad ha sido siempre Varsovia desde su existencia?"}, {"answers": [{"answer_start": 116, "text": "711 988"}], "id": "57338007d058e614000b5bdb", "question": "\u00bfCu\u00e1l era la poblaci\u00f3n de Varsovia en 1901?"}, {"answers": [{"answer_start": 139, "text": "56,2 %"}], "id": "57338007d058e614000b5bdc", "question": "De los habitantes de Varsovia en 1901, \u00bfqu\u00e9 porcentaje era cat\u00f3lico?"}, {"answers": [{"answer_start": 213, "text": "2,8 %"}], "id": "57338007d058e614000b5bdd", "question": "\u00bfQu\u00e9 porcentaje de la poblaci\u00f3n de Varsovia era protestante en 1901?"}, {"answers": [{"answer_start": 519, "text": "1944"}], "id": "57338007d058e614000b5bde", "question": "\u00bfCu\u00e1ndo fueron destruidos la mayor\u00eda de los lugares de culto religioso en Varsovia?"}], "sentence_breaks": [[0, 79], [80, 232], [233, 349], [350, 524], [525, 671]], "sentences": ["A lo largo de su existencia, Varsovia siempre ha sido una ciudad multicultural.", "Seg\u00fan el censo del a\u00f1o 1901, de sus 711 988 habitantes, el 56,2 % eran cat\u00f3licos, el 35,7 % jud\u00edos, el 5 % cristianos ortodoxos y el 2,8 % protestantes.", "Ocho a\u00f1os m\u00e1s tarde, en 1909, hab\u00edan 281 754 jud\u00edos (36,9 %), 18 189 protestantes (2,4 %) y 2818 mariavitas (0,4 %).", "Esto llev\u00f3 a la construcci\u00f3n, por toda la ciudad, de cientos de lugares de culto religioso; la mayor\u00eda de los cuales fueron destruidos tras el Alzamiento de Varsovia en 1944.", "Al finalizar la guerra, las nuevas autoridades comunistas de Polonia desincentivaron la construcci\u00f3n de iglesias y muy pocas fueron reconstruidas."]}, {"context": "La comuna (gmina) es la unidad b\u00e1sica de divisi\u00f3n territorial en Polonia. La ciudad es tambi\u00e9n una comuna, pero con sus propios estatutos. Tanto las comunas como las ciudades est\u00e1n gobernadas por un alcalde, sin embargo, en la comuna se habla de vogt (w\u00f3jt en polaco) y en la ciudad de burmistrz. Algunas grandes ciudades poseen derechos, es decir, tareas o privilegios propios del segundo nivel de divisi\u00f3n territorial: los distritos o powiats. Por ejemplo, la gmina no puede registrar autom\u00f3viles, es una tarea que corresponde al powiat (el n\u00famero de registro depende del powiat \u2015y no de la gmina\u2015 en el que se haya registrado el veh\u00edculo). En este caso hablamos de ciudad distrito o powiat grodzki; Lublin, Cracovia, Gda\u0144sk o Poznan, son algunos ejemplos de este tipo de ciudad. Varsovia, por su parte, cuenta con barrios que poseen derechos de powiat adicionales, como el ya mencionado registro de veh\u00edculos. El barrio de Wola, por ejemplo, tiene su propio registro y el de Ursyn\u00f3w tambi\u00e9n tiene el suyo (y los autom\u00f3viles de Wola tienen un tipo de n\u00famero de registro diferente al de los de Ursyn\u00f3w). Los barrios de Cracovia, sin embargo, no tienen derechos de powiat, por lo que los n\u00fameros de registro en esta ciudad son del mismo tipo en todos los barrios.", "qas": [{"answers": [{"answer_start": 3, "text": "comuna"}], "id": "573380e0d058e614000b5be9", "question": "\u00bfCu\u00e1l es la unidad b\u00e1sica de divisi\u00f3n territorial en Polonia?"}, {"answers": [{"answer_start": 425, "text": "distritos o powiats"}], "id": "573380e0d058e614000b5bea", "question": "\u00bfCu\u00e1l es el segundo nivel de divisi\u00f3n territorial en Polonia?"}, {"answers": [{"answer_start": 1120, "text": "Cracovia"}], "id": "573380e0d058e614000b5beb", "question": "\u00bfEn qu\u00e9 barrios los n\u00fameros de registro de autom\u00f3viles son del mismo tipo para todos?"}], "sentence_breaks": [[0, 73], [74, 138], [139, 296], [297, 445], [446, 642], [643, 781], [782, 912], [913, 1104], [1105, 1263]], "sentences": ["La comuna (gmina) es la unidad b\u00e1sica de divisi\u00f3n territorial en Polonia.", "La ciudad es tambi\u00e9n una comuna, pero con sus propios estatutos.", "Tanto las comunas como las ciudades est\u00e1n gobernadas por un alcalde, sin embargo, en la comuna se habla de vogt (w\u00f3jt en polaco) y en la ciudad de burmistrz.", "Algunas grandes ciudades poseen derechos, es decir, tareas o privilegios propios del segundo nivel de divisi\u00f3n territorial: los distritos o powiats.", "Por ejemplo, la gmina no puede registrar autom\u00f3viles, es una tarea que corresponde al powiat (el n\u00famero de registro depende del powiat \u2015y no de la gmina\u2015 en el que se haya registrado el veh\u00edculo).", "En este caso hablamos de ciudad distrito o powiat grodzki; Lublin, Cracovia, Gda\u0144sk o Poznan, son algunos ejemplos de este tipo de ciudad.", "Varsovia, por su parte, cuenta con barrios que poseen derechos de powiat adicionales, como el ya mencionado registro de veh\u00edculos.", "El barrio de Wola, por ejemplo, tiene su propio registro y el de Ursyn\u00f3w tambi\u00e9n tiene el suyo (y los autom\u00f3viles de Wola tienen un tipo de n\u00famero de registro diferente al de los de Ursyn\u00f3w).", "Los barrios de Cracovia, sin embargo, no tienen derechos de powiat, por lo que los n\u00fameros de registro en esta ciudad son del mismo tipo en todos los barrios."]}, {"context": "La creaci\u00f3n de la primera bolsa de valores de Varsovia se produjo en el a\u00f1o 1817 y su actividad continu\u00f3 hasta la Segunda Guerra Mundial. En abril de 1991, tras el fin del control comunista durante la posguerra y la reapertura a una econom\u00eda de libre mercado, la bolsa abr\u00eda de nuevo sus puertas. Seg\u00fan muchos indicadores, la Bolsa de Varsovia es, a d\u00eda de hoy, el mayor mercado de valores de la regi\u00f3n con 374 sociedades cotizadas y una capitalizaci\u00f3n total de 162 584 millones de euros (a 31 de agosto de 2009). Ir\u00f3nicamente, la bolsa de valores estuvo ubicada en el edificio que hab\u00eda sido sede del Partido Obrero Unificado Polaco (PZPR, por sus siglas en ingl\u00e9s) entre los a\u00f1os 1991 y 2000.", "qas": [{"answers": [{"answer_start": 76, "text": "1817"}], "id": "5733834ed058e614000b5c26", "question": "\u00bfCu\u00e1ndo se cre\u00f3 la primera bolsa de valores de Varsovia?"}, {"answers": [{"answer_start": 114, "text": "Segunda Guerra Mundial"}], "id": "5733834ed058e614000b5c27", "question": "\u00bfQu\u00e9 sucedi\u00f3 para que la Bolsa de Valores de Varsovia parara su actividad?"}, {"answers": [{"answer_start": 141, "text": "abril de 1991"}], "id": "5733834ed058e614000b5c28", "question": "\u00bfCu\u00e1ndo reabri\u00f3 sus puertas la Bolsa de Valores de Varsovia?"}, {"answers": [{"answer_start": 407, "text": "374"}], "id": "5733834ed058e614000b5c29", "question": "\u00bfCu\u00e1ntas sociedades cotizaban en la Bolsa de Valores de Varsovia en agosto de 2009?"}, {"answers": [{"answer_start": 602, "text": "Partido Obrero Unificado Polaco"}], "id": "5733834ed058e614000b5c2a", "question": "\u00bfEn qu\u00e9 antigua sede se encontraba la Bolsa de Valores de Varsovia hasta el a\u00f1o 2000?"}], "sentence_breaks": [[0, 137], [138, 296], [297, 513], [514, 694]], "sentences": ["La creaci\u00f3n de la primera bolsa de valores de Varsovia se produjo en el a\u00f1o 1817 y su actividad continu\u00f3 hasta la Segunda Guerra Mundial.", "En abril de 1991, tras el fin del control comunista durante la posguerra y la reapertura a una econom\u00eda de libre mercado, la bolsa abr\u00eda de nuevo sus puertas.", "Seg\u00fan muchos indicadores, la Bolsa de Varsovia es, a d\u00eda de hoy, el mayor mercado de valores de la regi\u00f3n con 374 sociedades cotizadas y una capitalizaci\u00f3n total de 162 584 millones de euros (a 31 de agosto de 2009).", "Ir\u00f3nicamente, la bolsa de valores estuvo ubicada en el edificio que hab\u00eda sido sede del Partido Obrero Unificado Polaco (PZPR, por sus siglas en ingl\u00e9s) entre los a\u00f1os 1991 y 2000."]}], "title": "Warsaw"}, {"paragraphs": [{"context": "Antes de la llegada de Hrolf Ganger, no hab\u00eda diferencia entre las poblaciones de Picard\u00eda o las de la Isla de Francia, las cuales se consideraban francas. Los anteriores colonos vikingos hab\u00edan comenzado a llegar en la d\u00e9cada del 880, pero estuvieron divididos entre las colonias del este (Roumais y Pa\u00eds de Caux), alrededor del valle bajo del Sena; y el oeste, en la pen\u00ednsula de Cotentin, separados por el tradicional pagii. La poblaci\u00f3n en estos asentamientos pr\u00e1cticamente permaneci\u00f3 igual y casi no hubo colonos extranjeros. Los contingentes de Hrolf Ganger, que atacaron y que terminaron por establecerse en Normand\u00eda y en zonas de la costa atl\u00e1ntica, estaban formados por daneses, noruegos, n\u00f3rdico-ga\u00e9licos, vikingos de las Orcadas, posiblemente suecos y anglo-daneses del Danelaw bajo control n\u00f3rdico.", "qas": [{"answers": [{"answer_start": 23, "text": "Hrolf Ganger"}], "id": "56dde1d966d3e219004dad8d", "question": "\u00bfQui\u00e9n, a su llegada, proporcion\u00f3 una identidad com\u00fan a los primeros colonos vikingos?"}], "sentence_breaks": [[0, 155], [156, 427], [428, 530], [531, 811]], "sentences": ["Antes de la llegada de Hrolf Ganger, no hab\u00eda diferencia entre las poblaciones de Picard\u00eda o las de la Isla de Francia, las cuales se consideraban francas.", "Los anteriores colonos vikingos hab\u00edan comenzado a llegar en la d\u00e9cada del 880, pero estuvieron divididos entre las colonias del este (Roumais y Pa\u00eds de Caux), alrededor del valle bajo del Sena; y el oeste, en la pen\u00ednsula de Cotentin, separados por el tradicional pagii.", "La poblaci\u00f3n en estos asentamientos pr\u00e1cticamente permaneci\u00f3 igual y casi no hubo colonos extranjeros.", "Los contingentes de Hrolf Ganger, que atacaron y que terminaron por establecerse en Normand\u00eda y en zonas de la costa atl\u00e1ntica, estaban formados por daneses, noruegos, n\u00f3rdico-ga\u00e9licos, vikingos de las Orcadas, posiblemente suecos y anglo-daneses del Danelaw bajo control n\u00f3rdico."]}, {"context": "Las dos familias normandas m\u00e1s importantes en llegar al Mediterr\u00e1neo, fueron descendientes de Tancredo de Hauteville y de la familia Drengot. Rainulf Drengot recibi\u00f3 en el a\u00f1o 1030 el condado de Aversa de manos del duque Sergio IV de N\u00e1poles, convirti\u00e9ndose en la primera posici\u00f3n normanda en el sur. Por su parte, la familia Hauteville alcanz\u00f3 el rango principesco al proclamar \u00abduque de Apulia y Calabria\u00bb al pr\u00edncipe Guaimar IV de Salerno, quien no tard\u00f3 en conceder al l\u00edder electo, Guillermo Brazo de Hierro, el t\u00edtulo de conde de Melfi. Posteriormente, la familia Drengot obtuvo el principado de Capua y el emperador Enrique III convirti\u00f3 legalmente en noble al l\u00edder de la familia Hauteville Drogo, otorg\u00e1ndole el t\u00edtulo de \u00abdux et magister Italiae comesque Normannorum totius Apuliae et Calabriae\u00bb (\u00abduque y maestro de Italia y conde de todos los normandos de Apulia y Calabria\u00bb) en el a\u00f1o 1047.", "qas": [{"answers": [{"answer_start": 699, "text": "Drogo"}], "id": "56de0daecffd8e1900b4b595", "question": "\u00bfC\u00f3mo se llamaba el l\u00edder a quien Enrique III concedi\u00f3 un t\u00edtulo nobiliario?"}, {"answers": [{"answer_start": 487, "text": "Guillermo Brazo de Hierro"}], "id": "56de0daecffd8e1900b4b596", "question": "\u00bfQui\u00e9n fue conde de Melfi?"}], "sentence_breaks": [[0, 141], [142, 300], [301, 542], [543, 903]], "sentences": ["Las dos familias normandas m\u00e1s importantes en llegar al Mediterr\u00e1neo, fueron descendientes de Tancredo de Hauteville y de la familia Drengot.", "Rainulf Drengot recibi\u00f3 en el a\u00f1o 1030 el condado de Aversa de manos del duque Sergio IV de N\u00e1poles, convirti\u00e9ndose en la primera posici\u00f3n normanda en el sur.", "Por su parte, la familia Hauteville alcanz\u00f3 el rango principesco al proclamar \u00abduque de Apulia y Calabria\u00bb al pr\u00edncipe Guaimar IV de Salerno, quien no tard\u00f3 en conceder al l\u00edder electo, Guillermo Brazo de Hierro, el t\u00edtulo de conde de Melfi.", "Posteriormente, la familia Drengot obtuvo el principado de Capua y el emperador Enrique III convirti\u00f3 legalmente en noble al l\u00edder de la familia Hauteville Drogo, otorg\u00e1ndole el t\u00edtulo de \u00abdux et magister Italiae comesque Normannorum totius Apuliae et Calabriae\u00bb (\u00abduque y maestro de Italia y conde de todos los normandos de Apulia y Calabria\u00bb) en el a\u00f1o 1047."]}, {"context": "Los normandos comenzaron a adentrarse en el Imperio bizantino y m\u00e1s tarde en Armenia, poco despu\u00e9s de que lo hicieran en Italia. Lucharon contra pechenegos, protob\u00falgaros, y sobretodo contra los turcos sely\u00facidas. En un primer momento, fueron los lombardos quienes alentaron a los mercenarios normandos a dirigirse hacia el sur para actuar contra los bizantinos, pero pronto acabaron peleando en el servicio de estos \u00faltimos en Sicilia. Junto con los contingentes de varegos y lombardos, fueron una fuerza destacada en la campa\u00f1a siciliana de Jorge Maniaces (1038-1040). Si los normandos en el servicio griego proced\u00edan o no de la Italia normanda, es una cuesti\u00f3n a debatir; pero, lo que parece m\u00e1s probable es que solo unos pocos vinieron de esa zona. Tambi\u00e9n se desconoce cu\u00e1ntos de los francos, como los llamaban los bizantinos, eran normandos y no otros franceses.", "qas": [{"answers": [{"answer_start": 195, "text": "turcos sely\u00facidas"}], "id": "56de0f6a4396321400ee257f", "question": "\u00bfQui\u00e9n fue el principal enemigo de los normandos en Italia, el Imperio bizantino y Armenia?"}], "sentence_breaks": [[0, 128], [129, 213], [214, 436], [437, 570], [571, 752], [753, 868]], "sentences": ["Los normandos comenzaron a adentrarse en el Imperio bizantino y m\u00e1s tarde en Armenia, poco despu\u00e9s de que lo hicieran en Italia.", "Lucharon contra pechenegos, protob\u00falgaros, y sobretodo contra los turcos sely\u00facidas.", "En un primer momento, fueron los lombardos quienes alentaron a los mercenarios normandos a dirigirse hacia el sur para actuar contra los bizantinos, pero pronto acabaron peleando en el servicio de estos \u00faltimos en Sicilia.", "Junto con los contingentes de varegos y lombardos, fueron una fuerza destacada en la campa\u00f1a siciliana de Jorge Maniaces (1038-1040).", "Si los normandos en el servicio griego proced\u00edan o no de la Italia normanda, es una cuesti\u00f3n a debatir; pero, lo que parece m\u00e1s probable es que solo unos pocos vinieron de esa zona.", "Tambi\u00e9n se desconoce cu\u00e1ntos de los francos, como los llamaban los bizantinos, eran normandos y no otros franceses."]}, {"context": "Algunos normandos se unieron a las fuerzas turcas para ayudar a destruir a los estados vasallos armenios de Sas\u00fan y Tar\u00f3n en el extremo oriental de Anatolia. Tiempo despu\u00e9s, muchos de ellos se unieron en el sur al servicio del estado armenio en Cilicia y en los montes Tauro. Una fuerza de francos liderados por el normando Oursel consiguieron llegar al valle superior del \u00c9ufrates al norte de Siria. Adem\u00e1s, entre 1073 y 1074, 8000 de las 20 000 tropas del general armenio Filareto Brajamio eran normandas (anteriormente de Oursel) y lideradas por Raimbaud. Estos normandos Incluso cedieron su identidad \u00e9tnica al nombre de su castillo: Afranji, que significa francos. El conocido comercio entre Amalfi y Antioqu\u00eda, y entre Bari y Tarso puede que est\u00e9 relacionado con la presencia de \u00edtalo-normandos en esas ciudades y con el hecho de que en Italia, tanto Amalfi como Bari se encontraban bajo el dominio normando.", "qas": [{"answers": [{"answer_start": 638, "text": "Afranji"}], "id": "56de10b44396321400ee2593", "question": "\u00bfCu\u00e1l era el nombre del castillo normando?"}, {"answers": [{"answer_start": 324, "text": "Oursel"}], "id": "56de10b44396321400ee2594", "question": "\u00bfQui\u00e9n era el l\u00edder cuando los francos se adentraron en el valle del \u00c9ufrates?"}, {"answers": [{"answer_start": 35, "text": "fuerzas turcas"}], "id": "56de10b44396321400ee2595", "question": "\u00bfCon qui\u00e9n se unieron los normandos en Anatolia?"}], "sentence_breaks": [[0, 157], [158, 275], [276, 400], [401, 558], [559, 669], [670, 914]], "sentences": ["Algunos normandos se unieron a las fuerzas turcas para ayudar a destruir a los estados vasallos armenios de Sas\u00fan y Tar\u00f3n en el extremo oriental de Anatolia.", "Tiempo despu\u00e9s, muchos de ellos se unieron en el sur al servicio del estado armenio en Cilicia y en los montes Tauro.", "Una fuerza de francos liderados por el normando Oursel consiguieron llegar al valle superior del \u00c9ufrates al norte de Siria.", "Adem\u00e1s, entre 1073 y 1074, 8000 de las 20 000 tropas del general armenio Filareto Brajamio eran normandas (anteriormente de Oursel) y lideradas por Raimbaud.", "Estos normandos Incluso cedieron su identidad \u00e9tnica al nombre de su castillo: Afranji, que significa francos.", "El conocido comercio entre Amalfi y Antioqu\u00eda, y entre Bari y Tarso puede que est\u00e9 relacionado con la presencia de \u00edtalo-normandos en esas ciudades y con el hecho de que en Italia, tanto Amalfi como Bari se encontraban bajo el dominio normando."]}, {"context": "Entre 1402 y 1405, el noble normando Jean de Bethencourt y el franc\u00e9s Gadifer de la Salle lideraron la expedici\u00f3n que conquist\u00f3 las islas canarias de Lanzarote, Fuerteventura y El Hierro en la costa atl\u00e1ntica de \u00c1frica. Sus tropas se agruparon en Normand\u00eda, Gascu\u00f1a y m\u00e1s tarde se vieron reforzadas por los colonos castellanos.", "qas": [{"answers": [{"answer_start": 212, "text": "\u00c1frica"}], "id": "56de49564396321400ee277a", "question": "\u00bfEnfrente a las costas de qu\u00e9 continente se encuentran las islas Canarias?"}], "sentence_breaks": [[0, 219], [220, 327]], "sentences": ["Entre 1402 y 1405, el noble normando Jean de Bethencourt y el franc\u00e9s Gadifer de la Salle lideraron la expedici\u00f3n que conquist\u00f3 las islas canarias de Lanzarote, Fuerteventura y El Hierro en la costa atl\u00e1ntica de \u00c1frica.", "Sus tropas se agruparon en Normand\u00eda, Gascu\u00f1a y m\u00e1s tarde se vieron reforzadas por los colonos castellanos."]}], "title": "Normans"}, {"paragraphs": [{"context": "Tesla era famoso por sus logros y tambi\u00e9n por sus dotes para el espect\u00e1culo que, con el tiempo, le hicieron ganarse una reputaci\u00f3n dentro de la cultura popular como arquetipo de \"cient\u00edfico loco\". Gracias a sus patentes, consigui\u00f3 acumular una considerable cantidad de dinero que luego utilizaba en su mayor\u00eda para financiarse sus propios proyectos con un \u00e9xito dispar. Vivi\u00f3 la mayor parte de su vida, incluso hasta su retiro, en diferentes hoteles de Nueva York. Despu\u00e9s de la muerte de Tesla el 7 de enero de 1943, su obra cay\u00f3 en un periodo de relativo olvido, pero en 1960 la Conferencia General de Pesos y Medidas nombr\u00f3 a la unidad de densidad de flujo magn\u00e9tico del SI el Tesla, en su honor. Por otra parte, se ha experimentado un resurgir en el inter\u00e9s popular de Tesla desde la d\u00e9cada de los 90.", "qas": [{"answers": [{"answer_start": 512, "text": "1943"}], "id": "56dfa0d84a1a83140091ebb7", "question": "\u00bfEn qu\u00e9 a\u00f1o muri\u00f3 Tesla?"}, {"answers": [{"answer_start": 632, "text": "unidad de densidad de flujo magn\u00e9tico del SI"}], "id": "56dfa0d84a1a83140091ebb8", "question": "\u00bfA qu\u00e9 se le llam\u00f3 el Tesla, en su honor?"}, {"answers": [{"answer_start": 442, "text": "hoteles de Nueva York"}], "id": "56dfa0d84a1a83140091ebb9", "question": "\u00bfD\u00f3nde vivi\u00f3 Tesla la mayor parte de su vida?"}, {"answers": [{"answer_start": 179, "text": "cient\u00edfico loco"}], "id": "56dfa0d84a1a83140091ebba", "question": "\u00bfCu\u00e1l era la reputaci\u00f3n de Tesla en la cultura popular?"}, {"answers": [{"answer_start": 207, "text": "sus patentes"}], "id": "56e0bb9f7aa994140058e6cb", "question": "\u00bfC\u00f3mo financiaba Tesla su trabajo?"}, {"answers": [{"answer_start": 512, "text": "1943"}], "id": "56e0bb9f7aa994140058e6cc", "question": "\u00bfEn qu\u00e9 a\u00f1o muri\u00f3 Tesla?"}, {"answers": [{"answer_start": 632, "text": "unidad de densidad de flujo magn\u00e9tico del SI"}], "id": "56e0bb9f7aa994140058e6cd", "question": "\u00bfA qu\u00e9 le dio el nombre de Tesla, la Conferencia General de Pesos y Medidas en 1960?"}, {"answers": [{"answer_start": 788, "text": "d\u00e9cada de los 90"}], "id": "56e0bb9f7aa994140058e6ce", "question": "\u00bfCu\u00e1ndo volvi\u00f3 la gente a interesarse otra vez por Tesla?"}, {"answers": [{"answer_start": 50, "text": "dotes para el espect\u00e1culo"}], "id": "56e0bb9f7aa994140058e6cf", "question": "Adem\u00e1s de ser conocido por sus logros cient\u00edficos, \u00bfpor qu\u00e9 otra cosa era conocido Tesla?"}], "sentence_breaks": [[0, 196], [197, 369], [370, 464], [465, 699], [700, 805]], "sentences": ["Tesla era famoso por sus logros y tambi\u00e9n por sus dotes para el espect\u00e1culo que, con el tiempo, le hicieron ganarse una reputaci\u00f3n dentro de la cultura popular como arquetipo de \"cient\u00edfico loco\".", "Gracias a sus patentes, consigui\u00f3 acumular una considerable cantidad de dinero que luego utilizaba en su mayor\u00eda para financiarse sus propios proyectos con un \u00e9xito dispar.", "Vivi\u00f3 la mayor parte de su vida, incluso hasta su retiro, en diferentes hoteles de Nueva York.", "Despu\u00e9s de la muerte de Tesla el 7 de enero de 1943, su obra cay\u00f3 en un periodo de relativo olvido, pero en 1960 la Conferencia General de Pesos y Medidas nombr\u00f3 a la unidad de densidad de flujo magn\u00e9tico del SI el Tesla, en su honor.", "Por otra parte, se ha experimentado un resurgir en el inter\u00e9s popular de Tesla desde la d\u00e9cada de los 90."]}, {"context": "Tras abandonar la compa\u00f1\u00eda de Edison, Tesla se asoci\u00f3 en 1886 con Robert Lane y Benjamin Vail, dos hombres de negocios que accedieron a financiar una compa\u00f1\u00eda de iluminaci\u00f3n el\u00e9ctrica a su nombre: Tesla Electric Light & Manufacturing. La empresa instalaba sistemas de iluminaci\u00f3n basados en la luz de arco el\u00e9ctrico que dise\u00f1\u00f3 el propio Tesla. Este tambi\u00e9n pose\u00eda dise\u00f1os para conmutadores de m\u00e1quinas el\u00e9ctricas de dinamo que le supusieron sus primeras patentes en EE. UU.", "qas": [{"answers": [{"answer_start": 66, "text": "Robert Lane y Benjamin Vail"}], "id": "56dfb5777aa994140058e021", "question": "\u00bfCon qui\u00e9n se asoci\u00f3 Tesla en 1886?"}, {"answers": [{"answer_start": 197, "text": "Tesla Electric Light & Manufacturing"}], "id": "56dfb5777aa994140058e022", "question": "\u00bfQu\u00e9 financiaron Lane y Vail?"}, {"answers": [{"answer_start": 246, "text": "instalaba sistemas de iluminaci\u00f3n basados en la luz de arco el\u00e9ctrico que dise\u00f1\u00f3 el propio Tesla"}], "id": "56dfb5777aa994140058e023", "question": "\u00bfQu\u00e9 hac\u00eda Tesla Electric Light & Manufacturing?"}, {"answers": [{"answer_start": 454, "text": "patentes"}], "id": "56dfb5777aa994140058e024", "question": "\u00bfQu\u00e9 fue lo primero que recibi\u00f3 Tesla tras crear su empresa?"}, {"answers": [{"answer_start": 256, "text": "sistemas de iluminaci\u00f3n basados en la luz de arco el\u00e9ctrico"}], "id": "56dfb5777aa994140058e025", "question": "\u00bfQu\u00e9 se produc\u00eda en la empresa de Tesla?"}, {"answers": [{"answer_start": 66, "text": "Robert Lane y Benjamin Vail"}], "id": "56e0d6cf231d4119001ac420", "question": "\u00bfCu\u00e1les eran los nombres de los nuevos socios de Tesla?"}, {"answers": [{"answer_start": 57, "text": "1886"}], "id": "56e0d6cf231d4119001ac421", "question": "\u00bfCu\u00e1ndo se form\u00f3 la sociedad entre Tesla, Lane y Vale?"}, {"answers": [{"answer_start": 197, "text": "Tesla Electric Light & Manufacturing"}], "id": "56e0d6cf231d4119001ac422", "question": "\u00bfCu\u00e1l fue el nombre de la compa\u00f1\u00eda que financiaron los empresarios?"}, {"answers": [{"answer_start": 246, "text": "instalaba sistemas de iluminaci\u00f3n basados en la luz de arco el\u00e9ctrico"}], "id": "56e0d6cf231d4119001ac423", "question": "\u00bfQu\u00e9 hacia Tesla Electric Light & Manufacturing?"}, {"answers": [{"answer_start": 38, "text": "Tesla"}], "id": "56e0d6cf231d4119001ac424", "question": "\u00bfQui\u00e9n dise\u00f1\u00f3 los sistemas de iluminaci\u00f3n que instalaba Tesla Electric Light & Manufacturing?"}], "sentence_breaks": [[0, 234], [235, 343], [344, 473]], "sentences": ["Tras abandonar la compa\u00f1\u00eda de Edison, Tesla se asoci\u00f3 en 1886 con Robert Lane y Benjamin Vail, dos hombres de negocios que accedieron a financiar una compa\u00f1\u00eda de iluminaci\u00f3n el\u00e9ctrica a su nombre: Tesla Electric Light & Manufacturing.", "La empresa instalaba sistemas de iluminaci\u00f3n basados en la luz de arco el\u00e9ctrico que dise\u00f1\u00f3 el propio Tesla.", "Este tambi\u00e9n pose\u00eda dise\u00f1os para conmutadores de m\u00e1quinas el\u00e9ctricas de dinamo que le supusieron sus primeras patentes en EE. UU."]}, {"context": "En el a\u00f1o 1900, le concedieron a Tesla las patentes por un \u00absistema de transmisi\u00f3n de energ\u00eda el\u00e9ctrica\u00bb y \u00abun transmisor el\u00e9ctrico\u00bb. Cuando Gillermo Marconi realiz\u00f3 por primera vez su famosa transmisi\u00f3n transatl\u00e1ntica de radio en 1901, Tesla sali\u00f3 con la ocurrencia de que hab\u00eda sido hecha con 17 de sus patentes, una afirmaci\u00f3n bastante dif\u00edcil de sostener. Este hecho marc\u00f3 el comienzo de a\u00f1os de batallas en relaci\u00f3n a la radio: en 1903 se ratificaron las patentes de Tesla seguido de una decisi\u00f3n opuesta en favor de Marconi en 1904. En 1943, una decision de la Corte Suprema de los Estados Unidos restaur\u00f3 las patentes previas de Tesla, Oliver Lodge y John Stone. El tribunal declar\u00f3 que su decisi\u00f3n no ten\u00eda nada que ver con la reivindicaci\u00f3n de Marconi de ser el primero en lograr la transmisi\u00f3n de radio, adem\u00e1s, puesto que las reclamaciones de Marconi sobre ciertas patentes eran cuestionables, este no pod\u00eda reclamar una violaci\u00f3n de los derechos de autor sobre ellas (La alta corte buscaba, a trav\u00e9s del simple hecho de restaurar las patentes previas de Tesla, invalidar unas reclamaciones contra el gobierno estadounidense por la Primera Guerra Mundial hechas por la empresa de Marconi).", "qas": [{"answers": [{"answer_start": 10, "text": "1900"}], "id": "56e0fc3f7aa994140058e877", "question": "\u00bfCu\u00e1ndo obtuvo Tesla la patente por su transmisor el\u00e9ctrico?"}, {"answers": [{"answer_start": 141, "text": "Gillermo Marconi"}], "id": "56e0fc3f7aa994140058e878", "question": "\u00bfQui\u00e9n fue el primero en enviar ondas de radio a trav\u00e9s del Atl\u00e1ntico?"}, {"answers": [{"answer_start": 231, "text": "1901"}], "id": "56e0fc3f7aa994140058e879", "question": "\u00bfCu\u00e1ndo se produjo la demostraci\u00f3n de radio de Marconi?"}, {"answers": [{"answer_start": 542, "text": "1943"}], "id": "56e0fc3f7aa994140058e87a", "question": "\u00bfCu\u00e1ndo se restauraron las patentes de Tesla?"}, {"answers": [{"answer_start": 567, "text": "Corte Suprema de los Estados Unidos"}], "id": "56e0fc3f7aa994140058e87b", "question": "\u00bfUn decisi\u00f3n tomada por qu\u00e9 entidad restaur\u00f3 las patentes de Tesla?"}], "sentence_breaks": [[0, 133], [134, 359], [360, 538], [539, 669], [670, 1200]], "sentences": ["En el a\u00f1o 1900, le concedieron a Tesla las patentes por un \u00absistema de transmisi\u00f3n de energ\u00eda el\u00e9ctrica\u00bb y \u00abun transmisor el\u00e9ctrico\u00bb.", "Cuando Gillermo Marconi realiz\u00f3 por primera vez su famosa transmisi\u00f3n transatl\u00e1ntica de radio en 1901, Tesla sali\u00f3 con la ocurrencia de que hab\u00eda sido hecha con 17 de sus patentes, una afirmaci\u00f3n bastante dif\u00edcil de sostener.", "Este hecho marc\u00f3 el comienzo de a\u00f1os de batallas en relaci\u00f3n a la radio: en 1903 se ratificaron las patentes de Tesla seguido de una decisi\u00f3n opuesta en favor de Marconi en 1904.", "En 1943, una decision de la Corte Suprema de los Estados Unidos restaur\u00f3 las patentes previas de Tesla, Oliver Lodge y John Stone.", "El tribunal declar\u00f3 que su decisi\u00f3n no ten\u00eda nada que ver con la reivindicaci\u00f3n de Marconi de ser el primero en lograr la transmisi\u00f3n de radio, adem\u00e1s, puesto que las reclamaciones de Marconi sobre ciertas patentes eran cuestionables, este no pod\u00eda reclamar una violaci\u00f3n de los derechos de autor sobre ellas (La alta corte buscaba, a trav\u00e9s del simple hecho de restaurar las patentes previas de Tesla, invalidar unas reclamaciones contra el gobierno estadounidense por la Primera Guerra Mundial hechas por la empresa de Marconi)."]}, {"context": "En los a\u00f1os que sucedieron a estos rumores, ni Tesla ni Edison ganaron el premio. Aunque en 1915, Edison recibi\u00f3 una propuesta de 38 posibles mientras que Tesla tambi\u00e9n recibi\u00f3 una de 38 posibles en el a\u00f1o 1937.", "qas": [{"answers": [{"answer_start": 130, "text": "38"}], "id": "56e10aa5cd28a01900c674b3", "question": "\u00bfCu\u00e1ntas posibles propuestas hab\u00edan para el premio en 1915?"}, {"answers": [{"answer_start": 56, "text": "Edison"}], "id": "56e10aa5cd28a01900c674b4", "question": "\u00bfQui\u00e9n recibi\u00f3 una propuesta en 1915?"}, {"answers": [{"answer_start": 206, "text": "1937"}], "id": "56e10aa5cd28a01900c674b5", "question": "\u00bfEn qu\u00e9 a\u00f1o Tesla recibi\u00f3 una propuesta para el premio Nobel?"}], "sentence_breaks": [[0, 81], [82, 211]], "sentences": ["En los a\u00f1os que sucedieron a estos rumores, ni Tesla ni Edison ganaron el premio.", "Aunque en 1915, Edison recibi\u00f3 una propuesta de 38 posibles mientras que Tesla tambi\u00e9n recibi\u00f3 una de 38 posibles en el a\u00f1o 1937."]}, {"context": "Sin embargo, debido a las diferentes declaraciones que realizaba, sus opiniones religiosas siguen siendo confusas. Por ejemplo, en su art\u00edculo \" Una m\u00e1quina para acabar con la guerra\", publicado en 1937, Tesla declaraba lo siguiente:", "qas": [{"answers": [{"answer_start": 143, "text": "\" Una m\u00e1quina para acabar con la guerra\""}], "id": "56e1254ae3433e1400422c66", "question": "\u00bfQu\u00e9 art\u00edculo fue publicado en 1937?"}, {"answers": [{"answer_start": 105, "text": "confusas"}], "id": "56e1254ae3433e1400422c67", "question": "Debido a ciertas declaraciones, \u00bfqu\u00e9 se cre\u00eda sobre las opiniones religiosas de Tesla?"}, {"answers": [{"answer_start": 176, "text": "guerra"}], "id": "56e1254ae3433e1400422c68", "question": "De acuerdo con el t\u00edtulo del art\u00edculo, \u00bfcon qu\u00e9 esperaba acabar la m\u00e1quina?"}], "sentence_breaks": [[0, 114], [115, 233]], "sentences": ["Sin embargo, debido a las diferentes declaraciones que realizaba, sus opiniones religiosas siguen siendo confusas.", "Por ejemplo, en su art\u00edculo \" Una m\u00e1quina para acabar con la guerra\", publicado en 1937, Tesla declaraba lo siguiente:"]}], "title": "Nikola_Tesla"}, {"paragraphs": [{"context": "La teor\u00eda de la complejidad computacional es una rama de la teor\u00eda de la computaci\u00f3n dentro de la ciencia computacional te\u00f3rica. Esta teor\u00eda se centra en la clasificaci\u00f3n de los problemas computacionales seg\u00fan su dificultad inherente y en la relaci\u00f3n de esas clases de dificultad entre s\u00ed. Un problema computacional se entiende como una tarea que en principio puede ser resuelta por un ordenador, es decir, que el problema puede ser resuelto mediante la aplicaci\u00f3n mec\u00e1nica de pasos matem\u00e1ticos tales como un algoritmo.", "qas": [{"answers": [{"answer_start": 0, "text": "La teor\u00eda de la complejidad computacional"}], "id": "56e16182e3433e1400422e28", "question": "\u00bfQu\u00e9 rama de la ciencia computacional te\u00f3rica se encarga de la clasificaci\u00f3n de los problemas computacionales por dificultad y clase de relaci\u00f3n?"}, {"answers": [{"answer_start": 213, "text": "dificultad inherente"}], "id": "56e16182e3433e1400422e29", "question": "\u00bfCu\u00e1l es el principal atributo que se utiliza para clasificar los problemas computacionales utilizando la teor\u00eda de la complejidad computacional?"}, {"answers": [{"answer_start": 178, "text": "problemas computacionales"}], "id": "56e16182e3433e1400422e2a", "question": "\u00bfQu\u00e9 t\u00e9rmino se utiliza para definir una tarea que puede ser resuelta por un ordenador?"}], "sentence_breaks": [[0, 128], [129, 289], [290, 519]], "sentences": ["La teor\u00eda de la complejidad computacional es una rama de la teor\u00eda de la computaci\u00f3n dentro de la ciencia computacional te\u00f3rica.", "Esta teor\u00eda se centra en la clasificaci\u00f3n de los problemas computacionales seg\u00fan su dificultad inherente y en la relaci\u00f3n de esas clases de dificultad entre s\u00ed.", "Un problema computacional se entiende como una tarea que en principio puede ser resuelta por un ordenador, es decir, que el problema puede ser resuelto mediante la aplicaci\u00f3n mec\u00e1nica de pasos matem\u00e1ticos tales como un algoritmo."]}, {"context": "La instancia de un problema, cuando se habla de problemas computacionales, es una cadena de elementos de un alfabeto. Por lo general, el alfabeto que se utiliza es el binario (es decir, combinaciones de 0 y 1) y por ello, estas cadenas reciben el nombre de cadenas de bits. Como ocurre en una computadora del mundo real, los objetos matem\u00e1ticos que no son cadenas de bits deben estar debidamente codificados. Por ejemplo, los n\u00fameros enteros pueden representarse como notaci\u00f3n binaria y los gr\u00e1ficos se pueden codificar directamente, o bien a trav\u00e9s de sus matrices de adyacencia, o bien a trav\u00e9s de sus listas de adyacencia en c\u00f3digo binario.", "qas": [{"answers": [{"answer_start": 0, "text": "La instancia de un problema"}], "id": "56e181d9e3433e1400422fa0", "question": "En un problema computacional, \u00bfqu\u00e9 es lo que se describe como un cadena de elementos de un alfabeto? "}, {"answers": [{"answer_start": 167, "text": "binario"}], "id": "56e181d9e3433e1400422fa1", "question": "\u00bfC\u00f3mo se llama el alfabeto usado normalmente en una instancia?"}, {"answers": [{"answer_start": 257, "text": "cadenas de bits"}], "id": "56e181d9e3433e1400422fa2", "question": "\u00bfDe qu\u00e9 otra manera se puede llamar a la cadena de una instancia?"}, {"answers": [{"answer_start": 468, "text": "notaci\u00f3n binaria"}], "id": "56e181d9e3433e1400422fa3", "question": "En cuanto a la codificaci\u00f3n de objetos matem\u00e1ticos, \u00bfDe qu\u00e9 manera se expresan normalmente los n\u00fameros enteros?"}, {"answers": [{"answer_start": 557, "text": "matrices de adyacencia"}], "id": "56e181d9e3433e1400422fa4", "question": "\u00bfDe qu\u00e9 manera se pueden codificar los gr\u00e1ficos?"}], "sentence_breaks": [[0, 117], [118, 273], [274, 408], [409, 643]], "sentences": ["La instancia de un problema, cuando se habla de problemas computacionales, es una cadena de elementos de un alfabeto.", "Por lo general, el alfabeto que se utiliza es el binario (es decir, combinaciones de 0 y 1) y por ello, estas cadenas reciben el nombre de cadenas de bits.", "Como ocurre en una computadora del mundo real, los objetos matem\u00e1ticos que no son cadenas de bits deben estar debidamente codificados.", "Por ejemplo, los n\u00fameros enteros pueden representarse como notaci\u00f3n binaria y los gr\u00e1ficos se pueden codificar directamente, o bien a trav\u00e9s de sus matrices de adyacencia, o bien a trav\u00e9s de sus listas de adyacencia en c\u00f3digo binario."]}, {"context": "Tener la idea de que los problemas de funci\u00f3n pueden ser m\u00e1s enriquecedores que los problemas de decisi\u00f3n puede llegar a ser tentador. Sin embargo, la realidad es otra, ya que los problemas de funci\u00f3n pueden reconvertirse en problemas de decisi\u00f3n. Por ejemplo, la multiplicaci\u00f3n de dos n\u00fameros enteros puede expresarse como un conjunto de triples (a, b, c) de tal manera que se mantenga la relaci\u00f3n a \u00d7 b = c. Decidir si uno de esos triples dados pertenece o no al conjunto es algo que le corresponde a la soluci\u00f3n del problema de multiplicar dos n\u00fameros.", "qas": [{"answers": [{"answer_start": 225, "text": "problemas de decisi\u00f3n"}], "id": "56e1a0dccd28a01900c67a2e", "question": "\u00bfC\u00f3mo puede ser reformulado un problema de funci\u00f3n?"}, {"answers": [{"answer_start": 327, "text": "conjunto de triples"}], "id": "56e1a0dccd28a01900c67a2f", "question": "Si dos n\u00fameros enteros se multiplican y generan un valor, \u00bfqu\u00e9 nombre recibe ese conjunto?"}], "sentence_breaks": [[0, 134], [135, 247], [248, 409], [410, 555]], "sentences": ["Tener la idea de que los problemas de funci\u00f3n pueden ser m\u00e1s enriquecedores que los problemas de decisi\u00f3n puede llegar a ser tentador.", "Sin embargo, la realidad es otra, ya que los problemas de funci\u00f3n pueden reconvertirse en problemas de decisi\u00f3n.", "Por ejemplo, la multiplicaci\u00f3n de dos n\u00fameros enteros puede expresarse como un conjunto de triples (a, b, c) de tal manera que se mantenga la relaci\u00f3n a \u00d7 b = c.", "Decidir si uno de esos triples dados pertenece o no al conjunto es algo que le corresponde a la soluci\u00f3n del problema de multiplicar dos n\u00fameros."]}, {"context": "El uso de un modelo computacional, como una m\u00e1quina de Turing determinista, se hace necesario a la hora de obtener una definici\u00f3n m\u00e1s precisa de los que significa resolver un problema a partir de un tiempo y un espacio dado. El tiempo requerido por una m\u00e1quina de Turing determinista M sobre una entrada x es el n\u00famero total de cambios de estado o pasos que la m\u00e1quina realiza antes de detenerse y generar una respuesta (s\u00ed o no). Se dice que una m\u00e1quina de Turing M funciona con un tiempo f(n), si el tiempo requerido por M a lo largo de cada entrada n es como mucho f(n). Un problema de decisi\u00f3n puede resolverse en un tiempo f(n), si existe una m\u00e1quina de Turing, funcionando en ese tiempo f(n), que resuelva el problema. Puesto que la teor\u00eda de la complejidad busca clasificar los problemas en funci\u00f3n de su dificultad, se definen una serie de problemas en base a ciertos criterios. Por ejemplo, un conjunto de problemas que pueden resolverse dentro de un tiempo f(n) en una m\u00e1quina de Turing determinista, se define como DTIME(f(n)).", "qas": [{"answers": [{"answer_start": 328, "text": "cambios de estado"}], "id": "56e1b62ecd28a01900c67aa3", "question": "\u00bfC\u00f3mo se llama el tiempo requerido por una m\u00e1quina de Turing determinista para generar una respuesta?"}, {"answers": [{"answer_start": 812, "text": "dificultad"}], "id": "56e1b62ecd28a01900c67aa4", "question": "\u00bfEn qu\u00e9 atributo se basa la teor\u00eda de la complejidad para clasificar problemas?"}, {"answers": [{"answer_start": 1026, "text": "DTIME(f(n))"}], "id": "56e1b62ecd28a01900c67aa5", "question": "\u00bfC\u00f3mo se define al conjunto de problemas que pueden resolverse dentro de un tiempo f(n) en una m\u00e1quina de Turing determinista?"}, {"answers": [{"answer_start": 199, "text": "tiempo"}], "id": "56e1b62ecd28a01900c67aa6", "question": "A la hora de evaluar y determinar la capacidad de la m\u00e1quina de Turing para resolver una serie de problemas dado, \u00bfcu\u00e1l es el factor m\u00e1s importante a tener en cuenta?"}], "sentence_breaks": [[0, 224], [225, 430], [431, 573], [574, 724], [725, 886], [887, 1038]], "sentences": ["El uso de un modelo computacional, como una m\u00e1quina de Turing determinista, se hace necesario a la hora de obtener una definici\u00f3n m\u00e1s precisa de los que significa resolver un problema a partir de un tiempo y un espacio dado.", "El tiempo requerido por una m\u00e1quina de Turing determinista M sobre una entrada x es el n\u00famero total de cambios de estado o pasos que la m\u00e1quina realiza antes de detenerse y generar una respuesta (s\u00ed o no).", "Se dice que una m\u00e1quina de Turing M funciona con un tiempo f(n), si el tiempo requerido por M a lo largo de cada entrada n es como mucho f(n).", "Un problema de decisi\u00f3n puede resolverse en un tiempo f(n), si existe una m\u00e1quina de Turing, funcionando en ese tiempo f(n), que resuelva el problema.", "Puesto que la teor\u00eda de la complejidad busca clasificar los problemas en funci\u00f3n de su dificultad, se definen una serie de problemas en base a ciertos criterios.", "Por ejemplo, un conjunto de problemas que pueden resolverse dentro de un tiempo f(n) en una m\u00e1quina de Turing determinista, se define como DTIME(f(n))."]}, {"context": "Se sospecha, aunque no ha sido demostrado, que muchas clases de complejidad conocidas pueden ser desiguales. Por ejemplo: P \u2286 NP \u2286 PP \u2286 PSPACE, aunque es posible que P = PSPACE. En el caso de que P no sea igual a NP, entonces P tampoco ser\u00e1 igual a PSPACE. Dada la existencia de tantas clases de complejidad conocidas entre P y PSPACE como RP, BPP, PP, BQP, MA, PH, etc. es posible que todas estas clases converjan en una sola. Conseguir probar que alguna de estas clases es desigual supondr\u00eda un gran descubrimiento en la teor\u00eda de la complejidad.", "qas": [{"answers": [{"answer_start": 97, "text": "desiguales"}], "id": "56e1ee4de3433e1400423210", "question": "\u00bfCu\u00e1l es el supuesto no demostrado generalmente atribuido al valor de las clases de complejidad?"}, {"answers": [{"answer_start": 122, "text": "P \u2286 NP \u2286 PP \u2286 PSPACE"}], "id": "56e1ee4de3433e1400423211", "question": "\u00bfCu\u00e1l es la secuencia que puede utilizarse para ilustrar esta sospechada desigualdad de las clases de complejidad?"}, {"answers": [{"answer_start": 318, "text": "entre P y PSPACE"}], "id": "56e1ee4de3433e1400423212", "question": "\u00bfEn d\u00f3nde pueden ubicarse las clases de complejidad RP, BPP, PP, BQP, MA y PH?"}, {"answers": [{"answer_start": 428, "text": "Conseguir probar que alguna de estas clases es desigual"}], "id": "56e1ee4de3433e1400423214", "question": "\u00bfCu\u00e1l es la demostraci\u00f3n entre las clases de complejidad complejas que significar\u00eda un punto de inflexi\u00f3n en la teor\u00eda de la complejidad?"}], "sentence_breaks": [[0, 108], [109, 177], [178, 256], [257, 370], [371, 427], [428, 548]], "sentences": ["Se sospecha, aunque no ha sido demostrado, que muchas clases de complejidad conocidas pueden ser desiguales.", "Por ejemplo: P \u2286 NP \u2286 PP \u2286 PSPACE, aunque es posible que P = PSPACE.", "En el caso de que P no sea igual a NP, entonces P tampoco ser\u00e1 igual a PSPACE.", "Dada la existencia de tantas clases de complejidad conocidas entre P y PSPACE como RP, BPP, PP, BQP, MA, PH, etc.", "es posible que todas estas clases converjan en una sola.", "Conseguir probar que alguna de estas clases es desigual supondr\u00eda un gran descubrimiento en la teor\u00eda de la complejidad."]}], "title": "Computational_complexity_theory"}]}