{
        "data": [       
                { "title": "new_wiki dummy data",
                        "paragraphs": [
                                { "context": "This is a paragraph from wikipedia.",
                                        "qas": [
                                                { "question": "Where is this paragraph from?",
                                                        "id": "090909",
                                                        "answers": [
                                                                { "answer_start": 25,
                                                                  "text": "wikipedia"
                                                                }
                                                        ]
                                                }
                                        ]
                        }
                        ]
                }
        ]
}
