path	sentence	client_id
common_voice_fr_17732749.mp3	Madame la baronne Pfeffers.	796d9ae74694eadea3f343a7e0dfe35f89a6a321d534846c71bf4c56ee1d4629b9d8c116fc8a3adb1b6b79af91e6719becb103c3b2ccf0b84f7ffd277598784e
common_voice_fr_17732750.mp3	Vous savez aussi bien que moi que de nombreuses molécules innovantes ont malheureusement déçu.	796d9ae74694eadea3f343a7e0dfe35f89a6a321d534846c71bf4c56ee1d4629b9d8c116fc8a3adb1b6b79af91e6719becb103c3b2ccf0b84f7ffd277598784e
common_voice_fr_19761885.mp3	"Une partie, fûts, fut dirigée vers le port de L'Ardoise."	0019038a2ef13696ee038f984fa991f3c4086d18726b0638b3175a2125d3c3c1812feb7b62841a5d2af48cf2e9226fb8060d41e1f869815fe6ccf55a93c29d03
common_voice_fr_19761886.mp3	"Aujourd'hui, elle est composée d'une trentaine de chercheurs, militaires et contractuels..."	0019038a2ef13696ee038f984fa991f3c4086d18726b0638b3175a2125d3c3c1812feb7b62841a5d2af48cf2e9226fb8060d41e1f869815fe6ccf55a93c29d03
common_voice_fr_20046123.mp3	La famille devra alors tout réapprendre.	004b83c7c72d281c47d20d63c2e18f7463faff5bef6f7d86f14b964b3535aaacacd6fb0542f994a9dd5f29a2d7ebacec7c0d98513d84cbc1c9a05ceba4b4743f
common_voice_fr_19364697.mp3	Ce site contient quatre tombeaux de la dynastie achéménide et sept des Sassanides.	0174221e49c787eb39c0f8af02c17d09bb19f73daf70df0f909d0c5d3e7e6e7d49dd5bba01ce3d2755d176c098a22952cff5d4f1b2a62c5aa53c86c1a4aa2b7f
