<benchmark>
  <entries>
    <entry category="SportsTeam" eid="Id1" shape="(X (X (X)) (X (X) (X)))" shape_type="mixed" size="5">
      <originaltripleset>
        <otriple>A.C._Lumezzane | manager | Michele_Marcolini</otriple>
        <otriple>A.C._Lumezzane | ground | Italy</otriple>
        <otriple>Italy | leader | Pietro_Grasso</otriple>
        <otriple>Michele_Marcolini | clubs | F.C._Bari_1908</otriple>
        <otriple>Michele_Marcolini | team | Vicenza_Calcio</otriple>
      </originaltripleset>
      <modifiedtripleset>
        <mtriple>A.C._Lumezzane | manager | Michele_Marcolini</mtriple>
        <mtriple>A.C._Lumezzane | ground | Italy</mtriple>
        <mtriple>Italy | leader | Pietro_Grasso</mtriple>
        <mtriple>Michele_Marcolini | club | F.C._Bari_1908</mtriple>
        <mtriple>Michele_Marcolini | club | Vicenza_Calcio</mtriple>
      </modifiedtripleset>
      <lex comment="good" lid="Id1">Italy is led by Pietro Grasso and is where AC Lumezzane play. Their manager is Michele Marcolini who is in the Vicenza Calcio club and plays for FC Bari 1908.</lex>
      <lex comment="good" lid="Id2">The manager of A.C. Lumezzane is Michele Marcolini who has played for F.C. Bari 1908 and Vicenza Calcio. A.C. Lumezzane's ground is in Italy where the leader is Pietro Grasso.</lex>
    </entry>
    </entries>
</benchmark>