AssignmentId,WorkTimeInSeconds,WorkerId,annotatorAge,annotatorGender,annotatorRace,distracted,draining,frequency,importance,logTimeSinceEvent,mainEvent,memType,mostSurprising,openness,recAgnPairId,recImgPairId,similarity,similarityReason,story,stressful,summary,timeSinceEvent
32RIADZISTQWI5XIVG5BN0VMYFRS4U,1641,XI8VK89S,25,man,white,1,1,,3,4.49980967,attending a show,imagined,when I got concert tickets,0,,3018Q3ZVOJCZJFDMPSFXATCQ4DARA2,3,"I've been to a couple concerts, but not many.","Concerts are my most favorite thing, and my boyfriend knew it. That's why, for our anniversary, he got me tickets to see my favorite artist. Not only that, but the tickets were for an outdoor show, which I love much more than being in a crowded stadium. Since he knew I was such a big fan of music, he got tickets for himself, and even a couple of my friends. ",1,My boyfriend and I went to a concert together and had a great time. We met some of my friends there and really enjoyed ourselves watching the sunset.,90
3018Q3ZVOJCZJFDMPSFXATCQ4DARA2,1245,1HN5ZZ1D,25,woman,white,1,1,3,4,4.49980967,a concert.,recalled,we saw the beautiful sky.,1,,3018Q3ZVOJCZJFDMPSFXATCQ4DARA2,,,"The day started perfectly, with a great drive up to Denver for the show. Me and my boyfriend didn't hit any traffic on the way to Red Rocks, and the weather was beautiful. We met up with my friends at the show, near the top of the theater, and laid down a blanket. The opener came on, and we danced our butts off to the banjoes and mandolins that were playing on-stage. ",1,My boyfriend and I went to a concert together and had a great time. We met some of my friends there and really enjoyed ourselves watching the sunset.,90
3IRIK4HM3B6UQBC0HI8Q5TBJZLEC61,1159,8SBPL7EI,35,woman,black,1,1,,4,5.010635294,my sister having her twins a little early,imagined,she went into labor early,0.5,,3018Q3ZVOJCZJFDMPSFXATCQG04RAI,3,I am a mother myself,It seems just like yesterday but today makes five months ago it happened. I had been watching my phone like an owl for the past week. I was waiting for a work related call that my team was waiting for to close a important deal. It wasnt the call I expected though. It was for  my sister was in labor with the twins. My sister is only 7 months pregnant.,1,"My sister gave birth to my twin niece and nephew.  I visited them in the hospital and held them just after they were born.  They were premature and tiny, but strong and healthy.",150
3018Q3ZVOJCZJFDMPSFXATCQG04RAI,500,M1QQED2V,30,woman,white,1,4,3,5,5.010635294,meeting my twin niece and nephew.,recalled,finding out they were healthy.,1,,3018Q3ZVOJCZJFDMPSFXATCQG04RAI,,,"Five months ago, my niece and nephew were born.  They are my sister's first children, and I was so excited when she announced she was pregnant and I would be an aunt.  It was a huge shock when we learned she was having twins!  When they were born, I went to the hospital to visit with them.  I didn't stay long, even though she and her husband were exhausted.  ",2,"My sister gave birth to my twin niece and nephew.  I visited them in the hospital and held them just after they were born.  They were premature and tiny, but strong and healthy.",150
3MTMREQS4W44RBU8OMP3XSK8NMJAWZ,1074,DU3RPZDB,25,man,white,2,2,,3,3.401197382,the consequences of going to burning man,imagined,When I don't answer the phone in case I owe them money,0.25,,3018Q3ZVOJCZJFDMPSFXATCQG06AR3,4,Because I also have money problems,About a month ago I went to burning man. I was having a hard time in my life and felt like I needed a break. So I went to burning man. I had a lot of fun and met some friends. But now after it is done I'm having financial problems. My bills keep coming and I owe people. Including my new friends. Everyday bills come and new bills come in the mail. ,4,"It is always a journey for me to go to burning man. I am having a hard time catching up on my bills now. I need extra money somehow and also, need to pay people back and get current on all of my bills.",30
3018Q3ZVOJCZJFDMPSFXATCQG06AR3,931,R019IW09,35,woman,white,1,1,5,5,3.401197382,about my journey this year to Burning Man metamorphoses,recalled,that I had to borrow money from Quickstep.,1,,3018Q3ZVOJCZJFDMPSFXATCQG06AR3,,,"Burning Man metamorphoses was perfect. I am definitely still recovering from it. It is strange, now that I go out there and actually enjoy it more, I have a much harder time out in the default world. I was gifted a tourmalized quartz by a super nice guy that was a volunteer at the box office. ",1,"It is always a journey for me to go to burning man. I am having a hard time catching up on my bills now. I need extra money somehow and also, need to pay people back and get current on all of my bills.",30
36WLNQG780WFTLD990VT6XXEYVQEBZ,2062,ZEHXY3LP,35,woman,black,3,1,,4,4.49980967,a scary car ride where we swerved on our way to a park.,imagined,Lynn pinched Eric's rear and his reaction.,1,,3018Q3ZVOJCZJFDMPSFXATCQG1OARN,1,"I've been on road trips before, but never to Acadia National Park.","Play stupid games, win stupid prizes road trip edition. Yikes. I still cringe to this day thinking about what happened three months ago. So Lynn, Eric and I were on the last leg of our road trip. We were heading to Acadia National Park. We were having a good time talking about what podcasts we were listening to lately.",2,"What happened is that I was on a trip with my friends going to Acadia National Park. During the car ride there, we got a little out of hand and the driver started to swerve, and we got pulled over by a cop and everything was fine. Just the moment itself was extremely scary.",90
3018Q3ZVOJCZJFDMPSFXATCQG1OARN,697,LSWE9KDD,18,man,asian,1,4,5,5,4.49980967,a bad driving experience on the way to Acadia National Park,recalled,we got pulled over the cops because of our driving.,0.375,,3018Q3ZVOJCZJFDMPSFXATCQG1OARN,,,"Dear Diary,I would say this happened about 3 months ago. It was during the summer, and all of our bags were packed. My friends and I were ready to go to our trip to Acadia National Park.  We were extremely excited for this because we planned this all year long, and it was finally time to embark on our journey together.",1,"What happened is that I was on a trip with my friends going to Acadia National Park. During the car ride there, we got a little out of hand and the driver started to swerve, and we got pulled over by a cop and everything was fine. Just the moment itself was extremely scary.",90
32Z9ZLUT1M6BWPTK368LXKUQWLLOHY,2213,83KHTZTN,25,woman,white,1,1,,4,3.401197382,my girlfriend and I going to the zoo.,imagined,we were able to see the penguins,1,,304SM51WA4QG34IRAVFYVE1S8XNSBV,4,I really enjoy going to the zoo with friends and my fiancee.,"I wanted to write about one of the best days in the past year. My girlfriend, and I went to the Columbus Zoo about a month ago. It happened to be one of the hottest days recorded in July in the city! We had been planning this trip for weeks, so despite the weather, we decided to stick to our plans. ",1,"Me and my girlfriend went to the zoo on a hot day. We saw many animals like giraffes, gorillas, elephants, snakes, tigers, lions etc.",30
3YGXWBAF713GBO8MYUFB8VR53RKC4M,7228,4MFUAYFX,25,man,hisp,1,1,2,2,5.347107531,a trip to the Los Angeles zoo with my girlfriend.,retold,one giraffe made eye contact with me and got close to me.,0.625,304SM51WA4QG34IRAVFYVE1S8XNSBV,,,,Me and my girlfriend had gone to the Los Angeles Zoo. I can't exactly remember the day but I believe it was either April or May or maybe June. It was a hot day that day and it was spur of the moment trip. I honestly wasn't particularly excited to go but my girlfriend had been bugging me for months to go to the zoo so I finally said let's go. ,1,"Me and my girlfriend went to the zoo on a hot day. We saw many animals like giraffes, gorillas, elephants, snakes, tigers, lions etc.",210
304SM51WA4QG34IRAVFYVE1S8XNSBV,1402,4MFUAYFX,25,man,hisp,1,1,2,3,3.401197382,a trip to the zoo.,recalled,a giraffe stared at me and got really close to me,0.125,304SM51WA4QG34IRAVFYVE1S8XNSBV,304SM51WA4QG34IRAVFYVE1S8XNSBV,,,"About a month ago me and my girlfriend went to the zoo. It was an unexpected trip we just decided to go on a random Wednesday. It was a pretty hot day that day considering it was the middle of July. As soon as we got in, we saw that there were some seals to the left of the entrance so we saw them for a few minutes. ",1,"Me and my girlfriend went to the zoo on a hot day. We saw many animals like giraffes, gorillas, elephants, snakes, tigers, lions etc.",30
37W3JXSD67U5NTSB4S3J0E2E1OJYWP,1283,YGZPTKXD,50,man,white,1,4,,4,2.63905733,About being in danger while researching people,imagined,That a taxi driver showed up just in time,0.375,,304SM51WA4QG34IRAVFYVE1SAOBSB3,4,"Over the years, I've been in a number of danger spots, whether in Somalia, the Philippines, Thailand etc. things can always go south when you are studying people, especially if you're in a 3rd world country","I was on vacation because I visit Southeast Asia once in a while. Every few years at least. I was in a small tourist town in Thailand right by Pattaya Beach. I was out fairly late one evening and decided to just roam around the city and take some pictures of the citizens there, the shops, nightclubs etc.",2,My life was endangered for doing research on people. I suffered a lot because of this. I like to that myself for the subsidy of my actions.,14
35LDD5557BQEYC9GWBW5I8LCG5AKMA,4925,HE3SATVD,30,man,black,3,4,3,3,5.192956851,my cousin's wedding,retold,me going to the wedding,0.25,304SM51WA4QG34IRAVFYVE1SAOBSB3,,,,"My Cousin's WeddingWe went to my cousin’s wedding. It was a lovely wedding– very unlike any wedding I’ve yet been to, but a lot like the weddings in the movies (you know, like The Wedding Crashers… never understood why someone would *want* to go to a wedding they weren’t invited to).  The ceremony was short and simple, though there were a lot of attendants, complete with flower girl and ring-bearer.  The bride had both her father and step-father give her away, one on each arm.  The Lutheran minister was kind of a jolly middle-aged woman.",4,My life was endangered for doing research on people. I suffered a lot because of this. I like to that myself for the subsidy of my actions.,180
304SM51WA4QG34IRAVFYVE1SAOBSB3,978,HE3SATVD,30,man,black,1,2,4,3,2.63905733,A day at the library,recalled,people watching me,0.25,304SM51WA4QG34IRAVFYVE1SAOBSB3,304SM51WA4QG34IRAVFYVE1SAOBSB3,,,It happen 2 weeks ago at the library. Stared out a normal day at the library when Notice people was watching me and whispering things about me at the library. I figured at first that my looks stood out but when others who looked like me did not get the same attention and on top of that they left early to avoid attention. I quickly notice my life is endanger.,2,My life was endangered for doing research on people. I suffered a lot because of this. I like to that myself for the subsidy of my actions.,14
3WOKGM4L7220LPNO5Y10RSV9BSQ0OS,765,K7KSXBFI,40,man,white,1,1,,4,4.49980967,about realizing my parents will not live forever,imagined,Walking into the house I grew up in and seeing in cluttered,1,,304SM51WA4QG34IRAVFYVE1SKNTBSC,3,"My parents are getting older, so it is a concern their health will start failing in the next 10-20 years.","It's really easy to forget that our parents aren't our world. I always relied on my dad and step-mom for guidance and support. Anytime  I had a problem, I could always count on them, whether it be general life advice, help bailing me out on a late rent payment, or just general hanging out. I always thought they'd be there for ever.",1,"Children sometimes loose track of how much time we are dedicating to our parents. Until one day you find out something about them you had no idea about. That I when you stop to realize that our parents are not forever, we must enjoy as much time as we can with them before they are gone.",90
304SM51WA4QG34IRAVFYVE1SKNTBSC,2000,NEKPCW1S,18,woman,hisp,1,1,5,5,4.49980967,my mother and I getting closer,recalled,i did not my mom didnt know how to swim after so many years,1,,304SM51WA4QG34IRAVFYVE1SKNTBSC,,,"This event occurred over 3 months ago. I will forever remember it as something sticking and in all honesty, the day I became an adult. Not that I wasn't one already. On that day, I remember I did everything as I would each day prior to work. I ate breakfast, drank my regular cup of coffee with cinnamon sprinkled on top, etc. However, on my way home, I began thinking about an argument I had with my mom a few days prior.",1,"Children sometimes loose track of how much time we are dedicating to our parents. Until one day you find out something about them you had no idea about. That I when you stop to realize that our parents are not forever, we must enjoy as much time as we can with them before they are gone.",90
3AAPLD8UCD3R9HYSZNUKRU0C0MIHTI,3140,593W5UF8,35,man,white,1,1,,4,1.945910149,A surprising turn of events,imagined,a bag of empty weed emerges,1,,308Q0PEVB9Z8LX0Y7Z7O060F6NK9IJ,5,"This actually happened to me, though I was the driver in it, with no passengers. I simply reinvented reality.","It didn't seem we were even doing anything illegal. Sure, we had rolled through a stop sign, but that normally is just a slap on the wrist. A slap on the wrist--if not, for that empty bag of marijuana in the passenger's side door panels we had forgotten about. ""Do you agree to a search?"" the officer asked. ",1,There was an arrest. I bailed out my friend. It was a surprising event. Lucky for us things turned out okay.,7
351SEKWQS136K6364UAIEVQN9UYMDV,2492,FDOZ7KVO,40,man,black,1,3,,5,1.945910149,my friend getting arrested at his job,imagined,I learned he was arrested and had used my car as a ploy,0.25,,308Q0PEVB9Z8LX0Y7Z7O060F6NK9IJ,5,This is an event that could happen to anyone - so the lesson is to be careful.,"Three weeks ago, a good friend asked if he could use my car to go to work because he was having trouble. I thought, no problem, and told him it would be ok since I was off that day. I told him just to gas up and get it back safely after his shift. Little did I know that he had other plans in store that involved the law and I was being taken for a ride so to speak. This is the story of how my good friend got arrested and it led to the end of our friendship.",3,There was an arrest. I bailed out my friend. It was a surprising event. Lucky for us things turned out okay.,7
3NAPMVF0ZX10WTY33ZOCZU2SUYL72I,6488,AXJ0SHSA,30,man,white,4,4,4,4,4.094344562,my friend's  arrest,retold,the charges against my friend,-0.125,308Q0PEVB9Z8LX0Y7Z7O060F6NK9IJ,,,,"I remember the event like it was just yesterday. When I received the phone call from my friend that he had been arrested I was very surprised. This was not a usual occurrence in my friend circle, actually this was the first time I had to go bail my friend out. I remember how told me how and why he was arrested.",3,There was an arrest. I bailed out my friend. It was a surprising event. Lucky for us things turned out okay.,60
