<benchmark>
  <entries>
    <entry category="Athlete" eid="Id1" size="5">
      <originaltripleset>
        <otriple>A.C._Milan | league | Serie_A</otriple>
        <otriple>Alessio_Romagnoli | clubs | A.C._Milan</otriple>
        <otriple>A.C._Milan | manager | Siniša_Mihajlović</otriple>
        <otriple>Alessio_Romagnoli | team | Italy_national_under-16_football_team</otriple>
        <otriple>Alessio_Romagnoli | position | Defender_(association_football)</otriple>
      </originaltripleset>
      <modifiedtripleset>
        <mtriple>A.C._Milan | league | Serie_A</mtriple>
        <mtriple>Alessio_Romagnoli | club | A.C._Milan</mtriple>
        <mtriple>A.C._Milan | manager | Siniša_Mihajlović</mtriple>
        <mtriple>Alessio_Romagnoli | club | Italy_national_under-16_football_team</mtriple>
        <mtriple>Alessio_Romagnoli | position | Defender_(football)</mtriple>
      </modifiedtripleset>
      <lex comment="good" lid="Id1">Defender and under 16 Italy international footballer Alessio Romagnoli plays for the Serie A side AC Milan, which is managed by Siniša Mihajlović.</lex>
      <lex comment="good" lid="Id2">Alessio Romagnoli previously played for the Italian national under 16 football team where he was one of the defenders. He now plays for in Serie A for A C Milan who are managed by Sinisa Mihajlovic.</lex>
      <lex comment="good" lid="Id3">Alessio Romagnoli is a defender and played in the Italy national under 16's football team. He also in the Serie A league for AC Milan who are managed by Sinisa Mihajlovic.</lex>
    </entry>
    </entries>
</benchmark>