<benchmark>
  <entries>
    <entry category="City" eid="Id1" size="5">
      <originaltripleset>
        <otriple>Abilene,_Texas | areaWater | 1.42449e+07</otriple>
        <otriple>Abilene,_Texas | elevation | "523.951"^^xsd:double</otriple>
        <otriple>Abilene,_Texas | areaCode | 325</otriple>
        <otriple>Abilene,_Texas | populationDensity | "429.9"^^&lt;http://dbpedia.org/datatype/inhabitantsPerSquareKilometre&gt;</otriple>
        <otriple>Abilene,_Texas | areaTotal | "286.4526850031616"^^&lt;http://dbpedia.org/datatype/squareKilometre&gt;</otriple>
      </originaltripleset>
      <originaltripleset>
        <otriple>Abilene,_Texas | areaWater | 1.42e+07</otriple>
        <otriple>Abilene,_Texas | elevation | "523.951"^^xsd:double</otriple>
        <otriple>Abilene,_Texas | areaCode | 325</otriple>
        <otriple>Abilene,_Texas | populationDensity | "429.9"^^&lt;http://dbpedia.org/datatype/inhabitantsPerSquareKilometre&gt;</otriple>
        <otriple>Abilene,_Texas | areaTotal | "286.4526850031616"^^&lt;http://dbpedia.org/datatype/squareKilometre&gt;</otriple>
      </originaltripleset>
      <originaltripleset>
        <otriple>Abilene,_Texas | areaWater | 1.42449e+07</otriple>
        <otriple>Abilene,_Texas | elevation | "524.0"^^xsd:double</otriple>
        <otriple>Abilene,_Texas | populationDensity | "429.9"^^&lt;http://dbpedia.org/datatype/inhabitantsPerSquareKilometre&gt;</otriple>
        <otriple>Abilene,_Texas | areaTotal | "286.5"^^&lt;http://dbpedia.org/datatype/squareKilometre&gt;</otriple>
        <otriple>Abilene,_Texas | areaCode | "325"</otriple>
      </originaltripleset>
      <originaltripleset>
        <otriple>Abilene,_Texas | areaWater | 1.42449e+07</otriple>
        <otriple>Abilene,_Texas | elevation | "524.0"^^xsd:double</otriple>
        <otriple>Abilene,_Texas | populationDensity | "429.9"^^xsd:double</otriple>
        <otriple>Abilene,_Texas | areaTotal | "286.4526850031616"^^&lt;http://dbpedia.org/datatype/squareKilometre&gt;</otriple>
        <otriple>Abilene,_Texas | areaCode | "325"</otriple>
      </originaltripleset>
      <originaltripleset>
        <otriple>Abilene,_Texas | areaWater | 1.42449e+07</otriple>
        <otriple>Abilene,_Texas | elevation | "524.0"^^xsd:double</otriple>
        <otriple>Abilene,_Texas | populationDensity | "429.9"^^&lt;http://dbpedia.org/datatype/inhabitantsPerSquareKilometre&gt;</otriple>
        <otriple>Abilene,_Texas | areaTotal | "286.4526850031616"^^&lt;http://dbpedia.org/datatype/squareKilometre&gt;</otriple>
        <otriple>Abilene,_Texas | areaCode | "325"</otriple>
      </originaltripleset>
      <originaltripleset>
        <otriple>Abilene,_Texas | areaWater | 1.42e+07</otriple>
        <otriple>Abilene,_Texas | elevation | "524.0"^^xsd:double</otriple>
        <otriple>Abilene,_Texas | areaCode | 325</otriple>
        <otriple>Abilene,_Texas | populationDensity | "429.9"^^&lt;http://dbpedia.org/datatype/inhabitantsPerSquareKilometre&gt;</otriple>
        <otriple>Abilene,_Texas | areaTotal | "286.4526850031616"^^&lt;http://dbpedia.org/datatype/squareKilometre&gt;</otriple>
      </originaltripleset>
      <originaltripleset>
        <otriple>Abilene,_Texas | areaWater | 1.42449e+07</otriple>
        <otriple>Abilene,_Texas | elevation | "523.951"^^xsd:double</otriple>
        <otriple>Abilene,_Texas | populationDensity | "429.9"^^&lt;http://dbpedia.org/datatype/inhabitantsPerSquareKilometre&gt;</otriple>
        <otriple>Abilene,_Texas | areaTotal | "286.4526850031616"^^&lt;http://dbpedia.org/datatype/squareKilometre&gt;</otriple>
        <otriple>Abilene,_Texas | areaCode | "325"</otriple>
      </originaltripleset>
      <originaltripleset>
        <otriple>Abilene,_Texas | areaWater | 1.42449e+07</otriple>
        <otriple>Abilene,_Texas | elevation | "524.0"^^xsd:double</otriple>
        <otriple>Abilene,_Texas | populationDensity | "429.9"^^xsd:double</otriple>
        <otriple>Abilene,_Texas | areaCode | 325</otriple>
        <otriple>Abilene,_Texas | areaTotal | "286.4526850031616"^^&lt;http://dbpedia.org/datatype/squareKilometre&gt;</otriple>
      </originaltripleset>
      <originaltripleset>
        <otriple>Abilene,_Texas | areaWater | 1.42e+07</otriple>
        <otriple>Abilene,_Texas | elevation | "524.0"^^xsd:double</otriple>
        <otriple>Abilene,_Texas | populationDensity | "429.9"^^xsd:double</otriple>
        <otriple>Abilene,_Texas | areaCode | 325</otriple>
        <otriple>Abilene,_Texas | areaTotal | "286.4526850031616"^^&lt;http://dbpedia.org/datatype/squareKilometre&gt;</otriple>
      </originaltripleset>
      <originaltripleset>
        <otriple>Abilene,_Texas | areaWater | 1.42449e+07</otriple>
        <otriple>Abilene,_Texas | elevation | "524.0"^^xsd:double</otriple>
        <otriple>Abilene,_Texas | areaCode | 325</otriple>
        <otriple>Abilene,_Texas | populationDensity | "429.9"^^&lt;http://dbpedia.org/datatype/inhabitantsPerSquareKilometre&gt;</otriple>
        <otriple>Abilene,_Texas | areaTotal | "286.4526850031616"^^&lt;http://dbpedia.org/datatype/squareKilometre&gt;</otriple>
      </originaltripleset>
      <modifiedtripleset>
        <mtriple>Abilene,_Texas | areaOfWater | 14.2 (square kilometres)</mtriple>
        <mtriple>Abilene,_Texas | elevationAboveTheSeaLevel | 524.0</mtriple>
        <mtriple>Abilene,_Texas | areaCode | 325</mtriple>
        <mtriple>Abilene,_Texas | populationDensity | 429.9 (inhabitants per square kilometre)</mtriple>
        <mtriple>Abilene,_Texas | areaTotal | 286.5 (square kilometres)</mtriple>
      </modifiedtripleset>
      <lex comment="good" lid="Id1">Abilene, Texas lies 524.0 above sea level and has the area code of 325 and a population density of 429.9 inhabitants per sq km. It has a total area of 286.5 sq km of which 14.2 sq km are water.</lex>
      <lex comment="good" lid="Id2">Abilene is in Texas and has the area code 325. It is 524.0 above sea level, has a water area of 14.2 sq km, and a total area of 286.5 sq km.</lex>
      </entry>
    </entries>
</benchmark>