<benchmark>
  <entries>
    <entry category="University" eid="Id1" size="5">
      <originaltripleset>
        <otriple>1_Decembrie_1918_University,_Alba_Iulia | nickname | Uab</otriple>
        <otriple>1_Decembrie_1918_University,_Alba_Iulia | rector | "Breaz Valer Daniel"@en</otriple>
        <otriple>1_Decembrie_1918_University,_Alba_Iulia | city | Alba_Iulia</otriple>
        <otriple>1_Decembrie_1918_University,_Alba_Iulia | country | Romania</otriple>
        <otriple>1_Decembrie_1918_University,_Alba_Iulia | state | Alba</otriple>
      </originaltripleset>
      <modifiedtripleset>
        <mtriple>1_Decembrie_1918_University | nickname | Uab</mtriple>
        <mtriple>1_Decembrie_1918_University | rector | "Breaz Valer Daniel"</mtriple>
        <mtriple>1_Decembrie_1918_University | city | Alba_Iulia</mtriple>
        <mtriple>1_Decembrie_1918_University | country | Romania</mtriple>
        <mtriple>1_Decembrie_1918_University | state | Alba</mtriple>
      </modifiedtripleset>
      <lex comment="good" lid="Id1">The 1 Decembrie 1918 University in Alba, Alba Iulia, Romania has the nickname "Uab". Its rector is Breaz Valer Daniel.</lex>
      <lex comment="good" lid="Id2">Breaz Valer Daniel is rector of the 1 Decembrie 1918 University which has the nickname of Uab and is located in the city of Alba Iulia, Alba, Romania.</lex>
      <lex comment="good" lid="Id3">The rector of the 1 Decembrie 1918 Universitie is Breaz Valer Daniel.. The university, which is nicknamed Uab, is in Alba Julia in Romania.</lex>
    </entry>
    </entries>
</benchmark>