{"annotations":[{"annotation_id":9676129447864545067,"minimal_answer":{"plaintext_end_byte":-1,"plaintext_start_byte":-1},"passage_answer":{"candidate_index":-1},"yes_no_answer":"NONE"},{"annotation_id":9824041559843341974,"minimal_answer":{"plaintext_end_byte":-1,"plaintext_start_byte":-1},"passage_answer":{"candidate_index":-1},"yes_no_answer":"NONE"},{"annotation_id":15355291868148928766,"minimal_answer":{"plaintext_end_byte":-1,"plaintext_start_byte":-1},"passage_answer":{"candidate_index":-1},"yes_no_answer":"NONE"}],"document_plaintext":"\nรองศาสตราจารย์[1] หม่อมราชวงศ์สุขุมพันธุ์ บริพัตร  (22 กันยายน 2495 -) ผู้ว่าราชการกรุงเทพมหานครคนที่ 15 อดีตรองหัวหน้าพรรคประชาธิปัตย์ และอดีตรัฐมนตรีช่วยว่าการกระทรวงการต่างประเทศ\nประวัติ\nหม่อมราชวงศ์สุขุมพันธุ์ บริพัตร เป็นโอรสในพระวรวงศ์เธอ พระองค์เจ้าสุขุมาภินันท์ กับดุษฎี ณ ถลาง มีชื่อเล่นว่า คุณชายหมู นอกจากนี้เขายังมีศักดิ์เป็นลูกพี่ลูกน้องกับสินนภา สารสาส เมื่อนับจากฝ่ายบิดา เขาสมรสครั้งที่ 1 กับนุชวดี บำรุงตระกูล มีบุตรคือ อาจารย์ ดร. หม่อมหลวงพินิตพันธุ์ บริพัตร (อาจารย์ประจำคณะรัฐศาสตร์ มหาวิทยาลัยธรรมศาสตร์) และสมรสครั้งที่สองกับ คุณหญิงสาวิตรี บริพัตร ณ อยุธยา (สาวิตรี ภมรบุตร) มีบุตรคือ หม่อมหลวงวราภินันท์ บริพัตร\nการศึกษา\nหม่อมราชวงศ์สุขุมพันธุ์ บริพัตรระดับประถมศึกษาและมัธยมศึกษา ณ โรงเรียน Cheam และโรงเรียน Rugby ประเทศอังกฤษ ระหว่าง พ.ศ. 2506-พ.ศ. 2513 ต่อมาจบการศึกษาในระดับปริญญาตรี (เกียรตินิยมอันดับ 2) และระดับปริญญาโทจากวิทยาลัยเพมโบร์ก มหาวิทยาลัยออกซฟอร์ด และสาขาวิชาปรัชญาการเมืองและเศรษฐศาสตร์ (PPE) ในปี พ.ศ. 2520 และจบการศึกษาในระดับปริญญาโทจากมหาวิทยาลัยจอร์จทาวน์ สหรัฐอเมริกา สาขาวิชาความสัมพันธ์ระหว่างประเทศ ในปี พ.ศ. 2521\nงานการเมือง\nหม่อมราชวงศ์สุขุมพันธุ์ บริพัตร เป็นผู้ร่วมก่อตั้งพรรคนำไทย ร่วมกับอำนวย วีรวรรณ เมื่อ พ.ศ. 2537 และเคยดำรงตำแหน่งรองเลขาธิการพรรคนำไทย จนต่อมา เขาเข้าเป็นกรรมการบริหารพรรคประชาธิปัตย์ ได้รับเลือกตั้งเป็นสมาชิกสภาผู้แทนราษฎรจากกรุงเทพมหานคร เขตเลือกตั้งที่ 6 (บางรัก สัมพันธวงศ์ สาทร แขวงยานนาวาและแขวงทุ่งมหาเมฆ) เมื่อปี พ.ศ. 2539 และ 2544\nดำรงตำแหน่ง รัฐมนตรีช่วยว่าการกระทรวงการต่างประเทศ ระหว่างเดือนพฤศจิกายน พ.ศ. 2540[2] ถึงเดือนพฤศจิกายน พ.ศ. 2543 เนื่องจากการยุบสภา[3] และปฏิบัติหน้าที่รักษาการไปจนกระทั่งได้คณะรัฐมนตรีชุดใหม่ ในวันที่ 17 กุมภาพันธ์ พ.ศ. 2544[4]\nหม่อมราชวงศ์สุขุมพันธุ์ บริพัตร เป็นสมาชิกสภาผู้แทนราษฎร ในระบบบัญชีรายชื่อ ลำดับที่ 24 ของพรรคประชาธิปัตย์ จากการเลือกตั้งในปี พ.ศ. 2548 นอกจากนี้ยังดำรงตำแหน่งรองเลขาธิการพรรค และดูแลงานทางด้านต่างประเทศและความมั่นคง ในการเลือกตั้งในปี พ.ศ. 2550 หม่อมราชวงศ์สุขุมพันธุ์ บริพัตร ได้ลงสมัครรับเลือกตั้งในระบบสัดส่วนโซน 6 กรุงเทพมหานคร สมุทรปราการ และนนทบุรี ลำดับที่ 3 และชนะการเลือกตั้ง\nภายหลังการเลือกตั้ง 23 ธันวาคม 2550 และมีการจัดตั้งรัฐบาลสมัคร สุนทรเวช พรรคประชาธิปัตย์ที่เป็นฝ่ายค้านพรรคเดียวได้ประกาศตั้งคณะรัฐมนตรีเงาขึ้น ในเดือนกุมภาพันธ์ 2551 และหม่อมราชวงศ์สุขุมพันธุ์ บริพัตร ได้รับเลือกจากที่ประชุมพรรค ให้ทำหน้าที่ รัฐมนตรีว่าการกระทรวงการต่างประเทศเงา\nการตกลงเป็นตัวประกันในเหตุการณ์ยึดสถานทูตพม่า พ.ศ. 2542\n\nเมื่อวันที่ 1 ตุลาคม พ.ศ. 2542 ในรัฐบาลชวน หลีกภัย เกิดเหตุการณ์ก๊อด อาร์มี่ กองกำลังติดอาวุธของนักศึกษาพม่า บุกเข้ายึดสถานเอกอัครราชทูตพม่า ประจำประเทศไทย ที่ถนนสาทรเหนือ และจับเจ้าหน้าที่สถานทูตเป็นตัวประกัน\nหลังการเจรจาต่อรองเป็นเวลาหลายชั่วโมง ผู้ก่อการร้ายยินยอมปล่อยตัวประกัน แลกกับให้ทางการไทยจัดเฮลิคอปเตอร์ไปส่งที่ อำเภอสวนผึ้ง จังหวัดราชบุรี ซึ่งเป็นชายแดนไทย-พม่า โดย หม่อมราชวงศ์สุขุมพันธุ์ รัฐมนตรีช่วยว่าการกระทรวงการต่างประเทศ ในขณะนั้น เสนอตัวเป็นตัวประกันนั่งโดยสารไปด้วยเพื่อรับรองความปลอดภัยจนกระทั่งถึงที่หมาย ทำให้เหตุการณ์ครั้งนั้นยุติลงได้โดยไม่มีการสูญเสียชีวิต\nการลงนามในบันทึกข้อตกลงปักปันเขตแดนไทย-กัมพูชา พ.ศ. 2543\nในปี พ.ศ. 2543 หม่อมราชวงศ์สุขุมพันธุ์ บริพัตร รัฐมนตรีช่วยว่าการกระทรวงการต่างประเทศขณะนั้น ในฐานะประธานคณะกรรมาธิการเขตแดนร่วมไทย - กัมพูชา (ฝ่ายไทย) ได้ลงนามในบันทึกความเข้าใจระหว่างรัฐบาลไทยกับรัฐบาลกัมพูชา ว่าด้วยการสำรวจและจัดทำหลักเขตแดนทางบก ในระหว่างการเยือนกัมพูชาอย่างเป็นทางการของ นายชวน หลีกภัย นายกรัฐมนตรี ระหว่างวันที่ 14 - 16 มิถุนายน พ.ศ. 2543\nบันทึกความเข้าใจดังกล่าว มีสาระสำคัญส่วนหนึ่ง คือ การสำรวจและปักหลักเขตแดนทางบกจะดำเนินการโดยใช้เอกสารหลักฐานที่ผูกพันไทยและกัมพูชาตามกฎหมายระหว่างประเทศ คืออนุสัญญาฉบับลงวันที่ 13 กุมภาพันธ์ ค.ศ. 1904 สนธิสัญญาฉบับลงวันที่ 23 มีนาคม ค.ศ. 1907 กับพิธีสารแนบท้าย และ แผนที่แสดงเส้นเขตแดนระหว่างไทยกับกัมพูชามาตราส่วน 1:200,000 ซึ่งจัดทำขึ้นตามผลงานของ คณะกรรมการปักปันเขตแดนระหว่างสยามกับอินโดจีน\nต่อมาในปี พ.ศ. 2551 หลังเกิดกรณี นายนพดล ปัทมะ รัฐมนตรีว่าการกระทรวงการต่างประเทศ ลงนามในเอกสารแถลงการณ์ร่วมไทย-กัมพูชา ซึ่งอาจมีผลเปลี่ยนแปลงเขตแดนประเทศไทยโดยมิชอบด้วยรัฐธรรมนูญ เกิดการโจมตีหม่อมราชวงศ์สุขุมพันธุ์และพรรคประชาธิปัตย์ เกี่ยวกับการลงนามในบันทึกความเข้าใจไทย-กัมพูชา พ.ศ. 2543 ที่ระบุให้การจัดทำหลักเขตแดนยึดตามแผนที่ฝรั่งเศส-สยาม (ค.ศ. 1904) เป็นแนวทาง โดยไม่ระบุแผนที่แอล 7017 ของสหรัฐอเมริกาที่ไทยใช้อ้างอิง ซึ่งอาจตีความได้ว่ามีผลเปลี่ยนแปลงเขตแดนประเทศ มาตั้งแต่ พ.ศ. 2543 ก่อนการลงนามของนายนพดล ปัทมะ เรื่องดังกล่าว ม.ร.ว.สุขุมพันธุ์ได้ชี้แจงว่าการระบุถึงแผนที่ ค.ศ. 1904 เป็นการระบุประกอบเอกสารหลักคือ อนุสัญญา ค.ศ. 1904 และ สนธิสัญญา ค.ศ. 1907 ซึ่งแผนที่จะขัดหรือแย้งไม่ได้ การลงนามในปี พ.ศ. 2543 จึงไม่มีผลเปลี่ยนแปลงเขตแดนประเทศแต่อย่างใด [5]\nผู้ว่าราชการกรุงเทพมหานครสมัยแรก\nภายหลังคณะกรรมการป้องกันและปราบปรามการทุจริตแห่งชาติ (ป.ป.ช.) มีชี้มูลความผิด นายอภิรักษ์ โกษะโยธิน ผู้ว่าราชการกรุงเทพมหานคร ในคดีทุจริตโครงการจัดซื้อรถ-เรือดับเพลิง และอุปกรณ์บรรเทาสาธารณภัยของกรุงเทพมหานคร มูลค่า 6,800 ล้านบาท และนายอภิรักษ์ได้ตัดสินใจลาออกจากตำแหน่ง เพื่อแสดงความรับผิดชอบนั้น คณะกรรมการบริหารพรรคประชาธิปัตย์ จึงมีมติเมื่อวันที่ 22 พฤศจิกายน พ.ศ. 2551 ส่งชื่อ ม.ร.ว.สุขุมพันธุ์ เป็นผู้สมัครผู้ว่าราชการกรุงเทพมหานคร โดยหม่อมราชวงศ์สุขุมพันธุ์ บริพัตรได้รับเลือกตั้งเป็นผู้ว่าราชการกรุงเทพมหานคร การบริหารงานของสุขุมพันธ์ไม่ได้เป็นที่ชื่นชอบของชาวกรุงเทพมากนัก และมักจะได้รับเสียงก่นด่าอยู่เสมอจากการบริการงานที่ล่าช้าและไม่โปร่งใส อาทิ การสร้างสนามบางกอกอารีนาไม่ทันการแข่งขันฟุตซอลโลก, กล้องซีซีทีวีปลอม, การต่อสัญญาสัมปทานบีทีเอส 30 ปี, ปัญหาน้ำท่วมซ้ำซาก[6] ซึ่งหลายครั้งที่เขาตกเป็นประเด็นก็จะเก็บตัวเงียบไม่พบสื่อ จนถูกตั้งฉายาว่า \"หม่อมเอ๋อ\"\nผู้ว่าราชการกรุงเทพมหานครสมัยสอง\nแม้ว่าจะไม่เป็นที่ชื่นชอบของประชาชนมากนัก แต่พรรคประชาธิปัตย์ก็ตัดสินใจส่งสุขุมพันธ์ลงสมัครรับเลือกตั้งเป็นผู้ว่ากรุงเทพมหานครสมัยที่สอง[7] ในการเลือกตั้งเมื่อ 3 มีนาคม พ.ศ. 2556 ซึ่งสุขุมพันธ์ต้องแข่งขันกับ พลตำรวจเอก พงศพัศ พงษ์เจริญ คู่แข่งจากพรรคเพื่อไทยซึ่งเป็นพรรครัฐบาล การสำรวจโดยสำนักโพลต่างๆก่อนการเลือกตั้ง พบว่าพงศพัศ มีคะแนนนำสุขุมพันธ์ในการสำรวจทุกครั้ง[8] และมวลชนที่เคยเลือกพรรคประชาธิปัตย์ก็หันไปสนับสนุนผู้สมัครคนอื่นๆ จนพรรคประชาธิปัตย์ซึ่งดิ้นรนที่จะรักษาฐานอำนาจทางการเมืองจำเป็นต้องหาเสียงโดยใช้วาทกรรม \"ไม่เลือกเรา เขามาแน่\" และกล่าวหาฝ่ายตรงข้ามว่าเป็นพวก \"เผาบ้านเผาเมือง\"[9] เพื่อจูงใจคนที่ไม่ชอบพรรคเพื่อไทยหันมาเทคะแนนให้พรรคประชาธิปัตย์แทนที่จะไปเลือกผู้สมัครคนอื่นซึ่งจะเป็นคะแนนที่เสียเปล่า การหาเสียงด้วยวาทกรรมนี้ ช่วยให้สุขุมพันธ์พลิกกลับมาชนะการเลือกตั้ง ด้วยคะแนนเสียง 1,256,349 เสียง ซึ่งสูงที่สุดในประวัติศาสตร์การเลือกตั้งผู้ว่ากรุงเทพมหานคร [10]\nความล้มเหลวด้านบริหาร\nในช่วงของวาระที่สอง สุขุมพันธ์ได้ให้ความช่วยเหลือในการชุมนุมของกปปส.ในการชุมนุมต่อต้านรัฐบาลพรรคเพื่อไทย โดยมีการอำนวยความสะดวกทั้งในเรื่องของระบบไฟฟ้าและเจ้าหน้าที่รักษาความปลอดภัย แม้ว่าเขาจะออกมาแก้ต่างว่าเป็นหน้าที่ของกทม.ที่ควรจะทำโดยไม่แบ่งฝักแบ่งฝ่าย[11] สุขุมพันธ์ใช้งบประมาณไปอย่างสิ้นเปลืองในโครงการต่างๆของกรุงเทพมหานคร มีการใช้งบกว่า 1.28 พันล้านบาท จัดซื้อเครื่องดนตรีให้แก่โรงเรียนในสังกัดทั้งๆที่ไม่มีบุคลากรครูผู้สอน[12] และยังมีการใช้งบ 39 ล้านบาทในการประดับตกแต่งไฟบริเวณลานคนเมืองและขั้นตอนไม่โปร่งใส[13] การบริหารงานของสุขุมพันธ์นั้นดื้อดึงและย่ำแย่ถึงขนาดที่พรรคประชาธิปัตย์พยายามพูดคุยกับสุขุมพันธ์แต่ก็ถูกเพิกเฉย จนพรรคต้องออกมาประกาศตัดสัมพันธ์กับสุขุมพันธ์ในวันที่ 21 มกราคม 2559 [14]\nทั้งที่สุขุมพันธ์ผู้ว่ามาหลายปีและไปดูงานการจัดการน้ำในยุโรปหลายครั้ง แต่สุขุมพันธ์ก็ไม่สามารถแก้ไขปัญหาน้ำท่วมขังในกรุงเทพมหานครได้ จนประชาชนต้องออกมาโจมตีเขา เขาได้ออกมากล่าวว่า \"...ถ้าไม่อยากมีจุดเสี่ยงเรื่องน้ำท่วม ต้องไปอยู่บนดอยครับ\"[15] ซึ่งทวีความไม่พอใจในหมู่ประชาชน และกรณีอื่นๆ อาทิ การปฏิเสธโครงการความช่วยเหลือแบบให้เปล่าด้านโรงไฟฟ้าขยะจากรัฐบาลญี่ปุ่น เนื่องจากมีโครงการอยู่กับบริษัทจากจีน[16] นอกจากนี้ยังมีการใช้งบประมาณกว่า 16.5 ล้านบาทในการตกแต่งห้องทำงานส่วนตัว[17] และยังมีการจัดซื้อรถดับเพลิงขนาดเล็กพวงมาลัยซ้ายสมรรถนะต่ำในราคาคันละ 8 ล้าน  และเรือดับเพลิงขนาดเล็กคันละ 10 ล้าน แม้จะถูกสตง.ท้วงติงในโครงการต่างๆว่าไม่ควรตรวจรับ แต่กทม.ภายใต้การบริหารของสุขุมพันธ์ก็ดำเนินการต่อจนแล้วเสร็จ[18]\nแม้ทั้งพรรคประชาธิปัตย์ พรรคเพื่อไทย จะออกมาเรียกร้องให้สุขุมพันธ์แสดงความรับผิดชอบต่อข้อครหาต่างๆโดยการลาออกจากตำแหน่ง แต่สุขุมพันธ์ก็ยืนยันที่จะไม่ลาออก [19] ในขณะที่มีกระแสบางส่วน ออกมาเรียกร้องให้รัฐบาลใช้อำนาจตามมาตรา 44 ปลดสุขุมพันธ์ออกจากตำแหน่งผู้ว่า[20]จนในที่สุดในวันที่ 25 สิงหาคม  2559 การเป็นผู้ว่าราชการกรุงเทพมหานครของเขาก็จบลงทางพฤตินัย  โดยอำนาจตามมาตรา  44\nระหว่างดำรงตำแหน่งผู้ว่าราชการกรุงเทพมหานคร\nในวันที่ 17 พฤษภาคม พ.ศ. 2559 พิศิษฐ์ ลีลาวชิโรภาส ผู้ว่าการตรวจเงินแผ่นดินแถลงว่าได้ยื่นเรื่องการตรวจสอบโครงการติดไฟประดับอุโมงค์ไฟแอลอีดี จำนวน 5 ล้านดวง งบประมาณ 39.5 ล้านบาทแก่คณะกรรมการป้องกันและปราบปรามการทุจริตแห่งชาติและกระทรวงมหาดไทย [21]เพื่อให้แจ้งรัฐมนตรีว่าการกระทรวงการมหาดไทย แต่งตั้งคณะกรรมการสอบสวนข้อเท็จจริง กับ ม.ร.ว.สุขุมพันธุ์ ผู้ว่าฯ กทม.และนายจุมพล สำเภาพล รองผู้ว่าฯกทม.  ตามพ.ร.บ.ระเบียบบริหารราชการกรุงเทพมหานคร พ.ศ. 2528 มาตรา 123 และพิจารณากำหนดแนวทางการปฏิบัติในการใช้จ่ายเงินงบประมาณ เงินงบกลาง ประเภทเงินสำรองจ่ายทั่วไป กรณีฉุกเฉินหรือจำเป็นให้ใช้จ่าย แจ้งคณะกรรมการป้องกันและปราบปรามการทุจริตแห่งชาติ ในฐานะพนักงานสอบสวนตาม พ.ร.บ.ว่าด้วยความผิดเกี่ยวกับการเสนอราคาต่อหน่วยงานของรัฐ พ.ศ. 2542 ให้ดำเนินคดีแก่ ม.ร.ว.สุขุมพันธุ์ บริพัตร ผู้ว่าฯ กทม. ต่อมาโครงการติดไฟประดับอุโมงค์ไฟแอลอีดี มีปปช.มีมติตั้งคณะอนุกรรมการสอบสวนข้อเท็จจริง  นาย จุมพล สำเภาพล รองผู้ว่ากทม. และบุคคลอื่นอีก 14 รายแต่ไม่สอบสวน หม่อมราชวงศ์สุขุมพันธุ์ บริพัตร[22]\nพิศิษฐ์ ลีลาวชิโรภาส ผู้ว่าการตรวจเงินแผ่นดิน แถลงอีกว่ากำลังตรวจสอบ โครงการจัดซื้อจ้ดจ้างของกทม. อีก 2-3 อาทิโครงการจัดซื้อเครื่องดนตรี โครงการตกแต่งห้องทำงานส่วนตัว 16.5 ล้านบาท โครงการจัดซื้อรถกู้ภัยขนาดเล็กในราคาแพงเกินจริง[23]\nจนเมื่อวันที่ 25 สิงหาคม 2559 ได้มีคำสั่งหัวหน้าคณะรักษาความสงบแห่งชาติที่ 50/2559 ให้สุขุมพันธุ์ระงับการปฏิบัติราชการ หรือหน้าที่ในกรุงเทพมหานครเป็นการชั่วคราวโดยยังไม่พ้นจากตำแหน่ง จนกว่าจะมีการเปลี่ยนแปลงคำสั่ง โดยอาศัยอำนาจตามมาตรา 44 ของรัฐธรรมนูญแห่งราชอาณาจักรไทย (ฉบับชั่วคราว) พุทธศักราช 2557[24]ซึ่งมีการแต่งตั้ง ผุสดี ตามไท รองผู้ว่าราชการกรุงเทพมหานคร ให้ดำรงตำแหน่งรักษาการผู้ว่าราชการกรุงเทพมหานครในวันเดียวกัน[25]โดยพลเอกประยุทธ์ จันทร์โอชา ให้เหตุผลว่าเพื่อให้การดำเนินการตรวจสอบเป็นไปอย่างโปร่งใส อย่างไรก็ตาม ยังไม่มีข้อกล่าวหาใดที่ ฟ้องร้อง สุขุมพันธุ์ บริพัตร โดยตรง\nต่อมาในวันที่ 18 ตุลาคม 2559 คณะรักษาความสงบแห่งชาติ ได้มีคำสั่งที่ 64/2559 เรื่อง การให้ผู้ว่าราชการกรุงเทพมหานครพ้นจากตำแหน่ง และการแต่งตั้งผู้ว่าราชการกรุงเทพมหานคร โดยอ้างอิงจากคำสั่งที่ 50/2559 ที่ผ่านมานั้นเพื่อให้การดำเนินงานมีความต่อเนื่อง จึงอาศัยความตามมาตรา 44 ของรัฐธรรมนูญ (ฉบับชั่วคราว) พ.ศ. 2557 มีคำสั่งดังให้ ม.ร.ว.สุขุมพันธุ์ พ้นจากตำแหน่งผู้ว่าฯกทม. และพล.ต.อ. อัศวิน ขวัญเมือง รองผู้ว่าฯกทม เป็นผู้ว่าฯกทม [26]\nเครื่องราชอิสริยาภรณ์\nเครื่องราชอิสริยาภรณ์ไทย\nพ.ศ. 2542 -  เครื่องราชอิสริยาภรณ์อันเป็นที่เชิดชูยิ่งช้างเผือก ชั้นมหาปรมาภรณ์ช้างเผือก (ม.ป.ช.)[27]\nพ.ศ. 2541 -  เครื่องราชอิสริยาภรณ์อันมีเกียรติยศยิ่งมงกุฎไทย ชั้นมหาวชิรมงกุฏ (ม.ว.ม.)[28]\nพ.ศ. 2539 -  เครื่องราชอิสริยาภรณ์จุลจอมเกล้า ชั้นตติยจุลจอมเกล้า (ต.จ.) ฝ่ายหน้า\nพ.ศ. 2554 -  เครื่องราชอิสริยาภรณ์อันเป็นที่สรรเสริญยิ่งดิเรกคุณาภรณ์ ชั้นที่ 5 เบญจมดิเรกคุณาภรณ์ (บ.ภ.) [29]\nเครื่องอิสริยาภรณ์ต่างประเทศ\nพ.ศ. 2542 -  เครื่องอิสริยาภรณ์เมอริท ชั้นสูงสุด, ประเทศโปรตุเกส[30]\nลำดับราชสกุลบริพัตร\n\n\n\n\nลำดับหม่อมราชวงศ์สุขุมพันธุ์ บริพัตร\n\nพระบาทสมเด็จพระจอมเกล้าเจ้าอยู่หัวพระบาทสมเด็จพระจุลจอมเกล้าเจ้าอยู่หัวสมเด็จพระเทพศิรินทราบรมราชินีสมเด็จพระเจ้าบรมวงศ์เธอ เจ้าฟ้าบริพัตรสุขุมพันธุ์ กรมพระนครสวรรค์วรพินิตพระบาทสมเด็จพระจอมเกล้าเจ้าอยู่หัวสมเด็จพระปิตุจฉาเจ้าสุขุมาลมารศรี พระอัครราชเทวีเจ้าคุณจอมมารดาสำลีพระวรวงศ์เธอ พระองค์เจ้าสุขุมาภินันท์พระยาวทัญญูวินิจฉัย (หม่อมหลวงชุ่ม ปาลกะวงศ์)หม่อมสมพันธ์ บริพัตร ณ อยุธยาพระยาประภากรวงศ์วรวุฒิภักดี (ชาย บุนนาค)คุณหญิงเลี่ยน ปาลกะวงศ์ ณ อยุธยาชื่น บุนนาคหม่อมราชวงศ์สุขุมพันธุ์ บริพัตรหลวงอิศเรศรักษา (ปลื้ม ณ ถลาง)หม่อมดุษฎี บริพัตร ณ อยุธยาดรุณ อิศเรศรักษา\n\nอ้างอิง\n\nแหล่งข้อมูลอื่น\n\n\n\n on Twitter\n\n\n\nหมวดหมู่:หม่อมราชวงศ์\nหมวดหมู่:ราชสกุลบริพัตร\nหมวดหมู่:นักการเมืองไทย\nสุขุมพันธุ์\nหมวดหมู่:พรรคประชาธิปัตย์\nหมวดหมู่:รองศาสตราจารย์\nหมวดหมู่:อาจารย์คณะรัฐศาสตร์\nหมวดหมู่:บุคคลจากคณะรัฐศาสตร์ จุฬาลงกรณ์มหาวิทยาลัย\nหมวดหมู่:สมาชิกเครื่องราชอิสริยาภรณ์ ม.ป.ช.\nหมวดหมู่:สมาชิกเครื่องราชอิสริยาภรณ์ ม.ว.ม.\nหมวดหมู่:สมาชิกเครื่องราชอิสริยาภรณ์ ต.จ. (ฝ่ายหน้า)\nหมวดหมู่:สมาชิกเครื่องราชอิสริยาภรณ์ บ.ภ.\nหมวดหมู่:บุคคลจากมหาวิทยาลัยออกซฟอร์ด\nหมวดหมู่:สมาชิกสภาผู้แทนราษฎรกรุงเทพมหานคร\nหมวดหมู่:สมาชิกสภาผู้แทนราษฎรไทยแบบสัดส่วน\nหมวดหมู่:สมาชิกสภาผู้แทนราษฎรไทยแบบบัญชีรายชื่อ\nหมวดหมู่:ชาวไทยเชื้อสายมลายู\n\nหมวดหมู่:ราชสกุลปาลกะวงศ์\n","document_title":"หม่อมราชวงศ์สุขุมพันธุ์ บริพัตร","document_url":"https://th.wikipedia.org/wiki/%E0%B8%AB%E0%B8%A1%E0%B9%88%E0%B8%AD%E0%B8%A1%E0%B8%A3%E0%B8%B2%E0%B8%8A%E0%B8%A7%E0%B8%87%E0%B8%A8%E0%B9%8C%E0%B8%AA%E0%B8%B8%E0%B8%82%E0%B8%B8%E0%B8%A1%E0%B8%9E%E0%B8%B1%E0%B8%99%E0%B8%98%E0%B8%B8%E0%B9%8C%20%E0%B8%9A%E0%B8%A3%E0%B8%B4%E0%B8%9E%E0%B8%B1%E0%B8%95%E0%B8%A3","example_id":9063198863303558281,"language":"thai","passage_answer_candidates":[{"plaintext_end_byte":494,"plaintext_start_byte":1},{"plaintext_end_byte":1779,"plaintext_start_byte":517},{"plaintext_end_byte":2931,"plaintext_start_byte":1805},{"plaintext_end_byte":3904,"plaintext_start_byte":2966},{"plaintext_end_byte":4506,"plaintext_start_byte":3905},{"plaintext_end_byte":5588,"plaintext_start_byte":4507},{"plaintext_end_byte":6383,"plaintext_start_byte":5589},{"plaintext_end_byte":7122,"plaintext_start_byte":6535},{"plaintext_end_byte":8224,"plaintext_start_byte":7123},{"plaintext_end_byte":9375,"plaintext_start_byte":8376},{"plaintext_end_byte":10473,"plaintext_start_byte":9376},{"plaintext_end_byte":12563,"plaintext_start_byte":10474},{"plaintext_end_byte":15134,"plaintext_start_byte":12661},{"plaintext_end_byte":17765,"plaintext_start_byte":15232},{"plaintext_end_byte":19863,"plaintext_start_byte":17830},{"plaintext_end_byte":21902,"plaintext_start_byte":19864},{"plaintext_end_byte":22955,"plaintext_start_byte":21903},{"plaintext_end_byte":25777,"plaintext_start_byte":23086},{"plaintext_end_byte":26425,"plaintext_start_byte":25778},{"plaintext_end_byte":28074,"plaintext_start_byte":26426},{"plaintext_end_byte":29229,"plaintext_start_byte":28075},{"plaintext_end_byte":30342,"plaintext_start_byte":29367},{"plaintext_end_byte":30596,"plaintext_start_byte":30428},{"plaintext_end_byte":32423,"plaintext_start_byte":30659},{"plaintext_end_byte":34274,"plaintext_start_byte":32510}],"question_text":"หม่อมราชวงศ์สุขุมพันธุ์ บริพัตร เรียนจบจากที่ไหน ?"}
