<?xml version="1.0" encoding="UTF-8" standalone="no"?>
<articles>
    <article id="0000004" published-at="2020-01-01" title="Example article 4" type="external"><p>This is a sample article which will contain lots of text</p>
    <p>Phasellus bibendum porta nunc, id venenatis tortor finibus ac. Sed maximus leo tortor, in posuere lectus tristique ut. Vivamus pretium tincidunt auctor. Nam eu fermentum elit. Donec tincidunt eros auctor tincidunt sagittis. Pellentesque bibendum massa nunc, eget interdum arcu tincidunt at. Quisque ut erat condimentum, iaculis ligula rhoncus, porta metus. Etiam vel libero nec purus tempus feugiat. Morbi dictum semper orci eget convallis. Nulla consectetur ligula id dui gravida lacinia.</p>
    </article>
    <article id="0000005" published-at="2020-01-01" title="Example article 5" type="external"><p>This is a sample article which will contain some text</p>
    <p>Vivamus ullamcorper dolor quam, in viverra magna iaculis vehicula. Ut tincidunt quis lectus accumsan eleifend. Nullam pulvinar nisl vel ipsum facilisis maximus. Integer at porta leo, id rutrum mi. Nam tempor ultricies velit ut venenatis. Cras pharetra mauris id ligula dictum facilisis. Proin sagittis dui massa, vitae lacinia enim rhoncus sed. Suspendisse tempor et lectus id auctor. Fusce vel felis rhoncus, tincidunt elit ac, sagittis ligula. Fusce ut ipsum leo. Maecenas convallis pretium lectus, et porta sem sagittis at. Morbi in congue lacus, sed iaculis nisi. Aliquam dapibus leo eu malesuada porta. Fusce rutrum tortor malesuada dui vulputate luctus.</p>
    </article>
    <article id="0000006" published-at="2020-01-01" title="Example article 6" type="external"><p>This is yet another sample article which will contain much more text</p>
    <p>Vestibulum ante ipsum primis in faucibus orci luctus et ultrices posuere cubilia curae; Quisque ac pulvinar augue. Proin blandit convallis arcu efficitur commodo. Duis molestie blandit pretium. Aenean in nisl sem. Proin tempor sit amet tellus at pulvinar. Curabitur dignissim venenatis pharetra. Donec nulla nunc, consectetur eget odio auctor, convallis porttitor nisl. Sed sed efficitur augue, finibus ullamcorper orci. Ut eget pulvinar erat. Sed eu nisi eget odio sagittis semper vitae et neque. Nam scelerisque consequat tellus vel mollis. Praesent mauris odio, sollicitudin a justo at, interdum imperdiet est. Sed eu mauris aliquet, interdum felis vitae, blandit lectus. Phasellus facilisis porttitor massa, et rhoncus turpis.</p>
    </article>
</articles>
