{
    "cloze_data": [
        {
            "question": "ఇది మండల కేంద్రమైన కూడేరు నుండి 17 కి. మీ. దూరం లోను, సమీప పట్టణమైన <MASK> నుండి 38 కి. మీ. దూరంలోనూ ఉంది. 2011 భారత జనగణన గణాంకాల ప్రకారం ఈ గ్రామం 769 ఇళ్లతో, 3301 జనాభాతో 3567 హెక్టార్లలో విస్తరించి ఉంది. గ్రామంలో మగవారి సంఖ్య 1691, ఆడవారి సంఖ్య 1610. షెడ్యూల్డ్ కులాల సంఖ్య 642 కాగా షెడ్యూల్డ్ తెగల సంఖ్య 12. గ్రామం యొక్క జనగణన లొకేషన్ కోడ్ 594970.పిన్ కోడ్: 515711.",
            "answer": "అనంతపురం",
            "category": "LOC",
            "title": "కొర్రకోడు",
            "options": [
                "కూడేరులోను,",
                "కంది",
                "అనంతపురం",
                "కూడేరు"
            ]
        },
        {
            "question": "మొదట మిలటరీలోని బ్యాండు మేళంలో పనిచేసిన వ్యక్తి, తన పరిశోధనలతో ప్రపంచంలోని మేటి ఖగోళశాస్త్రవేత్తలలో ఒకరిగా ఎదిగారు. అతడే సర్‌ ఫ్రెడెరిక్‌ విలియం హెర్చెల్‌. తొమ్మిది గ్రహాలలో ఒకటైన <MASK>తో పాటు దానికున్న రెండు ఉపగ్రహాలను, శని, గురు గ్రహాలకు చెందిన రెండేసి ఉపగ్రహాలను కనుక్కున్నారు. స్వయంగా రూపొందించుకున్న టెలిస్కోపులతోనే ఆయన నక్షత్రమండలాల (గెలాక్సీలు) ఆకారాలతో పాటు, విశ్వం స్వరూపాన్ని కూడా అంచనా వేయడం విశేషం. దాదాపు 2500 నక్షత్ర సముచ్ఛయా (నెబ్యులా)లను, వాటికి సంబంధించిన సిద్ధాంతాలను వెలువరించారు. సూర్యుని చలన మార్గాన్ని నిర్ధరించి, పరారుణ ఉష్ణతరంగాల ఉనికిని చెప్పినది కూడా ఆయనే. ఆయన సుమారు 400కు పైగా టెలిస్కోపులను తయారుచేశారు.",
            "answer": "యురేనస్‌",
            "category": "LOC",
            "title": "విలియం హెర్షెల్",
            "out_of_context_options": [
                "బేతపూడి(ఫిరంగిపురం)"
            ],
            "options": [
                "ఉపగ్రహాల",
                "సూర్యుని",
                "బేతపూడి(ఫిరంగిపురం)",
                "యురేనస్‌"
            ]
        },
        {
            "question": "గ్రామంలో ప్రభుత్వ ప్రాథమిక పాఠశాలలు మూడు, ప్రభుత్వ ప్రాథమికోన్నత పాఠశాల ఒకటి  ఉన్నాయి. బాలబడి గొల్లపల్లిలోను, మాధ్యమిక పాఠశాల <MASK>లోనూ ఉన్నాయి. సమీప జూనియర్ కళాశాల, ప్రభుత్వ ఆర్ట్స్ / సైన్స్ డిగ్రీ కళాశాల, ఇంజనీరింగ్ కళాశాల గూడూరులో ఉన్నాయి. సమీప వైద్య కళాశాల నెల్లూరులోను, మేనేజిమెంటు కళాశాల, పాలీటెక్నిక్‌లు గూడూరులోనూ ఉన్నాయి. సమీప వృత్తి విద్యా శిక్షణ పాఠశాల గూడూరులోను, అనియత విద్యా కేంద్రం, దివ్యాంగుల ప్రత్యేక పాఠశాల‌లు నెల్లూరులోనూ ఉన్నాయి.",
            "answer": "కొండగుంట",
            "category": "LOC",
            "title": "వేడిచెర్ల",
            "options": [
                "వెందోడు",
                "మనుబోలు",
                "కొండగుంట",
                "మంగలాపూరు"
            ]
        },
        {
            "question": "గంగోత్రి ఒక సాంఘిక తెలుగు సినిమా. ఇది ప్రముఖ దర్శకుడైన కె. రాఘవేంద్రరావు దర్శకత్వం వహించిన 101వ చిత్రం. ఈ చిత్రం ద్వారా అల్లు అర్జున్ సినీరంగ ప్రవేశం చేసాడు. సినీనటి ఆర్తీ అగర్వాల్ చెల్లెలైన అదితి అగర్వాల్ ఈ చిత్రం ద్వారా తెలుగు సినీరంగానికి పరిచయం అయింది. ఈ చిత్రానికి ఎం.ఎం. కీరవాణి సంగీతం అందించాడు. ప్రకాష్ రాజ్, <MASK>, సీత, ప్రగత్య, తనికెళ్ల భరణి, తెలంగాణ శకుంతల, బ్రహ్మానందం, సునీల్ తదితరులు ముఖ్యపాత్రాలలో నటించారు.",
            "answer": "సుమన్",
            "category": "PER",
            "title": "గంగోత్రి (సినిమా)",
            "options": [
                "సుమన్",
                "మాళవిక",
                "బ్రహ్మానందం",
                "సునీల్"
            ]
        },
        {
            "question": "గ్రామంలో స్వయం సహాయక బృందం ఉంది. ఏటీఎమ్, వాణిజ్య బ్యాంకు, సహకార <MASK>, వ్యవసాయ పరపతి సంఘం గ్రామం నుండి 10 కి.మీ.కి పైబడిన దూరంలో ఉన్నాయి. పౌర సరఫరాల వ్యవస్థ దుకాణం, రోజువారీ మార్కెట్, వారం వారం సంత, వ్యవసాయ మార్కెటింగ్ సొసైటీ గ్రామం నుండి 10 కి.మీ.కి పైబడిన దూరంలో ఉన్నాయి.",
            "answer": "బ్యాంకు",
            "category": "ORG",
            "title": "దబుగుడ",
            "options": [
                "ఆసుపత్రి",
                "విశాఖపట్నం",
                "గ్రంథాలయం",
                "బ్యాంకు"
            ]
        },
        {
            "question": "సమీప బాలబడి, ప్రాథమిక పాఠశాల <MASK>, ప్రాథమికోన్నత పాఠశాల రణస్థలంలోను, మాధ్యమిక పాఠశాల రణస్థలంలోనూ ఉన్నాయి. సమీప జూనియర్ కళాశాల రణస్థలంలోను, ప్రభుత్వ ఆర్ట్స్ / సైన్స్ డిగ్రీ కళాశాల శ్రీకాకుళంలోనూ ఉన్నాయి. సమీప వైద్య కళాశాల, మేనేజిమెంటు కళాశాల, పాలీటెక్నిక్ శ్రీకాకుళంలో ఉన్నాయి.",
            "answer": "లావేరులోను",
            "category": "LOC",
            "title": "సిగిరి కొత్తపల్లి",
            "options": [
                "లావేరులోను",
                "శ్రీకాకుళం",
                "శ్రీకాకుళంలో",
                "రణస్థలంలోను"
            ]
        },
        {
            "question": "గ్రామంలో ప్రభుత్వ ప్రాథమిక పాఠశాలలు రెండు, ప్రభుత్వ ప్రాథమికోన్నత పాఠశాల ఒకటి ఉన్నాయి. బాలబడి, మాధ్యమిక పాఠశాల‌లు <MASK>లో ఉన్నాయి. సమీప జూనియర్ కళాశాల గోనెగండ్లలోను, ప్రభుత్వ ఆర్ట్స్ / సైన్స్ డిగ్రీ కళాశాల, ఇంజనీరింగ్ కళాశాల‌లు యెమ్మిగనూరులోనూ ఉన్నాయి. సమీప వైద్య కళాశాల, మేనేజిమెంటు కళాశాల, పాలీటెక్నిక్, సమీప వృత్తి విద్యా శిక్షణ పాఠశాల, అనియత విద్యా కేంద్రం, దివ్యాంగుల ప్రత్యేక పాఠశాల కర్నూలులో ఉన్నాయి.",
            "answer": "గోనెగండ్ల",
            "category": "LOC",
            "title": "బండమీది అగ్రహారం",
            "out_of_context_options": [
                "రాయవలస"
            ],
            "options": [
                "రాయవలస",
                "కర్నూలు",
                "యెమ్మిగనూరు",
                "గోనెగండ్ల"
            ]
        },
        {
            "question": "అత్తలూరు, గుంటూరు జిల్లా, అమరావతి మండలానికి చెందిన గ్రామం. ఇది మండల కేంద్రమైన అమరావతి నుండి 14 కి. మీ. దూరం లోను, సమీప పట్టణమైన <MASK> నుండి 29 కి. మీ. దూరంలోనూ ఉంది. 2011 భారత జనగణన గణాంకాల ప్రకారం ఈ గ్రామం 1188 ఇళ్లతో, 4783 జనాభాతో 1524 హెక్టార్లలో విస్తరించి ఉంది. గ్రామంలో మగవారి సంఖ్య 2406, ఆడవారి సంఖ్య 2377. షెడ్యూల్డ్ కులాల సంఖ్య 1653 కాగా షెడ్యూల్డ్ తెగల సంఖ్య 377. గ్రామం యొక్క జనగణన లొకేషన్ కోడ్ 589939.పిన్ కోడ్: 522436.",
            "answer": "సత్తెనపల్లి",
            "category": "LOC",
            "title": "అత్తలూరు",
            "options": [
                "అమరావతిలో",
                "దుగ్గిరాల",
                "తాడేపల్లి",
                "సత్తెనపల్లి"
            ]
        },
        {
            "question": "కనకాయ్ జలపాతంన్ని కనకదుర్గ <MASK> అనికూడా అంటారు. కుంతాలకు 35 కిలోమీటర్ల దూరంలో గిర్నూర్ సమీపంలో ఈ జలపాతం ఉంది. ఇది మూడు జలపాతాల సముదాయంగా ఉంటుంది. ఒకదానిని కనకాయ్ జలపాతం అనీ, రెండోదానిని బండ్రేవు జలపాతం అనీ, మూడోదానిని చీకటిగుండం అని పిలుస్తారు. వందల అడుగుల ఎత్తున కొండల వరుస శిఖరాగ్రాల మధ్య భాగం నుంచి సుయ్‌మని సూటిగా నింగి నుంచి నేలకు దుంకుతున్నట్టుండే సుందర దృశ్యం నయనానందకరంగా ఉంటుంది. ",
            "answer": "జలపాతం",
            "category": "LOC",
            "title": "కనకాయ్ జలపాతం",
            "options": [
                "నిర్మల్",
                "కుంతాల",
                "జలపాతం",
                "నిర్మల్‌"
            ]
        },
        {
            "question": "జిల్లాకు దక్షిణాన తుంగభద్ర నది, <MASK> జిల్లా, తూర్పున నల్గొండ జిల్లా, ఉత్తరమున రంగారెడ్డి జిల్లా, పశ్చిమమున కర్ణాటక లోని రాయచూరు, గుల్బర్గా జిల్లాలు ఉన్నాయి. ఈశాన్య దిశలో హైదరాబాదు జిల్లా ఉంది. హైదరాబాదు రాష్ట్రానికి ఎన్నికైక ఏకైక ముఖ్యమంత్రిని అందించిన జిల్లా ఇది. ఉత్తరప్రదేశ్ గవర్నరుగా పనిచేసిన బి.సత్యనారాయణ రెడ్డి ఈ జిల్లాలోనే జన్మించాడు. రాష్ట్రంలోనే తొలి, దేశంలో రెండవ పంచాయతి సమితి జిల్లాలోనే స్థాపితమైంది. విస్తీర్ణం దృష్ట్యా చూసిననూ, మండలాల సంఖ్యలోనూ ఈ జిల్లా తెలంగాణ రాష్ట్రంలో మొదటి స్థానంలో ఉంది. కృష్ణా, తుంగభద్ర నదులు రాష్ట్రంలో ప్రవేశించేది కూడా ఈ జిల్లా నుంచే.",
            "answer": "కర్నూలు",
            "category": "LOC",
            "title": "మహబూబ్ నగర్ జిల్లా",
            "options": [
                "బీచుపల్లి",
                "మన్యంకొండ",
                "కర్నూలు",
                "హైదరాబాదు"
            ]
        },
        {
            "question": "ఆయన 1-6-1958 తేదీన <MASK>, చేబ్రోలు మండలం, గుంటూరు జిల్లాలో జన్మించాడు. ఆయన తల్లిదండ్రులు - పార్వతమ్మ, ఐతమరాజు. ప్రాథమిక విద్య వేజెండ్లలో పూర్తిచేసి, ప్రాథమికోన్నత విద్య నారాకోడూరు, గుంటూరు జిల్లాలో జరిగింది. సంగంజాగర్లమూడి, గుంటూరు జిల్లాలో ఉన్నత పాఠశాల విద్యను అభ్యసించాడు. కాలేజీ చదువులనుహిందూ కళాశాల, గుంటూరు (1973-1978) మధ్యకాలంలో పూర్తిచేశాడు.",
            "answer": "వేజెండ్ల",
            "category": "LOC",
            "title": "గుమ్మా సాంబశివరావు",
            "options": [
                "విజయవాడ",
                "చేబ్రోలు",
                "నారాకోడూరు",
                "వేజెండ్ల"
            ]
        },
        {
            "question": "ఇది మండల కేంద్రమైన పాడేరు నుండి 25 కి. మీ. దూరం లోను, సమీప పట్టణమైన <MASK> నుండి 61 కి. మీ. దూరంలోనూ ఉంది. 2011 భారత జనగణన గణాంకాల ప్రకారం ఈ గ్రామం 5 ఇళ్లతో, 26 జనాభాతో 0 హెక్టార్లలో విస్తరించి ఉంది. గ్రామంలో మగవారి సంఖ్య 11, ఆడవారి సంఖ్య 15. షెడ్యూల్డ్ కులాల సంఖ్య 0 కాగా షెడ్యూల్డ్ తెగల సంఖ్య 26. గ్రామం యొక్క జనగణన లొకేషన్ కోడ్ 584786.పిన్ కోడ్: 531024.",
            "answer": "అనకాపల్లి",
            "category": "LOC",
            "title": "బండలు(పాడేరు)",
            "options": [
                "అనకాపల్లి",
                "పాడేరు",
                "దేవపురం",
                "మాడుగుల"
            ]
        },
        {
            "question": "జైలు నుంచి విడుదల కాగానే ప్రజలు ఆయనకు ఎన్నోచోట్ల సన్మానాలు చేశారు. ఆయన జీవితంలో మధుర ఘట్టం ఇదొక్కటే. ఆ తరువాత కొద్దిరోజులకు భార్య చనిపోయింది. అప్పుడాయనకి ఇద్దరు కుమార్తెలు. గరిమెళ్ళ మళ్ళీ పెళ్ళి చేసుకున్నాడు. అప్పులు పెరగడంతో వున్న ఆస్తి అమ్మేసి అప్పులు తీర్చాడు. ఉద్యోగం వదిలేశాక కొంతకాలం ప్రియాగ్రహారంలో గ్రంథాలయ కార్యదర్శిగా పనిచేశాడు. శ్రీ శారదా గ్రంథమాల స్థాపించి పద్దెనిమిది పుస్తకాలు అచ్చువేశాడు. అవి అమ్ముడుపోలేదు. ఆయన ఎక్కువగా <MASK>, విజయవాడ, మద్రాసులకు తిరుగుతూ వుండడంతో, వాటిని పట్టించుకోక పోవడం వల్ల వాటిని చెదలు తినేశాయి. వాటి వల్ల కూడా కొంత నష్టం వచ్చింది.",
            "answer": "రాజమండ్రి",
            "category": "ORG",
            "title": "గరిమెళ్ల సత్యనారాయణ",
            "options": [
                "రాజమండ్రి",
                "కలకత్తా",
                "ఆనందవాణి",
                "కారాగార"
            ]
        },
        {
            "question": "గ్రామంలో ప్రభుత్వ ప్రాథమిక పాఠశాల ఒకటి, ప్రభుత్వ ప్రాథమికోన్నత పాఠశాల ఒకటి  ఉంది.బాలబడి <MASK>, మాధ్యమిక పాఠశాల మంగళ్‌పర్తిలోనూ ఉన్నాయి. సమీప జూనియర్ కళాశాల, ప్రభుత్వ ఆర్ట్స్ / సైన్స్ డిగ్రీ కళాశాల, ఇంజనీరింగ్ కళాశాల మెదక్లో ఉన్నాయి. సమీప వైద్య కళాశాల, మేనేజిమెంటు కళాశాల సంగారెడ్డిలోను, పాలీటెక్నిక్ మెదక్లోనూ ఉన్నాయి.సమీప వృత్తి విద్యా శిక్షణ పాఠశాల మెదక్లోను, అనియత విద్యా కేంద్రం సంగారెడ్డిలోను, దివ్యాంగుల ప్రత్యేక పాఠశాల హైదరాబాదు లోనూ ఉన్నాయి.",
            "answer": "ఎల్దుర్తిలోను",
            "category": "LOC",
            "title": "యశ్వంతరావుపేట్",
            "options": [
                "మెదక్లోనూ",
                "మంగళ్‌పర్తిలోనూ",
                "మెదక్",
                "ఎల్దుర్తిలోను"
            ]
        },
        {
            "question": "ఇతడు మంతెన, <MASK>, లింగాపురం, వేములవాడ, కమాన్‌పురం, కరీంనగర్‌లలో శతావధానాలు, యాదగిరిగుట్ట, నల్లగొండ, సింగవరం, దైవముదిన్నె, ఇల్లెందు, గురజాల, హనుమకొండ, మంథెన, కొల్లాపురము, గద్వాల, నూజివీడు, మిర్యాలగూడ, నారాయణపేట, బళ్లారి, జగిత్యాల, గోపాల్‌పేట, శ్రీశైలము, చల్లపల్లి, కరీంనగర్, కూనవరము, భీమవరము మొదలైన చోట్ల సహస్రావధానాలు చేశాడు. హనుమకొండలో 1954లో పంచసహస్రావధానాన్ని నిర్వహించాడు.",
            "answer": "చెన్నూరు",
            "category": "LOC",
            "title": "జంధ్యాల సుబ్రహ్మణ్యశాస్త్రి (అవధాని)",
            "options": [
                "యాదగిరిగుట్ట",
                "నూజివీడు",
                "చెన్నూరు",
                "నల్లగొండ"
            ]
        },
        {
            "question": "ఇది మండల కేంద్రమైన శంకరపట్నం నుండి 8 కి. మీ. దూరం లోను, సమీప పట్టణమైన <MASK> నుండి 34 కి. మీ. దూరంలోనూ ఉంది. 2011 భారత జనగణన గణాంకాల ప్రకారం ఈ గ్రామం 732 ఇళ్లతో, 2657 జనాభాతో 271 హెక్టార్లలో విస్తరించి ఉంది. గ్రామంలో మగవారి సంఖ్య 1309, ఆడవారి సంఖ్య 1348. షెడ్యూల్డ్ కులాల సంఖ్య 338 కాగా షెడ్యూల్డ్ తెగల సంఖ్య 0. గ్రామం యొక్క జనగణన లొకేషన్ కోడ్ 572568.పిన్ కోడ్: 505407.",
            "answer": "కరీంనగర్",
            "category": "LOC",
            "title": "కన్నాపూర్ (కేశవపట్నం)",
            "options": [
                "కరీంనగర్లో",
                "శంకరపట్నం",
                "గడ్డపాకలో",
                "కరీంనగర్"
            ]
        },
        {
            "question": "పూజారిగూడ విజయనగరం జిల్లా, కొమరాడ మండలం లోని గ్రామం. ఇది మండల కేంద్రమైన కొమరాడ నుండి 8 కి. మీ. దూరం లోను, సమీప పట్టణమైన <MASK> నుండి 22 కి. మీ. దూరంలోనూ ఉంది. 2011 భారత జనగణన గణాంకాల ప్రకారం ఈ గ్రామం 94 ఇళ్లతో, 314 జనాభాతో 260 హెక్టార్లలో విస్తరించి ఉంది. గ్రామంలో మగవారి సంఖ్య 133, ఆడవారి సంఖ్య 181. షెడ్యూల్డ్ కులాల సంఖ్య 46 కాగా షెడ్యూల్డ్ తెగల సంఖ్య 214. గ్రామం యొక్క జనగణన లొకేషన్ కోడ్ 581768.పిన్ కోడ్: 535521.",
            "answer": "పార్వతీపురం",
            "category": "LOC",
            "title": "పూజారిగూడ",
            "out_of_context_options": [
                "మడకంవారిగూడెం"
            ],
            "options": [
                "పార్వతీపురం",
                "కొమరాడలోను",
                "విజయనగరం",
                "మడకంవారిగూడెం"
            ]
        },
        {
            "question": "ఇంతకుముందు <MASK> గ్రామం ఉట్నూరు రెవెన్యూ డివిజను పరిధిలోని నార్నూరు మండల పరిధిలో ఉంది. 2014 లో తెలంగాణా ప్రత్యేక రాష్ట్రంగా ఏర్పడిన తరువాత మొదటిసారిగా 2016 లో ప్రభుత్వం నూతన జిల్లాలు, రెవెన్యూ డివిజన్లు, మండలాల ఏర్పాటులో భాగంగా గాదిగూడ గ్రామాన్ని నూతన మండల కేంద్రంగా,తిరిగి ఉట్నూరు రెవెన్యూ డివిజను పరిధిలోనే కొనసాగిస్తూ 0+30 (ముప్పది) గ్రామాలుతో నూతన మండలంగా ది.11.10.2016 నుండి అమలులోకి తెస్తూ ప్రభుత్వం ఉత్తర్వులు జారీ చేసింది.",
            "answer": "గాదిగూడ",
            "category": "LOC",
            "title": "గాదిగూడ మండలం",
            "options": [
                "గాదిగూడ",
                "రూపాపూర్",
                "కొంది",
                "పోవ్‌నూర్"
            ]
        },
        {
            "question": "ధర్మరాజు \" పితామహా ! నేను క్షత్రియుడిని పైగా చక్రవర్తిని, ఇంద్రియములను జయించి రాజసము వదిలి త్రిగుణములను వదిలి శాంతి సుఖము ఎప్పుడు పొందుతానో కదా ! \" అని ధర్మరాజు ఆవేదన చెందాడు. దేవాసుర యుద్ధములో వృత్తాసురుడనే రాక్షసుడు పడి పోయాడు. అప్పుడు రాక్షసులు అతడిని సురక్షిత స్థావరానికి తీసుకు వెళ్ళారు. కాని వృత్తాసురుడి మొహంలో విషాదఛాయలు కనిపించక నిర్మలంగా ఉన్నాదు. అప్పుడు రాక్షస గురువైన <MASK> \" వృత్తా ! శత్రువులు నీ రాజ్యము, సంపదలు అపహరించారు కదా ! నీకు ఏమాత్రము దుఃఖము కలుగక పోవడానికి కారణం ఏమిటి ? \" అని అడిగాడు. వృత్తాసురుడు \" కలిమి లేములు కాలవశాత్తు వస్తుంటాయి పోతుంటాయి. అజ్ఞానులు మాత్రమే కలిమి ఉన్నప్పుడు దర్పము, పోయినప్పుడు దైన్యము అనుభవిస్తుంటారు. సంపదలు అశాశ్వతము అని తెలిసిన వాడు సంపదలు ఉన్నా పోయినా బాధపడక నిర్మల మనస్కుడై ఉంటాడు.",
            "answer": "శుక్రుడు",
            "category": "LOC",
            "title": "శాంతి పర్వము పంచమాశ్వాసము",
            "out_of_context_options": [
                "మల్కాపుర్"
            ],
            "options": [
                "మల్కాపుర్",
                "బృహస్పతి",
                "శుక్రుడు",
                "సూర్యుడు"
            ]
        },
        {
            "question": "ఇతడు అష్టావధానాలు, ద్విగుణిత అష్టావధానాలు, త్రిగుణిత అష్టావధానాలు, దశావధానాలు, షోడశగుణిత అష్టావధానాలు, శతావధానాలు, ఆశువిద్యా ప్రదర్శనలు అనేకం నిర్వహించాడు. ఇతడు ఎక్కువ భాగం శ్రీకాకుళం జిల్లాలో అవధానాలు చేసినా <MASK>, విశాఖపట్టణం జిల్లాలలో కూడా కొన్ని అవధానాలు ప్రదర్శించాడు. ఇతడు శ్రీకాకుళం, బొంతల కోడూరు, కురుపాం, ఇచ్ఛాపురం, సోంపేట, నరసన్నపేట, పాలకొండ, ఆముదాలవలస, వీరఘట్టం, అరసవిల్లి, చోడవరం, టెక్కలి, బత్తిలి, సంకిలి, విజయనగరం, బొబ్బిలి, ధర్మవరం, విశాఖపట్నం, అనకాపల్లి మొదలైన చోట్ల ఇతని అవధాన విద్యాప్రదర్శనలు జరిగాయి.",
            "answer": "విజయనగరం",
            "category": "LOC",
            "title": "మాడుగుల వేంకట సూర్య ప్రసాదరాయ కవి",
            "options": [
                "వీరఘట్టం",
                "ఇచ్ఛాపురం",
                "అరసవిల్లి",
                "విజయనగరం"
            ]
        }
    ]
}