<?xml version="1.0" encoding="ISO-8859-1" standalone="yes"?>
<nite:root nite:id="EN2001a.A.words" xmlns:nite="http://nite.sourceforge.net/">
   <w nite:id="EN2001a.A.words0" starttime="5.57" endtime="5.94">Okay</w>
   <w nite:id="EN2001a.A.words1" starttime="5.94" endtime="5.94" punc="true">.</w>
   <w nite:id="EN2001a.A.words2" starttime="11.09" endtime="11.25">Does</w>
   <w nite:id="EN2001a.A.words3" starttime="11.25" endtime="11.5">anyone</w>
   <w nite:id="EN2001a.A.words4" starttime="11.5" endtime="11.65">want</w>
   <w nite:id="EN2001a.A.words5" starttime="11.65" endtime="11.71">to</w>
   <w nite:id="EN2001a.A.words6" starttime="11.71" endtime="12.15">see</w>
   <w nite:id="EN2001a.A.words7" starttime="12.15" endtime="12.42">uh</w>
   <w nite:id="EN2001a.A.words8" starttime="12.42" endtime="12.94">Steve&#39;s</w>
   <w nite:id="EN2001a.A.words9" starttime="12.94" endtime="13.5">feedback</w>
   <w nite:id="EN2001a.A.words10" starttime="13.5" endtime="13.71">from</w>
   <w nite:id="EN2001a.A.words11" starttime="13.71" endtime="14.73">the</w>
   <w nite:id="EN2001a.A.words12" starttime="14.73" endtime="15.53">specification</w>
   <w nite:id="EN2001a.A.words13" starttime="15.53" endtime="15.53" punc="true">?</w>
   <w nite:id="EN2001a.A.words14" starttime="18.95" endtime="19.26">Right</w>
   <w nite:id="EN2001a.A.words15" starttime="19.26" endtime="19.26" punc="true">.</w>
   <w nite:id="EN2001a.A.words16" starttime="21.41" endtime="21.69">Not</w>
   <w nite:id="EN2001a.A.words17" starttime="21.69" endtime="22.33">really</w>
   <w nite:id="EN2001a.A.words18" starttime="22.33" endtime="22.33" punc="true">,</w>
   <w nite:id="EN2001a.A.words19" starttime="22.33" endtime="23.17">um</w>
   <w nite:id="EN2001a.A.words20" starttime="23.17" endtime="23.37">just</w>
   <w nite:id="EN2001a.A.words21" starttime="23.37" endtime="23.53">what</w>
   <w nite:id="EN2001a.A.words22" starttime="23.53" endtime="23.65">he&#39;s</w>
   <w nite:id="EN2001a.A.words23" starttime="23.65" endtime="23.92">talking</w>
   <w nite:id="EN2001a.A.words24" starttime="23.92" endtime="24.12">about</w>
   <w nite:id="EN2001a.A.words25" starttime="24.12" endtime="24.12" punc="true">,</w>
   <w nite:id="EN2001a.A.words26" starttime="24.12" endtime="24.31">like</w>
   <w nite:id="EN2001a.A.words27" starttime="24.31" endtime="24.91">duplication</w>
   <w nite:id="EN2001a.A.words28" starttime="24.91" endtime="25.03">of</w>
   <w nite:id="EN2001a.A.words29" starttime="25.03" endtime="25.45">effort</w>
   <w nite:id="EN2001a.A.words30" starttime="25.45" endtime="25.77">and</w>
   <disfmarker nite:id="EN2001a.A.words31" starttime="25.77" endtime="25.77"/>
   <w nite:id="EN2001a.A.words32" starttime="28.09" endtime="28.27">Like</w>
   <w nite:id="EN2001a.A.words33" starttime="28.27" endtime="28.83">duplication</w>
   <w nite:id="EN2001a.A.words34" starttime="28.83" endtime="28.96">of</w>
   <w nite:id="EN2001a.A.words35" starttime="28.96" endtime="29.26">effort</w>
   <w nite:id="EN2001a.A.words36" starttime="29.26" endtime="29.47">and</w>
   <w nite:id="EN2001a.A.words37" starttime="29.47" endtime="29.86">stuff</w>
   <w nite:id="EN2001a.A.words38" starttime="29.86" endtime="29.86" punc="true">,</w>
   <w nite:id="EN2001a.A.words39" starttime="29.86" endtime="32.42">and</w>
   <w nite:id="EN2001a.A.words40" starttime="32.42" endtime="32.83">um</w>
   <disfmarker nite:id="EN2001a.A.words41" starttime="32.83" endtime="32.83"/>
   <w nite:id="EN2001a.A.words42" starttime="32.83" endtime="33.0">yeah</w>
   <w nite:id="EN2001a.A.words43" starttime="33.0" endtime="33.0" punc="true">,</w>
   <w nite:id="EN2001a.A.words44" starttime="33.0" endtime="33.21">he</w>
   <w nite:id="EN2001a.A.words45" starttime="33.21" endtime="33.31">was</w>
   <w nite:id="EN2001a.A.words46" starttime="33.31" endtime="33.5">saying</w>
   <w nite:id="EN2001a.A.words47" starttime="33.5" endtime="33.59">that</w>
   <w nite:id="EN2001a.A.words48" starttime="33.59" endtime="33.65">we</w>
   <w nite:id="EN2001a.A.words49" starttime="33.65" endtime="33.83">should</w>
   <w nite:id="EN2001a.A.words50" starttime="33.83" endtime="34.55">maybe</w>
   <w nite:id="EN2001a.A.words51" starttime="34.55" endtime="34.95">uh</w>
   <w nite:id="EN2001a.A.words52" starttime="34.95" endtime="35.18">think</w>
   <w nite:id="EN2001a.A.words53" starttime="35.18" endtime="35.34">about</w>
   <w nite:id="EN2001a.A.words54" starttime="35.34" endtime="35.6">having</w>
   <w nite:id="EN2001a.A.words55" starttime="35.6" endtime="35.63">a</w>
   <w nite:id="EN2001a.A.words56" starttime="35.63" endtime="36.71">prototype</w>
   <w nite:id="EN2001a.A.words57" starttime="36.71" endtime="36.94">for</w>
   <w nite:id="EN2001a.A.words58" starttime="36.94" endtime="37.23">week</w>
   <w nite:id="EN2001a.A.words59" starttime="37.23" endtime="38.48">six</w>
   <w nite:id="EN2001a.A.words60" starttime="38.48" endtime="38.48" punc="true">,</w>
   <w nite:id="EN2001a.A.words61" starttime="38.48" endtime="38.6">which</w>
   <w nite:id="EN2001a.A.words62" starttime="38.6" endtime="38.73">is</w>
   <w nite:id="EN2001a.A.words63" starttime="38.73" endtime="39.03">next</w>
   <w nite:id="EN2001a.A.words64" starttime="39.03" endtime="39.62">week</w>
   <w nite:id="EN2001a.A.words65" starttime="39.62" endtime="39.62" punc="true">.</w>
   <w nite:id="EN2001a.A.words66" starttime="39.62" endtime="40.05">Yeah</w>
   <w nite:id="EN2001a.A.words67" starttime="40.05" endtime="40.05" punc="true">.</w>
   <w nite:id="EN2001a.A.words68" starttime="42.24" endtime="43.09">So</w>
   <w nite:id="EN2001a.A.words69" starttime="43.09" endtime="43.16">we</w>
   <w nite:id="EN2001a.A.words70" starttime="43.16" endtime="43.79">should</w>
   <w nite:id="EN2001a.A.words71" starttime="43.79" endtime="44.62">probably</w>
   <w nite:id="EN2001a.A.words72" starttime="44.62" endtime="45.41">prioritize</w>
   <w nite:id="EN2001a.A.words73" starttime="45.41" endtime="46.77">our</w>
   <w nite:id="EN2001a.A.words74" starttime="46.77" endtime="47.46">packages</w>
   <w nite:id="EN2001a.A.words75" starttime="47.46" endtime="47.46" punc="true">.</w>
   <w nite:id="EN2001a.A.words76" starttime="56.64" endtime="56.89">Mm</w>
   <w nite:id="EN2001a.A.words77" starttime="56.89" endtime="56.89" punc="true">.</w>
   <w nite:id="EN2001a.A.words78" starttime="80.02" endtime="80.38">Yeah</w>
   <w nite:id="EN2001a.A.words79" starttime="80.38" endtime="80.38" punc="true">.</w>
   <w nite:id="EN2001a.A.words80" starttime="121.94" endtime="122.14">Yeah</w>
   <w nite:id="EN2001a.A.words81" starttime="122.14" endtime="122.14" punc="true">.</w>
   <w nite:id="EN2001a.A.words82" starttime="155.48" endtime="156.35">Hmm</w>
   <w nite:id="EN2001a.A.words83" starttime="156.35" endtime="156.35" punc="true">.</w>
   <w nite:id="EN2001a.A.words84" starttime="156.35" endtime="156.74">Has</w>
   <w nite:id="EN2001a.A.words85" starttime="156.74" endtime="156.94">has</w>
   <w nite:id="EN2001a.A.words86" starttime="156.94" endtime="157.23">anyone</w>
   <w nite:id="EN2001a.A.words87" starttime="157.23" endtime="157.78">actually</w>
   <w nite:id="EN2001a.A.words88" starttime="157.78" endtime="158.16">looked</w>
   <w nite:id="EN2001a.A.words89" starttime="158.16" endtime="158.25">at</w>
   <w nite:id="EN2001a.A.words90" starttime="158.25" endtime="158.48">the</w>
   <w nite:id="EN2001a.A.words91" starttime="158.48" endtime="158.83">Java</w>
   <w nite:id="EN2001a.A.words92" starttime="158.83" endtime="159.12">code</w>
   <w nite:id="EN2001a.A.words93" starttime="159.12" endtime="160.44">for</w>
   <w nite:id="EN2001a.A.words94" starttime="160.44" endtime="160.55">the</w>
   <disfmarker nite:id="EN2001a.A.words95" starttime="160.55" endtime="160.55"/>
   <gap nite:id="EN2001a.A.words96" starttime="160.55" endtime="160.55"/>
   <w nite:id="EN2001a.A.words97" starttime="160.55" endtime="160.55" punc="true">,</w>
   <w nite:id="EN2001a.A.words98" starttime="160.55" endtime="161.4">huh</w>
   <w nite:id="EN2001a.A.words99" starttime="161.4" endtime="161.4" punc="true">?</w>
   <w nite:id="EN2001a.A.words100" starttime="161.4" endtime="161.69">Hmm</w>
   <w nite:id="EN2001a.A.words101" starttime="161.69" endtime="161.69" punc="true">.</w>
   <w nite:id="EN2001a.A.words102" starttime="186.8" endtime="187.18">Yeah</w>
   <w nite:id="EN2001a.A.words103" starttime="187.18" endtime="187.18" punc="true">,</w>
   <w nite:id="EN2001a.A.words104" starttime="187.18" endtime="187.23">I</w>
   <w nite:id="EN2001a.A.words105" starttime="187.23" endtime="187.37">think</w>
   <w nite:id="EN2001a.A.words106" starttime="187.37" endtime="187.52">so</w>
   <w nite:id="EN2001a.A.words107" starttime="187.52" endtime="187.52" punc="true">.</w>
   <w nite:id="EN2001a.A.words108" starttime="252.27" endtime="252.47">Yeah</w>
   <w nite:id="EN2001a.A.words109" starttime="252.47" endtime="252.47" punc="true">,</w>
   <w nite:id="EN2001a.A.words110" starttime="252.47" endtime="252.55">I</w>
   <w nite:id="EN2001a.A.words111" starttime="252.55" endtime="252.74">I</w>
   <w nite:id="EN2001a.A.words112" starttime="252.74" endtime="252.91">don&#39;t</w>
   <w nite:id="EN2001a.A.words113" starttime="252.91" endtime="252.97">know</w>
   <w nite:id="EN2001a.A.words114" starttime="252.97" endtime="253.2">about</w>
   <w nite:id="EN2001a.A.words115" starttime="253.2" endtime="253.34">the</w>
   <w nite:id="EN2001a.A.words116" starttime="253.34" endtime="253.72">search</w>
   <w nite:id="EN2001a.A.words117" starttime="253.72" endtime="254.46">functionality</w>
   <w nite:id="EN2001a.A.words118" starttime="254.46" endtime="254.46" punc="true">,</w>
   <w nite:id="EN2001a.A.words119" starttime="254.46" endtime="254.63">that</w>
   <w nite:id="EN2001a.A.words120" starttime="254.63" endtime="255.4">might</w>
   <w nite:id="EN2001a.A.words121" starttime="255.4" endtime="255.51">be</w>
   <w nite:id="EN2001a.A.words122" starttime="255.51" endtime="256.38">online</w>
   <w nite:id="EN2001a.A.words123" starttime="256.38" endtime="256.38" punc="true">.</w>
   <w nite:id="EN2001a.A.words124" starttime="256.38" endtime="256.77">Depends</w>
   <w nite:id="EN2001a.A.words125" starttime="256.77" endtime="256.84">how</w>
   <w nite:id="EN2001a.A.words126" starttime="256.84" endtime="257.1">it&#39;s</w>
   <w nite:id="EN2001a.A.words127" starttime="257.1" endtime="257.29">gonna</w>
   <w nite:id="EN2001a.A.words128" starttime="257.29" endtime="257.5">work</w>
   <w nite:id="EN2001a.A.words129" starttime="257.5" endtime="257.5" punc="true">.</w>
   <w nite:id="EN2001a.A.words130" starttime="265.84" endtime="266.2">Yeah</w>
   <w nite:id="EN2001a.A.words131" starttime="266.2" endtime="266.2" punc="true">.</w>
   <w nite:id="EN2001a.A.words132" starttime="460.98" endtime="461.22">Mm-hmm</w>
   <w nite:id="EN2001a.A.words133" starttime="461.22" endtime="461.22" punc="true">.</w>
   <w nite:id="EN2001a.A.words134" starttime="479.62" endtime="479.75">Yeah</w>
   <w nite:id="EN2001a.A.words135" starttime="479.75" endtime="479.75" punc="true">,</w>
   <w nite:id="EN2001a.A.words136" starttime="479.75" endtime="479.88">that</w>
   <w nite:id="EN2001a.A.words137" starttime="479.88" endtime="480.03">makes</w>
   <w nite:id="EN2001a.A.words138" starttime="480.03" endtime="480.4">sense</w>
   <w nite:id="EN2001a.A.words139" starttime="480.4" endtime="480.4" punc="true">.</w>
   <w nite:id="EN2001a.A.words140" starttime="578.29" endtime="578.58">Hmm</w>
   <w nite:id="EN2001a.A.words141" starttime="578.58" endtime="578.58" punc="true">.</w>
   <w nite:id="EN2001a.A.words142" starttime="655.47" endtime="655.68">Hmm</w>
   <w nite:id="EN2001a.A.words143" starttime="655.68" endtime="655.68" punc="true">.</w>
   <w nite:id="EN2001a.A.words144" starttime="970.6" endtime="970.74">Yeah</w>
   <w nite:id="EN2001a.A.words145" starttime="970.74" endtime="970.74" punc="true">,</w>
   <w nite:id="EN2001a.A.words146" starttime="970.74" endtime="970.82">you</w>
   <w nite:id="EN2001a.A.words147" starttime="970.82" endtime="971.12">just</w>
   <w nite:id="EN2001a.A.words148" starttime="971.12" endtime="971.82">concatenate</w>
   <w nite:id="EN2001a.A.words149" starttime="971.82" endtime="971.97">them</w>
   <w nite:id="EN2001a.A.words150" starttime="971.97" endtime="972.37">together</w>
   <w nite:id="EN2001a.A.words151" starttime="972.37" endtime="972.37" punc="true">.</w>
   <w nite:id="EN2001a.A.words152" starttime="1105.95" endtime="1106.27">Hmm</w>
   <w nite:id="EN2001a.A.words153" starttime="1106.27" endtime="1106.27" punc="true">.</w>
   <w nite:id="EN2001a.A.words154" starttime="1131.46" endtime="1131.77">Yeah</w>
   <w nite:id="EN2001a.A.words155" starttime="1131.77" endtime="1131.77" punc="true">.</w>
   <w nite:id="EN2001a.A.words156" starttime="1134.46" endtime="1134.56">It</w>
   <w nite:id="EN2001a.A.words157" starttime="1134.56" endtime="1134.76">just</w>
   <w nite:id="EN2001a.A.words158" starttime="1134.76" endtime="1134.94">means</w>
   <w nite:id="EN2001a.A.words159" starttime="1134.94" endtime="1135.07">it</w>
   <w nite:id="EN2001a.A.words160" starttime="1135.07" endtime="1135.38">loads</w>
   <w nite:id="EN2001a.A.words161" starttime="1135.38" endtime="1135.64">on</w>
   <w nite:id="EN2001a.A.words162" starttime="1135.64" endtime="1136.26">demand</w>
   <w nite:id="EN2001a.A.words163" starttime="1136.26" endtime="1136.26" punc="true">.</w>
   <w nite:id="EN2001a.A.words164" starttime="1136.26" endtime="1136.7">It</w>
   <w nite:id="EN2001a.A.words165" starttime="1136.7" endtime="1136.93">only</w>
   <w nite:id="EN2001a.A.words166" starttime="1136.93" endtime="1137.91">loads</w>
   <w nite:id="EN2001a.A.words167" starttime="1137.91" endtime="1138.1">when</w>
   <w nite:id="EN2001a.A.words168" starttime="1138.1" endtime="1138.22">it</w>
   <w nite:id="EN2001a.A.words169" starttime="1138.22" endtime="1138.53">needs</w>
   <w nite:id="EN2001a.A.words170" starttime="1138.53" endtime="1138.73">a</w>
   <w nite:id="EN2001a.A.words171" starttime="1138.73" endtime="1139.78">particular</w>
   <w nite:id="EN2001a.A.words172" starttime="1139.78" endtime="1139.99">type</w>
   <w nite:id="EN2001a.A.words173" starttime="1139.99" endtime="1140.12">of</w>
   <w nite:id="EN2001a.A.words174" starttime="1140.12" endtime="1141.09">file</w>
   <w nite:id="EN2001a.A.words175" starttime="1141.09" endtime="1141.09" punc="true">.</w>
   <w nite:id="EN2001a.A.words176" starttime="1141.09" endtime="1141.27">Like</w>
   <w nite:id="EN2001a.A.words177" starttime="1141.27" endtime="1141.36">when</w>
   <w nite:id="EN2001a.A.words178" starttime="1141.36" endtime="1141.47">it&#39;s</w>
   <w nite:id="EN2001a.A.words179" starttime="1141.47" endtime="1141.62">being</w>
   <w nite:id="EN2001a.A.words180" starttime="1141.62" endtime="1142.22">accessed</w>
   <w nite:id="EN2001a.A.words181" starttime="1142.22" endtime="1142.22" punc="true">.</w>
   <w nite:id="EN2001a.A.words182" starttime="1160.76" endtime="1160.95">Yeah</w>
   <w nite:id="EN2001a.A.words183" starttime="1160.95" endtime="1160.95" punc="true">,</w>
   <w nite:id="EN2001a.A.words184" starttime="1160.95" endtime="1160.98">I</w>
   <w nite:id="EN2001a.A.words185" starttime="1160.98" endtime="1161.2">think</w>
   <w nite:id="EN2001a.A.words186" starttime="1161.2" endtime="1161.39">that&#39;s</w>
   <w nite:id="EN2001a.A.words187" starttime="1161.39" endtime="1161.46">the</w>
   <w nite:id="EN2001a.A.words188" starttime="1161.46" endtime="1161.73">idea</w>
   <w nite:id="EN2001a.A.words189" starttime="1161.73" endtime="1161.73" punc="true">,</w>
   <w nite:id="EN2001a.A.words190" starttime="1161.73" endtime="1161.8">it</w>
   <w nite:id="EN2001a.A.words191" starttime="1161.8" endtime="1162.01">just</w>
   <w nite:id="EN2001a.A.words192" starttime="1162.01" endtime="1162.62">loads</w>
   <w nite:id="EN2001a.A.words193" starttime="1162.62" endtime="1163.2">the</w>
   <w nite:id="EN2001a.A.words194" starttime="1163.2" endtime="1163.74">particular</w>
   <w nite:id="EN2001a.A.words195" starttime="1163.74" endtime="1164.0">ones</w>
   <w nite:id="EN2001a.A.words196" starttime="1164.0" endtime="1164.07">it</w>
   <w nite:id="EN2001a.A.words197" starttime="1164.07" endtime="1164.37">needs</w>
   <w nite:id="EN2001a.A.words198" starttime="1164.37" endtime="1164.37" punc="true">.</w>
   <w nite:id="EN2001a.A.words199" starttime="1167.5" endtime="1167.6">But</w>
   <w nite:id="EN2001a.A.words200" starttime="1167.6" endtime="1167.7">if</w>
   <w nite:id="EN2001a.A.words201" starttime="1167.7" endtime="1167.77">you</w>
   <w nite:id="EN2001a.A.words202" starttime="1167.77" endtime="1167.85">were</w>
   <w nite:id="EN2001a.A.words203" starttime="1167.85" endtime="1167.98">doing</w>
   <w nite:id="EN2001a.A.words204" starttime="1167.98" endtime="1168.08">a</w>
   <w nite:id="EN2001a.A.words205" starttime="1168.08" endtime="1168.4">search</w>
   <w nite:id="EN2001a.A.words206" starttime="1168.4" endtime="1168.55">over</w>
   <w nite:id="EN2001a.A.words207" starttime="1168.55" endtime="1168.63">the</w>
   <w nite:id="EN2001a.A.words208" starttime="1168.63" endtime="1168.79">whole</w>
   <w nite:id="EN2001a.A.words209" starttime="1168.79" endtime="1169.18">corpus</w>
   <w nite:id="EN2001a.A.words210" starttime="1169.18" endtime="1169.31">you&#39;d</w>
   <w nite:id="EN2001a.A.words211" starttime="1169.31" endtime="1169.47">have</w>
   <w nite:id="EN2001a.A.words212" starttime="1169.47" endtime="1169.59">to</w>
   <w nite:id="EN2001a.A.words213" starttime="1169.59" endtime="1169.79">load</w>
   <w nite:id="EN2001a.A.words214" starttime="1169.79" endtime="1169.92">them</w>
   <w nite:id="EN2001a.A.words215" starttime="1169.92" endtime="1170.23">all</w>
   <w nite:id="EN2001a.A.words216" starttime="1170.23" endtime="1170.23" punc="true">.</w>
   <w nite:id="EN2001a.A.words217" starttime="1179.19" endtime="1179.47">Hmm</w>
   <w nite:id="EN2001a.A.words218" starttime="1179.47" endtime="1179.47" punc="true">.</w>
   <w nite:id="EN2001a.A.words219" starttime="1322.74" endtime="1322.88">Mm</w>
   <w nite:id="EN2001a.A.words220" starttime="1322.88" endtime="1322.88" punc="true">.</w>
   <w nite:id="EN2001a.A.words221" starttime="1490.28" endtime="1490.49">Hmm</w>
   <w nite:id="EN2001a.A.words222" starttime="1490.49" endtime="1490.49" punc="true">.</w>
   <w nite:id="EN2001a.A.words223" starttime="1491.68" endtime="1491.83">Yeah</w>
   <w nite:id="EN2001a.A.words224" starttime="1491.83" endtime="1491.83" punc="true">,</w>
   <w nite:id="EN2001a.A.words225" starttime="1491.83" endtime="1491.89">we</w>
   <w nite:id="EN2001a.A.words226" starttime="1491.89" endtime="1491.98">do</w>
   <w nite:id="EN2001a.A.words227" starttime="1491.98" endtime="1492.08">not</w>
   <w nite:id="EN2001a.A.words228" starttime="1492.08" endtime="1492.24">want</w>
   <w nite:id="EN2001a.A.words229" starttime="1492.24" endtime="1492.3">it</w>
   <w nite:id="EN2001a.A.words230" starttime="1492.3" endtime="1492.38">in</w>
   <disfmarker nite:id="EN2001a.A.words231" starttime="1492.38" endtime="1492.38"/>
   <w nite:id="EN2001a.A.words232" starttime="1492.38" endtime="1492.5">to</w>
   <w nite:id="EN2001a.A.words233" starttime="1492.5" endtime="1492.77">develop</w>
   <w nite:id="EN2001a.A.words234" starttime="1492.77" endtime="1492.8">a</w>
   <w nite:id="EN2001a.A.words235" starttime="1492.8" endtime="1492.98">little</w>
   <w nite:id="EN2001a.A.words236" starttime="1492.98" endtime="1493.27">tree</w>
   <w nite:id="EN2001a.A.words237" starttime="1493.27" endtime="1493.67">display</w>
   <w nite:id="EN2001a.A.words238" starttime="1493.67" endtime="1493.76">as</w>
   <w nite:id="EN2001a.A.words239" starttime="1493.76" endtime="1494.04">well</w>
   <w nite:id="EN2001a.A.words240" starttime="1494.04" endtime="1494.33">for</w>
   <w nite:id="EN2001a.A.words241" starttime="1494.33" endtime="1494.84">multiple</w>
   <w nite:id="EN2001a.A.words242" starttime="1494.84" endtime="1495.21">results</w>
   <w nite:id="EN2001a.A.words243" starttime="1495.21" endtime="1495.21" punc="true">.</w>
   <w nite:id="EN2001a.A.words244" starttime="1497.04" endtime="1497.34">Yeah</w>
   <w nite:id="EN2001a.A.words245" starttime="1497.34" endtime="1497.34" punc="true">,</w>
   <w nite:id="EN2001a.A.words246" starttime="1497.34" endtime="1497.44">but</w>
   <w nite:id="EN2001a.A.words247" starttime="1497.44" endtime="1497.72">that&#39;d</w>
   <w nite:id="EN2001a.A.words248" starttime="1497.72" endtime="1497.95">be</w>
   <w nite:id="EN2001a.A.words249" starttime="1497.95" endtime="1498.22">quite</w>
   <w nite:id="EN2001a.A.words250" starttime="1498.22" endtime="1498.4">easy</w>
   <w nite:id="EN2001a.A.words251" starttime="1498.4" endtime="1498.49">to</w>
   <w nite:id="EN2001a.A.words252" starttime="1498.49" endtime="1498.64">do</w>
   <w nite:id="EN2001a.A.words253" starttime="1498.64" endtime="1498.64" punc="true">.</w>
   <w nite:id="EN2001a.A.words254" starttime="1503.52" endtime="1503.63">You</w>
   <w nite:id="EN2001a.A.words255" starttime="1503.63" endtime="1503.82">just</w>
   <w nite:id="EN2001a.A.words256" starttime="1503.82" endtime="1503.93">need</w>
   <w nite:id="EN2001a.A.words257" starttime="1503.93" endtime="1504.0">to</w>
   <w nite:id="EN2001a.A.words258" starttime="1504.0" endtime="1504.2">find</w>
   <w nite:id="EN2001a.A.words259" starttime="1504.2" endtime="1504.26">the</w>
   <w nite:id="EN2001a.A.words260" starttime="1504.26" endtime="1504.54">time</w>
   <w nite:id="EN2001a.A.words261" starttime="1504.54" endtime="1504.9">stamp</w>
   <w nite:id="EN2001a.A.words262" starttime="1504.9" endtime="1504.9" punc="true">.</w>
   <w nite:id="EN2001a.A.words263" starttime="1510.24" endtime="1510.64">Yeah</w>
   <w nite:id="EN2001a.A.words264" starttime="1510.64" endtime="1510.64" punc="true">.</w>
   <w nite:id="EN2001a.A.words265" starttime="1549.12" endtime="1549.4">Yeah</w>
   <w nite:id="EN2001a.A.words266" starttime="1549.4" endtime="1549.4" punc="true">.</w>
   <w nite:id="EN2001a.A.words267" starttime="1638.86" endtime="1639.08">Yeah</w>
   <w nite:id="EN2001a.A.words268" starttime="1639.08" endtime="1639.08" punc="true">,</w>
   <w nite:id="EN2001a.A.words269" starttime="1639.08" endtime="1639.15">I</w>
   <w nite:id="EN2001a.A.words270" starttime="1639.15" endtime="1639.59">think</w>
   <w nite:id="EN2001a.A.words271" starttime="1639.59" endtime="1639.68">I</w>
   <w nite:id="EN2001a.A.words272" starttime="1639.68" endtime="1639.88">think</w>
   <w nite:id="EN2001a.A.words273" starttime="1639.88" endtime="1640.03">those</w>
   <w nite:id="EN2001a.A.words274" starttime="1640.03" endtime="1641.0">segments</w>
   <w nite:id="EN2001a.A.words275" starttime="1641.0" endtime="1641.31">for</w>
   <w nite:id="EN2001a.A.words276" starttime="1641.31" endtime="1641.55">each</w>
   <w nite:id="EN2001a.A.words277" starttime="1641.55" endtime="1642.35">utterance</w>
   <w nite:id="EN2001a.A.words278" starttime="1642.35" endtime="1642.44">are</w>
   <w nite:id="EN2001a.A.words279" starttime="1642.44" endtime="1642.73">split</w>
   <w nite:id="EN2001a.A.words280" starttime="1642.73" endtime="1642.96">up</w>
   <w nite:id="EN2001a.A.words281" starttime="1642.96" endtime="1642.96" punc="true">.</w>
   <w nite:id="EN2001a.A.words282" starttime="1644.2" endtime="1644.36">Think</w>
   <w nite:id="EN2001a.A.words283" starttime="1644.36" endtime="1644.62">so</w>
   <w nite:id="EN2001a.A.words284" starttime="1644.62" endtime="1644.62" punc="true">.</w>
   <w nite:id="EN2001a.A.words285" starttime="1663.46" endtime="1663.59">Yeah</w>
   <w nite:id="EN2001a.A.words286" starttime="1663.59" endtime="1663.59" punc="true">,</w>
   <w nite:id="EN2001a.A.words287" starttime="1663.59" endtime="1663.68">I&#39;m</w>
   <w nite:id="EN2001a.A.words288" starttime="1663.68" endtime="1663.88">pretty</w>
   <w nite:id="EN2001a.A.words289" starttime="1663.88" endtime="1664.11">sure</w>
   <w nite:id="EN2001a.A.words290" starttime="1664.11" endtime="1664.26">it&#39;s</w>
   <w nite:id="EN2001a.A.words291" starttime="1664.26" endtime="1664.57">already</w>
   <w nite:id="EN2001a.A.words292" starttime="1664.57" endtime="1665.4">there</w>
   <w nite:id="EN2001a.A.words293" starttime="1665.4" endtime="1665.4" punc="true">.</w>
   <w nite:id="EN2001a.A.words294" starttime="1665.4" endtime="1665.6">Pretty</w>
   <w nite:id="EN2001a.A.words295" starttime="1665.6" endtime="1665.74">sure</w>
   <w nite:id="EN2001a.A.words296" starttime="1665.74" endtime="1665.96">that&#39;s</w>
   <w nite:id="EN2001a.A.words297" starttime="1665.96" endtime="1666.21">already</w>
   <w nite:id="EN2001a.A.words298" starttime="1666.21" endtime="1666.38">there</w>
   <w nite:id="EN2001a.A.words299" starttime="1666.38" endtime="1666.38" punc="true">.</w>
   <w nite:id="EN2001a.A.words300" starttime="1666.38" endtime="1667.1">The</w>
   <w nite:id="EN2001a.A.words301" starttime="1667.1" endtime="1667.82">the</w>
   <w nite:id="EN2001a.A.words302" starttime="1667.82" endtime="1668.44">utterances</w>
   <w nite:id="EN2001a.A.words303" starttime="1668.44" endtime="1668.55">are</w>
   <w nite:id="EN2001a.A.words304" starttime="1668.55" endtime="1668.93">numbered</w>
   <w nite:id="EN2001a.A.words305" starttime="1668.93" endtime="1668.93" punc="true">.</w>
   <w nite:id="EN2001a.A.words306" starttime="1704.79" endtime="1705.05">Hmm</w>
   <w nite:id="EN2001a.A.words307" starttime="1705.05" endtime="1705.05" punc="true">.</w>
   <w nite:id="EN2001a.A.words308" starttime="1711.59" endtime="1711.78">Yeah</w>
   <w nite:id="EN2001a.A.words309" starttime="1711.78" endtime="1711.78" punc="true">,</w>
   <w nite:id="EN2001a.A.words310" starttime="1711.78" endtime="1711.82">I</w>
   <w nite:id="EN2001a.A.words311" starttime="1711.82" endtime="1712.0">think</w>
   <w nite:id="EN2001a.A.words312" starttime="1712.0" endtime="1712.18">so</w>
   <w nite:id="EN2001a.A.words313" starttime="1712.18" endtime="1712.18" punc="true">.</w>
   <w nite:id="EN2001a.A.words314" starttime="1745.65" endtime="1746.17" trunc="true">Ye</w>
   <w nite:id="EN2001a.A.words315" starttime="1746.17" endtime="1746.42">that&#39;s</w>
   <w nite:id="EN2001a.A.words316" starttime="1746.42" endtime="1746.58">the</w>
   <w nite:id="EN2001a.A.words317" starttime="1746.58" endtime="1747.03">impression</w>
   <w nite:id="EN2001a.A.words318" starttime="1747.03" endtime="1747.11">I</w>
   <w nite:id="EN2001a.A.words319" starttime="1747.11" endtime="1747.34">get</w>
   <w nite:id="EN2001a.A.words320" starttime="1747.34" endtime="1747.34" punc="true">,</w>
   <w nite:id="EN2001a.A.words321" starttime="1747.34" endtime="1747.59">yeah</w>
   <w nite:id="EN2001a.A.words322" starttime="1747.59" endtime="1747.59" punc="true">.</w>
   <w nite:id="EN2001a.A.words323" starttime="1752.23" endtime="1752.42">Oh</w>
   <w nite:id="EN2001a.A.words324" starttime="1752.42" endtime="1752.42" punc="true">.</w>
   <w nite:id="EN2001a.A.words325" starttime="1783.64" endtime="1783.86">Hmm</w>
   <w nite:id="EN2001a.A.words326" starttime="1783.86" endtime="1783.86" punc="true">.</w>
   <w nite:id="EN2001a.A.words327" starttime="1786.1" endtime="1786.21" trunc="true">Ye</w>
   <w nite:id="EN2001a.A.words328" starttime="1787.21" endtime="1787.43">Mm</w>
   <w nite:id="EN2001a.A.words329" starttime="1787.43" endtime="1787.43" punc="true">.</w>
   <w nite:id="EN2001a.A.words330" starttime="1791.01" endtime="1791.56">Yeah</w>
   <w nite:id="EN2001a.A.words331" starttime="1791.56" endtime="1791.56" punc="true">,</w>
   <w nite:id="EN2001a.A.words332" starttime="1791.56" endtime="1791.6">uh</w>
   <disfmarker nite:id="EN2001a.A.words333" starttime="1791.6" endtime="1791.6"/>
   <w nite:id="EN2001a.A.words334" starttime="1814.18" endtime="1814.35">Right</w>
   <w nite:id="EN2001a.A.words335" starttime="1814.35" endtime="1814.35" punc="true">.</w>
   <w nite:id="EN2001a.A.words336" starttime="1840.72" endtime="1841.12">Okay</w>
   <w nite:id="EN2001a.A.words337" starttime="1841.12" endtime="1841.12" punc="true">.</w>
   <w nite:id="EN2001a.A.words338" starttime="1850.38" endtime="1850.85">Topics</w>
   <w nite:id="EN2001a.A.words339" starttime="1850.85" endtime="1850.85" punc="true">,</w>
   <w nite:id="EN2001a.A.words340" starttime="1850.85" endtime="1851.11">yeah</w>
   <w nite:id="EN2001a.A.words341" starttime="1851.11" endtime="1851.11" punc="true">.</w>
   <w nite:id="EN2001a.A.words342" starttime="1858.96" endtime="1859.14">Yeah</w>
   <w nite:id="EN2001a.A.words343" starttime="1859.14" endtime="1859.14" punc="true">,</w>
   <w nite:id="EN2001a.A.words344" starttime="1859.14" endtime="1859.17">I</w>
   <w nite:id="EN2001a.A.words345" starttime="1859.17" endtime="1859.36">think</w>
   <w nite:id="EN2001a.A.words346" starttime="1859.36" endtime="1859.52">that&#39;s</w>
   <w nite:id="EN2001a.A.words347" starttime="1859.52" endtime="1859.6">the</w>
   <w nite:id="EN2001a.A.words348" starttime="1859.6" endtime="1859.71">right</w>
   <w nite:id="EN2001a.A.words349" starttime="1859.71" endtime="1859.86">one</w>
   <w nite:id="EN2001a.A.words350" starttime="1859.86" endtime="1859.86" punc="true">.</w>
   <w nite:id="EN2001a.A.words351" starttime="1870.8" endtime="1871.03">Hmm</w>
   <w nite:id="EN2001a.A.words352" starttime="1871.03" endtime="1871.03" punc="true">.</w>
   <w nite:id="EN2001a.A.words353" starttime="1888.04" endtime="1888.25">Hmm</w>
   <w nite:id="EN2001a.A.words354" starttime="1888.25" endtime="1888.25" punc="true">.</w>
   <w nite:id="EN2001a.A.words355" starttime="1892.36" endtime="1892.62">Mm-hmm</w>
   <w nite:id="EN2001a.A.words356" starttime="1892.62" endtime="1892.62" punc="true">.</w>
   <vocalsound nite:id="EN2001a.A.words357" starttime="1910.23" endtime="1910.61" type="other"/>
   <w nite:id="EN2001a.A.words358" starttime="2026.47" endtime="2026.78">Mm</w>
   <w nite:id="EN2001a.A.words359" starttime="2026.78" endtime="2026.78" punc="true">.</w>
   <w nite:id="EN2001a.A.words360" starttime="2059.91" endtime="2060.09">Hmm</w>
   <w nite:id="EN2001a.A.words361" starttime="2060.09" endtime="2060.09" punc="true">.</w>
   <w nite:id="EN2001a.A.words362" starttime="2101.65" endtime="2101.79">Yeah</w>
   <w nite:id="EN2001a.A.words363" starttime="2101.79" endtime="2101.79" punc="true">,</w>
   <w nite:id="EN2001a.A.words364" starttime="2101.79" endtime="2101.94">that&#39;d</w>
   <w nite:id="EN2001a.A.words365" starttime="2101.94" endtime="2102.03">be</w>
   <w nite:id="EN2001a.A.words366" starttime="2102.03" endtime="2102.23">much</w>
   <w nite:id="EN2001a.A.words367" starttime="2102.23" endtime="2102.4">more</w>
   <w nite:id="EN2001a.A.words368" starttime="2102.4" endtime="2102.82">efficient</w>
   <w nite:id="EN2001a.A.words369" starttime="2102.82" endtime="2102.9">to</w>
   <w nite:id="EN2001a.A.words370" starttime="2102.9" endtime="2103.05">do</w>
   <w nite:id="EN2001a.A.words371" starttime="2103.05" endtime="2103.35">that</w>
   <w nite:id="EN2001a.A.words372" starttime="2103.35" endtime="2103.35" punc="true">.</w>
   <w nite:id="EN2001a.A.words373" starttime="2103.35" endtime="2103.58">Yeah</w>
   <w nite:id="EN2001a.A.words374" starttime="2103.58" endtime="2103.58" punc="true">.</w>
   <w nite:id="EN2001a.A.words375" starttime="2169.56" endtime="2169.88">Hmm</w>
   <w nite:id="EN2001a.A.words376" starttime="2169.88" endtime="2169.88" punc="true">.</w>
   <w nite:id="EN2001a.A.words377" starttime="2188.06" endtime="2188.16">Hmm</w>
   <w nite:id="EN2001a.A.words378" starttime="2188.16" endtime="2188.16" punc="true">.</w>
   <w nite:id="EN2001a.A.words379" starttime="2252.6" endtime="2252.71">Yeah</w>
   <w nite:id="EN2001a.A.words380" starttime="2252.71" endtime="2252.71" punc="true">,</w>
   <w nite:id="EN2001a.A.words381" starttime="2252.71" endtime="2252.83">you&#39;re</w>
   <w nite:id="EN2001a.A.words382" starttime="2252.83" endtime="2252.95">able</w>
   <w nite:id="EN2001a.A.words383" starttime="2252.95" endtime="2253.1">to</w>
   <w nite:id="EN2001a.A.words384" starttime="2253.1" endtime="2253.21">do</w>
   <w nite:id="EN2001a.A.words385" starttime="2253.21" endtime="2253.3">that</w>
   <w nite:id="EN2001a.A.words386" starttime="2253.3" endtime="2253.39">in</w>
   <w nite:id="EN2001a.A.words387" starttime="2253.39" endtime="2253.72">Java</w>
   <w nite:id="EN2001a.A.words388" starttime="2253.72" endtime="2253.72" punc="true">,</w>
   <w nite:id="EN2001a.A.words389" starttime="2253.72" endtime="2253.92">yeah</w>
   <w nite:id="EN2001a.A.words390" starttime="2253.92" endtime="2253.92" punc="true">?</w>
   <w nite:id="EN2001a.A.words391" starttime="2255.73" endtime="2255.97">Yeah</w>
   <w nite:id="EN2001a.A.words392" starttime="2255.97" endtime="2255.97" punc="true">.</w>
   <vocalsound nite:id="EN2001a.A.words393" starttime="2256.72" endtime="2257.05" type="other"/>
   <w nite:id="EN2001a.A.words394" starttime="2278.06" endtime="2278.18">Huh</w>
   <w nite:id="EN2001a.A.words395" starttime="2278.18" endtime="2278.18" punc="true">.</w>
   <w nite:id="EN2001a.A.words396" starttime="2311.17" endtime="2311.49">Hmm</w>
   <w nite:id="EN2001a.A.words397" starttime="2311.49" endtime="2311.49" punc="true">.</w>
   <w nite:id="EN2001a.A.words398" starttime="2328.29" endtime="2328.58">Yeah</w>
   <w nite:id="EN2001a.A.words399" starttime="2328.58" endtime="2328.58" punc="true">,</w>
   <w nite:id="EN2001a.A.words400" starttime="2328.58" endtime="2328.71">I&#39;ve</w>
   <w nite:id="EN2001a.A.words401" starttime="2328.71" endtime="2328.91">had</w>
   <w nite:id="EN2001a.A.words402" starttime="2328.91" endtime="2329.22">a</w>
   <w nite:id="EN2001a.A.words403" starttime="2329.22" endtime="2329.52" trunc="true">b</w>
   <w nite:id="EN2001a.A.words404" starttime="2329.52" endtime="2329.72">I&#39;ve</w>
   <w nite:id="EN2001a.A.words405" starttime="2329.72" endtime="2329.85">had</w>
   <w nite:id="EN2001a.A.words406" starttime="2329.85" endtime="2329.9">a</w>
   <w nite:id="EN2001a.A.words407" starttime="2329.9" endtime="2330.11">look</w>
   <w nite:id="EN2001a.A.words408" starttime="2330.11" endtime="2330.25">at</w>
   <w nite:id="EN2001a.A.words409" starttime="2330.25" endtime="2330.8">the</w>
   <w nite:id="EN2001a.A.words410" starttime="2330.8" endtime="2331.22">the</w>
   <w nite:id="EN2001a.A.words411" starttime="2331.22" endtime="2331.58">topic</w>
   <w nite:id="EN2001a.A.words412" starttime="2331.58" endtime="2332.22">segments</w>
   <w nite:id="EN2001a.A.words413" starttime="2332.22" endtime="2332.22" punc="true">,</w>
   <w nite:id="EN2001a.A.words414" starttime="2332.22" endtime="2332.38">how</w>
   <w nite:id="EN2001a.A.words415" starttime="2332.38" endtime="2332.58">it&#39;s</w>
   <w nite:id="EN2001a.A.words416" starttime="2332.58" endtime="2333.93">stored</w>
   <w nite:id="EN2001a.A.words417" starttime="2333.93" endtime="2333.93" punc="true">.</w>
   <w nite:id="EN2001a.A.words418" starttime="2333.93" endtime="2334.24">And</w>
   <w nite:id="EN2001a.A.words419" starttime="2334.24" endtime="2335.43">then</w>
   <disfmarker nite:id="EN2001a.A.words420" starttime="2335.43" endtime="2335.43"/>
   <w nite:id="EN2001a.A.words421" starttime="2335.43" endtime="2335.62">yeah</w>
   <w nite:id="EN2001a.A.words422" starttime="2335.62" endtime="2335.62" punc="true">,</w>
   <w nite:id="EN2001a.A.words423" starttime="2335.62" endtime="2335.75" trunc="true">th</w>
   <w nite:id="EN2001a.A.words424" starttime="2335.75" endtime="2335.95">those</w>
   <w nite:id="EN2001a.A.words425" starttime="2335.95" endtime="2336.04">are</w>
   <w nite:id="EN2001a.A.words426" starttime="2336.04" endtime="2336.28">few</w>
   <w nite:id="EN2001a.A.words427" starttime="2336.28" endtime="2336.46">per</w>
   <w nite:id="EN2001a.A.words428" starttime="2336.46" endtime="2337.0">meeting</w>
   <w nite:id="EN2001a.A.words429" starttime="2337.0" endtime="2337.0" punc="true">,</w>
   <w nite:id="EN2001a.A.words430" starttime="2337.0" endtime="2337.29">and</w>
   <w nite:id="EN2001a.A.words431" starttime="2337.29" endtime="2338.61">it</w>
   <disfmarker nite:id="EN2001a.A.words432" starttime="2338.61" endtime="2338.61"/>
   <w nite:id="EN2001a.A.words433" starttime="2338.61" endtime="2339.0">um</w>
   <w nite:id="EN2001a.A.words434" starttime="2339.0" endtime="2339.22">well</w>
   <w nite:id="EN2001a.A.words435" starttime="2339.22" endtime="2339.22" punc="true">,</w>
   <w nite:id="EN2001a.A.words436" starttime="2339.22" endtime="2339.29">it</w>
   <w nite:id="EN2001a.A.words437" starttime="2339.29" endtime="2339.46">gives</w>
   <w nite:id="EN2001a.A.words438" starttime="2339.46" endtime="2339.54">a</w>
   <w nite:id="EN2001a.A.words439" starttime="2339.54" endtime="2339.78">time</w>
   <w nite:id="EN2001a.A.words440" starttime="2339.78" endtime="2340.13">stamp</w>
   <w nite:id="EN2001a.A.words441" starttime="2340.13" endtime="2340.27">and</w>
   <w nite:id="EN2001a.A.words442" starttime="2340.27" endtime="2340.69">inside</w>
   <w nite:id="EN2001a.A.words443" starttime="2340.69" endtime="2340.84">each</w>
   <w nite:id="EN2001a.A.words444" starttime="2340.84" endtime="2341.1">one</w>
   <w nite:id="EN2001a.A.words445" starttime="2341.1" endtime="2341.37">there&#39;s</w>
   <w nite:id="EN2001a.A.words446" starttime="2341.37" endtime="2342.26">uh</w>
   <w nite:id="EN2001a.A.words447" starttime="2342.26" endtime="2342.42">the</w>
   <w nite:id="EN2001a.A.words448" starttime="2342.42" endtime="2342.67">actual</w>
   <w nite:id="EN2001a.A.words449" starttime="2342.67" endtime="2342.88">like</w>
   <w nite:id="EN2001a.A.words450" starttime="2342.88" endtime="2343.62">utterance</w>
   <w nite:id="EN2001a.A.words451" starttime="2343.62" endtime="2344.25">segments</w>
   <w nite:id="EN2001a.A.words452" starttime="2344.25" endtime="2344.25" punc="true">.</w>
   <w nite:id="EN2001a.A.words453" starttime="2345.35" endtime="2345.81">And</w>
   <w nite:id="EN2001a.A.words454" starttime="2345.81" endtime="2346.04">the</w>
   <w nite:id="EN2001a.A.words455" starttime="2346.04" endtime="2346.27">list</w>
   <w nite:id="EN2001a.A.words456" starttime="2346.27" endtime="2346.33">of</w>
   <w nite:id="EN2001a.A.words457" starttime="2346.33" endtime="2346.53">them</w>
   <w nite:id="EN2001a.A.words458" starttime="2346.53" endtime="2346.65">that</w>
   <w nite:id="EN2001a.A.words459" starttime="2346.65" endtime="2346.93">occurred</w>
   <w nite:id="EN2001a.A.words460" starttime="2346.93" endtime="2346.93" punc="true">.</w>
   <w nite:id="EN2001a.A.words461" starttime="2346.93" endtime="2347.11">And</w>
   <w nite:id="EN2001a.A.words462" starttime="2347.11" endtime="2347.2">they&#39;re</w>
   <w nite:id="EN2001a.A.words463" starttime="2347.2" endtime="2347.34">all</w>
   <w nite:id="EN2001a.A.words464" starttime="2347.34" endtime="2347.74">numbered</w>
   <w nite:id="EN2001a.A.words465" starttime="2347.74" endtime="2347.74" punc="true">.</w>
   <w nite:id="EN2001a.A.words466" starttime="2349.22" endtime="2349.71">Um</w>
   <w nite:id="EN2001a.A.words467" starttime="2349.71" endtime="2349.82">so</w>
   <w nite:id="EN2001a.A.words468" starttime="2349.82" endtime="2350.0">that&#39;s</w>
   <w nite:id="EN2001a.A.words469" starttime="2350.0" endtime="2350.11">where</w>
   <w nite:id="EN2001a.A.words470" starttime="2350.11" endtime="2350.32">that&#39;s</w>
   <w nite:id="EN2001a.A.words471" starttime="2350.32" endtime="2350.76">stored</w>
   <w nite:id="EN2001a.A.words472" starttime="2350.76" endtime="2350.76" punc="true">.</w>
   <w nite:id="EN2001a.A.words473" starttime="2358.32" endtime="2358.52">Yeah</w>
   <w nite:id="EN2001a.A.words474" starttime="2358.52" endtime="2358.52" punc="true">,</w>
   <w nite:id="EN2001a.A.words475" starttime="2358.52" endtime="2358.62">so</w>
   <w nite:id="EN2001a.A.words476" starttime="2358.62" endtime="2358.67">I</w>
   <w nite:id="EN2001a.A.words477" starttime="2358.67" endtime="2359.34">guess</w>
   <w nite:id="EN2001a.A.words478" starttime="2359.34" endtime="2359.88">um</w>
   <w nite:id="EN2001a.A.words479" starttime="2359.88" endtime="2359.98">if</w>
   <w nite:id="EN2001a.A.words480" starttime="2359.98" endtime="2360.09">I&#39;m</w>
   <w nite:id="EN2001a.A.words481" starttime="2360.09" endtime="2360.38">gonna</w>
   <w nite:id="EN2001a.A.words482" starttime="2360.38" endtime="2360.52">be</w>
   <w nite:id="EN2001a.A.words483" starttime="2360.52" endtime="2361.16">segmenting</w>
   <w nite:id="EN2001a.A.words484" starttime="2361.16" endtime="2361.97">it</w>
   <w nite:id="EN2001a.A.words485" starttime="2361.97" endtime="2362.24">with</w>
   <w nite:id="EN2001a.A.words486" starttime="2362.24" endtime="2362.59">a</w>
   <w nite:id="EN2001a.A.words487" starttime="2362.59" endtime="2362.91">L_C_</w>
   <w nite:id="EN2001a.A.words488" starttime="2362.91" endtime="2363.34" mispronounced="true">seg</w>
   <w nite:id="EN2001a.A.words489" starttime="2363.34" endtime="2363.48">then</w>
   <w nite:id="EN2001a.A.words490" starttime="2363.48" endtime="2363.74">that&#39;s</w>
   <w nite:id="EN2001a.A.words491" starttime="2363.74" endtime="2363.97">like</w>
   <w nite:id="EN2001a.A.words492" starttime="2363.97" endtime="2364.26">same</w>
   <w nite:id="EN2001a.A.words493" starttime="2364.26" endtime="2364.61">format</w>
   <w nite:id="EN2001a.A.words494" starttime="2364.61" endtime="2364.8">I&#39;d</w>
   <w nite:id="EN2001a.A.words495" starttime="2364.8" endtime="2365.02">want</w>
   <w nite:id="EN2001a.A.words496" starttime="2365.02" endtime="2365.87">to</w>
   <w nite:id="EN2001a.A.words497" starttime="2365.87" endtime="2366.57">um</w>
   <w nite:id="EN2001a.A.words498" starttime="2366.57" endtime="2366.7">put</w>
   <w nite:id="EN2001a.A.words499" starttime="2366.7" endtime="2366.79">it</w>
   <w nite:id="EN2001a.A.words500" starttime="2366.79" endtime="2367.03">back</w>
   <w nite:id="EN2001a.A.words501" starttime="2367.03" endtime="2367.16">out</w>
   <w nite:id="EN2001a.A.words502" starttime="2367.16" endtime="2367.52">in</w>
   <w nite:id="EN2001a.A.words503" starttime="2367.52" endtime="2367.65">so</w>
   <w nite:id="EN2001a.A.words504" starttime="2367.65" endtime="2367.79">it&#39;d</w>
   <w nite:id="EN2001a.A.words505" starttime="2367.79" endtime="2368.7">be</w>
   <w nite:id="EN2001a.A.words506" starttime="2368.7" endtime="2369.21">equivalent</w>
   <w nite:id="EN2001a.A.words507" starttime="2369.21" endtime="2369.21" punc="true">.</w>
   <w nite:id="EN2001a.A.words508" starttime="2380.72" endtime="2380.82">Well</w>
   <w nite:id="EN2001a.A.words509" starttime="2380.82" endtime="2380.82" punc="true">,</w>
   <w nite:id="EN2001a.A.words510" starttime="2380.82" endtime="2380.93">like</w>
   <w nite:id="EN2001a.A.words511" starttime="2380.93" endtime="2381.06">the</w>
   <w nite:id="EN2001a.A.words512" starttime="2381.06" endtime="2382.38">integration</w>
   <w nite:id="EN2001a.A.words513" starttime="2382.38" endtime="2382.38" punc="true">.</w>
   <w nite:id="EN2001a.A.words514" starttime="2382.38" endtime="2382.47">What</w>
   <w nite:id="EN2001a.A.words515" starttime="2382.47" endtime="2382.53">do</w>
   <w nite:id="EN2001a.A.words516" starttime="2382.53" endtime="2382.59">you</w>
   <w nite:id="EN2001a.A.words517" starttime="2382.59" endtime="2382.69">mean</w>
   <w nite:id="EN2001a.A.words518" starttime="2382.69" endtime="2382.69" punc="true">,</w>
   <w nite:id="EN2001a.A.words519" starttime="2382.69" endtime="2383.35">integration</w>
   <w nite:id="EN2001a.A.words520" starttime="2383.35" endtime="2383.35" punc="true">?</w>
   <w nite:id="EN2001a.A.words521" starttime="2387.76" endtime="2388.23">Hmm</w>
   <w nite:id="EN2001a.A.words522" starttime="2388.23" endtime="2388.23" punc="true">.</w>
   <w nite:id="EN2001a.A.words523" starttime="2391.48" endtime="2391.54">I</w>
   <w nite:id="EN2001a.A.words524" starttime="2391.54" endtime="2391.69">don&#39;t</w>
   <w nite:id="EN2001a.A.words525" starttime="2391.69" endtime="2391.75">know</w>
   <w nite:id="EN2001a.A.words526" starttime="2391.75" endtime="2391.75" punc="true">.</w>
   <w nite:id="EN2001a.A.words527" starttime="2391.75" endtime="2391.83">I</w>
   <w nite:id="EN2001a.A.words528" starttime="2391.83" endtime="2391.95">don&#39;t</w>
   <w nite:id="EN2001a.A.words529" starttime="2391.95" endtime="2392.09">think</w>
   <w nite:id="EN2001a.A.words530" starttime="2392.09" endtime="2392.38">anyone&#39;s</w>
   <w nite:id="EN2001a.A.words531" starttime="2392.38" endtime="2392.51">been</w>
   <w nite:id="EN2001a.A.words532" starttime="2392.51" endtime="2393.03">allocated</w>
   <w nite:id="EN2001a.A.words533" starttime="2393.03" endtime="2393.13">to</w>
   <w nite:id="EN2001a.A.words534" starttime="2393.13" endtime="2393.26">do</w>
   <w nite:id="EN2001a.A.words535" starttime="2393.26" endtime="2393.46">that</w>
   <w nite:id="EN2001a.A.words536" starttime="2393.46" endtime="2393.71">yet</w>
   <w nite:id="EN2001a.A.words537" starttime="2393.71" endtime="2393.71" punc="true">.</w>
   <vocalsound nite:id="EN2001a.A.words538" starttime="2393.71" endtime="2394.02" type="laugh"/>
   <vocalsound nite:id="EN2001a.A.words539" starttime="2395.5" endtime="2395.74" type="laugh"/>
   <w nite:id="EN2001a.A.words540" starttime="2400.98" endtime="2401.22">Yeah</w>
   <w nite:id="EN2001a.A.words541" starttime="2401.22" endtime="2401.22" punc="true">,</w>
   <w nite:id="EN2001a.A.words542" starttime="2401.22" endtime="2401.36">yeah</w>
   <w nite:id="EN2001a.A.words543" starttime="2401.36" endtime="2401.36" punc="true">.</w>
   <w nite:id="EN2001a.A.words544" starttime="2403.25" endtime="2403.43">Yeah</w>
   <w nite:id="EN2001a.A.words545" starttime="2403.43" endtime="2403.43" punc="true">,</w>
   <w nite:id="EN2001a.A.words546" starttime="2403.43" endtime="2403.8">definitely</w>
   <w nite:id="EN2001a.A.words547" starttime="2403.8" endtime="2403.8" punc="true">.</w>
   <w nite:id="EN2001a.A.words548" starttime="2420.21" endtime="2420.87">Hmm</w>
   <w nite:id="EN2001a.A.words549" starttime="2420.87" endtime="2420.87" punc="true">,</w>
   <w nite:id="EN2001a.A.words550" starttime="2420.87" endtime="2421.11">yeah</w>
   <w nite:id="EN2001a.A.words551" starttime="2421.11" endtime="2421.11" punc="true">.</w>
   <w nite:id="EN2001a.A.words552" starttime="2431.62" endtime="2431.83">Yeah</w>
   <w nite:id="EN2001a.A.words553" starttime="2431.83" endtime="2431.83" punc="true">,</w>
   <w nite:id="EN2001a.A.words554" starttime="2431.83" endtime="2432.0">it</w>
   <w nite:id="EN2001a.A.words555" starttime="2432.0" endtime="2432.11" trunc="true">c</w>
   <w nite:id="EN2001a.A.words556" starttime="2432.11" endtime="2432.34">could</w>
   <w nite:id="EN2001a.A.words557" starttime="2432.34" endtime="2432.44">be</w>
   <w nite:id="EN2001a.A.words558" starttime="2432.44" endtime="2432.94">difficult</w>
   <w nite:id="EN2001a.A.words559" starttime="2432.94" endtime="2432.94" punc="true">,</w>
   <w nite:id="EN2001a.A.words560" starttime="2432.94" endtime="2433.32">yeah</w>
   <w nite:id="EN2001a.A.words561" starttime="2433.32" endtime="2433.32" punc="true">.</w>
   <w nite:id="EN2001a.A.words562" starttime="2447.6" endtime="2447.94">Yeah</w>
   <w nite:id="EN2001a.A.words563" starttime="2447.94" endtime="2447.94" punc="true">.</w>
   <w nite:id="EN2001a.A.words564" starttime="2449.19" endtime="2449.29">Well</w>
   <w nite:id="EN2001a.A.words565" starttime="2449.29" endtime="2449.33">I</w>
   <w nite:id="EN2001a.A.words566" starttime="2449.33" endtime="2449.56">guess</w>
   <w nite:id="EN2001a.A.words567" starttime="2449.56" endtime="2449.64">the</w>
   <w nite:id="EN2001a.A.words568" starttime="2449.64" endtime="2450.0">important</w>
   <w nite:id="EN2001a.A.words569" starttime="2450.0" endtime="2450.15">thing</w>
   <w nite:id="EN2001a.A.words570" starttime="2450.15" endtime="2450.26">is</w>
   <w nite:id="EN2001a.A.words571" starttime="2450.26" endtime="2450.36">to</w>
   <w nite:id="EN2001a.A.words572" starttime="2450.36" endtime="2450.91">get</w>
   <w nite:id="EN2001a.A.words573" starttime="2450.91" endtime="2451.81">the</w>
   <w nite:id="EN2001a.A.words574" starttime="2451.81" endtime="2452.41">crucial</w>
   <w nite:id="EN2001a.A.words575" starttime="2452.41" endtime="2452.71" trunc="true">m</w>
   <w nite:id="EN2001a.A.words576" starttime="2452.71" endtime="2453.41">modules</w>
   <w nite:id="EN2001a.A.words577" starttime="2453.41" endtime="2453.71">built</w>
   <w nite:id="EN2001a.A.words578" starttime="2453.71" endtime="2453.71" punc="true">.</w>
   <w nite:id="EN2001a.A.words579" starttime="2455.05" endtime="2455.55" trunc="true">Ye</w>
   <w nite:id="EN2001a.A.words580" starttime="2455.55" endtime="2456.04">yeah</w>
   <w nite:id="EN2001a.A.words581" starttime="2456.04" endtime="2456.04" punc="true">.</w>
   <w nite:id="EN2001a.A.words582" starttime="2457.6" endtime="2457.94">Yeah</w>
   <w nite:id="EN2001a.A.words583" starttime="2457.94" endtime="2457.94" punc="true">,</w>
   <w nite:id="EN2001a.A.words584" starttime="2457.94" endtime="2458.15">and</w>
   <w nite:id="EN2001a.A.words585" starttime="2458.15" endtime="2458.45">then</w>
   <disfmarker nite:id="EN2001a.A.words586" starttime="2458.45" endtime="2458.45"/>
   <w nite:id="EN2001a.A.words587" starttime="2460.68" endtime="2460.85">Yeah</w>
   <w nite:id="EN2001a.A.words588" starttime="2460.85" endtime="2460.85" punc="true">,</w>
   <w nite:id="EN2001a.A.words589" starttime="2460.85" endtime="2460.96">and</w>
   <w nite:id="EN2001a.A.words590" starttime="2460.96" endtime="2461.09">then</w>
   <w nite:id="EN2001a.A.words591" starttime="2461.09" endtime="2461.22">we&#39;ll</w>
   <w nite:id="EN2001a.A.words592" starttime="2461.22" endtime="2461.45">maybe</w>
   <w nite:id="EN2001a.A.words593" starttime="2461.45" endtime="2461.65">have</w>
   <w nite:id="EN2001a.A.words594" starttime="2461.65" endtime="2462.22">to</w>
   <w nite:id="EN2001a.A.words595" starttime="2462.22" endtime="2463.51">prioritize</w>
   <w nite:id="EN2001a.A.words596" starttime="2463.51" endtime="2463.92">somebody</w>
   <w nite:id="EN2001a.A.words597" starttime="2463.92" endtime="2465.01">into</w>
   <w nite:id="EN2001a.A.words598" starttime="2465.01" endtime="2465.2">just</w>
   <w nite:id="EN2001a.A.words599" starttime="2465.2" endtime="2465.69">integrating</w>
   <w nite:id="EN2001a.A.words600" starttime="2465.69" endtime="2465.84">it</w>
   <w nite:id="EN2001a.A.words601" starttime="2465.84" endtime="2465.84" punc="true">.</w>
   <w nite:id="EN2001a.A.words602" starttime="2617.16" endtime="2617.42">Mm-hmm</w>
   <w nite:id="EN2001a.A.words603" starttime="2617.42" endtime="2617.42" punc="true">.</w>
   <w nite:id="EN2001a.A.words604" starttime="2627.6" endtime="2627.82">Yeah</w>
   <w nite:id="EN2001a.A.words605" starttime="2627.82" endtime="2627.82" punc="true">,</w>
   <w nite:id="EN2001a.A.words606" starttime="2627.82" endtime="2627.87">I</w>
   <w nite:id="EN2001a.A.words607" starttime="2627.87" endtime="2628.06">think</w>
   <w nite:id="EN2001a.A.words608" starttime="2628.06" endtime="2628.2">so</w>
   <w nite:id="EN2001a.A.words609" starttime="2628.2" endtime="2628.2" punc="true">.</w>
   <w nite:id="EN2001a.A.words610" starttime="2641.32" endtime="2641.44">Uh</w>
   <w nite:id="EN2001a.A.words611" starttime="2641.44" endtime="2641.61">yeah</w>
   <w nite:id="EN2001a.A.words612" starttime="2641.61" endtime="2641.61" punc="true">.</w>
   <w nite:id="EN2001a.A.words613" starttime="2649.27" endtime="2649.97">Hmm</w>
   <w nite:id="EN2001a.A.words614" starttime="2649.97" endtime="2649.97" punc="true">.</w>
   <w nite:id="EN2001a.A.words615" starttime="2649.97" endtime="2650.16">Yeah</w>
   <w nite:id="EN2001a.A.words616" starttime="2650.16" endtime="2650.16" punc="true">,</w>
   <w nite:id="EN2001a.A.words617" starttime="2650.16" endtime="2650.47">yeah</w>
   <w nite:id="EN2001a.A.words618" starttime="2650.47" endtime="2650.47" punc="true">.</w>
   <w nite:id="EN2001a.A.words619" starttime="2650.47" endtime="2650.76">Jasmine</w>
   <w nite:id="EN2001a.A.words620" starttime="2650.76" endtime="2650.76" punc="true">,</w>
   <w nite:id="EN2001a.A.words621" starttime="2650.76" endtime="2650.8">I</w>
   <w nite:id="EN2001a.A.words622" starttime="2650.8" endtime="2650.95">thought</w>
   <w nite:id="EN2001a.A.words623" starttime="2650.95" endtime="2651.01">you</w>
   <w nite:id="EN2001a.A.words624" starttime="2651.01" endtime="2651.13">just</w>
   <w nite:id="EN2001a.A.words625" starttime="2651.13" endtime="2651.38">said</w>
   <w nite:id="EN2001a.A.words626" starttime="2651.38" endtime="2651.56">that</w>
   <w nite:id="EN2001a.A.words627" starttime="2651.56" endtime="2651.85">you&#39;d</w>
   <w nite:id="EN2001a.A.words628" starttime="2651.85" endtime="2653.24">uh</w>
   <w nite:id="EN2001a.A.words629" starttime="2653.24" endtime="2653.52">looked</w>
   <w nite:id="EN2001a.A.words630" starttime="2653.52" endtime="2653.92">at</w>
   <w nite:id="EN2001a.A.words631" starttime="2653.92" endtime="2654.47">extracting</w>
   <w nite:id="EN2001a.A.words632" starttime="2654.47" endtime="2654.54">the</w>
   <w nite:id="EN2001a.A.words633" starttime="2654.54" endtime="2654.92">text</w>
   <w nite:id="EN2001a.A.words634" starttime="2654.92" endtime="2654.92" punc="true">.</w>
   <w nite:id="EN2001a.A.words635" starttime="2663.49" endtime="2664.28">Yeah</w>
   <w nite:id="EN2001a.A.words636" starttime="2664.28" endtime="2664.28" punc="true">.</w>
   <w nite:id="EN2001a.A.words637" starttime="2664.28" endtime="2665.24">So</w>
   <w nite:id="EN2001a.A.words638" starttime="2665.24" endtime="2665.35">you</w>
   <w nite:id="EN2001a.A.words639" starttime="2665.35" endtime="2665.54">you</w>
   <w nite:id="EN2001a.A.words640" starttime="2665.54" endtime="2665.68">said</w>
   <w nite:id="EN2001a.A.words641" starttime="2665.68" endtime="2665.76">you</w>
   <w nite:id="EN2001a.A.words642" starttime="2665.76" endtime="2665.91">did</w>
   <w nite:id="EN2001a.A.words643" starttime="2665.91" endtime="2665.98">it</w>
   <w nite:id="EN2001a.A.words644" starttime="2665.98" endtime="2666.05">in</w>
   <w nite:id="EN2001a.A.words645" starttime="2666.05" endtime="2666.47">Python</w>
   <w nite:id="EN2001a.A.words646" starttime="2666.47" endtime="2666.47" punc="true">,</w>
   <w nite:id="EN2001a.A.words647" starttime="2666.47" endtime="2666.69">yeah</w>
   <w nite:id="EN2001a.A.words648" starttime="2666.69" endtime="2666.69" punc="true">?</w>
   <w nite:id="EN2001a.A.words649" starttime="2668.79" endtime="2668.92">Yeah</w>
   <w nite:id="EN2001a.A.words650" starttime="2668.92" endtime="2668.92" punc="true">,</w>
   <w nite:id="EN2001a.A.words651" starttime="2668.92" endtime="2669.08">did</w>
   <w nite:id="EN2001a.A.words652" starttime="2669.08" endtime="2669.17">you</w>
   <w nite:id="EN2001a.A.words653" starttime="2669.17" endtime="2669.34">use</w>
   <w nite:id="EN2001a.A.words654" starttime="2669.34" endtime="2669.41">uh</w>
   <w nite:id="EN2001a.A.words655" starttime="2669.41" endtime="2669.52" trunc="true">b</w>
   <w nite:id="EN2001a.A.words656" starttime="2669.52" endtime="2669.67">the</w>
   <w nite:id="EN2001a.A.words657" starttime="2669.67" endtime="2670.42">X_L_</w>
   <disfmarker nite:id="EN2001a.A.words658" starttime="2670.42" endtime="2670.42"/>
   <w nite:id="EN2001a.A.words659" starttime="2670.42" endtime="2670.51">uh</w>
   <w nite:id="EN2001a.A.words660" starttime="2670.51" endtime="2670.91">X_M_L_</w>
   <w nite:id="EN2001a.A.words661" starttime="2670.91" endtime="2671.44">parser</w>
   <w nite:id="EN2001a.A.words662" starttime="2671.44" endtime="2671.61">in</w>
   <w nite:id="EN2001a.A.words663" starttime="2671.61" endtime="2672.3">Python</w>
   <w nite:id="EN2001a.A.words664" starttime="2672.3" endtime="2672.3" punc="true">?</w>
   <w nite:id="EN2001a.A.words665" starttime="2672.3" endtime="2672.79">Right</w>
   <w nite:id="EN2001a.A.words666" starttime="2672.79" endtime="2672.79" punc="true">.</w>
   <w nite:id="EN2001a.A.words667" starttime="2672.79" endtime="2673.38">Yeah</w>
   <w nite:id="EN2001a.A.words668" starttime="2673.38" endtime="2673.38" punc="true">,</w>
   <w nite:id="EN2001a.A.words669" starttime="2673.38" endtime="2673.61">sounds</w>
   <w nite:id="EN2001a.A.words670" starttime="2673.61" endtime="2673.86">pretty</w>
   <w nite:id="EN2001a.A.words671" starttime="2673.86" endtime="2674.36">good</w>
   <w nite:id="EN2001a.A.words672" starttime="2674.36" endtime="2674.36" punc="true">.</w>
   <w nite:id="EN2001a.A.words673" starttime="2674.36" endtime="2675.59">So</w>
   <w nite:id="EN2001a.A.words674" starttime="2675.59" endtime="2676.03">um</w>
   <w nite:id="EN2001a.A.words675" starttime="2676.03" endtime="2676.18">&#39;cause</w>
   <w nite:id="EN2001a.A.words676" starttime="2676.18" endtime="2676.18" punc="true">,</w>
   <w nite:id="EN2001a.A.words677" starttime="2676.18" endtime="2676.35">yeah</w>
   <w nite:id="EN2001a.A.words678" starttime="2676.35" endtime="2676.35" punc="true">,</w>
   <w nite:id="EN2001a.A.words679" starttime="2676.35" endtime="2676.38">I</w>
   <w nite:id="EN2001a.A.words680" starttime="2676.38" endtime="2676.53">was</w>
   <w nite:id="EN2001a.A.words681" starttime="2676.53" endtime="2676.72">having</w>
   <w nite:id="EN2001a.A.words682" starttime="2676.72" endtime="2676.76">a</w>
   <w nite:id="EN2001a.A.words683" starttime="2676.76" endtime="2676.92">look</w>
   <w nite:id="EN2001a.A.words684" starttime="2676.92" endtime="2677.01">in</w>
   <w nite:id="EN2001a.A.words685" starttime="2677.01" endtime="2677.34">it</w>
   <disfmarker nite:id="EN2001a.A.words686" starttime="2677.34" endtime="2677.34"/>
   <w nite:id="EN2001a.A.words687" starttime="2677.34" endtime="2677.49">a</w>
   <w nite:id="EN2001a.A.words688" starttime="2677.49" endtime="2677.71">look</w>
   <w nite:id="EN2001a.A.words689" starttime="2677.71" endtime="2677.92">at</w>
   <w nite:id="EN2001a.A.words690" starttime="2677.92" endtime="2678.02">it</w>
   <w nite:id="EN2001a.A.words691" starttime="2678.02" endtime="2678.19">as</w>
   <w nite:id="EN2001a.A.words692" starttime="2678.19" endtime="2678.57">well</w>
   <w nite:id="EN2001a.A.words693" starttime="2678.57" endtime="2678.75">and</w>
   <w nite:id="EN2001a.A.words694" starttime="2678.75" endtime="2678.8">I</w>
   <w nite:id="EN2001a.A.words695" starttime="2678.8" endtime="2679.2">noticed</w>
   <w nite:id="EN2001a.A.words696" starttime="2679.2" endtime="2680.79">the</w>
   <vocalsound nite:id="EN2001a.A.words697" starttime="2680.79" endtime="2680.79" type="other"/>
   <w nite:id="EN2001a.A.words698" starttime="2680.79" endtime="2681.0">um</w>
   <w nite:id="EN2001a.A.words699" starttime="2681.0" endtime="2681.12">the</w>
   <w nite:id="EN2001a.A.words700" starttime="2681.12" endtime="2681.64">speakers</w>
   <w nite:id="EN2001a.A.words701" starttime="2681.64" endtime="2681.72">are</w>
   <w nite:id="EN2001a.A.words702" starttime="2681.72" endtime="2682.01">all</w>
   <w nite:id="EN2001a.A.words703" starttime="2682.01" endtime="2682.07">in</w>
   <w nite:id="EN2001a.A.words704" starttime="2682.07" endtime="2682.47">that</w>
   <w nite:id="EN2001a.A.words705" starttime="2682.47" endtime="2682.88">separate</w>
   <w nite:id="EN2001a.A.words706" starttime="2682.88" endtime="2683.54">file</w>
   <w nite:id="EN2001a.A.words707" starttime="2683.54" endtime="2683.54" punc="true">?</w>
   <w nite:id="EN2001a.A.words708" starttime="2683.54" endtime="2683.69">So</w>
   <w nite:id="EN2001a.A.words709" starttime="2683.69" endtime="2683.94">did</w>
   <w nite:id="EN2001a.A.words710" starttime="2683.94" endtime="2684.16">did</w>
   <w nite:id="EN2001a.A.words711" starttime="2684.16" endtime="2684.23">you</w>
   <w nite:id="EN2001a.A.words712" starttime="2684.23" endtime="2684.37">have</w>
   <w nite:id="EN2001a.A.words713" starttime="2684.37" endtime="2684.49">to</w>
   <w nite:id="EN2001a.A.words714" starttime="2684.49" endtime="2684.86">combine</w>
   <w nite:id="EN2001a.A.words715" starttime="2684.86" endtime="2685.0">them</w>
   <w nite:id="EN2001a.A.words716" starttime="2685.0" endtime="2685.18">all</w>
   <w nite:id="EN2001a.A.words717" starttime="2685.18" endtime="2685.47">and</w>
   <w nite:id="EN2001a.A.words718" starttime="2685.47" endtime="2685.63">and</w>
   <w nite:id="EN2001a.A.words719" starttime="2685.63" endtime="2685.86">then</w>
   <w nite:id="EN2001a.A.words720" starttime="2685.86" endtime="2686.2">re-order</w>
   <w nite:id="EN2001a.A.words721" starttime="2686.2" endtime="2686.47">them</w>
   <w nite:id="EN2001a.A.words722" starttime="2686.47" endtime="2686.47" punc="true">?</w>
   <w nite:id="EN2001a.A.words723" starttime="2689.73" endtime="2690.02">Yeah</w>
   <w nite:id="EN2001a.A.words724" starttime="2690.02" endtime="2690.02" punc="true">.</w>
   <w nite:id="EN2001a.A.words725" starttime="2691.31" endtime="2691.5" trunc="true">Ye</w>
   <w nite:id="EN2001a.A.words726" starttime="2691.5" endtime="2691.62">yeah</w>
   <w nite:id="EN2001a.A.words727" starttime="2691.62" endtime="2691.62" punc="true">,</w>
   <w nite:id="EN2001a.A.words728" starttime="2691.62" endtime="2691.81" trunc="true">c</w>
   <w nite:id="EN2001a.A.words729" starttime="2693.03" endtime="2694.14">Right</w>
   <w nite:id="EN2001a.A.words730" starttime="2694.14" endtime="2694.14" punc="true">.</w>
   <w nite:id="EN2001a.A.words731" starttime="2694.14" endtime="2694.29">Yeah</w>
   <w nite:id="EN2001a.A.words732" starttime="2694.29" endtime="2694.29" punc="true">,</w>
   <w nite:id="EN2001a.A.words733" starttime="2694.29" endtime="2694.42">so</w>
   <w nite:id="EN2001a.A.words734" starttime="2694.42" endtime="2694.58">that&#39;s</w>
   <w nite:id="EN2001a.A.words735" starttime="2694.58" endtime="2694.96">approach</w>
   <gap nite:id="EN2001a.A.words736" starttime="2694.96" endtime="2694.96"/>
   <disfmarker nite:id="EN2001a.A.words737" starttime="2694.96" endtime="2694.96"/>
   <w nite:id="EN2001a.A.words738" starttime="2694.96" endtime="2696.53">um</w>
   <w nite:id="EN2001a.A.words739" starttime="2696.53" endtime="2696.85">well</w>
   <w nite:id="EN2001a.A.words740" starttime="2696.85" endtime="2696.85" punc="true">,</w>
   <w nite:id="EN2001a.A.words741" starttime="2696.85" endtime="2696.9">I</w>
   <w nite:id="EN2001a.A.words742" starttime="2696.9" endtime="2697.08">was</w>
   <w nite:id="EN2001a.A.words743" starttime="2697.08" endtime="2697.22">going</w>
   <w nite:id="EN2001a.A.words744" starttime="2697.22" endtime="2697.34">to</w>
   <w nite:id="EN2001a.A.words745" starttime="2697.34" endtime="2697.49">do</w>
   <w nite:id="EN2001a.A.words746" starttime="2697.49" endtime="2697.49" punc="true">.</w>
   <w nite:id="EN2001a.A.words747" starttime="2697.49" endtime="2697.95">So</w>
   <w nite:id="EN2001a.A.words748" starttime="2697.95" endtime="2698.27">yeah</w>
   <w nite:id="EN2001a.A.words749" starttime="2698.27" endtime="2698.27" punc="true">,</w>
   <w nite:id="EN2001a.A.words750" starttime="2698.27" endtime="2698.39">we</w>
   <w nite:id="EN2001a.A.words751" starttime="2698.39" endtime="2698.52">may</w>
   <w nite:id="EN2001a.A.words752" starttime="2698.52" endtime="2698.6">as</w>
   <w nite:id="EN2001a.A.words753" starttime="2698.6" endtime="2699.02">well</w>
   <w nite:id="EN2001a.A.words754" starttime="2699.02" endtime="2699.66">collaborate</w>
   <w nite:id="EN2001a.A.words755" starttime="2699.66" endtime="2699.66" punc="true">.</w>
   <w nite:id="EN2001a.A.words756" starttime="2708.61" endtime="2708.73">In</w>
   <w nite:id="EN2001a.A.words757" starttime="2708.73" endtime="2708.82">the</w>
   <w nite:id="EN2001a.A.words758" starttime="2708.82" endtime="2708.98">word</w>
   <w nite:id="EN2001a.A.words759" starttime="2708.98" endtime="2709.28">files</w>
   <w nite:id="EN2001a.A.words760" starttime="2709.28" endtime="2709.28" punc="true">?</w>
   <w nite:id="EN2001a.A.words761" starttime="2728.79" endtime="2728.94">I&#39;m</w>
   <w nite:id="EN2001a.A.words762" starttime="2728.94" endtime="2729.08">not</w>
   <w nite:id="EN2001a.A.words763" starttime="2729.08" endtime="2729.5">sure</w>
   <w nite:id="EN2001a.A.words764" starttime="2729.5" endtime="2729.76">I</w>
   <disfmarker nite:id="EN2001a.A.words765" starttime="2729.76" endtime="2729.76"/>
   <w nite:id="EN2001a.A.words766" starttime="2729.76" endtime="2729.91">what</w>
   <w nite:id="EN2001a.A.words767" starttime="2729.91" endtime="2730.02">you</w>
   <w nite:id="EN2001a.A.words768" starttime="2730.02" endtime="2730.41">mean</w>
   <w nite:id="EN2001a.A.words769" starttime="2730.41" endtime="2730.41" punc="true">.</w>
   <w nite:id="EN2001a.A.words770" starttime="2765.68" endtime="2765.82">Oh</w>
   <w nite:id="EN2001a.A.words771" starttime="2765.82" endtime="2766.03">right</w>
   <w nite:id="EN2001a.A.words772" starttime="2766.03" endtime="2766.03" punc="true">.</w>
   <w nite:id="EN2001a.A.words773" starttime="2776.36" endtime="2776.58">Hmm</w>
   <w nite:id="EN2001a.A.words774" starttime="2776.58" endtime="2776.58" punc="true">.</w>
   <w nite:id="EN2001a.A.words775" starttime="2838.26" endtime="2838.42">Hmm</w>
   <w nite:id="EN2001a.A.words776" starttime="2838.42" endtime="2838.42" punc="true">.</w>
   <w nite:id="EN2001a.A.words777" starttime="2859.11" endtime="2859.33">Mm</w>
   <w nite:id="EN2001a.A.words778" starttime="2859.33" endtime="2859.45">I</w>
   <w nite:id="EN2001a.A.words779" starttime="2859.45" endtime="2859.65">thought</w>
   <w nite:id="EN2001a.A.words780" starttime="2859.65" endtime="2859.73">they</w>
   <w nite:id="EN2001a.A.words781" starttime="2859.73" endtime="2859.8">were</w>
   <w nite:id="EN2001a.A.words782" starttime="2859.8" endtime="2860.29">local</w>
   <w nite:id="EN2001a.A.words783" starttime="2860.29" endtime="2860.74">to</w>
   <w nite:id="EN2001a.A.words784" starttime="2860.74" endtime="2860.81" trunc="true">th</w>
   <w nite:id="EN2001a.A.words785" starttime="2860.81" endtime="2860.92">a</w>
   <w nite:id="EN2001a.A.words786" starttime="2860.92" endtime="2861.5">particular</w>
   <w nite:id="EN2001a.A.words787" starttime="2861.5" endtime="2861.95">meeting</w>
   <w nite:id="EN2001a.A.words788" starttime="2861.95" endtime="2861.95" punc="true">.</w>
   <vocalsound nite:id="EN2001a.A.words789" starttime="3099.54" endtime="3099.97" type="cough"/>
   <vocalsound nite:id="EN2001a.A.words790" starttime="3133.86" endtime="3135.27" type="cough"/>
   <w nite:id="EN2001a.A.words791" starttime="3446.81" endtime="3446.98">Hmm</w>
   <w nite:id="EN2001a.A.words792" starttime="3446.98" endtime="3446.98" punc="true">.</w>
   <w nite:id="EN2001a.A.words793" starttime="4099.41" endtime="4099.69">Mm</w>
   <w nite:id="EN2001a.A.words794" starttime="4099.69" endtime="4099.75">is</w>
   <w nite:id="EN2001a.A.words795" starttime="4099.75" endtime="4099.85">there</w>
   <w nite:id="EN2001a.A.words796" starttime="4099.85" endtime="4100.1">anything</w>
   <w nite:id="EN2001a.A.words797" starttime="4100.1" endtime="4100.31">else</w>
   <w nite:id="EN2001a.A.words798" starttime="4100.31" endtime="4100.41">we</w>
   <w nite:id="EN2001a.A.words799" starttime="4100.41" endtime="4100.59">should</w>
   <w nite:id="EN2001a.A.words800" starttime="4100.59" endtime="4101.28">discuss</w>
   <w nite:id="EN2001a.A.words801" starttime="4101.28" endtime="4101.28" punc="true">?</w>
   <w nite:id="EN2001a.A.words802" starttime="4127.45" endtime="4127.57">Yeah</w>
   <w nite:id="EN2001a.A.words803" starttime="4127.57" endtime="4127.57" punc="true">,</w>
   <w nite:id="EN2001a.A.words804" starttime="4127.57" endtime="4127.74">should</w>
   <w nite:id="EN2001a.A.words805" starttime="4127.74" endtime="4127.82">we</w>
   <w nite:id="EN2001a.A.words806" starttime="4127.82" endtime="4127.95">not</w>
   <w nite:id="EN2001a.A.words807" starttime="4127.95" endtime="4128.11">have</w>
   <w nite:id="EN2001a.A.words808" starttime="4128.11" endtime="4128.28">like</w>
   <w nite:id="EN2001a.A.words809" starttime="4128.28" endtime="4128.43">a</w>
   <w nite:id="EN2001a.A.words810" starttime="4128.43" endtime="4128.73">group</w>
   <w nite:id="EN2001a.A.words811" starttime="4128.73" endtime="4129.23">directory</w>
   <w nite:id="EN2001a.A.words812" starttime="4129.23" endtime="4129.39">or</w>
   <w nite:id="EN2001a.A.words813" starttime="4129.39" endtime="4129.7">something</w>
   <w nite:id="EN2001a.A.words814" starttime="4129.7" endtime="4129.79">where</w>
   <w nite:id="EN2001a.A.words815" starttime="4129.79" endtime="4129.93">we</w>
   <w nite:id="EN2001a.A.words816" starttime="4129.93" endtime="4130.21">can</w>
   <w nite:id="EN2001a.A.words817" starttime="4130.21" endtime="4130.35">put</w>
   <w nite:id="EN2001a.A.words818" starttime="4130.35" endtime="4130.54">all</w>
   <w nite:id="EN2001a.A.words819" starttime="4130.54" endtime="4131.0">our</w>
   <w nite:id="EN2001a.A.words820" starttime="4131.0" endtime="4131.25">code</w>
   <w nite:id="EN2001a.A.words821" starttime="4131.25" endtime="4131.45">in</w>
   <w nite:id="EN2001a.A.words822" starttime="4131.45" endtime="4132.38">and</w>
   <w nite:id="EN2001a.A.words823" starttime="4132.38" endtime="4132.52">that</w>
   <w nite:id="EN2001a.A.words824" starttime="4132.52" endtime="4132.76">kinda</w>
   <w nite:id="EN2001a.A.words825" starttime="4132.76" endtime="4132.95">thing</w>
   <w nite:id="EN2001a.A.words826" starttime="4132.95" endtime="4132.95" punc="true">?</w>
   <w nite:id="EN2001a.A.words827" starttime="4136.63" endtime="4136.91">Hmm</w>
   <w nite:id="EN2001a.A.words828" starttime="4136.91" endtime="4136.91" punc="true">.</w>
   <vocalsound nite:id="EN2001a.A.words829" starttime="4149.152" endtime="4149.152" type="laugh"/>
   <w nite:id="EN2001a.A.words830" starttime="4149.32" endtime="4149.41">I&#39;ve</w>
   <w nite:id="EN2001a.A.words831" starttime="4149.41" endtime="4149.9">gotten</w>
   <w nite:id="EN2001a.A.words832" starttime="4149.9" endtime="4150.17">mm</w>
   <w nite:id="EN2001a.A.words833" starttime="4150.17" endtime="4150.57">hardly</w>
   <w nite:id="EN2001a.A.words834" starttime="4150.57" endtime="4150.78">any</w>
   <disfmarker nite:id="EN2001a.A.words835" starttime="4150.78" endtime="4150.78"/>
   <vocalsound nite:id="EN2001a.A.words836" starttime="4151.32" endtime="4151.62" type="laugh"/>
   <w nite:id="EN2001a.A.words837" starttime="4162.31" endtime="4162.62">Hmm</w>
   <w nite:id="EN2001a.A.words838" starttime="4162.62" endtime="4162.62" punc="true">.</w>
   <w nite:id="EN2001a.A.words839" starttime="4176.88" endtime="4177.02">Yeah</w>
   <w nite:id="EN2001a.A.words840" starttime="4177.02" endtime="4177.02" punc="true">,</w>
   <w nite:id="EN2001a.A.words841" starttime="4177.02" endtime="4177.1">we</w>
   <w nite:id="EN2001a.A.words842" starttime="4177.1" endtime="4177.25">can</w>
   <w nite:id="EN2001a.A.words843" starttime="4177.25" endtime="4177.5">ask</w>
   <w nite:id="EN2001a.A.words844" starttime="4177.5" endtime="4177.87">Steve</w>
   <w nite:id="EN2001a.A.words845" starttime="4177.87" endtime="4178.24">if</w>
   <w nite:id="EN2001a.A.words846" starttime="4178.24" endtime="4178.49">um</w>
   <w nite:id="EN2001a.A.words847" starttime="4178.49" endtime="4178.61">we</w>
   <w nite:id="EN2001a.A.words848" starttime="4178.61" endtime="4178.8">can</w>
   <w nite:id="EN2001a.A.words849" starttime="4178.8" endtime="4179.16">get</w>
   <w nite:id="EN2001a.A.words850" starttime="4179.16" endtime="4179.72">space</w>
   <w nite:id="EN2001a.A.words851" starttime="4179.72" endtime="4179.72" punc="true">.</w>
   <w nite:id="EN2001a.A.words852" starttime="4185.66" endtime="4186.09">Yeah</w>
   <w nite:id="EN2001a.A.words853" starttime="4186.09" endtime="4186.09" punc="true">,</w>
   <w nite:id="EN2001a.A.words854" starttime="4186.09" endtime="4186.26">uh</w>
   <w nite:id="EN2001a.A.words855" starttime="4186.26" endtime="4186.66">we</w>
   <w nite:id="EN2001a.A.words856" starttime="4186.66" endtime="4186.78">could</w>
   <w nite:id="EN2001a.A.words857" starttime="4186.78" endtime="4186.88">do</w>
   <w nite:id="EN2001a.A.words858" starttime="4186.88" endtime="4187.0">that</w>
   <w nite:id="EN2001a.A.words859" starttime="4187.0" endtime="4187.0" punc="true">.</w>
   <vocalsound nite:id="EN2001a.A.words860" starttime="4188.21" endtime="4188.81" type="laugh"/>
   <w nite:id="EN2001a.A.words861" starttime="4193.81" endtime="4194.01">Yeah</w>
   <w nite:id="EN2001a.A.words862" starttime="4194.01" endtime="4194.01" punc="true">,</w>
   <w nite:id="EN2001a.A.words863" starttime="4194.01" endtime="4194.12">I&#39;m</w>
   <w nite:id="EN2001a.A.words864" starttime="4194.12" endtime="4194.29">sure</w>
   <w nite:id="EN2001a.A.words865" starttime="4194.29" endtime="4194.35">he</w>
   <w nite:id="EN2001a.A.words866" starttime="4194.35" endtime="4194.48">had</w>
   <w nite:id="EN2001a.A.words867" starttime="4194.48" endtime="4194.56">to</w>
   <w nite:id="EN2001a.A.words868" starttime="4194.56" endtime="4194.74">deal</w>
   <w nite:id="EN2001a.A.words869" starttime="4194.74" endtime="4194.85">with</w>
   <w nite:id="EN2001a.A.words870" starttime="4194.85" endtime="4195.18">that</w>
   <w nite:id="EN2001a.A.words871" starttime="4195.18" endtime="4195.42">last</w>
   <w nite:id="EN2001a.A.words872" starttime="4195.42" endtime="4195.69">year</w>
   <w nite:id="EN2001a.A.words873" starttime="4195.69" endtime="4195.69" punc="true">.</w>
   <vocalsound nite:id="EN2001a.A.words874" starttime="4224.77" endtime="4225.13" type="laugh"/>
   <vocalsound nite:id="EN2001a.A.words875" starttime="4245.47" endtime="4246.02" type="laugh"/>
   <vocalsound nite:id="EN2001a.A.words876" starttime="4249.43" endtime="4250.13" type="laugh"/>
   <w nite:id="EN2001a.A.words877" starttime="4254.89" endtime="4255.32">Yeah</w>
   <w nite:id="EN2001a.A.words878" starttime="4255.32" endtime="4255.32" punc="true">.</w>
   <w nite:id="EN2001a.A.words879" starttime="4387.47" endtime="4387.68">Hmm</w>
   <w nite:id="EN2001a.A.words880" starttime="4387.68" endtime="4387.68" punc="true">.</w>
   <vocalsound nite:id="EN2001a.A.words881" starttime="4415.44" endtime="4416.49" type="laugh"/>
   <vocalsound nite:id="EN2001a.A.words882" starttime="4423.72" endtime="4424.47" type="laugh"/>
   <w nite:id="EN2001a.A.words883" starttime="4437.72" endtime="4437.82">That</w>
   <w nite:id="EN2001a.A.words884" starttime="4437.82" endtime="4438.07">sounds</w>
   <w nite:id="EN2001a.A.words885" starttime="4438.07" endtime="4439.16">good</w>
   <w nite:id="EN2001a.A.words886" starttime="4439.16" endtime="4439.16" punc="true">.</w>
   <vocalsound nite:id="EN2001a.A.words887" starttime="4439.16" endtime="4439.56" type="laugh"/>
   <w nite:id="EN2001a.A.words888" starttime="4470.71" endtime="4470.99">Hmm</w>
   <w nite:id="EN2001a.A.words889" starttime="4470.99" endtime="4470.99" punc="true">.</w>
   <w nite:id="EN2001a.A.words890" starttime="4526.22" endtime="4526.42">Hmm</w>
   <w nite:id="EN2001a.A.words891" starttime="4526.42" endtime="4526.42" punc="true">.</w>
   <w nite:id="EN2001a.A.words892" starttime="4534.72" endtime="4535.13">Yeah</w>
   <w nite:id="EN2001a.A.words893" starttime="4535.13" endtime="4535.13" punc="true">,</w>
   <w nite:id="EN2001a.A.words894" starttime="4535.13" endtime="4535.38">that&#39;s</w>
   <w nite:id="EN2001a.A.words895" starttime="4535.38" endtime="4535.56">what</w>
   <w nite:id="EN2001a.A.words896" starttime="4535.56" endtime="4536.28">I&#39;m</w>
   <w nite:id="EN2001a.A.words897" starttime="4536.28" endtime="4536.46">gonna</w>
   <w nite:id="EN2001a.A.words898" starttime="4536.46" endtime="4536.71">need</w>
   <w nite:id="EN2001a.A.words899" starttime="4536.71" endtime="4536.71" punc="true">.</w>
   <w nite:id="EN2001a.A.words900" starttime="4543.12" endtime="4543.44">Yes</w>
   <w nite:id="EN2001a.A.words901" starttime="4543.44" endtime="4543.44" punc="true">.</w>
   <w nite:id="EN2001a.A.words902" starttime="4544.6" endtime="4544.72">Yeah</w>
   <w nite:id="EN2001a.A.words903" starttime="4544.72" endtime="4544.72" punc="true">,</w>
   <w nite:id="EN2001a.A.words904" starttime="4544.72" endtime="4544.84">it&#39;s</w>
   <w nite:id="EN2001a.A.words905" starttime="4544.84" endtime="4545.04">just</w>
   <w nite:id="EN2001a.A.words906" starttime="4545.04" endtime="4545.44" trunc="true">mo</w>
   <w nite:id="EN2001a.A.words907" starttime="4545.44" endtime="4545.77">changing</w>
   <w nite:id="EN2001a.A.words908" starttime="4545.77" endtime="4545.83">it</w>
   <w nite:id="EN2001a.A.words909" starttime="4545.83" endtime="4545.89">a</w>
   <w nite:id="EN2001a.A.words910" starttime="4545.89" endtime="4546.03">bit</w>
   <w nite:id="EN2001a.A.words911" starttime="4546.03" endtime="4546.03" punc="true">.</w>
   <w nite:id="EN2001a.A.words912" starttime="4555.75" endtime="4555.94">Yeah</w>
   <w nite:id="EN2001a.A.words913" starttime="4555.94" endtime="4555.94" punc="true">.</w>
   <w nite:id="EN2001a.A.words914" starttime="4587.11" endtime="4587.25">No</w>
   <w nite:id="EN2001a.A.words915" starttime="4587.25" endtime="4587.25" punc="true">,</w>
   <w nite:id="EN2001a.A.words916" starttime="4587.25" endtime="4587.83">but</w>
   <vocalsound nite:id="EN2001a.A.words917" starttime="4587.83" endtime="4587.83" type="other"/>
   <w nite:id="EN2001a.A.words918" starttime="4587.83" endtime="4588.32">uh</w>
   <w nite:id="EN2001a.A.words919" starttime="4588.32" endtime="4588.52">that&#39;s</w>
   <w nite:id="EN2001a.A.words920" starttime="4588.52" endtime="4588.76">what</w>
   <w nite:id="EN2001a.A.words921" starttime="4588.76" endtime="4589.22">M_L_C_</w>
   <w nite:id="EN2001a.A.words922" starttime="4589.22" endtime="4589.46" mispronounced="true">seg</w>
   <w nite:id="EN2001a.A.words923" starttime="4589.46" endtime="4589.74">does</w>
   <w nite:id="EN2001a.A.words924" starttime="4589.74" endtime="4589.74" punc="true">.</w>
   <w nite:id="EN2001a.A.words925" starttime="4589.74" endtime="4590.18">It</w>
   <w nite:id="EN2001a.A.words926" starttime="4590.18" endtime="4590.56">it</w>
   <w nite:id="EN2001a.A.words927" starttime="4590.56" endtime="4590.94">marks</w>
   <w nite:id="EN2001a.A.words928" starttime="4590.94" endtime="4591.02">the</w>
   <w nite:id="EN2001a.A.words929" starttime="4591.02" endtime="4591.2">end</w>
   <w nite:id="EN2001a.A.words930" starttime="4591.2" endtime="4591.43">of</w>
   <w nite:id="EN2001a.A.words931" starttime="4591.43" endtime="4591.62">each</w>
   <w nite:id="EN2001a.A.words932" starttime="4591.62" endtime="4592.02">segment</w>
   <w nite:id="EN2001a.A.words933" starttime="4592.02" endtime="4592.02" punc="true">.</w>
   <w nite:id="EN2001a.A.words934" starttime="4594.57" endtime="4594.76">Yeah</w>
   <w nite:id="EN2001a.A.words935" starttime="4594.76" endtime="4594.76" punc="true">.</w>
   <w nite:id="EN2001a.A.words936" starttime="4604.13" endtime="4604.34">Yeah</w>
   <w nite:id="EN2001a.A.words937" starttime="4604.34" endtime="4604.34" punc="true">.</w>
   <w nite:id="EN2001a.A.words938" starttime="4626.59" endtime="4626.79">Oh</w>
   <w nite:id="EN2001a.A.words939" starttime="4626.79" endtime="4626.79" punc="true">.</w>
   <w nite:id="EN2001a.A.words940" starttime="4636.54" endtime="4636.77">Yeah</w>
   <w nite:id="EN2001a.A.words941" starttime="4636.77" endtime="4636.77" punc="true">.</w>
   <w nite:id="EN2001a.A.words942" starttime="4638.2" endtime="4638.4">Yeah</w>
   <w nite:id="EN2001a.A.words943" starttime="4638.4" endtime="4638.4" punc="true">,</w>
   <w nite:id="EN2001a.A.words944" starttime="4638.4" endtime="4638.55">for</w>
   <w nite:id="EN2001a.A.words945" starttime="4638.55" endtime="4638.71">me</w>
   <w nite:id="EN2001a.A.words946" starttime="4638.71" endtime="4638.98">it&#39;s</w>
   <w nite:id="EN2001a.A.words947" starttime="4638.98" endtime="4639.28">better</w>
   <w nite:id="EN2001a.A.words948" starttime="4639.28" endtime="4639.42">if</w>
   <w nite:id="EN2001a.A.words949" starttime="4639.42" endtime="4639.8">they&#39;re</w>
   <w nite:id="EN2001a.A.words950" starttime="4639.8" endtime="4639.96">by</w>
   <w nite:id="EN2001a.A.words951" starttime="4639.96" endtime="4640.33">meeting</w>
   <w nite:id="EN2001a.A.words952" starttime="4640.33" endtime="4640.33" punc="true">.</w>
   <w nite:id="EN2001a.A.words953" starttime="4715.76" endtime="4716.11">Then</w>
   <w nite:id="EN2001a.A.words954" starttime="4716.11" endtime="4716.26">that&#39;ll</w>
   <w nite:id="EN2001a.A.words955" starttime="4716.26" endtime="4717.02">be</w>
   <w nite:id="EN2001a.A.words956" starttime="4717.02" endtime="4717.24">really</w>
   <w nite:id="EN2001a.A.words957" starttime="4717.24" endtime="4717.42">easy</w>
   <w nite:id="EN2001a.A.words958" starttime="4717.42" endtime="4717.55">to</w>
   <w nite:id="EN2001a.A.words959" starttime="4717.55" endtime="4717.72">do</w>
   <w nite:id="EN2001a.A.words960" starttime="4717.72" endtime="4718.02">once</w>
   <w nite:id="EN2001a.A.words961" starttime="4718.02" endtime="4718.23">they&#39;ve</w>
   <w nite:id="EN2001a.A.words962" starttime="4718.23" endtime="4718.41">got</w>
   <w nite:id="EN2001a.A.words963" starttime="4718.41" endtime="4718.5">the</w>
   <w nite:id="EN2001a.A.words964" starttime="4718.5" endtime="4718.66">raw</w>
   <w nite:id="EN2001a.A.words965" starttime="4718.66" endtime="4719.1">text</w>
   <w nite:id="EN2001a.A.words966" starttime="4719.1" endtime="4719.1" punc="true">.</w>
   <w nite:id="EN2001a.A.words967" starttime="4719.1" endtime="4719.4">It&#39;s</w>
   <w nite:id="EN2001a.A.words968" starttime="4719.4" endtime="4719.6">just</w>
   <w nite:id="EN2001a.A.words969" starttime="4719.6" endtime="4719.64">a</w>
   <w nite:id="EN2001a.A.words970" starttime="4719.64" endtime="4719.87">case</w>
   <w nite:id="EN2001a.A.words971" starttime="4719.87" endtime="4720.02">of</w>
   <w nite:id="EN2001a.A.words972" starttime="4720.02" endtime="4720.27">running</w>
   <w nite:id="EN2001a.A.words973" starttime="4720.27" endtime="4720.92">the</w>
   <w nite:id="EN2001a.A.words974" starttime="4720.92" endtime="4721.32">script</w>
   <w nite:id="EN2001a.A.words975" starttime="4721.32" endtime="4721.32" punc="true">.</w>
   <w nite:id="EN2001a.A.words976" starttime="4724.85" endtime="4725.12">Yeah</w>
   <w nite:id="EN2001a.A.words977" starttime="4725.12" endtime="4725.12" punc="true">,</w>
   <w nite:id="EN2001a.A.words978" starttime="4725.12" endtime="4725.15">I</w>
   <w nite:id="EN2001a.A.words979" starttime="4725.15" endtime="4725.44">mean</w>
   <w nite:id="EN2001a.A.words980" starttime="4725.44" endtime="4725.88">hopefully</w>
   <w nite:id="EN2001a.A.words981" starttime="4725.88" endtime="4726.08">this</w>
   <w nite:id="EN2001a.A.words982" starttime="4726.08" endtime="4726.45">week</w>
   <w nite:id="EN2001a.A.words983" starttime="4726.45" endtime="4726.45" punc="true">.</w>
   <w nite:id="EN2001a.A.words984" starttime="4746.92" endtime="4747.08">Alright</w>
   <w nite:id="EN2001a.A.words985" starttime="4747.08" endtime="4747.08" punc="true">.</w>
   <w nite:id="EN2001a.A.words986" starttime="4767.71" endtime="4767.8">And</w>
   <w nite:id="EN2001a.A.words987" starttime="4767.8" endtime="4767.88">we</w>
   <w nite:id="EN2001a.A.words988" starttime="4767.88" endtime="4768.28">could</w>
   <disfmarker nite:id="EN2001a.A.words989" starttime="4768.28" endtime="4768.28"/>
   <w nite:id="EN2001a.A.words990" starttime="5039.62" endtime="5039.77">Don&#39;t</w>
   <w nite:id="EN2001a.A.words991" starttime="5039.77" endtime="5039.92">know</w>
   <w nite:id="EN2001a.A.words992" starttime="5039.92" endtime="5039.92" punc="true">.</w>
   <w nite:id="EN2001a.A.words993" starttime="5039.92" endtime="5040.16">Suppose</w>
   <w nite:id="EN2001a.A.words994" starttime="5040.16" endtime="5040.28">we&#39;re</w>
   <w nite:id="EN2001a.A.words995" starttime="5040.28" endtime="5040.45">just</w>
   <w nite:id="EN2001a.A.words996" starttime="5040.45" endtime="5040.66">getting</w>
   <w nite:id="EN2001a.A.words997" starttime="5040.66" endtime="5040.8">on</w>
   <w nite:id="EN2001a.A.words998" starttime="5040.8" endtime="5040.95">with</w>
   <w nite:id="EN2001a.A.words999" starttime="5040.95" endtime="5041.17">all</w>
   <w nite:id="EN2001a.A.words1000" starttime="5041.17" endtime="5041.31">our</w>
   <w nite:id="EN2001a.A.words1001" starttime="5042.45" endtime="5043.12">components</w>
   <w nite:id="EN2001a.A.words1002" starttime="5043.12" endtime="5043.12" punc="true">.</w>
   <w nite:id="EN2001a.A.words1003" starttime="5043.12" endtime="5043.43">So</w>
   <disfmarker nite:id="EN2001a.A.words1004" starttime="5043.43" endtime="5043.43"/>
   <vocalsound nite:id="EN2001a.A.words1005" starttime="5044.724" endtime="5044.724" type="other"/>
   <disfmarker nite:id="EN2001a.A.words1006" starttime="5044.724" endtime="5044.724"/>
   <w nite:id="EN2001a.A.words1007" starttime="5047.25" endtime="5047.36">I</w>
   <w nite:id="EN2001a.A.words1008" starttime="5047.36" endtime="5048.83">know</w>
   <w nite:id="EN2001a.A.words1009" starttime="5048.83" endtime="5048.83" punc="true">.</w>
   <vocalsound nite:id="EN2001a.A.words1010" starttime="5048.83" endtime="5048.83" type="laugh"/>
   <w nite:id="EN2001a.A.words1011" starttime="5048.83" endtime="5048.99" trunc="true">Wa</w>
   <w nite:id="EN2001a.A.words1012" starttime="5059.43" endtime="5060.09">Yeah</w>
   <w nite:id="EN2001a.A.words1013" starttime="5060.09" endtime="5060.09" punc="true">.</w>
   <w nite:id="EN2001a.A.words1014" starttime="5060.09" endtime="5060.21">Yeah</w>
   <w nite:id="EN2001a.A.words1015" starttime="5060.21" endtime="5060.21" punc="true">,</w>
   <w nite:id="EN2001a.A.words1016" starttime="5060.21" endtime="5060.31">he</w>
   <w nite:id="EN2001a.A.words1017" starttime="5060.31" endtime="5060.96">suggested</w>
   <w nite:id="EN2001a.A.words1018" starttime="5060.96" endtime="5061.15">that</w>
   <w nite:id="EN2001a.A.words1019" starttime="5061.15" endtime="5061.25">we</w>
   <w nite:id="EN2001a.A.words1020" starttime="5061.25" endtime="5061.4">could</w>
   <w nite:id="EN2001a.A.words1021" starttime="5061.4" endtime="5061.56">have</w>
   <w nite:id="EN2001a.A.words1022" starttime="5061.56" endtime="5061.65">an</w>
   <w nite:id="EN2001a.A.words1023" starttime="5061.65" endtime="5061.89">uh</w>
   <w nite:id="EN2001a.A.words1024" starttime="5061.89" endtime="5062.25">initial</w>
   <w nite:id="EN2001a.A.words1025" starttime="5062.25" endtime="5062.96">prototype</w>
   <w nite:id="EN2001a.A.words1026" starttime="5062.96" endtime="5062.96" punc="true">.</w>
   <w nite:id="EN2001a.A.words1027" starttime="5066.7" endtime="5066.79">I</w>
   <w nite:id="EN2001a.A.words1028" starttime="5066.79" endtime="5067.05">know</w>
   <w nite:id="EN2001a.A.words1029" starttime="5067.05" endtime="5067.05" punc="true">,</w>
   <w nite:id="EN2001a.A.words1030" starttime="5067.05" endtime="5067.65">I&#39;d</w>
   <w nite:id="EN2001a.A.words1031" starttime="5067.65" endtime="5067.7" trunc="true">b</w>
   <w nite:id="EN2001a.A.words1032" starttime="5067.7" endtime="5067.84">I&#39;d</w>
   <w nite:id="EN2001a.A.words1033" starttime="5067.84" endtime="5067.9">be</w>
   <w nite:id="EN2001a.A.words1034" starttime="5067.9" endtime="5068.33">surprised</w>
   <w nite:id="EN2001a.A.words1035" starttime="5068.33" endtime="5068.46">if</w>
   <w nite:id="EN2001a.A.words1036" starttime="5068.46" endtime="5068.55">we</w>
   <w nite:id="EN2001a.A.words1037" starttime="5068.55" endtime="5068.87">can</w>
   <w nite:id="EN2001a.A.words1038" starttime="5068.87" endtime="5069.15">get</w>
   <w nite:id="EN2001a.A.words1039" starttime="5069.15" endtime="5070.54">anything</w>
   <w nite:id="EN2001a.A.words1040" starttime="5070.54" endtime="5071.63">working</w>
   <w nite:id="EN2001a.A.words1041" starttime="5071.63" endtime="5071.74">by</w>
   <w nite:id="EN2001a.A.words1042" starttime="5071.74" endtime="5072.06">next</w>
   <w nite:id="EN2001a.A.words1043" starttime="5072.06" endtime="5072.3">week</w>
   <w nite:id="EN2001a.A.words1044" starttime="5072.3" endtime="5072.3" punc="true">.</w>
   <w nite:id="EN2001a.A.words1045" starttime="5081.07" endtime="5081.24">Alright</w>
   <w nite:id="EN2001a.A.words1046" starttime="5081.24" endtime="5081.24" punc="true">.</w>
</nite:root>
