path	sentence	client_id
common_voice_mn_18724779.mp3	Том цагаан аварга загас нь томоохон сээр нуруутан амьтдаар хооллоно.	c0e85a0234a072e77b7c11a98d4f063e52913f90343bee3c0a846d21e4af0cee3091b67cc47155158736599f931cc163beac47e29f2892ad53cf19d72ac022cb
common_voice_mn_18724780.mp3	Уг ёс нь түүний бичгийг шалгасан бол хамаг хэрэг тодорхой болохсон.	c0e85a0234a072e77b7c11a98d4f063e52913f90343bee3c0a846d21e4af0cee3091b67cc47155158736599f931cc163beac47e29f2892ad53cf19d72ac022cb
common_voice_mn_18580186.mp3	Санамсаргүй танилцсан юм аа гэж хэллээ.	fe734e9113f4555b1abe486d001d25436446a4feaad3486e7d057fcd2f02c9027651d657b2e6197e1de4a4d789a5849021c9020d9c8be11bb333c6ad83a778b8
common_voice_mn_18580187.mp3	Баярлалаа гэж хэлээд бушуухан дээд давхарт гарав.	fe734e9113f4555b1abe486d001d25436446a4feaad3486e7d057fcd2f02c9027651d657b2e6197e1de4a4d789a5849021c9020d9c8be11bb333c6ad83a778b8
common_voice_mn_18785480.mp3	Иймэрхүү хоол идсээр байгаад дэндүү туранхай, сул дорой болсон байлаа.	119ca982a55f636c86143e4c1a8a729a04da66751dbcacee3aca919e15dd1dd27ee6ebde7edd82ea0f59a34b3f394328882dd3f8188e9f892677f28a74356371
common_voice_mn_18580938.mp3	"""Та нарын арьсыг өвчвөл ямар вэ"" гэж амьтны эрх ашгийг хамгаалагчид тулган асууж байлаа."	2afb65f26582f80eb6753411fc413ee1668da1a1e81ccfa495998d3c5bc833670bafb861ce3ba525a85883dba0ef8d9dd1b769083ec5e85b6d9ca074b3e41e69
