<data>
 <text domain="fiction" id="f001">
  <metadata>
   <author>
    Joseph Devon
   </author>
   <title>
    Black Eyed Susan
   </title>
   <url>
    http://manybooks.net/pages/devonjother08black_eyed_susan/0.html
   </url>
  </metadata>
  <text_body>
   That fall came and I went back to Michigan and the school year went by and summer came and I never really thought about it. I'm not even sure if I was officially asked, I just wound up heading back to New Jersey when school was out. I think my parents thought it was a good enough deal. They were already having some problems and without Nonna there anymore to take care of me I think my cousin's house on the coast seemed like as good a spot as any to stick me for the summer. It certainly wasn't because of any great love between me and my cousin. We weren't really very good friends at that point. I think she saw me as sort of foisted off on her and getting in the way of her summers. Which was a fair enough judgment. But she could have been nicer. It's pretty amazing that she wound up as my Maid of Honor. Time does strange things. Your lovable jack-ass of a father would mention something about magic in here. You know if you took a group of fifty strangers, had them chat with your father for half an hour then with me for half an hour, then told them that one of us was an English Professor and one of us was head of distribution in the northeast for a large soft drink manufacturing concern, I'm pretty sure all fifty would peg your father as the English Professor and me as the head of distribution. He's honestly so good at what he does that I can almost allow him to claim it's magic except that it'd be nice if he took credit for some of the things he's done with his life. Of course he has this idea that he deserves credit for all sorts of things that he had no control over. Like our first kiss.
  </text_body>
  <questions>
   <q id="6" type="Temporal_order">
    The author was planning to travel to New Jersey when:
    <a id="1" correct="True">
     school year was over,
    </a>
    <a id="2" correct="False">
     after the divorce,
    </a>
    <a id="3" correct="False">
     school was about to start.
    </a>
    <a id="4" correct="False">
     not enough information
    </a>
   </q>
   <q id="21" type="Temporal_order">
    During what time of the year was this character sent to their cousins house?
    <a id="1" correct="True">
     winter
    </a>
    <a id="2" correct="False">
     summer
    </a>
    <a id="3" correct="False">
     fall
    </a>
    <a id="4" correct="False">
     not enough information
    </a>
   </q>
   <q id="7" type="Character_identity">
    Whose house was on the coast?
    <a id="1" correct="True">
     Cousin's,
    </a>
    <a id="2" correct="False">
     Parent's,
    </a>
    <a id="3" correct="False">
     Nonna's
    </a>
    <a id="4" correct="False">
     not enough information
    </a>
   </q>
   <q id="14" type="Character_identity">
    Who went back to New Jersey?
    <a id="1" correct="True">
     I did
    </a>
    <a id="2" correct="False">
     my father
    </a>
    <a id="3" correct="False">
     immortal light baby
    </a>
    <a id="4" correct="False">
     not enough information
    </a>
   </q>
   <q id="15" type="Character_identity">
    Who is described as a jack-ass:
    <a id="1" correct="True">
     father
    </a>
    <a id="2" correct="False">
     me
    </a>
    <a id="3" correct="False">
     cursed kiddies 2nd Coming
    </a>
    <a id="4" correct="False">
     not enough information
    </a>
   </q>
   <q id="16" type="Character_identity">
    Who was the English Professor?
    <a id="1" correct="True">
     father
    </a>
    <a id="2" correct="False">
     mother
    </a>
    <a id="3" correct="False">
     immortal light kids
    </a>
    <a id="4" correct="False">
     not enough information
    </a>
   </q>
   <q id="22" type="Character_identity">
    Who is described as a Jack-Ass?
    <a id="1" correct="True">
     father
    </a>
    <a id="2" correct="False">
     Biology Professor
    </a>
    <a id="3" correct="False">
     cousin
    </a>
    <a id="4" correct="False">
     not enough information
    </a>
   </q>
   <q id="8" type="Factual">
    Where was cousin's house located?
    <a id="1" correct="True">
     On the coast
    </a>
    <a id="2" correct="False">
     Near the mountains
    </a>
    <a id="3" correct="False">
     Near the lake
    </a>
    <a id="4" correct="False">
     not enough information
    </a>
   </q>
   <q id="9" type="Factual">
    Where did author go to school?
    <a id="1" correct="True">
     Michigan
    </a>
    <a id="2" correct="False">
     New Jersey
    </a>
    <a id="3" correct="False">
     california
    </a>
    <a id="4" correct="False">
     not enough information
    </a>
   </q>
   <q id="13" type="Factual">
    When Fall came I went back to:
    <a id="1" correct="True">
     Michigan
    </a>
    <a id="2" correct="False">
     Illinois
    </a>
    <a id="3" correct="False">
     New Eden
    </a>
    <a id="4" correct="False">
     not enough information
    </a>
   </q>
   <q id="17" type="Factual">
    What would the father claim to have some power and control over?
    <a id="1" correct="True">
     first kiss
    </a>
    <a id="2" correct="False">
     First job
    </a>
    <a id="3" correct="False">
     School
    </a>
    <a id="4" correct="False">
     not enough information
    </a>
   </q>
   <q id="23" type="Factual">
    What did the main character do for a living?
    <a id="1" correct="True">
     head distributor of softdrink maufacture
    </a>
    <a id="2" correct="False">
     English Professor
    </a>
    <a id="3" correct="False">
     Magician
    </a>
    <a id="4" correct="False">
     not enough information
    </a>
   </q>
   <q id="25" type="Factual">
    What did their father always say about the place?
    <a id="1" correct="True">
     there was magic there
    </a>
    <a id="2" correct="False">
     there was too many people to talk to
    </a>
    <a id="3" correct="False">
     it was borring
    </a>
    <a id="4" correct="False">
     not enough information
    </a>
   </q>
   <q id="24" type="Causality">
    Why was this character surprised their cousin was their maid of honor?
    <a id="1" correct="True">
     she hadn't been very nice
    </a>
    <a id="2" correct="False">
     they were enemies
    </a>
    <a id="3" correct="False">
     she lived far away
    </a>
    <a id="4" correct="False">
     not enough information
    </a>
   </q>
   <q id="26" type="Causality">
    Why was this character sent away after each school year?
    <a id="1" correct="True">
     for tutoring
    </a>
    <a id="2" correct="False">
     parents had problems
    </a>
    <a id="3" correct="False">
     to visit family
    </a>
    <a id="4" correct="False">
     not enough information
    </a>
   </q>
   <q id="1" type="Subsequent_state">
    Where did the main character go immediately after school was out?
    <a id="1" correct="True">
     New Jersey
    </a>
    <a id="2" correct="False">
     Michigan
    </a>
    <a id="3" correct="False">
     England
    </a>
    <a id="4" correct="False">
     not enough information
    </a>
   </q>
   <q id="2" type="Subsequent_state">
    After the events in the text what does the author think about the cousin?
    <a id="1" correct="True">
     the cousin is not friendly
    </a>
    <a id="2" correct="False">
     the cousin could have been pretier
    </a>
    <a id="3" correct="False">
     the cousin was too nice
    </a>
    <a id="4" correct="False">
     not enough information
    </a>
   </q>
   <q id="3" type="Belief_states">
    The author believes that their cousin:
    <a id="1" correct="True">
     could have been nicer
    </a>
    <a id="2" correct="False">
     could have been meaner
    </a>
    <a id="3" correct="False">
     could have been more productive
    </a>
    <a id="4" correct="False">
     not enough information
    </a>
   </q>
   <q id="4" type="Belief_states">
    The author believes that the cousin's father:
    <a id="1" correct="True">
     is a jack-ass
    </a>
    <a id="2" correct="False">
     is incompetent
    </a>
    <a id="3" correct="False">
     is a liar
    </a>
    <a id="4" correct="False">
     not enough information
    </a>
   </q>
   <q id="5" type="Entity_properties">
    What is probably true about the cousin's father?
    <a id="1" correct="True">
     he is extremely smart
    </a>
    <a id="2" correct="False">
     he is dumb
    </a>
    <a id="3" correct="False">
     he is a bad father
    </a>
    <a id="4" correct="False">
     not enough information
    </a>
   </q>
   <q id="18" type="Entity_properties">
    What is obvious about the father's personality?
    <a id="1" correct="True">
     he is a little vain
    </a>
    <a id="2" correct="False">
     he is funny
    </a>
    <a id="3" correct="False">
     he is shy
    </a>
    <a id="4" correct="False">
     not enough information
    </a>
   </q>
   <q id="11" type="Event_duration">
    My summer stay in New Jersey probably lasted:
    <a id="1" correct="True">
     a few months
    </a>
    <a id="2" correct="False">
     two weeks
    </a>
    <a id="3" correct="False">
     4 days
    </a>
    <a id="4" correct="False">
     not enough information
    </a>
   </q>
   <q id="19" type="Event_duration">
    Heading back to New Jersey took roughly how long?
    <a id="1" correct="True">
     a few hours
    </a>
    <a id="2" correct="False">
     one week
    </a>
    <a id="3" correct="False">
     a year
    </a>
    <a id="4" correct="False">
     not enough information
    </a>
   </q>
   <q id="10" type="Unanswerable">
    What is true about the narrator?
    <a id="1">
     She is married
    </a>
    <a id="2">
     She is old
    </a>
    <a id="3">
     She is an orphan
    </a>
    <a id="4" correct="True">
     not enough information
    </a>
   </q>
   <q id="12" type="Unanswerable">
    What is my mom's profession?
    <a id="1">
     a magician
    </a>
    <a id="2">
     English professor
    </a>
    <a id="3">
     head of distribution
    </a>
    <a id="4" correct="True">
     not enough information
    </a>
   </q>
   <q id="20" type="Unanswerable">
    What was the name of the Maid of Honor:
    <a id="1">
     Elizabeth
    </a>
    <a id="2">
     Mary
    </a>
    <a id="3">
     Lily
    </a>
    <a id="4" correct="True">
     not enough information
    </a>
   </q>
   <q id="27" type="Unanswerable">
    How long were they forced to interact with the cousin who later be ame maid of honor?
    <a id="1">
     a year
    </a>
    <a id="2">
     5 years
    </a>
    <a id="3">
     many summers
    </a>
    <a id="4" correct="True">
     not enough information
    </a>
   </q>
   <q id="28" type="Unanswerable">
    What is the relation to Nona?
    <a id="1">
     sister
    </a>
    <a id="2">
     aunt
    </a>
    <a id="3">
     grandmother
    </a>
    <a id="4" correct="True">
     not enough information
    </a>
   </q>
  </questions>
 </text>
 <text domain="fiction" id="f002">
  <metadata>
   <author>
    Michael E. Shea
   </author>
   <title>
    The Bear
   </title>
   <url>
    http://manybooks.net/pages/sheamother08the_bear/0.html
   </url>
  </metadata>
  <text_body>
   The air exploded in a flash of bone and steel and blood. The clash of metal rang through the forest. An arrow pierced through the darkness, its barbed head tearing through flesh and muscle. A roar echoed off of the mountains far to the west. A cry broke through soon after. Then silence. Char stood over a pile of black fur and red blood. He held a curved sword, jagged half way down the wide blade and hilted in bone. He held a large thick bow in the other. Lorfel and Ranur stood behind him, panting. Lorfel, a short man of twenty six held a large axe in both hands and still prepared to swing it hard. Ranur, the largest of the three held a pike in one hand, its tip hanging low towards the ground. He buried his other hand in his gray tunic. "Did it get either of you?" Char's voice rasped low in the silence of the night. "No" Lorfel said. He planted his axe head on the ground with a thud and leaned on the tall handle. There was a pause. Char turned towards Ranur. "Are you hurt?" "Mm...My hand." Ranur took his hand out of his tunic. Moonlight gleamed red off of the ragged wound. Char thought he saw a glimmer of bone. "Did he claw you or bite you?" Char's voice held an urgency that set both Lorfel and Ranur on edge. Ranur paused and then spoke low. "He bit me." Char picked Lorfel and Ranur as his hunting partners for their speed and sharpness in battle. They had hunted beasts of the deep woods all of their lives. They hunted the beasts that hunted men. They all knew the risks of battling such creatures. The old man dropped his curved sword, drew his bow, and fired. The arrow hammered into Ranur's chest, burying itself in his heart. Lorfel saw the gleaming arrow head sticking almost a foot out of his companion's back. Ranur fell face first to the ground.
  </text_body>
  <questions>
   <q id="14" type="Temporal_order">
    When did the roar happen?
    <a id="1" correct="True">
     before the cry
    </a>
    <a id="2" correct="False">
     after the silence
    </a>
    <a id="3" correct="False">
     when Char was speaking
    </a>
    <a id="4" correct="False">
     not enough information
    </a>
   </q>
   <q id="22" type="Temporal_order">
    When did an arrow pierced through the darkness?
    <a id="1" correct="True">
     After the explosion
    </a>
    <a id="2" correct="False">
     After the silence
    </a>
    <a id="3" correct="False">
     After a cry broke out
    </a>
    <a id="4" correct="False">
     not enough information
    </a>
   </q>
   <q id="7" type="Character_identity">
    Who struck down the beast by shooting an arrow?
    <a id="1" correct="True">
     Lorfel
    </a>
    <a id="2" correct="False">
     Ranur
    </a>
    <a id="3" correct="False">
     Char
    </a>
    <a id="4" correct="False">
     not enough information
    </a>
   </q>
   <q id="8" type="Character_identity">
    Who was the largest of the tree:
    <a id="1" correct="True">
     Lorfel
    </a>
    <a id="2" correct="False">
     the old man with raspy voice
    </a>
    <a id="3" correct="False">
     the one carrying an axe
    </a>
    <a id="4" correct="False">
     not enough information
    </a>
   </q>
   <q id="15" type="Character_identity">
    Who held a curved sword?
    <a id="1" correct="True">
     Char
    </a>
    <a id="2" correct="False">
     Ranur
    </a>
    <a id="3" correct="False">
     Lorfel
    </a>
    <a id="4" correct="False">
     not enough information
    </a>
   </q>
   <q id="16" type="Character_identity">
    Who bit Ranur?
    <a id="1" correct="True">
     the beast
    </a>
    <a id="2" correct="False">
     Lorfel
    </a>
    <a id="3" correct="False">
     Char
    </a>
    <a id="4" correct="False">
     not enough information
    </a>
   </q>
   <q id="17" type="Character_identity">
    Who became a murderer?
    <a id="1" correct="True">
     Char
    </a>
    <a id="2" correct="False">
     all three men
    </a>
    <a id="3" correct="False">
     Ranur
    </a>
    <a id="4" correct="False">
     not enough information
    </a>
   </q>
   <q id="23" type="Character_identity">
    Who held a curved sword?
    <a id="1" correct="True">
     Char
    </a>
    <a id="2" correct="False">
     Lorfel
    </a>
    <a id="3" correct="False">
     Ranur
    </a>
    <a id="4" correct="False">
     not enough information
    </a>
   </q>
   <q id="27" type="Character_identity">
    From what or whom did the roar came from?
    <a id="1" correct="True">
     A beast
    </a>
    <a id="2" correct="False">
     Char
    </a>
    <a id="3" correct="False">
     Ranur
    </a>
    <a id="4" correct="False">
     not enough information
    </a>
   </q>
   <q id="10" type="Factual">
    What was the color of the beast's fur?
    <a id="1" correct="True">
     brown
    </a>
    <a id="2" correct="False">
     white
    </a>
    <a id="3" correct="False">
     black
    </a>
    <a id="4" correct="False">
     not enough information
    </a>
   </q>
   <q id="26" type="Factual">
    Where did the arrow pierced Ranur?
    <a id="1" correct="True">
     Into his chest
    </a>
    <a id="2" correct="False">
     Through his hand
    </a>
    <a id="3" correct="False">
     Through his leg
    </a>
    <a id="4" correct="False">
     not enough information
    </a>
   </q>
   <q id="6" type="Causality">
    Why Char killed Ranur?
    <a id="1" correct="True">
     Because it bit Ranur, infecting him
    </a>
    <a id="2" correct="False">
     He mistaken him for the beast
    </a>
    <a id="3" correct="False">
     in self-defense when Ranur attempted to hit him with his pike
    </a>
    <a id="4" correct="False">
     not enough information
    </a>
   </q>
   <q id="9" type="Causality">
    Why was there blood?
    <a id="1" correct="True">
     because Char shot something
    </a>
    <a id="2" correct="False">
     because Lorfel had an axe
    </a>
    <a id="3" correct="False">
     because Char had a sword
    </a>
    <a id="4" correct="False">
     not enough information
    </a>
   </q>
   <q id="1" type="Subsequent_state">
    Immediately after the end of this text, Ranur is:
    <a id="1" correct="True">
     on the ground
    </a>
    <a id="2" correct="False">
     standing up
    </a>
    <a id="3" correct="False">
     in the sky
    </a>
    <a id="4" correct="False">
     not enough information
    </a>
   </q>
   <q id="24" type="Subsequent_state">
    After the end of this text, Ranur is:
    <a id="1" correct="True">
     on the ground
    </a>
    <a id="2" correct="False">
     standing up
    </a>
    <a id="3" correct="False">
     in the sky
    </a>
    <a id="4" correct="False">
     not enough information
    </a>
   </q>
   <q id="2" type="Belief_states">
    Who was concerned about his companions' injuries?
    <a id="1" correct="True">
     Char
    </a>
    <a id="2" correct="False">
     Ranur
    </a>
    <a id="3" correct="False">
     Lorfel
    </a>
    <a id="4" correct="False">
     not enough information
    </a>
   </q>
   <q id="3" type="Belief_states">
    Who spoke with urgency?
    <a id="1" correct="True">
     Lorfel
    </a>
    <a id="2" correct="False">
     Char
    </a>
    <a id="3" correct="False">
     Ranur
    </a>
    <a id="4" correct="False">
     not enough information
    </a>
   </q>
   <q id="4" type="Entity_properties">
    Who probably killed the beast?
    <a id="1" correct="True">
     Ranur
    </a>
    <a id="2" correct="False">
     Lorfel
    </a>
    <a id="3" correct="False">
     Char
    </a>
    <a id="4" correct="False">
     not enough information
    </a>
   </q>
   <q id="5" type="Entity_properties">
    What is probably true about the beast's bite?
    <a id="1" correct="True">
     it is extremely dangerous
    </a>
    <a id="2" correct="False">
     it is harmless
    </a>
    <a id="3" correct="False">
     it helps people
    </a>
    <a id="4" correct="False">
     not enough information
    </a>
   </q>
   <q id="19" type="Entity_properties">
    What is true about Char?
    <a id="1" correct="True">
     He liked hunting
    </a>
    <a id="2" correct="False">
     He has children
    </a>
    <a id="3" correct="False">
     He likes Jessy
    </a>
    <a id="4" correct="False">
     not enough information
    </a>
   </q>
   <q id="12" type="Event_duration">
    The conversation between Char, Ranur and Lorfel probably lasted:
    <a id="1" correct="True">
     5 seconds
    </a>
    <a id="2" correct="False">
     1 minute
    </a>
    <a id="3" correct="False">
     2 hours
    </a>
    <a id="4" correct="False">
     not enough information
    </a>
   </q>
   <q id="20" type="Event_duration">
    Ranur probably died:
    <a id="1" correct="True">
     instantly
    </a>
    <a id="2" correct="False">
     a month later
    </a>
    <a id="3" correct="False">
     a year later
    </a>
    <a id="4" correct="False">
     not enough information
    </a>
   </q>
   <q id="28" type="Event_duration">
    How long did the silence last for?
    <a id="1" correct="True">
     A few minutes
    </a>
    <a id="2" correct="False">
     A few hours
    </a>
    <a id="3" correct="False">
     The entire night
    </a>
    <a id="4" correct="False">
     not enough information
    </a>
   </q>
   <q id="11" type="Unanswerable">
    What was done with Ranur's body?
    <a id="1">
     burned to avoid spreading disease
    </a>
    <a id="2">
     left abandoned along with the beasts's corpse
    </a>
    <a id="3">
     buried in the ground
    </a>
    <a id="4" correct="True">
     not enough information
    </a>
   </q>
   <q id="13" type="Unanswerable">
    The beast was infected with:
    <a id="1">
     disease
    </a>
    <a id="2">
     it was a vampire
    </a>
    <a id="3">
     a venom
    </a>
    <a id="4" correct="True">
     not enough information
    </a>
   </q>
   <q id="18" type="Unanswerable">
    The balloon was filled with:
    <a id="1">
     pumpkin
    </a>
    <a id="2">
     marbles
    </a>
    <a id="3">
     steel
    </a>
    <a id="4" correct="True">
     not enough information
    </a>
   </q>
   <q id="21" type="Unanswerable">
    Where was Ranur's body disposed?
    <a id="1">
     In the lake
    </a>
    <a id="2">
     On the ground
    </a>
    <a id="3">
     In the fire
    </a>
    <a id="4" correct="True">
     not enough information
    </a>
   </q>
   <q id="25" type="Unanswerable">
    Why did Lorfel and Ranur hunted beasts?
    <a id="1">
     Because the beasts were cute
    </a>
    <a id="2">
     Because the beasts clawed them
    </a>
    <a id="3">
     Because they were hurt
    </a>
    <a id="4" correct="True">
     not enough information
    </a>
   </q>
   <q id="29" type="Unanswerable">
    Why was Ranur the one who was hurt?
    <a id="1">
     He is the slowest of the three
    </a>
    <a id="2">
     He didn't see the arrow coming
    </a>
    <a id="3">
     He was targeted by the beasts
    </a>
    <a id="4" correct="True">
     not enough information
    </a>
   </q>
  </questions>
 </text>
</data>