<benchmark>
  <entries>
    <entry category="WrittenWork" eid="Id1" shape="(X (X))" shape_type="NA" size="1">
      <originaltripleset>
        <otriple>1634:_The_Baltic_War | author | David_Weber</otriple>
      </originaltripleset>
      <modifiedtripleset>
        <mtriple>1634:_The_Baltic_War | author | David_Weber</mtriple>
      </modifiedtripleset>
      <lex comment="good" lid="Id1">David Weber is the author of 1634: The Baltic War.</lex>
      <lex comment="good" lid="Id2">1634: The Baltic War was written by David Weber.</lex>
    </entry>
    </entries>
</benchmark>