[{"category": "Airport", "gem_id": "web_nlg_en-train-230", "input": ["Alpena_County_Regional_Airport | elevationAboveTheSeaLevel | 210"], "references": [], "target": "Alpena County Regional Airport elevation above the sea level in metres is 210.", "webnlg_id": "train/Airport/1/Id97"}, {"category": "Airport", "gem_id": "web_nlg_en-train-240", "input": ["Alpena_County_Regional_Airport | locationIdentifier | \"APN\""], "references": [], "target": "The Alpena County Regional Airport's location id is \"APN\".", "webnlg_id": "train/Airport/1/Id100"}]