{"data": [{"title": "Brain", "paragraphs": [{"context": "Another approach to brain function is to examine the consequences of damage to specific brain areas. Even though it is protected by the skull and meninges, surrounded by cerebrospinal fluid, and isolated from the bloodstream by the blood\u2013brain barrier, the delicate nature of the brain makes it vulnerable to numerous diseases and several types of damage. In humans, the effects of strokes and other types of brain damage have been a key source of information about brain function. Because there is no ability to experimentally control the nature of the damage, however, this information is often difficult to interpret. In animal studies, most commonly involving rats, it is possible to use electrodes or locally injected chemicals to produce precise patterns of damage and then examine the consequences for behavior.", "qas": [{"id": "7ba1e8f4261d3170fcf42e84a81dd749116fae95", "question": "What sare the benifts of the blood brain barrir?", "answers": [{"answer_start": 195, "text": "isolated from the bloodstream"}]}, {"id": "5ec5ef305a259311596e85d811ade30bd68b079d", "question": "What is surrounded by cerebrospinal fluid?", "answers": [{"answer_start": 280, "text": "brain"}]}, {"id": "7cb230edfb15ad1fda8d157af1f2b574cbb02b4c", "question": "What does the skull protect?", "answers": [{"answer_start": 280, "text": "brain"}]}, {"id": "e1850f2a48b8f7c2231cec41ed63c1b638a8e2c7", "question": "What has been injected into rats to produce precise patterns of damage?", "answers": [{"answer_start": 723, "text": "chemicals"}]}, {"id": "7bc0ae1a8a24ea4f3398b5236ab9569bbc3e820b", "question": "What can cause issues with how the brain works?", "answers": [{"answer_start": 409, "text": "brain damage"}]}, {"id": "3132661a88eac605390b245464f792c0303e7e6a", "question": "What is isolated from the bloodstream by the blood-brain barrier?", "answers": [{"answer_start": 276, "text": "the brain"}]}, {"id": "1f5281c99d347abd9ea6adb50947e3ee2b997676", "question": "What is vulnerable to numerous diseases?", "answers": [{"answer_start": 276, "text": "the brain"}]}, {"id": "714baa7634b045b2da0b041d07ae3cbecd8140ca", "question": "If you can't stop damage to the brain, you can help what?", "answers": [{"answer_start": 536, "text": "the nature of the damage"}]}, {"id": "a384703455235c03dc047d499e9543c32dd15b17", "question": "What acts as a protective barrier for the brain?", "answers": [{"answer_start": 136, "text": "skull and meninges"}]}, {"id": "649668bace7cc098d05c23dc0286d5765788392a", "question": "What is an advantage of testing brain function in animals?", "answers": [{"answer_start": 670, "text": "it is possible to use electrodes or locally injected chemicals to produce precise patterns of damage"}]}, {"id": "fa60d6eedf15b0af1e6c2525db27b6a428996db2", "question": "What  is used for testing brain functions after it has been harmed?", "answers": [{"answer_start": 624, "text": "animal"}]}, {"id": "9206aa824850bd283a4887d52938834b3f298850", "question": "What is easy to effect the brain?", "answers": [{"answer_start": 318, "text": "diseases and several types of damage"}]}]}, {"context": "Motor systems are areas of the brain that are directly or indirectly involved in producing body movements, that is, in activating muscles. Except for the muscles that control the eye, which are driven by nuclei in the midbrain, all the voluntary muscles in the body are directly innervated by motor neurons in the spinal cord and hindbrain. Spinal motor neurons are controlled both by neural circuits intrinsic to the spinal cord, and by inputs that descend from the brain. The intrinsic spinal circuits implement many reflex responses, and contain pattern generators for rhythmic movements such as walking or swimming. The descending connections from the brain allow for more sophisticated control.", "qas": [{"id": "936a8460bfffe437b54cf3ec1e825a3b7b5627a1", "question": "What do you think with?", "answers": [{"answer_start": 467, "text": "brain"}]}, {"id": "b068197b43d8cd865596b32d5bba76ac76eeaa77", "question": "If you're looking at a body part and conclude that it isn't under the control of motor systems in the brain, what part are you looking at?", "answers": [{"answer_start": 175, "text": "the eye"}]}, {"id": "0f12be8fe0bf9dd30ae26be24b8703bf90fe7d3e", "question": "How are the movements for swimming created?", "answers": [{"answer_start": 549, "text": "pattern generators"}]}, {"id": "99083f3c24d22176a59048d64b128c69734d7029", "question": "What is another term for the production of movements?", "answers": [{"answer_start": 119, "text": "activating muscles"}]}, {"id": "132b2ecd41f543c7e1f494936c028a5d622dacf5", "question": "Nuclei in the midbrain are to the eye muscles as motor systems are to what?", "answers": [{"answer_start": 236, "text": "voluntary muscles in the body"}]}, {"id": "64348100863d112cc28ad16526a9473c7d00563b", "question": "What is built while working out at the gym?", "answers": [{"answer_start": 130, "text": "muscles"}]}, {"id": "f4fad3cd08f097b35870fb9abdd03e41b71ead36", "question": "What exactly do motor systems do to create body movements, such as lifting a cup or walking?", "answers": [{"answer_start": 119, "text": "activating muscles"}]}, {"id": "e82f58c374d18ab7793b071cfc75b3ca07c5b459", "question": "What muscles are the exception to the rule when it comes to motor neurons?", "answers": [{"answer_start": 150, "text": "the muscles that control the eye"}]}, {"id": "b628d91391c77ccf182c2b9147ed9c6658831b37", "question": "What do intrinsic spinal circuits contain that might help with actions beyond simple rhythmic movements?", "answers": [{"answer_start": 624, "text": "descending connections from the brain"}]}, {"id": "de0a8bc331b0062d402ddff3319c47db9a0097e1", "question": "One factor controlling spinal motor neurons is related to the spine while the other factor is related to what area?", "answers": [{"answer_start": 463, "text": "the brain"}]}, {"id": "935df591c8db0ba73ea2adfe5bb2d1e44707851b", "question": "What type of voluntary function is controlled by the circuits?", "answers": [{"answer_start": 572, "text": "rhythmic movements such as walking or swimming"}]}, {"id": "462c3bcbe29c2d17db3b5b474b9e80549effe115", "question": "What are in the spinal cord that help direct voluntary movements?", "answers": [{"answer_start": 385, "text": "neural circuits"}]}]}, {"context": "The brain is an organ that serves as the center of the nervous system in all vertebrate and most invertebrate animals. Only a few invertebrates such as sponges, jellyfish, adult sea squirts and starfish do not have a brain; diffuse or localised nerve nets are present instead. The brain is located in the head, usually close to the primary sensory organs for such senses as vision, hearing, balance, taste, and smell. The brain is the most complex organ in a vertebrate's body. In a typical human, the cerebral cortex (the largest part) is estimated to contain 15\u201333 billion neurons, each connected by synapses to several thousand other neurons. These neurons communicate with one another by means of long protoplasmic fibers called axons, which carry trains of signal pulses called action potentials to distant parts of the brain or body targeting specific recipient cells.", "qas": [{"id": "e40737d487964dbcd26a223f2799cf56390a98a8", "question": "How are neurons connected?", "answers": [{"answer_start": 602, "text": "synapses"}]}, {"id": "6aaf8437d9400a4bd209505b3393fedc93f75a3e", "question": "the main part of the brain is", "answers": [{"answer_start": 498, "text": "the cerebral cortex"}]}, {"id": "0ae1a46c965a07c7371af729df01ec6be85d2321", "question": "the brain is what", "answers": [{"answer_start": 13, "text": "an organ"}]}, {"id": "b88b119703a6733dfcef56e9a22bcebb4b617bbf", "question": "Which of the following doesn't have a brain, starfish or human?", "answers": [{"answer_start": 194, "text": "starfish"}]}, {"id": "401841c30cc27d105320c03fc6a13e1cdc9ed310", "question": "Which of the following is always present in invetebrates, a nerve or a brain?", "answers": [{"answer_start": 245, "text": "nerve"}]}, {"id": "9dd9725e4f37605c9d286b8186b0a29aee1da587", "question": "what sense  do the eyes have", "answers": [{"answer_start": 374, "text": "vision"}]}, {"id": "8a778335ad5e58ba2b12ee1ad82921cf785438f0", "question": "What kind of pulses target recipient cells?", "answers": [{"answer_start": 783, "text": "action potentials"}]}, {"id": "624290df2362b45696050c0e236f2a6c7a1e2e8b", "question": "Through what organic material do neurons signal each other?", "answers": [{"answer_start": 733, "text": "axons"}]}, {"id": "737a562c59f8a2c4805dabf439e83ae95f4c9eac", "question": "what sense does the tongue have", "answers": [{"answer_start": 400, "text": "taste"}]}, {"id": "60710332dfc68aca05e271e7c01dfba336ca2dbb", "question": "neurons talk each other through", "answers": [{"answer_start": 733, "text": "axons"}]}, {"id": "e8b75deb95fc42e991928f03e99fd41bef2ad0cd", "question": "Which of the following never lacks a brain: invetebrates or vetebrates?", "answers": [{"answer_start": 77, "text": "vertebrate"}]}, {"id": "10810ebd08663a3cd3953e44e653ca7eab1cc9eb", "question": "What are the sensing types listed in the article?", "answers": [{"answer_start": 374, "text": "vision, hearing, balance, taste, and smell"}]}, {"id": "b342668ffa260a3663763748afebc39334a50fb0", "question": "What do the signal pulses target?", "answers": [{"answer_start": 858, "text": "recipient cells"}]}]}, {"context": "The SCN projects to a set of areas in the hypothalamus, brainstem, and midbrain that are involved in implementing sleep-wake cycles. An important component of the system is the reticular formation, a group of neuron-clusters scattered diffusely through the core of the lower brain. Reticular neurons send signals to the thalamus, which in turn sends activity-level-controlling signals to every part of the cortex. Damage to the reticular formation can produce a permanent state of coma.", "qas": [{"id": "a0f8e785a10f6e21e24207d24ba2823162383062", "question": "The body's central biological clock is contained where in the brain?", "answers": [{"answer_start": 4, "text": "SCN"}]}, {"id": "1654992b24957d92b32d339b009ee074f9a48782", "question": "What repeated phrase suggests that it is critical?", "answers": [{"answer_start": 177, "text": "reticular formation"}]}, {"id": "5fc529c47c7b0e13c2495e26783abaf2b1d39637", "question": "what is the first part of the brain mentioned in the text", "answers": [{"answer_start": 4, "text": "SCN"}]}, {"id": "edfbd1e2849b6571234695abb9504bc24e7d47cc", "question": "Which part of the brain operates as a clock mechanism and rythm provider", "answers": [{"answer_start": 4, "text": "SCN"}]}, {"id": "e09fc48df1e8b78dd33bbfd56f6cdeb1abd4784a", "question": "What part communicates what energy amount to use?", "answers": [{"answer_start": 320, "text": "thalamus"}]}, {"id": "c9936ef95adf8c883720e663b9da21a084480e45", "question": "What is the small structure located above the brainstem?", "answers": [{"answer_start": 320, "text": "thalamus"}]}, {"id": "58ad98545b874d0cde2c5f7a11cf5642a3cdebf0", "question": "How do the reticular neurons communicate with the thalamus?", "answers": [{"answer_start": 300, "text": "send signals"}]}, {"id": "145eb4433102fb9df155f2b7819cef03c91b9527", "question": "What part of the brain receives messages from the reticular neurons?", "answers": [{"answer_start": 320, "text": "thalamus"}]}, {"id": "0ea94eee25a79bc4381837d9f388234a36e26189", "question": "What part of the brain has the important group of neuron-clusters involved in implementing sleep-wake cycles?", "answers": [{"answer_start": 253, "text": "the core of the lower brain"}]}, {"id": "2418fd158339f70fb33b3d96937b803fdd4aa7b1", "question": "What is the reticular formation composed of?", "answers": [{"answer_start": 209, "text": "neuron-clusters"}]}, {"id": "180a267aacfe03093c9f341ada2cd2fe16738183", "question": "What part of the brain handles sleep", "answers": [{"answer_start": 320, "text": "thalamus"}]}, {"id": "bc8c9b33edc6b6f4650d59e8801ace0aaf0c2ccf", "question": "What ultimately controls how long you sleep?", "answers": [{"answer_start": 0, "text": "The SCN"}]}, {"id": "c1ce905f366892ed5da1784705cc5b07d7100005", "question": "What is another name for the suprachiasmatic nucleus?", "answers": [{"answer_start": 4, "text": "SCN"}]}, {"id": "5bb0fc702cabf1adb771507f828da5d8ba456ee5", "question": "Where is the suprachiasmatic nucleus lococated in the brain?", "answers": [{"answer_start": 42, "text": "hypothalamus"}]}, {"id": "2a29f966e8fbea101e85d4c869066f40e0664881", "question": "What do the signals sent by the thalamus control?", "answers": [{"answer_start": 350, "text": "activity-level"}]}, {"id": "2388f4b1302dea423e5453c809ed8dcebf72c192", "question": "What part of the system receives messages from the reticular formation and then passes them on?", "answers": [{"answer_start": 320, "text": "thalamus"}]}]}, {"context": "The brain contains several motor areas that project directly to the spinal cord. At the lowest level are motor areas in the medulla and pons, which control stereotyped movements such as walking, breathing, or swallowing. At a higher level are areas in the midbrain, such as the red nucleus, which is responsible for coordinating movements of the arms and legs. At a higher level yet is the primary motor cortex, a strip of tissue located at the posterior edge of the frontal lobe. The primary motor cortex sends projections to the subcortical motor areas, but also sends a massive projection directly to the spinal cord, through the pyramidal tract. This direct corticospinal projection allows for precise voluntary control of the fine details of movements. Other motor-related brain areas exert secondary effects by projecting to the primary motor areas. Among the most important secondary areas are the premotor cortex, basal ganglia, and cerebellum.", "qas": [{"id": "6d753d4a8878b5f5bc496d9a369b8c0b212079a0", "question": "What is at the highest level?", "answers": [{"answer_start": 386, "text": "the primary motor cortex"}]}, {"id": "00224fc63d0048a3373dff7503bf3d0a3a2f4f92", "question": "How does the primary motor cortex allow us to fine tune our movements?", "answers": [{"answer_start": 506, "text": "sends projections to the subcortical motor areas, but also sends a massive projection directly to the spinal cord"}]}, {"id": "fd361017116a9087050dfd643e97d4f128a36dcb", "question": "What pathway does the motor cortex transfer projections to the spinal chord?", "answers": [{"answer_start": 633, "text": "pyramidal tract"}]}, {"id": "b94fcea5eee5a8323b935ffd74c44d847b4e2618", "question": "What area of the brain tells us how to move our limbs?", "answers": [{"answer_start": 256, "text": "midbrain"}]}, {"id": "7d9957e185194585cfbab09380513cf343725976", "question": "What area of the brain controls functions of the body required for life?", "answers": [{"answer_start": 84, "text": "the lowest level"}]}, {"id": "92349033b7a5755fa4e800467dc4f9b17ad12546", "question": "What areas of the brain communicate to the primary motor cortex?", "answers": [{"answer_start": 905, "text": "premotor cortex, basal ganglia, and cerebellum"}]}, {"id": "a7a2872f3bde24f120b6bc398d4b5c5d2b074e7d", "question": "What level of the brain controls walking?", "answers": [{"answer_start": 84, "text": "the lowest"}]}, {"id": "0fb18d5c8ebefa326f29949953a6207ece3c9826", "question": "What non-primary areas also sends projections to the primary motor areas?", "answers": [{"answer_start": 901, "text": "the premotor cortex, basal ganglia, and cerebellum"}]}, {"id": "b1c4b530eb226222b44084867a27567575c8ee45", "question": "What areas does the primary motor cortex communicate to?", "answers": [{"answer_start": 481, "text": "The primary motor cortex sends projections to the subcortical motor areas, but also sends a massive projection directly to the spinal cord"}]}, {"id": "4d3ca693129d9a206c2be91bae005b12c950e35e", "question": "What type of movements are the lowest motor areas responsible for?", "answers": [{"answer_start": 186, "text": "walking, breathing, or swallowing"}]}, {"id": "661598a7c55c716fca25a7ad2573f6e99004a85e", "question": "What is the job of the primary motor cortex?", "answers": [{"answer_start": 506, "text": "sends projections to the subcortical motor areas, but also sends a massive projection directly to the spinal cord"}]}, {"id": "f0585d1d0483eb9c0fc850a86274cd35470ce3ae", "question": "What is located at the rear of the frontal lobe?", "answers": [{"answer_start": 390, "text": "primary motor cortex"}]}, {"id": "012b89697b8f9d0d9d7ea2eb59a43a602ecf3c10", "question": "What pathway allows direct corticospinal projections?", "answers": [{"answer_start": 629, "text": "the pyramidal tract"}]}]}]}]}