[{"utterance_id": "0006838de2f66899440d9ba6df275603b6cdc5c4", "tree_id": "dd4cb41e8c180a800a000c796ac71f7fc58eb66d", "source_url": "https://www.irs.gov/businesses/small-businesses-self-employed/declaring-bankruptcy", "snippet": "# Bankruptcy\n\nOther types of bankruptcy include Chapters 9, 12 and 15. Cases under these chapters of the bankruptcy code involve municipalities, family farmers and fisherman, and international cases.", "question": "Can I file bankruptcy under Chapter 9, 12 or 15?", "scenario": "I am a doctor. It does not involve a municipality. It involves an international case.", "answer": "Yes", "history": [], "evidence": [{"follow_up_question": "Are you a family farmer or fisherman?", "follow_up_answer": "No"}, {"follow_up_question": "Does it involve a municipality?", "follow_up_answer": "No"}, {"follow_up_question": "Does it involve an international case?", "follow_up_answer": "Yes"}]}, {"utterance_id": "000dc3187571920b8bbb904cfbc074064642306b", "tree_id": "21fe1028028910dd3f9b4071a3135639efedc236", "source_url": "https://www.humanservices.gov.au/individuals/families", "snippet": "### Parenting Payment\n\n* have income under the limits\n* meet principal carer rules and care for a child under 8 if you\u2019re single or under 6 if you\u2019re partnered\n* meet residence rules\n* can\u2019t claim before the birth of a child", "question": "Am I eligible for the Parenting Payment?", "scenario": "", "answer": "No", "history": [{"follow_up_question": "Is your income under the limits?", "follow_up_answer": "No"}], "evidence": []}, {"utterance_id": "000dde16ceeb640a60a0afbe46277daa457df299", "tree_id": "af106af59ee49908f1337abbc6f3e43afba60a10", "source_url": "https://www.gov.uk/tier-4-general-visa/eligibility", "snippet": "#  2. Eligibility\n\nYou must have:\n\n* an unconditional offer of a place on a course with a licensed Tier 4 sponsor\n* enough money to support yourself and pay for your course - the amount will vary depending on your circumstances", "question": "Am I eligible for a Tier 4 (General) student visa?", "scenario": "I have an unconditional offer for a course with a licensed tier 4 sponsor who is not a panel of experts", "answer": "No", "history": [{"follow_up_question": "do you have enough money to support yourself and pay for the course?", "follow_up_answer": "No"}, {"follow_up_question": "Do you have an unconditional offer of a place on a course with a licensed Tier 4 sponsor?", "follow_up_answer": "Yes"}], "evidence": []}, {"utterance_id": "00158c2296910b84d8990589423a296a5492397a", "tree_id": "7599ef81b3096dc25204f0f114ee9929486de28a", "source_url": "https://www.gov.uk/guidance/export-plants-seeds-bulbs-and-wood-special-rules", "snippet": "### Check if you need a supplier document\n\nYou need a supplier document to sell the seeds, roots or any other plant \u2018propagation material\u2019 from ornamental plants within the EU.", "question": "Do I need a supplier document?", "scenario": "I am a 32 year old man from the United States. Fortunately, after checking my original decision letter it does say that the decision can be reconsidered.", "answer": "Are you selling any other plant \u2018propagation material\u2019 from ornamental plants within the EU?", "history": [{"follow_up_question": "Are you selling seeds from ornamental plants with the EU?", "follow_up_answer": "No"}, {"follow_up_question": "Are you selling roots from an ornamental plant within the EU?", "follow_up_answer": "No"}], "evidence": []}, {"utterance_id": "0017dbba4c512f7cb9c8df2d44b68ddcfed41775", "tree_id": "bfbd593dc139b2626c72372334ba45734c51fd26", "source_url": "https://www.benefits.gov/benefits/benefit-details/1497", "snippet": "SBA provides loans to businesses - not individuals - so the requirements of eligibility are based on aspects of the business, not the owners. All businesses that are considered for financing under SBA's 7(a) loan program must: meet SBA size standards, be for-profit, not already have the internal resources (business or personal) to provide the financing, and be able to demonstrate repayment. Certain variations of SBA's 7(a) loan program may also require additional eligibility criteria. Special purpose programs will identify those additional criteria.", "question": "Am I eligible for the SBA 7(a) program?", "scenario": "I run a rather large business.  According to what I've read, it's big enough to qualify size-wise.", "answer": "Yes", "history": [{"follow_up_question": "Does the business meet SBA size standards?", "follow_up_answer": "Yes"}, {"follow_up_question": "Is the business for-profit?", "follow_up_answer": "Yes"}, {"follow_up_question": "Does the business already have the internal resources (business or personal) to provide the financing?", "follow_up_answer": "Yes"}], "evidence": []}]