<benchmark>
  <entries>
    <entry category="CelestialBody" eid="Id1" shape="(X (X) (X))" shape_type="sibling" size="2">
      <originaltripleset>
        <otriple>(15788)_1993_SB | discoverer | Donal_O'Ceallaigh</otriple>
        <otriple>(15788)_1993_SB | epoch | "2006-03-06"^^xsd:date</otriple>
      </originaltripleset>
      <originaltripleset>
        <otriple>(15788)_1993_SB | discoverer | Donal_O'Ceallaigh</otriple>
        <otriple>(15788)_1993_SB | epoch | "March 6, 2006 (JD2453800.5)"</otriple>
      </originaltripleset>
      <modifiedtripleset>
        <mtriple>(15788)_1993_SB | discoverer | Donal_O'Ceallaigh</mtriple>
        <mtriple>(15788)_1993_SB | epoch | 2006-03-06</mtriple>
      </modifiedtripleset>
      <lex comment="good" lid="Id1">Donal O'Ceallaigh discovered 15788 1993 SB which has an epoch date of March 6th 2006.</lex>
      <lex comment="good" lid="Id2">(15788) 1993 SB's epoch is 6th March 2006 and it was discovered by Donal O Ceallaigh.</lex>
      <lex comment="good" lid="Id3">(15788) 1993 SB has an epoch date of March 6th 2006 and it was discovered by Donal O'Ceallaigh.</lex>
    </entry>
    </entries>
</benchmark>