<benchmark>
  <entries>
    <entry category="City" eid="Id1" shape="(X (X (X) (X) (X (X))))" shape_type="mixed" size="5">
      <originaltripleset>
        <otriple>Abilene,_Texas | isPartOf | Texas</otriple>
        <otriple>Texas | capital | Austin,_Texas</otriple>
        <otriple>Texas | country | United_States</otriple>
        <otriple>United_States | largestCity | New_York_City</otriple>
        <otriple>Texas | language | English_language</otriple>
      </originaltripleset>
      <modifiedtripleset>
        <mtriple>Abilene,_Texas | isPartOf | Texas</mtriple>
        <mtriple>Texas | capital | Austin,_Texas</mtriple>
        <mtriple>Texas | country | United_States</mtriple>
        <mtriple>United_States | largestCity | New_York_City</mtriple>
        <mtriple>Texas | language | English_language</mtriple>
      </modifiedtripleset>
      <lex comment="good" lid="Id1">Abilene and Austin are in the united states in the state of Texas, New York City is the largest city of the US and english is spoken in Texas.</lex>
      <lex comment="good" lid="Id2">Abilene is a part of Texas, where Austin is the capital and English is spoken. Texas is located in the United States, where New York City is the biggest city.</lex>
      <lex comment="good" lid="Id3">English is spoken in Austin thats the capital of Texas in the US. Abilene is also a part of Texas however the largest city in the United States is New York City,.</lex>
    </entry>
    </entries>
</benchmark>