<benchmark>
  <entries>
    <entry category="Athlete" eid="Id1" size="1">
      <originaltripleset>
        <otriple>A.C._Milan | chairman | Silvio_Berlusconi</otriple>
      </originaltripleset>
      <modifiedtripleset>
        <mtriple>A.C._Milan | chairman | Silvio_Berlusconi</mtriple>
      </modifiedtripleset>
      <lex comment="good" lid="Id1">The Chairman of A C Milan is Silvio Berlusconi.</lex>
      <lex comment="good" lid="Id2">Silvio Berlusconi is the chiarman of A.C. Milan.</lex>
    </entry>
    </entries>
</benchmark>