{"paper_id": "d1aafb70c066a2068b02786f8929fd9c900897fb", "metadata": {"title": "Clinical features of culture-proven Mycoplasma pneumoniae infections at King", "authors": [{"first": "Tariq", "middle": ["A"], "last": "Madani", "suffix": "", "affiliation": {}, "email": ""}, {"first": "Aisha", "middle": ["A"], "last": "Al-Ghamdi", "suffix": "", "affiliation": {}, "email": ""}]}, "abstract": [{"text": "Objective: This retrospective chart review describes the epidemiology and clinical features of 40 patients with culture-proven Mycoplasma pneumoniae infections at King Abdulaziz University Hospital, Jeddah, Saudi Arabia.", "cite_spans": [], "ref_spans": [], "section": "Abstract"}, {"text": "Patients with positive M. pneumoniae cultures from respiratory specimens from January 1997 through December 1998 were identified through the Microbiology records. Charts of patients were reviewed.", "cite_spans": [], "ref_spans": [], "section": "Abstract"}, {"text": "Results: 40 patients were identified, 33 (82.5%) of whom required admission. Most infections (92.5%) were community-acquired. The infection affected all age groups but was most common in infants (32.5%) and pre-school children (22.5%). It occurred year-round but was most common in the fall (35%) and spring (30%). More than three-quarters of patients (77.5%) had comorbidities. Twenty-four isolates (60%) were associated with pneumonia, 14 (35%) with upper respiratory tract infections, and 2 (5%) with bronchiolitis. Cough (82.5%), fever (75%), and malaise (58.8%) were the most common symptoms, and crepitations (60%), and wheezes (40%) were the most common signs. Most patients with pneumonia had crepitations (79.2%) but only 25% had bronchial breathing. Immunocompromised patients were more likely than non-immunocompromised patients to present with pneumonia (8/9 versus 16/31, P = 0.05). Of the 24 patients with pneumonia, 14 (58.3%) had uneventful recovery, 4 (16.7%) recovered following some complications, 3 (12.5%) died because of M pneumoniae infection, and 3 (12.5%) died due to underlying comorbidities. The 3 patients who died of M pneumoniae pneumonia had other comorbidities.", "cite_spans": [], "ref_spans": [], "section": "Abstract"}, {"text": "Conclusion: our results were similar to published data except for the finding that infections were more common in infants and preschool children and that the mortality rate of pneumonia in patients with comorbidities was high.", "cite_spans": [], "ref_spans": [], "section": "Abstract"}], "body_text": [{"text": "Mycoplasma pneumoniae is a common cause of upper and lower respiratory tract infections. It remains one of the most frequent causes of atypical pneumonia particu-larly among young adults. [1, 2, 3, 4, 5] Although it is highly transmissible, most infections caused by this organism are relatively minor and include pharyngitis, tracheobronchitis, bronchiolitis, and croup with one fifth of in-fections being asymptomatic. [6, 7] Only 3 -10% of infected subjects develop symptoms consistent with bronchopneumonia and mortality from infection is rare. [6, 7] The organism is fastidious and difficult to grow on cultures. Therefore, diagnosis of infections caused by this organism is usually confirmed with serological tests or polymerase chain reaction-gene amplification techniques. At King Abdulaziz University Hospital (KAUH), Jeddah, Saudi Arabia, the facility to perform Mycoplasma culture has been available since January 1997. As published information concerning M. pneumoniae infections in Saudi Arabia is scarce, [8, 9, 10] we wished to study the epidemiology and clinical features of cultureproven infections caused by this organism at this hospital.", "cite_spans": [{"start": 188, "end": 191, "text": "[1,", "ref_id": "BIBREF0"}, {"start": 192, "end": 194, "text": "2,", "ref_id": "BIBREF1"}, {"start": 195, "end": 197, "text": "3,", "ref_id": "BIBREF2"}, {"start": 198, "end": 200, "text": "4,", "ref_id": "BIBREF3"}, {"start": 201, "end": 203, "text": "5]", "ref_id": "BIBREF4"}, {"start": 421, "end": 424, "text": "[6,", "ref_id": "BIBREF5"}, {"start": 425, "end": 427, "text": "7]", "ref_id": null}, {"start": 549, "end": 552, "text": "[6,", "ref_id": "BIBREF5"}, {"start": 553, "end": 555, "text": "7]", "ref_id": null}, {"start": 1019, "end": 1022, "text": "[8,", "ref_id": "BIBREF6"}, {"start": 1023, "end": 1025, "text": "9,", "ref_id": "BIBREF7"}, {"start": 1026, "end": 1029, "text": "10]", "ref_id": "BIBREF8"}], "ref_spans": [], "section": "Introduction"}, {"text": "KAUH is a tertiary care teaching hospital with a bed capacity of 265 beds and annual admissions of 18000 to 19000 patients. Patients with M. pneumoniae positive cultures from respiratory specimens were identified over a 24-months\" period from January, 1997 through December, 1998 for this review.", "cite_spans": [], "ref_spans": [], "section": "Institution and patient population"}, {"text": "During the study period, respiratory specimens (sputum, nasopharyngeal aspiration, endotracheal secretion, and bronchoalveolar lavage) for M. pneumoniae culture were obtained from patients with upper or lower respiratory tract infections seen as inpatients or in the outpatient or emergency departments. Respiratory specimens were aslo Gram-stained and cultured for bacteria and viruses. M. pneumoniae serological tests for IgG or IgM were not available at KAUH during the study period. All positive culture results were obtained from the Microbiology laboratory records. Charts of patients were reviewed with standardized data collection. Information collected included patients' demographics, comorbidities, clinical manifestations, complications, and outcome.", "cite_spans": [], "ref_spans": [], "section": "Data collection"}, {"text": "M. pneumoniae was cultured using the classic M. pneumoniae agar medium (M.P. agar) and the Pneumofast tray (Pneumofast \u00ae , International Microbio, Signes, France). Specimens were processed according to the instructions of the manufacturer. The M.P. agars and Pneumofast trays were incubated anaerobically at 37\u00b0C and inspected daily for 4 weeks. The organism was identified based on typical colonial morphology (granular colonies, rarely fried-egg-like, 10-150 \u221d in diameter) on the M.P. agar medium and the change in the Pneumofast broth color from red to orange then to yellow (glucose fermentation) in the absence of turbidity of the broth. Antibiotic sensitivity profile on the Pneumofast tray was also used for identification according to the instructions of the manufacturer. Bacterial and viral cultures were performed using standard methods.", "cite_spans": [], "ref_spans": [], "section": "Microbiological methods"}, {"text": "M. pneumoniae isolates were considered community-acquired if they were recovered from unhospitalized patients or within 72 hours of admission to the hospital, and nosocomial if they were recovered beyond that period.", "cite_spans": [], "ref_spans": [], "section": "Definitions"}, {"text": "Pneumonia was diagnosed based on clinical symptoms and signs, along with radiographic evidence of pneumonia when possible. Severe pneumonia was defined as pneumonia associated with tachycardia (>140 /minute), tachypnoea (>30/minute), hypotension (Systolic blood pressure <90 mmHg), hypoxemia (arterial oxygen partial pressure <8 kPa or oxygen saturation <90%), and/or more than 2 areas of consolidation.", "cite_spans": [], "ref_spans": [], "section": "Definitions"}, {"text": "Outcome of patients with M. pneumoniae infection was classified into 4 categories; uneventful recovery, recovery following complications, death due to M. pneumoniae infection, or death unrelated to M. pneumoniae infection.", "cite_spans": [], "ref_spans": [], "section": "Definitions"}, {"text": "The Statistical Package for Social Sciences (SPSS) program was used for data analysis. Comparison of categorical data was by Chi-square statistic or Fisher's exact test for small expected values.", "cite_spans": [], "ref_spans": [], "section": "Data Analysis"}, {"text": "A total of 40 respiratory specimens from 40 patients were positive for M. pneumoniae over the 24-months study period. The demographic and epidemiological characteristics of the patients are summarized in Table 1 . Of all isolates, 37 (92.5%) were community-acquired and 3 (7.5%) were nosocomial. Thirty-three (82.5%) patients required admission to the hospital and the remaining 7 (17.5%) were treated as outpatients. Twenty-four isolates (60%) were associated with pneumonia, 14 (35%) with upper respiratory tract infections, and 2 (5%) with bronchiolitis. Of the 24 cases of pneumonia, 21 were confirmed radiologically and the remaining 3 were diagnosed clinically. The two cases of bronchiolitis occurred in 2 children, one and three years old. Thirty-one patients (77.5%) had comorbidities. Eleven patients (27.5%) had cardiopulmonary comorbidities (asthma, 8, lung fibrosis, 1, congestive heart failure, 1, congenial heart disease, 1), 9 patients (22.5%) were immunocompromised (malignancy, 7, steroid therapy, 3, Human immunodeficiency virus infection, 1), and 11 patients (27.5%) had other comorbidities (premature newborns, 2, and one each of myelodysplastic syndrome, myelopro-liferative disorder, sickle cell anemia, Evan's syndrome, Down syndrome, sarcoidosis, demyelinating disease, cerebral palsy, and spinal muscle atrophy). Organisms concomitantly isolated with M. pneumoniae from the respiratory tract included herpes simplex virus type 1 (2 occasions), adenovirus (2 occasions), cytomegalo virus (1 occasion), respiratory syncytial virus (1 occasion), and bacterial isolates (2 occasions: Acinetobacter species, 1, and Enter obacter cloacae, 1).", "cite_spans": [], "ref_spans": [{"start": 204, "end": 211, "text": "Table 1", "ref_id": "TABREF0"}], "section": "Results"}, {"text": "Clinical manifestations associated with M. pneumoniae infections are summarized in Table 2 . Pneumonia was more common than upper respiratory tract infections (57.5 % versus 27.5%, respectively). Immunocompromised patients were more likely to present with pneumonia as opposed to upper respiratory tract infection or bronchiolitis than non-immunocompromised patients (8/9 versus 16/31, P = 0.05). Similarly, there was a tendency for patients 60 years of age or older to present with pneumonia more frequently than those below 60 (4/4 versus 20/36, P = 0.1). Of the 24 patients with clinically or radiologically confirmed pneumonia, 19 (79.2%) had crepitations and only 6 (25%) had bronchial breath sounds on physical examination. Of the 16 patients in whom wheezes were detected, 9 (56.3%) were not known to have asthma or other obstructive airway disease. Table 3 . Of the 24 patients with pneumonia, 21 (87.5%) were admitted to the hospital, and 20 (83.3%) had comorbidities. All patients with upper respiratory tract infections (11 patients) or bronchiolitis (2 patients) had uneventful recovery. Of the 24 patients with pneumonia, 14 (58.3%) had uneventful recovery, 4 (16.7%) recovered following some complications (acute respiratory distress syndrome, 2, respiratory failure, 1, septic shock, 1), 3 (12.5%) died because of M pneumoniae infection, and 3 (12.5%) died due to underlying comorbidities. The 3 patients who died of M pneumoniae pneumonia had other comorbidities; one had congestive heart failure, the second had congenital heart disease, and the third was a 3months old infant born prematurely at 32 weeks of gestation who previously had 3 episodes of pneumonia due to other pathogens.", "cite_spans": [], "ref_spans": [{"start": 83, "end": 90, "text": "Table 2", "ref_id": "TABREF1"}, {"start": 857, "end": 864, "text": "Table 3", "ref_id": "TABREF2"}], "section": "Results"}, {"text": "Mycoplasma pneumoniae is one of the most common causes of atypical pneumonia accounting for 5-23% of community-acquired pneumonia, [1, 2, 3, 4, 5] In a study of 511 children with acute respiratory tract infection in Riyadh, Saudi Arabia, Mycoplasma pneumoniae was found to be the second most common causative agent after Respiratory syncytial virus (RSV) accounting for 9% of all cases, [8] In a study of 112 adult patients with community acquired pneumonia admitted to a military hospital in Riyadh, Saudi Arabia, this organism accounted for 6% of all cases, [9] In another retrospective study of 567 pneumonic episodes in adult patients from Al-Qassim area, the organism accounted for 23% of all episodes, [10] The organism also causes other relatively minor infections such as pharyngitis, tracheobronchitis, bronchiolitis, and croup. It is transmitted from person-to-person by infected respiratory droplets during close contact. It is most common in school-aged children, military recruits, and college students. [11] Most cases occur singly or as family outbreaks. Larger outbreaks can also occur in closed populations such as military recruit camps or boarding schools, [12] Infection occurs most frequently during the fall and winter in temperate climates but may develop year-round, [13] The average incubation period is 3 weeks following exposure, [6] Although rare, complications are protean and may involve virtually any organ system such as the respiratory system (e.g.: pleurisy, pneumothorax, acute respiratory distress syndrome, lung abscess), the hematologic system (e.g.: hemolytic anemia, intravascular coagulation, thrombocytopenia), the dermatologic system (e.g.: maculopapular or urticarial rashes, erythema multiforme, erythema nodosum), the musculoskeletal system (e.g.: myalgias, arthralgias, arthritis), the cardiovascular system (e.g.: pericarditis, myocarditis), the nervous system (e.g.: meningoencephalitis, Guillain-Barre syndrome, neuropathies, acute psychosis), or the eye (optic disc edema, optic nerve atrophy, retinal exudation and hemorrhages). [6, 7, 14, 15, 16, 17, 18] Immunity following infection is not long lasting. [11] In our study, the infection affected all age groups but was most common in infants (32.5%) and preschool children (22.5%), and least common in adults aged 15 to 30 years (2.5%) and elderly above 70 years of age (5%). This contrasts with data from temperate countries where the infection is most common in school-aged children, and young adults. [11] One possible explanation for this difference is that infants and preschool children perhaps had more severe infections than did school-aged children, and young adults which prompted presentation of the former group to the hospital. The infection occurred year-round but was most common in the fall (35%), and spring (30%), and least common in the summer (10%). Most infections were community-acquired (92.5%).", "cite_spans": [{"start": 131, "end": 134, "text": "[1,", "ref_id": "BIBREF0"}, {"start": 135, "end": 137, "text": "2,", "ref_id": "BIBREF1"}, {"start": 138, "end": 140, "text": "3,", "ref_id": "BIBREF2"}, {"start": 141, "end": 143, "text": "4,", "ref_id": "BIBREF3"}, {"start": 144, "end": 146, "text": "5]", "ref_id": "BIBREF4"}, {"start": 387, "end": 390, "text": "[8]", "ref_id": "BIBREF6"}, {"start": 560, "end": 563, "text": "[9]", "ref_id": "BIBREF7"}, {"start": 708, "end": 712, "text": "[10]", "ref_id": "BIBREF8"}, {"start": 1017, "end": 1021, "text": "[11]", "ref_id": "BIBREF9"}, {"start": 1176, "end": 1180, "text": "[12]", "ref_id": "BIBREF10"}, {"start": 1291, "end": 1295, "text": "[13]", "ref_id": "BIBREF12"}, {"start": 1357, "end": 1360, "text": "[6]", "ref_id": "BIBREF5"}, {"start": 2081, "end": 2084, "text": "[6,", "ref_id": "BIBREF5"}, {"start": 2085, "end": 2087, "text": "7,", "ref_id": null}, {"start": 2088, "end": 2091, "text": "14,", "ref_id": "BIBREF13"}, {"start": 2092, "end": 2095, "text": "15,", "ref_id": "BIBREF14"}, {"start": 2096, "end": 2099, "text": "16,", "ref_id": "BIBREF15"}, {"start": 2100, "end": 2103, "text": "17,", "ref_id": "BIBREF16"}, {"start": 2104, "end": 2107, "text": "18]", "ref_id": "BIBREF17"}, {"start": 2158, "end": 2162, "text": "[11]", "ref_id": "BIBREF9"}, {"start": 2508, "end": 2512, "text": "[11]", "ref_id": "BIBREF9"}], "ref_spans": [], "section": "Discussion"}, {"text": "More than one half of patients (57.5%) presented with pneumonia, and about a third (27.5%) presented with upper respiratory tract infection, Immunocompromised patients and patients 60 years of age or older were more likely to present with pneumonia as opposed to upper respiratory tract infection than non-immunocompromised patients or those below 60 years of age. Cough (82.5%), fever (75%), and malaise (58.8%) were the most common presenting symptoms. Cough was usually dry or slightly productive of white sputum and mild to moderate in severity. Most febrile patients had mild to mod- erate fever of 39\u00b0C or less; high-grade fever of more than 39\u00b0C was rare. Crepitations (60%), and wheezes (40%) were the most common signs. Wheezes were as common in patients with no history of obstructive airway disease (9 patients) as it was in those with such a history (7 patients). Bronchial breathing as a sign of consolidation was detected in only one fourth of patients with pneumonia, which is consistent with the known disparity between clinical and radiological signs of M pneumoniae pneumonia. Crepitations, however, were detected in the majority (79.2%) of patients. Pleuritic chest pain and pleural effusion were rare.", "cite_spans": [], "ref_spans": [], "section": "Discussion"}, {"text": "More than half (56.5%) of the patients with pneumonia had uneventful recovery. Mortality from M. pneumoniae pneumonia was high (12.5%) and occurred only in patients with underlying comorbidities. None of the 9 patients with no underlying comorbidities died of M pneumoniae pneumonia. The relatively high complications rate (16.7%) and mortality (12.5%) related to M. pneumoniae pneumonia are likely due to selection bias as most patients with pneumonia were sick enough to require admission to the hospital (21/24 or 87.5%) and most of them had comorbidities (20/24 or 83.3%).", "cite_spans": [], "ref_spans": [], "section": "Discussion"}, {"text": "In conclusion, our data shed some light on the epidemiology and clinical features of M pneumoniae infections in one of the Saudi tertiary care centers. The data are comparable to those of other countries except for the finding that infections were more common in infants and preschool children than in school children and young adults. Additionally, mortality attributable to M. pneumoniae pneumonia was relatively high in patients with comorbidities. It is hoped this information will assist clinicians in their approach and management of respiratory tract infections.", "cite_spans": [], "ref_spans": [], "section": "Discussion"}], "bib_entries": {"BIBREF0": {"ref_id": "b0", "title": "Community-acquired pneumonia", "authors": [{"first": "J", "middle": ["G"], "last": "Bartlett", "suffix": ""}, {"first": "L", "middle": ["M"], "last": "Mundy", "suffix": ""}], "year": 1995, "venue": "N Engl J Med", "volume": "333", "issn": "", "pages": "1618--1624", "other_ids": {}}, "BIBREF1": {"ref_id": "b1", "title": "Ambulatory patients with community-acquired pneumonia: The frequency of atypical agents and clinical course", "authors": [{"first": "T", "middle": ["J"], "last": "Marrie", "suffix": ""}, {"first": "R", "middle": ["W"], "last": "Peeling", "suffix": ""}, {"first": "M", "middle": ["J"], "last": "Fine", "suffix": ""}], "year": 1996, "venue": "Am J Med", "volume": "101", "issn": "", "pages": "508--515", "other_ids": {}}, "BIBREF2": {"ref_id": "b2", "title": "Mycoplasma pneumoniae community-acquired pneumonia: A review of 101 hospitalized adult patients Respiration", "authors": [{"first": "D", "middle": [], "last": "Lieberman", "suffix": ""}, {"first": "F", "middle": [], "last": "Schlaeffer", "suffix": ""}, {"first": "D", "middle": [], "last": "Lieberman", "suffix": ""}], "year": 1996, "venue": "", "volume": "63", "issn": "", "pages": "261--266", "other_ids": {}}, "BIBREF3": {"ref_id": "b3", "title": "Atypical\" bacteria are a common cause of community-acquired pneumonia in hospitalized adults S", "authors": [{"first": "G", "middle": [], "last": "Maartens", "suffix": ""}, {"first": "S", "middle": ["J"], "last": "Lewis", "suffix": ""}, {"first": "C", "middle": [], "last": "De Goveia", "suffix": ""}], "year": 1994, "venue": "Afr Med J", "volume": "84", "issn": "", "pages": "678--682", "other_ids": {}}, "BIBREF4": {"ref_id": "b4", "title": "Mycoplasma pneumoniae pneumonia requiring hospitalization, with emphasis on infection in the elderly Arch Intern Med", "authors": [{"first": "T", "middle": ["J"], "last": "Marrie", "suffix": ""}], "year": 1993, "venue": "", "volume": "153", "issn": "", "pages": "488--494", "other_ids": {}}, "BIBREF5": {"ref_id": "b5", "title": "Foy HM: Infections caused by Mycoplasma pneumoniae and possible carrier state in different populations of patients", "authors": [{"first": "Clyde", "middle": [], "last": "Wa", "suffix": ""}], "year": 1993, "venue": "Clinical overview of typical Mycoplasma pneumoniae infections Clin Infect Dis", "volume": "17", "issn": "", "pages": "37--46", "other_ids": {}}, "BIBREF6": {"ref_id": "b6", "title": "Role of Mycoplasma pneumoniae in acute respiratory-tract infections in Saudi paediatric patients", "authors": [{"first": "Al", "middle": [], "last": "Rashed", "suffix": ""}, {"first": "A", "middle": [], "last": "", "suffix": ""}], "year": 1998, "venue": "Ann Trop Med Parasitol", "volume": "92", "issn": "5", "pages": "595--601", "other_ids": {}}, "BIBREF7": {"ref_id": "b7", "title": "The spectrum of pneumonia in 1983 at the Riyadh Armed Forces", "authors": [{"first": "A", "middle": ["R"], "last": "Mohamed", "suffix": ""}, {"first": "D", "middle": ["A"], "last": "Evans", "suffix": ""}], "year": 1987, "venue": "Hospital J Infect", "volume": "14", "issn": "1", "pages": "31--37", "other_ids": {}}, "BIBREF8": {"ref_id": "b8", "title": "Community acquired acute bacterial and atypical pneumonia in Saudi Arabia Thorax", "authors": [{"first": "N", "middle": ["Y"], "last": "Kurashi", "suffix": ""}, {"first": "A", "middle": [], "last": "Al-Hamdan", "suffix": ""}, {"first": "E", "middle": ["M"], "last": "Ibrahim", "suffix": ""}, {"first": "H", "middle": ["Y"], "last": "Al-Idrissi", "suffix": ""}, {"first": "Al-Bayari", "middle": [], "last": "Th", "suffix": ""}], "year": 1992, "venue": "", "volume": "47", "issn": "", "pages": "115--118", "other_ids": {}}, "BIBREF9": {"ref_id": "b9", "title": "Long-term epidemiology of infections with Mycoplasma pneumoniae", "authors": [{"first": "H", "middle": ["M"], "last": "Foy", "suffix": ""}, {"first": "G", "middle": [], "last": "Kenny", "suffix": ""}, {"first": "M", "middle": [], "last": "Cooney", "suffix": ""}], "year": 1979, "venue": "J Infect Dis", "volume": "139", "issn": "", "pages": "681--687", "other_ids": {}}, "BIBREF10": {"ref_id": "b10", "title": "Mycoplasma pneumoniae and adenovirus respiratory illness in military and university personnel", "authors": [{"first": "W", "middle": ["J"], "last": "Mogabgab", "suffix": ""}], "year": null, "venue": "", "volume": "", "issn": "", "pages": "1959--1966", "other_ids": {}}, "BIBREF12": {"ref_id": "b12", "title": "Pneumonia caused by Mycoplasma pneumoniae infection", "authors": [{"first": "J", "middle": ["P"], "last": "Luby", "suffix": ""}], "year": 1991, "venue": "Clin Chest Med", "volume": "12", "issn": "", "pages": "237--244", "other_ids": {}}, "BIBREF13": {"ref_id": "b13", "title": "The clinical spectrum and diagnosis of Mycoplasma pneumoniae infection", "authors": [{"first": "N", "middle": ["J"], "last": "Ali", "suffix": ""}, {"first": "M", "middle": [], "last": "Sillis", "suffix": ""}, {"first": "B", "middle": [], "last": "Andrews", "suffix": ""}, {"first": "P", "middle": [], "last": "Jenkins", "suffix": ""}, {"first": "B", "middle": [], "last": "Harrison", "suffix": ""}], "year": 1986, "venue": "J Med", "volume": "227", "issn": "", "pages": "241--251", "other_ids": {}}, "BIBREF14": {"ref_id": "b14", "title": "Anemia and Mucocutaneous lesions due to Mycoplasma pneumoniae infections Clin Infect Dis", "authors": [{"first": "J", "middle": ["D"], "last": "Cherry", "suffix": ""}], "year": 1993, "venue": "", "volume": "17", "issn": "", "pages": "47--51", "other_ids": {}}, "BIBREF15": {"ref_id": "b15", "title": "Pericarditis and perimyocarditis associated with active Mycoplasma pneumoniae infection", "authors": [{"first": "M", "middle": ["J"], "last": "Sands", "suffix": ""}, {"first": "J", "middle": ["E"], "last": "Satz", "suffix": ""}, {"first": "W", "middle": ["E"], "last": "Turner", "suffix": ""}, {"first": "L", "middle": ["A"], "last": "Soloff", "suffix": ""}], "year": 1977, "venue": "Ann Intern Med", "volume": "86", "issn": "", "pages": "544--548", "other_ids": {}}, "BIBREF16": {"ref_id": "b16", "title": "Mycoplasma pericarditis: evidence of invasive disease Clin Infect Dis", "authors": [{"first": "R", "middle": ["T"], "last": "Kenney", "suffix": ""}, {"first": "J", "middle": ["S"], "last": "Li", "suffix": ""}, {"first": "Clyde", "middle": [], "last": "Wa", "suffix": ""}], "year": 1993, "venue": "", "volume": "17", "issn": "", "pages": "58--62", "other_ids": {}}, "BIBREF17": {"ref_id": "b17", "title": "CNS manifestations associated with Mycoplasma pneumoniae infections. Summary of cases at the University of Helsinki and review Clin Infect Dis", "authors": [{"first": "M", "middle": [], "last": "Koskiniemi", "suffix": ""}], "year": 1993, "venue": "", "volume": "17", "issn": "", "pages": "52--57", "other_ids": {}}}, "ref_entries": {"TABREF0": {"text": "Epidemiological characteristics of 40 patients with M. pneumoniae infections.", "latex": null, "type": "table", "html": "<html><body><table><tr><td>Variable </td><td>Frequency (%)\n</td></tr><tr><td>Age Groups:\n</td><td>\u00a0</td></tr><tr><td>0-1 year </td><td>13 (32.5)\n</td></tr><tr><td>1.1-5 year </td><td>9 (22.5)\n</td></tr><tr><td>5.1-15 year </td><td>5 (12.5)\n</td></tr><tr><td>15.1-30 year </td><td>1 (2.5)\n</td></tr><tr><td>30.1 -50 year </td><td>5 (12.5)\n</td></tr><tr><td>50.1 -70 year </td><td>5 (12.5)\n</td></tr><tr><td>&gt;70 year </td><td>2 (5.0)\n</td></tr><tr><td>Gender:\n</td><td>\u00a0</td></tr><tr><td>Male </td><td>24 (60)\n</td></tr><tr><td>Female </td><td>16 (40)\n</td></tr><tr><td>Nationality:\n</td><td>\u00a0</td></tr><tr><td>Saudi </td><td>23 (57.5)\n</td></tr><tr><td>Non-Saudi </td><td>17 (42.5)\n</td></tr><tr><td>Season:\n</td><td>\u00a0</td></tr><tr><td>Summer </td><td>4(10)\n</td></tr><tr><td>Fall </td><td>14 (35)\n</td></tr><tr><td>Winter </td><td>10 (25)\n</td></tr><tr><td>Spring </td><td>12 (30)\n</td></tr><tr><td>Community-acquired / Hospital-acquired </td><td>37 (92.5) / 3 (7.5)\n</td></tr><tr><td>Patients with comorbidities </td><td>31 (77.5)\n</td></tr></table></body></html>"}, "TABREF1": {"text": "Clinical manifestations of culture-proven M. pneumoniae infections in 40 patients.", "latex": null, "type": "table", "html": "<html><body><table><tr><td>Variable </td><td>Frequency (%)\n</td></tr><tr><td>Type of infection:\n</td><td>\u00a0</td></tr><tr><td>Pneumonia </td><td>24 (60)\n</td></tr><tr><td>Upper respiratory tract infection </td><td>14 (35)\n</td></tr><tr><td>Bronchiolitis </td><td>2(5)\n</td></tr><tr><td>Fever: </td><td>30 (75)\n</td></tr><tr><td>Low grade (37.2-38\u2022C) </td><td>16 (40)\n</td></tr><tr><td>Moderate grade (38.1-39\u2022C) </td><td>12 (30)\n</td></tr><tr><td>High grade (&gt;39\u2022C) </td><td>2(5)\n</td></tr><tr><td>Chills </td><td>3 (7.5)\n</td></tr><tr><td>Malaise </td><td>20/34 (58.8)\n</td></tr><tr><td>Pleuritic chest pain </td><td>3 (7.5)\n</td></tr><tr><td>Cough:\n</td><td>\u00a0</td></tr><tr><td>Absent </td><td>11(27.5)\n</td></tr><tr><td>Mild </td><td>18(45)\n</td></tr><tr><td>Moderate </td><td>8(20)\n</td></tr><tr><td>Severe </td><td>3 (7.5)\n</td></tr><tr><td>Sputum production1\n</td><td>\u00a0</td></tr><tr><td>No sputum (dry cough) </td><td>11(37.9)\n</td></tr><tr><td>Mild </td><td>12(41.4)\n</td></tr><tr><td>Moderate </td><td>2 (6.9)\n</td></tr><tr><td>Copious </td><td>0\n</td></tr><tr><td>Unknown (babies) </td><td>4(13.8)\n</td></tr><tr><td>Color of sputum:2\n</td><td>\u00a0</td></tr><tr><td>White </td><td>11(78.6)\n</td></tr><tr><td>Yellow </td><td>3 (21.4)\n</td></tr><tr><td>Bronchial breathing3 </td><td>6(25)\n</td></tr><tr><td>Crepitations </td><td>24 (60)\n</td></tr><tr><td>Wheezes </td><td>16 (40)\n</td></tr><tr><td>Pleural effusion </td><td>3 (7.5)\n</td></tr><tr><td>Abnormal chest x-ray </td><td>21 (52.5)\n</td></tr><tr><td>Pattern of chest x-ray abnormalities:4\n</td><td>\u00a0</td></tr><tr><td>Localized infiltrate(s) </td><td>11(52.4)\n</td></tr><tr><td>1 area </td><td>5 (23.8)\n</td></tr><tr><td>2 areas </td><td>4(19)\n</td></tr><tr><td>3 or more areas </td><td>2 (9.5)\n</td></tr><tr><td>Bronchopneumonia </td><td>5 (23.8)\n</td></tr><tr><td>Bronchiolitis </td><td>1 (4.8)\n</td></tr><tr><td>Interstitial infiltrate </td><td>2 (9.5)\n</td></tr><tr><td>ARDS5 </td><td>3 (14.3)\n</td></tr></table></body></html>"}, "TABREF2": {"text": "Complications and outcome of M. pneumoniae infections in 40 patients. Publish with BioMedcentral and every scientist can read your work free of charge \"BioMedcentral will be the most significant development for disseminating the results of biomedical research in our lifetime.\" Paul Nurse, Director-General, Imperial Cancer Research Fund Publish with BMC and your research papers will be: available free of charge to the entire biomedical community peer reviewed and published immediately upon acceptance cited in PubMed and archived on PubMed Central yours -you keep the copyright editorial@biomedcentral.com Submit your manuscript here: http://www.biomedcentral.com/manuscript/ BioMedcentral.com", "latex": null, "type": "table"}, "TABREF3": {"text": "Table 3: Complications and outcome of M. pneumoniae infections", "latex": null, "type": "table", "html": "<html><body><table><tr><td>in 40 patients.\nVariable </td><td>Frequency (%)\n</td></tr><tr><td>Complications:\n</td><td>\u00a0</td></tr><tr><td>Severe pneumonia1 </td><td>14 (35)\n</td></tr><tr><td>Hypotension </td><td>3 (7.5)\n</td></tr><tr><td>Respiratory failure requiring ventilation </td><td>8(20)\n</td></tr><tr><td>ARDS2 </td><td>4(10)\n</td></tr><tr><td>Hemolysis </td><td>2(5)\n</td></tr><tr><td>Rash </td><td>1 (2.5)\n</td></tr><tr><td>Neurological complications </td><td>0\n</td></tr><tr><td>Outcome:\n</td><td>\u00a0</td></tr><tr><td>Uneventful recovery </td><td>30 (75)\n</td></tr><tr><td>Recovery following complications3 </td><td>4(10)\n</td></tr><tr><td>Death due to M. pneumoniae </td><td>3 (7.5)\n</td></tr><tr><td>Death due to other causes </td><td>3 (7.5)\n</td></tr></table></body></html>"}}, "back_matter": [{"text": "We wish to thank Mrs. Fatin S. Gazzaz, Microbiologist, and Mr. Yusri A. Al-Suruji, Microbiology technologist, King Abdulaziz University Hospital, for performing Mycoplasma pneumoniae cultures and for providing the list of patients for this study.", "cite_spans": [], "ref_spans": [], "section": "Acknowledgments"}, {"text": "The pre-publication history for this paper can be accessed here:http://www.biomedcentral.com/content/backmatter/ 1471-2334-1-6-b1.pdf", "cite_spans": [], "ref_spans": [], "section": "Pre-publication history"}]}