<benchmark>
  <entries>
    <entry category="Astronaut" eid="Id1" size="1">
      <originaltripleset>
        <otriple>Alan_Bean | almaMater | "UT Austin, B.S. 1955"@en</otriple>
      </originaltripleset>
      <modifiedtripleset>
        <mtriple>Alan_Bean | almaMater | "UT Austin, B.S. 1955"</mtriple>
      </modifiedtripleset>
      <lex comment="toFix" lid="Id1">The Alma Mater of Alan Bean is UT Austin, B.S. 1955.</lex>
      <lex comment="good" lid="Id2">Alan Bean graduated in 1955 from UT Austin with a B.S.</lex>
      <lex comment="good" lid="Id3">Alan Bean graduated from UT Austin in 1955 with a B.S.</lex>
      <lex comment="good" lid="Id4">Alan Bean graduated from UT Austin in 1955 with a Bachelor of Science degree.</lex>
      <lex comment="good" lid="Id5">Alan Bean received a Bachelor of Science degree at the University of Texas at Austin in 1955.</lex>
    </entry>
    </entries>
</benchmark>