<benchmark>
  <entries>
    <entry category="SportsTeam" eid="Id1" size="1">
      <originaltripleset>
        <otriple>1._FC_Köln | manager | Peter_Stöger</otriple>
      </originaltripleset>
      <modifiedtripleset>
        <mtriple>1._FC_Köln | manager | Peter_Stöger</mtriple>
      </modifiedtripleset>
      <lex comment="good" lid="Id1">Peter Stoger is the manager of FC Kolin.</lex>
      <lex comment="good" lid="Id2">Peter Stöger is manager of 1. FC Köln.</lex>
      <lex comment="good" lid="Id3">The manager of 1. FC Koln is Peter Stoger.</lex>
    </entry>
    </entries>
</benchmark>