{"review_id": "fr_0424335", "product_id": "product_fr_0297678", "reviewer_id": "reviewer_fr_0961886", "stars": "1", "review_body": "A d\u00e9conseiller - Article n'a fonctionn\u00e9 qu'une fois - Je ne recommande pas du tout ce produit - Je l'ai jet\u00e9 ...", "review_title": "Brumisateur \u00e0 pompe", "language": "fr", "product_category": "beauty"}
{"review_id": "fr_0452615", "product_id": "product_fr_0613288", "reviewer_id": "reviewer_fr_0857499", "stars": "1", "review_body": "Si vous voulez \u00eatre d\u00e9\u00e7u achetez le produit ! Au bout de 3 utilisation ne fonctionne plus.. Je ne recommande pas du tout sauf si vous voulez acheter un thermom\u00e8tre quelques jours apr\u00e8s avoir achet\u00e9 celui ci !", "review_title": "Insatisfaisant", "language": "fr", "product_category": "baby_product"}
{"review_id": "fr_0407673", "product_id": "product_fr_0571250", "reviewer_id": "reviewer_fr_0383240", "stars": "1", "review_body": "\u00c9cran de mauvaise qualit\u00e9, car il s'use en peu de temps et croche. Dommage j'aimais bien car peu de traces de doigts.", "review_title": "Ne recommande pas", "language": "fr", "product_category": "pc"}
{"review_id": "fr_0579191", "product_id": "product_fr_0030168", "reviewer_id": "reviewer_fr_0729693", "stars": "1", "review_body": "Cet engin ne sert \u00e0 rien les sons sont pourris les songs sont simplistes vous n'apprendrez jamais \u00e0 jouer de la batterie avec une bouze pareille. En fait c'est juste un jouet destin\u00e9 aux enfants et rien d'autre. Si vous voulez vraiment quelque chose de bien et d'utile passez votre chemin et gardez votre fric moi j'ai voulu essayer et j'ai \u00e9t\u00e9 tr\u00e8s mais alors tr\u00e8s d\u00e9\u00e7u. R\u00e9sultat direction poubelle.", "review_title": "A \u00e9viter!", "language": "fr", "product_category": "musical_instruments"}
{"review_id": "fr_0931533", "product_id": "product_fr_0468261", "reviewer_id": "reviewer_fr_0734066", "stars": "1", "review_body": "Tr\u00e8s beau produit mais la grue n'a pas fonctionn\u00e9 tr\u00e8s longtemps. 1er probl\u00e8me : la ficelle qui sert de c\u00e2ble, qui a bloqu\u00e9 le m\u00e9canisme! Heureusement que mon mari est un bon bricoleur. 2\u00e8me probl\u00e8me : ben, en fait, on ne sait pas d'o\u00f9 vient le probl\u00e8me : la t\u00e9l\u00e9commande ou la grue. Bref, cela ne fonctionne plus. Pour r\u00e9sum\u00e9, \u00e0 fonctionner pendant 1 an et plus rien et pourtant, mon fils prend soin de ses jouets. Donc trop cher par rapport \u00e0 la qualit\u00e9 du produit.", "review_title": "D\u00e9\u00e7ue", "language": "fr", "product_category": "toy"}
