{"review_id": "es_0491108", "product_id": "product_es_0296024", "reviewer_id": "reviewer_es_0999081", "stars": "1", "review_body": "Nada bueno se me fue ka pantalla en menos de 8 meses y no he recibido respuesta del fabricante", "review_title": "television Nevir", "language": "es", "product_category": "electronics"}
{"review_id": "es_0869872", "product_id": "product_es_0922286", "reviewer_id": "reviewer_es_0216771", "stars": "1", "review_body": "Horrible, nos tuvimos que comprar otro porque ni nosotros que sabemos ingl\u00e9s, ni un inform\u00e1tico, despu\u00e9s de una hora fue capaz de instalarlo", "review_title": "Dinero tirado a la basura con esta compra", "language": "es", "product_category": "electronics"}
{"review_id": "es_0811721", "product_id": "product_es_0474543", "reviewer_id": "reviewer_es_0929213", "stars": "1", "review_body": "Te obligan a comprar dos unidades y te llega solo una y no hay forma de reclamar, una autentica estafa, no compreis!!", "review_title": "solo llega una unidad cuando te obligan a comprar dos", "language": "es", "product_category": "drugstore"}
{"review_id": "es_0359921", "product_id": "product_es_0656090", "reviewer_id": "reviewer_es_0224702", "stars": "1", "review_body": "No entro en descalificar al vendedor, solo puedo decir que tras dos meses de espera.... sigo sin el producto y tuve que contactar con Amazon para reclamar su reembolso. Amazon un 10 . Se hace cargo del problema, pero yo e desembolsado mi dinero y en dos meses me lo devuelven Perdida de tiempo TOTAL. Sin palabras. Y Ustedes deciden", "review_title": "PRODUCTO NO RECIBIDO.", "language": "es", "product_category": "wireless"}
{"review_id": "es_0068940", "product_id": "product_es_0662544", "reviewer_id": "reviewer_es_0224827", "stars": "1", "review_body": "Llega tarde y co la talla equivocada", "review_title": "Devuelto", "language": "es", "product_category": "shoes"}
