{"review_id": "zh_0626061", "product_id": "product_zh_0691762", "reviewer_id": "reviewer_zh_0824776", "stars": "1", "review_body": "\u672c\u4eba\u8d26\u53f7\u88ab\u76d7\uff0c\u8d44\u91d1\u88ab\u6c5f\u897f\uff08\u6768\u5efa\uff09\u632a\u7528\uff0c\u8bf7\u4e9a\u9a6c\u900a\u5c3d\u5feb\u67e5\u5b9e\uff0c\u5c06\u672c\u4eba\u7684200\u5143\u8d44\u91d1\u9000\u56de\u3002\u672c\u4eba\u5df2\u4e8e2017\u5e7411\u670830\u65e5\u63d0\u4ea4\u9000\u8d27\u7533\u8bf7\uff0c\u4e3a\u4f55\u52302018\u5e74\u4e86\u8fd8\u662f\u6ca1\u89e3\u51b3\uff1f\u4e9a\u9a6c\u900a\u662f\u4ec0\u4e48\u60c5\u51b5\uff1f\u8bf7\u7ed9\u672c\u4eba\u4e00\u4e2a\u5408\u7406\u89e3\u91ca\u3002", "review_title": "\u6b64\u4e66\u4e0d\u662f\u672c\u4eba\u8d2d\u4e70", "language": "zh", "product_category": "book"}
{"review_id": "zh_0713738", "product_id": "product_zh_0123483", "reviewer_id": "reviewer_zh_0518940", "stars": "1", "review_body": "\u8fd9\u7b80\u76f4\u5c31\u662f\u592a\u5dee\u4e86\uff01\u51fa\u7248\u793e\u600e\u4e48\u5c31\u80fd\u51fa\u7248\u5417\uff1f\u6211\u4ee5\u4e3a\u662f\u767e\u5ea6\u6458\u5f55\u5462\uff01\u8fd9\u5230\u5e95\u662f\u54ea\u4e2a\u9c7c\u76ee\u6df7\u73e0\u7684\u6559\u6388\u554a\uff1f\uff01\u80fd\u7ed9\u70b9\u5e72\u8d27\u5417\uff1f\uff01\u603b\u7b97\u5e94\u9a8c\u4e86\u4e00\u53e5\u8bdd\uff0c\u4e00\u672c\u4e66\u54ea\u6015\u53ea\u6709\u4e00\u53e5\u82b1\u4f60\u611f\u5230\u6709\u610f\u4e49\u4e5f\u7b97\u662f\u672c\u597d\u4e66\u3002\u54c7\u4e3a\u4e86\u627e\u8fd9\u672c\u4e66\u54ea\u6015\u4e00\u53e5\u4e0d\u662f\u5e9f\u8bdd\u7684\u53e5\u5b50\u90fd\u8d39\u4e86\u6211\u6574\u6574\u4e00\u5929\u65f6\u95f4\u3002\u3002", "review_title": "\u7b80\u76f4\u662f\u5e9f\u8bdd\uff01", "language": "zh", "product_category": "book"}
{"review_id": "zh_0621612", "product_id": "product_zh_0670618", "reviewer_id": "reviewer_zh_0040023", "stars": "1", "review_body": "\u8d2d\u4e70\u9875\u9762\u663e\u793a1\uff5e2\u65e5\u53d1\u8d27\uff0c\u4ed8\u6b3e\u4e4b\u540e\u663e\u793a\u534a\u4e2a\u6708\u540e\u9001\u8fbe\uff0c\u5b9e\u9645\u6536\u5230\u5546\u54c1\u8ddd\u79bb\u4e0b\u5355\u65e5\u671f\u5df2\u7ecf\u4e00\u4e2a\u591a\u6708\u3002 \u65e0\u529b\u5410\u69fd\uff0c\u4e00\u661f\u662f\u7ed9\u5546\u54c1\u7684\u3002", "review_title": "\u6700\u725b\u903c\u7684\u9884\u552e", "language": "zh", "product_category": "home_improvement"}
{"review_id": "zh_0757997", "product_id": "product_zh_0379151", "reviewer_id": "reviewer_zh_0794363", "stars": "1", "review_body": "\u97f3\u7bb1\u64ad\u653e\u65f6\u65ad\u65ad\u7eed\u7eed\u7684\uff01\u8d28\u91cf\u5b8c\u5168\u4e0d\u884c\uff0c\u7b2c\u4e00\u6b21\u5728\u4e9a\u9a6c\u900a\u4e70\u4e1c\u897f\uff0c\u6655\uff01\u600e\u4e48\u662f\u8fd9\u6837\u7684\u5440\uff1f\u6709\u5ba2\u670d\u548c\u6211\u8054\u7cfb\u5417\uff1f", "review_title": "\u8ff7\u4f60\u97f3\u54cd", "language": "zh", "product_category": "other"}
{"review_id": "zh_0086548", "product_id": "product_zh_0280958", "reviewer_id": "reviewer_zh_0726131", "stars": "1", "review_body": "\u5b57\u592a\u5c0f\u5566\uff0c\u5efa\u8bae\u4e70\u522b\u7684\u7248\u672c\uff0c\u614e\u4e70\u5440\uff0c\u4eb2\u4eec\uff0c\u6211\u540e\u6094\u4e70\u4e86\u8fd9\u4e2a\u7248\u672c\uff01\uff01\uff01", "review_title": "\u6392\u7248\u592a\u5bc6\uff0c\u4e0d\u9002\u5408\u83dc\u9e1f\u7528\uff0c\u770b\u5230\u773c\u775b\u82b1\u4e86\uff01", "language": "zh", "product_category": "book"}
