[{"conversation_id": "dlg-008c75b7-460f-430f-adcf-bd5dcc46854e", "instruction_id": "food-ordering-1", "utterances": [{"index": 0, "speaker": "ASSISTANT", "text": "Hi."}, {"index": 1, "speaker": "ASSISTANT", "text": "How can I help you?"}, {"index": 2, "speaker": "ASSISTANT", "text": "What would you like to order in Barbecue?", "segments": [{"start_index": 32, "end_index": 40, "text": "Barbecue", "annotations": [{"name": "food_order.type.food"}]}]}, {"index": 3, "speaker": "USER", "text": "Yeah, I'd like to get a rack of ribs.", "segments": [{"start_index": 22, "end_index": 36, "text": "a rack of ribs", "annotations": [{"name": "food_order.name.item"}]}]}, {"index": 4, "speaker": "USER", "text": "What kind of sides can I get with that?"}, {"index": 5, "speaker": "ASSISTANT", "text": "With rack of ribs, I would suggest Barbecue sauce.", "segments": [{"start_index": 0, "end_index": 17, "text": "With rack of ribs", "annotations": [{"name": "food_order.name.item"}]}, {"start_index": 35, "end_index": 49, "text": "Barbecue sauce", "annotations": [{"name": "food_order.name.item"}]}]}, {"index": 6, "speaker": "USER", "text": "Yeah. Of course, I want the barbecue sauce and ribs, but I'm talking about sides. You know, like slaw or macaroni and cheese. I want I'd like macaroni and cheese, if they got it.", "segments": [{"start_index": 28, "end_index": 42, "text": "barbecue sauce", "annotations": [{"name": "food_order.name.item"}]}, {"start_index": 47, "end_index": 51, "text": "ribs", "annotations": [{"name": "food_order.name.item"}]}, {"start_index": 97, "end_index": 124, "text": "slaw or macaroni and cheese", "annotations": [{"name": "food_order.other_description.item"}]}, {"start_index": 105, "end_index": 124, "text": "macaroni and cheese", "annotations": [{"name": "food_order.other_description.item"}]}]}, {"index": 7, "speaker": "ASSISTANT", "text": "Would you like to add extra?"}, {"index": 8, "speaker": "USER", "text": "No, I'd like to get a salad with that. No tomatoes, with ranch dressing.", "segments": [{"start_index": 39, "end_index": 71, "text": "No tomatoes, with ranch dressing", "annotations": [{"name": "food_order.other_description.item"}]}, {"start_index": 20, "end_index": 27, "text": "a salad", "annotations": [{"name": "food_order.name.item"}]}]}, {"index": 9, "speaker": "ASSISTANT", "text": "Salad with no tomatoes and ranch dressing has been added to your order.", "segments": [{"start_index": 0, "end_index": 5, "text": "Salad", "annotations": [{"name": "food_order.name.item"}]}, {"start_index": 6, "end_index": 41, "text": "with no tomatoes and ranch dressing", "annotations": [{"name": "food_order.other_description.item"}]}]}, {"index": 10, "speaker": "ASSISTANT", "text": "Is there anything else you would like to add like fries or drinks?", "segments": [{"start_index": 50, "end_index": 55, "text": "fries", "annotations": [{"name": "food_order.type.food"}]}, {"start_index": 59, "end_index": 65, "text": "drinks", "annotations": [{"name": "food_order.type.food"}]}]}, {"index": 11, "speaker": "USER", "text": "Can I get a potato, a baked potato?", "segments": [{"start_index": 12, "end_index": 18, "text": "potato", "annotations": [{"name": "food_order.name.item"}]}, {"start_index": 22, "end_index": 34, "text": "baked potato", "annotations": [{"name": "food_order.name.item"}]}]}, {"index": 12, "speaker": "USER", "text": "A Diet Coke or Pepsi, whichever one they have.", "segments": [{"start_index": 0, "end_index": 11, "text": "A Diet Coke", "annotations": [{"name": "food_order.name.item"}]}, {"start_index": 15, "end_index": 20, "text": "Pepsi", "annotations": [{"name": "food_order.name.item"}]}]}, {"index": 13, "speaker": "ASSISTANT", "text": "Baked potato and diet coke has been added to the order.", "segments": [{"start_index": 0, "end_index": 12, "text": "Baked potato", "annotations": [{"name": "food_order.name.item"}]}, {"start_index": 17, "end_index": 26, "text": "diet coke", "annotations": [{"name": "food_order.name.item"}]}]}, {"index": 14, "speaker": "USER", "text": "That sounds great."}, {"index": 15, "speaker": "ASSISTANT", "text": "Is there anything else you would like to add?"}, {"index": 16, "speaker": "USER", "text": "No, I think that'll do it for me. Thanks."}, {"index": 17, "speaker": "ASSISTANT", "text": "Okay, I have your personal details on file, your order will be ready in 20 minutes.", "segments": [{"start_index": 72, "end_index": 82, "text": "20 minutes", "annotations": [{"name": "food_order.time.pickup"}]}]}, {"index": 18, "speaker": "USER", "text": "Thank you."}, {"index": 19, "speaker": "ASSISTANT", "text": "You're welcome."}, {"index": 20, "speaker": "ASSISTANT", "text": "See you later."}, {"index": 21, "speaker": "ASSISTANT", "text": "Bye."}]}, {"conversation_id": "dlg-00d882a3-255d-4e15-99cb-f068046d6eb2", "instruction_id": "food-ordering-3", "utterances": [{"index": 0, "speaker": "ASSISTANT", "text": "Hello, How can I assist you?"}, {"index": 1, "speaker": "USER", "text": "Hi, I had to step away for minutes. What was I doing again?"}, {"index": 2, "speaker": "ASSISTANT", "text": "You were ordering Italian food?", "segments": [{"start_index": 18, "end_index": 25, "text": "Italian", "annotations": [{"name": "food_order.type.food"}]}]}, {"index": 3, "speaker": "USER", "text": "Oh, that's right.\u00a0Can I order takeout for two people, please, for Italian?", "segments": [{"start_index": 30, "end_index": 37, "text": "takeout", "annotations": [{"name": "food_order.type.retrieval"}]}, {"start_index": 42, "end_index": 52, "text": "two people", "annotations": [{"name": "food_order.num.people"}]}, {"start_index": 66, "end_index": 73, "text": "Italian", "annotations": [{"name": "food_order.type.food"}]}]}, {"index": 4, "speaker": "USER", "text": "Can I order takeout for two people, please, for Italian?", "segments": [{"start_index": 12, "end_index": 19, "text": "takeout", "annotations": [{"name": "food_order.type.retrieval"}]}, {"start_index": 24, "end_index": 34, "text": "two people", "annotations": [{"name": "food_order.num.people"}]}, {"start_index": 48, "end_index": 55, "text": "Italian", "annotations": [{"name": "food_order.type.food"}]}]}, {"index": 5, "speaker": "ASSISTANT", "text": "Sure, What would you like to order in Italian food.", "segments": [{"start_index": 38, "end_index": 45, "text": "Italian", "annotations": [{"name": "food_order.type.food"}]}]}, {"index": 6, "speaker": "USER", "text": "Can I get chicken fettuccine alfredo and Spaghetti and meatballs, please.", "segments": [{"start_index": 10, "end_index": 36, "text": "chicken fettuccine alfredo", "annotations": [{"name": "food_order.name.item"}]}, {"start_index": 41, "end_index": 50, "text": "Spaghetti", "annotations": [{"name": "food_order.name.item"}]}, {"start_index": 55, "end_index": 64, "text": "meatballs", "annotations": [{"name": "food_order.name.item"}]}]}, {"index": 7, "speaker": "ASSISTANT", "text": "Just to confirm you would like to order chicken fettuccine alfredo and spaghetti with meatballs.", "segments": [{"start_index": 40, "end_index": 66, "text": "chicken fettuccine alfredo", "annotations": [{"name": "food_order.name.item"}]}, {"start_index": 71, "end_index": 95, "text": "spaghetti with meatballs", "annotations": [{"name": "food_order.name.item"}]}]}, {"index": 8, "speaker": "USER", "text": "Yes."}, {"index": 9, "speaker": "ASSISTANT", "text": "Would you like to add something as sides like garlic bread.", "segments": [{"start_index": 46, "end_index": 58, "text": "garlic bread", "annotations": [{"name": "food_order.name.item"}]}]}, {"index": 10, "speaker": "USER", "text": "Yes. Can I get a garlic bread too, please? And. Couple packets of Parmesan cheese, please.", "segments": [{"start_index": 17, "end_index": 29, "text": "garlic bread", "annotations": [{"name": "food_order.name.item"}]}, {"start_index": 48, "end_index": 81, "text": "Couple packets of Parmesan cheese", "annotations": [{"name": "food_order.other_description.item"}]}]}, {"index": 11, "speaker": "USER", "text": "Couple packets of Parmesan cheese, please.", "segments": [{"start_index": 0, "end_index": 33, "text": "Couple packets of Parmesan cheese", "annotations": [{"name": "food_order.other_description.item"}]}]}, {"index": 12, "speaker": "ASSISTANT", "text": "Just to confirm you would like to add garlic bread and packets of Parmesan cheese.", "segments": [{"start_index": 38, "end_index": 50, "text": "garlic bread", "annotations": [{"name": "food_order.other_description.item"}]}, {"start_index": 55, "end_index": 81, "text": "packets of Parmesan cheese", "annotations": [{"name": "food_order.other_description.item"}]}]}, {"index": 13, "speaker": "USER", "text": "Yes."}, {"index": 14, "speaker": "ASSISTANT", "text": "Anything else to drink?"}, {"index": 15, "speaker": "USER", "text": "Can I get a 2-L bottle of orange soda?", "segments": [{"start_index": 12, "end_index": 37, "text": "2-L bottle of orange soda", "annotations": [{"name": "food_order.name.item"}]}]}, {"index": 16, "speaker": "ASSISTANT", "text": "Yes, two-liter bottle of orange soda added to your order.", "segments": [{"start_index": 5, "end_index": 36, "text": "two-liter bottle of orange soda", "annotations": [{"name": "food_order.name.item"}]}]}, {"index": 17, "speaker": "USER", "text": "That'll be it."}, {"index": 18, "speaker": "ASSISTANT", "text": "Okay. I have your personal details on file. Your order will be ready for pick-up in about 20 minutes.", "segments": [{"start_index": 73, "end_index": 80, "text": "pick-up", "annotations": [{"name": "food_order.type.retrieval"}]}, {"start_index": 84, "end_index": 100, "text": "about 20 minutes", "annotations": [{"name": "food_order.time.pickup"}]}]}, {"index": 19, "speaker": "USER", "text": "Thank you very much for your help."}, {"index": 20, "speaker": "ASSISTANT", "text": "Your welcome."}]}, {"conversation_id": "dlg-0132dd67-ad75-4d59-83de-5cdadf9cd830", "instruction_id": "food-ordering-2", "utterances": [{"index": 0, "speaker": "ASSISTANT", "text": "Hello. How can I help you?"}, {"index": 1, "speaker": "USER", "text": "Hi. I'd like to order a sandwich takeout order for one.", "segments": [{"start_index": 24, "end_index": 32, "text": "sandwich", "annotations": [{"name": "food_order.name.item"}]}, {"start_index": 33, "end_index": 40, "text": "takeout", "annotations": [{"name": "food_order.type.retrieval"}]}, {"start_index": 51, "end_index": 54, "text": "one", "annotations": [{"name": "food_order.num.people"}]}]}, {"index": 2, "speaker": "ASSISTANT", "text": "Okay and how would you like a sandwich?", "segments": [{"start_index": 30, "end_index": 38, "text": "sandwich", "annotations": [{"name": "food_order.name.item"}]}]}, {"index": 3, "speaker": "USER", "text": "I'd like one BLT on rye bread with a lemonade and a side of potato chips.", "segments": [{"start_index": 9, "end_index": 29, "text": "one BLT on rye bread", "annotations": [{"name": "food_order.name.item"}]}, {"start_index": 35, "end_index": 45, "text": "a lemonade", "annotations": [{"name": "food_order.name.item"}]}, {"start_index": 50, "end_index": 56, "text": "a side", "annotations": [{"name": "food_order.other_description.item"}]}, {"start_index": 57, "end_index": 72, "text": "of potato chips", "annotations": [{"name": "food_order.name.item"}]}]}, {"index": 4, "speaker": "ASSISTANT", "text": "I'm sorry, but your audio was breaking up, can you repeat that?"}, {"index": 5, "speaker": "USER", "text": "Yes. I'd like one BLT on rye bread with a lemonade and a side of potato chips.", "segments": [{"start_index": 14, "end_index": 34, "text": "one BLT on rye bread", "annotations": [{"name": "food_order.name.item"}]}, {"start_index": 40, "end_index": 50, "text": "a lemonade", "annotations": [{"name": "food_order.name.item"}]}, {"start_index": 55, "end_index": 61, "text": "a side", "annotations": [{"name": "food_order.other_description.item"}]}, {"start_index": 62, "end_index": 77, "text": "of potato chips", "annotations": [{"name": "food_order.name.item"}]}]}, {"index": 6, "speaker": "ASSISTANT", "text": "One BLT on rye bread with a lemonade and a side of potato chips. Is that correct?", "segments": [{"start_index": 0, "end_index": 20, "text": "One BLT on rye bread", "annotations": [{"name": "food_order.name.item"}]}, {"start_index": 26, "end_index": 36, "text": "a lemonade", "annotations": [{"name": "food_order.name.item"}]}, {"start_index": 41, "end_index": 47, "text": "a side", "annotations": [{"name": "food_order.other_description.item"}]}, {"start_index": 48, "end_index": 63, "text": "of potato chips", "annotations": [{"name": "food_order.name.item"}]}]}, {"index": 7, "speaker": "USER", "text": "Yes."}, {"index": 8, "speaker": "ASSISTANT", "text": "Okay, I have your personal details on file. Your order will be ready for pick-up in about 20 minutes.", "segments": [{"start_index": 73, "end_index": 80, "text": "pick-up", "annotations": [{"name": "food_order.type.retrieval"}]}, {"start_index": 84, "end_index": 100, "text": "about 20 minutes", "annotations": [{"name": "food_order.time.pickup"}]}]}, {"index": 9, "speaker": "USER", "text": "Thank you. Bye."}, {"index": 10, "speaker": "ASSISTANT", "text": "You're welcome."}, {"index": 11, "speaker": "ASSISTANT", "text": "Bye."}]}, {"conversation_id": "dlg-01765acc-b2cf-46b9-8961-7f259645b414", "instruction_id": "food-ordering-2", "utterances": [{"index": 0, "speaker": "ASSISTANT", "text": "Hello, How can I help you?"}, {"index": 1, "speaker": "USER", "text": "Hi, I'm in this really like super three-way relationship, and we are looking to buy some sandwiches. Can you help me with that?", "segments": [{"start_index": 89, "end_index": 99, "text": "sandwiches", "annotations": [{"name": "food_order.type.food"}]}]}, {"index": 2, "speaker": "ASSISTANT", "text": "Yes, I can. What kind of sandwiches would you like to order?", "segments": [{"start_index": 25, "end_index": 35, "text": "sandwiches", "annotations": [{"name": "food_order.type.food"}]}]}, {"index": 3, "speaker": "USER", "text": "I would like one BLT, one chip butty, and two Reubens.", "segments": [{"start_index": 13, "end_index": 20, "text": "one BLT", "annotations": [{"name": "food_order.name.item"}]}, {"start_index": 22, "end_index": 36, "text": "one chip butty", "annotations": [{"name": "food_order.name.item"}]}, {"start_index": 42, "end_index": 53, "text": "two Reubens", "annotations": [{"name": "food_order.name.item"}]}]}, {"index": 4, "speaker": "USER", "text": "Okay."}, {"index": 5, "speaker": "ASSISTANT", "text": "Just to confirm, you would like to order one BLT, one chip buddy, 2 Ruben's.", "segments": [{"start_index": 41, "end_index": 48, "text": "one BLT", "annotations": [{"name": "food_order.name.item"}]}, {"start_index": 50, "end_index": 64, "text": "one chip buddy", "annotations": [{"name": "food_order.name.item"}]}, {"start_index": 66, "end_index": 75, "text": "2 Ruben's", "annotations": [{"name": "food_order.name.item"}]}]}, {"index": 6, "speaker": "USER", "text": "Yes. That's absolutely right."}, {"index": 7, "speaker": "USER", "text": "Hey, Can I get extra mayo with all of that?", "segments": [{"start_index": 15, "end_index": 42, "text": "extra mayo with all of that", "annotations": [{"name": "food_order.other_description.item"}]}]}, {"index": 8, "speaker": "USER", "text": "Can you do that for me?"}, {"index": 9, "speaker": "ASSISTANT", "text": "Is there anything else you would like to order?"}, {"index": 10, "speaker": "USER", "text": "Can I get that?"}, {"index": 11, "speaker": "ASSISTANT", "text": "As requested your sandwiches will be prepared with extra mayo.", "segments": [{"start_index": 18, "end_index": 28, "text": "sandwiches", "annotations": [{"name": "food_order.name.item"}]}, {"start_index": 46, "end_index": 61, "text": "with extra mayo", "annotations": [{"name": "food_order.other_description.item"}]}]}, {"index": 12, "speaker": "USER", "text": "All right, thank you so much."}, {"index": 13, "speaker": "ASSISTANT", "text": "You are welcome."}, {"index": 14, "speaker": "ASSISTANT", "text": "What do you like to add anything to drink?"}, {"index": 15, "speaker": "USER", "text": "No, we have water here."}, {"index": 16, "speaker": "ASSISTANT", "text": "Okay. I have your personal details on file. Your order will be ready for pick-up in about 20 minutes.", "segments": [{"start_index": 73, "end_index": 80, "text": "pick-up", "annotations": [{"name": "food_order.type.retrieval"}]}, {"start_index": 84, "end_index": 100, "text": "about 20 minutes", "annotations": [{"name": "food_order.time.pickup"}]}]}, {"index": 17, "speaker": "USER", "text": "Alright, thank you so much. You are a rock star."}, {"index": 18, "speaker": "ASSISTANT", "text": "You are welcome."}, {"index": 19, "speaker": "ASSISTANT", "text": "Good bye."}, {"index": 20, "speaker": "USER", "text": "See you."}]}, {"conversation_id": "dlg-01839744-e367-4b7d-b8c4-42a40974c310", "instruction_id": "food-ordering-2", "utterances": [{"index": 0, "speaker": "ASSISTANT", "text": "How can I help you?"}, {"index": 1, "speaker": "USER", "text": "Yes, I'd like to order hot dogs for three people, please.", "segments": [{"start_index": 36, "end_index": 48, "text": "three people", "annotations": [{"name": "food_order.num.people"}]}, {"start_index": 23, "end_index": 31, "text": "hot dogs", "annotations": [{"name": "food_order.name.item"}]}]}, {"index": 2, "speaker": "ASSISTANT", "text": "Just to confirm you would like to order hot dogs for three people.", "segments": [{"start_index": 53, "end_index": 65, "text": "three people", "annotations": [{"name": "food_order.num.people"}]}, {"start_index": 40, "end_index": 48, "text": "hot dogs", "annotations": [{"name": "food_order.name.item"}]}]}, {"index": 3, "speaker": "USER", "text": "Yes."}, {"index": 4, "speaker": "ASSISTANT", "text": "What kind of hot dogs would you like to order?", "segments": [{"start_index": 13, "end_index": 21, "text": "hot dogs", "annotations": [{"name": "food_order.name.item"}]}]}, {"index": 5, "speaker": "USER", "text": "Three hot dogs, everything on it, please. And three large order of fries and three Cherry Cokes, please. And that'll be it.", "segments": [{"start_index": 0, "end_index": 14, "text": "Three hot dogs", "annotations": [{"name": "food_order.name.item"}]}, {"start_index": 16, "end_index": 32, "text": "everything on it", "annotations": [{"name": "food_order.other_description.item"}]}, {"start_index": 46, "end_index": 72, "text": "three large order of fries", "annotations": [{"name": "food_order.name.item"}]}, {"start_index": 77, "end_index": 95, "text": "three Cherry Cokes", "annotations": [{"name": "food_order.name.item"}]}]}, {"index": 6, "speaker": "ASSISTANT", "text": "Just to confirm you would like to order three hot dogs with everything on it, three large fries and three Cherry Cokes.", "segments": [{"start_index": 40, "end_index": 54, "text": "three hot dogs", "annotations": [{"name": "food_order.name.item"}]}, {"start_index": 55, "end_index": 76, "text": "with everything on it", "annotations": [{"name": "food_order.other_description.item"}]}, {"start_index": 78, "end_index": 95, "text": "three large fries", "annotations": [{"name": "food_order.name.item"}]}, {"start_index": 100, "end_index": 118, "text": "three Cherry Cokes", "annotations": [{"name": "food_order.name.item"}]}]}, {"index": 7, "speaker": "USER", "text": "Yes."}, {"index": 8, "speaker": "ASSISTANT", "text": "Is there anything else you would like to order?"}, {"index": 9, "speaker": "USER", "text": "That'll be it."}, {"index": 10, "speaker": "ASSISTANT", "text": "\"Okay, I have your personal details on file. Your order will be ready for pick-up in 20 minutes\".", "segments": [{"start_index": 74, "end_index": 81, "text": "pick-up", "annotations": [{"name": "food_order.type.retrieval"}]}, {"start_index": 85, "end_index": 95, "text": "20 minutes", "annotations": [{"name": "food_order.time.pickup"}]}]}, {"index": 11, "speaker": "USER", "text": "Thank you."}, {"index": 12, "speaker": "ASSISTANT", "text": "Your welcome."}, {"index": 13, "speaker": "USER", "text": "Bye-bye."}, {"index": 14, "speaker": "ASSISTANT", "text": "Bye, talk to you next time."}]}]