{
        "data": [       
                { "title": "nyt dummy data",
                        "paragraphs": [
                                { "context": "This is a paragraph from new york times.",
                                        "qas": [
                                                { "question": "Where is this paragraph from?",
                                                        "id": "090909",
                                                        "answers": [
                                                                { "answer_start": 25,
                                                                  "text": "new york times"
                                                                }
                                                        ]
                                                }
                                        ]
                        }
                        ]
                }
        ]
}
