<benchmark>
  <entries>
    <entry category="Astronaut" eid="Id1" size="7">
      <originaltripleset>
        <otriple>Alan_Bean | nationality | United_States</otriple>
        <otriple>Alan_Bean | occupation | Test_pilot</otriple>
        <otriple>Alan_Bean | almaMater | "UT Austin, B.S. 1955"@en</otriple>
        <otriple>Alan_Bean | birthPlace | Wheeler,_Texas</otriple>
        <otriple>Alan_Bean | timeInSpace | "100305.0"^^&lt;http://dbpedia.org/datatype/minute&gt;</otriple>
        <otriple>Alan_Bean | selection | 1963</otriple>
        <otriple>Alan_Bean | status | "Retired"@en</otriple>
      </originaltripleset>
      <modifiedtripleset>
        <mtriple>Alan_Bean | nationality | United_States</mtriple>
        <mtriple>Alan_Bean | occupation | Test_pilot</mtriple>
        <mtriple>Alan_Bean | almaMater | "UT Austin, B.S. 1955"</mtriple>
        <mtriple>Alan_Bean | birthPlace | Wheeler,_Texas</mtriple>
        <mtriple>Alan_Bean | timeInSpace | "100305.0"(minutes)</mtriple>
        <mtriple>Alan_Bean | was selected by NASA | 1963</mtriple>
        <mtriple>Alan_Bean | status | "Retired"</mtriple>
      </modifiedtripleset>
      <lex comment="good" lid="Id1">Alan Bean was born in Wheeler, Texas and is from the U.S. He graduated in 1955 from UT Austin with a B.S. He worked as a test pilot and for NASA in 1963. He spent 100305 minutes in space and is now retired.</lex>
      <lex comment="good" lid="Id2">Alan Bean is an American and was born in Wheeler, Texas. He graduated from UT at Austin in 1955 with a B.S. He worked as a test pilot and was chosen to work for NASA in 1963. Bean spent 100305 minutes in space, and he has since retired.</lex>
      <lex comment="good" lid="Id3">American Alan Bean was born in Wheeler, Texas. He graduated from UT Austin in 1955 with a B.S. and performed as a test pilot. He was chosen by NASA in 1963 and was in space 100305 minutes. He is retired now.</lex>
    </entry>
    </entries>
</benchmark>