{
    "Data": [
        {
            "Answer": {
                "Aliases": [
                    "Park Grove (1895)",
                    "York UA",
                    "Yorkish",
                    "UN/LOCODE:GBYRK",
                    "York, UK",
                    "Eoforwic",
                    "Park Grove School",
                    "York Ham",
                    "The weather in York",
                    "City of York",
                    "York, England",
                    "York, Yorkshire",
                    "York ham",
                    "County Borough of York",
                    "YORK",
                    "Eoferwic",
                    "Park Grove Primary School",
                    "York, North Yorkshire",
                    "Yoisk",
                    "York",
                    "York (England)"
                ],
                "MatchedWikiEntityName": "York",
                "NormalizedAliases": [
                    "york yorkshire",
                    "eoferwic",
                    "park grove primary school",
                    "park grove school",
                    "weather in york",
                    "park grove 1895",
                    "eoforwic",
                    "county borough of york",
                    "york uk",
                    "un locode gbyrk",
                    "city of york",
                    "york england",
                    "york ua",
                    "york ham",
                    "york",
                    "yorkish",
                    "yoisk",
                    "york north yorkshire"
                ],
                "NormalizedMatchedWikiEntityName": "york",
                "NormalizedValue": "york",
                "Type": "WikipediaEntity",
                "Value": "York"
            },
            "EntityPages": [
                {
                    "DocSource": "TagMe",
                    "Filename": "England.txt",
                    "Title": "England"
                },
                {
                    "DocSource": "TagMe",
                    "Filename": "Judi_Dench.txt",
                    "Title": "Judi Dench"
                }
            ],
            "Question": "Where in England was Dame Judi Dench born?",
            "QuestionId": "tc_3",
            "QuestionSource": "http://www.triviacountry.com/"
        }
    ],
    "Domain": "Wikipedia",
    "Split": "train",
    "VerifiedEval": false,
    "Version": 1.0
}