{"annotations": [{"image_id": "grraj", "subreddit": "abandoned", "url": "https://i.imgur.com/DXOdR.jpg", "caption": "my personal abandoned school urban exploration. abandoned due to asbestos and it is pretty much untouched", "raw_caption": "My personal abandoned school urban exploration. Abandoned due to asbestos and it is pretty much untouched (x-posted)", "score": 2, "author": "EntenEller", "created_utc": 1302998814, "permalink": "/r/abandoned/comments/grraj/my_personal_abandoned_school_urban_exploration/"}]}