<benchmark>
  <entries>
    <entry category="Food" eid="Id1" shape="(X (X) (X) (X))" shape_type="sibling" size="3">
      <originaltripleset>
        <otriple>Ajoblanco | country | Spain</otriple>
        <otriple>Ajoblanco | alias | "Ajo blanco"@en</otriple>
        <otriple>Ajoblanco | ingredient | Garlic</otriple>
      </originaltripleset>
      <modifiedtripleset>
        <mtriple>Ajoblanco | country | Spain</mtriple>
        <mtriple>Ajoblanco | alternativeName | "Ajo blanco"</mtriple>
        <mtriple>Ajoblanco | ingredient | Garlic</mtriple>
      </modifiedtripleset>
      <lex lang="en" lid="Id1">Ajoblanco, also know as "Ajo blanco" , is made with garlic and comes from Spain.</lex>
      <lex lang="ru" lid="Id1">Ахобланко, также известный как "ахобланко", сделан из чеснока и родом из Испании.</lex>
      <lex lang="en" lid="Id2">Ajoblanco (alternatively known as Ajo blanco) comes from Spain and has garlic as an ingredient.</lex>
      <lex lang="ru" lid="Id2">Ахобланко (также известный как ахобланко) родом из Испании и имеет чеснок как ингредиент.</lex>
      <lex lang="en" lid="Id3">Ajoblanco originates from Spain, is also called "Ajo blanco" and has garlic as one of it's ingredients.</lex>
      <lex lang="ru" lid="Id3">Ахобланко родом из Испании, также называется Ахобланко и имеет чеснок как один из ингредиентов.</lex>
      <dbpedialinks>
        <dbpedialink direction="en2ru">Ajoblanco | sameAs | Ахобланко</dbpedialink>
        <dbpedialink direction="en2ru">Spain | sameAs | Испания</dbpedialink>
        <dbpedialink direction="en2ru">Garlic | sameAs | Чеснок</dbpedialink>
      </dbpedialinks>
      <links>
        <link direction="en2ru">Ajo blanco | sameAs | ахобланко</link>
      </links>
    </entry>
    </entries>
</benchmark>