{
    "cloze_data": [
        {
            "question": "আনন্দ চন্দ্ৰ বৰুৱা (Ananda Chandra Barua; ১৯০৭- ১৯৮৩) এগৰাকী অসমীয়া সাহিত্যিক। তেখেতক বকুল বনৰ কবি নামেৰে জনা যায়। কলেজীয়া দিনৰেপৰা কবিতা লিখিবলৈ আৰম্ভ কৰা বৰুৱাৰ প্ৰথম কবিতা লক্ষ্মীনাথ বেজবৰুৱা সম্পাদিত 'বাঁহী'ত প্ৰকাশ পায়। সাংবাদিকতা আৰু শিক্ষকতাও কৰা বৰুৱাক ১৯৬৯ চনৰ অসম সাহিত্য সভাৰ <MASK> অধিবেশনৰ সভাপতি নিৰ্বাচন কৰা হৈছিল। ১৯৭০ চনত তেখেতক পদ্মশ্ৰী উপাধি প্ৰদান কৰা হৈছিল।",
            "answer": "বৰপেটা",
            "category": "LOC",
            "title": "আনন্দ চন্দ্ৰ বৰুৱা",
            "options": [
                "যোৰহাট",
                "কৰাচী",
                "মৰাণ",
                "বৰপেটা"
            ]
        },
        {
            "question": "<MASK> আৰু তাক কেন্দ্ৰ কৰি চাৰিওফালে প্ৰদক্ষিণ কৰি থকা ৮ টা গ্ৰহ ক্ৰমে বুধ, শুক্ৰ, পৃথিৱী, মঙ্গল, বৃহস্পতি, শনি গ্ৰহ, ইউৰেনাছ, আৰু নেপচুন লগেতে সিহঁতৰ উপগ্ৰহসমূহ, গ্ৰহবোৰৰ মাজত অৱস্থান কৰি থকা অসংখ্য গ্ৰহাণু, লগতে সূৰ্য্যৰ লগত মহাকৰ্ষণ শক্তিৰ বলত বান্ধ খাই ইয়াক প্ৰদক্ষিণ কৰি থকা সকলো মহাজাগতিক পদাৰ্থক একেলগে সৌৰজগত (Solar System) বোলে। আজিৰ পৰা প্ৰায় ৪.৬ বিলিয়ন বছৰৰ পূৰ্বে এক বৃহৎ আণৱিক ডাৱৰৰ খুন্দাৰ ফলত সৌৰজগতৰ সৃষ্টি হৈছিল। সূৰ্য ইয়াৰ সকলো সদস্যৰ সৈতে প্ৰায় কাঁহী আকাৰত আছে যাক “ইক্লিপ্টিক প্লে’ন”  বুলি কোৱা হয়। ইক্লিপ্তিক প্লে’নৰ মূঠ ভৰৰ অধিকাংশ অধিকাৰ কৰি থকা গ্ৰহ কেইটাই প্ৰায় বৃত্তকাৰ কক্ষপথেৰে সূৰ্য্যক প্ৰদক্ষিণ কৰে।",
            "answer": "সূৰ্য",
            "category": "LOC",
            "title": "সৌৰজগত",
            "options": [
                "পৃথিৱী",
                "শুক্ৰ",
                "সূৰ্য",
                "গ্ৰহাণু"
            ]
        },
        {
            "question": "সূৰ্যকুমাৰ ভূঞা (Surjya Kumar Bhuyan)(১৮৯৪-১৯৬৪) <MASK>ৰ এজন প্ৰ্সিদ্ধ গল্পকাৰ,  প্ৰবন্ধকাৰ, কবি, বুৰঞ্জীবিদ তথা শিক্ষক আছিল। তেখেতে অসমীয়া সাহিত্য জগতত গল্প, প্ৰবন্ধ, জীৱনী আদি লিখি সমৃদ্ধিশালী কৰি থৈ গৈছে। তেখেত অসম চৰকাৰৰ বুৰঞ্জী আৰু পুৰাতত্ব বিভাগৰ অন্যতম প্ৰতিষ্ঠাপক, ১৯৫৩ চনৰ অসম সাহিত্য সভাৰ সভাপতি হয় আৰু ১৯৫৬ চনত ভাৰত চৰকাৰৰ পৰা পদ্মশ্ৰী বঁটাৰে  সন্মানিত হয়। ১৯৫২-৫৩ চনত ৰাজ্যসভালৈ নিৰ্বাচিত হয়। নগাওঁ জিলা বিভাজনৰ আগতে এই জিলাৰ পৰা অসম সাহিত্য সভালৈ নিৰ্বাচিত হোৱা সূৰ্যকুমাৰ ভূঞা আছিল সৰ্বপ্ৰথম ব্যক্তি।",
            "answer": "অসম",
            "category": "ORG",
            "title": "সূৰ্যকুমাৰ ভূঞা",
            "out_of_context_options": [
                "নাইজেৰিয়াৰ"
            ],
            "options": [
                "কলিকতা",
                "ৰাজ্যসভা",
                "নাইজেৰিয়াৰ",
                "অসম"
            ]
        },
        {
            "question": "ঢেঁকীয়াপতীয়া বাঘ (Bengal tiger, বৈজ্ঞানিক নাম: Panthera tigris tigris) বাঘৰ এটা প্ৰখ্যাত উপপ্ৰজাতি৷ শেহতীয়া তথ্য অনুসৰি ভাৰতত  ইয়াৰ জনসংখ্যা ১,৭০৬-১,৯০৯ টা, <MASK>ত ৪৪০ টা, নেপালত ১৬৩-২৫৩ টা আৰু ভূটানত প্ৰায় ৬৭-৮১ টা৷ ২০০০ চনত আই.ইউ. চি. এনে ঢেঁকীয়াপতীয়া বাঘক সংকটাপন্ন প্ৰজাতি (endangered species) বুলি স্বীকৃতি দিছে৷ ৷ ভাৰত আৰু বাংলাদেশ দুয়ো দেশতে ঢেঁকীয়াপতীয়া বাঘক ৰাষ্ট্ৰীয় প্ৰাণীৰূপে গণ্য কৰা হয়৷",
            "answer": "বাংলাদেশ",
            "category": "ORG",
            "title": "ঢেঁকীয়াপতীয়া বাঘ",
            "options": [
                "শ্ৰীলংকা",
                "বাংলাদেশ",
                "ভূটান",
                "বাংলাদেশৰ"
            ]
        },
        {
            "question": "মানৰ অসম আক্ৰমণ (ইংৰাজী ভাষা:Burmese Invasions of Assam) বুলিলে ১৮১৭ চনৰ পৰা ১৮২৬ চনৰ ভিতৰত ব্ৰহ্মদেশৰ (এতিয়াৰ <MASK>) সৈন্যই অসমত তিনিবাৰ কৰা আক্ৰমণক বুজায়। ইয়াৰ ফলত ১৮২১ চনৰ পৰা ১৮২৫ চনলৈ আহোম ৰাজ্য বৰ্মদেশৰ তলতীয়া আছিল। অসমীয়া লোকে এই সময়ছোৱাক মানৰ দিন আৰু মণিপুৰীসকলে Chahi-Taret Khuntakpa (ধ্বংসৰ সাত বছৰ) বুলি কয়। এই আক্ৰমণে অসমত আহোম ৰাজ্যৰ ৬০০ বছৰীয়া শাসনৰ ওৰ পেলায়। গণহত্যা আৰু ভয়ত প্ৰবজনৰ ফলত ৰাজ্যৰ গাঁথনি সোলোক-ধোলোক হৈ পৰে। আগতে অসমত উপনিবেশ পাতিবলৈ বৰকৈ মন নকৰা ব্ৰিটিছসকলৰ লগত মানৰ যুঁজ হয়। প্ৰথম ইংগো-বৰ্মী যুদ্ধৰ পাছত ব্ৰিটিছে অসমৰ লগতে ব্ৰহ্মদেশো সামৰি লয়।",
            "answer": "ম্যানমাৰ",
            "category": "ORG",
            "title": "মানৰ অসম আক্ৰমণ",
            "out_of_context_options": [
                "বিজেপি"
            ],
            "options": [
                "বিজেপি",
                "ম্যানমাৰ",
                "অসম",
                "কলিকতা"
            ]
        },
        {
            "question": "মহাপুৰুষ শ্ৰী শ্ৰী <MASK>ৰ গাৰ বদলেৰে তিতা চোমধৰৰ পুত্ৰ শ্ৰী বদলা পদ্ম আতাই বৰনদীৰ পৰা ব্ৰহ্মকুণ্ডলৈকে উজনিৰ ধৰ্মাচাৰ্যৰ দায়িত্ব পাইছিল।  তেওঁ নাৰায়ণপুৰৰ পিঠিকটা মুকুণ্ডৰ ফুলনিবাৰীত শ্ৰীশ্ৰী ফুলনিথান আৰু জমদগ্নী ব্ৰাহ্মণৰ পৰা এটোলা সোণৰ বিনিময়ত কিনাভেটিত ১৬৩৬ চনত শ্ৰীশ্ৰী বদলা সত্ৰ স্থাপন কৰে।",
            "answer": "মাধৱদেৱ",
            "category": "PER",
            "title": "বদলা পদ্ম আতা সত্ৰ",
            "out_of_context_options": [
                "চুহুন্মুঙ"
            ],
            "options": [
                "শংকৰ",
                "মাধৱ",
                "মাধৱদেৱ",
                "চুহুন্মুঙ"
            ]
        },
        {
            "question": "পাঁচবছৰ বয়সতে কটন কলেজিয়েট হাইস্কুলত গীত গাই ভূপেন হাজৰিকাই সাহিত্যৰথী লক্ষ্মীনাথ বেজবৰুৱাৰ আশীৰ্বাদ লাভ কৰিছিল। ড॰ হাজৰিকাৰ প্ৰকৃত শিল্পী জীৱনৰ আৰম্ভণি হয় <MASK>ত। তেজপুৰত থকা সময়ত তেওঁ অসমীয়া সাংস্কৃতিক জগতৰ বাটকটীয়া শিল্পী ৰূপকোঁৱৰ জ্যোতিপ্ৰসাদ আগৰৱালা, কলাগুৰু বিষ্ণুপ্ৰসাদ ৰাভা আৰু নটসূৰ্য ফণী শৰ্মাৰ সান্নিধ্যৰে অনুপ্ৰাণিত হৈছিল। ১৯৩৬ চনত তেওঁলোকেই দহবছৰীয়া ভূপেন হাজৰিকাক কলিকতালৈ নি চেনোলা মিউজিকেল প্ৰডাক্ট কোম্পানীত 'শোণিত কুঁৱৰী' আৰু 'জয়মতী' নাটক দুখনৰ গীত বাণীবদ্ধ কৰায়। একে সময়তে বিষ্ণু ৰাভাই স্বৰচিত 'উলাহতে নাচিবাগি হ'লি বিয়াকুল' আৰু 'কাষতে কলচী লৈ' গীত দুটিও বাণীবদ্ধ কৰোৱায়। ১৯৩৯ চনত জ্যোতিপ্ৰসাদ আগৰৱালাৰ ইন্দ্ৰমালতী ছবিৰ নেপথ্য গায়ক হিচাবে প্ৰচুৰ জনপ্ৰিয়তা অৰ্জন কৰে।",
            "answer": "তেজপুৰ",
            "category": "LOC",
            "title": "ভূপেন হাজৰিকা",
            "options": [
                "শদিয়া",
                "ধুবুৰী",
                "মুম্বাই",
                "তেজপুৰ"
            ]
        },
        {
            "question": "নিৰ্মাণ শৈলী বিশ্লেষণ কৰি মদন কামদেৱ দেৱালয় পাল ৰাজবংশৰ অৱদান বুলি নিৰ্ণয় কৰা হৈছে। এই ৰাজবংশটোৱে দশম শতিকাৰ (৯৯০ খৃঃ) পৰা দ্বাদশ শতিকাৰ মাজভাগলৈ কামৰূপত শাসন কৰিছিল। প্ৰথমে তেওঁলোকৰ ৰাজধানী আছিল <MASK>ত, অৰ্থাৎ বৰ্তমানৰ গুৱাহাটীত। ৰজা ধৰ্মপালে ৰাজত্বৰ অন্তিম ভাগত প্ৰদান কৰা পুষ্পভদ্ৰা তাম্ৰলিপিত  তেওঁৰ ৰাজধানী কামৰূপ নগৰী বুলি উল্লেখ কৰিছে। এই তাম্ৰলিপিখন উত্তৰ গুৱাহাটীত পোৱা গৈছে। সম্ভৱতঃ তেওঁ ৰাজধানী প্ৰাগজ্যোতিষপুৰৰ পৰা কামৰূপ নগৰীলৈ স্থানান্তৰ কৰিছিল। বৰ্তমানৰ উত্তৰ গুৱাহাটী আৰু তাৰ আশে পাশে পোৱা অসংখ্য দুৰ্গ, ৰাষ্টা-ঘাট, ভৱন, মন্দিৰ, শিলালিপি আদিৰ ভগ্নাৱশেষৰ বাবে বুৰঞ্জীবিদসকলে উত্তৰ গুৱাহাটীকে তাহানিৰ কামৰূপ নগৰী বুলি থাৱৰ কৰিছে। মদন কামদেৱো কামৰূপ নগৰীৰে এটা অংশ আছিল।",
            "answer": "প্ৰাগজ্যোতিষপুৰ",
            "category": "LOC",
            "title": "মদন কামদেৱ দেৱালয়",
            "out_of_context_options": [
                "গোলাঘটীয়া"
            ],
            "options": [
                "হয়গ্ৰীৱ",
                "গোলাঘটীয়া",
                "গুৱাহাটী",
                "প্ৰাগজ্যোতিষপুৰ"
            ]
        },
        {
            "question": "চিলাপথাৰৰ মাজেৰে অৰুণাচলৰ আলং, ডাপৰিজো, বাচাৰ আদি ঠাইলৈ যাব লগা হয়। জোনাই, পাছিঘাট আদি অঞ্চললৈ চিলাপথাৰৰ পৰা পোনপটীয়া যাতায়তৰ ব্যৱস্থা আছে। দেশৰ অন্য প্ৰান্তৰ লগত ৰেল যোগাযোগৰ ব্যৱস্থা আছে । চিলাপথাৰৰ পৰা আকাশী পথেৰে যাব বিছাৰিলে সমীপবৰ্তী <MASK> জিলাৰ লীলাবাৰী বিমানবন্দৰেৰে সুবিধা আছে।ধেমাজি জিলাৰ বানপানীৰ সমস্যাৰ বাবে বাৰিষা কালত যাতায়ত ব্যৱস্থা ব্যাহত হয় যদিও বানপানীৰ সৃষ্টিকাৰক নদীবোৰ খৰস্ৰোতা পাহাৰীয়া নদীহোৱা হেতুকে কম সময়ৰ ব্যৱধানত পথ সমূহেৰে পুণৰ যাতায়ত কৰিব পৰা হয়।",
            "answer": "লখিমপুৰ",
            "category": "LOC",
            "title": "চিলাপথাৰ",
            "options": [
                "ব্ৰহ্মপুত্ৰ",
                "গুৱাহাটী",
                "ডিব্ৰুগড়",
                "লখিমপুৰ"
            ]
        },
        {
            "question": "বৰ্তমান বুলবুলি চৰাইৰ যুঁজ অসমৰ <MASK> অঞ্চলত ( বিশেষকৈ সোণাৰীটোলা আৰু ভৰালীটোলা গাঁও ) প্ৰচলিত হোৱা দেখা যায়। অৱশ্যে মাজে মাজে জীৱ-জন্তু প্ৰেমী সংগঠন সমূহে এই যুঁজৰ ব্যাপক সমালোচনা কৰাও দেখা যায়।",
            "answer": "হাজো",
            "category": "LOC",
            "title": "মাঘ বিহু",
            "options": [
                "সৰভোগ",
                "হাজো",
                "তিতাবৰ",
                "ৰংঘৰ"
            ]
        },
        {
            "question": "যোৰহাট চিকিৎসা মহাবিদ্যালয় <MASK>ৰ যোৰহাট জিলাৰ সদৰ যোৰহাট মহানগৰৰ প্ৰায় তিনি কি.মি. দূৰত অৱস্থিত। অসমৰ ৰাজধানী গুৱাহাটীৰ পৰা যোৰহাটলৈ দিনৰ আৰু ৰাতিৰ বাছ পোৱা যায়, পথ প্ৰায় ৬ ঘন্টাৰ। যোৰহাটৰ ৰৰৈয়া বিমানকোঠলৈ গুৱাহাটী আৰু কলকাতাৰপৰা বিমানৰ সংযোগ আছে। ৰেলপথেৰে গুৱাহাটীৰ পৰা যোৰহাট ৰেলৱে ষ্টেচন আৰু ওচৰৰ মৰিয়নিলৈকে প্ৰত্যক্ষ ৰেল সংযোগ পোৱা যায়। যোৰহাটৰপৰা ইয়ালৈ মহাবিদ্যালয়ৰ বাছ আৰু ব্যক্তিগত অট'ৰিক্সা পোৱা যায়।",
            "answer": "অসম",
            "category": "ORG",
            "title": "যোৰহাট চিকিৎসা মহাবিদ্যালয়",
            "out_of_context_options": [
                " আমেৰিকাকে"
            ],
            "options": [
                "নাগালেণ্ড",
                " আমেৰিকাকে",
                "অসম",
                "কলকাতা"
            ]
        },
        {
            "question": "চেপ্তেম্বৰ ২০১৪ চনত ছি এক আনুষ্ঠানিক ভ্ৰমণত <MASK>লৈ গ'ল, তাত তেওঁ ভাৰতৰ প্ৰধানমন্ত্ৰী নৰেন্দ্ৰ মোডীক লগ ধৰিলে। নতুন দিল্লী ভ্ৰমণ কৰাৰ লগতে তেওঁ গুজৰাটত মোডীৰ গৃহ চহৰলৈও গ'ল। নৱেম্বৰ ২০১৪ চনত ছি অষ্ট্ৰেলিয়ালৈ গ'ল আৰু প্ৰধানমন্ত্ৰী ট'নি এবটক লগ ধৰিলে। তাৰ পিছত তেওঁ দ্বীপ ৰাষ্ট্ৰ ফিজিলৈ গ'ল। ছি জিনপিঙে এপ্ৰিল ২০১৫ চনত পাকিস্তান ভ্ৰমণ কৰিলে। তাত তেওঁ চীন-পাকিস্তান অৰ্থনৈতিক কৰিডৰৰ বিকাশৰ বিষয়ে আলোচনা কৰিলে। তাৰ পিছত ছিয়ে ৰাছিয়া ভ্ৰমণ কৰিলে। ৰাছিয়াত ছিক মিত্ৰ শক্তিৰ বিজয়ক স্মৰণ কৰি অনুষ্ঠিত কৰা ৭০ সংখ্যক মস্ক' ভিক্টৰি দে' পেৰেডত ৰাষ্ট্ৰপতি ভ্লাডিমিৰ পুটিনৰ \"গেষ্ট অৱ অ'নাৰ\"ৰ সন্মান দিয়া হ'ল।",
            "answer": "ভাৰত",
            "category": "ORG",
            "title": "ছি জিনপিং",
            "options": [
                "জাপান",
                "ম্যানমাৰ",
                "চীন",
                "ভাৰত"
            ]
        },
        {
            "question": "লাজুকী বান্দৰ () প্ৰধানতঃ ভাৰত উপমহাদেশ তথা <MASK>ত পোৱা বান্দৰৰ এটা প্ৰজাতি৷ সমগ্ৰ বিশ্বত পোৱা অন্যান্য পাঁচটা লাজুকী বান্দৰৰ প্ৰজাতিৰ ভিতৰত এই প্ৰজাতিটোয়ে আটাইতকৈ বহুলভাৱে বিস্তৃত ৷ এই জন্তুবিধৰ মুৰটো ঘুৰণীয়া, সমতল মুখমণ্ডল, বৃহৎ চকু, ক্ষুদ্ৰাকৃতিৰ কাণ তথা নোমাল দেহ ইয়াৰ দেহৰ প্ৰধান বৈশিষ্ট্য৷",
            "answer": "ইণ্ডোনেচিয়া",
            "category": "ORG",
            "title": "লাজুকী বান্দৰ",
            "options": [
                "থাইলেণ্ড",
                "ইণ্ডোনেচিয়া",
                "নাগালেণ্ড",
                "মিজোৰাম"
            ]
        },
        {
            "question": "পানীৰ এই উৎসবোৰৰ কাষত বাস কৰা গাঁওবাসীয়ে মাজে-সময়ে সমূহীয়াকৈ পাৰবোৰ বান্ধি জলজ উদ্ভিদবোৰ চাফা কৰিলে <MASK>ৰ কিৰণ পানীৰ গভীৰলৈ যাব আৰু তাৰ জৰিয়তে বিল-জলাশয়বোৰক আৰু উৎপাদনক্ষম কৰিব পাৰি৷",
            "answer": "সূৰ্য",
            "category": "LOC",
            "title": "অসমৰ আৰ্দ্ৰভূমি",
            "options": [
                "কাজিৰঙা",
                "সূৰ্য",
                "নদী",
                "মাজুলী"
            ]
        },
        {
            "question": "<MASK> — মণিপুৰত আইএলপি প্ৰচলন কৰাৰ বিধেয়কখন মণিপুৰ চৰকাৰে ২০১৮ চনত প্ৰৱৰ্তন কৰিছিল। ৰাষ্ট্ৰপতিৰ সম্মতি নোপোৱাৰ বাবে বিধেয়ক গৃহীত নহ'ল। পুণৰাই ইনাৰ লাইন পাৰ্মিটত মণিপুৰৰ অন্তৰ্ভুক্তিক ১০ ডিচেম্বৰ ২০১৯ত ঘোষণা কৰা হয় আৰু ২০২০ চনৰ ১ জনুৱাৰীৰ পৰা মণিপুৰ চৰকাৰে আইএলপি জাৰি কৰা আৰম্ভ কৰে।",
            "answer": "মণিপুৰ",
            "category": "ORG",
            "title": "ইনাৰ লাইন পাৰ্মিট",
            "options": [
                "নাগালেণ্ড",
                "অসম",
                "মেঘালয়",
                "মণিপুৰ"
            ]
        },
        {
            "question": "উত্তৰ মহাসাগৰৰ প্ৰায় সমগ্ৰ অংশ <MASK> আৰু উত্তৰ আমেৰিকা মহাদেশ দ্বাৰা পৰিবেষ্টিত। বছৰৰৰ অধিকাংশ সময় এই মহাসাগৰৰ অংশবিশেষ সামুদ্ৰিক বৰফে ঢাকা খাই থাকে।",
            "answer": "ইউৰেছিয়া",
            "category": "LOC",
            "title": "উত্তৰ মহাসাগৰ",
            "options": [
                "সুমেৰু",
                "ইউৰেছিয়া",
                "পৃথিৱী",
                "মহাসাগৰ"
            ]
        },
        {
            "question": "ইন্দ্ৰাণী ন বছৰ বয়সত তেওঁৰ মাকৰ সংস্থাত নৃত্য শিকিবলৈ লৈছিল আৰু <MASK> তথা ইউৰোপ ভ্ৰমণত তেওঁৰ লগত আহিছিল। পেচাগতভাবে, তেওঁ প্ৰথমত ভাৰত নাট্যমৰ দ্বাৰা আৰাম্ভ কৰিছিল, ১৯৪০-ৰ দহকত গুৰু চককলিংম পিল্লাই (১৮৯৩-১৯৬৮) ৰ পৰা ভাৰত নাট্যমৰ পাণ্ডানলুৰ ষ্টাইল শিকিছিল। অতি সোনকালে তেওঁ বিজয়ৱাদাত আছিল, কোৰাদা নৰচিমহা ৰাওৰ লগত কুচিপুড়ি শিকিছিল, যাৰ লগত তেওঁ পৰবৰ্তীকালত বিশ্বৰ বহু ঠাইত ভ্ৰমণ কৰিছিল।",
            "answer": "আমেৰিকা",
            "category": "ORG",
            "title": "ইন্দ্ৰাণী ৰহমান",
            "options": [
                "পদ্মশ্ৰী",
                "নিউয়ৰ্ক",
                "আমেৰিকা",
                "নিউয়ৰ্কত"
            ]
        },
        {
            "question": "পোনপ্ৰথমে সমগ্ৰ উত্তৰ-পূৰ্বাঞ্চল সাঙুৰি অবিভক্ত অসম SEBAৰ কৰ্মপৰিসৰ আছিল। পাছলৈ বিভিন্ন সময়ত অসমৰপৰা ফাটি <MASK>, নাগালেণ্ড, মণিপুৰ, মিজোৰাম, ত্ৰিপুৰা আৰু অৰুণাচল প্ৰদেশ গঠন হোৱাত আৰু প্ৰতি ৰাজ্যৰ নিজৰ শিক্ষা পৰিষদ গঠন হোৱাত SEBAৰ কৰ্মপৰিসৰ হ্ৰাস পায় আৰু বৰ্তমানৰ অসম ৰাজ্যত ই কাম-কাজ চলাই নিয়ে।",
            "answer": "মেঘালয়",
            "category": "ORG",
            "title": "অসম মাধ্যমিক শিক্ষা পৰিষদ",
            "options": [
                "ত্ৰিপুৰা",
                "মিজোৰাম",
                "মেঘালয়",
                "মণিপুৰ"
            ]
        },
        {
            "question": "দৰং জিলা (Darrang District) <MASK>ৰ অসম ৰাজ্যৰ সাতাইশখন জিলাৰ ভিতৰত এখন। মঙ্গলদৈ ইয়াৰ সদৰ স্থান। ১৯৮৩ চনত অবিভক্ত দৰং জিলাৰ বিভাজন হয় আৰু তেজপুৰ মহকুমাক লৈ শোণিতপুৰ জিলা গঠন হয়। পূৰ্বৰ মঙ্গলদৈ মহকুমাক দৰং জিলা নাম দিয়া হয়। ২০০৪ চনত পুনৰ দৰং জিলাৰ এটা অংশৰ পৰা ওদালগুৰি জিলা গঠন কৰা হয়। দৰং জিলাই বৰ্তমান ৩৪৮১ বৰ্গ কিলোমিটাৰ ঠাই অধিকাৰ কৰি আছে।",
            "answer": "ভাৰত",
            "category": "ORG",
            "title": "দৰং জিলা",
            "out_of_context_options": [
                "নাগালেণ্ড"
            ],
            "options": [
                "অসম",
                "নাগালেণ্ড",
                "ভাৰত",
                "নেপাল"
            ]
        },
        {
            "question": "<MASK>ৰ বুকুত নদী, উপনৈ, জান, জুৰি, লুইতৰ পৰা বৰাকলৈ, দিখৌৰ পৰা সোৱণশিৰিলৈ এই নদ-নদী বোৰ অসমৰ মানুহৰ সভ্যতা-সংস্কৃতিৰ বাবে বৰ মূল্যবান। অসমৰ সৰু-বৰ বহুত নৈত পানীৰদ্বাৰা ভালে মান জলসিঞ্চন আৰু খোৱা পানী যোগান আঁচনি কাৰ্য্যকৰি কৰা হৈছে। বৰ্ত্তমান বহুত নদ-নদী অতি অৱহেলিত অৱস্থাত আছে। বৰ্ত্তমান নদীৰ কাম যেন সমস্ত আৱৰ্জনা কাঢ়িওৱাটোহে। ঘৰ-বাৰী সঁজা, বাট-পদূলি বন্ধাৰ ওপৰিও খেতিৰ বাবে ব্যৱহাৰ কৰি বহুত সৰুসুৰা নৈ-বিল নিচিহ্ন কৰাত প্ৰাকৃতিক ভাৰসাম্য হেৰাই গৈছে ফলত পৰিবেশৰ ওপৰত হেঁচা পৰিছে। অসমত সকলো প্ৰকাৰৰ নৈ পোৱা যায়। নদীসমুহৰ কাৰিকৰী তথা বিজ্ঞানভিত্তিক গৱেষণাৰ বাবে অসমখন সৰ্বো্‍তকৃষ্ট প্ৰাকৃতিক কৰ্মশালা।",
            "answer": "অসম",
            "category": "ORG",
            "title": "অসমৰ নদীসমূহৰ তালিকা",
            "out_of_context_options": [
                "ছুইজাৰলেণ্ড"
            ],
            "options": [
                "নাগালেণ্ড",
                "ছুইজাৰলেণ্ড",
                "অসম",
                "চীন"
            ]
        }
    ]
}