[{"body": "A blackjack dealer and a player with a thirteen count in his hand\nwere arguing about whether or not it was appropriate to tip the\ndealer.\n\nThe player said, \"When I get bad cards, it's not the dealer's fault.\nAccordingly, when I get good cards, the dealer obviously had nothing\nto do with it so, why should I tip him?\"\n\nThe dealer said, \"When you eat out do you tip the waiter?\"\n\n\"Yes.\"\n\n\"Well then, he serves you food, I'm serving you cards, so you should\ntip me.\"\n\n\"Okay, but, the waiter gives me what I ask for. I'll take an eight.\"", "category": "Children", "id": 1, "rating": 2.63}, {"body": "At a dinner party, several of the guests were arguing whether men or women were more trustworthy. 'No woman,' said one man, scornfully, 'can keep a secret.' 'I don't know about that,' answered a blonde woman guest. 'I have kept my age a secret since I was twenty-one.' 'You'll let it out some day,' the man insisted. 'I hardly think so!' responded the blonde lady. 'When a woman has kept a secret for twenty-seven years, she can keep it forever.'", "category": "Blonde Jokes", "id": 2, "rating": 2.57}, {"body": "One day this cop pulls over a blonde for speeding. The cop gets out of his car and asks the blonde for her license.''You cops should get it together. One day you take away my license and the next day you ask me to show it.''", "category": "Blonde Jokes", "id": 3, "rating": 3.09}, {"body": "Three women are about to be executed for crimes. One's a brunette, one's a redhead, and one's a blonde.Two guards brings the brunette forward, and the executioner asks if she has any last requests. She says no, and the executioner shouts, \"Ready . . . Aim . . .\"Suddenly the brunette yells, \"earthquake!!\" Everyone is startled and looks around. She manages to escape.The angry guards then bring the redhead forward, and the executioner asks if she has any last requests. She says no, and the executioner shouts, \"Ready . . . Aim . . .\"The redhead then screams, \"tornado!!\" Yet again, everyone is startled and looks around. She too escapes execution.By this point, the blonde had figured out what the others did. The guards bring her forward, and the executioner asks if she has any last requests. She also says no, and the executioner shouts, Ready . . . Aim . . .\"The blonde shouts, \"fire!!\"", "category": "Blonde Jokes", "id": 4, "rating": 4.1}, {"body": "A girl came skipping home FROM school one day. \"Mommy, Mommy,\" she yelled, \"we were counting today, and all the other kids could only count to four, but I counted to 10. See? 1, 2, 3, 4, 5, 6,7, 8, 9, 10!\" \"Very good,\" said her mother. \"Is it because I'm blonde, Mommy?\" \"Yes, Honey, it's because you're blonde.\" The next day the girl came skipping home FROM school. \"Mommy, Mommy,\" She yelled, \"we were saying the alphabet today, and all the other kids could only say it to D, but I said it to G. See? A,b, c, d, e, f, g!\" \"Very good,\" said her mother. \"Is it because I'm blonde, Mommy?\" \"Yes, Honey, it's because you're blonde.\" The next day the girl came skipping home FROM school. \"Mommy, Mommy,\" she yelled, \"we were in gym class today, and when we showered, all the other girls had flat chests, but I have these!\" And she lifted her tank top to reveal a pair of 36Cs. \"Very good,\" said her embarrassed mother. \"Is it because I'm blonde, mommy?\" \"No, Honey, it's because you're 25.\"", "category": "Blonde Jokes", "id": 5, "rating": 4.3}]