[{"body": "What do you call a cow with no legs?\r\n\r\nGround Beef!", "category": "Animal", "id": 1, "title": "Cow With No Legs"}, {"body": "What do you call a cow jumping over a barbed wire fence?\r\n\r\nUtter destruction.", "category": "Animal", "id": 2, "title": "Jumping Cow"}, {"body": "What's black and white and red all over?\r\n\r\nA newspaper.", "category": "Other / Misc", "id": 4, "title": "Black, White and Red"}, {"body": "So, this guy walks into a bar.\r\n\r\nAnd says, \"ouch\".", "category": "Bar", "id": 5, "title": "Guy in a Bar"}, {"body": "If the opposite of pro is con, isn't the opposite of progress, congress?", "category": "One Liners", "id": 6, "title": "Progress"}]