<benchmark>
  <entries>
    <entry category="Airport" eid="Id1" shape="(X (X))" shape_type="NA" size="1">
      <originaltripleset>
        <otriple>Abilene_Regional_Airport | cityServed | Abilene,_Texas</otriple>
      </originaltripleset>
      <originaltripleset>
        <otriple>Abilene_Regional_Airport | city | Abilene,_Texas</otriple>
      </originaltripleset>
      <modifiedtripleset>
        <mtriple>Abilene_Regional_Airport | cityServed | Abilene,_Texas</mtriple>
      </modifiedtripleset>
      <lex comment="good" lid="Id1">Abilene, Texas is served by the Abilene regional airport.</lex>
      <lex comment="good" lid="Id2">Abilene Regional Airport serves the city of Abilene in Texas.</lex>
    </entry>
    </entries>
</benchmark>