"Sebes, Joseph; Pereira Thomas (1961) (på eng). The Jesuits and the Sino-Russian treaty of Nerchinsk (1689): the diary of Thomas Pereira. Bibliotheca Instituti historici S. I., 99-0105377-3 ; 18. Rome. Libris 677492",94
"भारतीय स्वातन्त्र्य आन्दोलन राष्ट्रीय एवम क्षेत्रीय आह्वान, उत्तेजनासभ एवम प्रयत्नसँ प्रेरित, भारतीय राजनैतिक सङ्गठनद्वारा सञ्चालित अहिंसावादी आ सैन्यवादी आन्दोलन छल, जेकर एक समान उद्देश्य, अङ्ग्रेजी शासनक भारतीय उपमहाद्वीपसँ जडीसँ उखाड फेकनाई छल। ई आन्दोलनक शुरुआत १८५७ मे भेल सिपाही विद्रोहक मानल जाइत अछि। स्वाधीनताक लेल हजारो लोग अपन प्राणक बलि देलक। भारतीय राष्ट्रीय कांग्रेस १९३० कांग्रेस अधिवेशन मे अङ्ग्रेजसँ पूर्ण स्वराजक मांग केने छल।",84
"Après lo cort periòde d'establiment a Basilèa, tornèt a viatjar, venent un «sabent caminaire», . Sa preséncia es atestada a Colmar ont escriguèt sus la sifilis e Bertheonea sive chirurgia minor, manual per «legit» e interpretar los signes corporals, a Esslingen (aprigondèt sas coneissença en sciéncias ocultas), Nurembèrg (novembre de 1529: faguèt la coneissénça del mistic Sébastien Franck, Beratzhausen (1530: comencèt a escriure de la teologia e lo Paragranum), Sankt Gallen (1531: acabèt Liber paramirum), Appenzell (1533), Sterzing (1534 : sonhava de la pèsta), Merano, Sant Moritz, Pfäffers (Bad Ragaz), Ulm, Augsborg (1536), Munic, Eferding (1537), Kromau (en Moràvia: escriguèt son Astronomia magna), Viena (1537-1538, lo recebèt Ferrand I del Sant Empèri, rei de Boèlia e d'Ongria, rei dels Romans), Villach (mai de 1538). En païses minièrs (val d’Inn), a Appenzell, escriguèt sus las malautiás dels minors (1533); dins las vilas d’aigas (coma Pfäffers) estudièt los benfachs de las aigas termalas (1535), fondant atal la medecina professionala e la balneoterapia.",177
ถนนเจริญกรุง (อักษรโรมัน: Thanon Charoen Krung) เริ่มตั้งแต่ถนนสนามไชยถึงแม่น้ำเจ้าพระยาที่ถนนตก กรุงเทพมหานคร เป็นถนนรุ่นแรกที่ใช้เทคนิคการสร้างแบบตะวันตก ปัจจุบันผ่านพื้นที่เขตพระนคร เขตป้อมปราบศัตรูพ่าย เขตสัมพันธวงศ์ เขตบางรัก เขตสาทร และเขตบางคอแหลม,43
"Mudde 14, 2012tti, TNQ USA raxibacumab antiraaksii qilleensaan seenuu yaaluu akka limmoodhaan kennamu eeyyame. Raxibacumab antiibodii monoclonial kan summii Baasiles Antiraasisiin uummamu sana halaksiisa. Summiin kun tishuurratti miidhama hin fayyinee fi du'a fida. Antiibodii monoclonial kun pirootiinii antiibodii namaa fakkaatu yoo ta'u qaamota alaa nama keessa seenan kan akka baakteeriyaa fi vaayiresii barbaadanii balleessa.",211
