<benchmark>
  <entries>
    <entry category="Astronaut" eid="Id1" shape="(X (X) (X))" shape_type="sibling" size="2">
      <originaltripleset>
        <otriple>Alan_Bean | birthDate | "1932-03-15"</otriple>
        <otriple>Alan_Bean | status | "Retired"</otriple>
      </originaltripleset>
      <modifiedtripleset>
        <mtriple>Alan_Bean | birthDate | "1932-03-15"</mtriple>
        <mtriple>Alan_Bean | status | "Retired"</mtriple>
      </modifiedtripleset>
      <lex comment="good" lid="Id1">Alan Bean, who is now retired, was born on March 15th, 1932.</lex>
      <lex comment="good" lid="Id2">Born on March 15, 1932, Alan Bean has now retired.</lex>
      <lex comment="good" lid="Id3">Alan Bean, who has since retired, was born on May 15th, 1932.</lex>
      <lex comment="good" lid="Id4">Alan Bean was born on the 15th of March of 1932. He is currently retired.</lex>
    </entry>
    </entries>
</benchmark>