<benchmark>
  <entries>
    <entry category="Athlete" eid="Id1" shape="(X (X) (X))" shape_type="sibling" size="2">
      <originaltripleset>
        <otriple>Aaron_Boogaard | team | Wichita_Thunder</otriple>
        <otriple>Aaron_Boogaard | placeOfBirth | Saskatchewan</otriple>
      </originaltripleset>
      <modifiedtripleset>
        <mtriple>Aaron_Boogaard | club | Wichita_Thunder</mtriple>
        <mtriple>Aaron_Boogaard | birthPlace | Saskatchewan</mtriple>
      </modifiedtripleset>
      <lex comment="good" lid="Id1">Aaron Boogaard was born in Saskatchewan and his club is Wichita Thunder.</lex>
      <lex comment="good" lid="Id2">Aaron Boogaard was born in Saskatchewan and plays for Wichita Thunder.</lex>
      <lex comment="good" lid="Id3">Aaron Boogaard was born in Saskatchewan and played for Wichita Thunder club.</lex>
    </entry>
    </entries>
</benchmark>