[
    {
        "correctTitle": "titleC",
        "id": "193258",
        "sectionText": "விவிலியத்தில் பல இடங்கள் கிறித்தவ தன்விளக்கத்திற்கு ஆதாரமாகக் காட்டப்படுகின்றன:\n\"உங்கள் உள்ளத்தில் கிறிஸ்துவை ஆண்டவராகக் கொண்டு அவரைத் துயவரெனப் போற்றுங்கள். நீங்கள் எதிர்நோக்கி இருப்பதைக் குறித்து யாராவது விளக்கம் கேட்டால் விடையளிக்க நீங்கள் எப்பொழுதும் ஆயத்தமாய் இருங்கள்\" (1 பேதுரு 3:15)\n\nஇந்த விவிலியப் பகுதியில் கிறித்தவ தன்விளக்கம் என்பது கட்டாயமாகச் செய்யப்பட வேண்டிய ஒன்று என்னும் கருத்து தெரிகின்றது.\n\n[[எசாயா (நூல்)|எசாயா நூலில் வரும் ஒரு சொற்றொடொரும் கிறித்தவ தன்விளக்கத்திற்கு ஆதாரமாகக் காட்டப்படுகிறது. அங்கே கடவுள் தம் எதிரிகளை நோக்கி, \"வாருங்கள், இப்பொழுது நாம் வழக்காடுவோம்\" எனக் கூறுவதாக உள்ளது (எசாயா 1:18).\n\nமேலும், [[திருப்பாடல்கள் (நூல்)|திருப்பாடல்கள் நூலில்]] வருகின்ற\n\"வானங்கள் இறைவனின் மாட்சிமையை வெளிப்படுத்துகின்றன; வானவெளி அவர்தம் கைகளின் வேலைப்பாட்டை விவரிக்கின்றது\" (திருப்பாடல்கள் நூல் 19:1)\n\nஎன்னும் பகுதியும் கிறித்தவ மறை \"தன்விளக்கம்\" அளிக்க ஆதரவாகக் காட்டப்படுகிறது.\n\nதிருத்தூதர் பவுல் உரோமையருக்கு எழுதிய திருமுகத்தில் வருகின்ற ஒரு பகுதியும் இத்தகைய ஆதாரமாக உள்ளது:\n\"ஏனெனில் கண்களுக்குப் புலப்படா அவருடைய பண்புகள் - அதாவது, என்றும் நிலைக்கும் அவரது வல்லமையும் கடவுள் தன்மையும் - உலகப் படைப்பு முதல் அவருடைய செயல்களில் மனக் கண்களுக்குத் தெளிவாய்த் தெரிகின்றன. ஆகவே அவர்கள் சாக்குபோக்கு சொல்வதற்கு வழியே இல்லை\" (உரோமையர் 1:20)\n",
        "titleA": "நவீன காலத்தில் கிறித்தவ தன்விளக்கம்",
        "titleB": "குறிப்புகள்",
        "titleC": "கிறித்தவ தன்விளக்கத்திற்கு விவிலிய அடிப்படை",
        "titleD": "அறிவியல் அடிப்படை கிறித்தவ தன்விளக்கம்",
        "url": "https://ta.wikipedia.org/wiki?curid=193258"
    },
    {
        "correctTitle": "titleD",
        "id": "103538",
        "sectionText": "நிர்வாகத் தேவைகளுக்காக இலங்கை ஒன்பது மாகாணங்களாகவும் இருபத்தைந்து மாவட்டங்களாகவும் பிரிக்கப்பட்டுள்ளது.\n\nமாகாணங்கள்\n19 ஆம் நூற்றாண்டிலிருந்து இலங்கையில் மாகாணங்கள் (, ) காணப்பட்டாலும் அவற்றுக்கு சட்ட அங்கீகாரம் இருக்கவில்லை. எனினும், பல பத்தாண்டு கால அதிகாரப்பரவலாக்கல் கோரிக்கைகளைத் தொடர்ந்து, 1987ம் ஆண்டில் ஏற்படுத்தப்பட்ட 1978 அரசியலமைப்புக்கான 13ம் திருத்தம் மூலம் மாகாண சபைகள் உருவாக்கப்பட்டன. ஒவ்வொரு மாகாண சபையும் எந்த அமைச்சினாலும் கட்டுப்படுத்தப்படாத சுயாதீன அமைப்பாகும். இதன் சில செயற்பாடுகள் மைய அரசாங்க அமைச்சுக்கள், திணைக்களங்கள், கூட்டுத் தாபனங்கள் மற்றும் அதிகார சபைகள் என்பவற்றால் கையாளப்படுகின்றன. எனினும், காணி மற்றும் காவல் துறைக்கான அதிகாரங்கள் மாகாண சபைக்கு வழங்கப்படவில்லை. 1989 க்கும் 2006க்கும் இடையில், வடக்கு மற்றும் கிழக்கு மாகாணங்கள் தற்காலிகமாக இணைக்கப்பட்டு வட-கிழக்கு மாகாணமாக ஆக்கப்பட்டது. 1987க்கு முன், மாகாணங்களுக்கு உரிய நிர்வாக நடவடிக்கைகள் அனைத்தும் மாவட்ட அடிப்படையிலான நிர்வாகச் சேவையினால் கையாளப்பட்டன. இச்சேவை குடியேற்றக் காலத்திலிருந்து காணப்பட்டு வந்தது. தற்போது ஒவ்வொரு மாகாணமும் தேர்ந்தெடுக்கப்பட்ட மாகாண சபையினால் நிர்வகிக்கப்படுகிறது.\n\nமாவட்டங்களும் உள்ளூராட்சிச் சபைகளும்\n\nஇலங்கை 25 மாவட்டங்களாகப் ( ) பிரிக்கப்பட்டுள்ளது. ஒவ்வொரு மாவட்டமும் மாவட்டச் செயலகத்தினால் நிர்வகிக்கப்படுகின்றது, மாவட்டங்கள் 256 பிரதேச செயலகங்களாகவும், மேலும் 14.008 கிராம சேவகர் பிரிவுகளாகவும் பிரிக்கப்பட்டுள்ளன. மாவட்டங்கள் சிங்களத்தில் \"திசா\" என அழைக்கப்படும். \"மாவட்டச் செயலாளர்\" என அழைக்கப்படும் அரசாங்க அதிபரால் மாவட்டம் நிர்வகிக்கப்படும்.\n\nஇவற்றை விட மூன்று வகையான உள்ளூர் அதிகார மன்றங்கள் காணப்படுகின்றன. அவை, மாநகர சபைகள் (18), நகர சபைகள் (14) மற்றும் பிரதேச சபைகள் (256) என்பனவாகும். உள்ளூர் அதிகார மன்றங்கள், முற்கால \"கோரளை\" மற்றும் \"ரட\" ஆகிய மானியமுறைப் பிரிவுகள் அடிப்படையில் உருவாக்கப்பட்டன. இவை முன்னர் பிரதேச இறைவரி அதிகாரிப் பிரிவு என அறியப்பட்டன. பின்னர் இப்பிரிவு உதவி அரசாங்க அதிபர் பிரிவு என மாற்றப்பட்டது. தற்போது இப்பிரிவு பிரதேச செயலகம் என மாற்றப்பட்டு பிரதேச செயலாளரினால் நிர்வகிக்கப்படுகிறது.\n",
        "titleA": "அரசு",
        "titleB": "தாவரங்களும் விலங்குகளும்",
        "titleC": "அரசியல்",
        "titleD": "நிர்வாகப் பிரிவுகள்",
        "url": "https://ta.wikipedia.org/wiki?curid=103538"
    },
    {
        "correctTitle": "titleB",
        "id": "433029",
        "sectionText": "சமணத்தில் உள்ள ஐந்து சூளுரைகளில் ஒன்றாக கருத்தப்படும் இதை, ஸ்ராவகாஸ் (ஆண் சீடர்), ஸ்ராவிகாஸ் (பெண் சீடர்), துறவி ஆகியோர் கவனத்தில் கொள்ள வேண்டும். சமண இலக்கியமான, தத்துவார்த்சூத்ரத்தில், குறிப்பிட்டுள்ள இந்த சூளுரையின் 5 மீறல்கள் பின்வருமாறு: \"திருடத் தூண்டுதல், திருட்டுப் பொருட்களைப் பெறுதல், தவறான எடைகள் / அளவுகள் பயன்படுத்துதல், செயற்கையான / போலியான பொருட்களைக் கொண்டு மற்றவர்களை ஏமாற்றுதல். \n\nஇது ஸர்வார்த்தசித்தியில் பின்வருமாறு விளக்கப்பட்டுள்ளது:\n\n\"திருடத் தூண்டுதல் அல்லது திருட்டை அனுமத்தில் முதல் மீறலாகும். ஒருவருக்கு தெரிந்தோ தெரியாமலோ அவரிடமிருந்து திருட்டுப் பொருட்களைப் பெறுதல் இரண்டாவது மீறலாகும். தர்மத்திற்கு புறம்பாகவோ, பொருளின் விலையை விட குறைவான விலையிலோ வாங்குதல் மூன்றாவது மீறலாகும். தவறான எடை அல்லது அளவைக் கொண்டு பிறரை ஏமாற்றி பொருளை தறுதலோ பெறுதலோ நான்காவது மீறலாகும். செயற்கையான / போலியான பொருட்களைக் கொண்டு மற்றவர்களை ஏமாற்றுதல் ஐந்தாவது மீறலாகும். இவையே அஸ்தேயத்தின் 5 மீறல்களாகும்.\"\n\n\"- ஸர்வார்த்தசித்தி (7-27)\"\n",
        "titleA": "தொடர்புடைய கருத்துகள்",
        "titleB": "சமணம்",
        "titleC": "அப்பரிகிரஹவின் வித்தியாசம்",
        "titleD": "இந்து மதம்",
        "url": "https://ta.wikipedia.org/wiki?curid=433029"
    }
]