<benchmark>
  <entries>
    <entry category="University" eid="Id1" shape="(X (X (X)))" shape_type="chain" size="2">
      <originaltripleset>
        <otriple>1_Decembrie_1918_University,_Alba_Iulia | country | Romania</otriple>
        <otriple>Romania | anthem | Deșteaptă-te,_române!</otriple>
      </originaltripleset>
      <modifiedtripleset>
        <mtriple>1_Decembrie_1918_University | country | Romania</mtriple>
        <mtriple>Romania | anthem | Deșteaptă-te,_române!</mtriple>
      </modifiedtripleset>
      <lex comment="good" lid="Id1">1 Decembrie 1918 University is located in Romania where the anthem is Deșteaptă-te, române!</lex>
      <lex comment="good" lid="Id2">The 1 Decembrie 1918 University is in Romania whose national anthem is Deșteaptă-te, române!</lex>
    </entry>
    </entries>
</benchmark>