<benchmark>
  <entries>
    <entry category="Politician" eid="Id1" shape="(X (X) (X))" shape_type="sibling" size="2">
      <originaltripleset>
        <otriple>Aaron_S._Daggett | award | Purple_Heart</otriple>
        <otriple>Aaron_S._Daggett | battles | Battle_of_Salem_Church</otriple>
      </originaltripleset>
      <modifiedtripleset>
        <mtriple>Aaron_S._Daggett | award | Purple_Heart</mtriple>
        <mtriple>Aaron_S._Daggett | battles | Battle_of_Salem_Church</mtriple>
      </modifiedtripleset>
      <lex comment="good" lid="Id1">Aaron S Daggett fought in the Battle of Salem Church and was awarded the Purple Heart.</lex>
      <lex comment="good" lid="Id2">Aaron S. Daggett, fought in the Battle of Salem Church and was awarded the Purple Heart.</lex>
      <lex comment="good" lid="Id3">Aaron S Daggett, who fought in the Battle of Salem Church, was awarded the Purple Heart.</lex>
    </entry>
    </entries>
</benchmark>