<benchmark>
  <entries>
    <entry category="Artist" eid="Id1" shape="(X (X) (X (X) (X)))" shape_type="mixed" size="4">
      <originaltripleset>
        <otriple>Aaron_Bertram | associatedMusicalArtist | Kids_Imagine_Nation</otriple>
        <otriple>Aaron_Bertram | associatedActs | Suburban_Legends</otriple>
        <otriple>Suburban_Legends | bandMember | Brian_Robertson_(trombonist)</otriple>
        <otriple>Suburban_Legends | genre | Pop_music</otriple>
      </originaltripleset>
      <originaltripleset>
        <otriple>Aaron_Bertram | associatedMusicalArtist | Suburban_Legends</otriple>
        <otriple>Aaron_Bertram | associatedActs | Kids_Imagine_Nation</otriple>
        <otriple>Suburban_Legends | bandMember | Brian_Robertson_(trombonist)</otriple>
        <otriple>Suburban_Legends | genre | Pop_music</otriple>
      </originaltripleset>
      <originaltripleset>
        <otriple>Aaron_Bertram | associatedMusicalArtist | Kids_Imagine_Nation</otriple>
        <otriple>Aaron_Bertram | associatedBand | Suburban_Legends</otriple>
        <otriple>Suburban_Legends | bandMember | Brian_Robertson_(trombonist)</otriple>
        <otriple>Suburban_Legends | genre | Pop_music</otriple>
      </originaltripleset>
      <modifiedtripleset>
        <mtriple>Aaron_Bertram | associatedBand/associatedMusicalArtist | Kids_Imagine_Nation</mtriple>
        <mtriple>Aaron_Bertram | associatedBand/associatedMusicalArtist | Suburban_Legends</mtriple>
        <mtriple>Suburban_Legends | bandMember | Brian_Robertson_(trombonist)</mtriple>
        <mtriple>Suburban_Legends | genre | Pop_music</mtriple>
      </modifiedtripleset>
      <lex comment="good" lid="Id1">Aaron Bertram plays for the Kids Imagine Nation band and the pop group Suburban Legends. Brian Robertson is a member of the Suburban Legends and plays trombone.</lex>
      <lex comment="good" lid="Id2">Aaron Bertram is an artist with the band Kids Imagine Nation and plays for the Suburban Legends band. Suburban Legend performs pop music and has trombonist Brian Robertson as a member.</lex>
      <lex comment="good" lid="Id3">Aaron Bertram plays for the Kids Imagine Nation band and the Suburban Legends band. Brian Robertson is a trombonist in the Suburban Legends pop music band.</lex>
    </entry>
    </entries>
</benchmark>