<benchmark>
  <entries>
    <entry category="SportsTeam" eid="Id1" shape="(X (X (X) (X) (X)))" shape_type="mixed" size="4">
      <originaltripleset>
        <otriple>1._FC_Magdeburg | manager | Jens_Härtel</otriple>
        <otriple>Jens_Härtel | team | 1._FC_Lokomotive_Leipzig</otriple>
        <otriple>Jens_Härtel | managerClub | Berliner_AK_07</otriple>
        <otriple>Jens_Härtel | clubs | FC_Sachsen_Leipzig</otriple>
      </originaltripleset>
      <modifiedtripleset>
        <mtriple>1._FC_Magdeburg | manager | Jens_Härtel</mtriple>
        <mtriple>Jens_Härtel | club | 1._FC_Lokomotive_Leipzig</mtriple>
        <mtriple>Jens_Härtel | club | Berliner_AK_07</mtriple>
        <mtriple>Jens_Härtel | club | FC_Sachsen_Leipzig</mtriple>
      </modifiedtripleset>
      <lex comment="good" lid="Id1">Jens Härtel has been the manager of 1 FC Magdeburg, has played for 1. FC Lokomotive Leipzig and Berliner AK 07 as well as representing the club FC Sachsen Leipzig.</lex>
      <lex comment="good" lid="Id2">Jens Hartel has played for 1. FC Lokomotive Leipzig, Berliner AK 07, FC Sachsen Leipzig and is manager of FC Magdeburg.</lex>
      <lex comment="good" lid="Id3">Jens Härtel, previously of Berliner AK 07 and FC Sachsen Leipzig, is now a player for 1. FC Lokomotive Leipzig whilst managing 1 FC Magdeburg.</lex>
    </entry>
    </entries>
</benchmark>