[{"document": "Cheryl Briggs is standing aside as the party's prospective Oxford West and Abingdon candidate \"to put the greater good\" before Green Party interests.\nShe said Liberal Democrat Layla Moran offered \"the best chance of beating the Conservatives\".\nThe Tories said the move was \"proof of grubby deals\" by opposition parties.\nConservative Nicola Blackwood won the seat from Liberal Democrat Evan Harris by 176 votes in 2010.\nMs Blackwood increased her majority to beat the second place Liberal Democrats by 9,582 votes in the 2015 general election.\nThe Green Party has asked Labour to support Ms Moran.\nOxfordshire Green Party chairwoman Sarah Wood said: \"Given the damage that an unconstrained Conservative government can do, we would hope that they can be brave enough to put the national interest above narrow party politics this time.\"\nOxford city councillor and disability rights campaigner Marie Tidball is contesting the seat for Labour.\nA Labour spokeswoman said: \"There's only one alternative government and that's Labour.\n\"The only way to get the change we need, to build a fair economy and strong public services is to vote Labour. People don't want backroom deals.\"\nThe Green Party has also agreed not to contest Twickenham and Richmond Park, in favour of the Liberal Democrats.\nThe Lib Dems will not contest Brighton Pavilion, which is held by the Greens' co-leader Caroline Lucas.\nA Conservative spokeswoman said: \"This is yet more proof of grubby deals being struck to build a coalition of chaos that would prop up Jeremy Corbyn in Downing Street.\n\"Make no mistake; whether it says Green or Lib Dem on the ballot, it is Jeremy Corbyn who will get the vote to take charge of our Brexit negotiations.\"", "gem_id": "xsum-train-21584", "references": [], "target": "The Green Party will not contest one of Oxford's constituencies in the general election after agreeing to support the Liberal Democrats.", "xsum_id": "39829130"}, {"document": "A snapshot of the region's brewing industry by beer writer Pete Brown found Sheffield has 23 breweries.\n\"A significant brewing city\" with one brewery per 24,000 residents, it has almost five times more breweries per capita than greater London, it said.\nBut here's the thing - Sheffield's beery brilliance has been a hidden gem with local drinkers for years.\nKate Major, chairman of the city's branch of the Campaign for Real Ale (CAMRA) and landlady of The Three Tuns, said a glut of very knowledgeable beer drinkers helped explain why Sheffield had so many breweries.\n\"The report is very exciting but it is nothing we didn't know already in Sheffield,\" she said.\n\"Many of our breweries are tiny and we like the beer they produce too much to let a lot of it out.\"\nThe report, commissioned by the University of Sheffield, finds almost nine out of 10 of the city's brewers could be described as \"microbreweries\"  - those that brew less beer than the threshold for beer duty.\nThey also focus on their core territory, keeping three quarters of production in the city.\nIt also claimed what makes the city's beer scene special is it produces 400 different beers, many of which are hard to find anywhere else.\nBut the city's brewing history goes back as far as 1758 when its first brewery was founded.\nOver the next 100 years 30 brewers sprung up, making the steel city something of a brewing centre. But by World War One there were only around 16 breweries left and the number continued to decline for decades after.\nThen, in the 1980s, something stirred: a brewing movement which made Sheffield a precursor to the more recent national explosion in \"craft beer\".\nDave Wickett was a polytechnic lecturer and real ale enthusiast who bought a run-down pub in a derelict area of Sheffield in 1981 and called it the Fat Cat.\nHis bar stocked lots of interesting beers and starting a brewery helped get the city's beer ball rolling, Ms Major said. He died in 2012.\n\"The general trend for Sheffield's new beer all started with the Fat Cat and the Kelham Island area\" she added.\nSheffield University professor Vanessa Toulmin said beer and pubs are the \"cultural glue that holds the city together\".\n\"Sheffield has always been a city of makers and it's no surprise that this extends to beer too,\" she observed.\nEventhough the report concedes London, Manchester and Leeds are better known as exciting beer destinations, it could be the cat is out the bag when it comes to Sheffield's success as a centre of beer excellence.\nMs Major has the final say: \"We have room in Sheffield for a lot more people to come and drink our beer and as a city we need to be telling everybody\".", "gem_id": "xsum-train-14654", "references": [], "target": "The Sheffield region is the \"real ale capital of the world\" according to new report, but just what does that mean?", "xsum_id": "36102299"}]