<benchmark>
  <entries>
    <entry category="Building" eid="Id2" shape="(X (X) (X))" shape_type="sibling" size="2">
      <originaltripleset>
        <otriple>200_Public_Square | floorCount | 45</otriple>
        <otriple>200_Public_Square | location | "United States"@en</otriple>
      </originaltripleset>
      <originaltripleset>
        <otriple>200_Public_Square | location | "United States"@en</otriple>
        <otriple>200_Public_Square | floorCount | "45"^^xsd:positiveInteger</otriple>
      </originaltripleset>
      <modifiedtripleset>
        <mtriple>200_Public_Square | floorCount | 45</mtriple>
        <mtriple>200_Public_Square | location | "United States"</mtriple>
      </modifiedtripleset>
      <lex comment="good" lid="Id1">200 Public Square, located in the United States, has 45 floors.</lex>
      <lex comment="good" lid="Id2">200 Public Square in the United States has a floor count of 45.</lex>
      <lex comment="good" lid="Id3">There are 45 floors of 200 Public Square in the United States.</lex>
    </entry>
    </entries>
</benchmark>