[{"conversation_id": "dlg-00028478-84a9-4ca7-a3e2-be514a3b8c9d", "instruction_id": "movie-tickets-2", "utterances": [{"index": 0, "speaker": "ASSISTANT", "text": "Hi there! How can I help?"}, {"index": 1, "speaker": "USER", "text": "Oh well, I've tried to go see Aquaman in Reno, Nevada.", "segments": [{"start_index": 30, "end_index": 37, "text": "Aquaman", "annotations": [{"name": "movie_ticket.name.movie"}]}, {"start_index": 41, "end_index": 54, "text": "Reno, Nevada.", "annotations": [{"name": "movie_ticket.location.theater.accept"}]}]}, {"index": 2, "speaker": "ASSISTANT", "text": "Okay! let me see what we got."}, {"index": 3, "speaker": "ASSISTANT", "text": "I found 2 options."}, {"index": 4, "speaker": "USER", "text": "Okay."}, {"index": 5, "speaker": "ASSISTANT", "text": "Century Summit Sierra is the first.", "segments": [{"start_index": 0, "end_index": 21, "text": "Century Summit Sierra", "annotations": [{"name": "movie_ticket.name.theater"}]}]}, {"index": 6, "speaker": "USER", "text": "All right, I'll go with that one. When is the next showing today?"}, {"index": 7, "speaker": "ASSISTANT", "text": "the next showtime is at 3:45.", "segments": [{"start_index": 24, "end_index": 29, "text": "3:45.", "annotations": [{"name": "movie_ticket.time.start"}]}]}, {"index": 8, "speaker": "USER", "text": "All right, can I get three tickets for that?", "segments": [{"start_index": 21, "end_index": 34, "text": "three tickets", "annotations": [{"name": "movie_ticket.num.tickets"}]}]}, {"index": 9, "speaker": "ASSISTANT", "text": "Sure! let me get those for you!"}, {"index": 10, "speaker": "USER", "text": "Okay."}, {"index": 11, "speaker": "ASSISTANT", "text": "The total for 3 tickets to Aquaman at 3:45 will be $28.44.", "segments": [{"start_index": 14, "end_index": 23, "text": "3 tickets", "annotations": [{"name": "movie_ticket.num.tickets"}]}, {"start_index": 27, "end_index": 34, "text": "Aquaman", "annotations": [{"name": "movie_ticket.name.movie.accept"}]}, {"start_index": 38, "end_index": 42, "text": "3:45", "annotations": [{"name": "movie_ticket.time.start.reject"}]}, {"start_index": 51, "end_index": 57, "text": "$28.44", "annotations": [{"name": "movie_ticket.price.ticket"}]}]}, {"index": 12, "speaker": "ASSISTANT", "text": "is that okay?"}, {"index": 13, "speaker": "USER", "text": "Yeah, that's fine. I just want to know who's starring the film."}, {"index": 14, "speaker": "ASSISTANT", "text": "Sure, Jason Momoa and Amber Heard are some of the starring actors."}, {"index": 15, "speaker": "USER", "text": "Okay, that's fine."}, {"index": 16, "speaker": "ASSISTANT", "text": "anything else you'd like to know about the movie?"}, {"index": 17, "speaker": "USER", "text": "No."}, {"index": 18, "speaker": "ASSISTANT", "text": "okay."}, {"index": 19, "speaker": "ASSISTANT", "text": "I am really sorry, but this showtime is already sold out. would you like to see if another time has available tickets?"}, {"index": 20, "speaker": "USER", "text": "What about another movie theater?"}, {"index": 21, "speaker": "ASSISTANT", "text": "let me check!"}, {"index": 22, "speaker": "ASSISTANT", "text": "The Century Park Lane 16 has the next show time at 3:10 or 6:40.p.m.", "segments": [{"start_index": 0, "end_index": 24, "text": "The Century Park Lane 16", "annotations": [{"name": "movie_ticket.name.theater.accept"}]}, {"start_index": 51, "end_index": 55, "text": "3:10", "annotations": [{"name": "movie_ticket.time.start"}]}, {"start_index": 59, "end_index": 67, "text": "6:40.p.m", "annotations": [{"name": "movie_ticket.time.start"}]}]}, {"index": 23, "speaker": "USER", "text": "I want the one at 3:10. Is it sold out for if I want to get three tickets?", "segments": [{"start_index": 18, "end_index": 22, "text": "3:10", "annotations": [{"name": "movie_ticket.time.start.accept"}]}]}, {"index": 24, "speaker": "ASSISTANT", "text": "Let me check, for 3 tickets.", "segments": [{"start_index": 18, "end_index": 27, "text": "3 tickets", "annotations": [{"name": "movie_ticket.num.tickets"}]}]}, {"index": 25, "speaker": "ASSISTANT", "text": "That seems to be available stilll, shall I book it now?"}, {"index": 26, "speaker": "USER", "text": "Yes."}, {"index": 27, "speaker": "ASSISTANT", "text": "Okay! one moment!"}, {"index": 28, "speaker": "ASSISTANT", "text": "The pricing for those three will be $31.22.", "segments": [{"start_index": 22, "end_index": 27, "text": "three", "annotations": [{"name": "movie_ticket.num.tickets.accept"}]}, {"start_index": 36, "end_index": 43, "text": "$31.22.", "annotations": [{"name": "movie_ticket.price.ticket.accept"}]}]}, {"index": 29, "speaker": "USER", "text": "That's fine."}, {"index": 30, "speaker": "ASSISTANT", "text": "Okay!, your tickets have been confirmed and sent to your mobile device."}, {"index": 31, "speaker": "USER", "text": "All right. Thank you."}, {"index": 32, "speaker": "ASSISTANT", "text": "You're very welcome."}, {"index": 33, "speaker": "ASSISTANT", "text": "Goodbye!"}]}, {"conversation_id": "dlg-000c3cb6-9a3b-4cd8-bd31-c6580d4e71c1", "instruction_id": "movie-tickets-2", "utterances": [{"index": 0, "speaker": "ASSISTANT", "text": "hello, how can i assist you?"}, {"index": 1, "speaker": "USER", "text": "Hey. How's it going? Can can Yeah, I want to go see some movies later. Can you help me get some tickets?"}, {"index": 2, "speaker": "ASSISTANT", "text": "okay, where are you located?"}, {"index": 3, "speaker": "USER", "text": "I'm in Seattle.", "segments": [{"start_index": 7, "end_index": 14, "text": "Seattle", "annotations": [{"name": "movie_ticket.location.theater.accept"}]}]}, {"index": 4, "speaker": "ASSISTANT", "text": "what movie would you like to see?"}, {"index": 5, "speaker": "USER", "text": "Is there anywhere that is playing Five Feet Apart?", "segments": [{"start_index": 34, "end_index": 49, "text": "Five Feet Apart", "annotations": [{"name": "movie_ticket.name.movie"}]}]}, {"index": 6, "speaker": "ASSISTANT", "text": "yes, what time would you like to see this movie?"}, {"index": 7, "speaker": "USER", "text": "Well, ideally, I want to see it after 8:00 p.m. tonight.", "segments": [{"start_index": 38, "end_index": 46, "text": "8:00 p.m", "annotations": [{"name": "movie_ticket.time.start"}]}]}, {"index": 8, "speaker": "ASSISTANT", "text": "let me look for showtimes."}, {"index": 9, "speaker": "USER", "text": "Okay."}, {"index": 10, "speaker": "ASSISTANT", "text": "i found a 10:15 session at Cinemark and a 10:30pm at AMC Factoria 8.", "segments": [{"start_index": 10, "end_index": 15, "text": "10:15", "annotations": [{"name": "movie_ticket.time.start"}]}, {"start_index": 27, "end_index": 35, "text": "Cinemark", "annotations": [{"name": "movie_ticket.name.theater"}]}, {"start_index": 42, "end_index": 49, "text": "10:30pm", "annotations": [{"name": "movie_ticket.time.start"}]}, {"start_index": 53, "end_index": 67, "text": "AMC Factoria 8", "annotations": [{"name": "movie_ticket.name.theater"}]}]}, {"index": 11, "speaker": "USER", "text": "10:15 might work. Can you get four tickets to that one?", "segments": [{"start_index": 0, "end_index": 5, "text": "10:15", "annotations": [{"name": "movie_ticket.time.start"}]}]}, {"index": 12, "speaker": "ASSISTANT", "text": "yes. The total is $48.", "segments": [{"start_index": 18, "end_index": 21, "text": "$48", "annotations": [{"name": "movie_ticket.price.ticket.accept"}]}]}, {"index": 13, "speaker": "USER", "text": "Hey, since the movie is kind of later on in the evening, can you tell me how long it is? Cuz I don't want to be out too too late."}, {"index": 14, "speaker": "ASSISTANT", "text": "the movie is 1 hour and 56 minutes long.", "segments": [{"start_index": 13, "end_index": 39, "text": "1 hour and 56 minutes long", "annotations": [{"name": "movie_ticket.time.duration.accept"}]}]}, {"index": 15, "speaker": "USER", "text": "It's pushing it. It's a little on the longer side but I think I can handle it."}, {"index": 16, "speaker": "ASSISTANT", "text": "would you like to find an earlier session?"}, {"index": 17, "speaker": "USER", "text": "You know, if you could, if there's anything between 8:00 and 10:00, you know something a little closer to maybe 8:00 is better. 9:00 9:00 is fine.", "segments": [{"start_index": 52, "end_index": 56, "text": "8:00", "annotations": [{"name": "movie_ticket.time.start"}, {"name": "movie_ticket.time.start"}]}, {"start_index": 61, "end_index": 66, "text": "10:00", "annotations": [{"name": "movie_ticket.time.start"}]}, {"start_index": 128, "end_index": 132, "text": "9:00", "annotations": [{"name": "movie_ticket.time.start"}, {"name": "movie_ticket.time.start"}]}]}, {"index": 18, "speaker": "ASSISTANT", "text": "the earliest session i found starts at 9:45pm at AMC Kitsap 8.", "segments": [{"start_index": 39, "end_index": 45, "text": "9:45pm", "annotations": [{"name": "movie_ticket.time.start"}]}, {"start_index": 49, "end_index": 61, "text": "AMC Kitsap 8", "annotations": [{"name": "movie_ticket.name.theater"}]}]}, {"index": 19, "speaker": "ASSISTANT", "text": "got it! your tickets were purchased for five feet apart at 9:45pm session at amc kitsap 8.", "segments": [{"start_index": 40, "end_index": 55, "text": "five feet apart", "annotations": [{"name": "movie_ticket.name.movie.accept"}]}, {"start_index": 59, "end_index": 65, "text": "9:45pm", "annotations": [{"name": "movie_ticket.time.start.accept"}]}, {"start_index": 77, "end_index": 89, "text": "amc kitsap 8", "annotations": [{"name": "movie_ticket.name.theater.accept"}]}]}, {"index": 20, "speaker": "USER", "text": "Okay, great."}, {"index": 21, "speaker": "ASSISTANT", "text": "enjoy, bye!"}, {"index": 22, "speaker": "USER", "text": "Bye-bye."}]}, {"conversation_id": "dlg-000da451-22a7-4e21-a41d-3fe61f3112a0", "instruction_id": "movie-tickets-2", "utterances": [{"index": 0, "speaker": "ASSISTANT", "text": "hi, how can i help you?"}, {"index": 1, "speaker": "USER", "text": "Hi, I need help booking movie tickets, please."}, {"index": 2, "speaker": "ASSISTANT", "text": "sure, please tell me which city and state you're in and i'll find a theater near you."}, {"index": 3, "speaker": "USER", "text": "I'm in Sacramento, California.", "segments": [{"start_index": 7, "end_index": 30, "text": "Sacramento, California.", "annotations": [{"name": "movie_ticket.location.theater.accept"}]}]}, {"index": 4, "speaker": "ASSISTANT", "text": "are you near regal cinemas natoma marketplace?", "segments": [{"start_index": 13, "end_index": 45, "text": "regal cinemas natoma marketplace", "annotations": [{"name": "movie_ticket.name.theater"}]}]}, {"index": 5, "speaker": "USER", "text": "Yes."}, {"index": 6, "speaker": "ASSISTANT", "text": "ok, what movie would you like to see?"}, {"index": 7, "speaker": "USER", "text": "I'd like to see What Men Want.", "segments": [{"start_index": 16, "end_index": 29, "text": "What Men Want", "annotations": [{"name": "movie_ticket.name.movie"}]}]}, {"index": 8, "speaker": "ASSISTANT", "text": "ok, it doesn't look like they're playing it here, i'll find another theater near you."}, {"index": 9, "speaker": "USER", "text": "Okay. Thank you."}, {"index": 10, "speaker": "ASSISTANT", "text": "it looks like regal delta shores 14 has multiple showings, when would you like to see your movie?", "segments": [{"start_index": 14, "end_index": 35, "text": "regal delta shores 14", "annotations": [{"name": "movie_ticket.name.theater"}]}]}, {"index": 11, "speaker": "USER", "text": "Is there anything available before 5:00 p.m. today.", "segments": [{"start_index": 28, "end_index": 43, "text": "before 5:00 p.m", "annotations": [{"name": "movie_ticket.time.start"}]}]}, {"index": 12, "speaker": "ASSISTANT", "text": "they have a showing at 1pm and 4:15pm.", "segments": [{"start_index": 23, "end_index": 26, "text": "1pm", "annotations": [{"name": "movie_ticket.time.start"}]}, {"start_index": 31, "end_index": 37, "text": "4:15pm", "annotations": [{"name": "movie_ticket.time.start"}]}]}, {"index": 13, "speaker": "USER", "text": "Can you book the 4:15 p.m., please?", "segments": [{"start_index": 17, "end_index": 25, "text": "4:15 p.m", "annotations": [{"name": "movie_ticket.time.start.reject"}]}]}, {"index": 14, "speaker": "ASSISTANT", "text": "sure, how many tickets will you need?"}, {"index": 15, "speaker": "USER", "text": "Four tickets, please.", "segments": [{"start_index": 0, "end_index": 12, "text": "Four tickets", "annotations": [{"name": "movie_ticket.num.tickets"}]}]}, {"index": 16, "speaker": "ASSISTANT", "text": "ok, your total will be $52, is that ok?", "segments": [{"start_index": 23, "end_index": 26, "text": "$52", "annotations": [{"name": "movie_ticket.price.ticket.accept"}]}]}, {"index": 17, "speaker": "USER", "text": "No, that's fine."}, {"index": 18, "speaker": "ASSISTANT", "text": "great, i'll book those tickets for you, one moment."}, {"index": 19, "speaker": "ASSISTANT", "text": "i'm sorry, that showing is completely booked, would you like to go to the 1pm showing instead?", "segments": [{"start_index": 74, "end_index": 77, "text": "1pm", "annotations": [{"name": "movie_ticket.time.start"}]}]}, {"index": 20, "speaker": "USER", "text": "Yes, the 1:00 p.m. showing is fine.", "segments": [{"start_index": 9, "end_index": 17, "text": "1:00 p.m", "annotations": [{"name": "movie_ticket.time.start"}]}]}, {"index": 21, "speaker": "ASSISTANT", "text": "ok, i have booked 4 tickets to see what men want at 1pm at the regal delta shores 14, your tickets and receipt will be texted to you.", "segments": [{"start_index": 18, "end_index": 27, "text": "4 tickets", "annotations": [{"name": "movie_ticket.num.tickets.accept"}]}, {"start_index": 35, "end_index": 48, "text": "what men want", "annotations": [{"name": "movie_ticket.name.movie.accept"}]}, {"start_index": 52, "end_index": 55, "text": "1pm", "annotations": [{"name": "movie_ticket.time.start.accept"}]}, {"start_index": 59, "end_index": 84, "text": "the regal delta shores 14", "annotations": [{"name": "movie_ticket.name.theater.accept"}]}]}, {"index": 22, "speaker": "ASSISTANT", "text": "can i help with anything else?"}, {"index": 23, "speaker": "USER", "text": "Who stars in this movie?"}, {"index": 24, "speaker": "ASSISTANT", "text": "let me check for you."}, {"index": 25, "speaker": "ASSISTANT", "text": "taraji henson and aldis hodge star in this movie."}, {"index": 26, "speaker": "USER", "text": "Perfect. That's all I needed now. Thank you very much for your help. I really appreciate it a lot."}, {"index": 27, "speaker": "ASSISTANT", "text": "you're welcome, enjoy your movie."}]}, {"conversation_id": "dlg-0018566e-5d1f-4ea2-9416-2e19da7d8a91", "instruction_id": "auto-repair-1", "utterances": [{"index": 0, "speaker": "ASSISTANT", "text": "hi there."}, {"index": 1, "speaker": "USER", "text": "Hi, I'd like to schedule an appointment at Intelligent Auto Repairs for a repair of my 2014 Acura RDX.", "segments": [{"start_index": 43, "end_index": 67, "text": "Intelligent Auto Repairs", "annotations": [{"name": "auto_repair.name.store.accept"}]}, {"start_index": 87, "end_index": 91, "text": "2014", "annotations": [{"name": "auto_repair.year.vehicle"}]}, {"start_index": 92, "end_index": 101, "text": "Acura RDX", "annotations": [{"name": "auto_repair.name.vehicle"}]}]}, {"index": 2, "speaker": "ASSISTANT", "text": "sure thing."}, {"index": 3, "speaker": "ASSISTANT", "text": "let's start with some details."}, {"index": 4, "speaker": "ASSISTANT", "text": "what's your name?"}, {"index": 5, "speaker": "USER", "text": "My name is Jack Jones.", "segments": [{"start_index": 11, "end_index": 21, "text": "Jack Jones", "annotations": [{"name": "auto_repair.name.customer"}]}]}, {"index": 6, "speaker": "ASSISTANT", "text": "hi jack.", "segments": [{"start_index": 3, "end_index": 7, "text": "jack", "annotations": [{"name": "auto_repair.name.customer"}]}]}, {"index": 7, "speaker": "USER", "text": "My phone number is 202-456-6213."}, {"index": 8, "speaker": "ASSISTANT", "text": "ok jack, please confirm the details before we proceed?", "segments": [{"start_index": 3, "end_index": 7, "text": "jack", "annotations": [{"name": "auto_repair.name.customer"}]}]}, {"index": 9, "speaker": "USER", "text": "Go ahead."}, {"index": 10, "speaker": "ASSISTANT", "text": "jack jones. phone number is 202-456-6213. vehicle is 2014 acura rdx.", "segments": [{"start_index": 0, "end_index": 10, "text": "jack jones", "annotations": [{"name": "auto_repair.name.customer"}]}, {"start_index": 53, "end_index": 57, "text": "2014", "annotations": [{"name": "auto_repair.year.vehicle"}]}, {"start_index": 58, "end_index": 67, "text": "acura rdx", "annotations": [{"name": "auto_repair.name.vehicle"}]}]}, {"index": 11, "speaker": "USER", "text": "That is correct."}, {"index": 12, "speaker": "ASSISTANT", "text": "cool."}, {"index": 13, "speaker": "ASSISTANT", "text": "what's the reason for the appointment?"}, {"index": 14, "speaker": "USER", "text": "Whenever I get to a long traffic light, the car stalls and I have to start it again.", "segments": [{"start_index": 20, "end_index": 83, "text": "long traffic light, the car stalls and I have to start it again", "annotations": [{"name": "auto_repair.reason.appt"}]}]}, {"index": 15, "speaker": "ASSISTANT", "text": "aw sorry to hear."}, {"index": 16, "speaker": "ASSISTANT", "text": "do you have a time and date preference."}, {"index": 17, "speaker": "ASSISTANT", "text": "for your appointment?"}, {"index": 18, "speaker": "USER", "text": "Any openings today?", "segments": [{"start_index": 13, "end_index": 18, "text": "today", "annotations": [{"name": "auto_repair.date.appt"}]}]}, {"index": 19, "speaker": "USER", "text": "3:00 p.m.", "segments": [{"start_index": 0, "end_index": 8, "text": "3:00 p.m", "annotations": [{"name": "auto_repair.time.appt"}]}]}, {"index": 20, "speaker": "ASSISTANT", "text": "let me check for you."}, {"index": 21, "speaker": "ASSISTANT", "text": "looks like they have a 3:30 and a 5pm.", "segments": [{"start_index": 23, "end_index": 27, "text": "3:30", "annotations": [{"name": "auto_repair.time.appt"}]}, {"start_index": 34, "end_index": 37, "text": "5pm", "annotations": [{"name": "auto_repair.time.appt"}]}]}, {"index": 22, "speaker": "ASSISTANT", "text": "do either time work for you?"}, {"index": 23, "speaker": "USER", "text": "May I get the 3:30?", "segments": [{"start_index": 14, "end_index": 18, "text": "3:30", "annotations": [{"name": "auto_repair.time.appt"}]}]}, {"index": 24, "speaker": "ASSISTANT", "text": "sure thing."}, {"index": 25, "speaker": "ASSISTANT", "text": "today at 3:30pm it is.", "segments": [{"start_index": 0, "end_index": 5, "text": "today", "annotations": [{"name": "auto_repair.date.appt"}]}, {"start_index": 9, "end_index": 15, "text": "3:30pm", "annotations": [{"name": "auto_repair.time.appt"}]}]}, {"index": 26, "speaker": "USER", "text": "Great."}, {"index": 27, "speaker": "ASSISTANT", "text": "so to confirm."}, {"index": 28, "speaker": "ASSISTANT", "text": "jack jones. 202-456-6213. 2014 acura rdx, car stalls at traffic light.", "segments": [{"start_index": 0, "end_index": 10, "text": "jack jones", "annotations": [{"name": "auto_repair.name.customer.accept"}]}, {"start_index": 26, "end_index": 30, "text": "2014", "annotations": [{"name": "auto_repair.year.vehicle.accept"}]}, {"start_index": 31, "end_index": 40, "text": "acura rdx", "annotations": [{"name": "auto_repair.name.vehicle.accept"}]}, {"start_index": 42, "end_index": 69, "text": "car stalls at traffic light", "annotations": [{"name": "auto_repair.reason.appt.accept"}]}]}, {"index": 29, "speaker": "ASSISTANT", "text": "appointment is set to 3:30pm today.", "segments": [{"start_index": 22, "end_index": 28, "text": "3:30pm", "annotations": [{"name": "auto_repair.time.appt.accept"}]}, {"start_index": 29, "end_index": 34, "text": "today", "annotations": [{"name": "auto_repair.date.appt.accept"}]}]}, {"index": 30, "speaker": "USER", "text": "Yes, that's correct."}, {"index": 31, "speaker": "ASSISTANT", "text": "cool."}, {"index": 32, "speaker": "ASSISTANT", "text": "please be on time to your appointment."}, {"index": 33, "speaker": "ASSISTANT", "text": "and note that there is an $89 fee."}, {"index": 34, "speaker": "USER", "text": "That is fine."}, {"index": 35, "speaker": "ASSISTANT", "text": "but that fee will go towards costs to fix the car if you choose to."}, {"index": 36, "speaker": "USER", "text": "Okay."}, {"index": 37, "speaker": "ASSISTANT", "text": "is there anything else i can help with?"}, {"index": 38, "speaker": "USER", "text": "No. Thank you so much."}, {"index": 39, "speaker": "ASSISTANT", "text": "you're very welcome."}, {"index": 40, "speaker": "ASSISTANT", "text": "take care."}]}, {"conversation_id": "dlg-00438e65-24d5-4b63-8618-669c7f1b7851", "instruction_id": "movie-tickets-1", "utterances": [{"index": 0, "speaker": "ASSISTANT", "text": "hi, how may i assist you?"}, {"index": 1, "speaker": "USER", "text": "Hi. I was looking to see a movie tonight."}, {"index": 2, "speaker": "ASSISTANT", "text": "sure, what movie did you want to see?"}, {"index": 3, "speaker": "USER", "text": "I was thinking about seeing Glass.", "segments": [{"start_index": 28, "end_index": 33, "text": "Glass", "annotations": [{"name": "movie_ticket.name.movie"}]}]}, {"index": 4, "speaker": "ASSISTANT", "text": "How many tickets did you need?"}, {"index": 5, "speaker": "USER", "text": "Just one.", "segments": [{"start_index": 5, "end_index": 8, "text": "one", "annotations": [{"name": "movie_ticket.num.tickets"}]}]}, {"index": 6, "speaker": "ASSISTANT", "text": "and what area are you in?"}, {"index": 7, "speaker": "USER", "text": "Detroit.", "segments": [{"start_index": 0, "end_index": 7, "text": "Detroit", "annotations": [{"name": "movie_ticket.location.theater.accept"}]}]}, {"index": 8, "speaker": "ASSISTANT", "text": "let me take a look for you."}, {"index": 9, "speaker": "ASSISTANT", "text": "did you want to watch tonight?"}, {"index": 10, "speaker": "USER", "text": "Yes."}, {"index": 11, "speaker": "ASSISTANT", "text": "ok, one moment."}, {"index": 12, "speaker": "ASSISTANT", "text": "Bel Air Luxury Cinema is playing glass tonight at 6:00pm 7:00pm 9:00pm and 10:00pm.", "segments": [{"start_index": 0, "end_index": 21, "text": "Bel Air Luxury Cinema", "annotations": [{"name": "movie_ticket.name.theater"}]}, {"start_index": 33, "end_index": 38, "text": "glass", "annotations": [{"name": "movie_ticket.name.movie"}]}, {"start_index": 50, "end_index": 56, "text": "6:00pm", "annotations": [{"name": "movie_ticket.time.start"}]}, {"start_index": 57, "end_index": 63, "text": "7:00pm", "annotations": [{"name": "movie_ticket.time.start"}]}, {"start_index": 64, "end_index": 70, "text": "9:00pm", "annotations": [{"name": "movie_ticket.time.start"}]}, {"start_index": 75, "end_index": 82, "text": "10:00pm", "annotations": [{"name": "movie_ticket.time.start"}]}]}, {"index": 13, "speaker": "ASSISTANT", "text": "do any of these times work?"}, {"index": 14, "speaker": "USER", "text": "How about the 9:00 p.m.?", "segments": [{"start_index": 14, "end_index": 24, "text": "9:00 p.m.?", "annotations": [{"name": "movie_ticket.time.start.accept"}]}]}, {"index": 15, "speaker": "ASSISTANT", "text": "you got it."}, {"index": 16, "speaker": "ASSISTANT", "text": "one adult ticket to see glass at bel air luxury cinema will be $20.", "segments": [{"start_index": 0, "end_index": 3, "text": "one", "annotations": [{"name": "movie_ticket.num.tickets.accept"}]}, {"start_index": 24, "end_index": 29, "text": "glass", "annotations": [{"name": "movie_ticket.name.movie.accept"}]}, {"start_index": 33, "end_index": 54, "text": "bel air luxury cinema", "annotations": [{"name": "movie_ticket.name.theater.accept"}]}, {"start_index": 63, "end_index": 66, "text": "$20", "annotations": [{"name": "movie_ticket.price.ticket.reject"}]}]}, {"index": 17, "speaker": "ASSISTANT", "text": "sorry, i meant $10.", "segments": [{"start_index": 15, "end_index": 18, "text": "$10", "annotations": [{"name": "movie_ticket.price.ticket.accept"}]}]}, {"index": 18, "speaker": "USER", "text": "All right."}, {"index": 19, "speaker": "USER", "text": "Oh, okay. Cool. You've met her."}, {"index": 20, "speaker": "ASSISTANT", "text": "would you like to purchase now."}, {"index": 21, "speaker": "USER", "text": "Yes, please."}, {"index": 22, "speaker": "ASSISTANT", "text": "you got it. the transaction has been made. The tickets will be sent to your mobile device shortly."}, {"index": 23, "speaker": "ASSISTANT", "text": "is there anything else i can assist with?"}, {"index": 24, "speaker": "USER", "text": "No, that will be it. Thank you."}, {"index": 25, "speaker": "ASSISTANT", "text": "awesome."}, {"index": 26, "speaker": "ASSISTANT", "text": "take care."}]}]