[{"annotations": [{"type": "multipleQAs", "qaPairs": [{"question": "When did the Simpsons first air on television as an animated short on the Tracey Ullman Show?", "answer": ["April 19, 1987"]}, {"question": "When did the Simpsons first air as a half-hour prime time show?", "answer": ["December 17, 1989"]}]}], "id": "-4469503464110108318", "question": "When did the simpsons first air on television?"}, {"annotations": [{"type": "singleAnswer", "answer": ["David Morse"]}], "id": "4790842463458965203", "question": "Who played george washington in the john adams series?"}, {"annotations": [{"type": "multipleQAs", "qaPairs": [{"question": "What is the legal age of marriage, without parental consent or other authorization, in all but two states in the usa?", "answer": ["18 years of age", "18"]}, {"question": "What is the legal age of marriage, without parental consent or other authorization, in Nebraska?", "answer": ["19"]}, {"question": "What is the legal age of marriage, without parental consent or other authorization, in Mississippi?", "answer": ["21"]}, {"question": "What is youngest legal age of marriage possible in some US states when circumstances permit?", "answer": ["0"]}]}], "id": "-6631915997977101143", "question": "What is the legal age of marriage in usa?"}, {"annotations": [{"type": "multipleQAs", "qaPairs": [{"question": "Who starred in barefoot in the park on broadway as Corie Bratter?", "answer": ["Elizabeth Ashley"]}, {"question": "Who starred in barefoot in the park on broadway as Victor Velasco?", "answer": ["Kurt Kasznar"]}, {"question": "Who starred in barefoot in the park on broadway as Mrs. Banks?", "answer": ["Mildred Natwick"]}, {"question": "Who starred in barefoot in the park on broadway as Paul Bratter?", "answer": ["Robert Redford"]}, {"question": "Who starred in barefoot in the park on broadway as Telephone Man?", "answer": ["Herbert Edelman"]}, {"question": "Who starred in barefoot in the park on broadway as Delivery Man?", "answer": ["Joseph Keating"]}]}], "id": "-3098213414945179817", "question": "Who starred in barefoot in the park on broadway?"}, {"annotations": [{"type": "multipleQAs", "qaPairs": [{"question": "Based on the initial thoughts of the project, when did the Manhattan project begin and end?", "answer": ["Began 1939, end 1946"]}, {"question": "Based on when the project was being worked on, when did the Manhattan project begin and end?", "answer": ["Began 1942, end 1946"]}]}], "id": "-927805218867163489", "question": "When did the manhattan project began and end?"}]