<benchmark>
  <entries>
    <entry category="University" eid="Id1" size="7">
      <originaltripleset>
        <otriple>AWH_Engineering_College | country | India</otriple>
        <otriple>AWH_Engineering_College | established | 2001</otriple>
        <otriple>Kerala | leaderName | Kochi</otriple>
        <otriple>AWH_Engineering_College | facultySize | "250"^^xsd:nonNegativeInteger</otriple>
        <otriple>AWH_Engineering_College | state | Kerala</otriple>
        <otriple>AWH_Engineering_College | city | "Kuttikkattoor"@en</otriple>
        <otriple>India | river | Ganges</otriple>
      </originaltripleset>
      <modifiedtripleset>
        <mtriple>AWH_Engineering_College | country | India</mtriple>
        <mtriple>AWH_Engineering_College | established | 2001</mtriple>
        <mtriple>Kerala | leaderName | Kochi</mtriple>
        <mtriple>AWH_Engineering_College | academicStaffSize | 250</mtriple>
        <mtriple>AWH_Engineering_College | state | Kerala</mtriple>
        <mtriple>AWH_Engineering_College | city | "Kuttikkattoor"</mtriple>
        <mtriple>India | river | Ganges</mtriple>
      </modifiedtripleset>
      <lex comment="good" lid="Id1">The River Ganges flows through India which is the location of the AWH Engineering College which has 250 academic staff and was established in 2001 in the city of Kuttikkattoor in the state of Kerala. which is led by Kochi.</lex>
      <lex comment="good" lid="Id2">The AWH Engineering College is located in Kuttikkattoor, Kerala, India. It was established in 2001 and it has 250 academic staff. The leader of Kerala is Kochi. The Ganges is a river in India.</lex>
      <lex comment="good" lid="Id3">The AWH Engineering College, Kuttikkattoor, Kerala, India, was established in 2001 and has 250 academic staff. A river in India is the Ganges, and Kerala state's leader is Kochi and.</lex>
    </entry>
    </entries>
</benchmark>