index,sentence1,sentence2,label
0,"मैंने गाजर के माध्यम से एक पिन चिपका दिया। जब मैंने पिन को बाहर निकाला, तो उसमें छेद था।",गाजर में छेद था।,1
1,जॉन उसके सामने बिली के साथ मंच नहीं देख सका क्योंकि वह बहुत छोटा है।,जॉन इतना छोटा है।,1
2,पुलिस ने गिरोह के सभी सदस्यों को गिरफ्तार कर लिया। वे पड़ोस में नशे के कारोबार को रोकने की कोशिश कर रहे थे।,पुलिस पड़ोस में नशे के कारोबार को रोकने की कोशिश कर रही थी।,1
3,स्टीव सब कुछ में फ्रेड के उदाहरण का अनुसरण करता है। वह उसे बेहद प्रभावित करता है।,स्टीव उसे बेहद प्रभावित करता है।,0
4,"जब तात्याना केबिन में पहुंची, तो उसकी मां सो रही थी। वह सावधानी बरतने के लिए उसे परेशान नहीं कर रही थी, नाहक ही उसकी बर्थ में चढ़ गई।","माँ सावधान थी कि उसे परेशान न करें, नंगा करके वापस उसकी बर्थ पर चढ़े।",0
