[{"id": 4896, "ner_tags": ["O", "B-PERSON", "I-PERSON", "I-PERSON", "O", "B-PERSON", "O", "O", "O", "O", "O", "O", "B-QUANTITY", "O", "O", "O", "O", "O", "O", "O", "O", "O", "O", "O", "O", "O", "O", "O", "O", "O", "O", "O", "O", "O", "O", "O", "O", "O", "O", "B-PERSON", "O", "B-PERSON", "I-PERSON", "O", "O", "O", "O", "O", "O", "O", "O", "O", "O", "O", "O", "O", "O", "O", "O", "O", "O", "O", "O", "O", "O", "O", "O", "O", "O", "O", "O", "O", "O", "O", "O", "O", "O", "B-NUMERIC", "O", "B-NAT_REL_POL", "O"], "ner_ids": [0, 1, 2, 2, 0, 1, 0, 0, 0, 0, 0, 0, 23, 0, 0, 0, 0, 0, 0, 0, 0, 0, 0, 0, 0, 0, 0, 0, 0, 0, 0, 0, 0, 0, 0, 0, 0, 0, 0, 1, 0, 1, 2, 0, 0, 0, 0, 0, 0, 0, 0, 0, 0, 0, 0, 0, 0, 0, 0, 0, 0, 0, 0, 0, 0, 0, 0, 0, 0, 0, 0, 0, 0, 0, 0, 0, 0, 25, 0, 9, 0], "tokens": ["-", "Iohannis", ",", "Klaus", "Vacan\u021b\u0103", "Iohannis", "-", "c\u0103ruia", "pu\u021bin", "\u00eei", "pas\u0103", "c\u0103", "40%", "din", "popula\u021bia", "\u021b\u0103rii", "tr\u0103ie\u0219te", "sub", "limita", "s\u0103r\u0103ciei", "altfel", "nu", "ar", "putea", "s\u0103", "sus\u021bin\u0103", "sifonarea", "profiturilor", "de", "c\u0103tre", "multina\u021bionalele", "str\u0103ine", "\u0219i", "ar", "sus\u021bine", "impozitul", "pe", "venit", "-", "B\u0103sescu", ",", "Traian", "B\u0103sescu", "care", "a", "spus", "c\u0103", "aplicarea", "unui", "impozit", "pe", "venit", "\u021bine", "de", "\u201e", "Paleoliticul", "Financiar", "\u201d", "semn", "c\u0103", "joac\u0103", "\u00een", "continuare", "cum", "\u00eei", "c\u00e2nt\u0103", "Sistemul", "\u0219i", "c\u0103", "i", "se", "f\u00e2lf\u00e2ie", "de", "Sifonarea", "Profiturilor", "\u0219i", "de", "milioanele", "de", "rom\u00e2ni", "s\u0103raci"], "space_after": [true, false, true, true, true, true, true, true, true, true, true, true, true, true, true, true, true, true, true, true, true, true, true, true, true, true, true, true, true, true, true, true, true, true, true, true, true, false, true, false, true, true, true, true, true, true, true, true, true, true, true, true, true, true, false, true, false, true, true, true, true, true, true, true, true, true, true, true, true, true, true, true, true, true, true, true, true, true, true, true, false]}, {"id": 11865, "ner_tags": ["O", "O", "B-GPE", "O", "O", "O", "O", "O", "O", "O", "O", "O", "B-DATETIME", "I-DATETIME", "I-DATETIME", "I-DATETIME", "O", "O", "O", "B-GPE", "O", "B-GPE", "I-GPE", "I-GPE", "O"], "ner_ids": [0, 0, 5, 0, 0, 0, 0, 0, 0, 0, 0, 0, 17, 18, 18, 18, 0, 0, 0, 5, 0, 5, 6, 6, 0], "tokens": ["Vechiul", "ora\u0219", "Visoki", "a", "fost", "un", "faimos", "castel", "regal", "medieval", "\u00een", "timpul", "secolului", "al", "XIV", "-lea", ",", "situat", "\u00een", "Visoko", ",", "Bosnia", "\u0219i", "Her\u021begovina", "."], "space_after": [true, true, true, true, true, true, true, true, true, true, true, true, true, true, false, false, true, true, true, true, true, true, true, false, false]}, {"id": 4219, "ner_tags": ["B-ORG", "I-ORG", "I-ORG", "I-ORG", "I-ORG", "I-ORG", "I-ORG", "I-ORG", "I-ORG", "O", "O", "O", "B-NUMERIC", "B-PERSON", "O", "O", "O", "O", "B-GPE", "O", "B-GPE", "O", "B-GPE", "O", "B-GPE", "I-GPE", "O", "O", "O", "O", "O", "O", "B-DATETIME", "I-DATETIME", "O", "O", "O", "O", "O", "O", "B-NUMERIC", "O", "O", "O", "O", "O", "O", "O", "O", "O", "O", "O", "O", "O", "O", "O", "O", "O", "O", "O", "O", "O", "B-PERSON", "O", "O", "O"], "ner_ids": [3, 4, 4, 4, 4, 4, 4, 4, 4, 0, 0, 0, 25, 1, 0, 0, 0, 0, 5, 0, 5, 0, 5, 0, 5, 6, 0, 0, 0, 0, 0, 0, 17, 18, 0, 0, 0, 0, 0, 0, 25, 0, 0, 0, 0, 0, 0, 0, 0, 0, 0, 0, 0, 0, 0, 0, 0, 0, 0, 0, 0, 0, 1, 0, 0, 0], "tokens": ["Comisia", "na\u021bional\u0103", "pentru", "informatic\u0103", "\u0219i", "libert\u0103\u021bi", "(", "CNIL", ")", ",", "precum", "\u0219i", "19", "omologi", "ai", "acesteia", "(", "\u00een", "SUA", ",", "Germania", ",", "Australia", ",", "Marea", "Britanie", ",", "etc", ")", "au", "efectuat", "\u00een", "luna", "mai", "un", "audit", "al", "celor", "mai", "vizitate", "2.180", "de", "pagini", "de", "internet", "sau", "aplica\u021bii", ",", "o", "\u2018premier\u0103\u2019", "\u00een", "ceea", "ce", "prive\u0219te", "cooperarea", "interna\u021bional\u0103", "pentru", "\u2018evaluarea", "nivelului", "de", "informare", "a", "internau\u021bilor", "\u2019", ".", "\u2018"], "space_after": [true, true, true, true, true, true, false, false, false, true, true, true, true, true, true, true, false, true, false, true, false, true, false, true, true, false, true, false, true, true, true, true, true, true, true, true, true, true, true, true, true, true, true, true, true, true, false, true, true, true, true, true, true, true, true, true, true, true, true, true, true, true, false, false, false, false]}, {"id": 4646, "ner_tags": ["B-ORG", "I-ORG", "I-ORG", "O", "O", "O", "O", "B-PERSON", "O", "O", "O", "O", "O", "B-DATETIME", "I-DATETIME", "O", "O", "O", "O", "B-DATETIME", "O", "O", "O", "O", "O", "O", "O", "O", "O", "O", "O", "O", "O", "O", "O", "O", "O", "O", "O", "O", "O", "O", "O", "O", "O", "O", "O", "O", "O", "O", "O", "O", "O", "O"], "ner_ids": [3, 4, 4, 0, 0, 0, 0, 1, 0, 0, 0, 0, 0, 17, 18, 0, 0, 0, 0, 17, 0, 0, 0, 0, 0, 0, 0, 0, 0, 0, 0, 0, 0, 0, 0, 0, 0, 0, 0, 0, 0, 0, 0, 0, 0, 0, 0, 0, 0, 0, 0, 0, 0, 0], "tokens": ["Editura", "Cartea", "Rom\u00e2neasc\u0103", "\u00eei", "invit\u0103", "pe", "proaspe\u021bii", "autori", "s\u0103", "propun\u0103", ",", "p\u00e2n\u0103", "\u00een", "31", "decembrie", ",", "manuscrise", "pentru", "edi\u021bia", "2005", "a", "concursului", "anual", "de", "debut", "\u00een", "urma", "c\u0103ruia", "va", "publica", ",", "pe", "sec\u021biuni", ",", "precum", "poezie", ",", "proz\u0103", ",", "teatru", ",", "eseu/critic\u0103", "\u0219i", "istorie", "literar\u0103", ",", "cele", "mai", "bune", "crea\u021bii", "\u00eenscrise", "-n", "competi\u021bie", "."], "space_after": [true, true, true, true, true, true, true, true, true, false, true, true, true, true, false, true, true, true, true, true, true, true, true, true, true, true, true, true, true, false, true, true, false, true, true, false, true, false, true, false, true, true, true, true, false, true, true, true, true, true, false, true, false, false]}, {"id": 8185, "ner_tags": ["B-PERIOD", "I-PERIOD", "O", "O", "O", "B-PERSON", "I-PERSON", "O", "O", "O", "O", "O", "B-PERSON", "O", "O", "O", "O", "O", "O", "O", "O", "B-DATETIME", "I-DATETIME", "O", "O", "O", "O", "O", "O", "B-PERSON", "O", "O", "O", "O", "O", "O", "O", "O", "B-NAT_REL_POL", "O", "B-GPE", "I-GPE", "O", "O", "B-PERSON", "O", "O", "B-PERSON", "I-PERSON", "I-PERSON", "I-PERSON", "I-PERSON", "I-PERSON", "I-PERSON", "I-PERSON", "O"], "ner_ids": [19, 20, 0, 0, 0, 1, 2, 0, 0, 0, 0, 0, 1, 0, 0, 0, 0, 0, 0, 0, 0, 17, 18, 0, 0, 0, 0, 0, 0, 1, 0, 0, 0, 0, 0, 0, 0, 0, 9, 0, 5, 6, 0, 0, 1, 0, 0, 1, 2, 2, 2, 2, 2, 2, 2, 0], "tokens": ["\u00centre", "1996-2000", ",", "\u00een", "mandatul", "Emil", "Constantinescu", ",", "a", "\u00eendeplinit", "func\u021bia", "de", "consilier", "preziden\u021bial", "pentru", "politic\u0103", "intern\u0103", "\u0219i", "extern\u0103", ".", "\u00cen", "anul", "1978", ",", "a", "ob\u021binut", "titlul", "\u0219tiin\u021bific", "de", "Doctor", "\u00een", "istorie", ",", "cu", "teza", "\"", "Formarea", "ideologiei", "democratice", "\u00een", "Grecia", "antic\u0103", "\"", ",", "conduc\u0103tor", "\u0219tiin\u021bific", "fiind", "prof", ".", "dr.", "acad", ".", "Dionisie", "M.", "Pippidi", "."], "space_after": [true, false, true, true, true, true, false, true, true, true, true, true, true, true, true, true, true, true, false, false, true, true, false, true, true, true, true, true, true, true, true, false, true, true, true, false, true, true, true, true, true, false, false, true, true, true, true, false, true, true, false, true, true, true, false, false]}]