<benchmark>
  <entries>
    <entry category="Food" eid="Id1" size="1">
      <originaltripleset>
        <otriple>Ajoblanco | alias | "Ajo blanco"@en</otriple>
      </originaltripleset>
      <modifiedtripleset>
        <mtriple>Ajoblanco | alternativeName | "Ajo blanco"</mtriple>
      </modifiedtripleset>
      <lex comment="good" lid="Id1">The alternative name for Ajoblanco is "Ajo blanco".</lex>
      <lex comment="good" lid="Id2">Ajo blanco is an alternative name to Ajoblanco.</lex>
      <lex comment="good" lid="Id3">Ajo blanco is an alternative name of Ajoblanco.</lex>
    </entry>
    </entries>
</benchmark>