0	▪ Присутствие общения в научных кругах имело не менее важное значение для успеха Манхэттенского проекта, как и научный интеллект. ▪ Присутствие общения в научных кругах имело не менее важное значение для успеха Манхэттенского проекта, как и научный интеллект. :: Единственное облако, висящее над впечатляющими достижениями исследователей и инженеров в области атомной энергетики, -- это то, что их успех действительно имел в виду; сотни тысяч ни в чем не повинных людей были уничтожены.
1	▪ Манхэттенский проект и его атомная бомба помогли положить конец Второй мировой войне. Его наследие мирного использования атомной энергии продолжает оказывать влияние на историю и науку.
2	- проект Манхэттена должен был выяснить, можно ли сделать атомную бомбу. ▪ Успех этого проекта навсегда изменит мир, навсегда поставив его в известность о том, что что-то такое могущественное может быть создано человеком.
3	▪ Манхэттенский проект был назван проектом, осуществленным во время Второй мировой войны, по разработке первой атомной бомбы. Он конкретно относится к периоду осуществления проекта с 194... 2-1946 годов под контролем инженерного корпуса армии США под руководством генерала Лесли Р. Гровса.
4	- версии каждого тома, а также дополнительные веб-сайты. Первый сайт — Манхэттенский проект: Интерактивная история — имеется на веб-сайте Управления по вопросам истории и ресурсов наследия, http://www.cfo. Δ doe.gov/me70 history. Управление по вопросам ресурсов истории и наследия и национальная ядерная безопасность
