[{"conversation_id": "dlg-00100680-00e0-40fe-8321-6d81b21bfc4f", "instruction_id": "flight-12", "utterances": [{"index": 0, "speaker": "USER", "text": "Hello. I'd like to find a round trip commercial airline flight from San Francisco to Denver.", "segments": [{"start_index": 26, "end_index": 36, "text": "round trip", "annotations": [{"name": "flight_search.type"}]}, {"start_index": 68, "end_index": 81, "text": "San Francisco", "annotations": [{"name": "flight_search.origin"}]}, {"start_index": 85, "end_index": 91, "text": "Denver", "annotations": [{"name": "flight_search.destination1"}]}]}, {"index": 1, "speaker": "ASSISTANT", "text": "Hello, how can I help you?"}, {"index": 2, "speaker": "ASSISTANT", "text": "San Francisco to Denver, got it.", "segments": [{"start_index": 0, "end_index": 13, "text": "San Francisco", "annotations": [{"name": "flight_search.origin"}]}, {"start_index": 17, "end_index": 23, "text": "Denver", "annotations": [{"name": "flight_search.destination1"}]}]}, {"index": 3, "speaker": "USER", "text": "You're really on top of things. I like that."}, {"index": 4, "speaker": "ASSISTANT", "text": "So what days are you looking to fly?"}, {"index": 5, "speaker": "ASSISTANT", "text": "Hey, what else can you say?"}, {"index": 6, "speaker": "USER", "text": "I'm looking to fly out sometime today, the earliest time today, and I'll be returning in 4 days.", "segments": [{"start_index": 57, "end_index": 62, "text": "today", "annotations": [{"name": "flight_search.date.depart_origin"}]}, {"start_index": 89, "end_index": 95, "text": "4 days", "annotations": [{"name": "flight_search.date.return"}]}]}, {"index": 7, "speaker": "USER", "text": "So, I would like to fly out sometime tonight and fly back in the evening in 4 days. From I'm looking to go to Denver. I'm flying out of San Francisco.", "segments": [{"start_index": 58, "end_index": 72, "text": "in the evening", "annotations": [{"name": "flight_search.time_of_day"}]}, {"start_index": 76, "end_index": 82, "text": "4 days", "annotations": [{"name": "flight_search.date.return"}]}, {"start_index": 110, "end_index": 116, "text": "Denver", "annotations": [{"name": "flight_search.destination1"}]}, {"start_index": 136, "end_index": 149, "text": "San Francisco", "annotations": [{"name": "flight_search.origin"}]}]}, {"index": 8, "speaker": "ASSISTANT", "text": "That sounds good, where you looking to go?"}, {"index": 9, "speaker": "ASSISTANT", "text": "That's right okay we have prices starting at $337.", "segments": [{"start_index": 45, "end_index": 49, "text": "$337", "annotations": [{"name": "flight_search.price_range"}]}]}, {"index": 10, "speaker": "USER", "text": "That sounds very good. I just have two preferences. I want a nonstop flight.", "segments": [{"start_index": 61, "end_index": 68, "text": "nonstop", "annotations": [{"name": "flight_search.stops"}]}]}, {"index": 11, "speaker": "USER", "text": "And I'd like to get an aisle seat.", "segments": [{"start_index": 23, "end_index": 33, "text": "aisle seat", "annotations": [{"name": "flight_search.seat_location"}]}]}, {"index": 12, "speaker": "ASSISTANT", "text": "Okay, Non-Stop and if I heard you correctly did you say you wanted to leave as early as possible and also Nile C.", "segments": [{"start_index": 6, "end_index": 14, "text": "Non-Stop", "annotations": [{"name": "flight_search.stops"}]}]}, {"index": 13, "speaker": "USER", "text": "Yes."}, {"index": 14, "speaker": "ASSISTANT", "text": "Okay, you got it so it looks like United Airlines leaves at 9:20 p.m. that is nonstop the flight duration is 2 hours and 28 minutes and is priced at $337.", "segments": [{"start_index": 34, "end_index": 40, "text": "United", "annotations": [{"name": "flight1_detail.airline"}]}, {"start_index": 60, "end_index": 69, "text": "9:20 p.m.", "annotations": [{"name": "flight1_detail.from.time"}]}, {"start_index": 78, "end_index": 85, "text": "nonstop", "annotations": [{"name": "flight1_detail.stops"}]}, {"start_index": 97, "end_index": 131, "text": "duration is 2 hours and 28 minutes", "annotations": [{"name": "flight1_detail.other_description"}]}, {"start_index": 149, "end_index": 153, "text": "$337", "annotations": [{"name": "flight1_detail.fare"}]}]}, {"index": 15, "speaker": "USER", "text": "That sounds very good."}, {"index": 16, "speaker": "ASSISTANT", "text": "Perfect."}, {"index": 17, "speaker": "USER", "text": "And what time will I be I would like an evening flight on the return flight in 4 days.", "segments": [{"start_index": 40, "end_index": 47, "text": "evening", "annotations": [{"name": "flight_search.time_of_day"}]}, {"start_index": 79, "end_index": 85, "text": "4 days", "annotations": [{"name": "flight_search.date.return"}]}]}, {"index": 18, "speaker": "USER", "text": "Does that include the return flight?"}, {"index": 19, "speaker": "ASSISTANT", "text": "How does 5:30 a.m. work?", "segments": [{"start_index": 9, "end_index": 18, "text": "5:30 a.m.", "annotations": [{"name": "flight2_detail.from.time"}]}]}, {"index": 20, "speaker": "USER", "text": "Well, the evening works better.", "segments": [{"start_index": 10, "end_index": 17, "text": "evening", "annotations": [{"name": "flight_search.time_of_day"}]}]}, {"index": 21, "speaker": "ASSISTANT", "text": "Okay, got it."}, {"index": 22, "speaker": "ASSISTANT", "text": "6:55 p.m."}, {"index": 23, "speaker": "USER", "text": "That works. That's very good."}, {"index": 24, "speaker": "ASSISTANT", "text": "Alright, perfect so that is United Airlines as well.", "segments": [{"start_index": 28, "end_index": 34, "text": "United", "annotations": [{"name": "flight2_detail.airline"}]}]}, {"index": 25, "speaker": "USER", "text": "Excellent. Thank you so much, assistant."}, {"index": 26, "speaker": "ASSISTANT", "text": "Pleasure all mine. Enjoy your trip to Denver, have a great night."}, {"index": 27, "speaker": "ASSISTANT", "text": "Your welcome."}, {"index": 28, "speaker": "USER", "text": "I think I'm all set. Thank you so much."}]}, {"conversation_id": "dlg-0027f924-7723-48bc-bf18-e41c03b0e709", "instruction_id": "flight-7", "utterances": [{"index": 0, "speaker": "ASSISTANT", "text": "Hi, how can I help you?"}, {"index": 1, "speaker": "USER", "text": "Hi, I need to find a flight from JFK to Seattle.", "segments": [{"start_index": 33, "end_index": 36, "text": "JFK", "annotations": [{"name": "flight_search.origin"}]}, {"start_index": 40, "end_index": 47, "text": "Seattle", "annotations": [{"name": "flight_search.destination1"}]}]}, {"index": 2, "speaker": "ASSISTANT", "text": "Okay from JFK to seattle.", "segments": [{"start_index": 10, "end_index": 13, "text": "JFK", "annotations": [{"name": "flight_search.origin"}]}, {"start_index": 17, "end_index": 24, "text": "seattle", "annotations": [{"name": "flight_search.destination1"}]}]}, {"index": 3, "speaker": "USER", "text": "Correct."}, {"index": 4, "speaker": "ASSISTANT", "text": "What else can you tell me?"}, {"index": 5, "speaker": "USER", "text": "I would like to fly on April 1st and return on April 4th.", "segments": [{"start_index": 23, "end_index": 32, "text": "April 1st", "annotations": [{"name": "flight_search.date.depart_origin"}]}, {"start_index": 47, "end_index": 56, "text": "April 4th", "annotations": [{"name": "flight_search.date.return"}]}]}, {"index": 6, "speaker": "ASSISTANT", "text": "What else can you tell me?"}, {"index": 7, "speaker": "USER", "text": "I would like to fly on Delta.", "segments": [{"start_index": 23, "end_index": 28, "text": "Delta", "annotations": [{"name": "flight_search.airline"}]}]}, {"index": 8, "speaker": "ASSISTANT", "text": "Alright, there are plenty of flights with Delta. What else can you tell me?", "segments": [{"start_index": 42, "end_index": 47, "text": "Delta", "annotations": [{"name": "flight_search.airline"}]}]}, {"index": 9, "speaker": "USER", "text": "Excellent. I would like the economy.", "segments": [{"start_index": 28, "end_index": 35, "text": "economy", "annotations": [{"name": "flight_search.seating_class"}]}]}, {"index": 10, "speaker": "ASSISTANT", "text": "Okay."}, {"index": 11, "speaker": "USER", "text": "And I would like a non-stop flight.", "segments": [{"start_index": 19, "end_index": 27, "text": "non-stop", "annotations": [{"name": "flight_search.stops"}]}]}, {"index": 12, "speaker": "ASSISTANT", "text": "Sure thing."}, {"index": 13, "speaker": "USER", "text": "And I would prefer to leave in the morning.", "segments": [{"start_index": 28, "end_index": 42, "text": "in the morning", "annotations": [{"name": "flight_search.time_of_day"}]}]}, {"index": 14, "speaker": "ASSISTANT", "text": "Both ways?"}, {"index": 15, "speaker": "USER", "text": "If possible, yes."}, {"index": 16, "speaker": "ASSISTANT", "text": "Okay, It's possible."}, {"index": 17, "speaker": "USER", "text": "Excellent."}, {"index": 18, "speaker": "ASSISTANT", "text": "Alright."}, {"index": 19, "speaker": "USER", "text": "And a not leave it the more X."}, {"index": 20, "speaker": "ASSISTANT", "text": "I see that there is one flight on April 1st which is at 8 AM.", "segments": [{"start_index": 34, "end_index": 43, "text": "April 1st", "annotations": [{"name": "flight1_detail.date"}]}, {"start_index": 56, "end_index": 60, "text": "8 AM", "annotations": [{"name": "flight1_detail.from.time"}]}]}, {"index": 21, "speaker": "USER", "text": "Okay."}, {"index": 22, "speaker": "ASSISTANT", "text": "At 8 AM.", "segments": [{"start_index": 3, "end_index": 7, "text": "8 AM", "annotations": [{"name": "flight1_detail.from.time"}]}]}, {"index": 23, "speaker": "USER", "text": "That will work."}, {"index": 24, "speaker": "ASSISTANT", "text": "You will arrive in Seattle at 11:18 AM.", "segments": [{"start_index": 19, "end_index": 26, "text": "Seattle", "annotations": [{"name": "flight1_detail.to"}]}, {"start_index": 30, "end_index": 38, "text": "11:18 AM", "annotations": [{"name": "flight1_detail.to.time"}]}]}, {"index": 25, "speaker": "USER", "text": "Excellent."}, {"index": 26, "speaker": "ASSISTANT", "text": "There are two timings on Apr 4 which is at 7:40 AM and 10:15 AM. Which one do you need?", "segments": [{"start_index": 25, "end_index": 30, "text": "Apr 4", "annotations": [{"name": "flight2_detail.date"}]}, {"start_index": 43, "end_index": 50, "text": "7:40 AM", "annotations": [{"name": "flight2_detail.from.time"}]}, {"start_index": 55, "end_index": 63, "text": "10:15 AM", "annotations": [{"name": "flight2_detail.from.time"}]}]}, {"index": 27, "speaker": "USER", "text": "I will take the 10:15 AM, please.", "segments": [{"start_index": 16, "end_index": 24, "text": "10:15 AM", "annotations": [{"name": "flight2_detail.from.time"}]}]}, {"index": 28, "speaker": "ASSISTANT", "text": "Okay, 10:15 AM.", "segments": [{"start_index": 6, "end_index": 14, "text": "10:15 AM", "annotations": [{"name": "flight2_detail.from.time"}]}]}, {"index": 29, "speaker": "ASSISTANT", "text": "You will arrive back in JFK at 6:42 PM.", "segments": [{"start_index": 24, "end_index": 27, "text": "JFK", "annotations": [{"name": "flight2_detail.to.time"}]}, {"start_index": 31, "end_index": 38, "text": "6:42 PM", "annotations": [{"name": "flight2_detail.to.time"}]}]}, {"index": 30, "speaker": "USER", "text": "Excellent."}, {"index": 31, "speaker": "ASSISTANT", "text": "The total for this economy non-stop flight with delta is $421.", "segments": [{"start_index": 19, "end_index": 26, "text": "economy", "annotations": [{"name": "flight2_detail.seating_class"}, {"name": "flight1_detail.seating_class"}]}, {"start_index": 57, "end_index": 61, "text": "$421", "annotations": [{"name": "flight_search.total_fare"}]}, {"start_index": 48, "end_index": 53, "text": "delta", "annotations": [{"name": "flight1_detail.airline"}, {"name": "flight2_detail.airline"}]}, {"start_index": 27, "end_index": 35, "text": "non-stop", "annotations": [{"name": "flight1_detail.stops"}, {"name": "flight2_detail.stops"}]}]}, {"index": 32, "speaker": "USER", "text": "Sounds good to me."}, {"index": 33, "speaker": "ASSISTANT", "text": "Great."}, {"index": 34, "speaker": "ASSISTANT", "text": "I'll send you the details.", "segments": [{"start_index": 0, "end_index": 25, "text": "I'll send you the details", "annotations": [{"name": "flight_booked.flight_booked"}]}]}, {"index": 35, "speaker": "USER", "text": "Go ahead and book it. Excellent, thank you."}, {"index": 36, "speaker": "ASSISTANT", "text": "Goodbye."}]}, {"conversation_id": "dlg-0047a087-6a3c-4f27-b0e6-268f53a2e013", "instruction_id": "flight-6", "utterances": [{"index": 0, "speaker": "USER", "text": "Hi, I'm looking for a flight. I need to visit a friend."}, {"index": 1, "speaker": "ASSISTANT", "text": "Hello, how can I help you?"}, {"index": 2, "speaker": "ASSISTANT", "text": "Sure, I can help you with that."}, {"index": 3, "speaker": "ASSISTANT", "text": "On what dates?"}, {"index": 4, "speaker": "USER", "text": "I'm looking to travel from March 20th to 22nd.", "segments": [{"start_index": 27, "end_index": 37, "text": "March 20th", "annotations": [{"name": "flight_search.date.depart_origin"}]}, {"start_index": 41, "end_index": 45, "text": "22nd", "annotations": [{"name": "flight_search.date.return"}]}]}, {"index": 5, "speaker": "ASSISTANT", "text": "May I know the time, when would you like to travel?"}, {"index": 6, "speaker": "USER", "text": "I'd like to travel in the morning and the economy class is fine.", "segments": [{"start_index": 26, "end_index": 33, "text": "morning", "annotations": [{"name": "flight_search.time_of_day"}]}, {"start_index": 42, "end_index": 49, "text": "economy", "annotations": [{"name": "flight_search.seating_class"}]}]}, {"index": 7, "speaker": "ASSISTANT", "text": "What seating class?"}, {"index": 8, "speaker": "USER", "text": "Economy class.", "segments": [{"start_index": 0, "end_index": 7, "text": "Economy", "annotations": [{"name": "flight_search.seating_class"}]}]}, {"index": 9, "speaker": "ASSISTANT", "text": "Anything else?"}, {"index": 10, "speaker": "USER", "text": "That should be everything."}, {"index": 11, "speaker": "ASSISTANT", "text": "I found a flight for $424 on United Airlines.", "segments": [{"start_index": 21, "end_index": 25, "text": "$424", "annotations": [{"name": "flight1_detail.fare"}]}, {"start_index": 29, "end_index": 44, "text": "United Airlines", "annotations": [{"name": "flight1_detail.airline"}]}]}, {"index": 12, "speaker": "USER", "text": "Okay, is that for New York?", "segments": [{"start_index": 18, "end_index": 26, "text": "New York", "annotations": [{"name": "flight1_detail.to"}]}]}, {"index": 13, "speaker": "ASSISTANT", "text": "Yes."}, {"index": 14, "speaker": "USER", "text": "Is that nonstop?", "segments": [{"start_index": 8, "end_index": 15, "text": "nonstop", "annotations": [{"name": "flight_search.stops"}]}]}, {"index": 15, "speaker": "ASSISTANT", "text": "One stop at Chicago O'Hare for 3 hours.", "segments": [{"start_index": 0, "end_index": 8, "text": "One stop", "annotations": [{"name": "flight1_detail.stops"}]}, {"start_index": 12, "end_index": 26, "text": "Chicago O'Hare", "annotations": [{"name": "flight1_detail.stops.location"}]}, {"start_index": 12, "end_index": 38, "text": "Chicago O'Hare for 3 hours", "annotations": [{"name": "flight1_detail.other_description"}]}]}, {"index": 16, "speaker": "USER", "text": "Okay, that's fine."}, {"index": 17, "speaker": "ASSISTANT", "text": "Booking flight.", "segments": [{"start_index": 0, "end_index": 14, "text": "Booking flight", "annotations": [{"name": "flight_booked.flight_booked"}]}]}, {"index": 18, "speaker": "USER", "text": "Thank you."}, {"index": 19, "speaker": "ASSISTANT", "text": "Is there anything else, I can help you with?"}, {"index": 20, "speaker": "USER", "text": "Nothing else today."}, {"index": 21, "speaker": "ASSISTANT", "text": "Have a nice day."}, {"index": 22, "speaker": "USER", "text": "You, too."}]}, {"conversation_id": "dlg-005d7a68-35ec-4ed0-a0ab-715a499b48b7", "instruction_id": "flight-11", "utterances": [{"index": 0, "speaker": "USER", "text": "Hi assistant, need help finding a flight from Houston to London.", "segments": [{"start_index": 46, "end_index": 53, "text": "Houston", "annotations": [{"name": "flight_search.origin"}]}, {"start_index": 57, "end_index": 63, "text": "London", "annotations": [{"name": "flight_search.destination1"}]}]}, {"index": 1, "speaker": "ASSISTANT", "text": "Okay, you got it."}, {"index": 2, "speaker": "USER", "text": "Need to fly out on July 2nd in the afternoon.", "segments": [{"start_index": 19, "end_index": 27, "text": "July 2nd", "annotations": [{"name": "flight_search.date.depart_origin"}]}, {"start_index": 28, "end_index": 44, "text": "in the afternoon", "annotations": [{"name": "flight_search.time_of_day"}]}]}, {"index": 3, "speaker": "ASSISTANT", "text": "And when would you like to come back?"}, {"index": 4, "speaker": "USER", "text": "I need to fly back July 7th. I need something cheap.", "segments": [{"start_index": 19, "end_index": 27, "text": "July 7th", "annotations": [{"name": "flight_search.date.return"}]}, {"start_index": 46, "end_index": 51, "text": "cheap", "annotations": [{"name": "flight_search.price_range"}]}]}, {"index": 5, "speaker": "ASSISTANT", "text": "Okay, the cheapest flight currently is $3,200.", "segments": [{"start_index": 6, "end_index": 25, "text": "the cheapest flight", "annotations": [{"name": "flight_search.price_range"}]}, {"start_index": 39, "end_index": 45, "text": "$3,200", "annotations": [{"name": "flight_search.total_fare"}]}]}, {"index": 6, "speaker": "USER", "text": "Let's go ahead and book that."}, {"index": 7, "speaker": "ASSISTANT", "text": "All right you're all set, is that it?", "segments": [{"start_index": 0, "end_index": 23, "text": "All right you're all se", "annotations": [{"name": "flight_booked.flight_booked"}]}]}, {"index": 8, "speaker": "USER", "text": "That's it. Thank you."}, {"index": 9, "speaker": "ASSISTANT", "text": "My pleasure, take care, enjoy your flight. Have a great night."}, {"index": 10, "speaker": "USER", "text": "Bye."}]}, {"conversation_id": "dlg-006d8337-fc53-4aac-8895-b2f0caa14baa", "instruction_id": "flight-6", "utterances": [{"index": 0, "speaker": "ASSISTANT", "text": "Hi. How can I help you?"}, {"index": 1, "speaker": "USER", "text": "Hello. I need to take a trip to Albany, New York.", "segments": [{"start_index": 32, "end_index": 48, "text": "Albany, New York", "annotations": [{"name": "flight_search.destination1"}]}]}, {"index": 2, "speaker": "ASSISTANT", "text": "Okay. I see that you're in Seattle right now. Is that where you want to fly out from to Albany?", "segments": [{"start_index": 27, "end_index": 34, "text": "Seattle", "annotations": [{"name": "flight_search.origin"}]}, {"start_index": 88, "end_index": 94, "text": "Albany", "annotations": [{"name": "flight_search.destination1"}]}]}, {"index": 3, "speaker": "USER", "text": "Correct."}, {"index": 4, "speaker": "ASSISTANT", "text": "What dates do you want to travel?"}, {"index": 5, "speaker": "USER", "text": "I'd like to leave this Friday and return exactly in one week.", "segments": [{"start_index": 18, "end_index": 29, "text": "this Friday", "annotations": [{"name": "flight_search.date.depart_origin"}]}, {"start_index": 41, "end_index": 60, "text": "exactly in one week", "annotations": [{"name": "flight_search.date.return"}]}]}, {"index": 6, "speaker": "ASSISTANT", "text": "Do you want to return on next Thursday or Friday?", "segments": [{"start_index": 25, "end_index": 38, "text": "next Thursday", "annotations": [{"name": "flight_search.date.return"}]}, {"start_index": 42, "end_index": 48, "text": "Friday", "annotations": [{"name": "flight_search.date.return"}]}]}, {"index": 7, "speaker": "USER", "text": "Friday morning.", "segments": [{"start_index": 0, "end_index": 6, "text": "Friday", "annotations": [{"name": "flight_search.date.return"}]}, {"start_index": 7, "end_index": 14, "text": "morning", "annotations": [{"name": "flight_search.time_of_day"}]}]}, {"index": 8, "speaker": "ASSISTANT", "text": "Okay, I will find a return flight on 19th morning.", "segments": [{"start_index": 37, "end_index": 41, "text": "19th", "annotations": [{"name": "flight_search.date.return"}]}, {"start_index": 42, "end_index": 49, "text": "morning", "annotations": [{"name": "flight_search.time_of_day"}]}]}, {"index": 9, "speaker": "USER", "text": "Thank you. United Airlines, preferable.", "segments": [{"start_index": 11, "end_index": 26, "text": "United Airlines", "annotations": [{"name": "flight_search.airline"}]}]}, {"index": 10, "speaker": "ASSISTANT", "text": "How many tickets do you need?"}, {"index": 11, "speaker": "USER", "text": "Just one, direct flight, no layovers, please.", "segments": [{"start_index": 5, "end_index": 8, "text": "one", "annotations": [{"name": "flight_search.num.pax"}]}, {"start_index": 10, "end_index": 23, "text": "direct flight", "annotations": [{"name": "flight_search.stops"}]}, {"start_index": 25, "end_index": 36, "text": "no layovers", "annotations": [{"name": "flight_search.stops"}]}]}, {"index": 12, "speaker": "ASSISTANT", "text": "Do you have a preference for class?"}, {"index": 13, "speaker": "USER", "text": "First.", "segments": [{"start_index": 0, "end_index": 5, "text": "First", "annotations": [{"name": "flight_search.seating_class"}]}]}, {"index": 14, "speaker": "ASSISTANT", "text": "There are no direct flights. Do you want to check in business?", "segments": [{"start_index": 13, "end_index": 27, "text": "direct flights", "annotations": [{"name": "flight_search.stops"}]}, {"start_index": 53, "end_index": 61, "text": "business", "annotations": [{"name": "flight_search.seating_class"}]}]}, {"index": 15, "speaker": "USER", "text": "Yes, please. It'll be great."}, {"index": 16, "speaker": "ASSISTANT", "text": "There are no direct flights in any class. I will look for the shortest layover for you.", "segments": [{"start_index": 13, "end_index": 27, "text": "direct flights", "annotations": [{"name": "flight_search.stops"}]}, {"start_index": 71, "end_index": 78, "text": "layover", "annotations": [{"name": "flight_search.stops"}]}, {"start_index": 58, "end_index": 78, "text": "the shortest layover", "annotations": [{"name": "flight_search.other_description"}]}]}, {"index": 17, "speaker": "USER", "text": "Thank you."}, {"index": 18, "speaker": "ASSISTANT", "text": "Is there anything else you want me to look for?"}, {"index": 19, "speaker": "USER", "text": "I'll definitely need Wi-Fi on the flight, please. I'd like morning flights.", "segments": [{"start_index": 21, "end_index": 26, "text": "Wi-Fi", "annotations": [{"name": "flight_search.other_description"}]}, {"start_index": 59, "end_index": 66, "text": "morning", "annotations": [{"name": "flight_search.time_of_day"}]}]}, {"index": 20, "speaker": "ASSISTANT", "text": "Okay, is that it?"}, {"index": 21, "speaker": "USER", "text": "Yes."}, {"index": 22, "speaker": "ASSISTANT", "text": "I found you a 6 am flight with United Airlines. The cost of the ticket is $1,430. It has Wi-Fi, first class and has one stop for an hour and a half. The total flight time is 7 hours and 24 minutes. How does that sound?", "segments": [{"start_index": 14, "end_index": 18, "text": "6 am", "annotations": [{"name": "flight1_detail.from.time"}]}, {"start_index": 31, "end_index": 46, "text": "United Airlines", "annotations": [{"name": "flight1_detail.airline"}]}, {"start_index": 74, "end_index": 80, "text": "$1,430", "annotations": [{"name": "flight1_detail.fare"}]}, {"start_index": 89, "end_index": 94, "text": "Wi-Fi", "annotations": [{"name": "flight1_detail.other_description"}]}, {"start_index": 96, "end_index": 107, "text": "first class", "annotations": [{"name": "flight1_detail.seating_class"}]}, {"start_index": 116, "end_index": 124, "text": "one stop", "annotations": [{"name": "flight1_detail.stops"}]}, {"start_index": 132, "end_index": 147, "text": "hour and a half", "annotations": [{"name": "flight1_detail.other_description"}]}, {"start_index": 174, "end_index": 196, "text": "7 hours and 24 minutes", "annotations": [{"name": "flight1_detail.other_description"}]}]}, {"index": 23, "speaker": "USER", "text": "That is beautiful. I think I'm going to go ahead and take that. And you'll book that for me?"}, {"index": 24, "speaker": "ASSISTANT", "text": "I can. Do you want to know the return flight details first?"}, {"index": 25, "speaker": "USER", "text": "Yes, please."}, {"index": 26, "speaker": "ASSISTANT", "text": "The return flight leaves at 10:20 am has one stop for 15 minutes and arrives back in Seattle at 3:36 pm. How does that work for you?", "segments": [{"start_index": 28, "end_index": 36, "text": "10:20 am", "annotations": [{"name": "flight2_detail.from.time"}]}, {"start_index": 41, "end_index": 49, "text": "one stop", "annotations": [{"name": "flight2_detail.stops"}]}, {"start_index": 54, "end_index": 64, "text": "15 minutes", "annotations": [{"name": "flight2_detail.other_description"}]}, {"start_index": 85, "end_index": 92, "text": "Seattle", "annotations": [{"name": "flight2_detail.to"}]}, {"start_index": 96, "end_index": 103, "text": "3:36 pm", "annotations": [{"name": "flight2_detail.to.time"}]}]}, {"index": 27, "speaker": "USER", "text": "That's perfect. Thank you."}, {"index": 28, "speaker": "ASSISTANT", "text": "Great. You're welcome. It's booked.", "segments": [{"start_index": 23, "end_index": 34, "text": "It's booked", "annotations": [{"name": "flight_booked.flight_booked"}]}]}, {"index": 29, "speaker": "USER", "text": "And you'll send me the details to my email?"}, {"index": 30, "speaker": "ASSISTANT", "text": "I will do that."}, {"index": 31, "speaker": "ASSISTANT", "text": "It is done. Thank you."}, {"index": 32, "speaker": "USER", "text": "You're welcome. Thank you so much."}, {"index": 33, "speaker": "ASSISTANT", "text": "Have a good flight."}]}]