<benchmark>
  <entries>
    <entry category="MeanOfTransportation" eid="Id1" size="2">
      <originaltripleset>
        <otriple>1955_Dodge | engine | 230</otriple>
        <otriple>1955_Dodge | bodyStyle | Hardtop</otriple>
      </originaltripleset>
      <modifiedtripleset>
        <mtriple>1955_Dodge | engine | 230 (cubic inches)</mtriple>
        <mtriple>1955_Dodge | bodyStyle | Hardtop</mtriple>
      </modifiedtripleset>
      <lex comment="good" lid="Id1">The 1955 Dodge has a hardtop and it engine is 230 cubic inches.</lex>
      <lex comment="good" lid="Id2">The 1955 Dodge, has an engine size of 230 cubic inches and a hardtop.</lex>
      <lex comment="good" lid="Id3">The engine size in the 1955 Dodge is 230 cubic inches and the vehicle has a hardtop.</lex>
    </entry>
    </entries>
</benchmark>