whoTarget,intentYN,sexYN,sexReason,offensiveYN,annotatorGender,annotatorMinority,sexPhrase,speakerMinorityYN,WorkerId,HITId,annotatorPolitics,annotatorRace,annotatorAge,post,targetMinority,targetCategory,targetStereotype
0.0,0.66,0.0,,1.0,woman,women,,,-7090297418013232722,3DA79LNS59PNAW62RLUHAOPS7E2T38,other,white,38.0,Fuc u say ? &#8220;@AyyyeThatsChubb: All these hoes look good on IG&#8221; http://t.co/PlsFL84cDp,,,
,0.0,0.0,,0.0,man,,,,3541686222721437796,3DA79LNS59PNAW62RLUHAOPS7E2T38,liberal,white,37.0,Fuc u say ? &#8220;@AyyyeThatsChubb: All these hoes look good on IG&#8221; http://t.co/PlsFL84cDp,,,
0.0,0.66,0.0,,0.5,man,,,,-7353159578349448466,3DA79LNS59PNAW62RLUHAOPS7E2T38,mod-liberal,white,32.0,Fuc u say ? &#8220;@AyyyeThatsChubb: All these hoes look good on IG&#8221; http://t.co/PlsFL84cDp,,,
0.0,1.0,1.0,calls a woman a slut,1.0,man,,Yo hoe is like a tick so she hunting for a blood,,2430897476320006833,3OQQD2WO8I0X1IQRX9VDWHNJWXN3I2,cons,white,32.0,Yo hoe is like a tick so she hunting for a blood,,,
