<benchmark>
  <entries>
    <entry category="Monument" eid="Id1" shape="(X (X) (X) (X) (X) (X) (X))" shape_type="sibling" size="6">
      <originaltripleset>
        <otriple>11th_Mississippi_Infantry_Monument | country | "United States"@en</otriple>
        <otriple>11th_Mississippi_Infantry_Monument | region | Adams_County,_Pennsylvania</otriple>
        <otriple>11th_Mississippi_Infantry_Monument | state | "Pennsylvania"@en</otriple>
        <otriple>11th_Mississippi_Infantry_Monument | established | 2000</otriple>
        <otriple>11th_Mississippi_Infantry_Monument | category | Contributing_property</otriple>
        <otriple>11th_Mississippi_Infantry_Monument | municipality | Gettysburg,_Pennsylvania</otriple>
      </originaltripleset>
      <originaltripleset>
        <otriple>11th_Mississippi_Infantry_Monument | country | "United States"@en</otriple>
        <otriple>11th_Mississippi_Infantry_Monument | established | 2000</otriple>
        <otriple>11th_Mississippi_Infantry_Monument | state | "Pennsylvania"@en</otriple>
        <otriple>11th_Mississippi_Infantry_Monument | category | Contributing_property</otriple>
        <otriple>11th_Mississippi_Infantry_Monument | municipality | Gettysburg,_Pennsylvania</otriple>
        <otriple>11th_Mississippi_Infantry_Monument | region | Adams_County,_Pennsylvania</otriple>
      </originaltripleset>
      <modifiedtripleset>
        <mtriple>11th_Mississippi_Infantry_Monument | country | "United States"</mtriple>
        <mtriple>11th_Mississippi_Infantry_Monument | location | Adams_County,_Pennsylvania</mtriple>
        <mtriple>11th_Mississippi_Infantry_Monument | state | "Pennsylvania"</mtriple>
        <mtriple>11th_Mississippi_Infantry_Monument | established | 2000</mtriple>
        <mtriple>11th_Mississippi_Infantry_Monument | category | Contributing_property</mtriple>
        <mtriple>11th_Mississippi_Infantry_Monument | municipality | Gettysburg,_Pennsylvania</mtriple>
      </modifiedtripleset>
      <lex lang="en" lid="Id1">The 11th Mississippi Infantry monument was completed in 2000 and categorised as a contributing property. It is located in the municipality of Gettysburg, Adams County, Pennsylvania, United States.</lex>
      <lex lang="ru" lid="Id1">Памятник 11-му пехотному полку Миссисипи был возведен в 2000 году и классифицирован как здание, имеющее историческую ценность. Он расположен в муниципалитете Геттисберг, округ Адамс, Пенсильвания, США.</lex>
      <lex lang="en" lid="Id2">The 11th Mississippi Infantry Monument was erected in 2000 in Gettysburg, Adams County, Pennsylvania, USA. It falls under the category of Contributing Property.</lex>
      <lex lang="ru" lid="Id2">Памятник 11-му пехотному полку Миссисипи был возведен в 2000 году в Геттисберге, округ Адамс, штат Пенсильвания, США. Он подпадает под категорию объектов исторической ценности.</lex>
      <lex lang="en" lid="Id3">The 11th Mississippi Infantry Monument was established in 2000 and categorised as contributing property. It is located in Gettysburg, Adams County, Pennsylvania, United States.</lex>
      <lex lang="ru" lid="Id3">Памятник 11-му пехотному полку Миссисипи был установлен в 2000 году и отнесен к историческим зданиям. Он расположен в Геттисберге, округ Адамс, Пенсильвания, США.</lex>
      <dbpedialinks>
        <dbpedialink direction="en2ru">Gettysburg,_Pennsylvania | sameAs | Геттисберг</dbpedialink>
        <dbpedialink direction="en2ru">2000 | sameAs | 2000_год</dbpedialink>
      </dbpedialinks>
      <links>
        <link direction="en2ru">Adams County, Pennsylvania | includes | округ Адамс</link>
        <link direction="en2ru">Adams County, Pennsylvania | includes | Пенсильвания</link>
        <link direction="en2ru">Contributing property | sameAs | историческое здание / историческая ценность</link>
        <link direction="en2ru">11th Mississippi Infantry Monument | sameAs | Памятник 11-му пехотному полку Миссисипи</link>
        <link direction="en2ru">Pennsylvania | sameAs | Пенсильвания</link>
      </links>
    </entry>
    </entries>
</benchmark>