[{"plot": "Set in the second half of the 22nd century, Mars has been 84% terraformed, allowing humans to walk on the surface without pressure suits. Martian society has become matriarchal, with women in most positions of authority. The story concerns police officer Melanie Ballard (Natasha Henstridge), second in command of a team alongside Sergeant Jericho (Jason Statham) sent to a remote mining outpost to transport prisoner Desolation Williams (Ice Cube). Arriving at the remote mining town, Ballard finds all of the people missing. She learns that they had discovered an underground doorway created by an ancient Martian civilization. When the door was opened it released disembodied spirits or \"ghosts\", which took possession of the miners.\nThe possessed miners commit horrific acts of death and destruction, along with self-mutilation. When team leader Helena Bradock (Pam Grier) is murdered, Ballard must assume command, fight off the possessed miners, escape the town and hopefully destroy the ghosts. Unfortunately, killing a possessed human merely releases the Martian spirit to possess another human. The team eventually decides to blow up a nuclear reactor to vaporize all of the ghosts.\nBallard's crew, along with survivors who gathered in the jail, are eventually wiped out by the miners. At one point, Ballard is nearly possessed, but resists when she is given a drug and discovers that the spirits are attacking them as they believe that the humans are invaders and plan to exterminate the humans on Mars (as it is presumed that the spirits are unaware of the fact that the humans believed that life on Mars died out). Only Ballard and Williams are left after Sergeant Jericho and the other officers, along with the two train operators, are killed when they try to finish the fight. Not wanting to be blamed for the massacre, Williams handcuffs Ballard to her cot and escapes from the train. Returning home, Ballard delivers her report, which her superiors refuse to believe. While Ballard recuperates in the hospital, the released spirits, unharmed from the nuclear explosion, attack the city. Ballard and Williams are going to fight to stay alive.\n", "title": "Ghosts of Mars", "qa": [{"id": "28ded42d-f6d5-aac6-cf6f-9e6e0820c5aa", "question": "who is there with Melanie Ballard?", "answers": ["second in command Sergeant  Jericho and prisoner Desolation Williams", "Williams"], "no_answer": false}, {"id": "e7db917a-426b-62c1-01f8-a8eff0a71880", "question": "Who is colonized by a high tech company?", "answers": ["Humans on Mars", "Mars"], "no_answer": false}, {"id": "43b629d6-29b2-473a-4f09-9302c17ddd24", "question": "Where is Melanie Ballard?", "answers": ["in the hospital", "in a remote mining town in mars"], "no_answer": false}, {"id": "d73065ee-964b-aae9-0420-a62c507b63ed", "question": "How did the police arrive at the Mars mining camp?", "answers": ["Space ship", "Train"], "no_answer": false}, {"id": "518eaeb8-05bd-5d29-db2f-1d86ea218034", "question": "What is the problem with the miners", "answers": ["possessed", "their body's were taken over by the spirits"], "no_answer": false}, {"id": "d620a095-ac3b-bd9e-0abf-07c9edf69b18", "question": "When does this story take place", "answers": ["22nd century", "Future"], "no_answer": false}, {"id": "b97a0bd9-3930-6f2c-ebb4-f882a22c764a", "question": "Which two people reach the headquarters alive?", "answers": ["Melanie Ballard and Sergeant Jericho"], "no_answer": false}, {"id": "5391d81b-b576-0123-4d06-9f508a471b30", "question": "Who survives leaving the mining camp and the prison?", "answers": ["Williams (ice cube)"], "no_answer": false}, {"id": "1746e651-10a9-a2d0-3dcc-c4dfcca140db", "question": "Who is the only prisoner in the camp?", "answers": ["Ballard", "Desolation Williams"], "no_answer": false}, {"id": "93aec55b-e0ab-948b-fe69-ee994ea61969", "question": "How do Melanie and the police officers arrive to the Mars mining camp?", "answers": ["They had discovered an underground doorway created by an ancient Martian civilization."], "no_answer": false}, {"id": "097c8618-7790-b45d-e4d3-739152fc9104", "question": "Who has colonized Mars 200 years in the future?", "answers": ["Humans"], "no_answer": false}, {"id": "0167b6c2-8490-211f-b587-a5de08972536", "question": "What else reaches the headquarters along with them?", "answers": [], "no_answer": true}, {"id": "55c37309-fe98-3fcc-748e-0aad8a18c66a", "question": "Who melanie and the policemen meet?", "answers": ["the missing people"], "no_answer": false}, {"id": "edd806e3-68a5-fd9a-9142-2320984768da", "question": "Who is the only person left at the camp?", "answers": ["Ballard"], "no_answer": false}, {"id": "8a4f6f3c-5e34-4768-82c4-e9768831b130", "question": "What color was the dust when unleashed?", "answers": ["red color"], "no_answer": false}], "id": "/m/03vyhn"}, {"plot": "\n\nThe film starts on December 12th, 2001 with a young girl named Noriko Shimabara (Kazue Fukiishi) arriving at Tokyo Station with a bag of rolling luggage. She walks upto Ginza, 'pretending to have returned from a long trip'.Chapter 1: NorikoNoriko describes her family: a father (Ken Mitsuishi), a mother (Sanae Miyata) and a younger sister named Yuka (Yuriko Yoshitaka). A 17 year old in Junior High School, Noriko conflicts with her father over her choice of college. While Noriko wishes to go to the city and lead a more urban life, her father wants her to go to a local university. This decision is encouraged by the fact that when two of Noriko's cousins went to Tokyo, they returned pregnant.When returning from school one day, Noriko meets a friend from elementary school, nicknamed Tangerine (Y\u00f4ko Mitsuya). After high school, Tangerine ended up going to an 'image club', where she performs for erotic photos and such things. Noriko envies Tangerine's bubbly nature and apparent happiness, and that the latter is already independent.Noriko's father was a reporter for a local newspaper, where he reported trivial local news. Despite being uninterested in his work, Noriko begins writing for her school newspaper, published once a month. In her paper, she advocates unlimited access to the school computers, as her home only has one computer, which she has to share with her family members.Alienated by her family, Noriko desires escape from her surroundings. Eventually, Noriko succeeds in hacing her teachers let students use computers uptil the evening. Under the handle name of 'Mitsuko', Noriko makes friends on an online site called Haikyo.com, where teenage girls talk about their problems. These become Noriko's best friends, especially a charismatic member of the group who goes by the handle 'Ueno Station 54'. As the girls are from Tokyo, Noriko too desires to go to Tokyo.Noriko's father refuses to let her go to Tokyo, and midway during that conversation, the house's breaker switch goes off, plunging the house in darkness. In the dark, Noriko impulsively packs her bags and leaves home on December 10th, 2001.Arriving in Tokyo, Noriko feels overwhelmed with life, but at the same time desires to experience and challenge it. In a cyber cafe, Noriko logs on to Haikyo.com to talk to Ueno Station 54, whom she idolises by now. The latter instructs Noriko to meet her at 11 am the next day at Ueno Station #54. Noriko stays at a cheap hotel that night, signing under the name of 'Mitsuko Shimabara'.Waking up the next day, Noriko declares, \"I am Mitsuko\" and goes to Ueno Station. Unaware of what #54 would mean, she searches the station until she finds the station's lockers. There, she finds the locker numbered 54, and meets Ueno Station 54 (Tsugumi).6 months later, on the 24th of May, 2002 at 7:29 PM, 54 schoolgirls kill themselves by jumping before a metro train on Track 8 at Shinjuku Station, causing a media sensation.Yuka sits alone in her classroom and says in voiceover that she always wanted to laugh and 'be silly' like other girls her age, and that she never wanted to cry.Chapter 2: YukaYuka jokes with a schoolmate, wondering if her sister Noriko was part of the 54 girls who committed suicide. Yuka shows him Haikyo.com, on which an array of red dots represents female suicide victims, 54 of which appeared the night before the mass suicide. On the same site, she finds a question on a blank screen: \"Are you connected to yourself?\"From this point on, the story switches viewpoints frequently: Noriko in December 2001 in Tokyo and Yuka in May 2002, after the suicides.Noriko meets Ueno Station 54, who goes by the name of Kumiko. She introduces Noriko to her family, consisting of her dad, mother and younger brother. Yuka, missing her sister, explores the latter's belongings and finds this diary. Noriko also suspects that a member of Haikyo.com under the handle 'Yoko' is actually Yuka.Kumiko takes Noriko to Ueno Station's Locker #54, where Kumiko shows her an array of belongings, each representing a happy memory of Kumiko's life. In truth, the objects were all picked up after being left behind by someone else, and Kumiko came up with stories linked to them. As Noriko narrates, Kumiko has \"no genuine memories.\" Noriko philosophises that her life uptil now consisted of fabricated memories preceding her coming-out as a woman named Mitsuko. She gives Kumiko a loose thread from their jacket, which she called \"Mitsuko's umbilical cord\" and places in Locker #54.Noriko's father Tetsuzo becomes distracted after Noriko's disappearance, but tries not to show it. Yuka reveals that she became Yoko to \"be connected to herself\". She leaves a clue for her father behind a poster in her room. \"Hearing her sister's voice like a radio\" all the time, Yuka runs away as well.Tetsuzo is devastated that Yuka has gone as well, and quits his job. He searches for the two, but according to Yuka, \"lacks any understanding of the two\". Tetsuzo searches for clues in the girls' room.Cut back to Yuka, who writes a diary in her classroom, speculating what her father would do if she disappeared. After finding the clue left behind by Yuka, her father and mother would check every website visited by their parents and draw out the lives they led. Eventually, Tetsuzo would find the link between Noriko and Ueno Station 54, and guess correctly that the handle refers to Locker #54. He stops sharing information with his wife, aware of how outlandish an outcome his investigations are revealing.Tabloid headlines begin to warn of a \"Suicide Club\" responsible for the mass suicide at Shinjuku Station, which makes Tetsuzo's own conclusions regarding Noriko and Yuka.December 11, 2002 - after 3 months of investigation, he concludes that the Suicide Club exists, its members meet on Haikyo.com and that the dots on the site represent suicide victims.While writing this speculation, Yuka tears out her writing, deliberately leaving behind an imprint on the next page and decides to leave Toyokawa for Tokyo.Chapter 3: KumikoAfter meeting Kumiko at Ueno Station, Noriko goes with the former's family to meet Kumiko's grandmother. Despite being unrelated to the family, she finds the environment \"cozy\" and describes them as the \"epitome of happiness\", in complete contrast to her own Shimabara family. Noriko wishes badly to be a member of that family. The next day, they go to another grandmother's house.Noriko continues to envy the seemingly perfect family, with each member of the family fulfilling their role perfectly. She wonders \"Could there be a more family-like family anywhere in the world?\". When the grandmother refers to Noriko as Mitsuko, Noriko declares in her post to Yuka that she became a member of that family under the name of Mitsuko. She instructs Yuka that the most important thing is to be connected to yourself, and tells Yuka that she is connected to herself, as are the other members of Kumiko's family.Kumiko's family visits a grandfather's house, where Kumiko asks \"Mitsuko\" to wait in the car for 5 minutes before entering the house. The family members treat her as Kumiko's sister, and she finds \"her\" dying grandfather who dies before Mitsuko, and everyone in the family begins grieving for her. Kumiko secretly smiles at Mitsuko during the grieving and suddenly, her grandfather wakes up and says that \"the new girl is good\", referring to Mitsuko.Kumiko shows Mitsuko a wide array of toothbrushes and perfumes, saying that you need to pick a new toothbrush for each client. Kumiko tells Mitsuko a story about a baby born in a coin locker, and the baby's mother went to meet the baby many years later, but was a bad actress and \"sucked at playing a mother\". Mitsuko tells Noriko a story about a family of parents and two daughters who were seemingly happy. Kumiko takes over from Mitsuko, saying that the although the father was hard-working, he could not understand his daughters' individuality, which is why they ran away.Kumiko and Mitsuko go to Tokyo's Suginami Ward, where they spot a number of stray cats. Kumiko says that stray cats can form families instantly and are 'tough'. She tells Mitsuko that they must relate to each other like stray cats.Dressed like trashy punks with leather jackets, Kumiko and Mitsuko arrive at a \"client's\" house in Suginami Ward. The client, a middle-aged man with unkempt hair and an unshaven face berates the two and lets them in. In the house, Mitsuko spots a number of mortuary tablets representing the man's family. The man plays the role of an alcoholic and smoking-addicted father while the girls are his estranged daughters that have returned home. Mitsuko for a second, recalls her father as she was Noriko, but discards the thought, thinking that her real father is sitting in front of her.The \"father\" breaks down before the girls, saying that he deeply missed them after they disappeared. Kumiko, after being slapped by the man, leave the home, but Mitsuko begs to return \"home\". Together, the two girls embrace \"their father\". Together, the three share a family dinner. The father declares his intentions of 'starting over' as a family after a string of gambling victories. Mitsuko is deeply moved by the session losing control of her emotions, becomes a part of the act. Abruptly, the session's 'time' is up, and the man begins to pay Kumiko. Mitsuko asks to stretch the session longer, but Kumiko kicks the man away and leaves the place with the money owed, dragging an emotionally overwhelmed Noriko with her. In her post to Yuka, describes the business as \"family rental\".Mitsuko reveals that the Kumiko was the baby born in a coin locker, and that she will be turning 25 soon, and the two are wondering which family to share the birthday with.1 Year LaterTetsuzo finds Kumiko in Tokyo after staking out Ueno Station. She gives him a card asking him to contact the number on it if he has need for her services. Tetsuzo arranges to meet a representative of Kumiko's organisation in a restaurant. The reprentative asks Tetsuzo if he is connected to himself and tells him that there is no such thing as \"Suicide Club\", describing it as a 'circle'. He asks Tetsuzo to imagine if Amaterasu were born in a coin locker, and that the collapse of civilization began in Locker #54 in Ueno Station.The representative describes Kumiko's business, named 'I.C. Corp' as a family rental business, whose members spend time with clients and pretend to be family members, sometimes for decades. Tetsuzo speculates that because Kumiko, who was born in a coin locker, wanted revenge on society, she wanted to 'turn every kid into a Kumiko' and caused the mass suicides.The representative asks Tetsuzo if he really is connected to himself and accuses him of being unable to play his roles in life as a reporter and a father. As the world is full of such people who have failed at their roles in life, the representative says that the only path forward is \"to lie openly and pursue happiness\" and survive the desert of loneliness. The crowd in the restaurant, who has by this time, been following the conversation, stands up and claps.Tetsuzo has a dream about being in a museum corridor, looking at his daughters as museum exhibits, away from his reach. He dreams himself in the metaphorical desert and vows to find his daughters.Chapter 4: TetsuzoTetsuzo reads the story left behind by Yuka. After her disappearance, Tetsuzo continues going to his job as usual, and quits his job 2 months later, after his wife kills herself. Tetsuzo beats himself up for being a worse father than Yuka had imagined, for choosing his career over his family.Tetsuzo describes Toyokawa as a 'perfect town' and writing pieces about the town was like painting a pastoral picture. His wife Taeko sketches a painting based on a photograph of the family, but changes their daughter's indifferent expressions to more lively ones.When Tetsuzo reads Yuka's words that \"the only thing he understood was that he didn't understand them at all\", he breaks down and thrashes apart his room full of investigation notes. A month later, his wife, Taeko kills herself by slashing her wrists in the rain. Tetsuzo reads Yuka's notes repeatedly, regretting that although she could see right through him, he never understood his daughters.Tetsuzo meets an old colleague of his in a hotel in Tokyo. Tetsuzo tells him the events of the past one and a half years and asks if the latter has heard of the Suicide Club. He instructs his colleague to meet Kumiko in the room later and rent a family, stressing that Noriko and Yuka should be played by Mitsuko and Yoko, and Kumiko must play Taeko.Ikeda meets Kumiko, who shows him a photo album from which he picks Mitsuko and Yoko to be the elder and younger sisters.\"Yoko\", i.e. Yuka in I.C. Corp, meets Mitsuko, who does not respond to Yoko's greetings. Kumiko stresses taht the two are Yoko and Mitsuko, and not Yuka and Noriko. The two are given a map to memorise, as the client wants the family to pretend to have lived there for 20 years. Kumiko narrates that she was already aware that Tetsuzo was 'behind this'.Yoko asks to see the coat Mitsuko wore when she disappeared and asks her to put on her glasses and imitate Noriko. Kumiko warns the girls to be careful, as this isn't a \"normal client\". Kumiko narrates that five years ago, she met a woman claiming to be her real mother. Kumiko calls the woman a terrible actress and claims that a coin locker is her mother, ignoring the woman's constant crying and pleading. Kumiko agrees to take her in their organisation and train her to play a mother. The mother keeps referring to Kumiko as 'Mitsuko', as that is what she had named the baby.As they are travelling to the client's location, Kumiko tells Mitsuko and Yoko that if they are successful in the following session, they will have become \"the real you\". She cautions the two to not get confused.At 8:29 pm that night, Tetsuzo is waiting with his colleague at the predetermined house. He has brought along the pocket knife his wife killed herself with. As Kumiko and company arrives, Tetsuzo hides in a cupboard.Tetsuzo searched for a house that resembled his own, and transported everything from his old house to the new house, placing the belongings of his family members to their standard locations.Ikeda welcomes the three girls home. The girls are shocked to see a home so obviously similar to their own old home. Tetsuzo watches them from behind the cupboard. The calendar shows the month of December, 2001. Kumiko deftly breaks the freeze, and the session continues as usual.Tetsuzo wonders if the girls' corny acting is what all the clients wanted. Ikeda remarks that he forgot to buy meat and Kumiko volunteers to go buy it. Ikeda also asks her to buy Cherry cigarettes, finding which would buy Tetsuzo the time he needs.Ikeda asks the girls to put their bags in their room - which looks exactly as the girls' old room did. The girls are visibly affected, but continue to pretend to not notice.Kumiko, in the streets, remarks that she made up her past and stuffed it in a coin locker, but that it was all a 'cardboard box' that could dissolve in the rain. One of the members of the organisation, Broken Dam, received a request from a client who wanted to kill her. She delivers a lecture to the organisation before the session, narrating how when a bully played the role of a victim, he never bullied anyone again. She explains that although people \"want the champagne and not the glass, the flower and not the vase\", the roles of the glass and the vase still have to be filled. She hypothesizes that everyone has to reverse their roles and find out who they really are. She describes this as the 'circle of life' and that like the never-ending digits of pi, no circle is ever a perfect circle, but with a compass and a thick outline, a suitably perfect one can be made. She stresses that while tigers and lions cannot switch places, humans can and should.Kumiko further philosophises this in a monologue delivered while walking down the street. She says that she is \"sick of shameless outlines of people seeking happiness\", who just want to \"eat rabbits\" and not be them. She remembers that when the Circle expanded, many of the members from the old Haikyo.com site died, some killing themselves and some being killed.Kumiko remembers going with Broken Dam to the latter's final session. The client is a mentally unstable husband who wants to kill his wife for adultery, despite the latter's apologies. The client stabs Broken Dam repeatedly while Kumiko watches on amused by the \"act\" and the song 'Bara ga saita' plays in the background on a radio. After the murder, the client hads over his payment to Kumiko and talks insanely to his dead \"wife\". Kumiko remarks that Broken Dam fulfilled her role perfectly. We see that on the night of the mass suicide at Shinjuku Station, three members who were friends of Noriko from her Haikyo.com days, took part in the mass suicide while Kumiko made Mitsuko watch, under the expectation the latter would undertake a task of such a magnitude. Kumiko believes however, that Mitsuko would transcend even this.Last Chapter: The Knife in the PocketIkeda asks to Tetsuzo to come out while Mitsuko and Yoko are at the table. Tetsuzo overcomes his nervousness to emerge from the cupboard and except for Ikeda, the three remain frozen. Mitsuko call Tetsuzo a stranger and deliberately stress their new names to him, while Yoko is too paralysed to react. Ikeda implores the girls to listen to their father and prepares to leave. He asks Yuka to recognise her father, but the latter refuses. Kumiko returns home and Ikeda throws her out of the glass-paned door to prevent her from interfering, warning her to stay out of the mess, taking him with her, as he is the customer.Tetsuzo draws the pocket-knife as Mitsuko lies on the floor crying and imploring the 'stranger' to get out. Tetsuzo gestures at her with his knife, calling her by the name 'Noriko', while the latter insists she is Mitsuko. Tetsuzo stabs wildly in the air, confused and angry, while Yoko remains sobbing in a corner.Men from the circle arrive home and start to savagely beat up Tetsuzo, who attacks them with his knife. Mitsuko stands stunned at the window, calling herself a \"nameless girl in a nameless town\" and hallucinates Tangerine in the snow. She sees Yoko crying in a corner, while Tetsuzo stands alone in the room, having killed everyone else with the knife.Kumiko arrives home; she, Mitsuko and Yoko resume their act, ignoring the bloody room, dead bodies and Tetsuzo standing paralysed with his knife. Kumiko continues, assuming Tetsuzo as the father. She suggests Testuzo that he wanted that they both die that night. She implores him to kill her, and calls Mitsuko by the name 'Noriko'. She asks him to kill her and then go away with Noriko and Yuka, even as Mitsuko protests and insists her name is 'Mitsuko'. Yuka breaks in crying, declaring that the two just 'want to avoid pain'. She asks if Tetsuzo wants to extend the session or wrap it up. She says, amidst sobs, that everyone in the room is a lion, and asks for everyone to become rabbits again, asking to extend the session.The family sits at the dinner table, eating dinner and pretending everything to be normal, the blood and dead bodies apparently having been cleaned up. Tetsuzo remembers the representative's words that there is no Suicide Club, and that the world itself is the Suicide Club, with far more suicides than the members of IC Corp. The representative says that only the ones with suicide written into their roles commit it, and asks that if one saw a lion eat a zebra, would that be called a Cannibal Club? He calls it a circle of life.Tetsuzo announces to his \"family\" that he wants to start over and redo everything, which brings Yoko and Mitsuko to tears. Kumiko calmly tells him that the family is sick of his selfish ways, which Mitsuko agrees with. Tetsuzo privately remarks that had Noriko said something like that to him in Toyokawa, he would have hit her; he apologises to her. He proposes the family 'die once and come back to life'.Yoko narrates that three hours later, she was feeling incredibly happy being in the family environment. She reminisces about her childhood with Noriko and has a bath with Mitsuko in the bath. As the latter laughs over reminiscences, she remarks that she does not know if the person is Mitsuko or Noriko. Yoko privately remarks that she wants to thank her father for setting the session up. She watches her sister sleep after a long time and feels happy about it, wanting to tell her sister \"never to stop acting, even in her sleep\".Wearing the jacket Noriko wore when she left home, Yoko thanks her father in his sleep and exits her home, noting the time to be 6 am. She finds a loose thread in her jacket and tears it off. She starts walking down the street towards the city, \"wanting to go somewhere completely different\". She claims that she was through with Yoko, but wasn't Yuka either, but just another nameless girl.Mitsuko/Noriko wakes up and remarks that \"your heart is a glass in which if you pour too much emotion, tears will spill out\". She bids goodbye to Yuka, adolescence, Haikyo.com and Mitsuko. Finally, she declares that she is Noriko.\n\n", "title": "Noriko's Dinner Table", "qa": [{"id": "3f917370-6184-69e4-9d00-904c7e720324", "question": "How many years have passed by the end of the film?", "answers": ["One year (December 2001-May 2002).", "Two years.", "2", "Two and a half maybe three years."], "no_answer": false}, {"id": "f430b517-d3b8-f4a5-8703-0e73ffa46e27", "question": "What is the cult's name?", "answers": ["Haikyo.com", "Suicide Club.", "Suicide Club"], "no_answer": false}, {"id": "aa7c813d-ca80-30b4-6794-603f40a59016", "question": "What is the shy, teenage girl's name?", "answers": ["Noriko", "Mitsuko"], "no_answer": false}, {"id": "9bdadd96-0738-fcd8-93bd-542bf32a6885", "question": "Who commits suicide?", "answers": ["54 schoolgirls", "Mitsuko", "Taeko"], "no_answer": false}, {"id": "cebb40e1-892b-1b1c-814c-23bc7bf39a10", "question": "How many girls jump in front of the train?", "answers": ["54", "54 girls jump in front of the train"], "no_answer": false}, {"id": "388fe7ec-3650-2d0c-029c-3bea1a6150d4", "question": "who  who attacks them with a knife ?", "answers": ["No knife attack mentioned", "Tetsuzo"], "no_answer": false}, {"id": "e46878a4-0d9d-a467-a328-60cd20c70885", "question": "In which train station does Noriko meet Ueno54?", "answers": ["Ueno", "Uneo's Station", "not mentioed", "Niriko meets Ueno Station 54 (not Ueno54) in Ueno Station"], "no_answer": false}, {"id": "b266202a-ae9a-ead4-6ad7-05c92777d5dc", "question": "who awakens shorly for Kumiko?", "answers": ["No one awakens for Kumiko", "Mitsuko", "grandfather"], "no_answer": false}, {"id": "f26d16ed-7a2a-61d9-eaa9-0ce2ee940eef", "question": "Who resorts to the internet after feeling alienated and misunderstood by her parents?", "answers": ["Noriko", "Mutsiko", "Kumiko", "Niriko Shimabara"], "no_answer": false}, {"id": "a642e8fa-0795-7870-5f85-9e391d2227bf", "question": "Where does Noriko move to?", "answers": ["Ikedas home", "tokyo", "Tokyo"], "no_answer": false}, {"id": "6b2abeb5-84b0-9948-7826-b0b8a4d13c3c", "question": "who is wife of tetsuzo?", "answers": ["Tetsuzo not mentioned", "Noriko", "Taeko"], "no_answer": false}, {"id": "c108bd06-edf8-b518-0ff0-bb2fc9878ad1", "question": "Whose member did Tetsuzo contacts?", "answers": ["I.C. Corp", "Suicide club", "Broken Dam ?", "Kumiko"], "no_answer": false}, {"id": "0e5d83c4-0dea-41bb-c534-77509c71da5e", "question": "How old is the teenage girl?", "answers": ["Seventeen", "17", "It seems unclear"], "no_answer": false}, {"id": "15270ea2-e17b-b607-8390-204975eae869", "question": "Who does Tetsuzo made to pose as a client for I. C. Corp?", "answers": ["There is no mentin of Tetsuzo or I. C. Corp mentioned in the clip.", "Ikeda", "Kumiko", "Tetsuzo"], "no_answer": false}, {"id": "76813d8a-f7d5-b4fb-6c61-0c0bc3abc2d3", "question": "What city does Yuka run off to?", "answers": ["Yea runs to Tokyo.", "Tokyo"], "no_answer": false}, {"id": "c20c4655-63d8-3677-c630-2aae21c2f465", "question": "Who refutes the existence of a \"suicide club\" and instead expounds on a concept of social roles that forms the basis of his organisation?", "answers": ["an old colleage", "I.C. Corp", "Tetsuzo"], "no_answer": false}, {"id": "266fab3b-ba55-001d-a68e-65bc53217ab0", "question": "When does Noriko run away to Tokyo?", "answers": ["December 12, 2001", "December 10, 2001", "6am"], "no_answer": false}, {"id": "0f32532c-cfa6-c9b5-21a6-cf6d74725993", "question": "How many chapters is the film divided into?", "answers": ["4", "Five chapters.", "5", "Two", "Three"], "no_answer": false}, {"id": "6f82f131-9ce5-b3b9-4b59-ea5302d1c6cf", "question": "To beat whom  thugs from the organisation arrive?", "answers": ["Cannibal Club", "Question does not make sense", "Tetsuzo"], "no_answer": false}], "id": "/m/0994bg"}, {"plot": "\n\nA brutally sadistic rape leads to a series of bizarre gory murders during a midnight disco bowl-a-rama at a popular bowling alley. One by one, players of two teams meet blood-drenched gruesome deaths at the hand of a black bowling-gloved masked killer. This alley will run red with blood by sunrise and the shocking twist that reveals the killer will shock even the most jaded viewer!The film opens at Xcalibur Bowling Centre, a disco-themed bowling alley in Surrey, British Columbia. Egerton (Dan Ellis), the janitor, has allowed two groups of teenagers to bowl against one another after hours. The \"prep\", Steve (Alistair Gamble), is still bitter after his best friend Jamie (Nathan Witte), the \"jock\", had sex with Lisa (Candice Lewald), a girl with whom Steve was smitten and even took to their senior prom. After Steve and his friends Joey (Wade Gibb), Patrick (Trevor Gemma) and A.J. (Nathan Dashwood) harass the \"tranny\", Sam (Jimmy Blais), they are chastised by Jamie. This leads to a brawl between Steve's team and Jamie's. Lisa breaks up the fight by dropping a bowling ball on Steve's foot just as Steve is about to kick Jamie again. Egerton, brandishing a shotgun, tells the teenagers to leave and they can continue their tournament the following night.Lisa, having forgot her purse in the arcade, returns to find Steve and his friends waiting for her. Steve proceeds to violently rape Lisa while the others watch. Egerton is oblivious to Lisa's cries for help, as he is downstairs cleaning up the mess the teenagers made. After he is finished raping Lisa, Steve leaves the room. A.J. and Joey rape Lisa on the pool table while Steve is gone. Patrick, who believed the three were only going to \"scare\" Lisa, refuses to participate in the rape. Steve returns with a bowling pin and prepares to insert it into Lisa's vagina before Patrick intervenes. Steve retorts by giving Patrick the pin and ordering him to do it himself. Patrick refuses to do so at first but complies when Steve threatens to do the same to him. The four leave Lisa on the pool table, naked and barely conscious.The following night, the two groups arrive at the bowling alley to continue their tournament. Steve is joined by his \"bitches\", Julia (Danielle Munro) and Hannah (Saraphina Bardeaux). Jamie arrives late with Lisa, who barely speaks. As the teams begin their first game of the night, Lisa suddenly gets on an elevator. She is confronted by Patrick, who says he's only at the bowling alley to apologize. Lisa doesn't believe him, and insists that he is only there to make sure that she hasn't contacted the police. The players notice a mystery player on the scoreboard, BBK, but believe it is just a glitch. Dave (Scott Alonzo), one of Jamie's friends, meets Julia in the bar and pays for two beers she ordered. When he discovers that one of them belongs to Steve, he asks if he can urinate in it. Julia tells him that she doesn't care and that she dislikes Steve too but hangs out with him anyways because he's dating her friend Hannah. Julia follows Dave into the bathroom and the two begin to make out. A mysterious person wearing bowling attire exits one of the stalls while Dave and Julia are in the \"69\" position and forces Julia's head further onto Dave's penis while forcing Dave's head further between Julia's legs, suffocating them both. After they are dead, two strikes appear next to BBK on the scoreboard in the form of a skull and crossbones.The game continues and Sam excuses herself to the bathroom so she can \"freshen up.\" The person who murdered Dave and Julia is hiding in one of the stalls when Sam enters the girls' restroom and Sam, frightened by the noise coming from the stall, approaches it and is pulled inside. She tries to bargain with the killer, but the killer murders her by forcing a bowling pin down her throat. The killer lifts up Sam's skirt and, using the switchblade Sam tried to defend herself with, cuts Sam's penis lengthwise, giving her a \"mangina.\" Ben (Jeremy Beland) and Cindy (Stephanie Schacter) leave to have sex in a storage room upstairs, but Ben leaves Cindy alone to get a condom from the bathroom. He dies when the killer hits him over the head with a bowling pin and gouges his eyes out with a sharpened pin. The killer finds Cindy upstairs and strangles her to death with a pair of bowling sneakers. Downstairs, Hannah searches for Julia but dies when the killer crushes her head with two bowling balls. Joey goes back behind the pin setters to fix his team's, which they notice is broken. A.J. notices the strikes appearing next to BBK on the scoreboard and questions Egerton about it, who assures him that it is just a glitch. Egerton sends A.J. to an area currently being remodeled with an \"out of order\" sign to put on an automatic ball polisher that Joey broke earlier. A.J. turns the ball polisher on and finds it already fixed but dies when the killer uses it to wax his face off.Steve, noticing that something is amiss, leaves to find Joey behind the pin setters. Joey lies dead on the ground, headless. Steve is frightened by the killer, who bludgeons him with a bowling pin before sodomizing him with a sharpened pin. As Steve tries to crawl away, the killer smashes his head in with the bowling pin. Meanwhile, Sarah and Jamie continue their game. Jamie reaches into the ball return slot to find his bowling ball, instead discovering Joey's severed head. The two try desperately to escape the bowling alley before coming face to face with the killer. They run and hide in the basement, where they find their friends' bodies. The killer appears with a shotgun and removes the bowling bag to reveal Egerton's face. Sarah discovers that Jamie knew about the murders of Steve, Joey and A.J. but not the others. Lisa appears, dressed up as well, revealing it was she that murdered Steve. Jamie explains that Lisa told her father, who turns out to be Egerton, about the rape and Egerton let Jamie in on the plan. When asked why he killed their friends too, Egerton explains that they didn't intervene when Lisa reentered the bowling alley and are therefore just as guilty. Another person dressed like the killer or \"BBK\", as Egerton goes on to explain, enters the basement and removes the bowling bag to reveal Patrick's face. Patrick explains that he confessed his involvement to Egerton and wanted to contact the police, but Egerton let him in on the plan instead and he was the person who murdered Joey and A.J., supposedly to make it up to her. Lisa is furious that her father allowed him to live so Egerton betrays Patrick and slits his throat with the switchblade he got from Sam. Jamie, realizing he's out of control, wrestles Egerton to the ground and, after a scuffle, blows his head clean off with the shotgun. Lisa cradles her father's body before grabbing the switchblade and trying to attack Jamie. Sarah grabs the shotgun and kills Lisa.Sarah shoots the locks off of the emergency doors and the two survivors escape the bowling alley. Traumatized and, above all, upset that Jamie did nothing to prevent the murders, Sarah turns the gun on him. The screen cuts to black and a gunshot is heard.\n\n", "title": "Gutterballs", "qa": [{"id": "9b727076-7611-6ba6-9c65-a4c54fb99931", "question": "Who murdered Jamie?", "answers": ["Sarah"], "no_answer": false}, {"id": "9b7a37c8-42dd-c111-b14f-b31f805469fe", "question": "What does Jamie find in the ball return slot when he reaches to get his bowling ball?", "answers": ["Joey's severed head"], "no_answer": false}, {"id": "36f05195-831f-8bac-9e0b-8e0edd392b39", "question": "Who forgot there purse in the archade?", "answers": ["Lisa"], "no_answer": false}, {"id": "426d4d64-17ab-dbd4-5c16-5e0f12143316", "question": "WHO IS WAITING FOR LISA WHEN SHE RETURN IN THE ARCADE?", "answers": ["Steve and his friends"], "no_answer": false}, {"id": "141a8f1f-4dff-21ab-fde0-d84a66fe42be", "question": "Why does Ben leave Cindy alone?", "answers": ["For a condom"], "no_answer": false}, {"id": "53046b74-1ccc-80ed-fac4-50d7da594d06", "question": "Who penetrates Lisa with a bowling pin?", "answers": ["Patrick"], "no_answer": false}, {"id": "2dc8160e-f3f8-58df-7ef1-251852ac99d4", "question": "Who broke the ball polisher?", "answers": ["Joey"], "no_answer": false}, {"id": "d7543f86-ba12-a6f8-1153-78f28335b403", "question": "What two people make out in the bathroom?", "answers": ["Julia and Dave"], "no_answer": false}, {"id": "3df45f4a-17ba-c4e9-a2c6-4f58693822c0", "question": "WHAT IS THE REASON OF LISA'S RETURN IN THE ARCADE?", "answers": ["Forgot her purse"], "no_answer": false}, {"id": "4c5dc073-2365-d260-55bc-bcf7165dabc5", "question": "What is the name of the disco-themed bowling alley?", "answers": ["Xcalibur"], "no_answer": false}, {"id": "cba1d1d1-792e-f176-b4db-00833183c2f1", "question": "Where is the person who murdered Dave and Julia hiding?", "answers": ["Bathroom stall"], "no_answer": false}, {"id": "e416edd1-0da5-cf7e-678a-3b1e03f3235b", "question": "Who refused to participate in the rape?", "answers": ["Steve"], "no_answer": false}, {"id": "f49ebd3f-79c1-a957-42e0-bd40a7689b44", "question": "Who pays for Julia's beers?", "answers": ["Dave"], "no_answer": false}, {"id": "09ce74c2-3cd6-1844-6d7d-69e9cec42297", "question": "What does Dave want to do to Steve's beer?", "answers": ["Piss in it"], "no_answer": false}, {"id": "43ab320c-e48e-49cc-7e44-4bd40e55bd3c", "question": "How does Jamie kill Egerton?", "answers": ["Blows his head clean off with a shotgun."], "no_answer": false}, {"id": "f165d38b-7dab-89c6-b23f-26dfd27b651a", "question": "Who dies while searching for Julia?", "answers": ["Hannah"], "no_answer": false}, {"id": "eea19dda-fac3-29fe-26e6-e21d816304ce", "question": "What does Lisa to break up the fight?", "answers": ["Drop a bowling ball"], "no_answer": false}, {"id": "47cbb957-2935-1877-f788-0b0a0593977d", "question": "Who brandishes a shot gun?", "answers": ["Egerton"], "no_answer": false}, {"id": "c1d58b87-e570-327b-1e16-4ac016684f8f", "question": "Who was waiting on Lisa?", "answers": ["Steve and his friends"], "no_answer": false}, {"id": "a098eb68-c434-c821-44bc-5245724ee924", "question": "What does the killer smash Steve's head in with?", "answers": ["bowling pin"], "no_answer": false}, {"id": "6cff79fc-3b83-8055-e610-756256cbc284", "question": "What are the initials of the mystery player?", "answers": ["BBK"], "no_answer": false}, {"id": "d07b620d-1139-e37b-5e95-39e292499ab8", "question": "What do Sarah and Jamie find in the basement?", "answers": ["Friend's dead bodies"], "no_answer": false}, {"id": "45df83c1-c9be-8323-346f-76f24957d82e", "question": "Who does Jamie arrive with?", "answers": ["Lisa."], "no_answer": false}, {"id": "fbd54e27-3817-8af1-eb25-0c36b074b1a5", "question": "What are the names of Steve's girlfriends?", "answers": ["Julia and Hannah."], "no_answer": false}, {"id": "150fc3ad-4580-a757-2a59-e09bc8767a5f", "question": "What does the killer use to strangle Cindy?", "answers": ["Bowling sneaker's"], "no_answer": false}, {"id": "10d89c85-03bb-a5ec-65a1-1c7cd3f5b7ae", "question": "Where is the disco-themed bowling alley?", "answers": ["Surrey, British Columbia."], "no_answer": false}, {"id": "3301f0e2-5b70-526f-72cd-3ba3a41f2900", "question": "Who are Steve's girlfriends?", "answers": ["Julia and Hannah"], "no_answer": false}, {"id": "252c7579-47c6-d5e0-f0c8-c05c3bbd88f2", "question": "Who wrestles Egerton to the ground?", "answers": ["Jamie"], "no_answer": false}, {"id": "84c6f5b3-6de6-cbfe-213e-598a3cb47406", "question": "Who allowed the teens to bowl after hours?", "answers": ["Egerton the janitor"], "no_answer": false}, {"id": "9b4ab8c3-2501-fe20-3305-1405d6ce607c", "question": "Who is Steve's best friend?", "answers": ["Jamie"], "no_answer": false}, {"id": "274e60af-ffc2-1e58-ffe0-6166bb8b638c", "question": "How does the killer bludgeon Steve?", "answers": ["Bowling pin."], "no_answer": false}, {"id": "13e06ef4-56aa-1bac-3736-bcbc9722c45a", "question": "With whom did Steve have sex?", "answers": ["Lisa"], "no_answer": false}, {"id": "f03a8f35-664e-97e0-5cc2-a87932d5c1f5", "question": "How does Cindy die?", "answers": ["Strangled to death with a pair of bowling sneakers."], "no_answer": false}, {"id": "4ab90607-25a1-2aa6-1642-2fe9280a0516", "question": "Where do Sarah and Jamie hide to escape the killer?", "answers": ["Sarah and Jamie hide in the basement to escape."], "no_answer": false}, {"id": "f46c39ef-642a-c42a-ab72-8362df620fc7", "question": "Who is Lisa confronted by?", "answers": ["Lisa is confronted by Steve and his friends."], "no_answer": false}, {"id": "2a0084e9-6b73-62a6-de80-767f9e7dbf5f", "question": "Whom did Lisa murder?", "answers": ["Lisa murdered Steve."], "no_answer": false}, {"id": "196de0aa-e925-0848-f39e-38eedf9198d5", "question": "When was the fight took place?", "answers": [], "no_answer": true}, {"id": "041afca4-6675-1278-e7e4-d82face57596", "question": "Who proceeds to violently rape Lisa?", "answers": [], "no_answer": true}, {"id": "b4eed490-2801-05b0-bb89-fff53e75ded7", "question": "Where do the guys leave Lisa after the rape?", "answers": ["Pool table"], "no_answer": false}, {"id": "25b27254-6681-bf23-0ea5-dd66104d0337", "question": "What body part does Ben lose?", "answers": ["his eyes"], "no_answer": false}, {"id": "242b60da-0554-6ec0-e0a7-71d7a61aad93", "question": "Who kills Lisa?", "answers": ["Sarah"], "no_answer": false}, {"id": "bbbdc788-4b97-095c-85a9-9f969491fb23", "question": "What does Ben try to buy out of the vending machine?", "answers": ["condom"], "no_answer": false}, {"id": "4b9e3509-b842-ea1b-a2dd-92e2f80bcfbc", "question": "Who is the best friend of Steve?", "answers": ["Jamie"], "no_answer": false}, {"id": "89d1c50d-a49e-67a1-0e0b-63273fd92fe3", "question": "Whose beer does Dave try to urinate in?", "answers": ["Steve"], "no_answer": false}, {"id": "c2489efd-7e70-30cf-3c64-7c0e84a0768f", "question": "How is Sam killed?", "answers": ["bowling pin shoved down her throat"], "no_answer": false}, {"id": "2e23b849-1aab-33b1-082c-9f422b5aac5e", "question": "Who lies dead on the ground, headless?", "answers": ["Joey"], "no_answer": false}, {"id": "686d76b5-3e9a-b82b-e6a6-49597624ea71", "question": "HOW OLD IS LISA?", "answers": ["17 or 18"], "no_answer": false}, {"id": "a7f0f397-aa1b-8881-076d-5a4d70367a27", "question": "Who were the two survivors that escaped the bowling alley?", "answers": ["Sarah and Jamie"], "no_answer": false}, {"id": "4d8467b2-bee9-76de-94ae-04aa0095ebd5", "question": "What does the killer force down Sam's throat?", "answers": ["Bowling pin"], "no_answer": false}], "id": "/m/03mdpqr"}, {"plot": "\n\nJimmie Rainwood (Tom Selleck) is a respected maintenance chief with American Airlines in Los Angeles. He has a beautiful, successful wife (Laila Robins) and a nice home in the suburbs. Life is good.Meanwhile, two rogue narcotics cops take down a cocaine smuggling operation aboard a fishing boat at the Long Beach waterfront. One armed suspect is wounded during the bust. The officers' behavior during the arrest unmasks their violent and unorthodox methods. One of the cops, Mike Parnell (David Rasche), carries the confiscated cocaine from the boat, stopping to put a couple of kilos in his car trunk before turning the rest over to a supervisor who arrives to take charge of the operation.Jimmie Rainwood arrives at home that same evening, expecting an empty house and salad in the fridge. Instead, he is surprised to find his wife home early and a steak dinner waiting for him. Jimmie and Kate make plans for a last luxury vacation before they have kids.The next day, Officers Mike Parnell and Danny Scalise (Richard Young), both adrenaline junkies, stop at a phone booth to call an informant. As Parnell prepares to dial the call, he turns his back to Scalise and snorts coke from a vial he is carrying. The informant tips Parnell off to a suspected drug deal taking place that evening. Delighted, Parnell returns to the car and relays the address to his partner, but recklessly confuses \"Oak Lane\" for \"Oak Way.\"Rainwood arrives at home that evening to find the empty house and cold salad he expected the night before. As Rainwood showers, Parnell and Scalise creep up to the house. After carefully peering inside, they break down the front and back doors and storm into the house while Rainwood uses the hair dryer. Rainwood hears the loud noise and steps out into the hallway, dryer in hand. Amped up by the tense situation and the cocaine, Parnell mistakes the hair dryer for a weapon and shoots Rainwood, seriously wounding him. Scalise enters from the back of the house and quickly realizes that the supposed weapon is a hair dryer. They search the premises and find no drugs. Realizing they are in the wrong house, they use a drop gun and planted drugs to frame Rainwood and cover their tracks. Kate arrives to find her husband seriously injured and falsely accused of selling narcotics and shooting at police officers.An Internal Affairs officer, John Fitzgerald (Badja Djola), is suspicious of the cops' story but has no proof with which he can challenge their version of events. The crooked narcotics officers coerce their seedy informant into falsely testifying that he had bought drugs from Rainwood on several occasions, and that Rainwater had used his airline maintenance job to smuggle the drugs into the country. Rainwood is confident that justice will prevail and therefore refuses a misdemeanor plea deal, since it would ruin his career. Shockingly, he is convicted of felony assault and drug distribution and sentenced to six years in prison.Rainwood is totally unprepared for the harsh realities of prison life. Soon after his arrival, his cellmate is shanked and burned alive in a prison yard vendetta. Rainwood decently but foolishly tries to rescue the dying man, but he is quickly tackled by lifer Virgil Cane (F. Murray Abraham) before the guards can shoot him. Rainwood tries to hang on to the morality of the outside world inside the prison walls, but he quickly realizes that won't be possible. He is quickly targeted for domination by a black prison gang and their brutal leader, Jingles (Bruce A. Young). Offered protection by an Aryan Nation gang in the prison, he declines, considering them an equally vile option. Not wanting to become a helpless pawn, \"Jimmie Rain\" is offered help by Virgil Cain, who was once set up by the same pair of dirty cops. Jimmie agrees to think about it, but refuses to consider solving his problem by killing anyone.Soon afterward, Rainwood is cornered by Jingles and two muscled-up members of his posse. When he refuses to give them his \"outside money,\" he is viciously beaten, ending up in the infirmary. He refuses to identify his attackers to the warden, earning him 15 days in segregation. Back in the general population, he is once again confronted by Jingles, who taunts him about the beating. Virgil offers him advice once again, but Jimmie isn't ready yet. Then in the gym one day, Rainwood is seized by Jingles and his crew, hustled into the bathroom, and made to watch the brutal rape of an inmate who was \"sold\" to them. Jingles makes it clear that the same fate is in store for Jimmie, and soon.Rainwood goes to Virgil and says he is finally ready to deal with his problem. In the prison workshop, a thick piece of Plexiglass is fashioned into a shank. At Virgil's direction, some shaved soap is mixed into Jingles' eggs in the cafeteria serving line. During a subsequent basketball game, Jingles suffers severe intestinal cramps and heads for the bathroom. Rainwood follows him in. As Virgil covers the entrance, Jimmie silently approaches Jingles as he is getting up off the toilet. Jingles, seeing the shank, sneers at Rainwood and threatens to take it away and use it on him. Jingles feints at Jimmie but isn't quick enough. Rainwood buries the shank into Jingles' midsection and breaks it off. He drops the hilt into the floor drain and staggers out with the help of Virgil. The warden admits he can't prove anything but sends Jimmie into solitary confinement for 90 days.Back on the outside, the two rogue cops approach Kate in a parking lot and threaten her, advising her to keep her mouth shut and to quit agitating about her husband's case. She goes to Fitzgerald and pleads for his help. When he tells her once again that he can't do anything without proof, she lies and tells him that Parnell and Scalise used the n-word to describe him. He confronts the pair in an alley and warns them to leave her alone.Having served three years, Rainwood is paroled. Kate brings him home, and he tries to adjust to life on the outside. As he works on his classic Pontiac Firebird one day, Parnell and Scalise show up and tell him they need to have a talk. Inside the house, they threaten and intimidate him and Kate. They emphasize that as an ex-convict, they can make his life miserable. In desperation, Jimmie and Kate turn to Virgil, who concocts a plan to set up the crooked cops. They also meet with officer Fitzgerald, promising him a chance to bust Parnell and Scalise in the act of buying illicit drugs for the purpose of re-selling them.Parnell and Scalise have been busy taking down drug dealers in the area, stealing the bulk of the drugs, and selling them to a mobster named Donatelli at a discount. Rainwood and an accomplice from prison feed a bad tip to Parnell and Scalise through the informant who originally set Rainwood up. Acting on the tip, the dirty cops stage a raid and seize 25 kilos of cocaine. What they don't realize is that the drug dealers work for Donatelli. Donatelli demands the cocaine back by the following day. Parnell briefly muses to his partner about fleeing with the stolen drugs. That night, Rainwood and his accomplice, wearing ski masks, jump the surprised cops and steal the drugs. Donatelli has made it clear to Parnell and Scalise that he will kill them and their families if they don't return the cocaine. They stall Donatelli, telling him things are too hot at the moment and they will have to bring the coke back the next day. The desperate pair soon gets a phone call from the \"frightened\" hijackers, offering to return the drugs in exchange for a meager $20,000 in traveling money. Parnell and Scalise can't believe their good fortune. They decide to keep the drugs after the buy-back meeting and flee to Florida, $750,000 richer. The meet will take place at a marina.At the pre-arranged meet, Internal Affairs detective John Fitzgerald waits in his car and listens over a wire attached to Rainwood's accomplice, Malcolm. Malcolm approaches with part of the coke and explains that once he has the money, his partner will leave the rest of the drugs in a nearby trash barrell. But hot-headed Parnell grabs Malcolm and threatens to blow his brains out. He demands that the mystery bagman (Rainwood) step out of hiding with the remaining coke. When Rainwood reveals himself, Parnell sends Scalise to retrieve the drugs and then shoots Malcolm in the back. Detective Fitzgerald exits his car, identifies himself, and exchanges gunfire with Parnell. Scalise jumps in his car with the bag of drugs and tries to flee the scene, but Fitzgerald manages to kill him. Parnell hijacks another vehicle from a startled driver and speeds off, but Rainwood leaps into the back of the car and and grapples with him, causing a crash that throws Rainwood out, injured and stunned. Parnell continues his flight on foot. Just as he thinks he is home free, Rainwood comes out of nowhere and slams into him. A vicious and bloody hand-to-hand fight ensues, with Parnell finally pulling a knife and lunging at Rainwood. Rainwood disarms Parnell and starts to cut his throat, but he hears Kate (who has followed him) begging him to stop.In a final scene, Parnell enters the same prison that had held Rainwood. He hears someone call out to him from the cells above and looks up to see Virgil Cane grinning in derision. Jimmie Rainwood returns to his airline job.\n", "title": "An Innocent Man", "qa": [{"id": "3e4c2209-a6fd-769c-6ec8-c5e927336706", "question": "How does things end for Jimmie and Parnell?", "answers": ["Parnell goes to prison and Jimmie returns to his airline job."], "no_answer": false}, {"id": "9bbb46d9-572a-bd77-bbec-786846b33e21", "question": "What drug did Parnell take too much of?", "answers": ["coke", "cocaine"], "no_answer": false}, {"id": "70e21a23-92ea-cc35-3c2d-67280cd52ccf", "question": "Who threatens Kate?", "answers": ["Parnell and Scalise", "Two rogue cops"], "no_answer": false}, {"id": "e1b98826-efaf-799c-f9d5-0375c97e6b5c", "question": "What are the detectives' names?", "answers": ["Mike Parnell and Danny Scalise (Richard Young), both adrenaline junkies"], "no_answer": false}, {"id": "42341fe1-dfc8-8915-79f7-addae8c25d3f", "question": "What does Jimmie use to stab Jinlges to death?", "answers": ["A shank"], "no_answer": false}, {"id": "c3bc26eb-859e-c614-22e3-c91de4507e90", "question": "Who are the detectives robbed by?", "answers": ["Rainwood and his accomplice"], "no_answer": false}, {"id": "88240ef8-bb86-c1c4-9a10-97941dd2d571", "question": "Is Jimmie a criminal?", "answers": ["YES"], "no_answer": false}, {"id": "0f070905-0d95-0094-d09b-db6ecf8f3d3b", "question": "What group does Jimmie have a personal run in with?", "answers": ["Jingles' crew", "black prison gang"], "no_answer": false}, {"id": "0a705f15-6cd3-c112-00e1-313bf73f1938", "question": "What does Parnell think is a weapon?", "answers": ["A hairdryer"], "no_answer": false}, {"id": "9cb0b887-20c6-0e43-18fe-49cdbec0261b", "question": "Who shot Malcolm?", "answers": ["Parnell"], "no_answer": false}, {"id": "9af214eb-2275-346c-ae0a-8712c94e783b", "question": "Why does Kate beg Jimmie not to kill Parnell?", "answers": ["so that he can be convicted"], "no_answer": false}, {"id": "2b72dba7-d8a5-3454-7102-3a4fee5b3110", "question": "What is Jimmie's cellmate stabbed with?", "answers": ["Plexiglass shank"], "no_answer": false}, {"id": "e92cd660-5fa2-4522-c1b1-2ef49ae285ea", "question": "What does Mike and Danny specialize in?", "answers": ["narcotics"], "no_answer": false}, {"id": "25691cfd-9c16-b654-b5c1-ed79ade1dd36", "question": "How many years did Jimmie serve?", "answers": ["THREE"], "no_answer": false}, {"id": "6fc61983-e904-419f-a462-a5317b58a1ee", "question": "Who was yelling?", "answers": ["Virgil"], "no_answer": false}, {"id": "f8fcff76-565d-15e1-0a50-72635d40755c", "question": "What is James \"Jimmie\" Rainwood's profession?", "answers": ["Works for an airline", "airline maintenance"], "no_answer": false}, {"id": "4e31c29b-d940-9a14-423d-90d9bfc7c7cb", "question": "How many detectives visit Jimmie?", "answers": ["THREE"], "no_answer": false}, {"id": "99e44f52-c6f9-603f-803f-3908c269ebed", "question": "Who was put into general prison population ?", "answers": ["Jimmie Rainwood"], "no_answer": false}, {"id": "067ba406-ba21-e6a9-68c9-90f151282e56", "question": "Does Jimmie take Virgil's suggestion?", "answers": [], "no_answer": true}, {"id": "2c860e8c-87a4-7630-9685-ae4ff90e4568", "question": "Who tells Parnell and Scalise to stay away from Kate?", "answers": ["John Fitzgerald"], "no_answer": false}, {"id": "7196887b-a478-7e28-a19e-bcb004ae0deb", "question": "What department does John Fitzgerald work in?", "answers": ["Internal Affairs"], "no_answer": false}, {"id": "6b591a9f-972f-58d5-615e-0d03e95de680", "question": "Was Jimmie paroled?", "answers": ["yes"], "no_answer": false}], "id": "/m/06nlqq"}, {"plot": "Every hundred years, the evil Morgana (Kelly Le Brock) returns to claim Fingall's talisman from the wizard Merlin, with which she intends to destroy the world. For the last fourteen hundred years she has failed... now she intends to conquer all.\nYoung Ben Clark (Byron Taylor) moves with his parents to a new town, where he befriends an elderly Welshman and magician, Milner (Robert Davi). Ben has a natural talent for magic and wants to learn all that he can from this old man. Ben carries the same scar as the original staff-bearer 1,400 years before. Both Morgana and Milner, who is revealed to be Merlin, see this as a sign that this time, the battle between good and evil will be stronger and harder than ever.\nBen must make his own choice between good and evil as he is drawn into a battle and must draw on his own spirit and magic to decide which path to follow and hence, the fate of the world as we know it.\n", "title": "The Sorcerer's Apprentice", "qa": [{"id": "4cb6f02d-3a36-320c-ac35-96ecf03fedd0", "question": "Who does Ben Clark move with?", "answers": ["His Parents"], "no_answer": false}, {"id": "50fc1cd1-b7d2-49cc-777f-86113e8621ae", "question": "Who is revealed to be Merlin?", "answers": ["Milner"], "no_answer": false}, {"id": "01ac22ea-7ad3-94c7-c7ba-8ce41cffcdf9", "question": "Who does Ben want to learn all he can from?", "answers": ["Milner (revealed to be Merlin)"], "no_answer": false}, {"id": "de4de7a3-0151-8ec0-048e-2c8380879b69", "question": "what happens if Morgana is freed?", "answers": ["Destroy the world"], "no_answer": false}, {"id": "a060745f-e45b-8ec8-7be0-cb5703b9c5c5", "question": "Who is Milner revealed to be?", "answers": ["Merlin"], "no_answer": false}, {"id": "eb5d861c-4a4b-feb5-b250-49e17282951b", "question": "Who returns to claim Fingall's talisman every hundred years?", "answers": ["Morgana"], "no_answer": false}, {"id": "b4528093-4254-ed82-c1d7-7cfcd87ab86c", "question": "Who is Ben's neighbor?", "answers": ["Welshman"], "no_answer": false}, {"id": "c913d545-f9fb-16a0-eb37-3e0b6556aba3", "question": "how was Horvath and Balthazar released?", "answers": [], "no_answer": true}, {"id": "4db3e7b4-69ae-d728-8f27-e6e816de9bf3", "question": "What does Ben have that the original staff bearer has?", "answers": ["Same scar"], "no_answer": false}, {"id": "9c1403ec-dd6a-0f36-7db6-ed94eac644b1", "question": "who attempted to kill dave?", "answers": [], "no_answer": true}, {"id": "805a6761-3776-aa4e-1c6e-caeebf3be649", "question": "What is the elderly magician's neighbors name?", "answers": ["Ben Clark"], "no_answer": false}, {"id": "68da31b0-595a-98d1-6d7b-ed231a2ceb38", "question": "What must Ben choose between?", "answers": ["good and evil"], "no_answer": false}, {"id": "17397dcc-b7d2-77de-5ef9-f99f86ebaa9f", "question": "Who takes the hat at Balthazar's shop?", "answers": ["Horvath"], "no_answer": false}, {"id": "f9da1b0f-dea1-906c-fc01-8b7c6e823f1a", "question": "What does Ben have a natural talent for?", "answers": ["Magic"], "no_answer": false}, {"id": "a6ab0d4e-8125-5b06-55e1-f3d92e28b82d", "question": "who was the Morganian and what was he recruited for?", "answers": [], "no_answer": true}, {"id": "2bdb3706-35ae-8497-c4cc-34c31c13b7d3", "question": "who made Dave change his mind about magic?", "answers": [], "no_answer": true}, {"id": "19b805bc-1444-9d79-a9c3-9981ed9e3751", "question": "how old as dave in 2010?", "answers": [], "no_answer": true}], "id": "/m/04jcqvw"}]