path	translation	split
common_voice_en_19664034.mp3	Dessa datakomponenter används sedan som ”byggstenar” i dataöverföringarna.	train
common_voice_en_19664035.mp3	Kyrkan har ingen koppling till den judiska, politiska sioniströrelsen.	train
common_voice_en_18540003.mp3	När vatten är en bristvara, undvik att slösa med det.	dev
common_voice_en_18540005.mp3	Du kommer att köra med henne till hennes dörr.	dev
common_voice_en_699711.mp3	Hon kommer att vara ok.	test
common_voice_en_18132047.mp3	Slutet gott allting gott.	test
