[{"plot": "\n\n200 years in the future, Mars has been colonized by a high-tech company.\nMelanie Ballard (Natasha Henstridge) arrives by train to a Mars mining camp which has cut all communication links with the company headquarters. She's not alone, as she is with a group of fellow police officers. They find the mining camp deserted except for a person in the prison, Desolation Williams (Ice Cube), who seems to laugh about them because they are all going to die. They were supposed to take Desolation to headquarters, but decide to explore first to find out what happened.They find a man inside an encapsulated mining car, who tells them not to open it. However, they do and he tries to kill them. One of the cops witnesses strange men with deep scarred and heavily tattooed faces killing the remaining survivors. The cops realise they need to leave the place fast.Desolation explains that the miners opened a kind of Martian construction in the soil which unleashed red dust. Those who breathed that dust became violent psychopaths who started to build weapons and kill the uninfected. They changed genetically, becoming distorted but much stronger.The cops and Desolation leave the prison with difficulty, and devise a plan to kill all the genetically modified ex-miners on the way out. However, the plan goes awry, and only Melanie and Desolation reach headquarters alive. Melanie realises that her bosses won't ever believe her. However, the red dust eventually arrives to headquarters, and Melanie and Desolation need to fight once again.\n\n", "title": "Ghosts of Mars", "qa": [{"id": "b440de7d-9c3f-841c-eaec-a14bdff950d1", "question": "How did the police arrive at the Mars mining camp?", "answers": ["They arrived by train."], "no_answer": false}, {"id": "a9f95c0d-121f-3ca9-1595-d497dc8bc56c", "question": "Who has colonized Mars 200 years in the future?", "answers": ["A high-tech company has colonized Mars 200 years in the future."], "no_answer": false}, {"id": "ba395c84-ea70-ce5c-d054-271de5372b0f", "question": "Which two people reach the headquarters alive?", "answers": ["Melanie and Desolation"], "no_answer": false}, {"id": "fb3e18aa-e586-8452-7045-cbdba59b2efa", "question": "Where is Melanie Ballard?", "answers": ["In a Mars mining camp which has cut all communication links with the company headquarters"], "no_answer": false}, {"id": "4fe8fa6d-5fe0-523f-b0f4-2c147776338e", "question": "who is there with Melanie Ballard?", "answers": ["She's not alone, as she is with a group of fellow police officers."], "no_answer": false}, {"id": "9e4a92a0-900d-0c2c-2722-11aa1be12027", "question": "What is the problem with the miners", "answers": [], "no_answer": true}, {"id": "e94e0133-0eb1-50de-079e-c417a106f29e", "question": "Who is the only person left at the camp?", "answers": ["Desolation Williams"], "no_answer": false}, {"id": "8bff29a5-32de-864c-a89d-c0c85f53c45d", "question": "Who is colonized by a high tech company?", "answers": ["mars has been colonized by a high tech company."], "no_answer": false}, {"id": "de80d88a-7de0-dc5f-3608-9909634ca5ea", "question": "Who survives leaving the mining camp and the prison?", "answers": ["Melanie and Desolation"], "no_answer": false}, {"id": "fb7c06df-310b-582a-174b-db178afd5438", "question": "Who melanie and the policemen meet?", "answers": ["They find a man inside an encapsulated mining car"], "no_answer": false}, {"id": "13949d2d-8ff3-d804-7e43-85907fa3867d", "question": "Who is the only prisoner in the camp?", "answers": ["Desolation Williams"], "no_answer": false}, {"id": "5e99e366-ffe7-70a7-ee97-bb029ac30fc5", "question": "What else reaches the headquarters along with them?", "answers": ["the red dust"], "no_answer": false}, {"id": "e53a42cf-340f-50ff-364e-fd93c7cac788", "question": "How do Melanie and the police officers arrive to the Mars mining camp?", "answers": ["by train"], "no_answer": false}, {"id": "64f48d6b-06f4-6100-82b9-22033391df2c", "question": "What color was the dust when unleashed?", "answers": ["Red"], "no_answer": false}, {"id": "c522cfa2-2a92-5918-2091-25a26a95cbac", "question": "When does this story take place", "answers": ["200 years in the future."], "no_answer": false}], "id": "/m/03vyhn"}, {"plot": "The film is divided into 5 chapters, the first four of which are named after characters in the film: Noriko, Yuka, Kumiko and Tetsuzo, in that order. The plot is told non-linearly and shifts between the perspectives of Noriko, Yuka and Tetsuzo.\nA shy and demure 17-year-old teenage girl named Noriko Shimabara (Kazue Fukiishi) lives with her quiet family, formed by her sister Yuka (Yuriko Yoshitaka), her mother Taeko (Sanae Miyata), and her father Tetsuzo (Ken Mitsuishi), in Toyokawa, Japan. Noriko finds her small-town life unsatisfying and craves to move to Tokyo, assuming she would live a more active life there. This sentiment is especially encouraged when she finds that her elementary school friend Tangerine (Yoko Mitsuya) is now working independently as an idol. Noriko's father is strictly against her going to the city, and plans on having her join a local university after school.\nFeeling alienated and misunderstood by her parents, Noriko resorts to the internet where she finds Haikyo.com, a website where other teenagers from Japan gather. There, after making new and unknown friends, she feels truly at \"home\" and eventually, on December 10, 2001, runs away from her unhappy life to Tokyo, where she plans on meeting the website's leader, a mysterious girl who uses the screen name \"Ueno Station 54\". Once in Tokyo, Noriko logs onto the website and contacts Ueno54. They meet up at Locker #54 in Ueno Train Station, where it is revealed that she is a young woman named Kumiko. She introduces Noriko to her family and takes Noriko to visit her grandparents. As it turns out, however, Kumiko has no real family, and the people she introduced Noriko to are paid actors working for Kumiko's organisation, I.C. Corp. The organisation offers paid roleplay services to interested clients, allowing them to fulfil their fantasies of a happy family life.\nSix months later, 54 girls jump in front of a train at Shinjuku station and committ suicide while Noriko and Kumiko look on. It is implied that the 54 were members of the organization acting out their roles. Back in Toyokawa, Yuka, who was also a member of Haikyo.com, wonders if her sister was involved in the mass suicide. She writes a story speculating how her father would react if she were to disappear as well, and deliberately leaves clues before running off to Tokyo to join I.C. Corp.\nTetsuzo attempts to put on a brave face after Yuka's disappearance, but his wife Taeko's mental condition deteriorates rapidly and she eventually commits suicide. Meanwhile, Tetsuzo, a reporter, gathers clues regarding his daughters' disappearances and discovers Yuka's story. He is crushed to find that his daughter could predict his actions and behaviour so accurately while he was completely aloof of his daughters' feelings. His investigations reveal Haikyo.com and taking a cue from sensationalist media tabloids, he concludes that his daughters are part of a cult called the \"Suicide Club\".\nTetsuzo contacts a member of I.C. Corp, who refutes the existence of a \"suicide club\" and instead expounds on a concept of social roles that forms the basis of his organisation. Tetsuzo gets an old friend of his, Ikeda (Shirou Namiki) to pose as a client for I.C. Corp and rent Kumiko as his wife, and Noriko and Yuka as his daughters (who go by the aliases Mitsuko and Yoko respectively). Tetsuzo finds a house in Tokyo resembling his own and moves all the furniture from the old house to the new one, to resemble it exactly. Mitsuko and Yoko are unsettled when they arrive at the house, but fall back into their roles when prompted by Kumiko. Ikeda sends Kumiko away on an errand and Tetsuzo reveals himself. The girls, however, treat him as a stranger and insist that they are Mitsuko and Yoko, not Noriko and Yuka.\nAs the session falls apart, thugs from the organisation arrive on site to beat up Tetsuzo, who attacks them with a knife and kills all of them in the living room. Kumiko arrives from her errand shortly thereafter playing out her role as if nothing is wrong, but then implores Tetsuzo to kill her and run away with Noriko and Yuka. Her insistence gravely disturbs Noriko and Yuka, before Yuka interrupts the heated conversation and asks to 'extend the session'.\nFinally, Tetsuzo, Kumiko, Mitsuko and Yuka dine together as a happy family and Tetsuzo begins acting as if Kumiko is his wife, calling her Taeko. Yuka does not sleep that night and at the leaves the home at crack of dawn, shedding her roles and names. Mitsuko awakens shortly thereafter and to herself, bids goodbye to Yuka, adolescence, Haikyo.com and Mitsuko, before finally declaring that she is Noriko.\nBy the end, two years have passed in this film and 18 months since Suicide Club.\n", "title": "Noriko's Dinner Table", "qa": [{"id": "0873700f-ee26-c1c7-9f02-22fbb9984c16", "question": "How many years have passed by the end of the film?", "answers": ["Two years."], "no_answer": false}, {"id": "0aa7de5d-b47c-163f-f0c5-0aa13d12319b", "question": "who awakens shorly for Kumiko?", "answers": ["Mitsuko", "Mitsuko"], "no_answer": false}, {"id": "ae4cff21-3dd5-4625-0f57-7efebecbaa77", "question": "What is the shy, teenage girl's name?", "answers": ["Noriko Shimabara"], "no_answer": false}, {"id": "0e1d343e-72b3-20a6-b93b-94cefc377811", "question": "Who commits suicide?", "answers": ["Tasko", "Tasko"], "no_answer": false}, {"id": "1692f116-b4eb-c7db-a115-cc34c908d4fb", "question": "How many girls jump in front of the train?", "answers": ["54 girls", "54 girls"], "no_answer": false}, {"id": "aa870407-e692-1584-ba94-131512013c53", "question": "Who resorts to the internet after feeling alienated and misunderstood by her parents?", "answers": ["Noriko"], "no_answer": false}, {"id": "4c46949a-1235-b10e-89c4-8be9fdc50c8e", "question": "In which train station does Noriko meet Ueno54?", "answers": ["Ueno Train Station"], "no_answer": false}, {"id": "f89b398e-b704-81e9-9d85-dccbe5cf4e15", "question": "What is the cult's name?", "answers": ["\"Suicide Club\"", "\"Suicide Club\""], "no_answer": false}, {"id": "8dbe5f93-0445-dd3d-594b-afab11629107", "question": "who  who attacks them with a knife ?", "answers": ["thugs", "thugs"], "no_answer": false}, {"id": "e5decaae-db08-ac70-8693-c377c662b92c", "question": "Where does Noriko move to?", "answers": ["Tokyo"], "no_answer": false}, {"id": "779c5e16-6f03-5dde-15d9-b9ac0e2eef1a", "question": "who is wife of tetsuzo?", "answers": ["Kumiko", "Kumiko"], "no_answer": false}, {"id": "418525b3-8575-b83d-bb0e-d09dfaa9c4b4", "question": "Whose member did Tetsuzo contacts?", "answers": ["I. C. Corp"], "no_answer": false}, {"id": "d6b0e23a-c089-52db-382e-f193bf01b5b8", "question": "How old is the teenage girl?", "answers": ["17"], "no_answer": false}, {"id": "52fe5e44-6f40-ebfc-1dd4-684cacc76350", "question": "Who does Tetsuzo made to pose as a client for I. C. Corp?", "answers": ["Ikeda"], "no_answer": false}, {"id": "2309dc59-7335-4ab0-026c-e266d63ee6f9", "question": "Who refutes the existence of a \"suicide club\" and instead expounds on a concept of social roles that forms the basis of his organisation?", "answers": ["I. C. Corp"], "no_answer": false}, {"id": "c7ddf68f-1c13-2f66-ac0e-df72ed02dfa8", "question": "What city does Yuka run off to?", "answers": ["Tokyo", "Tokyo"], "no_answer": false}, {"id": "3d93f765-6465-4afe-ad71-c20b03be8f54", "question": "When does Noriko run away to Tokyo?", "answers": ["December 10, 2001"], "no_answer": false}, {"id": "b8378e8a-2113-8418-9466-925fef3bb37e", "question": "How many chapters is the film divided into?", "answers": ["5"], "no_answer": false}, {"id": "4fcc992c-f636-6fed-9e3a-771d7b99e7de", "question": "To beat whom  thugs from the organisation arrive?", "answers": ["Tetsuzo", "Tetsuzo"], "no_answer": false}], "id": "/m/0994bg"}, {"plot": "This article's plot summary may be too long or excessively detailed. Please help improve it by removing unnecessary details and making it more concise. (September 2015) (Learn how and when to remove this template message)\nOn January 1, 2008 at the Xcalibur Bowling Centre, a disco-themed bowling alley in Surrey, British Columbia, Egerton, the janitor, has allowed two groups of teenagers to bowl against one another after hours. The \"prep\", Steve, is still bitter after his best friend Jamie, the \"jock\", had sex with Lisa, a girl with whom Steve was smitten and even took to their senior prom. After Steve and his friends Joey, Patrick, and A.J. harass the \"tranny\", Sam, they are chastised by Jamie. This leads to a brawl between Steve's team and Jamie's. Lisa breaks up the fight by dropping a bowling ball on Steve's foot just as Steve is about to kick Jamie again. Egerton, brandishing a shotgun, tells the teenagers to leave and they can continue their tournament the following night.\nLisa, having forgot her purse in the arcade, returns to find Steve and his friends waiting for her. Steve proceeds to violently rape Lisa while the others watch. Egerton is oblivious to Lisa's cries for help, as he is downstairs cleaning up the mess the teenagers made. After he is finished raping Lisa, Steve leaves the room. While Steve is gone, A.J. anally rapes Lisa on the pool table; then it's Joey who abuses her. Patrick, who believed the three were only going to \"scare\" Lisa, refuses to participate in the rape. Steve returns with a bowling pin and prepares to insert it into Lisa before Patrick intervenes. Steve retorts by giving Patrick the pin and ordering him to do it himself. Patrick refuses to do so at first but complies when Steve threatens to do the same to him. In the end Patrick penetrates Lisa with the bowling pin as she screams in pain. The four leave Lisa on the pool table, naked and barely conscious.\nThe following night, the two groups arrive at the bowling alley to continue their tournament. Steve is joined by his \"girlfriends\", Julia and Hannah. Jamie arrives late with Lisa, who barely speaks. As the teams begin their first game of the night, Lisa suddenly gets on an elevator. She is confronted by Patrick, who says he's only at the bowling alley to apologize. Lisa doesn't believe him, and insists that he is only there to make sure that she hasn't contacted the police. During the game, the players notice a mystery player on the scoreboard, BBK, but believe it is just a glitch. Dave, one of Jamie's friends, meets Julia in the bar and pays for two beers she ordered. When he discovers that one of them belongs to Steve, he asks if he can urinate in it. Julia tells him that she doesn't care and that she dislikes Steve too but hangs out with him anyway because he's dating her friend Hannah. Julia follows Dave into the bathroom and the two begin to make out. A mysterious person wearing bowling attire exits one of the stalls while Dave and Julia are in the 69 position and forces Julia's head further onto Dave's penis while forcing Dave's head further between Julia's legs, suffocating them both. After they are dead, two strikes appear next to BBK on the scoreboard in the form of a skull and crossbones.\nThe game continues and Sam goes to the bathroom so she can \"freshen up\". The person who murdered Dave and Julia is hiding in one of the stalls when Sam enters the girls' restroom and Sam, frightened by the noise coming from the stall, approaches it and is pulled inside. She tries to bargain with the killer, but the killer murders her by forcing a bowling pin down her throat. The killer lifts Sam's skirt up and, using the switchblade Sam tried to defend herself with, castrates Sam lengthwise. Later, Ben and Cindy leave to have sex in a storage room upstairs, but Ben leaves Cindy alone to buy a condom from the vending machine in the bathroom. He dies when the killer hits him over the head with a bowling pin and gouges his eyes out with a sharpened one. The killer finds Cindy upstairs and strangles her to death with a pair of bowling sneakers. Downstairs, Hannah searches for Julia but dies when the killer crushes her head with two bowling balls. Joey goes back behind the pin setters to fix his team's after noticing they were broken. A.J. notices the strikes appearing next to BBK on the scoreboard and questions Egerton about it, who assures him that it is still a glitch. Egerton sends A.J. to an area currently being remodeled with an \"out of order\" sign to put on an automatic ball polisher that Joey broke earlier. A.J. turns the ball polisher on and finds it already fixed but gets killed when the killer uses it to wax his face off.\nSteve, noticing that something is amiss, leaves to find Joey behind the pin setters. Joey lies dead on the ground, headless. Steve is frightened by the killer, who bludgeons him with a bowling pin before sodomizing him with another sharpened pin. As Steve tries to crawl away, the killer smashes his head in with the bowling pin. Meanwhile, Sarah and Jamie continue their game. Jamie reaches into the ball return slot to find his bowling ball, instead discovering Joey's severed head. The two try desperately to escape the bowling alley before coming face to face with the killer. They run and hide in the basement, where they find their friends' bodies. The killer appears with a shotgun and removes the bowling bag to reveal Egerton's face. Sarah discovers that Jamie knew about the murders of Steve, Joey, and A.J. but not the others. Lisa appears, dressed up as well, revealing that she murdered Steve. Jamie explains that Lisa told her father, who turns out to be Egerton, about the rape and Egerton let Jamie in on the plan. When asked why he killed their friends too, Egerton explains that they didn't intervene when Lisa reentered the bowling alley and are therefore just as guilty. Another person dressed like the killer, as Egerton goes on to explain, Another killer (possibly the real \"BBK\") enters the basement and removes the bowling bag to reveal Patrick's face. Patrick explains that he confessed his involvement to Egerton and wanted to contact the police, but Egerton let him in on the plan instead and he was the person who murdered Joey and A.J., supposedly to make it up to her. Lisa is furious that her father allowed him to live so Egerton betrays Patrick and slits his throat with the switchblade he got from Sam. Jamie, realizing he's out of control, wrestles Egerton to the ground and, after a scuffle, blows his head clean off with the shotgun. Lisa cradles her father's body before grabbing the switchblade and trying to attack Jamie. Sarah grabs the shotgun and kills Lisa.\nWith the three \"BBK\"'s dead, Sarah shoots the locks off of the emergency doors and the two survivors escape the bowling alley. Traumatized and, above all, upset that Jamie did nothing to prevent the murders, Sarah turns the gun on him, pumps it saying: \"'cuz we're both fucked\". The screen cuts to black as a gunshot is heard, indicating that Sarah murdered Jamie and is on the run.\n", "title": "Gutterballs", "qa": [{"id": "fb548644-52c6-fcdc-f88b-ef520b726f12", "question": "Who murdered Jamie?", "answers": ["Sarah"], "no_answer": false}, {"id": "7feaf630-0d2b-3e1c-bebb-4149551f028e", "question": "What does Jamie find in the ball return slot when he reaches to get his bowling ball?", "answers": ["Joey's severed head"], "no_answer": false}, {"id": "9b50e6ef-75de-0899-afd3-cde00fd59cf8", "question": "Who forgot there purse in the archade?", "answers": ["Lisa"], "no_answer": false}, {"id": "64d2307b-a829-49c6-b859-5984f6b05d21", "question": "WHO IS WAITING FOR LISA WHEN SHE RETURN IN THE ARCADE?", "answers": ["STEVE AND HIS FRIENDS."], "no_answer": false}, {"id": "6c683364-98e4-b0db-f9ab-02e79c269820", "question": "Why does Ben leave Cindy alone?", "answers": ["To buy a condom"], "no_answer": false}, {"id": "159aa1a7-71f0-6196-c656-cb3d60781aa4", "question": "Who penetrates Lisa with a bowling pin?", "answers": ["Patrick"], "no_answer": false}, {"id": "9a28eb34-ccd2-211d-0ba5-46368519ed91", "question": "Who wrestles Egerton to the ground?", "answers": ["Jamie"], "no_answer": false}, {"id": "5626112d-03d0-bd33-377e-e672b8d4b8b6", "question": "How is Sam killed?", "answers": ["Bowling pin down her throat"], "no_answer": false}, {"id": "b64c9861-4bb7-96f0-6889-4b486927b589", "question": "Who dies while searching for Julia?", "answers": ["Hannah"], "no_answer": false}, {"id": "e3ffd095-9e40-43d7-bb79-3515dac7cd1f", "question": "What is the name of the disco-themed bowling alley?", "answers": ["Xcalibur Bowling Centre"], "no_answer": false}, {"id": "5c6678f1-6cc5-79a2-3e53-d0cd5f1993d6", "question": "Where is the person who murdered Dave and Julia hiding?", "answers": ["in a stall"], "no_answer": false}, {"id": "561f4754-2a85-7ced-58a2-be6ec4bbe24f", "question": "Who refused to participate in the rape?", "answers": ["Patrick"], "no_answer": false}, {"id": "5abed86a-b803-fac6-64ee-b670429a7b31", "question": "Who pays for Julia's beers?", "answers": ["Dave"], "no_answer": false}, {"id": "41d35a7b-4d3b-8322-cf6d-828871ea6ee6", "question": "What does Dave want to do to Steve's beer?", "answers": ["Urinate in it."], "no_answer": false}, {"id": "da6f7452-01ac-95e7-a201-040180695c9b", "question": "How does Jamie kill Egerton?", "answers": ["with the switchblade"], "no_answer": false}, {"id": "0f41d28a-e552-d477-2fe3-a5261969796d", "question": "WHAT IS THE REASON OF LISA'S RETURN IN THE ARCADE?", "answers": ["SHE FORGOT HER PURSE."], "no_answer": false}, {"id": "7c83dddc-dd0b-611b-7b62-a5f7dbc238ec", "question": "What does Lisa to break up the fight?", "answers": ["Lisa breaks up the fight by dropping a bowling ball on Steve's foot."], "no_answer": false}, {"id": "0f71de94-e5f4-8712-f79f-d5511621254f", "question": "Who brandishes a shot gun?", "answers": ["Egerton"], "no_answer": false}, {"id": "54ffc928-451d-d05f-9930-25b706463bc7", "question": "Who was waiting on Lisa?", "answers": ["Steve and his friends."], "no_answer": false}, {"id": "9594a535-4bee-0cf6-f761-d797f58953bc", "question": "What does the killer smash Steve's head in with?", "answers": ["a bowling pin"], "no_answer": false}, {"id": "f8d9646a-0228-2ed7-0771-476ed5b77a29", "question": "What are the initials of the mystery player?", "answers": ["BBK."], "no_answer": false}, {"id": "2b72ec2a-cbec-86e6-3dc3-b8ada242c42a", "question": "What do Sarah and Jamie find in the basement?", "answers": ["friends' bodies"], "no_answer": false}, {"id": "29e7baa7-9b4e-2c20-bc13-2bfcc154c647", "question": "Who does Jamie arrive with?", "answers": ["Lisa"], "no_answer": false}, {"id": "5dddb15e-810a-073b-e023-f8b38172c6a7", "question": "What are the names of Steve's girlfriends?", "answers": ["Julia and Hannah"], "no_answer": false}, {"id": "0b3ee8d5-98b1-6845-8b02-77960f6df5e9", "question": "What does the killer use to strangle Cindy?", "answers": ["Bowling sneakers"], "no_answer": false}, {"id": "cf88bd46-05c5-6eed-456c-b16bdbe46163", "question": "Where is the disco-themed bowling alley?", "answers": ["In Surre"], "no_answer": false}, {"id": "c11e376c-5f9f-b366-a071-33dd3f06f1a8", "question": "Who are Steve's girlfriends?", "answers": ["Julia and Hannah."], "no_answer": false}, {"id": "97b0d170-14ab-0b9d-241b-dc528f5df8ca", "question": "Who broke the ball polisher?", "answers": ["Joey"], "no_answer": false}, {"id": "1519b454-d816-8f97-8269-b4468fe24018", "question": "Who allowed the teens to bowl after hours?", "answers": ["Egerton"], "no_answer": false}, {"id": "9741d42b-6233-1fc9-7b4a-69d0e9dbf142", "question": "Who is Steve's best friend?", "answers": ["Jamie"], "no_answer": false}, {"id": "f6dc2748-c6f2-8227-0967-50dbf363621f", "question": "How does the killer bludgeon Steve?", "answers": ["with a bowling pin"], "no_answer": false}, {"id": "4dc0d39f-13ac-9af8-19e8-b6b157f396c0", "question": "HOW OLD IS LISA?", "answers": ["A TEENAGER"], "no_answer": false}, {"id": "aa3be86f-feea-65c9-42d9-8cc4eb81b43e", "question": "Who lies dead on the ground, headless?", "answers": ["Joey"], "no_answer": false}, {"id": "589bc377-be66-a757-7955-e85c7da64c07", "question": "Where do Sarah and Jamie hide to escape the killer?", "answers": ["basement"], "no_answer": false}, {"id": "f002b1a4-bb60-11c7-812d-9e8f01427617", "question": "Who is Lisa confronted by?", "answers": ["Patrick"], "no_answer": false}, {"id": "dc18ba99-56cc-0dec-d030-47f380a2a234", "question": "Whom did Lisa murder?", "answers": ["Steve"], "no_answer": false}, {"id": "f147ad73-295b-b9d0-c6bc-f44d05a5cb78", "question": "When was the fight took place?", "answers": ["in 2008"], "no_answer": false}, {"id": "a5b4bcce-83e5-0aee-aed8-fdd00faf653b", "question": "Who proceeds to violently rape Lisa?", "answers": ["Steve"], "no_answer": false}, {"id": "2b89f473-9b11-4884-2319-b7e5af132470", "question": "Where do the guys leave Lisa after the rape?", "answers": ["in a pool table in a pool of blood."], "no_answer": false}, {"id": "b80a8198-d0f1-fabb-28ab-7bab2b19a34e", "question": "What body part does Ben lose?", "answers": ["Eyes"], "no_answer": false}, {"id": "464e5fc2-abfe-04ad-e39c-e653ed64fcba", "question": "Who were the two survivors that escaped the bowling alley?", "answers": ["Sarah and Jamie"], "no_answer": false}, {"id": "8a3fb5ff-d2f6-8831-1842-1ce853dd4f9e", "question": "Who kills Lisa?", "answers": ["Sarah"], "no_answer": false}, {"id": "ba83d2f7-ffcb-94ed-a6c3-9ae79b90288d", "question": "What does Ben try to buy out of the vending machine?", "answers": ["A Condom"], "no_answer": false}, {"id": "d62f9f3c-b3b3-8dbb-78f7-e1d934dc7944", "question": "Whose beer does Dave try to urinate in?", "answers": ["Steve's"], "no_answer": false}, {"id": "e6d25e84-eb1b-9fb7-33df-a0a99cc9bf84", "question": "What two people make out in the bathroom?", "answers": ["Julia and Dave"], "no_answer": false}, {"id": "eb329b7b-53fb-8af0-c8cf-ca1e8d266f22", "question": "How does Cindy die?", "answers": ["Strangulation"], "no_answer": false}, {"id": "51524284-274d-df8c-f4bb-962749434c14", "question": "With whom did Steve have sex?", "answers": ["Lisa"], "no_answer": false}, {"id": "0fc0f854-b89b-2767-4add-2a741772f23c", "question": "Who is the best friend of Steve?", "answers": ["Jamie"], "no_answer": false}, {"id": "0e53a185-0aec-3c3c-fede-2294906434d4", "question": "What does the killer force down Sam's throat?", "answers": ["A bowling pin"], "no_answer": false}], "id": "/m/03mdpqr"}, {"plot": "James \"Jimmie\" Rainwood (Tom Selleck) is an ordinary and model citizen: happily married to his beautiful wife Kate (Laila Robins), has a modest home in Long Beach, California, works as an American Airlines engineer, drives a classic Pontiac Trans Am and pays his bills.\nDetectives Mike Parnell (David Rasche) and Danny Scalise (Richard Young) are cops specializing in drug busts who also frame people and steal drugs that should be declared evidence so that they can use it for their own recreational drug use and selling to dealers.\nOne day Parnell takes a large hit of cocaine and becomes unable to concentrate properly about the address for the next drug bust expecting to find drugs. But instead they break into the wrong house as Jimmie walks out of the bathroom with a handheld hair dryer in hand, Parnell shoots thinking it's a weapon. Rainwood is shot in the shoulder and knocked unconscious. Realising that they could both be tested for taking drugs and charged they decide to cover up their mistake. They plant drugs in the house and place a firearm in the hand of Rainwood's unconscious body and they frame him as a drug dealer. Jimmie is pegged as a user having a prior record of marijuana possession while in college and his only defense is his word against two decorated cops. He claims the two cops framed him but no evidence proves the men are corrupt. He gets a 6-year prison sentence. Internal Affairs detective, John Fitzgerald (Badja Djola) takes a mild personal interest in the situation although he can not do anything since everything is hearsay.\nJimmie is initially na\u00c3\u00afve about prison life; early in his term he sees his cellmate stabbed with a screwdriver and set on fire and then has a personal run in with the Black Guerrilla Family run by Jingles who took his commissary purchases. After the gang assaults him and threatens him with sexual assault, and does not report them, he comes to the realization that he has to take the recommendation of fellow inmates Butcher (Dennis Burkley) and Virgil Cane (F. Murray Abraham) to \"take care of his problem.\"\nJimmie gets a plexiglas shank, stabs Jingles to death, and spends three months in a windowless, subterranean solitary confinement although it's never proven he did the job. When he is released to the general population he is received as a minor hero for ridding the prison of Jingles. On the outside, Kate is causing trouble by bringing the situation to the attention of whoever will listen and is threatened by Parnell and Scalise. Her visit to Fitzgerald went nowhere so she told him the detectives insulted him racially which although a lie was reinforced when Fitzgerald angrily told them to stay away from Kate and coincidentally use the words that Kate said they had used.\nBefore being paroled after three years served, Virgil suggests getting even with the detectives but he instead sets out to regain his life on the outside until paid a visit by the detectives who indicate that Jimmie's future depends on whether or not he does what Parnell and Scalise say.\nParnell and Scalise are set up to arrest the dealers of some \"competition\" that are in reality protected dealers of Joseph Donatelli (J.J. Johnston). Of course, the detectives do not turn over all the drugs and are robbed by masked culprits who unknown to them are Jimmie and Malcolm (M.C. Gainey) another inmate that later call in to the detectives to return the drugs for a cash payout where Malcolm is wired for sound recording by Fitzgerald. There is a glitch and Jimmie has to declare himself and a gun fight ensues, Malcolm is shot and killed by Parnell, Scalise dies after crashing his car trying to escape and Parnell is about to die at the hands of Jimmie by Parnell's own switchblade. Kate begs Jimmie not to kill Parnell saving him so that he can be convicted.\nThe movie ends with both Parnell and Jimmie returning to a life they both deserve. Parnell is put into general prison population (a creative liberty, as convicted ex-cops are always kept in protective custody or are housed in out of state Federal prisons[citation needed]). On entry to the prison inmate main room, Virgil calls attention to Parnel by yelling, \"hey, officer\" for all the other inmates to see and hear. Parnell looks up to the balcony where Virgil is standing, his face frozen in a mask of fear and hears Virgil say, \"Ain't life a motherfucker?\", repeating the line said when he and Jimmie met last and Jimmie went on parole. Jimmie is seen suited up working again for the airline thus finally getting his life back.\n", "title": "An Innocent Man", "qa": [{"id": "dc193068-aaf2-a3bb-3d60-5c347414df4f", "question": "How does things end for Jimmie and Parnell?", "answers": ["return to a life they both deserve."], "no_answer": false}, {"id": "79f5ee35-6222-6ebe-bcc7-e390ab338096", "question": "What drug did Parnell take too much of?", "answers": ["Cocaine."], "no_answer": false}, {"id": "576e4184-bbc7-6bd2-cf68-135b91bf3671", "question": "Who threatens Kate?", "answers": ["Parnell and Scalise"], "no_answer": false}, {"id": "e3a8ce48-1fbf-1c2b-e7e6-d9c79b2ae16d", "question": "What are the detectives' names?", "answers": ["Parnell and Scalise"], "no_answer": false}, {"id": "b3716809-142c-446a-f1c9-734e3815df86", "question": "What does Jimmie use to stab Jinlges to death?", "answers": ["plexiglass shank"], "no_answer": false}, {"id": "92a8152d-610b-fcfa-3675-92ecae013112", "question": "Who are the detectives robbed by?", "answers": ["masked culprits"], "no_answer": false}, {"id": "f40ebfdb-c0fa-f205-44bf-cd6dfec04300", "question": "Is Jimmie a criminal?", "answers": ["Yes"], "no_answer": false}, {"id": "c8a7db3e-3ff3-97e1-a1f6-e5c1133bf06a", "question": "What group does Jimmie have a personal run in with?", "answers": ["Black Guerrilla Family"], "no_answer": false}, {"id": "6d17bed4-2819-1908-c3b4-0a275cf8e64b", "question": "What does Parnell think is a weapon?", "answers": ["A hair dryer."], "no_answer": false}, {"id": "d3cd5bdc-cf18-c75c-5593-3bd65870ce4e", "question": "Who shot Malcolm?", "answers": ["Parnell"], "no_answer": false}, {"id": "e67c77d8-4391-fccd-a219-53a380ff8b8f", "question": "Why does Kate beg Jimmie not to kill Parnell?", "answers": ["A conviction"], "no_answer": false}, {"id": "7f677305-7348-093b-85ce-591159d1ff1c", "question": "What is Jimmie's cellmate stabbed with?", "answers": ["screwdriver"], "no_answer": false}, {"id": "bef2c2f7-1e5d-edfb-c748-8a17bccce353", "question": "What does Mike and Danny specialize in?", "answers": ["drug busts"], "no_answer": false}, {"id": "cb36fe22-1743-47ce-befe-d5457b0b2ae5", "question": "How many years did Jimmie serve?", "answers": ["3"], "no_answer": false}, {"id": "bf57c6ec-5821-7129-2427-75d94163f071", "question": "Who was yelling?", "answers": ["Virgil"], "no_answer": false}, {"id": "701fa182-c4c5-b107-0f6b-f12175365129", "question": "What is James \"Jimmie\" Rainwood's profession?", "answers": ["Engineer"], "no_answer": false}, {"id": "6c46abf6-2290-64d6-60fb-9f53b7119511", "question": "How many detectives visit Jimmie?", "answers": ["2"], "no_answer": false}, {"id": "186bf47b-bdf8-6f86-ddbe-a8cc7288ce5c", "question": "Who was put into general prison population ?", "answers": ["Parnell"], "no_answer": false}, {"id": "4bcc6422-0b8e-9adb-ab30-d22d1df7cf71", "question": "Does Jimmie take Virgil's suggestion?", "answers": ["No"], "no_answer": false}, {"id": "a1a9ced4-6130-af6e-a4be-5a0d25b538ad", "question": "Who tells Parnell and Scalise to stay away from Kate?", "answers": ["Fitzgerald"], "no_answer": false}, {"id": "530d1e94-cb7c-6902-ae8a-d30ec2dd1700", "question": "What department does John Fitzgerald work in?", "answers": ["Internal Affairs."], "no_answer": false}, {"id": "38b50ef0-c1ee-f0ab-0486-8fb56bf080af", "question": "Was Jimmie paroled?", "answers": ["Yes"], "no_answer": false}], "id": "/m/06nlqq"}, {"plot": "\n\nThe structure of the film consists of several subplots which all revolve around an intertwined cast of characters.The film begins by introducing Richard (John Hawkes), a shoe salesman and recently separated father of two. After being thrown out by his wife Pam (JoNell Kennedy), he gets an apartment of his own to share with his children, Peter (Miles Thompson) and Robby (Brandon Ratcliff). He meets Christine (Miranda July), a senior-cab driver and amateur video artist, while she takes her client to shop for shoes, and the two develop a fledgling romantic relationship.Robby, six years old, and his 14 year old brother, Peter, have a joint online chat which he later depicts in another chat session as \"))<>((\", an emoticon that means \"pooping back and forth\". This piques the interest of the woman at the other end and she suggests a real-life meeting.Two of Richard's neighbors, 15-year-olds Heather (Natasha Slayton) and Rebecca (Najarra Townsend), develop a playful relationship with a much older neighbor Andrew (Brad William Henke). He doesn't say much, but he keeps leaving signs on his window about what he would do to each of them. As a result of this relationship, Heather and Rebecca ask 14-year-old Peter, Robby's older brother, if they can practice oral sex on him, so that he can tell them which of the two does it better; so they do. He says both were exactly the same. The daughter of a neighbor peeks in the window and sees what happens at the time, and quickly leaves. They later come to the neighbor's house intending to have sex with him, as practice, which shocks him, and he pretends not to be home.Meanwhile, Christine's work is rejected by a contemporary art museum, but then later accepted by the curator, who turns out to be the woman who was instant messaging with the brothers.The plots come together in the end, with Peter developing a friendship with the daughter of a neighbor, having been introduced to the hope chest that she has, Christine and Richard displaying a show of mutual acceptance of their attraction to each other, and, as a final plot device, Robby finding that the noise he'd been awoken to every morning very early was that of an early rising businessman tapping a quarter on a street sign pole. When asked why he's doing it, he stops and turns around, saying \"just passing the time\", and gives Robby the quarter. When his bus drives away and Robby tries it out himself, the sun heightens with each tap, time literally passing as he does it.\n\n", "title": "Me and You and Everyone We Know", "qa": [{"id": "44cfa93a-9099-267d-e7fb-e44bdeb28e07", "question": "What are the professions of Christine?", "answers": ["Senior cab driver and amateur video artist."], "no_answer": false}, {"id": "16b4878a-b21f-7f0d-81fb-3c8886d50e6a", "question": "Who gets an apartment of his own to share with his children?", "answers": ["Richard"], "no_answer": false}, {"id": "331ce8d9-9f81-dd93-9f0d-c186542c5ade", "question": "How many children does Richard have?", "answers": ["2"], "no_answer": false}, {"id": "c7076c11-ade2-184d-6e55-a0e8f466245d", "question": "Who rejects Christine's work?", "answers": ["A contemporary art museum"], "no_answer": false}, {"id": "754fe5d8-352e-5e8c-dc90-2b1b547f6d66", "question": "What does Richard do for a living?", "answers": ["He's a shoe salesman"], "no_answer": false}, {"id": "173278fd-00ed-068f-4640-d8ea5d8171bb", "question": "Who is Richard's wife?", "answers": ["Pam."], "no_answer": false}, {"id": "4cf40e8c-3a65-803a-ce48-046fe468f995", "question": "How old is Robby?", "answers": ["6"], "no_answer": false}, {"id": "18bd9d1e-494e-add7-dcce-a443de428970", "question": "what's Christine's hobby?", "answers": ["She is an amateur video artist"], "no_answer": false}, {"id": "7428a15f-1c49-52c2-d158-ba486b1da669", "question": "What are the names of Richard's children?", "answers": ["Peter and Robby."], "no_answer": false}, {"id": "04e1b9e1-8c9b-34c1-38d4-02a045f3852b", "question": "What does Richard sell?", "answers": ["shoes"], "no_answer": false}, {"id": "283d41ed-8409-9a93-b9e8-be35d9ca2e16", "question": "What is Richards profession in the film?", "answers": ["Shoe salesman."], "no_answer": false}, {"id": "44f528ae-04d5-3ffd-8f45-131578007064", "question": "what's Christine's job", "answers": ["taxi driver"], "no_answer": false}], "id": "/m/06yc6v"}]