Самолет взлетает.,Взлетает самолет.,5.0
Человек играет на большой флейте.,Человек играет на флейте.,3.8
Мужчина разбрасывает сыр на пиццу.,Мужчина разбрасывает измельченный сыр на вареную пиццу.,3.8
Трое мужчин играют в шахматы.,Двое мужчин играют в шахматы.,2.6
Мужчина играет на виолончели.,"Человек, сидящий на виолончели, играет на виолончели.",4.25
Некоторые мужчины ссорятся.,Двое мужчин дерутся.,4.25
Человек курит.,Человек катается на коньках.,0.5
Человек играет на пианино.,Он играет на гитаре.,1.6
Мужчина играет на гитаре и поет.,Женщина играет на акустической гитаре и поет.,2.2
