index	original	translation	scores	mean	z_scores	z_mean	model_scores
0	Kogu päeva kestnud Auvere lahingu tulemusena löödi Punaarmee tagasi.	The whole day-long Auvere battle resulted in the Red Army being defeated.	[100, 82, 77]	86.33333333333333	[1.0152560939928115, 0.5808699337445091, 0.2705666302778131]	0.6222308860050446	-0.367572546005249
1	Mweri ahelik on veelahe Kongo ja Niiluse jõgikonna vahel.	The flotilla is a watershed between the Congo and the Nile Basin.	[68, 74, 80]	74.0	[-0.05364345636477628, 0.29999877943339137, 0.4936093960423005]	0.24665490637030518	-0.5699995160102844
2	"Love's Vision" on Troy Jollimore'i filosoofiline raamat, mis ilmus 2011. aastal Princeton University Pressi väljaandel.	The "Love" Vision is a philosophical book by Troy Jollimore, which appeared in the Princeton University Square in 2011.	[13, 21, 28]	20.666666666666668	[-1.635530085763711, -2.080576466172854, -1.2974639223337912]	-1.6711901580901187	-0.23067863285541534
3	Aga on veel midagi eelnevat, nimelt kas säilitada need varasemad pühendumused ja kas järgnevad põhjendid tuleb määrata nende valguses.	However, there is something else that has come about, namely whether to maintain these earlier commitments and whether the subsequent causes must be determined in light of them.	[92, 78, 100]	90.0	[0.87113844457352, 0.4063488583400919, 1.0991035183644302]	0.7921969404260141	-0.5393880605697632
4	Kalmule andis rektori ametiraha üle Eesti president Kersti Kaljulaid.	Kalmule was handed over by President Kersti Kaljukas of Estonia to resector money.	[1, 8, 15]	8.0	[-2.016289862523797, -2.6477699612372096, -2.258848426590734]	-2.30763608345058	-0.577187180519104
