id,text,hate_speech_idx,response
"1. 39869714
","1. i joined gab to remind myself how retarded jew haters are. You wouldn't be typing on your abacus without them you retard.
",[1],"[""Using words that insult one group while defending another group doesn't come across as helpful."", 'You can make the same point more effectively without the use of hateful terminology.', 'Use of the r-word is unacceptable in our discourse as it demeans and insults people with mental disabilities.']"
"1. 39845588
2. 	39848775
3. 		39911017
","1. This is what the left is really scared of.    https://redd.it/9rfkts
2. 	That literally looks like a monkey. Why are we supposed to pretend it’s a person bc it’s wearing a red hat? 
3. 		Dumb Cunt
",[3],"['You can disagree with someones opinion without calling them names. Use reason and you might get more people on your side.', 'You can make the same point more effectively without the use of hateful terminology.', 'Use of the c-word is unacceptable in our discourse as it demeans and insults women.']"
"1. 37485560
2. 	37528625
","1. It makes you an asshole.
2. 	Give it to a  soldier who has defend it , then try to burn it . Show me what a badass you really are.  The flag is helpless to stop you or fight back . Completely unnecessary act , its proves nothing and accomplishes nothing. It only shows your a ignorant weak faggot  . Like kicking a puppy ,,,  it shows how weak and worthless you are 
",[2],"['Your argument is more rational if you leave you the hateful words, people will be more inclined to listen to you then.', 'You can make the same point more effectively without the use of hateful terminology.', 'Use of the slur here is unacceptable in our discourse as it demeans and insults gays.']"
"1. 39787626
2. 	39794481
","1. So they manage to provide a whole lot of data, except a critical little nugget.   Gay men are well over half the patients who present at STI clinics, and are probably the source of the emerging antibiotic-resistant pathogens.   https://www.dailymail.co.uk/health/article-6315871/One-young-person-England-told-STI-FOUR-MINUTES.html
2. 	yup. i cant smoke in a bar because it's harmful to some faggot that's getting drunk, doing drugs & having an STD potluck w/ the boys later...... seems legit. 
",[2],"[""You shouldn't generalize a specific group or call them names, use thoughtful words in your discussion and it will help get your point out."", 'You can make the same point more effectively without the use of hateful terminology.', 'Use of the slur here is unacceptable in our discourse as it demeans and insults gays.']"
"1. 37957930
2. 	39953348
3. 		39965219
","1. Hi there, i,m Keith, i hope you are doing well, i would be very honored to get to know you if you would be interested? @PugLife
2. 	Fuck off
3. 		wow, what a rude cunt 
",[3],"['If someone is rude it is better to ignore them instead of being equally as rude right back.', 'You can make the same point more effectively without the use of hateful terminology.', 'Use of the c-word is unacceptable in our discourse as it demeans and insults women.']"
