[{"corpusPrefix": "bbawramessiden", "name": "d. K\u00f6nig kehrt Heim mit Gefangenen", "transcription": "\u2e22p\u1e0f,wt-9\u2e23   n =f   [\u2e2e\u1e25tr?]   \u2e22m\u2e23  ", "translation": "... die Neun-Bogenv\u00f6lker ... zu ihm ... Pferdegespann ...", "hieroglyphs": ""}, {"corpusPrefix": "bbawramessiden", "name": "d. K\u00f6nig kehrt Heim mit Gefangenen", "transcription": "\u1e25tr tp,j \ua725\ua723 n \u1e25m =f \ua724\ua723-n\u1e2bt,w", "translation": "[Pferde]: Das erste gro\u00dfe Pfergespann seiner Majest\u00e4t (namens) 'Gro\u00df an Siegen'.", "hieroglyphs": ""}, {"corpusPrefix": "bbawramessiden", "name": "d. K\u00f6nig kehrt Heim mit Gefangenen", "transcription": "\u2e22wr\u2e23.pl \u2e22\ua725\ua723i\u032f\u2e23.pl n.w \u2e22R\u1e6fn,w\u2e23 \u2e22jni\u032f\u2e23 \u2e22\u1e25m\u2e23 \u2e22=f\u2e23 \u2e22m\u2e23 \u2e22sqr-\ua725n\u1e2b\u2e23", "translation": "[Gefangene]: Die gro\u00dfen Oberh\u00e4upter von Retjenu, die seine Majest\u00e4t als Kriegsgefangene gebracht hat.", "hieroglyphs": ""}, {"corpusPrefix": "bbawramessiden", "name": "Figur und Text der Isis", "transcription": "\u1e0fd-mdw jn \ua723s,t wr,t mw,t-n\u1e6fr", "translation": "Worte sprechen durch Isis, die Gro\u00dfe, die Gottesmutter:", "hieroglyphs": ""}, {"corpusPrefix": "bbawramessiden", "name": "Figur und Text der Isis", "transcription": "s\ua723 =j mri\u032f =j R\ua725w-msi\u032f-sw-mri\u032f-Jmn \u2e22\ua725\u1e25\ua725,w\u2e23 =k mj  s\ua723 =j \u1e24r,w", "translation": "\"Mein geliebter Sohn Ramses-meriamun, deine Lebenszeit ist wie (die) meines Sohnes Horus.", "hieroglyphs": ""}]