[{"relationships": [{"predicate": "on", "object": {"name": "street", "h": 262, "w": 714, "y": 328, "x": 77, "id": 38204}, "id": 15927, "subject": {"name": "shade", "h": 192, "w": 274, "y": 338, "x": 119, "id": 38205}}, {"predicate": "wears", "object": {"name": "sneakers", "h": 26, "w": 52, "y": 489, "x": 243, "id": 38207}, "id": 15928, "subject": {"name": "man", "h": 262, "w": 60, "y": 249, "x": 238, "id": 38206}}, {"predicate": "has", "object": {"name": "headlight", "h": 15, "w": 23, "y": 366, "x": 514, "id": 38208}, "id": 15929, "subject": {"name": "car", "h": 98, "w": 74, "y": 315, "x": 479, "id": 38209}}, {"predicate": "on", "object": {"name": "building", "h": 536, "w": 218, "y": 2, "x": 1, "id": 38213}, "id": 15930, "subject": {"name": "sign", "h": 182, "w": 88, "y": 13, "x": 118, "id": 38212}}, {"predicate": "on", "object": {"name": "sidewalk", "h": 266, "w": 722, "y": 331, "x": 77, "id": 38215}, "id": 15931, "subject": {"name": "tree trunk", "h": 327, "w": 87, "y": 234, "x": 622, "id": 38214}}, {"predicate": "has", "object": {"name": "shirt", "h": 101, "w": 59, "y": 289, "x": 241, "id": 38216}, "id": 15932, "subject": {"name": "man", "h": 262, "w": 60, "y": 249, "x": 238, "id": 38217}}, {"predicate": "next to", "object": {"name": "street", "h": 233, "w": 440, "y": 283, "x": 358, "id": 38219}, "id": 15933, "subject": {"name": "sidewalk", "h": 266, "w": 722, "y": 331, "x": 77, "id": 38218}}, {"predicate": "has", "object": {"name": "back", "h": 170, "w": 67, "y": 339, "x": 721, "id": 38221}, "id": 15934, "subject": {"name": "car", "h": 174, "w": 91, "y": 342, "x": 708, "id": 38220}}, {"predicate": "has", "object": {"name": "glasses", "h": 12, "w": 20, "y": 268, "x": 271, "id": 38223}, "id": 15935, "subject": {"name": "man", "h": 262, "w": 60, "y": 249, "x": 238, "id": 38222}}, {"predicate": "on", "object": {"name": "sidewalk", "h": 266, "w": 722, "y": 331, "x": 77, "id": 38225}, "id": 15936, "subject": {"name": "parking meter", "h": 143, "w": 32, "y": 327, "x": 574, "id": 38224}}, {"predicate": "wears", "object": {"name": "sneakers", "h": 26, "w": 52, "y": 489, "x": 243, "id": 38228}, "id": 15937, "subject": {"name": "man", "h": 262, "w": 60, "y": 249, "x": 238, "id": 38229}}, {"predicate": "has", "object": {"name": "shoes", "h": 34, "w": 46, "y": 481, "x": 391, "id": 38230}, "id": 15938, "subject": {"name": "man", "h": 251, "w": 75, "y": 264, "x": 372, "id": 38231}}, {"predicate": "has", "object": {"name": "shirt", "h": 101, "w": 59, "y": 289, "x": 241, "id": 38232}, "id": 15939, "subject": {"name": "man", "h": 262, "w": 60, "y": 249, "x": 238, "id": 38234}}, {"predicate": "wears", "object": {"name": "pants", "h": 118, "w": 38, "y": 384, "x": 245, "id": 38233}, "id": 15940, "subject": {"name": "man", "h": 262, "w": 60, "y": 249, "x": 238, "id": 38234}}, {"predicate": "has", "object": {"name": "jacket", "h": 97, "w": 89, "y": 296, "x": 356, "id": 38235}, "id": 15941, "subject": {"name": "man", "h": 251, "w": 75, "y": 264, "x": 372, "id": 38237}}, {"predicate": "has", "object": {"name": "pants", "h": 128, "w": 54, "y": 369, "x": 382, "id": 38236}, "id": 15942, "subject": {"name": "man", "h": 251, "w": 75, "y": 264, "x": 372, "id": 38237}}, {"predicate": "parked on", "object": {"name": "sidewalk", "h": 266, "w": 722, "y": 331, "x": 77, "id": 38239}, "id": 15943, "subject": {"name": "bike", "h": 34, "w": 28, "y": 319, "x": 318, "id": 38238}}, {"predicate": "parked on", "object": {"name": "sidewalk", "h": 266, "w": 722, "y": 331, "x": 77, "id": 38239}, "id": 15944, "subject": {"name": "bike", "h": 35, "w": 29, "y": 319, "x": 334, "id": 38240}}, {"predicate": "parked on", "object": {"name": "street", "h": 233, "w": 440, "y": 283, "x": 358, "id": 38242}, "id": 15945, "subject": {"name": "work truck", "h": 185, "w": 265, "y": 271, "x": 521, "id": 38241}}, {"predicate": "parked on", "object": {"name": "street", "h": 233, "w": 440, "y": 283, "x": 358, "id": 38244}, "id": 15946, "subject": {"name": "car", "h": 174, "w": 91, "y": 342, "x": 708, "id": 38243}}, {"predicate": "behind", "object": {"name": "man", "h": 251, "w": 75, "y": 264, "x": 372, "id": 7480094}, "id": 3186256, "subject": {"name": "parking meter", "h": 143, "w": 32, "y": 327, "x": 574, "id": 7480093}}, {"predicate": "holding", "object": {"name": "chin", "h": 9, "w": 11, "y": 288, "x": 399, "id": 7480096}, "id": 3186257, "subject": {"name": "guy", "h": 250, "w": 82, "y": 264, "x": 369, "id": 7480095}}, {"predicate": "wearing", "object": {"name": "shirt", "h": 101, "w": 59, "y": 289, "x": 241, "id": 7480103}, "id": 3186258, "subject": {"name": "man", "h": 262, "w": 60, "y": 249, "x": 238, "id": 7480102}}, {"predicate": "holding", "object": {"name": "chin", "h": 9, "w": 11, "y": 288, "x": 399, "id": 7480105}, "id": 3186259, "subject": {"name": "man", "h": 251, "w": 75, "y": 264, "x": 372, "id": 7480104}}, {"predicate": "near", "object": {"name": "tree", "h": 360, "w": 176, "y": 0, "x": 249, "id": 7480107}, "id": 3186260, "subject": {"name": "bikes", "h": 35, "w": 40, "y": 319, "x": 321, "id": 7480106}}, {"predicate": "wearing", "object": {"name": "shoes", "h": 34, "w": 46, "y": 481, "x": 391, "id": 7480110}, "id": 3186261, "subject": {"name": "man", "h": 251, "w": 75, "y": 264, "x": 372, "id": 7480109}}, {"predicate": "near", "object": {"name": "tree", "h": 360, "w": 176, "y": 0, "x": 249, "id": 7480113}, "id": 3186262, "subject": {"name": "bikes", "h": 35, "w": 40, "y": 319, "x": 321, "id": 7480112}}, {"predicate": "on", "object": {"name": "man", "h": 262, "w": 60, "y": 249, "x": 238, "id": 7480116}, "id": 3186263, "subject": {"name": "shirt", "h": 101, "w": 59, "y": 289, "x": 241, "id": 7480115}}, {"predicate": "in", "object": {"name": "shirt", "h": 101, "w": 59, "y": 289, "x": 241, "id": 7480125}, "id": 3186264, "subject": {"name": "man", "h": 262, "w": 60, "y": 249, "x": 238, "id": 7480124}}, {"predicate": "wearing", "object": {"name": "pants", "h": 118, "w": 38, "y": 384, "x": 245, "id": 7480127}, "id": 3186265, "subject": {"name": "man", "h": 262, "w": 60, "y": 249, "x": 238, "id": 7480126}}, {"predicate": "on top of", "object": {"name": "street", "h": 233, "w": 440, "y": 283, "x": 358, "id": 7480133}, "id": 3186266, "subject": {"name": "parking meter", "h": 143, "w": 32, "y": 327, "x": 574, "id": 7480132}}, {"predicate": "next to", "object": {"name": "street", "h": 233, "w": 440, "y": 283, "x": 358, "id": 7480135}, "id": 3186267, "subject": {"name": "tree", "h": 360, "w": 176, "y": 0, "x": 249, "id": 7480134}}, {"predicate": "wearing", "object": {"name": "glasses", "h": 12, "w": 20, "y": 268, "x": 271, "id": 7480137}, "id": 3186268, "subject": {"name": "man", "h": 262, "w": 60, "y": 249, "x": 238, "id": 7480136}}, {"predicate": "behind", "object": {"name": "man", "h": 262, "w": 60, "y": 249, "x": 238, "id": 7480139}, "id": 3186269, "subject": {"name": "bikes", "h": 35, "w": 40, "y": 319, "x": 321, "id": 7480138}}, {"predicate": "by", "object": {"name": "sidewalk", "h": 266, "w": 722, "y": 331, "x": 77, "id": 7480141}, "id": 3186270, "subject": {"name": "trees", "h": 557, "w": 606, "y": 0, "x": 190, "id": 7480140}}, {"predicate": "wearing", "object": {"name": "jacket", "h": 97, "w": 89, "y": 296, "x": 356, "id": 7480147}, "id": 3186271, "subject": {"name": "man", "h": 251, "w": 75, "y": 264, "x": 372, "id": 7480146}}], "id": 1}, {"relationships": [{"predicate": "wears", "object": {"name": "backpack", "h": 81, "w": 72, "y": 362, "x": 359, "id": 38246}, "id": 15947, "subject": {"name": "man", "h": 255, "w": 142, "y": 320, "x": 324, "id": 38247}}, {"predicate": "parked on", "object": {"name": "road", "h": 279, "w": 372, "y": 321, "x": 3, "id": 38249}, "id": 15948, "subject": {"name": "car", "h": 126, "w": 136, "y": 347, "x": 239, "id": 38248}}, {"predicate": "next to", "object": {"name": "road", "h": 279, "w": 372, "y": 321, "x": 3, "id": 38253}, "id": 15949, "subject": {"name": "tree", "h": 223, "w": 73, "y": 146, "x": 0, "id": 38250}}, {"predicate": "next to", "object": {"name": "road", "h": 279, "w": 372, "y": 321, "x": 3, "id": 38253}, "id": 15950, "subject": {"name": "tree", "h": 201, "w": 61, "y": 155, "x": 58, "id": 38251}}, {"predicate": "next to", "object": {"name": "road", "h": 279, "w": 372, "y": 321, "x": 3, "id": 38253}, "id": 15951, "subject": {"name": "tree", "h": 163, "w": 83, "y": 195, "x": 110, "id": 38252}}, {"predicate": "in front of", "object": {"name": "man", "h": 255, "w": 142, "y": 320, "x": 324, "id": 38255}, "id": 15952, "subject": {"name": "crosswalk", "h": 107, "w": 366, "y": 492, "x": 0, "id": 38254}}, {"predicate": "has", "object": {"name": "window", "h": 179, "w": 99, "y": 60, "x": 645, "id": 38258}, "id": 15953, "subject": {"name": "building", "h": 384, "w": 251, "y": 4, "x": 547, "id": 38262}}, {"predicate": "has", "object": {"name": "window", "h": 159, "w": 57, "y": 71, "x": 742, "id": 38259}, "id": 15954, "subject": {"name": "building", "h": 384, "w": 251, "y": 4, "x": 547, "id": 38262}}, {"predicate": "has", "object": {"name": "window", "h": 114, "w": 105, "y": 259, "x": 644, "id": 38260}, "id": 15955, "subject": {"name": "building", "h": 384, "w": 251, "y": 4, "x": 547, "id": 38262}}, {"predicate": "has", "object": {"name": "window", "h": 108, "w": 52, "y": 259, "x": 746, "id": 38261}, "id": 15956, "subject": {"name": "building", "h": 384, "w": 251, "y": 4, "x": 547, "id": 38262}}, {"predicate": "has", "object": {"name": "window", "h": 179, "w": 26, "y": 64, "x": 628, "id": 38257}, "id": 15957, "subject": {"name": "building", "h": 384, "w": 251, "y": 4, "x": 547, "id": 38262}}, {"predicate": "parked on", "object": {"name": "road", "h": 279, "w": 372, "y": 321, "x": 3, "id": 38264}, "id": 15958, "subject": {"name": "car", "h": 76, "w": 86, "y": 327, "x": 346, "id": 38263}}, {"predicate": "next to", "object": {"name": "road", "h": 279, "w": 372, "y": 321, "x": 3, "id": 38267}, "id": 15959, "subject": {"name": "sign", "h": 67, "w": 22, "y": 287, "x": 230, "id": 38266}}, {"predicate": "along", "object": {"name": "road", "h": 279, "w": 372, "y": 321, "x": 3, "id": 38269}, "id": 15960, "subject": {"name": "tree", "h": 223, "w": 73, "y": 146, "x": 0, "id": 38268}}, {"predicate": "along", "object": {"name": "road", "h": 279, "w": 372, "y": 321, "x": 3, "id": 38269}, "id": 15961, "subject": {"name": "tree", "h": 201, "w": 61, "y": 155, "x": 58, "id": 38270}}, {"predicate": "along", "object": {"name": "road", "h": 279, "w": 372, "y": 321, "x": 3, "id": 38269}, "id": 15962, "subject": {"name": "tree", "h": 163, "w": 83, "y": 195, "x": 110, "id": 38271}}, {"predicate": "wears", "object": {"name": "sneakers", "h": 37, "w": 132, "y": 533, "x": 339, "id": 38273}, "id": 15963, "subject": {"name": "man", "h": 255, "w": 142, "y": 320, "x": 324, "id": 38272}}, {"predicate": "carries", "object": {"name": "backpack", "h": 81, "w": 72, "y": 362, "x": 359, "id": 38275}, "id": 15964, "subject": {"name": "man", "h": 255, "w": 142, "y": 320, "x": 324, "id": 38274}}, {"predicate": "next to", "object": {"name": "car", "h": 126, "w": 136, "y": 347, "x": 239, "id": 38278}, "id": 15965, "subject": {"name": "bike", "h": 69, "w": 33, "y": 403, "x": 415, "id": 38277}}, {"predicate": "parked on", "object": {"name": "road", "h": 279, "w": 372, "y": 321, "x": 3, "id": 38284}, "id": 15969, "subject": {"name": "car", "h": 126, "w": 136, "y": 347, "x": 239, "id": 38283}}, {"predicate": "at", "object": {"name": "crosswalk", "h": 107, "w": 366, "y": 492, "x": 0, "id": 38286}, "id": 15970, "subject": {"name": "man", "h": 255, "w": 142, "y": 320, "x": 324, "id": 38285}}, {"predicate": "on", "object": {"name": "road", "h": 279, "w": 372, "y": 321, "x": 3, "id": 38288}, "id": 15971, "subject": {"name": "crosswalk", "h": 107, "w": 366, "y": 492, "x": 0, "id": 38287}}, {"predicate": "says", "object": {"name": "\"walk\"", "h": 15, "w": 31, "y": 193, "x": 471, "id": 38290}, "id": 15972, "subject": {"name": "walk sign", "h": 103, "w": 43, "y": 141, "x": 463, "id": 38289}}], "id": 2}, {"relationships": [{"predicate": "in front of", "object": {"name": "monitor", "h": 155, "w": 149, "y": 119, "x": 159, "id": 38295}, "id": 15973, "subject": {"name": "keyboard", "h": 48, "w": 175, "y": 273, "x": 168, "id": 38294}}, {"predicate": "under", "object": {"name": "desktop", "h": 244, "w": 510, "y": 233, "x": 129, "id": 38297}, "id": 15974, "subject": {"name": "cpu", "h": 139, "w": 88, "y": 340, "x": 212, "id": 38296}}, {"predicate": "has", "object": {"name": "drawer", "h": 42, "w": 94, "y": 423, "x": 48, "id": 38299}, "id": 15975, "subject": {"name": "filing cabinet", "h": 201, "w": 139, "y": 269, "x": 2, "id": 38298}}, {"predicate": "has", "object": {"name": "drawer", "h": 123, "w": 128, "y": 321, "x": 2, "id": 38300}, "id": 15976, "subject": {"name": "filing cabinet", "h": 201, "w": 139, "y": 269, "x": 2, "id": 38298}}, {"predicate": "next to", "object": {"name": "keyboard", "h": 48, "w": 175, "y": 273, "x": 168, "id": 38303}, "id": 15977, "subject": {"name": "mouse", "h": 28, "w": 29, "y": 296, "x": 346, "id": 38302}}, {"predicate": "docked in", "object": {"name": "office phone base", "h": 66, "w": 73, "y": 277, "x": 465, "id": 38305}, "id": 15978, "subject": {"name": "wireless phone", "h": 61, "w": 38, "y": 268, "x": 465, "id": 38304}}, {"predicate": "under", "object": {"name": "desk", "h": 241, "w": 506, "y": 235, "x": 130, "id": 38307}, "id": 15979, "subject": {"name": "cpu", "h": 139, "w": 88, "y": 340, "x": 212, "id": 38306}}, {"predicate": "next to", "object": {"name": "desk", "h": 241, "w": 506, "y": 235, "x": 130, "id": 38309}, "id": 15980, "subject": {"name": "filing cabinet", "h": 201, "w": 139, "y": 269, "x": 2, "id": 38308}}, {"predicate": "next to", "object": {"name": "monitor", "h": 155, "w": 149, "y": 119, "x": 159, "id": 38311}, "id": 15981, "subject": {"name": "multiple outlet", "h": 48, "w": 89, "y": 190, "x": 42, "id": 38310}}, {"predicate": "has", "object": {"name": "plug", "h": 33, "w": 26, "y": 208, "x": 43, "id": 38312}, "id": 15982, "subject": {"name": "multiple outlet", "h": 48, "w": 89, "y": 190, "x": 42, "id": 38310}}, {"predicate": "has", "object": {"name": "plug", "h": 21, "w": 15, "y": 207, "x": 66, "id": 38313}, "id": 15983, "subject": {"name": "multiple outlet", "h": 48, "w": 89, "y": 190, "x": 42, "id": 38310}}, {"predicate": "has", "object": {"name": "plug", "h": 25, "w": 16, "y": 200, "x": 85, "id": 38314}, "id": 15984, "subject": {"name": "multiple outlet", "h": 48, "w": 89, "y": 190, "x": 42, "id": 38310}}, {"predicate": "has", "object": {"name": "plug", "h": 23, "w": 17, "y": 200, "x": 106, "id": 38315}, "id": 15985, "subject": {"name": "multiple outlet", "h": 48, "w": 89, "y": 190, "x": 42, "id": 38310}}, {"predicate": "on", "object": {"name": "desk", "h": 241, "w": 506, "y": 235, "x": 130, "id": 38317}, "id": 15986, "subject": {"name": "office phone", "h": 79, "w": 98, "y": 266, "x": 456, "id": 38316}}, {"predicate": "in front of", "object": {"name": "monitor", "h": 50, "w": 82, "y": 63, "x": 417, "id": 38319}, "id": 15987, "subject": {"name": "girl", "h": 149, "w": 94, "y": 89, "x": 544, "id": 38318}}, {"predicate": "next to", "object": {"name": "keyboard", "h": 48, "w": 175, "y": 273, "x": 168, "id": 38321}, "id": 15988, "subject": {"name": "mouse", "h": 28, "w": 29, "y": 296, "x": 346, "id": 38320}}, {"predicate": "on", "object": {"name": "wall", "h": 265, "w": 258, "y": 6, "x": 3, "id": 38323}, "id": 15989, "subject": {"name": "outlet", "h": 24, "w": 17, "y": 202, "x": 83, "id": 38322}}, {"predicate": "on", "object": {"name": "wall", "h": 265, "w": 258, "y": 6, "x": 3, "id": 38323}, "id": 15990, "subject": {"name": "outlet", "h": 29, "w": 22, "y": 207, "x": 42, "id": 38324}}, {"predicate": "has", "object": {"name": "hair", "h": 109, "w": 55, "y": 98, "x": 585, "id": 38326}, "id": 15991, "subject": {"name": "girl", "h": 149, "w": 94, "y": 89, "x": 544, "id": 38327}}, {"predicate": "wears", "object": {"name": "chain", "h": 17, "w": 34, "y": 166, "x": 593, "id": 38329}, "id": 15992, "subject": {"name": "girl", "h": 149, "w": 94, "y": 89, "x": 544, "id": 38328}}, {"predicate": "on", "object": {"name": "desk", "h": 241, "w": 506, "y": 235, "x": 130, "id": 38331}, "id": 15993, "subject": {"name": "pen", "h": 16, "w": 53, "y": 323, "x": 405, "id": 38330}}, {"predicate": "on", "object": {"name": "floor", "h": 139, "w": 390, "y": 340, "x": 110, "id": 38333}, "id": 15994, "subject": {"name": "cable", "h": 58, "w": 52, "y": 408, "x": 137, "id": 38332}}, {"predicate": "on", "object": {"name": "floor", "h": 139, "w": 390, "y": 340, "x": 110, "id": 38333}, "id": 15995, "subject": {"name": "cable", "h": 40, "w": 84, "y": 387, "x": 150, "id": 38334}}, {"predicate": "has", "object": {"name": "outlets", "h": 48, "w": 89, "y": 190, "x": 42, "id": 7485905}, "id": 3187822, "subject": {"name": "wall", "h": 265, "w": 258, "y": 6, "x": 3, "id": 7485904}}, {"predicate": "on", "object": {"name": "desk", "h": 241, "w": 506, "y": 235, "x": 130, "id": 7485907}, "id": 3187823, "subject": {"name": "bag", "h": 134, "w": 65, "y": 270, "x": 574, "id": 7485906}}, {"predicate": "on", "object": {"name": "wall", "h": 97, "w": 217, "y": 30, "x": 304, "id": 7485909}, "id": 3187824, "subject": {"name": "calendar", "h": 50, "w": 82, "y": 63, "x": 417, "id": 7485908}}, {"predicate": "has", "object": {"name": "dark hair", "h": 109, "w": 55, "y": 98, "x": 585, "id": 7485911}, "id": 3187825, "subject": {"name": "woman", "h": 149, "w": 94, "y": 89, "x": 544, "id": 7485910}}, {"predicate": "has", "object": {"name": "white top", "h": 68, "w": 101, "y": 174, "x": 538, "id": 7485916}, "id": 3187826, "subject": {"name": "woman", "h": 149, "w": 94, "y": 89, "x": 544, "id": 7485915}}, {"predicate": "with", "object": {"name": "dark hair", "h": 109, "w": 55, "y": 98, "x": 585, "id": 7485918}, "id": 3187827, "subject": {"name": "woman", "h": 149, "w": 94, "y": 89, "x": 544, "id": 7485917}}, {"predicate": "with", "object": {"name": "white t-shirt", "h": 68, "w": 101, "y": 174, "x": 538, "id": 7485921}, "id": 3187828, "subject": {"name": "woman", "h": 149, "w": 94, "y": 89, "x": 544, "id": 7485920}}, {"predicate": "between", "object": {"name": "cubicles", "h": 402, "w": 513, "y": 71, "x": 125, "id": 7485923}, "id": 3187829, "subject": {"name": "partition", "h": 204, "w": 300, "y": 81, "x": 243, "id": 7485922}}, {"predicate": "on", "object": {"name": "wall", "h": 265, "w": 258, "y": 6, "x": 3, "id": 7485925}, "id": 3187830, "subject": {"name": "picture", "h": 44, "w": 61, "y": 2, "x": 210, "id": 7485924}}, {"predicate": "on", "object": {"name": "desk", "h": 241, "w": 506, "y": 235, "x": 130, "id": 7485927}, "id": 3187831, "subject": {"name": "telephone", "h": 79, "w": 98, "y": 266, "x": 456, "id": 7485926}}, {"predicate": "with", "object": {"name": "black hair", "h": 109, "w": 55, "y": 98, "x": 585, "id": 7485929}, "id": 3187832, "subject": {"name": "woman", "h": 149, "w": 94, "y": 89, "x": 544, "id": 7485928}}, {"predicate": "has been", "object": {"name": "calendar", "h": 95, "w": 99, "y": 105, "x": 421, "id": 7485932}, "id": 3187833, "subject": {"name": "calendar", "h": 95, "w": 99, "y": 105, "x": 421, "id": 7485932}}, {"predicate": "next to", "object": {"name": "phone", "h": 79, "w": 98, "y": 266, "x": 456, "id": 7485935}, "id": 3187834, "subject": {"name": "pen", "h": 16, "w": 53, "y": 323, "x": 405, "id": 7485934}}, {"predicate": "working on", "object": {"name": "computer", "h": 57, "w": 101, "y": 56, "x": 413, "id": 7485937}, "id": 3187835, "subject": {"name": "woman", "h": 149, "w": 94, "y": 89, "x": 544, "id": 7485936}}, {"predicate": "are fully", "object": {"name": "plugged", "h": 48, "w": 89, "y": 190, "x": 42, "id": 7485940}, "id": 3187836, "subject": {"name": "cables", "h": 89, "w": 81, "y": 211, "x": 59, "id": 7485939}}, {"predicate": "on", "object": {"name": "wall", "h": 65, "w": 552, "y": 2, "x": 3, "id": 7485942}, "id": 3187837, "subject": {"name": "photos", "h": 45, "w": 341, "y": 3, "x": 209, "id": 7485941}}, {"predicate": "wear", "object": {"name": "white top", "h": 68, "w": 101, "y": 174, "x": 538, "id": 7485945}, "id": 3187838, "subject": {"name": "woman", "h": 149, "w": 94, "y": 89, "x": 544, "id": 7485944}}, {"predicate": "have been", "object": {"name": "pluged", "h": 48, "w": 89, "y": 190, "x": 42, "id": 7485947}, "id": 3187839, "subject": {"name": "cables", "h": 89, "w": 81, "y": 211, "x": 59, "id": 7485946}}, {"predicate": "has", "object": {"name": "handle", "h": 44, "w": 81, "y": 353, "x": 18, "id": 7485950}, "id": 3187840, "subject": {"name": "drawer", "h": 123, "w": 128, "y": 321, "x": 2, "id": 7485949}}, {"predicate": "wearing", "object": {"name": "white top", "h": 68, "w": 101, "y": 174, "x": 538, "id": 7485952}, "id": 3187841, "subject": {"name": "woman", "h": 149, "w": 94, "y": 89, "x": 544, "id": 7485951}}, {"predicate": "next to", "object": {"name": "telephone", "h": 79, "w": 98, "y": 266, "x": 456, "id": 7485954}, "id": 3187842, "subject": {"name": "pen", "h": 16, "w": 53, "y": 323, "x": 405, "id": 7485953}}, {"predicate": "on", "object": {"name": "floor", "h": 95, "w": 141, "y": 376, "x": 125, "id": 7485956}, "id": 3187843, "subject": {"name": "cables", "h": 89, "w": 81, "y": 211, "x": 59, "id": 7485955}}, {"predicate": "on", "object": {"name": "dividing screen", "h": 204, "w": 300, "y": 81, "x": 243, "id": 7485958}, "id": 3187844, "subject": {"name": "picture", "h": 95, "w": 99, "y": 105, "x": 421, "id": 7485957}}, {"predicate": "wearing", "object": {"name": "necklace", "h": 15, "w": 32, "y": 169, "x": 585, "id": 7485960}, "id": 3187845, "subject": {"name": "girl", "h": 149, "w": 94, "y": 89, "x": 544, "id": 7485959}}, {"predicate": "not", "object": {"name": "monitor", "h": 50, "w": 82, "y": 63, "x": 417, "id": 7485961}, "id": 3187846, "subject": {"name": "monitor", "h": 50, "w": 82, "y": 63, "x": 417, "id": 7485961}}, {"predicate": "with", "object": {"name": "grey keys", "h": 48, "w": 175, "y": 273, "x": 168, "id": 7485963}, "id": 3187847, "subject": {"name": "keyboard", "h": 48, "w": 175, "y": 273, "x": 168, "id": 7485962}}, {"predicate": "sitting at", "object": {"name": "desk", "h": 52, "w": 52, "y": 156, "x": 532, "id": 7485965}, "id": 3187848, "subject": {"name": "woman", "h": 149, "w": 94, "y": 89, "x": 544, "id": 7485964}}, {"predicate": "under", "object": {"name": "desk", "h": 241, "w": 506, "y": 235, "x": 130, "id": 7485968}, "id": 3187849, "subject": {"name": "computer tower", "h": 139, "w": 88, "y": 340, "x": 212, "id": 7485967}}, {"predicate": "on", "object": {"name": "table", "h": 244, "w": 510, "y": 233, "x": 129, "id": 7485972}, "id": 3187850, "subject": {"name": "telephone", "h": 79, "w": 98, "y": 266, "x": 456, "id": 7485971}}], "id": 3}, {"relationships": [{"predicate": "have", "object": {"name": "curtains", "h": 300, "w": 280, "y": 1, "x": 360, "id": 38336}, "id": 15996, "subject": {"name": "curtains", "h": 300, "w": 280, "y": 1, "x": 360, "id": 38336}}, {"predicate": "has", "object": {"name": "padding", "h": 27, "w": 72, "y": 284, "x": 407, "id": 38338}, "id": 15997, "subject": {"name": "chair", "h": 157, "w": 92, "y": 214, "x": 387, "id": 38337}}, {"predicate": "on", "object": {"name": "floor", "h": 188, "w": 631, "y": 290, "x": 1, "id": 38341}, "id": 15998, "subject": {"name": "carpet", "h": 157, "w": 629, "y": 321, "x": 2, "id": 38340}}, {"predicate": "on", "object": {"name": "couch", "h": 172, "w": 260, "y": 210, "x": 105, "id": 38344}, "id": 15999, "subject": {"name": "pillow", "h": 86, "w": 111, "y": 222, "x": 183, "id": 38343}}, {"predicate": "against", "object": {"name": "pillow", "h": 86, "w": 111, "y": 222, "x": 183, "id": 38346}, "id": 16000, "subject": {"name": "teddy bear", "h": 57, "w": 52, "y": 251, "x": 211, "id": 38345}}, {"predicate": "against", "object": {"name": "pillow", "h": 86, "w": 111, "y": 222, "x": 183, "id": 38352}, "id": 16001, "subject": {"name": "animal", "h": 57, "w": 52, "y": 251, "x": 211, "id": 38351}}, {"predicate": "near", "object": {"name": "window", "h": 303, "w": 154, "y": 4, "x": 485, "id": 38354}, "id": 16002, "subject": {"name": "table top", "h": 51, "w": 227, "y": 242, "x": 413, "id": 38353}}, {"predicate": "has", "object": {"name": "frame", "h": 107, "w": 265, "y": 274, "x": 103, "id": 38356}, "id": 16003, "subject": {"name": "futon", "h": 172, "w": 260, "y": 210, "x": 105, "id": 38355}}, {"predicate": "next to", "object": {"name": "table", "h": 200, "w": 224, "y": 238, "x": 412, "id": 38358}, "id": 16004, "subject": {"name": "chair", "h": 157, "w": 92, "y": 214, "x": 387, "id": 38357}}, {"predicate": "to", "object": {"name": "patio", "h": 187, "w": 279, "y": 160, "x": 360, "id": 38360}, "id": 16005, "subject": {"name": "door", "h": 327, "w": 120, "y": 0, "x": 367, "id": 38359}}, {"predicate": "has", "object": {"name": "cloths", "h": 20, "w": 23, "y": 272, "x": 227, "id": 38365}, "id": 16006, "subject": {"name": "doll", "h": 57, "w": 52, "y": 251, "x": 211, "id": 38366}}, {"predicate": "behind the", "object": {"name": "couch", "h": 172, "w": 260, "y": 210, "x": 105, "id": 7485998}, "id": 3187851, "subject": {"name": "lamp", "h": 150, "w": 48, "y": 62, "x": 216, "id": 7485997}}, {"predicate": "on the", "object": {"name": "couch", "h": 172, "w": 260, "y": 210, "x": 105, "id": 7486000}, "id": 3187852, "subject": {"name": "pillow", "h": 86, "w": 111, "y": 222, "x": 183, "id": 7485999}}, {"predicate": "by the", "object": {"name": "table top", "h": 51, "w": 227, "y": 242, "x": 413, "id": 7486002}, "id": 3187853, "subject": {"name": "chair", "h": 157, "w": 92, "y": 214, "x": 387, "id": 7486001}}, {"predicate": "on the", "object": {"name": "couch", "h": 172, "w": 260, "y": 210, "x": 105, "id": 7486006}, "id": 3187854, "subject": {"name": "teddy bear", "h": 57, "w": 52, "y": 251, "x": 211, "id": 7486005}}, {"predicate": "on the", "object": {"name": "table", "h": 200, "w": 224, "y": 238, "x": 412, "id": 7486019}, "id": 3187855, "subject": {"name": "table top", "h": 51, "w": 227, "y": 242, "x": 413, "id": 7486018}}, {"predicate": "on the", "object": {"name": "floor", "h": 188, "w": 631, "y": 290, "x": 1, "id": 7486021}, "id": 3187856, "subject": {"name": "lamp", "h": 150, "w": 48, "y": 62, "x": 216, "id": 7486020}}], "id": 4}, {"relationships": [{"predicate": "on", "object": {"name": "floor", "h": 108, "w": 349, "y": 490, "x": 2, "id": 38371}, "id": 16007, "subject": {"name": "cables", "h": 88, "w": 49, "y": 448, "x": 301, "id": 38370}}, {"predicate": "on", "object": {"name": "books", "h": 142, "w": 370, "y": 88, "x": 429, "id": 38375}, "id": 16008, "subject": {"name": "books", "h": 142, "w": 370, "y": 88, "x": 429, "id": 38375}}, {"predicate": "on", "object": {"name": "floor", "h": 108, "w": 349, "y": 490, "x": 2, "id": 38383}, "id": 16010, "subject": {"name": "cpu", "h": 127, "w": 63, "y": 453, "x": 347, "id": 38382}}, {"predicate": "on", "object": {"name": "floor", "h": 108, "w": 349, "y": 490, "x": 2, "id": 38387}, "id": 16011, "subject": {"name": "cables", "h": 88, "w": 49, "y": 448, "x": 301, "id": 38386}}, {"predicate": "near", "object": {"name": "computer monitor", "h": 101, "w": 101, "y": 278, "x": 194, "id": 7486030}, "id": 3187857, "subject": {"name": "printer", "h": 50, "w": 93, "y": 325, "x": 297, "id": 7486029}}, {"predicate": "on", "object": {"name": "shelves", "h": 102, "w": 372, "y": 132, "x": 425, "id": 7486032}, "id": 3187858, "subject": {"name": "books", "h": 142, "w": 370, "y": 88, "x": 429, "id": 7486031}}, {"predicate": "outside", "object": {"name": "window", "h": 387, "w": 91, "y": 41, "x": 42, "id": 7486034}, "id": 3187859, "subject": {"name": "railing", "h": 103, "w": 88, "y": 322, "x": 49, "id": 7486033}}, {"predicate": "near", "object": {"name": "desk", "h": 107, "w": 317, "y": 357, "x": 120, "id": 7486037}, "id": 3187860, "subject": {"name": "chair", "h": 240, "w": 174, "y": 358, "x": 144, "id": 7486036}}, {"predicate": "on", "object": {"name": "desk", "h": 107, "w": 317, "y": 357, "x": 120, "id": 7486039}, "id": 3187861, "subject": {"name": "computer monitor", "h": 101, "w": 101, "y": 278, "x": 194, "id": 7486038}}, {"predicate": "on", "object": {"name": "wall", "h": 519, "w": 404, "y": 9, "x": 389, "id": 7486045}, "id": 3187862, "subject": {"name": "books", "h": 142, "w": 370, "y": 88, "x": 429, "id": 7486044}}, {"predicate": "on", "object": {"name": "desk", "h": 107, "w": 317, "y": 357, "x": 120, "id": 7486047}, "id": 3187863, "subject": {"name": "computer monitor", "h": 101, "w": 101, "y": 278, "x": 194, "id": 7486046}}, {"predicate": "on", "object": {"name": "desk", "h": 107, "w": 317, "y": 357, "x": 120, "id": 7486049}, "id": 3187864, "subject": {"name": "fax machine", "h": 35, "w": 92, "y": 378, "x": 311, "id": 7486048}}, {"predicate": "on", "object": {"name": "desk", "h": 107, "w": 317, "y": 357, "x": 120, "id": 7486051}, "id": 3187865, "subject": {"name": "keyboard", "h": 26, "w": 116, "y": 401, "x": 240, "id": 7486050}}, {"predicate": "against", "object": {"name": "wall", "h": 519, "w": 404, "y": 9, "x": 389, "id": 7486053}, "id": 3187866, "subject": {"name": "cork-board", "h": 138, "w": 162, "y": 430, "x": 552, "id": 7486052}}, {"predicate": "on", "object": {"name": "desk", "h": 107, "w": 317, "y": 357, "x": 120, "id": 7486056}, "id": 3187867, "subject": {"name": "keyboard", "h": 26, "w": 116, "y": 401, "x": 240, "id": 7486055}}, {"predicate": "on", "object": {"name": "cork-board", "h": 138, "w": 162, "y": 430, "x": 552, "id": 7486060}, "id": 3187868, "subject": {"name": "paper", "h": 68, "w": 52, "y": 468, "x": 625, "id": 7486059}}, {"predicate": "on", "object": {"name": "wall", "h": 528, "w": 245, "y": 3, "x": 145, "id": 7486063}, "id": 3187869, "subject": {"name": "air conditioner", "h": 57, "w": 180, "y": 20, "x": 186, "id": 7486062}}, {"predicate": "on", "object": {"name": "wall", "h": 519, "w": 404, "y": 9, "x": 389, "id": 7486065}, "id": 3187870, "subject": {"name": "shelves", "h": 102, "w": 372, "y": 132, "x": 425, "id": 7486064}}, {"predicate": "on", "object": {"name": "shelves", "h": 102, "w": 372, "y": 132, "x": 425, "id": 7486067}, "id": 3187871, "subject": {"name": "books", "h": 142, "w": 370, "y": 88, "x": 429, "id": 7486066}}, {"predicate": "with", "object": {"name": "computer", "h": 127, "w": 63, "y": 453, "x": 347, "id": 7486069}, "id": 3187872, "subject": {"name": "room", "h": 597, "w": 795, "y": 2, "x": 0, "id": 7486068}}, {"predicate": "before", "object": {"name": "desk", "h": 107, "w": 317, "y": 357, "x": 120, "id": 7486072}, "id": 3187873, "subject": {"name": "chairs", "h": 242, "w": 408, "y": 351, "x": 141, "id": 7486071}}, {"predicate": "on", "object": {"name": "wall", "h": 519, "w": 404, "y": 9, "x": 389, "id": 7486074}, "id": 3187874, "subject": {"name": "shelves", "h": 102, "w": 372, "y": 132, "x": 425, "id": 7486073}}, {"predicate": "on", "object": {"name": "balcony", "h": 91, "w": 81, "y": 328, "x": 52, "id": 7486077}, "id": 3187875, "subject": {"name": "railing", "h": 103, "w": 88, "y": 322, "x": 49, "id": 7486076}}, {"predicate": "on", "object": {"name": "chair", "h": 251, "w": 166, "y": 348, "x": 377, "id": 7486079}, "id": 3187876, "subject": {"name": "clothes", "h": 167, "w": 148, "y": 430, "x": 380, "id": 7486078}}, {"predicate": "on", "object": {"name": "floor", "h": 108, "w": 349, "y": 490, "x": 2, "id": 7486081}, "id": 3187877, "subject": {"name": "heater", "h": 69, "w": 113, "y": 529, "x": 421, "id": 7486080}}, {"predicate": "agaist", "object": {"name": "wall", "h": 519, "w": 404, "y": 9, "x": 389, "id": 7486083}, "id": 3187878, "subject": {"name": "chair", "h": 240, "w": 174, "y": 358, "x": 144, "id": 7486082}}, {"predicate": "on", "object": {"name": "wall", "h": 528, "w": 245, "y": 3, "x": 145, "id": 7486088}, "id": 3187879, "subject": {"name": "air conditioner", "h": 57, "w": 180, "y": 20, "x": 186, "id": 7486087}}, {"predicate": "against", "object": {"name": "wall", "h": 519, "w": 404, "y": 9, "x": 389, "id": 7486090}, "id": 3187880, "subject": {"name": "chair", "h": 251, "w": 166, "y": 348, "x": 377, "id": 7486089}}], "id": 5}]