path	translation	split
common_voice_ca_19898602.mp3	Dens are normally made up of a main corridor that is divided into a lot of branches.	train
common_voice_ca_19898603.mp3	It is usually used in Macedonian in order to avoid ambiguity in some cases.	train
common_voice_ca_19324757.mp3	It’s a wonder nest!	dev
common_voice_ca_19324760.mp3	After the one comes the two.	dev
common_voice_ca_19034690.mp3	Supervises issuance of room concession decisions.	test
common_voice_ca_19041983.mp3	Inspects slaughterhouses and livestock farms when a disease is declared.	test
