{"1178610029273976833_twitter": {"post_id": "1178610029273976833_twitter", "annotators": [{"label": "normal", "annotator_id": 9, "target": ["None"]}, {"label": "normal", "annotator_id": 17, "target": ["None"]}, {"label": "normal", "annotator_id": 64, "target": ["None"]}], "rationales": [], "post_tokens": ["<user>", "men", "can", "not", "be", "raped", "can", "not", "be", "abused", "that", "why", "they", "call", "it", "violence", "against", "women", "and", "children", "because", "men", "are", "always", "the", "perpetrators", "women", "come", "first", "even", "before", "children"]},"23107796_gab": {"post_id": "23107796_gab", "annotators": [{"label": "hatespeech", "annotator_id": 203, "target": ["Hindu", "Islam"]}, {"label": "offensive", "annotator_id": 204, "target": ["Hindu", "Islam"]}, {"label": "offensive", "annotator_id": 233, "target": ["Hindu", "Islam", "Other"]}], "rationales": [[0, 0, 0, 0, 0, 0, 0, 0, 1, 0, 0, 0, 0, 0, 0, 0, 0, 0, 0, 0, 0, 1, 1, 1, 1, 0, 0, 0, 0, 0, 0, 0, 0], [0, 0, 0, 0, 0, 0, 0, 0, 1, 0, 1, 1, 0, 1, 0, 0, 0, 0, 0, 0, 0, 1, 1, 0, 0, 0, 0, 0, 0, 0, 0, 0, 0]], "post_tokens": ["u", "really", "think", "i", "would", "not", "have", "been", "raped", "by", "feral", "hindu", "or", "muslim", "back", "in", "india", "or", "bangladesh", "and", "a", "neo", "nazi", "would", "rape", "me", "as", "well", "just", "to", "see", "me", "cry"]}, "1178613994371928065_twitter": {"post_id": "1178613994371928065_twitter", "annotators": [{"label": "normal", "annotator_id": 83, "target": ["None"]}, {"label": "normal", "annotator_id": 3, "target": ["None"]}, {"label": "normal", "annotator_id": 51, "target": ["None"]}], "rationales": [], "post_tokens": ["me", "getting", "books", "from", "the", "library", "about", "queer", "cowboys", "and", "homoeroticism", "in", "cinema", "instead", "of", "anything", "useful", "for", "my", "thesis"]}}