[
  {
    "format": "book",
    "title": "Matiu",
    "chapters": [
      {
        "title": "Matiu 1",
        "content": "Akwụkwọ nke kọrọ akụkọ banyere Jizọs Kraịst, nwa Devid, nwa Ebreham:\n\n\n\n\nJesi amụọ Devid bụ́ eze.\n\n\n\n\n\nMgbe a dọsịịrị ha n’agha laa Babịlọn, Jekonaya mụrụ Shieltiel;\n\n\n\nJekọb amụọ Josef di Meri, bụ́ onye mụrụ Jizọs, onye a na-akpọ Kraịst.\nYa mere, ọgbọ ahụ niile, malite n’Ebreham ruo na Devid, dị ọgbọ iri na anọ, malitekwa na Devid ruo mgbe a dọọrọ ha n’agha laa Babịlọn dị ọgbọ iri na anọ, malitekwa mgbe a dọọrọ ha n’agha laa Babịlọn ruo na Kraịst dị ọgbọ iri na anọ.\nMa, otú a ka e si mụọ Jizọs Kraịst. N’oge e kwere nne ya bụ́ Meri nkwa na Josef ga-alụ ya, a hụrụ na ọ dị ime site n’ike mmụọ nsọ tupu e jikọọ ha.\nOtú ọ dị, Josef bụ́ di ya bu n’uche ịgba ya alụkwaghịm na nzuzo n’ihi na ọ bụ onye ezi omume, ọ chọghịkwa ibupụta ya n’ihu ọha.\nMa mgbe o chebasịịrị ihe ndị a echiche, lee! mmụọ ozi Jehova bịakwutere ya ná nrọ, sị: “Josef, nwa Devid, atụla egwu ịkpọrọ Meri nwunye gị laa, n’ihi na ọ bụ mmụọ nsọ mere ka ọ dị ime ahụ ọ dị.\nỌ ga-amụ nwa nwoke, ị ga-agụ ya Jizọs, n’ihi na ọ ga-azọpụta ndị ya ná mmehie ha.”\nIhe a niile mere ka ihe Jehova kwuru site n’ọnụ onye amụma ya wee mezuo, nke sịrị:\n“Lee! Nwa agbọghọ ahụ na-amaghị nwoke ga-atụrụ ime, ọ ga-amụkwa nwa nwoke, a ga-agụ ya Ịmanuel,” nke pụtara, ma a sụgharịa ya, “Chineke Nọnyeere Anyị.”\nJosef wee teta n’ụra ya ma mee ihe mmụọ ozi Jehova gwara ya, o wee kpọrọ nwunye ya laa.\nMa ya na ya enweghị mmekọahụ ọ bụla ruo mgbe ọ mụrụ nwa nwoke; o wee gụọ ya Jizọs."
      },
      {
        "title": "Matiu 2",
        "content": "Mgbe a mụrụ Jizọs na Betlehem nke Judia n’oge Herọd bụ́ eze, lee! ndị na-agụ kpakpando, bụ́ ndị si n’ebe ọwụwa anyanwụ, bịara Jeruselem,\nsị: “Olee ebe onye ahụ a mụrụ ịbụ eze ndị Juu nọ? N’ihi na anyị hụrụ kpakpando ya mgbe anyị nọ n’ebe ọwụwa anyanwụ, anyị bịara ịkpọrọ ya isiala.”\nMgbe Eze Herọd nụrụ ihe a, ahụ́ erughị ya ala, ya na ndị niile nọ na Jeruselem;\no wee kpọkọta ndị isi nchụàjà niile na ndị odeakwụkwọ niile nke ndị Juu, malite ịjụ ha ebe a ga-amụ Kraịst.\nHa sịrị ya: “Ọ bụ na Betlehem nke Judia; n’ihi na ọ bụ otú a ka onye amụma si dee ya, sị,\n‘Ma gị onwe gị, Betlehem nke dị n’ala Juda, ị bụghị ma ọlị obodo kasị nta n’etiti ndị na-achị Juda; n’ihi na n’ime gị ka onye na-achị achị ga-esi pụta, onye ga-azụ ndị m, bụ́ Izrel, dị ka atụrụ.’”\nHerọd wee kpọọ ndị ahụ na-agụ kpakpando na nzuzo wee jụta ha nke ọma mgbe kpakpando ahụ pụtara;\nmgbe ọ na-eziga ha Betlehem, ọ sịrị: “Gaanụ chọọ nwatakịrị ahụ nke ọma, mgbe unu chọtara ya, bịanụ kọọrọ m, ka mụ onwe m kwa wee gaa kpọọrọ ya isiala.”\nMgbe ha nụrụ ihe eze kwuru, ha gawara; ma, lee! kpakpando ahụ ha hụrụ mgbe ha nọ n’ebe ọwụwa anyanwụ nọ na-aga ha n’ihu, ruo mgbe ọ kwụsịrị n’elu ebe nwatakịrị ahụ nọ.\nMgbe ha hụrụ ka kpakpando ahụ kwụsịrị, ha ṅụrịrị ọṅụ nke ukwuu.\nMgbe ha banyere n’ụlọ, ha hụrụ nwatakịrị ahụ na nne ya bụ́ Meri, ha wee daa n’ala kpọọrọ ya isiala. Ha meghekwara igbe akụ̀ ha wee nye ya onyinye, ya bụ, ọlaedo na frankinsens na mea.\nOtú ọ dị, ebe ọ bụ na Chineke dọrọ ha aka ná ntị ná nrọ ka ha ghara ịlaghachikwuru Herọd, ha si ụzọ ọzọ laghachi n’ala ha.\nMgbe ha lawara, lee! mmụọ ozi Jehova bịakwutere Josef ná nrọ, sị: “Bilie, kpọrọ nwatakịrị a na nne ya gbaga n’Ijipt, nọrọkwa n’ebe ahụ ruo mgbe m ga-enye gị iwu; n’ihi na Herọd ga-achọ nwatakịrị a ka o gbuo ya.”\nO wee bilie kpọrọ nwatakịrị ahụ na nne ya n’abalị gawa Ijipt,\no wee nọrọ n’ebe ahụ ruo mgbe Herọd nwụrụ, ka e wee mezuo ihe Jehova si n’ọnụ onye amụma ya kwuo, sị: “N’Ijipt ka m si kpọpụta nwa m.”\nMgbe Herọd hụrụ na ndị ahụ na-agụ kpakpando aghọgbuwo ya, o were oké iwe. O wee zipụ ozi ma mee ka e gbuo ụmụaka niile bụ́ ndị nwoke na Betlehem na ógbè niile gbara ya gburugburu, malite ná ndị gbara afọ abụọ gbadaa, dị ka oge ahụ ọ jụtara nke ọma n’ọnụ ndị ahụ na-agụ kpakpando si dị.\nE wee mezuo ihe e kwuru site n’ọnụ Jeremaya onye amụma, sị:\n“A nụrụ olu ịkwa ákwá na mkpu arịrị dị ukwuu na Rema; ọ bụ Rechel na-akwara ụmụ ya ákwá, o kweghịkwa ka a kasie ya obi, n’ihi na ha anọkwaghị.”\nMgbe Herọd nwụrụ, lee! mmụọ ozi Jehova bịakwutere Josef ná nrọ n’Ijipt\nwee sị ya: “Bilie, kpọrọ nwatakịrị a na nne ya lawa n’ala Izrel, n’ihi na ndị na-achọ mkpụrụ obi nwatakịrị a anwụwo.”\nO wee bilie kpọrọ nwatakịrị ahụ na nne ya banye n’ala Izrel.\nMa mgbe ọ nụrụ na ọ bụ Akeleyọs bụ eze na-achị Judia n’ọnọdụ nna ya bụ́ Herọd, ọ tụrụ egwu ịgawa ebe ahụ. Ebe ọ bụ na Chineke dọrọ ya aka ná ntị ná nrọ, ọ banyere n’ókèala Galili.\nO wee biri n’obodo a na-akpọ Nazaret, ka e wee mezuo ihe e kwuru site n’ọnụ ndị amụma, sị: “A ga-akpọ ya onye Nazaret.”"
      },
      {
        "title": "Matiu 3",
        "content": "N’ụbọchị ndị ahụ, Jọn Onye Na-eme Baptizim bịara na-ekwusa n’ala ịkpa nke Judia,\nsị: “Chegharịanụ, n’ihi na alaeze eluigwe eruwo nso.”\nN’eziokwu, nke a bụ onye ahụ e kwuru banyere ya site n’ọnụ Aịzaya onye amụma n’okwu ndị a: “Geenụ ntị! E nwere onye na-eti mkpu n’ala ịkpa, sị, ‘Kwadebenụ ụzọ Jehova! Meenụ ka okporo ụzọ ya kwụrụ ọtọ.’”\nMa Jọn nke a yi uwe e ji ajị kamel mee, keekwa ájị̀ akpụkpọ anụ n’úkwù; nri ya bụkwa igurube na mmanụ aṅụ ọhịa.\nMgbe ahụ, ndị nọ na Jeruselem na Judia dum na obodo dum dị gburugburu Osimiri Jọdan wee na-agakwuru ya,\no wee na-eme ndị mmadụ baptizim n’Osimiri Jọdan, ha wee na-ekwupụta mmehie ha n’ihu ọha.\nMgbe ọ hụrụ ọtụtụ n’ime ndị Farisii na ndị Sadusii ka ha na-abịa n’ebe ahụ a na-eme baptizim, ọ sịrị ha: “Unu ụmụ ajụala, ònye gwara unu ka unu gbanahụ ọnụma ahụ nke na-abịa?\nYa mere, mịanụ mkpụrụ kwesịrị nchegharị;\nunu asịkwala n’ime onwe unu, ‘Ebreham bụ nna anyị.’ N’ihi na ana m asị unu na Chineke nwere ike ime ka Ebreham nweta ụmụ site na nkume ndị a.\nAnyụike atọgbọrọworị na mgbọrọgwụ osisi; n’ihi ya, a ga-egbutu osisi ọ bụla nke na-adịghị amị ezi mkpụrụ, tụbakwa ya n’ọkụ.\nMụ onwe m ji mmiri na-eme unu baptizim n’ihi nchegharị unu; ma onye ahụ nke na-abịa n’azụ m ka m ike, onye m na-erughị eru iyipụ akpụkpọ ụkwụ ya. Onye ahụ ga-eji mmụọ nsọ na ọkụ mee unu baptizim.\nO ji shọvel o ji afụcha ihe n’aka, ọ ga-edebekwa ebe nzọcha mkpụrụ ya ọcha nke ọma, ọ ga-ekpokọtakwa ọka wit ya n’ime ụlọ nkwakọba ihe, ma ọ ga-esu igbogbo ya ọkụ nke a na-apụghị imenyụ emenyụ.”\nJizọs wee si Galili bịakwute Jọn na Jọdan, ka o mee ya baptizim.\nMa Jọn nwara igbochi ya, sị: “Ọ bụ m ka ọ dị mkpa ka i mee baptizim, ọ̀ bụzi gị na-abịakwute m?”\nJizọs zara ya, sị: “Ka ọ dị otú a n’oge a, n’ihi na otú a ka o kwesịrị ekwesị ka anyị mezuo ihe niile bụ́ ezi omume.” Mgbe ahụ, ọ kwụsịrị igbochi ya.\nMgbe e mesịrị Jizọs baptizim, o si na mmiri ahụ bilie ozugbo; ma, lee! eluigwe meghere, o wee hụ ka mmụọ Chineke na-efedata dị ka nduru wee bekwasị ya.\nLee! Otu olu sikwa n’eluigwe kwuo, sị: “Onye a bụ Ọkpara m, onye m hụrụ n’anya, onye ihe ya masịrị m.”"
      },
      {
        "title": "Matiu 4",
        "content": "Mmụọ nsọ wee duru Jizọs banye n’ala ịkpa ka Ekwensu nwaa ya ọnwụnwa.\nMgbe o busịrị ọnụ ụbọchị iri anọ, ehihie na abalị, agụụ gụwara ya.\nOnye Ọnwụnwa ahụ bịakwara sị ya: “Ọ bụrụ na ị bụ ọkpara Chineke, gwa nkume ndị a ka ha ghọọ achịcha.”\nMa ọ zara, sị: “E dere, sị, ‘Ọ bụghị naanị achịcha ga-eme ka mmadụ dị ndụ, kama ọ bụ okwu niile nke na-esi n’ọnụ Jehova pụta.’”\nMgbe ahụ, Ekwensu kpọọrọ ya banye n’obodo nsọ ahụ, o wee mee ka o guzoro n’elu ihe a rụbichiri na mgbidi ụlọ nsọ\nwee sị ya: “Ọ bụrụ na ị bụ ọkpara Chineke, si ebe a wụda; n’ihi na e dere, sị, ‘Ọ ga-enye ndị mmụọ ozi ya iwu banyere gị, ha ga-eji aka ha ghọrọ gị, ka ị ghara ịkpọ ụkwụ na nkume mgbe ọ bụla.’”\nJizọs wee sị ya: “E dekwara, sị, ‘Elela Jehova bụ́ Chineke gị ule.’”\nỌzọ, Ekwensu kpọọrọ ya gaa n’ugwu dị oké elu ma gosi ya alaeze niile nke ụwa na ebube ha,\nwee sị ya: “Ihe a niile ka m ga-enye gị ma ọ bụrụ na ị daa n’ala fee m ofufe.”\nJizọs wee sị ya: “Si ebe a pụọ, Setan! N’ihi na e dere, sị, ‘Ọ bụ Jehova bụ́ Chineke gị ka ị na-aghaghị ife ofufe, ọ bụkwa naanị ya ka ị na-aghaghị ijere ozi dị nsọ.’”\nEkwensu wee hapụ ya, ma, lee! ndị mmụọ ozi bịara wee malite ijere ya ozi.\nMa mgbe ọ nụrụ na e jidewo Jọn, ọ pụrụ wee banye n’ime Galili.\nMgbe ọ hapụkwara Nazaret, ọ bịara biri na Kapaniọm n’akụkụ oké osimiri dị n’ógbè Zebulọn na Naftalaị,\nka e wee mezuo ihe e kwuru site n’ọnụ Aịzaya onye amụma, sị:\n“Gị ala Zebulọn na ala Naftalaị, ndị dị n’ụzọ oké osimiri, n’ofe Jọdan, Galili nke ndị mba ọzọ!\nndị nọ n’ọchịchịrị hụrụ oké ìhè, ìhè nwukwasịkwara ndị nọ n’ógbè nke onyinyo ọnwụ.”\nMalite n’oge ahụ gaa n’ihu, Jizọs bidoro ikwusa, sị: “Chegharịanụ, n’ihi na alaeze eluigwe eruwo nso.”\nKa ọ na-aga n’akụkụ oké osimiri Galili, ọ hụrụ ụmụnne abụọ, bụ́ Saịmọn onye a na-akpọ Pita na Andru nwanne ya, ka ha na-awụnye ụgbụ azụ̀ n’ime oké osimiri, n’ihi na ha bụ ndị na-akụ azụ̀.\nO wee sị ha: “Soronụ m, m ga-eme unu ndị na-akụta mmadụ.”\nOzugbo ahụ, ha hapụrụ ụgbụ ha wee soro ya.\nMgbe o sikwa ebe ahụ gakwuo n’ihu, ọ hụrụ mmadụ abụọ ọzọ bụ́ ụmụnne, Jems nwa Zebedi na Jọn nwanne ya, ka ha na Zebedi nna ha nọ n’ụgbọ mmiri na-edozi ụgbụ ha, o wee kpọọ ha.\nOzugbo ahụ, ha hapụrụ ụgbọ mmiri ahụ na nna ha wee soro ya.\nO wee gazuo Galili dum, na-ezi ihe n’ụlọ nzukọ ha, na-ekwusakwa ozi ọma alaeze ahụ, na-agwọkwa ụdị ọrịa ọ bụla na ụdị nsogbu ahụ́ ike ọ bụla ndị mmadụ nwere.\nAkụkọ banyere ya gazuru Siria dum; ha wee kpọtara ya ndị niile ahụ́ na-adịghị mma, ndị ọrịa na mmekpa ahụ́ dị iche iche na-esogbu, ndị mmụọ ọjọọ ji na ndị akwụkwụ na ndị ahụ́ ha kpọnwụrụ akpọnwụ, o wee gwọọ ha.\nYa mere, oké ìgwè mmadụ si na Galili na Dikapọlis na Jeruselem na Judia na ofe Jọdan soro ya."
      },
      {
        "title": "Matiu 5",
        "content": "Mgbe ọ hụrụ ìgwè mmadụ ahụ, ọ rịgooro n’elu ugwu; mgbe ọ nọdụrụ ala, ndị na-eso ụzọ ya bịakwutere ya;\no wee meghee ọnụ ya malite izi ha ihe, sị:\n“Obi ụtọ na-adịrị ndị maara mkpa ime mmụọ ha, n’ihi na alaeze eluigwe bụ nke ha.\n“Obi ụtọ na-adịrị ndị na-eru uju, n’ihi na a ga-akasi ha obi.\n“Obi ụtọ na-adịrị ndị dị nwayọọ n’obi, n’ihi na ha ga-eketa ụwa.\n“Obi ụtọ na-adịrị ndị agụụ na-agụ, ndị akpịrị na-akpọkwa nkụ maka ezi omume, n’ihi na a ga-eme ka afọ ju ha.\n“Obi ụtọ na-adịrị ndị na-eme ebere, n’ihi na a ga-emere ha ebere.\n“Obi ụtọ na-adịrị ndị dị ọcha n’obi, n’ihi na ha ga-ahụ Chineke.\n“Obi ụtọ na-adịrị ndị na-eme udo, n’ihi na a ga-akpọ ha ‘ụmụ Chineke.’\n“Obi ụtọ na-adịrị ndị a kpagbuworo n’ihi ezi omume, n’ihi na alaeze eluigwe bụ nke ha.\n“Obi ụtọ na-adịrị unu mgbe ndị mmadụ na-akọcha unu ma na-akpagbu unu, na-aghagide unu ụgha, na-ekwukwa ụdị ihe ọjọọ niile megide unu n’ihi m.\nṄụrịanụ ọṅụ, nweekwanụ obi ụtọ nke ukwuu, n’ihi na ụgwọ ọrụ unu dị ukwuu n’eluigwe; n’ihi na otú ahụ ka ha kpagburu ndị amụma bu unu ụzọ.\n“Unu bụ nnu nke ụwa; ma ọ bụrụ na nnu adịkwaghị atọ ụtọ, olee otú a ga-esi mee ka ọ dịghachi ụtọ? A pụkwaghị iji ya mee ihe ọ bụla ma ọ́ bụghị ịwụfu ya n’èzí ka ndị mmadụ zọọ ya ụkwụ.\n“Unu bụ ìhè nke ụwa. A pụghị izo obodo ezo ma ọ bụrụ na ọ dị n’elu ugwu.\nNdị mmadụ na-amụnye oriọna ma dọba ya, ọ bụghị n’okpuru nkata, kama n’elu ihe ndọba oriọna, ọ na-enwukwara ndị niile nọ n’ime ụlọ.\nOtú ahụ, meenụ ka ìhè unu na-enwu n’ebe ndị mmadụ nọ, ka ha wee hụ ọrụ ọma unu wee nye Nna unu nọ n’eluigwe otuto.\n“Unu echela na m bịara ibibi Iwu ahụ ma ọ bụ ihe ndị amụma kụziri. M bịara, ọ bụghị ibibi ya, kama imezu ya;\nn’ihi na n’ezie, ana m asị unu na ọ dị mfe eluigwe na ụwa ịgabiga karịa otu mkpụrụ akwụkwọ kasị nta ma ọ bụ otu akụkụ mkpụrụ akwụkwọ nke dị n’Iwu ahụ ịgabiga ma ọlị, ihe niile e dere n’ime ya agharakwa imezu.\nYa mere, onye ọ bụla nke na-emebi otu n’ime ihe ndị a kasị nta e nyere n’iwu ma na-akụziri ndị mmadụ ka ha na-eme otú ahụ, a ga-akpọ ya ‘onye kasị nta’ n’ihe banyere alaeze eluigwe. Ma onye ọ bụla nke na-eme ha ma na-akụzi ha, a ga-akpọ onye a ‘onye ukwu’ n’ihe banyere alaeze eluigwe.\nN’ihi na ana m asị unu na ọ bụrụ na ezi omume unu akarịghị nke ndị odeakwụkwọ na ndị Farisii, unu agaghị aba n’alaeze eluigwe ma ọlị.\n“Unu nụrụ na a gwara ndị oge ochie, sị, ‘Egbula ọchụ; ma onye ọ bụla nke gburu ọchụ ga-aza ajụjụ n’ụlọikpe.’\nOtú ọ dị, ana m asị unu na onye ọ bụla nke na-eweso nwanne ya iwe ga-aza ajụjụ n’ụlọikpe; ma onye ọ bụla nke na-agwa nwanne ya okwu nlelị jọgburu onwe ya ga-aza ajụjụ n’Ụlọikpe Kasị Elu, onye ọ bụla nke na-asịkwa, ‘Gị onye nzuzu na-abaghị uru!’ a ga-atụba ya na Gehena bụ́ ebe ọkụ na-ere.\n“Ya mere, ọ bụrụ na i ji onyinye gị gaa n’ebe ịchụàjà, i wee nọrọ n’ebe ahụ cheta na obi adịghị nwanne gị mma n’ebe ị nọ,\nhapụ onyinye gị n’ebe ahụ n’ihu ebe ịchụàjà gawa; buru ụzọ mee ka gị na nwanne gị dị n’udo, mgbe ị bịaghachikwara, nye onyinye gị.\n“Mee ka gị na onye gbara gị akwụkwọ dozie okwu ọsọ ọsọ, mgbe gị na ya ka so na-aga n’ụlọikpe, ka onye ahụ gbara gị akwụkwọ wee ghara inyefe gị n’aka ọkàikpe, ọkàikpe ewee nyefee gị n’aka onye na-eje ozi n’ụlọikpe, e wee tụba gị n’ụlọ mkpọrọ.\nN’eziokwu, ana m asị gị, Ị gaghị esi ebe ahụ pụta ruo mgbe ị kwụrụ mkpụrụ ego ikpeazụ nke ga-azụtali ihe dị nnọọ nta.\n“Unu nụrụ na a sịrị, ‘Akwala iko.’\nMa ana m asị unu na onye ọ bụla nke na-ele nwaanyị anya, o wee gụọ ya agụụ ka ya na ya nwee mmekọahụ, ọ kwasowo ya iko n’obi ya.\nỌ bụrụkwa na anya aka nri gị na-eme ka ị sụọ ngọngọ, ghụpụ ya tụfuo. N’ihi na ọ baara gị uru ka otu akụkụ ahụ́ gị laa n’iyi karịa na a tụbara ahụ́ gị dum na Gehena.\nỌ bụrụkwa na aka nri gị na-eme ka ị sụọ ngọngọ, gbubipụ ya tụfuo. N’ihi na ọ baara gị uru ka otu akụkụ ahụ́ gị laa n’iyi karịa na a tụbara ahụ́ gị dum na Gehena.\n“A sịkwara, ‘Onye ọ bụla nke gbara nwunye ya alụkwaghịm, ya nye ya akwụkwọ ịgba alụkwaghịm.’\nOtú ọ dị, ana m asị unu na onye ọ bụla nke gbara nwunye ya alụkwaghịm, ma ọ́ bụghị n’ihi ịkwa iko, ọ na-eme ya ka ọ bụrụ onye nwere ike ịdaba n’ịkwa iko, onye ọ bụla nke lụkwara nwaanyị a gbara alụkwaghịm na-akwa iko.\n“Ọzọ, unu nụrụ na a gwara ndị oge ochie, sị, ‘Aṅụla iyi n’emezughị ya, kama mezuo nkwa i kwere Jehova.’\nOtú ọ dị, ana m asị unu: Aṅụla iyi ma ọlị, ejikwala eluigwe aṅụ iyi, n’ihi na ọ bụ ocheeze Chineke;\nejikwala ụwa aṅụ iyi, n’ihi na ọ bụ ihe mgbakwasị ụkwụ ya; ejikwala Jeruselem aṅụ iyi, n’ihi na ọ bụ obodo nke Eze ukwu.\nEjikwala isi gị aṅụ iyi, n’ihi na ị pụghị ime ka otu ntutu chaa ọcha ma ọ bụ jie oji.\nNaanị ka unu kwuru bụrụ Ee, ka unu kwuru bụrụ Ee e; n’ihi na ihe karịrị ihe ndị a si n’aka ajọ onye ahụ.\n“Unu nụrụ na a sịrị, ‘Anya laara anya, ezé laakwara ezé.’\nOtú ọ dị, ana m asị unu: Emegwarala onye bụ́ ajọ mmadụ ihe o mere gị; kama onye ọ bụla nke mara gị ụra na ntì aka nri, tụgharịkwaara ya nke ọzọ.\nỌ bụrụkwa na mmadụ achọọ ịkpụga gị n’ụlọikpe ka o wee nara gị uwe ime gị, hapụkwuoro ya uwe elu gị;\nọ bụrụkwa na onye nwere ikike amanye gị ịga otu maịl, soro ya gaa maịl abụọ.\nMmadụ rịọ gị ihe, nye ya, agbakụtakwala onye chọrọ ibite gị ihe n’akwụghị ọmụrụ nwa azụ.\n“Unu nụrụ na a sịrị, ‘Hụ onye agbata obi gị n’anya ma kpọọ onye iro gị asị.’\nOtú ọ dị, ana m asị unu: Na-ahụnụ ndị iro unu n’anya, na-ekpekwanụ ekpere maka ndị na-akpagbu unu;\nka unu wee bụrụ ụmụ nke Nna unu nọ n’eluigwe, n’ihi na ọ na-eme ka anyanwụ ya waara ndị ọjọọ na ndị ọma, na-emekwa ka mmiri zooro ndị ezi omume na ndị ajọ omume.\nN’ihi na ọ bụrụ na ọ bụ ndị hụrụ unu n’anya ka unu hụrụ n’anya, olee ụgwọ ọrụ unu nwere? Ọ̀ bụ na ndị ọnaụtụ adịghị eme otu ihe ahụ?\nỌ bụrụkwa na ọ bụ naanị ụmụnne unu ka unu na-ekele, olee oké ihe unu na-eme? Ọ̀ bụ na ndị mba ọzọ adịghị emekwa otu ihe ahụ?\nYa mere, unu aghaghị izu okè, dị ka Nna unu nke eluigwe zuru okè."
      },
      {
        "title": "Matiu 6",
        "content": "“Lezienụ anya nke ọma ka unu ghara ịdị na-eme ezi omume unu n’ihu ndị mmadụ ka ha wee hụ unu; ma ọ́ bụghị otú ahụ, unu agaghị enweta ụgwọ ọrụ n’aka Nna unu nke nọ n’eluigwe.\nYa mere, mgbe ị na-enye onyinye ebere, afụla opi na-aga, dị nnọọ ka ndị ihu abụọ na-eme n’ụlọ nzukọ na n’okporo ámá, ka ndị mmadụ wee nye ha otuto. N’ezie, ana m asị unu, Ha enwetazuwo ụgwọ ọrụ ha.\nMa gị onwe gị, mgbe ị na-enye onyinye ebere, ekwela ka aka ekpe gị mara ihe aka nri gị na-eme,\nka onyinye ebere gị wee bụrụ na nzuzo; Nna gị nke na-ahụ ihe na nzuzo ga-akwụ gị ụgwọ.\n“Mgbe unu na-ekpekwa ekpere, unu adịla ka ndị ihu abụọ; n’ihi na ọ na-atọ ha ụtọ iguzo n’ụlọ nzukọ, na ebe ụzọ nwere ngalaba na-ekpe ekpere ka ndị mmadụ wee na-ahụ ha. N’ezie, ana m asị unu, Ha enwetazuwo ụgwọ ọrụ ha.\nMa, gị onwe gị, mgbe ị na-ekpe ekpere, banye n’ọnụ ụlọ gị, mgbe i mechisịrị ọnụ ụzọ gị, kpekuo Nna gị nke nọ na nzuzo ekpere; Nna gị nke na-ahụ ihe na nzuzo ga-akwụ gị ụgwọ.\nMa mgbe ị na-ekpe ekpere, ekwughachila otu ihe ugboro ugboro, dị ka ndị mba ọzọ na-eme, n’ihi na ha na-eche na a ga-anụ olu ha n’ihi ọtụtụ okwu ha na-ekwu.\nYa mere, unu emela ka ha, n’ihi na Chineke bụ́ Nna unu maara ihe ndị na-akpa unu tupu unu arịọ ya.\n“Ya mere, kpeenụ ekpere otú a:\nKa alaeze gị bịa. Ka uche gị meekwa n’ụwa, dị ka ọ na-eme n’eluigwe.\nNye anyị nri taa maka ụbọchị taa;\ngbaghara anyị ụgwọ anyị ji, dị ka anyị gbaghakwaara ndị ji anyị ụgwọ.\nEkwela ka anyị daba n’ọnwụnwa, kama napụta anyị n’aka ajọ onye ahụ.’\n“N’ihi na ọ bụrụ na unu na-agbaghara ndị mmadụ njehie ha, Nna unu nke eluigwe ga na-agbagharakwa unu;\nma ọ bụrụ na unu adịghị agbaghara ndị mmadụ njehie ha, Nna unu agaghịkwa na-agbaghara unu njehie unu.\n“Mgbe unu na-ebu ọnụ, kwụsịnụ ịgbarụ ihu dị ka ndị ihu abụọ, n’ihi na ha na-emebi ihu ha ka ndị mmadụ wee hụ na ha na-ebu ọnụ. N’ezie, ana m asị unu, Ha enwetazuwo ụgwọ ọrụ ha.\nMa gị onwe gị, mgbe ị na-ebu ọnụ, tee mmanụ n’isi gị, saakwa ihu gị,\nka i wee bụrụ onye na-ebu ọnụ, ọ bụghị n’anya mmadụ, kama n’anya Nna gị nke nọ na nzuzo; Nna gị nke na-ahụ ihe na nzuzo ga-akwụkwa gị ụgwọ.\n“Kwụsịnụ ịkpakọbara onwe unu akụ̀ n’ụwa, ebe nla na nchara na-erichapụ ihe, ebe ndị ohi na-awabakwa zuo ohi.\nKama nke ahụ, na-akpakọbaranụ onwe unu akụ̀ n’eluigwe, ebe nla ma ọ bụ nchara na-adịghị erichapụ ihe, ebe ndị ohi na-adịghịkwa awaba zuo ohi.\nN’ihi na n’ebe akụ̀ gị dị, n’ebe ahụ ka obi gị ga-adịkwa.\n“Oriọna nke ahụ́ bụ anya. Ya mere, ọ bụrụ na anya gị na-elegide otu ebe, ahụ́ gị dum ga-ejupụta n’ìhè;\nma ọ bụrụ na anya gị dị njọ, ahụ́ gị dum ga-agba ọchịchịrị. Ọ bụrụ n’ezie na ìhè nke dị n’ime gị bụ ọchịchịrị, lee ka ọchịchịrị ahụ si dị ukwuu!\n“Ọ dịghị onye pụrụ ịbụ ohu nke nna ukwu abụọ; n’ihi na, ma ọ́ bụghị na ọ ga-akpọ otu asị ma hụ onye nke ọzọ n’anya, ya abụrụ na ọ ga-arapara n’otu ma leda onye nke ọzọ anya. Unu apụghị ịbụ ndị ohu Chineke na nke Akụnụba.\n“N’ihi nke a, ana m asị unu: Kwụsịnụ ichegbu onwe unu banyere mkpụrụ obi unu maka ihe unu ga-eri ma ọ bụ ihe unu ga-aṅụ, ma ọ bụ banyere ahụ́ unu maka ihe unu ga-eyi. Ọ̀ bụ na mkpụrụ obi adịghị mkpa karịa ihe oriri, ahụ́ ọ́ dịghịkwa mkpa karịa uwe?\nLeruonụ anụ ufe nke eluigwe anya, n’ihi na ha adịghị akụ mkpụrụ, ha adịghị aghọrọ mkpụrụ, ha adịghịkwa ekpokọta mkpụrụ n’ụlọ nkwakọba ihe; ma Nna unu nke eluigwe na-enye ha nri. Ọ̀ bụ na unu adịghị oké ọnụ ahịa karịa ha?\nÒnye n’ime unu pụrụ ịgbakwụnye otu kubit n’afọ ndụ ya site n’ichegbu onwe ya?\nỌzọ, n’ihe banyere uwe, gịnị mere unu ji na-echegbu onwe unu? Mụtanụ ihe site n’okooko lili dị n’ọhịa, otú ha si eto; ha adịghị adọgbu onwe ha n’ọrụ, ha adịghịkwa akpa ogho;\nma ana m asị unu na ọbụna Sọlọmọn, n’ebube ya niile, eyighị uwe mara mma dị ka otu n’ime ha.\nMa ọ bụrụ na Chineke na-eyiwe ahịhịa ndụ dị n’ubi uwe, nke dị ebe a taa, ma echi, a tụba ya n’ekwú, ọ̀ bụ na ọ gaghị eyiwe unu uwe karị, unu ndị okwukwe nta?\nYa mere, unu echegbula onwe unu mgbe ọ bụla, sị, ‘Gịnị ka anyị ga-eri?’ ma ọ bụ, ‘Gịnị ka anyị ga-aṅụ?’ ma ọ bụ, ‘Gịnị ka anyị ga-eyi?’\nN’ihi na ihe a niile bụ ihe ndị mba ọzọ na-achụsi ike. N’ihi na Nna unu nke eluigwe maara na ihe a niile dị unu mkpa.\n“Ya mere, burunụ ụzọ na-achọ alaeze ahụ na ezi omume Chineke, a ga-atụkwasịkwara unu ihe ndị ọzọ a niile.\nN’ihi ya, unu echegbula onwe unu mgbe ọ bụla maka echi, n’ihi na echi ga-enwe nchegbu nke ya. Ihe ọjọọ nke ụbọchị nke ọ bụla ezuworo ya."
      },
      {
        "title": "Matiu 7",
        "content": "“Kwụsịnụ ikpe ikpe, ka a ghara ikpe unu ikpe;\nn’ihi na otú unu si ekpe ikpe ka a ga-esi kpee unu ikpe; ihe unu jikwa atụ̀ ihe ka ha ga-eji tụọrọ unu ihe.\nGịnịzi mere i ji ele irighiri ahịhịa nke dị n’anya nwanna gị, ma i chebaraghị ntụhie dị n’anya nke gị echiche?\nMa ọ bụ, olee otú ị pụrụ isi sị nwanna gị, ‘Chere ka m wepụ irighiri ahịhịa n’anya gị’; ma, lee! ntụhie dị n’anya nke gị?\nOnye ihu abụọ! Buru ụzọ wepụ ntụhie dị n’anya nke gị, mgbe ahụ ka ị ga-ahụ nke ọma otú ị ga-esi wepụ irighiri ahịhịa n’anya nwanna gị.\n“Unu enyela nkịta ihe dị nsọ, unu atụpụkwarala ézì nkume pel unu, ka ha wee ghara ịzọ ha ụkwụ ma tụgharịa dọrie unu.\n“Na-arịọnụ, a ga-enye unu; na-achọnụ, unu ga-achọta; na-akụnụ, a ga-emeghere unu.\nN’ihi na onye ọ bụla nke na-arịọ na-arịọta, onye ọ bụla nke na-achọkwa na-achọta, onye ọ bụla nke na-akụkwa ka a ga-emeghere.\nN’ezie, ònye n’etiti unu ka nwa ya nwoke ga-arịọ achịcha—ọ gaghị enye ya nkume, ka ọ̀ ga-enye ya?\nMa ọ bụ, ma eleghị anya, ya arịọ azụ̀—ọ gaghị enye ya agwọ, ka ọ̀ ga-enye ya?\nYa mere, ọ bụrụ na unu maara otú e si enye ụmụ unu ezi onyinye, ọ bụ ezie na unu bụ ndị ajọ omume, lee ka Nna unu nke nọ n’eluigwe ga-esi nye ndị na-arịọ ya ihe ọma karị!\n“Ya mere, ihe niile unu chọrọ ka ndị mmadụ na-emere unu, unu onwe unu aghaghị imere ha otú ahụ; n’eziokwu, nke a bụ ihe Iwu ahụ na ihe ndị amụma kụziri pụtara.\n“Sinụ n’ọnụ ụzọ ámá dị warara banye; n’ihi na okporo ụzọ nke na-eduba ná mbibi sara mbara ma dị obosara, ndị na-esikwa na ya abanye dị ọtụtụ;\nma ọnụ ụzọ ámá nke na-eduba ná ndụ dị warara, okporo ụzọ ya dịkwa mkpagide, ndị na-achọta ya dịkwa ole na ole.\n“Lezienụ anya maka ndị amụma ụgha ndị na-abịakwute unu n’oyiyi atụrụ, ma n’ime ha, ha bụ anụ ọhịa wolf agụụ ji.\nUnu ga-amata ha site ná mkpụrụ ha. Ọ dịghị mgbe ndị mmadụ na-aghọrọ mkpụrụ vaịn n’ogwu ma ọ bụ mkpụrụ fig n’uke, ka hà na-eme otú ahụ?\nOtú ahụ, osisi ọma ọ bụla na-amị ezi mkpụrụ, ma osisi ọ bụla rere ure na-amị mkpụrụ na-abaghị uru;\nosisi ọma apụghị ịmị mkpụrụ na-abaghị uru, osisi rere ure apụghịkwa ịmị ezi mkpụrụ.\nA na-egbutu osisi ọ bụla na-adịghị amị ezi mkpụrụ ma tụba ya n’ọkụ.\nYa mere, n’ezie, unu ga-amata ndị ahụ site ná mkpụrụ ha.\n“Ọ bụghị onye ọ bụla nke na-asị m, ‘Onyenwe anyị, Onyenwe anyị,’ ga-aba n’alaeze eluigwe, kama ọ bụ onye na-eme uche Nna m nke nọ n’eluigwe ga-aba na ya.\nỌtụtụ mmadụ ga-asị m n’ụbọchị ahụ, ‘Onyenwe anyị, Onyenwe anyị, ọ̀ bụ na anyị ebughị amụma n’aha gị, chụpụkwa ndị mmụọ ọjọọ n’aha gị, rụọkwa ọtụtụ ọrụ dị ike n’aha gị?’\nMa mgbe ahụ, m ga-ekwupụtara ha, sị: Ọ dịghị mgbe m maara unu! Sinụ n’ebe m nọ pụọ, unu ndị ọrụ mmebi iwu.\n“Ya mere, onye ọ bụla nke na-anụ okwu m ndị a ma na-eme ha, a ga-eji ya tụnyere nwoke nwere uche, onye wuru ụlọ ya n’elu oké nkume.\nMmiri wee zosie ike, idei mmiri abịakwa, ifufe efekwasịkwa ụlọ ahụ, ma ọ daghị, n’ihi na a tọrọ ntọala ya n’elu oké nkume.\nOnye ọ bụla nke na-anụkwa okwu m ndị a ma ọ dịghị eme ha, a ga-eji ya tụnyere nwoke nzuzu, onye wuru ụlọ ya n’elu ájá.\nMmiri wee zosie ike, idei mmiri abịakwa, ifufe efekwasịkwa ụlọ ahụ, o wee daa, ọdịda ya dịkwa ukwuu.”\nMgbe Jizọs kwusịrị okwu ndị a, otú o si ezi ihe juru ìgwè mmadụ ahụ anya;\nn’ihi na ọ na-ezi ha ihe dị ka onye nwere ikike, ọ bụghị dị ka ndị odeakwụkwọ ha."
      },
      {
        "title": "Matiu 8",
        "content": "Mgbe o si n’ugwu ahụ rịdata, oké ìgwè mmadụ sooro ya.\nMa, lee! otu onye ekpenta bịara wee malite ịkpọrọ ya isiala, sị: “Onyenwe anyị, ọ bụrụ nnọọ na ị chọrọ, ị pụrụ ime ka m dị ọcha.”\nO wee matịa aka ya bitụ ya, sị: “Achọrọ m. Dị ọcha.” Ozugbo ahụ, a sachapụrụ ekpenta ya.\nJizọs wee sị ya: “Hụ na ọ dịghị onye ị kọọrọ, kama gaa gosi onye nchụàjà onwe gị, nyekwa onyinye Mozis kwuru ka a na-enye, ka o wee bụụrụ ndị nchụàjà ihe àmà.”\nMgbe ọ banyere Kapaniọm, otu onyeisi ndị agha bịakwutere ya, na-arịọsi ya arịrịọ ike,\nsị: “Nna anyị ukwu, nwoke na-ejere m ozi dina n’ụlọ. Ahụ́ ya kpọnwụrụ akpọnwụ. Ọ na-enwekwa mmekpa ahụ́ dị ukwuu.”\nỌ sịrị ya: “Mgbe m ruru ebe ahụ, m ga-agwọ ya.”\nOnyeisi ndị agha ahụ zara, sị: “Nna anyị ukwu, erughị m eru ka ị bata n’ụlọ m, kama naanị kwuo okwu, a ga-agwọkwa nwoke na-ejere m ozi.\nN’ihi na mụ onwe m kwa nọ n’okpuru ikike mmadụ, m nwekwara ndị agha nọ n’okpuru m, m na-asị onye nke a, ‘Gawa!’ ya agawa, m na-asịkwa onye nke ọzọ, ‘Bịa!’ ya abịa, m na-asịkwa ohu m, ‘Mee nke a!’ ya emee ya.”\nMgbe Jizọs nụrụ ya, o juru ya anya, o wee sị ndị so ya: “Ana m agwa unu eziokwu, Ahụbeghị m onye nwere okwukwe dị ukwuu otú a n’Izrel.\nMa ana m asị unu na ọtụtụ ndị si n’ebe ọwụwa anyanwụ na n’ebe ọdịda anyanwụ ga-abịa soro Ebreham na Aịzik na Jekọb nọdụ na-eri ihe na tebụl n’alaeze eluigwe;\nma a ga-atụpụ ụmụ alaeze n’ọchịchịrị dị n’èzí. N’ebe ahụ ka ha ga-akwa ákwá ma taa ikikere ezé.”\nJizọs wee sị onyeisi ndị agha ahụ: “Lawa. Dị nnọọ ka okwukwe gị si dị, ya si otú ahụ meere gị.” E wee gwọọ nwoke ahụ na-ejere ya ozi n’awa ahụ.\nMgbe Jizọs batara n’ụlọ Pita, ọ hụrụ nne nwunye Pita ka o dina ala, ahụ́ ọkụ na-emekwa ya.\nO wee bitụ ya aka n’aka, ahụ́ ọkụ ahụ wee hapụ ya, o wee bilie malite ijere ya ozi.\nMa mgbe o ruru ná mgbede, ndị mmadụ kpọtaara ya ọtụtụ ndị ndị mmụọ ọjọọ ji; o wee were okwu ọnụ chụpụ ndị mmụọ ahụ, ọ gwọkwara ndị niile ahụ́ na-adịghị mma;\nka e wee mezuo ihe e kwuru site n’ọnụ Aịzaya onye amụma, sị: “Ya onwe ya buuru ọrịa ndị na-arịa anyị, burukwa nrịanrịa anyị.”\nMgbe Jizọs hụrụ ìgwè mmadụ gburugburu ya, o nyere iwu ka ha banye n’ụgbọ mmiri gaa n’ofe nke ọzọ.\nOtu onye odeakwụkwọ bịara wee sị ya: “Onye Ozizi, m ga-eso gị gaa ebe ọ bụla ị chọrọ ịga.”\nMa Jizọs sịrị ya: “Nkịta ọhịa nwere ọgba, anụ ufe nke eluigwe nwekwara akwụ́, ma Nwa nke mmadụ enweghị ebe ọ ga-atọgbọ isi ya.”\nOnye ọzọ n’ime ndị na-eso ụzọ ya wee sị ya: “Onyenwe anyị, hapụ m ka m buru ụzọ gaa lie nna m.”\nJizọs sịrị ya: “Na-eso m, hapụ ndị nwụrụ anwụ ka ha lie ndị ha nwụrụ anwụ.”\nMgbe ọ banyere n’ụgbọ mmiri, ndị na-eso ụzọ ya sooro ya.\nMa, lee! oké ifufe malitere ife n’oké osimiri ahụ, nke mere na ebili mmiri nọ na-ekpuchi ụgbọ ahụ; otú ọ dị, ọ na-ehi ụra.\nHa wee bịa kpọtee ya, sị: “Onyenwe anyị, zọpụta anyị, anyị na-aga ịla n’iyi!”\nMa ọ sịrị ha: “Gịnị mere obi ji na-amapụ unu, unu ndị okwukwe nta?” O wee bilie baara ifufe ahụ na oké osimiri ahụ mba, ebe niile wee daa jụụ.\nO wee ju ha anya, ha wee sị: “Olee ụdị mmadụ onye a bụ, nke na ọbụna ifufe na oké osimiri na-erubere ya isi?”\nMgbe o ruru n’ofe nke ọzọ, n’ime obodo ndị Gadara, mmadụ abụọ mmụọ ọjọọ ji, ndị si n’ebe e nwere ili ncheta na-apụta, zutere ya, ha na-eme ihe ike nke ukwuu, nke na ọ dịghị onye nwere obi ike ịgafe n’okporo ụzọ ahụ.\nMa, lee! ha tiri mkpu, sị: “Ọkpara Chineke, gịnị jikọrọ anyị na gị? Ị̀ bịara ebe a imekpa anyị ahụ́ tupu oge a kara aka eruo?”\nMa ìgwè ọtụtụ ézì nọ na-ata ahịhịa n’ebe dị anya n’ebe ha nọ.\nNdị mmụọ ọjọọ ahụ wee malite ịrịọsi ya arịrịọ ike, sị: “Ọ bụrụ na ị chụpụ anyị, hapụ anyị ka anyị banye n’ime ìgwè ézì ahụ.”\nO wee sị ha: “Gawanụ!” Ha pụtara wee banye n’ime ézì ndị ahụ; ma, lee! ìgwè ézì ahụ dum nuuru gaa n’ebe kpọdara akpọda wee daba n’oké osimiri ma nwụọ n’ime mmiri.\nMa ndị na-azụ ézì ndị ahụ gbara ọsọ. Mgbe ha banyere n’obodo, ha kọrọ ihe niile mere, tinyere ihe mere ndị ahụ mmụọ ọjọọ ji.\nMa, lee! obodo ahụ dum pụtara ka ha hụ Jizọs; mgbe ha hụrụ ya, ha rịọsiri ya arịrịọ ike ka o si n’ógbè ha pụọ."
      },
      {
        "title": "Matiu 9",
        "content": "Ya mere, ọ banyere n’ụgbọ mmiri wee gafee n’ofe nke ọzọ wee banye n’obodo ya.\nMa, lee! ha na-ebutere ya otu onye ahụ́ ya kpọnwụrụ akpọnwụ, nke dina n’ihe ndina. Mgbe Jizọs hụrụ okwukwe ha, ọ sịrị onye ahụ ahụ́ ya kpọnwụrụ akpọnwụ: “Nwee obi ike, nwa m; a gbagharawo gị mmehie gị.”\nMa, lee! ụfọdụ n’ime ndị odeakwụkwọ kwuru n’obi ha, sị: “Onye a na-ekwulu Chineke.”\nMa ebe Jizọs maara ihe ha na-eche, ọ sịrị: “Gịnị mere unu ji na-eche ihe dị njọ n’obi unu?\nDị ka ihe atụ, olee nke ka mfe, ọ̀ bụ ịsị, A gbagharawo gị mmehie gị, ka ọ̀ bụ ịsị, Bilie gawa ije?\nOtú ọ dị, ka unu wee mara na Nwa nke mmadụ nwere ikike n’ụwa ịgbaghara mmehie—” mgbe ahụ, ọ gwara onye ahụ ahụ́ ya kpọnwụrụ akpọnwụ, sị: “Bilie, buru ihe ndina gị laa n’ụlọ gị.”\nO wee bilie laa n’ụlọ ya.\nMgbe ìgwè mmadụ ahụ hụrụ ihe a, egwu jidere ha, ha wee nye Chineke otuto, bụ́ onye nyere ụmụ mmadụ ikike dị otú ahụ.\nMgbe Jizọs sikwa ebe ahụ na-agafe, ọ hụrụ otu onye a na-akpọ Matiu ka ọ nọ ọdụ n’ụlọ a na-anakọta ụtụ isi, o wee sị ya: “Bụrụ onye na-eso ụzọ m.” O wee bilie, soro ya.\nE mesịa, mgbe ọ nọ na-eri ihe na tebụl n’ime ụlọ, lee! ọtụtụ ndị ọnaụtụ na ndị mmehie bịara wee soro Jizọs na ndị na-eso ụzọ ya nọdụ na-eri ihe.\nMa mgbe ndị Farisii hụrụ nke a, ha malitere ịgwa ndị na-eso ụzọ ya, sị: “Gịnị mere onye ozizi unu ji na-eso ndị ọnaụtụ na ndị mmehie eri ihe?”\nMgbe ọ nụrụ ihe ha kwuru, ọ sịrị: “Mkpa ọgwọ ọrịa adịghị ndị ahụ́ dị mma, kama mkpa ya dị ndị ahụ́ na-enye nsogbu.\nYa mere, gaanụ mata ihe ihe a pụtara, ‘Achọrọ m ebere, ọ bụghị àjà.’ N’ihi na ọ bụghị ndị ezi omume ka m bịara ịkpọ, kama ọ bụ ndị mmehie.”\nNdị na-eso ụzọ Jọn wee bịakwute ya, jụọ ya, sị: “Gịnị mere anyị na ndị Farisii ji ebu ọnụ ma ndị na-eso ụzọ gị adịghị ebu ọnụ?”\nJizọs wee sị ha: “Ndị enyi nke nwoke na-alụ nwaanyị ọhụrụ enweghị ihe mere ha ga-eji ruo uju mgbe ha na nwoke ahụ na-alụ nwaanyị ọhụrụ nọ, ka hà nwere? Ma ụbọchị na-abịa mgbe a ga-akpọpụ nwoke ahụ na-alụ nwaanyị ọhụrụ n’ebe ha nọ, ọ bụ mgbe ahụ ka ha ga-ebu ọnụ.\nỌ dịghị onye na-adụnye ibé ákwà ọhụrụ n’uwe elu mere ochie; n’ihi na ike ya dum ga-eme ka uwe elu ahụ dọkaa, ọ ga-adọwa wee ka njọ.\nNdị mmadụ adịghịkwa agbanye mmanya ọhụrụ n’ime karama akpụkpọ mmanya mere ochie; ma ọ bụrụ na ha emee otú ahụ, karama akpụkpọ mmanya ahụ na-agbawa, mmanya ahụ na-awụfukwa, karama akpụkpọ mmanya ahụ ebibiekwa. Kama ndị mmadụ na-agbanye mmanya ọhụrụ n’ime karama akpụkpọ mmanya ọhụrụ, ha abụọ na-adịgidekwa.”\nMgbe ọ na-akọrọ ha ihe ndị a, lee! otu onye na-achị achị nke bịakwutere ya malitere ịkpọrọ ya isiala, sị: “Ada m ga-anwụworị ugbu a; ma bịa bikwasị ya aka, ọ ga-adịkwa ndụ.”\nYa mere, Jizọs biliri wee soro ya; ndị na-eso ụzọ ya mekwara otú ahụ.\nMa, lee! otu nwaanyị na-arịa ọrịa oruru ọbara kemgbe afọ iri na abụọ bịara ya n’azụ wee bitụ ọnụ ọnụ uwe elu ya aka;\nn’ihi na ọ nọ na-agwa onwe ya, sị: “Ọ bụrụ na m bitụ naanị uwe elu ya aka, m ga-agbake.”\nJizọs tụgharịrị, hụ ya wee sị: “Nwee obi ike, nwa m nwaanyị; okwukwe gị emewo ka ahụ́ dị gị mma.” Malite n’oge awa ahụ, ahụ́ dịrị nwaanyị ahụ mma.\nMgbe ọ batara n’ụlọ onye ahụ na-achị achị ma hụ ndị na-egbu ọjà nakwa ìgwè mmadụ ka ha nọ n’ọgba aghara,\nJizọs malitere ịsị: “Sinụ n’ebe a pụọ, n’ihi na nwata nwaanyị a anwụghị anwụ, kama ọ na-ehi ụra.” Ha wee malite ịchị ya ọchị, na-akwa ya emo.\nOzugbo a chụpụrụ ìgwè mmadụ ahụ n’èzí, ọ banyere wee sere ya n’aka, nwata nwaanyị ahụ wee bilie.\nN’ezie, okwu banyere ihe a gbasara n’ógbè ahụ dum.\nMgbe Jizọs si ebe ahụ na-agafe, ndị ìsì abụọ sooro ya, na-eti mkpu, sị: “Meere anyị ebere, Nwa Devid.”\nMgbe Jizọs banyere n’ime ụlọ, ndị ìsì ahụ bịakwutere ya, o wee jụọ ha, sị: “Ùnu nwere okwukwe na m pụrụ ime ihe a?” Ha azaa ya, sị: “Ee, Onyenwe anyị.”\nO wee bitụ ha aka n’anya, sị: “Ya meere unu dị ka okwukwe unu si dị.”\nE wee meghee anya ha. Jizọs nyesikwara ha iwu ike, sị: “Hụnụ na ọ dịghị onye maara banyere ya.”\nMa mgbe ha pụrụ n’èzí, ha kọsara ihe banyere ya n’ógbè ahụ dum.\nMgbe ha na-apụkwa, lee! ndị mmadụ kpọtaara ya otu onye ogbi nke mmụọ ọjọọ ji;\nmgbe ọ chụpụrụ mmụọ ọjọọ ahụ, onye ogbi ahụ kwuru okwu. O wee ju ìgwè mmadụ ahụ anya, ha wee sị: “A hụtụbeghị ụdị ihe a n’Izrel.”\nMa ndị Farisii malitere ịsị: “Ọ bụ ike onye na-achị ndị mmụọ ọjọọ ka o ji achụpụ ndị mmụọ ọjọọ.”\nJizọs wee malite ijegharị n’obodo ukwu nakwa n’obodo nta niile, na-ezi ihe n’ụlọ nzukọ ha, na-ekwusakwa ozi ọma alaeze ahụ ma na-agwọ ụdị ọrịa ọ bụla na ụdị nsogbu ahụ́ ike ọ bụla.\nMgbe ọ hụrụ ìgwè mmadụ ahụ, o nwere ọmịiko n’ebe ha nọ, n’ihi na a gbara ha akpụkpọ, na-achụsakwa ha, dị ka atụrụ na-enweghị onye na-azụ ha.\nMgbe ahụ, ọ sịrị ndị na-eso ụzọ ya: “Ee, ihe ubi hiri nne, ma ndị ọrụ dị ole na ole.\nYa mere, na-arịọnụ Onye nwe owuwe ihe ubi ahụ ka o ziga ndị ọrụ n’owuwe ihe ubi ya.”"
      },
      {
        "title": "Matiu 10",
        "content": "Ya mere, ọ kpọrọ mmadụ iri na abụọ ahụ na-eso ụzọ ya ma nye ha ikike n’ebe ndị mmụọ na-adịghị ọcha nọ, ka ha wee chụpụ ha, ka ha gwọọkwa ụdị ọrịa ọ bụla na ụdị nsogbu ahụ́ ike ọ bụla.\nAha ndịozi iri na abụọ ahụ bụ: Onye nke mbụ bụ Saịmọn, onye a na-akpọ Pita, na Andru nwanne ya; na Jems nwa Zebedi na Jọn nwanne ya;\nFilip na Batọlọmiu; Tọmọs na Matiu onye ọnaụtụ; Jems nwa Alfiọs, na Tadiọs;\nSaịmọn, onye na-anụ ọkụ n’obi, na Judas Iskarịọt, onye mesịrị rara ya nye.\nJizọs zipụrụ mmadụ iri na abụọ a wee nye ha iwu, sị: “Unu abanyela n’okporo ụzọ ndị mba ọzọ, unu abanyekwala n’obodo ndị Sameria;\nkama nke ahụ, na-agakwurunụ atụrụ furu efu nke ụlọ Izrel.\nMgbe unu na-aga, na-ekwusanụ, sị, ‘Alaeze eluigwe eruwo nso.’\nGwọọnụ ndị ọrịa, kpọlitenụ ndị nwụrụ anwụ, meenụ ka ndị ekpenta dị ọcha, chụpụnụ ndị mmụọ ọjọọ. Unu natara n’efu, na-enyenụ n’efu.\nUnu ewerela ọlaedo ma ọ bụ ọlaọcha ma ọ bụ ọla kọpa unu ga-etinye n’obere akpa ego unu na-eke n’úkwù,\nunu ewerela obere akpa nri maka njem unu, unu achịrịla uwe ime abụọ, ma ọ bụ akpụkpọ ụkwụ, unu ewerekwala mkpara; n’ihi na onye ọrụ kwesịrị ka e nye ya nri.\n“N’obodo ukwu ma ọ bụ n’obodo nta ọ bụla unu banyere, chọpụtanụ onye kwesịrị ekwesị n’ime ya, nọrọkwanụ n’ebe ahụ ruo mgbe unu ga-apụ.\nMgbe unu na-abanye n’ụlọ, keleenụ ndị ezinụlọ ahụ;\nọ bụrụkwa na ụlọ ahụ kwesịrị ekwesị, ka udo unu na-asị ka o nwee dịkwasị ya; ma ọ bụrụ na o kwesịghị ekwesị, ka udo nke si n’ebe unu nọ lọghachiri unu.\nN’ebe ọ bụla ọ na-adịghị onye nabatara unu ma ọ bụ onye gere ntị n’okwu unu, mgbe unu na-apụ n’ụlọ ahụ ma ọ bụ n’obodo ahụ, tichapụnụ ájá dị n’ụkwụ unu.\nN’ezie, ana m asị unu, Ọ ga-adịrị ala Sọdọm na Gọmọra mfe n’Ụbọchị Ikpe karịa obodo ahụ.\n“Lee! M na-eziga unu dị ka atụrụ n’etiti anụ ọhịa wolf; ya mere, bụrụnụ ndị dị akọ dị ka agwọ, ndị na-adịghị aghụghọ, dị ka nduru.\nLezienụ anya maka ụmụ mmadụ; n’ihi na ha ga-enyefe unu n’ụlọikpe obodo, ha ga-apịakwa unu ihe n’ụlọ nzukọ ha.\nN’ezie, a ga-akpụpụta unu n’ihu ndị gọvanọ na ndị eze n’ihi m, ka ọ bụrụ àmà nye ha na ndị mba ọzọ.\nOtú ọ dị, mgbe ha na-enyefe unu, unu echegbula onwe unu banyere otú unu ga-esi ekwu okwu ma ọ bụ ihe unu ga-ekwu; n’ihi na a ga-enye unu ihe unu ga-ekwu n’oge awa ahụ;\nn’ihi na ọ bụghị unu onwe unu na-ekwu okwu, kama ọ bụ mmụọ nke Nna unu si n’ọnụ unu na-ekwu okwu.\nNwanne ga-enyefekwa nwanne ya n’aka ọnwụ, nna ga-enyefekwa nwa ya, ụmụ ga-ebilikwa megide nne na nna ha, ha ga-emekwa ka e gbuo ha.\nMmadụ niile ga-akpọkwa unu asị n’ihi aha m; ma onye tachiri obi ruo ọgwụgwụ ka a ga-azọpụta.\nMgbe ha kpagburu unu n’otu obodo, gbalaganụ n’obodo ọzọ; n’ihi na n’ezie, ana m asị unu, Unu agaghị agazu obodo ndị dị n’Izrel ma ọlị ruo mgbe Nwa nke mmadụ ga-abịarute.\n“Onye na-eso ụzọ mmadụ adịghị aka onye nkụzi ya, ohu adịghịkwa aka onyenwe ya.\nO zuuru onye na-eso ụzọ ịdị ka onye nkụzi ya, o zukwaara ohu ịdị ka onyenwe ya. Ọ bụrụ na ndị mmadụ akpọwo onyeisi ezinụlọ Bielzebọb, ọ̀ bụ na ha agaghị akpọ ya ndị ezinụlọ ya ọbụna karị?\nYa mere, unu atụla ha egwu; n’ihi na ọ dịghị ihe ọ bụla e kpuchiri ekpuchi nke a na-agaghị ekpughe, ọ dịghịkwa ihe nzuzo nke a na-agaghị amata.\nIhe m na-agwa unu n’ọchịchịrị, kwuonụ ya n’ìhè; ihe unu nụkwara a takwunyere atakwunye, sinụ n’elu ụlọ kwusaa ya.\nUnu atụkwala egwu ndị na-egbu ahụ́ ma ha enweghị ike igbu mkpụrụ obi; kama na-atụnụ egwu onye ahụ nke pụrụ ibibi ma mkpụrụ obi ma ahụ́ n’ime Gehena.\nỌ̀ bụ na a dịghị ere nza abụọ otu mkpụrụ ego nke ga-azụtali naanị ihe dị nta? Ma o nweghị otu n’ime ha ga-ada n’ala, Nna unu aghara ịma.\nMa a gụwo ntutu niile dị n’isi unu ọnụ.\nYa mere, unu atụla egwu: Unu dị oké ọnụ ahịa karịa ọtụtụ nza.\n“Ya mere, onye ọ bụla nke na-ekwupụta na mụ na ya dị n’otu n’ihu ụmụ mmadụ, m ga-ekwupụtakwa na mụ na ya dị n’otu n’ihu Nna m nke nọ n’eluigwe;\nma onye ọ bụla nke na-agọnahụ m n’ihu mmadụ, m ga-agọnahụkwa ya n’ihu Nna m nke nọ n’eluigwe.\nUnu echela na m bịara iweta udo n’elu ụwa; abịara m iweta, ọ bụghị udo, kama mma agha.\nN’ihi na m bịara ịkpata nkewa, nwoke megide nna ya, na nwa nwaanyị megide nne ya, nakwa nwaanyị a lụrụ ọhụrụ megide nne di ya.\nN’ezie, ndị iro mmadụ ga-abụ ndị ezinụlọ ya.\nOnye hụrụ nna ya ma ọ bụ nne ya n’anya nke ukwuu karịa otú ọ hụrụ m ekwesịghị m; onye hụkwara nwa ya nwoke ma ọ bụ nwa ya nwaanyị n’anya nke ukwuu karịa otú ọ hụrụ m ekwesịghị m.\nOnye ọ bụla nke na-achọghị iburu osisi ịta ahụhụ ya wee na-eso m n’azụ ekwesịghị m.\nOnye chọtara mkpụrụ obi ya ga-atụfu ya, onye tụfukwara mkpụrụ obi ya n’ihi m ga-achọta ya.\n“Onye na-anabata unu na-anabatakwa m, onye na-anabatakwa m na-anabatakwa onye ahụ nke zitere m.\nOnye na-anabata onye amụma n’ihi na ọ bụ onye amụma ga-enweta ụgwọ ọrụ nke onye amụma, onye na-anabatakwa onye ezi omume n’ihi na ọ bụ onye ezi omume ga-enweta ụgwọ ọrụ nke onye ezi omume.\nOnye ọ bụla nke nyere otu n’ime ndị a dị nta naanị otu iko mmiri jụrụ oyi ka ọ ṅụọ n’ihi na ọ bụ onye na-eso ụzọ m, n’ezie, ana m asị unu, ọ ghaghị ịnata ụgwọ ọrụ ya.”"
      }
    ]
  },
  {
    "format": "book",
    "title": "Mak",
    "chapters": [
      {
        "title": "Mak 1",
        "content": "Nke a bụ malite ozi ọma banyere Jizọs Kraịst:\nDị nnọọ ka e dere n’akwụkwọ Aịzaya onye amụma, sị: “(Lee! M na-ezite onye ozi m n’ihu gị, onye ga-akwadebe ụzọ gị;)\ngeenụ ntị! e nwere onye na-eti mkpu n’ala ịkpa, sị, ‘Kwadebenụ ụzọ Jehova, meenụ ka okporo ụzọ ya kwụrụ ọtọ,’”\nJọn onye na-eme baptizim pụtara n’ala ịkpa, na-ekwusa baptizim dị ka ihe na-egosi nchegharị bụ́ nke na-eme ka a gbaghara mmehie.\nÓkèala dum nke Judia na ndị niile bi na Jeruselem wee na-agakwuru ya. O wee na-eme ha baptizim n’Osimiri Jọdan, ha na-ekwupụtakwa mmehie ha n’ihu ọha.\nJọn yi uwe e ji ajị kamel mee, keekwa ájị̀ akpụkpọ anụ n’úkwù, ọ bụkwa igurube na mmanụ aṅụ ọhịa ka ọ na-eri.\nỌ na-ekwusakwa, sị: “Onye ka m ike na-abịa n’azụ m; erughị m eru ihulata tọpụ eriri akpụkpọ ụkwụ ya.\nEji m mmiri mee unu baptizim, ma ọ ga-eji mmụọ nsọ mee unu baptizim.”\nKa ụbọchị ndị ahụ na-aga, Jizọs si Nazaret nke Galili bịa, Jọn wee mee ya baptizim na Jọdan.\nOzugbo o si na mmiri na-ebili, Jọn hụrụ ka eluigwe na-ekewa, hụkwa ka mmụọ nsọ na-ebekwasị ya dị ka nduru;\notu olu wee si n’eluigwe kwuo, sị: “Ị bụ Ọkpara m, onye m hụrụ n’anya; ihe gị masịrị m.”\nOzugbo ahụ, mmụọ nsọ kpaliri ya ịbanye n’ala ịkpa.\nYa mere, ọ nọgidere n’ala ịkpa ruo ụbọchị iri anọ, Setan wee na-anwa ya ọnwụnwa, ya na anụ ọhịa dị iche iche nọkwa, ma ndị mmụọ ozi nọ na-ejere ya ozi.\nMgbe a kpọchisịrị Jọn, Jizọs banyere Galili, na-ekwusa ozi ọma Chineke,\nsị: “Oge ahụ a kara aka eruwo, alaeze Chineke eruwokwa nso. Chegharịanụ, kwerekwanụ n’ozi ọma ahụ.”\nKa ọ na-aga n’akụkụ oké osimiri Galili, ọ hụrụ Saịmọn na Andru nwanne Saịmọn ka ha na-awụnye ụgbụ ha n’oké osimiri, n’ihi na ha bụ ndị na-akụ azụ̀.\nYa mere, Jizọs sịrị ha: “Soronụ m, m ga-eme ka unu ghọọ ndị na-akụta mmadụ.”\nHa hapụrụ ụgbụ ha ozugbo wee soro ya.\nMgbe ọ gatụkwuru ihu, ọ hụrụ Jems nwa Zebedi na Jọn nwanne ya, ka ha nọ n’ụgbọ mmiri ha na-edozi ụgbụ ha;\nọ kpọkwara ha n’egbughị oge. Ha wee hapụ nna ha Zebedi n’ụgbọ mmiri ahụ, ya na ndị o goro ọrụ, soro ya gawa.\nHa wee banye Kapaniọm.\nOtú o si ezi ihe wee ju ha anya, n’ihi na ọ nọ na-ezi ha ihe n’ebe ahụ dị ka onye nwere ikike, ọ bụghịkwa dị ka ndị odeakwụkwọ.\nN’oge ahụ kpọmkwem, e nwere otu nwoke nọ n’ụlọ nzukọ ha, bụ́ onye mmụọ na-adịghị ọcha ji, o wee tie mkpu,\nsị: “Gịnị jikọrọ anyị na gị, Jizọs onye Nazaret? Ị̀ bịara ibibi anyị? Amaara m kpọmkwem onye ị bụ, Onye Nsọ nke Chineke.”\nMa Jizọs baara ya mba, sị: “Mechie ọnụ, sikwa n’ime ya pụta!”\nMgbe mmụọ ahụ na-adịghị ọcha mesịrị ka ihe ọdịdọ dọọ ya, mgbe o tisịkwara mkpu n’oké olu, o si n’ime ya pụta.\nO juru mmadụ niile anya nke ukwuu nke na ha malitere ikwu n’etiti onwe ha, sị: “Gịnị bụ ihe nke a? Ọ bụ ozizi ọhụrụ! O ji ikike na-enye ọbụna ndị mmụọ na-adịghị ọcha iwu, ha na-erubekwara ya isi.”\nAkụkọ banyere ya wee gbasaa ozugbo ahụ n’akụkụ niile n’ime ógbè dum gbara Galili gburugburu.\nHa wee si n’ụlọ nzukọ ahụ pụọ ozugbo banye n’ụlọ Saịmọn na Andru, ha na Jems na Jọn.\nMa nne nwunye Saịmọn dina ala, ahụ́ ọkụ jikwa ya, ha wee kọọrọ Jizọs banyere nwaanyị ahụ ozugbo.\nMgbe ọ gakwuuru ya, o jidere ya n’aka wee selite ya; ahụ́ ọkụ ahụ hapụkwara ya, o wee malite ijere ha ozi.\nMgbe o ruru ná mgbede, mgbe anyanwụ dara, ndị mmadụ malitere ịkpọtara ya ndị niile na-arịa ọrịa na ndị mmụọ ọjọọ ji;\nobodo ahụ dum gbakọkwara kpọmkwem n’ọnụ ụzọ.\nO wee gwọọ ọtụtụ ndị na-arịa ụdị ọrịa dị iche iche, ọ chụpụkwara ọtụtụ ndị mmụọ ọjọọ, ma ọ dịghị ekwe ka ndị mmụọ ọjọọ ahụ kwuo okwu, n’ihi na ha maara na ọ bụ Kraịst.\nN’isi ụtụtụ, mgbe ọchịchịrị ka gbara, o biliri pụọ n’èzí ma gaa n’ebe ndị mmadụ na-adịghị anọkarị, ọ malitekwara ikpe ekpere n’ebe ahụ.\nOtú ọ dị, Saịmọn na ndị ya na ha so chọsiwere ya ike\nwee chọta ya, ha wee sị ya: “Mmadụ niile na-achọgharị gị.”\nMa ọ sịrị ha: “Ka anyị gaa ebe ọzọ, n’obodo nta ndị dị nso, ka m wee kwusaakwa ozi ọma n’ebe ahụ, n’ihi na ọ bụ n’ihi nzube a ka m ji bịa.”\nỌ gakwara, na-ekwusa ozi ọma n’ụlọ nzukọ ha n’ime Galili dum ma na-achụpụ ndị mmụọ ọjọọ.\nOtu onye ekpenta bịakwutekwara ya, ọbụna gbuo ikpere n’ala na-arịọsi ya arịrịọ ike, sị ya: “Ọ bụrụ nnọọ na ị chọrọ, ị pụrụ ime ka m dị ọcha.”\nN’ihi nke ahụ, o nwere ọmịiko, o wee matịa aka ya bitụ ya aka, sị ya: “Achọrọ m. Dị ọcha.”\nEkpenta ahụ pụrụ n’ahụ́ ya ozugbo, o wee dị ọcha.\nO nyesikwara ya iwu ike ma sị ya lawa ozugbo,\nọ gwakwara ya, sị: “Hụ na ọ dịghị onye ị kọọrọ ihe ọ bụla, kama gaa gosi onye nchụàjà onwe gị, nyekwa ihe ndị ahụ Mozis kwuru ka e nye iji gosi na ị dịla ọcha, ka o wee bụrụ ihe àmà nye ha.”\nMa mgbe ọ pụrụ, nwoke ahụ malitere ịkọsasị ya na ịgbasa akụkọ ahụ n’ebe niile, nke mere na Jizọs enwekwaghị ike ịbanye n’ime obodo n’ihu ọha, kama ọ nọgidere n’azụ obodo n’ebe ndị mmadụ na-adịghị anọkarị. Ma ha si ebe niile na-abịakwute ya."
      },
      {
        "title": "Mak 2",
        "content": "Otú ọ dị, mgbe ụbọchị ụfọdụ gasịrị, ọ banyere ọzọ na Kapaniọm, a kọkwara akụkọ na ọ nọ n’ụlọ.\nN’ihi ya, ọtụtụ ndị gbakọrọ, ha dị ọtụtụ nke na ohere adịkwaghị, ọbụnadị n’akụkụ ọnụ ụzọ, o wee malite ịgwa ha okwu Chineke.\nNdị mmadụ buteere ya otu onye nke ahụ́ ya kpọnwụrụ akpọnwụ, nke mmadụ anọ bu.\nMa ebe ha na-enweghị ike ibute ya n’ebe Jizọs nọ kpọmkwem n’ihi ìgwè mmadụ ahụ, ha kpupụrụ elu ụlọ ebe ọ nọ, mgbe ha gwupukwara oghere, ha budara ihe ndina ahụ nke onye ahụ ahụ́ ya kpọnwụrụ akpọnwụ dina.\nMgbe Jizọs hụrụ okwukwe ha, ọ sịrị onye ahụ ahụ́ ya kpọnwụrụ akpọnwụ: “Nwa m, a gbagharawo gị mmehie gị.”\nMa ụfọdụ ndị odeakwụkwọ nọ n’ebe ahụ, ha nọ ọdụ ma na-atụgharị n’obi ha, sị:\n“Gịnị mere nwoke a ji na-ekwu okwu otú a? Ọ na-ekwulu Chineke. Ònye pụrụ ịgbaghara mmehie ma e wezụga otu onye, ya bụ, Chineke?”\nMa ozugbo Jizọs chọpụtara ná mmụọ ya na ọ bụ ihe dị otú ahụ ka ha na-atụgharị n’uche n’ime onwe ha, ọ sịrị ha: “Gịnị mere unu ji na-atụgharị ihe ndị a n’obi unu?\nOlee nke ka mfe, ọ̀ bụ ịsị onye ahụ ahụ́ ya kpọnwụrụ akpọnwụ, ‘A gbagharawo gị mmehie gị,’ ka ọ̀ bụ ịsị, ‘Bilie bulite ihe ndina gị gawa ije’?\nMa ka unu wee mara na Nwa nke mmadụ nwere ikike ịgbaghara mmehie n’elu ụwa,”—ọ gwara onye ahụ ahụ́ ya kpọnwụrụ akpọnwụ, sị:\n“Ana m asị gị, Bilie, buru ihe ndina gị, lawa n’ụlọ gị.”\nO wee bilie, buru ihe ndina ya ozugbo ma si n’ihu ha niile pụọ, ha niile wee nwee oké ọṅụ, ha tokwara Chineke, sị: “Anyị ahụtụbeghị ụdị ya.”\nỌ gara ọzọ n’akụkụ oké osimiri; ìgwè mmadụ ahụ niile nọkwa na-abịakwute ya, o wee malite izi ha ihe.\nMa mgbe ọ na-agafe, ọ hụrụ Livaị nwa Alfiọs ka ọ nọ ọdụ n’ụlọ a na-anakọta ụtụ, o wee sị ya: “Bụrụ onye na-eso ụzọ m.” O wee bilie soro ya.\nMgbe e mesịrị, Ọ nọdụrụ ala iri ihe na tebụl n’ụlọ ya, ọtụtụ ndị ọnaụtụ na ndị mmehie sokwa Jizọs na ndị na-eso ụzọ ya nọdụ ala na-eri ihe, n’ihi na ha dị ọtụtụ, ha wee malite iso ya.\nMa mgbe ndị odeakwụkwọ nke ndị Farisii hụrụ na o so ndị mmehie na ndị ọnaụtụ na-eri ihe, ha malitere ịsị ndị na-eso ụzọ ya: “Ọ̀ na-eso ndị ọnaụtụ na ndị mmehie eri ihe?”\nMgbe Jizọs nụrụ ya, ọ sịrị ha: “Mkpa ọgwọ ọrịa adịghị ndị ahụ́ dị mma, kama mkpa ya dị ndị na-arịa ọrịa. Ọ bụghị ndị ezi omume ka m bịara ịkpọ, kama ọ bụ ndị mmehie.”\nNdị na-eso ụzọ Jọn na ndị Farisii na-ebu ọnụ. Ya mere, ha bịara jụọ ya, sị: “Gịnị mere ndị na-eso ụzọ Jọn na ndị na-eso ụzọ ndị Farisii ji ebu ọnụ, ma ndị na-eso ụzọ gị adịghị ebu ọnụ?”\nJizọs wee sị ha: “Mgbe ha na nwoke na-alụ nwaanyị ọhụrụ nọ, ndị enyi nke nwoke ahụ na-alụ nwaanyị ọhụrụ apụghị ibu ọnụ, ka hà pụrụ? Ọ bụrụhaala na ha na nwoke ahụ na-alụ nwaanyị ọhụrụ nọ, ha apụghị ibu ọnụ.\nMa ụbọchị na-abịa mgbe a ga-akpọpụ nwoke ahụ na-alụ nwaanyị ọhụrụ n’ebe ha nọ, mgbe ahụ, ha ga-ebu ọnụ n’ụbọchị ahụ.\nỌ dịghị onye na-adụnye ibé ákwà ọhụrụ n’uwe elu mere ochie; ọ bụrụ na e mee otú ahụ, ike dum nke ákwà ọhụrụ ahụ nwere na-eme ka nke ochie ahụ dọkaa, ọ na-adọwa wee ka njọ.\nỌ dịghịkwa onye na-agbanye mmanya ọhụrụ n’ime karama akpụkpọ mmanya mere ochie; ọ bụrụ na o mee otú ahụ, mmanya ahụ na-agbawa karama akpụkpọ ahụ, mmanya ahụ na karama akpụkpọ ahụ na-alakwa n’iyi. Kama ndị mmadụ na-agbanye mmanya ọhụrụ n’ime karama akpụkpọ mmanya ọhụrụ.”\nO wee si n’ubi ọka wit na-agafe n’ụbọchị izu ike, ndị na-eso ụzọ ya malitekwara ịghọrọ ụyọkọ ọka wit.\nNdị Farisii wee sị ya: “Lee anya! Gịnị mere ha ji na-eme ihe iwu na-akwadoghị n’ụbọchị izu ike?”\nMa ọ sịrị ha: “Ọ̀ bụ na unu agụtụbeghị ihe Devid mere mgbe ọ na-enweghị ihe oriri, agụụ wee na-agụ ya, ya na ndị ikom so ya?\nỌ̀ bụ na ọ banyeghị n’ụlọ Chineke, dị ka e dere n’ihe ndekọ banyere Abayata bụ́ onyeisi nchụàjà, ma rie achịcha e chere n’ihu Chineke, bụ́ nke iwu na-akwadoghị ka onye ọ bụla rie ma e wezụga ndị nchụàjà, o nyekwara ndị ya na ha so?”\nYa mere, ọ gara n’ihu ịgwa ha, sị: “Ụbọchị izu ike malitere ịdị n’ihi mmadụ, ọ bụghị mmadụ malitere ịdị n’ihi ụbọchị izu ike;\nn’ihi ya, Nwa nke mmadụ bụ Onyenwe ụbọchị izu ike.”"
      },
      {
        "title": "Mak 3",
        "content": "Ọ banyere ọzọ n’ụlọ nzukọ, otu nwoke nke otu aka ya kpọnwụrụ akpọnwụ nọkwa n’ebe ahụ.\nYa mere, ha legidesiri ya anya ike ka ha hụ ma ọ̀ ga-agwọ nwoke ahụ n’ụbọchị izu ike, ka ha wee bo ya ebubo.\nO wee gwa nwoke ahụ aka ya kpọnwụrụ akpọnwụ, sị: “Bilie bịa n’etiti.”\nO wee sị ha: “Iwu ọ̀ kwadoro ime ihe ọma n’ụbọchị izu ike ka ọ̀ bụ ime ihe ọjọọ, ịzọpụta mkpụrụ obi ka ọ̀ bụ igbu mkpụrụ obi?” Ma ha gbachiri nkịtị.\nMgbe o lesịrị ha anya gburugburu n’iwe, o wutere ya nke ukwuu na ha bụ ndị ihe na-adịghị emetụ n’obi, o wee sị nwoke ahụ: “Gbatịa aka gị.” O wee gbatịa ya, e wee mee ka aka ya dị mma.\nNdị Farisii wee pụọ n’èzí, ha na ndị òtù Herọd wee malite ịgbara ya izu ozugbo, ka ha wee gbuo ya.\nMa Jizọs na ndị na-eso ụzọ ya pụrụ gaa n’oké osimiri; oké ìgwè mmadụ ndị si Galili na Judia sokwaara ya.\nMgbe oké ìgwè mmadụ ndị si ọbụna Jeruselem na Idumia nakwa n’ofe Jọdan nakwa gburugburu Taya na Saịdọn nụrụ banyere ọtụtụ ihe ndị ọ nọ na-eme, ha bịakwutere ya.\nO wee gwa ndị na-eso ụzọ ya ka e debere ya otu obere ụgbọ mmiri ọ ga na-anọ mgbe niile ka ìgwè mmadụ ahụ wee ghara ịkpagide ya.\nN’ihi na ọ gwọrọ ọtụtụ ndị, ndị niile nwere ajọ ọrịa dị iche iche nọ na-adakwasị ya ka ha bitụ ya aka.\nỌbụna mgbe ọ bụla ndị mmụọ na-adịghị ọcha hụrụ ya, ha na-ada n’ala n’ihu ya, tie mkpu, sị: “Ị bụ Ọkpara Chineke.”\nMa o nyesiri ha iwu ike ọtụtụ ugboro ka ha ghara ime ka a mata ya.\nO wee rịgoro n’otu ugwu ma kpọọ ndị ọ chọrọ, ha wee gakwuru ya.\nO wee họpụta mmadụ iri na abụọ, bụ́ ndị ọ kpọkwara “ndịozi,” ka ha na ya wee na-anọ, ka o wee zipụkwa ha ikwusa ozi ọma,\nka ha nweekwa ikike ịchụpụ ndị mmụọ ọjọọ.\nMmadụ iri na abụọ ahụ ọ họpụtara bụ Saịmọn, onye ọ kpọkwara Pita,\nna Jems nwa Zebedi na Jọn nwanne Jems (ọ gụkwara ha Boanajis, nke pụtara Ụmụ Égbè Eluigwe),\nna Andru na Filip na Batọlọmiu na Matiu na Tọmọs na Jems nwa Alfiọs na Tadiọs na Saịmọn, onye na-anụ ọkụ n’obi,\nnakwa Judas Iskarịọt, bụ́ onye mesịrị rara ya nye.\nÌgwè mmadụ gbakọkwara ọzọ, nke mere na ha enweghị ike ọbụna iri nri.\nMa mgbe ndị ikwu ya nụrụ ya, ha pụrụ ka ha gaa jide ya, n’ihi na ha nọ na-ekwu, sị: “Isi emebiela ya.”\nNdị odeakwụkwọ, ndị si Jeruselem bịa, nọkwa na-asị: “O nwere Bielzebọb, o ji ike nke onye na-achị ndị mmụọ ọjọọ na-achụpụ ndị mmụọ ọjọọ.”\nYa mere, mgbe ọ kpọrọ ha ka ha bịakwute ya, ọ malitere iji ihe atụ na-agwa ha okwu, sị: “Olee otú Setan pụrụ isi chụpụ Setan?\nỌ bụrụ na alaeze ekewaa wee na-emegide onwe ya, alaeze ahụ apụghị iguzo;\nọ bụrụkwa na ụlọ ekewaa wee na-emegide onwe ya, ụlọ ahụ agaghị eguzoli.\nỌ bụrụkwa na Setan ebiliwo na-emegide onwe ya ma kewaa ekewa, ọ pụghị iguzo, kama mbibi ya eruwo.\nN’eziokwu, ọ dịghị onye ọ bụla banyere n’ụlọ nwoke dị ike nke ga-enwe ike ibukọrọ ngwongwo ya ndị a pụrụ ibupụ ebupụ ma ọ bụrụ na ọ bụghị ụzọ kee nwoke ahụ dị ike agbụ, mgbe ahụkwa, ọ ga-ebukọrọ ihe ndị dị n’ụlọ ya.\nN’ezie, ana m asị unu na a ga-agbaghara ụmụ mmadụ ihe niile, n’agbanyeghị mmehie niile ha mere na nkwulu niile ha kwuluru.\nOtú ọ dị, onye ọ bụla nke na-ekwulu mmụọ nsọ, a gaghị agbaghara ya ruo mgbe ebighị ebi, kama ọ bụ onye ikpe mmehie mara ruo mgbe ebighị ebi.”\nO kwuru ihe a n’ihi na ha nọ na-asị: “O nwere mmụọ na-adịghị ọcha.”\nNne ya na ụmụnne ya ndị ikom wee bịa, ka ha guzo n’èzí, ha ziri ozi ka a kpọọ ya.\nOtú ọ dị, ìgwè mmadụ nọ ọdụ gburugburu ya, ha wee sị ya: “Lee! Nne gị na ụmụnne gị ndị ikom na-achọ gị. Ha nọ n’èzí.”\nMa ọ zara ha, sị: “Olee ndị bụ nne m na ụmụnne m ndị ikom?”\nMgbe o lere ndị ahụ nọ ya gburugburu anya, ọ sịrị: “Lee, ndị a bụ nne m na ụmụnne m ndị ikom!\nOnye ọ bụla nke na-eme uche Chineke, ọ bụ ya bụ nwanne m nwoke na nwanne m nwaanyị na nne m.”"
      },
      {
        "title": "Mak 4",
        "content": "O wee malite ọzọ izi ihe n’akụkụ oké osimiri. Ìgwè mmadụ dị nnọọ ukwuu wee zukọta n’ebe ọ nọ, nke mere na ọ banyere n’ụgbọ ma gamitụ nke nta n’elu oké osimiri, ma ìgwè mmadụ ahụ niile ndị nọ n’akụkụ oké osimiri nọ n’ikpere mmiri ahụ.\nYa mere, ọ malitere iji ihe atụ dị iche iche na-ezi ha ọtụtụ ihe, ọ gwakwara ha mgbe ọ na-ezi ihe, sị:\n“Geenụ ntị. Lee! Ọgha mkpụrụ gawara ịgha mkpụrụ.\nKa ọ nọkwa na-agha mkpụrụ, mkpụrụ ụfọdụ dara n’akụkụ ụzọ, ụmụ nnụnụ bịakwara richapụ ha.\nMkpụrụ ndị ọzọ dakwara n’ebe nkume dị, bụ́ ebe ha na-enweghị ájá dị ukwuu, ha wee pulite ozugbo n’ihi enweghị ájá miri emi.\nMa mgbe anyanwụ wara, ha chanwụrụ, ha kpọnwụkwara n’ihi na ha enweghị mgbọrọgwụ.\nMkpụrụ ndị ọzọ dakwara n’etiti ogwu, ogwu ndị ahụ tolitekwara ma kpagbuo ha, ha amịghịkwa mkpụrụ ọ bụla.\nMa ndị ọzọ dara n’ala dị mma, mgbe ha tolitere ma buo ibu, ha malitere ịmị mkpụrụ, ha na-amịkwa okpukpu iri atọ, nakwa iri isii nakwa otu narị.”\nO wee sị: “Onye nwere ntị ige ntị, ya gee ntị.”\nMa mgbe ọ nọ naanị ya, ndị nọ ya gburugburu, tinyere mmadụ iri na abụọ ahụ, malitere ịjụ ya ajụjụ banyere ihe atụ ndị ahụ.\nO wee sị ha: “Ọ bụ unu ka e nyere ikike ịghọta ihe nzuzo dị nsọ nke alaeze Chineke, ma n’ebe ndị nọ n’èzí nọ, ihe niile na-eme bụụrụ ha ihe atụ,\nka ha wee lee anya ma ghara ịhụ ụzọ, ọ bụ ezie na ha na-ele anya, ka ha wee nụkwa ma ghara ịghọta ihe ọ pụtara, ọ bụ ezie na ha na-anụ ihe, ka ọ gharakwa inwe mgbe ha ga-agbanwe, e wee gbaghara ha.”\nỌ sịkwara ha: “Unu aghọtaghị ihe atụ a, oleezi otú unu ga-esi ghọta ihe atụ ndị nke ọzọ niile?\n“Ọgha mkpụrụ na-agha okwu ahụ.\nNdị a bụ ndị dị n’akụkụ ụzọ bụ́ ebe a ghara okwu ahụ; ma ozugbo ha nụrụ ya, Setan na-abịa were okwu ahụ a ghara n’ime ha dị ka mkpụrụ.\nN’otu aka ahụ, ndị a bụ ndị a ghara n’ebe nkume dị: ozugbo ha nụrụ okwu ahụ, ha na-eji ọṅụ nabata ya.\nMa ha enweghị mgbọrọgwụ n’ime onwe ha, kama ha na-anọru nwa oge; e mesịa, ozugbo ahụhụ ma ọ bụ mkpagbu malitere n’ihi okwu ahụ, ha na-asụ ngọngọ.\nE nwekwara ndị ọzọ bụ́ ndị a ghara n’etiti ogwu; ndị a bụ ndị nụrụ okwu ahụ,\nma nchegbu nke usoro ihe a na ike dị aghụghọ nke akụnụba na ọchịchọ maka ihe ndị ọzọ na-awabata ma kpagbuo okwu ahụ, o wee ghọọ nke na-amịghị mkpụrụ.\nN’ikpeazụ, ndị a ghara n’ala dị mma bụ ndị na-ege ntị n’okwu ahụ, na-anabatakwa ya nke ọma ma na-amị mkpụrụ okpukpu iri atọ nakwa iri isii nakwa otu narị.”\nO wee gaa n’ihu ịgwa ha, sị: “A dịghị ebute oriọna ka e wee dọba ya n’okpuru nkata ma ọ bụ n’okpuru ihe ndina, ka à na-eme otú ahụ? A na-ebute ya ka a dọba ya n’elu ihe ndọba oriọna, ọ́ bụghị ya?\nN’ihi na ọ dịghị ihe e zoro ezo ma ọ́ bụghị ka e wee kpughee ya; ọ dịghị ihe e zochiri nke ọma ma ọ́ bụghị ka o wee pụta ìhè.\nOnye ọ bụla nwere ntị ige ntị, ya gee ntị.”\nỌ gwakwara ha, sị: “Geenụ ntị n’ihe unu na-anụ. Ihe unu ji atụ̀ ihe ka a ga-eji tụọrọ unu, ee, a ga-atụkwasịkwara unu ihe.\nN’ihi na onye nwere ka a ga-enyekwu; ma onye na-enweghị, a ga-anapụ ya ọbụna ihe o nwere.”\nỌ gakwara n’ihu ịsị: “N’ụzọ dị otú a, alaeze Chineke dị nnọọ ka mgbe mmadụ ghara mkpụrụ n’ala,\no wee hie ụra n’abalị ma bilie mgbe chi bọrọ, mkpụrụ ndị ahụ wee pulite ma too ogologo, otú o si mee, ọ maghị.\nAla ahụ ji nwayọọ nwayọọ mịa mkpụrụ n’onwe ya, akwụkwọ ya bu ụzọ pụta, e mesịa, oko ya pụtara, n’ikpeazụ, mkpụrụ kara aka si n’oko ya ahụ pụta.\nMa ozugbo mkpụrụ ahụ kara, o ji mma e ji ewe ihe ubi were ya, n’ihi na oge owuwe ihe ubi eruwo.”\nO wee gaa n’ihu ịsị: “Olee ihe anyị ga-eji alaeze Chineke tụnyere, ma ọ bụ, olee ihe atụ anyị ga-eji kọwaa ya?\nỌ dị ka mkpụrụ osisi mọstad, nke bụ́ mkpụrụ kasị nta n’ime mkpụrụ niile dị n’ụwa n’oge a kụrụ ya n’ala—\nma mgbe a kụrụ ya, ọ na-etolite ma dị ukwuu karịa mkpụrụ akụ́kụ́ niile ọzọ, ọ na-epupụtakwa alaka ndị buru ibu, nke mere na ụmụ nnụnụ nke eluigwe na-enwe ike ịchọta ebe ha ga-ebi n’okpuru ndò ya.”\nYa mere, ọ na-eji ọtụtụ ihe atụ ndị dị otú ahụ agwa ha okwu Chineke, ruo n’ókè ha nwere ike ige ntị.\nN’ezie, ọ dịghị agwa ha okwu ma ọ bụrụ na o jighị ihe atụ, ma mgbe naanị ha nọ, ọ na-akọwara ndị na-eso ụzọ ya ihe niile.\nN’ụbọchị ahụkwa, mgbe o ruru ná mgbede, ọ sịrị ha: “Ka anyị gafee n’ikpere mmiri nke ọzọ.”\nYa mere, mgbe ha gwasịrị ìgwè mmadụ ahụ ka ha laa, ha ji ụgbọ ahụ ọ nọ kwọrọ ya, e nwekwara ụgbọ ndị ọzọ so ya.\nOké ifufe malitere ife, ebili mmiri nọkwa na-etikwasị ụgbọ ahụ ma na-abanye n’ime ya, nke mere na ọ fọrọ nke nta ka mmiri ju n’ụgbọ ahụ.\nMa ọ nọ n’azụ ụgbọ ahụ, jiri ohiri isi na-ehi ụra. Ha wee kpọtee ya, sị ya: “Onye Ozizi, ọ́ dịghị emetụ gị n’obi na anyị na-aga ịla n’iyi?”\nO wee bilie baara ifufe ahụ mba, sịkwa oké osimiri ahụ: “Shịị! Daa jụụ!” Ifufe ahụ wee kwụsị, ebe niile wee daa jụụ.\nO wee sị ha: “Gịnị mere obi ji na-amapụ unu? Ọ̀ bụ na unu enwebeghị okwukwe ọ bụla?”\nMa oké egwu tụrụ ha, ha na-agwakwa ibe ha, sị: “Ònye n’ezie ka onye a bụ, n’ihi na ọbụna ifufe na oké osimiri na-erubere ya isi?”"
      },
      {
        "title": "Mak 5",
        "content": "Ha wee rute n’ofe nke ọzọ nke oké osimiri ahụ n’ime obodo ndị Gerasa.\nOzugbo ọ pụtara n’ụgbọ mmiri ahụ, otu nwoke nke mmụọ na-adịghị ọcha ji si n’ebe e nwere ili ncheta zute ya.\nO bi n’ebe a na-eli ozu; tupu mgbe ahụ, ọ dịtụbeghị onye nwere ike iji ọbụna agbụ ígwè kesie ya ike,\nn’ihi na a tụwo ya ị́gà, keekwa ya agbụ ígwè ugboro ugboro, ma ọ dọbiri agbụ ígwè ndị ahụ, gbajiekwa ị́gà ndị ahụ; ọ dịghịkwa onye nwere ike ijide ya.\nỌ na-eti mkpu mgbe niile, abalị na ehihie, n’ebe a na-eli ozu nakwa n’ugwu, jirikwa nkume na-ebekasị onwe ya ahụ́.\nMa mgbe ọ nọ n’ebe dị anya hụ Jizọs, ọ gbaara ọsọ gaa kpọọrọ ya isiala,\nmgbe o tiri mkpu n’oké olu, ọ sịrị: “Jizọs, Ọkpara nke Chineke Onye Kasị Elu, gịnị jikọrọ mụ na gị? Jiri Chineke ṅụọrọ m iyi na ị gaghị emekpa m ahụ́.”\nN’ihi na ọ nọ na-asị ya: “Gị mmụọ na-adịghị ọcha, si n’ime nwoke a pụta.”\nMa ọ malitere ịjụ ya, sị: “Gịnị bụ aha gị?” O wee sị ya: “Aha m bụ Ụsụụ, n’ihi na anyị dị ọtụtụ.”\nO wee rịọsie ya arịrịọ ike ọtụtụ ugboro ka ọ ghara izipụ ndị mmụọ ahụ n’obodo ahụ.\nMa oké ìgwè ézì nọ n’ugwu dị n’ebe ahụ na-ata nri.\nYa mere, ha rịọsiri ya arịrịọ ike, sị: “Ziga anyị n’ime ìgwè ézì ndị a, ka anyị banye n’ime ha.”\nO wee sị ha gawa. Ya mere, ndị mmụọ ahụ na-adịghị ọcha pụtara wee banye n’ime ézì ndị ahụ; ìgwè ézì ahụ nuuru gaa n’ebe kpọdara akpọda wee daba n’oké osimiri. Ha dị ihe dị ka puku abụọ, oké osimiri wee rie ha n’otu n’otu.\nMa ndị na-azụ ha gbara ọsọ. Ha kọkwara ihe merenụ n’ime obodo nakwa n’ime ime obodo; ndị mmadụ wee bịa ka ha hụ ihe ahụ merenụ.\nHa wee bịakwute Jizọs, ha hụkwara onye ahụ mmụọ ọjọọ ji, bụ́ nwoke a nke nweburu ụsụụ ndị mmụọ ahụ, ka o yi uwe ma nọrọ ọdụ, uche zukwara ya okè, egwu wee tụọ ha.\nNdị hụrụ ya kọkwaara ha otú ihe a si mee nwoke ahụ mmụọ ọjọọ ji, kọọkwa banyere ézì ndị ahụ.\nHa wee malite ịrịọsi ya arịrịọ ike ka ọ pụọ n’ógbè ha.\nKa ọ na-abanye n’ụgbọ mmiri, nwoke ahụ mmụọ ọjọọ jibu malitere ịrịọsi ya arịrịọ ike ka ya na ya nọrọ.\nOtú ọ dị, o kweghị ya, kama ọ sịrị ya: “Lakwuru ndị ikwu gị, kọọkwara ha ihe niile Jehova meere gị nakwa ebere o meere gị.”\nO wee pụọ malite ịkọsa n’ime Dikapọlis ihe niile Jizọs meere ya, o wee malite iju mmadụ niile anya.\nMgbe Jizọs ji ụgbọ gafere ọzọ n’ikpere mmiri dị n’ofe nke ọzọ, oké ìgwè mmadụ zukọtara n’ebe ọ nọ; ọ nọkwa n’akụkụ oké osimiri ahụ.\nOtu n’ime ndị isi oche nke ụlọ nzukọ, onye aha ya bụ Jeirọs, bịara, mgbe ọ hụrụ ya, ọ dakwara n’ala n’ụkwụ ya\nma rịọsie ya arịrịọ ike ọtụtụ ugboro, sị: “Obere nwa m nwaanyị nọ n’ọnọdụ dị oké njọ. Biko, bịa bikwasị ya aka ka o wee gbakee ma dị ndụ.”\nO wee soro ya gawa. Oké ìgwè mmadụ sokwa ya ma na-adagide ya.\nE nwere otu nwaanyị nke na-arịa ọrịa oruru ọbara kemgbe afọ iri na abụọ,\nọ tawo ahụhụ nke ukwu n’aka ọtụtụ ndị ọgwọ ọrịa, o mefuwokwa ihe niile o nwere, ma o nwebeghị nke baara ya uru, kama nke ahụ, ọ kara njọ.\nMgbe ọ nụrụ ihe banyere Jizọs, o si n’ìgwè mmadụ ahụ bịa n’azụ ya wee bitụ uwe elu ya aka;\nn’ihi na ọ nọ na-ekwu, sị: “Ọ bụrụ na m bitụ naanị uwe elu ya aka, m ga-agbake.”\nOruru ọbara ya kwụsịrị ozugbo, o wee mata na a gwọwo ya ọrịa ọjọọ ahụ.\nOzugbo ahụ, Jizọs matara n’ime onwe ya na ike apụwo ya n’ahụ́, o wee tụgharịa n’etiti ìgwè mmadụ ahụ, malite ịjụ, sị: “Ònye bitụrụ uwe elu m aka?”\nMa ndị na-eso ụzọ ya malitere ịsị ya: “Ị na-ahụ ka ìgwè mmadụ na-adagide gị, gị ana-ajụ, ‘Ònye bitụrụ m aka?’”\nOtú ọ dị, ọ nọ na-ele anya gburugburu ka ọ hụ nwaanyị mere ihe a.\nMa ebe nwaanyị ahụ maara ihe mere ya, ọ tụrụ ụjọ, marakwa jijiji bịa daa n’ala n’ihu ya wee gwa ya eziokwu niile.\nỌ sịrị ya: “Nwa m nwaanyị, okwukwe gị emewo ka ahụ́ dị gị mma. Laa n’udo, gbakee n’ọrịa ọjọọ nke na-arịa gị.”\nMgbe ọ ka nọ na-ekwu okwu, ndị ikom ụfọdụ ndị si n’ụlọ onyeisi oche ụlọ nzukọ bịara, sị: “Nwa gị nwaanyị anwụọla! Gịnị mere ị ka ji na-enye onye ozizi nsogbu?”\nMa mgbe Jizọs nụpeere ihe ha na-ekwu, ọ sịrị onyeisi oche nke ụlọ nzukọ: “Atụla egwu, naanị nwee okwukwe.”\nO kweghịkwa ka onye ọ bụla soro ya ma e wezụga Pita na Jems na Jọn nwanne Jems.\nHa wee bịa n’ụlọ onyeisi oche ụlọ nzukọ, o wee hụ ọgba aghara dị n’ebe ahụ, hụkwa ndị na-akwa ákwá ma na-eti mkpu arịrị dị ukwuu.\nOzugbo ọ batara, ọ sịrị ha: “N’ihi gịnị ka unu ji na-akpata ọgba aghara ma na-akwa ákwá? Nwatakịrị ahụ anwụbeghị, kama ọ na-ehi ụra.”\nHa wee malite ịchị ya ọchị, na-akwa ya emo. Ma, mgbe ọ chụpụrụ ha niile, ọ kpọọrọ nna na nne nwatakịrị ahụ na ndị ha na ya so, ha wee banye n’ebe nwatakịrị ahụ tọgbọ.\nO seere nwatakịrị ahụ n’aka, sị ya: nke pụtara, ma a sụgharịa ya: “Nwata nwaanyị, ana m asị gị, Bilie!”\nNwata nwaanyị ahụ biliri ozugbo wee malite ije ije, n’ihi na ọ dị afọ iri na abụọ. Ozugbo ahụ, ha nwere oké obi ụtọ.\nMa o nyere ha iwu ugboro ugboro ka ha ghara ikwe ka onye ọ bụla nụ ihe a, o kwukwara ka e nye nwata nwaanyị ahụ ihe ka o rie."
      }
    ]
  }
]