<benchmark>
  <entries>
    <entry category="WrittenWork" eid="Id1" shape="(X (X))" shape_type="NA" size="1">
      <originaltripleset>
        <otriple>1634:_The_Ram_Rebellion | isbn | "1-4165-2060-0"</otriple>
      </originaltripleset>
      <modifiedtripleset>
        <mtriple>1634:_The_Ram_Rebellion | ISBN_number | "1-4165-2060-0"</mtriple>
      </modifiedtripleset>
      <lex comment="good" lid="Id1">The ISBN number of 1634: The Ram Rebellion is 1-4165-2060-0.</lex>
      <lex comment="good" lid="Id2">1634: The Ram Rebellion has the ISBN number 1-4165-2060-0.</lex>
      <lex comment="good" lid="Id3">1634: The Ram Rebellion has an ISBN number 1-4165-2060-0.</lex>
    </entry>
    </entries>
</benchmark>