{"kb": [{"return_airport": "ATL", "airline": "AA", "departure_day": "11", "departure_airport": "IAD", "flight_number": 1000, "departure_month": "Sept", "departure_time_num": 10, "class": "business", "return_time_num": 21, "return_month": "Sept", "return_day": "13", "num_connections": 1, "price": 800}, {"return_airport": "ATL", "airline": "UA", "departure_day": "11", "departure_airport": "IAD", "flight_number": 1001, "departure_month": "Sept", "departure_time_num": 21, "class": "economy", "return_time_num": 0, "return_month": "Sept", "return_day": "14", "num_connections": 0, "price": 200}, {"return_airport": "ATL", "airline": "Delta", "departure_day": "12", "departure_airport": "MSP", "flight_number": 1002, "departure_month": "Sept", "departure_time_num": 21, "class": "economy", "return_time_num": 6, "return_month": "Sept", "return_day": "14", "num_connections": 1, "price": 100}, {"return_airport": "IAD", "airline": "UA", "departure_day": "10", "departure_airport": "MSP", "flight_number": 1003, "departure_month": "Sept", "departure_time_num": 21, "class": "economy", "return_time_num": 2, "return_month": "Sept", "return_day": "14", "num_connections": 1, "price": 100}, {"return_airport": "MSP", "airline": "Southwest", "departure_day": "11", "departure_airport": "IAD", "flight_number": 1004, "departure_month": "Sept", "departure_time_num": 13, "class": "economy", "return_time_num": 20, "return_month": "Sept", "return_day": "14", "num_connections": 1, "price": 200}, {"return_airport": "MSP", "airline": "Frontier", "departure_day": "11", "departure_airport": "IAD", "flight_number": 1005, "departure_month": "Sept", "departure_time_num": 1, "class": "economy", "return_time_num": 15, "return_month": "Sept", "return_day": "13", "num_connections": 0, "price": 100}, {"return_airport": "ATL", "airline": "Delta", "departure_day": "11", "departure_airport": "IAD", "flight_number": 1006, "departure_month": "Sept", "departure_time_num": 8, "class": "economy", "return_time_num": 21, "return_month": "Sept", "return_day": "12", "num_connections": 1, "price": 200}, {"return_airport": "ATL", "airline": "AA", "departure_day": "12", "departure_airport": "IAD", "flight_number": 1007, "departure_month": "Sept", "departure_time_num": 6, "class": "economy", "return_time_num": 5, "return_month": "Sept", "return_day": "13", "num_connections": 1, "price": 200}, {"return_airport": "ATL", "airline": "Southwest", "departure_day": "10", "departure_airport": "IAD", "flight_number": 1008, "departure_month": "Sept", "departure_time_num": 23, "class": "economy", "return_time_num": 12, "return_month": "Sept", "return_day": "14", "num_connections": 1, "price": 100}, {"return_airport": "MSP", "airline": "UA", "departure_day": "11", "departure_airport": "IAD", "flight_number": 1009, "departure_month": "Sept", "departure_time_num": 21, "class": "economy", "return_time_num": 14, "return_month": "Sept", "return_day": "13", "num_connections": 1, "price": 200}, {"return_airport": "MSP", "airline": "Southwest", "departure_day": "11", "departure_airport": "ATL", "flight_number": 1010, "departure_month": "Sept", "departure_time_num": 14, "class": "business", "return_time_num": 12, "return_month": "Sept", "return_day": "13", "num_connections": 1, "price": 500}, {"return_airport": "MSP", "airline": "Spirit", "departure_day": "11", "departure_airport": "ATL", "flight_number": 1011, "departure_month": "Sept", "departure_time_num": 6, "class": "economy", "return_time_num": 20, "return_month": "Sept", "return_day": "13", "num_connections": 1, "price": 200}, {"return_airport": "MSP", "airline": "UA", "departure_day": "13", "departure_airport": "IAD", "flight_number": 1012, "departure_month": "Sept", "departure_time_num": 0, "class": "economy", "return_time_num": 21, "return_month": "Sept", "return_day": "12", "num_connections": 0, "price": 200}, {"return_airport": "IAD", "airline": "JetBlue", "departure_day": "11", "departure_airport": "ATL", "flight_number": 1013, "departure_month": "Sept", "departure_time_num": 7, "class": "economy", "return_time_num": 5, "return_month": "Sept", "return_day": "13", "num_connections": 1, "price": 200}, {"return_airport": "IAD", "airline": "AA", "departure_day": "11", "departure_airport": "ATL", "flight_number": 1014, "departure_month": "Sept", "departure_time_num": 7, "class": "economy", "return_time_num": 0, "return_month": "Sept", "return_day": "14", "num_connections": 1, "price": 200}, {"return_airport": "IAD", "airline": "UA", "departure_day": "11", "departure_airport": "MSP", "flight_number": 1015, "departure_month": "Sept", "departure_time_num": 6, "class": "economy", "return_time_num": 20, "return_month": "Sept", "return_day": "13", "num_connections": 1, "price": 200}, {"return_airport": "ATL", "airline": "Hawaiian", "departure_day": "10", "departure_airport": "IAD", "flight_number": 1016, "departure_month": "Sept", "departure_time_num": 23, "class": "economy", "return_time_num": 18, "return_month": "Sept", "return_day": "13", "num_connections": 1, "price": 200}, {"return_airport": "ATL", "airline": "Spirit", "departure_day": "12", "departure_airport": "MSP", "flight_number": 1017, "departure_month": "Sept", "departure_time_num": 3, "class": "economy", "return_time_num": 17, "return_month": "Sept", "return_day": "13", "num_connections": 1, "price": 200}, {"return_airport": "ATL", "airline": "JetBlue", "departure_day": "11", "departure_airport": "IAD", "flight_number": 1018, "departure_month": "Sept", "departure_time_num": 10, "class": "economy", "return_time_num": 8, "return_month": "Sept", "return_day": "13", "num_connections": 1, "price": 200}, {"return_airport": "MSP", "airline": "Southwest", "departure_day": "11", "departure_airport": "IAD", "flight_number": 1019, "departure_month": "Sept", "departure_time_num": 17, "class": "economy", "return_time_num": 14, "return_month": "Sept", "return_day": "13", "num_connections": 1, "price": 100}, {"return_airport": "ATL", "airline": "Delta", "departure_day": "12", "departure_airport": "IAD", "flight_number": 1020, "departure_month": "Sept", "departure_time_num": 4, "class": "economy", "return_time_num": 20, "return_month": "Sept", "return_day": "13", "num_connections": 1, "price": 100}, {"return_airport": "ATL", "airline": "Southwest", "departure_day": "12", "departure_airport": "MSP", "flight_number": 1021, "departure_month": "Sept", "departure_time_num": 5, "class": "economy", "return_time_num": 15, "return_month": "Sept", "return_day": "13", "num_connections": 1, "price": 200}, {"return_airport": "MSP", "airline": "UA", "departure_day": "12", "departure_airport": "ATL", "flight_number": 1022, "departure_month": "Sept", "departure_time_num": 12, "class": "economy", "return_time_num": 5, "return_month": "Sept", "return_day": "12", "num_connections": 1, "price": 100}, {"return_airport": "MSP", "airline": "Southwest", "departure_day": "11", "departure_airport": "ATL", "flight_number": 1023, "departure_month": "Sept", "departure_time_num": 14, "class": "economy", "return_time_num": 16, "return_month": "Sept", "return_day": "13", "num_connections": 1, "price": 100}, {"return_airport": "ATL", "airline": "Spirit", "departure_day": "12", "departure_airport": "IAD", "flight_number": 1024, "departure_month": "Sept", "departure_time_num": 4, "class": "economy", "return_time_num": 7, "return_month": "Sept", "return_day": "13", "num_connections": 1, "price": 100}, {"return_airport": "ATL", "airline": "Frontier", "departure_day": "12", "departure_airport": "MSP", "flight_number": 1025, "departure_month": "Sept", "departure_time_num": 11, "class": "economy", "return_time_num": 16, "return_month": "Sept", "return_day": "13", "num_connections": 1, "price": 200}, {"return_airport": "MSP", "airline": "Hawaiian", "departure_day": "12", "departure_airport": "IAD", "flight_number": 1026, "departure_month": "Sept", "departure_time_num": 8, "class": "economy", "return_time_num": 1, "return_month": "Sept", "return_day": "14", "num_connections": 1, "price": 100}, {"return_airport": "IAD", "airline": "UA", "departure_day": "11", "departure_airport": "MSP", "flight_number": 1027, "departure_month": "Sept", "departure_time_num": 2, "class": "economy", "return_time_num": 5, "return_month": "Sept", "return_day": "13", "num_connections": 1, "price": 200}, {"return_airport": "ATL", "airline": "UA", "departure_day": "11", "departure_airport": "IAD", "flight_number": 1028, "departure_month": "Sept", "departure_time_num": 17, "class": "economy", "return_time_num": 23, "return_month": "Sept", "return_day": "14", "num_connections": 1, "price": 100}, {"return_airport": "MSP", "airline": "Frontier", "departure_day": "11", "departure_airport": "ATL", "flight_number": 1029, "departure_month": "Sept", "departure_time_num": 2, "class": "economy", "return_time_num": 20, "return_month": "Sept", "return_day": "13", "num_connections": 1, "price": 200}], "reservation": 0}
{"kb": [{"return_airport": "HOU", "airline": "Southwest", "departure_day": "3", "departure_airport": "HOU", "flight_number": 1000, "departure_month": "Apr", "departure_time_num": 9, "class": "economy", "return_time_num": 7, "return_month": "Apr", "return_day": "6", "num_connections": 1, "price": 100}, {"return_airport": "HOU", "airline": "Delta", "departure_day": "3", "departure_airport": "HOU", "flight_number": 1001, "departure_month": "Apr", "departure_time_num": 21, "class": "economy", "return_time_num": 11, "return_month": "Apr", "return_day": "5", "num_connections": 0, "price": 200}, {"return_airport": "LAS", "airline": "Spirit", "departure_day": "4", "departure_airport": "HOU", "flight_number": 1002, "departure_month": "Apr", "departure_time_num": 5, "class": "economy", "return_time_num": 16, "return_month": "Apr", "return_day": "6", "num_connections": 1, "price": 200}, {"return_airport": "LAS", "airline": "JetBlue", "departure_day": "3", "departure_airport": "HOU", "flight_number": 1003, "departure_month": "Apr", "departure_time_num": 8, "class": "economy", "return_time_num": 4, "return_month": "Apr", "return_day": "6", "num_connections": 1, "price": 100}, {"return_airport": "HOU", "airline": "Spirit", "departure_day": "3", "departure_airport": "HOU", "flight_number": 1004, "departure_month": "Apr", "departure_time_num": 14, "class": "economy", "return_time_num": 2, "return_month": "Apr", "return_day": "6", "num_connections": 1, "price": 200}, {"return_airport": "HOU", "airline": "Delta", "departure_day": "3", "departure_airport": "HOU", "flight_number": 1005, "departure_month": "Apr", "departure_time_num": 20, "class": "economy", "return_time_num": 7, "return_month": "Apr", "return_day": "6", "num_connections": 1, "price": 100}, {"return_airport": "LAS", "airline": "Frontier", "departure_day": "3", "departure_airport": "HOU", "flight_number": 1006, "departure_month": "Apr", "departure_time_num": 16, "class": "economy", "return_time_num": 23, "return_month": "Apr", "return_day": "5", "num_connections": 1, "price": 100}, {"return_airport": "LAS", "airline": "Southwest", "departure_day": "4", "departure_airport": "HOU", "flight_number": 1007, "departure_month": "Apr", "departure_time_num": 4, "class": "business", "return_time_num": 2, "return_month": "Apr", "return_day": "6", "num_connections": 1, "price": 600}, {"return_airport": "HOU", "airline": "JetBlue", "departure_day": "4", "departure_airport": "HOU", "flight_number": 1008, "departure_month": "Apr", "departure_time_num": 6, "class": "economy", "return_time_num": 23, "return_month": "Apr", "return_day": "4", "num_connections": 1, "price": 100}, {"return_airport": "LAS", "airline": "Hawaiian", "departure_day": "3", "departure_airport": "HOU", "flight_number": 1009, "departure_month": "Apr", "departure_time_num": 23, "class": "economy", "return_time_num": 20, "return_month": "Apr", "return_day": "5", "num_connections": 1, "price": 400}, {"return_airport": "HOU", "airline": "AA", "departure_day": "3", "departure_airport": "LAS", "flight_number": 1010, "departure_month": "Apr", "departure_time_num": 12, "class": "economy", "return_time_num": 4, "return_month": "Apr", "return_day": "6", "num_connections": 1, "price": 200}, {"return_airport": "HOU", "airline": "Spirit", "departure_day": "3", "departure_airport": "HOU", "flight_number": 1011, "departure_month": "Apr", "departure_time_num": 23, "class": "business", "return_time_num": 11, "return_month": "Apr", "return_day": "5", "num_connections": 1, "price": 600}, {"return_airport": "HOU", "airline": "AA", "departure_day": "3", "departure_airport": "HOU", "flight_number": 1012, "departure_month": "Apr", "departure_time_num": 12, "class": "economy", "return_time_num": 22, "return_month": "Apr", "return_day": "5", "num_connections": 1, "price": 200}, {"return_airport": "LAS", "airline": "Southwest", "departure_day": "4", "departure_airport": "HOU", "flight_number": 1013, "departure_month": "Apr", "departure_time_num": 1, "class": "economy", "return_time_num": 21, "return_month": "Apr", "return_day": "5", "num_connections": 1, "price": 100}, {"return_airport": "HOU", "airline": "Southwest", "departure_day": "4", "departure_airport": "HOU", "flight_number": 1014, "departure_month": "Apr", "departure_time_num": 16, "class": "economy", "return_time_num": 6, "return_month": "Apr", "return_day": "5", "num_connections": 1, "price": 200}, {"return_airport": "LAS", "airline": "Southwest", "departure_day": "4", "departure_airport": "HOU", "flight_number": 1015, "departure_month": "Apr", "departure_time_num": 2, "class": "economy", "return_time_num": 2, "return_month": "Apr", "return_day": "6", "num_connections": 1, "price": 200}, {"return_airport": "LAS", "airline": "Spirit", "departure_day": "4", "departure_airport": "HOU", "flight_number": 1016, "departure_month": "Apr", "departure_time_num": 1, "class": "economy", "return_time_num": 5, "return_month": "Apr", "return_day": "6", "num_connections": 1, "price": 200}, {"return_airport": "LAS", "airline": "AA", "departure_day": "3", "departure_airport": "HOU", "flight_number": 1017, "departure_month": "Apr", "departure_time_num": 20, "class": "economy", "return_time_num": 13, "return_month": "Apr", "return_day": "5", "num_connections": 1, "price": 100}, {"return_airport": "LAS", "airline": "AA", "departure_day": "4", "departure_airport": "HOU", "flight_number": 1018, "departure_month": "Apr", "departure_time_num": 4, "class": "economy", "return_time_num": 3, "return_month": "Apr", "return_day": "5", "num_connections": 1, "price": 100}, {"return_airport": "HOU", "airline": "Spirit", "departure_day": "3", "departure_airport": "LAS", "flight_number": 1019, "departure_month": "Apr", "departure_time_num": 9, "class": "economy", "return_time_num": 2, "return_month": "Apr", "return_day": "6", "num_connections": 1, "price": 200}, {"return_airport": "HOU", "airline": "Southwest", "departure_day": "3", "departure_airport": "LAS", "flight_number": 1020, "departure_month": "Apr", "departure_time_num": 17, "class": "economy", "return_time_num": 5, "return_month": "Apr", "return_day": "6", "num_connections": 1, "price": 300}, {"return_airport": "HOU", "airline": "Hawaiian", "departure_day": "4", "departure_airport": "HOU", "flight_number": 1021, "departure_month": "Apr", "departure_time_num": 3, "class": "economy", "return_time_num": 7, "return_month": "Apr", "return_day": "6", "num_connections": 1, "price": 300}, {"return_airport": "HOU", "airline": "Delta", "departure_day": "4", "departure_airport": "LAS", "flight_number": 1022, "departure_month": "Apr", "departure_time_num": 3, "class": "economy", "return_time_num": 0, "return_month": "Apr", "return_day": "6", "num_connections": 1, "price": 100}, {"return_airport": "HOU", "airline": "JetBlue", "departure_day": "4", "departure_airport": "LAS", "flight_number": 1023, "departure_month": "Apr", "departure_time_num": 2, "class": "economy", "return_time_num": 18, "return_month": "Apr", "return_day": "4", "num_connections": 1, "price": 100}, {"return_airport": "HOU", "airline": "Southwest", "departure_day": "3", "departure_airport": "LAS", "flight_number": 1024, "departure_month": "Apr", "departure_time_num": 11, "class": "economy", "return_time_num": 2, "return_month": "Apr", "return_day": "5", "num_connections": 1, "price": 100}, {"return_airport": "HOU", "airline": "Delta", "departure_day": "3", "departure_airport": "HOU", "flight_number": 1025, "departure_month": "Apr", "departure_time_num": 17, "class": "economy", "return_time_num": 6, "return_month": "Apr", "return_day": "6", "num_connections": 1, "price": 200}, {"return_airport": "LAS", "airline": "Delta", "departure_day": "3", "departure_airport": "HOU", "flight_number": 1026, "departure_month": "Apr", "departure_time_num": 5, "class": "economy", "return_time_num": 10, "return_month": "Apr", "return_day": "6", "num_connections": 1, "price": 100}, {"return_airport": "HOU", "airline": "Frontier", "departure_day": "5", "departure_airport": "HOU", "flight_number": 1027, "departure_month": "Apr", "departure_time_num": 5, "class": "economy", "return_time_num": 20, "return_month": "Apr", "return_day": "5", "num_connections": 1, "price": 200}, {"return_airport": "HOU", "airline": "AA", "departure_day": "3", "departure_airport": "LAS", "flight_number": 1028, "departure_month": "Apr", "departure_time_num": 16, "class": "economy", "return_time_num": 12, "return_month": "Apr", "return_day": "5", "num_connections": 1, "price": 200}, {"return_airport": "HOU", "airline": "Spirit", "departure_day": "4", "departure_airport": "LAS", "flight_number": 1029, "departure_month": "Apr", "departure_time_num": 2, "class": "economy", "return_time_num": 1, "return_month": "Apr", "return_day": "5", "num_connections": 1, "price": 300}], "reservation": 0}
{"kb": [{"return_airport": "ORD", "airline": "Frontier", "departure_day": "3", "departure_airport": "ATL", "flight_number": 1000, "departure_month": "Apr", "departure_time_num": 8, "class": "economy", "return_time_num": 5, "return_month": "Apr", "return_day": "5", "num_connections": 1, "price": 100}, {"return_airport": "ORD", "airline": "Hawaiian", "departure_day": "3", "departure_airport": "DEN", "flight_number": 1001, "departure_month": "Apr", "departure_time_num": 1, "class": "economy", "return_time_num": 14, "return_month": "Apr", "return_day": "4", "num_connections": 1, "price": 100}, {"return_airport": "DEN", "airline": "JetBlue", "departure_day": "3", "departure_airport": "ATL", "flight_number": 1002, "departure_month": "Apr", "departure_time_num": 18, "class": "economy", "return_time_num": 9, "return_month": "Apr", "return_day": "5", "num_connections": 1, "price": 100}, {"return_airport": "ATL", "airline": "Frontier", "departure_day": "2", "departure_airport": "ORD", "flight_number": 1003, "departure_month": "Apr", "departure_time_num": 18, "class": "economy", "return_time_num": 18, "return_month": "Apr", "return_day": "5", "num_connections": 1, "price": 100}, {"return_airport": "ATL", "airline": "Hawaiian", "departure_day": "3", "departure_airport": "ORD", "flight_number": 1004, "departure_month": "Apr", "departure_time_num": 19, "class": "business", "return_time_num": 19, "return_month": "Apr", "return_day": "5", "num_connections": 1, "price": 1100}, {"return_airport": "ORD", "airline": "JetBlue", "departure_day": "3", "departure_airport": "DEN", "flight_number": 1005, "departure_month": "Apr", "departure_time_num": 10, "class": "economy", "return_time_num": 18, "return_month": "Apr", "return_day": "5", "num_connections": 0, "price": 100}, {"return_airport": "ORD", "airline": "Hawaiian", "departure_day": "3", "departure_airport": "ATL", "flight_number": 1006, "departure_month": "Apr", "departure_time_num": 22, "class": "business", "return_time_num": 11, "return_month": "Apr", "return_day": "5", "num_connections": 1, "price": 500}, {"return_airport": "DEN", "airline": "Delta", "departure_day": "3", "departure_airport": "ATL", "flight_number": 1007, "departure_month": "Apr", "departure_time_num": 15, "class": "economy", "return_time_num": 20, "return_month": "Apr", "return_day": "5", "num_connections": 1, "price": 300}, {"return_airport": "ATL", "airline": "Frontier", "departure_day": "2", "departure_airport": "DEN", "flight_number": 1008, "departure_month": "Apr", "departure_time_num": 8, "class": "economy", "return_time_num": 17, "return_month": "Apr", "return_day": "5", "num_connections": 1, "price": 300}, {"return_airport": "DEN", "airline": "JetBlue", "departure_day": "3", "departure_airport": "ATL", "flight_number": 1009, "departure_month": "Apr", "departure_time_num": 11, "class": "economy", "return_time_num": 4, "return_month": "Apr", "return_day": "6", "num_connections": 1, "price": 200}, {"return_airport": "DEN", "airline": "Frontier", "departure_day": "3", "departure_airport": "ORD", "flight_number": 1010, "departure_month": "Apr", "departure_time_num": 13, "class": "economy", "return_time_num": 0, "return_month": "Apr", "return_day": "6", "num_connections": 1, "price": 200}, {"return_airport": "DEN", "airline": "UA", "departure_day": "3", "departure_airport": "ORD", "flight_number": 1011, "departure_month": "Apr", "departure_time_num": 21, "class": "economy", "return_time_num": 6, "return_month": "Apr", "return_day": "5", "num_connections": 1, "price": 200}, {"return_airport": "ORD", "airline": "UA", "departure_day": "2", "departure_airport": "DEN", "flight_number": 1012, "departure_month": "Apr", "departure_time_num": 21, "class": "economy", "return_time_num": 9, "return_month": "Apr", "return_day": "5", "num_connections": 1, "price": 100}, {"return_airport": "DEN", "airline": "Spirit", "departure_day": "3", "departure_airport": "ATL", "flight_number": 1013, "departure_month": "Apr", "departure_time_num": 7, "class": "economy", "return_time_num": 19, "return_month": "Apr", "return_day": "5", "num_connections": 1, "price": 100}, {"return_airport": "ATL", "airline": "Frontier", "departure_day": "3", "departure_airport": "ORD", "flight_number": 1014, "departure_month": "Apr", "departure_time_num": 6, "class": "economy", "return_time_num": 10, "return_month": "Apr", "return_day": "5", "num_connections": 1, "price": 200}, {"return_airport": "ATL", "airline": "Frontier", "departure_day": "3", "departure_airport": "DEN", "flight_number": 1015, "departure_month": "Apr", "departure_time_num": 3, "class": "economy", "return_time_num": 8, "return_month": "Apr", "return_day": "5", "num_connections": 1, "price": 200}, {"return_airport": "ORD", "airline": "Delta", "departure_day": "3", "departure_airport": "DEN", "flight_number": 1016, "departure_month": "Apr", "departure_time_num": 6, "class": "economy", "return_time_num": 6, "return_month": "Apr", "return_day": "5", "num_connections": 1, "price": 200}, {"return_airport": "ATL", "airline": "AA", "departure_day": "4", "departure_airport": "ORD", "flight_number": 1017, "departure_month": "Apr", "departure_time_num": 0, "class": "economy", "return_time_num": 12, "return_month": "Apr", "return_day": "5", "num_connections": 1, "price": 100}, {"return_airport": "ORD", "airline": "Hawaiian", "departure_day": "3", "departure_airport": "DEN", "flight_number": 1018, "departure_month": "Apr", "departure_time_num": 22, "class": "economy", "return_time_num": 15, "return_month": "Apr", "return_day": "5", "num_connections": 1, "price": 100}, {"return_airport": "ATL", "airline": "Delta", "departure_day": "4", "departure_airport": "ORD", "flight_number": 1019, "departure_month": "Apr", "departure_time_num": 3, "class": "economy", "return_time_num": 20, "return_month": "Apr", "return_day": "5", "num_connections": 1, "price": 200}, {"return_airport": "ATL", "airline": "Spirit", "departure_day": "3", "departure_airport": "ORD", "flight_number": 1020, "departure_month": "Apr", "departure_time_num": 10, "class": "economy", "return_time_num": 6, "return_month": "Apr", "return_day": "5", "num_connections": 1, "price": 200}, {"return_airport": "ATL", "airline": "Frontier", "departure_day": "3", "departure_airport": "ORD", "flight_number": 1021, "departure_month": "Apr", "departure_time_num": 1, "class": "economy", "return_time_num": 22, "return_month": "Apr", "return_day": "5", "num_connections": 1, "price": 200}, {"return_airport": "ORD", "airline": "Frontier", "departure_day": "4", "departure_airport": "DEN", "flight_number": 1022, "departure_month": "Apr", "departure_time_num": 0, "class": "economy", "return_time_num": 13, "return_month": "Apr", "return_day": "4", "num_connections": 2, "price": 200}, {"return_airport": "DEN", "airline": "Spirit", "departure_day": "2", "departure_airport": "ATL", "flight_number": 1023, "departure_month": "Apr", "departure_time_num": 15, "class": "economy", "return_time_num": 21, "return_month": "Apr", "return_day": "5", "num_connections": 1, "price": 300}, {"return_airport": "ORD", "airline": "UA", "departure_day": "3", "departure_airport": "DEN", "flight_number": 1024, "departure_month": "Apr", "departure_time_num": 7, "class": "economy", "return_time_num": 12, "return_month": "Apr", "return_day": "6", "num_connections": 1, "price": 200}, {"return_airport": "ORD", "airline": "Hawaiian", "departure_day": "3", "departure_airport": "DEN", "flight_number": 1025, "departure_month": "Apr", "departure_time_num": 10, "class": "economy", "return_time_num": 7, "return_month": "Apr", "return_day": "5", "num_connections": 1, "price": 200}, {"return_airport": "ORD", "airline": "Delta", "departure_day": "2", "departure_airport": "DEN", "flight_number": 1026, "departure_month": "Apr", "departure_time_num": 18, "class": "economy", "return_time_num": 10, "return_month": "Apr", "return_day": "6", "num_connections": 1, "price": 300}, {"return_airport": "ORD", "airline": "JetBlue", "departure_day": "3", "departure_airport": "DEN", "flight_number": 1027, "departure_month": "Apr", "departure_time_num": 7, "class": "economy", "return_time_num": 13, "return_month": "Apr", "return_day": "5", "num_connections": 1, "price": 300}, {"return_airport": "ATL", "airline": "Southwest", "departure_day": "4", "departure_airport": "DEN", "flight_number": 1028, "departure_month": "Apr", "departure_time_num": 2, "class": "economy", "return_time_num": 6, "return_month": "Apr", "return_day": "5", "num_connections": 1, "price": 200}, {"return_airport": "ORD", "airline": "Hawaiian", "departure_day": "3", "departure_airport": "DEN", "flight_number": 1029, "departure_month": "Apr", "departure_time_num": 7, "class": "economy", "return_time_num": 23, "return_month": "Apr", "return_day": "4", "num_connections": 0, "price": 200}], "reservation": 0}
{"kb": [{"return_airport": "JFK", "airline": "AA", "departure_day": "1", "departure_airport": "OAK", "flight_number": 1000, "departure_month": "Feb", "departure_time_num": 20, "class": "economy", "return_time_num": 20, "return_month": "Feb", "return_day": "3", "num_connections": 1, "price": 100}, {"return_airport": "JFK", "airline": "Hawaiian", "departure_day": "1", "departure_airport": "PHL", "flight_number": 1001, "departure_month": "Feb", "departure_time_num": 15, "class": "economy", "return_time_num": 10, "return_month": "Feb", "return_day": "4", "num_connections": 1, "price": 200}, {"return_airport": "JFK", "airline": "Spirit", "departure_day": "2", "departure_airport": "PHL", "flight_number": 1002, "departure_month": "Feb", "departure_time_num": 1, "class": "economy", "return_time_num": 5, "return_month": "Feb", "return_day": "3", "num_connections": 1, "price": 100}, {"return_airport": "PHL", "airline": "Frontier", "departure_day": "1", "departure_airport": "OAK", "flight_number": 1003, "departure_month": "Feb", "departure_time_num": 22, "class": "economy", "return_time_num": 15, "return_month": "Feb", "return_day": "3", "num_connections": 1, "price": 100}, {"return_airport": "OAK", "airline": "AA", "departure_day": "2", "departure_airport": "JFK", "flight_number": 1004, "departure_month": "Feb", "departure_time_num": 2, "class": "economy", "return_time_num": 20, "return_month": "Feb", "return_day": "3", "num_connections": 1, "price": 100}, {"return_airport": "PHL", "airline": "Spirit", "departure_day": "2", "departure_airport": "JFK", "flight_number": 1005, "departure_month": "Feb", "departure_time_num": 2, "class": "economy", "return_time_num": 9, "return_month": "Feb", "return_day": "4", "num_connections": 1, "price": 100}, {"return_airport": "JFK", "airline": "JetBlue", "departure_day": "2", "departure_airport": "PHL", "flight_number": 1006, "departure_month": "Feb", "departure_time_num": 6, "class": "economy", "return_time_num": 18, "return_month": "Feb", "return_day": "3", "num_connections": 1, "price": 200}, {"return_airport": "PHL", "airline": "UA", "departure_day": "1", "departure_airport": "JFK", "flight_number": 1007, "departure_month": "Feb", "departure_time_num": 23, "class": "economy", "return_time_num": 4, "return_month": "Feb", "return_day": "3", "num_connections": 1, "price": 100}, {"return_airport": "JFK", "airline": "Delta", "departure_day": "1", "departure_airport": "PHL", "flight_number": 1008, "departure_month": "Feb", "departure_time_num": 9, "class": "economy", "return_time_num": 13, "return_month": "Feb", "return_day": "3", "num_connections": 1, "price": 300}, {"return_airport": "OAK", "airline": "Delta", "departure_day": "1", "departure_airport": "PHL", "flight_number": 1009, "departure_month": "Feb", "departure_time_num": 17, "class": "economy", "return_time_num": 7, "return_month": "Feb", "return_day": "4", "num_connections": 1, "price": 100}, {"return_airport": "PHL", "airline": "Southwest", "departure_day": "2", "departure_airport": "JFK", "flight_number": 1010, "departure_month": "Feb", "departure_time_num": 9, "class": "economy", "return_time_num": 6, "return_month": "Feb", "return_day": "4", "num_connections": 1, "price": 100}, {"return_airport": "JFK", "airline": "AA", "departure_day": "31", "departure_airport": "PHL", "flight_number": 1011, "departure_month": "Jan", "departure_time_num": 21, "class": "economy", "return_time_num": 7, "return_month": "Feb", "return_day": "4", "num_connections": 1, "price": 100}, {"return_airport": "JFK", "airline": "AA", "departure_day": "2", "departure_airport": "PHL", "flight_number": 1012, "departure_month": "Feb", "departure_time_num": 3, "class": "economy", "return_time_num": 16, "return_month": "Feb", "return_day": "3", "num_connections": 1, "price": 200}, {"return_airport": "JFK", "airline": "UA", "departure_day": "2", "departure_airport": "OAK", "flight_number": 1013, "departure_month": "Feb", "departure_time_num": 7, "class": "economy", "return_time_num": 11, "return_month": "Feb", "return_day": "3", "num_connections": 1, "price": 200}, {"return_airport": "OAK", "airline": "Delta", "departure_day": "1", "departure_airport": "JFK", "flight_number": 1014, "departure_month": "Feb", "departure_time_num": 8, "class": "economy", "return_time_num": 11, "return_month": "Feb", "return_day": "3", "num_connections": 1, "price": 100}, {"return_airport": "PHL", "airline": "Southwest", "departure_day": "1", "departure_airport": "JFK", "flight_number": 1015, "departure_month": "Feb", "departure_time_num": 8, "class": "economy", "return_time_num": 0, "return_month": "Feb", "return_day": "4", "num_connections": 1, "price": 200}, {"return_airport": "OAK", "airline": "Southwest", "departure_day": "2", "departure_airport": "PHL", "flight_number": 1016, "departure_month": "Feb", "departure_time_num": 17, "class": "economy", "return_time_num": 1, "return_month": "Feb", "return_day": "4", "num_connections": 1, "price": 100}, {"return_airport": "PHL", "airline": "JetBlue", "departure_day": "1", "departure_airport": "OAK", "flight_number": 1017, "departure_month": "Feb", "departure_time_num": 3, "class": "economy", "return_time_num": 9, "return_month": "Feb", "return_day": "3", "num_connections": 0, "price": 200}, {"return_airport": "OAK", "airline": "Spirit", "departure_day": "1", "departure_airport": "PHL", "flight_number": 1018, "departure_month": "Feb", "departure_time_num": 23, "class": "economy", "return_time_num": 17, "return_month": "Feb", "return_day": "3", "num_connections": 1, "price": 200}, {"return_airport": "OAK", "airline": "Delta", "departure_day": "1", "departure_airport": "PHL", "flight_number": 1019, "departure_month": "Feb", "departure_time_num": 8, "class": "economy", "return_time_num": 5, "return_month": "Feb", "return_day": "4", "num_connections": 1, "price": 300}, {"return_airport": "PHL", "airline": "Spirit", "departure_day": "1", "departure_airport": "JFK", "flight_number": 1020, "departure_month": "Feb", "departure_time_num": 22, "class": "business", "return_time_num": 23, "return_month": "Feb", "return_day": "3", "num_connections": 1, "price": 600}, {"return_airport": "JFK", "airline": "JetBlue", "departure_day": "2", "departure_airport": "PHL", "flight_number": 1021, "departure_month": "Feb", "departure_time_num": 1, "class": "economy", "return_time_num": 14, "return_month": "Feb", "return_day": "3", "num_connections": 1, "price": 200}, {"return_airport": "JFK", "airline": "UA", "departure_day": "1", "departure_airport": "OAK", "flight_number": 1022, "departure_month": "Feb", "departure_time_num": 14, "class": "economy", "return_time_num": 8, "return_month": "Feb", "return_day": "4", "num_connections": 1, "price": 300}, {"return_airport": "PHL", "airline": "JetBlue", "departure_day": "31", "departure_airport": "OAK", "flight_number": 1023, "departure_month": "Jan", "departure_time_num": 21, "class": "economy", "return_time_num": 3, "return_month": "Feb", "return_day": "4", "num_connections": 1, "price": 200}, {"return_airport": "PHL", "airline": "Hawaiian", "departure_day": "1", "departure_airport": "OAK", "flight_number": 1024, "departure_month": "Feb", "departure_time_num": 4, "class": "economy", "return_time_num": 3, "return_month": "Feb", "return_day": "4", "num_connections": 1, "price": 100}, {"return_airport": "OAK", "airline": "Southwest", "departure_day": "2", "departure_airport": "JFK", "flight_number": 1025, "departure_month": "Feb", "departure_time_num": 1, "class": "economy", "return_time_num": 17, "return_month": "Feb", "return_day": "4", "num_connections": 0, "price": 100}, {"return_airport": "OAK", "airline": "Southwest", "departure_day": "2", "departure_airport": "JFK", "flight_number": 1026, "departure_month": "Feb", "departure_time_num": 11, "class": "economy", "return_time_num": 19, "return_month": "Feb", "return_day": "3", "num_connections": 1, "price": 200}, {"return_airport": "OAK", "airline": "JetBlue", "departure_day": "2", "departure_airport": "JFK", "flight_number": 1027, "departure_month": "Feb", "departure_time_num": 23, "class": "economy", "return_time_num": 9, "return_month": "Feb", "return_day": "3", "num_connections": 1, "price": 100}, {"return_airport": "JFK", "airline": "AA", "departure_day": "2", "departure_airport": "OAK", "flight_number": 1028, "departure_month": "Feb", "departure_time_num": 19, "class": "economy", "return_time_num": 10, "return_month": "Feb", "return_day": "3", "num_connections": 1, "price": 100}, {"return_airport": "PHL", "airline": "Southwest", "departure_day": "2", "departure_airport": "JFK", "flight_number": 1029, "departure_month": "Feb", "departure_time_num": 5, "class": "economy", "return_time_num": 9, "return_month": "Feb", "return_day": "4", "num_connections": 1, "price": 200}], "reservation": 0}
{"kb": [{"return_airport": "EWR", "airline": "Southwest", "departure_day": "10", "departure_airport": "ORD", "flight_number": 1000, "departure_month": "Oct", "departure_time_num": 6, "class": "economy", "return_time_num": 3, "return_month": "Oct", "return_day": "12", "num_connections": 1, "price": 100}, {"return_airport": "ORD", "airline": "UA", "departure_day": "9", "departure_airport": "PHX", "flight_number": 1001, "departure_month": "Oct", "departure_time_num": 22, "class": "economy", "return_time_num": 8, "return_month": "Oct", "return_day": "12", "num_connections": 1, "price": 200}, {"return_airport": "EWR", "airline": "AA", "departure_day": "10", "departure_airport": "PHX", "flight_number": 1002, "departure_month": "Oct", "departure_time_num": 2, "class": "economy", "return_time_num": 9, "return_month": "Oct", "return_day": "12", "num_connections": 1, "price": 100}, {"return_airport": "ORD", "airline": "Delta", "departure_day": "9", "departure_airport": "EWR", "flight_number": 1003, "departure_month": "Oct", "departure_time_num": 20, "class": "economy", "return_time_num": 8, "return_month": "Oct", "return_day": "11", "num_connections": 1, "price": 100}, {"return_airport": "EWR", "airline": "AA", "departure_day": "10", "departure_airport": "ORD", "flight_number": 1004, "departure_month": "Oct", "departure_time_num": 9, "class": "economy", "return_time_num": 23, "return_month": "Oct", "return_day": "11", "num_connections": 1, "price": 100}, {"return_airport": "ORD", "airline": "AA", "departure_day": "10", "departure_airport": "EWR", "flight_number": 1005, "departure_month": "Oct", "departure_time_num": 1, "class": "economy", "return_time_num": 22, "return_month": "Oct", "return_day": "12", "num_connections": 1, "price": 300}, {"return_airport": "EWR", "airline": "JetBlue", "departure_day": "11", "departure_airport": "PHX", "flight_number": 1006, "departure_month": "Oct", "departure_time_num": 2, "class": "economy", "return_time_num": 23, "return_month": "Oct", "return_day": "11", "num_connections": 1, "price": 100}, {"return_airport": "ORD", "airline": "UA", "departure_day": "10", "departure_airport": "EWR", "flight_number": 1007, "departure_month": "Oct", "departure_time_num": 2, "class": "economy", "return_time_num": 9, "return_month": "Oct", "return_day": "11", "num_connections": 1, "price": 100}, {"return_airport": "PHX", "airline": "Spirit", "departure_day": "9", "departure_airport": "ORD", "flight_number": 1008, "departure_month": "Oct", "departure_time_num": 20, "class": "economy", "return_time_num": 4, "return_month": "Oct", "return_day": "12", "num_connections": 1, "price": 200}, {"return_airport": "ORD", "airline": "Delta", "departure_day": "10", "departure_airport": "EWR", "flight_number": 1009, "departure_month": "Oct", "departure_time_num": 7, "class": "economy", "return_time_num": 13, "return_month": "Oct", "return_day": "11", "num_connections": 1, "price": 100}, {"return_airport": "EWR", "airline": "AA", "departure_day": "10", "departure_airport": "PHX", "flight_number": 1010, "departure_month": "Oct", "departure_time_num": 13, "class": "business", "return_time_num": 5, "return_month": "Oct", "return_day": "12", "num_connections": 1, "price": 800}, {"return_airport": "ORD", "airline": "Hawaiian", "departure_day": "10", "departure_airport": "EWR", "flight_number": 1011, "departure_month": "Oct", "departure_time_num": 12, "class": "economy", "return_time_num": 3, "return_month": "Oct", "return_day": "13", "num_connections": 1, "price": 100}, {"return_airport": "PHX", "airline": "Spirit", "departure_day": "10", "departure_airport": "ORD", "flight_number": 1012, "departure_month": "Oct", "departure_time_num": 5, "class": "economy", "return_time_num": 12, "return_month": "Oct", "return_day": "11", "num_connections": 0, "price": 100}, {"return_airport": "ORD", "airline": "Southwest", "departure_day": "10", "departure_airport": "EWR", "flight_number": 1013, "departure_month": "Oct", "departure_time_num": 3, "class": "business", "return_time_num": 21, "return_month": "Oct", "return_day": "11", "num_connections": 1, "price": 700}, {"return_airport": "EWR", "airline": "Spirit", "departure_day": "9", "departure_airport": "PHX", "flight_number": 1014, "departure_month": "Oct", "departure_time_num": 19, "class": "economy", "return_time_num": 0, "return_month": "Oct", "return_day": "11", "num_connections": 1, "price": 100}, {"return_airport": "PHX", "airline": "UA", "departure_day": "9", "departure_airport": "EWR", "flight_number": 1015, "departure_month": "Oct", "departure_time_num": 16, "class": "economy", "return_time_num": 3, "return_month": "Oct", "return_day": "12", "num_connections": 1, "price": 200}, {"return_airport": "EWR", "airline": "Delta", "departure_day": "9", "departure_airport": "PHX", "flight_number": 1016, "departure_month": "Oct", "departure_time_num": 21, "class": "economy", "return_time_num": 8, "return_month": "Oct", "return_day": "12", "num_connections": 1, "price": 200}, {"return_airport": "PHX", "airline": "Spirit", "departure_day": "10", "departure_airport": "ORD", "flight_number": 1017, "departure_month": "Oct", "departure_time_num": 4, "class": "economy", "return_time_num": 19, "return_month": "Oct", "return_day": "11", "num_connections": 1, "price": 200}, {"return_airport": "EWR", "airline": "Spirit", "departure_day": "9", "departure_airport": "PHX", "flight_number": 1018, "departure_month": "Oct", "departure_time_num": 9, "class": "economy", "return_time_num": 19, "return_month": "Oct", "return_day": "12", "num_connections": 1, "price": 200}, {"return_airport": "EWR", "airline": "Spirit", "departure_day": "9", "departure_airport": "PHX", "flight_number": 1019, "departure_month": "Oct", "departure_time_num": 20, "class": "economy", "return_time_num": 6, "return_month": "Oct", "return_day": "13", "num_connections": 1, "price": 100}, {"return_airport": "ORD", "airline": "Southwest", "departure_day": "10", "departure_airport": "EWR", "flight_number": 1020, "departure_month": "Oct", "departure_time_num": 4, "class": "economy", "return_time_num": 18, "return_month": "Oct", "return_day": "12", "num_connections": 1, "price": 100}, {"return_airport": "PHX", "airline": "Delta", "departure_day": "10", "departure_airport": "ORD", "flight_number": 1021, "departure_month": "Oct", "departure_time_num": 10, "class": "economy", "return_time_num": 7, "return_month": "Oct", "return_day": "12", "num_connections": 1, "price": 300}, {"return_airport": "PHX", "airline": "Hawaiian", "departure_day": "10", "departure_airport": "ORD", "flight_number": 1022, "departure_month": "Oct", "departure_time_num": 1, "class": "economy", "return_time_num": 20, "return_month": "Oct", "return_day": "11", "num_connections": 1, "price": 100}, {"return_airport": "PHX", "airline": "UA", "departure_day": "9", "departure_airport": "EWR", "flight_number": 1023, "departure_month": "Oct", "departure_time_num": 21, "class": "economy", "return_time_num": 12, "return_month": "Oct", "return_day": "11", "num_connections": 1, "price": 200}, {"return_airport": "PHX", "airline": "Hawaiian", "departure_day": "10", "departure_airport": "EWR", "flight_number": 1024, "departure_month": "Oct", "departure_time_num": 1, "class": "economy", "return_time_num": 9, "return_month": "Oct", "return_day": "12", "num_connections": 1, "price": 100}, {"return_airport": "PHX", "airline": "Southwest", "departure_day": "10", "departure_airport": "ORD", "flight_number": 1025, "departure_month": "Oct", "departure_time_num": 3, "class": "economy", "return_time_num": 9, "return_month": "Oct", "return_day": "12", "num_connections": 1, "price": 100}, {"return_airport": "ORD", "airline": "AA", "departure_day": "10", "departure_airport": "EWR", "flight_number": 1026, "departure_month": "Oct", "departure_time_num": 14, "class": "economy", "return_time_num": 2, "return_month": "Oct", "return_day": "12", "num_connections": 1, "price": 100}, {"return_airport": "EWR", "airline": "JetBlue", "departure_day": "8", "departure_airport": "ORD", "flight_number": 1027, "departure_month": "Oct", "departure_time_num": 23, "class": "economy", "return_time_num": 10, "return_month": "Oct", "return_day": "12", "num_connections": 1, "price": 200}, {"return_airport": "ORD", "airline": "JetBlue", "departure_day": "10", "departure_airport": "EWR", "flight_number": 1028, "departure_month": "Oct", "departure_time_num": 7, "class": "economy", "return_time_num": 12, "return_month": "Oct", "return_day": "12", "num_connections": 1, "price": 100}, {"return_airport": "PHX", "airline": "Hawaiian", "departure_day": "10", "departure_airport": "ORD", "flight_number": 1029, "departure_month": "Oct", "departure_time_num": 10, "class": "economy", "return_time_num": 14, "return_month": "Oct", "return_day": "12", "num_connections": 1, "price": 100}], "reservation": 0}
{"kb": [{"return_airport": "MCO", "airline": "Southwest", "departure_day": "15", "departure_airport": "LAS", "flight_number": 1000, "departure_month": "May", "departure_time_num": 21, "class": "economy", "return_time_num": 9, "return_month": "May", "return_day": "17", "num_connections": 1, "price": 200}, {"return_airport": "SFO", "airline": "Hawaiian", "departure_day": "16", "departure_airport": "LAS", "flight_number": 1001, "departure_month": "May", "departure_time_num": 11, "class": "economy", "return_time_num": 6, "return_month": "May", "return_day": "17", "num_connections": 1, "price": 300}, {"return_airport": "SFO", "airline": "Southwest", "departure_day": "16", "departure_airport": "LAS", "flight_number": 1002, "departure_month": "May", "departure_time_num": 4, "class": "economy", "return_time_num": 15, "return_month": "May", "return_day": "17", "num_connections": 1, "price": 100}, {"return_airport": "SFO", "airline": "JetBlue", "departure_day": "15", "departure_airport": "LAS", "flight_number": 1003, "departure_month": "May", "departure_time_num": 1, "class": "economy", "return_time_num": 6, "return_month": "May", "return_day": "17", "num_connections": 1, "price": 100}, {"return_airport": "MCO", "airline": "Southwest", "departure_day": "15", "departure_airport": "LAS", "flight_number": 1004, "departure_month": "May", "departure_time_num": 18, "class": "economy", "return_time_num": 21, "return_month": "May", "return_day": "17", "num_connections": 1, "price": 300}, {"return_airport": "MCO", "airline": "Frontier", "departure_day": "15", "departure_airport": "LAS", "flight_number": 1005, "departure_month": "May", "departure_time_num": 10, "class": "economy", "return_time_num": 4, "return_month": "May", "return_day": "17", "num_connections": 1, "price": 300}, {"return_airport": "MCO", "airline": "Hawaiian", "departure_day": "16", "departure_airport": "LAS", "flight_number": 1006, "departure_month": "May", "departure_time_num": 6, "class": "economy", "return_time_num": 18, "return_month": "May", "return_day": "17", "num_connections": 1, "price": 300}, {"return_airport": "MCO", "airline": "Hawaiian", "departure_day": "16", "departure_airport": "SFO", "flight_number": 1007, "departure_month": "May", "departure_time_num": 8, "class": "economy", "return_time_num": 11, "return_month": "May", "return_day": "17", "num_connections": 0, "price": 100}, {"return_airport": "MCO", "airline": "JetBlue", "departure_day": "15", "departure_airport": "SFO", "flight_number": 1008, "departure_month": "May", "departure_time_num": 5, "class": "economy", "return_time_num": 4, "return_month": "May", "return_day": "17", "num_connections": 1, "price": 200}, {"return_airport": "SFO", "airline": "AA", "departure_day": "15", "departure_airport": "MCO", "flight_number": 1009, "departure_month": "May", "departure_time_num": 18, "class": "economy", "return_time_num": 7, "return_month": "May", "return_day": "17", "num_connections": 1, "price": 100}, {"return_airport": "LAS", "airline": "AA", "departure_day": "15", "departure_airport": "SFO", "flight_number": 1010, "departure_month": "May", "departure_time_num": 20, "class": "economy", "return_time_num": 15, "return_month": "May", "return_day": "17", "num_connections": 0, "price": 100}, {"return_airport": "MCO", "airline": "Hawaiian", "departure_day": "15", "departure_airport": "LAS", "flight_number": 1011, "departure_month": "May", "departure_time_num": 11, "class": "business", "return_time_num": 0, "return_month": "May", "return_day": "17", "num_connections": 1, "price": 600}, {"return_airport": "MCO", "airline": "UA", "departure_day": "15", "departure_airport": "SFO", "flight_number": 1012, "departure_month": "May", "departure_time_num": 14, "class": "economy", "return_time_num": 10, "return_month": "May", "return_day": "17", "num_connections": 1, "price": 200}, {"return_airport": "LAS", "airline": "Frontier", "departure_day": "15", "departure_airport": "MCO", "flight_number": 1013, "departure_month": "May", "departure_time_num": 19, "class": "economy", "return_time_num": 17, "return_month": "May", "return_day": "17", "num_connections": 1, "price": 100}, {"return_airport": "MCO", "airline": "Hawaiian", "departure_day": "15", "departure_airport": "SFO", "flight_number": 1014, "departure_month": "May", "departure_time_num": 0, "class": "economy", "return_time_num": 11, "return_month": "May", "return_day": "18", "num_connections": 1, "price": 100}, {"return_airport": "LAS", "airline": "Southwest", "departure_day": "15", "departure_airport": "MCO", "flight_number": 1015, "departure_month": "May", "departure_time_num": 3, "class": "economy", "return_time_num": 16, "return_month": "May", "return_day": "18", "num_connections": 1, "price": 200}, {"return_airport": "SFO", "airline": "Spirit", "departure_day": "14", "departure_airport": "LAS", "flight_number": 1016, "departure_month": "May", "departure_time_num": 20, "class": "business", "return_time_num": 15, "return_month": "May", "return_day": "17", "num_connections": 1, "price": 400}, {"return_airport": "MCO", "airline": "Southwest", "departure_day": "14", "departure_airport": "LAS", "flight_number": 1017, "departure_month": "May", "departure_time_num": 15, "class": "economy", "return_time_num": 12, "return_month": "May", "return_day": "17", "num_connections": 1, "price": 400}, {"return_airport": "SFO", "airline": "Hawaiian", "departure_day": "16", "departure_airport": "LAS", "flight_number": 1018, "departure_month": "May", "departure_time_num": 17, "class": "business", "return_time_num": 23, "return_month": "May", "return_day": "17", "num_connections": 1, "price": 300}, {"return_airport": "SFO", "airline": "UA", "departure_day": "15", "departure_airport": "LAS", "flight_number": 1019, "departure_month": "May", "departure_time_num": 6, "class": "economy", "return_time_num": 23, "return_month": "May", "return_day": "16", "num_connections": 1, "price": 300}, {"return_airport": "MCO", "airline": "JetBlue", "departure_day": "15", "departure_airport": "LAS", "flight_number": 1020, "departure_month": "May", "departure_time_num": 16, "class": "economy", "return_time_num": 12, "return_month": "May", "return_day": "17", "num_connections": 1, "price": 200}, {"return_airport": "LAS", "airline": "Spirit", "departure_day": "15", "departure_airport": "SFO", "flight_number": 1021, "departure_month": "May", "departure_time_num": 11, "class": "economy", "return_time_num": 5, "return_month": "May", "return_day": "16", "num_connections": 1, "price": 300}, {"return_airport": "LAS", "airline": "Spirit", "departure_day": "15", "departure_airport": "SFO", "flight_number": 1022, "departure_month": "May", "departure_time_num": 13, "class": "economy", "return_time_num": 14, "return_month": "May", "return_day": "17", "num_connections": 1, "price": 100}, {"return_airport": "LAS", "airline": "Frontier", "departure_day": "15", "departure_airport": "MCO", "flight_number": 1023, "departure_month": "May", "departure_time_num": 14, "class": "economy", "return_time_num": 16, "return_month": "May", "return_day": "17", "num_connections": 1, "price": 200}, {"return_airport": "MCO", "airline": "Delta", "departure_day": "14", "departure_airport": "LAS", "flight_number": 1024, "departure_month": "May", "departure_time_num": 23, "class": "economy", "return_time_num": 16, "return_month": "May", "return_day": "18", "num_connections": 1, "price": 200}, {"return_airport": "MCO", "airline": "Hawaiian", "departure_day": "16", "departure_airport": "SFO", "flight_number": 1025, "departure_month": "May", "departure_time_num": 1, "class": "economy", "return_time_num": 12, "return_month": "May", "return_day": "17", "num_connections": 1, "price": 200}, {"return_airport": "MCO", "airline": "Hawaiian", "departure_day": "15", "departure_airport": "SFO", "flight_number": 1026, "departure_month": "May", "departure_time_num": 11, "class": "economy", "return_time_num": 10, "return_month": "May", "return_day": "17", "num_connections": 1, "price": 100}, {"return_airport": "LAS", "airline": "Delta", "departure_day": "15", "departure_airport": "MCO", "flight_number": 1027, "departure_month": "May", "departure_time_num": 3, "class": "economy", "return_time_num": 2, "return_month": "May", "return_day": "18", "num_connections": 1, "price": 200}, {"return_airport": "MCO", "airline": "JetBlue", "departure_day": "15", "departure_airport": "SFO", "flight_number": 1028, "departure_month": "May", "departure_time_num": 19, "class": "business", "return_time_num": 5, "return_month": "May", "return_day": "18", "num_connections": 1, "price": 500}, {"return_airport": "MCO", "airline": "Hawaiian", "departure_day": "14", "departure_airport": "SFO", "flight_number": 1029, "departure_month": "May", "departure_time_num": 22, "class": "economy", "return_time_num": 19, "return_month": "May", "return_day": "17", "num_connections": 1, "price": 200}], "reservation": 0}
