<?xml version="1.0" encoding="UTF-8"?>
<mteval>
<refset setid="iwslt2017-tst2015" srclang="german" trglang="english" refid="ref">
<doc docid="2183" genre="lectures">
<url>http://www.ted.com/talks/marc_kushner_why_the_buildings_of_the_future_will_be_shaped_by_you</url>
<keywords>talks, TED Books, architecture, design, social media</keywords>
<speaker>Marc Kushner</speaker>
<talkid>2183</talkid>
<title>Marc Kushner: Why the buildings of the future will be shaped by ... you</title>
<description>TED Talk Subtitles and Transcript: "Architecture is not about math or zoning -- it's about visceral emotions," says Marc Kushner. In a sweeping — often funny — talk, he zooms through the past thirty years of architecture to show how the public, once disconnected, have become an essential part of the design process. With the help of social media, feedback reaches architects years before a building is even created. The result? Architecture that will do more for us than ever before.</description>
<seg id="1"> Today I'm going to speak to you about the last 30 years of architectural history.</seg>
<seg id="2"> That's a lot to pack into 18 minutes.</seg>
<seg id="3"> It's a complex topic, so we're just going to dive right in at a complex place: New Jersey.</seg>
<seg id="4"> Because 30 years ago, I'm from Jersey, and I was six, and I lived there in my parents' house in a town called Livingston, and this was my childhood bedroom.</seg>
<seg id="5"> Around the corner from my bedroom was the bathroom that I used to share with my sister.</seg>
<seg id="6"> And in between my bedroom and the bathroom was a balcony that overlooked the family room.</seg>
