<?xml version="1.0" encoding="UTF-8"?>
<mteval>
<refset setid="iwslt2017-tst2011" srclang="german" trglang="english" refid="ref">
<doc docid="1131" genre="lectures">
<url>http://www.ted.com/talks/harvey_fineberg_are_we_ready_for_neo_evolution.html</url>
<description>Medical ethicist Harvey Fineberg shows us three paths forward for the ever-evolving human species: to stop evolving completely, to evolve naturally -- or to control the next steps of human evolution, using genetic modification, to make ourselves smarter, faster, better. Neo-evolution is within our grasp. What will we do with it?</description>
<keywords>evolution,medicine,philosophy,science,technology</keywords>
<talkid>1131</talkid>
<title>Harvey Fineberg: Are we ready for neo-evolution?</title>
<seg id="1"> How would you like to be better than you are? </seg>
<seg id="2"> Suppose I said that, with just a few changes in your genes, you could get a better memory -- more precise, more accurate and quicker. </seg>
<seg id="3"> Or maybe you'd like to be more fit, stronger, with more stamina. </seg>
<seg id="4"> Would you like to be more attractive and self-confident? </seg>
<seg id="5"> How about living longer with good health? </seg>
<seg id="6"> Or perhaps you're one of those who's always yearned for more creativity. </seg>
<seg id="7"> Which one would you like the most? </seg>
