<?xml version="1.0" encoding="UTF-8"?>
<mteval>
<srcset setid="iwslt2017-tst2014" srclang="german">
<doc docid="1741" genre="lectures">
<url>http://www.ted.com/talks/lang/de/meg_jay_why_30_is_not_the_new_20.html</url>
<description>Die klinische Psychologin Meg Jay hat eine gewagte These für Leute in den 20ern: Entgegen der allgemeinen Auffassung ist dieses Jahrzehnt nicht zum Wegwerfen. In diesem provozierenden Vortrag sagt Meg Jay, dass nur, weil Heirat, Arbeit und Kinder später kommen, dies nicht bedeutet, dass man in seinen 20ern nicht anfangen kann, zu planen. Sie gibt drei Ratschläge, wie Leute in den 20ern ihr Leben als Erwachsene in diesem wichtigen Jahrzehnt verbessern können.</description>
<keywords>aging,culture,youth</keywords>
<talkid>1741</talkid>
<title>Meg Jay: Warum die 30er nicht die neuen 20er sind</title>
<seg id="1"> Als ich in meinen 20ern war, hatte ich meine erste Psychotherapie-Patientin. </seg>
<seg id="2"> Ich war Doktorandin und studierte Klinische Psychologie in Berkeley. </seg>
<seg id="3"> Sie war eine 26-jährige Frau namens Alex. </seg>
<seg id="4"> Als Alex in die erste Sitzung kam, trug sie Jeans und ein ausgebeultes Top. Sie fiel auf das Sofa in meinem Büro, schleuderte ihre Sandalen von sich und erzählte mir, sie wäre da, um über Männerprobleme zu reden. </seg>
<seg id="5"> Und als ich das hörte, war ich erleichtert. </seg>
<seg id="6"> Meine Kommilitonin bekam nämlich einen Brandstifter als ersten Patienten. </seg>
<seg id="7"> Und ich bekam eine Frau in den 20ern, die über Jungs reden wollte. </seg>
