<?xml version="1.0" encoding="UTF-8"?>
<mteval>
<refset setid="iwslt2017-tst2013" srclang="german" trglang="english" refid="ref">
<doc docid="1666" genre="lectures">
<url>http://www.ted.com/talks/shabana_basij_rasikh_dare_to_educate_afghan_girls.html</url>
<description>Imagine a country where girls must sneak out to go to school, with deadly consequences if they get caught learning. This was Afghanistan under the Taliban, and traces of that danger remain today. 22-year-old Shabana Basij-Rasikh runs a school for girls in Afghanistan. She celebrates the power of a family's decision to believe in their daughters -- and tells the story of one brave father who stood up to local threats. &lt;i&gt;&lt;/i&gt;</description>
<keywords>education,global issues,women</keywords>
<talkid>1666</talkid>
<title>Shabana Basij-Rasikh: Dare to educate Afghan girls</title>
<seg id="1"> When I was 11, I remember waking up one morning to the sound of joy in my house. </seg>
<seg id="2"> My father was listening to BBC News on his small, gray radio. </seg>
<seg id="3"> There was a big smile on his face which was unusual then, because the news mostly depressed him. </seg>
<seg id="4"> "The Taliban are gone!" my father shouted. </seg>
<seg id="5"> I didn't know what it meant, but I could see that my father was very, very happy. </seg>
<seg id="6"> "You can go to a real school now," he said. </seg>
<seg id="7"> A morning that I will never forget. </seg>
