[{"guid": "klue-nli-v1_train_00000", "genre": "NSMC", "premise": "\ud79b\uac78 \uc9c4\uc2ec \ucd5c\uace0\ub2e4 \uadf8 \uc5b4\ub5a4 \ud788\uc5b4\ub85c\ubcf4\ub2e4 \uba4b\uc9c0\ub2e4", "hypothesis": "\ud79b\uac78 \uc9c4\uc2ec \ucd5c\uace0\ub85c \uba4b\uc9c0\ub2e4.", "gold_label": "entailment", "author": "entailment", "label2": "entailment", "label3": "entailment", "label4": "entailment", "label5": "entailment"}, {"guid": "klue-nli-v1_train_00001", "genre": "NSMC", "premise": "100\ubd84\uac04 \uc798\uaec4 \uadf8\ub798\ub3c4 \uc18c\ub2c9\ubd90\ub55c\uc5d0 2\uc810\uc900\ub2e4", "hypothesis": "100\ubd84\uac04 \uc7a4\ub2e4.", "gold_label": "contradiction", "author": "contradiction", "label2": "contradiction", "label3": "contradiction", "label4": "neutral", "label5": "contradiction"}, {"guid": "klue-nli-v1_train_00002", "genre": "NSMC", "premise": "100\ubd84\uac04 \uc798\uaec4 \uadf8\ub798\ub3c4 \uc18c\ub2c9\ubd90\ub55c\uc5d0 2\uc810\uc900\ub2e4", "hypothesis": "\uc18c\ub2c9\ubd90\uc774 \uc815\ub9d0 \uba4b\uc788\uc5c8\ub2e4.", "gold_label": "neutral", "author": "neutral", "label2": "neutral", "label3": "neutral", "label4": "neutral", "label5": "neutral"}, {"guid": "klue-nli-v1_train_00003", "genre": "NSMC", "premise": "100\ubd84\uac04 \uc798\uaec4 \uadf8\ub798\ub3c4 \uc18c\ub2c9\ubd90\ub55c\uc5d0 2\uc810\uc900\ub2e4", "hypothesis": "100\ubd84\uac04 \uc790\ub294\uac8c \ub354 \ub098\uc558\uc744 \uac83 \uac19\ub2e4.", "gold_label": "neutral", "author": "entailment", "label2": "entailment", "label3": "neutral", "label4": "neutral", "label5": "neutral"}, {"guid": "klue-nli-v1_train_00004", "genre": "airbnb", "premise": "101\ube4c\ub529 \uadfc\ucc98\uc5d0 \ub098\ub984 \uc990\uae38\uac70\ub9ac\uac00 \ub9ce\uc2b5\ub2c8\ub2e4.", "hypothesis": "101\ube4c\ub529 \uadfc\ucc98\uc5d0\uc11c \uc990\uae38\uac70\ub9ac \ucc3e\uae30\ub294 \uc5b4\ub835\uc2b5\ub2c8\ub2e4.", "gold_label": "contradiction", "author": "contradiction", "label2": "contradiction", "label3": "contradiction", "label4": "contradiction", "label5": "contradiction"}, {"guid": "klue-nli-v1_train_00005", "genre": "airbnb", "premise": "101\ube4c\ub529 \uadfc\ucc98\uc5d0 \ub098\ub984 \uc990\uae38\uac70\ub9ac\uac00 \ub9ce\uc2b5\ub2c8\ub2e4.", "hypothesis": "101\ube4c\ub529 \uc8fc\ubcc0\uc5d0 \uc80a\uc740\uc774\ub4e4\uc774 \uc990\uae38\uac70\ub9ac\uac00 \ub9ce\uc2b5\ub2c8\ub2e4.", "gold_label": "neutral", "author": "neutral", "label2": "neutral", "label3": "neutral", "label4": "neutral", "label5": "neutral"}, {"guid": "klue-nli-v1_train_00006", "genre": "airbnb", "premise": "101\ube4c\ub529 \uadfc\ucc98\uc5d0 \ub098\ub984 \uc990\uae38\uac70\ub9ac\uac00 \ub9ce\uc2b5\ub2c8\ub2e4.", "hypothesis": "101\ube4c\ub529 \ubd80\uadfc\uc5d0\uc11c\ub294 \uc5ec\ub7ec\uac00\uc9c0\ub97c \uc990\uae38\uc218 \uc788\uc2b5\ub2c8\ub2e4.", "gold_label": "entailment", "author": "entailment", "label2": "entailment", "label3": "entailment", "label4": "entailment", "label5": "entailment"}, {"guid": "klue-nli-v1_train_00007", "genre": "wikipedia", "premise": "10\ub144 \ub9cc\uc5d0 \ucc3e\ub294 \ud53c\ud130\ub97c \uc6ec\ub514\ub294 \ub530\ub73b\ud558\uac8c \ub9de\uc774\ud558\uace0 \ud53c\ud130\ub294 \uc131\uacf5\ub9ac\uc5d0 \uc5f0\uc124\uc744 \ub9c8\uce58\ub294\ub370 \ub534 \uc138\uc0c1\uc778 \ub9c8\ubc95 \uc12c\uc5d0\uc11c \uc628 \ud6c4\ud06c\uc120\uc7a5\uc740 \ud53c\ud130 \ubc30\ub2dd\uc758 \ub0a8\ub9e4\uc778 \uc7ad\uacfc \ub9e4\uae30\ub97c \ub0a9\uce58\ud55c\ub2e4.", "hypothesis": "\uc6ec\ub514\ub294 \ud53c\ud130\ub97c \ucc28\uac11\uac8c \ub9de\uc774\ud588\ub2e4.", "gold_label": "contradiction", "author": "contradiction", "label2": "contradiction", "label3": "contradiction", "label4": "contradiction", "label5": "contradiction"}, {"guid": "klue-nli-v1_train_00008", "genre": "wikipedia", "premise": "10\ub144 \ub9cc\uc5d0 \ucc3e\ub294 \ud53c\ud130\ub97c \uc6ec\ub514\ub294 \ub530\ub73b\ud558\uac8c \ub9de\uc774\ud558\uace0 \ud53c\ud130\ub294 \uc131\uacf5\ub9ac\uc5d0 \uc5f0\uc124\uc744 \ub9c8\uce58\ub294\ub370 \ub534 \uc138\uc0c1\uc778 \ub9c8\ubc95 \uc12c\uc5d0\uc11c \uc628 \ud6c4\ud06c\uc120\uc7a5\uc740 \ud53c\ud130 \ubc30\ub2dd\uc758 \ub0a8\ub9e4\uc778 \uc7ad\uacfc \ub9e4\uae30\ub97c \ub0a9\uce58\ud55c\ub2e4.", "hypothesis": "\uc7ad\uacfc \ub9e4\uae30\ub294 \ud53c\ud130 \ubc30\ub2dd\uc758 \ub3d9\uc0dd\ub4e4\uc774\ub2e4.", "gold_label": "neutral", "author": "neutral", "label2": "neutral", "label3": "entailment", "label4": "neutral", "label5": "entailment"}, {"guid": "klue-nli-v1_train_00009", "genre": "wikipedia", "premise": "10\ub144 \ub9cc\uc5d0 \ucc3e\ub294 \ud53c\ud130\ub97c \uc6ec\ub514\ub294 \ub530\ub73b\ud558\uac8c \ub9de\uc774\ud558\uace0 \ud53c\ud130\ub294 \uc131\uacf5\ub9ac\uc5d0 \uc5f0\uc124\uc744 \ub9c8\uce58\ub294\ub370 \ub534 \uc138\uc0c1\uc778 \ub9c8\ubc95 \uc12c\uc5d0\uc11c \uc628 \ud6c4\ud06c\uc120\uc7a5\uc740 \ud53c\ud130 \ubc30\ub2dd\uc758 \ub0a8\ub9e4\uc778 \uc7ad\uacfc \ub9e4\uae30\ub97c \ub0a9\uce58\ud55c\ub2e4.", "hypothesis": "\ud53c\ud130 \ubc30\ub2dd, \uc7ad, \ub9e4\uae30\ub294 \ub0a8\ub9e4\uc0ac\uc774\ub2e4.", "gold_label": "entailment", "author": "entailment", "label2": "entailment", "label3": "entailment", "label4": "entailment", "label5": "entailment"}, {"guid": "klue-nli-v1_train_00010", "genre": "wikipedia", "premise": "10\ub144 \uc804 \ud55c \ubcd1\uc6d0\uc5d0\uc11c \uc785\uc6d0 \uc911\uc778 \ud55c \uc18c\ub140\uac00 \uc2e4\uc885\ub418\ub294 \uc0ac\uac74\uc774 \uc77c\uc5b4\ub098\uc9c0\ub9cc, \ubaa9\uaca9\uc790\ub3c4 \uc0ac\uac74\uc758 \ub2e8\uc11c\ub3c4 \ucc3e\uc9c0 \ubabb\ud55c \ucc44 \uc18c\ub140\ub294 \ub05d\ub0b4 \ub3cc\uc544\uc624\uc9c0 \uc54a\uc558\ub2e4.", "hypothesis": "\ubcd1\uc6d0\uc5d0\uc11c \uc2e4\uc885\ub41c \uc18c\ub140\ub294 \uacbd\ucc30\ub4e4\uc758 \uc218\uc0ac\ub355\uc5d0 \ud558\ub8e8\ub9cc\uc5d0 \ub3cc\uc544\uc628\ub2e4.", "gold_label": "contradiction", "author": "contradiction", "label2": "contradiction", "label3": "contradiction", "label4": "contradiction", "label5": "contradiction"}, {"guid": "klue-nli-v1_train_00011", "genre": "wikipedia", "premise": "10\ub144 \uc804 \ud55c \ubcd1\uc6d0\uc5d0\uc11c \uc785\uc6d0 \uc911\uc778 \ud55c \uc18c\ub140\uac00 \uc2e4\uc885\ub418\ub294 \uc0ac\uac74\uc774 \uc77c\uc5b4\ub098\uc9c0\ub9cc, \ubaa9\uaca9\uc790\ub3c4 \uc0ac\uac74\uc758 \ub2e8\uc11c\ub3c4 \ucc3e\uc9c0 \ubabb\ud55c \ucc44 \uc18c\ub140\ub294 \ub05d\ub0b4 \ub3cc\uc544\uc624\uc9c0 \uc54a\uc558\ub2e4.", "hypothesis": "10\ub144 \uc804 \ud55c \ubcd1\uc6d0\uc5d0\uc11c \uc785\uc6d0 \uc911\uc778 \uc18c\ub140\uac00 \uc2e4\uc885\ub41c\ub2e4.", "gold_label": "entailment", "author": "entailment", "label2": "entailment", "label3": "entailment", "label4": "entailment", "label5": "entailment"}, {"guid": "klue-nli-v1_train_00012", "genre": "wikipedia", "premise": "10\ub144 \uc804 \ud55c \ubcd1\uc6d0\uc5d0\uc11c \uc785\uc6d0 \uc911\uc778 \ud55c \uc18c\ub140\uac00 \uc2e4\uc885\ub418\ub294 \uc0ac\uac74\uc774 \uc77c\uc5b4\ub098\uc9c0\ub9cc, \ubaa9\uaca9\uc790\ub3c4 \uc0ac\uac74\uc758 \ub2e8\uc11c\ub3c4 \ucc3e\uc9c0 \ubabb\ud55c \ucc44 \uc18c\ub140\ub294 \ub05d\ub0b4 \ub3cc\uc544\uc624\uc9c0 \uc54a\uc558\ub2e4.", "hypothesis": "10\ub144 \ud6c4 \uacfc\ud559 \uae30\uc220\uc774 \ubc1c\ub2ec\ub418\uc5b4 10\ub144\uc804 \ucc3e\uc9c0 \ubabb\ud588\ub358 \uc18c\ub140\ub97c \ucc3e\uac8c\ub41c\ub2e4.", "gold_label": "neutral", "author": "neutral", "label2": "neutral", "label3": "neutral", "label4": "neutral", "label5": "contradiction"}, {"guid": "klue-nli-v1_train_00013", "genre": "wikipedia", "premise": "10\ub144 \uc804, \uacf5\ub3d9\uc721\uc544\ub97c \ub9e4\uac1c\ub85c \uc131\ubbf8\uc0b0 \ub9c8\uc744\uc5d0 \ub4e4\uc5b4\uc640 \uc0b0 \uac15\uc11d\ud544, \ud64d\ud615\uc219 \ubd80\ubd80\ub294 \ub9e5\uac00\uc774\ubc84\uc640 \ud638\ud638\ub77c\ub294 \ubcc4\uba85\uc73c\ub85c \ubd88\ub9b0\ub2e4.", "hypothesis": "\uac15\uc11d\ud544, \ud64d\ud615\uc219 \ubd80\ubd80\uac00 \uc131\ubbf8\uc0b0 \ub9c8\uc744\uc5d0 \ub4e4\uc5b4\uc628 \uc774\uc720\ub294 \uc694\uc591\uc774\uc5c8\ub2e4.", "gold_label": "contradiction", "author": "contradiction", "label2": "contradiction", "label3": "contradiction", "label4": "contradiction", "label5": "contradiction"}, {"guid": "klue-nli-v1_train_00014", "genre": "wikipedia", "premise": "10\ub144 \uc804, \uacf5\ub3d9\uc721\uc544\ub97c \ub9e4\uac1c\ub85c \uc131\ubbf8\uc0b0 \ub9c8\uc744\uc5d0 \ub4e4\uc5b4\uc640 \uc0b0 \uac15\uc11d\ud544, \ud64d\ud615\uc219 \ubd80\ubd80\ub294 \ub9e5\uac00\uc774\ubc84\uc640 \ud638\ud638\ub77c\ub294 \ubcc4\uba85\uc73c\ub85c \ubd88\ub9b0\ub2e4.", "hypothesis": "\uac15\uc11d\ud544, \ud64d\ud615\uc219 \ubd80\ubd80\ub294 \ub9c8\uc744\uc5d0\uc11c \uc88b\uc740 \ud3c9\ud310\uc744 \uac00\uc9c0\uace0 \uc788\ub2e4.", "gold_label": "neutral", "author": "neutral", "label2": "neutral", "label3": "neutral", "label4": "neutral", "label5": "neutral"}, {"guid": "klue-nli-v1_train_00015", "genre": "wikipedia", "premise": "10\ub144 \uc804, \uacf5\ub3d9\uc721\uc544\ub97c \ub9e4\uac1c\ub85c \uc131\ubbf8\uc0b0 \ub9c8\uc744\uc5d0 \ub4e4\uc5b4\uc640 \uc0b0 \uac15\uc11d\ud544, \ud64d\ud615\uc219 \ubd80\ubd80\ub294 \ub9e5\uac00\uc774\ubc84\uc640 \ud638\ud638\ub77c\ub294 \ubcc4\uba85\uc73c\ub85c \ubd88\ub9b0\ub2e4.", "hypothesis": "\uac15\uc11d\ud544, \ud64d\ud615\uc219 \ubd80\ubd80\uac00 \uc131\ubbf8\uc0b0 \ub9c8\uc744\uc5d0 \ub4e4\uc5b4\uc628 \uac83\uc740 10\ub144\uc804\uc774\ub2e4.", "gold_label": "entailment", "author": "entailment", "label2": "entailment", "label3": "entailment", "label4": "entailment", "label5": "entailment"}, {"guid": "klue-nli-v1_train_00016", "genre": "wikipedia", "premise": "10\ub144 \ud6c4, 16\uc0b4\uc774 \ub41c \uc0ac\ucfe0\ub77c\ucf54\ub294 \uc8fc\uc704\uc758 \ubc18\ub300\ub97c \ubb34\ub985\uc4f0\uace0 \ub3c4\ucfc4\uc74c\uc545\ud559\uad50 \uc9c4\ud559\uc744 \ud76c\ub9dd\ud55c\ub2e4.", "hypothesis": "\uc0ac\ucfe0\ub77c\ucf54\ub294 \uc5b4\ub9b4 \ub54c\ubd80\ud130 \uc74c\uc545\ud559\uad50 \uc9c4\ud559\uc744 \uafc8\uafd4\uc654\ub2e4.", "gold_label": "neutral", "author": "neutral", "label2": "neutral", "label3": "neutral", "label4": "neutral", "label5": "entailment"}, {"guid": "klue-nli-v1_train_00017", "genre": "wikipedia", "premise": "10\ub144 \ud6c4, 16\uc0b4\uc774 \ub41c \uc0ac\ucfe0\ub77c\ucf54\ub294 \uc8fc\uc704\uc758 \ubc18\ub300\ub97c \ubb34\ub985\uc4f0\uace0 \ub3c4\ucfc4\uc74c\uc545\ud559\uad50 \uc9c4\ud559\uc744 \ud76c\ub9dd\ud55c\ub2e4.", "hypothesis": "\uc0ac\ucfe0\ub77c\ucf54\ub294 \uc74c\uc545\ud559\uad50 \uc9c4\ud559\uc744 \ud76c\ub9dd\ud55c\ub2e4.", "gold_label": "entailment", "author": "entailment", "label2": "entailment", "label3": "entailment", "label4": "entailment", "label5": "entailment"}, {"guid": "klue-nli-v1_train_00018", "genre": "wikipedia", "premise": "10\ub144 \ud6c4, 16\uc0b4\uc774 \ub41c \uc0ac\ucfe0\ub77c\ucf54\ub294 \uc8fc\uc704\uc758 \ubc18\ub300\ub97c \ubb34\ub985\uc4f0\uace0 \ub3c4\ucfc4\uc74c\uc545\ud559\uad50 \uc9c4\ud559\uc744 \ud76c\ub9dd\ud55c\ub2e4.", "hypothesis": "\uc0ac\ucfe0\ub77c\ucf54\uc758 \uc8fc\uc704\ub294 \uc0ac\ucfe0\ub77c\ucf54\uac00 \ub3c4\ucfc4\uc74c\uc545\ud559\uad50\uc5d0 \uc9c4\ud559\ud558\ub294 \uac83\uc744 \uc801\uadf9 \ucc2c\uc131\ud55c\ub2e4.", "gold_label": "contradiction", "author": "contradiction", "label2": "contradiction", "label3": "contradiction", "label4": "contradiction", "label5": "contradiction"}, {"guid": "klue-nli-v1_train_00019", "genre": "NSMC", "premise": "10\ub144\uc804 \ub098\ub97c \ub9e4\ub8cc\uc2dc\ucf30\ub358 \ubb18\ud558\uace0 \uba4b\uc9c4\uc601\ud654", "hypothesis": "10\ub144 \uc804\uc5d0 \ub098\ub97c \uc2e4\ub9dd\uc2dc\ucf30\ub358 \uc601\ud654.", "gold_label": "contradiction", "author": "contradiction", "label2": "contradiction", "label3": "contradiction", "label4": "contradiction", "label5": "contradiction"}]