[{"guid": "klue-nli-v1_train_00000", "genre": "NSMC", "premise": "\ud79b\uac78 \uc9c4\uc2ec \ucd5c\uace0\ub2e4 \uadf8 \uc5b4\ub5a4 \ud788\uc5b4\ub85c\ubcf4\ub2e4 \uba4b\uc9c0\ub2e4", "hypothesis": "\ud79b\uac78 \uc9c4\uc2ec \ucd5c\uace0\ub85c \uba4b\uc9c0\ub2e4.", "gold_label": "entailment", "author": "entailment", "label2": "entailment", "label3": "entailment", "label4": "entailment", "label5": "entailment"}, {"guid": "klue-nli-v1_train_00001", "genre": "NSMC", "premise": "100\ubd84\uac04 \uc798\uaec4 \uadf8\ub798\ub3c4 \uc18c\ub2c9\ubd90\ub55c\uc5d0 2\uc810\uc900\ub2e4", "hypothesis": "100\ubd84\uac04 \uc7a4\ub2e4.", "gold_label": "contradiction", "author": "contradiction", "label2": "contradiction", "label3": "contradiction", "label4": "neutral", "label5": "contradiction"}, {"guid": "klue-nli-v1_train_00002", "genre": "NSMC", "premise": "100\ubd84\uac04 \uc798\uaec4 \uadf8\ub798\ub3c4 \uc18c\ub2c9\ubd90\ub55c\uc5d0 2\uc810\uc900\ub2e4", "hypothesis": "\uc18c\ub2c9\ubd90\uc774 \uc815\ub9d0 \uba4b\uc788\uc5c8\ub2e4.", "gold_label": "neutral", "author": "neutral", "label2": "neutral", "label3": "neutral", "label4": "neutral", "label5": "neutral"}, {"guid": "klue-nli-v1_train_00003", "genre": "NSMC", "premise": "100\ubd84\uac04 \uc798\uaec4 \uadf8\ub798\ub3c4 \uc18c\ub2c9\ubd90\ub55c\uc5d0 2\uc810\uc900\ub2e4", "hypothesis": "100\ubd84\uac04 \uc790\ub294\uac8c \ub354 \ub098\uc558\uc744 \uac83 \uac19\ub2e4.", "gold_label": "neutral", "author": "entailment", "label2": "entailment", "label3": "neutral", "label4": "neutral", "label5": "neutral"}, {"guid": "klue-nli-v1_train_00004", "genre": "airbnb", "premise": "101\ube4c\ub529 \uadfc\ucc98\uc5d0 \ub098\ub984 \uc990\uae38\uac70\ub9ac\uac00 \ub9ce\uc2b5\ub2c8\ub2e4.", "hypothesis": "101\ube4c\ub529 \uadfc\ucc98\uc5d0\uc11c \uc990\uae38\uac70\ub9ac \ucc3e\uae30\ub294 \uc5b4\ub835\uc2b5\ub2c8\ub2e4.", "gold_label": "contradiction", "author": "contradiction", "label2": "contradiction", "label3": "contradiction", "label4": "contradiction", "label5": "contradiction"}, {"guid": "klue-nli-v1_train_00005", "genre": "airbnb", "premise": "101\ube4c\ub529 \uadfc\ucc98\uc5d0 \ub098\ub984 \uc990\uae38\uac70\ub9ac\uac00 \ub9ce\uc2b5\ub2c8\ub2e4.", "hypothesis": "101\ube4c\ub529 \uc8fc\ubcc0\uc5d0 \uc80a\uc740\uc774\ub4e4\uc774 \uc990\uae38\uac70\ub9ac\uac00 \ub9ce\uc2b5\ub2c8\ub2e4.", "gold_label": "neutral", "author": "neutral", "label2": "neutral", "label3": "neutral", "label4": "neutral", "label5": "neutral"}, {"guid": "klue-nli-v1_train_00006", "genre": "airbnb", "premise": "101\ube4c\ub529 \uadfc\ucc98\uc5d0 \ub098\ub984 \uc990\uae38\uac70\ub9ac\uac00 \ub9ce\uc2b5\ub2c8\ub2e4.", "hypothesis": "101\ube4c\ub529 \ubd80\uadfc\uc5d0\uc11c\ub294 \uc5ec\ub7ec\uac00\uc9c0\ub97c \uc990\uae38\uc218 \uc788\uc2b5\ub2c8\ub2e4.", "gold_label": "entailment", "author": "entailment", "label2": "entailment", "label3": "entailment", "label4": "entailment", "label5": "entailment"}, {"guid": "klue-nli-v1_train_00007", "genre": "wikipedia", "premise": "10\ub144 \ub9cc\uc5d0 \ucc3e\ub294 \ud53c\ud130\ub97c \uc6ec\ub514\ub294 \ub530\ub73b\ud558\uac8c \ub9de\uc774\ud558\uace0 \ud53c\ud130\ub294 \uc131\uacf5\ub9ac\uc5d0 \uc5f0\uc124\uc744 \ub9c8\uce58\ub294\ub370 \ub534 \uc138\uc0c1\uc778 \ub9c8\ubc95 \uc12c\uc5d0\uc11c \uc628 \ud6c4\ud06c\uc120\uc7a5\uc740 \ud53c\ud130 \ubc30\ub2dd\uc758 \ub0a8\ub9e4\uc778 \uc7ad\uacfc \ub9e4\uae30\ub97c \ub0a9\uce58\ud55c\ub2e4.", "hypothesis": "\uc6ec\ub514\ub294 \ud53c\ud130\ub97c \ucc28\uac11\uac8c \ub9de\uc774\ud588\ub2e4.", "gold_label": "contradiction", "author": "contradiction", "label2": "contradiction", "label3": "contradiction", "label4": "contradiction", "label5": "contradiction"}, {"guid": "klue-nli-v1_train_00008", "genre": "wikipedia", "premise": "10\ub144 \ub9cc\uc5d0 \ucc3e\ub294 \ud53c\ud130\ub97c \uc6ec\ub514\ub294 \ub530\ub73b\ud558\uac8c \ub9de\uc774\ud558\uace0 \ud53c\ud130\ub294 \uc131\uacf5\ub9ac\uc5d0 \uc5f0\uc124\uc744 \ub9c8\uce58\ub294\ub370 \ub534 \uc138\uc0c1\uc778 \ub9c8\ubc95 \uc12c\uc5d0\uc11c \uc628 \ud6c4\ud06c\uc120\uc7a5\uc740 \ud53c\ud130 \ubc30\ub2dd\uc758 \ub0a8\ub9e4\uc778 \uc7ad\uacfc \ub9e4\uae30\ub97c \ub0a9\uce58\ud55c\ub2e4.", "hypothesis": "\uc7ad\uacfc \ub9e4\uae30\ub294 \ud53c\ud130 \ubc30\ub2dd\uc758 \ub3d9\uc0dd\ub4e4\uc774\ub2e4.", "gold_label": "neutral", "author": "neutral", "label2": "neutral", "label3": "entailment", "label4": "neutral", "label5": "entailment"}, {"guid": "klue-nli-v1_train_00009", "genre": "wikipedia", "premise": "10\ub144 \ub9cc\uc5d0 \ucc3e\ub294 \ud53c\ud130\ub97c \uc6ec\ub514\ub294 \ub530\ub73b\ud558\uac8c \ub9de\uc774\ud558\uace0 \ud53c\ud130\ub294 \uc131\uacf5\ub9ac\uc5d0 \uc5f0\uc124\uc744 \ub9c8\uce58\ub294\ub370 \ub534 \uc138\uc0c1\uc778 \ub9c8\ubc95 \uc12c\uc5d0\uc11c \uc628 \ud6c4\ud06c\uc120\uc7a5\uc740 \ud53c\ud130 \ubc30\ub2dd\uc758 \ub0a8\ub9e4\uc778 \uc7ad\uacfc \ub9e4\uae30\ub97c \ub0a9\uce58\ud55c\ub2e4.", "hypothesis": "\ud53c\ud130 \ubc30\ub2dd, \uc7ad, \ub9e4\uae30\ub294 \ub0a8\ub9e4\uc0ac\uc774\ub2e4.", "gold_label": "entailment", "author": "entailment", "label2": "entailment", "label3": "entailment", "label4": "entailment", "label5": "entailment"}, {"guid": "klue-nli-v1_train_00010", "genre": "wikipedia", "premise": "10\ub144 \uc804 \ud55c \ubcd1\uc6d0\uc5d0\uc11c \uc785\uc6d0 \uc911\uc778 \ud55c \uc18c\ub140\uac00 \uc2e4\uc885\ub418\ub294 \uc0ac\uac74\uc774 \uc77c\uc5b4\ub098\uc9c0\ub9cc, \ubaa9\uaca9\uc790\ub3c4 \uc0ac\uac74\uc758 \ub2e8\uc11c\ub3c4 \ucc3e\uc9c0 \ubabb\ud55c \ucc44 \uc18c\ub140\ub294 \ub05d\ub0b4 \ub3cc\uc544\uc624\uc9c0 \uc54a\uc558\ub2e4.", "hypothesis": "\ubcd1\uc6d0\uc5d0\uc11c \uc2e4\uc885\ub41c \uc18c\ub140\ub294 \uacbd\ucc30\ub4e4\uc758 \uc218\uc0ac\ub355\uc5d0 \ud558\ub8e8\ub9cc\uc5d0 \ub3cc\uc544\uc628\ub2e4.", "gold_label": "contradiction", "author": "contradiction", "label2": "contradiction", "label3": "contradiction", "label4": "contradiction", "label5": "contradiction"}, {"guid": "klue-nli-v1_train_00011", "genre": "wikipedia", "premise": "10\ub144 \uc804 \ud55c \ubcd1\uc6d0\uc5d0\uc11c \uc785\uc6d0 \uc911\uc778 \ud55c \uc18c\ub140\uac00 \uc2e4\uc885\ub418\ub294 \uc0ac\uac74\uc774 \uc77c\uc5b4\ub098\uc9c0\ub9cc, \ubaa9\uaca9\uc790\ub3c4 \uc0ac\uac74\uc758 \ub2e8\uc11c\ub3c4 \ucc3e\uc9c0 \ubabb\ud55c \ucc44 \uc18c\ub140\ub294 \ub05d\ub0b4 \ub3cc\uc544\uc624\uc9c0 \uc54a\uc558\ub2e4.", "hypothesis": "10\ub144 \uc804 \ud55c \ubcd1\uc6d0\uc5d0\uc11c \uc785\uc6d0 \uc911\uc778 \uc18c\ub140\uac00 \uc2e4\uc885\ub41c\ub2e4.", "gold_label": "entailment", "author": "entailment", "label2": "entailment", "label3": "entailment", "label4": "entailment", "label5": "entailment"}, {"guid": "klue-nli-v1_train_00012", "genre": "wikipedia", "premise": "10\ub144 \uc804 \ud55c \ubcd1\uc6d0\uc5d0\uc11c \uc785\uc6d0 \uc911\uc778 \ud55c \uc18c\ub140\uac00 \uc2e4\uc885\ub418\ub294 \uc0ac\uac74\uc774 \uc77c\uc5b4\ub098\uc9c0\ub9cc, \ubaa9\uaca9\uc790\ub3c4 \uc0ac\uac74\uc758 \ub2e8\uc11c\ub3c4 \ucc3e\uc9c0 \ubabb\ud55c \ucc44 \uc18c\ub140\ub294 \ub05d\ub0b4 \ub3cc\uc544\uc624\uc9c0 \uc54a\uc558\ub2e4.", "hypothesis": "10\ub144 \ud6c4 \uacfc\ud559 \uae30\uc220\uc774 \ubc1c\ub2ec\ub418\uc5b4 10\ub144\uc804 \ucc3e\uc9c0 \ubabb\ud588\ub358 \uc18c\ub140\ub97c \ucc3e\uac8c\ub41c\ub2e4.", "gold_label": "neutral", "author": "neutral", "label2": "neutral", "label3": "neutral", "label4": "neutral", "label5": "contradiction"}, {"guid": "klue-nli-v1_train_00013", "genre": "wikipedia", "premise": "10\ub144 \uc804, \uacf5\ub3d9\uc721\uc544\ub97c \ub9e4\uac1c\ub85c \uc131\ubbf8\uc0b0 \ub9c8\uc744\uc5d0 \ub4e4\uc5b4\uc640 \uc0b0 \uac15\uc11d\ud544, \ud64d\ud615\uc219 \ubd80\ubd80\ub294 \ub9e5\uac00\uc774\ubc84\uc640 \ud638\ud638\ub77c\ub294 \ubcc4\uba85\uc73c\ub85c \ubd88\ub9b0\ub2e4.", "hypothesis": "\uac15\uc11d\ud544, \ud64d\ud615\uc219 \ubd80\ubd80\uac00 \uc131\ubbf8\uc0b0 \ub9c8\uc744\uc5d0 \ub4e4\uc5b4\uc628 \uc774\uc720\ub294 \uc694\uc591\uc774\uc5c8\ub2e4.", "gold_label": "contradiction", "author": "contradiction", "label2": "contradiction", "label3": "contradiction", "label4": "contradiction", "label5": "contradiction"}, {"guid": "klue-nli-v1_train_00014", "genre": "wikipedia", "premise": "10\ub144 \uc804, \uacf5\ub3d9\uc721\uc544\ub97c \ub9e4\uac1c\ub85c \uc131\ubbf8\uc0b0 \ub9c8\uc744\uc5d0 \ub4e4\uc5b4\uc640 \uc0b0 \uac15\uc11d\ud544, \ud64d\ud615\uc219 \ubd80\ubd80\ub294 \ub9e5\uac00\uc774\ubc84\uc640 \ud638\ud638\ub77c\ub294 \ubcc4\uba85\uc73c\ub85c \ubd88\ub9b0\ub2e4.", "hypothesis": "\uac15\uc11d\ud544, \ud64d\ud615\uc219 \ubd80\ubd80\ub294 \ub9c8\uc744\uc5d0\uc11c \uc88b\uc740 \ud3c9\ud310\uc744 \uac00\uc9c0\uace0 \uc788\ub2e4.", "gold_label": "neutral", "author": "neutral", "label2": "neutral", "label3": "neutral", "label4": "neutral", "label5": "neutral"}, {"guid": "klue-nli-v1_train_00015", "genre": "wikipedia", "premise": "10\ub144 \uc804, \uacf5\ub3d9\uc721\uc544\ub97c \ub9e4\uac1c\ub85c \uc131\ubbf8\uc0b0 \ub9c8\uc744\uc5d0 \ub4e4\uc5b4\uc640 \uc0b0 \uac15\uc11d\ud544, \ud64d\ud615\uc219 \ubd80\ubd80\ub294 \ub9e5\uac00\uc774\ubc84\uc640 \ud638\ud638\ub77c\ub294 \ubcc4\uba85\uc73c\ub85c \ubd88\ub9b0\ub2e4.", "hypothesis": "\uac15\uc11d\ud544, \ud64d\ud615\uc219 \ubd80\ubd80\uac00 \uc131\ubbf8\uc0b0 \ub9c8\uc744\uc5d0 \ub4e4\uc5b4\uc628 \uac83\uc740 10\ub144\uc804\uc774\ub2e4.", "gold_label": "entailment", "author": "entailment", "label2": "entailment", "label3": "entailment", "label4": "entailment", "label5": "entailment"}, {"guid": "klue-nli-v1_train_00016", "genre": "wikipedia", "premise": "10\ub144 \ud6c4, 16\uc0b4\uc774 \ub41c \uc0ac\ucfe0\ub77c\ucf54\ub294 \uc8fc\uc704\uc758 \ubc18\ub300\ub97c \ubb34\ub985\uc4f0\uace0 \ub3c4\ucfc4\uc74c\uc545\ud559\uad50 \uc9c4\ud559\uc744 \ud76c\ub9dd\ud55c\ub2e4.", "hypothesis": "\uc0ac\ucfe0\ub77c\ucf54\ub294 \uc5b4\ub9b4 \ub54c\ubd80\ud130 \uc74c\uc545\ud559\uad50 \uc9c4\ud559\uc744 \uafc8\uafd4\uc654\ub2e4.", "gold_label": "neutral", "author": "neutral", "label2": "neutral", "label3": "neutral", "label4": "neutral", "label5": "entailment"}, {"guid": "klue-nli-v1_train_00017", "genre": "wikipedia", "premise": "10\ub144 \ud6c4, 16\uc0b4\uc774 \ub41c \uc0ac\ucfe0\ub77c\ucf54\ub294 \uc8fc\uc704\uc758 \ubc18\ub300\ub97c \ubb34\ub985\uc4f0\uace0 \ub3c4\ucfc4\uc74c\uc545\ud559\uad50 \uc9c4\ud559\uc744 \ud76c\ub9dd\ud55c\ub2e4.", "hypothesis": "\uc0ac\ucfe0\ub77c\ucf54\ub294 \uc74c\uc545\ud559\uad50 \uc9c4\ud559\uc744 \ud76c\ub9dd\ud55c\ub2e4.", "gold_label": "entailment", "author": "entailment", "label2": "entailment", "label3": "entailment", "label4": "entailment", "label5": "entailment"}, {"guid": "klue-nli-v1_train_00018", "genre": "wikipedia", "premise": "10\ub144 \ud6c4, 16\uc0b4\uc774 \ub41c \uc0ac\ucfe0\ub77c\ucf54\ub294 \uc8fc\uc704\uc758 \ubc18\ub300\ub97c \ubb34\ub985\uc4f0\uace0 \ub3c4\ucfc4\uc74c\uc545\ud559\uad50 \uc9c4\ud559\uc744 \ud76c\ub9dd\ud55c\ub2e4.", "hypothesis": "\uc0ac\ucfe0\ub77c\ucf54\uc758 \uc8fc\uc704\ub294 \uc0ac\ucfe0\ub77c\ucf54\uac00 \ub3c4\ucfc4\uc74c\uc545\ud559\uad50\uc5d0 \uc9c4\ud559\ud558\ub294 \uac83\uc744 \uc801\uadf9 \ucc2c\uc131\ud55c\ub2e4.", "gold_label": "contradiction", "author": "contradiction", "label2": "contradiction", "label3": "contradiction", "label4": "contradiction", "label5": "contradiction"}, {"guid": "klue-nli-v1_train_00019", "genre": "NSMC", "premise": "10\ub144\uc804 \ub098\ub97c \ub9e4\ub8cc\uc2dc\ucf30\ub358 \ubb18\ud558\uace0 \uba4b\uc9c4\uc601\ud654", "hypothesis": "10\ub144 \uc804\uc5d0 \ub098\ub97c \uc2e4\ub9dd\uc2dc\ucf30\ub358 \uc601\ud654.", "gold_label": "contradiction", "author": "contradiction", "label2": "contradiction", "label3": "contradiction", "label4": "contradiction", "label5": "contradiction"}, {"guid": "klue-nli-v1_train_00020", "genre": "NSMC", "premise": "10\ub144\uc804 \ub098\ub97c \ub9e4\ub8cc\uc2dc\ucf30\ub358 \ubb18\ud558\uace0 \uba4b\uc9c4\uc601\ud654", "hypothesis": "\uc61b\ub0a0\uc5d0 \ub098\ub97c \uc0ac\ub85c\uc7a1\uc740 \uc601\ud654.", "gold_label": "entailment", "author": "entailment", "label2": "entailment", "label3": "entailment", "label4": "entailment", "label5": "entailment"}, {"guid": "klue-nli-v1_train_00021", "genre": "NSMC", "premise": "10\ub144\uc804 \ub098\ub97c \ub9e4\ub8cc\uc2dc\ucf30\ub358 \ubb18\ud558\uace0 \uba4b\uc9c4\uc601\ud654", "hypothesis": "\ub098\ub97c \ub9e4\ub8cc\uc2dc\ucf30\ub358 \ubb18\ud55c \uc778\ub514 \uc601\ud654.", "gold_label": "neutral", "author": "neutral", "label2": "neutral", "label3": "neutral", "label4": "neutral", "label5": "neutral"}, {"guid": "klue-nli-v1_train_00022", "genre": "airbnb", "premise": "10\ubd84\ub0b4\uc678 \uc8fc\ubcc0\uc5d0 \ub9c8\ud2b8\uac00 3\uacf3\uc774 \uc788\uc2b5\ub2c8\ub2e4.", "hypothesis": "\uac00\uc7a5 \ud070 \ub9c8\ud2b8\ub294 \uac00\uc7a5 \uac00\uae4c\uc774 \uc788\uc2b5\ub2c8\ub2e4.", "gold_label": "neutral", "author": "neutral", "label2": "neutral", "label3": "neutral", "label4": "neutral", "label5": "neutral"}, {"guid": "klue-nli-v1_train_00023", "genre": "airbnb", "premise": "10\ubd84\ub0b4\uc678 \uc8fc\ubcc0\uc5d0 \ub9c8\ud2b8\uac00 3\uacf3\uc774 \uc788\uc2b5\ub2c8\ub2e4.", "hypothesis": "\uac00\uae4c\uc774\uc5d0 \ub9c8\ud2b8\uac00 \uc788\uc2b5\ub2c8\ub2e4.", "gold_label": "entailment", "author": "entailment", "label2": "neutral", "label3": "entailment", "label4": "entailment", "label5": "entailment"}, {"guid": "klue-nli-v1_train_00024", "genre": "airbnb", "premise": "10\ubd84\ub0b4\uc678 \uc8fc\ubcc0\uc5d0 \ub9c8\ud2b8\uac00 3\uacf3\uc774 \uc788\uc2b5\ub2c8\ub2e4.", "hypothesis": "30\ubd84 \uac70\ub9ac \ub0b4\uc5d0\ub294 \uc74c\uc2dd\uc810 \ubfd0\uc785\ub2c8\ub2e4.", "gold_label": "neutral", "author": "contradiction", "label2": "neutral", "label3": "neutral", "label4": "contradiction", "label5": "neutral"}, {"guid": "klue-nli-v1_train_00025", "genre": "wikipedia", "premise": "10\uc0b4 \uc18c\ub144 \uc6b0\uc8fc\ub294 \uc5b4\ub290 \ub0a0 \uc9d1 \ub300\uccad\uc18c\ub97c \ud558\ub358 \uc911 \ucc9c\uc7ac \uacfc\ud559\uc790\uc778 \ud560\uc544\ubc84\uc9c0, \uc6a9\uc774 \ub0a8\uae34 \ubb3c\uac74\uc744 \ubc1c\uacac\ud55c\ub2e4.", "hypothesis": "\uc6b0\uc8fc\ub294 \ucc9c\uc7ac \uacfc\ud559\uc790 \uc6a9\uc758 \uc190\ub140\uc774\ub2e4.", "gold_label": "contradiction", "author": "contradiction", "label2": "contradiction", "label3": "contradiction", "label4": "contradiction", "label5": "contradiction"}, {"guid": "klue-nli-v1_train_00026", "genre": "wikipedia", "premise": "10\uc0b4 \uc18c\ub144 \uc6b0\uc8fc\ub294 \uc5b4\ub290 \ub0a0 \uc9d1 \ub300\uccad\uc18c\ub97c \ud558\ub358 \uc911 \ucc9c\uc7ac \uacfc\ud559\uc790\uc778 \ud560\uc544\ubc84\uc9c0, \uc6a9\uc774 \ub0a8\uae34 \ubb3c\uac74\uc744 \ubc1c\uacac\ud55c\ub2e4.", "hypothesis": "\ucc9c\uc7ac \uacfc\ud559\uc790 \uc6a9\uc758 \uc804\ubb38\ubd84\uc57c\ub294 \ubb3c\ub9ac\uc5ed\ud559\uc774\ub2e4.", "gold_label": "neutral", "author": "neutral", "label2": "neutral", "label3": "neutral", "label4": "neutral", "label5": "neutral"}, {"guid": "klue-nli-v1_train_00027", "genre": "wikipedia", "premise": "10\uc0b4 \uc18c\ub144 \uc6b0\uc8fc\ub294 \uc5b4\ub290 \ub0a0 \uc9d1 \ub300\uccad\uc18c\ub97c \ud558\ub358 \uc911 \ucc9c\uc7ac \uacfc\ud559\uc790\uc778 \ud560\uc544\ubc84\uc9c0, \uc6a9\uc774 \ub0a8\uae34 \ubb3c\uac74\uc744 \ubc1c\uacac\ud55c\ub2e4.", "hypothesis": "\uc6b0\uc8fc\uc758 \ud560\uc544\ubc84\uc9c0 \uc6a9\uc740 \ucc9c\uc7ac \uacfc\ud559\uc790\uc774\ub2e4.", "gold_label": "entailment", "author": "entailment", "label2": "entailment", "label3": "entailment", "label4": "entailment", "label5": "entailment"}, {"guid": "klue-nli-v1_train_00028", "genre": "NSMC", "premise": "10\uc5b5\uc810 \uc8fc\uace0\uc2f6\uc740 \uc601\ud654\ud37c\uc2a4 \ucc38\uc744 \uc218 \uc5c6\ub294 \uadf8\ub9ac\uc6c0", "hypothesis": "\ud37c\uc2a4 \ucc38\uc744 \uc218 \uc5c6\ub294 \uadf8\ub9ac\uc6c0\uc740 \ub4dc\ub77c\ub9c8\ub2e4.", "gold_label": "contradiction", "author": "contradiction", "label2": "contradiction", "label3": "contradiction", "label4": "contradiction", "label5": "contradiction"}, {"guid": "klue-nli-v1_train_00029", "genre": "NSMC", "premise": "10\uc5b5\uc810 \uc8fc\uace0\uc2f6\uc740 \uc601\ud654\ud37c\uc2a4 \ucc38\uc744 \uc218 \uc5c6\ub294 \uadf8\ub9ac\uc6c0", "hypothesis": "\ud37c\uc2a4 \ucc38\uc744 \uc218 \uc5c6\ub294 \uadf8\ub9ac\uc6c0\uc5d0 \ud3c9\uc810\uc740 10\uc810\ubc16\uc5d0 \uc904 \uc218 \uc5c6\uc5c8\ub2e4.", "gold_label": "neutral", "author": "neutral", "label2": "neutral", "label3": "entailment", "label4": "neutral", "label5": "contradiction"}, {"guid": "klue-nli-v1_train_00030", "genre": "NSMC", "premise": "10\uc5b5\uc810 \uc8fc\uace0\uc2f6\uc740 \uc601\ud654\ud37c\uc2a4 \ucc38\uc744 \uc218 \uc5c6\ub294 \uadf8\ub9ac\uc6c0", "hypothesis": "\ud37c\uc2a4 \ucc38\uc744 \uc218 \uc5c6\ub294 \uadf8\ub9ac\uc6c0\uc740 10\uc5b5\uc810 \uc8fc\uace0 \uc2f6\uc740 \uc601\ud654\ub2e4.", "gold_label": "entailment", "author": "entailment", "label2": "entailment", "label3": "entailment", "label4": "entailment", "label5": "entailment"}, {"guid": "klue-nli-v1_train_00031", "genre": "wikipedia", "premise": "10\uc5ec \ub144 \ub9cc\uc5d0 \ucd9c\uc18c\ud55c \uae08\uace0 \ud138\uc774\ubc94 \uc544\ubc84\uc9c0 \uc815\ub3c4\uc758 \ub4f1\uc7a5\uc73c\ub85c \uc544\ub4e4 \ubd09\uc218\uc640 \uba70\ub290\ub9ac\ub294 \ub180\ub780\ub2e4.", "hypothesis": "\uc815\ub3c4\uc5d0\uac8c\ub294 \uc544\ub4e4\uc774 \uc5c6\ub2e4.", "gold_label": "contradiction", "author": "contradiction", "label2": "contradiction", "label3": "contradiction", "label4": "contradiction", "label5": "contradiction"}, {"guid": "klue-nli-v1_train_00032", "genre": "wikipedia", "premise": "10\uc5ec \ub144 \ub9cc\uc5d0 \ucd9c\uc18c\ud55c \uae08\uace0 \ud138\uc774\ubc94 \uc544\ubc84\uc9c0 \uc815\ub3c4\uc758 \ub4f1\uc7a5\uc73c\ub85c \uc544\ub4e4 \ubd09\uc218\uc640 \uba70\ub290\ub9ac\ub294 \ub180\ub780\ub2e4.", "hypothesis": "\uc815\ub3c4\ub294 \uac10\uc625\uc5d0\uc11c \ubaa8\ubc94\uc218\uc600\ub2e4.", "gold_label": "neutral", "author": "neutral", "label2": "neutral", "label3": "neutral", "label4": "neutral", "label5": "neutral"}, {"guid": "klue-nli-v1_train_00033", "genre": "wikipedia", "premise": "10\uc5ec \ub144 \ub9cc\uc5d0 \ucd9c\uc18c\ud55c \uae08\uace0 \ud138\uc774\ubc94 \uc544\ubc84\uc9c0 \uc815\ub3c4\uc758 \ub4f1\uc7a5\uc73c\ub85c \uc544\ub4e4 \ubd09\uc218\uc640 \uba70\ub290\ub9ac\ub294 \ub180\ub780\ub2e4.", "hypothesis": "\uc815\ub3c4\ub294 \uae08\uace0 \ud138\uc774\ubc94\uc73c\ub85c \uac10\uc625\uc5d0 \uc788\uc5c8\ub2e4.", "gold_label": "entailment", "author": "entailment", "label2": "entailment", "label3": "entailment", "label4": "entailment", "label5": "entailment"}, {"guid": "klue-nli-v1_train_00034", "genre": "wikinews", "premise": "10\uc6d4 29\uc77c \uae30\uc900, \uc804\uccb4 163\uac1c\uad6d\uc758 \ud68c\uc6d0\uad6d \uc911 104\uac1c\uad6d\uc774 \uc624\ucf58\uc870\uc774\uc6e8\uc54c\ub77c \ud6c4\ubcf4\ub97c \uc9c0\uc9c0\ud558\ub294 \uac83\uc73c\ub85c \uc54c\ub824\uc84c\ub2e4.", "hypothesis": "10\uc6d4 29\uc77c \uae30\uc900 \ubaa8\ub4e0 \ud68c\uc6d0\uad6d\uc774 \uc624\ucf58\uc870\uc774\uc6e8\uc54c\ub77c \ud6c4\ubcf4\ub97c \uc9c0\uc9c0\ud558\ub294 \uac83\uc73c\ub85c \uc54c\ub824\uc84c\ub2e4.", "gold_label": "contradiction", "author": "contradiction", "label2": "contradiction", "label3": "contradiction", "label4": "contradiction", "label5": "contradiction"}, {"guid": "klue-nli-v1_train_00035", "genre": "wikinews", "premise": "10\uc6d4 29\uc77c \uae30\uc900, \uc804\uccb4 163\uac1c\uad6d\uc758 \ud68c\uc6d0\uad6d \uc911 104\uac1c\uad6d\uc774 \uc624\ucf58\uc870\uc774\uc6e8\uc54c\ub77c \ud6c4\ubcf4\ub97c \uc9c0\uc9c0\ud558\ub294 \uac83\uc73c\ub85c \uc54c\ub824\uc84c\ub2e4.", "hypothesis": "10\uc6d4 27\uc77c\uacfc \ube44\uad50\ud574\ubd24\uc744\ub54c \uc9c0\uc9c0\ud558\ub294 \uad6d\uac00\uc758 \uc218\uac00 \uac10\uc18c\ud588\ub2e4.", "gold_label": "neutral", "author": "neutral", "label2": "neutral", "label3": "neutral", "label4": "neutral", "label5": "neutral"}, {"guid": "klue-nli-v1_train_00036", "genre": "wikinews", "premise": "10\uc6d4 29\uc77c \uae30\uc900, \uc804\uccb4 163\uac1c\uad6d\uc758 \ud68c\uc6d0\uad6d \uc911 104\uac1c\uad6d\uc774 \uc624\ucf58\uc870\uc774\uc6e8\uc54c\ub77c \ud6c4\ubcf4\ub97c \uc9c0\uc9c0\ud558\ub294 \uac83\uc73c\ub85c \uc54c\ub824\uc84c\ub2e4.", "hypothesis": "10\uc6d4 29\uc77c \uae30\uc900 163\uac1c \ud68c\uc6d0\uad6d\uc911 59\uac1c \ud68c\uc6d0\uad6d\uc774 \uc624\ucf58\uc870\uc774\uc6e8\uc54c\ub77c \ud6c4\ubcf4\ub97c \uc9c0\uc9c0\ud558\uc9c0 \uc54a\ub294 \uac83\uc73c\ub85c \uc54c\ub824\uc84c\ub2e4.", "gold_label": "entailment", "author": "entailment", "label2": "entailment", "label3": "contradiction", "label4": "contradiction", "label5": "entailment"}, {"guid": "klue-nli-v1_train_00037", "genre": "policy", "premise": "10\uc6d4\ubd80\ud130\ub294 \uc544\ub3d9\ubcf4\ud638\uc804\ubb38\uae30\uad00\uc774 \uc218\ud589\ud558\ub358 \ud604\uc7a5\uc870\uc0ac, \uc751\uae09\uc870\uce58 \ub4f1 \uad00\ub828\uc870\uce58\ub97c \uc9c0\uc790\uccb4 \uc18c\uc18d \uc544\ub3d9\ud559\ub300\uc804\ub2f4\uacf5\ubb34\uc6d0\uc774 \uc218\ud589\ud55c\ub2e4.", "hypothesis": "\uc9c0\uc790\uccb4 \uc18c\uc18d \uc544\ub3d9\ud559\ub300\uc804\ub2f4\uacf5\ubb34\uc6d0\uc740 \uc544\ub3d9\ubcf4\ud638\uc804\ubb38\uae30\uad00\uacfc \ud611\ub825\ud558\uc5ec \uad00\ub828\uc870\uce58\ub97c \uc218\ud589\ud55c\ub2e4.", "gold_label": "contradiction", "author": "neutral", "label2": "neutral", "label3": "contradiction", "label4": "contradiction", "label5": "contradiction"}, {"guid": "klue-nli-v1_train_00038", "genre": "policy", "premise": "10\uc6d4\ubd80\ud130\ub294 \uc544\ub3d9\ubcf4\ud638\uc804\ubb38\uae30\uad00\uc774 \uc218\ud589\ud558\ub358 \ud604\uc7a5\uc870\uc0ac, \uc751\uae09\uc870\uce58 \ub4f1 \uad00\ub828\uc870\uce58\ub97c \uc9c0\uc790\uccb4 \uc18c\uc18d \uc544\ub3d9\ud559\ub300\uc804\ub2f4\uacf5\ubb34\uc6d0\uc774 \uc218\ud589\ud55c\ub2e4.", "hypothesis": "10\uc6d4\ubd80\ud130\ub294 \ud604\uc7a5\uc870\uc0ac, \uc751\uae09\uc870\uce58 \ub4f1 \uad00\ub828\uc870\uce58\ub97c \uc544\ub3d9\ubcf4\ud638\uc804\ubb38\uae30\uad00\uc774 \uc804\ub2f4\ud558\uc5ec \uc218\ud589\ud55c\ub2e4.", "gold_label": "contradiction", "author": "contradiction", "label2": "contradiction", "label3": "contradiction", "label4": "contradiction", "label5": "entailment"}, {"guid": "klue-nli-v1_train_00039", "genre": "policy", "premise": "10\uc6d4\ubd80\ud130\ub294 \uc544\ub3d9\ubcf4\ud638\uc804\ubb38\uae30\uad00\uc774 \uc218\ud589\ud558\ub358 \ud604\uc7a5\uc870\uc0ac, \uc751\uae09\uc870\uce58 \ub4f1 \uad00\ub828\uc870\uce58\ub97c \uc9c0\uc790\uccb4 \uc18c\uc18d \uc544\ub3d9\ud559\ub300\uc804\ub2f4\uacf5\ubb34\uc6d0\uc774 \uc218\ud589\ud55c\ub2e4.", "hypothesis": "10\uc6d4 \uc774\uc804\uc5d0\ub294 \uc544\ub3d9\ubcf4\ud638\uc804\ubb38\uae30\uad00\uc774 \ud604\uc7a5\uc870\uc0ac, \uc751\uae09\uc870\uce58 \ub4f1 \uad00\ub828\uc870\uce58\ub97c \uc218\ud589\ud588\uc5c8\ub2e4.", "gold_label": "entailment", "author": "entailment", "label2": "entailment", "label3": "entailment", "label4": "entailment", "label5": "entailment"}, {"guid": "klue-nli-v1_train_00040", "genre": "wikinews", "premise": "10\uc77c \uc804\uad6d \ub300\ubd80\ubd84 \uc9c0\uc5ed\uc758 \uc544\uce68 \uae30\uc628\uc774 \ub300\ubd80\ubd84 5\ub3c4 \uc774\ud558\ub85c \ub0b4\ub824\uac00\uba74\uc11c \ucd94\uc6b4 \ub0a0\uc528\uac00 \uc774\uc5b4\uc9c8 \uc608\uc815\uc774\ub2e4.", "hypothesis": "10\uc77c \ucd94\uc6b4 \ub0a0\uc528\uac00 \uc774\uc5b4\uc9c8 \uc608\uc815\uc778 \uacf3\uc740 \uc804\uad6d\uc5d0\uc11c \ud55c \uad70\ub370\ubfd0\uc774\ub2e4.", "gold_label": "contradiction", "author": "contradiction", "label2": "contradiction", "label3": "contradiction", "label4": "contradiction", "label5": "contradiction"}, {"guid": "klue-nli-v1_train_00041", "genre": "wikinews", "premise": "10\uc77c \uc804\uad6d \ub300\ubd80\ubd84 \uc9c0\uc5ed\uc758 \uc544\uce68 \uae30\uc628\uc774 \ub300\ubd80\ubd84 5\ub3c4 \uc774\ud558\ub85c \ub0b4\ub824\uac00\uba74\uc11c \ucd94\uc6b4 \ub0a0\uc528\uac00 \uc774\uc5b4\uc9c8 \uc608\uc815\uc774\ub2e4.", "hypothesis": "\uc804\uad6d\uc758 \uc544\uce68 \uae30\uc628\uc774 \uc601\uc0c1 10\ub3c4 \uc774\uc0c1\uc73c\ub85c \uc62c\ub77c\uac04 \uc801\uc740 \uc5c6\ub2e4.", "gold_label": "neutral", "author": "neutral", "label2": "neutral", "label3": "neutral", "label4": "neutral", "label5": "neutral"}, {"guid": "klue-nli-v1_train_00042", "genre": "wikinews", "premise": "10\uc77c \uc804\uad6d \ub300\ubd80\ubd84 \uc9c0\uc5ed\uc758 \uc544\uce68 \uae30\uc628\uc774 \ub300\ubd80\ubd84 5\ub3c4 \uc774\ud558\ub85c \ub0b4\ub824\uac00\uba74\uc11c \ucd94\uc6b4 \ub0a0\uc528\uac00 \uc774\uc5b4\uc9c8 \uc608\uc815\uc774\ub2e4.", "hypothesis": "\uc804\uad6d\uc5d0\uc11c \uc77c\ubd80 \uc9c0\uc5ed\uc740 \uc601\ud654 5\ub3c4 \uc544\ub798\ub85c \ub0b4\ub824\uac00\uc9c0 \uc54a\ub294\ub2e4.", "gold_label": "neutral", "author": "entailment", "label2": "neutral", "label3": "neutral", "label4": "neutral", "label5": "contradiction"}, {"guid": "klue-nli-v1_train_00043", "genre": "wikitree", "premise": "10\uc77c \uc804\ubd81 \uc804\uc8fc\uc644\uc0b0\uc18c\ubc29\uc11c\uc5d0 \ub530\ub974\uba74 6\uc6d4 \ub4e4\uc5b4 \uc57d 10\uc77c\uac04 20\uc5ec\uac74\uc758 \ubc8c\uc9d1\uc81c\uac70 \uc2e0\uace0 \uc694\uccad\uc744 \ubc1b\uace0 \ud604\uc7a5\uc5d0 \ucd9c\ub3d9\ud558\ub294 \ub4f1 \uc810\ucc28 \uc2e0\uace0\uac74\uc218\uac00 \uc99d\uac00 \ucd94\uc138\ub97c \ubcf4\uc774\uace0 \uc788\ub2e4.", "hypothesis": "\uc804\uc8fc\uc644\uc0b0\uc18c\ubc29\uc11c\ub294 \ubc8c\uc9d1\uc81c\uac70 \uc2e0\uace0\ub294 \ubb34\uc2dc\ud55c\ub2e4.", "gold_label": "contradiction", "author": "contradiction", "label2": "contradiction", "label3": "contradiction", "label4": "contradiction", "label5": "contradiction"}, {"guid": "klue-nli-v1_train_00044", "genre": "wikitree", "premise": "10\uc77c \uc804\ubd81 \uc804\uc8fc\uc644\uc0b0\uc18c\ubc29\uc11c\uc5d0 \ub530\ub974\uba74 6\uc6d4 \ub4e4\uc5b4 \uc57d 10\uc77c\uac04 20\uc5ec\uac74\uc758 \ubc8c\uc9d1\uc81c\uac70 \uc2e0\uace0 \uc694\uccad\uc744 \ubc1b\uace0 \ud604\uc7a5\uc5d0 \ucd9c\ub3d9\ud558\ub294 \ub4f1 \uc810\ucc28 \uc2e0\uace0\uac74\uc218\uac00 \uc99d\uac00 \ucd94\uc138\ub97c \ubcf4\uc774\uace0 \uc788\ub2e4.", "hypothesis": "\uc804\uc8fc\uc644\uc0b0\uc18c\ubc29\uc11c\ub294 \ubc8c\uc9d1\uc81c\uac70 \uc758\ubb34\uac00 \uc788\ub2e4.", "gold_label": "neutral", "author": "neutral", "label2": "neutral", "label3": "entailment", "label4": "neutral", "label5": "entailment"}, {"guid": "klue-nli-v1_train_00045", "genre": "wikitree", "premise": "10\uc77c \uc804\ubd81 \uc804\uc8fc\uc644\uc0b0\uc18c\ubc29\uc11c\uc5d0 \ub530\ub974\uba74 6\uc6d4 \ub4e4\uc5b4 \uc57d 10\uc77c\uac04 20\uc5ec\uac74\uc758 \ubc8c\uc9d1\uc81c\uac70 \uc2e0\uace0 \uc694\uccad\uc744 \ubc1b\uace0 \ud604\uc7a5\uc5d0 \ucd9c\ub3d9\ud558\ub294 \ub4f1 \uc810\ucc28 \uc2e0\uace0\uac74\uc218\uac00 \uc99d\uac00 \ucd94\uc138\ub97c \ubcf4\uc774\uace0 \uc788\ub2e4.", "hypothesis": "\ubc8c\uc9d1\uc744 \uc5c6\uc560\ub2ec\ub77c\ub294 \uc2e0\uace0\uc758 \uc218\uac00 \ub192\uc544\uc84c\ub2e4.", "gold_label": "entailment", "author": "entailment", "label2": "entailment", "label3": "entailment", "label4": "neutral", "label5": "entailment"}, {"guid": "klue-nli-v1_train_00046", "genre": "NSMC", "premise": "10\uc810 \ub9cc\uc810\uc5d0 10\uc810 \ub208\uc744 \ub5c4 \uc218\uac00 \uc5c6\ub2e4.", "hypothesis": "10\uc810\uc744 \uc904 \uac00\uce58\uac00 \uc5c6\ub2e4.", "gold_label": "contradiction", "author": "contradiction", "label2": "contradiction", "label3": "contradiction", "label4": "contradiction", "label5": "contradiction"}, {"guid": "klue-nli-v1_train_00047", "genre": "NSMC", "premise": "10\uc810 \ub9cc\uc810\uc5d0 10\uc810 \ub208\uc744 \ub5c4 \uc218\uac00 \uc5c6\ub2e4.", "hypothesis": "\uc678\ubaa8\uac00 \uc544\ub984\ub2e4\uc6cc \ub208\uc744 \ub5c4 \uc218\uac00 \uc5c6\ub2e4.", "gold_label": "neutral", "author": "neutral", "label2": "neutral", "label3": "neutral", "label4": "neutral", "label5": "neutral"}, {"guid": "klue-nli-v1_train_00048", "genre": "NSMC", "premise": "10\uc810 \ub9cc\uc810\uc5d0 10\uc810 \ub208\uc744 \ub5c4 \uc218\uac00 \uc5c6\ub2e4.", "hypothesis": "\ub208\uc744 \ub5c4 \uc218\uac00 \uc5c6\uc744 \uc815\ub3c4\ub85c \ucd5c\uace0\ub2e4.", "gold_label": "entailment", "author": "entailment", "label2": "entailment", "label3": "entailment", "label4": "entailment", "label5": "entailment"}, {"guid": "klue-nli-v1_train_00049", "genre": "NSMC", "premise": "10\uc810 \ub9cc\uc810\uc5d0 10\uc810\uc744 \uc918\ub3c4 \ubd80\uc871\ud55c \ub4dc\ub77c\ub9c8\uc785\ub2c8\ub2e4.", "hypothesis": "\ube75\uc810\uc744 \uc918\ub3c4 \ubaa8\uc790\ub780 \uc791\ud488\uc785\ub2c8\ub2e4.", "gold_label": "contradiction", "author": "contradiction", "label2": "contradiction", "label3": "contradiction", "label4": "contradiction", "label5": "contradiction"}, {"guid": "klue-nli-v1_train_00050", "genre": "NSMC", "premise": "10\uc810 \ub9cc\uc810\uc5d0 10\uc810\uc744 \uc918\ub3c4 \ubd80\uc871\ud55c \ub4dc\ub77c\ub9c8\uc785\ub2c8\ub2e4.", "hypothesis": "\ub4dc\ub77c\ub9c8\uc758 \ub0b4\uc6a9\uc774 \ub9cc\uc810\uc785\ub2c8\ub2e4.", "gold_label": "neutral", "author": "neutral", "label2": "neutral", "label3": "neutral", "label4": "entailment", "label5": "entailment"}, {"guid": "klue-nli-v1_train_00051", "genre": "NSMC", "premise": "10\uc810 \ub9cc\uc810\uc5d0 10\uc810\uc744 \uc918\ub3c4 \ubd80\uc871\ud55c \ub4dc\ub77c\ub9c8\uc785\ub2c8\ub2e4.", "hypothesis": "10\uc810 \ub9cc\uc810\uc744 \ub118\ub294 \uc810\uc218\ub97c \uc8fc\uace0 \uc2f6\uc740 \ub4dc\ub77c\ub9c8\uc785\ub2c8\ub2e4.", "gold_label": "entailment", "author": "entailment", "label2": "entailment", "label3": "entailment", "label4": "entailment", "label5": "entailment"}, {"guid": "klue-nli-v1_train_00052", "genre": "wikinews", "premise": "11\uc6d4 11\uc77c, \uc804\ud6a8\uc131\uc758 \uc815\ubcf4\ub85c \ucd94\uc815\ub418\ub294 \ub300\ud559\uad50 \ub4f1\ub85d \uc815\ubcf4\uc640 \uad00\ub828\ub41c \ubb38\uc11c\uac00 \uacf5\uac1c\ub418\uc5c8\uc73c\uba70, \ubb38\uc11c\uc5d0 \ub530\ub974\uba74 \uc774 \uc5ec\uc131\uc758 \uc774\ub984\uc774 \uc804\ud6a8\uc131\uc774\ub2e4.", "hypothesis": "\ub300\ud559\uad50 \ub4f1\ub85d \uad00\ub828 \ubb38\uc11c\ub294 SNS\ub97c \ud1b5\ud574 \uacf5\uac1c\ub418\uc5c8\ub2e4.", "gold_label": "neutral", "author": "neutral", "label2": "contradiction", "label3": "neutral", "label4": "neutral", "label5": "neutral"}, {"guid": "klue-nli-v1_train_00053", "genre": "wikinews", "premise": "11\uc6d4 11\uc77c, \uc804\ud6a8\uc131\uc758 \uc815\ubcf4\ub85c \ucd94\uc815\ub418\ub294 \ub300\ud559\uad50 \ub4f1\ub85d \uc815\ubcf4\uc640 \uad00\ub828\ub41c \ubb38\uc11c\uac00 \uacf5\uac1c\ub418\uc5c8\uc73c\uba70, \ubb38\uc11c\uc5d0 \ub530\ub974\uba74 \uc774 \uc5ec\uc131\uc758 \uc774\ub984\uc774 \uc804\ud6a8\uc131\uc774\ub2e4.", "hypothesis": "\uc804\ud6a8\uc131\uc758 \uc815\ubcf4\ub85c \ucd94\uc815\ub418\ub294 \uad00\ub828 \uc815\ubcf4\ub294 \uc5c6\uc5c8\ub2e4.", "gold_label": "contradiction", "author": "contradiction", "label2": "contradiction", "label3": "contradiction", "label4": "contradiction", "label5": "contradiction"}, {"guid": "klue-nli-v1_train_00054", "genre": "wikinews", "premise": "11\uc6d4 11\uc77c, \uc804\ud6a8\uc131\uc758 \uc815\ubcf4\ub85c \ucd94\uc815\ub418\ub294 \ub300\ud559\uad50 \ub4f1\ub85d \uc815\ubcf4\uc640 \uad00\ub828\ub41c \ubb38\uc11c\uac00 \uacf5\uac1c\ub418\uc5c8\uc73c\uba70, \ubb38\uc11c\uc5d0 \ub530\ub974\uba74 \uc774 \uc5ec\uc131\uc758 \uc774\ub984\uc774 \uc804\ud6a8\uc131\uc774\ub2e4.", "hypothesis": "\uc804\ud6a8\uc131\uc73c\ub85c \ucd94\uc815\ub418\ub294 \ub300\ud559\uad50 \ub4f1\ub85d \uc815\ubcf4\uc640 \uad00\ub828\ub41c \ubb38\uc11c\uac00 \uacf5\uac1c\ub418\uc5c8\ub2e4.", "gold_label": "entailment", "author": "entailment", "label2": "entailment", "label3": "entailment", "label4": "entailment", "label5": "entailment"}, {"guid": "klue-nli-v1_train_00055", "genre": "wikinews", "premise": "11\uc6d4 15\uc77c \uc774\ud6c4 \uce58\ub7ec\uc9c0\ub294 \ubaa8\ub4e0 \ud3ec\uc2a4\ud2b8\uc2dc\uc98c \uacbd\uae30\ub294 \uace0\ucc99\uc2a4\uce74\uc774\ub3d4\uc5d0\uc11c \uc911\ub9bd\uacbd\uae30\ub85c \uc5f4\ub9b0\ub2e4.", "hypothesis": "10\uc6d4 \uc774\uc804\uc5d0 \uce58\ub7ec\uc9c0\ub294 \uacbd\uae30\ub9cc \uace0\ucc99\uc5d0\uc11c \uc5f4\ub9b0\ub2e4.", "gold_label": "contradiction", "author": "contradiction", "label2": "contradiction", "label3": "contradiction", "label4": "contradiction", "label5": "contradiction"}, {"guid": "klue-nli-v1_train_00056", "genre": "wikinews", "premise": "11\uc6d4 15\uc77c \uc774\ud6c4 \uce58\ub7ec\uc9c0\ub294 \ubaa8\ub4e0 \ud3ec\uc2a4\ud2b8\uc2dc\uc98c \uacbd\uae30\ub294 \uace0\ucc99\uc2a4\uce74\uc774\ub3d4\uc5d0\uc11c \uc911\ub9bd\uacbd\uae30\ub85c \uc5f4\ub9b0\ub2e4.", "hypothesis": "\uace0\ucc99\uc2a4\uce74\uc774\ub3d4\uc5d0\uc11c \uc5f4\ub9ac\ub294 \uacbd\uae30\uac00 \uc788\ub2e4.", "gold_label": "entailment", "author": "entailment", "label2": "entailment", "label3": "entailment", "label4": "entailment", "label5": "neutral"}, {"guid": "klue-nli-v1_train_00057", "genre": "wikinews", "premise": "11\uc6d4 15\uc77c \uc774\ud6c4 \uce58\ub7ec\uc9c0\ub294 \ubaa8\ub4e0 \ud3ec\uc2a4\ud2b8\uc2dc\uc98c \uacbd\uae30\ub294 \uace0\ucc99\uc2a4\uce74\uc774\ub3d4\uc5d0\uc11c \uc911\ub9bd\uacbd\uae30\ub85c \uc5f4\ub9b0\ub2e4.", "hypothesis": "\ud3ec\uc2a4\ud2b8\uc2dc\uc98c \uacbd\uae30\ub294 \ub2e4\ub978 \uacbd\uae30\ubcf4\ub2e4 \ub9e4\uc9c4\uc728\uc774 \ub192\ub2e4.", "gold_label": "neutral", "author": "neutral", "label2": "neutral", "label3": "neutral", "label4": "neutral", "label5": "neutral"}, {"guid": "klue-nli-v1_train_00058", "genre": "wikitree", "premise": "12\uc5b5 \uc6d0\uc5b4\uce58 \uc911\uad6d \uace8\ub3d9\ud488\uc744 \uc218\uc9d1\ud55c \uae40\ucc3d\ub798 \uc528\uc758 \uac70\ub4ed\ub418\ub294 \ubc18\uc804 \uc0ac\uc5f0\uc774 \ub4a4\ub2a6\uac8c \uc8fc\ubaa9\ubc1b\uace0 \uc788\ub2e4.", "hypothesis": "\uae40\ucc3d\ub798\uc528\uc758 \ubc18\uc804 \uc0ac\uc5f0\uc740 \ubb34\uad00\uc2ec \uc18d\uc5d0 \uc78a\ud600\uc84c\ub2e4.", "gold_label": "contradiction", "author": "contradiction", "label2": "contradiction", "label3": "neutral", "label4": "contradiction", "label5": "contradiction"}, {"guid": "klue-nli-v1_train_00059", "genre": "wikitree", "premise": "12\uc5b5 \uc6d0\uc5b4\uce58 \uc911\uad6d \uace8\ub3d9\ud488\uc744 \uc218\uc9d1\ud55c \uae40\ucc3d\ub798 \uc528\uc758 \uac70\ub4ed\ub418\ub294 \ubc18\uc804 \uc0ac\uc5f0\uc774 \ub4a4\ub2a6\uac8c \uc8fc\ubaa9\ubc1b\uace0 \uc788\ub2e4.", "hypothesis": "\uae40\ucc3d\ub798 \uc528\ub294 \uc0ac\uc5c5\uc758 \uc77c\ud658\uc73c\ub85c \uc911\uad6d \uace8\ub3d9\ud488\uc744 \uc218\uc9d1\ud588\ub2e4.", "gold_label": "neutral", "author": "neutral", "label2": "neutral", "label3": "neutral", "label4": "neutral", "label5": "neutral"}, {"guid": "klue-nli-v1_train_00060", "genre": "wikitree", "premise": "12\uc5b5 \uc6d0\uc5b4\uce58 \uc911\uad6d \uace8\ub3d9\ud488\uc744 \uc218\uc9d1\ud55c \uae40\ucc3d\ub798 \uc528\uc758 \uac70\ub4ed\ub418\ub294 \ubc18\uc804 \uc0ac\uc5f0\uc774 \ub4a4\ub2a6\uac8c \uc8fc\ubaa9\ubc1b\uace0 \uc788\ub2e4.", "hypothesis": "\uae40\ucc3d\ub798\uc528\ub294 \uc911\uad6d \uace8\ub3d9\ud488\uc744 \uc218\uc9d1\ud588\ub2e4.", "gold_label": "entailment", "author": "entailment", "label2": "entailment", "label3": "entailment", "label4": "entailment", "label5": "entailment"}, {"guid": "klue-nli-v1_train_00061", "genre": "policy", "premise": "12\uc6d4 10\uc77c\ubd80\ud130\ub294 \uace0\uc6a9\ubcf4\ud5d8 \uc0ac\uac01\uc9c0\ub300\uc5d0 \uc788\ub358 \uc608\uc220\uc778\ub3c4 \uace0\uc6a9\ubcf4\ud5d8 \uac00\uc785\ub300\uc0c1\uc5d0 \ud3ec\ud568\ub41c\ub2e4.", "hypothesis": "12\uc6d4 10\uc77c \uc774\ud6c4\uc5d0\ub3c4 \uc608\uc220\uc778\uc740 \uace0\uc6a9\ubcf4\ud5d8 \uc0ac\uac01\uc9c0\ub300\uc5d0 \uc788\ub2e4.", "gold_label": "contradiction", "author": "contradiction", "label2": "contradiction", "label3": "contradiction", "label4": "contradiction", "label5": "contradiction"}, {"guid": "klue-nli-v1_train_00062", "genre": "policy", "premise": "12\uc6d4 10\uc77c\ubd80\ud130\ub294 \uace0\uc6a9\ubcf4\ud5d8 \uc0ac\uac01\uc9c0\ub300\uc5d0 \uc788\ub358 \uc608\uc220\uc778\ub3c4 \uace0\uc6a9\ubcf4\ud5d8 \uac00\uc785\ub300\uc0c1\uc5d0 \ud3ec\ud568\ub41c\ub2e4.", "hypothesis": "\uc608\uc220\uc778\ub4e4\uc740 \uace0\uc6a9\ubcf4\ud5d8 \uac00\uc785\ub300\uc0c1\uc5d0 \ud3ec\ud568\ub418\uae30 \uc704\ud574 \ub9ce\uc740 \ub178\ub825\uc744 \ud574\uc654\ub2e4.", "gold_label": "neutral", "author": "neutral", "label2": "neutral", "label3": "neutral", "label4": "neutral", "label5": "neutral"}, {"guid": "klue-nli-v1_train_00063", "genre": "policy", "premise": "12\uc6d4 10\uc77c\ubd80\ud130\ub294 \uace0\uc6a9\ubcf4\ud5d8 \uc0ac\uac01\uc9c0\ub300\uc5d0 \uc788\ub358 \uc608\uc220\uc778\ub3c4 \uace0\uc6a9\ubcf4\ud5d8 \uac00\uc785\ub300\uc0c1\uc5d0 \ud3ec\ud568\ub41c\ub2e4.", "hypothesis": "12\uc6d4 10\uc77c \uc774\uc804\uae4c\uc9c0 \uc608\uc220\uc778\uc740 \uace0\uc6a9\ubcf4\ud5d8 \uc0ac\uac01\uc9c0\ub300\uc5d0 \uc788\uc5c8\ub2e4.", "gold_label": "entailment", "author": "entailment", "label2": "entailment", "label3": "entailment", "label4": "entailment", "label5": "entailment"}, {"guid": "klue-nli-v1_train_00064", "genre": "wikitree", "premise": "12\uc6d410\uc77c\ubd80\ud130 12\uc77c\uae4c\uc9c0\ub294 \uc2dc\uccad 1\uce35 \ubbfc\uc6d0\ubd09\uc0ac\uc2e4\uc5d0\uc11c \uad50\ubd80\ud55c\ub2e4.", "hypothesis": "\uc2dc\uccad 1\uce35 \ubbfc\uc6d0\ubd09\uc0ac\uc2e4\uc740 \uad50\ubd80 \uc7a5\uc18c\uac00 \uc544\ub2c8\ub2e4.", "gold_label": "contradiction", "author": "contradiction", "label2": "contradiction", "label3": "contradiction", "label4": "contradiction", "label5": "contradiction"}, {"guid": "klue-nli-v1_train_00065", "genre": "wikitree", "premise": "12\uc6d410\uc77c\ubd80\ud130 12\uc77c\uae4c\uc9c0\ub294 \uc2dc\uccad 1\uce35 \ubbfc\uc6d0\ubd09\uc0ac\uc2e4\uc5d0\uc11c \uad50\ubd80\ud55c\ub2e4.", "hypothesis": "12\uc6d4 12\uc77c\uc774 \uc9c0\ub098\uba74 \uc808\ub300 \uad50\ubd80\ubc1b\uc744 \uc218 \uc5c6\ub2e4.", "gold_label": "neutral", "author": "neutral", "label2": "neutral", "label3": "neutral", "label4": "neutral", "label5": "neutral"}, {"guid": "klue-nli-v1_train_00066", "genre": "wikitree", "premise": "12\uc6d410\uc77c\ubd80\ud130 12\uc77c\uae4c\uc9c0\ub294 \uc2dc\uccad 1\uce35 \ubbfc\uc6d0\ubd09\uc0ac\uc2e4\uc5d0\uc11c \uad50\ubd80\ud55c\ub2e4.", "hypothesis": "\uc2dc\uccad \uac74\ubb3c\uc5d0\ub294 \ubbfc\uc6d0\ubd09\uc0ac\uc2e4\uc774 \uc788\ub2e4.", "gold_label": "entailment", "author": "entailment", "label2": "entailment", "label3": "entailment", "label4": "entailment", "label5": "entailment"}, {"guid": "klue-nli-v1_train_00067", "genre": "wikinews", "premise": "131\uba85\uc774 \uc2e4\ud615\uc744 \ubc1b\uc558\ub2e4\uace0 \ud558\ub294\ub370, \uadf8\ub4e4\uc774 \ub204\uad70\uc9c0 \ubb34\uc2a8 \uc7ac\ud310\uc744 \ubc1b\uc558\ub294\uc9c0\ub3c4 \uacf5\uac1c\ub3fc \uc788\uc9c0 \uc54a\ub2e4.", "hypothesis": "\uc2e4\ud615\uc744 \ubc1b\uc740 131\uba85\uc774 \ub204\uad6c\uc778\uc9c0 \ubaa8\ub450 \uacf5\uac1c\ub418\uc5b4 \uc788\ub2e4.", "gold_label": "contradiction", "author": "contradiction", "label2": "contradiction", "label3": "contradiction", "label4": "contradiction", "label5": "contradiction"}, {"guid": "klue-nli-v1_train_00068", "genre": "wikinews", "premise": "131\uba85\uc774 \uc2e4\ud615\uc744 \ubc1b\uc558\ub2e4\uace0 \ud558\ub294\ub370, \uadf8\ub4e4\uc774 \ub204\uad70\uc9c0 \ubb34\uc2a8 \uc7ac\ud310\uc744 \ubc1b\uc558\ub294\uc9c0\ub3c4 \uacf5\uac1c\ub3fc \uc788\uc9c0 \uc54a\ub2e4.", "hypothesis": "131\uba85\uc774 \ubc1b\uc740 \uc2e4\ud615\uc758 \ud615\ub7c9\uc740 \ubaa8\ub450 \ub2e4\ub974\ub2e4.", "gold_label": "neutral", "author": "neutral", "label2": "neutral", "label3": "neutral", "label4": "neutral", "label5": "neutral"}, {"guid": "klue-nli-v1_train_00069", "genre": "wikinews", "premise": "131\uba85\uc774 \uc2e4\ud615\uc744 \ubc1b\uc558\ub2e4\uace0 \ud558\ub294\ub370, \uadf8\ub4e4\uc774 \ub204\uad70\uc9c0 \ubb34\uc2a8 \uc7ac\ud310\uc744 \ubc1b\uc558\ub294\uc9c0\ub3c4 \uacf5\uac1c\ub3fc \uc788\uc9c0 \uc54a\ub2e4.", "hypothesis": "\ubb34\uc2a8 \uc7ac\ud310\uc744 \ubc1b\uc558\ub294\uc9c0 \uacf5\uac1c\ub3fc \uc788\uc9c0 \uc54a\uc740 \uc0ac\ub78c\uc774 \uc788\ub2e4.", "gold_label": "entailment", "author": "entailment", "label2": "entailment", "label3": "entailment", "label4": "entailment", "label5": "entailment"}, {"guid": "klue-nli-v1_train_00070", "genre": "wikitree", "premise": "13\uc77c \ubc18\ubbfc\uc815 \uc528\ub294 \uc11c\uc6b8 \uc11c\ucd08\uad6c \uc11c\ucd08\ub3d9 \ub300\ubc95\uc6d0 \uc55e \uae30\uc790\ud68c\uacac\uc5d0\uc11c \uadf8\uac04 \uc2ec\uacbd\uc744 \ubc1d\ud614\ub2e4.", "hypothesis": "\ub300\ubc95\uc6d0\uc740 \uc11c\uc6b8 \uac15\ub3d9\uad6c\uc5d0 \uc788\ub2e4.", "gold_label": "contradiction", "author": "contradiction", "label2": "contradiction", "label3": "contradiction", "label4": "contradiction", "label5": "contradiction"}, {"guid": "klue-nli-v1_train_00071", "genre": "wikitree", "premise": "13\uc77c \ubc18\ubbfc\uc815 \uc528\ub294 \uc11c\uc6b8 \uc11c\ucd08\uad6c \uc11c\ucd08\ub3d9 \ub300\ubc95\uc6d0 \uc55e \uae30\uc790\ud68c\uacac\uc5d0\uc11c \uadf8\uac04 \uc2ec\uacbd\uc744 \ubc1d\ud614\ub2e4.", "hypothesis": "\ubc18\ubbfc\uc815 \uc528\ub294 \uc5b5\uc6b8\ud55c \uc2ec\uacbd\uc744 \ubc1d\ud614\ub2e4.", "gold_label": "neutral", "author": "neutral", "label2": "neutral", "label3": "neutral", "label4": "neutral", "label5": "neutral"}, {"guid": "klue-nli-v1_train_00072", "genre": "wikitree", "premise": "13\uc77c \ubc18\ubbfc\uc815 \uc528\ub294 \uc11c\uc6b8 \uc11c\ucd08\uad6c \uc11c\ucd08\ub3d9 \ub300\ubc95\uc6d0 \uc55e \uae30\uc790\ud68c\uacac\uc5d0\uc11c \uadf8\uac04 \uc2ec\uacbd\uc744 \ubc1d\ud614\ub2e4.", "hypothesis": "\ubc18\ubbfc\uc815 \uc528\ub294 \uae30\uc790\ud68c\uacac\uc5d0\uc11c \uadf8\ub3d9\uc548\uc758 \uc790\uc2e0\uc758 \ub9c8\uc74c\uc5d0 \ub300\ud574\uc11c \ub9d0\ud588\ub2e4.", "gold_label": "entailment", "author": "entailment", "label2": "entailment", "label3": "entailment", "label4": "entailment", "label5": "entailment"}, {"guid": "klue-nli-v1_train_00073", "genre": "wikitree", "premise": "13\uc77c \uc0c8\ubcbd 1\uc2dc \uae40\ubd80\uc120 \uc528\ub294 \ud398\uc774\uc2a4\ubd81 \ucee4\ubc84 \uc0ac\uc9c4\uc744 \ubc14\ub2f7\uac00\uc5d0\uc11c \uc790\uc2e0\uc774 \ud65c\uc9dd \uc6c3\uace0 \uc788\ub294 \uc0ac\uc9c4\uc73c\ub85c \ubcc0\uacbd\ud588\ub2e4.", "hypothesis": "\uae40\ubd80\uc120 \uc528\ub294 \ud398\uc774\uc2a4\ubd81\uc744 \ud558\uc9c0 \uc54a\ub294\ub2e4.", "gold_label": "contradiction", "author": "contradiction", "label2": "contradiction", "label3": "contradiction", "label4": "contradiction", "label5": "contradiction"}, {"guid": "klue-nli-v1_train_00074", "genre": "wikitree", "premise": "13\uc77c \uc0c8\ubcbd 1\uc2dc \uae40\ubd80\uc120 \uc528\ub294 \ud398\uc774\uc2a4\ubd81 \ucee4\ubc84 \uc0ac\uc9c4\uc744 \ubc14\ub2f7\uac00\uc5d0\uc11c \uc790\uc2e0\uc774 \ud65c\uc9dd \uc6c3\uace0 \uc788\ub294 \uc0ac\uc9c4\uc73c\ub85c \ubcc0\uacbd\ud588\ub2e4.", "hypothesis": "\uae40\ubd80\uc120 \uc528\ub294 13\uc77c \uc0c8\ubcbd\uc5d0 \ud398\uc774\uc2a4\ubd81 \ucee4\ubc84 \uc0ac\uc9c4\uc744 \ubc14\uafe8\ub2e4.", "gold_label": "entailment", "author": "entailment", "label2": "entailment", "label3": "entailment", "label4": "entailment", "label5": "entailment"}, {"guid": "klue-nli-v1_train_00075", "genre": "wikitree", "premise": "13\uc77c \uc0c8\ubcbd 1\uc2dc \uae40\ubd80\uc120 \uc528\ub294 \ud398\uc774\uc2a4\ubd81 \ucee4\ubc84 \uc0ac\uc9c4\uc744 \ubc14\ub2f7\uac00\uc5d0\uc11c \uc790\uc2e0\uc774 \ud65c\uc9dd \uc6c3\uace0 \uc788\ub294 \uc0ac\uc9c4\uc73c\ub85c \ubcc0\uacbd\ud588\ub2e4.", "hypothesis": "\ubc14\ub2f7\uac00\uc5d0\uc11c \uae40\ubd80\uc120\uc528\uac00 \ud65c\uc9dd \uc6c3\uace0 \uc788\ub294 \uc0ac\uc9c4\uc740 \ucd5c\uadfc\uc5d0 \ucc0d\uc740 \uac83\uc774\ub2e4.", "gold_label": "neutral", "author": "neutral", "label2": "neutral", "label3": "neutral", "label4": "neutral", "label5": "neutral"}, {"guid": "klue-nli-v1_train_00076", "genre": "wikipedia", "premise": "1492\ub144\uc5d0 \ud06c\ub9ac\uc2a4\ud1a0\ud37c \ucf5c\ub7fc\ubc84\uc2a4\uac00 \uc720\ub7fd\uc778 \ucd5c\ucd08\ub85c \uc544\uba54\ub9ac\uce74\uc5d0 \ub3c4\ub2ec\ud55c \ud6c4, \uc774\ubbf8 \ubc1c\uacac\ub41c \uc544\uba54\ub9ac\uce74\uc758 \ub2e4\ub978 \ubd80\ubd84\uacfc \ub9c8\ucc2c\uac00\uc9c0\ub85c \ube0c\ub77c\uc9c8\ub3c4 \uc2dd\ubbfc\uc9c0\ud654\uc758 \uc704\ud611\uc5d0 \ub178\ucd9c\ub410\ub2e4.", "hypothesis": "\ud06c\ub9ac\uc2a4\ud1a0\ud37c \ucf5c\ub7fc\ubc84\uc2a4\ub294 \uc544\uba54\ub9ac\uce74\uc5d0 \ub3c4\ub2ec\ud55c \ucd5c\ucd08\uc758 \uc720\ub7fd\uc778\uc774 \uc544\ub2c8\ub2e4.", "gold_label": "contradiction", "author": "contradiction", "label2": "contradiction", "label3": "contradiction", "label4": "contradiction", "label5": "contradiction"}, {"guid": "klue-nli-v1_train_00077", "genre": "wikipedia", "premise": "1492\ub144\uc5d0 \ud06c\ub9ac\uc2a4\ud1a0\ud37c \ucf5c\ub7fc\ubc84\uc2a4\uac00 \uc720\ub7fd\uc778 \ucd5c\ucd08\ub85c \uc544\uba54\ub9ac\uce74\uc5d0 \ub3c4\ub2ec\ud55c \ud6c4, \uc774\ubbf8 \ubc1c\uacac\ub41c \uc544\uba54\ub9ac\uce74\uc758 \ub2e4\ub978 \ubd80\ubd84\uacfc \ub9c8\ucc2c\uac00\uc9c0\ub85c \ube0c\ub77c\uc9c8\ub3c4 \uc2dd\ubbfc\uc9c0\ud654\uc758 \uc704\ud611\uc5d0 \ub178\ucd9c\ub410\ub2e4.", "hypothesis": "\ube0c\ub77c\uc9c8\uc740 \uc774\ub0b4 \uc2dd\ubbfc\uc9c0\ud654 \ub418\uc5c8\ub2e4.", "gold_label": "neutral", "author": "neutral", "label2": "neutral", "label3": "neutral", "label4": "neutral", "label5": "neutral"}, {"guid": "klue-nli-v1_train_00078", "genre": "wikipedia", "premise": "1492\ub144\uc5d0 \ud06c\ub9ac\uc2a4\ud1a0\ud37c \ucf5c\ub7fc\ubc84\uc2a4\uac00 \uc720\ub7fd\uc778 \ucd5c\ucd08\ub85c \uc544\uba54\ub9ac\uce74\uc5d0 \ub3c4\ub2ec\ud55c \ud6c4, \uc774\ubbf8 \ubc1c\uacac\ub41c \uc544\uba54\ub9ac\uce74\uc758 \ub2e4\ub978 \ubd80\ubd84\uacfc \ub9c8\ucc2c\uac00\uc9c0\ub85c \ube0c\ub77c\uc9c8\ub3c4 \uc2dd\ubbfc\uc9c0\ud654\uc758 \uc704\ud611\uc5d0 \ub178\ucd9c\ub410\ub2e4.", "hypothesis": "1492\ub144\uc5d0 \ud06c\ub9ac\uc2a4\ud1a0\ud37c \ucf5c\ub7fc\ubc84\uc2a4\uac00 \uc720\ub7fd\uc778 \ucd5c\ucd08\ub85c \uc544\uba54\ub9ac\uce74\uc5d0 \ubc1c\uc744 \ub0b4\ub51b\ub294\ub2e4.", "gold_label": "entailment", "author": "entailment", "label2": "entailment", "label3": "entailment", "label4": "entailment", "label5": "entailment"}, {"guid": "klue-nli-v1_train_00079", "genre": "wikinews", "premise": "14\uc77c \uad6d\ud68c \uc815\ubcf4\uc704\uc6d0\ud68c \uc18c\uc18d \uad6d\ubbfc\uc758\ub2f9 \uc774\uaddc\ud0dc \uc758\uc6d0\uc740 \uc815\ubcf4 \ub2f9\uad6d\uc73c\ub85c\ubd80\ud130 \ud53c\uc0b4 \uc0ac\uc2e4\uc744 \ud655\uc778\ubc1b\uc558\ub2e4\uace0 \ubc1d\ud614\ub2e4.", "hypothesis": "\uc774\uaddc\ud0dc \uc758\uc6d0\uc740 \uc815\ubcf4 \ub2f9\uad6d\uc73c\ub85c\ubd80\ud130 \ud53c\uc0b4 \uc0ac\uc2e4\uc744 \ud655\uc778\ubc1b\uc740 \uc801 \uc5c6\ub2e4\uace0 \ubc1d\ud614\ub2e4.", "gold_label": "contradiction", "author": "contradiction", "label2": "contradiction", "label3": "contradiction", "label4": "contradiction", "label5": "contradiction"}]