[{"guid": "klue-nli-v1_train_00000", "genre": "NSMC", "premise": "\ud79b\uac78 \uc9c4\uc2ec \ucd5c\uace0\ub2e4 \uadf8 \uc5b4\ub5a4 \ud788\uc5b4\ub85c\ubcf4\ub2e4 \uba4b\uc9c0\ub2e4", "hypothesis": "\ud79b\uac78 \uc9c4\uc2ec \ucd5c\uace0\ub85c \uba4b\uc9c0\ub2e4.", "gold_label": "entailment", "author": "entailment", "label2": "entailment", "label3": "entailment", "label4": "entailment", "label5": "entailment"}, {"guid": "klue-nli-v1_train_00001", "genre": "NSMC", "premise": "100\ubd84\uac04 \uc798\uaec4 \uadf8\ub798\ub3c4 \uc18c\ub2c9\ubd90\ub55c\uc5d0 2\uc810\uc900\ub2e4", "hypothesis": "100\ubd84\uac04 \uc7a4\ub2e4.", "gold_label": "contradiction", "author": "contradiction", "label2": "contradiction", "label3": "contradiction", "label4": "neutral", "label5": "contradiction"}, {"guid": "klue-nli-v1_train_00002", "genre": "NSMC", "premise": "100\ubd84\uac04 \uc798\uaec4 \uadf8\ub798\ub3c4 \uc18c\ub2c9\ubd90\ub55c\uc5d0 2\uc810\uc900\ub2e4", "hypothesis": "\uc18c\ub2c9\ubd90\uc774 \uc815\ub9d0 \uba4b\uc788\uc5c8\ub2e4.", "gold_label": "neutral", "author": "neutral", "label2": "neutral", "label3": "neutral", "label4": "neutral", "label5": "neutral"}, {"guid": "klue-nli-v1_train_00003", "genre": "NSMC", "premise": "100\ubd84\uac04 \uc798\uaec4 \uadf8\ub798\ub3c4 \uc18c\ub2c9\ubd90\ub55c\uc5d0 2\uc810\uc900\ub2e4", "hypothesis": "100\ubd84\uac04 \uc790\ub294\uac8c \ub354 \ub098\uc558\uc744 \uac83 \uac19\ub2e4.", "gold_label": "neutral", "author": "entailment", "label2": "entailment", "label3": "neutral", "label4": "neutral", "label5": "neutral"}, {"guid": "klue-nli-v1_train_00004", "genre": "airbnb", "premise": "101\ube4c\ub529 \uadfc\ucc98\uc5d0 \ub098\ub984 \uc990\uae38\uac70\ub9ac\uac00 \ub9ce\uc2b5\ub2c8\ub2e4.", "hypothesis": "101\ube4c\ub529 \uadfc\ucc98\uc5d0\uc11c \uc990\uae38\uac70\ub9ac \ucc3e\uae30\ub294 \uc5b4\ub835\uc2b5\ub2c8\ub2e4.", "gold_label": "contradiction", "author": "contradiction", "label2": "contradiction", "label3": "contradiction", "label4": "contradiction", "label5": "contradiction"}]