{
    "authors": [],
    "date_download": "2017-08-14 09:25:22+00:00",
    "date_modify": null,
    "date_publish": "2017-08-14 09:00:00",
    "description": "A new artistic director challenges the European élite.",
    "filename": "http%3A%2F%2Fwww.newyorker.com%2Fmagazine%2F2017%2F08%2F21%2Fthe-salzburg-festival-reawakens.json",
    "image_url": "https://media.newyorker.com/photos/598b6da26b63ca2b850203cf/16:9/w_1200,h_630,c_limit/170821_r30394_rd.jpg",
    "language": "en",
    "localpath": null,
    "maintext": "The upward-springing hair, bright polyester shirts, and merry cackle of Peter Sellars, the American director, are once again in evidence at the Salzburg Festival, which means that change is in the air. In recent years, this most sumptuous of classical-music gatherings has reverted to its default identity as a parade of musical celebrities with no clear artistic destination in sight. Last year, though, the progressive-minded Austrian pianist and impresario Markus Hinterhäuser took over as Salzburg’s artistic director, and he is stirring memories of the festival’s most vital period—that of the nineteen-nineties, when Gerard Mortier presided over a superb array of provocations, including an avant-garde series that Hinterhäuser co-curated. Sellars was a star of the Mortier era, staging Olivier Messiaen’s “Saint François d’Assise” in 1992 and the première of Kaija Saariaho’s “L’Amour de Loin” in 2000. Now he is back, with a production of “La Clemenza di Tito,” Mozart’s austere, elusive final opera. Mozart is, of course, Salzburg’s native son, and the festival’s raison d’être. He is also the composer through whom Sellars first won fame as an opera director, with feats of modernization that included a “Marriage of Figaro” set in Trump Tower. Sellars’s belated return to Salzburg is a sign that Hinterhäuser intends to revive the spirit of the Mortier regime, which caused consternation at the time but is now remembered as a golden age.\n“Panoply of Power” is the motto of Hinterhäuser’s first season. Such slogans festoon the brochures of European festivals, often amounting to little more than pompous afterthoughts. But Hinterhäuser’s decision to begin with “Clemenza” gave the theme substance: to hear the work in Salzburg is to be confronted with multiple representations of power. First, there is the Roman emperor Titus, who in Mozart’s opera assumes an almost saintly profile but is better remembered for his brutal conduct in the Jewish War. Then there is the Austrian emperor Leopold II, for whom Mozart composed the opera, in 1791, and whose benevolent image went hand in hand with anti-revolutionary propaganda. Finally, there are the listeners among whom one sits—a convocation of European élites who have paid up to four hundred and thirty euros for their tickets.\nSellars is not one to overlook such tensions. His “Clemenza,” which unfolds in the Felsenreitschule, the theatre carved out of a Salzburg mountainside, replicates the imaginative shock of his early productions. In collaboration with the Greek conductor Teodor Currentzis, Sellars has drastically revised Mozart’s score, in a fashion that might offend purists. He has reduced the recitatives and interpolated several movements from the Mass in C Minor and other Mozart pieces, further spiritualizing the drama. These changes work surprisingly well: artful manipulations of the recitatives make transitions to and from the Mass sections seamless. In a way, this hodgepodge might be considered more authentic than the original, which was only partly Mozart’s creation. Pressed for time, the composer turned to an assistant—probably his pupil Franz Xaver Süssmayr—for help in writing the recitatives.\nMozart’s libretto is based on a famous text by the eighteenth-century poet Pietro Metastasio, which, as of 1791, had been set to music nearly forty times. Tito survives a coup instigated by Vitellia, the disgruntled daughter of a deposed ruler, and led by her lover, Sesto, Tito’s friend. When the conspiracy is exposed, Tito forgives all. Sellars’s Tito is the head of a modern state that faces an influx of refugees. During the overture, he is seen plucking Sesto and his sister, Servilia, from a crowd of migrants; the outsiders are invited into the ruler’s inner circle. But Sesto is led astray by Vitellia, who pushes him toward an act of terrorism. In this version, Tito does not survive the assassination attempt; he spends Act II in a hospital bed, and issues clemency at the point of death.\nSellars makes his moral vision even stronger through his casting. In an essay included in the program, he compares Leopold II to Nelson Mandela, who, on assuming power in South Africa, forgave those who wished him dead. The African-American tenor Russell Thomas sings Tito, and he is surrounded by nonwhite artists: the South African soprano Golda Schultz, as Vitellia; the Trinidadian soprano Jeanine De Bique, as Sesto’s friend Annio; and the Jamaican-born bass Willard White, a Sellars veteran, as Tito’s military chief, Publio. Marianne Crebassa, in the castrato role of Sesto, and Christina Gansch, as Servilia, seem to constitute a white underclass in a black power structure. This inversion puts the drama in a fresh light and advances Sellars’s long-term campaign against systemic racism in classical music.\nArtistic ambitions match social ones. At the second performance in the run, the singers formed an ensemble of rare cohesion: Thomas’s penetrating tenor, which has lately acquired richness and heft, anchored the evening, and Crebassa complemented him with nimble technique and sensuous vocal colors. Currentzis drew vivid playing, on period instruments, from the musicAeterna orchestra, which is based at the Perm Opera, in central Russia, where Currentzis serves as artistic director. He is a restless, interventionist conductor; his recordings of “Figaro,” “Don Giovanni,” and “Così Fan Tutte,” for Sony, have biting clarity but seldom leave the music to unfurl freely. Still, his fanatic intensity sustains the hybrid “Tito” score that he and Sellars have devised. The set designer George Tsypin contributes a tableau of columnar Plexiglas forms; James Ingalls’s lighting lends sombre majesty to the cavernous space of the Felsenreitschule.\nOne scene elicited an explosion of applause, even from listeners who were initially inclined to be skeptical. (The woman sitting next to me tut-tutted when gun-toting soldiers appeared onstage.) This was Sesto’s great aria “Parto, parto,” in which he swears vengeance under the sway of love. The aria includes a solo part for basset clarinet; in a bewitching coup de théâtre, the clarinettist Florian Schüle stepped from behind one of Tsypin’s sculptures and performed a slow dance with Crebassa, at one point playing while lying down beside her. Such theatricalizations of instrumental music have become a Sellars signature, notably in his stagings of the Bach Passions. After Sesto sings, “ Guardami ” (“Look at me”), the clarinettist offers lilting phrases amid expectant pauses; it seems that the object of Sesto’s love has become music itself. And when Sesto sings, “Oh gods, what power you have given to beauty,” a line is drawn between the beauty of the music and the violence that ensues. The proximity of art and power remains unsettling.",
    "source_domain": "www.newyorker.com",
    "title": "The Salzburg Festival Reawakens",
    "title_page": null,
    "title_rss": null,
    "url": "http://www.newyorker.com/magazine/2017/08/21/the-salzburg-festival-reawakens"
}
