{"152623": {"id": 152623, "text": "Alpha Centauri a sk\u0105d si\u0119 nauczy\u0142e\u015b montowa\u0107 w Sony vegas pro 15 ?? Xd", "ner": [{"source": {"from": 47, "to": 51, "type": "BRAND_NAME", "text": "Sony"}, "target": {"from": 52, "to": 61, "type": "PRODUCT_NAME", "text": "vegas pro"}}, {"source": {"from": 52, "to": 61, "type": "PRODUCT_NAME", "text": "vegas pro"}, "target": {"from": 62, "to": 64, "type": "VERSION", "text": "15"}}]}, "152627": {"id": 152627, "text": "Dzi\u0119ki! Telefonem Sony T3", "ner": [{"source": {"from": 18, "to": 22, "type": "BRAND_NAME", "text": "Sony"}, "target": {"from": 18, "to": 22, "type": "PRODUCT_NAME_IMP", "text": "Sony"}}, {"source": {"from": 18, "to": 22, "type": "BRAND_NAME", "text": "Sony"}, "target": {"from": 23, "to": 25, "type": "VERSION", "text": "T3"}}, {"source": {"from": 17, "to": 22, "type": "BRAND_NAME", "text": "Sony"}, "target": {"from": 23, "to": 25, "type": "VERSION", "text": "T3"}}]}, "152635": {"id": 152635, "text": "Mia\u0142em takiego samego Sony Ericssona tylko czarnego.", "ner": [{"source": {"from": 22, "to": 26, "type": "BRAND_NAME", "text": "Sony"}, "target": {"from": 27, "to": 36, "type": "PRODUCT_NAME", "text": "Ericssona"}}]}, "152639": {"id": 152639, "text": "Sprawd\u017a mo\u017ce kod zadzia\u0142a te\u017c przy zakupie spigenow dla s8 :)", "ner": [{"source": {"from": 56, "to": 58, "type": "BRAND_NAME", "text": "s8"}, "target": {"from": 56, "to": 58, "type": "PRODUCT_NAME_IMP", "text": "s8"}}, {"source": {"from": 56, "to": 58, "type": "BRAND_NAME", "text": "s8"}, "target": {"from": 56, "to": 58, "type": "VERSION", "text": "s8"}}]}, "152642": {"id": 152642, "text": "teme\u015b Sony xz, pozdrawiam ?", "ner": [{"source": {"from": 6, "to": 11, "type": "BRAND_NAME", "text": "Sony"}, "target": {"from": 6, "to": 10, "type": "PRODUCT_NAME_IMP", "text": "Sony"}}, {"source": {"from": 6, "to": 10, "type": "BRAND_NAME", "text": "Sony"}, "target": {"from": 11, "to": 13, "type": "VERSION", "text": "xz"}}, {"source": {"from": 6, "to": 10, "type": "PRODUCT_NAME_IMP", "text": "Sony"}, "target": {"from": 11, "to": 13, "type": "VERSION", "text": "xz"}}]}}