0	La présence de la communication au milieu des esprits scientifiques était tout aussi importante pour le succès du projet de Manhattan que l'intelligence scientifique l'était. La présence de la communication au milieu des esprits scientifiques était tout aussi importante pour le succès du projet de Manhattan que l'intelligence scientifique l'était. Le seul nuage qui pendait sur la réalisation impressionnante des chercheurs et des ingénieurs atomiques est ce que leur succès signifiait vraiment; des centaines de milliers de vies innocentes ont disparu.
1	Le projet Manhattan et sa bombe atomique ont contribué à mettre fin à la Seconde Guerre mondiale. Son héritage d'utilisations pacifiques de l'énergie atomique continue d'avoir un impact sur l'histoire et la science.
2	Essai sur le projet Manhattan - le projet Manhattan Le projet Manhattan devait voir si une bombe atomique était possible. Le succès de ce projet changerait pour toujours le monde en faisant savoir que quelque chose de si puissant peut être créé par l'homme.
3	Le projet Manhattan a été le nom d'un projet mené pendant la Seconde Guerre mondiale, pour développer la première bombe atomique. Il fait spécifiquement référence à la période du projet de 194... 2-1946 sous le contrôle du Corps d'ingénieurs de l'armée des États-Unis, sous l'administration du général Leslie R. Groves.
4	les versions de chaque volume ainsi que les sites web complémentaires. Le premier site Web – Le projet Manhattan : une histoire interactive – est disponible sur le site Web du Bureau de l'histoire et des ressources patrimoniales, à l'adresse http://www.cfo. Doe.gov/me70/Histoire. Le Bureau de l'histoire et des ressources patrimoniales et la sécurité nucléaire nationale
