<benchmark>
  <entries>
    <entry category="WrittenWork" eid="Id1" shape="(X (X) (X (X)) (X (X)))" shape_type="mixed" size="5">
      <originaltripleset>
        <otriple>1634:_The_Bavarian_Crisis | followedBy | Ring_of_Fire_II</otriple>
        <otriple>Ring_of_Fire_II | language | English_language</otriple>
        <otriple>1634:_The_Bavarian_Crisis | previousWork | Grantville_Gazette_II</otriple>
        <otriple>1634:_The_Bavarian_Crisis | author | "Virginia DeMarce and"@en</otriple>
        <otriple>Grantville_Gazette_II | precededBy | The_Grantville_Gazette</otriple>
      </originaltripleset>
      <modifiedtripleset>
        <mtriple>1634:_The_Bavarian_Crisis | followedBy | Ring_of_Fire_II</mtriple>
        <mtriple>Ring_of_Fire_II | language | English_language</mtriple>
        <mtriple>1634:_The_Bavarian_Crisis | precededBy | Grantville_Gazette_II</mtriple>
        <mtriple>1634:_The_Bavarian_Crisis | author | "Virginia DeMarce and Eric Flint"</mtriple>
        <mtriple>Grantville_Gazette_II | precededBy | The_Grantville_Gazette</mtriple>
      </modifiedtripleset>
      <lex comment="good" lid="Id1">The Ring of Fire II is written in English and preceded by Grantville Gazette, Grantville Gazette II and 1634: The Bavarian Crisis. The latter book is written by Virginia DeMarce and Eric Flint.</lex>
    </entry>
    </entries>
</benchmark>