path	translation	split
common_voice_et_18341764.mp3	No, no, and again, no.	train
common_voice_et_18341765.mp3	All these problems had made Sirli consider ending her life.	train
common_voice_et_18319120.mp3	I have gone through complete hell, but the jury has now spoken.	dev
common_voice_et_18319122.mp3	A new edition of Christmas carols and cards were printed.	dev
common_voice_et_19501981.mp3	I am grateful that I have a girlfriend who trusts me and waits for me to come home.	test
common_voice_et_18310610.mp3	At first, it seemed that the proposal made sense.	test
