<benchmark>
  <entries>
    <entry category="WrittenWork" eid="Id2" shape="(X (X) (X) (X) (X))" shape_type="sibling" size="4">
      <originaltripleset>
        <otriple>1634:_The_Ram_Rebellion | mediaType | E-book</otriple>
        <otriple>1634:_The_Ram_Rebellion | numberOfPages | "512"^^xsd:positiveInteger</otriple>
        <otriple>1634:_The_Ram_Rebellion | author | "Eric Flint, Virginia DeMarce, et al."@en</otriple>
        <otriple>1634:_The_Ram_Rebellion | isbn | "1-4165-2060-0"</otriple>
      </originaltripleset>
      <modifiedtripleset>
        <mtriple>1634:_The_Ram_Rebellion | mediaType | E-book</mtriple>
        <mtriple>1634:_The_Ram_Rebellion | numberOfPages | "512"</mtriple>
        <mtriple>1634:_The_Ram_Rebellion | author | "Eric Flint, Virginia DeMarce, et al."</mtriple>
        <mtriple>1634:_The_Ram_Rebellion | ISBN_number | "1-4165-2060-0"</mtriple>
      </modifiedtripleset>
      <lex comment="good" lid="Id1">1634: The Ram Rebellion was written by Eric Flint, Virginia DeMarce, et al. and has 512 pages. It can be found as an E book and the ISBN number of 1-4165-2060-0.</lex>
      <lex comment="good" lid="Id2">1634: The Ram Rebellion is available as an E-Book and is 512 pages long. It was written by Eric Flint, Virginia DeMarce, et al. and has the ISBN number 1-4165-2060-0.</lex>
      <lex comment="good" lid="Id3">1634: The Ram Rebellion (ISBN 1-4165-2060-0) written by Eric Flint, Virginia DeMarce, et al is 512 pages long and available in E-Book.</lex>
    </entry>
    </entries>
</benchmark>