index,sentence1,sentence2,label
0,"મેં ગાજરમાંથી એક પિન અટકી. જ્યારે મેં પિન બહાર કા .્યો, ત્યારે તેમાં એક છિદ્ર હતું.",ગાજર પાસે એક છિદ્ર હતું.,1
1,જ્હોન બિલી સાથે સ્ટેજ તેની સામે જોઈ શક્યો નહીં કારણ કે તે ખૂબ ટૂંકા છે.,જ્હોન તેથી ટૂંકા છે.,1
2,પોલીસે ગેંગના તમામ સભ્યોની ધરપકડ કરી હતી. તેઓ પાડોશમાં ડ્રગ્સનો ધંધો અટકાવવા પ્રયાસ કરી રહ્યા હતા.,પોલીસ પાડોશમાં ડ્રગ્સનો ધંધો અટકાવવા પ્રયાસ કરી રહી હતી.,1
3,સ્ટીવ દરેક વસ્તુમાં ફ્રેડના દાખલાને અનુસરે છે. તે તેના પર ભારે પ્રભાવ પાડે છે.,સ્ટીવ તેને ભારે પ્રભાવિત કરે છે.,0
4,"તાત્યાયન જ્યારે કેબીન પાસે પહોંચ્યો ત્યારે તેની માતા સૂઈ રહી હતી. તેણી તેને ખલેલ પહોંચાડવાની, કપડા ઉતારવા અને પાછા તેના બર્થ પર ચingી ન આવે તે માટે ખૂબ કાળજી રાખતી હતી.","માતા તેને ખલેલ પહોંચાડશે નહીં, કપડા ઉતારશે અને તેની બર્થ પર પાછા ચingશે તેની કાળજી રાખતી હતી.",0
