Un aereo sta decollando.,Un aereo sta decollando.,5.0
Un uomo sta suonando un grande flauto.,Un uomo sta suonando un flauto.,3.8
Un uomo sta spalmando del formaggio a pezzetti su una pizza.,Un uomo sta spalmando del formaggio a pezzetti su una pizza non cotta.,3.8
Tre uomini stanno giocando a scacchi.,Due uomini stanno giocando a scacchi.,2.6
Un uomo sta suonando il violoncello.,Un uomo seduto sta suonando il violoncello.,4.25
Alcuni uomini stanno combattendo.,Due uomini stanno combattendo.,4.25
Un uomo sta fumando.,Un uomo sta pattinando.,0.5
L'uomo sta suonando il pianoforte.,L'uomo sta suonando la chitarra.,1.6
Un uomo suona la chitarra e canta.,Una donna suona la chitarra acustica e canta.,2.2
