"text","hatespeech_comb","hatespeech_G1","annotator_G1","hatespeech_G2","annotator_G2","hatespeech_G3","annotator_G3"
"@__andrea__b 
O cara vive em outro mundo
Não no mundo real
REFUGIADOS são os que vivem
Nas favelas vizinhas as suas fortalezas","1","1","A","1","V","0","E"
"@_carmeloneto Estes incompetentes não cuidam nem do povo brasileiro e nem dos poucos refugiados que aqui estão.","0","1","D","0","V","0","C"
"@_carmeloneto 
Os 'cumpanhero' quebraram todas as regras.","0","1","A","0","B","0","E"
"@_GlitteryKisses é isso não conseguem pensar no sentido lato para além do que se vê a frente dos olhos","0","0","C","0","V","0","D"