<benchmark>
  <entries>
    <entry category="WrittenWork" eid="Id1" size="5">
      <originaltripleset>
        <otriple>1634:_The_Bavarian_Crisis | author | Eric_Flint</otriple>
        <otriple>Eric_Flint | influencedBy | Robert_A._Heinlein</otriple>
        <otriple>1634:_The_Bavarian_Crisis | previousWork | 1634:_The_Baltic_War</otriple>
        <otriple>Eric_Flint | birthPlace | Burbank,_California</otriple>
        <otriple>1634:_The_Bavarian_Crisis | precededBy | "DeMarce short stories in the"@en</otriple>
      </originaltripleset>
      <originaltripleset>
        <otriple>1634:_The_Bavarian_Crisis | author | Eric_Flint</otriple>
        <otriple>Eric_Flint | influencedBy | Robert_A._Heinlein</otriple>
        <otriple>1634:_The_Bavarian_Crisis | previousWork | 1634:_The_Baltic_War</otriple>
        <otriple>Eric_Flint | birthPlace | Burbank,_California</otriple>
        <otriple>1634:_The_Bavarian_Crisis | precededBy | "issues II, III, IV, V and VI"@en</otriple>
      </originaltripleset>
      <originaltripleset>
        <otriple>1634:_The_Bavarian_Crisis | author | Eric_Flint</otriple>
        <otriple>Eric_Flint | influencedBy | Robert_A._Heinlein</otriple>
        <otriple>1634:_The_Bavarian_Crisis | previousWork | 1634:_The_Baltic_War</otriple>
        <otriple>Eric_Flint | birthPlace | Burbank,_California</otriple>
        <otriple>1634:_The_Bavarian_Crisis | precededBy | "and"@en</otriple>
      </originaltripleset>
      <modifiedtripleset>
        <mtriple>1634:_The_Bavarian_Crisis | author | Eric_Flint</mtriple>
        <mtriple>Eric_Flint | influencedBy | Robert_A._Heinlein</mtriple>
        <mtriple>1634:_The_Bavarian_Crisis | precededBy | 1634:_The_Baltic_War</mtriple>
        <mtriple>Eric_Flint | birthPlace | Burbank,_California</mtriple>
        <mtriple>1634:_The_Bavarian_Crisis | precededBy | "DeMarce short stories in the The Grantville Gazettes"</mtriple>
      </modifiedtripleset>
      <lex comment="good" lid="Id1">Eric Flint was born in Burbank, California and came under the influence of Robert A Heinlein. He is the author of 1634: The Bavarian Crisis which is preceded by 1634: The Baltic War. Also preceding the book are the DeMarce short stories in the Grantville Gazettes.</lex>
      <lex comment="good" lid="Id2">Eric Flint, born in Burbank California, is the author of 1634: The Bavarian Crisis, which was preceded by 1634: The Baltic War. These books were preceded by DeMarce short stories in the Grantville Gazettes. He was influenced by Robert A. Heinlein.</lex>
    </entry>
    </entries>
</benchmark>