path	sentence	client_id
common_voice_et_18341764.mp3	Ei, ei ja veelkord ei.	800ba4583c9f6a0fd3dab1100d4e1217197db3b42b7de4333fcbe692e3579df49dc869f6c5206cd10d7d1c51035900761cf72ab04168bbbb768944065c17a91b
common_voice_et_18341765.mp3	Kõik kirjeldatud probleemid on Sirlile pähe toonud ka elust loobumise mõtteid.	800ba4583c9f6a0fd3dab1100d4e1217197db3b42b7de4333fcbe692e3579df49dc869f6c5206cd10d7d1c51035900761cf72ab04168bbbb768944065c17a91b
common_voice_et_18319120.mp3	Ma olen täielikust põrgust läbi käinud, aga vandekohus on nüüdseks rääkinud.	6fa1a822451d90086fb57ef95e2dacbfe725546700e9daeba272d8600c90dbfbb59ee4a5810a41cfca4b205f04b90b0d6070a2d3ceb820b09e4e806054741515
common_voice_et_18319122.mp3	Trükist ilmusid jõululaulud ja -kaardid.	6fa1a822451d90086fb57ef95e2dacbfe725546700e9daeba272d8600c90dbfbb59ee4a5810a41cfca4b205f04b90b0d6070a2d3ceb820b09e4e806054741515
common_voice_et_19501981.mp3	Ma olen tänulik, et mul on sõbranna, kes mind usaldab ja koju ootab.	cfceefd1813ccde4f248533cd7dc33d291903a743d27e602cf98ffaada7b1c990ed548f5528e7a3ab950af24409bd42cf3e8e4828a76d353d0ab74a3c030e8a4
common_voice_et_18310610.mp3	Esmalt tundus mulle, et ettepanekul on jumet.	8edf95f5c27c042e767ff04a7fd4664af6242c43563a0da610caa5920f7421bf0f3a60b947c7cc9a48ab9efcf241fe6ff4286bec4a493625ea6deb404abe3620
