<benchmark>
  <entries>
    <entry category="Food" eid="Id1" size="5">
      <originaltripleset>
        <otriple>Ajoblanco | country | Spain</otriple>
        <otriple>Ajoblanco | mainIngredient | "Bread, almonds, garlic, water, olive oil"@en</otriple>
        <otriple>Ajoblanco | region | Andalusia</otriple>
        <otriple>Ajoblanco | alias | "Ajo blanco"@en</otriple>
        <otriple>Ajoblanco | ingredient | Garlic</otriple>
      </originaltripleset>
      <modifiedtripleset>
        <mtriple>Ajoblanco | country | Spain</mtriple>
        <mtriple>Ajoblanco | mainIngredients | "Bread, almonds, garlic, water, olive oil"</mtriple>
        <mtriple>Ajoblanco | region | Andalusia</mtriple>
        <mtriple>Ajoblanco | alternativeName | "Ajo blanco"</mtriple>
        <mtriple>Ajoblanco | ingredient | Garlic</mtriple>
      </modifiedtripleset>
      <lex comment="good" lid="Id1">Ajoblanco or ajo blanco, a dish made of bread, almonds, garlic, water, olive oil, is from the Andalusia region of Spain.</lex>
      <lex comment="good" lid="Id2">Ajoblanco (also known as Ajo blanco) is a dish from Andalusia, Spain and includes the ingredients bread, almonds, garlic, water and olive oil.</lex>
      <lex comment="good" lid="Id3">Ajoblanco is a dish containing bread, almonds, garlic, water and olive oil. It is also called Ajo blanco. It is found in the Andalusia region of Spain.</lex>
    </entry>
    </entries>
</benchmark>