[{"da": "inform(food=Indian,good_for_meal='lunch or dinner',name='Ko\u010d\u00e1r z V\u00eddn\u011b')", "delex_da": "inform(food=X-food,good_for_meal=X-good_for_meal,name=X-name)", "text": "Ko\u010d\u00e1r z V\u00eddn\u011b pod\u00e1v\u00e1 indick\u00e9 pokrmy a d\u00e1 se zde dob\u0159e naob\u011bdvat i nave\u010de\u0159et .", "delex_text": "X-name pod\u00e1v\u00e1 X-food pokrmy a d\u00e1 se zde dob\u0159e X-good_for_meal ."}, {"da": "inform(area=Karl\u00edn,food=French,name='Green Spirit')", "delex_da": "inform(area=X-area,food=X-food,name=X-name)", "text": "Green Spirit s\u00eddl\u00ed na Karl\u00edn\u011b a va\u0159\u00ed francouzsk\u00e1 j\u00eddla .", "delex_text": "X-name s\u00eddl\u00ed na X-area a va\u0159\u00ed X-food j\u00eddla ."}, {"da": "goodbye()", "delex_da": "goodbye()", "text": "Tak na shledanou !", "delex_text": "Tak na shledanou !"}, {"da": "inform(address='N\u00e1rodn\u00ed 13',name='Bar\u00e1\u010dnick\u00e1 rychta')", "delex_da": "inform(address=X-address,name=X-name)", "text": "Adresa Bar\u00e1\u010dnick\u00e9 rychty je N\u00e1rodn\u00ed 13", "delex_text": "Adresa X-name je X-address"}, {"da": "inform(address='Malostransk\u00e9 n\u00e1m\u011bst\u00ed 1',area=Nusle,name=Ferdinanda)", "delex_da": "inform(address=X-address,area=X-area,name=X-name)", "text": "Restaurace Ferdinanda se nach\u00e1z\u00ed v Nusl\u00edch na adrese Malostransk\u00e9 n\u00e1m\u011bst\u00ed 1 .", "delex_text": "Restaurace X-name se nach\u00e1z\u00ed v X-area na adrese X-address ."}]