path	translation	split
common_voice_en_19664034.mp3	これらのデータ構成要素は次にダータ交換の「構成単位」の役目を果たします。	train
common_voice_en_19664035.mp3	教会はユダヤ教の政治運動、シオニズムとは無関係です。	train
common_voice_en_18540003.mp3	水不足のときは、水を無駄にしないでください。	dev
common_voice_en_18540005.mp3	あなたは彼女を家のドアまで車に乗せてあげます。	dev
common_voice_en_699711.mp3	彼女は大丈夫だろう。	test
common_voice_en_18132047.mp3	終わりよければすべてよし。	test
