<benchmark>
  <entries>
    <entry category="Building" eid="Id1" size="2">
      <originaltripleset>
        <otriple>103_Colmore_Row | architect | John_Madin</otriple>
        <otriple>103_Colmore_Row | location | "Colmore Row, Birmingham, England"@en</otriple>
      </originaltripleset>
      <modifiedtripleset>
        <mtriple>103_Colmore_Row | architect | John_Madin</mtriple>
        <mtriple>103_Colmore_Row | location | "Colmore Row, Birmingham, England"</mtriple>
      </modifiedtripleset>
      <lex comment="good" lid="Id1">Architect John Madin, designed 103 Colmore Row, located on Colmore Row, in Birmingham, England.</lex>
      <lex comment="good" lid="Id2">John Madin designed 103 Colmore Row, Birmingham, England.</lex>
      <lex comment="good" lid="Id3">103 Colmore Row located in Birmingham, England was designed by the architect John Madin.</lex>
    </entry>
    </entries>
</benchmark>