UserID,PromptID,PMCID,Valid Label,Valid Reasoning,Label,Annotations,Label Code,In Abstract,Evidence Start,Evidence End
0,1019,3159986,True,True,significantly increased,Respiratory endurance time increased from 6.1 ± 0.8 to 20.3 ± 3.0 min (P < 0.001).,1,True,1098,1180
3,1019,3159986,True,True,significantly increased,Respiratory endurance time increased from 6.1 ± 0.8 to 20.3 ± 3.0 min (P < 0.001),1,True,1098,1179
0,5038,5741844,True,True,no significant difference,The amount of the smear layer remaining in the coronal third in group 4 was not significantly different from that in group 2,0,False,10217,10341
3,5038,5741844,True,True,no significant difference,"The results of the study showed the least amount of the smear layer at coronal, middle and apical thirds of the root canals in groups 2, which was not significantly different from the negative control group (P<0.5).",0,True,1851,2066
0,5454,5863632,True,True,no significant difference,the control group had significantly higher incidence rates than the training/coaching group (p = 0.017). No other between-group comparisons were significant.,0,False,42548,42705
