path	translation	split
common_voice_en_19664034.mp3	Bu veri bileşenleri, dolayısıyla veri alışverişinin "yapı taşları" görevini görür.	train
common_voice_en_19664035.mp3	Kilise, Siyonizm’in Yahudi siyasi hareketi ile ilgisizdir.	train
common_voice_en_18540003.mp3	Su kısıtlı, boşa harcamaktan kaçın.	dev
common_voice_en_18540005.mp3	Kapısına kadar bırakacaksın.	dev
common_voice_en_699711.mp3	İyi olacak.	test
common_voice_en_18132047.mp3	Sonu iyi biten her şey iyidir.	test
