<collection>


<schema>
<text>
<txt1>
The city councilmen refused the demonstrators a permit because</txt1>
<pron> they </pron>
<txt2> feared violence. 
</txt2>
</text>
<quote>
<quote1 />
<pron>they </pron>
<quote2>feared violence</quote2>
</quote>
<answers>
<answer>The city councilmen </answer>
<answer>The demonstrators </answer>
</answers>
<correctAnswer> A  </correctAnswer>
<source> (Winograd 1972) </source>
</schema>

<schema>
<text>
<txt1>
The city councilmen refused the demonstrators a permit because</txt1>
<pron> they </pron>
<txt2> advocated violence. 
</txt2>
</text>
<quote>
<quote1 />
<pron>they </pron>
<quote2>advocated violence</quote2>
</quote>
<answers>
<answer>The city councilmen </answer>
<answer>The demonstrators </answer>
</answers>
<correctAnswer> B  </correctAnswer>
<source> (Winograd 1972) </source>
</schema>


<schema>
<text>
<txt1>
The trophy doesn't fit into the brown suitcase because 
</txt1>
<pron> it  </pron>
<txt2> is too large.
</txt2>
</text>
<quote>
<pron>it </pron>
<quote2> is too large</quote2>
</quote>
<answers>
<answer>the trophy </answer>
<answer>the suitcase </answer>
</answers>
<correctAnswer>A.  </correctAnswer>
<source> Hector Levesque </source>
</schema>

<schema>
<text>
<txt1>
The trophy doesn't fit into the brown suitcase because 
</txt1>
<pron> it  </pron>
<txt2> is too small.
</txt2>
</text>
<quote>
<pron>it </pron>
<quote2> is too small</quote2>
</quote>
<answers>
<answer>the trophy </answer>
<answer>the suitcase </answer>
</answers>
<correctAnswer>B.  </correctAnswer>
<source> Hector Levesque </source>
</schema>

<schema>
<text>
<txt1>
Joan made sure to thank Susan for all the help 
</txt1>
<pron> she </pron>
<txt2> had recieved.
</txt2>
</text>
<quote>
<pron> she </pron>
<quote2>had received </quote2>
</quote>
<answers>
<answer> Joan </answer>
<answer> Susan  </answer>
</answers>
<correctAnswer> A.  </correctAnswer>
<source> Hector Levesque </source>
</schema>

</collection>