<benchmark>
  <entries>
    <entry category="MeanOfTransportation" eid="Id1" shape="(X (X) (X) (X (X)))" shape_type="mixed" size="4">
      <originaltripleset>
        <otriple>AIDA_Cruises | location | Rostock</otriple>
        <otriple>AIDAstella | shipOperator | AIDA_Cruises</otriple>
        <otriple>AIDAstella | builder | Meyer_Werft</otriple>
        <otriple>AIDAstella | shipOwner | Costa_Crociere</otriple>
      </originaltripleset>
      <originaltripleset>
        <otriple>AIDA_Cruises | location | Rostock</otriple>
        <otriple>AIDAstella | shipOperator | AIDA_Cruises</otriple>
        <otriple>AIDAstella | shipBuilder | Meyer_Werft</otriple>
        <otriple>AIDAstella | shipOwner | Costa_Crociere</otriple>
      </originaltripleset>
      <modifiedtripleset>
        <mtriple>AIDA_Cruises | location | Rostock</mtriple>
        <mtriple>AIDAstella | operator | AIDA_Cruises</mtriple>
        <mtriple>AIDAstella | builder | Meyer_Werft</mtriple>
        <mtriple>AIDAstella | owner | Costa_Crociere</mtriple>
      </modifiedtripleset>
      <lex comment="good" lid="Id1">The ship AIDAstella is operated by Rostock based AIDA Cruises. It was built by Meyer Werft and is owned by Costa Crociere.</lex>
      <lex comment="good" lid="Id2">Located at Rostock, AIDA Cruises operate AIDAstella ship which was built by Meyer Werft and owned by Costa Crociere.</lex>
      <lex comment="good" lid="Id3">The AIDAstella was built by Meyer Werft. It is owned by Costa Crociere and operated by AIDA Cruise Line based in Rostock.</lex>
    </entry>
    </entries>
</benchmark>