[{"width": 800, "url": "https://cs.stanford.edu/people/rak248/VG_100K_2/1.jpg", "height": 600, "image_id": 1, "coco_id": null, "flickr_id": null}, {"width": 800, "url": "https://cs.stanford.edu/people/rak248/VG_100K/2.jpg", "height": 600, "image_id": 2, "coco_id": null, "flickr_id": null}, {"width": 640, "url": "https://cs.stanford.edu/people/rak248/VG_100K/3.jpg", "height": 480, "image_id": 3, "coco_id": null, "flickr_id": null}, {"width": 640, "url": "https://cs.stanford.edu/people/rak248/VG_100K/4.jpg", "height": 480, "image_id": 4, "coco_id": null, "flickr_id": null}, {"width": 800, "url": "https://cs.stanford.edu/people/rak248/VG_100K/5.jpg", "height": 600, "image_id": 5, "coco_id": null, "flickr_id": null}]