idx	label	sentence1	sentence2
0	7	when stock prices moved broadly lower	the dow jones industrial average fell 26.23 points to 2662.91
1	1	in the u.s., pcs commonly perform many tasks and plug into a broad network	in japan, many desktop terminals are limited to one function and can't communicate with other machines
2	14	but beyond this decorative nod to tradition, ms. bogart and company head off in a stylistic direction that all but transforms gorky's naturalistic drama into something akin to, well, farce	the director's attempt to force some brechtian distance between her actors and their characters frequently backfires with performances that are unduly mannered
3	14	new technologies are changing the way we deal with each other and the way we work	our expectation of confidentiality is being eroded
4	14	they were frustrated by the longer queues at the cashier and the small coins given as change	all of a sudden, prices were no longer in denominations of 100 or 200
