[{"domain": "soccer", "seed_entity": "https://www.wikidata.org/wiki/Q107365", "conv_id": 11, "questions": [{"answer": "https://www.wikidata.org/wiki/Q2765", "turn": 0, "answer_text": "Gelsenkirchen", "question": "What's the place of birth of Manuel Neuer?", "question_id": "11-0"}, {"answer": "https://www.wikidata.org/wiki/Q1198", "turn": 1, "answer_text": "North Rhine-Westphalia", "question": "What state of Germany does his birth place belong to?", "question_id": "11-1"}, {"answer": "https://www.wikidata.org/wiki/Q1718", "turn": 2, "answer_text": "D\u00fcsseldorf", "question": "What's the capital?", "question_id": "11-2"}, {"answer": "Yes", "turn": 3, "answer_text": "Yes", "question": "Does it have an airport?", "question_id": "11-3"}, {"answer": "https://www.wikidata.org/wiki/Q151747", "turn": 4, "answer_text": "Fortuna D\u00fcsseldorf", "question": "What's the name of the main soccer club there?", "question_id": "11-4"}], "seed_entity_text": "Manuel Neuer"}, {"domain": "soccer", "seed_entity": "https://www.wikidata.org/wiki/Q10520", "conv_id": 17, "questions": [{"answer": "https://www.wikidata.org/wiki/Q18656", "turn": 0, "answer_text": "Manchester United", "question": "What English Premier League soccer team did David Beckham play for in 2002?", "question_id": "17-0"}, {"answer": "https://www.wikidata.org/wiki/Q19810", "turn": 1, "answer_text": "Victoria Beckham", "question": "and who's he married to?", "question_id": "17-1"}, {"answer": "https://www.wikidata.org/wiki/Q55641", "turn": 2, "answer_text": "Spice Girls", "question": "and what band was she in?", "question_id": "17-2"}, {"answer": "https://www.wikidata.org/wiki/Q4896721", "turn": 3, "answer_text": "Best MLS Player ESPY Award", "question": "he won what award in 2012?", "question_id": "17-3"}, {"answer": "https://www.wikidata.org/wiki/Q145", "turn": 4, "answer_text": "United Kingdom", "question": "where's he from?", "question_id": "17-4"}], "seed_entity_text": "David Beckham"}, {"domain": "soccer", "seed_entity": "https://www.wikidata.org/wiki/Q44298", "conv_id": 27, "questions": [{"answer": "Yes", "turn": 0, "answer_text": "Yes", "question": "During his time at FC Bayern M\u00fcnchen, did Bastian Schweinsteiger receive any awards?", "question_id": "27-0"}, {"answer": "Yes", "turn": 1, "answer_text": "Yes", "question": "Did he play for the German National team when he got one of those awards?", "question_id": "27-1"}, {"answer": "https://www.wikidata.org/wiki/Q548459", "turn": 2, "answer_text": "Tobias Schweinsteiger", "question": "How is his brother called?", "question_id": "27-2"}, {"answer": "https://www.wikidata.org/wiki/Q937857", "turn": 3, "answer_text": "association football player", "question": "What does he do for a living?", "question_id": "27-3"}, {"answer": "No", "turn": 4, "answer_text": "No", "question": "Was he also part of the German National Team at some point?", "question_id": "27-4"}], "seed_entity_text": "Bastian Schweinsteiger"}, {"domain": "soccer", "seed_entity": "https://www.wikidata.org/wiki/Q107365", "conv_id": 33, "questions": [{"answer": "https://www.wikidata.org/wiki/Q2765", "turn": 0, "answer_text": "Gelsenkirchen", "question": "What's the place of birth of Manuel Neuer?", "question_id": "33-0"}, {"answer": "https://www.wikidata.org/wiki/Q1198", "turn": 1, "answer_text": "North Rhine-Westphalia", "question": "What state of Germany does his birth place belong to?", "question_id": "33-1"}, {"answer": "https://www.wikidata.org/wiki/Q1718", "turn": 2, "answer_text": "D\u00fcsseldorf", "question": "How is the capital city called?", "question_id": "33-2"}, {"answer": "Yes", "turn": 3, "answer_text": "Yes", "question": "Is there an airport?", "question_id": "33-3"}, {"answer": "https://www.wikidata.org/wiki/Q151747", "turn": 4, "answer_text": "Fortuna D\u00fcsseldorf", "question": "What's the name of the main soccer club there?", "question_id": "33-4"}], "seed_entity_text": "Manuel Neuer"}, {"domain": "soccer", "seed_entity": "https://www.wikidata.org/wiki/Q204357", "conv_id": 36, "questions": [{"answer": "https://www.wikidata.org/wiki/Q18543", "turn": 0, "answer_text": "Major League Soccer", "question": "The Los Angeles Galaxy are a member of what soccer league?", "question_id": "36-0"}, {"answer": "https://www.wikidata.org/wiki/Q200684", "turn": 1, "answer_text": "Dignity Health Sports Park", "question": "what's their home stadium?", "question_id": "36-1"}, {"answer": "1955", "turn": 2, "answer_text": "1995", "question": "when did the team start up?", "question_id": "36-2"}, {"answer": "yes", "turn": 3, "answer_text": "yes", "question": "did David Beckham play for them?", "question_id": "36-3"}, {"answer": "https://www.wikidata.org/wiki/Q464385", "turn": 4, "answer_text": "Cobi Jones", "question": "what was the coach's name in August 2008?", "question_id": "36-4"}], "seed_entity_text": "Los Angeles Galaxy"}]