[{"domain": "tv_series", "seed_entity": "https://www.wikidata.org/wiki/Q24070370", "conv_id": 6, "questions": [{"answer": "https://www.wikidata.org/wiki/Q166419", "turn": 0, "answer_text": "Fox Broadcasting Company", "question": "Lethal Weapon is on what network?", "question_id": "6-0"}, {"answer": "21 September 2016", "turn": 1, "answer_text": "21 September 2016", "question": "What was the first episode date?", "question_id": "6-1"}, {"answer": "https://www.wikidata.org/wiki/Q65", "turn": 2, "answer_text": "Los Angeles", "question": "Where is it set?", "question_id": "6-2"}, {"answer": "https://www.wikidata.org/wiki/Q282634; https://www.wikidata.org/wiki/Q2435789", "turn": 3, "answer_text": "Martin Riggs; Roger Murtaugh", "question": "What's the name of the two cops?", "question_id": "6-3"}, {"answer": "https://www.wikidata.org/wiki/Q2978725; https://www.wikidata.org/wiki/Q382420", "turn": 4, "answer_text": "Clayne Crawford; Damon Wayans", "question": "What actors played those roles?", "question_id": "6-4"}], "seed_entity_text": "Lethal Weapon"}, {"domain": "tv_series", "seed_entity": "https://www.wikidata.org/wiki/Q79784", "conv_id": 9, "questions": [{"answer": "10", "turn": 0, "answer_text": "10", "question": "How many seasons of Friends were there?", "question_id": "9-0"}, {"answer": "https://www.wikidata.org/wiki/Q335672;https://www.wikidata.org/wiki/Q237454", "turn": 1, "answer_text": "David Crane;Marta Kauffman", "question": "Who produced the show?", "question_id": "9-1"}, {"answer": "https://www.wikidata.org/wiki/Q7969710", "turn": 2, "answer_text": "Warner Bros. Television Distribution", "question": "Who distributed the show?", "question_id": "9-2"}, {"answer": "https://www.wikidata.org/wiki/Q2006198", "turn": 3, "answer_text": "I'll Be There for You", "question": "What was the theme song called?", "question_id": "9-3"}, {"answer": "https://www.wikidata.org/wiki/Q79784", "turn": 4, "answer_text": "Friends", "question": "Where did Jennifer Aniston and David Schwimmer both work?", "question_id": "9-4"}], "seed_entity_text": "Friends"}, {"domain": "tv_series", "seed_entity": "https://www.wikidata.org/wiki/Q79784", "conv_id": 19, "questions": [{"answer": "10", "turn": 0, "answer_text": "10", "question": "How many seasons did the TV show Friends air?", "question_id": "19-0"}, {"answer": "https://www.wikidata.org/wiki/Q335672;https://www.wikidata.org/wiki/Q237454", "turn": 1, "answer_text": "David Crane;Marta Kauffman", "question": "Who produced the show?", "question_id": "19-1"}, {"answer": "https://www.wikidata.org/wiki/Q7969710", "turn": 2, "answer_text": "Warner Bros. Television Distribution", "question": "Who distributed the show?", "question_id": "19-2"}, {"answer": "https://www.wikidata.org/wiki/Q2006198", "turn": 3, "answer_text": "I'll Be There for You", "question": "What was the theme song for the show?", "question_id": "19-3"}, {"answer": "https://www.wikidata.org/wiki/Q79784", "turn": 4, "answer_text": "Friends", "question": "Where did Jennifer Aniston and David Schwimmer both work?", "question_id": "19-4"}], "seed_entity_text": "Friends"}, {"domain": "tv_series", "seed_entity": "https://www.wikidata.org/wiki/Q28429653", "conv_id": 20, "questions": [{"answer": "https://www.wikidata.org/wiki/Q188492", "turn": 0, "answer_text": "Seth MacFarlane", "question": "Who created The Orville?", "question_id": "20-0"}, {"answer": "https://www.wikidata.org/wiki/Q166419", "turn": 1, "answer_text": "Fox Broadcasting Company", "question": "What network airs it?", "question_id": "20-1"}, {"answer": "44 minute", "turn": 2, "answer_text": "44 minute", "question": "How long does an episode run?", "question_id": "20-2"}, {"answer": "10 September 2017", "turn": 3, "answer_text": "10 September 2017", "question": "What was the airdate of the first episode?", "question_id": "20-3"}, {"answer": "https://www.wikidata.org/wiki/Q513169", "turn": 4, "answer_text": "Halston Sage", "question": "What's the name of the actress who is the Xelayan security chief?", "question_id": "20-4"}], "seed_entity_text": "The Orville"}, {"domain": "tv_series", "seed_entity": "https://www.wikidata.org/wiki/Q20707362", "conv_id": 21, "questions": [{"answer": "https://www.wikidata.org/wiki/Q258999", "turn": 0, "answer_text": "Claire Foy", "question": "Who plays the role of Queen Elizabeth II in the TV series The Crown?", "question_id": "21-0"}, {"answer": "https://www.wikidata.org/wiki/Q1627967;https://www.wikidata.org/wiki/Q7115449", "turn": 1, "answer_text": "Liverpool John Moores University;Oxford School of Drama", "question": "where did she receive her university education?", "question_id": "21-1"}, {"answer": "https://www.wikidata.org/wiki/Q312385", "turn": 2, "answer_text": "Matt Smith", "question": "who plays the queen's husband?", "question_id": "21-2"}, {"answer": "https://www.wikidata.org/wiki/Q9682", "turn": 3, "answer_text": "Queen Elizabeth II", "question": "whom is the series a historical drama on?", "question_id": "21-3"}, {"answer": "https://www.wikidata.org/wiki/Q948122", "turn": 4, "answer_text": "Peter Morgan", "question": "the series was created by?", "question_id": "21-4"}], "seed_entity_text": "The Crown"}]