[{"domain": "books", "seed_entity": "https://www.wikidata.org/wiki/Q208971", "conv_id": 4, "questions": [{"answer": "https://www.wikidata.org/wiki/Q134798", "turn": 0, "answer_text": "Haruki Murakami", "question": "Which author wrote the novel 1Q84?", "question_id": "4-0"}, {"answer": "https://www.wikidata.org/wiki/Q17", "turn": 1, "answer_text": "Japan", "question": "author's nationality?", "question_id": "4-1"}, {"answer": "https://www.wikidata.org/wiki/Q579744", "turn": 2, "answer_text": "Kafka on the shore", "question": "he won the World Fantasy Award for?", "question_id": "4-2"}, {"answer": "Yes", "turn": 3, "answer_text": "Yes", "question": "is he a recipient of Franz Kafka award?", "question_id": "4-3"}, {"answer": "2006", "turn": 4, "answer_text": "2006", "question": "when?", "question_id": "4-4"}], "seed_entity_text": "1Q84"}, {"domain": "books", "seed_entity": "https://www.wikidata.org/wiki/Q8337", "conv_id": 5, "questions": [{"answer": "https://www.wikidata.org/wiki/Q34660", "turn": 0, "answer_text": "J. K. Rowling", "question": "Which famous author wrote the fantasy book series Harry Potter?", "question_id": "5-0"}, {"answer": "https://www.wikidata.org/wiki/Q43361", "turn": 1, "answer_text": "Harry Potter and the Philosopher's Stone", "question": "Which book was the first one written?", "question_id": "5-1"}, {"answer": "https://www.wikidata.org/wiki/Q46758", "turn": 2, "answer_text": "Harry Potter and the Deathly Hallows", "question": "What novel was the final one?", "question_id": "5-2"}, {"answer": "https://www.wikidata.org/wiki/Q174009", "turn": 3, "answer_text": "Hermione Granger", "question": "What character joins Harry Potter after being saved by him?", "question_id": "5-3"}, {"answer": "7", "turn": 4, "answer_text": "7", "question": "The series consists of which amount of books?", "question_id": "5-4"}], "seed_entity_text": "Harry Potter"}, {"domain": "books", "seed_entity": "https://www.wikidata.org/wiki/Q857313", "conv_id": 14, "questions": [{"answer": "https://www.wikidata.org/wiki/Q244390", "turn": 0, "answer_text": "Ken Kesey", "question": "Who was the Author of One Flew Over the Cuckoo's Nest?", "question_id": "14-0"}, {"answer": "1962", "turn": 1, "answer_text": "1962", "question": "In which year was it published?", "question_id": "14-1"}, {"answer": "https://www.wikidata.org/wiki/Q824", "turn": 2, "answer_text": "Oregon", "question": "What region is it's setting?", "question_id": "14-2"}, {"answer": "Yes", "turn": 3, "answer_text": "Yes", "question": "Did it go to Broadway?", "question_id": "14-3"}, {"answer": "Yes", "turn": 4, "answer_text": "Yes", "question": "Was it adapted for the big screen?", "question_id": "14-4"}], "seed_entity_text": "One Flew Over the Cuckoo's Nest"}, {"domain": "books", "seed_entity": "https://www.wikidata.org/wiki/Q208971", "conv_id": 16, "questions": [{"answer": "https://www.wikidata.org/wiki/Q134798", "turn": 0, "answer_text": "Haruki Murakami", "question": "Who is the writer of the fiction novel 1Q84?", "question_id": "16-0"}, {"answer": "https://www.wikidata.org/wiki/Q17", "turn": 1, "answer_text": "Japan", "question": "the country that the author is from?", "question_id": "16-1"}, {"answer": "https://www.wikidata.org/wiki/Q579744", "turn": 2, "answer_text": "Kafka on the shore", "question": "which of his books won the World Fantasy Award for the best novel?", "question_id": "16-2"}, {"answer": "Yes", "turn": 3, "answer_text": "Yes", "question": "is he a recipient of Franz Kafka award?", "question_id": "16-3"}, {"answer": "2006", "turn": 4, "answer_text": "2006", "question": "when?", "question_id": "16-4"}], "seed_entity_text": "1Q84"}, {"domain": "books", "seed_entity": "https://www.wikidata.org/wiki/Q43361", "conv_id": 18, "questions": [{"answer": "Harry Potter and the Sorcerer's Stone", "turn": 0, "answer_text": "Harry Potter and the Sorcerer's Stone", "question": "What other name is Harry Potter and the Philosophers Stone known by?", "question_id": "18-0"}, {"answer": "https://www.wikidata.org/wiki/Q34660", "turn": 1, "answer_text": "J.K. Rowling", "question": "Who is the author?", "question_id": "18-1"}, {"answer": "https://www.wikidata.org/wiki/Q47209", "turn": 2, "answer_text": "Harry Potter and the Chamber of Secrets", "question": "What is the the title of the next book?", "question_id": "18-2"}, {"answer": "https://www.wikidata.org/wiki/Q47598", "turn": 3, "answer_text": "Harry Potter and the Prisoner of Azkaban", "question": "and the third book?", "question_id": "18-3"}, {"answer": "https://www.wikidata.org/wiki/Q46751", "turn": 4, "answer_text": "Harry Potter and the Goblet of Fire", "question": "What is the fourth book called?", "question_id": "18-4"}], "seed_entity_text": "Harry Potter and the Philosophers Stone"}]