path	translation	split
common_voice_fr_17732749.mp3	Madam Pfeffers the baroness.	train
common_voice_fr_17732750.mp3	You know as well as I do that many new molecules have unfortunately been disappointing.	train
common_voice_fr_19761885.mp3	The drum part was directed toward the Ardoise door.	dev
common_voice_fr_19761886.mp3	Today, it is encompassing more than 30 researchers, military, contractors...	dev
common_voice_fr_20046123.mp3	So the family will need to relearn everything.	test
common_voice_fr_19364697.mp3	This site contains four tombstones from the Achaemenid dynasty and seven from the Sasanian dynasty.	test
