[{"uuid": "C_1cd18fccedb341bbb091790438efdd88", "scenario": {"attributes": [{"unique": false, "value_type": "major", "name": "Major"}, {"unique": false, "value_type": "hobby", "name": "Hobby"}, {"unique": false, "value_type": "time_pref", "name": "Time Preference"}], "kbs": [[{"Hobby": "Calligraphy", "Major": "African Studies", "Time Preference": "afternoon"}, {"Hobby": "Topiary", "Major": "Middle Eastern Studies", "Time Preference": "afternoon"}, {"Hobby": "Element collecting", "Major": "African Studies", "Time Preference": "afternoon"}, {"Hobby": "Snowboarding", "Major": "African Studies", "Time Preference": "afternoon"}, {"Hobby": "Rock climbing", "Major": "Computer Programming", "Time Preference": "evening"}, {"Hobby": "Topiary", "Major": "Photography", "Time Preference": "evening"}, {"Hobby": "Camping", "Major": "Agricultural Sciences", "Time Preference": "evening"}, {"Hobby": "Rock climbing", "Major": "Multi Studies", "Time Preference": "afternoon"}], [{"Hobby": "Freestyle football", "Major": "Zoology", "Time Preference": "afternoon"}, {"Hobby": "Vehicle restoration", "Major": "Metallurgical Engineering", "Time Preference": "afternoon"}, {"Hobby": "Camping", "Major": "Multi Studies", "Time Preference": "morning"}, {"Hobby": "Rock climbing", "Major": "Metallurgical Engineering", "Time Preference": "afternoon"}, {"Hobby": "Aqua-lung", "Major": "Metallurgical Engineering", "Time Preference": "afternoon"}, {"Hobby": "Freestyle football", "Major": "Metallurgical Engineering", "Time Preference": "afternoon"}, {"Hobby": "Camping", "Major": "Agricultural Sciences", "Time Preference": "evening"}, {"Hobby": "Vehicle restoration", "Major": "Metallurgical Engineering", "Time Preference": "evening"}]], "uuid": "S_y8wfjxPuIjR8Xsut", "alphas": [0.3, 1.0, 1.0]}, "scenario_uuid": "S_y8wfjxPuIjR8Xsut", "agents": {"1": "human", "0": "human"}, "outcome": {"reward": 1}, "events": [{"action": "message", "start_time": null, "data": "I have 1 friend that majored in zoology", "agent": 1, "time": "1480736453.0"}, {"action": "message", "start_time": null, "data": "I have 1 friend that maj in Agri sciences", "agent": 1, "time": "1480736472.0"}, {"action": "message", "start_time": null, "data": "I also have a friend that majored in agri science", "agent": 0, "time": "1480736490.0"}, {"action": "message", "start_time": null, "data": "hobby is camping", "agent": 0, "time": "1480736500.0"}, {"action": "message", "start_time": null, "data": "Likes camoing and evening", "agent": 1, "time": "1480736503.0"}, {"action": "message", "start_time": null, "data": "yup!", "agent": 0, "time": "1480736510.0"}, {"action": "select", "start_time": null, "data": {"Hobby": "Camping", "Major": "Agricultural Sciences", "Time Preference": "evening"}, "agent": 1, "time": "1480736515.0"}, {"action": "select", "start_time": null, "data": {"Hobby": "Camping", "Major": "Agricultural Sciences", "Time Preference": "evening"}, "agent": 0, "time": "1480736515.0"}]}, {"uuid": "C_44d7a9ae0bed4ee48660c4698c9ae32a", "scenario": {"attributes": [{"unique": false, "value_type": "name", "name": "Name"}, {"unique": false, "value_type": "school", "name": "School"}, {"unique": false, "value_type": "time_pref", "name": "Time Preference"}], "kbs": [[{"School": "University of Wisconsin-Madison", "Name": "Samuel", "Time Preference": "evening"}, {"School": "Miami Christian University", "Name": "Matthew", "Time Preference": "morning"}, {"School": "Miami Christian University", "Name": "Nathan", "Time Preference": "morning"}, {"School": "Miami Christian University", "Name": "Lisa", "Time Preference": "morning"}, {"School": "Miami Christian University", "Name": "Mildred", "Time Preference": "morning"}, {"School": "Albion College", "Name": "Samuel", "Time Preference": "morning"}], [{"School": "Albion College", "Name": "Arthur", "Time Preference": "evening"}, {"School": "West Texas A&M University", "Name": "Nathan", "Time Preference": "morning"}, {"School": "Murray State University", "Name": "Elizabeth", "Time Preference": "evening"}, {"School": "University of Wisconsin-Madison", "Name": "Samuel", "Time Preference": "evening"}, {"School": "Murray State University", "Name": "Nathan", "Time Preference": "evening"}, {"School": "West Texas A&M University", "Name": "Matthew", "Time Preference": "evening"}]], "uuid": "S_VzINE3imZiJO87Xt", "alphas": [1.0, 0.3, 1.0]}, "scenario_uuid": "S_VzINE3imZiJO87Xt", "agents": {"1": "human", "0": "human"}, "outcome": {"reward": 1}, "events": [{"action": "select", "start_time": null, "data": {"School": "University of Wisconsin-Madison", "Name": "Samuel", "Time Preference": "evening"}, "agent": 0, "time": "1480736443.0"}, {"action": "message", "start_time": null, "data": "Most of my friends prefer the morning", "agent": 1, "time": "1480736446.0"}, {"action": "message", "start_time": null, "data": "evening, sorry ", "agent": 1, "time": "1480736457.0"}, {"action": "select", "start_time": null, "data": {"School": "University of Wisconsin-Madison", "Name": "Samuel", "Time Preference": "evening"}, "agent": 1, "time": "1480736463.0"}]}, {"uuid": "C_7b53b03393124ce584f0c2a7de971b6e", "scenario": {"attributes": [{"unique": false, "value_type": "school", "name": "School"}, {"unique": false, "value_type": "company", "name": "Company"}, {"unique": false, "value_type": "loc_pref", "name": "Location Preference"}], "kbs": [[{"School": "University of Maryland at Baltimore", "Company": "Denbury Resources", "Location Preference": "indoor"}, {"School": "St. Louis College of Pharmacy", "Company": "Eastman Kodak", "Location Preference": "indoor"}, {"School": "University of Maryland at Baltimore", "Company": "Xerox", "Location Preference": "indoor"}, {"School": "St. Louis College of Pharmacy", "Company": "Seneca Foods Corporation", "Location Preference": "indoor"}, {"School": "Messiah College", "Company": "ExxonMobil", "Location Preference": "indoor"}, {"School": "Virginia Commonwealth University", "Company": "New York Life Insurance Company", "Location Preference": "indoor"}, {"School": "St. Louis College of Pharmacy", "Company": "Hewlett-Packard", "Location Preference": "indoor"}, {"School": "Marshall University", "Company": "Dr Pepper Snapple Group", "Location Preference": "outdoor"}, {"School": "Virginia Commonwealth University", "Company": "Hewlett-Packard", "Location Preference": "indoor"}, {"School": "Middle Georgia College", "Company": "Palm, Inc.", "Location Preference": "outdoor"}, {"School": "St. John's College-Annapolis", "Company": "Eastman Kodak", "Location Preference": "outdoor"}, {"School": "Virginia Commonwealth University", "Company": "Morningstar", "Location Preference": "indoor"}], [{"School": "Marshall University", "Company": "Dr Pepper Snapple Group", "Location Preference": "indoor"}, {"School": "University of Pittsburgh at Johnstown", "Company": "Ampex Corporation", "Location Preference": "indoor"}, {"School": "St. Louis College of Pharmacy", "Company": "Nike, Inc.", "Location Preference": "indoor"}, {"School": "St. Louis College of Pharmacy", "Company": "Hewlett-Packard", "Location Preference": "indoor"}, {"School": "University of Pittsburgh at Johnstown", "Company": "Nike, Inc.", "Location Preference": "indoor"}, {"School": "Edinboro University of Pennsylvania", "Company": "Exelon", "Location Preference": "indoor"}, {"School": "University of Pittsburgh at Johnstown", "Company": "Palm, Inc.", "Location Preference": "indoor"}, {"School": "St. Louis College of Pharmacy", "Company": "Morningstar", "Location Preference": "indoor"}, {"School": "Edinboro University of Pennsylvania", "Company": "Meijer", "Location Preference": "indoor"}, {"School": "Messiah College", "Company": "Whataburger", "Location Preference": "indoor"}, {"School": "University of Pittsburgh at Johnstown", "Company": "Seneca Foods Corporation", "Location Preference": "indoor"}, {"School": "Virginia Commonwealth University", "Company": "Nike, Inc.", "Location Preference": "indoor"}]], "uuid": "S_yorc8Ph9HsbbY0Gh", "alphas": [1.0, 1.0, 1.0]}, "scenario_uuid": "S_yorc8Ph9HsbbY0Gh", "agents": {"1": "human", "0": "human"}, "outcome": {"reward": 1}, "events": [{"action": "message", "start_time": null, "data": "hello", "agent": 0, "time": "1480736444.0"}, {"action": "message", "start_time": null, "data": "Hi", "agent": 1, "time": "1480736454.0"}, {"action": "message", "start_time": null, "data": "my friends like to do stuff outdoors", "agent": 0, "time": "1480736459.0"}, {"action": "message", "start_time": null, "data": "alot went to virginia commonwealth", "agent": 0, "time": "1480736480.0"}, {"action": "message", "start_time": null, "data": "Not a single one of mine do!", "agent": 1, "time": "1480736481.0"}, {"action": "message", "start_time": null, "data": "ok so lets go with the indoor friends", "agent": 0, "time": "1480736497.0"}, {"action": "message", "start_time": null, "data": "university of maryland?", "agent": 0, "time": "1480736504.0"}, {"action": "message", "start_time": null, "data": "None there, sorry. ;(", "agent": 1, "time": "1480736527.0"}, {"action": "message", "start_time": null, "data": "VCU?", "agent": 0, "time": "1480736532.0"}, {"action": "message", "start_time": null, "data": "Yes, one", "agent": 1, "time": "1480736563.0"}, {"action": "select", "start_time": null, "data": {"School": "Virginia Commonwealth University", "Company": "Nike, Inc.", "Location Preference": "indoor"}, "agent": 1, "time": "1480736566.0"}, {"action": "message", "start_time": null, "data": "no nike", "agent": 0, "time": "1480736583.0"}, {"action": "message", "start_time": null, "data": "new york life", "agent": 0, "time": "1480736588.0"}, {"action": "message", "start_time": null, "data": "hewlett packard", "agent": 0, "time": "1480736605.0"}, {"action": "message", "start_time": null, "data": "I have a HP", "agent": 1, "time": "1480736614.0"}, {"action": "message", "start_time": null, "data": "St oouis college", "agent": 1, "time": "1480736627.0"}, {"action": "select", "start_time": null, "data": {"School": "Virginia Commonwealth University", "Company": "Hewlett-Packard", "Location Preference": "indoor"}, "agent": 0, "time": "1480736627.0"}, {"action": "message", "start_time": null, "data": "Sigh, no. ;(", "agent": 1, "time": "1480736639.0"}, {"action": "select", "start_time": null, "data": {"School": "St. Louis College of Pharmacy", "Company": "Eastman Kodak", "Location Preference": "indoor"}, "agent": 0, "time": "1480736669.0"}, {"action": "message", "start_time": null, "data": "or st louis HP?", "agent": 0, "time": "1480736686.0"}, {"action": "message", "start_time": null, "data": "No to that, as well", "agent": 1, "time": "1480736687.0"}, {"action": "message", "start_time": null, "data": "I have st louis HP", "agent": 1, "time": "1480736693.0"}, {"action": "select", "start_time": null, "data": {"School": "St. Louis College of Pharmacy", "Company": "Hewlett-Packard", "Location Preference": "indoor"}, "agent": 1, "time": "1480736697.0"}, {"action": "select", "start_time": null, "data": {"School": "St. Louis College of Pharmacy", "Company": "Hewlett-Packard", "Location Preference": "indoor"}, "agent": 0, "time": "1480736707.0"}]}, {"uuid": "C_b25565a9482d49b9898a7d51c86f3674", "scenario": {"attributes": [{"unique": false, "value_type": "school", "name": "School"}, {"unique": false, "value_type": "major", "name": "Major"}, {"unique": false, "value_type": "time_pref", "name": "Time Preference"}, {"unique": false, "value_type": "loc_pref", "name": "Location Preference"}], "kbs": [[{"Major": "English Literature", "Time Preference": "morning", "School": "Purdue University", "Location Preference": "outdoor"}, {"Major": "Information Mgmt. Sciences & Systems", "Time Preference": "morning", "School": "Hendrix College", "Location Preference": "outdoor"}, {"Major": "Italian", "Time Preference": "evening", "School": "Augustana College", "Location Preference": "indoor"}, {"Major": "Actuarial Sciences", "Time Preference": "afternoon", "School": "Louisiana State University at Alexandria", "Location Preference": "indoor"}, {"Major": "Marine Engineering", "Time Preference": "evening", "School": "Purdue University", "Location Preference": "indoor"}, {"Major": "Italian", "Time Preference": "afternoon", "School": "Purdue University", "Location Preference": "indoor"}], [{"Major": "Computer Mathematics", "Time Preference": "morning", "School": "Purdue University", "Location Preference": "outdoor"}, {"Major": "Mormon Affiliation", "Time Preference": "afternoon", "School": "Purdue University", "Location Preference": "outdoor"}, {"Major": "Italian", "Time Preference": "morning", "School": "Governors State University", "Location Preference": "indoor"}, {"Major": "Italian", "Time Preference": "afternoon", "School": "Purdue University", "Location Preference": "indoor"}, {"Major": "Italian", "Time Preference": "morning", "School": "Augustana College", "Location Preference": "outdoor"}, {"Major": "Mormon Affiliation", "Time Preference": "afternoon", "School": "Virginia Commonwealth University", "Location Preference": "indoor"}]], "uuid": "S_NQH05oCo5FFuj6sI", "alphas": [3.0, 1.0, 3.0, 1.0]}, "scenario_uuid": "S_NQH05oCo5FFuj6sI", "agents": {"1": "human", "0": "human"}, "outcome": {"reward": 0}, "events": [{"action": "select", "start_time": null, "data": {"Major": "Mormon Affiliation", "Time Preference": "afternoon", "School": "Purdue University", "Location Preference": "outdoor"}, "agent": 1, "time": "1480736448.0"}]}, {"uuid": "C_a1afa877d6744914be7ca82041fa7a37", "scenario": {"attributes": [{"unique": false, "value_type": "school", "name": "School"}, {"unique": false, "value_type": "major", "name": "Major"}, {"unique": false, "value_type": "hobby", "name": "Hobby"}, {"unique": false, "value_type": "loc_pref", "name": "Location Preference"}], "kbs": [[{"Hobby": "Racquetball", "School": "Frostburg State University", "Major": "Engineering Mechanics", "Location Preference": "indoor"}, {"Hobby": "Racquetball", "School": "Texas Tech University-Health Sciences Center", "Major": "Engineering Mechanics", "Location Preference": "indoor"}, {"Hobby": "Scuba diving", "School": "Wright State University", "Major": "Aviation & Air Transportation", "Location Preference": "outdoor"}, {"Hobby": "Laser tag", "School": "Hastings College", "Major": "Applied Mathematics", "Location Preference": "indoor"}, {"Hobby": "Auto racing", "School": "Wright State University", "Major": "Engineering Mechanics", "Location Preference": "indoor"}, {"Hobby": "Scuba diving", "School": "Frostburg State University", "Major": "Engineering Mechanics", "Location Preference": "outdoor"}], [{"Hobby": "Air sports", "School": "City University", "Major": "Engineering Mechanics", "Location Preference": "outdoor"}, {"Hobby": "Ultimate Disc", "School": "Brandeis University", "Major": "Astronomy", "Location Preference": "outdoor"}, {"Hobby": "Racquetball", "School": "Texas Tech University-Health Sciences Center", "Major": "Engineering Mechanics", "Location Preference": "indoor"}, {"Hobby": "Fencing", "School": "New Mexico State University", "Major": "Electrical Engineering", "Location Preference": "indoor"}, {"Hobby": "Air sports", "School": "Troy State University", "Major": "Electrical Engineering", "Location Preference": "indoor"}, {"Hobby": "Bridge", "School": "Texas Tech University-Health Sciences Center", "Major": "Religious Education", "Location Preference": "outdoor"}]], "uuid": "S_dIMYG9a6UAFBEr7T", "alphas": [0.3, 1.0, 3.0, 0.3]}, "scenario_uuid": "S_dIMYG9a6UAFBEr7T", "agents": {"1": "human", "0": "human"}, "outcome": {"reward": 0}, "events": [{"action": "message", "start_time": null, "data": "Hello", "agent": 0, "time": "1480736488.0"}, {"action": "select", "start_time": null, "data": {"Hobby": "Racquetball", "School": "Frostburg State University", "Major": "Engineering Mechanics", "Location Preference": "indoor"}, "agent": 0, "time": "1480736497.0"}]}]