<benchmark>
  <entries>
    <entry category="MeanOfTransportation" eid="Id1" shape="(X (X) (X))" shape_type="sibling" size="2">
      <originaltripleset>
        <otriple>1955_Dodge | engine | 230</otriple>
        <otriple>1955_Dodge | bodyStyle | Convertible</otriple>
      </originaltripleset>
      <modifiedtripleset>
        <mtriple>1955_Dodge | engine | 230 (cubic inches)</mtriple>
        <mtriple>1955_Dodge | bodyStyle | Convertible</mtriple>
      </modifiedtripleset>
      <lex comment="good" lid="Id1">The 1955 Dodge is a convertible with a 230 cubic inch engine.</lex>
      <lex comment="good" lid="Id2">The 1955 Dodge convertible's engine size is 230 cubic inches.</lex>
      <lex comment="good" lid="Id3">The 1955 Dodge is a convertible and has a 230 cubic inch engine.</lex>
    </entry>
    </entries>
</benchmark>