idx	label	sentence1	sentence2
0	1	without the cooperation, there would be no victory of competition	take olympic games which is a form of competition for instance, it is hard to imagine how an athlete could win the game without the training of his or her coach, and the help of other professional staffs such as the people who take care of his diet, and those who are in charge of the medical care
1	0	competition makes the society more effective	the significance of competition is that how to become more excellence to gain the victory
2	1	through cooperation, children can learn about interpersonal skills which are significant in the future life of all students	during the process of cooperation, children can learn about how to listen to opinions of others, how to communicate with others, how to think comprehensively, and even how to compromise with other team members when conflicts occurred
3	0	it is crucial to keep one's identity	they need a connection back to their country as well as teach their children their value of origin
4	0	keeping the cultural traditions in the destination countries is tremendous important	children immigrated to a new country will face social troubles in school with new friends
