path	sentence	client_id
common_voice_ar_19134079.mp3	.هذه ملحوظة مهمة للغاية	f5332db8ce939969b03ff6f9ca6dc548cd0bafcd3da7a06131547f24b0c1ce72a63e3124e6a6801678287c33a7cdd546b78523ee69689f9418d5448809febfc1
common_voice_ar_19134080.mp3	من اخترع هذه الآلة ؟	f5332db8ce939969b03ff6f9ca6dc548cd0bafcd3da7a06131547f24b0c1ce72a63e3124e6a6801678287c33a7cdd546b78523ee69689f9418d5448809febfc1
common_voice_ar_19321385.mp3	ليس لك أن تتعدى على القوانين.	91aa1f3d7a2736defd39ff047ae5c8c1c6ea2e2166e29f157b849bc635a9aee2cf976f0d428f3a05cb9b27d0d9d1b07b7dbc7f1ed41f0843aee2c7e1a66445d3
common_voice_ar_19321386.mp3	كل الخيول حيوانات ، لكن ليس كل الحيوانات خيول.	91aa1f3d7a2736defd39ff047ae5c8c1c6ea2e2166e29f157b849bc635a9aee2cf976f0d428f3a05cb9b27d0d9d1b07b7dbc7f1ed41f0843aee2c7e1a66445d3
common_voice_ar_19216700.mp3	ألديك قلم ؟	0cae0344c4bc6379e9109c5925bc9f94a5e8b17a4310586d4286609e65b5ef665cc74e04c2e330881317f8bec12a4471214b02d3dfaae58702a1e1cc7b1906e6
common_voice_ar_19242995.mp3	أين المشكلة ؟	21202541c45dfd6be842048008acff08ca7844d0abb25ddad1cdd240df65bb6b4d3a2df7b95e355ea27d32d4a6e59891912b2cf24efb3c1bafc4b3de2484e76d
