<benchmark>
  <entries>
    <entry category="WrittenWork" eid="Id1" size="4">
      <originaltripleset>
        <otriple>1634:_The_Bavarian_Crisis | isbn | "978-1-4165-4253-7"</otriple>
        <otriple>1634:_The_Bavarian_Crisis | mediaType | Hardcover</otriple>
        <otriple>1634:_The_Bavarian_Crisis | numberOfPages | "448"^^xsd:positiveInteger</otriple>
        <otriple>1634:_The_Bavarian_Crisis | author | "Virginia DeMarce and"@en</otriple>
      </originaltripleset>
      <modifiedtripleset>
        <mtriple>1634:_The_Bavarian_Crisis | ISBN_number | "978-1-4165-4253-7"</mtriple>
        <mtriple>1634:_The_Bavarian_Crisis | mediaType | Hardcover</mtriple>
        <mtriple>1634:_The_Bavarian_Crisis | numberOfPages | "448"</mtriple>
        <mtriple>1634:_The_Bavarian_Crisis | author | "Virginia DeMarce and Eric Flint"</mtriple>
      </modifiedtripleset>
      <lex comment="good" lid="Id1">The authors of 1634: The Bavarian Crisis are Virginia DeMarce and Eric Flint. It has 448 pages, an ISBN number of 978-1-4165-4253-7and is available in hardcover.</lex>
      <lex comment="good" lid="Id2">1634: The Bavarian Crisis, ISBN number 978-1-4165-4253-7, was written by Virginia DeMarce and Eric Flint. It is available in hardcover and is 448 pages long.</lex>
      <lex comment="good" lid="Id3">1634: The Bavarian Crisis, that can be located by it's ISBN number "978-1-4165-4253-7", comes in hardcover and has 448 pages. The authors of the book are Virginia DeMarce and Eric Flint.</lex>
    </entry>
    </entries>
</benchmark>