<benchmark>
  <entries>
    <entry category="Athlete" eid="Id1" size="4">
      <originaltripleset>
        <otriple>A.C._Milan | league | Serie_A</otriple>
        <otriple>Alessio_Romagnoli | clubs | A.C._Milan</otriple>
        <otriple>A.C._Milan | manager | Siniša_Mihajlović</otriple>
        <otriple>Alessio_Romagnoli | team | Italy_national_under-17_football_team</otriple>
      </originaltripleset>
      <modifiedtripleset>
        <mtriple>A.C._Milan | league | Serie_A</mtriple>
        <mtriple>Alessio_Romagnoli | club | A.C._Milan</mtriple>
        <mtriple>A.C._Milan | manager | Siniša_Mihajlović</mtriple>
        <mtriple>Alessio_Romagnoli | club | Italy_national_under-17_football_team</mtriple>
      </modifiedtripleset>
      <lex comment="good" lid="Id1">Alessio Romagnoli, was a member of the Italian national under 17 football team, and plays for A.C. Milan. Siniša Mihajlović is manager of A.C. Milan which is in Serie A league.</lex>
      <lex comment="good" lid="Id2">Alessio Romagnoli is in the Italian national under 17 team and also plays in the Serie A for AC Milan who are managed by Sinisa Mihajlovic.</lex>
      <lex comment="good" lid="Id3">Alessio Romagnoli is a member of the Italian national under 17 football team and also for AC Milan who play in Serie A and are managed by Sinisa Mihajlovic.</lex>
    </entry>
    </entries>
</benchmark>