0	La presencia de la comunicación entre las mentes científicas fue igualmente importante para el éxito del Proyecto Manhattan como lo fue el intelecto científico. La presencia de la comunicación entre las mentes científicas fue igualmente importante para el éxito del Proyecto Manhattan como lo fue el intelecto científico. La única nube que se cierne sobre el impresionante logro de los investigadores e ingenieros atómicos es lo que su éxito realmente significó; cientos de miles de vidas inocentes fueron destruidas.
1	El Proyecto Manhattan y su bomba atómica ayudaron a poner fin a la Segunda Guerra Mundial. Su legado de usos pacíficos de la energía atómica sigue teniendo un impacto en la historia y la ciencia.
2	Ensayo sobre el Proyecto Manhattan - El Proyecto Manhattan El Proyecto Manhattan fue para ver si hacer posible una bomba atómica. El éxito de este proyecto cambiaría para siempre el mundo haciendo saber para siempre que algo tan poderoso puede ser hecho por el hombre.
3	El Proyecto Manhattan fue el nombre de un proyecto llevado a cabo durante la Segunda Guerra Mundial, para desarrollar la primera bomba atómica. Se refiere específicamente al período del proyecto de 194... 2-1946 bajo el control del Cuerpo de Ingenieros del Ejército de los Estados Unidos, bajo la administración del General Leslie R. Groves.
4	versiones de cada volumen, así como sitios web complementarios. El primer sitio web –The Manhattan Project: An Interactive History– está disponible en el sitio web de la Oficina de Historia y Recursos del Patrimonio, http://www.cfo. doe.gov/me70/history. La Oficina de Historia y Recursos del Patrimonio y la Seguridad Nuclear Nacional
