<?xml version="1.0" encoding="utf-8"?>
<!DOCTYPE cesAlign PUBLIC "-//CES//DTD XML cesAlign//EN" "">
<cesAlign version="1.0">
<linkGrp targType="s" fromDoc="en/bianet-entr.xml.gz" toDoc="tr/bianet-entr.xml.gz">
<link xtargets="1;1.1 1.2" />
<link xtargets="2;2" />
<link xtargets="3;3" />
<link xtargets="4.1 4.2;4.1 4.2" />
<link xtargets="5;5" />
<link xtargets="6.1 6.2 6.3;6.1 6.2 6.3" />
<link xtargets="7;7" />
<link xtargets="8;8" />
<link xtargets="9;9" />
<link xtargets="10;10" />
<link xtargets="11.1 11.2;11.1 11.2" />