<benchmark>
  <entries>
    <entry category="City" eid="Id1" shape="(X (X) (X))" shape_type="sibling" size="2">
      <originaltripleset>
        <otriple>Abilene,_Texas | country | United_States</otriple>
        <otriple>Abilene,_Texas | isPartOf | Taylor_County,_Texas</otriple>
      </originaltripleset>
      <modifiedtripleset>
        <mtriple>Abilene,_Texas | country | United_States</mtriple>
        <mtriple>Abilene,_Texas | isPartOf | Taylor_County,_Texas</mtriple>
      </modifiedtripleset>
      <lex comment="good" lid="Id1">Abilene is part of Taylor County in Texas, in the United States.</lex>
      <lex comment="good" lid="Id2">Abilene is located in Taylor County, Texas, United States.</lex>
      <lex comment="good" lid="Id3">Abilene is located in Taylor County, Texas in the United States.</lex>
    </entry>
    </entries>
</benchmark>