<benchmark>
  <entries>
    <entry category="ComicsCharacter" eid="Id1" shape="(X (X) (X))" shape_type="sibling" size="2">
      <originaltripleset>
        <otriple>Airman_(comics) | creator | George_Kapitan</otriple>
        <otriple>Airman_(comics) | alterEgo | "Drake Stevens"@en</otriple>
      </originaltripleset>
      <originaltripleset>
        <otriple>Airman_(comics) | alterEgo | "Drake Stevens"@en</otriple>
        <otriple>Airman_(comics) | creators | George_Kapitan</otriple>
      </originaltripleset>
      <modifiedtripleset>
        <mtriple>Airman_(comicsCharacter) | alternativeName | "Drake Stevens"</mtriple>
        <mtriple>Airman_(comicsCharacter) | creator | George_Kapitan</mtriple>
      </modifiedtripleset>
      <lex comment="good" lid="Id1">George Kapitan created the comic character Airman whose alter ego is Drake Stevens.</lex>
      <lex comment="good" lid="Id2">"Drake Stevens, known as Airman, was created by George Kapitan.</lex>
      <lex comment="good" lid="Id3">George Kapitan is the creator of the comic character "Airman" or otherwise known as "Drake Stevens".</lex>
    </entry>
    </entries>
</benchmark>