[{"image_id": 1, "attributes": [{"synsets": ["clock.n.01"], "h": 339, "object_id": 1058498, "names": ["clock"], "w": 79, "attributes": ["green", "tall"], "y": 91, "x": 421}, {"synsets": ["street.n.01"], "h": 262, "object_id": 5046, "names": ["street"], "w": 714, "attributes": ["sidewalk"], "y": 328, "x": 77}, {"synsets": ["shade.n.01"], "h": 192, "object_id": 5045, "names": ["shade"], "w": 274, "y": 338, "x": 119}, {"synsets": ["man.n.01"], "h": 262, "object_id": 1058529, "names": ["man"], "w": 60, "y": 249, "x": 238}, {"synsets": ["gym_shoe.n.01"], "h": 26, "object_id": 5048, "names": ["sneakers"], "w": 52, "attributes": ["grey"], "y": 489, "x": 243}, {"synsets": ["headlight.n.01"], "h": 15, "object_id": 5050, "names": ["headlight"], "w": 23, "attributes": ["off"], "y": 366, "x": 514}, {"synsets": ["car.n.01"], "h": 98, "object_id": 5049, "names": ["car"], "w": 74, "y": 315, "x": 479}, {"synsets": ["bicycle.n.01"], "h": 34, "object_id": 5051, "names": ["bike"], "w": 28, "attributes": ["parked", "far away"], "y": 319, "x": 318}, {"synsets": ["bicycle.n.01"], "h": 35, "object_id": 1058535, "names": ["bike"], "w": 29, "attributes": ["parked", "far away", "chained"], "y": 319, "x": 334}, {"synsets": ["sign.n.02"], "h": 182, "object_id": 1058507, "names": ["sign"], "w": 88, "attributes": ["black"], "y": 13, "x": 118}, {"synsets": ["building.n.01"], "h": 536, "object_id": 1058508, "names": ["building"], "w": 218, "attributes": ["tall", "brick", "made of bricks"], "y": 2, "x": 1}, {"synsets": ["trunk.n.01"], "h": 327, "object_id": 5055, "names": ["tree trunk"], "w": 87, "y": 234, "x": 622}, {"synsets": ["sidewalk.n.01"], "h": 266, "object_id": 1058534, "names": ["sidewalk"], "w": 722, "attributes": ["brick"], "y": 331, "x": 77}, {"synsets": ["shirt.n.01"], "h": 101, "object_id": 1058511, "names": ["shirt"], "w": 59, "attributes": ["red", "orange"], "y": 289, "x": 241}, {"synsets": ["street.n.01"], "h": 233, "object_id": 1058539, "names": ["street"], "w": 440, "attributes": ["clean"], "y": 283, "x": 358}, {"synsets": ["car.n.01"], "h": 174, "object_id": 1058515, "names": ["car"], "w": 91, "attributes": ["white", "parked"], "y": 342, "x": 708}, {"synsets": ["back.n.01"], "h": 170, "object_id": 5060, "names": ["back"], "w": 67, "y": 339, "x": 721}, {"synsets": ["spectacles.n.01"], "h": 12, "object_id": 1058518, "names": ["glasses"], "w": 20, "y": 268, "x": 271}, {"synsets": ["parking_meter.n.01"], "h": 143, "object_id": 1058519, "names": ["parking meter"], "w": 32, "attributes": ["orange"], "y": 327, "x": 574}, {"synsets": ["shoe.n.01"], "h": 34, "object_id": 1058525, "names": ["shoes"], "w": 46, "attributes": ["brown"], "y": 481, "x": 391}, {"synsets": ["man.n.01"], "h": 251, "object_id": 1058532, "names": ["man"], "w": 75, "y": 264, "x": 372}, {"synsets": ["trouser.n.01"], "h": 118, "object_id": 1058528, "names": ["pants"], "w": 38, "attributes": ["black"], "y": 384, "x": 245}, {"synsets": ["jacket.n.01"], "h": 97, "object_id": 1058530, "names": ["jacket"], "w": 89, "attributes": ["gray", "grey"], "y": 296, "x": 356}, {"synsets": ["trouser.n.01"], "h": 128, "object_id": 1058531, "names": ["pants"], "w": 54, "attributes": ["gray", "grey"], "y": 369, "x": 382}, {"synsets": [], "h": 185, "object_id": 1058536, "names": ["work truck"], "w": 265, "attributes": ["white"], "y": 271, "x": 521}, {"synsets": ["sidewalk.n.01"], "h": 189, "object_id": 3798575, "names": ["sidewalk"], "w": 50, "y": 318, "x": 343}, {"synsets": ["chin.n.01"], "h": 9, "object_id": 1058541, "names": ["chin"], "w": 11, "attributes": ["raised"], "y": 288, "x": 399}, {"synsets": ["guy.n.01"], "h": 250, "object_id": 1058540, "names": ["guy"], "w": 82, "y": 264, "x": 369}, {"synsets": ["van.n.05"], "h": 134, "object_id": 1058542, "names": ["van"], "w": 233, "attributes": ["parked", "white"], "y": 298, "x": 529}, {"synsets": ["wall.n.01"], "h": 533, "object_id": 1058543, "names": ["wall"], "w": 134, "attributes": ["grey"], "y": 1, "x": 0}, {"synsets": ["tree.n.01"], "h": 360, "object_id": 1058545, "names": ["tree"], "w": 176, "y": 0, "x": 249}, {"synsets": ["bicycle.n.01"], "h": 35, "object_id": 1058544, "names": ["bikes"], "w": 40, "y": 319, "x": 321}, {"synsets": ["arm.n.01"], "h": 43, "object_id": 1058546, "names": ["arm"], "w": 32, "attributes": ["raised"], "y": 283, "x": 368}, {"synsets": ["shirt.n.01"], "h": 66, "object_id": 1058547, "names": ["shirt"], "w": 37, "attributes": ["grey"], "y": 306, "x": 384}, {"synsets": ["man.n.01"], "h": 248, "object_id": 3798576, "names": ["man"], "w": 97, "y": 264, "x": 362}, {"synsets": ["man.n.01"], "h": 264, "object_id": 3798577, "names": ["man"], "w": 72, "y": 251, "x": 230}, {"synsets": ["road.n.01"], "h": 218, "object_id": 3798578, "names": ["road"], "w": 340, "y": 295, "x": 435}, {"synsets": [], "h": 430, "object_id": 1058548, "names": ["lamp post"], "w": 41, "y": 63, "x": 537}, {"synsets": ["tree.n.01"], "h": 557, "object_id": 1058549, "names": ["trees"], "w": 606, "attributes": ["sparse"], "y": 0, "x": 190}, {"synsets": ["window.n.01"], "h": 148, "object_id": 3798579, "names": ["windows"], "w": 173, "y": 4, "x": 602}]}, {"image_id": 2, "attributes": [{"synsets": [], "h": 103, "object_id": 5069, "names": ["walk sign"], "w": 43, "attributes": ["on", "lit \"walk\""], "y": 141, "x": 463}, {"synsets": ["backpack.n.01"], "h": 81, "object_id": 5071, "names": ["backpack"], "w": 72, "attributes": ["silver"], "y": 362, "x": 359}, {"synsets": ["man.n.01"], "h": 255, "object_id": 1023838, "names": ["man"], "w": 142, "attributes": ["walking", "white"], "y": 320, "x": 324}, {"synsets": ["car.n.01"], "h": 126, "object_id": 1023836, "names": ["car"], "w": 136, "attributes": ["red", "parked"], "y": 347, "x": 239}, {"synsets": ["road.n.01"], "h": 279, "object_id": 1023841, "names": ["road"], "w": 372, "attributes": ["grey"], "y": 321, "x": 3}, {"synsets": ["tree.n.01"], "h": 223, "object_id": 5074, "names": ["tree"], "w": 73, "attributes": ["green"], "y": 146, "x": 0}, {"synsets": ["tree.n.01"], "h": 201, "object_id": 5075, "names": ["tree"], "w": 61, "attributes": ["green"], "y": 155, "x": 58}, {"synsets": ["tree.n.01"], "h": 163, "object_id": 5076, "names": ["tree"], "w": 83, "attributes": ["green"], "y": 195, "x": 110}, {"synsets": ["crossing.n.05"], "h": 107, "object_id": 5077, "names": ["crosswalk"], "w": 366, "attributes": ["white"], "y": 492, "x": 0}, {"synsets": ["sidewalk.n.01"], "h": 247, "object_id": 1023813, "names": ["sidewalk"], "w": 415, "attributes": ["brick", "white"], "y": 343, "x": 384}, {"synsets": ["window.n.01"], "h": 179, "object_id": 5084, "names": ["window"], "w": 26, "attributes": ["glass"], "y": 64, "x": 628}, {"synsets": ["window.n.01"], "h": 179, "object_id": 5080, "names": ["window"], "w": 99, "attributes": ["glass"], "y": 60, "x": 645}, {"synsets": ["window.n.01"], "h": 159, "object_id": 5081, "names": ["window"], "w": 57, "attributes": ["glass"], "y": 71, "x": 742}, {"synsets": ["window.n.01"], "h": 114, "object_id": 5082, "names": ["window"], "w": 105, "attributes": ["glass"], "y": 259, "x": 644}, {"synsets": ["window.n.01"], "h": 108, "object_id": 5083, "names": ["window"], "w": 52, "attributes": ["glass"], "y": 259, "x": 746}, {"synsets": ["building.n.01"], "h": 384, "object_id": 1023819, "names": ["building"], "w": 251, "attributes": ["orange", "brown", "tall"], "y": 4, "x": 547}, {"synsets": ["car.n.01"], "h": 76, "object_id": 5085, "names": ["car"], "w": 86, "attributes": ["white"], "y": 327, "x": 346}, {"synsets": [], "h": 131, "object_id": 5086, "names": ["street light"], "w": 28, "attributes": ["white"], "y": 212, "x": 288}, {"synsets": ["sign.n.02"], "h": 67, "object_id": 1023823, "names": ["sign"], "w": 22, "attributes": ["black"], "y": 287, "x": 230}, {"synsets": ["gym_shoe.n.01"], "h": 37, "object_id": 5088, "names": ["sneakers"], "w": 132, "y": 533, "x": 339}, {"synsets": ["bicycle.n.01"], "h": 69, "object_id": 5089, "names": ["bike"], "w": 33, "y": 403, "x": 415}, {"synsets": ["walk.n.01"], "h": 15, "object_id": 5090, "names": ["\"walk\""], "w": 31, "y": 193, "x": 471}, {"synsets": ["tree.n.01"], "h": 211, "object_id": 1023844, "names": ["trees"], "w": 198, "attributes": ["green"], "y": 147, "x": 9}, {"synsets": [], "h": 429, "object_id": 1023845, "names": ["street light"], "w": 122, "attributes": ["brown"], "y": 37, "x": 377}, {"synsets": ["building.n.01"], "h": 298, "object_id": 1023846, "names": ["building"], "w": 282, "attributes": ["brown", "red"], "y": 13, "x": 165}, {"synsets": ["pole.n.01"], "h": 438, "object_id": 1023847, "names": ["pole"], "w": 78, "attributes": ["brown"], "y": 34, "x": 405}, {"synsets": ["light.n.02"], "h": 26, "object_id": 1023848, "names": ["lights"], "w": 32, "attributes": ["off"], "y": 284, "x": 227}]}, {"image_id": 3, "attributes": [{"synsets": [], "h": 79, "object_id": 5091, "names": ["office phone"], "w": 98, "attributes": ["multi-line phone"], "y": 266, "x": 456}, {"synsets": ["mercantile_establishment.n.01"], "h": 24, "object_id": 5092, "names": ["outlet"], "w": 17, "attributes": ["electrical"], "y": 202, "x": 83}, {"synsets": ["mercantile_establishment.n.01"], "h": 29, "object_id": 5093, "names": ["outlet"], "w": 22, "attributes": ["data line"], "y": 207, "x": 42}, {"synsets": ["keyboard.n.01"], "h": 48, "object_id": 1060286, "names": ["keyboard"], "w": 175, "attributes": ["white"], "y": 273, "x": 168}, {"synsets": ["monitor.n.04"], "h": 155, "object_id": 1060246, "names": ["monitor", "computer"], "w": 149, "attributes": ["white", "switched off", "turned off"], "y": 119, "x": 159}, {"synsets": ["central_processing_unit.n.01"], "h": 139, "object_id": 5096, "names": ["cpu"], "w": 88, "attributes": ["computer tower"], "y": 340, "x": 212}, {"synsets": ["desktop.n.01"], "h": 244, "object_id": 5097, "names": ["desktop"], "w": 510, "attributes": ["curved"], "y": 233, "x": 129}, {"synsets": ["cabinet.n.01"], "h": 201, "object_id": 5098, "names": ["filing cabinet"], "w": 139, "y": 269, "x": 2}, {"synsets": ["drawer.n.01"], "h": 42, "object_id": 5099, "names": ["drawer"], "w": 94, "y": 423, "x": 48}, {"synsets": ["drawer.n.01"], "h": 123, "object_id": 1060251, "names": ["drawer"], "w": 128, "y": 321, "x": 2}, {"synsets": [], "h": 134, "object_id": 5101, "names": ["computer case"], "w": 65, "attributes": ["black", "leather"], "y": 270, "x": 574}, {"synsets": ["mouse.n.01"], "h": 28, "object_id": 1060253, "names": ["mouse"], "w": 29, "attributes": ["white"], "y": 296, "x": 346}, {"synsets": ["telephone.n.01"], "h": 61, "object_id": 5103, "names": ["wireless phone"], "w": 38, "y": 268, "x": 465}, {"synsets": [], "h": 66, "object_id": 5104, "names": ["office phone base"], "w": 73, "y": 277, "x": 465}, {"synsets": ["desk.n.01"], "h": 241, "object_id": 1060282, "names": ["desk"], "w": 506, "y": 235, "x": 130}, {"synsets": ["mercantile_establishment.n.01"], "h": 48, "object_id": 5106, "names": ["multiple outlet"], "w": 89, "y": 190, "x": 42}, {"synsets": ["plug.n.01"], "h": 33, "object_id": 5107, "names": ["plug"], "w": 26, "y": 208, "x": 43}, {"synsets": ["plug.n.01"], "h": 21, "object_id": 5108, "names": ["plug"], "w": 15, "y": 207, "x": 66}, {"synsets": ["plug.n.01"], "h": 25, "object_id": 5109, "names": ["plug"], "w": 16, "y": 200, "x": 85}, {"synsets": ["plug.n.01"], "h": 23, "object_id": 5110, "names": ["plug"], "w": 17, "y": 200, "x": 106}, {"synsets": ["girl.n.01"], "h": 149, "object_id": 1060269, "names": ["girl", "woman"], "w": 94, "attributes": ["sitting"], "y": 89, "x": 544}, {"synsets": ["monitor.n.04"], "h": 50, "object_id": 1060270, "names": ["monitor", "calendar"], "w": 82, "attributes": ["off"], "y": 63, "x": 417}, {"synsets": ["wall.n.01"], "h": 265, "object_id": 1060274, "names": ["wall"], "w": 258, "y": 6, "x": 3}, {"synsets": ["hair.n.01"], "h": 109, "object_id": 5114, "names": ["hair"], "w": 55, "attributes": ["long"], "y": 98, "x": 585}, {"synsets": ["chain.n.01"], "h": 17, "object_id": 5115, "names": ["chain"], "w": 34, "y": 166, "x": 593}, {"synsets": ["pen.n.01"], "h": 16, "object_id": 1060281, "names": ["pen"], "w": 53, "attributes": ["blue", "yellow", "black"], "y": 323, "x": 405}, {"synsets": ["cable.n.01"], "h": 58, "object_id": 5117, "names": ["cable"], "w": 52, "y": 408, "x": 137}, {"synsets": ["floor.n.01"], "h": 139, "object_id": 5118, "names": ["floor"], "w": 390, "y": 340, "x": 110}, {"synsets": ["cable.n.01"], "h": 40, "object_id": 5119, "names": ["cable"], "w": 84, "y": 387, "x": 150}, {"synsets": ["mercantile_establishment.n.01"], "h": 48, "object_id": 1060261, "names": ["pluged", "plugged", "outlets"], "w": 89, "y": 190, "x": 42}, {"synsets": ["bag.n.01"], "h": 134, "object_id": 1060252, "names": ["bag"], "w": 65, "attributes": ["black"], "y": 270, "x": 574}, {"synsets": ["wall.n.01"], "h": 97, "object_id": 1060287, "names": ["wall"], "w": 217, "y": 30, "x": 304}, {"synsets": ["hair.n.01"], "h": 109, "object_id": 1060277, "names": ["black hair", "dark hair"], "w": 55, "y": 98, "x": 585}, {"synsets": ["telephone.n.01"], "h": 79, "object_id": 1060242, "names": ["telephone", "phone"], "w": 98, "attributes": ["black"], "y": 266, "x": 456}, {"synsets": [], "h": 68, "object_id": 1060288, "names": ["white top", "white t-shirt"], "w": 101, "y": 174, "x": 538}, {"synsets": ["strap.n.01"], "h": 81, "object_id": 1060289, "names": ["strap"], "w": 69, "attributes": ["black"], "y": 333, "x": 570}, {"synsets": ["booth.n.02"], "h": 402, "object_id": 1060291, "names": ["cubicles"], "w": 513, "y": 71, "x": 125}, {"synsets": ["partition.n.01"], "h": 204, "object_id": 1060290, "names": ["dividing screen", "partition"], "w": 300, "y": 81, "x": 243}, {"synsets": ["picture.n.01"], "h": 44, "object_id": 1060292, "names": ["picture"], "w": 61, "y": 2, "x": 210}, {"synsets": ["calendar.n.01"], "h": 95, "object_id": 1060294, "names": ["picture", "calendar"], "w": 99, "attributes": ["hanged"], "y": 105, "x": 421}, {"synsets": ["computer.n.01"], "h": 57, "object_id": 1060293, "names": ["computer"], "w": 101, "y": 56, "x": 413}, {"synsets": ["cable.n.01"], "h": 89, "object_id": 1060295, "names": ["cables"], "w": 81, "y": 211, "x": 59}, {"synsets": ["wall.n.01"], "h": 65, "object_id": 1060297, "names": ["wall"], "w": 552, "y": 2, "x": 3}, {"synsets": ["photograph.n.01"], "h": 45, "object_id": 1060296, "names": ["photos"], "w": 341, "y": 3, "x": 209}, {"synsets": ["table.n.02"], "h": 244, "object_id": 1060248, "names": ["table"], "w": 510, "attributes": ["white"], "y": 233, "x": 129}, {"synsets": ["handle.n.01"], "h": 44, "object_id": 1060298, "names": ["handle"], "w": 81, "y": 353, "x": 18}, {"synsets": ["floor.n.01"], "h": 95, "object_id": 1060299, "names": ["floor"], "w": 141, "y": 376, "x": 125}, {"synsets": ["necklace.n.01"], "h": 15, "object_id": 1060300, "names": ["necklace"], "w": 32, "y": 169, "x": 585}, {"synsets": ["key.n.01"], "h": 48, "object_id": 1060245, "names": ["grey keys"], "w": 175, "y": 273, "x": 168}, {"synsets": ["desk.n.01"], "h": 52, "object_id": 1060301, "names": ["desk"], "w": 52, "y": 156, "x": 532}, {"synsets": [], "h": 139, "object_id": 1060247, "names": ["computer tower"], "w": 88, "y": 340, "x": 212}, {"synsets": ["cabinet.n.01"], "h": 201, "object_id": 1060249, "names": ["cabinet"], "w": 139, "attributes": ["grey", "beige"], "y": 269, "x": 2}]}, {"image_id": 4, "attributes": [{"synsets": ["curtain.n.01"], "h": 300, "object_id": 1060302, "names": ["curtains", "curtain"], "w": 280, "attributes": ["blue", "drawn"], "y": 1, "x": 360}, {"synsets": ["chair.n.01"], "h": 157, "object_id": 1060303, "names": ["chair"], "w": 92, "attributes": ["black", "slender", "purple", "blue"], "y": 214, "x": 387}, {"synsets": ["padding.n.01"], "h": 27, "object_id": 5123, "names": ["padding"], "w": 72, "attributes": ["blue"], "y": 284, "x": 407}, {"synsets": ["pillow.n.01"], "h": 86, "object_id": 1060318, "names": ["pillow"], "w": 111, "attributes": ["white"], "y": 222, "x": 183}, {"synsets": ["rug.n.01"], "h": 157, "object_id": 1060306, "names": ["carpet"], "w": 629, "attributes": ["gray", "plush", "clean", "purple", "grey"], "y": 321, "x": 2}, {"synsets": ["floor.n.01"], "h": 188, "object_id": 1060307, "names": ["floor"], "w": 631, "attributes": ["wood", "wooden"], "y": 290, "x": 1}, {"synsets": ["desk.n.01"], "h": 141, "object_id": 1060308, "names": ["desk"], "w": 67, "attributes": ["wooden"], "y": 337, "x": 0}, {"synsets": ["sofa.n.01"], "h": 172, "object_id": 1060310, "names": ["couch", "futon"], "w": 260, "attributes": ["purple", "wooden", "cloth"], "y": 210, "x": 105}, {"synsets": ["teddy.n.01"], "h": 57, "object_id": 1060311, "names": ["teddy bear", "animal", "doll"], "w": 52, "attributes": ["stuffed", "forward"], "y": 251, "x": 211}, {"synsets": ["color.n.01"], "h": 48, "object_id": 5130, "names": ["color"], "w": 41, "attributes": ["purple"], "y": 225, "x": 298}, {"synsets": [], "h": 51, "object_id": 1060316, "names": ["table top"], "w": 227, "attributes": ["glass", "empty"], "y": 242, "x": 413}, {"synsets": ["window.n.01"], "h": 303, "object_id": 5132, "names": ["window"], "w": 154, "y": 4, "x": 485}, {"synsets": ["frame.n.01"], "h": 107, "object_id": 1060322, "names": ["frame"], "w": 265, "attributes": ["wooden"], "y": 274, "x": 103}, {"synsets": ["table.n.02"], "h": 200, "object_id": 1060324, "names": ["table"], "w": 224, "attributes": ["glass", "metal"], "y": 238, "x": 412}, {"synsets": ["door.n.01"], "h": 327, "object_id": 5135, "names": ["door"], "w": 120, "attributes": ["glass", "sliding"], "y": 0, "x": 367}, {"synsets": ["patio.n.01"], "h": 187, "object_id": 5136, "names": ["patio"], "w": 279, "y": 160, "x": 360}, {"synsets": ["color.n.01"], "h": 38, "object_id": 5137, "names": ["color"], "w": 22, "attributes": ["blue"], "y": 38, "x": 575}, {"synsets": ["fabric.n.01"], "h": 20, "object_id": 5138, "names": ["cloths"], "w": 23, "attributes": ["red"], "y": 272, "x": 227}, {"synsets": ["seat.n.01"], "h": 64, "object_id": 5139, "names": ["seats"], "w": 232, "attributes": ["blue"], "y": 285, "x": 408}, {"synsets": ["color.n.04"], "h": 17, "object_id": 5140, "names": ["colour"], "w": 26, "attributes": ["blue"], "y": 288, "x": 423}, {"synsets": ["curtain.n.01"], "h": 282, "object_id": 1060335, "names": ["drape"], "w": 149, "attributes": ["tied", "designed", "blue"], "y": 0, "x": 362}, {"synsets": ["picture.n.01"], "h": 129, "object_id": 1060336, "names": ["picture"], "w": 92, "attributes": ["water", "poster", "black", "art"], "y": 230, "x": 0}, {"synsets": ["lamp.n.01"], "h": 150, "object_id": 1060337, "names": ["lamp"], "w": 48, "attributes": ["tall", "chrome", "black", "standing"], "y": 62, "x": 216}, {"synsets": ["box.n.01"], "h": 25, "object_id": 1060338, "names": ["box"], "w": 57, "attributes": ["empty"], "y": 165, "x": 457}]}, {"image_id": 5, "attributes": [{"synsets": ["floor.n.01"], "h": 108, "object_id": 1060359, "names": ["floor"], "w": 349, "attributes": ["wooden", "woods", "wood", "brown"], "y": 490, "x": 2}, {"synsets": ["cable.n.01"], "h": 88, "object_id": 5142, "names": ["cables"], "w": 49, "attributes": ["white"], "y": 448, "x": 301}, {"synsets": ["chair.n.01"], "h": 242, "object_id": 1060342, "names": ["chairs"], "w": 408, "attributes": ["wooden", "empty"], "y": 351, "x": 141}, {"synsets": ["wall.n.01"], "h": 519, "object_id": 1060360, "names": ["wall"], "w": 404, "attributes": ["white", "cream colour", "cream"], "y": 9, "x": 389}, {"synsets": ["light.n.01"], "h": 39, "object_id": 1060344, "names": ["light"], "w": 119, "attributes": ["on"], "y": 3, "x": 72}, {"synsets": ["book.n.01"], "h": 142, "object_id": 1060345, "names": ["books"], "w": 370, "attributes": ["arranged"], "y": 88, "x": 429}, {"synsets": ["shelf.n.01"], "h": 152, "object_id": 3798574, "names": ["shelf"], "w": 368, "y": 82, "x": 428}, {"synsets": ["area.n.01"], "h": 370, "object_id": 5147, "names": ["area"], "w": 567, "attributes": ["cluttered"], "y": 212, "x": 147}, {"synsets": ["chair.n.01"], "h": 240, "object_id": 1060348, "names": ["chair"], "w": 174, "attributes": ["brown", "wood"], "y": 358, "x": 144}, {"synsets": ["color.n.01"], "h": 40, "object_id": 5155, "names": ["color"], "w": 19, "attributes": ["brown"], "y": 453, "x": 170}, {"synsets": ["computer_monitor.n.01"], "h": 101, "object_id": 1060350, "names": ["computer monitor"], "w": 101, "attributes": ["off", "grey"], "y": 278, "x": 194}, {"synsets": ["central_processing_unit.n.01"], "h": 127, "object_id": 5150, "names": ["cpu"], "w": 63, "y": 453, "x": 347}, {"synsets": ["door.n.01"], "h": 529, "object_id": 1060354, "names": ["door"], "w": 40, "attributes": ["locked", "white"], "y": 8, "x": 3}, {"synsets": ["window.n.01"], "h": 77, "object_id": 5152, "names": ["windows"], "w": 43, "attributes": ["locked"], "y": 253, "x": 37}, {"synsets": ["window.n.01"], "h": 73, "object_id": 5153, "names": ["windows"], "w": 38, "attributes": ["locked"], "y": 148, "x": 35}, {"synsets": ["color.n.04"], "h": 185, "object_id": 5154, "names": ["colour"], "w": 190, "attributes": ["cream"], "y": 259, "x": 607}, {"synsets": ["air_conditioner.n.01"], "h": 57, "object_id": 1060362, "names": ["air conditioner"], "w": 180, "attributes": ["mini-split", "white"], "y": 20, "x": 186}, {"synsets": ["printer.n.01"], "h": 50, "object_id": 1060363, "names": ["printer"], "w": 93, "y": 325, "x": 297}, {"synsets": ["shelf.n.01"], "h": 102, "object_id": 1060364, "names": ["shelves"], "w": 372, "attributes": ["brown"], "y": 132, "x": 425}, {"synsets": ["window.n.01"], "h": 387, "object_id": 1060366, "names": ["window"], "w": 91, "y": 41, "x": 42}, {"synsets": ["railing.n.01"], "h": 103, "object_id": 1060365, "names": ["railing"], "w": 88, "y": 322, "x": 49}, {"synsets": [], "h": 138, "object_id": 1060367, "names": ["cork-board"], "w": 162, "attributes": ["leaning"], "y": 430, "x": 552}, {"synsets": ["desk.n.01"], "h": 107, "object_id": 1060368, "names": ["desk"], "w": 317, "attributes": ["brown"], "y": 357, "x": 120}, {"synsets": [], "h": 35, "object_id": 1060369, "names": ["fax machine"], "w": 92, "y": 378, "x": 311}, {"synsets": ["keyboard.n.01"], "h": 26, "object_id": 1060370, "names": ["keyboard"], "w": 116, "y": 401, "x": 240}, {"synsets": ["chair.n.01"], "h": 251, "object_id": 1060371, "names": ["chair"], "w": 166, "attributes": ["wood"], "y": 348, "x": 377}, {"synsets": ["window.n.01"], "h": 90, "object_id": 1060372, "names": ["window"], "w": 87, "attributes": ["square"], "y": 148, "x": 44}, {"synsets": ["paper.n.01"], "h": 68, "object_id": 1060373, "names": ["paper"], "w": 52, "y": 468, "x": 625}, {"synsets": ["wall.n.01"], "h": 528, "object_id": 1060374, "names": ["wall"], "w": 245, "attributes": ["white"], "y": 3, "x": 145}, {"synsets": ["computer.n.01"], "h": 127, "object_id": 1060351, "names": ["computer"], "w": 63, "y": 453, "x": 347}, {"synsets": ["room.n.01"], "h": 597, "object_id": 1060375, "names": ["room"], "w": 795, "y": 2, "x": 0}, {"synsets": ["balcony.n.01"], "h": 91, "object_id": 1060376, "names": ["balcony"], "w": 81, "y": 328, "x": 52}, {"synsets": ["apparel.n.01"], "h": 167, "object_id": 1060377, "names": ["clothes"], "w": 148, "y": 430, "x": 380}, {"synsets": ["heater.n.01"], "h": 69, "object_id": 1060378, "names": ["heater"], "w": 113, "y": 529, "x": 421}]}]