0	La presenza della comunicazione tra le menti scientifiche era altrettanto importante per il successo del Progetto Manhattan come lo era l'intelletto scientifico. La presenza della comunicazione tra le menti scientifiche era altrettanto importante per il successo del Progetto Manhattan come lo era l'intelletto scientifico. L'unica nuvola che incombe sull'impressionante risultato dei ricercatori e degli ingegneri atomici è ciò che il loro successo ha veramente significato; centinaia di migliaia di vite innocenti annientati.
1	Il Progetto Manhattan e la sua bomba atomica hanno contribuito a porre fine alla Seconda Guerra Mondiale. La sua eredità di usi pacifici dell'energia atomica continua ad avere un impatto sulla storia e sulla scienza.
2	Saggio su The Manhattan Project - The Manhattan Project Il Manhattan Project doveva vedere se fosse possibile realizzare una bomba atomica. Il successo di questo progetto cambierebbe per sempre il mondo rendendolo noto che qualcosa di così potente può essere fatto dall'uomo.
3	Il Progetto Manhattan fu il nome di un progetto condotto durante la Seconda Guerra Mondiale, per sviluppare la prima bomba atomica. Si riferisce specificamente al periodo del progetto dal 194... 2-1946 sotto il controllo del Corpo degli Ingegneri dell'Esercito degli Stati Uniti, sotto l'amministrazione del Generale Leslie R. Groves.
4	Versioni di ciascun volume e siti web complementari. Il primo sito web del progetto Manhattan: una storia interattiva è disponibile sul sito web dell'Ufficio di Storia e risorse del patrimonio, http://www.cfo. Doe.gov/me70/history. L'Ufficio delle risorse storiche e del patrimonio e la sicurezza nucleare nazionale
