[{"doc_id": "HAREM-871-07800", "doc_text": "\nAbra\u00e7o P\u00e1gina Principal\nASSOCIA\u00c7\u00c3O DE APOIO A PESSOAS COM VIH/SIDA\nA ABRA\u00c7O \u00e9 uma Institui\u00e7\u00e3o Particular de Solidariedade Social. Organiza\u00e7\u00e3o n\u00e3o governamental sem fins lucrativos de presta\u00e7\u00e3o de servi\u00e7os\nna \u00e1rea da SIDA.\nFoi constitu\u00edda por escritura p\u00fablica em Junho de 1992, formalizando e dando continuidade ao trabalho de um pequeno n\u00famero de volunt\u00e1rios\nque, desde Dezembro de 1991, prestava apoio psicol\u00f3gico, social e material a seropositivos internados na Unidade de Doen\u00e7as Infecciosas e Parasit\u00e1rias do Hospital Egas Moniz, e tentava melhorar as condi\u00e7\u00f5es hospitalares.\nOs objectivos da Associa\u00e7\u00e3o s\u00e3o :\nApoio a pessoas afectadas pelo VIH/SIDA;\nApoio, treino e forma\u00e7\u00e3o de trabalhadores e t\u00e9cnicos de sa\u00fade envolvidos com o VIH;\nPreven\u00e7\u00e3o da infec\u00e7\u00e3o, dirigida \u00e0 popula\u00e7\u00e3o em geral e, especialmente, aos jovens, utilizadores de droga, trabalhadores do sexo, mulheres, gays, trangenders e reclusos;\nLuta contra a discrimina\u00e7\u00e3o e defesa dos direitos das pessoas infectadas.\nA Associa\u00e7\u00e3o disp\u00f5e de uma estrutura de cerca de vinte assalariados sendo portanto a sua actividade desenvolvida essencialmente atrav\u00e9s de volunt\u00e1rios. A sua ac\u00e7\u00e3o tem \u00e2mbito nacional, dispondo de tr\u00eas centros de trabalho na \u00e1rea da grande Lisboa, um no Porto, aberto em Dezembro de 1994, e um no Funchal, aberto em Dezembro de 1995.\nA Associa\u00e7\u00e3o est\u00e1 organizada por n\u00facleos e delega\u00e7\u00f5es regionais, cada um deles reportando a um dos tr\u00eas membros da Comiss\u00e3o Executiva. Actualmente a Associa\u00e7\u00e3o conta com cerca de 460 s\u00f3cios e 650 volunt\u00e1rios; destes, 70 trabalham connosco numa base regular e permanente.\n", "entities": [{"entity_id": "0", "text": "Abra\u00e7o", "label": "ORGANIZACAO", "start_offset": 1, "end_offset": 7}, {"entity_id": "1", "text": "ASSOCIA\u00c7\u00c3O DE APOIO A PESSOAS COM VIH/SIDA", "label": "ORGANIZACAO", "start_offset": 25, "end_offset": 67}, {"entity_id": "2", "text": "ABRA\u00c7O", "label": "ORGANIZACAO", "start_offset": 70, "end_offset": 76}, {"entity_id": "3", "text": "Institui\u00e7\u00e3o Particular de Solidariedade Social", "label": "ORGANIZACAO", "start_offset": 83, "end_offset": 129}, {"entity_id": "5", "text": "Junho de 1992", "label": "TEMPO", "start_offset": 264, "end_offset": 277}, {"entity_id": "6", "text": "Dezembro de 1991", "label": "TEMPO", "start_offset": 372, "end_offset": 388}, {"entity_id": "7", "text": "Unidade de Doen\u00e7as Infecciosas e Parasit\u00e1rias do Hospital Egas Moniz", "label": "ORGANIZACAO", "start_offset": 466, "end_offset": 534}, {"entity_id": "8", "text": "Associa\u00e7\u00e3o", "label": "ORGANIZACAO", "start_offset": 599, "end_offset": 609}, {"entity_id": "11", "text": "Associa\u00e7\u00e3o", "label": "ORGANIZACAO", "start_offset": 986, "end_offset": 996}, {"entity_id": "12", "text": "Lisboa", "label": "LOCAL", "start_offset": 1224, "end_offset": 1230}, {"entity_id": "13", "text": "Porto", "label": "LOCAL", "start_offset": 1238, "end_offset": 1243}, {"entity_id": "14", "text": "Dezembro de 1994", "label": "TEMPO", "start_offset": 1255, "end_offset": 1271}, {"entity_id": "15", "text": "Funchal", "label": "LOCAL", "start_offset": 1281, "end_offset": 1288}, {"entity_id": "16", "text": "Dezembro de 1995", "label": "TEMPO", "start_offset": 1300, "end_offset": 1316}, {"entity_id": "17", "text": "Associa\u00e7\u00e3o", "label": "ORGANIZACAO", "start_offset": 1320, "end_offset": 1330}, {"entity_id": "18", "text": "Comiss\u00e3o Executiva", "label": "ORGANIZACAO", "start_offset": 1433, "end_offset": 1451}, {"entity_id": "19", "text": "Associa\u00e7\u00e3o", "label": "ORGANIZACAO", "start_offset": 1467, "end_offset": 1477}, {"entity_id": "20", "text": "cerca de 460", "label": "VALOR", "start_offset": 1488, "end_offset": 1500}, {"entity_id": "21", "text": "650", "label": "VALOR", "start_offset": 1510, "end_offset": 1513}, {"entity_id": "22", "text": "70", "label": "VALOR", "start_offset": 1535, "end_offset": 1537}]}, {"doc_id": "HAREM-962-05111", "doc_text": "\n HIST\u00d3RICO Esta se\u00e7\u00e3o traz de volta um pouco da longa hist\u00f3ria do DCC.\nO DCC- Departamento de Cultura Cient\u00edfica do Centro Acad\u00eamico Pereira Barretto (DCC/CAPB), \u00f3rg\u00e3o respons\u00e1vel pela representa\u00e7\u00e3o e encaminhamento cient\u00edfico dos alunos da UNIFESP/EPM, fundado em 1937, atua junto aos alunos promovendo v\u00e1rios cursos extracurriculares, palestras, confer\u00eancias e discuss\u00f5es de interesse \u00e0 \u00e1rea m\u00e9dica.\nOrganiza o Pr\u00eamio \"Pereira Barretto\", importante e conceituada premia\u00e7\u00e3o anual de trabalhos cient\u00edficos acad\u00eamicos, o Congresso Acad\u00eamico Paulista de Medicina (CAPM), cursos de computa\u00e7\u00e3o, cursos de idiomas e Revista cient\u00edfica.\nDCC - Como come\u00e7ou Os alunos sempre estiveram envolvidos na estrutura\u00e7\u00e3o da Escola Paulista de Medicina.\nPoucos anos ap\u00f3s sua funda\u00e7\u00e3o as atividades estudantis se intensificaram.\nO DCC surge em cinco de maio de 1937 gra\u00e7as ao apoio de professores e ao espirito virtuoso de acad\u00eamicos que, no af\u00e3 de realizar algo mais do que apenas seguir seus curr\u00edculos, inauguraram uma hist\u00f3ria de trabalho, dedica\u00e7\u00e3o e abnega\u00e7\u00e3o.\nSeus primeiros diretores foram os ent\u00e3o acad\u00eamicos Wladimir da Pr\u00fassia Gomes Ferraz (Presidente), Arulemo Santos Novaes e Jair Xavier Guimar\u00e3es (Secret\u00e1rios).\nO DCC/CAPB iniciou seus trabalhos coordenando atividades extracurriculares como Cursos, Congresso Acad\u00eamico e instituindo Pr\u00eamios Cient\u00edficos, como o Pr\u00eamio Pereira Barreto, e organizando revista cient\u00edfica voltada para a divulga\u00e7\u00e3o de trabalhos produzidos por alunos da escola e por internos do Hospital S\u00e3o Paulo.\nA revista foi denominada Medicina e Cultura e teve o seu primeiro n\u00famero publicado em janeiro de 1939.\nAtualmente, o DCC organiza o Congresso Acad\u00eamico Paulista de Medicina, o Pr\u00eamio Pereira Barreto e, em m\u00e9dia, 20 cursos de extens\u00e3o universit\u00e1ria por ano, que contam com a presen\u00e7a de acad\u00eamicos desta e demais institui\u00e7\u00f5es de ensino m\u00e9dico.\nTemos aumentado a cada ano o reconhecimento de nossos cursos.\n", "entities": [{"entity_id": "91", "text": "DCC", "label": "ORGANIZACAO", "start_offset": 67, "end_offset": 70}, {"entity_id": "92", "text": "DCC", "label": "ORGANIZACAO", "start_offset": 74, "end_offset": 77}, {"entity_id": "93", "text": "Departamento de Cultura Cient\u00edfica do Centro Acad\u00eamico Pereira Barretto", "label": "ORGANIZACAO", "start_offset": 79, "end_offset": 150}, {"entity_id": "94", "text": "DCC/CAPB", "label": "ORGANIZACAO", "start_offset": 152, "end_offset": 160}, {"entity_id": "95", "text": "UNIFESP/EPM", "label": "ORGANIZACAO", "start_offset": 242, "end_offset": 253}, {"entity_id": "96", "text": "1937", "label": "TEMPO", "start_offset": 266, "end_offset": 270}, {"entity_id": "100", "text": "DCC", "label": "ORGANIZACAO", "start_offset": 632, "end_offset": 635}, {"entity_id": "101", "text": "Escola Paulista de Medicina", "label": "ORGANIZACAO", "start_offset": 708, "end_offset": 735}, {"entity_id": "102", "text": "DCC", "label": "ORGANIZACAO", "start_offset": 813, "end_offset": 816}, {"entity_id": "103", "text": "cinco de maio de 1937", "label": "TEMPO", "start_offset": 826, "end_offset": 847}, {"entity_id": "105", "text": "Wladimir da Pr\u00fassia Gomes Ferraz", "label": "PESSOA", "start_offset": 1100, "end_offset": 1132}, {"entity_id": "106", "text": "Presidente", "label": "PESSOA", "start_offset": 1134, "end_offset": 1144}, {"entity_id": "107", "text": "Arulemo Santos Novaes", "label": "PESSOA", "start_offset": 1147, "end_offset": 1168}, {"entity_id": "108", "text": "Jair Xavier Guimar\u00e3es", "label": "PESSOA", "start_offset": 1171, "end_offset": 1192}, {"entity_id": "109", "text": "Secret\u00e1rios", "label": "PESSOA", "start_offset": 1194, "end_offset": 1205}, {"entity_id": "110", "text": "DCC/CAPB", "label": "ORGANIZACAO", "start_offset": 1210, "end_offset": 1218}, {"entity_id": "112", "text": "Hospital S\u00e3o Paulo", "label": "ORGANIZACAO", "start_offset": 1504, "end_offset": 1522}, {"entity_id": "114", "text": "janeiro de 1939", "label": "TEMPO", "start_offset": 1610, "end_offset": 1625}, {"entity_id": "115", "text": "DCC", "label": "ORGANIZACAO", "start_offset": 1641, "end_offset": 1644}, {"entity_id": "118", "text": "20", "label": "VALOR", "start_offset": 1736, "end_offset": 1738}]}, {"doc_id": "HAREM-872-00971", "doc_text": "\nC o m p r a s .\n.\n.\n COMPRAS As melhores compras incluem os pul\u00f4veres das Ilhas Aran, os produtos de l\u00e3 ( jaquetas, coletes, boinas, chap\u00e9us, saias), os cristais de Waterford, as cer\u00e2micas, o artesanato em linho e as j\u00f3ias e bijuterias inspiradas nos desenhos do Book of Kells e nos mitos celtas.\nAs plantas locais e a vida selvagem tamb\u00e9m s\u00e3o inspira\u00e7\u00e3o para essa arte.\nO Condado de Galway produz o Claddagh ring \"tradicional anel de noivado \" feito em ouro, prata ou em pedras.\nOs artefatos religiosos tamb\u00e9m valem ser destacados.\nLer \u00e9 uma paix\u00e3o nacional, portanto existem excelentes livrarias.\nEm Dublin, a maior \u00e9 a Eason and Son,que tem uma variedade enorme da literatura irlandesa.\nOs instrumentos musicais s\u00e3o feitos em v\u00e1rias regi\u00f5es, mas o Condado de Clare \u00e9 conhecido como \"the singing county\".\nAs harpas s\u00e3o especialmente feitas em Dublin e Mayo.\nN\u00e0o poderia esquecer, \u00e9 claro do whiskey e de algumas guloseimas como as algas marinhas secas, que s\u00e3o comidas cruas ou misturadas na comida.\nEm Dublin passeie no shopping , na Grafton Street e na a .\nTem muitas lojas para apreciar.\nEm Waterford, visite a f\u00e1brica de cristais Waterford (Waterford Crystal Factory), que foi fundada em 1783 e fica a 2,5 km ao sul do centro da cidade.\nVoc\u00ea ver\u00e1 o processo de fabrica\u00e7\u00e3o das pe\u00e7as.\nO linho irland\u00eas \u00e9 famoso no mundo todo e de alcance inigualado.\nH\u00e1 uma variedade enorme que inclui colchas extravagantes, toalhas de mesa encaracoladas, guardanapos, etc. Enfeites em linho com finos entrela\u00e7os est\u00e3o por toda a Irlanda, mas principalmente em Limerick e Kenmare.\n", "entities": [{"entity_id": "119", "text": "Ilhas Aran", "label": "LOCAL", "start_offset": 75, "end_offset": 85}, {"entity_id": "120", "text": "Waterford", "label": "LOCAL", "start_offset": 166, "end_offset": 175}, {"entity_id": "122", "text": "Condado de Galway", "label": "LOCAL", "start_offset": 374, "end_offset": 391}, {"entity_id": "124", "text": "Dublin", "label": "LOCAL", "start_offset": 603, "end_offset": 609}, {"entity_id": "125", "text": "Eason and Son", "label": "ORGANIZACAO", "start_offset": 623, "end_offset": 636}, {"entity_id": "126", "text": "Condado de Clare", "label": "LOCAL", "start_offset": 752, "end_offset": 768}, {"entity_id": "127", "text": "Dublin", "label": "LOCAL", "start_offset": 846, "end_offset": 852}, {"entity_id": "128", "text": "Mayo", "label": "LOCAL", "start_offset": 855, "end_offset": 859}, {"entity_id": "129", "text": "Dublin", "label": "LOCAL", "start_offset": 1006, "end_offset": 1012}, {"entity_id": "131", "text": "Grafton Street", "label": "LOCAL", "start_offset": 1038, "end_offset": 1052}, {"entity_id": "133", "text": "Waterford", "label": "LOCAL", "start_offset": 1097, "end_offset": 1106}, {"entity_id": "134", "text": "Waterford", "label": "ORGANIZACAO", "start_offset": 1137, "end_offset": 1146}, {"entity_id": "135", "text": "Waterford Crystal Factory", "label": "ORGANIZACAO", "start_offset": 1148, "end_offset": 1173}, {"entity_id": "136", "text": "1783", "label": "TEMPO", "start_offset": 1195, "end_offset": 1199}, {"entity_id": "137", "text": "2,5 km", "label": "VALOR", "start_offset": 1209, "end_offset": 1215}, {"entity_id": "138", "text": "Irlanda", "label": "LOCAL", "start_offset": 1518, "end_offset": 1525}, {"entity_id": "139", "text": "Limerick", "label": "LOCAL", "start_offset": 1549, "end_offset": 1557}, {"entity_id": "140", "text": "Kenmare", "label": "LOCAL", "start_offset": 1560, "end_offset": 1567}]}, {"doc_id": "HAREM-273-02298", "doc_text": "\nEmpates na Honra\nO Ovarense-Amora e o Nacional-Acad\u00e9mica, dois jogos da 26\u00aa jornada da II Divis\u00e3o de Honra antecipados para ontem, terminaram empatados. Em Ovar, a equipa da casa esteve mesmo a perder com o Amora, quando um erro defensivo permitiu a Rui Maside inaugurar o marcador (14'). A Ovarense atacava mais, mas s\u00f3 aos 64' conseguiu marcar, por Emanuel, que de cabe\u00e7a concluiu um canto marcado por Quinito. O Amora teve dois expulsos -- Jo\u00e3o Paulo (56') e Gil (72') -- mas manteve o empate at\u00e9 ao final. Na Madeira, o Nacional empatou a zero com a Acad\u00e9mica num jogo fraco e onde o calor foi o dado mais assinal\u00e1vel. A 26\u00aa jornada ficar\u00e1 completa hoje com os seguintes jogos: Penafiel-Rio Ave, Famalic\u00e3o-Espinho, Portimonense-Estoril, Torreense-Le\u00e7a, Feirense-Felgueiras, Uni\u00e3o Lamas-Pa\u00e7os Ferreira e Aves-Campomaiorense\nBremen \u00e0 frente\nO Werder Bremen j\u00e1 alcan\u00e7ou o Borussia Dortmund no primeiro lugar do campeonato alem\u00e3o de futebol, tendo anteontem vencido o Duisburg por 5-1 e beneficiado do empate (0-0) cedido pelo Borussia na desloca\u00e7\u00e3o a Estugarda. O Werder Bremen abriu o marcador logo aos 18' pelo l\u00edbero eg\u00edpcio Hany Ramzy e chegou ao intervalo a ganhar por 3-0, com golos de Mario Basler (24') e Bernd Hobsch (36'). Marco Bode fez o 4-0 aos 67', o Duisburg reduziu por Markkus Marin (78') e foi Andreas Herzog quem estabeleceu o resultado final, a sete minutos do fim. Sem poder contar com Stephane Chapuisat, Steffen Freund e Matthias Sammer, o Borussia n\u00e3o foi ontem al\u00e9m de um empate a zero em Estugarda, onde s\u00f3 ganhou uma vez nos \u00faltimos 12 anos. O Borussia Moenchengladbach, que venceu em Bochum por 2-0 (golos de Thomas Kastenmaier e Heiko Herrlich), e o Kaiserslautern, que derrotou o Schalke por 1-0 (golo de Steffan Kuntz) aproximaram-se dos l\u00edderes, estando agora a apenas dois pontos. Eis os resultados da 23\u00aa jornada: Werder Bremen-Duisburg, 5-1; Estugarda-Borussia Dortmund, 0-0; Bochum-Borussia M'Gladbach, 0-2; Dynamo Dresden-Hamburgo, 1-1; Bayern Munique-TSV Munique, 1-0; Schalke-Kaiserslautern, 0-1; Bayer Uerdingen-Eintracht Frankfurt, 1-1;Bayer Leverkusen-Freiburg, 2-4; Karlsruher-Col\u00f3nia, 0-0. Classifica\u00e7\u00e3o ap\u00f3s 23 jogos: Borussia Dortmund e Werder Bremen, 34 pontos; Borussia Moenchengladbach e Kaiserslautern, 32; Freiburg e Bayern Munique, 30; Karlsruher, 25; Bayer Leverkusen, Hamburgo e Estugarda, 22; Col\u00f3nia e Eintracht Frankfurt, 21; Schalke, 20; Bayer Uerdingen, 16; Bochum e TSV Munique, 14; Duisburg, 13; Dynamo Dresden, 12.\nFran\u00e7a teve Ta\u00e7a\nO Paris St. Germain e o Bastia ficaram ontem apurados para a final da Ta\u00e7a da Liga de Fran\u00e7a, em futebol. A equipa parisiense venceu fora o Le Havre, com um golo de Ra\u00ed na convers\u00e3o de um penalti, e defrontar\u00e1 na final o Bastia, que derrotou na C\u00f3rsega o Montpellier por 3-1. O Bastia marcou primeiro, por Bruno Rodriguez (43'), mas Thierry Laurey chegou ao empate seis minutos depois. E s\u00f3 nos \u00faltimos dez minutos o Bastia assegurou a presen\u00e7a na final, com dois golos de Franck Burnier (82') e Anton Drobnjak (88'). O vencedor da Ta\u00e7a da Liga ter\u00e1 direito a estar presente na Ta\u00e7a UEFA da pr\u00f3xima \u00e9poca.\n", "entities": [{"entity_id": "143", "text": "Ovarense", "label": "PESSOA", "start_offset": 20, "end_offset": 28}, {"entity_id": "144", "text": "Amora", "label": "PESSOA", "start_offset": 29, "end_offset": 34}, {"entity_id": "146", "text": "Nacional", "label": "PESSOA", "start_offset": 39, "end_offset": 47}, {"entity_id": "147", "text": "Acad\u00e9mica", "label": "PESSOA", "start_offset": 48, "end_offset": 57}, {"entity_id": "149", "text": "Ovar", "label": "LOCAL", "start_offset": 157, "end_offset": 161}, {"entity_id": "150", "text": "Amora", "label": "PESSOA", "start_offset": 208, "end_offset": 213}, {"entity_id": "151", "text": "Rui Maside", "label": "PESSOA", "start_offset": 251, "end_offset": 261}, {"entity_id": "152", "text": "14'", "label": "VALOR", "start_offset": 284, "end_offset": 287}, {"entity_id": "153", "text": "Ovarense", "label": "PESSOA", "start_offset": 292, "end_offset": 300}, {"entity_id": "154", "text": "64'", "label": "VALOR", "start_offset": 326, "end_offset": 329}, {"entity_id": "155", "text": "Emanuel", "label": "PESSOA", "start_offset": 352, "end_offset": 359}, {"entity_id": "156", "text": "Quinito", "label": "PESSOA", "start_offset": 405, "end_offset": 412}, {"entity_id": "157", "text": "Amora", "label": "PESSOA", "start_offset": 416, "end_offset": 421}, {"entity_id": "158", "text": "Jo\u00e3o Paulo", "label": "PESSOA", "start_offset": 444, "end_offset": 454}, {"entity_id": "159", "text": "56'", "label": "VALOR", "start_offset": 456, "end_offset": 459}, {"entity_id": "160", "text": "Gil", "label": "PESSOA", "start_offset": 463, "end_offset": 466}, {"entity_id": "161", "text": "72'", "label": "VALOR", "start_offset": 468, "end_offset": 471}, {"entity_id": "162", "text": "Madeira", "label": "LOCAL", "start_offset": 514, "end_offset": 521}, {"entity_id": "163", "text": "Nacional", "label": "PESSOA", "start_offset": 525, "end_offset": 533}, {"entity_id": "164", "text": "Acad\u00e9mica", "label": "PESSOA", "start_offset": 555, "end_offset": 564}, {"entity_id": "165", "text": "26\u00aa", "label": "VALOR", "start_offset": 626, "end_offset": 629}, {"entity_id": "167", "text": "Penafiel", "label": "PESSOA", "start_offset": 683, "end_offset": 691}, {"entity_id": "168", "text": "Rio Ave", "label": "PESSOA", "start_offset": 692, "end_offset": 699}, {"entity_id": "170", "text": "Famalic\u00e3o", "label": "PESSOA", "start_offset": 701, "end_offset": 710}, {"entity_id": "171", "text": "Espinho", "label": "PESSOA", "start_offset": 711, "end_offset": 718}, {"entity_id": "173", "text": "Portimonense", "label": "PESSOA", "start_offset": 720, "end_offset": 732}, {"entity_id": "174", "text": "Estoril", "label": "PESSOA", "start_offset": 733, "end_offset": 740}, {"entity_id": "176", "text": "Torreense", "label": "PESSOA", "start_offset": 742, "end_offset": 751}, {"entity_id": "177", "text": "Le\u00e7a", "label": "PESSOA", "start_offset": 752, "end_offset": 756}, {"entity_id": "179", "text": "Feirense", "label": "PESSOA", "start_offset": 758, "end_offset": 766}, {"entity_id": "180", "text": "Felgueiras", "label": "PESSOA", "start_offset": 767, "end_offset": 777}, {"entity_id": "182", "text": "Uni\u00e3o Lamas", "label": "PESSOA", "start_offset": 779, "end_offset": 790}, {"entity_id": "183", "text": "Pa\u00e7os Ferreira", "label": "PESSOA", "start_offset": 791, "end_offset": 805}, {"entity_id": "185", "text": "Aves", "label": "PESSOA", "start_offset": 808, "end_offset": 812}, {"entity_id": "186", "text": "Campomaiorense", "label": "PESSOA", "start_offset": 813, "end_offset": 827}, {"entity_id": "187", "text": "Bremen", "label": "PESSOA", "start_offset": 828, "end_offset": 834}, {"entity_id": "188", "text": "Werder Bremen", "label": "PESSOA", "start_offset": 846, "end_offset": 859}, {"entity_id": "189", "text": "Borussia Dortmund", "label": "PESSOA", "start_offset": 874, "end_offset": 891}, {"entity_id": "190", "text": "Duisburg", "label": "PESSOA", "start_offset": 969, "end_offset": 977}, {"entity_id": "191", "text": "5-1", "label": "VALOR", "start_offset": 982, "end_offset": 985}, {"entity_id": "192", "text": "0-0", "label": "VALOR", "start_offset": 1011, "end_offset": 1014}, {"entity_id": "193", "text": "Borussia", "label": "PESSOA", "start_offset": 1028, "end_offset": 1036}, {"entity_id": "194", "text": "Estugarda", "label": "LOCAL", "start_offset": 1053, "end_offset": 1062}, {"entity_id": "195", "text": "Werder Bremen", "label": "PESSOA", "start_offset": 1066, "end_offset": 1079}, {"entity_id": "196", "text": "18'", "label": "VALOR", "start_offset": 1106, "end_offset": 1109}, {"entity_id": "197", "text": "Hany Ramzy", "label": "PESSOA", "start_offset": 1130, "end_offset": 1140}, {"entity_id": "198", "text": "3-0", "label": "VALOR", "start_offset": 1176, "end_offset": 1179}, {"entity_id": "199", "text": "Mario Basler", "label": "PESSOA", "start_offset": 1194, "end_offset": 1206}, {"entity_id": "200", "text": "24'", "label": "VALOR", "start_offset": 1208, "end_offset": 1211}, {"entity_id": "201", "text": "Bernd Hobsch", "label": "PESSOA", "start_offset": 1215, "end_offset": 1227}, {"entity_id": "202", "text": "36'", "label": "VALOR", "start_offset": 1229, "end_offset": 1232}, {"entity_id": "203", "text": "Marco Bode", "label": "PESSOA", "start_offset": 1235, "end_offset": 1245}, {"entity_id": "204", "text": "4-0", "label": "VALOR", "start_offset": 1252, "end_offset": 1255}, {"entity_id": "205", "text": "67'", "label": "VALOR", "start_offset": 1260, "end_offset": 1263}, {"entity_id": "206", "text": "Duisburg", "label": "PESSOA", "start_offset": 1267, "end_offset": 1275}, {"entity_id": "207", "text": "Markkus Marin", "label": "PESSOA", "start_offset": 1288, "end_offset": 1301}, {"entity_id": "208", "text": "78'", "label": "VALOR", "start_offset": 1303, "end_offset": 1306}, {"entity_id": "209", "text": "Andreas Herzog", "label": "PESSOA", "start_offset": 1314, "end_offset": 1328}, {"entity_id": "210", "text": "Stephane Chapuisat", "label": "PESSOA", "start_offset": 1409, "end_offset": 1427}, {"entity_id": "211", "text": "Steffen Freund", "label": "PESSOA", "start_offset": 1429, "end_offset": 1443}, {"entity_id": "212", "text": "Matthias Sammer", "label": "PESSOA", "start_offset": 1446, "end_offset": 1461}, {"entity_id": "213", "text": "Borussia", "label": "PESSOA", "start_offset": 1465, "end_offset": 1473}, {"entity_id": "214", "text": "Estugarda", "label": "LOCAL", "start_offset": 1516, "end_offset": 1525}, {"entity_id": "215", "text": "12 anos", "label": "VALOR", "start_offset": 1562, "end_offset": 1569}, {"entity_id": "216", "text": "Borussia Moenchengladbach", "label": "PESSOA", "start_offset": 1573, "end_offset": 1598}, {"entity_id": "217", "text": "Bochum", "label": "LOCAL", "start_offset": 1614, "end_offset": 1620}, {"entity_id": "218", "text": "2-0", "label": "VALOR", "start_offset": 1625, "end_offset": 1628}, {"entity_id": "219", "text": "Thomas Kastenmaier", "label": "PESSOA", "start_offset": 1639, "end_offset": 1657}, {"entity_id": "220", "text": "Heiko Herrlich", "label": "PESSOA", "start_offset": 1660, "end_offset": 1674}, {"entity_id": "221", "text": "Kaiserslautern", "label": "PESSOA", "start_offset": 1681, "end_offset": 1695}, {"entity_id": "222", "text": "Schalke", "label": "PESSOA", "start_offset": 1712, "end_offset": 1719}, {"entity_id": "223", "text": "1-0", "label": "VALOR", "start_offset": 1724, "end_offset": 1727}, {"entity_id": "224", "text": "Steffan Kuntz", "label": "PESSOA", "start_offset": 1737, "end_offset": 1750}, {"entity_id": "225", "text": "23\u00aa", "label": "VALOR", "start_offset": 1837, "end_offset": 1840}, {"entity_id": "227", "text": "Werder Bremen", "label": "PESSOA", "start_offset": 1850, "end_offset": 1863}, {"entity_id": "228", "text": "Duisburg", "label": "PESSOA", "start_offset": 1864, "end_offset": 1872}, {"entity_id": "229", "text": "5-1", "label": "VALOR", "start_offset": 1874, "end_offset": 1877}, {"entity_id": "231", "text": "Estugarda", "label": "PESSOA", "start_offset": 1879, "end_offset": 1888}, {"entity_id": "232", "text": "Borussia Dortmund", "label": "PESSOA", "start_offset": 1889, "end_offset": 1906}, {"entity_id": "233", "text": "0-0", "label": "VALOR", "start_offset": 1908, "end_offset": 1911}, {"entity_id": "235", "text": "Bochum", "label": "PESSOA", "start_offset": 1913, "end_offset": 1919}, {"entity_id": "236", "text": "Borussia M'Gladbach", "label": "PESSOA", "start_offset": 1920, "end_offset": 1939}, {"entity_id": "237", "text": "0-2", "label": "VALOR", "start_offset": 1941, "end_offset": 1944}, {"entity_id": "239", "text": "Dynamo Dresden", "label": "PESSOA", "start_offset": 1946, "end_offset": 1960}, {"entity_id": "240", "text": "Hamburgo", "label": "PESSOA", "start_offset": 1961, "end_offset": 1969}, {"entity_id": "241", "text": "1-1", "label": "VALOR", "start_offset": 1971, "end_offset": 1974}, {"entity_id": "243", "text": "Bayern Munique", "label": "PESSOA", "start_offset": 1976, "end_offset": 1990}, {"entity_id": "244", "text": "TSV Munique", "label": "PESSOA", "start_offset": 1991, "end_offset": 2002}, {"entity_id": "245", "text": "1-0", "label": "VALOR", "start_offset": 2004, "end_offset": 2007}, {"entity_id": "247", "text": "Schalke", "label": "PESSOA", "start_offset": 2009, "end_offset": 2016}, {"entity_id": "248", "text": "Kaiserslautern", "label": "PESSOA", "start_offset": 2017, "end_offset": 2031}, {"entity_id": "249", "text": "0-1", "label": "VALOR", "start_offset": 2033, "end_offset": 2036}, {"entity_id": "251", "text": "Bayer Uerdingen", "label": "PESSOA", "start_offset": 2038, "end_offset": 2053}, {"entity_id": "252", "text": "Eintracht Frankfurt", "label": "PESSOA", "start_offset": 2054, "end_offset": 2073}, {"entity_id": "253", "text": "1-1", "label": "VALOR", "start_offset": 2075, "end_offset": 2078}, {"entity_id": "255", "text": "Bayer Leverkusen", "label": "PESSOA", "start_offset": 2079, "end_offset": 2095}, {"entity_id": "256", "text": "Freiburg", "label": "PESSOA", "start_offset": 2096, "end_offset": 2104}, {"entity_id": "257", "text": "2-4", "label": "VALOR", "start_offset": 2106, "end_offset": 2109}, {"entity_id": "259", "text": "Karlsruher", "label": "PESSOA", "start_offset": 2111, "end_offset": 2121}, {"entity_id": "260", "text": "Col\u00f3nia", "label": "PESSOA", "start_offset": 2122, "end_offset": 2129}, {"entity_id": "261", "text": "0-0", "label": "VALOR", "start_offset": 2131, "end_offset": 2134}, {"entity_id": "262", "text": "23", "label": "VALOR", "start_offset": 2155, "end_offset": 2157}, {"entity_id": "263", "text": "Borussia Dortmund", "label": "PESSOA", "start_offset": 2165, "end_offset": 2182}, {"entity_id": "264", "text": "Werder Bremen", "label": "PESSOA", "start_offset": 2185, "end_offset": 2198}, {"entity_id": "265", "text": "34 pontos", "label": "VALOR", "start_offset": 2200, "end_offset": 2209}, {"entity_id": "266", "text": "Borussia Moenchengladbach", "label": "PESSOA", "start_offset": 2211, "end_offset": 2236}, {"entity_id": "267", "text": "Kaiserslautern", "label": "PESSOA", "start_offset": 2239, "end_offset": 2253}, {"entity_id": "268", "text": "32", "label": "VALOR", "start_offset": 2255, "end_offset": 2257}, {"entity_id": "269", "text": "Freiburg", "label": "PESSOA", "start_offset": 2259, "end_offset": 2267}, {"entity_id": "270", "text": "Bayern Munique", "label": "PESSOA", "start_offset": 2270, "end_offset": 2284}, {"entity_id": "271", "text": "30", "label": "VALOR", "start_offset": 2286, "end_offset": 2288}, {"entity_id": "272", "text": "Karlsruher", "label": "PESSOA", "start_offset": 2290, "end_offset": 2300}, {"entity_id": "273", "text": "25", "label": "VALOR", "start_offset": 2302, "end_offset": 2304}, {"entity_id": "274", "text": "Bayer Leverkusen", "label": "PESSOA", "start_offset": 2306, "end_offset": 2322}, {"entity_id": "275", "text": "Hamburgo", "label": "PESSOA", "start_offset": 2324, "end_offset": 2332}, {"entity_id": "276", "text": "Estugarda", "label": "PESSOA", "start_offset": 2335, "end_offset": 2344}, {"entity_id": "277", "text": "22", "label": "VALOR", "start_offset": 2346, "end_offset": 2348}, {"entity_id": "278", "text": "Col\u00f3nia", "label": "PESSOA", "start_offset": 2350, "end_offset": 2357}, {"entity_id": "279", "text": "Eintracht Frankfurt", "label": "PESSOA", "start_offset": 2360, "end_offset": 2379}, {"entity_id": "280", "text": "21", "label": "VALOR", "start_offset": 2381, "end_offset": 2383}, {"entity_id": "281", "text": "Schalke", "label": "PESSOA", "start_offset": 2385, "end_offset": 2392}, {"entity_id": "282", "text": "20", "label": "VALOR", "start_offset": 2394, "end_offset": 2396}, {"entity_id": "283", "text": "Bayer Uerdingen", "label": "PESSOA", "start_offset": 2398, "end_offset": 2413}, {"entity_id": "284", "text": "16", "label": "VALOR", "start_offset": 2415, "end_offset": 2417}, {"entity_id": "285", "text": "Bochum", "label": "PESSOA", "start_offset": 2419, "end_offset": 2425}, {"entity_id": "286", "text": "TSV Munique", "label": "PESSOA", "start_offset": 2428, "end_offset": 2439}, {"entity_id": "287", "text": "14", "label": "VALOR", "start_offset": 2441, "end_offset": 2443}, {"entity_id": "288", "text": "Duisburg", "label": "PESSOA", "start_offset": 2445, "end_offset": 2453}, {"entity_id": "289", "text": "13", "label": "VALOR", "start_offset": 2455, "end_offset": 2457}, {"entity_id": "290", "text": "Dynamo Dresden", "label": "PESSOA", "start_offset": 2459, "end_offset": 2473}, {"entity_id": "291", "text": "12", "label": "VALOR", "start_offset": 2475, "end_offset": 2477}, {"entity_id": "292", "text": "Fran\u00e7a", "label": "LOCAL", "start_offset": 2479, "end_offset": 2485}, {"entity_id": "294", "text": "Paris St. Germain", "label": "PESSOA", "start_offset": 2498, "end_offset": 2515}, {"entity_id": "295", "text": "Bastia", "label": "PESSOA", "start_offset": 2520, "end_offset": 2526}, {"entity_id": "297", "text": "Le Havre", "label": "PESSOA", "start_offset": 2636, "end_offset": 2644}, {"entity_id": "298", "text": "Ra\u00ed", "label": "PESSOA", "start_offset": 2661, "end_offset": 2664}, {"entity_id": "299", "text": "Bastia", "label": "PESSOA", "start_offset": 2717, "end_offset": 2723}, {"entity_id": "300", "text": "C\u00f3rsega", "label": "LOCAL", "start_offset": 2741, "end_offset": 2748}, {"entity_id": "301", "text": "Montpellier", "label": "PESSOA", "start_offset": 2751, "end_offset": 2762}, {"entity_id": "302", "text": "3-1", "label": "VALOR", "start_offset": 2767, "end_offset": 2770}, {"entity_id": "303", "text": "Bastia", "label": "PESSOA", "start_offset": 2774, "end_offset": 2780}, {"entity_id": "304", "text": "Bruno Rodriguez", "label": "PESSOA", "start_offset": 2802, "end_offset": 2817}, {"entity_id": "305", "text": "43'", "label": "VALOR", "start_offset": 2819, "end_offset": 2822}, {"entity_id": "306", "text": "Thierry Laurey", "label": "PESSOA", "start_offset": 2829, "end_offset": 2843}, {"entity_id": "307", "text": "Bastia", "label": "PESSOA", "start_offset": 2913, "end_offset": 2919}, {"entity_id": "308", "text": "Franck Burnier", "label": "PESSOA", "start_offset": 2969, "end_offset": 2983}, {"entity_id": "309", "text": "82'", "label": "VALOR", "start_offset": 2985, "end_offset": 2988}, {"entity_id": "310", "text": "Anton Drobnjak", "label": "PESSOA", "start_offset": 2992, "end_offset": 3006}, {"entity_id": "311", "text": "88'", "label": "VALOR", "start_offset": 3008, "end_offset": 3011}]}, {"doc_id": "HAREM-654-09451", "doc_text": "\nLula declarou admirar Hitler e Khomeini \nCandidato do PT disse ontem que n\u00e3o se lembra de ter feito essa afirma\u00e7\u00e3o em entrevista \u00e0 revista Playboy, em 79\nGUSTAVO KRIEGER\nELVIS CESAR BONASSA\nDa Sucursal de Bras\u00edlia\nElogios feitos por Luiz In\u00e1cio Lula da Silva a Adolf Hitler e ao aiatol\u00e1 Khomeini s\u00e3o uma das preocupa\u00e7\u00f5es do comando da campanha presidencial do PT. \nLula declarou \"admira\u00e7\u00e3o\" pelos dois no in\u00edcio de sua carreira pol\u00edtica. \nHitler foi o ditador alem\u00e3o que comandou a Alemanha nazista na Segunda Guerra Mundial (1939-1945). \nKhomeini liderou, em 1979, a revolu\u00e7\u00e3o xiita (radicais mul\u00e7umanos) que derrubou o x\u00e1 Reza Pahlevi do governo do Ir\u00e3. \nEm julho de 1979, quando era presidente do Sindicato dos Metal\u00fargicos do ABC paulista e articulava a cria\u00e7\u00e3o do PT, Lula deu uma entrevista \u00e0 revista Playboy, na qual citou os dois l\u00edderes como duas figuras pol\u00edticas pelas quais ele nutria admira\u00e7\u00e3o. \nDedica\u00e7\u00e3o \nO ent\u00e3o sindicalista elogiou a \"disposi\u00e7\u00e3o, for\u00e7a e dedica\u00e7\u00e3o\" de Hitler e afirmou: \"O Hitler, mesmo errado, tinha aquilo que eu admiro num homem, o fogo de se propor a fazer alguma coisa e tentar fazer\" . \nSobre Khomeini, Lula disse: \"Eu n\u00e3o conhe\u00e7o muita coisa sobre o Ir\u00e3, mas a for\u00e7a que o Khomeini mostrou, a determina\u00e7\u00e3o de acabar com aquele regime do x\u00e1 foi um neg\u00f3cio s\u00e9rio\". \nA lista de figuras admiradas por Lula em 1979 incluia ainda Tiradentes, Gandhi, Che Guevara, Fidel Castro e Mao Ts\u00e9-Tung . \nEste tipo de declara\u00e7\u00e3o, que mostra o Lula radical do movimento sindical, preocupa a dire\u00e7\u00e3o do PT, empenhada em vender uma imagem mais moderada nas elei\u00e7\u00f5es. \nOntem em Palmas (TO), o candidato petista disse que n\u00e3o se lembra de ter feito essas declara\u00e7\u00f5es \u00e0 revista Playboy. \nDesconhecimento \n\"Eu desconhe\u00e7o que haja entrevista da Playboy em que eu falo isso\", disse Lula. \nO l\u00edder petista n\u00e3o quis comentar tamb\u00e9m uma entrevista prestada pelo cartunista Ziraldo \u00e0 mesma revista, em 80, quando disse que ouviu Lula dizer que das feministas ele s\u00f3 queria o sexo. \n\"\u00c9 s\u00f3 perguntar ao Ziraldo se eu disse isso e sobre o que disse em um debate com mais de 500 mulheres no Rio de Janeiro\", afirmou Lula. \nColaborou ABNOR GONDIN, da Ag\u00eancia Folha \n", "entities": [{"entity_id": "314", "text": "Lula", "label": "PESSOA", "start_offset": 1, "end_offset": 5}, {"entity_id": "315", "text": "Hitler", "label": "PESSOA", "start_offset": 23, "end_offset": 29}, {"entity_id": "316", "text": "Khomeini", "label": "PESSOA", "start_offset": 32, "end_offset": 40}, {"entity_id": "317", "text": "PT", "label": "ORGANIZACAO", "start_offset": 55, "end_offset": 57}, {"entity_id": "318", "text": "Playboy", "label": "ORGANIZACAO", "start_offset": 140, "end_offset": 147}, {"entity_id": "319", "text": "79", "label": "TEMPO", "start_offset": 152, "end_offset": 154}, {"entity_id": "320", "text": "GUSTAVO KRIEGER", "label": "PESSOA", "start_offset": 155, "end_offset": 170}, {"entity_id": "321", "text": "ELVIS CESAR BONASSA", "label": "PESSOA", "start_offset": 171, "end_offset": 190}, {"entity_id": "322", "text": "Sucursal de Bras\u00edlia", "label": "ORGANIZACAO", "start_offset": 194, "end_offset": 214}, {"entity_id": "323", "text": "Luiz In\u00e1cio Lula da Silva", "label": "PESSOA", "start_offset": 234, "end_offset": 259}, {"entity_id": "324", "text": "Adolf Hitler", "label": "PESSOA", "start_offset": 262, "end_offset": 274}, {"entity_id": "325", "text": "Khomeini", "label": "PESSOA", "start_offset": 288, "end_offset": 296}, {"entity_id": "326", "text": "PT", "label": "ORGANIZACAO", "start_offset": 361, "end_offset": 363}, {"entity_id": "327", "text": "Lula", "label": "PESSOA", "start_offset": 366, "end_offset": 370}, {"entity_id": "328", "text": "Hitler", "label": "PESSOA", "start_offset": 440, "end_offset": 446}, {"entity_id": "329", "text": "Alemanha", "label": "ORGANIZACAO", "start_offset": 483, "end_offset": 491}, {"entity_id": "331", "text": "1939-1945", "label": "TEMPO", "start_offset": 527, "end_offset": 536}, {"entity_id": "332", "text": "Khomeini", "label": "PESSOA", "start_offset": 540, "end_offset": 548}, {"entity_id": "333", "text": "1979", "label": "TEMPO", "start_offset": 561, "end_offset": 565}, {"entity_id": "334", "text": "Reza Pahlevi", "label": "PESSOA", "start_offset": 625, "end_offset": 637}, {"entity_id": "335", "text": "Ir\u00e3", "label": "LOCAL", "start_offset": 652, "end_offset": 655}, {"entity_id": "336", "text": "julho de 1979", "label": "TEMPO", "start_offset": 661, "end_offset": 674}, {"entity_id": "337", "text": "Sindicato dos Metal\u00fargicos do ABC", "label": "ORGANIZACAO", "start_offset": 701, "end_offset": 734}, {"entity_id": "338", "text": "PT", "label": "ORGANIZACAO", "start_offset": 770, "end_offset": 772}, {"entity_id": "339", "text": "Lula", "label": "PESSOA", "start_offset": 774, "end_offset": 778}, {"entity_id": "340", "text": "Playboy", "label": "ORGANIZACAO", "start_offset": 808, "end_offset": 815}, {"entity_id": "341", "text": "Hitler", "label": "PESSOA", "start_offset": 987, "end_offset": 993}, {"entity_id": "342", "text": "Hitler", "label": "PESSOA", "start_offset": 1008, "end_offset": 1014}, {"entity_id": "343", "text": "Khomeini", "label": "PESSOA", "start_offset": 1134, "end_offset": 1142}, {"entity_id": "344", "text": "Lula", "label": "PESSOA", "start_offset": 1144, "end_offset": 1148}, {"entity_id": "345", "text": "Ir\u00e3", "label": "LOCAL", "start_offset": 1192, "end_offset": 1195}, {"entity_id": "346", "text": "Khomeini", "label": "PESSOA", "start_offset": 1215, "end_offset": 1223}, {"entity_id": "347", "text": "Lula", "label": "PESSOA", "start_offset": 1339, "end_offset": 1343}, {"entity_id": "348", "text": "1979", "label": "TEMPO", "start_offset": 1347, "end_offset": 1351}, {"entity_id": "349", "text": "Tiradentes", "label": "PESSOA", "start_offset": 1366, "end_offset": 1376}, {"entity_id": "350", "text": "Gandhi", "label": "PESSOA", "start_offset": 1378, "end_offset": 1384}, {"entity_id": "351", "text": "Che Guevara", "label": "PESSOA", "start_offset": 1386, "end_offset": 1397}, {"entity_id": "352", "text": "Fidel Castro", "label": "PESSOA", "start_offset": 1399, "end_offset": 1411}, {"entity_id": "353", "text": "Mao Ts\u00e9-Tung ", "label": "PESSOA", "start_offset": 1414, "end_offset": 1427}, {"entity_id": "354", "text": "Lula", "label": "PESSOA", "start_offset": 1468, "end_offset": 1472}, {"entity_id": "355", "text": "PT", "label": "ORGANIZACAO", "start_offset": 1526, "end_offset": 1528}, {"entity_id": "356", "text": "Palmas", "label": "LOCAL", "start_offset": 1599, "end_offset": 1605}, {"entity_id": "357", "text": "TO", "label": "LOCAL", "start_offset": 1607, "end_offset": 1609}, {"entity_id": "358", "text": "Playboy", "label": "ORGANIZACAO", "start_offset": 1697, "end_offset": 1704}, {"entity_id": "360", "text": "Lula", "label": "PESSOA", "start_offset": 1798, "end_offset": 1802}, {"entity_id": "361", "text": "Ziraldo", "label": "PESSOA", "start_offset": 1886, "end_offset": 1893}, {"entity_id": "362", "text": "80", "label": "TEMPO", "start_offset": 1914, "end_offset": 1916}, {"entity_id": "363", "text": "Lula", "label": "PESSOA", "start_offset": 1941, "end_offset": 1945}, {"entity_id": "364", "text": "Ziraldo", "label": "PESSOA", "start_offset": 2013, "end_offset": 2020}, {"entity_id": "365", "text": "mais de 500", "label": "VALOR", "start_offset": 2075, "end_offset": 2086}, {"entity_id": "366", "text": "Rio de Janeiro", "label": "LOCAL", "start_offset": 2099, "end_offset": 2113}, {"entity_id": "367", "text": "Lula", "label": "PESSOA", "start_offset": 2124, "end_offset": 2128}, {"entity_id": "368", "text": "ABNOR GONDIN", "label": "PESSOA", "start_offset": 2141, "end_offset": 2153}, {"entity_id": "369", "text": "Ag\u00eancia Folha", "label": "ORGANIZACAO", "start_offset": 2158, "end_offset": 2171}]}]