path	translation	split
common_voice_it_19574384.mp3	These programs are often linked to a no-copyright specification.	train
common_voice_it_19574386.mp3	Everyone’s free to read, correct and transform the code.	train
common_voice_it_20030672.mp3	The ships that were left were also used in the Corea war.	dev
common_voice_it_20030673.mp3	By Zotto	dev
common_voice_it_20045040.mp3	From the beginning, the episcopal see was immediately under the Holy See.	test
common_voice_it_20060953.mp3	“End-to-end” user encryption is also supported.	test
