<benchmark>
	<entries>
		<entry category="Airport" eid="Id1" size="5">
			<originaltripleset>
				<otriple>Aarhus_Airport | cityServed | "Aarhus, Denmark"@en</otriple>
				<otriple>Aarhus_Airport | operator | "Aarhus Lufthavn A/S"@en</otriple>
				<otriple>Aarhus_Airport | elevation | "25.0"^^xsd:double</otriple>
				<otriple>Aarhus_Airport | runwayDesignation | "10L/28R"</otriple>
				<otriple>Aarhus_Airport | runwayLength | "2702.0"^^xsd:double</otriple>
			</originaltripleset>
			<modifiedtripleset>
				<mtriple>Aarhus_Airport | cityServed | "Aarhus, Denmark"</mtriple>
				<mtriple>Aarhus_Airport | operatingOrganisation | "Aarhus Lufthavn A/S"</mtriple>
				<mtriple>Aarhus_Airport | elevationAboveTheSeaLevel_(in_metres) | 25.0</mtriple>
				<mtriple>Aarhus_Airport | runwayName | "10L/28R"</mtriple>
				<mtriple>Aarhus_Airport | runwayLength | 2702.0</mtriple>
			</modifiedtripleset>
			<lex comment="good" lid="Id1">
				<sortedtripleset>
					<sentence ID="1">
						<striple>Aarhus_Airport | cityServed | "Aarhus, Denmark"</striple>
						<striple>Aarhus_Airport | operatingOrganisation | "Aarhus Lufthavn A/S"</striple>
						<striple>Aarhus_Airport | elevationAboveTheSeaLevel_(in_metres) | 25.0</striple>
					</sentence>
					<sentence ID="2">
						<striple>Aarhus_Airport | runwayName | "10L/28R"</striple>
						<striple>Aarhus_Airport | runwayLength | 2702.0</striple>
					</sentence>
				</sortedtripleset>
				<text>Aarhus, Dänemark wird vom Flughafen Aarhus von Aarhus Lufthavn A / S bedient, der 25 Meter über dem Meeresspiegel liegt. Der Fahrbahnname ist 10L / 28R und hat eine Länge von 2702.0. </text>
				<template>PATIENT-1 wird von AGENT-1 von PATIENT-2 bedient, das PATIENT-3 über dem Meeresspiegel ist. Der Name ist PATIENT-4 und hat eine Länge von PATIENT-5.</template>
			</lex>
			<lex comment="good" lid="Id2">
				<sortedtripleset>
					<sentence ID="1">
						<striple>Aarhus_Airport | cityServed | "Aarhus, Denmark"</striple>
						<striple>Aarhus_Airport | operatingOrganisation | "Aarhus Lufthavn A/S"</striple>
					</sentence>
					<sentence ID="2">
						<striple>Aarhus_Airport | runwayName | "10L/28R"</striple>
						<striple>Aarhus_Airport | runwayLength | 2702.0</striple>
						<striple>Aarhus_Airport | elevationAboveTheSeaLevel_(in_metres) | 25.0</striple>
					</sentence>
				</sortedtripleset>
				<text>Die Stadt Aarhus in Dänemark wird von einem Flughafen in Aarhus bedient, der von Aarhus Lufthavn A / S betrieben wird. Startbahn 10L / 28R ist die längste Piste dort auf einer Länge von 2702 und ist 25 Meter über dem Meeresspiegel. </text>
				<template>The city of PATIENT-1 is served by an airport callled AGENT-1 operated by PATIENT-2. Startbahn PATIENT-4 ist die längste Piste dort auf einer Länge von PATIENT-5 und ist PATIENT-3 über dem Meeresspiegel.</template>
			</lex>
			<lex comment="good" lid="Id3">
				<sortedtripleset>
					<sentence ID="1">
						<striple>Aarhus_Airport | cityServed | "Aarhus, Denmark"</striple>
						<striple>Aarhus_Airport | operatingOrganisation | "Aarhus Lufthavn A/S"</striple>
						<striple>Aarhus_Airport | elevationAboveTheSeaLevel_(in_metres) | 25.0</striple>
					</sentence>
					<sentence ID="2">
						<striple>Aarhus_Airport | runwayName | "10L/28R"</striple>
						<striple>Aarhus_Airport | runwayLength | 2702.0</striple>
					</sentence>
				</sortedtripleset>
				<text>Der Flughafen Aarhus in Dänemark wird von Aarhus Lufthavn A / S betrieben und liegt 25 Meter über dem Meeresspiegel. Der Flughafen hat eine Landebahn namens 10L / 28R, die 2702 Meter lang ist. </text>
				<template>AGENT-1 in PATIENT-1 wird von PATIENT-2 betrieben und ist erhöhte PATIENT-3 Meter über dem Meeresspiegel. AGENT-1 hat eine Startbahn namens PATIENT-4, die PATIENT-5 Meter lang ist.</template>
			</lex>
			<entitymap>
				<entity>AGENT-1 | Aarhus_Airport</entity>
				<entity>PATIENT-1 | "Aarhus, Denmark"</entity>
				<entity>PATIENT-2 | "Aarhus Lufthavn A/S"</entity>
				<entity>PATIENT-3 | 25.0</entity>
				<entity>PATIENT-4 | "10L/28R"</entity>
				<entity>PATIENT-5 | 2702.0</entity>
			</entitymap>
		</entry>
		</entries>
</benchmark>
