[
   {
      "CHUNK": "Our sponsor tonight is our fantastic friends and glorious sponsors through Campaign 2 thus far: D&D Beyond! Yesterday (August 15, 2018) was D&D Beyond's one-year anniversary.",
      "ALIGNMENT": {
         "CHUNK ID": 0,
         "TURN START": 0,
         "TURN END": 4,
         "ALIGNMENT SCORE": 1.7041145137420082
      },
      "TURNS": [
         {
            "NAMES": [
               "MATT"
            ],
            "UTTERANCES": [
               "Hello everyone, and welcome to tonight's",
               "episode of Critical Role, where a bunch of us",
               "nerdy-ass voice actors sit around and play",
               "Dungeons & Dragons."
            ],
            "NUMBER": 0
         },
         {
            "NAMES": [
               "TRAVIS"
            ],
            "UTTERANCES": [
               "Yeah, we play Dungeons & Dragons! Sorry.",
               "I'm excited."
            ],
            "NUMBER": 1
         },
         {
            "NAMES": [
               "MATT"
            ],
            "UTTERANCES": [
               "Laura will be joining us shortly. She's",
               "finishing baby stuff in the other room. But in the",
               "meantime, we're here to get through our",
               "announcements for the evening. First and foremost,",
               "we have our fantastic friends and glorious sponsor",
               "through campaign two thus far, D&D Beyond."
            ],
            "NUMBER": 2
         },
         {
            "NAMES": [
               "ALL"
            ],
            "UTTERANCES": [
               "D&D Beyond!"
            ],
            "NUMBER": 3
         },
         {
            "NAMES": [
               "SAM"
            ],
            "UTTERANCES": [
               "Yesterday, guys, was D&D Beyond's first one--",
               "first one-year anniversary. Take two. Hey guys,",
               "yesterday was D&D Beyond's one-year anniversary.",
               "Wish them a happy birthday on their Facebook and",
               "Twitter pages."
            ],
            "NUMBER": 4
         }
      ]
   },
   {
      "CHUNK": "Wish them a Happy Birthday on their Facebook and Twitter pages! Also, as a reminder: D&D Beyond streams their weekly show (\"And Beyond\") every Wednesday on twitch.tv/dndbeyond.",
      "ALIGNMENT": {
         "CHUNK ID": 1,
         "TURN START": 4,
         "TURN END": 6,
         "ALIGNMENT SCORE": 3.679936621113091
      },
      "TURNS": [
         {
            "NAMES": [
               "SAM"
            ],
            "UTTERANCES": [
               "Yesterday, guys, was D&D Beyond's first one--",
               "first one-year anniversary. Take two. Hey guys,",
               "yesterday was D&D Beyond's one-year anniversary.",
               "Wish them a happy birthday on their Facebook and",
               "Twitter pages."
            ],
            "NUMBER": 4
         },
         {
            "NAMES": [
               "MARISHA",
               "TALIESIN"
            ],
            "UTTERANCES": [
               "Happy birthday."
            ],
            "NUMBER": 5
         },
         {
            "NAMES": [
               "SAM"
            ],
            "UTTERANCES": [
               "Or just right there. Also, as a reminder, D&D",
               "Beyond streams their weekly show called & Beyond",
               "every Wednesday on twitch.tv/dndbeyond. It's not--",
               "take two. I was going to say it's not great",
               "conversations, but no. Pick up. It's got great",
               "conversations with special guests like Matt Mercer",
               "and Mike Mearls, and other guests with M.M. names.",
               "That's the whole announcement, but I recently went",
               "to Virginia, so I got inspired to write a country",
               "song for D&D Beyond."
            ],
            "NUMBER": 6
         }
      ]
   },
   {
      "CHUNK": "It's got great conversations with special guests like Matt Mercer, Mike Mearls, and other guests with the initials \"M.M.\". Sam has to do a few pick-ups during the announcement.",
      "ALIGNMENT": {
         "CHUNK ID": 2,
         "TURN START": 6,
         "TURN END": 6,
         "ALIGNMENT SCORE": 8.568306010928964
      },
      "TURNS": [
         {
            "NAMES": [
               "SAM"
            ],
            "UTTERANCES": [
               "Or just right there. Also, as a reminder, D&D",
               "Beyond streams their weekly show called & Beyond",
               "every Wednesday on twitch.tv/dndbeyond. It's not--",
               "take two. I was going to say it's not great",
               "conversations, but no. Pick up. It's got great",
               "conversations with special guests like Matt Mercer",
               "and Mike Mearls, and other guests with M.M. names.",
               "That's the whole announcement, but I recently went",
               "to Virginia, so I got inspired to write a country",
               "song for D&D Beyond."
            ],
            "NUMBER": 6
         }
      ]
   },
   {
      "CHUNK": "Sam recently went to Virginia, so he got inspired to write a country song for D&D Beyond. Sam was going to learn this song on the guitar, but then he realized he doesn't really play guitar.",
      "ALIGNMENT": {
         "CHUNK ID": 3,
         "TURN START": 6,
         "TURN END": 13,
         "ALIGNMENT SCORE": 3.6566888630610723
      },
      "TURNS": [
         {
            "NAMES": [
               "SAM"
            ],
            "UTTERANCES": [
               "Or just right there. Also, as a reminder, D&D",
               "Beyond streams their weekly show called & Beyond",
               "every Wednesday on twitch.tv/dndbeyond. It's not--",
               "take two. I was going to say it's not great",
               "conversations, but no. Pick up. It's got great",
               "conversations with special guests like Matt Mercer",
               "and Mike Mearls, and other guests with M.M. names.",
               "That's the whole announcement, but I recently went",
               "to Virginia, so I got inspired to write a country",
               "song for D&D Beyond."
            ],
            "NUMBER": 6
         },
         {
            "NAMES": [
               "TRAVIS"
            ],
            "UTTERANCES": [
               "Is that what that hat is?"
            ],
            "NUMBER": 7
         },
         {
            "NAMES": [
               "MARISHA"
            ],
            "UTTERANCES": [
               "That hat has puka shells on it."
            ],
            "NUMBER": 8
         },
         {
            "NAMES": [
               "SAM"
            ],
            "UTTERANCES": [
               "I was going to learn this on the guitar, but",
               "then I realized I don't really play guitar. All",
               "right, here's my country song for D&D Beyond.",
               "(singing) My baby left me on the fourth of July, I",
               "cri-- Take two.",
               "(laughter)"
            ],
            "NUMBER": 9
         },
         {
            "NAMES": [
               "LAURA"
            ],
            "UTTERANCES": [
               "Okay, I'm ready."
            ],
            "NUMBER": 10
         },
         {
            "NAMES": [
               "SAM"
            ],
            "UTTERANCES": [
               "Settle. (singing) My baby left me on the",
               "fourth of July. I cried red, white, and blue. Got",
               "in my Chevy, popped open a Coors, and moseyed on",
               "over to you. Opened the trailer, played some",
               "Johnny Cash, kicked off my cowboy boots, and sat.",
               "Got my character sheet and my daddy's dice,",
               "because Exandria's where it's at. D&D Beyond, be",
               "my girl tonight. Roll me close, crit me tight. I",
               "got a pickup, a 12-gauge, an American flag, but",
               "it's you that makes me feel all right. D&D",
               "Beyond--"
            ],
            "NUMBER": 11
         },
         {
            "NAMES": [
               "MARISHA"
            ],
            "UTTERANCES": [
               "(singing) D&D Beyond."
            ],
            "NUMBER": 12
         },
         {
            "NAMES": [
               "SAM"
            ],
            "UTTERANCES": [
               "(singing) Be my girl tonight. There's another",
               "verse! I've trucked across the heartland, from",
               "Dallas to Memphis and back. But Emon's the place I",
               "miss the most, where I want to hang my hat. So,",
               "darling, call the Piggly Wiggly, and tell them",
               "you're gonna be late. Turn off your phone because",
               "your cowboy's home. Get ready for an all-night",
               "date. D&D Beyond, be my girl tonight. Roll me",
               "close, crit me tight. I got some illegal",
               "fireworks, a smokehouse, a new tractor, a hunting",
               "dog, my mama's Bible, some Frito pie, NASCAR",
               "tickets, a deer license, some new tires, a handle",
               "of Southern Comfort, but it's you that makes me",
               "feel all right. D&D Beyond, be my girl tonight."
            ],
            "NUMBER": 13
         }
      ]
   },
   {
      "CHUNK": "Sam starts to sing, but then does one last pick-up as Laura sits down. Sam confirms that everything mentioned in the song are all official Southern things.",
      "ALIGNMENT": {
         "CHUNK ID": 4,
         "TURN START": 13,
         "TURN END": 16,
         "ALIGNMENT SCORE": 0.7481696637923605
      },
      "TURNS": [
         {
            "NAMES": [
               "SAM"
            ],
            "UTTERANCES": [
               "(singing) Be my girl tonight. There's another",
               "verse! I've trucked across the heartland, from",
               "Dallas to Memphis and back. But Emon's the place I",
               "miss the most, where I want to hang my hat. So,",
               "darling, call the Piggly Wiggly, and tell them",
               "you're gonna be late. Turn off your phone because",
               "your cowboy's home. Get ready for an all-night",
               "date. D&D Beyond, be my girl tonight. Roll me",
               "close, crit me tight. I got some illegal",
               "fireworks, a smokehouse, a new tractor, a hunting",
               "dog, my mama's Bible, some Frito pie, NASCAR",
               "tickets, a deer license, some new tires, a handle",
               "of Southern Comfort, but it's you that makes me",
               "feel all right. D&D Beyond, be my girl tonight."
            ],
            "NUMBER": 13
         },
         {
            "NAMES": [
               "MATT"
            ],
            "UTTERANCES": [
               "Aw, thank you, Sam."
            ],
            "NUMBER": 14
         },
         {
            "NAMES": [
               "SAM"
            ],
            "UTTERANCES": [
               "Those are all official Southern things."
            ],
            "NUMBER": 15
         },
         {
            "NAMES": [
               "TRAVIS"
            ],
            "UTTERANCES": [
               "I'm not sure if we'll animate that one,",
               "but--"
            ],
            "NUMBER": 16
         }
      ]
   },
   {
      "CHUNK": "Travis isn't sure if D&D Beyond will animate that song. Sam says give it time.",
      "ALIGNMENT": {
         "CHUNK ID": 5,
         "TURN START": 16,
         "TURN END": 18,
         "ALIGNMENT SCORE": 0.9868287740628195
      },
      "TURNS": [
         {
            "NAMES": [
               "TRAVIS"
            ],
            "UTTERANCES": [
               "I'm not sure if we'll animate that one,",
               "but--"
            ],
            "NUMBER": 16
         },
         {
            "NAMES": [
               "SAM"
            ],
            "UTTERANCES": [
               "Give it time!"
            ],
            "NUMBER": 17
         },
         {
            "NAMES": [
               "MATT"
            ],
            "UTTERANCES": [
               "If we've taken anything from that, we now",
               "have the mental image of a country Sam enjoying an",
               "all-night date with his D&D Beyond."
            ],
            "NUMBER": 18
         }
      ]
   }
]

