<benchmark>
  <entries>
    <entry category="Astronaut" eid="Id1" shape="(X (X) (X) (X))" shape_type="sibling" size="3">
      <originaltripleset>
        <otriple>Alan_Bean | nationality | United_States</otriple>
        <otriple>Alan_Bean | birthPlace | Wheeler,_Texas</otriple>
        <otriple>Alan_Bean | status | "Retired"@en</otriple>
      </originaltripleset>
      <modifiedtripleset>
        <mtriple>Alan_Bean | nationality | United_States</mtriple>
        <mtriple>Alan_Bean | birthPlace | Wheeler,_Texas</mtriple>
        <mtriple>Alan_Bean | status | "Retired"</mtriple>
      </modifiedtripleset>
      <lex comment="good" lid="Id1">American retiree Alan Bean was born in Wheeler, Texas.</lex>
      <lex comment="good" lid="Id2">Retired US National Alan Bean was born in Wheeler, Texas.</lex>
      <lex comment="good" lid="Id3">Alan Bean was born in the United States in Wheeler, Texas and has retired.</lex>
    </entry>
    </entries>
</benchmark>