<benchmark>
  <entries>
    <entry category="University" eid="Id1" shape="(X (X) (X) (X))" shape_type="sibling" size="3">
      <originaltripleset>
        <otriple>AWH_Engineering_College | country | India</otriple>
        <otriple>AWH_Engineering_College | facultySize | "250"^^xsd:nonNegativeInteger</otriple>
        <otriple>AWH_Engineering_College | state | Kerala</otriple>
      </originaltripleset>
      <modifiedtripleset>
        <mtriple>AWH_Engineering_College | country | India</mtriple>
        <mtriple>AWH_Engineering_College | academicStaffSize | 250</mtriple>
        <mtriple>AWH_Engineering_College | state | Kerala</mtriple>
      </modifiedtripleset>
      <lex comment="good" lid="Id1">AWH Engineering College is located in Kerala, India and it has 250 academic staff.</lex>
      <lex comment="good" lid="Id2">AWH Engineering College has an academic staff of 250 and is located in the state of Kerala, India.</lex>
      <lex comment="good" lid="Id3">AWH Engineering College in Kerala, India has a staff of 250.</lex>
    </entry>
    </entries>
</benchmark>