[{"source": "https://www.bbc.com/igbo/live/afirika-49233269", "title": "Sowore Revolution: Ka ekwe si ak\u1ee5 maka ngaghar\u1ecbiwe e ji maka ya nw\u1ee5chie Sowore", "description": "BBC Igbo kw\u1ee5 ch\u1ecbm iwetara g\u1ecb ihe na-aga ka a na-ekwu okwu ngaghar\u1ecbiwe na mpaghara d\u1ecb iche iche na Na\u1ecbjir\u1ecba.", "format": "stream"}, {"source": "https://www.bbc.com/igbo/live/afirika-50013509", "title": "Ofala Festival: Ka mmemme Ofala s\u1ecb aga n'Onitsha taa", "description": "Oge eruola \u1ecdz\u1ecd mgbe Obi na-ach\u1ecb Onitsha ga-ap\u1ee5ta n'ebube ya.", "format": "stream"}, {"source": "https://www.bbc.com/igbo/live/afirika-50078877", "title": "Onitsha tanker fire: Nd\u1ecb \u1ecdk\u1ee5 lara ihe ha n'iyi na-ekwu etu \u1ecd d\u1ecb ha", "description": "Obi nke Onitsha esonyela na nd\u1ecb na-eti nd\u1ecb \u1ecdk\u1ee5 tanka a met\u1ee5tara aka n'obi.", "format": "stream"}, {"source": "https://www.bbc.com/igbo/43333555", "title": "Hilda Dokub\u1ecd k\u1ecdwara ihe ise d\u1ecb mkpa nne \u1ecdb\u1ee5la kwesiri \u1ecbma", "description": "Hilda Dokub\u1ecd b\u1ee5 onye na-eme ihe nkiri na-enye nd\u1ecb nne ezigbo nd\u1ee5m\u1ecdd\u1ee5.", "format": "unknown"}, {"source": "https://www.bbc.com/igbo/47375780", "title": "Presidential Election: A nap\u1ee5r\u1ee5 \u1ecdt\u1ee5t\u1ee5 n'\u1ecdw\u1ee5wa anyanw\u1ee5 ohere itu vootu- Peter Obi", "description": "Peter Obi at\u1ee5\u1ecdla ar\u1ecbr\u1ecb na usoro a gbasoro mee ntuliaka n'\u1eccw\u1ee5wa anyanw\u1ee5 d\u1ecb iche na nke Ugwu- Aw\u1ee5sa.", "format": "unknown"}]