{
    "25429730": {
        "QUESTION": "Are group 2 innate lymphoid cells ( ILC2s ) increased in chronic rhinosinusitis with nasal polyps or eosinophilia?", 
        "CONTEXTS": [
                     "Chronic rhinosinusitis (CRS) is a heterogeneous disease with an uncertain pathogenesis. Group 2 innate lymphoid cells (ILC2s) represent a recently discovered cell population which has been implicated in driving Th2 inflammation in CRS; however, their relationship with clinical disease characteristics has yet to be investigated.",
                    "The aim of this study was to identify ILC2s in sinus mucosa in patients with CRS and controls and compare ILC2s across characteristics of disease.",
                    "A cross-sectional study of patients with CRS undergoing endoscopic sinus surgery was conducted. Sinus mucosal biopsies were obtained during surgery and control tissue from patients undergoing pituitary tumour resection through transphenoidal approach. ILC2s were identified as CD45(+) Lin(-) CD127(+) CD4(-) CD8(-) CRTH2(CD294)(+) CD161(+) cells in single cell suspensions through flow cytometry. ILC2 frequencies, measured as a percentage of CD45(+) cells, were compared across CRS phenotype, endotype, inflammatory CRS subtype and other disease characteristics including blood eosinophils, serum IgE, asthma status and nasal symptom score.",
                    "35 patients (40% female, age 48 ± 17 years) including 13 with eosinophilic CRS (eCRS), 13 with non-eCRS and 9 controls were recruited. ILC2 frequencies were associated with the presence of nasal polyps (P = 0.002) as well as high tissue eosinophilia (P = 0.004) and eosinophil-dominant CRS (P = 0.001) (Mann-Whitney U). They were also associated with increased blood eosinophilia (P = 0.005). There were no significant associations found between ILC2s and serum total IgE and allergic disease. In the CRS with nasal polyps (CRSwNP) population, ILC2s were increased in patients with co-existing asthma (P = 0.03). ILC2s were also correlated with worsening nasal symptom score in CRS (P = 0.04)."
                     ], 
                 "LABELS": [
                            "BACKGROUND", "OBJECTIVE", "METHODS", "RESULTS"
                            ], 
                 "LONG_ANSWER": "As ILC2s are elevated in patients with CRSwNP, they may drive nasal polyp formation in CRS. ILC2s are also linked with high tissue and blood eosinophilia and have a potential role in the activation and survival of eosinophils during the Th2 immune response. The association of innate lymphoid cells in CRS provides insights into its pathogenesis.",
                 "MESHES": [
                            "Adult", "Aged", "Antigens, Surface", "Case-Control Studies", "Chronic Disease", "Eosinophilia", "Female", "Humans", "Hypersensitivity", "Immunity, Innate", "Immunoglobulin E", "Immunophenotyping", "Leukocyte Count", "Lymphocyte Subsets", "Male", "Middle Aged", "Nasal Mucosa", "Nasal Polyps", "Neutrophil Infiltration", "Patient Outcome Assessment", "Rhinitis", "Sinusitis", "Young Adult"
                            ], 
                 "final_decision": "yes"
                 }
}