<benchmark>
  <entries>
    <entry category="Artist" eid="Id1" shape="(X (X))" shape_type="NA" size="1">
      <originaltripleset>
        <otriple>Aaron_Bertram | associatedActs | Kids_Imagine_Nation</otriple>
      </originaltripleset>
      <originaltripleset>
        <otriple>Aaron_Bertram | associatedBand | Kids_Imagine_Nation</otriple>
      </originaltripleset>
      <originaltripleset>
        <otriple>Aaron_Bertram | associatedMusicalArtist | Kids_Imagine_Nation</otriple>
      </originaltripleset>
      <modifiedtripleset>
        <mtriple>Aaron_Bertram | associatedBand/associatedMusicalArtist | Kids_Imagine_Nation</mtriple>
      </modifiedtripleset>
      <lex comment="good" lid="Id1">Aaron Bertram is an artist with the band Kids Imagine Nation.</lex>
      <lex comment="good" lid="Id2">Aaron Bertram plays for the Kids Imagine Nation band.</lex>
    </entry>
    </entries>
</benchmark>