{
    "Data": [
        {
            "Answer": {
                "Aliases": [
                    "Presidency of Harry S. Truman",
                    "Hary truman",
                    "Harry Shipp Truman",
                    "Harry Truman's",
                    "Harry S. Truman",
                    "Harry S.Truman",
                    "Harry S Truman",
                    "H. S. Truman",
                    "President Harry Truman",
                    "Truman administration",
                    "Presidency of Harry Truman",
                    "Mr. Citizen",
                    "HST (president)",
                    "H.S. Truman",
                    "Mary Jane Truman",
                    "Harry Shippe Truman",
                    "S truman",
                    "Harry Truman",
                    "President Truman",
                    "33rd President of the United States",
                    "Truman Administration",
                    "Harry Solomon Truman",
                    "Harold Truman",
                    "Harry truman",
                    "H. Truman"
                ],
                "MatchedWikiEntityName": "Harry S. Truman",
                "NormalizedAliases": [
                    "presidency of harry s truman",
                    "33rd president of united states",
                    "truman administration",
                    "s truman",
                    "mr citizen",
                    "harry truman s",
                    "harry truman",
                    "hary truman",
                    "harry shipp truman",
                    "h truman",
                    "harry shippe truman",
                    "h s truman",
                    "president truman",
                    "president harry truman",
                    "hst president",
                    "presidency of harry truman",
                    "mary jane truman",
                    "harry solomon truman",
                    "harold truman",
                    "harry s truman"
                ],
                "NormalizedMatchedWikiEntityName": "harry s truman",
                "NormalizedValue": "harry truman",
                "Type": "WikipediaEntity",
                "Value": "Harry Truman"
            },
            "EntityPages": [
                {
                    "DocSource": "TagMe",
                    "Filename": "Peanuts.txt",
                    "LinkProbability": "0.26224",
                    "Rho": "0.28908",
                    "Title": "Peanuts"
                }
            ],
            "Question": "Who was President when the first Peanuts cartoon was published?",
            "QuestionId": "tc_0",
            "QuestionSource": "http://www.triviacountry.com/",
            "SearchResults": [
                {
                    "Description": "Peanuts 1950s. The first Peanuts comic strip from ... The final original daily Peanuts comic strip was published on ... Snoopy's Christmas\" and \"Snoopy for President\".",
                    "DisplayUrl": "peanuts.wikia.com/wiki/Peanuts",
                    "Filename": "178/178_3.txt",
                    "Rank": 3,
                    "Title": "Peanuts - Peanuts Wiki - Wikia",
                    "Url": "http://peanuts.wikia.com/wiki/Peanuts"
                },
                {
                    "Description": "... first appeared in an earlier cartoon written by the ... Schulz's Peanuts comic strip was published in 75 ... 20 Things You Didn't Know About ...",
                    "DisplayUrl": "www.huffingtonpost.com/2013/11/26/charles-schulz-birthday_n...",
                    "Filename": "189/189_7.txt",
                    "Rank": 7,
                    "Title": "20 Things You Didn't Know About Charles Schulz",
                    "Url": "http://www.huffingtonpost.com/2013/11/26/charles-schulz-birthday_n_4339337.html"
                }
            ]
        },
        {
            "Answer": {
                "Aliases": [
                    "Churchill Downs, Louisville, Kentucky"
                ],
                "NormalizedAliases": [
                    "churchill downs louisville kentucky"
                ],
                "NormalizedValue": "churchill downs louisville kentucky",
                "Type": "FreeForm",
                "Value": "Churchill Downs, Louisville, Kentucky"
            },
            "EntityPages": [
                {
                    "DocSource": "TagMe",
                    "Filename": "Horse_racing.txt",
                    "LinkProbability": "0.38778",
                    "Rho": "0.51019",
                    "Title": "Horse racing"
                },
                {
                    "DocSource": "TagMe",
                    "Filename": "Breeders'_Cup.txt",
                    "LinkProbability": "0.25507",
                    "Rho": "0.44383",
                    "Title": "Breeders' Cup"
                }
            ],
            "Question": "Where was horse racing's Breeders' Cup held in 1988?",
            "QuestionId": "tc_6",
            "QuestionSource": "http://www.triviacountry.com/",
            "SearchResults": []
        },
        {
            "Answer": {
                "Aliases": [
                    "Bill Broonzy",
                    "Big Bill Broonzey",
                    "William Lee Conley Broonzy",
                    "Big Bill Broonzy",
                    "William Broonzy"
                ],
                "MatchedWikiEntityName": "Big Bill Broonzy",
                "NormalizedAliases": [
                    "big bill broonzey",
                    "william broonzy",
                    "big bill broonzy",
                    "bill broonzy",
                    "william lee conley broonzy"
                ],
                "NormalizedMatchedWikiEntityName": "big bill broonzy",
                "NormalizedValue": "big bill broonzy",
                "Type": "WikipediaEntity",
                "Value": "Big Bill Broonzy"
            },
            "EntityPages": [],
            "Question": "How is musician William Lee Conley better known?",
            "QuestionId": "tc_19",
            "QuestionSource": "http://www.triviacountry.com/",
            "SearchResults": [
                {
                    "Description": "Biography and other information about Mississippi blues musician Big Bill Broonzy ... William Lee Conley ... (Big Bill Broonzy). In 1957, William Lee Conley Broonzy ...",
                    "DisplayUrl": "www.mswritersandmusicians.com/mississippi-musicians/big-bill-broonzy",
                    "Filename": "181/181_474.txt",
                    "Rank": 0,
                    "Title": "Big Bill Broonzy, Blues Musician from Scott Mississippi",
                    "Url": "http://www.mswritersandmusicians.com/mississippi-musicians/big-bill-broonzy"
                },
                {
                    "Description": "Discover Big Bill Broonzy's full ... In the 1930’s Broonzy became known as one of ... William L.C. Broonzy, William Lee Conley, William Lee Conley \"Big Bill ...",
                    "DisplayUrl": "https://www.discogs.com/artist/307270-Big-Bill-Broonzy",
                    "Filename": "46/46_476.txt",
                    "Rank": 2,
                    "Title": "Big Bill Broonzy Discography at Discogs",
                    "Url": "https://www.discogs.com/artist/307270-Big-Bill-Broonzy"
                }
            ]
        }
    ],
    "Domain": "unfiltered-web",
    "Split": "train",
    "VerifiedEval": false,
    "Version": 1.0
}