<benchmark>
  <entries>
    <entry category="Athlete" eid="Id1" size="3">
      <originaltripleset>
        <otriple>Aaron_Boogaard | birthYear | "1986"^^xsd:gYear</otriple>
        <otriple>Aaron_Boogaard | team | Wichita_Thunder</otriple>
        <otriple>Aaron_Boogaard | placeOfBirth | Canada</otriple>
      </originaltripleset>
      <modifiedtripleset>
        <mtriple>Aaron_Boogaard | birthYear | 1986</mtriple>
        <mtriple>Aaron_Boogaard | club | Wichita_Thunder</mtriple>
        <mtriple>Aaron_Boogaard | birthPlace | Canada</mtriple>
      </modifiedtripleset>
      <lex comment="good" lid="Id1">Born in Canada in 1986, Aaron Boogaard played for the club Wichita Thunder.</lex>
      <lex comment="good" lid="Id2">Aaron Boogaard, whose club is Wichita Thunder, was born in 1986 in Canada.</lex>
      <lex comment="good" lid="Id3">Aaron Boogaard, who played for the club Wichita Thunder, was born in Canada in 1986.</lex>
    </entry>
    </entries>
</benchmark>