{
    "cosmosqa": {
        "003313896b2eb6e9f6af52917f240492": {
            "candidate1": "They want to repurpose that room",
            "candidate2": "They want to give purpose that room",
            "context": "This wireless adapter is placed on the back of your Xbox , by usb . I had wireless network at home for years , It was great to have my Xbox any where in the house ! I had to take down my game room and so no more Xbox live for me . Well for now .",
            "question": "What's a possible reason the writer had to take down their game room ?",
            "reference": "Because they needed the room for something else .",
            "score1": 5.0,
            "score2": 2.0
        }
    }
}