{
    "cosmosqa": {
        "002b5d9aa346d492b02705ae2c9f4abd": {
            "candidate": "He's a child and it's a very rare thing.",
            "context": "Somewhere in me I knew it all along , there are all those moments when he stares into my eyes and his start to sparkle while this gorgeous grin spreads across his face . When he first started to do it I would ask him \" what ? What s funny ? \" he would always say nothing and attempt to divert his attention elsewhere .",
            "metadata": {
                "scores": [
                    1
                ],
                "source": "gpt2"
            },
            "question": "What's a possible reason the guy stares into the writer's eyes ?",
            "reference": "Because he likes her a lot .",
            "score": 1
        }
    }
}