<benchmark>
  <entries>
    <entry category="City" eid="Id1" shape="(X (X) (X (X) (X) (X)))" shape_type="mixed" size="5">
      <originaltripleset>
        <otriple>Albany,_Georgia | subdivisionName | Georgia_(U.S._state)</otriple>
        <otriple>United_States | leaderTitle | President_of_the_United_States</otriple>
        <otriple>United_States | demonym | Americans</otriple>
        <otriple>United_States | ethnicGroup | Asian_Americans</otriple>
        <otriple>Albany,_Georgia | country | United_States</otriple>
      </originaltripleset>
      <modifiedtripleset>
        <mtriple>Albany,_Georgia | isPartOf | Georgia_(U.S._state)</mtriple>
        <mtriple>United_States | leaderTitle | President_of_the_United_States</mtriple>
        <mtriple>United_States | demonym | Americans</mtriple>
        <mtriple>United_States | ethnicGroup | Asian_Americans</mtriple>
        <mtriple>Albany,_Georgia | country | United_States</mtriple>
      </modifiedtripleset>
      <lex comment="good" lid="Id1">The United States, where the inhabitants are known as Americans, is led by the President and has Asian Americans as an ethnic group. It is the location of Albany, part of the state of Georgia.</lex>
      <lex comment="good" lid="Id2">Albany is located in the US state of Georgia, U.S. With the leader called the President of the United States there are Asian Americans as well as Americans living there.</lex>
      <lex comment="good" lid="Id3">Americans are the people occupying the U.S., whose leader is the President of the United States, and Asian Americans are an ethnic group there. Albany is part of the state of Georgia in the United States.</lex>
    </entry>
    </entries>
</benchmark>