<benchmark>
  <entries>
    <entry category="Food" eid="Id1" shape="(X (X) (X (X) (X) (X)))" shape_type="mixed" size="5">
      <originaltripleset>
        <otriple>Arem-arem | country | Indonesia</otriple>
        <otriple>Indonesia | leaderName | Jusuf_Kalla</otriple>
        <otriple>Arem-arem | region | "Nationwide in Indonesia, but more specific to Java"@en</otriple>
        <otriple>Indonesia | currency | Indonesian_rupiah</otriple>
        <otriple>Indonesia | language | Indonesian_language</otriple>
      </originaltripleset>
      <modifiedtripleset>
        <mtriple>Arem-arem | country | Indonesia</mtriple>
        <mtriple>Indonesia | leaderName | Jusuf_Kalla</mtriple>
        <mtriple>Arem-arem | region | "Nationwide in Indonesia, but more specific to Java"</mtriple>
        <mtriple>Indonesia | currency | Indonesian_rupiah</mtriple>
        <mtriple>Indonesia | language | Indonesian_language</mtriple>
      </modifiedtripleset>
      <lex comment="good" lid="Id1">Arem-arem while more specific to Java, is found nationwide in Indonesia, where the language is Indonesian. It is also where the currency is the Indonesian rupiah and Jusuf Kalla is a leader.</lex>
      <lex comment="good" lid="Id2">Arem-arem is a food usually served in Indonesia which has the rupiah as its currency and the people speak Indonesian. Its leader is Jusuf Kalla and although arem-arem is found nationwide, it's more specific to Java.</lex>
      <lex comment="good" lid="Id3">Arem-arem is nationwide dish in Indonesia where Indonesian is the spoken language, but originates from the Island of Java. The country's vice-president is Jusuf Kalla and the local currency is Indonesian rupiah.</lex>
    </entry>
    </entries>
</benchmark>