<benchmark>
  <entries>
    <entry category="Monument" eid="Id1" shape="(X (X) (X) (X) (X) (X))" shape_type="sibling" size="5">
      <originaltripleset>
        <otriple>11th_Mississippi_Infantry_Monument | country | "United States"@en</otriple>
        <otriple>11th_Mississippi_Infantry_Monument | range | Seminary_Ridge</otriple>
        <otriple>11th_Mississippi_Infantry_Monument | established | 2000</otriple>
        <otriple>11th_Mississippi_Infantry_Monument | category | Contributing_property</otriple>
        <otriple>11th_Mississippi_Infantry_Monument | municipality | Gettysburg,_Pennsylvania</otriple>
      </originaltripleset>
      <modifiedtripleset>
        <mtriple>11th_Mississippi_Infantry_Monument | country | "United States"</mtriple>
        <mtriple>11th_Mississippi_Infantry_Monument | location | Seminary_Ridge</mtriple>
        <mtriple>11th_Mississippi_Infantry_Monument | established | 2000</mtriple>
        <mtriple>11th_Mississippi_Infantry_Monument | category | Contributing_property</mtriple>
        <mtriple>11th_Mississippi_Infantry_Monument | municipality | Gettysburg,_Pennsylvania</mtriple>
      </modifiedtripleset>
      <lex comment="good" lid="Id1">The 11th Mississippi Infantry Monument, established in 2000 was built at Seminary Ridge, Gettysburg Pennsylvania, USA and is a contributing property.</lex>
      <lex comment="good" lid="Id2">The 11th Mississippi Infantry Monument is in Seminary Ridge, Gettysburg, Pennsylvania, USA. It was established in 2000 and is categorized as a Contributing Property.</lex>
    </entry>
    </entries>
</benchmark>