<benchmark>
  <entries>
    <entry category="University" eid="Id1" shape="(X (X) (X) (X) (X (X)))" shape_type="mixed" size="5">
      <originaltripleset>
        <otriple>AWH_Engineering_College | established | 2001</otriple>
        <otriple>AWH_Engineering_College | faculty | 250</otriple>
        <otriple>AWH_Engineering_College | state | Kerala</otriple>
        <otriple>Kerala | northwest | Mahé,_India</otriple>
        <otriple>AWH_Engineering_College | city | "Kuttikkattoor"@en</otriple>
      </originaltripleset>
      <modifiedtripleset>
        <mtriple>AWH_Engineering_College | established | 2001</mtriple>
        <mtriple>AWH_Engineering_College | academicStaffSize | 250</mtriple>
        <mtriple>AWH_Engineering_College | state | Kerala</mtriple>
        <mtriple>Kerala | has to its northwest | Mahé,_India</mtriple>
        <mtriple>AWH_Engineering_College | city | "Kuttikkattoor"</mtriple>
      </modifiedtripleset>
      <lex comment="good" lid="Id1">AWH Engineering College is located southeast of Mahe in Kuttikkattoor, Kerala, India. The College was established in 2001 and has 250 academic staff.</lex>
      <lex comment="good" lid="Id2">Kerala state which has Mahe, India to its northwest is also the home of the AWH Engineering College. The College was established in 2001 in the city of Kuttikkattoor and currently has 250 members of staff.</lex>
    </entry>
    </entries>
</benchmark>