<benchmark>
  <entries>
    <entry category="Airport" eid="Id1" shape="(X (X (X) (X (X) (X))))" shape_type="mixed" size="5">
      <originaltripleset>
        <otriple>Aarhus_Airport | location | Tirstrup</otriple>
        <otriple>Tirstrup | country | Denmark</otriple>
        <otriple>Tirstrup | subdivisionName | Central_Denmark_Region</otriple>
        <otriple>Denmark | leaderName | Margrethe_II_of_Denmark</otriple>
        <otriple>Denmark | language | Faroese_language</otriple>
      </originaltripleset>
      <originaltripleset>
        <otriple>Aarhus_Airport | location | Tirstrup</otriple>
        <otriple>Tirstrup | country | Denmark</otriple>
        <otriple>Tirstrup | subdivisionName | Central_Denmark_Region</otriple>
        <otriple>Denmark | leader | Margrethe_II_of_Denmark</otriple>
        <otriple>Denmark | language | Faroese_language</otriple>
      </originaltripleset>
      <modifiedtripleset>
        <mtriple>Aarhus_Airport | location | Tirstrup</mtriple>
        <mtriple>Tirstrup | country | Denmark</mtriple>
        <mtriple>Tirstrup | isPartOf | Central_Denmark_Region</mtriple>
        <mtriple>Denmark | leaderName | Margrethe_II_of_Denmark</mtriple>
        <mtriple>Denmark | language | Faroese_language</mtriple>
      </modifiedtripleset>
      <lex comment="good" lid="Id1">The location of Aarhus Airport is Tirstrup, part of the Central Denmark region, in Denmark. Where the leader is Margrethe II of Denmark and where the language is Faroese.</lex>
      <lex comment="good" lid="Id2">Margrethe II is the leader of Denmark where the Faroese language is spoken. The country is the location of Aarhus airport in Tirstrup, part of the Central Denmark region.</lex>
      <lex comment="good" lid="Id3">Margrethe II of Denmark is the leader of Denmark where the Faroese language is spoken. Aarhus airport is located in Tirstrup, part of the Central Denmark region.</lex>
    </entry>
    </entries>
</benchmark>