<benchmark>
  <entries>
    <entry category="Monument" eid="Id1" shape="(X (X))" shape_type="NA" size="1">
      <originaltripleset>
        <otriple>11th_Mississippi_Infantry_Monument | established | 2000</otriple>
      </originaltripleset>
      <modifiedtripleset>
        <mtriple>11th_Mississippi_Infantry_Monument | established | 2000</mtriple>
      </modifiedtripleset>
      <lex comment="good" lid="Id1">The 11th Mississippi Infantry Monument was established in the year 2000.</lex>
      <lex comment="good" lid="Id2">The 11th Mississippi Infantry Monument was established in 2000.</lex>
      <lex comment="good" lid="Id3">A monument to the 11th Mississippi Infantry was erected in 2000.</lex>
      <lex comment="good" lid="Id4">11th Mississippi Infantry Monument was established in 2000.</lex>
      <lex comment="good" lid="Id5">11th Mississippi Infantry Monument has been established in 2000.</lex>
      <lex comment="good" lid="Id6">The 11th Mississippi Infantry Monument was completed in 2000.</lex>
    </entry>
    </entries>
</benchmark>