<benchmark>
  <entries>
    <entry category="Astronaut" eid="Id1" shape="(X (X))" shape_type="NA" size="1">
      <originaltripleset>
        <otriple>Alan_Bean | nationality | United_States</otriple>
      </originaltripleset>
      <modifiedtripleset>
        <mtriple>Alan_Bean | nationality | United_States</mtriple>
      </modifiedtripleset>
      <lex comment="good" lid="Id1">The nationality of Alan Bean is United States.</lex>
      <lex comment="good" lid="Id2">Alan Bean's nationality is the United States.</lex>
      <lex comment="good" lid="Id3">Alan Bean is American.</lex>
      <lex comment="good" lid="Id4">Alan Bean was American.</lex>
      <lex comment="good" lid="Id5">Alan Bean is a US national.</lex>
    </entry>
    </entries>
</benchmark>