<benchmark>
  <entries>
    <entry category="MeanOfTransportation" eid="Id1" shape="(X (X))" shape_type="NA" size="1">
      <originaltripleset>
        <otriple>A-Rosa_Luna | shipChristened | "2005-04-07"^^xsd:date</otriple>
      </originaltripleset>
      <originaltripleset>
        <otriple>A-Rosa_Luna | christeningDate | "2005-04-07"^^xsd:date</otriple>
      </originaltripleset>
      <modifiedtripleset>
        <mtriple>A-Rosa_Luna | christeningDate | 2005-04-07</mtriple>
      </modifiedtripleset>
      <lex comment="good" lid="Id1">The A-Rosa Luna was christened on the 7th of April 2005.</lex>
      <lex comment="good" lid="Id2">The A-Rosa Luna was "christened" on the 7th April 2005.</lex>
      <lex comment="good" lid="Id3">The A-Rosa Luna was christened on 7th April 2005.</lex>
    </entry>
    </entries>
</benchmark>