<benchmark>
  <entries>
    <entry category="CelestialBody" eid="Id1" shape="(X (X))" shape_type="NA" size="1">
      <originaltripleset>
        <otriple>(19255)_1994_VK8 | density | "2.0"^^&lt;http://dbpedia.org/datatype/gramPerCubicCentimetre&gt;</otriple>
      </originaltripleset>
      <originaltripleset>
        <otriple>(19255)_1994_VK8 | Planet/density | "2000.0"^^&lt;http://dbpedia.org/datatype/kilogramPerCubicMetre&gt;</otriple>
      </originaltripleset>
      <modifiedtripleset>
        <mtriple>(19255)_1994_VK8 | density | 2.0 (gramPerCubicCentimetres)</mtriple>
      </modifiedtripleset>
      <lex comment="good" lid="Id1">(19255) 1994 VK8 has a density of 2.0 grams per cubic centimetre.</lex>
      <lex comment="good" lid="Id2">The celestial body known as (19255) 1994 VK8 has a density of 2 grams per cubic centimetres.</lex>
    </entry>
    </entries>
</benchmark>