<?xml version="1.0" encoding="UTF-8"?>
<mteval>
<refset setid="iwslt2017-tst2015" srclang="english" trglang="chinese" refid="ref">
<doc docid="2183" genre="lectures">
 <url>http://www.ted.com/talks/marc_kushner_why_the_buildings_of_the_future_will_be_shaped_by_you</url>
 <description>TED Talk Subtitles and Transcript: “建筑无关乎算数或空间——建筑是关于内心的情感，” 马克·库什纳说道。在一个彻底的——时常是有趣的——演讲中，他贯穿过去三十年建筑史，展示公众是如何成为建筑设计的一个重要组成。借助社交媒体的帮助，在建筑物完工之前，反馈信息就已送达建筑师手中。结果呢？建筑从此为我们带来更多。</description>
 <keywords>talks, TED Books, architecture, design, social media</keywords>
 <talkid>2183</talkid>
 <title>马克·库什纳: 为什么建筑的未来由你决定</title>
 <reviewer></reviewer>
 <translator href="http://www.ted.com/profiles/1545922">Zhiting Chen</translator>
<seg id="1">  今天我要跟大家讲述 过去30年的建筑史。  </seg>
<seg id="2">  太多东西要在这18分钟内讲述了。  </seg>
<seg id="3">  这是一个复杂的题目， 那就让我们从这个复杂的地方开始： 新泽西。  </seg>
<seg id="4">  三十年前，我住新泽西 那时我六岁，我住在父母家 小镇名叫Livingston， 这是我儿时的卧室。  </seg>
<seg id="5">  在我卧室的角落 是我和姐姐共用的洗手间。  </seg>
