<?xml version="1.0" encoding="UTF-8"?>
<mteval>
<refset setid="iwslt2017-tst2012" srclang="english" trglang="chinese" refid="ref">
<doc docid="1404" genre="lectures">
 <url>http://www.ted.com/talks/ayah_bdeir_building_blocks_that_blink_beep_and_teach</url>
 <description>TED Talk Subtitles and Transcript: 想象一下像乐高玩具一样简单玩耍的电子套件。TED奖学金获得者阿雅·布黛尔向大家介绍了littleBits，一套简单的，可以方便互换的积木。它使得编程电路这样重要的创造性的活动变得像插拔积木一样简单。</description>
 <keywords>talks, TED Fellows, code, creativity, education, technology, toy</keywords>
 <talkid>1404</talkid>
 <title>阿雅·布黛尔： 有声有色可教学的积木</title>
 <reviewer href="http://www.ted.com/profiles/220760">Angelia King</reviewer>
 <translator href="http://www.ted.com/profiles/1229491">Bruce Han</translator>
<seg id="1">  听起来可能有点怪， 我是个水泥砖的狂热爱好者。  </seg>
<seg id="2">  第一块水泥砖制造于1868年 是源于一个非常简单的想法： 把水泥制成的固定大小的块 组装到一起。  </seg>
<seg id="3">  很快水泥砖就成为了 全世界使用最多的建筑单元，  </seg>
<seg id="4">  它使得我们能制造远大于自身的东西， 建筑，桥梁， 就这样一砖一瓦砌成。  </seg>
<seg id="5">  水泥砖实质上已经成为 我们这个时代的积木。  </seg>
