<?xml version="1.0" encoding="UTF-8"?>
<mteval>
<srcset setid="iwslt2017-tst2010" srclang="english">
<doc docid="837" genre="lectures">
<url>http://www.ted.com/talks/tom_wujec_build_a_tower</url> 
<description>TED Talk Subtitles and Transcript: Tom Wujec presents some surprisingly deep research into the "marshmallow problem" -- a simple team-building exercise that involves dry spaghetti, one yard of tape and a marshmallow. Who can build the tallest tower with these ingredients? And why does a surprising group always beat the average?</description> 
<keywords>talks, business, collaboration, culture, design, entertainment, psychology</keywords> 
<talkid>837</talkid> 
<title>Tom Wujec: Build a tower, build a team</title> 
<reviewer></reviewer> 
<translator></translator> 
<seg id="1"> Several years ago here at TED, Peter Skillman  introduced a design challenge  called the marshmallow challenge.    </seg>
<seg id="2"> And the idea's pretty simple:  Teams of four have to build the tallest free-standing structure  out of 20 sticks of spaghetti,  one yard of tape, one yard of string  and a marshmallow.    </seg>
<seg id="3"> The marshmallow has to be on top.    </seg>
<seg id="4"> And, though it seems really simple, it's actually pretty hard  because it forces people  to collaborate very quickly.    </seg>
<seg id="5"> And so, I thought this was an interesting idea,  and I incorporated it into a design workshop.    </seg>
