path	translation	split
common_voice_en_19664034.mp3	இந்த தரவு கூறுகள் தரவு பரிமாற்றங்களின் "கட்டுமான தொகுதிகள்" ஆக செயல்படுகின்றன.	train
common_voice_en_19664035.mp3	இந்த தேவாலயம் சியோனிசத்தின் யூத அரசியல் இயக்கத்துடன் தொடர்பில்லாதது.	train
common_voice_en_18540003.mp3	தண்ணீர் பற்றாக்குறை இருக்கும்போது, அதை வீணாக்குவதைத் தவிர்க்கவும்.	dev
common_voice_en_18540005.mp3	நீங்கள் அவளை வீட்டிர்கு அழைத்துச் செல்லுங்கள்.	dev
common_voice_en_699711.mp3	அவர் சரியாகிவிடுவார்.	test
common_voice_en_18132047.mp3	நன்றாக முடிவதெல்லாம் நன்றாகவே இருக்கும்.	test
