[{"context": "Philosopher: An action is morally good if it both achieves the agent' s intended goal and benefits someone other than the agent.", "question": "Which one of the following judgments most closely conforms to the principle cited by the philosopher?", "answers": ["Louisa tried to get Henry into serious trouble by making it appear that he stole some expensive clothes from a store. But the store's detective realized what Louisa did, and so Louisa was punished rather than Henry. Since she intended to harm Henry, Louisa's action was not morally good.", "Yolanda took her children to visit their grandfather because she wanted her children to enjoy their vacation and she knew they adored their grandfather. The grandfather and the children all enjoyed the visit. Though Yolanda greatly enjoyed the visit, her action was morally good.", "Ellen worked overtime hoping to get a promotion. The extra money she earned allowed her family to take a longer vacation that year, but she failed to get the promotion. Nevertheless, Ellen's action was morally good.", "Colin chose to lie to the authorities questioning him, in an attempt to protect his friends. The authorities discovered his deception and punished Colin and his friends severely. But because he acted out of love for his friends, Colin's action was morally good."], "label": 1, "id_string": "val_2"}]
