idx	label	sentence1	sentence2
0	9	aesthetic appreciation and spanish art :	insights from eye-tracking
1	9	the viewing experience of art is a complex one ,	involving issues of perception , attention , memory , decision-making , affect , and emotion .
2	9	focusing on a unique collection of 17th century zurbarán paintings .	the jacob cycle at auckland castle is the only uk example of a continental collection preserved in situ in purpose-built surroundings .
3	8	no work has been completed on the aesthetic appreciation of collections or of devotional themes .	while studies of the psychology of art have focused on individual works and distinctions between representative / non-representative topics ,
4	9	the purpose of this pilot study was to assess the effects of different written interpretation on the visual exploration of artworks .	we will discuss the potential implications of these techniques and our understanding of visual behaviours on museum and gallery practice .
