{"196009": {"id": 196009, "text": "Plan wydawniczy Samsunga: Kwiecie\u0144 2016 - Galaxy S8 Maj 2016 - Galaxy S9 Czerwiec 2016 - Galaxy S10 Chodz\u0105 niepotwierdzone pog\u0142oski, \u017ce w lipcu mo\u017cemy si\u0119 spodziewa\u0107 Galaxy S11... Patrz\u0105c na szybko zmieniaj\u0105ce si\u0119 odst\u0119py czasowe jak w przypadku S6 i S7 to mo\u017ce by\u0107 ca\u0142kiem realne w przysz\u0142o\u015bci... A realnie teraz wol\u0119 2 x Mi5 ni\u017c za t\u0105 sam\u0105 cen\u0119 1 x S7 :)", "ner": [{"source": {"from": 42, "to": 48, "type": "PRODUCT_NAME", "text": "Galaxy"}, "target": {"from": 49, "to": 51, "type": "VERSION", "text": "S8"}}, {"source": {"from": 63, "to": 69, "type": "PRODUCT_NAME", "text": "Galaxy"}, "target": {"from": 70, "to": 72, "type": "VERSION", "text": "S9"}}, {"source": {"from": 16, "to": 24, "type": "BRAND_NAME", "text": "Samsunga"}, "target": {"from": 42, "to": 48, "type": "PRODUCT_NAME", "text": "Galaxy"}}, {"source": {"from": 16, "to": 24, "type": "BRAND_NAME", "text": "Samsunga"}, "target": {"from": 63, "to": 69, "type": "PRODUCT_NAME", "text": "Galaxy"}}, {"source": {"from": 89, "to": 95, "type": "PRODUCT_NAME", "text": "Galaxy"}, "target": {"from": 96, "to": 99, "type": "VERSION", "text": "S10"}}, {"source": {"from": 16, "to": 24, "type": "BRAND_NAME", "text": "Samsunga"}, "target": {"from": 89, "to": 95, "type": "PRODUCT_NAME", "text": "Galaxy"}}, {"source": {"from": 166, "to": 172, "type": "PRODUCT_NAME", "text": "Galaxy"}, "target": {"from": 173, "to": 176, "type": "VERSION", "text": "S11"}}, {"source": {"from": 16, "to": 24, "type": "BRAND_NAME", "text": "Samsunga"}, "target": {"from": 166, "to": 172, "type": "PRODUCT_NAME", "text": "Galaxy"}}, {"source": {"from": 246, "to": 248, "type": "BRAND_NAME_IMP", "text": "S6"}, "target": {"from": 246, "to": 248, "type": "PRODUCT_NAME_IMP", "text": "S6"}}, {"source": {"from": 246, "to": 248, "type": "PRODUCT_NAME_IMP", "text": "S6"}, "target": {"from": 246, "to": 248, "type": "VERSION", "text": "S6"}}, {"source": {"from": 251, "to": 253, "type": "BRAND_NAME_IMP", "text": "S7"}, "target": {"from": 251, "to": 253, "type": "PRODUCT_NAME_IMP", "text": "S7"}}, {"source": {"from": 251, "to": 253, "type": "PRODUCT_NAME_IMP", "text": "S7"}, "target": {"from": 251, "to": 253, "type": "VERSION", "text": "S7"}}, {"source": {"from": 323, "to": 326, "type": "PRODUCT_NAME", "text": "Mi5"}, "target": {"from": 323, "to": 326, "type": "BRAND_NAME_IMP", "text": "Mi5"}}, {"source": {"from": 323, "to": 326, "type": "PRODUCT_NAME", "text": "Mi5"}, "target": {"from": 323, "to": 326, "type": "VERSION", "text": "Mi5"}}, {"source": {"from": 351, "to": 353, "type": "PRODUCT_NAME_IMP", "text": "S7"}, "target": {"from": 351, "to": 353, "type": "BRAND_NAME_IMP", "text": "S7"}}, {"source": {"from": 351, "to": 353, "type": "PRODUCT_NAME_IMP", "text": "S7"}, "target": {"from": 351, "to": 353, "type": "VERSION", "text": "S7"}}]}, "196010": {"id": 196010, "text": "Re: Stilo SW :) przez arti4411 \u00bb 2016-04-03, 11:04 Czyzu napisa\u0142(a):..nie zle.....ale podoba mi sie....chyba pomysle o czyms do swojego..tylko moze w nizszym przedziale cenowym..hijiWys\u0142ane z mojego LG-H818 przy u\u017cyciu TapatalkaSzukaj na ebayu ta mnie wynios\u0142a 1000 za wszytko z ramk\u0105 a w Polsce takie po 2 tys s\u0105. Polecam fajne rozwi\u0105zanie jak dla mnie, zamiast kupowa\u0107 nawigacj\u0119 wola\u0142em tak\u0105 stacje i jest wszystko Wys\u0142ane z mojego HUAWEI ATH-UL01 przy u\u017cyciu Tapatalka arti4411", "ner": [{"source": {"from": 199, "to": 201, "type": "BRAND_NAME", "text": "LG"}, "target": {"from": 202, "to": 206, "type": "PRODUCT_NAME", "text": "H818"}}, {"source": {"from": 434, "to": 440, "type": "BRAND_NAME", "text": "HUAWEI"}, "target": {"from": 441, "to": 449, "type": "PRODUCT_NAME_IMP", "text": "ATH-UL01"}}]}, "196011": {"id": 196011, "text": "Masz racj\u0119 w w Huawei p\u0142acisz za podzespo\u0142y a nie za mark\u0119, tak\u017ce s\u0105 to naprawd\u0119 dobre telefony za rozs\u0105dne pieni\u0105dze i warto wzi\u0105\u0107 je pod uwag\u0119. Podrzuc\u0119 Ci kilka link\u00f3w do parametr\u00f3w wybranych telefon\u00f3w, kt\u00f3re wg mnie s\u0105 warte uwagi To jest m\u00f3j faworyt, te\u017c od Huawei'a tu mocnym atutem tego telefonu jest bateria, ma ona 3100 mAh i aparat 20 Mpix Pozosta\u0142e dwa, kt\u00f3re podam s\u0105 s\u0142absze, jedynie \u0142\u0105czy je to, \u017ce wszystkie maj\u0105 3 GB Ram a dodatkowo p8 Szk\u0142o Gorilla Glass ale ten problem mo\u017cna w innych za\u0142atwi\u0107 naklejeniem szk\u0142a hartowanego http://www.sferis.pl...onor7szary.html http://www.sferis.pl...mpangegold.html http://www.sferis.pl...szampanski.html", "ner": [{"source": {"from": 449, "to": 451, "type": "PRODUCT_NAME", "text": "p8"}, "target": {"from": 449, "to": 451, "type": "BRAND_NAME_IMP", "text": "p8"}}]}, "196012": {"id": 196012, "text": "Po co Mi5? 1600 z\u0142 za telefon do s\u0142uchania muzyki ? 1600 z\u0142 przy twoich wymaganiach to kosmiczna p\u00f3\u0142ka cenowa. Z tych dw\u00f3ch zr\u00f3b sobie przys\u0142ug\u0119 i zaoszcz\u0119d\u017a kas\u0119 kupuj\u0105c mi4 lub 4c. Oneplus to pono\u0107 rewelacyjne telefony, ale oneplus two i oneplus x ust\u0119puj\u0105 jako\u015bci\u0105 onaplus one. Moim zdaniem nie warto tyle p\u0142aci\u0107 za narz\u0119dzie do s\u0142uchania muzyki, przegl\u0105dania neta i ... dzwonienia. Chyba, \u017ce rzeczywi\u015bcie u\u017cywasz jaki\u015b niesamowicie obci\u0105\u017caj\u0105cych aplikacji.", "ner": [{"source": {"from": 6, "to": 9, "type": "BRAND_NAME_IMP", "text": "Mi5"}, "target": {"from": 6, "to": 9, "type": "PRODUCT_NAME", "text": "Mi5"}}, {"source": {"from": 6, "to": 9, "type": "PRODUCT_NAME", "text": "Mi5"}, "target": {"from": 6, "to": 9, "type": "VERSION", "text": "Mi5"}}, {"source": {"from": 171, "to": 174, "type": "PRODUCT_NAME", "text": "mi4"}, "target": {"from": 171, "to": 174, "type": "BRAND_NAME_IMP", "text": "mi4"}}, {"source": {"from": 171, "to": 174, "type": "PRODUCT_NAME", "text": "mi4"}, "target": {"from": 171, "to": 174, "type": "VERSION", "text": "mi4"}}, {"source": {"from": 179, "to": 181, "type": "BRAND_NAME_IMP", "text": "4c"}, "target": {"from": 179, "to": 181, "type": "PRODUCT_NAME_IMP", "text": "4c"}}, {"source": {"from": 179, "to": 181, "type": "PRODUCT_NAME_IMP", "text": "4c"}, "target": {"from": 179, "to": 181, "type": "VERSION", "text": "4c"}}, {"source": {"from": 226, "to": 233, "type": "PRODUCT_NAME", "text": "oneplus"}, "target": {"from": 226, "to": 233, "type": "BRAND_NAME_IMP", "text": "oneplus"}}, {"source": {"from": 268, "to": 275, "type": "PRODUCT_NAME", "text": "onaplus"}, "target": {"from": 268, "to": 275, "type": "BRAND_NAME_IMP", "text": "onaplus"}}, {"source": {"from": 240, "to": 247, "type": "PRODUCT_NAME", "text": "oneplus"}, "target": {"from": 240, "to": 247, "type": "BRAND_NAME_IMP", "text": "oneplus"}}, {"source": {"from": 226, "to": 233, "type": "PRODUCT_NAME", "text": "oneplus"}, "target": {"from": 234, "to": 237, "type": "VERSION", "text": "two"}}, {"source": {"from": 240, "to": 247, "type": "PRODUCT_NAME", "text": "oneplus"}, "target": {"from": 248, "to": 249, "type": "VERSION", "text": "x"}}, {"source": {"from": 268, "to": 275, "type": "PRODUCT_NAME", "text": "onaplus"}, "target": {"from": 276, "to": 279, "type": "VERSION", "text": "one"}}]}, "196013": {"id": 196013, "text": "To jest wina tych aplikacji a nie nowego andka... A propo dzia\u0142ania aplikacji na 6.0. Czy mo\u017cecie sprawdzi\u0107 czy dzia\u0142a wam gra Shadow Fight 2 ? Edit @ Sprawdzi\u0142em z ciekawo\u015bci na szybko automap\u0119 i mi dzia\u0142a. Co prawda tylko trial i nie wybra\u0142em \u017cadnej trasy ale gps znalaz\u0142 bez problemu i nie by\u0142o \u017cadnych k\u0142opot\u00f3w... Na czym polega\u0142 z ni\u0105 problem ? Mam B524 ale wgrywa\u0142em B550 (numer kompilacji si\u0119 nie zmieni\u0142) wi\u0119c mo\u017ce jednak to by\u0142 wina huawei i teraz co\u015b naprawili... scslawomir", "ner": [{"source": {"from": 81, "to": 84, "type": "PRODUCT_NAME_IMP", "text": "6.0"}, "target": {"from": 81, "to": 84, "type": "VERSION", "text": "6.0"}}, {"source": {"from": 127, "to": 139, "type": "PRODUCT_NAME", "text": "Shadow Fight"}, "target": {"from": 140, "to": 141, "type": "VERSION", "text": "2"}}, {"source": {"from": 127, "to": 139, "type": "PRODUCT_NAME", "text": "Shadow Fight"}, "target": {"from": 127, "to": 139, "type": "BRAND_NAME_IMP", "text": "Shadow Fight"}}, {"source": {"from": 41, "to": 46, "type": "PRODUCT_NO_BRAND", "text": "andka"}, "target": {"from": 81, "to": 84, "type": "VERSION", "text": "6.0"}}]}}