{"122260": {"id": 122260, "text": "Dobre kontoMam opr\u00f3cz ekonta mbanku konto w db i to w mbanku jest o lata swietlne do przodu - zarowno jesli chodzi o oplaty, serwis transakcyjny czy tez awaryjnosc. Oczywiscie jest w mbanku kilka rzeczy ktore bym poprawil ale ogolnie moje wrazenia z ponad kilku lat uzytkowania tego konta jak najbardzie pozytywne ocena 4/5. PS. Szkoda tylko \u017ce dla starych klent\u00f3w nie przygotuj\u0105 jakiej\u015b promocji tak jak teraz - 100 z\u0142 przyda\u0142oby si\u0119 kazdemu.", "ner": [{"source": {"from": 29, "to": 35, "type": "BRAND_NAME", "text": "mbanku"}, "target": {"from": 22, "to": 28, "type": "PRODUCT_NAME", "text": "ekonta"}}]}, "122269": {"id": 122269, "text": "Konto direct w ing najlepsze!Mog\u0119 \u015bmia\u0142o potwierdzi\u0107, \u017ce aktualnie najbardziej op\u0105\u0142ca si\u0119 za\u0142o\u017cy\u0107 konto Direct. Prowadzenie jest darmowe, podobnie jak przelewy przez internet i wyp\u0142\u0105ty ze wszytkich bankomat\u00f3w w Polsce. Karta p\u0142atnicza jest bezp\u0142atna, je\u015bli w ci\u0105gu miesi\u0105ca wydasz przy jej u\u017cyciu przynajmniej 300 z\u0142 (lub 200 z\u0142otych je\u015bli masz mniej, ni\u017c 26 lat) \u2013 je\u015bli wydasz mniej, zap\u0142acisz za ni\u0105 7 z\u0142 miesi\u0119cznie. Do tego teraz maj\u0105 bardzo fajn\u0105 promocj\u0119 dla nowych posiadaczy kont - 100 z\u0142 premii. Je\u015bli kto\u015b szuka nowego konta, warto wg mnie wzi\u0105\u0107 w pierwszej kolejno\u015bci pod pod uwag\u0119 w\u0142a\u015bnie Konto Direct w ING.", "ner": [{"source": {"from": 15, "to": 18, "type": "BRAND_NAME", "text": "ing"}, "target": {"from": 6, "to": 12, "type": "PRODUCT_NAME", "text": "direct"}}, {"source": {"from": 104, "to": 110, "type": "PRODUCT_NAME", "text": "Direct"}, "target": {"from": 104, "to": 110, "type": "BRAND_NAME_IMP", "text": "Direct"}}, {"source": {"from": 617, "to": 620, "type": "BRAND_NAME", "text": "ING"}, "target": {"from": 608, "to": 614, "type": "PRODUCT_NAME", "text": "Direct"}}, {"source": {"from": 617, "to": 620, "type": "BRAND_NAME", "text": "ING"}, "target": {"from": 602, "to": 614, "type": "PRODUCT_NAME", "text": "Konto Direct"}}, {"source": {"from": 617, "to": 620, "type": "BRAND_NAME", "text": "ING"}, "target": {"from": 98, "to": 110, "type": "PRODUCT_NAME", "text": "konto Direct"}}, {"source": {"from": 617, "to": 620, "type": "BRAND_NAME", "text": "ING"}, "target": {"from": 0, "to": 12, "type": "PRODUCT_NAME", "text": "Konto direct"}}, {"source": {"from": 15, "to": 18, "type": "BRAND_NAME", "text": "ing"}, "target": {"from": 0, "to": 12, "type": "PRODUCT_NAME", "text": "Konto direct"}}]}, "122275": {"id": 122275, "text": "polecamprzyjazny bank kt\u00f3ry dba o klienta . Posiadam konto 360.oszczednosciowe i jestem bardzo zadowolony", "ner": [{"source": {"from": 59, "to": 78, "type": "PRODUCT_NAME", "text": "360.oszczednosciowe"}, "target": {"from": 59, "to": 78, "type": "BRAND_NAME_IMP", "text": "360.oszczednosciowe"}}]}, "122276": {"id": 122276, "text": "Zdecydowanie odradzamPi\u0119kna reklama Konto 360 zupe\u0142nie za darmo ... czy\u017cby? Na pocz\u0105tku op\u0142aty o kt\u00f3rych si\u0119 nie dowiesz zak\u0142adaj\u0105c konto - pn. to, \u017ce opcje braku op\u0142at dopiero PO pierwszym miesi\u0105cu, za pierwszy zap\u0142acisz! Dziwne ubezpieczeni, o kt\u00f3rych dowiadujesz si\u0119 z wyci\u0105gu :) A je\u015bli chcesz konto walutowe, to ju\u017c na pewno daj sobie spok\u00f3j z Millenium, nie do\u015b\u0107, \u017ce p\u0142atne przelewy, to nawet wyp\u0142at\u0119 got\u00f3wkow\u0105 (ka\u017cd\u0105 kwot\u0119!) musisz najpierw zg\u0142osi\u0107, bo nie maj\u0105 na bie\u017c\u0105co mo\u017cliwo\u015bci wyp\u0142aty (?!). Mia\u0142em jeszcze inne \"\"przygody\"\" z kontem 360 i Millenium ale szkoda opisywa\u0107 tu dziwne praktyki np. niedoinformowanie itp. - jak dla mnie to najgorszy bank, w kt\u00f3rym mam konto (jeszcze). Gor\u0105co NIE polecam, s\u0105 zdecydowanie lepsze banki.", "ner": [{"source": {"from": 349, "to": 358, "type": "BRAND_NAME", "text": "Millenium"}, "target": {"from": 36, "to": 45, "type": "PRODUCT_NAME", "text": "Konto 360"}}, {"source": {"from": 553, "to": 562, "type": "BRAND_NAME", "text": "Millenium"}, "target": {"from": 540, "to": 550, "type": "PRODUCT_NAME", "text": "kontem 360"}}]}, "122284": {"id": 122284, "text": "Mbank naliczy\u0142 prowizj\u0119 5z\u0142 za wyp\u0142at\u0119 z bankomatu.W pi\u0105tek 19.06.2015 mbank nies\u0142usznie naliczy\u0142 mi op\u0142at\u0119 5z\u0142 za wyp\u0142at\u0119 z Euronetu. Na infolinii dowiedzia\u0142em si\u0119, \u017ce moja reklamacja zosta\u0142a przyj\u0119ta - brawo. Przy okazji dowiedzia\u0142em si\u0119, \u017ce nie jestem jedynym przypadkiem a pieni\u0105dze b\u0119d\u0105 zwracane tylko wtedy gdy klient zg\u0142osi reklamacj\u0119. O zgrozo. Bank sobie nalicza op\u0142aty, a jak si\u0119 nie zorientujesz to twoja strata. Gratulacje.", "ner": [{"source": {"from": 125, "to": 133, "type": "BRAND_NAME", "text": "Euronetu"}, "target": {"from": 125, "to": 133, "type": "PRODUCT_NAME_IMP", "text": "Euronetu"}}]}}