<benchmark>
  <entries>
    <entry category="Politician" eid="Id1" size="3">
      <originaltripleset>
        <otriple>Aaron_S._Daggett | award | Purple_Heart</otriple>
        <otriple>Aaron_S._Daggett | birthPlace | Maine</otriple>
        <otriple>Aaron_S._Daggett | battles | Battle_of_Fredericksburg</otriple>
      </originaltripleset>
      <modifiedtripleset>
        <mtriple>Aaron_S._Daggett | award | Purple_Heart</mtriple>
        <mtriple>Aaron_S._Daggett | birthPlace | Maine</mtriple>
        <mtriple>Aaron_S._Daggett | battles | Battle_of_Fredericksburg</mtriple>
      </modifiedtripleset>
      <lex comment="good" lid="Id1">Purple Heart recipient Aaron S. Daggat was born in Maine and, most notably, fought in the Battle of Fredericksburg.</lex>
      <lex comment="good" lid="Id2">Born in Maine, Purple Heart recipient, Aaron S Daggett has fought in battles, the most notable being the Battle of Fredericksburg.</lex>
      <lex comment="good" lid="Id3">Aaron S Daggett, born in Maine, fought in the Battle of Fredericksburg. He was given the Purple Heart.</lex>
    </entry>
    </entries>
</benchmark>