<benchmark>
  <entries>
    <entry category="SportsTeam" eid="Id1" size="3">
      <originaltripleset>
        <otriple>1._FC_Köln | manager | Peter_Stöger</otriple>
        <otriple>1._FC_Köln | season | 2014</otriple>
        <otriple>1._FC_Köln | capacity | "50000"^^xsd:nonNegativeInteger</otriple>
      </originaltripleset>
      <originaltripleset>
        <otriple>1._FC_Köln | manager | Peter_Stöger</otriple>
        <otriple>1._FC_Köln | season | 2014</otriple>
        <otriple>1._FC_Köln | capacity | 50000</otriple>
      </originaltripleset>
      <modifiedtripleset>
        <mtriple>1._FC_Köln | manager | Peter_Stöger</mtriple>
        <mtriple>1._FC_Köln | season | 2014</mtriple>
        <mtriple>1._FC_Köln | numberOfMembers | 50000</mtriple>
      </modifiedtripleset>
      <lex comment="good" lid="Id1">Peter Stöger is manager of 1. FC Köln which has 50000 members and participated in the 2014 season.</lex>
      <lex comment="good" lid="Id2">The manager of 1. FC Koln is Peter Stoger. The team has 50000 members and played in the 2014 season.</lex>
      <lex comment="good" lid="Id3">1. FC Koln, whose manage is peter Stoger, participated in 2014 and now have 50000 members.</lex>
    </entry>
    </entries>
</benchmark>