<benchmark>
  <entries>
    <entry category="Politician" eid="Id1" shape="(X (X) (X) (X))" shape_type="sibling" size="3">
      <originaltripleset>
        <otriple>Aaron_S._Daggett | battles | American_Civil_War</otriple>
        <otriple>Aaron_S._Daggett | award | Purple_Heart</otriple>
        <otriple>Aaron_S._Daggett | birthPlace | Greene,_Maine</otriple>
      </originaltripleset>
      <modifiedtripleset>
        <mtriple>Aaron_S._Daggett | battles | American_Civil_War</mtriple>
        <mtriple>Aaron_S._Daggett | award | Purple_Heart</mtriple>
        <mtriple>Aaron_S._Daggett | birthPlace | Greene,_Maine</mtriple>
      </modifiedtripleset>
      <lex comment="good" lid="Id1">Aaron S. Daggett, born in Greene, Maine, fought in the American Civil War and was awarded the Purple Heart.</lex>
      <lex comment="good" lid="Id2">Born in Greene, Maine, Aaron S Daggett fought in battles during the American Civil War and was awarded the Purple Heart.</lex>
    </entry>
    </entries>
</benchmark>