<benchmark>
  <entries>
    <entry category="Artist" eid="Id1" shape="(X (X) (X (X)))" shape_type="mixed" size="3">
      <originaltripleset>
        <otriple>Aaron_Bertram | associatedActs | Kids_Imagine_Nation</otriple>
        <otriple>Aaron_Bertram | genre | Ska_punk</otriple>
        <otriple>Ska_punk | stylisticOrigin | Punk_rock</otriple>
      </originaltripleset>
      <originaltripleset>
        <otriple>Aaron_Bertram | associatedMusicalArtist | Kids_Imagine_Nation</otriple>
        <otriple>Aaron_Bertram | genre | Ska_punk</otriple>
        <otriple>Ska_punk | stylisticOrigin | Punk_rock</otriple>
      </originaltripleset>
      <modifiedtripleset>
        <mtriple>Aaron_Bertram | associatedBand/associatedMusicalArtist | Kids_Imagine_Nation</mtriple>
        <mtriple>Aaron_Bertram | genre | Ska_punk</mtriple>
        <mtriple>Ska_punk | stylisticOrigin | Punk_rock</mtriple>
      </modifiedtripleset>
      <lex comment="good" lid="Id1">Aaron Bertram, whose genre is Ska punk, plays for the Kids Imagine Nation band. Ska punk music origins are punk rock.</lex>
      <lex comment="good" lid="Id2">Aaron Bertram plays ska punk music for the Kids Imagine Nation Band. Ska Punk's origin is Punk rock.</lex>
      <lex comment="good" lid="Id3">Aaron Bertram, who plays Ska Punk, which emerged from Punk Rock, plays for the Kids Imagine Nation band.</lex>
    </entry>
    </entries>
</benchmark>