<benchmark>
  <entries>
    <entry category="CelestialBody" eid="Id1" shape="(X (X))" shape_type="NA" size="1">
      <originaltripleset>
        <otriple>(15788)_1993_SB | Planet/apoapsis | "7.7151E9"^^&lt;http://dbpedia.org/datatype/kilometre&gt;</otriple>
      </originaltripleset>
      <modifiedtripleset>
        <mtriple>(15788)_1993_SB | apoapsis | 7715100000.0 (kilometres)</mtriple>
      </modifiedtripleset>
      <lex comment="good" lid="Id1">The apoapsis for (15788) 1993 SB is 7715100000.0 (kilometres).</lex>
      <lex comment="good" lid="Id2">15788 1993 SB has an apoapsis of 7715100000 kilometres.</lex>
    </entry>
    </entries>
</benchmark>