<benchmark>
  <entries>
    <entry category="Building" eid="Id1" shape="(X (X))" shape_type="NA" size="1">
      <originaltripleset>
        <otriple>103_Colmore_Row | architecturalStyle | Brutalist_architecture</otriple>
      </originaltripleset>
      <modifiedtripleset>
        <mtriple>103_Colmore_Row | architecturalStyle | Brutalist_architecture</mtriple>
      </modifiedtripleset>
      <lex comment="good" lid="Id1">The architecture style of 103 Colmore Row falls under Brutalist architecture.</lex>
      <lex comment="good" lid="Id2">103 Colmore Row is in the architectural style " Brutalist architecture".</lex>
    </entry>
    </entries>
</benchmark>