{
    "21645374": {
        "QUESTION": "Do mitochondria play a role in remodelling lace plant leaves during programmed cell death?",
        "CONTEXTS": [
            "Programmed cell death (PCD) is the regulated death of cells within an organism. The lace plant (Aponogeton madagascariensis) produces perforations in its leaves through PCD. The leaves of the plant consist of a latticework of longitudinal and transverse veins enclosing areoles. PCD occurs in the cells at the center of these areoles and progresses outwards, stopping approximately five cells from the vasculature. The role of mitochondria during PCD has been recognized in animals; however, it has been less studied during PCD in plants.",
            "The following paper elucidates the role of mitochondrial dynamics during developmentally regulated PCD in vivo in A. madagascariensis. A single areole within a window stage leaf (PCD is occurring) was divided into three areas based on the progression of PCD; cells that will not undergo PCD (NPCD), cells in early stages of PCD (EPCD), and cells in late stages of PCD (LPCD). Window stage leaves were stained with the mitochondrial dye MitoTracker Red CMXRos and examined. Mitochondrial dynamics were delineated into four categories (M1-M4) based on characteristics including distribution, motility, and membrane potential (\u0394\u03a8m). A TUNEL assay showed fragmented nDNA in a gradient over these mitochondrial stages. Chloroplasts and transvacuolar strands were also examined using live cell imaging. The possible importance of mitochondrial permeability transition pore (PTP) formation during PCD was indirectly examined via in vivo cyclosporine A (CsA) treatment. This treatment resulted in lace plant leaves with a significantly lower number of perforations compared to controls, and that displayed mitochondrial dynamics similar to that of non-PCD cells."
        ],
        "LABELS": [
            "BACKGROUND",
            "RESULTS"
        ],
        "MESHES": [
            "Alismataceae",
            "Apoptosis",
            "Cell Differentiation",
            "Mitochondria",
            "Plant Leaves"
        ],
        "YEAR": "2011",
        "reasoning_required_pred": "yes",
        "reasoning_free_pred": "yes",
        "final_decision": "yes",
        "LONG_ANSWER": "Results depicted mitochondrial dynamics in vivo as PCD progresses within the lace plant, and highlight the correlation of this organelle with other organelles during developmental PCD. To the best of our knowledge, this is the first report of mitochondria and chloroplasts moving on transvacuolar strands to form a ring structure surrounding the nucleus during developmental PCD. Also, for the first time, we have shown the feasibility for the use of CsA in a whole plant system. Overall, our findings implicate the mitochondria as playing a critical and early role in developmentally regulated PCD in the lace plant."
    },
    "16418930": {
        "QUESTION": "Landolt C and snellen e acuity: differences in strabismus amblyopia?",
        "CONTEXTS": [
            "Assessment of visual acuity depends on the optotypes used for measurement. The ability to recognize different optotypes differs even if their critical details appear under the same visual angle. Since optotypes are evaluated on individuals with good visual acuity and without eye disorders, differences in the lower visual acuity range cannot be excluded. In this study, visual acuity measured with the Snellen E was compared to the Landolt C acuity.",
            "100 patients (age 8 - 90 years, median 60.5 years) with various eye disorders, among them 39 with amblyopia due to strabismus, and 13 healthy volunteers were tested. Charts with the Snellen E and the Landolt C (Precision Vision) which mimic the ETDRS charts were used to assess visual acuity. Three out of 5 optotypes per line had to be correctly identified, while wrong answers were monitored. In the group of patients, the eyes with the lower visual acuity, and the right eyes of the healthy subjects, were evaluated.",
            "Differences between Landolt C acuity (LR) and Snellen E acuity (SE) were small. The mean decimal values for LR and SE were 0.25 and 0.29 in the entire group and 0.14 and 0.16 for the eyes with strabismus amblyopia. The mean difference between LR and SE was 0.55 lines in the entire group and 0.55 lines for the eyes with strabismus amblyopia, with higher values of SE in both groups. The results of the other groups were similar with only small differences between LR and SE."
        ],
        "LABELS": [
            "BACKGROUND",
            "PATIENTS AND METHODS",
            "RESULTS"
        ],
        "MESHES": [
            "Adolescent",
            "Adult",
            "Aged",
            "Aged, 80 and over",
            "Amblyopia",
            "Cataract",
            "Child",
            "Eye Diseases",
            "Female",
            "Humans",
            "Male",
            "Middle Aged",
            "Reference Values",
            "Refractive Errors",
            "Reproducibility of Results",
            "Retinal Diseases",
            "Strabismus",
            "Vision Tests",
            "Visual Acuity"
        ],
        "YEAR": "2006",
        "reasoning_required_pred": "no",
        "reasoning_free_pred": "no",
        "final_decision": "no",
        "LONG_ANSWER": "Using the charts described, there was only a slight overestimation of visual acuity by the Snellen E compared to the Landolt C, even in strabismus amblyopia. Small differences in the lower visual acuity range have to be considered."
    },
    "9488747": {
        "QUESTION": "Syncope during bathing in infants, a pediatric form of water-induced urticaria?",
        "CONTEXTS": [
            "Apparent life-threatening events in infants are a difficult and frequent problem in pediatric practice. The prognosis is uncertain because of risk of sudden infant death syndrome.",
            "Eight infants aged 2 to 15 months were admitted during a period of 6 years; they suffered from similar maladies in the bath: on immersion, they became pale, hypotonic, still and unreactive; recovery took a few seconds after withdrawal from the bath and stimulation. Two diagnoses were initially considered: seizure or gastroesophageal reflux but this was doubtful. The hypothesis of an equivalent of aquagenic urticaria was then considered; as for patients with this disease, each infant's family contained members suffering from dermographism, maladies or eruption after exposure to water or sun. All six infants had dermographism. We found an increase in blood histamine levels after a trial bath in the two infants tested. The evolution of these \"aquagenic maladies\" was favourable after a few weeks without baths. After a 2-7 year follow-up, three out of seven infants continue to suffer from troubles associated with sun or water."
        ],
        "LABELS": [
            "BACKGROUND",
            "CASE REPORTS"
        ],
        "MESHES": [
            "Baths",
            "Histamine",
            "Humans",
            "Infant",
            "Syncope",
            "Urticaria",
            "Water"
        ],
        "YEAR": "1997",
        "reasoning_required_pred": "yes",
        "reasoning_free_pred": "yes",
        "final_decision": "yes",
        "LONG_ANSWER": "\"Aquagenic maladies\" could be a pediatric form of the aquagenic urticaria."
    }
}