[{"date": "00/11/2016", "gem_id": "mlsum_de-train-158874", "references": [], "target": "In Indien wird fast alles mit Bargeld bezahlt. \u00dcber Nacht hat die Regierung jetzt die beiden gr\u00f6\u00dften Geldscheine aus dem Verkehr gezogen. Ob das gegen Korruption und Falschgeld hilft?", "text": "Indien hat zwar die gr\u00f6\u00dften Geldscheine zun\u00e4chst abgeschafft, die Wirtschaft wird aber weiterhin auf Bargeld basieren. Der Backpacker hat's ja sowieso schwer: Alles, was er f\u00fcr seinen mehrw\u00f6chigen oder gar -monatigen Trip braucht, muss in den einen Rucksack rein. Das aber ist nun f\u00fcr Indien-Reisende noch etwas schwerer geworden: \u00dcber Nacht hat die Regierung die beiden gr\u00f6\u00dften Geldnoten des Landes, den 500- und den 1000-Rupien-Schein, aus dem Verkehr gezogen. Und das in einem Land, in dem fast alles bar bezahlt wird, weshalb Einheimische wie Touristen ohnehin schon mit vielen, vielen Scheinen hantieren. Die Reform trifft das Land praktisch unvorbereitet - und genau das war wohl das Ziel. \"Um uns aus dem Griff von Korruption und Schwarzgeld zu befreien, haben wir entschieden, dass die aktuellen 500- und 1000-Rupien-Noten nicht mehr g\u00fcltig sind\", sagte Premier Narendra Modi am Dienstagabend in einer Ansprache - und zwar um Mitternacht. Bis zu einem Viertel der j\u00e4hrlichen Wirtschaftsleistung Indiens k\u00f6nnte am Fiskus vorbei laufen, vermuten Beobachter. Offizielle Sch\u00e4tzungen gehen davon aus, dass nicht einmal drei Prozent aller Inder \u00fcberhaupt Einkommensteuer zahlen. Das will Modi beenden. Der gr\u00f6\u00dfte Geldschein war damit vor\u00fcbergehend die 100-Rupien-Note, die ist nach aktuellem Kurs umgerechnet etwa 1,36 Euro wert. Auch in Indien ist das nicht viel. Zwar werden die alten Noten ab Donnerstag durch neue im Wert von 500 und 2000 Rupien ersetzt, die f\u00e4lschungssicherer sein sollen. Doch auch diese neuen Banknoten sollen knapp bleiben: Nur 4000 Rupien, umgerechnet gut 54 Euro, d\u00fcrfen direkt getauscht werden, der Rest muss auf ein indisches Konto eingezahlt werden. Ausw\u00e4rtiges Amt warnt vor Bargeld-Knappheit Der Weltbank zufolge haben aber bisher nur die H\u00e4lfte aller Inder ein Konto. Abhebungen an Geldautomaten bleiben bis zum 18. November auf 2000 Rupien pro Tag begrenzt, anschlie\u00dfend soll das Limit auf 4000 Rupien steigen. \u00dcber alle Kan\u00e4le hinweg gilt zudem, dass pro Woche zun\u00e4chst maximal 20 000 Rupien in bar abgehoben werden k\u00f6nnen. \"Indien bleibt eine auf Bargeld basierende Wirtschaft\", beginnt die indische Notenbank RBI ihre Erkl\u00e4rung zu der Aktion. Elektronisches Bezahlen, per Kreditkarte oder gar Handy, ist auf dem Subkontinent in vielen Orten unm\u00f6glich. Vom Rikschafahrer \u00fcber den Hotelportier bis zum Immobilienmakler, die meisten akzeptieren nur Bares. \"F\u00fcr die kommenden Tage ist in ganz Indien mit erheblichen Engp\u00e4ssen bei der Bargeldversorgung zu rechnen\", erkl\u00e4rte deshalb das Ausw\u00e4rtige Amt. F\u00fcr Backpacker bedeutet das vor allem eines: Sie m\u00fcssen auf ihrer Reise noch gr\u00f6\u00dfere Geldb\u00fcndel mit sich herumschleppen.", "title": "Indien: Geldscheine pl\u00f6tzlich ung\u00fcltig", "topic": "wirtschaft", "url": "https://www.sueddeutsche.de/wirtschaft/bargeld-geldscheine-in-indien-ploetzlich-ungueltig-1.3241348"}, {"date": "00/10/2018", "gem_id": "mlsum_de-train-215326", "references": [], "target": "Der einst gro\u00dfe Trainer hat es geschafft, dass man ihn nur noch als Zyniker wahrnimmt. Bei ManUnited sendet er fatale Signale.", "text": "Um den Angriff abzuwehren, musste sich Jos\u00e9 Mourinho nicht mal anstrengen. Der Gro\u00dfmeister der Selbstverteidigung hielt den Fans von Juventus Turin f\u00fcr ihre Verunglimpfungen in der Nachspielzeit die drei mittleren Finger seiner rechten Hand entgegen. Als die Widersacher ihre Parolen wiederholten, streckte Mourinho ihnen erneut die Finger entgegen. F\u00fcr den Portugiesen war der Gegenangriff ein Kinderspiel. Mit seinem Lieblingskniff, auf eigene Erfolge zu verweisen, hatte Mourinho bereits seinen Kritikern auf der Insel die Leviten gelesen. Am Wochenende fertigte er mit dieser Geste die Verbalinjurien der Fans des FC Chelsea ab. Nun konterte er die Juvenisti mit Zeige-, Mittel,- und Ringfinger aus, indem er daran erinnerte, mit Inter Mailand als einzigem Team in Italien 2010 die \"Triplete\" (Liga, Pokal, Champions League) gewonnen zu haben. \"Das ist eine nat\u00fcrliche Reaktion. Offenkundig lieben sie mich nicht. Das war damals der h\u00e4rteste Moment f\u00fcr sie\", sagte Mourinho. Mal wieder hatte ihm die eigene Abwehrkunst zum Sieg verholfen - auf dem Feld aber auch zu einer Niederlage. Der vermutlich ber\u00fchmteste Defensivprediger des Fu\u00dfballs, der nicht aus dem Land des Catenaccio stammt, ist Coach von Manchester United. Doch der englische Rekordmeister ist es aufgrund seiner Vereinshistorie nicht gewohnt zu verteidigen - und hat gerade eine Mannschaft, die gar nicht gut verteidigen kann. Aus diesem Grund befasste sich Mourinho, 55, nach dem 0:1 gegen Juventus Turin durch ein Tor von Paulo Dybala (17.) bei seiner Analyse nicht lange mit seinen eigenen Spielern. Nachdem er seiner Abwehr ein \"sehr positives Spiel\" attestiert hatte, nahm er die Rolle seines italienischen Kollegen Massimiliano Allegri ein. Mourinhos Urteil \u00fcber Juventus: \"Dieses Team hat riesige Qualit\u00e4t. Cristiano Ronaldo, Paulo Dybala, Miralem Pjanic. Sie k\u00f6nnen nicht genug kriegen, sie wollen immer mehr. Der wunderbare Leonardo Bonucci, der wunderbare Giorgio Chiellini. Die beiden k\u00f6nnten zur Harvard-Universit\u00e4t gehen und Unterricht geben, wie Innenverteidiger zu spielen haben.\" Mit diesem Vergleich lie\u00df Mourinho seine eigene Hintermannschaft ein weiteres Mal schlecht aussehen - als w\u00e4re das w\u00e4hrend der Partie nicht schon oft genug vorgekommen. Nur vom Ergebnis her konnten die einst gef\u00fcrchteten \"Red Devils\" halbwegs mithalten. Aus Sorge, durch die gegnerischen St\u00fcrmer vollst\u00e4ndig entbl\u00f6\u00dft zu werden, verlangte Mourinho von United sogar in der Schlussphase noch die Einhaltung der stupiden Defensivstrategie.", "title": "Champions League - Mourinho mit United in der Krise", "topic": "sport", "url": "https://www.sueddeutsche.de/sport/mourinho-manchester-united-1.4184078"}]