path	sentence	client_id
common_voice_lv_19396785.mp3	Nenoturējās biznesā diez ko ilgi, bet tas ir ļoti neparedzams bizness.	861eba97cfcab54709d73b55bf539dd28bd3489304153452e1b6d32e515c6df5df8ea4a4561a9cb1441f1604077e876c7fb050e346b77e75fc96be59ce3eed1e
common_voice_lv_19396798.mp3	Interesanta doma.	861eba97cfcab54709d73b55bf539dd28bd3489304153452e1b6d32e515c6df5df8ea4a4561a9cb1441f1604077e876c7fb050e346b77e75fc96be59ce3eed1e
common_voice_lv_19388134.mp3	Paceliet rokas augšā!	2a7d8928cc7db31e3b0409a4ce47ce50eac7ff83047c90691477dad62ed36e981175812eb15f3ae0479f3d25a6c070761931f1594cd2308a2233eedb00202462
common_voice_lv_19388135.mp3	Vēl elpo.	2a7d8928cc7db31e3b0409a4ce47ce50eac7ff83047c90691477dad62ed36e981175812eb15f3ae0479f3d25a6c070761931f1594cd2308a2233eedb00202462
common_voice_lv_19409371.mp3	Piedod, piedod. Vai sāp?	348d0215801a7c05ee07d009118f5d21e3b4a8a7d753c86ac8040178d1a9d4e60ec5430d1593d5a3adc68753b99b440ef014bd332e42edc76779af08a3a23272
common_voice_lv_19869505.mp3	Tu zini, tev būs jānāk pakaļ.	b2a11379f1e979c6d5a9462b6630ca4d50e59cf3890811c4c935774c94246bf353490a457472bd35b6a8260b97a932cc70c0fbd89d34863f65ad9261f20430fe
