{
    "doc_data": {
        "dmv": {
            "Top 5 DMV Mistakes and How to Avoid Them#3_0": {
                "title": "Top 5 DMV Mistakes and How to Avoid Them#3",
                "doc_id": "Top 5 DMV Mistakes and How to Avoid Them#3_0",
                "domain": "dmv",
                "doc_text": "Many DMV customers make easily avoidable mistakes that cause them significant problems, including encounters with law enforcement and impounded vehicles. Because we see customers make these mistakes over and over again , we are issuing this list of the top five DMV mistakes and how to avoid them. \n\n1. Forgetting to Update Address \nBy statute , you must report a change of address to DMV within ten days of moving. That is the case for the address associated with your license, as well as all the addresses associated with each registered vehicle, which may differ. It is not sufficient to only: write your new address on the back of your old license; tell the United States Postal Service; or inform the police officer writing you a ticket. If you fail to keep your address current , you will miss a suspension order and may be charged with operating an unregistered vehicle and/or aggravated unlicensed operation, both misdemeanors. This really happens , but the good news is this is a problem that is easily avoidable. Learn more about how to change the address on your license and registrations [1 ] \n\n2. Leaving the State Without Notifying DMV \nStates communicate with each other , so when you move to another state, be sure to tie up any loose ends regarding your New York State license or registration. That means resolving any unanswered tickets, suspensions or revocations, and surrendering your license plates to NYS when you get to your new home state. A license suspension or revocation here could mean that your new home state will not issue you a license there. Remember , it is important to notify DMV of your new address so that any possible mail correspondence can reach you. Also , turning in your plates is important to avoid an insurance lapse. \n\n3. Letting Insurance Lapse \nBecause we all pay indirectly for crashes involving uninsured motorists , New York State requires every motorist to maintain auto insurance every single day a vehicle is registered. DMV works with insurance companies to electronically monitor your insurance coverage , and we know when coverage is dropped for any reason. When that happens , we mail you an insurance inquiry letter to allow you to clear up the problem. We send 500,000 inquiry letters a year. If the inquiry letter does not resolve the problem , we must suspend the vehicle registration and , if it persists, your driver license!We suspend 300,000 registrations a year for failure to maintain insurance. If you fail to maintain an updated address with us , you won t learn that you have an insurance problem , and we will suspend your registration and license. Make sure you turn in your vehicle s license plates at DMV before you cancel your insurance policy. Insurance policies must be from a company licensed in New York State. Learn more about Insurances Lapes [2] and How to Surrender your Plates [3 ] \n\n4. Understanding how Much Traffic Points Cost \nDMV maintains a point system to track dangerous drivers. Often , motorists convicted of a traffic ticket feel they have resolved all their motoring issues with the local court, but later learn that the Driver Responsibility Assessment DRA is a separate DMV charge based on the total points they accumulate. The $300 DRA fee can be paid in $100 annual installments over three years. Motorists who fail to maintain an updated address with DMV may resolve their tickets with the court, but never receive their DRA assessment because we do not have their new address on record. Failure to pay the DRA will result in a suspended license. Learn more about About the NYS Driver Point System [4] and how to Pay Driver Responsibility Assessment [5 ] \n\n5. Not Bringing Proper Documentation to DMV Office \nAbout ten percent of customers visiting a DMV office do not bring what they need to complete their transaction, and have to come back a second time to finish their business. This can be as simple as not bringing sufficient funds to pay for a license renewal or not having the proof of auto insurance required to register a car. Better yet , don t visit a DMV office at all, and see if your transaction can be performed online, like an address change, registration renewal, license renewal, replacing a lost title, paying a DRA or scheduling a road test. Our award - winning website is recognized as one of the best in the nation. It has all the answers you need to efficiently perform any DMV transaction. Consider signing up for our MyDMV service, which offers even more benefits. Sign up or log into MyDMV [6 ] ",
                "spans": {
                    "1": {
                        "id_sp": "1",
                        "tag": "u",
                        "start_sp": 0,
                        "end_sp": 154,
                        "text_sp": "Many DMV customers make easily avoidable mistakes that cause them significant problems, including encounters with law enforcement and impounded vehicles. ",
                        "title": "",
                        "parent_titles": [],
                        "id_sec": "1",
                        "start_sec": 0,
                        "text_sec": "Many DMV customers make easily avoidable mistakes that cause them significant problems, including encounters with law enforcement and impounded vehicles. Because we see customers make these mistakes over and over again , we are issuing this list of the top five DMV mistakes and how to avoid them. ",
                        "end_sec": 298
                    },
                    "2": {
                        "id_sp": "2",
                        "tag": "u",
                        "start_sp": 154,
                        "end_sp": 221,
                        "text_sp": "Because we see customers make these mistakes over and over again , ",
                        "title": "",
                        "parent_titles": [],
                        "id_sec": "1",
                        "start_sec": 0,
                        "text_sec": "Many DMV customers make easily avoidable mistakes that cause them significant problems, including encounters with law enforcement and impounded vehicles. Because we see customers make these mistakes over and over again , we are issuing this list of the top five DMV mistakes and how to avoid them. ",
                        "end_sec": 298
                    },
                    "3": {
                        "id_sp": "3",
                        "tag": "u",
                        "start_sp": 221,
                        "end_sp": 298,
                        "text_sp": "we are issuing this list of the top five DMV mistakes and how to avoid them. ",
                        "title": "",
                        "parent_titles": [],
                        "id_sec": "1",
                        "start_sec": 0,
                        "text_sec": "Many DMV customers make easily avoidable mistakes that cause them significant problems, including encounters with law enforcement and impounded vehicles. Because we see customers make these mistakes over and over again , we are issuing this list of the top five DMV mistakes and how to avoid them. ",
                        "end_sec": 298
                    },
                    "4": {
                        "id_sp": "4",
                        "tag": "h3",
                        "start_sp": 298,
                        "end_sp": 333,
                        "text_sp": "\n\n1. Forgetting to Update Address \n",
                        "title": "1. Forgetting to Update Address",
                        "parent_titles": [],
                        "id_sec": "t_2",
                        "start_sec": 298,
                        "end_sec": 333,
                        "text_sec": "\n\n1. Forgetting to Update Address \n"
                    },
                    "5": {
                        "id_sp": "5",
                        "tag": "u",
                        "start_sp": 333,
                        "end_sp": 346,
                        "text_sp": "By statute , ",
                        "title": "1. Forgetting to Update Address",
                        "parent_titles": [],
                        "id_sec": "2",
                        "start_sec": 333,
                        "text_sec": "By statute , you must report a change of address to DMV within ten days of moving. That is the case for the address associated with your license, as well as all the addresses associated with each registered vehicle, which may differ. ",
                        "end_sec": 567
                    },
                    "6": {
                        "id_sp": "6",
                        "tag": "u",
                        "start_sp": 346,
                        "end_sp": 416,
                        "text_sp": "you must report a change of address to DMV within ten days of moving. ",
                        "title": "1. Forgetting to Update Address",
                        "parent_titles": [],
                        "id_sec": "2",
                        "start_sec": 333,
                        "text_sec": "By statute , you must report a change of address to DMV within ten days of moving. That is the case for the address associated with your license, as well as all the addresses associated with each registered vehicle, which may differ. ",
                        "end_sec": 567
                    },
                    "7": {
                        "id_sp": "7",
                        "tag": "u",
                        "start_sp": 416,
                        "end_sp": 567,
                        "text_sp": "That is the case for the address associated with your license, as well as all the addresses associated with each registered vehicle, which may differ. ",
                        "title": "1. Forgetting to Update Address",
                        "parent_titles": [],
                        "id_sec": "2",
                        "start_sec": 333,
                        "text_sec": "By statute , you must report a change of address to DMV within ten days of moving. That is the case for the address associated with your license, as well as all the addresses associated with each registered vehicle, which may differ. ",
                        "end_sec": 567
                    },
                    "8": {
                        "id_sp": "8",
                        "tag": "u",
                        "start_sp": 567,
                        "end_sp": 743,
                        "text_sp": "It is not sufficient to only: write your new address on the back of your old license; tell the United States Postal Service; or inform the police officer writing you a ticket. ",
                        "title": "1. Forgetting to Update Address",
                        "parent_titles": [],
                        "id_sec": "3",
                        "start_sec": 567,
                        "text_sec": "It is not sufficient to only: write your new address on the back of your old license; tell the United States Postal Service; or inform the police officer writing you a ticket. If you fail to keep your address current , you will miss a suspension order and may be charged with operating an unregistered vehicle and/or aggravated unlicensed operation, both misdemeanors. This really happens , but the good news is this is a problem that is easily avoidable. ",
                        "end_sec": 1023
                    },
                    "9": {
                        "id_sp": "9",
                        "tag": "u",
                        "start_sp": 743,
                        "end_sp": 786,
                        "text_sp": "If you fail to keep your address current , ",
                        "title": "1. Forgetting to Update Address",
                        "parent_titles": [],
                        "id_sec": "3",
                        "start_sec": 567,
                        "text_sec": "It is not sufficient to only: write your new address on the back of your old license; tell the United States Postal Service; or inform the police officer writing you a ticket. If you fail to keep your address current , you will miss a suspension order and may be charged with operating an unregistered vehicle and/or aggravated unlicensed operation, both misdemeanors. This really happens , but the good news is this is a problem that is easily avoidable. ",
                        "end_sec": 1023
                    },
                    "10": {
                        "id_sp": "10",
                        "tag": "u",
                        "start_sp": 786,
                        "end_sp": 936,
                        "text_sp": "you will miss a suspension order and may be charged with operating an unregistered vehicle and/or aggravated unlicensed operation, both misdemeanors. ",
                        "title": "1. Forgetting to Update Address",
                        "parent_titles": [],
                        "id_sec": "3",
                        "start_sec": 567,
                        "text_sec": "It is not sufficient to only: write your new address on the back of your old license; tell the United States Postal Service; or inform the police officer writing you a ticket. If you fail to keep your address current , you will miss a suspension order and may be charged with operating an unregistered vehicle and/or aggravated unlicensed operation, both misdemeanors. This really happens , but the good news is this is a problem that is easily avoidable. ",
                        "end_sec": 1023
                    },
                    "11": {
                        "id_sp": "11",
                        "tag": "u",
                        "start_sp": 936,
                        "end_sp": 958,
                        "text_sp": "This really happens , ",
                        "title": "1. Forgetting to Update Address",
                        "parent_titles": [],
                        "id_sec": "3",
                        "start_sec": 567,
                        "text_sec": "It is not sufficient to only: write your new address on the back of your old license; tell the United States Postal Service; or inform the police officer writing you a ticket. If you fail to keep your address current , you will miss a suspension order and may be charged with operating an unregistered vehicle and/or aggravated unlicensed operation, both misdemeanors. This really happens , but the good news is this is a problem that is easily avoidable. ",
                        "end_sec": 1023
                    },
                    "12": {
                        "id_sp": "12",
                        "tag": "u",
                        "start_sp": 958,
                        "end_sp": 1023,
                        "text_sp": "but the good news is this is a problem that is easily avoidable. ",
                        "title": "1. Forgetting to Update Address",
                        "parent_titles": [],
                        "id_sec": "3",
                        "start_sec": 567,
                        "text_sec": "It is not sufficient to only: write your new address on the back of your old license; tell the United States Postal Service; or inform the police officer writing you a ticket. If you fail to keep your address current , you will miss a suspension order and may be charged with operating an unregistered vehicle and/or aggravated unlicensed operation, both misdemeanors. This really happens , but the good news is this is a problem that is easily avoidable. ",
                        "end_sec": 1023
                    },
                    "13": {
                        "id_sp": "13",
                        "tag": "u",
                        "start_sp": 1023,
                        "end_sp": 1105,
                        "text_sp": "Learn more about how to change the address on your license and registrations [1 ] ",
                        "title": "1. Forgetting to Update Address",
                        "parent_titles": [],
                        "id_sec": "4",
                        "start_sec": 1023,
                        "text_sec": "Learn more about how to change the address on your license and registrations [1 ] ",
                        "end_sec": 1105
                    },
                    "14": {
                        "id_sp": "14",
                        "tag": "h3",
                        "start_sp": 1105,
                        "end_sp": 1151,
                        "text_sp": "\n\n2. Leaving the State Without Notifying DMV \n",
                        "title": "2. Leaving the State Without Notifying DMV",
                        "parent_titles": [],
                        "id_sec": "t_4",
                        "start_sec": 1105,
                        "end_sec": 1151,
                        "text_sec": "\n\n2. Leaving the State Without Notifying DMV \n"
                    },
                    "15": {
                        "id_sp": "15",
                        "tag": "u",
                        "start_sp": 1151,
                        "end_sp": 1188,
                        "text_sp": "States communicate with each other , ",
                        "title": "2. Leaving the State Without Notifying DMV",
                        "parent_titles": [],
                        "id_sec": "5",
                        "start_sec": 1151,
                        "text_sec": "States communicate with each other , so when you move to another state, be sure to tie up any loose ends regarding your New York State license or registration. That means resolving any unanswered tickets, suspensions or revocations, and surrendering your license plates to NYS when you get to your new home state. ",
                        "end_sec": 1465
                    },
                    "16": {
                        "id_sp": "16",
                        "tag": "u",
                        "start_sp": 1188,
                        "end_sp": 1311,
                        "text_sp": "so when you move to another state, be sure to tie up any loose ends regarding your New York State license or registration. ",
                        "title": "2. Leaving the State Without Notifying DMV",
                        "parent_titles": [],
                        "id_sec": "5",
                        "start_sec": 1151,
                        "text_sec": "States communicate with each other , so when you move to another state, be sure to tie up any loose ends regarding your New York State license or registration. That means resolving any unanswered tickets, suspensions or revocations, and surrendering your license plates to NYS when you get to your new home state. ",
                        "end_sec": 1465
                    },
                    "17": {
                        "id_sp": "17",
                        "tag": "u",
                        "start_sp": 1311,
                        "end_sp": 1465,
                        "text_sp": "That means resolving any unanswered tickets, suspensions or revocations, and surrendering your license plates to NYS when you get to your new home state. ",
                        "title": "2. Leaving the State Without Notifying DMV",
                        "parent_titles": [],
                        "id_sec": "5",
                        "start_sec": 1151,
                        "text_sec": "States communicate with each other , so when you move to another state, be sure to tie up any loose ends regarding your New York State license or registration. That means resolving any unanswered tickets, suspensions or revocations, and surrendering your license plates to NYS when you get to your new home state. ",
                        "end_sec": 1465
                    },
                    "18": {
                        "id_sp": "18",
                        "tag": "u",
                        "start_sp": 1465,
                        "end_sp": 1577,
                        "text_sp": "A license suspension or revocation here could mean that your new home state will not issue you a license there. ",
                        "title": "2. Leaving the State Without Notifying DMV",
                        "parent_titles": [],
                        "id_sec": "6",
                        "start_sec": 1465,
                        "text_sec": "A license suspension or revocation here could mean that your new home state will not issue you a license there. Remember , it is important to notify DMV of your new address so that any possible mail correspondence can reach you. Also , turning in your plates is important to avoid an insurance lapse. ",
                        "end_sec": 1766
                    },
                    "19": {
                        "id_sp": "19",
                        "tag": "u",
                        "start_sp": 1577,
                        "end_sp": 1588,
                        "text_sp": "Remember , ",
                        "title": "2. Leaving the State Without Notifying DMV",
                        "parent_titles": [],
                        "id_sec": "6",
                        "start_sec": 1465,
                        "text_sec": "A license suspension or revocation here could mean that your new home state will not issue you a license there. Remember , it is important to notify DMV of your new address so that any possible mail correspondence can reach you. Also , turning in your plates is important to avoid an insurance lapse. ",
                        "end_sec": 1766
                    },
                    "20": {
                        "id_sp": "20",
                        "tag": "u",
                        "start_sp": 1588,
                        "end_sp": 1694,
                        "text_sp": "it is important to notify DMV of your new address so that any possible mail correspondence can reach you. ",
                        "title": "2. Leaving the State Without Notifying DMV",
                        "parent_titles": [],
                        "id_sec": "6",
                        "start_sec": 1465,
                        "text_sec": "A license suspension or revocation here could mean that your new home state will not issue you a license there. Remember , it is important to notify DMV of your new address so that any possible mail correspondence can reach you. Also , turning in your plates is important to avoid an insurance lapse. ",
                        "end_sec": 1766
                    },
                    "21": {
                        "id_sp": "21",
                        "tag": "u",
                        "start_sp": 1694,
                        "end_sp": 1701,
                        "text_sp": "Also , ",
                        "title": "2. Leaving the State Without Notifying DMV",
                        "parent_titles": [],
                        "id_sec": "6",
                        "start_sec": 1465,
                        "text_sec": "A license suspension or revocation here could mean that your new home state will not issue you a license there. Remember , it is important to notify DMV of your new address so that any possible mail correspondence can reach you. Also , turning in your plates is important to avoid an insurance lapse. ",
                        "end_sec": 1766
                    },
                    "22": {
                        "id_sp": "22",
                        "tag": "u",
                        "start_sp": 1701,
                        "end_sp": 1766,
                        "text_sp": "turning in your plates is important to avoid an insurance lapse. ",
                        "title": "2. Leaving the State Without Notifying DMV",
                        "parent_titles": [],
                        "id_sec": "6",
                        "start_sec": 1465,
                        "text_sec": "A license suspension or revocation here could mean that your new home state will not issue you a license there. Remember , it is important to notify DMV of your new address so that any possible mail correspondence can reach you. Also , turning in your plates is important to avoid an insurance lapse. ",
                        "end_sec": 1766
                    },
                    "23": {
                        "id_sp": "23",
                        "tag": "h3",
                        "start_sp": 1766,
                        "end_sp": 1796,
                        "text_sp": "\n\n3. Letting Insurance Lapse \n",
                        "title": "3. Letting Insurance Lapse",
                        "parent_titles": [],
                        "id_sec": "t_7",
                        "start_sec": 1766,
                        "end_sec": 1796,
                        "text_sec": "\n\n3. Letting Insurance Lapse \n"
                    },
                    "24": {
                        "id_sp": "24",
                        "tag": "u",
                        "start_sp": 1796,
                        "end_sp": 1870,
                        "text_sp": "Because we all pay indirectly for crashes involving uninsured motorists , ",
                        "title": "3. Letting Insurance Lapse",
                        "parent_titles": [],
                        "id_sec": "7",
                        "start_sec": 1796,
                        "text_sec": "Because we all pay indirectly for crashes involving uninsured motorists , New York State requires every motorist to maintain auto insurance every single day a vehicle is registered. DMV works with insurance companies to electronically monitor your insurance coverage , and we know when coverage is dropped for any reason. When that happens , we mail you an insurance inquiry letter to allow you to clear up the problem. ",
                        "end_sec": 2216
                    },
                    "25": {
                        "id_sp": "25",
                        "tag": "u",
                        "start_sp": 1870,
                        "end_sp": 1978,
                        "text_sp": "New York State requires every motorist to maintain auto insurance every single day a vehicle is registered. ",
                        "title": "3. Letting Insurance Lapse",
                        "parent_titles": [],
                        "id_sec": "7",
                        "start_sec": 1796,
                        "text_sec": "Because we all pay indirectly for crashes involving uninsured motorists , New York State requires every motorist to maintain auto insurance every single day a vehicle is registered. DMV works with insurance companies to electronically monitor your insurance coverage , and we know when coverage is dropped for any reason. When that happens , we mail you an insurance inquiry letter to allow you to clear up the problem. ",
                        "end_sec": 2216
                    },
                    "26": {
                        "id_sp": "26",
                        "tag": "u",
                        "start_sp": 1978,
                        "end_sp": 2065,
                        "text_sp": "DMV works with insurance companies to electronically monitor your insurance coverage , ",
                        "title": "3. Letting Insurance Lapse",
                        "parent_titles": [],
                        "id_sec": "7",
                        "start_sec": 1796,
                        "text_sec": "Because we all pay indirectly for crashes involving uninsured motorists , New York State requires every motorist to maintain auto insurance every single day a vehicle is registered. DMV works with insurance companies to electronically monitor your insurance coverage , and we know when coverage is dropped for any reason. When that happens , we mail you an insurance inquiry letter to allow you to clear up the problem. ",
                        "end_sec": 2216
                    },
                    "27": {
                        "id_sp": "27",
                        "tag": "u",
                        "start_sp": 2065,
                        "end_sp": 2118,
                        "text_sp": "and we know when coverage is dropped for any reason. ",
                        "title": "3. Letting Insurance Lapse",
                        "parent_titles": [],
                        "id_sec": "7",
                        "start_sec": 1796,
                        "text_sec": "Because we all pay indirectly for crashes involving uninsured motorists , New York State requires every motorist to maintain auto insurance every single day a vehicle is registered. DMV works with insurance companies to electronically monitor your insurance coverage , and we know when coverage is dropped for any reason. When that happens , we mail you an insurance inquiry letter to allow you to clear up the problem. ",
                        "end_sec": 2216
                    },
                    "28": {
                        "id_sp": "28",
                        "tag": "u",
                        "start_sp": 2118,
                        "end_sp": 2138,
                        "text_sp": "When that happens , ",
                        "title": "3. Letting Insurance Lapse",
                        "parent_titles": [],
                        "id_sec": "7",
                        "start_sec": 1796,
                        "text_sec": "Because we all pay indirectly for crashes involving uninsured motorists , New York State requires every motorist to maintain auto insurance every single day a vehicle is registered. DMV works with insurance companies to electronically monitor your insurance coverage , and we know when coverage is dropped for any reason. When that happens , we mail you an insurance inquiry letter to allow you to clear up the problem. ",
                        "end_sec": 2216
                    },
                    "29": {
                        "id_sp": "29",
                        "tag": "u",
                        "start_sp": 2138,
                        "end_sp": 2216,
                        "text_sp": "we mail you an insurance inquiry letter to allow you to clear up the problem. ",
                        "title": "3. Letting Insurance Lapse",
                        "parent_titles": [],
                        "id_sec": "7",
                        "start_sec": 1796,
                        "text_sec": "Because we all pay indirectly for crashes involving uninsured motorists , New York State requires every motorist to maintain auto insurance every single day a vehicle is registered. DMV works with insurance companies to electronically monitor your insurance coverage , and we know when coverage is dropped for any reason. When that happens , we mail you an insurance inquiry letter to allow you to clear up the problem. ",
                        "end_sec": 2216
                    },
                    "30": {
                        "id_sp": "30",
                        "tag": "u",
                        "start_sp": 2216,
                        "end_sp": 2256,
                        "text_sp": "We send 500,000 inquiry letters a year. ",
                        "title": "3. Letting Insurance Lapse",
                        "parent_titles": [],
                        "id_sec": "8",
                        "start_sec": 2216,
                        "text_sec": "We send 500,000 inquiry letters a year. If the inquiry letter does not resolve the problem , we must suspend the vehicle registration and , if it persists, your driver license!We suspend 300,000 registrations a year for failure to maintain insurance. If you fail to maintain an updated address with us , you won t learn that you have an insurance problem , and we will suspend your registration and license. Make sure you turn in your vehicle s license plates at DMV before you cancel your insurance policy. Insurance policies must be from a company licensed in New York State. ",
                        "end_sec": 2794
                    },
                    "31": {
                        "id_sp": "31",
                        "tag": "u",
                        "start_sp": 2256,
                        "end_sp": 2309,
                        "text_sp": "If the inquiry letter does not resolve the problem , ",
                        "title": "3. Letting Insurance Lapse",
                        "parent_titles": [],
                        "id_sec": "8",
                        "start_sec": 2216,
                        "text_sec": "We send 500,000 inquiry letters a year. If the inquiry letter does not resolve the problem , we must suspend the vehicle registration and , if it persists, your driver license!We suspend 300,000 registrations a year for failure to maintain insurance. If you fail to maintain an updated address with us , you won t learn that you have an insurance problem , and we will suspend your registration and license. Make sure you turn in your vehicle s license plates at DMV before you cancel your insurance policy. Insurance policies must be from a company licensed in New York State. ",
                        "end_sec": 2794
                    },
                    "32": {
                        "id_sp": "32",
                        "tag": "u",
                        "start_sp": 2309,
                        "end_sp": 2356,
                        "text_sp": "we must suspend the vehicle registration and , ",
                        "title": "3. Letting Insurance Lapse",
                        "parent_titles": [],
                        "id_sec": "8",
                        "start_sec": 2216,
                        "text_sec": "We send 500,000 inquiry letters a year. If the inquiry letter does not resolve the problem , we must suspend the vehicle registration and , if it persists, your driver license!We suspend 300,000 registrations a year for failure to maintain insurance. If you fail to maintain an updated address with us , you won t learn that you have an insurance problem , and we will suspend your registration and license. Make sure you turn in your vehicle s license plates at DMV before you cancel your insurance policy. Insurance policies must be from a company licensed in New York State. ",
                        "end_sec": 2794
                    },
                    "33": {
                        "id_sp": "33",
                        "tag": "u",
                        "start_sp": 2356,
                        "end_sp": 2467,
                        "text_sp": "if it persists, your driver license!We suspend 300,000 registrations a year for failure to maintain insurance. ",
                        "title": "3. Letting Insurance Lapse",
                        "parent_titles": [],
                        "id_sec": "8",
                        "start_sec": 2216,
                        "text_sec": "We send 500,000 inquiry letters a year. If the inquiry letter does not resolve the problem , we must suspend the vehicle registration and , if it persists, your driver license!We suspend 300,000 registrations a year for failure to maintain insurance. If you fail to maintain an updated address with us , you won t learn that you have an insurance problem , and we will suspend your registration and license. Make sure you turn in your vehicle s license plates at DMV before you cancel your insurance policy. Insurance policies must be from a company licensed in New York State. ",
                        "end_sec": 2794
                    },
                    "34": {
                        "id_sp": "34",
                        "tag": "u",
                        "start_sp": 2467,
                        "end_sp": 2520,
                        "text_sp": "If you fail to maintain an updated address with us , ",
                        "title": "3. Letting Insurance Lapse",
                        "parent_titles": [],
                        "id_sec": "8",
                        "start_sec": 2216,
                        "text_sec": "We send 500,000 inquiry letters a year. If the inquiry letter does not resolve the problem , we must suspend the vehicle registration and , if it persists, your driver license!We suspend 300,000 registrations a year for failure to maintain insurance. If you fail to maintain an updated address with us , you won t learn that you have an insurance problem , and we will suspend your registration and license. Make sure you turn in your vehicle s license plates at DMV before you cancel your insurance policy. Insurance policies must be from a company licensed in New York State. ",
                        "end_sec": 2794
                    },
                    "35": {
                        "id_sp": "35",
                        "tag": "u",
                        "start_sp": 2520,
                        "end_sp": 2573,
                        "text_sp": "you won t learn that you have an insurance problem , ",
                        "title": "3. Letting Insurance Lapse",
                        "parent_titles": [],
                        "id_sec": "8",
                        "start_sec": 2216,
                        "text_sec": "We send 500,000 inquiry letters a year. If the inquiry letter does not resolve the problem , we must suspend the vehicle registration and , if it persists, your driver license!We suspend 300,000 registrations a year for failure to maintain insurance. If you fail to maintain an updated address with us , you won t learn that you have an insurance problem , and we will suspend your registration and license. Make sure you turn in your vehicle s license plates at DMV before you cancel your insurance policy. Insurance policies must be from a company licensed in New York State. ",
                        "end_sec": 2794
                    },
                    "36": {
                        "id_sp": "36",
                        "tag": "u",
                        "start_sp": 2573,
                        "end_sp": 2624,
                        "text_sp": "and we will suspend your registration and license. ",
                        "title": "3. Letting Insurance Lapse",
                        "parent_titles": [],
                        "id_sec": "8",
                        "start_sec": 2216,
                        "text_sec": "We send 500,000 inquiry letters a year. If the inquiry letter does not resolve the problem , we must suspend the vehicle registration and , if it persists, your driver license!We suspend 300,000 registrations a year for failure to maintain insurance. If you fail to maintain an updated address with us , you won t learn that you have an insurance problem , and we will suspend your registration and license. Make sure you turn in your vehicle s license plates at DMV before you cancel your insurance policy. Insurance policies must be from a company licensed in New York State. ",
                        "end_sec": 2794
                    },
                    "37": {
                        "id_sp": "37",
                        "tag": "u",
                        "start_sp": 2624,
                        "end_sp": 2724,
                        "text_sp": "Make sure you turn in your vehicle s license plates at DMV before you cancel your insurance policy. ",
                        "title": "3. Letting Insurance Lapse",
                        "parent_titles": [],
                        "id_sec": "8",
                        "start_sec": 2216,
                        "text_sec": "We send 500,000 inquiry letters a year. If the inquiry letter does not resolve the problem , we must suspend the vehicle registration and , if it persists, your driver license!We suspend 300,000 registrations a year for failure to maintain insurance. If you fail to maintain an updated address with us , you won t learn that you have an insurance problem , and we will suspend your registration and license. Make sure you turn in your vehicle s license plates at DMV before you cancel your insurance policy. Insurance policies must be from a company licensed in New York State. ",
                        "end_sec": 2794
                    },
                    "38": {
                        "id_sp": "38",
                        "tag": "u",
                        "start_sp": 2724,
                        "end_sp": 2794,
                        "text_sp": "Insurance policies must be from a company licensed in New York State. ",
                        "title": "3. Letting Insurance Lapse",
                        "parent_titles": [],
                        "id_sec": "8",
                        "start_sec": 2216,
                        "text_sec": "We send 500,000 inquiry letters a year. If the inquiry letter does not resolve the problem , we must suspend the vehicle registration and , if it persists, your driver license!We suspend 300,000 registrations a year for failure to maintain insurance. If you fail to maintain an updated address with us , you won t learn that you have an insurance problem , and we will suspend your registration and license. Make sure you turn in your vehicle s license plates at DMV before you cancel your insurance policy. Insurance policies must be from a company licensed in New York State. ",
                        "end_sec": 2794
                    },
                    "39": {
                        "id_sp": "39",
                        "tag": "u",
                        "start_sp": 2794,
                        "end_sp": 2870,
                        "text_sp": "Learn more about Insurances Lapes [2] and How to Surrender your Plates [3 ] ",
                        "title": "3. Letting Insurance Lapse",
                        "parent_titles": [],
                        "id_sec": "9",
                        "start_sec": 2794,
                        "text_sec": "Learn more about Insurances Lapes [2] and How to Surrender your Plates [3 ] ",
                        "end_sec": 2870
                    },
                    "40": {
                        "id_sp": "40",
                        "tag": "h3",
                        "start_sp": 2870,
                        "end_sp": 2919,
                        "text_sp": "\n\n4. Understanding how Much Traffic Points Cost \n",
                        "title": "4. Understanding how Much Traffic Points Cost",
                        "parent_titles": [],
                        "id_sec": "t_9",
                        "start_sec": 2870,
                        "end_sec": 2919,
                        "text_sec": "\n\n4. Understanding how Much Traffic Points Cost \n"
                    },
                    "41": {
                        "id_sp": "41",
                        "tag": "u",
                        "start_sp": 2919,
                        "end_sp": 2976,
                        "text_sp": "DMV maintains a point system to track dangerous drivers. ",
                        "title": "4. Understanding how Much Traffic Points Cost",
                        "parent_titles": [],
                        "id_sec": "10",
                        "start_sec": 2919,
                        "text_sec": "DMV maintains a point system to track dangerous drivers. Often , motorists convicted of a traffic ticket feel they have resolved all their motoring issues with the local court, but later learn that the Driver Responsibility Assessment DRA is a separate DMV charge based on the total points they accumulate. ",
                        "end_sec": 3226
                    },
                    "42": {
                        "id_sp": "42",
                        "tag": "u",
                        "start_sp": 2976,
                        "end_sp": 2984,
                        "text_sp": "Often , ",
                        "title": "4. Understanding how Much Traffic Points Cost",
                        "parent_titles": [],
                        "id_sec": "10",
                        "start_sec": 2919,
                        "text_sec": "DMV maintains a point system to track dangerous drivers. Often , motorists convicted of a traffic ticket feel they have resolved all their motoring issues with the local court, but later learn that the Driver Responsibility Assessment DRA is a separate DMV charge based on the total points they accumulate. ",
                        "end_sec": 3226
                    },
                    "43": {
                        "id_sp": "43",
                        "tag": "u",
                        "start_sp": 2984,
                        "end_sp": 3226,
                        "text_sp": "motorists convicted of a traffic ticket feel they have resolved all their motoring issues with the local court, but later learn that the Driver Responsibility Assessment DRA is a separate DMV charge based on the total points they accumulate. ",
                        "title": "4. Understanding how Much Traffic Points Cost",
                        "parent_titles": [],
                        "id_sec": "10",
                        "start_sec": 2919,
                        "text_sec": "DMV maintains a point system to track dangerous drivers. Often , motorists convicted of a traffic ticket feel they have resolved all their motoring issues with the local court, but later learn that the Driver Responsibility Assessment DRA is a separate DMV charge based on the total points they accumulate. ",
                        "end_sec": 3226
                    },
                    "44": {
                        "id_sp": "44",
                        "tag": "u",
                        "start_sp": 3226,
                        "end_sp": 3301,
                        "text_sp": "The $300 DRA fee can be paid in $100 annual installments over three years. ",
                        "title": "4. Understanding how Much Traffic Points Cost",
                        "parent_titles": [],
                        "id_sec": "11",
                        "start_sec": 3226,
                        "text_sec": "The $300 DRA fee can be paid in $100 annual installments over three years. Motorists who fail to maintain an updated address with DMV may resolve their tickets with the court, but never receive their DRA assessment because we do not have their new address on record. Failure to pay the DRA will result in a suspended license. ",
                        "end_sec": 3552
                    },
                    "45": {
                        "id_sp": "45",
                        "tag": "u",
                        "start_sp": 3301,
                        "end_sp": 3493,
                        "text_sp": "Motorists who fail to maintain an updated address with DMV may resolve their tickets with the court, but never receive their DRA assessment because we do not have their new address on record. ",
                        "title": "4. Understanding how Much Traffic Points Cost",
                        "parent_titles": [],
                        "id_sec": "11",
                        "start_sec": 3226,
                        "text_sec": "The $300 DRA fee can be paid in $100 annual installments over three years. Motorists who fail to maintain an updated address with DMV may resolve their tickets with the court, but never receive their DRA assessment because we do not have their new address on record. Failure to pay the DRA will result in a suspended license. ",
                        "end_sec": 3552
                    },
                    "46": {
                        "id_sp": "46",
                        "tag": "u",
                        "start_sp": 3493,
                        "end_sp": 3552,
                        "text_sp": "Failure to pay the DRA will result in a suspended license. ",
                        "title": "4. Understanding how Much Traffic Points Cost",
                        "parent_titles": [],
                        "id_sec": "11",
                        "start_sec": 3226,
                        "text_sec": "The $300 DRA fee can be paid in $100 annual installments over three years. Motorists who fail to maintain an updated address with DMV may resolve their tickets with the court, but never receive their DRA assessment because we do not have their new address on record. Failure to pay the DRA will result in a suspended license. ",
                        "end_sec": 3552
                    },
                    "47": {
                        "id_sp": "47",
                        "tag": "u",
                        "start_sp": 3552,
                        "end_sp": 3660,
                        "text_sp": "Learn more about About the NYS Driver Point System [4] and how to Pay Driver Responsibility Assessment [5 ] ",
                        "title": "4. Understanding how Much Traffic Points Cost",
                        "parent_titles": [],
                        "id_sec": "12",
                        "start_sec": 3552,
                        "text_sec": "Learn more about About the NYS Driver Point System [4] and how to Pay Driver Responsibility Assessment [5 ] ",
                        "end_sec": 3660
                    },
                    "48": {
                        "id_sp": "48",
                        "tag": "h3",
                        "start_sp": 3660,
                        "end_sp": 3714,
                        "text_sp": "\n\n5. Not Bringing Proper Documentation to DMV Office \n",
                        "title": "5. Not Bringing Proper Documentation to DMV Office",
                        "parent_titles": [],
                        "id_sec": "t_12",
                        "start_sec": 3660,
                        "end_sec": 3714,
                        "text_sec": "\n\n5. Not Bringing Proper Documentation to DMV Office \n"
                    },
                    "49": {
                        "id_sp": "49",
                        "tag": "u",
                        "start_sp": 3714,
                        "end_sp": 3888,
                        "text_sp": "About ten percent of customers visiting a DMV office do not bring what they need to complete their transaction, and have to come back a second time to finish their business. ",
                        "title": "5. Not Bringing Proper Documentation to DMV Office",
                        "parent_titles": [],
                        "id_sec": "13",
                        "start_sec": 3714,
                        "text_sec": "About ten percent of customers visiting a DMV office do not bring what they need to complete their transaction, and have to come back a second time to finish their business. This can be as simple as not bringing sufficient funds to pay for a license renewal or not having the proof of auto insurance required to register a car. Better yet , don t visit a DMV office at all, and see if your transaction can be performed online, like an address change, registration renewal, license renewal, replacing a lost title, paying a DRA or scheduling a road test. ",
                        "end_sec": 4268
                    },
                    "50": {
                        "id_sp": "50",
                        "tag": "u",
                        "start_sp": 3888,
                        "end_sp": 4042,
                        "text_sp": "This can be as simple as not bringing sufficient funds to pay for a license renewal or not having the proof of auto insurance required to register a car. ",
                        "title": "5. Not Bringing Proper Documentation to DMV Office",
                        "parent_titles": [],
                        "id_sec": "13",
                        "start_sec": 3714,
                        "text_sec": "About ten percent of customers visiting a DMV office do not bring what they need to complete their transaction, and have to come back a second time to finish their business. This can be as simple as not bringing sufficient funds to pay for a license renewal or not having the proof of auto insurance required to register a car. Better yet , don t visit a DMV office at all, and see if your transaction can be performed online, like an address change, registration renewal, license renewal, replacing a lost title, paying a DRA or scheduling a road test. ",
                        "end_sec": 4268
                    },
                    "51": {
                        "id_sp": "51",
                        "tag": "u",
                        "start_sp": 4042,
                        "end_sp": 4055,
                        "text_sp": "Better yet , ",
                        "title": "5. Not Bringing Proper Documentation to DMV Office",
                        "parent_titles": [],
                        "id_sec": "13",
                        "start_sec": 3714,
                        "text_sec": "About ten percent of customers visiting a DMV office do not bring what they need to complete their transaction, and have to come back a second time to finish their business. This can be as simple as not bringing sufficient funds to pay for a license renewal or not having the proof of auto insurance required to register a car. Better yet , don t visit a DMV office at all, and see if your transaction can be performed online, like an address change, registration renewal, license renewal, replacing a lost title, paying a DRA or scheduling a road test. ",
                        "end_sec": 4268
                    },
                    "52": {
                        "id_sp": "52",
                        "tag": "u",
                        "start_sp": 4055,
                        "end_sp": 4268,
                        "text_sp": "don t visit a DMV office at all, and see if your transaction can be performed online, like an address change, registration renewal, license renewal, replacing a lost title, paying a DRA or scheduling a road test. ",
                        "title": "5. Not Bringing Proper Documentation to DMV Office",
                        "parent_titles": [],
                        "id_sec": "13",
                        "start_sec": 3714,
                        "text_sec": "About ten percent of customers visiting a DMV office do not bring what they need to complete their transaction, and have to come back a second time to finish their business. This can be as simple as not bringing sufficient funds to pay for a license renewal or not having the proof of auto insurance required to register a car. Better yet , don t visit a DMV office at all, and see if your transaction can be performed online, like an address change, registration renewal, license renewal, replacing a lost title, paying a DRA or scheduling a road test. ",
                        "end_sec": 4268
                    },
                    "53": {
                        "id_sp": "53",
                        "tag": "u",
                        "start_sp": 4268,
                        "end_sp": 4344,
                        "text_sp": "Our award - winning website is recognized as one of the best in the nation. ",
                        "title": "5. Not Bringing Proper Documentation to DMV Office",
                        "parent_titles": [],
                        "id_sec": "14",
                        "start_sec": 4268,
                        "text_sec": "Our award - winning website is recognized as one of the best in the nation. It has all the answers you need to efficiently perform any DMV transaction. Consider signing up for our MyDMV service, which offers even more benefits. ",
                        "end_sec": 4496
                    },
                    "54": {
                        "id_sp": "54",
                        "tag": "u",
                        "start_sp": 4344,
                        "end_sp": 4420,
                        "text_sp": "It has all the answers you need to efficiently perform any DMV transaction. ",
                        "title": "5. Not Bringing Proper Documentation to DMV Office",
                        "parent_titles": [],
                        "id_sec": "14",
                        "start_sec": 4268,
                        "text_sec": "Our award - winning website is recognized as one of the best in the nation. It has all the answers you need to efficiently perform any DMV transaction. Consider signing up for our MyDMV service, which offers even more benefits. ",
                        "end_sec": 4496
                    },
                    "55": {
                        "id_sp": "55",
                        "tag": "u",
                        "start_sp": 4420,
                        "end_sp": 4496,
                        "text_sp": "Consider signing up for our MyDMV service, which offers even more benefits. ",
                        "title": "5. Not Bringing Proper Documentation to DMV Office",
                        "parent_titles": [],
                        "id_sec": "14",
                        "start_sec": 4268,
                        "text_sec": "Our award - winning website is recognized as one of the best in the nation. It has all the answers you need to efficiently perform any DMV transaction. Consider signing up for our MyDMV service, which offers even more benefits. ",
                        "end_sec": 4496
                    },
                    "56": {
                        "id_sp": "56",
                        "tag": "u",
                        "start_sp": 4496,
                        "end_sp": 4527,
                        "text_sp": "Sign up or log into MyDMV [6 ] ",
                        "title": "5. Not Bringing Proper Documentation to DMV Office",
                        "parent_titles": [],
                        "id_sec": "15",
                        "start_sec": 4496,
                        "text_sec": "Sign up or log into MyDMV [6 ] ",
                        "end_sec": 4527
                    }
                },
                "doc_html_ts": "<div><div><div><div><div><div><div><div><div><div><div><div tag_id=\"1\"><u sent_id=\"1\" tag_id=\"1\"><u sent_id=\"1\" tag_id=\"1\" text_id=\"1\">Many DMV customers make easily avoidable mistakes that cause them significant problems , including encounters with law enforcement and impounded vehicles .</u></u><u sent_id=\"2\" tag_id=\"1\"><u sent_id=\"2\" tag_id=\"1\" text_id=\"2\">Because we see customers make these mistakes over and over again ,</u><u sent_id=\"2\" tag_id=\"1\" text_id=\"3\">we are issuing this list of the top five DMV mistakes and how to avoid them .</u></u></div><h3 sent_id=\"3\" text_id=\"4\">1. Forgetting to Update Address</h3><div tag_id=\"2\"><u sent_id=\"4\" tag_id=\"2\"><u sent_id=\"4\" tag_id=\"2\" text_id=\"5\">By statute ,</u><u sent_id=\"4\" tag_id=\"2\" text_id=\"6\">you must report a change of address to DMV within ten days of moving .</u></u><u sent_id=\"5\" tag_id=\"2\"><u sent_id=\"5\" tag_id=\"2\" text_id=\"7\">That is the case for the address associated with your license , as well as all the addresses associated with each registered vehicle , which may differ .</u></u></div><div tag_id=\"3\"><u sent_id=\"6\" tag_id=\"3\"><u sent_id=\"6\" tag_id=\"3\" text_id=\"8\">It is not sufficient to only : write your new address on the back of your old license ; tell the United States Postal Service ; or inform the police officer writing you a ticket .</u></u><u sent_id=\"7\" tag_id=\"3\"><u sent_id=\"7\" tag_id=\"3\" text_id=\"9\">If you fail to keep your address current ,</u><u sent_id=\"7\" tag_id=\"3\" text_id=\"10\">you will miss a suspension order and may be charged with operating an unregistered vehicle and/or aggravated unlicensed operation , both misdemeanors .</u></u><u sent_id=\"8\" tag_id=\"3\"><u sent_id=\"8\" tag_id=\"3\" text_id=\"11\">This really happens ,</u><u sent_id=\"8\" tag_id=\"3\" text_id=\"12\">but the good news is this is a problem that is easily avoidable .</u></u></div><div tag_id=\"4\"><div tag_id=\"4\"><u sent_id=\"10\" tag_id=\"4\"><u sent_id=\"10\" tag_id=\"4\" text_id=\"13\">Learn more about how to change the address on your license and registrations [ 1 ]</u></u></div></div><h3 sent_id=\"11\" text_id=\"14\">2. Leaving the State Without Notifying DMV</h3><div tag_id=\"5\"><u sent_id=\"12\" tag_id=\"5\"><u sent_id=\"12\" tag_id=\"5\" text_id=\"15\">States communicate with each other ,</u><u sent_id=\"12\" tag_id=\"5\" text_id=\"16\">so when you move to another state , be sure to tie up any loose ends regarding your New York State license or registration .</u></u><u sent_id=\"13\" tag_id=\"5\"><u sent_id=\"13\" tag_id=\"5\" text_id=\"17\">That means resolving any unanswered tickets , suspensions or revocations , and surrendering your license plates to NYS when you get to your new home state .</u></u></div><div tag_id=\"6\"><u sent_id=\"14\" tag_id=\"6\"><u sent_id=\"14\" tag_id=\"6\" text_id=\"18\">A license suspension or revocation here could mean that your new home state will not issue you a license there .</u></u><u sent_id=\"15\" tag_id=\"6\"><u sent_id=\"15\" tag_id=\"6\" text_id=\"19\">Remember ,</u><u sent_id=\"15\" tag_id=\"6\" text_id=\"20\">it is important to notify DMV of your new address so that any possible mail correspondence can reach you .</u></u><u sent_id=\"16\" tag_id=\"6\"><u sent_id=\"16\" tag_id=\"6\" text_id=\"21\">Also ,</u><u sent_id=\"16\" tag_id=\"6\" text_id=\"22\">turning in your plates is important to avoid an insurance lapse .</u></u></div><h3 sent_id=\"17\" text_id=\"23\">3. Letting Insurance Lapse</h3><div tag_id=\"7\"><u sent_id=\"18\" tag_id=\"7\"><u sent_id=\"18\" tag_id=\"7\" text_id=\"24\">Because we all pay indirectly for crashes involving uninsured motorists ,</u><u sent_id=\"18\" tag_id=\"7\" text_id=\"25\">New York State requires every motorist to maintain auto insurance every single day a vehicle is registered .</u></u><u sent_id=\"19\" tag_id=\"7\"><u sent_id=\"19\" tag_id=\"7\" text_id=\"26\">DMV works with insurance companies to electronically monitor your insurance coverage ,</u><u sent_id=\"19\" tag_id=\"7\" text_id=\"27\">and we know when coverage is dropped for any reason .</u></u><u sent_id=\"20\" tag_id=\"7\"><u sent_id=\"20\" tag_id=\"7\" text_id=\"28\">When that happens ,</u><u sent_id=\"20\" tag_id=\"7\" text_id=\"29\">we mail you an insurance inquiry letter to allow you to clear up the problem .</u></u></div><div tag_id=\"8\"><u sent_id=\"21\" tag_id=\"8\"><u sent_id=\"21\" tag_id=\"8\" text_id=\"30\">We send 500,000 inquiry letters a year .</u></u><u sent_id=\"22\" tag_id=\"8\"><u sent_id=\"22\" tag_id=\"8\" text_id=\"31\">If the inquiry letter does not resolve the problem ,</u><u sent_id=\"22\" tag_id=\"8\" text_id=\"32\">we must suspend the vehicle registration and ,</u><u sent_id=\"22\" tag_id=\"8\" text_id=\"33\">if it persists , your driver license!We suspend 300,000 registrations a year for failure to maintain insurance .</u></u><u sent_id=\"23\" tag_id=\"8\"><u sent_id=\"23\" tag_id=\"8\" text_id=\"34\">If you fail to maintain an updated address with us ,</u><u sent_id=\"23\" tag_id=\"8\" text_id=\"35\">you won t learn that you have an insurance problem ,</u><u sent_id=\"23\" tag_id=\"8\" text_id=\"36\">and we will suspend your registration and license .</u></u><u sent_id=\"24\" tag_id=\"8\"><u sent_id=\"24\" tag_id=\"8\" text_id=\"37\">Make sure you turn in your vehicle s license plates at DMV before you cancel your insurance policy .</u></u><u sent_id=\"25\" tag_id=\"8\"><u sent_id=\"25\" tag_id=\"8\" text_id=\"38\">Insurance policies must be from a company licensed in New York State .</u></u></div><div tag_id=\"9\"><div tag_id=\"9\"><u sent_id=\"27\" tag_id=\"9\"><u sent_id=\"27\" tag_id=\"9\" text_id=\"39\">Learn more about Insurances Lapes [ 2 ] and How to Surrender your Plates [ 3 ]</u></u></div></div><h3 sent_id=\"28\" text_id=\"40\">4. Understanding how Much Traffic Points Cost</h3><div tag_id=\"10\"><u sent_id=\"29\" tag_id=\"10\"><u sent_id=\"29\" tag_id=\"10\" text_id=\"41\">DMV maintains a point system to track dangerous drivers .</u></u><u sent_id=\"30\" tag_id=\"10\"><u sent_id=\"30\" tag_id=\"10\" text_id=\"42\">Often ,</u><u sent_id=\"30\" tag_id=\"10\" text_id=\"43\">motorists convicted of a traffic ticket feel they have resolved all their motoring issues with the local court , but later learn that the Driver Responsibility Assessment DRA is a separate DMV charge based on the total points they accumulate .</u></u></div><div tag_id=\"11\"><u sent_id=\"31\" tag_id=\"11\"><u sent_id=\"31\" tag_id=\"11\" text_id=\"44\">The $ 300 DRA fee can be paid in $ 100 annual installments over three years .</u></u><u sent_id=\"32\" tag_id=\"11\"><u sent_id=\"32\" tag_id=\"11\" text_id=\"45\">Motorists who fail to maintain an updated address with DMV may resolve their tickets with the court , but never receive their DRA assessment because we do not have their new address on record .</u></u><u sent_id=\"33\" tag_id=\"11\"><u sent_id=\"33\" tag_id=\"11\" text_id=\"46\">Failure to pay the DRA will result in a suspended license .</u></u></div><div tag_id=\"12\"><div tag_id=\"12\"><u sent_id=\"35\" tag_id=\"12\"><u sent_id=\"35\" tag_id=\"12\" text_id=\"47\">Learn more about About the NYS Driver Point System [ 4 ] and how to Pay Driver Responsibility Assessment [ 5 ]</u></u></div></div><h3 sent_id=\"36\" text_id=\"48\">5. Not Bringing Proper Documentation to DMV Office</h3><div tag_id=\"13\"><u sent_id=\"37\" tag_id=\"13\"><u sent_id=\"37\" tag_id=\"13\" text_id=\"49\">About ten percent of customers visiting a DMV office do not bring what they need to complete their transaction , and have to come back a second time to finish their business .</u></u><u sent_id=\"38\" tag_id=\"13\"><u sent_id=\"38\" tag_id=\"13\" text_id=\"50\">This can be as simple as not bringing sufficient funds to pay for a license renewal or not having the proof of auto insurance required to register a car .</u></u><u sent_id=\"39\" tag_id=\"13\"><u sent_id=\"39\" tag_id=\"13\" text_id=\"51\">Better yet ,</u><u sent_id=\"39\" tag_id=\"13\" text_id=\"52\">don t visit a DMV office at all , and see if your transaction can be performed online , like an address change , registration renewal , license renewal , replacing a lost title , paying a DRA or scheduling a road test .</u></u></div><div tag_id=\"14\"><u sent_id=\"40\" tag_id=\"14\"><u sent_id=\"40\" tag_id=\"14\" text_id=\"53\">Our award - winning website is recognized as one of the best in the nation .</u></u><u sent_id=\"41\" tag_id=\"14\"><u sent_id=\"41\" tag_id=\"14\" text_id=\"54\">It has all the answers you need to efficiently perform any DMV transaction .</u></u><u sent_id=\"42\" tag_id=\"14\"><u sent_id=\"42\" tag_id=\"14\" text_id=\"55\">Consider signing up for our MyDMV service , which offers even more benefits .</u></u></div><div tag_id=\"15\"><div tag_id=\"15\"><u sent_id=\"44\" tag_id=\"15\"><u sent_id=\"44\" tag_id=\"15\" text_id=\"56\">Sign up or log into MyDMV [ 6 ]</u></u></div></div></div></div></div></div></div></div></div></div></div></div></div>",
                "doc_html_raw": "<div class=\"print-content\">\n<div>\n<div>\n<div>\n<div>\n<div>\n<div>\n<div>\n<div><div><div><p>Many DMV customers make easily avoidable mistakes that cause them significant problems, including encounters with law enforcement and impounded vehicles. Because we see customers make these mistakes over and over again, we are issuing this list of the top five DMV mistakes and how to avoid them.</p><h3>1. Forgetting to Update Address</h3><p>By statute, you must report a change of address to DMV within ten days of moving. That is the case for the address associated with your license, as well as all the addresses associated with each registered vehicle, which may differ.</p><p>It is not sufficient to only: write your new address on the back of your old license; tell the United States Postal Service; or inform the police officer writing you a ticket. If you fail to keep your address current, you will miss a suspension order and may be charged with operating an unregistered vehicle and/or aggravated unlicensed operation, both misdemeanors. This really happens, but the good news is this is a problem that is easily avoidable.</p><p>Learn more about how to <a>change the address on your license and registrations</a> <span>[1]</span></p><h3>2. Leaving the State Without Notifying DMV</h3><p>States communicate with each other, so when you move to another state, be sure to tie up any loose ends regarding your New York State license or registration. That means resolving any unanswered tickets, suspensions or revocations, and surrendering your license plates to NYS when you get to your new home state.</p><p>A license suspension or revocation here could mean that your new home state will not issue you a license there. Remember, it is important to notify DMV of your new address so that any possible mail correspondence can reach you. Also, turning in your plates is important to avoid an insurance lapse.</p><h3>3. Letting Insurance Lapse</h3><p>Because we all pay indirectly for crashes involving uninsured motorists, New York State requires every motorist to maintain auto insurance every single day a vehicle is registered. DMV works with insurance companies to electronically monitor your insurance coverage, and we know when coverage is dropped for any reason. When that happens, we mail you an insurance inquiry letter to allow you to clear up the problem.</p><p>We send 500,000 inquiry letters a year. If the inquiry letter does not resolve the problem, we must suspend the vehicle registration and, if it persists, your driver license!We suspend 300,000 registrations a year for failure to maintain insurance. If you fail to maintain an updated address with us, you won t learn that you have an insurance problem, and we will suspend your registration and license. Make sure you turn in your vehicle s license plates at DMV before you cancel your insurance policy. Insurance policies must be from a company licensed in New York State.</p><p>Learn more about <a>Insurances Lapes</a> <span>[2]</span> and <a>How to Surrender your Plates</a> <span>[3]</span>  </p><h3>4. Understanding how Much Traffic Points Cost</h3><p>DMV maintains a  point  system to track dangerous drivers. Often, motorists convicted of a traffic ticket feel they have resolved all their motoring issues with the local court, but later learn that the Driver Responsibility Assessment (DRA) is a separate DMV charge based on the total points they accumulate.</p><p>The $300 DRA fee can be paid in $100 annual installments over three years. Motorists who fail to maintain an updated address with DMV may resolve their tickets with the court, but never receive their DRA assessment because we do not have their new address on record. Failure to pay the DRA will result in a suspended license.</p><p>Learn more about <a>About the NYS Driver Point System</a> <span>[4]</span> and how to <a>Pay Driver Responsibility Assessment </a> <span>[5]</span></p><h3>5. Not Bringing Proper Documentation to DMV Office</h3><p>About ten percent of customers visiting a DMV office do not bring what they need to complete their transaction, and have to come back a second time to finish their business. This can be as simple as not bringing sufficient funds to pay for a license renewal or not having the proof of auto insurance required to register a car. Better yet, don t visit a DMV office at all, and see if your transaction can be performed online, like an address change, registration renewal, license renewal, replacing a lost title, paying a DRA or scheduling a road test.</p><p>Our award-winning website is recognized as one of the best in the nation. It has all the answers you need to efficiently perform any DMV transaction. Consider signing up for our MyDMV service, which offers even more benefits.</p><p><a>Sign up or log into MyDMV</a> <span>[6]</span></p>\n</div></div></div> </div>\n</div>\n</div>\n\n</div>\n</div>\n</div>\n</div>\n</div>"
            }
        }
    }
}