<benchmark>
	<entries>
		<entry category="Airport" eid="Id1" size="4">
			<originaltripleset>
				<otriple>Aarhus_Airport | location | Tirstrup</otriple>
				<otriple>Tirstrup | country | Denmark</otriple>
				<otriple>Denmark | leaderName | Lars_Løkke_Rasmussen</otriple>
				<otriple>Tirstrup | isPartOf | Central_Denmark_Region</otriple>
			</originaltripleset>
			<modifiedtripleset>
				<mtriple>Aarhus_Airport | location | Tirstrup</mtriple>
				<mtriple>Tirstrup | country | Denmark</mtriple>
				<mtriple>Denmark | leaderName | Lars_Løkke_Rasmussen</mtriple>
				<mtriple>Tirstrup | isPartOf | Central_Denmark_Region</mtriple>
			</modifiedtripleset>
			<lex comment="good" lid="Id1">
				<sortedtripleset>
					<sentence ID="1">
						<striple>Tirstrup | isPartOf | Central_Denmark_Region</striple>
					</sentence>
					<sentence ID="2">
						<striple>Aarhus_Airport | location | Tirstrup</striple>
						<striple>Tirstrup | country | Denmark</striple>
						<striple>Denmark | leaderName | Lars_Løkke_Rasmussen</striple>
					</sentence>
				</sortedtripleset>
				<references>
					<reference entity="Tirstrup" number="1" tag="BRIDGE-1" type="name">Tirstrup</reference>
					<reference entity="Central_Denmark_Region" number="2" tag="PATIENT-2" type="description">the Central Denmark region</reference>
					<reference entity="Tirstrup" number="3" tag="BRIDGE-1" type="name">Tirstrup</reference>
					<reference entity="Aarhus_Airport" number="4" tag="AGENT-1" type="name">Aarhus Airport</reference>
					<reference entity="Denmark" number="5" tag="BRIDGE-2" type="pronoun">its</reference>
					<reference entity="Lars_Løkke_Rasmussen" number="6" tag="PATIENT-1" type="name">Lars Løkke Rasmussen</reference>
				</references>
				<text>Tirstrup is located in part of the Central Denmark region. Tirstrup is home to Aarhus Airport; its leader is Lars Løkke Rasmussen.</text>
				<template>BRIDGE-1 is located in part of PATIENT-2 . BRIDGE-1 is home to AGENT-1 ; BRIDGE-2 leader is PATIENT-1 .</template>
				<lexicalization>BRIDGE-1 VP[aspect=simple,tense=present,voice=active,person=3rd,number=singular] be located in part of PATIENT-2 . BRIDGE-1 VP[aspect=simple,tense=present,voice=active,person=3rd,number=singular] be home to AGENT-1 ; BRIDGE-2 leader VP[aspect=simple,tense=present,voice=active,person=3rd,number=singular] be PATIENT-1 .</lexicalization>
			</lex>
			<lex comment="good" lid="Id2">
				<sortedtripleset>
					<sentence ID="1">
						<striple>Aarhus_Airport | location | Tirstrup</striple>
					</sentence>
					<sentence ID="2">
						<striple>Tirstrup | isPartOf | Central_Denmark_Region</striple>
					</sentence>
					<sentence ID="3">
						<striple>Tirstrup | country | Denmark</striple>
						<striple>Denmark | leaderName | Lars_Løkke_Rasmussen</striple>
					</sentence>
				</sortedtripleset>
				<references>
					<reference entity="Aarhus_Airport" number="1" tag="AGENT-1" type="name">Aarhus Airport</reference>
					<reference entity="Tirstrup" number="2" tag="BRIDGE-1" type="name">Tirstrup</reference>
					<reference entity="Central_Denmark_Region" number="3" tag="PATIENT-2" type="description">the central region of Denmark</reference>
					<reference entity="Denmark" number="4" tag="BRIDGE-2" type="name">Denmark</reference>
					<reference entity="Lars_Løkke_Rasmussen" number="5" tag="PATIENT-1" type="name">Lars Løkke Rasmussen</reference>
				</references>
				<text>Aarhus Airport is located in the city of Tirstrup. Within the central region of Denmark. The leader of Denmark is named Lars Løkke Rasmussen.</text>
				<template>AGENT-1 is located in the city of BRIDGE-1 . Within PATIENT-2 . The leader of BRIDGE-2 is named PATIENT-1 .</template>
				<lexicalization>AGENT-1 VP[aspect=simple,tense=present,voice=active,person=3rd,number=singular] be located in DT[form=defined] the city of BRIDGE-1 . Within PATIENT-2 . DT[form=defined] the leader of BRIDGE-2 VP[aspect=simple,tense=present,voice=passive,person=3rd,number=singular] name PATIENT-1 .</lexicalization>
			</lex>
			<entitymap>
				<entity>AGENT-1 | Aarhus_Airport</entity>
				<entity>BRIDGE-1 | Tirstrup</entity>
				<entity>BRIDGE-2 | Denmark</entity>
				<entity>PATIENT-1 | Lars_Løkke_Rasmussen</entity>
				<entity>PATIENT-2 | Central_Denmark_Region</entity>
			</entitymap>
		</entry>
		</entries>
</benchmark>
