path	sentence	client_id
common_voice_nl_19629340.mp3	De sneeuwman is gesmolten.	09a5cc157a7a6dd034b9863add815fd6728d0ef1e55cdf1fa74f21c420a5072f272c1df9b08f2d667f35915e9332f5c263f6e472ecf976bbc26abff844bab960
common_voice_nl_19629342.mp3	Winkeldiefstal kost winkeliers handenvol geld.	09a5cc157a7a6dd034b9863add815fd6728d0ef1e55cdf1fa74f21c420a5072f272c1df9b08f2d667f35915e9332f5c263f6e472ecf976bbc26abff844bab960
common_voice_nl_19530788.mp3	Met een vast contract heb je meer zekerheid.	0601a73bb15599a5b13168bee9960e614340997043fed520d043ab8e68acc549f304084b1e5485db0a9bd45f5031d581a88460ce8e858924615edcf7d43b604e
common_voice_nl_19530792.mp3	We hebben geen tijd om rond de bergen te gaan dus er zit niets anders op dan via de bergpas te gaan.	0601a73bb15599a5b13168bee9960e614340997043fed520d043ab8e68acc549f304084b1e5485db0a9bd45f5031d581a88460ce8e858924615edcf7d43b604e
common_voice_nl_17699535.mp3	De Aboriginals zijn de oorspronkelijke bewoners van Australië.	0d709133bf209da7f0164653b6e5f9aee9d059ffaf7686ab6d2e5142f1af1bd92af375b81c4cf82a399de7387ec8bcc9c1cada0abf4f2c2261df3568f34a7500
common_voice_nl_17694848.mp3	Mijn toetsenbord zit vol stof.	0fca93407be6d482019f2463e60fbafdf598a82517e63ca906332e5e185143ff2bb5b76e50e96751c594edc3f045d75ecce29fcbc5b2d49b698053d8160fe17b
