[{"supports": ["A multi - ___MASK63___ event is an organized sports event , often held over multiple days , featuring competition in many different sports between organized teams of athletes from ( mostly ) nation states . The first major , modern , multi - ___MASK63___ event of international significance is the modern ___MASK83___ .", "Beach volleyball is a team ___MASK63___ played by two teams of two players on a sand court divided by a net . It has been an Olympic discipline since the 1996 Games .", "The Pan - American or Pan American Games ( also known colloquially as the Pan Am Games ) is a major sporting event in the Americas featuring summer sports , in which thousands of athletes participate in a variety of competitions . The competition is held among athletes from nations of the Americas , every four years in the year before the Summer ___MASK83___ . The only Winter Pan American Games were held in 1990 . The Pan American Sports Organization ( PASO ) is the governing body of the Pan American Games movement , whose structure and actions are defined by the Olympic Charter .", "The 2004 Summer ___MASK83___ , officially known as the Games of the XXVIII Olympiad and commonly known as Athens 2004 , was a premier international multi - sport event held in Athens , Greece , from 13 to 29 August 2004 with the motto \" Welcome Home .\" 10 , 625 athletes competed , some 600 more than expected , accompanied by 5 , 501 team officials from 201 countries . There were 301 medal events in 28 different sports . Athens 2004 marked the first time since the ___MASK3___ that all countries with a National Olympic Committee were in attendance . 2004 marked the return of the games to the city where they began .", "The ___MASK3___ , known officially as the Games of the XXVI Olympiad and unofficially as the Centennial Olympic Games , was a major international multi - sport event that took place in Atlanta , Georgia , United States , from July 19 to August 4 , 1996 . A record 197 nations , all current IOC member nations , took part in the Games , comprising 10 , 318 athletes . The International Olympic Committee voted in 1986 to separate the Summer and Winter Games , which had been held in the same year since 1924 , and place them in alternating even - numbered years , beginning in 1994 . The 1996 Summer Games were the first to be staged in a different year from the Winter Games . Atlanta became the fifth American city to host the Olympic Games and the third to hold a Summer Olympic Games .", "A National Olympic Committee ( NOC ) is a national constituent of the worldwide Olympic movement . Subject to the controls of the International Olympic Committee , NOCs are responsible for organizing their people ' s participation in the ___MASK83___ . They may nominate cities within their respective areas as candidates for future ___MASK83___ . NOCs also promote the development of athletes and training of coaches and officials at a national level within their geographies .", "The 14th Pan American Games were held in Santo Domingo , Dominican Republic , from August 1 until August 17 , 2003 . The successful bid for the games was made in the mid - 1990s , when Dominican Republic had one of the highest growth rates in Latin America .", "Juan Miguel Rossell Milanes ( born December 28 , 1969 in Jiguani , Granma ) is a beach volleyball player from Cuba , who won the gold medal in the men ' s beach team competition at the 2003 Pan American Games in Santo Domingo , Dominican Republic , partnering Francisco Alvarez . He represented his native country at the 1996 and the 2004 Summer Olympics ."], "candidates": ["___MASK3___", "___MASK63___", "___MASK83___"], "query": "participant_of juan rossell", "answer": "___MASK3___", "id": "WH_train_0"}, {"supports": ["Houston is the most populous city in Texas and the fourth - most populous city in the United States after Chicago , located in Southeast Texas near the Gulf of Mexico . With a census - estimated 2014 population of 2 . 239 million within an area of , it also is the largest city in the Southern United States , as well as the seat of Harris County . It is the principal city of Houston  The Woodlands  Sugar Land , which is the fifth - most populated metropolitan area in the United States of America .", "John Hillery Osteen ( August 21 , 1921 -- January 23 , 1999 ) was the founder and first pastor of Lakewood Church in Houston , Texas , from its beginnings in 1959 until his death in 1999 . His son Joel Osteen then succeeded him as pastor .", "Lakewood Church is a nondenominational charismatic Christian megachurch located in Houston , Texas . It is the largest congregation in the United States , averaging about 52 , 000 attendees per week . The 16 , 800 - seat Lakewood Church Central Campus , home to four ___MASK46___ - language services and two Spanish - language services per week , is located at the former Compaq Center . Joel Osteen is the senior pastor of Lakewood Church with his wife , Victoria , who serves as co - pastor . Lakewood Church is a part of the Word of Faith movement .", "A Christian ( or ) is a person who follows or adheres to Christianity , an Abrahamic , monotheistic religion based on the life and teachings of Jesus Christ . \" Christian \" derives from the Koine ___MASK15___ word \" Christ\u00f3s \" (  ), a translation of the Biblical Hebrew term \" mashiach \".", "Mexico (, modern ___MASK67___ ), officially the United Mexican States , is a federal republic in the southern half of North America . It is bordered to the north by the United States ; to the south and west by the Pacific Ocean ; to the southeast by Guatemala , Belize , and the Caribbean Sea ; and to the east by the Gulf of Mexico . Covering almost two million square kilometers ( over 760 , 000 sq mi ), Mexico is the sixth largest country in the Americas by total area and the 13th largest independent nation in the world . With an estimated population of over 120 million , it is the eleventh most populous country and the most populous ___MASK25___ - speaking country in the world while being the second most populous country in Latin America . Mexico is a federation comprising 31 states and a federal district that is also its capital and most populous city . Other metropolises include Guadalajara , Monterrey , Puebla , Toluca , Tijuana and Le\u00f3n ."], "candidates": ["___MASK15___", "___MASK25___", "___MASK46___", "___MASK67___", "___MASK85___"], "query": "languages_spoken_or_written john osteen", "answer": "___MASK46___", "id": "WH_train_1"}, {"supports": ["Reptiles are tetrapod ( four - limbed vertebrate ) animals in the class Reptilia , comprising today ' s turtles , crocodilians , snakes , amphisbaenians , lizards , tuatara , and their extinct relatives . The study of these traditional ___MASK11___ orders , historically combined with that of modern amphibians , is called herpetology .", "Crocodiles ( subfamily Crocodylinae ) or true crocodiles are large aquatic reptiles that live throughout the tropics in Africa , Asia , the Americas and Australia . Crocodylinae , all of whose members are considered true crocodiles , is classified as a biological subfamily . A broader sense of the term ___MASK24___ , Crocodylidae that includes \" ___MASK72___ \", is not used in this article . The term ___MASK24___ here applies only to the species within the subfamily of Crocodylinae . The term is sometimes used even more loosely to include all extant members of the order ___MASK85___ , which includes \" ___MASK72___ \", the alligators and caimans ( family Alligatoridae ), the gharials ( family Gavialidae ), and all other living and fossil Crocodylomorpha .", "The skull is a bony structure that forms the head of the skeleton in most vertebrates . It supports the structures of the face and provides a protective cavity for the brain . The skull is composed of two parts : the cranium and the mandible . In the ___MASK84___ these two parts are the neurocranium and the viscerocranium or facial skeleton that includes the mandible as its largest bone . The skull forms the anterior most portion of the skeleton and is a product of cephalisation  housing the brain , and several sensory structures such as the eyes , ears , nose , and mouth . In the ___MASK84___ these sensory structures are part of the facial skeleton .", "The ___MASK85___ ( or Crocodylia ) are an order of mostly large , predatory , semiaquatic reptiles . They appeared 83 . 5 million years ago in the Late Cretaceous period ( Campanian stage ) and are the closest living relatives of birds , as the two groups are the only known survivors of the Archosauria . Members of the order ' s total group , the clade Pseudosuchia , appeared about 250 million years ago in the Early Triassic period , and diversified during the Mesozoic era . The order ___MASK85___ includes the true crocodiles ( family Crocodylidae ), the alligators and caimans ( family Alligatoridae ), and the gharial and false gharial ( family Gavialidae ). Although the term ' crocodiles ' is sometimes used to refer to all of these , a less ambiguous vernacular term for this group is crocodilians .", "___MASK46___ ( called amphisbaenians or worm lizards ) is a group of usually legless squamates , comprising over 180 extant species . Amphisbaenians are characterized by their long bodies , the reduction or loss of the limbs , and rudimentary eyes . As many species have a pink body and scales arranged in rings , they have a superficial resemblance to earthworms . While the genus \" ___MASK82___ \" retains forelimbs , all other genera are limbless . Although superficially similar to the snakes and Dibamidae , recent phylogenetic studies suggest that they are most closely related to the Lacertidae . Amphisbaenians are widely distributed , occurring in North America , Europe , Africa , South America , and the Caribbean . Most species are less than long . Little is known of them outside of their anatomy , and even that is difficult to study due to the mechanics of dissecting such small animals .", "Herpetology ( from Greek \"\" herpein \"\" meaning \" to creep \") is the branch of zoology concerned with the study of amphibians ( including frogs , toads , salamanders , newts , and caecilians ( ___MASK51___ )) and reptiles ( including snakes , lizards , amphisbaenids , turtles , terrapins , tortoises , crocodilians , and the tuataras ). Batrachology is a further subdiscipline of herpetology concerned with the study of amphibians alone .", "Proaigialosaurus is an extinct genus of semi - aquatic ___MASK93___ ___MASK11___ . The genus was erected by Kuhn ( 1958 ) , based upon skull fragments , which have since been lost . Generally considered the oldest specimen of the lizard family Aigialosauridae , others have considered it to be a pleurosaurid , a marine sphenodontian ( the order to which the extant Tuatara belongs ) . Proaigialosaurus was discovered in the Solnhofen limestone formation of Bavaria , Germany . It was small ( less than a metre long ) .", "The Carboniferous is a geologic period and system that spans 60 million years from the end of the Devonian Period million years ago ( ___MASK47___ ), to the beginning of the Permian Period , ___MASK47___ . The name \" Carboniferous \" means \" coal - bearing \" and derives from the Latin words \" carb \" (\" coal \") and \" fer \" (\" I bear , I carry \"), and was coined by geologists William Conybeare and William Phillips in 1822 . Based on a study of the British rock succession , it was the first of the modern ' system ' names to be employed , and reflects the fact that many coal beds were formed globally during that time . The Carboniferous is often treated in North America as two geological periods , the earlier Mississippian and the later Pennsylvanian .", "The superclass ___MASK91___ ( Ancient Greek s tetrapods , \" four - footed \"), or the tetrapods , comprises the first four - limbed vertebrates and their descendants , including the living and extinct amphibians , birds , mammals , reptiles and some ancient , exclusively aquatic creatures such as the Acanthostega . Tetrapods evolved from the lobe - finned fishes around 390 million years ago in the middle Devonian Period , with modern tetrapod groups having appeared by the late Devonian , 367 . 5 million years ago . The specific aquatic ancestors of the tetrapods , and the process by which land colonization occurred , remain unclear , and are areas of active research and debate among palaeontologists at present .", "Snakes are elongated , legless , carnivorous reptiles of the suborder Serpentes that can be distinguished from legless lizards by their lack of eyelids and external ears . Like all squamates , snakes are ectothermic , amniote vertebrates covered in overlapping scales . Many species of snakes have skulls with several more joints than their ___MASK67___ ancestors , enabling them to swallow prey much larger than their heads with their highly mobile jaws . To accommodate their narrow bodies , snakes ' paired organs ( such as kidneys ) appear one in front of the other instead of side by side , and most have only one functional lung . Some species retain a pelvic girdle with a pair of vestigial claws on either side of the cloaca .", "A genus ( genera ) is a taxonomic rank used in the biological classification of living and fossil organisms in biology . In the hierarchy of biological classification , genus comes above species and below family . In binomial nomenclature , the genus name forms the first part of the binomial species name for each species within the genus .", "Tuatara are reptiles endemic to New Zealand . Although resembling most lizards , they are part of a distinct lineage , the order ___MASK74___ . Their name derives from the Mori language , and means \" peaks on the back \". The single species of tuatara is the only surviving member of its order , which flourished around 200 million years ago . Their most recent common ancestor with any other extant group is with the squamates ( lizards and snakes ). For this reason , tuatara are of great interest in the study of the evolution of lizards and snakes , and for the reconstruction of the appearance and habits of the earliest diapsids , a group of amniote tetrapods that also includes dinosaurs , birds , and crocodilians .", "Dinosaurs are a diverse group of animals of the clade Dinosauria that first appeared during the Triassic . Although the exact origin and timing of the evolution of dinosaurs is the subject of active research , the current scientific consensus places their origin between 231 and 243 million years ago . They became the dominant terrestrial vertebrates after the Triassic  Jurassic extinction event 201 million years ago . Their dominance continued through the Jurassic and Cretaceous periods and ended when the Cretaceous  Paleogene extinction event led to the extinction of most ___MASK26___ groups 66 million years ago .", "Lizards are a widespread group of squamate reptiles , with over 6 , 000 species , ranging across all continents except Antarctica , as well as most oceanic island chains . The group , traditionally recognized as the suborder Lacertilia , is defined as all extant members of the ___MASK57___ ( reptiles with overlapping scales ) that are neither sphenodonts ( i . e ., tuatara ) nor snakes  they form an evolutionary grade . While the snakes are recognized as falling phylogenetically within the ___MASK90___ clade from which they evolved , the sphenodonts are the sister group to the squamates , the larger monophyletic group , which includes both the lizards and the snakes .", "Diapsids (\" two arches \") are a group of amniote tetrapods that developed two holes ( temporal fenestra ) in each side of their skulls about 300 million years ago during the late Carboniferous period . The diapsids are extremely diverse , and include all crocodiles , lizards , snakes , tuatara , turtles , and dinosaurs ( both avian and non - avian ). Although some diapsids have lost either one hole ( lizards ), or both holes ( snakes and turtles ), or have a heavily restructured skull ( ___MASK13___ ), they are still classified as diapsids based on their ancestry . At least 7 , 925 species of ___MASK93___ reptiles exist in environments around the world today ( nearly 18 , 000 when birds are included ).", "In biology , an organism is any contiguous living system , such as an ___MASK70___ , plant , fungus , archaeon , or bacterium . All known types of organisms are capable of some degree of response to stimuli , reproduction , growth and development and homeostasis . An organism consists of one or more cells ; when it has one cell it is known as a unicellular organism ; and when it has more than one it is known as a multicellular organism . Most unicellular organisms are of microscopic scale and are thus loosely described as microorganisms . Humans are multicellular organisms composed of many trillions of cells grouped into specialized tissues and organs .", "Amphibians are ectothermic , tetrapod vertebrates of the class ___MASK52___ . Modern amphibians are all ___MASK5___ . They inhabit a wide variety of habitats , with most species living within terrestrial , fossorial , arboreal or freshwater aquatic ecosystems . Thus amphibians typically start out as larvae living in water , but some species have developed behavioural adaptations to bypass this . The young generally undergo metamorphosis from larva with gills to an adult air - breathing form with lungs . Amphibians use their skin as a secondary respiratory surface and some small terrestrial salamanders and frogs lack lungs and rely entirely on their skin . They are superficially similar to lizards but , along with mammals and birds , reptiles are amniotes and do not require water bodies in which to breed . With their complex reproductive needs and permeable skins , amphibians are often ecological indicators ; in recent decades there has been a dramatic decline in amphibian populations for many species around the globe .", "Binomial nomenclature ( also called binominal nomenclature or binary nomenclature ) is a formal system of naming species of living things by giving each a name composed of two parts , both of which use Latin grammatical forms , although they can be based on words from other languages . Such a name is called a binomial name ( which may be shortened to just \" binomial \"), a binomen or a scientific name ; more informally it is also called a Latin name . The first part of the name identifies the genus to which the species belongs ; the second part identifies the species within the genus . For example , humans belong to the genus \" ___MASK19___ \" and within this genus to the species \" ___MASK19___ sapiens \". The \" formal \" introduction of this system of naming species is credited to Carl Linnaeus , effectively beginning with his work \" Species Plantarum \" in 1753 . But Gaspard Bauhin , in as early as 1623 , had introduced in his book \" Pinax theatri botanici \" ( English , \" Illustrated exposition of plants \") many names of genera that were later adopted by Linnaeus ."], "candidates": ["___MASK11___", "___MASK13___", "___MASK19___", "___MASK24___", "___MASK26___", "___MASK46___", "___MASK47___", "___MASK51___", "___MASK52___", "___MASK57___", "___MASK5___", "___MASK67___", "___MASK70___", "___MASK72___", "___MASK74___", "___MASK82___", "___MASK84___", "___MASK85___", "___MASK8___", "___MASK90___", "___MASK91___", "___MASK93___"], "query": "parent_taxon proaigialosaurus", "answer": "___MASK57___", "id": "WH_train_2"}, {"supports": ["Binomial nomenclature ( also called binominal nomenclature or binary nomenclature ) is a formal system of naming species of living things by giving each a name composed of two parts , both of which use Latin grammatical forms , although they can be based on words from other languages . Such a name is called a binomial name ( which may be shortened to just \" binomial \"), a binomen or a scientific name ; more informally it is also called a Latin name . The first part of the name identifies the genus to which the species belongs ; the second part identifies the species within the genus . For example , humans belong to the genus \" ___MASK19___ \" and within this genus to the species \" ___MASK19___ sapiens \". The \" formal \" introduction of this system of naming species is credited to Carl Linnaeus , effectively beginning with his work \" Species Plantarum \" in 1753 . But Gaspard Bauhin , in as early as 1623 , had introduced in his book \" Pinax theatri botanici \" ( English , \" Illustrated exposition of plants \") many names of genera that were later adopted by Linnaeus .", "A genus ( genera ) is a taxonomic rank used in the biological classification of living and fossil organisms in biology . In the hierarchy of biological classification , genus comes above species and below family . In binomial nomenclature , the genus name forms the first part of the binomial species name for each species within the genus .", "___MASK5___ was a subfamily of crocodiles from Australia and the South Pacific that have now become extinct . They first appear in the fossil record in the Eocene in Australia , and survived until the Pleistocene in Australia and until the arrival of humans in the Pacific islands of Fiji , New Caledonia and Vanuatu . There is however disagreement on whether or not ___MASK5___ is a subfamily within Crocodylidae , or a distinct family , Mekosuchidae , on its own within the superfamily ___MASK53___ .", "Australosuchus is an extinct genus of crocodylian belonging to the subfamily ___MASK5___ . The type and only known species Australosuchus clarkae lived during the Late Oligocene and the Early Miocene of southern Australia . The generic name Australosuchus means `` Southern crocodile '' . It was described in 1991 from fossil material discovered at Lake Palankarinna in South Australia .", "In biology , an organism is any contiguous living system , such as an ___MASK80___ , plant , fungus , archaeon , or bacterium . All known types of organisms are capable of some degree of response to stimuli , reproduction , growth and development and homeostasis . An organism consists of one or more cells ; when it has one cell it is known as a unicellular organism ; and when it has more than one it is known as a multicellular organism . Most unicellular organisms are of microscopic scale and are thus loosely described as microorganisms . Humans are multicellular organisms composed of many trillions of cells grouped into specialized tissues and organs .", "Australia , officially the Commonwealth of Australia , is a country comprising the mainland of the Australian continent , the island of Tasmania and numerous smaller islands . It is the world ' s sixth - largest country by total ___MASK60___ . The neighbouring countries are Papua New Guinea , Indonesia and East Timor to the north ; the Solomon Islands and Vanuatu to the north - east ; and New Zealand to the south - east . Australia ' s capital is Canberra , and its largest urban ___MASK60___ is Sydney .", "Crocodiles ( subfamily Crocodylinae ) or true crocodiles are large aquatic reptiles that live throughout the tropics in Africa , Asia , the Americas and Australia . Crocodylinae , all of whose members are considered true crocodiles , is classified as a biological subfamily . A broader sense of the term ___MASK62___ , Crocodylidae that includes \" ___MASK16___ \", is not used in this article . The term ___MASK62___ here applies only to the species within the subfamily of Crocodylinae . The term is sometimes used even more loosely to include all extant members of the order ___MASK50___ , which includes \" ___MASK16___ \", the alligators and caimans ( family Alligatoridae ), the gharials ( family Gavialidae ), and all other living and fossil Crocodylomorpha ."], "candidates": ["___MASK16___", "___MASK19___", "___MASK23___", "___MASK50___", "___MASK53___", "___MASK5___", "___MASK60___", "___MASK62___", "___MASK80___", "___MASK84___"], "query": "parent_taxon australosuchus", "answer": "___MASK50___", "id": "WH_train_3"}, {"supports": ["In ___MASK69___ , buoyancy ( or ; also known as upthrust ) is an upward force exerted by a fluid that opposes the weight of an immersed object . In a column of fluid , pressure increases with depth as a result of the weight of the overlying fluid . Thus the pressure at the bottom of a column of fluid is greater than at the top of the column . Similarly , the pressure at the bottom of an object submerged in a fluid is greater than at the top of the object . This pressure difference results in a net upwards force on the object . The magnitude of that force exerted is proportional to that pressure difference , and ( as explained by Archimedes ' principle ) is equivalent to the weight of the fluid that would otherwise occupy the volume of the object , i . e . the displaced fluid .", "Liu Bei ( 161  10 June 223 ), courtesy name Xuande , was a warlord in the late Eastern Han dynasty who founded the state of Shu Han in the Three Kingdoms period and became its first ___MASK4___ . Despite early failings compared to his rivals and lacking both the material resources and social status they commanded , he gathered support along disheartened Han loyalists who objected to Cao Cao ' s reign over the emperor and relied heavily on this support . Liu Bei overcame his many defeats to carve out his own realm , which at its peak spanned present - day Sichuan , Chongqing , Guizhou , Hunan , parts of Hubei , and parts of Gansu .", "A courtesy name (\" zi \"), also known as a style name , is a name bestowed upon one at adulthood in addition to one ' s given name . This practice is a tradition in East Asian cultures , including China , Japan , Korea , and Vietnam .", "Cao Rui ( 204 or 206  22 January 239 ), courtesy name Yuanzhong , was the second ___MASK66___ of the state of Cao Wei during the Three Kingdoms period . His parentage is in dispute : his mother , Lady Zhen , was Yuan Xi ' s wife , but she later remarried Cao Pi , the first ___MASK4___ of Wei . Based on conflicting accounts of his age , Pei Songzhi calculated that , in order to be Cao Pi ' s son , Cao Rui could not have been 36 ( by East Asian age reckoning ) when he died as recorded , so the recorded age was in error ; Lu Bi and Mou Guangsheng argued instead that Cao Rui was Yuan Xi ' s son .", "Archimedes ' principle states that the upward buoyant force that is exerted on a body immersed in a fluid , whether fully or partially submerged , is equal to the weight of the fluid that the body displaces and acts in the upward direction at the centre of mass of the displaced fluid . Archimedes ' principle is a law of ___MASK76___ fundamental to fluid mechanics . It was formulated by Archimedes of Syracuse .", "China , officially the People ' s Republic of China ( PRC ), is a unitary ___MASK75___ state in East Asia . With a population of over 1 . 381 billion , it is the world ' s most populous country . The state is governed by the Communist Party of China , and its capital is Beijing . It exercises jurisdiction over 22 provinces , five autonomous regions , four direct - controlled municipalities ( Beijing , Tianjin , Shanghai , and Chongqing ), and two mostly self - governing special administrative regions ( Hong Kong and Macau ), and claims sovereignty over ___MASK29___ . The country ' s major urban areas include Shanghai , Guangzhou , Beijing , Chongqing , Shenzhen , Tianjin and Hong Kong . China is a great power and a major regional power within Asia , and has been characterized as a potential superpower .", "Japan (\" Nippon \" or \" Nihon \" ; formally \"\" or \" Nihon - koku \", means \" State of Japan \") is a ___MASK75___ island nation in Eastern Asia . Located in the Pacific Ocean , It is lying off the eastern coast of the Asia Mainland ( east of China , Korea , Russia ) and stretching from the Sea of Okhotsk in the north to the East China Sea and near ___MASK29___ in the southwest .", "___MASK66___ Gaozu of Han ( 256 BC  June 1 , 195 BC ), born Liu Bang , was the founder and first ___MASK66___ of the Han dynasty , reigning from 202  195 BC . He was one of the few dynasty founders in Chinese history with humble origin from the peasant class .", "Cao Wei ( 220  265 ) was one of the three ___MASK64___ states that competed for supremacy over China in the Three Kingdoms period ( 220  280 ). With its capital at Luoyang , the state was established by Cao Pi in 220 , based upon the foundations laid by his father , Cao Cao , towards the end of the Eastern Han dynasty . The name \" Wei \" first became associated with Cao Cao when he was named the ___MASK82___ of Wei by the Eastern Han government in 213 , and became the name of the state when Cao Pi proclaimed himself emperor in 220 . Historians often add the prefix \" Cao \" to distinguish it from other Chinese states known as \" Wei \", such as Wei of the Warring States period and Northern Wei of the Southern and Northern Dynasties . The authority of the ruling Cao family gradually weakened after the death of the second Wei emperor , Cao Rui , and eventually fell into the hands of Sima Yi , a Wei ___MASK87___ , and his family , in 249 . Cao Rui ' s successors remained as puppet rulers under the control of the Simas until Sima Yi ' s grandson , Sima Yan , forced the last Wei ruler , Cao Huan , to abdicate the throne and established the Jin dynasty .", "The Warring States period was an era in ancient Chinese history following the Spring and Autumn period and concluding with the Qin wars of conquest that saw the annexation of all other contender states , which ultimately led to the Qin state ' s victory in 221 BC as the first unified Chinese empire known as the Qin dynasty . Although different scholars point toward different dates ranging from 481 BC to 403 BC as the true beginning of the Warring States , Sima Qian ' s choice of 475 BC is generally the most often cited and popularly accepted one . The Warring States era also overlaps with the second half of the Eastern Zhou dynasty , though the Chinese ___MASK75___ , known as the ___MASK51___ of Zhou , ruled merely as a figurehead and served as a backdrop against the machinations of the warring states .", "Cao Chong ( 196 -- 208 ) , courtesy name Cangshu , was a son of Cao Cao , a warlord who rose to power towards the end of the Han dynasty and laid the foundation of the state of Cao Wei in the Three Kingdoms period . A child prodigy , Cao Chong is best known for his ingenious method of weighing an elephant using the principle of buoyancy . He was considered by his ___MASK45___ as a possible successor but died prematurely at the age of 12 .", "FLUID ( Fast Light User Interface ___MASK12___ ) is a graphical ___MASK26___ and GUI builder that is used to produce FLTK source code . FLUID edits and saves its state in text . fl files , which can be edited in a text ___MASK26___ for finer control over display and behavior .", "In ___MASK76___ , a force is any interaction that , when unopposed , will change the motion of an object . In other words , a force can cause an object with mass to change its velocity ( which includes to begin moving from a state of rest ), i . e ., to accelerate . Force can also be described intuitively as a push or a pull . A force has both magnitude and direction , making it a vector quantity . It is measured in the SI unit of newtons and represented by the symbol F .", "The end of the Han dynasty refers to the period of Chinese history from 189 to 220 AD , which roughly coincides with the tumultuous reign of the Han dynasty ' s last ___MASK4___ , Emperor Xian . During this period , the country was thrown into turmoil by the Yellow Turban Rebellion ( 184 - 205 ). Meanwhile , the Han Empire ' s institutions were destroyed by the warlord Dong Zhuo , and fractured into regional regimes ruled by various warlords , some of whom were nobles and officials of the Han imperial court . Eventually , one of those warlords , Cao Cao , was able to gradually reunify the empire , ostensibly under Emperor Xian ' s rule , but the empire was actually controlled by Cao Cao himself . Cao Cao ' s efforts to completely reunite the Han empire were rebuffed at the Battle of Red Cliffs in 208 / 209 , when his armies were defeated by the allied forces of Sun Quan and Liu Bei . The Han dynasty formally ended in 220 when Cao Cao ' s son and heir , Cao Pi , pressured Emperor Xian into abdicating in his favour . Cao Pi became the emperor of a new state , Cao Wei . A year later , in response to Cao Pi ' s usurpation of the Han throne , Liu Bei declared himself emperor of Shu Han ; and in 229 , Sun Quan followed suit , declaring himself emperor of Eastern Wu . The period from Emperor Xian ' s abdication in 220 to the partial reunification of China under the Jin dynasty in 265 was known as the Three Kingdoms era in Chinese history .", "Shu or Shu Han ( 221  263 ) was one of the three ___MASK64___ states that competed for supremacy over China in the Three Kingdoms period ( 220  280 ). The state was based in the area around present - day Sichuan and Chongqing , which was historically known as \" Shu \" after an earlier state in Sichuan named Shu . Shu Han ' s founder Liu Bei had named his state \" Han \" as he considered it the legitimate successor to the Han dynasty , while \" Shu \" is added to the name as a geographical prefix to differentiate it from the many \" Han \" states throughout Chinese history .", "Cao Huan ( 246 - 303 ), courtesy name Jingming , was the fifth and last ___MASK66___ of the state of Cao Wei during the Three Kingdoms period . In 265 , he abdicated the throne in favour of Sima Yan ( later ___MASK66___ Wu of the Jin dynasty ), and brought an end to the Wei regime . After his abdication , Cao Huan was granted the title \" Prince of Chenliu \" and held it until his death , after which he was posthumously honoured as \" ___MASK66___ Yuan ( of Cao Wei )\".", "Archimedes of Syracuse was a Greek ___MASK41___ , ___MASK68___ , engineer , inventor , and astronomer . Although few details of his life are known , he is regarded as one of the leading scientists in classical antiquity . Generally considered the greatest ___MASK41___ of antiquity and one of the greatest of all time , Archimedes anticipated modern calculus and analysis by applying concepts of infinitesimals and the method of exhaustion to derive and rigorously prove a range of geometrical theorems , including the area of a circle , the surface area and volume of a sphere , and the area under a parabola .", "___MASK69___ is a systematic enterprise that builds and organizes knowledge in the form of testable explanations and predictions about the universe .", "Cao Cao ( 155  15 March 220 ), courtesy name Mengde , was a Chinese warlord and the penultimate ___MASK93___ of the Eastern Han dynasty who rose to great power in the final years of the dynasty . As one of the central figures of the Three Kingdoms period , he laid the foundations for what was to become the state of Cao Wei and was posthumously honoured as \" ___MASK66___ Wu of Wei \". Although he is often portrayed as a cruel and merciless tyrant in subsequent literature , Cao Cao has also been praised as a brilliant ___MASK4___ and military genius who treated his subordinates like his family . During the fall of the Eastern Han dynasty , Cao Cao was able to secure the most populated and prosperous cities of the central plains and northern China . Cao had much success as the Han chancellor , but his handling of the Han emperor Liu Xie was heavily criticized and resulted in a continued and then escalated civil war . Opposition directly gathered around warlords Liu Bei and Sun Quan , whom Cao was unable to quell . Cao was also skilled in poetry and martial arts and wrote many war journals .", "The Battle of Red Cliffs , otherwise known as the Battle of Chibi , was a decisive battle fought at the end of the Han dynasty , about twelve years ___MASK22___ to the beginning of the Three Kingdoms period in Chinese history . It was fought in the winter of AD 208 / 9 between the allied forces of the southern warlords Liu Bei and Sun Quan and the numerically superior forces of the northern warlord Cao Cao . Liu Bei and Sun Quan successfully frustrated Cao Cao ' s effort to conquer the land south of the Yangtze River and reunite the territory of the Eastern Han dynasty . The allied victory at Red Cliffs ensured the survival of Liu Bei and Sun Quan , gave them control of the Yangtze , and provided a line of defence that was the basis for the later creation of the two southern states of Shu Han and Eastern Wu . The battle has been called the largest naval battle in history in terms of numbers involved .", "Vietnam , officially the ___MASK91___ Republic of Vietnam ( SRV ), is the easternmost country on the Indochina Peninsula in Southeast Asia . With an estimated 90 . 5 million inhabitants , it is the world ' s 14th - most - populous country , and the eighth - most - populous Asian country . Vietnam is bordered by China to the north , Laos to the northwest , Cambodia to the southwest , Thailand across the Gulf of Thailand to the southwest , and the Philippines , Malaysia and Indonesia across the South China Sea to the east and southeast . Its capital city has been Hanoi since the reunification of North and South Vietnam in 1976 .", "Wu ( 222  280 ), commonly known as Eastern Wu or Sun Wu , was one of the three ___MASK64___ states that competed for supremacy over China in the Three Kingdoms period ( 220  280 ). It previously existed from 220  222 as a vassal kingdom nominally under Cao Wei , its rival state , but declared independence from Wei and became a sovereign state in 222 . It became an empire in 229 after its founding ruler , Sun Quan , declared himself ' Emperor '. Its name was derived from the place it was based in  the Jiangnan ( Yangtze River Delta ) region , which was also historically known as \" Wu \". It was referred to as \" Eastern Wu \" or \" Sun Wu \" by historians to distinguish it from other Chinese historical states with similar names which were also located in that region , such as the Wu state in the Spring and Autumn period and the Wuyue kingdom in the Five Dynasties and Ten Kingdoms period . It was called \" Eastern Wu \" because it occupied most of eastern China in the Three Kingdoms period , and \" Sun Wu \" because the family name of its rulers was \" Sun \". During its existence , Wu ' s capital was at Jianye ( present - day Nanjing , Jiangsu ), but at times it was also at Wuchang ( present - day Ezhou , Hubei ).", "The Xin dynasty was a Chinese dynasty ( termed so despite having only one ___MASK66___ ) which lasted from 9 to 23 AD . It interrupted the Han dynasty , dividing it into the periods of the Western Han and the Eastern Han .", "Cao Pi ( 187  29 June 226 ), courtesy name Zihuan , was the first ___MASK66___ of the state of Cao Wei in the Three Kingdoms period . He was born in Qiao (  ; present - day Bozhou , Anhui ) as the second son of Cao Cao , a warlord who lived in the late Eastern Han Dynasty . However , he was the eldest son among all the children born to Cao Cao by his concubine ( later wife ) Lady Bian . Of all his brothers , Cao Pi was the shrewdest . Instead of focusing on academic studies or administering military affairs , he was always in the presence of court officials in order to gain their support . He was mostly in charge of defence at the start of his career . After the defeat of Cao Cao ' s rival Yuan Shao at the Battle of Guandu , he took the widow of Yuan Shao ' s son Yuan Xi , Lady Zhen , as a concubine , but in 221 Lady Zhen died and Guo N\u00fcwang became empress .", "Korea is a historical state in East Asia , since 1945 divided into two distinct ___MASK75___ states : North Korea ( officially the \" Democratic People ' s Republic of Korea \") and South Korea ( officially the \" Republic of Korea \"). Located on the Korean Peninsula , Korea is bordered by China to the northwest and Russia to the northeast . It is separated from Japan to the east by the Korea Strait and the East Sea .", "Dong Zhuo ( died 22 May 192 ), courtesy name Zhongying , was a ___MASK52___ and warlord who lived in the late Eastern Han Dynasty . He seized control of the capital Luoyang in 189 when it was in a state of turmoil following the death of ___MASK66___ Ling and a clash between the eunuch faction and some court officials led by ___MASK15___ - in - Chief He Jin . Dong Zhuo subsequently deposed ___MASK66___ Shao and instated ___MASK66___ Xian .", "In ___MASK69___ and ___MASK42___ , the weight of an object is usually taken to be the force on the object due to gravity . Weight is a vector whose magnitude ( a scalar quantity ), often denoted by an italic letter \" W \", is the product of the mass \" m \" of the object and the magnitude of the local gravitational acceleration \" g \"; thus : . The unit of measurement for weight is that of force , which in the International System of Units ( SI ) is the newton . For example , an object with a mass of one kilogram has a weight of about 9 . 8 newtons on the surface of the Earth , and about one - sixth as much on the Moon . In this sense of weight , a body can be weightless only if it is far away ( in principle infinitely far away ) from any other mass . Although weight and mass are scientifically distinct quantities , the terms are often confused with each other in everyday use ( i . e . comparing and converting force weight in pounds to mass in kilograms and vice versa ).", "The Han dynasty was the second imperial dynasty of China ( 206 BC  220 AD ), preceded by the Qin dynasty ( 221  206 BC ) and succeeded by the Three Kingdoms period ( 220  280 AD ). Spanning over four centuries , the Han period is considered a golden age in Chinese history . To this day , China ' s majority ethnic group refers to itself as the \" Han people \" and the Chinese ___MASK21___ is referred to as \" Han characters \". It was founded by the rebel ___MASK81___ Liu Bang , known posthumously as Emperor Gaozu of Han , and briefly interrupted by the Xin dynasty ( 9  23 AD ) of the former ___MASK87___ Wang Mang . This interregnum separates the Han dynasty into two periods : the Western Han or Former Han ( 206 BC  9 AD ) and the Eastern Han or Later Han ( 25  220 AD ).", "The Qin dynasty was the first dynasty of Imperial China , lasting from 221 to 206 BC . Named for its heartland of Qin , in modern - day Gansu and Shaanxi , the dynasty was formed after the conquest of six other states by the Qin state , and its founding ___MASK66___ named Qin Shi Huang , the First ___MASK66___ of Qin . The strength of the Qin state was greatly increased by the Legalist reforms of Shang Yang in the fourth century BC , during the Warring States period . In the mid and late third century BC , the Qin accomplished a series of swift conquests , first ending the powerless Zhou dynasty , and eventually conquering the other six of the Seven Warring States to gain control over the whole of China . It is also the shortest dynasty in Chinese history , lasting only 15 years with two emperors .", "The Three Kingdoms ( AD 220  280 ) was the tripartite division of China between the states of Wei , Shu , and Wu , following the Han dynasty and preceding the Jin dynasty . The term \" Three Kingdoms \" itself is something of a mistranslation , since each state was eventually headed not by a ___MASK51___ , but by an emperor who claimed legitimate succession from the Han dynasty . Nevertheless , the term \" Three Kingdoms \" has become standard among sinologists . To further distinguish the three states from other historical Chinese states of similar names , historians have added a relevant character : Wei is also known as Cao Wei , Shu is also known as Shu Han , and Wu is also known as Dong ( or Eastern ) Wu .", "In psychology ___MASK80___ literature , the term child prodigy is defined as a person under the age of ten who produces meaningful output in some domain to the level of an adult ___MASK24___ ___MASK89___ . Child prodigies are rare ; and , in some domains , there are no child prodigies at all . Prodigiousness in childhood does not always predict adult eminence .", "Sun Quan ( 182  252 ), courtesy name Zhongmou , formally known as ___MASK66___ Da of Wu ( lit . \" Great ___MASK66___ of Wu \"), was the founder of the state of Eastern Wu during the Three Kingdoms period . He inherited control of the warlord state founded by his elder brother Sun Ce in 200 . He declared formal independence and ruled from 222 to 229 as \" ___MASK51___ of Wu \" and from 229 to 252 as the \" ___MASK66___ of Wu \". Unlike his rivals Cao Cao and Liu Bei , Quan governed his empire mostly separate of politics and ideology , he is sometimes portrayed as neutral considering he accommodated the wills of both his rivals but only when it benefited his state of Wu and never fully attempted to conquer his rivals , although most of historians would cite his lack of logistical resources to do so .", "Sima Yi ( 179  7 September 251 ), courtesy name Zhongda , was a ___MASK15___ and politician of the state of Cao Wei in the Three Kingdoms period . He is perhaps best known for defending Wei from Zhuge Liang ' s Northern Expeditions . His success and subsequent rise in prominence paved the way for his grandson Sima Yan ' s founding of the Jin dynasty , which would eventually bring an end to the Three Kingdoms era . In 265 after the Jin dynasty was established , Sima Yi was posthumously honoured as Emperor Xuan of Jin with the temple name of Gaozu .", "Wang Mang ( c . 45  6 October 23 AD ), courtesy name Jujun (  ), was a Han Dynasty ___MASK90___ who seized the throne from the Liu family and founded the Xin ( or Hsin , meaning \" renewed \") Dynasty (  ), ruling 9  23 AD . The Han dynasty was restored after his overthrow , and his rule marks the separation between the Western Han Dynasty ( before Xin ) and Eastern Han Dynasty ( after Xin ). Some historians have traditionally viewed Wang as a usurper , while others have portrayed him as a visionary and selfless ___MASK18___ . Though a learned Confucian scholar who sought to implement the harmonious society he saw in the classics , his efforts ended in chaos .", "The Yellow Turban Rebellion , also translated as the Yellow Scarves Rebellion , was a ___MASK67___ revolt in China against the Han dynasty . The uprising broke out in the year 184 during the reign of ___MASK66___ Ling . It took 21 years until the uprising was suppressed in the year 205 . The rebellion , which got its name from the color of the cloths that the rebels wore on their heads , marked an important point in the history of Taoism due to the rebels ' association with secret Taoist societies . The revolt was also used as the opening event in Luo Guanzhong ' s historical novel \" Romance of the Three Kingdoms \"."], "candidates": ["___MASK12___", "___MASK15___", "___MASK16___", "___MASK18___", "___MASK21___", "___MASK22___", "___MASK24___", "___MASK26___", "___MASK29___", "___MASK41___", "___MASK42___", "___MASK45___", "___MASK4___", "___MASK51___", "___MASK52___", "___MASK64___", "___MASK66___", "___MASK67___", "___MASK68___", "___MASK69___", "___MASK75___", "___MASK76___", "___MASK77___", "___MASK80___", "___MASK81___", "___MASK82___", "___MASK87___", "___MASK89___", "___MASK90___", "___MASK91___", "___MASK93___", "___MASK99___"], "query": "occupation cao chong", "answer": "___MASK68___", "id": "WH_train_4"}]