<benchmark>
  <entries>
    <entry category="Politician" eid="Id1" size="2">
      <originaltripleset>
        <otriple>Aaron_S._Daggett | award | Purple_Heart</otriple>
        <otriple>Aaron_S._Daggett | battles | Battle_of_Fredericksburg</otriple>
      </originaltripleset>
      <modifiedtripleset>
        <mtriple>Aaron_S._Daggett | award | Purple_Heart</mtriple>
        <mtriple>Aaron_S._Daggett | battles | Battle_of_Fredericksburg</mtriple>
      </modifiedtripleset>
      <lex comment="good" lid="Id1">Aaron S. Daggett fought in the Battle of Fredericksburg and received the Purple Heart.</lex>
      <lex comment="good" lid="Id2">Aaron S Daggett, fought in battles, most notably the Battle of Fredericksburg, he was awarded the Purple Heart.</lex>
      <lex comment="good" lid="Id3">Aaron S Daggett was awarded the Purple Heart and fought in the Battle of Fredericksburg.</lex>
    </entry>
    </entries>
</benchmark>