idx	label	sentence
0	1	dot's objective in setting this rule should be to eliminate all bumping, not merely achieve some  reduction.
1	1	regardless of how many caveats an airline might state in its contract terms, passengers neither want nor deserve a ticket for an oversold seat.
2	1	bumping is a purely economic device that treats passengers as economic units devoid of humanity, like so many other aspects of airline behavior.
3	1	"""from that objective, it follows that there should be no cap on compensation and that the financial penalty to the airline should be strong enough to prevent bumping, not just keep it at some arbitrarily """"acceptable"""" level."""
4	1	the 100% of the total ticket price for expected arrival within 2 hours later is reasonable.
