a very typical bus station	http://lh6.ggpht.com/-IvRtNLNcG8o/TpFyrudaT6I/AAAAAAAAM6o/_11MuAAKalQ/IMG_3422.JPG?imgmax=800
sierra looked stunning in this top and this skirt while performing with person at their former university	http://78.media.tumblr.com/3b133294bdc7c7784b781b45eb9af7be/tumblr_nbirmjpEme1tkk0fco1_500.jpg
young confused girl standing in front of a wardrobe	https://media.gettyimages.com/photos/young-confused-girl-standing-in-front-of-a-wardrobe-picture-id511063329?s=612x612
interior design of modern living room with fireplace in a new house	https://thumb1.shutterstock.com/display_pic_with_logo/152074/125938838/stock-photo-interior-design-of-modern-living-room-with-fireplace-in-a-new-house-125938838.jpg
cybernetic scene isolated on white background .	https://thumb1.shutterstock.com/display_pic_with_logo/324673/177023534/stock-photo-cybernetic-scene-isolated-on-white-background-sci-fi-robot-arm-made-of-compound-metallic-as-a-177023534.jpg
