path	sentence	client_id
common_voice_ja_19779202.mp3	病気のため彼はその会合に出席できなかった。	51e9ed35447037faf8743d586cdb3e1ec9f5c36145456d83cad5e923288fd71278ff6fc1d932eb62a8693da3a224ac54418f66c8577dfa57bbc8a4f3497fe700
common_voice_ja_19779203.mp3	彼女は門のところに車を停めた。	51e9ed35447037faf8743d586cdb3e1ec9f5c36145456d83cad5e923288fd71278ff6fc1d932eb62a8693da3a224ac54418f66c8577dfa57bbc8a4f3497fe700
common_voice_ja_20097369.mp3	彼女は彼をちらりと見た。	2d928c67f344b5f47839839d08277137da3365c84393a5840a70cada5777fcc74ff69c96720bd4b18eb982f3c3a82f8c849e7acb983216eac72503e9fe1d81f9
common_voice_ja_20097370.mp3	空は広いです。	2d928c67f344b5f47839839d08277137da3365c84393a5840a70cada5777fcc74ff69c96720bd4b18eb982f3c3a82f8c849e7acb983216eac72503e9fe1d81f9
common_voice_ja_19499629.mp3	新しい靴をはいて出かけます。	15b7d87a73d28b37664fdf7fea1ff232f89e80ce954c9b90df97ceac3c4e2516428c5a86387beac5e88e2c15c153f3320511ba9bda01152f03fc16666a9121af
common_voice_ja_19806589.mp3	普段着でおいでください。	3bc8163d5ca5f39703b4a1d926f00a86ce1846805737f100ab8d7291cd496858cc023ec567365718f04c3a51bf15d7c6cffeaaaf67e5b1592393aabab5359905
