<?xml version="1.0" encoding="UTF-8"?>
<mteval>
<srcset setid="iwslt2017-tst2013" srclang="french">
<doc docid="1699" genre="lectures">
 <url>http://www.ted.com/talks/richard_turere_a_peace_treaty_with_the_lions</url>
 <description>TED Talk Subtitles and Transcript: Richard Turere, 13 ans, vit dans la communauté Masai, où le bétail est quelque chose de vital. Alors que les attaques de lions devenaient de plus en plus fréquentes, ce jeune inventeur nous livre un discours passionné sur une solution écologique qu'il a mise au point pour éloigner les prédateurs.</description>
 <keywords>talks, agriculture, biodiversity, technology</keywords>
 <talkid>1699</talkid>
 <title>Richard Turere : Traité de paix... avec des lions.</title>
 <reviewer href="http://www.ted.com/profiles/1776544">Ibrahima Sano</reviewer>
 <translator href="http://www.ted.com/profiles/1701467">Pierre Techoueyres</translator>
<seg id="1">  C'est là que je vis. Je vis au Kenya, au sud du Parc National de Nairobi.  </seg>
<seg id="2">  Derrière, ce sont les vaches de mon père, et derrière les vaches, c'est le Parc National de Nairobi.  </seg>
<seg id="3">  Le sud du Parc National de Nairobi n'est pas clôturé ce qui veut dire que des animaux sauvages, comme les zèbres, s'aventurent hors du parc en toute liberté.  </seg>
<seg id="4">  Ainsi, les prédateurs comme les lions les suivent et voilà ce qu'ils font  </seg>
<seg id="5">  Ils tuent notre bétail.  </seg>
