<?xml version="1.0" encoding="UTF-8"?>
<mteval>
<srcset setid="iwslt2017-tst2011" srclang="french">
<doc docid="1176" genre="lectures">
 <url>http://www.ted.com/talks/jok_church_a_circle_of_caring</url>
 <description>TED Talk Subtitles and Transcript: Au cours de cette conférence de 3 minutes, le dessinateur et éducateur Jok Church raconte une histoire émouvante d'une enseignante qui a pris soin de lui quand personne d'autre ne le faisait -- et comment il lui a rendu la pareille.</description>
 <keywords>talks, culture, education, love, storytelling</keywords>
 <talkid>1176</talkid>
 <title>Jok Church : un cercle d'attention</title>
 <reviewer href="http://www.ted.com/profiles/524687">Els De Keyser</reviewer>
 <translator href="http://www.ted.com/profiles/239263">Elisabeth Buffard</translator>
<seg id="1">  Vous savez, mon métier c'est d'écrire pour les enfants, et je suis probablement l'auteur pour enfants le plus lu d'Amérique, en fait.  </seg>
<seg id="2">  Je dis toujours au gens que je ne veux pas apparaitre en ayant l'air d'un scientifique.  </seg>
<seg id="3">  Je peux venir habillé comme un fermier, ou habillé de cuir, et personne n'a jamais choisi l'agriculteur.  </seg>
<seg id="4">  Je suis ici aujourd'hui pour vous parler de cercles et d'épiphanies.  </seg>
<seg id="5">  Et vous savez, une épiphanie, en général, c'est que vous vous apercevez de quelque chose que vous l'avez laissé tomber quelque part.  </seg>
