<benchmark>
  <entries>
    <entry category="ComicsCharacter" eid="Id1" shape="(X (X) (X) (X))" shape_type="sibling" size="3">
      <originaltripleset>
        <otriple>Airman_(comics) | creator | George_Kapitan</otriple>
        <otriple>Airman_(comics) | alterEgo | "Drake Stevens"@en</otriple>
        <otriple>Airman_(comics) | creators | Harry_Sahle</otriple>
      </originaltripleset>
      <originaltripleset>
        <otriple>Airman_(comics) | creator | Harry_Sahle</otriple>
        <otriple>Airman_(comics) | alterEgo | "Drake Stevens"@en</otriple>
        <otriple>Airman_(comics) | creators | George_Kapitan</otriple>
      </originaltripleset>
      <modifiedtripleset>
        <mtriple>Airman_(comicsCharacter) | creator | Harry_Sahle</mtriple>
        <mtriple>Airman_(comicsCharacter) | alternativeName | "Drake Stevens"</mtriple>
        <mtriple>Airman_(comicsCharacter) | creator | George_Kapitan</mtriple>
      </modifiedtripleset>
      <lex comment="good" lid="Id1">Airman, AKA Drake Stevens was created by Harry Sahle and George Kapitan.</lex>
      <lex comment="good" lid="Id2">The alternative name of the comic character Airman is "Drake Stevens". He was created by Harry Sahle and George Kapitan.</lex>
      <lex comment="good" lid="Id3">The comic character Airman, AKA Drake Stevens was created by Harry Sahle and George Kapitan.</lex>
    </entry>
    </entries>
</benchmark>