{"Questions": [{"Question-ID": "FreebaseQA-train-0", "RawQuestion": "What was Pierce Brosnan's first outing as 007?", "ProcessedQuestion": "what was pierce brosnan's first outing as 007", "Parses": [{"Parse-Id": "FreebaseQA-train-0.P0", "PotentialTopicEntityMention": "007", "TopicEntityName": "james bond", "TopicEntityMid": "m.0clpml", "InferentialChain": "film.film_character.portrayed_in_films..film.performance.film", "Answers": [{"AnswersMid": "m.01npcx", "AnswersName": ["goldeneye"]}]}, {"Parse-Id": "FreebaseQA-train-0.P1", "PotentialTopicEntityMention": "pierce brosnan", "TopicEntityName": "pierce brosnan", "TopicEntityMid": "m.018p4y", "InferentialChain": "film.actor.film..film.performance.film", "Answers": [{"AnswersMid": "m.01npcx", "AnswersName": ["goldeneye"]}]}]}, {"Question-ID": "FreebaseQA-train-1", "RawQuestion": "The 02 Arena is in which London borough?", "ProcessedQuestion": "the 02 arena is in which london borough", "Parses": [{"Parse-Id": "FreebaseQA-train-1.P0", "PotentialTopicEntityMention": "02 arena", "TopicEntityName": "the o2 arena", "TopicEntityMid": "m.09xfv", "InferentialChain": "location.location.containedby", "Answers": [{"AnswersMid": "m.0nqv1", "AnswersName": ["greenwich"]}]}]}, {"Question-ID": "FreebaseQA-train-2", "RawQuestion": "Who wrote the 1956 novel '101 Dalmatians'?", "ProcessedQuestion": "who wrote the 1956 novel '101 dalmatians'", "Parses": [{"Parse-Id": "FreebaseQA-train-2.P0", "PotentialTopicEntityMention": "101 dalmatians", "TopicEntityName": "101 dalmatians", "TopicEntityMid": "m.018gq3", "InferentialChain": "film.film.story_by", "Answers": [{"AnswersMid": "m.018k1r", "AnswersName": ["dodie smith"]}]}, {"Parse-Id": "FreebaseQA-train-2.P1", "PotentialTopicEntityMention": "101 dalmatians", "TopicEntityName": "101 dalmatians", "TopicEntityMid": "m.09g8x28", "InferentialChain": "book.written_work.author", "Answers": [{"AnswersMid": "m.018k1r", "AnswersName": ["dodie smith"]}]}]}, {"Question-ID": "FreebaseQA-train-3", "RawQuestion": "Which band's first top ten single was the 10538 Overture in 1972?", "ProcessedQuestion": "which band's first top ten single was the 10538 overture in 1972", "Parses": [{"Parse-Id": "FreebaseQA-train-3.P0", "PotentialTopicEntityMention": "10538 overture", "TopicEntityName": "10538 overture", "TopicEntityMid": "m.013bsxr", "InferentialChain": "music.recording.artist", "Answers": [{"AnswersMid": "m.02vgh", "AnswersName": ["electric light orchestra"]}]}, {"Parse-Id": "FreebaseQA-train-3.P1", "PotentialTopicEntityMention": "10538 overture", "TopicEntityName": "10538 overture", "TopicEntityMid": "m.0rqn80n", "InferentialChain": "music.release_track.release", "Answers": [{"AnswersMid": "m.0nsm8rp", "AnswersName": ["electric light orchestra"]}]}, {"Parse-Id": "FreebaseQA-train-3.P2", "PotentialTopicEntityMention": "10538 overture", "TopicEntityName": "10538 overture", "TopicEntityMid": "m.0v9tgx3", "InferentialChain": "music.album.artist", "Answers": [{"AnswersMid": "m.02vgh", "AnswersName": ["electric light orchestra"]}]}]}, {"Question-ID": "FreebaseQA-train-4", "RawQuestion": "The 1999 film 10 Things I Hate About You is based on which Shakespeare play?", "ProcessedQuestion": "the 1999 film 10 things i hate about you is based on which shakespeare play", "Parses": [{"Parse-Id": "FreebaseQA-train-4.P0", "PotentialTopicEntityMention": "10 things i hate about you", "TopicEntityName": "10 things i hate about you", "TopicEntityMid": "m.023m3f", "InferentialChain": "media_common.adaptation.adapted_from", "Answers": [{"AnswersMid": "m.0gxwz", "AnswersName": ["the taming of the shrew"]}]}, {"Parse-Id": "FreebaseQA-train-4.P1", "PotentialTopicEntityMention": "shakespeare", "TopicEntityName": "william shakespeare", "TopicEntityMid": "m.081k8", "InferentialChain": "film.film_story_contributor.film_story_credits", "Answers": [{"AnswersMid": "m.027yntx", "AnswersName": ["the taming of the shrew"]}]}, {"Parse-Id": "FreebaseQA-train-4.P2", "PotentialTopicEntityMention": "shakespeare", "TopicEntityName": "william shakespeare", "TopicEntityMid": "m.081k8", "InferentialChain": "theater.theatrical_lyricist.play_lyrics_written", "Answers": [{"AnswersMid": "m.0gxwz", "AnswersName": ["the taming of the shrew"]}]}]}]}