[{"Question-ID": "FreebaseQA-train-5196","RawQuestion": "Which architect designed the Crystal Palace for the Great Exhibition of 1851?","ProcessedQuestion": "which architect designed the crystal palace for the great exhibition of 1851","Parses": [{"Parse-Id": "FreebaseQA-train-5196.P0","PotentialTopicEntityMention": "crystal palace","TopicEntityName": "the crystal palace","TopicEntityMid": "m.0l19h","InferentialChain": "architecture.structure.architect","Answers": [{"AnswersMid": "m.0yqjm","AnswersName": ["joseph paxton"]}]}]},{"Question-ID": "FreebaseQA-train-5197","RawQuestion": "Who Directed the 2008 film 'Indiana Jones And The Kingdom Of The Crystal Skull'?","ProcessedQuestion": "who directed the 2008 film 'indiana jones and the kingdom of the crystal skull'","Parses": [{"Parse-Id": "FreebaseQA-train-5197.P0","PotentialTopicEntityMention": "crystal skull","TopicEntityName": "indiana jones and the kingdom of the crystal skull","TopicEntityMid": "m.04mcw4","InferentialChain": "film.film.directed_by","Answers": [{"AnswersMid": "m.06pj8","AnswersName": ["steven spielberg"]}]}]},{"Question-ID": "FreebaseQA-train-5198","RawQuestion": "Who plays the villainous Soviet agent Irina Spalko in the 2008 film 'Indiana Jones and the Kingdom of the Crystal Skull'?","ProcessedQuestion": "who plays the villainous soviet agent irina spalko in the 2008 film 'indiana jones and the kingdom of the crystal skull'","Parses": [{"Parse-Id": "FreebaseQA-train-5198.P0","PotentialTopicEntityMention": "crystal skull","TopicEntityName": "indiana jones and the kingdom of the crystal skull","TopicEntityMid": "m.04mcw4","InferentialChain": "film.film.starring..film.performance.actor","Answers": [{"AnswersMid": "m.0154qm","AnswersName": ["cate blanchett"]}]}]},{"Question-ID": "FreebaseQA-train-5187","RawQuestion": "Which company makes the Crunchie chocolate bar?","ProcessedQuestion": "which company makes the crunchie chocolate bar","Parses": [{"Parse-Id": "FreebaseQA-train-5187.P0","PotentialTopicEntityMention": "crunchie","TopicEntityName": "crunchie","TopicEntityMid": "m.04y057","InferentialChain": "food.candy_bar.manufacturer","Answers": [{"AnswersMid": "m.0f7n6","AnswersName": ["cadbury"]}]}]},{"Question-ID": "FreebaseQA-train-5188","RawQuestion": "Which Disney film includes the characters Bubbles,Crush and Mr Ray?","ProcessedQuestion": "which disney film includes the characters bubbles,crush and mr ray","Parses": [{"Parse-Id": "FreebaseQA-train-5188.P0","PotentialTopicEntityMention": "crush","TopicEntityName": "crush","TopicEntityMid": "m.0cl9kvf","InferentialChain": "film.film_character.portrayed_in_films..film.performance.film","Answers": [{"AnswersMid": "m.01jrbb","AnswersName": ["finding nemo"]}]}]}]
