<benchmark>
  <entries>
    <entry category="ComicsCharacter" eid="Id1" shape="(X (X) (X (X)))" shape_type="mixed" size="3">
      <originaltripleset>
        <otriple>René_Goscinny | nationality | French_people</otriple>
        <otriple>Asterix_(character) | creator | René_Goscinny</otriple>
        <otriple>Asterix_(character) | creators | Albert_Uderzo</otriple>
      </originaltripleset>
      <originaltripleset>
        <otriple>Asterix_(character) | creators | René_Goscinny</otriple>
        <otriple>René_Goscinny | nationality | French_people</otriple>
        <otriple>Asterix_(character) | creator | Albert_Uderzo</otriple>
      </originaltripleset>
      <modifiedtripleset>
        <mtriple>Asterix_(comicsCharacter) | creator | René_Goscinny</mtriple>
        <mtriple>René_Goscinny | nationality | French_people</mtriple>
        <mtriple>Asterix_(comicsCharacter) | creator | Albert_Uderzo</mtriple>
      </modifiedtripleset>
      <lex comment="good" lid="Id1">Asterix was created by Albert Uderzo and Rene Goscinny who is a French national.</lex>
      <lex comment="good" lid="Id2">The comic character Asterix, was created by Albert Uderzo and René Goscinny, who is French.</lex>
      <lex comment="good" lid="Id3">The comic book character Asterix was created by Albert Uderzo and the Frenchman René Goscinny.</lex>
    </entry>
    </entries>
</benchmark>