<benchmark>
  <entries>
    <entry category="CelestialBody" eid="Id2" shape="(X (X) (X) (X))" shape_type="sibling" size="3">
      <originaltripleset>
        <otriple>1000_Piazzia | orbitalPeriod | "488160.0"^^xsd:double</otriple>
        <otriple>1000_Piazzia | periapsis | 3.52497e+11</otriple>
        <otriple>1000_Piazzia | epoch | "2015-06-27"^^xsd:date</otriple>
      </originaltripleset>
      <originaltripleset>
        <otriple>1000_Piazzia | epoch | "27 June 2015 (JD2457200.5)"</otriple>
        <otriple>1000_Piazzia | orbitalPeriod | "488160.0"^^xsd:double</otriple>
        <otriple>1000_Piazzia | periapsis | 3.52497e+11</otriple>
      </originaltripleset>
      <modifiedtripleset>
        <mtriple>1000_Piazzia | orbitalPeriod | 488160.0</mtriple>
        <mtriple>1000_Piazzia | periapsis | 352497000000.0</mtriple>
        <mtriple>1000_Piazzia | epoch | 2015-06-27</mtriple>
      </modifiedtripleset>
      <lex comment="good" lid="Id1">The celestial body known as 1000 Piazzia has an orbital period of 488160. It has a periapsis of 352497000000.0 and the epoch date of, 2015-06-27.</lex>
    </entry>
    </entries>
</benchmark>