business,ജോലിയില്‍ നിന്ന് ഒരു ബ്രേക്ക് എടുക്കുന്നതിനു മുന്‍പ്..
business,കമ്ബോളങ്ങള്‍ കരടിയുടെ പിടിയില്‍
business,കൊച്ചി മെട്രോയുടെ ബ്രാന്‍ഡ് അംബാസിഡറായി നടന്‍ സുരേഷ് ഗോപിയെ നിയമിച്ചു
business,"ഇന്ധനവിലയില്‍ വീണ്ടും വര്‍ദ്ധനവ്, പെട്രോളിന് 14 പൈസയും ഡീസലിന് 15 പൈസയും വര്‍ദ്ധിച്ചു"
sports,ഫെഡറേഷന്‍ കപ്പ‌് അത‌്‌ലറ്റിക‌്സിന‌് ഇന്ന‌് തുടക്കം
business,ഓഹരി സൂചികകള്‍ നേട്ടത്തില്‍;  196 പോയന്റില്‍ ക്ലോസ് ചെയ്തു
