[{"viewed_doc_titles": ["The Simpsons"], "used_queries": [{"query": "When did the simpsons first air on television?", "results": [{"title": "History of The Simpsons", "snippet": "The <b>Simpsons</b> is an American animated <b>television</b> sitcom starring the animated \nSimpson family, ... Since its <b>debut</b> on December 17, 1989, the show <b>has</b> \nbroadcast 673 episodes and its 30th season started ... The <b>Simpsons first</b> season \n<b>was</b> the Fox network&#39;s <b>first TV</b> series to rank among a season&#39;s top 30 highest-\nrated shows."}, {"title": "The Simpsons", "snippet": "The <b>Simpsons</b> is an American animated sitcom created by Matt Groening for the \nFox ... Since its <b>debut</b> on December 17, 1989, 674 episodes of The <b>Simpsons</b> \nhave been broadcast. ... When producer James L. Brooks <b>was</b> working on the \n<b>television</b> variety show The Tracey Ullman Show, he decided to include small \nanimated&nbsp;..."}, {"title": "The Simpsons shorts", "snippet": "... in shorts from The Tracey Ullman Show as their <b>television debut</b> in 1987. The \n<b>Simpsons</b> shorts are a series of animated shorts that <b>aired</b> as a recurring \nsegment on Fox variety <b>television</b> series The Tracey ... The final short to <b>air was</b> &quot;\n<b>TV Simpsons</b>&quot;, originally airing on May 14, 1989. The <b>Simpsons</b> later debuted on\n&nbsp;..."}, {"title": "The Simpsons (season 1)", "snippet": "The <b>first</b> season of the American animated <b>television</b> series The <b>Simpsons</b> \noriginally <b>aired</b> on the Fox network between December 17, 1989, and May 13, \n1990, beginning with the Christmas special &quot;<b>Simpsons</b> Roasting on an Open Fire\n&quot;. The executive producers for the <b>first</b> production season <b>were</b> Matt Groening,&nbsp;..."}, {"title": "List of The Simpsons episodes", "snippet": "The <b>Simpsons</b> is an American animated <b>television</b> sitcom created by Matt \nGroening for the Fox ... Since its <b>debut</b> on December 17, 1989, The <b>Simpsons</b> \n<b>has</b> broadcast 674 episodes. The show holds several American <b>television</b> \nlongevity&nbsp;..."}, {"title": "The Simpsons opening sequence", "snippet": "The opening sequence of the American animated <b>television</b> series The <b>Simpsons</b> \nis among the most popular opening sequences in <b>television</b> and is accompanied \nby one of <b>television&#39;s</b> most recognizable theme songs. The <b>first</b> episode to use \nthis intro <b>was</b> the series&#39; second episode &quot;Bart the ... <b>was</b> the <b>first</b> episode of The \n<b>Simpsons</b> to <b>air</b> in 720p high-definition <b>television</b>,&nbsp;..."}, {"title": "Simpsons Roasting on an Open Fire", "snippet": "&quot;<b>Simpsons</b> Roasting on an Open Fire&quot;, titled onscreen as &quot;The <b>Simpsons</b> \nChristmas Special&quot;, is the premiere episode of the American animated <b>TV</b> series \nThe <b>Simpsons</b>, ... The show <b>was</b> originally intended to <b>debut</b> earlier in 1989 with &quot;\nSome Enchanted Evening&quot;, but due to animation problems with that episode, the \nshow&nbsp;..."}, {"title": "Stark Raving Dad", "snippet": "&quot;Stark Raving Dad&quot; is the <b>first</b> episode of the third season of the American \nanimated <b>television</b> series The <b>Simpsons</b>. It <b>first aired</b> on the Fox network in the \nUnited States on September 19, 1991. ... The <b>Simpsons was</b> the second highest \nrated show on Fox the week it <b>aired</b>, behind Married... with Children. &quot;Stark \nRaving Dad,&quot;&nbsp;..."}, {"title": "The Simpsons (season 20)", "snippet": "The <b>Simpsons</b>&#39; twentieth season <b>aired</b> on Fox from September 28, 2008 to May \n17, 2009. With this season, the show tied Gunsmoke as the longest-running \nAmerican primetime <b>television</b> series in terms of total number ... It <b>was</b> the <b>first</b>-\never episode of the show to <b>air</b> in Europe before being seen in the United States."}, {"title": "Non-English versions of The Simpsons", "snippet": "The animated <b>TV</b> show The <b>Simpsons</b> is an American English language \nanimated sitcom which ... The <b>Simpsons was</b> dubbed for the <b>first</b> time in Punjabi \nand <b>aired</b> on Geo <b>TV</b> in Pakistan. The name of the localised Punjabi version is \nTedi Sim&nbsp;..."}]}], "annotations": [{"type": "multipleQAs", "qaPairs": [{"question": "When did the Simpsons first air on television as an animated short on the Tracey Ullman Show?", "answer": ["April 19, 1987"]}, {"question": "When did the Simpsons first air as a half-hour prime time show?", "answer": ["December 17, 1989"]}]}], "nq_answer": ["December 17 , 1989"], "id": "-4469503464110108318", "nq_doc_title": "The Simpsons", "question": "When did the simpsons first air on television?"}, {"viewed_doc_titles": ["John Adams (miniseries)"], "used_queries": [{"query": "John adams tv", "results": [{"title": "John Adams (miniseries)", "snippet": "<b>John Adams</b> is a 2008 American <b>television</b> miniseries chronicling most of U.S. \nPresident <b>John Adams</b>&#39;s political life and his role in the founding of the United&nbsp;..."}, {"title": "John Adams (book)", "snippet": "<b>John Adams</b>. is a 2001 biography of the Founding Father and second U.S. \nPresident <b>John Adams</b>, written by the popular American historian David \nMcCullough, which won the 2002 Pulitzer Prize for Biography or Autobiography. \nIt has been made into a <b>TV</b> miniseries with the same name by HBO Films."}, {"title": "William Daniels", "snippet": "William David Daniels (born March 31, 1927) is an American actor, known for his \nroles as Dr. ... Daniels portrayed strict but loving educator George Feeny at <b>John</b> \n<b>Adams</b> High School in Boy Meets World from 1993 to 2000. ... A familiar \ncharacter actor, he has appeared as a guest star on numerous <b>TV</b> comedies and \ndramas,&nbsp;..."}, {"title": "Profiles in Courage (TV series)", "snippet": "Profiles in Courage is an American historical anthology series that was telecast \nweekly on NBC ... 7, December 27, 1964, <b>John Adams</b> &middot; David McCallum."}, {"title": "Talk:John Adams (miniseries)", "snippet": "&quot;The event is dramatized and shown as.... It portrays.... The show portrays <b>John</b> \n<b>Adams</b>.... Adams is depicted to&nbsp;..."}, {"title": "The Adams Chronicles", "snippet": "The Adams Chronicles is a thirteen-episode miniseries by PBS that aired in 1976 \nto ... The most prominent role in the series is <b>John Adams</b>, played by George \nGrizzard. ... The Adams Chronicles won a number of Emmy Awards for <b>television</b>\n&nbsp;..."}, {"title": "The Dead Zone (TV series)", "snippet": "The Dead Zone, a.k.a. Stephen King&#39;s Dead Zone (in USA) is an American/\nCanadian science ... Bruce Lewis (played by <b>John</b> L. <b>Adams</b>)\u2014A physiotherapist \nwho helps Johnny regain his strength after his coma. Bruce is an open-minded&nbsp;..."}, {"title": "List of television series and miniseries about the American Revolution", "snippet": "This is a list of <b>television</b> series and miniseries about the American Revolution. \nThis is a ... <b>John Adams</b> \u2013 2008 HBO biopic miniseries about <b>John Adams</b>, based \non David McCullough&#39;s biography also entitled <b>John Adams</b>. Sleepy Hollow \u2013 a&nbsp;..."}, {"title": "David Morse", "snippet": "David Bowditch Morse (born October 11, 1953) is an American actor, singer, \ndirector and writer. ... He portrayed George Washington in the 2008 HBO \nminiseries <b>John Adams</b>, which garnered him a second Emmy nomination. ... \nMorse&#39;s big break came in 1982 when he was cast in the <b>television</b> medical \ndrama St. Elsewhere."}, {"title": "Sons of Liberty (miniseries)", "snippet": "Sons of Liberty is an American <b>television</b> miniseries dramatizing the early \nAmerican Revolution ... Various American Revolutionary figures are central \ncharacters in various episodes, such as Samuel Adams, <b>John Adams</b>, Benjamin \nFranklin,&nbsp;..."}]}], "annotations": [{"type": "singleAnswer", "answer": ["David Morse"]}], "nq_answer": ["David Morse"], "id": "4790842463458965203", "nq_doc_title": "John Adams (miniseries)", "question": "Who played george washington in the john adams series?"}, {"viewed_doc_titles": ["Marriage age in the United States"], "used_queries": [{"query": "legal age of marriage in usa", "results": [{"title": "Marriage age in the United States", "snippet": "The <b>marriage age</b> in <b>the United States</b> is set by each state and territory, either by \nstatute or the common <b>law</b> applies. An individual can <b>marry in the United States</b>&nbsp;..."}, {"title": "Child marriage in the United States", "snippet": "According to a report published by the Tahirih Justice Center, there are 13 states \nin which there is no <b>minimum age</b> for <b>marriage</b>."}, {"title": "Marriageable age", "snippet": "Marriageable <b>age</b> (or <b>marriage age</b>) is the <b>minimum age</b> at which a person is \nallowed by <b>law to</b> ... In the <b>US</b>, the lax child <b>marriage</b> laws that exist in many \nstates have attracted international attention. In recent years, several <b>US</b> states \nhave&nbsp;..."}, {"title": "Marriage in the United States", "snippet": "In states with no set <b>minimum age</b>, the traditional common <b>law minimum age</b> is \n14 for boys and 12 for girls \u2013 <b>ages</b> which have&nbsp;..."}, {"title": "List of countries by age at first marriage", "snippet": "This is a list of countries by <b>age</b> at first <b>marriage</b>. Definition of <b>marriage</b> is the \n<b>legally</b> or formally ... <b>United States</b>, 29.3, 27.1, 28.2, 2.2, 1.08, 2015. Venezuela, \n26.0&nbsp;..."}, {"title": "Child marriage", "snippet": "However, even in developed countries such as <b>the United States legal</b> \nexceptions mean that 17 <b>US</b> states have no <b>minimum age</b>&nbsp;..."}, {"title": "Age disparity in sexual relationships", "snippet": "<b>Age</b> disparity in sexual relationships is the difference in <b>ages</b> of individuals in \nsexual ... A 2011 study suggested that <b>age</b> disparity in <b>marriage</b> is positively \ncorrelated with ... older or younger partners, and for excluding <b>the United States</b> \nfrom the study. ... at predicting the <b>minimum age</b> of woman that a man would \n<b>marry</b> or date."}, {"title": "Same-sex marriage law in the United States by state", "snippet": "License not issued to persons under <b>age</b> or to persons of the same sex. (b) It \nshall be the declared public policy of the State of Arkansas to recognize the \nmarital&nbsp;..."}, {"title": "Ages of consent in South America", "snippet": "The <b>age</b> of consent for sexual activity varies by jurisdiction across South <b>America</b>. \nThe specific ... Sexual acts with someone under this <b>minimum age</b> are <b>legally</b> \nclassified as sexual abuse. ... The Bolivian Family Code (Art. 44 and Art. 53) \nallows <b>marriage</b> if the male is 16 years or older and if the female is 14 years or \nolder with&nbsp;..."}, {"title": "Cousin marriage law in the United States", "snippet": "Cousin <b>marriage</b> laws in <b>the United States</b> vary considerably from one state to \nanother, ranging from cousin <b>marriages</b> being <b>legal</b> in some to being a criminal&nbsp;..."}]}], "annotations": [{"type": "multipleQAs", "qaPairs": [{"question": "What is the legal age of marriage, without parental consent or other authorization, in all but two states in the usa?", "answer": ["18 years of age", "18"]}, {"question": "What is the legal age of marriage, without parental consent or other authorization, in Nebraska?", "answer": ["19"]}, {"question": "What is the legal age of marriage, without parental consent or other authorization, in Mississippi?", "answer": ["21"]}, {"question": "What is youngest legal age of marriage possible in some US states when circumstances permit?", "answer": ["0"]}]}], "nq_answer": ["18", "Nebraska ( 19 )", "Mississippi ( 21 )"], "id": "-6631915997977101143", "nq_doc_title": "Age of marriage in the United States", "question": "What is the legal age of marriage in usa?"}, {"viewed_doc_titles": ["Barefoot in the Park", "Barefoot in the Park (film)"], "used_queries": [{"query": "Who starred in barefoot in the park on broadway?", "results": [{"title": "Barefoot in the Park", "snippet": "<b>Barefoot in the Park</b> is a romantic comedy by Neil Simon. The play premiered on \n<b>Broadway</b> in 1963, <b>starring</b> Robert Redford and Elizabeth Ashley. It was made&nbsp;..."}, {"title": "Barefoot in the Park (film)", "snippet": "<b>Barefoot in the Park</b> is a 1967 American comedy film <b>starring</b> Jane Fonda and \nRobert Redford. ... Gene Saks directed Redford, reprising his <b>Broadway</b> role of \nPaul, and Fonda, who replaced the play&#39;s Elizabeth Ashley. Mildred Natwick \nreprises&nbsp;..."}, {"title": "Barefoot in the Park (TV series)", "snippet": "<b>Barefoot in the Park</b> is an American sitcom that aired in 1970 on ABC. Based on \nthe Neil Simon&#39;s <b>Broadway</b> play of the same name, the series cast ... <b>Barefoot in</b> \n<b>the Park</b> had been a 1967 film <b>starring</b> Robert Redford and Jane Fonda."}, {"title": "Neil Simon", "snippet": "Marvin Neil Simon (July 4, 1927 \u2013 August 26, 2018) was an American playwright, \nscreenwriter ... It was followed by two more successes, <b>Barefoot in the Park</b> (1963\n) and The Odd ... Simon&#39;s first <b>Broadway</b> experience was on Catch a <b>Star</b>!"}, {"title": "Mildred Natwick", "snippet": "Mildred Natwick (June 19, 1905 \u2013 October 25, 1994) was an American stage, film \nand television actress. In 1967, she earned an Oscar nomination for her \nsupporting role in <b>Barefoot in the Park</b>. ... Natwick made her <b>Broadway</b> debut in \n1932 playing Mrs. Noble in Frank McGrath&#39;s play Carry Nation, about the famous\n&nbsp;..."}, {"title": "The Star-Spangled Girl", "snippet": "The <b>Star</b>-Spangled Girl is a comedy written by Neil Simon. The play is set in San \nFrancisco in the 1960s. Contents. 1 Production; 2 Plot overview; 3 History and \nreception; 4 Film; 5 References; 6 External links. Production[edit]. The <b>Star</b>-\nSpangled Girl opened on <b>Broadway</b> at the Plymouth Theatre on ... display on \n<b>Broadway</b> in <b>Barefoot in the Park</b> and The Odd Couple when The&nbsp;..."}, {"title": "Saint Subber", "snippet": "Arnold Saint-Subber (February 18, 1918 \u2013 April 19, 1994), usually known as \nSaint Subber, was ... on <b>Broadway</b>: <b>Barefoot in the Park</b>, The Odd Couple, The \n<b>Star</b>-Spangled Girl, Plaza Suite, Last of the Red Hot Lovers, The Gingerbread \nLady,&nbsp;..."}, {"title": "Sunday in the Park with George", "snippet": "Lapine directed and Patinkin and Peters <b>starred</b>, with ... Sunday opened on \n<b>Broadway</b> to mixed critical responses."}, {"title": "Elizabeth Ashley", "snippet": "... She&#39;s Mine, then later <b>starred</b> as Corie in the original <b>Broadway</b> production of \nNeil Simon&#39;s <b>Barefoot in the Park</b> (1963) and, later, as Maggie in a <b>Broadway</b>&nbsp;..."}, {"title": "Jules Munshin", "snippet": "Jules Munshin (February 22, 1915 \u2013 February 19, 1970) was an actor, comedian \nand singer who had made his name on <b>Broadway</b> when he <b>starred</b> in Call Me \nMister. His additional <b>Broadway</b> credits include The Gay Life and <b>Barefoot in the</b> \n<b>Park</b>."}]}], "annotations": [{"type": "multipleQAs", "qaPairs": [{"question": "Who starred in barefoot in the park on broadway as Corie Bratter?", "answer": ["Elizabeth Ashley"]}, {"question": "Who starred in barefoot in the park on broadway as Victor Velasco?", "answer": ["Kurt Kasznar"]}, {"question": "Who starred in barefoot in the park on broadway as Mrs. Banks?", "answer": ["Mildred Natwick"]}, {"question": "Who starred in barefoot in the park on broadway as Paul Bratter?", "answer": ["Robert Redford"]}, {"question": "Who starred in barefoot in the park on broadway as Telephone Man?", "answer": ["Herbert Edelman"]}, {"question": "Who starred in barefoot in the park on broadway as Delivery Man?", "answer": ["Joseph Keating"]}]}], "nq_answer": ["Robert Redford", "Elizabeth Ashley"], "id": "-3098213414945179817", "nq_doc_title": "Barefoot in the Park", "question": "Who starred in barefoot in the park on broadway?"}, {"viewed_doc_titles": ["Timeline of the Manhattan Project", "Manhattan Project"], "used_queries": [{"query": "When did the manhattan project began and end?", "results": [{"title": "Manhattan Project", "snippet": "The <b>Manhattan Project was</b> a research and development undertaking during \nWorld War II that ... The <b>Manhattan Project began</b> modestly in 1939, but grew to \nemploy more than 130,000 people ... The idea of locating Project Y at Oak Ridge \n<b>was</b> considered, but in the <b>end</b> it <b>was</b> decided that it should be in a remote \nlocation."}, {"title": "Timeline of the Manhattan Project", "snippet": "The <b>Manhattan Project was</b> a research and development project that produced \nthe first atomic ... The <b>Manhattan Project began</b> modestly in 1939, but grew to \nemploy more than 130,000 people and cost nearly ... July 15: The MAUD \nCommittee issues <b>final</b> detailed technical report on design and costs to develop a \nbomb."}, {"title": "Dayton Project", "snippet": "The Dayton Project <b>was</b> a research and development project to produce \npolonium during World ... The Dayton Project <b>began</b> in 1943 when Monsanto&#39;s \nCharles Allen Thomas <b>was</b> recruited by the Manhattan ... Port Hope <b>was</b> already \nunder contract from the <b>Manhattan Project</b> for the supply and refining of uranium \nore."}, {"title": "German nuclear weapons program", "snippet": "The German nuclear weapons project <b>was</b> an unsuccessful scientific effort led by \nGermany to ... The first effort <b>started</b> in April 1939, just months after the discovery \nof nuclear fission in December 1938, but <b>ended</b> only months ... For the <b>Manhattan</b> \n<b>Project</b>, the second condition <b>was</b> met on 9 October 1941 or shortly thereafter."}, {"title": "Ames Project", "snippet": "The Ames Project <b>was</b> a research and development project that <b>was</b> part of the \nlarger <b>Manhattan Project</b> to build ... Spedding and Wilhelm <b>began</b> looking for \nways to create the uranium metal. At the time, it <b>was</b> ... Thorium sold for $3 a gram \nbefore the war; by its <b>end</b>, the Ames Project <b>was</b> producing it for less than 5\u00a2 a \ngram."}, {"title": "Project Alberta", "snippet": "Project Alberta, also known as Project A, <b>was</b> a section of the <b>Manhattan Project</b> \nwhich assisted ... The <b>Manhattan Project began</b> in October 1941, just before U.S. \nentry into World War II. ... Tests continued until the <b>end</b> of the war in August 1945."}, {"title": "British contribution to the Manhattan Project", "snippet": "Britain contributed to the <b>Manhattan Project</b> by helping initiate the effort to build \nthe first atomic ... Initially the British project <b>was</b> larger and more advanced, but \nafter the United States entered the war, the American ... By the <b>end</b> of June 1945, \nit had supplied the <b>Manhattan Project</b> with 5,000 long tons (5,100 t) of nickel \npowder,&nbsp;..."}, {"title": "Y-12 National Security Complex", "snippet": "The Y-12 National Security Complex is a United States Department of Energy \nNational Nuclear Security Administration facility located in Oak Ridge, \nTennessee, near the Oak Ridge National Laboratory. It <b>was</b> built as part of the \n<b>Manhattan Project</b> for the purpose of enriching ... However, K-25 <b>did</b> not <b>begin</b> \noperating until March 1945 and fed slightly&nbsp;..."}, {"title": "Uranium mining and the Navajo people", "snippet": "In 1944, uranium mining under the U.S military&#39;s <b>Manhattan Project began</b> on \nNavajo Nation lands and on Lakota Nation lands. On August 1, 1946, the \nresponsibility for atomic science and technology <b>was</b> ... When forced relocation \nprograms <b>were ended</b> in 2007, the organization shifted focus to a broader variety \nof issues&nbsp;..."}, {"title": "The Manhattan Projects", "snippet": "The Manhattan Projects is a comic book series co-created by writer Jonathan \nHickman and artist Nick Pitarra published by Image Comics. It is a story about an \nalternate history of the <b>end</b> of World War II in which the <b>Manhattan Project was</b> a \nfront for other ... The series is a monthly ongoing and <b>began</b> in March 2012 to \nmuch critical&nbsp;..."}]}, {"query": "Manhattan project 1939", "results": [{"title": "Manhattan Project", "snippet": "The <b>Manhattan Project</b> was a research and development undertaking during \nWorld War II that ... The <b>Manhattan Project</b> began modestly in <b>1939</b>, but grew to \nemploy more than 130,000 people and cost nearly US$2 billion (about $23 \nbillion in&nbsp;..."}, {"title": "Timeline of the Manhattan Project", "snippet": "<b>1939</b>[edit]. August 2: Albert Einstein signs the letter (Einstein\u2013Szil\u00e1rd letter), \nauthored by physicist Le\u00f3 Szil\u00e1rd and addressed to President&nbsp;..."}, {"title": "Einstein\u2013Szil\u00e1rd letter", "snippet": "The Einstein\u2013Szil\u00e1rd letter was a letter written by Le\u00f3 Szil\u00e1rd and signed by \nAlbert Einstein that was sent to the United States President Franklin D. Roosevelt \non August 2, <b>1939</b>. ... own nuclear program. It prompted action by Roosevelt, \nwhich eventually resulted in the <b>Manhattan Project</b> developing the first atomic \nbombs."}, {"title": "German nuclear weapons program", "snippet": "The German nuclear weapons project was an unsuccessful scientific effort led by \nGermany to ... The first effort started in April <b>1939</b>, just months after the discovery \nof nuclear ... Even with all four of these conditions in place the <b>Manhattan Project</b> \nsucceeded only after the war in Europe had been brought to a conclusion."}, {"title": "Timeline of World War II", "snippet": "Eastern Front &middot; Manhattan Project &middot; United Kingdom home front &middot; Surrender of the \nAxis armies &middot; v &middot; t &middot; e. This is a list of timelines of events over the period of World \nWar II, as well as the prelude to the ... Pact (1918\u20131941); Timeline of Sweden \nduring World War II (1939\u20131945); Timeline of the <b>Manhattan Project</b> (<b>1939</b>\u20131947)\n&nbsp;..."}, {"title": "Leo Szilard", "snippet": "Leo Szilard was a Hungarian-German-American physicist and inventor. He \nconceived the nuclear chain reaction in 1933, patented the idea of a nuclear \nfission reactor in 1934, and in late <b>1939</b> wrote the letter for Albert Einstein&#39;s \nsignature that resulted in the <b>Manhattan Project</b> that built the atomic bomb."}, {"title": "Ernest Lawrence", "snippet": "Ernest Orlando Lawrence (August 8, 1901 \u2013 August 27, 1958) was a pioneering \nAmerican nuclear scientist and winner of the Nobel Prize in Physics in <b>1939</b> for \nhis invention of the cyclotron. He is known for his work on uranium-isotope \nseparation for the <b>Manhattan Project</b>,&nbsp;..."}, {"title": "John R. Dunning", "snippet": "John Ray Dunning (September 24, 1907 \u2013 August 25, 1975) was an American \nphysicist who played key roles in the <b>Manhattan Project</b> that ... On 25 January \n<b>1939</b>, Dunning was a member of the Columbia team that conducted the first \nnuclear&nbsp;..."}, {"title": "S-1 Executive Committee", "snippet": "The Uranium Committee was a committee of the National Defense Research \nCommittee ... It laid the groundwork for the <b>Manhattan Project</b> by initiating and \ncoordinating the early research efforts in the United States, and liaising with the ... \nThe Advisory Committee on Uranium reported to the President on November 1, \n<b>1939</b>."}, {"title": "Enrico Fermi", "snippet": "Enrico Fermi was an Italian\u2013American physicist and the creator of the world&#39;s first \nnuclear ... Fermi arrived in New York City on 2 January <b>1939</b>. ... The <b>Manhattan</b> \n<b>Project</b> was replaced by the Atomic Energy Commission (AEC) on 1 January&nbsp;..."}]}], "annotations": [{"type": "multipleQAs", "qaPairs": [{"question": "Based on the initial thoughts of the project, when did the Manhattan project begin and end?", "answer": ["Began 1939, end 1946"]}, {"question": "Based on when the project was being worked on, when did the Manhattan project begin and end?", "answer": ["Began 1942, end 1946"]}]}], "nq_answer": ["From 1942 to 1946"], "id": "-927805218867163489", "nq_doc_title": "Timeline of the Manhattan Project", "question": "When did the manhattan project began and end?"}]