sent_A,sent_B,category,label
Pada awalnya bangsa Israel hanya terdiri dari satu kelompok keluarga di antara banyak kelompok keluarga yang hidup di tanah Kan’an pada abad 18 SM .,Pada awalnya bangsa Yahudi hanya terdiri dari satu kelompok keluarga di antara banyak kelompok keluarga yang hidup di tanah Kan’an pada abad 18 SM .,menolak perubahan teks terakhir oleh istimewa kontribusi pengguna 141 109 98 87 141 109 98 87 dan mengembalikan revisi 6958053 oleh johnthorne,NotEntail
"Salah satu tekniknya adalah periplus , deskripsi pada pelabuhan dan daratan sepanjang garis pantai yang bisa dilihat pelaut di lepas pantai ; contoh pertamanya adalah Hanno sang Navigator dari Carthaginia dan satu lagi dari Laut Erythraea , keduanya selamat di laut menggunakan teknik periplus dengan mengenali garis pantai laut Merah dan Teluk Persi .",Bangsa Romawi memberi sumbangan pada pemetaan karena mereka banyak menjelajahi negeri dan menambahkan teknik baru .,sejarah geografi,NotEntail
Etnolinguistik antropologi adalah ilmu yang mempelajari pelukisan tentang ciri dan tata bahasa dan beratus-ratus bahasa suku-suku bangsa yang ada di dunia / bumi .,Etnolinguistik antropologi adalah ilmu yang mempelajari suku-suku bangsa yang ada di dunia / bumi .,definisi anthropologi menurut para ahli,NotEntail
"Sekarang , tidak ada yang tahu pasti kapan sejarah dimulai .",Sejarah dimulai pada awal penciptaan manusia .,1 penggantian istilah quot prasejarah quot dengan istilah quot praaksara quot dengan alasan bahwa istilah praaksara lebih tepat sebagai sebutan untuk masa dimana manusia belum mengenal tulisan 2 bahwa quot sejarah dimulai pada awal penciptaan awal manusia quot,NotEntail
"Soekarno tidak memilih bahasanya sendiri , Jawa ( yang sebenarnya juga bahasa mayoritas pada saat itu ) namun memilih Bahasa Indonesia yang dia dasarkan dari Bahasa Melayu yang dituturkan di Riau .","Dengan memilih Bahasa Melayu , para pejuang kemerdekaan bersatu lagi seperti pada masa Islam berkembang di Indonesia namun kali ini dengan tujuan persatuan dan kebangsaan .",bahasa indonesia,NotEntail
Kanak-kanak biasanya sembuh lebih cepat berbanding orang dewasa .,Anak-anak biasanya sembuh lebih cepat dibandingkan orang dewasa .,←suntingan special contributions 175 142 22 67 175 142 22 67 user talk 175 142 22 67 bicara dibatalkan ke versi terakhir oleh user ign christian ign christian,Entail_or_Paraphrase
Banyak orang yang menangap yahudi adalah semua musuh agama termasuk umat Christian .,Tetapi orang yahudi terlibat banyak dosa dan kebodohan .,menolak perubahan teks terakhir oleh istimewa kontribusi pengguna sandreyadam sandreyadam dan mengembalikan revisi 8080209 oleh mimihitam,NotEntail
Sitosol sel eukariota mengandung jaringan protein serat yang disebut sitoskeleton yang mempertahankan bentuk sel dan mengendalikan pergerakan struktur di dalam sel .,Jaringan protein serat sitoskeleton mempertahankan bentuk sel dan mengendalikan pergerakan struktur di dalam sel eukariota .,tambah,Entail_or_Paraphrase
"Diperkirakan sebanyak 4.000 orang tewas dalam peristiwa tersebut , meskipun Belanda telah memerintahkan mereka untuk menyerah .","Diperkirakan sebanyak 1 orang tewas dalam peristiwa tersebut , meskipun Belanda telah memerintahkan mereka untuk menyerah .",sejarah,NotEntail
"Provinsi Aceh , Daerah Istimewa Yogyakarta , Provinsi Papua Barat , dan Provinsi Papua memiliki hak istimewa legislatur yang lebih besar dan tingkat otonomi yang lebih tinggi dibandingkan provinsi lainnya .","Provinsi Aceh , Daerah Istimewa Yogyakarta , Papua Barat , dan Papua memiliki hak istimewa legislatur yang lebih besar dan tingkat otonomi yang lebih tinggi dibandingkan provinsi lainnya .",jumlah provinsi di indonesia secara de facto 34 provinsi dan secara de jure hanya 33 provinsi karena daerah istimewa yogyakarta berdasarkan undang undang nomor 13 tahun 2012 dan undang undang nomer 3 tahun 1950 adalah daerah otonomi setingkat provinsi,Entail_or_Paraphrase
"Setelah perang Pasifik berakhir pada tahun 1945 , di bawah tekanan organisasi pemuda , Soekarno-Hatta memproklamasikan kemerdekaan Indonesia pada tanggal 17 Agustus 1945 yang pada saat itu sedang bulan Ramadhan .","Setelah kemerdekaan , tiga pendiri bangsa yakni Soekarno , Mohammad Hatta , dan Sutan Sjahrir masing-masing menjabat sebagai presiden , wakil presiden , dan perdana menteri .",indonesia merdeka,NotEntail
Indonesia termasuk anggota dari Bahasa Melayu-Polinesia Timur sub kelompok dari bahasa Melayu-Polinesia yang pada gilirannya merupakan cabang dari bahasa Austronesia .,Indonesia termasuk anggota dari Bahasa Melayu-Polinesia Barat sub kelompok dari bahasa Melayu-Polinesia yang pada gilirannya merupakan cabang dari bahasa Austronesia .,klasifikasi betulkan yang salah,NotEntail
Orang-orang Yahudi yang gila kekuasaan dan berdiaspora telah lama bercita-cita untuk kembali ke Zion dan Tanah Israel .,Orang-orang Yahudi yang berdiaspora telah bercita-cita untuk kembali ke Zion dan Tanah Israel .,zionisme dan mandat britania,Entail_or_Paraphrase
"Dalam novel-novel tersebut , dikisahkan mengenai persinggungan pemuda perantau Minang dengan adat budaya Barat .","Dalam novel-novel tersebut , dikisahkan mengenai persinggungan pemuda perantau Minang dengan budaya Barat .",merantau dalam sastra,Entail_or_Paraphrase
Piranti lunak atau perangkat lunak adalah program komputer yang berfungsi sebagai sarana interaksi antara pengguna dan perangkat keras .,Perangkat lunak atau piranti lunak adalah program komputer yang berfungsi sebagai sarana interaksi antara pengguna dan perangkat keras .,iw,Entail_or_Paraphrase
"Di dataran tinggi Golan , garis pertahanan Israel yang hanya berjumlah 180 tank harus berhadapan dengan 1400 tank Suriah .","Sedangkan di terusan Suez , kurang dari 500 prajurit Israel berhadapan dengan 80.000 prajurit Mesir .",jalannya perang,NotEntail
"Seperti anak laki-laki lain yang berasal dari kelas atas di masa itu , masa kecilnya kebanyakan dihabiskan di asrama sekolah .","Seperti anak laki-laki lain yang berasal dari kelas atas pada masa itu , masa kecilnya kebanyakan dihabiskan di asrama sekolah .",bot penggantian teks otomatis di masa pada masa di masa pada masa di masa pada masa,Entail_or_Paraphrase
"Setelah kemerdekaan , empat orang Minangkabau duduk sebagai perdana menteri ( Sutan Syahrir , Mohammad Hatta , Abdul Halim , Muhammad Natsir ) , seorang sebagai wakil presiden ( Mohammad Hatta ) , seorang sebagai presiden Republik Indonesia dibawah RIS ( Assaat ) , seorang menjadi pimpinan parlemen ( Chaerul Saleh ) , dan puluhan yang menjadi menteri , di antara yang cukup terkenal ialah Agus Salim dan Muhammad Yamin .","Empat orang duduk sebagai perdana menteri ( Sutan Syahrir , Mohammad Hatta , Abdul Halim , Muhammad Natsir ) , seorang sebagai wakil presiden ( Mohammad Hatta ) , seorang sebagai presiden Republik Indonesia dibawah RIS ( Assaat ) , seorang menjadi pimpinan parlemen ( Chaerul Saleh ) , dan puluhan yang menjadi menteri , di antara yang cukup terkenal ialah Agus Salim dan Muhammad Yamin .",orang minangkabau dan pencapaiannya,Entail_or_Paraphrase
"Hal ini bertujuan untuk efisiensi kerja , karena dengan banyaknya organ tubuh menjadikan pembagian kerja akan semakin efektif .","Hal ini bertujuan untuk efisiensi kerja , karena dengan banyaknya organ tubuh maka pembagian kerja akan semakin efektif .",organ hewan fx,Entail_or_Paraphrase
"Secara tradisi , penggunaan berbagai dialek bahasa Bali ditentukan berdasarkan sistem catur warna dalam agama Hindu Dharma dan keanggotan klan ; meskipun pelaksanaan tradisi tersebut cenderung berkurang .","Secara tradisi , penggunaan berbagai dialek bahasa Bali ditentukan berdasarkan sistem catur warna dalam agama Hindu Dharma ; meskipun pelaksanaan tradisi tersebut cenderung berkurang .",demografi,Entail_or_Paraphrase
"Oleh karena elektron termasuk fermion , tiada dua elektron yang dapat menduduki keadaan kuantum yang sama sesuai dengan asas pengecualian Pauli .","Oleh karena elektron termasuk fermion , dua elektron berbeda tidak dapat menduduki keadaan kuantum yang sama sesuai dengan asas pengecualian Pauli .",copyedit,Entail_or_Paraphrase
"Saat bangsa Assyria menaklukkan Kerajaan Israel di tahun 722 SM , Yerusalem dikuatkan oleh serombongan besar pengungsi dari kerajaan utara .","Saat bangsa Assyria menaklukkan Kerajaan Israel pada tahun 722 SM , Yerusalem dikuatkan oleh serombongan besar pengungsi dari kerajaan utara .",bot penggantian teks otomatis di tahun pada tahun,Entail_or_Paraphrase
Kedua kata ini ditulis dengan huruf kanji yang sama .,Jepang disebut Nippon atau Nihon dalam bahasa Jepang .,nama jepang,NotEntail
"Pada masa kolonial , kebanyakan dari mereka yang terpelajar ini datang dari suatu tempat bernama Koto Gadang , suatu nagari yang dipisahkan dari kota Bukittinggi oleh lembah yang bernama Ngarai Sianok .",Raja Melewar merupakan raja pertama Negeri Sembilan yang diangkat pada tahun 1773 .,orang minangkabau dan pencapaiannya,NotEntail
"Filsafat Timur adalah tradisi falsafi yang terutama berkembang di Asia , khususnya di India , Republik Rakyat Cina dan daerah-daerah lain yang pernah dipengaruhi budayanya .","Filsafat Timur adalah tradisi falsafi yang terutama berkembang di Asia , khususnya di India , Republik Rakyat Tiongkok dan daerah-daerah lain yang pernah dipengaruhi budayanya .",rrt,Entail_or_Paraphrase
"Salah satu konsep penting dalam biologi adalah konsep bahwa kehidupan berubah melalui mekanisme evolusi , dan bahwa semua kehidupan punya nenek moyang bersama .","Salah satu konsep penting dalam biologi adalah konsep bahwa kehidupan berubah melalui mekanisme evolusi , dan bahwa semua organisme punya nenek moyang bersama .",evolusi,Entail_or_Paraphrase
"Bentuk ini dipakai oleh Kesultanan Malaka , yang perkembangannya kelak disebut sebagai bahasa Melayu Tinggi .",Pada abad ke-15 berkembang bentuk yang dianggap sebagai bahasa Melayu Pertengahan ( medieval Malay ) .,sejarah,NotEntail
Pulau ini berpenduduk terbanyak di dunia dan merupakan salah satu wilayah terpadat di dunia .,Pulau ini dihuni oleh 60 % penduduk Indonesia .,conciseness redundancy punctuation,NotEntail
Penemuan ini segera diikuti oleh isolasi virus dari manusia oleh sekelompok peneliti yang dipimpin oleh Patrick Laidlaw dari Konsili Penelitian Britania Raya pada tahun 1933 .,Penemuan ini segera diikuti oleh isolasi virus dari manusia oleh sekelompok peneliti yang dipimpin oleh Patrick Laidlaw dari Dewan Penelitian Britania Raya pada tahun 1933 .,pandemi,Entail_or_Paraphrase
"Hal ini bermakna bahwa angka kemiskinan relatif di Britania Raya lebih besar dibandingkan dengan semua negara-negara anggota Uni Eropa , kecuali empat negara anggota .",Hal ini bermakna bahwa angka kemiskinan relatif di Britania Raya lebih besar dibandingkan dengan semua ( kecuali empat ) negara-negara anggota Uni Eropa lainnya .,tambahan terakhir,Entail_or_Paraphrase
Semua sel dibatasi oleh suatu membran yang disebut membran plasma dan daerah di dalam sel yang disebut sitoplasma .,Semua sel dibatasi oleh suatu membran yang disebut membran plasma dan daerah di dalam sel disebut sitoplasma .,sunting nas,Entail_or_Paraphrase
"Dia kemudian meneruskan pendidikannya di Meer Uitgebreid Lager Onderwijs , sekolah tinggi Belanda yang junior , tetapi dia keluar sebelum lulus .","Dia kemudian meneruskan pendidikannya di Meer Uitgebreid Lager Onderwijs , sekolah menengah pertama belanda , tetapi dia keluar sebelum lulus .",masa kecil,Entail_or_Paraphrase
"Jepang menduduki Bali selama Perang Dunia II , dan saat itu seorang perwira militer bernama I Gusti Ngurah Rai membentuk pasukan Bali pejuang kemerdekaan .","Jepang menduduki Bali selama Perang Dunia VII , dan saat itu seorang perwira militer bernama I Gusti Ngurah Rai membentuk pasukan Bali pejuang kemerdekaan .",sejarah,NotEntail
"Dalam artikel-artikelnya ia menerangkan bahwa ekonomi seharusnya tidak ditegaskan melalui pokok persoalannya , tetapi sebaiknya ditegaskan sebagai pendekatan untuk menerangkan perilaku manusia .","Dalam artikelnya ia menerangkan bahwa ekonomi seharusnya tidak ditegaskan melalui pokok persoalannya , tetapi sebaiknya ditegaskan sebagai pendekatan untuk menerangkan perilaku manusia .",,Entail_or_Paraphrase
Suku Bugis mayoritas adalah pedagang jadi tidak heran jika rata-rata pasar di pulau ini dikuasai oleh Suku Bugis .,Suku Bugis adalah suku yang taat beragama .,bugis,NotEntail
"Sesampainya di tanah Madura pada awalnya prajurit Medangkemulan ini ingin membawa paksa Raden Segoro ke perahu , namun disitu terjadi keanehan yaitu para prajurit itu seluruhnya lumpuh tidak punya daya dan terjadi tiupang angin yang sangat kencang yang ingin menenggelamkan perahu-perahu itu .",Keesokan harinya raja memerintahkan patihnya untuk membawa beberapa perahu dan prajurit untuk meminta pertolongan Raden Segoro .,babad madura,NotEntail
"Jumlah protein yang dibutuhkan untuk membentuk capsid virus sperik ditentukan dalam koefisien T , yaitu sekitar 60t protein .",Kapsid virus sferik menyelubungi genom virus secara keseluruhan dan tidak terlalu berikatan dengan asam nukleat seperti virus heliks .,merapikan,NotEntail
"DNA pertama kali berhasil dimurnikan pada tahun 1868 oleh ilmuwan Swiss Friedrich Miescher di Tubingen , Jerman , yang menamainya nuclein berdasarkan lokasinya di dalam inti sel .","DNA pertama kali berhasil dimurnikan pada tahun 1868 oleh ilmuwan Swiss Friedrich Miescher , yang menamainya nuclein berdasarkan lokasinya di dalam inti sel .",sejarah,Entail_or_Paraphrase
"Masing-masing jenis tembang macapat memiliki jumlah gatra yang berbeda-beda dan untuk membedakan jenis sekar macapat antara yang satu dengan lainnya dapat dilihat dari jumlah gatra , guru lagu , dan guru wilangan .",Sekar macapat atau tembang macapat dapat diartikan sebagai salah satu bentuk sekar ( tembang ) yang menggunakan aturan guru wilangan dan guru lagu yang sudah ditentukan .,tembang macapat,NotEntail
Port Moresby dengan penduduk sebesar 193.242 ( 1990 ) adalah ibukota Papua Nugini dan terletak di Teluk Papua .,Port Moresby adalah ibu kota Papua Nugini dan terletak di pesisir Teluk Papua .,tambah info,Entail_or_Paraphrase
Masing-masing daerah pemilihan memilih seorang anggota parlemen dengan cara pluralitas sederhana ( simple plurality voting system ) .,"Untuk pemilihan anggota Dewan Rakyat , Britania Raya saat ini terbagi menjadi 650 daerah pemilihan .",←suntingan special contributions 39 252 160 91 39 252 160 91 user talk 39 252 160 91 bicara dibatalkan ke versi terakhir oleh user rachmat bot rachmat bot,NotEntail
"Ada berbagai macam corak musik Dangdut , antara lain Dangdut Melayu , Dangdut Modern ( Dangdut masa kini yang alat musiknya telah ditambah dengan alat musik modern ) , dan Dangdut Pesisir ( Lagu dangdut tradisional Jawa , Sunda , dll ) .","Ada berbagai macam corak musik Dangdut , antara lain Dangdut Melayu , Dangdut masa kini , dan Dangdut Pesisir ( Lagu dangdut tradisional Jawa , Sunda , dll ) .",seni budaya,Entail_or_Paraphrase
"Bahasa-bahasa melayu di kalimantan dikarenakan seluruh manusia penuturnya mempunyai bahasa yang berbeda ( Manusia Dayak ) meyebabkan bahasa melayu tersebut juga mempunyai banyak versi sesuai daerah asalnya , misal di daerah sanggau kapuas dikarenakan bunyi vokal bahasa Dayak di daerah tersebut kebanyakan berbunyi vokal o maka bahasa melayunya juga cenderung bervokal O misal kata ada akan di ucapkan menjadi ado , kata Ngapa ( Mengapa ) di ucapkan menjadi ngapo dan lain sebagainya .","Manusia Dayak meyebabkan bahasa melayu tersebut juga mempunyai banyak versi sesuai daerah asalnya , misal di daerah sanggau kapuas dikarenakan bunyi vokal bahasa Dayak di daerah tersebut kebanyakan berbunyi vokal o maka bahasa melayunya juga cenderung bervokal O misal kata ada akan di ucapkan menjadi ado , kata Ngapa ( Mengapa ) di ucapkan menjadi ngapo dan lain sebagainya .",←suntingan special contributions 180 244 253 208 180 244 253 208 user talk 180 244 253 208 bicara dikembalikan ke versi terakhir oleh user andri h andri h,Entail_or_Paraphrase
Lirik Hatikvah digubah oleh Naphtali Herz Imber ( 1856-1909 ) di Jassy pada tahun 1878 .,"Ia berasal dari Galisia ( sekarang berada di Polandia , Rumania dan Ukraina ) .",merapikan tata letak,NotEntail
"Sejak ditandatanganinya Perjanjian Jumat Agung pada tahun 1998 , sebagian besar kelompok paramiliter yang terlibat dalam konflik etnik-politik telah menghentikan kampanye militer mereka .","Sejak ditandatanganinya Persetujuan Jumat Agung pada tahun 1998 , sebagian besar kelompok paramiliter yang terlibat dalam konflik etnik-politik telah menghentikan kampanye militer mereka .",minor,Entail_or_Paraphrase
"Alat musik tradisional yang merupakan alat musik khas Indonesia memiliki banyak ragam dari pelbagai daerah di Indonesia , namun banyak pula alat musik tradisional Indonesia yang dicuri oleh negara lain untuk kepentingan penambahan budaya dan seni musiknya sendiri dengan mematenkan hak cipta seni dan warisan budaya Indonesia ke lembaga Internasional UNESCO .","Alat musik tradisional yang merupakan alat musik khas Indonesia memiliki banyak ragam dari pelbagai daerah di Indonesia , namun banyak pula dari alat musik tradisional Indonesia dicuri oleh negara lain untuk kepentingan penambahan budaya dan seni musiknya sendiri dengan mematenkan hak cipta seni budaya dari Indonesia .",wikifikasi,Entail_or_Paraphrase
Britania Raya juga berhubungan erat dengan Republik Irlandia dalam hal berbagi Kawasan Perjalanan Umum ( Common Travel Area ) dan banyak warga negara Irlandia yang menjadi anggota Angkatan Bersenjata Britania Raya .,Britania Raya juga berhubungan erat dengan Republik Irlandia dalam hal berbagi Kawasan Perjalanan Umum ( Common Travel Area ) dan banyak warga negara Irlandia yang menjadi Angkatan Bersenjata Britania Raya .,tambahan terakhir,Entail_or_Paraphrase
"Meskipun ada pendidikannya yang tak selesai , Chairil mempunyai penguasaan aktif bahasa Inggris , bahasa Belanda dan bahasa Jerman , dan dia terisi jam-jamnya dengan membaca seleksi internasional pengarang , termasuk Rainer M. Rilke , W.H. Auden , Archibald MacLeish , H. Marsman , J .","Pada usia sembilan belas tahun , setelah perceraian orang-tuanya , Chairil pindah dengan ibunya ke Jakarta di mana dia berkenalan dengan dunia sastera .",masa kecil,NotEntail
Kekuasaan legislatif dipegang oleh sebuah lembaga bernama Majelis Permusyawaratan Rakyat ( MPR ) yang terdiri dari dua badan yaitu DPR yang anggota-anggotanya terdiri dari wakil-wakil Partai Politik dan DPD yang anggota-anggotanya mewakili provinsi yang ada di Indonesia .,Setiap daerah diwakili oleh 4 orang yang dipilih langsung oleh rakyat di daerahnya masing-masing .,politik dan pemerintahan perbaiki hilangkan reduplikasi,NotEntail