<benchmark>
  <entries>
    <entry category="Building" eid="Id1" shape="(X (X) (X) (X) (X (X)))" shape_type="mixed" size="5">
      <originaltripleset>
        <otriple>103_Colmore_Row | buildingEndDate | "1976"</otriple>
        <otriple>103_Colmore_Row | floorCount | 23</otriple>
        <otriple>103_Colmore_Row | architect | John_Madin</otriple>
        <otriple>103_Colmore_Row | location | "Colmore Row, Birmingham, England"@en</otriple>
        <otriple>John_Madin | birthPlace | Birmingham</otriple>
      </originaltripleset>
      <originaltripleset>
        <otriple>103_Colmore_Row | floorCount | "23"^^xsd:positiveInteger</otriple>
        <otriple>103_Colmore_Row | completionDate | 1976</otriple>
        <otriple>103_Colmore_Row | architect | John_Madin</otriple>
        <otriple>103_Colmore_Row | location | "Colmore Row, Birmingham, England"@en</otriple>
        <otriple>John_Madin | birthPlace | Birmingham</otriple>
      </originaltripleset>
      <originaltripleset>
        <otriple>103_Colmore_Row | buildingEndDate | "1976"</otriple>
        <otriple>103_Colmore_Row | floorCount | "23"^^xsd:positiveInteger</otriple>
        <otriple>103_Colmore_Row | architect | John_Madin</otriple>
        <otriple>103_Colmore_Row | location | "Colmore Row, Birmingham, England"@en</otriple>
        <otriple>John_Madin | birthPlace | Birmingham</otriple>
      </originaltripleset>
      <originaltripleset>
        <otriple>103_Colmore_Row | completionDate | 1976</otriple>
        <otriple>103_Colmore_Row | floorCount | 23</otriple>
        <otriple>103_Colmore_Row | architect | John_Madin</otriple>
        <otriple>103_Colmore_Row | location | "Colmore Row, Birmingham, England"@en</otriple>
        <otriple>John_Madin | birthPlace | Birmingham</otriple>
      </originaltripleset>
      <modifiedtripleset>
        <mtriple>103_Colmore_Row | floorCount | 23</mtriple>
        <mtriple>103_Colmore_Row | completionDate | 1976</mtriple>
        <mtriple>103_Colmore_Row | architect | John_Madin</mtriple>
        <mtriple>103_Colmore_Row | location | "Colmore Row, Birmingham, England"</mtriple>
        <mtriple>John_Madin | birthPlace | Birmingham</mtriple>
      </modifiedtripleset>
      <lex comment="good" lid="Id1">103 Colmore Row is located on Colmore Row, Birmingham, England. It was designed by the architect, John Madin, Who was born in Birmingham. It has 23 floors and was completed in 1976.</lex>
      <lex comment="good" lid="Id2">103 Colmore Row, Birmingham, England was designed by the architect John Madin, who was born in the city. The building has 23 floors and construction was completed in 1976.</lex>
      <lex comment="good" lid="Id3">103 Colmore Row, completed in 1976 with 23 floors, is located on Colmore Row in Birmingham, England. It was designed by architect John Madin, who was born in Birmingham.</lex>
    </entry>
    </entries>
</benchmark>