<benchmark>
  <entries>
    <entry category="Monument" eid="Id1" shape="(X (X) (X))" shape_type="sibling" size="2">
      <originaltripleset>
        <otriple>11th_Mississippi_Infantry_Monument | category | Contributing_property</otriple>
        <otriple>11th_Mississippi_Infantry_Monument | municipality | Gettysburg,_Pennsylvania</otriple>
      </originaltripleset>
      <modifiedtripleset>
        <mtriple>11th_Mississippi_Infantry_Monument | category | Contributing_property</mtriple>
        <mtriple>11th_Mississippi_Infantry_Monument | municipality | Gettysburg,_Pennsylvania</mtriple>
      </modifiedtripleset>
      <lex comment="good" lid="Id1">The 11th Mississippi Infantry Monument is in the municipality of Gettysburg, Pennsylvania and is categorised as a contributing property.</lex>
      <lex comment="good" lid="Id2">The 11th Mississippi Infantry Monument is categorised as a contributing property and can be found in Gettysburg, Pennsylvania.</lex>
      <lex comment="good" lid="Id3">The 11th Mississippi Infantry Monument falls under the category of Contributing property and is placed in the municipality of Gettysburg in Pennsylvania.</lex>
    </entry>
    </entries>
</benchmark>