<entailment-corpus>
    <pair entailment="None" id="1" similarity="3.5">
        <t>Relembre-se que o atleta estava afastado dos relvados desde maio, altura em que contraiu uma lesão na perna esquerda.</t>
        <h>André Gomes entra em campo quatro meses depois de uma lesão na perna esquerda o ter afastado dos relvados.</h>
    </pair>
    <pair entailment="None" id="2" similarity="3.5">
        <t>O Sporting perdeu hoje com uma equipa muito mais experiente.</t>
        <h>O Sporting volta a perder com uma equipa russa, desta feita com o Lokomotiv.</h>
    </pair>
    <pair entailment="None" id="3" similarity="2.5">
        <t>Cédric cruza para Tiago, que não chega a tempo.</t>
        <h>Para os seus lugares, Cédric, Bruno Alves, Coentrão, Moutinho e Tiago.</h>
    </pair>
    <pair entailment="None" id="4" similarity="1.5">
        <t>Dessa forma, Turan só poderia ser inscrito em janeiro.</t>
        <h>Até Aleix Vidal e Arda Turan serem inscritos o Barcelona vai sofrer.</h>
    </pair>
    <pair entailment="None" id="5" similarity="3.0">
        <t>Os pupilos orientados por Andrés Madrid empatam a partida.</t>
        <h>A equipa orientada por Andrés Madrid ainda não conseguiu rematar à baliza de Júlio César.</h>
    </pair>
    </entailment-corpus>