<entailment-corpus>
    <pair entailment="None" id="1" similarity="2.0">
        <t>A gente faz o aporte financeiro, é como se a empresa fosse parceira do Monte Cristo.</t>
        <h>Fernando Moraes afirma que não tem vínculo com o Monte Cristo além da parceira.</h>
    </pair>
    <pair entailment="None" id="2" similarity="2.25">
        <t>Em 2013, a história de como Walt Disney convenceu P.L.</t>
        <h>P.L.Travers era completamente contra a adaptação de Walt Disney.</h>
    </pair>
    <pair entailment="None" id="3" similarity="3.75">
        <t>David Silva bateu escanteio, Kompany escalou as costas de Chiellini e o zagueiro marcou contra.</t>
        <h>David Silva cobrou escanteio, o zagueiro se apoiou em Chiellini e cabeceou.</h>
    </pair>
    <pair entailment="None" id="4" similarity="2.75">
        <t>Para os ambientalistas, as metas anunciadas pela presidente Dilma foram um avanço.</t>
        <h>Dilma aproveitou seu discurso ontem, na Conferência de Desenvolvimento Sustentável pós-2015 para anunciar desde já essas metas.</h>
    </pair>
    <pair entailment="None" id="5" similarity="2.0">
        <t>De acordo com a PM, por volta das 10h30 havia 2 mil militantes no local.</t>
        <h>O protesto encerrou por volta de 12h15 (horário local).</h>
    </pair>
    </entailment-corpus>