<benchmark>
  <entries>
    <entry category="Monument" eid="Id1" size="1">
      <originaltripleset>
        <otriple>11th_Mississippi_Infantry_Monument | category | Contributing_property</otriple>
      </originaltripleset>
      <modifiedtripleset>
        <mtriple>11th_Mississippi_Infantry_Monument | category | Contributing_property</mtriple>
      </modifiedtripleset>
      <lex comment="good" lid="Id1">The 11th Mississippi Infantry Monument falls under the category of Contributing property.</lex>
      <lex comment="good" lid="Id2">The 11th Mississippi Infantry Monument is categorized as a Contributing Property.</lex>
      <lex comment="good" lid="Id3">The 11th Mississippi Infantry Monument is categorised as a contributing property.</lex>
    </entry>
    </entries>
</benchmark>