<benchmark>
  <entries>
    <entry category="Building" eid="Id1" size="1">
      <originaltripleset>
        <otriple>103_Colmore_Row | architect | John_Madin</otriple>
      </originaltripleset>
      <modifiedtripleset>
        <mtriple>103_Colmore_Row | architect | John_Madin</mtriple>
      </modifiedtripleset>
      <lex comment="good" lid="Id1">103 Colmore Row was designed by the architect, John Madin.</lex>
      <lex comment="good" lid="Id2">103 Colmore Row was designed by the architect John Madin.</lex>
    </entry>
    </entries>
</benchmark>