<benchmark>
  <entries>
    <entry category="Politician" eid="Id1" shape="(X (X (X)))" shape_type="chain" size="2">
      <originaltripleset>
        <otriple>Abdul_Rahman_Ya'kub | deputy | Stephen_Yong_Kuet_Tze</otriple>
        <otriple>Abdul_Taib_Mahmud | successor | Abdul_Rahman_Ya'kub</otriple>
      </originaltripleset>
      <modifiedtripleset>
        <mtriple>Abdul_Rahman_Ya'kub | hasDeputy | Stephen_Yong_Kuet_Tze</mtriple>
        <mtriple>Abdul_Taib_Mahmud | successor | Abdul_Rahman_Ya'kub</mtriple>
      </modifiedtripleset>
      <lex comment="good" lid="Id1">Stephen Yong Kuet Tze is Abdul Rahman Ya'kub's deputy. Abdul Taib Mahmud was Abdul Rahman Ya'kub's successor.</lex>
      <lex comment="good" lid="Id2">Abdul Rahman Ya'kub, who succeeded Abdul Taib Mahmud, has a deputy named Stephen Yong Kuet Tze.</lex>
      <lex comment="good" lid="Id3">The successor of Abdul Taib Mahmud was Abdul Rahman Ya'kub, whose deputy is Stephen Yong Kuet Tze.</lex>
    </entry>
    </entries>
</benchmark>