<benchmark>
  <entries>
    <entry category="ComicsCharacter" eid="Id1" shape="(X (X (X)))" shape_type="chain" size="2">
      <originaltripleset>
        <otriple>April_O'Neil | creators | Peter_Laird</otriple>
        <otriple>Peter_Laird | nationality | United_States</otriple>
      </originaltripleset>
      <originaltripleset>
        <otriple>Peter_Laird | nationality | United_States</otriple>
        <otriple>April_O'Neil | creator | Peter_Laird</otriple>
      </originaltripleset>
      <modifiedtripleset>
        <mtriple>April_O'Neil | creator | Peter_Laird</mtriple>
        <mtriple>Peter_Laird | nationality | United_States</mtriple>
      </modifiedtripleset>
      <lex comment="good" lid="Id1">April O'Neil was created by Peter Laird, from the US.</lex>
      <lex comment="good" lid="Id2">The character, April O'Neil, was created by Peter Laird, a United States national.</lex>
      <lex comment="good" lid="Id3">April O'Neil was created by the American Peter Laird.</lex>
    </entry>
    </entries>
</benchmark>