path	translation	split
common_voice_es_19742144.mp3	After its release, it has received positive feedback from expert critics.	train
common_voice_es_19742146.mp3	Leaves are dried in the shade, in a ventilated place.	train
common_voice_es_19746113.mp3	Its boom came with the turn of the century.	dev
common_voice_es_19746114.mp3	It is native to Tropical West Africa and Borneo.	dev
common_voice_es_19698530.mp3	It lives in shallow, rocky water.	test
common_voice_es_19987333.mp3	It mainly operates regional cabotage and cargo flights.	test
