<data>
<text domain="fiction" id="f171">
<metadata>
<author> Aaron Dunlap </author>
<title> Mind + body </title>
<url> http://manybooks.net/pages/dunlapaother08mind_and_body/0.html </url>
</metadata>
<text_body> The biggest thorn in the paw of my grand plan to stop going to school was that my mom would probably notice that I wasn't going to school. It wasn't an issue, however. When I got home my mom was running around the house shuttling clothes from closets and drawers to open suitcases. "Are we going somewhere?" I asked, setting my car keys on the kitchen table. She stopped in place and stood up, looking at me for a moment. "I am," she started. "I've been talking to Aunt Cathy on the phone and I don't think she's doing very well, with the divorce and then your father. I'm going to spend a few days out there with her until she's feeling better." Cathy is my dad's sister and I always suspected her to be a bit batty. She didn't come from Delaware for my dad's, her brother's, funeral; said she wouldn't be able to drive herself, and nobody could pick her up. My mom continued, "Would that be alright? I mean, will you be okay by yourself for a while?" She must have noticed that I was handling things better than I had been at first. My dad died in January, it was now March. Seems like enough time to me. "I'll be fine," I said. "Nothing major going on, just school. Are you leaving tonight or tomorrow?" Nothing major. She left early the next morning, before I would normally leave for school. Before she left she told me not to throw any wild teenage drug parties. I told her I wouldn't know how if I wanted to. She left, I went back to bed. It's a marvelous feeling, to sleep right through the start of the school day. Skipping school is one thing, playing sick is one thing, but just not going to school is another feeling entirely. It felt like freedom. The kind of freedom that will cost you later, but at the time seems worth it. </text_body>
<questions>
<q id="0" type="Belief_states">
What does that narrator think of Cathy?
<a id="0" correct="True"> That she is a little nuts. </a>
<a id="1" correct="False"> not enough information </a>
<a id="2" correct="False"> That she is really nice. </a>
<a id="3" correct="False"> That she is mean. </a>
</q>
<q id="1" type="Temporal_order">
The narrator's dad died:
<a id="0" correct="False"> not enough information </a>
<a id="1" correct="False"> On the same day as Cathy's divorce </a>
<a id="2" correct="False"> Before Cathy got divorced </a>
<a id="3" correct="True"> After Cathy got divorced </a>
</q>
<q id="2" type="Entity_properties">
Where does Aunt Cathy live?
<a id="0" correct="False"> not enough information </a>
<a id="1" correct="False"> She lives on the west coast. </a>
<a id="2" correct="False"> She lives in the midwest. </a>
<a id="3" correct="True"> She lives on the east coast. </a>
</q>
<q id="3" type="Event_duration">
How long did it probably take for the narrator's mom to pack?
<a id="0" correct="False"> not enough information </a>
<a id="1" correct="False"> more than a day </a>
<a id="2" correct="True"> less than a day </a>
<a id="3" correct="False"> a few days </a>
</q>
<q id="4" type="Unanswerable">
What did the narrator do in the evening of the day their mother left?
<a id="0"> cleaning the kitchen </a>
<a id="1"> putting things in their places after the mother's packing </a>
<a id="2" correct="True"> not enough information </a>
<a id="3"> a teenage drug party </a>
</q>
<q id="5" type="Belief_states">
What does the narrator's mom think about how the narrator is handling the death of their father?
<a id="0" correct="False"> The mother thinks he is angry </a>
<a id="1" correct="False"> The mother thinks he feels marvelous </a>
<a id="2" correct="True"> The mother thinks he is getting better </a>
<a id="3" correct="False"> not enough information </a>
</q>
<q id="6" type="Subsequent_state">
After the story ends, the narrator probably:
<a id="0" correct="True"> enjoys his day </a>
<a id="1" correct="False"> not enough information </a>
<a id="2" correct="False"> calls Aunt Cathy </a>
<a id="3" correct="False"> joins his mother </a>
</q>
<q id="7" type="Temporal_order">
When did the narrator skip school?
<a id="0" correct="True"> After his mom went to Delaware. </a>
<a id="1" correct="False"> soon after his father's funeral. </a>
<a id="2" correct="False"> not enough information </a>
<a id="3" correct="False"> Before his mom went to Delaware. </a>
</q>
<q id="8" type="Causality">
Why did the narrator's mom leave the next morning?
<a id="0" correct="True"> To help Aunt Cathy </a>
<a id="1" correct="False"> To go to the school </a>
<a id="2" correct="False"> because her husband died </a>
<a id="3" correct="False"> not enough information </a>
</q>
<q id="9" type="Entity_properties">
How did the narrator probably handle his father's death?
<a id="0" correct="False"> He is not doing so well. </a>
<a id="1" correct="True"> He had a rough time at first but now is doing better. </a>
<a id="2" correct="False"> It didn't bother him at all. </a>
<a id="3" correct="False"> not enough information </a>
</q>
<q id="10" type="Character_identity">
Who went away the next morning?
<a id="0" correct="False"> not enough information </a>
<a id="1" correct="False"> The narrator. </a>
<a id="2" correct="True"> The narrator's mother. </a>
<a id="3" correct="False"> Cathy. </a>
</q>
<q id="11" type="Event_duration">
For how long did the narrator probably sleep after his mother left?
<a id="0" correct="False"> they slept for over five hours more </a>
<a id="1" correct="False"> they didn't sleep </a>
<a id="2" correct="True"> they slept for a few hours more </a>
<a id="3" correct="False"> not enough information </a>
</q>
<q id="12" type="Character_identity">
Who thought that the narrator was feeling better?
<a id="0" correct="False"> Aunt Cathy </a>
<a id="1" correct="True"> The narrator's mom </a>
<a id="2" correct="False"> not enough information </a>
<a id="3" correct="False"> The narrator's dad </a>
</q>
<q id="13" type="Unanswerable">
How long will it probably take to drive to Aunt Cathy's?
<a id="0"> Eight hours. </a>
<a id="1"> Four hours. </a>
<a id="2"> Twelve hours. </a>
<a id="3" correct="True"> not enough information </a>
</q>
<q id="14" type="Subsequent_state">
After the story ends, the narrator probably:
<a id="0" correct="True"> Continues to skip school </a>
<a id="1" correct="False"> not enough information </a>
<a id="2" correct="False"> Goes to Delaware </a>
<a id="3" correct="False"> Throws a party </a>
</q>
<q id="15" type="Factual">
Why did Cathy not come when the narrator's father died?
<a id="0" correct="False"> not enough information </a>
<a id="1" correct="True"> she probably didn't care that much </a>
<a id="2" correct="False"> she lost her car's keys </a>
<a id="3" correct="False"> her car broke </a>
</q>
<q id="16" type="Unanswerable">
Why did the narrator plan to skip school?
<a id="0"> because they were doing drugs </a>
<a id="1" correct="True"> not enough information </a>
<a id="2"> because they were depressed </a>
<a id="3"> because they wanted some freedom </a>
</q>
<q id="17" type="Factual">
What did the narrator do the day his mom left?
<a id="0" correct="False"> Went to Delaware </a>
<a id="1" correct="True"> Nothing </a>
<a id="2" correct="False"> not enough information </a>
<a id="3" correct="False"> Packed their clothes </a>
</q>
<q id="18" type="Entity_properties">
What is probably true about the narrator's mom?
<a id="0" correct="False"> She doesn't care if her son goes to school </a>
<a id="1" correct="False"> not enough information </a>
<a id="2" correct="True"> She cares about her sister-in-law's well-being </a>
<a id="3" correct="False"> She hates Delaware </a>
</q>
<q id="19" type="Causality">
Why is the narrator's mom going to Delaware?
<a id="0" correct="True"> To visit Aunt Cathy because she could use company. </a>
<a id="1" correct="False"> not enough information </a>
<a id="2" correct="False"> Because Delaware is beautiful in March. </a>
<a id="3" correct="False"> To visit Aunt Cathy and have a wild teenage party. </a>
</q>
<q id="20" type="Unanswerable">
What will happen in a few hours?
<a id="0"> The narrator will decide to go to school after all. </a>
<a id="1" correct="True"> not enough information </a>
<a id="2"> The narrator will throw a wild party. </a>
<a id="3"> The narrator's school will call. </a>
</q>
</questions>
</text>
<text domain="fiction" id="f172">
<metadata>
<author> Tom Reynolds </author>
<title> More blood, more sweat, and another cup of tea </title>
<url> http://manybooks.net/pages/reynoldstother09more_blood_more_sweat_another_cup_of_tea/0.html </url>
</metadata>
<text_body> Two a.m. and we are standing on the side of the road waiting for the fire service to take the top off the car in front of us. The wind whistles across the flats making us all shiver despite our fleeces and our jackets. Two cars have been involved in a high-speed road traffic accident (RTA), the parked car that was hit has been shunted forward leaving ten-yard-long skid marks. The cars aren't too damaged but the seats inside have shifted around, trapping the occupants. There are seven ambulances here, four fire trucks, half a dozen police and three ambulance officers with clipboards. There are eight patients, all but one need cutting from the cars and collaring and boarding. The only woman involved is 'walking wounded'. The reason that it is taking so long for our car to get its lid removed by the fire service is because of the position of one of the patients inside. He looks rather unwell and the crew looking after him really would like to get to him sooner rather than later. Our ambulance was fourth on scene. When I arrived I spoke to a stationmate to see what he wanted us to do, who he wanted us to look after. Normally he is the station clown, now he's all serious and professional, no fake beards or silly glasses. Everyone gets checked over, all the ambulance crews are calm, it's serious but it doesn't look like anyone is about to die; more a case of being careful moving the patients 'just in case'. The roof comes off the car and with the help of another crew and some firefighters we get our patient out safely and strapped to a board. He is freezing cold. He is not wearing warm clothing so the delay in getting him out and the terrible weather have us concerned for his body temperature. We are in a new ambulance so the heater works. Turning it up to full we are soon sweating as we assess the patient and prepare for transport. </text_body>
<questions>
<q id="0" type="Causality">
Why is it difficult to get the roof off the car?
<a id="0" correct="False"> Because the car is on fire </a>
<a id="1" correct="False"> not enough information </a>
<a id="2" correct="True"> Because of the people that are in it </a>
<a id="3" correct="False"> The fire service people are incompetent </a>
</q>
<q id="1" type="Character_identity">
Who is not dressed for the weather?
<a id="0" correct="True"> Patient </a>
<a id="1" correct="False"> Doctor </a>
<a id="2" correct="False"> not enough information </a>
<a id="3" correct="False"> Firefighter </a>
</q>
<q id="2" type="Subsequent_state">
Where is the person strapped to a board taken at the end of the story?
<a id="0" correct="False"> firefighters station </a>
<a id="1" correct="True"> Hospital </a>
<a id="2" correct="False"> Back into the car involved in RTA </a>
<a id="3" correct="False"> not enough information </a>
</q>
<q id="3" type="Factual">
How many women patients were in the accident?
<a id="0" correct="False"> not enough information </a>
<a id="1" correct="False"> eight </a>
<a id="2" correct="False"> seven </a>
<a id="3" correct="True"> one </a>
</q>
<q id="4" type="Temporal_order">
When do the paramedics feel that it's too hot?
<a id="0" correct="False"> not enough information </a>
<a id="1" correct="False"> before leaving the station. </a>
<a id="2" correct="True"> while they assess the patient </a>
<a id="3" correct="False"> when they arrive to the RTA spot </a>
</q>
<q id="5" type="Subsequent_state">
Soon after the end of this story, patient will probably
<a id="0" correct="True"> Call their insurance company. </a>
<a id="1" correct="False"> Go for a drive. </a>
<a id="2" correct="False"> not enough information </a>
<a id="3" correct="False"> Die. </a>
</q>
<q id="6" type="Temporal_order">
When did the narrator arrive to the scene?
<a id="0" correct="False"> before the police the Cop </a>
<a id="1" correct="False"> not enough information </a>
<a id="2" correct="True"> After 3 other ambulances </a>
<a id="3" correct="False"> Before the Fire truck </a>
</q>
<q id="7" type="Event_duration">
How long did it probably take the crew to assess the patient?
<a id="0" correct="False"> about an hour </a>
<a id="1" correct="True"> less than an hour </a>
<a id="2" correct="False"> not enough information </a>
<a id="3" correct="False"> more than an hour </a>
</q>
<q id="8" type="Causality">
Why is the patient cold?
<a id="0" correct="False"> Because he is dressed appropriately </a>
<a id="1" correct="True"> Because he is not dressed appropriately </a>
<a id="2" correct="False"> not enough information </a>
<a id="3" correct="False"> Because he was in a car accident. </a>
</q>
<q id="9" type="Unanswerable">
How many children does the patient have
<a id="0"> zero </a>
<a id="1"> seven </a>
<a id="2"> one </a>
<a id="3" correct="True"> not enough information </a>
</q>
<q id="10" type="Entity_properties">
What is the stationmate the most likely to do outside of work?
<a id="0" correct="False"> not enough information </a>
<a id="1" correct="False"> Sit in his room alone </a>
<a id="2" correct="False"> Go to the library </a>
<a id="3" correct="True"> Tell jokes </a>
</q>
<q id="11" type="Character_identity">
Who usually clowns around?
<a id="0" correct="False"> not enough information </a>
<a id="1" correct="False"> The crew </a>
<a id="2" correct="False"> The patient strapped to the board. </a>
<a id="3" correct="True"> The narrator's stationmate. </a>
</q>
<q id="12" type="Unanswerable">
What arrived first to the scene?
<a id="0"> An ambulance. </a>
<a id="1"> A police car. </a>
<a id="2"> A fire truck. </a>
<a id="3" correct="True"> not enough information </a>
</q>
<q id="13" type="Belief_states">
What does the narrator think of the situation?
<a id="0" correct="False"> not enough information </a>
<a id="1" correct="True"> That it is not life threatening. </a>
<a id="2" correct="False"> That it is hopeless. </a>
<a id="3" correct="False"> That it is life or death. </a>
</q>
<q id="14" type="Entity_properties">
What does the stationmate probably tell the crew to do?
<a id="0" correct="True"> To take care of the people with the worst injuries </a>
<a id="1" correct="False"> not enough information </a>
<a id="2" correct="False"> to remove the lid from the car </a>
<a id="3" correct="False"> to wear fake beards and silly glasses </a>
</q>
<q id="15" type="Factual">
What time of day was the accident?
<a id="0" correct="False"> In the late morning. </a>
<a id="1" correct="True"> late at night </a>
<a id="2" correct="False"> In the afternoon. </a>
<a id="3" correct="False"> not enough information </a>
</q>
<q id="16" type="Event_duration">
When did the accident probably occur?
<a id="0" correct="False"> A long time ago </a>
<a id="1" correct="False"> less than 5 minutes ago </a>
<a id="2" correct="False"> not enough information </a>
<a id="3" correct="True"> A short time ago </a>
</q>
<q id="17" type="Belief_states">
What does the narrator think of his stationmate?
<a id="0" correct="False"> not enough information </a>
<a id="1" correct="False"> He wears fake glasses </a>
<a id="2" correct="True"> He is the station clown </a>
<a id="3" correct="False"> He has a silly beard </a>
</q>
</questions>
</text>
</data>