<?xml version="1.0" ?>
<corpus lang="fr" source="frenchsemeval">
	
                     
	<text id="d000">
		<sentence fr_wikipedia.38533565="source" id="d000.s404" idx="404">
			<wf fine_pos="DET" lemma="le" pos="D">Les</wf>
			<wf fine_pos="NC" lemma="lutte" pos="N">luttes</wf>
			<wf fine_pos="V" lemma="pouvoir" pos="V">peuvent</wf>
			<wf fine_pos="VINF" lemma="venir" pos="V">venir</wf>
			<wf fine_pos="ADV" lemma="également" pos="ADV">également</wf>
			<wf fine_pos="P" lemma="de" pos="P">de</wf>
			<wf fine_pos="NC" lemma="rivalité" pos="N">rivalités</wf>
			<wf fine_pos="P" lemma="de" pos="P">de</wf>
			<wf fine_pos="NC" lemma="pouvoir" pos="N">pouvoir</wf>
			<wf fine_pos="PONCT" lemma="," pos="PONCT">,</wf>
			<wf fine_pos="CC" lemma="et" pos="C">et</wf>
			<wf fine_pos="P" lemma="dans" pos="P">dans</wf>
			<wf fine_pos="DET" lemma="le" pos="D">le</wf>
			<wf fine_pos="NC" lemma="cadre" pos="N">cadre</wf>
			<wf fine_pos="ADJ" lemma="urbain" pos="A">urbain</wf>
			<wf fine_pos="CLS" lemma="il" pos="CL">on</wf>
			<instance fine_pos="V" id="d000.s404.t000" lemma="agir" pos="V">agit</instance>
			<wf fine_pos="P" lemma="par" pos="P">par</wf>
			<wf fine_pos="DET" lemma="un" pos="D">des</wf>
			<wf fine_pos="NC" lemma="révolution" pos="N">révolutions</wf>
			<wf fine_pos="P" lemma="de" pos="P">de</wf>
			<wf fine_pos="NC" lemma="palais" pos="N">palais</wf>
			<wf fine_pos="PONCT" lemma="," pos="PONCT">,</wf>
			<wf fine_pos="P" lemma="comme" pos="P">comme</wf>
			<wf fine_pos="PRO" lemma="celui" pos="PRO">celle</wf>
			<wf fine_pos="PROREL" lemma="qui" pos="PRO">qui</wf>
			<wf fine_pos="V" lemma="aboutir" pos="V">aboutit</wf>
			<wf fine_pos="P+D" lemma="à" pos="P+D">au</wf>
			<wf fine_pos="NC" lemma="meurtre" pos="N">meurtre</wf>
			<wf fine_pos="P" lemma="de" pos="P">de</wf>
			<wf fine_pos="NPP" lemma="Sennacherib" pos="N">Sennacherib</wf>
			<wf fine_pos="P" lemma="dans" pos="P">dans</wf>
			<wf fine_pos="DET" lemma="le" pos="D">le</wf>
			<wf fine_pos="NC" lemma="temple" pos="N">temple</wf>
			<wf fine_pos="P" lemma="de" pos="P">de</wf>
			<wf fine_pos="NPP" lemma="Nabû" pos="N">Nabû</wf>
			<wf fine_pos="P" lemma="à" pos="P">à</wf>
			<wf fine_pos="NPP" lemma="Ninive" pos="N">Ninive</wf>
			<wf fine_pos="PONCT" lemma="." pos="PONCT">.</wf>
		</sentence>
	</text>
</corpus>

