<?xml version="1.0" ?>
<corpus lang="fr" source="wiktionary-190418">
	
                     
	<text id="d000">
		<sentence id="d000.s001" idx="1">
			<wf fine_pos="PONCT" lemma="&quot;" pos="PONCT">&quot;</wf>
			<wf fine_pos="CLS" lemma="ce" pos="CL">Ce</wf>
			<wf fine_pos="ADV" lemma="ne" pos="ADV">ne</wf>
			<wf fine_pos="V" lemma="être" pos="V">fut</wf>
			<wf fine_pos="ADV" lemma="pas" pos="ADV">pas</wf>
			<wf fine_pos="DET" lemma="un" pos="D">une</wf>
			<wf fine_pos="NC" lemma="révolution" pos="N">révolution</wf>
			<instance fine_pos="ADJ" id="d000.s001.t000" lemma="2.0" pos="A">2.0</instance>
			<wf fine_pos="PONCT" lemma="," pos="PONCT">,</wf>
			<wf fine_pos="CLS" lemma="ce" pos="CL">ce</wf>
			<wf fine_pos="V" lemma="être" pos="V">fut</wf>
			<wf fine_pos="DET" lemma="un" pos="D">une</wf>
			<wf fine_pos="NC" lemma="révolution" pos="N">révolution</wf>
			<wf fine_pos="P" lemma="de" pos="P">de</wf>
			<wf fine_pos="NC" lemma="rue" pos="N">rue</wf>
			<wf fine_pos="PONCT" lemma="." pos="PONCT">.</wf>
		</sentence>
	</text>
</corpus>