<benchmark>
  <entries>
    <entry category="University" eid="Id1" shape="(X (X) (X) (X) (X) (X) (X))" shape_type="sibling" size="6">
      <originaltripleset>
        <otriple>Accademia_di_Architettura_di_Mendrisio | country | Switzerland</otriple>
        <otriple>Accademia_di_Architettura_di_Mendrisio | dean | Mario_Botta</otriple>
        <otriple>Accademia_di_Architettura_di_Mendrisio | city | Mendrisio</otriple>
        <otriple>Accademia_di_Architettura_di_Mendrisio | established | 1996</otriple>
        <otriple>Accademia_di_Architettura_di_Mendrisio | facultySize | "100"^^xsd:nonNegativeInteger</otriple>
        <otriple>Accademia_di_Architettura_di_Mendrisio | canton | Ticino</otriple>
      </originaltripleset>
      <modifiedtripleset>
        <mtriple>Accademia_di_Architettura_di_Mendrisio | country | Switzerland</mtriple>
        <mtriple>Accademia_di_Architettura_di_Mendrisio | dean | Mario_Botta</mtriple>
        <mtriple>Accademia_di_Architettura_di_Mendrisio | city | Mendrisio</mtriple>
        <mtriple>Accademia_di_Architettura_di_Mendrisio | established | 1996</mtriple>
        <mtriple>Accademia_di_Architettura_di_Mendrisio | academicStaffSize | 100</mtriple>
        <mtriple>Accademia_di_Architettura_di_Mendrisio | location | Ticino</mtriple>
      </modifiedtripleset>
      <lex comment="good" lid="Id1">Accademia di Architettura di Mendrisio in Mendrisio, Switzerland has 100 employees, was established in 1996 and is overseen by Dean Mario Botta. The school's location is Ticino.</lex>
      <lex comment="good" lid="Id2">The Accademia di Architettura di Mendrisio in Mendrisio, Ticino Switzerland was established in 1996 and currently has 100 staff. The dean of the academy is Mario Botta.</lex>
      <lex comment="good" lid="Id3">The Accademia Di Architettura di Mendrisio is located in the city of Mendrisio, region Ticino in Switzerland. It was founded in 1996 and the dean is Mario Botta. There is currently 100 members of staff.</lex>
    </entry>
    </entries>
</benchmark>