<benchmark>
  <entries>
    <entry category="Astronaut" eid="Id1" shape="(X (X) (X) (X) (X) (X) (X))" shape_type="sibling" size="6">
      <originaltripleset>
        <otriple>Alan_Bean | nationality | United_States</otriple>
        <otriple>Alan_Bean | occupation | Test_pilot</otriple>
        <otriple>Alan_Bean | birthDate | "1932-03-15"^^xsd:date</otriple>
        <otriple>Alan_Bean | birthPlace | Wheeler,_Texas</otriple>
        <otriple>Alan_Bean | timeInSpace | "100305.0"^^&lt;http://dbpedia.org/datatype/minute&gt;</otriple>
        <otriple>Alan_Bean | status | "Retired"@en</otriple>
      </originaltripleset>
      <modifiedtripleset>
        <mtriple>Alan_Bean | nationality | United_States</mtriple>
        <mtriple>Alan_Bean | occupation | Test_pilot</mtriple>
        <mtriple>Alan_Bean | birthDate | "1932-03-15"</mtriple>
        <mtriple>Alan_Bean | birthPlace | Wheeler,_Texas</mtriple>
        <mtriple>Alan_Bean | timeInSpace | "100305.0"(minutes)</mtriple>
        <mtriple>Alan_Bean | status | "Retired"</mtriple>
      </modifiedtripleset>
      <lex comment="good" lid="Id1">Alan Bean is an American born on March 15, 1932 in Wheeler, Texas. He was a test pilot and spent a total of 100305 minutes in space. He is now retired.</lex>
      <lex comment="good" lid="Id2">Alan Bean (born 15th of March 1932 in Wheeler, Texas, US) served as a test pilot. He was in space for 70 days and is now retired.</lex>
      <lex comment="good" lid="Id3">Alan Bean was an American test pilot who was born in Wheeler, Texas on Mar 15, 1932. He spent 100305.0 minutes in space. He is retired.</lex>
    </entry>
    </entries>
</benchmark>