{"reviews": [{"index": "11262", "title": "Foarte slab", "content": "ca aspect este foarte frumoasa dar cine vrea sa se joace cu tastatura nu poate", "starRating": "1"}, {"index": "3890", "title": "Foarte multumit", "content": "se incarca repede si tine 3 incarcari complete ale telefonului.", "starRating": "5"}, {"index": "9413", "title": "\u021aeapa de zile mari!!!", "content": "in primul rand nu este de stica dupa cum spune producatorul, este una de plastic de nici 10 lei   calitatea este 0 a mea a venit gata zgariata plus de asta nu se lipeste pe ecran sub nici o forma desi am urmat atent instructiunile   daca nu aveti pe ce da bani comandati!", "starRating": "1"}, {"index": "9350", "title": "Nu merita cumparate", "content": "nu merita cumparate... sunt create cu limitare de volum. volumul lor este la jumate in comparatie cu al altor casti no name... chiar mai ieftine... ar trebui sa le returnez...", "starRating": "1"}, {"index": "7126", "title": "Recomand", "content": "un ceas excelent. face cam tot ce ai nevoie cata vreme nu-l compari cu un telefon.  baterie tine mult, il am de 17zile si mai are 20% baterie folosit intens.  primesti notificarile in timp real, nu se blocheaza este f. comod si arata premium.  nu-l comparati cu un ceas smart care tine bateria 1 zi este din alta categorie si se adreseaza celor care vor o extensie la telefon.", "starRating": "5"}]}