<benchmark>
  <entries>
    <entry category="Food" eid="Id1" size="2">
      <originaltripleset>
        <otriple>Ajoblanco | country | Spain</otriple>
        <otriple>Ajoblanco | ingredient | Garlic</otriple>
      </originaltripleset>
      <modifiedtripleset>
        <mtriple>Ajoblanco | country | Spain</mtriple>
        <mtriple>Ajoblanco | ingredient | Garlic</mtriple>
      </modifiedtripleset>
      <lex comment="good" lid="Id1">Garlic is an ingredient used in Ajoblanco which originates from the country of Spain.</lex>
      <lex comment="good" lid="Id2">Ajoblanco, containing the ingredient garlic, is from Spain.</lex>
      <lex comment="good" lid="Id3">Garlic is an ingredient in the regional dish of Spain's Ajoblanco.</lex>
    </entry>
    </entries>
</benchmark>