path	sentence	client_id
common_voice_it_19574384.mp3	"Questi programmi vengono spesso associati all'indicazione no-copyright."	fc8c6afbbf7bce3e54f50873ffca4d825264186281dfe5316a8ebd7fcd1d6d49b8f14de4814cc2d2b8ce660a777e265838d08aabc547c62435da55461b708a4d
common_voice_it_19574386.mp3	Ognuno è libero di leggere, correggere e trasformare il codice.	fc8c6afbbf7bce3e54f50873ffca4d825264186281dfe5316a8ebd7fcd1d6d49b8f14de4814cc2d2b8ce660a777e265838d08aabc547c62435da55461b708a4d
common_voice_it_20030672.mp3	Le navi rimaste in attività servirono anche nella Guerra di Corea.	28cf221cc57325e684234d81492735e36b85b89b327d3519aab5767efba86127b13cfb2a7f81e4113a96355cda6dcc9a612983aae27af75c0699eef41fcb7f68
common_voice_it_20030673.mp3	Dal Zotto	28cf221cc57325e684234d81492735e36b85b89b327d3519aab5767efba86127b13cfb2a7f81e4113a96355cda6dcc9a612983aae27af75c0699eef41fcb7f68
common_voice_it_20045040.mp3	"Fin dall'inizio la sede episcopale è stata immediatamente soggetta alla Santa Sede."	03da8c6f962c096e87e994ffbe75da5c7009c247ec4c7bad3630908a38ffb4c1fd05ff807b78fd5b137f987b5ef69255cff9b22858e8090525959ec8a285324b
common_voice_it_20060953.mp3	"È anche supportata una cifratura utente ""end-to-end""."	04e29175735f3db573355be7c7b1205393cefdf356811199e18bfd848267cdb878e22b3a8e7965692f5b894eb2f55fcd524bf610fab5f00412f79738e32bd512
