path	translation	split
common_voice_en_19664034.mp3	Эдгээр өгөгдлийн бүрэлдэхүүн хэсгүүд нь эргээд мэдээлэл солилцох "үүрэгт бүрэлдэхүүнүүд" болж өгдөг.	train
common_voice_en_19664035.mp3	Тухайн сүм нь Еврейчүүдийн Сионизмын улс төрийн хөдөлгөөнтэй холбоогүй.	train
common_voice_en_18540003.mp3	Ус хомс байгаа үед дэмий үрэхээс зайлсхийх хэрэгтэй.	dev
common_voice_en_18540005.mp3	Та түүнтэй хамт түүний үүд рүү хөтлөх болно.	dev
common_voice_en_699711.mp3	Тэр зүгээр ээ.	test
common_voice_en_18132047.mp3	Сайнаар төгсөх бүхэн сайхан.	test
