[{"video_ids": "bYeteZQrUcE", "video_titles": "Introduction", "playlist_ids": "PLs8w1Cdi-zvYwsjQk-C6SVK92z2y4xoBV", "channel_ids": "UCgBncpylJ1kiVaPyP-PZauQ", "is_single_simple_diff": [0, 0, 0, 0, 0, 0, 0, 0, 0, 0, 0, 0, 0, 0, 0, 0, 0, 0, 0, 0, 0, 0, 0, 0, 0, 0, 0, 0, 0, 0, 0, 0, 0, 0, 0, 0, 0, 0, 0, 0, 0, 0, 0, 0, 0, 0, 0, 0, 0, 0, 0, 0, 0, 0, 0, 0, 0, 0, 0, 0, 0, 0, 0, 0, 0, 0, 0, 0, 0, 0, 0, 0, 0, 0, 0, 0, 0, 0, 0, 0, 0, 0, 0, 0, 0, 0, 0, 0, 0, 0, 0, 0, 0, 0, 0, 0, 0, 0, 0, 0, 0, 0, 0, 0, 0, 0, 0, 0, 0, 0, 0, 0, 0, 0, 0, 0, 0, 0, 0, 0, 0, 0, 0, 0, 0, 0, 0, 0, 0, 0, 0, 0, 0, 0, 0, 0, 0, 0, 0, 0, 0, 0, 0, 0, 0, 0, 0, 0, 0, 0, 0, 0, 0, 0, 0, 0, 0, 0, 0, 0, 0, 0, 0, 0, 0, 0, 0, 0, 0, 0, 0, 0, 0, 0, 0, 0, 0, 0, 0, 0, 0, 0, 0, 0, 0, 0, 0, 0, 0, 0, 0, 0, 0, 0, 0, 0, 0, 0, 0, 0, 0, 0, 0, 0, 0, 0, 0, 0, 0, 0, 0, 0, 0, 0, 0, 0, 0, 0, 0, 0, 0, 0, 0, 0, 0, 0, 0, 0, 0, 0, 0, 0, 0, 0, 0, 0, 0, 0, 0, 0, 0, 0, 0, 0, 0, 0, 0, 0, 0, 0, 0, 0, 0, 0, 0, 0, 0], "default_seq": ["hi", "welcome", "to", "Udacity", "machine-learning", "nanodegree", "program", "my", "name", "is", "luis", "serrano", "and", "i'm", "a", "course", "developer", "here", "at", "Udacity", "but", "before", "I", "work", "here", "I", "was", "working", "on", "machine", "learning", "at", "Google", "for", "a", "few", "years", "I", "was", "using", "machine", "learning", "algorithms", "to", "generate", "video", "recommendations", "at", "YouTube", "machine", "learning", "is", "widely", "used", "for", "many", "cool", "things", "such", "as", "image", "and", "voice", "recognition", "spam", "detection", "fraud", "detection", "stock", "market", "teaching", "a", "computer", "how", "to", "play", "chess", "and", "of", "course", "self-driving", "cars", "so", "it", "may", "sound", "like", "something", "so", "useful", "must", "be", "pretty", "complicated", "but", "I'm", "here", "to", "show", "you", "that", "machine", "learning", "is", "actually", "pretty", "easy", "and", "most", "importantly", "a", "lot", "of", "fun", "so", "first", "off", "what", "is", "machine", "learning", "well", "we", "have", "the", "world", "and", "in", "the", "world", "we", "have", "humans", "and", "we", "have", "computers", "and", "one", "of", "the", "main", "differences", "between", "humans", "and", "computers", "is", "that", "humans", "learn", "from", "past", "experiences", "whereas", "computers", "need", "to", "be", "told", "what", "to", "do", "the", "interview", "programmed", "and", "now", "the", "question", "is", "can", "we", "get", "computers", "to", "learn", "from", "experience", "too", "and", "the", "answer", "is", "yes", "we", "can", "and", "that", "is", "precisely", "what", "machine", "learning", "is", "teaching", "computers", "to", "learn", "to", "perform", "tasks", "from", "past", "experiences", "of", "course", "for", "computers", "past", "experiences", "are", "just", "recorded", "as", "data", "so", "together", "we're", "going", "to", "look", "at", "a", "few", "examples", "in", "which", "we", "can", "teach", "the", "computer", "to", "learn", "from", "previous", "data", "and", "most", "importantly", "I'm", "going", "to", "show", "you", "that", "machine", "learning", "is", "actually", "pretty", "easy", "and", "nothing", "to", "fear"], "correction_seq": ["", "", "", "", "", "", "", "", "", "", "", "", "", "", "", "", "", "", "", "", "", "", "", "", "", "", "", "", "", "", "", "", "", "", "", "", "", "", "", "", "", "", "", "", "", "", "", "", "", "", "", "", "", "", "", "", "", "", "", "", "", "", "", "", "", "", "", "", "", "", "", "", "", "", "", "", "", "", "", "", "", "", "", "", "", "", "", "", "", "", "", "", "", "", "", "", "", "", "", "", "", "", "", "", "", "", "", "", "", "", "", "", "", "", "", "", "", "", "", "", "", "", "", "", "", "", "", "", "", "", "", "", "", "", "", "", "", "", "", "", "", "", "", "", "", "", "", "", "", "", "", "", "", "", "", "", "", "", "", "", "", "", "", "", "", "", "", "", "", "", "", "", "", "", "", "", "", "", "", "", "", "", "", "", "", "", "", "", "", "", "", "", "", "", "", "", "", "", "", "", "", "", "", "", "", "", "", "", "", "", "", "", "", "", "", "", "", "", "", "", "", "", "", "", "", "", "", "", "", "", "", "", "", "", "", "", "", "", "", "", "", "", "", "", "", "", "", "", "", "", "", "", "", "", "", "", ""]}]