[{"video_ids": "bYeteZQrUcE", "video_titles": "Introduction", "playlist_ids": "PLs8w1Cdi-zvYwsjQk-C6SVK92z2y4xoBV", "channel_ids": "UCgBncpylJ1kiVaPyP-PZauQ", "is_single_simple_diff": [0, 0, 0, 0, 0, 0, 0, 0, 0, 0, 0, 0, 0, 0, 0, 0, 0, 0, 0, 0, 0, 0, 0, 0, 0, 0, 0, 0, 0, 0, 0, 0, 0, 0, 0, 0, 0, 0, 0, 0, 0, 0, 0, 0, 0, 0, 0, 0, 0, 0, 0, 0, 0, 0, 0, 0, 0, 0, 0, 0, 0, 0, 0, 0, 0, 0, 0, 0, 0, 0, 0, 0, 0, 0, 0, 0, 0, 0, 0, 0, 0, 0, 0, 0, 0, 0, 0, 0, 0, 0, 0, 0, 0, 0, 0, 0, 0, 0, 0, 0, 0, 0, 0, 0, 0, 0, 0, 0, 0, 0, 0, 0, 0, 0, 0, 0, 0, 0, 0, 0, 0, 0, 0, 0, 0, 0, 0, 0, 0, 0, 0, 0, 0, 0, 0, 0, 0, 0, 0, 0, 0, 0, 0, 0, 0, 0, 0, 0, 0, 0, 0, 0, 0, 0, 0, 0, 0, 0, 0, 0, 0, 0, 0, 0, 0, 0, 0, 0, 0, 0, 0, 0, 0, 0, 0, 0, 0, 0, 0, 0, 0, 0, 0, 0, 0, 0, 0, 0, 0, 0, 0, 0, 0, 0, 0, 0, 0, 0, 0, 0, 0, 0, 0, 0, 0, 0, 0, 0, 0, 0, 0, 0, 0, 0, 0, 0, 0, 0, 0, 0, 0, 0, 0, 0, 0, 0, 0, 0, 0, 0, 0, 0, 0, 0, 0, 0, 0, 0, 0, 0, 0, 0, 0, 0, 0, 0, 0, 0, 0, 0, 0, 0, 0, 0, 0, 0, 0], "default_seq": ["hi", "welcome", "to", "Udacity", "machine-learning", "nanodegree", "program", "my", "name", "is", "luis", "serrano", "and", "i'm", "a", "course", "developer", "here", "at", "Udacity", "but", "before", "I", "work", "here", "I", "was", "working", "on", "machine", "learning", "at", "Google", "for", "a", "few", "years", "I", "was", "using", "machine", "learning", "algorithms", "to", "generate", "video", "recommendations", "at", "YouTube", "machine", "learning", "is", "widely", "used", "for", "many", "cool", "things", "such", "as", "image", "and", "voice", "recognition", "spam", "detection", "fraud", "detection", "stock", "market", "teaching", "a", "computer", "how", "to", "play", "chess", "and", "of", "course", "self-driving", "cars", "so", "it", "may", "sound", "like", "something", "so", "useful", "must", "be", "pretty", "complicated", "but", "I'm", "here", "to", "show", "you", "that", "machine", "learning", "is", "actually", "pretty", "easy", "and", "most", "importantly", "a", "lot", "of", "fun", "so", "first", "off", "what", "is", "machine", "learning", "well", "we", "have", "the", "world", "and", "in", "the", "world", "we", "have", "humans", "and", "we", "have", "computers", "and", "one", "of", "the", "main", "differences", "between", "humans", "and", "computers", "is", "that", "humans", "learn", "from", "past", "experiences", "whereas", "computers", "need", "to", "be", "told", "what", "to", "do", "the", "interview", "programmed", "and", "now", "the", "question", "is", "can", "we", "get", "computers", "to", "learn", "from", "experience", "too", "and", "the", "answer", "is", "yes", "we", "can", "and", "that", "is", "precisely", "what", "machine", "learning", "is", "teaching", "computers", "to", "learn", "to", "perform", "tasks", "from", "past", "experiences", "of", "course", "for", "computers", "past", "experiences", "are", "just", "recorded", "as", "data", "so", "together", "we're", "going", "to", "look", "at", "a", "few", "examples", "in", "which", "we", "can", "teach", "the", "computer", "to", "learn", "from", "previous", "data", "and", "most", "importantly", "I'm", "going", "to", "show", "you", "that", "machine", "learning", "is", "actually", "pretty", "easy", "and", "nothing", "to", "fear"], "correction_seq": ["", "", "", "", "", "", "", "", "", "", "", "", "", "", "", "", "", "", "", "", "", "", "", "", "", "", "", "", "", "", "", "", "", "", "", "", "", "", "", "", "", "", "", "", "", "", "", "", "", "", "", "", "", "", "", "", "", "", "", "", "", "", "", "", "", "", "", "", "", "", "", "", "", "", "", "", "", "", "", "", "", "", "", "", "", "", "", "", "", "", "", "", "", "", "", "", "", "", "", "", "", "", "", "", "", "", "", "", "", "", "", "", "", "", "", "", "", "", "", "", "", "", "", "", "", "", "", "", "", "", "", "", "", "", "", "", "", "", "", "", "", "", "", "", "", "", "", "", "", "", "", "", "", "", "", "", "", "", "", "", "", "", "", "", "", "", "", "", "", "", "", "", "", "", "", "", "", "", "", "", "", "", "", "", "", "", "", "", "", "", "", "", "", "", "", "", "", "", "", "", "", "", "", "", "", "", "", "", "", "", "", "", "", "", "", "", "", "", "", "", "", "", "", "", "", "", "", "", "", "", "", "", "", "", "", "", "", "", "", "", "", "", "", "", "", "", "", "", "", "", "", "", "", "", "", "", ""]}, {"video_ids": "1RonLycEJ34", "video_titles": "Decision Trees Question", "playlist_ids": "PLs8w1Cdi-zvYwsjQk-C6SVK92z2y4xoBV", "channel_ids": "UCgBncpylJ1kiVaPyP-PZauQ", "is_single_simple_diff": [0, 0, 0, 0, 0, 0, 0, 0, 0, 0, 0, 0, 0, 0, 0, 0, 0, 0, 0, 0, 0, 0, 0, 0, 0, 0, 0, 0, 0, 0, 0, 0, 0, 0, 0, 0, 0, 0, 0, 0, 0, 0, 0, 0, 0, 0, 0, 0, 0, 0, 0, 0, 0, 0, 0, 0, 0, 0, 0, 0, 0, 0, 0, 0, 0, 0, 0, 0, 0, 0, 0, 0, 0, 0, 0, 0, 0, 0, 0, 0, 0, 0, 0, 0, 0, 0, 0, 0, 0, 0, 0, 0, 0, 0, 0, 0, 0, 0, 0, 0, 0, 0, 0, 0, 0, 0, 0, 0, 0, 0, 0, 0, 0, 0, 0, 0, 0, 0, 0, 0, 0, 0, 0, 0, 0, 0, 0, 0, 0], "default_seq": ["okay", "so", "we'll", "start", "", "an", "example", "we", "are", "the", "App", "Store", "or", "Google", "Play", "and", "our", "goal", "is", "to", "recommend", "apps", "to", "users", "so", "to", "each", "user", "we're", "going", "to", "try", "to", "recommend", "them", "the", "app", "they", "are", "most", "likely", "to", "download", "so", "here", "we", "have", "a", "table", "of", "data", "that", "we're", "going", "to", "use", "to", "make", "the", "rules", "and", "the", "table", "contains", "six", "people", "and", "for", "each", "one", "of", "these", "six", "people", "we", "have", "recorded", "their", "gender", "and", "their", "age", "and", "the", "app", "they", "downloaded", "so", "for", "example", "the", "first", "person", "is", "a", "15", "year", "old", "female", "and", "she", "downloaded", "Pokemon", "go", "so", "here's", "a", "quiz", "between", "gender", "and", "age", "which", "one", "seems", "more", "decisive", "for", "predicting", "what", "app", "will", "the", "users", "download", "submit", "your", "answer", "below"], "correction_seq": ["", "", "", "", "", "", "", "", "", "", "", "", "", "", "", "", "", "", "", "", "", "", "", "", "", "", "", "", "", "", "", "", "", "", "", "", "", "", "", "", "", "", "", "", "", "", "", "", "", "", "", "", "", "", "", "", "", "", "", "", "", "", "", "", "", "", "", "", "", "", "", "", "", "", "", "", "", "", "", "", "", "", "", "", "", "", "", "", "", "", "", "", "", "", "", "", "", "", "", "", "", "", "", "", "", "", "", "", "", "", "", "", "", "", "", "", "", "", "", "", "", "", "", "", "", "", "", "", ""]}, {"video_ids": "h8zH47iFhCo", "video_titles": "Decision Trees Answer", "playlist_ids": "PLs8w1Cdi-zvYwsjQk-C6SVK92z2y4xoBV", "channel_ids": "UCgBncpylJ1kiVaPyP-PZauQ", "is_single_simple_diff": [0, 0, 0, 0, 0, 0, 0, 0, 0, 0, 0, 0, 0, 0, 0, 0, 0, 0, 0, 0, 0, 0, 0, 0, 0, 0, 0, 0, 0, 0, 0, 0, 0, 0, 0, 0, 0, 0, 0, 0, 0, 0, 0, 0, 0, 0, 0, 0, 0, 0, 0, 0, 0, 0, 0, 0, 0, 0, 0, 0, 0, 0, 0, 0, 0, 0, 0, 0, 0, 0, 0, 0, 0, 0, 0, 0, 0, 0, 0, 0, 0, 0, 0, 0, 0, 0, 0, 0, 0, 0, 0, 0, 0, 0, 0, 0, 0, 0, 0, 0, 0, 0, 0, 0, 0, 0, 0, 0, 0, 0, 0, 0, 0, 0, 0, 0, 0, 0, 0, 0, 0, 0, 0, 0, 0, 0, 0, 0, 0, 0, 0, 0, 0, 0, 0, 0, 0, 0, 0, 0, 0, 0, 0, 0, 0, 0, 0, 0, 0, 0, 0, 0, 0, 0, 0, 0, 0, 0, 0, 0, 0, 0, 0, 0, 0, 0, 0, 0, 0, 0, 0, 0, 0, 0, 0, 0, 0, 0, 0, 0, 0, 0, 0, 0, 0, 0, 0, 0, 0, 0, 0, 0, 0, 0, 0, 0, 0, 0, 0, 0, 0, 0, 0, 0, 0, 0, 0, 0, 0, 0, 0, 0, 0, 0, 0, 0, 0, 0, 0, 0, 0, 0, 0, 0, 0, 0, 0, 0, 0, 0, 0, 0, 0, 0, 0, 0, 0, 0, 0, 0, 0, 0, 0, 0, 0, 0, 0, 0, 0, 0, 0, 0, 0, 0, 0, 0, 0, 0, 0, 0, 0, 0, 0, 0, 0, 0, 0, 0, 0, 0, 0, 0, 0, 0, 0, 0, 0, 0, 0, 0, 0, 0, 0, 0, 0, 0, 0, 0, 0, 0, 0, 0, 0, 0, 0, 0, 0, 0, 0, 0, 0, 0, 0, 0, 0, 0, 0, 0, 0, 0, 0, 0, 0, 0, 0, 0, 0, 0, 0], "default_seq": ["well", "let's", "first", "look", "at", "gender", "if", "we", "split", "them", "by", "gender", "then", "the", "females", "downloaded", "Pokemon", "go", "and", "what's", "up", "and", "the", "male's", "downloaded", "Pokemon", "go", "and", "snapchat", "so", "there's", "not", "much", "of", "a", "split", "there", "but", "if", "you", "look", "at", "age", "we", "realize", "that", "everybody", "under", "20", "year", "old", "download", "Pokemon", "go", "and", "everybody", "who", "is", "20", "or", "older", "didn't", "this", "is", "a", "nice", "split", "so", "the", "feature", "the", "best", "splits", "the", "data", "is", "age", "therefore", "if", "you", "said", "age", "that", "is", "correct", "so", "what", "we'll", "do", "is", "we", "add", "a", "question", "here", "the", "question", "is", "are", "you", "younger", "than", "20", "if", "you", "are", "then", "we'll", "recommend", "Pokemon", "go", "to", "you", "if", "not", "then", "we'll", "see", "if", "you're", "20", "or", "older", "then", "we", "look", "at", "the", "gender", "it", "seems", "that", "if", "you", "are", "a", "female", "then", "you", "download", "it", "what's", "up", "and", "if", "you're", "a", "male", "you", "download", "it", "snapchat", "so", "we", "had", "another", "question", "here", "which", "is", "are", "you", "female", "or", "male", "if", "you're", "a", "female", "then", "we", "recommend", "you", "what's", "up", "and", "if", "you're", "a", "male", "then", "we", "recommend", "you", "snapchat", "what", "we", "end", "up", "here", "is", "with", "a", "decision", "tree", "the", "decisions", "are", "given", "by", "the", "questions", "we", "asked", "and", "this", "decision", "tree", "was", "built", "with", "this", "data", "and", "now", "whenever", "we", "have", "a", "new", "user", "we", "can", "put", "them", "through", "this", "decision", "tree", "and", "recommend", "them", "whatever", "app", "the", "tree", "suggests", "to", "recommend", "if", "it's", "a", "person", "under", "20", "we", "recommend", "them", "Pokemon", "go", "if", "it's", "a", "person", "who", "is", "20", "or", "older", "then", "we", "check", "the", "gender", "if", "it's", "a", "female", "then", "we", "recommend", "her", "what's", "up", "and", "if", "it's", "a", "male", "then", "we", "recommend", "him", "snapchat", "obviously", "there", "won't", "always", "be", "a", "tree", "that", "perfectly", "fits", "our", "data", "but", "in", "this", "class", "we're", "gonna", "learn", "an", "algorithm", "which", "will", "help", "us", "find", "the", "best", "fitting", "tree", "to", "a", "table", "of", "data"], "correction_seq": ["", "", "", "", "", "", "", "", "", "", "", "", "", "", "", "", "", "", "", "", "", "", "", "", "", "", "", "", "", "", "", "", "", "", "", "", "", "", "", "", "", "", "", "", "", "", "", "", "", "", "", "", "", "", "", "", "", "", "", "", "", "", "", "", "", "", "", "", "", "", "", "", "", "", "", "", "", "", "", "", "", "", "", "", "", "", "", "", "", "", "", "", "", "", "", "", "", "", "", "", "", "", "", "", "", "", "", "", "", "", "", "", "", "", "", "", "", "", "", "", "", "", "", "", "", "", "", "", "", "", "", "", "", "", "", "", "", "", "", "", "", "", "", "", "", "", "", "", "", "", "", "", "", "", "", "", "", "", "", "", "", "", "", "", "", "", "", "", "", "", "", "", "", "", "", "", "", "", "", "", "", "", "", "", "", "", "", "", "", "", "", "", "", "", "", "", "", "", "", "", "", "", "", "", "", "", "", "", "", "", "", "", "", "", "", "", "", "", "", "", "", "", "", "", "", "", "", "", "", "", "", "", "", "", "", "", "", "", "", "", "", "", "", "", "", "", "", "", "", "", "", "", "", "", "", "", "", "", "", "", "", "", "", "", "", "", "", "", "", "", "", "", "", "", "", "", "", "", "", "", "", "", "", "", "", "", "", "", "", "", "", "", "", "", "", "", "", "", "", "", "", "", "", "", "", "", "", "", "", "", "", "", "", "", "", "", "", "", ""]}, {"video_ids": "jsLkVYXmr3E", "video_titles": "Naive Bayes Quiz", "playlist_ids": "PLs8w1Cdi-zvYwsjQk-C6SVK92z2y4xoBV", "channel_ids": "UCgBncpylJ1kiVaPyP-PZauQ", "is_single_simple_diff": [0, 0, 0, 0, 0, 0, 0, 0, 0, 0, 0, 0, 0, 0, 0, 0, 0, 0, 0, 0, 0, 0, 0, 0, 0, 0, 0, 0, 0, 0, 0, 0, 0, 0, 0, 0, 0, 0, 0, 0, 0, 0, 0, 0, 0, 0, 0, 0, 0, 0, 0, 0, 0, 0, 0, 0, 0, 0, 0, 0, 0, 0, 0, 0, 0, 0, 0, 0, 0, 0, 0, 0, 0, 0, 0, 0, 0, 0, 0, 0, 0, 0, 0, 0, 0, 0, 0, 0, 0, 0, 0, 0, 0, 0, 0, 0, 0, 0, 0, 0, 0, 0, 0, 0, 0, 0, 0, 0, 0, 0, 0, 0, 0, 0, 0, 0, 0, 0, 0, 0, 0, 0, 0, 0, 0, 0, 0, 0, 0, 0, 0, 0, 0, 0, 0, 0, 0, 0, 0, 0, 0, 0, 0, 0, 0, 0, 0, 0, 0, 0, 0, 0, 0, 0, 0, 0, 0, 0, 0, 0, 0, 0, 0, 0, 0, 0, 0, 0, 0, 0, 0, 0, 0, 0, 0, 0, 0, 0, 0, 0, 0, 0, 0, 0, 0, 0, 0, 0, 0, 0, 0, 0, 0, 0, 0, 0, 0, 0, 0, 0, 0, 0, 0, 0, 0, 0, 0, 0, 0, 0, 0, 0, 0, 0], "default_seq": ["okay", "now", "we're", "going", "to", "look", "at", "another", "example", "we", "are", "going", "to", "build", "an", "email", "spam", "detection", "classifier", "and", "how", "do", "we", "do", "it", "we", "do", "it", "by", "looking", "at", "previous", "data", "the", "previous", "data", "is", "a", "hundred", "emails", "that", "we've", "already", "looked", "at", "out", "of", "these", "100", "emails", "we", "have", "manually", "flagged", "25", "of", "them", "as", "spam", "and", "75", "of", "them", "as", "non", "spam", "now", "let's", "try", "to", "think", "of", "features", "that", "a", "spam", "email", "may", "be", "likely", "to", "display", "and", "analyze", "these", "features", "one", "feature", "could", "be", "for", "example", "containing", "the", "word", "cheap", "it", "seems", "reasonable", "to", "think", "that", "an", "email", "that", "contains", "the", "word", "cheap", "is", "likely", "to", "be", "spam", "so", "let's", "analyze", "this", "claim", "we", "look", "for", "the", "word", "cheap", "in", "all", "this", "100", "emails", "and", "find", "that", "20", "out", "of", "the", "25", "spam", "ones", "and", "5", "out", "of", "the", "75", "non-spam", "ones", "contain", "the", "word", "so", "we", "forget", "about", "the", "rest", "of", "the", "emails", "and", "focus", "only", "on", "the", "ones", "that", "contain", "the", "word", "cheap", "okay", "so", "time", "for", "a", "quiz", "here", "is", "the", "question", "based", "on", "our", "data", "if", "an", "email", "contains", "the", "word", "cheap", "what", "is", "the", "probability", "of", "this", "email", "being", "spam", "is", "it", "40", "percent", "60", "percent", "or", "80", "percent", "submit", "your", "answer", "below"], "correction_seq": ["", "", "", "", "", "", "", "", "", "", "", "", "", "", "", "", "", "", "", "", "", "", "", "", "", "", "", "", "", "", "", "", "", "", "", "", "", "", "", "", "", "", "", "", "", "", "", "", "", "", "", "", "", "", "", "", "", "", "", "", "", "", "", "", "", "", "", "", "", "", "", "", "", "", "", "", "", "", "", "", "", "", "", "", "", "", "", "", "", "", "", "", "", "", "", "", "", "", "", "", "", "", "", "", "", "", "", "", "", "", "", "", "", "", "", "", "", "", "", "", "", "", "", "", "", "", "", "", "", "", "", "", "", "", "", "", "", "", "", "", "", "", "", "", "", "", "", "", "", "", "", "", "", "", "", "", "", "", "", "", "", "", "", "", "", "", "", "", "", "", "", "", "", "", "", "", "", "", "", "", "", "", "", "", "", "", "", "", "", "", "", "", "", "", "", "", "", "", "", "", "", "", "", "", "", "", "", "", "", "", "", "", "", ""]}, {"video_ids": "YKN-fjuZ1VU", "video_titles": "Naive Bayes Answer", "playlist_ids": "PLs8w1Cdi-zvYwsjQk-C6SVK92z2y4xoBV", "channel_ids": "UCgBncpylJ1kiVaPyP-PZauQ", "is_single_simple_diff": [0, 0, 0, 0, 0, 0, 0, 0, 0, 0, 0, 0, 0, 0, 0, 0, 0, 0, 0, 0, 0, 0, 0, 0, 0, 0, 0, 0, 0, 0, 0, 0, 0, 0, 0, 0, 0, 0, 0, 0, 0, 0, 0, 0, 0, 0, 0, 0, 0, 0, 0, 0, 0, 0, 0, 0, 0, 0, 0, 0, 0, 0, 0, 0, 0, 0, 0, 0, 0, 0, 0, 0, 0, 0, 0, 0, 0, 0, 0, 0, 0, 0, 0, 0, 0, 0, 0, 0, 0, 0, 0, 0, 0, 0, 0, 0, 0, 0, 0, 0, 0, 0, 0, 0, 0, 0, 0, 0, 0, 0, 0, 0, 0, 0, 0, 0, 0, 0, 0, 0, 0, 0, 0, 0, 0, 0, 0, 0, 0, 0, 0, 0, 0, 0, 0, 0, 0, 0, 0, 0, 0, 0, 0, 0, 0, 0, 0, 0, 0, 0, 0, 0, 0, 0, 0, 0, 0, 0, 0, 0, 0, 0, 0, 0, 0, 0, 0, 0, 0, 0, 0, 0, 0, 0, 0, 0, 0, 0, 0, 0, 0, 0, 0, 0, 0, 0, 0, 0, 0, 0, 0, 0, 0, 0, 0, 0, 0, 0, 0, 1, 0, 0, 0, 0, 0], "default_seq": ["so", "we", "can", "see", "that", "out", "of", "the", "25", "emails", "with", "the", "word", "cheap", "to", "any", "of", "them", "are", "spam", "while", "five", "of", "them", "are", "not", "this", "forms", "an", "80/20", "split", "so", "the", "correct", "answer", "is", "80%", "if", "you", "said", "80", "you", "are", "correct", "so", "from", "analyzing", "this", "data", "we", "can", "conclude", "a", "", "rule", "the", "rule", "says", "if", "an", "email", "contains", "the", "word", "cheap", "then", "the", "probability", "of", "that", "email", "being", "spam", "is", "80%", "we", "then", "associate", "this", "feature", "with", "the", "probability", "80%", "and", "we", "will", "use", "it", "to", "flag", "future", "messages", "as", "spam", "or", "not", "spam", "we", "can", "also", "look", "at", "other", "features", "and", "try", "to", "find", "their", "associated", "probability", "let's", "say", "we", "look", "at", "emails", "containing", "a", "spelling", "mistake", "and", "realize", "that", "the", "probability", "of", "an", "email", "containing", "a", "spelling", "mistake", "being", "spam", "is", "70%", "and", "let's", "say", "we", "look", "at", "emails", "that", "are", "missing", "a", "title", "and", "the", "probability", "of", "those", "being", "spam", "is", "95%", "and", "we", "can", "keep", "going", "finding", "different", "features", "that", "will", "predict", "if", "an", "email", "is", "spam", "or", "not", "so", "now", "when", "future", "emails", "come", "we", "can", "combine", "these", "features", "to", "guess", "if", "they", "are", "spam", "or", "not", "this", "algorithm", "is", "known", "as", "the", "naive", "Bayes", "algorithm"], "correction_seq": ["", "", "", "", "", "", "", "", "", "", "", "", "", "", "", "", "", "", "", "", "", "", "", "", "", "", "", "", "", "", "", "", "", "", "", "", "", "", "", "", "", "", "", "", "", "", "", "", "", "", "", "", "", "", "", "", "", "", "", "", "", "", "", "", "", "", "", "", "", "", "", "", "", "", "", "", "", "", "", "", "", "", "", "", "", "", "", "", "", "", "", "", "", "", "", "", "", "", "", "", "", "", "", "", "", "", "", "", "", "", "", "", "", "", "", "", "", "", "", "", "", "", "", "", "", "", "", "", "", "", "", "", "", "", "", "", "", "", "", "", "", "", "", "", "", "", "", "", "", "", "", "", "", "", "", "", "", "", "", "", "", "", "", "", "", "", "", "", "", "", "", "", "", "", "", "", "", "", "", "", "", "", "", "", "", "", "", "", "", "", "", "", "", "", "", "", "", "", "", "know", "", "", "", "", ""]}]