[{"video_ids": "Y47t9qLc9I4", "video_titles": "Why Masks Work BETTER Than You'd Think", "playlist_ids": "PLED25F943F8D6081C", "channel_ids": "UCUHW94eEFW7hkUMVaZz4eDg", "is_single_simple_diff": [0, 0, 0, 0, 0, 0, 0, 0, 0, 0, 0, 0, 0, 0, 0, 0, 0, 0, 0, 0, 0, 0, 0, 0, 0, 0, 0, 0, 0, 0, 0, 0, 0, 0, 0, 0, 0, 0, 0, 0, 0, 0, 0, 0, 0, 0, 0, 0, 0, 0, 0, 0, 0, 0, 0, 0, 0, 0, 0, 0, 0, 0, 0, 1, 0, 0, 0, 0, 0, 0, 0, 0, 0, 1, 0, 0, 0, 0, 0, 0, 0, 0, 0, 0, 0, 0, 0, 0, 0, 0, 0, 0, 0, 0, 0, 0, 0, 0, 0, 0, 0, 0, 0, 0, 0, 0, 0, 0, 0, 0, 0, 0, 0, 0, 0, 0, 0, 0, 0, 0, 0, 0, 0, 0, 0, 0, 0, 0, 0, 0, 0, 0, 0, 0, 0, 0, 0, 0, 0, 0, 0, 0, 0, 0, 0, 0, 0, 0, 0, 0, 0, 0, 0, 0, 0, 0, 0, 0, 0, 0, 0, 0, 0, 0, 0, 0, 0, 0, 0, 0, 0, 0, 0, 0, 0, 0, 0, 0, 0, 0, 0, 0, 0, 0, 0, 0, 0, 0, 0, 0, 0, 0, 0, 0, 0, 0, 0, 0, 0, 0, 0, 0, 0, 0, 0, 0, 0, 0, 0, 0, 0, 0, 0, 0, 0, 0, 0, 0, 0, 0, 0, 0, 0, 0, 0, 0, 0, 0, 0, 0, 0, 0, 0, 0, 0, 0, 0, 0, 0, 0, 0, 0, 0, 0, 0, 0, 0, 0, 0, 0, 0, 0, 0, 0, 0, 0, 0, 0, 0, 0, 0, 0, 0, 0, 0, 0, 0, 0, 0, 0, 0, 0, 0, 0, 0, 0, 0, 0, 0, 0, 0, 0, 0, 0, 0, 0, 0, 0, 0, 0, 0, 0, 0, 0, 0, 0, 0, 0, 0, 0, 0, 0, 0, 0, 0, 0, 0, 0, 0, 0, 0, 0, 0, 0, 0, 0, 0, 0, 0, 0, 0, 0, 0, 0, 0, 0, 0, 0, 0, 0, 0, 0, 0, 0, 0, 0, 0, 0, 0, 0, 0, 0, 0, 0, 0, 0, 0, 0, 0, 0, 0, 0, 0, 0, 0, 0, 0, 0, 0, 0, 0, 0, 0, 0, 0, 0, 0, 0, 0, 0, 0, 0, 0, 0, 0, 0, 0, 0, 0, 0, 0, 0, 0, 0, 0, 0, 0, 0, 0, 0, 0, 0, 0, 0, 0, 0, 0, 0, 0, 0, 0, 0, 0, 0, 0, 0, 0, 0, 0, 0, 0, 0, 0, 0, 0, 0, 0, 0, 0, 0, 0, 0, 0, 0, 0, 0, 0, 0, 0, 0, 0, 0, 0, 0, 0, 0, 0, 0, 0, 0, 0, 0, 0, 0, 0, 0, 0, 0, 0, 0, 0, 0, 0, 0, 0, 0, 0, 0, 0, 0, 0, 0, 0, 0, 0, 0, 0, 0, 0, 0, 0, 0, 0, 0, 0, 0, 0, 0, 0, 0, 0, 0, 0, 0, 0, 0, 0, 0, 0, 0, 0, 0, 0, 0, 0, 0, 0, 0, 0, 0, 0, 0, 0, 0, 0, 0, 0, 0, 0, 0, 0, 0, 1, 0, 0, 0, 0, 0, 0, 0, 0, 0, 0, 0, 0, 0, 0, 0, 0, 0, 0, 0, 0, 0, 0, 0, 0, 0, 0, 0, 0, 0, 0, 0, 0, 0, 0, 0, 0, 0, 0, 0, 0, 0, 0, 0, 0, 0, 0, 0, 0, 0, 0, 0, 0, 0, 0, 0, 0, 0, 0, 0, 0, 0, 0, 0, 0, 0, 0, 0, 0, 0, 0, 0, 0, 0, 0, 0, 0, 0, 0, 0, 0, 0, 0, 0, 0, 0, 0, 0, 0, 0, 0, 0, 0, 0, 0, 0, 0, 0, 0, 0, 0, 0, 0, 0, 0, 0, 0, 0, 0, 0, 0, 0, 0, 0, 0, 0, 0, 0, 0, 0, 0, 0, 0, 0, 0, 0, 0, 0, 0, 0, 0, 0, 0, 0, 0, 0, 0, 0, 0, 0, 0, 0, 0, 0, 0, 0, 0, 0, 0, 0, 0, 0, 0, 0, 0, 0, 0, 0, 0, 0, 0, 0, 0, 0, 0, 0, 0, 0, 0, 0, 0, 0, 0, 0, 0, 0, 0, 0, 0, 0, 0, 0, 0, 0, 0, 0, 0, 0, 0, 0, 0, 0, 0, 0, 0, 0, 0, 0, 0, 0, 0, 0, 0, 0, 0, 0, 0, 0, 0, 0, 0, 0, 0, 0, 0, 0, 0, 0, 0, 0, 0, 0, 0, 0, 0, 0, 0, 0, 0, 0, 0, 0, 0, 0, 0, 0, 0, 0, 0, 0, 0, 0, 0, 0, 0, 0, 0, 0, 0, 0, 0, 0, 0, 0, 0, 0, 0, 0, 0, 0, 0, 0, 0, 0, 0, 0, 0, 0, 0, 0, 0, 0, 0, 0, 0, 0, 0, 0, 0, 0, 0, 0, 0, 0, 0, 0, 0, 0, 0, 0, 0, 0, 0, 0, 0, 0, 0, 0, 0, 0, 0, 0, 0, 0, 0, 0, 0, 0, 0, 0, 0, 0, 0, 0, 0, 0, 0, 0, 0, 0, 0, 0, 0, 0, 0, 0, 0, 0, 0, 0, 0, 0, 0, 0, 0, 0, 0, 0, 0, 0, 0, 0, 0, 0, 0, 0, 0, 0, 0, 0, 0, 0, 0, 0, 0, 0, 0, 0, 0, 0, 0, 0, 0, 0, 0, 0, 0, 0, 0, 0, 0, 0, 0, 0, 0, 0, 0, 0, 0, 0, 0, 0, 0, 0, 0, 0, 0, 0, 0, 0, 0, 0, 0, 0, 0, 0, 0, 0, 0, 0, 0, 0, 0, 0, 0, 0, 0, 0, 0, 0, 0, 0, 0, 0, 0, 0, 0, 0, 0, 0, 0, 0, 0, 0, 0, 0, 0, 0, 0, 0, 0, 0, 0, 0, 0, 0, 0, 0, 0, 0, 0, 0, 0, 0, 0, 0, 0, 0, 0, 0, 0, 0, 0, 0, 0, 0, 0, 0, 0, 0, 0, 0, 0, 0, 0, 0, 0, 0, 0, 0, 0, 1, 0, 0, 0, 0, 0, 0, 0, 0, 0, 0, 0, 0, 0, 0, 0, 0, 0, 0, 0, 0, 0, 0, 0, 0, 0, 0, 0, 0, 0, 0, 0, 0, 0, 0, 0, 0, 0, 0, 0, 0, 0, 0, 0, 0, 0, 0, 0, 0, 0, 0, 0, 0, 0, 0, 0, 0, 0, 0, 0, 0, 0, 0, 0, 0, 0, 0, 0, 0, 0, 0, 0, 0, 0, 0, 0, 0, 0, 0, 0, 0, 0, 0, 0, 0, 0, 0, 0, 0, 0, 0, 0, 0, 0, 0, 0, 0, 0, 0, 0, 0, 0, 0, 0, 0, 0, 0, 0, 0, 0, 0, 0, 0, 0, 0, 0, 0, 0, 0, 0, 0, 0, 0, 0, 0, 0, 0, 0, 0, 0, 0, 0, 0, 0, 0, 0, 0, 0, 0, 0, 0, 0, 0, 0, 0, 0, 0, 0, 0, 0, 0, 0, 0, 0, 0, 0, 0, 0, 0, 0, 0, 0, 0, 0, 0, 0, 0, 0, 0, 0, 0, 0, 0, 0, 0, 0, 0, 0, 0, 0, 0, 0, 0, 0, 0, 0, 0, 0, 0, 0, 0, 0, 0, 0, 0, 0, 0, 0, 0, 0, 0, 0, 0, 0, 0, 0, 0, 0, 0, 0, 0, 0, 0, 0, 0, 0, 0, 0, 0, 0, 0, 0, 0, 0, 0, 0, 0, 0, 0, 0, 0, 0, 0, 0, 0, 0, 0, 0, 0, 0, 0, 0, 0, 0, 0, 0, 0, 0, 0, 0, 0, 0, 0, 0, 0, 0, 0, 0, 0, 0, 0, 0, 0, 0, 0, 0, 0, 0, 0, 0, 0, 0, 0, 0, 0, 0, 0, 0, 0, 0, 0, 0, 0, 0, 0, 0, 0, 0, 0, 0, 0, 0, 0, 0, 0, 0, 0, 0, 0, 0, 0, 0, 0, 0, 0, 0, 0, 0, 0, 0, 0, 0, 0, 0, 0, 0, 0, 0, 0, 0, 0, 0, 0, 0, 0, 0, 0, 0, 0, 0, 0, 0, 0, 0, 0, 0, 0, 0, 0, 0, 0, 0, 0, 0, 0, 0, 0, 0, 0, 0, 0, 0, 0, 0, 0, 0, 0, 0, 0, 0, 0, 0, 0, 0, 0, 0, 0, 0, 0, 0, 0, 0, 0, 0, 0, 0, 0, 0, 0, 0, 0, 0, 0, 0, 0, 0, 0, 0, 0, 0, 0, 0, 0, 0, 0, 0, 0, 0, 0, 0, 0, 0, 0, 0, 0, 0, 0, 0, 0, 0, 0, 0, 0, 0, 0, 0, 0, 0, 0, 0, 0, 0, 0, 0, 0, 0, 0, 0, 0, 0, 0], "default_seq": ["mask", "wearing", "and", "covet", "19", "is", "complicated", "and", "not", "just", "because", "it's", "become", "politically", "fraught", "not", "just", "because", "there", "are", "many", "different", "kinds", "of", "masks", "of", "varying", "levels", "of", "effectiveness", "not", "just", "because", "there's", "been", "a", "shortage", "of", "medical", "grade", "masks", "so", "authorities", "were", "trying", "to", "convince", "the", "public", "not", "to", "buy", "them", "not", "just", "because", "there's", "tons", "of", "malicious", "or", "simply", "misguided", "information", "flying", "around", "not", "just", "because", "our", "understanding", "of", "how", "coveted", "spreads", "has", "been", "changing", "and", "not", "just", "because", "countries", "in", "the", "west", "ignored", "the", "lessons", "learned", "by", "asian", "countries", "that", "faced", "sars", "though", "all", "of", "these", "things", "are", "true", "on", "top", "of", "all", "this", "masks", "are", "also", "complicated", "because", "they", "fly", "in", "the", "face", "of", "our", "mathematical", "intuition", "the", "good", "news", "is", "that", "when", "you", "do", "the", "math", "and", "we're", "going", "to", "you", "find", "that", "masks", "are", "much", "more", "effective", "than", "you", "might", "think", "say", "you", "have", "a", "mask", "that", "cuts", "in", "half", "the", "chance", "a", "contagious", "person", "will", "infect", "a", "nearby", "susceptible", "person", "in", "other", "words", "this", "mask", "is", "50", "effective", "except", "this", "mask", "is", "way", "more", "than", "50", "effective", "because", "as", "we'll", "see", "when", "many", "people", "wear", "even", "just", "a", "50", "effective", "mask", "you", "end", "up", "with", "way", "more", "than", "50", "protection", "it", "seems", "obvious", "that", "if", "no", "one", "wears", "a", "mask", "then", "no", "one", "gets", "any", "benefit", "", "and", "that's", "true", "and", "you", "might", "assume", "that", "if", "everyone", "wears", "a", "50", "effective", "mask", "there'd", "be", "a", "50", "benefit", "", "that", "is", "a", "50", "drop", "in", "disease", "transmission", "but", "that's", "not", "how", "the", "math", "of", "masks", "works", "when", "everyone", "wears", "a", "50", "effective", "mask", "disease", "transmission", "actually", "drops", "by", "75", "much", "better", "than", "50.", "masks", "break", "our", "intuition", "because", "we're", "used", "to", "thinking", "about", "masks", "as", "single", "directional", "only", "protecting", "the", "wearer", "but", "masks", "can", "protect", "in", "both", "directions", "when", "you", "breathe", "in", "through", "them", "and", "when", "you", "breathe", "out", "this", "means", "that", "when", "everyone", "is", "wearing", "masks", "there", "are", "in", "fact", "two", "masks", "between", "any", "two", "people", "if", "we", "assume", "for", "simplicity", "that", "masks", "are", "equally", "effective", "in", "either", "direction", "", "and", "if", "this", "assumption", "bothers", "you", "stick", "around", "to", "the", "end", "of", "the", "video", "", "if", "masks", "are", "equally", "effective", "in", "either", "direction", "then", "the", "first", "mask", "cuts", "disease", "transmission", "in", "half", "and", "the", "second", "mask", "cuts", "it", "in", "half", "again", "so", "overall", "you", "end", "up", "with", "a", "75", "drop", "in", "disease", "transmission", "not", "50", "in", "this", "scenario", "masks", "do", "double", "duty", "but", "in", "reality", "not", "everyone", "will", "wear", "a", "mask", "so", "when", "a", "contagious", "person", "encounters", "a", "susceptible", "person", "there", "are", "in", "fact", "four", "possible", "routes", "of", "infection", "in", "the", "first", "route", "neither", "person", "is", "wearing", "a", "mask", "which", "means", "there's", "no", "reduction", "in", "disease", "transmission", "in", "the", "second", "route", "only", "the", "contagious", "person", "is", "wearing", "a", "mask", "and", "so", "for", "a", "50", "effective", "mask", "disease", "transmission", "drops", "by", "50", "in", "the", "third", "route", "only", "the", "susceptible", "person", "is", "wearing", "a", "mask", "and", "again", "disease", "transmission", "drops", "by", "fifty", "percent", "and", "in", "the", "final", "route", "where", "both", "the", "contagious", "", "and", "", "susceptible", "people", "are", "wearing", "masks", "disease", "transmission", "gets", "cut", "in", "half", "twice", "", "aka", "it", "drops", "by", "75", "percent", "what", "does", "this", "mean", "for", "society", "overall", "well", "it", "depends", "on", "what", "fraction", "of", "people", "wear", "masks", "as", "we've", "seen", "if", "no", "one", "wears", "masks", "then", "no", "interactions", "involve", "any", "masks", "and", "the", "overall", "drop", "in", "disease", "transmission", "is", "zero", "percent", "and", "if", "a", "hundred", "percent", "of", "people", "wear", "masks", "then", "all", "interactions", "involve", "two", "masks", "and", "the", "overall", "drop", "in", "disease", "transmission", "is", "75", "but", "if", "50", "of", "people", "wear", "masks", "then", "on", "average", "", "assuming", "that", "people", "interact", "randomly", "", "a", "quarter", "of", "all", "interactions", "will", "involve", "no", "masks", "a", "quarter", "will", "have", "the", "contagious", "person", "masked", "a", "quarter", "will", "have", "the", "susceptible", "person", "masked", "and", "a", "quarter", "will", "have", "two", "masks", "so", "even", "when", "just", "half", "of", "people", "wear", "masks", "three", "quarters", "of", "interactions", "involve", "masks", "and", "a", "significant", "portion", "of", "those", "involve", "two", "masks", "do", "you", "see", "the", "magic", "math", "of", "masks", "yet", "your", "first", "guess", "might", "have", "been", "that", "if", "50", "of", "people", "wore", "50", "effective", "masks", "you'd", "get", "a", "25", "drop", "in", "disease", "transmission", "because", "50", "of", "50", "is", "25", "in", "fact", "this", "intuition", "would", "be", "true", "if", "masks", "were", "only", "effective", "one", "way", "like", "on", "exhalation", "only", "then", "there'd", "just", "be", "two", "routes", "either", "the", "contagious", "person", "wears", "a", "mask", "or", "they", "don't", "and", "these", "average", "to", "25", "but", "when", "we", "take", "into", "account", "the", "two-way", "nature", "of", "masks", "and", "average", "over", "all", "four", "possible", "mask", "combinations", "for", "two", "people", "the", "overall", "drop", "in", "disease", "transmission", "becomes", "almost", "twice", "as", "good", "masks", "work", "better", "than", "you'd", "think", "and", "this", "is", "true", "in", "general", "", "no", "matter", "what", "numbers", "you", "choose", "for", "mask", "effectiveness", "and", "usage", "the", "overall", "drop", "in", "disease", "transmission", "is", "always", "better", "than", "the", "intuitive", "guess", "from", "just", "multiplying", "those", "numbers", "together", "so", "what", "does", "this", "mean", "for", "the", "2020", "pandemic", "well", "for", "covid19", "epidemiology", "suggests", "that", "each", "contagious", "person", "infects", "on", "average", "2.5", "other", "people", "if", "you", "could", "drop", "that", "number", "to", "below", "one", "a", "drop", "of", "just", "over", "60", "percent", "then", "each", "contagious", "person", "would", "infect", "fewer", "than", "one", "other", "person", "on", "average", "which", "would", "be", "enough", "to", "swiftly", "halt", "the", "spread", "of", "covet", "19.", "so", "what", "would", "it", "take", "to", "drop", "disease", "transmission", "by", "60", "well", "there", "are", "many", "options", "many", "of", "which", "aren't", "being", "taken", "but", "a", "particularly", "cost", "effective", "and", "arithmetically", "satisfying", "one", "is", "this", "", "if", "60", "of", "people", "wore", "60", "effective", "masks", "disease", "transmission", "would", "drop", "by", "60", "and", "if", "we", "did", "that", "we", "would", "beat", "covid", "the", "mask", "math", "shows", "us", "how", "specifically", "it", "shows", "us", "that", "masks", "are", "more", "effective", "than", "you'd", "think", "for", "two", "reasons", "first", "they", "do", "double", "duty", "when", "both", "people", "wear", "them", "and", "second", "the", "fraction", "of", "interactions", "involving", "masks", "is", "typically", "much", "higher", "than", "the", "fraction", "of", "people", "who", "wear", "masks", "this", "is", "the", "magic", "multiplicative", "power", "of", "masks", "", "even", "partially", "effective", "masks", "partially", "adopted", "can", "extinguish", "an", "epidemic", "as", "long", "as", "enough", "people", "wear", "them", "okay", "some", "caveats", "to", "all", "this", "we've", "been", "pretty", "vague", "about", "what", "it", "actually", "means", "for", "a", "mask", "to", "be", "x", "percent", "effective", "", "for", "the", "purposes", "of", "the", "math", "in", "this", "video", "all", "that", "matters", "is", "that", "disease", "transmission", "drops", "by", "x", "percent", "irrespective", "of", "how", "the", "mask", "actually", "achieves", "this", "drop", "in", "reality", "masks", "reduce", "disease", "transmission", "through", "a", "combination", "of", "filtering", "and", "redirecting", "air", "and", "other", "means", "and", "they", "vary", "a", "lot", "in", "effectiveness", "depending", "on", "their", "filtration", "how", "tightly", "they", "fit", "if", "they", "have", "an", "exhalation", "valve", "etc", "so", "it's", "hard", "to", "give", "exact", "numbers", "a", "50", "effective", "mask", "could", "be", "something", "like", "an", "n95", "worn", "poorly", "", "or", "a", "cloth", "mask", "worn", "well", "we've", "assumed", "that", "masks", "provide", "equivalent", "protection", "upon", "inhalation", "and", "exhalation", "atish", "put", "together", "an", "interactive", "essay", "where", "you", "can", "see", "what", "happens", "when", "inhalation", "and", "exhalation", "effectivenesses", "differ", "what", "happens", "when", "more", "or", "less", "of", "the", "population", "uses", "masks", "and", "more", "it", "basically", "takes", "everything", "in", "this", "video", "makes", "it", "all", "interactive", "and", "adds", "on", "a", "lot", "for", "simplicity", "we've", "assumed", "that", "contagious", "people", "are", "just", "as", "likely", "to", "wear", "masks", "as", "non-contagious", "people", "we", "also", "assumed", "that", "people", "mix", "randomly", "which", "isn't", "necessarily", "true", "for", "various", "reasons", "people", "who", "wear", "masks", "may", "be", "more", "likely", "to", "interact", "with", "other", "mask", "wearers", "and", "less", "likely", "to", "interact", "with", "those", "who", "don't", "wear", "masks", "and", "vice", "versa", "clustering", "non-mask", "users", "together", "diminishes", "the", "overall", "protective", "power", "of", "masks", "and", "means", "you", "need", "more", "people", "to", "wear", "masks", "to", "achieve", "the", "same", "drop", "in", "transmission", "again", "if", "you're", "interested", "in", "more", "details", "and", "references", "definitely", "check", "out", "the", "interactive", "companion", "essay", "at", "otisbee.com", "mask", "math", "this", "video", "was", "made", "with", "the", "generous", "support", "of", "the", "heising-simons", "foundation", "which", "normally", "works", "with", "minutephysics", "to", "help", "communicate", "", "fundamental", "physics", "research", "but", "this", "year", "is", "a", "little", "bit", "different", "they're", "doing", "a", "lot", "of", "additional", "", "focus", "on", "covet", "19.", "that", "means", "they're", "supporting", "research", "", "including", "some", "of", "the", "n95", "mask", "decontamination", "work", "i", "mentioned", "in", "my", "video", "on", "the", "physics", "of", "n95s", "they've", "supported", "hospitals", "and", "remote", "learning", "they've", "helped", "low-income", "households", "maintain", "access", "to", "utilities", "and", "they're", "funding", "", "science", "communication", "like", "this", "video", "a", "big", "thanks", "to", "heising", "simons", "for", "their", "support", "of", "science", "", "both", "fundamental", "and", "applied", "", "as", "well", "as", "science", "communication"], "correction_seq": ["", "", "", "", "", "", "", "", "", "", "", "", "", "", "", "", "", "", "", "", "", "", "", "", "", "", "", "", "", "", "", "", "", "", "", "", "", "", "", "", "", "", "", "", "", "", "", "", "", "", "", "", "", "", "", "", "", "", "", "", "", "", "", "misinformation", "", "", "", "", "", "", "", "", "", "COVID", "", "", "", "", "", "", "", "", "", "", "", "", "", "", "", "", "", "", "", "", "", "", "", "", "", "", "", "", "", "", "", "", "", "", "", "", "", "", "", "", "", "", "", "", "", "", "", "", "", "", "", "", "", "", "", "", "", "", "", "", "", "", "", "", "", "", "", "", "", "", "", "", "", "", "", "", "", "", "", "", "", "", "", "", "", "", "", "", "", "", "", "", "", "", "", "", "", "", "", "", "", "", "", "", "", "", "", "", "", "", "", "", "", "", "", "", "", "", "", "", "", "", "", "", "", "", "", "", "", "", "", "", "", "", "", "", "", "", "", "", "", "", "", "", "", "", "", "", "", "", "", "", "", "", "", "", "", "", "", "", "", "", "", "", "", "", "", "", "", "", "", "", "", "", "", "", "", "", "", "", "", "", "", "", "", "", "", "", "", "", "", "", "", "", "", "", "", "", "", "", "", "", "", "", "", "", "", "", "", "", "", "", "", "", "", "", "", "", "", "", "", "", "", "", "", "", "", "", "", "", "", "", "", "", "", "", "", "", "", "", "", "", "", "", "", "", "", "", "", "", "", "", "", "", "", "", "", "", "", "", "", "", "", "", "", "", "", "", "", "", "", "", "", "", "", "", "", "", "", "", "", "", "", "", "", "", "", "", "", "", "", "", "", "", "", "", "", "", "", "", "", "", "", "", "", "", "", "", "", "", "", "", "", "", "", "", "", "", "", "", "", "", "", "", "", "", "", "", "", "", "", "", "", "", "", "", "", "", "", "", "", "", "", "", "", "", "", "", "", "", "", "", "", "", "", "", "", "", "", "", "", "", "", "", "", "", "", "", "", "", "", "", "", "", "", "", "", "", "", "", "", "", "", "", "", "", "", "", "", "", "", "", "", "", "", "", "", "", "", "", "", "", "", "", "", "", "", "", "", "", "", "", "", "", "", "", "", "", "", "", "", "", "", "", "", "", "", "", "", "", "", "", "", "", "", "", "", "", "person", "", "", "", "", "", "", "", "", "", "", "", "", "", "", "", "", "", "", "", "", "", "", "", "", "", "", "", "", "", "", "", "", "", "", "", "", "", "", "", "", "", "", "", "", "", "", "", "", "", "", "", "", "", "", "", "", "", "", "", "", "", "", "", "", "", "", "", "", "", "", "", "", "", "", "", "", "", "", "", "", "", "", "", "", "", "", "", "", "", "", "", "", "", "", "", "", "", "", "", "", "", "", "", "", "", "", "", "", "", "", "", "", "", "", "", "", "", "", "", "", "", "", "", "", "", "", "", "", "", "", "", "", "", "", "", "", "", "", "", "", "", "", "", "", "", "", "", "", "", "", "", "", "", "", "", "", "", "", "", "", "", "", "", "", "", "", "", "", "", "", "", "", "", "", "", "", "", "", "", "", "", "", "", "", "", "", "", "", "", "", "", "", "", "", "", "", "", "", "", "", "", "", "", "", "", "", "", "", "", "", "", "", "", "", "", "", "", "", "", "", "", "", "", "", "", "", "", "", "", "", "", "", "", "", "", "", "", "", "", "", "", "", "", "", "", "", "", "", "", "", "", "", "", "", "", "", "", "", "", "", "", "", "", "", "", "", "", "", "", "", "", "", "", "", "", "", "", "", "", "", "", "", "", "", "", "", "", "", "", "", "", "", "", "", "", "", "", "", "", "", "", "", "", "", "", "", "", "", "", "", "", "", "", "", "", "", "", "", "", "", "", "", "", "", "", "", "", "", "", "", "", "", "", "", "", "", "", "", "", "", "", "", "", "", "", "", "", "", "", "", "", "", "", "", "", "", "", "", "", "", "", "", "", "", "", "", "", "", "", "", "", "", "", "", "", "", "", "", "", "", "", "", "", "", "", "", "", "", "", "", "", "", "", "", "", "", "", "", "", "", "", "", "", "", "", "", "", "", "", "", "", "", "", "", "", "", "", "", "", "", "", "", "", "", "", "", "", "", "", "", "", "", "", "", "", "", "", "", "", "", "", "", "", "", "", "", "", "", "", "", "", "", "", "", "", "", "", "", "", "", "", "", "", "", "", "", "", "", "", "", "always", "", "", "", "", "", "", "", "", "", "", "", "", "", "", "", "", "", "", "", "", "", "", "", "", "", "", "", "", "", "", "", "", "", "", "", "", "", "", "", "", "", "", "", "", "", "", "", "", "", "", "", "", "", "", "", "", "", "", "", "", "", "", "", "", "", "", "", "", "", "", "", "", "", "", "", "", "", "", "", "", "", "", "", "", "", "", "", "", "", "", "", "", "", "", "", "", "", "", "", "", "", "", "", "", "", "", "", "", "", "", "", "", "", "", "", "", "", "", "", "", "", "", "", "", "", "", "", "", "", "", "", "", "", "", "", "", "", "", "", "", "", "", "", "", "", "", "", "", "", "", "", "", "", "", "", "", "", "", "", "", "", "", "", "", "", "", "", "", "", "", "", "", "", "", "", "", "", "", "", "", "", "", "", "", "", "", "", "", "", "", "", "", "", "", "", "", "", "", "", "", "", "", "", "", "", "", "", "", "", "", "", "", "", "", "", "", "", "", "", "", "", "", "", "", "", "", "", "", "", "", "", "", "", "", "", "", "", "", "", "", "", "", "", "", "", "", "", "", "", "", "", "", "", "", "", "", "", "", "", "", "", "", "", "", "", "", "", "", "", "", "", "", "", "", "", "", "", "", "", "", "", "", "", "", "", "", "", "", "", "", "", "", "", "", "", "", "", "", "", "", "", "", "", "", "", "", "", "", "", "", "", "", "", "", "", "", "", "", "", "", "", "", "", "", "", "", "", "", "", "", "", "", "", "", "", "", "", "", "", "", "", "", "", "", "", "", "", "", "", "", "", "", "", "", "", "", "", "", "", "", "", "", "", "", "", "", "", "", "", "", "", "", "", "", "", "", "", "", "", "", "", "", "", "", "", "", "", "", "", "", "", "", "", "", "", "", "", "", "", "", "", "", "", "", "", "", "", "", "", "", "", "", "", "", "", "", "", "", "", "", "", "", "", "", "", "", "", "", "", ""]}]