[{"video_ids": "0RxitCeuokI", "video_titles": "The first image of a black hole: A three minute guide", "playlist_ids": "PLc8e2NNCopVsfIRWC_BKU_YUplScPdCh3", "channel_ids": "UC7c8mE90qCtu11z47U0KErg", "is_single_simple_diff": [0, 0, 0, 0, 0, 0, 0, 0, 0, 0, 0, 0, 0, 0, 0, 0, 0, 0, 0, 0, 0, 0, 0, 0, 0, 0, 0, 0, 0, 0, 0, 0, 0, 0, 0, 0, 0, 0, 0, 0, 0, 0, 0, 0, 0, 0, 0, 0, 0, 0, 0, 0, 0, 0, 0, 0, 0, 0, 0, 0, 0, 0, 0, 0, 0, 0, 0, 0, 0, 0, 0, 0, 0, 0, 0, 0, 0, 0, 0, 0, 0, 0, 0, 0, 0, 0, 0, 0, 0, 0, 0, 0, 1, 0, 0, 0, 0, 0, 0, 0, 0, 0, 0, 0, 0, 0, 0, 0, 0, 0, 0, 0, 0, 0, 0, 0, 0, 0, 0, 0, 0, 0, 1, 0, 0, 0, 0, 0, 0, 0, 0, 0, 0, 0, 0, 0, 0, 0, 0, 0, 0, 0, 0, 0, 0, 0, 0, 0, 0, 0, 0, 0, 0, 0, 0, 0, 0, 0, 0, 0, 0, 0, 0, 0, 0, 0, 0, 0, 0, 0, 0, 0, 0, 0, 0, 0, 0, 0, 0, 0, 0, 0, 0, 0, 0, 0, 0, 0, 0, 0, 0, 0, 0, 0, 0, 0, 0, 0, 0, 0, 0, 0, 0, 0, 0, 0, 0, 0, 0, 0, 0, 0, 0, 0, 0, 0, 0, 0, 0, 0, 0, 0, 0, 0, 0, 0, 0, 0, 0, 0, 0, 0, 0, 0, 0, 0, 0, 0, 0, 0, 0, 0, 0, 0, 0, 0, 0, 0, 0, 0, 0, 0, 0, 0, 0, 0, 0, 0, 0, 0, 0, 0, 0, 0, 0, 0, 0, 0, 0, 0, 0, 0, 0, 0, 0, 0, 0, 0, 0, 0, 0, 0, 0, 0, 0, 0, 0, 0, 0, 0, 0, 0, 0, 0, 0, 0, 0, 0, 0, 0, 0, 0, 0, 0, 0, 0, 0, 0, 0, 0, 0, 0, 0, 0, 0, 0, 0, 0, 0, 0, 0, 0, 0, 0, 0, 0, 0, 0, 0, 0, 0, 0, 0, 0, 0, 0, 0, 0, 0, 0, 0, 0, 0, 0, 0, 0, 0, 0, 0, 0, 0, 0, 0, 0, 0, 0, 0, 0, 0, 0, 0, 0, 0, 0, 0, 0, 0, 0, 0, 0, 0, 0, 0, 0, 0, 0, 0, 0, 0, 0, 0, 0, 0, 0, 0, 0, 0, 0, 0, 0, 0, 0, 0, 0, 0, 0, 0, 0, 0, 0, 0, 0, 0, 0, 0, 0, 0, 0, 0, 0, 0, 0, 0, 0, 0, 0, 0, 0, 0, 0, 0, 0, 0, 0, 0, 0, 0, 0, 0, 0, 0, 0, 0, 0, 0, 0, 0, 0, 0, 0, 0, 0, 0, 0, 0, 0, 0, 0, 0, 0, 0, 0, 0], "default_seq": ["this", "is", "the", "first", "direct", "image", "ever", "taken", "of", "a", "black", "hole", "courtesy", "of", "the", "event", "horizon", "telescope", "creating", "this", "image", "required", "more", "data", "than", "any", "other", "scientific", "experiment", "in", "history", "so", "how", "did", "they", "do", "it", "up", "until", "now", "most", "measurements", "of", "black", "holes", "were", "indirect", "like", "this", "time", "lapse", "of", "stars", "at", "the", "centre", "of", "our", "galaxy", "the", "stars", "seem", "to", "be", "orbiting", "around", "something", "something", "with", "a", "humongous", "gravitational", "pool", "scientists", "predicted", "that", "thing", "was", "a", "black", "hole", "astronomers", "have", "also", "seen", "massive", "Jets", "of", "matter", "emanating", "from", "the", "Centers", "of", "galaxies", "sometimes", "much", "larger", "than", "the", "galaxies", "themselves", "they", "predict", "that", "the", "only", "thing", "powerful", "enough", "to", "create", "them", "would", "be", "black", "holes", "the", "gravitational", "waves", "detected", "by", "Lyell", "in", "2015", "where", "the", "most", "direct", "and", "compelling", "evidence", "for", "black", "holes", "today", "but", "detecting", "gravitational", "waves", "is", "sort", "of", "like", "fearing", "black", "hole", "scientists", "still", "wanted", "to", "see", "it", "but", "how", "do", "you", "take", "a", "picture", "of", "a", "black", "object", "against", "the", "black", "background", "the", "answer", "backlighted", "matter", "should", "emit", "radiation", "as", "it", "heats", "up", "while", "circling", "the", "edge", "of", "a", "black", "hole", "the", "event", "horizon", "with", "a", "big", "enough", "telescope", "scientists", "should", "be", "able", "to", "use", "that", "radiation", "as", "a", "backdrop", "to", "see", "the", "silhouette", "of", "the", "black", "hole", "itself", "but", "it's", "tricky", "even", "though", "the", "black", "hole", "is", "gigantic", "and", "has", "galactic", "scale", "impacts", "it", "is", "so", "far", "away", "to", "get", "an", "image", "of", "high", "enough", "resolution", "scientists", "calculated", "they'd", "need", "a", "telescope", "the", "size", "of", "the", "earth", "which", "is", "obviously", "impossible", "enter", "the", "event", "horizon", "telescope", "which", "is", "not", "in", "fact", "one", "telescope", "but", "a", "network", "of", "eight", "observatories", "spread", "around", "the", "world", "from", "Hawaii", "to", "Antarctica", "each", "Observatory", "provides", "a", "tiny", "piece", "of", "the", "puzzle", "take", "repeated", "readings", "as", "the", "Earth", "spins", "and", "you", "can", "capture", "more", "angles", "from", "each", "telescope", "once", "you", "have", "enough", "pieces", "of", "the", "puzzle", "algorithms", "can", "fill", "in", "the", "gaps", "and", "build", "up", "the", "whole", "picture", "this", "process", "is", "called", "interferometry", "the", "observations", "used", "to", "create", "this", "image", "were", "made", "over", "a", "few", "nights", "in", "2017", "each", "night", "each", "Observatory", "gathered", "the", "same", "amount", "of", "data", "as", "the", "Large", "Hadron", "Collider", "does", "in", "a", "year", "and", "it", "has", "taken", "two", "years", "to", "piece", "it", "all", "together", "with", "this", "image", "we", "can", "see", "a", "black", "hole", "for", "the", "first", "time", "but", "it's", "much", "more", "than", "images", "it", "provides", "precise", "tests", "of", "reproductions", "of", "general", "relativity", "and", "what's", "more", "beyond", "the", "event", "horizon", "is", "a", "place", "where", "physics", "as", "we", "know", "it", "no", "longer", "works", "this", "is", "the", "first", "direct", "image", "ever", "taken", "of", "a", "black", "hole", "but", "coded", "in", "its", "pixels", "could", "be", "the", "answers", "to", "questions", "about", "the", "hole", "[Music]"], "correction_seq": ["", "", "", "", "", "", "", "", "", "", "", "", "", "", "", "", "", "", "", "", "", "", "", "", "", "", "", "", "", "", "", "", "", "", "", "", "", "", "", "", "", "", "", "", "", "", "", "", "", "", "", "", "", "", "", "", "", "", "", "", "", "", "", "", "", "", "", "", "", "", "", "", "", "", "", "", "", "", "", "", "", "", "", "", "", "", "", "", "", "", "", "", "centres", "", "", "", "", "", "", "", "", "", "", "", "", "", "", "", "", "", "", "", "", "", "", "", "", "", "", "", "", "", "LIGO", "", "", "", "", "", "", "", "", "", "", "", "", "", "", "", "", "", "", "", "", "", "", "", "", "", "", "", "", "", "", "", "", "", "", "", "", "", "", "", "", "", "", "", "", "", "", "", "", "", "", "", "", "", "", "", "", "", "", "", "", "", "", "", "", "", "", "", "", "", "", "", "", "", "", "", "", "", "", "", "", "", "", "", "", "", "", "", "", "", "", "", "", "", "", "", "", "", "", "", "", "", "", "", "", "", "", "", "", "", "", "", "", "", "", "", "", "", "", "", "", "", "", "", "", "", "", "", "", "", "", "", "", "", "", "", "", "", "", "", "", "", "", "", "", "", "", "", "", "", "", "", "", "", "", "", "", "", "", "", "", "", "", "", "", "", "", "", "", "", "", "", "", "", "", "", "", "", "", "", "", "", "", "", "", "", "", "", "", "", "", "", "", "", "", "", "", "", "", "", "", "", "", "", "", "", "", "", "", "", "", "", "", "", "", "", "", "", "", "", "", "", "", "", "", "", "", "", "", "", "", "", "", "", "", "", "", "", "", "", "", "", "", "", "", "", "", "", "", "", "", "", "", "", "", "", "", "", "", "", "", "", "", "", "", "", "", "", "", "", "", "", "", "", "", "", "", "", "", "", "", "", "", "", "", "", "", "", "", "", "", "", "", "", "", "", "", "", "", "", "", "", "", "", "", "", "", "", "", "", "", "", "", "", "", "", "", "", "", "", "", "", "", "", "", "", "", "", "", "", ""]}, {"video_ids": "QrnfIYFyFDY", "video_titles": "Stephen Hawking: Three publications that shaped his career", "playlist_ids": "PLc8e2NNCopVsfIRWC_BKU_YUplScPdCh3", "channel_ids": "UC7c8mE90qCtu11z47U0KErg", "is_single_simple_diff": [0, 0, 0, 0, 0, 0, 0, 0, 0, 0, 0, 0, 0, 0, 0, 0, 0, 0, 0, 0, 0, 0, 0, 0, 0, 0, 0, 0, 0, 0, 0, 0, 0, 0, 0, 0, 0, 0, 0, 0, 0, 0, 0, 0, 0, 0, 0, 0, 0, 0, 0, 0, 0, 0, 0, 0, 0, 0, 0, 0, 0, 0, 0, 0, 0, 0, 0, 0, 0, 0, 0, 0, 0, 0, 0, 0, 0, 0, 0, 0, 0, 0, 0, 0, 0, 0, 0, 0, 0, 0, 0, 0, 0, 0, 0, 0, 0, 0, 0, 0, 0, 0, 0, 0, 0, 0, 0, 0, 0, 0, 0, 0, 0, 0, 0, 0, 0, 0, 0, 0, 0, 0, 0, 0, 0, 0, 0, 0, 0, 0, 0, 0, 0, 0, 0, 0, 0, 0, 0, 0, 0, 0, 0, 0, 0, 0, 0, 0, 0, 0, 0, 0, 0, 0, 0, 0, 0, 0, 0, 0, 0, 0, 0, 0, 0, 0, 0, 0, 0, 0, 0, 0, 0, 0, 0, 0, 0, 0, 0, 0, 0, 0, 0, 0, 0, 0, 0, 0, 0, 0, 0, 0, 0, 0, 0, 0, 0, 0, 0, 0, 0, 0, 0, 0, 0, 0, 0, 0, 0, 0, 0, 0, 0, 0, 0, 0, 0, 0, 0, 0, 0, 0, 0, 0, 0, 0, 0, 0, 0, 0, 0, 0, 0, 0, 0, 0, 0, 0, 0, 0, 0, 0, 0, 0, 0, 0, 0, 0, 0, 0, 0, 0, 0, 0, 0, 0, 0, 0, 0, 0, 0, 0, 0, 0, 0, 0, 0, 0, 0, 0, 0, 0, 0, 0, 0, 0, 0, 0, 0, 0, 0, 0, 0, 0, 0, 0, 0, 0, 0, 0, 0, 1, 0, 0, 0, 0, 0, 0, 0, 0, 0, 0, 0, 0, 0, 0, 0, 0, 0, 0, 0, 0, 0, 0, 0, 0, 0, 0, 0, 0, 0, 0, 0, 0, 0, 0, 0, 0, 0, 0, 0, 0, 0, 0, 0, 0, 0, 0, 0, 0, 0, 0, 0, 0, 0, 0, 0, 0, 0, 0, 0, 0, 0, 0, 0, 0, 0, 0, 0, 0, 0, 0, 0, 0, 0, 0, 0, 0, 0, 0, 0, 0, 0, 0, 0, 0, 0, 0, 0, 0, 0, 0, 0, 0, 0, 0, 0, 0, 0, 0, 0, 0, 0, 0, 0, 0, 0, 0, 0, 0, 0, 0, 0, 0, 0, 0, 0, 0, 0, 0, 0, 0, 0, 0, 0, 0, 0, 0, 0, 0, 0, 0, 0, 0, 0, 0, 0, 0, 0, 0, 0, 0, 0, 0, 0, 0, 0, 0, 0, 0, 0, 0, 0, 0, 0, 0, 0, 0, 0, 0, 0, 0, 0, 0, 0], "default_seq": ["Stephen", "Hawking", "was", "one", "of", "the", "most", "influential", "scientists", "of", "his", "generation", "from", "black", "holes", "through", "Simpsons", "his", "impact", "on", "science", "and", "popular", "culture", "is", "hard", "to", "overestimate", "in", "this", "video", "we're", "going", "to", "look", "at", "just", "three", "publications", "that", "shaped", "his", "career", "number", "one", "the", "singularities", "of", "gravitational", "collapse", "and", "cosmology", "this", "paper", "was", "published", "in", "1970", "it", "was", "a", "time", "when", "physicists", "were", "still", "finding", "some", "of", "the", "implications", "of", "general", "relativity", "hard", "to", "swallow", "in", "particular", "the", "possibility", "of", "black", "holes", "and", "infinitely", "dense", "singularities", "Hawking", "and", "others", "had", "already", "shown", "that", "singularities", "should", "form", "at", "least", "in", "an", "abstract", "mathematical", "setting", "in", "fact", "in", "his", "PhD", "thesis", "Hawking", "had", "explored", "how", "the", "universe", "itself", "might", "have", "originated", "from", "a", "singularity", "at", "the", "beginning", "of", "time", "but", "in", "the", "1970", "paper", "Hawking", "worked", "with", "eminent", "physicist", "Roger", "Penrose", "and", "showed", "that", "general", "relativity", "even", "in", "the", "real", "world", "really", "does", "predict", "singularities", "number", "two", "black", "hole", "explosions", "as", "time", "went", "on", "Stephen", "Hawking's", "name", "would", "become", "inextricably", "linked", "with", "black", "holes", "this", "paper", "really", "was", "called", "black", "hole", "explosions", "with", "a", "question", "mark", "he", "has", "a", "knack", "for", "grabbing", "people's", "attention", "it", "describes", "what", "came", "to", "be", "known", "as", "Hawking", "radiation", "which", "many", "physicists", "regardless", "his", "most", "important", "legacy", "Hawking", "was", "trying", "to", "reconcile", "two", "seemingly", "incompatible", "theories", "one", "was", "general", "relativity", "which", "works", "well", "for", "describing", "the", "largest", "scales", "in", "the", "universe", "the", "other", "was", "quantum", "theory", "which", "describes", "the", "smallest", "scales", "realized", "that", "if", "you", "believe", "both", "theories", "the", "event", "horizon", "or", "black", "holes", "should", "emit", "radiation", "he", "had", "shown", "that", "black", "holes", "are", "not", "actually", "black", "to", "this", "day", "physicists", "continue", "to", "argue", "over", "the", "implications", "of", "Hawking", "radiation", "and", "in", "particular", "about", "whether", "it", "raises", "information", "from", "the", "universe", "which", "would", "violate", "quantum", "theory", "and", "finally", "number", "three", "a", "brief", "history", "of", "time", "this", "is", "not", "a", "scientific", "paper", "but", "rather", "a", "popular", "science", "book", "and", "it", "is", "this", "book", "which", "would", "catapult", "Hawking", "from", "prominent", "scientists", "to", "probably", "the", "most", "famous", "scientist", "of", "his", "time", "it", "gave", "him", "a", "new", "platform", "as", "a", "science", "communicator", "a", "spokesperson", "and", "a", "cultural", "phenomenon", "ever", "since", "people", "around", "the", "world", "have", "been", "fascinated", "by", "his", "story", "his", "intellect", "and", "his", "tenacity", "many", "now", "know", "Stephen", "Hawking", "for", "his", "characteristics", "and", "Teddy", "points", "his", "appearances", "on", "television", "shows", "or", "his", "controversial", "opinions", "on", "a", "whole", "host", "of", "issues", "from", "a", "pie", "through", "to", "any", "life", "but", "behind", "the", "pop-culture", "icon", "there", "was", "a", "scientist", "whose", "legacy", "will", "endure", "and", "as", "Hawking", "himself", "once", "said", "I", "hope", "I", "will", "be", "remembered", "for", "my", "work", "on", "black", "holes", "and", "the", "origin", "of", "the", "universe", "not", "for", "things", "like", "appearing", "on", "The", "Simpsons", "you"], "correction_seq": ["", "", "", "", "", "", "", "", "", "", "", "", "", "", "", "", "", "", "", "", "", "", "", "", "", "", "", "", "", "", "", "", "", "", "", "", "", "", "", "", "", "", "", "", "", "", "", "", "", "", "", "", "", "", "", "", "", "", "", "", "", "", "", "", "", "", "", "", "", "", "", "", "", "", "", "", "", "", "", "", "", "", "", "", "", "", "", "", "", "", "", "", "", "", "", "", "", "", "", "", "", "", "", "", "", "", "", "", "", "", "", "", "", "", "", "", "", "", "", "", "", "", "", "", "", "", "", "", "", "", "", "", "", "", "", "", "", "", "", "", "", "", "", "", "", "", "", "", "", "", "", "", "", "", "", "", "", "", "", "", "", "", "", "", "", "", "", "", "", "", "", "", "", "", "", "", "", "", "", "", "", "", "", "", "", "", "", "", "", "", "", "", "", "", "", "", "", "", "", "", "", "", "", "", "", "", "", "", "", "", "", "", "", "", "", "", "", "", "", "", "", "", "", "", "", "", "", "", "", "", "", "", "", "", "", "", "", "", "", "", "", "", "", "", "", "", "", "", "", "", "", "", "", "", "", "", "", "", "", "", "", "", "", "", "", "", "", "", "", "", "", "", "", "", "", "", "", "", "", "", "", "", "", "", "", "", "", "", "", "", "", "erases", "", "", "", "", "", "", "", "", "", "", "", "", "", "", "", "", "", "", "", "", "", "", "", "", "", "", "", "", "", "", "", "", "", "", "", "", "", "", "", "", "", "", "", "", "", "", "", "", "", "", "", "", "", "", "", "", "", "", "", "", "", "", "", "", "", "", "", "", "", "", "", "", "", "", "", "", "", "", "", "", "", "", "", "", "", "", "", "", "", "", "", "", "", "", "", "", "", "", "", "", "", "", "", "", "", "", "", "", "", "", "", "", "", "", "", "", "", "", "", "", "", "", "", "", "", "", "", "", "", "", "", "", "", "", "", "", "", "", "", "", "", "", "", "", "", "", "", "", "", "", "", "", "", "", "", "", "", "", "", "", "", "", ""]}, {"video_ids": "gmIImZ8uiOs", "video_titles": "Signals from the cosmic dawn: A three minute guide", "playlist_ids": "PLc8e2NNCopVsfIRWC_BKU_YUplScPdCh3", "channel_ids": "UC7c8mE90qCtu11z47U0KErg", "is_single_simple_diff": [0, 0, 0, 0, 0, 0, 0, 0, 0, 0, 0, 0, 0, 0, 0, 0, 0, 0, 0, 0, 0, 0, 0, 0, 0, 0, 0, 0, 0, 0, 0, 0, 0, 0, 0, 0, 0, 0, 0, 0, 0, 0, 0, 0, 0, 0, 0, 0, 0, 0, 0, 0, 0, 0, 0, 0, 0, 0, 0, 0, 0, 0, 0, 0, 0, 0, 0, 0, 0, 0, 0, 0, 0, 0, 0, 0, 0, 0, 0, 0, 0, 0, 0, 0, 0, 0, 0, 0, 0, 0, 0, 0, 0, 0, 0, 0, 0, 0, 0, 0, 0, 0, 0, 0, 0, 0, 0, 0, 0, 0, 0, 0, 0, 0, 0, 0, 0, 0, 0, 0, 0, 0, 0, 0, 0, 0, 0, 0, 0, 0, 0, 0, 0, 0, 0, 0, 0, 0, 0, 0, 0, 0, 0, 0, 0, 0, 0, 0, 0, 0, 0, 0, 0, 0, 0, 0, 0, 0, 0, 0, 0, 0, 0, 0, 0, 0, 0, 0, 0, 0, 0, 0, 0, 0, 0, 0, 0, 0, 0, 0, 0, 0, 0, 0, 0, 0, 0, 0, 0, 0, 0, 0, 0, 0, 0, 0, 0, 0, 0, 0, 0, 0, 0, 0, 0, 0, 0, 0, 0, 0, 0, 0, 0, 0, 0, 0, 0, 0, 0, 0, 0, 0, 0, 0, 0, 0, 0, 0, 0, 0, 0, 0, 0, 0, 0, 0, 0, 0, 0, 0, 0, 0, 0, 0, 0, 0, 0, 0, 0, 0, 0, 0, 0, 0, 0, 0, 0, 0, 0, 0, 0, 0, 0, 0, 0, 0, 0, 0, 0, 0, 0, 0, 0, 0, 0, 0, 0, 0, 0, 0, 0, 0, 0, 0, 0, 0, 0, 0, 0, 0, 0, 0, 0, 0, 0, 0, 0, 0, 0, 0, 0, 0, 0, 0, 0, 0, 0, 0, 0, 0, 0, 0, 0, 0, 0, 0, 0, 0, 0, 0, 0, 0, 0, 0, 0, 0, 0, 0, 0, 0, 0, 0, 0, 0, 0, 0, 0, 0, 0, 0, 0, 0, 0, 0, 0, 0, 0, 0, 0, 0, 0, 0, 0, 0, 0, 0, 0, 0, 0, 0, 0, 0, 0, 0, 0, 0, 0, 0, 0, 0, 0, 0, 0, 0, 0, 0, 0, 0, 0, 0, 0, 0, 0, 0, 0, 0, 0, 0, 0, 0, 0, 0, 0, 0, 0, 0, 0, 0, 0, 0, 0, 0, 0, 0, 0, 0, 0, 0, 0, 0, 0, 0, 0, 0, 0, 0, 0, 0, 0, 0, 0, 0, 0, 0, 0, 0, 0, 0, 0, 0, 0, 0, 0, 0, 0, 0, 0, 0, 0, 0, 0, 0, 0, 0, 0, 0, 0, 0, 0, 0, 0, 0, 0, 0, 0, 0, 0, 0, 0, 0, 0, 0, 0, 0, 0, 0, 0, 0, 0, 0, 0, 0, 0, 0, 0, 0, 0, 0, 0, 0, 0, 0, 0, 0, 0, 0, 0, 0, 0, 0, 0, 0, 0, 0, 0, 0, 0, 0, 0, 0, 0, 0, 0, 0, 0, 0, 0, 0, 0, 0, 0, 0, 0, 0, 0, 0, 0, 0, 0, 0, 0, 0, 0, 0, 0, 0, 0, 0, 0], "default_seq": ["scientists", "think", "they've", "made", "the", "first", "measurements", "from", "the", "cosmic", "dawn", "the", "period", "in", "the", "universe's", "history", "when", "the", "first", "stars", "began", "to", "shine", "but", "how", "can", "scientists", "study", "something", "that", "happened", "more", "than", "thirteen", "and", "a", "half", "billion", "years", "ago", "well", "to", "understand", "that", "you", "need", "to", "start", "with", "hydrogen", "hydrogen", "is", "a", "cosmologists", "best", "friend", "they", "use", "it", "to", "study", "everything", "you", "see", "a", "quirk", "of", "hydrogen", "is", "that", "it", "can", "emit", "photons", "as", "it", "switches", "between", "states", "specifically", "photons", "with", "a", "wavelength", "at", "around", "21", "centimeters", "when", "astronomers", "point", "radio", "telescopes", "at", "the", "sky", "they", "see", "a", "mess", "of", "different", "radio", "waves", "but", "nestled", "in", "there", "is", "always", "that", "21", "centimeter", "line", "these", "emissions", "from", "hydrogen", "have", "helped", "scientists", "to", "map", "the", "universe", "it's", "how", "they", "discovered", "that", "we're", "sitting", "in", "a", "huge", "spiral-shaped", "galaxy", "the", "Milky", "Way", "but", "hydrogen", "isn't", "just", "useful", "for", "studying", "the", "universe", "today", "right", "after", "the", "Big", "Bang", "the", "universe", "was", "a", "dark", "soup", "of", "electrons", "and", "protons", "the", "particles", "soon", "clumped", "together", "as", "hydrogen", "and", "after", "hundreds", "of", "millions", "of", "years", "hydrogen", "collected", "into", "stars", "generating", "light", "cosmologists", "called", "this", "the", "cosmic", "dawn", "that", "primordial", "light", "is", "hard", "to", "see", "with", "a", "telescope", "because", "the", "tiny", "amounts", "of", "light", "made", "by", "the", "first", "stars", "would", "be", "extremely", "faint", "so", "scientists", "have", "taken", "a", "slightly", "different", "tack", "you", "see", "when", "that", "light", "was", "first", "created", "it", "changed", "everything", "including", "the", "hydrogen", "itself", "crucially", "making", "it", "able", "to", "absorb", "radiation", "at", "its", "favorite", "21", "centimeter", "line", "with", "this", "in", "mind", "rather", "than", "look", "for", "emission", "from", "hydrogen", "cosmologists", "have", "looked", "instead", "for", "its", "absorption", "they", "turned", "to", "the", "Cosmic", "Microwave", "Background", "the", "mass", "of", "radiation", "left", "over", "from", "the", "Big", "Bang", "in", "theory", "the", "moment", "light", "hit", "that", "early", "hydrogen", "it", "would", "have", "started", "absorbing", "this", "radiation", "and", "that", "should", "have", "left", "a", "blip", "in", "the", "CMB", "and", "that", "after", "decades", "of", "scouring", "for", "evidence", "from", "this", "time", "and", "two", "years", "of", "verification", "is", "what", "cosmologists", "have", "found", "but", "here's", "where", "it", "gets", "interesting", "the", "signal", "they", "found", "is", "not", "at", "21", "centimeters", "anymore", "because", "space", "itself", "is", "expanding", "that", "line", "has", "stretched", "over", "time", "which", "is", "handy", "for", "us", "because", "the", "amount", "of", "stretching", "the", "wavelength", "for", "light", "is", "it", "now", "tells", "us", "how", "long", "the", "light", "has", "traveled", "and", "so", "when", "those", "stars", "formed", "finally", "this", "allows", "scientists", "to", "put", "some", "dates", "to", "the", "beginning", "of", "the", "cosmic", "dawn", "but", "that", "is", "nor", "well", "the", "time", "the", "first", "stars", "formed", "seems", "about", "right", "the", "signal", "is", "way", "bigger", "than", "cosmologists", "predicted", "a", "lot", "more", "radiation", "was", "absorbed", "from", "this", "cosmic", "microwave", "background", "that", "makes", "sense", "given", "what", "we", "know", "so", "far", "about", "the", "early", "universe", "something", "doesn't", "add", "up", "and", "one", "tantalizing", "possibility", "is", "that", "we", "may", "be", "seeing", "the", "influence", "of", "dark", "matter", "now", "this", "is", "far", "from", "confirmed", "but", "if", "true", "it", "would", "give", "us", "a", "wealth", "of", "information", "about", "Dark", "Matters", "properties", "and", "where", "to", "look", "for", "it", "so", "this", "little", "blip", "could", "not", "only", "give", "us", "a", "snapshot", "of", "the", "first", "stars", "but", "it", "could", "be", "the", "key", "to", "unlocking", "one", "of", "the", "biggest", "mysteries", "in"], "correction_seq": ["", "", "", "", "", "", "", "", "", "", "", "", "", "", "", "", "", "", "", "", "", "", "", "", "", "", "", "", "", "", "", "", "", "", "", "", "", "", "", "", "", "", "", "", "", "", "", "", "", "", "", "", "", "", "", "", "", "", "", "", "", "", "", "", "", "", "", "", "", "", "", "", "", "", "", "", "", "", "", "", "", "", "", "", "", "", "", "", "", "", "", "", "", "", "", "", "", "", "", "", "", "", "", "", "", "", "", "", "", "", "", "", "", "", "", "", "", "", "", "", "", "", "", "", "", "", "", "", "", "", "", "", "", "", "", "", "", "", "", "", "", "", "", "", "", "", "", "", "", "", "", "", "", "", "", "", "", "", "", "", "", "", "", "", "", "", "", "", "", "", "", "", "", "", "", "", "", "", "", "", "", "", "", "", "", "", "", "", "", "", "", "", "", "", "", "", "", "", "", "", "", "", "", "", "", "", "", "", "", "", "", "", "", "", "", "", "", "", "", "", "", "", "", "", "", "", "", "", "", "", "", "", "", "", "", "", "", "", "", "", "", "", "", "", "", "", "", "", "", "", "", "", "", "", "", "", "", "", "", "", "", "", "", "", "", "", "", "", "", "", "", "", "", "", "", "", "", "", "", "", "", "", "", "", "", "", "", "", "", "", "", "", "", "", "", "", "", "", "", "", "", "", "", "", "", "", "", "", "", "", "", "", "", "", "", "", "", "", "", "", "", "", "", "", "", "", "", "", "", "", "", "", "", "", "", "", "", "", "", "", "", "", "", "", "", "", "", "", "", "", "", "", "", "", "", "", "", "", "", "", "", "", "", "", "", "", "", "", "", "", "", "", "", "", "", "", "", "", "", "", "", "", "", "", "", "", "", "", "", "", "", "", "", "", "", "", "", "", "", "", "", "", "", "", "", "", "", "", "", "", "", "", "", "", "", "", "", "", "", "", "", "", "", "", "", "", "", "", "", "", "", "", "", "", "", "", "", "", "", "", "", "", "", "", "", "", "", "", "", "", "", "", "", "", "", "", "", "", "", "", "", "", "", "", "", "", "", "", "", "", "", "", "", "", "", "", "", "", "", "", "", "", "", "", "", "", "", "", "", "", "", "", "", "", "", "", "", "", "", "", "", "", "", "", "", "", "", "", "", "", "", "", "", "", "", "", "", "", "", "", "", "", "", "", "", "", "", "", ""]}, {"video_ids": "jswSJznyvDI", "video_titles": "Shake those bees back and forth: Smart swarm intelligence", "playlist_ids": "PL2B4453E49C20F311", "channel_ids": "UC7c8mE90qCtu11z47U0KErg", "is_single_simple_diff": [0, 0, 0, 0, 0, 0, 0, 0, 0, 0, 0, 0, 0, 0, 0, 0, 0, 0, 0, 0, 0, 0, 0, 0, 0, 0, 0, 0, 0, 0, 0, 0, 0, 0, 0, 0, 0, 0, 0, 0, 0, 0, 0, 0, 0, 0, 0, 0, 0, 0, 0, 0, 0, 0, 0, 0, 0, 0, 0, 0, 0, 0, 0, 0, 0, 0, 0, 0, 0, 0, 0, 0, 0, 0, 0, 0, 0, 0, 0, 0, 0, 0, 0, 0, 0, 0, 0, 0, 0, 0, 0, 0, 0, 0, 0, 0, 0, 0, 0, 0, 0, 0, 0, 0, 0, 0, 0, 0, 0, 0, 0, 0, 0, 0, 0, 0, 0, 0, 0, 0, 0, 0, 0, 0, 0, 0, 0, 0, 0, 0, 0, 0, 0, 0, 0, 0, 0, 0, 0, 0, 0, 0, 0, 0, 0, 0, 0, 0, 0, 0, 0, 0, 0, 0, 0, 0, 0, 0, 0, 0, 0, 0, 0, 0, 0, 0, 0, 0, 0, 0, 0, 0, 0, 0, 0, 0, 0, 0, 0, 0, 0, 0, 0, 0, 0, 0, 0, 0, 0, 0, 0, 0, 0, 0, 0, 0, 0, 0, 0, 0, 0, 0, 0, 0, 0, 0, 0, 0, 0, 0, 0, 0, 0, 0, 0, 0, 0, 0, 0, 0, 0, 0, 0, 0, 0, 0, 0, 0, 0, 0, 0, 0, 0, 0, 0, 0, 0, 0, 0, 0, 0, 0, 0, 1, 0, 0, 0, 0, 0, 0, 0, 0, 0, 0, 0, 0, 0, 0, 0, 0, 0, 0, 0, 0, 0, 0, 0, 0, 0, 1, 0, 0, 0, 0, 0, 0, 0, 0, 0, 0, 0, 0, 0, 0, 0, 0, 0, 0, 0, 0, 0, 0, 0, 0, 0, 0, 0, 0, 0, 0, 0, 0, 0, 0, 0, 0, 0, 0, 0, 0, 0, 0, 0, 0, 0, 0, 0, 0, 0, 0, 0, 0, 0, 0, 0, 0, 1, 0, 0, 0, 0, 0, 0, 0, 0, 0, 0, 0, 0, 0, 0, 0, 0, 0, 0, 0, 0, 0, 0, 0, 0, 0, 0, 0, 0, 0, 0, 0, 0, 0, 0, 0, 0, 0, 0, 0, 0, 0, 0, 0, 0, 0, 0, 0, 0, 0, 0, 0, 0, 0, 0, 0, 0, 0, 0, 0, 0, 0, 0, 0, 0, 0, 0, 0, 0, 0, 0, 0, 0, 0, 0, 0, 0, 0, 0, 0, 0, 0, 0, 0, 0, 0, 0, 0], "default_seq": ["this", "hanging", "mass", "is", "made", "entirely", "of", "bees", "the", "swarm", "can", "hold", "itself", "together", "even", "when", "shaken", "about", "by", "the", "wind", "now", "a", "team", "of", "scientists", "have", "been", "finding", "out", "how", "about", "once", "a", "year", "colonies", "of", "honeybees", "leave", "their", "nests", "in", "swarms", "searching", "for", "a", "new", "home", "until", "they", "find", "a", "new", "site", "the", "bees", "rest", "in", "these", "temporary", "", "clusters", "the", "clusters", "often", "found", "in", "trees", "but", "this", "one", "is", "forming", "in", "a", "lab", "at", "Harvard", "in", "Massachusetts", "little", "do", "the", "bees", "know", "they're", "about", "to", "go", "for", "a", "ride", "the", "researchers", "built", "this", "shaking", "apparatus", "to", "investigate", "how", "the", "bee", "swarm", "reacts", "to", "movement", "when", "shaken", "from", "side", "to", "side", "shearing", "forces", "act", "on", "the", "colony", "with", "the", "bees", "at", "the", "top", "taking", "the", "brunt", "of", "it", "as", "they", "try", "to", "hold", "up", "everything", "beneath", "them", "the", "forces", "threaten", "to", "destabilize", "the", "whole", "colony", "so", "the", "bees", "do", "something", "clever", "they", "spread", "out", "the", "flatter", "shape", "changes", "the", "colonies", "center", "of", "mass", "and", "so", "it", "wobbles", "less", "reducing", "the", "pressure", "on", "the", "bees", "it", "makes", "sense", "imagine", "you're", "standing", "up", "and", "you", "find", "the", "ground", "shaking", "beneath", "you", "instinctively", "you'd", "crouch", "down", "same", "principle", "anyway", "what's", "particularly", "interesting", "here", "is", "that", "the", "forces", "at", "play", "are", "acting", "on", "the", "swarm", "as", "a", "whole", "but", "each", "bee", "can't", "see", "the", "shape", "of", "the", "swarm", "", "so", "how", "does", "it", "know", "where", "to", "go", "or", "what", "to", "do", "to", "find", "out", "researchers", "trapped", "the", "bees", "on", "the", "outside", "of", "the", "swarm", "as", "the", "colony", "shook", "they", "moved", "upwards", "to", "where", "the", "stress", "is", "greatest", "the", "researchers", "modeled", "this", "behavior", "and", "found", "that", "if", "all", "the", "bees", "follow", "the", "rule", "", "move", "towards", "the", "area", "of", "higher", "stress", "", "the", "colony", "flattens", "out", "increasing", "its", "stability", "and", "so", "decreasing", "the", "average", "stress", "on", "each", "bead", "great", "for", "the", "colony", "but", "individual", "bees", "are", "actively", "putting", "themselves", "under", "more", "stress", "to", "do", "it", "this", "kind", "of", "altruistic", "behave", "is", "not", "very", "common", "in", "nature", "except", "that", "is", "in", "use", "social", "insects", "like", "bees", "and", "ants", "which", "rely", "on", "altruism", "for", "survival", "what's", "more", "even", "though", "each", "individual", "bee", "doesn't", "necessarily", "know", "what's", "going", "on", "by", "simply", "moving", "towards", "an", "area", "of", "higher", "stress", "the", "colony", "as", "a", "whole", "acts", "intelligently", "this", "is", "called", "emergent", "intelligence", "and", "some", "scientists", "think", "that", "it's", "through", "a", "process", "like", "this", "that", "individual", "neurons", "firing", "in", "our", "brain", "can", "collectively", "come", "together", "to", "make", "well", "us", "talk", "about", "a", "hive"], "correction_seq": ["", "", "", "", "", "", "", "", "", "", "", "", "", "", "", "", "", "", "", "", "", "", "", "", "", "", "", "", "", "", "", "", "", "", "", "", "", "", "", "", "", "", "", "", "", "", "", "", "", "", "", "", "", "", "", "", "", "", "", "", "", "", "", "", "", "", "", "", "", "", "", "", "", "", "", "", "", "", "", "", "", "", "", "", "", "", "", "", "", "", "", "", "", "", "", "", "", "", "", "", "", "", "", "", "", "", "", "", "", "", "", "", "", "", "", "", "", "", "", "", "", "", "", "", "", "", "", "", "", "", "", "", "", "", "", "", "", "", "", "", "", "", "", "", "", "", "", "", "", "", "", "", "", "", "", "", "", "", "", "", "", "", "", "", "", "", "", "", "", "", "", "", "", "", "", "", "", "", "", "", "", "", "", "", "", "", "", "", "", "", "", "", "", "", "", "", "", "", "", "", "", "", "", "", "", "", "", "", "", "", "", "", "", "", "", "", "", "", "", "", "", "", "", "", "", "", "", "", "", "", "", "", "", "", "", "", "", "", "", "", "", "", "", "tracked", "", "", "", "", "", "", "", "", "", "", "", "", "", "", "", "", "", "", "", "", "", "", "", "", "", "behaviour", "", "", "", "", "", "", "", "", "", "", "", "", "", "", "", "", "", "", "", "", "", "", "", "", "", "", "", "", "", "", "", "", "", "", "", "", "", "", "", "", "", "", "", "", "", "", "", "", "", "", "", "", "", "", "", "", "behaviour", "", "", "", "", "", "", "", "", "", "", "", "", "", "", "", "", "", "", "", "", "", "", "", "", "", "", "", "", "", "", "", "", "", "", "", "", "", "", "", "", "", "", "", "", "", "", "", "", "", "", "", "", "", "", "", "", "", "", "", "", "", "", "", "", "", "", "", "", "", "", "", "", "", "", "", "", "", "", "", "", "", "", "", "", "", "", ""]}, {"video_ids": "jOnxr9Ez_Kc", "video_titles": "A tactile 3D display, created with sound", "playlist_ids": "PLc8e2NNCopVvDwZv-d9XMnvUfI9xnUBz8", "channel_ids": "UC7c8mE90qCtu11z47U0KErg", "is_single_simple_diff": [0, 0, 0, 0, 0, 0, 0, 0, 0, 0, 0, 0, 0, 0, 0, 0, 0, 0, 0, 0, 0, 0, 0, 0, 0, 0, 0, 0, 0, 0, 0, 0, 0, 0, 0, 0, 0, 0, 0, 0, 0, 0, 0, 0, 0, 0, 0, 0, 0, 0, 0, 0, 0, 0, 0, 0, 0, 0, 0, 0, 0, 0, 0, 0, 0, 0, 0, 0, 0, 0, 0, 0, 0, 0, 0, 0, 0, 0, 0, 0, 0, 0, 0, 0, 0, 0, 0, 0, 0, 0, 0, 0, 0, 0, 0, 0, 0, 0, 0, 0, 0, 0, 0, 0, 0, 0, 0, 0, 0, 0, 0, 0, 0, 0, 0, 0, 0, 0, 0, 0, 0, 0, 0, 0, 0, 0, 0, 0, 0, 0, 0, 0, 0, 0, 0, 0, 0, 0, 0, 0, 0, 0, 0, 0, 0, 0, 0, 0, 0, 0, 0, 0, 0, 0, 0, 0, 0, 0, 0, 0, 0, 0, 0, 0, 0, 0, 0, 0, 0, 0, 0, 0, 0, 0, 0, 0, 0, 0, 0, 0, 0, 0, 0, 0, 0, 0, 0, 0, 0, 0, 0, 0, 0, 0, 0, 0, 0, 0, 0, 0, 0, 0, 0, 0, 0, 0, 0, 0, 0, 0, 0, 0, 0, 0, 0, 1, 0, 0, 0, 0, 0, 0, 0, 0, 0, 0, 0, 0, 0, 0, 0, 0, 0, 0, 0, 0, 0, 0, 0, 0, 0, 0, 0, 0, 0, 0, 0, 0, 0, 0, 0, 0, 0, 0, 0, 0, 0, 0, 0, 0, 0, 0, 0, 0, 0, 0, 0, 0, 0, 0, 0, 0, 0, 0, 0, 0, 0, 0, 0, 0, 0, 0, 0, 0, 0, 0, 0, 0, 0, 0, 0, 0, 0, 0, 0, 0, 0, 0, 0, 0, 0, 0, 0, 0, 0, 0, 0, 0, 0, 0, 0, 0, 0, 0, 0, 0, 0, 0, 0, 0, 0, 0, 0, 0, 0, 0, 0, 0, 0, 0, 0, 0, 0, 0, 0, 0, 0, 0, 0, 0, 0, 0, 0, 0, 0, 0, 0, 0, 0, 0, 0, 0, 0, 0, 0, 0, 0, 0, 0, 0, 0, 0, 0, 0, 0, 0, 0, 0, 0, 0, 0, 0, 0, 0, 0, 0, 0, 0, 0, 0, 0, 0, 0, 0, 0, 0, 0, 0, 0, 0, 0, 0, 0, 0, 0, 0, 0, 0, 0, 0, 0, 0, 0, 0, 0, 0, 0, 0, 0, 0, 0, 0, 0, 0, 0, 0, 0, 0, 0, 0, 0, 0, 0, 0, 0, 0, 0, 0, 0, 0, 0, 0, 0, 0, 0, 0, 0, 0, 0, 0, 0, 0, 0, 0, 0, 0, 0, 0, 0, 0, 0, 0, 0, 0, 0, 0, 0, 0, 0, 0, 0, 0, 0, 0, 0, 0, 0, 0, 0, 0, 0, 0, 0, 0, 0, 0, 0, 0, 0, 0, 0, 0, 0, 0, 0, 0, 0, 0, 0, 0, 0, 0, 0, 0, 0, 0, 0, 0, 0, 0, 0, 0, 0, 0, 0, 0, 0, 0, 0, 0, 0, 0, 0, 0, 0, 0, 0, 0, 0, 0, 0, 0, 0, 0, 0, 0, 0, 0, 0, 0, 0, 0, 0, 0, 0, 0, 0, 0, 0, 0, 0, 0, 0, 0, 0, 0, 0, 0, 0, 0, 0, 0, 0, 0, 0, 0, 0, 0, 0, 0, 0, 0, 0, 0, 0, 0, 0, 0, 0, 0, 0, 0, 0, 0, 0, 0, 0, 0, 0, 0, 0, 0, 0, 0, 0, 0, 0, 0, 0, 0, 0, 0, 0, 0, 0, 0, 0, 0, 0, 0, 0, 0, 0, 0, 0, 0, 0, 0, 0, 0, 0, 0, 0, 0, 0, 0, 0, 0, 0, 0, 0, 0, 0, 0, 0, 0, 0, 0, 0, 0, 0, 0, 0, 0, 0, 0, 0, 0, 0, 0, 0, 0, 0, 0, 0, 0, 0, 0, 0, 0, 0, 0, 0, 0, 0, 0, 0, 0, 0, 0, 0, 0, 0, 0, 0, 0, 0, 0, 0, 0, 0, 0, 0, 0, 0, 0, 0, 0, 0, 0, 0, 0, 0, 0, 0, 0, 0, 0, 0, 0, 0, 0, 0, 0, 0, 0, 0, 0, 0, 0, 0, 0, 0, 0, 0, 0, 0, 0, 0, 0, 0, 0, 0, 0, 0, 0, 0, 0, 0, 0, 0, 0, 0, 0, 0, 0, 0, 0, 0, 0, 0, 0, 0, 0, 0, 0, 0, 0, 0, 0, 0, 0, 0, 0, 0, 0, 0, 0, 0, 0, 0, 0, 0, 0, 0, 0, 0, 0, 0, 0, 0, 0, 0, 0, 0, 0, 0, 0, 0, 0, 0, 0, 0, 0, 0, 0, 0, 0, 0, 0, 0, 0, 0, 0, 0, 0, 0, 0, 0, 0, 0, 0, 0, 0, 0, 0, 0, 0, 0, 0, 0, 0, 0, 0, 0, 0, 0, 0, 0, 0, 0, 0, 0, 0, 0, 0, 0, 0, 0, 0, 0, 0, 0, 0, 0, 0, 0, 0, 0, 0, 0, 0, 0, 0], "default_seq": ["to", "the", "human", "eye", "there", "appears", "to", "be", "a", "glowing", "three-dimensional", "butterfly", "moving", "around", "inside", "this", "black", "box", "in", "fact", "all", "it", "is", "is", "a", "tiny", "polystyrene", "bead", "that's", "really", "small", "yeah", "it's", "like", "a", "one", "", "millimeter", "to", "Namita", "with", "if", "suspended", "and", "we", "can", "move", "it", "so", "fast", "to", "create", "a", "3d", "shape", "this", "is", "a", "volumetric", "display", "it's", "an", "image", "that", "exists", "in", "real", "3d", "space", "and", "this", "latest", "development", "in", "the", "field", "is", "unique", "in", "that", "it", "uses", "sound", "waves", "not", "only", "to", "create", "the", "image", "but", "also", "to", "add", "audio", "and", "tactile", "sensations", "oh", "yeah", "you", "can", "feel", "it's", "like", "really", "Oh", "like", "it's", "kind", "of", "gentle", "buzzer", "breeze", "my", "name's", "Lizzie", "Gibney", "and", "I've", "come", "to", "the", "University", "of", "Sussex", "in", "the", "UK", "to", "see", "that", "display", "for", "myself", "the", "most", "surprising", "thing", "about", "it", "is", "that", "it", "doesn't", "look", "like", "a", "flat", "projection", "you", "can", "see", "that", "it's", "really", "floating", "there", "in", "three", "dimensions", "and", "in", "person", "the", "image", "doesn't", "flicker", "like", "it", "does", "on", "camera", "people", "don't", "believe", "it", "and", "then", "there's", "this", "magical", "moment", "where", "they", "can", "evolve", "that's", "real", "the", "display", "works", "by", "a", "process", "called", "acoustic", "levitation", "in", "the", "walls", "of", "this", "box", "", "arrays", "of", "speakers", "producing", "sound", "waves", "so", "by", "using", "the", "sound", "creating", "a", "standing", "wave", "and", "", "tiny", "bead", "the", "speaker's", "create", "areas", "of", "high", "pressure", "that", "can", "trap", "a", "polystyrene", "bead", "and", "suspend", "it", "in", "midair", "moving", "the", "bead", "around", "and", "shining", "a", "light", "on", "it", "creates", "a", "glowing", "moving", "", "dot", "move", "that", "door", "around", "fast", "enough", "and", "you", "can", "create", "shapes", "in", "the", "air", "what", "we've", "created", "is", "a", "Cousteau", "phoretic", "volumetric", "display", "so", "we", "basically", "use", "sound", "to", "trap", "a", "lightweight", "object", "in", "free", "space", "and", "we", "can", "update", "its", "position", "at", "very", "high", "update", "rates", "so", "fast", "that", "persistence", "of", "vision", "happens", "and", "you", "think", "it's", "a", "full", "object", "the", "team", "was", "inspired", "by", "research", "published", "last", "year", "from", "Brigham", "Young", "University", "the", "American", "group", "had", "successfully", "created", "a", "volumetric", "display", "by", "steering", "tiny", "particles", "of", "cellulose", "using", "laser", "light", "they", "were", "trapping", "a", "particle", "with", "lasers", "and", "doing", "something", "very", "similar", "and", "for", "us", "to", "be", "honest", "we", "were", "not", "even", "thinking", "that", "that", "could", "be", "a", "possibility", "you", "know", "what", "we", "looked", "at", "each", "other", "I", "think", "we", "can", "do", "that", "I", "know", "that's", "right", "the", "team", "at", "the", "University", "of", "Sussex", "has", "been", "working", "on", "using", "sound", "waves", "to", "move", "small", "objects", "or", "create", "sensations", "for", "a", "few", "years", "but", "the", "big", "challenge", "in", "creating", "a", "volumetric", "display", "was", "to", "get", "the", "beads", "moving", "fast", "enough", "that", "it", "appears", "as", "a", "single", "non", "moving", "image", "since", "the", "other", "image", "for", "human", "eyes", "the", "whole", "path", "for", "example", "I", "got", "if", "you", "want", "to", "create", "a", "circle", "this", "circle", "should", "be", "scanned", "in", "100", "milliseconds", "and", "that", "so", "the", "beads", "should", "be", "moved", "so", "fast", "you", "could", "create", "this", "path", "in", "100", "millisecond", "but", "I", "see", "that's", "part", "the", "end", "of", "it", "right", "so", "because", "we", "are", "updating", "at", "that", "speed", "we", "can", "also", "create", "audio", "and", "tactile", "feedback", "so", "the", "object", "is", "singing", "as", "it's", "moving", "because", "and", "at", "the", "same", "time", "if", "you", "bring", "your", "hand", "close", "to", "it", "you", "will", "get", "a", "sensation", "of", "touch", "the", "researchers", "can", "use", "the", "same", "waves", "of", "pressure", "that", "control", "the", "bead", "to", "create", "ripples", "in", "the", "air", "fluttering", "on", "a", "finger", "to", "give", "a", "tactile", "experience", "that's", "something", "that", "no", "other", "kind", "of", "volumetric", "display", "can", "do", "we", "create", "that", "focusing", "point", "to", "another", "place", "for", "tactile", "feedback", "so", "it's", "like", "a", "levitation", "tactile", "levitation", "cocktail", "so", "we", "can", "switch", "the", "quickly", "play", "so", "fast", "yes", "we", "you", "don't", "see", "it", "when", "you're", "watching", "you", "don't", "hear", "it", "it", "has", "to", "make", "you", "feel", "like", "you're", "getting", "closer", "to", "something", "something", "real", "like", "batting", "wings", "or", "something", "and", "by", "using", "the", "interactions", "between", "ultrasound", "waves", "the", "display", "can", "even", "produce", "audible", "sound", "at", "the", "moment", "the", "display", "can", "only", "create", "small", "simple", "shapes", "but", "if", "the", "team", "can", "get", "their", "beads", "moving", "even", "faster", "or", "can", "manipulate", "multiple", "beads", "they", "could", "create", "bigger", "and", "more", "complex", "images", "and", "the", "team", "hopes", "that", "this", "could", "be", "the", "start", "of", "3d", "displays", "becoming", "part", "of", "everyday", "life", "the", "idea", "of", "just", "3d", "content", "to", "be", "something", "that's", "there", "you", "go", "you", "use", "it", "whenever", "you", "need", "to", "use", "it", "you", "don't", "need", "to", "use", "it", "you", "don't", "or", "I", "need", "to", "be", "seeing", "that", "3d", "content", "but", "also", "my", "notes", "or", "just", "check", "what", "time", "it", "is", "you", "know", "like", "blending", "the", "filter", "content", "in", "our", "real", "day-to-day", "life", "just", "in", "a", "seamless", "manner", "it's", "something", "that's", "very", "valuable", "this", "is", "literally", "our", "first", "step", "we've", "got", "a", "long", "way", "to", "go", "but", "the", "interesting", "bit", "is", "that", "the", "fundamentals", "that", "are", "underpinning", "this", "kind", "of", "displays", "they", "are", "strong", "they", "can", "really", "deliver", "all", "of", "this", "and", "I", "think", "that's", "very", "exciting", "you"], "correction_seq": ["", "", "", "", "", "", "", "", "", "", "", "", "", "", "", "", "", "", "", "", "", "", "", "", "", "", "", "", "", "", "", "", "", "", "", "", "", "", "", "", "", "", "", "", "", "", "", "", "", "", "", "", "", "", "", "", "", "", "", "", "", "", "", "", "", "", "", "", "", "", "", "", "", "", "", "", "", "", "", "", "", "", "", "", "", "", "", "", "", "", "", "", "", "", "", "", "", "", "", "", "", "", "", "", "", "", "", "", "", "", "", "", "", "", "", "", "", "", "", "", "", "", "", "", "", "", "", "", "", "", "", "", "", "", "", "", "", "", "", "", "", "", "", "", "", "", "", "", "", "", "", "", "", "", "", "", "", "", "", "", "", "", "", "", "", "", "", "", "", "", "", "", "", "", "", "", "", "", "", "", "", "", "", "", "", "", "", "", "", "", "", "", "", "", "", "", "", "", "", "", "", "", "", "", "", "", "", "", "", "", "", "", "", "", "", "ultrasound,", "", "", "", "", "", "", "", "", "", "", "", "", "", "", "", "", "", "", "", "", "", "", "", "", "", "", "", "", "", "", "", "", "", "", "", "", "", "", "", "", "", "", "", "", "", "", "", "", "", "", "", "", "", "", "", "", "", "", "", "", "", "", "", "", "", "", "", "", "", "", "", "", "", "", "", "", "", "", "", "", "", "", "", "", "", "", "", "", "", "", "", "", "", "", "", "", "", "", "", "", "", "", "", "", "", "", "", "", "", "", "", "", "", "", "", "", "", "", "", "", "", "", "", "", "", "", "", "", "", "", "", "", "", "", "", "", "", "", "", "", "", "", "", "", "", "", "", "", "", "", "", "", "", "", "", "", "", "", "", "", "", "", "", "", "", "", "", "", "", "", "", "", "", "", "", "", "", "", "", "", "", "", "", "", "", "", "", "", "", "", "", "", "", "", "", "", "", "", "", "", "", "", "", "", "", "", "", "", "", "", "", "", "", "", "", "", "", "", "", "", "", "", "", "", "", "", "", "", "", "", "", "", "", "", "", "", "", "", "", "", "", "", "", "", "", "", "", "", "", "", "", "", "", "", "", "", "", "", "", "", "", "", "", "", "", "", "", "", "", "", "", "", "", "", "", "", "", "", "", "", "", "", "", "", "", "", "", "", "", "", "", "", "", "", "", "", "", "", "", "", "", "", "", "", "", "", "", "", "", "", "", "", "", "", "", "", "", "", "", "", "", "", "", "", "", "", "", "", "", "", "", "", "", "", "", "", "", "", "", "", "", "", "", "", "", "", "", "", "", "", "", "", "", "", "", "", "", "", "", "", "", "", "", "", "", "", "", "", "", "", "", "", "", "", "", "", "", "", "", "", "", "", "", "", "", "", "", "", "", "", "", "", "", "", "", "", "", "", "", "", "", "", "", "", "", "", "", "", "", "", "", "", "", "", "", "", "", "", "", "", "", "", "", "", "", "", "", "", "", "", "", "", "", "", "", "", "", "", "", "", "", "", "", "", "", "", "", "", "", "", "", "", "", "", "", "", "", "", "", "", "", "", "", "", "", "", "", "", "", "", "", "", "", "", "", "", "", "", "", "", "", "", "", "", "", "", "", "", "", "", "", "", "", "", "", "", "", "", "", "", "", "", "", "", "", "", "", "", "", "", "", "", "", "", "", "", "", "", "", "", "", "", "", "", "", "", "", "", "", "", "", "", "", "", "", "", "", "", "", "", "", "", "", "", "", "", "", "", "", "", "", "", "", "", "", "", "", "", "", "", "", "", "", "", "", "", "", "", "", "", "", "", "", "", "", "", "", "", "", "", "", "", "", "", "", "", "", "", "", "", "", "", "", "", "", "", "", "", "", "", "", "", "", "", "", "", "", "", "", "", "", "", "", "", "", "", "", ""]}]