[{"video_ids": "x40i0vpJPdk", "video_titles": "Stanford Course - Scaling Excellence through Innovation", "playlist_ids": "PLoROMvodv4rNGcjhuCmfd5rPK8goWlvVO", "channel_ids": "UCBa5G_ESCn8Yd4vw5U-gIcg", "is_single_simple_diff": [0, 0, 0, 0, 0, 0, 0, 0, 0, 0, 0, 0, 0, 0, 0, 0, 0, 0, 0, 0, 0, 0, 0, 0, 0, 0, 0, 0, 0, 0, 0, 0, 0, 0, 0, 0, 0, 0, 0, 0, 0, 0, 0, 0, 0, 0, 0, 0, 0, 0, 0, 0, 0, 0, 0, 0, 0, 0, 0, 0, 0, 0, 0, 0, 0, 0, 0, 0, 0, 0, 0, 0, 0, 0, 0, 0, 0, 0, 0, 0, 0, 0, 0, 0, 0, 0, 0, 0, 0, 0, 0, 0, 0, 0, 0, 0, 0, 0, 0, 0, 0, 0, 0, 0, 0, 0, 0, 0, 0, 0, 0, 0, 0, 0, 0, 0, 0, 0, 0, 0, 0, 0, 0, 0, 0, 0, 0, 0, 0, 0, 0, 0, 0, 0, 0, 0, 0, 0, 0, 0, 0, 0, 0, 0, 0, 0, 0, 0, 0, 0, 0, 0, 0, 0, 0, 0, 0, 0, 0, 0, 0, 0, 0, 0, 0, 0, 0, 0, 0, 0, 0, 0, 0, 0, 0, 0, 0, 0, 0, 0, 0, 0, 0, 0, 0, 0, 0, 0, 0, 0, 0, 0, 0, 0, 0, 0, 0, 0, 0, 0, 0, 0, 0, 0, 0, 0, 0, 0, 0, 0, 0, 0, 0, 0, 0, 0, 0, 0, 0, 0, 0, 0, 0, 0, 0, 0, 0, 0, 0, 0, 0, 0, 0, 0, 0, 0, 0, 0, 0, 0, 0, 0, 0, 0, 0, 0, 0, 0, 0, 0, 0, 0, 0, 0, 0, 0, 0, 0, 0, 0, 0, 0, 0, 0, 0, 0, 0, 0, 0, 0, 0, 0, 0, 0, 0, 0, 0, 0, 0, 0, 0, 0, 0, 0, 0, 0, 0, 0, 0, 0, 0, 0, 0, 0, 0, 0, 0, 0, 0, 0, 0, 0, 0, 0, 0, 0, 0, 0, 0, 0, 0, 0, 0, 0, 0, 0, 0, 0, 0, 0, 0, 0, 0, 0, 0, 0, 0, 0, 0, 0, 0, 0, 0, 0, 0, 0, 0, 0, 0, 0, 0, 0, 0, 0, 0, 0, 0, 0, 0, 0, 0, 0, 0, 0, 0, 0, 0, 0, 0, 0, 0, 0, 0, 0, 0, 0, 0, 0, 0, 0, 0, 0, 0, 0, 0, 0, 0, 0, 0, 0, 0, 0, 0, 0, 0, 0, 0, 0, 0, 0, 0, 0, 0, 0, 0, 0], "default_seq": ["so", "this", "is", "a", "course", "on", "how", "to", "scale", "excellence", "through", "innovation", "if", "you", "are", "a", "leader", "in", "a", "team", "if", "you", "are", "a", "leader", "of", "a", "department", "if", "you", "want", "to", "run", "a", "division", "if", "you", "are", "a", "leader", "of", "a", "start-up", "you", "really", "need", "to", "have", "scaling", "skills", "if", "you", "don't", "have", "scaling", "skills", "you", "actually", "can't", "progress", "so", "if", "you", "have", "a", "start-up", "and", "you", "it's", "a", "small", "company", "with", "ten", "people", "if", "you", "don't", "know", "how", "to", "scale", "by", "the", "time", "it", "gets", "to", "25", "or", "30", "we", "season", "the", "other", "so", "begin", "to", "invest", "in", "your", "company", "might", "decide", "you're", "not", "the", "person", "who's", "the", "right", "person", "to", "run", "it", "and", "others", "might", "actually", "do", "thing", "things", "to", "the", "company", "that", "might", "challenge", "your", "vision", "so", "it's", "the", "same", "thing", "when", "you", "run", "a", "team", "when", "you", "run", "a", "division", "all", "the", "time", "what", "you", "are", "demonstrating", "is", "your", "scaling", "skill", "so", "we'll", "cover", "a", "number", "of", "topics", "in", "this", "course", "we", "start", "with", "the", "premise", "that", "scaling", "excellence", "through", "innovation", "means", "building", "a", "mindset", "and", "we", "then", "talk", "about", "how", "do", "we", "actually", "go", "about", "building", "this", "mindset", "what", "does", "it", "involve", "what", "are", "some", "mantras", "of", "scaling", "in", "we", "then", "talk", "about", "the", "principles", "of", "scaling", "there's", "an", "element", "of", "an", "art", "for", "sure", "but", "it's", "not", "all", "magic", "they're", "social", "science", "too", "and", "so", "what", "we", "want", "to", "do", "in", "this", "course", "is", "to", "give", "you", "a", "sense", "of", "the", "social", "science", "behind", "that", "and", "you", "can", "also", "certainly", "use", "your", "own", "wisdom", "to", "develop", "the", "art", "part", "and", "that's", "what", "the", "course", "is", "about", "what", "it", "gives", "you", "is", "it", "gives", "you", "and", "build", "soulfully", "the", "commitment", "the", "will", "and", "the", "resolve", "to", "scale", "excellence", "and", "to", "innovate", "and", "to", "be", "an", "entrepreneur", "in", "your", "own", "life", "that's", "really", "what", "this", "course", "is", "about", "so", "one", "has", "to", "think", "of", "the", "exercise", "as", "a", "ramp", "to", "the", "freeway", "of", "entrepreneurship", "so", "in", "the", "professional", "life", "if", "they're", "thinking", "about", "customers", "I'd", "actually", "kind", "of", "ask", "them", "to", "talk", "about", "what", "are", "the", "things", "that", "disgust", "customers", "if", "they're", "looking", "at", "innovating", "in", "the", "organization", "you", "don't", "need", "to", "do", "a", "survey", "find", "out", "what", "people", "are", "cursing", "the", "most", "about", "that's", "your", "biggest", "problem", "that", "gets", "in", "the", "way", "of", "innovation", "that's", "where", "", "you", "start", "[Music]"], "correction_seq": ["", "", "", "", "", "", "", "", "", "", "", "", "", "", "", "", "", "", "", "", "", "", "", "", "", "", "", "", "", "", "", "", "", "", "", "", "", "", "", "", "", "", "", "", "", "", "", "", "", "", "", "", "", "", "", "", "", "", "", "", "", "", "", "", "", "", "", "", "", "", "", "", "", "", "", "", "", "", "", "", "", "", "", "", "", "", "", "", "", "", "", "", "", "", "", "", "", "", "", "", "", "", "", "", "", "", "", "", "", "", "", "", "", "", "", "", "", "", "", "", "", "", "", "", "", "", "", "", "", "", "", "", "", "", "", "", "", "", "", "", "", "", "", "", "", "", "", "", "", "", "", "", "", "", "", "", "", "", "", "", "", "", "", "", "", "", "", "", "", "", "", "", "", "", "", "", "", "", "", "", "", "", "", "", "", "", "", "", "", "", "", "", "", "", "", "", "", "", "", "", "", "", "", "", "", "", "", "", "", "", "", "", "", "", "", "", "", "", "", "", "", "", "", "", "", "", "", "", "", "", "", "", "", "", "", "", "", "", "", "", "", "", "", "", "", "", "", "", "", "", "", "", "", "", "", "", "", "", "", "", "", "", "", "", "", "", "", "", "", "", "", "", "", "", "", "", "", "", "", "", "", "", "", "", "", "", "", "", "", "", "", "", "", "", "", "", "", "", "", "", "", "", "", "", "", "", "", "", "", "", "", "", "", "", "", "", "", "", "", "", "", "", "", "", "", "", "", "", "", "", "", "", "", "", "", "", "", "", "", "", "", "", "", "", "", "", "", "", "", "", "", "", "", "", "", "", "", "", "", "", "", "", "", "", "", "", "", "", "", "", "", "", "", "", "", "", "", "", "", "", "", "", "", "", "", "", "", "", "", "", "", "", "", "", "", ""]}]