[{"video_ids": "Yf0BN0kq7OU", "video_titles": "Three Incorrect Laws of Motion", "playlist_ids": "PLAB27A3C12C31E663", "channel_ids": "UCHnyfMqiRRG1u-2MsSQLbXA", "is_single_simple_diff": [0, 0, 0, 0, 0, 0, 0, 0, 0, 0, 0, 0, 0, 0, 0, 0, 0, 0, 0, 0, 0, 0, 0, 0, 0, 0, 0, 0, 0, 0, 0, 0, 0, 0, 0, 0, 0, 0, 0, 0, 0, 0, 0, 0, 0, 0, 0, 0, 0, 0, 0, 0, 0, 0, 0, 0, 0, 0, 0, 0, 0, 0, 0, 0, 0, 0, 0, 0, 0, 0, 0, 0, 0, 0, 0, 0, 0, 0, 0, 0, 0, 0, 0, 0, 0, 0, 0, 0, 0, 0, 0, 0, 0, 0, 0, 0, 0, 0, 0, 0, 0, 0, 0, 0, 0, 0, 0, 0, 0, 0, 0, 0, 0, 0, 0, 0, 0, 0, 0, 0, 0, 0, 0, 0, 0, 0, 0, 0, 0, 0, 0, 0, 0, 0, 0, 0, 0, 0, 0, 0, 0, 0, 0, 0, 0, 0, 0, 0, 0, 0, 0, 0, 0, 0, 0, 0, 0, 0, 0, 0, 0, 0, 0, 0, 0, 0, 0, 0, 0, 0, 0, 0, 0, 0, 0, 0, 0, 0, 0, 0, 0, 0, 0, 0, 0, 0, 0, 0, 0, 0, 0, 0, 0, 0, 0, 0, 0, 0, 0, 0, 0, 0, 0, 0, 0, 0, 0, 0, 0, 0, 0, 0, 0, 0, 0, 0, 0, 0, 0, 0, 0, 0, 0, 0, 0, 0, 0, 0, 0, 0, 0, 0, 0, 0, 0, 0, 0, 0, 0, 0, 0, 0, 0, 0, 0, 0, 0, 0, 0, 0, 0, 0, 0, 0, 0, 0, 0, 0, 0, 0, 0, 0, 0, 0, 0, 0, 0, 0, 0, 0, 0, 0, 0, 0, 0, 0, 0, 0, 0, 0, 0, 0, 0, 0, 0, 0, 0, 0, 0, 0, 0, 0, 0, 0, 0, 0, 0, 0], "default_seq": ["nearly", "350", "years", "ago", "Isaac", "Newton", "came", "up", "with", "three", "laws", "of", "motion", "that", "govern", "how", "everything", "moves", "there", "are", "three", "pretty", "famous", "laws", "of", "motion", "and", "they're", "not", "very", "complicated", "but", "if", "I", "told", "them", "to", "you", "as", "clearly", "as", "I", "can", "you", "would", "think", "that", "you're", "understanding", "them", "but", "I", "think", "you", "wouldn't", "and", "the", "reason", "is", "everyone", "has", "ideas", "about", "physics", "and", "about", "how", "objects", "move", "before", "they're", "ever", "taught", "anything", "in", "a", "science", "classroom", "so", "rather", "than", "tell", "you", "Newton's", "three", "laws", "of", "motion", "I", "would", "like", "to", "tell", "you", "Derrick's", "three", "incorrect", "laws", "of", "motion", "which", "", "the", "ones", "I", "think", "you're", "actually", "thinking", "so", "Derek's", "first", "incorrect", "law", "of", "motion", "is", "an", "object", "with", "no", "unbalanced", "forces", "acting", "on", "it", "will", "naturally", "come", "to", "rest", "Derrick's", "second", "incorrect", "law", "of", "motion", "is", "that", "an", "unbalanced", "force", "causes", "an", "object", "to", "move", "with", "a", "constant", "velocity", "we", "could", "express", "this", "in", "an", "equation", "where", "the", "unbalanced", "force", "F", "equals", "the", "mass", "M", "times", "the", "velocity", "V", "so", "if", "you", "double", "the", "force", "the", "velocity", "also", "doubles", "it's", "just", "like", "being", "in", "a", "car", "as", "you", "press", "on", "the", "accelerator", "you", "increase", "the", "force", "on", "the", "car", "and", "therefore", "you", "move", "to", "a", "new", "higher", "constant", "speed", "Derek's", "third", "incorrect", "law", "of", "motion", "is", "that", "larger", "objects", "apply", "larger", "forces", "to", "smaller", "objects", "when", "a", "large", "truck", "slams", "into", "a", "car", "on", "a", "highway", "the", "force", "of", "the", "truck", "on", "the", "car", "is", "much", "greater", "than", "the", "force", "of", "the", "car", "back", "on", "the", "truck", "or", "you", "think", "about", "the", "earth", "and", "the", "moon", "the", "force", "with", "which", "the", "earth", "attracts", "the", "moon", "is", "greater", "than", "the", "force", "with", "which", "the", "moon", "attracts", "the", "earth", "but", "remember", "this", "is", "an", "incorrect", "law", "of", "motion"], "correction_seq": ["", "", "", "", "", "", "", "", "", "", "", "", "", "", "", "", "", "", "", "", "", "", "", "", "", "", "", "", "", "", "", "", "", "", "", "", "", "", "", "", "", "", "", "", "", "", "", "", "", "", "", "", "", "", "", "", "", "", "", "", "", "", "", "", "", "", "", "", "", "", "", "", "", "", "", "", "", "", "", "", "", "", "", "", "", "", "", "", "", "", "", "", "", "", "", "", "", "", "", "", "", "", "", "", "", "", "", "", "", "", "", "", "", "", "", "", "", "", "", "", "", "", "", "", "", "", "", "", "", "", "", "", "", "", "", "", "", "", "", "", "", "", "", "", "", "", "", "", "", "", "", "", "", "", "", "", "", "", "", "", "", "", "", "", "", "", "", "", "", "", "", "", "", "", "", "", "", "", "", "", "", "", "", "", "", "", "", "", "", "", "", "", "", "", "", "", "", "", "", "", "", "", "", "", "", "", "", "", "", "", "", "", "", "", "", "", "", "", "", "", "", "", "", "", "", "", "", "", "", "", "", "", "", "", "", "", "", "", "", "", "", "", "", "", "", "", "", "", "", "", "", "", "", "", "", "", "", "", "", "", "", "", "", "", "", "", "", "", "", "", "", "", "", "", "", "", "", "", "", "", "", "", "", "", "", "", "", "", "", "", "", "", "", "", "", "", "", ""]}, {"video_ids": "_Z0X0yE8Ioc", "video_titles": "The Difference Between Mass and Weight", "playlist_ids": "PLAB27A3C12C31E663", "channel_ids": "UCHnyfMqiRRG1u-2MsSQLbXA", "is_single_simple_diff": [0, 0, 0, 0, 0, 0, 0, 0, 0, 0, 0, 0, 0, 0, 0, 0, 0, 0, 0, 0, 0, 0, 0, 0, 0, 0, 0, 0, 0, 0, 0, 0, 0, 0, 0, 0, 0, 0, 0, 0, 0, 0, 0, 0, 0, 0, 0, 0, 0, 0, 0, 0, 0, 0, 0, 0, 0, 0, 0, 0, 0, 0, 0, 0, 0, 0, 0, 0, 0, 0, 0, 0, 0, 0, 0, 0, 0, 0, 0, 0, 0, 0, 0, 0, 0, 0, 0, 0, 0, 0, 0, 0, 0, 0, 0, 0, 0, 0, 0, 0, 0, 0, 0, 0, 0, 0, 0, 0, 0, 0, 0, 0, 0, 0, 0, 0, 0, 0, 0, 0, 0, 0, 0, 0, 0, 0, 0, 0, 0, 0, 0, 0, 0, 0, 0, 0, 0, 0, 0, 0, 0, 0, 0, 0, 0, 0, 0, 0, 0, 0, 0, 0, 0, 0, 0, 0, 0, 0, 0, 0, 0, 0, 0, 0, 0, 0, 0, 0, 0, 0, 0, 0, 0, 0, 0, 0, 0, 0, 0, 0, 0, 0, 0, 0, 0, 0, 0, 0, 0, 0, 0, 0, 0, 0, 0, 0, 0, 0, 0, 0, 0, 0, 0, 0, 0, 0, 0, 0, 0, 0, 0, 0, 0, 0, 0, 0, 0, 0, 0, 0, 0, 0, 0, 0, 0, 0, 0, 0, 0, 0, 0, 0, 0, 0, 0, 0, 0, 0, 0, 0, 0, 0, 0, 0, 0, 0, 0, 0, 0, 0, 0, 0, 0, 0, 0, 0, 0, 0, 0, 0, 0, 0, 0, 0, 0, 0, 0, 0, 0, 0, 0, 0, 0, 0, 0, 0, 0, 0, 0, 0, 0, 0, 0, 0, 0, 0, 0, 0, 0, 0, 0, 0, 0, 0, 0, 0, 0, 0, 0, 0, 0, 0, 0, 0, 0, 0, 0, 0, 0, 0, 0, 0, 0, 0, 0, 0, 0, 0, 0, 0, 0, 0, 0, 0, 0, 0, 0, 0, 0, 0, 0, 0, 0, 0, 0, 0, 0, 0, 0, 0, 0, 0, 0, 0, 0, 0, 0, 0, 0, 0, 0, 0, 0, 0, 0, 0, 0, 0, 0, 0, 0, 0, 0, 0, 0, 0, 0, 0, 0, 0, 0, 0, 0, 0, 0, 0, 0, 0, 0, 0, 0, 0, 0, 0, 0, 0, 0, 0, 0, 0, 0, 0, 0, 0, 0, 0, 0, 0, 0, 0, 0, 0, 0, 0, 0, 0, 0, 0, 0, 0, 0, 0, 0, 0, 0, 0, 0, 0, 0, 0, 0, 0, 0, 0, 0, 0, 0, 0, 0, 0, 0, 0, 0, 0, 0, 0, 0, 0, 0, 0, 0, 0, 0, 0, 0, 0, 0, 0, 0, 0, 0, 0, 0, 0, 0, 0, 0, 0, 0, 0, 0, 0, 0, 0, 0, 0, 0, 0, 0, 0, 0, 0, 0, 0, 0, 0, 0, 0, 0, 0, 0, 0, 0, 0, 0, 0, 0, 0, 0, 0, 0, 0, 0, 0, 0, 0, 0, 0, 0, 0, 0, 0, 0, 0, 0, 0, 0, 0, 0, 0, 0, 0, 0, 0, 0, 0, 0, 0, 0, 0, 0, 0, 0, 0, 0, 0, 0, 0, 0, 0, 0, 0, 0, 0, 0, 0, 0, 0, 0, 0, 0, 0, 0, 0, 0, 0, 0, 0, 0, 0, 0, 0, 0, 0, 0, 0, 0, 0, 0, 0, 0, 0, 0, 0, 0, 0, 0, 0, 0, 0, 0, 0, 0, 0, 0, 0, 0, 0, 0, 0, 0, 0, 0, 0, 0, 0, 0, 0, 0, 0, 0, 0, 0, 0, 0, 0, 0, 0, 0, 0, 0], "default_seq": ["what", "is", "the", "difference", "between", "mass", "and", "weight", "I", "think", "it's", "something", "that", "a", "lot", "of", "people", "are", "confused", "about", "they", "just", "think", "that", "anything", "that's", "big", "like", "this", "car", "has", "a", "lot", "of", "weight", "it's", "very", "heavy", "it's", "got", "a", "lot", "of", "mass", "and", "people", "just", "basically", "think", "of", "these", "ideas", "as", "all", "the", "same", "but", "there's", "an", "important", "distinction", "between", "the", "terms", "mass", "and", "weight", "mass", "refers", "to", "the", "amount", "of", "matter", "in", "an", "object", "whereas", "weight", "is", "a", "force", "it's", "the", "gravitational", "attraction", "that", "the", "object", "feels", "towards", "in", "this", "case", "the", "Earth's", "center", "so", "I've", "got", "a", "little", "experiment", "today", "where", "I", "brought", "my", "car", "out", "here", "and", "ask", "some", "people", "why", "is", "it", "difficult", "to", "push", "my", "car", "and", "my", "bet", "is", "their", "answer", "will", "be", "because", "the", "car", "is", "heavy", "you", "gonna", "say", "heavy", "it's", "a", "pencil", "but", "I'm", "the", "or", "down", "hill", "but", "you", "know", "the", "cars", "heavy", "big", "rock", "you", "would", "think", "would", "be", "heavy", "anything", "to", "speak", "you", "would", "think", "", "would", "be", "heavy", "too", "heavy", "oh", "it's", "bit", "lighter", "than", "I", "thought", "it's", "got", "its", "weight", "weight", "is", "responsible", "what", "is", "weight", "weight", "is", "massive", "in", "a", "gravity", "what", "is", "this", "gravity", "thing", "gravity", "is", "what", "I", "hate", "full", "of", "the", "core", "of", "the", "earth", "your", "car", "is", "pulled", "towards", "it", "at", "the", "center", "of", "the", "earth", "yes", "but", "now", "when", "you", "push", "it", "let's", "say", "you're", "pushing", "your", "car", "you're", "not", "pushing", "it", "up", "you", "know", "I", "mean", "but", "it's", "still", "hard", "to", "push", "yeah", "so", "do", "you", "think", "weights", "responsible", "for", "making", "it", "hard", "to", "push", "well", "it", "is", "white", "I", "mean", "like", "a", "lot", "of", "the", "counties", "used", "to", "push", "so", "yeah", "like", "weight", "and", "the", "exhibiter", "gravity", "on", "the", "mat", "but", "I'm", "not", "trying", "to", "lift", "the", "car", "right", "I'm", "just", "trying", "to", "push", "it", "like", "that", "big", "rock", "you", "would", "think", "would", "be", "heavy", "anything", "to", "speak", "you", "would", "think", "would", "be", "heavy", "so", "Chi", "but", "I'm", "not", "lifting", "it", "I'm", "pushing", "it", "so", "also", "gravity", "of", "it", "I", "suppose", "but", "this", "is", "this", "is", "my", "question", "right", "yeah", "but", "I'm", "not", "trying", "to", "lift", "it", "no", "that's", "true", "but", "it's", "still", "it's", "still", "hard", "to", "push", "so", "why", "is", "that", "because", "like", "if", "I", "lift", "it", "I", "understand", "you", "", "saying", "it's", "heavy", "yeah", "and", "it", "would", "be", "really", "hard", "but", "we're", "pushing", "and", "we're", "actually", "getting", "it", "to", "go", "so", "how", "does", "that", "work", "the", "answer", "is", "because", "the", "car", "has", "inertia", "inertia", "means", "that", "objects", "with", "mass", "have", "a", "tendency", "to", "resist", "changes", "in", "their", "motion", "I", "thought", "she", "had", "a", "great", "answer", "when", "I", "started", "which", "was", "inertia", "can", "you", "tell", "us", "about", "that", "what", "is", "what", "scenarios", "like", "wants", "something", "stopped", "it", "doesn't", "really", "want", "to", "go", "and", "when", "something's", "going", "doesn't", "matter", "yeah", "well", "the", "idea", "that", "I'm", "trying", "to", "get", "at", "is", "there's", "actually", "two", "different", "things", "right", "one", "thing", "is", "that", "there's", "a", "force", "pulling", "this", "down", "into", "the", "earth", "and", "that's", "what", "we", "call", "weight", "and", "that", "makes", "it", "impossible", "to", "lift", "but", "there's", "something", "else", "which", "is", "called", "inertia", "and", "that", "means", "something", "is", "difficult", "to", "change", "its", "motion", "the", "car's", "got", "a", "lot", "of", "inertia", "and", "that's", "why", "it's", "difficult", "to", "push", "which", "is", "different", "than", "why", "it's", "difficult", "to", "lift", "which", "is", "the", "weight", "force", "pulling", "it", "down", "towards", "the", "earth", "fair", "enough", "but", "it's", "actually", "not", "as", "difficult", "to", "push", "it", "it's", "not", "that", "hard", "yeah", "I", "know", "it", "doesn't", "even", "prove", "my", "point", "because", "I", "push", "it", "with", "one", "hearing", "K", "yeah"], "correction_seq": ["", "", "", "", "", "", "", "", "", "", "", "", "", "", "", "", "", "", "", "", "", "", "", "", "", "", "", "", "", "", "", "", "", "", "", "", "", "", "", "", "", "", "", "", "", "", "", "", "", "", "", "", "", "", "", "", "", "", "", "", "", "", "", "", "", "", "", "", "", "", "", "", "", "", "", "", "", "", "", "", "", "", "", "", "", "", "", "", "", "", "", "", "", "", "", "", "", "", "", "", "", "", "", "", "", "", "", "", "", "", "", "", "", "", "", "", "", "", "", "", "", "", "", "", "", "", "", "", "", "", "", "", "", "", "", "", "", "", "", "", "", "", "", "", "", "", "", "", "", "", "", "", "", "", "", "", "", "", "", "", "", "", "", "", "", "", "", "", "", "", "", "", "", "", "", "", "", "", "", "", "", "", "", "", "", "", "", "", "", "", "", "", "", "", "", "", "", "", "", "", "", "", "", "", "", "", "", "", "", "", "", "", "", "", "", "", "", "", "", "", "", "", "", "", "", "", "", "", "", "", "", "", "", "", "", "", "", "", "", "", "", "", "", "", "", "", "", "", "", "", "", "", "", "", "", "", "", "", "", "", "", "", "", "", "", "", "", "", "", "", "", "", "", "", "", "", "", "", "", "", "", "", "", "", "", "", "", "", "", "", "", "", "", "", "", "", "", "", "", "", "", "", "", "", "", "", "", "", "", "", "", "", "", "", "", "", "", "", "", "", "", "", "", "", "", "", "", "", "", "", "", "", "", "", "", "", "", "", "", "", "", "", "", "", "", "", "", "", "", "", "", "", "", "", "", "", "", "", "", "", "", "", "", "", "", "", "", "", "", "", "", "", "", "", "", "", "", "", "", "", "", "", "", "", "", "", "", "", "", "", "", "", "", "", "", "", "", "", "", "", "", "", "", "", "", "", "", "", "", "", "", "", "", "", "", "", "", "", "", "", "", "", "", "", "", "", "", "", "", "", "", "", "", "", "", "", "", "", "", "", "", "", "", "", "", "", "", "", "", "", "", "", "", "", "", "", "", "", "", "", "", "", "", "", "", "", "", "", "", "", "", "", "", "", "", "", "", "", "", "", "", "", "", "", "", "", "", "", "", "", "", "", "", "", "", "", "", "", "", "", "", "", "", "", "", "", "", "", "", "", "", "", "", "", "", "", "", "", "", "", "", "", "", "", "", "", "", "", "", "", "", "", "", "", "", "", "", "", "", "", "", "", "", "", "", "", "", "", "", "", "", "", "", "", "", "", "", "", "", "", "", "", "", "", "", "", "", "", "", "", "", "", "", "", "", "", "", "", "", "", "", "", "", "", "", "", "", "", "", "", "", "", "", "", "", "", "", "", "", "", ""]}, {"video_ids": "txmKr69jGBk", "video_titles": "Levitating Barbecue! Electromagnetic Induction", "playlist_ids": "PLAC555EC7D3D0F4AA", "channel_ids": "UCHnyfMqiRRG1u-2MsSQLbXA", "is_single_simple_diff": [0, 0, 0, 0, 0, 0, 0, 0, 0, 0, 0, 0, 0, 0, 0, 0, 0, 0, 0, 0, 0, 0, 0, 0, 0, 0, 0, 0, 0, 1, 0, 0, 0, 0, 0, 0, 0, 0, 0, 0, 0, 0, 0, 0, 0, 0, 0, 0, 0, 0, 0, 0, 0, 0, 0, 0, 0, 0, 0, 0, 0, 0, 0, 0, 0, 0, 0, 0, 0, 0, 0, 0, 0, 0, 0, 0, 0, 0, 0, 0, 0, 0, 0, 0, 0, 0, 0, 0, 0, 0, 0, 0, 0, 0, 0, 0, 0, 0, 0, 0, 0, 0, 0, 0, 0, 0, 0, 0, 0, 0, 0, 0, 0, 0, 0, 0, 0, 0, 0, 0, 0, 0, 0, 0, 0, 0, 0, 0, 0, 0, 0, 0, 0, 0, 0, 0, 0, 0, 0, 0, 0, 0, 0, 0, 0, 0, 0, 0, 0, 0, 0, 0, 0, 0, 0, 0, 0, 0, 0, 0, 0, 0, 0, 0, 0, 0, 0, 0, 0, 0, 0, 0, 0, 0, 0, 0, 0, 0, 0, 0, 0, 0, 0, 0, 0, 0, 0, 0, 0, 0, 0, 0, 0, 0, 0, 0, 0, 0, 0, 0, 0, 0, 0, 0, 0, 0, 0, 0, 0, 0, 0, 0, 0, 0, 0, 0, 0, 0, 0, 0, 0, 0, 0, 0, 0, 0, 0, 0, 0, 0, 0, 0, 0, 0, 0, 0, 0, 0, 0, 0, 0, 0, 0, 0, 0, 0, 0, 0, 0, 0, 0, 0, 0, 0, 0, 0, 0, 0, 0, 0, 0, 0, 0, 0, 0, 0, 0, 0, 0, 0, 0, 0, 0, 0, 0, 0, 0, 0, 0, 0, 0, 0, 0, 0, 0, 0, 0, 0, 0, 0, 0, 0, 0, 0, 0, 0, 0, 0, 0, 0, 0, 0, 0, 0, 0, 0, 0, 0, 0, 0, 0, 0, 0, 0, 0, 0, 0, 0, 0, 0, 0, 0, 0, 0, 0, 0, 0, 0, 0, 0, 0, 0, 0, 0, 0, 0, 0, 0, 0, 0, 0, 0, 0, 0, 0, 0, 0, 0, 0, 0, 0, 0, 0, 0, 0, 0, 0, 0, 0, 0, 0, 0, 0, 0, 0, 0, 0, 0, 0, 0, 0, 0, 0, 0, 0, 0, 0, 0, 0, 0, 0, 0, 0, 0, 0, 0, 0, 0, 0, 0, 0, 0, 0, 0, 0, 0, 0, 0, 0, 0, 0, 0, 0, 0, 0, 0, 0, 0, 0, 0, 0, 0, 0, 0, 0, 0, 0, 0, 0, 0, 0, 0, 0, 0, 0, 0, 0, 0, 0, 0, 0, 0, 0, 0, 0, 0, 0, 0, 0, 0, 0, 0, 0, 0, 0, 0, 0, 0, 0, 0, 0, 0, 0, 0, 0, 0, 0, 0, 0, 0, 0, 0, 0, 0, 0, 0, 0, 0, 0, 0, 0, 0, 0, 0, 0, 0, 0, 0, 0, 0, 0, 0, 0, 0, 0, 0, 0, 0, 0, 0, 0, 0, 0, 0, 0, 0, 0, 0, 0, 0, 0, 0, 0, 0, 0, 0, 0, 0, 0, 0, 0, 0, 0, 0, 0, 0, 0, 0, 0, 0, 0, 0, 0, 0, 0, 0, 0, 0, 0, 0, 0, 0, 0, 0, 0, 0, 0, 0, 0, 0, 0, 0, 0, 0, 0, 0, 0, 0, 0, 0, 0, 0, 0, 0, 0, 0, 0, 0, 0, 0, 0, 0, 0, 0, 0, 0, 0, 0, 0, 0, 0, 0, 0, 0, 0, 0, 0, 0, 0, 0, 0, 0, 0, 0, 0, 0, 0, 0, 0, 0, 0, 0, 0, 0, 0, 0, 0, 0, 0, 0, 0, 0, 0, 0, 0, 0, 0, 0, 0, 0, 0, 0, 0, 0, 0, 0, 0, 0, 0, 0, 0, 0, 0, 0, 0], "default_seq": ["let's", "switch", "it", "on", "let's", "see", "what", "it", "does", "through", "this", "coil", "of", "thick", "wire", "we're", "about", "to", "pass", "a", "huge", "alternating", "electric", "current", "on", "top", "is", "a", "1", "kilogram", "aluminium", "plate", "so", "we", "hear", "this", "noise", "what's", "that", "noise", "is", "the", "vibration", "of", "the", "plate", "because", "it's", "we're", "waiting", "at", "the", "two", "times", "the", "frequency", "of", "the", "son", "of", "difference", "1", "whoa", "whoa", "how", "does", "it", "do", "that", "to", "find", "out", "I've", "come", "to", "the", "place", "where", "it", "all", "started", "the", "Royal", "Institution", "in", "London", "this", "is", "the", "key", "to", "Faraday's", "magnetic", "lab", "amazing", "that", "locks", "to", "work", "from", "day", "seen", "$70", "became", "a", "storeroom", "which", "is", "why", "it", "survived", "and", "it", "survived", "intact", "all", "the", "joinery", "chocolate", "row", "magnet", "exactly", "the", "same", "as", "Faraday", "so", "this", "is", "exactly", "as", "Faraday", "would", "have", "perhaps", "what", "yep", "in", "Faraday's", "time", "it", "was", "known", "that", "electric", "current", "creates", "a", "magnetic", "field", "but", "it", "remained", "an", "open", "question", "whether", "the", "reverse", "is", "possible", "", "if", "a", "magnetic", "field", "could", "generate", "electric", "current", "Faraday", "answered", "this", "question", "with", "his", "most", "famous", "apparatus", "father's", "electromagnetic", "induction", "ring", "which", "is", "this", "in", "August", "1831", "Faraday", "wrapped", "two", "coils", "of", "insulated", "wire", "around", "this", "iron", "ring", "but", "1831", "you", "could", "not", "go", "down", "to", "your", "local", "that", "hardware", "shop", "and", "aspect", "centimeters", "in", "safety", "while", "you", "had", "to", "in", "say", "the", "wire", "as", "you", "went", "and", "so", "as", "you", "pushed", "and", "pulled", "the", "wire", "about", "the", "ring", "you", "had", "to", "insulate", "it", "it", "takes", "10", "working", "days", "which", "is", "a", "huge", "investment", "of", "time", "but", "the", "investment", "paid", "off", "when", "Faraday", "connected", "a", "battery", "to", "one", "of", "the", "coils", "he", "saw", "a", "brief", "pulse", "of", "current", "in", "the", "other", "coil", "and", "when", "he", "disconnected", "the", "battery", "he", "saw", "a", "pulse", "of", "current", "in", "the", "other", "direction", "he", "realized", "that", "current", "was", "induced", "in", "the", "second", "coil", "only", "when", "the", "magnetic", "field", "through", "it", "was", "changing", "and", "if", "they", "hadn't", "been", "wrapped", "on", "the", "same", "ring", "Faraday", "may", "have", "noticed", "that", "the", "two", "coils", "repel", "each", "other", "when", "the", "current", "is", "induced", "and", "that's", "due", "to", "the", "interaction", "of", "their", "magnetic", "fields", "which", "brings", "us", "back", "to", "this", "through", "the", "bottom", "coil", "we", "are", "passing", "a", "huge", "electric", "current", "800", "amps", "which", "alternates", "in", "Direction", "900", "times", "per", "second", "this", "ensures", "there", "will", "always", "be", "a", "changing", "magnetic", "field", "above", "the", "coil", "instead", "of", "a", "second", "coil", "we're", "using", "the", "aluminium", "plate", "but", "the", "principle", "is", "the", "same", "the", "changing", "magnetic", "field", "induces", "currents", "in", "the", "plate", "that", "create", "an", "opposing", "magnetic", "field", "", "so", "it", "levitates", "ha", "ha", "ha", "how", "awesome", "is", "this", "this", "current", "is", "not", "only", "good", "for", "levitating", "the", "plate", "they", "can", "also", "make", "light", "bulbs", "glow", "the", "gift", "oh", "thank", "you", "oh", "that", "is", "go", "look", "too", "close", "because", "it's", "here", "we", "can", "I", "put", "it", "there", "yep", "and", "just", "as", "current", "in", "a", "toaster", "element", "heats", "it", "up", "the", "induced", "current", "in", "the", "plate", "dissipates", "its", "energy", "as", "heat", "if", "you", "have", "yet", "to", "see", "them", "check", "out", "how", "hot", "this", "plate", "is", "oh", "that", "is", "nuts", "is", "this", "your", "favorite", "demo", "they", "could", "say", "about", "the", "cool", "tell", "me", "this", "is", "not", "the", "best", "dinner", "table", "centerpiece", "it", "levitates", "it", "gives", "you", "light", "and", "you", "can", "cook", "on", "it", "and", "all", "the", "while", "you're", "demonstrating", "Faraday's", "law", "of", "electromagnetic", "induction", "where", "do", "I", "get", "that", "matter", "to", "grow", "this", "we", "can", "save", "the", "grain", "steps", "or", "any", "goodness", "you", "have", "those", "ions", "in", "it", "it", "means", "we", "can", "break", "down", "a", "greater", "distance", "of", "air", "goodness", "it's", "pretty", "conductivity", "why", "isn't", "there", "a", "big", "hole", "around", "the", "tree", "where", "it's", "taking", "out", "over", "soil", "there's", "this", "a", "gradually", "let", "the", "soil", "has", "time", "to", "recover"], "correction_seq": ["", "", "", "", "", "", "", "", "", "", "", "", "", "", "", "", "", "", "", "", "", "", "", "", "", "", "", "", "", "kg", "", "", "", "", "", "", "", "", "", "", "", "", "", "", "", "", "", "", "", "", "", "", "", "", "", "", "", "", "", "", "", "", "", "", "", "", "", "", "", "", "", "", "", "", "", "", "", "", "", "", "", "", "", "", "", "", "", "", "", "", "", "", "", "", "", "", "", "", "", "", "", "", "", "", "", "", "", "", "", "", "", "", "", "", "", "", "", "", "", "", "", "", "", "", "", "", "", "", "", "", "", "", "", "", "", "", "", "", "", "", "", "", "", "", "", "", "", "", "", "", "", "", "", "", "", "", "", "", "", "", "", "", "", "", "", "", "", "", "", "", "", "", "", "", "", "", "", "", "", "", "", "", "", "", "", "", "", "", "", "", "", "", "", "", "", "", "", "", "", "", "", "", "", "", "", "", "", "", "", "", "", "", "", "", "", "", "", "", "", "", "", "", "", "", "", "", "", "", "", "", "", "", "", "", "", "", "", "", "", "", "", "", "", "", "", "", "", "", "", "", "", "", "", "", "", "", "", "", "", "", "", "", "", "", "", "", "", "", "", "", "", "", "", "", "", "", "", "", "", "", "", "", "", "", "", "", "", "", "", "", "", "", "", "", "", "", "", "", "", "", "", "", "", "", "", "", "", "", "", "", "", "", "", "", "", "", "", "", "", "", "", "", "", "", "", "", "", "", "", "", "", "", "", "", "", "", "", "", "", "", "", "", "", "", "", "", "", "", "", "", "", "", "", "", "", "", "", "", "", "", "", "", "", "", "", "", "", "", "", "", "", "", "", "", "", "", "", "", "", "", "", "", "", "", "", "", "", "", "", "", "", "", "", "", "", "", "", "", "", "", "", "", "", "", "", "", "", "", "", "", "", "", "", "", "", "", "", "", "", "", "", "", "", "", "", "", "", "", "", "", "", "", "", "", "", "", "", "", "", "", "", "", "", "", "", "", "", "", "", "", "", "", "", "", "", "", "", "", "", "", "", "", "", "", "", "", "", "", "", "", "", "", "", "", "", "", "", "", "", "", "", "", "", "", "", "", "", "", "", "", "", "", "", "", "", "", "", "", "", "", "", "", "", "", "", "", "", "", "", "", "", "", "", "", "", "", "", "", "", "", "", "", "", "", "", "", "", "", "", "", "", "", "", "", "", "", "", "", "", "", "", "", "", "", "", "", "", "", "", "", "", "", "", "", "", "", "", "", "", "", "", "", "", "", "", "", "", "", "", "", "", "", "", "", "", "", "", "", "", "", "", "", "", "", "", "", "", "", "", "", "", "", "", "", "", "", "", "", "", "", "", "", "", "", "", "", "", "", "", "", "", "", "", "", "", "", "", "", "", "", "", "", "", "", ""]}, {"video_ids": "a7_8Gc_Llr8", "video_titles": "What's In A Candle Flame?", "playlist_ids": "PLAC555EC7D3D0F4AA", "channel_ids": "UCHnyfMqiRRG1u-2MsSQLbXA", "is_single_simple_diff": [0, 0, 0, 0, 0, 0, 0, 0, 0, 0, 0, 0, 0, 0, 0, 0, 0, 0, 0, 0, 0, 0, 0, 0, 0, 0, 0, 0, 0, 0, 0, 0, 0, 0, 0, 0, 0, 0, 0, 0, 0, 0, 0, 0, 0, 0, 0, 0, 0, 0, 0, 0, 0, 0, 0, 0, 0, 0, 0, 0, 0, 0, 0, 0, 0, 0, 0, 0, 0, 0, 0, 0, 0, 0, 0, 0, 0, 0, 0, 0, 0, 0, 0, 0, 0, 0, 0, 0, 0, 0, 0, 0, 0, 0, 0, 0, 0, 0, 0, 0, 0, 0, 0, 0, 0, 0, 0, 0, 0, 0, 0, 0, 0, 0, 0, 0, 0, 0, 0, 0, 0, 0, 0, 0, 0, 0, 0, 0, 0, 0, 0, 0, 0, 0, 0, 0, 0, 0, 0, 0, 0, 0, 0, 0, 0, 0, 0, 0, 0, 0, 0, 0, 0, 0, 0, 0, 0, 0, 0, 0, 0, 0, 0, 0, 0, 0, 0, 0, 0, 0, 0, 0, 0, 0, 0, 0, 0, 0, 0, 0, 0, 0, 0, 0, 0, 0, 0, 0, 0, 0, 0, 1, 0, 0, 0, 0, 0, 0, 0, 0, 0, 0, 0, 0, 0, 0, 0, 0, 0, 0, 0, 0, 0, 0, 0, 0, 0, 0, 0, 0, 0, 0, 0, 0, 0, 0, 0, 0, 0, 0, 0, 0, 0, 0, 0, 0, 0, 0, 0, 0, 0, 0, 0, 0, 0, 0, 0, 0, 0, 0, 0, 0, 0, 0, 0, 0, 0, 0, 0, 0, 0, 0, 0, 0, 0, 0, 0, 0, 0, 0, 0, 0, 0, 0, 0, 0, 0, 0, 0, 0, 0, 0, 0, 0, 0, 0, 0, 0, 0, 0, 0, 0, 0, 0, 0, 0, 0, 0, 0, 0, 0, 0, 0, 0, 0, 0, 0, 0, 0, 0, 0, 0, 0, 0, 0, 0, 0, 0, 0, 0, 0, 0, 0, 0, 0, 0, 0, 0, 0, 0, 0, 0, 0, 0, 0, 0, 0, 0, 0, 0, 0, 0, 0, 0, 0, 0, 0, 0, 0, 0, 0, 0, 0, 0, 0, 0, 0, 0, 0, 0, 0, 0, 0, 0, 0, 0, 0, 0, 0, 0, 0, 0, 0, 0, 0, 0, 0, 0, 0, 0, 0, 0, 0, 0, 0, 0, 0, 0, 0, 0, 0, 0, 0, 0, 0, 0, 0, 0, 0, 0, 0, 0, 0, 0, 0, 0, 0, 0, 0, 0, 0, 0, 0, 0, 0, 0, 0, 0, 0, 0, 0, 0, 0], "default_seq": ["okay", "what", "is", "a", "candle", "flame", "really", "made", "of", "I'm", "at", "the", "Palace", "of", "discovery", "in", "Paris", "to", "do", "an", "experiment", "that", "beautifully", "demonstrates", "the", "answers", "you", "conduct", "oblast", "russia", "b-", "Mo", "Rocca", "pursue", "phenomena", "pendulums", "electric", "cell", "uses", "Sharjah", "Bruce", "okay", "so", "we're", "turning", "", "an", "electric", "field", "here", "you", "can", "see", "that", "the", "flame", "is", "spreading", "out", "kind", "of", "low", "voltage", "you", "see", "ah", "do", "i", "zap", "it", "way", "than", "me", "and", "I", "mean", "prevent", "aw", "no", "way", "a", "few", "but", "de", "anza", "pick", "up", "where", "I", "want", "papi", "you", "wait", "that's", "very", "cute", "it's", "like", "a", "butterfly", "our", "la", "flama", "sit", "on", "plasma", "sit", "on", "a", "media", "total", "movie", "on", "easy", "and", "you", "can", "see", "that", "the", "flame", "has", "two", "separate", "pieces", "to", "it", "now", "one", "is", "going", "towards", "the", "negative", "plate", "those", "would", "be", "the", "positive", "ions", "and", "the", "negative", "ions", "will", "be", "going", "towards", "a", "positively", "charged", "plate", "so", "we", "see", "the", "flame", "kind", "of", "flattening", "out", "but", "if", "that", "didn't", "convince", "you", "that", "a", "flame", "contains", "ions", "then", "check", "out", "part", "2", "of", "our", "experiment", "where", "we", "compare", "the", "conductivity", "of", "a", "flame", "to", "the", "conductivity", "of", "air", "which", "is", "normally", "a", "pretty", "good", "insulator", "it", "requires", "about", "ten", "thousand", "volts", "to", "break", "down", "a", "centimeter", "of", "air", "so", "right", "now", "this", "plate", "is", "at", "about", "10,000", "you", "see", "that", "the", "spark", "is", "only", "a", "little", "but", "if", "I", "put", "it", "around", "the", "flame", "we'll", "see", "", "we", "can", "get", "a", "bigger", "spark", "to", "happen", "look", "at", "that", "yeah", "because", "the", "flame", "has", "those", "ions", "in", "it", "it", "means", "that", "we", "can", "break", "down", "a", "greater", "distance", "of", "hair", "there's", "greater", "conductivity", "that's", "awesome", "you", "love", "doing", "this", "right", "yeah", "a", "strong", "enough", "electric", "field", "can", "actually", "extinguish", "the", "flame", "but", "watch", "carefully", "what", "happens", "when", "the", "flame", "goes", "out", "my", "god", "wait", "wait", "wait", "okay", "yeah", "if", "you", "are", "the", "Daisy", "owned", "on", "the", "phone", "read", "the", "cafe", "just", "like", "in", "the", "flame", "the", "opposite", "charges", "in", "the", "smoke", "are", "pulled", "in", "opposite", "directions", "now", "while", "some", "may", "argue", "that", "a", "flame", "is", "not", "truly", "a", "plasma", "because", "it's", "not", "hot", "enough", "and", "it", "doesn't", "have", "", "high", "enough", "density", "of", "ions", "one", "thing", "is", "for", "sure", "it", "does", "contain", "ions", "which", "have", "important", "electrical", "properties", "which", "can", "be", "demonstrated", "if", "you", "have", "a", "strong", "enough", "electric", "field", "there", "we", "go", "oh", "now", "the", "perfect", "time", "you", "see", "that", "it's", "just", "that", "easy", "maybe", "we", "should", "have", "a", "look", "at", "that", "in", "slow", "motion", "excite", "the"], "correction_seq": ["", "", "", "", "", "", "", "", "", "", "", "", "", "", "", "", "", "", "", "", "", "", "", "", "", "", "", "", "", "", "", "", "", "", "", "", "", "", "", "", "", "", "", "", "", "", "", "", "", "", "", "", "", "", "", "", "", "", "", "", "", "", "", "", "", "", "", "", "", "", "", "", "", "", "", "", "", "", "", "", "", "", "", "", "", "", "", "", "", "", "", "", "", "", "", "", "", "", "", "", "", "", "", "", "", "", "", "", "", "", "", "", "", "", "", "", "", "", "", "", "", "", "", "", "", "", "", "", "", "", "", "", "", "", "", "", "", "", "", "", "", "", "", "", "", "", "", "", "", "", "", "", "", "", "", "", "", "", "", "", "", "", "", "", "", "", "", "", "", "", "", "", "", "", "", "", "", "", "", "", "", "", "", "", "", "", "", "", "", "", "", "connectivity", "", "", "", "", "", "", "", "", "", "", "", "", "", "", "", "", "", "", "", "", "", "", "", "", "", "", "", "", "", "", "", "", "", "", "", "", "", "", "", "", "", "", "", "", "", "", "", "", "", "", "", "", "", "", "", "", "", "", "", "", "", "", "", "", "", "", "", "", "", "", "", "", "", "", "", "", "", "", "", "", "", "", "", "", "", "", "", "", "", "", "", "", "", "", "", "", "", "", "", "", "", "", "", "", "", "", "", "", "", "", "", "", "", "", "", "", "", "", "", "", "", "", "", "", "", "", "", "", "", "", "", "", "", "", "", "", "", "", "", "", "", "", "", "", "", "", "", "", "", "", "", "", "", "", "", "", "", "", "", "", "", "", "", "", "", "", "", "", "", "", "", "", "", "", "", "", "", "", "", "", "", "", "", "", "", "", "", "", "", "", "", "", "", "", "", "", "", "", "", "", "", "", "", "", "", "", "", "", "", "", "", "", "", "", "", "", "", "", "", "", "", "", "", "", "", "", "", "", "", "", ""]}, {"video_ids": "rM04U5BO3Ug", "video_titles": "Making SOLID Nitrogen!", "playlist_ids": "PLAC555EC7D3D0F4AA", "channel_ids": "UCHnyfMqiRRG1u-2MsSQLbXA", "is_single_simple_diff": [0, 0, 0, 0, 0, 0, 0, 0, 0, 0, 0, 0, 0, 0, 0, 0, 0, 0, 0, 0, 0, 0, 0, 0, 0, 0, 0, 0, 0, 0, 0, 0, 0, 0, 0, 0, 0, 0, 0, 0, 0, 0, 0, 0, 0, 0, 0, 0, 0, 0, 0, 0, 0, 0, 0, 0, 0, 0, 0, 0, 0, 0, 0, 0, 0, 0, 0, 0, 0, 0, 0, 0, 0, 0, 0, 0, 0, 0, 0, 0, 0, 0, 0, 0, 0, 0, 0, 0, 0, 0, 0, 0, 0, 0, 0, 0, 0, 0, 0, 0, 0, 0, 0, 0, 0, 0, 0, 0, 0, 0, 0, 0, 0, 0, 0, 0, 0, 0, 0, 0, 0, 0, 0, 0, 0, 0, 0, 0, 0, 0, 0, 0, 0, 0, 0, 0, 0, 0, 0, 1, 0, 0, 0, 0, 0, 0, 0, 0, 0, 0, 0, 0, 0, 0, 0, 0, 0, 0, 0, 0, 0, 0, 0, 0, 0, 0, 0, 0, 0, 0, 0, 0, 0, 0, 0, 0, 0, 0, 0, 0, 0, 0, 0, 0, 0, 0, 0, 0, 0, 0, 0, 0, 0, 0, 0, 0, 0, 0, 0, 0, 0, 0, 0, 0, 0, 0, 0, 0, 0, 0, 0, 0, 0, 0, 0, 0, 0, 0, 0, 0, 0, 0, 0, 0, 0, 0, 0, 0, 0, 0, 0, 0, 0, 0, 0, 0, 0, 0, 0, 0, 0, 0, 0, 0, 0, 0, 0, 0, 0, 0, 0, 0, 0, 0, 0, 0, 0, 0, 0, 0, 0, 0, 0, 0, 0, 0, 0, 0, 0, 0, 0, 0, 0, 0, 0, 0, 0, 0, 0, 0, 0, 0, 0, 0, 0, 0, 0, 0, 0, 0, 0, 0, 0, 0, 0, 0, 0, 0, 0, 0, 0, 0, 0, 0, 0, 0, 0, 0, 0, 0, 0, 0, 0, 0, 0, 0, 0, 0, 0, 0, 0, 0, 0, 0, 0, 0, 0, 0, 0, 0, 0, 0, 0, 0, 0, 0, 0, 0, 0, 0, 0, 0, 0, 0, 0, 0, 0, 0, 0, 0, 0, 0, 0, 0, 0, 0, 0, 0, 0, 0, 0, 0, 0, 0, 0, 0, 0, 0, 0, 0, 0, 0, 0, 0, 0, 0, 0, 0, 0, 0, 0, 0, 0, 0, 0, 0, 0, 0, 0, 0, 0, 0, 0, 0, 0, 0, 0, 0, 0, 0, 0, 0, 0, 0, 0, 0, 0, 0, 0, 0, 0, 0, 0, 0, 0, 0, 0, 0, 0, 0, 0, 0, 0, 0, 0, 0, 0, 0, 0, 0, 0, 0, 0, 0, 0, 0, 0, 0, 0, 0, 0, 0, 0, 0, 0, 0, 0, 0, 0, 0, 0, 0, 0, 0, 0, 0, 0, 0, 0, 0, 0, 0, 0, 0, 0, 0, 0, 0, 0, 0, 0, 0, 0, 0, 0, 0, 0, 0, 0, 0, 0, 0, 0, 0, 0, 0, 0, 0, 0, 0, 0, 0, 0, 0, 0, 0, 0, 0, 0, 0, 0, 0, 0, 0, 0, 0, 0, 0, 0, 0, 0, 0, 0, 0, 0, 0, 0, 0, 0, 0, 0, 0, 0, 0, 0, 0, 0, 0, 0, 0, 0, 0, 0, 0, 0, 0, 0, 0, 0, 0, 0, 0, 0, 0, 0, 0, 0, 0, 0, 0, 0, 0, 0], "default_seq": ["boiling", "point", "is", "something", "that", "we", "normally", "think", "of", "as", "a", "stable", "property", "of", "a", "substance", "but", "it", "really", "depends", "on", "what", "the", "pressure", "is", "around", "the", "substance", "so", "for", "example", "water", "only", "boils", "at", "100", "degrees", "Celsius", "if", "the", "pressure", "is", "one", "atmosphere", "so", "if", "you", "reduce", "the", "pressure", "then", "those", "water", "molecules", "that", "are", "going", "quite", "quickly", "can", "easily", "escape", "from", "the", "water", "if", "there's", "no", "pressure", "pushing", "down", "on", "them", "so", "you", "can", "get", "water", "to", "boil", "at", "room", "temperature", "this", "is", "really", "boiling", "water", "the", "funny", "thing", "about", "boiling", "water", "at", "room", "temperature", "is", "that", "it", "actually", "decreases", "the", "temperature", "of", "the", "water", "that's", "because", "all", "of", "the", "fastest", "water", "molecules", "escape", "leaving", "only", "the", "slow", "ones", "behind", "will", "refrigerating", "the", "water", "refrigerate", "in", "the", "water", "by", "boiling", "it", "yes", "yes", "that", "is", "a", "cool", "content", "I", "know", "everyone's", "a", "big", "fan", "of", "liquid", "nitrogen", "but", "I've", "never", "seen", "solid", "nitrogen", "so", "we", "use", "the", "same", "trick", "pumping", "out", "the", "very", "fastest", "nitrogen", "molecules", "and", "eventually", "that", "decreased", "the", "temperature", "enough", "that", "the", "nitrogen", "actually", "froze", "not", "blue", "little", "bit", "oh", "wait", "SEC", "what", "I'm", "putting", "a", "thermocouple", "in", "there", "so", "we", "can", "measure", "the", "temperature", "of", "our", "liquid", "nitrogen", "and", "it", "reads", "okay", "so", "the", "temperature", "of", "our", "liquid", "nitrogen", "is", "about", "minus", "196", "Celsius", "which", "is", "exactly", "what", "it", "should", "be", "and", "now", "we're", "going", "to", "evacuate", "the", "chain", "we're", "going", "to", "suck", "the", "air", "out", "of", "there", "you", "can", "see", "that", "the", "the", "nitrogen", "is", "boiling", "okay", "oh", "yeah", "it's", "a", "brighter", "roots", "the", "temperatures", "dropping", "-", "199", "-", "200", "we're", "coming", "up", "on", "the", "triple", "point", "of", "nitrogen", "yeah", "I", "don't", "know", "no", "no", "maybe", "not", "we", "pass", "cuckoo", "doula", "oh", "yeah", "joy", "on", "we", "are", "forming", "solid", "nitrogen", "it", "has", "had", "some", "pretty", "beat", "whoa", "yeah", "so", "you", "do", "the", "ice", "is", "actually", "getting", "sucked", "up", "by", "the", "reduced", "pressure", "up", "here", "and", "there's", "a", "higher", "pressure", "underneath", "the", "ice", "because", "the", "vacuum", "pump", "hasn't", "had", "a", "chance", "to", "work", "there", "I've", "never", "seen", "solid", "nitrogen", "before", "so", "don't", "eat", "a", "it", "Bruce", "elevator", "Lizotte", "lakita", "heights", "on", "Pluto", "Angeles", "on", "floater", "right", "he", "seemed", "dubious", "on", "dessert", "the", "decor", "shamefully", "a", "Zulu", "ha", "ha", "ha", "cool", "bro", "after", "creating", "the", "solid", "nitrogen", "we", "poured", "it", "onto", "a", "water", "bath", "and", "we", "got", "the", "whole", "surface", "so", "cold", "that", "carbon", "dioxide", "actually", "condensed", "out", "of", "the", "atmosphere", "and", "we", "formed", "solid", "carbon", "dioxide", "dry", "ice", "on", "the", "surface", "of", "the", "water", "today", "prepare", "a", "super", "chip", "is", "Easter", "Sunday", "class", "on", "Sunday", "gasps", "oh", "hey", "deputy", "Fred", "50-megaton", "de", "armado", "we", "go", "you", "sequester", "on", "Akshay", "so", "I", "said", "you", "see", "what", "do", "whoa", "wait", "I", "thought", "well", "y'all", "not", "know", "we", "get", "for", "you", "okay", "oh", "yeah", "right", "yeah", "about", "three", "by", "three", "but", "Phillip", "Phillip", "Phillip", "Anna", "oh", "yeah", "does", "he", "boo", "oh", "my", "god", "Shirley", "we", "have", "a", "solid", "piece", "of", "co2", "and", "say", "Barbosa", "all", "right", "Sookie", "most", "ridiculous", "on", "zero", "literally", "what", "the", "court", "said", "in", "a", "shake", "Co", "the", "fume", "in", "the", "gutter", "I'm", "Jason", "hmm", "the", "propensity", "para", "la", "putana", "hexa", "the", "world", "should", "feel", "the", "same", "way", "you", "dress", "rehearsal", "movie", "slide", "off", "tip", "of", "the", "pencil", "these", "are", "all", "natural", "brains", "they're", "usually", "many", "matters"], "correction_seq": ["", "", "", "", "", "", "", "", "", "", "", "", "", "", "", "", "", "", "", "", "", "", "", "", "", "", "", "", "", "", "", "", "", "", "", "", "", "", "", "", "", "", "", "", "", "", "", "", "", "", "", "", "", "", "", "", "", "", "", "", "", "", "", "", "", "", "", "", "", "", "", "", "", "", "", "", "", "", "", "", "", "", "", "", "", "", "", "", "", "", "", "", "", "", "", "", "", "", "", "", "", "", "", "", "", "", "", "", "", "", "", "", "", "", "", "", "", "", "", "", "", "", "", "", "", "", "", "", "", "", "", "", "", "", "", "", "", "", "", "concept.", "", "", "", "", "", "", "", "", "", "", "", "", "", "", "", "", "", "", "", "", "", "", "", "", "", "", "", "", "", "", "", "", "", "", "", "", "", "", "", "", "", "", "", "", "", "", "", "", "", "", "", "", "", "", "", "", "", "", "", "", "", "", "", "", "", "", "", "", "", "", "", "", "", "", "", "", "", "", "", "", "", "", "", "", "", "", "", "", "", "", "", "", "", "", "", "", "", "", "", "", "", "", "", "", "", "", "", "", "", "", "", "", "", "", "", "", "", "", "", "", "", "", "", "", "", "", "", "", "", "", "", "", "", "", "", "", "", "", "", "", "", "", "", "", "", "", "", "", "", "", "", "", "", "", "", "", "", "", "", "", "", "", "", "", "", "", "", "", "", "", "", "", "", "", "", "", "", "", "", "", "", "", "", "", "", "", "", "", "", "", "", "", "", "", "", "", "", "", "", "", "", "", "", "", "", "", "", "", "", "", "", "", "", "", "", "", "", "", "", "", "", "", "", "", "", "", "", "", "", "", "", "", "", "", "", "", "", "", "", "", "", "", "", "", "", "", "", "", "", "", "", "", "", "", "", "", "", "", "", "", "", "", "", "", "", "", "", "", "", "", "", "", "", "", "", "", "", "", "", "", "", "", "", "", "", "", "", "", "", "", "", "", "", "", "", "", "", "", "", "", "", "", "", "", "", "", "", "", "", "", "", "", "", "", "", "", "", "", "", "", "", "", "", "", "", "", "", "", "", "", "", "", "", "", "", "", "", "", "", "", "", "", "", "", "", "", "", "", "", "", "", "", "", "", "", "", "", "", "", "", "", "", "", "", "", "", "", "", "", "", "", "", "", "", "", "", "", "", "", "", "", "", "", "", "", "", "", "", "", "", "", "", "", "", "", "", "", "", "", "", "", "", "", "", "", "", "", "", "", "", "", "", ""]}]