[{"video_ids": "t37gnfQzgP4", "video_titles": "Debug your YOLOv5 experiments with Weights & Biases", "playlist_ids": "PLD80i8An1OEE0xs5BjKpCBdm0aaDI00U9", "channel_ids": "UCBp3w4DCEC64FZr4k9ROxig", "diff_type": [1, 2, 1, 0, 1, 7, 1, 2, 1, 0, 0, 1, 0, 0, 0, 0, 0, 0, 0, 0, 0, 0, 0, 0, 1, 7, 0, 0, 0, 0, 0, 0, 0, 0, 0, 0, 0, 0, 0, 1, 7, 1, 2, 3, 0, 0, 0, 0, 0, 0, 0, 0, 0, 2, 0, 0, 0, 0, 0, 0, 0, 0, 0, 0, 0, 0, 0, 0, 2, 0, 0, 0, 0, 0, 0, 0, 0, 0, 0, 0, 0, 0, 0, 0, 0, 0, 0, 0, 0, 2, 1, 0, 7, 4, 0, 0, 0, 0, 0, 1, 0, 3, 0, 0, 0, 0, 0, 0, 0, 2, 7, 0, 0, 0, 0, 0, 0, 0, 0, 0, 0, 0, 0, 0, 0, 0, 7, 0, 0, 0, 0, 0, 7, 0, 2, 3, 0, 0, 0, 0, 0, 0, 0, 0, 0, 0, 0, 0, 0, 0, 0, 2, 0, 0, 0, 0, 0, 0, 0, 0, 0, 0, 0, 0, 2, 1, 0, 0, 2, 3, 0, 0, 0, 0, 0, 0, 0, 0, 0, 0, 0, 0, 0, 0, 0, 0, 0, 0, 0, 0, 0, 0, 0, 0, 0, 0, 0, 0, 0, 0, 0, 0, 0, 0, 0, 0, 0, 0, 0, 0, 0, 0, 0, 0, 0, 0, 0, 0, 0, 0, 0, 0, 0, 0, 0, 2, 1, 0, 0, 0, 0, 0, 0, 0, 0, 0, 0, 0, 0, 0, 0, 0, 0, 0, 0, 7, 0, 0, 0, 0, 0, 0, 0, 0, 0, 0, 2, 3, 0, 0, 0, 0, 0, 0, 2, 0, 0, 2, 7, 7, 1, 7, 1, 0, 0, 0, 0, 0, 0, 0, 0, 0, 0, 0, 0, 0, 0, 0, 0, 0, 7, 0, 0, 7, 0, 0, 0, 0, 0, 0, 0, 0, 2, 3, 0, 0, 0, 0, 0, 0, 2, 3, 0, 0, 0, 0, 0, 0, 0, 0, 2, 0, 0, 2, 0, 0, 2, 0, 0, 0, 0, 0, 0, 0, 0, 0, 0, 0, 0, 0, 2, 0, 0, 0, 0, 0, 0, 0, 0, 0, 0, 0, 0, 0, 0, 2, 1, 0, 0, 0, 0, 0, 0, 0, 0, 0, 2, 0, 0, 0, 0, 0, 1, 7, 1, 0, 0, 0, 0, 2, 1, 0, 0, 0, 0, 2, 0, 0, 0, 0, 0, 0, 0, 0, 0, 0, 0, 0, 0, 0, 0, 0, 0, 0, 1, 0, 0, 0, 0, 0, 0, 1, 0, 1, 0, 3, 0, 0, 0, 2, 1, 0, 0, 0, 0, 0, 0, 0, 1, 7, 1, 0, 2, 0, 0, 0, 0, 0, 0, 0, 0, 0, 0, 0, 0, 2, 1, 0, 0, 2, 2, 0, 0, 0, 0, 0, 0, 0, 0, 0, 0, 0, 0, 0, 0, 0, 0, 0, 0, 0, 0, 0, 0, 0, 0, 0, 2, 0, 0, 0, 0, 0, 0, 0, 0, 0, 0, 0, 0, 0, 0, 0, 0, 0, 0, 2, 1, 0, 0, 0, 0, 0, 0, 0, 0, 0, 2, 1, 0, 0, 0, 0, 0, 0, 0, 0, 0, 0, 0, 0, 0, 0, 0, 0, 0, 0, 2, 0, 0, 0, 0, 0, 0, 0, 0, 0, 0, 0, 0, 0, 0, 0, 0, 0, 0, 0, 0, 0, 0, 0, 2, 1, 0, 0, 0, 0, 0, 0, 7, 0, 0, 0, 0, 0, 0, 0, 2, 0, 0, 0, 0, 0, 0, 7, 0, 2, 0, 0, 0, 0, 0, 0, 0, 0, 0, 0, 0, 0, 0, 0, 0, 0, 0, 2, 0, 0, 0, 0, 0, 0, 2, 0, 0, 1, 3, 1, 2, 0, 0, 0, 2, 1, 0, 0, 0, 0, 0, 0, 0, 0, 0, 0, 2, 3, 0, 0, 0, 2, 0, 0, 0, 0, 0, 0, 0, 0, 0, 0, 0, 0, 0, 0, 0, 0, 0, 2, 1, 0, 0, 0, 0, 0, 0, 0, 2, 0, 0, 0, 0, 0, 2, 0, 0, 0, 0, 0, 0, 0, 0, 0, 0, 0, 0, 0, 0, 0, 0, 0, 0, 0, 0, 0, 0, 7, 7, 0, 0, 0, 0, 0, 0, 0, 0, 2, 1, 0, 0, 0, 2, 0, 0, 0, 0, 0, 0, 0, 0, 0, 0, 0, 0, 0, 0, 0, 0, 0, 0, 2, 0, 0, 0, 0, 0, 0, 0, 0, 0, 0, 0, 0, 0, 0, 0, 0, 0, 0, 0, 0, 0, 2, 1, 0, 0, 0, 0, 0, 4, 0, 0, 0, 0, 0, 2, 0, 0, 0, 0, 0, 0, 0, 2, 0, 0, 0, 0, 0, 0, 0, 0, 0, 2, 0, 0, 0, 0, 0, 4, 0, 2, 1, 0, 0, 0, 0, 0, 0, 0, 0, 0, 0, 0, 0, 0, 0, 0, 0, 0, 2, 1, 0, 0, 0, 0, 0, 0, 0, 0, 0, 0, 0, 0, 0, 0, 0, 0, 2, 1, 0, 1, 0, 0, 0, 0, 0, 0, 0, 0, 0, 0, 0, 0, 0, 0, 0, 0, 0, 3, 0, 0, 0, 0, 0, 0, 0, 0, 0, 0, 0, 0, 0, 0, 0, 0, 0, 0, 7, 0, 0, 0, 0, 0, 0, 0, 0, 0, 0, 0, 2, 0, 0, 0, 0, 0, 0, 0, 0, 0, 0, 0, 2, 1, 0, 0, 0, 0, 0, 0, 0, 0, 0, 0, 0, 0, 0, 0, 0, 0, 0, 0, 0, 0, 0, 0, 0, 0, 0, 0, 0, 0, 0, 0, 0, 2, 1, 0, 0, 0, 0, 0, 0, 0, 0, 0, 0, 0, 0, 0, 0, 2, 0, 0, 0, 0, 0, 0, 0, 0, 0, 0, 0, 0, 0, 0, 0, 0, 0, 0, 0, 0, 0, 0, 0, 0, 0, 0, 0, 0, 0, 0, 0, 0, 0, 0, 0, 0, 0, 0, 0, 0, 0, 0, 0, 0, 0, 0, 0, 0, 0, 0, 0, 0, 0, 0, 0, 0, 0, 0, 0, 0, 0, 0, 0, 0, 0, 0, 2, 1, 0, 0, 0, 0, 0, 0, 0, 0, 0, 0, 0, 7, 0, 0, 0, 0, 0, 0, 0, 7, 0, 0, 0, 0, 0, 0, 0, 0, 0, 0, 2, 1, 0, 0, 0, 2], "default_seq": ["hey", "everybody", "ivan", "from", "weights", "and", "biases", "here", "in", "this", "video", "i'd", "like", "to", "show", "you", "how", "you", "can", "train", "yellow", "version", "five", "on", "google", "co-op", "using", "a", "small", "data", "set", "and", "then", "track", "and", "visualize", "your", "experiments", "using", "weights", "and", "biases", "dashboard", "so", "since", "we're", "gonna", "be", "using", "google", "call", "up", "for", "training", "that", "means", "that", "you", "can", "follow", "along", "by", "just", "clicking", "the", "link", "in", "the", "description", "and", "opening", "the", "call", "of", "notebook", "first", "let's", "clone", "and", "set", "up", "your", "lv5", "repo", "by", "clicking", "on", "the", "first", "cell", "this", "will", "get", "cloned", "the", "yellow", "v5", "repository", "from", "github", "into", "colab", "as", "well", "as", "install", "all", "the", "required", "modules", "along", "the", "way", "once", "the", "setup", "is", "complete", "you", "should", "be", "able", "to", "see", "all", "the", "yellow", "folders", "and", "files", "in", "the", "cola", "file", "view", "now", "to", "make", "sure", "that", "we", "actually", "have", "you", "know", "the", "working", "and", "functioning", "neural", "network", "here", "let's", "run", "the", "inference", "on", "one", "of", "the", "example", "images", "from", "the", "repo", "looking", "good", "so", "far", "now", "the", "example", "data", "set", "that", "we're", "gonna", "be", "using", "is", "coco", "128", "which", "is", "essentially", "a", "really", "small", "data", "set", "with", "just", "128", "first", "images", "from", "the", "original", "coco", "data", "set", "this", "will", "allow", "us", "to", "see", "how", "the", "training", "visualizations", "work", "without", "having", "to", "wait", "for", "too", "long", "you", "know", "for", "the", "model", "to", "train", "let's", "click", "this", "cell", "to", "download", "the", "coco", "128", "data", "set", "we", "can", "now", "see", "it", "appear", "in", "the", "column", "files", "view", "um", "let's", "check", "out", "a", "few", "images", "from", "there", "now", "let's", "move", "on", "to", "the", "exciting", "part", "which", "is", "training", "uh", "versions", "weights", "and", "biases", "are", "a", "part", "of", "yellow", "version", "five", "all", "we", "have", "to", "do", "is", "to", "just", "pip", "install", "wnb", "by", "clicking", "the", "cell", "to", "be", "able", "to", "then", "track", "our", "experiments", "so", "the", "next", "cell", "will", "start", "the", "training", "here", "we", "can", "specify", "the", "input", "resolution", "of", "our", "images", "number", "of", "epochs", "the", "batch", "size", "as", "well", "as", "the", "data", "set", "that", "we're", "using", "and", "last", "but", "not", "least", "we", "also", "specify", "the", "pre-trained", "yellow", "version", "5", "weights", "to", "take", "advantage", "of", "transfer", "learning", "after", "seeing", "the", "logs", "that", "we", "have", "the", "successfully", "loaded", "model", "we", "can", "sign", "into", "our", "weights", "and", "biases", "accounts", "to", "visualize", "the", "results", "if", "you", "don't", "have", "an", "account", "you", "can", "take", "a", "few", "moments", "to", "create", "one", "and", "since", "i", "you", "know", "already", "have", "an", "account", "i'll", "just", "you", "know", "authenticate", "into", "the", "weights", "and", "biases", "dashboard", "now", "the", "training", "has", "started", "if", "it's", "your", "first", "yellow", "version", "5", "run", "weights", "and", "biases", "will", "automatically", "create", "a", "private", "project", "in", "your", "account", "where", "you", "can", "find", "your", "dashboard", "click", "on", "the", "view", "project", "link", "to", "open", "it", "and", "see", "the", "data", "about", "how", "your", "model", "is", "doing", "that's", "being", "automatically", "pulled", "in", "real", "time", "when", "you", "open", "the", "project", "right", "at", "the", "top", "you'll", "see", "one", "of", "my", "favorite", "features", "around", "here", "which", "is", "the", "bounding", "box", "debugger", "let's", "enlarge", "the", "window", "and", "take", "a", "closer", "look", "at", "it", "the", "bounding", "box", "debugger", "plots", "random", "images", "from", "the", "valve", "data", "set", "with", "the", "bounding", "boxes", "and", "the", "confidence", "scores", "giving", "you", "the", "intuition", "for", "what's", "going", "on", "in", "the", "model", "during", "training", "beyond", "just", "you", "know", "the", "raw", "numbers", "and", "the", "training", "logs", "you", "can", "see", "how", "the", "model", "performed", "in", "the", "images", "at", "each", "step", "of", "the", "training", "choose", "the", "confidence", "threshold", "of", "the", "planet", "bounding", "boxes", "or", "to", "display", "or", "not", "display", "certain", "classes", "from", "your", "data", "set", "if", "you", "scroll", "a", "bit", "lower", "you'll", "see", "a", "lot", "of", "useful", "metrics", "including", "the", "average", "precision", "gpu", "usage", "training", "and", "validation", "losses", "those", "are", "", "being", "updated", "in", "real", "time", "as", "your", "model", "trains", "now", "let's", "do", "something", "interesting", "we're", "going", "to", "train", "a", "model", "for", "a", "second", "time", "but", "with", "different", "hyper", "parameters", "just", "for", "example", "i'll", "change", "the", "input", "resolution", "from", "640", "to", "416", "batch", "size", "from", "30", "to", "64", "and", "epochs", "from", "10", "to", "35", "and", "let's", "start", "our", "training", "now", "taking", "a", "look", "at", "the", "dashboard", "again", "", "you'll", "see", "in", "your", "run", "appear", "in", "the", "runs", "panel", "on", "the", "left", "and", "now", "look", "at", "this", "we", "can", "actually", "compare", "the", "performance", "of", "different", "runs", "with", "different", "configurations", "side", "to", "side", "with", "several", "runs", "selected", "the", "bounding", "box", "debugger", "now", "let's", "", "see", "how", "each", "of", "the", "models", "does", "on", "", "each", "of", "the", "images", "selected", "there", "we", "can", "specify", "which", "images", "we", "wanted", "to", "look", "at", "at", "a", "time", "as", "well", "as", "", "at", "what", "training", "step", "and", "what", "what", "are", "going", "to", "be", "the", "confidence", "thresholds", "and", "the", "classes", "that", "we", "wanted", "to", "display", "this", "is", "a", "great", "way", "to", "get", "some", "intuitive", "understanding", "for", "how", "different", "configurations", "of", "your", "models", "actually", "work", "the", "training", "charts", "now", "let", "us", "see", "the", "numbers", "for", "each", "model", "nicely", "plotted", "next", "to", "each", "other", "and", "the", "gpu", "usage", "metrics", "can", "give", "you", "some", "invaluable", "insights", "as", "to", "how", "each", "of", "the", "models", "utilizes", "the", "gpu", "so", "you", "can", "pick", "the", "right", "hardware", "for", "the", "training", "but", "there", "is", "more", "if", "we", "click", "on", "the", "run", "and", "then", "click", "on", "the", "magical", "overview", "button", "for", "the", "run", "we'll", "find", "all", "", "the", "hyper", "parameters", "used", "for", "training", "our", "model", "this", "applies", "to", "all", "of", "the", "runs", "that", "will", "have", "and", "this", "way", "you", "can", "keep", "track", "of", "the", "different", "configurations", "of", "different", "models", "while", "doing", "your", "experiments", "and", "seeing", "how", "they", "perform", "you", "can", "also", "see", "the", "charts", "for", "each", "of", "the", "runs", "all", "the", "different", "system", "metrics", "the", "logs", "during", "training", "", "and", "like", "like", "yeah", "like", "it", "also", "got", "the", "logs", "you", "know", "as", "well", "as", "a", "few", "other", "useful", "files", "stored", "there", "so", "using", "weights", "and", "biases", "to", "track", "your", "yellow", "version", "5", "runs", "and", "train", "models", "gives", "you", "some", "really", "awesome", "insights", "and", "intuitions", "for", "how", "the", "training", "is", "going", "while", "letting", "you", "effectively", "keep", "track", "of", "all", "of", "your", "experiments", "you", "can", "try", "it", "out", "yourself", "on", "google", "co-op", "you", "can", "find", "a", "link", "to", "the", "notebook", "in", "the", "description", "uh", "feel", "free", "to", "train", "some", "models", "and", "track", "some", "awesome", "experiments", "we", "hope", "you", "enjoy", "it"], "correction_seq": ["Hey", "everybody,", "Ivan", "", "Weights", "&", "Biases", "here.", "In", "", "", "I'd", "", "", "", "", "", "", "", "", "", "", "", "", "Google", "Colab", "", "", "", "", "", "", "", "", "", "", "", "", "", "Weights", "&", "Biases", "dashboard.", "So,", "", "", "", "", "", "", "", "", "", "training,", "", "", "", "", "", "", "", "", "", "", "", "", "", "", "description,", "", "", "", "", "", "", "", "", "", "", "", "", "", "", "", "", "", "", "", "", "cell.", "This", "", "git", "clone", "", "", "", "", "", "GitHub", "", "Colab,", "", "", "", "", "", "", "", "modules.", "Once,", "", "", "", "", "", "", "", "", "", "", "", "", "", "", "", "YOLO", "", "", "", "", "", "Colab", "", "view.", "Now,", "", "", "", "", "", "", "", "", "", "", "", "", "", "", "", "here,", "", "", "", "", "", "", "", "", "", "", "", "", "repo.", "Looking", "", "", "far!", "Now,", "", "", "", "", "", "", "", "", "", "", "", "", "", "", "", "", "", "", "", "", "", "", "", "", "", "", "", "", "", "", "", "", "", "", "", "", "", "", "", "", "", "", "", "", "", "", "", "", "", "", "", "", "", "", "", "train.", "Let's", "", "", "", "", "", "", "", "", "", "", "", "", "", "", "", "", "", "", "colab", "", "", "", "", "", "", "", "", "", "", "there.", "Now,", "", "", "", "", "", "", "part:", "", "", "training.", "First,", "since", "Weights", "&", "Biases", "", "", "", "", "", "", "", "", "", "", "", "", "", "", "", "", "", "wandb", "", "", "this", "", "", "", "", "", "", "", "", "experiments.", "So,", "", "", "", "", "", "", "training.", "Here,", "", "", "", "", "", "", "", "", "images,", "", "", "epochs,", "", "", "size,", "", "", "", "", "", "", "", "", "", "", "", "", "", "least,", "", "", "", "", "", "", "", "", "", "", "", "", "", "", "learning.", "After", "", "", "", "", "", "", "", "", "", "model,", "", "", "", "", "", "Weights", "&", "Biases", "", "", "", "", "results.", "If", "", "", "", "", "account,", "", "", "", "", "", "", "", "", "", "", "", "", "", "", "", "", "", "", "I'll", "", "", "", "", "", "", "Weights", "", "Biases", "", "Now,", "", "", "", "started.", "If", "", "", "", "", "", "", "", "Weights", "&", "Biases", "", "automatically.", "", "", "", "", "", "", "", "", "", "", "", "", "dashboard.", "Click", "", "", "\"view", "project\"", "", "", "", "", "", "", "", "", "", "", "", "", "", "", "", "", "", "", "", "", "", "", "", "", "", "project,", "", "", "", "", "", "", "", "", "", "", "", "", "", "", "", "", "", "", "debugger.", "Let's", "", "", "", "", "", "", "", "", "", "it.", "The", "", "", "", "", "", "", "", "", "", "", "", "", "", "", "", "", "", "", "scores,", "", "", "", "", "", "", "", "", "", "", "", "", "", "", "", "", "", "", "", "", "", "", "", "logs.", "You", "", "", "", "", "", "", "on", "", "", "", "", "", "", "", "training,", "", "", "", "", "", "", "plotted", "", "boxes,", "", "", "", "", "", "", "", "", "", "", "", "", "", "", "", "", "", "lower,", "", "", "", "", "", "", "metrics,", "", "", "Average", "Precision,", "GPU", "usage,", "", "", "", "losses.", "Those", "", "", "", "", "", "", "", "", "", "", "trains.", "Now,", "", "", "", "interesting:", "", "", "", "", "", "", "", "", "", "", "", "", "", "", "", "", "", "example,", "I'll", "", "", "", "", "", "", "", "416,", "", "", "", "", "", "64,", "", "", "", "", "", "", "", "", "", "", "", "", "", "", "", "", "", "", "", "", "", "", "a", "new", "", "", "", "", "", "", "", "", "left.", "And", "", "", "", "this:", "", "", "", "", "", "", "", "", "", "", "", "", "", "", "", "", "", "", "selected,", "", "", "", "", "", "", "", "", "", "", "", "", "", "", "", "", "", "", "", "", "", "there.", "We", "", "", "", "", "", "want", "", "", "", "", "", "time,", "", "", "", "", "", "", "", "step,", "", "", "", "", "", "", "", "", "", "thresholds,", "", "", "", "", "", "want", "", "display.", "This", "", "", "", "", "", "", "", "", "", "", "", "", "", "", "", "", "", "work.", "The", "", "", "", "", "", "", "", "", "", "", "", "", "", "", "", "", "other.", "And", "", "GPU", "", "", "", "", "", "", "", "", "", "", "", "", "", "", "", "", "", "GPU,", "", "", "", "", "", "", "", "", "", "", "", "", "", "", "", "", "", "", "a", "", "", "", "", "", "", "", "", "", "", "", "run,", "", "", "", "", "", "", "", "", "", "", "", "model.", "This", "", "", "", "", "", "", "", "", "", "", "", "", "", "", "", "", "", "", "", "", "", "", "", "", "", "", "", "", "", "", "", "perform!", "You", "", "", "", "", "", "", "", "", "", "", "", "", "", "", "metrics,", "", "", "", "", "", "", "", "", "", "", "", "", "", "", "", "", "", "", "", "", "", "", "", "", "", "", "", "", "", "", "", "", "", "", "", "", "", "", "", "", "", "", "", "", "", "", "", "", "", "", "", "", "", "", "", "", "", "", "", "", "", "", "", "", "", "", "experiments.", "You", "", "", "", "", "", "", "", "", "", "", "", "the", "", "", "", "", "", "", "", "-", "", "", "", "", "", "", "", "", "", "", "experiments.", "We", "", "", "", "it!"]}]