<benchmark>
  <entries>
    <entry category="ComicsCharacter" eid="Id1" shape="(X (X) (X (X)) (X (X)))" shape_type="mixed" size="5">
      <originaltripleset>
        <otriple>Baymax | creator | Duncan_Rouleau</otriple>
        <otriple>Duncan_Rouleau | nationality | Americans</otriple>
        <otriple>Big_Hero_6_(film) | starring | Alan_Tudyk</otriple>
        <otriple>Baymax | creators | Steven_T._Seagle</otriple>
        <otriple>Baymax | series | Big_Hero_6_(film)</otriple>
      </originaltripleset>
      <originaltripleset>
        <otriple>Duncan_Rouleau | nationality | Americans</otriple>
        <otriple>Baymax | creators | Duncan_Rouleau</otriple>
        <otriple>Big_Hero_6_(film) | starring | Alan_Tudyk</otriple>
        <otriple>Baymax | creator | Steven_T._Seagle</otriple>
        <otriple>Baymax | series | Big_Hero_6_(film)</otriple>
      </originaltripleset>
      <modifiedtripleset>
        <mtriple>Duncan_Rouleau | nationality | Americans</mtriple>
        <mtriple>Baymax | creator | Duncan_Rouleau</mtriple>
        <mtriple>Big_Hero_6_(film) | starring | Alan_Tudyk</mtriple>
        <mtriple>Baymax | creator | Steven_T._Seagle</mtriple>
        <mtriple>Baymax | series | Big_Hero_6_(film)</mtriple>
      </modifiedtripleset>
      <lex comment="good" lid="Id1">Baymax was created by American Duncan Rouleau and Steven T. Seagle. Baymax is a character in Big Hero 6 which stars Alan Tudyk.</lex>
      <lex comment="good" lid="Id2">Baymax is a character who appeared in Big Hero 6 starring Alan Tudyk. It was created by Steven T Seagle and the American, Duncan Rouleau.</lex>
      <lex comment="good" lid="Id3">Baymax was created by American Duncan Rouleau and Steven T. Seagle. Baymax is a character in Big Hero 6 which starred Alan Tudyk.</lex>
    </entry>
    </entries>
</benchmark>