<benchmark>
  <entries>
    <entry category="CelestialBody" eid="Id1" shape="(X (X) (X) (X) (X) (X))" shape_type="sibling" size="5">
      <originaltripleset>
        <otriple>(19255)_1994_VK8 | epoch | "December 31, 2006 (JD2454100.5)"</otriple>
        <otriple>(19255)_1994_VK8 | mass | "5600.0"^^xsd:double</otriple>
        <otriple>(19255)_1994_VK8 | orbitalPeriod | 8.78885e+09</otriple>
        <otriple>(19255)_1994_VK8 | periapsis | 6.15591e+12</otriple>
        <otriple>(19255)_1994_VK8 | Planet/apoapsis | "6.603633E9"^^&lt;http://dbpedia.org/datatype/kilometre&gt;</otriple>
      </originaltripleset>
      <originaltripleset>
        <otriple>(19255)_1994_VK8 | epoch | "December 31, 2006 (JD2454100.5)"</otriple>
        <otriple>(19255)_1994_VK8 | orbitalPeriod | 8.78885e+09</otriple>
        <otriple>(19255)_1994_VK8 | periapsis | 6.15591e+12</otriple>
        <otriple>(19255)_1994_VK8 | mass | "5.6"^^&lt;http://dbpedia.org/datatype/kilogram&gt;</otriple>
        <otriple>(19255)_1994_VK8 | Planet/apoapsis | "6.603633E9"^^&lt;http://dbpedia.org/datatype/kilometre&gt;</otriple>
      </originaltripleset>
      <modifiedtripleset>
        <mtriple>(19255)_1994_VK8 | epoch | 2006-12-31</mtriple>
        <mtriple>(19255)_1994_VK8 | mass | 5.6 (kilograms)</mtriple>
        <mtriple>(19255)_1994_VK8 | orbitalPeriod | 8788850000.0</mtriple>
        <mtriple>(19255)_1994_VK8 | periapsis | 6155910000000.0</mtriple>
        <mtriple>(19255)_1994_VK8 | apoapsis | 6603633000.0 (kilometres)</mtriple>
      </modifiedtripleset>
      <lex comment="good" lid="Id1">19255 1994 VK8 has a mass of 5.6kg, an orbital period of 8788850000.0 and its epoch date was on 31 December 2006. It has a periapsis of 6155910000000.0 and its apoapsis is 6603633000.0 kilometres.</lex>
      <lex comment="good" lid="Id2">The epoch of 19255 1994 VK8, which has a mass of 5.6 kilograms is December 31st, 2006. Its orbital period is 8,788,850,000 kilometres, with a periapsis of 6,155,910,000,000 kilometres and an apoapsis of 6,603,633,000 kilometres.</lex>
      <lex comment="good" lid="Id3">19255 1994 VK8 has a mass of 5.6kg, an orbital period of 8788850000.0 and its epoch date was on 31 December 2006. It has a periapsis of 6155910000000.0 and its apoapsis is 6603633000.0 km.</lex>
    </entry>
    </entries>
</benchmark>