<benchmark>
  <entries>
    <entry category="Politician" eid="Id1" shape="(X (X) (X) (X) (X) (X))" shape_type="sibling" size="5">
      <originaltripleset>
        <otriple>Abdul_Taib_Mahmud | party | Parti_Pesaka_Bumiputera_Bersatu</otriple>
        <otriple>Abdul_Taib_Mahmud | region | Asajaya</otriple>
        <otriple>Abdul_Taib_Mahmud | residence | Kuching</otriple>
        <otriple>Abdul_Taib_Mahmud | birthPlace | Miri,_Malaysia</otriple>
        <otriple>Abdul_Taib_Mahmud | birthDate | "1936-05-21"^^xsd:date</otriple>
      </originaltripleset>
      <modifiedtripleset>
        <mtriple>Abdul_Taib_Mahmud | party | Parti_Pesaka_Bumiputera_Bersatu</mtriple>
        <mtriple>Abdul_Taib_Mahmud | region | Asajaya</mtriple>
        <mtriple>Abdul_Taib_Mahmud | residence | Kuching</mtriple>
        <mtriple>Abdul_Taib_Mahmud | birthPlace | Miri,_Malaysia</mtriple>
        <mtriple>Abdul_Taib_Mahmud | birthDate | 1936-05-21</mtriple>
      </modifiedtripleset>
      <lex comment="good" lid="Id1">Abdul Taib Mahmud was born on 21 May 1936 in Miri, Malaysia, and lives in Kuching. His party was the Parti Pesaka Bumiputera Bersatu and he represented the Asajaya region.</lex>
      <lex comment="good" lid="Id2">Abdul Taib Mahmud was born in Miri, Malaysia, on May 21st 1936 and lives in Kuching. He represented Asajaya and was a member of the Parti Pesaka Bumiputera Bersatu.</lex>
      <lex comment="good" lid="Id3">Born on 1936-05-21, in Miri, Malaysia, Abdul Taib Mahmud, lives in Kuching. His party is Parti Pesaka Bumiputera Bersatu and he represented the Asajaya region.</lex>
    </entry>
    </entries>
</benchmark>