<benchmark>
  <entries>
    <entry category="Building" eid="Id1" shape="(X (X) (X (X) (X) (X)))" shape_type="mixed" size="5">
      <originaltripleset>
        <otriple>200_Public_Square | location | Cleveland</otriple>
        <otriple>200_Public_Square | buildingEndDate | "1985"</otriple>
        <otriple>Cleveland | subdivisionName | Cuyahoga_County,_Ohio</otriple>
        <otriple>Cleveland | isPartOf | Ohio</otriple>
        <otriple>Cleveland | country | United_States</otriple>
      </originaltripleset>
      <originaltripleset>
        <otriple>200_Public_Square | location | Cleveland</otriple>
        <otriple>200_Public_Square | completionDate | 1985</otriple>
        <otriple>Cleveland | subdivisionName | Cuyahoga_County,_Ohio</otriple>
        <otriple>Cleveland | isPartOf | Ohio</otriple>
        <otriple>Cleveland | country | United_States</otriple>
      </originaltripleset>
      <modifiedtripleset>
        <mtriple>200_Public_Square | location | Cleveland</mtriple>
        <mtriple>200_Public_Square | completionDate | 1985</mtriple>
        <mtriple>Cleveland | isPartOf | Cuyahoga_County,_Ohio</mtriple>
        <mtriple>Cleveland | isPartOf | Ohio</mtriple>
        <mtriple>Cleveland | country | United_States</mtriple>
      </modifiedtripleset>
      <lex comment="good" lid="Id1">The 200 Public Square was completed in 1985 in Cuyahoga County, Cleveland, Ohio, United States.</lex>
      <lex comment="good" lid="Id2">200 Public Square completed in 1985 is in Cleveland (part of Cuyahoga County) in Ohio, U.S.</lex>
      <lex comment="good" lid="Id3">200 Public Square was completed in 1985, and is located in Cleveland, Cuyahoga County, Ohio, United States.</lex>
    </entry>
    </entries>
</benchmark>