[{"date": "08/07/2017", "gem_id": "mlsum_es-train-216896", "references": [], "target": "Las bandas del tr\u00e1fico de hach\u00eds en C\u00e1diz hacen gala de una marcada jerarqu\u00eda laboral que mueve millones de euros", "text": "Pilotar una lancha semirr\u00edgida de dos motores a velocidades cercanas a los 60 nudos (unos 110 kil\u00f3metros/hora) y con un cargamento de hasta 1.200 kilos de hach\u00eds no es f\u00e1cil. Tener el arrojo -y la temeridad- de aguantar la persecuci\u00f3n de una patrullera sin arrojar la carga es estar hecho de otra pasta. Y eso se paga. Hasta 60.000 euros por alijo puede llegar a cobrar un lanchero de las organizaciones del narcotr\u00e1fico del Campo de Gibraltar. Estos pilotos kamikazes son de los m\u00e1s valorados y mejor pagados, pero no son la \u00fanica mano de obra que emplea la red gaditana del narco, donde la remuneraci\u00f3n m\u00e1s b\u00e1sica llega a los 1.000 euros. \u201cFuncionan en una red perfectamente jerarquizada\u201d, reconoce Miguel Gil, jefe de la Unidad Operativa de Vigilancia Aduanera de Algeciras. Francisco Mena, coordinador de la federaci\u00f3n de asociaciones antidroga Nexos, directamente cataloga a las organizaciones de narcos como \u201cuna empresa mercantil capaz de generar empleos y narcoeconom\u00eda\u201d. Y en estas sociedades limitadas del crimen el trabajo de campo siempre empieza en el mar. Junto a los codiciados lancheros, de dos a tres tripulantes acompa\u00f1an al piloto. \u201cSe encargan de la gasolina, de vigilar los millones de euros que llevan en mercanc\u00eda o de controlar radares y sonar\u201d, reconoce Jos\u00e9 Encinas, guardia civil y secretario provincial de la Asociaci\u00f3n Unificada de la Guardia Civil en C\u00e1diz. Por participar en el temerario trayecto los narcos pueden llegar a pagar entre 3.000 y 5.000 euros, seg\u00fan estima Mena. En tierra, la red se hace extensa. Los primeros en participar en un alijo son los puntos o \u2018aguaores\u2019, los eslabones m\u00e1s bajos. Ganan hasta 1.000 euros al d\u00eda solo por dar el \u201cagua\u201d avisando de la presencia de agentes. \u201cTienen el nivel de implicaci\u00f3n m\u00e1s bajo, demostrar su participaci\u00f3n en un alijo de droga es muy complicado\u201d, reconoce Encinas. Avisan a los cargadores, que pueden llegar a cobrar hasta 3.000 euros por \u201cestibar la mercanc\u00eda de hach\u00eds cuando llega a la costa\u201d, reconoce Encinas. No disponen de m\u00e1s de dos minutos para desembarcar la droga y subirla a los coches todoterrenos que esperan los fardos. Es justo entonces cuando los conductores entran en acci\u00f3n. Hasta tres todoterrenos se suelen usar por alijo: uno de lanzadera para abrir camino, el que transporta la droga y un tercero preparado para embestir a las patrullas policiales. \u201cConducen de forma temeraria, casi sin respeto por la vida humana\u201d, reconoce Encinas. Tras embolsarse unos 6.000 euros por porte, sus destinos son las guarder\u00edas de la droga: naves o chal\u00e9s donde los fardos se esconder\u00e1n hasta que comiencen su camino hacia Europa. De ellos se encargan los \u2018guarderos\u2019, vigilantes de la mercanc\u00eda que \u201ccobran cantidades variables, en funci\u00f3n de la cantidad de droga que guarden y el tiempo\u201d, reconoce Mena. En la cima de estas singulares sociedades del crimen relucen algunos nombres propios: Iv\u00e1n Odero \u2018El Ni\u00f1o\u2019; el clan de \u2018Los Casta\u00f1itas\u2019 o Abdellah \u2018El Messi\u2019, algunos ya detenidos, otros en busca y captura. Suelen funcionar \u201ccomo subcontratas de marroqu\u00edes que recurren a ellos para pasar la droga\u201d, matiza Gil. Entre todos, se reparten un pastel donde el kilo de hach\u00eds est\u00e1 valorado entre los 1.400 y los 2.000 euros. Ese beneficio se queda en la comarca y, de paso, genera connivencia en parte de la sociedad. \u201cEn una zona castigada por el paro como esta (en La L\u00ednea de la Concepci\u00f3n ronda el 30%), mueven la econom\u00eda legal. Esa es justo la parte m\u00e1s perversa del narcotr\u00e1fico\u201d, remacha Mena.", "title": "Qui\u00e9n es qui\u00e9n en la \u2018empresa\u2019 del narco", "topic": "politica actualidad", "url": "http://elpais.com/politica/2017/07/07/actualidad/1499449802_826095.html"}, {"date": "17/01/2011", "gem_id": "mlsum_es-train-18308", "references": [], "target": "El Cedex admite la viabilidad t\u00e9cnica de embovedar, como quiere el alcalde", "text": "El r\u00edo Guadalmedina, un cauce habitualmente seco que recorre M\u00e1laga de norte a sur y cuyo lecho de hormig\u00f3n parte la ciudad en dos mitades, vuelve a situarse en el centro de la contienda pol\u00edtica. Diez a\u00f1os despu\u00e9s de que la entonces alcaldesa, Celia Villalobos (PP), presentara un proyecto -en realidad poco m\u00e1s que unas maquetas- para embovedar el r\u00edo en su tramo final, de unos cuatro kil\u00f3metros, y construir sobre \u00e9l un gran bulevar de acceso a la ciudad, el debate, casi eterno, se reabre una vez m\u00e1s desde el punto de partida. La proximidad de las elecciones y la publicaci\u00f3n de un informe del Ministerio de Fomento que, en esencia, ve viable embovedar el Guadalmedina siempre que no se supere el caudal m\u00e1ximo que admite el cauce, ha puesto de nuevo sobre la mesa el que quiz\u00e1 sea el mayor rompecabezas urban\u00edstico de M\u00e1laga. Aunque PP y PSOE coinciden en que la soluci\u00f3n al problema del Guadalmedina debe adoptarse por consenso en el marco de la fundaci\u00f3n Ciedes, redactora del Plan Estrat\u00e9gico de M\u00e1laga, lo cierto es que las propuestas de los principales partidos no pueden ser m\u00e1s distantes. Los populares, con el alcalde, Francisco de la Torre, al frente, defienden recuperar el plan de Celia Villalobos y convertir el r\u00edo en un gran eje de acceso a la ciudad desde el norte. \"El paseo de la Castellana de M\u00e1laga\", como lo defini\u00f3 el regidor en su discurso de investidura. Para defender esta idea, De la Torre describi\u00f3 al Guadalmedina m\u00e1s como una maldici\u00f3n que como un accidente geogr\u00e1fico: \"No es el Sena en Par\u00eds ni el T\u00e1mesis en Londres; es que no es un r\u00edo, es un cauce seco y feo, que se ensucia, que divide y que no aporta nada a la ciudad\", afirm\u00f3 el regidor el pasado jueves. Frente a la gran avenida, con gran protagonismo del veh\u00edculo privado, que defiende el alcalde, la candidata socialista, Mar\u00eda G\u00e1mez, plantea una \"soluci\u00f3n verde, abierta y que genere espacio para los ciudadanos\". La actual delegada de la Junta en la provincia rechaza la \"poco imaginativa\" idea de tapar el cauce, y acusa a De la Torre de buscar solamente \"r\u00e9ditos urban\u00edsticos\". Seg\u00fan ella, el cierre del r\u00edo tendr\u00eda un fuerte impacto medioambiental, en forma de aumento de la temperatura de la ciudad. G\u00e1mez aboga por que la fundaci\u00f3n Ciedes convoque un concurso de ideas que convierta al Guadalmedina en un elemento de disfrute ciudadano y no en una barrera: \"no debemos desaprovechar la opci\u00f3n de tener un curso de agua en la ciudad\", afirm\u00f3 el pasado viernes. Ambas alternativas son t\u00e9cnicamente posibles, seg\u00fan el Centro de Estudios y Experimentaci\u00f3n en Obras P\u00fablicas (Cedex). De momento, el Guadalmedina se perfila como una de las principales batallas electorales para las municipales de mayo. Y no solo eso. La aspirante socialista pretende que en las soluciones propuestas para el r\u00edo se visualice la ideolog\u00eda de los distintos \"modelos de ciudad\" que plantean PP y PSOE. \"Frente al gris del urbanismo desp\u00f3tico del PP, proponemos un modelo verde m\u00e1s saludable para el medio ambiente y para el ciudadano, al que hay que hacer part\u00edcipe\", afirm\u00f3 G\u00e1mez. El arquitecto Carlos Hern\u00e1ndez Pezzi, director de la campa\u00f1a socialista, desaf\u00eda: \"Si la soluci\u00f3n ya est\u00e1 hecha [en referencia al embovedado], que la pongan y perder\u00e1n las elecciones, porque la gente ya no quiere esto\". La candidata socialista es tambi\u00e9n delegada del Gobierno de la Junta en M\u00e1laga, doble condici\u00f3n de la que el PP se queja porque en casos como este se presta a las interferencias y a la confusi\u00f3n. En \u00faltima instancia, la Agencia Andaluza del Agua, dependiente de la Junta, ser\u00e1 quien tenga que decidir si se emboveda el r\u00edo y las medidas a adoptar. El consejero de Medio Ambiente, Jos\u00e9 Juan D\u00edaz Trillo, ha precisado que ahora es en el seno de la fundaci\u00f3n Ciedes, que gestiona el Plan Estrat\u00e9gico de M\u00e1laga, donde debe proponerse la decisi\u00f3n que quiere la ciudad de forma consensuada. Actualmente, en el consejo de dicha fundaci\u00f3n son mayor\u00eda los representantes institucionales del \u00e1mbito del PSOE, aunque la situaci\u00f3n puede cambiar con las elecciones municipales. El Guadalmedina se aventura ya como uno de los principales temas de debate de la campa\u00f1a. Desbordamiento remoto Ante las diferentes propuestas sobre la soluci\u00f3n al cauce del r\u00edo Guadalmedina en M\u00e1laga y las dudas sobre las posibilidades t\u00e9cnicas de embovedarlo, como contemplaba el plan propuesto hace 10 a\u00f1os por la entonces alcaldesa, Celia Villalobos, la Junta de Andaluc\u00eda encarg\u00f3 el Centro de Estudios y Experimentaci\u00f3n en Obras P\u00fablicas (Cedex), dependiente del Ministerio de Fomento, que analizara, mediante simulaciones en maqueta y en ordenador, cu\u00e1l es la capacidad m\u00e1xima del cauce del Guadalmedina, con vistas a un hipot\u00e9tico embovedado. El Cedex comprob\u00f3 que con el dise\u00f1o actual del cauce, cruzado por 20 puentes, pueden bajar sin problema hasta 600 metros c\u00fabicos de agua por segundo. De ellos, 400 metros c\u00fabicos corresponden al caudal que puede dejar escapar la presa del Limonero, situada al norte de M\u00e1laga, y 200 metros c\u00fabicos al caudal que se puede recoger aguas abajo del pantano. La presa fue construida a principios de siglo XX para proteger la ciudad tras varias riadas que tuvieron graves consecuencias. Este escenario m\u00e1ximo se podr\u00eda dar, seg\u00fan el Cedex, una vez cada milenio. Con caudales mayores se producir\u00edan desbordamientos y el embovedado ser\u00eda inviable, afirma el centro de estudios de Fomento. Aunque la posibilidad de desbordamiento es remota con la capacidad que tendr\u00eda la b\u00f3veda, al no quedar del todo descartada se deber\u00edan adoptar medidas para desviar cantidades de agua mayores. * Este art\u00edculo apareci\u00f3 en la edici\u00f3n impresa del Lunes, 17 de enero de 2011", "title": "La soluci\u00f3n al cauce del Guadalmedina vuelve a enfrentar a los partidos", "topic": "diario andalucia", "url": "http://elpais.com/diario/2011/01/17/andalucia/1295220131_850215.html"}]