<benchmark>
  <entries>
    <entry category="Monument" eid="Id1" shape="(X (X) (X (X)))" shape_type="mixed" size="3">
      <originaltripleset>
        <otriple>11th_Mississippi_Infantry_Monument | country | "United States"@en</otriple>
        <otriple>Adams_County,_Pennsylvania | southeast | Carroll_County,_Maryland</otriple>
        <otriple>11th_Mississippi_Infantry_Monument | region | Adams_County,_Pennsylvania</otriple>
      </originaltripleset>
      <modifiedtripleset>
        <mtriple>11th_Mississippi_Infantry_Monument | country | "United States"</mtriple>
        <mtriple>Adams_County,_Pennsylvania | has to its southeast | Carroll_County,_Maryland</mtriple>
        <mtriple>11th_Mississippi_Infantry_Monument | location | Adams_County,_Pennsylvania</mtriple>
      </modifiedtripleset>
      <lex comment="good" lid="Id1">The United States 11th Mississippi Infantry Monument's location is Adams County, Pennsylvania, northwest of Carroll County Maryland.</lex>
    </entry>
    </entries>
</benchmark>