<benchmark>
  <entries>
    <entry category="Artist" eid="Id2" shape="(X (X) (X) (X))" shape_type="sibling" size="3">
      <originaltripleset>
        <otriple>Aaron_Turner | associatedMusicalArtist | Twilight_(band)</otriple>
        <otriple>Aaron_Turner | associatedBand | Mamiffer</otriple>
        <otriple>Aaron_Turner | genre | Ambient_music</otriple>
      </originaltripleset>
      <modifiedtripleset>
        <mtriple>Aaron_Turner | associatedBand/associatedMusicalArtist | Twilight_(band)</mtriple>
        <mtriple>Aaron_Turner | associatedBand/associatedMusicalArtist | Mamiffer</mtriple>
        <mtriple>Aaron_Turner | genre | Ambient_music</mtriple>
      </modifiedtripleset>
      <lex comment="good" lid="Id1">Aaron Turner played with the bands Twilight and Mamiffer. His genre is Ambient music.</lex>
      <lex comment="good" lid="Id2">Aaron Turner performs ambient music, played with the band Twilight and performs for Mamiffer.</lex>
      <lex comment="good" lid="Id3">Aaron Turner played with the band Twilight and performed for Mamiffer. Mr. Turner plays Ambient type music.</lex>
    </entry>
    </entries>
</benchmark>