idx	label	sentence
0	0	12the oxygen vent arm and hood removed from the fixed service structure at nasa kennedy space center's launch pad 39b is ready for transfer from the pad to a storage facility, after the pad was transferred from the space shuttle program to the constellation program.
1	0	15in the vehicle assembly building's high bay 3, a yellow framework, lifts super stack 5 atop super stack 4.
2	0	17in the vehicle assembly building's high bay 3 at kennedy space center in florida, a technician works on a platform mounted on the interior wall of the upper stage simulator of the 327-foot-tall ares i-x rocket.
3	0	18the ares i-x rocket, shown in in high bay 3 of kennedy space center's vehicle assembly building is being prepared for this week's launch vehicle readiness test in cape canaveral, fla., monday, oct. 5, 2009.
4	0	19the 327-foot-tall ares i-x test rocket moves slowly to launch pad 39b from the vehicle assembly building at the kennedy space center in cape canaveral, fla., tuesday, oct. 20, 2009.
