{"data": [{"paragraphs": [{"context": "Charles Hoy Fort (6. elokuuta (joidenkin lähteiden mukaan 9.) 1874 – 3. toukokuuta 1932) oli yhdysvaltalainen kirjailija ja paranormaalien ilmiöiden tutkija.", "qas": [{"answers": [{"answer_start": 18, "text": "6. elokuuta (joidenkin lähteiden mukaan 9.) 1874"}], "id": "finnish--7633091408814529542-0", "question": "Milloin Charles Fort syntyi?"}]}], "title": "Charles Fort"}, {"paragraphs": [{"context": "   Altruismi ([1],  ”toinen”[2]) tarkoittaa epäitsekästä ja pyyteetöntä[3] [4] toimintaa, jossa toisen hyvä asetetaan oman edun edelle.[5] Altruismin vastakohta on egoismi.[6] Termin esitti ranskalainen filosofi Auguste Comte vuonna 1851, jolloin hän määritteli altruismin uhrautumiseksi muiden eduksi.[1]", "qas": [{"answers": [{"answer_start": 44, "text": "epäitsekästä ja pyyteetöntä[3] [4] toimintaa, jossa toisen hyvä asetetaan oman edun edelle"}], "id": "finnish-8742325368463988542-0", "question": "Mitä on altruismi?"}]}]}]}
