<benchmark>
  <entries>
    <entry category="SportsTeam" eid="Id1" shape="(X (X))" shape_type="NA" size="1">
      <originaltripleset>
        <otriple>A.C._Chievo_Verona | manager | Rolando_Maran</otriple>
      </originaltripleset>
      <modifiedtripleset>
        <mtriple>A.C._Chievo_Verona | manager | Rolando_Maran</mtriple>
      </modifiedtripleset>
      <lex comment="good" lid="Id1">Rolando Maran has managed AC Chievo Verona.</lex>
      <lex comment="good" lid="Id2">Associazione Calcio Chievo Verona is managed by Rolando Maran.</lex>
      <lex comment="good" lid="Id3">The manager of A.C. Chievo Verona is Rolando Maran.</lex>
    </entry>
    </entries>
</benchmark>