<benchmark>
  <entries>
    <entry category="ComicsCharacter" eid="Id1" shape="(X (X))" shape_type="NA" size="1">
      <originaltripleset>
        <otriple>April_O'Neil | creator | Kevin_Eastman</otriple>
      </originaltripleset>
      <originaltripleset>
        <otriple>April_O'Neil | creators | Kevin_Eastman</otriple>
      </originaltripleset>
      <modifiedtripleset>
        <mtriple>April_O'Neil | creator | Kevin_Eastman</mtriple>
      </modifiedtripleset>
      <lex comment="good" lid="Id1">April O'Neil was created by Kevin Eastman.</lex>
      <lex comment="good" lid="Id2">Kevin Eastman is the creator of April O'Neil.</lex>
    </entry>
    </entries>
</benchmark>