<benchmark>
  <entries>
    <entry category="Building" eid="Id1" shape="(X (X))" shape_type="NA" size="1">
      <originaltripleset>
        <otriple>11_Diagonal_Street | location | South_Africa</otriple>
      </originaltripleset>
      <modifiedtripleset>
        <mtriple>11_Diagonal_Street | location | South_Africa</mtriple>
      </modifiedtripleset>
      <lex comment="good" lid="Id1">11 Diagonal Street is located in South Africa.</lex>
      <lex comment="good" lid="Id2">The address, 11 Diagonal Street is located in South Africa.</lex>
    </entry>
    </entries>
</benchmark>