<benchmark>
  <entries>
    <entry category="Food" eid="Id1" shape="(X (X))" shape_type="NA" size="1">
      <originaltripleset>
        <otriple>Amatriciana_sauce | ingredient | Pecorino_Romano</otriple>
      </originaltripleset>
      <modifiedtripleset>
        <mtriple>Amatriciana_sauce | ingredient | Pecorino_Romano</mtriple>
      </modifiedtripleset>
      <lex comment="good" lid="Id1">An ingredient of amatriciana sauce is pecorino romano.</lex>
      <lex comment="good" lid="Id2">Pecorino Romano is an ingredient used in Amatriciana sauce.</lex>
      <lex comment="good" lid="Id3">Pecorino Romano is an ingredient of Amatriciana sauce.</lex>
    </entry>
    </entries>
</benchmark>