[
  {
    "title": "Jeremaya (jr-IB)",
    "content": "Ihe Chineke Si n’Ọnụ Jeremaya\n\nAha Akwụkwọ/Ihe Banyere Ndị bipụtara ya\n\nIsiokwu Ndị dị n’Akwụkwọ a\n\n1 “Etinyewo M Okwu M n’Ọnụ Gị”\n\n2 Ije Ozi “n’Oge Ikpeazụ”\n\n3 “Gwa Ha Okwu A”\n\n4 Kpachara Anya Ka Obi Dị Aghụghọ Ghara Ịrafu Gị\n\n5 Olee Ụdị Ndị Ị Ga-emeta Enyi?\n\n6 “Biko, Rube Isi N’ihe Jehova Kwuru”\n\n7 “M Ga-eme Ka Mkpụrụ Obi Ike Gwụrụ Nwee Ume”\n\n8 Ị̀ “Ga-adịrị Ndụ,” Dị Ka Jeremaya?\n\n9 ‘Achọrọla Onwe Gị Ihe Ukwu’\n\n10 Ị̀ Na-ajụ Kwa Ụbọchị, “Olee Ebe Jehova Nọ?”\n\n11 “M Ga-eji Obi M Nye Unu Ndị Ọzụzụ Atụrụ”\n\n12 “Ọ́ Bụghị Nke Ahụ Bụ Ịmara M?”\n\n13 “Jehova Emewo Ihe O bu n’Obi”\n\n14 I Nwere Ike Irite Uru n’Ọgbụgba Ndụ Ọhụrụ Ahụ\n\n15 “Apụghị M Ịgbachi Nkịtị”\n\nAzụ Akwụkwọ\n\nIhe A Kọpịtara Akọpịta:  1 “Etinyewo M Okwu M n’Ọnụ Gị”\n\nIhe A Kọpịtara Akọpịta:  2 Ije Ozi “n’Oge Ikpeazụ”\n\nIhe A Kọpịtara Akọpịta:  3 “Gwa Ha Okwu A”\n\nIhe A Kọpịtara Akọpịta:  4 Kpachara Anya Ka Obi Dị Aghụghọ Ghara Ịrafu Gị\n\nIhe A Kọpịtara Akọpịta:  5 Olee Ụdị Ndị Ị Ga-emeta Enyi?\n\nIhe A Kọpịtara Akọpịta:  6 “Biko, Rube Isi N’ihe Jehova Kwuru”\n\nIhe A Kọpịtara Akọpịta:  7 “M Ga-eme Ka Mkpụrụ Obi Ike Gwụrụ Nwee Ume”\n\nIhe A Kọpịtara Akọpịta:  8 Ị̀ “Ga-adịrị Ndụ,” Dị Ka Jeremaya?\n\nIhe A Kọpịtara Akọpịta:  9 ‘Achọrọla Onwe Gị Ihe Ukwu’\n\nIhe A Kọpịtara Akọpịta: 10 Ị̀ Na-ajụ Kwa Ụbọchị, “Olee Ebe Jehova Nọ?”\n\nIhe A Kọpịtara Akọpịta: 11 “M Ga-eji Obi M Nye Unu Ndị Ọzụzụ Atụrụ”\n\nIhe A Kọpịtara Akọpịta: 12 “Ọ́ Bụghị Nke Ahụ Bụ Ịmara M?”\n\nIhe A Kọpịtara Akọpịta: 13 “Jehova Emewo Ihe O bu n’Obi”\n\nIhe A Kọpịtara Akọpịta: 14 I Nwere Ike Irite Uru n’Ọgbụgba Ndụ Ọhụrụ Ahụ\n\nIhe A Kọpịtara Akọpịta: 15 “Apụghị M Ịgbachi Nkịtị”",
    "format": "book"
  },
  {
    "title": "Ihe Baịbụl Bụ (T-30-IB)",
    "date": "2014-04-12T08:15:56Z",
    "content": "Olee Ihe I Chere na Baịbụl Bụ?\n\nOlee Ihe I Chere na Baịbụl Bụ?\nGỊNỊ KA BAỊBỤL KWURU?\n“Akwụkwọ Nsọ dum si n’ike mmụọ nsọ Chineke.”—\n2 Timoti 3:16\n.\nOLEE URU Ọ GA-ABARA GỊ?\nỊ ga-amata azịza ajụjụ ndị dị mkpa ná ndụ.—\nIlu 2:1-5\n.\nỌ ga-enyere gị aka ibi ezigbo ndụ.—\nAbụ Ọma 119:105\n.\nỌ ga-eme ka obi sie gị ike na ihe ga-aka mma n’ọdịnihu.—\nNdị Rom 15:4\n.\nÌ KWESỊRỊ IKWERE IHE A BAỊBỤL KWURU?\nEe. Lee ihe atọ mere anyị ji kwuo otú ahụ:\nBaịbụl anaghị emegide onwe ya.\nO were ihe karịrị otu puku afọ na narị afọ isii iji dee Baịbụl. Ihe dị ka mmadụ iri anọ dere ya. Ụfọdụ n’ime ha anọghị ndụ mgbe ibe ha dere nke ha. Ma, ha niile doro aha Chineke nsọ, gosikwa na ọ bụ yanwa ruru eru ịchị ụmụ mmadụ.\nBaịbụl na-akọ otú ihe si mee.\nỌ na-abụ ndị mmadụ kọwa akụkọ ndụ ha, ha anaghị ekwe akọta ihe ndị ha mejọrọ. Ma, ndị Chineke ji dee Baịbụl kwuru hoo haa ihe ndị ha mejọrọ, kwuokwa ihe ndị obodo ha mejọrọ.—\n2 Ihe E Mere 36:15, 16;\nAbụ Ọma 51:1-4\n.\nIhe Baịbụl kwuru na-emezu.\nBaịbụl kwuru na a ga-ebibi obodo Babịlọn. O kwukwara otú a ga-esi bibie ya na aha onye ga-ebibi ya. (\nAịzaya 13:17-22;\n45:1-3\n) Mgbe ihe dị ka narị afọ abụọ gachara, ihe ndị ahụ o kwuru mezuru.\nO nwekwara ọtụtụ ihe ndị ọzọ Baịbụl kwuru, ha emechaa mee otú ahụ o si kwuo ha. Ihe ndị a na-egosi na Baịbụl bụ Okwu Chineke.—\n2 Pita 1:21\n.",
    "format": "book"
  },
  {
    "title": "Ọdịnihu (T-31-IB)",
    "date": "2014-04-12T08:33:56Z",
    "content": "Olee Otú I Chere Ihe Ga-adị n’Ọdịnihu?\n\nOlee Otú I Chere Ihe Ga-adị n’Ọdịnihu?\nGỊNỊ KA BAỊBỤL KWURU?\n‘Chineke ga-ehichapụ anya mmiri niile n’anya ụmụ mmadụ, ọnwụ agaghị adị ọzọ, iru uju ma ọ bụ mkpu ákwá ma ọ bụ ihe mgbu agaghịkwa adị ọzọ. Ihe mbụ niile agabigawo.’—\nMkpughe 21:3, 4\n.\nOLEE URU Ọ GA-ABARA GỊ?\nỊ ga na-arụ ọrụ ị na-agaghị atakwute ájá, ị ga-arụpụtakwa ihe bara uru.—\nAịzaya 65:21-23\n.\nỊ gaghịzi na-arịa ọrịa ma ọ bụ na-ata ahụhụ.—\nAịzaya 25:8;\n33:24\n.\nObi ga-adị gị na ndị ezinụlọ unu na ndị enyi gị ụtọ, unu agaghịkwa anwụ anwụ.—\nAbụ Ọma 37:11,\n29\n.\nÌ KWESỊRỊ IKWERE IHE A BAỊBỤL KWURU?\nEe. Lee ihe abụọ mere anyị ji kwuo otú ahụ:\nChineke ga-emezuli nkwa o kwere.\nỌ bụ naanị Jehova ka Baịbụl kpọrọ “Onye Pụrụ Ime Ihe Niile.” (\nMkpughe 15:3\n) Ọ bụ ya mere obi ji sie anyị ike na ọ ga-emerịrị ka ụwa anyị a ka mma otú ahụ o kwuru. Baịbụl kwuru, sị: “N’ebe Chineke nọ, ihe niile kwere omume.”—\nMatiu 19:26\n.\nỌ na-agụ Chineke agụụ imezu nkwa o kwere.\nDị ka ihe atụ, Baịbụl kwuru na ọ na-agụ Jehova agụụ ịkpọlite ndị nwụrụ anwụ.—\nJob 14:14, 15\n.\nBaịbụl kwukwara na mgbe Ọkpara Chineke bịara n’ụwa, ọ gwọrọ ọtụtụ ndị ọrịa. Maka gịnị? Ọ bụ maka na ọ chọrọ. (\nMak 1:40, 41\n) Jizọs na-eme nnọọ ka Nna ya. Otú ahụ ọ chọrọ inyere ndị ụwa na-ara ahụ́ aka ka Nna ya chọkwara.—\nJọn 14:9\n.\nỌ bụ ya mere obi ji kwesị isi anyị ike na Jehova na Jizọs chọrọ ime ka ihe dịrị anyị mma n’ọdịnihu.—\nAbụ Ọma 72:12-14;\n145:16;\n2 Pita 3:9\n.",
    "format": "book"
  },
  {
    "title": "Obi Ụtọ (T-32-IB)",
    "date": "2014-04-12T08:37:08Z",
    "content": "Gịnị Ga-eme Ka Unu Na-enwe Obi Ụtọ n’Ụlọ Unu?\n\nGịnị Ga-eme Ka Unu Na-enwe Obi Ụtọ n’Ụlọ Unu?\nGỊNỊ KA BAỊBỤL KWURU?\n“Obi ụtọ na-adịrị ndị na-anụ okwu Chineke ma na-edebe ya!”—\nLuk 11:28\n.\nOLEE URU Ọ GA-ABARA GỊ?\nOnye ọ bụla ga-ahụ ibe ya n’anya.—\nNdị Efesọs 5:28, 29\n.\nOnye ọ bụla ga-akwanyere ibe ya ùgwù.—\nNdị Efesọs 5:33\n.\nOnye ọ bụla ga-atụkwasị ibe ya obi.—\nMak 10:6-9\n.\nÌ KWESỊRỊ IKWERE IHE A BAỊBỤL KWURU?\nEe. Lee ihe abụọ mere anyị ji kwuo otú ahụ:\nỌ bụ Chineke malitere ezinụlọ.\nBaịbụl kwuru na ezinụlọ ọ bụla sitere n’ebe Jehova nọ nweta aha ya. (\nNdị Efesọs 3:14, 15\n) Ihe ihe a pụtara bụ na e wezụga Chineke, a garaghị enwe ezinụlọ. Olee uru ọ baara anyị ịma na ọ bụ Chineke malitere ezinụlọ?\nKa e were ya na e bunyere gị nri dị ezigbo ụtọ, gị eriwe riwe richaa, chọwazie ịma ihe e ji sie nri ahụ, ònye ka ị ga-ajụ? Ọ̀ kwa onye siri ya?\nỌ bụ otú ahụ ka ọ dịkwa n’okwu ezinụlọ. Ọ bụrụ na anyị chọrọ ịma ihe ga-eme ka anyị na-enwe obi ụtọ n’ụlọ anyị, anyị kwesịrị ịjụ Jehova, Onye Malitere ezinụlọ.—\nJenesis 2:18-24\n.\nIhe banyere unu na-emetụ Chineke n’obi.\nUnu ga na-enwe obi ụtọ n’ụlọ unu ma unu na-eme ihe Jehova kwuru n’Okwu ya bụ́ Baịbụl. Maka gịnị? Maka na “ihe banyere unu na-emetụ ya n’obi.” (\n1 Pita 5:6, 7\n) Jehova chọrọ ka ihe gaziere unu. Ọ bụrụ na unu ana-eme ihe o kwuru, ihe ga-agaziri unu.—\nIlu 3:5, 6;\nAịzaya 48:17, 18\n.",
    "format": "book"
  }
]