[{"title": "Teta!\u20142013 Jen\u1ee5war\u1ecb 2013", "content": "1/13 Isiokwu Nd\u1ecb D\u1ecb n\u2019Akw\u1ee5kw\u1ecd A\n\n1/13 Ihe Nd\u1ecb Na-eme n\u2019\u1ee4wa\n\n1/13 Ot\u00fa G\u1ecb na Nwa G\u1ecb Ga-esi Na-ekwur\u1ecbta Okwu\n\n1/13 Ihe Onye M\u1ee5r\u1ee5 Banyere Ihe Nd\u1ecb D\u1ecb Nd\u1ee5 Kwuru Gbasara Chineke\n\n1/13 Ot\u00fa \u1eca Ga-esi K\u1ee5ziere \u1ee4m\u1ee5 G\u1ecb Ka Ha Na-emere Nd\u1ecb \u1eccz\u1ecd Ihe \u1eccma\n\n1/13 Mgbe M Gara Kameruun\n\n1/13 Parada\u1ecbs\n\n1/13 Ihe Na-enyere \u1ecay\u00f3\u0323r\u00f3\u0323 Aka Iferu Ebe D\u1ecb Anya\n\nIhe A Ko\u0323pi\u0323tara Ako\u0323pi\u0323ta: 1/13 Ot\u00fa G\u1ecb na Nwa G\u1ecb Ga-esi Na-ekwur\u1ecbta Okwu\n\nIhe A Ko\u0323pi\u0323tara Ako\u0323pi\u0323ta: 1/13 Ihe Onye M\u1ee5r\u1ee5 Banyere Ihe Nd\u1ecb D\u1ecb Nd\u1ee5 Kwuru Gbasara Chineke\n\nIhe A Ko\u0323pi\u0323tara Ako\u0323pi\u0323ta: 1/13 Ot\u00fa \u1eca Ga-esi K\u1ee5ziere \u1ee4m\u1ee5 G\u1ecb Ka Ha Na-emere Nd\u1ecb \u1eccz\u1ecd Ihe \u1eccma\n\nIhe A Ko\u0323pi\u0323tara Ako\u0323pi\u0323ta: 1/13 Parada\u1ecbs", "format": "magazine"}, {"title": "Teta! Jula\u1ecb 2013", "content": "7/13 Ihe \u1eca Ga-eme Ka Nd\u1ecb Omekome Ghara Inweta G\u1ecb\n\n7/13 Isiokwu Nd\u1ecb D\u1ecb n\u2019Akw\u1ee5kw\u1ecd A\n\n7/13 Ihe Nd\u1ecb Na-eme n\u2019\u1ee4wa\n\n7/13 Ot\u00fa Di na Nwunye Ga-esi Kw\u1ee5s\u1ecb \u1ecana-agbachi Ibe Ha Nk\u1ecbt\u1ecb\n\n7/13 Ihe \u1eca Ga-eme Ka Nd\u1ecb Omekome Ghara Inweta G\u1ecb\n\n7/13 Ot\u00fa Otu Nwaany\u1ecb Si Kw\u1ee5s\u1ecb Ikpe Okpukpe Nd\u1ecb Juu\n\n7/13 \u1ee4d\u1ecb Onye Chineke B\u1ee5\n\n7/13 Setan\n\n7/13 Nku Az\u00f9\u0323 Weel\n\nIhe A Ko\u0323pi\u0323tara Ako\u0323pi\u0323ta: 7/13 Ot\u00fa Di na Nwunye Ga-esi Kw\u1ee5s\u1ecb \u1ecana-agbachi Ibe Ha Nk\u1ecbt\u1ecb\n\nIhe A Ko\u0323pi\u0323tara Ako\u0323pi\u0323ta: 7/13 Ihe \u1eca Ga-eme Ka Nd\u1ecb Omekome Ghara Inweta G\u1ecb\n\nIhe A Ko\u0323pi\u0323tara Ako\u0323pi\u0323ta: 7/13 Ot\u00fa Otu Nwaany\u1ecb Si Kw\u1ee5s\u1ecb Ikpe Okpukpe Nd\u1ecb Juu\n\nIhe A Ko\u0323pi\u0323tara Ako\u0323pi\u0323ta: 7/13 \u1ee4d\u1ecb Onye Chineke B\u1ee5\n\nIhe A Ko\u0323pi\u0323tara Ako\u0323pi\u0323ta: 7/13 Setan", "format": "magazine"}, {"title": "Teta! Mach 2013", "content": "3/13 Ihe Mere Nd\u1ecb Mmad\u1ee5 Ji Aga Ala \u1eccz\u1ecd Na Ot\u00fa Ihe Na-ad\u1ecb ma Ha Ruo\n\n3/13 Isiokwu Nd\u1ecb D\u1ecb n\u2019Akw\u1ee5kw\u1ecd A\n\n3/13 Ihe Nd\u1ecb Na-eme n\u2019\u1ee4wa\n\n3/13 Ot\u00fa Di na Nwunye Ga-esi Kw\u1ee5s\u1ecb \u1ecana-esekar\u1ecb Okwu\n\n3/13 Ihe Mere Nd\u1ecb Mmad\u1ee5 Ji Aga Ala \u1eccz\u1ecd Na Ot\u00fa Ihe Na-ad\u1ecb ma Ha Ruo\n\n3/13 Otu Nwoke M\u1ee5r\u1ee5 Gbasara R\u1ecdb\u1ecdt Kwuru Ihe Mere O Ji Kwere na Chineke\n\n3/13 Pleto\n\n3/13 Ah\u1ee5h\u1ee5 Nd\u1ecb \u1ee4wa Na-at\u1ee5 n\u2019\u1eccn\u1ee5 Na-ata \u00d2\u0323 Na-emet\u1ee5 Chineke n\u2019Obi?\n\n3/13 \u1eccd\u1ee5 Ngwere\n\nIhe A Ko\u0323pi\u0323tara Ako\u0323pi\u0323ta: 3/13 Ot\u00fa Di na Nwunye Ga-esi Kw\u1ee5s\u1ecb \u1ecana-esekar\u1ecb Okwu\n\nIhe A Ko\u0323pi\u0323tara Ako\u0323pi\u0323ta: 3/13 Ihe Mere Nd\u1ecb Mmad\u1ee5 Ji Aga Ala \u1eccz\u1ecd Na Ot\u00fa Ihe Na-ad\u1ecb ma Ha Ruo\n\nIhe A Ko\u0323pi\u0323tara Ako\u0323pi\u0323ta: 3/13 Pleto\n\nIhe A Ko\u0323pi\u0323tara Ako\u0323pi\u0323ta: 3/13 Ah\u1ee5h\u1ee5 Nd\u1ecb \u1ee4wa Na-at\u1ee5 n\u2019\u1eccn\u1ee5 Na-ata \u00d2\u0323 Na-emet\u1ee5 Chineke n\u2019Obi?", "format": "magazine"}, {"title": "Teta! Mee 2013", "content": "5/13 How to Be a Good Father\n\n5/13 Isiokwu Nd\u1ecb D\u1ecb n\u2019Akw\u1ee5kw\u1ecd A\n\n5/13 Ot\u00fa Mmad\u1ee5 Ga-esi B\u1ee5r\u1ee5 Ezigbo Nna\n\n5/13 Ot\u00fa Mmad\u1ee5 Ga-esi Kw\u1ee5s\u1ecb \u1ecana-eti Nwunye Ya Ihe\n\n5/13 Ot\u00fa Di na Nwunye Ga-esi Kw\u1ee5s\u1ecb \u1ecana-agwa Ibe Ha Okwu \u1eccj\u1ecd\u1ecd\n\n5/13 Ile Nd\u1ecb Gba \u1ecct\u1ecd\n\n5/13 Ot\u00fa I Kwes\u1ecbr\u1ecb Isi Na-agwa Nwa G\u1ecb Ihe \u1ecc Ga-eme na Ihe \u1ecc Na-agagh\u1ecb Eme\n\nIhe A Ko\u0323pi\u0323tara Ako\u0323pi\u0323ta: 5/13 Ot\u00fa Mmad\u1ee5 Ga-esi B\u1ee5r\u1ee5 Ezigbo Nna\n\nIhe A Ko\u0323pi\u0323tara Ako\u0323pi\u0323ta: 5/13 Ot\u00fa Mmad\u1ee5 Ga-esi Kw\u1ee5s\u1ecb \u1ecana-eti Nwunye Ya Ihe\n\nIhe A Ko\u0323pi\u0323tara Ako\u0323pi\u0323ta: 5/13 Ot\u00fa Di na Nwunye Ga-esi Kw\u1ee5s\u1ecb \u1ecana-agwa Ibe Ha Okwu \u1eccj\u1ecd\u1ecd\n\nIhe A Ko\u0323pi\u0323tara Ako\u0323pi\u0323ta: 5/13 Ile Nd\u1ecb Gba \u1ecct\u1ecd\n\nIhe A Ko\u0323pi\u0323tara Ako\u0323pi\u0323ta: 5/13 Ot\u00fa I Kwes\u1ecbr\u1ecb Isi Na-agwa Nwa G\u1ecb Ihe \u1ecc Ga-eme na Ihe \u1ecc Na-agagh\u1ecb Eme", "format": "magazine"}, {"title": "Teta! N\u1ecdvemba 2013", "date": "2014-00-02T10:49:07Z", "content": "Ihe At\u1ecd Ego Na-agagh\u1ecb Az\u1ee5tali\n\nIsiokwu Nd\u1ecb D\u1ecb n\u2019Akw\u1ee5kw\u1ecd A\n\nIhe Nd\u1ecb Na-eme n\u2019\u1ee4wa\n\u1ecatali\n\u00cdgw\u00e8\nnd\u1ecb mmad\u1ee5\nz\u1ee5r\u1ee5\nn\u2019\u1ecatali n\u2019af\u1ecd 2011 kar\u1ecbr\u1ecb \u1ee5gb\u1ecdala nd\u1ecb a z\u1ee5r\u1ee5 n\u2019obodo ah\u1ee5. \u1ee4f\u1ecdd\u1ee5 ihe mere nd\u1ecb mmad\u1ee5 jizi az\u1ee5 \u00edgw\u00e8 b\u1ee5 na ihe siri ike, mman\u1ee5 \u1ee5gb\u1ecdala na-adazikwa ok\u00e9 \u1ecdn\u1ee5. Ihe \u1ecdz\u1ecd b\u1ee5 na \u1ecdt\u1ee5t\u1ee5 enwegh\u1ecb ego ha ji edozi \u1ee5gb\u1ecdala ha ma ha mebie. Ma, idozi \u00edgw\u00e8 anagh\u1ecb adacha ok\u00e9 \u1ecdn\u1ee5, \u1ecbgba ya d\u1ecbkwa mfe.\nAminia\nE nwere \u1ee5m\u1ee5 okorob\u1ecba iri na asaa j\u1ee5r\u1ee5 \u1ecbba am\u1ecb n\u2019ihi na ha b\u1ee5 Nd\u1ecb\u00e0m\u00e0 Jehova. Ha ekwegh\u1ecbkwa ar\u1ee5 \u1ecdr\u1ee5 \u1ecdz\u1ecd a s\u1ecb ha r\u1ee5\u1ecdr\u1ecd nd\u1ecb am\u1ecb. N\u2019ihi ya, nd\u1ecb \u1ecdch\u1ecbch\u1ecb Aminia t\u1ee5r\u1ee5 ha mkp\u1ecdr\u1ecd. Ma n\u2019oge na-ad\u1ecbbegh\u1ecb anya, \u1ee4l\u1ecdikpe Na-ah\u1ee5 Maka Ihe Ruuru Mmad\u1ee5 na Yurop kwuru na ihe ah\u1ee5 nd\u1ecb Aminia mere \u1ee5m\u1ee5 okorob\u1ecba nd\u1ecb ah\u1ee5 megidere iwu. N\u2019ihi ya, ha gwara nd\u1ecb \u1ecdch\u1ecbch\u1ecb Aminia ka ha kw\u1ee5\u1ecd ha\nego iti aka n\u2019obi\nnakwa ego ha mefuru n\u2019ikpe ah\u1ee5.\nJapan\nNa Japan, e nwere \u1ee5m\u1ee5aka nd\u1ecb ha na nd\u1ecb torola eto\nna-akpar\u1ecbtakar\u1ecb \u1ee5ka n\u2019\u1ecantanet.\nNd\u1ecb ah\u1ee5 akpasakwala ha ar\u1ee5. Papa na mama ihe kar\u1ecbr\u1ecb \u1ecdkara n\u2019ime ha agwagh\u1ecb ha na \u1ee5d\u1ecb nd\u1ecb ah\u1ee5 nwere ike \u1ecbkpasa ha ar\u1ee5. Ihe kar\u1ecbr\u1ecb \u1ecdkara n\u2019ime nar\u1ecb mmad\u1ee5 ise na iri itoolu na itoolu ha na \u1ee5m\u1ee5aka na-akpar\u1ecbtakar\u1ecb \u1ee5ka n\u2019\u1ecantanet kwuru na ihe mere ha na \u1ee5m\u1ee5aka ji akpar\u1ecbta \u1ee5ka b\u1ee5 na ha ch\u1ecdr\u1ecd \u1ecbrata ha ka ha na ha nwee mmek\u1ecdah\u1ee5.\nCha\u1ecbna\nNa Cha\u1ecbna, \u1ee5z\u1ecd na-akp\u1ecdch\u1ecbkar\u1ecb n\u2019\u1ee5f\u1ecdd\u1ee5 obodo n\u2019ihi na \u1ee5gb\u1ecdala hiri nne. N\u2019ihi ya, nd\u1ecb \u1ecdch\u1ecbch\u1ecb anagh\u1ecbzi ekwe\nagbanye \u1ee5gb\u1ecdala \u1ecdh\u1ee5r\u1ee5 n\u1ecdmba.\n\u1eca man\u1ee5 na e nwegh\u1ecb ike ibup\u1ee5ta \u1ee5gb\u1ecdala na-enwegh\u1ecb n\u1ecdmba. D\u1ecb ka ihe at\u1ee5, \u1ecd b\u1ee5 naan\u1ecb nar\u1ecb puku \u1ee5gb\u1ecdala ab\u1ee5\u1ecd na puku iri an\u1ecd ka a na-agbanye n\u1ecdmba kwa af\u1ecd na Beijing. N\u2019\u1eccg\u1ecdst 2012, nd\u1ecb ch\u1ecdr\u1ecd ka a gbanye \u1ee5gb\u1ecdala ha n\u1ecdmba d\u1ecb otu nde na puku iri ise, ma nd\u1ecb a gbanyere n\u1ecdmba d\u1ecb naan\u1ecb puku iri na itoolu, nar\u1ecb itoolu na iri ab\u1ee5\u1ecd na isii. \u1ecc p\u1ee5tara na \u1ecd b\u1ee5 naan\u1ecb otu onye ka a gbanyere n\u1ecdmba n\u2019ime iri mmad\u1ee5 ise na at\u1ecd \u1ecd b\u1ee5la ch\u1ecdr\u1ecd ka a gbanye \u1ee5gb\u1ecdala ha n\u1ecdmba.\n\nIhe \u1eca Ga-eme ma E Nwee Onye G\u1ecb na Ya D\u1ecb n\u2019Ezigbo Mma\nOT\u00da O SI AMALITE\nO nwere ike \u1ecbb\u1ee5 na e nwere nwoke ihe na-adabara g\u1ecb na ya. O nwegh\u1ecb ihe unu na-anagh\u1ecb ak\u1ecdr\u1ecd ibe unu. N\u2019obi g\u1ecb, e nweghi ihe jik\u1ecdr\u1ecd unu. Ma, \u1ecb makwa na obi agagh\u1ecb ad\u1ecb di g\u1ecb mma ma \u1ecd n\u1ee5 ihe g\u1ecb na onye ah\u1ee5 na-akpar\u1ecbta.\nO nwere ike \u1ecbb\u1ee5 na ad\u1ecbm n\u00e1 mma unu agafela ot\u00fa o kwes\u1ecbr\u1ecb nakwa na i kwes\u1ecbr\u1ecb ime ihe ozugbo ka \u1ecb ghara \u1ecbbanye n\u00e1 nsogbu. Ma, ka any\u1ecb t\u1ee5legod\u1ecb ihe nwere ike \u1ecbb\u1ee5 ya mere ihe ji adabara unu.\nIHE MERE G\u1eca NA YA JI D\u1eca N\u2019EZIGBO MMA\n\u1ecc na-eme g\u1ecb obi \u1ee5t\u1ecd.\nObi na-ad\u1ecb \u1ee5m\u1ee5 nwaany\u1ecb \u1ee5t\u1ecd ma e nwee nwoke na-aj\u1ee5 ha ot\u00fa ha mere. Isi na-ebu ha ma a gwa ha na ha mara mma. Nwaany\u1ecb n\u1ecd na di nwere ike ya na nwoke \u1ecdz\u1ecd ad\u1ecbwa n\u2019ezigbo mma n\u2019ihi na obi na-eru ya ala ma ya na onye ah\u1ee5 n\u1ecdr\u1ecd. \u1ecc b\u1ee5r\u1ee5 na \u1ecd b\u1ee5 nwoke \u1ecdz\u1ecd na-eme ka obi ruo g\u1ecb ala, marakwa na agw\u1ecd n\u1ecd n\u2019ak\u1ecbr\u1ecbka. \u1ecc b\u1ee5r\u1ee5 na g\u1ecb na nwoke \u1ecdz\u1ecd d\u1ecb n\u2019ezigbo mma, \u1ecd ga-eme ka obi g\u1ecb ghara \u1ecbd\u1ecbcha n\u2019ebe di g\u1ecb n\u1ecd. Ihe \u1ecd p\u1ee5tara b\u1ee5 na \u1ecb gagh\u1ecbzi ah\u1ee5 di g\u1ecb n\u2019anya ot\u00fa i kwes\u1ecbr\u1ecb i si h\u1ee5 ya n\u2019anya.\n\u2022 J\u1ee5\u1ecd onwe g\u1ecb, s\u1ecb: \u2018G\u1ecbn\u1ecb ka onye a na-emere m nke di m na-agagh\u1ecb emere m?\u2019\nG\u1ecb na di g\u1ecb na-esekar\u1ecb okwu.\nBa\u1ecbb\u1ee5l kwuru na nd\u1ecb l\u1ee5r\u1ee5 di na nwunye \u201cga-enwe mkpagbu.\u201d (\n1 Nd\u1ecb K\u1ecdr\u1ecbnt 7:28\n) D\u1ecb ka ihe at\u1ee5, o nwere ike \u1ecbd\u1ecb g\u1ecb ka di g\u1ecb \u00f2\u0323 na-eleghara g\u1ecb anya ma \u1ecd b\u1ee5 ya ab\u1ee5r\u1ee5 na \u1ecb na-eburu ya iwe n\u2019obi maka ihe o mere g\u1ecb. O nwere ike \u1ecbb\u1ee5 na di g\u1ecb ach\u1ecdgh\u1ecb ikwu ihe \u1ecd b\u1ee5la banyere ihe ah\u1ee5, ya emezie ka ike gw\u1ee5 g\u1ecb, obi na-akakwa eru g\u1ecb ala ma g\u1ecb na nwoke \u1ecdz\u1ecd n\u1ecdr\u1ecd. Nd\u1ecb \u1ecdkachamara \u1ee5f\u1ecdd\u1ee5 na-ekwu na \u1ecd b\u1ee5r\u1ee5 na di na nwunye edozigh\u1ecb \u1ee5m\u1ee5 irighiri esemokwu ha nwere, ha ga na-esekar\u1ecb okwu. Ihe nd\u1ecb ah\u1ee5 nwekwara ike ime ka ha gbaa al\u1ee5kwagh\u1ecbm.\n\u2022 J\u1ee5\u1ecd onwe g\u1ecb, s\u1ecb: \u2018\u00c8 nwere ihe na-esere m\u1ee5 na di m nke mere ka m\u1ee5 na nwoke \u1ecdz\u1ecd d\u1ecb n\u2019ezigbo mma?\u2019\nIHE \u1eca GA-EME\nCheta na \u1ecd bagh\u1ecb uru.\nBa\u1ecbb\u1ee5l kwuru, s\u1ecb \u201cMmad\u1ee5 \u00f2\u0323 p\u1ee5r\u1ee5 \u1ecbg\u1ee5nye \u1ecdk\u1ee5 n\u2019obi ya, uwe ya aghara ire \u1ecdk\u1ee5?\u201d (\nIlu 6:27\n) Nke b\u00fa\u0323 eziokwu b\u1ee5 na obi nwaany\u1ecb n\u1ecd na di ekwes\u1ecbgh\u1ecb \u1ecbd\u1ecb n\u2019ebe nwoke \u1ecdz\u1ecd n\u1ecd. Obi ya d\u1ecbr\u1ecb n\u2019ebe \u1ecdz\u1ecd, o nwere ike \u1ecbkpatara ya na di ya nsogbu. (\nJems 1:14, 15\n) Ihe a na-ekwu ab\u1ee5gh\u1ecb naan\u1ecb ihe nwere ike ime kama chegod\u1ecb banyere ihe nd\u1ecb merela eme. Cheta na obi g\u1ecb ad\u1ecbchagh\u1ecbzi n\u2019ebe di g\u1ecb n\u1ecd n\u2019ihi na g\u1ecb na nwoke \u1ecdz\u1ecd d\u1ecb n\u2019ezigbo mma.\nAgh\u1ecdgbula onwe g\u1ecb.\n\u1ecc b\u1ee5r\u1ee5 na e nwere nwoke g\u1ecb na ya d\u1ecb n\u2019ezigbo mma, i nwere ike \u1ecbna-eche na \u1ee5wa gaara akara g\u1ecb mma ma a s\u1ecb na \u1ecd b\u1ee5 ya na-al\u1ee5 g\u1ecb. Ma, o nwere ike \u1ecbb\u1ee5 na i ji onye ah\u1ee5 at\u1ee5nyere di g\u1ecb. \u1eca makwa na ime ot\u00fa ah\u1ee5 ad\u1ecbgh\u1ecb mma. Chetakwa na ot\u00fa obi na-ad\u1ecb g\u1ecb ma g\u1ecb na nwoke ah\u1ee5 n\u1ecdr\u1ecd ka obi na-ad\u1ecbbu g\u1ecb ma g\u1ecb na di g\u1ecb n\u1ecdr\u1ecd. N\u2019ihi ya, echela na nwoke ah\u1ee5 ka di g\u1ecb mma.\n\u2014Amaokwu Ba\u1ecbb\u1ee5l ga-enyere g\u1ecb aka:\nJeremaya 17:9\n.\nKpebie ihe \u1ecb ga-eme na ihe \u1ecb na-agagh\u1ecb eme.\nE nwere ihe \u1ee5f\u1ecdd\u1ee5 nd\u1ecb mmad\u1ee5 na-etinye n\u2019\u1ee5gb\u1ecdala ha ma \u1ecd b\u1ee5 n\u2019\u1ee5l\u1ecd ha ka \u1ecd ga-ab\u1ee5 nd\u1ecb ohi b\u1ecba, ihe ah\u1ee5 emewe mkp\u1ecdt\u1ee5. I nwere ike ime \u1ee5d\u1ecb ihe ah\u1ee5 ka o nyere g\u1ecb aka \u1ecbma mgbe nsogbu b\u1ecbawara. Ba\u1ecbb\u1ee5l kwuru, s\u1ecb: \u201cChebe obi g\u1ecb.\u201d (\nIlu 4:23\n) Olee ot\u00fa \u1ecb ga-esi chebe obi g\u1ecb? Mee ihe nd\u1ecb a:\nMee ka onye \u1ecd b\u1ee5la mara na \u1ecb l\u1ee5\u1ecdla di. I nwere ike idewe foto di g\u1ecb n\u2019ebe \u1ecb na-ar\u1ee5 \u1ecdr\u1ee5.\n\u2014Amaokwu Ba\u1ecbb\u1ee5l ga-enyere g\u1ecb aka:\nJenesis 2:24\n.\nKpebie ihe \u1ecb ga-eme ma \u1ecd b\u1ee5 ihe \u1ecb ga-ekwu na ihe \u1ecb na-agagh\u1ecb eme mgbe \u1ecd b\u1ee5la g\u1ecb na nwoke \u1ecdz\u1ecd n\u1ecd. D\u1ecb ka ihe at\u1ee5, i kwes\u1ecbgh\u1ecb \u1ecbgwa nwoke g\u1ecb na ya d\u1ecb n\u00e1 mma banyere nsogbu \u1ecd b\u1ee5la g\u1ecb na di g\u1ecb nwere. \u1ecc b\u1ee5r\u1ee5 na e nwere nwoke g\u1ecb na ya na-ar\u1ee5k\u1ecd \u1ecdr\u1ee5, i kwes\u1ecbgh\u1ecbkwa iso ya na-aga at\u1ee5r\u1ee5 nd\u1ee5.\nE nwee nwoke g\u1ecb na ya d\u1ecb n\u2019ezigbo mma, gbaa mb\u1ecd ka ekele ghara \u1ecbgafe nku aka. \u1ecc b\u1ee5r\u1ee5 na \u1ecd gagh\u1ecb ekwe g\u1ecb omume, j\u1ee5\u1ecd onwe g\u1ecb ihe kpatara ya. Kama \u1ecb ch\u1ecdwa ihe \u1ecb ga-ak\u1ee5do aka mere g\u1ecb na ya ka ga-eji na-ad\u1ecb n\u00e1 mma, gbal\u1ecba ka g\u1ecb na di g\u1ecb d\u1ecbr\u1ecb n\u00e1 mma.\n\u2014Amaokwu Ba\u1ecbb\u1ee5l ga-enyere g\u1ecb aka:\nIlu 5:18, 19\n.\n\nMmad\u1ee5 Inwe Mmek\u1ecdah\u1ee5 Tupu \u1ecc l\u1ee5\u1ecd Di Ma \u1ecc b\u1ee5 Nwunye\nMmad\u1ee5 inwe mmek\u1ecdah\u1ee5 tupu \u1ecd l\u1ee5\u1ecd di ma \u1ecd b\u1ee5 nwunye \u00f2\u0323 d\u1ecb nj\u1ecd?\n\u201cN\u2019ihi na ihe Chineke ch\u1ecdr\u1ecd b\u1ee5 ka\n. . .\nunu zere \u1ecbkwa iko.\u201d\u2014\n1 Nd\u1ecb Tesalona\u1ecbka 4:3\n.\nIHE ND\u1eca MMAD\u1ee4 NA-EKWU\nN\u2019ebe \u1ee5f\u1ecdd\u1ee5, \u1ecd b\u1ee5gh\u1ecb ihe \u1ecdj\u1ecd\u1ecd ma mmad\u1ee5 ab\u1ee5\u1ecd torola eto nwee mmek\u1ecdah\u1ee5. N\u2019ebe \u1ee5f\u1ecdd\u1ee5kwa, \u1ecd b\u1ee5gh\u1ecb ihe \u1ecdj\u1ecd\u1ecd ma nd\u1ecb na-eto eto na-egwu egwuregwu iberiibe.\nIHE BA\u1ecaB\u1ee4L KWURU\nIhe Ba\u1ecbb\u1ee5l kp\u1ecdr\u1ecd \u1ee5d\u1ecb mmek\u1ecdah\u1ee5 \u1ecd b\u1ee5la mmad\u1ee5 na-enwe mgbe \u1ecd na-al\u1ee5begh\u1ecb di ma \u1ecd b\u1ee5 nwunye b\u1ee5 \u201c\u1ecbkwa iko.\u201d Chineke ch\u1ecdr\u1ecd ka nd\u1ecb na-efe ya \u201czere \u1ecbkwa iko.\u201d (\n1 Nd\u1ecb Tesalona\u1ecbka 4:3\n) E nwere mmehie nd\u1ecb Ba\u1ecbb\u1ee5l kwuru na nd\u1ecb na-eme ha agagh\u1ecb eketa Alaeze Chineke. \u1ee4f\u1ecdd\u1ee5 n\u2019ime ha b\u1ee5 mmad\u1ee5 \u1ecbkwa iko mgbe \u1ecd na-al\u1ee5begh\u1ecb di ma \u1ecd b\u1ee5 nwunye ma \u1ecd b\u1ee5kwan\u1ee5 di ma \u1ecd b\u1ee5 nwunye \u1ecbkwa iko, mmad\u1ee5 ikpere ar\u1ee5s\u1ecb, \u1ecb\u1e45\u1ee5biga mmanya \u00f3k\u00e8, ime mgbaas\u1ecb, igbu \u1ecdch\u1ee5, na izu ohi.\u2014\n1 Nd\u1ecb K\u1ecdr\u1ecbnt 6:9, 10;\nMkpughe 21:8\n.\nIHE MERE O JI GBASA G\u1eca\nBa\u1ecbb\u1ee5l kwuru na \u201cChineke ga-ekpe nd\u1ecb na-akwa iko\u201d ikpe. (\nNd\u1ecb Hibru 13:4\n) \u1ecc b\u1ee5r\u1ee5 na any\u1ecb na-erube isi n\u2019iwu Chineke nyere gbasara mmek\u1ecdah\u1ee5, \u1ecd p\u1ee5tara na any\u1ecb h\u1ee5r\u1ee5 Jehova n\u2019anya. (\n1 J\u1ecdn 5:3\n) \u1ecc na-ag\u1ecdzikwa nd\u1ecb na-erube isi n\u2019iwu ya.\u2014\nA\u1ecbzaya 48:18\n.\n\u00d2\u0323 d\u1ecb nj\u1ecd nd\u1ecb na-ab\u1ee5gh\u1ecb di na nwunye igwu egwuregwu iberiibe?\n\u201cKa a ghara \u1ecbkp\u1ecdt\u1ee5d\u1ecb \u1ecbkwa iko na \u1ee5d\u1ecb ad\u1ecbgh\u1ecb \u1ecdcha \u1ecd b\u1ee5la ma \u1ecd b\u1ee5 anyaukwu aha n\u2019etiti unu.\u201d\u2014\nNd\u1ecb Efes\u1ecds 5:3\n.\nIHE ND\u1eca MMAD\u1ee4 NA-EKWU\n\u1ecct\u1ee5t\u1ee5 nd\u1ecb na-ekwu na nwoke na nwaany\u1ecb na-ab\u1ee5gh\u1ecb di na nwunye inwe mmek\u1ecdah\u1ee5 b\u1ee5 ihe \u1ecdj\u1ecd\u1ecd. Ma, o nwegh\u1ecb ihe o mere ma ha na-egwu egwuregwu iberiibe.\nIHE BA\u1ecaB\u1ee4L KWURU\n\u1ecc b\u1ee5gh\u1ecb naan\u1ecb \u1ecbkwa iko ka Ba\u1ecbb\u1ee5l kwuru na \u1ecd d\u1ecb nj\u1ecd. O kwukwara na \u201cad\u1ecbgh\u1ecb \u1ecdcha\u201d na \u201comume r\u1ee5r\u1ee5 ar\u1ee5\u201d ad\u1ecbgh\u1ecb mma. (\n2 Nd\u1ecb K\u1ecdr\u1ecbnt 12:21\n) \u1ecc p\u1ee5tara na e nwere \u1ee5d\u1ecb egwuregwu nd\u1ecb na-ab\u1ee5gh\u1ecb di na nwunye nwere ike igwu ya ad\u1ecb nj\u1ecd n\u2019anya Chineke n\u2019agbanyegh\u1ecb na ha enwegh\u1ecb mmek\u1ecdah\u1ee5.\nIhe Ba\u1ecbb\u1ee5l na-ekwu b\u1ee5 na \u1ecd b\u1ee5 naan\u1ecb nd\u1ecb b\u1ee5 di na nwunye kwes\u1ecbr\u1ecb \u1ecbna-egwu \u1ee5d\u1ecb egwuregwu nd\u1ecb ah\u1ee5. Ba\u1ecbb\u1ee5l kwukwara na \u201ciji anyaukwu na-enwe ag\u1ee5\u1ee5 mmek\u1ecdah\u1ee5\u201d ad\u1ecbgh\u1ecb mma. (\n1 Nd\u1ecb Tesalona\u1ecbka 4:5\n) Ihe a Ba\u1ecbb\u1ee5l kwuru \u00f2\u0323 p\u1ee5tara g\u1ecbn\u1ecb? Chegod\u1ecb banyere ihe a gbasara ma nwoke ma nwaany\u1ecb. Nwa agb\u1ecdgh\u1ecd nwere ike ikpebi na e nwegh\u1ecb ihe ga-eme ka ya na enyi ya nwoke nwee mmek\u1ecdah\u1ee5. Ma, ya na ya ana-egwu egwuregwu iberiibe. Ihe a ha na-eme gosiri na ha na-enwere ihe na-ab\u1ee5gh\u1ecb nke ha anyaukwu. N\u2019ihi ya, ha \u2018ji anyaukwu na-enwe ag\u1ee5\u1ee5 mmek\u1ecdah\u1ee5.\u2019 Ba\u1ecbb\u1ee5l kwuru na nd\u1ecb na-akpa \u1ee5d\u1ecb \u00e0gw\u00e0 a agagh\u1ecb eketa Alaeze Chineke.\u2014\nNd\u1ecb Efes\u1ecds 5:3-5\n.\nOlee ot\u00fa any\u1ecb ga-esi zere mmek\u1ecdah\u1ee5 r\u1ee5r\u1ee5 ar\u1ee5?\n\u201cGbaaran\u1ee5 \u1ecbkwa iko \u1ecds\u1ecd.\u201d\u2014\n1 Nd\u1ecb K\u1ecdr\u1ecbnt 6:18\n.\nIHE MERE O JI GBASA G\u1eca\nBa\u1ecbb\u1ee5l kwuru na \u1ecd b\u1ee5r\u1ee5 na onye na-al\u1ee5begh\u1ecb di ma \u1ecd b\u1ee5 nwunye ch\u1ecdr\u1ecd ka ya na Chineke d\u1ecbr\u1ecb n\u00e1 mma, o kwes\u1ecbgh\u1ecb inwe mmek\u1ecdah\u1ee5.\u2014\nNd\u1ecb K\u1ecdl\u1ecdsi 3:5, 6\n.\nIHE BA\u1ecaB\u1ee4L KWURU\nBa\u1ecbb\u1ee5l gwara any\u1ecb ka any\u1ecb \u2018gbaara \u1ecbkwa iko \u1ecds\u1ecd.\u2019 (\n1 Nd\u1ecb K\u1ecdr\u1ecbnt 6:18\n) \u1ecc p\u1ee5tara na mmad\u1ee5 kwes\u1ecbr\u1ecb izere ihe \u1ecd b\u1ee5la nwere ike ime ka \u1ecd kwaa iko. (\nIlu 22:3\n) D\u1ecb ka ihe at\u1ee5, \u1ecd b\u1ee5r\u1ee5 na mmad\u1ee5 ach\u1ecdgh\u1ecb itinye aka n\u2019omume r\u1ee5r\u1ee5 ar\u1ee5, ya na nd\u1ecb na-eleghara ihe Chineke kwuru gbasara mmek\u1ecdah\u1ee5 anya ekwes\u1ecbgh\u1ecb \u1ecbna-akpa. Ba\u1ecbb\u1ee5l gwara any\u1ecb, s\u1ecb: \u201cOnye ya na nd\u1ecb maara ihe na-eje ije ga-ama ihe, ma ihe agagh\u1ecb agaziri onye ya na nd\u1ecb nzuzu na-emek\u1ecd ihe.\u201d\u2014\nIlu 13:20\n.\n\u1ecc b\u1ee5r\u1ee5 na mmad\u1ee5 na-eche banyere ihe na-ad\u1ecbgh\u1ecb mma, o nwere ike ime ka onye ah\u1ee5 tinye aka n\u2019omume r\u1ee5r\u1ee5 ar\u1ee5. (\nNd\u1ecb Rom 8:5, 6\n) N\u2019ihi ya, any\u1ecb ekwes\u1ecbgh\u1ecb \u1ecbna-ege egw\u00fa r\u1ee5r\u1ee5 ar\u1ee5 ma \u1ecd b\u1ee5 na-ele fim na-egosi ebe a na-eme ihe r\u1ee5r\u1ee5 ar\u1ee5. Any\u1ecb ekwes\u1ecbgh\u1ecbkwa \u1ecbna-ag\u1ee5 akw\u1ee5kw\u1ecd \u1ecd b\u1ee5la na-ekwu banyere \u1ecbkwa iko ma \u1ecd b\u1ee5 omume nd\u1ecb \u1ecdz\u1ecd Chineke kp\u1ecdr\u1ecd as\u1ecb.\u2014\nAb\u1ee5 \u1eccma 101:3\n.\n\nIhe Ga-enyere Di na Nwunye Aka \u1ecana-agbaghara Ibe Ha\nIHE MERE NA \u1ecc NAGH\u1eca AD\u1eca MFE\n\u00d2\u0323 na\u2013ab\u1ee5 g\u1ecb na di g\u1ecb ma \u1ecd b\u1ee5 nwunye g\u1ecb sewe okwu, g\u1ecb echetara ya ihe o mere g\u1ecb n\u2019oge gara aga? G\u1ecbn\u1ecb ka i chere mere i ji ekwulite ihe nd\u1ecb ah\u1ee5? O nwere ike \u1ecbb\u1ee5 na g\u1ecbnwa ma \u1ecd b\u1ee5kwan\u1ee5 unu ab\u1ee5\u1ecd anagh\u1ecb agbaghara ibe unu.\nMa, i nwere ike malite \u1ecbgbaghara di g\u1ecb ma \u1ecd b\u1ee5 nwunye g\u1ecb. Ka any\u1ecb t\u1ee5legod\u1ecb ihe nd\u1ecb nwere ike ime ka o siere di na nwunye ike \u1ecbgbaghara ibe ha.\nIHE MERE NA DI NA NWUNYE \u1ee4F\u1eccD\u1ee4 ANAGH\u1eca AGBAGHARA IBE HA\nHa na-eji ya emesi ibe ha ike.\nIhe mere \u1ee5f\u1ecdd\u1ee5 anagh\u1ecb agbaghara di ha ma \u1ecd b\u1ee5 nwunye ha b\u1ee5 ka ha nwee ihe ha ga-eji na-emesi ha ike. Kama \u1ecbgbaghara, ha na-ag\u1ee5k\u1ecd ihe e mere ha. O nwezie ka ha si see okwu, ha ekwulite ihe ah\u1ee5 ka ha jiri ya kpegbuo di ha ma \u1ecd b\u1ee5 nwunye ha.\n\u1ecc b\u1ee5r\u1ee5 na di ma \u1ecd b\u1ee5 nwunye buuru ibe ya iwe n\u2019obi.\nMgbe \u1ee5f\u1ecdd\u1ee5, \u1ecd na-esi ike tupu mmad\u1ee5 echefuo ihe e mere ya. Mmad\u1ee5 nwere ike \u1ecbs\u1ecb na ya agbagharala di ya ma \u1ecd b\u1ee5 nwunye ya ma ihe ah\u1ee5 o mere ya ka na-ewe ya iwe. O nwed\u1ecbr\u1ecb ike \u1ecbb\u1ee5 na \u1ecd na-ach\u1ecd ot\u00fa \u1ecd ga-esi emegwara ya.\n\u1ecc b\u1ee5r\u1ee5 na ihe agagh\u1ecb ot\u00fa e chere.\n\u1ee4f\u1ecdd\u1ee5 di na nwunye na-at\u1ee5 anya na ihe niile ga na-aga siriri werere ot\u00fa ah\u1ee5 a na-eme na fim. Ma ha see okwu, ya ad\u1ecb ha ka \u1ecd b\u1ee5 n\u00e1 nr\u1ecd. Ha ga na-eche ihe mere ha na onye ha h\u1ee5r\u1ee5 n\u2019anya ji na-ese okwu. Ebe \u1ecd b\u1ee5 na ihe ha t\u1ee5r\u1ee5 anya ya ab\u1ee5gh\u1ecb ihe ha na-ah\u1ee5, ha ga na-ach\u1ecdp\u1ee5takar\u1ecb ebe ibe ha na-emej\u1ecd, \u1ecd ga-emekwa ka ha ghara \u1ecbna-agbaghara ibe ha.\n\u1ecc b\u1ee5r\u1ee5 na ha agh\u1ecdtagh\u1ecb ihe mgbaghara b\u1ee5.\n\u1ecct\u1ee5t\u1ee5 di na nwunye anagh\u1ecb agbaghara ibe ha n\u2019ihi na ha agh\u1ecdtachagh\u1ecb ihe \u1ecbgbaghara mmad\u1ee5 p\u1ee5tara. D\u1ecb ka ihe at\u1ee5, ha nwere ike \u1ecbna-eche, s\u1ecb:\nM gbaghara ya, \u1ecd ga-ad\u1ecbzi ka o nwegh\u1ecb ihe o mere.\nM gbaghara ya, \u1ecd p\u1ee5tara na m ga-echefu ihe ah\u1ee5 o mere.\nM gbaghara ya, \u1ecd ga-eme ka o mee ihe ah\u1ee5 \u1ecdz\u1ecd.\nNke b\u00fa\u0323 eziokwu b\u1ee5 na onye gbaghaara mmad\u1ee5 n\u2019eziokwu agagh\u1ecb na-eche ihe nd\u1ecb ah\u1ee5. Ma, \u1ecbgbaghara mmad\u1ee5 ad\u1ecbgh\u1ecb mfe, kar\u1ecbchaa ma \u1ecd b\u1ee5r\u1ee5 na di g\u1ecb ma \u1ecd b\u1ee5 na nwunye g\u1ecb mere g\u1ecb ihe na-ewute g\u1ecb.\nIHE \u1eca GA-EME\nGh\u1ecdta ihe \u1ecbgbaghara mmad\u1ee5 p\u1ee5tara.\nNa Ba\u1ecbb\u1ee5l, okwu e si s\u1ee5ghar\u1ecbta mgbaghara nwere ike \u1ecbp\u1ee5ta mmad\u1ee5 \u1ecbhap\u1ee5 ihe e mere ya. N\u2019ihi ya, \u1ecd p\u1ee5tagh\u1ecb na \u1ecb ga-echefu ihe mmad\u1ee5 mere g\u1ecb n\u2019agbanyegh\u1ecb na \u1ecb gbagharala ya. \u1ecc p\u1ee5tagh\u1ecbkwa na ihe ah\u1ee5 o mere g\u1ecb enwegh\u1ecb ihe \u1ecd b\u1ee5. Mgbe \u1ee5f\u1ecdd\u1ee5, ihe i nwere ike ime b\u1ee5 ileghara ihe di g\u1ecb ma \u1ecd b\u1ee5 nwunye g\u1ecb mere g\u1ecb anya. Ime ot\u00fa a agagh\u1ecb na-emebi g\u1ecb obi. \u1ecc ga-emekwa ka g\u1ecb na di g\u1ecb ma \u1ecd b\u1ee5 nwunye g\u1ecb na-ebi n\u2019udo.\nGh\u1ecdta ihe nwere ike ime ma \u1ecb j\u1ee5 \u1ecbgbaghara ya.\n\u1ee4f\u1ecdd\u1ee5 nd\u1ecb \u1ecdkachamara na-ekwu na mmad\u1ee5 iburu nd\u1ecb \u1ecdz\u1ecd iwe n\u2019obi nwere ike \u1ecbkpatara onye ah\u1ee5 \u1ecdt\u1ee5t\u1ee5 nsogbu. O nwere ike ime ka isi ghara \u1ecbna-akpak\u1ecd onye ah\u1ee5 \u1ecdn\u1ee5 ma \u1ecd b\u1ee5 mee ka \u1ecd r\u1ecbawa \u1ecdbara mgbali elu. \u1ecc na-emekwa ka di na nwunye na-esekar\u1ecb okwu. \u1ecc b\u1ee5 ya mere Ba\u1ecbb\u1ee5l ji kwuo, s\u1ecb: \u201cNween\u1ee5 obi\u1ecdma n\u2019ebe ibe unu n\u1ecd, na-enwekwan\u1ee5 obi \u1ecdm\u1ecbiko, na-agbagharan\u1ee5 ibe unu kpamkpam.\u201d\u2014\nNd\u1ecb Efes\u1ecds 4:32\n.\nGh\u1ecdta na \u1ecbgbaghara ya ga-abara g\u1ecb uru.\n\u1ecc b\u1ee5r\u1ee5 na di na nwunye na-agbaghara ibe ha, \u1ecd ga-eme ka ha na-at\u1ee5kwas\u1ecb ibe ha obi, meekwa ka ha kweta na onye nke mej\u1ecdr\u1ecd ebughi ihe \u1ecdj\u1ecd\u1ecd n\u2019obi. \u1ecc ga-emekwa ka ha ghara \u1ecbna-ag\u1ee5k\u1ecdr\u1ecd ibe ha ihe \u1ecdj\u1ecd\u1ecd ha mere. Ime ot\u00fa ah\u1ee5 ga-eme ka ha ghara \u1ecbna-esekar\u1ecb okwu, ha ga na-ah\u1ee5kwu ibe ha n\u2019anya.\u2014\nAmaokwu Ba\u1ecbb\u1ee5l ga-enyere g\u1ecb aka:\nNd\u1ecb K\u1ecdl\u1ecdsi 3:13\n.\nNa-ele ihe anya ot\u00fa \u1ecd d\u1ecb.\n\u1ecc b\u1ee5r\u1ee5 na i cheta na di g\u1ecb ma \u1ecd b\u1ee5 nwunye g\u1ecb ezugh\u1ecb ok\u00e8, \u1ecd ga-ad\u1ecbr\u1ecb g\u1ecb mfe \u1ecbgbaghara ya. Otu akw\u1ee5kw\u1ecd kwuru na \u1ecd b\u1ee5r\u1ee5 na ihe mmad\u1ee5 na-eche b\u1ee5 ihe di ya ma \u1ecd b\u1ee5 nwunye ya na-ad\u1ecbgh\u1ecb emeta, \u1ecd ga-eme ka o chefuo ihe \u1ecdma niile \u1ecd na-emere ya. \u00d3\u0323 gagh\u1ecb aka mma ka ilekwas\u1ecb anya n\u2019ihe nd\u1ecb \u1ecd na-emeta? Cheta na e nwegh\u1ecb mmad\u1ee5 zuru ok\u00e8, ma g\u1ecbnwa.\u2014\nAmaokwu Ba\u1ecbb\u1ee5l ga-enyere g\u1ecb aka:\nJems 3:2\n.\nNwee ezi uche.\n\u1ecc b\u1ee5r\u1ee5 na di g\u1ecb ma \u1ecd b\u1ee5 nwunye g\u1ecb emee ihe were g\u1ecb iwe n\u2019oge \u1ecdz\u1ecd, j\u1ee5\u1ecd onwe g\u1ecb, s\u1ecb: \u2018Ihe a \u00f2\u0323 b\u1ee5 ihe any\u1ecb ga-esewere okwu? \u00d2\u0323 b\u1ee5 ihe m ga-eji ch\u1ecd\u1ecd ka \u1ecd r\u1ecb\u1ecd m mgbaghara, ka \u1ecd b\u1ee5 ihe m kwes\u1ecbr\u1ecb ileghara anya?\u2019\u2014\nAmaokwu Ba\u1ecbb\u1ee5l ga-enyere g\u1ecb aka:\n1 Pita 4:8\n.\nG\u1ecb na ya nwere ike ikwu banyere ya.\nWetuo obi gwa ya ihe were g\u1ecb iwe na ihe mere ihe ah\u1ee5 ji wee g\u1ecb iwe. Atala ya \u1ee5ta ma \u1ecd b\u1ee5 kat\u1ecdwa ihe o kwuru n\u2019ihi na o nwere ike ime ka \u1ecd malite igosi ot\u00fa ihe ah\u1ee5 o mere ji d\u1ecb mma. Kama ikwuwe ihe nd\u1ecb ah\u1ee5, jiri nway\u1ecd\u1ecd gwa ya ot\u00fa obi d\u1ecb g\u1ecb banyere ihe o mere.\n\n\u1ecada Mb\u00e0 \u1ecada Mb\u00e0\nG\u1ecbn\u1ecb b\u1ee5 \u1ecbda mb\u00e0?\n\u201cObi erukwagh\u1ecb m ala, adawo m mb\u00e0 nke ukwuu; ejeghar\u1ecbwo m n\u00e1 mwute ogologo \u1ee5b\u1ecdch\u1ecb dum.\u201d\u200b\u2014\nAb\u1ee5 \u1eccma 38:6\n.\nIHE ND\u1eca \u1eccKACHAMARA KWURU\n\u1ecc b\u1ee5gh\u1ecb mgbe niile ka obi na-ad\u1ecb onye \u1ecd b\u1ee5la n\u2019ime any\u1ecb mma. Ma, e nwere nd\u1ecb obi na-aj\u1ecdgide nj\u1ecd nke na ha anagh\u1ecb enwe ike eme ihe \u1ecd b\u1ee5la. \u1ee4d\u1ecb nke ah\u1ee5 b\u1ee5 \u1ecdr\u1ecba. Ma, ihe otu \u1ecdkachamara kp\u1ecdr\u1ecd obi \u1ecbj\u1ecd nj\u1ecd, \u1ecdkachamara \u1ecdz\u1ecd nwere ike \u1ecbkp\u1ecd ya \u1ecdr\u1ecba. Ma, nke b\u00fa\u0323 eziokwu b\u1ee5 na mgbe \u1ee5f\u1ecdd\u1ee5, nd\u1ecb mmad\u1ee5 na-ada mb\u00e0, ya ad\u1ecb ha ka ha abagh\u1ecb uru ma \u1ecd b\u1ee5kwan\u1ee5 obi ha ana-ama ha ikpe maka ihe ha mere.\nIHE BA\u1ecaB\u1ee4L KWURU\nE nwere \u1ee5m\u1ee5 nwoke na \u1ee5m\u1ee5 nwaany\u1ecb nd\u1ecb Ba\u1ecbb\u1ee5l kwuru na e nwere oge ha dara mb\u00e0. D\u1ecb ka ihe at\u1ee5, e nwere mgbe ihe wutere Hana n\u00e1 mkp\u1ee5r\u1ee5 obi. Ot\u00fa \u1ecdz\u1ecd e nwere ike isi kwuo ya b\u1ee5 na obi t\u1ecbwara ya. (\n1 Samuel 1:10\n) E nwekwara mgbe \u1ecala\u1ecbja dara mb\u00e0 nke na \u1ecd gwara Chineke ka o wep\u1ee5 nd\u1ee5 ya.\u2014\n1 Nd\u1ecb Eze 19:4\n.\nP\u1ecdl gwara Nd\u1ecb Kra\u1ecbst n\u1ecd na Tesalona\u1ecbka n\u2019oge ochie ka ha \u2018na-ag\u1ee5g\u1ee5 mkp\u1ee5r\u1ee5 obi dara mb\u00e0.\u2019 (\n1 Nd\u1ecb Tesalona\u1ecbka 5:14\n) Otu akw\u1ee5kw\u1ecd kwuru na \u201cmkp\u1ee5r\u1ee5 obi dara mb\u00e0\u201d nwere ike \u1ecbp\u1ee5ta nd\u1ecb \u201cnsogbu \u1ee5wa mere ka ike gw\u1ee5 ha.\u201d O doro anya na e nwere mgbe \u1ee5f\u1ecdd\u1ee5 nd\u1ecb fere Chineke n\u2019oge ochie dara mb\u00e0.\nG\u1ecbn\u1ecb mere any\u1ecb ji ada mb\u00e0?\n\u201cIhe niile e kere eke na-as\u1ee5k\u1ecd ude ma na-an\u1ecdk\u1ecd n\u2019ihe mgbu ruo ugbu a.\u201d \u2014\nNd\u1ecb Rom 8:22\n.\nIHE BA\u1ecaB\u1ee4L KWURU\nBa\u1ecbb\u1ee5l kwuru na any\u1ecb na-ar\u1ecba \u1ecdr\u1ecba n\u2019ihi na Adam na Iv nup\u1ee5\u1ee5r\u1ee5 Chineke isi. D\u1ecb ka ihe at\u1ee5,\nn\u2019Ab\u1ee5 \u1eccma 51:5\n, Devid kwuru, s\u1ecb: \u201cEbu m njehie p\u1ee5ta mgbe a m\u1ee5p\u1ee5tara m site n\u2019ihe mgbu, ab\u1ee5 m onye mmehie malite mgbe nne m t\u1ee5\u1ee5r\u1ee5 ime m.\u201d\nNd\u1ecb Rom 5:12\nkwukwara na \u201cmmehie si n\u2019aka otu mmad\u1ee5 [ya b\u1ee5 Adam] bata n\u2019\u1ee5wa, \u1ecdnw\u1ee5 esikwa n\u00e1 mmehie bata, \u1ecdnw\u1ee5 wee si ot\u00fa ah\u1ee5 gbasaa ruo mmad\u1ee5 niile n\u2019ihi na ha niile mehiere.\u201d Any\u1ecb niile na-ar\u1ecba \u1ecdr\u1ecba n\u2019ihi na any\u1ecb ketara mmehie n\u2019aka Adam. \u1ecc b\u1ee5 ya mere Ba\u1ecbb\u1ee5l ji s\u1ecb na \u201cihe niile e kere eke na-as\u1ee5k\u1ecd ude ma na-an\u1ecdk\u1ecd n\u2019ihe mgbu.\u201d (\nNd\u1ecb Rom 8:22\n) Ma, obi d\u1ecb any\u1ecb \u1ee5t\u1ecd na Ba\u1ecbb\u1ee5l kwuru na Chineke kwere nkwa na ya ga-eme ka \u1ee5wa gh\u1ecd\u1ecd Parada\u1ecbs. N\u2019oge ah\u1ee5, e nwegh\u1ecb onye ga-ar\u1ecbakwa \u1ee5d\u1ecb \u1ecdr\u1ecba \u1ecd b\u1ee5la, e nwegh\u1ecbkwa onye ga-ada mb\u00e0. E nwegh\u1ecb d\u1ecdk\u1ecbta ga-ekweli any\u1ecb \u1ee5d\u1ecb nkwa a.\u2014\nMkpughe 21:4\n.\nG\u1ecbn\u1ecb ka i nwere ike ime ma \u1ecb daa mb\u00e0?\n\u201cJehova n\u1ecd nd\u1ecb obi ha tiwara etiwa nso; \u1ecd na-az\u1ecdp\u1ee5takwa nd\u1ecb e gburu mm\u1ee5\u1ecd ha.\u201d \u2014\nAb\u1ee5 \u1eccma 34:18\n.\nIHE MERE O JI GBASA G\u1eca\nIhe na-ad\u1ecbgh\u1ecb mma nwere ike \u1ecbdabara any\u1ecb mgbe \u1ee5f\u1ecdd\u1ee5. \u1ecc b\u1ee5gh\u1ecbkwa ha niile ka any\u1ecb ga-emeli ihe \u1ecd b\u1ee5la banyere ha. (\nEkliziastis 9:11, 12\n) Ma, o nwere ihe nd\u1ecb i nwere ike ime ka obi malite \u1ecbd\u1ecb g\u1ecb \u1ee5t\u1ecd mgbe \u1ecb dara mb\u00e0.\nIHE BA\u1ecaB\u1ee4L KWURU\nBa\u1ecbb\u1ee5l kwuru na nd\u1ecb ah\u00fa\u0323 na-ad\u1ecbgh\u1ecb kwes\u1ecbr\u1ecb \u1ecbga h\u1ee5 d\u1ecdk\u1ecbta. (\nLuk 5:31\n) N\u2019ihi ya, i nwere ike \u1ecbga h\u1ee5 d\u1ecdk\u1ecbta ma \u1ecd b\u1ee5r\u1ee5 na obi na-aj\u1ecd g\u1ecb nj\u1ecd nke na o nwegh\u1ecb ihe \u1ecb na-emeli. Ba\u1ecbb\u1ee5l kwukwara na ekpere bara ezigbo uru. D\u1ecb ka ihe at\u1ee5,\nAb\u1ee5 \u1eccma 55:22\nkwuru, s\u1ecb: \u201cT\u1ee5kwas\u1ecb Jehova ibu ar\u1ecd g\u1ecb, ya onwe ya ga-akwadokwa g\u1ecb. \u1ecc d\u1ecbgh\u1ecb mgbe \u1ecd ga-ekwe ka onye ezi omume maa jijiji.\u201d Ihe mere \u1ecb ga-eji kpee ekpere ab\u1ee5gh\u1ecb ka obi d\u1ecb g\u1ecb mma. Chetakwa na ekpere b\u1ee5 ot\u00fa any\u1ecb si agwa Jehova Chineke ihe d\u1ecb any\u1ecb n\u2019obi. Ba\u1ecbb\u1ee5l kwukwara na \u201cJehova n\u1ecd nd\u1ecb obi ha tiwara etiwa nso.\u201d\u2014\nAb\u1ee5 \u1eccma 34:18\n.\nI nwekwara ike \u1ecbk\u1ecdr\u1ecd ezigbo enyi g\u1ecb ot\u00fa obi d\u1ecb g\u1ecb mgbe \u1ecd b\u1ee5la \u1ecb dara mb\u00e0. (\nIlu 17:17\n) Otu Onye\u00e0m\u00e0 Jehova aha ya b\u1ee5 Daniela kwuru, s\u1ecb: \u201cMgbe obi na-aj\u1ecd m nj\u1ecd, e nwere otu \u1ee5b\u1ecdch\u1ecb otu nwanna r\u1ecb\u1ecdr\u1ecd m ka m gwa ya ihe na-eme m. Kemgbe \u1ecdt\u1ee5t\u1ee5 af\u1ecd, anagh\u1ecb m ak\u1ecdr\u1ecd onye \u1ecd b\u1ee5la banyere nsogbu m. Ma, mgbe m k\u1ecdchaara nwanna ah\u1ee5 nsogbu m, obi b\u1ecbara ruo m ala.\u201d\n\nIhe At\u1ecd Ego Na-agagh\u1ecb Az\u1ee5tali\n\u1eccT\u1ee4T\u1ee4 nd\u1ecb na-agbal\u1ecbsi ike \u1ecbz\u1ee5ta ihe \u1ecd b\u1ee5la ha nwere ike, ya s\u1ecdkwa ya ya b\u1ee5r\u1ee5 na ha ma na a ga-ach\u1ee5 ha n\u2019\u1ecdr\u1ee5 ma \u1ecd b\u1ee5kwan\u1ee5 na a ga-ach\u1ee5p\u1ee5 ha n\u2019\u1ee5l\u1ecd ha bi. Ha nwekwara ike ch\u1ecd\u1ecd \u1ecbz\u1ee5 ihe \u1ecd b\u1ee5la aka ha ruru n\u2019agbanyegh\u1ecb na ha n\u1ee5r\u1ee5 na a ga-akw\u1ee5s\u1ecb \u1ecbkw\u1ee5 ha \u1ee5gw\u1ecd ezumike nk\u00e1.\n\u1ecc b\u1ee5 \u1ee5d\u1ecb nd\u1ecb ah\u1ee5 ka \u1ecdny\u00e0 nd\u1ecb na-akp\u1ecdsa ngw\u00e1 ah\u1ecba na-amatakar\u1ecb. Nd\u1ecb na-akp\u1ecdsa ngw\u00e1 ah\u1ecba ma na tiivi ma na redio na-ekwu na mmad\u1ee5 kwes\u1ecbr\u1ecb \u1ecbr\u1ee5 \u1ee5l\u1ecd \u1ecdgbara \u1ecdh\u1ee5r\u1ee5, z\u1ee5\u1ecd \u1ee5gb\u1ecdala \u1ecdh\u1ee5r\u1ee5, na uwe nd\u1ecb p\u1ee5tara \u1ecdh\u1ee5r\u1ee5. \u1ecc b\u1ee5r\u1ee5god\u1ecb na i nwegh\u1ecb ego, ha na-agwa g\u1ecb ka \u1ecb gaa biri ego z\u1ee5\u1ecd ha. Ot\u00fa \u1ecdt\u1ee5t\u1ee5 nd\u1ecb si ele ya anya b\u1ee5: \u1ecc b\u1ee5r\u1ee5haala na ha d\u1ecb ka nd\u1ecb \u1ecdz\u1ecd, ya s\u1ecdkwa ya ya b\u1ee5r\u1ee5 na ha ji \u1ee5gw\u1ecd, nsogbu ad\u1ecbgh\u1ecb.\nMa \u1ecd nagh\u1ecb egbu oge, ya efo ha n\u2019anya. Otu akw\u1ee5kw\u1ecd kwuru na mmad\u1ee5 ibiri ego z\u1ee5\u1ecd ihe maka na ibe ya na-az\u1ee5 d\u1ecb ka ebe mmad\u1ee5 gara na-a\u1e45\u1ee5 igb\u00f3 ka o wee chefuo ihe mere ya. Obi nwere ike \u1ecbd\u1ecb onye ah\u1ee5 mma mgbe ah\u1ee5, ma e mechaa anya ga-edo ya. Obi na-ad\u1ecbkwa mmad\u1ee5 mma ma o biri ego gaa z\u1ee5\u1ecd ihe aka ya na-erugh\u1ecb. Ma, mgbe o ruru n\u2019\u1ecbkw\u1ee5 \u1ee5gw\u1ecd ah\u1ee5, obi agagh\u1ecb ad\u1ecb ya mma.\nBa\u1ecbb\u1ee5l kwuru na \u201cok\u00e9 ngosi nke ihe mmad\u1ee5 ji ebi nd\u1ee5\u201d abagh\u1ecb uru. (\n1 J\u1ecdn 2:16\n) Nke b\u00fa\u0323 eziokwu b\u1ee5 na \u1ecd b\u1ee5r\u1ee5 na ebe uche any\u1ecb d\u1ecb b\u1ee5 naan\u1ecb n\u2019ihe ego ga-az\u1ee5tali, \u1ecd ga-eme ka uche any\u1ecb ghara \u1ecbna-ad\u1ecb n\u2019ihe ego na-agagh\u1ecb az\u1ee5tali. Ihe nd\u1ecb ah\u1ee5 b\u1ee5kwan\u1ee5 ihe nd\u1ecb kacha mkpa n\u00e1 nd\u1ee5. Ka any\u1ecb t\u1ee5lee at\u1ecd n\u2019ime ha.\n1. EZIN\u1ee4L\u1ecc \u1ecaD\u1eca N\u2019OTU\nOtu nwa agb\u1ecdgh\u1ecd bi n\u2019Amerika aha ya b\u1ee5 Sandra\n*\nkwuru na ihe na-ad\u1ecb papa ya mkpa mgbe niile b\u1ee5 \u1ecdr\u1ee5 ya na ego \u1ecd na-akpata. O kwuru, s\u1ecb: \u201cE nwegh\u1ecb ihe any\u1ecb na-enwegh\u1ecb n\u2019\u1ee5l\u1ecd any\u1ecb, ma any\u1ecb anagh\u1ecb ah\u1ee5 papa any\u1ecb anya. Mgbe niile, \u1ecd n\u1ecd n\u2019\u1ee5z\u1ecd. Ama m na \u1ecd b\u1ee5 \u1ecdr\u1ee5 ya mere na \u1ecd nagh\u1ecb enwe efe, ma any\u1ecb na ya kwes\u1ecbr\u1ecb \u1ecbna-an\u1ecd.\u201d\nJ\u1ee5\u1ecd onwe g\u1ecb, s\u1ecb:\nOlee ihe \u1ecd ga-ab\u1ee5 papa Sandra cheta echi ya akwaa mmakwaara? Ot\u00fa ah\u1ee5 mkpa ya niile b\u1ee5 ego, \u00f2 na-enwe oge ya na nwa ya nwaany\u1ecb ji an\u1ecdr\u1ecb? G\u1ecbn\u1ecb ka nd\u1ecb ezin\u1ee5l\u1ecd ya ch\u1ecdr\u1ecd ka \u1ecd na-emere ha nke ego na-agagh\u1ecb az\u1ee5tali?\nAmaokwu Ba\u1ecbb\u1ee5l nd\u1ecb \u1ecb ga-echebara echiche:\n\u201c\u1ecah\u1ee5 ego n\u2019anya b\u1ee5 mgb\u1ecdr\u1ecdgw\u1ee5 nke \u1ee5d\u1ecb ihe \u1ecdj\u1ecd\u1ecd niile. Site n\u2019\u1ecbch\u1ee5so \u1ee5d\u1ecb \u1ecbh\u1ee5nanya a, e duhiewo \u1ee5f\u1ecdd\u1ee5, ha wee dap\u1ee5 n\u2019okwukwe. Ha wee jiri \u1ecdt\u1ee5t\u1ee5 ihe mgbu maa onwe ha aghara aghara d\u1ecb ka mma.\u201d\u2014\n1 Timoti 6:10\n.\n\u201cNri e ji naan\u1ecb akw\u1ee5kw\u1ecd nri sie d\u1ecb mma n\u2019ebe e nwere \u1ecbh\u1ee5nanya kar\u1ecba ehi mara ab\u1ee5ba n\u2019ebe e nwere \u1ecbkp\u1ecdas\u1ecb.\u201d\u2014\nIlu 15:17\n.\nNke B\u00fa\u0323 Eziokwu B\u1ee5:\nEgo agagh\u1ecb emeli ka ezin\u1ee5l\u1ecd d\u1ecbr\u1ecb n\u2019otu. Naan\u1ecb ihe ga-eme ka ezin\u1ee5l\u1ecd d\u1ecbr\u1ecb n\u2019otu b\u1ee5 nne na nna na \u1ee5m\u1ee5 ha \u1ecbna-an\u1ecdr\u1ecb, nne na nna ana-emere \u1ee5m\u1ee5 ha ihe na-egosi na ha h\u1ee5r\u1ee5 ha n\u2019anya. \u2014\nNd\u1ecb K\u1ecdl\u1ecdsi 3:18-21\n.\n2. OBI IRU ALA\nOtu nwa agb\u1ecdgh\u1ecd d\u1ecb af\u1ecd iri na asaa aha ya b\u1ee5 Sera kwuru na ihe mama ya na-agwakar\u1ecb ya b\u1ee5 ka \u1ecd l\u1ee5ta di nwere ego, m\u1ee5\u1ecdkwa ezigbo \u1ecdr\u1ee5 ka \u1ecd ga-ab\u1ee5 a ch\u1ecd\u1ecd di ya a h\u1ee5gh\u1ecb ya, ya enwee ihe ga-eme ka obi ruo ya ala. O kwuru na naan\u1ecb ihe mama ya na-eche b\u1ee5 ebe \u1ecd ga-esi na-enweta ego.\nJ\u1ee5\u1ecd onwe g\u1ecb, s\u1ecb:\nEbe \u1ecd b\u1ee5 na iche banyere echi ad\u1ecbgh\u1ecb nj\u1ecd, olee ihe nd\u1ecb \u1ecb na-eche banyere \u1ecdd\u1ecbnihu? Olee ot\u00fa \u1ecb ga-echeru banyere \u1ecdd\u1ecbnihu ya ab\u1ee5r\u1ee5 na ichegbuwela onwe g\u1ecb? Olee ot\u00fa mama Sera kwes\u1ecbr\u1ecb isi na-ele ego anya?\nAmaokwu Ba\u1ecbb\u1ee5l nd\u1ecb \u1ecb ga-echebara echiche:\n\u201cKw\u1ee5s\u1ecbn\u1ee5 \u1ecbkpak\u1ecdbara onwe unu ak\u00f9\u0323 n\u2019\u1ee5wa, ebe nla na nchara na-erichap\u1ee5 ihe, ebe nd\u1ecb ohi na-awabakwa zuo ohi.\u201d\u2014\nMatiu 6:19\n.\n\u201cUnu amagh\u1ecb ihe nd\u1ee5 unu ga-ab\u1ee5 echi.\u201d\u2014\nJems 4:14\n.\nNke B\u00fa\u0323 Eziokwu B\u1ee5:\n\u1ecc b\u1ee5gh\u1ecb \u1ecbkpak\u1ecdba ego ga-eme ka obi ruo mmad\u1ee5 ala. A si ka e kwuwe, e nwere ike izuru ego mmad\u1ee5 nwere. Ego anagh\u1ecbkwa eme ka onye nwere ya ghara \u1ecbr\u1ecba \u1ecdr\u1ecba ma \u1ecd b\u1ee5 mee ka \u1ecd ghara \u1ecbnw\u1ee5. (\nEkliziastis 7:12\n) Ba\u1ecbb\u1ee5l kwuru na ihe ga-eme ka obi ruo mmad\u1ee5 ala b\u1ee5 onye ah\u1ee5 \u1ecbma banyere Chineke na nzube ya.\u2014\nJ\u1ecdn 17:3\n.\n3. AF\u1ecc OJUJU\nOtu nwa agb\u1ecdgh\u1ecd d\u1ecb iri af\u1ecd ab\u1ee5\u1ecd na an\u1ecd aha ya b\u1ee5 Chioma kwuru na nne na nna ya kuziiri ha na ihe \u1ecd b\u1ee5la ha nwere kwes\u1ecbr\u1ecb iju ha af\u1ecd. O kwukwara na mgbe ha na-eto, obi na-ad\u1ecb ya na ejima ya \u1ee5t\u1ecd n\u2019agbanyegh\u1ecb na e nwegh\u1ecb ok\u00e9 ihe ha nwere.\nJ\u1ee5\u1ecd onwe g\u1ecb, s\u1ecb:\nG\u1ecbn\u1ecb mere na af\u1ecd anagh\u1ecb eju \u1ee5f\u1ecdd\u1ee5 nd\u1ecb ma \u1ecd b\u1ee5r\u1ee5 na ha enwegh\u1ecb ihe niile nd\u1ecb \u1ecdz\u1ecd nwere? A j\u1ee5\u1ecd di g\u1ecb ma \u1ecd b\u1ee5 nwunye g\u1ecb ma \u1ecd b\u1ee5kwan\u1ee5 \u1ee5m\u1ee5 g\u1ecb ot\u00fa i si ele ego anya, g\u1ecbn\u1ecb ka ha ga-ekwu?\nAmaokwu Ba\u1ecbb\u1ee5l nd\u1ecb \u1ecb ga-echebara echiche:\n\u201cEbe any\u1ecb nwere ihe oriri na uwe, any\u1ecb ga-enwe af\u1ecd ojuju n\u2019ihe nd\u1ecb a.\u201d\u2014\n1 Timoti 6:8\n.\n\u201cObi \u1ee5t\u1ecd na-ad\u1ecbr\u1ecb nd\u1ecb maara mkpa ime mm\u1ee5\u1ecd ha.\u201d\u2014\nMatiu 5:3\n.\nNke B\u00fa\u0323 Eziokwu B\u1ee5:\nEgo ab\u1ee5gh\u1ecb ihe niile. E nwere ihe ka ego na ihe e ji ya az\u1ee5. \u1ecc b\u1ee5 ya mere Ba\u1ecbb\u1ee5l ji s\u1ecb: \u201c\u1eccb\u1ee5na mgbe mmad\u1ee5 nwere \u1ecdt\u1ee5t\u1ee5 ihe, ihe o nwere ad\u1ecbgh\u1ecb eme ka \u1ecd d\u1ecb nd\u1ee5.\u201d (\nLuk 12:15\n) Mmad\u1ee5 ga-enwe af\u1ecd aj\u1ee5j\u1ee5 n\u00e1 nd\u1ee5 ma \u1ecd ch\u1ecdta az\u1ecbza aj\u1ee5j\u1ee5 nd\u1ecb a:\nG\u1ecbn\u1ecb mere any\u1ecb ji n\u1ecdr\u1ecd n\u2019\u1ee5wa?\nOlee ihe \u1ecdd\u1ecbnihu ga-ab\u1ee5?\nOlee ot\u00fa m\u1ee5 na Chineke ga-esi ad\u1ecb n\u00e1 mma?\n\u1ecc b\u1ee5 Nd\u1ecb\u00e0m\u00e0 Jehova na-ebip\u1ee5ta akw\u1ee5kw\u1ecd a. Obi ga-ad\u1ecb ha \u1ee5t\u1ecd inyere g\u1ecb aka \u1ecbmata az\u1ecbza aj\u1ee5j\u1ee5 nd\u1ecb ah\u1ee5. I nwere ike \u1ecbgwa nd\u1ecb nke n\u1ecd n\u2019obodo unu ma \u1ecd b\u1ee5 g\u1ecb agaa n\u2019ebe any\u1ecb na-edebe ihe n\u2019\u1ecantanet,\njw.org/ig\n.\n\nOt\u00fa \u1ee4kpara Si An\u1ee5 Ihe\n\u1ee4KPARA a e sere ebe a na-ad\u1ecbkwa n\u2019Ebe Nd\u1ecbda Amer\u1ecbka. Nt\u1ecb ya pere ezigbo mpe, ma \u1ecd na-an\u1ee5 ihe ka mmad\u1ee5. \u1ee4kpara a na-an\u1ee5 mkp\u1ecdt\u1ee5 si n\u2019ebe d\u1ecb ezigbo anya, marakwa ihe na-eme mkp\u1ecdt\u1ee5 ah\u1ee5 \u1ecd na-an\u1ee5. D\u1ecb ka ihe at\u1ee5, \u1ecd na-ama ma mkp\u1ecdt\u1ee5 \u1ecd na-an\u1ee5 \u00f2\u0323 b\u1ee5 nke \u1ee5kpara \u1ecdz\u1ecd ka \u00f2\u0323 b\u1ee5 nke \u1ee5s\u1ee5 na-ach\u1ecd \u1ee5kpara \u1ecd ga-eri.\nNT\u1eca \u1ee4KPARA\nIhe \u1ecb ga-echebara echiche:\nEbe nt\u1ecb \u1ee5kpara a d\u1ecb b\u1ee5 n\u2019aka ya ab\u1ee5\u1ecd d\u1ecb n\u2019ihu. Ot\u00fa ah\u1ee5 mmad\u1ee5 si an\u1ee5 mkp\u1ecdt\u1ee5 mara ihe na-eme mkp\u1ecdt\u1ee5 ah\u1ee5 ka \u1ee5kpara a s\u1ecb an\u1ee5 mkp\u1ecdt\u1ee5 mara ebe o si na ihe na-eme ya. Ma, nd\u1ecb \u1ecdk\u00e0 mm\u1ee5ta ach\u1ecdp\u1ee5tala ihe p\u1ee5r\u1ee5 iche n\u00e1 nt\u1ecb \u1ee5kpara a. Ha ch\u1ecdp\u1ee5tara na e nwere oghere ihe d\u1ecb ka mmiri juru nke d\u1ecb n\u00e1 nt\u1ecb \u1ee5kpara a. Oghere ah\u1ee5 yiri mbolombolo a d\u1ecdt\u1ecbr\u1ecb ad\u1ecdt\u1ecb. Ihe a ha ch\u1ecdp\u1ee5tara nwere ihe o yiri n\u00e1 nt\u1ecb mmad\u1ee5, ma nke a d\u1ecb n\u00e1 nt\u1ecb \u1ee5kpara a pere ezigbo mpe. \u1ecc b\u1ee5 ihe a na-eme ka \u1ee5kpara a na-an\u1ee5 ihe ka mmad\u1ee5.\nE nwere ihe nd\u1ecb nt\u1ecb ike na-etinye n\u00e1 nt\u1ecb ka ha nwee ike \u1ecbna-an\u1ee5 ihe nke \u1ecdma. Pr\u1ecdfes\u1ecd Daniel Robert s\u1ecbr\u1ecb na ihe a a ch\u1ecdp\u1ee5tara n\u00e1 nt\u1ecb \u1ee5kpara a ga-enyere nd\u1ecb \u1ecdkachamara aka \u1ecbr\u1ee5p\u1ee5ta ihe ah\u1ee5 nd\u1ecb nt\u1ecb ike na-etinye n\u00e1 nt\u1ecb nd\u1ecb nke ga-epe mpe ma mee ka ha na-an\u1ee5kwu ihe nke \u1ecdma. Nd\u1ecb \u1ecdkachamara kwukwara na ihe a a ch\u1ecdp\u1ee5tara ga-enye aka \u1ecbr\u1ee5 ihe ga-eme ka \u1ecd na-ad\u1ecbr\u1ecb nd\u1ecb d\u1ecdk\u1ecbta mfe \u1ecbh\u1ee5 ihe d\u1ecb n\u2019ime ah\u00fa\u0323 mmad\u1ee5.\nG\u1ecbn\u1ecb ka i chere?\n\u1ee4kpara a \u00f2\u0323 n\u1ecdkatara d\u1ecbr\u1ecb ka e nwere onye kere ya?", "format": "magazine"}]