[{"title": "\u1ee4l\u1ecd Nche Eprel 1, 2013", "content": "4/1 G\u1ecbn\u1ecb Ga-eme Ka Nd\u1ee5 Any\u1ecb Baa Ezigbo Uru?\n\n4/1 Isiokwu Nd\u1ecb D\u1ecb n\u2019Akw\u1ee5kw\u1ecd A\n\n4/1 G\u1ecbn\u1ecb Ga-eme Ka Nd\u1ee5 Any\u1ecb Baa Ezigbo Uru?\n\n4/1 Ihe Mere Nd\u1ee5 Jiz\u1ecds Ji Baa Uru\n\n4/1 Jiz\u1ecds K\u1ee5ziiri Any\u1ecb Ot\u00fa Nd\u1ee5 Any\u1ecb Ga-esi Baa Uru\n\n4/1 Ba\u1ecbb\u1ee5l Na-agbanwe Nd\u1ee5 Nd\u1ecb Mmad\u1ee5\n\n4/1 \u00cc\u0323 Maara?\n\n4/1 \u201cNa-ar\u1ecb\u1ecdn\u1ee5, A Ga-enye Unu\u201d\n\n4/1 O \u201cSo Ezi Chineke Jee Ije\u201d\n\n4/1 Aj\u1ee5j\u1ee5 Nd\u1ecb Ba\u1ecbb\u1ee5l Zara\n\nIhe A Ko\u0323pi\u0323tara Ako\u0323pi\u0323ta: 4/1 G\u1ecbn\u1ecb Ga-eme Ka Nd\u1ee5 Any\u1ecb Baa Ezigbo Uru?\n\nIhe A Ko\u0323pi\u0323tara Ako\u0323pi\u0323ta: 4/1 Ihe Mere Nd\u1ee5 Jiz\u1ecds Ji Baa Uru\n\nIhe A Ko\u0323pi\u0323tara Ako\u0323pi\u0323ta: 4/1 Jiz\u1ecds K\u1ee5ziiri Any\u1ecb Ot\u00fa Nd\u1ee5 Any\u1ecb Ga-esi Baa Uru\n\nIhe A Ko\u0323pi\u0323tara Ako\u0323pi\u0323ta: 4/1 Ba\u1ecbb\u1ee5l Na-agbanwe Nd\u1ee5 Nd\u1ecb Mmad\u1ee5\n\nIhe A Ko\u0323pi\u0323tara Ako\u0323pi\u0323ta: 4/1 \u00cc\u0323 Maara?\n\nIhe A Ko\u0323pi\u0323tara Ako\u0323pi\u0323ta: 4/1 \u201cNa-ar\u1ecb\u1ecdn\u1ee5, A Ga-enye Unu\u201d\n\nIhe A Ko\u0323pi\u0323tara Ako\u0323pi\u0323ta: 4/1 O \u201cSo Ezi Chineke Jee Ije\u201d\n\nIhe A Ko\u0323pi\u0323tara Ako\u0323pi\u0323ta: 4/1 Aj\u1ee5j\u1ee5 Nd\u1ecb Ba\u1ecbb\u1ee5l Zara", "format": "magazine"}, {"title": "\u1ee4l\u1ecd Nche Feb\u1ee5war\u1ecb 1, 2013", "content": "2/1 G\u1ecbn\u1ecb Ka Any\u1ecb Na-am\u1ee5ta n\u2019Aka Mozis?\n\n2/1 Isiokwu Nd\u1ecb D\u1ecb n\u2019Akw\u1ee5kw\u1ecd A\n\n2/1 \u00d2nye B\u1ee5 Mozis?\n\n2/1 Mozis Nwoke Nwere Okwukwe\n\n2/1 Mozis Nwoke D\u1ecb Umeala n\u2019Obi\n\n2/1 Mozis Nwoke H\u1ee5r\u1ee5 Nd\u1ecb \u1eccz\u1ecd n\u2019Anya\n\n2/1 \u2018\u1ecc B\u1ee5 Chineke nke Nd\u1ecb D\u1ecb Nd\u1ee5\u2019\n\n2/1 Ba\u1ecbb\u1ee5l Na-agbanwe Nd\u1ee5 Nd\u1ecb Mmad\u1ee5\n\n2/1 G\u1ecbn\u1ecb Ka \u1eca Ga-eme Ma \u1ecc B\u1ee5r\u1ee5 na Nwa G\u1ecb Nwere Nkwar\u1ee5?\n\n2/1 Olee Akw\u1ee5kw\u1ecd B\u00fa\u0323 \u201cOzi\u1ecdma Judas\u201d?\n\n2/1 Aj\u1ee5j\u1ee5 Nd\u1ecb Ba\u1ecbb\u1ee5l Zara\n\nIhe A Ko\u0323pi\u0323tara Ako\u0323pi\u0323ta: 2/1 \u00d2nye B\u1ee5 Mozis?\n\nIhe A Ko\u0323pi\u0323tara Ako\u0323pi\u0323ta: 2/1 Mozis Nwoke Nwere Okwukwe\n\nIhe A Ko\u0323pi\u0323tara Ako\u0323pi\u0323ta: 2/1 Mozis Nwoke D\u1ecb Umeala n\u2019Obi\n\nIhe A Ko\u0323pi\u0323tara Ako\u0323pi\u0323ta: 2/1 Mozis Nwoke H\u1ee5r\u1ee5 Nd\u1ecb \u1eccz\u1ecd n\u2019Anya\n\nIhe A Ko\u0323pi\u0323tara Ako\u0323pi\u0323ta: 2/1 \u2018\u1ecc B\u1ee5 Chineke nke Nd\u1ecb D\u1ecb Nd\u1ee5\u2019\n\nIhe A Ko\u0323pi\u0323tara Ako\u0323pi\u0323ta: 2/1 Ba\u1ecbb\u1ee5l Na-agbanwe Nd\u1ee5 Nd\u1ecb Mmad\u1ee5\n\nIhe A Ko\u0323pi\u0323tara Ako\u0323pi\u0323ta: 2/1 G\u1ecbn\u1ecb Ka \u1eca Ga-eme Ma \u1ecc B\u1ee5r\u1ee5 na Nwa G\u1ecb Nwere Nkwar\u1ee5?\n\nIhe A Ko\u0323pi\u0323tara Ako\u0323pi\u0323ta: 2/1 Olee Akw\u1ee5kw\u1ecd B\u00fa\u0323 \u201cOzi\u1ecdma Judas\u201d?\n\nIhe A Ko\u0323pi\u0323tara Ako\u0323pi\u0323ta: 2/1 Aj\u1ee5j\u1ee5 Nd\u1ecb Ba\u1ecbb\u1ee5l Zara", "format": "magazine"}, {"title": "\u1ee4l\u1ecd Nche\u20142013 Jen\u1ee5war\u1ecb 1", "content": "1/1 Isiokwu Nd\u1ecb D\u1ecb n\u2019Akw\u1ee5kw\u1ecd A\n\n1/1 Maka Nd\u1ecb Na-ag\u1ee5 Akw\u1ee5kw\u1ecd Any\u1ecb\n\n1/1 \u00cc Kwes\u1ecbr\u1ecb \u1ecat\u1ee5 \u1eccgw\u1ee5gw\u1ee5 \u1ee4wa Egwu?\n\n1/1 \u201cI Kpugheworo Ha \u1ee4m\u1ee5 \u1ecch\u1ee5r\u1ee5\u201d\n\n1/1 \u201cEmechaala M Nwere Onwe M.\u201d\n\n1/1 \u2018\u1ecc Na-ekwu Okwu, \u1ecc B\u1ee5 Ezie na \u1ecc Nw\u1ee5r\u1ee5 Anw\u1ee5\u2019\n\n1/1 Aj\u1ee5j\u1ee5 Nd\u1ecb Ba\u1ecbb\u1ee5l Zara\n\nIhe A Ko\u0323pi\u0323tara Ako\u0323pi\u0323ta: 1/1 \u00cc Kwes\u1ecbr\u1ecb \u1ecat\u1ee5 \u1eccgw\u1ee5gw\u1ee5 \u1ee4wa Egwu?\n\nIhe A Ko\u0323pi\u0323tara Ako\u0323pi\u0323ta: 1/1 \u201cI Kpugheworo Ha \u1ee4m\u1ee5 \u1ecch\u1ee5r\u1ee5\u201d\n\nIhe A Ko\u0323pi\u0323tara Ako\u0323pi\u0323ta: 1/1 \u201cEmechaala M Nwere Onwe M.\u201d\n\nIhe A Ko\u0323pi\u0323tara Ako\u0323pi\u0323ta: 1/1 \u2018\u1ecc Na-ekwu Okwu, \u1ecc B\u1ee5 Ezie na \u1ecc Nw\u1ee5r\u1ee5 Anw\u1ee5\u2019\n\nIhe A Ko\u0323pi\u0323tara Ako\u0323pi\u0323ta: 1/1 Aj\u1ee5j\u1ee5 Nd\u1ecb Ba\u1ecbb\u1ee5l Zara", "format": "magazine"}, {"title": "\u1ee4l\u1ecd Nche Jun 1, 2013", "content": "6/1 Olee Mgbe \u1ecakp\u1ecdas\u1ecb Na-agagh\u1ecb Ad\u1ecbkwa n\u2019\u1ee4wa?\n\n6/1 Isiokwu Nd\u1ecb D\u1ecb n\u2019Akw\u1ee5kw\u1ecd A\n\n6/1 \u1ecakp\u1ecdas\u1ecb B\u1ee5 Nsogbu Zuru \u1ee4wa \u1eccn\u1ee5\n\n6/1 Olee Mgbe \u1ecakp\u1ecdas\u1ecb Na-agagh\u1ecb Ad\u1ecbkwa n\u2019\u1ee4wa?\n\n6/1 Jehova \u201cAd\u1ecbgh\u1ecb Ele Mmad\u1ee5 Anya n\u2019Ihu\u201d\n\n6/1 \u1eccmar\u1ecbcha Akw\u1ee5kw\u1ecd A Ch\u1ecdwara Kemgbe \u1ecct\u1ee5t\u1ee5 Nar\u1ecb Af\u1ecd\n\n6/1 \u00c0ny\u1ecb Kwes\u1ecbr\u1ecb Ikpegara Nd\u1ecb Senti Ekpere?\n\n6/1 G\u1ecbn\u1ecb Ka Any\u1ecb Nwere Ike \u1ecam\u1ee5ta n\u2019Ak\u1ee5k\u1ecd Otu Onye Omekome?\n\n6/1 Aj\u1ee5j\u1ee5 Nd\u1ecb Ba\u1ecbb\u1ee5l Zara\n\nIhe A Ko\u0323pi\u0323tara Ako\u0323pi\u0323ta: 6/1 \u1ecakp\u1ecdas\u1ecb B\u1ee5 Nsogbu Zuru \u1ee4wa \u1eccn\u1ee5\n\nIhe A Ko\u0323pi\u0323tara Ako\u0323pi\u0323ta: 6/1 Olee Mgbe \u1ecakp\u1ecdas\u1ecb Na-agagh\u1ecb Ad\u1ecbkwa n\u2019\u1ee4wa?\n\nIhe A Ko\u0323pi\u0323tara Ako\u0323pi\u0323ta: 6/1 Jehova \u201cAd\u1ecbgh\u1ecb Ele Mmad\u1ee5 Anya n\u2019Ihu\u201d\n\nIhe A Ko\u0323pi\u0323tara Ako\u0323pi\u0323ta: 6/1 \u1eccmar\u1ecbcha Akw\u1ee5kw\u1ecd A Ch\u1ecdwara Kemgbe \u1ecct\u1ee5t\u1ee5 Nar\u1ecb Af\u1ecd\n\nIhe A Ko\u0323pi\u0323tara Ako\u0323pi\u0323ta: 6/1 \u00c0ny\u1ecb Kwes\u1ecbr\u1ecb Ikpegara Nd\u1ecb Senti Ekpere?\n\nIhe A Ko\u0323pi\u0323tara Ako\u0323pi\u0323ta: 6/1 G\u1ecbn\u1ecb Ka Any\u1ecb Nwere Ike \u1ecam\u1ee5ta n\u2019Ak\u1ee5k\u1ecd Otu Onye Omekome?\n\nIhe A Ko\u0323pi\u0323tara Ako\u0323pi\u0323ta: 6/1 Aj\u1ee5j\u1ee5 Nd\u1ecb Ba\u1ecbb\u1ee5l Zara", "format": "magazine"}, {"title": "\u1ee4l\u1ecd Nche Mach 1, 2013", "content": "3/1 Olee Uru Mbilite n\u2019\u1eccnw\u1ee5 Jiz\u1ecds Baara G\u1ecb?\n\n3/1 Isiokwu Nd\u1ecb D\u1ecb n\u2019Akw\u1ee5kw\u1ecd A\n\n3/1 \u00c0 Kp\u1ecdlitere Jiz\u1ecds n\u2019\u1eccnw\u1ee5 n\u2019Eziokwu?\n\n3/1 Mbilite n\u2019\u1eccnw\u1ee5 Jiz\u1ecds Ga-eme Ka Nd\u1ecb \u1eccz\u1ecd Nweta Nd\u1ee5 Ebigh\u1ecb Ebi\n\n3/1 \u00cc\u0323 Maara?\n\n3/1 Jiz\u1ecds \u00d2 Kwere Onye Aj\u1ecd Omume ah\u1ee5 Nkwa na \u1ecc Ga-aga Eluigwe?\n\n3/1 \u201cM H\u1ee5r\u1ee5, ma Agh\u1ecdtagh\u1ecb M\u201d\n\n3/1 \u201cOlee nke B\u00fa\u0323 nke Mb\u1ee5 n\u2019Ime Ihe Niile E Nyere n\u2019Iwu?\u201d\n\n3/1 Pita na Ananayas Ghara \u1ee4gha\u2014G\u1ecbn\u1ecb Ka Ihe Ha Mere Na-ak\u1ee5ziri Any\u1ecb?\n\n3/1 Aj\u1ee5j\u1ee5 Nd\u1ecb Ba\u1ecbb\u1ee5l Zara\n\nIhe A Ko\u0323pi\u0323tara Ako\u0323pi\u0323ta: 3/1 \u00c0 Kp\u1ecdlitere Jiz\u1ecds n\u2019\u1eccnw\u1ee5 n\u2019Eziokwu?\n\nIhe A Ko\u0323pi\u0323tara Ako\u0323pi\u0323ta: 3/1 Mbilite n\u2019\u1eccnw\u1ee5 Jiz\u1ecds Ga-eme Ka Nd\u1ecb \u1eccz\u1ecd Nweta Nd\u1ee5 Ebigh\u1ecb Ebi\n\nIhe A Ko\u0323pi\u0323tara Ako\u0323pi\u0323ta: 3/1 \u00cc\u0323 Maara?\n\nIhe A Ko\u0323pi\u0323tara Ako\u0323pi\u0323ta: 3/1 Jiz\u1ecds \u00d2 Kwere Onye Aj\u1ecd Omume ah\u1ee5 Nkwa na \u1ecc Ga-aga Eluigwe?\n\nIhe A Ko\u0323pi\u0323tara Ako\u0323pi\u0323ta: 3/1 \u201cM H\u1ee5r\u1ee5, ma Agh\u1ecdtagh\u1ecb M\u201d\n\nIhe A Ko\u0323pi\u0323tara Ako\u0323pi\u0323ta: 3/1 \u201cOlee nke B\u00fa\u0323 nke Mb\u1ee5 n\u2019Ime Ihe Niile E Nyere n\u2019Iwu?\u201d\n\nIhe A Ko\u0323pi\u0323tara Ako\u0323pi\u0323ta: 3/1 Pita na Ananayas Ghara \u1ee4gha\u2014G\u1ecbn\u1ecb Ka Ihe Ha Mere Na-ak\u1ee5ziri Any\u1ecb?\n\nIhe A Ko\u0323pi\u0323tara Ako\u0323pi\u0323ta: 3/1 Aj\u1ee5j\u1ee5 Nd\u1ecb Ba\u1ecbb\u1ee5l Zara", "format": "magazine"}]