[{"title": "\u1ee4l\u1ecd Nche Eprel 15, 2013", "content": "4/15 Nke A Na-am\u1ee5 Am\u1ee5\n\n4/15 Isiokwu Nd\u1ecb D\u1ecb n\u2019Akw\u1ee5kw\u1ecd A\n\n4/15 Ha Ji Obi Ha Wep\u1ee5ta Onwe Ha na Meksiko\n\n4/15 Rite Ezigbo Uru n\u2019\u1ecag\u1ee5 Ba\u1ecbb\u1ee5l\n\n4/15 Jiri Okwu Chineke Nyere Onwe G\u1ecb Aka, Nyekwara Nd\u1ecb \u1eccz\u1ecd Aka\n\n4/15 Ozi Oge Niile Any\u1ecb Jere Iri Af\u1ecd Ise n\u2019Ebe Ugwu Finland\n\n4/15 \u201cCh\u1ecdp\u1ee5ta Ihe Nd\u1ecb Ka Mkpa\u201d\n\n4/15 \u2018Adala Mb\u00e0\u2019\n\n4/15 \u00cc\u0323 Maara?\n\nIhe A Ko\u0323pi\u0323tara Ako\u0323pi\u0323ta: 4/15 Isiokwu Nd\u1ecb D\u1ecb n\u2019Akw\u1ee5kw\u1ecd A\n\nIhe A Ko\u0323pi\u0323tara Ako\u0323pi\u0323ta: 4/15 Ha Ji Obi Ha Wep\u1ee5ta Onwe Ha na Meksiko\n\nIhe A Ko\u0323pi\u0323tara Ako\u0323pi\u0323ta: 4/15 Rite Ezigbo Uru n\u2019\u1ecag\u1ee5 Ba\u1ecbb\u1ee5l\n\nIhe A Ko\u0323pi\u0323tara Ako\u0323pi\u0323ta: 4/15 Jiri Okwu Chineke Nyere Onwe G\u1ecb Aka, Nyekwara Nd\u1ecb \u1eccz\u1ecd Aka\n\nIhe A Ko\u0323pi\u0323tara Ako\u0323pi\u0323ta: 4/15 Ozi Oge Niile Any\u1ecb Jere Iri Af\u1ecd Ise n\u2019Ebe Ugwu Finland\n\nIhe A Ko\u0323pi\u0323tara Ako\u0323pi\u0323ta: 4/15 \u201cCh\u1ecdp\u1ee5ta Ihe Nd\u1ecb Ka Mkpa\u201d\n\nIhe A Ko\u0323pi\u0323tara Ako\u0323pi\u0323ta: 4/15 \u2018Adala Mb\u00e0\u2019\n\nIhe A Ko\u0323pi\u0323tara Ako\u0323pi\u0323ta: 4/15 \u00cc\u0323 Maara?", "format": "magazine"}, {"title": "\u1ee4l\u1ecd Nche Feb\u1ee5war\u1ecb 15, 2013", "content": "2/15 Nke A Na-am\u1ee5 Am\u1ee5\n\n2/15 Isiokwu Nd\u1ecb D\u1ecb n\u2019Akw\u1ee5kw\u1ecd A\n\n2/15 Ihe Nketa Jehova Nyere Any\u1ecb\n\n2/15 \u00cc Ji Ihe Nketa Jehova Nyere Any\u1ecb Kp\u1ecdr\u1ecd Ihe?\n\n2/15 E Ziri Nd\u1ecb Nche Eze Ozi \u1eccma\n\n2/15 N\u1ecdsie Ike na Ndagwurugwu Jehova Ji Echebe Any\u1ecb\n\n2/15 Kpachara Anya Maka Ihe Nd\u1ecb I Bu n\u2019Obi\n\n2/15 Ekwela Ka Ihe \u1ecc B\u1ee5la Mee Ka \u1eca Ghara Inweta Otuto\n\n2/15 O Si n\u2019Ezin\u1ee5l\u1ecd Keyafas\n\n2/15 E Nwetara \u201cIhe A Na-agagh\u1ecb Echefu Echefu\u201d n\u2019Oge Kwes\u1ecbr\u1ecb Ekwes\u1ecb\n\nIhe A Ko\u0323pi\u0323tara Ako\u0323pi\u0323ta: 2/15 Isiokwu Nd\u1ecb D\u1ecb n\u2019Akw\u1ee5kw\u1ecd A\n\nIhe A Ko\u0323pi\u0323tara Ako\u0323pi\u0323ta: 2/15 Ihe Nketa Jehova Nyere Any\u1ecb\n\nIhe A Ko\u0323pi\u0323tara Ako\u0323pi\u0323ta: 2/15 \u00cc Ji Ihe Nketa Jehova Nyere Any\u1ecb Kp\u1ecdr\u1ecd Ihe?\n\nIhe A Ko\u0323pi\u0323tara Ako\u0323pi\u0323ta: 2/15 E Ziri Nd\u1ecb Nche Eze Ozi \u1eccma\n\nIhe A Ko\u0323pi\u0323tara Ako\u0323pi\u0323ta: 2/15 N\u1ecdsie Ike na Ndagwurugwu Jehova Ji Echebe Any\u1ecb\n\nIhe A Ko\u0323pi\u0323tara Ako\u0323pi\u0323ta: 2/15 Kpachara Anya Maka Ihe Nd\u1ecb I Bu n\u2019Obi\n\nIhe A Ko\u0323pi\u0323tara Ako\u0323pi\u0323ta: 2/15 Ekwela Ka Ihe \u1ecc B\u1ee5la Mee Ka \u1eca Ghara Inweta Otuto\n\nIhe A Ko\u0323pi\u0323tara Ako\u0323pi\u0323ta: 2/15 O Si n\u2019Ezin\u1ee5l\u1ecd Keyafas\n\nIhe A Ko\u0323pi\u0323tara Ako\u0323pi\u0323ta: 2/15 E Nwetara \u201cIhe A Na-agagh\u1ecb Echefu Echefu\u201d n\u2019Oge Kwes\u1ecbr\u1ecb Ekwes\u1ecb", "format": "magazine"}, {"title": "\u1ee4l\u1ecd Nche (2013) Jen\u1ee5war\u1ecb 15, 2013", "content": "1/15 Isiokwu Nd\u1ecb D\u1ecb n\u2019\u1ee4l\u1ecd Nche A\n\n1/15 Ha Ji Obi Ha Wep\u1ee5ta Onwe Ha\u2014Na N\u1ecd\u1ecdwee\n\n1/15 Nwee Obi Ike, Jehova N\u1ecdnyeere G\u1ecb!\n\n1/15 Ekwela Ka Ihe \u1ecc b\u1ee5la Mee Ka \u1eca ghara \u1ecan\u1ecd Jehova Nso\n\n1/15 Na-ab\u1ecbaru Jehova Nso\n\n1/15 Ije Ozi n\u2019Akwagh\u1ecb Mmakwaara\n\n1/15 Nd\u1ecb Okenye \u1eccgbak\u1ecd B\u1ee5 \u2018Nd\u1ecb \u1eccr\u1ee5 Ibe Any\u1ecb Maka \u1ecc\u1e45\u1ee5 Any\u1ecb\u2019\n\n1/15 Ot\u00fa Mkp\u1ecdsa A Haziri nke \u1eccma Si Baa Uru\n\nIhe A Ko\u0323pi\u0323tara Ako\u0323pi\u0323ta: 1/15 Isiokwu Nd\u1ecb D\u1ecb n\u2019\u1ee4l\u1ecd Nche A\n\nIhe A Ko\u0323pi\u0323tara Ako\u0323pi\u0323ta: 1/15 Ha Ji Obi Ha Wep\u1ee5ta Onwe Ha\u2014Na N\u1ecd\u1ecdwee\n\nIhe A Ko\u0323pi\u0323tara Ako\u0323pi\u0323ta: 1/15 Nwee Obi Ike, Jehova N\u1ecdnyeere G\u1ecb!\n\nIhe A Ko\u0323pi\u0323tara Ako\u0323pi\u0323ta: 1/15 Ekwela Ka Ihe \u1ecc b\u1ee5la Mee Ka \u1eca ghara \u1ecan\u1ecd Jehova Nso\n\nIhe A Ko\u0323pi\u0323tara Ako\u0323pi\u0323ta: 1/15 Na-ab\u1ecbaru Jehova Nso\n\nIhe A Ko\u0323pi\u0323tara Ako\u0323pi\u0323ta: 1/15 Ije Ozi n\u2019Akwagh\u1ecb Mmakwaara\n\nIhe A Ko\u0323pi\u0323tara Ako\u0323pi\u0323ta: 1/15 Nd\u1ecb Okenye \u1eccgbak\u1ecd B\u1ee5 \u2018Nd\u1ecb \u1eccr\u1ee5 Ibe Any\u1ecb Maka \u1ecc\u1e45\u1ee5 Any\u1ecb\u2019\n\nIhe A Ko\u0323pi\u0323tara Ako\u0323pi\u0323ta: 1/15 Ot\u00fa Mkp\u1ecdsa A Haziri nke \u1eccma Si Baa Uru", "format": "magazine"}, {"title": "\u1ee4l\u1ecd Nche Jun 15, 2013", "content": "6/15 Nke A Na-am\u1ee5 Am\u1ee5\n\n6/15 Isiokwu Nd\u1ecb D\u1ecb n\u2019Akw\u1ee5kw\u1ecd A\n\n6/15 Irubere Jehova Isi Emeela Ka M Nweta \u1ecct\u1ee5t\u1ee5 Ng\u1ecdzi\n\n6/15 Gh\u1ecdta \u00c0gw\u00e0 Jehova nke \u1eccma\n\n6/15 Gh\u1ecdta na Jehova Na-emesap\u1ee5 Aka, Nweekwa Ezi Uche\n\n6/15 Gh\u1ecdta na Jehova Na-eguzosi Ike n\u2019Ihe, Na-agbagharakwa Mmehie\n\n6/15 Aj\u1ee5j\u1ee5 Nd\u1ecb Na-ag\u1ee5 Akw\u1ee5kw\u1ecd Any\u1ecb Na-aj\u1ee5\n\n6/15 Kwe Ka Aka n\u00e1 Nt\u1ecb Jehova Na-ad\u1ecd G\u1ecb Kp\u1ee5zie G\u1ecb\n\n6/15 Nd\u1ecb Okenye, \u00d9nu Ga-eme Ka \u201cMkp\u1ee5r\u1ee5 Obi Ike Gw\u1ee5r\u1ee5 Nwee Ume\u201d?\n\n6/15 \u00cc Chetara?\n\nIhe A Ko\u0323pi\u0323tara Ako\u0323pi\u0323ta: 6/15 Isiokwu Nd\u1ecb D\u1ecb n\u2019Akw\u1ee5kw\u1ecd A\n\nIhe A Ko\u0323pi\u0323tara Ako\u0323pi\u0323ta: 6/15 Irubere Jehova Isi Emeela Ka M Nweta \u1ecct\u1ee5t\u1ee5 Ng\u1ecdzi\n\nIhe A Ko\u0323pi\u0323tara Ako\u0323pi\u0323ta: 6/15 Gh\u1ecdta \u00c0gw\u00e0 Jehova nke \u1eccma\n\nIhe A Ko\u0323pi\u0323tara Ako\u0323pi\u0323ta: 6/15 Gh\u1ecdta na Jehova Na-emesap\u1ee5 Aka, Nweekwa Ezi Uche\n\nIhe A Ko\u0323pi\u0323tara Ako\u0323pi\u0323ta: 6/15 Gh\u1ecdta na Jehova Na-eguzosi Ike n\u2019Ihe, Na-agbagharakwa Mmehie\n\nIhe A Ko\u0323pi\u0323tara Ako\u0323pi\u0323ta: 6/15 Aj\u1ee5j\u1ee5 Nd\u1ecb Na-ag\u1ee5 Akw\u1ee5kw\u1ecd Any\u1ecb Na-aj\u1ee5\n\nIhe A Ko\u0323pi\u0323tara Ako\u0323pi\u0323ta: 6/15 Kwe Ka Aka n\u00e1 Nt\u1ecb Jehova Na-ad\u1ecd G\u1ecb Kp\u1ee5zie G\u1ecb\n\nIhe A Ko\u0323pi\u0323tara Ako\u0323pi\u0323ta: 6/15 Nd\u1ecb Okenye, \u00d9nu Ga-eme Ka \u201cMkp\u1ee5r\u1ee5 Obi Ike Gw\u1ee5r\u1ee5 Nwee Ume\u201d?\n\nIhe A Ko\u0323pi\u0323tara Ako\u0323pi\u0323ta: 6/15 \u00cc Chetara?", "format": "magazine"}, {"title": "\u1ee4l\u1ecd Nche Mach 15, 2013", "content": "3/15 Nke A Na-am\u1ee5 Am\u1ee5\n\n3/15 Isiokwu Nd\u1ecb D\u1ecb n\u2019Akw\u1ee5kw\u1ecd A\n\n3/15 \u2018\u1ecc D\u1ecbgh\u1ecb Ihe Na-eme Ka Nd\u1ecb H\u1ee5r\u1ee5 Jehova n\u2019Anya S\u1ee5\u1ecd Ng\u1ecdng\u1ecd\u2019\n\n3/15 \u00cc Nwere \u2018Obi \u1eca Ga-eji Mara\u2019 Jehova?\n\n3/15 \u201cUgbu A unu Maara Chineke,\u201d G\u1ecbn\u1ecb Ka Unu Kwes\u1ecbr\u1ecb Ime?\n\n3/15 Kwe Ka A Kasie G\u1ecb Obi, Na-akasikwa Nd\u1ecb \u1eccz\u1ecd Obi\n\n3/15 Jehova B\u1ee5 Ebe Obibi Any\u1ecb\n\n3/15 Na-akwanyere Aha Ukwu Jehova \u00d9gw\u00f9\n\n3/15 \u00d2\u0323 B\u1ee5 Josif\u1ecds Dere Ya n\u2019Eziokwu?\n\n3/15 Akw\u1ee5s\u1ecbla Inwe Olileanya!\n\nIhe A Ko\u0323pi\u0323tara Ako\u0323pi\u0323ta: 3/15 Isiokwu Nd\u1ecb D\u1ecb n\u2019Akw\u1ee5kw\u1ecd A\n\nIhe A Ko\u0323pi\u0323tara Ako\u0323pi\u0323ta: 3/15 \u2018\u1ecc D\u1ecbgh\u1ecb Ihe Na-eme Ka Nd\u1ecb H\u1ee5r\u1ee5 Jehova n\u2019Anya S\u1ee5\u1ecd Ng\u1ecdng\u1ecd\u2019\n\nIhe A Ko\u0323pi\u0323tara Ako\u0323pi\u0323ta: 3/15 \u00cc Nwere \u2018Obi \u1eca Ga-eji Mara\u2019 Jehova?\n\nIhe A Ko\u0323pi\u0323tara Ako\u0323pi\u0323ta: 3/15 \u201cUgbu A unu Maara Chineke,\u201d G\u1ecbn\u1ecb Ka Unu Kwes\u1ecbr\u1ecb Ime?\n\nIhe A Ko\u0323pi\u0323tara Ako\u0323pi\u0323ta: 3/15 Kwe Ka A Kasie G\u1ecb Obi, Na-akasikwa Nd\u1ecb \u1eccz\u1ecd Obi\n\nIhe A Ko\u0323pi\u0323tara Ako\u0323pi\u0323ta: 3/15 Jehova B\u1ee5 Ebe Obibi Any\u1ecb\n\nIhe A Ko\u0323pi\u0323tara Ako\u0323pi\u0323ta: 3/15 Na-akwanyere Aha Ukwu Jehova \u00d9gw\u00f9\n\nIhe A Ko\u0323pi\u0323tara Ako\u0323pi\u0323ta: 3/15 \u00d2\u0323 B\u1ee5 Josif\u1ecds Dere Ya n\u2019Eziokwu?\n\nIhe A Ko\u0323pi\u0323tara Ako\u0323pi\u0323ta: 3/15 Akw\u1ee5s\u1ecbla Inwe Olileanya!", "format": "magazine"}]