{"review_id": "en_0964290", "product_id": "product_en_0740675", "reviewer_id": "reviewer_en_0342986", "stars": "1", "review_body": "Arrived broken. Manufacturer defect. Two of the legs of the base were not completely formed, so there was no way to insert the casters. I unpackaged the entire chair and hardware before noticing this. So, I'll spend twice the amount of time boxing up the whole useless thing and send it back with a 1-star review of part of a chair I never got to sit in. I will go so far as to include a picture of what their injection molding and quality assurance process missed though. I will be hesitant to buy again. It makes me wonder if there aren't missing structures and supports that don't impede the assembly process.", "review_title": "I'll spend twice the amount of time boxing up the whole useless thing and send it back with a 1-star review ...", "language": "en", "product_category": "furniture"}
{"review_id": "en_0690095", "product_id": "product_en_0440378", "reviewer_id": "reviewer_en_0133349", "stars": "1", "review_body": "the cabinet dot were all detached from backing... got me", "review_title": "Not use able", "language": "en", "product_category": "home_improvement"}
{"review_id": "en_0311558", "product_id": "product_en_0399702", "reviewer_id": "reviewer_en_0152034", "stars": "1", "review_body": "I received my first order of this product and it was broke so I ordered it again. The second one was broke in more places than the first. I can't blame the shipping process as it's shrink wrapped and boxed.", "review_title": "The product is junk.", "language": "en", "product_category": "home"}
{"review_id": "en_0044972", "product_id": "product_en_0444063", "reviewer_id": "reviewer_en_0656967", "stars": "1", "review_body": "This product is a piece of shit. Do not buy. Doesn't work, and then I try to call for customer support, it won't take my number. Fucking rip off!", "review_title": "Fucking waste of money", "language": "en", "product_category": "wireless"}
{"review_id": "en_0784379", "product_id": "product_en_0139353", "reviewer_id": "reviewer_en_0757638", "stars": "1", "review_body": "went through 3 in one day doesn't fit correct and couldn't get bubbles out (better without)", "review_title": "bubble", "language": "en", "product_category": "pc"}
