{
    "Data": [
        {
            "Answer": {
                "Aliases": [
                    "(Harry) Sinclair Lewis",
                    "Harry Sinclair Lewis",
                    "Lewis, (Harry) Sinclair",
                    "Grace Hegger",
                    "Sinclair Lewis"
                ],
                "MatchedWikiEntityName": "Sinclair Lewis",
                "NormalizedAliases": [
                    "grace hegger",
                    "lewis harry sinclair",
                    "harry sinclair lewis",
                    "sinclair lewis"
                ],
                "NormalizedMatchedWikiEntityName": "sinclair lewis",
                "NormalizedValue": "sinclair lewis",
                "Type": "WikipediaEntity",
                "Value": "Sinclair Lewis"
            },
            "EntityPages": [],
            "Question": "Which American-born Sinclair won the Nobel Prize for Literature in 1930?",
            "QuestionId": "tc_1",
            "QuestionSource": "http://www.triviacountry.com/",
            "SearchResults": [
                {
                    "Description": "The Nobel Prize in Literature 1930 Sinclair ... The Nobel Prize in Literature 1930 was awarded to ... nobelprize.org/nobel_prizes/literature/laureates/1930/>",
                    "Filename": "46/46_46.txt",
                    "Rank": 0,
                    "Title": "The Nobel Prize in Literature 1930",
                    "Url": "http://www.nobelprize.org/nobel_prizes/literature/laureates/1930/"
                },
                {
                    "Description": "Why Don’t More Americans Win the Nobel Prize? By . ... When the Nobel Prize in Literature was awarded to Sinclair ... In 1930, Lewis told his Nobel audience that ...",
                    "Filename": "194/194_50.txt",
                    "Rank": 4,
                    "Title": "Why Don’t More Americans Win the Nobel Prize? - The New Yorker",
                    "Url": "http://www.newyorker.com/books/page-turner/why-dont-more-americans-win-the-nobel-prize"
                }
            ]
        },
        {
            "Answer": {
                "Aliases": [
                    "Park Grove (1895)",
                    "York UA",
                    "Yorkish",
                    "UN/LOCODE:GBYRK",
                    "York, UK",
                    "Eoforwic",
                    "Park Grove School",
                    "York Ham",
                    "The weather in York",
                    "City of York",
                    "York, England",
                    "York, Yorkshire",
                    "York ham",
                    "County Borough of York",
                    "YORK",
                    "Eoferwic",
                    "Park Grove Primary School",
                    "York, North Yorkshire",
                    "Yoisk",
                    "York",
                    "York (England)"
                ],
                "MatchedWikiEntityName": "York",
                "NormalizedAliases": [
                    "york yorkshire",
                    "eoferwic",
                    "park grove primary school",
                    "park grove school",
                    "weather in york",
                    "park grove 1895",
                    "eoforwic",
                    "county borough of york",
                    "york uk",
                    "un locode gbyrk",
                    "city of york",
                    "york england",
                    "york ua",
                    "york ham",
                    "york",
                    "yorkish",
                    "yoisk",
                    "york north yorkshire"
                ],
                "NormalizedMatchedWikiEntityName": "york",
                "NormalizedValue": "york",
                "Type": "WikipediaEntity",
                "Value": "York"
            },
            "EntityPages": [
                {
                    "DocSource": "TagMe",
                    "Filename": "England.txt",
                    "Title": "England"
                },
                {
                    "DocSource": "TagMe",
                    "Filename": "Judi_Dench.txt",
                    "Title": "Judi Dench"
                }
            ],
            "Question": "Where in England was Dame Judi Dench born?",
            "QuestionId": "tc_3",
            "QuestionSource": "http://www.triviacountry.com/",
            "SearchResults": [
                {
                    "Description": "Judi Dench, Actress: Skyfall. Judi Dench was born in York, ... Judi Dench was born in York, England, to Eleanora Olive ... 2011 My Week with Marilyn Dame Sybil Thorndike.",
                    "Filename": "100/100_1957043.txt",
                    "Rank": 1,
                    "Title": "Judi Dench - IMDb",
                    "Url": "http://www.imdb.com/name/nm0001132/"
                },
                {
                    "Description": "A short biography of Dame Judi Dench. Born and schooled in York England. A short biography of Dame Judi Dench. The York England born star ... Dame Judi created the ...",
                    "Filename": "109/109_2592361.txt",
                    "Rank": 2,
                    "Title": "Dame Judi Dench a star from York England",
                    "Url": "http://www.york-united-kingdom.co.uk/damejudidench/"
                }
            ]
        },
        {
            "Answer": {
                "Aliases": [
                    "日本國",
                    "State of Japan",
                    "Ja-pan",
                    "Nihon",
                    "Nippon",
                    "Japang",
                    "Modern–era Japan",
                    "Etymology of Japan",
                    "Japan (country)",
                    "Republic of Japan",
                    "Japanese financial sector",
                    "Nihon-koku",
                    "ISO 3166-1:JP",
                    "日本",
                    "Japian",
                    "Japan",
                    "JapaN",
                    "The State of Japan",
                    "Riben",
                    "Nippon-koku",
                    "JPN",
                    "Jpan",
                    "Rìběn",
                    "日本国",
                    "Japao",
                    "JAPAN",
                    "Japoa",
                    "🗾"
                ],
                "MatchedWikiEntityName": "Japan",
                "NormalizedAliases": [
                    "nihon koku",
                    "nihon",
                    "japoa",
                    "japang",
                    "japan",
                    "日本國",
                    "etymology of japan",
                    "iso 3166 1 jp",
                    "jpan",
                    "japan country",
                    "riben",
                    "rìběn",
                    "🗾",
                    "japanese financial sector",
                    "japian",
                    "nippon koku",
                    "state of japan",
                    "nippon",
                    "modern–era japan",
                    "republic of japan",
                    "日本国",
                    "jpn",
                    "japao",
                    "ja pan",
                    "日本"
                ],
                "NormalizedMatchedWikiEntityName": "japan",
                "NormalizedValue": "japan",
                "Type": "WikipediaEntity",
                "Value": "Japan"
            },
            "EntityPages": [
                {
                    "DocSource": "TagMe",
                    "Filename": "Integrated_Services_Digital_Network.txt",
                    "Title": "Integrated Services Digital Network"
                }
            ],
            "Question": "In which country did he widespread use of ISDN begin in 1988?",
            "QuestionId": "tc_15",
            "QuestionSource": "http://www.triviacountry.com/",
            "SearchResults": []
        }
    ],
    "Domain": "Web",
    "Split": "train",
    "VerifiedEval": false,
    "Version": 1.0
}