{"version": "v1.1", "data": [{"title": "University_of_Notre_Dame", "paragraphs": [{"context": "Arquitetonicamente, a escola tem um car\u00e1ter cat\u00f3lico. No topo da c\u00fapula de ouro do edif\u00edcio principal \u00e9 uma est\u00e1tua de ouro da Virgem Maria. Imediatamente em frente ao edif\u00edcio principal e de frente para ele, \u00e9 uma est\u00e1tua de cobre de Cristo com os bra\u00e7os erguidos com a lenda &quot;Venite Ad Me Omnes&quot;. Ao lado do edif\u00edcio principal \u00e9 a Bas\u00edlica do Sagrado Cora\u00e7\u00e3o. Imediatamente atr\u00e1s da bas\u00edlica \u00e9 a Gruta, um lugar mariano de ora\u00e7\u00e3o e reflex\u00e3o. \u00c9 uma r\u00e9plica da gruta em Lourdes, na Fran\u00e7a, onde a Virgem Maria supostamente apareceu a Santa Bernadette Soubirous em 1858. No final da unidade principal (e em uma linha direta que liga atrav\u00e9s de 3 est\u00e1tuas e da C\u00fapula de Ouro), \u00e9 um est\u00e1tua de pedra simples e moderna de Maria.", "qas": [{"answers": [{"answer_start": 0, "text": "Saint Bernadette Soubirous"}], "question": "A quem a Virgem Maria supostamente apareceu em 1858 em Lourdes, na Fran\u00e7a?", "id": "5733be284776f41900661182"}, {"answers": [{"answer_start": 211, "text": "uma est\u00e1tua de cobre de Cristo"}], "question": "O que fica em frente ao edif\u00edcio principal de Notre Dame?", "id": "5733be284776f4190066117f"}, {"answers": [{"answer_start": 81, "text": "o edif\u00edcio principal"}], "question": "A Bas\u00edlica do Sagrado Cora\u00e7\u00e3o em Notre Dame fica ao lado de qual estrutura?", "id": "5733be284776f41900661180"}, {"answers": [{"answer_start": 415, "text": "um lugar mariano de ora\u00e7\u00e3o e reflex\u00e3o"}], "question": "O que \u00e9 a gruta de Notre Dame?", "id": "5733be284776f41900661181"}, {"answers": [{"answer_start": 104, "text": "uma est\u00e1tua de ouro da Virgem Maria"}], "question": "O que fica no topo do edif\u00edcio principal em Notre Dame?", "id": "5733be284776f4190066117e"}]}, {"context": "Como na maioria das outras universidades, os alunos da Notre Dame dirigem uma s\u00e9rie de meios de comunica\u00e7\u00e3o. As nove lojas administradas por estudantes incluem tr\u00eas jornais, uma esta\u00e7\u00e3o de r\u00e1dio e televis\u00e3o e v\u00e1rias revistas e peri\u00f3dicos. Iniciada como um peri\u00f3dico de uma p\u00e1gina em setembro de 1876, a revista Scholastic \u00e9 publicada duas vezes por m\u00eas e afirma ser a mais antiga publica\u00e7\u00e3o acad\u00eamica cont\u00ednua nos Estados Unidos. A outra revista, The Juggler, \u00e9 lan\u00e7ada duas vezes por ano e se concentra na literatura e na obra de arte dos estudantes. O anu\u00e1rio Dome \u00e9 publicado anualmente. Os jornais t\u00eam v\u00e1rios interesses de publica\u00e7\u00e3o, com o The Observer publicado diariamente e principalmente reportando not\u00edcias universit\u00e1rias e outras, e composto por estudantes de Notre Dame e do Saint Mary&#39;s College. Ao contr\u00e1rio da Scholastic e da The Dome, The Observer \u00e9 uma publica\u00e7\u00e3o independente e n\u00e3o possui um conselheiro docente ou qualquer supervis\u00e3o editorial da Universidade. Em 1987, quando alguns estudantes acreditavam que The Observer come\u00e7ou a mostrar um vi\u00e9s conservador, um jornal liberal, Common Sense, foi publicado. Da mesma forma, em 2003, quando outros estudantes acreditavam que o jornal mostrava um vi\u00e9s liberal, o jornal conservador Irish Rover entrou em produ\u00e7\u00e3o. Nenhum dos dois trabalhos \u00e9 publicado tantas vezes quanto o The Observer; no entanto, todos os tr\u00eas s\u00e3o distribu\u00eddos para todos os alunos. Finalmente, na primavera de 2008, uma revista de gradua\u00e7\u00e3o em pesquisa de ci\u00eancia pol\u00edtica, Beyond Politics, fez sua estr\u00e9ia.", "qas": [{"answers": [{"answer_start": 0, "text": "Setembro de 1876"}], "question": "Quando a Revista Scholastic de Notre Dame come\u00e7ou a publicar?", "id": "5733bf84d058e614000b61be"}, {"answers": [{"answer_start": 334, "text": "duas vezes"}], "question": "Com qual frequ\u00eancia o Notre Dame&#39;s the Juggler \u00e9 publicado?", "id": "5733bf84d058e614000b61bf"}, {"answers": [{"answer_start": 0, "text": "O observador"}], "question": "Qual \u00e9 o papel do estudante di\u00e1rio em Notre Dame chamado?", "id": "5733bf84d058e614000b61c0"}, {"answers": [{"answer_start": 160, "text": "tr\u00eas"}], "question": "Quantos jornais de estudantes s\u00e3o encontrados em Notre Dame?", "id": "5733bf84d058e614000b61bd"}]}]}]}
