﻿Word,Acutal
الجامع,Book
المسند,Book
الصحيح,Book
المختصر,Book
من,Book
أمور,Book
رسول,Book
الله,Book
صلى,Book
الله,Book
عليه,Book
وسلم,Book
وسننه,Book
وأيامه,Book
صحيح,Book
البخاري,Book
المؤلف,O
محمد,Pers
بن,Pers
إسماعيل,Pers
أبو,Pers
عبد,Pers
الله,Pers
البخاري,Pers
الجعفي,Pers
المحقق,O
محمد,Pers
زهير,Pers
بن,Pers
ناصر,Pers
الناصر,Pers
الناشر,O