<benchmark>
  <entries>
    <entry category="MeanOfTransportation" eid="Id1" size="1">
      <originaltripleset>
        <otriple>1955_Dodge | aka | "Dodge Coronet"@en</otriple>
      </originaltripleset>
      <modifiedtripleset>
        <mtriple>1955_Dodge | alternativeName | "Dodge Coronet"</mtriple>
      </modifiedtripleset>
      <lex comment="good" lid="Id1">Dodge Coronet is the alternative name for the 1955 Dodge.</lex>
      <lex comment="good" lid="Id2">The 1955 Dodge is also named the Dodge Coronet.</lex>
    </entry>
    </entries>
</benchmark>