{"questions": [{"text": "After this character relates a story about how he didn't know the proper way to use a wheelbarrow, he tells of how a captain dining with his father mistakenly rubbed his hands in a punch bowl.\u00a0This \"sea Prince of Wales\" leaves his home by hiding out in a canoe near a coral reef, and he is mistakenly called \"Hedgehog\" by a character who offers him a ninetieth lay, a partner of Bildad named Peleg. A door is broken down in Mrs. Hussey's establishment after he locks himself in his room during a \"Ramadan.\"\u00a0He is first encountered in the Spouter-Inn where the landlord thinks he may be late because \"he can't sell his head,\" and his coffin helps save the narrator after the ship he's on sinks.\u00a0For 10 points, name this native of Rokovoko and savage companion of Ishmael in Moby-Dick.", "answer": "Queequeg", "page": "Queequeg", "category": "Literature", "subcategory": "American", "tournament": "ACF Winter", "difficulty": "College", "year": 2010, "proto_id": "5476990eea23cca905506d51", "qdb_id": null, "dataset": "protobowl", "qanta_id": 0, "tokenizations": [[0, 192], [193, 398], [399, 506], [507, 693], [694, 783]], "first_sentence": "After this character relates a story about how he didn't know the proper way to use a wheelbarrow, he tells of how a captain dining with his father mistakenly rubbed his hands in a punch bowl.", "gameplay": true, "fold": "buzztrain"}, {"text": "The oldest document written in this language is a letter written in 1521 in the town of C\u00e2mpulung, while more recent poets writing in this language include Carmen Sylva and Anton Pann.\u00a0This language uses five cases, though the genitive and dative cases are identical, as are the nominative and accusative.\u00a0Tripthongs occur frequently in this language, as in \"rusaoic\u0103,\" while interjections in this language include \"mam\u0103-mam\u0103.\" It is more closely related to Dalmatian than to Italian or Spanish, and this language includes the pronouns \"noi,\" \"voi,\" and \"eu\" [\"AY-oo\"] and favors labial consonants such as \"b\" and \"m\" over velars such as \"g\" and \"k.\" For 10 points, name this tongue spoken by the members of O-Zone and Nicolae Ceau\u015fescu, an Eastern Romance language spoken in Bucharest.", "answer": "Daco-Romanian [also accept limba rom\u00e2n\u0103]", "page": "Romanian_language", "category": "Social Science", "subcategory": "Anthropology", "tournament": "ACF Winter", "difficulty": "College", "year": 2010, "proto_id": "5476990eea23cca905506d52", "qdb_id": null, "dataset": "protobowl", "qanta_id": 1, "tokenizations": [[0, 184], [185, 305], [306, 426], [426, 786]], "first_sentence": "The oldest document written in this language is a letter written in 1521 in the town of C\u00e2mpulung, while more recent poets writing in this language include Carmen Sylva and Anton Pann.", "gameplay": true, "fold": "guesstrain"}, {"text": "Robert Walker argued that failing to take this action would lead to an overflow of Northern insane asylums and British intervention. Juan Almonte resigned his diplomatic post in indignation over this event. Isaac Van Zandt began discussing this plan with Abel Upshur before Upshur died. Anson Jones proposed this plan, which reduced his own power but reserved the weaker side the right to split into five parts in the future. Five years after it, a payment of 10 million dollars helped the area at issue repay debts. The Regulator-Moderator war was calmed just before this deal was struck. The question of whether the Nueces River became a southern border in this transaction led to war later in James K. Polk's presidency. For 10 points, name this deal that ended the independent Lone Star Republic.", "answer": "annexation of the Republic of Texas by the United States [or Annexation Treaty of 1845; accept any answer indicating that Texas is joining the United States of America as a state; do not accept any answer indicating the independence of Texas from Mexico]", "page": "Texas_annexation", "category": "History", "subcategory": "American", "tournament": "ACF Regionals", "difficulty": "College", "year": 2015, "proto_id": "55414836ea23cc9417e9ba80", "qdb_id": null, "dataset": "protobowl", "qanta_id": 93135, "tokenizations": [[0, 132], [133, 206], [207, 286], [287, 425], [426, 516], [517, 589], [590, 723], [724, 800]], "first_sentence": "Robert Walker argued that failing to take this action would lead to an overflow of Northern insane asylums and British intervention.", "gameplay": true, "fold": "guessdev"}, {"text": "Before he first met his lover, this character sat \"alone,\" \"enthroned in the market place.\" A soldier laments that this man, when not himself, \"comes too short of that great property / which still should go with\" him. This man hands a pack of belongings to a deserter who later laments \"I am alone the villain of the earth.\" This man says \"Let's mock the midnight bell\" in the hopes of having one last drunken party. This man is spared after a rival argues, \"let us be sacrificers, but not butchers.\" In a monologue, this friend of Enobarbus repeatedly calls that rival \"an honorable man\" while standing by a coffin after asking \"Friends, Romans, countrymen: Lend me your ears.\" For 10 points, which rival of Brutus and lover of Cleopatra delivers the Funeral Oration in Shakespeare's Julius Caesar?", "answer": "Mark Antony [or Marcus Antonius; prompt on \"Mark\" or \"Marcus\"]", "page": "Mark_Antony", "category": "Literature", "subcategory": "Classical", "tournament": "ACF Regionals", "difficulty": "College", "year": 2015, "proto_id": "55414836ea23cc9417e9ba81", "qdb_id": null, "dataset": "protobowl", "qanta_id": 93136, "tokenizations": [[0, 91], [92, 217], [218, 323], [323, 416], [417, 499], [499, 678], [679, 799]], "first_sentence": "Before he first met his lover, this character sat \"alone,\" \"enthroned in the market place.\"", "gameplay": true, "fold": "buzzdev"}, {"text": "One work by this author uses printing, gunpowder, and the compass as symbols of personal ambition, national ambition, and the ambition of the human race to extend its grasp. This thinker described three forms of false learning as \"delicate\", \"contentious\", and \"fantastical\" in categorizing the \"distempers\" that impede academic progress. This thinker imagined a utopian university called Salomon's House, and he likened received systems of philosophy to stage plays that misrepresent the world, and thus labeled them \"idols of the theatre\". This author of The New Atlantis established the doctrine of inductive, empirical methodology. For 10 points, name this 17th-century English philosopher who wrote Novum Organum and spearheaded the Scientific Revolution.", "answer": "Sir Francis Bacon [or Baron Verulam; or 1st Viscount St. Albans]", "page": "Francis_Bacon", "category": "Philosophy", "subcategory": "None", "tournament": "ACF Regionals", "difficulty": "College", "year": 2016, "proto_id": "58b0b88570b915409571a08c", "qdb_id": null, "dataset": "protobowl", "qanta_id": 105088, "tokenizations": [[0, 173], [174, 338], [339, 541], [542, 635], [636, 760]], "first_sentence": "One work by this author uses printing, gunpowder, and the compass as symbols of personal ambition, national ambition, and the ambition of the human race to extend its grasp.", "gameplay": true, "fold": "buzztest"}, {"text": "The lines \"Rude, and ungrateful, though my country be,\" in Book 5 of this work alludes to Scipio Africanus as a reference to its author's multiple exiles. The main characters of this work encounter a figure whose \"black lips\" part to reveal \"blue rows\" of \"gnashing teeth.\" Its central character is brought to a mountaintop and listens to a set of speeches by the Nereid Thetis after arriving at the Isle of Joy. This work concludes with an apostrophe to the king of a nation whose history is recounted to the King of Melinda in the third, fourth, and fifth books of this work. A character in this work who used to rule over the Indian Ocean first appears as a storm and guards the Cape of Good Hope. Bacchus and Venus feud over a group of sailors in this work who are impeded by the monster Adamastor. For 10 points, name this Portuguese epic by Luis de Cam\u00f5es (\"ka-MOISH\") chronicling the voyages of Vasco da Gama.", "answer": "The Lusiads [or Os Lusiadas] &lt;Miscellaneous Lit&gt; Bonuses", "page": "Os_Lus\u00edadas", "category": "Literature", "subcategory": "European", "tournament": "ACF Regionals", "difficulty": "regular_college", "year": 2018, "proto_id": null, "qdb_id": 148926, "dataset": "quizdb.org", "qanta_id": 106223, "tokenizations": [[0, 154], [155, 272], [272, 273], [274, 412], [413, 577], [578, 700], [701, 802], [803, 916]], "first_sentence": "The lines \"Rude, and ungrateful, though my country be,\" in Book 5 of this work alludes to Scipio Africanus as a reference to its author's multiple exiles.", "gameplay": false, "fold": "guesstest"}], "version": "2018.04.18", "maintainer_name": "Pedro Rodriguez", "maintainer_contact": "entilzha@umiacs.umd.edu", "maintainer_website": "http://pedrorodriguez.io", "project_website": "https://github.com/pinafore/qb"}