<benchmark>
  <entries>
    <entry category="University" eid="Id1" shape="(X (X) (X) (X (X)))" shape_type="mixed" size="4">
      <originaltripleset>
        <otriple>AWH_Engineering_College | country | India</otriple>
        <otriple>AWH_Engineering_College | established | 2001</otriple>
        <otriple>AWH_Engineering_College | city | "Kuttikkattoor"@en</otriple>
        <otriple>India | river | Ganges</otriple>
      </originaltripleset>
      <modifiedtripleset>
        <mtriple>AWH_Engineering_College | country | India</mtriple>
        <mtriple>AWH_Engineering_College | established | 2001</mtriple>
        <mtriple>AWH_Engineering_College | city | "Kuttikkattoor"</mtriple>
        <mtriple>India | river | Ganges</mtriple>
      </modifiedtripleset>
      <lex comment="good" lid="Id1">AWH Engineering College (Kuttikkattoor, India) was established in 2001. One of the rivers in India is the Ganges.</lex>
      <lex comment="good" lid="Id2">AWH Engineering College was established in 2001, and is located in the city of Kuttikkattoor, India, where the Ganges River is also located.</lex>
    </entry>
    </entries>
</benchmark>