<benchmark>
  <entries>
    <entry category="ComicsCharacter" eid="Id1" shape="(X (X (X) (X) (X)))" shape_type="mixed" size="4">
      <originaltripleset>
        <otriple>BBC | keyPeople | Rona_Fairhead</otriple>
        <otriple>Bananaman | network | BBC</otriple>
        <otriple>BBC | product | BBC_Radio</otriple>
        <otriple>BBC | locationCity | Broadcasting_House</otriple>
      </originaltripleset>
      <modifiedtripleset>
        <mtriple>BBC | keyPerson | Rona_Fairhead</mtriple>
        <mtriple>Bananaman | broadcastedBy | BBC</mtriple>
        <mtriple>BBC | product | BBC_Radio</mtriple>
        <mtriple>BBC | locationCity | Broadcasting_House</mtriple>
      </modifiedtripleset>
      <lex comment="good" lid="Id1">Rona Fairhead is the key person for the BBC whose headquarters are at Broadcasting House. The BBC broadcast Bananaman and also produces BBC radio.</lex>
      <lex comment="good" lid="Id2">Rona Fairhead is a key person for the BBC which headquarters are called the Broadcasting House. Along others, both BBC radio and Bananaman are broadcasted.</lex>
      <lex comment="good" lid="Id3">Rona Fairhead is a key person for the BBC, who are based in Broadcasting House in London. BBC radio is produced by the BBC, who also broadcast the TV series Bananaman.</lex>
    </entry>
    </entries>
</benchmark>