{"review_id": "de_0203609", "product_id": "product_de_0865382", "reviewer_id": "reviewer_de_0267719", "stars": "1", "review_body": "Armband ist leider nach 1 Jahr kaputt gegangen", "review_title": "Leider nach 1 Jahr kaputt", "language": "de", "product_category": "sports"}
{"review_id": "de_0559494", "product_id": "product_de_0678997", "reviewer_id": "reviewer_de_0783625", "stars": "1", "review_body": "In der Lieferung war nur Ein Akku!", "review_title": "EINS statt ZWEI Akkus!!!", "language": "de", "product_category": "home_improvement"}
{"review_id": "de_0238777", "product_id": "product_de_0372235", "reviewer_id": "reviewer_de_0911426", "stars": "1", "review_body": "Ein Stern, weil gar keine geht nicht. Es handelt sich um gebraucht Waren, die Stein haben so ein Belag drauf, wo man sich dabei denken kann, dass jemand schon die benutzt und nicht Mal richtig gewaschen. Bei ein paar ist die Qualit\u00e4t Mangelhaft, siehe Bild. Ein habe ich ausprobiert, richtig gewaschen, dann verf\u00e4rbt sich..... W\u00e4rme halt nicht lange. Deswegen wird es zur\u00fcckgeschickt.", "review_title": "Achtung Abzocke", "language": "de", "product_category": "drugstore"}
{"review_id": "de_0477884", "product_id": "product_de_0719501", "reviewer_id": "reviewer_de_0836478", "stars": "1", "review_body": "Dachte, das w\u00e4ren einfach etwas festere Binden, vielleicht gr\u00f6\u00dfere Always. Aber die Verpackung ist derartig riesig - wie als h\u00e4tte man einen riesigen Karton Windeln gekauft... nicht das, was ich wollte ;-)", "review_title": "Zu viel des Guten", "language": "de", "product_category": "drugstore"}
{"review_id": "de_0270868", "product_id": "product_de_0022613", "reviewer_id": "reviewer_de_0736276", "stars": "1", "review_body": "Meine Kinder haben kaum damit gespielt und nach 6 Monaten riss es an der Naht obwohl ich sehr leichte Kinder habe.", "review_title": "Qualit\u00e4t sehr schlecht", "language": "de", "product_category": "toy"}
