<benchmark>
  <entries>
    <entry category="CelestialBody" eid="Id1" shape="(X (X) (X) (X) (X) (X))" shape_type="sibling" size="5">
      <originaltripleset>
        <otriple>(15788)_1993_SB | discoverer | Donal_O'Ceallaigh</otriple>
        <otriple>(15788)_1993_SB | orbitalPeriod | 7.72943e+09</otriple>
        <otriple>(15788)_1993_SB | periapsis | 3.9971e+12</otriple>
        <otriple>(15788)_1993_SB | epoch | "2006-03-06"^^xsd:date</otriple>
        <otriple>(15788)_1993_SB | Planet/apoapsis | "7.7151E9"^^&lt;http://dbpedia.org/datatype/kilometre&gt;</otriple>
      </originaltripleset>
      <originaltripleset>
        <otriple>(15788)_1993_SB | discoverer | Donal_O'Ceallaigh</otriple>
        <otriple>(15788)_1993_SB | epoch | "March 6, 2006 (JD2453800.5)"</otriple>
        <otriple>(15788)_1993_SB | orbitalPeriod | 7.72943e+09</otriple>
        <otriple>(15788)_1993_SB | periapsis | 3.9971e+12</otriple>
        <otriple>(15788)_1993_SB | Planet/apoapsis | "7.7151E9"^^&lt;http://dbpedia.org/datatype/kilometre&gt;</otriple>
      </originaltripleset>
      <modifiedtripleset>
        <mtriple>(15788)_1993_SB | discoverer | Donal_O'Ceallaigh</mtriple>
        <mtriple>(15788)_1993_SB | epoch | 2006-03-06</mtriple>
        <mtriple>(15788)_1993_SB | orbitalPeriod | 7729430000.0</mtriple>
        <mtriple>(15788)_1993_SB | periapsis | 3997100000000.0</mtriple>
        <mtriple>(15788)_1993_SB | apoapsis | 7715100000.0 (kilometres)</mtriple>
      </modifiedtripleset>
      <lex comment="good" lid="Id1">Donal O'Ceallaigh discovered 15788 1993 SB which has an epoch date of March 6th, 2006. The periapsis of 15788 1993 SB is 3,997,100,000,000 kilometres and it has an apoapsis of 7,715,100,000 kilometres.</lex>
      <lex comment="good" lid="Id2">Donal O'Ceallaigh discovered (15788) 1993 SB, which has an epoch date of March 6th 2006, an orbital period of 7729430000.0, a periapsis of 3997100000000.0, and an apoapsis of 7715100000.0 km.</lex>
      <lex comment="good" lid="Id3">The celestial body known as (15788) 1993 SB has an epoch date of 6 March 2006 and was discovered by Donal O Ceallaigh. It has an orbital period of 7729430000, a periapsis of 997100000000 and an apoapsis of 7715100000.0 kms.</lex>
    </entry>
    </entries>
</benchmark>