[{"source": "https://www.igboradio.com/index.php/akuko-uwa/22-amerika/243-whitney-houston-anwuola", "headline": "Whitney Houston anwuola", "author": "Chidi Igwe", "date": "2011-11-15T00:00:00Z", "description": "Otu nwany\u1ecb olu \u1ecdma, onye Amer\u1ecbka, a ma ama maka \u1ecbg\u1ee5 egwu, b\u1ee5 Whitney Houston, anw\u1ee5\u1ecdla. E butere ozu Whitney n\u2019ime \u1ee5l\u1ecd oriri n\u2019\u1ecd\u00f1\u1ee5\u00f1\u1ee5 Beverly Hilton.", "content": "A ma Whitney ama maka olu \u1ecdma ya. \u1ecc gbara af\u1ecd 48 tupu \u1ecdnw\u1ee5 egbuo ya. Tupu \u1ecd nw\u1ee5\u1ecd, \u1ecd gara na mpaghara Hollywood ebe a na-eme mmemme nturu ugo Grammy. Grammy b\u1ee5 otu n\u2019ime mmemme nd\u1ecb a na-eji etuwe nd\u1ecb aka ha p\u1ee5tara ihe n\u2019\u1ecbk\u1ee5 egwu ugo.\n\nA na-ekwu na a h\u1ee5r\u1ee5 Whiteney anya \u1ecbkpaz\u1ee5 n\u2019\u1ee5b\u1ecdch\u1ecb T\u1ecdzdee mgbe \u1ecd g\u1ee5chara nwa obere egwu n\u2019ebe ah\u1ee5 a na-eme mmemme Grammy. A h\u1ee5kwara ya anya \u1ecdz\u1ecd na mgbede Fra\u1ecbdee ebe ya na nd\u1ecb enyi ya na-enwe a\u00f1\u1ee5r\u1ecb n\u2019\u1ee5l\u1ecd oriri n\u2019\u1ecd\u00f1\u1ee5\u00f1\u1ee5 Beverly Hilton."}, {"source": "https://www.igboradio.com/index.php/akuko-uwa/21-eshia/508-ihe-mberede-ugboelu-egbuola-mmadu-120-na-pakistan", "headline": "Ihe mberede ugboelu egbuola mmadu 120 na Pakistan", "author": "Chidi Igwe", "date": "2011-11-29T00:00:00Z", "description": "Ozi any\u1ecb siri n\u2019aka nd\u1ecb MSNBC nwete n\u2019ak\u1ecdwa na otu \u1ee5gb\u1ecdelu bu ihe kar\u1ecbr\u1ecb mmad\u1ee5 120 dara n\u2019ihe mberede \u1ee5gb\u1ecdelu na Pakistan. Ihe mberede a mere na Fra\u1ecbdee, ka yab\u1ee5 \u1ee5gb\u1ecdelu na-akwado ifeda n\u2019otu \u1ecdd\u1ee5 \u1ee5gb\u1ecdelu d\u1ecb na Islamabad, isi obodo Pakistan.", "content": "A ka na-eme nnyocha maka igh\u1ecdta ihe kpara ihe mberede a. Mana a na-ak\u1ecdwa na aj\u1ecd \u1ecdn\u1ecdd\u1ee5 ihu eluigwe, nke a h\u1ee5tara mgbe ihe a mere, nwere ike iso n\u2019ihe nd\u1ecb kpatara ihe mberede a. Ihe kar\u1ecbr\u1ecb mmad\u1ee5 120 nw\u1ee5r\u1ee5."}, {"source": "https://www.igboradio.com/index.php/akuko-uwa/19-afrika/627-govano-rochas-okorocha-ezigagoro-adams-oshiomole-ozi-iti-aka-n-obi", "headline": "Govano Rochas Okorocha ezigagoro Adams Oshiomole ozi iti aka n\u2019obi", "author": "Chidi Igwe", "date": "2011-12-29T00:00:00Z", "description": "Ozi any\u1ecb siri n\u2019aka g\u1ecd\u1ecdmenti Steeti Imo nwete na-ekwu n\u2019aka na-ach\u1ecb Steeti Imo, b\u1ee5 Rochas Okorocha, ezigagoro onye ogbo ya, b\u1ee5 Adams Oshiomole, aka na-ach\u1ecb Steeti Edo, ozi iji tie ya aka n\u2019obi maka ihe mberede okporo \u1ee5z\u1ecd ah\u1ee5 dakwas\u1ecbr\u1ecb nd\u1ecb otu ya n\u2019\u1ee5z\u1ecd e si aga Auchi. Na ngw\u1ee5s\u1ecb izu \u1ee5ka a gara aga, ihe mberede okporo \u1ee5z\u1ecd dakwas\u1ecbr\u1ecb \u1ee5gb\u1ecdala nd\u1ecb na-etiri Oshiomole mkpu n\u2019\u1ee5z\u1ecd Auchi.", "content": "Mmad\u1ee5 at\u1ecd nd\u1ecb nta ak\u1ee5k\u1ecd so nd\u1ecb otu Oshiomole eme njem tufuru nd\u1ee5 ha. A na-ak\u1ecdwa na otu \u1ee5gb\u1ecdala gwongworo nyahiere aka, were makwuru, ma kurie \u1ee5gb\u1ecdala oti mkpu G\u1ecdvan\u1ecd Oshiomole, were gbuo mmad\u1ee5 at\u1ecd nd\u1ecb nta ak\u1ee5k\u1ecd.\n\nNd\u1ecb nta ak\u1ee5k\u1ecd nd\u1ecb ah\u1ee5 b\u1ee5 nd\u1ecb na-ar\u1ee5r\u1ee5 AIT na ITV. \u1ee4l\u1ecd mgbasa ozi nd\u1ecb ah\u1ee5 h\u1ecdp\u1ee5tara nd\u1ecb nta ak\u1ee5k\u1ecd ah\u1ee5 ka ha na-eso Oshiomole. Rochas Okorocha zigakwaara nd\u1ecb AIT, ITV na NUJ ozi iti aka n\u2019obi maka \u1ecdnw\u1ee5 nd\u1ecb nta ak\u1ee5k\u1ecd a."}, {"source": "https://www.igboradio.com/index.php/akuko-uwa/20-yuropu/221-ngaghari-iwe-na-london", "headline": "Ngaghari iwe na London", "author": "Chidi Igwe", "date": "2011-12-29T00:00:00Z", "description": "Nd\u1ecb Channels Television na-ak\u1ecdwa n\u2019\u1ee5m\u1ee5 af\u1ecd ala Nigeria bi na United Kingdom na-akwado ime ngaghar\u1ecb iwe na London. Ha ch\u1ecdr\u1ecd iji nke a gosi na ha kw\u1ee5nyere \u1ee5m\u1ee5 nne ha na \u1ee5m\u1ee5 nna ha, nd\u1ecb n\u1ecd na Nigeria na-eme ngaghar\u1ecb iwe. Ha ch\u1ecdr\u1ecd igosi na ha kwadoro oku ah\u1ee5 a na-akp\u1ecd ka g\u1ecd\u1ecdmenti Nigeria weghachi \u1ecdn\u1ee5 ah\u1ecba mman\u1ee5 \u1ee5gb\u1ecdala ebe \u1ecd n\u1ecd mb\u1ee5", "content": "Onye isi otu \u1ee5m\u1ee5 akw\u1ee5kw\u1ecd na mba ofesi (Student Association of Nigeria in Diaspora), Olalekan Oshunkoya, gwara nd\u1ecb nta ak\u1ee5k\u1ecd na nd\u1ecb uwe ojii na London enyego ha nnakwe ime ngaghar\u1ecb iwe n\u2019ogige ebe \u1ee5m\u1ee5 af\u1ecd Nigeria bi na London na-enwe nz\u1ee5k\u1ecd, b\u1ee5 ebe a kp\u1ecdr\u1ecd Nigerian House na bekee.\n\nNgaghar\u1ecb iwe a ga-amalite na Nigerian House na London n\u2019\u1ee5b\u1ecdch\u1ecb Fra\u1ecbdee, abal\u1ecb isii nke \u1ecdnwa a b\u1ee5 Jenuwar\u1ecb."}, {"source": "https://www.igboradio.com/index.php/nchekwa/35-nchekwa-ala-igbo/625-goomenti-steeti-rivers-eliekotana-igwe-mmadu-onu", "headline": "Goomenti Steeti Rivers eliekotana igwe mmadu onu", "author": "Chidi Igwe", "date": "2012-01-13T00:00:00Z", "description": "N\u2019ak\u1ee5k\u1ecd siri na-aka nd\u1ecb Channels Television b\u1ecbara any\u1ecb, g\u1ecd\u1ecdmenti Steeti Rivers eliena mmad\u1ee5 89 n\u2019ime mmad\u1ee5 95 nd\u1ecb ah\u1ee5 \u1ecdk\u1ee5 gbagburu n\u2019\u1ee5b\u1ecdch\u1ecb T\u1ecdzdee. E lik\u1ecdtara ha niile \u1ecdn\u1ee5 n\u2019otu \u1ecdn\u1ee5 ili n\u2019Okobe. A ch\u1ecdp\u1ee5tara nd\u1ecb nwe mmad\u1ee5 6, were bunye ha ozu nd\u1ecb nke ha. E liri mmad\u1ee5 86 nd\u1ecb \u1ecdz\u1ecd a na-amagh\u1ecb nd\u1ecb nwe ha n\u2019obodo Okobe d\u1ecb n\u2019okpuru \u1ecdch\u1ecbch\u1ecb Ahoada West.", "content": "\u1ecc b\u1ee5 g\u1ecbn\u1ecb gburu nd\u1ecb a? Nd\u1ecb uwe ojii na Port-Harcourt na-ekwu n\u2019otu \u1ee5gb\u1ecdala tanka e ji ebu mman\u1ee5 petrol mebiri. Igwe mmad\u1ee5 were gbak\u1ecd\u1ecd ebe ah\u1ee5 na-ezuru mman\u1ee5 petrol. Tanka ah\u1ee5 mechara gbawaa, b\u1ecdr\u1ecd \u1ecdk\u1ee5. \u1ecck\u1ee5 gbagburu mmad\u1ee5 95. Mmad\u1ee5 18 mer\u1ee5r\u1ee5 ah\u1ee5. Mkpamkpa a kpara n\u2019\u1ee5t\u1ee5t\u1ee5 T\u1ecdzdee.\n\n\u1eca ga-echete n\u2019\u1ee5d\u1ecb ihe a emego mb\u1ee5 na Lagos, n\u2019abal\u1ecb 26 nke \u1ecdnwa Disemba af\u1ecd 2006. \u1ecck\u1ee5 gbagburu igwe mmad\u1ee5 ruru 300 ebe ha na-ezu oshi mman\u1ee5 petrol n\u2019ebe nd\u1ecb omekome k\u1ee5puru igwe payp\u1ee5 na-ebu mmanu."}]