<benchmark>
  <entries>
    <entry category="ComicsCharacter" eid="Id1" shape="(X (X))" shape_type="NA" size="1">
      <originaltripleset>
        <otriple>Airman_(comics) | alterEgo | "Drake Stevens"@en</otriple>
      </originaltripleset>
      <modifiedtripleset>
        <mtriple>Airman_(comicsCharacter) | alternativeName | "Drake Stevens"</mtriple>
      </modifiedtripleset>
      <lex comment="good" lid="Id1">"Drake Stevens" is known as the comic character Airman.</lex>
      <lex comment="good" lid="Id2">Airman's alternative name is Drake Stevens.</lex>
      <lex comment="good" lid="Id3">The alternative name of Airman (comics character) is "Drake Stevens".</lex>
    </entry>
    </entries>
</benchmark>