path	sentence	client_id
common_voice_es_19742144.mp3	Tras su lanzamiento ha recibido positivas reseñas por parte de la crítica especializada.	434506bc3f04b27f5c2dbd2fdcf3217c1e3f9da1243bc9f427857471d2f06c3e221b3f5f667f57e8d67f9ae54aa099f28243ffac97ddaf57d232db0846807ec2
common_voice_es_19742146.mp3	Las hojas se secan a la sombra, en un lugar aireado.	434506bc3f04b27f5c2dbd2fdcf3217c1e3f9da1243bc9f427857471d2f06c3e221b3f5f667f57e8d67f9ae54aa099f28243ffac97ddaf57d232db0846807ec2
common_voice_es_19746113.mp3	Su auge se dio con el cambio de siglo.	553951ff6776576ddc8f802965bd70a644b2bb85b8233ba6ce93411eee95fe95afe238ba6de33c5f9f6c9b059256b8100a0eeb0a0fa3ca80ef00fdffab965db9
common_voice_es_19746114.mp3	Es originario del oeste de África tropical y de Borneo.	553951ff6776576ddc8f802965bd70a644b2bb85b8233ba6ce93411eee95fe95afe238ba6de33c5f9f6c9b059256b8100a0eeb0a0fa3ca80ef00fdffab965db9
common_voice_es_19698530.mp3	Habita en aguas poco profundas y rocosas.	0003b969350f5308dc7347c574bc291834f38fdd92a2863b6059349b4be9738133855f3c49c0a6f7b7b01aff4be4573a1b066fbc7e1c26b1b9383c9d787acc5d
common_voice_es_19987333.mp3	Opera principalmente vuelos de cabotaje y regionales de carga.	009891ef9a0c11e1b21a9d8a8318c493382963c9eac3abfe5264e116a222445a6b58b225b2498601d39e1fd382df3af7b93bf6d4bd7fbae4c7de3bcc972e1311
