index	original	translation	scores	mean	z_scores	z_mean	model_scores
0	रैका भन्ने शब्दबाट रैकावर/रैका तप्पा नामाकरण भएको हो ।	Raikawar / Raika Tappa is named from the word raikawar.	[54, 52, 56]	54.0	[1.1808250735195704, 0.6776495439185408, 0.7008038228670544]	0.8530928134350552	-0.21662753820419312
1	यो कुरा हनुमानको पादपीठमा कुँदिएको अभिलेखबाट थाहा पाइन्छ।	It is known from a recipe that is cooked in the paddy of Hanuman.	[37, 27, 32]	32.0	[-0.024806434692821566, -0.9354170788652354, -0.3336311478516781]	-0.43128488713657837	-0.2997801899909973
2	प्रस्तुत काव्यमा छन्दशास्त्रीय नियमअनुसार ‘शिखरिणी’ छन्दको प्रयोग भएको छ ।	According to the rosary rules in the present case, 'Shakespeare' is used.	[1, 9, 5]	5.0	[-1.6697763183633743, -1.3360575947673647, -1.391694118257675]	-1.4658426771294712	-0.2826029360294342
3	सिन्धुलीमाढी शहरमा झन्डै ४० हजार मानीस बसोबास गर्दछन ।	Maanis live nearly 40 thousand in the city of sindh.	[16, 24, 34]	24.666666666666668	[-0.8658263217862707, -0.6336016161560023, -0.05043041476272927]	-0.5166194509016674	-0.2879049479961395
4	भगवान् शिवको हातमा रहेको त्रिशुल, बज्र आयुध नै हुन् ।	The Tree, which is in the hands of the goddess, is a bud.	[13, 15, 16]	14.666666666666666	[-1.1000321461759275, -1.066355918777447, -1.008244804748729]	-1.0582109565673679	-0.39151281118392944
