path	sentence	client_id
common_voice_id_19090410.mp3	"""Cepatlah berangkat!"" ia berujar padaku."	e4a9f157112dd7dbdf0b16ff07a6c067d193440280dd634caced1b972c5ad3600e18eed6bea56a4852218c0039067b7b246063d23cd891637fd7e5d7992b3193
common_voice_id_19090411.mp3	Barang Pak Kimura kecil dan ringan.	e4a9f157112dd7dbdf0b16ff07a6c067d193440280dd634caced1b972c5ad3600e18eed6bea56a4852218c0039067b7b246063d23cd891637fd7e5d7992b3193
common_voice_id_19704619.mp3	Saya hanya makan roti.	54785195e3cfd366e97f8131ed24033cb95d9ec76af1049423a452d3e6ef2bd21ee7310272898b0d75cda9021440a4e93395c543881070596b4ac853b20d7bf8
common_voice_id_19704620.mp3	Tom belum tidur sama sekali sejak kemarin lusa.	54785195e3cfd366e97f8131ed24033cb95d9ec76af1049423a452d3e6ef2bd21ee7310272898b0d75cda9021440a4e93395c543881070596b4ac853b20d7bf8
common_voice_id_19424182.mp3	Itu tadi menarik, ya?	5195551a605cd477a3138da93475ae6c0e7c09daea8c2e2a947861ba038b4474df4e50ee16cbefc6fbe89fc31f6ccc1f38a9f1b512ec9844664a87c551616821
common_voice_id_19982391.mp3	Mencintai kehidupan adalah mencintai Tuhan.	874cedea9be7329a803c0f527c758a23201e1f2f2b6a5bb8bfdd38bf4d86b2902687af09516899a0c7bb68f0756d207169fcedf4bad8d9f970995f73ddcefa10
