[{"conversation_id": "dlg-00355990-b529-47ab-a52a-f29b4186ed29", "instruction_id": "restaurant-16", "utterances": [{"index": 0, "speaker": "ASSISTANT", "text": "Hi, How can I help you?"}, {"index": 1, "speaker": "USER", "text": "Hi, I need help finding a sandwich shop to go eat at.", "segments": [{"start_index": 26, "end_index": 34, "text": "sandwich", "annotations": [{"name": "restaurant.type.food"}]}]}, {"index": 2, "speaker": "ASSISTANT", "text": "Sure, Let me check that for you."}, {"index": 3, "speaker": "USER", "text": "Okay."}, {"index": 4, "speaker": "ASSISTANT", "text": "Ok, I found five places."}, {"index": 5, "speaker": "USER", "text": "Awesome."}, {"index": 6, "speaker": "ASSISTANT", "text": "Zoccoli's Delicatessen at 1534 Pacific Avenue.", "segments": [{"start_index": 0, "end_index": 22, "text": "Zoccoli's Delicatessen", "annotations": [{"name": "restaurant.name.restaurant"}]}, {"start_index": 26, "end_index": 45, "text": "1534 Pacific Avenue", "annotations": [{"name": "restaurant.location"}]}]}, {"index": 7, "speaker": "USER", "text": "Awesome!"}, {"index": 8, "speaker": "ASSISTANT", "text": "Next, The Sandwich Spot at 1010 Pacific Avenue.", "segments": [{"start_index": 6, "end_index": 23, "text": "The Sandwich Spot", "annotations": [{"name": "restaurant.name.restaurant"}]}, {"start_index": 27, "end_index": 46, "text": "1010 Pacific Avenue", "annotations": [{"name": "restaurant.location"}]}]}, {"index": 9, "speaker": "USER", "text": "Okay."}, {"index": 10, "speaker": "ASSISTANT", "text": "Here\u2019s the next one. Erik\u2019s Deli Cafe at 155 Walnut Avenue.", "segments": [{"start_index": 21, "end_index": 37, "text": "Erik\u2019s Deli Cafe", "annotations": [{"name": "restaurant.name.restaurant"}]}, {"start_index": 41, "end_index": 58, "text": "155 Walnut Avenue", "annotations": [{"name": "restaurant.location"}]}]}, {"index": 11, "speaker": "USER", "text": "Okay."}, {"index": 12, "speaker": "ASSISTANT", "text": "Here\u2019s the next one. Togo\u2019s Sandwiches at 902 Ocean Street. Last one. The Picnic Basket at 125 Beach Street.", "segments": [{"start_index": 21, "end_index": 38, "text": "Togo\u2019s Sandwiches", "annotations": [{"name": "restaurant.name.restaurant"}]}, {"start_index": 42, "end_index": 58, "text": "902 Ocean Street", "annotations": [{"name": "restaurant.location"}]}, {"start_index": 70, "end_index": 87, "text": "The Picnic Basket", "annotations": [{"name": "restaurant.name.restaurant"}]}, {"start_index": 91, "end_index": 107, "text": "125 Beach Street", "annotations": [{"name": "restaurant.location"}]}]}, {"index": 13, "speaker": "USER", "text": "Okay."}, {"index": 14, "speaker": "USER", "text": "Some good choices. I think I like Erik's.", "segments": [{"start_index": 34, "end_index": 40, "text": "Erik's", "annotations": [{"name": "restaurant.name.restaurant"}]}]}, {"index": 15, "speaker": "ASSISTANT", "text": "Wonderful! Did you need help with anything else?"}, {"index": 16, "speaker": "USER", "text": "Nothing else. I have some information about some of these. I'll check out Erik's. Thank you for pointing me in that direction.", "segments": [{"start_index": 74, "end_index": 80, "text": "Erik's", "annotations": [{"name": "restaurant.name.restaurant"}]}]}, {"index": 17, "speaker": "ASSISTANT", "text": "Perfect! Have a wonderful night."}, {"index": 18, "speaker": "USER", "text": "You have a wonderful night as well."}]}, {"conversation_id": "dlg-004997dc-c28d-4cd5-85f2-1e155093c57c", "instruction_id": "restaurant-19", "utterances": [{"index": 0, "speaker": "ASSISTANT", "text": "How can I help you?"}, {"index": 1, "speaker": "USER", "text": "Hi, currently I'm in IKEA, California. I'm looking for restaurant to eat dinner.", "segments": [{"start_index": 21, "end_index": 37, "text": "IKEA, California", "annotations": [{"name": "restaurant.location"}]}, {"start_index": 73, "end_index": 79, "text": "dinner", "annotations": [{"name": "restaurant.type.meal"}]}]}, {"index": 2, "speaker": "ASSISTANT", "text": "Any food preferences?"}, {"index": 3, "speaker": "USER", "text": "Some thing like an American food.", "segments": [{"start_index": 19, "end_index": 27, "text": "American", "annotations": [{"name": "restaurant.type.food"}]}]}, {"index": 4, "speaker": "USER", "text": "But, I want a good atmosphere.", "segments": [{"start_index": 14, "end_index": 29, "text": "good atmosphere", "annotations": [{"name": "restaurant.other_description"}]}]}, {"index": 5, "speaker": "ASSISTANT", "text": "I have Wildflower Cafe and Bakery, Chester's Chicken, The Big Blue Cafe.", "segments": [{"start_index": 7, "end_index": 33, "text": "Wildflower Cafe and Bakery", "annotations": [{"name": "restaurant.name.restaurant"}]}, {"start_index": 35, "end_index": 52, "text": "Chester's Chicken", "annotations": [{"name": "restaurant.name.restaurant"}]}, {"start_index": 54, "end_index": 71, "text": "The Big Blue Cafe", "annotations": [{"name": "restaurant.name.restaurant"}]}]}, {"index": 6, "speaker": "USER", "text": "What's the atmosphere like at\u00a0The Big Blue Cafe?", "segments": [{"start_index": 30, "end_index": 47, "text": "The Big Blue Cafe", "annotations": [{"name": "restaurant.name.restaurant"}]}]}, {"index": 7, "speaker": "ASSISTANT", "text": "Causal.", "segments": [{"start_index": 0, "end_index": 6, "text": "Causal", "annotations": [{"name": "restaurant.other_description"}]}]}, {"index": 8, "speaker": "USER", "text": "What's the average cost there?"}, {"index": 9, "speaker": "ASSISTANT", "text": "$8 to $10.", "segments": [{"start_index": 0, "end_index": 9, "text": "$8 to $10", "annotations": [{"name": "restaurant.price_range"}]}]}, {"index": 10, "speaker": "USER", "text": "Okay. Can I order at the counter?"}, {"index": 11, "speaker": "ASSISTANT", "text": "Yes."}, {"index": 12, "speaker": "USER", "text": "Okay, I'll go there, then. So, give me the direction."}, {"index": 13, "speaker": "ASSISTANT", "text": "Address is sent to your email."}, {"index": 14, "speaker": "USER", "text": "Thank you."}, {"index": 15, "speaker": "ASSISTANT", "text": "Bye."}, {"index": 16, "speaker": "USER", "text": "Goodbye."}]}, {"conversation_id": "dlg-005a1861-bf2f-4ade-9ed1-025a4a5aabc1", "instruction_id": "restaurant-14", "utterances": [{"index": 0, "speaker": "ASSISTANT", "text": "How can I help you?"}, {"index": 1, "speaker": "USER", "text": "I am looking for a place to have dinner tonight.", "segments": [{"start_index": 33, "end_index": 39, "text": "dinner", "annotations": [{"name": "restaurant.type.meal"}]}]}, {"index": 2, "speaker": "ASSISTANT", "text": "I see that you're in Austin, Texas. Is that where you would like me to find you a restaurant?", "segments": [{"start_index": 21, "end_index": 34, "text": "Austin, Texas", "annotations": [{"name": "restaurant.location"}]}]}, {"index": 3, "speaker": "USER", "text": "Yes, preferably in the heart of the city."}, {"index": 4, "speaker": "ASSISTANT", "text": "What kind of food are you in the mood for today?"}, {"index": 5, "speaker": "USER", "text": "Burgers and Fries.", "segments": [{"start_index": 0, "end_index": 7, "text": "Burgers", "annotations": [{"name": "restaurant.type.food"}]}, {"start_index": 12, "end_index": 17, "text": "Fries", "annotations": [{"name": "restaurant.type.food"}]}]}, {"index": 6, "speaker": "ASSISTANT", "text": "Okay, got it. You want burgers and fries. Tell me more about what else you're looking for in the restaurant so I can narrow your choices down.", "segments": [{"start_index": 23, "end_index": 30, "text": "burgers", "annotations": [{"name": "restaurant.type.food"}]}, {"start_index": 35, "end_index": 40, "text": "fries", "annotations": [{"name": "restaurant.type.food"}]}]}, {"index": 7, "speaker": "USER", "text": "A full service bar around $20 per plate.", "segments": [{"start_index": 0, "end_index": 18, "text": "A full service bar", "annotations": [{"name": "restaurant.other_description"}]}, {"start_index": 26, "end_index": 39, "text": "$20 per plate", "annotations": [{"name": "restaurant.price_range"}]}]}, {"index": 8, "speaker": "ASSISTANT", "text": "Okay, got it. What else?"}, {"index": 9, "speaker": "USER", "text": "Authentic American food.", "segments": [{"start_index": 10, "end_index": 18, "text": "American", "annotations": [{"name": "restaurant.type.food"}]}]}, {"index": 10, "speaker": "ASSISTANT", "text": "Sure, is there anything more?"}, {"index": 11, "speaker": "USER", "text": "No."}, {"index": 12, "speaker": "ASSISTANT", "text": "I found a highly rated restaurant called Second Floor in Kitchen, it is 4.3 stars out of 5 and it's described is New American tasting menus in a sophisticated setting. How does it sound?", "segments": [{"start_index": 41, "end_index": 64, "text": "Second Floor in Kitchen", "annotations": [{"name": "restaurant.name.restaurant"}]}, {"start_index": 72, "end_index": 90, "text": "4.3 stars out of 5", "annotations": [{"name": "restaurant.rating"}]}, {"start_index": 0, "end_index": 166, "text": "I found a highly rated restaurant called Second Floor in Kitchen, it is 4.3 stars out of 5 and it's described is New American tasting menus in a sophisticated setting", "annotations": [{"name": "restaurant.offical_description"}]}, {"start_index": 117, "end_index": 125, "text": "American", "annotations": [{"name": "restaurant.type.food"}]}]}, {"index": 13, "speaker": "USER", "text": "Actually, I'd rather have Mexican food.", "segments": [{"start_index": 26, "end_index": 33, "text": "Mexican", "annotations": [{"name": "restaurant.type.food"}]}]}, {"index": 14, "speaker": "ASSISTANT", "text": "No problem, do you want the same parameters?"}, {"index": 15, "speaker": "USER", "text": "Yes."}, {"index": 16, "speaker": "ASSISTANT", "text": "There is Fonda San Miguel, it is a sophisticated Mexican restaurant with a Twist on the cuisine and a colorful and Hacienda style space and has 4.3 stars out of 5. Do you want to hear more about the menu?", "segments": [{"start_index": 9, "end_index": 25, "text": "Fonda San Miguel", "annotations": [{"name": "restaurant.name.restaurant"}]}, {"start_index": 49, "end_index": 56, "text": "Mexican", "annotations": [{"name": "restaurant.type.food"}]}, {"start_index": 144, "end_index": 162, "text": "4.3 stars out of 5", "annotations": [{"name": "restaurant.rating"}]}, {"start_index": 0, "end_index": 162, "text": "There is Fonda San Miguel, it is a sophisticated Mexican restaurant with a Twist on the cuisine and a colorful and Hacienda style space and has 4.3 stars out of 5", "annotations": [{"name": "restaurant.offical_description"}]}]}, {"index": 17, "speaker": "USER", "text": "No, that sounds good."}, {"index": 18, "speaker": "ASSISTANT", "text": "Would you like to know the address, phone number or the hours?"}, {"index": 19, "speaker": "USER", "text": "The address."}, {"index": 20, "speaker": "ASSISTANT", "text": "They are located at 2330 W N Loop Blvd.", "segments": [{"start_index": 20, "end_index": 38, "text": "2330 W N Loop Blvd", "annotations": [{"name": "restaurant.location"}]}]}, {"index": 21, "speaker": "ASSISTANT", "text": "See you later."}]}, {"conversation_id": "dlg-006d3491-3a42-472e-986c-bba79dd801c9", "instruction_id": "dinner-2", "utterances": [{"index": 0, "speaker": "ASSISTANT", "text": "Hello. How may I help you?"}, {"index": 1, "speaker": "USER", "text": "Hi Assistant. What should I do for dinner tonight?"}, {"index": 2, "speaker": "ASSISTANT", "text": "Would you like to order, take-out, cook at home or go out?"}, {"index": 3, "speaker": "USER", "text": "I'd like to order in."}, {"index": 4, "speaker": "ASSISTANT", "text": "What type of food and how many?"}, {"index": 5, "speaker": "USER", "text": "I think I want to order like hamburgers and hot dogs for three people."}, {"index": 6, "speaker": "ASSISTANT", "text": "Anything else?"}, {"index": 7, "speaker": "USER", "text": "Just some drinks and French fries."}, {"index": 8, "speaker": "ASSISTANT", "text": "Okay, done."}, {"index": 9, "speaker": "USER", "text": "That sounds great."}, {"index": 10, "speaker": "ASSISTANT", "text": "Anything else?"}, {"index": 11, "speaker": "USER", "text": "Nothing else today."}, {"index": 12, "speaker": "ASSISTANT", "text": "Goodbye."}, {"index": 13, "speaker": "USER", "text": "Bye."}]}, {"conversation_id": "dlg-007456aa-0354-4570-9464-ddbde9959b5b", "instruction_id": "restaurant-18", "utterances": [{"index": 0, "speaker": "ASSISTANT", "text": "Hello."}, {"index": 1, "speaker": "USER", "text": "I'm looking for a place to have dinner in Washington DC.", "segments": [{"start_index": 32, "end_index": 38, "text": "dinner", "annotations": [{"name": "restaurant.type.meal"}]}, {"start_index": 42, "end_index": 55, "text": "Washington DC", "annotations": [{"name": "restaurant.location"}]}]}, {"index": 2, "speaker": "ASSISTANT", "text": "Is there a particular thing that is most important to you when searching for restaurants?"}, {"index": 3, "speaker": "USER", "text": "I would like the place to be formal and have live music.", "segments": [{"start_index": 29, "end_index": 35, "text": "formal", "annotations": [{"name": "restaurant.other_description"}]}, {"start_index": 45, "end_index": 55, "text": "live music", "annotations": [{"name": "restaurant.other_description"}]}]}, {"index": 4, "speaker": "ASSISTANT", "text": "What kind of food do you want to eat?"}, {"index": 5, "speaker": "USER", "text": "Burgers.", "segments": [{"start_index": 0, "end_index": 7, "text": "Burgers", "annotations": [{"name": "restaurant.type.food"}]}]}, {"index": 6, "speaker": "ASSISTANT", "text": "Do you prefer any restaurant ratings?"}, {"index": 7, "speaker": "USER", "text": "At least four stars.", "segments": [{"start_index": 0, "end_index": 19, "text": "At least four stars", "annotations": [{"name": "restaurant.rating"}]}]}, {"index": 8, "speaker": "ASSISTANT", "text": "I found a restaurant for you called the Good Stuff Eatery.", "segments": [{"start_index": 36, "end_index": 57, "text": "the Good Stuff Eatery", "annotations": [{"name": "restaurant.name.restaurant"}]}]}, {"index": 9, "speaker": "ASSISTANT", "text": "Casual, multilevel upscale-industrial spot serving gourmet burgers, fries, shakes & salads.", "segments": [{"start_index": 0, "end_index": 90, "text": "Casual, multilevel upscale-industrial spot serving gourmet burgers, fries, shakes & salads", "annotations": [{"name": "restaurant.offical_description"}]}, {"start_index": 51, "end_index": 66, "text": "gourmet burgers", "annotations": [{"name": "restaurant.type.food"}]}, {"start_index": 68, "end_index": 73, "text": "fries", "annotations": [{"name": "restaurant.type.food"}]}, {"start_index": 75, "end_index": 81, "text": "shakes", "annotations": [{"name": "restaurant.type.food"}]}, {"start_index": 84, "end_index": 90, "text": "salads", "annotations": [{"name": "restaurant.type.food"}]}]}, {"index": 10, "speaker": "USER", "text": "Okay, I'll choose that."}, {"index": 11, "speaker": "ASSISTANT", "text": "You're all set, enjoy your meal."}, {"index": 12, "speaker": "USER", "text": "Thank you."}]}]