<benchmark>
  <entries>
    <entry category="City" eid="Id1" shape="(X (X))" shape_type="NA" size="1">
      <originaltripleset>
        <otriple>Albany,_Georgia | areaCode | "229"</otriple>
      </originaltripleset>
      <modifiedtripleset>
        <mtriple>Albany,_Georgia | areaCode | 229</mtriple>
      </modifiedtripleset>
      <lex comment="good" lid="Id1">The area code for Albany, Georgia is 229.</lex>
      <lex comment="good" lid="Id2">The area code for Albany, Georgia, is 229.</lex>
      <lex comment="good" lid="Id3">The area code of Albany in Georgia is 229.</lex>
    </entry>
    </entries>
</benchmark>