{"language": "en", "values": [{"input": ["Aarhus_Airport | cityServed | \"Aarhus, Denmark\""], "target": ["The Aarhus is the airport of Aarhus, Denmark.", "Aarhus Airport serves the city of Aarhus, Denmark."], "category": "Airport", "id": 0, "webnlg-id": "train/Airport/1/Id1"}, {"input": ["Aarhus_Airport | cityServed | Aarhus"], "target": ["Aarhus airport serves the city of Aarhus."], "category": "Airport", "id": 1, "webnlg-id": "train/Airport/1/Id2"}, {"input": ["Aarhus_Airport | elevationAboveTheSeaLevel | 25.0"], "target": ["Aarhus Airport is 25 metres above sea level.", "Aarhus airport is at an elevation of 25 metres above seal level.", "Aarhus Airport is 25.0 metres above the sea level."], "category": "Airport", "id": 2, "webnlg-id": "train/Airport/1/Id3"}, {"input": ["Aarhus_Airport | location | Tirstrup"], "target": ["Aarhus Airport is located in Tirstrup.", "The location of Aarhus Airport is Tirstrup."], "category": "Airport", "id": 3, "webnlg-id": "train/Airport/1/Id4"}, {"input": ["Aarhus_Airport | operatingOrganisation | \"Aarhus Lufthavn A/S\""], "target": ["Aarhus Airport is operated by Aarhus Lufthavn A/S.", "Aarhus Lufthavn A/S is the operation organisation of Aarhus Airport."], "category": "Airport", "id": 4, "webnlg-id": "train/Airport/1/Id5"}]}