[{"dialogue_id": "13_00000", "services": ["Events_3", "Payment_1"], "turns": [{"frames": [{"actions": [{"act": "INFORM", "canonical_values": ["London"], "slot": "city", "values": ["London"]}, {"act": "INFORM", "canonical_values": ["2019-03-07"], "slot": "date", "values": ["Thursday next week"]}, {"act": "INFORM_INTENT", "canonical_values": ["FindEvents"], "slot": "intent", "values": ["FindEvents"]}], "service": "Events_3", "slots": [{"exclusive_end": 58, "slot": "city", "start": 52}, {"exclusive_end": 80, "slot": "date", "start": 62}], "state": {"active_intent": "FindEvents", "requested_slots": [], "slot_values": {"city": ["London"], "date": ["Thursday next week"]}}}], "speaker": "USER", "utterance": "I am looking for something interesting to do around London on Thursday next week."}, {"frames": [{"actions": [{"act": "REQUEST", "canonical_values": [], "slot": "event_type", "values": []}], "service": "Events_3", "slots": []}], "speaker": "SYSTEM", "utterance": "Which type of event are you looking for?"}, {"frames": [{"actions": [{"act": "INFORM", "canonical_values": ["Theater"], "slot": "event_type", "values": ["Theater"]}], "service": "Events_3", "slots": [], "state": {"active_intent": "FindEvents", "requested_slots": [], "slot_values": {"city": ["London"], "date": ["Thursday next week"], "event_type": ["Theater"]}}}], "speaker": "USER", "utterance": "I am looking for stage show."}, {"frames": [{"actions": [{"act": "OFFER", "canonical_values": ["A Right Royale Tea"], "slot": "event_name", "values": ["A Right Royale Tea"]}, {"act": "OFFER", "canonical_values": ["Amba Hotel Charing Cross"], "slot": "venue", "values": ["Amba Hotel Charing Cross"]}, {"act": "OFFER", "canonical_values": ["2019-03-07"], "slot": "date", "values": ["March 7th"]}, {"act": "OFFER", "canonical_values": ["19:30"], "slot": "time", "values": ["7:30 pm"]}], "service": "Events_3", "service_call": {"method": "FindEvents", "parameters": {"city": "London", "date": "2019-03-07", "event_type": "Theater"}}, "service_results": [{"city": "London", "date": "2019-03-07", "event_name": "A Right Royale Tea", "event_type": "Theater", "price_per_ticket": "35", "time": "19:30", "venue": "Amba Hotel Charing Cross", "venue_address": "Strand"}, {"city": "London", "date": "2019-03-07", "event_name": "Academy Performing Arts", "event_type": "Theater", "price_per_ticket": "45", "time": "19:30", "venue": "Academy Performing Arts", "venue_address": "Academy Performing Arts, 2 Archery Road"}, {"city": "London", "date": "2019-03-07", "event_name": "All The Little Lights", "event_type": "Theater", "price_per_ticket": "25", "time": "18:00", "venue": "Tristan Bates Theatre", "venue_address": "1A Tower Street"}, {"city": "London", "date": "2019-03-07", "event_name": "Becoming The Invisible Woman", "event_type": "Theater", "price_per_ticket": "35", "time": "17:30", "venue": "Drayton Arms Theatre", "venue_address": "153 Old Brompton Road"}, {"city": "London", "date": "2019-03-07", "event_name": "Beyond The Blue", "event_type": "Theater", "price_per_ticket": "50", "time": "17:30", "venue": "Poplar Union", "venue_address": "2 Cotall Street"}, {"city": "London", "date": "2019-03-07", "event_name": "Boat Show Comedy Club", "event_type": "Theater", "price_per_ticket": "20", "time": "19:00", "venue": "The Boat Show Comedy Club", "venue_address": "Salsa! Temple, Ps Tattershall Castle, Temple Station, Victoria Embankment"}, {"city": "London", "date": "2019-03-07", "event_name": "Boris Rex", "event_type": "Theater", "price_per_ticket": "50", "time": "17:00", "venue": "Tristan Bates Theatre", "venue_address": "1A Tower Street"}, {"city": "London", "date": "2019-03-07", "event_name": "Caspa Arts Collaborative Theatre", "event_type": "Theater", "price_per_ticket": "35", "time": "18:00", "venue": "Drayton Arms Theatre", "venue_address": "153 Old Brompton Road"}, {"city": "London", "date": "2019-03-07", "event_name": "Christmas Drama Workshop", "event_type": "Theater", "price_per_ticket": "60", "time": "16:30", "venue": "Harmony Hall", "venue_address": "10 Truro Road"}, {"city": "London", "date": "2019-03-07", "event_name": "Club Briefs", "event_type": "Theater", "price_per_ticket": "25", "time": "16:30", "venue": "Wonderground", "venue_address": "337-338 Belvedere Road"}], "slots": [{"exclusive_end": 54, "slot": "event_name", "start": 36}, {"exclusive_end": 95, "slot": "venue", "start": 71}, {"exclusive_end": 119, "slot": "date", "start": 110}, {"exclusive_end": 106, "slot": "time", "start": 99}]}], "speaker": "SYSTEM", "utterance": "There is a very popular show called A Right Royale Tea taking place at Amba Hotel Charing Cross at 7:30 pm on March 7th."}, {"frames": [{"actions": [{"act": "REQUEST", "canonical_values": [], "slot": "price_per_ticket", "values": []}, {"act": "REQUEST", "canonical_values": [], "slot": "venue_address", "values": []}], "service": "Events_3", "slots": [], "state": {"active_intent": "FindEvents", "requested_slots": ["price_per_ticket", "venue_address"], "slot_values": {"city": ["London"], "date": ["March 7th", "Thursday next week"], "event_type": ["Theater"]}}}], "speaker": "USER", "utterance": "Can you find me the cost of one ticket and the address of the venue?"}, {"frames": [{"actions": [{"act": "INFORM", "canonical_values": ["35"], "slot": "price_per_ticket", "values": ["$35"]}, {"act": "INFORM", "canonical_values": ["Strand"], "slot": "venue_address", "values": ["Strand"]}], "service": "Events_3", "slots": [{"exclusive_end": 65, "slot": "price_per_ticket", "start": 62}, {"exclusive_end": 30, "slot": "venue_address", "start": 24}]}], "speaker": "SYSTEM", "utterance": "The venue is located in Strand and the cost for one ticket is $35."}, {"frames": [{"actions": [{"act": "SELECT", "canonical_values": [], "slot": "", "values": []}], "service": "Events_3", "slots": [], "state": {"active_intent": "FindEvents", "requested_slots": [], "slot_values": {"city": ["London"], "date": ["March 7th", "Thursday next week"], "event_name": ["A Right Royale Tea"], "event_type": ["Theater"]}}}], "speaker": "USER", "utterance": "That sounds great to me."}, {"frames": [{"actions": [{"act": "REQ_MORE", "canonical_values": [], "slot": "", "values": []}], "service": "Events_3", "slots": []}], "speaker": "SYSTEM", "utterance": "Is there anything else I can help you with?"}, {"frames": [{"actions": [{"act": "INFORM", "canonical_values": ["71"], "slot": "amount", "values": ["seventy one bucks"]}, {"act": "INFORM_INTENT", "canonical_values": ["RequestPayment"], "slot": "intent", "values": ["RequestPayment"]}], "service": "Payment_1", "slots": [{"exclusive_end": 46, "slot": "amount", "start": 29}], "state": {"active_intent": "RequestPayment", "requested_slots": [], "slot_values": {"amount": ["seventy one bucks"]}}}], "speaker": "USER", "utterance": "Can you request a payment of seventy one bucks for me?"}, {"frames": [{"actions": [{"act": "REQUEST", "canonical_values": [], "slot": "receiver", "values": []}], "service": "Payment_1", "slots": []}], "speaker": "SYSTEM", "utterance": "What is the name of the contact you want to request the payment from?"}, {"frames": [{"actions": [{"act": "INFORM", "canonical_values": ["Isabella"], "slot": "receiver", "values": ["Isabella"]}], "service": "Payment_1", "slots": [{"exclusive_end": 35, "slot": "receiver", "start": 27}], "state": {"active_intent": "RequestPayment", "requested_slots": [], "slot_values": {"amount": ["seventy one bucks"], "receiver": ["Isabella"]}}}], "speaker": "USER", "utterance": "The name of the contact is Isabella."}, {"frames": [{"actions": [{"act": "CONFIRM", "canonical_values": ["Isabella"], "slot": "receiver", "values": ["Isabella"]}, {"act": "CONFIRM", "canonical_values": ["71"], "slot": "amount", "values": ["$71"]}, {"act": "CONFIRM", "canonical_values": ["False"], "slot": "private_visibility", "values": ["False"]}], "service": "Payment_1", "slots": [{"exclusive_end": 69, "slot": "receiver", "start": 61}, {"exclusive_end": 55, "slot": "amount", "start": 52}]}], "speaker": "SYSTEM", "utterance": "Please confirm: You want me to request a payment of $71 from Isabella."}, {"frames": [{"actions": [{"act": "AFFIRM", "canonical_values": [], "slot": "", "values": []}], "service": "Payment_1", "slots": [], "state": {"active_intent": "RequestPayment", "requested_slots": [], "slot_values": {"amount": ["$71", "seventy one bucks"], "private_visibility": ["False"], "receiver": ["Isabella"]}}}], "speaker": "USER", "utterance": "Yes, that is correct."}, {"frames": [{"actions": [{"act": "NOTIFY_SUCCESS", "canonical_values": [], "slot": "", "values": []}], "service": "Payment_1", "service_call": {"method": "RequestPayment", "parameters": {"amount": "71", "private_visibility": "False", "receiver": "Isabella"}}, "service_results": [{"amount": "71", "private_visibility": "False", "receiver": "Isabella"}], "slots": []}], "speaker": "SYSTEM", "utterance": "I have successfully made the request for the payment."}, {"frames": [{"actions": [{"act": "INFORM_INTENT", "canonical_values": ["BuyEventTickets"], "slot": "intent", "values": ["BuyEventTickets"]}], "service": "Events_3", "slots": [], "state": {"active_intent": "BuyEventTickets", "requested_slots": [], "slot_values": {"city": ["London"], "date": ["March 7th", "Thursday next week"], "event_name": ["A Right Royale Tea"], "event_type": ["Theater"]}}}, {"actions": [{"act": "THANK_YOU", "canonical_values": [], "slot": "", "values": []}], "service": "Payment_1", "slots": [], "state": {"active_intent": "RequestPayment", "requested_slots": [], "slot_values": {"amount": ["$71", "seventy one bucks"], "private_visibility": ["False"], "receiver": ["Isabella"]}}}], "speaker": "USER", "utterance": "Thank you for that! Can you buy me tickets for the event you just found?"}, {"frames": [{"actions": [{"act": "REQUEST", "canonical_values": [], "slot": "number_of_tickets", "values": []}], "service": "Events_3", "slots": []}], "speaker": "SYSTEM", "utterance": "Can you please confirm me the number of required tickets?"}, {"frames": [{"actions": [{"act": "INFORM", "canonical_values": ["1"], "slot": "number_of_tickets", "values": ["1"]}], "service": "Events_3", "slots": [], "state": {"active_intent": "BuyEventTickets", "requested_slots": [], "slot_values": {"city": ["London"], "date": ["March 7th", "Thursday next week"], "event_name": ["A Right Royale Tea"], "event_type": ["Theater"], "number_of_tickets": ["1"]}}}], "speaker": "USER", "utterance": "I would like to book one ticket."}, {"frames": [{"actions": [{"act": "CONFIRM", "canonical_values": ["A Right Royale Tea"], "slot": "event_name", "values": ["A Right Royale Tea"]}, {"act": "CONFIRM", "canonical_values": ["1"], "slot": "number_of_tickets", "values": ["1"]}, {"act": "CONFIRM", "canonical_values": ["2019-03-07"], "slot": "date", "values": ["March 7th"]}, {"act": "CONFIRM", "canonical_values": ["London"], "slot": "city", "values": ["London"]}], "service": "Events_3", "slots": [{"exclusive_end": 71, "slot": "event_name", "start": 53}, {"exclusive_end": 107, "slot": "date", "start": 98}, {"exclusive_end": 94, "slot": "city", "start": 88}]}], "speaker": "SYSTEM", "utterance": "Please confirm: You want me to book 1 ticket for for A Right Royale Tea taking place in London on March 7th."}, {"frames": [{"actions": [{"act": "INFORM", "canonical_values": ["3"], "slot": "number_of_tickets", "values": ["3"]}, {"act": "NEGATE", "canonical_values": [], "slot": "", "values": []}], "service": "Events_3", "slots": [], "state": {"active_intent": "BuyEventTickets", "requested_slots": [], "slot_values": {"city": ["London"], "date": ["March 7th", "Thursday next week"], "event_name": ["A Right Royale Tea"], "event_type": ["Theater"], "number_of_tickets": ["3"]}}}], "speaker": "USER", "utterance": "No, Make it three tickets."}, {"frames": [{"actions": [{"act": "CONFIRM", "canonical_values": ["3"], "slot": "number_of_tickets", "values": ["3"]}, {"act": "CONFIRM", "canonical_values": ["2019-03-07"], "slot": "date", "values": ["March 7th"]}], "service": "Events_3", "slots": [{"exclusive_end": 59, "slot": "date", "start": 50}]}], "speaker": "SYSTEM", "utterance": "Please confirm: You want me to book 3 tickets for March 7th."}, {"frames": [{"actions": [{"act": "AFFIRM", "canonical_values": [], "slot": "", "values": []}], "service": "Events_3", "slots": [], "state": {"active_intent": "BuyEventTickets", "requested_slots": [], "slot_values": {"city": ["London"], "date": ["March 7th", "Thursday next week"], "event_name": ["A Right Royale Tea"], "event_type": ["Theater"], "number_of_tickets": ["3"]}}}], "speaker": "USER", "utterance": "Yes, That is correct."}, {"frames": [{"actions": [{"act": "NOTIFY_SUCCESS", "canonical_values": [], "slot": "", "values": []}], "service": "Events_3", "service_call": {"method": "BuyEventTickets", "parameters": {"city": "London", "date": "2019-03-07", "event_name": "A Right Royale Tea", "number_of_tickets": "3"}}, "service_results": [{"city": "London", "date": "2019-03-07", "event_name": "A Right Royale Tea", "number_of_tickets": "3", "price_per_ticket": "35", "time": "19:30", "venue": "Amba Hotel Charing Cross", "venue_address": "Strand"}], "slots": []}], "speaker": "SYSTEM", "utterance": "I have successfully booked your tickets. Enjoy the show."}, {"frames": [{"actions": [{"act": "THANK_YOU", "canonical_values": [], "slot": "", "values": []}], "service": "Events_3", "slots": [], "state": {"active_intent": "BuyEventTickets", "requested_slots": [], "slot_values": {"city": ["London"], "date": ["March 7th", "Thursday next week"], "event_name": ["A Right Royale Tea"], "event_type": ["Theater"], "number_of_tickets": ["3"]}}}], "speaker": "USER", "utterance": "Okay. Thank you so much!"}, {"frames": [{"actions": [{"act": "REQ_MORE", "canonical_values": [], "slot": "", "values": []}], "service": "Events_3", "slots": []}], "speaker": "SYSTEM", "utterance": "Is there anything else I can help you with?"}, {"frames": [{"actions": [{"act": "NEGATE", "canonical_values": [], "slot": "", "values": []}, {"act": "THANK_YOU", "canonical_values": [], "slot": "", "values": []}], "service": "Events_3", "slots": [], "state": {"active_intent": "NONE", "requested_slots": [], "slot_values": {"city": ["London"], "date": ["March 7th", "Thursday next week"], "event_name": ["A Right Royale Tea"], "event_type": ["Theater"], "number_of_tickets": ["3"]}}}], "speaker": "USER", "utterance": "No. That will be all. Thank you!"}, {"frames": [{"actions": [{"act": "GOODBYE", "canonical_values": [], "slot": "", "values": []}], "service": "Events_3", "slots": []}], "speaker": "SYSTEM", "utterance": "I am glad I could help. Have a nice day!"}]}, {"dialogue_id": "13_00001", "services": ["Events_3", "Payment_1"], "turns": [{"frames": [{"actions": [{"act": "INFORM", "canonical_values": ["Music"], "slot": "event_type", "values": ["Music"]}, {"act": "INFORM_INTENT", "canonical_values": ["FindEvents"], "slot": "intent", "values": ["FindEvents"]}], "service": "Events_3", "slots": [], "state": {"active_intent": "FindEvents", "requested_slots": [], "slot_values": {"event_type": ["Music"]}}}], "speaker": "USER", "utterance": "i need to use my leisure hours in a useful way. will you find me some thing interesting to do? i like concert."}, {"frames": [{"actions": [{"act": "REQUEST", "canonical_values": [], "slot": "city", "values": []}], "service": "Events_3", "slots": []}], "speaker": "SYSTEM", "utterance": "In which city should i search in for?"}, {"frames": [{"actions": [{"act": "INFORM", "canonical_values": ["San Diego"], "slot": "city", "values": ["SD"]}], "service": "Events_3", "slots": [{"exclusive_end": 34, "slot": "city", "start": 32}], "state": {"active_intent": "FindEvents", "requested_slots": [], "slot_values": {"city": ["SD"], "event_type": ["Music"]}}}], "speaker": "USER", "utterance": "I need to find something around SD."}, {"frames": [{"actions": [{"act": "OFFER", "canonical_values": ["Alejandro Sanz"], "slot": "event_name", "values": ["alejandro sanz"]}, {"act": "OFFER", "canonical_values": ["Cal Coast Credit Union Amphitheater"], "slot": "venue", "values": ["Cal COast Credit Union Amphitheater"]}, {"act": "OFFER", "canonical_values": ["2019-03-07"], "slot": "date", "values": ["March 7th"]}, {"act": "OFFER", "canonical_values": ["19:30"], "slot": "time", "values": ["7:30 pm"]}, {"act": "INFORM_COUNT", "canonical_values": ["10"], "slot": "count", "values": ["10"]}], "service": "Events_3", "service_call": {"method": "FindEvents", "parameters": {"city": "San Diego", "event_type": "Music"}}, "service_results": [{"city": "San Diego", "date": "2019-03-07", "event_name": "Alejandro Sanz", "event_type": "Music", "price_per_ticket": "50", "time": "19:30", "venue": "Cal Coast Credit Union Amphitheater", "venue_address": "5500 Campanile Drive"}, {"city": "San Diego", "date": "2019-03-04", "event_name": "Angel Olsen", "event_type": "Music", "price_per_ticket": "30", "time": "17:00", "venue": "The Observatory North Park", "venue_address": "2891 University Avenue"}, {"city": "San Diego", "date": "2019-03-07", "event_name": "Bastille", "event_type": "Music", "price_per_ticket": "55", "time": "18:30", "venue": "Cal Coast Credit Union Amphitheater", "venue_address": "5500 Campanile Drive"}, {"city": "San Diego", "date": "2019-03-01", "event_name": "Benjamin Francis Leftwich", "event_type": "Music", "price_per_ticket": "35", "time": "17:30", "venue": "The Irenic", "venue_address": "3090 Polk Avenue"}, {"city": "San Diego", "date": "2019-03-07", "event_name": "Devendra Banhart", "event_type": "Music", "price_per_ticket": "30", "time": "16:00", "venue": "The Observatory North Park", "venue_address": "2891 University Avenue"}, {"city": "San Diego", "date": "2019-03-09", "event_name": "Fidlar", "event_type": "Music", "price_per_ticket": "25", "time": "16:30", "venue": "The Observatory North Park", "venue_address": "2891 University Avenue"}, {"city": "San Diego", "date": "2019-03-07", "event_name": "Greta Van Fleet", "event_type": "Music", "price_per_ticket": "45", "time": "17:00", "venue": "Cal Coast Credit Union Amphitheater", "venue_address": "5500 Campanile Drive"}, {"city": "San Diego", "date": "2019-03-11", "event_name": "Hozier", "event_type": "Music", "price_per_ticket": "35", "time": "16:00", "venue": "Cal Coast Credit Union Amphitheater", "venue_address": "5500 Campanile Drive"}, {"city": "San Diego", "date": "2019-03-11", "event_name": "Ingrid Michaelson", "event_type": "Music", "price_per_ticket": "25", "time": "18:00", "venue": "The Observatory North Park", "venue_address": "2891 University Avenue"}, {"city": "San Diego", "date": "2019-03-13", "event_name": "Johnny Mathis", "event_type": "Music", "price_per_ticket": "55", "time": "16:30", "venue": "Copley Symphony Hall", "venue_address": "Seventh Avenue"}], "slots": [{"exclusive_end": 64, "slot": "event_name", "start": 50}, {"exclusive_end": 139, "slot": "venue", "start": 104}, {"exclusive_end": 172, "slot": "date", "start": 163}, {"exclusive_end": 201, "slot": "time", "start": 194}]}], "speaker": "SYSTEM", "utterance": "I found 10 events as per your interest. The event alejandro sanz is very popular. It is taking place at Cal COast Credit Union Amphitheater. It is taking place on March 7th and will be start at 7:30 pm."}, {"frames": [{"actions": [{"act": "SELECT", "canonical_values": [], "slot": "", "values": []}], "service": "Events_3", "slots": [], "state": {"active_intent": "FindEvents", "requested_slots": [], "slot_values": {"city": ["SD"], "date": ["March 7th"], "event_name": ["alejandro sanz"], "event_type": ["Music"]}}}], "speaker": "USER", "utterance": "That sounds great."}, {"frames": [{"actions": [{"act": "OFFER_INTENT", "canonical_values": ["BuyEventTickets"], "slot": "intent", "values": ["BuyEventTickets"]}], "service": "Events_3", "slots": []}], "speaker": "SYSTEM", "utterance": "Whether i need to buy tickets for this event?"}, {"frames": [{"actions": [{"act": "NEGATE_INTENT", "canonical_values": [], "slot": "", "values": []}], "service": "Events_3", "slots": [], "state": {"active_intent": "NONE", "requested_slots": [], "slot_values": {"city": ["SD"], "date": ["March 7th"], "event_name": ["alejandro sanz"], "event_type": ["Music"]}}}, {"actions": [{"act": "INFORM_INTENT", "canonical_values": ["RequestPayment"], "slot": "intent", "values": ["RequestPayment"]}], "service": "Payment_1", "slots": [], "state": {"active_intent": "RequestPayment", "requested_slots": [], "slot_values": {}}}], "speaker": "USER", "utterance": "No, not now, will you request a payment?"}, {"frames": [{"actions": [{"act": "REQUEST", "canonical_values": [], "slot": "amount", "values": []}, {"act": "REQUEST", "canonical_values": [], "slot": "receiver", "values": []}], "service": "Payment_1", "slots": []}], "speaker": "SYSTEM", "utterance": "What is the amount and the name of the contact?"}, {"frames": [{"actions": [{"act": "INFORM", "canonical_values": ["162"], "slot": "amount", "values": ["162 bucks"]}, {"act": "INFORM", "canonical_values": ["Diego"], "slot": "receiver", "values": ["DIego"]}], "service": "Payment_1", "slots": [{"exclusive_end": 24, "slot": "amount", "start": 15}, {"exclusive_end": 85, "slot": "receiver", "start": 80}], "state": {"active_intent": "RequestPayment", "requested_slots": [], "slot_values": {"amount": ["162 bucks"], "receiver": ["DIego"]}}}], "speaker": "USER", "utterance": "Amount will be 162 bucks and the name of the person to make transaction is with DIego."}, {"frames": [{"actions": [{"act": "CONFIRM", "canonical_values": ["Diego"], "slot": "receiver", "values": ["Diego"]}, {"act": "CONFIRM", "canonical_values": ["162"], "slot": "amount", "values": ["$162"]}, {"act": "CONFIRM", "canonical_values": ["False"], "slot": "private_visibility", "values": ["False"]}], "service": "Payment_1", "slots": [{"exclusive_end": 82, "slot": "receiver", "start": 77}, {"exclusive_end": 98, "slot": "amount", "start": 94}]}], "speaker": "SYSTEM", "utterance": "Please confirm the following details. A payment request need to be made with Diego for amount $162. Your transaction is public"}, {"frames": [{"actions": [{"act": "AFFIRM", "canonical_values": [], "slot": "", "values": []}], "service": "Payment_1", "slots": [], "state": {"active_intent": "RequestPayment", "requested_slots": [], "slot_values": {"amount": ["$162", "162 bucks"], "private_visibility": ["False"], "receiver": ["DIego", "Diego"]}}}], "speaker": "USER", "utterance": "ok that sounds good."}, {"frames": [{"actions": [{"act": "NOTIFY_SUCCESS", "canonical_values": [], "slot": "", "values": []}], "service": "Payment_1", "service_call": {"method": "RequestPayment", "parameters": {"amount": "162", "private_visibility": "False", "receiver": "Diego"}}, "service_results": [{"amount": "162", "private_visibility": "False", "receiver": "Diego"}], "slots": []}], "speaker": "SYSTEM", "utterance": "Your payment request was made successfully."}, {"frames": [{"actions": [{"act": "INFORM", "canonical_values": ["1"], "slot": "number_of_tickets", "values": ["1"]}, {"act": "INFORM_INTENT", "canonical_values": ["BuyEventTickets"], "slot": "intent", "values": ["BuyEventTickets"]}], "service": "Events_3", "slots": [], "state": {"active_intent": "BuyEventTickets", "requested_slots": [], "slot_values": {"city": ["SD"], "date": ["March 7th"], "event_name": ["alejandro sanz"], "event_type": ["Music"], "number_of_tickets": ["1"]}}}], "speaker": "USER", "utterance": "I need to purchase tickets for the event you found earlier. I need 1 ticket."}, {"frames": [{"actions": [{"act": "CONFIRM", "canonical_values": ["Alejandro Sanz"], "slot": "event_name", "values": ["ALejandro Sanz"]}, {"act": "CONFIRM", "canonical_values": ["1"], "slot": "number_of_tickets", "values": ["1"]}, {"act": "CONFIRM", "canonical_values": ["2019-03-07"], "slot": "date", "values": ["March 7th"]}, {"act": "CONFIRM", "canonical_values": ["San Diego"], "slot": "city", "values": ["San diego"]}], "service": "Events_3", "slots": [{"exclusive_end": 82, "slot": "event_name", "start": 68}, {"exclusive_end": 144, "slot": "date", "start": 135}, {"exclusive_end": 184, "slot": "city", "start": 175}]}], "speaker": "SYSTEM", "utterance": "Please check and review the following details. Ticket is booked for ALejandro Sanz.You need 1 ticket as reservation. The date of it is March 7th. the event is taking place in San diego."}, {"frames": [{"actions": [{"act": "INFORM", "canonical_values": ["3"], "slot": "number_of_tickets", "values": ["3"]}, {"act": "NEGATE", "canonical_values": [], "slot": "", "values": []}], "service": "Events_3", "slots": [], "state": {"active_intent": "BuyEventTickets", "requested_slots": [], "slot_values": {"city": ["SD", "San diego"], "date": ["March 7th"], "event_name": ["ALejandro Sanz", "alejandro sanz"], "event_type": ["Music"], "number_of_tickets": ["3"]}}}], "speaker": "USER", "utterance": "No, i need three tickets."}, {"frames": [{"actions": [{"act": "CONFIRM", "canonical_values": ["Alejandro Sanz"], "slot": "event_name", "values": ["ALejandro Sanz"]}, {"act": "CONFIRM", "canonical_values": ["3"], "slot": "number_of_tickets", "values": ["3"]}], "service": "Events_3", "slots": [{"exclusive_end": 82, "slot": "event_name", "start": 68}]}], "speaker": "SYSTEM", "utterance": "Please check and review the following details. Ticket is booked for ALejandro Sanz.You need 3 ticket as reservation"}, {"frames": [{"actions": [{"act": "AFFIRM", "canonical_values": [], "slot": "", "values": []}], "service": "Events_3", "slots": [], "state": {"active_intent": "BuyEventTickets", "requested_slots": [], "slot_values": {"city": ["SD", "San diego"], "date": ["March 7th"], "event_name": ["ALejandro Sanz", "alejandro sanz"], "event_type": ["Music"], "number_of_tickets": ["3"]}}}], "speaker": "USER", "utterance": "Ok that suits for me."}, {"frames": [{"actions": [{"act": "NOTIFY_SUCCESS", "canonical_values": [], "slot": "", "values": []}], "service": "Events_3", "service_call": {"method": "BuyEventTickets", "parameters": {"city": "San Diego", "date": "2019-03-07", "event_name": "Alejandro Sanz", "number_of_tickets": "3"}}, "service_results": [{"city": "San Diego", "date": "2019-03-07", "event_name": "Alejandro Sanz", "number_of_tickets": "3", "price_per_ticket": "50", "time": "19:30", "venue": "Cal Coast Credit Union Amphitheater", "venue_address": "5500 Campanile Drive"}], "slots": []}], "speaker": "SYSTEM", "utterance": "Ticket reservation is confirmed. Enjoy the show"}, {"frames": [{"actions": [{"act": "THANK_YOU", "canonical_values": [], "slot": "", "values": []}], "service": "Events_3", "slots": [], "state": {"active_intent": "BuyEventTickets", "requested_slots": [], "slot_values": {"city": ["SD", "San diego"], "date": ["March 7th"], "event_name": ["ALejandro Sanz", "alejandro sanz"], "event_type": ["Music"], "number_of_tickets": ["3"]}}}], "speaker": "USER", "utterance": "Thanks a lot for your immense help"}, {"frames": [{"actions": [{"act": "REQ_MORE", "canonical_values": [], "slot": "", "values": []}], "service": "Events_3", "slots": []}], "speaker": "SYSTEM", "utterance": "Whether i need to do anything else?"}, {"frames": [{"actions": [{"act": "NEGATE", "canonical_values": [], "slot": "", "values": []}, {"act": "THANK_YOU", "canonical_values": [], "slot": "", "values": []}], "service": "Events_3", "slots": [], "state": {"active_intent": "NONE", "requested_slots": [], "slot_values": {"city": ["SD", "San diego"], "date": ["March 7th"], "event_name": ["ALejandro Sanz", "alejandro sanz"], "event_type": ["Music"], "number_of_tickets": ["3"]}}}], "speaker": "USER", "utterance": "No, thanks for now."}, {"frames": [{"actions": [{"act": "GOODBYE", "canonical_values": [], "slot": "", "values": []}], "service": "Events_3", "slots": []}], "speaker": "SYSTEM", "utterance": "Have a wonderful day."}]}, {"dialogue_id": "13_00002", "services": ["Events_3", "Payment_1"], "turns": [{"frames": [{"actions": [{"act": "INFORM", "canonical_values": ["Theater"], "slot": "event_type", "values": ["Theater"]}, {"act": "INFORM_INTENT", "canonical_values": ["FindEvents"], "slot": "intent", "values": ["FindEvents"]}], "service": "Events_3", "slots": [], "state": {"active_intent": "FindEvents", "requested_slots": [], "slot_values": {"event_type": ["Theater"]}}}], "speaker": "USER", "utterance": "Hello, could you help me find a Play that's interesting?"}, {"frames": [{"actions": [{"act": "REQUEST", "canonical_values": [], "slot": "city", "values": []}], "service": "Events_3", "slots": []}], "speaker": "SYSTEM", "utterance": "Sure, which city would you like me to search?"}, {"frames": [{"actions": [{"act": "INFORM", "canonical_values": ["Los Angeles"], "slot": "city", "values": ["LAX"]}], "service": "Events_3", "slots": [{"exclusive_end": 20, "slot": "city", "start": 17}], "state": {"active_intent": "FindEvents", "requested_slots": [], "slot_values": {"city": ["LAX"], "event_type": ["Theater"]}}}], "speaker": "USER", "utterance": "Something around LAX."}, {"frames": [{"actions": [{"act": "OFFER", "canonical_values": ["A Year In Dragonfly"], "slot": "event_name", "values": ["A year In Dragonfly"]}, {"act": "OFFER", "canonical_values": ["Studio C Artists"], "slot": "venue", "values": ["Studio C Artists"]}, {"act": "OFFER", "canonical_values": ["2019-03-01"], "slot": "date", "values": ["March 1st"]}, {"act": "OFFER", "canonical_values": ["19:30"], "slot": "time", "values": ["7:30 pm"]}], "service": "Events_3", "service_call": {"method": "FindEvents", "parameters": {"city": "Los Angeles", "event_type": "Theater"}}, "service_results": [{"city": "Los Angeles", "date": "2019-03-01", "event_name": "A Year In Dragonfly", "event_type": "Theater", "price_per_ticket": "55", "time": "19:30", "venue": "Studio C Artists", "venue_address": "6448 California 2"}, {"city": "Los Angeles", "date": "2019-03-04", "event_name": "Adieu Monsieur Haffmann", "event_type": "Theater", "price_per_ticket": "45", "time": "18:30", "venue": "Theatre Raymond Kabbaz", "venue_address": "10361 West Pico Boulevard"}, {"city": "Los Angeles", "date": "2019-03-06", "event_name": "Anything Goes", "event_type": "Theater", "price_per_ticket": "25", "time": "17:30", "venue": "Upright Citizens Brigade Sunset", "venue_address": "5419 Sunset Boulevard"}, {"city": "Los Angeles", "date": "2019-03-11", "event_name": "Asssscat", "event_type": "Theater", "price_per_ticket": "30", "time": "17:30", "venue": "Ucb Franklin", "venue_address": "5919 Franklin Avenue"}, {"city": "Los Angeles", "date": "2019-03-02", "event_name": "At The Table", "event_type": "Theater", "price_per_ticket": "40", "time": "19:00", "venue": "Lankershim Arts Center", "venue_address": "5108 Lankershim Boulevard"}, {"city": "Los Angeles", "date": "2019-03-05", "event_name": "Benji Hughes", "event_type": "Theater", "price_per_ticket": "20", "time": "16:00", "venue": "The Teragram Ballroom", "venue_address": "1234 West 7th Street"}, {"city": "Los Angeles", "date": "2019-03-14", "event_name": "Characters Welcome", "event_type": "Theater", "price_per_ticket": "40", "time": "16:00", "venue": "Upright Citizens Brigade Sunset", "venue_address": "5419 Sunset Boulevard"}, {"city": "Los Angeles", "date": "2019-03-14", "event_name": "Crabbe And Goyle", "event_type": "Theater", "price_per_ticket": "50", "time": "17:00", "venue": "studio/stage", "venue_address": "520 North Western Avenue"}, {"city": "Los Angeles", "date": "2019-03-13", "event_name": "Extraordinary", "event_type": "Theater", "price_per_ticket": "30", "time": "19:00", "venue": "Studio C Artists", "venue_address": "6448 California 2"}, {"city": "Los Angeles", "date": "2019-03-03", "event_name": "Famous Adjacent", "event_type": "Theater", "price_per_ticket": "30", "time": "16:30", "venue": "Rockwell Table & Stage", "venue_address": "1714 North Vermont Avenue"}], "slots": [{"exclusive_end": 67, "slot": "event_name", "start": 48}, {"exclusive_end": 40, "slot": "venue", "start": 24}, {"exclusive_end": 94, "slot": "date", "start": 85}, {"exclusive_end": 105, "slot": "time", "start": 98}]}], "speaker": "SYSTEM", "utterance": "Okay, I found a play at Studio C Artists called A year In Dragonfly. It's showing on March 1st at 7:30 pm."}, {"frames": [{"actions": [{"act": "SELECT", "canonical_values": [], "slot": "", "values": []}], "service": "Events_3", "slots": [], "state": {"active_intent": "FindEvents", "requested_slots": [], "slot_values": {"city": ["LAX"], "date": ["March 1st"], "event_name": ["A year In Dragonfly"], "event_type": ["Theater"]}}}], "speaker": "USER", "utterance": "Okay, that sounds great!"}, {"frames": [{"actions": [{"act": "OFFER_INTENT", "canonical_values": ["BuyEventTickets"], "slot": "intent", "values": ["BuyEventTickets"]}], "service": "Events_3", "slots": []}], "speaker": "SYSTEM", "utterance": "Would you like to purchase tickets to the event?"}, {"frames": [{"actions": [{"act": "NEGATE_INTENT", "canonical_values": [], "slot": "", "values": []}], "service": "Events_3", "slots": [], "state": {"active_intent": "NONE", "requested_slots": [], "slot_values": {"city": ["LAX"], "date": ["March 1st"], "event_name": ["A year In Dragonfly"], "event_type": ["Theater"]}}}], "speaker": "USER", "utterance": "Not right now."}, {"frames": [{"actions": [{"act": "REQ_MORE", "canonical_values": [], "slot": "", "values": []}], "service": "Events_3", "slots": []}], "speaker": "SYSTEM", "utterance": "Okay, is there anything else you'd like help with?"}, {"frames": [{"actions": [{"act": "INFORM", "canonical_values": ["Svetlana"], "slot": "receiver", "values": ["Svetlana"]}, {"act": "INFORM_INTENT", "canonical_values": ["RequestPayment"], "slot": "intent", "values": ["RequestPayment"]}], "service": "Payment_1", "slots": [{"exclusive_end": 73, "slot": "receiver", "start": 65}], "state": {"active_intent": "RequestPayment", "requested_slots": [], "slot_values": {"receiver": ["Svetlana"]}}}], "speaker": "USER", "utterance": "Yes, actually I just remembered I have to request a payment from Svetlana."}, {"frames": [{"actions": [{"act": "REQUEST", "canonical_values": [], "slot": "amount", "values": []}], "service": "Payment_1", "slots": []}], "speaker": "SYSTEM", "utterance": "Okay, what is the amount?"}, {"frames": [{"actions": [{"act": "INFORM", "canonical_values": ["35"], "slot": "amount", "values": ["35 bucks"]}], "service": "Payment_1", "slots": [{"exclusive_end": 17, "slot": "amount", "start": 9}], "state": {"active_intent": "RequestPayment", "requested_slots": [], "slot_values": {"amount": ["35 bucks"], "receiver": ["Svetlana"]}}}], "speaker": "USER", "utterance": "It's for 35 bucks."}, {"frames": [{"actions": [{"act": "CONFIRM", "canonical_values": ["Svetlana"], "slot": "receiver", "values": ["Svetlana"]}, {"act": "CONFIRM", "canonical_values": ["35"], "slot": "amount", "values": ["$35"]}, {"act": "CONFIRM", "canonical_values": ["False"], "slot": "private_visibility", "values": ["False"]}], "service": "Payment_1", "slots": [{"exclusive_end": 91, "slot": "receiver", "start": 83}, {"exclusive_end": 77, "slot": "amount", "start": 74}]}], "speaker": "SYSTEM", "utterance": "Alright, please confirm the following: you're requesting a transaction of $35 from Svetlana."}, {"frames": [{"actions": [{"act": "AFFIRM", "canonical_values": [], "slot": "", "values": []}], "service": "Payment_1", "slots": [], "state": {"active_intent": "RequestPayment", "requested_slots": [], "slot_values": {"amount": ["$35", "35 bucks"], "private_visibility": ["False"], "receiver": ["Svetlana"]}}}], "speaker": "USER", "utterance": "Yes that's correct."}, {"frames": [{"actions": [{"act": "NOTIFY_SUCCESS", "canonical_values": [], "slot": "", "values": []}], "service": "Payment_1", "service_call": {"method": "RequestPayment", "parameters": {"amount": "35", "private_visibility": "False", "receiver": "Svetlana"}}, "service_results": [{"amount": "35", "private_visibility": "False", "receiver": "Svetlana"}], "slots": []}], "speaker": "SYSTEM", "utterance": "Okay the request has been made."}, {"frames": [{"actions": [{"act": "INFORM_INTENT", "canonical_values": ["BuyEventTickets"], "slot": "intent", "values": ["BuyEventTickets"]}], "service": "Events_3", "slots": [], "state": {"active_intent": "BuyEventTickets", "requested_slots": [], "slot_values": {"city": ["LAX"], "date": ["March 1st"], "event_name": ["A year In Dragonfly"], "event_type": ["Theater"]}}}], "speaker": "USER", "utterance": "I'd like to buy tickets to the event you found earlier."}, {"frames": [{"actions": [{"act": "REQUEST", "canonical_values": [], "slot": "number_of_tickets", "values": []}], "service": "Events_3", "slots": []}], "speaker": "SYSTEM", "utterance": "Okay, how many tickets would you like to purchase?"}, {"frames": [{"actions": [{"act": "INFORM", "canonical_values": ["4"], "slot": "number_of_tickets", "values": ["4"]}], "service": "Events_3", "slots": [], "state": {"active_intent": "BuyEventTickets", "requested_slots": [], "slot_values": {"city": ["LAX"], "date": ["March 1st"], "event_name": ["A year In Dragonfly"], "event_type": ["Theater"], "number_of_tickets": ["4"]}}}], "speaker": "USER", "utterance": "4 tickets please."}, {"frames": [{"actions": [{"act": "CONFIRM", "canonical_values": ["A Year In Dragonfly"], "slot": "event_name", "values": ["A Year In Dragonfly"]}, {"act": "CONFIRM", "canonical_values": ["4"], "slot": "number_of_tickets", "values": ["4"]}, {"act": "CONFIRM", "canonical_values": ["2019-03-01"], "slot": "date", "values": ["March 1st"]}, {"act": "CONFIRM", "canonical_values": ["Los Angeles"], "slot": "city", "values": ["Los Angeles"]}], "service": "Events_3", "slots": [{"exclusive_end": 74, "slot": "event_name", "start": 55}, {"exclusive_end": 44, "slot": "date", "start": 35}, {"exclusive_end": 89, "slot": "city", "start": 78}]}], "speaker": "SYSTEM", "utterance": "Okay; you're booking 4 tickets for March 1st to attend A Year In Dragonfly in Los Angeles. Is that correct?"}, {"frames": [{"actions": [{"act": "REQUEST", "canonical_values": [], "slot": "venue_address", "values": []}, {"act": "AFFIRM", "canonical_values": [], "slot": "", "values": []}], "service": "Events_3", "slots": [], "state": {"active_intent": "BuyEventTickets", "requested_slots": ["venue_address"], "slot_values": {"city": ["LAX", "Los Angeles"], "date": ["March 1st"], "event_name": ["A Year In Dragonfly", "A year In Dragonfly"], "event_type": ["Theater"], "number_of_tickets": ["4"]}}}], "speaker": "USER", "utterance": "Yes that's perfect. What is the venue address?"}, {"frames": [{"actions": [{"act": "INFORM", "canonical_values": ["6448 California 2"], "slot": "venue_address", "values": ["6448 California 2"]}, {"act": "NOTIFY_SUCCESS", "canonical_values": [], "slot": "", "values": []}], "service": "Events_3", "service_call": {"method": "BuyEventTickets", "parameters": {"city": "Los Angeles", "date": "2019-03-01", "event_name": "A Year In Dragonfly", "number_of_tickets": "4"}}, "service_results": [{"city": "Los Angeles", "date": "2019-03-01", "event_name": "A Year In Dragonfly", "number_of_tickets": "4", "price_per_ticket": "55", "time": "18:30", "venue": "Studio C Artists", "venue_address": "6448 California 2"}], "slots": [{"exclusive_end": 78, "slot": "venue_address", "start": 61}]}], "speaker": "SYSTEM", "utterance": "Okay, your reservation is confirmed. the venue is located at 6448 California 2, enjoy your time there!"}, {"frames": [{"actions": [{"act": "THANK_YOU", "canonical_values": [], "slot": "", "values": []}, {"act": "GOODBYE", "canonical_values": [], "slot": "", "values": []}], "service": "Events_3", "slots": [], "state": {"active_intent": "BuyEventTickets", "requested_slots": [], "slot_values": {"city": ["LAX", "Los Angeles"], "date": ["March 1st"], "event_name": ["A Year In Dragonfly", "A year In Dragonfly"], "event_type": ["Theater"], "number_of_tickets": ["4"]}}}], "speaker": "USER", "utterance": "Thank you that's all I need."}, {"frames": [{"actions": [{"act": "GOODBYE", "canonical_values": [], "slot": "", "values": []}], "service": "Events_3", "slots": []}], "speaker": "SYSTEM", "utterance": "Okay, have a nice day."}]}, {"dialogue_id": "13_00003", "services": ["Events_3", "Payment_1"], "turns": [{"frames": [{"actions": [{"act": "INFORM_INTENT", "canonical_values": ["FindEvents"], "slot": "intent", "values": ["FindEvents"]}], "service": "Events_3", "slots": [], "state": {"active_intent": "FindEvents", "requested_slots": [], "slot_values": {}}}], "speaker": "USER", "utterance": "I am bored and fancy doing something today. Can you help me find something to amuse me?"}, {"frames": [{"actions": [{"act": "REQUEST", "canonical_values": [], "slot": "event_type", "values": []}], "service": "Events_3", "slots": []}], "speaker": "SYSTEM", "utterance": "What kind of events do you like?"}, {"frames": [{"actions": [{"act": "INFORM", "canonical_values": ["Theater"], "slot": "event_type", "values": ["Theater"]}], "service": "Events_3", "slots": [], "state": {"active_intent": "FindEvents", "requested_slots": [], "slot_values": {"event_type": ["Theater"]}}}], "speaker": "USER", "utterance": "I do love Broadway."}, {"frames": [{"actions": [{"act": "REQUEST", "canonical_values": [], "slot": "city", "values": []}], "service": "Events_3", "slots": []}], "speaker": "SYSTEM", "utterance": "Which city are you in?"}, {"frames": [{"actions": [{"act": "INFORM", "canonical_values": ["Toronto"], "slot": "city", "values": ["Toronto, Ontario"]}], "service": "Events_3", "slots": [{"exclusive_end": 42, "slot": "city", "start": 26}], "state": {"active_intent": "FindEvents", "requested_slots": [], "slot_values": {"city": ["Toronto, Ontario"], "event_type": ["Theater"]}}}], "speaker": "USER", "utterance": "Can you find something in Toronto, Ontario."}, {"frames": [{"actions": [{"act": "OFFER", "canonical_values": ["Anne Of Green Gables"], "slot": "event_name", "values": ["Anne of Green Gables"]}, {"act": "OFFER", "canonical_values": ["Lower Ossington Theatre"], "slot": "venue", "values": ["Lower Ossington Theatre"]}, {"act": "OFFER", "canonical_values": ["2019-03-02"], "slot": "date", "values": ["March 2nd"]}, {"act": "OFFER", "canonical_values": ["19:00"], "slot": "time", "values": ["7 pm"]}], "service": "Events_3", "service_call": {"method": "FindEvents", "parameters": {"city": "Toronto", "event_type": "Theater"}}, "service_results": [{"city": "Toronto", "date": "2019-03-02", "event_name": "Anne Of Green Gables", "event_type": "Theater", "price_per_ticket": "60", "time": "19:00", "venue": "Lower Ossington Theatre", "venue_address": "100 Ossington Avenue"}, {"city": "Toronto", "date": "2019-03-02", "event_name": "Gymnologize", "event_type": "Theater", "price_per_ticket": "20", "time": "19:30", "venue": "Red Sandcastle Theatre", "venue_address": "922 Queen Street East"}, {"city": "Toronto", "date": "2019-03-06", "event_name": "Improv And Storytelling Intensive", "event_type": "Theater", "price_per_ticket": "45", "time": "17:00", "venue": "The Social Capital", "venue_address": "154 Danforth Avenue"}, {"city": "Toronto", "date": "2019-03-02", "event_name": "Knives In Hens", "event_type": "Theater", "price_per_ticket": "45", "time": "17:30", "venue": "The Coal Mine Theatre", "venue_address": "1454 Danforth Avenue"}, {"city": "Toronto", "date": "2019-03-14", "event_name": "Laughter Theatre", "event_type": "Theater", "price_per_ticket": "30", "time": "19:30", "venue": "WeWork 240 Richmond St W", "venue_address": "240 Richmond Street West"}, {"city": "Toronto", "date": "2019-03-12", "event_name": "Puffs", "event_type": "Theater", "price_per_ticket": "25", "time": "16:30", "venue": "Lower Ossington Theatre", "venue_address": "100 Ossington Avenue"}, {"city": "Toronto", "date": "2019-03-14", "event_name": "Stratford Festival Bus Tour", "event_type": "Theater", "price_per_ticket": "40", "time": "17:00", "venue": "The Spa Intercontinental Toronto Centre", "venue_address": "225 Front Street West"}, {"city": "Toronto", "date": "2019-03-07", "event_name": "Taj Express", "event_type": "Theater", "price_per_ticket": "35", "time": "18:00", "venue": "Bluma Appel Theatre", "venue_address": "Centre for the Arts, 27 Front Street East"}, {"city": "Toronto", "date": "2019-03-10", "event_name": "Ten Minute Theatre", "event_type": "Theater", "price_per_ticket": "50", "time": "18:00", "venue": "Super Wonder Gallery", "venue_address": "584 College Street"}], "slots": [{"exclusive_end": 25, "slot": "event_name", "start": 5}, {"exclusive_end": 58, "slot": "venue", "start": 35}, {"exclusive_end": 71, "slot": "date", "start": 62}, {"exclusive_end": 79, "slot": "time", "start": 75}]}], "speaker": "SYSTEM", "utterance": "Well Anne of Green Gables is on at Lower Ossington Theatre on March 2nd at 7 pm."}, {"frames": [{"actions": [{"act": "REQUEST", "canonical_values": [], "slot": "venue_address", "values": []}, {"act": "REQUEST", "canonical_values": [], "slot": "price_per_ticket", "values": []}], "service": "Events_3", "slots": [], "state": {"active_intent": "FindEvents", "requested_slots": ["price_per_ticket", "venue_address"], "slot_values": {"city": ["Toronto, Ontario"], "event_type": ["Theater"]}}}], "speaker": "USER", "utterance": "where abouts is that and how much would it cost?"}, {"frames": [{"actions": [{"act": "INFORM", "canonical_values": ["60"], "slot": "price_per_ticket", "values": ["$60"]}, {"act": "INFORM", "canonical_values": ["100 Ossington Avenue"], "slot": "venue_address", "values": ["100 Ossington Avenue"]}], "service": "Events_3", "slots": [{"exclusive_end": 62, "slot": "price_per_ticket", "start": 59}, {"exclusive_end": 37, "slot": "venue_address", "start": 17}]}], "speaker": "SYSTEM", "utterance": "It is located at 100 Ossington Avenue and the ticket costs $60."}, {"frames": [{"actions": [{"act": "SELECT", "canonical_values": [], "slot": "", "values": []}], "service": "Events_3", "slots": [], "state": {"active_intent": "FindEvents", "requested_slots": [], "slot_values": {"city": ["Toronto, Ontario"], "date": ["March 2nd"], "event_name": ["Anne of Green Gables"], "event_type": ["Theater"]}}}], "speaker": "USER", "utterance": "That is right up my street."}, {"frames": [{"actions": [{"act": "OFFER_INTENT", "canonical_values": ["BuyEventTickets"], "slot": "intent", "values": ["BuyEventTickets"]}], "service": "Events_3", "slots": []}], "speaker": "SYSTEM", "utterance": "Will I purchase tickets for you?"}, {"frames": [{"actions": [{"act": "NEGATE_INTENT", "canonical_values": [], "slot": "", "values": []}], "service": "Events_3", "slots": [], "state": {"active_intent": "NONE", "requested_slots": [], "slot_values": {"city": ["Toronto, Ontario"], "date": ["March 2nd"], "event_name": ["Anne of Green Gables"], "event_type": ["Theater"]}}}, {"actions": [{"act": "INFORM", "canonical_values": ["6"], "slot": "amount", "values": ["six bucks"]}, {"act": "INFORM", "canonical_values": ["True"], "slot": "private_visibility", "values": ["True"]}, {"act": "INFORM", "canonical_values": ["Svetlana"], "slot": "receiver", "values": ["Svetlana"]}, {"act": "INFORM_INTENT", "canonical_values": ["RequestPayment"], "slot": "intent", "values": ["RequestPayment"]}], "service": "Payment_1", "slots": [{"exclusive_end": 101, "slot": "amount", "start": 92}, {"exclusive_end": 115, "slot": "receiver", "start": 107}], "state": {"active_intent": "RequestPayment", "requested_slots": [], "slot_values": {"amount": ["six bucks"], "private_visibility": ["True"], "receiver": ["Svetlana"]}}}], "speaker": "USER", "utterance": "not right now. I just thought about something I need to do. I need to request a payment for six bucks from Svetlana. It has to be a private transfer."}, {"frames": [{"actions": [{"act": "CONFIRM", "canonical_values": ["Svetlana"], "slot": "receiver", "values": ["Svetlana"]}, {"act": "CONFIRM", "canonical_values": ["6"], "slot": "amount", "values": ["$6"]}, {"act": "CONFIRM", "canonical_values": ["True"], "slot": "private_visibility", "values": ["True"]}], "service": "Payment_1", "slots": [{"exclusive_end": 75, "slot": "receiver", "start": 67}, {"exclusive_end": 61, "slot": "amount", "start": 59}]}], "speaker": "SYSTEM", "utterance": "To confirm then you want to make a private transaction for $6 with Svetlana."}, {"frames": [{"actions": [{"act": "AFFIRM", "canonical_values": [], "slot": "", "values": []}], "service": "Payment_1", "slots": [], "state": {"active_intent": "RequestPayment", "requested_slots": [], "slot_values": {"amount": ["$6", "six bucks"], "private_visibility": ["True"], "receiver": ["Svetlana"]}}}], "speaker": "USER", "utterance": "yes that is right."}, {"frames": [{"actions": [{"act": "NOTIFY_SUCCESS", "canonical_values": [], "slot": "", "values": []}], "service": "Payment_1", "service_call": {"method": "RequestPayment", "parameters": {"amount": "6", "private_visibility": "True", "receiver": "Svetlana"}}, "service_results": [{"amount": "6", "private_visibility": "True", "receiver": "Svetlana"}], "slots": []}], "speaker": "SYSTEM", "utterance": "the payment has gone through."}, {"frames": [{"actions": [{"act": "INFORM_INTENT", "canonical_values": ["BuyEventTickets"], "slot": "intent", "values": ["BuyEventTickets"]}], "service": "Events_3", "slots": [], "state": {"active_intent": "BuyEventTickets", "requested_slots": [], "slot_values": {"city": ["Toronto, Ontario"], "date": ["March 2nd"], "event_name": ["Anne of Green Gables"], "event_type": ["Theater"]}}}], "speaker": "USER", "utterance": "now can we purchase those tickets?"}, {"frames": [{"actions": [{"act": "REQUEST", "canonical_values": [], "slot": "number_of_tickets", "values": []}], "service": "Events_3", "slots": []}], "speaker": "SYSTEM", "utterance": "how many do you require?"}, {"frames": [{"actions": [{"act": "INFORM", "canonical_values": ["2"], "slot": "number_of_tickets", "values": ["2"]}], "service": "Events_3", "slots": [], "state": {"active_intent": "BuyEventTickets", "requested_slots": [], "slot_values": {"city": ["Toronto, Ontario"], "date": ["March 2nd"], "event_name": ["Anne of Green Gables"], "event_type": ["Theater"], "number_of_tickets": ["2"]}}}], "speaker": "USER", "utterance": "I need 2 please."}, {"frames": [{"actions": [{"act": "CONFIRM", "canonical_values": ["Anne Of Green Gables"], "slot": "event_name", "values": ["Anne of Green Gables"]}, {"act": "CONFIRM", "canonical_values": ["2"], "slot": "number_of_tickets", "values": ["2"]}, {"act": "CONFIRM", "canonical_values": ["2019-03-02"], "slot": "date", "values": ["March 2nd"]}, {"act": "CONFIRM", "canonical_values": ["Toronto"], "slot": "city", "values": ["Toronto"]}], "service": "Events_3", "slots": [{"exclusive_end": 58, "slot": "event_name", "start": 38}, {"exclusive_end": 71, "slot": "date", "start": 62}, {"exclusive_end": 82, "slot": "city", "start": 75}]}], "speaker": "SYSTEM", "utterance": "To confirm then that is 2 tickets for Anne of Green Gables on March 2nd in Toronto."}, {"frames": [{"actions": [{"act": "INFORM", "canonical_values": ["1"], "slot": "number_of_tickets", "values": ["1"]}, {"act": "NEGATE", "canonical_values": [], "slot": "", "values": []}], "service": "Events_3", "slots": [], "state": {"active_intent": "BuyEventTickets", "requested_slots": [], "slot_values": {"city": ["Toronto", "Toronto, Ontario"], "date": ["March 2nd"], "event_name": ["Anne of Green Gables"], "event_type": ["Theater"], "number_of_tickets": ["1"]}}}], "speaker": "USER", "utterance": "actually can I change that to 1?"}, {"frames": [{"actions": [{"act": "CONFIRM", "canonical_values": ["1"], "slot": "number_of_tickets", "values": ["1"]}, {"act": "CONFIRM", "canonical_values": ["Toronto"], "slot": "city", "values": ["Toronto"]}], "service": "Events_3", "slots": [{"exclusive_end": 57, "slot": "city", "start": 50}]}], "speaker": "SYSTEM", "utterance": "To confirm then that is 1 ticket for the event in Toronto."}, {"frames": [{"actions": [{"act": "AFFIRM", "canonical_values": [], "slot": "", "values": []}], "service": "Events_3", "slots": [], "state": {"active_intent": "BuyEventTickets", "requested_slots": [], "slot_values": {"city": ["Toronto", "Toronto, Ontario"], "date": ["March 2nd"], "event_name": ["Anne of Green Gables"], "event_type": ["Theater"], "number_of_tickets": ["1"]}}}], "speaker": "USER", "utterance": "yes that is absolutely correct."}, {"frames": [{"actions": [{"act": "NOTIFY_SUCCESS", "canonical_values": [], "slot": "", "values": []}], "service": "Events_3", "service_call": {"method": "BuyEventTickets", "parameters": {"city": "Toronto", "date": "2019-03-02", "event_name": "Anne Of Green Gables", "number_of_tickets": "1"}}, "service_results": [{"city": "Toronto", "date": "2019-03-02", "event_name": "Anne Of Green Gables", "number_of_tickets": "1", "price_per_ticket": "60", "time": "19:00", "venue": "Lower Ossington Theatre", "venue_address": "100 Ossington Avenue"}], "slots": []}], "speaker": "SYSTEM", "utterance": "your booking has gone though I hope you have the best time."}, {"frames": [{"actions": [{"act": "THANK_YOU", "canonical_values": [], "slot": "", "values": []}, {"act": "GOODBYE", "canonical_values": [], "slot": "", "values": []}], "service": "Events_3", "slots": [], "state": {"active_intent": "BuyEventTickets", "requested_slots": [], "slot_values": {"city": ["Toronto", "Toronto, Ontario"], "date": ["March 2nd"], "event_name": ["Anne of Green Gables"], "event_type": ["Theater"], "number_of_tickets": ["1"]}}}], "speaker": "USER", "utterance": "thanks so much, that is all I need."}, {"frames": [{"actions": [{"act": "GOODBYE", "canonical_values": [], "slot": "", "values": []}], "service": "Events_3", "slots": []}], "speaker": "SYSTEM", "utterance": "have a lovely day."}]}, {"dialogue_id": "13_00004", "services": ["Events_3", "Payment_1"], "turns": [{"frames": [{"actions": [{"act": "INFORM", "canonical_values": ["New York"], "slot": "city", "values": ["NY"]}, {"act": "INFORM", "canonical_values": ["Music"], "slot": "event_type", "values": ["Music"]}, {"act": "INFORM", "canonical_values": ["2019-03-09"], "slot": "date", "values": ["9th of this month"]}, {"act": "INFORM_INTENT", "canonical_values": ["FindEvents"], "slot": "intent", "values": ["FindEvents"]}], "service": "Events_3", "slots": [{"exclusive_end": 69, "slot": "city", "start": 67}, {"exclusive_end": 90, "slot": "date", "start": 73}], "state": {"active_intent": "FindEvents", "requested_slots": [], "slot_values": {"city": ["NY"], "date": ["9th of this month"], "event_type": ["Music"]}}}], "speaker": "USER", "utterance": "I like Music and I'm looking for something intresting to do around NY on 9th of this month"}, {"frames": [{"actions": [{"act": "OFFER", "canonical_values": ["Alpha Blondy"], "slot": "event_name", "values": ["Alpha Blondy"]}, {"act": "OFFER", "canonical_values": ["Sony Hall"], "slot": "venue", "values": ["Sony Hall"]}, {"act": "OFFER", "canonical_values": ["2019-03-09"], "slot": "date", "values": ["March 9th"]}, {"act": "OFFER", "canonical_values": ["19:30"], "slot": "time", "values": ["7:30 pm"]}, {"act": "INFORM_COUNT", "canonical_values": ["10"], "slot": "count", "values": ["10"]}], "service": "Events_3", "service_call": {"method": "FindEvents", "parameters": {"city": "New York", "date": "2019-03-09", "event_type": "Music"}}, "service_results": [{"city": "New York", "date": "2019-03-09", "event_name": "Alpha Blondy", "event_type": "Music", "price_per_ticket": "25", "time": "19:30", "venue": "Sony Hall", "venue_address": "235 West 46th Street"}, {"city": "New York", "date": "2019-03-09", "event_name": "Ben Harper", "event_type": "Music", "price_per_ticket": "45", "time": "16:30", "venue": "Pier 17", "venue_address": "89 South Street"}, {"city": "New York", "date": "2019-03-09", "event_name": "Black Uhuru", "event_type": "Music", "price_per_ticket": "45", "time": "16:00", "venue": "Sony Hall", "venue_address": "235 West 46th Street"}, {"city": "New York", "date": "2019-03-09", "event_name": "Blackbear", "event_type": "Music", "price_per_ticket": "60", "time": "18:30", "venue": "Pier 17", "venue_address": "89 South Street"}, {"city": "New York", "date": "2019-03-09", "event_name": "Carbon Leaf", "event_type": "Music", "price_per_ticket": "30", "time": "17:00", "venue": "Sony Hall", "venue_address": "235 West 46th Street"}, {"city": "New York", "date": "2019-03-09", "event_name": "Crystal Method", "event_type": "Music", "price_per_ticket": "25", "time": "19:30", "venue": "Warsaw", "venue_address": "261 Driggs Avenue, Brooklyn"}, {"city": "New York", "date": "2019-03-09", "event_name": "Dj Gravy", "event_type": "Music", "price_per_ticket": "50", "time": "16:00", "venue": "Sony Hall", "venue_address": "235 West 46th Street"}, {"city": "New York", "date": "2019-03-09", "event_name": "Emanuel Ax", "event_type": "Music", "price_per_ticket": "30", "time": "16:30", "venue": "Stern Auditorium / Perelman Stage", "venue_address": "881 7th Avenue"}, {"city": "New York", "date": "2019-03-09", "event_name": "France Rocks Festival", "event_type": "Music", "price_per_ticket": "45", "time": "16:00", "venue": "Bruno Walter Auditorium", "venue_address": "111 Amsterdam Avenue"}, {"city": "New York", "date": "2019-03-09", "event_name": "Geto Boys", "event_type": "Music", "price_per_ticket": "40", "time": "19:30", "venue": "Sony Hall", "venue_address": "235 West 46th Street"}], "slots": [{"exclusive_end": 52, "slot": "event_name", "start": 40}, {"exclusive_end": 65, "slot": "venue", "start": 56}, {"exclusive_end": 78, "slot": "date", "start": 69}, {"exclusive_end": 89, "slot": "time", "start": 82}]}], "speaker": "SYSTEM", "utterance": "There are 10 events for you. What about Alpha Blondy at Sony Hall on March 9th at 7:30 pm?"}, {"frames": [{"actions": [{"act": "SELECT", "canonical_values": [], "slot": "", "values": []}], "service": "Events_3", "slots": [], "state": {"active_intent": "FindEvents", "requested_slots": [], "slot_values": {"city": ["NY"], "date": ["9th of this month", "March 9th"], "event_name": ["Alpha Blondy"], "event_type": ["Music"]}}}, {"actions": [{"act": "INFORM_INTENT", "canonical_values": ["RequestPayment"], "slot": "intent", "values": ["RequestPayment"]}], "service": "Payment_1", "slots": [], "state": {"active_intent": "RequestPayment", "requested_slots": [], "slot_values": {}}}], "speaker": "USER", "utterance": "Yes, It's good for me! Now I want to request a payment"}, {"frames": [{"actions": [{"act": "REQUEST", "canonical_values": [], "slot": "receiver", "values": []}, {"act": "REQUEST", "canonical_values": [], "slot": "amount", "values": []}], "service": "Payment_1", "slots": []}], "speaker": "SYSTEM", "utterance": "What is the amount you want to transfer? Who is the beneficiary?"}, {"frames": [{"actions": [{"act": "INFORM", "canonical_values": ["150"], "slot": "amount", "values": ["150 bucks"]}, {"act": "INFORM", "canonical_values": ["Margaret"], "slot": "receiver", "values": ["Margaret"]}], "service": "Payment_1", "slots": [{"exclusive_end": 28, "slot": "amount", "start": 19}, {"exclusive_end": 40, "slot": "receiver", "start": 32}], "state": {"active_intent": "RequestPayment", "requested_slots": [], "slot_values": {"amount": ["150 bucks"], "receiver": ["Margaret"]}}}], "speaker": "USER", "utterance": "I need to transfer 150 bucks to Margaret"}, {"frames": [{"actions": [{"act": "CONFIRM", "canonical_values": ["Margaret"], "slot": "receiver", "values": ["Margaret"]}, {"act": "CONFIRM", "canonical_values": ["150"], "slot": "amount", "values": ["$150"]}, {"act": "CONFIRM", "canonical_values": ["False"], "slot": "private_visibility", "values": ["False"]}], "service": "Payment_1", "slots": [{"exclusive_end": 42, "slot": "receiver", "start": 34}, {"exclusive_end": 4, "slot": "amount", "start": 0}]}], "speaker": "SYSTEM", "utterance": "$150 in a public transaction with Margaret. Do you confirm?"}, {"frames": [{"actions": [{"act": "AFFIRM", "canonical_values": [], "slot": "", "values": []}], "service": "Payment_1", "slots": [], "state": {"active_intent": "RequestPayment", "requested_slots": [], "slot_values": {"amount": ["$150", "150 bucks"], "private_visibility": ["False"], "receiver": ["Margaret"]}}}], "speaker": "USER", "utterance": "Yes, It's correct. Thanks"}, {"frames": [{"actions": [{"act": "NOTIFY_SUCCESS", "canonical_values": [], "slot": "", "values": []}], "service": "Payment_1", "service_call": {"method": "RequestPayment", "parameters": {"amount": "150", "private_visibility": "False", "receiver": "Margaret"}}, "service_results": [{"amount": "150", "private_visibility": "False", "receiver": "Margaret"}], "slots": []}], "speaker": "SYSTEM", "utterance": "The payment was successful!"}, {"frames": [{"actions": [{"act": "INFORM", "canonical_values": ["1"], "slot": "number_of_tickets", "values": ["1"]}, {"act": "INFORM_INTENT", "canonical_values": ["BuyEventTickets"], "slot": "intent", "values": ["BuyEventTickets"]}], "service": "Events_3", "slots": [], "state": {"active_intent": "BuyEventTickets", "requested_slots": [], "slot_values": {"city": ["NY"], "date": ["9th of this month", "March 9th"], "event_name": ["Alpha Blondy"], "event_type": ["Music"], "number_of_tickets": ["1"]}}}], "speaker": "USER", "utterance": "Now I want to buy one ticket for the event"}, {"frames": [{"actions": [{"act": "CONFIRM", "canonical_values": ["Alpha Blondy"], "slot": "event_name", "values": ["Alpha Blondy"]}, {"act": "CONFIRM", "canonical_values": ["1"], "slot": "number_of_tickets", "values": ["1"]}, {"act": "CONFIRM", "canonical_values": ["2019-03-09"], "slot": "date", "values": ["March 9th"]}, {"act": "CONFIRM", "canonical_values": ["New York"], "slot": "city", "values": ["New York"]}], "service": "Events_3", "slots": [{"exclusive_end": 25, "slot": "event_name", "start": 13}, {"exclusive_end": 50, "slot": "date", "start": 41}, {"exclusive_end": 37, "slot": "city", "start": 29}]}], "speaker": "SYSTEM", "utterance": "1 ticket for Alpha Blondy in New York on March 9th: do you confirm?"}, {"frames": [{"actions": [{"act": "AFFIRM", "canonical_values": [], "slot": "", "values": []}], "service": "Events_3", "slots": [], "state": {"active_intent": "BuyEventTickets", "requested_slots": [], "slot_values": {"city": ["NY", "New York"], "date": ["9th of this month", "March 9th"], "event_name": ["Alpha Blondy"], "event_type": ["Music"], "number_of_tickets": ["1"]}}}], "speaker": "USER", "utterance": "Yes, It's correct."}, {"frames": [{"actions": [{"act": "NOTIFY_SUCCESS", "canonical_values": [], "slot": "", "values": []}], "service": "Events_3", "service_call": {"method": "BuyEventTickets", "parameters": {"city": "New York", "date": "2019-03-09", "event_name": "Alpha Blondy", "number_of_tickets": "1"}}, "service_results": [{"city": "New York", "date": "2019-03-09", "event_name": "Alpha Blondy", "number_of_tickets": "1", "price_per_ticket": "25", "time": "19:30", "venue": "Sony Hall", "venue_address": "235 West 46th Street"}], "slots": []}], "speaker": "SYSTEM", "utterance": "Good! Your ticket has been purchased. Have fun!"}, {"frames": [{"actions": [{"act": "THANK_YOU", "canonical_values": [], "slot": "", "values": []}, {"act": "GOODBYE", "canonical_values": [], "slot": "", "values": []}], "service": "Events_3", "slots": [], "state": {"active_intent": "BuyEventTickets", "requested_slots": [], "slot_values": {"city": ["NY", "New York"], "date": ["9th of this month", "March 9th"], "event_name": ["Alpha Blondy"], "event_type": ["Music"], "number_of_tickets": ["1"]}}}], "speaker": "USER", "utterance": "Thank you so much! It's all for today!"}, {"frames": [{"actions": [{"act": "GOODBYE", "canonical_values": [], "slot": "", "values": []}], "service": "Events_3", "slots": []}], "speaker": "SYSTEM", "utterance": "Have a nice day"}]}]