[{"dialogue_id": "1_00000", "services": ["Restaurants_2"], "turns": [{"frames": [{"actions": [{"act": "INFORM", "canonical_values": ["2019-03-08"], "slot": "date", "values": ["the 8th"]}, {"act": "INFORM_INTENT", "canonical_values": ["ReserveRestaurant"], "slot": "intent", "values": ["ReserveRestaurant"]}], "service": "Restaurants_2", "slots": [{"exclusive_end": 52, "slot": "date", "start": 45}], "state": {"active_intent": "ReserveRestaurant", "requested_slots": [], "slot_values": {"date": ["the 8th"]}}}], "speaker": "USER", "utterance": "Hi, could you get me a restaurant booking on the 8th please?"}, {"frames": [{"actions": [{"act": "REQUEST", "canonical_values": [], "slot": "time", "values": []}, {"act": "REQUEST", "canonical_values": [], "slot": "restaurant_name", "values": []}, {"act": "REQUEST", "canonical_values": [], "slot": "location", "values": []}], "service": "Restaurants_2", "slots": []}], "speaker": "SYSTEM", "utterance": "Any preference on the restaurant, location and time?"}, {"frames": [{"actions": [{"act": "INFORM", "canonical_values": ["P.f. Chang's"], "slot": "restaurant_name", "values": ["P.f. Chang's"]}, {"act": "INFORM", "canonical_values": ["12:00"], "slot": "time", "values": ["afternoon 12"]}, {"act": "INFORM", "canonical_values": ["Corte Madera"], "slot": "location", "values": ["Corte Madera"]}], "service": "Restaurants_2", "slots": [{"exclusive_end": 46, "slot": "restaurant_name", "start": 34}, {"exclusive_end": 78, "slot": "time", "start": 66}, {"exclusive_end": 62, "slot": "location", "start": 50}], "state": {"active_intent": "ReserveRestaurant", "requested_slots": [], "slot_values": {"date": ["the 8th"], "location": ["Corte Madera"], "restaurant_name": ["P.f. Chang's"], "time": ["afternoon 12"]}}}], "speaker": "USER", "utterance": "Could you get me a reservation at P.f. Chang's in Corte Madera at afternoon 12?"}, {"frames": [{"actions": [{"act": "CONFIRM", "canonical_values": ["P.f. Chang's"], "slot": "restaurant_name", "values": ["P.f. Chang's"]}, {"act": "CONFIRM", "canonical_values": ["Corte Madera"], "slot": "location", "values": ["Corte Madera"]}, {"act": "CONFIRM", "canonical_values": ["12:00"], "slot": "time", "values": ["12 pm"]}, {"act": "CONFIRM", "canonical_values": ["2019-03-08"], "slot": "date", "values": ["March 8th"]}, {"act": "CONFIRM", "canonical_values": ["2"], "slot": "number_of_seats", "values": ["2"]}], "service": "Restaurants_2", "slots": [{"exclusive_end": 47, "slot": "restaurant_name", "start": 35}, {"exclusive_end": 63, "slot": "location", "start": 51}, {"exclusive_end": 72, "slot": "time", "start": 67}, {"exclusive_end": 91, "slot": "date", "start": 82}]}], "speaker": "SYSTEM", "utterance": "Please confirm your reservation at P.f. Chang's in Corte Madera at 12 pm for 2 on March 8th."}, {"frames": [{"actions": [{"act": "AFFIRM", "canonical_values": [], "slot": "", "values": []}], "service": "Restaurants_2", "slots": [], "state": {"active_intent": "ReserveRestaurant", "requested_slots": [], "slot_values": {"date": ["March 8th", "the 8th"], "location": ["Corte Madera"], "number_of_seats": ["2"], "restaurant_name": ["P.f. Chang's"], "time": ["12 pm", "afternoon 12"]}}}], "speaker": "USER", "utterance": "Sure, that is great."}, {"frames": [{"actions": [{"act": "NOTIFY_FAILURE", "canonical_values": [], "slot": "", "values": []}, {"act": "REQ_MORE", "canonical_values": [], "slot": "", "values": []}], "service": "Restaurants_2", "service_call": {"method": "ReserveRestaurant", "parameters": {"date": "2019-03-08", "location": "Corte Madera", "number_of_seats": "2", "restaurant_name": "P.f. Chang's", "time": "12:00"}}, "service_results": [], "slots": []}], "speaker": "SYSTEM", "utterance": "Sorry, your reservation could not be made. Could I help you with something else?"}, {"frames": [{"actions": [{"act": "INFORM", "canonical_values": ["Benissimo Restaurant & Bar"], "slot": "restaurant_name", "values": ["Benissimo"]}, {"act": "INFORM_INTENT", "canonical_values": ["ReserveRestaurant"], "slot": "intent", "values": ["ReserveRestaurant"]}], "service": "Restaurants_2", "slots": [{"exclusive_end": 42, "slot": "restaurant_name", "start": 33}], "state": {"active_intent": "ReserveRestaurant", "requested_slots": [], "slot_values": {"date": ["March 8th", "the 8th"], "location": ["Corte Madera"], "number_of_seats": ["2"], "restaurant_name": ["Benissimo"], "time": ["12 pm", "afternoon 12"]}}}], "speaker": "USER", "utterance": "Could you try booking a table at Benissimo instead?"}, {"frames": [{"actions": [{"act": "CONFIRM", "canonical_values": ["Benissimo Restaurant & Bar"], "slot": "restaurant_name", "values": ["Benissimo Restaurant & Bar"]}, {"act": "CONFIRM", "canonical_values": ["Corte Madera"], "slot": "location", "values": ["Corte Madera"]}, {"act": "CONFIRM", "canonical_values": ["12:00"], "slot": "time", "values": ["12 pm"]}, {"act": "CONFIRM", "canonical_values": ["2019-03-08"], "slot": "date", "values": ["March 8th"]}, {"act": "CONFIRM", "canonical_values": ["2"], "slot": "number_of_seats", "values": ["2"]}], "service": "Restaurants_2", "slots": [{"exclusive_end": 67, "slot": "restaurant_name", "start": 41}, {"exclusive_end": 83, "slot": "location", "start": 71}, {"exclusive_end": 92, "slot": "time", "start": 87}, {"exclusive_end": 111, "slot": "date", "start": 102}]}], "speaker": "SYSTEM", "utterance": "Sure, please confirm your reservation at Benissimo Restaurant & Bar in Corte Madera at 12 pm for 2 on March 8th."}, {"frames": [{"actions": [{"act": "REQUEST", "canonical_values": [], "slot": "price_range", "values": []}, {"act": "REQUEST", "canonical_values": [], "slot": "has_vegetarian_options", "values": []}, {"act": "AFFIRM", "canonical_values": [], "slot": "", "values": []}], "service": "Restaurants_2", "slots": [], "state": {"active_intent": "ReserveRestaurant", "requested_slots": ["has_vegetarian_options", "price_range"], "slot_values": {"date": ["March 8th", "the 8th"], "location": ["Corte Madera"], "number_of_seats": ["2"], "restaurant_name": ["Benissimo", "Benissimo Restaurant & Bar"], "time": ["12 pm", "afternoon 12"]}}}], "speaker": "USER", "utterance": "Sure, may I know if they have vegetarian options and how expensive is their food?"}, {"frames": [{"actions": [{"act": "INFORM", "canonical_values": ["moderate"], "slot": "price_range", "values": ["moderate"]}, {"act": "INFORM", "canonical_values": ["False"], "slot": "has_vegetarian_options", "values": ["False"]}, {"act": "NOTIFY_SUCCESS", "canonical_values": [], "slot": "", "values": []}], "service": "Restaurants_2", "service_call": {"method": "ReserveRestaurant", "parameters": {"date": "2019-03-08", "location": "Corte Madera", "number_of_seats": "2", "restaurant_name": "Benissimo Restaurant & Bar", "time": "12:00"}}, "service_results": [{"address": "18 Tamalpais Drive", "category": "Italian", "date": "2019-03-08", "has_seating_outdoors": "False", "has_vegetarian_options": "False", "location": "Corte Madera", "number_of_seats": "2", "phone_number": "415-927-2316", "price_range": "moderate", "rating": "4.10", "restaurant_name": "Benissimo Restaurant & Bar", "time": "12:00"}], "slots": []}], "speaker": "SYSTEM", "utterance": "Your reservation has been made. Unfortunately, they do not serve vegetarian options, although they are moderate priced."}, {"frames": [{"actions": [{"act": "THANK_YOU", "canonical_values": [], "slot": "", "values": []}], "service": "Restaurants_2", "slots": [], "state": {"active_intent": "ReserveRestaurant", "requested_slots": [], "slot_values": {"date": ["March 8th", "the 8th"], "location": ["Corte Madera"], "number_of_seats": ["2"], "restaurant_name": ["Benissimo", "Benissimo Restaurant & Bar"], "time": ["12 pm", "afternoon 12"]}}}], "speaker": "USER", "utterance": "I see, thanks alot!"}, {"frames": [{"actions": [{"act": "REQ_MORE", "canonical_values": [], "slot": "", "values": []}], "service": "Restaurants_2", "slots": []}], "speaker": "SYSTEM", "utterance": "No worries, could I further assist you?"}, {"frames": [{"actions": [{"act": "NEGATE", "canonical_values": [], "slot": "", "values": []}, {"act": "THANK_YOU", "canonical_values": [], "slot": "", "values": []}], "service": "Restaurants_2", "slots": [], "state": {"active_intent": "NONE", "requested_slots": [], "slot_values": {"date": ["March 8th", "the 8th"], "location": ["Corte Madera"], "number_of_seats": ["2"], "restaurant_name": ["Benissimo", "Benissimo Restaurant & Bar"], "time": ["12 pm", "afternoon 12"]}}}], "speaker": "USER", "utterance": "No, that is all. Thank you!"}, {"frames": [{"actions": [{"act": "GOODBYE", "canonical_values": [], "slot": "", "values": []}], "service": "Restaurants_2", "slots": []}], "speaker": "SYSTEM", "utterance": "Have a great day ahead!"}]}, {"dialogue_id": "1_00001", "services": ["Restaurants_2"], "turns": [{"frames": [{"actions": [{"act": "INFORM", "canonical_values": ["Ancient Szechuan"], "slot": "restaurant_name", "values": ["Ancient Szechuan"]}, {"act": "INFORM", "canonical_values": ["11:30"], "slot": "time", "values": ["11:30 am"]}, {"act": "INFORM", "canonical_values": ["2019-03-11"], "slot": "date", "values": ["11th of this month"]}, {"act": "INFORM_INTENT", "canonical_values": ["ReserveRestaurant"], "slot": "intent", "values": ["ReserveRestaurant"]}], "service": "Restaurants_2", "slots": [{"exclusive_end": 51, "slot": "restaurant_name", "start": 35}, {"exclusive_end": 90, "slot": "time", "start": 82}, {"exclusive_end": 78, "slot": "date", "start": 60}], "state": {"active_intent": "ReserveRestaurant", "requested_slots": [], "slot_values": {"date": ["11th of this month"], "restaurant_name": ["Ancient Szechuan"], "time": ["11:30 am"]}}}], "speaker": "USER", "utterance": "Can you book a table for me at the Ancient Szechuan for the 11th of this month at 11:30 am?"}, {"frames": [{"actions": [{"act": "REQUEST", "canonical_values": [], "slot": "location", "values": []}], "service": "Restaurants_2", "slots": []}], "speaker": "SYSTEM", "utterance": "In which city are you trying to book the table?"}, {"frames": [{"actions": [{"act": "INFORM", "canonical_values": ["Butterfly Restaurant"], "slot": "restaurant_name", "values": ["Butterfly"]}, {"act": "INFORM", "canonical_values": ["San Francisco"], "slot": "location", "values": ["San Francisco"]}], "service": "Restaurants_2", "slots": [{"exclusive_end": 37, "slot": "restaurant_name", "start": 28}, {"exclusive_end": 65, "slot": "location", "start": 52}], "state": {"active_intent": "ReserveRestaurant", "requested_slots": [], "slot_values": {"date": ["11th of this month"], "location": ["San Francisco"], "restaurant_name": ["Butterfly"], "time": ["11:30 am"]}}}], "speaker": "USER", "utterance": "Can you book a table at the Butterfly restaurant in San Francisco?"}, {"frames": [{"actions": [{"act": "CONFIRM", "canonical_values": ["Butterfly Restaurant"], "slot": "restaurant_name", "values": ["Butterfly Restaurant"]}, {"act": "CONFIRM", "canonical_values": ["San Francisco"], "slot": "location", "values": ["San Francisco"]}, {"act": "CONFIRM", "canonical_values": ["11:30"], "slot": "time", "values": ["11:30 am"]}, {"act": "CONFIRM", "canonical_values": ["2019-03-11"], "slot": "date", "values": ["March 11th"]}, {"act": "CONFIRM", "canonical_values": ["2"], "slot": "number_of_seats", "values": ["2"]}], "service": "Restaurants_2", "slots": [{"exclusive_end": 70, "slot": "restaurant_name", "start": 50}, {"exclusive_end": 87, "slot": "location", "start": 74}, {"exclusive_end": 99, "slot": "time", "start": 91}, {"exclusive_end": 113, "slot": "date", "start": 103}]}], "speaker": "SYSTEM", "utterance": "Please confirm that you need a table for 2 at the Butterfly Restaurant in San Francisco at 11:30 am on March 11th."}, {"frames": [{"actions": [{"act": "REQUEST", "canonical_values": [], "slot": "category", "values": []}, {"act": "AFFIRM", "canonical_values": [], "slot": "", "values": []}], "service": "Restaurants_2", "slots": [], "state": {"active_intent": "ReserveRestaurant", "requested_slots": ["category"], "slot_values": {"date": ["11th of this month", "March 11th"], "location": ["San Francisco"], "number_of_seats": ["2"], "restaurant_name": ["Butterfly", "Butterfly Restaurant"], "time": ["11:30 am"]}}}], "speaker": "USER", "utterance": "That's perfect. What cuisine do they offer?"}, {"frames": [{"actions": [{"act": "INFORM", "canonical_values": ["Asian"], "slot": "category", "values": ["Asian"]}, {"act": "NOTIFY_SUCCESS", "canonical_values": [], "slot": "", "values": []}], "service": "Restaurants_2", "service_call": {"method": "ReserveRestaurant", "parameters": {"date": "2019-03-11", "location": "San Francisco", "number_of_seats": "2", "restaurant_name": "Butterfly Restaurant", "time": "11:30"}}, "service_results": [{"address": "33 The Embarcadero", "category": "Asian", "date": "2019-03-11", "has_seating_outdoors": "False", "has_vegetarian_options": "True", "location": "San Francisco", "number_of_seats": "2", "phone_number": "415-864-8999", "price_range": "moderate", "rating": "4.00", "restaurant_name": "Butterfly Restaurant", "time": "11:30"}], "slots": [{"exclusive_end": 60, "slot": "category", "start": 55}]}], "speaker": "SYSTEM", "utterance": "Your table has been booked successfully and they serve Asian cuisine."}, {"frames": [{"actions": [{"act": "REQUEST", "canonical_values": [], "slot": "price_range", "values": []}, {"act": "REQUEST", "canonical_values": [], "slot": "rating", "values": []}], "service": "Restaurants_2", "slots": [], "state": {"active_intent": "ReserveRestaurant", "requested_slots": ["price_range", "rating"], "slot_values": {"date": ["11th of this month", "March 11th"], "location": ["San Francisco"], "number_of_seats": ["2"], "restaurant_name": ["Butterfly", "Butterfly Restaurant"], "time": ["11:30 am"]}}}], "speaker": "USER", "utterance": "Can you get me the user rating of the restaurant? Is it expensive?"}, {"frames": [{"actions": [{"act": "INFORM", "canonical_values": ["4.00"], "slot": "rating", "values": ["4.0"]}, {"act": "INFORM", "canonical_values": ["moderate"], "slot": "price_range", "values": ["moderate"]}], "service": "Restaurants_2", "slots": [{"exclusive_end": 60, "slot": "rating", "start": 57}]}], "speaker": "SYSTEM", "utterance": "Their prices are moderate and they have a user rating of 4.0."}, {"frames": [{"actions": [{"act": "THANK_YOU", "canonical_values": [], "slot": "", "values": []}], "service": "Restaurants_2", "slots": [], "state": {"active_intent": "ReserveRestaurant", "requested_slots": [], "slot_values": {"date": ["11th of this month", "March 11th"], "location": ["San Francisco"], "number_of_seats": ["2"], "restaurant_name": ["Butterfly", "Butterfly Restaurant"], "time": ["11:30 am"]}}}], "speaker": "USER", "utterance": "Thanks a bunch!"}, {"frames": [{"actions": [{"act": "REQ_MORE", "canonical_values": [], "slot": "", "values": []}], "service": "Restaurants_2", "slots": []}], "speaker": "SYSTEM", "utterance": "Is there anything else I can do for you?"}, {"frames": [{"actions": [{"act": "NEGATE", "canonical_values": [], "slot": "", "values": []}, {"act": "THANK_YOU", "canonical_values": [], "slot": "", "values": []}], "service": "Restaurants_2", "slots": [], "state": {"active_intent": "NONE", "requested_slots": [], "slot_values": {"date": ["11th of this month", "March 11th"], "location": ["San Francisco"], "number_of_seats": ["2"], "restaurant_name": ["Butterfly", "Butterfly Restaurant"], "time": ["11:30 am"]}}}], "speaker": "USER", "utterance": "No. Thank you. That's all I need."}, {"frames": [{"actions": [{"act": "GOODBYE", "canonical_values": [], "slot": "", "values": []}], "service": "Restaurants_2", "slots": []}], "speaker": "SYSTEM", "utterance": "Have a great day!"}]}, {"dialogue_id": "1_00002", "services": ["Restaurants_2"], "turns": [{"frames": [{"actions": [{"act": "INFORM", "canonical_values": ["Pacifica"], "slot": "location", "values": ["Pacifica"]}, {"act": "INFORM_INTENT", "canonical_values": ["ReserveRestaurant"], "slot": "intent", "values": ["ReserveRestaurant"]}], "service": "Restaurants_2", "slots": [{"exclusive_end": 37, "slot": "location", "start": 29}], "state": {"active_intent": "ReserveRestaurant", "requested_slots": [], "slot_values": {"location": ["Pacifica"]}}}], "speaker": "USER", "utterance": "Can you check restaurants in Pacifica, I'm looking to make a reservation."}, {"frames": [{"actions": [{"act": "REQUEST", "canonical_values": [], "slot": "restaurant_name", "values": []}, {"act": "REQUEST", "canonical_values": [], "slot": "time", "values": []}], "service": "Restaurants_2", "slots": []}], "speaker": "SYSTEM", "utterance": "Is there a particular restaurant you want? What time did you want the reservation?"}, {"frames": [{"actions": [{"act": "INFORM", "canonical_values": ["Puerto 27"], "slot": "restaurant_name", "values": ["Puerto 27"]}, {"act": "INFORM", "canonical_values": ["13:15"], "slot": "time", "values": ["1:15 pm"]}], "service": "Restaurants_2", "slots": [{"exclusive_end": 35, "slot": "restaurant_name", "start": 26}, {"exclusive_end": 47, "slot": "time", "start": 40}], "state": {"active_intent": "ReserveRestaurant", "requested_slots": [], "slot_values": {"location": ["Pacifica"], "restaurant_name": ["Puerto 27"], "time": ["1:15 pm"]}}}], "speaker": "USER", "utterance": "See if you can get one at Puerto 27 for 1:15 pm."}, {"frames": [{"actions": [{"act": "CONFIRM", "canonical_values": ["Puerto 27"], "slot": "restaurant_name", "values": ["Puerto 27"]}, {"act": "CONFIRM", "canonical_values": ["Pacifica"], "slot": "location", "values": ["Pacifica"]}, {"act": "CONFIRM", "canonical_values": ["13:15"], "slot": "time", "values": ["1:15 pm"]}, {"act": "CONFIRM", "canonical_values": ["2019-03-01"], "slot": "date", "values": ["March 1st"]}, {"act": "CONFIRM", "canonical_values": ["2"], "slot": "number_of_seats", "values": ["2"]}], "service": "Restaurants_2", "slots": [{"exclusive_end": 53, "slot": "restaurant_name", "start": 44}, {"exclusive_end": 65, "slot": "location", "start": 57}, {"exclusive_end": 77, "slot": "time", "start": 70}, {"exclusive_end": 90, "slot": "date", "start": 81}]}], "speaker": "SYSTEM", "utterance": "To verify: You would like a reseravation at Puerto 27 in Pacifica for 1:15 pm on March 1st for 2."}, {"frames": [{"actions": [{"act": "AFFIRM", "canonical_values": [], "slot": "", "values": []}], "service": "Restaurants_2", "slots": [], "state": {"active_intent": "ReserveRestaurant", "requested_slots": [], "slot_values": {"date": ["March 1st"], "location": ["Pacifica"], "number_of_seats": ["2"], "restaurant_name": ["Puerto 27"], "time": ["1:15 pm"]}}}], "speaker": "USER", "utterance": "Yes that's right."}, {"frames": [{"actions": [{"act": "NOTIFY_SUCCESS", "canonical_values": [], "slot": "", "values": []}], "service": "Restaurants_2", "service_call": {"method": "ReserveRestaurant", "parameters": {"date": "2019-03-01", "location": "Pacifica", "number_of_seats": "2", "restaurant_name": "Puerto 27", "time": "13:15"}}, "service_results": [{"address": "525 Crespi Drive", "category": "Peruvian", "date": "2019-03-01", "has_seating_outdoors": "True", "has_vegetarian_options": "True", "location": "Pacifica", "number_of_seats": "2", "phone_number": "650-733-7343", "price_range": "moderate", "rating": "4.10", "restaurant_name": "Puerto 27", "time": "13:30"}], "slots": []}], "speaker": "SYSTEM", "utterance": "Your table is reserved."}, {"frames": [{"actions": [{"act": "THANK_YOU", "canonical_values": [], "slot": "", "values": []}, {"act": "GOODBYE", "canonical_values": [], "slot": "", "values": []}], "service": "Restaurants_2", "slots": [], "state": {"active_intent": "ReserveRestaurant", "requested_slots": [], "slot_values": {"date": ["March 1st"], "location": ["Pacifica"], "number_of_seats": ["2"], "restaurant_name": ["Puerto 27"], "time": ["1:15 pm"]}}}], "speaker": "USER", "utterance": "Thanks so much. That's all I need for now."}, {"frames": [{"actions": [{"act": "GOODBYE", "canonical_values": [], "slot": "", "values": []}], "service": "Restaurants_2", "slots": []}], "speaker": "SYSTEM", "utterance": "Have a great day."}]}, {"dialogue_id": "1_00003", "services": ["Restaurants_2"], "turns": [{"frames": [{"actions": [{"act": "INFORM_INTENT", "canonical_values": ["ReserveRestaurant"], "slot": "intent", "values": ["ReserveRestaurant"]}], "service": "Restaurants_2", "slots": [], "state": {"active_intent": "ReserveRestaurant", "requested_slots": [], "slot_values": {}}}], "speaker": "USER", "utterance": "I need to book a dinner reservation for a date. Help me reserve a table at a restaurant."}, {"frames": [{"actions": [{"act": "REQUEST", "canonical_values": [], "slot": "location", "values": []}, {"act": "REQUEST", "canonical_values": [], "slot": "time", "values": []}], "service": "Restaurants_2", "slots": []}], "speaker": "SYSTEM", "utterance": "What time and location do you have in mind?"}, {"frames": [{"actions": [{"act": "INFORM", "canonical_values": ["20:00"], "slot": "time", "values": ["8 in the night"]}, {"act": "INFORM", "canonical_values": ["San Jose"], "slot": "location", "values": ["San Jose"]}], "service": "Restaurants_2", "slots": [{"exclusive_end": 31, "slot": "time", "start": 17}, {"exclusive_end": 76, "slot": "location", "start": 68}], "state": {"active_intent": "ReserveRestaurant", "requested_slots": [], "slot_values": {"location": ["San Jose"], "time": ["8 in the night"]}}}], "speaker": "USER", "utterance": "Something around 8 in the night should be fine. Oh, and look in the San Jose area."}, {"frames": [{"actions": [{"act": "REQUEST", "canonical_values": [], "slot": "restaurant_name", "values": []}], "service": "Restaurants_2", "slots": []}], "speaker": "SYSTEM", "utterance": "Do you have a specific restaurant in mind?"}, {"frames": [{"actions": [{"act": "INFORM", "canonical_values": ["Little Hunan"], "slot": "restaurant_name", "values": ["Little Hunan"]}], "service": "Restaurants_2", "slots": [{"exclusive_end": 41, "slot": "restaurant_name", "start": 29}], "state": {"active_intent": "ReserveRestaurant", "requested_slots": [], "slot_values": {"location": ["San Jose"], "restaurant_name": ["Little Hunan"], "time": ["8 in the night"]}}}], "speaker": "USER", "utterance": "Let's try booking a table at Little Hunan."}, {"frames": [{"actions": [{"act": "CONFIRM", "canonical_values": ["Little Hunan"], "slot": "restaurant_name", "values": ["Little Hunan"]}, {"act": "CONFIRM", "canonical_values": ["San Jose"], "slot": "location", "values": ["San Jose"]}, {"act": "CONFIRM", "canonical_values": ["20:00"], "slot": "time", "values": ["8 pm"]}, {"act": "CONFIRM", "canonical_values": ["2019-03-01"], "slot": "date", "values": ["March 1st"]}, {"act": "CONFIRM", "canonical_values": ["2"], "slot": "number_of_seats", "values": ["2"]}], "service": "Restaurants_2", "slots": [{"exclusive_end": 49, "slot": "restaurant_name", "start": 37}, {"exclusive_end": 61, "slot": "location", "start": 53}, {"exclusive_end": 82, "slot": "time", "start": 78}, {"exclusive_end": 74, "slot": "date", "start": 65}]}], "speaker": "SYSTEM", "utterance": "You wish to reserve a table for 2 at Little Hunan in San Jose on March 1st at 8 pm. Is that correct?"}, {"frames": [{"actions": [{"act": "AFFIRM", "canonical_values": [], "slot": "", "values": []}], "service": "Restaurants_2", "slots": [], "state": {"active_intent": "ReserveRestaurant", "requested_slots": [], "slot_values": {"date": ["March 1st"], "location": ["San Jose"], "number_of_seats": ["2"], "restaurant_name": ["Little Hunan"], "time": ["8 in the night", "8 pm"]}}}], "speaker": "USER", "utterance": "It sure is. Please make the reservation right away."}, {"frames": [{"actions": [{"act": "NOTIFY_FAILURE", "canonical_values": [], "slot": "", "values": []}, {"act": "REQ_MORE", "canonical_values": [], "slot": "", "values": []}], "service": "Restaurants_2", "service_call": {"method": "ReserveRestaurant", "parameters": {"date": "2019-03-01", "location": "San Jose", "number_of_seats": "2", "restaurant_name": "Little Hunan", "time": "20:00"}}, "service_results": [], "slots": []}], "speaker": "SYSTEM", "utterance": "I was not able to process your reservation. I apologize for any inconvenience."}, {"frames": [{"actions": [{"act": "INFORM", "canonical_values": ["17:15"], "slot": "time", "values": ["quarter past 5 in the evening"]}, {"act": "INFORM_INTENT", "canonical_values": ["ReserveRestaurant"], "slot": "intent", "values": ["ReserveRestaurant"]}], "service": "Restaurants_2", "slots": [{"exclusive_end": 94, "slot": "time", "start": 65}], "state": {"active_intent": "ReserveRestaurant", "requested_slots": [], "slot_values": {"date": ["March 1st"], "location": ["San Jose"], "number_of_seats": ["2"], "restaurant_name": ["Little Hunan"], "time": ["quarter past 5 in the evening"]}}}], "speaker": "USER", "utterance": "Okay. Try booking a table at Little Hunan again but make it at a quarter past 5 in the evening."}, {"frames": [{"actions": [{"act": "CONFIRM", "canonical_values": ["Little Hunan"], "slot": "restaurant_name", "values": ["Little Hunan"]}, {"act": "CONFIRM", "canonical_values": ["San Jose"], "slot": "location", "values": ["San Jose"]}, {"act": "CONFIRM", "canonical_values": ["17:15"], "slot": "time", "values": ["5:15 pm"]}, {"act": "CONFIRM", "canonical_values": ["2019-03-01"], "slot": "date", "values": ["March 1st"]}, {"act": "CONFIRM", "canonical_values": ["2"], "slot": "number_of_seats", "values": ["2"]}], "service": "Restaurants_2", "slots": [{"exclusive_end": 31, "slot": "restaurant_name", "start": 19}, {"exclusive_end": 51, "slot": "location", "start": 43}, {"exclusive_end": 108, "slot": "time", "start": 101}, {"exclusive_end": 97, "slot": "date", "start": 88}]}], "speaker": "SYSTEM", "utterance": "Booking a table at Little Hunan located in San Jose. The reservation is for 2 people on March 1st at 5:15 pm. Is that right?"}, {"frames": [{"actions": [{"act": "AFFIRM", "canonical_values": [], "slot": "", "values": []}], "service": "Restaurants_2", "slots": [], "state": {"active_intent": "ReserveRestaurant", "requested_slots": [], "slot_values": {"date": ["March 1st"], "location": ["San Jose"], "number_of_seats": ["2"], "restaurant_name": ["Little Hunan"], "time": ["5:15 pm", "quarter past 5 in the evening"]}}}], "speaker": "USER", "utterance": "That's correct. Let's hope the reservation goes through this time."}, {"frames": [{"actions": [{"act": "OFFER", "canonical_values": ["Little Hunan"], "slot": "restaurant_name", "values": ["Little Hunan"]}, {"act": "OFFER", "canonical_values": ["2"], "slot": "number_of_seats", "values": ["2"]}, {"act": "OFFER", "canonical_values": ["2019-03-01"], "slot": "date", "values": ["March 1st"]}, {"act": "OFFER", "canonical_values": ["17:00"], "slot": "time", "values": ["5 pm"]}, {"act": "NOTIFY_FAILURE", "canonical_values": [], "slot": "", "values": []}], "service": "Restaurants_2", "service_call": {"method": "ReserveRestaurant", "parameters": {"date": "2019-03-01", "location": "San Jose", "number_of_seats": "2", "restaurant_name": "Little Hunan", "time": "17:15"}}, "service_results": [{"address": "1882 Curtner Avenue", "category": "Chinese", "date": "2019-03-01", "has_seating_outdoors": "False", "has_vegetarian_options": "False", "location": "San Jose", "number_of_seats": "2", "phone_number": "408-371-2968", "price_range": "cheap", "rating": "3.90", "restaurant_name": "Little Hunan", "time": "17:00"}], "slots": [{"exclusive_end": 113, "slot": "restaurant_name", "start": 101}, {"exclusive_end": 126, "slot": "date", "start": 117}, {"exclusive_end": 134, "slot": "time", "start": 130}]}], "speaker": "SYSTEM", "utterance": "I was unable to book your table with those details. If you like, I can make a reservation for you at Little Hunan on March 1st at 5 pm for 2 people."}, {"frames": [{"actions": [{"act": "AFFIRM", "canonical_values": [], "slot": "", "values": []}], "service": "Restaurants_2", "slots": [], "state": {"active_intent": "ReserveRestaurant", "requested_slots": [], "slot_values": {"date": ["March 1st"], "location": ["San Jose"], "number_of_seats": ["2"], "restaurant_name": ["Little Hunan"], "time": ["5 pm"]}}}], "speaker": "USER", "utterance": "Really? That'll work just fine. Please try that."}, {"frames": [{"actions": [{"act": "NOTIFY_SUCCESS", "canonical_values": [], "slot": "", "values": []}], "service": "Restaurants_2", "service_call": {"method": "ReserveRestaurant", "parameters": {"date": "2019-03-01", "location": "San Jose", "number_of_seats": "2", "restaurant_name": "Little Hunan", "time": "17:00"}}, "service_results": [{"address": "1882 Curtner Avenue", "category": "Chinese", "date": "2019-03-01", "has_seating_outdoors": "False", "has_vegetarian_options": "False", "location": "San Jose", "number_of_seats": "2", "phone_number": "408-371-2968", "price_range": "cheap", "rating": "3.90", "restaurant_name": "Little Hunan", "time": "17:00"}], "slots": []}], "speaker": "SYSTEM", "utterance": "I have made your reservation and successfully reserved your table."}, {"frames": [{"actions": [{"act": "REQUEST", "canonical_values": [], "slot": "rating", "values": []}], "service": "Restaurants_2", "slots": [], "state": {"active_intent": "ReserveRestaurant", "requested_slots": ["rating"], "slot_values": {"date": ["March 1st"], "location": ["San Jose"], "number_of_seats": ["2"], "restaurant_name": ["Little Hunan"], "time": ["5 pm"]}}}], "speaker": "USER", "utterance": "At last. Thank you so much. Before I let you go, can you tell me the restaurant's user rating?"}, {"frames": [{"actions": [{"act": "INFORM", "canonical_values": ["3.90"], "slot": "rating", "values": ["3.9"]}], "service": "Restaurants_2", "slots": [{"exclusive_end": 39, "slot": "rating", "start": 36}]}], "speaker": "SYSTEM", "utterance": "The user rating for Little Hunan is 3.9."}, {"frames": [{"actions": [{"act": "REQUEST", "canonical_values": [], "slot": "has_vegetarian_options", "values": []}], "service": "Restaurants_2", "slots": [], "state": {"active_intent": "ReserveRestaurant", "requested_slots": ["has_vegetarian_options"], "slot_values": {"date": ["March 1st"], "location": ["San Jose"], "number_of_seats": ["2"], "restaurant_name": ["Little Hunan"], "time": ["5 pm"]}}}], "speaker": "USER", "utterance": "Are there any vegetarian dishes available at that restaurant?"}, {"frames": [{"actions": [{"act": "INFORM", "canonical_values": ["False"], "slot": "has_vegetarian_options", "values": ["False"]}], "service": "Restaurants_2", "slots": []}], "speaker": "SYSTEM", "utterance": "I apologize but they do not have vegetarian dishes."}, {"frames": [{"actions": [{"act": "THANK_YOU", "canonical_values": [], "slot": "", "values": []}], "service": "Restaurants_2", "slots": [], "state": {"active_intent": "ReserveRestaurant", "requested_slots": [], "slot_values": {"date": ["March 1st"], "location": ["San Jose"], "number_of_seats": ["2"], "restaurant_name": ["Little Hunan"], "time": ["5 pm"]}}}], "speaker": "USER", "utterance": "That's alright. Thanks for the information."}, {"frames": [{"actions": [{"act": "REQ_MORE", "canonical_values": [], "slot": "", "values": []}], "service": "Restaurants_2", "slots": []}], "speaker": "SYSTEM", "utterance": "My pleasure. What else do you require?"}, {"frames": [{"actions": [{"act": "NEGATE", "canonical_values": [], "slot": "", "values": []}, {"act": "THANK_YOU", "canonical_values": [], "slot": "", "values": []}], "service": "Restaurants_2", "slots": [], "state": {"active_intent": "NONE", "requested_slots": [], "slot_values": {"date": ["March 1st"], "location": ["San Jose"], "number_of_seats": ["2"], "restaurant_name": ["Little Hunan"], "time": ["5 pm"]}}}], "speaker": "USER", "utterance": "Oh nothing. Booking the table was all I needed. Thanks again."}, {"frames": [{"actions": [{"act": "GOODBYE", "canonical_values": [], "slot": "", "values": []}], "service": "Restaurants_2", "slots": []}], "speaker": "SYSTEM", "utterance": "Have a wonderful evening."}]}, {"dialogue_id": "1_00004", "services": ["Restaurants_2"], "turns": [{"frames": [{"actions": [{"act": "INFORM", "canonical_values": ["17:30"], "slot": "time", "values": ["evening 5:30"]}, {"act": "INFORM_INTENT", "canonical_values": ["ReserveRestaurant"], "slot": "intent", "values": ["ReserveRestaurant"]}], "service": "Restaurants_2", "slots": [{"exclusive_end": 64, "slot": "time", "start": 52}], "state": {"active_intent": "ReserveRestaurant", "requested_slots": [], "slot_values": {"time": ["evening 5:30"]}}}], "speaker": "USER", "utterance": "Can you book a reservation for a restaurant at this evening 5:30?"}, {"frames": [{"actions": [{"act": "REQUEST", "canonical_values": [], "slot": "restaurant_name", "values": []}], "service": "Restaurants_2", "slots": []}], "speaker": "SYSTEM", "utterance": "At which restaurant would you like to make a reservation?"}, {"frames": [{"actions": [{"act": "INFORM", "canonical_values": ["Mi Zacatecas Family Restaurant"], "slot": "restaurant_name", "values": ["Mi Zacatecas"]}], "service": "Restaurants_2", "slots": [{"exclusive_end": 42, "slot": "restaurant_name", "start": 30}], "state": {"active_intent": "ReserveRestaurant", "requested_slots": [], "slot_values": {"restaurant_name": ["Mi Zacatecas"], "time": ["evening 5:30"]}}}], "speaker": "USER", "utterance": "See if you can get a table at Mi Zacatecas."}, {"frames": [{"actions": [{"act": "REQUEST", "canonical_values": [], "slot": "location", "values": []}], "service": "Restaurants_2", "slots": []}], "speaker": "SYSTEM", "utterance": "In which location is Mi Zacatecas?"}, {"frames": [{"actions": [{"act": "INFORM", "canonical_values": ["American Canyon"], "slot": "location", "values": ["American Canyon"]}], "service": "Restaurants_2", "slots": [{"exclusive_end": 23, "slot": "location", "start": 8}], "state": {"active_intent": "ReserveRestaurant", "requested_slots": [], "slot_values": {"location": ["American Canyon"], "restaurant_name": ["Mi Zacatecas"], "time": ["evening 5:30"]}}}], "speaker": "USER", "utterance": "It's in American Canyon."}, {"frames": [{"actions": [{"act": "CONFIRM", "canonical_values": ["Mi Zacatecas Family Restaurant"], "slot": "restaurant_name", "values": ["Mi Zacatecas Family Restaurant"]}, {"act": "CONFIRM", "canonical_values": ["American Canyon"], "slot": "location", "values": ["American Canyon"]}, {"act": "CONFIRM", "canonical_values": ["17:30"], "slot": "time", "values": ["5:30 pm"]}, {"act": "CONFIRM", "canonical_values": ["2019-03-01"], "slot": "date", "values": ["March 1st"]}, {"act": "CONFIRM", "canonical_values": ["2"], "slot": "number_of_seats", "values": ["2"]}], "service": "Restaurants_2", "slots": [{"exclusive_end": 76, "slot": "restaurant_name", "start": 46}, {"exclusive_end": 95, "slot": "location", "start": 80}, {"exclusive_end": 112, "slot": "time", "start": 105}, {"exclusive_end": 125, "slot": "date", "start": 116}]}], "speaker": "SYSTEM", "utterance": "Please confirm the following: Book 1 table at Mi Zacatecas Family Restaurant in American Canyon for 2 at 5:30 pm on March 1st."}, {"frames": [{"actions": [{"act": "REQUEST", "canonical_values": [], "slot": "category", "values": []}, {"act": "AFFIRM", "canonical_values": [], "slot": "", "values": []}], "service": "Restaurants_2", "slots": [], "state": {"active_intent": "ReserveRestaurant", "requested_slots": ["category"], "slot_values": {"date": ["March 1st"], "location": ["American Canyon"], "number_of_seats": ["2"], "restaurant_name": ["Mi Zacatecas", "Mi Zacatecas Family Restaurant"], "time": ["5:30 pm", "evening 5:30"]}}}], "speaker": "USER", "utterance": "Confirm. Can you tell me what type of food they serve there?"}, {"frames": [{"actions": [{"act": "INFORM", "canonical_values": ["Mexican"], "slot": "category", "values": ["Mexican"]}, {"act": "NOTIFY_SUCCESS", "canonical_values": [], "slot": "", "values": []}], "service": "Restaurants_2", "service_call": {"method": "ReserveRestaurant", "parameters": {"date": "2019-03-01", "location": "American Canyon", "number_of_seats": "2", "restaurant_name": "Mi Zacatecas Family Restaurant", "time": "17:30"}}, "service_results": [{"address": "100 West American Canyon Road", "category": "Mexican", "date": "2019-03-01", "has_seating_outdoors": "False", "has_vegetarian_options": "False", "location": "American Canyon", "number_of_seats": "2", "phone_number": "707-645-7459", "price_range": "moderate", "rating": "4.00", "restaurant_name": "Mi Zacatecas Family Restaurant", "time": "17:30"}], "slots": [{"exclusive_end": 62, "slot": "category", "start": 55}]}], "speaker": "SYSTEM", "utterance": "The reservation has successfully been made. They serve Mexican food."}, {"frames": [{"actions": [{"act": "THANK_YOU", "canonical_values": [], "slot": "", "values": []}, {"act": "GOODBYE", "canonical_values": [], "slot": "", "values": []}], "service": "Restaurants_2", "slots": [], "state": {"active_intent": "ReserveRestaurant", "requested_slots": [], "slot_values": {"date": ["March 1st"], "location": ["American Canyon"], "number_of_seats": ["2"], "restaurant_name": ["Mi Zacatecas", "Mi Zacatecas Family Restaurant"], "time": ["5:30 pm", "evening 5:30"]}}}], "speaker": "USER", "utterance": "Great, that will be all."}, {"frames": [{"actions": [{"act": "GOODBYE", "canonical_values": [], "slot": "", "values": []}], "service": "Restaurants_2", "slots": []}], "speaker": "SYSTEM", "utterance": "Enjoy the rest of your day."}]}]