[{"dialogue_id": "17_00000", "services": ["Flights_1"], "turns": [{"frames": [{"actions": [{"act": "INFORM_INTENT", "canonical_values": ["SearchOnewayFlight"], "slot": "intent", "values": ["SearchOnewayFlight"]}], "service": "Flights_1", "slots": [], "state": {"active_intent": "SearchOnewayFlight", "requested_slots": [], "slot_values": {}}}], "speaker": "USER", "utterance": "Could you help me find some one-way flights?"}, {"frames": [{"actions": [{"act": "REQUEST", "canonical_values": [], "slot": "origin_city", "values": []}], "service": "Flights_1", "slots": []}], "speaker": "SYSTEM", "utterance": "Where will you be leaving from?"}, {"frames": [{"actions": [{"act": "INFORM", "canonical_values": ["Philadelphia"], "slot": "origin_city", "values": ["Philadelphia"]}], "service": "Flights_1", "slots": [{"exclusive_end": 25, "slot": "origin_city", "start": 13}], "state": {"active_intent": "SearchOnewayFlight", "requested_slots": [], "slot_values": {"origin_city": ["Philadelphia"]}}}], "speaker": "USER", "utterance": "Leaving from Philadelphia."}, {"frames": [{"actions": [{"act": "REQUEST", "canonical_values": [], "slot": "departure_date", "values": []}, {"act": "REQUEST", "canonical_values": [], "slot": "destination_city", "values": []}], "service": "Flights_1", "slots": []}], "speaker": "SYSTEM", "utterance": "Where are you traveling to and when do you plan on leaving?"}, {"frames": [{"actions": [{"act": "INFORM", "canonical_values": ["London"], "slot": "destination_city", "values": ["London, England"]}, {"act": "INFORM", "canonical_values": ["2019-03-02"], "slot": "departure_date", "values": ["2nd of March"]}], "service": "Flights_1", "slots": [{"exclusive_end": 28, "slot": "destination_city", "start": 13}, {"exclusive_end": 48, "slot": "departure_date", "start": 36}], "state": {"active_intent": "SearchOnewayFlight", "requested_slots": [], "slot_values": {"departure_date": ["2nd of March"], "destination_city": ["London, England"], "origin_city": ["Philadelphia"]}}}], "speaker": "USER", "utterance": "Traveling to London, England on the 2nd of March."}, {"frames": [{"actions": [{"act": "OFFER", "canonical_values": ["American Airlines"], "slot": "airlines", "values": ["American Airlines"]}, {"act": "OFFER", "canonical_values": ["10:10"], "slot": "outbound_departure_time", "values": ["10:10 am"]}, {"act": "OFFER", "canonical_values": ["1"], "slot": "number_stops", "values": ["1"]}, {"act": "OFFER", "canonical_values": ["314"], "slot": "price", "values": ["$314"]}, {"act": "INFORM_COUNT", "canonical_values": ["4"], "slot": "count", "values": ["4"]}], "service": "Flights_1", "service_call": {"method": "SearchOnewayFlight", "parameters": {"departure_date": "2019-03-02", "destination_city": "London", "origin_city": "Philadelphia"}}, "service_results": [{"airlines": "American Airlines", "departure_date": "2019-03-02", "destination_airport": "Heathrow International Airport", "destination_city": "London", "number_stops": "1", "origin_airport": "PHL International Airport", "origin_city": "Philadelphia", "outbound_arrival_time": "03:14", "outbound_departure_time": "10:10", "passengers": "1", "price": "314", "refundable": "False", "seating_class": "Economy"}, {"airlines": "Delta Airlines", "departure_date": "2019-03-02", "destination_airport": "Heathrow International Airport", "destination_city": "London", "number_stops": "1", "origin_airport": "PHL International Airport", "origin_city": "Philadelphia", "outbound_arrival_time": "10:14", "outbound_departure_time": "14:20", "passengers": "1", "price": "343", "refundable": "False", "seating_class": "Economy"}, {"airlines": "Southwest Airlines", "departure_date": "2019-03-02", "destination_airport": "Heathrow International Airport", "destination_city": "London", "number_stops": "1", "origin_airport": "PHL International Airport", "origin_city": "Philadelphia", "outbound_arrival_time": "01:37", "outbound_departure_time": "07:45", "passengers": "1", "price": "283", "refundable": "False", "seating_class": "Economy"}, {"airlines": "United Airlines", "departure_date": "2019-03-02", "destination_airport": "Heathrow International Airport", "destination_city": "London", "number_stops": "1", "origin_airport": "PHL International Airport", "origin_city": "Philadelphia", "outbound_arrival_time": "03:14", "outbound_departure_time": "11:30", "passengers": "1", "price": "321", "refundable": "False", "seating_class": "Economy"}], "slots": [{"exclusive_end": 69, "slot": "outbound_departure_time", "start": 61}, {"exclusive_end": 90, "slot": "price", "start": 86}]}], "speaker": "SYSTEM", "utterance": "I found 4 flights. American Airlines has a flight leaving at 10:10 am with 1 stop for $314."}, {"frames": [{"actions": [{"act": "REQUEST", "canonical_values": [], "slot": "refundable", "values": []}, {"act": "REQUEST", "canonical_values": [], "slot": "origin_airport", "values": []}], "service": "Flights_1", "slots": [], "state": {"active_intent": "SearchOnewayFlight", "requested_slots": ["origin_airport", "refundable"], "slot_values": {"departure_date": ["2nd of March"], "destination_city": ["London, England"], "origin_city": ["Philadelphia"]}}}], "speaker": "USER", "utterance": "What is the departure airport and is the ticket refundable?"}, {"frames": [{"actions": [{"act": "INFORM", "canonical_values": ["False"], "slot": "refundable", "values": ["False"]}, {"act": "INFORM", "canonical_values": ["PHL International Airport"], "slot": "origin_airport", "values": ["PHL International Airport"]}], "service": "Flights_1", "slots": [{"exclusive_end": 38, "slot": "origin_airport", "start": 13}]}], "speaker": "SYSTEM", "utterance": "Departs from PHL International Airport but the ticket is not refundable."}, {"frames": [{"actions": [{"act": "SELECT", "canonical_values": [], "slot": "", "values": []}], "service": "Flights_1", "slots": [], "state": {"active_intent": "SearchOnewayFlight", "requested_slots": [], "slot_values": {"airlines": ["American Airlines"], "departure_date": ["2nd of March"], "destination_city": ["London, England"], "origin_city": ["Philadelphia"], "outbound_departure_time": ["10:10 am"]}}}], "speaker": "USER", "utterance": "Ok, that flight works for me."}, {"frames": [{"actions": [{"act": "OFFER_INTENT", "canonical_values": ["ReserveOnewayFlight"], "slot": "intent", "values": ["ReserveOnewayFlight"]}], "service": "Flights_1", "slots": []}], "speaker": "SYSTEM", "utterance": "Are you ready to purchase the ticket now?"}, {"frames": [{"actions": [{"act": "AFFIRM_INTENT", "canonical_values": [], "slot": "", "values": []}], "service": "Flights_1", "slots": [], "state": {"active_intent": "ReserveOnewayFlight", "requested_slots": [], "slot_values": {"airlines": ["American Airlines"], "departure_date": ["2nd of March"], "destination_city": ["London, England"], "origin_city": ["Philadelphia"], "outbound_departure_time": ["10:10 am"]}}}], "speaker": "USER", "utterance": "Yes, I am ready."}, {"frames": [{"actions": [{"act": "CONFIRM", "canonical_values": ["Philadelphia"], "slot": "origin_city", "values": ["Philadelphia"]}, {"act": "CONFIRM", "canonical_values": ["London"], "slot": "destination_city", "values": ["London"]}, {"act": "CONFIRM", "canonical_values": ["American Airlines"], "slot": "airlines", "values": ["American Airlines"]}, {"act": "CONFIRM", "canonical_values": ["2019-03-02"], "slot": "departure_date", "values": ["tomorrow"]}, {"act": "CONFIRM", "canonical_values": ["Economy"], "slot": "seating_class", "values": ["Economy"]}, {"act": "CONFIRM", "canonical_values": ["1"], "slot": "passengers", "values": ["1"]}], "service": "Flights_1", "slots": [{"exclusive_end": 83, "slot": "origin_city", "start": 71}, {"exclusive_end": 93, "slot": "destination_city", "start": 87}, {"exclusive_end": 65, "slot": "departure_date", "start": 57}]}], "speaker": "SYSTEM", "utterance": "Ok, you need 1 Economy ticket with American Airlines for tomorrow from Philadelphia to London. Is that correct?"}, {"frames": [{"actions": [{"act": "REQUEST", "canonical_values": [], "slot": "outbound_arrival_time", "values": []}, {"act": "AFFIRM", "canonical_values": [], "slot": "", "values": []}], "service": "Flights_1", "slots": [], "state": {"active_intent": "ReserveOnewayFlight", "requested_slots": ["outbound_arrival_time"], "slot_values": {"airlines": ["American Airlines"], "departure_date": ["2nd of March", "tomorrow"], "destination_city": ["London", "London, England"], "origin_city": ["Philadelphia"], "outbound_departure_time": ["10:10 am"], "passengers": ["1"], "seating_class": ["Economy"]}}}], "speaker": "USER", "utterance": "Yes. When does the onward flight arrive?"}, {"frames": [{"actions": [{"act": "INFORM", "canonical_values": ["03:14"], "slot": "outbound_arrival_time", "values": ["3:14 am"]}, {"act": "NOTIFY_SUCCESS", "canonical_values": [], "slot": "", "values": []}], "service": "Flights_1", "service_call": {"method": "ReserveOnewayFlight", "parameters": {"airlines": "American Airlines", "departure_date": "2019-03-02", "destination_city": "London", "origin_city": "Philadelphia", "passengers": "1", "seating_class": "Economy"}}, "service_results": [{"airlines": "American Airlines", "departure_date": "2019-03-02", "destination_airport": "Heathrow International Airport", "destination_city": "London", "number_stops": "1", "origin_airport": "PHL International Airport", "origin_city": "Philadelphia", "outbound_arrival_time": "03:14", "outbound_departure_time": "10:10", "passengers": "1", "price": "314", "refundable": "False", "seating_class": "Economy"}], "slots": [{"exclusive_end": 58, "slot": "outbound_arrival_time", "start": 51}]}], "speaker": "SYSTEM", "utterance": "Your ticket is confirmed and the flight arrives at 3:14 am."}, {"frames": [{"actions": [{"act": "THANK_YOU", "canonical_values": [], "slot": "", "values": []}, {"act": "GOODBYE", "canonical_values": [], "slot": "", "values": []}], "service": "Flights_1", "slots": [], "state": {"active_intent": "ReserveOnewayFlight", "requested_slots": [], "slot_values": {"airlines": ["American Airlines"], "departure_date": ["2nd of March", "tomorrow"], "destination_city": ["London", "London, England"], "origin_city": ["Philadelphia"], "outbound_departure_time": ["10:10 am"], "passengers": ["1"], "seating_class": ["Economy"]}}}], "speaker": "USER", "utterance": "Great. Thank you for your help."}, {"frames": [{"actions": [{"act": "GOODBYE", "canonical_values": [], "slot": "", "values": []}], "service": "Flights_1", "slots": []}], "speaker": "SYSTEM", "utterance": "My pleasure. Have a great day."}]}, {"dialogue_id": "17_00001", "services": ["Flights_1"], "turns": [{"frames": [{"actions": [{"act": "INFORM", "canonical_values": ["1"], "slot": "passengers", "values": ["1"]}, {"act": "INFORM", "canonical_values": ["Premium Economy"], "slot": "seating_class", "values": ["Premium Economy"]}, {"act": "INFORM_INTENT", "canonical_values": ["SearchOnewayFlight"], "slot": "intent", "values": ["SearchOnewayFlight"]}], "service": "Flights_1", "slots": [], "state": {"active_intent": "SearchOnewayFlight", "requested_slots": [], "slot_values": {"passengers": ["1"], "seating_class": ["Premium Economy"]}}}], "speaker": "USER", "utterance": "I would like to book a one way flight for 1 ticket in Premium Economy. Would you be willing to help me?"}, {"frames": [{"actions": [{"act": "REQUEST", "canonical_values": [], "slot": "destination_city", "values": []}, {"act": "REQUEST", "canonical_values": [], "slot": "departure_date", "values": []}], "service": "Flights_1", "slots": []}], "speaker": "SYSTEM", "utterance": "Where will you be flying and when would you like to leave?"}, {"frames": [{"actions": [{"act": "INFORM", "canonical_values": ["2019-03-05"], "slot": "departure_date", "values": ["next Tuesday"]}, {"act": "INFORM", "canonical_values": ["Seattle"], "slot": "destination_city", "values": ["Seattle, WA"]}], "service": "Flights_1", "slots": [{"exclusive_end": 53, "slot": "departure_date", "start": 41}, {"exclusive_end": 37, "slot": "destination_city", "start": 26}], "state": {"active_intent": "SearchOnewayFlight", "requested_slots": [], "slot_values": {"departure_date": ["next Tuesday"], "destination_city": ["Seattle, WA"], "passengers": ["1"], "seating_class": ["Premium Economy"]}}}], "speaker": "USER", "utterance": "I would like to travel to Seattle, WA on next Tuesday."}, {"frames": [{"actions": [{"act": "REQUEST", "canonical_values": [], "slot": "origin_city", "values": []}], "service": "Flights_1", "slots": []}], "speaker": "SYSTEM", "utterance": "Where will you be leaving from?"}, {"frames": [{"actions": [{"act": "INFORM", "canonical_values": ["Toronto"], "slot": "origin_city", "values": ["Toronto"]}], "service": "Flights_1", "slots": [{"exclusive_end": 23, "slot": "origin_city", "start": 16}], "state": {"active_intent": "SearchOnewayFlight", "requested_slots": [], "slot_values": {"departure_date": ["next Tuesday"], "destination_city": ["Seattle, WA"], "origin_city": ["Toronto"], "passengers": ["1"], "seating_class": ["Premium Economy"]}}}], "speaker": "USER", "utterance": "I will fly from Toronto."}, {"frames": [{"actions": [{"act": "OFFER", "canonical_values": ["American Airlines"], "slot": "airlines", "values": ["American Airlines"]}, {"act": "OFFER", "canonical_values": ["10:05"], "slot": "outbound_departure_time", "values": ["10:05 am"]}, {"act": "OFFER", "canonical_values": ["1"], "slot": "number_stops", "values": ["1"]}, {"act": "OFFER", "canonical_values": ["366"], "slot": "price", "values": ["$366"]}, {"act": "INFORM_COUNT", "canonical_values": ["2"], "slot": "count", "values": ["2"]}], "service": "Flights_1", "service_call": {"method": "SearchOnewayFlight", "parameters": {"departure_date": "2019-03-05", "destination_city": "Seattle", "origin_city": "Toronto", "passengers": "1", "seating_class": "Premium Economy"}}, "service_results": [{"airlines": "American Airlines", "departure_date": "2019-03-05", "destination_airport": "Seattle-Tacoma International Airport", "destination_city": "Seattle", "number_stops": "1", "origin_airport": "Toronto Pearson International Airport", "origin_city": "Toronto", "outbound_arrival_time": "18:05", "outbound_departure_time": "10:05", "passengers": "1", "price": "366", "refundable": "False", "seating_class": "Premium Economy"}, {"airlines": "Delta Airlines", "departure_date": "2019-03-05", "destination_airport": "Seattle-Tacoma International Airport", "destination_city": "Seattle", "number_stops": "1", "origin_airport": "Toronto Pearson International Airport", "origin_city": "Toronto", "outbound_arrival_time": "09:37", "outbound_departure_time": "02:10", "passengers": "1", "price": "523", "refundable": "False", "seating_class": "Premium Economy"}], "slots": [{"exclusive_end": 73, "slot": "outbound_departure_time", "start": 65}, {"exclusive_end": 97, "slot": "price", "start": 93}]}], "speaker": "SYSTEM", "utterance": "I found 2 flights for you. One is an American Airlines flight at 10:05 am and has 1 stop for $366."}, {"frames": [{"actions": [{"act": "REQUEST", "canonical_values": [], "slot": "origin_airport", "values": []}], "service": "Flights_1", "slots": [], "state": {"active_intent": "SearchOnewayFlight", "requested_slots": ["origin_airport"], "slot_values": {"departure_date": ["next Tuesday"], "destination_city": ["Seattle, WA"], "origin_city": ["Toronto"], "passengers": ["1"], "seating_class": ["Premium Economy"]}}}], "speaker": "USER", "utterance": "Where does this flight leave from?"}, {"frames": [{"actions": [{"act": "INFORM", "canonical_values": ["Toronto Pearson International Airport"], "slot": "origin_airport", "values": ["Toronto Pearson International Airport"]}], "service": "Flights_1", "slots": [{"exclusive_end": 61, "slot": "origin_airport", "start": 24}]}], "speaker": "SYSTEM", "utterance": "The flight departs from Toronto Pearson International Airport."}, {"frames": [{"actions": [{"act": "INFORM_INTENT", "canonical_values": ["ReserveOnewayFlight"], "slot": "intent", "values": ["ReserveOnewayFlight"]}, {"act": "SELECT", "canonical_values": [], "slot": "", "values": []}], "service": "Flights_1", "slots": [], "state": {"active_intent": "ReserveOnewayFlight", "requested_slots": [], "slot_values": {"airlines": ["American Airlines"], "departure_date": ["next Tuesday"], "destination_city": ["Seattle, WA"], "origin_city": ["Toronto"], "outbound_departure_time": ["10:05 am"], "passengers": ["1"], "seating_class": ["Premium Economy"]}}}], "speaker": "USER", "utterance": "The flight sounds good to me. I am really looking forward to my trip. Will you help me purchase the ticket?"}, {"frames": [{"actions": [{"act": "CONFIRM", "canonical_values": ["Toronto"], "slot": "origin_city", "values": ["Toronto"]}, {"act": "CONFIRM", "canonical_values": ["Seattle"], "slot": "destination_city", "values": ["Seattle"]}, {"act": "CONFIRM", "canonical_values": ["American Airlines"], "slot": "airlines", "values": ["American Airlines"]}, {"act": "CONFIRM", "canonical_values": ["2019-03-05"], "slot": "departure_date", "values": ["next Tuesday"]}, {"act": "CONFIRM", "canonical_values": ["1"], "slot": "passengers", "values": ["1"]}, {"act": "CONFIRM", "canonical_values": ["Premium Economy"], "slot": "seating_class", "values": ["Premium Economy"]}], "service": "Flights_1", "slots": [{"exclusive_end": 54, "slot": "origin_city", "start": 47}, {"exclusive_end": 65, "slot": "destination_city", "start": 58}, {"exclusive_end": 100, "slot": "departure_date", "start": 88}]}], "speaker": "SYSTEM", "utterance": "Please confirm that you would like to fly from Toronto to Seattle on American Airlines, next Tuesday. This purchase is for 1 passenger in Premium Economy."}, {"frames": [{"actions": [{"act": "AFFIRM", "canonical_values": [], "slot": "", "values": []}], "service": "Flights_1", "slots": [], "state": {"active_intent": "ReserveOnewayFlight", "requested_slots": [], "slot_values": {"airlines": ["American Airlines"], "departure_date": ["next Tuesday"], "destination_city": ["Seattle", "Seattle, WA"], "origin_city": ["Toronto"], "outbound_departure_time": ["10:05 am"], "passengers": ["1"], "seating_class": ["Premium Economy"]}}}], "speaker": "USER", "utterance": "Yes that sounds good."}, {"frames": [{"actions": [{"act": "NOTIFY_SUCCESS", "canonical_values": [], "slot": "", "values": []}], "service": "Flights_1", "service_call": {"method": "ReserveOnewayFlight", "parameters": {"airlines": "American Airlines", "departure_date": "2019-03-05", "destination_city": "Seattle", "origin_city": "Toronto", "passengers": "1", "seating_class": "Premium Economy"}}, "service_results": [{"airlines": "American Airlines", "departure_date": "2019-03-05", "destination_airport": "Seattle-Tacoma International Airport", "destination_city": "Seattle", "number_stops": "1", "origin_airport": "Toronto Pearson International Airport", "origin_city": "Toronto", "outbound_arrival_time": "18:05", "outbound_departure_time": "10:05", "passengers": "1", "price": "366", "refundable": "False", "seating_class": "Premium Economy"}], "slots": []}], "speaker": "SYSTEM", "utterance": "Your ticket is confirmed."}, {"frames": [{"actions": [{"act": "THANK_YOU", "canonical_values": [], "slot": "", "values": []}], "service": "Flights_1", "slots": [], "state": {"active_intent": "ReserveOnewayFlight", "requested_slots": [], "slot_values": {"airlines": ["American Airlines"], "departure_date": ["next Tuesday"], "destination_city": ["Seattle", "Seattle, WA"], "origin_city": ["Toronto"], "outbound_departure_time": ["10:05 am"], "passengers": ["1"], "seating_class": ["Premium Economy"]}}}], "speaker": "USER", "utterance": "Thank you for your help."}, {"frames": [{"actions": [{"act": "REQ_MORE", "canonical_values": [], "slot": "", "values": []}], "service": "Flights_1", "slots": []}], "speaker": "SYSTEM", "utterance": "Is there anything else you need my help with?"}, {"frames": [{"actions": [{"act": "NEGATE", "canonical_values": [], "slot": "", "values": []}, {"act": "THANK_YOU", "canonical_values": [], "slot": "", "values": []}], "service": "Flights_1", "slots": [], "state": {"active_intent": "NONE", "requested_slots": [], "slot_values": {"airlines": ["American Airlines"], "departure_date": ["next Tuesday"], "destination_city": ["Seattle", "Seattle, WA"], "origin_city": ["Toronto"], "outbound_departure_time": ["10:05 am"], "passengers": ["1"], "seating_class": ["Premium Economy"]}}}], "speaker": "USER", "utterance": "No thank you. You have been a great help."}, {"frames": [{"actions": [{"act": "GOODBYE", "canonical_values": [], "slot": "", "values": []}], "service": "Flights_1", "slots": []}], "speaker": "SYSTEM", "utterance": "Have a wonderful day."}]}, {"dialogue_id": "17_00002", "services": ["Flights_1"], "turns": [{"frames": [{"actions": [{"act": "INFORM", "canonical_values": ["Atlanta"], "slot": "origin_city", "values": ["ATL"]}, {"act": "INFORM_INTENT", "canonical_values": ["SearchOnewayFlight"], "slot": "intent", "values": ["SearchOnewayFlight"]}], "service": "Flights_1", "slots": [{"exclusive_end": 92, "slot": "origin_city", "start": 89}], "state": {"active_intent": "SearchOnewayFlight", "requested_slots": [], "slot_values": {"origin_city": ["ATL"]}}}], "speaker": "USER", "utterance": "I have a trip coming up. Can you assist me in finding one way flights that depart out of ATL?"}, {"frames": [{"actions": [{"act": "REQUEST", "canonical_values": [], "slot": "departure_date", "values": []}, {"act": "REQUEST", "canonical_values": [], "slot": "destination_city", "values": []}], "service": "Flights_1", "slots": []}], "speaker": "SYSTEM", "utterance": "When do you plan on leaving? Where is the destination?"}, {"frames": [{"actions": [{"act": "INFORM", "canonical_values": ["2019-03-03"], "slot": "departure_date", "values": ["day after tomorrow"]}, {"act": "INFORM", "canonical_values": ["Los Angeles"], "slot": "destination_city", "values": ["Los Angeles"]}], "service": "Flights_1", "slots": [{"exclusive_end": 47, "slot": "departure_date", "start": 29}, {"exclusive_end": 83, "slot": "destination_city", "start": 72}], "state": {"active_intent": "SearchOnewayFlight", "requested_slots": [], "slot_values": {"departure_date": ["day after tomorrow"], "destination_city": ["Los Angeles"], "origin_city": ["ATL"]}}}], "speaker": "USER", "utterance": "I am planning on leaving the day after tomorrow. I will be traveling to Los Angeles."}, {"frames": [{"actions": [{"act": "OFFER", "canonical_values": ["American Airlines"], "slot": "airlines", "values": ["American Airlines"]}, {"act": "OFFER", "canonical_values": ["09:35"], "slot": "outbound_departure_time", "values": ["9:35 am"]}, {"act": "OFFER", "canonical_values": ["0"], "slot": "number_stops", "values": ["0"]}, {"act": "OFFER", "canonical_values": ["177"], "slot": "price", "values": ["$177"]}], "service": "Flights_1", "service_call": {"method": "SearchOnewayFlight", "parameters": {"departure_date": "2019-03-03", "destination_city": "Los Angeles", "origin_city": "Atlanta"}}, "service_results": [{"airlines": "American Airlines", "departure_date": "2019-03-03", "destination_airport": "LAX International Airport", "destination_city": "Los Angeles", "number_stops": "0", "origin_airport": "Hartsfield-Jackson International Airport", "origin_city": "Atlanta", "outbound_arrival_time": "11:34", "outbound_departure_time": "09:35", "passengers": "1", "price": "177", "refundable": "True", "seating_class": "Economy"}, {"airlines": "Delta Airlines", "departure_date": "2019-03-03", "destination_airport": "LAX International Airport", "destination_city": "Los Angeles", "number_stops": "0", "origin_airport": "Hartsfield-Jackson International Airport", "origin_city": "Atlanta", "outbound_arrival_time": "00:19", "outbound_departure_time": "22:20", "passengers": "1", "price": "194", "refundable": "True", "seating_class": "Economy"}, {"airlines": "Southwest Airlines", "departure_date": "2019-03-03", "destination_airport": "LAX International Airport", "destination_city": "Los Angeles", "number_stops": "0", "origin_airport": "Hartsfield-Jackson International Airport", "origin_city": "Atlanta", "outbound_arrival_time": "15:29", "outbound_departure_time": "13:30", "passengers": "1", "price": "173", "refundable": "False", "seating_class": "Economy"}, {"airlines": "United Airlines", "departure_date": "2019-03-03", "destination_airport": "LAX International Airport", "destination_city": "Los Angeles", "number_stops": "0", "origin_airport": "Hartsfield-Jackson International Airport", "origin_city": "Atlanta", "outbound_arrival_time": "10:34", "outbound_departure_time": "08:35", "passengers": "1", "price": "189", "refundable": "True", "seating_class": "Economy"}], "slots": [{"exclusive_end": 39, "slot": "outbound_departure_time", "start": 32}, {"exclusive_end": 99, "slot": "price", "start": 95}]}], "speaker": "SYSTEM", "utterance": "There is an available flight at 9:35 am out of ATL. There are 0 stops and the tickets start at $177. It will be an American Airlines plane."}, {"frames": [{"actions": [{"act": "REQUEST", "canonical_values": [], "slot": "refundable", "values": []}, {"act": "REQUEST", "canonical_values": [], "slot": "outbound_arrival_time", "values": []}], "service": "Flights_1", "slots": [], "state": {"active_intent": "SearchOnewayFlight", "requested_slots": ["outbound_arrival_time", "refundable"], "slot_values": {"departure_date": ["day after tomorrow"], "destination_city": ["Los Angeles"], "origin_city": ["ATL"]}}}], "speaker": "USER", "utterance": "If I changed my mind, would I be able to get a refund on my ticket? When does the onward flight arrive?"}, {"frames": [{"actions": [{"act": "INFORM", "canonical_values": ["True"], "slot": "refundable", "values": ["True"]}, {"act": "INFORM", "canonical_values": ["11:34"], "slot": "outbound_arrival_time", "values": ["11:34 am"]}], "service": "Flights_1", "slots": [{"exclusive_end": 68, "slot": "outbound_arrival_time", "start": 60}]}], "speaker": "SYSTEM", "utterance": "Yes, the ticket is refundable. The onward flight arrives at 11:34 am."}, {"frames": [{"actions": [{"act": "SELECT", "canonical_values": [], "slot": "", "values": []}], "service": "Flights_1", "slots": [], "state": {"active_intent": "SearchOnewayFlight", "requested_slots": [], "slot_values": {"airlines": ["American Airlines"], "departure_date": ["day after tomorrow"], "destination_city": ["Los Angeles"], "origin_city": ["ATL"], "outbound_departure_time": ["9:35 am"]}}}], "speaker": "USER", "utterance": "I think that flight will work for me."}, {"frames": [{"actions": [{"act": "OFFER_INTENT", "canonical_values": ["ReserveOnewayFlight"], "slot": "intent", "values": ["ReserveOnewayFlight"]}], "service": "Flights_1", "slots": []}], "speaker": "SYSTEM", "utterance": "Did you want to purchase tickets for it?"}, {"frames": [{"actions": [{"act": "AFFIRM_INTENT", "canonical_values": [], "slot": "", "values": []}], "service": "Flights_1", "slots": [], "state": {"active_intent": "ReserveOnewayFlight", "requested_slots": [], "slot_values": {"airlines": ["American Airlines"], "departure_date": ["day after tomorrow"], "destination_city": ["Los Angeles"], "origin_city": ["ATL"], "outbound_departure_time": ["9:35 am"]}}}], "speaker": "USER", "utterance": "Yes, I would like to book a ticket for that flight."}, {"frames": [{"actions": [{"act": "CONFIRM", "canonical_values": ["Atlanta"], "slot": "origin_city", "values": ["Atlanta"]}, {"act": "CONFIRM", "canonical_values": ["Los Angeles"], "slot": "destination_city", "values": ["Los Angeles"]}, {"act": "CONFIRM", "canonical_values": ["American Airlines"], "slot": "airlines", "values": ["American Airlines"]}, {"act": "CONFIRM", "canonical_values": ["2019-03-03"], "slot": "departure_date", "values": ["day after tomorrow"]}, {"act": "CONFIRM", "canonical_values": ["1"], "slot": "passengers", "values": ["1"]}, {"act": "CONFIRM", "canonical_values": ["Economy"], "slot": "seating_class", "values": ["Economy"]}], "service": "Flights_1", "slots": [{"exclusive_end": 74, "slot": "origin_city", "start": 67}, {"exclusive_end": 102, "slot": "destination_city", "start": 91}, {"exclusive_end": 226, "slot": "departure_date", "start": 208}]}], "speaker": "SYSTEM", "utterance": "Please confirm the following details: The flight will be departing Atlanta and arriving in Los Angeles. You will be flying American Airlines in Economy seating. You will need 1 ticket and will be leaving the day after tomorrow."}, {"frames": [{"actions": [{"act": "INFORM", "canonical_values": ["Premium Economy"], "slot": "seating_class", "values": ["Premium Economy"]}, {"act": "NEGATE", "canonical_values": [], "slot": "", "values": []}], "service": "Flights_1", "slots": [], "state": {"active_intent": "ReserveOnewayFlight", "requested_slots": [], "slot_values": {"airlines": ["American Airlines"], "departure_date": ["day after tomorrow"], "destination_city": ["Los Angeles"], "origin_city": ["ATL", "Atlanta"], "outbound_departure_time": ["9:35 am"], "seating_class": ["Premium Economy"]}}}], "speaker": "USER", "utterance": "Actually, can I please book a Premium Economy seat?"}, {"frames": [{"actions": [{"act": "CONFIRM", "canonical_values": ["American Airlines"], "slot": "airlines", "values": ["American Airlines"]}, {"act": "CONFIRM", "canonical_values": ["Premium Economy"], "slot": "seating_class", "values": ["Premium Economy"]}], "service": "Flights_1", "slots": []}], "speaker": "SYSTEM", "utterance": "Please confirm: You will be flying with American Airlines in a Premium Economy seat."}, {"frames": [{"actions": [{"act": "INFORM", "canonical_values": ["1"], "slot": "passengers", "values": ["1"]}, {"act": "NEGATE", "canonical_values": [], "slot": "", "values": []}], "service": "Flights_1", "slots": [], "state": {"active_intent": "ReserveOnewayFlight", "requested_slots": [], "slot_values": {"airlines": ["American Airlines"], "departure_date": ["day after tomorrow"], "destination_city": ["Los Angeles"], "origin_city": ["ATL", "Atlanta"], "outbound_departure_time": ["9:35 am"], "passengers": ["1"], "seating_class": ["Premium Economy"]}}}], "speaker": "USER", "utterance": "Yes, but I will only need 1 ticket for myself."}, {"frames": [{"actions": [{"act": "CONFIRM", "canonical_values": ["2019-03-03"], "slot": "departure_date", "values": ["day after tomorrow"]}, {"act": "CONFIRM", "canonical_values": ["1"], "slot": "passengers", "values": ["1"]}], "service": "Flights_1", "slots": [{"exclusive_end": 61, "slot": "departure_date", "start": 43}]}], "speaker": "SYSTEM", "utterance": "Please confirm: Your departure date is the day after tomorrow and you want to purchase 1 ticket."}, {"frames": [{"actions": [{"act": "AFFIRM", "canonical_values": [], "slot": "", "values": []}], "service": "Flights_1", "slots": [], "state": {"active_intent": "ReserveOnewayFlight", "requested_slots": [], "slot_values": {"airlines": ["American Airlines"], "departure_date": ["day after tomorrow"], "destination_city": ["Los Angeles"], "origin_city": ["ATL", "Atlanta"], "outbound_departure_time": ["9:35 am"], "passengers": ["1"], "seating_class": ["Premium Economy"]}}}], "speaker": "USER", "utterance": "Yes, that is correct."}, {"frames": [{"actions": [{"act": "NOTIFY_SUCCESS", "canonical_values": [], "slot": "", "values": []}], "service": "Flights_1", "service_call": {"method": "ReserveOnewayFlight", "parameters": {"airlines": "American Airlines", "departure_date": "2019-03-03", "destination_city": "Los Angeles", "origin_city": "Atlanta", "passengers": "1", "seating_class": "Premium Economy"}}, "service_results": [{"airlines": "American Airlines", "departure_date": "2019-03-03", "destination_airport": "LAX International Airport", "destination_city": "Los Angeles", "number_stops": "0", "origin_airport": "Hartsfield-Jackson International Airport", "origin_city": "Atlanta", "outbound_arrival_time": "11:34", "outbound_departure_time": "09:35", "passengers": "1", "price": "276", "refundable": "True", "seating_class": "Premium Economy"}], "slots": []}], "speaker": "SYSTEM", "utterance": "Your airline ticket is confirmed."}, {"frames": [{"actions": [{"act": "THANK_YOU", "canonical_values": [], "slot": "", "values": []}, {"act": "GOODBYE", "canonical_values": [], "slot": "", "values": []}], "service": "Flights_1", "slots": [], "state": {"active_intent": "ReserveOnewayFlight", "requested_slots": [], "slot_values": {"airlines": ["American Airlines"], "departure_date": ["day after tomorrow"], "destination_city": ["Los Angeles"], "origin_city": ["ATL", "Atlanta"], "outbound_departure_time": ["9:35 am"], "passengers": ["1"], "seating_class": ["Premium Economy"]}}}], "speaker": "USER", "utterance": "Thank you for the help, that will be all for now."}, {"frames": [{"actions": [{"act": "GOODBYE", "canonical_values": [], "slot": "", "values": []}], "service": "Flights_1", "slots": []}], "speaker": "SYSTEM", "utterance": "Have a wonderful day."}]}, {"dialogue_id": "17_00003", "services": ["Flights_1"], "turns": [{"frames": [{"actions": [{"act": "INFORM", "canonical_values": ["San Francisco"], "slot": "destination_city", "values": ["San Francisco"]}, {"act": "INFORM_INTENT", "canonical_values": ["SearchOnewayFlight"], "slot": "intent", "values": ["SearchOnewayFlight"]}], "service": "Flights_1", "slots": [{"exclusive_end": 52, "slot": "destination_city", "start": 39}], "state": {"active_intent": "SearchOnewayFlight", "requested_slots": [], "slot_values": {"destination_city": ["San Francisco"]}}}], "speaker": "USER", "utterance": "Can you find me any one way flights to San Francisco?"}, {"frames": [{"actions": [{"act": "REQUEST", "canonical_values": [], "slot": "departure_date", "values": []}], "service": "Flights_1", "slots": []}], "speaker": "SYSTEM", "utterance": "When do you plan on leaving?"}, {"frames": [{"actions": [{"act": "INFORM", "canonical_values": ["2019-03-14"], "slot": "departure_date", "values": ["the 14th"]}], "service": "Flights_1", "slots": [{"exclusive_end": 24, "slot": "departure_date", "start": 16}], "state": {"active_intent": "SearchOnewayFlight", "requested_slots": [], "slot_values": {"departure_date": ["the 14th"], "destination_city": ["San Francisco"]}}}], "speaker": "USER", "utterance": "I plan to leave the 14th."}, {"frames": [{"actions": [{"act": "REQUEST", "canonical_values": [], "slot": "origin_city", "values": []}], "service": "Flights_1", "slots": []}], "speaker": "SYSTEM", "utterance": "Where will you be leaving from?"}, {"frames": [{"actions": [{"act": "INFORM", "canonical_values": ["American Airlines"], "slot": "airlines", "values": ["American Airlines"]}, {"act": "INFORM", "canonical_values": ["Chicago"], "slot": "origin_city", "values": ["Chicago"]}], "service": "Flights_1", "slots": [{"exclusive_end": 28, "slot": "origin_city", "start": 21}], "state": {"active_intent": "SearchOnewayFlight", "requested_slots": [], "slot_values": {"airlines": ["American Airlines"], "departure_date": ["the 14th"], "destination_city": ["San Francisco"], "origin_city": ["Chicago"]}}}], "speaker": "USER", "utterance": "I'll be leaving from Chicago. I prefer American Airlines."}, {"frames": [{"actions": [{"act": "OFFER", "canonical_values": ["American Airlines"], "slot": "airlines", "values": ["American Airlines"]}, {"act": "OFFER", "canonical_values": ["07:05"], "slot": "outbound_departure_time", "values": ["7:05 am"]}, {"act": "OFFER", "canonical_values": ["0"], "slot": "number_stops", "values": ["0"]}, {"act": "OFFER", "canonical_values": ["191"], "slot": "price", "values": ["$191"]}, {"act": "INFORM_COUNT", "canonical_values": ["1"], "slot": "count", "values": ["1"]}], "service": "Flights_1", "service_call": {"method": "SearchOnewayFlight", "parameters": {"airlines": "American Airlines", "departure_date": "2019-03-14", "destination_city": "San Francisco", "origin_city": "Chicago"}}, "service_results": [{"airlines": "American Airlines", "departure_date": "2019-03-14", "destination_airport": "SFO International Airport", "destination_city": "San Francisco", "number_stops": "0", "origin_airport": "O'Hare International Airport", "origin_city": "Chicago", "outbound_arrival_time": "09:52", "outbound_departure_time": "07:05", "passengers": "1", "price": "191", "refundable": "False", "seating_class": "Economy"}], "slots": [{"exclusive_end": 78, "slot": "outbound_departure_time", "start": 71}, {"exclusive_end": 124, "slot": "price", "start": 120}]}], "speaker": "SYSTEM", "utterance": "There's 1 suitable flight. There's American Airlines flight leaving at 7:05 am with 0 stops. The price of the ticket is $191."}, {"frames": [{"actions": [{"act": "REQUEST", "canonical_values": [], "slot": "origin_airport", "values": []}, {"act": "REQUEST", "canonical_values": [], "slot": "refundable", "values": []}], "service": "Flights_1", "slots": [], "state": {"active_intent": "SearchOnewayFlight", "requested_slots": ["origin_airport", "refundable"], "slot_values": {"airlines": ["American Airlines"], "departure_date": ["the 14th"], "destination_city": ["San Francisco"], "origin_city": ["Chicago"]}}}], "speaker": "USER", "utterance": "Where does this flight depart from? Also, is the ticket refundable?"}, {"frames": [{"actions": [{"act": "INFORM", "canonical_values": ["O'Hare International Airport"], "slot": "origin_airport", "values": ["O'Hare International Airport"]}, {"act": "INFORM", "canonical_values": ["False"], "slot": "refundable", "values": ["False"]}], "service": "Flights_1", "slots": [{"exclusive_end": 52, "slot": "origin_airport", "start": 24}]}], "speaker": "SYSTEM", "utterance": "The flight departs from O'Hare International Airport. Unfortunately there are no refunds."}, {"frames": [{"actions": [{"act": "INFORM", "canonical_values": ["2"], "slot": "passengers", "values": ["2"]}, {"act": "INFORM_INTENT", "canonical_values": ["ReserveOnewayFlight"], "slot": "intent", "values": ["ReserveOnewayFlight"]}, {"act": "SELECT", "canonical_values": [], "slot": "", "values": []}], "service": "Flights_1", "slots": [], "state": {"active_intent": "ReserveOnewayFlight", "requested_slots": [], "slot_values": {"airlines": ["American Airlines"], "departure_date": ["the 14th"], "destination_city": ["San Francisco"], "origin_city": ["Chicago"], "outbound_departure_time": ["7:05 am"], "passengers": ["2"]}}}], "speaker": "USER", "utterance": "That flight sounds good. Can you assist me in buying a one-way flight ticket? There will be 2 people in my group."}, {"frames": [{"actions": [{"act": "CONFIRM", "canonical_values": ["Chicago"], "slot": "origin_city", "values": ["Chicago"]}, {"act": "CONFIRM", "canonical_values": ["San Francisco"], "slot": "destination_city", "values": ["San Francisco"]}, {"act": "CONFIRM", "canonical_values": ["American Airlines"], "slot": "airlines", "values": ["American Airlines"]}, {"act": "CONFIRM", "canonical_values": ["2019-03-14"], "slot": "departure_date", "values": ["March 14th"]}, {"act": "CONFIRM", "canonical_values": ["Economy"], "slot": "seating_class", "values": ["Economy"]}, {"act": "CONFIRM", "canonical_values": ["2"], "slot": "passengers", "values": ["2"]}], "service": "Flights_1", "slots": [{"exclusive_end": 43, "slot": "origin_city", "start": 36}, {"exclusive_end": 69, "slot": "destination_city", "start": 56}, {"exclusive_end": 132, "slot": "departure_date", "start": 122}]}], "speaker": "SYSTEM", "utterance": "Just to confirm, the flight is from Chicago and goes to San Francisco. The flight is American Airlines and it will depart March 14th. It's economy and will be for 2 passengers."}, {"frames": [{"actions": [{"act": "INFORM", "canonical_values": ["Premium Economy"], "slot": "seating_class", "values": ["Premium Economy"]}, {"act": "INFORM", "canonical_values": ["1"], "slot": "passengers", "values": ["1"]}, {"act": "NEGATE", "canonical_values": [], "slot": "", "values": []}], "service": "Flights_1", "slots": [], "state": {"active_intent": "ReserveOnewayFlight", "requested_slots": [], "slot_values": {"airlines": ["American Airlines"], "departure_date": ["March 14th", "the 14th"], "destination_city": ["San Francisco"], "origin_city": ["Chicago"], "outbound_departure_time": ["7:05 am"], "passengers": ["1"], "seating_class": ["Premium Economy"]}}}], "speaker": "USER", "utterance": "No. There's one person in my group and I like to travel Premium Economy."}, {"frames": [{"actions": [{"act": "CONFIRM", "canonical_values": ["Premium Economy"], "slot": "seating_class", "values": ["Premium Economy"]}, {"act": "CONFIRM", "canonical_values": ["1"], "slot": "passengers", "values": ["1"]}], "service": "Flights_1", "slots": []}], "speaker": "SYSTEM", "utterance": "Just to confirm, It's premium economy for 1 passenger."}, {"frames": [{"actions": [{"act": "REQUEST", "canonical_values": [], "slot": "outbound_arrival_time", "values": []}, {"act": "REQUEST", "canonical_values": [], "slot": "destination_airport", "values": []}, {"act": "AFFIRM", "canonical_values": [], "slot": "", "values": []}], "service": "Flights_1", "slots": [], "state": {"active_intent": "ReserveOnewayFlight", "requested_slots": ["destination_airport", "outbound_arrival_time"], "slot_values": {"airlines": ["American Airlines"], "departure_date": ["March 14th", "the 14th"], "destination_city": ["San Francisco"], "origin_city": ["Chicago"], "outbound_departure_time": ["7:05 am"], "passengers": ["1"], "seating_class": ["Premium Economy"]}}}], "speaker": "USER", "utterance": "That sounds good. Which airport does the onward flight arrive?"}, {"frames": [{"actions": [{"act": "INFORM", "canonical_values": ["09:52"], "slot": "outbound_arrival_time", "values": ["9:52 am"]}, {"act": "INFORM", "canonical_values": ["SFO International Airport"], "slot": "destination_airport", "values": ["SFO International Airport"]}, {"act": "NOTIFY_SUCCESS", "canonical_values": [], "slot": "", "values": []}], "service": "Flights_1", "service_call": {"method": "ReserveOnewayFlight", "parameters": {"airlines": "American Airlines", "departure_date": "2019-03-14", "destination_city": "San Francisco", "origin_city": "Chicago", "passengers": "1", "seating_class": "Premium Economy"}}, "service_results": [{"airlines": "American Airlines", "departure_date": "2019-03-14", "destination_airport": "SFO International Airport", "destination_city": "San Francisco", "number_stops": "0", "origin_airport": "O'Hare International Airport", "origin_city": "Chicago", "outbound_arrival_time": "09:52", "outbound_departure_time": "07:05", "passengers": "1", "price": "267", "refundable": "False", "seating_class": "Premium Economy"}], "slots": [{"exclusive_end": 87, "slot": "outbound_arrival_time", "start": 80}, {"exclusive_end": 76, "slot": "destination_airport", "start": 51}]}], "speaker": "SYSTEM", "utterance": "You one way ticket is confirmed. It will arrive at SFO International Airport at 9:52 am."}, {"frames": [{"actions": [{"act": "THANK_YOU", "canonical_values": [], "slot": "", "values": []}, {"act": "GOODBYE", "canonical_values": [], "slot": "", "values": []}], "service": "Flights_1", "slots": [], "state": {"active_intent": "ReserveOnewayFlight", "requested_slots": [], "slot_values": {"airlines": ["American Airlines"], "departure_date": ["March 14th", "the 14th"], "destination_city": ["San Francisco"], "origin_city": ["Chicago"], "outbound_departure_time": ["7:05 am"], "passengers": ["1"], "seating_class": ["Premium Economy"]}}}], "speaker": "USER", "utterance": "Thanks for you help. That's all I need."}, {"frames": [{"actions": [{"act": "GOODBYE", "canonical_values": [], "slot": "", "values": []}], "service": "Flights_1", "slots": []}], "speaker": "SYSTEM", "utterance": "Have a wonderful day."}]}, {"dialogue_id": "17_00004", "services": ["Flights_1"], "turns": [{"frames": [{"actions": [{"act": "INFORM_INTENT", "canonical_values": ["SearchOnewayFlight"], "slot": "intent", "values": ["SearchOnewayFlight"]}], "service": "Flights_1", "slots": [], "state": {"active_intent": "SearchOnewayFlight", "requested_slots": [], "slot_values": {}}}], "speaker": "USER", "utterance": "Can you find me a one way ticket?"}, {"frames": [{"actions": [{"act": "REQUEST", "canonical_values": [], "slot": "origin_city", "values": []}], "service": "Flights_1", "slots": []}], "speaker": "SYSTEM", "utterance": "Where are you leaving from?"}, {"frames": [{"actions": [{"act": "INFORM", "canonical_values": ["Seattle"], "slot": "origin_city", "values": ["Seattle"]}], "service": "Flights_1", "slots": [{"exclusive_end": 27, "slot": "origin_city", "start": 20}], "state": {"active_intent": "SearchOnewayFlight", "requested_slots": [], "slot_values": {"origin_city": ["Seattle"]}}}], "speaker": "USER", "utterance": "I'll be flying from Seattle"}, {"frames": [{"actions": [{"act": "REQUEST", "canonical_values": [], "slot": "departure_date", "values": []}, {"act": "REQUEST", "canonical_values": [], "slot": "destination_city", "values": []}], "service": "Flights_1", "slots": []}], "speaker": "SYSTEM", "utterance": "But what are your travel dates and destination?"}, {"frames": [{"actions": [{"act": "INFORM", "canonical_values": ["Paris"], "slot": "destination_city", "values": ["Paris"]}, {"act": "INFORM", "canonical_values": ["2019-03-08"], "slot": "departure_date", "values": ["March 8th"]}], "service": "Flights_1", "slots": [{"exclusive_end": 81, "slot": "destination_city", "start": 76}, {"exclusive_end": 26, "slot": "departure_date", "start": 17}], "state": {"active_intent": "SearchOnewayFlight", "requested_slots": [], "slot_values": {"departure_date": ["March 8th"], "destination_city": ["Paris"], "origin_city": ["Seattle"]}}}], "speaker": "USER", "utterance": "I wanna leave on March 8th and going to one of my favorite European cities, Paris"}, {"frames": [{"actions": [{"act": "OFFER", "canonical_values": ["American Airlines"], "slot": "airlines", "values": ["American Airlines"]}, {"act": "OFFER", "canonical_values": ["08:15"], "slot": "outbound_departure_time", "values": ["8:15 am"]}, {"act": "OFFER", "canonical_values": ["1"], "slot": "number_stops", "values": ["1"]}, {"act": "OFFER", "canonical_values": ["432"], "slot": "price", "values": ["$432"]}], "service": "Flights_1", "service_call": {"method": "SearchOnewayFlight", "parameters": {"departure_date": "2019-03-08", "destination_city": "Paris", "origin_city": "Seattle"}}, "service_results": [{"airlines": "American Airlines", "departure_date": "2019-03-08", "destination_airport": "Charles de Gaulle International Airport", "destination_city": "Paris", "number_stops": "1", "origin_airport": "Seattle-Tacoma International Airport", "origin_city": "Seattle", "outbound_arrival_time": "11:18", "outbound_departure_time": "08:15", "passengers": "1", "price": "432", "refundable": "False", "seating_class": "Economy"}, {"airlines": "Delta Airlines", "departure_date": "2019-03-08", "destination_airport": "Charles de Gaulle International Airport", "destination_city": "Paris", "number_stops": "1", "origin_airport": "Seattle-Tacoma International Airport", "origin_city": "Seattle", "outbound_arrival_time": "11:18", "outbound_departure_time": "08:45", "passengers": "1", "price": "426", "refundable": "False", "seating_class": "Economy"}, {"airlines": "Southwest Airlines", "departure_date": "2019-03-08", "destination_airport": "Charles de Gaulle International Airport", "destination_city": "Paris", "number_stops": "1", "origin_airport": "Seattle-Tacoma International Airport", "origin_city": "Seattle", "outbound_arrival_time": "07:58", "outbound_departure_time": "05:25", "passengers": "1", "price": "384", "refundable": "False", "seating_class": "Economy"}, {"airlines": "United Airlines", "departure_date": "2019-03-08", "destination_airport": "Charles de Gaulle International Airport", "destination_city": "Paris", "number_stops": "1", "origin_airport": "Seattle-Tacoma International Airport", "origin_city": "Seattle", "outbound_arrival_time": "11:18", "outbound_departure_time": "10:10", "passengers": "1", "price": "429", "refundable": "False", "seating_class": "Economy"}], "slots": [{"exclusive_end": 58, "slot": "outbound_departure_time", "start": 51}, {"exclusive_end": 97, "slot": "price", "start": 93}]}], "speaker": "SYSTEM", "utterance": "There's an American Airlines flight that leaves at 8:15 am and has 1 stop that will cost you $432"}, {"frames": [{"actions": [{"act": "REQUEST_ALTS", "canonical_values": [], "slot": "", "values": []}], "service": "Flights_1", "slots": [], "state": {"active_intent": "SearchOnewayFlight", "requested_slots": [], "slot_values": {"departure_date": ["March 8th"], "destination_city": ["Paris"], "origin_city": ["Seattle"]}}}], "speaker": "USER", "utterance": "Anything else on those dates?"}, {"frames": [{"actions": [{"act": "OFFER", "canonical_values": ["Delta Airlines"], "slot": "airlines", "values": ["Delta Airlines"]}, {"act": "OFFER", "canonical_values": ["08:45"], "slot": "outbound_departure_time", "values": ["8:45 am"]}, {"act": "OFFER", "canonical_values": ["1"], "slot": "number_stops", "values": ["1"]}, {"act": "OFFER", "canonical_values": ["426"], "slot": "price", "values": ["$426"]}], "service": "Flights_1", "slots": [{"exclusive_end": 81, "slot": "outbound_departure_time", "start": 74}, {"exclusive_end": 103, "slot": "price", "start": 99}]}], "speaker": "SYSTEM", "utterance": "Well there's one Delta Airlines flight that also has 1 stop and leaves at 8:45 am and will run you $426"}, {"frames": [{"actions": [{"act": "REQUEST", "canonical_values": [], "slot": "origin_airport", "values": []}, {"act": "REQUEST", "canonical_values": [], "slot": "outbound_arrival_time", "values": []}], "service": "Flights_1", "slots": [], "state": {"active_intent": "SearchOnewayFlight", "requested_slots": ["origin_airport", "outbound_arrival_time"], "slot_values": {"departure_date": ["March 8th"], "destination_city": ["Paris"], "origin_city": ["Seattle"]}}}], "speaker": "USER", "utterance": "Which airport does it leave from? And when does that flight arrive in Paris?"}, {"frames": [{"actions": [{"act": "INFORM", "canonical_values": ["11:18"], "slot": "outbound_arrival_time", "values": ["11:18 am"]}, {"act": "INFORM", "canonical_values": ["Seattle-Tacoma International Airport"], "slot": "origin_airport", "values": ["Seattle-Tacoma International Airport"]}], "service": "Flights_1", "slots": [{"exclusive_end": 88, "slot": "outbound_arrival_time", "start": 80}, {"exclusive_end": 51, "slot": "origin_airport", "start": 15}]}], "speaker": "SYSTEM", "utterance": "It leaves from Seattle-Tacoma International Airport and will arrive in Paris at 11:18 am"}, {"frames": [{"actions": [{"act": "REQUEST_ALTS", "canonical_values": [], "slot": "", "values": []}], "service": "Flights_1", "slots": [], "state": {"active_intent": "SearchOnewayFlight", "requested_slots": [], "slot_values": {"departure_date": ["March 8th"], "destination_city": ["Paris"], "origin_city": ["Seattle"]}}}], "speaker": "USER", "utterance": "What other options do I have?"}, {"frames": [{"actions": [{"act": "OFFER", "canonical_values": ["Southwest Airlines"], "slot": "airlines", "values": ["Southwest Airlines"]}, {"act": "OFFER", "canonical_values": ["05:25"], "slot": "outbound_departure_time", "values": ["5:25 am"]}, {"act": "OFFER", "canonical_values": ["1"], "slot": "number_stops", "values": ["1"]}, {"act": "OFFER", "canonical_values": ["384"], "slot": "price", "values": ["$384"]}], "service": "Flights_1", "slots": [{"exclusive_end": 58, "slot": "outbound_departure_time", "start": 51}, {"exclusive_end": 92, "slot": "price", "start": 88}]}], "speaker": "SYSTEM", "utterance": "There's a Southwest Airlines flight that leaves at 5:25 am and has 1 stop and will cost $384"}, {"frames": [{"actions": [{"act": "SELECT", "canonical_values": [], "slot": "", "values": []}], "service": "Flights_1", "slots": [], "state": {"active_intent": "SearchOnewayFlight", "requested_slots": [], "slot_values": {"airlines": ["Southwest Airlines"], "departure_date": ["March 8th"], "destination_city": ["Paris"], "origin_city": ["Seattle"], "outbound_departure_time": ["5:25 am"]}}}], "speaker": "USER", "utterance": "That sounds perfect"}, {"frames": [{"actions": [{"act": "REQ_MORE", "canonical_values": [], "slot": "", "values": []}], "service": "Flights_1", "slots": []}], "speaker": "SYSTEM", "utterance": "Can I help you with anything else?"}, {"frames": [{"actions": [{"act": "INFORM", "canonical_values": ["Economy"], "slot": "seating_class", "values": ["Economy"]}, {"act": "INFORM_INTENT", "canonical_values": ["ReserveOnewayFlight"], "slot": "intent", "values": ["ReserveOnewayFlight"]}], "service": "Flights_1", "slots": [], "state": {"active_intent": "ReserveOnewayFlight", "requested_slots": [], "slot_values": {"airlines": ["Southwest Airlines"], "departure_date": ["March 8th"], "destination_city": ["Paris"], "origin_city": ["Seattle"], "outbound_departure_time": ["5:25 am"], "seating_class": ["Economy"]}}}], "speaker": "USER", "utterance": "How about helping me fine a one-way economy flight"}, {"frames": [{"actions": [{"act": "CONFIRM", "canonical_values": ["Seattle"], "slot": "origin_city", "values": ["Seattle"]}, {"act": "CONFIRM", "canonical_values": ["Paris"], "slot": "destination_city", "values": ["Paris"]}, {"act": "CONFIRM", "canonical_values": ["Southwest Airlines"], "slot": "airlines", "values": ["Southwest Airlines"]}, {"act": "CONFIRM", "canonical_values": ["2019-03-08"], "slot": "departure_date", "values": ["next Friday"]}, {"act": "CONFIRM", "canonical_values": ["Economy"], "slot": "seating_class", "values": ["Economy"]}, {"act": "CONFIRM", "canonical_values": ["1"], "slot": "passengers", "values": ["1"]}], "service": "Flights_1", "slots": [{"exclusive_end": 38, "slot": "origin_city", "start": 31}, {"exclusive_end": 47, "slot": "destination_city", "start": 42}, {"exclusive_end": 89, "slot": "departure_date", "start": 78}]}], "speaker": "SYSTEM", "utterance": "So a economy ticket for 1 from Seattle to Paris on Southwest Airlines leaving next Friday, that's right, right?"}, {"frames": [{"actions": [{"act": "REQUEST", "canonical_values": [], "slot": "outbound_arrival_time", "values": []}, {"act": "REQUEST", "canonical_values": [], "slot": "origin_airport", "values": []}, {"act": "AFFIRM", "canonical_values": [], "slot": "", "values": []}], "service": "Flights_1", "slots": [], "state": {"active_intent": "ReserveOnewayFlight", "requested_slots": ["origin_airport", "outbound_arrival_time"], "slot_values": {"airlines": ["Southwest Airlines"], "departure_date": ["March 8th", "next Friday"], "destination_city": ["Paris"], "origin_city": ["Seattle"], "outbound_departure_time": ["5:25 am"], "passengers": ["1"], "seating_class": ["Economy"]}}}], "speaker": "USER", "utterance": "Yes that's good. When does that flight arrive, and which airport is it leaving from?"}, {"frames": [{"actions": [{"act": "INFORM", "canonical_values": ["07:58"], "slot": "outbound_arrival_time", "values": ["7:58 am"]}, {"act": "INFORM", "canonical_values": ["Seattle-Tacoma International Airport"], "slot": "origin_airport", "values": ["Seattle-Tacoma International Airport"]}, {"act": "NOTIFY_SUCCESS", "canonical_values": [], "slot": "", "values": []}], "service": "Flights_1", "service_call": {"method": "ReserveOnewayFlight", "parameters": {"airlines": "Southwest Airlines", "departure_date": "2019-03-08", "destination_city": "Paris", "origin_city": "Seattle", "passengers": "1", "seating_class": "Economy"}}, "service_results": [{"airlines": "Southwest Airlines", "departure_date": "2019-03-08", "destination_airport": "Charles de Gaulle International Airport", "destination_city": "Paris", "number_stops": "1", "origin_airport": "Seattle-Tacoma International Airport", "origin_city": "Seattle", "outbound_arrival_time": "07:58", "outbound_departure_time": "05:25", "passengers": "1", "price": "384", "refundable": "False", "seating_class": "Economy"}], "slots": [{"exclusive_end": 41, "slot": "outbound_arrival_time", "start": 34}, {"exclusive_end": 94, "slot": "origin_airport", "start": 58}]}], "speaker": "SYSTEM", "utterance": "I've booked it! And it arrives at 7:58 am and leaves from Seattle-Tacoma International Airport"}, {"frames": [{"actions": [{"act": "THANK_YOU", "canonical_values": [], "slot": "", "values": []}], "service": "Flights_1", "slots": [], "state": {"active_intent": "ReserveOnewayFlight", "requested_slots": [], "slot_values": {"airlines": ["Southwest Airlines"], "departure_date": ["March 8th", "next Friday"], "destination_city": ["Paris"], "origin_city": ["Seattle"], "outbound_departure_time": ["5:25 am"], "passengers": ["1"], "seating_class": ["Economy"]}}}], "speaker": "USER", "utterance": "Thanks for assisting me"}, {"frames": [{"actions": [{"act": "REQ_MORE", "canonical_values": [], "slot": "", "values": []}], "service": "Flights_1", "slots": []}], "speaker": "SYSTEM", "utterance": "Any more assistance needed?"}, {"frames": [{"actions": [{"act": "NEGATE", "canonical_values": [], "slot": "", "values": []}, {"act": "THANK_YOU", "canonical_values": [], "slot": "", "values": []}], "service": "Flights_1", "slots": [], "state": {"active_intent": "NONE", "requested_slots": [], "slot_values": {"airlines": ["Southwest Airlines"], "departure_date": ["March 8th", "next Friday"], "destination_city": ["Paris"], "origin_city": ["Seattle"], "outbound_departure_time": ["5:25 am"], "passengers": ["1"], "seating_class": ["Economy"]}}}], "speaker": "USER", "utterance": "No, we're good here"}, {"frames": [{"actions": [{"act": "GOODBYE", "canonical_values": [], "slot": "", "values": []}], "service": "Flights_1", "slots": []}], "speaker": "SYSTEM", "utterance": "Great, I hope you enjoy your trip"}]}]