[{"dialogue_id": "120_00000", "services": ["RentalCars_1", "Travel_1"], "turns": [{"frames": [{"actions": [{"act": "INFORM", "canonical_values": ["2019-03-04"], "slot": "pickup_date", "values": ["the 4th"]}, {"act": "INFORM", "canonical_values": ["09:30"], "slot": "pickup_time", "values": ["9:30 am"]}, {"act": "INFORM", "canonical_values": ["dontcare"], "slot": "type", "values": ["dontcare"]}, {"act": "INFORM_INTENT", "canonical_values": ["GetCarsAvailable"], "slot": "intent", "values": ["GetCarsAvailable"]}], "service": "RentalCars_1", "slots": [{"exclusive_end": 31, "slot": "pickup_date", "start": 24}, {"exclusive_end": 69, "slot": "pickup_time", "start": 62}], "state": {"active_intent": "GetCarsAvailable", "requested_slots": [], "slot_values": {"pickup_date": ["the 4th"], "pickup_time": ["9:30 am"], "type": ["dontcare"]}}}], "speaker": "USER", "utterance": "I need a rental car for the 4th with a pick up time of around 9:30 am. Any car will do."}, {"frames": [{"actions": [{"act": "REQUEST", "canonical_values": [], "slot": "pickup_city", "values": []}, {"act": "REQUEST", "canonical_values": [], "slot": "dropoff_date", "values": []}], "service": "RentalCars_1", "slots": []}], "speaker": "SYSTEM", "utterance": "Can you tell me your pick up location and drop off date?"}, {"frames": [{"actions": [{"act": "INFORM", "canonical_values": ["Philadelphia"], "slot": "pickup_city", "values": ["Philadelphia"]}, {"act": "INFORM", "canonical_values": ["2019-03-05"], "slot": "dropoff_date", "values": ["March 5th"]}], "service": "RentalCars_1", "slots": [{"exclusive_end": 38, "slot": "pickup_city", "start": 26}, {"exclusive_end": 65, "slot": "dropoff_date", "start": 56}], "state": {"active_intent": "GetCarsAvailable", "requested_slots": [], "slot_values": {"dropoff_date": ["March 5th"], "pickup_city": ["Philadelphia"], "pickup_date": ["the 4th"], "pickup_time": ["9:30 am"], "type": ["dontcare"]}}}], "speaker": "USER", "utterance": "I will pick the car up in Philadelphia and have it till March 5th."}, {"frames": [{"actions": [{"act": "OFFER", "canonical_values": ["Intercity Terminal"], "slot": "pickup_location", "values": ["Intercity Terminal"]}, {"act": "OFFER", "canonical_values": ["2019-03-04"], "slot": "pickup_date", "values": ["March 4th"]}, {"act": "OFFER", "canonical_values": ["Full-size"], "slot": "type", "values": ["Full-size"]}, {"act": "OFFER", "canonical_values": ["Cherokee"], "slot": "car_name", "values": ["Cherokee"]}, {"act": "INFORM_COUNT", "canonical_values": ["10"], "slot": "count", "values": ["10"]}], "service": "RentalCars_1", "service_call": {"method": "GetCarsAvailable", "parameters": {"dropoff_date": "2019-03-05", "pickup_city": "Philadelphia", "pickup_date": "2019-03-04", "pickup_time": "09:30"}}, "service_results": [{"car_name": "Cherokee", "dropoff_date": "2019-03-05", "pickup_city": "Philadelphia", "pickup_date": "2019-03-04", "pickup_location": "Intercity Terminal", "pickup_time": "09:30", "total_price": "44", "type": "Full-size"}, {"car_name": "Cooper", "dropoff_date": "2019-03-05", "pickup_city": "Philadelphia", "pickup_date": "2019-03-04", "pickup_location": "Intercity Terminal", "pickup_time": "09:30", "total_price": "24", "type": "Compact"}, {"car_name": "Corolla", "dropoff_date": "2019-03-05", "pickup_city": "Philadelphia", "pickup_date": "2019-03-04", "pickup_location": "Intercity Terminal", "pickup_time": "09:30", "total_price": "30", "type": "Standard"}, {"car_name": "Elantra", "dropoff_date": "2019-03-05", "pickup_city": "Philadelphia", "pickup_date": "2019-03-04", "pickup_location": "Intercity Terminal", "pickup_time": "09:30", "total_price": "32", "type": "Standard"}, {"car_name": "Fit", "dropoff_date": "2019-03-05", "pickup_city": "Philadelphia", "pickup_date": "2019-03-04", "pickup_location": "Intercity Terminal", "pickup_time": "09:30", "total_price": "28", "type": "Compact"}, {"car_name": "Forester", "dropoff_date": "2019-03-05", "pickup_city": "Philadelphia", "pickup_date": "2019-03-04", "pickup_location": "Intercity Terminal", "pickup_time": "09:30", "total_price": "40", "type": "Full-size"}, {"car_name": "Prius", "dropoff_date": "2019-03-05", "pickup_city": "Philadelphia", "pickup_date": "2019-03-04", "pickup_location": "Intercity Terminal", "pickup_time": "09:30", "total_price": "24", "type": "Standard"}, {"car_name": "Altima", "dropoff_date": "2019-03-05", "pickup_city": "Philadelphia", "pickup_date": "2019-03-04", "pickup_location": "30th Street Station", "pickup_time": "10:00", "total_price": "26", "type": "Standard"}, {"car_name": "Cruze", "dropoff_date": "2019-03-05", "pickup_city": "Philadelphia", "pickup_date": "2019-03-04", "pickup_location": "30th Street Station", "pickup_time": "10:00", "total_price": "27", "type": "Standard"}, {"car_name": "Equinox", "dropoff_date": "2019-03-05", "pickup_city": "Philadelphia", "pickup_date": "2019-03-04", "pickup_location": "30th Street Station", "pickup_time": "10:00", "total_price": "43", "type": "Full-size"}], "slots": [{"exclusive_end": 119, "slot": "pickup_location", "start": 101}, {"exclusive_end": 93, "slot": "pickup_date", "start": 84}, {"exclusive_end": 52, "slot": "car_name", "start": 44}]}], "speaker": "SYSTEM", "utterance": "I found 10 cars. How about a nice Full-size Cherokee? It is available for pickup on March 4th at the Intercity Terminal."}, {"frames": [{"actions": [{"act": "REQUEST", "canonical_values": [], "slot": "total_price", "values": []}], "service": "RentalCars_1", "slots": [], "state": {"active_intent": "GetCarsAvailable", "requested_slots": ["total_price"], "slot_values": {"dropoff_date": ["March 5th"], "pickup_city": ["Philadelphia"], "pickup_date": ["March 4th", "the 4th"], "pickup_time": ["9:30 am"], "type": ["dontcare"]}}}], "speaker": "USER", "utterance": "What is the total?"}, {"frames": [{"actions": [{"act": "INFORM", "canonical_values": ["44"], "slot": "total_price", "values": ["$44"]}], "service": "RentalCars_1", "slots": [{"exclusive_end": 22, "slot": "total_price", "start": 19}]}], "speaker": "SYSTEM", "utterance": "Your total cost is $44."}, {"frames": [{"actions": [{"act": "INFORM_INTENT", "canonical_values": ["ReserveCar"], "slot": "intent", "values": ["ReserveCar"]}, {"act": "SELECT", "canonical_values": [], "slot": "", "values": []}], "service": "RentalCars_1", "slots": [], "state": {"active_intent": "ReserveCar", "requested_slots": [], "slot_values": {"dropoff_date": ["March 5th"], "pickup_city": ["Philadelphia"], "pickup_date": ["March 4th", "the 4th"], "pickup_location": ["Intercity Terminal"], "pickup_time": ["9:30 am"], "type": ["Full-size"]}}}], "speaker": "USER", "utterance": "Good, reserve it for me."}, {"frames": [{"actions": [{"act": "CONFIRM", "canonical_values": ["Intercity Terminal"], "slot": "pickup_location", "values": ["Intercity Terminal"]}, {"act": "CONFIRM", "canonical_values": ["2019-03-04"], "slot": "pickup_date", "values": ["March 4th"]}, {"act": "CONFIRM", "canonical_values": ["09:30"], "slot": "pickup_time", "values": ["9:30 am"]}, {"act": "CONFIRM", "canonical_values": ["2019-03-05"], "slot": "dropoff_date", "values": ["March 5th"]}, {"act": "CONFIRM", "canonical_values": ["Full-size"], "slot": "type", "values": ["Full-size"]}], "service": "RentalCars_1", "slots": [{"exclusive_end": 77, "slot": "pickup_location", "start": 59}, {"exclusive_end": 51, "slot": "pickup_date", "start": 42}, {"exclusive_end": 106, "slot": "pickup_time", "start": 99}, {"exclusive_end": 153, "slot": "dropoff_date", "start": 144}]}], "speaker": "SYSTEM", "utterance": "You will be picking up a Full-size car on March 4th at the Intercity Terminal. Your pickup time is 9:30 am. You will be dropping the car off on March 5th. Is this correct?"}, {"frames": [{"actions": [{"act": "AFFIRM", "canonical_values": [], "slot": "", "values": []}], "service": "RentalCars_1", "slots": [], "state": {"active_intent": "ReserveCar", "requested_slots": [], "slot_values": {"dropoff_date": ["March 5th"], "pickup_city": ["Philadelphia"], "pickup_date": ["March 4th", "the 4th"], "pickup_location": ["Intercity Terminal"], "pickup_time": ["9:30 am"], "type": ["Full-size"]}}}], "speaker": "USER", "utterance": "Yes,that will work."}, {"frames": [{"actions": [{"act": "NOTIFY_SUCCESS", "canonical_values": [], "slot": "", "values": []}], "service": "RentalCars_1", "service_call": {"method": "ReserveCar", "parameters": {"dropoff_date": "2019-03-05", "pickup_date": "2019-03-04", "pickup_location": "Intercity Terminal", "pickup_time": "09:30", "type": "Full-size"}}, "service_results": [{"car_name": "Cherokee", "dropoff_date": "2019-03-05", "pickup_date": "2019-03-04", "pickup_location": "Intercity Terminal", "pickup_time": "09:30", "total_price": "44", "type": "Full-size"}], "slots": []}], "speaker": "SYSTEM", "utterance": "Your reservation is complete."}, {"frames": [{"actions": [{"act": "INFORM_INTENT", "canonical_values": ["FindAttractions"], "slot": "intent", "values": ["FindAttractions"]}], "service": "Travel_1", "slots": [], "state": {"active_intent": "FindAttractions", "requested_slots": [], "slot_values": {"location": ["Philadelphia"]}}}], "speaker": "USER", "utterance": "Show me some local attractions."}, {"frames": [{"actions": [{"act": "OFFER", "canonical_values": ["Art Museum Steps"], "slot": "attraction_name", "values": ["Art Museum Steps"]}, {"act": "OFFER", "canonical_values": ["Tourist Attraction"], "slot": "category", "values": ["Tourist Attraction"]}, {"act": "INFORM_COUNT", "canonical_values": ["10"], "slot": "count", "values": ["10"]}], "service": "Travel_1", "service_call": {"method": "FindAttractions", "parameters": {"location": "Philadelphia"}}, "service_results": [{"attraction_name": "Art Museum Steps", "category": "Tourist Attraction", "free_entry": "True", "good_for_kids": "True", "location": "Philadelphia", "phone_number": "215-763-8100"}, {"attraction_name": "Barnes Foundation", "category": "Museum", "free_entry": "False", "good_for_kids": "True", "location": "Philadelphia", "phone_number": "215-278-7000"}, {"attraction_name": "Bartram's Garden", "category": "Park", "free_entry": "True", "good_for_kids": "True", "location": "Philadelphia", "phone_number": "215-729-5281"}, {"attraction_name": "Ben Franklin Bridge", "category": "Historical Landmark", "free_entry": "True", "good_for_kids": "True", "location": "Philadelphia", "phone_number": "856-968-3300"}, {"attraction_name": "Benjamin Franklin Museum", "category": "Museum", "free_entry": "True", "good_for_kids": "True", "location": "Philadelphia", "phone_number": "267-514-1522"}, {"attraction_name": "Betsy Ross House", "category": "Historical Landmark", "free_entry": "False", "good_for_kids": "True", "location": "Philadelphia", "phone_number": "215-686-1252"}, {"attraction_name": "Blue Cross RiverRink", "category": "Sports Venue", "free_entry": "False", "good_for_kids": "True", "location": "Philadelphia", "phone_number": "215-925-7465"}, {"attraction_name": "Cathedral Basilica of Saints Peter and Paul", "category": "Place of Worship", "free_entry": "True", "good_for_kids": "True", "location": "Philadelphia", "phone_number": "267-250-0074"}, {"attraction_name": "Eastern State Penitentiary", "category": "Museum", "free_entry": "False", "good_for_kids": "False", "location": "Philadelphia", "phone_number": "215-236-5111"}, {"attraction_name": "Elfreth's Alley", "category": "Historical Landmark", "free_entry": "True", "good_for_kids": "False", "location": "Philadelphia", "phone_number": "215-574-0560"}], "slots": [{"exclusive_end": 59, "slot": "attraction_name", "start": 43}]}], "speaker": "SYSTEM", "utterance": "I found 10 attractions. You might like the Art Museum Steps. It is a local tourist attraction."}, {"frames": [{"actions": [{"act": "SELECT", "canonical_values": [], "slot": "", "values": []}], "service": "Travel_1", "slots": [], "state": {"active_intent": "FindAttractions", "requested_slots": [], "slot_values": {"location": ["Philadelphia"]}}}], "speaker": "USER", "utterance": "That's great."}, {"frames": [{"actions": [{"act": "REQ_MORE", "canonical_values": [], "slot": "", "values": []}], "service": "Travel_1", "slots": []}], "speaker": "SYSTEM", "utterance": "Is there anything else I can assist you with?"}, {"frames": [{"actions": [{"act": "NEGATE", "canonical_values": [], "slot": "", "values": []}, {"act": "THANK_YOU", "canonical_values": [], "slot": "", "values": []}], "service": "Travel_1", "slots": [], "state": {"active_intent": "NONE", "requested_slots": [], "slot_values": {"location": ["Philadelphia"]}}}], "speaker": "USER", "utterance": "No, you've been very helpful. Thanks."}, {"frames": [{"actions": [{"act": "GOODBYE", "canonical_values": [], "slot": "", "values": []}], "service": "Travel_1", "slots": []}], "speaker": "SYSTEM", "utterance": "My pleasure. Enjoy!"}]}, {"dialogue_id": "120_00001", "services": ["RentalCars_1", "Travel_1"], "turns": [{"frames": [{"actions": [{"act": "INFORM", "canonical_values": ["2019-03-02"], "slot": "pickup_date", "values": ["2nd of this month"]}, {"act": "INFORM", "canonical_values": ["San Francisco"], "slot": "pickup_city", "values": ["San Fran"]}, {"act": "INFORM", "canonical_values": ["2019-03-03"], "slot": "dropoff_date", "values": ["3rd of this month"]}, {"act": "INFORM_INTENT", "canonical_values": ["GetCarsAvailable"], "slot": "intent", "values": ["GetCarsAvailable"]}], "service": "RentalCars_1", "slots": [{"exclusive_end": 73, "slot": "pickup_date", "start": 56}, {"exclusive_end": 31, "slot": "pickup_city", "start": 23}, {"exclusive_end": 112, "slot": "dropoff_date", "start": 95}], "state": {"active_intent": "GetCarsAvailable", "requested_slots": [], "slot_values": {"dropoff_date": ["3rd of this month"], "pickup_city": ["San Fran"], "pickup_date": ["2nd of this month"]}}}], "speaker": "USER", "utterance": "Get me a rental car in San Fran. I'll pick it up on the 2nd of this month, returning it on the 3rd of this month?"}, {"frames": [{"actions": [{"act": "REQUEST", "canonical_values": [], "slot": "pickup_time", "values": []}], "service": "RentalCars_1", "slots": []}], "speaker": "SYSTEM", "utterance": "What time are you looking to pick it up?"}, {"frames": [{"actions": [{"act": "INFORM", "canonical_values": ["18:00"], "slot": "pickup_time", "values": ["6 in the evening"]}], "service": "RentalCars_1", "slots": [{"exclusive_end": 40, "slot": "pickup_time", "start": 24}], "state": {"active_intent": "GetCarsAvailable", "requested_slots": [], "slot_values": {"dropoff_date": ["3rd of this month"], "pickup_city": ["San Fran"], "pickup_date": ["2nd of this month"], "pickup_time": ["6 in the evening"]}}}], "speaker": "USER", "utterance": "Can I pick it up around 6 in the evening?"}, {"frames": [{"actions": [{"act": "OFFER", "canonical_values": ["SFO International Airport"], "slot": "pickup_location", "values": ["SFO International Airport"]}, {"act": "OFFER", "canonical_values": ["2019-03-02"], "slot": "pickup_date", "values": ["March 2nd"]}, {"act": "OFFER", "canonical_values": ["Standard"], "slot": "type", "values": ["Standard"]}, {"act": "OFFER", "canonical_values": ["Altima"], "slot": "car_name", "values": ["Altima"]}], "service": "RentalCars_1", "service_call": {"method": "GetCarsAvailable", "parameters": {"dropoff_date": "2019-03-03", "pickup_city": "San Francisco", "pickup_date": "2019-03-02", "pickup_time": "18:00"}}, "service_results": [{"car_name": "Altima", "dropoff_date": "2019-03-03", "pickup_city": "San Francisco", "pickup_date": "2019-03-02", "pickup_location": "SFO International Airport", "pickup_time": "18:00", "total_price": "36", "type": "Standard"}, {"car_name": "Civic", "dropoff_date": "2019-03-03", "pickup_city": "San Francisco", "pickup_date": "2019-03-02", "pickup_location": "Salesforce Transit Center", "pickup_time": "18:00", "total_price": "26", "type": "Standard"}, {"car_name": "Cruze", "dropoff_date": "2019-03-03", "pickup_city": "San Francisco", "pickup_date": "2019-03-02", "pickup_location": "SFO International Airport", "pickup_time": "18:00", "total_price": "35", "type": "Standard"}, {"car_name": "Fusion", "dropoff_date": "2019-03-03", "pickup_city": "San Francisco", "pickup_date": "2019-03-02", "pickup_location": "SFO International Airport", "pickup_time": "18:00", "total_price": "30", "type": "Standard"}, {"car_name": "Prius", "dropoff_date": "2019-03-03", "pickup_city": "San Francisco", "pickup_date": "2019-03-02", "pickup_location": "SFO International Airport", "pickup_time": "18:00", "total_price": "36", "type": "Standard"}, {"car_name": "Sentra", "dropoff_date": "2019-03-03", "pickup_city": "San Francisco", "pickup_date": "2019-03-02", "pickup_location": "Salesforce Transit Center", "pickup_time": "18:00", "total_price": "29", "type": "Standard"}], "slots": [{"exclusive_end": 73, "slot": "pickup_location", "start": 48}, {"exclusive_end": 97, "slot": "pickup_date", "start": 88}, {"exclusive_end": 33, "slot": "car_name", "start": 27}]}], "speaker": "SYSTEM", "utterance": "There's a standard car, an Altima, available at SFO International Airport for pickup on March 2nd"}, {"frames": [{"actions": [{"act": "REQUEST", "canonical_values": [], "slot": "total_price", "values": []}], "service": "RentalCars_1", "slots": [], "state": {"active_intent": "GetCarsAvailable", "requested_slots": ["total_price"], "slot_values": {"dropoff_date": ["3rd of this month"], "pickup_city": ["San Fran"], "pickup_date": ["2nd of this month", "March 2nd"], "pickup_time": ["6 in the evening"]}}}], "speaker": "USER", "utterance": "How much will that cost?"}, {"frames": [{"actions": [{"act": "INFORM", "canonical_values": ["36"], "slot": "total_price", "values": ["$36"]}], "service": "RentalCars_1", "slots": [{"exclusive_end": 23, "slot": "total_price", "start": 20}]}], "speaker": "SYSTEM", "utterance": "That rental will be $36 all included"}, {"frames": [{"actions": [{"act": "REQUEST_ALTS", "canonical_values": [], "slot": "", "values": []}], "service": "RentalCars_1", "slots": [], "state": {"active_intent": "GetCarsAvailable", "requested_slots": [], "slot_values": {"dropoff_date": ["3rd of this month"], "pickup_city": ["San Fran"], "pickup_date": ["2nd of this month", "March 2nd"], "pickup_time": ["6 in the evening"]}}}], "speaker": "USER", "utterance": "What else is there?"}, {"frames": [{"actions": [{"act": "OFFER", "canonical_values": ["Salesforce Transit Center"], "slot": "pickup_location", "values": ["Salesforce Transit Center"]}, {"act": "OFFER", "canonical_values": ["2019-03-02"], "slot": "pickup_date", "values": ["March 2nd"]}, {"act": "OFFER", "canonical_values": ["Standard"], "slot": "type", "values": ["Standard"]}, {"act": "OFFER", "canonical_values": ["Civic"], "slot": "car_name", "values": ["Civic"]}], "service": "RentalCars_1", "slots": [{"exclusive_end": 90, "slot": "pickup_location", "start": 65}, {"exclusive_end": 114, "slot": "pickup_date", "start": 105}, {"exclusive_end": 58, "slot": "car_name", "start": 53}]}], "speaker": "SYSTEM", "utterance": "How about one in the city? There's a standard car, a Civic, from Salesforce Transit Center for pickup on March 2nd"}, {"frames": [{"actions": [{"act": "REQUEST", "canonical_values": [], "slot": "total_price", "values": []}], "service": "RentalCars_1", "slots": [], "state": {"active_intent": "GetCarsAvailable", "requested_slots": ["total_price"], "slot_values": {"dropoff_date": ["3rd of this month"], "pickup_city": ["San Fran"], "pickup_date": ["2nd of this month", "March 2nd"], "pickup_time": ["6 in the evening"]}}}], "speaker": "USER", "utterance": "How much is that one?"}, {"frames": [{"actions": [{"act": "INFORM", "canonical_values": ["26"], "slot": "total_price", "values": ["$26"]}], "service": "RentalCars_1", "slots": [{"exclusive_end": 12, "slot": "total_price", "start": 9}]}], "speaker": "SYSTEM", "utterance": "That's a $26 rental in total"}, {"frames": [{"actions": [{"act": "INFORM", "canonical_values": ["Compact"], "slot": "type", "values": ["Compact"]}, {"act": "REQUEST_ALTS", "canonical_values": [], "slot": "", "values": []}], "service": "RentalCars_1", "slots": [], "state": {"active_intent": "GetCarsAvailable", "requested_slots": [], "slot_values": {"dropoff_date": ["3rd of this month"], "pickup_city": ["San Fran"], "pickup_date": ["2nd of this month", "March 2nd"], "pickup_time": ["6 in the evening"], "type": ["Compact"]}}}], "speaker": "USER", "utterance": "Try again with a small car"}, {"frames": [{"actions": [{"act": "OFFER", "canonical_values": ["Salesforce Transit Center"], "slot": "pickup_location", "values": ["Salesforce Transit Center"]}, {"act": "OFFER", "canonical_values": ["2019-03-02"], "slot": "pickup_date", "values": ["March 2nd"]}, {"act": "OFFER", "canonical_values": ["Compact"], "slot": "type", "values": ["Compact"]}, {"act": "OFFER", "canonical_values": ["Bolt"], "slot": "car_name", "values": ["Bolt"]}, {"act": "INFORM_COUNT", "canonical_values": ["5"], "slot": "count", "values": ["5"]}], "service": "RentalCars_1", "service_call": {"method": "GetCarsAvailable", "parameters": {"dropoff_date": "2019-03-03", "pickup_city": "San Francisco", "pickup_date": "2019-03-02", "pickup_time": "18:00", "type": "Compact"}}, "service_results": [{"car_name": "Bolt", "dropoff_date": "2019-03-03", "pickup_city": "San Francisco", "pickup_date": "2019-03-02", "pickup_location": "Salesforce Transit Center", "pickup_time": "18:00", "total_price": "25", "type": "Compact"}, {"car_name": "Cooper", "dropoff_date": "2019-03-03", "pickup_city": "San Francisco", "pickup_date": "2019-03-02", "pickup_location": "SFO International Airport", "pickup_time": "18:00", "total_price": "24", "type": "Compact"}, {"car_name": "Forte", "dropoff_date": "2019-03-03", "pickup_city": "San Francisco", "pickup_date": "2019-03-02", "pickup_location": "SFO International Airport", "pickup_time": "18:00", "total_price": "26", "type": "Compact"}, {"car_name": "GTI", "dropoff_date": "2019-03-03", "pickup_city": "San Francisco", "pickup_date": "2019-03-02", "pickup_location": "SFO International Airport", "pickup_time": "18:00", "total_price": "31", "type": "Compact"}, {"car_name": "Leaf", "dropoff_date": "2019-03-03", "pickup_city": "San Francisco", "pickup_date": "2019-03-02", "pickup_location": "SFO International Airport", "pickup_time": "18:00", "total_price": "29", "type": "Compact"}], "slots": [{"exclusive_end": 83, "slot": "pickup_location", "start": 58}, {"exclusive_end": 116, "slot": "pickup_date", "start": 107}, {"exclusive_end": 53, "slot": "car_name", "start": 49}]}], "speaker": "SYSTEM", "utterance": "I found 5 cars for you. There's a compact car, a Bolt, at Salesforce Transit Center that you can pickup on March 2nd"}, {"frames": [{"actions": [{"act": "SELECT", "canonical_values": [], "slot": "", "values": []}], "service": "RentalCars_1", "slots": [], "state": {"active_intent": "GetCarsAvailable", "requested_slots": [], "slot_values": {"dropoff_date": ["3rd of this month"], "pickup_city": ["San Fran"], "pickup_date": ["2nd of this month", "March 2nd"], "pickup_location": ["Salesforce Transit Center"], "pickup_time": ["6 in the evening"], "type": ["Compact"]}}}], "speaker": "USER", "utterance": "Ok I like that one"}, {"frames": [{"actions": [{"act": "OFFER_INTENT", "canonical_values": ["ReserveCar"], "slot": "intent", "values": ["ReserveCar"]}], "service": "RentalCars_1", "slots": []}], "speaker": "SYSTEM", "utterance": "Would you like to book a reservation?"}, {"frames": [{"actions": [{"act": "AFFIRM_INTENT", "canonical_values": [], "slot": "", "values": []}], "service": "RentalCars_1", "slots": [], "state": {"active_intent": "ReserveCar", "requested_slots": [], "slot_values": {"dropoff_date": ["3rd of this month"], "pickup_city": ["San Fran"], "pickup_date": ["2nd of this month", "March 2nd"], "pickup_location": ["Salesforce Transit Center"], "pickup_time": ["6 in the evening"], "type": ["Compact"]}}}], "speaker": "USER", "utterance": "Yes, rent me that car"}, {"frames": [{"actions": [{"act": "CONFIRM", "canonical_values": ["Salesforce Transit Center"], "slot": "pickup_location", "values": ["Salesforce Transit Center"]}, {"act": "CONFIRM", "canonical_values": ["2019-03-02"], "slot": "pickup_date", "values": ["March 2nd"]}, {"act": "CONFIRM", "canonical_values": ["18:00"], "slot": "pickup_time", "values": ["6 pm"]}, {"act": "CONFIRM", "canonical_values": ["2019-03-03"], "slot": "dropoff_date", "values": ["March 3rd"]}, {"act": "CONFIRM", "canonical_values": ["Compact"], "slot": "type", "values": ["Compact"]}], "service": "RentalCars_1", "slots": [{"exclusive_end": 71, "slot": "pickup_location", "start": 46}, {"exclusive_end": 84, "slot": "pickup_date", "start": 75}, {"exclusive_end": 92, "slot": "pickup_time", "start": 88}, {"exclusive_end": 123, "slot": "dropoff_date", "start": 114}]}], "speaker": "SYSTEM", "utterance": "Please confirm: picking up a compact car from Salesforce Transit Center on March 2nd at 6 pm. You'll return it on March 3rd"}, {"frames": [{"actions": [{"act": "REQUEST", "canonical_values": [], "slot": "total_price", "values": []}, {"act": "AFFIRM", "canonical_values": [], "slot": "", "values": []}], "service": "RentalCars_1", "slots": [], "state": {"active_intent": "ReserveCar", "requested_slots": ["total_price"], "slot_values": {"dropoff_date": ["3rd of this month", "March 3rd"], "pickup_city": ["San Fran"], "pickup_date": ["2nd of this month", "March 2nd"], "pickup_location": ["Salesforce Transit Center"], "pickup_time": ["6 in the evening", "6 pm"], "type": ["Compact"]}}}], "speaker": "USER", "utterance": "Yes that's right. How much is it?"}, {"frames": [{"actions": [{"act": "INFORM", "canonical_values": ["25"], "slot": "total_price", "values": ["$25"]}, {"act": "NOTIFY_SUCCESS", "canonical_values": [], "slot": "", "values": []}], "service": "RentalCars_1", "service_call": {"method": "ReserveCar", "parameters": {"dropoff_date": "2019-03-03", "pickup_date": "2019-03-02", "pickup_location": "Salesforce Transit Center", "pickup_time": "18:00", "type": "Compact"}}, "service_results": [{"car_name": "Bolt", "dropoff_date": "2019-03-03", "pickup_date": "2019-03-02", "pickup_location": "Salesforce Transit Center", "pickup_time": "18:00", "total_price": "25", "type": "Compact"}], "slots": [{"exclusive_end": 34, "slot": "total_price", "start": 31}]}], "speaker": "SYSTEM", "utterance": "I've reserved that car. It's a $25 rental"}, {"frames": [{"actions": [{"act": "THANK_YOU", "canonical_values": [], "slot": "", "values": []}], "service": "RentalCars_1", "slots": [], "state": {"active_intent": "ReserveCar", "requested_slots": [], "slot_values": {"dropoff_date": ["3rd of this month", "March 3rd"], "pickup_city": ["San Fran"], "pickup_date": ["2nd of this month", "March 2nd"], "pickup_location": ["Salesforce Transit Center"], "pickup_time": ["6 in the evening", "6 pm"], "type": ["Compact"]}}}, {"actions": [{"act": "INFORM_INTENT", "canonical_values": ["FindAttractions"], "slot": "intent", "values": ["FindAttractions"]}], "service": "Travel_1", "slots": [], "state": {"active_intent": "FindAttractions", "requested_slots": [], "slot_values": {"location": ["San Fran"]}}}], "speaker": "USER", "utterance": "Thanks so much. Any attractions nearby I can go to while I'm there?"}, {"frames": [{"actions": [{"act": "OFFER", "canonical_values": ["Alcatraz"], "slot": "attraction_name", "values": ["Alcatraz"]}, {"act": "OFFER", "canonical_values": ["Historical Landmark"], "slot": "category", "values": ["Historical Landmark"]}, {"act": "INFORM_COUNT", "canonical_values": ["10"], "slot": "count", "values": ["10"]}], "service": "Travel_1", "service_call": {"method": "FindAttractions", "parameters": {"location": "San Francisco"}}, "service_results": [{"attraction_name": "Alcatraz", "category": "Historical Landmark", "free_entry": "False", "good_for_kids": "False", "location": "San Francisco", "phone_number": "415-561-4900"}, {"attraction_name": "Alcatraz Island", "category": "Historical Landmark", "free_entry": "False", "good_for_kids": "True", "location": "San Francisco", "phone_number": "415-561-4900"}, {"attraction_name": "Aquarium of the Bay", "category": "Nature Preserve", "free_entry": "True", "good_for_kids": "True", "location": "San Francisco", "phone_number": "415-623-5300"}, {"attraction_name": "Cable Car Museum", "category": "Museum", "free_entry": "False", "good_for_kids": "True", "location": "San Francisco", "phone_number": "415-474-1887"}, {"attraction_name": "California Academy of Sciences", "category": "Museum", "free_entry": "False", "good_for_kids": "False", "location": "San Francisco", "phone_number": "415-379-8000"}, {"attraction_name": "Cartoon Art Museum", "category": "Museum", "free_entry": "False", "good_for_kids": "False", "location": "San Francisco", "phone_number": "415-227-8666"}, {"attraction_name": "Children's Creativity Museum", "category": "Museum", "free_entry": "False", "good_for_kids": "True", "location": "San Francisco", "phone_number": "415-820-3320"}, {"attraction_name": "Chinatown San Francisco", "category": "Tourist Attraction", "free_entry": "False", "good_for_kids": "True", "location": "San Francisco", "phone_number": "888-212-3203"}, {"attraction_name": "Coit Tower", "category": "Historical Landmark", "free_entry": "True", "good_for_kids": "True", "location": "San Francisco", "phone_number": "415-249-0995"}, {"attraction_name": "Contemporary Jewish Museum", "category": "Museum", "free_entry": "True", "good_for_kids": "True", "location": "San Francisco", "phone_number": "415-655-7800"}], "slots": [{"exclusive_end": 39, "slot": "attraction_name", "start": 31}]}], "speaker": "SYSTEM", "utterance": "I have 10 attractions for you. Alcatraz is a great choice. It's a Historical Landmark."}, {"frames": [{"actions": [{"act": "SELECT", "canonical_values": [], "slot": "", "values": []}], "service": "Travel_1", "slots": [], "state": {"active_intent": "FindAttractions", "requested_slots": [], "slot_values": {"location": ["San Fran"]}}}], "speaker": "USER", "utterance": "Ok sounds fun"}, {"frames": [{"actions": [{"act": "REQ_MORE", "canonical_values": [], "slot": "", "values": []}], "service": "Travel_1", "slots": []}], "speaker": "SYSTEM", "utterance": "Anything else I can do to help?"}, {"frames": [{"actions": [{"act": "NEGATE", "canonical_values": [], "slot": "", "values": []}, {"act": "THANK_YOU", "canonical_values": [], "slot": "", "values": []}], "service": "Travel_1", "slots": [], "state": {"active_intent": "NONE", "requested_slots": [], "slot_values": {"location": ["San Fran"]}}}], "speaker": "USER", "utterance": "Nope that's good. Thanks"}, {"frames": [{"actions": [{"act": "GOODBYE", "canonical_values": [], "slot": "", "values": []}], "service": "Travel_1", "slots": []}], "speaker": "SYSTEM", "utterance": "Have a good time."}]}, {"dialogue_id": "120_00002", "services": ["RentalCars_1", "Travel_1"], "turns": [{"frames": [{"actions": [{"act": "INFORM", "canonical_values": ["2019-03-12"], "slot": "dropoff_date", "values": ["12th of this month"]}, {"act": "INFORM", "canonical_values": ["10:00"], "slot": "pickup_time", "values": ["morning 10"]}, {"act": "INFORM", "canonical_values": ["dontcare"], "slot": "type", "values": ["dontcare"]}, {"act": "INFORM_INTENT", "canonical_values": ["GetCarsAvailable"], "slot": "intent", "values": ["GetCarsAvailable"]}], "service": "RentalCars_1", "slots": [{"exclusive_end": 76, "slot": "dropoff_date", "start": 58}, {"exclusive_end": 109, "slot": "pickup_time", "start": 99}], "state": {"active_intent": "GetCarsAvailable", "requested_slots": [], "slot_values": {"dropoff_date": ["12th of this month"], "pickup_time": ["morning 10"], "type": ["dontcare"]}}}], "speaker": "USER", "utterance": "I want to find a rental car. I would like to have it till 12th of this month and pick it up around morning 10. Any type is fine."}, {"frames": [{"actions": [{"act": "REQUEST", "canonical_values": [], "slot": "pickup_city", "values": []}], "service": "RentalCars_1", "slots": []}], "speaker": "SYSTEM", "utterance": "Where would you like to pick it up from?"}, {"frames": [{"actions": [{"act": "INFORM", "canonical_values": ["Philadelphia"], "slot": "pickup_city", "values": ["Philadelphia"]}], "service": "RentalCars_1", "slots": [{"exclusive_end": 38, "slot": "pickup_city", "start": 26}], "state": {"active_intent": "GetCarsAvailable", "requested_slots": [], "slot_values": {"dropoff_date": ["12th of this month"], "pickup_city": ["Philadelphia"], "pickup_time": ["morning 10"], "type": ["dontcare"]}}}], "speaker": "USER", "utterance": "I need to pick it up from Philadelphia."}, {"frames": [{"actions": [{"act": "REQUEST", "canonical_values": [], "slot": "pickup_date", "values": []}], "service": "RentalCars_1", "slots": []}], "speaker": "SYSTEM", "utterance": "When do you want to pick it up?"}, {"frames": [{"actions": [{"act": "INFORM", "canonical_values": ["2019-03-01"], "slot": "pickup_date", "values": ["today"]}, {"act": "INFORM", "canonical_values": ["2019-03-02"], "slot": "dropoff_date", "values": ["this Saturday"]}], "service": "RentalCars_1", "slots": [{"exclusive_end": 25, "slot": "pickup_date", "start": 20}, {"exclusive_end": 42, "slot": "dropoff_date", "start": 29}], "state": {"active_intent": "GetCarsAvailable", "requested_slots": [], "slot_values": {"dropoff_date": ["this Saturday"], "pickup_city": ["Philadelphia"], "pickup_date": ["today"], "pickup_time": ["morning 10"], "type": ["dontcare"]}}}], "speaker": "USER", "utterance": "I need the car from today to this Saturday."}, {"frames": [{"actions": [{"act": "OFFER", "canonical_values": ["30th Street Station"], "slot": "pickup_location", "values": ["30th Street Station"]}, {"act": "OFFER", "canonical_values": ["2019-03-01"], "slot": "pickup_date", "values": ["March 1st"]}, {"act": "OFFER", "canonical_values": ["Standard"], "slot": "type", "values": ["Standard"]}, {"act": "OFFER", "canonical_values": ["Altima"], "slot": "car_name", "values": ["Altima"]}, {"act": "INFORM_COUNT", "canonical_values": ["10"], "slot": "count", "values": ["10"]}], "service": "RentalCars_1", "service_call": {"method": "GetCarsAvailable", "parameters": {"dropoff_date": "2019-03-02", "pickup_city": "Philadelphia", "pickup_date": "2019-03-01", "pickup_time": "10:00"}}, "service_results": [{"car_name": "Altima", "dropoff_date": "2019-03-02", "pickup_city": "Philadelphia", "pickup_date": "2019-03-01", "pickup_location": "30th Street Station", "pickup_time": "10:00", "total_price": "29", "type": "Standard"}, {"car_name": "Cruze", "dropoff_date": "2019-03-02", "pickup_city": "Philadelphia", "pickup_date": "2019-03-01", "pickup_location": "30th Street Station", "pickup_time": "10:00", "total_price": "27", "type": "Standard"}, {"car_name": "Equinox", "dropoff_date": "2019-03-02", "pickup_city": "Philadelphia", "pickup_date": "2019-03-01", "pickup_location": "30th Street Station", "pickup_time": "10:00", "total_price": "43", "type": "Full-size"}, {"car_name": "Fusion", "dropoff_date": "2019-03-02", "pickup_city": "Philadelphia", "pickup_date": "2019-03-01", "pickup_location": "30th Street Station", "pickup_time": "10:00", "total_price": "25", "type": "Standard"}, {"car_name": "GTI", "dropoff_date": "2019-03-02", "pickup_city": "Philadelphia", "pickup_date": "2019-03-01", "pickup_location": "30th Street Station", "pickup_time": "10:00", "total_price": "23", "type": "Compact"}, {"car_name": "Golf", "dropoff_date": "2019-03-02", "pickup_city": "Philadelphia", "pickup_date": "2019-03-01", "pickup_location": "30th Street Station", "pickup_time": "10:00", "total_price": "26", "type": "Compact"}, {"car_name": "Leaf", "dropoff_date": "2019-03-02", "pickup_city": "Philadelphia", "pickup_date": "2019-03-01", "pickup_location": "30th Street Station", "pickup_time": "10:00", "total_price": "25", "type": "Compact"}, {"car_name": "Rogue", "dropoff_date": "2019-03-02", "pickup_city": "Philadelphia", "pickup_date": "2019-03-01", "pickup_location": "30th Street Station", "pickup_time": "10:00", "total_price": "43", "type": "Full-size"}, {"car_name": "Sentra", "dropoff_date": "2019-03-02", "pickup_city": "Philadelphia", "pickup_date": "2019-03-01", "pickup_location": "30th Street Station", "pickup_time": "10:00", "total_price": "31", "type": "Standard"}, {"car_name": "Cherokee", "dropoff_date": "2019-03-02", "pickup_city": "Philadelphia", "pickup_date": "2019-03-01", "pickup_location": "Intercity Terminal", "pickup_time": "09:30", "total_price": "39", "type": "Full-size"}], "slots": [{"exclusive_end": 103, "slot": "pickup_location", "start": 84}, {"exclusive_end": 144, "slot": "pickup_date", "start": 135}, {"exclusive_end": 70, "slot": "car_name", "start": 64}]}], "speaker": "SYSTEM", "utterance": "I have 10 cars that you may like. What about this nice Standard Altima available at 30th Street Station? It is available for pickup on March 1st."}, {"frames": [{"actions": [{"act": "INFORM_INTENT", "canonical_values": ["ReserveCar"], "slot": "intent", "values": ["ReserveCar"]}, {"act": "SELECT", "canonical_values": [], "slot": "", "values": []}], "service": "RentalCars_1", "slots": [], "state": {"active_intent": "ReserveCar", "requested_slots": [], "slot_values": {"dropoff_date": ["this Saturday"], "pickup_city": ["Philadelphia"], "pickup_date": ["March 1st", "today"], "pickup_location": ["30th Street Station"], "pickup_time": ["morning 10"], "type": ["Standard"]}}}], "speaker": "USER", "utterance": "Sounds nice. Reserve this car."}, {"frames": [{"actions": [{"act": "CONFIRM", "canonical_values": ["30th Street Station"], "slot": "pickup_location", "values": ["30th Street Station"]}, {"act": "CONFIRM", "canonical_values": ["2019-03-01"], "slot": "pickup_date", "values": ["March 1st"]}, {"act": "CONFIRM", "canonical_values": ["10:00"], "slot": "pickup_time", "values": ["10 am"]}, {"act": "CONFIRM", "canonical_values": ["2019-03-02"], "slot": "dropoff_date", "values": ["March 2nd"]}, {"act": "CONFIRM", "canonical_values": ["Standard"], "slot": "type", "values": ["Standard"]}], "service": "RentalCars_1", "slots": [{"exclusive_end": 84, "slot": "pickup_location", "start": 65}, {"exclusive_end": 97, "slot": "pickup_date", "start": 88}, {"exclusive_end": 106, "slot": "pickup_time", "start": 101}, {"exclusive_end": 139, "slot": "dropoff_date", "start": 130}]}], "speaker": "SYSTEM", "utterance": "Could you confirm that you are picking up this Standard Car from 30th Street Station on March 1st at 10 am and dropping it off on March 2nd?"}, {"frames": [{"actions": [{"act": "AFFIRM", "canonical_values": [], "slot": "", "values": []}], "service": "RentalCars_1", "slots": [], "state": {"active_intent": "ReserveCar", "requested_slots": [], "slot_values": {"dropoff_date": ["March 2nd", "this Saturday"], "pickup_city": ["Philadelphia"], "pickup_date": ["March 1st", "today"], "pickup_location": ["30th Street Station"], "pickup_time": ["10 am", "morning 10"], "type": ["Standard"]}}}], "speaker": "USER", "utterance": "Yeah, that is great."}, {"frames": [{"actions": [{"act": "NOTIFY_SUCCESS", "canonical_values": [], "slot": "", "values": []}], "service": "RentalCars_1", "service_call": {"method": "ReserveCar", "parameters": {"dropoff_date": "2019-03-02", "pickup_date": "2019-03-01", "pickup_location": "30th Street Station", "pickup_time": "10:00", "type": "Standard"}}, "service_results": [{"car_name": "Altima", "dropoff_date": "2019-03-02", "pickup_date": "2019-03-01", "pickup_location": "30th Street Station", "pickup_time": "10:00", "total_price": "29", "type": "Standard"}], "slots": []}], "speaker": "SYSTEM", "utterance": "Your car was reserved."}, {"frames": [{"actions": [{"act": "INFORM_INTENT", "canonical_values": ["FindAttractions"], "slot": "intent", "values": ["FindAttractions"]}], "service": "Travel_1", "slots": [], "state": {"active_intent": "FindAttractions", "requested_slots": [], "slot_values": {"location": ["Philadelphia"]}}}], "speaker": "USER", "utterance": "Would you show me some attractions around there?"}, {"frames": [{"actions": [{"act": "OFFER", "canonical_values": ["Art Museum Steps"], "slot": "attraction_name", "values": ["Art Museum Steps"]}, {"act": "OFFER", "canonical_values": ["Tourist Attraction"], "slot": "category", "values": ["Tourist Attraction"]}, {"act": "INFORM_COUNT", "canonical_values": ["10"], "slot": "count", "values": ["10"]}], "service": "Travel_1", "service_call": {"method": "FindAttractions", "parameters": {"location": "Philadelphia"}}, "service_results": [{"attraction_name": "Art Museum Steps", "category": "Tourist Attraction", "free_entry": "True", "good_for_kids": "True", "location": "Philadelphia", "phone_number": "215-763-8100"}, {"attraction_name": "Barnes Foundation", "category": "Museum", "free_entry": "False", "good_for_kids": "True", "location": "Philadelphia", "phone_number": "215-278-7000"}, {"attraction_name": "Bartram's Garden", "category": "Park", "free_entry": "True", "good_for_kids": "True", "location": "Philadelphia", "phone_number": "215-729-5281"}, {"attraction_name": "Ben Franklin Bridge", "category": "Historical Landmark", "free_entry": "True", "good_for_kids": "True", "location": "Philadelphia", "phone_number": "856-968-3300"}, {"attraction_name": "Benjamin Franklin Museum", "category": "Museum", "free_entry": "True", "good_for_kids": "True", "location": "Philadelphia", "phone_number": "267-514-1522"}, {"attraction_name": "Betsy Ross House", "category": "Historical Landmark", "free_entry": "False", "good_for_kids": "True", "location": "Philadelphia", "phone_number": "215-686-1252"}, {"attraction_name": "Blue Cross RiverRink", "category": "Sports Venue", "free_entry": "False", "good_for_kids": "True", "location": "Philadelphia", "phone_number": "215-925-7465"}, {"attraction_name": "Cathedral Basilica of Saints Peter and Paul", "category": "Place of Worship", "free_entry": "True", "good_for_kids": "True", "location": "Philadelphia", "phone_number": "267-250-0074"}, {"attraction_name": "Eastern State Penitentiary", "category": "Museum", "free_entry": "False", "good_for_kids": "False", "location": "Philadelphia", "phone_number": "215-236-5111"}, {"attraction_name": "Elfreth's Alley", "category": "Historical Landmark", "free_entry": "True", "good_for_kids": "False", "location": "Philadelphia", "phone_number": "215-574-0560"}], "slots": [{"exclusive_end": 75, "slot": "attraction_name", "start": 59}]}], "speaker": "SYSTEM", "utterance": "I have 10 attractions that could be of interest. How about Art Museum Steps? It is a tourist attraction."}, {"frames": [{"actions": [{"act": "REQUEST_ALTS", "canonical_values": [], "slot": "", "values": []}], "service": "Travel_1", "slots": [], "state": {"active_intent": "FindAttractions", "requested_slots": [], "slot_values": {"location": ["Philadelphia"]}}}], "speaker": "USER", "utterance": "Nice. Do you have anything else?"}, {"frames": [{"actions": [{"act": "OFFER", "canonical_values": ["Barnes Foundation"], "slot": "attraction_name", "values": ["Barnes Foundation"]}, {"act": "OFFER", "canonical_values": ["Museum"], "slot": "category", "values": ["Museum"]}], "service": "Travel_1", "slots": [{"exclusive_end": 28, "slot": "attraction_name", "start": 11}]}], "speaker": "SYSTEM", "utterance": "What about Barnes Foundation? It's a museum."}, {"frames": [{"actions": [{"act": "SELECT", "canonical_values": [], "slot": "", "values": []}, {"act": "GOODBYE", "canonical_values": [], "slot": "", "values": []}], "service": "Travel_1", "slots": [], "state": {"active_intent": "FindAttractions", "requested_slots": [], "slot_values": {"location": ["Philadelphia"]}}}], "speaker": "USER", "utterance": "Okay, that is good. That is all for now. Bye."}, {"frames": [{"actions": [{"act": "GOODBYE", "canonical_values": [], "slot": "", "values": []}], "service": "Travel_1", "slots": []}], "speaker": "SYSTEM", "utterance": "Have a good time."}]}, {"dialogue_id": "120_00003", "services": ["RentalCars_1", "Travel_1"], "turns": [{"frames": [{"actions": [{"act": "INFORM", "canonical_values": ["2019-03-13"], "slot": "pickup_date", "values": ["13th of March"]}, {"act": "INFORM", "canonical_values": ["Compact"], "slot": "type", "values": ["Compact"]}, {"act": "INFORM", "canonical_values": ["12:00"], "slot": "pickup_time", "values": ["twelve in the afternoon"]}, {"act": "INFORM_INTENT", "canonical_values": ["GetCarsAvailable"], "slot": "intent", "values": ["GetCarsAvailable"]}], "service": "RentalCars_1", "slots": [{"exclusive_end": 57, "slot": "pickup_date", "start": 44}, {"exclusive_end": 114, "slot": "pickup_time", "start": 91}], "state": {"active_intent": "GetCarsAvailable", "requested_slots": [], "slot_values": {"pickup_date": ["13th of March"], "pickup_time": ["twelve in the afternoon"], "type": ["Compact"]}}}], "speaker": "USER", "utterance": "I need to find a compact rental car for the 13th of March and be able to pick it up around twelve in the afternoon."}, {"frames": [{"actions": [{"act": "REQUEST", "canonical_values": [], "slot": "pickup_city", "values": []}], "service": "RentalCars_1", "slots": []}], "speaker": "SYSTEM", "utterance": "Where would you like to pick it up from?"}, {"frames": [{"actions": [{"act": "INFORM", "canonical_values": ["Las Vegas"], "slot": "pickup_city", "values": ["Vegas"]}], "service": "RentalCars_1", "slots": [{"exclusive_end": 35, "slot": "pickup_city", "start": 30}], "state": {"active_intent": "GetCarsAvailable", "requested_slots": [], "slot_values": {"pickup_city": ["Vegas"], "pickup_date": ["13th of March"], "pickup_time": ["twelve in the afternoon"], "type": ["Compact"]}}}], "speaker": "USER", "utterance": "I would like to pick it up in Vegas."}, {"frames": [{"actions": [{"act": "REQUEST", "canonical_values": [], "slot": "dropoff_date", "values": []}], "service": "RentalCars_1", "slots": []}], "speaker": "SYSTEM", "utterance": "How long do you want to keep the car?"}, {"frames": [{"actions": [{"act": "INFORM", "canonical_values": ["2019-03-14"], "slot": "dropoff_date", "values": ["14th of this month"]}], "service": "RentalCars_1", "slots": [{"exclusive_end": 41, "slot": "dropoff_date", "start": 23}], "state": {"active_intent": "GetCarsAvailable", "requested_slots": [], "slot_values": {"dropoff_date": ["14th of this month"], "pickup_city": ["Vegas"], "pickup_date": ["13th of March"], "pickup_time": ["twelve in the afternoon"], "type": ["Compact"]}}}], "speaker": "USER", "utterance": "I'll need it until the 14th of this month."}, {"frames": [{"actions": [{"act": "OFFER", "canonical_values": ["McCarran International Airport"], "slot": "pickup_location", "values": ["McCarran International Airport"]}, {"act": "OFFER", "canonical_values": ["2019-03-13"], "slot": "pickup_date", "values": ["March 13th"]}, {"act": "OFFER", "canonical_values": ["Compact"], "slot": "type", "values": ["Compact"]}, {"act": "OFFER", "canonical_values": ["Bolt"], "slot": "car_name", "values": ["Bolt"]}], "service": "RentalCars_1", "service_call": {"method": "GetCarsAvailable", "parameters": {"dropoff_date": "2019-03-14", "pickup_city": "Las Vegas", "pickup_date": "2019-03-13", "pickup_time": "12:00", "type": "Compact"}}, "service_results": [{"car_name": "Bolt", "dropoff_date": "2019-03-14", "pickup_city": "Las Vegas", "pickup_date": "2019-03-13", "pickup_location": "McCarran International Airport", "pickup_time": "12:00", "total_price": "22", "type": "Compact"}, {"car_name": "Cooper", "dropoff_date": "2019-03-14", "pickup_city": "Las Vegas", "pickup_date": "2019-03-13", "pickup_location": "McCarran International Airport", "pickup_time": "12:00", "total_price": "28", "type": "Compact"}, {"car_name": "Fit", "dropoff_date": "2019-03-14", "pickup_city": "Las Vegas", "pickup_date": "2019-03-13", "pickup_location": "Union Plaza", "pickup_time": "12:00", "total_price": "24", "type": "Compact"}, {"car_name": "GTI", "dropoff_date": "2019-03-14", "pickup_city": "Las Vegas", "pickup_date": "2019-03-13", "pickup_location": "Union Plaza", "pickup_time": "12:00", "total_price": "26", "type": "Compact"}, {"car_name": "Golf", "dropoff_date": "2019-03-14", "pickup_city": "Las Vegas", "pickup_date": "2019-03-13", "pickup_location": "McCarran International Airport", "pickup_time": "12:00", "total_price": "30", "type": "Compact"}], "slots": [{"exclusive_end": 71, "slot": "pickup_location", "start": 41}, {"exclusive_end": 85, "slot": "pickup_date", "start": 75}, {"exclusive_end": 23, "slot": "car_name", "start": 19}]}], "speaker": "SYSTEM", "utterance": "There is a compact Bolt available at the McCarran International Airport on March 13th."}, {"frames": [{"actions": [{"act": "INFORM_INTENT", "canonical_values": ["ReserveCar"], "slot": "intent", "values": ["ReserveCar"]}, {"act": "SELECT", "canonical_values": [], "slot": "", "values": []}], "service": "RentalCars_1", "slots": [], "state": {"active_intent": "ReserveCar", "requested_slots": [], "slot_values": {"dropoff_date": ["14th of this month"], "pickup_city": ["Vegas"], "pickup_date": ["13th of March", "March 13th"], "pickup_location": ["McCarran International Airport"], "pickup_time": ["twelve in the afternoon"], "type": ["Compact"]}}}], "speaker": "USER", "utterance": "That sounds good. Please reserve the car."}, {"frames": [{"actions": [{"act": "CONFIRM", "canonical_values": ["McCarran International Airport"], "slot": "pickup_location", "values": ["McCarran International Airport"]}, {"act": "CONFIRM", "canonical_values": ["2019-03-13"], "slot": "pickup_date", "values": ["March 13th"]}, {"act": "CONFIRM", "canonical_values": ["12:00"], "slot": "pickup_time", "values": ["12 pm"]}, {"act": "CONFIRM", "canonical_values": ["2019-03-14"], "slot": "dropoff_date", "values": ["March 14th"]}, {"act": "CONFIRM", "canonical_values": ["Compact"], "slot": "type", "values": ["Compact"]}], "service": "RentalCars_1", "slots": [{"exclusive_end": 102, "slot": "pickup_location", "start": 72}, {"exclusive_end": 116, "slot": "pickup_date", "start": 106}, {"exclusive_end": 125, "slot": "pickup_time", "start": 120}, {"exclusive_end": 165, "slot": "dropoff_date", "start": 155}]}], "speaker": "SYSTEM", "utterance": "Please confirm the following details: Picking up a compact car from the McCarran International Airport on March 13th at 12 pm and returning the vehicle on March 14th."}, {"frames": [{"actions": [{"act": "REQUEST", "canonical_values": [], "slot": "total_price", "values": []}, {"act": "AFFIRM", "canonical_values": [], "slot": "", "values": []}], "service": "RentalCars_1", "slots": [], "state": {"active_intent": "ReserveCar", "requested_slots": ["total_price"], "slot_values": {"dropoff_date": ["14th of this month", "March 14th"], "pickup_city": ["Vegas"], "pickup_date": ["13th of March", "March 13th"], "pickup_location": ["McCarran International Airport"], "pickup_time": ["12 pm", "twelve in the afternoon"], "type": ["Compact"]}}}], "speaker": "USER", "utterance": "Yes, that sounds good. What is the total cost?"}, {"frames": [{"actions": [{"act": "INFORM", "canonical_values": ["22"], "slot": "total_price", "values": ["$22"]}, {"act": "NOTIFY_SUCCESS", "canonical_values": [], "slot": "", "values": []}], "service": "RentalCars_1", "service_call": {"method": "ReserveCar", "parameters": {"dropoff_date": "2019-03-14", "pickup_date": "2019-03-13", "pickup_location": "McCarran International Airport", "pickup_time": "12:00", "type": "Compact"}}, "service_results": [{"car_name": "Bolt", "dropoff_date": "2019-03-14", "pickup_date": "2019-03-13", "pickup_location": "McCarran International Airport", "pickup_time": "12:00", "total_price": "22", "type": "Compact"}], "slots": [{"exclusive_end": 43, "slot": "total_price", "start": 40}]}], "speaker": "SYSTEM", "utterance": "Your car has been reserved. The cost is $22 in total."}, {"frames": [{"actions": [{"act": "THANK_YOU", "canonical_values": [], "slot": "", "values": []}], "service": "RentalCars_1", "slots": [], "state": {"active_intent": "ReserveCar", "requested_slots": [], "slot_values": {"dropoff_date": ["14th of this month", "March 14th"], "pickup_city": ["Vegas"], "pickup_date": ["13th of March", "March 13th"], "pickup_location": ["McCarran International Airport"], "pickup_time": ["12 pm", "twelve in the afternoon"], "type": ["Compact"]}}}, {"actions": [{"act": "INFORM_INTENT", "canonical_values": ["FindAttractions"], "slot": "intent", "values": ["FindAttractions"]}], "service": "Travel_1", "slots": [], "state": {"active_intent": "FindAttractions", "requested_slots": [], "slot_values": {"location": ["Vegas"]}}}], "speaker": "USER", "utterance": "Thank you for your help. Can you help me find some attractions there?"}, {"frames": [{"actions": [{"act": "OFFER", "canonical_values": ["DISCOVERY Children's Museum"], "slot": "attraction_name", "values": ["Discovery Children's Museum"]}, {"act": "OFFER", "canonical_values": ["Museum"], "slot": "category", "values": ["Museum"]}], "service": "Travel_1", "service_call": {"method": "FindAttractions", "parameters": {"location": "Las Vegas"}}, "service_results": [{"attraction_name": "DISCOVERY Children's Museum", "category": "Museum", "free_entry": "True", "good_for_kids": "True", "location": "Las Vegas", "phone_number": "702-382-5437"}, {"attraction_name": "Floyd Lamb Park", "category": "Park", "free_entry": "True", "good_for_kids": "False", "location": "Las Vegas", "phone_number": "702-229-8100"}, {"attraction_name": "Fremont Street Experience", "category": "Shopping Area", "free_entry": "True", "good_for_kids": "False", "location": "Las Vegas", "phone_number": "702-678-5600"}, {"attraction_name": "Las Vegas Natural History Museum", "category": "Museum", "free_entry": "False", "good_for_kids": "True", "location": "Las Vegas", "phone_number": "702-384-3466"}, {"attraction_name": "Old Las Vegas Mormon Fort State Historic Park", "category": "Nature Preserve", "free_entry": "False", "good_for_kids": "True", "location": "Las Vegas", "phone_number": "702-486-3511"}, {"attraction_name": "SkyJump", "category": "Theme Park", "free_entry": "False", "good_for_kids": "True", "location": "Las Vegas", "phone_number": "702-380-7777"}, {"attraction_name": "SlotZilla Zip Line", "category": "Tourist Attraction", "free_entry": "True", "good_for_kids": "True", "location": "Las Vegas", "phone_number": "702-678-5780"}, {"attraction_name": "Springs Preserve", "category": "Nature Preserve", "free_entry": "True", "good_for_kids": "False", "location": "Las Vegas", "phone_number": "702-822-7700"}, {"attraction_name": "The Mob Museum", "category": "Museum", "free_entry": "False", "good_for_kids": "True", "location": "Las Vegas", "phone_number": "702-229-2734"}], "slots": [{"exclusive_end": 52, "slot": "attraction_name", "start": 25}]}], "speaker": "SYSTEM", "utterance": "You should check out the Discovery Children's Museum. It is nice museum."}, {"frames": [{"actions": [{"act": "SELECT", "canonical_values": [], "slot": "", "values": []}], "service": "Travel_1", "slots": [], "state": {"active_intent": "FindAttractions", "requested_slots": [], "slot_values": {"location": ["Vegas"]}}}], "speaker": "USER", "utterance": "Okay, great, thank you."}, {"frames": [{"actions": [{"act": "REQ_MORE", "canonical_values": [], "slot": "", "values": []}], "service": "Travel_1", "slots": []}], "speaker": "SYSTEM", "utterance": "Is there anything else that I can help with?"}, {"frames": [{"actions": [{"act": "NEGATE", "canonical_values": [], "slot": "", "values": []}, {"act": "THANK_YOU", "canonical_values": [], "slot": "", "values": []}], "service": "Travel_1", "slots": [], "state": {"active_intent": "NONE", "requested_slots": [], "slot_values": {"location": ["Vegas"]}}}], "speaker": "USER", "utterance": "No, that was helpful, thank you."}, {"frames": [{"actions": [{"act": "GOODBYE", "canonical_values": [], "slot": "", "values": []}], "service": "Travel_1", "slots": []}], "speaker": "SYSTEM", "utterance": "You are welcome. Enjoy your trip."}]}, {"dialogue_id": "120_00004", "services": ["RentalCars_1", "Travel_1"], "turns": [{"frames": [{"actions": [{"act": "INFORM_INTENT", "canonical_values": ["GetCarsAvailable"], "slot": "intent", "values": ["GetCarsAvailable"]}], "service": "RentalCars_1", "slots": [], "state": {"active_intent": "GetCarsAvailable", "requested_slots": [], "slot_values": {}}}], "speaker": "USER", "utterance": "I need to find a nice rental car. Can you help me out?"}, {"frames": [{"actions": [{"act": "REQUEST", "canonical_values": [], "slot": "pickup_time", "values": []}], "service": "RentalCars_1", "slots": []}], "speaker": "SYSTEM", "utterance": "Sure thing. What time will you need it?"}, {"frames": [{"actions": [{"act": "INFORM", "canonical_values": ["17:00"], "slot": "pickup_time", "values": ["5 in the evening"]}], "service": "RentalCars_1", "slots": [{"exclusive_end": 46, "slot": "pickup_time", "start": 30}], "state": {"active_intent": "GetCarsAvailable", "requested_slots": [], "slot_values": {"pickup_time": ["5 in the evening"]}}}], "speaker": "USER", "utterance": "I'd like to pick it up around 5 in the evening."}, {"frames": [{"actions": [{"act": "REQUEST", "canonical_values": [], "slot": "pickup_date", "values": []}, {"act": "REQUEST", "canonical_values": [], "slot": "pickup_city", "values": []}], "service": "RentalCars_1", "slots": []}], "speaker": "SYSTEM", "utterance": "What day do you need it? In what city would you like to pick it up from?"}, {"frames": [{"actions": [{"act": "INFORM", "canonical_values": ["2019-03-03"], "slot": "pickup_date", "values": ["Sunday this week"]}, {"act": "INFORM", "canonical_values": ["Fresno"], "slot": "pickup_city", "values": ["Fresno"]}], "service": "RentalCars_1", "slots": [{"exclusive_end": 73, "slot": "pickup_date", "start": 57}, {"exclusive_end": 32, "slot": "pickup_city", "start": 26}], "state": {"active_intent": "GetCarsAvailable", "requested_slots": [], "slot_values": {"pickup_city": ["Fresno"], "pickup_date": ["Sunday this week"], "pickup_time": ["5 in the evening"]}}}], "speaker": "USER", "utterance": "I'd like to pick it up in Fresno. I will need the car on Sunday this week."}, {"frames": [{"actions": [{"act": "REQUEST", "canonical_values": [], "slot": "dropoff_date", "values": []}], "service": "RentalCars_1", "slots": []}], "speaker": "SYSTEM", "utterance": "How long will you need the car?"}, {"frames": [{"actions": [{"act": "INFORM", "canonical_values": ["2019-03-05"], "slot": "dropoff_date", "values": ["next Tuesday"]}], "service": "RentalCars_1", "slots": [{"exclusive_end": 33, "slot": "dropoff_date", "start": 21}], "state": {"active_intent": "GetCarsAvailable", "requested_slots": [], "slot_values": {"dropoff_date": ["next Tuesday"], "pickup_city": ["Fresno"], "pickup_date": ["Sunday this week"], "pickup_time": ["5 in the evening"]}}}], "speaker": "USER", "utterance": "I will need it until next Tuesday."}, {"frames": [{"actions": [{"act": "OFFER", "canonical_values": ["Fresno Station"], "slot": "pickup_location", "values": ["Fresno Station"]}, {"act": "OFFER", "canonical_values": ["2019-03-03"], "slot": "pickup_date", "values": ["March 3rd"]}, {"act": "OFFER", "canonical_values": ["Standard"], "slot": "type", "values": ["Standard"]}, {"act": "OFFER", "canonical_values": ["Accord"], "slot": "car_name", "values": ["Accord"]}], "service": "RentalCars_1", "service_call": {"method": "GetCarsAvailable", "parameters": {"dropoff_date": "2019-03-05", "pickup_city": "Fresno", "pickup_date": "2019-03-03", "pickup_time": "17:00"}}, "service_results": [{"car_name": "Accord", "dropoff_date": "2019-03-05", "pickup_city": "Fresno", "pickup_date": "2019-03-03", "pickup_location": "Fresno Station", "pickup_time": "17:00", "total_price": "54", "type": "Standard"}, {"car_name": "Altima", "dropoff_date": "2019-03-05", "pickup_city": "Fresno", "pickup_date": "2019-03-03", "pickup_location": "Fresno Yosemite International Airport", "pickup_time": "17:00", "total_price": "72", "type": "Standard"}, {"car_name": "Camry", "dropoff_date": "2019-03-05", "pickup_city": "Fresno", "pickup_date": "2019-03-03", "pickup_location": "Fresno Yosemite International Airport", "pickup_time": "17:00", "total_price": "76", "type": "Standard"}, {"car_name": "Corolla", "dropoff_date": "2019-03-05", "pickup_city": "Fresno", "pickup_date": "2019-03-03", "pickup_location": "Fresno Yosemite International Airport", "pickup_time": "17:00", "total_price": "66", "type": "Standard"}, {"car_name": "Cruze", "dropoff_date": "2019-03-05", "pickup_city": "Fresno", "pickup_date": "2019-03-03", "pickup_location": "Fresno Station", "pickup_time": "17:00", "total_price": "58", "type": "Standard"}, {"car_name": "Sentra", "dropoff_date": "2019-03-05", "pickup_city": "Fresno", "pickup_date": "2019-03-03", "pickup_location": "Fresno Yosemite International Airport", "pickup_time": "17:00", "total_price": "68", "type": "Standard"}], "slots": [{"exclusive_end": 53, "slot": "pickup_location", "start": 39}, {"exclusive_end": 83, "slot": "pickup_date", "start": 74}, {"exclusive_end": 113, "slot": "car_name", "start": 107}]}], "speaker": "SYSTEM", "utterance": "Okay, there is a nice car available at Fresno Station ready for pickup on March 3rd. The car is a standard Accord."}, {"frames": [{"actions": [{"act": "INFORM_INTENT", "canonical_values": ["ReserveCar"], "slot": "intent", "values": ["ReserveCar"]}, {"act": "SELECT", "canonical_values": [], "slot": "", "values": []}], "service": "RentalCars_1", "slots": [], "state": {"active_intent": "ReserveCar", "requested_slots": [], "slot_values": {"dropoff_date": ["next Tuesday"], "pickup_city": ["Fresno"], "pickup_date": ["March 3rd", "Sunday this week"], "pickup_location": ["Fresno Station"], "pickup_time": ["5 in the evening"], "type": ["Standard"]}}}], "speaker": "USER", "utterance": "Okay, that sounds good I'd like to reserve the car please."}, {"frames": [{"actions": [{"act": "CONFIRM", "canonical_values": ["Fresno Station"], "slot": "pickup_location", "values": ["Fresno Station"]}, {"act": "CONFIRM", "canonical_values": ["2019-03-03"], "slot": "pickup_date", "values": ["March 3rd"]}, {"act": "CONFIRM", "canonical_values": ["17:00"], "slot": "pickup_time", "values": ["5 pm"]}, {"act": "CONFIRM", "canonical_values": ["2019-03-05"], "slot": "dropoff_date", "values": ["March 5th"]}, {"act": "CONFIRM", "canonical_values": ["Standard"], "slot": "type", "values": ["Standard"]}], "service": "RentalCars_1", "slots": [{"exclusive_end": 103, "slot": "pickup_location", "start": 89}, {"exclusive_end": 116, "slot": "pickup_date", "start": 107}, {"exclusive_end": 124, "slot": "pickup_time", "start": 120}, {"exclusive_end": 162, "slot": "dropoff_date", "start": 153}]}], "speaker": "SYSTEM", "utterance": "No problem. Please confirm the following details: You are picking up a standard car from Fresno Station on March 3rd at 5 pm. Your drop-off date will be March 5th. Correct?"}, {"frames": [{"actions": [{"act": "REQUEST", "canonical_values": [], "slot": "total_price", "values": []}, {"act": "AFFIRM", "canonical_values": [], "slot": "", "values": []}], "service": "RentalCars_1", "slots": [], "state": {"active_intent": "ReserveCar", "requested_slots": ["total_price"], "slot_values": {"dropoff_date": ["March 5th", "next Tuesday"], "pickup_city": ["Fresno"], "pickup_date": ["March 3rd", "Sunday this week"], "pickup_location": ["Fresno Station"], "pickup_time": ["5 in the evening", "5 pm"], "type": ["Standard"]}}}], "speaker": "USER", "utterance": "Yes, that sounds good. What's this gonna cost me?"}, {"frames": [{"actions": [{"act": "INFORM", "canonical_values": ["54"], "slot": "total_price", "values": ["$54"]}, {"act": "NOTIFY_SUCCESS", "canonical_values": [], "slot": "", "values": []}], "service": "RentalCars_1", "service_call": {"method": "ReserveCar", "parameters": {"dropoff_date": "2019-03-05", "pickup_date": "2019-03-03", "pickup_location": "Fresno Station", "pickup_time": "17:00", "type": "Standard"}}, "service_results": [{"car_name": "Accord", "dropoff_date": "2019-03-05", "pickup_date": "2019-03-03", "pickup_location": "Fresno Station", "pickup_time": "17:00", "total_price": "54", "type": "Standard"}], "slots": [{"exclusive_end": 54, "slot": "total_price", "start": 51}]}], "speaker": "SYSTEM", "utterance": "Your car has been reserved. The total cost will be $54."}, {"frames": [{"actions": [{"act": "THANK_YOU", "canonical_values": [], "slot": "", "values": []}], "service": "RentalCars_1", "slots": [], "state": {"active_intent": "ReserveCar", "requested_slots": [], "slot_values": {"dropoff_date": ["March 5th", "next Tuesday"], "pickup_city": ["Fresno"], "pickup_date": ["March 3rd", "Sunday this week"], "pickup_location": ["Fresno Station"], "pickup_time": ["5 in the evening", "5 pm"], "type": ["Standard"]}}}, {"actions": [{"act": "INFORM_INTENT", "canonical_values": ["FindAttractions"], "slot": "intent", "values": ["FindAttractions"]}], "service": "Travel_1", "slots": [], "state": {"active_intent": "FindAttractions", "requested_slots": [], "slot_values": {"location": ["Fresno"]}}}], "speaker": "USER", "utterance": "Thanks a lot for the help. Can you show me any good attractions out there?"}, {"frames": [{"actions": [{"act": "OFFER", "canonical_values": ["Christmas Tree Lane"], "slot": "attraction_name", "values": ["Christmas Tree lane"]}, {"act": "OFFER", "canonical_values": ["Tourist Attraction"], "slot": "category", "values": ["Tourist Attraction"]}, {"act": "INFORM_COUNT", "canonical_values": ["4"], "slot": "count", "values": ["4"]}], "service": "Travel_1", "service_call": {"method": "FindAttractions", "parameters": {"location": "Fresno"}}, "service_results": [{"attraction_name": "Christmas Tree Lane", "category": "Tourist Attraction", "free_entry": "True", "good_for_kids": "True", "location": "Fresno", "phone_number": "559-348-9200"}, {"attraction_name": "Forestiere Underground Gardens", "category": "Historical Landmark", "free_entry": "True", "good_for_kids": "True", "location": "Fresno", "phone_number": "559-271-0734"}, {"attraction_name": "Fresno Chaffee Zoo", "category": "Nature Preserve", "free_entry": "False", "good_for_kids": "True", "location": "Fresno", "phone_number": "559-498-5910"}, {"attraction_name": "Island Waterpark", "category": "Theme Park", "free_entry": "True", "good_for_kids": "True", "location": "Fresno", "phone_number": "559-277-6800"}], "slots": [{"exclusive_end": 121, "slot": "attraction_name", "start": 102}]}], "speaker": "SYSTEM", "utterance": "Sure thing. There are 4 attractions you may like. I think you should check out the Tourist Attraction Christmas Tree lane."}, {"frames": [{"actions": [{"act": "SELECT", "canonical_values": [], "slot": "", "values": []}], "service": "Travel_1", "slots": [], "state": {"active_intent": "FindAttractions", "requested_slots": [], "slot_values": {"location": ["Fresno"]}}}], "speaker": "USER", "utterance": "Okay, that sounds great. Thanks."}, {"frames": [{"actions": [{"act": "REQ_MORE", "canonical_values": [], "slot": "", "values": []}], "service": "Travel_1", "slots": []}], "speaker": "SYSTEM", "utterance": "Anything else I can assist with?"}, {"frames": [{"actions": [{"act": "NEGATE", "canonical_values": [], "slot": "", "values": []}, {"act": "THANK_YOU", "canonical_values": [], "slot": "", "values": []}], "service": "Travel_1", "slots": [], "state": {"active_intent": "NONE", "requested_slots": [], "slot_values": {"location": ["Fresno"]}}}], "speaker": "USER", "utterance": "No thanks. That was really helpful, thank you."}, {"frames": [{"actions": [{"act": "GOODBYE", "canonical_values": [], "slot": "", "values": []}], "service": "Travel_1", "slots": []}], "speaker": "SYSTEM", "utterance": "My pleasure. Enjoy!"}]}]