[{"dialogue_id": "19_00000", "services": ["Events_1", "Buses_1"], "turns": [{"frames": [{"actions": [{"act": "INFORM", "canonical_values": ["2019-03-10"], "slot": "date", "values": ["10th of March"]}, {"act": "INFORM", "canonical_values": ["1"], "slot": "number_of_seats", "values": ["1"]}, {"act": "INFORM", "canonical_values": ["Giants Vs Marlins"], "slot": "event_name", "values": ["Giants Vs Marlins"]}, {"act": "INFORM_INTENT", "canonical_values": ["BuyEventTickets"], "slot": "intent", "values": ["BuyEventTickets"]}], "service": "Events_1", "slots": [{"exclusive_end": 55, "slot": "date", "start": 42}, {"exclusive_end": 38, "slot": "event_name", "start": 21}], "state": {"active_intent": "BuyEventTickets", "requested_slots": [], "slot_values": {"date": ["10th of March"], "event_name": ["Giants Vs Marlins"], "number_of_seats": ["1"]}}}], "speaker": "USER", "utterance": "I want 1 tickets for Giants Vs Marlins on 10th of March"}, {"frames": [{"actions": [{"act": "REQUEST", "canonical_values": [], "slot": "city_of_event", "values": []}], "service": "Events_1", "slots": []}], "speaker": "SYSTEM", "utterance": "In which city?"}, {"frames": [{"actions": [{"act": "INFORM", "canonical_values": ["2019-03-12"], "slot": "date", "values": ["March 12th"]}, {"act": "INFORM", "canonical_values": ["Mets Vs Pirates"], "slot": "event_name", "values": ["Mets Vs Pirates"]}, {"act": "INFORM", "canonical_values": ["New York"], "slot": "city_of_event", "values": ["NY"]}], "service": "Events_1", "slots": [{"exclusive_end": 45, "slot": "date", "start": 35}, {"exclusive_end": 31, "slot": "event_name", "start": 16}, {"exclusive_end": 65, "slot": "city_of_event", "start": 63}], "state": {"active_intent": "BuyEventTickets", "requested_slots": [], "slot_values": {"city_of_event": ["NY"], "date": ["March 12th"], "event_name": ["Mets Vs Pirates"], "number_of_seats": ["1"]}}}], "speaker": "USER", "utterance": "Sorry, I prefer Mets Vs Pirates on March 12th. I'd like around NY"}, {"frames": [{"actions": [{"act": "CONFIRM", "canonical_values": ["Mets Vs Pirates"], "slot": "event_name", "values": ["Mets Vs Pirates"]}, {"act": "CONFIRM", "canonical_values": ["1"], "slot": "number_of_seats", "values": ["1"]}, {"act": "CONFIRM", "canonical_values": ["2019-03-12"], "slot": "date", "values": ["March 12th"]}, {"act": "CONFIRM", "canonical_values": ["New York"], "slot": "city_of_event", "values": ["New York"]}], "service": "Events_1", "slots": [{"exclusive_end": 28, "slot": "event_name", "start": 13}, {"exclusive_end": 55, "slot": "date", "start": 45}, {"exclusive_end": 40, "slot": "city_of_event", "start": 32}]}], "speaker": "SYSTEM", "utterance": "1 ticket for Mets Vs Pirates in New York, on March 12th. Is it correct?"}, {"frames": [{"actions": [{"act": "REQUEST", "canonical_values": [], "slot": "time", "values": []}, {"act": "REQUEST", "canonical_values": [], "slot": "address_of_location", "values": []}, {"act": "AFFIRM", "canonical_values": [], "slot": "", "values": []}], "service": "Events_1", "slots": [], "state": {"active_intent": "BuyEventTickets", "requested_slots": ["address_of_location", "time"], "slot_values": {"city_of_event": ["NY", "New York"], "date": ["March 12th"], "event_name": ["Mets Vs Pirates"], "number_of_seats": ["1"]}}}], "speaker": "USER", "utterance": "Yes, It's correct! What time is the event and where is it?"}, {"frames": [{"actions": [{"act": "INFORM", "canonical_values": ["123-01 Roosevelt Avenue"], "slot": "address_of_location", "values": ["123-01 Roosevelt Avenue"]}, {"act": "INFORM", "canonical_values": ["18:00"], "slot": "time", "values": ["6 pm"]}, {"act": "NOTIFY_SUCCESS", "canonical_values": [], "slot": "", "values": []}], "service": "Events_1", "service_call": {"method": "BuyEventTickets", "parameters": {"city_of_event": "New York", "date": "2019-03-12", "event_name": "Mets Vs Pirates", "number_of_seats": "1"}}, "service_results": [{"address_of_location": "123-01 Roosevelt Avenue", "city_of_event": "New York", "date": "2019-03-12", "event_location": "Citi Field", "event_name": "Mets Vs Pirates", "number_of_seats": "1", "time": "18:00"}], "slots": [{"exclusive_end": 58, "slot": "address_of_location", "start": 35}, {"exclusive_end": 17, "slot": "time", "start": 13}]}], "speaker": "SYSTEM", "utterance": "It starts at 6 pm. The event is at 123-01 Roosevelt Avenue. Your ticket is booked! Have a good time there!"}, {"frames": [{"actions": [{"act": "INFORM_INTENT", "canonical_values": ["FindBus"], "slot": "intent", "values": ["FindBus"]}], "service": "Buses_1", "slots": [], "state": {"active_intent": "FindBus", "requested_slots": [], "slot_values": {"to_location": ["NY", "New York"], "travelers": ["1"]}}}], "speaker": "USER", "utterance": "Thank you! I need a bus to get there."}, {"frames": [{"actions": [{"act": "REQUEST", "canonical_values": [], "slot": "from_location", "values": []}], "service": "Buses_1", "slots": []}], "speaker": "SYSTEM", "utterance": "What's the city of origin?"}, {"frames": [{"actions": [{"act": "INFORM", "canonical_values": ["Philadelphia"], "slot": "from_location", "values": ["Philly"]}], "service": "Buses_1", "slots": [{"exclusive_end": 31, "slot": "from_location", "start": 25}], "state": {"active_intent": "FindBus", "requested_slots": [], "slot_values": {"from_location": ["Philly"], "to_location": ["NY", "New York"], "travelers": ["1"]}}}], "speaker": "USER", "utterance": "The city of departure is Philly"}, {"frames": [{"actions": [{"act": "REQUEST", "canonical_values": ["2019-03-12"], "slot": "leaving_date", "values": ["March 12th"]}], "service": "Buses_1", "slots": [{"exclusive_end": 31, "slot": "leaving_date", "start": 21}]}], "speaker": "SYSTEM", "utterance": "Is the departure day March 12th?"}, {"frames": [{"actions": [{"act": "INFORM", "canonical_values": ["2019-03-08"], "slot": "leaving_date", "values": ["the 8th"]}], "service": "Buses_1", "slots": [{"exclusive_end": 32, "slot": "leaving_date", "start": 25}], "state": {"active_intent": "FindBus", "requested_slots": [], "slot_values": {"from_location": ["Philly"], "leaving_date": ["the 8th"], "to_location": ["NY", "New York"], "travelers": ["1"]}}}], "speaker": "USER", "utterance": "No, the departure day is the 8th"}, {"frames": [{"actions": [{"act": "OFFER", "canonical_values": ["08:30"], "slot": "leaving_time", "values": ["8:30 am"]}, {"act": "OFFER", "canonical_values": ["23"], "slot": "fare", "values": ["$23"]}, {"act": "OFFER", "canonical_values": ["0"], "slot": "transfers", "values": ["0"]}], "service": "Buses_1", "service_call": {"method": "FindBus", "parameters": {"from_location": "Philadelphia", "leaving_date": "2019-03-08", "to_location": "New York", "travelers": "1"}}, "service_results": [{"fare": "23", "from_location": "Philadelphia", "from_station": "Intercity Terminal", "leaving_date": "2019-03-08", "leaving_time": "08:30", "to_location": "New York", "to_station": "Port Authority Station", "transfers": "0", "travelers": "1"}, {"fare": "23", "from_location": "Philadelphia", "from_station": "Intercity Terminal", "leaving_date": "2019-03-08", "leaving_time": "09:50", "to_location": "New York", "to_station": "Port Authority Station", "transfers": "0", "travelers": "1"}, {"fare": "27", "from_location": "Philadelphia", "from_station": "Intercity Terminal", "leaving_date": "2019-03-08", "leaving_time": "10:10", "to_location": "New York", "to_station": "Port Authority Station", "transfers": "0", "travelers": "1"}, {"fare": "22", "from_location": "Philadelphia", "from_station": "Intercity Terminal", "leaving_date": "2019-03-08", "leaving_time": "10:20", "to_location": "New York", "to_station": "Port Authority Station", "transfers": "0", "travelers": "1"}, {"fare": "22", "from_location": "Philadelphia", "from_station": "Intercity Terminal", "leaving_date": "2019-03-08", "leaving_time": "11:50", "to_location": "New York", "to_station": "Port Authority Station", "transfers": "0", "travelers": "1"}, {"fare": "23", "from_location": "Philadelphia", "from_station": "Intercity Terminal", "leaving_date": "2019-03-08", "leaving_time": "14:00", "to_location": "New York", "to_station": "Port Authority Station", "transfers": "0", "travelers": "1"}, {"fare": "23", "from_location": "Philadelphia", "from_station": "Intercity Terminal", "leaving_date": "2019-03-08", "leaving_time": "16:10", "to_location": "New York", "to_station": "Port Authority Station", "transfers": "0", "travelers": "1"}, {"fare": "23", "from_location": "Philadelphia", "from_station": "Intercity Terminal", "leaving_date": "2019-03-08", "leaving_time": "17:30", "to_location": "New York", "to_station": "Port Authority Station", "transfers": "0", "travelers": "1"}], "slots": [{"exclusive_end": 24, "slot": "leaving_time", "start": 17}, {"exclusive_end": 38, "slot": "fare", "start": 35}]}], "speaker": "SYSTEM", "utterance": "There's a bus at 8:30 am, it costs $23 and has 0 transfers"}, {"frames": [{"actions": [{"act": "REQUEST", "canonical_values": [], "slot": "to_station", "values": []}, {"act": "REQUEST", "canonical_values": [], "slot": "from_station", "values": []}], "service": "Buses_1", "slots": [], "state": {"active_intent": "FindBus", "requested_slots": ["from_station", "to_station"], "slot_values": {"from_location": ["Philly"], "leaving_date": ["the 8th"], "to_location": ["NY", "New York"], "travelers": ["1"]}}}], "speaker": "USER", "utterance": "What is the departure station? Which station does the bus arrive at?"}, {"frames": [{"actions": [{"act": "INFORM", "canonical_values": ["Port Authority Station"], "slot": "to_station", "values": ["Port Authority Station"]}, {"act": "INFORM", "canonical_values": ["Intercity Terminal"], "slot": "from_station", "values": ["Intercity Terminal"]}], "service": "Buses_1", "slots": [{"exclusive_end": 86, "slot": "to_station", "start": 64}, {"exclusive_end": 43, "slot": "from_station", "start": 25}]}], "speaker": "SYSTEM", "utterance": "The departure station is Intercity Terminal. The bus arrives at Port Authority Station"}, {"frames": [{"actions": [{"act": "INFORM", "canonical_values": ["2019-03-07"], "slot": "leaving_date", "values": ["7th of March"]}, {"act": "INFORM", "canonical_values": ["Washington"], "slot": "from_location", "values": ["Washington"]}, {"act": "REQUEST_ALTS", "canonical_values": [], "slot": "", "values": []}], "service": "Buses_1", "slots": [{"exclusive_end": 39, "slot": "leaving_date", "start": 27}, {"exclusive_end": 55, "slot": "from_location", "start": 45}], "state": {"active_intent": "FindBus", "requested_slots": [], "slot_values": {"from_location": ["Washington"], "leaving_date": ["7th of March"], "to_location": ["NY", "New York"], "travelers": ["1"]}}}], "speaker": "USER", "utterance": "Are there bus available on 7th of March from Washington?"}, {"frames": [{"actions": [{"act": "OFFER", "canonical_values": ["08:10"], "slot": "leaving_time", "values": ["8:10 am"]}, {"act": "OFFER", "canonical_values": ["38"], "slot": "fare", "values": ["$38"]}, {"act": "OFFER", "canonical_values": ["0"], "slot": "transfers", "values": ["0"]}, {"act": "INFORM_COUNT", "canonical_values": ["8"], "slot": "count", "values": ["8"]}], "service": "Buses_1", "service_call": {"method": "FindBus", "parameters": {"from_location": "Washington", "leaving_date": "2019-03-07", "to_location": "New York", "travelers": "1"}}, "service_results": [{"fare": "38", "from_location": "Washington", "from_station": "Union Station", "leaving_date": "2019-03-07", "leaving_time": "08:10", "to_location": "New York", "to_station": "Port Authority Station", "transfers": "0", "travelers": "1"}, {"fare": "38", "from_location": "Washington", "from_station": "Union Station", "leaving_date": "2019-03-07", "leaving_time": "08:20", "to_location": "New York", "to_station": "Port Authority Station", "transfers": "0", "travelers": "1"}, {"fare": "36", "from_location": "Washington", "from_station": "Union Station", "leaving_date": "2019-03-07", "leaving_time": "11:10", "to_location": "New York", "to_station": "Port Authority Station", "transfers": "0", "travelers": "1"}, {"fare": "35", "from_location": "Washington", "from_station": "Union Station", "leaving_date": "2019-03-07", "leaving_time": "12:00", "to_location": "New York", "to_station": "Port Authority Station", "transfers": "0", "travelers": "1"}, {"fare": "40", "from_location": "Washington", "from_station": "Union Station", "leaving_date": "2019-03-07", "leaving_time": "12:30", "to_location": "New York", "to_station": "Port Authority Station", "transfers": "0", "travelers": "1"}, {"fare": "40", "from_location": "Washington", "from_station": "Union Station", "leaving_date": "2019-03-07", "leaving_time": "13:40", "to_location": "New York", "to_station": "Port Authority Station", "transfers": "0", "travelers": "1"}, {"fare": "40", "from_location": "Washington", "from_station": "Union Station", "leaving_date": "2019-03-07", "leaving_time": "14:00", "to_location": "New York", "to_station": "Port Authority Station", "transfers": "0", "travelers": "1"}, {"fare": "42", "from_location": "Washington", "from_station": "Union Station", "leaving_date": "2019-03-07", "leaving_time": "19:30", "to_location": "New York", "to_station": "Port Authority Station", "transfers": "0", "travelers": "1"}], "slots": [{"exclusive_end": 30, "slot": "leaving_time", "start": 23}, {"exclusive_end": 44, "slot": "fare", "start": 41}]}], "speaker": "SYSTEM", "utterance": "There are 8 buses. The 8:10 am bus costs $38 and has 0 transfers"}, {"frames": [{"actions": [{"act": "INFORM_INTENT", "canonical_values": ["BuyBusTicket"], "slot": "intent", "values": ["BuyBusTicket"]}, {"act": "SELECT", "canonical_values": [], "slot": "", "values": []}], "service": "Buses_1", "slots": [], "state": {"active_intent": "BuyBusTicket", "requested_slots": [], "slot_values": {"from_location": ["Washington"], "leaving_date": ["7th of March"], "leaving_time": ["8:10 am"], "to_location": ["NY", "New York"], "travelers": ["1"]}}}], "speaker": "USER", "utterance": "Yes, that's good for me! I want to book it!"}, {"frames": [{"actions": [{"act": "CONFIRM", "canonical_values": ["Washington"], "slot": "from_location", "values": ["Washington"]}, {"act": "CONFIRM", "canonical_values": ["New York"], "slot": "to_location", "values": ["New York"]}, {"act": "CONFIRM", "canonical_values": ["2019-03-07"], "slot": "leaving_date", "values": ["March 7th"]}, {"act": "CONFIRM", "canonical_values": ["08:10"], "slot": "leaving_time", "values": ["8:10 am"]}, {"act": "CONFIRM", "canonical_values": ["1"], "slot": "travelers", "values": ["1"]}], "service": "Buses_1", "slots": [{"exclusive_end": 35, "slot": "from_location", "start": 25}, {"exclusive_end": 47, "slot": "to_location", "start": 39}, {"exclusive_end": 61, "slot": "leaving_date", "start": 52}, {"exclusive_end": 72, "slot": "leaving_time", "start": 65}]}], "speaker": "SYSTEM", "utterance": "1 ticket on the bus from Washington to New York, on March 7th at 8:10 am. Do you confirm?"}, {"frames": [{"actions": [{"act": "REQUEST", "canonical_values": [], "slot": "to_station", "values": []}, {"act": "REQUEST", "canonical_values": [], "slot": "from_station", "values": []}, {"act": "AFFIRM", "canonical_values": [], "slot": "", "values": []}], "service": "Buses_1", "slots": [], "state": {"active_intent": "BuyBusTicket", "requested_slots": ["from_station", "to_station"], "slot_values": {"from_location": ["Washington"], "leaving_date": ["7th of March", "March 7th"], "leaving_time": ["8:10 am"], "to_location": ["NY", "New York"], "travelers": ["1"]}}}], "speaker": "USER", "utterance": "Yes, I confirm! What is the departure station? Which station does the bus arrive at?"}, {"frames": [{"actions": [{"act": "INFORM", "canonical_values": ["Port Authority Station"], "slot": "to_station", "values": ["Port Authority Station"]}, {"act": "INFORM", "canonical_values": ["Union Station"], "slot": "from_station", "values": ["Union Station"]}, {"act": "NOTIFY_SUCCESS", "canonical_values": [], "slot": "", "values": []}], "service": "Buses_1", "service_call": {"method": "BuyBusTicket", "parameters": {"from_location": "Washington", "leaving_date": "2019-03-07", "leaving_time": "08:10", "to_location": "New York", "travelers": "1"}}, "service_results": [{"fare": "38", "from_location": "Washington", "from_station": "Union Station", "leaving_date": "2019-03-07", "leaving_time": "08:10", "to_location": "New York", "to_station": "Port Authority Station", "transfers": "0", "travelers": "1"}], "slots": [{"exclusive_end": 81, "slot": "to_station", "start": 59}, {"exclusive_end": 38, "slot": "from_station", "start": 25}]}], "speaker": "SYSTEM", "utterance": "The departure station is Union Station. The bus arrives at Port Authority Station. You ticket is booked!"}, {"frames": [{"actions": [{"act": "THANK_YOU", "canonical_values": [], "slot": "", "values": []}, {"act": "GOODBYE", "canonical_values": [], "slot": "", "values": []}], "service": "Buses_1", "slots": [], "state": {"active_intent": "BuyBusTicket", "requested_slots": [], "slot_values": {"from_location": ["Washington"], "leaving_date": ["7th of March", "March 7th"], "leaving_time": ["8:10 am"], "to_location": ["NY", "New York"], "travelers": ["1"]}}}], "speaker": "USER", "utterance": "Thank you so much! It's all!"}, {"frames": [{"actions": [{"act": "GOODBYE", "canonical_values": [], "slot": "", "values": []}], "service": "Buses_1", "slots": []}], "speaker": "SYSTEM", "utterance": "Have a nice day!"}]}, {"dialogue_id": "19_00001", "services": ["Events_1", "Buses_1"], "turns": [{"frames": [{"actions": [{"act": "INFORM_INTENT", "canonical_values": ["BuyEventTickets"], "slot": "intent", "values": ["BuyEventTickets"]}], "service": "Events_1", "slots": [], "state": {"active_intent": "BuyEventTickets", "requested_slots": [], "slot_values": {}}}], "speaker": "USER", "utterance": "I'd like to reserve tickets to an event."}, {"frames": [{"actions": [{"act": "REQUEST", "canonical_values": [], "slot": "number_of_seats", "values": []}, {"act": "REQUEST", "canonical_values": [], "slot": "city_of_event", "values": []}], "service": "Events_1", "slots": []}], "speaker": "SYSTEM", "utterance": "How many tickets do you want and what city do you want me to search in?"}, {"frames": [{"actions": [{"act": "INFORM", "canonical_values": ["3"], "slot": "number_of_seats", "values": ["3"]}, {"act": "INFORM", "canonical_values": ["New York"], "slot": "city_of_event", "values": ["NYC"]}], "service": "Events_1", "slots": [{"exclusive_end": 42, "slot": "city_of_event", "start": 39}], "state": {"active_intent": "BuyEventTickets", "requested_slots": [], "slot_values": {"city_of_event": ["NYC"], "number_of_seats": ["3"]}}}], "speaker": "USER", "utterance": "I'd like three tickets to something in NYC."}, {"frames": [{"actions": [{"act": "REQUEST", "canonical_values": [], "slot": "date", "values": []}, {"act": "REQUEST", "canonical_values": [], "slot": "event_name", "values": []}], "service": "Events_1", "slots": []}], "speaker": "SYSTEM", "utterance": "What kind of event are you looking for and what would you like to go?"}, {"frames": [{"actions": [{"act": "INFORM", "canonical_values": ["2019-03-11"], "slot": "date", "values": ["11th of March"]}, {"act": "INFORM", "canonical_values": ["Low"], "slot": "event_name", "values": ["Low"]}], "service": "Events_1", "slots": [{"exclusive_end": 48, "slot": "date", "start": 35}, {"exclusive_end": 27, "slot": "event_name", "start": 24}], "state": {"active_intent": "BuyEventTickets", "requested_slots": [], "slot_values": {"city_of_event": ["NYC"], "date": ["11th of March"], "event_name": ["Low"], "number_of_seats": ["3"]}}}], "speaker": "USER", "utterance": "I'd like to go along to Low on the 11th of March."}, {"frames": [{"actions": [{"act": "CONFIRM", "canonical_values": ["Low"], "slot": "event_name", "values": ["Low"]}, {"act": "CONFIRM", "canonical_values": ["3"], "slot": "number_of_seats", "values": ["3"]}, {"act": "CONFIRM", "canonical_values": ["2019-03-11"], "slot": "date", "values": ["March 11th"]}, {"act": "CONFIRM", "canonical_values": ["New York"], "slot": "city_of_event", "values": ["New York"]}], "service": "Events_1", "slots": [{"exclusive_end": 47, "slot": "event_name", "start": 44}, {"exclusive_end": 73, "slot": "date", "start": 63}, {"exclusive_end": 59, "slot": "city_of_event", "start": 51}]}], "speaker": "SYSTEM", "utterance": "Okay so to be sure, you'd like 3 tickets to Low in New York on March 11th."}, {"frames": [{"actions": [{"act": "REQUEST", "canonical_values": [], "slot": "time", "values": []}, {"act": "REQUEST", "canonical_values": [], "slot": "address_of_location", "values": []}, {"act": "AFFIRM", "canonical_values": [], "slot": "", "values": []}], "service": "Events_1", "slots": [], "state": {"active_intent": "BuyEventTickets", "requested_slots": ["address_of_location", "time"], "slot_values": {"city_of_event": ["NYC", "New York"], "date": ["11th of March", "March 11th"], "event_name": ["Low"], "number_of_seats": ["3"]}}}], "speaker": "USER", "utterance": "Yes that's correct. When does it start and where is the venue located?"}, {"frames": [{"actions": [{"act": "INFORM", "canonical_values": ["17 Eastern Parkway, Brooklyn"], "slot": "address_of_location", "values": ["17 Eastern Parkway, Brooklyn"]}, {"act": "INFORM", "canonical_values": ["20:30"], "slot": "time", "values": ["8:30 pm"]}, {"act": "NOTIFY_SUCCESS", "canonical_values": [], "slot": "", "values": []}], "service": "Events_1", "service_call": {"method": "BuyEventTickets", "parameters": {"city_of_event": "New York", "date": "2019-03-11", "event_name": "Low", "number_of_seats": "3"}}, "service_results": [{"address_of_location": "17 Eastern Parkway, Brooklyn", "city_of_event": "New York", "date": "2019-03-11", "event_location": "Murmrr", "event_name": "Low", "number_of_seats": "3", "time": "20:30"}], "slots": [{"exclusive_end": 120, "slot": "address_of_location", "start": 92}, {"exclusive_end": 88, "slot": "time", "start": 81}]}], "speaker": "SYSTEM", "utterance": "Your tickets have been booked and I'm sure you will enjoy yourself. It starts at 8:30 pm at 17 Eastern Parkway, Brooklyn."}, {"frames": [{"actions": [{"act": "INFORM", "canonical_values": ["2019-03-02"], "slot": "leaving_date", "values": ["2nd of March"]}, {"act": "INFORM_INTENT", "canonical_values": ["FindBus"], "slot": "intent", "values": ["FindBus"]}], "service": "Buses_1", "slots": [{"exclusive_end": 82, "slot": "leaving_date", "start": 70}], "state": {"active_intent": "FindBus", "requested_slots": [], "slot_values": {"leaving_date": ["2nd of March"], "to_location": ["NYC", "New York"], "travelers": ["3"]}}}], "speaker": "USER", "utterance": "I think I'll take the bus there. Can you help me find tickets for the 2nd of March?"}, {"frames": [{"actions": [{"act": "REQUEST", "canonical_values": [], "slot": "from_location", "values": []}], "service": "Buses_1", "slots": []}], "speaker": "SYSTEM", "utterance": "Where will you be departing from?"}, {"frames": [{"actions": [{"act": "INFORM", "canonical_values": ["Washington"], "slot": "from_location", "values": ["Washington"]}], "service": "Buses_1", "slots": [{"exclusive_end": 31, "slot": "from_location", "start": 21}], "state": {"active_intent": "FindBus", "requested_slots": [], "slot_values": {"from_location": ["Washington"], "leaving_date": ["2nd of March"], "to_location": ["NYC", "New York"], "travelers": ["3"]}}}], "speaker": "USER", "utterance": "I'll be leaving from Washington."}, {"frames": [{"actions": [{"act": "OFFER", "canonical_values": ["08:10"], "slot": "leaving_time", "values": ["8:10 am"]}, {"act": "OFFER", "canonical_values": ["32"], "slot": "fare", "values": ["$32"]}, {"act": "OFFER", "canonical_values": ["0"], "slot": "transfers", "values": ["0"]}, {"act": "INFORM_COUNT", "canonical_values": ["8"], "slot": "count", "values": ["8"]}], "service": "Buses_1", "service_call": {"method": "FindBus", "parameters": {"from_location": "Washington", "leaving_date": "2019-03-02", "to_location": "New York", "travelers": "3"}}, "service_results": [{"fare": "32", "from_location": "Washington", "from_station": "Union Station", "leaving_date": "2019-03-02", "leaving_time": "08:10", "to_location": "New York", "to_station": "Port Authority Station", "transfers": "0", "travelers": "3"}, {"fare": "34", "from_location": "Washington", "from_station": "Union Station", "leaving_date": "2019-03-02", "leaving_time": "08:20", "to_location": "New York", "to_station": "Port Authority Station", "transfers": "0", "travelers": "3"}, {"fare": "35", "from_location": "Washington", "from_station": "Union Station", "leaving_date": "2019-03-02", "leaving_time": "11:10", "to_location": "New York", "to_station": "Port Authority Station", "transfers": "0", "travelers": "3"}, {"fare": "38", "from_location": "Washington", "from_station": "Union Station", "leaving_date": "2019-03-02", "leaving_time": "12:00", "to_location": "New York", "to_station": "Port Authority Station", "transfers": "0", "travelers": "3"}, {"fare": "34", "from_location": "Washington", "from_station": "Union Station", "leaving_date": "2019-03-02", "leaving_time": "12:30", "to_location": "New York", "to_station": "Port Authority Station", "transfers": "0", "travelers": "3"}, {"fare": "32", "from_location": "Washington", "from_station": "Union Station", "leaving_date": "2019-03-02", "leaving_time": "13:40", "to_location": "New York", "to_station": "Port Authority Station", "transfers": "0", "travelers": "3"}, {"fare": "33", "from_location": "Washington", "from_station": "Union Station", "leaving_date": "2019-03-02", "leaving_time": "14:00", "to_location": "New York", "to_station": "Port Authority Station", "transfers": "0", "travelers": "3"}, {"fare": "35", "from_location": "Washington", "from_station": "Union Station", "leaving_date": "2019-03-02", "leaving_time": "19:30", "to_location": "New York", "to_station": "Port Authority Station", "transfers": "0", "travelers": "3"}], "slots": [{"exclusive_end": 65, "slot": "leaving_time", "start": 58}, {"exclusive_end": 114, "slot": "fare", "start": 111}]}], "speaker": "SYSTEM", "utterance": "There are 8 buses that match your criteria. One leaves at 8:10 am and has 0 transfers. The cost of a ticket is $32."}, {"frames": [{"actions": [{"act": "REQUEST", "canonical_values": [], "slot": "from_station", "values": []}], "service": "Buses_1", "slots": [], "state": {"active_intent": "FindBus", "requested_slots": ["from_station"], "slot_values": {"from_location": ["Washington"], "leaving_date": ["2nd of March"], "to_location": ["NYC", "New York"], "travelers": ["3"]}}}], "speaker": "USER", "utterance": "What is the mane of the station I'll depart from?"}, {"frames": [{"actions": [{"act": "INFORM", "canonical_values": ["Union Station"], "slot": "from_station", "values": ["Union Station"]}], "service": "Buses_1", "slots": [{"exclusive_end": 33, "slot": "from_station", "start": 20}]}], "speaker": "SYSTEM", "utterance": "The bus leaves from Union Station."}, {"frames": [{"actions": [{"act": "REQUEST", "canonical_values": [], "slot": "to_station", "values": []}], "service": "Buses_1", "slots": [], "state": {"active_intent": "FindBus", "requested_slots": ["to_station"], "slot_values": {"from_location": ["Washington"], "leaving_date": ["2nd of March"], "to_location": ["NYC", "New York"], "travelers": ["3"]}}}], "speaker": "USER", "utterance": "What is the destination station called?"}, {"frames": [{"actions": [{"act": "INFORM", "canonical_values": ["Port Authority Station"], "slot": "to_station", "values": ["Port Authority Station"]}], "service": "Buses_1", "slots": [{"exclusive_end": 34, "slot": "to_station", "start": 12}]}], "speaker": "SYSTEM", "utterance": "It's called Port Authority Station"}, {"frames": [{"actions": [{"act": "REQUEST_ALTS", "canonical_values": [], "slot": "", "values": []}], "service": "Buses_1", "slots": [], "state": {"active_intent": "FindBus", "requested_slots": [], "slot_values": {"from_location": ["Washington"], "leaving_date": ["2nd of March"], "to_location": ["NYC", "New York"], "travelers": ["3"]}}}], "speaker": "USER", "utterance": "Can you find me any other buses?"}, {"frames": [{"actions": [{"act": "OFFER", "canonical_values": ["08:20"], "slot": "leaving_time", "values": ["8:20 am"]}, {"act": "OFFER", "canonical_values": ["34"], "slot": "fare", "values": ["$34"]}, {"act": "OFFER", "canonical_values": ["0"], "slot": "transfers", "values": ["0"]}], "service": "Buses_1", "slots": [{"exclusive_end": 33, "slot": "leaving_time", "start": 26}, {"exclusive_end": 68, "slot": "fare", "start": 65}]}], "speaker": "SYSTEM", "utterance": "There is a bus leaving at 8:20 am that has 0 transfers and costs $34."}, {"frames": [{"actions": [{"act": "INFORM_INTENT", "canonical_values": ["BuyBusTicket"], "slot": "intent", "values": ["BuyBusTicket"]}, {"act": "SELECT", "canonical_values": [], "slot": "", "values": []}], "service": "Buses_1", "slots": [], "state": {"active_intent": "BuyBusTicket", "requested_slots": [], "slot_values": {"from_location": ["Washington"], "leaving_date": ["2nd of March"], "leaving_time": ["8:20 am"], "to_location": ["NYC", "New York"], "travelers": ["3"]}}}], "speaker": "USER", "utterance": "I like this bus better. Please go ahead and buy tickets."}, {"frames": [{"actions": [{"act": "CONFIRM", "canonical_values": ["Washington"], "slot": "from_location", "values": ["Washington"]}, {"act": "CONFIRM", "canonical_values": ["New York"], "slot": "to_location", "values": ["New York"]}, {"act": "CONFIRM", "canonical_values": ["2019-03-02"], "slot": "leaving_date", "values": ["March 2nd"]}, {"act": "CONFIRM", "canonical_values": ["08:20"], "slot": "leaving_time", "values": ["8:20 am"]}, {"act": "CONFIRM", "canonical_values": ["3"], "slot": "travelers", "values": ["3"]}], "service": "Buses_1", "slots": [{"exclusive_end": 96, "slot": "from_location", "start": 86}, {"exclusive_end": 108, "slot": "to_location", "start": 100}, {"exclusive_end": 80, "slot": "leaving_date", "start": 71}, {"exclusive_end": 67, "slot": "leaving_time", "start": 60}]}], "speaker": "SYSTEM", "utterance": "Okay no problem. So that's 3 tickets for the bus leaving at 8:20 am on March 2nd from Washington to New York."}, {"frames": [{"actions": [{"act": "AFFIRM", "canonical_values": [], "slot": "", "values": []}], "service": "Buses_1", "slots": [], "state": {"active_intent": "BuyBusTicket", "requested_slots": [], "slot_values": {"from_location": ["Washington"], "leaving_date": ["2nd of March", "March 2nd"], "leaving_time": ["8:20 am"], "to_location": ["NYC", "New York"], "travelers": ["3"]}}}], "speaker": "USER", "utterance": "Yes that's correct."}, {"frames": [{"actions": [{"act": "NOTIFY_SUCCESS", "canonical_values": [], "slot": "", "values": []}], "service": "Buses_1", "service_call": {"method": "BuyBusTicket", "parameters": {"from_location": "Washington", "leaving_date": "2019-03-02", "leaving_time": "08:20", "to_location": "New York", "travelers": "3"}}, "service_results": [{"fare": "34", "from_location": "Washington", "from_station": "Union Station", "leaving_date": "2019-03-02", "leaving_time": "08:20", "to_location": "New York", "to_station": "Port Authority Station", "transfers": "0", "travelers": "3"}], "slots": []}], "speaker": "SYSTEM", "utterance": "Your tickets have been confirmed."}, {"frames": [{"actions": [{"act": "THANK_YOU", "canonical_values": [], "slot": "", "values": []}, {"act": "GOODBYE", "canonical_values": [], "slot": "", "values": []}], "service": "Buses_1", "slots": [], "state": {"active_intent": "BuyBusTicket", "requested_slots": [], "slot_values": {"from_location": ["Washington"], "leaving_date": ["2nd of March", "March 2nd"], "leaving_time": ["8:20 am"], "to_location": ["NYC", "New York"], "travelers": ["3"]}}}], "speaker": "USER", "utterance": "Thanks for your help. That's all for now."}, {"frames": [{"actions": [{"act": "GOODBYE", "canonical_values": [], "slot": "", "values": []}], "service": "Buses_1", "slots": []}], "speaker": "SYSTEM", "utterance": "Enjoy your day."}]}, {"dialogue_id": "19_00002", "services": ["Events_1", "Buses_1"], "turns": [{"frames": [{"actions": [{"act": "INFORM_INTENT", "canonical_values": ["BuyEventTickets"], "slot": "intent", "values": ["BuyEventTickets"]}], "service": "Events_1", "slots": [], "state": {"active_intent": "BuyEventTickets", "requested_slots": [], "slot_values": {}}}], "speaker": "USER", "utterance": "I'd like to get tickets to an event."}, {"frames": [{"actions": [{"act": "REQUEST", "canonical_values": [], "slot": "city_of_event", "values": []}], "service": "Events_1", "slots": []}], "speaker": "SYSTEM", "utterance": "In what city?"}, {"frames": [{"actions": [{"act": "INFORM", "canonical_values": ["Long Beach"], "slot": "city_of_event", "values": ["Long Beach, CA"]}], "service": "Events_1", "slots": [{"exclusive_end": 22, "slot": "city_of_event", "start": 8}], "state": {"active_intent": "BuyEventTickets", "requested_slots": [], "slot_values": {"city_of_event": ["Long Beach, CA"]}}}], "speaker": "USER", "utterance": "It's in Long Beach, CA."}, {"frames": [{"actions": [{"act": "REQUEST", "canonical_values": [], "slot": "date", "values": []}, {"act": "REQUEST", "canonical_values": [], "slot": "event_name", "values": []}], "service": "Events_1", "slots": []}], "speaker": "SYSTEM", "utterance": "Do you have an event and date in mind?"}, {"frames": [{"actions": [{"act": "INFORM", "canonical_values": ["2019-03-03"], "slot": "date", "values": ["3rd of March"]}, {"act": "INFORM", "canonical_values": ["Long Beach Jazz Festival"], "slot": "event_name", "values": ["Long Beach Jazz Festival"]}], "service": "Events_1", "slots": [{"exclusive_end": 57, "slot": "date", "start": 45}, {"exclusive_end": 37, "slot": "event_name", "start": 13}], "state": {"active_intent": "BuyEventTickets", "requested_slots": [], "slot_values": {"city_of_event": ["Long Beach, CA"], "date": ["3rd of March"], "event_name": ["Long Beach Jazz Festival"]}}}], "speaker": "USER", "utterance": "Yes it's the Long Beach Jazz Festival on the 3rd of March."}, {"frames": [{"actions": [{"act": "REQUEST", "canonical_values": [], "slot": "number_of_seats", "values": []}], "service": "Events_1", "slots": []}], "speaker": "SYSTEM", "utterance": "How many tickets do you want."}, {"frames": [{"actions": [{"act": "INFORM", "canonical_values": ["1"], "slot": "number_of_seats", "values": ["1"]}], "service": "Events_1", "slots": [], "state": {"active_intent": "BuyEventTickets", "requested_slots": [], "slot_values": {"city_of_event": ["Long Beach, CA"], "date": ["3rd of March"], "event_name": ["Long Beach Jazz Festival"], "number_of_seats": ["1"]}}}], "speaker": "USER", "utterance": "Just one ticket."}, {"frames": [{"actions": [{"act": "CONFIRM", "canonical_values": ["Long Beach Jazz Festival"], "slot": "event_name", "values": ["Long Beach Jazz Festival"]}, {"act": "CONFIRM", "canonical_values": ["1"], "slot": "number_of_seats", "values": ["1"]}, {"act": "CONFIRM", "canonical_values": ["2019-03-03"], "slot": "date", "values": ["March 3rd"]}, {"act": "CONFIRM", "canonical_values": ["Long Beach"], "slot": "city_of_event", "values": ["Long Beach"]}], "service": "Events_1", "slots": [{"exclusive_end": 71, "slot": "event_name", "start": 47}, {"exclusive_end": 111, "slot": "date", "start": 102}, {"exclusive_end": 98, "slot": "city_of_event", "start": 88}]}], "speaker": "SYSTEM", "utterance": "You would like me to purchase 1 ticket for the Long Beach Jazz Festival taking place in Long Beach on March 3rd. Is that correct?"}, {"frames": [{"actions": [{"act": "AFFIRM", "canonical_values": [], "slot": "", "values": []}], "service": "Events_1", "slots": [], "state": {"active_intent": "BuyEventTickets", "requested_slots": [], "slot_values": {"city_of_event": ["Long Beach", "Long Beach, CA"], "date": ["3rd of March", "March 3rd"], "event_name": ["Long Beach Jazz Festival"], "number_of_seats": ["1"]}}}], "speaker": "USER", "utterance": "Yes, you got it."}, {"frames": [{"actions": [{"act": "NOTIFY_SUCCESS", "canonical_values": [], "slot": "", "values": []}], "service": "Events_1", "service_call": {"method": "BuyEventTickets", "parameters": {"city_of_event": "Long Beach", "date": "2019-03-03", "event_name": "Long Beach Jazz Festival", "number_of_seats": "1"}}, "service_results": [{"address_of_location": "400 East Shoreline Drive", "city_of_event": "Long Beach", "date": "2019-03-03", "event_location": "Rainbow Lagoon Park", "event_name": "Long Beach Jazz Festival", "number_of_seats": "1", "time": "19:30"}], "slots": []}], "speaker": "SYSTEM", "utterance": "Your ticket has been confirmed."}, {"frames": [{"actions": [{"act": "REQUEST", "canonical_values": [], "slot": "event_location", "values": []}, {"act": "REQUEST", "canonical_values": [], "slot": "address_of_location", "values": []}], "service": "Events_1", "slots": [], "state": {"active_intent": "BuyEventTickets", "requested_slots": ["address_of_location", "event_location"], "slot_values": {"city_of_event": ["Long Beach", "Long Beach, CA"], "date": ["3rd of March", "March 3rd"], "event_name": ["Long Beach Jazz Festival"], "number_of_seats": ["1"]}}}], "speaker": "USER", "utterance": "What's the name and address of the place the Jazz Festival is at?"}, {"frames": [{"actions": [{"act": "INFORM", "canonical_values": ["400 East Shoreline Drive"], "slot": "address_of_location", "values": ["400 East Shoreline Drive"]}, {"act": "INFORM", "canonical_values": ["Rainbow Lagoon Park"], "slot": "event_location", "values": ["Rainbow Lagoon Park"]}], "service": "Events_1", "slots": [{"exclusive_end": 47, "slot": "address_of_location", "start": 23}, {"exclusive_end": 19, "slot": "event_location", "start": 0}]}], "speaker": "SYSTEM", "utterance": "Rainbow Lagoon Park at 400 East Shoreline Drive."}, {"frames": [{"actions": [{"act": "THANK_YOU", "canonical_values": [], "slot": "", "values": []}], "service": "Events_1", "slots": [], "state": {"active_intent": "BuyEventTickets", "requested_slots": [], "slot_values": {"city_of_event": ["Long Beach", "Long Beach, CA"], "date": ["3rd of March", "March 3rd"], "event_name": ["Long Beach Jazz Festival"], "number_of_seats": ["1"]}}}], "speaker": "USER", "utterance": "Thank you so much!"}, {"frames": [{"actions": [{"act": "REQ_MORE", "canonical_values": [], "slot": "", "values": []}], "service": "Events_1", "slots": []}], "speaker": "SYSTEM", "utterance": "Is there anything else I can do for you?"}, {"frames": [{"actions": [{"act": "INFORM_INTENT", "canonical_values": ["FindBus"], "slot": "intent", "values": ["FindBus"]}], "service": "Buses_1", "slots": [], "state": {"active_intent": "FindBus", "requested_slots": [], "slot_values": {"to_location": ["Long Beach", "Long Beach, CA"], "travelers": ["1"]}}}], "speaker": "USER", "utterance": "Can you find me a bus to go there?"}, {"frames": [{"actions": [{"act": "REQUEST", "canonical_values": ["2019-03-03"], "slot": "leaving_date", "values": ["March 3rd"]}], "service": "Buses_1", "slots": [{"exclusive_end": 31, "slot": "leaving_date", "start": 22}]}], "speaker": "SYSTEM", "utterance": "Did you want to leave March 3rd?"}, {"frames": [{"actions": [{"act": "INFORM", "canonical_values": ["Sacramento"], "slot": "from_location", "values": ["Sacramento"]}, {"act": "INFORM", "canonical_values": ["2019-03-02"], "slot": "leaving_date", "values": ["tomorrow"]}], "service": "Buses_1", "slots": [{"exclusive_end": 42, "slot": "from_location", "start": 32}, {"exclusive_end": 25, "slot": "leaving_date", "start": 17}], "state": {"active_intent": "FindBus", "requested_slots": [], "slot_values": {"from_location": ["Sacramento"], "leaving_date": ["tomorrow"], "to_location": ["Long Beach", "Long Beach, CA"], "travelers": ["1"]}}}], "speaker": "USER", "utterance": "No, I want to go tomorrow, from Sacramento."}, {"frames": [{"actions": [{"act": "OFFER", "canonical_values": ["07:40"], "slot": "leaving_time", "values": ["7:40 am"]}, {"act": "OFFER", "canonical_values": ["70"], "slot": "fare", "values": ["$70"]}, {"act": "OFFER", "canonical_values": ["1"], "slot": "transfers", "values": ["1"]}], "service": "Buses_1", "service_call": {"method": "FindBus", "parameters": {"from_location": "Sacramento", "leaving_date": "2019-03-02", "to_location": "Long Beach", "travelers": "1"}}, "service_results": [{"fare": "70", "from_location": "Sacramento", "from_station": "Sacramento Valley Station", "leaving_date": "2019-03-02", "leaving_time": "07:40", "to_location": "Long Beach", "to_station": "Downtown Station", "transfers": "1", "travelers": "1"}, {"fare": "66", "from_location": "Sacramento", "from_station": "Sacramento Valley Station", "leaving_date": "2019-03-02", "leaving_time": "08:30", "to_location": "Long Beach", "to_station": "Downtown Station", "transfers": "1", "travelers": "1"}, {"fare": "65", "from_location": "Sacramento", "from_station": "Sacramento Valley Station", "leaving_date": "2019-03-02", "leaving_time": "11:00", "to_location": "Long Beach", "to_station": "Downtown Station", "transfers": "1", "travelers": "1"}, {"fare": "67", "from_location": "Sacramento", "from_station": "Sacramento Valley Station", "leaving_date": "2019-03-02", "leaving_time": "13:00", "to_location": "Long Beach", "to_station": "Downtown Station", "transfers": "1", "travelers": "1"}, {"fare": "65", "from_location": "Sacramento", "from_station": "Sacramento Valley Station", "leaving_date": "2019-03-02", "leaving_time": "13:20", "to_location": "Long Beach", "to_station": "Downtown Station", "transfers": "1", "travelers": "1"}, {"fare": "66", "from_location": "Sacramento", "from_station": "Sacramento Valley Station", "leaving_date": "2019-03-02", "leaving_time": "13:30", "to_location": "Long Beach", "to_station": "Downtown Station", "transfers": "1", "travelers": "1"}, {"fare": "66", "from_location": "Sacramento", "from_station": "Sacramento Valley Station", "leaving_date": "2019-03-02", "leaving_time": "19:50", "to_location": "Long Beach", "to_station": "Downtown Station", "transfers": "1", "travelers": "1"}], "slots": [{"exclusive_end": 30, "slot": "leaving_time", "start": 23}, {"exclusive_end": 54, "slot": "fare", "start": 51}]}], "speaker": "SYSTEM", "utterance": "There's one leaving at 7:40 am with 1 transfer for $70."}, {"frames": [{"actions": [{"act": "REQUEST", "canonical_values": [], "slot": "to_station", "values": []}, {"act": "REQUEST", "canonical_values": [], "slot": "from_station", "values": []}], "service": "Buses_1", "slots": [], "state": {"active_intent": "FindBus", "requested_slots": ["from_station", "to_station"], "slot_values": {"from_location": ["Sacramento"], "leaving_date": ["tomorrow"], "to_location": ["Long Beach", "Long Beach, CA"], "travelers": ["1"]}}}], "speaker": "USER", "utterance": "Where does it leave from and arrive?"}, {"frames": [{"actions": [{"act": "INFORM", "canonical_values": ["Downtown Station"], "slot": "to_station", "values": ["Downtown Station"]}, {"act": "INFORM", "canonical_values": ["Sacramento Valley Station"], "slot": "from_station", "values": ["Sacramento Valley Station"]}], "service": "Buses_1", "slots": [{"exclusive_end": 77, "slot": "to_station", "start": 61}, {"exclusive_end": 42, "slot": "from_station", "start": 17}]}], "speaker": "SYSTEM", "utterance": "You'd leave from Sacramento Valley Station and arrive at the Downtown Station."}, {"frames": [{"actions": [{"act": "INFORM_INTENT", "canonical_values": ["BuyBusTicket"], "slot": "intent", "values": ["BuyBusTicket"]}, {"act": "SELECT", "canonical_values": [], "slot": "", "values": []}], "service": "Buses_1", "slots": [], "state": {"active_intent": "BuyBusTicket", "requested_slots": [], "slot_values": {"from_location": ["Sacramento"], "leaving_date": ["tomorrow"], "leaving_time": ["7:40 am"], "to_location": ["Long Beach", "Long Beach, CA"], "travelers": ["1"]}}}], "speaker": "USER", "utterance": "Sounds good. Can you make a reservation?"}, {"frames": [{"actions": [{"act": "CONFIRM", "canonical_values": ["Sacramento"], "slot": "from_location", "values": ["Sacramento"]}, {"act": "CONFIRM", "canonical_values": ["Long Beach"], "slot": "to_location", "values": ["Long Beach"]}, {"act": "CONFIRM", "canonical_values": ["2019-03-02"], "slot": "leaving_date", "values": ["March 2nd"]}, {"act": "CONFIRM", "canonical_values": ["07:40"], "slot": "leaving_time", "values": ["7:40 am"]}, {"act": "CONFIRM", "canonical_values": ["1"], "slot": "travelers", "values": ["1"]}], "service": "Buses_1", "slots": [{"exclusive_end": 61, "slot": "from_location", "start": 51}, {"exclusive_end": 75, "slot": "to_location", "start": 65}, {"exclusive_end": 107, "slot": "leaving_date", "start": 98}, {"exclusive_end": 94, "slot": "leaving_time", "start": 87}]}], "speaker": "SYSTEM", "utterance": "To verify: You would like 1 ticket on the bus from Sacramento to Long Beach leaving at 7:40 am on March 2nd."}, {"frames": [{"actions": [{"act": "AFFIRM", "canonical_values": [], "slot": "", "values": []}], "service": "Buses_1", "slots": [], "state": {"active_intent": "BuyBusTicket", "requested_slots": [], "slot_values": {"from_location": ["Sacramento"], "leaving_date": ["March 2nd", "tomorrow"], "leaving_time": ["7:40 am"], "to_location": ["Long Beach", "Long Beach, CA"], "travelers": ["1"]}}}], "speaker": "USER", "utterance": "Yes that's right."}, {"frames": [{"actions": [{"act": "NOTIFY_SUCCESS", "canonical_values": [], "slot": "", "values": []}], "service": "Buses_1", "service_call": {"method": "BuyBusTicket", "parameters": {"from_location": "Sacramento", "leaving_date": "2019-03-02", "leaving_time": "07:40", "to_location": "Long Beach", "travelers": "1"}}, "service_results": [{"fare": "70", "from_location": "Sacramento", "from_station": "Sacramento Valley Station", "leaving_date": "2019-03-02", "leaving_time": "07:40", "to_location": "Long Beach", "to_station": "Downtown Station", "transfers": "1", "travelers": "1"}], "slots": []}], "speaker": "SYSTEM", "utterance": "Your ticket is confirmed."}, {"frames": [{"actions": [{"act": "THANK_YOU", "canonical_values": [], "slot": "", "values": []}], "service": "Buses_1", "slots": [], "state": {"active_intent": "BuyBusTicket", "requested_slots": [], "slot_values": {"from_location": ["Sacramento"], "leaving_date": ["March 2nd", "tomorrow"], "leaving_time": ["7:40 am"], "to_location": ["Long Beach", "Long Beach, CA"], "travelers": ["1"]}}}], "speaker": "USER", "utterance": "Thank you so much."}, {"frames": [{"actions": [{"act": "REQ_MORE", "canonical_values": [], "slot": "", "values": []}], "service": "Buses_1", "slots": []}], "speaker": "SYSTEM", "utterance": "Is there anything else you need?"}, {"frames": [{"actions": [{"act": "NEGATE", "canonical_values": [], "slot": "", "values": []}, {"act": "THANK_YOU", "canonical_values": [], "slot": "", "values": []}], "service": "Buses_1", "slots": [], "state": {"active_intent": "NONE", "requested_slots": [], "slot_values": {"from_location": ["Sacramento"], "leaving_date": ["March 2nd", "tomorrow"], "leaving_time": ["7:40 am"], "to_location": ["Long Beach", "Long Beach, CA"], "travelers": ["1"]}}}], "speaker": "USER", "utterance": "Not now. Thanks again."}, {"frames": [{"actions": [{"act": "GOODBYE", "canonical_values": [], "slot": "", "values": []}], "service": "Buses_1", "slots": []}], "speaker": "SYSTEM", "utterance": "Have a wonderful day."}]}, {"dialogue_id": "19_00003", "services": ["Events_1", "Buses_1"], "turns": [{"frames": [{"actions": [{"act": "INFORM", "canonical_values": ["2019-03-04"], "slot": "date", "values": ["next Monday"]}, {"act": "INFORM", "canonical_values": ["3"], "slot": "number_of_seats", "values": ["3"]}, {"act": "INFORM_INTENT", "canonical_values": ["BuyEventTickets"], "slot": "intent", "values": ["BuyEventTickets"]}], "service": "Events_1", "slots": [{"exclusive_end": 40, "slot": "date", "start": 29}], "state": {"active_intent": "BuyEventTickets", "requested_slots": [], "slot_values": {"date": ["next Monday"], "number_of_seats": ["3"]}}}], "speaker": "USER", "utterance": "3 of us need something to do next Monday."}, {"frames": [{"actions": [{"act": "REQUEST", "canonical_values": [], "slot": "city_of_event", "values": []}], "service": "Events_1", "slots": []}], "speaker": "SYSTEM", "utterance": "Where are you guys going to be?"}, {"frames": [{"actions": [{"act": "INFORM", "canonical_values": ["New York"], "slot": "city_of_event", "values": ["NY"]}], "service": "Events_1", "slots": [{"exclusive_end": 14, "slot": "city_of_event", "start": 12}], "state": {"active_intent": "BuyEventTickets", "requested_slots": [], "slot_values": {"city_of_event": ["NY"], "date": ["next Monday"], "number_of_seats": ["3"]}}}], "speaker": "USER", "utterance": "We'll be in NY."}, {"frames": [{"actions": [{"act": "REQUEST", "canonical_values": [], "slot": "event_name", "values": []}], "service": "Events_1", "slots": []}], "speaker": "SYSTEM", "utterance": "What do you have in mind?"}, {"frames": [{"actions": [{"act": "INFORM", "canonical_values": ["Laura Osnes"], "slot": "event_name", "values": ["Laura Osnes"]}], "service": "Events_1", "slots": [{"exclusive_end": 21, "slot": "event_name", "start": 10}], "state": {"active_intent": "BuyEventTickets", "requested_slots": [], "slot_values": {"city_of_event": ["NY"], "date": ["next Monday"], "event_name": ["Laura Osnes"], "number_of_seats": ["3"]}}}], "speaker": "USER", "utterance": "How about Laura Osnes."}, {"frames": [{"actions": [{"act": "CONFIRM", "canonical_values": ["Laura Osnes"], "slot": "event_name", "values": ["Laura Osnes"]}, {"act": "CONFIRM", "canonical_values": ["3"], "slot": "number_of_seats", "values": ["3"]}, {"act": "CONFIRM", "canonical_values": ["2019-03-04"], "slot": "date", "values": ["March 4th"]}, {"act": "CONFIRM", "canonical_values": ["New York"], "slot": "city_of_event", "values": ["New York"]}], "service": "Events_1", "slots": [{"exclusive_end": 28, "slot": "event_name", "start": 17}, {"exclusive_end": 53, "slot": "date", "start": 44}, {"exclusive_end": 40, "slot": "city_of_event", "start": 32}]}], "speaker": "SYSTEM", "utterance": "3 tickets to see Laura Osnes in New York on March 4th?"}, {"frames": [{"actions": [{"act": "REQUEST", "canonical_values": [], "slot": "event_location", "values": []}, {"act": "REQUEST", "canonical_values": [], "slot": "time", "values": []}, {"act": "AFFIRM", "canonical_values": [], "slot": "", "values": []}], "service": "Events_1", "slots": [], "state": {"active_intent": "BuyEventTickets", "requested_slots": ["event_location", "time"], "slot_values": {"city_of_event": ["NY", "New York"], "date": ["March 4th", "next Monday"], "event_name": ["Laura Osnes"], "number_of_seats": ["3"]}}}], "speaker": "USER", "utterance": "Yes. Where is she performing? And at what time?"}, {"frames": [{"actions": [{"act": "INFORM", "canonical_values": ["18:30"], "slot": "time", "values": ["6:30 pm"]}, {"act": "INFORM", "canonical_values": ["Sony Hall"], "slot": "event_location", "values": ["Sony Hall"]}, {"act": "NOTIFY_SUCCESS", "canonical_values": [], "slot": "", "values": []}], "service": "Events_1", "service_call": {"method": "BuyEventTickets", "parameters": {"city_of_event": "New York", "date": "2019-03-04", "event_name": "Laura Osnes", "number_of_seats": "3"}}, "service_results": [{"address_of_location": "235 West 46th Street", "city_of_event": "New York", "date": "2019-03-04", "event_location": "Sony Hall", "event_name": "Laura Osnes", "number_of_seats": "3", "time": "18:30"}], "slots": [{"exclusive_end": 7, "slot": "time", "start": 0}, {"exclusive_end": 20, "slot": "event_location", "start": 11}]}], "speaker": "SYSTEM", "utterance": "6:30 pm at Sony Hall. Your seats are reserved."}, {"frames": [{"actions": [{"act": "THANK_YOU", "canonical_values": [], "slot": "", "values": []}], "service": "Events_1", "slots": [], "state": {"active_intent": "BuyEventTickets", "requested_slots": [], "slot_values": {"city_of_event": ["NY", "New York"], "date": ["March 4th", "next Monday"], "event_name": ["Laura Osnes"], "number_of_seats": ["3"]}}}, {"actions": [{"act": "INFORM_INTENT", "canonical_values": ["FindBus"], "slot": "intent", "values": ["FindBus"]}], "service": "Buses_1", "slots": [], "state": {"active_intent": "FindBus", "requested_slots": [], "slot_values": {"to_location": ["NY", "New York"], "travelers": ["3"]}}}], "speaker": "USER", "utterance": "Nice. I think we need to get a bus there."}, {"frames": [{"actions": [{"act": "REQUEST", "canonical_values": [], "slot": "from_location", "values": []}], "service": "Buses_1", "slots": []}], "speaker": "SYSTEM", "utterance": "From where are you leaving?"}, {"frames": [{"actions": [{"act": "INFORM", "canonical_values": ["Philadelphia"], "slot": "from_location", "values": ["Philadelphia"]}], "service": "Buses_1", "slots": [{"exclusive_end": 33, "slot": "from_location", "start": 21}], "state": {"active_intent": "FindBus", "requested_slots": [], "slot_values": {"from_location": ["Philadelphia"], "to_location": ["NY", "New York"], "travelers": ["3"]}}}], "speaker": "USER", "utterance": "I'm cutting out from Philadelphia."}, {"frames": [{"actions": [{"act": "REQUEST", "canonical_values": ["2019-03-04"], "slot": "leaving_date", "values": ["March 4th"]}], "service": "Buses_1", "slots": [{"exclusive_end": 12, "slot": "leaving_date", "start": 3}]}], "speaker": "SYSTEM", "utterance": "On March 4th?"}, {"frames": [{"actions": [{"act": "INFORM", "canonical_values": ["2019-03-03"], "slot": "leaving_date", "values": ["day after tomorrow"]}], "service": "Buses_1", "slots": [{"exclusive_end": 25, "slot": "leaving_date", "start": 7}], "state": {"active_intent": "FindBus", "requested_slots": [], "slot_values": {"from_location": ["Philadelphia"], "leaving_date": ["day after tomorrow"], "to_location": ["NY", "New York"], "travelers": ["3"]}}}], "speaker": "USER", "utterance": "On the day after tomorrow."}, {"frames": [{"actions": [{"act": "OFFER", "canonical_values": ["08:30"], "slot": "leaving_time", "values": ["8:30 am"]}, {"act": "OFFER", "canonical_values": ["21"], "slot": "fare", "values": ["$21"]}, {"act": "OFFER", "canonical_values": ["0"], "slot": "transfers", "values": ["0"]}], "service": "Buses_1", "service_call": {"method": "FindBus", "parameters": {"from_location": "Philadelphia", "leaving_date": "2019-03-03", "to_location": "New York", "travelers": "3"}}, "service_results": [{"fare": "21", "from_location": "Philadelphia", "from_station": "Intercity Terminal", "leaving_date": "2019-03-03", "leaving_time": "08:30", "to_location": "New York", "to_station": "Port Authority Station", "transfers": "0", "travelers": "3"}, {"fare": "22", "from_location": "Philadelphia", "from_station": "Intercity Terminal", "leaving_date": "2019-03-03", "leaving_time": "09:50", "to_location": "New York", "to_station": "Port Authority Station", "transfers": "0", "travelers": "3"}, {"fare": "23", "from_location": "Philadelphia", "from_station": "Intercity Terminal", "leaving_date": "2019-03-03", "leaving_time": "10:10", "to_location": "New York", "to_station": "Port Authority Station", "transfers": "0", "travelers": "3"}, {"fare": "23", "from_location": "Philadelphia", "from_station": "Intercity Terminal", "leaving_date": "2019-03-03", "leaving_time": "10:20", "to_location": "New York", "to_station": "Port Authority Station", "transfers": "0", "travelers": "3"}, {"fare": "25", "from_location": "Philadelphia", "from_station": "Intercity Terminal", "leaving_date": "2019-03-03", "leaving_time": "11:50", "to_location": "New York", "to_station": "Port Authority Station", "transfers": "0", "travelers": "3"}, {"fare": "24", "from_location": "Philadelphia", "from_station": "Intercity Terminal", "leaving_date": "2019-03-03", "leaving_time": "14:00", "to_location": "New York", "to_station": "Port Authority Station", "transfers": "0", "travelers": "3"}, {"fare": "25", "from_location": "Philadelphia", "from_station": "Intercity Terminal", "leaving_date": "2019-03-03", "leaving_time": "16:10", "to_location": "New York", "to_station": "Port Authority Station", "transfers": "0", "travelers": "3"}, {"fare": "21", "from_location": "Philadelphia", "from_station": "Intercity Terminal", "leaving_date": "2019-03-03", "leaving_time": "17:30", "to_location": "New York", "to_station": "Port Authority Station", "transfers": "0", "travelers": "3"}], "slots": [{"exclusive_end": 17, "slot": "leaving_time", "start": 10}, {"exclusive_end": 46, "slot": "fare", "start": 43}]}], "speaker": "SYSTEM", "utterance": "I have an 8:30 am bus with 0 transfers for $21."}, {"frames": [{"actions": [{"act": "REQUEST", "canonical_values": [], "slot": "to_station", "values": []}, {"act": "REQUEST", "canonical_values": [], "slot": "from_station", "values": []}], "service": "Buses_1", "slots": [], "state": {"active_intent": "FindBus", "requested_slots": ["from_station", "to_station"], "slot_values": {"from_location": ["Philadelphia"], "leaving_date": ["day after tomorrow"], "to_location": ["NY", "New York"], "travelers": ["3"]}}}], "speaker": "USER", "utterance": "What stations does it use?"}, {"frames": [{"actions": [{"act": "INFORM", "canonical_values": ["Port Authority Station"], "slot": "to_station", "values": ["Port Authority Station"]}, {"act": "INFORM", "canonical_values": ["Intercity Terminal"], "slot": "from_station", "values": ["Intercity Terminal"]}], "service": "Buses_1", "slots": [{"exclusive_end": 61, "slot": "to_station", "start": 39}, {"exclusive_end": 31, "slot": "from_station", "start": 13}]}], "speaker": "SYSTEM", "utterance": "It goes from Intercity Terminal to the Port Authority Station."}, {"frames": [{"actions": [{"act": "INFORM", "canonical_values": ["Washington"], "slot": "from_location", "values": ["Washington"]}, {"act": "REQUEST_ALTS", "canonical_values": [], "slot": "", "values": []}], "service": "Buses_1", "slots": [{"exclusive_end": 31, "slot": "from_location", "start": 21}], "state": {"active_intent": "FindBus", "requested_slots": [], "slot_values": {"from_location": ["Washington"], "leaving_date": ["day after tomorrow"], "to_location": ["NY", "New York"], "travelers": ["3"]}}}], "speaker": "USER", "utterance": "How about a bus from Washington."}, {"frames": [{"actions": [{"act": "OFFER", "canonical_values": ["08:10"], "slot": "leaving_time", "values": ["8:10 am"]}, {"act": "OFFER", "canonical_values": ["37"], "slot": "fare", "values": ["$37"]}, {"act": "OFFER", "canonical_values": ["0"], "slot": "transfers", "values": ["0"]}], "service": "Buses_1", "service_call": {"method": "FindBus", "parameters": {"from_location": "Washington", "leaving_date": "2019-03-03", "to_location": "New York", "travelers": "3"}}, "service_results": [{"fare": "37", "from_location": "Washington", "from_station": "Union Station", "leaving_date": "2019-03-03", "leaving_time": "08:10", "to_location": "New York", "to_station": "Port Authority Station", "transfers": "0", "travelers": "3"}, {"fare": "31", "from_location": "Washington", "from_station": "Union Station", "leaving_date": "2019-03-03", "leaving_time": "08:20", "to_location": "New York", "to_station": "Port Authority Station", "transfers": "0", "travelers": "3"}, {"fare": "35", "from_location": "Washington", "from_station": "Union Station", "leaving_date": "2019-03-03", "leaving_time": "11:10", "to_location": "New York", "to_station": "Port Authority Station", "transfers": "0", "travelers": "3"}, {"fare": "36", "from_location": "Washington", "from_station": "Union Station", "leaving_date": "2019-03-03", "leaving_time": "12:00", "to_location": "New York", "to_station": "Port Authority Station", "transfers": "0", "travelers": "3"}, {"fare": "36", "from_location": "Washington", "from_station": "Union Station", "leaving_date": "2019-03-03", "leaving_time": "12:30", "to_location": "New York", "to_station": "Port Authority Station", "transfers": "0", "travelers": "3"}, {"fare": "41", "from_location": "Washington", "from_station": "Union Station", "leaving_date": "2019-03-03", "leaving_time": "13:40", "to_location": "New York", "to_station": "Port Authority Station", "transfers": "0", "travelers": "3"}, {"fare": "33", "from_location": "Washington", "from_station": "Union Station", "leaving_date": "2019-03-03", "leaving_time": "14:00", "to_location": "New York", "to_station": "Port Authority Station", "transfers": "0", "travelers": "3"}, {"fare": "35", "from_location": "Washington", "from_station": "Union Station", "leaving_date": "2019-03-03", "leaving_time": "19:30", "to_location": "New York", "to_station": "Port Authority Station", "transfers": "0", "travelers": "3"}], "slots": [{"exclusive_end": 18, "slot": "leaving_time", "start": 11}, {"exclusive_end": 43, "slot": "fare", "start": 40}]}], "speaker": "SYSTEM", "utterance": "There's an 8:10 am with 0 transfers for $37."}, {"frames": [{"actions": [{"act": "INFORM_INTENT", "canonical_values": ["BuyBusTicket"], "slot": "intent", "values": ["BuyBusTicket"]}, {"act": "SELECT", "canonical_values": [], "slot": "", "values": []}], "service": "Buses_1", "slots": [], "state": {"active_intent": "BuyBusTicket", "requested_slots": [], "slot_values": {"from_location": ["Washington"], "leaving_date": ["day after tomorrow"], "leaving_time": ["8:10 am"], "to_location": ["NY", "New York"], "travelers": ["3"]}}}], "speaker": "USER", "utterance": "Bingo. Grab that one."}, {"frames": [{"actions": [{"act": "CONFIRM", "canonical_values": ["Washington"], "slot": "from_location", "values": ["Washington"]}, {"act": "CONFIRM", "canonical_values": ["New York"], "slot": "to_location", "values": ["New York"]}, {"act": "CONFIRM", "canonical_values": ["2019-03-03"], "slot": "leaving_date", "values": ["March 3rd"]}, {"act": "CONFIRM", "canonical_values": ["08:10"], "slot": "leaving_time", "values": ["8:10 am"]}, {"act": "CONFIRM", "canonical_values": ["3"], "slot": "travelers", "values": ["3"]}], "service": "Buses_1", "slots": [{"exclusive_end": 31, "slot": "from_location", "start": 21}, {"exclusive_end": 43, "slot": "to_location", "start": 35}, {"exclusive_end": 60, "slot": "leaving_date", "start": 51}, {"exclusive_end": 20, "slot": "leaving_time", "start": 13}]}], "speaker": "SYSTEM", "utterance": "3 seats on a 8:10 am Washington to New York bus on March 3rd?"}, {"frames": [{"actions": [{"act": "REQUEST", "canonical_values": [], "slot": "from_station", "values": []}, {"act": "REQUEST", "canonical_values": [], "slot": "to_station", "values": []}, {"act": "AFFIRM", "canonical_values": [], "slot": "", "values": []}], "service": "Buses_1", "slots": [], "state": {"active_intent": "BuyBusTicket", "requested_slots": ["from_station", "to_station"], "slot_values": {"from_location": ["Washington"], "leaving_date": ["March 3rd", "day after tomorrow"], "leaving_time": ["8:10 am"], "to_location": ["NY", "New York"], "travelers": ["3"]}}}], "speaker": "USER", "utterance": "Yes, that's it. Give me the stations."}, {"frames": [{"actions": [{"act": "INFORM", "canonical_values": ["Port Authority Station"], "slot": "to_station", "values": ["Port Authority Station"]}, {"act": "INFORM", "canonical_values": ["Union Station"], "slot": "from_station", "values": ["Union Station"]}, {"act": "NOTIFY_SUCCESS", "canonical_values": [], "slot": "", "values": []}], "service": "Buses_1", "service_call": {"method": "BuyBusTicket", "parameters": {"from_location": "Washington", "leaving_date": "2019-03-03", "leaving_time": "08:10", "to_location": "New York", "travelers": "3"}}, "service_results": [{"fare": "37", "from_location": "Washington", "from_station": "Union Station", "leaving_date": "2019-03-03", "leaving_time": "08:10", "to_location": "New York", "to_station": "Port Authority Station", "transfers": "0", "travelers": "3"}], "slots": [{"exclusive_end": 56, "slot": "to_station", "start": 34}, {"exclusive_end": 26, "slot": "from_station", "start": 13}]}], "speaker": "SYSTEM", "utterance": "It goes from Union Station to the Port Authority Station. You have your seats."}, {"frames": [{"actions": [{"act": "THANK_YOU", "canonical_values": [], "slot": "", "values": []}], "service": "Buses_1", "slots": [], "state": {"active_intent": "BuyBusTicket", "requested_slots": [], "slot_values": {"from_location": ["Washington"], "leaving_date": ["March 3rd", "day after tomorrow"], "leaving_time": ["8:10 am"], "to_location": ["NY", "New York"], "travelers": ["3"]}}}], "speaker": "USER", "utterance": "Excellent. Good job."}, {"frames": [{"actions": [{"act": "REQ_MORE", "canonical_values": [], "slot": "", "values": []}], "service": "Buses_1", "slots": []}], "speaker": "SYSTEM", "utterance": "What else do you have for me."}, {"frames": [{"actions": [{"act": "NEGATE", "canonical_values": [], "slot": "", "values": []}, {"act": "THANK_YOU", "canonical_values": [], "slot": "", "values": []}], "service": "Buses_1", "slots": [], "state": {"active_intent": "NONE", "requested_slots": [], "slot_values": {"from_location": ["Washington"], "leaving_date": ["March 3rd", "day after tomorrow"], "leaving_time": ["8:10 am"], "to_location": ["NY", "New York"], "travelers": ["3"]}}}], "speaker": "USER", "utterance": "Nothing. Chill out."}, {"frames": [{"actions": [{"act": "GOODBYE", "canonical_values": [], "slot": "", "values": []}], "service": "Buses_1", "slots": []}], "speaker": "SYSTEM", "utterance": "I'm chilling. Thanks."}]}, {"dialogue_id": "19_00004", "services": ["Events_1", "Buses_1"], "turns": [{"frames": [{"actions": [{"act": "INFORM_INTENT", "canonical_values": ["BuyEventTickets"], "slot": "intent", "values": ["BuyEventTickets"]}], "service": "Events_1", "slots": [], "state": {"active_intent": "BuyEventTickets", "requested_slots": [], "slot_values": {}}}], "speaker": "USER", "utterance": "I want to buy event tickets for something please."}, {"frames": [{"actions": [{"act": "REQUEST", "canonical_values": [], "slot": "date", "values": []}], "service": "Events_1", "slots": []}], "speaker": "SYSTEM", "utterance": "On what date please?"}, {"frames": [{"actions": [{"act": "INFORM", "canonical_values": ["2019-03-10"], "slot": "date", "values": ["10th of March"]}, {"act": "INFORM", "canonical_values": ["Seattle"], "slot": "city_of_event", "values": ["Seattle, WA"]}], "service": "Events_1", "slots": [{"exclusive_end": 30, "slot": "date", "start": 17}, {"exclusive_end": 45, "slot": "city_of_event", "start": 34}], "state": {"active_intent": "BuyEventTickets", "requested_slots": [], "slot_values": {"city_of_event": ["Seattle, WA"], "date": ["10th of March"]}}}], "speaker": "USER", "utterance": "Something on the 10th of March in Seattle, WA."}, {"frames": [{"actions": [{"act": "REQUEST", "canonical_values": [], "slot": "number_of_seats", "values": []}, {"act": "REQUEST", "canonical_values": [], "slot": "event_name", "values": []}], "service": "Events_1", "slots": []}], "speaker": "SYSTEM", "utterance": "For how many people and what event in particular?"}, {"frames": [{"actions": [{"act": "INFORM", "canonical_values": ["Huskies Vs Warriors"], "slot": "event_name", "values": ["Huskies Vs Warriors"]}, {"act": "INFORM", "canonical_values": ["2"], "slot": "number_of_seats", "values": ["2"]}], "service": "Events_1", "slots": [{"exclusive_end": 42, "slot": "event_name", "start": 23}], "state": {"active_intent": "BuyEventTickets", "requested_slots": [], "slot_values": {"city_of_event": ["Seattle, WA"], "date": ["10th of March"], "event_name": ["Huskies Vs Warriors"], "number_of_seats": ["2"]}}}], "speaker": "USER", "utterance": "I want two tickets for Huskies Vs Warriors."}, {"frames": [{"actions": [{"act": "CONFIRM", "canonical_values": ["Huskies Vs Warriors"], "slot": "event_name", "values": ["Huskies Vs Warriors"]}, {"act": "CONFIRM", "canonical_values": ["2"], "slot": "number_of_seats", "values": ["2"]}, {"act": "CONFIRM", "canonical_values": ["2019-03-10"], "slot": "date", "values": ["March 10th"]}, {"act": "CONFIRM", "canonical_values": ["Seattle"], "slot": "city_of_event", "values": ["Seattle"]}], "service": "Events_1", "slots": [{"exclusive_end": 46, "slot": "event_name", "start": 27}, {"exclusive_end": 77, "slot": "date", "start": 67}, {"exclusive_end": 63, "slot": "city_of_event", "start": 56}]}], "speaker": "SYSTEM", "utterance": "Confirming 2 seats for the Huskies Vs Warriors event in Seattle on March 10th."}, {"frames": [{"actions": [{"act": "AFFIRM", "canonical_values": [], "slot": "", "values": []}], "service": "Events_1", "slots": [], "state": {"active_intent": "BuyEventTickets", "requested_slots": [], "slot_values": {"city_of_event": ["Seattle", "Seattle, WA"], "date": ["10th of March", "March 10th"], "event_name": ["Huskies Vs Warriors"], "number_of_seats": ["2"]}}}], "speaker": "USER", "utterance": "Thank you, that's great."}, {"frames": [{"actions": [{"act": "NOTIFY_SUCCESS", "canonical_values": [], "slot": "", "values": []}], "service": "Events_1", "service_call": {"method": "BuyEventTickets", "parameters": {"city_of_event": "Seattle", "date": "2019-03-10", "event_name": "Huskies Vs Warriors", "number_of_seats": "2"}}, "service_results": [{"address_of_location": "3800 Montlake Boulevard Northeast", "city_of_event": "Seattle", "date": "2019-03-10", "event_location": "Husky Stadium", "event_name": "Huskies Vs Warriors", "number_of_seats": "2", "time": "20:30"}], "slots": []}], "speaker": "SYSTEM", "utterance": "The tickets have been purchased."}, {"frames": [{"actions": [{"act": "THANK_YOU", "canonical_values": [], "slot": "", "values": []}], "service": "Events_1", "slots": [], "state": {"active_intent": "BuyEventTickets", "requested_slots": [], "slot_values": {"city_of_event": ["Seattle", "Seattle, WA"], "date": ["10th of March", "March 10th"], "event_name": ["Huskies Vs Warriors"], "number_of_seats": ["2"]}}}, {"actions": [{"act": "INFORM_INTENT", "canonical_values": ["FindBus"], "slot": "intent", "values": ["FindBus"]}], "service": "Buses_1", "slots": [], "state": {"active_intent": "FindBus", "requested_slots": [], "slot_values": {"to_location": ["Seattle", "Seattle, WA"], "travelers": ["2"]}}}], "speaker": "USER", "utterance": "Terrific. I need a bus ticket now."}, {"frames": [{"actions": [{"act": "REQUEST", "canonical_values": [], "slot": "from_location", "values": []}, {"act": "REQUEST", "canonical_values": ["2019-03-10"], "slot": "leaving_date", "values": ["March 10th"]}], "service": "Buses_1", "slots": [{"exclusive_end": 38, "slot": "leaving_date", "start": 28}]}], "speaker": "SYSTEM", "utterance": "From where? And is this for March 10th?"}, {"frames": [{"actions": [{"act": "INFORM", "canonical_values": ["Vancouver"], "slot": "from_location", "values": ["Vancouver, BC"]}, {"act": "INFORM", "canonical_values": ["2019-03-02"], "slot": "leaving_date", "values": ["March 2nd"]}], "service": "Buses_1", "slots": [{"exclusive_end": 32, "slot": "from_location", "start": 19}, {"exclusive_end": 13, "slot": "leaving_date", "start": 4}], "state": {"active_intent": "FindBus", "requested_slots": [], "slot_values": {"from_location": ["Vancouver, BC"], "leaving_date": ["March 2nd"], "to_location": ["Seattle", "Seattle, WA"], "travelers": ["2"]}}}], "speaker": "USER", "utterance": "No, March 2nd from Vancouver, BC."}, {"frames": [{"actions": [{"act": "OFFER", "canonical_values": ["06:40"], "slot": "leaving_time", "values": ["6:40 am"]}, {"act": "OFFER", "canonical_values": ["28"], "slot": "fare", "values": ["$28"]}, {"act": "OFFER", "canonical_values": ["0"], "slot": "transfers", "values": ["0"]}, {"act": "INFORM_COUNT", "canonical_values": ["10"], "slot": "count", "values": ["10"]}], "service": "Buses_1", "service_call": {"method": "FindBus", "parameters": {"from_location": "Vancouver", "leaving_date": "2019-03-02", "to_location": "Seattle", "travelers": "2"}}, "service_results": [{"fare": "28", "from_location": "Vancouver", "from_station": "Pacific Central Station", "leaving_date": "2019-03-02", "leaving_time": "06:40", "to_location": "Seattle", "to_station": "King Street Station", "transfers": "0", "travelers": "2"}, {"fare": "26", "from_location": "Vancouver", "from_station": "Pacific Central Station", "leaving_date": "2019-03-02", "leaving_time": "08:10", "to_location": "Seattle", "to_station": "King Street Station", "transfers": "0", "travelers": "2"}, {"fare": "25", "from_location": "Vancouver", "from_station": "Pacific Central Station", "leaving_date": "2019-03-02", "leaving_time": "08:30", "to_location": "Seattle", "to_station": "King Street Station", "transfers": "0", "travelers": "2"}, {"fare": "29", "from_location": "Vancouver", "from_station": "Pacific Central Station", "leaving_date": "2019-03-02", "leaving_time": "08:50", "to_location": "Seattle", "to_station": "King Street Station", "transfers": "0", "travelers": "2"}, {"fare": "27", "from_location": "Vancouver", "from_station": "Pacific Central Station", "leaving_date": "2019-03-02", "leaving_time": "10:00", "to_location": "Seattle", "to_station": "King Street Station", "transfers": "0", "travelers": "2"}, {"fare": "30", "from_location": "Vancouver", "from_station": "Pacific Central Station", "leaving_date": "2019-03-02", "leaving_time": "12:30", "to_location": "Seattle", "to_station": "King Street Station", "transfers": "0", "travelers": "2"}, {"fare": "28", "from_location": "Vancouver", "from_station": "Pacific Central Station", "leaving_date": "2019-03-02", "leaving_time": "17:50", "to_location": "Seattle", "to_station": "King Street Station", "transfers": "0", "travelers": "2"}, {"fare": "25", "from_location": "Vancouver", "from_station": "Pacific Central Station", "leaving_date": "2019-03-02", "leaving_time": "18:30", "to_location": "Seattle", "to_station": "King Street Station", "transfers": "0", "travelers": "2"}, {"fare": "26", "from_location": "Vancouver", "from_station": "Pacific Central Station", "leaving_date": "2019-03-02", "leaving_time": "18:40", "to_location": "Seattle", "to_station": "King Street Station", "transfers": "0", "travelers": "2"}, {"fare": "30", "from_location": "Vancouver", "from_station": "Pacific Central Station", "leaving_date": "2019-03-02", "leaving_time": "19:10", "to_location": "Seattle", "to_station": "King Street Station", "transfers": "0", "travelers": "2"}], "slots": [{"exclusive_end": 45, "slot": "leaving_time", "start": 38}, {"exclusive_end": 77, "slot": "fare", "start": 74}]}], "speaker": "SYSTEM", "utterance": "I have 10 options for you. There is a 6:40 am departure, 0 transfers, for $28."}, {"frames": [{"actions": [{"act": "REQUEST_ALTS", "canonical_values": [], "slot": "", "values": []}], "service": "Buses_1", "slots": [], "state": {"active_intent": "FindBus", "requested_slots": [], "slot_values": {"from_location": ["Vancouver, BC"], "leaving_date": ["March 2nd"], "to_location": ["Seattle", "Seattle, WA"], "travelers": ["2"]}}}], "speaker": "USER", "utterance": "Something else please?"}, {"frames": [{"actions": [{"act": "OFFER", "canonical_values": ["08:10"], "slot": "leaving_time", "values": ["8:10 am"]}, {"act": "OFFER", "canonical_values": ["26"], "slot": "fare", "values": ["$26"]}, {"act": "OFFER", "canonical_values": ["0"], "slot": "transfers", "values": ["0"]}], "service": "Buses_1", "slots": [{"exclusive_end": 41, "slot": "leaving_time", "start": 34}, {"exclusive_end": 58, "slot": "fare", "start": 55}]}], "speaker": "SYSTEM", "utterance": "I also have a bus which leaves at 8:10 am and that's a $26 fare, 0 transfers."}, {"frames": [{"actions": [{"act": "REQUEST", "canonical_values": [], "slot": "from_station", "values": []}, {"act": "REQUEST", "canonical_values": [], "slot": "to_station", "values": []}], "service": "Buses_1", "slots": [], "state": {"active_intent": "FindBus", "requested_slots": ["from_station", "to_station"], "slot_values": {"from_location": ["Vancouver, BC"], "leaving_date": ["March 2nd"], "to_location": ["Seattle", "Seattle, WA"], "travelers": ["2"]}}}], "speaker": "USER", "utterance": "What are the bus stations for that one?"}, {"frames": [{"actions": [{"act": "INFORM", "canonical_values": ["King Street Station"], "slot": "to_station", "values": ["King Street Station"]}, {"act": "INFORM", "canonical_values": ["Pacific Central Station"], "slot": "from_station", "values": ["Pacific Central Station"]}], "service": "Buses_1", "slots": [{"exclusive_end": 32, "slot": "to_station", "start": 13}, {"exclusive_end": 59, "slot": "from_station", "start": 36}]}], "speaker": "SYSTEM", "utterance": "It goes from King Street Station to Pacific Central Station."}, {"frames": [{"actions": [{"act": "SELECT", "canonical_values": [], "slot": "", "values": []}], "service": "Buses_1", "slots": [], "state": {"active_intent": "FindBus", "requested_slots": [], "slot_values": {"from_location": ["Vancouver, BC"], "leaving_date": ["March 2nd"], "leaving_time": ["8:10 am"], "to_location": ["Seattle", "Seattle, WA"], "travelers": ["2"]}}}], "speaker": "USER", "utterance": "All right, great."}, {"frames": [{"actions": [{"act": "OFFER_INTENT", "canonical_values": ["BuyBusTicket"], "slot": "intent", "values": ["BuyBusTicket"]}], "service": "Buses_1", "slots": []}], "speaker": "SYSTEM", "utterance": "Shall I buy tickets for you?"}, {"frames": [{"actions": [{"act": "AFFIRM_INTENT", "canonical_values": [], "slot": "", "values": []}], "service": "Buses_1", "slots": [], "state": {"active_intent": "BuyBusTicket", "requested_slots": [], "slot_values": {"from_location": ["Vancouver, BC"], "leaving_date": ["March 2nd"], "leaving_time": ["8:10 am"], "to_location": ["Seattle", "Seattle, WA"], "travelers": ["2"]}}}], "speaker": "USER", "utterance": "Definitely, please do."}, {"frames": [{"actions": [{"act": "CONFIRM", "canonical_values": ["Vancouver"], "slot": "from_location", "values": ["Vancouver"]}, {"act": "CONFIRM", "canonical_values": ["Seattle"], "slot": "to_location", "values": ["Seattle"]}, {"act": "CONFIRM", "canonical_values": ["2019-03-02"], "slot": "leaving_date", "values": ["March 2nd"]}, {"act": "CONFIRM", "canonical_values": ["08:10"], "slot": "leaving_time", "values": ["8:10 am"]}, {"act": "CONFIRM", "canonical_values": ["2"], "slot": "travelers", "values": ["2"]}], "service": "Buses_1", "slots": [{"exclusive_end": 46, "slot": "from_location", "start": 37}, {"exclusive_end": 57, "slot": "to_location", "start": 50}, {"exclusive_end": 22, "slot": "leaving_date", "start": 13}, {"exclusive_end": 68, "slot": "leaving_time", "start": 61}]}], "speaker": "SYSTEM", "utterance": "Confirming a March 2nd bus trip from Vancouver to Seattle at 8:10 am, purchasing 2 fares."}, {"frames": [{"actions": [{"act": "AFFIRM", "canonical_values": [], "slot": "", "values": []}], "service": "Buses_1", "slots": [], "state": {"active_intent": "BuyBusTicket", "requested_slots": [], "slot_values": {"from_location": ["Vancouver", "Vancouver, BC"], "leaving_date": ["March 2nd"], "leaving_time": ["8:10 am"], "to_location": ["Seattle", "Seattle, WA"], "travelers": ["2"]}}}], "speaker": "USER", "utterance": "Thank you, perfect."}, {"frames": [{"actions": [{"act": "NOTIFY_SUCCESS", "canonical_values": [], "slot": "", "values": []}], "service": "Buses_1", "service_call": {"method": "BuyBusTicket", "parameters": {"from_location": "Vancouver", "leaving_date": "2019-03-02", "leaving_time": "08:10", "to_location": "Seattle", "travelers": "2"}}, "service_results": [{"fare": "26", "from_location": "Vancouver", "from_station": "Pacific Central Station", "leaving_date": "2019-03-02", "leaving_time": "08:10", "to_location": "Seattle", "to_station": "King Street Station", "transfers": "0", "travelers": "2"}], "slots": []}], "speaker": "SYSTEM", "utterance": "The tickets have been reserved."}, {"frames": [{"actions": [{"act": "THANK_YOU", "canonical_values": [], "slot": "", "values": []}], "service": "Buses_1", "slots": [], "state": {"active_intent": "BuyBusTicket", "requested_slots": [], "slot_values": {"from_location": ["Vancouver", "Vancouver, BC"], "leaving_date": ["March 2nd"], "leaving_time": ["8:10 am"], "to_location": ["Seattle", "Seattle, WA"], "travelers": ["2"]}}}], "speaker": "USER", "utterance": "Thank you again."}, {"frames": [{"actions": [{"act": "REQ_MORE", "canonical_values": [], "slot": "", "values": []}], "service": "Buses_1", "slots": []}], "speaker": "SYSTEM", "utterance": "May I do anything else for you?"}, {"frames": [{"actions": [{"act": "NEGATE", "canonical_values": [], "slot": "", "values": []}, {"act": "THANK_YOU", "canonical_values": [], "slot": "", "values": []}], "service": "Buses_1", "slots": [], "state": {"active_intent": "NONE", "requested_slots": [], "slot_values": {"from_location": ["Vancouver", "Vancouver, BC"], "leaving_date": ["March 2nd"], "leaving_time": ["8:10 am"], "to_location": ["Seattle", "Seattle, WA"], "travelers": ["2"]}}}], "speaker": "USER", "utterance": "No, thanks again."}, {"frames": [{"actions": [{"act": "GOODBYE", "canonical_values": [], "slot": "", "values": []}], "service": "Buses_1", "slots": []}], "speaker": "SYSTEM", "utterance": "It's my pleasure."}]}]