[{"dialogue_id": "86_00000", "services": ["Events_2", "Flights_2"], "turns": [{"frames": [{"actions": [{"act": "INFORM_INTENT", "canonical_values": ["BuyEventTickets"], "slot": "intent", "values": ["BuyEventTickets"]}], "service": "Events_2", "slots": [], "state": {"active_intent": "BuyEventTickets", "requested_slots": [], "slot_values": {}}}], "speaker": "USER", "utterance": "I need to buy some tickets."}, {"frames": [{"actions": [{"act": "REQUEST", "canonical_values": [], "slot": "city", "values": []}, {"act": "REQUEST", "canonical_values": [], "slot": "number_of_tickets", "values": []}, {"act": "REQUEST", "canonical_values": [], "slot": "event_name", "values": []}], "service": "Events_2", "slots": []}], "speaker": "SYSTEM", "utterance": "DO you know the name of the event and location? How many tickets would you like?"}, {"frames": [{"actions": [{"act": "INFORM", "canonical_values": ["1"], "slot": "number_of_tickets", "values": ["1"]}, {"act": "INFORM", "canonical_values": ["Pup"], "slot": "event_name", "values": ["Pup"]}, {"act": "INFORM", "canonical_values": ["San Diego"], "slot": "city", "values": ["San Diego"]}], "service": "Events_2", "slots": [{"exclusive_end": 22, "slot": "event_name", "start": 19}, {"exclusive_end": 35, "slot": "city", "start": 26}], "state": {"active_intent": "BuyEventTickets", "requested_slots": [], "slot_values": {"city": ["San Diego"], "event_name": ["Pup"], "number_of_tickets": ["1"]}}}], "speaker": "USER", "utterance": "I need 1 ticket to Pup in San Diego."}, {"frames": [{"actions": [{"act": "REQUEST", "canonical_values": [], "slot": "date", "values": []}], "service": "Events_2", "slots": []}], "speaker": "SYSTEM", "utterance": "What date would you like?"}, {"frames": [{"actions": [{"act": "INFORM", "canonical_values": ["2019-03-08"], "slot": "date", "values": ["the 8th"]}], "service": "Events_2", "slots": [{"exclusive_end": 20, "slot": "date", "start": 13}], "state": {"active_intent": "BuyEventTickets", "requested_slots": [], "slot_values": {"city": ["San Diego"], "date": ["the 8th"], "event_name": ["Pup"], "number_of_tickets": ["1"]}}}], "speaker": "USER", "utterance": "I need it on the 8th."}, {"frames": [{"actions": [{"act": "CONFIRM", "canonical_values": ["Pup"], "slot": "event_name", "values": ["Pup"]}, {"act": "CONFIRM", "canonical_values": ["1"], "slot": "number_of_tickets", "values": ["1"]}, {"act": "CONFIRM", "canonical_values": ["2019-03-08"], "slot": "date", "values": ["March 8th"]}, {"act": "CONFIRM", "canonical_values": ["San Diego"], "slot": "city", "values": ["San Diego"]}], "service": "Events_2", "slots": [{"exclusive_end": 43, "slot": "event_name", "start": 40}, {"exclusive_end": 56, "slot": "date", "start": 47}, {"exclusive_end": 69, "slot": "city", "start": 60}]}], "speaker": "SYSTEM", "utterance": "Just to make sure you need 1 ticket for Pup on March 8th in San Diego. Is that correct?"}, {"frames": [{"actions": [{"act": "INFORM", "canonical_values": ["2"], "slot": "number_of_tickets", "values": ["2"]}, {"act": "NEGATE", "canonical_values": [], "slot": "", "values": []}], "service": "Events_2", "slots": [], "state": {"active_intent": "BuyEventTickets", "requested_slots": [], "slot_values": {"city": ["San Diego"], "date": ["March 8th", "the 8th"], "event_name": ["Pup"], "number_of_tickets": ["2"]}}}], "speaker": "USER", "utterance": "No I need two tickets please."}, {"frames": [{"actions": [{"act": "CONFIRM", "canonical_values": ["2"], "slot": "number_of_tickets", "values": ["2"]}, {"act": "CONFIRM", "canonical_values": ["San Diego"], "slot": "city", "values": ["San Diego"]}], "service": "Events_2", "slots": [{"exclusive_end": 32, "slot": "city", "start": 23}]}], "speaker": "SYSTEM", "utterance": "Ok 2 tickets to Pup in San Diego. Is that correct?"}, {"frames": [{"actions": [{"act": "REQUEST", "canonical_values": [], "slot": "venue_address", "values": []}, {"act": "AFFIRM", "canonical_values": [], "slot": "", "values": []}], "service": "Events_2", "slots": [], "state": {"active_intent": "BuyEventTickets", "requested_slots": ["venue_address"], "slot_values": {"city": ["San Diego"], "date": ["March 8th", "the 8th"], "event_name": ["Pup"], "number_of_tickets": ["2"]}}}], "speaker": "USER", "utterance": "Yes that sounds better. What is the address of the venue?"}, {"frames": [{"actions": [{"act": "INFORM", "canonical_values": ["3090 Polk Avenue"], "slot": "venue_address", "values": ["3090 Polk Avenue"]}, {"act": "NOTIFY_SUCCESS", "canonical_values": [], "slot": "", "values": []}], "service": "Events_2", "service_call": {"method": "BuyEventTickets", "parameters": {"city": "San Diego", "date": "2019-03-08", "event_name": "Pup", "number_of_tickets": "2"}}, "service_results": [{"city": "San Diego", "date": "2019-03-08", "event_name": "Pup", "number_of_tickets": "2", "time": "19:30", "venue": "The Irenic", "venue_address": "3090 Polk Avenue"}], "slots": [{"exclusive_end": 62, "slot": "venue_address", "start": 46}]}], "speaker": "SYSTEM", "utterance": "Your tickets have been booked. The address is 3090 Polk Avenue. Enjoy the show."}, {"frames": [{"actions": [{"act": "THANK_YOU", "canonical_values": [], "slot": "", "values": []}], "service": "Events_2", "slots": [], "state": {"active_intent": "BuyEventTickets", "requested_slots": [], "slot_values": {"city": ["San Diego"], "date": ["March 8th", "the 8th"], "event_name": ["Pup"], "number_of_tickets": ["2"]}}}, {"actions": [{"act": "INFORM", "canonical_values": ["Alaska Airlines"], "slot": "airlines", "values": ["Alaska Airlines"]}, {"act": "INFORM", "canonical_values": ["San Francisco"], "slot": "origin", "values": ["SFO"]}, {"act": "INFORM_INTENT", "canonical_values": ["SearchRoundtripFlights"], "slot": "intent", "values": ["SearchRoundtripFlights"]}], "service": "Flights_2", "slots": [{"exclusive_end": 95, "slot": "origin", "start": 92}], "state": {"active_intent": "SearchRoundtripFlights", "requested_slots": [], "slot_values": {"airlines": ["Alaska Airlines"], "destination": ["San Diego"], "origin": ["SFO"], "passengers": ["2"]}}}], "speaker": "USER", "utterance": "Thanks I need a round trip flight to get there. I would like to fly on Alaska Airlines from SFO."}, {"frames": [{"actions": [{"act": "REQUEST", "canonical_values": ["2019-03-08"], "slot": "return_date", "values": ["March 8th"]}, {"act": "REQUEST", "canonical_values": [], "slot": "departure_date", "values": []}], "service": "Flights_2", "slots": [{"exclusive_end": 34, "slot": "return_date", "start": 25}]}], "speaker": "SYSTEM", "utterance": "Will you be returning on March 8th? What date would you like to depart on?"}, {"frames": [{"actions": [{"act": "INFORM", "canonical_values": ["2019-03-12"], "slot": "return_date", "values": ["March 12th"]}, {"act": "INFORM", "canonical_values": ["2019-03-08"], "slot": "departure_date", "values": ["the 8th"]}], "service": "Flights_2", "slots": [{"exclusive_end": 48, "slot": "return_date", "start": 38}, {"exclusive_end": 26, "slot": "departure_date", "start": 19}], "state": {"active_intent": "SearchRoundtripFlights", "requested_slots": [], "slot_values": {"airlines": ["Alaska Airlines"], "departure_date": ["March 8th", "the 8th"], "destination": ["San Diego"], "origin": ["SFO"], "passengers": ["2"], "return_date": ["March 12th"]}}}], "speaker": "USER", "utterance": "I want to leave on the 8th and return March 12th."}, {"frames": [{"actions": [{"act": "OFFER", "canonical_values": ["Alaska Airlines"], "slot": "airlines", "values": ["Alaska Airlines"]}, {"act": "OFFER", "canonical_values": ["06:10"], "slot": "outbound_departure_time", "values": ["6:10 am"]}, {"act": "OFFER", "canonical_values": ["11:10"], "slot": "inbound_departure_time", "values": ["11:10 am"]}, {"act": "OFFER", "canonical_values": ["106"], "slot": "fare", "values": ["$106"]}, {"act": "INFORM_COUNT", "canonical_values": ["1"], "slot": "count", "values": ["1"]}], "service": "Flights_2", "service_call": {"method": "SearchRoundtripFlights", "parameters": {"airlines": "Alaska Airlines", "departure_date": "2019-03-08", "destination": "San Diego", "origin": "San Francisco", "passengers": "2", "return_date": "2019-03-12"}}, "service_results": [{"airlines": "Alaska Airlines", "departure_date": "2019-03-08", "destination": "San Diego", "destination_airport": "SAN International Airport", "fare": "106", "inbound_arrival_time": "12:50", "inbound_departure_time": "11:10", "is_redeye": "False", "number_stops": "0", "origin": "San Francisco", "origin_airport": "SFO International Airport", "outbound_arrival_time": "07:50", "outbound_departure_time": "06:10", "passengers": "2", "return_date": "2019-03-12", "seating_class": "Economy"}], "slots": [{"exclusive_end": 60, "slot": "outbound_departure_time", "start": 53}, {"exclusive_end": 106, "slot": "inbound_departure_time", "start": 98}, {"exclusive_end": 114, "slot": "fare", "start": 110}]}], "speaker": "SYSTEM", "utterance": "I have 1 flight with Alaska airlines that departs at 6:10 am and the returning flights departs at 11:10 am fr $106."}, {"frames": [{"actions": [{"act": "REQUEST", "canonical_values": [], "slot": "is_redeye", "values": []}, {"act": "REQUEST", "canonical_values": [], "slot": "destination_airport", "values": []}], "service": "Flights_2", "slots": [], "state": {"active_intent": "SearchRoundtripFlights", "requested_slots": ["destination_airport", "is_redeye"], "slot_values": {"airlines": ["Alaska Airlines"], "departure_date": ["March 8th", "the 8th"], "destination": ["San Diego"], "origin": ["SFO"], "passengers": ["2"], "return_date": ["March 12th"]}}}], "speaker": "USER", "utterance": "Is that flight a redeye? What is the arrival airport?"}, {"frames": [{"actions": [{"act": "INFORM", "canonical_values": ["False"], "slot": "is_redeye", "values": ["False"]}, {"act": "INFORM", "canonical_values": ["SAN International Airport"], "slot": "destination_airport", "values": ["San International Airport"]}], "service": "Flights_2", "slots": [{"exclusive_end": 67, "slot": "destination_airport", "start": 42}]}], "speaker": "SYSTEM", "utterance": "No its not an overnight and it arrives at San International Airport."}, {"frames": [{"actions": [{"act": "SELECT", "canonical_values": [], "slot": "", "values": []}], "service": "Flights_2", "slots": [], "state": {"active_intent": "SearchRoundtripFlights", "requested_slots": [], "slot_values": {"airlines": ["Alaska Airlines"], "departure_date": ["March 8th", "the 8th"], "destination": ["San Diego"], "origin": ["SFO"], "passengers": ["2"], "return_date": ["March 12th"]}}}], "speaker": "USER", "utterance": "great."}, {"frames": [{"actions": [{"act": "REQ_MORE", "canonical_values": [], "slot": "", "values": []}], "service": "Flights_2", "slots": []}], "speaker": "SYSTEM", "utterance": "Is there anything else i can do for you."}, {"frames": [{"actions": [{"act": "NEGATE", "canonical_values": [], "slot": "", "values": []}, {"act": "THANK_YOU", "canonical_values": [], "slot": "", "values": []}], "service": "Flights_2", "slots": [], "state": {"active_intent": "NONE", "requested_slots": [], "slot_values": {"airlines": ["Alaska Airlines"], "departure_date": ["March 8th", "the 8th"], "destination": ["San Diego"], "origin": ["SFO"], "passengers": ["2"], "return_date": ["March 12th"]}}}], "speaker": "USER", "utterance": "No that will be all."}, {"frames": [{"actions": [{"act": "GOODBYE", "canonical_values": [], "slot": "", "values": []}], "service": "Flights_2", "slots": []}], "speaker": "SYSTEM", "utterance": "Have a great day."}]}, {"dialogue_id": "86_00001", "services": ["Events_2", "Flights_2"], "turns": [{"frames": [{"actions": [{"act": "INFORM", "canonical_values": ["2019-03-02"], "slot": "date", "values": ["Saturday this week"]}, {"act": "INFORM", "canonical_values": ["3"], "slot": "number_of_tickets", "values": ["3"]}, {"act": "INFORM", "canonical_values": ["Crooked Colours"], "slot": "event_name", "values": ["Crooked Colours"]}, {"act": "INFORM_INTENT", "canonical_values": ["BuyEventTickets"], "slot": "intent", "values": ["BuyEventTickets"]}], "service": "Events_2", "slots": [{"exclusive_end": 58, "slot": "date", "start": 40}, {"exclusive_end": 35, "slot": "event_name", "start": 20}], "state": {"active_intent": "BuyEventTickets", "requested_slots": [], "slot_values": {"date": ["Saturday this week"], "event_name": ["Crooked Colours"], "number_of_tickets": ["3"]}}}], "speaker": "USER", "utterance": "I want 3 tickets to Crooked Colours for Saturday this week."}, {"frames": [{"actions": [{"act": "REQUEST", "canonical_values": [], "slot": "city", "values": []}], "service": "Events_2", "slots": []}], "speaker": "SYSTEM", "utterance": "In what city should I look in?"}, {"frames": [{"actions": [{"act": "INFORM", "canonical_values": ["New York"], "slot": "city", "values": ["NYC"]}], "service": "Events_2", "slots": [{"exclusive_end": 13, "slot": "city", "start": 10}], "state": {"active_intent": "BuyEventTickets", "requested_slots": [], "slot_values": {"city": ["NYC"], "date": ["Saturday this week"], "event_name": ["Crooked Colours"], "number_of_tickets": ["3"]}}}], "speaker": "USER", "utterance": "Search in NYC."}, {"frames": [{"actions": [{"act": "CONFIRM", "canonical_values": ["Crooked Colours"], "slot": "event_name", "values": ["Crooked Colours"]}, {"act": "CONFIRM", "canonical_values": ["3"], "slot": "number_of_tickets", "values": ["3"]}, {"act": "CONFIRM", "canonical_values": ["2019-03-02"], "slot": "date", "values": ["March 2nd"]}, {"act": "CONFIRM", "canonical_values": ["New York"], "slot": "city", "values": ["New York"]}], "service": "Events_2", "slots": [{"exclusive_end": 46, "slot": "event_name", "start": 31}, {"exclusive_end": 90, "slot": "date", "start": 81}, {"exclusive_end": 77, "slot": "city", "start": 69}]}], "speaker": "SYSTEM", "utterance": "I am booking 3 tickets for the Crooked Colours event taking place in New York on March 2nd. Is this correct?"}, {"frames": [{"actions": [{"act": "REQUEST", "canonical_values": [], "slot": "venue", "values": []}, {"act": "AFFIRM", "canonical_values": [], "slot": "", "values": []}], "service": "Events_2", "slots": [], "state": {"active_intent": "BuyEventTickets", "requested_slots": ["venue"], "slot_values": {"city": ["NYC", "New York"], "date": ["March 2nd", "Saturday this week"], "event_name": ["Crooked Colours"], "number_of_tickets": ["3"]}}}], "speaker": "USER", "utterance": "Yes, that works. What is the event venue?"}, {"frames": [{"actions": [{"act": "INFORM", "canonical_values": ["Rough Trade NYC"], "slot": "venue", "values": ["Rough Trade NYC"]}, {"act": "NOTIFY_SUCCESS", "canonical_values": [], "slot": "", "values": []}], "service": "Events_2", "service_call": {"method": "BuyEventTickets", "parameters": {"city": "New York", "date": "2019-03-02", "event_name": "Crooked Colours", "number_of_tickets": "3"}}, "service_results": [{"city": "New York", "date": "2019-03-02", "event_name": "Crooked Colours", "number_of_tickets": "3", "time": "19:30", "venue": "Rough Trade NYC", "venue_address": "64 North 9th Street, Brooklyn"}], "slots": [{"exclusive_end": 44, "slot": "venue", "start": 29}]}], "speaker": "SYSTEM", "utterance": "The event is taking place at Rough Trade NYC. I have confirmed your reservation. Have fun!"}, {"frames": [{"actions": [{"act": "REQUEST", "canonical_values": [], "slot": "time", "values": []}, {"act": "REQUEST", "canonical_values": [], "slot": "venue_address", "values": []}], "service": "Events_2", "slots": [], "state": {"active_intent": "BuyEventTickets", "requested_slots": ["time", "venue_address"], "slot_values": {"city": ["NYC", "New York"], "date": ["March 2nd", "Saturday this week"], "event_name": ["Crooked Colours"], "number_of_tickets": ["3"]}}}], "speaker": "USER", "utterance": "What is the event location and start time?"}, {"frames": [{"actions": [{"act": "INFORM", "canonical_values": ["19:30"], "slot": "time", "values": ["7:30 pm"]}, {"act": "INFORM", "canonical_values": ["64 North 9th Street, Brooklyn"], "slot": "venue_address", "values": ["64 North 9th Street, Brooklyn"]}], "service": "Events_2", "slots": [{"exclusive_end": 75, "slot": "time", "start": 68}, {"exclusive_end": 53, "slot": "venue_address", "start": 24}]}], "speaker": "SYSTEM", "utterance": "The venue is located at 64 North 9th Street, Brooklyn and starts at 7:30 pm."}, {"frames": [{"actions": [{"act": "THANK_YOU", "canonical_values": [], "slot": "", "values": []}], "service": "Events_2", "slots": [], "state": {"active_intent": "BuyEventTickets", "requested_slots": [], "slot_values": {"city": ["NYC", "New York"], "date": ["March 2nd", "Saturday this week"], "event_name": ["Crooked Colours"], "number_of_tickets": ["3"]}}}, {"actions": [{"act": "INFORM_INTENT", "canonical_values": ["SearchRoundtripFlights"], "slot": "intent", "values": ["SearchRoundtripFlights"]}], "service": "Flights_2", "slots": [], "state": {"active_intent": "SearchRoundtripFlights", "requested_slots": [], "slot_values": {"destination": ["NYC", "New York"], "passengers": ["3"]}}}], "speaker": "USER", "utterance": "Thanks. Can you help me find a round trip flight to the event?"}, {"frames": [{"actions": [{"act": "REQUEST", "canonical_values": ["2019-03-02"], "slot": "return_date", "values": ["March 2nd"]}, {"act": "REQUEST", "canonical_values": [], "slot": "departure_date", "values": []}, {"act": "REQUEST", "canonical_values": [], "slot": "origin", "values": []}], "service": "Flights_2", "slots": [{"exclusive_end": 34, "slot": "return_date", "start": 25}]}], "speaker": "SYSTEM", "utterance": "Will your return date be March 2nd? What is your travel date and departure city?"}, {"frames": [{"actions": [{"act": "INFORM", "canonical_values": ["2019-03-10"], "slot": "return_date", "values": ["the 10th"]}, {"act": "INFORM", "canonical_values": ["San Francisco"], "slot": "origin", "values": ["SF"]}, {"act": "INFORM", "canonical_values": ["2019-03-01"], "slot": "departure_date", "values": ["1st of March"]}], "service": "Flights_2", "slots": [{"exclusive_end": 61, "slot": "return_date", "start": 53}, {"exclusive_end": 18, "slot": "origin", "start": 16}, {"exclusive_end": 38, "slot": "departure_date", "start": 26}], "state": {"active_intent": "SearchRoundtripFlights", "requested_slots": [], "slot_values": {"departure_date": ["1st of March"], "destination": ["NYC", "New York"], "origin": ["SF"], "passengers": ["3"], "return_date": ["the 10th"]}}}], "speaker": "USER", "utterance": "I want to leave SF on the 1st of March and return on the 10th."}, {"frames": [{"actions": [{"act": "OFFER", "canonical_values": ["American Airlines"], "slot": "airlines", "values": ["American Airlines"]}, {"act": "OFFER", "canonical_values": ["20:30"], "slot": "outbound_departure_time", "values": ["8:30 pm"]}, {"act": "OFFER", "canonical_values": ["20:50"], "slot": "inbound_departure_time", "values": ["8:50 pm"]}, {"act": "OFFER", "canonical_values": ["212"], "slot": "fare", "values": ["$212"]}, {"act": "INFORM_COUNT", "canonical_values": ["3"], "slot": "count", "values": ["3"]}], "service": "Flights_2", "service_call": {"method": "SearchRoundtripFlights", "parameters": {"departure_date": "2019-03-01", "destination": "New York", "origin": "San Francisco", "passengers": "3", "return_date": "2019-03-10"}}, "service_results": [{"airlines": "American Airlines", "departure_date": "2019-03-01", "destination": "New York", "destination_airport": "JFK International Airport", "fare": "212", "inbound_arrival_time": "00:16", "inbound_departure_time": "20:50", "is_redeye": "True", "number_stops": "0", "origin": "San Francisco", "origin_airport": "SFO International Airport", "outbound_arrival_time": "05:56", "outbound_departure_time": "20:30", "passengers": "3", "return_date": "2019-03-10", "seating_class": "Economy"}, {"airlines": "Southwest Airlines", "departure_date": "2019-03-01", "destination": "New York", "destination_airport": "JFK International Airport", "fare": "226", "inbound_arrival_time": "21:21", "inbound_departure_time": "17:55", "is_redeye": "True", "number_stops": "0", "origin": "San Francisco", "origin_airport": "SFO International Airport", "outbound_arrival_time": "06:46", "outbound_departure_time": "21:20", "passengers": "3", "return_date": "2019-03-10", "seating_class": "Economy"}, {"airlines": "United Airlines", "departure_date": "2019-03-01", "destination": "New York", "destination_airport": "JFK International Airport", "fare": "193", "inbound_arrival_time": "09:31", "inbound_departure_time": "06:05", "is_redeye": "False", "number_stops": "0", "origin": "San Francisco", "origin_airport": "SFO International Airport", "outbound_arrival_time": "15:16", "outbound_departure_time": "05:50", "passengers": "3", "return_date": "2019-03-10", "seating_class": "Economy"}], "slots": [{"exclusive_end": 62, "slot": "outbound_departure_time", "start": 55}, {"exclusive_end": 130, "slot": "inbound_departure_time", "start": 123}, {"exclusive_end": 150, "slot": "fare", "start": 146}]}], "speaker": "SYSTEM", "utterance": "I found 3 flights that might work for you. How about a 8:30 pm flight on American Airlines? The returning flight leaves at 8:50 pm. The ticket is $212."}, {"frames": [{"actions": [{"act": "SELECT", "canonical_values": [], "slot": "", "values": []}], "service": "Flights_2", "slots": [], "state": {"active_intent": "SearchRoundtripFlights", "requested_slots": [], "slot_values": {"airlines": ["American Airlines"], "departure_date": ["1st of March"], "destination": ["NYC", "New York"], "origin": ["SF"], "passengers": ["3"], "return_date": ["the 10th"]}}}], "speaker": "USER", "utterance": "Alright."}, {"frames": [{"actions": [{"act": "REQ_MORE", "canonical_values": [], "slot": "", "values": []}], "service": "Flights_2", "slots": []}], "speaker": "SYSTEM", "utterance": "Anything else you need help with?"}, {"frames": [{"actions": [{"act": "NEGATE", "canonical_values": [], "slot": "", "values": []}, {"act": "THANK_YOU", "canonical_values": [], "slot": "", "values": []}], "service": "Flights_2", "slots": [], "state": {"active_intent": "NONE", "requested_slots": [], "slot_values": {"airlines": ["American Airlines"], "departure_date": ["1st of March"], "destination": ["NYC", "New York"], "origin": ["SF"], "passengers": ["3"], "return_date": ["the 10th"]}}}], "speaker": "USER", "utterance": "No, thanks for helping."}, {"frames": [{"actions": [{"act": "GOODBYE", "canonical_values": [], "slot": "", "values": []}], "service": "Flights_2", "slots": []}], "speaker": "SYSTEM", "utterance": "You're welcome. Have a good day."}]}, {"dialogue_id": "86_00002", "services": ["Events_2", "Flights_2"], "turns": [{"frames": [{"actions": [{"act": "INFORM_INTENT", "canonical_values": ["BuyEventTickets"], "slot": "intent", "values": ["BuyEventTickets"]}], "service": "Events_2", "slots": [], "state": {"active_intent": "BuyEventTickets", "requested_slots": [], "slot_values": {}}}], "speaker": "USER", "utterance": "Can you buy me tickets for an event?"}, {"frames": [{"actions": [{"act": "REQUEST", "canonical_values": [], "slot": "number_of_tickets", "values": []}, {"act": "REQUEST", "canonical_values": [], "slot": "date", "values": []}, {"act": "REQUEST", "canonical_values": [], "slot": "event_name", "values": []}], "service": "Events_2", "slots": []}], "speaker": "SYSTEM", "utterance": "What event are you interested in buying tickets to, how many are you buying,and for what date should I buy the tickets?"}, {"frames": [{"actions": [{"act": "INFORM", "canonical_values": ["1"], "slot": "number_of_tickets", "values": ["1"]}, {"act": "INFORM", "canonical_values": ["2019-03-04"], "slot": "date", "values": ["4th of March"]}, {"act": "INFORM", "canonical_values": ["Electric Feels"], "slot": "event_name", "values": ["Electric Feels"]}], "service": "Events_2", "slots": [{"exclusive_end": 53, "slot": "date", "start": 41}, {"exclusive_end": 33, "slot": "event_name", "start": 19}], "state": {"active_intent": "BuyEventTickets", "requested_slots": [], "slot_values": {"date": ["4th of March"], "event_name": ["Electric Feels"], "number_of_tickets": ["1"]}}}], "speaker": "USER", "utterance": "I want 1 ticket to Electric Feels on the 4th of March."}, {"frames": [{"actions": [{"act": "REQUEST", "canonical_values": [], "slot": "city", "values": []}], "service": "Events_2", "slots": []}], "speaker": "SYSTEM", "utterance": "What city will you attend the event?"}, {"frames": [{"actions": [{"act": "INFORM", "canonical_values": ["San Francisco"], "slot": "city", "values": ["San Francisco"]}], "service": "Events_2", "slots": [{"exclusive_end": 40, "slot": "city", "start": 27}], "state": {"active_intent": "BuyEventTickets", "requested_slots": [], "slot_values": {"city": ["San Francisco"], "date": ["4th of March"], "event_name": ["Electric Feels"], "number_of_tickets": ["1"]}}}], "speaker": "USER", "utterance": "I want to see the event in San Francisco."}, {"frames": [{"actions": [{"act": "CONFIRM", "canonical_values": ["Electric Feels"], "slot": "event_name", "values": ["Electric Feels"]}, {"act": "CONFIRM", "canonical_values": ["1"], "slot": "number_of_tickets", "values": ["1"]}, {"act": "CONFIRM", "canonical_values": ["2019-03-04"], "slot": "date", "values": ["March 4th"]}, {"act": "CONFIRM", "canonical_values": ["San Francisco"], "slot": "city", "values": ["San Francisco"]}], "service": "Events_2", "slots": [{"exclusive_end": 43, "slot": "event_name", "start": 29}, {"exclusive_end": 56, "slot": "date", "start": 47}, {"exclusive_end": 73, "slot": "city", "start": 60}]}], "speaker": "SYSTEM", "utterance": "You wish to buy 1 ticket for Electric Feels on March 4th in San Francisco correct?"}, {"frames": [{"actions": [{"act": "REQUEST", "canonical_values": [], "slot": "venue_address", "values": []}, {"act": "AFFIRM", "canonical_values": [], "slot": "", "values": []}], "service": "Events_2", "slots": [], "state": {"active_intent": "BuyEventTickets", "requested_slots": ["venue_address"], "slot_values": {"city": ["San Francisco"], "date": ["4th of March", "March 4th"], "event_name": ["Electric Feels"], "number_of_tickets": ["1"]}}}], "speaker": "USER", "utterance": "That is correct, what is the address for the venue?"}, {"frames": [{"actions": [{"act": "INFORM", "canonical_values": ["420 Mason Street"], "slot": "venue_address", "values": ["420 Mason Street"]}, {"act": "NOTIFY_SUCCESS", "canonical_values": [], "slot": "", "values": []}], "service": "Events_2", "service_call": {"method": "BuyEventTickets", "parameters": {"city": "San Francisco", "date": "2019-03-04", "event_name": "Electric Feels", "number_of_tickets": "1"}}, "service_results": [{"city": "San Francisco", "date": "2019-03-04", "event_name": "Electric Feels", "number_of_tickets": "1", "time": "17:30", "venue": "August Hall", "venue_address": "420 Mason Street"}], "slots": [{"exclusive_end": 40, "slot": "venue_address", "start": 24}]}], "speaker": "SYSTEM", "utterance": "The venue is located at 420 Mason Street, and the reservation has been made."}, {"frames": [{"actions": [{"act": "INFORM_INTENT", "canonical_values": ["SearchRoundtripFlights"], "slot": "intent", "values": ["SearchRoundtripFlights"]}], "service": "Flights_2", "slots": [], "state": {"active_intent": "SearchRoundtripFlights", "requested_slots": [], "slot_values": {"destination": ["San Francisco"], "passengers": ["1"]}}}], "speaker": "USER", "utterance": "Can I also get a round trip flight to get there?"}, {"frames": [{"actions": [{"act": "REQUEST", "canonical_values": ["2019-03-04"], "slot": "return_date", "values": ["March 4th"]}, {"act": "REQUEST", "canonical_values": [], "slot": "departure_date", "values": []}], "service": "Flights_2", "slots": [{"exclusive_end": 70, "slot": "return_date", "start": 61}]}], "speaker": "SYSTEM", "utterance": "What date would you like to travel, and are you returning on March 4th."}, {"frames": [{"actions": [{"act": "INFORM", "canonical_values": ["2019-03-11"], "slot": "return_date", "values": ["11th of March"]}, {"act": "INFORM", "canonical_values": ["2019-03-01"], "slot": "departure_date", "values": ["today"]}], "service": "Flights_2", "slots": [{"exclusive_end": 69, "slot": "return_date", "start": 56}, {"exclusive_end": 22, "slot": "departure_date", "start": 17}], "state": {"active_intent": "SearchRoundtripFlights", "requested_slots": [], "slot_values": {"departure_date": ["today"], "destination": ["San Francisco"], "passengers": ["1"], "return_date": ["11th of March"]}}}], "speaker": "USER", "utterance": "I want to travel today, and will actually return on the 11th of March."}, {"frames": [{"actions": [{"act": "REQUEST", "canonical_values": [], "slot": "origin", "values": []}], "service": "Flights_2", "slots": []}], "speaker": "SYSTEM", "utterance": "Where will you be departing from?"}, {"frames": [{"actions": [{"act": "INFORM", "canonical_values": ["Portland"], "slot": "origin", "values": ["Portland, OR"]}], "service": "Flights_2", "slots": [{"exclusive_end": 34, "slot": "origin", "start": 22}], "state": {"active_intent": "SearchRoundtripFlights", "requested_slots": [], "slot_values": {"departure_date": ["today"], "destination": ["San Francisco"], "origin": ["Portland, OR"], "passengers": ["1"], "return_date": ["11th of March"]}}}], "speaker": "USER", "utterance": "I want to depart from Portland, OR."}, {"frames": [{"actions": [{"act": "OFFER", "canonical_values": ["Alaska Airlines"], "slot": "airlines", "values": ["Alaska Airlines"]}, {"act": "OFFER", "canonical_values": ["07:55"], "slot": "outbound_departure_time", "values": ["7:55 am"]}, {"act": "OFFER", "canonical_values": ["06:20"], "slot": "inbound_departure_time", "values": ["6:20 am"]}, {"act": "OFFER", "canonical_values": ["174"], "slot": "fare", "values": ["$174"]}, {"act": "INFORM_COUNT", "canonical_values": ["5"], "slot": "count", "values": ["5"]}], "service": "Flights_2", "service_call": {"method": "SearchRoundtripFlights", "parameters": {"departure_date": "2019-03-01", "destination": "San Francisco", "origin": "Portland", "passengers": "1", "return_date": "2019-03-11"}}, "service_results": [{"airlines": "Alaska Airlines", "departure_date": "2019-03-01", "destination": "San Francisco", "destination_airport": "SFO International Airport", "fare": "174", "inbound_arrival_time": "09:33", "inbound_departure_time": "06:20", "is_redeye": "False", "number_stops": "1", "origin": "Portland", "origin_airport": "PDX International Airport", "outbound_arrival_time": "09:48", "outbound_departure_time": "07:55", "passengers": "1", "return_date": "2019-03-11", "seating_class": "Economy"}, {"airlines": "American Airlines", "departure_date": "2019-03-01", "destination": "San Francisco", "destination_airport": "SFO International Airport", "fare": "127", "inbound_arrival_time": "09:58", "inbound_departure_time": "08:05", "is_redeye": "False", "number_stops": "0", "origin": "Portland", "origin_airport": "PDX International Airport", "outbound_arrival_time": "06:53", "outbound_departure_time": "05:00", "passengers": "1", "return_date": "2019-03-11", "seating_class": "Economy"}, {"airlines": "Delta Airlines", "departure_date": "2019-03-01", "destination": "San Francisco", "destination_airport": "SFO International Airport", "fare": "166", "inbound_arrival_time": "12:08", "inbound_departure_time": "08:00", "is_redeye": "False", "number_stops": "1", "origin": "Portland", "origin_airport": "PDX International Airport", "outbound_arrival_time": "10:38", "outbound_departure_time": "08:45", "passengers": "1", "return_date": "2019-03-11", "seating_class": "Economy"}, {"airlines": "Southwest Airlines", "departure_date": "2019-03-01", "destination": "San Francisco", "destination_airport": "SFO International Airport", "fare": "122", "inbound_arrival_time": "01:23", "inbound_departure_time": "23:30", "is_redeye": "True", "number_stops": "0", "origin": "Portland", "origin_airport": "PDX International Airport", "outbound_arrival_time": "17:08", "outbound_departure_time": "15:15", "passengers": "1", "return_date": "2019-03-11", "seating_class": "Economy"}, {"airlines": "United Airlines", "departure_date": "2019-03-01", "destination": "San Francisco", "destination_airport": "SFO International Airport", "fare": "161", "inbound_arrival_time": "17:33", "inbound_departure_time": "13:10", "is_redeye": "False", "number_stops": "1", "origin": "Portland", "origin_airport": "PDX International Airport", "outbound_arrival_time": "12:28", "outbound_departure_time": "10:35", "passengers": "1", "return_date": "2019-03-11", "seating_class": "Economy"}], "slots": [{"exclusive_end": 120, "slot": "outbound_departure_time", "start": 113}, {"exclusive_end": 161, "slot": "inbound_departure_time", "start": 154}, {"exclusive_end": 91, "slot": "fare", "start": 87}]}], "speaker": "SYSTEM", "utterance": "There are 5 flights available, would you be interested in flying Alaska Airlines for a $174 flight taking off at 7:55 am, the return flight taking off at 6:20 am."}, {"frames": [{"actions": [{"act": "SELECT", "canonical_values": [], "slot": "", "values": []}, {"act": "GOODBYE", "canonical_values": [], "slot": "", "values": []}], "service": "Flights_2", "slots": [], "state": {"active_intent": "SearchRoundtripFlights", "requested_slots": [], "slot_values": {"airlines": ["Alaska Airlines"], "departure_date": ["today"], "destination": ["San Francisco"], "origin": ["Portland, OR"], "passengers": ["1"], "return_date": ["11th of March"]}}}], "speaker": "USER", "utterance": "Great, that is all I needed."}, {"frames": [{"actions": [{"act": "GOODBYE", "canonical_values": [], "slot": "", "values": []}], "service": "Flights_2", "slots": []}], "speaker": "SYSTEM", "utterance": "No problem, have a good day."}]}, {"dialogue_id": "86_00003", "services": ["Events_2", "Flights_2"], "turns": [{"frames": [{"actions": [{"act": "INFORM", "canonical_values": ["2"], "slot": "number_of_tickets", "values": ["2"]}, {"act": "INFORM", "canonical_values": ["Girl In Red"], "slot": "event_name", "values": ["Girl In red"]}, {"act": "INFORM_INTENT", "canonical_values": ["BuyEventTickets"], "slot": "intent", "values": ["BuyEventTickets"]}], "service": "Events_2", "slots": [{"exclusive_end": 39, "slot": "event_name", "start": 28}], "state": {"active_intent": "BuyEventTickets", "requested_slots": [], "slot_values": {"event_name": ["Girl In red"], "number_of_tickets": ["2"]}}}], "speaker": "USER", "utterance": "I want to buy 2 tickets for Girl In red."}, {"frames": [{"actions": [{"act": "REQUEST", "canonical_values": [], "slot": "date", "values": []}, {"act": "REQUEST", "canonical_values": [], "slot": "city", "values": []}], "service": "Events_2", "slots": []}], "speaker": "SYSTEM", "utterance": "Are there any preferred dates and city you are looking out for?"}, {"frames": [{"actions": [{"act": "INFORM", "canonical_values": ["2019-03-02"], "slot": "date", "values": ["2nd of March"]}, {"act": "INFORM", "canonical_values": ["Philadelphia"], "slot": "city", "values": ["Philly"]}], "service": "Events_2", "slots": [{"exclusive_end": 39, "slot": "date", "start": 27}, {"exclusive_end": 49, "slot": "city", "start": 43}], "state": {"active_intent": "BuyEventTickets", "requested_slots": [], "slot_values": {"city": ["Philly"], "date": ["2nd of March"], "event_name": ["Girl In red"], "number_of_tickets": ["2"]}}}], "speaker": "USER", "utterance": "I want to book a movie for 2nd of March in Philly."}, {"frames": [{"actions": [{"act": "CONFIRM", "canonical_values": ["Girl In Red"], "slot": "event_name", "values": ["Girl in Red"]}, {"act": "CONFIRM", "canonical_values": ["2"], "slot": "number_of_tickets", "values": ["2"]}, {"act": "CONFIRM", "canonical_values": ["2019-03-02"], "slot": "date", "values": ["March 2nd"]}, {"act": "CONFIRM", "canonical_values": ["Philadelphia"], "slot": "city", "values": ["Philadelphia"]}], "service": "Events_2", "slots": [{"exclusive_end": 71, "slot": "event_name", "start": 60}, {"exclusive_end": 85, "slot": "date", "start": 76}, {"exclusive_end": 115, "slot": "city", "start": 103}]}], "speaker": "SYSTEM", "utterance": "Can you please confirm the following details. 2 tickets for Girl in Red for March 2nd with location as Philadelphia."}, {"frames": [{"actions": [{"act": "REQUEST", "canonical_values": [], "slot": "venue_address", "values": []}, {"act": "REQUEST", "canonical_values": [], "slot": "time", "values": []}, {"act": "AFFIRM", "canonical_values": [], "slot": "", "values": []}], "service": "Events_2", "slots": [], "state": {"active_intent": "BuyEventTickets", "requested_slots": ["time", "venue_address"], "slot_values": {"city": ["Philadelphia", "Philly"], "date": ["2nd of March", "March 2nd"], "event_name": ["Girl In red", "Girl in Red"], "number_of_tickets": ["2"]}}}], "speaker": "USER", "utterance": "yes. That's perfect. Can you share the venue and which time does the event start?"}, {"frames": [{"actions": [{"act": "INFORM", "canonical_values": ["29 East Allen Street 2nd Floor"], "slot": "venue_address", "values": ["29 East Allen Street 2nd Floor"]}, {"act": "INFORM", "canonical_values": ["19:00"], "slot": "time", "values": ["7 pm"]}, {"act": "NOTIFY_SUCCESS", "canonical_values": [], "slot": "", "values": []}], "service": "Events_2", "service_call": {"method": "BuyEventTickets", "parameters": {"city": "Philadelphia", "date": "2019-03-02", "event_name": "Girl In Red", "number_of_tickets": "2"}}, "service_results": [{"city": "Philadelphia", "date": "2019-03-02", "event_name": "Girl In Red", "number_of_tickets": "2", "time": "19:00", "venue": "The Foundry", "venue_address": "29 East Allen Street 2nd Floor"}], "slots": [{"exclusive_end": 43, "slot": "venue_address", "start": 13}, {"exclusive_end": 68, "slot": "time", "start": 64}]}], "speaker": "SYSTEM", "utterance": "The venue is 29 East Allen Street 2nd Floor and event starts at 7 pm."}, {"frames": [{"actions": [{"act": "THANK_YOU", "canonical_values": [], "slot": "", "values": []}], "service": "Events_2", "slots": [], "state": {"active_intent": "BuyEventTickets", "requested_slots": [], "slot_values": {"city": ["Philadelphia", "Philly"], "date": ["2nd of March", "March 2nd"], "event_name": ["Girl In red", "Girl in Red"], "number_of_tickets": ["2"]}}}, {"actions": [{"act": "INFORM", "canonical_values": ["2019-03-05"], "slot": "return_date", "values": ["the 5th"]}, {"act": "INFORM", "canonical_values": ["Premium Economy"], "slot": "seating_class", "values": ["Premium Economy"]}, {"act": "INFORM", "canonical_values": ["2019-03-02"], "slot": "departure_date", "values": ["2nd of March"]}, {"act": "INFORM_INTENT", "canonical_values": ["SearchRoundtripFlights"], "slot": "intent", "values": ["SearchRoundtripFlights"]}], "service": "Flights_2", "slots": [{"exclusive_end": 125, "slot": "return_date", "start": 118}, {"exclusive_end": 100, "slot": "departure_date", "start": 88}], "state": {"active_intent": "SearchRoundtripFlights", "requested_slots": [], "slot_values": {"departure_date": ["2nd of March", "March 2nd"], "destination": ["Philadelphia", "Philly"], "passengers": ["2"], "return_date": ["the 5th"], "seating_class": ["Premium Economy"]}}}], "speaker": "USER", "utterance": "Thanks for help. I would like to book a premium economy class ticket with start date as 2nd of March and returning on the 5th."}, {"frames": [{"actions": [{"act": "REQUEST", "canonical_values": [], "slot": "origin", "values": []}], "service": "Flights_2", "slots": []}], "speaker": "SYSTEM", "utterance": "From which city will you depart?"}, {"frames": [{"actions": [{"act": "INFORM", "canonical_values": ["Chicago"], "slot": "origin", "values": ["Chi-town"]}], "service": "Flights_2", "slots": [{"exclusive_end": 38, "slot": "origin", "start": 30}], "state": {"active_intent": "SearchRoundtripFlights", "requested_slots": [], "slot_values": {"departure_date": ["2nd of March", "March 2nd"], "destination": ["Philadelphia", "Philly"], "origin": ["Chi-town"], "passengers": ["2"], "return_date": ["the 5th"], "seating_class": ["Premium Economy"]}}}], "speaker": "USER", "utterance": "I am looking for flights from Chi-town."}, {"frames": [{"actions": [{"act": "OFFER", "canonical_values": ["Delta Airlines"], "slot": "airlines", "values": ["Delta Airlines"]}, {"act": "OFFER", "canonical_values": ["21:40"], "slot": "outbound_departure_time", "values": ["9:40 pm"]}, {"act": "OFFER", "canonical_values": ["12:20"], "slot": "inbound_departure_time", "values": ["12:20 pm"]}, {"act": "OFFER", "canonical_values": ["185"], "slot": "fare", "values": ["$185"]}, {"act": "INFORM_COUNT", "canonical_values": ["2"], "slot": "count", "values": ["2"]}], "service": "Flights_2", "service_call": {"method": "SearchRoundtripFlights", "parameters": {"departure_date": "2019-03-02", "destination": "Philadelphia", "origin": "Chicago", "passengers": "2", "return_date": "2019-03-05", "seating_class": "Premium Economy"}}, "service_results": [{"airlines": "Delta Airlines", "departure_date": "2019-03-02", "destination": "Philadelphia", "destination_airport": "PHL International Airport", "fare": "185", "inbound_arrival_time": "13:31", "inbound_departure_time": "12:20", "is_redeye": "True", "number_stops": "0", "origin": "Chicago", "origin_airport": "O'Hare International Airport", "outbound_arrival_time": "00:51", "outbound_departure_time": "21:40", "passengers": "2", "return_date": "2019-03-05", "seating_class": "Premium Economy"}, {"airlines": "Southwest Airlines", "departure_date": "2019-03-02", "destination": "Philadelphia", "destination_airport": "PHL International Airport", "fare": "207", "inbound_arrival_time": "21:46", "inbound_departure_time": "20:35", "is_redeye": "True", "number_stops": "0", "origin": "Chicago", "origin_airport": "O'Hare International Airport", "outbound_arrival_time": "00:16", "outbound_departure_time": "21:05", "passengers": "2", "return_date": "2019-03-05", "seating_class": "Premium Economy"}], "slots": [{"exclusive_end": 66, "slot": "outbound_departure_time", "start": 59}, {"exclusive_end": 106, "slot": "inbound_departure_time", "start": 98}, {"exclusive_end": 129, "slot": "fare", "start": 125}]}], "speaker": "SYSTEM", "utterance": "There are 2 flights available. Delta airlines takes off at 9:40 pm and return flight takes off at 12:20 pm. It will cost you $185."}, {"frames": [{"actions": [{"act": "SELECT", "canonical_values": [], "slot": "", "values": []}], "service": "Flights_2", "slots": [], "state": {"active_intent": "SearchRoundtripFlights", "requested_slots": [], "slot_values": {"airlines": ["Delta Airlines"], "departure_date": ["2nd of March", "March 2nd"], "destination": ["Philadelphia", "Philly"], "origin": ["Chi-town"], "passengers": ["2"], "return_date": ["the 5th"], "seating_class": ["Premium Economy"]}}}], "speaker": "USER", "utterance": "ok"}, {"frames": [{"actions": [{"act": "REQ_MORE", "canonical_values": [], "slot": "", "values": []}], "service": "Flights_2", "slots": []}], "speaker": "SYSTEM", "utterance": "Is there anything else I can assist you today?"}, {"frames": [{"actions": [{"act": "NEGATE", "canonical_values": [], "slot": "", "values": []}, {"act": "THANK_YOU", "canonical_values": [], "slot": "", "values": []}], "service": "Flights_2", "slots": [], "state": {"active_intent": "NONE", "requested_slots": [], "slot_values": {"airlines": ["Delta Airlines"], "departure_date": ["2nd of March", "March 2nd"], "destination": ["Philadelphia", "Philly"], "origin": ["Chi-town"], "passengers": ["2"], "return_date": ["the 5th"], "seating_class": ["Premium Economy"]}}}], "speaker": "USER", "utterance": "No. Thanks for your assistance."}, {"frames": [{"actions": [{"act": "GOODBYE", "canonical_values": [], "slot": "", "values": []}], "service": "Flights_2", "slots": []}], "speaker": "SYSTEM", "utterance": "Have a nice day"}]}, {"dialogue_id": "86_00004", "services": ["Events_2", "Flights_2"], "turns": [{"frames": [{"actions": [{"act": "INFORM_INTENT", "canonical_values": ["BuyEventTickets"], "slot": "intent", "values": ["BuyEventTickets"]}], "service": "Events_2", "slots": [], "state": {"active_intent": "BuyEventTickets", "requested_slots": [], "slot_values": {}}}], "speaker": "USER", "utterance": "Can you help me in buying tickets to an event?"}, {"frames": [{"actions": [{"act": "REQUEST", "canonical_values": [], "slot": "date", "values": []}, {"act": "REQUEST", "canonical_values": [], "slot": "number_of_tickets", "values": []}, {"act": "REQUEST", "canonical_values": [], "slot": "city", "values": []}], "service": "Events_2", "slots": []}], "speaker": "SYSTEM", "utterance": "What is preferred date, city and number of tickets for the event?"}, {"frames": [{"actions": [{"act": "INFORM", "canonical_values": ["2019-03-13"], "slot": "date", "values": ["March 13th"]}, {"act": "INFORM", "canonical_values": ["1"], "slot": "number_of_tickets", "values": ["1"]}, {"act": "INFORM", "canonical_values": ["Atlanta"], "slot": "city", "values": ["ATL"]}], "service": "Events_2", "slots": [{"exclusive_end": 55, "slot": "date", "start": 45}, {"exclusive_end": 40, "slot": "city", "start": 37}], "state": {"active_intent": "BuyEventTickets", "requested_slots": [], "slot_values": {"city": ["ATL"], "date": ["March 13th"], "number_of_tickets": ["1"]}}}], "speaker": "USER", "utterance": "Search for one ticket to an event in ATL for March 13th."}, {"frames": [{"actions": [{"act": "REQUEST", "canonical_values": [], "slot": "event_name", "values": []}], "service": "Events_2", "slots": []}], "speaker": "SYSTEM", "utterance": "What event are you looking for?"}, {"frames": [{"actions": [{"act": "INFORM", "canonical_values": ["Panthers Vs Jaguars"], "slot": "event_name", "values": ["Panthers Vs Jaguars"]}], "service": "Events_2", "slots": [{"exclusive_end": 42, "slot": "event_name", "start": 23}], "state": {"active_intent": "BuyEventTickets", "requested_slots": [], "slot_values": {"city": ["ATL"], "date": ["March 13th"], "event_name": ["Panthers Vs Jaguars"], "number_of_tickets": ["1"]}}}], "speaker": "USER", "utterance": "Some of my friend says Panthers Vs Jaguars is very good."}, {"frames": [{"actions": [{"act": "CONFIRM", "canonical_values": ["Panthers Vs Jaguars"], "slot": "event_name", "values": ["Panthers Vs Jaguars"]}, {"act": "CONFIRM", "canonical_values": ["1"], "slot": "number_of_tickets", "values": ["1"]}, {"act": "CONFIRM", "canonical_values": ["2019-03-13"], "slot": "date", "values": ["March 13th"]}, {"act": "CONFIRM", "canonical_values": ["Atlanta"], "slot": "city", "values": ["Atlanta"]}], "service": "Events_2", "slots": [{"exclusive_end": 76, "slot": "event_name", "start": 57}, {"exclusive_end": 114, "slot": "date", "start": 104}, {"exclusive_end": 100, "slot": "city", "start": 93}]}], "speaker": "SYSTEM", "utterance": "Please confirm: You want me to buy 1 ticket to the event Panthers Vs Jaguars taking place in Atlanta on March 13th."}, {"frames": [{"actions": [{"act": "AFFIRM", "canonical_values": [], "slot": "", "values": []}], "service": "Events_2", "slots": [], "state": {"active_intent": "BuyEventTickets", "requested_slots": [], "slot_values": {"city": ["ATL", "Atlanta"], "date": ["March 13th"], "event_name": ["Panthers Vs Jaguars"], "number_of_tickets": ["1"]}}}], "speaker": "USER", "utterance": "Yes, That is correct."}, {"frames": [{"actions": [{"act": "NOTIFY_SUCCESS", "canonical_values": [], "slot": "", "values": []}], "service": "Events_2", "service_call": {"method": "BuyEventTickets", "parameters": {"city": "Atlanta", "date": "2019-03-13", "event_name": "Panthers Vs Jaguars", "number_of_tickets": "1"}}, "service_results": [{"city": "Atlanta", "date": "2019-03-13", "event_name": "Panthers Vs Jaguars", "number_of_tickets": "1", "time": "19:30", "venue": "Georgia State Stadium", "venue_address": "755 Hank Aaron Drive Southeast"}], "slots": []}], "speaker": "SYSTEM", "utterance": "Your tickets have been booked successfully. Have a nice time."}, {"frames": [{"actions": [{"act": "INFORM_INTENT", "canonical_values": ["SearchRoundtripFlights"], "slot": "intent", "values": ["SearchRoundtripFlights"]}], "service": "Flights_2", "slots": [], "state": {"active_intent": "SearchRoundtripFlights", "requested_slots": [], "slot_values": {"destination": ["ATL", "Atlanta"], "passengers": ["1"]}}}], "speaker": "USER", "utterance": "Can you search for a round trip flight to there?"}, {"frames": [{"actions": [{"act": "REQUEST", "canonical_values": ["2019-03-13"], "slot": "return_date", "values": ["March 13th"]}], "service": "Flights_2", "slots": [{"exclusive_end": 33, "slot": "return_date", "start": 23}]}], "speaker": "SYSTEM", "utterance": "Is your returning date March 13th?"}, {"frames": [{"actions": [{"act": "INFORM", "canonical_values": ["2019-03-14"], "slot": "return_date", "values": ["March 14th"]}, {"act": "INFORM", "canonical_values": ["Premium Economy"], "slot": "seating_class", "values": ["Premium Economy"]}], "service": "Flights_2", "slots": [{"exclusive_end": 65, "slot": "return_date", "start": 55}], "state": {"active_intent": "SearchRoundtripFlights", "requested_slots": [], "slot_values": {"destination": ["ATL", "Atlanta"], "passengers": ["1"], "return_date": ["March 14th"], "seating_class": ["Premium Economy"]}}}], "speaker": "USER", "utterance": "Book me Premium Economy tickets with returning date as March 14th."}, {"frames": [{"actions": [{"act": "REQUEST", "canonical_values": [], "slot": "origin", "values": []}, {"act": "REQUEST", "canonical_values": [], "slot": "departure_date", "values": []}], "service": "Flights_2", "slots": []}], "speaker": "SYSTEM", "utterance": "What will be departure city and date of journey?"}, {"frames": [{"actions": [{"act": "INFORM", "canonical_values": ["Las Vegas"], "slot": "origin", "values": ["Las Vegas"]}, {"act": "INFORM", "canonical_values": ["2019-03-06"], "slot": "departure_date", "values": ["Wednesday next week"]}], "service": "Flights_2", "slots": [{"exclusive_end": 32, "slot": "origin", "start": 23}, {"exclusive_end": 55, "slot": "departure_date", "start": 36}], "state": {"active_intent": "SearchRoundtripFlights", "requested_slots": [], "slot_values": {"departure_date": ["Wednesday next week"], "destination": ["ATL", "Atlanta"], "origin": ["Las Vegas"], "passengers": ["1"], "return_date": ["March 14th"], "seating_class": ["Premium Economy"]}}}], "speaker": "USER", "utterance": "I will be leaving from Las Vegas on Wednesday next week."}, {"frames": [{"actions": [{"act": "OFFER", "canonical_values": ["Southwest Airlines"], "slot": "airlines", "values": ["Southwest Airlines"]}, {"act": "OFFER", "canonical_values": ["14:35"], "slot": "outbound_departure_time", "values": ["2:35 pm"]}, {"act": "OFFER", "canonical_values": ["06:30"], "slot": "inbound_departure_time", "values": ["6:30 am"]}, {"act": "OFFER", "canonical_values": ["455"], "slot": "fare", "values": ["$455"]}, {"act": "INFORM_COUNT", "canonical_values": ["2"], "slot": "count", "values": ["2"]}], "service": "Flights_2", "service_call": {"method": "SearchRoundtripFlights", "parameters": {"departure_date": "2019-03-06", "destination": "Atlanta", "origin": "Las Vegas", "passengers": "1", "return_date": "2019-03-14", "seating_class": "Premium Economy"}}, "service_results": [{"airlines": "Southwest Airlines", "departure_date": "2019-03-06", "destination": "Atlanta", "destination_airport": "Hartsfield-Jackson International Airport", "fare": "455", "inbound_arrival_time": "12:25", "inbound_departure_time": "06:30", "is_redeye": "True", "number_stops": "1", "origin": "Las Vegas", "origin_airport": "McCarran International Airport", "outbound_arrival_time": "01:24", "outbound_departure_time": "14:35", "passengers": "1", "return_date": "2019-03-14", "seating_class": "Premium Economy"}, {"airlines": "United Airlines", "departure_date": "2019-03-06", "destination": "Atlanta", "destination_airport": "Hartsfield-Jackson International Airport", "fare": "455", "inbound_arrival_time": "20:50", "inbound_departure_time": "15:00", "is_redeye": "True", "number_stops": "1", "origin": "Las Vegas", "origin_airport": "McCarran International Airport", "outbound_arrival_time": "00:21", "outbound_departure_time": "13:40", "passengers": "1", "return_date": "2019-03-14", "seating_class": "Premium Economy"}], "slots": [{"exclusive_end": 76, "slot": "outbound_departure_time", "start": 69}, {"exclusive_end": 116, "slot": "inbound_departure_time", "start": 109}, {"exclusive_end": 153, "slot": "fare", "start": 149}]}], "speaker": "SYSTEM", "utterance": "There are 2 flights. How about Southwest Airlines which takes off at 2:35 pm and returning flight departs at 6:30 am. And the price of the ticket is $455."}, {"frames": [{"actions": [{"act": "SELECT", "canonical_values": [], "slot": "", "values": []}], "service": "Flights_2", "slots": [], "state": {"active_intent": "SearchRoundtripFlights", "requested_slots": [], "slot_values": {"airlines": ["Southwest Airlines"], "departure_date": ["Wednesday next week"], "destination": ["ATL", "Atlanta"], "origin": ["Las Vegas"], "passengers": ["1"], "return_date": ["March 14th"], "seating_class": ["Premium Economy"]}}}], "speaker": "USER", "utterance": "Okay. Thank you for your help."}, {"frames": [{"actions": [{"act": "REQ_MORE", "canonical_values": [], "slot": "", "values": []}], "service": "Flights_2", "slots": []}], "speaker": "SYSTEM", "utterance": "Is there anything else I can help you with?"}, {"frames": [{"actions": [{"act": "NEGATE", "canonical_values": [], "slot": "", "values": []}, {"act": "THANK_YOU", "canonical_values": [], "slot": "", "values": []}], "service": "Flights_2", "slots": [], "state": {"active_intent": "NONE", "requested_slots": [], "slot_values": {"airlines": ["Southwest Airlines"], "departure_date": ["Wednesday next week"], "destination": ["ATL", "Atlanta"], "origin": ["Las Vegas"], "passengers": ["1"], "return_date": ["March 14th"], "seating_class": ["Premium Economy"]}}}], "speaker": "USER", "utterance": "No. That will be all. Thank you!"}, {"frames": [{"actions": [{"act": "GOODBYE", "canonical_values": [], "slot": "", "values": []}], "service": "Flights_2", "slots": []}], "speaker": "SYSTEM", "utterance": "I am glad I could help. Have a nice day!"}]}]