[{"dialogue_id": "42_00000", "services": ["Hotels_1"], "turns": [{"frames": [{"actions": [{"act": "INFORM_INTENT", "canonical_values": ["SearchHotel"], "slot": "intent", "values": ["SearchHotel"]}], "service": "Hotels_1", "slots": [], "state": {"active_intent": "SearchHotel", "requested_slots": [], "slot_values": {}}}], "speaker": "USER", "utterance": "I would like a hotel room."}, {"frames": [{"actions": [{"act": "REQUEST", "canonical_values": [], "slot": "destination", "values": []}], "service": "Hotels_1", "slots": []}], "speaker": "SYSTEM", "utterance": "What city should I look in?"}, {"frames": [{"actions": [{"act": "INFORM", "canonical_values": ["Los Angeles"], "slot": "destination", "values": ["LAX"]}], "service": "Hotels_1", "slots": [{"exclusive_end": 21, "slot": "destination", "start": 18}], "state": {"active_intent": "SearchHotel", "requested_slots": [], "slot_values": {"destination": ["LAX"]}}}], "speaker": "USER", "utterance": "I want a hotel in LAX."}, {"frames": [{"actions": [{"act": "OFFER", "canonical_values": ["Ac Hotel By Marriott Beverly Hills"], "slot": "hotel_name", "values": ["Ac Hotel By Marriott Beverly Hills"]}, {"act": "OFFER", "canonical_values": ["2"], "slot": "star_rating", "values": ["2"]}, {"act": "INFORM_COUNT", "canonical_values": ["10"], "slot": "count", "values": ["10"]}], "service": "Hotels_1", "service_call": {"method": "SearchHotel", "parameters": {"destination": "Los Angeles"}}, "service_results": [{"destination": "Los Angeles", "has_wifi": "True", "hotel_name": "Ac Hotel By Marriott Beverly Hills", "number_of_rooms": "3", "phone_number": "+1 323-852-7000", "price_per_night": "138", "star_rating": "2", "street_address": "6399 Wilshire Boulevard"}, {"destination": "Los Angeles", "has_wifi": "True", "hotel_name": "Best Western Plus Dragon Gate Inn", "number_of_rooms": "2", "phone_number": "+1 213-617-3077", "price_per_night": "136", "star_rating": "2", "street_address": "818 North Hill Street"}, {"destination": "Los Angeles", "has_wifi": "True", "hotel_name": "Beverly Hills Marriott", "number_of_rooms": "1", "phone_number": "+1 310-553-6561", "price_per_night": "140", "star_rating": "4", "street_address": "1150 South Beverly Drive"}, {"destination": "Los Angeles", "has_wifi": "True", "hotel_name": "Beverly Laurel Motor Hotel", "number_of_rooms": "2", "phone_number": "+1 800-947-7666", "price_per_night": "80", "star_rating": "2", "street_address": "8018 Beverly Boulevard"}, {"destination": "Los Angeles", "has_wifi": "True", "hotel_name": "Courtyard By Marriott Los Angeles Century City/Beverly Hills", "number_of_rooms": "2", "phone_number": "+1 310-556-2777", "price_per_night": "126", "star_rating": "3", "street_address": "10320 West Olympic Boulevard"}, {"destination": "Los Angeles", "has_wifi": "True", "hotel_name": "Courtyard By Marriott Los Angeles L.A. Live", "number_of_rooms": "2", "phone_number": "+1 213-443-9222", "price_per_night": "144", "star_rating": "3", "street_address": "901 West Olympic Boulevard"}, {"destination": "Los Angeles", "has_wifi": "True", "hotel_name": "Courtyard By Marriott Los Angeles Lax/Century Boulevard", "number_of_rooms": "2", "phone_number": "+1 310-649-1400", "price_per_night": "234", "star_rating": "3", "street_address": "6161 West Century Boulevard"}, {"destination": "Los Angeles", "has_wifi": "True", "hotel_name": "Crowne Plaza Los Angeles Airport", "number_of_rooms": "2", "phone_number": "+1 310-642-7500", "price_per_night": "288", "star_rating": "4", "street_address": "5985 West Century Boulevard"}, {"destination": "Los Angeles", "has_wifi": "True", "hotel_name": "Dunes Inn - Wilshire", "number_of_rooms": "3", "phone_number": "+1 323-938-3617", "price_per_night": "186", "star_rating": "2", "street_address": "4300 Wilshire Boulevard"}, {"destination": "Los Angeles", "has_wifi": "True", "hotel_name": "Embassy Suites By Hilton Los Angeles International Airport North", "number_of_rooms": "2", "phone_number": "+1 310-215-1000", "price_per_night": "228", "star_rating": "3", "street_address": "9801 Airport Boulevard"}], "slots": [{"exclusive_end": 99, "slot": "hotel_name", "start": 65}]}], "speaker": "SYSTEM", "utterance": "I have 10 hotels that match what you are looking for. What about Ac Hotel By Marriott Beverly Hills? It is a 2 star."}, {"frames": [{"actions": [{"act": "REQUEST", "canonical_values": [], "slot": "price_per_night", "values": []}, {"act": "REQUEST", "canonical_values": [], "slot": "street_address", "values": []}], "service": "Hotels_1", "slots": [], "state": {"active_intent": "SearchHotel", "requested_slots": ["price_per_night", "street_address"], "slot_values": {"destination": ["LAX"]}}}], "speaker": "USER", "utterance": "How much is it per night and what is the address?"}, {"frames": [{"actions": [{"act": "INFORM", "canonical_values": ["138"], "slot": "price_per_night", "values": ["$138"]}, {"act": "INFORM", "canonical_values": ["6399 Wilshire Boulevard"], "slot": "street_address", "values": ["6399 Wilshire Boulevard"]}], "service": "Hotels_1", "slots": [{"exclusive_end": 16, "slot": "price_per_night", "start": 12}, {"exclusive_end": 70, "slot": "street_address", "start": 47}]}], "speaker": "SYSTEM", "utterance": "The room is $138 per night and it's located at 6399 Wilshire Boulevard."}, {"frames": [{"actions": [{"act": "INFORM", "canonical_values": ["2019-03-03"], "slot": "check_in_date", "values": ["the 3rd"]}, {"act": "INFORM_INTENT", "canonical_values": ["ReserveHotel"], "slot": "intent", "values": ["ReserveHotel"]}, {"act": "SELECT", "canonical_values": [], "slot": "", "values": []}], "service": "Hotels_1", "slots": [{"exclusive_end": 90, "slot": "check_in_date", "start": 83}], "state": {"active_intent": "ReserveHotel", "requested_slots": [], "slot_values": {"check_in_date": ["the 3rd"], "destination": ["LAX"], "hotel_name": ["Ac Hotel By Marriott Beverly Hills"]}}}], "speaker": "USER", "utterance": "That sounds great. I would like to make a reservation at the hotel for check in on the 3rd."}, {"frames": [{"actions": [{"act": "REQUEST", "canonical_values": [], "slot": "number_of_days", "values": []}], "service": "Hotels_1", "slots": []}], "speaker": "SYSTEM", "utterance": "How many days would the reservation be for?"}, {"frames": [{"actions": [{"act": "INFORM", "canonical_values": ["2"], "slot": "number_of_days", "values": ["2"]}], "service": "Hotels_1", "slots": [{"exclusive_end": 21, "slot": "number_of_days", "start": 20}], "state": {"active_intent": "ReserveHotel", "requested_slots": [], "slot_values": {"check_in_date": ["the 3rd"], "destination": ["LAX"], "hotel_name": ["Ac Hotel By Marriott Beverly Hills"], "number_of_days": ["2"]}}}], "speaker": "USER", "utterance": "I need the room for 2 days."}, {"frames": [{"actions": [{"act": "CONFIRM", "canonical_values": ["Ac Hotel By Marriott Beverly Hills"], "slot": "hotel_name", "values": ["Ac Hotel By Marriott Beverly Hills"]}, {"act": "CONFIRM", "canonical_values": ["2019-03-03"], "slot": "check_in_date", "values": ["day after tomorrow"]}, {"act": "CONFIRM", "canonical_values": ["2"], "slot": "number_of_days", "values": ["2"]}, {"act": "CONFIRM", "canonical_values": ["Los Angeles"], "slot": "destination", "values": ["Los Angeles"]}, {"act": "CONFIRM", "canonical_values": ["1"], "slot": "number_of_rooms", "values": ["1"]}], "service": "Hotels_1", "slots": [{"exclusive_end": 81, "slot": "hotel_name", "start": 47}, {"exclusive_end": 123, "slot": "check_in_date", "start": 105}, {"exclusive_end": 129, "slot": "number_of_days", "start": 128}, {"exclusive_end": 149, "slot": "destination", "start": 138}]}], "speaker": "SYSTEM", "utterance": "Could you confirm that you want to stay at the Ac Hotel By Marriott Beverly Hills? You will check in the day after tomorrow for 2 days in Los Angeles, and you need 1 room."}, {"frames": [{"actions": [{"act": "AFFIRM", "canonical_values": [], "slot": "", "values": []}], "service": "Hotels_1", "slots": [], "state": {"active_intent": "ReserveHotel", "requested_slots": [], "slot_values": {"check_in_date": ["day after tomorrow", "the 3rd"], "destination": ["LAX", "Los Angeles"], "hotel_name": ["Ac Hotel By Marriott Beverly Hills"], "number_of_days": ["2"], "number_of_rooms": ["1"]}}}], "speaker": "USER", "utterance": "Yes that is great."}, {"frames": [{"actions": [{"act": "NOTIFY_SUCCESS", "canonical_values": [], "slot": "", "values": []}], "service": "Hotels_1", "service_call": {"method": "ReserveHotel", "parameters": {"check_in_date": "2019-03-03", "destination": "Los Angeles", "hotel_name": "Ac Hotel By Marriott Beverly Hills", "number_of_days": "2", "number_of_rooms": "1"}}, "service_results": [{"check_in_date": "2019-03-03", "destination": "Los Angeles", "has_wifi": "True", "hotel_name": "Ac Hotel By Marriott Beverly Hills", "number_of_days": "2", "number_of_rooms": "1", "phone_number": "+1 323-852-7000", "price_per_night": "138", "star_rating": "2", "street_address": "6399 Wilshire Boulevard"}], "slots": []}], "speaker": "SYSTEM", "utterance": "Your reservation has been made."}, {"frames": [{"actions": [{"act": "THANK_YOU", "canonical_values": [], "slot": "", "values": []}, {"act": "GOODBYE", "canonical_values": [], "slot": "", "values": []}], "service": "Hotels_1", "slots": [], "state": {"active_intent": "ReserveHotel", "requested_slots": [], "slot_values": {"check_in_date": ["day after tomorrow", "the 3rd"], "destination": ["LAX", "Los Angeles"], "hotel_name": ["Ac Hotel By Marriott Beverly Hills"], "number_of_days": ["2"], "number_of_rooms": ["1"]}}}], "speaker": "USER", "utterance": "Thank you kindly. That is all I need help with."}, {"frames": [{"actions": [{"act": "GOODBYE", "canonical_values": [], "slot": "", "values": []}], "service": "Hotels_1", "slots": []}], "speaker": "SYSTEM", "utterance": "Have a great one."}]}, {"dialogue_id": "42_00001", "services": ["Hotels_1"], "turns": [{"frames": [{"actions": [{"act": "INFORM_INTENT", "canonical_values": ["SearchHotel"], "slot": "intent", "values": ["SearchHotel"]}], "service": "Hotels_1", "slots": [], "state": {"active_intent": "SearchHotel", "requested_slots": [], "slot_values": {}}}], "speaker": "USER", "utterance": "I would like to search for a hotel room."}, {"frames": [{"actions": [{"act": "REQUEST", "canonical_values": [], "slot": "destination", "values": []}], "service": "Hotels_1", "slots": []}], "speaker": "SYSTEM", "utterance": "What is your preferred location?"}, {"frames": [{"actions": [{"act": "INFORM", "canonical_values": ["Kuala Lumpur"], "slot": "destination", "values": ["KL"]}], "service": "Hotels_1", "slots": [{"exclusive_end": 22, "slot": "destination", "start": 20}], "state": {"active_intent": "SearchHotel", "requested_slots": [], "slot_values": {"destination": ["KL"]}}}], "speaker": "USER", "utterance": "I prefer to stay in KL."}, {"frames": [{"actions": [{"act": "OFFER", "canonical_values": ["Alila Bangsar"], "slot": "hotel_name", "values": ["Alila Bangsar"]}, {"act": "OFFER", "canonical_values": ["5"], "slot": "star_rating", "values": ["5"]}], "service": "Hotels_1", "service_call": {"method": "SearchHotel", "parameters": {"destination": "Kuala Lumpur"}}, "service_results": [{"destination": "Kuala Lumpur", "has_wifi": "False", "hotel_name": "Alila Bangsar", "number_of_rooms": "3", "phone_number": "+60 3-2268 3888", "price_per_night": "465", "star_rating": "5", "street_address": "East Side, 58, Jalan Ang Seng, Brickfields, 50470"}, {"destination": "Kuala Lumpur", "has_wifi": "False", "hotel_name": "Aloft Kuala Lumpur Sentral", "number_of_rooms": "2", "phone_number": "+60 3-2723 1188", "price_per_night": "256", "star_rating": "4", "street_address": "No. 5, Jalan Stesen Sentral, 50470 Kuala Lumpur, Wilayah Persekutuan"}, {"destination": "Kuala Lumpur", "has_wifi": "False", "hotel_name": "Ancasa Hotel & Spa Kuala Lumpur", "number_of_rooms": "3", "phone_number": "+60 3-2026 6060", "price_per_night": "279", "star_rating": "3", "street_address": "Jalan Tun Tan Cheng Lock, City Centre, 50500 Kuala Lumpur, Wilayah Persekutuan"}, {"destination": "Kuala Lumpur", "has_wifi": "False", "hotel_name": "Arenaa Star Hotel", "number_of_rooms": "1", "phone_number": "+60 3-2078 0988", "price_per_night": "114", "star_rating": "3", "street_address": "49-51, Jalan Hang Lekiu, 50100"}, {"destination": "Kuala Lumpur", "has_wifi": "False", "hotel_name": "Banyan Tree Kuala Lumpur", "number_of_rooms": "1", "phone_number": "+60 3-2113 1888", "price_per_night": "135", "star_rating": "5", "street_address": "2, Jalan Conlay, 50450 Kuala Lumpur, Wilayah Persekutuan"}, {"destination": "Kuala Lumpur", "has_wifi": "False", "hotel_name": "Citin Hotel Masjid Jamek", "number_of_rooms": "3", "phone_number": "+60 3-2693 2999", "price_per_night": "288", "star_rating": "3", "street_address": "33, Jalan Melayu, City Centre, 50100 Kuala Lumpur, Wilayah Persekutuan"}, {"destination": "Kuala Lumpur", "has_wifi": "False", "hotel_name": "Cititel Mid Valley", "number_of_rooms": "3", "phone_number": "+60 3-2296 1188", "price_per_night": "243", "star_rating": "3", "street_address": "Lingkaran Syed Putra, Mid Valley City, 59200 Kuala Lumpur, Wilayah Persekutuan"}, {"destination": "Kuala Lumpur", "has_wifi": "False", "hotel_name": "Concorde Hotel Kuala Lumpur", "number_of_rooms": "1", "phone_number": "+60 3-2144 2200", "price_per_night": "132", "star_rating": "4", "street_address": "2, Jalan Sultan Ismail, Kuala Lumpur, 50250 Kuala Lumpur, Wilayah Persekutuan"}, {"destination": "Kuala Lumpur", "has_wifi": "False", "hotel_name": "Container Hotel", "number_of_rooms": "2", "phone_number": "+60 12-702 2851", "price_per_night": "148", "star_rating": "2", "street_address": "Jalan Delima, Imbi, 55100 Kuala Lumpur, Wilayah Persekutuan"}, {"destination": "Kuala Lumpur", "has_wifi": "False", "hotel_name": "Corus Hotel Kuala Lumpur", "number_of_rooms": "1", "phone_number": "+60 3-2161 8888", "price_per_night": "124", "star_rating": "4", "street_address": "Jalan Ampang, Hampshire Park, 50450 Kuala Lumpur, Wilayah Persekutuan"}], "slots": [{"exclusive_end": 53, "slot": "hotel_name", "start": 40}]}], "speaker": "SYSTEM", "utterance": "I have found a nice 5 star hotel called Alila Bangsar."}, {"frames": [{"actions": [{"act": "REQUEST", "canonical_values": [], "slot": "price_per_night", "values": []}, {"act": "REQUEST", "canonical_values": [], "slot": "phone_number", "values": []}], "service": "Hotels_1", "slots": [], "state": {"active_intent": "SearchHotel", "requested_slots": ["phone_number", "price_per_night"], "slot_values": {"destination": ["KL"]}}}], "speaker": "USER", "utterance": "What is the cost to stay there per night and their contact number?"}, {"frames": [{"actions": [{"act": "INFORM", "canonical_values": ["+60 3-2268 3888"], "slot": "phone_number", "values": ["+60 3-2268 3888"]}, {"act": "INFORM", "canonical_values": ["465"], "slot": "price_per_night", "values": ["$465"]}], "service": "Hotels_1", "slots": [{"exclusive_end": 89, "slot": "phone_number", "start": 74}, {"exclusive_end": 34, "slot": "price_per_night", "start": 30}]}], "speaker": "SYSTEM", "utterance": "The room will set you back at $465 per night, and you can contact them at +60 3-2268 3888."}, {"frames": [{"actions": [{"act": "INFORM", "canonical_values": ["New York"], "slot": "destination", "values": ["New York City"]}, {"act": "INFORM", "canonical_values": ["True"], "slot": "has_wifi", "values": ["True"]}, {"act": "REQUEST_ALTS", "canonical_values": [], "slot": "", "values": []}], "service": "Hotels_1", "slots": [{"exclusive_end": 55, "slot": "destination", "start": 42}], "state": {"active_intent": "SearchHotel", "requested_slots": [], "slot_values": {"destination": ["New York City"], "has_wifi": ["True"]}}}], "speaker": "USER", "utterance": "Are there any hotels with wifi service in New York City?"}, {"frames": [{"actions": [{"act": "OFFER", "canonical_values": ["1 Hotel Brooklyn Bridge"], "slot": "hotel_name", "values": ["1 Hotel Brooklyn Bridge"]}, {"act": "OFFER", "canonical_values": ["4"], "slot": "star_rating", "values": ["4"]}], "service": "Hotels_1", "service_call": {"method": "SearchHotel", "parameters": {"destination": "New York", "has_wifi": "True"}}, "service_results": [{"destination": "New York", "has_wifi": "True", "hotel_name": "1 Hotel Brooklyn Bridge", "number_of_rooms": "1", "phone_number": "+1 833-625-6111", "price_per_night": "80", "star_rating": "4", "street_address": "60 Furman Street, Brooklyn"}, {"destination": "New York", "has_wifi": "True", "hotel_name": "1 Hotel Central Park", "number_of_rooms": "1", "phone_number": "+1 212-703-2001", "price_per_night": "150", "star_rating": "5", "street_address": "1414 6th Avenue"}, {"destination": "New York", "has_wifi": "True", "hotel_name": "11 Howard", "number_of_rooms": "2", "phone_number": "+1 212-235-1111", "price_per_night": "168", "star_rating": "3", "street_address": "11 Howard Street"}, {"destination": "New York", "has_wifi": "True", "hotel_name": "6 Columbus Hotel", "number_of_rooms": "2", "phone_number": "+1 212-204-3000", "price_per_night": "208", "star_rating": "4", "street_address": "308 West 58th Street"}, {"destination": "New York", "has_wifi": "True", "hotel_name": "Ac Hotel New York Times Square", "number_of_rooms": "2", "phone_number": "+1 212-398-2700", "price_per_night": "272", "star_rating": "4", "street_address": "260 West 40th Street"}, {"destination": "New York", "has_wifi": "True", "hotel_name": "Ace Hotel", "number_of_rooms": "3", "phone_number": "+1 212-991-0551", "price_per_night": "468", "star_rating": "4", "street_address": "20 West 29th Street"}, {"destination": "New York", "has_wifi": "True", "hotel_name": "Adria Hotel & Conference Center", "number_of_rooms": "2", "phone_number": "+1 718-631-5900", "price_per_night": "156", "star_rating": "3", "street_address": "221-17 Northern Boulevard, Bayside"}, {"destination": "New York", "has_wifi": "True", "hotel_name": "Aka Central Park", "number_of_rooms": "1", "phone_number": "+1 646-744-3100", "price_per_night": "152", "star_rating": "4", "street_address": "42 West 58th Street"}, {"destination": "New York", "has_wifi": "True", "hotel_name": "Aka Times Square", "number_of_rooms": "1", "phone_number": "+1 212-764-5700", "price_per_night": "80", "star_rating": "4", "street_address": "123 West 44th Street"}, {"destination": "New York", "has_wifi": "True", "hotel_name": "Aka Wall Street", "number_of_rooms": "3", "phone_number": "+1 212-252-9090", "price_per_night": "312", "star_rating": "4", "street_address": "84 William Street"}], "slots": [{"exclusive_end": 58, "slot": "hotel_name", "start": 35}]}], "speaker": "SYSTEM", "utterance": "I have found a 4 star hotel called 1 Hotel Brooklyn Bridge."}, {"frames": [{"actions": [{"act": "REQUEST_ALTS", "canonical_values": [], "slot": "", "values": []}], "service": "Hotels_1", "slots": [], "state": {"active_intent": "SearchHotel", "requested_slots": [], "slot_values": {"destination": ["New York City"], "has_wifi": ["True"]}}}], "speaker": "USER", "utterance": "I see, are there any alternative hotels?"}, {"frames": [{"actions": [{"act": "OFFER", "canonical_values": ["1 Hotel Central Park"], "slot": "hotel_name", "values": ["1 Hotel Central Park"]}, {"act": "OFFER", "canonical_values": ["5"], "slot": "star_rating", "values": ["5"]}], "service": "Hotels_1", "slots": [{"exclusive_end": 57, "slot": "hotel_name", "start": 37}]}], "speaker": "SYSTEM", "utterance": "There is also a 5 start hotel called 1 Hotel Central Park."}, {"frames": [{"actions": [{"act": "INFORM_INTENT", "canonical_values": ["ReserveHotel"], "slot": "intent", "values": ["ReserveHotel"]}, {"act": "SELECT", "canonical_values": [], "slot": "", "values": []}], "service": "Hotels_1", "slots": [], "state": {"active_intent": "ReserveHotel", "requested_slots": [], "slot_values": {"destination": ["New York City"], "has_wifi": ["True"], "hotel_name": ["1 Hotel Central Park"]}}}], "speaker": "USER", "utterance": "That sounds great! Could you help me make a reservation?"}, {"frames": [{"actions": [{"act": "REQUEST", "canonical_values": [], "slot": "number_of_days", "values": []}], "service": "Hotels_1", "slots": []}], "speaker": "SYSTEM", "utterance": "How long would the reservation be for?"}, {"frames": [{"actions": [{"act": "INFORM", "canonical_values": ["1"], "slot": "number_of_rooms", "values": ["1"]}, {"act": "INFORM", "canonical_values": ["2019-03-01"], "slot": "check_in_date", "values": ["March 1st"]}, {"act": "INFORM", "canonical_values": ["3"], "slot": "number_of_days", "values": ["3"]}], "service": "Hotels_1", "slots": [{"exclusive_end": 64, "slot": "check_in_date", "start": 55}, {"exclusive_end": 70, "slot": "number_of_days", "start": 69}], "state": {"active_intent": "ReserveHotel", "requested_slots": [], "slot_values": {"check_in_date": ["March 1st"], "destination": ["New York City"], "has_wifi": ["True"], "hotel_name": ["1 Hotel Central Park"], "number_of_days": ["3"], "number_of_rooms": ["1"]}}}], "speaker": "USER", "utterance": "I would like to make a reservation for one room on the March 1st for 3 days."}, {"frames": [{"actions": [{"act": "CONFIRM", "canonical_values": ["1 Hotel Central Park"], "slot": "hotel_name", "values": ["1 Hotel Central Park"]}, {"act": "CONFIRM", "canonical_values": ["2019-03-01"], "slot": "check_in_date", "values": ["today"]}, {"act": "CONFIRM", "canonical_values": ["3"], "slot": "number_of_days", "values": ["3"]}, {"act": "CONFIRM", "canonical_values": ["New York"], "slot": "destination", "values": ["New York"]}, {"act": "CONFIRM", "canonical_values": ["1"], "slot": "number_of_rooms", "values": ["1"]}], "service": "Hotels_1", "slots": [{"exclusive_end": 65, "slot": "hotel_name", "start": 45}, {"exclusive_end": 105, "slot": "check_in_date", "start": 100}, {"exclusive_end": 145, "slot": "number_of_days", "start": 144}, {"exclusive_end": 77, "slot": "destination", "start": 69}]}], "speaker": "SYSTEM", "utterance": "Please confirm your reservation of 1 room at 1 Hotel Central Park in New York. The check-in will be today and the reservation is for a total of 3 days."}, {"frames": [{"actions": [{"act": "INFORM", "canonical_values": ["2019-03-08"], "slot": "check_in_date", "values": ["8th of March"]}, {"act": "INFORM", "canonical_values": ["4"], "slot": "number_of_days", "values": ["four"]}, {"act": "NEGATE", "canonical_values": [], "slot": "", "values": []}], "service": "Hotels_1", "slots": [{"exclusive_end": 97, "slot": "check_in_date", "start": 85}, {"exclusive_end": 53, "slot": "number_of_days", "start": 49}], "state": {"active_intent": "ReserveHotel", "requested_slots": [], "slot_values": {"check_in_date": ["8th of March"], "destination": ["New York", "New York City"], "has_wifi": ["True"], "hotel_name": ["1 Hotel Central Park"], "number_of_days": ["four"], "number_of_rooms": ["1"]}}}], "speaker": "USER", "utterance": "Could you instead help to make a reservation for four days instead starting from the 8th of March?"}, {"frames": [{"actions": [{"act": "CONFIRM", "canonical_values": ["2019-03-08"], "slot": "check_in_date", "values": ["next Friday"]}, {"act": "CONFIRM", "canonical_values": ["4"], "slot": "number_of_days", "values": ["4"]}], "service": "Hotels_1", "slots": [{"exclusive_end": 71, "slot": "check_in_date", "start": 60}, {"exclusive_end": 43, "slot": "number_of_days", "start": 42}]}], "speaker": "SYSTEM", "utterance": "Sure, please confirm your reservation for 4 days commencing next Friday."}, {"frames": [{"actions": [{"act": "INFORM", "canonical_values": ["2"], "slot": "number_of_rooms", "values": ["2"]}, {"act": "NEGATE", "canonical_values": [], "slot": "", "values": []}], "service": "Hotels_1", "slots": [], "state": {"active_intent": "ReserveHotel", "requested_slots": [], "slot_values": {"check_in_date": ["8th of March", "next Friday"], "destination": ["New York", "New York City"], "has_wifi": ["True"], "hotel_name": ["1 Hotel Central Park"], "number_of_days": ["4", "four"], "number_of_rooms": ["2"]}}}], "speaker": "USER", "utterance": "Could I book 2 rooms instead?"}, {"frames": [{"actions": [{"act": "CONFIRM", "canonical_values": ["2019-03-08"], "slot": "check_in_date", "values": ["next Friday"]}, {"act": "CONFIRM", "canonical_values": ["2"], "slot": "number_of_rooms", "values": ["2"]}], "service": "Hotels_1", "slots": [{"exclusive_end": 46, "slot": "check_in_date", "start": 35}]}], "speaker": "SYSTEM", "utterance": "Please confirm your reservation on next Friday for 2 rooms."}, {"frames": [{"actions": [{"act": "REQUEST", "canonical_values": [], "slot": "phone_number", "values": []}, {"act": "REQUEST", "canonical_values": [], "slot": "street_address", "values": []}, {"act": "AFFIRM", "canonical_values": [], "slot": "", "values": []}], "service": "Hotels_1", "slots": [], "state": {"active_intent": "ReserveHotel", "requested_slots": ["phone_number", "street_address"], "slot_values": {"check_in_date": ["8th of March", "next Friday"], "destination": ["New York", "New York City"], "has_wifi": ["True"], "hotel_name": ["1 Hotel Central Park"], "number_of_days": ["4", "four"], "number_of_rooms": ["2"]}}}], "speaker": "USER", "utterance": "That's fine for me, may I have the contact number and address of this hotel?"}, {"frames": [{"actions": [{"act": "INFORM", "canonical_values": ["+1 212-703-2001"], "slot": "phone_number", "values": ["+1 212-703-2001"]}, {"act": "INFORM", "canonical_values": ["1414 6th Avenue"], "slot": "street_address", "values": ["1414 6th Avenue"]}, {"act": "NOTIFY_SUCCESS", "canonical_values": [], "slot": "", "values": []}], "service": "Hotels_1", "service_call": {"method": "ReserveHotel", "parameters": {"check_in_date": "2019-03-08", "destination": "New York", "hotel_name": "1 Hotel Central Park", "number_of_days": "4", "number_of_rooms": "2"}}, "service_results": [{"check_in_date": "2019-03-08", "destination": "New York", "has_wifi": "True", "hotel_name": "1 Hotel Central Park", "number_of_days": "4", "number_of_rooms": "2", "phone_number": "+1 212-703-2001", "price_per_night": "420", "star_rating": "5", "street_address": "1414 6th Avenue"}], "slots": [{"exclusive_end": 71, "slot": "phone_number", "start": 56}, {"exclusive_end": 111, "slot": "street_address", "start": 96}]}], "speaker": "SYSTEM", "utterance": "Your reservation has been made. You can contact them at +1 212-703-2001 and they are located at 1414 6th Avenue."}, {"frames": [{"actions": [{"act": "THANK_YOU", "canonical_values": [], "slot": "", "values": []}, {"act": "GOODBYE", "canonical_values": [], "slot": "", "values": []}], "service": "Hotels_1", "slots": [], "state": {"active_intent": "ReserveHotel", "requested_slots": [], "slot_values": {"check_in_date": ["8th of March", "next Friday"], "destination": ["New York", "New York City"], "has_wifi": ["True"], "hotel_name": ["1 Hotel Central Park"], "number_of_days": ["4", "four"], "number_of_rooms": ["2"]}}}], "speaker": "USER", "utterance": "That's great, that's all I need for now."}, {"frames": [{"actions": [{"act": "GOODBYE", "canonical_values": [], "slot": "", "values": []}], "service": "Hotels_1", "slots": []}], "speaker": "SYSTEM", "utterance": "No problem, have a great day ahead!"}]}, {"dialogue_id": "42_00002", "services": ["Hotels_1"], "turns": [{"frames": [{"actions": [{"act": "INFORM", "canonical_values": ["Delhi"], "slot": "destination", "values": ["New Delhi"]}, {"act": "INFORM_INTENT", "canonical_values": ["SearchHotel"], "slot": "intent", "values": ["SearchHotel"]}], "service": "Hotels_1", "slots": [{"exclusive_end": 34, "slot": "destination", "start": 25}], "state": {"active_intent": "SearchHotel", "requested_slots": [], "slot_values": {"destination": ["New Delhi"]}}}], "speaker": "USER", "utterance": "Get me your best room in New Delhi, pronto."}, {"frames": [{"actions": [{"act": "OFFER", "canonical_values": ["Aloft New Delhi Aerocity"], "slot": "hotel_name", "values": ["Aloft New Delhi Aerocity"]}, {"act": "OFFER", "canonical_values": ["4"], "slot": "star_rating", "values": ["4"]}, {"act": "INFORM_COUNT", "canonical_values": ["10"], "slot": "count", "values": ["10"]}], "service": "Hotels_1", "service_call": {"method": "SearchHotel", "parameters": {"destination": "Delhi"}}, "service_results": [{"destination": "Delhi", "has_wifi": "False", "hotel_name": "Aloft New Delhi Aerocity", "number_of_rooms": "1", "phone_number": "+91 11 4565 0000", "price_per_night": "152", "star_rating": "4", "street_address": "5B Igi T3 Road, Delhi - Ajmer Expressway, Aerocity, New Delhi"}, {"destination": "Delhi", "has_wifi": "False", "hotel_name": "Andaz Delhi - A Concept By Hyatt", "number_of_rooms": "1", "phone_number": "+91 11 4903 1234", "price_per_night": "135", "star_rating": "5", "street_address": "Asset, Street Number 1, New Delhi"}, {"destination": "Delhi", "has_wifi": "False", "hotel_name": "Bloomrooms @ New Delhi Railway Station", "number_of_rooms": "2", "phone_number": "+91 11 4122 5666", "price_per_night": "192", "star_rating": "3", "street_address": "8591, Arakashan Road, Opp New Delhi Railway Station, New Delhi"}, {"destination": "Delhi", "has_wifi": "False", "hotel_name": "Calista Resort", "number_of_rooms": "3", "phone_number": "+91 11 4103 4591", "price_per_night": "342", "star_rating": "3", "street_address": "37/2-4 Old, National Highway 48, Kapas Hera, New Delhi"}, {"destination": "Delhi", "has_wifi": "False", "hotel_name": "Crowne Plaza New Delhi Mayur Vihar Noida", "number_of_rooms": "2", "phone_number": "+91 11 4110 2222", "price_per_night": "240", "star_rating": "4", "street_address": "13 B, District Centre, Mayur Vihar, New Delhi"}, {"destination": "Delhi", "has_wifi": "False", "hotel_name": "Crowne Plaza New Delhi Okhla", "number_of_rooms": "1", "phone_number": "+91 11 4646 2000", "price_per_night": "175", "star_rating": "5", "street_address": "Plot No 1, Community Center, Okhla Phase I, New Delhi"}, {"destination": "Delhi", "has_wifi": "False", "hotel_name": "Deemarks Hotel & Resorts Conference Venues Corporate Event In Mahipalpur Near Airport In South Delhi", "number_of_rooms": "3", "phone_number": "+91 11 2506 0721", "price_per_night": "225", "star_rating": "3", "street_address": "Shiv Murti, Nh-8, Delhi - Jaipur Expressway, Rangpuri, New Delhi"}, {"destination": "Delhi", "has_wifi": "False", "hotel_name": "Four Points By Sheraton New Delhi, Airport Highway", "number_of_rooms": "1", "phone_number": "+91 11 6604 0000", "price_per_night": "80", "star_rating": "4", "street_address": "Plot no 9, National Highway - 8, Samalka, New Delhi"}, {"destination": "Delhi", "has_wifi": "False", "hotel_name": "Haveli Dharampura", "number_of_rooms": "2", "phone_number": "+91 11 2326 1000", "price_per_night": "200", "star_rating": "4", "street_address": "Haveli Dharampura, 2293, Gali Gulian, Chandni Chowk, New Delhi"}, {"destination": "Delhi", "has_wifi": "False", "hotel_name": "Hilton Garden Inn New Delhi/Saket", "number_of_rooms": "3", "phone_number": "+91 11 3919 1919", "price_per_night": "384", "star_rating": "4", "street_address": "A4, DLF Place, Saket District Centre, New Delhi"}], "slots": [{"exclusive_end": 70, "slot": "hotel_name", "start": 46}]}], "speaker": "SYSTEM", "utterance": "There are 10 options, let's start at the top, Aloft New Delhi Aerocity is a 4 star outfit."}, {"frames": [{"actions": [{"act": "REQUEST", "canonical_values": [], "slot": "has_wifi", "values": []}, {"act": "REQUEST", "canonical_values": [], "slot": "street_address", "values": []}], "service": "Hotels_1", "slots": [], "state": {"active_intent": "SearchHotel", "requested_slots": ["has_wifi", "street_address"], "slot_values": {"destination": ["New Delhi"]}}}], "speaker": "USER", "utterance": "They have wifi right? What's the address?"}, {"frames": [{"actions": [{"act": "INFORM", "canonical_values": ["False"], "slot": "has_wifi", "values": ["False"]}, {"act": "INFORM", "canonical_values": ["5B Igi T3 Road, Delhi - Ajmer Expressway, Aerocity, New Delhi"], "slot": "street_address", "values": ["5B Igi T3 Road, Delhi - Ajmer Expressway, Aerocity, New Delhi"]}], "service": "Hotels_1", "slots": [{"exclusive_end": 82, "slot": "street_address", "start": 21}]}], "speaker": "SYSTEM", "utterance": "No wifi. They are on 5B Igi T3 Road, Delhi - Ajmer Expressway, Aerocity, New Delhi."}, {"frames": [{"actions": [{"act": "INFORM", "canonical_values": ["1"], "slot": "star_rating", "values": ["1"]}, {"act": "REQUEST_ALTS", "canonical_values": [], "slot": "", "values": []}], "service": "Hotels_1", "slots": [], "state": {"active_intent": "SearchHotel", "requested_slots": [], "slot_values": {"destination": ["New Delhi"], "star_rating": ["1"]}}}], "speaker": "USER", "utterance": "I changed my mind. I want 1 star hotels now."}, {"frames": [{"actions": [{"act": "OFFER", "canonical_values": ["Andaz Delhi - A Concept By Hyatt"], "slot": "hotel_name", "values": ["Andaz Delhi - a Concept by Hyatt"]}, {"act": "OFFER", "canonical_values": ["1"], "slot": "star_rating", "values": ["1"]}], "service": "Hotels_1", "service_call": {"method": "SearchHotel", "parameters": {"destination": "Delhi", "star_rating": "1"}}, "service_results": [{"destination": "Delhi", "has_wifi": "False", "hotel_name": "Aloft New Delhi Aerocity", "number_of_rooms": "1", "phone_number": "+91 11 4565 0000", "price_per_night": "152", "star_rating": "1", "street_address": "5B Igi T3 Road, Delhi - Ajmer Expressway, Aerocity, New Delhi"}, {"destination": "Delhi", "has_wifi": "False", "hotel_name": "Andaz Delhi - A Concept By Hyatt", "number_of_rooms": "1", "phone_number": "+91 11 4903 1234", "price_per_night": "135", "star_rating": "1", "street_address": "Asset, Street Number 1, New Delhi"}, {"destination": "Delhi", "has_wifi": "False", "hotel_name": "Bloomrooms @ New Delhi Railway Station", "number_of_rooms": "2", "phone_number": "+91 11 4122 5666", "price_per_night": "192", "star_rating": "1", "street_address": "8591, Arakashan Road, Opp New Delhi Railway Station, New Delhi"}, {"destination": "Delhi", "has_wifi": "False", "hotel_name": "Calista Resort", "number_of_rooms": "3", "phone_number": "+91 11 4103 4591", "price_per_night": "342", "star_rating": "1", "street_address": "37/2-4 Old, National Highway 48, Kapas Hera, New Delhi"}, {"destination": "Delhi", "has_wifi": "False", "hotel_name": "Crowne Plaza New Delhi Mayur Vihar Noida", "number_of_rooms": "2", "phone_number": "+91 11 4110 2222", "price_per_night": "240", "star_rating": "1", "street_address": "13 B, District Centre, Mayur Vihar, New Delhi"}, {"destination": "Delhi", "has_wifi": "False", "hotel_name": "Crowne Plaza New Delhi Okhla", "number_of_rooms": "1", "phone_number": "+91 11 4646 2000", "price_per_night": "175", "star_rating": "1", "street_address": "Plot No 1, Community Center, Okhla Phase I, New Delhi"}, {"destination": "Delhi", "has_wifi": "False", "hotel_name": "Deemarks Hotel & Resorts Conference Venues Corporate Event In Mahipalpur Near Airport In South Delhi", "number_of_rooms": "3", "phone_number": "+91 11 2506 0721", "price_per_night": "225", "star_rating": "1", "street_address": "Shiv Murti, Nh-8, Delhi - Jaipur Expressway, Rangpuri, New Delhi"}, {"destination": "Delhi", "has_wifi": "False", "hotel_name": "Four Points By Sheraton New Delhi, Airport Highway", "number_of_rooms": "1", "phone_number": "+91 11 6604 0000", "price_per_night": "80", "star_rating": "1", "street_address": "Plot no 9, National Highway - 8, Samalka, New Delhi"}, {"destination": "Delhi", "has_wifi": "False", "hotel_name": "Haveli Dharampura", "number_of_rooms": "2", "phone_number": "+91 11 2326 1000", "price_per_night": "200", "star_rating": "1", "street_address": "Haveli Dharampura, 2293, Gali Gulian, Chandni Chowk, New Delhi"}, {"destination": "Delhi", "has_wifi": "False", "hotel_name": "Hilton Garden Inn New Delhi/Saket", "number_of_rooms": "3", "phone_number": "+91 11 3919 1919", "price_per_night": "384", "star_rating": "1", "street_address": "A4, DLF Place, Saket District Centre, New Delhi"}], "slots": [{"exclusive_end": 32, "slot": "hotel_name", "start": 0}]}], "speaker": "SYSTEM", "utterance": "Andaz Delhi - a Concept by Hyatt is the one for you. It only has 1."}, {"frames": [{"actions": [{"act": "INFORM", "canonical_values": ["2019-03-08"], "slot": "check_in_date", "values": ["the 8th"]}, {"act": "INFORM_INTENT", "canonical_values": ["ReserveHotel"], "slot": "intent", "values": ["ReserveHotel"]}, {"act": "SELECT", "canonical_values": [], "slot": "", "values": []}], "service": "Hotels_1", "slots": [{"exclusive_end": 28, "slot": "check_in_date", "start": 21}], "state": {"active_intent": "ReserveHotel", "requested_slots": [], "slot_values": {"check_in_date": ["the 8th"], "destination": ["New Delhi"], "hotel_name": ["Andaz Delhi - a Concept by Hyatt"], "star_rating": ["1"]}}}], "speaker": "USER", "utterance": "Great, book that for the 8th please?"}, {"frames": [{"actions": [{"act": "REQUEST", "canonical_values": [], "slot": "number_of_days", "values": []}], "service": "Hotels_1", "slots": []}], "speaker": "SYSTEM", "utterance": "How long will your visit be?"}, {"frames": [{"actions": [{"act": "INFORM", "canonical_values": ["4"], "slot": "number_of_days", "values": ["Four"]}], "service": "Hotels_1", "slots": [{"exclusive_end": 4, "slot": "number_of_days", "start": 0}], "state": {"active_intent": "ReserveHotel", "requested_slots": [], "slot_values": {"check_in_date": ["the 8th"], "destination": ["New Delhi"], "hotel_name": ["Andaz Delhi - a Concept by Hyatt"], "number_of_days": ["Four"], "star_rating": ["1"]}}}], "speaker": "USER", "utterance": "Four days long."}, {"frames": [{"actions": [{"act": "CONFIRM", "canonical_values": ["Andaz Delhi - A Concept By Hyatt"], "slot": "hotel_name", "values": ["Andaz Delhi - A Concept By Hyatt"]}, {"act": "CONFIRM", "canonical_values": ["2019-03-08"], "slot": "check_in_date", "values": ["next friday"]}, {"act": "CONFIRM", "canonical_values": ["4"], "slot": "number_of_days", "values": ["4"]}, {"act": "CONFIRM", "canonical_values": ["Delhi"], "slot": "destination", "values": ["Delhi"]}, {"act": "CONFIRM", "canonical_values": ["1"], "slot": "number_of_rooms", "values": ["1"]}], "service": "Hotels_1", "slots": [{"exclusive_end": 73, "slot": "hotel_name", "start": 41}, {"exclusive_end": 102, "slot": "check_in_date", "start": 91}, {"exclusive_end": 105, "slot": "number_of_days", "start": 104}, {"exclusive_end": 119, "slot": "destination", "start": 114}]}], "speaker": "SYSTEM", "utterance": "Got you, here's the deets: Checking into Andaz Delhi - A Concept By Hyatt, you'll check in next friday. 4 days in Delhi. You want 1 room."}, {"frames": [{"actions": [{"act": "REQUEST", "canonical_values": [], "slot": "price_per_night", "values": []}, {"act": "AFFIRM", "canonical_values": [], "slot": "", "values": []}], "service": "Hotels_1", "slots": [], "state": {"active_intent": "ReserveHotel", "requested_slots": ["price_per_night"], "slot_values": {"check_in_date": ["next friday", "the 8th"], "destination": ["Delhi", "New Delhi"], "hotel_name": ["Andaz Delhi - A Concept By Hyatt", "Andaz Delhi - a Concept by Hyatt"], "number_of_days": ["4", "Four"], "number_of_rooms": ["1"], "star_rating": ["1"]}}}], "speaker": "USER", "utterance": "OK. What is the nightly rate?"}, {"frames": [{"actions": [{"act": "INFORM", "canonical_values": ["135"], "slot": "price_per_night", "values": ["$135"]}, {"act": "NOTIFY_SUCCESS", "canonical_values": [], "slot": "", "values": []}], "service": "Hotels_1", "service_call": {"method": "ReserveHotel", "parameters": {"check_in_date": "2019-03-08", "destination": "Delhi", "hotel_name": "Andaz Delhi - A Concept By Hyatt", "number_of_days": "4", "number_of_rooms": "1"}}, "service_results": [{"check_in_date": "2019-03-08", "destination": "Delhi", "has_wifi": "False", "hotel_name": "Andaz Delhi - A Concept By Hyatt", "number_of_days": "4", "number_of_rooms": "1", "phone_number": "+91 11 4903 1234", "price_per_night": "135", "star_rating": "1", "street_address": "Asset, Street Number 1, New Delhi"}], "slots": [{"exclusive_end": 32, "slot": "price_per_night", "start": 28}]}], "speaker": "SYSTEM", "utterance": "The room is yours and costs $135 per night."}, {"frames": [{"actions": [{"act": "THANK_YOU", "canonical_values": [], "slot": "", "values": []}], "service": "Hotels_1", "slots": [], "state": {"active_intent": "ReserveHotel", "requested_slots": [], "slot_values": {"check_in_date": ["next friday", "the 8th"], "destination": ["Delhi", "New Delhi"], "hotel_name": ["Andaz Delhi - A Concept By Hyatt", "Andaz Delhi - a Concept by Hyatt"], "number_of_days": ["4", "Four"], "number_of_rooms": ["1"], "star_rating": ["1"]}}}], "speaker": "USER", "utterance": "Thanks for all that."}, {"frames": [{"actions": [{"act": "REQ_MORE", "canonical_values": [], "slot": "", "values": []}], "service": "Hotels_1", "slots": []}], "speaker": "SYSTEM", "utterance": "What else can I do for you?"}, {"frames": [{"actions": [{"act": "NEGATE", "canonical_values": [], "slot": "", "values": []}, {"act": "THANK_YOU", "canonical_values": [], "slot": "", "values": []}], "service": "Hotels_1", "slots": [], "state": {"active_intent": "NONE", "requested_slots": [], "slot_values": {"check_in_date": ["next friday", "the 8th"], "destination": ["Delhi", "New Delhi"], "hotel_name": ["Andaz Delhi - A Concept By Hyatt", "Andaz Delhi - a Concept by Hyatt"], "number_of_days": ["4", "Four"], "number_of_rooms": ["1"], "star_rating": ["1"]}}}], "speaker": "USER", "utterance": "I'm OK, thanks."}, {"frames": [{"actions": [{"act": "GOODBYE", "canonical_values": [], "slot": "", "values": []}], "service": "Hotels_1", "slots": []}], "speaker": "SYSTEM", "utterance": "Take care now."}]}, {"dialogue_id": "42_00003", "services": ["Hotels_1"], "turns": [{"frames": [{"actions": [{"act": "INFORM", "canonical_values": ["True"], "slot": "has_wifi", "values": ["True"]}, {"act": "INFORM_INTENT", "canonical_values": ["SearchHotel"], "slot": "intent", "values": ["SearchHotel"]}], "service": "Hotels_1", "slots": [], "state": {"active_intent": "SearchHotel", "requested_slots": [], "slot_values": {"has_wifi": ["True"]}}}], "speaker": "USER", "utterance": "I'd like to find a hotel that offers wifi. Can you help me make a reservation?"}, {"frames": [{"actions": [{"act": "REQUEST", "canonical_values": [], "slot": "destination", "values": []}], "service": "Hotels_1", "slots": []}], "speaker": "SYSTEM", "utterance": "I'd love to help. Where should I begin the search?"}, {"frames": [{"actions": [{"act": "INFORM", "canonical_values": ["New York"], "slot": "destination", "values": ["NY"]}], "service": "Hotels_1", "slots": [{"exclusive_end": 26, "slot": "destination", "start": 24}], "state": {"active_intent": "SearchHotel", "requested_slots": [], "slot_values": {"destination": ["NY"], "has_wifi": ["True"]}}}], "speaker": "USER", "utterance": "I will be travelling to NY."}, {"frames": [{"actions": [{"act": "OFFER", "canonical_values": ["1 Hotel Brooklyn Bridge"], "slot": "hotel_name", "values": ["1 Hotel Brooklyn Bridge"]}, {"act": "OFFER", "canonical_values": ["4"], "slot": "star_rating", "values": ["4"]}, {"act": "INFORM_COUNT", "canonical_values": ["10"], "slot": "count", "values": ["10"]}], "service": "Hotels_1", "service_call": {"method": "SearchHotel", "parameters": {"destination": "New York", "has_wifi": "True"}}, "service_results": [{"destination": "New York", "has_wifi": "True", "hotel_name": "1 Hotel Brooklyn Bridge", "number_of_rooms": "1", "phone_number": "+1 833-625-6111", "price_per_night": "80", "star_rating": "4", "street_address": "60 Furman Street, Brooklyn"}, {"destination": "New York", "has_wifi": "True", "hotel_name": "1 Hotel Central Park", "number_of_rooms": "1", "phone_number": "+1 212-703-2001", "price_per_night": "150", "star_rating": "5", "street_address": "1414 6th Avenue"}, {"destination": "New York", "has_wifi": "True", "hotel_name": "11 Howard", "number_of_rooms": "2", "phone_number": "+1 212-235-1111", "price_per_night": "168", "star_rating": "3", "street_address": "11 Howard Street"}, {"destination": "New York", "has_wifi": "True", "hotel_name": "6 Columbus Hotel", "number_of_rooms": "2", "phone_number": "+1 212-204-3000", "price_per_night": "208", "star_rating": "4", "street_address": "308 West 58th Street"}, {"destination": "New York", "has_wifi": "True", "hotel_name": "Ac Hotel New York Times Square", "number_of_rooms": "2", "phone_number": "+1 212-398-2700", "price_per_night": "272", "star_rating": "4", "street_address": "260 West 40th Street"}, {"destination": "New York", "has_wifi": "True", "hotel_name": "Ace Hotel", "number_of_rooms": "3", "phone_number": "+1 212-991-0551", "price_per_night": "468", "star_rating": "4", "street_address": "20 West 29th Street"}, {"destination": "New York", "has_wifi": "True", "hotel_name": "Adria Hotel & Conference Center", "number_of_rooms": "2", "phone_number": "+1 718-631-5900", "price_per_night": "156", "star_rating": "3", "street_address": "221-17 Northern Boulevard, Bayside"}, {"destination": "New York", "has_wifi": "True", "hotel_name": "Aka Central Park", "number_of_rooms": "1", "phone_number": "+1 646-744-3100", "price_per_night": "152", "star_rating": "4", "street_address": "42 West 58th Street"}, {"destination": "New York", "has_wifi": "True", "hotel_name": "Aka Times Square", "number_of_rooms": "1", "phone_number": "+1 212-764-5700", "price_per_night": "80", "star_rating": "4", "street_address": "123 West 44th Street"}, {"destination": "New York", "has_wifi": "True", "hotel_name": "Aka Wall Street", "number_of_rooms": "3", "phone_number": "+1 212-252-9090", "price_per_night": "312", "star_rating": "4", "street_address": "84 William Street"}], "slots": [{"exclusive_end": 78, "slot": "hotel_name", "start": 55}]}], "speaker": "SYSTEM", "utterance": "I found 10 hotels that may work for you. May I suggest 1 Hotel Brooklyn Bridge? It's a beautiful hotel with a 4 star rating."}, {"frames": [{"actions": [{"act": "REQUEST_ALTS", "canonical_values": [], "slot": "", "values": []}], "service": "Hotels_1", "slots": [], "state": {"active_intent": "SearchHotel", "requested_slots": [], "slot_values": {"destination": ["NY"], "has_wifi": ["True"]}}}], "speaker": "USER", "utterance": "I'd like to hear about some other options."}, {"frames": [{"actions": [{"act": "OFFER", "canonical_values": ["1 Hotel Central Park"], "slot": "hotel_name", "values": ["1 Hotel Central Park"]}, {"act": "OFFER", "canonical_values": ["5"], "slot": "star_rating", "values": ["5"]}], "service": "Hotels_1", "slots": [{"exclusive_end": 73, "slot": "hotel_name", "start": 53}]}], "speaker": "SYSTEM", "utterance": "If you are interested in a 5 star hotel, I recommend 1 Hotel Central Park."}, {"frames": [{"actions": [{"act": "REQUEST_ALTS", "canonical_values": [], "slot": "", "values": []}], "service": "Hotels_1", "slots": [], "state": {"active_intent": "SearchHotel", "requested_slots": [], "slot_values": {"destination": ["NY"], "has_wifi": ["True"]}}}], "speaker": "USER", "utterance": "That sounds expensive. What else is available?"}, {"frames": [{"actions": [{"act": "OFFER", "canonical_values": ["11 Howard"], "slot": "hotel_name", "values": ["11 Howard"]}, {"act": "OFFER", "canonical_values": ["3"], "slot": "star_rating", "values": ["3"]}], "service": "Hotels_1", "slots": [{"exclusive_end": 15, "slot": "hotel_name", "start": 6}]}], "speaker": "SYSTEM", "utterance": "I see 11 Howard is available. It is a 3 star hotel."}, {"frames": [{"actions": [{"act": "REQUEST", "canonical_values": [], "slot": "price_per_night", "values": []}, {"act": "REQUEST", "canonical_values": [], "slot": "phone_number", "values": []}], "service": "Hotels_1", "slots": [], "state": {"active_intent": "SearchHotel", "requested_slots": ["phone_number", "price_per_night"], "slot_values": {"destination": ["NY"], "has_wifi": ["True"]}}}], "speaker": "USER", "utterance": "What is the contact number and how much are the rooms per night?"}, {"frames": [{"actions": [{"act": "INFORM", "canonical_values": ["+1 212-235-1111"], "slot": "phone_number", "values": ["+1 212-235-1111"]}, {"act": "INFORM", "canonical_values": ["168"], "slot": "price_per_night", "values": ["$168"]}], "service": "Hotels_1", "slots": [{"exclusive_end": 69, "slot": "phone_number", "start": 54}, {"exclusive_end": 19, "slot": "price_per_night", "start": 15}]}], "speaker": "SYSTEM", "utterance": "Rooms start at $168 per night and the phone number is +1 212-235-1111."}, {"frames": [{"actions": [{"act": "SELECT", "canonical_values": [], "slot": "", "values": []}], "service": "Hotels_1", "slots": [], "state": {"active_intent": "SearchHotel", "requested_slots": [], "slot_values": {"destination": ["NY"], "has_wifi": ["True"], "hotel_name": ["11 Howard"]}}}], "speaker": "USER", "utterance": "That's more in my budget. I like that one."}, {"frames": [{"actions": [{"act": "OFFER_INTENT", "canonical_values": ["ReserveHotel"], "slot": "intent", "values": ["ReserveHotel"]}], "service": "Hotels_1", "slots": []}], "speaker": "SYSTEM", "utterance": "Do you want me to make a reservation for you?"}, {"frames": [{"actions": [{"act": "AFFIRM_INTENT", "canonical_values": [], "slot": "", "values": []}], "service": "Hotels_1", "slots": [], "state": {"active_intent": "ReserveHotel", "requested_slots": [], "slot_values": {"destination": ["NY"], "has_wifi": ["True"], "hotel_name": ["11 Howard"]}}}], "speaker": "USER", "utterance": "Yes, I'd like to reserve the room."}, {"frames": [{"actions": [{"act": "REQUEST", "canonical_values": [], "slot": "check_in_date", "values": []}, {"act": "REQUEST", "canonical_values": [], "slot": "number_of_days", "values": []}], "service": "Hotels_1", "slots": []}], "speaker": "SYSTEM", "utterance": "When will you be arriving and how long is your stay?"}, {"frames": [{"actions": [{"act": "INFORM", "canonical_values": ["2"], "slot": "number_of_days", "values": ["2"]}, {"act": "INFORM", "canonical_values": ["2019-03-06"], "slot": "check_in_date", "values": ["6th of this month"]}], "service": "Hotels_1", "slots": [{"exclusive_end": 60, "slot": "number_of_days", "start": 59}, {"exclusive_end": 45, "slot": "check_in_date", "start": 28}], "state": {"active_intent": "ReserveHotel", "requested_slots": [], "slot_values": {"check_in_date": ["6th of this month"], "destination": ["NY"], "has_wifi": ["True"], "hotel_name": ["11 Howard"], "number_of_days": ["2"]}}}], "speaker": "USER", "utterance": "I'd like to check in on the 6th of this month and stay for 2 days."}, {"frames": [{"actions": [{"act": "CONFIRM", "canonical_values": ["11 Howard"], "slot": "hotel_name", "values": ["11 Howard"]}, {"act": "CONFIRM", "canonical_values": ["2019-03-06"], "slot": "check_in_date", "values": ["next Wednesday"]}, {"act": "CONFIRM", "canonical_values": ["2"], "slot": "number_of_days", "values": ["2"]}, {"act": "CONFIRM", "canonical_values": ["New York"], "slot": "destination", "values": ["New York"]}, {"act": "CONFIRM", "canonical_values": ["1"], "slot": "number_of_rooms", "values": ["1"]}], "service": "Hotels_1", "slots": [{"exclusive_end": 79, "slot": "hotel_name", "start": 70}, {"exclusive_end": 116, "slot": "check_in_date", "start": 102}, {"exclusive_end": 122, "slot": "number_of_days", "start": 121}, {"exclusive_end": 91, "slot": "destination", "start": 83}]}], "speaker": "SYSTEM", "utterance": "Let me make sure I've got this right. You'd like to reserve 1 room at 11 Howard in New York beginning next Wednesday for 2 days. Is that correct?"}, {"frames": [{"actions": [{"act": "REQUEST", "canonical_values": [], "slot": "street_address", "values": []}, {"act": "AFFIRM", "canonical_values": [], "slot": "", "values": []}], "service": "Hotels_1", "slots": [], "state": {"active_intent": "ReserveHotel", "requested_slots": ["street_address"], "slot_values": {"check_in_date": ["6th of this month", "next Wednesday"], "destination": ["NY", "New York"], "has_wifi": ["True"], "hotel_name": ["11 Howard"], "number_of_days": ["2"], "number_of_rooms": ["1"]}}}], "speaker": "USER", "utterance": "Yes, that's right. Can you tell me the address?"}, {"frames": [{"actions": [{"act": "INFORM", "canonical_values": ["11 Howard Street"], "slot": "street_address", "values": ["11 Howard Street"]}, {"act": "NOTIFY_SUCCESS", "canonical_values": [], "slot": "", "values": []}], "service": "Hotels_1", "service_call": {"method": "ReserveHotel", "parameters": {"check_in_date": "2019-03-06", "destination": "New York", "hotel_name": "11 Howard", "number_of_days": "2", "number_of_rooms": "1"}}, "service_results": [{"check_in_date": "2019-03-06", "destination": "New York", "has_wifi": "True", "hotel_name": "11 Howard", "number_of_days": "2", "number_of_rooms": "1", "phone_number": "+1 212-235-1111", "price_per_night": "168", "star_rating": "3", "street_address": "11 Howard Street"}], "slots": [{"exclusive_end": 31, "slot": "street_address", "start": 15}]}], "speaker": "SYSTEM", "utterance": "The address is 11 Howard Street. Your room has successfully been booked."}, {"frames": [{"actions": [{"act": "THANK_YOU", "canonical_values": [], "slot": "", "values": []}, {"act": "GOODBYE", "canonical_values": [], "slot": "", "values": []}], "service": "Hotels_1", "slots": [], "state": {"active_intent": "ReserveHotel", "requested_slots": [], "slot_values": {"check_in_date": ["6th of this month", "next Wednesday"], "destination": ["NY", "New York"], "has_wifi": ["True"], "hotel_name": ["11 Howard"], "number_of_days": ["2"], "number_of_rooms": ["1"]}}}], "speaker": "USER", "utterance": "Great! That's everything I need. Thank you for your help."}, {"frames": [{"actions": [{"act": "GOODBYE", "canonical_values": [], "slot": "", "values": []}], "service": "Hotels_1", "slots": []}], "speaker": "SYSTEM", "utterance": "You're welcome. I hope you have a pleasant trip."}]}, {"dialogue_id": "42_00004", "services": ["Hotels_1"], "turns": [{"frames": [{"actions": [{"act": "INFORM", "canonical_values": ["True"], "slot": "has_wifi", "values": ["True"]}, {"act": "INFORM_INTENT", "canonical_values": ["SearchHotel"], "slot": "intent", "values": ["SearchHotel"]}], "service": "Hotels_1", "slots": [], "state": {"active_intent": "SearchHotel", "requested_slots": [], "slot_values": {"has_wifi": ["True"]}}}], "speaker": "USER", "utterance": "I need a hotel room with WiFi please."}, {"frames": [{"actions": [{"act": "REQUEST", "canonical_values": [], "slot": "destination", "values": []}], "service": "Hotels_1", "slots": []}], "speaker": "SYSTEM", "utterance": "What city would you like to stay?"}, {"frames": [{"actions": [{"act": "INFORM", "canonical_values": ["San Francisco"], "slot": "destination", "values": ["San Francisco"]}], "service": "Hotels_1", "slots": [{"exclusive_end": 26, "slot": "destination", "start": 13}], "state": {"active_intent": "SearchHotel", "requested_slots": [], "slot_values": {"destination": ["San Francisco"], "has_wifi": ["True"]}}}], "speaker": "USER", "utterance": "I need it in San Francisco"}, {"frames": [{"actions": [{"act": "OFFER", "canonical_values": ["Amsterdam Hostel San Francisco"], "slot": "hotel_name", "values": ["Amsterdam Hostel San Francisco"]}, {"act": "OFFER", "canonical_values": ["1"], "slot": "star_rating", "values": ["1"]}, {"act": "INFORM_COUNT", "canonical_values": ["10"], "slot": "count", "values": ["10"]}], "service": "Hotels_1", "service_call": {"method": "SearchHotel", "parameters": {"destination": "San Francisco", "has_wifi": "True"}}, "service_results": [{"destination": "San Francisco", "has_wifi": "True", "hotel_name": "Amsterdam Hostel San Francisco", "number_of_rooms": "2", "phone_number": "+1 415-673-3277", "price_per_night": "46", "star_rating": "1", "street_address": "749 Taylor Street"}, {"destination": "San Francisco", "has_wifi": "True", "hotel_name": "Argonaut Hotel", "number_of_rooms": "1", "phone_number": "+1 415-563-0800", "price_per_night": "88", "star_rating": "4", "street_address": "495 Jefferson Street"}, {"destination": "San Francisco", "has_wifi": "True", "hotel_name": "Beck'S Motor Lodge", "number_of_rooms": "1", "phone_number": "+1 415-621-8212", "price_per_night": "50", "star_rating": "2", "street_address": "2222 Market Street"}, {"destination": "San Francisco", "has_wifi": "True", "hotel_name": "Bei Hotel San Francisco", "number_of_rooms": "3", "phone_number": "+1 415-626-6103", "price_per_night": "261", "star_rating": "3", "street_address": "50 8th Street"}, {"destination": "San Francisco", "has_wifi": "True", "hotel_name": "Beresford Arms Hotel", "number_of_rooms": "3", "phone_number": "+1 415-673-2600", "price_per_night": "306", "star_rating": "3", "street_address": "701 Post Street"}, {"destination": "San Francisco", "has_wifi": "True", "hotel_name": "Casa Loma Hotel", "number_of_rooms": "1", "phone_number": "+1 415-552-7100", "price_per_night": "62", "star_rating": "2", "street_address": "610 Fillmore Street"}, {"destination": "San Francisco", "has_wifi": "True", "hotel_name": "Chancellor Hotel On Union Square", "number_of_rooms": "1", "phone_number": "+1 415-362-2004", "price_per_night": "105", "star_rating": "3", "street_address": "433 Powell Street"}, {"destination": "San Francisco", "has_wifi": "True", "hotel_name": "Chelsea", "number_of_rooms": "2", "phone_number": "+1 415-563-5600", "price_per_night": "100", "star_rating": "2", "street_address": "2095 Lombard Street"}, {"destination": "San Francisco", "has_wifi": "True", "hotel_name": "Comfort Inn By The Bay", "number_of_rooms": "1", "phone_number": "+1 415-928-5000", "price_per_night": "48", "star_rating": "2", "street_address": "2775 Van Ness Avenue"}, {"destination": "San Francisco", "has_wifi": "True", "hotel_name": "Cornell Hotel De France", "number_of_rooms": "3", "phone_number": "+1 415-421-3154", "price_per_night": "270", "star_rating": "3", "street_address": "715 Bush Street"}], "slots": [{"exclusive_end": 57, "slot": "hotel_name", "start": 27}]}], "speaker": "SYSTEM", "utterance": "I have 10 options for you. Amsterdam Hostel San Francisco is a nice 1 star."}, {"frames": [{"actions": [{"act": "INFORM", "canonical_values": ["2"], "slot": "number_of_rooms", "values": ["2"]}, {"act": "INFORM", "canonical_values": ["1"], "slot": "star_rating", "values": ["1"]}, {"act": "REQUEST_ALTS", "canonical_values": [], "slot": "", "values": []}], "service": "Hotels_1", "slots": [], "state": {"active_intent": "SearchHotel", "requested_slots": [], "slot_values": {"destination": ["San Francisco"], "has_wifi": ["True"], "number_of_rooms": ["2"], "star_rating": ["1"]}}}], "speaker": "USER", "utterance": "What other options do you have. I need 2 rooms at a 1 star hotel."}, {"frames": [{"actions": [{"act": "OFFER", "canonical_values": ["Argonaut Hotel"], "slot": "hotel_name", "values": ["Argonaut Hotel"]}, {"act": "OFFER", "canonical_values": ["1"], "slot": "star_rating", "values": ["1"]}, {"act": "INFORM_COUNT", "canonical_values": ["9"], "slot": "count", "values": ["9"]}], "service": "Hotels_1", "service_call": {"method": "SearchHotel", "parameters": {"destination": "San Francisco", "has_wifi": "True", "number_of_rooms": "2", "star_rating": "1"}}, "service_results": [{"destination": "San Francisco", "has_wifi": "True", "hotel_name": "Amsterdam Hostel San Francisco", "number_of_rooms": "2", "phone_number": "+1 415-673-3277", "price_per_night": "46", "star_rating": "1", "street_address": "749 Taylor Street"}, {"destination": "San Francisco", "has_wifi": "True", "hotel_name": "Argonaut Hotel", "number_of_rooms": "2", "phone_number": "+1 415-563-0800", "price_per_night": "248", "star_rating": "1", "street_address": "495 Jefferson Street"}, {"destination": "San Francisco", "has_wifi": "True", "hotel_name": "Beck'S Motor Lodge", "number_of_rooms": "2", "phone_number": "+1 415-621-8212", "price_per_night": "132", "star_rating": "1", "street_address": "2222 Market Street"}, {"destination": "San Francisco", "has_wifi": "True", "hotel_name": "Bei Hotel San Francisco", "number_of_rooms": "2", "phone_number": "+1 415-626-6103", "price_per_night": "261", "star_rating": "1", "street_address": "50 8th Street"}, {"destination": "San Francisco", "has_wifi": "True", "hotel_name": "Beresford Arms Hotel", "number_of_rooms": "2", "phone_number": "+1 415-673-2600", "price_per_night": "306", "star_rating": "1", "street_address": "701 Post Street"}, {"destination": "San Francisco", "has_wifi": "True", "hotel_name": "Casa Loma Hotel", "number_of_rooms": "2", "phone_number": "+1 415-552-7100", "price_per_night": "210", "star_rating": "1", "street_address": "610 Fillmore Street"}, {"destination": "San Francisco", "has_wifi": "True", "hotel_name": "Chancellor Hotel On Union Square", "number_of_rooms": "2", "phone_number": "+1 415-362-2004", "price_per_night": "174", "star_rating": "1", "street_address": "433 Powell Street"}, {"destination": "San Francisco", "has_wifi": "True", "hotel_name": "Chelsea", "number_of_rooms": "2", "phone_number": "+1 415-563-5600", "price_per_night": "100", "star_rating": "1", "street_address": "2095 Lombard Street"}, {"destination": "San Francisco", "has_wifi": "True", "hotel_name": "Comfort Inn By The Bay", "number_of_rooms": "2", "phone_number": "+1 415-928-5000", "price_per_night": "204", "star_rating": "1", "street_address": "2775 Van Ness Avenue"}], "slots": [{"exclusive_end": 40, "slot": "hotel_name", "start": 26}]}], "speaker": "SYSTEM", "utterance": "I have 9 options for you. Argonaut Hotel is a nice 1 star."}, {"frames": [{"actions": [{"act": "INFORM", "canonical_values": ["1"], "slot": "number_of_rooms", "values": ["1"]}, {"act": "REQUEST_ALTS", "canonical_values": [], "slot": "", "values": []}], "service": "Hotels_1", "slots": [], "state": {"active_intent": "SearchHotel", "requested_slots": [], "slot_values": {"destination": ["San Francisco"], "has_wifi": ["True"], "number_of_rooms": ["1"], "star_rating": ["1"]}}}], "speaker": "USER", "utterance": "Can you show me options for 1 room."}, {"frames": [{"actions": [{"act": "OFFER", "canonical_values": ["Beck'S Motor Lodge"], "slot": "hotel_name", "values": ["Beck's Motor Lodge"]}, {"act": "OFFER", "canonical_values": ["1"], "slot": "star_rating", "values": ["1"]}, {"act": "INFORM_COUNT", "canonical_values": ["8"], "slot": "count", "values": ["8"]}], "service": "Hotels_1", "service_call": {"method": "SearchHotel", "parameters": {"destination": "San Francisco", "has_wifi": "True", "number_of_rooms": "1", "star_rating": "1"}}, "service_results": [{"destination": "San Francisco", "has_wifi": "True", "hotel_name": "Amsterdam Hostel San Francisco", "number_of_rooms": "1", "phone_number": "+1 415-673-3277", "price_per_night": "46", "star_rating": "1", "street_address": "749 Taylor Street"}, {"destination": "San Francisco", "has_wifi": "True", "hotel_name": "Argonaut Hotel", "number_of_rooms": "1", "phone_number": "+1 415-563-0800", "price_per_night": "88", "star_rating": "1", "street_address": "495 Jefferson Street"}, {"destination": "San Francisco", "has_wifi": "True", "hotel_name": "Beck'S Motor Lodge", "number_of_rooms": "1", "phone_number": "+1 415-621-8212", "price_per_night": "50", "star_rating": "1", "street_address": "2222 Market Street"}, {"destination": "San Francisco", "has_wifi": "True", "hotel_name": "Bei Hotel San Francisco", "number_of_rooms": "1", "phone_number": "+1 415-626-6103", "price_per_night": "261", "star_rating": "1", "street_address": "50 8th Street"}, {"destination": "San Francisco", "has_wifi": "True", "hotel_name": "Beresford Arms Hotel", "number_of_rooms": "1", "phone_number": "+1 415-673-2600", "price_per_night": "306", "star_rating": "1", "street_address": "701 Post Street"}, {"destination": "San Francisco", "has_wifi": "True", "hotel_name": "Casa Loma Hotel", "number_of_rooms": "1", "phone_number": "+1 415-552-7100", "price_per_night": "62", "star_rating": "1", "street_address": "610 Fillmore Street"}, {"destination": "San Francisco", "has_wifi": "True", "hotel_name": "Chancellor Hotel On Union Square", "number_of_rooms": "1", "phone_number": "+1 415-362-2004", "price_per_night": "105", "star_rating": "1", "street_address": "433 Powell Street"}, {"destination": "San Francisco", "has_wifi": "True", "hotel_name": "Chelsea", "number_of_rooms": "1", "phone_number": "+1 415-563-5600", "price_per_night": "100", "star_rating": "1", "street_address": "2095 Lombard Street"}], "slots": [{"exclusive_end": 44, "slot": "hotel_name", "start": 26}]}], "speaker": "SYSTEM", "utterance": "I have 8 options for you. Beck's Motor Lodge is a 1 star."}, {"frames": [{"actions": [{"act": "REQUEST", "canonical_values": [], "slot": "price_per_night", "values": []}, {"act": "REQUEST", "canonical_values": [], "slot": "phone_number", "values": []}], "service": "Hotels_1", "slots": [], "state": {"active_intent": "SearchHotel", "requested_slots": ["phone_number", "price_per_night"], "slot_values": {"destination": ["San Francisco"], "has_wifi": ["True"], "number_of_rooms": ["1"], "star_rating": ["1"]}}}], "speaker": "USER", "utterance": "What is the cost for the night? What is their number?"}, {"frames": [{"actions": [{"act": "INFORM", "canonical_values": ["+1 415-621-8212"], "slot": "phone_number", "values": ["+1 415-621-8212"]}, {"act": "INFORM", "canonical_values": ["50"], "slot": "price_per_night", "values": ["$50"]}], "service": "Hotels_1", "slots": [{"exclusive_end": 51, "slot": "phone_number", "start": 36}, {"exclusive_end": 7, "slot": "price_per_night", "start": 4}]}], "speaker": "SYSTEM", "utterance": "Its $50 per night and the number is +1 415-621-8212"}, {"frames": [{"actions": [{"act": "SELECT", "canonical_values": [], "slot": "", "values": []}], "service": "Hotels_1", "slots": [], "state": {"active_intent": "SearchHotel", "requested_slots": [], "slot_values": {"destination": ["San Francisco"], "has_wifi": ["True"], "hotel_name": ["Beck's Motor Lodge"], "number_of_rooms": ["1"], "star_rating": ["1"]}}}], "speaker": "USER", "utterance": "That sounds good."}, {"frames": [{"actions": [{"act": "OFFER_INTENT", "canonical_values": ["ReserveHotel"], "slot": "intent", "values": ["ReserveHotel"]}], "service": "Hotels_1", "slots": []}], "speaker": "SYSTEM", "utterance": "Would you like to make a reservation?"}, {"frames": [{"actions": [{"act": "AFFIRM_INTENT", "canonical_values": [], "slot": "", "values": []}], "service": "Hotels_1", "slots": [], "state": {"active_intent": "ReserveHotel", "requested_slots": [], "slot_values": {"destination": ["San Francisco"], "has_wifi": ["True"], "hotel_name": ["Beck's Motor Lodge"], "number_of_rooms": ["1"], "star_rating": ["1"]}}}], "speaker": "USER", "utterance": "Yes I want too."}, {"frames": [{"actions": [{"act": "REQUEST", "canonical_values": [], "slot": "number_of_days", "values": []}], "service": "Hotels_1", "slots": []}], "speaker": "SYSTEM", "utterance": "How many nights would you like to stay?"}, {"frames": [{"actions": [{"act": "INFORM", "canonical_values": ["2"], "slot": "number_of_days", "values": ["2"]}], "service": "Hotels_1", "slots": [{"exclusive_end": 15, "slot": "number_of_days", "start": 14}], "state": {"active_intent": "ReserveHotel", "requested_slots": [], "slot_values": {"destination": ["San Francisco"], "has_wifi": ["True"], "hotel_name": ["Beck's Motor Lodge"], "number_of_days": ["2"], "number_of_rooms": ["1"], "star_rating": ["1"]}}}], "speaker": "USER", "utterance": "I need it for 2 days?"}, {"frames": [{"actions": [{"act": "REQUEST", "canonical_values": [], "slot": "check_in_date", "values": []}], "service": "Hotels_1", "slots": []}], "speaker": "SYSTEM", "utterance": "When would you like to check in?"}, {"frames": [{"actions": [{"act": "INFORM", "canonical_values": ["2019-03-11"], "slot": "check_in_date", "values": ["11th of March"]}], "service": "Hotels_1", "slots": [{"exclusive_end": 30, "slot": "check_in_date", "start": 17}], "state": {"active_intent": "ReserveHotel", "requested_slots": [], "slot_values": {"check_in_date": ["11th of March"], "destination": ["San Francisco"], "has_wifi": ["True"], "hotel_name": ["Beck's Motor Lodge"], "number_of_days": ["2"], "number_of_rooms": ["1"], "star_rating": ["1"]}}}], "speaker": "USER", "utterance": "I need it on the 11th of March."}, {"frames": [{"actions": [{"act": "CONFIRM", "canonical_values": ["Beck'S Motor Lodge"], "slot": "hotel_name", "values": ["Beck'S Motor Lodge"]}, {"act": "CONFIRM", "canonical_values": ["2019-03-11"], "slot": "check_in_date", "values": ["March 11th"]}, {"act": "CONFIRM", "canonical_values": ["2"], "slot": "number_of_days", "values": ["2"]}, {"act": "CONFIRM", "canonical_values": ["San Francisco"], "slot": "destination", "values": ["San Francisco"]}, {"act": "CONFIRM", "canonical_values": ["1"], "slot": "number_of_rooms", "values": ["1"]}], "service": "Hotels_1", "slots": [{"exclusive_end": 28, "slot": "hotel_name", "start": 10}, {"exclusive_end": 90, "slot": "check_in_date", "start": 80}, {"exclusive_end": 59, "slot": "number_of_days", "start": 58}, {"exclusive_end": 53, "slot": "destination", "start": 40}]}], "speaker": "SYSTEM", "utterance": "1 room at Beck'S Motor Lodge located in San Francisco for 2 days checking in on March 11th. Is that correct?"}, {"frames": [{"actions": [{"act": "AFFIRM", "canonical_values": [], "slot": "", "values": []}], "service": "Hotels_1", "slots": [], "state": {"active_intent": "ReserveHotel", "requested_slots": [], "slot_values": {"check_in_date": ["11th of March", "March 11th"], "destination": ["San Francisco"], "has_wifi": ["True"], "hotel_name": ["Beck'S Motor Lodge", "Beck's Motor Lodge"], "number_of_days": ["2"], "number_of_rooms": ["1"], "star_rating": ["1"]}}}], "speaker": "USER", "utterance": "Yes that sounds awesome."}, {"frames": [{"actions": [{"act": "NOTIFY_SUCCESS", "canonical_values": [], "slot": "", "values": []}], "service": "Hotels_1", "service_call": {"method": "ReserveHotel", "parameters": {"check_in_date": "2019-03-11", "destination": "San Francisco", "hotel_name": "Beck'S Motor Lodge", "number_of_days": "2", "number_of_rooms": "1"}}, "service_results": [{"check_in_date": "2019-03-11", "destination": "San Francisco", "has_wifi": "True", "hotel_name": "Beck'S Motor Lodge", "number_of_days": "2", "number_of_rooms": "1", "phone_number": "+1 415-621-8212", "price_per_night": "50", "star_rating": "1", "street_address": "2222 Market Street"}], "slots": []}], "speaker": "SYSTEM", "utterance": "You reservation is confirmed."}, {"frames": [{"actions": [{"act": "THANK_YOU", "canonical_values": [], "slot": "", "values": []}], "service": "Hotels_1", "slots": [], "state": {"active_intent": "ReserveHotel", "requested_slots": [], "slot_values": {"check_in_date": ["11th of March", "March 11th"], "destination": ["San Francisco"], "has_wifi": ["True"], "hotel_name": ["Beck'S Motor Lodge", "Beck's Motor Lodge"], "number_of_days": ["2"], "number_of_rooms": ["1"], "star_rating": ["1"]}}}], "speaker": "USER", "utterance": "Thank you."}, {"frames": [{"actions": [{"act": "REQ_MORE", "canonical_values": [], "slot": "", "values": []}], "service": "Hotels_1", "slots": []}], "speaker": "SYSTEM", "utterance": "IS there anything else I can do for you?"}, {"frames": [{"actions": [{"act": "NEGATE", "canonical_values": [], "slot": "", "values": []}, {"act": "THANK_YOU", "canonical_values": [], "slot": "", "values": []}], "service": "Hotels_1", "slots": [], "state": {"active_intent": "NONE", "requested_slots": [], "slot_values": {"check_in_date": ["11th of March", "March 11th"], "destination": ["San Francisco"], "has_wifi": ["True"], "hotel_name": ["Beck'S Motor Lodge", "Beck's Motor Lodge"], "number_of_days": ["2"], "number_of_rooms": ["1"], "star_rating": ["1"]}}}], "speaker": "USER", "utterance": "No that will be all."}, {"frames": [{"actions": [{"act": "GOODBYE", "canonical_values": [], "slot": "", "values": []}], "service": "Hotels_1", "slots": []}], "speaker": "SYSTEM", "utterance": "Have an amazing day!"}]}]