[{"dialogue_id": "31_00000", "services": ["Services_1", "Movies_1"], "turns": [{"frames": [{"actions": [{"act": "INFORM_INTENT", "canonical_values": ["FindProvider"], "slot": "intent", "values": ["FindProvider"]}], "service": "Services_1", "slots": [], "state": {"active_intent": "FindProvider", "requested_slots": [], "slot_values": {}}}], "speaker": "USER", "utterance": "My hair looks terrible and I need a new look. Can you help me find a salon?"}, {"frames": [{"actions": [{"act": "REQUEST", "canonical_values": [], "slot": "city", "values": []}], "service": "Services_1", "slots": []}], "speaker": "SYSTEM", "utterance": "Where would you like me to look?"}, {"frames": [{"actions": [{"act": "INFORM", "canonical_values": ["Santa Rosa"], "slot": "city", "values": ["Santa Rosa"]}], "service": "Services_1", "slots": [{"exclusive_end": 27, "slot": "city", "start": 17}], "state": {"active_intent": "FindProvider", "requested_slots": [], "slot_values": {"city": ["Santa Rosa"]}}}], "speaker": "USER", "utterance": "Please search in Santa Rosa."}, {"frames": [{"actions": [{"act": "OFFER", "canonical_values": ["Daredevils & Queens"], "slot": "stylist_name", "values": ["Daredevils & Queens"]}, {"act": "OFFER", "canonical_values": ["Santa Rosa"], "slot": "city", "values": ["Santa Rosa"]}, {"act": "INFORM_COUNT", "canonical_values": ["9"], "slot": "count", "values": ["9"]}], "service": "Services_1", "service_call": {"method": "FindProvider", "parameters": {"city": "Santa Rosa"}}, "service_results": [{"average_rating": "4.60", "city": "Santa Rosa", "is_unisex": "False", "phone_number": "707-575-5123", "street_address": "122 4th Street", "stylist_name": "Daredevils & Queens"}, {"average_rating": "4.80", "city": "Santa Rosa", "is_unisex": "True", "phone_number": "707-575-1474", "street_address": "205 5th Street D", "stylist_name": "Elle Lui Hair Salon"}, {"average_rating": "4.80", "city": "Santa Rosa", "is_unisex": "True", "phone_number": "707-528-8266", "street_address": "314 Mendocino Avenue", "stylist_name": "Exclusive Spa"}, {"average_rating": "4.70", "city": "Santa Rosa", "is_unisex": "True", "phone_number": "707-575-5551", "street_address": "1235 North Dutton Avenue Suite B", "stylist_name": "Leading Edge Salon"}, {"average_rating": "4.30", "city": "Santa Rosa", "is_unisex": "True", "phone_number": "707-318-7003", "street_address": "2101 West College Avenue", "stylist_name": "Redline Barbers"}, {"average_rating": "4.90", "city": "Santa Rosa", "is_unisex": "True", "phone_number": "707-542-3380", "street_address": "2330 4th Street", "stylist_name": "Santa Rosa Barbershop"}, {"average_rating": "4.30", "city": "Santa Rosa", "is_unisex": "True", "phone_number": "707-479-5872", "street_address": "1305 Cleveland Avenue H", "stylist_name": "The Barbery"}, {"average_rating": "4.90", "city": "Santa Rosa", "is_unisex": "True", "phone_number": "707-595-3420", "street_address": "140 Stony Point Road e", "stylist_name": "The Den Barber Shop"}, {"average_rating": "4.00", "city": "Santa Rosa", "is_unisex": "True", "phone_number": "707-843-5069", "street_address": "46 West College Avenue", "stylist_name": "West Coast Cuts"}], "slots": [{"exclusive_end": 67, "slot": "stylist_name", "start": 48}, {"exclusive_end": 36, "slot": "city", "start": 26}]}], "speaker": "SYSTEM", "utterance": "There are 9 salons in the Santa Rosa. How about Daredevils & Queens, it's a nice place."}, {"frames": [{"actions": [{"act": "INFORM_INTENT", "canonical_values": ["FindMovies"], "slot": "intent", "values": ["FindMovies"]}], "service": "Movies_1", "slots": [], "state": {"active_intent": "FindMovies", "requested_slots": [], "slot_values": {"location": ["Santa Rosa"]}}}, {"actions": [{"act": "SELECT", "canonical_values": [], "slot": "", "values": []}], "service": "Services_1", "slots": [], "state": {"active_intent": "FindProvider", "requested_slots": [], "slot_values": {"city": ["Santa Rosa"], "stylist_name": ["Daredevils & Queens"]}}}], "speaker": "USER", "utterance": "Yeah that sounds good thanks. Now I'd like to watch a movie while I'm out."}, {"frames": [{"actions": [{"act": "OFFER", "canonical_values": ["After The Wedding", "Fiddler: A Miracle of Miracles", "Good Boys"], "slot": "movie_name", "values": ["After The Wedding", "Fiddler: A Miracle of Miracles", "Good Boys"]}], "service": "Movies_1", "service_call": {"method": "FindMovies", "parameters": {"location": "Santa Rosa"}}, "service_results": [{"genre": "Drama", "location": "Santa Rosa", "movie_name": "After The Wedding", "price": "10", "show_type": "regular", "street_address": "551 Summerfield Road", "theater_name": "Summerfield Cinemas"}, {"genre": "Documentary", "location": "Santa Rosa", "movie_name": "Fiddler: A Miracle of Miracles", "price": "8", "show_type": "regular", "street_address": "551 Summerfield Road", "theater_name": "Summerfield Cinemas"}, {"genre": "Comedy", "location": "Santa Rosa", "movie_name": "Good Boys", "price": "12", "show_type": "imax", "street_address": "85 Santa Rosa Avenue", "theater_name": "Roxy Stadium 14"}, {"genre": "Action", "location": "Santa Rosa", "movie_name": "Hobbs and Shaw", "price": "12", "show_type": "regular", "street_address": "409 Aviation Boulevard", "theater_name": "Airport Stadium 12"}, {"genre": "Drama", "location": "Santa Rosa", "movie_name": "Hustlers", "price": "12", "show_type": "regular", "street_address": "85 Santa Rosa Avenue", "theater_name": "Roxy Stadium 14"}, {"genre": "Supernatural", "location": "Santa Rosa", "movie_name": "IT Chapter Two", "price": "6", "show_type": "regular", "street_address": "409 Aviation Boulevard", "theater_name": "Airport Stadium 12"}, {"genre": "Mystery", "location": "Santa Rosa", "movie_name": "Official Secrets", "price": "15", "show_type": "regular", "street_address": "551 Summerfield Road", "theater_name": "Summerfield Cinemas"}, {"genre": "Offbeat", "location": "Santa Rosa", "movie_name": "Once Upon a Time In Hollywood", "price": "9", "show_type": "regular", "street_address": "85 Santa Rosa Avenue", "theater_name": "Roxy Stadium 14"}, {"genre": "Horror", "location": "Santa Rosa", "movie_name": "Scary Stories to Tell in the Dark", "price": "5", "show_type": "regular", "street_address": "85 Santa Rosa Avenue", "theater_name": "Roxy Stadium 14"}, {"genre": "Drama", "location": "Santa Rosa", "movie_name": "The Art of Racing in the Rain", "price": "9", "show_type": "3d", "street_address": "620 3rd Street", "theater_name": "3rd Street Cinema"}], "slots": [{"exclusive_end": 61, "slot": "movie_name", "start": 44}, {"exclusive_end": 93, "slot": "movie_name", "start": 63}, {"exclusive_end": 106, "slot": "movie_name", "start": 97}]}], "speaker": "SYSTEM", "utterance": "There are a few movies available. How about After The Wedding, Fiddler: A Miracle of Miracles or Good Boys?"}, {"frames": [{"actions": [{"act": "SELECT", "canonical_values": ["Good Boys"], "slot": "movie_name", "values": ["Good Boys"]}], "service": "Movies_1", "slots": [{"exclusive_end": 54, "slot": "movie_name", "start": 45}], "state": {"active_intent": "FindMovies", "requested_slots": [], "slot_values": {"location": ["Santa Rosa"], "movie_name": ["Good Boys"]}}}], "speaker": "USER", "utterance": "From the options available I'd like to watch Good Boys."}, {"frames": [{"actions": [{"act": "REQ_MORE", "canonical_values": [], "slot": "", "values": []}], "service": "Movies_1", "slots": []}], "speaker": "SYSTEM", "utterance": "Do you need help with anything else?"}, {"frames": [{"actions": [{"act": "INFORM", "canonical_values": ["Airport Stadium 12"], "slot": "theater_name", "values": ["Airport Stadium Cinemas"]}, {"act": "INFORM", "canonical_values": ["2019-03-02"], "slot": "show_date", "values": ["March 2nd"]}, {"act": "INFORM", "canonical_values": ["dontcare"], "slot": "show_type", "values": ["dontcare"]}, {"act": "INFORM_INTENT", "canonical_values": ["GetTimesForMovie"], "slot": "intent", "values": ["GetTimesForMovie"]}], "service": "Movies_1", "slots": [{"exclusive_end": 59, "slot": "theater_name", "start": 36}, {"exclusive_end": 72, "slot": "show_date", "start": 63}], "state": {"active_intent": "GetTimesForMovie", "requested_slots": [], "slot_values": {"location": ["Santa Rosa"], "movie_name": ["Good Boys"], "show_date": ["March 2nd"], "show_type": ["dontcare"], "theater_name": ["Airport Stadium Cinemas"]}}}], "speaker": "USER", "utterance": "What time is there a show on at the Airport Stadium Cinemas on March 2nd?"}, {"frames": [{"actions": [{"act": "OFFER", "canonical_values": ["21:30"], "slot": "show_time", "values": ["9:30 pm"]}, {"act": "OFFER", "canonical_values": ["Airport Stadium 12"], "slot": "theater_name", "values": ["Airport Stadium 12"]}, {"act": "INFORM_COUNT", "canonical_values": ["1"], "slot": "count", "values": ["1"]}], "service": "Movies_1", "service_call": {"method": "GetTimesForMovie", "parameters": {"location": "Santa Rosa", "movie_name": "Good Boys", "show_date": "2019-03-02", "theater_name": "Airport Stadium 12"}}, "service_results": [{"genre": "Comedy", "location": "Santa Rosa", "movie_name": "Good Boys", "price": "13", "show_date": "2019-03-02", "show_time": "21:30", "show_type": "regular", "street_address": "409 Aviation Boulevard", "theater_name": "Airport Stadium 12"}], "slots": [{"exclusive_end": 51, "slot": "show_time", "start": 44}, {"exclusive_end": 40, "slot": "theater_name", "start": 22}]}], "speaker": "SYSTEM", "utterance": "There is 1 show on at Airport Stadium 12 at 9:30 pm."}, {"frames": [{"actions": [{"act": "REQUEST", "canonical_values": [], "slot": "street_address", "values": []}, {"act": "REQUEST", "canonical_values": [], "slot": "genre", "values": []}], "service": "Movies_1", "slots": [], "state": {"active_intent": "GetTimesForMovie", "requested_slots": ["genre", "street_address"], "slot_values": {"location": ["Santa Rosa"], "movie_name": ["Good Boys"], "show_date": ["March 2nd"], "show_type": ["dontcare"], "theater_name": ["Airport Stadium 12", "Airport Stadium Cinemas"]}}}], "speaker": "USER", "utterance": "Can you give me the address of the theatre? What genre of movie is it?"}, {"frames": [{"actions": [{"act": "INFORM", "canonical_values": ["409 Aviation Boulevard"], "slot": "street_address", "values": ["409 Aviation Boulevard"]}, {"act": "INFORM", "canonical_values": ["Comedy"], "slot": "genre", "values": ["Comedy"]}], "service": "Movies_1", "slots": [{"exclusive_end": 37, "slot": "street_address", "start": 15}, {"exclusive_end": 60, "slot": "genre", "start": 54}]}], "speaker": "SYSTEM", "utterance": "The address is 409 Aviation Boulevard. The movie is a Comedy."}, {"frames": [{"actions": [{"act": "SELECT", "canonical_values": [], "slot": "", "values": []}], "service": "Movies_1", "slots": [], "state": {"active_intent": "GetTimesForMovie", "requested_slots": [], "slot_values": {"location": ["Santa Rosa"], "movie_name": ["Good Boys"], "show_date": ["March 2nd"], "show_time": ["9:30 pm"], "show_type": ["dontcare"], "theater_name": ["Airport Stadium 12", "Airport Stadium Cinemas"]}}}], "speaker": "USER", "utterance": "That sounds good thanks."}, {"frames": [{"actions": [{"act": "OFFER_INTENT", "canonical_values": ["BuyMovieTickets"], "slot": "intent", "values": ["BuyMovieTickets"]}], "service": "Movies_1", "slots": []}], "speaker": "SYSTEM", "utterance": "Do you want to buy tickets now?"}, {"frames": [{"actions": [{"act": "NEGATE_INTENT", "canonical_values": [], "slot": "", "values": []}], "service": "Movies_1", "slots": [], "state": {"active_intent": "NONE", "requested_slots": [], "slot_values": {"location": ["Santa Rosa"], "movie_name": ["Good Boys"], "show_date": ["March 2nd"], "show_time": ["9:30 pm"], "show_type": ["dontcare"], "theater_name": ["Airport Stadium 12", "Airport Stadium Cinemas"]}}}, {"actions": [{"act": "INFORM", "canonical_values": ["15:00"], "slot": "appointment_time", "values": ["3 pm"]}, {"act": "INFORM_INTENT", "canonical_values": ["BookAppointment"], "slot": "intent", "values": ["BookAppointment"]}], "service": "Services_1", "slots": [{"exclusive_end": 84, "slot": "appointment_time", "start": 80}], "state": {"active_intent": "BookAppointment", "requested_slots": [], "slot_values": {"appointment_date": ["March 2nd"], "appointment_time": ["3 pm"], "city": ["Santa Rosa"], "stylist_name": ["Daredevils & Queens"]}}}], "speaker": "USER", "utterance": "Not right now thanks. Can you make me an appointment at the salon you found for 3 pm?"}, {"frames": [{"actions": [{"act": "CONFIRM", "canonical_values": ["Daredevils & Queens"], "slot": "stylist_name", "values": ["Daredevils & Queens"]}, {"act": "CONFIRM", "canonical_values": ["15:00"], "slot": "appointment_time", "values": ["3 pm"]}, {"act": "CONFIRM", "canonical_values": ["2019-03-02"], "slot": "appointment_date", "values": ["March 2nd"]}], "service": "Services_1", "slots": [{"exclusive_end": 81, "slot": "stylist_name", "start": 62}, {"exclusive_end": 102, "slot": "appointment_time", "start": 98}, {"exclusive_end": 94, "slot": "appointment_date", "start": 85}]}], "speaker": "SYSTEM", "utterance": "Sure, so to confirm: You would like to make an appointment at Daredevils & Queens on March 2nd at 3 pm."}, {"frames": [{"actions": [{"act": "AFFIRM", "canonical_values": [], "slot": "", "values": []}], "service": "Services_1", "slots": [], "state": {"active_intent": "BookAppointment", "requested_slots": [], "slot_values": {"appointment_date": ["March 2nd"], "appointment_time": ["3 pm"], "city": ["Santa Rosa"], "stylist_name": ["Daredevils & Queens"]}}}], "speaker": "USER", "utterance": "Yes that's correct."}, {"frames": [{"actions": [{"act": "NOTIFY_FAILURE", "canonical_values": [], "slot": "", "values": []}, {"act": "REQ_MORE", "canonical_values": [], "slot": "", "values": []}], "service": "Services_1", "service_call": {"method": "BookAppointment", "parameters": {"appointment_date": "2019-03-02", "appointment_time": "15:00", "stylist_name": "Daredevils & Queens"}}, "service_results": [], "slots": []}], "speaker": "SYSTEM", "utterance": "I couldn't book the appointment at your requested time. Do you need help with anything else?"}, {"frames": [{"actions": [{"act": "INFORM", "canonical_values": ["17:45"], "slot": "appointment_time", "values": ["5:45 pm"]}, {"act": "INFORM_INTENT", "canonical_values": ["BookAppointment"], "slot": "intent", "values": ["BookAppointment"]}], "service": "Services_1", "slots": [{"exclusive_end": 65, "slot": "appointment_time", "start": 58}], "state": {"active_intent": "BookAppointment", "requested_slots": [], "slot_values": {"appointment_date": ["March 2nd"], "appointment_time": ["5:45 pm"], "city": ["Santa Rosa"], "stylist_name": ["Daredevils & Queens"]}}}], "speaker": "USER", "utterance": "Can you try and book a later appointment at the salon for 5:45 pm."}, {"frames": [{"actions": [{"act": "CONFIRM", "canonical_values": ["Daredevils & Queens"], "slot": "stylist_name", "values": ["Daredevils & Queens"]}, {"act": "CONFIRM", "canonical_values": ["17:45"], "slot": "appointment_time", "values": ["5:45 pm"]}, {"act": "CONFIRM", "canonical_values": ["2019-03-02"], "slot": "appointment_date", "values": ["March 2nd"]}], "service": "Services_1", "slots": [{"exclusive_end": 68, "slot": "stylist_name", "start": 49}, {"exclusive_end": 45, "slot": "appointment_time", "start": 38}, {"exclusive_end": 34, "slot": "appointment_date", "start": 25}]}], "speaker": "SYSTEM", "utterance": "OK. I'll try and book on March 2nd at 5:45 pm at Daredevils & Queens."}, {"frames": [{"actions": [{"act": "REQUEST", "canonical_values": [], "slot": "average_rating", "values": []}, {"act": "REQUEST", "canonical_values": [], "slot": "is_unisex", "values": []}, {"act": "AFFIRM", "canonical_values": [], "slot": "", "values": []}], "service": "Services_1", "slots": [], "state": {"active_intent": "BookAppointment", "requested_slots": ["average_rating", "is_unisex"], "slot_values": {"appointment_date": ["March 2nd"], "appointment_time": ["5:45 pm"], "city": ["Santa Rosa"], "stylist_name": ["Daredevils & Queens"]}}}], "speaker": "USER", "utterance": "Thanks for that. What is their customer rating and are they unisex?"}, {"frames": [{"actions": [{"act": "INFORM", "canonical_values": ["False"], "slot": "is_unisex", "values": ["False"]}, {"act": "INFORM", "canonical_values": ["4.60"], "slot": "average_rating", "values": ["4.6"]}, {"act": "OFFER", "canonical_values": ["Daredevils & Queens"], "slot": "stylist_name", "values": ["Daredevils & Queens"]}, {"act": "OFFER", "canonical_values": ["2019-03-02"], "slot": "appointment_date", "values": ["March 2nd"]}, {"act": "OFFER", "canonical_values": ["18:00"], "slot": "appointment_time", "values": ["6 pm"]}, {"act": "NOTIFY_FAILURE", "canonical_values": [], "slot": "", "values": []}], "service": "Services_1", "service_call": {"method": "BookAppointment", "parameters": {"appointment_date": "2019-03-02", "appointment_time": "17:45", "stylist_name": "Daredevils & Queens"}}, "service_results": [{"appointment_date": "2019-03-02", "appointment_time": "18:00", "average_rating": "4.60", "is_unisex": "False", "phone_number": "707-575-5123", "street_address": "122 4th Street", "stylist_name": "Daredevils & Queens"}], "slots": [{"exclusive_end": 71, "slot": "average_rating", "start": 68}, {"exclusive_end": 19, "slot": "stylist_name", "start": 0}, {"exclusive_end": 142, "slot": "appointment_date", "start": 133}, {"exclusive_end": 150, "slot": "appointment_time", "start": 146}]}], "speaker": "SYSTEM", "utterance": "Daredevils & Queens is not a unisex salon but they have a rating of 4.6. I couldn't make you an appointment but I could try again on March 2nd at 6 pm?"}, {"frames": [{"actions": [{"act": "AFFIRM", "canonical_values": [], "slot": "", "values": []}], "service": "Services_1", "slots": [], "state": {"active_intent": "BookAppointment", "requested_slots": [], "slot_values": {"appointment_date": ["March 2nd"], "appointment_time": ["6 pm"], "city": ["Santa Rosa"], "stylist_name": ["Daredevils & Queens"]}}}], "speaker": "USER", "utterance": "Yes, that would be great."}, {"frames": [{"actions": [{"act": "NOTIFY_SUCCESS", "canonical_values": [], "slot": "", "values": []}], "service": "Services_1", "service_call": {"method": "BookAppointment", "parameters": {"appointment_date": "2019-03-02", "appointment_time": "18:00", "stylist_name": "Daredevils & Queens"}}, "service_results": [{"appointment_date": "2019-03-02", "appointment_time": "18:00", "average_rating": "4.60", "is_unisex": "False", "phone_number": "707-575-5123", "street_address": "122 4th Street", "stylist_name": "Daredevils & Queens"}], "slots": []}], "speaker": "SYSTEM", "utterance": "Your appointment has been confirmed."}, {"frames": [{"actions": [{"act": "THANK_YOU", "canonical_values": [], "slot": "", "values": []}, {"act": "GOODBYE", "canonical_values": [], "slot": "", "values": []}], "service": "Services_1", "slots": [], "state": {"active_intent": "BookAppointment", "requested_slots": [], "slot_values": {"appointment_date": ["March 2nd"], "appointment_time": ["6 pm"], "city": ["Santa Rosa"], "stylist_name": ["Daredevils & Queens"]}}}], "speaker": "USER", "utterance": "Thanks for your help."}, {"frames": [{"actions": [{"act": "GOODBYE", "canonical_values": [], "slot": "", "values": []}], "service": "Services_1", "slots": []}], "speaker": "SYSTEM", "utterance": "Enjoy your day!"}]}, {"dialogue_id": "31_00001", "services": ["Services_1", "Movies_1"], "turns": [{"frames": [{"actions": [{"act": "INFORM_INTENT", "canonical_values": ["FindProvider"], "slot": "intent", "values": ["FindProvider"]}], "service": "Services_1", "slots": [], "state": {"active_intent": "FindProvider", "requested_slots": [], "slot_values": {}}}], "speaker": "USER", "utterance": "I need to locate a salon."}, {"frames": [{"actions": [{"act": "REQUEST", "canonical_values": [], "slot": "city", "values": []}], "service": "Services_1", "slots": []}], "speaker": "SYSTEM", "utterance": "In which city?"}, {"frames": [{"actions": [{"act": "INFORM", "canonical_values": ["Santa Rosa"], "slot": "city", "values": ["Santa Rosa"]}], "service": "Services_1", "slots": [{"exclusive_end": 39, "slot": "city", "start": 29}], "state": {"active_intent": "FindProvider", "requested_slots": [], "slot_values": {"city": ["Santa Rosa"]}}}], "speaker": "USER", "utterance": "I'm looking for something in Santa Rosa."}, {"frames": [{"actions": [{"act": "OFFER", "canonical_values": ["Daredevils & Queens"], "slot": "stylist_name", "values": ["Daredevils & Queens"]}, {"act": "OFFER", "canonical_values": ["Santa Rosa"], "slot": "city", "values": ["Santa Rosa"]}], "service": "Services_1", "service_call": {"method": "FindProvider", "parameters": {"city": "Santa Rosa"}}, "service_results": [{"average_rating": "4.60", "city": "Santa Rosa", "is_unisex": "False", "phone_number": "707-575-5123", "street_address": "122 4th Street", "stylist_name": "Daredevils & Queens"}, {"average_rating": "4.80", "city": "Santa Rosa", "is_unisex": "True", "phone_number": "707-575-1474", "street_address": "205 5th Street D", "stylist_name": "Elle Lui Hair Salon"}, {"average_rating": "4.80", "city": "Santa Rosa", "is_unisex": "True", "phone_number": "707-528-8266", "street_address": "314 Mendocino Avenue", "stylist_name": "Exclusive Spa"}, {"average_rating": "4.70", "city": "Santa Rosa", "is_unisex": "True", "phone_number": "707-575-5551", "street_address": "1235 North Dutton Avenue Suite B", "stylist_name": "Leading Edge Salon"}, {"average_rating": "4.30", "city": "Santa Rosa", "is_unisex": "True", "phone_number": "707-318-7003", "street_address": "2101 West College Avenue", "stylist_name": "Redline Barbers"}, {"average_rating": "4.90", "city": "Santa Rosa", "is_unisex": "True", "phone_number": "707-542-3380", "street_address": "2330 4th Street", "stylist_name": "Santa Rosa Barbershop"}, {"average_rating": "4.30", "city": "Santa Rosa", "is_unisex": "True", "phone_number": "707-479-5872", "street_address": "1305 Cleveland Avenue H", "stylist_name": "The Barbery"}, {"average_rating": "4.90", "city": "Santa Rosa", "is_unisex": "True", "phone_number": "707-595-3420", "street_address": "140 Stony Point Road e", "stylist_name": "The Den Barber Shop"}, {"average_rating": "4.00", "city": "Santa Rosa", "is_unisex": "True", "phone_number": "707-843-5069", "street_address": "46 West College Avenue", "stylist_name": "West Coast Cuts"}], "slots": [{"exclusive_end": 19, "slot": "stylist_name", "start": 0}, {"exclusive_end": 48, "slot": "city", "start": 38}]}], "speaker": "SYSTEM", "utterance": "Daredevils & Queens is a salon in the Santa Rosa area."}, {"frames": [{"actions": [{"act": "REQUEST", "canonical_values": [], "slot": "street_address", "values": []}, {"act": "REQUEST", "canonical_values": [], "slot": "average_rating", "values": []}], "service": "Services_1", "slots": [], "state": {"active_intent": "FindProvider", "requested_slots": ["average_rating", "street_address"], "slot_values": {"city": ["Santa Rosa"]}}}], "speaker": "USER", "utterance": "Can I have their address and rating?"}, {"frames": [{"actions": [{"act": "INFORM", "canonical_values": ["122 4th Street"], "slot": "street_address", "values": ["122 4th Street"]}, {"act": "INFORM", "canonical_values": ["4.60"], "slot": "average_rating", "values": ["4.6"]}], "service": "Services_1", "slots": [{"exclusive_end": 55, "slot": "street_address", "start": 41}, {"exclusive_end": 14, "slot": "average_rating", "start": 11}]}], "speaker": "SYSTEM", "utterance": "The have a 4.6 rating and are located at 122 4th Street."}, {"frames": [{"actions": [{"act": "INFORM_INTENT", "canonical_values": ["FindMovies"], "slot": "intent", "values": ["FindMovies"]}], "service": "Movies_1", "slots": [], "state": {"active_intent": "FindMovies", "requested_slots": [], "slot_values": {"location": ["Santa Rosa"]}}}, {"actions": [{"act": "SELECT", "canonical_values": [], "slot": "", "values": []}], "service": "Services_1", "slots": [], "state": {"active_intent": "FindProvider", "requested_slots": [], "slot_values": {"city": ["Santa Rosa"], "stylist_name": ["Daredevils & Queens"]}}}], "speaker": "USER", "utterance": "Great. Can you also help me find a movie in the area."}, {"frames": [{"actions": [{"act": "OFFER", "canonical_values": ["After The Wedding", "Fiddler: A Miracle of Miracles", "Good Boys"], "slot": "movie_name", "values": ["After the Wedding", "Fiddler: A Miracle of Miracles", "Good Boys"]}, {"act": "INFORM_COUNT", "canonical_values": ["10"], "slot": "count", "values": ["10"]}], "service": "Movies_1", "service_call": {"method": "FindMovies", "parameters": {"location": "Santa Rosa"}}, "service_results": [{"genre": "Drama", "location": "Santa Rosa", "movie_name": "After The Wedding", "price": "10", "show_type": "regular", "street_address": "551 Summerfield Road", "theater_name": "Summerfield Cinemas"}, {"genre": "Documentary", "location": "Santa Rosa", "movie_name": "Fiddler: A Miracle of Miracles", "price": "8", "show_type": "regular", "street_address": "551 Summerfield Road", "theater_name": "Summerfield Cinemas"}, {"genre": "Comedy", "location": "Santa Rosa", "movie_name": "Good Boys", "price": "12", "show_type": "imax", "street_address": "85 Santa Rosa Avenue", "theater_name": "Roxy Stadium 14"}, {"genre": "Action", "location": "Santa Rosa", "movie_name": "Hobbs and Shaw", "price": "12", "show_type": "regular", "street_address": "409 Aviation Boulevard", "theater_name": "Airport Stadium 12"}, {"genre": "Drama", "location": "Santa Rosa", "movie_name": "Hustlers", "price": "12", "show_type": "regular", "street_address": "85 Santa Rosa Avenue", "theater_name": "Roxy Stadium 14"}, {"genre": "Supernatural", "location": "Santa Rosa", "movie_name": "IT Chapter Two", "price": "6", "show_type": "regular", "street_address": "409 Aviation Boulevard", "theater_name": "Airport Stadium 12"}, {"genre": "Mystery", "location": "Santa Rosa", "movie_name": "Official Secrets", "price": "15", "show_type": "regular", "street_address": "551 Summerfield Road", "theater_name": "Summerfield Cinemas"}, {"genre": "Offbeat", "location": "Santa Rosa", "movie_name": "Once Upon a Time In Hollywood", "price": "9", "show_type": "regular", "street_address": "85 Santa Rosa Avenue", "theater_name": "Roxy Stadium 14"}, {"genre": "Horror", "location": "Santa Rosa", "movie_name": "Scary Stories to Tell in the Dark", "price": "5", "show_type": "regular", "street_address": "85 Santa Rosa Avenue", "theater_name": "Roxy Stadium 14"}, {"genre": "Drama", "location": "Santa Rosa", "movie_name": "The Art of Racing in the Rain", "price": "9", "show_type": "3d", "street_address": "620 3rd Street", "theater_name": "3rd Street Cinema"}], "slots": [{"exclusive_end": 39, "slot": "movie_name", "start": 22}, {"exclusive_end": 85, "slot": "movie_name", "start": 55}, {"exclusive_end": 50, "slot": "movie_name", "start": 41}]}], "speaker": "SYSTEM", "utterance": "There are 10 options. After the Wedding, Good Boys and Fiddler: A Miracle of Miracles are 3 options."}, {"frames": [{"actions": [{"act": "SELECT", "canonical_values": ["After The Wedding"], "slot": "movie_name", "values": ["After the Wedding"]}], "service": "Movies_1", "slots": [{"exclusive_end": 17, "slot": "movie_name", "start": 0}], "state": {"active_intent": "FindMovies", "requested_slots": [], "slot_values": {"location": ["Santa Rosa"], "movie_name": ["After the Wedding"]}}}], "speaker": "USER", "utterance": "After the Wedding sounds great!"}, {"frames": [{"actions": [{"act": "OFFER_INTENT", "canonical_values": ["BuyMovieTickets"], "slot": "intent", "values": ["BuyMovieTickets"]}], "service": "Movies_1", "slots": []}], "speaker": "SYSTEM", "utterance": "Should I reserve tickets for you?"}, {"frames": [{"actions": [{"act": "INFORM", "canonical_values": ["regular"], "slot": "show_type", "values": ["regular"]}, {"act": "INFORM", "canonical_values": ["Summerfield Cinemas"], "slot": "theater_name", "values": ["Summerfield Cinemas"]}, {"act": "INFORM", "canonical_values": ["2019-03-02"], "slot": "show_date", "values": ["2nd of this month"]}, {"act": "INFORM_INTENT", "canonical_values": ["GetTimesForMovie"], "slot": "intent", "values": ["GetTimesForMovie"]}, {"act": "NEGATE_INTENT", "canonical_values": [], "slot": "", "values": []}], "service": "Movies_1", "slots": [{"exclusive_end": 80, "slot": "theater_name", "start": 61}, {"exclusive_end": 105, "slot": "show_date", "start": 88}], "state": {"active_intent": "GetTimesForMovie", "requested_slots": [], "slot_values": {"location": ["Santa Rosa"], "movie_name": ["After the Wedding"], "show_date": ["2nd of this month"], "show_type": ["regular"], "theater_name": ["Summerfield Cinemas"]}}}], "speaker": "USER", "utterance": "Not right now but can I have the times for a regular show at Summerfield Cinemas on the 2nd of this month?"}, {"frames": [{"actions": [{"act": "OFFER", "canonical_values": ["20:30"], "slot": "show_time", "values": ["8:30 pm"]}, {"act": "OFFER", "canonical_values": ["Summerfield Cinemas"], "slot": "theater_name", "values": ["Summerfield Cinemas"]}, {"act": "INFORM_COUNT", "canonical_values": ["1"], "slot": "count", "values": ["1"]}], "service": "Movies_1", "service_call": {"method": "GetTimesForMovie", "parameters": {"location": "Santa Rosa", "movie_name": "After The Wedding", "show_date": "2019-03-02", "show_type": "regular", "theater_name": "Summerfield Cinemas"}}, "service_results": [{"genre": "Drama", "location": "Santa Rosa", "movie_name": "After The Wedding", "price": "10", "show_date": "2019-03-02", "show_time": "20:30", "show_type": "regular", "street_address": "551 Summerfield Road", "theater_name": "Summerfield Cinemas"}], "slots": [{"exclusive_end": 28, "slot": "show_time", "start": 21}, {"exclusive_end": 55, "slot": "theater_name", "start": 36}]}], "speaker": "SYSTEM", "utterance": "There is 1 option at 8:30 pm in the Summerfield Cinemas."}, {"frames": [{"actions": [{"act": "REQUEST", "canonical_values": [], "slot": "price", "values": []}, {"act": "REQUEST", "canonical_values": [], "slot": "genre", "values": []}], "service": "Movies_1", "slots": [], "state": {"active_intent": "GetTimesForMovie", "requested_slots": ["genre", "price"], "slot_values": {"location": ["Santa Rosa"], "movie_name": ["After the Wedding"], "show_date": ["2nd of this month"], "show_type": ["regular"], "theater_name": ["Summerfield Cinemas"]}}}], "speaker": "USER", "utterance": "What type of movie is it and what is the cost per ticket?"}, {"frames": [{"actions": [{"act": "INFORM", "canonical_values": ["Drama"], "slot": "genre", "values": ["drama"]}, {"act": "INFORM", "canonical_values": ["10"], "slot": "price", "values": ["$10"]}], "service": "Movies_1", "slots": [{"exclusive_end": 13, "slot": "genre", "start": 8}, {"exclusive_end": 44, "slot": "price", "start": 41}]}], "speaker": "SYSTEM", "utterance": "It is a drama and the cost per ticket is $10."}, {"frames": [{"actions": [{"act": "SELECT", "canonical_values": [], "slot": "", "values": []}], "service": "Movies_1", "slots": [], "state": {"active_intent": "GetTimesForMovie", "requested_slots": [], "slot_values": {"location": ["Santa Rosa"], "movie_name": ["After the Wedding"], "show_date": ["2nd of this month"], "show_time": ["8:30 pm"], "show_type": ["regular"], "theater_name": ["Summerfield Cinemas"]}}}, {"actions": [{"act": "INFORM_INTENT", "canonical_values": ["BookAppointment"], "slot": "intent", "values": ["BookAppointment"]}], "service": "Services_1", "slots": [], "state": {"active_intent": "BookAppointment", "requested_slots": [], "slot_values": {"appointment_date": ["2nd of this month"], "city": ["Santa Rosa"], "stylist_name": ["Daredevils & Queens"]}}}], "speaker": "USER", "utterance": "Great! Can you please help me book an appointment at the salon you mentioned?"}, {"frames": [{"actions": [{"act": "REQUEST", "canonical_values": [], "slot": "appointment_time", "values": []}], "service": "Services_1", "slots": []}], "speaker": "SYSTEM", "utterance": "For what time?"}, {"frames": [{"actions": [{"act": "INFORM", "canonical_values": ["13:00"], "slot": "appointment_time", "values": ["1 o'clock in the afternoon"]}], "service": "Services_1", "slots": [{"exclusive_end": 30, "slot": "appointment_time", "start": 4}], "state": {"active_intent": "BookAppointment", "requested_slots": [], "slot_values": {"appointment_date": ["2nd of this month"], "appointment_time": ["1 o'clock in the afternoon"], "city": ["Santa Rosa"], "stylist_name": ["Daredevils & Queens"]}}}], "speaker": "USER", "utterance": "For 1 o'clock in the afternoon, please."}, {"frames": [{"actions": [{"act": "CONFIRM", "canonical_values": ["Daredevils & Queens"], "slot": "stylist_name", "values": ["Daredevils & Queens"]}, {"act": "CONFIRM", "canonical_values": ["13:00"], "slot": "appointment_time", "values": ["1 pm"]}, {"act": "CONFIRM", "canonical_values": ["2019-03-02"], "slot": "appointment_date", "values": ["March 2nd"]}], "service": "Services_1", "slots": [{"exclusive_end": 72, "slot": "stylist_name", "start": 53}, {"exclusive_end": 93, "slot": "appointment_time", "start": 89}, {"exclusive_end": 85, "slot": "appointment_date", "start": 76}]}], "speaker": "SYSTEM", "utterance": "Please confirm you want me to book an appointment at Daredevils & Queens on March 2nd at 1 pm."}, {"frames": [{"actions": [{"act": "AFFIRM", "canonical_values": [], "slot": "", "values": []}], "service": "Services_1", "slots": [], "state": {"active_intent": "BookAppointment", "requested_slots": [], "slot_values": {"appointment_date": ["2nd of this month", "March 2nd"], "appointment_time": ["1 o'clock in the afternoon", "1 pm"], "city": ["Santa Rosa"], "stylist_name": ["Daredevils & Queens"]}}}], "speaker": "USER", "utterance": "Yes. That is correct."}, {"frames": [{"actions": [{"act": "NOTIFY_FAILURE", "canonical_values": [], "slot": "", "values": []}, {"act": "REQ_MORE", "canonical_values": [], "slot": "", "values": []}], "service": "Services_1", "service_call": {"method": "BookAppointment", "parameters": {"appointment_date": "2019-03-02", "appointment_time": "13:00", "stylist_name": "Daredevils & Queens"}}, "service_results": [], "slots": []}], "speaker": "SYSTEM", "utterance": "I was unable to confirm the appointment. Is there anything else I can assist you with?"}, {"frames": [{"actions": [{"act": "INFORM", "canonical_values": ["16:15"], "slot": "appointment_time", "values": ["4:15 pm"]}, {"act": "INFORM_INTENT", "canonical_values": ["BookAppointment"], "slot": "intent", "values": ["BookAppointment"]}], "service": "Services_1", "slots": [{"exclusive_end": 32, "slot": "appointment_time", "start": 25}], "state": {"active_intent": "BookAppointment", "requested_slots": [], "slot_values": {"appointment_date": ["2nd of this month", "March 2nd"], "appointment_time": ["4:15 pm"], "city": ["Santa Rosa"], "stylist_name": ["Daredevils & Queens"]}}}], "speaker": "USER", "utterance": "Could you try booking at 4:15 pm?"}, {"frames": [{"actions": [{"act": "CONFIRM", "canonical_values": ["Daredevils & Queens"], "slot": "stylist_name", "values": ["Daredevils & Queens"]}, {"act": "CONFIRM", "canonical_values": ["16:15"], "slot": "appointment_time", "values": ["4:15 pm"]}, {"act": "CONFIRM", "canonical_values": ["2019-03-02"], "slot": "appointment_date", "values": ["March 2nd"]}], "service": "Services_1", "slots": [{"exclusive_end": 69, "slot": "stylist_name", "start": 50}, {"exclusive_end": 93, "slot": "appointment_time", "start": 86}, {"exclusive_end": 82, "slot": "appointment_date", "start": 73}]}], "speaker": "SYSTEM", "utterance": "Please confirm you want to book an appointment at Daredevils & Queens on March 2nd at 4:15 pm."}, {"frames": [{"actions": [{"act": "REQUEST", "canonical_values": [], "slot": "is_unisex", "values": []}, {"act": "REQUEST", "canonical_values": [], "slot": "phone_number", "values": []}, {"act": "AFFIRM", "canonical_values": [], "slot": "", "values": []}], "service": "Services_1", "slots": [], "state": {"active_intent": "BookAppointment", "requested_slots": ["is_unisex", "phone_number"], "slot_values": {"appointment_date": ["2nd of this month", "March 2nd"], "appointment_time": ["4:15 pm"], "city": ["Santa Rosa"], "stylist_name": ["Daredevils & Queens"]}}}], "speaker": "USER", "utterance": "Yes. That's correct and can you tell me whether it's a unisex salon and give me their phone number?"}, {"frames": [{"actions": [{"act": "INFORM", "canonical_values": ["False"], "slot": "is_unisex", "values": ["False"]}, {"act": "INFORM", "canonical_values": ["707-575-5123"], "slot": "phone_number", "values": ["707-575-5123"]}, {"act": "NOTIFY_SUCCESS", "canonical_values": [], "slot": "", "values": []}], "service": "Services_1", "service_call": {"method": "BookAppointment", "parameters": {"appointment_date": "2019-03-02", "appointment_time": "16:15", "stylist_name": "Daredevils & Queens"}}, "service_results": [{"appointment_date": "2019-03-02", "appointment_time": "16:30", "average_rating": "4.60", "is_unisex": "False", "phone_number": "707-575-5123", "street_address": "122 4th Street", "stylist_name": "Daredevils & Queens"}], "slots": [{"exclusive_end": 75, "slot": "phone_number", "start": 63}]}], "speaker": "SYSTEM", "utterance": "It is not a unisex salon and they can be contacted directly at 707-575-5123."}, {"frames": [{"actions": [{"act": "THANK_YOU", "canonical_values": [], "slot": "", "values": []}], "service": "Services_1", "slots": [], "state": {"active_intent": "BookAppointment", "requested_slots": [], "slot_values": {"appointment_date": ["2nd of this month", "March 2nd"], "appointment_time": ["4:15 pm"], "city": ["Santa Rosa"], "stylist_name": ["Daredevils & Queens"]}}}], "speaker": "USER", "utterance": "Thanks for all your help."}, {"frames": [{"actions": [{"act": "REQ_MORE", "canonical_values": [], "slot": "", "values": []}], "service": "Services_1", "slots": []}], "speaker": "SYSTEM", "utterance": "Is there anything else I can assist you with today?"}, {"frames": [{"actions": [{"act": "NEGATE", "canonical_values": [], "slot": "", "values": []}, {"act": "THANK_YOU", "canonical_values": [], "slot": "", "values": []}], "service": "Services_1", "slots": [], "state": {"active_intent": "NONE", "requested_slots": [], "slot_values": {"appointment_date": ["2nd of this month", "March 2nd"], "appointment_time": ["4:15 pm"], "city": ["Santa Rosa"], "stylist_name": ["Daredevils & Queens"]}}}], "speaker": "USER", "utterance": "No. Thanks a bunch."}, {"frames": [{"actions": [{"act": "GOODBYE", "canonical_values": [], "slot": "", "values": []}], "service": "Services_1", "slots": []}], "speaker": "SYSTEM", "utterance": "You're welcome. Enjoy the rest of your day."}]}, {"dialogue_id": "31_00002", "services": ["Services_1", "Movies_1"], "turns": [{"frames": [{"actions": [{"act": "INFORM_INTENT", "canonical_values": ["FindProvider"], "slot": "intent", "values": ["FindProvider"]}], "service": "Services_1", "slots": [], "state": {"active_intent": "FindProvider", "requested_slots": [], "slot_values": {}}}], "speaker": "USER", "utterance": "I need to find a salon."}, {"frames": [{"actions": [{"act": "REQUEST", "canonical_values": [], "slot": "city", "values": []}], "service": "Services_1", "slots": []}], "speaker": "SYSTEM", "utterance": "What city should I search?"}, {"frames": [{"actions": [{"act": "INFORM", "canonical_values": ["Santa Rosa"], "slot": "city", "values": ["Santa Rosa"]}], "service": "Services_1", "slots": [{"exclusive_end": 32, "slot": "city", "start": 22}], "state": {"active_intent": "FindProvider", "requested_slots": [], "slot_values": {"city": ["Santa Rosa"]}}}], "speaker": "USER", "utterance": "Search for a salon in Santa Rosa."}, {"frames": [{"actions": [{"act": "OFFER", "canonical_values": ["Daredevils & Queens"], "slot": "stylist_name", "values": ["Daredevils & Queens"]}, {"act": "OFFER", "canonical_values": ["Santa Rosa"], "slot": "city", "values": ["Santa Rosa"]}], "service": "Services_1", "service_call": {"method": "FindProvider", "parameters": {"city": "Santa Rosa"}}, "service_results": [{"average_rating": "4.60", "city": "Santa Rosa", "is_unisex": "False", "phone_number": "707-575-5123", "street_address": "122 4th Street", "stylist_name": "Daredevils & Queens"}, {"average_rating": "4.80", "city": "Santa Rosa", "is_unisex": "True", "phone_number": "707-575-1474", "street_address": "205 5th Street D", "stylist_name": "Elle Lui Hair Salon"}, {"average_rating": "4.80", "city": "Santa Rosa", "is_unisex": "True", "phone_number": "707-528-8266", "street_address": "314 Mendocino Avenue", "stylist_name": "Exclusive Spa"}, {"average_rating": "4.70", "city": "Santa Rosa", "is_unisex": "True", "phone_number": "707-575-5551", "street_address": "1235 North Dutton Avenue Suite B", "stylist_name": "Leading Edge Salon"}, {"average_rating": "4.30", "city": "Santa Rosa", "is_unisex": "True", "phone_number": "707-318-7003", "street_address": "2101 West College Avenue", "stylist_name": "Redline Barbers"}, {"average_rating": "4.90", "city": "Santa Rosa", "is_unisex": "True", "phone_number": "707-542-3380", "street_address": "2330 4th Street", "stylist_name": "Santa Rosa Barbershop"}, {"average_rating": "4.30", "city": "Santa Rosa", "is_unisex": "True", "phone_number": "707-479-5872", "street_address": "1305 Cleveland Avenue H", "stylist_name": "The Barbery"}, {"average_rating": "4.90", "city": "Santa Rosa", "is_unisex": "True", "phone_number": "707-595-3420", "street_address": "140 Stony Point Road e", "stylist_name": "The Den Barber Shop"}, {"average_rating": "4.00", "city": "Santa Rosa", "is_unisex": "True", "phone_number": "707-843-5069", "street_address": "46 West College Avenue", "stylist_name": "West Coast Cuts"}], "slots": [{"exclusive_end": 49, "slot": "stylist_name", "start": 30}, {"exclusive_end": 26, "slot": "city", "start": 16}]}], "speaker": "SYSTEM", "utterance": "A nice salon in Santa Rosa is Daredevils & Queens"}, {"frames": [{"actions": [{"act": "INFORM_INTENT", "canonical_values": ["FindMovies"], "slot": "intent", "values": ["FindMovies"]}], "service": "Movies_1", "slots": [], "state": {"active_intent": "FindMovies", "requested_slots": [], "slot_values": {"location": ["Santa Rosa"]}}}, {"actions": [{"act": "SELECT", "canonical_values": [], "slot": "", "values": []}], "service": "Services_1", "slots": [], "state": {"active_intent": "FindProvider", "requested_slots": [], "slot_values": {"city": ["Santa Rosa"], "stylist_name": ["Daredevils & Queens"]}}}], "speaker": "USER", "utterance": "That sounds good. I want to watch a movie there."}, {"frames": [{"actions": [{"act": "OFFER", "canonical_values": ["After The Wedding", "Fiddler: A Miracle of Miracles", "Good Boys"], "slot": "movie_name", "values": ["After The Wedding", "Fiddler: A Miracle of Miracles", "Good Boys"]}, {"act": "INFORM_COUNT", "canonical_values": ["10"], "slot": "count", "values": ["10"]}], "service": "Movies_1", "service_call": {"method": "FindMovies", "parameters": {"location": "Santa Rosa"}}, "service_results": [{"genre": "Drama", "location": "Santa Rosa", "movie_name": "After The Wedding", "price": "10", "show_type": "regular", "street_address": "551 Summerfield Road", "theater_name": "Summerfield Cinemas"}, {"genre": "Documentary", "location": "Santa Rosa", "movie_name": "Fiddler: A Miracle of Miracles", "price": "8", "show_type": "regular", "street_address": "551 Summerfield Road", "theater_name": "Summerfield Cinemas"}, {"genre": "Comedy", "location": "Santa Rosa", "movie_name": "Good Boys", "price": "12", "show_type": "imax", "street_address": "85 Santa Rosa Avenue", "theater_name": "Roxy Stadium 14"}, {"genre": "Action", "location": "Santa Rosa", "movie_name": "Hobbs and Shaw", "price": "12", "show_type": "regular", "street_address": "409 Aviation Boulevard", "theater_name": "Airport Stadium 12"}, {"genre": "Drama", "location": "Santa Rosa", "movie_name": "Hustlers", "price": "12", "show_type": "regular", "street_address": "85 Santa Rosa Avenue", "theater_name": "Roxy Stadium 14"}, {"genre": "Supernatural", "location": "Santa Rosa", "movie_name": "IT Chapter Two", "price": "6", "show_type": "regular", "street_address": "409 Aviation Boulevard", "theater_name": "Airport Stadium 12"}, {"genre": "Mystery", "location": "Santa Rosa", "movie_name": "Official Secrets", "price": "15", "show_type": "regular", "street_address": "551 Summerfield Road", "theater_name": "Summerfield Cinemas"}, {"genre": "Offbeat", "location": "Santa Rosa", "movie_name": "Once Upon a Time In Hollywood", "price": "9", "show_type": "regular", "street_address": "85 Santa Rosa Avenue", "theater_name": "Roxy Stadium 14"}, {"genre": "Horror", "location": "Santa Rosa", "movie_name": "Scary Stories to Tell in the Dark", "price": "5", "show_type": "regular", "street_address": "85 Santa Rosa Avenue", "theater_name": "Roxy Stadium 14"}, {"genre": "Drama", "location": "Santa Rosa", "movie_name": "The Art of Racing in the Rain", "price": "9", "show_type": "3d", "street_address": "620 3rd Street", "theater_name": "3rd Street Cinema"}], "slots": [{"exclusive_end": 55, "slot": "movie_name", "start": 38}, {"exclusive_end": 87, "slot": "movie_name", "start": 57}, {"exclusive_end": 100, "slot": "movie_name", "start": 91}]}], "speaker": "SYSTEM", "utterance": "I located 10 movies. Would you prefer After The Wedding, Fiddler: A Miracle of Miracles or Good Boys?"}, {"frames": [{"actions": [{"act": "INFORM_INTENT", "canonical_values": ["GetTimesForMovie"], "slot": "intent", "values": ["GetTimesForMovie"]}, {"act": "SELECT", "canonical_values": ["Good Boys"], "slot": "movie_name", "values": ["Good Boys"]}], "service": "Movies_1", "slots": [{"exclusive_end": 9, "slot": "movie_name", "start": 0}], "state": {"active_intent": "GetTimesForMovie", "requested_slots": [], "slot_values": {"location": ["Santa Rosa"], "movie_name": ["Good Boys"]}}}], "speaker": "USER", "utterance": "Good Boys sounds perfect. What time does it start?"}, {"frames": [{"actions": [{"act": "REQUEST", "canonical_values": ["2019-03-02"], "slot": "show_date", "values": ["March 2nd"]}], "service": "Movies_1", "slots": [{"exclusive_end": 39, "slot": "show_date", "start": 30}]}], "speaker": "SYSTEM", "utterance": "Would you liek to watch it on March 2nd?"}, {"frames": [{"actions": [{"act": "AFFIRM", "canonical_values": [], "slot": "", "values": []}], "service": "Movies_1", "slots": [], "state": {"active_intent": "GetTimesForMovie", "requested_slots": [], "slot_values": {"location": ["Santa Rosa"], "movie_name": ["Good Boys"], "show_date": ["March 2nd"]}}}], "speaker": "USER", "utterance": "Yes, that is fine."}, {"frames": [{"actions": [{"act": "OFFER", "canonical_values": ["21:30"], "slot": "show_time", "values": ["9:30 pm"]}, {"act": "OFFER", "canonical_values": ["Airport Stadium 12"], "slot": "theater_name", "values": ["Airport Stadium 12"]}, {"act": "INFORM_COUNT", "canonical_values": ["2"], "slot": "count", "values": ["2"]}], "service": "Movies_1", "service_call": {"method": "GetTimesForMovie", "parameters": {"location": "Santa Rosa", "movie_name": "Good Boys", "show_date": "2019-03-02"}}, "service_results": [{"genre": "Comedy", "location": "Santa Rosa", "movie_name": "Good Boys", "price": "13", "show_date": "2019-03-02", "show_time": "21:30", "show_type": "regular", "street_address": "409 Aviation Boulevard", "theater_name": "Airport Stadium 12"}, {"genre": "Comedy", "location": "Santa Rosa", "movie_name": "Good Boys", "price": "12", "show_date": "2019-03-02", "show_time": "22:00", "show_type": "regular", "street_address": "85 Santa Rosa Avenue", "theater_name": "Roxy Stadium 14"}], "slots": [{"exclusive_end": 44, "slot": "show_time", "start": 37}, {"exclusive_end": 66, "slot": "theater_name", "start": 48}]}], "speaker": "SYSTEM", "utterance": "I found 2 showtimes; one showtime is 9:30 pm at Airport Stadium 12"}, {"frames": [{"actions": [{"act": "REQUEST", "canonical_values": [], "slot": "price", "values": []}, {"act": "REQUEST", "canonical_values": [], "slot": "genre", "values": []}], "service": "Movies_1", "slots": [], "state": {"active_intent": "GetTimesForMovie", "requested_slots": ["genre", "price"], "slot_values": {"location": ["Santa Rosa"], "movie_name": ["Good Boys"], "show_date": ["March 2nd"]}}}], "speaker": "USER", "utterance": "What kind of movie is it and how much is a ticket?"}, {"frames": [{"actions": [{"act": "INFORM", "canonical_values": ["Comedy"], "slot": "genre", "values": ["Comedy"]}, {"act": "INFORM", "canonical_values": ["13"], "slot": "price", "values": ["$13"]}], "service": "Movies_1", "slots": [{"exclusive_end": 12, "slot": "genre", "start": 6}, {"exclusive_end": 40, "slot": "price", "start": 37}]}], "speaker": "SYSTEM", "utterance": "Its a Comedy and the ticket price is $13 per person."}, {"frames": [{"actions": [{"act": "SELECT", "canonical_values": [], "slot": "", "values": []}], "service": "Movies_1", "slots": [], "state": {"active_intent": "GetTimesForMovie", "requested_slots": [], "slot_values": {"location": ["Santa Rosa"], "movie_name": ["Good Boys"], "show_date": ["March 2nd"], "show_time": ["9:30 pm"]}}}, {"actions": [{"act": "INFORM", "canonical_values": ["18:15"], "slot": "appointment_time", "values": ["evening 6:15"]}, {"act": "INFORM_INTENT", "canonical_values": ["BookAppointment"], "slot": "intent", "values": ["BookAppointment"]}], "service": "Services_1", "slots": [{"exclusive_end": 81, "slot": "appointment_time", "start": 69}], "state": {"active_intent": "BookAppointment", "requested_slots": [], "slot_values": {"appointment_date": ["March 2nd"], "appointment_time": ["evening 6:15"], "city": ["Santa Rosa"], "stylist_name": ["Daredevils & Queens"]}}}], "speaker": "USER", "utterance": "Sounds good. Book me an appointment for the salon on that day in the evening 6:15"}, {"frames": [{"actions": [{"act": "CONFIRM", "canonical_values": ["Daredevils & Queens"], "slot": "stylist_name", "values": ["Daredevils & Queens"]}, {"act": "CONFIRM", "canonical_values": ["18:15"], "slot": "appointment_time", "values": ["6:15 pm"]}, {"act": "CONFIRM", "canonical_values": ["2019-03-02"], "slot": "appointment_date", "values": ["March 2nd"]}], "service": "Services_1", "slots": [{"exclusive_end": 70, "slot": "stylist_name", "start": 51}, {"exclusive_end": 95, "slot": "appointment_time", "start": 88}, {"exclusive_end": 84, "slot": "appointment_date", "start": 75}]}], "speaker": "SYSTEM", "utterance": "Please confirm: Book a hair stylist appointment at Daredevils & Queens for March 2nd at 6:15 pm."}, {"frames": [{"actions": [{"act": "REQUEST", "canonical_values": [], "slot": "street_address", "values": []}, {"act": "AFFIRM", "canonical_values": [], "slot": "", "values": []}], "service": "Services_1", "slots": [], "state": {"active_intent": "BookAppointment", "requested_slots": ["street_address"], "slot_values": {"appointment_date": ["March 2nd"], "appointment_time": ["6:15 pm", "evening 6:15"], "city": ["Santa Rosa"], "stylist_name": ["Daredevils & Queens"]}}}], "speaker": "USER", "utterance": "Yes, that is correct. What is the address?"}, {"frames": [{"actions": [{"act": "INFORM", "canonical_values": ["122 4th Street"], "slot": "street_address", "values": ["122 4th Street"]}, {"act": "NOTIFY_SUCCESS", "canonical_values": [], "slot": "", "values": []}], "service": "Services_1", "service_call": {"method": "BookAppointment", "parameters": {"appointment_date": "2019-03-02", "appointment_time": "18:15", "stylist_name": "Daredevils & Queens"}}, "service_results": [{"appointment_date": "2019-03-02", "appointment_time": "18:00", "average_rating": "4.60", "is_unisex": "False", "phone_number": "707-575-5123", "street_address": "122 4th Street", "stylist_name": "Daredevils & Queens"}], "slots": [{"exclusive_end": 65, "slot": "street_address", "start": 51}]}], "speaker": "SYSTEM", "utterance": "The appointment has been confirmed. The address is 122 4th Street."}, {"frames": [{"actions": [{"act": "THANK_YOU", "canonical_values": [], "slot": "", "values": []}], "service": "Services_1", "slots": [], "state": {"active_intent": "BookAppointment", "requested_slots": [], "slot_values": {"appointment_date": ["March 2nd"], "appointment_time": ["6:15 pm", "evening 6:15"], "city": ["Santa Rosa"], "stylist_name": ["Daredevils & Queens"]}}}], "speaker": "USER", "utterance": "Thank you very much."}, {"frames": [{"actions": [{"act": "REQ_MORE", "canonical_values": [], "slot": "", "values": []}], "service": "Services_1", "slots": []}], "speaker": "SYSTEM", "utterance": "Can I assist you with anything else."}, {"frames": [{"actions": [{"act": "NEGATE", "canonical_values": [], "slot": "", "values": []}, {"act": "THANK_YOU", "canonical_values": [], "slot": "", "values": []}], "service": "Services_1", "slots": [], "state": {"active_intent": "NONE", "requested_slots": [], "slot_values": {"appointment_date": ["March 2nd"], "appointment_time": ["6:15 pm", "evening 6:15"], "city": ["Santa Rosa"], "stylist_name": ["Daredevils & Queens"]}}}], "speaker": "USER", "utterance": "No thank you."}, {"frames": [{"actions": [{"act": "GOODBYE", "canonical_values": [], "slot": "", "values": []}], "service": "Services_1", "slots": []}], "speaker": "SYSTEM", "utterance": "Have a great day."}]}, {"dialogue_id": "31_00003", "services": ["Services_1", "Movies_1"], "turns": [{"frames": [{"actions": [{"act": "INFORM_INTENT", "canonical_values": ["FindProvider"], "slot": "intent", "values": ["FindProvider"]}], "service": "Services_1", "slots": [], "state": {"active_intent": "FindProvider", "requested_slots": [], "slot_values": {}}}], "speaker": "USER", "utterance": "I would like to look for a salon. I need to get a manicure and a touch up to my roots."}, {"frames": [{"actions": [{"act": "REQUEST", "canonical_values": [], "slot": "city", "values": []}], "service": "Services_1", "slots": []}], "speaker": "SYSTEM", "utterance": "What city would you like to search in?"}, {"frames": [{"actions": [{"act": "INFORM", "canonical_values": ["Santa Rosa"], "slot": "city", "values": ["Santa Rosa"]}], "service": "Services_1", "slots": [{"exclusive_end": 42, "slot": "city", "start": 32}], "state": {"active_intent": "FindProvider", "requested_slots": [], "slot_values": {"city": ["Santa Rosa"]}}}], "speaker": "USER", "utterance": "I would like to find a salon in Santa Rosa."}, {"frames": [{"actions": [{"act": "OFFER", "canonical_values": ["Daredevils & Queens"], "slot": "stylist_name", "values": ["Daredevils & Queens"]}, {"act": "OFFER", "canonical_values": ["Santa Rosa"], "slot": "city", "values": ["Santa Rosa"]}], "service": "Services_1", "service_call": {"method": "FindProvider", "parameters": {"city": "Santa Rosa"}}, "service_results": [{"average_rating": "4.60", "city": "Santa Rosa", "is_unisex": "False", "phone_number": "707-575-5123", "street_address": "122 4th Street", "stylist_name": "Daredevils & Queens"}, {"average_rating": "4.80", "city": "Santa Rosa", "is_unisex": "True", "phone_number": "707-575-1474", "street_address": "205 5th Street D", "stylist_name": "Elle Lui Hair Salon"}, {"average_rating": "4.80", "city": "Santa Rosa", "is_unisex": "True", "phone_number": "707-528-8266", "street_address": "314 Mendocino Avenue", "stylist_name": "Exclusive Spa"}, {"average_rating": "4.70", "city": "Santa Rosa", "is_unisex": "True", "phone_number": "707-575-5551", "street_address": "1235 North Dutton Avenue Suite B", "stylist_name": "Leading Edge Salon"}, {"average_rating": "4.30", "city": "Santa Rosa", "is_unisex": "True", "phone_number": "707-318-7003", "street_address": "2101 West College Avenue", "stylist_name": "Redline Barbers"}, {"average_rating": "4.90", "city": "Santa Rosa", "is_unisex": "True", "phone_number": "707-542-3380", "street_address": "2330 4th Street", "stylist_name": "Santa Rosa Barbershop"}, {"average_rating": "4.30", "city": "Santa Rosa", "is_unisex": "True", "phone_number": "707-479-5872", "street_address": "1305 Cleveland Avenue H", "stylist_name": "The Barbery"}, {"average_rating": "4.90", "city": "Santa Rosa", "is_unisex": "True", "phone_number": "707-595-3420", "street_address": "140 Stony Point Road e", "stylist_name": "The Den Barber Shop"}, {"average_rating": "4.00", "city": "Santa Rosa", "is_unisex": "True", "phone_number": "707-843-5069", "street_address": "46 West College Avenue", "stylist_name": "West Coast Cuts"}], "slots": [{"exclusive_end": 19, "slot": "stylist_name", "start": 0}, {"exclusive_end": 52, "slot": "city", "start": 42}]}], "speaker": "SYSTEM", "utterance": "Daredevils & Queens is a salon located in Santa Rosa."}, {"frames": [{"actions": [{"act": "REQUEST", "canonical_values": [], "slot": "average_rating", "values": []}, {"act": "REQUEST", "canonical_values": [], "slot": "is_unisex", "values": []}], "service": "Services_1", "slots": [], "state": {"active_intent": "FindProvider", "requested_slots": ["average_rating", "is_unisex"], "slot_values": {"city": ["Santa Rosa"]}}}], "speaker": "USER", "utterance": "What are the reviews like for the salon? Is it unisex?"}, {"frames": [{"actions": [{"act": "INFORM", "canonical_values": ["False"], "slot": "is_unisex", "values": ["False"]}, {"act": "INFORM", "canonical_values": ["4.60"], "slot": "average_rating", "values": ["4.6"]}], "service": "Services_1", "slots": [{"exclusive_end": 25, "slot": "average_rating", "start": 22}]}], "speaker": "SYSTEM", "utterance": "The average rating is 4.6. It is not a unisex salon."}, {"frames": [{"actions": [{"act": "INFORM", "canonical_values": ["Comedy"], "slot": "genre", "values": ["Comedy"]}, {"act": "INFORM_INTENT", "canonical_values": ["FindMovies"], "slot": "intent", "values": ["FindMovies"]}], "service": "Movies_1", "slots": [{"exclusive_end": 94, "slot": "genre", "start": 88}], "state": {"active_intent": "FindMovies", "requested_slots": [], "slot_values": {"genre": ["Comedy"], "location": ["Santa Rosa"]}}}, {"actions": [{"act": "SELECT", "canonical_values": [], "slot": "", "values": []}], "service": "Services_1", "slots": [], "state": {"active_intent": "FindProvider", "requested_slots": [], "slot_values": {"city": ["Santa Rosa"], "stylist_name": ["Daredevils & Queens"]}}}], "speaker": "USER", "utterance": "That one sounds nice. I would like to watch a movie in the same city. Please search for Comedy movies."}, {"frames": [{"actions": [{"act": "OFFER", "canonical_values": ["Good Boys", "Where'd You Go, Bernadette", "Yesterday"], "slot": "movie_name", "values": ["Good Boys", "Where'd You Go, Bernadette", "Yesterday"]}], "service": "Movies_1", "service_call": {"method": "FindMovies", "parameters": {"genre": "Comedy", "location": "Santa Rosa"}}, "service_results": [{"genre": "Comedy", "location": "Santa Rosa", "movie_name": "Good Boys", "price": "12", "show_type": "imax", "street_address": "85 Santa Rosa Avenue", "theater_name": "Roxy Stadium 14"}, {"genre": "Comedy", "location": "Santa Rosa", "movie_name": "Where'd You Go, Bernadette", "price": "10", "show_type": "regular", "street_address": "551 Summerfield Road", "theater_name": "Summerfield Cinemas"}, {"genre": "Comedy", "location": "Santa Rosa", "movie_name": "Yesterday", "price": "15", "show_type": "regular", "street_address": "620 3rd Street", "theater_name": "3rd Street Cinema"}], "slots": [{"exclusive_end": 9, "slot": "movie_name", "start": 0}, {"exclusive_end": 37, "slot": "movie_name", "start": 11}, {"exclusive_end": 52, "slot": "movie_name", "start": 43}]}], "speaker": "SYSTEM", "utterance": "Good Boys, Where'd You Go, Bernadette, and Yesterday are playing in theaters in that city."}, {"frames": [{"actions": [{"act": "INFORM", "canonical_values": ["2019-03-02"], "slot": "show_date", "values": ["March 2nd"]}, {"act": "INFORM_INTENT", "canonical_values": ["GetTimesForMovie"], "slot": "intent", "values": ["GetTimesForMovie"]}, {"act": "SELECT", "canonical_values": ["Good Boys"], "slot": "movie_name", "values": ["Good Boys"]}], "service": "Movies_1", "slots": [{"exclusive_end": 22, "slot": "movie_name", "start": 13}, {"exclusive_end": 69, "slot": "show_date", "start": 60}], "state": {"active_intent": "GetTimesForMovie", "requested_slots": [], "slot_values": {"genre": ["Comedy"], "location": ["Santa Rosa"], "movie_name": ["Good Boys"], "show_date": ["March 2nd"]}}}], "speaker": "USER", "utterance": "I'll go with Good Boys. What are the showtimes available on March 2nd?"}, {"frames": [{"actions": [{"act": "OFFER", "canonical_values": ["21:30"], "slot": "show_time", "values": ["9:30 pm"]}, {"act": "OFFER", "canonical_values": ["Airport Stadium 12"], "slot": "theater_name", "values": ["Airport Stadium 12"]}], "service": "Movies_1", "service_call": {"method": "GetTimesForMovie", "parameters": {"location": "Santa Rosa", "movie_name": "Good Boys", "show_date": "2019-03-02"}}, "service_results": [{"genre": "Comedy", "location": "Santa Rosa", "movie_name": "Good Boys", "price": "13", "show_date": "2019-03-02", "show_time": "21:30", "show_type": "regular", "street_address": "409 Aviation Boulevard", "theater_name": "Airport Stadium 12"}, {"genre": "Comedy", "location": "Santa Rosa", "movie_name": "Good Boys", "price": "12", "show_date": "2019-03-02", "show_time": "22:00", "show_type": "regular", "street_address": "85 Santa Rosa Avenue", "theater_name": "Roxy Stadium 14"}], "slots": [{"exclusive_end": 42, "slot": "show_time", "start": 35}, {"exclusive_end": 18, "slot": "theater_name", "start": 0}]}], "speaker": "SYSTEM", "utterance": "Airport Stadium 12 has one show at 9:30 pm."}, {"frames": [{"actions": [{"act": "REQUEST", "canonical_values": [], "slot": "price", "values": []}], "service": "Movies_1", "slots": [], "state": {"active_intent": "GetTimesForMovie", "requested_slots": ["price"], "slot_values": {"genre": ["Comedy"], "location": ["Santa Rosa"], "movie_name": ["Good Boys"], "show_date": ["March 2nd"]}}}], "speaker": "USER", "utterance": "How much is a ticket?"}, {"frames": [{"actions": [{"act": "INFORM", "canonical_values": ["13"], "slot": "price", "values": ["$13"]}], "service": "Movies_1", "slots": [{"exclusive_end": 19, "slot": "price", "start": 16}]}], "speaker": "SYSTEM", "utterance": "The tickets are $13 per person."}, {"frames": [{"actions": [{"act": "REQUEST", "canonical_values": [], "slot": "street_address", "values": []}], "service": "Movies_1", "slots": [], "state": {"active_intent": "GetTimesForMovie", "requested_slots": ["street_address"], "slot_values": {"genre": ["Comedy"], "location": ["Santa Rosa"], "movie_name": ["Good Boys"], "show_date": ["March 2nd"]}}}], "speaker": "USER", "utterance": "What is the address of the theater?"}, {"frames": [{"actions": [{"act": "INFORM", "canonical_values": ["409 Aviation Boulevard"], "slot": "street_address", "values": ["409 Aviation Boulevard"]}], "service": "Movies_1", "slots": [{"exclusive_end": 37, "slot": "street_address", "start": 15}]}], "speaker": "SYSTEM", "utterance": "The address is 409 Aviation Boulevard."}, {"frames": [{"actions": [{"act": "SELECT", "canonical_values": [], "slot": "", "values": []}], "service": "Movies_1", "slots": [], "state": {"active_intent": "GetTimesForMovie", "requested_slots": [], "slot_values": {"genre": ["Comedy"], "location": ["Santa Rosa"], "movie_name": ["Good Boys"], "show_date": ["March 2nd"], "show_time": ["9:30 pm"]}}}], "speaker": "USER", "utterance": "OK, sounds good, thanks."}, {"frames": [{"actions": [{"act": "OFFER_INTENT", "canonical_values": ["BuyMovieTickets"], "slot": "intent", "values": ["BuyMovieTickets"]}], "service": "Movies_1", "slots": []}], "speaker": "SYSTEM", "utterance": "Would you like to buy tickets to the movie?"}, {"frames": [{"actions": [{"act": "NEGATE_INTENT", "canonical_values": [], "slot": "", "values": []}], "service": "Movies_1", "slots": [], "state": {"active_intent": "NONE", "requested_slots": [], "slot_values": {"genre": ["Comedy"], "location": ["Santa Rosa"], "movie_name": ["Good Boys"], "show_date": ["March 2nd"], "show_time": ["9:30 pm"]}}}], "speaker": "USER", "utterance": "No, not right now, thanks."}, {"frames": [{"actions": [{"act": "REQ_MORE", "canonical_values": [], "slot": "", "values": []}], "service": "Movies_1", "slots": []}], "speaker": "SYSTEM", "utterance": "Is there anything else I can help you with?"}, {"frames": [{"actions": [{"act": "INFORM_INTENT", "canonical_values": ["BookAppointment"], "slot": "intent", "values": ["BookAppointment"]}], "service": "Services_1", "slots": [], "state": {"active_intent": "BookAppointment", "requested_slots": [], "slot_values": {"appointment_date": ["March 2nd"], "city": ["Santa Rosa"], "stylist_name": ["Daredevils & Queens"]}}}], "speaker": "USER", "utterance": "Yes, I would like to book an appointment at that salon you found."}, {"frames": [{"actions": [{"act": "REQUEST", "canonical_values": [], "slot": "appointment_time", "values": []}], "service": "Services_1", "slots": []}], "speaker": "SYSTEM", "utterance": "What time would you like the appointment for?"}, {"frames": [{"actions": [{"act": "INFORM", "canonical_values": ["16:00"], "slot": "appointment_time", "values": ["16:00"]}], "service": "Services_1", "slots": [{"exclusive_end": 27, "slot": "appointment_time", "start": 22}], "state": {"active_intent": "BookAppointment", "requested_slots": [], "slot_values": {"appointment_date": ["March 2nd"], "appointment_time": ["16:00"], "city": ["Santa Rosa"], "stylist_name": ["Daredevils & Queens"]}}}], "speaker": "USER", "utterance": "I want to make it for 16:00."}, {"frames": [{"actions": [{"act": "CONFIRM", "canonical_values": ["Daredevils & Queens"], "slot": "stylist_name", "values": ["Daredevils & Queens"]}, {"act": "CONFIRM", "canonical_values": ["16:00"], "slot": "appointment_time", "values": ["4 pm"]}, {"act": "CONFIRM", "canonical_values": ["2019-03-02"], "slot": "appointment_date", "values": ["March 2nd"]}], "service": "Services_1", "slots": [{"exclusive_end": 70, "slot": "stylist_name", "start": 51}, {"exclusive_end": 91, "slot": "appointment_time", "start": 87}, {"exclusive_end": 83, "slot": "appointment_date", "start": 74}]}], "speaker": "SYSTEM", "utterance": "You would like to book an appointment at the salon Daredevils & Queens on March 2nd at 4 pm, is this correct?"}, {"frames": [{"actions": [{"act": "REQUEST", "canonical_values": [], "slot": "street_address", "values": []}, {"act": "AFFIRM", "canonical_values": [], "slot": "", "values": []}], "service": "Services_1", "slots": [], "state": {"active_intent": "BookAppointment", "requested_slots": ["street_address"], "slot_values": {"appointment_date": ["March 2nd"], "appointment_time": ["16:00", "4 pm"], "city": ["Santa Rosa"], "stylist_name": ["Daredevils & Queens"]}}}], "speaker": "USER", "utterance": "Yes, that's right. What is the address for the salon, please?"}, {"frames": [{"actions": [{"act": "INFORM", "canonical_values": ["122 4th Street"], "slot": "street_address", "values": ["122 4th Street"]}, {"act": "NOTIFY_SUCCESS", "canonical_values": [], "slot": "", "values": []}], "service": "Services_1", "service_call": {"method": "BookAppointment", "parameters": {"appointment_date": "2019-03-02", "appointment_time": "16:00", "stylist_name": "Daredevils & Queens"}}, "service_results": [{"appointment_date": "2019-03-02", "appointment_time": "16:00", "average_rating": "4.60", "is_unisex": "False", "phone_number": "707-575-5123", "street_address": "122 4th Street", "stylist_name": "Daredevils & Queens"}], "slots": [{"exclusive_end": 60, "slot": "street_address", "start": 46}]}], "speaker": "SYSTEM", "utterance": "Your appointment is scheduled. The address is 122 4th Street."}, {"frames": [{"actions": [{"act": "REQUEST", "canonical_values": [], "slot": "phone_number", "values": []}], "service": "Services_1", "slots": [], "state": {"active_intent": "BookAppointment", "requested_slots": ["phone_number"], "slot_values": {"appointment_date": ["March 2nd"], "appointment_time": ["16:00", "4 pm"], "city": ["Santa Rosa"], "stylist_name": ["Daredevils & Queens"]}}}], "speaker": "USER", "utterance": "OK, thanks, what is the phone number?"}, {"frames": [{"actions": [{"act": "INFORM", "canonical_values": ["707-575-5123"], "slot": "phone_number", "values": ["707-575-5123"]}], "service": "Services_1", "slots": [{"exclusive_end": 32, "slot": "phone_number", "start": 20}]}], "speaker": "SYSTEM", "utterance": "The phone number is 707-575-5123."}, {"frames": [{"actions": [{"act": "THANK_YOU", "canonical_values": [], "slot": "", "values": []}, {"act": "GOODBYE", "canonical_values": [], "slot": "", "values": []}], "service": "Services_1", "slots": [], "state": {"active_intent": "BookAppointment", "requested_slots": [], "slot_values": {"appointment_date": ["March 2nd"], "appointment_time": ["16:00", "4 pm"], "city": ["Santa Rosa"], "stylist_name": ["Daredevils & Queens"]}}}], "speaker": "USER", "utterance": "Thank you very much, that's all I need for now."}, {"frames": [{"actions": [{"act": "GOODBYE", "canonical_values": [], "slot": "", "values": []}], "service": "Services_1", "slots": []}], "speaker": "SYSTEM", "utterance": "Have a pleasant day!"}]}, {"dialogue_id": "31_00004", "services": ["Services_1", "Movies_1"], "turns": [{"frames": [{"actions": [{"act": "INFORM", "canonical_values": ["Santa Rosa"], "slot": "city", "values": ["Santa Rosa"]}, {"act": "INFORM_INTENT", "canonical_values": ["FindProvider"], "slot": "intent", "values": ["FindProvider"]}], "service": "Services_1", "slots": [{"exclusive_end": 37, "slot": "city", "start": 27}], "state": {"active_intent": "FindProvider", "requested_slots": [], "slot_values": {"city": ["Santa Rosa"]}}}], "speaker": "USER", "utterance": "Please look for a salon in Santa Rosa."}, {"frames": [{"actions": [{"act": "OFFER", "canonical_values": ["Daredevils & Queens"], "slot": "stylist_name", "values": ["Daredevils & Queens"]}, {"act": "OFFER", "canonical_values": ["Santa Rosa"], "slot": "city", "values": ["Santa Rosa"]}, {"act": "INFORM_COUNT", "canonical_values": ["9"], "slot": "count", "values": ["9"]}], "service": "Services_1", "service_call": {"method": "FindProvider", "parameters": {"city": "Santa Rosa"}}, "service_results": [{"average_rating": "4.60", "city": "Santa Rosa", "is_unisex": "False", "phone_number": "707-575-5123", "street_address": "122 4th Street", "stylist_name": "Daredevils & Queens"}, {"average_rating": "4.80", "city": "Santa Rosa", "is_unisex": "True", "phone_number": "707-575-1474", "street_address": "205 5th Street D", "stylist_name": "Elle Lui Hair Salon"}, {"average_rating": "4.80", "city": "Santa Rosa", "is_unisex": "True", "phone_number": "707-528-8266", "street_address": "314 Mendocino Avenue", "stylist_name": "Exclusive Spa"}, {"average_rating": "4.70", "city": "Santa Rosa", "is_unisex": "True", "phone_number": "707-575-5551", "street_address": "1235 North Dutton Avenue Suite B", "stylist_name": "Leading Edge Salon"}, {"average_rating": "4.30", "city": "Santa Rosa", "is_unisex": "True", "phone_number": "707-318-7003", "street_address": "2101 West College Avenue", "stylist_name": "Redline Barbers"}, {"average_rating": "4.90", "city": "Santa Rosa", "is_unisex": "True", "phone_number": "707-542-3380", "street_address": "2330 4th Street", "stylist_name": "Santa Rosa Barbershop"}, {"average_rating": "4.30", "city": "Santa Rosa", "is_unisex": "True", "phone_number": "707-479-5872", "street_address": "1305 Cleveland Avenue H", "stylist_name": "The Barbery"}, {"average_rating": "4.90", "city": "Santa Rosa", "is_unisex": "True", "phone_number": "707-595-3420", "street_address": "140 Stony Point Road e", "stylist_name": "The Den Barber Shop"}, {"average_rating": "4.00", "city": "Santa Rosa", "is_unisex": "True", "phone_number": "707-843-5069", "street_address": "46 West College Avenue", "stylist_name": "West Coast Cuts"}], "slots": [{"exclusive_end": 19, "slot": "stylist_name", "start": 0}, {"exclusive_end": 45, "slot": "city", "start": 35}]}], "speaker": "SYSTEM", "utterance": "Daredevils & Queens is nice one in Santa Rosa. Or you can go to 9 other ones."}, {"frames": [{"actions": [{"act": "INFORM", "canonical_values": ["regular"], "slot": "show_type", "values": ["regular"]}, {"act": "INFORM_INTENT", "canonical_values": ["FindMovies"], "slot": "intent", "values": ["FindMovies"]}], "service": "Movies_1", "slots": [], "state": {"active_intent": "FindMovies", "requested_slots": [], "slot_values": {"location": ["Santa Rosa"], "show_type": ["regular"]}}}, {"actions": [{"act": "SELECT", "canonical_values": [], "slot": "", "values": []}], "service": "Services_1", "slots": [], "state": {"active_intent": "FindProvider", "requested_slots": [], "slot_values": {"city": ["Santa Rosa"], "stylist_name": ["Daredevils & Queens"]}}}], "speaker": "USER", "utterance": "Sounds good. Can I go to a regular show there?"}, {"frames": [{"actions": [{"act": "OFFER", "canonical_values": ["After The Wedding", "Fiddler: A Miracle of Miracles", "Good Boys"], "slot": "movie_name", "values": ["After the Wedding", "Fiddler: A Miracle of Miracles", "Good Boys"]}, {"act": "INFORM_COUNT", "canonical_values": ["10"], "slot": "count", "values": ["10"]}], "service": "Movies_1", "service_call": {"method": "FindMovies", "parameters": {"location": "Santa Rosa", "show_type": "regular"}}, "service_results": [{"genre": "Drama", "location": "Santa Rosa", "movie_name": "After The Wedding", "price": "10", "show_type": "regular", "street_address": "551 Summerfield Road", "theater_name": "Summerfield Cinemas"}, {"genre": "Documentary", "location": "Santa Rosa", "movie_name": "Fiddler: A Miracle of Miracles", "price": "8", "show_type": "regular", "street_address": "551 Summerfield Road", "theater_name": "Summerfield Cinemas"}, {"genre": "Comedy", "location": "Santa Rosa", "movie_name": "Good Boys", "price": "12", "show_type": "regular", "street_address": "85 Santa Rosa Avenue", "theater_name": "Roxy Stadium 14"}, {"genre": "Action", "location": "Santa Rosa", "movie_name": "Hobbs and Shaw", "price": "12", "show_type": "regular", "street_address": "409 Aviation Boulevard", "theater_name": "Airport Stadium 12"}, {"genre": "Drama", "location": "Santa Rosa", "movie_name": "Hustlers", "price": "12", "show_type": "regular", "street_address": "85 Santa Rosa Avenue", "theater_name": "Roxy Stadium 14"}, {"genre": "Supernatural", "location": "Santa Rosa", "movie_name": "IT Chapter Two", "price": "6", "show_type": "regular", "street_address": "409 Aviation Boulevard", "theater_name": "Airport Stadium 12"}, {"genre": "Mystery", "location": "Santa Rosa", "movie_name": "Official Secrets", "price": "15", "show_type": "regular", "street_address": "551 Summerfield Road", "theater_name": "Summerfield Cinemas"}, {"genre": "Offbeat", "location": "Santa Rosa", "movie_name": "Once Upon a Time In Hollywood", "price": "9", "show_type": "regular", "street_address": "85 Santa Rosa Avenue", "theater_name": "Roxy Stadium 14"}, {"genre": "Horror", "location": "Santa Rosa", "movie_name": "Scary Stories to Tell in the Dark", "price": "5", "show_type": "regular", "street_address": "85 Santa Rosa Avenue", "theater_name": "Roxy Stadium 14"}, {"genre": "Drama", "location": "Santa Rosa", "movie_name": "The Art of Racing in the Rain", "price": "9", "show_type": "regular", "street_address": "620 3rd Street", "theater_name": "3rd Street Cinema"}], "slots": [{"exclusive_end": 38, "slot": "movie_name", "start": 21}, {"exclusive_end": 70, "slot": "movie_name", "start": 40}, {"exclusive_end": 84, "slot": "movie_name", "start": 75}]}], "speaker": "SYSTEM", "utterance": "10 movies are there. After the Wedding, Fiddler: A Miracle of Miracles and Good Boys are found good."}, {"frames": [{"actions": [{"act": "SELECT", "canonical_values": ["Good Boys"], "slot": "movie_name", "values": ["Good Boys"]}], "service": "Movies_1", "slots": [{"exclusive_end": 25, "slot": "movie_name", "start": 16}], "state": {"active_intent": "FindMovies", "requested_slots": [], "slot_values": {"location": ["Santa Rosa"], "movie_name": ["Good Boys"], "show_type": ["regular"]}}}], "speaker": "USER", "utterance": "I wish to enjoy Good Boys."}, {"frames": [{"actions": [{"act": "OFFER_INTENT", "canonical_values": ["BuyMovieTickets"], "slot": "intent", "values": ["BuyMovieTickets"]}], "service": "Movies_1", "slots": []}], "speaker": "SYSTEM", "utterance": "Do you need tickets?"}, {"frames": [{"actions": [{"act": "INFORM", "canonical_values": ["Airport Stadium 12"], "slot": "theater_name", "values": ["Airport Stadium Cinemas"]}, {"act": "INFORM_INTENT", "canonical_values": ["GetTimesForMovie"], "slot": "intent", "values": ["GetTimesForMovie"]}, {"act": "NEGATE_INTENT", "canonical_values": [], "slot": "", "values": []}], "service": "Movies_1", "slots": [{"exclusive_end": 50, "slot": "theater_name", "start": 27}], "state": {"active_intent": "GetTimesForMovie", "requested_slots": [], "slot_values": {"location": ["Santa Rosa"], "movie_name": ["Good Boys"], "show_type": ["regular"], "theater_name": ["Airport Stadium Cinemas"]}}}], "speaker": "USER", "utterance": "Not now. Can I watch it at Airport Stadium Cinemas? What is the show time?"}, {"frames": [{"actions": [{"act": "REQUEST", "canonical_values": ["2019-03-02"], "slot": "show_date", "values": ["March 2nd"]}], "service": "Movies_1", "slots": [{"exclusive_end": 40, "slot": "show_date", "start": 31}]}], "speaker": "SYSTEM", "utterance": "I think you are watching it on March 2nd."}, {"frames": [{"actions": [{"act": "AFFIRM", "canonical_values": [], "slot": "", "values": []}], "service": "Movies_1", "slots": [], "state": {"active_intent": "GetTimesForMovie", "requested_slots": [], "slot_values": {"location": ["Santa Rosa"], "movie_name": ["Good Boys"], "show_date": ["March 2nd"], "show_type": ["regular"], "theater_name": ["Airport Stadium Cinemas"]}}}], "speaker": "USER", "utterance": "Yes, thats it."}, {"frames": [{"actions": [{"act": "OFFER", "canonical_values": ["21:30"], "slot": "show_time", "values": ["9:30 pm"]}, {"act": "OFFER", "canonical_values": ["Airport Stadium 12"], "slot": "theater_name", "values": ["Airport Stadium 12"]}], "service": "Movies_1", "service_call": {"method": "GetTimesForMovie", "parameters": {"location": "Santa Rosa", "movie_name": "Good Boys", "show_date": "2019-03-02", "show_type": "regular", "theater_name": "Airport Stadium 12"}}, "service_results": [{"genre": "Comedy", "location": "Santa Rosa", "movie_name": "Good Boys", "price": "13", "show_date": "2019-03-02", "show_time": "21:30", "show_type": "regular", "street_address": "409 Aviation Boulevard", "theater_name": "Airport Stadium 12"}], "slots": [{"exclusive_end": 28, "slot": "show_time", "start": 21}, {"exclusive_end": 57, "slot": "theater_name", "start": 39}]}], "speaker": "SYSTEM", "utterance": "There is one show at 9:30 pm. It is at Airport Stadium 12."}, {"frames": [{"actions": [{"act": "SELECT", "canonical_values": [], "slot": "", "values": []}], "service": "Movies_1", "slots": [], "state": {"active_intent": "GetTimesForMovie", "requested_slots": [], "slot_values": {"location": ["Santa Rosa"], "movie_name": ["Good Boys"], "show_date": ["March 2nd"], "show_time": ["9:30 pm"], "show_type": ["regular"], "theater_name": ["Airport Stadium 12", "Airport Stadium Cinemas"]}}}, {"actions": [{"act": "INFORM_INTENT", "canonical_values": ["BookAppointment"], "slot": "intent", "values": ["BookAppointment"]}], "service": "Services_1", "slots": [], "state": {"active_intent": "BookAppointment", "requested_slots": [], "slot_values": {"appointment_date": ["March 2nd"], "city": ["Santa Rosa"], "stylist_name": ["Daredevils & Queens"]}}}], "speaker": "USER", "utterance": "Ok, now go on with booking in the salon chosen."}, {"frames": [{"actions": [{"act": "REQUEST", "canonical_values": [], "slot": "appointment_time", "values": []}], "service": "Services_1", "slots": []}], "speaker": "SYSTEM", "utterance": "When do you want the appointment?"}, {"frames": [{"actions": [{"act": "INFORM", "canonical_values": ["18:30"], "slot": "appointment_time", "values": ["evening 6:30"]}], "service": "Services_1", "slots": [{"exclusive_end": 22, "slot": "appointment_time", "start": 10}], "state": {"active_intent": "BookAppointment", "requested_slots": [], "slot_values": {"appointment_date": ["March 2nd"], "appointment_time": ["evening 6:30"], "city": ["Santa Rosa"], "stylist_name": ["Daredevils & Queens"]}}}], "speaker": "USER", "utterance": "Fix it at evening 6:30."}, {"frames": [{"actions": [{"act": "CONFIRM", "canonical_values": ["Daredevils & Queens"], "slot": "stylist_name", "values": ["Daredevils & Queens"]}, {"act": "CONFIRM", "canonical_values": ["18:30"], "slot": "appointment_time", "values": ["6:30 pm"]}, {"act": "CONFIRM", "canonical_values": ["2019-03-02"], "slot": "appointment_date", "values": ["March 2nd"]}], "service": "Services_1", "slots": [{"exclusive_end": 54, "slot": "stylist_name", "start": 35}, {"exclusive_end": 78, "slot": "appointment_time", "start": 71}, {"exclusive_end": 67, "slot": "appointment_date", "start": 58}]}], "speaker": "SYSTEM", "utterance": "go through your demand, service at Daredevils & Queens on March 2nd at 6:30 pm."}, {"frames": [{"actions": [{"act": "INFORM", "canonical_values": ["16:00"], "slot": "appointment_time", "values": ["four pm"]}, {"act": "NEGATE", "canonical_values": [], "slot": "", "values": []}], "service": "Services_1", "slots": [{"exclusive_end": 33, "slot": "appointment_time", "start": 26}], "state": {"active_intent": "BookAppointment", "requested_slots": [], "slot_values": {"appointment_date": ["March 2nd"], "appointment_time": ["four pm"], "city": ["Santa Rosa"], "stylist_name": ["Daredevils & Queens"]}}}], "speaker": "USER", "utterance": "Please change the time to four pm."}, {"frames": [{"actions": [{"act": "CONFIRM", "canonical_values": ["Daredevils & Queens"], "slot": "stylist_name", "values": ["Daredevils & Queens"]}, {"act": "CONFIRM", "canonical_values": ["16:00"], "slot": "appointment_time", "values": ["4 pm"]}], "service": "Services_1", "slots": [{"exclusive_end": 44, "slot": "stylist_name", "start": 25}, {"exclusive_end": 52, "slot": "appointment_time", "start": 48}]}], "speaker": "SYSTEM", "utterance": "Your request is visit at Daredevils & Queens at 4 pm."}, {"frames": [{"actions": [{"act": "AFFIRM", "canonical_values": [], "slot": "", "values": []}], "service": "Services_1", "slots": [], "state": {"active_intent": "BookAppointment", "requested_slots": [], "slot_values": {"appointment_date": ["March 2nd"], "appointment_time": ["4 pm", "four pm"], "city": ["Santa Rosa"], "stylist_name": ["Daredevils & Queens"]}}}], "speaker": "USER", "utterance": "Correct, go on."}, {"frames": [{"actions": [{"act": "NOTIFY_SUCCESS", "canonical_values": [], "slot": "", "values": []}], "service": "Services_1", "service_call": {"method": "BookAppointment", "parameters": {"appointment_date": "2019-03-02", "appointment_time": "16:00", "stylist_name": "Daredevils & Queens"}}, "service_results": [{"appointment_date": "2019-03-02", "appointment_time": "16:00", "average_rating": "4.60", "is_unisex": "False", "phone_number": "707-575-5123", "street_address": "122 4th Street", "stylist_name": "Daredevils & Queens"}], "slots": []}], "speaker": "SYSTEM", "utterance": "You got successful reservation."}, {"frames": [{"actions": [{"act": "THANK_YOU", "canonical_values": [], "slot": "", "values": []}], "service": "Services_1", "slots": [], "state": {"active_intent": "BookAppointment", "requested_slots": [], "slot_values": {"appointment_date": ["March 2nd"], "appointment_time": ["4 pm", "four pm"], "city": ["Santa Rosa"], "stylist_name": ["Daredevils & Queens"]}}}], "speaker": "USER", "utterance": "Thats great, thank you."}, {"frames": [{"actions": [{"act": "REQ_MORE", "canonical_values": [], "slot": "", "values": []}], "service": "Services_1", "slots": []}], "speaker": "SYSTEM", "utterance": "Any other help?"}, {"frames": [{"actions": [{"act": "NEGATE", "canonical_values": [], "slot": "", "values": []}, {"act": "THANK_YOU", "canonical_values": [], "slot": "", "values": []}], "service": "Services_1", "slots": [], "state": {"active_intent": "NONE", "requested_slots": [], "slot_values": {"appointment_date": ["March 2nd"], "appointment_time": ["4 pm", "four pm"], "city": ["Santa Rosa"], "stylist_name": ["Daredevils & Queens"]}}}], "speaker": "USER", "utterance": "No, thats all."}, {"frames": [{"actions": [{"act": "GOODBYE", "canonical_values": [], "slot": "", "values": []}], "service": "Services_1", "slots": []}], "speaker": "SYSTEM", "utterance": "Enjoy a great day."}]}]