[{"dialogue_id": "23_00000", "services": ["Media_3", "Travel_1", "Music_3"], "turns": [{"frames": [{"actions": [{"act": "INFORM_INTENT", "canonical_values": ["FindMovies"], "slot": "intent", "values": ["FindMovies"]}], "service": "Media_3", "slots": [], "state": {"active_intent": "FindMovies", "requested_slots": [], "slot_values": {}}}], "speaker": "USER", "utterance": "Hi I'm having a movie night with some friends, can you find some movies online for us?"}, {"frames": [{"actions": [{"act": "REQUEST", "canonical_values": [], "slot": "genre", "values": []}], "service": "Media_3", "slots": []}], "speaker": "SYSTEM", "utterance": "What kind of movies are you interested in?"}, {"frames": [{"actions": [{"act": "INFORM", "canonical_values": ["Horror"], "slot": "genre", "values": ["ghost"]}], "service": "Media_3", "slots": [{"exclusive_end": 32, "slot": "genre", "start": 27}], "state": {"active_intent": "FindMovies", "requested_slots": [], "slot_values": {"genre": ["ghost"]}}}], "speaker": "USER", "utterance": "I'd really like to watch a ghost movie."}, {"frames": [{"actions": [{"act": "OFFER", "canonical_values": ["47 Meters Down: Uncaged", "In Fabric", "Midsommar"], "slot": "title", "values": ["47 Meters Down: Uncaged", "In Fabric", "Midsommar"]}], "service": "Media_3", "service_call": {"method": "FindMovies", "parameters": {"genre": "Horror"}}, "service_results": [{"genre": "Horror", "starring": "Davi Santos", "subtitle_language": "Spanish", "title": "47 Meters Down: Uncaged"}, {"genre": "Horror", "starring": "Hayley Squires", "subtitle_language": "Hindi", "title": "In Fabric"}, {"genre": "Horror", "starring": "William Jackson Harper", "subtitle_language": "English", "title": "Midsommar"}, {"genre": "Horror", "starring": "Manabu Hosoi", "subtitle_language": "Spanish", "title": "One Cut of the Dead"}, {"genre": "Horror", "starring": "Lorraine Toussaint", "subtitle_language": "French", "title": "Scary Stories to Tell in the Dark"}, {"genre": "Horror", "starring": "Diana Dors", "subtitle_language": "French", "title": "Theatre of Blood"}], "slots": [{"exclusive_end": 33, "slot": "title", "start": 10}, {"exclusive_end": 44, "slot": "title", "start": 35}, {"exclusive_end": 58, "slot": "title", "start": 49}]}], "speaker": "SYSTEM", "utterance": "How about 47 Meters Down: Uncaged, In Fabric, or Midsommar?"}, {"frames": [{"actions": [{"act": "SELECT", "canonical_values": ["Midsommar"], "slot": "title", "values": ["Midsommar"]}], "service": "Media_3", "slots": [{"exclusive_end": 9, "slot": "title", "start": 0}], "state": {"active_intent": "FindMovies", "requested_slots": [], "slot_values": {"genre": ["ghost"], "title": ["Midsommar"]}}}], "speaker": "USER", "utterance": "Midsommar sounds good to me."}, {"frames": [{"actions": [{"act": "OFFER_INTENT", "canonical_values": ["PlayMovie"], "slot": "intent", "values": ["PlayMovie"]}], "service": "Media_3", "slots": []}], "speaker": "SYSTEM", "utterance": "Would you like me to play the movie for you?"}, {"frames": [{"actions": [{"act": "NEGATE_INTENT", "canonical_values": [], "slot": "", "values": []}], "service": "Media_3", "slots": [], "state": {"active_intent": "NONE", "requested_slots": [], "slot_values": {"genre": ["ghost"], "title": ["Midsommar"]}}}], "speaker": "USER", "utterance": "Not right now, no."}, {"frames": [{"actions": [{"act": "REQ_MORE", "canonical_values": [], "slot": "", "values": []}], "service": "Media_3", "slots": []}], "speaker": "SYSTEM", "utterance": "Is there anything else I can assist you with?"}, {"frames": [{"actions": [{"act": "INFORM", "canonical_values": ["Paris"], "slot": "location", "values": ["Paris, France"]}, {"act": "INFORM_INTENT", "canonical_values": ["FindAttractions"], "slot": "intent", "values": ["FindAttractions"]}], "service": "Travel_1", "slots": [{"exclusive_end": 56, "slot": "location", "start": 43}], "state": {"active_intent": "FindAttractions", "requested_slots": [], "slot_values": {"location": ["Paris, France"]}}}], "speaker": "USER", "utterance": "Can you please show me some attractions in Paris, France?"}, {"frames": [{"actions": [{"act": "OFFER", "canonical_values": ["American Church in Paris"], "slot": "attraction_name", "values": ["American Church in Paris"]}, {"act": "OFFER", "canonical_values": ["Place of Worship"], "slot": "category", "values": ["Place of Worship"]}], "service": "Travel_1", "service_call": {"method": "FindAttractions", "parameters": {"location": "Paris"}}, "service_results": [{"attraction_name": "American Church in Paris", "category": "Place of Worship", "free_entry": "True", "good_for_kids": "True", "location": "Paris", "phone_number": "1 40 62 05 00"}, {"attraction_name": "Arab World Institute", "category": "Performing Arts Venue", "free_entry": "False", "good_for_kids": "False", "location": "Paris", "phone_number": "1 40 51 38 38"}, {"attraction_name": "Arc de Triomphe", "category": "Historical Landmark", "free_entry": "False", "good_for_kids": "True", "location": "Paris", "phone_number": "1 55 37 73 77"}, {"attraction_name": "Arenes de Lutece", "category": "Historical Landmark", "free_entry": "False", "good_for_kids": "False", "location": "Paris", "phone_number": "1 45 35 02 56"}, {"attraction_name": "Bagatelle park", "category": "Park", "free_entry": "True", "good_for_kids": "True", "location": "Paris", "phone_number": "1 53 64 53 80"}, {"attraction_name": "Ballon Generali", "category": "Tourist Attraction", "free_entry": "False", "good_for_kids": "True", "location": "Paris", "phone_number": "1 44 26 20 00"}, {"attraction_name": "Bois de Boulogne", "category": "Park", "free_entry": "False", "good_for_kids": "True", "location": "Paris", "phone_number": "1 53 92 82 82"}, {"attraction_name": "Bois de Vincennes", "category": "Park", "free_entry": "False", "good_for_kids": "True", "location": "Paris", "phone_number": "1 49 57 15 15"}, {"attraction_name": "Carreau du Temple", "category": "Performing Arts Venue", "free_entry": "False", "good_for_kids": "True", "location": "Paris", "phone_number": "1 83 81 93 30"}, {"attraction_name": "Catacombs of Paris", "category": "Historical Landmark", "free_entry": "True", "good_for_kids": "True", "location": "Paris", "phone_number": "1 43 22 47 63"}], "slots": [{"exclusive_end": 34, "slot": "attraction_name", "start": 10}]}], "speaker": "SYSTEM", "utterance": "How about American Church in Paris? It's a place of worship."}, {"frames": [{"actions": [{"act": "REQUEST", "canonical_values": [], "slot": "free_entry", "values": []}, {"act": "REQUEST", "canonical_values": [], "slot": "phone_number", "values": []}], "service": "Travel_1", "slots": [], "state": {"active_intent": "FindAttractions", "requested_slots": ["free_entry", "phone_number"], "slot_values": {"location": ["Paris, France"]}}}], "speaker": "USER", "utterance": "Does it cost anything to get in? What's their contact number?"}, {"frames": [{"actions": [{"act": "INFORM", "canonical_values": ["1 40 62 05 00"], "slot": "phone_number", "values": ["1 40 62 05 00"]}, {"act": "INFORM", "canonical_values": ["True"], "slot": "free_entry", "values": ["True"]}], "service": "Travel_1", "slots": [{"exclusive_end": 37, "slot": "phone_number", "start": 24}]}], "speaker": "SYSTEM", "utterance": "You can contact them at 1 40 62 05 00 and entry is free."}, {"frames": [{"actions": [{"act": "INFORM", "canonical_values": ["Pop"], "slot": "genre", "values": ["popular"]}, {"act": "INFORM_INTENT", "canonical_values": ["LookupMusic"], "slot": "intent", "values": ["LookupMusic"]}], "service": "Music_3", "slots": [{"exclusive_end": 42, "slot": "genre", "start": 35}], "state": {"active_intent": "LookupMusic", "requested_slots": [], "slot_values": {"genre": ["popular"]}}}, {"actions": [{"act": "SELECT", "canonical_values": [], "slot": "", "values": []}], "service": "Travel_1", "slots": [], "state": {"active_intent": "FindAttractions", "requested_slots": [], "slot_values": {"location": ["Paris, France"]}}}], "speaker": "USER", "utterance": "That sounds good. Please find some popular songs for me to listen to."}, {"frames": [{"actions": [{"act": "OFFER", "canonical_values": ["Acapella"], "slot": "track", "values": ["Acapella"]}, {"act": "OFFER", "canonical_values": ["Karmin"], "slot": "artist", "values": ["Karmin"]}, {"act": "OFFER", "canonical_values": ["Pulses"], "slot": "album", "values": ["Pulses"]}, {"act": "INFORM_COUNT", "canonical_values": ["10"], "slot": "count", "values": ["10"]}], "service": "Music_3", "service_call": {"method": "LookupMusic", "parameters": {"genre": "Pop"}}, "service_results": [{"album": "Pulses", "artist": "Karmin", "genre": "Pop", "track": "Acapella", "year": "2013"}, {"album": "A Boy From Tandale", "artist": "Diamond Platnumz", "genre": "Pop", "track": "African Beauty", "year": "2018"}, {"album": "Holo", "artist": "Limbo", "genre": "Pop", "track": "Airplane Mode", "year": "2017"}, {"album": "The Best Of", "artist": "Samira", "genre": "Pop", "track": "Aka Aka", "year": "2018"}, {"album": "This Is Acting", "artist": "Sia", "genre": "Pop", "track": "Alive", "year": "2013"}, {"album": "Title", "artist": "Meghan Trainor", "genre": "Pop", "track": "All About That Bass", "year": "2014"}, {"album": "My World Untouched", "artist": "Emma Bale", "genre": "Pop", "track": "All I Want", "year": "2014"}, {"album": "The Princess", "artist": "Parov Stelar", "genre": "Pop", "track": "All Night", "year": "2012"}, {"album": "Journals", "artist": "Justin Bieber", "genre": "Pop", "track": "All That Matters", "year": "2013"}, {"album": "Singular Act I", "artist": "Sabrina Carpenter", "genre": "Pop", "track": "Almost Love", "year": "2018"}], "slots": [{"exclusive_end": 55, "slot": "track", "start": 47}, {"exclusive_end": 65, "slot": "artist", "start": 59}, {"exclusive_end": 87, "slot": "album", "start": 81}]}], "speaker": "SYSTEM", "utterance": "I found 10 songs that you may enjoy. How about Acapella by Karmin from the album Pulses?"}, {"frames": [{"actions": [{"act": "REQUEST", "canonical_values": [], "slot": "year", "values": []}], "service": "Music_3", "slots": [], "state": {"active_intent": "LookupMusic", "requested_slots": ["year"], "slot_values": {"genre": ["popular"]}}}], "speaker": "USER", "utterance": "What year was the song released?"}, {"frames": [{"actions": [{"act": "INFORM", "canonical_values": ["2013"], "slot": "year", "values": ["2013"]}], "service": "Music_3", "slots": []}], "speaker": "SYSTEM", "utterance": "The song came out in 2013."}, {"frames": [{"actions": [{"act": "INFORM", "canonical_values": ["Rihanna"], "slot": "artist", "values": ["Rihanna"]}, {"act": "REQUEST_ALTS", "canonical_values": [], "slot": "", "values": []}], "service": "Music_3", "slots": [{"exclusive_end": 38, "slot": "artist", "start": 31}], "state": {"active_intent": "LookupMusic", "requested_slots": [], "slot_values": {"artist": ["Rihanna"], "genre": ["popular"]}}}], "speaker": "USER", "utterance": "Is there anything else? I like Rihanna."}, {"frames": [{"actions": [{"act": "OFFER", "canonical_values": ["California King Bed"], "slot": "track", "values": ["California King Bed"]}, {"act": "OFFER", "canonical_values": ["Rihanna"], "slot": "artist", "values": ["Rihanna"]}, {"act": "OFFER", "canonical_values": ["Loud"], "slot": "album", "values": ["Loud"]}, {"act": "INFORM_COUNT", "canonical_values": ["5"], "slot": "count", "values": ["5"]}], "service": "Music_3", "service_call": {"method": "LookupMusic", "parameters": {"artist": "Rihanna", "genre": "Pop"}}, "service_results": [{"album": "Loud", "artist": "Rihanna", "genre": "Pop", "track": "California King Bed", "year": "2011"}, {"album": "Unapologetic", "artist": "Rihanna", "genre": "Pop", "track": "Pour It Up", "year": "2012"}, {"album": "Unapologetic", "artist": "Rihanna", "genre": "Pop", "track": "Stay", "year": "2012"}, {"album": "Unapologetic", "artist": "Rihanna", "genre": "Pop", "track": "What Now", "year": "2012"}, {"album": "Talk That Talk", "artist": "Rihanna", "genre": "Pop", "track": "Where Have You Been", "year": "2011"}], "slots": [{"exclusive_end": 72, "slot": "track", "start": 53}, {"exclusive_end": 17, "slot": "artist", "start": 10}, {"exclusive_end": 92, "slot": "album", "start": 88}]}], "speaker": "SYSTEM", "utterance": "I found 5 Rihanna songs that you may like. How about California King Bed from the album Loud?"}, {"frames": [{"actions": [{"act": "SELECT", "canonical_values": [], "slot": "", "values": []}], "service": "Music_3", "slots": [], "state": {"active_intent": "LookupMusic", "requested_slots": [], "slot_values": {"artist": ["Rihanna"], "genre": ["popular"], "track": ["California King Bed"]}}}], "speaker": "USER", "utterance": "Yes, I like that song."}, {"frames": [{"actions": [{"act": "OFFER_INTENT", "canonical_values": ["PlayMedia"], "slot": "intent", "values": ["PlayMedia"]}], "service": "Music_3", "slots": []}], "speaker": "SYSTEM", "utterance": "Would you like me to play that song for you?"}, {"frames": [{"actions": [{"act": "AFFIRM_INTENT", "canonical_values": [], "slot": "", "values": []}, {"act": "INFORM", "canonical_values": ["Living room"], "slot": "device", "values": ["Living room"]}], "service": "Music_3", "slots": [], "state": {"active_intent": "PlayMedia", "requested_slots": [], "slot_values": {"artist": ["Rihanna"], "device": ["Living room"], "genre": ["popular"], "track": ["California King Bed"]}}}], "speaker": "USER", "utterance": "Yes, please play the song on the living room speaker."}, {"frames": [{"actions": [{"act": "CONFIRM", "canonical_values": ["California King Bed"], "slot": "track", "values": ["California King Bed"]}, {"act": "CONFIRM", "canonical_values": ["Living room"], "slot": "device", "values": ["Living room"]}], "service": "Music_3", "slots": [{"exclusive_end": 41, "slot": "track", "start": 22}]}], "speaker": "SYSTEM", "utterance": "So you'd like to play California King Bed in the living room, is this correct?"}, {"frames": [{"actions": [{"act": "AFFIRM", "canonical_values": [], "slot": "", "values": []}], "service": "Music_3", "slots": [], "state": {"active_intent": "PlayMedia", "requested_slots": [], "slot_values": {"artist": ["Rihanna"], "device": ["Living room"], "genre": ["popular"], "track": ["California King Bed"]}}}], "speaker": "USER", "utterance": "Yes, please play that song."}, {"frames": [{"actions": [{"act": "NOTIFY_SUCCESS", "canonical_values": [], "slot": "", "values": []}], "service": "Music_3", "service_call": {"method": "PlayMedia", "parameters": {"artist": "Rihanna", "device": "Living room", "track": "California King Bed"}}, "service_results": [{"album": "Loud", "artist": "Rihanna", "device": "Living room", "genre": "Pop", "track": "California King Bed", "year": "2011"}], "slots": []}], "speaker": "SYSTEM", "utterance": "Hope you like the song."}, {"frames": [{"actions": [{"act": "INFORM", "canonical_values": ["Spanish"], "slot": "subtitle_language", "values": ["Spanish"]}, {"act": "INFORM_INTENT", "canonical_values": ["PlayMovie"], "slot": "intent", "values": ["PlayMovie"]}], "service": "Media_3", "slots": [], "state": {"active_intent": "PlayMovie", "requested_slots": [], "slot_values": {"genre": ["ghost"], "subtitle_language": ["Spanish"], "title": ["Midsommar"]}}}], "speaker": "USER", "utterance": "Now back to the movie you found, I'd like to watch it with subtitles in spanish."}, {"frames": [{"actions": [{"act": "CONFIRM", "canonical_values": ["Midsommar"], "slot": "title", "values": ["Midsommar"]}, {"act": "CONFIRM", "canonical_values": ["Spanish"], "slot": "subtitle_language", "values": ["Spanish"]}], "service": "Media_3", "slots": [{"exclusive_end": 31, "slot": "title", "start": 22}]}], "speaker": "SYSTEM", "utterance": "So you'd like to play Midsommar with spanish subtitles, is this correct?"}, {"frames": [{"actions": [{"act": "REQUEST", "canonical_values": [], "slot": "starring", "values": []}, {"act": "AFFIRM", "canonical_values": [], "slot": "", "values": []}], "service": "Media_3", "slots": [], "state": {"active_intent": "PlayMovie", "requested_slots": ["starring"], "slot_values": {"genre": ["ghost"], "subtitle_language": ["Spanish"], "title": ["Midsommar"]}}}], "speaker": "USER", "utterance": "Yes. Can you tell me who plays in it?"}, {"frames": [{"actions": [{"act": "INFORM", "canonical_values": ["Florence Pugh"], "slot": "starring", "values": ["Florence Pugh"]}, {"act": "NOTIFY_SUCCESS", "canonical_values": [], "slot": "", "values": []}], "service": "Media_3", "service_call": {"method": "PlayMovie", "parameters": {"subtitle_language": "Spanish", "title": "Midsommar"}}, "service_results": [{"genre": "Horror", "starring": "Florence Pugh", "subtitle_language": "Spanish", "title": "Midsommar"}], "slots": [{"exclusive_end": 40, "slot": "starring", "start": 27}]}], "speaker": "SYSTEM", "utterance": "Your movie is now playing. Florence Pugh stars in it."}, {"frames": [{"actions": [{"act": "THANK_YOU", "canonical_values": [], "slot": "", "values": []}], "service": "Media_3", "slots": [], "state": {"active_intent": "PlayMovie", "requested_slots": [], "slot_values": {"genre": ["ghost"], "subtitle_language": ["Spanish"], "title": ["Midsommar"]}}}], "speaker": "USER", "utterance": "Thank you so much."}, {"frames": [{"actions": [{"act": "REQ_MORE", "canonical_values": [], "slot": "", "values": []}], "service": "Media_3", "slots": []}], "speaker": "SYSTEM", "utterance": "Anything else I can help with?"}, {"frames": [{"actions": [{"act": "NEGATE", "canonical_values": [], "slot": "", "values": []}, {"act": "THANK_YOU", "canonical_values": [], "slot": "", "values": []}], "service": "Media_3", "slots": [], "state": {"active_intent": "NONE", "requested_slots": [], "slot_values": {"genre": ["ghost"], "subtitle_language": ["Spanish"], "title": ["Midsommar"]}}}], "speaker": "USER", "utterance": "That's all, thank you."}, {"frames": [{"actions": [{"act": "GOODBYE", "canonical_values": [], "slot": "", "values": []}], "service": "Media_3", "slots": []}], "speaker": "SYSTEM", "utterance": "Have a wonderful day!"}]}, {"dialogue_id": "23_00001", "services": ["Media_3", "Travel_1", "Music_3"], "turns": [{"frames": [{"actions": [{"act": "INFORM_INTENT", "canonical_values": ["FindMovies"], "slot": "intent", "values": ["FindMovies"]}], "service": "Media_3", "slots": [], "state": {"active_intent": "FindMovies", "requested_slots": [], "slot_values": {}}}], "speaker": "USER", "utterance": "Would you look for some online movies, please?"}, {"frames": [{"actions": [{"act": "REQUEST", "canonical_values": [], "slot": "genre", "values": []}], "service": "Media_3", "slots": []}], "speaker": "SYSTEM", "utterance": "no problem, tell me the genre you prefer"}, {"frames": [{"actions": [{"act": "INFORM", "canonical_values": ["Action"], "slot": "genre", "values": ["action"]}], "service": "Media_3", "slots": [{"exclusive_end": 6, "slot": "genre", "start": 0}], "state": {"active_intent": "FindMovies", "requested_slots": [], "slot_values": {"genre": ["action"]}}}], "speaker": "USER", "utterance": "action is my thing"}, {"frames": [{"actions": [{"act": "OFFER", "canonical_values": ["Angel Has Fallen", "Hobbs and Shaw", "Mission Mangal"], "slot": "title", "values": ["angel has fallen", "hobbs and shaw", "mission mangal"]}, {"act": "INFORM_COUNT", "canonical_values": ["5"], "slot": "count", "values": ["5"]}], "service": "Media_3", "service_call": {"method": "FindMovies", "parameters": {"genre": "Action"}}, "service_results": [{"genre": "Action", "starring": "Nick Nolte", "subtitle_language": "Hindi", "title": "Angel Has Fallen"}, {"genre": "Action", "starring": "Helena Holmes", "subtitle_language": "English", "title": "Hobbs and Shaw"}, {"genre": "Action", "starring": "Mohan Kapoor", "subtitle_language": "English", "title": "Mission Mangal"}, {"genre": "Action", "starring": "Alexandre Bourgeois", "subtitle_language": "Spanish", "title": "Riot Girls"}, {"genre": "Action", "starring": "Prabhas", "subtitle_language": "French", "title": "Saaho"}], "slots": [{"exclusive_end": 39, "slot": "title", "start": 23}, {"exclusive_end": 55, "slot": "title", "start": 41}, {"exclusive_end": 93, "slot": "title", "start": 79}]}], "speaker": "SYSTEM", "utterance": "I got 5. Pick one from angel has fallen, hobbs and shaw and last but not least mission mangal."}, {"frames": [{"actions": [{"act": "SELECT", "canonical_values": ["Hobbs and Shaw"], "slot": "title", "values": ["hobbs and shaw"]}], "service": "Media_3", "slots": [{"exclusive_end": 21, "slot": "title", "start": 7}], "state": {"active_intent": "FindMovies", "requested_slots": [], "slot_values": {"genre": ["action"], "title": ["hobbs and shaw"]}}}], "speaker": "USER", "utterance": "I pick hobbs and shaw"}, {"frames": [{"actions": [{"act": "OFFER_INTENT", "canonical_values": ["PlayMovie"], "slot": "intent", "values": ["PlayMovie"]}], "service": "Media_3", "slots": []}], "speaker": "SYSTEM", "utterance": "may I play it now?"}, {"frames": [{"actions": [{"act": "INFORM", "canonical_values": ["Mexico City"], "slot": "location", "values": ["mexico city"]}, {"act": "INFORM_INTENT", "canonical_values": ["FindAttractions"], "slot": "intent", "values": ["FindAttractions"]}], "service": "Travel_1", "slots": [{"exclusive_end": 67, "slot": "location", "start": 56}], "state": {"active_intent": "FindAttractions", "requested_slots": [], "slot_values": {"location": ["mexico city"]}}}, {"actions": [{"act": "NEGATE_INTENT", "canonical_values": [], "slot": "", "values": []}], "service": "Media_3", "slots": [], "state": {"active_intent": "NONE", "requested_slots": [], "slot_values": {"genre": ["action"], "title": ["hobbs and shaw"]}}}], "speaker": "USER", "utterance": "in a moment, first, you have to find some attactions in mexico city"}, {"frames": [{"actions": [{"act": "OFFER", "canonical_values": ["Acuario Inbursa"], "slot": "attraction_name", "values": ["acuario inbursa"]}, {"act": "OFFER", "canonical_values": ["Nature Preserve"], "slot": "category", "values": ["Nature Preserve"]}, {"act": "INFORM_COUNT", "canonical_values": ["10"], "slot": "count", "values": ["10"]}], "service": "Travel_1", "service_call": {"method": "FindAttractions", "parameters": {"location": "Mexico City"}}, "service_results": [{"attraction_name": "Acuario Inbursa", "category": "Nature Preserve", "free_entry": "True", "good_for_kids": "False", "location": "Mexico City", "phone_number": "55 5395 4586"}, {"attraction_name": "Arte Carrillo Gil Museum", "category": "Museum", "free_entry": "False", "good_for_kids": "True", "location": "Mexico City", "phone_number": "55 8647 5450"}, {"attraction_name": "Bosque de Chapultepec", "category": "Park", "free_entry": "False", "good_for_kids": "True", "location": "Mexico City", "phone_number": "55 5271 1939"}, {"attraction_name": "Casa Lamm Cultural Center", "category": "Performing Arts Venue", "free_entry": "False", "good_for_kids": "True", "location": "Mexico City", "phone_number": "55 5525 3938"}, {"attraction_name": "Casa del Lago Juan Jose Arreola", "category": "Performing Arts Venue", "free_entry": "True", "good_for_kids": "True", "location": "Mexico City", "phone_number": "55 5211 6093"}, {"attraction_name": "Central de Abastos Iztapalapa", "category": "Shopping Area", "free_entry": "True", "good_for_kids": "True", "location": "Mexico City", "phone_number": "55 5600 6248"}, {"attraction_name": "Centro Cultural de Espana", "category": "Performing Arts Venue", "free_entry": "True", "good_for_kids": "True", "location": "Mexico City", "phone_number": "55 5521 1925"}, {"attraction_name": "Centro Deportivo Chapultepec", "category": "Sports Venue", "free_entry": "False", "good_for_kids": "True", "location": "Mexico City", "phone_number": "55 5254 3232"}, {"attraction_name": "Coyoacan Market", "category": "Shopping Area", "free_entry": "False", "good_for_kids": "True", "location": "Mexico City", "phone_number": "55 4072 1596"}, {"attraction_name": "Diana the Huntress Fountain", "category": "Historical Landmark", "free_entry": "False", "good_for_kids": "False", "location": "Mexico City", "phone_number": "800 008 9090"}], "slots": [{"exclusive_end": 70, "slot": "attraction_name", "start": 55}]}], "speaker": "SYSTEM", "utterance": "there's 10 of them ready for you. I thinkk you'll love acuario inbursa, it is a nature preserve"}, {"frames": [{"actions": [{"act": "INFORM", "canonical_values": ["Historical Landmark"], "slot": "category", "values": ["Historical Landmark"]}, {"act": "REQUEST_ALTS", "canonical_values": [], "slot": "", "values": []}], "service": "Travel_1", "slots": [], "state": {"active_intent": "FindAttractions", "requested_slots": [], "slot_values": {"category": ["Historical Landmark"], "location": ["mexico city"]}}}], "speaker": "USER", "utterance": "I'm more into historical landmark"}, {"frames": [{"actions": [{"act": "OFFER", "canonical_values": ["Diana the Huntress Fountain"], "slot": "attraction_name", "values": ["diana the huntress fountain"]}, {"act": "OFFER", "canonical_values": ["Historical Landmark"], "slot": "category", "values": ["Historical Landmark"]}], "service": "Travel_1", "service_call": {"method": "FindAttractions", "parameters": {"category": "Historical Landmark", "location": "Mexico City"}}, "service_results": [{"attraction_name": "Diana the Huntress Fountain", "category": "Historical Landmark", "free_entry": "False", "good_for_kids": "False", "location": "Mexico City", "phone_number": "800 008 9090"}, {"attraction_name": "Monument to the Revolution", "category": "Historical Landmark", "free_entry": "False", "good_for_kids": "True", "location": "Mexico City", "phone_number": "55 5546 2115"}, {"attraction_name": "The House of Tiles", "category": "Historical Landmark", "free_entry": "False", "good_for_kids": "True", "location": "Mexico City", "phone_number": "55 5512 1331"}], "slots": [{"exclusive_end": 49, "slot": "attraction_name", "start": 22}]}], "speaker": "SYSTEM", "utterance": "then you should visit diana the huntress fountain, it is listed as an historical landmark"}, {"frames": [{"actions": [{"act": "REQUEST", "canonical_values": [], "slot": "free_entry", "values": []}, {"act": "REQUEST", "canonical_values": [], "slot": "good_for_kids", "values": []}], "service": "Travel_1", "slots": [], "state": {"active_intent": "FindAttractions", "requested_slots": ["free_entry", "good_for_kids"], "slot_values": {"category": ["Historical Landmark"], "location": ["mexico city"]}}}], "speaker": "USER", "utterance": "do I have to pay for a ticket to visit this? Do you think children may like it?"}, {"frames": [{"actions": [{"act": "INFORM", "canonical_values": ["False"], "slot": "good_for_kids", "values": ["False"]}, {"act": "INFORM", "canonical_values": ["False"], "slot": "free_entry", "values": ["False"]}], "service": "Travel_1", "slots": []}], "speaker": "SYSTEM", "utterance": "Entry is not free and the children won't have fun there"}, {"frames": [{"actions": [{"act": "INFORM", "canonical_values": ["The Martin Garrix Experience"], "slot": "album", "values": ["the martin garrix experience"]}, {"act": "INFORM", "canonical_values": ["Martin Garrix"], "slot": "artist", "values": ["martin garrix"]}, {"act": "INFORM_INTENT", "canonical_values": ["LookupMusic"], "slot": "intent", "values": ["LookupMusic"]}], "service": "Music_3", "slots": [{"exclusive_end": 107, "slot": "album", "start": 79}, {"exclusive_end": 53, "slot": "artist", "start": 40}], "state": {"active_intent": "LookupMusic", "requested_slots": [], "slot_values": {"album": ["the martin garrix experience"], "artist": ["martin garrix"]}}}, {"actions": [{"act": "SELECT", "canonical_values": [], "slot": "", "values": []}], "service": "Travel_1", "slots": [], "state": {"active_intent": "FindAttractions", "requested_slots": [], "slot_values": {"category": ["Historical Landmark"], "location": ["mexico city"]}}}], "speaker": "USER", "utterance": "you could help me with songs now, I'm a martin garrix fan, pick something from the martin garrix experience album"}, {"frames": [{"actions": [{"act": "OFFER", "canonical_values": ["No Sleep"], "slot": "track", "values": ["no sleep"]}, {"act": "OFFER", "canonical_values": ["Martin Garrix"], "slot": "artist", "values": ["martin garrix"]}, {"act": "OFFER", "canonical_values": ["The Martin Garrix Experience"], "slot": "album", "values": ["the martin garrix experience"]}, {"act": "INFORM_COUNT", "canonical_values": ["2"], "slot": "count", "values": ["2"]}], "service": "Music_3", "service_call": {"method": "LookupMusic", "parameters": {"album": "The Martin Garrix Experience", "artist": "Martin Garrix"}}, "service_results": [{"album": "The Martin Garrix Experience", "artist": "Martin Garrix", "genre": "House", "track": "No Sleep", "year": "2019"}, {"album": "The Martin Garrix Experience", "artist": "Martin Garrix", "genre": "House", "track": "Ocean", "year": "2018"}], "slots": [{"exclusive_end": 38, "slot": "track", "start": 30}, {"exclusive_end": 55, "slot": "artist", "start": 42}, {"exclusive_end": 105, "slot": "album", "start": 77}]}], "speaker": "SYSTEM", "utterance": "I got 2 for you. I could play no sleep by martin garrix taken from the album the martin garrix experience"}, {"frames": [{"actions": [{"act": "REQUEST", "canonical_values": [], "slot": "genre", "values": []}, {"act": "REQUEST", "canonical_values": ["2016"], "slot": "year", "values": ["2016"]}], "service": "Music_3", "slots": [], "state": {"active_intent": "LookupMusic", "requested_slots": ["genre", "year"], "slot_values": {"album": ["the martin garrix experience"], "artist": ["martin garrix"]}}}], "speaker": "USER", "utterance": "can you tell me the genre? Do you happen to know if it is a '16 song?"}, {"frames": [{"actions": [{"act": "INFORM", "canonical_values": ["House"], "slot": "genre", "values": ["house"]}, {"act": "INFORM", "canonical_values": ["2019"], "slot": "year", "values": ["2019"]}], "service": "Music_3", "slots": [{"exclusive_end": 12, "slot": "genre", "start": 7}]}], "speaker": "SYSTEM", "utterance": "It's a house song released in 2019"}, {"frames": [{"actions": [{"act": "INFORM", "canonical_values": ["Kitchen"], "slot": "device", "values": ["Kitchen"]}, {"act": "INFORM_INTENT", "canonical_values": ["PlayMedia"], "slot": "intent", "values": ["PlayMedia"]}, {"act": "SELECT", "canonical_values": [], "slot": "", "values": []}], "service": "Music_3", "slots": [], "state": {"active_intent": "PlayMedia", "requested_slots": [], "slot_values": {"album": ["the martin garrix experience"], "artist": ["martin garrix"], "device": ["Kitchen"], "track": ["no sleep"]}}}], "speaker": "USER", "utterance": "I think I know it, let me listen to it on the kitchen device"}, {"frames": [{"actions": [{"act": "CONFIRM", "canonical_values": ["No Sleep"], "slot": "track", "values": ["no sleep"]}, {"act": "CONFIRM", "canonical_values": ["Kitchen"], "slot": "device", "values": ["Kitchen"]}], "service": "Music_3", "slots": [{"exclusive_end": 43, "slot": "track", "start": 35}]}], "speaker": "SYSTEM", "utterance": "confirm the next action: I'll play no sleep in kitchen"}, {"frames": [{"actions": [{"act": "AFFIRM", "canonical_values": [], "slot": "", "values": []}], "service": "Music_3", "slots": [], "state": {"active_intent": "PlayMedia", "requested_slots": [], "slot_values": {"album": ["the martin garrix experience"], "artist": ["martin garrix"], "device": ["Kitchen"], "track": ["no sleep"]}}}], "speaker": "USER", "utterance": "I confirm it"}, {"frames": [{"actions": [{"act": "NOTIFY_SUCCESS", "canonical_values": [], "slot": "", "values": []}], "service": "Music_3", "service_call": {"method": "PlayMedia", "parameters": {"album": "The Martin Garrix Experience", "artist": "Martin Garrix", "device": "Kitchen", "track": "No Sleep"}}, "service_results": [{"album": "The Martin Garrix Experience", "artist": "Martin Garrix", "device": "Kitchen", "genre": "House", "track": "No Sleep", "year": "2019"}], "slots": []}], "speaker": "SYSTEM", "utterance": "have fun listening to your favorite tune"}, {"frames": [{"actions": [{"act": "THANK_YOU", "canonical_values": [], "slot": "", "values": []}], "service": "Music_3", "slots": [], "state": {"active_intent": "PlayMedia", "requested_slots": [], "slot_values": {"album": ["the martin garrix experience"], "artist": ["martin garrix"], "device": ["Kitchen"], "track": ["no sleep"]}}}], "speaker": "USER", "utterance": "thanks, you're nice"}, {"frames": [{"actions": [{"act": "REQ_MORE", "canonical_values": [], "slot": "", "values": []}], "service": "Music_3", "slots": []}], "speaker": "SYSTEM", "utterance": "what's your next request?"}, {"frames": [{"actions": [{"act": "INFORM", "canonical_values": ["dontcare"], "slot": "subtitle_language", "values": ["dontcare"]}, {"act": "INFORM_INTENT", "canonical_values": ["PlayMovie"], "slot": "intent", "values": ["PlayMovie"]}], "service": "Media_3", "slots": [], "state": {"active_intent": "PlayMovie", "requested_slots": [], "slot_values": {"genre": ["action"], "subtitle_language": ["dontcare"], "title": ["hobbs and shaw"]}}}], "speaker": "USER", "utterance": "I want you to play the movie you told me about, subs are not my concern"}, {"frames": [{"actions": [{"act": "CONFIRM", "canonical_values": ["Hobbs and Shaw"], "slot": "title", "values": ["hobbs and shaw"]}, {"act": "CONFIRM", "canonical_values": ["English"], "slot": "subtitle_language", "values": ["English"]}], "service": "Media_3", "slots": [{"exclusive_end": 57, "slot": "title", "start": 43}]}], "speaker": "SYSTEM", "utterance": "confirm what you asked me to do: I'll play hobbs and shaw with english subtitles"}, {"frames": [{"actions": [{"act": "REQUEST", "canonical_values": [], "slot": "starring", "values": []}, {"act": "AFFIRM", "canonical_values": [], "slot": "", "values": []}], "service": "Media_3", "slots": [], "state": {"active_intent": "PlayMovie", "requested_slots": ["starring"], "slot_values": {"genre": ["action"], "subtitle_language": ["dontcare"], "title": ["hobbs and shaw"]}}}], "speaker": "USER", "utterance": "I confirm it. do you know who's in the movie?"}, {"frames": [{"actions": [{"act": "INFORM", "canonical_values": ["Helena Holmes"], "slot": "starring", "values": ["helena holmes"]}, {"act": "NOTIFY_SUCCESS", "canonical_values": [], "slot": "", "values": []}], "service": "Media_3", "service_call": {"method": "PlayMovie", "parameters": {"title": "Hobbs and Shaw"}}, "service_results": [{"genre": "Action", "starring": "Helena Holmes", "subtitle_language": "English", "title": "Hobbs and Shaw"}], "slots": [{"exclusive_end": 48, "slot": "starring", "start": 35}]}], "speaker": "SYSTEM", "utterance": "tthe movie has started, you'll see helena holmes in it"}, {"frames": [{"actions": [{"act": "THANK_YOU", "canonical_values": [], "slot": "", "values": []}], "service": "Media_3", "slots": [], "state": {"active_intent": "PlayMovie", "requested_slots": [], "slot_values": {"genre": ["action"], "subtitle_language": ["dontcare"], "title": ["hobbs and shaw"]}}}], "speaker": "USER", "utterance": "cool"}, {"frames": [{"actions": [{"act": "REQ_MORE", "canonical_values": [], "slot": "", "values": []}], "service": "Media_3", "slots": []}], "speaker": "SYSTEM", "utterance": "what can I for you now?"}, {"frames": [{"actions": [{"act": "NEGATE", "canonical_values": [], "slot": "", "values": []}, {"act": "THANK_YOU", "canonical_values": [], "slot": "", "values": []}], "service": "Media_3", "slots": [], "state": {"active_intent": "NONE", "requested_slots": [], "slot_values": {"genre": ["action"], "subtitle_language": ["dontcare"], "title": ["hobbs and shaw"]}}}], "speaker": "USER", "utterance": "you could let me enjoy the movie. thank you and bye bye"}, {"frames": [{"actions": [{"act": "GOODBYE", "canonical_values": [], "slot": "", "values": []}], "service": "Media_3", "slots": []}], "speaker": "SYSTEM", "utterance": "sure, enjoy it!"}]}, {"dialogue_id": "23_00002", "services": ["Media_3", "Travel_1", "Music_3"], "turns": [{"frames": [{"actions": [{"act": "INFORM_INTENT", "canonical_values": ["FindMovies"], "slot": "intent", "values": ["FindMovies"]}], "service": "Media_3", "slots": [], "state": {"active_intent": "FindMovies", "requested_slots": [], "slot_values": {}}}], "speaker": "USER", "utterance": "Please look for some movies to watch online."}, {"frames": [{"actions": [{"act": "REQUEST", "canonical_values": [], "slot": "genre", "values": []}], "service": "Media_3", "slots": []}], "speaker": "SYSTEM", "utterance": "What genre do you prefer?"}, {"frames": [{"actions": [{"act": "INFORM", "canonical_values": ["Comedy"], "slot": "genre", "values": ["Comic"]}], "service": "Media_3", "slots": [{"exclusive_end": 5, "slot": "genre", "start": 0}], "state": {"active_intent": "FindMovies", "requested_slots": [], "slot_values": {"genre": ["Comic"]}}}], "speaker": "USER", "utterance": "Comic would be great."}, {"frames": [{"actions": [{"act": "OFFER", "canonical_values": ["Chhichhore", "Good Boys", "My Big Fat Greek Wedding"], "slot": "title", "values": ["Chhichhore", "Good Boys", "My Big Fat Greek Wedding"]}, {"act": "INFORM_COUNT", "canonical_values": ["5"], "slot": "count", "values": ["5"]}], "service": "Media_3", "service_call": {"method": "FindMovies", "parameters": {"genre": "Comedy"}}, "service_results": [{"genre": "Comedy", "starring": "Sushant Singh Rajput", "subtitle_language": "Hindi", "title": "Chhichhore"}, {"genre": "Comedy", "starring": "Alexander Calvert", "subtitle_language": "English", "title": "Good Boys"}, {"genre": "Comedy", "starring": "Andrea Martin", "subtitle_language": "English", "title": "My Big Fat Greek Wedding"}, {"genre": "Comedy", "starring": "James Urbaniak", "subtitle_language": "Spanish", "title": "Where'd You Go, Bernadette"}, {"genre": "Comedy", "starring": "Kate McKinnon", "subtitle_language": "English", "title": "Yesterday"}], "slots": [{"exclusive_end": 30, "slot": "title", "start": 20}, {"exclusive_end": 41, "slot": "title", "start": 32}, {"exclusive_end": 67, "slot": "title", "start": 43}]}], "speaker": "SYSTEM", "utterance": "There are 5 movies. Chhichhore, Good Boys, My Big Fat Greek Wedding are options."}, {"frames": [{"actions": [{"act": "INFORM_INTENT", "canonical_values": ["FindAttractions"], "slot": "intent", "values": ["FindAttractions"]}], "service": "Travel_1", "slots": [], "state": {"active_intent": "FindAttractions", "requested_slots": [], "slot_values": {}}}, {"actions": [{"act": "SELECT", "canonical_values": ["Good Boys"], "slot": "title", "values": ["Good Boys"]}], "service": "Media_3", "slots": [{"exclusive_end": 9, "slot": "title", "start": 0}], "state": {"active_intent": "FindMovies", "requested_slots": [], "slot_values": {"genre": ["Comic"], "title": ["Good Boys"]}}}], "speaker": "USER", "utterance": "Good Boys sounds good. Can you search attractions please?"}, {"frames": [{"actions": [{"act": "REQUEST", "canonical_values": [], "slot": "location", "values": []}], "service": "Travel_1", "slots": []}], "speaker": "SYSTEM", "utterance": "Where should I search for attractions?"}, {"frames": [{"actions": [{"act": "INFORM", "canonical_values": ["Las Vegas"], "slot": "location", "values": ["Las Vegas"]}], "service": "Travel_1", "slots": [{"exclusive_end": 12, "slot": "location", "start": 3}], "state": {"active_intent": "FindAttractions", "requested_slots": [], "slot_values": {"location": ["Las Vegas"]}}}], "speaker": "USER", "utterance": "In Las Vegas please."}, {"frames": [{"actions": [{"act": "OFFER", "canonical_values": ["DISCOVERY Children's Museum"], "slot": "attraction_name", "values": ["Discovery Children's Museum"]}, {"act": "OFFER", "canonical_values": ["Museum"], "slot": "category", "values": ["Museum"]}, {"act": "INFORM_COUNT", "canonical_values": ["10"], "slot": "count", "values": ["10"]}], "service": "Travel_1", "service_call": {"method": "FindAttractions", "parameters": {"location": "Las Vegas"}}, "service_results": [{"attraction_name": "DISCOVERY Children's Museum", "category": "Museum", "free_entry": "False", "good_for_kids": "False", "location": "Las Vegas", "phone_number": "702-382-5437"}, {"attraction_name": "Floyd Lamb Park", "category": "Park", "free_entry": "False", "good_for_kids": "True", "location": "Las Vegas", "phone_number": "702-229-8100"}, {"attraction_name": "Fremont Street Experience", "category": "Shopping Area", "free_entry": "False", "good_for_kids": "True", "location": "Las Vegas", "phone_number": "702-678-5600"}, {"attraction_name": "Las Vegas Natural History Museum", "category": "Museum", "free_entry": "True", "good_for_kids": "True", "location": "Las Vegas", "phone_number": "702-384-3466"}, {"attraction_name": "Old Las Vegas Mormon Fort State Historic Park", "category": "Nature Preserve", "free_entry": "False", "good_for_kids": "False", "location": "Las Vegas", "phone_number": "702-486-3511"}, {"attraction_name": "SkyJump", "category": "Theme Park", "free_entry": "False", "good_for_kids": "True", "location": "Las Vegas", "phone_number": "702-380-7777"}, {"attraction_name": "SlotZilla Zip Line", "category": "Tourist Attraction", "free_entry": "True", "good_for_kids": "True", "location": "Las Vegas", "phone_number": "702-678-5780"}, {"attraction_name": "Springs Preserve", "category": "Nature Preserve", "free_entry": "True", "good_for_kids": "True", "location": "Las Vegas", "phone_number": "702-822-7700"}, {"attraction_name": "The Mob Museum", "category": "Museum", "free_entry": "False", "good_for_kids": "True", "location": "Las Vegas", "phone_number": "702-229-2734"}, {"attraction_name": "The Neon Museum", "category": "Museum", "free_entry": "False", "good_for_kids": "True", "location": "Las Vegas", "phone_number": "702-387-6366"}], "slots": [{"exclusive_end": 52, "slot": "attraction_name", "start": 25}]}], "speaker": "SYSTEM", "utterance": "There are 10. One is the Discovery Children's Museum is a museum."}, {"frames": [{"actions": [{"act": "INFORM_INTENT", "canonical_values": ["LookupMusic"], "slot": "intent", "values": ["LookupMusic"]}], "service": "Music_3", "slots": [], "state": {"active_intent": "LookupMusic", "requested_slots": [], "slot_values": {}}}, {"actions": [{"act": "SELECT", "canonical_values": [], "slot": "", "values": []}], "service": "Travel_1", "slots": [], "state": {"active_intent": "FindAttractions", "requested_slots": [], "slot_values": {"location": ["Las Vegas"]}}}], "speaker": "USER", "utterance": "Great, please find songs."}, {"frames": [{"actions": [{"act": "OFFER", "canonical_values": ["Tom Ford"], "slot": "track", "values": ["Tom Ford"]}, {"act": "OFFER", "canonical_values": ["Teodora"], "slot": "artist", "values": ["Teodora"]}, {"act": "OFFER", "canonical_values": ["Borbena"], "slot": "album", "values": ["Borbena"]}], "service": "Music_3", "service_call": {"method": "LookupMusic", "parameters": {}}, "service_results": [{"album": "Borbena", "artist": "Teodora", "genre": "Folk", "track": "Tom Ford", "year": "2019"}, {"album": "Golden Hour", "artist": "Kacey Musgraves", "genre": "Country", "track": "Rainbow", "year": "2018"}, {"album": "The End Is Where We Begin", "artist": "Thousand Foot Krutch", "genre": "Rock", "track": "Courtesy Call", "year": "2012"}, {"album": "Safe Haven", "artist": "Ruth B", "genre": "Pop", "track": "Superficial Love", "year": "2015"}, {"album": "Pure Heroine", "artist": "Lorde", "genre": "Electropop", "track": "Tennis Court", "year": "2013"}, {"album": "Transmissions", "artist": "Starset", "genre": "Rock", "track": "It Has Begun", "year": "2014"}, {"album": "Expectations", "artist": "Hayley Kiyoko", "genre": "Pop", "track": "Sleepover", "year": "2017"}, {"album": "Without Me", "artist": "Halsey", "genre": "Pop", "track": "Without Me", "year": "2018"}, {"album": "Tell Me You Love Me", "artist": "Demi Lovato", "genre": "Pop", "track": "Tell Me You Love Me", "year": "2017"}, {"album": "Anything You Can Do I Can Do Better", "artist": "Haschak Sisters", "genre": "Pop", "track": "Anything You Can Do I Can Do Better", "year": "2019"}], "slots": [{"exclusive_end": 18, "slot": "track", "start": 10}, {"exclusive_end": 29, "slot": "artist", "start": 22}, {"exclusive_end": 42, "slot": "album", "start": 35}]}], "speaker": "SYSTEM", "utterance": "How about Tom Ford by Teodora from Borbena?"}, {"frames": [{"actions": [{"act": "SELECT", "canonical_values": [], "slot": "", "values": []}], "service": "Music_3", "slots": [], "state": {"active_intent": "LookupMusic", "requested_slots": [], "slot_values": {"track": ["Tom Ford"]}}}], "speaker": "USER", "utterance": "That is perfect thanks."}, {"frames": [{"actions": [{"act": "OFFER_INTENT", "canonical_values": ["PlayMedia"], "slot": "intent", "values": ["PlayMedia"]}], "service": "Music_3", "slots": []}], "speaker": "SYSTEM", "utterance": "Would you like to play it now?"}, {"frames": [{"actions": [{"act": "AFFIRM_INTENT", "canonical_values": [], "slot": "", "values": []}, {"act": "INFORM", "canonical_values": ["dontcare"], "slot": "device", "values": ["dontcare"]}], "service": "Music_3", "slots": [], "state": {"active_intent": "PlayMedia", "requested_slots": [], "slot_values": {"device": ["dontcare"], "track": ["Tom Ford"]}}}], "speaker": "USER", "utterance": "Yes play it anywhere."}, {"frames": [{"actions": [{"act": "CONFIRM", "canonical_values": ["Tom Ford"], "slot": "track", "values": ["Tom Ford"]}, {"act": "CONFIRM", "canonical_values": ["Living room"], "slot": "device", "values": ["Living room"]}], "service": "Music_3", "slots": [{"exclusive_end": 25, "slot": "track", "start": 17}]}], "speaker": "SYSTEM", "utterance": "You want to hear Tom Ford in the Living Room, correct?"}, {"frames": [{"actions": [{"act": "REQUEST", "canonical_values": [], "slot": "year", "values": []}, {"act": "AFFIRM", "canonical_values": [], "slot": "", "values": []}], "service": "Music_3", "slots": [], "state": {"active_intent": "PlayMedia", "requested_slots": ["year"], "slot_values": {"device": ["dontcare"], "track": ["Tom Ford"]}}}], "speaker": "USER", "utterance": "Correct, when did it come out?"}, {"frames": [{"actions": [{"act": "INFORM", "canonical_values": ["2019"], "slot": "year", "values": ["2019"]}, {"act": "NOTIFY_SUCCESS", "canonical_values": [], "slot": "", "values": []}], "service": "Music_3", "service_call": {"method": "PlayMedia", "parameters": {"track": "Tom Ford"}}, "service_results": [{"album": "Borbena", "artist": "Teodora", "device": "Living room", "genre": "Folk", "track": "Tom Ford", "year": "2019"}], "slots": []}], "speaker": "SYSTEM", "utterance": "It's from 2019."}, {"frames": [{"actions": [{"act": "INFORM", "canonical_values": ["English"], "slot": "subtitle_language", "values": ["English"]}, {"act": "INFORM_INTENT", "canonical_values": ["PlayMovie"], "slot": "intent", "values": ["PlayMovie"]}], "service": "Media_3", "slots": [], "state": {"active_intent": "PlayMovie", "requested_slots": [], "slot_values": {"genre": ["Comic"], "subtitle_language": ["English"], "title": ["Good Boys"]}}}], "speaker": "USER", "utterance": "Can you play the movie with English Subtitles please?"}, {"frames": [{"actions": [{"act": "CONFIRM", "canonical_values": ["Good Boys"], "slot": "title", "values": ["Good Boys"]}, {"act": "CONFIRM", "canonical_values": ["English"], "slot": "subtitle_language", "values": ["English"]}], "service": "Media_3", "slots": [{"exclusive_end": 27, "slot": "title", "start": 18}]}], "speaker": "SYSTEM", "utterance": "You want to watch Good Boys in English, correct?"}, {"frames": [{"actions": [{"act": "REQUEST", "canonical_values": [], "slot": "starring", "values": []}, {"act": "AFFIRM", "canonical_values": [], "slot": "", "values": []}], "service": "Media_3", "slots": [], "state": {"active_intent": "PlayMovie", "requested_slots": ["starring"], "slot_values": {"genre": ["Comic"], "subtitle_language": ["English"], "title": ["Good Boys"]}}}], "speaker": "USER", "utterance": "Yes please. Who starred in it?"}, {"frames": [{"actions": [{"act": "INFORM", "canonical_values": ["Alexander Calvert"], "slot": "starring", "values": ["Alexander Calvert"]}, {"act": "NOTIFY_SUCCESS", "canonical_values": [], "slot": "", "values": []}], "service": "Media_3", "service_call": {"method": "PlayMovie", "parameters": {"subtitle_language": "English", "title": "Good Boys"}}, "service_results": [{"genre": "Comedy", "starring": "Alexander Calvert", "subtitle_language": "English", "title": "Good Boys"}], "slots": [{"exclusive_end": 39, "slot": "starring", "start": 22}]}], "speaker": "SYSTEM", "utterance": "The movie started and Alexander Calvert is the star."}, {"frames": [{"actions": [{"act": "THANK_YOU", "canonical_values": [], "slot": "", "values": []}, {"act": "GOODBYE", "canonical_values": [], "slot": "", "values": []}], "service": "Media_3", "slots": [], "state": {"active_intent": "PlayMovie", "requested_slots": [], "slot_values": {"genre": ["Comic"], "subtitle_language": ["English"], "title": ["Good Boys"]}}}], "speaker": "USER", "utterance": "Thanks that is all."}, {"frames": [{"actions": [{"act": "GOODBYE", "canonical_values": [], "slot": "", "values": []}], "service": "Media_3", "slots": []}], "speaker": "SYSTEM", "utterance": "Have a wonderful day!"}]}, {"dialogue_id": "23_00003", "services": ["Media_3", "Travel_1", "Music_3"], "turns": [{"frames": [{"actions": [{"act": "INFORM", "canonical_values": ["Samuel S. Hinds"], "slot": "starring", "values": ["Samuel S. Hinds"]}, {"act": "INFORM_INTENT", "canonical_values": ["FindMovies"], "slot": "intent", "values": ["FindMovies"]}], "service": "Media_3", "slots": [{"exclusive_end": 82, "slot": "starring", "start": 67}], "state": {"active_intent": "FindMovies", "requested_slots": [], "slot_values": {"starring": ["Samuel S. Hinds"]}}}], "speaker": "USER", "utterance": "I'm looking for some movies online. I want to find movies starring Samuel S. Hinds."}, {"frames": [{"actions": [{"act": "REQUEST", "canonical_values": [], "slot": "genre", "values": []}], "service": "Media_3", "slots": []}], "speaker": "SYSTEM", "utterance": "What kind of movies are you looking for?"}, {"frames": [{"actions": [{"act": "INFORM", "canonical_values": ["Drama"], "slot": "genre", "values": ["drama"]}], "service": "Media_3", "slots": [{"exclusive_end": 20, "slot": "genre", "start": 15}], "state": {"active_intent": "FindMovies", "requested_slots": [], "slot_values": {"genre": ["drama"], "starring": ["Samuel S. Hinds"]}}}], "speaker": "USER", "utterance": "I want to find drama movies."}, {"frames": [{"actions": [{"act": "OFFER", "canonical_values": ["Stage Door"], "slot": "title", "values": ["Stage Door"]}, {"act": "INFORM_COUNT", "canonical_values": ["1"], "slot": "count", "values": ["1"]}], "service": "Media_3", "service_call": {"method": "FindMovies", "parameters": {"genre": "Drama", "starring": "Samuel S. Hinds"}}, "service_results": [{"genre": "Drama", "starring": "Samuel S. Hinds", "subtitle_language": "French", "title": "Stage Door"}], "slots": [{"exclusive_end": 27, "slot": "title", "start": 17}]}], "speaker": "SYSTEM", "utterance": "I found 1 movie. Stage Door is a drama film."}, {"frames": [{"actions": [{"act": "INFORM", "canonical_values": ["Rio de Janeiro"], "slot": "location", "values": ["Rio"]}, {"act": "INFORM_INTENT", "canonical_values": ["FindAttractions"], "slot": "intent", "values": ["FindAttractions"]}], "service": "Travel_1", "slots": [{"exclusive_end": 65, "slot": "location", "start": 62}], "state": {"active_intent": "FindAttractions", "requested_slots": [], "slot_values": {"location": ["Rio"]}}}, {"actions": [{"act": "SELECT", "canonical_values": ["Stage Door"], "slot": "title", "values": ["Stage Door"]}], "service": "Media_3", "slots": [{"exclusive_end": 10, "slot": "title", "start": 0}], "state": {"active_intent": "FindMovies", "requested_slots": [], "slot_values": {"genre": ["drama"], "starring": ["Samuel S. Hinds"], "title": ["Stage Door"]}}}], "speaker": "USER", "utterance": "Stage Door is a good film. I want to find some attractions in Rio."}, {"frames": [{"actions": [{"act": "OFFER", "canonical_values": ["Air And Space Museum"], "slot": "attraction_name", "values": ["Air and Space Museum"]}, {"act": "OFFER", "canonical_values": ["Museum"], "slot": "category", "values": ["Museum"]}], "service": "Travel_1", "service_call": {"method": "FindAttractions", "parameters": {"location": "Rio de Janeiro"}}, "service_results": [{"attraction_name": "Air And Space Museum", "category": "Museum", "free_entry": "False", "good_for_kids": "True", "location": "Rio de Janeiro", "phone_number": "21 2157-2895"}, {"attraction_name": "Aquario Marinho do Rio de Janeiro", "category": "Nature Preserve", "free_entry": "True", "good_for_kids": "True", "location": "Rio de Janeiro", "phone_number": "21 2042-5312"}, {"attraction_name": "Catedral Metropolitana de Sao Sebastiao do Rio de Janeiro", "category": "Place of Worship", "free_entry": "False", "good_for_kids": "True", "location": "Rio de Janeiro", "phone_number": "21 2240-2669"}, {"attraction_name": "Catete Palace", "category": "Museum", "free_entry": "True", "good_for_kids": "True", "location": "Rio de Janeiro", "phone_number": "21 2127-0324"}, {"attraction_name": "Cidade das Artes", "category": "Performing Arts Venue", "free_entry": "False", "good_for_kids": "True", "location": "Rio de Janeiro", "phone_number": "21 3325-0102"}, {"attraction_name": "Flamengo Park", "category": "Park", "free_entry": "False", "good_for_kids": "True", "location": "Rio de Janeiro", "phone_number": "21 96967-9339"}, {"attraction_name": "Fundicao Progresso", "category": "Performing Arts Venue", "free_entry": "False", "good_for_kids": "True", "location": "Rio de Janeiro", "phone_number": "21 3212-0800"}, {"attraction_name": "Maracana", "category": "Sports Venue", "free_entry": "False", "good_for_kids": "True", "location": "Rio de Janeiro", "phone_number": "800 062 7222"}, {"attraction_name": "Modern Art Museum", "category": "Museum", "free_entry": "True", "good_for_kids": "True", "location": "Rio de Janeiro", "phone_number": "21 3883-5600"}, {"attraction_name": "Municipal Theater of Rio de Janeiro", "category": "Performing Arts Venue", "free_entry": "True", "good_for_kids": "True", "location": "Rio de Janeiro", "phone_number": "21 2332-9009"}], "slots": [{"exclusive_end": 24, "slot": "attraction_name", "start": 4}]}], "speaker": "SYSTEM", "utterance": "The Air and Space Museum is a popular museum there."}, {"frames": [{"actions": [{"act": "INFORM_INTENT", "canonical_values": ["LookupMusic"], "slot": "intent", "values": ["LookupMusic"]}], "service": "Music_3", "slots": [], "state": {"active_intent": "LookupMusic", "requested_slots": [], "slot_values": {}}}, {"actions": [{"act": "SELECT", "canonical_values": [], "slot": "", "values": []}], "service": "Travel_1", "slots": [], "state": {"active_intent": "FindAttractions", "requested_slots": [], "slot_values": {"location": ["Rio"]}}}], "speaker": "USER", "utterance": "Great. Can you find me some songs?"}, {"frames": [{"actions": [{"act": "OFFER", "canonical_values": ["The Way I Talk"], "slot": "track", "values": ["The Way I Talk"]}, {"act": "OFFER", "canonical_values": ["Morgan Wallen"], "slot": "artist", "values": ["Morgan Wallen"]}, {"act": "OFFER", "canonical_values": ["If I Know Me"], "slot": "album", "values": ["If I Know Me"]}, {"act": "INFORM_COUNT", "canonical_values": ["10"], "slot": "count", "values": ["10"]}], "service": "Music_3", "service_call": {"method": "LookupMusic", "parameters": {}}, "service_results": [{"album": "If I Know Me", "artist": "Morgan Wallen", "genre": "Country", "track": "The Way I Talk", "year": "2016"}, {"album": "Inviolable", "artist": "Popcaan", "genre": "Reggae", "track": "Inviolable", "year": "2018"}, {"album": "Whip My Hair", "artist": "Willow Smith", "genre": "Pop", "track": "Whip My Hair", "year": "2010"}, {"album": "Dear Society", "artist": "Madison Beer", "genre": "Pop", "track": "Dear Society", "year": "2019"}, {"album": "Globalization", "artist": "Pitbull", "genre": "Pop", "track": "Fireball", "year": "2014"}, {"album": "Lifelines", "artist": "I Prevail", "genre": "Metalcore", "track": "Scars", "year": "2016"}, {"album": "Isolation", "artist": "Kali Uchis", "genre": "Funk", "track": "After The Storm", "year": "2018"}, {"album": "I Will Never Let You Down", "artist": "Rita Ora", "genre": "Africa", "track": "I Will Never Let You Down", "year": "2014"}, {"album": "Teri Fikar", "artist": "The Turbo", "genre": "Pop", "track": "Teri Fikar", "year": "2019"}, {"album": "High Expectations", "artist": "Mabel", "genre": "Pop", "track": "Selfish Love", "year": "2019"}], "slots": [{"exclusive_end": 43, "slot": "track", "start": 29}, {"exclusive_end": 60, "slot": "artist", "start": 47}, {"exclusive_end": 88, "slot": "album", "start": 76}]}], "speaker": "SYSTEM", "utterance": "I found 10 songs. What about The Way I Talk by Morgan Wallen from the album If I Know Me."}, {"frames": [{"actions": [{"act": "INFORM", "canonical_values": ["Cairo Knife Fight"], "slot": "artist", "values": ["Cairo Knife Fight"]}, {"act": "REQUEST_ALTS", "canonical_values": [], "slot": "", "values": []}], "service": "Music_3", "slots": [{"exclusive_end": 52, "slot": "artist", "start": 35}], "state": {"active_intent": "LookupMusic", "requested_slots": [], "slot_values": {"artist": ["Cairo Knife Fight"]}}}], "speaker": "USER", "utterance": "What other songs are there? I like Cairo Knife Fight."}, {"frames": [{"actions": [{"act": "OFFER", "canonical_values": ["Rezlord"], "slot": "track", "values": ["Rezlord"]}, {"act": "OFFER", "canonical_values": ["Cairo Knife Fight"], "slot": "artist", "values": ["Cairo Knife Fight"]}, {"act": "OFFER", "canonical_values": ["The Colossus"], "slot": "album", "values": ["The Colossus"]}], "service": "Music_3", "service_call": {"method": "LookupMusic", "parameters": {"artist": "Cairo Knife Fight"}}, "service_results": [{"album": "The Colossus", "artist": "Cairo Knife Fight", "genre": "Rock", "track": "Rezlord", "year": "2014"}], "slots": [{"exclusive_end": 18, "slot": "track", "start": 11}, {"exclusive_end": 39, "slot": "artist", "start": 22}, {"exclusive_end": 67, "slot": "album", "start": 55}]}], "speaker": "SYSTEM", "utterance": "What about Rezlord by Cairo Knife Fight form the album The Colossus?"}, {"frames": [{"actions": [{"act": "REQUEST", "canonical_values": ["2014"], "slot": "year", "values": ["2014"]}, {"act": "REQUEST", "canonical_values": [], "slot": "genre", "values": []}], "service": "Music_3", "slots": [], "state": {"active_intent": "LookupMusic", "requested_slots": ["genre", "year"], "slot_values": {"artist": ["Cairo Knife Fight"]}}}], "speaker": "USER", "utterance": "Did that come out in 2014? What is the genre?"}, {"frames": [{"actions": [{"act": "INFORM", "canonical_values": ["Rock"], "slot": "genre", "values": ["rock"]}, {"act": "INFORM", "canonical_values": ["2014"], "slot": "year", "values": ["2014"]}], "service": "Music_3", "slots": [{"exclusive_end": 48, "slot": "genre", "start": 44}]}], "speaker": "SYSTEM", "utterance": "The song was released in 2014. The genre is rock music."}, {"frames": [{"actions": [{"act": "INFORM", "canonical_values": ["Kitchen"], "slot": "device", "values": ["Kitchen"]}, {"act": "INFORM_INTENT", "canonical_values": ["PlayMedia"], "slot": "intent", "values": ["PlayMedia"]}, {"act": "SELECT", "canonical_values": [], "slot": "", "values": []}], "service": "Music_3", "slots": [], "state": {"active_intent": "PlayMedia", "requested_slots": [], "slot_values": {"artist": ["Cairo Knife Fight"], "device": ["Kitchen"], "track": ["Rezlord"]}}}], "speaker": "USER", "utterance": "Yes, sounds great. I want to play it on the kitchen device."}, {"frames": [{"actions": [{"act": "CONFIRM", "canonical_values": ["Rezlord"], "slot": "track", "values": ["Rezlord"]}, {"act": "CONFIRM", "canonical_values": ["Kitchen"], "slot": "device", "values": ["Kitchen"]}], "service": "Music_3", "slots": [{"exclusive_end": 31, "slot": "track", "start": 24}]}], "speaker": "SYSTEM", "utterance": "Please confirm: playing Rezlord by Cairo Knife Fight in the kitchen."}, {"frames": [{"actions": [{"act": "AFFIRM", "canonical_values": [], "slot": "", "values": []}], "service": "Music_3", "slots": [], "state": {"active_intent": "PlayMedia", "requested_slots": [], "slot_values": {"artist": ["Cairo Knife Fight"], "device": ["Kitchen"], "track": ["Rezlord"]}}}], "speaker": "USER", "utterance": "Yes, thank you."}, {"frames": [{"actions": [{"act": "NOTIFY_SUCCESS", "canonical_values": [], "slot": "", "values": []}], "service": "Music_3", "service_call": {"method": "PlayMedia", "parameters": {"artist": "Cairo Knife Fight", "device": "Kitchen", "track": "Rezlord"}}, "service_results": [{"album": "The Colossus", "artist": "Cairo Knife Fight", "device": "Kitchen", "genre": "Rock", "track": "Rezlord", "year": "2014"}], "slots": []}], "speaker": "SYSTEM", "utterance": "Your music has started."}, {"frames": [{"actions": [{"act": "INFORM_INTENT", "canonical_values": ["PlayMovie"], "slot": "intent", "values": ["PlayMovie"]}], "service": "Media_3", "slots": [], "state": {"active_intent": "PlayMovie", "requested_slots": [], "slot_values": {"genre": ["drama"], "starring": ["Samuel S. Hinds"], "title": ["Stage Door"]}}}], "speaker": "USER", "utterance": "I want to watch the movie you found earlier."}, {"frames": [{"actions": [{"act": "CONFIRM", "canonical_values": ["Stage Door"], "slot": "title", "values": ["Stage Door"]}, {"act": "CONFIRM", "canonical_values": ["English"], "slot": "subtitle_language", "values": ["English"]}], "service": "Media_3", "slots": [{"exclusive_end": 43, "slot": "title", "start": 33}]}], "speaker": "SYSTEM", "utterance": "Please confirm: playing the film Stage Door with English subtitles."}, {"frames": [{"actions": [{"act": "AFFIRM", "canonical_values": [], "slot": "", "values": []}], "service": "Media_3", "slots": [], "state": {"active_intent": "PlayMovie", "requested_slots": [], "slot_values": {"genre": ["drama"], "starring": ["Samuel S. Hinds"], "subtitle_language": ["English"], "title": ["Stage Door"]}}}], "speaker": "USER", "utterance": "Yes, that's correct."}, {"frames": [{"actions": [{"act": "NOTIFY_SUCCESS", "canonical_values": [], "slot": "", "values": []}], "service": "Media_3", "service_call": {"method": "PlayMovie", "parameters": {"subtitle_language": "English", "title": "Stage Door"}}, "service_results": [{"genre": "Drama", "starring": "Samuel S. Hinds", "subtitle_language": "English", "title": "Stage Door"}], "slots": []}], "speaker": "SYSTEM", "utterance": "Your movie has started."}, {"frames": [{"actions": [{"act": "THANK_YOU", "canonical_values": [], "slot": "", "values": []}, {"act": "GOODBYE", "canonical_values": [], "slot": "", "values": []}], "service": "Media_3", "slots": [], "state": {"active_intent": "PlayMovie", "requested_slots": [], "slot_values": {"genre": ["drama"], "starring": ["Samuel S. Hinds"], "subtitle_language": ["English"], "title": ["Stage Door"]}}}], "speaker": "USER", "utterance": "Thank you. That's all."}, {"frames": [{"actions": [{"act": "GOODBYE", "canonical_values": [], "slot": "", "values": []}], "service": "Media_3", "slots": []}], "speaker": "SYSTEM", "utterance": "Have a great day."}]}, {"dialogue_id": "23_00004", "services": ["Media_3", "Travel_1", "Music_3"], "turns": [{"frames": [{"actions": [{"act": "INFORM_INTENT", "canonical_values": ["FindMovies"], "slot": "intent", "values": ["FindMovies"]}], "service": "Media_3", "slots": [], "state": {"active_intent": "FindMovies", "requested_slots": [], "slot_values": {}}}], "speaker": "USER", "utterance": "I would like to find some movies online."}, {"frames": [{"actions": [{"act": "REQUEST", "canonical_values": [], "slot": "genre", "values": []}], "service": "Media_3", "slots": []}], "speaker": "SYSTEM", "utterance": "What type of movies do you like?"}, {"frames": [{"actions": [{"act": "INFORM", "canonical_values": ["Cult"], "slot": "genre", "values": ["Crime story"]}], "service": "Media_3", "slots": [{"exclusive_end": 18, "slot": "genre", "start": 7}], "state": {"active_intent": "FindMovies", "requested_slots": [], "slot_values": {"genre": ["Crime story"]}}}], "speaker": "USER", "utterance": "I like Crime story movies that would be great."}, {"frames": [{"actions": [{"act": "OFFER", "canonical_values": ["Pulp Fiction"], "slot": "title", "values": ["Pulp Fiction"]}, {"act": "INFORM_COUNT", "canonical_values": ["1"], "slot": "count", "values": ["1"]}], "service": "Media_3", "service_call": {"method": "FindMovies", "parameters": {"genre": "Cult"}}, "service_results": [{"genre": "Cult", "starring": "Quentin Tarantino", "subtitle_language": "English", "title": "Pulp Fiction"}], "slots": [{"exclusive_end": 69, "slot": "title", "start": 57}]}], "speaker": "SYSTEM", "utterance": "There is 1 movie you might like. What do you think about Pulp Fiction?"}, {"frames": [{"actions": [{"act": "SELECT", "canonical_values": ["Pulp Fiction"], "slot": "title", "values": ["Pulp Fiction"]}], "service": "Media_3", "slots": [{"exclusive_end": 12, "slot": "title", "start": 0}], "state": {"active_intent": "FindMovies", "requested_slots": [], "slot_values": {"genre": ["Crime story"], "title": ["Pulp Fiction"]}}}], "speaker": "USER", "utterance": "Pulp Fiction is good."}, {"frames": [{"actions": [{"act": "OFFER_INTENT", "canonical_values": ["PlayMovie"], "slot": "intent", "values": ["PlayMovie"]}], "service": "Media_3", "slots": []}], "speaker": "SYSTEM", "utterance": "Would you like to play the movie?"}, {"frames": [{"actions": [{"act": "INFORM_INTENT", "canonical_values": ["FindAttractions"], "slot": "intent", "values": ["FindAttractions"]}], "service": "Travel_1", "slots": [], "state": {"active_intent": "FindAttractions", "requested_slots": [], "slot_values": {}}}, {"actions": [{"act": "NEGATE_INTENT", "canonical_values": [], "slot": "", "values": []}], "service": "Media_3", "slots": [], "state": {"active_intent": "NONE", "requested_slots": [], "slot_values": {"genre": ["Crime story"], "title": ["Pulp Fiction"]}}}], "speaker": "USER", "utterance": "Maybe at a later time. Will you show me some attractions there?"}, {"frames": [{"actions": [{"act": "REQUEST", "canonical_values": [], "slot": "location", "values": []}], "service": "Travel_1", "slots": []}], "speaker": "SYSTEM", "utterance": "Where should I look for attractions in?"}, {"frames": [{"actions": [{"act": "INFORM", "canonical_values": ["Washington D.C."], "slot": "location", "values": ["Washington D.C."]}], "service": "Travel_1", "slots": [{"exclusive_end": 40, "slot": "location", "start": 25}], "state": {"active_intent": "FindAttractions", "requested_slots": [], "slot_values": {"location": ["Washington D.C."]}}}], "speaker": "USER", "utterance": "Find some attractions in Washington D.C."}, {"frames": [{"actions": [{"act": "OFFER", "canonical_values": ["56 Signers of the Declaration of Independence Memorial"], "slot": "attraction_name", "values": ["56 Signers of the Declaration of Independence Memorial"]}, {"act": "OFFER", "canonical_values": ["Nature Preserve"], "slot": "category", "values": ["Nature Preserve"]}], "service": "Travel_1", "service_call": {"method": "FindAttractions", "parameters": {"location": "Washington D.C."}}, "service_results": [{"attraction_name": "56 Signers of the Declaration of Independence Memorial", "category": "Nature Preserve", "free_entry": "False", "good_for_kids": "True", "location": "Washington D.C.", "phone_number": "202-426-6841"}, {"attraction_name": "Cathedral of St. Matthew the Apostle", "category": "Place of Worship", "free_entry": "True", "good_for_kids": "False", "location": "Washington D.C.", "phone_number": "202-347-3215"}, {"attraction_name": "Dumbarton Oaks Museum", "category": "Museum", "free_entry": "False", "good_for_kids": "True", "location": "Washington D.C.", "phone_number": "202-339-6401"}, {"attraction_name": "Ford's Theatre", "category": "Performing Arts Venue", "free_entry": "False", "good_for_kids": "False", "location": "Washington D.C.", "phone_number": "202-347-4833"}, {"attraction_name": "Franklin Delano Roosevelt Memorial", "category": "Historical Landmark", "free_entry": "True", "good_for_kids": "True", "location": "Washington D.C.", "phone_number": "202-376-6704"}, {"attraction_name": "Georgetown Park", "category": "Nature Preserve", "free_entry": "True", "good_for_kids": "True", "location": "Washington D.C.", "phone_number": "202-895-6000"}, {"attraction_name": "Hillwood Estate, Museum & Gardens", "category": "Museum", "free_entry": "False", "good_for_kids": "True", "location": "Washington D.C.", "phone_number": "202-686-5807"}, {"attraction_name": "Hirshhorn Museum", "category": "Museum", "free_entry": "False", "good_for_kids": "True", "location": "Washington D.C.", "phone_number": "202-633-1000"}, {"attraction_name": "John F. Kennedy Center for the Performing Arts", "category": "Performing Arts Venue", "free_entry": "True", "good_for_kids": "True", "location": "Washington D.C.", "phone_number": "800-444-1324"}, {"attraction_name": "Kenilworth Park & Aquatic Gardens", "category": "Nature Preserve", "free_entry": "True", "good_for_kids": "False", "location": "Washington D.C.", "phone_number": "202-692-6080"}], "slots": [{"exclusive_end": 64, "slot": "attraction_name", "start": 10}]}], "speaker": "SYSTEM", "utterance": "Check out 56 Signers of the Declaration of Independence Memorial a Nature Preserve."}, {"frames": [{"actions": [{"act": "INFORM", "canonical_values": ["Love Town"], "slot": "album", "values": ["Love Town"]}, {"act": "INFORM", "canonical_values": ["Kolohe Kai"], "slot": "artist", "values": ["Kolohe Kai"]}, {"act": "INFORM", "canonical_values": ["Reggae"], "slot": "genre", "values": ["Reggaeton"]}, {"act": "INFORM_INTENT", "canonical_values": ["LookupMusic"], "slot": "intent", "values": ["LookupMusic"]}], "service": "Music_3", "slots": [{"exclusive_end": 75, "slot": "album", "start": 66}, {"exclusive_end": 121, "slot": "artist", "start": 111}, {"exclusive_end": 140, "slot": "genre", "start": 131}], "state": {"active_intent": "LookupMusic", "requested_slots": [], "slot_values": {"album": ["Love Town"], "artist": ["Kolohe Kai"], "genre": ["Reggaeton"]}}}, {"actions": [{"act": "SELECT", "canonical_values": [], "slot": "", "values": []}], "service": "Travel_1", "slots": [], "state": {"active_intent": "FindAttractions", "requested_slots": [], "slot_values": {"location": ["Washington D.C."]}}}], "speaker": "USER", "utterance": "Okay good. What about searching for some songs for me now. I hear Love Town album is good. I like the songs by Kolohe Kai and love Reggaeton songs."}, {"frames": [{"actions": [{"act": "OFFER", "canonical_values": ["First True Love"], "slot": "track", "values": ["First True Love"]}, {"act": "OFFER", "canonical_values": ["Kolohe Kai"], "slot": "artist", "values": ["Kolohe Kai"]}, {"act": "OFFER", "canonical_values": ["Love Town"], "slot": "album", "values": ["Love Town"]}, {"act": "INFORM_COUNT", "canonical_values": ["1"], "slot": "count", "values": ["1"]}], "service": "Music_3", "service_call": {"method": "LookupMusic", "parameters": {"album": "Love Town", "artist": "Kolohe Kai", "genre": "Reggae"}}, "service_results": [{"album": "Love Town", "artist": "Kolohe Kai", "genre": "Reggae", "track": "First True Love", "year": "2011"}], "slots": [{"exclusive_end": 62, "slot": "track", "start": 47}, {"exclusive_end": 76, "slot": "artist", "start": 66}, {"exclusive_end": 101, "slot": "album", "start": 92}]}], "speaker": "SYSTEM", "utterance": "I have 1 song for you. What do you think about First True Love by Kolohe Kai from the album Love Town."}, {"frames": [{"actions": [{"act": "SELECT", "canonical_values": [], "slot": "", "values": []}], "service": "Music_3", "slots": [], "state": {"active_intent": "LookupMusic", "requested_slots": [], "slot_values": {"album": ["Love Town"], "artist": ["Kolohe Kai"], "genre": ["Reggaeton"], "track": ["First True Love"]}}}], "speaker": "USER", "utterance": "Yes, that will be the one."}, {"frames": [{"actions": [{"act": "OFFER_INTENT", "canonical_values": ["PlayMedia"], "slot": "intent", "values": ["PlayMedia"]}], "service": "Music_3", "slots": []}], "speaker": "SYSTEM", "utterance": "Do you wish to play this song."}, {"frames": [{"actions": [{"act": "AFFIRM_INTENT", "canonical_values": [], "slot": "", "values": []}], "service": "Music_3", "slots": [], "state": {"active_intent": "PlayMedia", "requested_slots": [], "slot_values": {"album": ["Love Town"], "artist": ["Kolohe Kai"], "genre": ["Reggaeton"], "track": ["First True Love"]}}}], "speaker": "USER", "utterance": "Sure I will."}, {"frames": [{"actions": [{"act": "CONFIRM", "canonical_values": ["First True Love"], "slot": "track", "values": ["First True Love"]}, {"act": "CONFIRM", "canonical_values": ["Living room"], "slot": "device", "values": ["Living room"]}], "service": "Music_3", "slots": [{"exclusive_end": 55, "slot": "track", "start": 40}]}], "speaker": "SYSTEM", "utterance": "Please confirm details to play the song First True Love in the living room."}, {"frames": [{"actions": [{"act": "REQUEST", "canonical_values": ["2016"], "slot": "year", "values": ["2016"]}, {"act": "AFFIRM", "canonical_values": [], "slot": "", "values": []}], "service": "Music_3", "slots": [], "state": {"active_intent": "PlayMedia", "requested_slots": ["year"], "slot_values": {"album": ["Love Town"], "artist": ["Kolohe Kai"], "device": ["Living room"], "genre": ["Reggaeton"], "track": ["First True Love"]}}}], "speaker": "USER", "utterance": "Yes, that is is. Did it come out three years back?"}, {"frames": [{"actions": [{"act": "INFORM", "canonical_values": ["2011"], "slot": "year", "values": ["2011"]}, {"act": "NOTIFY_SUCCESS", "canonical_values": [], "slot": "", "values": []}], "service": "Music_3", "service_call": {"method": "PlayMedia", "parameters": {"album": "Love Town", "artist": "Kolohe Kai", "device": "Living room", "track": "First True Love"}}, "service_results": [{"album": "Love Town", "artist": "Kolohe Kai", "device": "Living room", "genre": "Reggae", "track": "First True Love", "year": "2011"}], "slots": []}], "speaker": "SYSTEM", "utterance": "Enjoy the music from the year 2011."}, {"frames": [{"actions": [{"act": "THANK_YOU", "canonical_values": [], "slot": "", "values": []}], "service": "Music_3", "slots": [], "state": {"active_intent": "PlayMedia", "requested_slots": [], "slot_values": {"album": ["Love Town"], "artist": ["Kolohe Kai"], "device": ["Living room"], "genre": ["Reggaeton"], "track": ["First True Love"]}}}, {"actions": [{"act": "INFORM_INTENT", "canonical_values": ["PlayMovie"], "slot": "intent", "values": ["PlayMovie"]}], "service": "Media_3", "slots": [], "state": {"active_intent": "PlayMovie", "requested_slots": [], "slot_values": {"genre": ["Crime story"], "title": ["Pulp Fiction"]}}}], "speaker": "USER", "utterance": "Thanks to you. Will you play the movie you found?"}, {"frames": [{"actions": [{"act": "CONFIRM", "canonical_values": ["Pulp Fiction"], "slot": "title", "values": ["pulp Fiction"]}, {"act": "CONFIRM", "canonical_values": ["English"], "slot": "subtitle_language", "values": ["English"]}], "service": "Media_3", "slots": [{"exclusive_end": 43, "slot": "title", "start": 31}]}], "speaker": "SYSTEM", "utterance": "Please confirm details to play pulp Fiction with subtitles in English."}, {"frames": [{"actions": [{"act": "INFORM", "canonical_values": ["French"], "slot": "subtitle_language", "values": ["French"]}, {"act": "NEGATE", "canonical_values": [], "slot": "", "values": []}], "service": "Media_3", "slots": [], "state": {"active_intent": "PlayMovie", "requested_slots": [], "slot_values": {"genre": ["Crime story"], "subtitle_language": ["French"], "title": ["Pulp Fiction", "pulp Fiction"]}}}], "speaker": "USER", "utterance": "No, I'd like to watch it with French subtitles."}, {"frames": [{"actions": [{"act": "CONFIRM", "canonical_values": ["Pulp Fiction"], "slot": "title", "values": ["pulp fiction"]}, {"act": "CONFIRM", "canonical_values": ["French"], "slot": "subtitle_language", "values": ["French"]}], "service": "Media_3", "slots": [{"exclusive_end": 43, "slot": "title", "start": 31}]}], "speaker": "SYSTEM", "utterance": "Please confirm details to play pulp fiction with subtitles in French."}, {"frames": [{"actions": [{"act": "REQUEST", "canonical_values": [], "slot": "starring", "values": []}, {"act": "AFFIRM", "canonical_values": [], "slot": "", "values": []}], "service": "Media_3", "slots": [], "state": {"active_intent": "PlayMovie", "requested_slots": ["starring"], "slot_values": {"genre": ["Crime story"], "subtitle_language": ["French"], "title": ["Pulp Fiction", "pulp Fiction", "pulp fiction"]}}}], "speaker": "USER", "utterance": "Yes, please who are the actors in it?"}, {"frames": [{"actions": [{"act": "INFORM", "canonical_values": ["Bruce Willis"], "slot": "starring", "values": ["Bruce Willis"]}, {"act": "NOTIFY_SUCCESS", "canonical_values": [], "slot": "", "values": []}], "service": "Media_3", "service_call": {"method": "PlayMovie", "parameters": {"subtitle_language": "French", "title": "Pulp Fiction"}}, "service_results": [{"genre": "Cult", "starring": "Bruce Willis", "subtitle_language": "French", "title": "Pulp Fiction"}], "slots": [{"exclusive_end": 12, "slot": "starring", "start": 0}]}], "speaker": "SYSTEM", "utterance": "Bruce Willis acted in the movie and I started it."}, {"frames": [{"actions": [{"act": "THANK_YOU", "canonical_values": [], "slot": "", "values": []}], "service": "Media_3", "slots": [], "state": {"active_intent": "PlayMovie", "requested_slots": [], "slot_values": {"genre": ["Crime story"], "subtitle_language": ["French"], "title": ["Pulp Fiction", "pulp Fiction", "pulp fiction"]}}}], "speaker": "USER", "utterance": "Thanks so much."}, {"frames": [{"actions": [{"act": "REQ_MORE", "canonical_values": [], "slot": "", "values": []}], "service": "Media_3", "slots": []}], "speaker": "SYSTEM", "utterance": "What else can I assist you with."}, {"frames": [{"actions": [{"act": "NEGATE", "canonical_values": [], "slot": "", "values": []}, {"act": "THANK_YOU", "canonical_values": [], "slot": "", "values": []}], "service": "Media_3", "slots": [], "state": {"active_intent": "NONE", "requested_slots": [], "slot_values": {"genre": ["Crime story"], "subtitle_language": ["French"], "title": ["Pulp Fiction", "pulp Fiction", "pulp fiction"]}}}], "speaker": "USER", "utterance": "No thank you."}, {"frames": [{"actions": [{"act": "GOODBYE", "canonical_values": [], "slot": "", "values": []}], "service": "Media_3", "slots": []}], "speaker": "SYSTEM", "utterance": "Have a nice day."}]}]