[{"dialogue_id": "33_00000", "services": ["Homes_2", "Messaging_1", "RideSharing_2"], "turns": [{"frames": [{"actions": [{"act": "INFORM_INTENT", "canonical_values": ["FindHomeByArea"], "slot": "intent", "values": ["FindHomeByArea"]}], "service": "Homes_2", "slots": [], "state": {"active_intent": "FindHomeByArea", "requested_slots": [], "slot_values": {}}}], "speaker": "USER", "utterance": "I'm looking for a place to live."}, {"frames": [{"actions": [{"act": "REQUEST", "canonical_values": [], "slot": "number_of_baths", "values": []}], "service": "Homes_2", "slots": []}], "speaker": "SYSTEM", "utterance": "How many baths do you want to have?"}, {"frames": [{"actions": [{"act": "INFORM", "canonical_values": ["2"], "slot": "number_of_beds", "values": ["2"]}, {"act": "INFORM", "canonical_values": ["1"], "slot": "number_of_baths", "values": ["1"]}], "service": "Homes_2", "slots": [], "state": {"active_intent": "FindHomeByArea", "requested_slots": [], "slot_values": {"number_of_baths": ["1"], "number_of_beds": ["2"]}}}], "speaker": "USER", "utterance": "I found 2 bedrooms 1 bath."}, {"frames": [{"actions": [{"act": "REQUEST", "canonical_values": [], "slot": "area", "values": []}], "service": "Homes_2", "slots": []}], "speaker": "SYSTEM", "utterance": "What area are you looking in?"}, {"frames": [{"actions": [{"act": "INFORM", "canonical_values": ["Palo Alto"], "slot": "area", "values": ["Palo Alto"]}], "service": "Homes_2", "slots": [{"exclusive_end": 38, "slot": "area", "start": 29}], "state": {"active_intent": "FindHomeByArea", "requested_slots": [], "slot_values": {"area": ["Palo Alto"], "number_of_baths": ["1"], "number_of_beds": ["2"]}}}], "speaker": "USER", "utterance": "I want to find a property in Palo Alto."}, {"frames": [{"actions": [{"act": "REQUEST", "canonical_values": ["rent", "buy"], "slot": "intent", "values": ["rent", "buy"]}], "service": "Homes_2", "slots": []}], "speaker": "SYSTEM", "utterance": "Are you looking to rent or buy?"}, {"frames": [{"actions": [{"act": "INFORM", "canonical_values": ["buy"], "slot": "intent", "values": ["buy"]}], "service": "Homes_2", "slots": [], "state": {"active_intent": "FindHomeByArea", "requested_slots": [], "slot_values": {"area": ["Palo Alto"], "intent": ["buy"], "number_of_baths": ["1"], "number_of_beds": ["2"]}}}], "speaker": "USER", "utterance": "I want to buy."}, {"frames": [{"actions": [{"act": "OFFER", "canonical_values": ["275 Hawthorne Apartments"], "slot": "property_name", "values": ["275 Hawthorne Apartments"]}, {"act": "OFFER", "canonical_values": ["275 Hawthorne Avenue"], "slot": "address", "values": ["275 Hawthorne Avenue"]}, {"act": "OFFER", "canonical_values": ["2750000"], "slot": "price", "values": ["$2,750,000"]}, {"act": "INFORM_COUNT", "canonical_values": ["6"], "slot": "count", "values": ["6"]}], "service": "Homes_2", "service_call": {"method": "FindHomeByArea", "parameters": {"area": "Palo Alto", "intent": "buy", "number_of_baths": "1", "number_of_beds": "2"}}, "service_results": [{"address": "275 Hawthorne Avenue", "area": "Palo Alto", "has_garage": "True", "in_unit_laundry": "False", "intent": "buy", "number_of_baths": "1", "number_of_beds": "2", "phone_number": "650-966-5319", "price": "2750000", "property_name": "275 Hawthorne Apartments"}, {"address": "574 Arastradero Road", "area": "Palo Alto", "has_garage": "True", "in_unit_laundry": "False", "intent": "buy", "number_of_baths": "1", "number_of_beds": "2", "phone_number": "650-493-4376", "price": "2350000", "property_name": "Arastradero Park Apartments"}, {"address": "325 Hawthorne Avenue", "area": "Palo Alto", "has_garage": "True", "in_unit_laundry": "True", "intent": "buy", "number_of_baths": "1", "number_of_beds": "2", "phone_number": "650-966-5319", "price": "2700000", "property_name": "Hawthorne"}, {"address": "1600 Sand Hill Road", "area": "Palo Alto", "has_garage": "True", "in_unit_laundry": "True", "intent": "buy", "number_of_baths": "1", "number_of_beds": "2", "phone_number": "650-321-1701", "price": "2300000", "property_name": "Oak Creek Apartments"}, {"address": "2850 Middlefield Road", "area": "Palo Alto", "has_garage": "False", "in_unit_laundry": "False", "intent": "buy", "number_of_baths": "1", "number_of_beds": "2", "phone_number": "650-322-1112", "price": "2200000", "property_name": "Southwood Apartments"}, {"address": "562 Kendall Avenue", "area": "Palo Alto", "has_garage": "True", "in_unit_laundry": "False", "intent": "buy", "number_of_baths": "1", "number_of_beds": "2", "phone_number": "650-321-1000", "price": "2750000", "property_name": "Vrent - Park West Apartments"}], "slots": [{"exclusive_end": 42, "slot": "property_name", "start": 18}, {"exclusive_end": 94, "slot": "address", "start": 74}, {"exclusive_end": 109, "slot": "price", "start": 99}]}], "speaker": "SYSTEM", "utterance": "I found 6 houses. 275 Hawthorne Apartments is a great property located at 275 Hawthorne Avenue for $2,750,000."}, {"frames": [{"actions": [{"act": "REQUEST", "canonical_values": [], "slot": "has_garage", "values": []}], "service": "Homes_2", "slots": [], "state": {"active_intent": "FindHomeByArea", "requested_slots": ["has_garage"], "slot_values": {"area": ["Palo Alto"], "intent": ["buy"], "number_of_baths": ["1"], "number_of_beds": ["2"]}}}], "speaker": "USER", "utterance": "Is there a garage?"}, {"frames": [{"actions": [{"act": "INFORM", "canonical_values": ["True"], "slot": "has_garage", "values": ["True"]}], "service": "Homes_2", "slots": []}], "speaker": "SYSTEM", "utterance": "Yes, there's a garage."}, {"frames": [{"actions": [{"act": "INFORM", "canonical_values": ["2019-03-05"], "slot": "visit_date", "values": ["5th of this month"]}, {"act": "INFORM_INTENT", "canonical_values": ["ScheduleVisit"], "slot": "intent", "values": ["ScheduleVisit"]}, {"act": "SELECT", "canonical_values": [], "slot": "", "values": []}], "service": "Homes_2", "slots": [{"exclusive_end": 64, "slot": "visit_date", "start": 47}], "state": {"active_intent": "ScheduleVisit", "requested_slots": [], "slot_values": {"area": ["Palo Alto"], "intent": ["buy"], "number_of_baths": ["1"], "number_of_beds": ["2"], "property_name": ["275 Hawthorne Apartments"], "visit_date": ["5th of this month"]}}}], "speaker": "USER", "utterance": "Sounds good. I want to schedule a visit on the 5th of this month."}, {"frames": [{"actions": [{"act": "CONFIRM", "canonical_values": ["275 Hawthorne Apartments"], "slot": "property_name", "values": ["275 Hawthorne Apartments"]}, {"act": "CONFIRM", "canonical_values": ["2019-03-05"], "slot": "visit_date", "values": ["March 5th"]}], "service": "Homes_2", "slots": [{"exclusive_end": 51, "slot": "property_name", "start": 27}, {"exclusive_end": 64, "slot": "visit_date", "start": 55}]}], "speaker": "SYSTEM", "utterance": "Please confirm: a visit to 275 Hawthorne Apartments on March 5th."}, {"frames": [{"actions": [{"act": "AFFIRM", "canonical_values": [], "slot": "", "values": []}], "service": "Homes_2", "slots": [], "state": {"active_intent": "ScheduleVisit", "requested_slots": [], "slot_values": {"area": ["Palo Alto"], "intent": ["buy"], "number_of_baths": ["1"], "number_of_beds": ["2"], "property_name": ["275 Hawthorne Apartments"], "visit_date": ["5th of this month", "March 5th"]}}}], "speaker": "USER", "utterance": "Yes, sounds good."}, {"frames": [{"actions": [{"act": "NOTIFY_SUCCESS", "canonical_values": [], "slot": "", "values": []}], "service": "Homes_2", "service_call": {"method": "ScheduleVisit", "parameters": {"property_name": "275 Hawthorne Apartments", "visit_date": "2019-03-05"}}, "service_results": [{"address": "275 Hawthorne Avenue", "has_garage": "True", "in_unit_laundry": "False", "number_of_baths": "1", "number_of_beds": "2", "phone_number": "650-966-5319", "price": "2800", "property_name": "275 Hawthorne Apartments", "visit_date": "2019-03-05"}], "slots": []}], "speaker": "SYSTEM", "utterance": "Your visit has been booked."}, {"frames": [{"actions": [{"act": "INFORM", "canonical_values": ["Emma"], "slot": "contact_name", "values": ["Emma"]}, {"act": "INFORM_INTENT", "canonical_values": ["ShareLocation"], "slot": "intent", "values": ["ShareLocation"]}], "service": "Messaging_1", "slots": [{"exclusive_end": 38, "slot": "contact_name", "start": 34}], "state": {"active_intent": "ShareLocation", "requested_slots": [], "slot_values": {"contact_name": ["Emma"], "location": ["275 Hawthorne Avenue"]}}}], "speaker": "USER", "utterance": "I want to share the location with Emma."}, {"frames": [{"actions": [{"act": "CONFIRM", "canonical_values": ["275 Hawthorne Avenue"], "slot": "location", "values": ["275 Hawthorne Avenue"]}, {"act": "CONFIRM", "canonical_values": ["Emma"], "slot": "contact_name", "values": ["Emma"]}], "service": "Messaging_1", "slots": [{"exclusive_end": 57, "slot": "location", "start": 37}, {"exclusive_end": 67, "slot": "contact_name", "start": 63}]}], "speaker": "SYSTEM", "utterance": "Please confirm: sharing the location 275 Hawthorne Avenue with Emma."}, {"frames": [{"actions": [{"act": "AFFIRM", "canonical_values": [], "slot": "", "values": []}], "service": "Messaging_1", "slots": [], "state": {"active_intent": "ShareLocation", "requested_slots": [], "slot_values": {"contact_name": ["Emma"], "location": ["275 Hawthorne Avenue"]}}}], "speaker": "USER", "utterance": "Sounds great."}, {"frames": [{"actions": [{"act": "NOTIFY_SUCCESS", "canonical_values": [], "slot": "", "values": []}], "service": "Messaging_1", "service_call": {"method": "ShareLocation", "parameters": {"contact_name": "Emma", "location": "275 Hawthorne Avenue"}}, "service_results": [{"contact_name": "Emma", "location": "275 Hawthorne Avenue"}], "slots": []}], "speaker": "SYSTEM", "utterance": "Your location has been shared."}, {"frames": [{"actions": [{"act": "THANK_YOU", "canonical_values": [], "slot": "", "values": []}], "service": "Messaging_1", "slots": [], "state": {"active_intent": "ShareLocation", "requested_slots": [], "slot_values": {"contact_name": ["Emma"], "location": ["275 Hawthorne Avenue"]}}}, {"actions": [{"act": "INFORM", "canonical_values": ["Regular"], "slot": "ride_type", "values": ["Regular"]}, {"act": "INFORM", "canonical_values": ["3"], "slot": "number_of_seats", "values": ["3"]}, {"act": "INFORM_INTENT", "canonical_values": ["GetRide"], "slot": "intent", "values": ["GetRide"]}], "service": "RideSharing_2", "slots": [], "state": {"active_intent": "GetRide", "requested_slots": [], "slot_values": {"destination": ["275 Hawthorne Avenue"], "number_of_seats": ["3"], "ride_type": ["Regular"]}}}], "speaker": "USER", "utterance": "Thanks. I want to find a normal cab there for three people."}, {"frames": [{"actions": [{"act": "CONFIRM", "canonical_values": ["275 Hawthorne Avenue"], "slot": "destination", "values": ["275 Hawthorne Avenue"]}, {"act": "CONFIRM", "canonical_values": ["3"], "slot": "number_of_seats", "values": ["3"]}, {"act": "CONFIRM", "canonical_values": ["Regular"], "slot": "ride_type", "values": ["Regular"]}], "service": "RideSharing_2", "slots": [{"exclusive_end": 60, "slot": "destination", "start": 40}]}], "speaker": "SYSTEM", "utterance": "Please confirm: a regular ride for 3 to 275 Hawthorne Avenue."}, {"frames": [{"actions": [{"act": "AFFIRM", "canonical_values": [], "slot": "", "values": []}], "service": "RideSharing_2", "slots": [], "state": {"active_intent": "GetRide", "requested_slots": [], "slot_values": {"destination": ["275 Hawthorne Avenue"], "number_of_seats": ["3"], "ride_type": ["Regular"]}}}], "speaker": "USER", "utterance": "Yes, sounds great."}, {"frames": [{"actions": [{"act": "NOTIFY_SUCCESS", "canonical_values": [], "slot": "", "values": []}], "service": "RideSharing_2", "service_call": {"method": "GetRide", "parameters": {"destination": "275 Hawthorne Avenue", "number_of_seats": "3", "ride_type": "Regular"}}, "service_results": [{"destination": "275 Hawthorne Avenue", "number_of_seats": "3", "ride_fare": "29.27", "ride_type": "Regular", "wait_time": "3"}], "slots": []}], "speaker": "SYSTEM", "utterance": "Your ride has been booked."}, {"frames": [{"actions": [{"act": "REQUEST", "canonical_values": [], "slot": "wait_time", "values": []}], "service": "RideSharing_2", "slots": [], "state": {"active_intent": "GetRide", "requested_slots": ["wait_time"], "slot_values": {"destination": ["275 Hawthorne Avenue"], "number_of_seats": ["3"], "ride_type": ["Regular"]}}}], "speaker": "USER", "utterance": "How long until the cab is here?"}, {"frames": [{"actions": [{"act": "INFORM", "canonical_values": ["3"], "slot": "wait_time", "values": ["3"]}], "service": "RideSharing_2", "slots": [{"exclusive_end": 26, "slot": "wait_time", "start": 25}]}], "speaker": "SYSTEM", "utterance": "The cab will be there in 3 minutes."}, {"frames": [{"actions": [{"act": "REQUEST", "canonical_values": [], "slot": "ride_fare", "values": []}], "service": "RideSharing_2", "slots": [], "state": {"active_intent": "GetRide", "requested_slots": ["ride_fare"], "slot_values": {"destination": ["275 Hawthorne Avenue"], "number_of_seats": ["3"], "ride_type": ["Regular"]}}}], "speaker": "USER", "utterance": "How much is it?"}, {"frames": [{"actions": [{"act": "INFORM", "canonical_values": ["29.27"], "slot": "ride_fare", "values": ["$29.27"]}], "service": "RideSharing_2", "slots": [{"exclusive_end": 17, "slot": "ride_fare", "start": 11}]}], "speaker": "SYSTEM", "utterance": "The cab is $29.27."}, {"frames": [{"actions": [{"act": "THANK_YOU", "canonical_values": [], "slot": "", "values": []}], "service": "RideSharing_2", "slots": [], "state": {"active_intent": "GetRide", "requested_slots": [], "slot_values": {"destination": ["275 Hawthorne Avenue"], "number_of_seats": ["3"], "ride_type": ["Regular"]}}}], "speaker": "USER", "utterance": "Thanks so much/"}, {"frames": [{"actions": [{"act": "REQ_MORE", "canonical_values": [], "slot": "", "values": []}], "service": "RideSharing_2", "slots": []}], "speaker": "SYSTEM", "utterance": "Anything else I can do for you?"}, {"frames": [{"actions": [{"act": "NEGATE", "canonical_values": [], "slot": "", "values": []}, {"act": "THANK_YOU", "canonical_values": [], "slot": "", "values": []}], "service": "RideSharing_2", "slots": [], "state": {"active_intent": "NONE", "requested_slots": [], "slot_values": {"destination": ["275 Hawthorne Avenue"], "number_of_seats": ["3"], "ride_type": ["Regular"]}}}], "speaker": "USER", "utterance": "No, that's all. Thanks."}, {"frames": [{"actions": [{"act": "GOODBYE", "canonical_values": [], "slot": "", "values": []}], "service": "RideSharing_2", "slots": []}], "speaker": "SYSTEM", "utterance": "Have a great day!"}]}, {"dialogue_id": "33_00001", "services": ["Homes_2", "Messaging_1", "RideSharing_2"], "turns": [{"frames": [{"actions": [{"act": "INFORM_INTENT", "canonical_values": ["FindHomeByArea"], "slot": "intent", "values": ["FindHomeByArea"]}], "service": "Homes_2", "slots": [], "state": {"active_intent": "FindHomeByArea", "requested_slots": [], "slot_values": {}}}], "speaker": "USER", "utterance": "i'm looking to move house so i'm after some options"}, {"frames": [{"actions": [{"act": "REQUEST", "canonical_values": [], "slot": "number_of_beds", "values": []}, {"act": "REQUEST", "canonical_values": ["rent", "buy"], "slot": "intent", "values": ["rent", "buy"]}], "service": "Homes_2", "slots": []}], "speaker": "SYSTEM", "utterance": "Are you looking to rent or buy? How many room will you need?"}, {"frames": [{"actions": [{"act": "INFORM", "canonical_values": ["3"], "slot": "number_of_beds", "values": ["3"]}, {"act": "INFORM", "canonical_values": ["buy"], "slot": "intent", "values": ["buy"]}], "service": "Homes_2", "slots": [], "state": {"active_intent": "FindHomeByArea", "requested_slots": [], "slot_values": {"intent": ["buy"], "number_of_beds": ["3"]}}}], "speaker": "USER", "utterance": "Umm three bedrooms would be good and i want to buy"}, {"frames": [{"actions": [{"act": "REQUEST", "canonical_values": [], "slot": "area", "values": []}], "service": "Homes_2", "slots": []}], "speaker": "SYSTEM", "utterance": "What are are you interested in?"}, {"frames": [{"actions": [{"act": "INFORM", "canonical_values": ["Sunnyvale"], "slot": "area", "values": ["sunnyvale"]}], "service": "Homes_2", "slots": [{"exclusive_end": 32, "slot": "area", "start": 23}], "state": {"active_intent": "FindHomeByArea", "requested_slots": [], "slot_values": {"area": ["sunnyvale"], "intent": ["buy"], "number_of_beds": ["3"]}}}], "speaker": "USER", "utterance": "can you look for me in sunnyvale"}, {"frames": [{"actions": [{"act": "REQUEST", "canonical_values": [], "slot": "number_of_baths", "values": []}], "service": "Homes_2", "slots": []}], "speaker": "SYSTEM", "utterance": "How many bathrooms do you need"}, {"frames": [{"actions": [{"act": "INFORM", "canonical_values": ["2"], "slot": "number_of_baths", "values": ["2"]}], "service": "Homes_2", "slots": [], "state": {"active_intent": "FindHomeByArea", "requested_slots": [], "slot_values": {"area": ["sunnyvale"], "intent": ["buy"], "number_of_baths": ["2"], "number_of_beds": ["3"]}}}], "speaker": "USER", "utterance": "can you find places with two bathrooms"}, {"frames": [{"actions": [{"act": "OFFER", "canonical_values": ["Apricot Pit Apartments"], "slot": "property_name", "values": ["Apricot pit apartments"]}, {"act": "OFFER", "canonical_values": ["400 East Remington Drive"], "slot": "address", "values": ["400 east remington drive"]}, {"act": "OFFER", "canonical_values": ["3650000"], "slot": "price", "values": ["$3,650,000"]}, {"act": "INFORM_COUNT", "canonical_values": ["10"], "slot": "count", "values": ["10"]}], "service": "Homes_2", "service_call": {"method": "FindHomeByArea", "parameters": {"area": "Sunnyvale", "intent": "buy", "number_of_baths": "2", "number_of_beds": "3"}}, "service_results": [{"address": "400 East Remington Drive", "area": "Sunnyvale", "has_garage": "False", "in_unit_laundry": "True", "intent": "buy", "number_of_baths": "2", "number_of_beds": "3", "phone_number": "408-738-4862", "price": "3650000", "property_name": "Apricot Pit Apartments"}, {"address": "151 South Bernardo Avenue", "area": "Sunnyvale", "has_garage": "False", "in_unit_laundry": "False", "intent": "buy", "number_of_baths": "2", "number_of_beds": "3", "phone_number": "650-961-3333", "price": "3350000", "property_name": "Balboa Apartments"}, {"address": "815 East Fremont Avenue", "area": "Sunnyvale", "has_garage": "True", "in_unit_laundry": "False", "intent": "buy", "number_of_baths": "2", "number_of_beds": "3", "phone_number": "408-736-5183", "price": "3550000", "property_name": "Cambria Apartments"}, {"address": "678 Bellflower Avenue", "area": "Sunnyvale", "has_garage": "False", "in_unit_laundry": "False", "intent": "buy", "number_of_baths": "2", "number_of_beds": "3", "phone_number": "408-735-9030", "price": "3650000", "property_name": "Charter Palm Town Homes"}, {"address": "955 Escalon Avenue", "area": "Sunnyvale", "has_garage": "True", "in_unit_laundry": "True", "intent": "buy", "number_of_baths": "2", "number_of_beds": "3", "phone_number": "408-737-2777", "price": "3350000", "property_name": "Macara Gardens Apartments"}, {"address": "777 South Mathilda Avenue", "area": "Sunnyvale", "has_garage": "True", "in_unit_laundry": "True", "intent": "buy", "number_of_baths": "2", "number_of_beds": "3", "phone_number": "408-774-1501", "price": "3200000", "property_name": "Mathilda Garden Apartments"}, {"address": "825 Morse Avenue", "area": "Sunnyvale", "has_garage": "False", "in_unit_laundry": "False", "intent": "buy", "number_of_baths": "2", "number_of_beds": "3", "phone_number": "408-734-9442", "price": "3200000", "property_name": "Morse Court Apartments"}, {"address": "330 North Mathilda Avenue", "area": "Sunnyvale", "has_garage": "True", "in_unit_laundry": "True", "intent": "buy", "number_of_baths": "2", "number_of_beds": "3", "phone_number": "844-503-6930", "price": "3500000", "property_name": "Peartree"}, {"address": "1166 Sunnyvale Saratoga Road", "area": "Sunnyvale", "has_garage": "True", "in_unit_laundry": "False", "intent": "buy", "number_of_baths": "2", "number_of_beds": "3", "phone_number": "408-736-7063", "price": "3400000", "property_name": "Sandlewood Apartments"}, {"address": "936 Azure Street # A1", "area": "Sunnyvale", "has_garage": "False", "in_unit_laundry": "True", "intent": "buy", "number_of_baths": "2", "number_of_beds": "3", "phone_number": "408-245-7710", "price": "3100000", "property_name": "Sara-Vale Apartments"}], "slots": [{"exclusive_end": 70, "slot": "property_name", "start": 48}, {"exclusive_end": 95, "slot": "address", "start": 71}, {"exclusive_end": 128, "slot": "price", "start": 118}]}], "speaker": "SYSTEM", "utterance": "I have 10 properties that might suit, including Apricot pit apartments 400 east remington drive. The listing price is $3,650,000"}, {"frames": [{"actions": [{"act": "REQUEST", "canonical_values": [], "slot": "has_garage", "values": []}], "service": "Homes_2", "slots": [], "state": {"active_intent": "FindHomeByArea", "requested_slots": ["has_garage"], "slot_values": {"area": ["sunnyvale"], "intent": ["buy"], "number_of_baths": ["2"], "number_of_beds": ["3"]}}}], "speaker": "USER", "utterance": "Does this place have a garage?"}, {"frames": [{"actions": [{"act": "INFORM", "canonical_values": ["False"], "slot": "has_garage", "values": ["False"]}], "service": "Homes_2", "slots": []}], "speaker": "SYSTEM", "utterance": "There's no garage at this property"}, {"frames": [{"actions": [{"act": "REQUEST", "canonical_values": [], "slot": "in_unit_laundry", "values": []}, {"act": "REQUEST", "canonical_values": [], "slot": "phone_number", "values": []}], "service": "Homes_2", "slots": [], "state": {"active_intent": "FindHomeByArea", "requested_slots": ["in_unit_laundry", "phone_number"], "slot_values": {"area": ["sunnyvale"], "intent": ["buy"], "number_of_baths": ["2"], "number_of_beds": ["3"]}}}], "speaker": "USER", "utterance": "Is there an internal laundry, also can you give me the phone number"}, {"frames": [{"actions": [{"act": "INFORM", "canonical_values": ["True"], "slot": "in_unit_laundry", "values": ["True"]}, {"act": "INFORM", "canonical_values": ["408-738-4862"], "slot": "phone_number", "values": ["408-738-4862"]}], "service": "Homes_2", "slots": [{"exclusive_end": 72, "slot": "phone_number", "start": 60}]}], "speaker": "SYSTEM", "utterance": "The property has an internal laundry. You can reach them on 408-738-4862"}, {"frames": [{"actions": [{"act": "INFORM", "canonical_values": ["2019-03-06"], "slot": "visit_date", "values": ["6th of march"]}, {"act": "INFORM_INTENT", "canonical_values": ["ScheduleVisit"], "slot": "intent", "values": ["ScheduleVisit"]}, {"act": "SELECT", "canonical_values": [], "slot": "", "values": []}], "service": "Homes_2", "slots": [{"exclusive_end": 66, "slot": "visit_date", "start": 54}], "state": {"active_intent": "ScheduleVisit", "requested_slots": [], "slot_values": {"area": ["sunnyvale"], "intent": ["buy"], "number_of_baths": ["2"], "number_of_beds": ["3"], "property_name": ["Apricot pit apartments"], "visit_date": ["6th of march"]}}}], "speaker": "USER", "utterance": "Okay sounds great. Can you schedule me a visit on the 6th of march?"}, {"frames": [{"actions": [{"act": "CONFIRM", "canonical_values": ["Apricot Pit Apartments"], "slot": "property_name", "values": ["apricot pit apartments"]}, {"act": "CONFIRM", "canonical_values": ["2019-03-06"], "slot": "visit_date", "values": ["march 6th"]}], "service": "Homes_2", "slots": [{"exclusive_end": 61, "slot": "property_name", "start": 39}, {"exclusive_end": 74, "slot": "visit_date", "start": 65}]}], "speaker": "SYSTEM", "utterance": "confirming you want to book a visit to apricot pit apartments on march 6th"}, {"frames": [{"actions": [{"act": "AFFIRM", "canonical_values": [], "slot": "", "values": []}], "service": "Homes_2", "slots": [], "state": {"active_intent": "ScheduleVisit", "requested_slots": [], "slot_values": {"area": ["sunnyvale"], "intent": ["buy"], "number_of_baths": ["2"], "number_of_beds": ["3"], "property_name": ["Apricot pit apartments", "apricot pit apartments"], "visit_date": ["6th of march", "march 6th"]}}}], "speaker": "USER", "utterance": "Yes thank you"}, {"frames": [{"actions": [{"act": "NOTIFY_SUCCESS", "canonical_values": [], "slot": "", "values": []}], "service": "Homes_2", "service_call": {"method": "ScheduleVisit", "parameters": {"property_name": "Apricot Pit Apartments", "visit_date": "2019-03-06"}}, "service_results": [{"address": "400 East Remington Drive", "has_garage": "False", "in_unit_laundry": "True", "number_of_baths": "2", "number_of_beds": "3", "phone_number": "408-738-4862", "price": "3650000", "property_name": "Apricot Pit Apartments", "visit_date": "2019-03-06"}], "slots": []}], "speaker": "SYSTEM", "utterance": "Your visit has been scheduled"}, {"frames": [{"actions": [{"act": "INFORM", "canonical_values": ["Sophia"], "slot": "contact_name", "values": ["sophia"]}, {"act": "INFORM_INTENT", "canonical_values": ["ShareLocation"], "slot": "intent", "values": ["ShareLocation"]}], "service": "Messaging_1", "slots": [{"exclusive_end": 43, "slot": "contact_name", "start": 37}], "state": {"active_intent": "ShareLocation", "requested_slots": [], "slot_values": {"contact_name": ["sophia"], "location": ["400 east remington drive"]}}}], "speaker": "USER", "utterance": "I'll need the location to share with sophia"}, {"frames": [{"actions": [{"act": "CONFIRM", "canonical_values": ["400 East Remington Drive"], "slot": "location", "values": ["400 east remington drive"]}, {"act": "CONFIRM", "canonical_values": ["Sophia"], "slot": "contact_name", "values": ["sophia"]}], "service": "Messaging_1", "slots": [{"exclusive_end": 53, "slot": "location", "start": 29}, {"exclusive_end": 65, "slot": "contact_name", "start": 59}]}], "speaker": "SYSTEM", "utterance": "Confirming you want to shate 400 east remington drive with sophia"}, {"frames": [{"actions": [{"act": "AFFIRM", "canonical_values": [], "slot": "", "values": []}], "service": "Messaging_1", "slots": [], "state": {"active_intent": "ShareLocation", "requested_slots": [], "slot_values": {"contact_name": ["sophia"], "location": ["400 east remington drive"]}}}], "speaker": "USER", "utterance": "yes thank you"}, {"frames": [{"actions": [{"act": "NOTIFY_SUCCESS", "canonical_values": [], "slot": "", "values": []}], "service": "Messaging_1", "service_call": {"method": "ShareLocation", "parameters": {"contact_name": "Sophia", "location": "400 East Remington Drive"}}, "service_results": [{"contact_name": "Sophia", "location": "400 East Remington Drive"}], "slots": []}], "speaker": "SYSTEM", "utterance": "You've shared the location"}, {"frames": [{"actions": [{"act": "INFORM_INTENT", "canonical_values": ["GetRide"], "slot": "intent", "values": ["GetRide"]}], "service": "RideSharing_2", "slots": [], "state": {"active_intent": "GetRide", "requested_slots": [], "slot_values": {"destination": ["400 east remington drive"]}}}], "speaker": "USER", "utterance": "I need you to book me a cab there"}, {"frames": [{"actions": [{"act": "REQUEST", "canonical_values": [], "slot": "number_of_seats", "values": []}], "service": "RideSharing_2", "slots": []}], "speaker": "SYSTEM", "utterance": "for how many people"}, {"frames": [{"actions": [{"act": "INFORM", "canonical_values": ["2"], "slot": "number_of_seats", "values": ["2"]}], "service": "RideSharing_2", "slots": [], "state": {"active_intent": "GetRide", "requested_slots": [], "slot_values": {"destination": ["400 east remington drive"], "number_of_seats": ["2"]}}}], "speaker": "USER", "utterance": "two people please"}, {"frames": [{"actions": [{"act": "REQUEST", "canonical_values": ["Pool", "Regular"], "slot": "ride_type", "values": ["Pool", "Regular"]}], "service": "RideSharing_2", "slots": []}], "speaker": "SYSTEM", "utterance": "Do you want a pool, regular or other sort of ride?"}, {"frames": [{"actions": [{"act": "INFORM", "canonical_values": ["Regular"], "slot": "ride_type", "values": ["Regular"]}, {"act": "INFORM", "canonical_values": ["1"], "slot": "number_of_seats", "values": ["1"]}], "service": "RideSharing_2", "slots": [], "state": {"active_intent": "GetRide", "requested_slots": [], "slot_values": {"destination": ["400 east remington drive"], "number_of_seats": ["1"], "ride_type": ["Regular"]}}}], "speaker": "USER", "utterance": "Just a normal ride thanks and just for one now"}, {"frames": [{"actions": [{"act": "CONFIRM", "canonical_values": ["400 East Remington Drive"], "slot": "destination", "values": ["400 east Remington drive"]}, {"act": "CONFIRM", "canonical_values": ["1"], "slot": "number_of_seats", "values": ["1"]}, {"act": "CONFIRM", "canonical_values": ["Regular"], "slot": "ride_type", "values": ["Regular"]}], "service": "RideSharing_2", "slots": [{"exclusive_end": 75, "slot": "destination", "start": 51}]}], "speaker": "SYSTEM", "utterance": "Confirming you want to book a regular cab for 1 to 400 east Remington drive"}, {"frames": [{"actions": [{"act": "REQUEST", "canonical_values": [], "slot": "ride_fare", "values": []}, {"act": "AFFIRM", "canonical_values": [], "slot": "", "values": []}], "service": "RideSharing_2", "slots": [], "state": {"active_intent": "GetRide", "requested_slots": ["ride_fare"], "slot_values": {"destination": ["400 east Remington drive", "400 east remington drive"], "number_of_seats": ["1"], "ride_type": ["Regular"]}}}], "speaker": "USER", "utterance": "Thanks, how much is it going to be?"}, {"frames": [{"actions": [{"act": "INFORM", "canonical_values": ["12.33"], "slot": "ride_fare", "values": ["$12.33"]}, {"act": "NOTIFY_SUCCESS", "canonical_values": [], "slot": "", "values": []}], "service": "RideSharing_2", "service_call": {"method": "GetRide", "parameters": {"destination": "400 East Remington Drive", "number_of_seats": "1", "ride_type": "Regular"}}, "service_results": [{"destination": "400 East Remington Drive", "number_of_seats": "1", "ride_fare": "12.33", "ride_type": "Regular", "wait_time": "6"}], "slots": [{"exclusive_end": 52, "slot": "ride_fare", "start": 46}]}], "speaker": "SYSTEM", "utterance": "Your ride is booked and on route. The cost is $12.33"}, {"frames": [{"actions": [{"act": "REQUEST", "canonical_values": [], "slot": "wait_time", "values": []}], "service": "RideSharing_2", "slots": [], "state": {"active_intent": "GetRide", "requested_slots": ["wait_time"], "slot_values": {"destination": ["400 east Remington drive", "400 east remington drive"], "number_of_seats": ["1"], "ride_type": ["Regular"]}}}], "speaker": "USER", "utterance": "How long do i have before the cab gets here"}, {"frames": [{"actions": [{"act": "INFORM", "canonical_values": ["6"], "slot": "wait_time", "values": ["6"]}], "service": "RideSharing_2", "slots": [{"exclusive_end": 29, "slot": "wait_time", "start": 28}]}], "speaker": "SYSTEM", "utterance": "Expected arrival time is in 6 minutes"}, {"frames": [{"actions": [{"act": "THANK_YOU", "canonical_values": [], "slot": "", "values": []}], "service": "RideSharing_2", "slots": [], "state": {"active_intent": "GetRide", "requested_slots": [], "slot_values": {"destination": ["400 east Remington drive", "400 east remington drive"], "number_of_seats": ["1"], "ride_type": ["Regular"]}}}], "speaker": "USER", "utterance": "thank for that"}, {"frames": [{"actions": [{"act": "REQ_MORE", "canonical_values": [], "slot": "", "values": []}], "service": "RideSharing_2", "slots": []}], "speaker": "SYSTEM", "utterance": "Do you need anything else right now?"}, {"frames": [{"actions": [{"act": "NEGATE", "canonical_values": [], "slot": "", "values": []}, {"act": "THANK_YOU", "canonical_values": [], "slot": "", "values": []}], "service": "RideSharing_2", "slots": [], "state": {"active_intent": "NONE", "requested_slots": [], "slot_values": {"destination": ["400 east Remington drive", "400 east remington drive"], "number_of_seats": ["1"], "ride_type": ["Regular"]}}}], "speaker": "USER", "utterance": "No that's all"}, {"frames": [{"actions": [{"act": "GOODBYE", "canonical_values": [], "slot": "", "values": []}], "service": "RideSharing_2", "slots": []}], "speaker": "SYSTEM", "utterance": "Have a safe journey"}]}, {"dialogue_id": "33_00002", "services": ["Homes_2", "Messaging_1", "RideSharing_2"], "turns": [{"frames": [{"actions": [{"act": "INFORM", "canonical_values": ["Pittsburg"], "slot": "area", "values": ["Pittsburg"]}, {"act": "INFORM", "canonical_values": ["2"], "slot": "number_of_beds", "values": ["2"]}, {"act": "INFORM_INTENT", "canonical_values": ["FindHomeByArea"], "slot": "intent", "values": ["FindHomeByArea"]}], "service": "Homes_2", "slots": [{"exclusive_end": 46, "slot": "area", "start": 37}], "state": {"active_intent": "FindHomeByArea", "requested_slots": [], "slot_values": {"area": ["Pittsburg"], "number_of_beds": ["2"]}}}], "speaker": "USER", "utterance": "Could you find me a place to live in Pittsburg with two bedrooms?"}, {"frames": [{"actions": [{"act": "REQUEST", "canonical_values": [], "slot": "number_of_baths", "values": []}], "service": "Homes_2", "slots": []}], "speaker": "SYSTEM", "utterance": "How many baths do you need?"}, {"frames": [{"actions": [{"act": "INFORM", "canonical_values": ["1"], "slot": "number_of_baths", "values": ["1"]}], "service": "Homes_2", "slots": [], "state": {"active_intent": "FindHomeByArea", "requested_slots": [], "slot_values": {"area": ["Pittsburg"], "number_of_baths": ["1"], "number_of_beds": ["2"]}}}], "speaker": "USER", "utterance": "I need one bath."}, {"frames": [{"actions": [{"act": "REQUEST", "canonical_values": ["rent", "buy"], "slot": "intent", "values": ["rent", "buy"]}], "service": "Homes_2", "slots": []}], "speaker": "SYSTEM", "utterance": "Would you like to buy or rent a place?"}, {"frames": [{"actions": [{"act": "INFORM", "canonical_values": ["buy"], "slot": "intent", "values": ["buy"]}], "service": "Homes_2", "slots": [], "state": {"active_intent": "FindHomeByArea", "requested_slots": [], "slot_values": {"area": ["Pittsburg"], "intent": ["buy"], "number_of_baths": ["1"], "number_of_beds": ["2"]}}}], "speaker": "USER", "utterance": "Find me a place to buy."}, {"frames": [{"actions": [{"act": "OFFER", "canonical_values": ["Belmont Apartment Homes"], "slot": "property_name", "values": ["Belmont Apartment Homes"]}, {"act": "OFFER", "canonical_values": ["1010 Power Avenue"], "slot": "address", "values": ["1010 Power Avenue"]}, {"act": "OFFER", "canonical_values": ["2650000"], "slot": "price", "values": ["$2,650,000"]}], "service": "Homes_2", "service_call": {"method": "FindHomeByArea", "parameters": {"area": "Pittsburg", "intent": "buy", "number_of_baths": "1", "number_of_beds": "2"}}, "service_results": [{"address": "1010 Power Avenue", "area": "Pittsburg", "has_garage": "False", "in_unit_laundry": "True", "intent": "buy", "number_of_baths": "1", "number_of_beds": "2", "phone_number": "925-439-5655", "price": "2650000", "property_name": "Belmont Apartment Homes"}, {"address": "3225 Harbor Street", "area": "Pittsburg", "has_garage": "False", "in_unit_laundry": "False", "intent": "buy", "number_of_baths": "1", "number_of_beds": "2", "phone_number": "925-432-0333", "price": "2350000", "property_name": "Fox Creek Apartments"}, {"address": "2201 Oak Hills Circle", "area": "Pittsburg", "has_garage": "False", "in_unit_laundry": "True", "intent": "buy", "number_of_baths": "1", "number_of_beds": "2", "phone_number": "800-992-6908", "price": "2650000", "property_name": "Oak Hills Apartments"}, {"address": "256 Peppertree Way", "area": "Pittsburg", "has_garage": "True", "in_unit_laundry": "True", "intent": "buy", "number_of_baths": "1", "number_of_beds": "2", "phone_number": "925-432-1202", "price": "2350000", "property_name": "Peppertree Apartments"}], "slots": [{"exclusive_end": 23, "slot": "property_name", "start": 0}, {"exclusive_end": 63, "slot": "address", "start": 46}, {"exclusive_end": 85, "slot": "price", "start": 75}]}], "speaker": "SYSTEM", "utterance": "Belmont Apartment Homes is a nice property at 1010 Power Avenue that costs $2,650,000."}, {"frames": [{"actions": [{"act": "SELECT", "canonical_values": [], "slot": "", "values": []}], "service": "Homes_2", "slots": [], "state": {"active_intent": "FindHomeByArea", "requested_slots": [], "slot_values": {"area": ["Pittsburg"], "intent": ["buy"], "number_of_baths": ["1"], "number_of_beds": ["2"], "property_name": ["Belmont Apartment Homes"]}}}], "speaker": "USER", "utterance": "That sounds good."}, {"frames": [{"actions": [{"act": "OFFER_INTENT", "canonical_values": ["ScheduleVisit"], "slot": "intent", "values": ["ScheduleVisit"]}], "service": "Homes_2", "slots": []}], "speaker": "SYSTEM", "utterance": "Would you like to schedule a visit?"}, {"frames": [{"actions": [{"act": "AFFIRM_INTENT", "canonical_values": [], "slot": "", "values": []}, {"act": "INFORM", "canonical_values": ["2019-03-11"], "slot": "visit_date", "values": ["the 11th"]}], "service": "Homes_2", "slots": [{"exclusive_end": 34, "slot": "visit_date", "start": 26}], "state": {"active_intent": "ScheduleVisit", "requested_slots": [], "slot_values": {"area": ["Pittsburg"], "intent": ["buy"], "number_of_baths": ["1"], "number_of_beds": ["2"], "property_name": ["Belmont Apartment Homes"], "visit_date": ["the 11th"]}}}], "speaker": "USER", "utterance": "Yes, schedule a visit for the 11th."}, {"frames": [{"actions": [{"act": "CONFIRM", "canonical_values": ["Belmont Apartment Homes"], "slot": "property_name", "values": ["Belmont Apartment Homes"]}, {"act": "CONFIRM", "canonical_values": ["2019-03-11"], "slot": "visit_date", "values": ["March 11th"]}], "service": "Homes_2", "slots": [{"exclusive_end": 79, "slot": "property_name", "start": 56}, {"exclusive_end": 117, "slot": "visit_date", "start": 107}]}], "speaker": "SYSTEM", "utterance": "Could you confirm that you want to schedule a visit for Belmont Apartment Homes and would like to visit on March 11th?"}, {"frames": [{"actions": [{"act": "REQUEST", "canonical_values": [], "slot": "has_garage", "values": []}, {"act": "AFFIRM", "canonical_values": [], "slot": "", "values": []}], "service": "Homes_2", "slots": [], "state": {"active_intent": "ScheduleVisit", "requested_slots": ["has_garage"], "slot_values": {"area": ["Pittsburg"], "intent": ["buy"], "number_of_baths": ["1"], "number_of_beds": ["2"], "property_name": ["Belmont Apartment Homes"], "visit_date": ["March 11th", "the 11th"]}}}], "speaker": "USER", "utterance": "Yes, that's right. Is there a garage?"}, {"frames": [{"actions": [{"act": "INFORM", "canonical_values": ["False"], "slot": "has_garage", "values": ["False"]}, {"act": "NOTIFY_SUCCESS", "canonical_values": [], "slot": "", "values": []}], "service": "Homes_2", "service_call": {"method": "ScheduleVisit", "parameters": {"property_name": "Belmont Apartment Homes", "visit_date": "2019-03-11"}}, "service_results": [{"address": "1010 Power Avenue", "has_garage": "False", "in_unit_laundry": "True", "number_of_baths": "1", "number_of_beds": "2", "phone_number": "925-439-5655", "price": "2650", "property_name": "Belmont Apartment Homes", "visit_date": "2019-03-11"}], "slots": []}], "speaker": "SYSTEM", "utterance": "There is no garage. I have scheduled your visit to the property."}, {"frames": [{"actions": [{"act": "REQUEST", "canonical_values": [], "slot": "phone_number", "values": []}], "service": "Homes_2", "slots": [], "state": {"active_intent": "ScheduleVisit", "requested_slots": ["phone_number"], "slot_values": {"area": ["Pittsburg"], "intent": ["buy"], "number_of_baths": ["1"], "number_of_beds": ["2"], "property_name": ["Belmont Apartment Homes"], "visit_date": ["March 11th", "the 11th"]}}}], "speaker": "USER", "utterance": "What is the phone number for the property?"}, {"frames": [{"actions": [{"act": "INFORM", "canonical_values": ["925-439-5655"], "slot": "phone_number", "values": ["925-439-5655"]}], "service": "Homes_2", "slots": [{"exclusive_end": 32, "slot": "phone_number", "start": 20}]}], "speaker": "SYSTEM", "utterance": "The phone number is 925-439-5655."}, {"frames": [{"actions": [{"act": "THANK_YOU", "canonical_values": [], "slot": "", "values": []}], "service": "Homes_2", "slots": [], "state": {"active_intent": "ScheduleVisit", "requested_slots": [], "slot_values": {"area": ["Pittsburg"], "intent": ["buy"], "number_of_baths": ["1"], "number_of_beds": ["2"], "property_name": ["Belmont Apartment Homes"], "visit_date": ["March 11th", "the 11th"]}}}, {"actions": [{"act": "INFORM", "canonical_values": ["Natalie"], "slot": "contact_name", "values": ["Natalie"]}, {"act": "INFORM_INTENT", "canonical_values": ["ShareLocation"], "slot": "intent", "values": ["ShareLocation"]}], "service": "Messaging_1", "slots": [{"exclusive_end": 70, "slot": "contact_name", "start": 63}], "state": {"active_intent": "ShareLocation", "requested_slots": [], "slot_values": {"contact_name": ["Natalie"], "location": ["1010 Power Avenue"]}}}], "speaker": "USER", "utterance": "Thank you. Could you tell me where it's located? Share it with Natalie."}, {"frames": [{"actions": [{"act": "CONFIRM", "canonical_values": ["1010 Power Avenue"], "slot": "location", "values": ["1010 Power Avenue"]}, {"act": "CONFIRM", "canonical_values": ["Natalie"], "slot": "contact_name", "values": ["Natalie"]}], "service": "Messaging_1", "slots": [{"exclusive_end": 32, "slot": "location", "start": 15}, {"exclusive_end": 77, "slot": "contact_name", "start": 70}]}], "speaker": "SYSTEM", "utterance": "The address is 1010 Power Avenue and you're sharing the location with Natalie."}, {"frames": [{"actions": [{"act": "AFFIRM", "canonical_values": [], "slot": "", "values": []}], "service": "Messaging_1", "slots": [], "state": {"active_intent": "ShareLocation", "requested_slots": [], "slot_values": {"contact_name": ["Natalie"], "location": ["1010 Power Avenue"]}}}], "speaker": "USER", "utterance": "That's right."}, {"frames": [{"actions": [{"act": "NOTIFY_SUCCESS", "canonical_values": [], "slot": "", "values": []}], "service": "Messaging_1", "service_call": {"method": "ShareLocation", "parameters": {"contact_name": "Natalie", "location": "1010 Power Avenue"}}, "service_results": [{"contact_name": "Natalie", "location": "1010 Power Avenue"}], "slots": []}], "speaker": "SYSTEM", "utterance": "You have shared the location successfully."}, {"frames": [{"actions": [{"act": "INFORM_INTENT", "canonical_values": ["GetRide"], "slot": "intent", "values": ["GetRide"]}], "service": "RideSharing_2", "slots": [], "state": {"active_intent": "GetRide", "requested_slots": [], "slot_values": {"destination": ["1010 Power Avenue"]}}}], "speaker": "USER", "utterance": "Would you get me a cab to go there?"}, {"frames": [{"actions": [{"act": "REQUEST", "canonical_values": ["Pool", "Regular"], "slot": "ride_type", "values": ["Pool", "Regular"]}, {"act": "REQUEST", "canonical_values": [], "slot": "number_of_seats", "values": []}], "service": "RideSharing_2", "slots": []}], "speaker": "SYSTEM", "utterance": "What sort of ride would you like? You can get pool, regular, or something else. How many seats do you want?"}, {"frames": [{"actions": [{"act": "INFORM", "canonical_values": ["Regular"], "slot": "ride_type", "values": ["Regular"]}, {"act": "INFORM", "canonical_values": ["1"], "slot": "number_of_seats", "values": ["1"]}], "service": "RideSharing_2", "slots": [], "state": {"active_intent": "GetRide", "requested_slots": [], "slot_values": {"destination": ["1010 Power Avenue"], "number_of_seats": ["1"], "ride_type": ["Regular"]}}}], "speaker": "USER", "utterance": "I would like a normal ride in a group of one."}, {"frames": [{"actions": [{"act": "CONFIRM", "canonical_values": ["1010 Power Avenue"], "slot": "destination", "values": ["1010 Power Avenue"]}, {"act": "CONFIRM", "canonical_values": ["1"], "slot": "number_of_seats", "values": ["1"]}, {"act": "CONFIRM", "canonical_values": ["Regular"], "slot": "ride_type", "values": ["Regular"]}], "service": "RideSharing_2", "slots": [{"exclusive_end": 62, "slot": "destination", "start": 45}]}], "speaker": "SYSTEM", "utterance": "Please confirm that you would like a ride to 1010 Power Avenue and that you need 1 seat in a regular ride."}, {"frames": [{"actions": [{"act": "AFFIRM", "canonical_values": [], "slot": "", "values": []}], "service": "RideSharing_2", "slots": [], "state": {"active_intent": "GetRide", "requested_slots": [], "slot_values": {"destination": ["1010 Power Avenue"], "number_of_seats": ["1"], "ride_type": ["Regular"]}}}], "speaker": "USER", "utterance": "Works for me."}, {"frames": [{"actions": [{"act": "NOTIFY_SUCCESS", "canonical_values": [], "slot": "", "values": []}], "service": "RideSharing_2", "service_call": {"method": "GetRide", "parameters": {"destination": "1010 Power Avenue", "number_of_seats": "1", "ride_type": "Regular"}}, "service_results": [{"destination": "1010 Power Avenue", "number_of_seats": "1", "ride_fare": "16.12", "ride_type": "Regular", "wait_time": "3"}], "slots": []}], "speaker": "SYSTEM", "utterance": "I have booked your ride and the cab is on its way."}, {"frames": [{"actions": [{"act": "THANK_YOU", "canonical_values": [], "slot": "", "values": []}, {"act": "GOODBYE", "canonical_values": [], "slot": "", "values": []}], "service": "RideSharing_2", "slots": [], "state": {"active_intent": "GetRide", "requested_slots": [], "slot_values": {"destination": ["1010 Power Avenue"], "number_of_seats": ["1"], "ride_type": ["Regular"]}}}], "speaker": "USER", "utterance": "Thanks for helping. That's all I wanted."}, {"frames": [{"actions": [{"act": "GOODBYE", "canonical_values": [], "slot": "", "values": []}], "service": "RideSharing_2", "slots": []}], "speaker": "SYSTEM", "utterance": "Have a good day."}]}, {"dialogue_id": "33_00003", "services": ["Homes_2", "Messaging_1", "RideSharing_2"], "turns": [{"frames": [{"actions": [{"act": "INFORM_INTENT", "canonical_values": ["FindHomeByArea"], "slot": "intent", "values": ["FindHomeByArea"]}], "service": "Homes_2", "slots": [], "state": {"active_intent": "FindHomeByArea", "requested_slots": [], "slot_values": {}}}], "speaker": "USER", "utterance": "Can you help me search for a place to live?"}, {"frames": [{"actions": [{"act": "REQUEST", "canonical_values": [], "slot": "intent", "values": []}, {"act": "REQUEST", "canonical_values": [], "slot": "area", "values": []}], "service": "Homes_2", "slots": []}], "speaker": "SYSTEM", "utterance": "Are you looking to rent or buy? What area would you like to search in?"}, {"frames": [{"actions": [{"act": "INFORM", "canonical_values": ["Antioch"], "slot": "area", "values": ["Antioch"]}, {"act": "INFORM", "canonical_values": ["buy"], "slot": "intent", "values": ["buy"]}], "service": "Homes_2", "slots": [{"exclusive_end": 43, "slot": "area", "start": 36}], "state": {"active_intent": "FindHomeByArea", "requested_slots": [], "slot_values": {"area": ["Antioch"], "intent": ["buy"]}}}], "speaker": "USER", "utterance": "I am looking for property to buy in Antioch."}, {"frames": [{"actions": [{"act": "REQUEST", "canonical_values": [], "slot": "number_of_baths", "values": []}, {"act": "REQUEST", "canonical_values": [], "slot": "number_of_beds", "values": []}], "service": "Homes_2", "slots": []}], "speaker": "SYSTEM", "utterance": "How many bedrooms and bathrooms would you like the property to have?"}, {"frames": [{"actions": [{"act": "INFORM", "canonical_values": ["1"], "slot": "number_of_beds", "values": ["1"]}, {"act": "INFORM", "canonical_values": ["1"], "slot": "number_of_baths", "values": ["1"]}], "service": "Homes_2", "slots": [], "state": {"active_intent": "FindHomeByArea", "requested_slots": [], "slot_values": {"area": ["Antioch"], "intent": ["buy"], "number_of_baths": ["1"], "number_of_beds": ["1"]}}}], "speaker": "USER", "utterance": "It only needs to have 1 bedroom and 1 bathroom."}, {"frames": [{"actions": [{"act": "OFFER", "canonical_values": ["Antioch Rivertown Senior Housing"], "slot": "property_name", "values": ["Antioch Rivertown Senior Housing"]}, {"act": "OFFER", "canonical_values": ["1400 A Street"], "slot": "address", "values": ["1400 A Street"]}, {"act": "OFFER", "canonical_values": ["1900000"], "slot": "price", "values": ["$1,900,000"]}], "service": "Homes_2", "service_call": {"method": "FindHomeByArea", "parameters": {"area": "Antioch", "intent": "buy", "number_of_baths": "1", "number_of_beds": "1"}}, "service_results": [{"address": "1400 A Street", "area": "Antioch", "has_garage": "False", "in_unit_laundry": "False", "intent": "buy", "number_of_baths": "1", "number_of_beds": "1", "phone_number": "925-706-0874", "price": "1900000", "property_name": "Antioch Rivertown Senior Housing"}, {"address": "1000 Claudia Court", "area": "Antioch", "has_garage": "False", "in_unit_laundry": "True", "intent": "buy", "number_of_baths": "1", "number_of_beds": "1", "phone_number": "925-754-7671", "price": "1600000", "property_name": "Casa Blanca Apartments"}, {"address": "1600 Aster Drive", "area": "Antioch", "has_garage": "False", "in_unit_laundry": "True", "intent": "buy", "number_of_baths": "1", "number_of_beds": "1", "phone_number": "925-705-4248", "price": "1950000", "property_name": "Crestview Pines"}, {"address": "2301 Sycamore Drive", "area": "Antioch", "has_garage": "True", "in_unit_laundry": "False", "intent": "buy", "number_of_baths": "1", "number_of_beds": "1", "phone_number": "925-776-5379", "price": "1900000", "property_name": "Delta Pines Apartments"}, {"address": "3001 Kodiak Street", "area": "Antioch", "has_garage": "True", "in_unit_laundry": "False", "intent": "buy", "number_of_baths": "1", "number_of_beds": "1", "phone_number": "925-754-3733", "price": "1850000", "property_name": "Hillcrest View Apartments"}, {"address": "600 Wilbur Avenue", "area": "Antioch", "has_garage": "True", "in_unit_laundry": "True", "intent": "buy", "number_of_baths": "1", "number_of_beds": "1", "phone_number": "925-779-0601", "price": "1650000", "property_name": "Lakeshore Apartments"}, {"address": "2201 Mahogany Way", "area": "Antioch", "has_garage": "True", "in_unit_laundry": "True", "intent": "buy", "number_of_baths": "1", "number_of_beds": "1", "phone_number": "925-754-9077", "price": "1850000", "property_name": "Oakwood Village Apartments"}, {"address": "2800 Gentrytown Drive", "area": "Antioch", "has_garage": "True", "in_unit_laundry": "False", "intent": "buy", "number_of_baths": "1", "number_of_beds": "1", "phone_number": "925-754-1910", "price": "2000000", "property_name": "Parkview Village Apartments"}, {"address": "3101 Buchanan Road", "area": "Antioch", "has_garage": "False", "in_unit_laundry": "True", "intent": "buy", "number_of_baths": "1", "number_of_beds": "1", "phone_number": "925-754-5455", "price": "2000000", "property_name": "Summerwood Apartments"}], "slots": [{"exclusive_end": 32, "slot": "property_name", "start": 0}, {"exclusive_end": 49, "slot": "address", "start": 36}, {"exclusive_end": 88, "slot": "price", "start": 78}]}], "speaker": "SYSTEM", "utterance": "Antioch Rivertown Senior Housing at 1400 A Street has a property for sale for $1,900,000."}, {"frames": [{"actions": [{"act": "INFORM", "canonical_values": ["2019-03-09"], "slot": "visit_date", "values": ["9th of this month"]}, {"act": "INFORM_INTENT", "canonical_values": ["ScheduleVisit"], "slot": "intent", "values": ["ScheduleVisit"]}, {"act": "SELECT", "canonical_values": [], "slot": "", "values": []}], "service": "Homes_2", "slots": [{"exclusive_end": 113, "slot": "visit_date", "start": 96}], "state": {"active_intent": "ScheduleVisit", "requested_slots": [], "slot_values": {"area": ["Antioch"], "intent": ["buy"], "number_of_baths": ["1"], "number_of_beds": ["1"], "property_name": ["Antioch Rivertown Senior Housing"], "visit_date": ["9th of this month"]}}}], "speaker": "USER", "utterance": "Let's start with that one. I would like to schedule an appointment to visit the property on the 9th of this month."}, {"frames": [{"actions": [{"act": "CONFIRM", "canonical_values": ["Antioch Rivertown Senior Housing"], "slot": "property_name", "values": ["Antioch Rivertown Senior Housing"]}, {"act": "CONFIRM", "canonical_values": ["2019-03-09"], "slot": "visit_date", "values": ["March 9th"]}], "service": "Homes_2", "slots": [{"exclusive_end": 79, "slot": "property_name", "start": 47}, {"exclusive_end": 92, "slot": "visit_date", "start": 83}]}], "speaker": "SYSTEM", "utterance": "You would like to make an appointment to visit Antioch Rivertown Senior Housing on March 9th, is this correct?"}, {"frames": [{"actions": [{"act": "AFFIRM", "canonical_values": [], "slot": "", "values": []}], "service": "Homes_2", "slots": [], "state": {"active_intent": "ScheduleVisit", "requested_slots": [], "slot_values": {"area": ["Antioch"], "intent": ["buy"], "number_of_baths": ["1"], "number_of_beds": ["1"], "property_name": ["Antioch Rivertown Senior Housing"], "visit_date": ["9th of this month", "March 9th"]}}}], "speaker": "USER", "utterance": "Yes, that's right."}, {"frames": [{"actions": [{"act": "NOTIFY_SUCCESS", "canonical_values": [], "slot": "", "values": []}], "service": "Homes_2", "service_call": {"method": "ScheduleVisit", "parameters": {"property_name": "Antioch Rivertown Senior Housing", "visit_date": "2019-03-09"}}, "service_results": [{"address": "1400 A Street", "has_garage": "False", "in_unit_laundry": "False", "number_of_baths": "1", "number_of_beds": "1", "phone_number": "925-706-0874", "price": "1900000", "property_name": "Antioch Rivertown Senior Housing", "visit_date": "2019-03-09"}], "slots": []}], "speaker": "SYSTEM", "utterance": "Your appointment is scheduled."}, {"frames": [{"actions": [{"act": "THANK_YOU", "canonical_values": [], "slot": "", "values": []}], "service": "Homes_2", "slots": [], "state": {"active_intent": "ScheduleVisit", "requested_slots": [], "slot_values": {"area": ["Antioch"], "intent": ["buy"], "number_of_baths": ["1"], "number_of_beds": ["1"], "property_name": ["Antioch Rivertown Senior Housing"], "visit_date": ["9th of this month", "March 9th"]}}}, {"actions": [{"act": "INFORM_INTENT", "canonical_values": ["ShareLocation"], "slot": "intent", "values": ["ShareLocation"]}], "service": "Messaging_1", "slots": [], "state": {"active_intent": "ShareLocation", "requested_slots": [], "slot_values": {"location": ["1400 A Street"]}}}], "speaker": "USER", "utterance": "Thanks a lot. I also need to share that location."}, {"frames": [{"actions": [{"act": "REQUEST", "canonical_values": [], "slot": "contact_name", "values": []}], "service": "Messaging_1", "slots": []}], "speaker": "SYSTEM", "utterance": "Who would you like to share the location with?"}, {"frames": [{"actions": [{"act": "INFORM", "canonical_values": ["Janet"], "slot": "contact_name", "values": ["Janet"]}], "service": "Messaging_1", "slots": [{"exclusive_end": 29, "slot": "contact_name", "start": 24}], "state": {"active_intent": "ShareLocation", "requested_slots": [], "slot_values": {"contact_name": ["Janet"], "location": ["1400 A Street"]}}}], "speaker": "USER", "utterance": "I need to share it with Janet."}, {"frames": [{"actions": [{"act": "CONFIRM", "canonical_values": ["1400 A Street"], "slot": "location", "values": ["1400 A Street"]}, {"act": "CONFIRM", "canonical_values": ["Janet"], "slot": "contact_name", "values": ["Janet"]}], "service": "Messaging_1", "slots": [{"exclusive_end": 50, "slot": "location", "start": 37}, {"exclusive_end": 61, "slot": "contact_name", "start": 56}]}], "speaker": "SYSTEM", "utterance": "You would like to share the location 1400 A Street with Janet, is that correct?"}, {"frames": [{"actions": [{"act": "AFFIRM", "canonical_values": [], "slot": "", "values": []}], "service": "Messaging_1", "slots": [], "state": {"active_intent": "ShareLocation", "requested_slots": [], "slot_values": {"contact_name": ["Janet"], "location": ["1400 A Street"]}}}], "speaker": "USER", "utterance": "Yes, please go ahead."}, {"frames": [{"actions": [{"act": "NOTIFY_SUCCESS", "canonical_values": [], "slot": "", "values": []}], "service": "Messaging_1", "service_call": {"method": "ShareLocation", "parameters": {"contact_name": "Janet", "location": "1400 A Street"}}, "service_results": [{"contact_name": "Janet", "location": "1400 A Street"}], "slots": []}], "speaker": "SYSTEM", "utterance": "The location has been shared."}, {"frames": [{"actions": [{"act": "THANK_YOU", "canonical_values": [], "slot": "", "values": []}], "service": "Messaging_1", "slots": [], "state": {"active_intent": "ShareLocation", "requested_slots": [], "slot_values": {"contact_name": ["Janet"], "location": ["1400 A Street"]}}}, {"actions": [{"act": "INFORM", "canonical_values": ["Luxury"], "slot": "ride_type", "values": ["Luxury"]}, {"act": "INFORM", "canonical_values": ["1"], "slot": "number_of_seats", "values": ["1"]}, {"act": "INFORM_INTENT", "canonical_values": ["GetRide"], "slot": "intent", "values": ["GetRide"]}], "service": "RideSharing_2", "slots": [], "state": {"active_intent": "GetRide", "requested_slots": [], "slot_values": {"destination": ["1400 A Street"], "number_of_seats": ["1"], "ride_type": ["Luxury"]}}}], "speaker": "USER", "utterance": "Thank you, that's very helpful. Can you also help me get a cab to get there? I would like an Expensive ride for 1."}, {"frames": [{"actions": [{"act": "CONFIRM", "canonical_values": ["1400 A Street"], "slot": "destination", "values": ["1400 A Street"]}, {"act": "CONFIRM", "canonical_values": ["1"], "slot": "number_of_seats", "values": ["1"]}, {"act": "CONFIRM", "canonical_values": ["Luxury"], "slot": "ride_type", "values": ["Luxury"]}], "service": "RideSharing_2", "slots": [{"exclusive_end": 51, "slot": "destination", "start": 38}]}], "speaker": "SYSTEM", "utterance": "You would like a Luxury ride for 1 to 1400 A Street, is that correct?"}, {"frames": [{"actions": [{"act": "INFORM", "canonical_values": ["2"], "slot": "number_of_seats", "values": ["2"]}, {"act": "NEGATE", "canonical_values": [], "slot": "", "values": []}], "service": "RideSharing_2", "slots": [], "state": {"active_intent": "GetRide", "requested_slots": [], "slot_values": {"destination": ["1400 A Street"], "number_of_seats": ["2"], "ride_type": ["Luxury"]}}}], "speaker": "USER", "utterance": "No, sorry, I should have said there are two of us."}, {"frames": [{"actions": [{"act": "CONFIRM", "canonical_values": ["2"], "slot": "number_of_seats", "values": ["2"]}, {"act": "CONFIRM", "canonical_values": ["Luxury"], "slot": "ride_type", "values": ["Luxury"]}], "service": "RideSharing_2", "slots": []}], "speaker": "SYSTEM", "utterance": "You would like a Luxury ride for 2, is that correct?"}, {"frames": [{"actions": [{"act": "REQUEST", "canonical_values": [], "slot": "wait_time", "values": []}, {"act": "AFFIRM", "canonical_values": [], "slot": "", "values": []}], "service": "RideSharing_2", "slots": [], "state": {"active_intent": "GetRide", "requested_slots": ["wait_time"], "slot_values": {"destination": ["1400 A Street"], "number_of_seats": ["2"], "ride_type": ["Luxury"]}}}], "speaker": "USER", "utterance": "Yes, that's right. How long will the cab take to get here?"}, {"frames": [{"actions": [{"act": "INFORM", "canonical_values": ["12"], "slot": "wait_time", "values": ["12"]}, {"act": "NOTIFY_SUCCESS", "canonical_values": [], "slot": "", "values": []}], "service": "RideSharing_2", "service_call": {"method": "GetRide", "parameters": {"destination": "1400 A Street", "number_of_seats": "2", "ride_type": "Luxury"}}, "service_results": [{"destination": "1400 A Street", "number_of_seats": "2", "ride_fare": "21.50", "ride_type": "Luxury", "wait_time": "12"}], "slots": [{"exclusive_end": 76, "slot": "wait_time", "start": 74}]}], "speaker": "SYSTEM", "utterance": "You cab has been booked and is on its way. The car should arrive in about 12 minutes."}, {"frames": [{"actions": [{"act": "THANK_YOU", "canonical_values": [], "slot": "", "values": []}], "service": "RideSharing_2", "slots": [], "state": {"active_intent": "GetRide", "requested_slots": [], "slot_values": {"destination": ["1400 A Street"], "number_of_seats": ["2"], "ride_type": ["Luxury"]}}}], "speaker": "USER", "utterance": "Thank you very much for your help."}, {"frames": [{"actions": [{"act": "REQ_MORE", "canonical_values": [], "slot": "", "values": []}], "service": "RideSharing_2", "slots": []}], "speaker": "SYSTEM", "utterance": "Is there anything else I can help you with?"}, {"frames": [{"actions": [{"act": "NEGATE", "canonical_values": [], "slot": "", "values": []}, {"act": "THANK_YOU", "canonical_values": [], "slot": "", "values": []}], "service": "RideSharing_2", "slots": [], "state": {"active_intent": "NONE", "requested_slots": [], "slot_values": {"destination": ["1400 A Street"], "number_of_seats": ["2"], "ride_type": ["Luxury"]}}}], "speaker": "USER", "utterance": "No, that's all, thanks."}, {"frames": [{"actions": [{"act": "GOODBYE", "canonical_values": [], "slot": "", "values": []}], "service": "RideSharing_2", "slots": []}], "speaker": "SYSTEM", "utterance": "Have a wonderful day!"}]}, {"dialogue_id": "33_00004", "services": ["Homes_2", "Messaging_1", "RideSharing_2"], "turns": [{"frames": [{"actions": [{"act": "INFORM", "canonical_values": ["2"], "slot": "number_of_beds", "values": ["2"]}, {"act": "INFORM", "canonical_values": ["rent"], "slot": "intent", "values": ["rent"]}, {"act": "INFORM_INTENT", "canonical_values": ["FindHomeByArea"], "slot": "intent", "values": ["FindHomeByArea"]}], "service": "Homes_2", "slots": [], "state": {"active_intent": "FindHomeByArea", "requested_slots": [], "slot_values": {"intent": ["rent"], "number_of_beds": ["2"]}}}], "speaker": "USER", "utterance": "I'm looking for a place to rent with two bed rooms."}, {"frames": [{"actions": [{"act": "REQUEST", "canonical_values": [], "slot": "area", "values": []}], "service": "Homes_2", "slots": []}], "speaker": "SYSTEM", "utterance": "What city do you want to search in?"}, {"frames": [{"actions": [{"act": "INFORM", "canonical_values": ["San Jose"], "slot": "area", "values": ["San Jose"]}, {"act": "INFORM", "canonical_values": ["3"], "slot": "number_of_beds", "values": ["3"]}], "service": "Homes_2", "slots": [{"exclusive_end": 26, "slot": "area", "start": 18}], "state": {"active_intent": "FindHomeByArea", "requested_slots": [], "slot_values": {"area": ["San Jose"], "intent": ["rent"], "number_of_beds": ["3"]}}}], "speaker": "USER", "utterance": "I want a place in San Jose with 3 bed rooms."}, {"frames": [{"actions": [{"act": "REQUEST", "canonical_values": [], "slot": "number_of_baths", "values": []}], "service": "Homes_2", "slots": []}], "speaker": "SYSTEM", "utterance": "How many baths do you want?"}, {"frames": [{"actions": [{"act": "INFORM", "canonical_values": ["True"], "slot": "has_garage", "values": ["True"]}, {"act": "INFORM", "canonical_values": ["2"], "slot": "number_of_baths", "values": ["2"]}], "service": "Homes_2", "slots": [], "state": {"active_intent": "FindHomeByArea", "requested_slots": [], "slot_values": {"area": ["San Jose"], "has_garage": ["True"], "intent": ["rent"], "number_of_baths": ["2"], "number_of_beds": ["3"]}}}], "speaker": "USER", "utterance": "I want it to have two baths and a garage."}, {"frames": [{"actions": [{"act": "OFFER", "canonical_values": ["Almaden Garden Apartments"], "slot": "property_name", "values": ["Almaden Garden Apartments"]}, {"act": "OFFER", "canonical_values": ["947 Branham Lane # C"], "slot": "address", "values": ["947 Branham Lane # C"]}, {"act": "OFFER", "canonical_values": ["3550"], "slot": "price", "values": ["$3,550"]}, {"act": "INFORM_COUNT", "canonical_values": ["10"], "slot": "count", "values": ["10"]}], "service": "Homes_2", "service_call": {"method": "FindHomeByArea", "parameters": {"area": "San Jose", "has_garage": "True", "intent": "rent", "number_of_baths": "2", "number_of_beds": "3"}}, "service_results": [{"address": "947 Branham Lane # C", "area": "San Jose", "has_garage": "True", "in_unit_laundry": "False", "intent": "rent", "number_of_baths": "2", "number_of_beds": "3", "phone_number": "408-265-4808", "price": "3550", "property_name": "Almaden Garden Apartments"}, {"address": "1543 Ambergrove Drive", "area": "San Jose", "has_garage": "True", "in_unit_laundry": "False", "intent": "rent", "number_of_baths": "2", "number_of_beds": "3", "phone_number": "408-453-8011", "price": "3750", "property_name": "Amberwood Apartments"}, {"address": "899 North King Road", "area": "San Jose", "has_garage": "True", "in_unit_laundry": "False", "intent": "rent", "number_of_baths": "2", "number_of_beds": "3", "phone_number": "408-272-1588", "price": "3950", "property_name": "Arbor Park"}, {"address": "2760 McKee Road", "area": "San Jose", "has_garage": "True", "in_unit_laundry": "False", "intent": "rent", "number_of_baths": "2", "number_of_beds": "3", "phone_number": "408-251-7570", "price": "3500", "property_name": "Arbor Terraces"}, {"address": "5480 Lean Avenue", "area": "San Jose", "has_garage": "True", "in_unit_laundry": "False", "intent": "rent", "number_of_baths": "2", "number_of_beds": "3", "phone_number": "408-840-2195", "price": "3850", "property_name": "Blossom Hill Apartments"}, {"address": "5255 Camden Avenue", "area": "San Jose", "has_garage": "True", "in_unit_laundry": "False", "intent": "rent", "number_of_baths": "2", "number_of_beds": "3", "phone_number": "408-265-5605", "price": "3600", "property_name": "Del Coronado Apartments"}, {"address": "1250 Foxdale Loop", "area": "San Jose", "has_garage": "True", "in_unit_laundry": "False", "intent": "rent", "number_of_baths": "2", "number_of_beds": "3", "phone_number": "408-251-1142", "price": "3800", "property_name": "Foxdale Village Apartments"}, {"address": "632 North Jackson Avenue # 4", "area": "San Jose", "has_garage": "True", "in_unit_laundry": "True", "intent": "rent", "number_of_baths": "2", "number_of_beds": "3", "phone_number": "408-251-6850", "price": "3600", "property_name": "Las Casitas Associates"}, {"address": "1324 Santee Drive", "area": "San Jose", "has_garage": "True", "in_unit_laundry": "False", "intent": "rent", "number_of_baths": "2", "number_of_beds": "3", "phone_number": "408-286-1903", "price": "3700", "property_name": "Monte Alban Apartments"}, {"address": "458 Boynton Avenue Apt A4", "area": "San Jose", "has_garage": "True", "in_unit_laundry": "True", "intent": "rent", "number_of_baths": "2", "number_of_beds": "3", "phone_number": "844-578-7568", "price": "4000", "property_name": "Pacific Terrace West"}], "slots": [{"exclusive_end": 62, "slot": "property_name", "start": 37}, {"exclusive_end": 86, "slot": "address", "start": 66}, {"exclusive_end": 97, "slot": "price", "start": 91}]}], "speaker": "SYSTEM", "utterance": "I found 10 houses for you. How about Almaden Garden Apartments at 947 Branham Lane # C for $3,550?"}, {"frames": [{"actions": [{"act": "REQUEST", "canonical_values": [], "slot": "in_unit_laundry", "values": []}], "service": "Homes_2", "slots": [], "state": {"active_intent": "FindHomeByArea", "requested_slots": ["in_unit_laundry"], "slot_values": {"area": ["San Jose"], "has_garage": ["True"], "intent": ["rent"], "number_of_baths": ["2"], "number_of_beds": ["3"]}}}], "speaker": "USER", "utterance": "Does it have a laundry machine?"}, {"frames": [{"actions": [{"act": "INFORM", "canonical_values": ["False"], "slot": "in_unit_laundry", "values": ["False"]}], "service": "Homes_2", "slots": []}], "speaker": "SYSTEM", "utterance": "No, it does not."}, {"frames": [{"actions": [{"act": "INFORM_INTENT", "canonical_values": ["ScheduleVisit"], "slot": "intent", "values": ["ScheduleVisit"]}, {"act": "SELECT", "canonical_values": [], "slot": "", "values": []}], "service": "Homes_2", "slots": [], "state": {"active_intent": "ScheduleVisit", "requested_slots": [], "slot_values": {"area": ["San Jose"], "has_garage": ["True"], "intent": ["rent"], "number_of_baths": ["2"], "number_of_beds": ["3"], "property_name": ["Almaden Garden Apartments"]}}}], "speaker": "USER", "utterance": "That sounds good. I'd like to visit the property."}, {"frames": [{"actions": [{"act": "REQUEST", "canonical_values": [], "slot": "visit_date", "values": []}], "service": "Homes_2", "slots": []}], "speaker": "SYSTEM", "utterance": "When do you want to visit it?"}, {"frames": [{"actions": [{"act": "INFORM", "canonical_values": ["2019-03-04"], "slot": "visit_date", "values": ["4th of this month"]}], "service": "Homes_2", "slots": [{"exclusive_end": 40, "slot": "visit_date", "start": 23}], "state": {"active_intent": "ScheduleVisit", "requested_slots": [], "slot_values": {"area": ["San Jose"], "has_garage": ["True"], "intent": ["rent"], "number_of_baths": ["2"], "number_of_beds": ["3"], "property_name": ["Almaden Garden Apartments"], "visit_date": ["4th of this month"]}}}], "speaker": "USER", "utterance": "I want to visit on the 4th of this month."}, {"frames": [{"actions": [{"act": "CONFIRM", "canonical_values": ["Almaden Garden Apartments"], "slot": "property_name", "values": ["Almaden Garden Apartments"]}, {"act": "CONFIRM", "canonical_values": ["2019-03-04"], "slot": "visit_date", "values": ["March 4th"]}], "service": "Homes_2", "slots": [{"exclusive_end": 49, "slot": "property_name", "start": 24}, {"exclusive_end": 62, "slot": "visit_date", "start": 53}]}], "speaker": "SYSTEM", "utterance": "Okay, you want to visit Almaden Garden Apartments on March 4th, right?"}, {"frames": [{"actions": [{"act": "AFFIRM", "canonical_values": [], "slot": "", "values": []}], "service": "Homes_2", "slots": [], "state": {"active_intent": "ScheduleVisit", "requested_slots": [], "slot_values": {"area": ["San Jose"], "has_garage": ["True"], "intent": ["rent"], "number_of_baths": ["2"], "number_of_beds": ["3"], "property_name": ["Almaden Garden Apartments"], "visit_date": ["4th of this month", "March 4th"]}}}], "speaker": "USER", "utterance": "Yes, that is correct."}, {"frames": [{"actions": [{"act": "NOTIFY_SUCCESS", "canonical_values": [], "slot": "", "values": []}], "service": "Homes_2", "service_call": {"method": "ScheduleVisit", "parameters": {"property_name": "Almaden Garden Apartments", "visit_date": "2019-03-04"}}, "service_results": [{"address": "947 Branham Lane # C", "has_garage": "True", "in_unit_laundry": "False", "number_of_baths": "2", "number_of_beds": "3", "phone_number": "408-265-4808", "price": "3550", "property_name": "Almaden Garden Apartments", "visit_date": "2019-03-04"}], "slots": []}], "speaker": "SYSTEM", "utterance": "I have scheduled the visit."}, {"frames": [{"actions": [{"act": "THANK_YOU", "canonical_values": [], "slot": "", "values": []}], "service": "Homes_2", "slots": [], "state": {"active_intent": "ScheduleVisit", "requested_slots": [], "slot_values": {"area": ["San Jose"], "has_garage": ["True"], "intent": ["rent"], "number_of_baths": ["2"], "number_of_beds": ["3"], "property_name": ["Almaden Garden Apartments"], "visit_date": ["4th of this month", "March 4th"]}}}, {"actions": [{"act": "INFORM", "canonical_values": ["Vincent"], "slot": "contact_name", "values": ["Vincent"]}, {"act": "INFORM_INTENT", "canonical_values": ["ShareLocation"], "slot": "intent", "values": ["ShareLocation"]}], "service": "Messaging_1", "slots": [{"exclusive_end": 54, "slot": "contact_name", "start": 47}], "state": {"active_intent": "ShareLocation", "requested_slots": [], "slot_values": {"contact_name": ["Vincent"], "location": ["947 Branham Lane # C"]}}}], "speaker": "USER", "utterance": "Thanks! I also want to share the location with Vincent."}, {"frames": [{"actions": [{"act": "CONFIRM", "canonical_values": ["947 Branham Lane # C"], "slot": "location", "values": ["947 Branham Lane # C"]}, {"act": "CONFIRM", "canonical_values": ["Vincent"], "slot": "contact_name", "values": ["Vincent"]}], "service": "Messaging_1", "slots": [{"exclusive_end": 56, "slot": "location", "start": 36}, {"exclusive_end": 69, "slot": "contact_name", "start": 62}]}], "speaker": "SYSTEM", "utterance": "Okay, you want to share the address 947 Branham Lane # C with Vincent, right?"}, {"frames": [{"actions": [{"act": "AFFIRM", "canonical_values": [], "slot": "", "values": []}], "service": "Messaging_1", "slots": [], "state": {"active_intent": "ShareLocation", "requested_slots": [], "slot_values": {"contact_name": ["Vincent"], "location": ["947 Branham Lane # C"]}}}], "speaker": "USER", "utterance": "Yes, that is right."}, {"frames": [{"actions": [{"act": "NOTIFY_SUCCESS", "canonical_values": [], "slot": "", "values": []}], "service": "Messaging_1", "service_call": {"method": "ShareLocation", "parameters": {"contact_name": "Vincent", "location": "947 Branham Lane # C"}}, "service_results": [{"contact_name": "Vincent", "location": "947 Branham Lane # C"}], "slots": []}], "speaker": "SYSTEM", "utterance": "I have shared the location."}, {"frames": [{"actions": [{"act": "THANK_YOU", "canonical_values": [], "slot": "", "values": []}], "service": "Messaging_1", "slots": [], "state": {"active_intent": "ShareLocation", "requested_slots": [], "slot_values": {"contact_name": ["Vincent"], "location": ["947 Branham Lane # C"]}}}, {"actions": [{"act": "INFORM", "canonical_values": ["Pool"], "slot": "ride_type", "values": ["Pool"]}, {"act": "INFORM", "canonical_values": ["3"], "slot": "number_of_seats", "values": ["3"]}, {"act": "INFORM_INTENT", "canonical_values": ["GetRide"], "slot": "intent", "values": ["GetRide"]}], "service": "RideSharing_2", "slots": [], "state": {"active_intent": "GetRide", "requested_slots": [], "slot_values": {"destination": ["947 Branham Lane # C"], "number_of_seats": ["3"], "ride_type": ["Pool"]}}}], "speaker": "USER", "utterance": "Thanks! I also need to find a cab ride for 3 to get there. I prefer a pool ride."}, {"frames": [{"actions": [{"act": "CONFIRM", "canonical_values": ["947 Branham Lane # C"], "slot": "destination", "values": ["947 Branham Lane # C"]}, {"act": "CONFIRM", "canonical_values": ["3"], "slot": "number_of_seats", "values": ["3"]}, {"act": "CONFIRM", "canonical_values": ["Pool"], "slot": "ride_type", "values": ["Pool"]}], "service": "RideSharing_2", "slots": [{"exclusive_end": 58, "slot": "destination", "start": 38}]}], "speaker": "SYSTEM", "utterance": "Okay, you'd like a pool ride for 3 to 947 Branham Lane # C, right?"}, {"frames": [{"actions": [{"act": "AFFIRM", "canonical_values": [], "slot": "", "values": []}], "service": "RideSharing_2", "slots": [], "state": {"active_intent": "GetRide", "requested_slots": [], "slot_values": {"destination": ["947 Branham Lane # C"], "number_of_seats": ["3"], "ride_type": ["Pool"]}}}], "speaker": "USER", "utterance": "Yes, that works."}, {"frames": [{"actions": [{"act": "NOTIFY_SUCCESS", "canonical_values": [], "slot": "", "values": []}], "service": "RideSharing_2", "service_call": {"method": "GetRide", "parameters": {"destination": "947 Branham Lane # C", "number_of_seats": "3", "ride_type": "Pool"}}, "service_results": [{"destination": "947 Branham Lane # C", "number_of_seats": "3", "ride_fare": "30.03", "ride_type": "Pool", "wait_time": "7"}], "slots": []}], "speaker": "SYSTEM", "utterance": "I have booked the ride and it is on the way."}, {"frames": [{"actions": [{"act": "REQUEST", "canonical_values": [], "slot": "ride_fare", "values": []}, {"act": "REQUEST", "canonical_values": [], "slot": "wait_time", "values": []}], "service": "RideSharing_2", "slots": [], "state": {"active_intent": "GetRide", "requested_slots": ["ride_fare", "wait_time"], "slot_values": {"destination": ["947 Branham Lane # C"], "number_of_seats": ["3"], "ride_type": ["Pool"]}}}], "speaker": "USER", "utterance": "How much does the cab cost and how long until it gets here?"}, {"frames": [{"actions": [{"act": "INFORM", "canonical_values": ["30.03"], "slot": "ride_fare", "values": ["$30.03"]}, {"act": "INFORM", "canonical_values": ["7"], "slot": "wait_time", "values": ["7"]}], "service": "RideSharing_2", "slots": [{"exclusive_end": 18, "slot": "ride_fare", "start": 12}, {"exclusive_end": 43, "slot": "wait_time", "start": 42}]}], "speaker": "SYSTEM", "utterance": "The ride is $30.03 and should be there in 7 minutes."}, {"frames": [{"actions": [{"act": "THANK_YOU", "canonical_values": [], "slot": "", "values": []}], "service": "RideSharing_2", "slots": [], "state": {"active_intent": "GetRide", "requested_slots": [], "slot_values": {"destination": ["947 Branham Lane # C"], "number_of_seats": ["3"], "ride_type": ["Pool"]}}}], "speaker": "USER", "utterance": "Thanks!"}, {"frames": [{"actions": [{"act": "REQ_MORE", "canonical_values": [], "slot": "", "values": []}], "service": "RideSharing_2", "slots": []}], "speaker": "SYSTEM", "utterance": "Is there anything else I can help you with?"}, {"frames": [{"actions": [{"act": "NEGATE", "canonical_values": [], "slot": "", "values": []}, {"act": "THANK_YOU", "canonical_values": [], "slot": "", "values": []}], "service": "RideSharing_2", "slots": [], "state": {"active_intent": "NONE", "requested_slots": [], "slot_values": {"destination": ["947 Branham Lane # C"], "number_of_seats": ["3"], "ride_type": ["Pool"]}}}], "speaker": "USER", "utterance": "No, thank you."}, {"frames": [{"actions": [{"act": "GOODBYE", "canonical_values": [], "slot": "", "values": []}], "service": "RideSharing_2", "slots": []}], "speaker": "SYSTEM", "utterance": "Have a great day."}]}]