[{"dialogue_id": "34_00000", "services": ["Services_3"], "turns": [{"frames": [{"actions": [{"act": "INFORM", "canonical_values": ["San Jose"], "slot": "city", "values": ["San Jose"]}, {"act": "INFORM", "canonical_values": ["General Practitioner"], "slot": "type", "values": ["General Practitioner"]}, {"act": "INFORM_INTENT", "canonical_values": ["FindProvider"], "slot": "intent", "values": ["FindProvider"]}], "service": "Services_3", "slots": [{"exclusive_end": 56, "slot": "city", "start": 48}], "state": {"active_intent": "FindProvider", "requested_slots": [], "slot_values": {"city": ["San Jose"], "type": ["General Practitioner"]}}}], "speaker": "USER", "utterance": "I need to find a General Practitioner doctor in San Jose."}, {"frames": [{"actions": [{"act": "OFFER", "canonical_values": ["Access Health"], "slot": "doctor_name", "values": ["Access Health"]}, {"act": "OFFER", "canonical_values": ["San Jose"], "slot": "city", "values": ["San Jose"]}, {"act": "OFFER", "canonical_values": ["General Practitioner"], "slot": "type", "values": ["General Practitioner"]}], "service": "Services_3", "service_call": {"method": "FindProvider", "parameters": {"city": "San Jose", "type": "General Practitioner"}}, "service_results": [{"average_rating": "4.00", "city": "San Jose", "doctor_name": "Access Health", "phone_number": "408-729-7690", "street_address": "301 Old San Francisco Road Level 2", "type": "General Practitioner"}, {"average_rating": "4.20", "city": "San Jose", "doctor_name": "Benson Frederick P MD", "phone_number": "408-224-6236", "street_address": "6950 Santa Teresa Boulevard", "type": "General Practitioner"}, {"average_rating": "5.00", "city": "San Jose", "doctor_name": "Darith Khay Inc", "phone_number": "408-254-4100", "street_address": "3030 Alum Rock Avenue", "type": "General Practitioner"}, {"average_rating": "3.40", "city": "San Jose", "doctor_name": "Deepa Ramachandran MD", "phone_number": "408-335-7640", "street_address": "15425 Los Gatos Boulevard #120", "type": "General Practitioner"}, {"average_rating": "4.20", "city": "San Jose", "doctor_name": "Denise Babin, M.D.", "phone_number": "209-833-2345", "street_address": "795 El Camino Real Jamplis Building, Level 1", "type": "General Practitioner"}, {"average_rating": "5.00", "city": "San Jose", "doctor_name": "Dohn Richard", "phone_number": "408-356-8672", "street_address": "221 East Hacienda Avenue b", "type": "General Practitioner"}, {"average_rating": "5.00", "city": "San Jose", "doctor_name": "Doll Robert L MD", "phone_number": "408-972-6050", "street_address": "260 International Circle", "type": "General Practitioner"}, {"average_rating": "4.20", "city": "San Jose", "doctor_name": "Dr James Luu - Immigration Physical Exam Doctor", "phone_number": "408-963-7351", "street_address": "260 International Circle", "type": "General Practitioner"}, {"average_rating": "5.00", "city": "San Jose", "doctor_name": "Dr. Arbella Sarkis", "phone_number": "408-560-9900", "street_address": "16400 Lark Avenue #150", "type": "General Practitioner"}, {"average_rating": "5.00", "city": "San Jose", "doctor_name": "Dr. Graciela Lopez, MD", "phone_number": "408-918-2600", "street_address": "200 Jose Figueres Avenue # 325", "type": "General Practitioner"}], "slots": [{"exclusive_end": 19, "slot": "doctor_name", "start": 6}, {"exclusive_end": 31, "slot": "city", "start": 23}]}], "speaker": "SYSTEM", "utterance": "Found Access Health in San Jose as a General Practitioner."}, {"frames": [{"actions": [{"act": "REQUEST", "canonical_values": [], "slot": "phone_number", "values": []}], "service": "Services_3", "slots": [], "state": {"active_intent": "FindProvider", "requested_slots": ["phone_number"], "slot_values": {"city": ["San Jose"], "type": ["General Practitioner"]}}}], "speaker": "USER", "utterance": "What is the phone number?"}, {"frames": [{"actions": [{"act": "INFORM", "canonical_values": ["408-729-7690"], "slot": "phone_number", "values": ["408-729-7690"]}], "service": "Services_3", "slots": [{"exclusive_end": 26, "slot": "phone_number", "start": 14}]}], "speaker": "SYSTEM", "utterance": "The number is 408-729-7690"}, {"frames": [{"actions": [{"act": "SELECT", "canonical_values": [], "slot": "", "values": []}, {"act": "GOODBYE", "canonical_values": [], "slot": "", "values": []}], "service": "Services_3", "slots": [], "state": {"active_intent": "FindProvider", "requested_slots": [], "slot_values": {"city": ["San Jose"], "doctor_name": ["Access Health"], "type": ["General Practitioner"]}}}], "speaker": "USER", "utterance": "Perfect, that would be all. Good bye."}, {"frames": [{"actions": [{"act": "GOODBYE", "canonical_values": [], "slot": "", "values": []}], "service": "Services_3", "slots": []}], "speaker": "SYSTEM", "utterance": "Have a good day."}]}, {"dialogue_id": "34_00001", "services": ["Hotels_2"], "turns": [{"frames": [{"actions": [{"act": "INFORM_INTENT", "canonical_values": ["SearchHouse"], "slot": "intent", "values": ["SearchHouse"]}], "service": "Hotels_2", "slots": [], "state": {"active_intent": "SearchHouse", "requested_slots": [], "slot_values": {}}}], "speaker": "USER", "utterance": "Hello! I'm interested in renting a house. Can you help me?"}, {"frames": [{"actions": [{"act": "REQUEST", "canonical_values": [], "slot": "where_to", "values": []}], "service": "Hotels_2", "slots": []}], "speaker": "SYSTEM", "utterance": "Yes, I'd love to help. Where are you going to be staying?"}, {"frames": [{"actions": [{"act": "INFORM", "canonical_values": ["Paris"], "slot": "where_to", "values": ["Paris"]}], "service": "Hotels_2", "slots": [{"exclusive_end": 24, "slot": "where_to", "start": 19}], "state": {"active_intent": "SearchHouse", "requested_slots": [], "slot_values": {"where_to": ["Paris"]}}}], "speaker": "USER", "utterance": "I'm going to be in Paris."}, {"frames": [{"actions": [{"act": "OFFER", "canonical_values": ["1 Place de la Sorbonne, 75005"], "slot": "address", "values": ["1 Place de la Sorbonne, 75005"]}, {"act": "OFFER", "canonical_values": ["4.50"], "slot": "rating", "values": ["4.5"]}], "service": "Hotels_2", "service_call": {"method": "SearchHouse", "parameters": {"where_to": "Paris"}}, "service_results": [{"address": "1 Place de la Sorbonne, 75005", "has_laundry_service": "True", "number_of_adults": "3", "phone_number": "+33 1 46 34 14 80", "rating": "4.50", "total_price": "4200", "where_to": "Paris"}, {"address": "1 Rue Daunou, 75002", "has_laundry_service": "True", "number_of_adults": "4", "phone_number": "+33 1 42 61 70 41", "rating": "4.20", "total_price": "252", "where_to": "Paris"}, {"address": "1 Rue de Libourne, 75012", "has_laundry_service": "True", "number_of_adults": "1", "phone_number": "+33 1 44 67 34 00", "rating": "4.40", "total_price": "80", "where_to": "Paris"}, {"address": "1 Rue de Lourmel, 75015", "has_laundry_service": "False", "number_of_adults": "2", "phone_number": "+33 1 45 78 17 12", "rating": "3.70", "total_price": "1302", "where_to": "Paris"}, {"address": "1-5 Passage Ruelle, 75018", "has_laundry_service": "True", "number_of_adults": "2", "phone_number": "+33 1 42 05 20 00", "rating": "4.10", "total_price": "576", "where_to": "Paris"}, {"address": "1-7 Rue Jean Richepin, 75016", "has_laundry_service": "False", "number_of_adults": "2", "phone_number": "+33 1 44 30 10 00", "rating": "4.10", "total_price": "3410", "where_to": "Paris"}, {"address": "10 Place Charles Dullin, 75018", "has_laundry_service": "True", "number_of_adults": "3", "phone_number": "+33 1 42 57 14 55", "rating": "4.10", "total_price": "1224", "where_to": "Paris"}, {"address": "10 Place de Mexico, 75116", "has_laundry_service": "True", "number_of_adults": "4", "phone_number": "+33 1 56 90 40 04", "rating": "4.30", "total_price": "2560", "where_to": "Paris"}, {"address": "10 Rue Bernard Buffet, 75017", "has_laundry_service": "True", "number_of_adults": "5", "phone_number": "+33 1 40 25 20 20", "rating": "3.60", "total_price": "1425", "where_to": "Paris"}, {"address": "10 Rue Gager-Gabillot, 75015", "has_laundry_service": "False", "number_of_adults": "4", "phone_number": "+33 1 44 19 29 29", "rating": "3.40", "total_price": "2464", "where_to": "Paris"}], "slots": [{"exclusive_end": 53, "slot": "address", "start": 24}, {"exclusive_end": 69, "slot": "rating", "start": 66}]}], "speaker": "SYSTEM", "utterance": "I have found a house at 1 Place de la Sorbonne, 75005. It's got a 4.5 star rating. Would this interest you?"}, {"frames": [{"actions": [{"act": "SELECT", "canonical_values": [], "slot": "", "values": []}], "service": "Hotels_2", "slots": [], "state": {"active_intent": "SearchHouse", "requested_slots": [], "slot_values": {"where_to": ["Paris"]}}}], "speaker": "USER", "utterance": "Yes, this looks wonderful."}, {"frames": [{"actions": [{"act": "OFFER_INTENT", "canonical_values": ["BookHouse"], "slot": "intent", "values": ["BookHouse"]}], "service": "Hotels_2", "slots": []}], "speaker": "SYSTEM", "utterance": "Do you want to reserve this house for your stay in Paris?"}, {"frames": [{"actions": [{"act": "AFFIRM_INTENT", "canonical_values": [], "slot": "", "values": []}, {"act": "INFORM", "canonical_values": ["2019-03-11"], "slot": "check_out_date", "values": ["the 11th"]}], "service": "Hotels_2", "slots": [{"exclusive_end": 76, "slot": "check_out_date", "start": 68}], "state": {"active_intent": "BookHouse", "requested_slots": [], "slot_values": {"check_out_date": ["the 11th"], "where_to": ["Paris"]}}}], "speaker": "USER", "utterance": "I definitely want to reserve it. I'd like to make the check out for the 11th."}, {"frames": [{"actions": [{"act": "REQUEST", "canonical_values": [], "slot": "check_in_date", "values": []}, {"act": "REQUEST", "canonical_values": [], "slot": "number_of_adults", "values": []}], "service": "Hotels_2", "slots": []}], "speaker": "SYSTEM", "utterance": "Great. When will you be arriving? How many people will be staying?"}, {"frames": [{"actions": [{"act": "INFORM", "canonical_values": ["2019-03-01"], "slot": "check_in_date", "values": ["the 1st"]}, {"act": "INFORM", "canonical_values": ["1"], "slot": "number_of_adults", "values": ["1"]}], "service": "Hotels_2", "slots": [{"exclusive_end": 87, "slot": "check_in_date", "start": 80}], "state": {"active_intent": "BookHouse", "requested_slots": [], "slot_values": {"check_in_date": ["the 1st"], "check_out_date": ["the 11th"], "number_of_adults": ["1"], "where_to": ["Paris"]}}}], "speaker": "USER", "utterance": "The reservation will be for one, as it's just me traveling. I'll be arriving on the 1st."}, {"frames": [{"actions": [{"act": "CONFIRM", "canonical_values": ["Paris"], "slot": "where_to", "values": ["Paris"]}, {"act": "CONFIRM", "canonical_values": ["1"], "slot": "number_of_adults", "values": ["1"]}, {"act": "CONFIRM", "canonical_values": ["2019-03-01"], "slot": "check_in_date", "values": ["today"]}, {"act": "CONFIRM", "canonical_values": ["2019-03-11"], "slot": "check_out_date", "values": ["March 11th"]}], "service": "Hotels_2", "slots": [{"exclusive_end": 73, "slot": "where_to", "start": 68}, {"exclusive_end": 79, "slot": "check_in_date", "start": 74}, {"exclusive_end": 135, "slot": "check_out_date", "start": 125}]}], "speaker": "SYSTEM", "utterance": "Let's make sure I have the details correct. You will be arriving in Paris today as a party of 1. You will be checking out on March 11th."}, {"frames": [{"actions": [{"act": "AFFIRM", "canonical_values": [], "slot": "", "values": []}], "service": "Hotels_2", "slots": [], "state": {"active_intent": "BookHouse", "requested_slots": [], "slot_values": {"check_in_date": ["the 1st", "today"], "check_out_date": ["March 11th", "the 11th"], "number_of_adults": ["1"], "where_to": ["Paris"]}}}], "speaker": "USER", "utterance": "Yes, that's correct."}, {"frames": [{"actions": [{"act": "NOTIFY_SUCCESS", "canonical_values": [], "slot": "", "values": []}], "service": "Hotels_2", "service_call": {"method": "BookHouse", "parameters": {"check_in_date": "2019-03-01", "check_out_date": "2019-03-11", "number_of_adults": "1", "where_to": "Paris"}}, "service_results": [{"address": "1 Place de la Sorbonne, 75005", "check_in_date": "2019-03-01", "check_out_date": "2019-03-11", "has_laundry_service": "True", "number_of_adults": "1", "phone_number": "+33 1 46 34 14 80", "rating": "4.50", "total_price": "4200", "where_to": "Paris"}], "slots": []}], "speaker": "SYSTEM", "utterance": "Great! I have confirmed your reservation."}, {"frames": [{"actions": [{"act": "REQUEST", "canonical_values": [], "slot": "total_price", "values": []}], "service": "Hotels_2", "slots": [], "state": {"active_intent": "BookHouse", "requested_slots": ["total_price"], "slot_values": {"check_in_date": ["the 1st", "today"], "check_out_date": ["March 11th", "the 11th"], "number_of_adults": ["1"], "where_to": ["Paris"]}}}], "speaker": "USER", "utterance": "Can you tell me what the price will be in total?"}, {"frames": [{"actions": [{"act": "INFORM", "canonical_values": ["4200"], "slot": "total_price", "values": ["$4,200"]}], "service": "Hotels_2", "slots": [{"exclusive_end": 37, "slot": "total_price", "start": 31}]}], "speaker": "SYSTEM", "utterance": "The cost of the reservation is $4,200."}, {"frames": [{"actions": [{"act": "THANK_YOU", "canonical_values": [], "slot": "", "values": []}, {"act": "GOODBYE", "canonical_values": [], "slot": "", "values": []}], "service": "Hotels_2", "slots": [], "state": {"active_intent": "BookHouse", "requested_slots": [], "slot_values": {"check_in_date": ["the 1st", "today"], "check_out_date": ["March 11th", "the 11th"], "number_of_adults": ["1"], "where_to": ["Paris"]}}}], "speaker": "USER", "utterance": "That sounds good. I think that is everything I need right now. Thank you so much for your help."}, {"frames": [{"actions": [{"act": "GOODBYE", "canonical_values": [], "slot": "", "values": []}], "service": "Hotels_2", "slots": []}], "speaker": "SYSTEM", "utterance": "You are very welcome. Have a wonderful trip."}]}, {"dialogue_id": "34_00002", "services": ["Hotels_2"], "turns": [{"frames": [{"actions": [{"act": "INFORM", "canonical_values": ["True"], "slot": "has_laundry_service", "values": ["True"]}, {"act": "INFORM_INTENT", "canonical_values": ["SearchHouse"], "slot": "intent", "values": ["SearchHouse"]}], "service": "Hotels_2", "slots": [], "state": {"active_intent": "SearchHouse", "requested_slots": [], "slot_values": {"has_laundry_service": ["True"]}}}], "speaker": "USER", "utterance": "Please Find a house to stay with laundry service"}, {"frames": [{"actions": [{"act": "REQUEST", "canonical_values": [], "slot": "where_to", "values": []}], "service": "Hotels_2", "slots": []}], "speaker": "SYSTEM", "utterance": "In which city?"}, {"frames": [{"actions": [{"act": "INFORM", "canonical_values": ["San Francisco"], "slot": "where_to", "values": ["SF"]}], "service": "Hotels_2", "slots": [{"exclusive_end": 5, "slot": "where_to", "start": 3}], "state": {"active_intent": "SearchHouse", "requested_slots": [], "slot_values": {"has_laundry_service": ["True"], "where_to": ["SF"]}}}], "speaker": "USER", "utterance": "in SF, right"}, {"frames": [{"actions": [{"act": "OFFER", "canonical_values": ["1095 Market Street"], "slot": "address", "values": ["1095 Market Street"]}, {"act": "OFFER", "canonical_values": ["3.70"], "slot": "rating", "values": ["3.7"]}], "service": "Hotels_2", "service_call": {"method": "SearchHouse", "parameters": {"has_laundry_service": "True", "where_to": "San Francisco"}}, "service_results": [{"address": "1095 Market Street", "has_laundry_service": "True", "number_of_adults": "2", "phone_number": "+1 415-829-0000", "rating": "3.70", "total_price": "1218", "where_to": "San Francisco"}, {"address": "1100 Market Street Hotel Entrance is at, 45 McAllister Street", "has_laundry_service": "True", "number_of_adults": "4", "phone_number": "+1 415-735-7777", "rating": "4.40", "total_price": "3348", "where_to": "San Francisco"}, {"address": "111 Mason Street", "has_laundry_service": "True", "number_of_adults": "1", "phone_number": "+1 415-771-1200", "rating": "3.60", "total_price": "576", "where_to": "San Francisco"}, {"address": "12 4th Street", "has_laundry_service": "True", "number_of_adults": "3", "phone_number": "+1 415-348-1111", "rating": "4.30", "total_price": "4896", "where_to": "San Francisco"}, {"address": "1206, 155 Steuart Street", "has_laundry_service": "True", "number_of_adults": "4", "phone_number": "+1 415-495-2100", "rating": "4.20", "total_price": "1200", "where_to": "San Francisco"}, {"address": "138 King Street", "has_laundry_service": "True", "number_of_adults": "4", "phone_number": "+1 415-200-4977", "rating": "4.50", "total_price": "3712", "where_to": "San Francisco"}, {"address": "1800 Sutter Street", "has_laundry_service": "True", "number_of_adults": "2", "phone_number": "+1 888-822-8666", "rating": "4.30", "total_price": "1344", "where_to": "San Francisco"}, {"address": "2222 Market Street", "has_laundry_service": "True", "number_of_adults": "3", "phone_number": "+1 415-621-8212", "rating": "4.40", "total_price": "408", "where_to": "San Francisco"}, {"address": "2237 Mason Street", "has_laundry_service": "True", "number_of_adults": "3", "phone_number": "+1 800-352-7366", "rating": "4.40", "total_price": "186", "where_to": "San Francisco"}, {"address": "2620 Jones Street", "has_laundry_service": "True", "number_of_adults": "3", "phone_number": "+1 800-228-8408", "rating": "4.30", "total_price": "1440", "where_to": "San Francisco"}], "slots": [{"exclusive_end": 40, "slot": "address", "start": 22}, {"exclusive_end": 59, "slot": "rating", "start": 56}]}], "speaker": "SYSTEM", "utterance": "I found this address: 1095 Market Street. Its rating is 3.7"}, {"frames": [{"actions": [{"act": "REQUEST", "canonical_values": [], "slot": "total_price", "values": []}, {"act": "REQUEST", "canonical_values": [], "slot": "phone_number", "values": []}], "service": "Hotels_2", "slots": [], "state": {"active_intent": "SearchHouse", "requested_slots": ["phone_number", "total_price"], "slot_values": {"has_laundry_service": ["True"], "where_to": ["SF"]}}}], "speaker": "USER", "utterance": "Tell me the total price and can you find me a contact number?"}, {"frames": [{"actions": [{"act": "INFORM", "canonical_values": ["+1 415-829-0000"], "slot": "phone_number", "values": ["+1 415-829-0000"]}, {"act": "INFORM", "canonical_values": ["1218"], "slot": "total_price", "values": ["$1,218"]}], "service": "Hotels_2", "slots": [{"exclusive_end": 39, "slot": "phone_number", "start": 24}, {"exclusive_end": 75, "slot": "total_price", "start": 69}]}], "speaker": "SYSTEM", "utterance": "Ok, The phone number is +1 415-829-0000 and the total price would be $1,218"}, {"frames": [{"actions": [{"act": "SELECT", "canonical_values": [], "slot": "", "values": []}], "service": "Hotels_2", "slots": [], "state": {"active_intent": "SearchHouse", "requested_slots": [], "slot_values": {"has_laundry_service": ["True"], "where_to": ["SF"]}}}], "speaker": "USER", "utterance": "I like the house"}, {"frames": [{"actions": [{"act": "REQ_MORE", "canonical_values": [], "slot": "", "values": []}], "service": "Hotels_2", "slots": []}], "speaker": "SYSTEM", "utterance": "Can I do anything else for you today?"}, {"frames": [{"actions": [{"act": "INFORM", "canonical_values": ["2019-03-09"], "slot": "check_out_date", "values": ["the 9th"]}, {"act": "INFORM", "canonical_values": ["2"], "slot": "number_of_adults", "values": ["2"]}, {"act": "INFORM_INTENT", "canonical_values": ["BookHouse"], "slot": "intent", "values": ["BookHouse"]}], "service": "Hotels_2", "slots": [{"exclusive_end": 49, "slot": "check_out_date", "start": 42}], "state": {"active_intent": "BookHouse", "requested_slots": [], "slot_values": {"check_out_date": ["the 9th"], "has_laundry_service": ["True"], "number_of_adults": ["2"], "where_to": ["SF"]}}}], "speaker": "USER", "utterance": "I'd like to book a house and check out on the 9th. For 2 people."}, {"frames": [{"actions": [{"act": "REQUEST", "canonical_values": [], "slot": "check_in_date", "values": []}], "service": "Hotels_2", "slots": []}], "speaker": "SYSTEM", "utterance": "Please tell me which day would you be checking in?"}, {"frames": [{"actions": [{"act": "INFORM", "canonical_values": ["2019-03-02"], "slot": "check_in_date", "values": ["Saturday this week"]}], "service": "Hotels_2", "slots": [{"exclusive_end": 21, "slot": "check_in_date", "start": 3}], "state": {"active_intent": "BookHouse", "requested_slots": [], "slot_values": {"check_in_date": ["Saturday this week"], "check_out_date": ["the 9th"], "has_laundry_service": ["True"], "number_of_adults": ["2"], "where_to": ["SF"]}}}], "speaker": "USER", "utterance": "on Saturday this week"}, {"frames": [{"actions": [{"act": "CONFIRM", "canonical_values": ["San Francisco"], "slot": "where_to", "values": ["San Francisco"]}, {"act": "CONFIRM", "canonical_values": ["2"], "slot": "number_of_adults", "values": ["2"]}, {"act": "CONFIRM", "canonical_values": ["2019-03-02"], "slot": "check_in_date", "values": ["tomorrow"]}, {"act": "CONFIRM", "canonical_values": ["2019-03-09"], "slot": "check_out_date", "values": ["March 9th"]}], "service": "Hotels_2", "slots": [{"exclusive_end": 62, "slot": "where_to", "start": 49}, {"exclusive_end": 128, "slot": "check_in_date", "start": 120}, {"exclusive_end": 167, "slot": "check_out_date", "start": 158}]}], "speaker": "SYSTEM", "utterance": "Ok let's confirm the details: The location is in San Francisco. You would be 2 people, the check in date is going to be tomorrow and the check out date is on March 9th"}, {"frames": [{"actions": [{"act": "AFFIRM", "canonical_values": [], "slot": "", "values": []}], "service": "Hotels_2", "slots": [], "state": {"active_intent": "BookHouse", "requested_slots": [], "slot_values": {"check_in_date": ["Saturday this week", "tomorrow"], "check_out_date": ["March 9th", "the 9th"], "has_laundry_service": ["True"], "number_of_adults": ["2"], "where_to": ["SF", "San Francisco"]}}}], "speaker": "USER", "utterance": "That is right"}, {"frames": [{"actions": [{"act": "NOTIFY_SUCCESS", "canonical_values": [], "slot": "", "values": []}], "service": "Hotels_2", "service_call": {"method": "BookHouse", "parameters": {"check_in_date": "2019-03-02", "check_out_date": "2019-03-09", "number_of_adults": "2", "where_to": "San Francisco"}}, "service_results": [{"address": "1095 Market Street", "check_in_date": "2019-03-02", "check_out_date": "2019-03-09", "has_laundry_service": "True", "number_of_adults": "2", "phone_number": "+1 415-829-0000", "rating": "3.70", "total_price": "1218", "where_to": "San Francisco"}], "slots": []}], "speaker": "SYSTEM", "utterance": "Ok, Reservation done"}, {"frames": [{"actions": [{"act": "THANK_YOU", "canonical_values": [], "slot": "", "values": []}], "service": "Hotels_2", "slots": [], "state": {"active_intent": "BookHouse", "requested_slots": [], "slot_values": {"check_in_date": ["Saturday this week", "tomorrow"], "check_out_date": ["March 9th", "the 9th"], "has_laundry_service": ["True"], "number_of_adults": ["2"], "where_to": ["SF", "San Francisco"]}}}], "speaker": "USER", "utterance": "Thanks for helping me"}, {"frames": [{"actions": [{"act": "REQ_MORE", "canonical_values": [], "slot": "", "values": []}], "service": "Hotels_2", "slots": []}], "speaker": "SYSTEM", "utterance": "Can I do anything else for you?"}, {"frames": [{"actions": [{"act": "NEGATE", "canonical_values": [], "slot": "", "values": []}, {"act": "THANK_YOU", "canonical_values": [], "slot": "", "values": []}], "service": "Hotels_2", "slots": [], "state": {"active_intent": "NONE", "requested_slots": [], "slot_values": {"check_in_date": ["Saturday this week", "tomorrow"], "check_out_date": ["March 9th", "the 9th"], "has_laundry_service": ["True"], "number_of_adults": ["2"], "where_to": ["SF", "San Francisco"]}}}], "speaker": "USER", "utterance": "No, thanks that'd be all"}, {"frames": [{"actions": [{"act": "GOODBYE", "canonical_values": [], "slot": "", "values": []}], "service": "Hotels_2", "slots": []}], "speaker": "SYSTEM", "utterance": "It's a pleasure to help you, Good Bye"}]}, {"dialogue_id": "34_00003", "services": ["Hotels_2"], "turns": [{"frames": [{"actions": [{"act": "INFORM_INTENT", "canonical_values": ["SearchHouse"], "slot": "intent", "values": ["SearchHouse"]}], "service": "Hotels_2", "slots": [], "state": {"active_intent": "SearchHouse", "requested_slots": [], "slot_values": {}}}], "speaker": "USER", "utterance": "I find hotel rooms too impersonal. Please find me a house to stay."}, {"frames": [{"actions": [{"act": "REQUEST", "canonical_values": [], "slot": "where_to", "values": []}], "service": "Hotels_2", "slots": []}], "speaker": "SYSTEM", "utterance": "In which city will you be staying?"}, {"frames": [{"actions": [{"act": "INFORM", "canonical_values": ["Seattle"], "slot": "where_to", "values": ["Seattle"]}], "service": "Hotels_2", "slots": [{"exclusive_end": 21, "slot": "where_to", "start": 14}], "state": {"active_intent": "SearchHouse", "requested_slots": [], "slot_values": {"where_to": ["Seattle"]}}}], "speaker": "USER", "utterance": "I am going to Seattle."}, {"frames": [{"actions": [{"act": "OFFER", "canonical_values": ["1000 1st Avenue"], "slot": "address", "values": ["1000 1st Avenue"]}, {"act": "OFFER", "canonical_values": ["4.50"], "slot": "rating", "values": ["4.5"]}, {"act": "INFORM_COUNT", "canonical_values": ["10"], "slot": "count", "values": ["10"]}], "service": "Hotels_2", "service_call": {"method": "SearchHouse", "parameters": {"where_to": "Seattle"}}, "service_results": [{"address": "1000 1st Avenue", "has_laundry_service": "True", "number_of_adults": "2", "phone_number": "+1 206-957-1000", "rating": "4.50", "total_price": "928", "where_to": "Seattle"}, {"address": "1006 Spring Street", "has_laundry_service": "False", "number_of_adults": "3", "phone_number": "+1 206-583-6453", "rating": "3.90", "total_price": "840", "where_to": "Seattle"}, {"address": "1011 Pike Street", "has_laundry_service": "True", "number_of_adults": "4", "phone_number": "+1 206-682-8282", "rating": "4.20", "total_price": "2280", "where_to": "Seattle"}, {"address": "1016 Republican Street", "has_laundry_service": "False", "number_of_adults": "5", "phone_number": "+1 206-708-8200", "rating": "4.10", "total_price": "2610", "where_to": "Seattle"}, {"address": "1046 1st Avenue South", "has_laundry_service": "True", "number_of_adults": "5", "phone_number": "+1 206-204-9800", "rating": "4.30", "total_price": "4400", "where_to": "Seattle"}, {"address": "105 Pike Street", "has_laundry_service": "True", "number_of_adults": "5", "phone_number": "+1 206-340-1222", "rating": "4.40", "total_price": "3300", "where_to": "Seattle"}, {"address": "110 Stewart Street", "has_laundry_service": "True", "number_of_adults": "5", "phone_number": "+1 206-623-4600", "rating": "4.40", "total_price": "920", "where_to": "Seattle"}, {"address": "1100 5th Avenue", "has_laundry_service": "True", "number_of_adults": "5", "phone_number": "+1 800-853-3914", "rating": "4.40", "total_price": "2760", "where_to": "Seattle"}, {"address": "1101 4th Avenue", "has_laundry_service": "True", "number_of_adults": "5", "phone_number": "+1 206-621-1770", "rating": "4.50", "total_price": "6300", "where_to": "Seattle"}, {"address": "1112 4th Avenue", "has_laundry_service": "True", "number_of_adults": "2", "phone_number": "+1 206-264-6000", "rating": "4.40", "total_price": "2640", "where_to": "Seattle"}], "slots": [{"exclusive_end": 28, "slot": "address", "start": 13}, {"exclusive_end": 89, "slot": "rating", "start": 86}]}], "speaker": "SYSTEM", "utterance": "The house at 1000 1st Avenue is among 10 houses that you may like. It has a rating of 4.5."}, {"frames": [{"actions": [{"act": "INFORM", "canonical_values": ["4.50"], "slot": "rating", "values": ["4.5"]}, {"act": "REQUEST_ALTS", "canonical_values": [], "slot": "", "values": []}], "service": "Hotels_2", "slots": [{"exclusive_end": 44, "slot": "rating", "start": 41}], "state": {"active_intent": "SearchHouse", "requested_slots": [], "slot_values": {"rating": ["4.5"], "where_to": ["Seattle"]}}}], "speaker": "USER", "utterance": "I'd like to consider other houses with a 4.5 rating, or even higher."}, {"frames": [{"actions": [{"act": "OFFER", "canonical_values": ["1101 4th Avenue"], "slot": "address", "values": ["1101 4th Avenue"]}, {"act": "OFFER", "canonical_values": ["4.50"], "slot": "rating", "values": ["4.5"]}], "service": "Hotels_2", "service_call": {"method": "SearchHouse", "parameters": {"rating": "4.50", "where_to": "Seattle"}}, "service_results": [{"address": "1000 1st Avenue", "has_laundry_service": "True", "number_of_adults": "2", "phone_number": "+1 206-957-1000", "rating": "4.50", "total_price": "928", "where_to": "Seattle"}, {"address": "1101 4th Avenue", "has_laundry_service": "True", "number_of_adults": "5", "phone_number": "+1 206-621-1770", "rating": "4.50", "total_price": "6300", "where_to": "Seattle"}, {"address": "1635 8th Avenue", "has_laundry_service": "False", "number_of_adults": "1", "phone_number": "+1 206-695-1234", "rating": "4.50", "total_price": "936", "where_to": "Seattle"}, {"address": "1815 Terry Avenue", "has_laundry_service": "True", "number_of_adults": "2", "phone_number": "+1 206-388-1000", "rating": "4.50", "total_price": "828", "where_to": "Seattle"}, {"address": "2000 4th Avenue", "has_laundry_service": "True", "number_of_adults": "1", "phone_number": "+1 206-448-8600", "rating": "4.50", "total_price": "288", "where_to": "Seattle"}, {"address": "2423 1st Avenue", "has_laundry_service": "False", "number_of_adults": "1", "phone_number": "+1 206-448-4721", "rating": "4.50", "total_price": "50", "where_to": "Seattle"}, {"address": "255 South King Street", "has_laundry_service": "True", "number_of_adults": "3", "phone_number": "+1 206-859-4400", "rating": "4.50", "total_price": "198", "where_to": "Seattle"}, {"address": "3926 Aurora Avenue North", "has_laundry_service": "True", "number_of_adults": "2", "phone_number": "+1 206-632-1015", "rating": "4.50", "total_price": "2448", "where_to": "Seattle"}, {"address": "4501 12th Avenue Northeast", "has_laundry_service": "True", "number_of_adults": "4", "phone_number": "+1 206-322-8887", "rating": "4.50", "total_price": "3168", "where_to": "Seattle"}, {"address": "700 3rd Avenue", "has_laundry_service": "True", "number_of_adults": "4", "phone_number": "+1 206-340-0340", "rating": "4.50", "total_price": "4096", "where_to": "Seattle"}], "slots": [{"exclusive_end": 28, "slot": "address", "start": 13}, {"exclusive_end": 48, "slot": "rating", "start": 45}]}], "speaker": "SYSTEM", "utterance": "The house at 1101 4th Avenue has a rating of 4.5."}, {"frames": [{"actions": [{"act": "INFORM", "canonical_values": ["1"], "slot": "number_of_adults", "values": ["1"]}, {"act": "REQUEST_ALTS", "canonical_values": [], "slot": "", "values": []}], "service": "Hotels_2", "slots": [], "state": {"active_intent": "SearchHouse", "requested_slots": [], "slot_values": {"number_of_adults": ["1"], "rating": ["4.5"], "where_to": ["Seattle"]}}}], "speaker": "USER", "utterance": "Please look for additional houses for 1 person."}, {"frames": [{"actions": [{"act": "OFFER", "canonical_values": ["1635 8th Avenue"], "slot": "address", "values": ["1635 8th Avenue"]}, {"act": "OFFER", "canonical_values": ["4.50"], "slot": "rating", "values": ["4.5"]}, {"act": "INFORM_COUNT", "canonical_values": ["8"], "slot": "count", "values": ["8"]}], "service": "Hotels_2", "service_call": {"method": "SearchHouse", "parameters": {"number_of_adults": "1", "rating": "4.50", "where_to": "Seattle"}}, "service_results": [{"address": "1000 1st Avenue", "has_laundry_service": "True", "number_of_adults": "1", "phone_number": "+1 206-957-1000", "rating": "4.50", "total_price": "928", "where_to": "Seattle"}, {"address": "1101 4th Avenue", "has_laundry_service": "True", "number_of_adults": "1", "phone_number": "+1 206-621-1770", "rating": "4.50", "total_price": "6300", "where_to": "Seattle"}, {"address": "1635 8th Avenue", "has_laundry_service": "False", "number_of_adults": "1", "phone_number": "+1 206-695-1234", "rating": "4.50", "total_price": "936", "where_to": "Seattle"}, {"address": "1815 Terry Avenue", "has_laundry_service": "True", "number_of_adults": "1", "phone_number": "+1 206-388-1000", "rating": "4.50", "total_price": "828", "where_to": "Seattle"}, {"address": "2000 4th Avenue", "has_laundry_service": "True", "number_of_adults": "1", "phone_number": "+1 206-448-8600", "rating": "4.50", "total_price": "288", "where_to": "Seattle"}, {"address": "2423 1st Avenue", "has_laundry_service": "False", "number_of_adults": "1", "phone_number": "+1 206-448-4721", "rating": "4.50", "total_price": "50", "where_to": "Seattle"}, {"address": "255 South King Street", "has_laundry_service": "True", "number_of_adults": "1", "phone_number": "+1 206-859-4400", "rating": "4.50", "total_price": "198", "where_to": "Seattle"}, {"address": "3926 Aurora Avenue North", "has_laundry_service": "True", "number_of_adults": "1", "phone_number": "+1 206-632-1015", "rating": "4.50", "total_price": "2448", "where_to": "Seattle"}], "slots": [{"exclusive_end": 83, "slot": "address", "start": 68}, {"exclusive_end": 63, "slot": "rating", "start": 60}]}], "speaker": "SYSTEM", "utterance": "I found 8 houses that might interest you: There's one rated 4.5, at 1635 8th Avenue."}, {"frames": [{"actions": [{"act": "REQUEST", "canonical_values": [], "slot": "has_laundry_service", "values": []}], "service": "Hotels_2", "slots": [], "state": {"active_intent": "SearchHouse", "requested_slots": ["has_laundry_service"], "slot_values": {"number_of_adults": ["1"], "rating": ["4.5"], "where_to": ["Seattle"]}}}], "speaker": "USER", "utterance": "Does the house have laundry service?"}, {"frames": [{"actions": [{"act": "INFORM", "canonical_values": ["False"], "slot": "has_laundry_service", "values": ["False"]}], "service": "Hotels_2", "slots": []}], "speaker": "SYSTEM", "utterance": "No. There's no laundry service."}, {"frames": [{"actions": [{"act": "REQUEST", "canonical_values": [], "slot": "phone_number", "values": []}], "service": "Hotels_2", "slots": [], "state": {"active_intent": "SearchHouse", "requested_slots": ["phone_number"], "slot_values": {"number_of_adults": ["1"], "rating": ["4.5"], "where_to": ["Seattle"]}}}], "speaker": "USER", "utterance": "Please let me have their contact number."}, {"frames": [{"actions": [{"act": "INFORM", "canonical_values": ["+1 206-695-1234"], "slot": "phone_number", "values": ["+1 206-695-1234"]}], "service": "Hotels_2", "slots": [{"exclusive_end": 39, "slot": "phone_number", "start": 24}]}], "speaker": "SYSTEM", "utterance": "You can contact them on +1 206-695-1234."}, {"frames": [{"actions": [{"act": "INFORM", "canonical_values": ["2019-03-14"], "slot": "check_out_date", "values": ["14th of March"]}, {"act": "INFORM", "canonical_values": ["2019-03-05"], "slot": "check_in_date", "values": ["5th of March"]}, {"act": "INFORM_INTENT", "canonical_values": ["BookHouse"], "slot": "intent", "values": ["BookHouse"]}, {"act": "SELECT", "canonical_values": [], "slot": "", "values": []}], "service": "Hotels_2", "slots": [{"exclusive_end": 120, "slot": "check_out_date", "start": 107}, {"exclusive_end": 89, "slot": "check_in_date", "start": 77}], "state": {"active_intent": "BookHouse", "requested_slots": [], "slot_values": {"check_in_date": ["5th of March"], "check_out_date": ["14th of March"], "number_of_adults": ["1"], "rating": ["4.5"], "where_to": ["Seattle"]}}}], "speaker": "USER", "utterance": "I really like this house and would like to reserve it. I'll check in date on 5th of March and check out on 14th of March."}, {"frames": [{"actions": [{"act": "CONFIRM", "canonical_values": ["Seattle"], "slot": "where_to", "values": ["Seattle"]}, {"act": "CONFIRM", "canonical_values": ["1"], "slot": "number_of_adults", "values": ["1"]}, {"act": "CONFIRM", "canonical_values": ["2019-03-05"], "slot": "check_in_date", "values": ["next Tuesday"]}, {"act": "CONFIRM", "canonical_values": ["2019-03-14"], "slot": "check_out_date", "values": ["March 14th"]}], "service": "Hotels_2", "slots": [{"exclusive_end": 66, "slot": "where_to", "start": 59}, {"exclusive_end": 105, "slot": "check_in_date", "start": 93}, {"exclusive_end": 134, "slot": "check_out_date", "start": 124}]}], "speaker": "SYSTEM", "utterance": "Let me see if I got everything correctly: A reservation in Seattle for 1 person, checking in next Tuesday, and checking out March 14th. Correct?"}, {"frames": [{"actions": [{"act": "INFORM", "canonical_values": ["2019-03-02"], "slot": "check_in_date", "values": ["this Saturday"]}, {"act": "NEGATE", "canonical_values": [], "slot": "", "values": []}], "service": "Hotels_2", "slots": [{"exclusive_end": 48, "slot": "check_in_date", "start": 35}], "state": {"active_intent": "BookHouse", "requested_slots": [], "slot_values": {"check_in_date": ["this Saturday"], "check_out_date": ["14th of March", "March 14th"], "number_of_adults": ["1"], "rating": ["4.5"], "where_to": ["Seattle"]}}}], "speaker": "USER", "utterance": "No. Actually, I'd like to check in this Saturday."}, {"frames": [{"actions": [{"act": "CONFIRM", "canonical_values": ["Seattle"], "slot": "where_to", "values": ["Seattle"]}, {"act": "CONFIRM", "canonical_values": ["2019-03-02"], "slot": "check_in_date", "values": ["tomorrow"]}], "service": "Hotels_2", "slots": [{"exclusive_end": 77, "slot": "where_to", "start": 70}, {"exclusive_end": 99, "slot": "check_in_date", "start": 91}]}], "speaker": "SYSTEM", "utterance": "Let me see if I got everything correctly this time: A reservation for Seattle, checking in tomorrow."}, {"frames": [{"actions": [{"act": "REQUEST", "canonical_values": [], "slot": "total_price", "values": []}, {"act": "AFFIRM", "canonical_values": [], "slot": "", "values": []}], "service": "Hotels_2", "slots": [], "state": {"active_intent": "BookHouse", "requested_slots": ["total_price"], "slot_values": {"check_in_date": ["this Saturday", "tomorrow"], "check_out_date": ["14th of March", "March 14th"], "number_of_adults": ["1"], "rating": ["4.5"], "where_to": ["Seattle"]}}}], "speaker": "USER", "utterance": "Yes, that sounds good. How much will it cost?"}, {"frames": [{"actions": [{"act": "INFORM", "canonical_values": ["5520"], "slot": "total_price", "values": ["$5,520"]}, {"act": "NOTIFY_SUCCESS", "canonical_values": [], "slot": "", "values": []}], "service": "Hotels_2", "service_call": {"method": "BookHouse", "parameters": {"check_in_date": "2019-03-02", "check_out_date": "2019-03-14", "number_of_adults": "1", "where_to": "Seattle"}}, "service_results": [{"address": "1635 8th Avenue", "check_in_date": "2019-03-02", "check_out_date": "2019-03-14", "has_laundry_service": "False", "number_of_adults": "1", "phone_number": "+1 206-695-1234", "rating": "4.50", "total_price": "5520", "where_to": "Seattle"}], "slots": [{"exclusive_end": 61, "slot": "total_price", "start": 55}]}], "speaker": "SYSTEM", "utterance": "Your reservation has been made. The total cost will be $5,520."}, {"frames": [{"actions": [{"act": "THANK_YOU", "canonical_values": [], "slot": "", "values": []}, {"act": "GOODBYE", "canonical_values": [], "slot": "", "values": []}], "service": "Hotels_2", "slots": [], "state": {"active_intent": "BookHouse", "requested_slots": [], "slot_values": {"check_in_date": ["this Saturday", "tomorrow"], "check_out_date": ["14th of March", "March 14th"], "number_of_adults": ["1"], "rating": ["4.5"], "where_to": ["Seattle"]}}}], "speaker": "USER", "utterance": "Thank you very much for your help. That will be all."}, {"frames": [{"actions": [{"act": "GOODBYE", "canonical_values": [], "slot": "", "values": []}], "service": "Hotels_2", "slots": []}], "speaker": "SYSTEM", "utterance": "I'm glad I could help. Bye."}]}, {"dialogue_id": "34_00004", "services": ["Hotels_2"], "turns": [{"frames": [{"actions": [{"act": "INFORM_INTENT", "canonical_values": ["SearchHouse"], "slot": "intent", "values": ["SearchHouse"]}], "service": "Hotels_2", "slots": [], "state": {"active_intent": "SearchHouse", "requested_slots": [], "slot_values": {}}}], "speaker": "USER", "utterance": "I'm looking for a house to stay in for the night."}, {"frames": [{"actions": [{"act": "REQUEST", "canonical_values": [], "slot": "where_to", "values": []}], "service": "Hotels_2", "slots": []}], "speaker": "SYSTEM", "utterance": "Sure! Where do you plan to visit?"}, {"frames": [{"actions": [{"act": "INFORM", "canonical_values": ["New York"], "slot": "where_to", "values": ["New York"]}], "service": "Hotels_2", "slots": [{"exclusive_end": 25, "slot": "where_to", "start": 17}], "state": {"active_intent": "SearchHouse", "requested_slots": [], "slot_values": {"where_to": ["New York"]}}}], "speaker": "USER", "utterance": "I'll be going to New York."}, {"frames": [{"actions": [{"act": "OFFER", "canonical_values": ["100 Greenwich Street"], "slot": "address", "values": ["100 Greenwich Street"]}, {"act": "OFFER", "canonical_values": ["4.40"], "slot": "rating", "values": ["4.4"]}], "service": "Hotels_2", "service_call": {"method": "SearchHouse", "parameters": {"where_to": "New York"}}, "service_results": [{"address": "100 Greenwich Street", "has_laundry_service": "True", "number_of_adults": "4", "phone_number": "+1 917-409-0800", "rating": "4.40", "total_price": "312", "where_to": "New York"}, {"address": "102 West 57th Street", "has_laundry_service": "True", "number_of_adults": "3", "phone_number": "+1 212-379-0103", "rating": "4.50", "total_price": "252", "where_to": "New York"}, {"address": "102-05 Ditmars Boulevard, East Elmhurst", "has_laundry_service": "True", "number_of_adults": "5", "phone_number": "+1 718-565-8900", "rating": "3.90", "total_price": "3645", "where_to": "New York"}, {"address": "102-40 Ditmars Boulevard, East Elmhurst", "has_laundry_service": "True", "number_of_adults": "4", "phone_number": "+1 718-672-6600", "rating": "4.10", "total_price": "1344", "where_to": "New York"}, {"address": "103 Waverly Place", "has_laundry_service": "False", "number_of_adults": "2", "phone_number": "+1 800-222-0418", "rating": "4.40", "total_price": "600", "where_to": "New York"}, {"address": "1033 6th Avenue", "has_laundry_service": "True", "number_of_adults": "1", "phone_number": "+1 212-768-0007", "rating": "4.20", "total_price": "837", "where_to": "New York"}, {"address": "104-04 Ditmars Boulevard, East Elmhurst", "has_laundry_service": "True", "number_of_adults": "2", "phone_number": "+1 877-270-1412", "rating": "4.00", "total_price": "1350", "where_to": "New York"}, {"address": "108 West 24th Street", "has_laundry_service": "True", "number_of_adults": "2", "phone_number": "+1 212-414-1000", "rating": "4.20", "total_price": "138", "where_to": "New York"}, {"address": "1080 Broadway, Brooklyn", "has_laundry_service": "False", "number_of_adults": "5", "phone_number": "+1 718-715-4850", "rating": "4.00", "total_price": "2250", "where_to": "New York"}, {"address": "109 West 45th Street", "has_laundry_service": "False", "number_of_adults": "5", "phone_number": "+1 212-730-9444", "rating": "4.00", "total_price": "3060", "where_to": "New York"}], "slots": [{"exclusive_end": 48, "slot": "address", "start": 28}, {"exclusive_end": 67, "slot": "rating", "start": 64}]}], "speaker": "SYSTEM", "utterance": "Ok, there's a house open on 100 Greenwich Street, the rating is 4.4."}, {"frames": [{"actions": [{"act": "INFORM", "canonical_values": ["5"], "slot": "number_of_adults", "values": ["5"]}, {"act": "INFORM", "canonical_values": ["True"], "slot": "has_laundry_service", "values": ["True"]}, {"act": "REQUEST_ALTS", "canonical_values": [], "slot": "", "values": []}], "service": "Hotels_2", "slots": [], "state": {"active_intent": "SearchHouse", "requested_slots": [], "slot_values": {"has_laundry_service": ["True"], "number_of_adults": ["5"], "where_to": ["New York"]}}}], "speaker": "USER", "utterance": "Are any other houses available for 5 people? We will also need laundry service."}, {"frames": [{"actions": [{"act": "OFFER", "canonical_values": ["102 West 57th Street"], "slot": "address", "values": ["102 West 57th Street"]}, {"act": "OFFER", "canonical_values": ["4.50"], "slot": "rating", "values": ["4.5"]}], "service": "Hotels_2", "service_call": {"method": "SearchHouse", "parameters": {"has_laundry_service": "True", "number_of_adults": "5", "where_to": "New York"}}, "service_results": [{"address": "100 Greenwich Street", "has_laundry_service": "True", "number_of_adults": "5", "phone_number": "+1 917-409-0800", "rating": "4.40", "total_price": "1125", "where_to": "New York"}, {"address": "102 West 57th Street", "has_laundry_service": "True", "number_of_adults": "5", "phone_number": "+1 212-379-0103", "rating": "4.50", "total_price": "1860", "where_to": "New York"}, {"address": "102-05 Ditmars Boulevard, East Elmhurst", "has_laundry_service": "True", "number_of_adults": "5", "phone_number": "+1 718-565-8900", "rating": "3.90", "total_price": "3645", "where_to": "New York"}, {"address": "102-40 Ditmars Boulevard, East Elmhurst", "has_laundry_service": "True", "number_of_adults": "5", "phone_number": "+1 718-672-6600", "rating": "4.10", "total_price": "3720", "where_to": "New York"}, {"address": "1033 6th Avenue", "has_laundry_service": "True", "number_of_adults": "5", "phone_number": "+1 212-768-0007", "rating": "4.20", "total_price": "1380", "where_to": "New York"}, {"address": "104-04 Ditmars Boulevard, East Elmhurst", "has_laundry_service": "True", "number_of_adults": "5", "phone_number": "+1 877-270-1412", "rating": "4.00", "total_price": "3705", "where_to": "New York"}, {"address": "108 West 24th Street", "has_laundry_service": "True", "number_of_adults": "5", "phone_number": "+1 212-414-1000", "rating": "4.20", "total_price": "1020", "where_to": "New York"}, {"address": "11 East 31st Street", "has_laundry_service": "True", "number_of_adults": "5", "phone_number": "+1 212-806-7000", "rating": "4.40", "total_price": "1740", "where_to": "New York"}, {"address": "11 Howard Street", "has_laundry_service": "True", "number_of_adults": "5", "phone_number": "+1 212-235-1111", "rating": "4.30", "total_price": "2400", "where_to": "New York"}, {"address": "11-01 43rd Avenue, Long Island City", "has_laundry_service": "True", "number_of_adults": "5", "phone_number": "+1 212-319-7000", "rating": "4.00", "total_price": "5580", "where_to": "New York"}], "slots": [{"exclusive_end": 41, "slot": "address", "start": 21}, {"exclusive_end": 60, "slot": "rating", "start": 57}]}], "speaker": "SYSTEM", "utterance": "Sure, there's one on 102 West 57th Street, the rating is 4.5."}, {"frames": [{"actions": [{"act": "INFORM", "canonical_values": ["San Francisco"], "slot": "where_to", "values": ["San Francisco"]}, {"act": "INFORM", "canonical_values": ["4.30"], "slot": "rating", "values": ["4.3"]}, {"act": "REQUEST_ALTS", "canonical_values": [], "slot": "", "values": []}], "service": "Hotels_2", "slots": [{"exclusive_end": 42, "slot": "where_to", "start": 29}, {"exclusive_end": 94, "slot": "rating", "start": 91}], "state": {"active_intent": "SearchHouse", "requested_slots": [], "slot_values": {"has_laundry_service": ["True"], "number_of_adults": ["5"], "rating": ["4.3"], "where_to": ["San Francisco"]}}}], "speaker": "USER", "utterance": "Actually, we'd like to go to San Francisco instead, and it would be great if the rating is 4.3 or better!"}, {"frames": [{"actions": [{"act": "OFFER", "canonical_values": ["1100 Market Street Hotel Entrance is at, 45 McAllister Street"], "slot": "address", "values": ["1100 Market Street Hotel entrance is at, 45 McAllister Street"]}, {"act": "OFFER", "canonical_values": ["4.30"], "slot": "rating", "values": ["4.3"]}, {"act": "INFORM_COUNT", "canonical_values": ["9"], "slot": "count", "values": ["9"]}], "service": "Hotels_2", "service_call": {"method": "SearchHouse", "parameters": {"has_laundry_service": "True", "number_of_adults": "5", "rating": "4.30", "where_to": "San Francisco"}}, "service_results": [{"address": "1100 Market Street Hotel Entrance is at, 45 McAllister Street", "has_laundry_service": "True", "number_of_adults": "5", "phone_number": "+1 415-735-7777", "rating": "4.30", "total_price": "855", "where_to": "San Francisco"}, {"address": "138 King Street", "has_laundry_service": "True", "number_of_adults": "5", "phone_number": "+1 415-200-4977", "rating": "4.30", "total_price": "1280", "where_to": "San Francisco"}, {"address": "2222 Market Street", "has_laundry_service": "True", "number_of_adults": "5", "phone_number": "+1 415-621-8212", "rating": "4.30", "total_price": "3740", "where_to": "San Francisco"}, {"address": "2237 Mason Street", "has_laundry_service": "True", "number_of_adults": "5", "phone_number": "+1 800-352-7366", "rating": "4.30", "total_price": "2275", "where_to": "San Francisco"}, {"address": "312 Mason Street", "has_laundry_service": "True", "number_of_adults": "5", "phone_number": "+1 415-788-5604", "rating": "4.30", "total_price": "4860", "where_to": "San Francisco"}, {"address": "440 Post Street", "has_laundry_service": "True", "number_of_adults": "5", "phone_number": "+1 415-397-3510", "rating": "4.30", "total_price": "4680", "where_to": "San Francisco"}, {"address": "494 Broadway", "has_laundry_service": "True", "number_of_adults": "5", "phone_number": "+1 415-834-1000", "rating": "4.30", "total_price": "285", "where_to": "San Francisco"}, {"address": "495 Jefferson Street", "has_laundry_service": "True", "number_of_adults": "5", "phone_number": "+1 415-563-0800", "rating": "4.30", "total_price": "2160", "where_to": "San Francisco"}, {"address": "750 Sutter Street", "has_laundry_service": "True", "number_of_adults": "5", "phone_number": "+1 415-345-3200", "rating": "4.30", "total_price": "4140", "where_to": "San Francisco"}], "slots": [{"exclusive_end": 110, "slot": "address", "start": 49}, {"exclusive_end": 131, "slot": "rating", "start": 128}]}], "speaker": "SYSTEM", "utterance": "Ok sure! 9 houses are available, there is one at 1100 Market Street Hotel entrance is at, 45 McAllister Street with a rating of 4.3"}, {"frames": [{"actions": [{"act": "SELECT", "canonical_values": [], "slot": "", "values": []}], "service": "Hotels_2", "slots": [], "state": {"active_intent": "SearchHouse", "requested_slots": [], "slot_values": {"has_laundry_service": ["True"], "number_of_adults": ["5"], "rating": ["4.3"], "where_to": ["San Francisco"]}}}], "speaker": "USER", "utterance": "That looks perfect!"}, {"frames": [{"actions": [{"act": "OFFER_INTENT", "canonical_values": ["BookHouse"], "slot": "intent", "values": ["BookHouse"]}], "service": "Hotels_2", "slots": []}], "speaker": "SYSTEM", "utterance": "Can I book this house for you then?"}, {"frames": [{"actions": [{"act": "AFFIRM_INTENT", "canonical_values": [], "slot": "", "values": []}], "service": "Hotels_2", "slots": [], "state": {"active_intent": "BookHouse", "requested_slots": [], "slot_values": {"has_laundry_service": ["True"], "number_of_adults": ["5"], "rating": ["4.3"], "where_to": ["San Francisco"]}}}], "speaker": "USER", "utterance": "Sure, that would be great."}, {"frames": [{"actions": [{"act": "REQUEST", "canonical_values": [], "slot": "check_out_date", "values": []}], "service": "Hotels_2", "slots": []}], "speaker": "SYSTEM", "utterance": "When would you hope to check out?"}, {"frames": [{"actions": [{"act": "INFORM", "canonical_values": ["2019-03-08"], "slot": "check_out_date", "values": ["next Friday"]}], "service": "Hotels_2", "slots": [{"exclusive_end": 29, "slot": "check_out_date", "start": 18}], "state": {"active_intent": "BookHouse", "requested_slots": [], "slot_values": {"check_out_date": ["next Friday"], "has_laundry_service": ["True"], "number_of_adults": ["5"], "rating": ["4.3"], "where_to": ["San Francisco"]}}}], "speaker": "USER", "utterance": "I'd like it to be next Friday please."}, {"frames": [{"actions": [{"act": "REQUEST", "canonical_values": [], "slot": "check_in_date", "values": []}], "service": "Hotels_2", "slots": []}], "speaker": "SYSTEM", "utterance": "Sure, and the check in date?"}, {"frames": [{"actions": [{"act": "INFORM", "canonical_values": ["2019-03-05"], "slot": "check_in_date", "values": ["next Tuesday"]}], "service": "Hotels_2", "slots": [{"exclusive_end": 12, "slot": "check_in_date", "start": 0}], "state": {"active_intent": "BookHouse", "requested_slots": [], "slot_values": {"check_in_date": ["next Tuesday"], "check_out_date": ["next Friday"], "has_laundry_service": ["True"], "number_of_adults": ["5"], "rating": ["4.3"], "where_to": ["San Francisco"]}}}], "speaker": "USER", "utterance": "next Tuesday if possible."}, {"frames": [{"actions": [{"act": "CONFIRM", "canonical_values": ["San Francisco"], "slot": "where_to", "values": ["San Francisco"]}, {"act": "CONFIRM", "canonical_values": ["5"], "slot": "number_of_adults", "values": ["5"]}, {"act": "CONFIRM", "canonical_values": ["2019-03-05"], "slot": "check_in_date", "values": ["next Tuesday"]}, {"act": "CONFIRM", "canonical_values": ["2019-03-08"], "slot": "check_out_date", "values": ["next Friday"]}], "service": "Hotels_2", "slots": [{"exclusive_end": 43, "slot": "where_to", "start": 30}, {"exclusive_end": 92, "slot": "check_in_date", "start": 80}, {"exclusive_end": 127, "slot": "check_out_date", "start": 116}]}], "speaker": "SYSTEM", "utterance": "Sure, just to be sure, that's San Francisco with 5 people. The check in will be next Tuesday, and check out will be next Friday. Does this sound correct?"}, {"frames": [{"actions": [{"act": "INFORM", "canonical_values": ["2019-03-14"], "slot": "check_out_date", "values": ["the 14th"]}, {"act": "NEGATE", "canonical_values": [], "slot": "", "values": []}], "service": "Hotels_2", "slots": [{"exclusive_end": 42, "slot": "check_out_date", "start": 34}], "state": {"active_intent": "BookHouse", "requested_slots": [], "slot_values": {"check_in_date": ["next Tuesday"], "check_out_date": ["the 14th"], "has_laundry_service": ["True"], "number_of_adults": ["5"], "rating": ["4.3"], "where_to": ["San Francisco"]}}}], "speaker": "USER", "utterance": "Actually, I'd like to check in on the 14th instead if possible."}, {"frames": [{"actions": [{"act": "CONFIRM", "canonical_values": ["2019-03-05"], "slot": "check_in_date", "values": ["next Tuesday"]}, {"act": "CONFIRM", "canonical_values": ["2019-03-14"], "slot": "check_out_date", "values": ["March 14th"]}], "service": "Hotels_2", "slots": [{"exclusive_end": 43, "slot": "check_in_date", "start": 31}, {"exclusive_end": 69, "slot": "check_out_date", "start": 59}]}], "speaker": "SYSTEM", "utterance": "Sure, no problem. So, check in next Tuesday, and check out March 14th?"}, {"frames": [{"actions": [{"act": "INFORM", "canonical_values": ["2019-03-02"], "slot": "check_in_date", "values": ["2nd of March"]}, {"act": "NEGATE", "canonical_values": [], "slot": "", "values": []}], "service": "Hotels_2", "slots": [{"exclusive_end": 48, "slot": "check_in_date", "start": 36}], "state": {"active_intent": "BookHouse", "requested_slots": [], "slot_values": {"check_in_date": ["2nd of March"], "check_out_date": ["March 14th", "the 14th"], "has_laundry_service": ["True"], "number_of_adults": ["5"], "rating": ["4.3"], "where_to": ["San Francisco"]}}}], "speaker": "USER", "utterance": "Would we be able to check in on the 2nd of March?"}, {"frames": [{"actions": [{"act": "CONFIRM", "canonical_values": ["2019-03-02"], "slot": "check_in_date", "values": ["tomorrow"]}, {"act": "CONFIRM", "canonical_values": ["2019-03-14"], "slot": "check_out_date", "values": ["March 14th"]}], "service": "Hotels_2", "slots": [{"exclusive_end": 30, "slot": "check_in_date", "start": 22}, {"exclusive_end": 56, "slot": "check_out_date", "start": 46}]}], "speaker": "SYSTEM", "utterance": "Yes! You can check in tomorrow, and check out March 14th. Does everything sound ok?"}, {"frames": [{"actions": [{"act": "AFFIRM", "canonical_values": [], "slot": "", "values": []}], "service": "Hotels_2", "slots": [], "state": {"active_intent": "BookHouse", "requested_slots": [], "slot_values": {"check_in_date": ["2nd of March", "tomorrow"], "check_out_date": ["March 14th", "the 14th"], "has_laundry_service": ["True"], "number_of_adults": ["5"], "rating": ["4.3"], "where_to": ["San Francisco"]}}}], "speaker": "USER", "utterance": "Sounds just right!"}, {"frames": [{"actions": [{"act": "NOTIFY_SUCCESS", "canonical_values": [], "slot": "", "values": []}], "service": "Hotels_2", "service_call": {"method": "BookHouse", "parameters": {"check_in_date": "2019-03-02", "check_out_date": "2019-03-14", "number_of_adults": "5", "where_to": "San Francisco"}}, "service_results": [{"address": "1100 Market Street Hotel Entrance is at, 45 McAllister Street", "check_in_date": "2019-03-02", "check_out_date": "2019-03-14", "has_laundry_service": "True", "number_of_adults": "5", "phone_number": "+1 415-735-7777", "rating": "4.30", "total_price": "5040", "where_to": "San Francisco"}], "slots": []}], "speaker": "SYSTEM", "utterance": "Perfect, your reservation is booked!"}, {"frames": [{"actions": [{"act": "THANK_YOU", "canonical_values": [], "slot": "", "values": []}, {"act": "GOODBYE", "canonical_values": [], "slot": "", "values": []}], "service": "Hotels_2", "slots": [], "state": {"active_intent": "BookHouse", "requested_slots": [], "slot_values": {"check_in_date": ["2nd of March", "tomorrow"], "check_out_date": ["March 14th", "the 14th"], "has_laundry_service": ["True"], "number_of_adults": ["5"], "rating": ["4.3"], "where_to": ["San Francisco"]}}}], "speaker": "USER", "utterance": "Thank you so much, you were very helpful."}, {"frames": [{"actions": [{"act": "GOODBYE", "canonical_values": [], "slot": "", "values": []}], "service": "Hotels_2", "slots": []}], "speaker": "SYSTEM", "utterance": "Absolutely, have a great trip!"}]}]