[{"dialogue_id": "2_00000", "services": ["Restaurants_1"], "turns": [{"frames": [{"actions": [{"act": "INFORM_INTENT", "canonical_values": ["FindRestaurants"], "slot": "intent", "values": ["FindRestaurants"]}], "service": "Restaurants_1", "slots": [], "state": {"active_intent": "FindRestaurants", "requested_slots": [], "slot_values": {}}}], "speaker": "USER", "utterance": "I'm looking for a place to eat."}, {"frames": [{"actions": [{"act": "REQUEST", "canonical_values": ["Mexican", "Chinese"], "slot": "cuisine", "values": ["Mexican", "Chinese"]}], "service": "Restaurants_1", "slots": [{"exclusive_end": 37, "slot": "cuisine", "start": 30}, {"exclusive_end": 46, "slot": "cuisine", "start": 39}]}], "speaker": "SYSTEM", "utterance": "What are you in the mood for: Mexican, Chinese, or something else?"}, {"frames": [{"actions": [{"act": "INFORM", "canonical_values": ["Japanese"], "slot": "cuisine", "values": ["Sushi"]}], "service": "Restaurants_1", "slots": [{"exclusive_end": 5, "slot": "cuisine", "start": 0}], "state": {"active_intent": "FindRestaurants", "requested_slots": [], "slot_values": {"cuisine": ["Sushi"]}}}], "speaker": "USER", "utterance": "Sushi sounds good right now."}, {"frames": [{"actions": [{"act": "REQUEST", "canonical_values": [], "slot": "city", "values": []}], "service": "Restaurants_1", "slots": []}], "speaker": "SYSTEM", "utterance": "Which city do you want to eat in?"}, {"frames": [{"actions": [{"act": "INFORM", "canonical_values": ["True"], "slot": "serves_alcohol", "values": ["True"]}, {"act": "INFORM", "canonical_values": ["moderate"], "slot": "price_range", "values": ["moderate"]}, {"act": "INFORM", "canonical_values": ["San Francisco"], "slot": "city", "values": ["SF"]}], "service": "Restaurants_1", "slots": [{"exclusive_end": 46, "slot": "city", "start": 44}], "state": {"active_intent": "FindRestaurants", "requested_slots": [], "slot_values": {"city": ["SF"], "cuisine": ["Sushi"], "price_range": ["moderate"], "serves_alcohol": ["True"]}}}], "speaker": "USER", "utterance": "Somewhere affordable, that sells alcohol in SF."}, {"frames": [{"actions": [{"act": "OFFER", "canonical_values": ["2g Japanese Brasserie"], "slot": "restaurant_name", "values": ["2g Japanese Brasserie"]}, {"act": "OFFER", "canonical_values": ["San Francisco"], "slot": "city", "values": ["San Francisco"]}], "service": "Restaurants_1", "service_call": {"method": "FindRestaurants", "parameters": {"city": "San Francisco", "cuisine": "Japanese", "price_range": "moderate", "serves_alcohol": "True"}}, "service_results": [{"city": "San Francisco", "cuisine": "Japanese", "has_live_music": "False", "phone_number": "415-292-9997", "price_range": "moderate", "restaurant_name": "2g Japanese Brasserie", "serves_alcohol": "True", "street_address": "601 Van Ness Avenue"}, {"city": "San Francisco", "cuisine": "Japanese", "has_live_music": "False", "phone_number": "415-800-8498", "price_range": "moderate", "restaurant_name": "Akira Japanese Restaurant", "serves_alcohol": "True", "street_address": "1634 Bush Street"}, {"city": "San Francisco", "cuisine": "Japanese", "has_live_music": "False", "phone_number": "415-530-2466", "price_range": "moderate", "restaurant_name": "Ginto", "serves_alcohol": "True", "street_address": "658 Market Street"}, {"city": "San Francisco", "cuisine": "Japanese", "has_live_music": "False", "phone_number": "415-379-4539", "price_range": "moderate", "restaurant_name": "Jin Pot", "serves_alcohol": "True", "street_address": "5158 Geary Boulevard"}, {"city": "San Francisco", "cuisine": "Japanese", "has_live_music": "False", "phone_number": "415-536-7888", "price_range": "moderate", "restaurant_name": "Kaisen Sushi", "serves_alcohol": "True", "street_address": "71 5th Street"}, {"city": "San Francisco", "cuisine": "Japanese", "has_live_music": "False", "phone_number": "415-565-0918", "price_range": "moderate", "restaurant_name": "Mikado Sushi", "serves_alcohol": "True", "street_address": "1684 Bryant Street"}, {"city": "San Francisco", "cuisine": "Japanese", "has_live_music": "False", "phone_number": "415-864-1888", "price_range": "moderate", "restaurant_name": "Minako Organic Japanese Restaurant", "serves_alcohol": "True", "street_address": "2154 Mission Street"}, {"city": "San Francisco", "cuisine": "Japanese", "has_live_music": "False", "phone_number": "415-346-3486", "price_range": "moderate", "restaurant_name": "Sanppo Restaurant", "serves_alcohol": "True", "street_address": "1702 Post Street"}, {"city": "San Francisco", "cuisine": "Japanese", "has_live_music": "False", "phone_number": "415-931-1182", "price_range": "moderate", "restaurant_name": "Tataki Sushi And Sake Bar", "serves_alcohol": "True", "street_address": "2827 California Street"}, {"city": "San Francisco", "cuisine": "Japanese", "has_live_music": "False", "phone_number": "415-346-3477", "price_range": "moderate", "restaurant_name": "Ten-ichi", "serves_alcohol": "True", "street_address": "2235 Fillmore Street"}], "slots": [{"exclusive_end": 21, "slot": "restaurant_name", "start": 0}, {"exclusive_end": 65, "slot": "city", "start": 52}]}], "speaker": "SYSTEM", "utterance": "2g Japanese Brasserie is a nice sushi restaurant in San Francisco."}, {"frames": [{"actions": [{"act": "REQUEST", "canonical_values": [], "slot": "has_live_music", "values": []}, {"act": "REQUEST", "canonical_values": [], "slot": "phone_number", "values": []}], "service": "Restaurants_1", "slots": [], "state": {"active_intent": "FindRestaurants", "requested_slots": ["has_live_music", "phone_number"], "slot_values": {"city": ["SF", "San Francisco"], "cuisine": ["Sushi"], "price_range": ["moderate"], "serves_alcohol": ["True"]}}}], "speaker": "USER", "utterance": "Can I call them? Is there live music?"}, {"frames": [{"actions": [{"act": "INFORM", "canonical_values": ["415-292-9997"], "slot": "phone_number", "values": ["415-292-9997"]}, {"act": "INFORM", "canonical_values": ["False"], "slot": "has_live_music", "values": ["False"]}], "service": "Restaurants_1", "slots": [{"exclusive_end": 62, "slot": "phone_number", "start": 50}]}], "speaker": "SYSTEM", "utterance": "There is no live music, and their phone number is 415-292-9997."}, {"frames": [{"actions": [{"act": "REQUEST_ALTS", "canonical_values": [], "slot": "", "values": []}], "service": "Restaurants_1", "slots": [], "state": {"active_intent": "FindRestaurants", "requested_slots": [], "slot_values": {"city": ["SF", "San Francisco"], "cuisine": ["Sushi"], "price_range": ["moderate"], "serves_alcohol": ["True"]}}}], "speaker": "USER", "utterance": "Are there any other restauarnts nearby?"}, {"frames": [{"actions": [{"act": "OFFER", "canonical_values": ["Akira Japanese Restaurant"], "slot": "restaurant_name", "values": ["Akira Japanese Restaurant"]}, {"act": "OFFER", "canonical_values": ["San Francisco"], "slot": "city", "values": ["San Francisco"]}], "service": "Restaurants_1", "slots": [{"exclusive_end": 25, "slot": "restaurant_name", "start": 0}, {"exclusive_end": 69, "slot": "city", "start": 56}]}], "speaker": "SYSTEM", "utterance": "Akira Japanese Restaurant is also a sushi restaurant in San Francisco."}, {"frames": [{"actions": [{"act": "SELECT", "canonical_values": [], "slot": "", "values": []}], "service": "Restaurants_1", "slots": [], "state": {"active_intent": "FindRestaurants", "requested_slots": [], "slot_values": {"city": ["SF", "San Francisco"], "cuisine": ["Sushi"], "price_range": ["moderate"], "restaurant_name": ["Akira Japanese Restaurant"], "serves_alcohol": ["True"]}}}], "speaker": "USER", "utterance": "That sounds good."}, {"frames": [{"actions": [{"act": "OFFER_INTENT", "canonical_values": ["ReserveRestaurant"], "slot": "intent", "values": ["ReserveRestaurant"]}], "service": "Restaurants_1", "slots": []}], "speaker": "SYSTEM", "utterance": "Would you like to make a reservation?"}, {"frames": [{"actions": [{"act": "AFFIRM_INTENT", "canonical_values": [], "slot": "", "values": []}], "service": "Restaurants_1", "slots": [], "state": {"active_intent": "ReserveRestaurant", "requested_slots": [], "slot_values": {"city": ["SF", "San Francisco"], "cuisine": ["Sushi"], "price_range": ["moderate"], "restaurant_name": ["Akira Japanese Restaurant"], "serves_alcohol": ["True"]}}}], "speaker": "USER", "utterance": "Yes I would like to make a reservation."}, {"frames": [{"actions": [{"act": "REQUEST", "canonical_values": [], "slot": "time", "values": []}], "service": "Restaurants_1", "slots": []}], "speaker": "SYSTEM", "utterance": "What time would you like the reservation?"}, {"frames": [{"actions": [{"act": "INFORM", "canonical_values": ["17:00"], "slot": "time", "values": ["five pm"]}], "service": "Restaurants_1", "slots": [{"exclusive_end": 19, "slot": "time", "start": 12}], "state": {"active_intent": "ReserveRestaurant", "requested_slots": [], "slot_values": {"city": ["SF", "San Francisco"], "cuisine": ["Sushi"], "price_range": ["moderate"], "restaurant_name": ["Akira Japanese Restaurant"], "serves_alcohol": ["True"], "time": ["five pm"]}}}], "speaker": "USER", "utterance": "Lets eat at five pm."}, {"frames": [{"actions": [{"act": "CONFIRM", "canonical_values": ["Akira Japanese Restaurant"], "slot": "restaurant_name", "values": ["Akira Japanese Restaurant"]}, {"act": "CONFIRM", "canonical_values": ["San Francisco"], "slot": "city", "values": ["San Francisco"]}, {"act": "CONFIRM", "canonical_values": ["17:00"], "slot": "time", "values": ["5 pm"]}, {"act": "CONFIRM", "canonical_values": ["2019-03-01"], "slot": "date", "values": ["today"]}, {"act": "CONFIRM", "canonical_values": ["2"], "slot": "party_size", "values": ["2"]}], "service": "Restaurants_1", "slots": [{"exclusive_end": 87, "slot": "restaurant_name", "start": 62}, {"exclusive_end": 104, "slot": "city", "start": 91}, {"exclusive_end": 119, "slot": "time", "start": 115}, {"exclusive_end": 111, "slot": "date", "start": 106}]}], "speaker": "SYSTEM", "utterance": "Can you confirm the details: Booking a table for 2 people, at Akira Japanese Restaurant in San Francisco, today at 5 pm."}, {"frames": [{"actions": [{"act": "INFORM", "canonical_values": ["6"], "slot": "party_size", "values": ["6"]}, {"act": "NEGATE", "canonical_values": [], "slot": "", "values": []}], "service": "Restaurants_1", "slots": [], "state": {"active_intent": "ReserveRestaurant", "requested_slots": [], "slot_values": {"city": ["SF", "San Francisco"], "cuisine": ["Sushi"], "party_size": ["6"], "price_range": ["moderate"], "restaurant_name": ["Akira Japanese Restaurant"], "serves_alcohol": ["True"], "time": ["5 pm", "five pm"]}}}], "speaker": "USER", "utterance": "Actually is is for six people."}, {"frames": [{"actions": [{"act": "CONFIRM", "canonical_values": ["17:00"], "slot": "time", "values": ["5 pm"]}, {"act": "CONFIRM", "canonical_values": ["6"], "slot": "party_size", "values": ["6"]}], "service": "Restaurants_1", "slots": [{"exclusive_end": 125, "slot": "time", "start": 121}]}], "speaker": "SYSTEM", "utterance": "Okay. Can you confirm the details: Booking a table for 6 people, at Akira Japanese Restaurant in San Francisco, today at 5 pm."}, {"frames": [{"actions": [{"act": "REQUEST", "canonical_values": [], "slot": "street_address", "values": []}, {"act": "REQUEST", "canonical_values": [], "slot": "phone_number", "values": []}, {"act": "AFFIRM", "canonical_values": [], "slot": "", "values": []}], "service": "Restaurants_1", "slots": [], "state": {"active_intent": "ReserveRestaurant", "requested_slots": ["phone_number", "street_address"], "slot_values": {"city": ["SF", "San Francisco"], "cuisine": ["Sushi"], "date": ["today"], "party_size": ["6"], "price_range": ["moderate"], "restaurant_name": ["Akira Japanese Restaurant"], "serves_alcohol": ["True"], "time": ["5 pm", "five pm"]}}}], "speaker": "USER", "utterance": "Yes that's right. What is thier address and phone number?"}, {"frames": [{"actions": [{"act": "INFORM", "canonical_values": ["415-800-8498"], "slot": "phone_number", "values": ["415-800-8498"]}, {"act": "INFORM", "canonical_values": ["1634 Bush Street"], "slot": "street_address", "values": ["1634 Bush Street"]}, {"act": "NOTIFY_SUCCESS", "canonical_values": [], "slot": "", "values": []}], "service": "Restaurants_1", "service_call": {"method": "ReserveRestaurant", "parameters": {"city": "San Francisco", "date": "2019-03-01", "party_size": "6", "restaurant_name": "Akira Japanese Restaurant", "time": "17:00"}}, "service_results": [{"city": "San Francisco", "cuisine": "Japanese", "date": "2019-03-01", "has_live_music": "False", "party_size": "6", "phone_number": "415-800-8498", "price_range": "moderate", "restaurant_name": "Akira Japanese Restaurant", "serves_alcohol": "True", "street_address": "1634 Bush Street", "time": "17:00"}], "slots": [{"exclusive_end": 115, "slot": "phone_number", "start": 103}, {"exclusive_end": 82, "slot": "street_address", "start": 66}]}], "speaker": "SYSTEM", "utterance": "Your reservation has been confirmed. The restaurant is located at 1634 Bush Street and their number is 415-800-8498."}, {"frames": [{"actions": [{"act": "THANK_YOU", "canonical_values": [], "slot": "", "values": []}], "service": "Restaurants_1", "slots": [], "state": {"active_intent": "ReserveRestaurant", "requested_slots": [], "slot_values": {"city": ["SF", "San Francisco"], "cuisine": ["Sushi"], "date": ["today"], "party_size": ["6"], "price_range": ["moderate"], "restaurant_name": ["Akira Japanese Restaurant"], "serves_alcohol": ["True"], "time": ["5 pm", "five pm"]}}}], "speaker": "USER", "utterance": "Thanks"}, {"frames": [{"actions": [{"act": "REQ_MORE", "canonical_values": [], "slot": "", "values": []}], "service": "Restaurants_1", "slots": []}], "speaker": "SYSTEM", "utterance": "Is there anything else I can help with?"}, {"frames": [{"actions": [{"act": "NEGATE", "canonical_values": [], "slot": "", "values": []}, {"act": "THANK_YOU", "canonical_values": [], "slot": "", "values": []}], "service": "Restaurants_1", "slots": [], "state": {"active_intent": "NONE", "requested_slots": [], "slot_values": {"city": ["SF", "San Francisco"], "cuisine": ["Sushi"], "date": ["today"], "party_size": ["6"], "price_range": ["moderate"], "restaurant_name": ["Akira Japanese Restaurant"], "serves_alcohol": ["True"], "time": ["5 pm", "five pm"]}}}], "speaker": "USER", "utterance": "No, thanks thats all."}, {"frames": [{"actions": [{"act": "GOODBYE", "canonical_values": [], "slot": "", "values": []}], "service": "Restaurants_1", "slots": []}], "speaker": "SYSTEM", "utterance": "Have a nice day."}]}, {"dialogue_id": "2_00001", "services": ["Restaurants_1"], "turns": [{"frames": [{"actions": [{"act": "INFORM_INTENT", "canonical_values": ["FindRestaurants"], "slot": "intent", "values": ["FindRestaurants"]}], "service": "Restaurants_1", "slots": [], "state": {"active_intent": "FindRestaurants", "requested_slots": [], "slot_values": {}}}], "speaker": "USER", "utterance": "I am looking for a restaurant."}, {"frames": [{"actions": [{"act": "REQUEST", "canonical_values": ["Chinese", "Italian"], "slot": "cuisine", "values": ["Chinese", "Italian"]}], "service": "Restaurants_1", "slots": [{"exclusive_end": 55, "slot": "cuisine", "start": 48}, {"exclusive_end": 67, "slot": "cuisine", "start": 60}]}], "speaker": "SYSTEM", "utterance": "What kind of food do you want? Examples include Chinese and Italian."}, {"frames": [{"actions": [{"act": "INFORM", "canonical_values": ["moderate"], "slot": "price_range", "values": ["moderate"]}, {"act": "INFORM", "canonical_values": ["African"], "slot": "cuisine", "values": ["African"]}], "service": "Restaurants_1", "slots": [{"exclusive_end": 42, "slot": "cuisine", "start": 35}], "state": {"active_intent": "FindRestaurants", "requested_slots": [], "slot_values": {"cuisine": ["African"], "price_range": ["moderate"]}}}], "speaker": "USER", "utterance": "I am looking for affordable priced African food."}, {"frames": [{"actions": [{"act": "REQUEST", "canonical_values": [], "slot": "city", "values": []}], "service": "Restaurants_1", "slots": []}], "speaker": "SYSTEM", "utterance": "What city are you looking in?"}, {"frames": [{"actions": [{"act": "INFORM", "canonical_values": ["Oakland"], "slot": "city", "values": ["Oakland"]}], "service": "Restaurants_1", "slots": [{"exclusive_end": 15, "slot": "city", "start": 8}], "state": {"active_intent": "FindRestaurants", "requested_slots": [], "slot_values": {"city": ["Oakland"], "cuisine": ["African"], "price_range": ["moderate"]}}}], "speaker": "USER", "utterance": "I am in Oakland."}, {"frames": [{"actions": [{"act": "OFFER", "canonical_values": ["Cafe Eritrea D'afrique"], "slot": "restaurant_name", "values": ["Cafe Eritrea D'afrique"]}, {"act": "OFFER", "canonical_values": ["Oakland"], "slot": "city", "values": ["Oakland"]}], "service": "Restaurants_1", "service_call": {"method": "FindRestaurants", "parameters": {"city": "Oakland", "cuisine": "African", "price_range": "moderate"}}, "service_results": [{"city": "Oakland", "cuisine": "African", "has_live_music": "False", "phone_number": "510-547-4520", "price_range": "moderate", "restaurant_name": "Cafe Eritrea D'afrique", "serves_alcohol": "False", "street_address": "4069 Telegraph Avenue"}, {"city": "Oakland", "cuisine": "African", "has_live_music": "True", "phone_number": "510-531-6970", "price_range": "moderate", "restaurant_name": "Miliki Restaurant", "serves_alcohol": "True", "street_address": "3725 MacArthur Boulevard"}], "slots": [{"exclusive_end": 51, "slot": "restaurant_name", "start": 29}, {"exclusive_end": 62, "slot": "city", "start": 55}]}], "speaker": "SYSTEM", "utterance": "There is a restaurant called Cafe Eritrea D'afrique in Oakland."}, {"frames": [{"actions": [{"act": "INFORM_INTENT", "canonical_values": ["ReserveRestaurant"], "slot": "intent", "values": ["ReserveRestaurant"]}, {"act": "SELECT", "canonical_values": [], "slot": "", "values": []}], "service": "Restaurants_1", "slots": [], "state": {"active_intent": "ReserveRestaurant", "requested_slots": [], "slot_values": {"city": ["Oakland"], "cuisine": ["African"], "price_range": ["moderate"], "restaurant_name": ["Cafe Eritrea D'afrique"]}}}], "speaker": "USER", "utterance": "That is perfect, and I want to make a reservation."}, {"frames": [{"actions": [{"act": "REQUEST", "canonical_values": [], "slot": "time", "values": []}], "service": "Restaurants_1", "slots": []}], "speaker": "SYSTEM", "utterance": "What time do you want to make the reservation?"}, {"frames": [{"actions": [{"act": "INFORM", "canonical_values": ["4"], "slot": "party_size", "values": ["4"]}, {"act": "INFORM", "canonical_values": ["12:30"], "slot": "time", "values": ["afternoon 12:30"]}], "service": "Restaurants_1", "slots": [{"exclusive_end": 50, "slot": "time", "start": 35}], "state": {"active_intent": "ReserveRestaurant", "requested_slots": [], "slot_values": {"city": ["Oakland"], "cuisine": ["African"], "party_size": ["4"], "price_range": ["moderate"], "restaurant_name": ["Cafe Eritrea D'afrique"], "time": ["afternoon 12:30"]}}}], "speaker": "USER", "utterance": "There will be four of us eating at afternoon 12:30."}, {"frames": [{"actions": [{"act": "CONFIRM", "canonical_values": ["Cafe Eritrea D'afrique"], "slot": "restaurant_name", "values": ["Cafe Eritrea D'afrique"]}, {"act": "CONFIRM", "canonical_values": ["Oakland"], "slot": "city", "values": ["Oakland"]}, {"act": "CONFIRM", "canonical_values": ["12:30"], "slot": "time", "values": ["12:30 pm"]}, {"act": "CONFIRM", "canonical_values": ["4"], "slot": "party_size", "values": ["4"]}, {"act": "CONFIRM", "canonical_values": ["2019-03-01"], "slot": "date", "values": ["today"]}], "service": "Restaurants_1", "slots": [{"exclusive_end": 102, "slot": "restaurant_name", "start": 80}, {"exclusive_end": 113, "slot": "city", "start": 106}, {"exclusive_end": 76, "slot": "time", "start": 68}, {"exclusive_end": 64, "slot": "date", "start": 59}]}], "speaker": "SYSTEM", "utterance": "Please confirm you want to make a reservation for 4 people today at 12:30 pm at Cafe Eritrea D'afrique in Oakland."}, {"frames": [{"actions": [{"act": "INFORM", "canonical_values": ["3"], "slot": "party_size", "values": ["3"]}, {"act": "INFORM", "canonical_values": ["2019-03-03"], "slot": "date", "values": ["3rd of this month"]}, {"act": "NEGATE", "canonical_values": [], "slot": "", "values": []}], "service": "Restaurants_1", "slots": [{"exclusive_end": 57, "slot": "date", "start": 40}], "state": {"active_intent": "ReserveRestaurant", "requested_slots": [], "slot_values": {"city": ["Oakland"], "cuisine": ["African"], "date": ["3rd of this month"], "party_size": ["3"], "price_range": ["moderate"], "restaurant_name": ["Cafe Eritrea D'afrique"], "time": ["12:30 pm", "afternoon 12:30"]}}}], "speaker": "USER", "utterance": "Actually, I need the reservation on the 3rd of this month for three people."}, {"frames": [{"actions": [{"act": "CONFIRM", "canonical_values": ["3"], "slot": "party_size", "values": ["3"]}, {"act": "CONFIRM", "canonical_values": ["2019-03-03"], "slot": "date", "values": ["day after tomorrow"]}], "service": "Restaurants_1", "slots": [{"exclusive_end": 86, "slot": "date", "start": 68}]}], "speaker": "SYSTEM", "utterance": "Please confirm you want to make the reservation for 3 people on the day after tomorrow."}, {"frames": [{"actions": [{"act": "INFORM", "canonical_values": ["17:30"], "slot": "time", "values": ["evening 5:30"]}, {"act": "INFORM", "canonical_values": ["2019-03-14"], "slot": "date", "values": ["14th of March"]}, {"act": "NEGATE", "canonical_values": [], "slot": "", "values": []}], "service": "Restaurants_1", "slots": [{"exclusive_end": 78, "slot": "time", "start": 66}, {"exclusive_end": 62, "slot": "date", "start": 49}], "state": {"active_intent": "ReserveRestaurant", "requested_slots": [], "slot_values": {"city": ["Oakland"], "cuisine": ["African"], "date": ["14th of March"], "party_size": ["3"], "price_range": ["moderate"], "restaurant_name": ["Cafe Eritrea D'afrique"], "time": ["evening 5:30"]}}}], "speaker": "USER", "utterance": "Actually, I want to make the reservation for the 14th of March at evening 5:30."}, {"frames": [{"actions": [{"act": "CONFIRM", "canonical_values": ["17:30"], "slot": "time", "values": ["5:30 pm"]}, {"act": "CONFIRM", "canonical_values": ["2019-03-14"], "slot": "date", "values": ["March 14th"]}], "service": "Restaurants_1", "slots": [{"exclusive_end": 58, "slot": "time", "start": 51}, {"exclusive_end": 72, "slot": "date", "start": 62}]}], "speaker": "SYSTEM", "utterance": "Please confirm you want to make the reservation at 5:30 pm on March 14th."}, {"frames": [{"actions": [{"act": "REQUEST", "canonical_values": [], "slot": "serves_alcohol", "values": []}, {"act": "AFFIRM", "canonical_values": [], "slot": "", "values": []}], "service": "Restaurants_1", "slots": [], "state": {"active_intent": "ReserveRestaurant", "requested_slots": ["serves_alcohol"], "slot_values": {"city": ["Oakland"], "cuisine": ["African"], "date": ["14th of March", "March 14th"], "party_size": ["3"], "price_range": ["moderate"], "restaurant_name": ["Cafe Eritrea D'afrique"], "time": ["5:30 pm", "evening 5:30"]}}}], "speaker": "USER", "utterance": "That is correct. Do they have alcohol?"}, {"frames": [{"actions": [{"act": "NOTIFY_FAILURE", "canonical_values": [], "slot": "", "values": []}, {"act": "REQ_MORE", "canonical_values": [], "slot": "", "values": []}], "service": "Restaurants_1", "service_call": {"method": "ReserveRestaurant", "parameters": {"city": "Oakland", "date": "2019-03-14", "party_size": "3", "restaurant_name": "Cafe Eritrea D'afrique", "time": "17:30"}}, "service_results": [], "slots": []}], "speaker": "SYSTEM", "utterance": "I was unable to make the reservation. May I further assist you?"}, {"frames": [{"actions": [{"act": "NEGATE", "canonical_values": [], "slot": "", "values": []}, {"act": "THANK_YOU", "canonical_values": [], "slot": "", "values": []}], "service": "Restaurants_1", "slots": [], "state": {"active_intent": "NONE", "requested_slots": [], "slot_values": {"city": ["Oakland"], "cuisine": ["African"], "date": ["14th of March", "March 14th"], "party_size": ["3"], "price_range": ["moderate"], "restaurant_name": ["Cafe Eritrea D'afrique"], "time": ["5:30 pm", "evening 5:30"]}}}], "speaker": "USER", "utterance": "No, that will be all."}, {"frames": [{"actions": [{"act": "GOODBYE", "canonical_values": [], "slot": "", "values": []}], "service": "Restaurants_1", "slots": []}], "speaker": "SYSTEM", "utterance": "See you soon!"}]}, {"dialogue_id": "2_00002", "services": ["Restaurants_1"], "turns": [{"frames": [{"actions": [{"act": "INFORM_INTENT", "canonical_values": ["FindRestaurants"], "slot": "intent", "values": ["FindRestaurants"]}], "service": "Restaurants_1", "slots": [], "state": {"active_intent": "FindRestaurants", "requested_slots": [], "slot_values": {}}}], "speaker": "USER", "utterance": "I'm looking for a place to eat"}, {"frames": [{"actions": [{"act": "REQUEST", "canonical_values": [], "slot": "cuisine", "values": []}], "service": "Restaurants_1", "slots": []}], "speaker": "SYSTEM", "utterance": "What kind of food would you like?"}, {"frames": [{"actions": [{"act": "INFORM", "canonical_values": ["San Francisco"], "slot": "city", "values": ["SFO"]}, {"act": "INFORM", "canonical_values": ["Japanese"], "slot": "cuisine", "values": ["Japanese"]}], "service": "Restaurants_1", "slots": [{"exclusive_end": 16, "slot": "city", "start": 13}, {"exclusive_end": 26, "slot": "cuisine", "start": 18}], "state": {"active_intent": "FindRestaurants", "requested_slots": [], "slot_values": {"city": ["SFO"], "cuisine": ["Japanese"]}}}], "speaker": "USER", "utterance": "I want it in SFO. Japanese food would be great."}, {"frames": [{"actions": [{"act": "OFFER", "canonical_values": ["2g Japanese Brasserie"], "slot": "restaurant_name", "values": ["2g Japanese Brasserie"]}, {"act": "OFFER", "canonical_values": ["San Francisco"], "slot": "city", "values": ["San Francisco"]}, {"act": "INFORM_COUNT", "canonical_values": ["10"], "slot": "count", "values": ["10"]}], "service": "Restaurants_1", "service_call": {"method": "FindRestaurants", "parameters": {"city": "San Francisco", "cuisine": "Japanese"}}, "service_results": [{"city": "San Francisco", "cuisine": "Japanese", "has_live_music": "False", "phone_number": "415-292-9997", "price_range": "moderate", "restaurant_name": "2g Japanese Brasserie", "serves_alcohol": "True", "street_address": "601 Van Ness Avenue"}, {"city": "San Francisco", "cuisine": "Japanese", "has_live_music": "False", "phone_number": "415-567-4903", "price_range": "moderate", "restaurant_name": "Ace Wasabi Rock-n-roll Sushi", "serves_alcohol": "False", "street_address": "3339 Steiner Street"}, {"city": "San Francisco", "cuisine": "Japanese", "has_live_music": "False", "phone_number": "415-397-3218", "price_range": "expensive", "restaurant_name": "Akiko's Restaurant", "serves_alcohol": "False", "street_address": "431 Bush Street"}, {"city": "San Francisco", "cuisine": "Japanese", "has_live_music": "False", "phone_number": "415-800-8498", "price_range": "moderate", "restaurant_name": "Akira Japanese Restaurant", "serves_alcohol": "True", "street_address": "1634 Bush Street"}, {"city": "San Francisco", "cuisine": "Japanese", "has_live_music": "False", "phone_number": "415-292-4886", "price_range": "expensive", "restaurant_name": "An Japanese Restaurant", "serves_alcohol": "False", "street_address": "22 Peace Plz #510"}, {"city": "San Francisco", "cuisine": "Japanese", "has_live_music": "False", "phone_number": "415-221-6255", "price_range": "moderate", "restaurant_name": "Ariake", "serves_alcohol": "False", "street_address": "5041 Geary Boulevard"}, {"city": "San Francisco", "cuisine": "Japanese", "has_live_music": "False", "phone_number": "415-285-3848", "price_range": "moderate", "restaurant_name": "Blowfish Sushi", "serves_alcohol": "False", "street_address": "2170 Bryant Street"}, {"city": "San Francisco", "cuisine": "Japanese", "has_live_music": "False", "phone_number": "415-872-9332", "price_range": "moderate", "restaurant_name": "Bon, Nene", "serves_alcohol": "False", "street_address": "2850 21st Street"}, {"city": "San Francisco", "cuisine": "Japanese", "has_live_music": "False", "phone_number": "415-564-6360", "price_range": "moderate", "restaurant_name": "Fuji Japanese Restaurant", "serves_alcohol": "False", "street_address": "301 West Portal Avenue"}, {"city": "San Francisco", "cuisine": "Japanese", "has_live_music": "False", "phone_number": "415-665-1772", "price_range": "inexpensive", "restaurant_name": "Fujiyama-ya", "serves_alcohol": "False", "street_address": "1234 Noriega Street"}], "slots": [{"exclusive_end": 45, "slot": "restaurant_name", "start": 24}, {"exclusive_end": 91, "slot": "city", "start": 78}]}], "speaker": "SYSTEM", "utterance": "I found 10 restaurants. 2g Japanese Brasserie is a nice restaurant located in San Francisco."}, {"frames": [{"actions": [{"act": "INFORM_INTENT", "canonical_values": ["ReserveRestaurant"], "slot": "intent", "values": ["ReserveRestaurant"]}, {"act": "SELECT", "canonical_values": [], "slot": "", "values": []}], "service": "Restaurants_1", "slots": [], "state": {"active_intent": "ReserveRestaurant", "requested_slots": [], "slot_values": {"city": ["SFO", "San Francisco"], "cuisine": ["Japanese"], "restaurant_name": ["2g Japanese Brasserie"]}}}], "speaker": "USER", "utterance": "Yes, that works. I want to make a reservation there."}, {"frames": [{"actions": [{"act": "REQUEST", "canonical_values": [], "slot": "time", "values": []}], "service": "Restaurants_1", "slots": []}], "speaker": "SYSTEM", "utterance": "What time?"}, {"frames": [{"actions": [{"act": "INFORM", "canonical_values": ["12:30"], "slot": "time", "values": ["half past 12 in the afternoon"]}, {"act": "INFORM", "canonical_values": ["2019-03-02"], "slot": "date", "values": ["Saturday this week"]}, {"act": "INFORM", "canonical_values": ["1"], "slot": "party_size", "values": ["1"]}], "service": "Restaurants_1", "slots": [{"exclusive_end": 37, "slot": "time", "start": 8}, {"exclusive_end": 70, "slot": "date", "start": 52}], "state": {"active_intent": "ReserveRestaurant", "requested_slots": [], "slot_values": {"city": ["SFO", "San Francisco"], "cuisine": ["Japanese"], "date": ["Saturday this week"], "party_size": ["1"], "restaurant_name": ["2g Japanese Brasserie"], "time": ["half past 12 in the afternoon"]}}}], "speaker": "USER", "utterance": "Make it half past 12 in the afternoon. I want it on Saturday this week. It is for one person."}, {"frames": [{"actions": [{"act": "CONFIRM", "canonical_values": ["2g Japanese Brasserie"], "slot": "restaurant_name", "values": ["2g Japanese Brasserie"]}, {"act": "CONFIRM", "canonical_values": ["San Francisco"], "slot": "city", "values": ["San Francisco"]}, {"act": "CONFIRM", "canonical_values": ["12:30"], "slot": "time", "values": ["12:30 PM"]}, {"act": "CONFIRM", "canonical_values": ["2019-03-02"], "slot": "date", "values": ["tomorrow"]}, {"act": "CONFIRM", "canonical_values": ["1"], "slot": "party_size", "values": ["1"]}], "service": "Restaurants_1", "slots": [{"exclusive_end": 78, "slot": "restaurant_name", "start": 57}, {"exclusive_end": 105, "slot": "city", "start": 92}, {"exclusive_end": 138, "slot": "time", "start": 130}, {"exclusive_end": 160, "slot": "date", "start": 152}]}], "speaker": "SYSTEM", "utterance": "Please confirm the following details: Booking a table at 2g Japanese Brasserie. The city is San Francisco. The reservation is for 12:30 PM. The date is tomorrow. The reservation is for 1 person."}, {"frames": [{"actions": [{"act": "REQUEST", "canonical_values": [], "slot": "has_live_music", "values": []}, {"act": "REQUEST", "canonical_values": [], "slot": "price_range", "values": []}, {"act": "AFFIRM", "canonical_values": [], "slot": "", "values": []}], "service": "Restaurants_1", "slots": [], "state": {"active_intent": "ReserveRestaurant", "requested_slots": ["has_live_music", "price_range"], "slot_values": {"city": ["SFO", "San Francisco"], "cuisine": ["Japanese"], "date": ["Saturday this week", "tomorrow"], "party_size": ["1"], "restaurant_name": ["2g Japanese Brasserie"], "time": ["12:30 PM", "half past 12 in the afternoon"]}}}], "speaker": "USER", "utterance": "Yes that works for me. Do they have live music? How pricey is it?"}, {"frames": [{"actions": [{"act": "INFORM", "canonical_values": ["False"], "slot": "has_live_music", "values": ["False"]}, {"act": "INFORM", "canonical_values": ["moderate"], "slot": "price_range", "values": ["moderate"]}, {"act": "NOTIFY_SUCCESS", "canonical_values": [], "slot": "", "values": []}], "service": "Restaurants_1", "service_call": {"method": "ReserveRestaurant", "parameters": {"city": "San Francisco", "date": "2019-03-02", "party_size": "1", "restaurant_name": "2g Japanese Brasserie", "time": "12:30"}}, "service_results": [{"city": "San Francisco", "cuisine": "Japanese", "date": "2019-03-02", "has_live_music": "False", "party_size": "1", "phone_number": "415-292-9997", "price_range": "moderate", "restaurant_name": "2g Japanese Brasserie", "serves_alcohol": "True", "street_address": "601 Van Ness Avenue", "time": "12:30"}], "slots": []}], "speaker": "SYSTEM", "utterance": "Your reservation was successful. They do not have live music. Their prices are moderate."}, {"frames": [{"actions": [{"act": "THANK_YOU", "canonical_values": [], "slot": "", "values": []}], "service": "Restaurants_1", "slots": [], "state": {"active_intent": "ReserveRestaurant", "requested_slots": [], "slot_values": {"city": ["SFO", "San Francisco"], "cuisine": ["Japanese"], "date": ["Saturday this week", "tomorrow"], "party_size": ["1"], "restaurant_name": ["2g Japanese Brasserie"], "time": ["12:30 PM", "half past 12 in the afternoon"]}}}], "speaker": "USER", "utterance": "Thank you!"}, {"frames": [{"actions": [{"act": "REQ_MORE", "canonical_values": [], "slot": "", "values": []}], "service": "Restaurants_1", "slots": []}], "speaker": "SYSTEM", "utterance": "Can I help with anything else?"}, {"frames": [{"actions": [{"act": "NEGATE", "canonical_values": [], "slot": "", "values": []}, {"act": "THANK_YOU", "canonical_values": [], "slot": "", "values": []}], "service": "Restaurants_1", "slots": [], "state": {"active_intent": "NONE", "requested_slots": [], "slot_values": {"city": ["SFO", "San Francisco"], "cuisine": ["Japanese"], "date": ["Saturday this week", "tomorrow"], "party_size": ["1"], "restaurant_name": ["2g Japanese Brasserie"], "time": ["12:30 PM", "half past 12 in the afternoon"]}}}], "speaker": "USER", "utterance": "No thank you."}, {"frames": [{"actions": [{"act": "GOODBYE", "canonical_values": [], "slot": "", "values": []}], "service": "Restaurants_1", "slots": []}], "speaker": "SYSTEM", "utterance": "Have a good day."}]}, {"dialogue_id": "2_00003", "services": ["Restaurants_1"], "turns": [{"frames": [{"actions": [{"act": "INFORM_INTENT", "canonical_values": ["FindRestaurants"], "slot": "intent", "values": ["FindRestaurants"]}], "service": "Restaurants_1", "slots": [], "state": {"active_intent": "FindRestaurants", "requested_slots": [], "slot_values": {}}}], "speaker": "USER", "utterance": "I would like to find a place to eat."}, {"frames": [{"actions": [{"act": "REQUEST", "canonical_values": [], "slot": "cuisine", "values": []}, {"act": "REQUEST", "canonical_values": [], "slot": "city", "values": []}], "service": "Restaurants_1", "slots": []}], "speaker": "SYSTEM", "utterance": "What kind of food would you like? Which city should I search in?"}, {"frames": [{"actions": [{"act": "INFORM", "canonical_values": ["Santa Rosa"], "slot": "city", "values": ["Santa Rosa"]}, {"act": "INFORM", "canonical_values": ["Japanese"], "slot": "cuisine", "values": ["Izakaya"]}], "service": "Restaurants_1", "slots": [{"exclusive_end": 33, "slot": "city", "start": 23}, {"exclusive_end": 14, "slot": "cuisine", "start": 7}], "state": {"active_intent": "FindRestaurants", "requested_slots": [], "slot_values": {"city": ["Santa Rosa"], "cuisine": ["Izakaya"]}}}], "speaker": "USER", "utterance": "I want Izakaya food in Santa Rosa."}, {"frames": [{"actions": [{"act": "OFFER", "canonical_values": ["Hikuni"], "slot": "restaurant_name", "values": ["Hikuni"]}, {"act": "OFFER", "canonical_values": ["Santa Rosa"], "slot": "city", "values": ["Santa Rosa"]}, {"act": "INFORM_COUNT", "canonical_values": ["4"], "slot": "count", "values": ["4"]}], "service": "Restaurants_1", "service_call": {"method": "FindRestaurants", "parameters": {"city": "Santa Rosa", "cuisine": "Japanese"}}, "service_results": [{"city": "Santa Rosa", "cuisine": "Japanese", "has_live_music": "False", "phone_number": "707-539-9188", "price_range": "moderate", "restaurant_name": "Hikuni", "serves_alcohol": "False", "street_address": "4100 Montgomery Drive C"}, {"city": "Santa Rosa", "cuisine": "Japanese", "has_live_music": "False", "phone_number": "707-542-8282", "price_range": "moderate", "restaurant_name": "Osake", "serves_alcohol": "False", "street_address": "2446 Patio Court"}, {"city": "Santa Rosa", "cuisine": "Japanese", "has_live_music": "False", "phone_number": "707-527-8871", "price_range": "moderate", "restaurant_name": "Toyo Restaurant", "serves_alcohol": "False", "street_address": "3082 Marlow Road"}, {"city": "Santa Rosa", "cuisine": "Japanese", "has_live_music": "False", "phone_number": "707-578-8180", "price_range": "moderate", "restaurant_name": "Yao-kiku", "serves_alcohol": "True", "street_address": "2700 Yulupa Avenue #23"}], "slots": [{"exclusive_end": 29, "slot": "restaurant_name", "start": 23}, {"exclusive_end": 60, "slot": "city", "start": 50}]}], "speaker": "SYSTEM", "utterance": "I found 4 restaurants. Hikuni is a good choice in Santa Rosa."}, {"frames": [{"actions": [{"act": "REQUEST_ALTS", "canonical_values": [], "slot": "", "values": []}], "service": "Restaurants_1", "slots": [], "state": {"active_intent": "FindRestaurants", "requested_slots": [], "slot_values": {"city": ["Santa Rosa"], "cuisine": ["Izakaya"]}}}], "speaker": "USER", "utterance": "Could you suggest another?"}, {"frames": [{"actions": [{"act": "OFFER", "canonical_values": ["Osake"], "slot": "restaurant_name", "values": ["Osake"]}, {"act": "OFFER", "canonical_values": ["Santa Rosa"], "slot": "city", "values": ["Santa Rosa"]}], "service": "Restaurants_1", "slots": [{"exclusive_end": 5, "slot": "restaurant_name", "start": 0}, {"exclusive_end": 48, "slot": "city", "start": 38}]}], "speaker": "SYSTEM", "utterance": "Osake is a nice restaurant located in Santa Rosa."}, {"frames": [{"actions": [{"act": "REQUEST_ALTS", "canonical_values": [], "slot": "", "values": []}], "service": "Restaurants_1", "slots": [], "state": {"active_intent": "FindRestaurants", "requested_slots": [], "slot_values": {"city": ["Santa Rosa"], "cuisine": ["Izakaya"]}}}], "speaker": "USER", "utterance": "Could you suggest another?"}, {"frames": [{"actions": [{"act": "OFFER", "canonical_values": ["Toyo Restaurant"], "slot": "restaurant_name", "values": ["Toyo Restaurant"]}, {"act": "OFFER", "canonical_values": ["Santa Rosa"], "slot": "city", "values": ["Santa Rosa"]}], "service": "Restaurants_1", "slots": [{"exclusive_end": 15, "slot": "restaurant_name", "start": 0}, {"exclusive_end": 46, "slot": "city", "start": 36}]}], "speaker": "SYSTEM", "utterance": "Toyo Restaurant is a nice choice in Santa Rosa."}, {"frames": [{"actions": [{"act": "SELECT", "canonical_values": [], "slot": "", "values": []}], "service": "Restaurants_1", "slots": [], "state": {"active_intent": "FindRestaurants", "requested_slots": [], "slot_values": {"city": ["Santa Rosa"], "cuisine": ["Izakaya"], "restaurant_name": ["Toyo Restaurant"]}}}], "speaker": "USER", "utterance": "Yes, that sounds good."}, {"frames": [{"actions": [{"act": "OFFER_INTENT", "canonical_values": ["ReserveRestaurant"], "slot": "intent", "values": ["ReserveRestaurant"]}], "service": "Restaurants_1", "slots": []}], "speaker": "SYSTEM", "utterance": "Would you like to reserve a table?"}, {"frames": [{"actions": [{"act": "AFFIRM_INTENT", "canonical_values": [], "slot": "", "values": []}, {"act": "INFORM", "canonical_values": ["2019-03-01"], "slot": "date", "values": ["today"]}], "service": "Restaurants_1", "slots": [{"exclusive_end": 46, "slot": "date", "start": 41}], "state": {"active_intent": "ReserveRestaurant", "requested_slots": [], "slot_values": {"city": ["Santa Rosa"], "cuisine": ["Izakaya"], "date": ["today"], "restaurant_name": ["Toyo Restaurant"]}}}], "speaker": "USER", "utterance": "Yes, I would like to reserve a table for today."}, {"frames": [{"actions": [{"act": "REQUEST", "canonical_values": [], "slot": "time", "values": []}], "service": "Restaurants_1", "slots": []}], "speaker": "SYSTEM", "utterance": "What time?"}, {"frames": [{"actions": [{"act": "INFORM", "canonical_values": ["19:00"], "slot": "time", "values": ["7 o\"clock in the evening"]}], "service": "Restaurants_1", "slots": [{"exclusive_end": 39, "slot": "time", "start": 15}], "state": {"active_intent": "ReserveRestaurant", "requested_slots": [], "slot_values": {"city": ["Santa Rosa"], "cuisine": ["Izakaya"], "date": ["today"], "restaurant_name": ["Toyo Restaurant"], "time": ["7 o\"clock in the evening"]}}}], "speaker": "USER", "utterance": "Reserve it for 7 o\"clock in the evening."}, {"frames": [{"actions": [{"act": "CONFIRM", "canonical_values": ["Toyo Restaurant"], "slot": "restaurant_name", "values": ["Toyo Restaurant"]}, {"act": "CONFIRM", "canonical_values": ["Santa Rosa"], "slot": "city", "values": ["Santa Rosa"]}, {"act": "CONFIRM", "canonical_values": ["19:00"], "slot": "time", "values": ["7 pm"]}, {"act": "CONFIRM", "canonical_values": ["2"], "slot": "party_size", "values": ["2"]}, {"act": "CONFIRM", "canonical_values": ["2019-03-01"], "slot": "date", "values": ["today"]}], "service": "Restaurants_1", "slots": [{"exclusive_end": 72, "slot": "restaurant_name", "start": 57}, {"exclusive_end": 86, "slot": "city", "start": 76}, {"exclusive_end": 127, "slot": "time", "start": 123}, {"exclusive_end": 133, "slot": "date", "start": 128}]}], "speaker": "SYSTEM", "utterance": "Please confirm the following: you are booking a table at Toyo Restaurant in Santa Rosa for 2 people. The reservation is at 7 pm today."}, {"frames": [{"actions": [{"act": "INFORM", "canonical_values": ["3"], "slot": "party_size", "values": ["3"]}, {"act": "INFORM", "canonical_values": ["13:00"], "slot": "time", "values": ["1 pm"]}, {"act": "NEGATE", "canonical_values": [], "slot": "", "values": []}], "service": "Restaurants_1", "slots": [{"exclusive_end": 30, "slot": "time", "start": 26}], "state": {"active_intent": "ReserveRestaurant", "requested_slots": [], "slot_values": {"city": ["Santa Rosa"], "cuisine": ["Izakaya"], "date": ["today"], "party_size": ["3"], "restaurant_name": ["Toyo Restaurant"], "time": ["1 pm"]}}}], "speaker": "USER", "utterance": "No, it is for 3 people at 1 pm."}, {"frames": [{"actions": [{"act": "CONFIRM", "canonical_values": ["13:00"], "slot": "time", "values": ["1 pm"]}, {"act": "CONFIRM", "canonical_values": ["3"], "slot": "party_size", "values": ["3"]}], "service": "Restaurants_1", "slots": [{"exclusive_end": 56, "slot": "time", "start": 52}]}], "speaker": "SYSTEM", "utterance": "Please confirm the following: the reservation is at 1 pm today for 3 people."}, {"frames": [{"actions": [{"act": "INFORM", "canonical_values": ["4"], "slot": "party_size", "values": ["4"]}, {"act": "INFORM", "canonical_values": ["2019-03-09"], "slot": "date", "values": ["the 9th"]}, {"act": "NEGATE", "canonical_values": [], "slot": "", "values": []}], "service": "Restaurants_1", "slots": [{"exclusive_end": 36, "slot": "date", "start": 29}], "state": {"active_intent": "ReserveRestaurant", "requested_slots": [], "slot_values": {"city": ["Santa Rosa"], "cuisine": ["Izakaya"], "date": ["the 9th"], "party_size": ["4"], "restaurant_name": ["Toyo Restaurant"], "time": ["1 pm"]}}}], "speaker": "USER", "utterance": "No, it is for four people on the 9th."}, {"frames": [{"actions": [{"act": "CONFIRM", "canonical_values": ["4"], "slot": "party_size", "values": ["4"]}, {"act": "CONFIRM", "canonical_values": ["2019-03-09"], "slot": "date", "values": ["March 9th"]}], "service": "Restaurants_1", "slots": [{"exclusive_end": 74, "slot": "date", "start": 65}]}], "speaker": "SYSTEM", "utterance": "Please confirm the following: the reservation is for 4 people on March 9th."}, {"frames": [{"actions": [{"act": "AFFIRM", "canonical_values": [], "slot": "", "values": []}], "service": "Restaurants_1", "slots": [], "state": {"active_intent": "ReserveRestaurant", "requested_slots": [], "slot_values": {"city": ["Santa Rosa"], "cuisine": ["Izakaya"], "date": ["March 9th", "the 9th"], "party_size": ["4"], "restaurant_name": ["Toyo Restaurant"], "time": ["1 pm"]}}}], "speaker": "USER", "utterance": "Yes that works."}, {"frames": [{"actions": [{"act": "NOTIFY_SUCCESS", "canonical_values": [], "slot": "", "values": []}], "service": "Restaurants_1", "service_call": {"method": "ReserveRestaurant", "parameters": {"city": "Santa Rosa", "date": "2019-03-09", "party_size": "4", "restaurant_name": "Toyo Restaurant", "time": "13:00"}}, "service_results": [{"city": "Santa Rosa", "cuisine": "Japanese", "date": "2019-03-09", "has_live_music": "False", "party_size": "4", "phone_number": "707-527-8871", "price_range": "moderate", "restaurant_name": "Toyo Restaurant", "serves_alcohol": "False", "street_address": "3082 Marlow Road", "time": "13:00"}], "slots": []}], "speaker": "SYSTEM", "utterance": "The reservation has been successfully made."}, {"frames": [{"actions": [{"act": "THANK_YOU", "canonical_values": [], "slot": "", "values": []}, {"act": "GOODBYE", "canonical_values": [], "slot": "", "values": []}], "service": "Restaurants_1", "slots": [], "state": {"active_intent": "ReserveRestaurant", "requested_slots": [], "slot_values": {"city": ["Santa Rosa"], "cuisine": ["Izakaya"], "date": ["March 9th", "the 9th"], "party_size": ["4"], "restaurant_name": ["Toyo Restaurant"], "time": ["1 pm"]}}}], "speaker": "USER", "utterance": "Thank you, that is all I needed."}, {"frames": [{"actions": [{"act": "GOODBYE", "canonical_values": [], "slot": "", "values": []}], "service": "Restaurants_1", "slots": []}], "speaker": "SYSTEM", "utterance": "Have a nice day."}]}, {"dialogue_id": "2_00004", "services": ["Restaurants_1"], "turns": [{"frames": [{"actions": [{"act": "INFORM", "canonical_values": ["San Anselmo"], "slot": "city", "values": ["San Anselmo"]}, {"act": "INFORM", "canonical_values": ["Asian"], "slot": "cuisine", "values": ["Oriental"]}, {"act": "INFORM_INTENT", "canonical_values": ["FindRestaurants"], "slot": "intent", "values": ["FindRestaurants"]}], "service": "Restaurants_1", "slots": [{"exclusive_end": 52, "slot": "city", "start": 41}, {"exclusive_end": 27, "slot": "cuisine", "start": 19}], "state": {"active_intent": "FindRestaurants", "requested_slots": [], "slot_values": {"city": ["San Anselmo"], "cuisine": ["Oriental"]}}}], "speaker": "USER", "utterance": "I'm looking for an Oriental resturant in San Anselmo."}, {"frames": [{"actions": [{"act": "OFFER", "canonical_values": ["Auryn Thai Cuisine"], "slot": "restaurant_name", "values": ["Auryn Thai Cuisine"]}, {"act": "OFFER", "canonical_values": ["San Anselmo"], "slot": "city", "values": ["San Anselmo"]}, {"act": "INFORM_COUNT", "canonical_values": ["1"], "slot": "count", "values": ["1"]}], "service": "Restaurants_1", "service_call": {"method": "FindRestaurants", "parameters": {"city": "San Anselmo", "cuisine": "Asian"}}, "service_results": [{"city": "San Anselmo", "cuisine": "Asian", "has_live_music": "False", "phone_number": "415-455-8300", "price_range": "moderate", "restaurant_name": "Auryn Thai Cuisine", "serves_alcohol": "True", "street_address": "AURYN Thai Cuisine"}], "slots": [{"exclusive_end": 18, "slot": "restaurant_name", "start": 0}, {"exclusive_end": 62, "slot": "city", "start": 51}]}], "speaker": "SYSTEM", "utterance": "Auryn Thai Cuisine is the 1 oriental restaurant in San Anselmo."}, {"frames": [{"actions": [{"act": "REQUEST", "canonical_values": [], "slot": "has_live_music", "values": []}], "service": "Restaurants_1", "slots": [], "state": {"active_intent": "FindRestaurants", "requested_slots": ["has_live_music"], "slot_values": {"city": ["San Anselmo"], "cuisine": ["Oriental"]}}}], "speaker": "USER", "utterance": "Is there live music?"}, {"frames": [{"actions": [{"act": "INFORM", "canonical_values": ["False"], "slot": "has_live_music", "values": ["False"]}], "service": "Restaurants_1", "slots": []}], "speaker": "SYSTEM", "utterance": "No there isn't live music?"}, {"frames": [{"actions": [{"act": "SELECT", "canonical_values": [], "slot": "", "values": []}], "service": "Restaurants_1", "slots": [], "state": {"active_intent": "FindRestaurants", "requested_slots": [], "slot_values": {"city": ["San Anselmo"], "cuisine": ["Oriental"], "restaurant_name": ["Auryn Thai Cuisine"]}}}], "speaker": "USER", "utterance": "Okay that works for me."}, {"frames": [{"actions": [{"act": "OFFER_INTENT", "canonical_values": ["ReserveRestaurant"], "slot": "intent", "values": ["ReserveRestaurant"]}], "service": "Restaurants_1", "slots": []}], "speaker": "SYSTEM", "utterance": "Would you like to make a reservation?"}, {"frames": [{"actions": [{"act": "AFFIRM_INTENT", "canonical_values": [], "slot": "", "values": []}], "service": "Restaurants_1", "slots": [], "state": {"active_intent": "ReserveRestaurant", "requested_slots": [], "slot_values": {"city": ["San Anselmo"], "cuisine": ["Oriental"], "restaurant_name": ["Auryn Thai Cuisine"]}}}], "speaker": "USER", "utterance": "Yes I would."}, {"frames": [{"actions": [{"act": "REQUEST", "canonical_values": [], "slot": "time", "values": []}], "service": "Restaurants_1", "slots": []}], "speaker": "SYSTEM", "utterance": "What time should I make the reservation for?"}, {"frames": [{"actions": [{"act": "INFORM", "canonical_values": ["13:00"], "slot": "time", "values": ["one in the afternoon"]}], "service": "Restaurants_1", "slots": [{"exclusive_end": 45, "slot": "time", "start": 25}], "state": {"active_intent": "ReserveRestaurant", "requested_slots": [], "slot_values": {"city": ["San Anselmo"], "cuisine": ["Oriental"], "restaurant_name": ["Auryn Thai Cuisine"], "time": ["one in the afternoon"]}}}], "speaker": "USER", "utterance": "Make the reservation for one in the afternoon."}, {"frames": [{"actions": [{"act": "CONFIRM", "canonical_values": ["Auryn Thai Cuisine"], "slot": "restaurant_name", "values": ["Auryn Thai Cuisine"]}, {"act": "CONFIRM", "canonical_values": ["San Anselmo"], "slot": "city", "values": ["San Anselmo"]}, {"act": "CONFIRM", "canonical_values": ["13:00"], "slot": "time", "values": ["1 pm"]}, {"act": "CONFIRM", "canonical_values": ["2019-03-01"], "slot": "date", "values": ["today"]}, {"act": "CONFIRM", "canonical_values": ["2"], "slot": "party_size", "values": ["2"]}], "service": "Restaurants_1", "slots": [{"exclusive_end": 84, "slot": "restaurant_name", "start": 66}, {"exclusive_end": 99, "slot": "city", "start": 88}, {"exclusive_end": 108, "slot": "time", "start": 104}, {"exclusive_end": 114, "slot": "date", "start": 109}]}], "speaker": "SYSTEM", "utterance": "Please confirm I have everything correct: A table for 2 people at Auryn Thai Cuisine in San Anselmo for 1 pm today."}, {"frames": [{"actions": [{"act": "INFORM", "canonical_values": ["2019-03-14"], "slot": "date", "values": ["14th of this month"]}, {"act": "INFORM", "canonical_values": ["5"], "slot": "party_size", "values": ["5"]}, {"act": "NEGATE", "canonical_values": [], "slot": "", "values": []}], "service": "Restaurants_1", "slots": [{"exclusive_end": 54, "slot": "date", "start": 36}], "state": {"active_intent": "ReserveRestaurant", "requested_slots": [], "slot_values": {"city": ["San Anselmo"], "cuisine": ["Oriental"], "date": ["14th of this month"], "party_size": ["5"], "restaurant_name": ["Auryn Thai Cuisine"], "time": ["1 pm", "one in the afternoon"]}}}], "speaker": "USER", "utterance": "No it is for five people and on the 14th of this month."}, {"frames": [{"actions": [{"act": "CONFIRM", "canonical_values": ["2019-03-14"], "slot": "date", "values": ["March 14th"]}, {"act": "CONFIRM", "canonical_values": ["5"], "slot": "party_size", "values": ["5"]}], "service": "Restaurants_1", "slots": [{"exclusive_end": 92, "slot": "date", "start": 82}]}], "speaker": "SYSTEM", "utterance": "How is this: A table for 5 people at Auryn Thai Cuisine in San Anselmo for 1pm on March 14th."}, {"frames": [{"actions": [{"act": "REQUEST", "canonical_values": ["moderate"], "slot": "price_range", "values": ["moderate"]}, {"act": "REQUEST", "canonical_values": [], "slot": "serves_alcohol", "values": []}, {"act": "AFFIRM", "canonical_values": [], "slot": "", "values": []}], "service": "Restaurants_1", "slots": [], "state": {"active_intent": "ReserveRestaurant", "requested_slots": ["price_range", "serves_alcohol"], "slot_values": {"city": ["San Anselmo"], "cuisine": ["Oriental"], "date": ["14th of this month", "March 14th"], "party_size": ["5"], "restaurant_name": ["Auryn Thai Cuisine"], "time": ["1 pm", "one in the afternoon"]}}}], "speaker": "USER", "utterance": "Thats right. Is it affordable? Do they serve liquor?"}, {"frames": [{"actions": [{"act": "INFORM", "canonical_values": ["True"], "slot": "serves_alcohol", "values": ["True"]}, {"act": "INFORM", "canonical_values": ["moderate"], "slot": "price_range", "values": ["moderate"]}, {"act": "NOTIFY_SUCCESS", "canonical_values": [], "slot": "", "values": []}], "service": "Restaurants_1", "service_call": {"method": "ReserveRestaurant", "parameters": {"city": "San Anselmo", "date": "2019-03-14", "party_size": "5", "restaurant_name": "Auryn Thai Cuisine", "time": "13:00"}}, "service_results": [{"city": "San Anselmo", "cuisine": "Asian", "date": "2019-03-14", "has_live_music": "False", "party_size": "5", "phone_number": "415-455-8300", "price_range": "moderate", "restaurant_name": "Auryn Thai Cuisine", "serves_alcohol": "True", "street_address": "AURYN Thai Cuisine", "time": "13:00"}], "slots": []}], "speaker": "SYSTEM", "utterance": "Your reservation is confirmed. They de serve alcohol and their price is moderate."}, {"frames": [{"actions": [{"act": "THANK_YOU", "canonical_values": [], "slot": "", "values": []}], "service": "Restaurants_1", "slots": [], "state": {"active_intent": "ReserveRestaurant", "requested_slots": [], "slot_values": {"city": ["San Anselmo"], "cuisine": ["Oriental"], "date": ["14th of this month", "March 14th"], "party_size": ["5"], "restaurant_name": ["Auryn Thai Cuisine"], "time": ["1 pm", "one in the afternoon"]}}}], "speaker": "USER", "utterance": "Thanks."}, {"frames": [{"actions": [{"act": "REQ_MORE", "canonical_values": [], "slot": "", "values": []}], "service": "Restaurants_1", "slots": []}], "speaker": "SYSTEM", "utterance": "Anything else I can help with today?"}, {"frames": [{"actions": [{"act": "NEGATE", "canonical_values": [], "slot": "", "values": []}, {"act": "THANK_YOU", "canonical_values": [], "slot": "", "values": []}], "service": "Restaurants_1", "slots": [], "state": {"active_intent": "NONE", "requested_slots": [], "slot_values": {"city": ["San Anselmo"], "cuisine": ["Oriental"], "date": ["14th of this month", "March 14th"], "party_size": ["5"], "restaurant_name": ["Auryn Thai Cuisine"], "time": ["1 pm", "one in the afternoon"]}}}], "speaker": "USER", "utterance": "No thats all."}, {"frames": [{"actions": [{"act": "GOODBYE", "canonical_values": [], "slot": "", "values": []}], "service": "Restaurants_1", "slots": []}], "speaker": "SYSTEM", "utterance": "Have a nice day."}]}]