[{"dialogue_id": "10_00000", "services": ["Media_2", "Weather_1"], "turns": [{"frames": [{"actions": [{"act": "INFORM", "canonical_values": ["Drama"], "slot": "genre", "values": ["Drama"]}, {"act": "INFORM", "canonical_values": ["Likarion Wainaina"], "slot": "director", "values": ["Likarion Wainaina"]}, {"act": "INFORM", "canonical_values": ["Stycie Waweru"], "slot": "actors", "values": ["Stycie Waweru"]}, {"act": "INFORM_INTENT", "canonical_values": ["FindMovies"], "slot": "intent", "values": ["FindMovies"]}], "service": "Media_2", "slots": [{"exclusive_end": 47, "slot": "genre", "start": 42}, {"exclusive_end": 115, "slot": "director", "start": 98}, {"exclusive_end": 152, "slot": "actors", "start": 139}], "state": {"active_intent": "FindMovies", "requested_slots": [], "slot_values": {"actors": ["Stycie Waweru"], "director": ["Likarion Wainaina"], "genre": ["Drama"]}}}], "speaker": "USER", "utterance": "I wish to search a movie to watch online. Drama movie will be great. Search something directed by Likarion Wainaina. Search something iwth Stycie Waweru in it."}, {"frames": [{"actions": [{"act": "OFFER", "canonical_values": ["Supa Modo"], "slot": "movie_name", "values": ["Supa Modo"]}, {"act": "INFORM_COUNT", "canonical_values": ["1"], "slot": "count", "values": ["1"]}], "service": "Media_2", "service_call": {"method": "FindMovies", "parameters": {"actors": "Stycie Waweru", "director": "Likarion Wainaina", "genre": "Drama"}}, "service_results": [{"actors": "Stycie Waweru", "director": "Likarion Wainaina", "genre": "Drama", "movie_name": "Supa Modo", "price": "5", "subtitle_language": "None"}], "slots": [{"exclusive_end": 45, "slot": "movie_name", "start": 36}]}], "speaker": "SYSTEM", "utterance": "I found 1 movie for you. What about Supa Modo?"}, {"frames": [{"actions": [{"act": "SELECT", "canonical_values": ["Supa Modo"], "slot": "movie_name", "values": ["Supa Modo"]}], "service": "Media_2", "slots": [{"exclusive_end": 9, "slot": "movie_name", "start": 0}], "state": {"active_intent": "FindMovies", "requested_slots": [], "slot_values": {"actors": ["Stycie Waweru"], "director": ["Likarion Wainaina"], "genre": ["Drama"], "movie_name": ["Supa Modo"]}}}], "speaker": "USER", "utterance": "Supa Modo is nice."}, {"frames": [{"actions": [{"act": "OFFER_INTENT", "canonical_values": ["RentMovie"], "slot": "intent", "values": ["RentMovie"]}], "service": "Media_2", "slots": []}], "speaker": "SYSTEM", "utterance": "Will you rent the movie that you prefer?"}, {"frames": [{"actions": [{"act": "AFFIRM_INTENT", "canonical_values": [], "slot": "", "values": []}, {"act": "INFORM", "canonical_values": ["None"], "slot": "subtitle_language", "values": ["None"]}], "service": "Media_2", "slots": [], "state": {"active_intent": "RentMovie", "requested_slots": [], "slot_values": {"actors": ["Stycie Waweru"], "director": ["Likarion Wainaina"], "genre": ["Drama"], "movie_name": ["Supa Modo"], "subtitle_language": ["None"]}}}], "speaker": "USER", "utterance": "Yes. I wish to see it with no subtitles."}, {"frames": [{"actions": [{"act": "CONFIRM", "canonical_values": ["Supa Modo"], "slot": "movie_name", "values": ["Supa Modo"]}, {"act": "CONFIRM", "canonical_values": ["None"], "slot": "subtitle_language", "values": ["None"]}], "service": "Media_2", "slots": [{"exclusive_end": 53, "slot": "movie_name", "start": 44}]}], "speaker": "SYSTEM", "utterance": "Kindly ensure that, the movie you prefer is Supa Modo with no subtitles."}, {"frames": [{"actions": [{"act": "AFFIRM", "canonical_values": [], "slot": "", "values": []}], "service": "Media_2", "slots": [], "state": {"active_intent": "RentMovie", "requested_slots": [], "slot_values": {"actors": ["Stycie Waweru"], "director": ["Likarion Wainaina"], "genre": ["Drama"], "movie_name": ["Supa Modo"], "subtitle_language": ["None"]}}}], "speaker": "USER", "utterance": "It is fine."}, {"frames": [{"actions": [{"act": "NOTIFY_SUCCESS", "canonical_values": [], "slot": "", "values": []}], "service": "Media_2", "service_call": {"method": "RentMovie", "parameters": {"movie_name": "Supa Modo", "subtitle_language": "None"}}, "service_results": [{"actors": "Stycie Waweru", "director": "Likarion Wainaina", "genre": "Drama", "movie_name": "Supa Modo", "price": "5", "subtitle_language": "None"}], "slots": []}], "speaker": "SYSTEM", "utterance": "It is rented successfully. It must watch it within 3 days."}, {"frames": [{"actions": [{"act": "INFORM", "canonical_values": ["2019-03-14"], "slot": "date", "values": ["14th of this month"]}, {"act": "INFORM_INTENT", "canonical_values": ["GetWeather"], "slot": "intent", "values": ["GetWeather"]}], "service": "Weather_1", "slots": [{"exclusive_end": 48, "slot": "date", "start": 30}], "state": {"active_intent": "GetWeather", "requested_slots": [], "slot_values": {"date": ["14th of this month"]}}}], "speaker": "USER", "utterance": "I wish to find the weather on 14th of this month."}, {"frames": [{"actions": [{"act": "REQUEST", "canonical_values": [], "slot": "city", "values": []}], "service": "Weather_1", "slots": []}], "speaker": "SYSTEM", "utterance": "In which city shall I search in?"}, {"frames": [{"actions": [{"act": "INFORM", "canonical_values": ["Palo Alto"], "slot": "city", "values": ["Palo Alto"]}], "service": "Weather_1", "slots": [{"exclusive_end": 19, "slot": "city", "start": 10}], "state": {"active_intent": "GetWeather", "requested_slots": [], "slot_values": {"city": ["Palo Alto"], "date": ["14th of this month"]}}}], "speaker": "USER", "utterance": "Search in Palo Alto"}, {"frames": [{"actions": [{"act": "OFFER", "canonical_values": ["82"], "slot": "temperature", "values": ["82"]}, {"act": "OFFER", "canonical_values": ["7"], "slot": "precipitation", "values": ["7"]}], "service": "Weather_1", "service_call": {"method": "GetWeather", "parameters": {"city": "Palo Alto", "date": "2019-03-14"}}, "service_results": [{"city": "Palo Alto", "date": "2019-03-14", "humidity": "17", "precipitation": "7", "temperature": "82", "wind": "12"}], "slots": [{"exclusive_end": 21, "slot": "temperature", "start": 19}, {"exclusive_end": 50, "slot": "precipitation", "start": 49}]}], "speaker": "SYSTEM", "utterance": "The temperature is 82 degree Fahrenheit and only 7 % chance of rain."}, {"frames": [{"actions": [{"act": "REQUEST", "canonical_values": [], "slot": "wind", "values": []}, {"act": "REQUEST", "canonical_values": [], "slot": "humidity", "values": []}], "service": "Weather_1", "slots": [], "state": {"active_intent": "GetWeather", "requested_slots": ["humidity", "wind"], "slot_values": {"city": ["Palo Alto"], "date": ["14th of this month"]}}}], "speaker": "USER", "utterance": "What about the windy there? How much humidity will be?"}, {"frames": [{"actions": [{"act": "INFORM", "canonical_values": ["12"], "slot": "wind", "values": ["12"]}, {"act": "INFORM", "canonical_values": ["17"], "slot": "humidity", "values": ["17"]}], "service": "Weather_1", "slots": [{"exclusive_end": 20, "slot": "wind", "start": 18}, {"exclusive_end": 65, "slot": "humidity", "start": 63}]}], "speaker": "SYSTEM", "utterance": "The wind speed is 12 miles per hour and the humidity is around 17 %"}, {"frames": [{"actions": [{"act": "SELECT", "canonical_values": [], "slot": "", "values": []}], "service": "Weather_1", "slots": [], "state": {"active_intent": "GetWeather", "requested_slots": [], "slot_values": {"city": ["Palo Alto"], "date": ["14th of this month"]}}}], "speaker": "USER", "utterance": "Okay. Thank you."}, {"frames": [{"actions": [{"act": "REQ_MORE", "canonical_values": [], "slot": "", "values": []}], "service": "Weather_1", "slots": []}], "speaker": "SYSTEM", "utterance": "Do you need any other help?"}, {"frames": [{"actions": [{"act": "NEGATE", "canonical_values": [], "slot": "", "values": []}, {"act": "THANK_YOU", "canonical_values": [], "slot": "", "values": []}], "service": "Weather_1", "slots": [], "state": {"active_intent": "NONE", "requested_slots": [], "slot_values": {"city": ["Palo Alto"], "date": ["14th of this month"]}}}], "speaker": "USER", "utterance": "No. Thank you so much."}, {"frames": [{"actions": [{"act": "GOODBYE", "canonical_values": [], "slot": "", "values": []}], "service": "Weather_1", "slots": []}], "speaker": "SYSTEM", "utterance": "Bye. Have a nice day."}]}, {"dialogue_id": "10_00001", "services": ["Media_2", "Weather_1"], "turns": [{"frames": [{"actions": [{"act": "INFORM", "canonical_values": ["Romance"], "slot": "genre", "values": ["romance"]}, {"act": "INFORM", "canonical_values": ["Jenny Gage"], "slot": "director", "values": ["Jenny Gage"]}, {"act": "INFORM", "canonical_values": ["Amadeus Strobl"], "slot": "actors", "values": ["Amadeus Strobl"]}, {"act": "INFORM_INTENT", "canonical_values": ["FindMovies"], "slot": "intent", "values": ["FindMovies"]}], "service": "Media_2", "slots": [{"exclusive_end": 24, "slot": "genre", "start": 17}, {"exclusive_end": 47, "slot": "director", "start": 37}, {"exclusive_end": 75, "slot": "actors", "start": 61}], "state": {"active_intent": "FindMovies", "requested_slots": [], "slot_values": {"actors": ["Amadeus Strobl"], "director": ["Jenny Gage"], "genre": ["romance"]}}}], "speaker": "USER", "utterance": "I need to find a romance directed by Jenny Gage and starring Amadeus Strobl."}, {"frames": [{"actions": [{"act": "OFFER", "canonical_values": ["After"], "slot": "movie_name", "values": ["After"]}], "service": "Media_2", "service_call": {"method": "FindMovies", "parameters": {"actors": "Amadeus Strobl", "director": "Jenny Gage", "genre": "Romance"}}, "service_results": [{"actors": "Amadeus Strobl", "director": "Jenny Gage", "genre": "Romance", "movie_name": "After", "price": "7", "subtitle_language": "Spanish"}], "slots": [{"exclusive_end": 15, "slot": "movie_name", "start": 10}]}], "speaker": "SYSTEM", "utterance": "How about After?"}, {"frames": [{"actions": [{"act": "SELECT", "canonical_values": ["After"], "slot": "movie_name", "values": ["After"]}], "service": "Media_2", "slots": [{"exclusive_end": 5, "slot": "movie_name", "start": 0}], "state": {"active_intent": "FindMovies", "requested_slots": [], "slot_values": {"actors": ["Amadeus Strobl"], "director": ["Jenny Gage"], "genre": ["romance"], "movie_name": ["After"]}}}], "speaker": "USER", "utterance": "After would be good."}, {"frames": [{"actions": [{"act": "OFFER_INTENT", "canonical_values": ["RentMovie"], "slot": "intent", "values": ["RentMovie"]}], "service": "Media_2", "slots": []}], "speaker": "SYSTEM", "utterance": "Would you like to rent it?"}, {"frames": [{"actions": [{"act": "AFFIRM_INTENT", "canonical_values": [], "slot": "", "values": []}], "service": "Media_2", "slots": [], "state": {"active_intent": "RentMovie", "requested_slots": [], "slot_values": {"actors": ["Amadeus Strobl"], "director": ["Jenny Gage"], "genre": ["romance"], "movie_name": ["After"]}}}], "speaker": "USER", "utterance": "Yes please rent it for me."}, {"frames": [{"actions": [{"act": "CONFIRM", "canonical_values": ["After"], "slot": "movie_name", "values": ["After"]}, {"act": "CONFIRM", "canonical_values": ["None"], "slot": "subtitle_language", "values": ["None"]}], "service": "Media_2", "slots": [{"exclusive_end": 22, "slot": "movie_name", "start": 17}]}], "speaker": "SYSTEM", "utterance": "You want to rent After with no subtitles, correct?"}, {"frames": [{"actions": [{"act": "INFORM", "canonical_values": ["Spanish"], "slot": "subtitle_language", "values": ["Spanish"]}, {"act": "NEGATE", "canonical_values": [], "slot": "", "values": []}], "service": "Media_2", "slots": [], "state": {"active_intent": "RentMovie", "requested_slots": [], "slot_values": {"actors": ["Amadeus Strobl"], "director": ["Jenny Gage"], "genre": ["romance"], "movie_name": ["After"], "subtitle_language": ["Spanish"]}}}], "speaker": "USER", "utterance": "Actually I would like Spanish Subtitles."}, {"frames": [{"actions": [{"act": "CONFIRM", "canonical_values": ["After"], "slot": "movie_name", "values": ["After"]}, {"act": "CONFIRM", "canonical_values": ["Spanish"], "slot": "subtitle_language", "values": ["Spanish"]}], "service": "Media_2", "slots": [{"exclusive_end": 22, "slot": "movie_name", "start": 17}]}], "speaker": "SYSTEM", "utterance": "You want to rent After with Spanish subtitles, correct?"}, {"frames": [{"actions": [{"act": "AFFIRM", "canonical_values": [], "slot": "", "values": []}], "service": "Media_2", "slots": [], "state": {"active_intent": "RentMovie", "requested_slots": [], "slot_values": {"actors": ["Amadeus Strobl"], "director": ["Jenny Gage"], "genre": ["romance"], "movie_name": ["After"], "subtitle_language": ["Spanish"]}}}], "speaker": "USER", "utterance": "Yes that is correct."}, {"frames": [{"actions": [{"act": "NOTIFY_SUCCESS", "canonical_values": [], "slot": "", "values": []}], "service": "Media_2", "service_call": {"method": "RentMovie", "parameters": {"movie_name": "After", "subtitle_language": "Spanish"}}, "service_results": [{"actors": "Amadeus Strobl", "director": "Jenny Gage", "genre": "Romance", "movie_name": "After", "price": "7", "subtitle_language": "Spanish"}], "slots": []}], "speaker": "SYSTEM", "utterance": "Your movie has been rented and you have 3 days to view it."}, {"frames": [{"actions": [{"act": "INFORM_INTENT", "canonical_values": ["GetWeather"], "slot": "intent", "values": ["GetWeather"]}], "service": "Weather_1", "slots": [], "state": {"active_intent": "GetWeather", "requested_slots": [], "slot_values": {}}}, {"actions": [{"act": "THANK_YOU", "canonical_values": [], "slot": "", "values": []}], "service": "Media_2", "slots": [], "state": {"active_intent": "RentMovie", "requested_slots": [], "slot_values": {"actors": ["Amadeus Strobl"], "director": ["Jenny Gage"], "genre": ["romance"], "movie_name": ["After"], "subtitle_language": ["Spanish"]}}}], "speaker": "USER", "utterance": "Thanks, what is the weather going to be like?"}, {"frames": [{"actions": [{"act": "REQUEST", "canonical_values": [], "slot": "city", "values": []}], "service": "Weather_1", "slots": []}], "speaker": "SYSTEM", "utterance": "In which city?"}, {"frames": [{"actions": [{"act": "INFORM", "canonical_values": ["Cupertino"], "slot": "city", "values": ["Cupertino"]}], "service": "Weather_1", "slots": [{"exclusive_end": 13, "slot": "city", "start": 4}], "state": {"active_intent": "GetWeather", "requested_slots": [], "slot_values": {"city": ["Cupertino"]}}}], "speaker": "USER", "utterance": "The Cupertino weather."}, {"frames": [{"actions": [{"act": "OFFER", "canonical_values": ["92"], "slot": "temperature", "values": ["92"]}, {"act": "OFFER", "canonical_values": ["13"], "slot": "precipitation", "values": ["13"]}], "service": "Weather_1", "service_call": {"method": "GetWeather", "parameters": {"city": "Cupertino"}}, "service_results": [{"city": "Cupertino", "date": "2019-03-01", "humidity": "22", "precipitation": "13", "temperature": "92", "wind": "2"}], "slots": [{"exclusive_end": 27, "slot": "temperature", "start": 25}, {"exclusive_end": 45, "slot": "precipitation", "start": 43}]}], "speaker": "SYSTEM", "utterance": "The average temp will be 92 degrees with a 13 percent chance of rain."}, {"frames": [{"actions": [{"act": "SELECT", "canonical_values": [], "slot": "", "values": []}, {"act": "GOODBYE", "canonical_values": [], "slot": "", "values": []}], "service": "Weather_1", "slots": [], "state": {"active_intent": "GetWeather", "requested_slots": [], "slot_values": {"city": ["Cupertino"]}}}], "speaker": "USER", "utterance": "Thanks, that is all for now."}, {"frames": [{"actions": [{"act": "GOODBYE", "canonical_values": [], "slot": "", "values": []}], "service": "Weather_1", "slots": []}], "speaker": "SYSTEM", "utterance": "Okay, have a great day."}]}, {"dialogue_id": "10_00002", "services": ["Media_2", "Weather_1"], "turns": [{"frames": [{"actions": [{"act": "INFORM_INTENT", "canonical_values": ["FindMovies"], "slot": "intent", "values": ["FindMovies"]}], "service": "Media_2", "slots": [], "state": {"active_intent": "FindMovies", "requested_slots": [], "slot_values": {}}}], "speaker": "USER", "utterance": "Hi, could you help me find some nice movies to watch please?"}, {"frames": [{"actions": [{"act": "REQUEST", "canonical_values": [], "slot": "genre", "values": []}], "service": "Media_2", "slots": []}], "speaker": "SYSTEM", "utterance": "Sure, any preferred genres?"}, {"frames": [{"actions": [{"act": "INFORM", "canonical_values": ["Comedy"], "slot": "genre", "values": ["comedy"]}], "service": "Media_2", "slots": [{"exclusive_end": 11, "slot": "genre", "start": 5}], "state": {"active_intent": "FindMovies", "requested_slots": [], "slot_values": {"genre": ["comedy"]}}}], "speaker": "USER", "utterance": "Some comedy movies will be great."}, {"frames": [{"actions": [{"act": "OFFER", "canonical_values": ["A Madea Family Funeral", "Auntie Mame", "Dr. Strangelove"], "slot": "movie_name", "values": ["A Madea Family Funeral", "Auntie Mame", "Dr. Strangelove"]}, {"act": "INFORM_COUNT", "canonical_values": ["10"], "slot": "count", "values": ["10"]}], "service": "Media_2", "service_call": {"method": "FindMovies", "parameters": {"genre": "Comedy"}}, "service_results": [{"actors": "David Dunston", "director": "Tyler Perry", "genre": "Comedy", "movie_name": "A Madea Family Funeral", "price": "4", "subtitle_language": "Mandarin"}, {"actors": "Saundra Edwards", "director": "Morton DaCosta", "genre": "Comedy", "movie_name": "Auntie Mame", "price": "3", "subtitle_language": "None"}, {"actors": "Roy Stephens", "director": "Stanley Kubrick", "genre": "Comedy", "movie_name": "Dr. Strangelove", "price": "5", "subtitle_language": "None"}, {"actors": "Karan Kendrick", "director": "Laura Steinel", "genre": "Comedy", "movie_name": "Family", "price": "6", "subtitle_language": "None"}, {"actors": "Tyson Ritter", "director": "Sebastian Lelio", "genre": "Comedy", "movie_name": "Gloria Bell", "price": "4", "subtitle_language": "None"}, {"actors": "Von Lewis", "director": "Peter Farrelly", "genre": "Comedy", "movie_name": "Green Book", "price": "4", "subtitle_language": "Spanish"}, {"actors": "Kevin Blatch", "director": "Harry Elfont", "genre": "Comedy", "movie_name": "Josie and the Pussycats", "price": "7", "subtitle_language": "None"}, {"actors": "Palmer Williams Jr.", "director": "Tina Gordon", "genre": "Comedy", "movie_name": "Little", "price": "4", "subtitle_language": "None"}, {"actors": "Kurt Braunohler", "director": "Jonathan Levine", "genre": "Comedy", "movie_name": "Long Shot", "price": "6", "subtitle_language": "None"}, {"actors": "Stephen Fry", "director": "Chris Butler", "genre": "Comedy", "movie_name": "Missing Link", "price": "8", "subtitle_language": "Spanish"}], "slots": [{"exclusive_end": 63, "slot": "movie_name", "start": 41}, {"exclusive_end": 76, "slot": "movie_name", "start": 65}, {"exclusive_end": 95, "slot": "movie_name", "start": 80}]}], "speaker": "SYSTEM", "utterance": "There are 10 available movies, how about A Madea Family Funeral, Auntie Mame or Dr. Strangelove?"}, {"frames": [{"actions": [{"act": "INFORM", "canonical_values": ["English"], "slot": "subtitle_language", "values": ["English"]}, {"act": "INFORM_INTENT", "canonical_values": ["RentMovie"], "slot": "intent", "values": ["RentMovie"]}, {"act": "SELECT", "canonical_values": ["Auntie Mame"], "slot": "movie_name", "values": ["Auntie Mame"]}], "service": "Media_2", "slots": [{"exclusive_end": 30, "slot": "movie_name", "start": 19}], "state": {"active_intent": "RentMovie", "requested_slots": [], "slot_values": {"genre": ["comedy"], "movie_name": ["Auntie Mame"], "subtitle_language": ["English"]}}}], "speaker": "USER", "utterance": "Sure, let me watch Auntie Mame. Could you help me rent the movie with English subtitles please?"}, {"frames": [{"actions": [{"act": "CONFIRM", "canonical_values": ["Auntie Mame"], "slot": "movie_name", "values": ["Auntie Mame"]}, {"act": "CONFIRM", "canonical_values": ["English"], "slot": "subtitle_language", "values": ["English"]}], "service": "Media_2", "slots": [{"exclusive_end": 57, "slot": "movie_name", "start": 46}]}], "speaker": "SYSTEM", "utterance": "Sure, please confirm your reservation for the Auntie Mame movie with English subtitles."}, {"frames": [{"actions": [{"act": "REQUEST", "canonical_values": [], "slot": "actors", "values": []}, {"act": "AFFIRM", "canonical_values": [], "slot": "", "values": []}], "service": "Media_2", "slots": [], "state": {"active_intent": "RentMovie", "requested_slots": ["actors"], "slot_values": {"genre": ["comedy"], "movie_name": ["Auntie Mame"], "subtitle_language": ["English"]}}}], "speaker": "USER", "utterance": "That is great! Who acted in the movie?"}, {"frames": [{"actions": [{"act": "INFORM", "canonical_values": ["Jack Daly"], "slot": "actors", "values": ["Jack Daly"]}, {"act": "NOTIFY_SUCCESS", "canonical_values": [], "slot": "", "values": []}], "service": "Media_2", "service_call": {"method": "RentMovie", "parameters": {"movie_name": "Auntie Mame", "subtitle_language": "English"}}, "service_results": [{"actors": "Jack Daly", "director": "Morton DaCosta", "genre": "Comedy", "movie_name": "Auntie Mame", "price": "6", "subtitle_language": "English"}], "slots": [{"exclusive_end": 75, "slot": "actors", "start": 66}]}], "speaker": "SYSTEM", "utterance": "Your movie has been rented and you should watch it within 3 days. Jack Daly has acted in this movie."}, {"frames": [{"actions": [{"act": "INFORM", "canonical_values": ["Brisbane"], "slot": "city", "values": ["Brisbane"]}, {"act": "INFORM_INTENT", "canonical_values": ["GetWeather"], "slot": "intent", "values": ["GetWeather"]}], "service": "Weather_1", "slots": [{"exclusive_end": 47, "slot": "city", "start": 39}], "state": {"active_intent": "GetWeather", "requested_slots": [], "slot_values": {"city": ["Brisbane"]}}}], "speaker": "USER", "utterance": "Sure, could you tell me the weather in Brisbane please?"}, {"frames": [{"actions": [{"act": "OFFER", "canonical_values": ["78"], "slot": "temperature", "values": ["78"]}, {"act": "OFFER", "canonical_values": ["26"], "slot": "precipitation", "values": ["26"]}], "service": "Weather_1", "service_call": {"method": "GetWeather", "parameters": {"city": "Brisbane"}}, "service_results": [{"city": "Brisbane", "date": "2019-03-01", "humidity": "56", "precipitation": "26", "temperature": "78", "wind": "12"}], "slots": [{"exclusive_end": 34, "slot": "temperature", "start": 32}, {"exclusive_end": 63, "slot": "precipitation", "start": 61}]}], "speaker": "SYSTEM", "utterance": "The temperature is estimated at 78 degrees Fahrenheit with a 26 percent chance of rain."}, {"frames": [{"actions": [{"act": "REQUEST", "canonical_values": [], "slot": "date", "values": []}, {"act": "REQUEST", "canonical_values": [], "slot": "wind", "values": []}], "service": "Weather_1", "slots": [], "state": {"active_intent": "GetWeather", "requested_slots": ["date", "wind"], "slot_values": {"city": ["Brisbane"]}}}], "speaker": "USER", "utterance": "I see, what is the date today and how windy will it be there?"}, {"frames": [{"actions": [{"act": "INFORM", "canonical_values": ["2019-03-01"], "slot": "date", "values": ["March 1st"]}, {"act": "INFORM", "canonical_values": ["12"], "slot": "wind", "values": ["12"]}], "service": "Weather_1", "slots": [{"exclusive_end": 40, "slot": "date", "start": 31}, {"exclusive_end": 75, "slot": "wind", "start": 73}]}], "speaker": "SYSTEM", "utterance": "Sure, this is the forecast for March 1st, and the wind speed averages at 12 miles per hour."}, {"frames": [{"actions": [{"act": "SELECT", "canonical_values": [], "slot": "", "values": []}], "service": "Weather_1", "slots": [], "state": {"active_intent": "GetWeather", "requested_slots": [], "slot_values": {"city": ["Brisbane"]}}}], "speaker": "USER", "utterance": "Sure, that is fine with me."}, {"frames": [{"actions": [{"act": "REQ_MORE", "canonical_values": [], "slot": "", "values": []}], "service": "Weather_1", "slots": []}], "speaker": "SYSTEM", "utterance": "Do you require further assistance?"}, {"frames": [{"actions": [{"act": "NEGATE", "canonical_values": [], "slot": "", "values": []}, {"act": "THANK_YOU", "canonical_values": [], "slot": "", "values": []}], "service": "Weather_1", "slots": [], "state": {"active_intent": "NONE", "requested_slots": [], "slot_values": {"city": ["Brisbane"]}}}], "speaker": "USER", "utterance": "No, that is all. Thanks!"}, {"frames": [{"actions": [{"act": "GOODBYE", "canonical_values": [], "slot": "", "values": []}], "service": "Weather_1", "slots": []}], "speaker": "SYSTEM", "utterance": "Enjoy your movie!"}]}, {"dialogue_id": "10_00003", "services": ["Media_2", "Weather_1"], "turns": [{"frames": [{"actions": [{"act": "INFORM_INTENT", "canonical_values": ["FindMovies"], "slot": "intent", "values": ["FindMovies"]}], "service": "Media_2", "slots": [], "state": {"active_intent": "FindMovies", "requested_slots": [], "slot_values": {}}}], "speaker": "USER", "utterance": "I'm looking for advice, I need a movie title, something I could really enjoy"}, {"frames": [{"actions": [{"act": "REQUEST", "canonical_values": [], "slot": "genre", "values": []}], "service": "Media_2", "slots": []}], "speaker": "SYSTEM", "utterance": "tell me the genre you want it to be and I see what I can find"}, {"frames": [{"actions": [{"act": "INFORM", "canonical_values": ["Mystery"], "slot": "genre", "values": ["Mystery"]}], "service": "Media_2", "slots": [{"exclusive_end": 7, "slot": "genre", "start": 0}], "state": {"active_intent": "FindMovies", "requested_slots": [], "slot_values": {"genre": ["Mystery"]}}}], "speaker": "USER", "utterance": "Mystery is a genre that is very involving for me"}, {"frames": [{"actions": [{"act": "OFFER", "canonical_values": ["Body Double", "Citizen Kane"], "slot": "movie_name", "values": ["body double", "citizen kane"]}], "service": "Media_2", "service_call": {"method": "FindMovies", "parameters": {"genre": "Mystery"}}, "service_results": [{"actors": "Brinke Stevens", "director": "Brian De Palma", "genre": "Mystery", "movie_name": "Body Double", "price": "7", "subtitle_language": "Mandarin"}, {"actors": "Sonny Bupp", "director": "Orson Welles", "genre": "Mystery", "movie_name": "Citizen Kane", "price": "8", "subtitle_language": "None"}], "slots": [{"exclusive_end": 51, "slot": "movie_name", "start": 40}, {"exclusive_end": 68, "slot": "movie_name", "start": 56}]}], "speaker": "SYSTEM", "utterance": "tell me what you think about these two: body double and citizen kane"}, {"frames": [{"actions": [{"act": "SELECT", "canonical_values": ["Body Double"], "slot": "movie_name", "values": ["body double"]}], "service": "Media_2", "slots": [{"exclusive_end": 11, "slot": "movie_name", "start": 0}], "state": {"active_intent": "FindMovies", "requested_slots": [], "slot_values": {"genre": ["Mystery"], "movie_name": ["body double"]}}}], "speaker": "USER", "utterance": "body double is my first choice"}, {"frames": [{"actions": [{"act": "OFFER_INTENT", "canonical_values": ["RentMovie"], "slot": "intent", "values": ["RentMovie"]}], "service": "Media_2", "slots": []}], "speaker": "SYSTEM", "utterance": "are you asking me to rent it?"}, {"frames": [{"actions": [{"act": "AFFIRM_INTENT", "canonical_values": [], "slot": "", "values": []}], "service": "Media_2", "slots": [], "state": {"active_intent": "RentMovie", "requested_slots": [], "slot_values": {"genre": ["Mystery"], "movie_name": ["body double"]}}}], "speaker": "USER", "utterance": "yes, exactly"}, {"frames": [{"actions": [{"act": "CONFIRM", "canonical_values": ["Body Double"], "slot": "movie_name", "values": ["body double"]}, {"act": "CONFIRM", "canonical_values": ["None"], "slot": "subtitle_language", "values": ["None"]}], "service": "Media_2", "slots": [{"exclusive_end": 54, "slot": "movie_name", "start": 43}]}], "speaker": "SYSTEM", "utterance": "confirm the specifics: you want me to rent body double with no subtitles"}, {"frames": [{"actions": [{"act": "REQUEST", "canonical_values": [], "slot": "price", "values": []}, {"act": "REQUEST", "canonical_values": [], "slot": "actors", "values": []}, {"act": "AFFIRM", "canonical_values": [], "slot": "", "values": []}], "service": "Media_2", "slots": [], "state": {"active_intent": "RentMovie", "requested_slots": ["actors", "price"], "slot_values": {"genre": ["Mystery"], "movie_name": ["body double"], "subtitle_language": ["None"]}}}], "speaker": "USER", "utterance": "yes, tell me the price I'll pay and the actor starring in it"}, {"frames": [{"actions": [{"act": "INFORM", "canonical_values": ["6"], "slot": "price", "values": ["$6"]}, {"act": "INFORM", "canonical_values": ["Barbara Crampton"], "slot": "actors", "values": ["barbara crampton"]}, {"act": "NOTIFY_SUCCESS", "canonical_values": [], "slot": "", "values": []}], "service": "Media_2", "service_call": {"method": "RentMovie", "parameters": {"movie_name": "Body Double", "subtitle_language": "None"}}, "service_results": [{"actors": "Barbara Crampton", "director": "Brian De Palma", "genre": "Mystery", "movie_name": "Body Double", "price": "6", "subtitle_language": "None"}], "slots": [{"exclusive_end": 50, "slot": "price", "start": 48}, {"exclusive_end": 71, "slot": "actors", "start": 55}]}], "speaker": "SYSTEM", "utterance": "you rented your movie for 3 days. It costed you $6 and barbara crampton is acting in it"}, {"frames": [{"actions": [{"act": "INFORM", "canonical_values": ["2019-03-07"], "slot": "date", "values": ["7th of this month"]}, {"act": "INFORM_INTENT", "canonical_values": ["GetWeather"], "slot": "intent", "values": ["GetWeather"]}], "service": "Weather_1", "slots": [{"exclusive_end": 79, "slot": "date", "start": 62}], "state": {"active_intent": "GetWeather", "requested_slots": [], "slot_values": {"date": ["7th of this month"]}}}, {"actions": [{"act": "THANK_YOU", "canonical_values": [], "slot": "", "values": []}], "service": "Media_2", "slots": [], "state": {"active_intent": "RentMovie", "requested_slots": [], "slot_values": {"genre": ["Mystery"], "movie_name": ["body double"], "subtitle_language": ["None"]}}}], "speaker": "USER", "utterance": "thaks a lot. Now I need some updates about the weather on the 7th of this month"}, {"frames": [{"actions": [{"act": "REQUEST", "canonical_values": [], "slot": "city", "values": []}], "service": "Weather_1", "slots": []}], "speaker": "SYSTEM", "utterance": "where do you want me to check the weather?"}, {"frames": [{"actions": [{"act": "INFORM", "canonical_values": ["Long Beach"], "slot": "city", "values": ["long beach"]}], "service": "Weather_1", "slots": [{"exclusive_end": 10, "slot": "city", "start": 0}], "state": {"active_intent": "GetWeather", "requested_slots": [], "slot_values": {"city": ["long beach"], "date": ["7th of this month"]}}}], "speaker": "USER", "utterance": "long beach"}, {"frames": [{"actions": [{"act": "OFFER", "canonical_values": ["94"], "slot": "temperature", "values": ["94"]}, {"act": "OFFER", "canonical_values": ["26"], "slot": "precipitation", "values": ["26"]}], "service": "Weather_1", "service_call": {"method": "GetWeather", "parameters": {"city": "Long Beach", "date": "2019-03-07"}}, "service_results": [{"city": "Long Beach", "date": "2019-03-07", "humidity": "39", "precipitation": "26", "temperature": "94", "wind": "2"}], "slots": [{"exclusive_end": 16, "slot": "temperature", "start": 14}, {"exclusive_end": 52, "slot": "precipitation", "start": 50}]}], "speaker": "SYSTEM", "utterance": "temperature's 94 degrees fahrenheit and there's a 26 parcent probability it will rain"}, {"frames": [{"actions": [{"act": "REQUEST", "canonical_values": [], "slot": "wind", "values": []}, {"act": "REQUEST", "canonical_values": [], "slot": "humidity", "values": []}], "service": "Weather_1", "slots": [], "state": {"active_intent": "GetWeather", "requested_slots": ["humidity", "wind"], "slot_values": {"city": ["long beach"], "date": ["7th of this month"]}}}], "speaker": "USER", "utterance": "tell me something about wind and humidity, please"}, {"frames": [{"actions": [{"act": "INFORM", "canonical_values": ["2"], "slot": "wind", "values": ["2"]}, {"act": "INFORM", "canonical_values": ["39"], "slot": "humidity", "values": ["39"]}], "service": "Weather_1", "slots": [{"exclusive_end": 19, "slot": "wind", "start": 18}, {"exclusive_end": 72, "slot": "humidity", "start": 70}]}], "speaker": "SYSTEM", "utterance": "the wind speed is 2 miles per hour and the humidity is something like 39 percent"}, {"frames": [{"actions": [{"act": "SELECT", "canonical_values": [], "slot": "", "values": []}, {"act": "GOODBYE", "canonical_values": [], "slot": "", "values": []}], "service": "Weather_1", "slots": [], "state": {"active_intent": "GetWeather", "requested_slots": [], "slot_values": {"city": ["long beach"], "date": ["7th of this month"]}}}], "speaker": "USER", "utterance": "I've understood everything and I don't have more question for you so I salute you"}, {"frames": [{"actions": [{"act": "GOODBYE", "canonical_values": [], "slot": "", "values": []}], "service": "Weather_1", "slots": []}], "speaker": "SYSTEM", "utterance": "Have a great one!"}]}, {"dialogue_id": "10_00004", "services": ["Media_2", "Weather_1"], "turns": [{"frames": [{"actions": [{"act": "INFORM_INTENT", "canonical_values": ["FindMovies"], "slot": "intent", "values": ["FindMovies"]}], "service": "Media_2", "slots": [], "state": {"active_intent": "FindMovies", "requested_slots": [], "slot_values": {}}}], "speaker": "USER", "utterance": "I need suggestions for a movie to watch"}, {"frames": [{"actions": [{"act": "REQUEST", "canonical_values": [], "slot": "genre", "values": []}], "service": "Media_2", "slots": []}], "speaker": "SYSTEM", "utterance": "tell me the genre you wish to watch"}, {"frames": [{"actions": [{"act": "INFORM", "canonical_values": ["Drama"], "slot": "genre", "values": ["drama"]}], "service": "Media_2", "slots": [{"exclusive_end": 5, "slot": "genre", "start": 0}], "state": {"active_intent": "FindMovies", "requested_slots": [], "slot_values": {"genre": ["drama"]}}}], "speaker": "USER", "utterance": "drama movies are my thing"}, {"frames": [{"actions": [{"act": "OFFER", "canonical_values": ["Dogman", "Hackers", "High Life"], "slot": "movie_name", "values": ["dogman", "hackers", "high life"]}, {"act": "INFORM_COUNT", "canonical_values": ["10"], "slot": "count", "values": ["10"]}], "service": "Media_2", "service_call": {"method": "FindMovies", "parameters": {"genre": "Drama"}}, "service_results": [{"actors": "Edoardo Pesce", "director": "Matteo Garrone", "genre": "Drama", "movie_name": "Dogman", "price": "7", "subtitle_language": "None"}, {"actors": "Angelina Jolie", "director": "Iain Softley", "genre": "Drama", "movie_name": "Hackers", "price": "6", "subtitle_language": "None"}, {"actors": "Andre 3000", "director": "Claire Denis", "genre": "Drama", "movie_name": "High Life", "price": "8", "subtitle_language": "None"}, {"actors": "Luke Kirby", "director": "Nia DaCosta", "genre": "Drama", "movie_name": "Little Woods", "price": "3", "subtitle_language": "English"}, {"actors": "Chiwetel Ejiofor", "director": "Garth Davis", "genre": "Drama", "movie_name": "Mary Magdalene", "price": "7", "subtitle_language": "Mandarin"}, {"actors": "Takumi Saitoh", "director": "Eric Khoo", "genre": "Drama", "movie_name": "Ramen Shop", "price": "7", "subtitle_language": "Spanish"}, {"actors": "Robin Soans", "director": "Trevor Nunn", "genre": "Drama", "movie_name": "Red Joan", "price": "7", "subtitle_language": "Mandarin"}, {"actors": "Deng Jing", "director": "Qui Sheng", "genre": "Drama", "movie_name": "Suburban Birds", "price": "3", "subtitle_language": "Spanish"}, {"actors": "Christian Harting", "director": "Laszlo Nemes", "genre": "Drama", "movie_name": "Sunset", "price": "5", "subtitle_language": "None"}, {"actors": "Peris Wambui", "director": "Likarion Wainaina", "genre": "Drama", "movie_name": "Supa Modo", "price": "4", "subtitle_language": "None"}], "slots": [{"exclusive_end": 63, "slot": "movie_name", "start": 57}, {"exclusive_end": 72, "slot": "movie_name", "start": 65}, {"exclusive_end": 86, "slot": "movie_name", "start": 77}]}], "speaker": "SYSTEM", "utterance": "there's 10 of them. read this and tell me what you like: dogman, hackers and high life"}, {"frames": [{"actions": [{"act": "INFORM", "canonical_values": ["Spanish"], "slot": "subtitle_language", "values": ["Spanish"]}, {"act": "INFORM_INTENT", "canonical_values": ["RentMovie"], "slot": "intent", "values": ["RentMovie"]}, {"act": "SELECT", "canonical_values": ["High Life"], "slot": "movie_name", "values": ["high life"]}], "service": "Media_2", "slots": [{"exclusive_end": 9, "slot": "movie_name", "start": 0}], "state": {"active_intent": "RentMovie", "requested_slots": [], "slot_values": {"genre": ["drama"], "movie_name": ["high life"], "subtitle_language": ["Spanish"]}}}], "speaker": "USER", "utterance": "high life is fine with me if you can add spanish subs"}, {"frames": [{"actions": [{"act": "CONFIRM", "canonical_values": ["High Life"], "slot": "movie_name", "values": ["high life"]}, {"act": "CONFIRM", "canonical_values": ["Spanish"], "slot": "subtitle_language", "values": ["Spanish"]}], "service": "Media_2", "slots": [{"exclusive_end": 55, "slot": "movie_name", "start": 46}]}], "speaker": "SYSTEM", "utterance": "confirm me the next step. I'll rent the movie high life with spanish subtitles"}, {"frames": [{"actions": [{"act": "INFORM", "canonical_values": ["None"], "slot": "subtitle_language", "values": ["None"]}, {"act": "NEGATE", "canonical_values": [], "slot": "", "values": []}], "service": "Media_2", "slots": [], "state": {"active_intent": "RentMovie", "requested_slots": [], "slot_values": {"genre": ["drama"], "movie_name": ["high life"], "subtitle_language": ["None"]}}}], "speaker": "USER", "utterance": "no, I don't need subs"}, {"frames": [{"actions": [{"act": "CONFIRM", "canonical_values": ["High Life"], "slot": "movie_name", "values": ["high life"]}, {"act": "CONFIRM", "canonical_values": ["None"], "slot": "subtitle_language", "values": ["None"]}], "service": "Media_2", "slots": [{"exclusive_end": 52, "slot": "movie_name", "start": 43}]}], "speaker": "SYSTEM", "utterance": "I'll try again: you want to rent the movie high life with no subtitles"}, {"frames": [{"actions": [{"act": "REQUEST", "canonical_values": [], "slot": "actors", "values": []}, {"act": "REQUEST", "canonical_values": [], "slot": "price", "values": []}, {"act": "AFFIRM", "canonical_values": [], "slot": "", "values": []}], "service": "Media_2", "slots": [], "state": {"active_intent": "RentMovie", "requested_slots": ["actors", "price"], "slot_values": {"genre": ["drama"], "movie_name": ["high life"], "subtitle_language": ["None"]}}}], "speaker": "USER", "utterance": "absolutely right. how much do I pay for this movie? can you tell me the actor starring in it?"}, {"frames": [{"actions": [{"act": "INFORM", "canonical_values": ["8"], "slot": "price", "values": ["$8"]}, {"act": "INFORM", "canonical_values": ["Andre 3000"], "slot": "actors", "values": ["andre 3000"]}, {"act": "NOTIFY_SUCCESS", "canonical_values": [], "slot": "", "values": []}], "service": "Media_2", "service_call": {"method": "RentMovie", "parameters": {"movie_name": "High Life", "subtitle_language": "None"}}, "service_results": [{"actors": "Andre 3000", "director": "Claire Denis", "genre": "Drama", "movie_name": "High Life", "price": "8", "subtitle_language": "None"}], "slots": [{"exclusive_end": 71, "slot": "price", "start": 69}, {"exclusive_end": 95, "slot": "actors", "start": 85}]}], "speaker": "SYSTEM", "utterance": "the movie has been rented, you have 3 days to watch it, this rent is $8. you'll find andre 3000 in it"}, {"frames": [{"actions": [{"act": "INFORM_INTENT", "canonical_values": ["GetWeather"], "slot": "intent", "values": ["GetWeather"]}], "service": "Weather_1", "slots": [], "state": {"active_intent": "GetWeather", "requested_slots": [], "slot_values": {}}}], "speaker": "USER", "utterance": "tell me about the weather now"}, {"frames": [{"actions": [{"act": "REQUEST", "canonical_values": [], "slot": "city", "values": []}], "service": "Weather_1", "slots": []}], "speaker": "SYSTEM", "utterance": "where exactly?"}, {"frames": [{"actions": [{"act": "INFORM", "canonical_values": ["Healdsburg"], "slot": "city", "values": ["healdsburg"]}], "service": "Weather_1", "slots": [{"exclusive_end": 10, "slot": "city", "start": 0}], "state": {"active_intent": "GetWeather", "requested_slots": [], "slot_values": {"city": ["healdsburg"]}}}], "speaker": "USER", "utterance": "healdsburg"}, {"frames": [{"actions": [{"act": "OFFER", "canonical_values": ["71"], "slot": "temperature", "values": ["71"]}, {"act": "OFFER", "canonical_values": ["9"], "slot": "precipitation", "values": ["9"]}], "service": "Weather_1", "service_call": {"method": "GetWeather", "parameters": {"city": "Healdsburg"}}, "service_results": [{"city": "Healdsburg", "date": "2019-03-01", "humidity": "19", "precipitation": "9", "temperature": "71", "wind": "8"}], "slots": [{"exclusive_end": 17, "slot": "temperature", "start": 15}, {"exclusive_end": 52, "slot": "precipitation", "start": 51}]}], "speaker": "SYSTEM", "utterance": "temperature is 71 degrees fahrenheit and there's a 9 percent probability it will rain"}, {"frames": [{"actions": [{"act": "SELECT", "canonical_values": [], "slot": "", "values": []}, {"act": "GOODBYE", "canonical_values": [], "slot": "", "values": []}], "service": "Weather_1", "slots": [], "state": {"active_intent": "GetWeather", "requested_slots": [], "slot_values": {"city": ["healdsburg"]}}}], "speaker": "USER", "utterance": "got it! buh bye!"}, {"frames": [{"actions": [{"act": "GOODBYE", "canonical_values": [], "slot": "", "values": []}], "service": "Weather_1", "slots": []}], "speaker": "SYSTEM", "utterance": "have a wonderful day!"}]}]