[{"dialogue_id": "18_00000", "services": ["Flights_1"], "turns": [{"frames": [{"actions": [{"act": "INFORM", "canonical_values": ["Premium Economy"], "slot": "seating_class", "values": ["Premium Economy"]}, {"act": "INFORM_INTENT", "canonical_values": ["SearchOnewayFlight"], "slot": "intent", "values": ["SearchOnewayFlight"]}], "service": "Flights_1", "slots": [], "state": {"active_intent": "SearchOnewayFlight", "requested_slots": [], "slot_values": {"seating_class": ["Premium Economy"]}}}], "speaker": "USER", "utterance": "I need a one way flight and prefer traveling in Premium Economy class."}, {"frames": [{"actions": [{"act": "REQUEST", "canonical_values": [], "slot": "departure_date", "values": []}], "service": "Flights_1", "slots": []}], "speaker": "SYSTEM", "utterance": "What day do you plan on leaving."}, {"frames": [{"actions": [{"act": "INFORM", "canonical_values": ["2019-03-08"], "slot": "departure_date", "values": ["next Friday"]}], "service": "Flights_1", "slots": [{"exclusive_end": 33, "slot": "departure_date", "start": 22}], "state": {"active_intent": "SearchOnewayFlight", "requested_slots": [], "slot_values": {"departure_date": ["next Friday"], "seating_class": ["Premium Economy"]}}}], "speaker": "USER", "utterance": "I would like to leave next Friday."}, {"frames": [{"actions": [{"act": "REQUEST", "canonical_values": [], "slot": "destination_city", "values": []}], "service": "Flights_1", "slots": []}], "speaker": "SYSTEM", "utterance": "What is your travel destination."}, {"frames": [{"actions": [{"act": "INFORM", "canonical_values": ["Seattle"], "slot": "origin_city", "values": ["Seattle, WA"]}, {"act": "INFORM", "canonical_values": ["Delta Airlines"], "slot": "airlines", "values": ["Delta Airlines"]}, {"act": "INFORM", "canonical_values": ["New York"], "slot": "destination_city", "values": ["NYC"]}], "service": "Flights_1", "slots": [{"exclusive_end": 38, "slot": "origin_city", "start": 27}, {"exclusive_end": 21, "slot": "destination_city", "start": 18}], "state": {"active_intent": "SearchOnewayFlight", "requested_slots": [], "slot_values": {"airlines": ["Delta Airlines"], "departure_date": ["next Friday"], "destination_city": ["NYC"], "origin_city": ["Seattle, WA"], "seating_class": ["Premium Economy"]}}}], "speaker": "USER", "utterance": "I am traveling to NYC from Seattle, WA. I prefer to travel on Delta Airlines."}, {"frames": [{"actions": [{"act": "OFFER", "canonical_values": ["Delta Airlines"], "slot": "airlines", "values": ["Delta Airlines"]}, {"act": "OFFER", "canonical_values": ["06:10"], "slot": "outbound_departure_time", "values": ["6:10 am"]}, {"act": "OFFER", "canonical_values": ["1"], "slot": "number_stops", "values": ["1"]}, {"act": "OFFER", "canonical_values": ["514"], "slot": "price", "values": ["$514"]}, {"act": "INFORM_COUNT", "canonical_values": ["1"], "slot": "count", "values": ["1"]}], "service": "Flights_1", "service_call": {"method": "SearchOnewayFlight", "parameters": {"airlines": "Delta Airlines", "departure_date": "2019-03-08", "destination_city": "New York", "origin_city": "Seattle", "seating_class": "Premium Economy"}}, "service_results": [{"airlines": "Delta Airlines", "departure_date": "2019-03-08", "destination_airport": "JFK International Airport", "destination_city": "New York", "number_stops": "1", "origin_airport": "Seattle-Tacoma International Airport", "origin_city": "Seattle", "outbound_arrival_time": "18:01", "outbound_departure_time": "06:10", "passengers": "1", "price": "514", "refundable": "False", "seating_class": "Premium Economy"}], "slots": [{"exclusive_end": 70, "slot": "outbound_departure_time", "start": 63}, {"exclusive_end": 99, "slot": "price", "start": 95}]}], "speaker": "SYSTEM", "utterance": "I found 1 Delta Airlines flight that has 1 stop. It departs at 6:10 am and the ticket price is $514."}, {"frames": [{"actions": [{"act": "REQUEST", "canonical_values": [], "slot": "refundable", "values": []}], "service": "Flights_1", "slots": [], "state": {"active_intent": "SearchOnewayFlight", "requested_slots": ["refundable"], "slot_values": {"airlines": ["Delta Airlines"], "departure_date": ["next Friday"], "destination_city": ["NYC"], "origin_city": ["Seattle, WA"], "seating_class": ["Premium Economy"]}}}], "speaker": "USER", "utterance": "Is this a refundable ticket?"}, {"frames": [{"actions": [{"act": "INFORM", "canonical_values": ["False"], "slot": "refundable", "values": ["False"]}], "service": "Flights_1", "slots": []}], "speaker": "SYSTEM", "utterance": "It is not refundable."}, {"frames": [{"actions": [{"act": "REQUEST", "canonical_values": [], "slot": "destination_airport", "values": []}], "service": "Flights_1", "slots": [], "state": {"active_intent": "SearchOnewayFlight", "requested_slots": ["destination_airport"], "slot_values": {"airlines": ["Delta Airlines"], "departure_date": ["next Friday"], "destination_city": ["NYC"], "origin_city": ["Seattle, WA"], "seating_class": ["Premium Economy"]}}}], "speaker": "USER", "utterance": "What is the arrival airport"}, {"frames": [{"actions": [{"act": "INFORM", "canonical_values": ["JFK International Airport"], "slot": "destination_airport", "values": ["JFK International Airport"]}], "service": "Flights_1", "slots": [{"exclusive_end": 51, "slot": "destination_airport", "start": 26}]}], "speaker": "SYSTEM", "utterance": "The flight destination is JFK International Airport."}, {"frames": [{"actions": [{"act": "SELECT", "canonical_values": [], "slot": "", "values": []}], "service": "Flights_1", "slots": [], "state": {"active_intent": "SearchOnewayFlight", "requested_slots": [], "slot_values": {"airlines": ["Delta Airlines"], "departure_date": ["next Friday"], "destination_city": ["NYC"], "origin_city": ["Seattle, WA"], "outbound_departure_time": ["6:10 am"], "seating_class": ["Premium Economy"]}}}], "speaker": "USER", "utterance": "Sounds good to me."}, {"frames": [{"actions": [{"act": "REQ_MORE", "canonical_values": [], "slot": "", "values": []}], "service": "Flights_1", "slots": []}], "speaker": "SYSTEM", "utterance": "May I assist you with anything else?"}, {"frames": [{"actions": [{"act": "INFORM_INTENT", "canonical_values": ["ReserveOnewayFlight"], "slot": "intent", "values": ["ReserveOnewayFlight"]}], "service": "Flights_1", "slots": [], "state": {"active_intent": "ReserveOnewayFlight", "requested_slots": [], "slot_values": {"airlines": ["Delta Airlines"], "departure_date": ["next Friday"], "destination_city": ["NYC"], "origin_city": ["Seattle, WA"], "outbound_departure_time": ["6:10 am"], "seating_class": ["Premium Economy"]}}}], "speaker": "USER", "utterance": "Yes, Can you assist me with buying the ticket."}, {"frames": [{"actions": [{"act": "CONFIRM", "canonical_values": ["Seattle"], "slot": "origin_city", "values": ["Seattle"]}, {"act": "CONFIRM", "canonical_values": ["New York"], "slot": "destination_city", "values": ["New York"]}, {"act": "CONFIRM", "canonical_values": ["Delta Airlines"], "slot": "airlines", "values": ["Delta Airlines"]}, {"act": "CONFIRM", "canonical_values": ["2019-03-08"], "slot": "departure_date", "values": ["next Friday"]}, {"act": "CONFIRM", "canonical_values": ["1"], "slot": "passengers", "values": ["1"]}, {"act": "CONFIRM", "canonical_values": ["Premium Economy"], "slot": "seating_class", "values": ["Premium Economy"]}], "service": "Flights_1", "slots": [{"exclusive_end": 86, "slot": "origin_city", "start": 79}, {"exclusive_end": 111, "slot": "destination_city", "start": 103}, {"exclusive_end": 190, "slot": "departure_date", "start": 179}]}], "speaker": "SYSTEM", "utterance": "Ok. Can you please confirm the reservation details. I have 1 passenger leaving Seattle and arriving in New York via Delta Airlines in Premium Economy class. The departure date is next Friday ."}, {"frames": [{"actions": [{"act": "AFFIRM", "canonical_values": [], "slot": "", "values": []}], "service": "Flights_1", "slots": [], "state": {"active_intent": "ReserveOnewayFlight", "requested_slots": [], "slot_values": {"airlines": ["Delta Airlines"], "departure_date": ["next Friday"], "destination_city": ["NYC", "New York"], "origin_city": ["Seattle", "Seattle, WA"], "outbound_departure_time": ["6:10 am"], "passengers": ["1"], "seating_class": ["Premium Economy"]}}}], "speaker": "USER", "utterance": "That is correct."}, {"frames": [{"actions": [{"act": "NOTIFY_SUCCESS", "canonical_values": [], "slot": "", "values": []}], "service": "Flights_1", "service_call": {"method": "ReserveOnewayFlight", "parameters": {"airlines": "Delta Airlines", "departure_date": "2019-03-08", "destination_city": "New York", "origin_city": "Seattle", "passengers": "1", "seating_class": "Premium Economy"}}, "service_results": [{"airlines": "Delta Airlines", "departure_date": "2019-03-08", "destination_airport": "JFK International Airport", "destination_city": "New York", "number_stops": "1", "origin_airport": "Seattle-Tacoma International Airport", "origin_city": "Seattle", "outbound_arrival_time": "18:01", "outbound_departure_time": "06:10", "passengers": "1", "price": "514", "refundable": "False", "seating_class": "Premium Economy"}], "slots": []}], "speaker": "SYSTEM", "utterance": "I have reserved your ticket."}, {"frames": [{"actions": [{"act": "THANK_YOU", "canonical_values": [], "slot": "", "values": []}, {"act": "GOODBYE", "canonical_values": [], "slot": "", "values": []}], "service": "Flights_1", "slots": [], "state": {"active_intent": "ReserveOnewayFlight", "requested_slots": [], "slot_values": {"airlines": ["Delta Airlines"], "departure_date": ["next Friday"], "destination_city": ["NYC", "New York"], "origin_city": ["Seattle", "Seattle, WA"], "outbound_departure_time": ["6:10 am"], "passengers": ["1"], "seating_class": ["Premium Economy"]}}}], "speaker": "USER", "utterance": "That is all I needed. Thank you."}, {"frames": [{"actions": [{"act": "GOODBYE", "canonical_values": [], "slot": "", "values": []}], "service": "Flights_1", "slots": []}], "speaker": "SYSTEM", "utterance": "Your welcome. Enjoy your day."}]}, {"dialogue_id": "18_00001", "services": ["Flights_1"], "turns": [{"frames": [{"actions": [{"act": "INFORM_INTENT", "canonical_values": ["SearchOnewayFlight"], "slot": "intent", "values": ["SearchOnewayFlight"]}], "service": "Flights_1", "slots": [], "state": {"active_intent": "SearchOnewayFlight", "requested_slots": [], "slot_values": {}}}], "speaker": "USER", "utterance": "Can you help me to find one way flights for my upcoming trip?"}, {"frames": [{"actions": [{"act": "REQUEST", "canonical_values": [], "slot": "destination_city", "values": []}], "service": "Flights_1", "slots": []}], "speaker": "SYSTEM", "utterance": "Where are you planning to go?"}, {"frames": [{"actions": [{"act": "INFORM", "canonical_values": ["San Francisco"], "slot": "destination_city", "values": ["SF"]}], "service": "Flights_1", "slots": [{"exclusive_end": 19, "slot": "destination_city", "start": 17}], "state": {"active_intent": "SearchOnewayFlight", "requested_slots": [], "slot_values": {"destination_city": ["SF"]}}}], "speaker": "USER", "utterance": "I'll be going to SF."}, {"frames": [{"actions": [{"act": "REQUEST", "canonical_values": [], "slot": "origin_city", "values": []}, {"act": "REQUEST", "canonical_values": [], "slot": "departure_date", "values": []}], "service": "Flights_1", "slots": []}], "speaker": "SYSTEM", "utterance": "On what date do you plan to leave and where will you be flying from?"}, {"frames": [{"actions": [{"act": "INFORM", "canonical_values": ["Toronto"], "slot": "origin_city", "values": ["Toronto, Canada"]}, {"act": "INFORM", "canonical_values": ["2019-03-04"], "slot": "departure_date", "values": ["4th of this month"]}], "service": "Flights_1", "slots": [{"exclusive_end": 35, "slot": "origin_city", "start": 20}, {"exclusive_end": 60, "slot": "departure_date", "start": 43}], "state": {"active_intent": "SearchOnewayFlight", "requested_slots": [], "slot_values": {"departure_date": ["4th of this month"], "destination_city": ["SF"], "origin_city": ["Toronto, Canada"]}}}], "speaker": "USER", "utterance": "I'll be flying from Toronto, Canada on the 4th of this month."}, {"frames": [{"actions": [{"act": "OFFER", "canonical_values": ["Air Canada"], "slot": "airlines", "values": ["Air Canada"]}, {"act": "OFFER", "canonical_values": ["16:40"], "slot": "outbound_departure_time", "values": ["4:40 pm"]}, {"act": "OFFER", "canonical_values": ["1"], "slot": "number_stops", "values": ["1"]}, {"act": "OFFER", "canonical_values": ["283"], "slot": "price", "values": ["$283"]}, {"act": "INFORM_COUNT", "canonical_values": ["4"], "slot": "count", "values": ["4"]}], "service": "Flights_1", "service_call": {"method": "SearchOnewayFlight", "parameters": {"departure_date": "2019-03-04", "destination_city": "San Francisco", "origin_city": "Toronto"}}, "service_results": [{"airlines": "Air Canada", "departure_date": "2019-03-04", "destination_airport": "SFO International Airport", "destination_city": "San Francisco", "number_stops": "1", "origin_airport": "Toronto Pearson International Airport", "origin_city": "Toronto", "outbound_arrival_time": "21:12", "outbound_departure_time": "16:40", "passengers": "1", "price": "283", "refundable": "False", "seating_class": "Economy"}, {"airlines": "American Airlines", "departure_date": "2019-03-04", "destination_airport": "SFO International Airport", "destination_city": "San Francisco", "number_stops": "1", "origin_airport": "Toronto Pearson International Airport", "origin_city": "Toronto", "outbound_arrival_time": "14:22", "outbound_departure_time": "10:05", "passengers": "1", "price": "279", "refundable": "False", "seating_class": "Economy"}, {"airlines": "Delta Airlines", "departure_date": "2019-03-04", "destination_airport": "SFO International Airport", "destination_city": "San Francisco", "number_stops": "1", "origin_airport": "Toronto Pearson International Airport", "origin_city": "Toronto", "outbound_arrival_time": "07:55", "outbound_departure_time": "02:10", "passengers": "1", "price": "276", "refundable": "False", "seating_class": "Economy"}, {"airlines": "United Airlines", "departure_date": "2019-03-04", "destination_airport": "SFO International Airport", "destination_city": "San Francisco", "number_stops": "1", "origin_airport": "Toronto Pearson International Airport", "origin_city": "Toronto", "outbound_arrival_time": "21:12", "outbound_departure_time": "17:35", "passengers": "1", "price": "306", "refundable": "False", "seating_class": "Economy"}], "slots": [{"exclusive_end": 129, "slot": "outbound_departure_time", "start": 122}, {"exclusive_end": 62, "slot": "price", "start": 58}]}], "speaker": "SYSTEM", "utterance": "Of the 4 suitable flights, an Air Canada flight priced at $283, with 1 stop seems to be the best option and it departs at 4:40 pm."}, {"frames": [{"actions": [{"act": "REQUEST_ALTS", "canonical_values": [], "slot": "", "values": []}], "service": "Flights_1", "slots": [], "state": {"active_intent": "SearchOnewayFlight", "requested_slots": [], "slot_values": {"departure_date": ["4th of this month"], "destination_city": ["SF"], "origin_city": ["Toronto, Canada"]}}}], "speaker": "USER", "utterance": "Are any other option available."}, {"frames": [{"actions": [{"act": "OFFER", "canonical_values": ["American Airlines"], "slot": "airlines", "values": ["American Airlines"]}, {"act": "OFFER", "canonical_values": ["10:05"], "slot": "outbound_departure_time", "values": ["10:05 am"]}, {"act": "OFFER", "canonical_values": ["1"], "slot": "number_stops", "values": ["1"]}, {"act": "OFFER", "canonical_values": ["279"], "slot": "price", "values": ["$279"]}], "service": "Flights_1", "slots": [{"exclusive_end": 87, "slot": "outbound_departure_time", "start": 79}, {"exclusive_end": 51, "slot": "price", "start": 47}]}], "speaker": "SYSTEM", "utterance": "There is an American Airlines flight priced at $279 with 1 stop that leaves at 10:05 am."}, {"frames": [{"actions": [{"act": "INFORM", "canonical_values": ["4"], "slot": "passengers", "values": ["4"]}, {"act": "REQUEST_ALTS", "canonical_values": [], "slot": "", "values": []}], "service": "Flights_1", "slots": [], "state": {"active_intent": "SearchOnewayFlight", "requested_slots": [], "slot_values": {"departure_date": ["4th of this month"], "destination_city": ["SF"], "origin_city": ["Toronto, Canada"], "passengers": ["4"]}}}], "speaker": "USER", "utterance": "Are there any other options? I need 4 tickets."}, {"frames": [{"actions": [{"act": "OFFER", "canonical_values": ["Delta Airlines"], "slot": "airlines", "values": ["Delta Airlines"]}, {"act": "OFFER", "canonical_values": ["02:10"], "slot": "outbound_departure_time", "values": ["2:10 am"]}, {"act": "OFFER", "canonical_values": ["1"], "slot": "number_stops", "values": ["1"]}, {"act": "OFFER", "canonical_values": ["276"], "slot": "price", "values": ["$276"]}], "service": "Flights_1", "service_call": {"method": "SearchOnewayFlight", "parameters": {"departure_date": "2019-03-04", "destination_city": "San Francisco", "origin_city": "Toronto", "passengers": "4"}}, "service_results": [{"airlines": "Air Canada", "departure_date": "2019-03-04", "destination_airport": "SFO International Airport", "destination_city": "San Francisco", "number_stops": "1", "origin_airport": "Toronto Pearson International Airport", "origin_city": "Toronto", "outbound_arrival_time": "21:12", "outbound_departure_time": "16:40", "passengers": "4", "price": "283", "refundable": "False", "seating_class": "Economy"}, {"airlines": "American Airlines", "departure_date": "2019-03-04", "destination_airport": "SFO International Airport", "destination_city": "San Francisco", "number_stops": "1", "origin_airport": "Toronto Pearson International Airport", "origin_city": "Toronto", "outbound_arrival_time": "14:22", "outbound_departure_time": "10:05", "passengers": "4", "price": "279", "refundable": "False", "seating_class": "Economy"}, {"airlines": "Delta Airlines", "departure_date": "2019-03-04", "destination_airport": "SFO International Airport", "destination_city": "San Francisco", "number_stops": "1", "origin_airport": "Toronto Pearson International Airport", "origin_city": "Toronto", "outbound_arrival_time": "07:55", "outbound_departure_time": "02:10", "passengers": "4", "price": "276", "refundable": "False", "seating_class": "Economy"}, {"airlines": "United Airlines", "departure_date": "2019-03-04", "destination_airport": "SFO International Airport", "destination_city": "San Francisco", "number_stops": "1", "origin_airport": "Toronto Pearson International Airport", "origin_city": "Toronto", "outbound_arrival_time": "21:12", "outbound_departure_time": "17:35", "passengers": "4", "price": "306", "refundable": "False", "seating_class": "Economy"}], "slots": [{"exclusive_end": 60, "slot": "outbound_departure_time", "start": 53}, {"exclusive_end": 75, "slot": "price", "start": 71}]}], "speaker": "SYSTEM", "utterance": "Delta Airlines has an outbound flight that leaves at 2:10 am priced at $276 and it has 1 stop."}, {"frames": [{"actions": [{"act": "REQUEST", "canonical_values": [], "slot": "origin_airport", "values": []}], "service": "Flights_1", "slots": [], "state": {"active_intent": "SearchOnewayFlight", "requested_slots": ["origin_airport"], "slot_values": {"departure_date": ["4th of this month"], "destination_city": ["SF"], "origin_city": ["Toronto, Canada"], "passengers": ["4"]}}}], "speaker": "USER", "utterance": "Which airport does it depart from?"}, {"frames": [{"actions": [{"act": "INFORM", "canonical_values": ["Toronto Pearson International Airport"], "slot": "origin_airport", "values": ["Toronto Pearson International Airport"]}], "service": "Flights_1", "slots": [{"exclusive_end": 72, "slot": "origin_airport", "start": 35}]}], "speaker": "SYSTEM", "utterance": "It is scheduled to depart from the Toronto Pearson International Airport."}, {"frames": [{"actions": [{"act": "SELECT", "canonical_values": [], "slot": "", "values": []}], "service": "Flights_1", "slots": [], "state": {"active_intent": "SearchOnewayFlight", "requested_slots": [], "slot_values": {"airlines": ["Delta Airlines"], "departure_date": ["4th of this month"], "destination_city": ["SF"], "origin_city": ["Toronto, Canada"], "outbound_departure_time": ["2:10 am"], "passengers": ["4"]}}}], "speaker": "USER", "utterance": "That sounds good to me."}, {"frames": [{"actions": [{"act": "OFFER_INTENT", "canonical_values": ["ReserveOnewayFlight"], "slot": "intent", "values": ["ReserveOnewayFlight"]}], "service": "Flights_1", "slots": []}], "speaker": "SYSTEM", "utterance": "Do you want to buy tickets for the flight?"}, {"frames": [{"actions": [{"act": "AFFIRM_INTENT", "canonical_values": [], "slot": "", "values": []}, {"act": "INFORM", "canonical_values": ["Economy"], "slot": "seating_class", "values": ["Economy"]}], "service": "Flights_1", "slots": [], "state": {"active_intent": "ReserveOnewayFlight", "requested_slots": [], "slot_values": {"airlines": ["Delta Airlines"], "departure_date": ["4th of this month"], "destination_city": ["SF"], "origin_city": ["Toronto, Canada"], "outbound_departure_time": ["2:10 am"], "passengers": ["4"], "seating_class": ["Economy"]}}}], "speaker": "USER", "utterance": "Yes, please. Get me Economy class tickets."}, {"frames": [{"actions": [{"act": "CONFIRM", "canonical_values": ["Toronto"], "slot": "origin_city", "values": ["Toronto"]}, {"act": "CONFIRM", "canonical_values": ["San Francisco"], "slot": "destination_city", "values": ["San Francisco"]}, {"act": "CONFIRM", "canonical_values": ["Delta Airlines"], "slot": "airlines", "values": ["Delta Airlines"]}, {"act": "CONFIRM", "canonical_values": ["2019-03-04"], "slot": "departure_date", "values": ["next Monday"]}, {"act": "CONFIRM", "canonical_values": ["4"], "slot": "passengers", "values": ["4"]}, {"act": "CONFIRM", "canonical_values": ["Economy"], "slot": "seating_class", "values": ["Economy"]}], "service": "Flights_1", "slots": [{"exclusive_end": 65, "slot": "origin_city", "start": 58}, {"exclusive_end": 82, "slot": "destination_city", "start": 69}, {"exclusive_end": 116, "slot": "departure_date", "start": 105}]}], "speaker": "SYSTEM", "utterance": "Please confirm that you want 4 Economy class tickets from Toronto to San Francisco on Delta Airlines for next Monday."}, {"frames": [{"actions": [{"act": "AFFIRM", "canonical_values": [], "slot": "", "values": []}], "service": "Flights_1", "slots": [], "state": {"active_intent": "ReserveOnewayFlight", "requested_slots": [], "slot_values": {"airlines": ["Delta Airlines"], "departure_date": ["4th of this month", "next Monday"], "destination_city": ["SF", "San Francisco"], "origin_city": ["Toronto", "Toronto, Canada"], "outbound_departure_time": ["2:10 am"], "passengers": ["4"], "seating_class": ["Economy"]}}}], "speaker": "USER", "utterance": "Yes, that's correct."}, {"frames": [{"actions": [{"act": "NOTIFY_SUCCESS", "canonical_values": [], "slot": "", "values": []}], "service": "Flights_1", "service_call": {"method": "ReserveOnewayFlight", "parameters": {"airlines": "Delta Airlines", "departure_date": "2019-03-04", "destination_city": "San Francisco", "origin_city": "Toronto", "passengers": "4", "seating_class": "Economy"}}, "service_results": [{"airlines": "Delta Airlines", "departure_date": "2019-03-04", "destination_airport": "SFO International Airport", "destination_city": "San Francisco", "number_stops": "1", "origin_airport": "Toronto Pearson International Airport", "origin_city": "Toronto", "outbound_arrival_time": "07:55", "outbound_departure_time": "02:10", "passengers": "4", "price": "276", "refundable": "False", "seating_class": "Economy"}], "slots": []}], "speaker": "SYSTEM", "utterance": "Your tickets have been successfully booked."}, {"frames": [{"actions": [{"act": "THANK_YOU", "canonical_values": [], "slot": "", "values": []}, {"act": "GOODBYE", "canonical_values": [], "slot": "", "values": []}], "service": "Flights_1", "slots": [], "state": {"active_intent": "ReserveOnewayFlight", "requested_slots": [], "slot_values": {"airlines": ["Delta Airlines"], "departure_date": ["4th of this month", "next Monday"], "destination_city": ["SF", "San Francisco"], "origin_city": ["Toronto", "Toronto, Canada"], "outbound_departure_time": ["2:10 am"], "passengers": ["4"], "seating_class": ["Economy"]}}}], "speaker": "USER", "utterance": "Thank you for the help. That's all I need for now."}, {"frames": [{"actions": [{"act": "GOODBYE", "canonical_values": [], "slot": "", "values": []}], "service": "Flights_1", "slots": []}], "speaker": "SYSTEM", "utterance": "Have a great day!"}]}, {"dialogue_id": "18_00002", "services": ["Flights_1"], "turns": [{"frames": [{"actions": [{"act": "INFORM_INTENT", "canonical_values": ["SearchOnewayFlight"], "slot": "intent", "values": ["SearchOnewayFlight"]}], "service": "Flights_1", "slots": [], "state": {"active_intent": "SearchOnewayFlight", "requested_slots": [], "slot_values": {}}}], "speaker": "USER", "utterance": "I am going on vacation soon, can you find me a ticket?"}, {"frames": [{"actions": [{"act": "REQUEST", "canonical_values": [], "slot": "destination_city", "values": []}, {"act": "REQUEST", "canonical_values": [], "slot": "departure_date", "values": []}, {"act": "REQUEST", "canonical_values": [], "slot": "origin_city", "values": []}], "service": "Flights_1", "slots": []}], "speaker": "SYSTEM", "utterance": "Where are you visiting? When would you like to leave, and from where?"}, {"frames": [{"actions": [{"act": "INFORM", "canonical_values": ["Washington"], "slot": "origin_city", "values": ["Washington"]}, {"act": "INFORM", "canonical_values": ["2019-03-10"], "slot": "departure_date", "values": ["10th of March"]}, {"act": "INFORM", "canonical_values": ["Mexico City"], "slot": "destination_city", "values": ["CDMX"]}, {"act": "INFORM", "canonical_values": ["dontcare"], "slot": "seating_class", "values": ["dontcare"]}], "service": "Flights_1", "slots": [{"exclusive_end": 33, "slot": "origin_city", "start": 23}, {"exclusive_end": 54, "slot": "departure_date", "start": 41}, {"exclusive_end": 68, "slot": "destination_city", "start": 64}], "state": {"active_intent": "SearchOnewayFlight", "requested_slots": [], "slot_values": {"departure_date": ["10th of March"], "destination_city": ["CDMX"], "origin_city": ["Washington"], "seating_class": ["dontcare"]}}}], "speaker": "USER", "utterance": "I will be leaving from Washington on the 10th of March going to CDMX. I would prefer a business or economy seat."}, {"frames": [{"actions": [{"act": "OFFER", "canonical_values": ["American Airlines"], "slot": "airlines", "values": ["American Airlines"]}, {"act": "OFFER", "canonical_values": ["10:15"], "slot": "outbound_departure_time", "values": ["10:15 am"]}, {"act": "OFFER", "canonical_values": ["1"], "slot": "number_stops", "values": ["1"]}, {"act": "OFFER", "canonical_values": ["243"], "slot": "price", "values": ["$243"]}, {"act": "INFORM_COUNT", "canonical_values": ["3"], "slot": "count", "values": ["3"]}], "service": "Flights_1", "service_call": {"method": "SearchOnewayFlight", "parameters": {"departure_date": "2019-03-10", "destination_city": "Mexico City", "origin_city": "Washington"}}, "service_results": [{"airlines": "American Airlines", "departure_date": "2019-03-10", "destination_airport": "Benito Juarez International Airport", "destination_city": "Mexico City", "number_stops": "1", "origin_airport": "Dulles International Airport", "origin_city": "Washington", "outbound_arrival_time": "19:31", "outbound_departure_time": "10:15", "passengers": "1", "price": "243", "refundable": "False", "seating_class": "Economy"}, {"airlines": "Delta Airlines", "departure_date": "2019-03-10", "destination_airport": "Benito Juarez International Airport", "destination_city": "Mexico City", "number_stops": "1", "origin_airport": "Dulles International Airport", "origin_city": "Washington", "outbound_arrival_time": "20:05", "outbound_departure_time": "10:00", "passengers": "1", "price": "355", "refundable": "False", "seating_class": "Economy"}, {"airlines": "Southwest Airlines", "departure_date": "2019-03-10", "destination_airport": "Benito Juarez International Airport", "destination_city": "Mexico City", "number_stops": "1", "origin_airport": "Dulles International Airport", "origin_city": "Washington", "outbound_arrival_time": "02:05", "outbound_departure_time": "14:50", "passengers": "1", "price": "323", "refundable": "False", "seating_class": "Economy"}], "slots": [{"exclusive_end": 79, "slot": "outbound_departure_time", "start": 71}, {"exclusive_end": 121, "slot": "price", "start": 117}]}], "speaker": "SYSTEM", "utterance": "I have 3 good options. There is an American Airlines flight leaving at 10:15 am, but it has 1 stop. The ticket costs $243."}, {"frames": [{"actions": [{"act": "REQUEST", "canonical_values": [], "slot": "origin_airport", "values": []}, {"act": "REQUEST", "canonical_values": [], "slot": "refundable", "values": []}], "service": "Flights_1", "slots": [], "state": {"active_intent": "SearchOnewayFlight", "requested_slots": ["origin_airport", "refundable"], "slot_values": {"departure_date": ["10th of March"], "destination_city": ["CDMX"], "origin_city": ["Washington"], "seating_class": ["dontcare"]}}}], "speaker": "USER", "utterance": "What airport is the flight leaving from? And can I get a refund on this ticket?"}, {"frames": [{"actions": [{"act": "INFORM", "canonical_values": ["Dulles International Airport"], "slot": "origin_airport", "values": ["Dulles International Airport"]}, {"act": "INFORM", "canonical_values": ["False"], "slot": "refundable", "values": ["False"]}], "service": "Flights_1", "slots": [{"exclusive_end": 55, "slot": "origin_airport", "start": 27}]}], "speaker": "SYSTEM", "utterance": "The flight is leaving from Dulles International Airport. Unfortunately, the ticket is non-refundable"}, {"frames": [{"actions": [{"act": "SELECT", "canonical_values": [], "slot": "", "values": []}], "service": "Flights_1", "slots": [], "state": {"active_intent": "SearchOnewayFlight", "requested_slots": [], "slot_values": {"airlines": ["American Airlines"], "departure_date": ["10th of March"], "destination_city": ["CDMX"], "origin_city": ["Washington"], "outbound_departure_time": ["10:15 am"], "seating_class": ["dontcare"]}}}], "speaker": "USER", "utterance": "Okay, this sounds okay for me."}, {"frames": [{"actions": [{"act": "OFFER_INTENT", "canonical_values": ["ReserveOnewayFlight"], "slot": "intent", "values": ["ReserveOnewayFlight"]}], "service": "Flights_1", "slots": []}], "speaker": "SYSTEM", "utterance": "Would you like to purchase the tickets?"}, {"frames": [{"actions": [{"act": "AFFIRM_INTENT", "canonical_values": [], "slot": "", "values": []}], "service": "Flights_1", "slots": [], "state": {"active_intent": "ReserveOnewayFlight", "requested_slots": [], "slot_values": {"airlines": ["American Airlines"], "departure_date": ["10th of March"], "destination_city": ["CDMX"], "origin_city": ["Washington"], "outbound_departure_time": ["10:15 am"], "seating_class": ["dontcare"]}}}], "speaker": "USER", "utterance": "Yes, I would.."}, {"frames": [{"actions": [{"act": "CONFIRM", "canonical_values": ["Washington"], "slot": "origin_city", "values": ["Washington"]}, {"act": "CONFIRM", "canonical_values": ["Mexico City"], "slot": "destination_city", "values": ["Mexico City"]}, {"act": "CONFIRM", "canonical_values": ["American Airlines"], "slot": "airlines", "values": ["American Airlines"]}, {"act": "CONFIRM", "canonical_values": ["2019-03-10"], "slot": "departure_date", "values": ["March 10th"]}, {"act": "CONFIRM", "canonical_values": ["1"], "slot": "passengers", "values": ["1"]}, {"act": "CONFIRM", "canonical_values": ["Economy"], "slot": "seating_class", "values": ["Economy"]}], "service": "Flights_1", "slots": [{"exclusive_end": 84, "slot": "origin_city", "start": 74}, {"exclusive_end": 99, "slot": "destination_city", "start": 88}, {"exclusive_end": 113, "slot": "departure_date", "start": 103}]}], "speaker": "SYSTEM", "utterance": "So, you would like 1 Economy ticket for the American Airlines flight from Washington to Mexico City on March 10th?"}, {"frames": [{"actions": [{"act": "INFORM", "canonical_values": ["3"], "slot": "passengers", "values": ["3"]}, {"act": "NEGATE", "canonical_values": [], "slot": "", "values": []}], "service": "Flights_1", "slots": [], "state": {"active_intent": "ReserveOnewayFlight", "requested_slots": [], "slot_values": {"airlines": ["American Airlines"], "departure_date": ["10th of March", "March 10th"], "destination_city": ["CDMX", "Mexico City"], "origin_city": ["Washington"], "outbound_departure_time": ["10:15 am"], "passengers": ["3"], "seating_class": ["dontcare"]}}}], "speaker": "USER", "utterance": "No, I need three tickets"}, {"frames": [{"actions": [{"act": "CONFIRM", "canonical_values": ["3"], "slot": "passengers", "values": ["3"]}, {"act": "CONFIRM", "canonical_values": ["Economy"], "slot": "seating_class", "values": ["Economy"]}], "service": "Flights_1", "slots": []}], "speaker": "SYSTEM", "utterance": "So you would like 3 Economy tickets?"}, {"frames": [{"actions": [{"act": "INFORM", "canonical_values": ["2"], "slot": "passengers", "values": ["2"]}, {"act": "NEGATE", "canonical_values": [], "slot": "", "values": []}], "service": "Flights_1", "slots": [], "state": {"active_intent": "ReserveOnewayFlight", "requested_slots": [], "slot_values": {"airlines": ["American Airlines"], "departure_date": ["10th of March", "March 10th"], "destination_city": ["CDMX", "Mexico City"], "origin_city": ["Washington"], "outbound_departure_time": ["10:15 am"], "passengers": ["2"], "seating_class": ["dontcare"]}}}], "speaker": "USER", "utterance": "Actually, I only need 2 tickets."}, {"frames": [{"actions": [{"act": "CONFIRM", "canonical_values": ["2019-03-10"], "slot": "departure_date", "values": ["March 10th"]}, {"act": "CONFIRM", "canonical_values": ["2"], "slot": "passengers", "values": ["2"]}], "service": "Flights_1", "slots": [{"exclusive_end": 47, "slot": "departure_date", "start": 37}]}], "speaker": "SYSTEM", "utterance": "So, you would like 2 tickets for the March 10th flight?"}, {"frames": [{"actions": [{"act": "REQUEST", "canonical_values": [], "slot": "outbound_arrival_time", "values": []}, {"act": "REQUEST", "canonical_values": [], "slot": "destination_airport", "values": []}, {"act": "AFFIRM", "canonical_values": [], "slot": "", "values": []}], "service": "Flights_1", "slots": [], "state": {"active_intent": "ReserveOnewayFlight", "requested_slots": ["destination_airport", "outbound_arrival_time"], "slot_values": {"airlines": ["American Airlines"], "departure_date": ["10th of March", "March 10th"], "destination_city": ["CDMX", "Mexico City"], "origin_city": ["Washington"], "outbound_departure_time": ["10:15 am"], "passengers": ["2"], "seating_class": ["dontcare"]}}}], "speaker": "USER", "utterance": "Yes, and when does the flight end, and at which airport?"}, {"frames": [{"actions": [{"act": "INFORM", "canonical_values": ["Benito Juarez International Airport"], "slot": "destination_airport", "values": ["Benito Juarez International Airport"]}, {"act": "INFORM", "canonical_values": ["19:31"], "slot": "outbound_arrival_time", "values": ["7:31 pm"]}, {"act": "NOTIFY_SUCCESS", "canonical_values": [], "slot": "", "values": []}], "service": "Flights_1", "service_call": {"method": "ReserveOnewayFlight", "parameters": {"airlines": "American Airlines", "departure_date": "2019-03-10", "destination_city": "Mexico City", "origin_city": "Washington", "passengers": "2"}}, "service_results": [{"airlines": "American Airlines", "departure_date": "2019-03-10", "destination_airport": "Benito Juarez International Airport", "destination_city": "Mexico City", "number_stops": "1", "origin_airport": "Dulles International Airport", "origin_city": "Washington", "outbound_arrival_time": "19:31", "outbound_departure_time": "10:15", "passengers": "2", "price": "243", "refundable": "False", "seating_class": "Economy"}], "slots": [{"exclusive_end": 92, "slot": "destination_airport", "start": 57}, {"exclusive_end": 103, "slot": "outbound_arrival_time", "start": 96}]}], "speaker": "SYSTEM", "utterance": "Your ticket is confirmed. The flight will be arriving at Benito Juarez International Airport at 7:31 pm"}, {"frames": [{"actions": [{"act": "THANK_YOU", "canonical_values": [], "slot": "", "values": []}, {"act": "GOODBYE", "canonical_values": [], "slot": "", "values": []}], "service": "Flights_1", "slots": [], "state": {"active_intent": "ReserveOnewayFlight", "requested_slots": [], "slot_values": {"airlines": ["American Airlines"], "departure_date": ["10th of March", "March 10th"], "destination_city": ["CDMX", "Mexico City"], "origin_city": ["Washington"], "outbound_departure_time": ["10:15 am"], "passengers": ["2"], "seating_class": ["dontcare"]}}}], "speaker": "USER", "utterance": "Thank you. That's everything."}, {"frames": [{"actions": [{"act": "GOODBYE", "canonical_values": [], "slot": "", "values": []}], "service": "Flights_1", "slots": []}], "speaker": "SYSTEM", "utterance": "Have a great day."}]}, {"dialogue_id": "18_00003", "services": ["Flights_1"], "turns": [{"frames": [{"actions": [{"act": "INFORM_INTENT", "canonical_values": ["SearchOnewayFlight"], "slot": "intent", "values": ["SearchOnewayFlight"]}], "service": "Flights_1", "slots": [], "state": {"active_intent": "SearchOnewayFlight", "requested_slots": [], "slot_values": {}}}], "speaker": "USER", "utterance": "Can you help me book a one way flight for a trip I have coming up?"}, {"frames": [{"actions": [{"act": "REQUEST", "canonical_values": [], "slot": "origin_city", "values": []}], "service": "Flights_1", "slots": []}], "speaker": "SYSTEM", "utterance": "Yes I can, where will you be departing from?"}, {"frames": [{"actions": [{"act": "INFORM", "canonical_values": ["1"], "slot": "passengers", "values": ["1"]}, {"act": "INFORM", "canonical_values": ["Seattle"], "slot": "origin_city", "values": ["Seattle, WA"]}], "service": "Flights_1", "slots": [{"exclusive_end": 45, "slot": "origin_city", "start": 34}], "state": {"active_intent": "SearchOnewayFlight", "requested_slots": [], "slot_values": {"origin_city": ["Seattle, WA"], "passengers": ["1"]}}}], "speaker": "USER", "utterance": "I will need 1 ticket leaving from Seattle, WA."}, {"frames": [{"actions": [{"act": "REQUEST", "canonical_values": [], "slot": "destination_city", "values": []}], "service": "Flights_1", "slots": []}], "speaker": "SYSTEM", "utterance": "Where will you be going for your trip?"}, {"frames": [{"actions": [{"act": "INFORM", "canonical_values": ["Atlanta"], "slot": "destination_city", "values": ["Atlanta"]}], "service": "Flights_1", "slots": [{"exclusive_end": 32, "slot": "destination_city", "start": 25}], "state": {"active_intent": "SearchOnewayFlight", "requested_slots": [], "slot_values": {"destination_city": ["Atlanta"], "origin_city": ["Seattle, WA"], "passengers": ["1"]}}}], "speaker": "USER", "utterance": "I would like a flight to Atlanta please."}, {"frames": [{"actions": [{"act": "REQUEST", "canonical_values": [], "slot": "departure_date", "values": []}], "service": "Flights_1", "slots": []}], "speaker": "SYSTEM", "utterance": "What day will you be needing this flight for?"}, {"frames": [{"actions": [{"act": "INFORM", "canonical_values": ["2019-03-12"], "slot": "departure_date", "values": ["12th of this month"]}], "service": "Flights_1", "slots": [{"exclusive_end": 49, "slot": "departure_date", "start": 31}], "state": {"active_intent": "SearchOnewayFlight", "requested_slots": [], "slot_values": {"departure_date": ["12th of this month"], "destination_city": ["Atlanta"], "origin_city": ["Seattle, WA"], "passengers": ["1"]}}}], "speaker": "USER", "utterance": "I will need the flight for the 12th of this month."}, {"frames": [{"actions": [{"act": "OFFER", "canonical_values": ["Alaska Airlines"], "slot": "airlines", "values": ["Alaska Airlines"]}, {"act": "OFFER", "canonical_values": ["05:15"], "slot": "outbound_departure_time", "values": ["5:15 am"]}, {"act": "OFFER", "canonical_values": ["0"], "slot": "number_stops", "values": ["0"]}, {"act": "OFFER", "canonical_values": ["178"], "slot": "price", "values": ["$178"]}], "service": "Flights_1", "service_call": {"method": "SearchOnewayFlight", "parameters": {"departure_date": "2019-03-12", "destination_city": "Atlanta", "origin_city": "Seattle", "passengers": "1"}}, "service_results": [{"airlines": "Alaska Airlines", "departure_date": "2019-03-12", "destination_airport": "Hartsfield-Jackson International Airport", "destination_city": "Atlanta", "number_stops": "0", "origin_airport": "Seattle-Tacoma International Airport", "origin_city": "Seattle", "outbound_arrival_time": "13:47", "outbound_departure_time": "05:15", "passengers": "1", "price": "178", "refundable": "False", "seating_class": "Economy"}, {"airlines": "American Airlines", "departure_date": "2019-03-12", "destination_airport": "Hartsfield-Jackson International Airport", "destination_city": "Atlanta", "number_stops": "0", "origin_airport": "Seattle-Tacoma International Airport", "origin_city": "Seattle", "outbound_arrival_time": "06:17", "outbound_departure_time": "21:45", "passengers": "1", "price": "195", "refundable": "False", "seating_class": "Economy"}, {"airlines": "Delta Airlines", "departure_date": "2019-03-12", "destination_airport": "Hartsfield-Jackson International Airport", "destination_city": "Atlanta", "number_stops": "0", "origin_airport": "Seattle-Tacoma International Airport", "origin_city": "Seattle", "outbound_arrival_time": "08:22", "outbound_departure_time": "23:50", "passengers": "1", "price": "190", "refundable": "False", "seating_class": "Economy"}, {"airlines": "Southwest Airlines", "departure_date": "2019-03-12", "destination_airport": "Hartsfield-Jackson International Airport", "destination_city": "Atlanta", "number_stops": "1", "origin_airport": "Seattle-Tacoma International Airport", "origin_city": "Seattle", "outbound_arrival_time": "17:04", "outbound_departure_time": "05:25", "passengers": "1", "price": "294", "refundable": "False", "seating_class": "Economy"}, {"airlines": "United Airlines", "departure_date": "2019-03-12", "destination_airport": "Hartsfield-Jackson International Airport", "destination_city": "Atlanta", "number_stops": "0", "origin_airport": "Seattle-Tacoma International Airport", "origin_city": "Seattle", "outbound_arrival_time": "01:27", "outbound_departure_time": "16:55", "passengers": "1", "price": "171", "refundable": "False", "seating_class": "Economy"}], "slots": [{"exclusive_end": 64, "slot": "outbound_departure_time", "start": 57}, {"exclusive_end": 13, "slot": "price", "start": 9}]}], "speaker": "SYSTEM", "utterance": "I have a $178 ticket with Alaska Airlines that leaves at 5:15 am with 0 stops."}, {"frames": [{"actions": [{"act": "REQUEST_ALTS", "canonical_values": [], "slot": "", "values": []}], "service": "Flights_1", "slots": [], "state": {"active_intent": "SearchOnewayFlight", "requested_slots": [], "slot_values": {"departure_date": ["12th of this month"], "destination_city": ["Atlanta"], "origin_city": ["Seattle, WA"], "passengers": ["1"]}}}], "speaker": "USER", "utterance": "Do you have any other available flights?"}, {"frames": [{"actions": [{"act": "OFFER", "canonical_values": ["American Airlines"], "slot": "airlines", "values": ["American Airlines"]}, {"act": "OFFER", "canonical_values": ["21:45"], "slot": "outbound_departure_time", "values": ["9:45 pm"]}, {"act": "OFFER", "canonical_values": ["0"], "slot": "number_stops", "values": ["0"]}, {"act": "OFFER", "canonical_values": ["195"], "slot": "price", "values": ["$195"]}], "service": "Flights_1", "slots": [{"exclusive_end": 90, "slot": "outbound_departure_time", "start": 83}, {"exclusive_end": 99, "slot": "price", "start": 95}]}], "speaker": "SYSTEM", "utterance": "Yes, I also have a flight with American Airlines that has 0 stops and it leaves at 9:45 pm for $195."}, {"frames": [{"actions": [{"act": "REQUEST", "canonical_values": [], "slot": "origin_airport", "values": []}, {"act": "REQUEST", "canonical_values": [], "slot": "outbound_arrival_time", "values": []}], "service": "Flights_1", "slots": [], "state": {"active_intent": "SearchOnewayFlight", "requested_slots": ["origin_airport", "outbound_arrival_time"], "slot_values": {"departure_date": ["12th of this month"], "destination_city": ["Atlanta"], "origin_city": ["Seattle, WA"], "passengers": ["1"]}}}], "speaker": "USER", "utterance": "Where would I be departing from and what time will the onward flight arrive?"}, {"frames": [{"actions": [{"act": "INFORM", "canonical_values": ["Seattle-Tacoma International Airport"], "slot": "origin_airport", "values": ["Seattle-Tacoma International Airport"]}, {"act": "INFORM", "canonical_values": ["06:17"], "slot": "outbound_arrival_time", "values": ["6:17 am"]}], "service": "Flights_1", "slots": [{"exclusive_end": 90, "slot": "origin_airport", "start": 54}, {"exclusive_end": 33, "slot": "outbound_arrival_time", "start": 26}]}], "speaker": "SYSTEM", "utterance": "The flight will arrive at 6:17 am and it departs form Seattle-Tacoma International Airport."}, {"frames": [{"actions": [{"act": "INFORM_INTENT", "canonical_values": ["ReserveOnewayFlight"], "slot": "intent", "values": ["ReserveOnewayFlight"]}, {"act": "SELECT", "canonical_values": [], "slot": "", "values": []}], "service": "Flights_1", "slots": [], "state": {"active_intent": "ReserveOnewayFlight", "requested_slots": [], "slot_values": {"airlines": ["American Airlines"], "departure_date": ["12th of this month"], "destination_city": ["Atlanta"], "origin_city": ["Seattle, WA"], "outbound_departure_time": ["9:45 pm"], "passengers": ["1"]}}}], "speaker": "USER", "utterance": "That's a plan. Can you help book another one way flight for another trip I want to take?"}, {"frames": [{"actions": [{"act": "CONFIRM", "canonical_values": ["Seattle"], "slot": "origin_city", "values": ["Seattle"]}, {"act": "CONFIRM", "canonical_values": ["Atlanta"], "slot": "destination_city", "values": ["Atlanta"]}, {"act": "CONFIRM", "canonical_values": ["American Airlines"], "slot": "airlines", "values": ["American Airlines"]}, {"act": "CONFIRM", "canonical_values": ["2019-03-12"], "slot": "departure_date", "values": ["March 12th"]}, {"act": "CONFIRM", "canonical_values": ["1"], "slot": "passengers", "values": ["1"]}, {"act": "CONFIRM", "canonical_values": ["Economy"], "slot": "seating_class", "values": ["Economy"]}], "service": "Flights_1", "slots": [{"exclusive_end": 141, "slot": "origin_city", "start": 134}, {"exclusive_end": 162, "slot": "destination_city", "start": 155}, {"exclusive_end": 118, "slot": "departure_date", "start": 108}]}], "speaker": "SYSTEM", "utterance": "Yes, but first I would like to confirm I have you booked with American Airlines for 1 Economy class seat on March 12th departing from Seattle and going to Atlanta."}, {"frames": [{"actions": [{"act": "AFFIRM", "canonical_values": [], "slot": "", "values": []}], "service": "Flights_1", "slots": [], "state": {"active_intent": "ReserveOnewayFlight", "requested_slots": [], "slot_values": {"airlines": ["American Airlines"], "departure_date": ["12th of this month", "March 12th"], "destination_city": ["Atlanta"], "origin_city": ["Seattle", "Seattle, WA"], "outbound_departure_time": ["9:45 pm"], "passengers": ["1"], "seating_class": ["Economy"]}}}], "speaker": "USER", "utterance": "Yes that would be correct."}, {"frames": [{"actions": [{"act": "NOTIFY_SUCCESS", "canonical_values": [], "slot": "", "values": []}], "service": "Flights_1", "service_call": {"method": "ReserveOnewayFlight", "parameters": {"airlines": "American Airlines", "departure_date": "2019-03-12", "destination_city": "Atlanta", "origin_city": "Seattle", "passengers": "1", "seating_class": "Economy"}}, "service_results": [{"airlines": "American Airlines", "departure_date": "2019-03-12", "destination_airport": "Hartsfield-Jackson International Airport", "destination_city": "Atlanta", "number_stops": "0", "origin_airport": "Seattle-Tacoma International Airport", "origin_city": "Seattle", "outbound_arrival_time": "06:17", "outbound_departure_time": "21:45", "passengers": "1", "price": "195", "refundable": "False", "seating_class": "Economy"}], "slots": []}], "speaker": "SYSTEM", "utterance": "Okay that reservations has been confirmed."}, {"frames": [{"actions": [{"act": "THANK_YOU", "canonical_values": [], "slot": "", "values": []}], "service": "Flights_1", "slots": [], "state": {"active_intent": "ReserveOnewayFlight", "requested_slots": [], "slot_values": {"airlines": ["American Airlines"], "departure_date": ["12th of this month", "March 12th"], "destination_city": ["Atlanta"], "origin_city": ["Seattle", "Seattle, WA"], "outbound_departure_time": ["9:45 pm"], "passengers": ["1"], "seating_class": ["Economy"]}}}], "speaker": "USER", "utterance": "Thank you so much."}, {"frames": [{"actions": [{"act": "REQ_MORE", "canonical_values": [], "slot": "", "values": []}], "service": "Flights_1", "slots": []}], "speaker": "SYSTEM", "utterance": "No problem, did you still need my help with the other trip?"}, {"frames": [{"actions": [{"act": "NEGATE", "canonical_values": [], "slot": "", "values": []}, {"act": "THANK_YOU", "canonical_values": [], "slot": "", "values": []}], "service": "Flights_1", "slots": [], "state": {"active_intent": "NONE", "requested_slots": [], "slot_values": {"airlines": ["American Airlines"], "departure_date": ["12th of this month", "March 12th"], "destination_city": ["Atlanta"], "origin_city": ["Seattle", "Seattle, WA"], "outbound_departure_time": ["9:45 pm"], "passengers": ["1"], "seating_class": ["Economy"]}}}], "speaker": "USER", "utterance": "No, that will be okay. Thank you."}, {"frames": [{"actions": [{"act": "GOODBYE", "canonical_values": [], "slot": "", "values": []}], "service": "Flights_1", "slots": []}], "speaker": "SYSTEM", "utterance": "You are welcome, enjoy your trip."}]}, {"dialogue_id": "18_00004", "services": ["Flights_1"], "turns": [{"frames": [{"actions": [{"act": "INFORM_INTENT", "canonical_values": ["SearchOnewayFlight"], "slot": "intent", "values": ["SearchOnewayFlight"]}], "service": "Flights_1", "slots": [], "state": {"active_intent": "SearchOnewayFlight", "requested_slots": [], "slot_values": {}}}], "speaker": "USER", "utterance": "I have a trip coming up, can you find me a oneway trip flight?"}, {"frames": [{"actions": [{"act": "REQUEST", "canonical_values": [], "slot": "destination_city", "values": []}], "service": "Flights_1", "slots": []}], "speaker": "SYSTEM", "utterance": "Where are you going?"}, {"frames": [{"actions": [{"act": "INFORM", "canonical_values": ["London"], "slot": "destination_city", "values": ["London"]}], "service": "Flights_1", "slots": [{"exclusive_end": 19, "slot": "destination_city", "start": 13}], "state": {"active_intent": "SearchOnewayFlight", "requested_slots": [], "slot_values": {"destination_city": ["London"]}}}], "speaker": "USER", "utterance": "I'm going to London."}, {"frames": [{"actions": [{"act": "REQUEST", "canonical_values": [], "slot": "departure_date", "values": []}, {"act": "REQUEST", "canonical_values": [], "slot": "origin_city", "values": []}], "service": "Flights_1", "slots": []}], "speaker": "SYSTEM", "utterance": "When do you leave, and from what airport?"}, {"frames": [{"actions": [{"act": "INFORM", "canonical_values": ["Atlanta"], "slot": "origin_city", "values": ["Atlanta, GA"]}, {"act": "INFORM", "canonical_values": ["2019-03-02"], "slot": "departure_date", "values": ["the 2nd"]}], "service": "Flights_1", "slots": [{"exclusive_end": 24, "slot": "origin_city", "start": 13}, {"exclusive_end": 35, "slot": "departure_date", "start": 28}], "state": {"active_intent": "SearchOnewayFlight", "requested_slots": [], "slot_values": {"departure_date": ["the 2nd"], "destination_city": ["London"], "origin_city": ["Atlanta, GA"]}}}], "speaker": "USER", "utterance": "I leave from Atlanta, GA on the 2nd."}, {"frames": [{"actions": [{"act": "OFFER", "canonical_values": ["American Airlines"], "slot": "airlines", "values": ["American Airlines"]}, {"act": "OFFER", "canonical_values": ["20:40"], "slot": "outbound_departure_time", "values": ["8:40 pm"]}, {"act": "OFFER", "canonical_values": ["0"], "slot": "number_stops", "values": ["0"]}, {"act": "OFFER", "canonical_values": ["228"], "slot": "price", "values": ["$228"]}], "service": "Flights_1", "service_call": {"method": "SearchOnewayFlight", "parameters": {"departure_date": "2019-03-02", "destination_city": "London", "origin_city": "Atlanta"}}, "service_results": [{"airlines": "American Airlines", "departure_date": "2019-03-02", "destination_airport": "Heathrow International Airport", "destination_city": "London", "number_stops": "0", "origin_airport": "Hartsfield-Jackson International Airport", "origin_city": "Atlanta", "outbound_arrival_time": "10:44", "outbound_departure_time": "20:40", "passengers": "1", "price": "228", "refundable": "False", "seating_class": "Economy"}, {"airlines": "Delta Airlines", "departure_date": "2019-03-02", "destination_airport": "Heathrow International Airport", "destination_city": "London", "number_stops": "0", "origin_airport": "Hartsfield-Jackson International Airport", "origin_city": "Atlanta", "outbound_arrival_time": "07:34", "outbound_departure_time": "17:30", "passengers": "1", "price": "254", "refundable": "False", "seating_class": "Economy"}, {"airlines": "Southwest Airlines", "departure_date": "2019-03-02", "destination_airport": "Heathrow International Airport", "destination_city": "London", "number_stops": "1", "origin_airport": "Hartsfield-Jackson International Airport", "origin_city": "Atlanta", "outbound_arrival_time": "00:49", "outbound_departure_time": "04:35", "passengers": "1", "price": "319", "refundable": "False", "seating_class": "Economy"}, {"airlines": "United Airlines", "departure_date": "2019-03-02", "destination_airport": "Heathrow International Airport", "destination_city": "London", "number_stops": "0", "origin_airport": "Hartsfield-Jackson International Airport", "origin_city": "Atlanta", "outbound_arrival_time": "00:34", "outbound_departure_time": "10:30", "passengers": "1", "price": "227", "refundable": "False", "seating_class": "Economy"}], "slots": [{"exclusive_end": 58, "slot": "outbound_departure_time", "start": 51}, {"exclusive_end": 85, "slot": "price", "start": 81}]}], "speaker": "SYSTEM", "utterance": "There's an American Airlines flight that leaves at 8:40 pm and has 0 stops. It's $228."}, {"frames": [{"actions": [{"act": "INFORM", "canonical_values": ["Delta Airlines"], "slot": "airlines", "values": ["Delta Airlines"]}, {"act": "INFORM", "canonical_values": ["New York"], "slot": "destination_city", "values": ["NY"]}, {"act": "REQUEST_ALTS", "canonical_values": [], "slot": "", "values": []}], "service": "Flights_1", "slots": [{"exclusive_end": 71, "slot": "destination_city", "start": 69}], "state": {"active_intent": "SearchOnewayFlight", "requested_slots": [], "slot_values": {"airlines": ["Delta Airlines"], "departure_date": ["the 2nd"], "destination_city": ["NY"], "origin_city": ["Atlanta, GA"]}}}], "speaker": "USER", "utterance": "Are there any other flights? I prefer Delta Airlines. I'm heading to NY."}, {"frames": [{"actions": [{"act": "OFFER", "canonical_values": ["Delta Airlines"], "slot": "airlines", "values": ["Delta Airlines"]}, {"act": "OFFER", "canonical_values": ["15:40"], "slot": "outbound_departure_time", "values": ["3:40 pm"]}, {"act": "OFFER", "canonical_values": ["0"], "slot": "number_stops", "values": ["0"]}, {"act": "OFFER", "canonical_values": ["130"], "slot": "price", "values": ["$130"]}, {"act": "INFORM_COUNT", "canonical_values": ["1"], "slot": "count", "values": ["1"]}], "service": "Flights_1", "service_call": {"method": "SearchOnewayFlight", "parameters": {"airlines": "Delta Airlines", "departure_date": "2019-03-02", "destination_city": "New York", "origin_city": "Atlanta"}}, "service_results": [{"airlines": "Delta Airlines", "departure_date": "2019-03-02", "destination_airport": "JFK International Airport", "destination_city": "New York", "number_stops": "0", "origin_airport": "Hartsfield-Jackson International Airport", "origin_city": "Atlanta", "outbound_arrival_time": "18:02", "outbound_departure_time": "15:40", "passengers": "1", "price": "130", "refundable": "False", "seating_class": "Economy"}], "slots": [{"exclusive_end": 58, "slot": "outbound_departure_time", "start": 51}, {"exclusive_end": 85, "slot": "price", "start": 81}]}], "speaker": "SYSTEM", "utterance": "I found 1 flight from Delta Airlines. It leaces at 3:40 pm and has 0 stops. It's $130."}, {"frames": [{"actions": [{"act": "REQUEST", "canonical_values": [], "slot": "outbound_arrival_time", "values": []}], "service": "Flights_1", "slots": [], "state": {"active_intent": "SearchOnewayFlight", "requested_slots": ["outbound_arrival_time"], "slot_values": {"airlines": ["Delta Airlines"], "departure_date": ["the 2nd"], "destination_city": ["NY"], "origin_city": ["Atlanta, GA"]}}}], "speaker": "USER", "utterance": "When does the onward flight arrive?"}, {"frames": [{"actions": [{"act": "INFORM", "canonical_values": ["18:02"], "slot": "outbound_arrival_time", "values": ["6:02 pm"]}], "service": "Flights_1", "slots": [{"exclusive_end": 21, "slot": "outbound_arrival_time", "start": 14}]}], "speaker": "SYSTEM", "utterance": "It arrives at 6:02 pm."}, {"frames": [{"actions": [{"act": "INFORM_INTENT", "canonical_values": ["ReserveOnewayFlight"], "slot": "intent", "values": ["ReserveOnewayFlight"]}, {"act": "SELECT", "canonical_values": [], "slot": "", "values": []}], "service": "Flights_1", "slots": [], "state": {"active_intent": "ReserveOnewayFlight", "requested_slots": [], "slot_values": {"airlines": ["Delta Airlines"], "departure_date": ["the 2nd"], "destination_city": ["NY"], "origin_city": ["Atlanta, GA"], "outbound_departure_time": ["3:40 pm"]}}}], "speaker": "USER", "utterance": "That sounds good to me. I want to travel soon, can you help me buy a oneway ticket?"}, {"frames": [{"actions": [{"act": "CONFIRM", "canonical_values": ["Atlanta"], "slot": "origin_city", "values": ["Atlanta"]}, {"act": "CONFIRM", "canonical_values": ["New York"], "slot": "destination_city", "values": ["New York"]}, {"act": "CONFIRM", "canonical_values": ["Delta Airlines"], "slot": "airlines", "values": ["Delta Airlines"]}, {"act": "CONFIRM", "canonical_values": ["2019-03-02"], "slot": "departure_date", "values": ["tomorrow"]}, {"act": "CONFIRM", "canonical_values": ["1"], "slot": "passengers", "values": ["1"]}, {"act": "CONFIRM", "canonical_values": ["Economy"], "slot": "seating_class", "values": ["Economy"]}], "service": "Flights_1", "slots": [{"exclusive_end": 42, "slot": "origin_city", "start": 35}, {"exclusive_end": 54, "slot": "destination_city", "start": 46}, {"exclusive_end": 87, "slot": "departure_date", "start": 79}]}], "speaker": "SYSTEM", "utterance": "To confirm, you want a flight from Atlanta to New York from Delta Airlines for tomorrow, and just for 1 person in economy?"}, {"frames": [{"actions": [{"act": "AFFIRM", "canonical_values": [], "slot": "", "values": []}], "service": "Flights_1", "slots": [], "state": {"active_intent": "ReserveOnewayFlight", "requested_slots": [], "slot_values": {"airlines": ["Delta Airlines"], "departure_date": ["the 2nd", "tomorrow"], "destination_city": ["NY", "New York"], "origin_city": ["Atlanta", "Atlanta, GA"], "outbound_departure_time": ["3:40 pm"], "passengers": ["1"], "seating_class": ["Economy"]}}}], "speaker": "USER", "utterance": "Yes, that's right."}, {"frames": [{"actions": [{"act": "NOTIFY_SUCCESS", "canonical_values": [], "slot": "", "values": []}], "service": "Flights_1", "service_call": {"method": "ReserveOnewayFlight", "parameters": {"airlines": "Delta Airlines", "departure_date": "2019-03-02", "destination_city": "New York", "origin_city": "Atlanta", "passengers": "1", "seating_class": "Economy"}}, "service_results": [{"airlines": "Delta Airlines", "departure_date": "2019-03-02", "destination_airport": "JFK International Airport", "destination_city": "New York", "number_stops": "0", "origin_airport": "Hartsfield-Jackson International Airport", "origin_city": "Atlanta", "outbound_arrival_time": "18:02", "outbound_departure_time": "15:40", "passengers": "1", "price": "130", "refundable": "False", "seating_class": "Economy"}], "slots": []}], "speaker": "SYSTEM", "utterance": "It's been confirmed."}, {"frames": [{"actions": [{"act": "REQUEST", "canonical_values": [], "slot": "origin_airport", "values": []}], "service": "Flights_1", "slots": [], "state": {"active_intent": "ReserveOnewayFlight", "requested_slots": ["origin_airport"], "slot_values": {"airlines": ["Delta Airlines"], "departure_date": ["the 2nd", "tomorrow"], "destination_city": ["NY", "New York"], "origin_city": ["Atlanta", "Atlanta, GA"], "outbound_departure_time": ["3:40 pm"], "passengers": ["1"], "seating_class": ["Economy"]}}}], "speaker": "USER", "utterance": "Which airport does it leave from?"}, {"frames": [{"actions": [{"act": "INFORM", "canonical_values": ["Hartsfield-Jackson International Airport"], "slot": "origin_airport", "values": ["Hartsfield-Jackson International Airport"]}], "service": "Flights_1", "slots": [{"exclusive_end": 55, "slot": "origin_airport", "start": 15}]}], "speaker": "SYSTEM", "utterance": "It leaves from Hartsfield-Jackson International Airport."}, {"frames": [{"actions": [{"act": "REQUEST", "canonical_values": [], "slot": "destination_airport", "values": []}, {"act": "REQUEST", "canonical_values": [], "slot": "refundable", "values": []}], "service": "Flights_1", "slots": [], "state": {"active_intent": "ReserveOnewayFlight", "requested_slots": ["destination_airport", "refundable"], "slot_values": {"airlines": ["Delta Airlines"], "departure_date": ["the 2nd", "tomorrow"], "destination_city": ["NY", "New York"], "origin_city": ["Atlanta", "Atlanta, GA"], "outbound_departure_time": ["3:40 pm"], "passengers": ["1"], "seating_class": ["Economy"]}}}], "speaker": "USER", "utterance": "What airport does it arrive at? Is it refundable?"}, {"frames": [{"actions": [{"act": "INFORM", "canonical_values": ["JFK International Airport"], "slot": "destination_airport", "values": ["JFK International Airport"]}, {"act": "INFORM", "canonical_values": ["False"], "slot": "refundable", "values": ["False"]}], "service": "Flights_1", "slots": [{"exclusive_end": 39, "slot": "destination_airport", "start": 14}]}], "speaker": "SYSTEM", "utterance": "It arrives at JFK International Airport, and no it's not, sorry."}, {"frames": [{"actions": [{"act": "THANK_YOU", "canonical_values": [], "slot": "", "values": []}, {"act": "GOODBYE", "canonical_values": [], "slot": "", "values": []}], "service": "Flights_1", "slots": [], "state": {"active_intent": "ReserveOnewayFlight", "requested_slots": [], "slot_values": {"airlines": ["Delta Airlines"], "departure_date": ["the 2nd", "tomorrow"], "destination_city": ["NY", "New York"], "origin_city": ["Atlanta", "Atlanta, GA"], "outbound_departure_time": ["3:40 pm"], "passengers": ["1"], "seating_class": ["Economy"]}}}], "speaker": "USER", "utterance": "Thanks, that's all I need."}, {"frames": [{"actions": [{"act": "GOODBYE", "canonical_values": [], "slot": "", "values": []}], "service": "Flights_1", "slots": []}], "speaker": "SYSTEM", "utterance": "Have a good day."}]}]