[{"dialogue_id": "14_00000", "services": ["Services_4", "RideSharing_1"], "turns": [{"frames": [{"actions": [{"act": "INFORM_INTENT", "canonical_values": ["FindProvider"], "slot": "intent", "values": ["FindProvider"]}], "service": "Services_4", "slots": [], "state": {"active_intent": "FindProvider", "requested_slots": [], "slot_values": {}}}], "speaker": "USER", "utterance": "Find me a therapist"}, {"frames": [{"actions": [{"act": "REQUEST", "canonical_values": [], "slot": "city", "values": []}], "service": "Services_4", "slots": []}], "speaker": "SYSTEM", "utterance": "which city to look in"}, {"frames": [{"actions": [{"act": "INFORM", "canonical_values": ["Gilroy"], "slot": "city", "values": ["Gilroy"]}], "service": "Services_4", "slots": [{"exclusive_end": 9, "slot": "city", "start": 3}], "state": {"active_intent": "FindProvider", "requested_slots": [], "slot_values": {"city": ["Gilroy"]}}}], "speaker": "USER", "utterance": "In Gilroy please"}, {"frames": [{"actions": [{"act": "REQUEST", "canonical_values": ["Psychologist", "Psychiatrist"], "slot": "type", "values": ["Psychologist", "Psychiatrist"]}], "service": "Services_4", "slots": []}], "speaker": "SYSTEM", "utterance": "Is a Psychologist or Psychiatrist or something else?"}, {"frames": [{"actions": [{"act": "INFORM", "canonical_values": ["Psychologist"], "slot": "type", "values": ["Psychologist"]}], "service": "Services_4", "slots": [], "state": {"active_intent": "FindProvider", "requested_slots": [], "slot_values": {"city": ["Gilroy"], "type": ["Psychologist"]}}}], "speaker": "USER", "utterance": "A Psychologist please"}, {"frames": [{"actions": [{"act": "OFFER", "canonical_values": ["Rachelle Coate"], "slot": "therapist_name", "values": ["Rachelle Coate"]}, {"act": "OFFER", "canonical_values": ["Psychologist"], "slot": "type", "values": ["Psychologist"]}, {"act": "OFFER", "canonical_values": ["Gilroy"], "slot": "city", "values": ["Gilroy"]}, {"act": "INFORM_COUNT", "canonical_values": ["3"], "slot": "count", "values": ["3"]}], "service": "Services_4", "service_call": {"method": "FindProvider", "parameters": {"city": "Gilroy", "type": "Psychologist"}}, "service_results": [{"address": "8339 Church Street", "city": "Gilroy", "phone_number": "831-665-5053", "therapist_name": "Rachelle Coate", "type": "Psychologist"}, {"address": "8339 Church Street # 110", "city": "Gilroy", "phone_number": "408-782-5823", "therapist_name": "Whang-Ramos Paula", "type": "Psychologist"}, {"address": "290 Ioof Avenue", "city": "Gilroy", "phone_number": "408-846-2100", "therapist_name": "Williams Ronald V", "type": "Psychologist"}], "slots": [{"exclusive_end": 62, "slot": "therapist_name", "start": 48}, {"exclusive_end": 36, "slot": "city", "start": 30}]}], "speaker": "SYSTEM", "utterance": "There are 3 Psychologist s in Gilroy of them is Rachelle Coate"}, {"frames": [{"actions": [{"act": "REQUEST", "canonical_values": [], "slot": "address", "values": []}], "service": "Services_4", "slots": [], "state": {"active_intent": "FindProvider", "requested_slots": ["address"], "slot_values": {"city": ["Gilroy"], "type": ["Psychologist"]}}}], "speaker": "USER", "utterance": "whats her address"}, {"frames": [{"actions": [{"act": "INFORM", "canonical_values": ["8339 Church Street"], "slot": "address", "values": ["8339 Church street"]}], "service": "Services_4", "slots": [{"exclusive_end": 22, "slot": "address", "start": 4}]}], "speaker": "SYSTEM", "utterance": "its 8339 Church street"}, {"frames": [{"actions": [{"act": "REQUEST", "canonical_values": [], "slot": "phone_number", "values": []}], "service": "Services_4", "slots": [], "state": {"active_intent": "FindProvider", "requested_slots": ["phone_number"], "slot_values": {"city": ["Gilroy"], "type": ["Psychologist"]}}}], "speaker": "USER", "utterance": "whats her contact number?"}, {"frames": [{"actions": [{"act": "INFORM", "canonical_values": ["831-665-5053"], "slot": "phone_number", "values": ["831-665-5053"]}], "service": "Services_4", "slots": [{"exclusive_end": 16, "slot": "phone_number", "start": 4}]}], "speaker": "SYSTEM", "utterance": "its 831-665-5053"}, {"frames": [{"actions": [{"act": "INFORM", "canonical_values": ["2019-03-03"], "slot": "appointment_date", "values": ["3rd of March"]}, {"act": "INFORM_INTENT", "canonical_values": ["BookAppointment"], "slot": "intent", "values": ["BookAppointment"]}, {"act": "SELECT", "canonical_values": [], "slot": "", "values": []}], "service": "Services_4", "slots": [{"exclusive_end": 46, "slot": "appointment_date", "start": 34}], "state": {"active_intent": "BookAppointment", "requested_slots": [], "slot_values": {"appointment_date": ["3rd of March"], "city": ["Gilroy"], "therapist_name": ["Rachelle Coate"], "type": ["Psychologist"]}}}], "speaker": "USER", "utterance": "Please book me an appointment for 3rd of March"}, {"frames": [{"actions": [{"act": "REQUEST", "canonical_values": [], "slot": "appointment_time", "values": []}], "service": "Services_4", "slots": []}], "speaker": "SYSTEM", "utterance": "Any preferred time?"}, {"frames": [{"actions": [{"act": "INFORM", "canonical_values": ["16:15"], "slot": "appointment_time", "values": ["Quarter past 4 in the evening"]}], "service": "Services_4", "slots": [{"exclusive_end": 37, "slot": "appointment_time", "start": 8}], "state": {"active_intent": "BookAppointment", "requested_slots": [], "slot_values": {"appointment_date": ["3rd of March"], "appointment_time": ["Quarter past 4 in the evening"], "city": ["Gilroy"], "therapist_name": ["Rachelle Coate"], "type": ["Psychologist"]}}}], "speaker": "USER", "utterance": "Make it Quarter past 4 in the evening"}, {"frames": [{"actions": [{"act": "CONFIRM", "canonical_values": ["Rachelle Coate"], "slot": "therapist_name", "values": ["Rachelle Coate"]}, {"act": "CONFIRM", "canonical_values": ["16:15"], "slot": "appointment_time", "values": ["4:15 pm"]}, {"act": "CONFIRM", "canonical_values": ["2019-03-03"], "slot": "appointment_date", "values": ["March 3rd"]}], "service": "Services_4", "slots": [{"exclusive_end": 58, "slot": "therapist_name", "start": 44}, {"exclusive_end": 69, "slot": "appointment_time", "start": 62}, {"exclusive_end": 82, "slot": "appointment_date", "start": 73}]}], "speaker": "SYSTEM", "utterance": "Please confirm: Booking an appointment with Rachelle Coate at 4:15 pm on March 3rd"}, {"frames": [{"actions": [{"act": "AFFIRM", "canonical_values": [], "slot": "", "values": []}], "service": "Services_4", "slots": [], "state": {"active_intent": "BookAppointment", "requested_slots": [], "slot_values": {"appointment_date": ["3rd of March", "March 3rd"], "appointment_time": ["4:15 pm", "Quarter past 4 in the evening"], "city": ["Gilroy"], "therapist_name": ["Rachelle Coate"], "type": ["Psychologist"]}}}], "speaker": "USER", "utterance": "yes, thats ok"}, {"frames": [{"actions": [{"act": "OFFER", "canonical_values": ["Rachelle Coate"], "slot": "therapist_name", "values": ["Rachelle Coate"]}, {"act": "OFFER", "canonical_values": ["2019-03-03"], "slot": "appointment_date", "values": ["March 3rd"]}, {"act": "OFFER", "canonical_values": ["16:30"], "slot": "appointment_time", "values": ["4:30 pm"]}, {"act": "NOTIFY_FAILURE", "canonical_values": [], "slot": "", "values": []}], "service": "Services_4", "service_call": {"method": "BookAppointment", "parameters": {"appointment_date": "2019-03-03", "appointment_time": "16:15", "therapist_name": "Rachelle Coate"}}, "service_results": [{"address": "8339 Church Street", "appointment_date": "2019-03-03", "appointment_time": "16:30", "phone_number": "831-665-5053", "therapist_name": "Rachelle Coate"}], "slots": [{"exclusive_end": 82, "slot": "therapist_name", "start": 68}, {"exclusive_end": 106, "slot": "appointment_date", "start": 97}, {"exclusive_end": 93, "slot": "appointment_time", "start": 86}]}], "speaker": "SYSTEM", "utterance": "Sorry, there was an error. Should i try Booking an appointment with Rachelle Coate at 4:30 pm on March 3rd"}, {"frames": [{"actions": [{"act": "AFFIRM", "canonical_values": [], "slot": "", "values": []}], "service": "Services_4", "slots": [], "state": {"active_intent": "BookAppointment", "requested_slots": [], "slot_values": {"appointment_date": ["3rd of March", "March 3rd"], "appointment_time": ["4:30 pm"], "city": ["Gilroy"], "therapist_name": ["Rachelle Coate"], "type": ["Psychologist"]}}}], "speaker": "USER", "utterance": "Sure, its fine"}, {"frames": [{"actions": [{"act": "NOTIFY_SUCCESS", "canonical_values": [], "slot": "", "values": []}], "service": "Services_4", "service_call": {"method": "BookAppointment", "parameters": {"appointment_date": "2019-03-03", "appointment_time": "16:30", "therapist_name": "Rachelle Coate"}}, "service_results": [{"address": "8339 Church Street", "appointment_date": "2019-03-03", "appointment_time": "16:30", "phone_number": "831-665-5053", "therapist_name": "Rachelle Coate"}], "slots": []}], "speaker": "SYSTEM", "utterance": "Your appointment is booked and you will get a confirmation message soon"}, {"frames": [{"actions": [{"act": "INFORM", "canonical_values": ["3"], "slot": "number_of_riders", "values": ["3"]}, {"act": "INFORM_INTENT", "canonical_values": ["GetRide"], "slot": "intent", "values": ["GetRide"]}], "service": "RideSharing_1", "slots": [], "state": {"active_intent": "GetRide", "requested_slots": [], "slot_values": {"destination": ["8339 Church street"], "number_of_riders": ["3"]}}}], "speaker": "USER", "utterance": "Get me a cab for there, its for three people"}, {"frames": [{"actions": [{"act": "REQUEST", "canonical_values": [], "slot": "shared_ride", "values": []}], "service": "RideSharing_1", "slots": []}], "speaker": "SYSTEM", "utterance": "Is a shared cab ok?"}, {"frames": [{"actions": [{"act": "INFORM", "canonical_values": ["True"], "slot": "shared_ride", "values": ["True"]}, {"act": "INFORM", "canonical_values": ["2"], "slot": "number_of_riders", "values": ["2"]}], "service": "RideSharing_1", "slots": [], "state": {"active_intent": "GetRide", "requested_slots": [], "slot_values": {"destination": ["8339 Church street"], "number_of_riders": ["2"], "shared_ride": ["True"]}}}], "speaker": "USER", "utterance": "yes, make it for 2 people"}, {"frames": [{"actions": [{"act": "CONFIRM", "canonical_values": ["8339 Church Street"], "slot": "destination", "values": ["8339 Church street"]}, {"act": "CONFIRM", "canonical_values": ["2"], "slot": "number_of_riders", "values": ["2"]}, {"act": "CONFIRM", "canonical_values": ["True"], "slot": "shared_ride", "values": ["True"]}], "service": "RideSharing_1", "slots": [{"exclusive_end": 58, "slot": "destination", "start": 40}]}], "speaker": "SYSTEM", "utterance": "Please confirm: Booking a shared cab to 8339 Church street for 2 people"}, {"frames": [{"actions": [{"act": "REQUEST", "canonical_values": [], "slot": "approximate_ride_duration", "values": []}, {"act": "AFFIRM", "canonical_values": [], "slot": "", "values": []}], "service": "RideSharing_1", "slots": [], "state": {"active_intent": "GetRide", "requested_slots": ["approximate_ride_duration"], "slot_values": {"destination": ["8339 Church street"], "number_of_riders": ["2"], "shared_ride": ["True"]}}}], "speaker": "USER", "utterance": "yes right. how long is it?"}, {"frames": [{"actions": [{"act": "INFORM", "canonical_values": ["12"], "slot": "approximate_ride_duration", "values": ["12"]}, {"act": "NOTIFY_SUCCESS", "canonical_values": [], "slot": "", "values": []}], "service": "RideSharing_1", "service_call": {"method": "GetRide", "parameters": {"destination": "8339 Church Street", "number_of_riders": "2", "shared_ride": "True"}}, "service_results": [{"approximate_ride_duration": "12", "destination": "8339 Church Street", "number_of_riders": "2", "ride_fare": "9.14", "shared_ride": "True"}], "slots": [{"exclusive_end": 34, "slot": "approximate_ride_duration", "start": 32}]}], "speaker": "SYSTEM", "utterance": "Its on the way and it will be a 12 minutes ride"}, {"frames": [{"actions": [{"act": "THANK_YOU", "canonical_values": [], "slot": "", "values": []}, {"act": "GOODBYE", "canonical_values": [], "slot": "", "values": []}], "service": "RideSharing_1", "slots": [], "state": {"active_intent": "GetRide", "requested_slots": [], "slot_values": {"destination": ["8339 Church street"], "number_of_riders": ["2"], "shared_ride": ["True"]}}}], "speaker": "USER", "utterance": "thanks, thats all"}, {"frames": [{"actions": [{"act": "GOODBYE", "canonical_values": [], "slot": "", "values": []}], "service": "RideSharing_1", "slots": []}], "speaker": "SYSTEM", "utterance": "have a good day!"}]}, {"dialogue_id": "14_00001", "services": ["Services_4", "RideSharing_1"], "turns": [{"frames": [{"actions": [{"act": "INFORM_INTENT", "canonical_values": ["FindProvider"], "slot": "intent", "values": ["FindProvider"]}], "service": "Services_4", "slots": [], "state": {"active_intent": "FindProvider", "requested_slots": [], "slot_values": {}}}], "speaker": "USER", "utterance": "Can you find me a therapist please"}, {"frames": [{"actions": [{"act": "REQUEST", "canonical_values": [], "slot": "type", "values": []}], "service": "Services_4", "slots": []}], "speaker": "SYSTEM", "utterance": "What kind of therapist?"}, {"frames": [{"actions": [{"act": "INFORM", "canonical_values": ["Psychologist"], "slot": "type", "values": ["Psychologist"]}], "service": "Services_4", "slots": [], "state": {"active_intent": "FindProvider", "requested_slots": [], "slot_values": {"type": ["Psychologist"]}}}], "speaker": "USER", "utterance": "I'm looking for a Psychologist"}, {"frames": [{"actions": [{"act": "REQUEST", "canonical_values": [], "slot": "city", "values": []}], "service": "Services_4", "slots": []}], "speaker": "SYSTEM", "utterance": "What city do you want to look in?"}, {"frames": [{"actions": [{"act": "INFORM", "canonical_values": ["Gilroy"], "slot": "city", "values": ["Gilroy"]}], "service": "Services_4", "slots": [{"exclusive_end": 25, "slot": "city", "start": 19}], "state": {"active_intent": "FindProvider", "requested_slots": [], "slot_values": {"city": ["Gilroy"], "type": ["Psychologist"]}}}], "speaker": "USER", "utterance": "Find me someone in Gilroy"}, {"frames": [{"actions": [{"act": "OFFER", "canonical_values": ["Rachelle Coate"], "slot": "therapist_name", "values": ["Rachelle Coate"]}, {"act": "OFFER", "canonical_values": ["Psychologist"], "slot": "type", "values": ["Psychologist"]}, {"act": "OFFER", "canonical_values": ["Gilroy"], "slot": "city", "values": ["Gilroy"]}], "service": "Services_4", "service_call": {"method": "FindProvider", "parameters": {"city": "Gilroy", "type": "Psychologist"}}, "service_results": [{"address": "8339 Church Street", "city": "Gilroy", "phone_number": "831-665-5053", "therapist_name": "Rachelle Coate", "type": "Psychologist"}, {"address": "8339 Church Street # 110", "city": "Gilroy", "phone_number": "408-782-5823", "therapist_name": "Whang-Ramos Paula", "type": "Psychologist"}, {"address": "290 Ioof Avenue", "city": "Gilroy", "phone_number": "408-846-2100", "therapist_name": "Williams Ronald V", "type": "Psychologist"}], "slots": [{"exclusive_end": 31, "slot": "therapist_name", "start": 17}, {"exclusive_end": 57, "slot": "city", "start": 51}]}], "speaker": "SYSTEM", "utterance": "How about trying Rachelle Coate, a Psychologist in Gilroy"}, {"frames": [{"actions": [{"act": "INFORM", "canonical_values": ["11:15"], "slot": "appointment_time", "values": ["quarter past 11 in the morning"]}, {"act": "INFORM_INTENT", "canonical_values": ["BookAppointment"], "slot": "intent", "values": ["BookAppointment"]}, {"act": "SELECT", "canonical_values": [], "slot": "", "values": []}], "service": "Services_4", "slots": [{"exclusive_end": 78, "slot": "appointment_time", "start": 48}], "state": {"active_intent": "BookAppointment", "requested_slots": [], "slot_values": {"appointment_time": ["quarter past 11 in the morning"], "city": ["Gilroy"], "therapist_name": ["Rachelle Coate"], "type": ["Psychologist"]}}}], "speaker": "USER", "utterance": "Sounds great, can you book me an appointment at quarter past 11 in the morning"}, {"frames": [{"actions": [{"act": "REQUEST", "canonical_values": [], "slot": "appointment_date", "values": []}], "service": "Services_4", "slots": []}], "speaker": "SYSTEM", "utterance": "What date would you like to book?"}, {"frames": [{"actions": [{"act": "INFORM", "canonical_values": ["2019-03-01"], "slot": "appointment_date", "values": ["later today"]}], "service": "Services_4", "slots": [{"exclusive_end": 44, "slot": "appointment_date", "start": 33}], "state": {"active_intent": "BookAppointment", "requested_slots": [], "slot_values": {"appointment_date": ["later today"], "appointment_time": ["quarter past 11 in the morning"], "city": ["Gilroy"], "therapist_name": ["Rachelle Coate"], "type": ["Psychologist"]}}}], "speaker": "USER", "utterance": "Can you see if I can get one for later today?"}, {"frames": [{"actions": [{"act": "CONFIRM", "canonical_values": ["Rachelle Coate"], "slot": "therapist_name", "values": ["Rachelle Coate"]}, {"act": "CONFIRM", "canonical_values": ["11:15"], "slot": "appointment_time", "values": ["11:15 am"]}, {"act": "CONFIRM", "canonical_values": ["2019-03-01"], "slot": "appointment_date", "values": ["March 1st"]}], "service": "Services_4", "slots": [{"exclusive_end": 37, "slot": "therapist_name", "start": 23}, {"exclusive_end": 49, "slot": "appointment_time", "start": 41}, {"exclusive_end": 62, "slot": "appointment_date", "start": 53}]}], "speaker": "SYSTEM", "utterance": "Want me to try to book Rachelle Coate at 11:15 am on March 1st?"}, {"frames": [{"actions": [{"act": "AFFIRM", "canonical_values": [], "slot": "", "values": []}], "service": "Services_4", "slots": [], "state": {"active_intent": "BookAppointment", "requested_slots": [], "slot_values": {"appointment_date": ["March 1st", "later today"], "appointment_time": ["11:15 am", "quarter past 11 in the morning"], "city": ["Gilroy"], "therapist_name": ["Rachelle Coate"], "type": ["Psychologist"]}}}], "speaker": "USER", "utterance": "Yes, that's perfect"}, {"frames": [{"actions": [{"act": "OFFER", "canonical_values": ["Rachelle Coate"], "slot": "therapist_name", "values": ["Rachelle Coate"]}, {"act": "OFFER", "canonical_values": ["2019-03-01"], "slot": "appointment_date", "values": ["March 1st"]}, {"act": "OFFER", "canonical_values": ["11:30"], "slot": "appointment_time", "values": ["11:30 am"]}, {"act": "NOTIFY_FAILURE", "canonical_values": [], "slot": "", "values": []}], "service": "Services_4", "service_call": {"method": "BookAppointment", "parameters": {"appointment_date": "2019-03-01", "appointment_time": "11:15", "therapist_name": "Rachelle Coate"}}, "service_results": [{"address": "8339 Church Street", "appointment_date": "2019-03-01", "appointment_time": "11:30", "phone_number": "831-665-5053", "therapist_name": "Rachelle Coate"}], "slots": [{"exclusive_end": 55, "slot": "therapist_name", "start": 41}, {"exclusive_end": 80, "slot": "appointment_date", "start": 71}, {"exclusive_end": 67, "slot": "appointment_time", "start": 59}]}], "speaker": "SYSTEM", "utterance": "Sorry I couldn't book it. Want me to try Rachelle Coate at 11:30 am on March 1st instead?"}, {"frames": [{"actions": [{"act": "AFFIRM", "canonical_values": [], "slot": "", "values": []}], "service": "Services_4", "slots": [], "state": {"active_intent": "BookAppointment", "requested_slots": [], "slot_values": {"appointment_date": ["March 1st", "later today"], "appointment_time": ["11:30 am"], "city": ["Gilroy"], "therapist_name": ["Rachelle Coate"], "type": ["Psychologist"]}}}], "speaker": "USER", "utterance": "Yes, that's it"}, {"frames": [{"actions": [{"act": "NOTIFY_SUCCESS", "canonical_values": [], "slot": "", "values": []}], "service": "Services_4", "service_call": {"method": "BookAppointment", "parameters": {"appointment_date": "2019-03-01", "appointment_time": "11:30", "therapist_name": "Rachelle Coate"}}, "service_results": [{"address": "8339 Church Street", "appointment_date": "2019-03-01", "appointment_time": "11:30", "phone_number": "831-665-5053", "therapist_name": "Rachelle Coate"}], "slots": []}], "speaker": "SYSTEM", "utterance": "Your appointment is booked and you'll get an e-mail soon"}, {"frames": [{"actions": [{"act": "INFORM_INTENT", "canonical_values": ["GetRide"], "slot": "intent", "values": ["GetRide"]}], "service": "RideSharing_1", "slots": [], "state": {"active_intent": "GetRide", "requested_slots": [], "slot_values": {}}}, {"actions": [{"act": "THANK_YOU", "canonical_values": [], "slot": "", "values": []}], "service": "Services_4", "slots": [], "state": {"active_intent": "BookAppointment", "requested_slots": [], "slot_values": {"appointment_date": ["March 1st", "later today"], "appointment_time": ["11:30 am"], "city": ["Gilroy"], "therapist_name": ["Rachelle Coate"], "type": ["Psychologist"]}}}], "speaker": "USER", "utterance": "Thanks so much, I appreciate it. Now get me a cab please"}, {"frames": [{"actions": [{"act": "REQUEST", "canonical_values": ["8339 Church Street"], "slot": "destination", "values": ["8339 Church Street"]}, {"act": "REQUEST", "canonical_values": [], "slot": "shared_ride", "values": []}], "service": "RideSharing_1", "slots": [{"exclusive_end": 35, "slot": "destination", "start": 17}]}], "speaker": "SYSTEM", "utterance": "Are you going to 8339 Church Street? Is a shared ride good?"}, {"frames": [{"actions": [{"act": "INFORM", "canonical_values": ["True"], "slot": "shared_ride", "values": ["True"]}, {"act": "AFFIRM", "canonical_values": [], "slot": "", "values": []}], "service": "RideSharing_1", "slots": [], "state": {"active_intent": "GetRide", "requested_slots": [], "slot_values": {"destination": ["8339 Church Street"], "shared_ride": ["True"]}}}], "speaker": "USER", "utterance": "Yes that works, and shared is fine"}, {"frames": [{"actions": [{"act": "REQUEST", "canonical_values": [], "slot": "number_of_riders", "values": []}], "service": "RideSharing_1", "slots": []}], "speaker": "SYSTEM", "utterance": "How many people are riding with you?"}, {"frames": [{"actions": [{"act": "INFORM", "canonical_values": ["2"], "slot": "number_of_riders", "values": ["2"]}], "service": "RideSharing_1", "slots": [], "state": {"active_intent": "GetRide", "requested_slots": [], "slot_values": {"destination": ["8339 Church Street"], "number_of_riders": ["2"], "shared_ride": ["True"]}}}], "speaker": "USER", "utterance": "Just 2 of us"}, {"frames": [{"actions": [{"act": "CONFIRM", "canonical_values": ["8339 Church Street"], "slot": "destination", "values": ["8339 Church Street"]}, {"act": "CONFIRM", "canonical_values": ["2"], "slot": "number_of_riders", "values": ["2"]}, {"act": "CONFIRM", "canonical_values": ["True"], "slot": "shared_ride", "values": ["True"]}], "service": "RideSharing_1", "slots": [{"exclusive_end": 52, "slot": "destination", "start": 34}]}], "speaker": "SYSTEM", "utterance": "Confirming a shared ride for 2 to 8339 Church Street"}, {"frames": [{"actions": [{"act": "REQUEST", "canonical_values": [], "slot": "ride_fare", "values": []}, {"act": "AFFIRM", "canonical_values": [], "slot": "", "values": []}], "service": "RideSharing_1", "slots": [], "state": {"active_intent": "GetRide", "requested_slots": ["ride_fare"], "slot_values": {"destination": ["8339 Church Street"], "number_of_riders": ["2"], "shared_ride": ["True"]}}}], "speaker": "USER", "utterance": "Yes that's fine. How much is it gonna cost?"}, {"frames": [{"actions": [{"act": "INFORM", "canonical_values": ["9.14"], "slot": "ride_fare", "values": ["$9.14"]}, {"act": "NOTIFY_SUCCESS", "canonical_values": [], "slot": "", "values": []}], "service": "RideSharing_1", "service_call": {"method": "GetRide", "parameters": {"destination": "8339 Church Street", "number_of_riders": "2", "shared_ride": "True"}}, "service_results": [{"approximate_ride_duration": "12", "destination": "8339 Church Street", "number_of_riders": "2", "ride_fare": "9.14", "shared_ride": "True"}], "slots": [{"exclusive_end": 50, "slot": "ride_fare", "start": 45}]}], "speaker": "SYSTEM", "utterance": "It's booked and on the way and it'll run you $9.14"}, {"frames": [{"actions": [{"act": "THANK_YOU", "canonical_values": [], "slot": "", "values": []}, {"act": "GOODBYE", "canonical_values": [], "slot": "", "values": []}], "service": "RideSharing_1", "slots": [], "state": {"active_intent": "GetRide", "requested_slots": [], "slot_values": {"destination": ["8339 Church Street"], "number_of_riders": ["2"], "shared_ride": ["True"]}}}], "speaker": "USER", "utterance": "Thanks so much, that's it for now"}, {"frames": [{"actions": [{"act": "GOODBYE", "canonical_values": [], "slot": "", "values": []}], "service": "RideSharing_1", "slots": []}], "speaker": "SYSTEM", "utterance": "OK, sure thing"}]}, {"dialogue_id": "14_00002", "services": ["Services_4", "RideSharing_1"], "turns": [{"frames": [{"actions": [{"act": "INFORM_INTENT", "canonical_values": ["FindProvider"], "slot": "intent", "values": ["FindProvider"]}], "service": "Services_4", "slots": [], "state": {"active_intent": "FindProvider", "requested_slots": [], "slot_values": {}}}], "speaker": "USER", "utterance": "I wanna find a therapist."}, {"frames": [{"actions": [{"act": "REQUEST", "canonical_values": [], "slot": "type", "values": []}], "service": "Services_4", "slots": []}], "speaker": "SYSTEM", "utterance": "What type of therapist would you like?"}, {"frames": [{"actions": [{"act": "INFORM", "canonical_values": ["Psychiatrist"], "slot": "type", "values": ["Psychiatrist"]}], "service": "Services_4", "slots": [], "state": {"active_intent": "FindProvider", "requested_slots": [], "slot_values": {"type": ["Psychiatrist"]}}}], "speaker": "USER", "utterance": "I want a psychiatrist."}, {"frames": [{"actions": [{"act": "REQUEST", "canonical_values": [], "slot": "city", "values": []}], "service": "Services_4", "slots": []}], "speaker": "SYSTEM", "utterance": "What city would you like one in?"}, {"frames": [{"actions": [{"act": "INFORM", "canonical_values": ["San Mateo"], "slot": "city", "values": ["San Mateo"]}], "service": "Services_4", "slots": [{"exclusive_end": 12, "slot": "city", "start": 3}], "state": {"active_intent": "FindProvider", "requested_slots": [], "slot_values": {"city": ["San Mateo"], "type": ["Psychiatrist"]}}}], "speaker": "USER", "utterance": "In San Mateo."}, {"frames": [{"actions": [{"act": "OFFER", "canonical_values": ["Lola Vildavskaia"], "slot": "therapist_name", "values": ["Lola Vildavskaia"]}, {"act": "OFFER", "canonical_values": ["Psychiatrist"], "slot": "type", "values": ["Psychiatrist"]}, {"act": "OFFER", "canonical_values": ["San Mateo"], "slot": "city", "values": ["San Mateo"]}], "service": "Services_4", "service_call": {"method": "FindProvider", "parameters": {"city": "San Mateo", "type": "Psychiatrist"}}, "service_results": [{"address": "327 North San Mateo Drive Suite 7", "city": "San Mateo", "phone_number": "415-407-3638", "therapist_name": "Lola Vildavskaia", "type": "Psychiatrist"}], "slots": [{"exclusive_end": 16, "slot": "therapist_name", "start": 0}, {"exclusive_end": 47, "slot": "city", "start": 38}]}], "speaker": "SYSTEM", "utterance": "Lola Vildavskaia is a psychiatrist in San Mateo."}, {"frames": [{"actions": [{"act": "INFORM_INTENT", "canonical_values": ["BookAppointment"], "slot": "intent", "values": ["BookAppointment"]}, {"act": "SELECT", "canonical_values": [], "slot": "", "values": []}], "service": "Services_4", "slots": [], "state": {"active_intent": "BookAppointment", "requested_slots": [], "slot_values": {"city": ["San Mateo"], "therapist_name": ["Lola Vildavskaia"], "type": ["Psychiatrist"]}}}], "speaker": "USER", "utterance": "Okay. I'd like an appointment."}, {"frames": [{"actions": [{"act": "REQUEST", "canonical_values": [], "slot": "appointment_date", "values": []}], "service": "Services_4", "slots": []}], "speaker": "SYSTEM", "utterance": "What day would you like it on?"}, {"frames": [{"actions": [{"act": "INFORM", "canonical_values": ["2019-03-13"], "slot": "appointment_date", "values": ["the 13th"]}], "service": "Services_4", "slots": [{"exclusive_end": 11, "slot": "appointment_date", "start": 3}], "state": {"active_intent": "BookAppointment", "requested_slots": [], "slot_values": {"appointment_date": ["the 13th"], "city": ["San Mateo"], "therapist_name": ["Lola Vildavskaia"], "type": ["Psychiatrist"]}}}], "speaker": "USER", "utterance": "On the 13th."}, {"frames": [{"actions": [{"act": "REQUEST", "canonical_values": [], "slot": "appointment_time", "values": []}], "service": "Services_4", "slots": []}], "speaker": "SYSTEM", "utterance": "What time would you like it on?"}, {"frames": [{"actions": [{"act": "INFORM", "canonical_values": ["10:30"], "slot": "appointment_time", "values": ["morning 10:30"]}], "service": "Services_4", "slots": [{"exclusive_end": 16, "slot": "appointment_time", "start": 3}], "state": {"active_intent": "BookAppointment", "requested_slots": [], "slot_values": {"appointment_date": ["the 13th"], "appointment_time": ["morning 10:30"], "city": ["San Mateo"], "therapist_name": ["Lola Vildavskaia"], "type": ["Psychiatrist"]}}}], "speaker": "USER", "utterance": "At morning 10:30."}, {"frames": [{"actions": [{"act": "CONFIRM", "canonical_values": ["Lola Vildavskaia"], "slot": "therapist_name", "values": ["Lola Vildavskaia"]}, {"act": "CONFIRM", "canonical_values": ["10:30"], "slot": "appointment_time", "values": ["10:30 am"]}, {"act": "CONFIRM", "canonical_values": ["2019-03-13"], "slot": "appointment_date", "values": ["March 13th"]}], "service": "Services_4", "slots": [{"exclusive_end": 36, "slot": "therapist_name", "start": 20}, {"exclusive_end": 62, "slot": "appointment_time", "start": 54}, {"exclusive_end": 50, "slot": "appointment_date", "start": 40}]}], "speaker": "SYSTEM", "utterance": "An appointment with Lola Vildavskaia on March 13th at 10:30 am."}, {"frames": [{"actions": [{"act": "REQUEST", "canonical_values": [], "slot": "address", "values": []}, {"act": "AFFIRM", "canonical_values": [], "slot": "", "values": []}], "service": "Services_4", "slots": [], "state": {"active_intent": "BookAppointment", "requested_slots": ["address"], "slot_values": {"appointment_date": ["March 13th", "the 13th"], "appointment_time": ["10:30 am", "morning 10:30"], "city": ["San Mateo"], "therapist_name": ["Lola Vildavskaia"], "type": ["Psychiatrist"]}}}], "speaker": "USER", "utterance": "That's it. What's her address?"}, {"frames": [{"actions": [{"act": "INFORM", "canonical_values": ["327 North San Mateo Drive Suite 7"], "slot": "address", "values": ["327 North San Mateo Drive Suite 7"]}, {"act": "NOTIFY_SUCCESS", "canonical_values": [], "slot": "", "values": []}], "service": "Services_4", "service_call": {"method": "BookAppointment", "parameters": {"appointment_date": "2019-03-13", "appointment_time": "10:30", "therapist_name": "Lola Vildavskaia"}}, "service_results": [{"address": "327 North San Mateo Drive Suite 7", "appointment_date": "2019-03-13", "appointment_time": "10:30", "phone_number": "415-407-3638", "therapist_name": "Lola Vildavskaia"}], "slots": [{"exclusive_end": 123, "slot": "address", "start": 90}]}], "speaker": "SYSTEM", "utterance": "Your appointment has been made. An email confirmation will be sent to you. Her address is 327 North San Mateo Drive Suite 7."}, {"frames": [{"actions": [{"act": "INFORM_INTENT", "canonical_values": ["GetRide"], "slot": "intent", "values": ["GetRide"]}], "service": "RideSharing_1", "slots": [], "state": {"active_intent": "GetRide", "requested_slots": [], "slot_values": {"destination": ["327 North San Mateo Drive Suite 7"]}}}], "speaker": "USER", "utterance": "I'd like a cab to get there."}, {"frames": [{"actions": [{"act": "REQUEST", "canonical_values": [], "slot": "shared_ride", "values": []}], "service": "RideSharing_1", "slots": []}], "speaker": "SYSTEM", "utterance": "Would you like a shared ride."}, {"frames": [{"actions": [{"act": "INFORM", "canonical_values": ["True"], "slot": "shared_ride", "values": ["True"]}], "service": "RideSharing_1", "slots": [], "state": {"active_intent": "GetRide", "requested_slots": [], "slot_values": {"destination": ["327 North San Mateo Drive Suite 7"], "shared_ride": ["True"]}}}], "speaker": "USER", "utterance": "A shared ride is fine."}, {"frames": [{"actions": [{"act": "REQUEST", "canonical_values": [], "slot": "number_of_riders", "values": []}], "service": "RideSharing_1", "slots": []}], "speaker": "SYSTEM", "utterance": "How many people will take the cab?"}, {"frames": [{"actions": [{"act": "INFORM", "canonical_values": ["3"], "slot": "number_of_riders", "values": ["3"]}], "service": "RideSharing_1", "slots": [], "state": {"active_intent": "GetRide", "requested_slots": [], "slot_values": {"destination": ["327 North San Mateo Drive Suite 7"], "number_of_riders": ["3"], "shared_ride": ["True"]}}}], "speaker": "USER", "utterance": "Three people."}, {"frames": [{"actions": [{"act": "CONFIRM", "canonical_values": ["327 North San Mateo Drive Suite 7"], "slot": "destination", "values": ["327 North San Mateo Drive Suite 7"]}, {"act": "CONFIRM", "canonical_values": ["3"], "slot": "number_of_riders", "values": ["3"]}, {"act": "CONFIRM", "canonical_values": ["True"], "slot": "shared_ride", "values": ["True"]}], "service": "RideSharing_1", "slots": [{"exclusive_end": 54, "slot": "destination", "start": 21}]}], "speaker": "SYSTEM", "utterance": "A cab for 3 to go to 327 North San Mateo Drive Suite 7. You want a shared ride. Is this right?"}, {"frames": [{"actions": [{"act": "REQUEST", "canonical_values": [], "slot": "ride_fare", "values": []}, {"act": "AFFIRM", "canonical_values": [], "slot": "", "values": []}], "service": "RideSharing_1", "slots": [], "state": {"active_intent": "GetRide", "requested_slots": ["ride_fare"], "slot_values": {"destination": ["327 North San Mateo Drive Suite 7"], "number_of_riders": ["3"], "shared_ride": ["True"]}}}], "speaker": "USER", "utterance": "Yes it is. How much will it be?"}, {"frames": [{"actions": [{"act": "INFORM", "canonical_values": ["15.80"], "slot": "ride_fare", "values": ["$15.80"]}, {"act": "NOTIFY_SUCCESS", "canonical_values": [], "slot": "", "values": []}], "service": "RideSharing_1", "service_call": {"method": "GetRide", "parameters": {"destination": "327 North San Mateo Drive Suite 7", "number_of_riders": "3", "shared_ride": "True"}}, "service_results": [{"approximate_ride_duration": "28", "destination": "327 North San Mateo Drive Suite 7", "number_of_riders": "3", "ride_fare": "15.80", "shared_ride": "True"}], "slots": [{"exclusive_end": 43, "slot": "ride_fare", "start": 37}]}], "speaker": "SYSTEM", "utterance": "Your cab is on its way. It will cost $15.80."}, {"frames": [{"actions": [{"act": "REQUEST", "canonical_values": [], "slot": "approximate_ride_duration", "values": []}], "service": "RideSharing_1", "slots": [], "state": {"active_intent": "GetRide", "requested_slots": ["approximate_ride_duration"], "slot_values": {"destination": ["327 North San Mateo Drive Suite 7"], "number_of_riders": ["3"], "shared_ride": ["True"]}}}], "speaker": "USER", "utterance": "How long will the ride take?"}, {"frames": [{"actions": [{"act": "INFORM", "canonical_values": ["28"], "slot": "approximate_ride_duration", "values": ["28"]}], "service": "RideSharing_1", "slots": [{"exclusive_end": 25, "slot": "approximate_ride_duration", "start": 23}]}], "speaker": "SYSTEM", "utterance": "The ride will be about 28 minutes."}, {"frames": [{"actions": [{"act": "THANK_YOU", "canonical_values": [], "slot": "", "values": []}, {"act": "GOODBYE", "canonical_values": [], "slot": "", "values": []}], "service": "RideSharing_1", "slots": [], "state": {"active_intent": "GetRide", "requested_slots": [], "slot_values": {"destination": ["327 North San Mateo Drive Suite 7"], "number_of_riders": ["3"], "shared_ride": ["True"]}}}], "speaker": "USER", "utterance": "Thanks. That's all."}, {"frames": [{"actions": [{"act": "GOODBYE", "canonical_values": [], "slot": "", "values": []}], "service": "RideSharing_1", "slots": []}], "speaker": "SYSTEM", "utterance": "Have a nice day."}]}, {"dialogue_id": "14_00003", "services": ["Hotels_4", "Weather_1"], "turns": [{"frames": [{"actions": [{"act": "INFORM_INTENT", "canonical_values": ["SearchHotel"], "slot": "intent", "values": ["SearchHotel"]}], "service": "Hotels_4", "slots": [], "state": {"active_intent": "SearchHotel", "requested_slots": [], "slot_values": {}}}], "speaker": "USER", "utterance": "Hi, I need a hotel please."}, {"frames": [{"actions": [{"act": "REQUEST", "canonical_values": [], "slot": "location", "values": []}], "service": "Hotels_4", "slots": []}], "speaker": "SYSTEM", "utterance": "In what city please?"}, {"frames": [{"actions": [{"act": "INFORM", "canonical_values": ["London"], "slot": "location", "values": ["London, England"]}], "service": "Hotels_4", "slots": [{"exclusive_end": 18, "slot": "location", "start": 3}], "state": {"active_intent": "SearchHotel", "requested_slots": [], "slot_values": {"location": ["London, England"]}}}], "speaker": "USER", "utterance": "In London, England please."}, {"frames": [{"actions": [{"act": "OFFER", "canonical_values": ["45 Park Lane"], "slot": "place_name", "values": ["45 Park Lane"]}, {"act": "OFFER", "canonical_values": ["5"], "slot": "star_rating", "values": ["5"]}], "service": "Hotels_4", "service_call": {"method": "SearchHotel", "parameters": {"location": "London"}}, "service_results": [{"location": "London", "number_of_rooms": "2", "phone_number": "+44 20 7493 4545", "place_name": "45 Park Lane", "price_per_night": "350", "smoking_allowed": "False", "star_rating": "5", "street_address": "45 Park Lane"}, {"location": "London", "number_of_rooms": "1", "phone_number": "+44 20 7706 4660", "place_name": "Abc Hyde Park Hotel", "price_per_night": "75", "smoking_allowed": "False", "star_rating": "3", "street_address": "121 Sussex Gardens"}, {"location": "London", "number_of_rooms": "3", "phone_number": "+44 20 8563 8692", "place_name": "Abercorn House", "price_per_night": "81", "smoking_allowed": "False", "star_rating": "1", "street_address": "28-30 Bute Gardens"}, {"location": "London", "number_of_rooms": "2", "phone_number": "+44 20 7403 4299", "place_name": "Accommodation London Bridge", "price_per_night": "228", "smoking_allowed": "False", "star_rating": "3", "street_address": "58 Great Dover Street"}, {"location": "London", "number_of_rooms": "2", "phone_number": "+44 20 7613 9800", "place_name": "Ace Hotel London", "price_per_night": "304", "smoking_allowed": "False", "star_rating": "4", "street_address": "100 Shoreditch High Street"}, {"location": "London", "number_of_rooms": "3", "phone_number": "+44 20 7834 0205", "place_name": "Airways Hotel London Victoria", "price_per_night": "315", "smoking_allowed": "True", "star_rating": "3", "street_address": "29-31 Saint George's Drive"}, {"location": "London", "number_of_rooms": "2", "phone_number": "+44 871 376 9012", "place_name": "Amba Hotel Charing Cross", "price_per_night": "280", "smoking_allowed": "False", "star_rating": "4", "street_address": "Strand"}, {"location": "London", "number_of_rooms": "2", "phone_number": "+44 800 330 8523", "place_name": "Amba Hotel Marble Arch", "price_per_night": "160", "smoking_allowed": "False", "star_rating": "4", "street_address": "Bryanston Street"}, {"location": "London", "number_of_rooms": "2", "phone_number": "+44 20 7388 9930", "place_name": "Ambassadors Bloomsbury Hotel", "price_per_night": "192", "smoking_allowed": "False", "star_rating": "4", "street_address": "12 Upper Woburn Place"}, {"location": "London", "number_of_rooms": "1", "phone_number": "+44 20 7373 1075", "place_name": "Ambassadors Hotel", "price_per_night": "111", "smoking_allowed": "False", "star_rating": "3", "street_address": "16 Collingham Road"}], "slots": [{"exclusive_end": 22, "slot": "place_name", "start": 10}]}], "speaker": "SYSTEM", "utterance": "How about 45 Park Lane? It's rated 5 stars."}, {"frames": [{"actions": [{"act": "REQUEST", "canonical_values": [], "slot": "phone_number", "values": []}, {"act": "REQUEST", "canonical_values": [], "slot": "street_address", "values": []}], "service": "Hotels_4", "slots": [], "state": {"active_intent": "SearchHotel", "requested_slots": ["phone_number", "street_address"], "slot_values": {"location": ["London, England"]}}}], "speaker": "USER", "utterance": "What's the telephone number and address?"}, {"frames": [{"actions": [{"act": "INFORM", "canonical_values": ["+44 20 7493 4545"], "slot": "phone_number", "values": ["+44 20 7493 4545"]}, {"act": "INFORM", "canonical_values": ["45 Park Lane"], "slot": "street_address", "values": ["45 Park Lane"]}], "service": "Hotels_4", "slots": [{"exclusive_end": 62, "slot": "phone_number", "start": 46}, {"exclusive_end": 27, "slot": "street_address", "start": 15}]}], "speaker": "SYSTEM", "utterance": "The address is 45 Park Lane and the number is +44 20 7493 4545."}, {"frames": [{"actions": [{"act": "SELECT", "canonical_values": [], "slot": "", "values": []}], "service": "Hotels_4", "slots": [], "state": {"active_intent": "SearchHotel", "requested_slots": [], "slot_values": {"location": ["London, England"], "place_name": ["45 Park Lane"]}}}], "speaker": "USER", "utterance": "Okay, that's good."}, {"frames": [{"actions": [{"act": "OFFER_INTENT", "canonical_values": ["ReserveHotel"], "slot": "intent", "values": ["ReserveHotel"]}], "service": "Hotels_4", "slots": []}], "speaker": "SYSTEM", "utterance": "Do you want to book a room?"}, {"frames": [{"actions": [{"act": "INFORM", "canonical_values": ["2019-03-13"], "slot": "date", "values": ["13th of this month"]}, {"act": "INFORM_INTENT", "canonical_values": ["GetWeather"], "slot": "intent", "values": ["GetWeather"]}], "service": "Weather_1", "slots": [{"exclusive_end": 98, "slot": "date", "start": 80}], "state": {"active_intent": "GetWeather", "requested_slots": [], "slot_values": {"city": ["London, England"], "date": ["13th of this month"]}}}, {"actions": [{"act": "NEGATE_INTENT", "canonical_values": [], "slot": "", "values": []}], "service": "Hotels_4", "slots": [], "state": {"active_intent": "NONE", "requested_slots": [], "slot_values": {"location": ["London, England"], "place_name": ["45 Park Lane"]}}}], "speaker": "USER", "utterance": "Not yet, thanks. I'd like to know what the weather conditions look like for the 13th of this month."}, {"frames": [{"actions": [{"act": "OFFER", "canonical_values": ["94"], "slot": "temperature", "values": ["94"]}, {"act": "OFFER", "canonical_values": ["25"], "slot": "precipitation", "values": ["25"]}], "service": "Weather_1", "service_call": {"method": "GetWeather", "parameters": {"city": "London", "date": "2019-03-13"}}, "service_results": [{"city": "London", "date": "2019-03-13", "humidity": "18", "precipitation": "25", "temperature": "94", "wind": "5"}], "slots": [{"exclusive_end": 13, "slot": "temperature", "start": 11}, {"exclusive_end": 71, "slot": "precipitation", "start": 69}]}], "speaker": "SYSTEM", "utterance": "It will be 94 degrees Fahrenheit on average with a chance of rain of 25 percent."}, {"frames": [{"actions": [{"act": "REQUEST", "canonical_values": [], "slot": "wind", "values": []}], "service": "Weather_1", "slots": [], "state": {"active_intent": "GetWeather", "requested_slots": ["wind"], "slot_values": {"city": ["London, England"], "date": ["13th of this month"]}}}], "speaker": "USER", "utterance": "And the wind conditions please?"}, {"frames": [{"actions": [{"act": "INFORM", "canonical_values": ["5"], "slot": "wind", "values": ["5"]}], "service": "Weather_1", "slots": [{"exclusive_end": 18, "slot": "wind", "start": 17}]}], "speaker": "SYSTEM", "utterance": "The wind will be 5 miles an hour that day."}, {"frames": [{"actions": [{"act": "SELECT", "canonical_values": [], "slot": "", "values": []}], "service": "Weather_1", "slots": [], "state": {"active_intent": "GetWeather", "requested_slots": [], "slot_values": {"city": ["London, England"], "date": ["13th of this month"]}}}], "speaker": "USER", "utterance": "Thanks a lot."}, {"frames": [{"actions": [{"act": "REQ_MORE", "canonical_values": [], "slot": "", "values": []}], "service": "Weather_1", "slots": []}], "speaker": "SYSTEM", "utterance": "How else may I help you?"}, {"frames": [{"actions": [{"act": "INFORM", "canonical_values": ["1"], "slot": "number_of_rooms", "values": ["1"]}, {"act": "INFORM", "canonical_values": ["7"], "slot": "stay_length", "values": ["7"]}, {"act": "INFORM_INTENT", "canonical_values": ["ReserveHotel"], "slot": "intent", "values": ["ReserveHotel"]}], "service": "Hotels_4", "slots": [{"exclusive_end": 50, "slot": "stay_length", "start": 49}], "state": {"active_intent": "ReserveHotel", "requested_slots": [], "slot_values": {"location": ["London, England"], "number_of_rooms": ["1"], "place_name": ["45 Park Lane"], "stay_length": ["7"]}}}], "speaker": "USER", "utterance": "I'd like one room at that hotel you mentioned, a 7 day stay."}, {"frames": [{"actions": [{"act": "REQUEST", "canonical_values": ["2019-03-13"], "slot": "check_in_date", "values": ["March 13th"]}], "service": "Hotels_4", "slots": [{"exclusive_end": 22, "slot": "check_in_date", "start": 12}]}], "speaker": "SYSTEM", "utterance": "Starting on March 13th?"}, {"frames": [{"actions": [{"act": "INFORM", "canonical_values": ["2019-03-07"], "slot": "check_in_date", "values": ["Thursday next week"]}], "service": "Hotels_4", "slots": [{"exclusive_end": 25, "slot": "check_in_date", "start": 7}], "state": {"active_intent": "ReserveHotel", "requested_slots": [], "slot_values": {"check_in_date": ["Thursday next week"], "location": ["London, England"], "number_of_rooms": ["1"], "place_name": ["45 Park Lane"], "stay_length": ["7"]}}}], "speaker": "USER", "utterance": "No, on Thursday next week."}, {"frames": [{"actions": [{"act": "CONFIRM", "canonical_values": ["45 Park Lane"], "slot": "place_name", "values": ["45 Park Lane"]}, {"act": "CONFIRM", "canonical_values": ["2019-03-07"], "slot": "check_in_date", "values": ["March 7th"]}, {"act": "CONFIRM", "canonical_values": ["7"], "slot": "stay_length", "values": ["7"]}, {"act": "CONFIRM", "canonical_values": ["London"], "slot": "location", "values": ["London"]}, {"act": "CONFIRM", "canonical_values": ["1"], "slot": "number_of_rooms", "values": ["1"]}], "service": "Hotels_4", "slots": [{"exclusive_end": 44, "slot": "place_name", "start": 32}, {"exclusive_end": 67, "slot": "check_in_date", "start": 58}, {"exclusive_end": 23, "slot": "stay_length", "start": 22}, {"exclusive_end": 54, "slot": "location", "start": 48}]}], "speaker": "SYSTEM", "utterance": "Confirming 1 room for 7 days at 45 Park Lane in London on March 7th."}, {"frames": [{"actions": [{"act": "REQUEST", "canonical_values": [], "slot": "smoking_allowed", "values": []}, {"act": "AFFIRM", "canonical_values": [], "slot": "", "values": []}], "service": "Hotels_4", "slots": [], "state": {"active_intent": "ReserveHotel", "requested_slots": ["smoking_allowed"], "slot_values": {"check_in_date": ["March 7th", "Thursday next week"], "location": ["London", "London, England"], "number_of_rooms": ["1"], "place_name": ["45 Park Lane"], "stay_length": ["7"]}}}], "speaker": "USER", "utterance": "Great. Can I smoke in the room?"}, {"frames": [{"actions": [{"act": "INFORM", "canonical_values": ["False"], "slot": "smoking_allowed", "values": ["False"]}, {"act": "NOTIFY_SUCCESS", "canonical_values": [], "slot": "", "values": []}], "service": "Hotels_4", "service_call": {"method": "ReserveHotel", "parameters": {"check_in_date": "2019-03-07", "location": "London", "number_of_rooms": "1", "place_name": "45 Park Lane", "stay_length": "7"}}, "service_results": [{"check_in_date": "2019-03-07", "location": "London", "number_of_rooms": "1", "phone_number": "+44 20 7493 4545", "place_name": "45 Park Lane", "price_per_night": "350", "smoking_allowed": "False", "star_rating": "5", "stay_length": "7", "street_address": "45 Park Lane"}], "slots": []}], "speaker": "SYSTEM", "utterance": "No, I'm sorry, it's a non smoking hotel. The reservation has completed."}, {"frames": [{"actions": [{"act": "REQUEST", "canonical_values": [], "slot": "price_per_night", "values": []}], "service": "Hotels_4", "slots": [], "state": {"active_intent": "ReserveHotel", "requested_slots": ["price_per_night"], "slot_values": {"check_in_date": ["March 7th", "Thursday next week"], "location": ["London", "London, England"], "number_of_rooms": ["1"], "place_name": ["45 Park Lane"], "stay_length": ["7"]}}}], "speaker": "USER", "utterance": "How much is that room?"}, {"frames": [{"actions": [{"act": "INFORM", "canonical_values": ["350"], "slot": "price_per_night", "values": ["$350"]}], "service": "Hotels_4", "slots": [{"exclusive_end": 9, "slot": "price_per_night", "start": 5}]}], "speaker": "SYSTEM", "utterance": "It's $350 a night."}, {"frames": [{"actions": [{"act": "THANK_YOU", "canonical_values": [], "slot": "", "values": []}, {"act": "GOODBYE", "canonical_values": [], "slot": "", "values": []}], "service": "Hotels_4", "slots": [], "state": {"active_intent": "ReserveHotel", "requested_slots": [], "slot_values": {"check_in_date": ["March 7th", "Thursday next week"], "location": ["London", "London, England"], "number_of_rooms": ["1"], "place_name": ["45 Park Lane"], "stay_length": ["7"]}}}], "speaker": "USER", "utterance": "Thank you for your help."}, {"frames": [{"actions": [{"act": "GOODBYE", "canonical_values": [], "slot": "", "values": []}], "service": "Hotels_4", "slots": []}], "speaker": "SYSTEM", "utterance": "My pleasure, thank you."}]}, {"dialogue_id": "14_00004", "services": ["Hotels_4", "Weather_1"], "turns": [{"frames": [{"actions": [{"act": "INFORM_INTENT", "canonical_values": ["SearchHotel"], "slot": "intent", "values": ["SearchHotel"]}], "service": "Hotels_4", "slots": [], "state": {"active_intent": "SearchHotel", "requested_slots": [], "slot_values": {}}}], "speaker": "USER", "utterance": "Would you help me locate a hotel please?"}, {"frames": [{"actions": [{"act": "REQUEST", "canonical_values": [], "slot": "location", "values": []}], "service": "Hotels_4", "slots": []}], "speaker": "SYSTEM", "utterance": "In which city would you like to me to look?"}, {"frames": [{"actions": [{"act": "INFORM", "canonical_values": ["New York"], "slot": "location", "values": ["NYC"]}], "service": "Hotels_4", "slots": [{"exclusive_end": 6, "slot": "location", "start": 3}], "state": {"active_intent": "SearchHotel", "requested_slots": [], "slot_values": {"location": ["NYC"]}}}], "speaker": "USER", "utterance": "In NYC please."}, {"frames": [{"actions": [{"act": "OFFER", "canonical_values": ["1 Hotel Brooklyn Bridge"], "slot": "place_name", "values": ["1 Hotel Brooklyn Bridge"]}, {"act": "OFFER", "canonical_values": ["4"], "slot": "star_rating", "values": ["4"]}], "service": "Hotels_4", "service_call": {"method": "SearchHotel", "parameters": {"location": "New York"}}, "service_results": [{"location": "New York", "number_of_rooms": "2", "phone_number": "+1 833-625-6111", "place_name": "1 Hotel Brooklyn Bridge", "price_per_night": "176", "smoking_allowed": "True", "star_rating": "4", "street_address": "60 Furman Street, Brooklyn"}, {"location": "New York", "number_of_rooms": "3", "phone_number": "+1 212-703-2001", "place_name": "1 Hotel Central Park", "price_per_night": "390", "smoking_allowed": "True", "star_rating": "5", "street_address": "1414 6th Avenue"}, {"location": "New York", "number_of_rooms": "1", "phone_number": "+1 212-235-1111", "place_name": "11 Howard", "price_per_night": "72", "smoking_allowed": "True", "star_rating": "3", "street_address": "11 Howard Street"}, {"location": "New York", "number_of_rooms": "2", "phone_number": "+1 212-204-3000", "place_name": "6 Columbus Hotel", "price_per_night": "296", "smoking_allowed": "True", "star_rating": "4", "street_address": "308 West 58th Street"}, {"location": "New York", "number_of_rooms": "1", "phone_number": "+1 212-398-2700", "place_name": "Ac Hotel New York Times Square", "price_per_night": "84", "smoking_allowed": "False", "star_rating": "4", "street_address": "260 West 40th Street"}, {"location": "New York", "number_of_rooms": "2", "phone_number": "+1 212-991-0551", "place_name": "Ace Hotel", "price_per_night": "264", "smoking_allowed": "False", "star_rating": "4", "street_address": "20 West 29th Street"}, {"location": "New York", "number_of_rooms": "2", "phone_number": "+1 718-631-5900", "place_name": "Adria Hotel & Conference Center", "price_per_night": "186", "smoking_allowed": "True", "star_rating": "3", "street_address": "221-17 Northern Boulevard, Bayside"}, {"location": "New York", "number_of_rooms": "3", "phone_number": "+1 646-744-3100", "place_name": "Aka Central Park", "price_per_night": "420", "smoking_allowed": "False", "star_rating": "4", "street_address": "42 West 58th Street"}, {"location": "New York", "number_of_rooms": "1", "phone_number": "+1 212-764-5700", "place_name": "Aka Times Square", "price_per_night": "112", "smoking_allowed": "False", "star_rating": "4", "street_address": "123 West 44th Street"}, {"location": "New York", "number_of_rooms": "2", "phone_number": "+1 212-252-9090", "place_name": "Aka Wall Street", "price_per_night": "304", "smoking_allowed": "True", "star_rating": "4", "street_address": "84 William Street"}], "slots": [{"exclusive_end": 33, "slot": "place_name", "start": 10}]}], "speaker": "SYSTEM", "utterance": "How about 1 Hotel Brooklyn Bridge, which has a 4 star rating?"}, {"frames": [{"actions": [{"act": "REQUEST", "canonical_values": [], "slot": "smoking_allowed", "values": []}], "service": "Hotels_4", "slots": [], "state": {"active_intent": "SearchHotel", "requested_slots": ["smoking_allowed"], "slot_values": {"location": ["NYC"]}}}], "speaker": "USER", "utterance": "Is it a non smoking hotel?"}, {"frames": [{"actions": [{"act": "INFORM", "canonical_values": ["True"], "slot": "smoking_allowed", "values": ["True"]}], "service": "Hotels_4", "slots": []}], "speaker": "SYSTEM", "utterance": "No, smoking is allowed."}, {"frames": [{"actions": [{"act": "SELECT", "canonical_values": [], "slot": "", "values": []}], "service": "Hotels_4", "slots": [], "state": {"active_intent": "SearchHotel", "requested_slots": [], "slot_values": {"location": ["NYC"], "place_name": ["1 Hotel Brooklyn Bridge"]}}}], "speaker": "USER", "utterance": "Okay, that's good."}, {"frames": [{"actions": [{"act": "OFFER_INTENT", "canonical_values": ["ReserveHotel"], "slot": "intent", "values": ["ReserveHotel"]}], "service": "Hotels_4", "slots": []}], "speaker": "SYSTEM", "utterance": "Shall I make a reservation for you?"}, {"frames": [{"actions": [{"act": "NEGATE_INTENT", "canonical_values": [], "slot": "", "values": []}], "service": "Hotels_4", "slots": [], "state": {"active_intent": "NONE", "requested_slots": [], "slot_values": {"location": ["NYC"], "place_name": ["1 Hotel Brooklyn Bridge"]}}}], "speaker": "USER", "utterance": "Not quite yet."}, {"frames": [{"actions": [{"act": "REQ_MORE", "canonical_values": [], "slot": "", "values": []}], "service": "Hotels_4", "slots": []}], "speaker": "SYSTEM", "utterance": "How else may I help you today?"}, {"frames": [{"actions": [{"act": "INFORM", "canonical_values": ["2019-03-04"], "slot": "date", "values": ["the 4th"]}, {"act": "INFORM_INTENT", "canonical_values": ["GetWeather"], "slot": "intent", "values": ["GetWeather"]}], "service": "Weather_1", "slots": [{"exclusive_end": 40, "slot": "date", "start": 33}], "state": {"active_intent": "GetWeather", "requested_slots": [], "slot_values": {"city": ["NYC"], "date": ["the 4th"]}}}], "speaker": "USER", "utterance": "Yes, what is the weather like on the 4th?"}, {"frames": [{"actions": [{"act": "OFFER", "canonical_values": ["59"], "slot": "temperature", "values": ["59"]}, {"act": "OFFER", "canonical_values": ["22"], "slot": "precipitation", "values": ["22"]}], "service": "Weather_1", "service_call": {"method": "GetWeather", "parameters": {"city": "New York", "date": "2019-03-04"}}, "service_results": [{"city": "New York", "date": "2019-03-04", "humidity": "29", "precipitation": "22", "temperature": "59", "wind": "8"}], "slots": [{"exclusive_end": 13, "slot": "temperature", "start": 11}, {"exclusive_end": 80, "slot": "precipitation", "start": 78}]}], "speaker": "SYSTEM", "utterance": "It will be 59 degrees Fahrenheit and the possibility of precipitation will be 22 percent."}, {"frames": [{"actions": [{"act": "REQUEST", "canonical_values": [], "slot": "humidity", "values": []}, {"act": "REQUEST", "canonical_values": [], "slot": "wind", "values": []}], "service": "Weather_1", "slots": [], "state": {"active_intent": "GetWeather", "requested_slots": ["humidity", "wind"], "slot_values": {"city": ["NYC"], "date": ["the 4th"]}}}], "speaker": "USER", "utterance": "How about the humidity and what the wind conditions?"}, {"frames": [{"actions": [{"act": "INFORM", "canonical_values": ["8"], "slot": "wind", "values": ["8"]}, {"act": "INFORM", "canonical_values": ["29"], "slot": "humidity", "values": ["29"]}], "service": "Weather_1", "slots": [{"exclusive_end": 76, "slot": "wind", "start": 75}, {"exclusive_end": 40, "slot": "humidity", "start": 38}]}], "speaker": "SYSTEM", "utterance": "The humidity average is approximately 29 percent and the wind will average 8 miles an hour."}, {"frames": [{"actions": [{"act": "SELECT", "canonical_values": [], "slot": "", "values": []}], "service": "Weather_1", "slots": [], "state": {"active_intent": "GetWeather", "requested_slots": [], "slot_values": {"city": ["NYC"], "date": ["the 4th"]}}}, {"actions": [{"act": "INFORM", "canonical_values": ["4"], "slot": "stay_length", "values": ["4"]}, {"act": "INFORM_INTENT", "canonical_values": ["ReserveHotel"], "slot": "intent", "values": ["ReserveHotel"]}], "service": "Hotels_4", "slots": [{"exclusive_end": 67, "slot": "stay_length", "start": 66}], "state": {"active_intent": "ReserveHotel", "requested_slots": [], "slot_values": {"location": ["NYC"], "place_name": ["1 Hotel Brooklyn Bridge"], "stay_length": ["4"]}}}], "speaker": "USER", "utterance": "Thank you. Now I'd like to make a hotel reservation for a stay of 4 days please."}, {"frames": [{"actions": [{"act": "REQUEST", "canonical_values": ["2019-03-04"], "slot": "check_in_date", "values": ["March 4th"]}], "service": "Hotels_4", "slots": [{"exclusive_end": 23, "slot": "check_in_date", "start": 14}]}], "speaker": "SYSTEM", "utterance": "Is that for a March 4th check in?"}, {"frames": [{"actions": [{"act": "AFFIRM", "canonical_values": [], "slot": "", "values": []}], "service": "Hotels_4", "slots": [], "state": {"active_intent": "ReserveHotel", "requested_slots": [], "slot_values": {"check_in_date": ["March 4th", "the 4th"], "location": ["NYC"], "place_name": ["1 Hotel Brooklyn Bridge"], "stay_length": ["4"]}}}], "speaker": "USER", "utterance": "Yes, it is."}, {"frames": [{"actions": [{"act": "CONFIRM", "canonical_values": ["1 Hotel Brooklyn Bridge"], "slot": "place_name", "values": ["1 Hotel Brooklyn Bridge"]}, {"act": "CONFIRM", "canonical_values": ["2019-03-04"], "slot": "check_in_date", "values": ["March 4th"]}, {"act": "CONFIRM", "canonical_values": ["4"], "slot": "stay_length", "values": ["4"]}, {"act": "CONFIRM", "canonical_values": ["New York"], "slot": "location", "values": ["New York"]}, {"act": "CONFIRM", "canonical_values": ["1"], "slot": "number_of_rooms", "values": ["1"]}], "service": "Hotels_4", "slots": [{"exclusive_end": 50, "slot": "place_name", "start": 27}, {"exclusive_end": 75, "slot": "check_in_date", "start": 66}, {"exclusive_end": 14, "slot": "stay_length", "start": 13}, {"exclusive_end": 62, "slot": "location", "start": 54}]}], "speaker": "SYSTEM", "utterance": "Confirming a 4 day stay at 1 Hotel Brooklyn Bridge in New York on March 4th and you'd like 1 room."}, {"frames": [{"actions": [{"act": "AFFIRM", "canonical_values": [], "slot": "", "values": []}], "service": "Hotels_4", "slots": [], "state": {"active_intent": "ReserveHotel", "requested_slots": [], "slot_values": {"check_in_date": ["March 4th", "the 4th"], "location": ["NYC", "New York"], "number_of_rooms": ["1"], "place_name": ["1 Hotel Brooklyn Bridge"], "stay_length": ["4"]}}}], "speaker": "USER", "utterance": "Yes, that's correct."}, {"frames": [{"actions": [{"act": "NOTIFY_SUCCESS", "canonical_values": [], "slot": "", "values": []}], "service": "Hotels_4", "service_call": {"method": "ReserveHotel", "parameters": {"check_in_date": "2019-03-04", "location": "New York", "number_of_rooms": "1", "place_name": "1 Hotel Brooklyn Bridge", "stay_length": "4"}}, "service_results": [{"check_in_date": "2019-03-04", "location": "New York", "number_of_rooms": "1", "phone_number": "+1 833-625-6111", "place_name": "1 Hotel Brooklyn Bridge", "price_per_night": "336", "smoking_allowed": "True", "star_rating": "4", "stay_length": "4", "street_address": "60 Furman Street, Brooklyn"}], "slots": []}], "speaker": "SYSTEM", "utterance": "The reservation is complete."}, {"frames": [{"actions": [{"act": "THANK_YOU", "canonical_values": [], "slot": "", "values": []}], "service": "Hotels_4", "slots": [], "state": {"active_intent": "ReserveHotel", "requested_slots": [], "slot_values": {"check_in_date": ["March 4th", "the 4th"], "location": ["NYC", "New York"], "number_of_rooms": ["1"], "place_name": ["1 Hotel Brooklyn Bridge"], "stay_length": ["4"]}}}], "speaker": "USER", "utterance": "Thank you for your help."}, {"frames": [{"actions": [{"act": "REQ_MORE", "canonical_values": [], "slot": "", "values": []}], "service": "Hotels_4", "slots": []}], "speaker": "SYSTEM", "utterance": "Anything else today?"}, {"frames": [{"actions": [{"act": "NEGATE", "canonical_values": [], "slot": "", "values": []}, {"act": "THANK_YOU", "canonical_values": [], "slot": "", "values": []}], "service": "Hotels_4", "slots": [], "state": {"active_intent": "NONE", "requested_slots": [], "slot_values": {"check_in_date": ["March 4th", "the 4th"], "location": ["NYC", "New York"], "number_of_rooms": ["1"], "place_name": ["1 Hotel Brooklyn Bridge"], "stay_length": ["4"]}}}], "speaker": "USER", "utterance": "No, I'm all set."}, {"frames": [{"actions": [{"act": "GOODBYE", "canonical_values": [], "slot": "", "values": []}], "service": "Hotels_4", "slots": []}], "speaker": "SYSTEM", "utterance": "Thank you very much."}]}]