[{"dialogue_id": "61_00000", "services": ["Events_1", "Restaurants_1"], "turns": [{"frames": [{"actions": [{"act": "INFORM_INTENT", "canonical_values": ["BuyEventTickets"], "slot": "intent", "values": ["BuyEventTickets"]}], "service": "Events_1", "slots": [], "state": {"active_intent": "BuyEventTickets", "requested_slots": [], "slot_values": {}}}], "speaker": "USER", "utterance": "I want to reserve tickets."}, {"frames": [{"actions": [{"act": "REQUEST", "canonical_values": [], "slot": "city_of_event", "values": []}, {"act": "REQUEST", "canonical_values": [], "slot": "event_name", "values": []}, {"act": "REQUEST", "canonical_values": [], "slot": "date", "values": []}], "service": "Events_1", "slots": []}], "speaker": "SYSTEM", "utterance": "What city? Do you have an event or date in mind?"}, {"frames": [{"actions": [{"act": "INFORM", "canonical_values": ["San Francisco"], "slot": "city_of_event", "values": ["San Francisco"]}, {"act": "INFORM", "canonical_values": ["2019-03-05"], "slot": "date", "values": ["next Tuesday"]}, {"act": "INFORM", "canonical_values": ["Giants Vs Cardinals"], "slot": "event_name", "values": ["Giants Vs Cardinals"]}], "service": "Events_1", "slots": [{"exclusive_end": 54, "slot": "city_of_event", "start": 41}, {"exclusive_end": 67, "slot": "date", "start": 55}, {"exclusive_end": 37, "slot": "event_name", "start": 18}], "state": {"active_intent": "BuyEventTickets", "requested_slots": [], "slot_values": {"city_of_event": ["San Francisco"], "date": ["next Tuesday"], "event_name": ["Giants Vs Cardinals"]}}}], "speaker": "USER", "utterance": "I want to see the Giants Vs Cardinals in San Francisco next Tuesday."}, {"frames": [{"actions": [{"act": "REQUEST", "canonical_values": [], "slot": "number_of_seats", "values": []}], "service": "Events_1", "slots": []}], "speaker": "SYSTEM", "utterance": "How many tickets?"}, {"frames": [{"actions": [{"act": "INFORM", "canonical_values": ["2"], "slot": "number_of_seats", "values": ["2"]}], "service": "Events_1", "slots": [], "state": {"active_intent": "BuyEventTickets", "requested_slots": [], "slot_values": {"city_of_event": ["San Francisco"], "date": ["next Tuesday"], "event_name": ["Giants Vs Cardinals"], "number_of_seats": ["2"]}}}], "speaker": "USER", "utterance": "I need two."}, {"frames": [{"actions": [{"act": "CONFIRM", "canonical_values": ["Giants Vs Cardinals"], "slot": "event_name", "values": ["Giants Vs Cardinals"]}, {"act": "CONFIRM", "canonical_values": ["2"], "slot": "number_of_seats", "values": ["2"]}, {"act": "CONFIRM", "canonical_values": ["2019-03-05"], "slot": "date", "values": ["March 5th"]}, {"act": "CONFIRM", "canonical_values": ["San Francisco"], "slot": "city_of_event", "values": ["San Francisco"]}], "service": "Events_1", "slots": [{"exclusive_end": 58, "slot": "event_name", "start": 39}, {"exclusive_end": 71, "slot": "date", "start": 62}, {"exclusive_end": 88, "slot": "city_of_event", "start": 75}]}], "speaker": "SYSTEM", "utterance": "Please confirm, reserving 2 tickets to Giants Vs Cardinals on March 5th in San Francisco."}, {"frames": [{"actions": [{"act": "AFFIRM", "canonical_values": [], "slot": "", "values": []}], "service": "Events_1", "slots": [], "state": {"active_intent": "BuyEventTickets", "requested_slots": [], "slot_values": {"city_of_event": ["San Francisco"], "date": ["March 5th", "next Tuesday"], "event_name": ["Giants Vs Cardinals"], "number_of_seats": ["2"]}}}], "speaker": "USER", "utterance": "Yes, that is perfect."}, {"frames": [{"actions": [{"act": "NOTIFY_SUCCESS", "canonical_values": [], "slot": "", "values": []}], "service": "Events_1", "service_call": {"method": "BuyEventTickets", "parameters": {"city_of_event": "San Francisco", "date": "2019-03-05", "event_name": "Giants Vs Cardinals", "number_of_seats": "2"}}, "service_results": [{"address_of_location": "24 Willie Mays Plaza", "city_of_event": "San Francisco", "date": "2019-03-05", "event_location": "Oracle Park", "event_name": "Giants Vs Cardinals", "number_of_seats": "2", "time": "18:30"}], "slots": []}], "speaker": "SYSTEM", "utterance": "Your reservation is complete."}, {"frames": [{"actions": [{"act": "INFORM_INTENT", "canonical_values": ["FindRestaurants"], "slot": "intent", "values": ["FindRestaurants"]}], "service": "Restaurants_1", "slots": [], "state": {"active_intent": "FindRestaurants", "requested_slots": [], "slot_values": {"city": ["San Francisco"]}}}], "speaker": "USER", "utterance": "I need to find a place to eat there too."}, {"frames": [{"actions": [{"act": "REQUEST", "canonical_values": ["Chinese", "Mexican"], "slot": "cuisine", "values": ["Chinese", "Mexican"]}], "service": "Restaurants_1", "slots": [{"exclusive_end": 7, "slot": "cuisine", "start": 0}, {"exclusive_end": 16, "slot": "cuisine", "start": 9}]}], "speaker": "SYSTEM", "utterance": "Chinese? Mexican? Italian?"}, {"frames": [{"actions": [{"act": "INFORM", "canonical_values": ["American"], "slot": "cuisine", "values": ["Barbecue"]}], "service": "Restaurants_1", "slots": [{"exclusive_end": 8, "slot": "cuisine", "start": 0}], "state": {"active_intent": "FindRestaurants", "requested_slots": [], "slot_values": {"city": ["San Francisco"], "cuisine": ["Barbecue"]}}}], "speaker": "USER", "utterance": "Barbecue is what I'm craving."}, {"frames": [{"actions": [{"act": "OFFER", "canonical_values": ["1760"], "slot": "restaurant_name", "values": ["1760"]}, {"act": "OFFER", "canonical_values": ["San Francisco"], "slot": "city", "values": ["San Francisco"]}, {"act": "INFORM_COUNT", "canonical_values": ["10"], "slot": "count", "values": ["10"]}], "service": "Restaurants_1", "service_call": {"method": "FindRestaurants", "parameters": {"city": "San Francisco", "cuisine": "American"}}, "service_results": [{"city": "San Francisco", "cuisine": "American", "has_live_music": "False", "phone_number": "415-359-1212", "price_range": "expensive", "restaurant_name": "1760", "serves_alcohol": "False", "street_address": "1760 Polk Street"}, {"city": "San Francisco", "cuisine": "American", "has_live_music": "False", "phone_number": "415-495-5875", "price_range": "expensive", "restaurant_name": "25 Lusk", "serves_alcohol": "True", "street_address": "25 Lusk Street"}, {"city": "San Francisco", "cuisine": "American", "has_live_music": "False", "phone_number": "415-814-3709", "price_range": "expensive", "restaurant_name": "3rd Cousin", "serves_alcohol": "False", "street_address": "919 Cortland Avenue"}, {"city": "San Francisco", "cuisine": "American", "has_live_music": "False", "phone_number": "415-775-1800", "price_range": "moderate", "restaurant_name": "Academy Bar And Kitchen", "serves_alcohol": "False", "street_address": "1800 Fillmore Street"}, {"city": "San Francisco", "cuisine": "American", "has_live_music": "False", "phone_number": "(415) 567-5432", "price_range": "very expensive", "restaurant_name": "Acquerello", "serves_alcohol": "False", "street_address": "1722 Sacramento Street"}, {"city": "San Francisco", "cuisine": "American", "has_live_music": "False", "phone_number": "415-872-9409", "price_range": "moderate", "restaurant_name": "Alba Ray's", "serves_alcohol": "True", "street_address": "2293 Mission Street"}, {"city": "San Francisco", "cuisine": "American", "has_live_music": "False", "phone_number": "415-829-2737", "price_range": "moderate", "restaurant_name": "Aliment", "serves_alcohol": "False", "street_address": "786 Bush Street"}, {"city": "San Francisco", "cuisine": "American", "has_live_music": "False", "phone_number": "650-627-4303", "price_range": "moderate", "restaurant_name": "All Spice", "serves_alcohol": "True", "street_address": "648 Bush Street"}, {"city": "San Francisco", "cuisine": "American", "has_live_music": "False", "phone_number": "415-590-2585", "price_range": "expensive", "restaurant_name": "Alta Ca", "serves_alcohol": "False", "street_address": "1420 Market Street"}, {"city": "San Francisco", "cuisine": "American", "has_live_music": "False", "phone_number": "415-875-9810", "price_range": "very expensive", "restaurant_name": "Aster", "serves_alcohol": "False", "street_address": "1001 Guerrero Street"}], "slots": [{"exclusive_end": 33, "slot": "restaurant_name", "start": 29}, {"exclusive_end": 50, "slot": "city", "start": 37}]}], "speaker": "SYSTEM", "utterance": "I found 10 options including 1760 in San Francisco."}, {"frames": [{"actions": [{"act": "REQUEST", "canonical_values": [], "slot": "serves_alcohol", "values": []}], "service": "Restaurants_1", "slots": [], "state": {"active_intent": "FindRestaurants", "requested_slots": ["serves_alcohol"], "slot_values": {"city": ["San Francisco"], "cuisine": ["Barbecue"]}}}], "speaker": "USER", "utterance": "Do they serve alcohol?"}, {"frames": [{"actions": [{"act": "INFORM", "canonical_values": ["False"], "slot": "serves_alcohol", "values": ["False"]}], "service": "Restaurants_1", "slots": []}], "speaker": "SYSTEM", "utterance": "They do not"}, {"frames": [{"actions": [{"act": "INFORM", "canonical_values": ["True"], "slot": "serves_alcohol", "values": ["True"]}, {"act": "REQUEST_ALTS", "canonical_values": [], "slot": "", "values": []}], "service": "Restaurants_1", "slots": [], "state": {"active_intent": "FindRestaurants", "requested_slots": [], "slot_values": {"city": ["San Francisco"], "cuisine": ["Barbecue"], "serves_alcohol": ["True"]}}}], "speaker": "USER", "utterance": "I want a restaurant that serves alcohol."}, {"frames": [{"actions": [{"act": "OFFER", "canonical_values": ["25 Lusk"], "slot": "restaurant_name", "values": ["25 Lusk"]}, {"act": "OFFER", "canonical_values": ["San Francisco"], "slot": "city", "values": ["San Francisco"]}], "service": "Restaurants_1", "service_call": {"method": "FindRestaurants", "parameters": {"city": "San Francisco", "cuisine": "American", "serves_alcohol": "True"}}, "service_results": [{"city": "San Francisco", "cuisine": "American", "has_live_music": "False", "phone_number": "415-495-5875", "price_range": "expensive", "restaurant_name": "25 Lusk", "serves_alcohol": "True", "street_address": "25 Lusk Street"}, {"city": "San Francisco", "cuisine": "American", "has_live_music": "False", "phone_number": "415-872-9409", "price_range": "moderate", "restaurant_name": "Alba Ray's", "serves_alcohol": "True", "street_address": "2293 Mission Street"}, {"city": "San Francisco", "cuisine": "American", "has_live_music": "False", "phone_number": "650-627-4303", "price_range": "moderate", "restaurant_name": "All Spice", "serves_alcohol": "True", "street_address": "648 Bush Street"}, {"city": "San Francisco", "cuisine": "American", "has_live_music": "False", "phone_number": "415-345-2303", "price_range": "very expensive", "restaurant_name": "Aveline", "serves_alcohol": "True", "street_address": "490 Geary Street"}, {"city": "San Francisco", "cuisine": "American", "has_live_music": "False", "phone_number": "415-355-9400", "price_range": "expensive", "restaurant_name": "Bar Agricole", "serves_alcohol": "True", "street_address": "355 11th Street"}, {"city": "San Francisco", "cuisine": "American", "has_live_music": "False", "phone_number": "415-977-5155", "price_range": "moderate", "restaurant_name": "Bazille", "serves_alcohol": "True", "street_address": "865 Market Street"}, {"city": "San Francisco", "cuisine": "American", "has_live_music": "False", "phone_number": "415-391-0758", "price_range": "moderate", "restaurant_name": "Blanc Et Rouge", "serves_alcohol": "True", "street_address": "2 Embarcadero Center"}, {"city": "San Francisco", "cuisine": "American", "has_live_music": "False", "phone_number": "415-369-0222", "price_range": "moderate", "restaurant_name": "Brickhouse Cafe: Restaurant & Bar", "serves_alcohol": "True", "street_address": "426 Brannan Street"}, {"city": "San Francisco", "cuisine": "American", "has_live_music": "False", "phone_number": "415-296-4272", "price_range": "moderate", "restaurant_name": "Burger Bar", "serves_alcohol": "True", "street_address": "251 Geary Street"}, {"city": "San Francisco", "cuisine": "American", "has_live_music": "False", "phone_number": "415-504-6652", "price_range": "moderate", "restaurant_name": "Cajun Pacific", "serves_alcohol": "True", "street_address": "4542 Irving Street"}], "slots": [{"exclusive_end": 7, "slot": "restaurant_name", "start": 0}, {"exclusive_end": 24, "slot": "city", "start": 11}]}], "speaker": "SYSTEM", "utterance": "25 Lusk in San Francisco is available."}, {"frames": [{"actions": [{"act": "SELECT", "canonical_values": [], "slot": "", "values": []}], "service": "Restaurants_1", "slots": [], "state": {"active_intent": "FindRestaurants", "requested_slots": [], "slot_values": {"city": ["San Francisco"], "cuisine": ["Barbecue"], "restaurant_name": ["25 Lusk"], "serves_alcohol": ["True"]}}}], "speaker": "USER", "utterance": "Yes, that is perfect."}, {"frames": [{"actions": [{"act": "OFFER_INTENT", "canonical_values": ["ReserveRestaurant"], "slot": "intent", "values": ["ReserveRestaurant"]}], "service": "Restaurants_1", "slots": []}], "speaker": "SYSTEM", "utterance": "Are you ready to reserve a table?"}, {"frames": [{"actions": [{"act": "NEGATE_INTENT", "canonical_values": [], "slot": "", "values": []}], "service": "Restaurants_1", "slots": [], "state": {"active_intent": "NONE", "requested_slots": [], "slot_values": {"city": ["San Francisco"], "cuisine": ["Barbecue"], "restaurant_name": ["25 Lusk"], "serves_alcohol": ["True"]}}}], "speaker": "USER", "utterance": "No, not now."}, {"frames": [{"actions": [{"act": "REQ_MORE", "canonical_values": [], "slot": "", "values": []}], "service": "Restaurants_1", "slots": []}], "speaker": "SYSTEM", "utterance": "Anything else?"}, {"frames": [{"actions": [{"act": "NEGATE", "canonical_values": [], "slot": "", "values": []}, {"act": "THANK_YOU", "canonical_values": [], "slot": "", "values": []}], "service": "Restaurants_1", "slots": [], "state": {"active_intent": "NONE", "requested_slots": [], "slot_values": {"city": ["San Francisco"], "cuisine": ["Barbecue"], "restaurant_name": ["25 Lusk"], "serves_alcohol": ["True"]}}}], "speaker": "USER", "utterance": "No, thanks!"}, {"frames": [{"actions": [{"act": "GOODBYE", "canonical_values": [], "slot": "", "values": []}], "service": "Restaurants_1", "slots": []}], "speaker": "SYSTEM", "utterance": "Have a nice day."}]}, {"dialogue_id": "61_00001", "services": ["Events_1", "Restaurants_1"], "turns": [{"frames": [{"actions": [{"act": "INFORM_INTENT", "canonical_values": ["BuyEventTickets"], "slot": "intent", "values": ["BuyEventTickets"]}], "service": "Events_1", "slots": [], "state": {"active_intent": "BuyEventTickets", "requested_slots": [], "slot_values": {}}}], "speaker": "USER", "utterance": "Reserve event tickets."}, {"frames": [{"actions": [{"act": "REQUEST", "canonical_values": [], "slot": "event_name", "values": []}, {"act": "REQUEST", "canonical_values": [], "slot": "number_of_seats", "values": []}, {"act": "REQUEST", "canonical_values": [], "slot": "date", "values": []}], "service": "Events_1", "slots": []}], "speaker": "SYSTEM", "utterance": "To which event? Number of tickets? Date?"}, {"frames": [{"actions": [{"act": "INFORM", "canonical_values": ["San Francisco"], "slot": "city_of_event", "values": ["SFO"]}, {"act": "INFORM", "canonical_values": ["Remo Drive"], "slot": "event_name", "values": ["Remo Drive"]}, {"act": "INFORM", "canonical_values": ["2019-03-04"], "slot": "date", "values": ["the 4th"]}, {"act": "INFORM", "canonical_values": ["3"], "slot": "number_of_seats", "values": ["3"]}], "service": "Events_1", "slots": [{"exclusive_end": 17, "slot": "city_of_event", "start": 14}, {"exclusive_end": 10, "slot": "event_name", "start": 0}, {"exclusive_end": 28, "slot": "date", "start": 21}], "state": {"active_intent": "BuyEventTickets", "requested_slots": [], "slot_values": {"city_of_event": ["SFO"], "date": ["the 4th"], "event_name": ["Remo Drive"], "number_of_seats": ["3"]}}}], "speaker": "USER", "utterance": "Remo Drive in SFO on the 4th for 3 people."}, {"frames": [{"actions": [{"act": "CONFIRM", "canonical_values": ["Remo Drive"], "slot": "event_name", "values": ["Remo Drive"]}, {"act": "CONFIRM", "canonical_values": ["3"], "slot": "number_of_seats", "values": ["3"]}, {"act": "CONFIRM", "canonical_values": ["2019-03-04"], "slot": "date", "values": ["March 4th"]}, {"act": "CONFIRM", "canonical_values": ["San Francisco"], "slot": "city_of_event", "values": ["San Francisco"]}], "service": "Events_1", "slots": [{"exclusive_end": 39, "slot": "event_name", "start": 29}, {"exclusive_end": 69, "slot": "date", "start": 60}, {"exclusive_end": 56, "slot": "city_of_event", "start": 43}]}], "speaker": "SYSTEM", "utterance": "Please confirm: 3 tickets to Remo Drive in San Francisco on March 4th."}, {"frames": [{"actions": [{"act": "REQUEST", "canonical_values": [], "slot": "event_location", "values": []}, {"act": "AFFIRM", "canonical_values": [], "slot": "", "values": []}], "service": "Events_1", "slots": [], "state": {"active_intent": "BuyEventTickets", "requested_slots": ["event_location"], "slot_values": {"city_of_event": ["SFO", "San Francisco"], "date": ["March 4th", "the 4th"], "event_name": ["Remo Drive"], "number_of_seats": ["3"]}}}], "speaker": "USER", "utterance": "Yes. Where is that?"}, {"frames": [{"actions": [{"act": "INFORM", "canonical_values": ["The Chapel"], "slot": "event_location", "values": ["The Chapel"]}, {"act": "NOTIFY_SUCCESS", "canonical_values": [], "slot": "", "values": []}], "service": "Events_1", "service_call": {"method": "BuyEventTickets", "parameters": {"city_of_event": "San Francisco", "date": "2019-03-04", "event_name": "Remo Drive", "number_of_seats": "3"}}, "service_results": [{"address_of_location": "777 Valencia Street", "city_of_event": "San Francisco", "date": "2019-03-04", "event_location": "The Chapel", "event_name": "Remo Drive", "number_of_seats": "3", "time": "20:00"}], "slots": [{"exclusive_end": 50, "slot": "event_location", "start": 40}]}], "speaker": "SYSTEM", "utterance": "Your tickets are reserved. The venue is The Chapel."}, {"frames": [{"actions": [{"act": "INFORM_INTENT", "canonical_values": ["FindRestaurants"], "slot": "intent", "values": ["FindRestaurants"]}], "service": "Restaurants_1", "slots": [], "state": {"active_intent": "FindRestaurants", "requested_slots": [], "slot_values": {"city": ["SFO", "San Francisco"]}}}], "speaker": "USER", "utterance": "Ok, find a restaurant there."}, {"frames": [{"actions": [{"act": "REQUEST", "canonical_values": ["Italian", "Mexican"], "slot": "cuisine", "values": ["Italian", "Mexican"]}], "service": "Restaurants_1", "slots": [{"exclusive_end": 16, "slot": "cuisine", "start": 9}, {"exclusive_end": 25, "slot": "cuisine", "start": 18}]}], "speaker": "SYSTEM", "utterance": "Cuisine? Italian, Mexican, etc."}, {"frames": [{"actions": [{"act": "INFORM", "canonical_values": ["moderate"], "slot": "price_range", "values": ["moderate"]}, {"act": "INFORM", "canonical_values": ["Spanish"], "slot": "cuisine", "values": ["tapas bar"]}], "service": "Restaurants_1", "slots": [{"exclusive_end": 22, "slot": "cuisine", "start": 13}], "state": {"active_intent": "FindRestaurants", "requested_slots": [], "slot_values": {"city": ["SFO", "San Francisco"], "cuisine": ["tapas bar"], "price_range": ["moderate"]}}}], "speaker": "USER", "utterance": "Some kind of tapas bar that's reasonably priced."}, {"frames": [{"actions": [{"act": "OFFER", "canonical_values": ["Alegrias"], "slot": "restaurant_name", "values": ["Alegrias"]}, {"act": "OFFER", "canonical_values": ["San Francisco"], "slot": "city", "values": ["San Francisco"]}, {"act": "INFORM_COUNT", "canonical_values": ["3"], "slot": "count", "values": ["3"]}], "service": "Restaurants_1", "service_call": {"method": "FindRestaurants", "parameters": {"city": "San Francisco", "cuisine": "Spanish", "price_range": "moderate"}}, "service_results": [{"city": "San Francisco", "cuisine": "Spanish", "has_live_music": "False", "phone_number": "415-929-8888", "price_range": "moderate", "restaurant_name": "Alegrias", "serves_alcohol": "False", "street_address": "2018 Lombard Street"}, {"city": "San Francisco", "cuisine": "Spanish", "has_live_music": "False", "phone_number": "415-986-6287", "price_range": "moderate", "restaurant_name": "B44 Catalan Bistro", "serves_alcohol": "False", "street_address": "44 Belden Place"}, {"city": "San Francisco", "cuisine": "Spanish", "has_live_music": "False", "phone_number": "415-552-3000", "price_range": "moderate", "restaurant_name": "Canela Bistro & Wine Bar", "serves_alcohol": "False", "street_address": "2272 Market Street"}], "slots": [{"exclusive_end": 27, "slot": "restaurant_name", "start": 19}, {"exclusive_end": 47, "slot": "city", "start": 34}]}], "speaker": "SYSTEM", "utterance": "I found 3 matches. Alegrias is in San Francisco."}, {"frames": [{"actions": [{"act": "REQUEST_ALTS", "canonical_values": [], "slot": "", "values": []}], "service": "Restaurants_1", "slots": [], "state": {"active_intent": "FindRestaurants", "requested_slots": [], "slot_values": {"city": ["SFO", "San Francisco"], "cuisine": ["tapas bar"], "price_range": ["moderate"]}}}], "speaker": "USER", "utterance": "What else did you find?"}, {"frames": [{"actions": [{"act": "OFFER", "canonical_values": ["B44 Catalan Bistro"], "slot": "restaurant_name", "values": ["B44 Catalan Bistro"]}, {"act": "OFFER", "canonical_values": ["San Francisco"], "slot": "city", "values": ["San Francisco"]}], "service": "Restaurants_1", "slots": [{"exclusive_end": 18, "slot": "restaurant_name", "start": 0}, {"exclusive_end": 38, "slot": "city", "start": 25}]}], "speaker": "SYSTEM", "utterance": "B44 Catalan Bistro is in San Francisco."}, {"frames": [{"actions": [{"act": "SELECT", "canonical_values": [], "slot": "", "values": []}], "service": "Restaurants_1", "slots": [], "state": {"active_intent": "FindRestaurants", "requested_slots": [], "slot_values": {"city": ["SFO", "San Francisco"], "cuisine": ["tapas bar"], "price_range": ["moderate"], "restaurant_name": ["B44 Catalan Bistro"]}}}], "speaker": "USER", "utterance": "Ok that one."}, {"frames": [{"actions": [{"act": "OFFER_INTENT", "canonical_values": ["ReserveRestaurant"], "slot": "intent", "values": ["ReserveRestaurant"]}], "service": "Restaurants_1", "slots": []}], "speaker": "SYSTEM", "utterance": "Do you want a reservation?"}, {"frames": [{"actions": [{"act": "NEGATE_INTENT", "canonical_values": [], "slot": "", "values": []}, {"act": "GOODBYE", "canonical_values": [], "slot": "", "values": []}], "service": "Restaurants_1", "slots": [], "state": {"active_intent": "NONE", "requested_slots": [], "slot_values": {"city": ["SFO", "San Francisco"], "cuisine": ["tapas bar"], "price_range": ["moderate"], "restaurant_name": ["B44 Catalan Bistro"]}}}], "speaker": "USER", "utterance": "No, not now. That's all."}, {"frames": [{"actions": [{"act": "GOODBYE", "canonical_values": [], "slot": "", "values": []}], "service": "Restaurants_1", "slots": []}], "speaker": "SYSTEM", "utterance": "Have a nice day."}]}, {"dialogue_id": "61_00002", "services": ["Events_1", "Restaurants_1"], "turns": [{"frames": [{"actions": [{"act": "INFORM_INTENT", "canonical_values": ["BuyEventTickets"], "slot": "intent", "values": ["BuyEventTickets"]}], "service": "Events_1", "slots": [], "state": {"active_intent": "BuyEventTickets", "requested_slots": [], "slot_values": {}}}], "speaker": "USER", "utterance": "Reserve event tickets."}, {"frames": [{"actions": [{"act": "REQUEST", "canonical_values": [], "slot": "date", "values": []}, {"act": "REQUEST", "canonical_values": [], "slot": "event_name", "values": []}, {"act": "REQUEST", "canonical_values": [], "slot": "number_of_seats", "values": []}], "service": "Events_1", "slots": []}], "speaker": "SYSTEM", "utterance": "Which date? Event type? Number of tickets?"}, {"frames": [{"actions": [{"act": "INFORM", "canonical_values": ["Billy Currington"], "slot": "event_name", "values": ["Billy Currington"]}, {"act": "INFORM", "canonical_values": ["2019-03-13"], "slot": "date", "values": ["the 13th"]}, {"act": "INFORM", "canonical_values": ["4"], "slot": "number_of_seats", "values": ["4"]}], "service": "Events_1", "slots": [{"exclusive_end": 29, "slot": "event_name", "start": 13}, {"exclusive_end": 41, "slot": "date", "start": 33}], "state": {"active_intent": "BuyEventTickets", "requested_slots": [], "slot_values": {"date": ["the 13th"], "event_name": ["Billy Currington"], "number_of_seats": ["4"]}}}], "speaker": "USER", "utterance": "4 tickets to Billy Currington on the 13th."}, {"frames": [{"actions": [{"act": "REQUEST", "canonical_values": [], "slot": "city_of_event", "values": []}], "service": "Events_1", "slots": []}], "speaker": "SYSTEM", "utterance": "Which city?"}, {"frames": [{"actions": [{"act": "INFORM", "canonical_values": ["Rohnert Park"], "slot": "city_of_event", "values": ["Rohnert Park"]}], "service": "Events_1", "slots": [{"exclusive_end": 12, "slot": "city_of_event", "start": 0}], "state": {"active_intent": "BuyEventTickets", "requested_slots": [], "slot_values": {"city_of_event": ["Rohnert Park"], "date": ["the 13th"], "event_name": ["Billy Currington"], "number_of_seats": ["4"]}}}], "speaker": "USER", "utterance": "Rohnert Park."}, {"frames": [{"actions": [{"act": "CONFIRM", "canonical_values": ["Billy Currington"], "slot": "event_name", "values": ["Billy Currington"]}, {"act": "CONFIRM", "canonical_values": ["4"], "slot": "number_of_seats", "values": ["4"]}, {"act": "CONFIRM", "canonical_values": ["2019-03-13"], "slot": "date", "values": ["march 13th"]}, {"act": "CONFIRM", "canonical_values": ["Rohnert Park"], "slot": "city_of_event", "values": ["Rohnert Park"]}], "service": "Events_1", "slots": [{"exclusive_end": 45, "slot": "event_name", "start": 29}, {"exclusive_end": 72, "slot": "date", "start": 62}, {"exclusive_end": 61, "slot": "city_of_event", "start": 49}]}], "speaker": "SYSTEM", "utterance": "Please confirm: 4 tickets to Billy Currington at Rohnert Park march 13th."}, {"frames": [{"actions": [{"act": "AFFIRM", "canonical_values": [], "slot": "", "values": []}], "service": "Events_1", "slots": [], "state": {"active_intent": "BuyEventTickets", "requested_slots": [], "slot_values": {"city_of_event": ["Rohnert Park"], "date": ["march 13th", "the 13th"], "event_name": ["Billy Currington"], "number_of_seats": ["4"]}}}], "speaker": "USER", "utterance": "Yes."}, {"frames": [{"actions": [{"act": "NOTIFY_SUCCESS", "canonical_values": [], "slot": "", "values": []}], "service": "Events_1", "service_call": {"method": "BuyEventTickets", "parameters": {"city_of_event": "Rohnert Park", "date": "2019-03-13", "event_name": "Billy Currington", "number_of_seats": "4"}}, "service_results": [{"address_of_location": "1100 Valley House Drive", "city_of_event": "Rohnert Park", "date": "2019-03-13", "event_location": "SOMO Village Event Center", "event_name": "Billy Currington", "number_of_seats": "4", "time": "18:30"}], "slots": []}], "speaker": "SYSTEM", "utterance": "Your tickets are saved, enjoy!"}, {"frames": [{"actions": [{"act": "REQUEST", "canonical_values": [], "slot": "event_location", "values": []}], "service": "Events_1", "slots": [], "state": {"active_intent": "BuyEventTickets", "requested_slots": ["event_location"], "slot_values": {"city_of_event": ["Rohnert Park"], "date": ["march 13th", "the 13th"], "event_name": ["Billy Currington"], "number_of_seats": ["4"]}}}], "speaker": "USER", "utterance": "Where is this at?"}, {"frames": [{"actions": [{"act": "INFORM", "canonical_values": ["SOMO Village Event Center"], "slot": "event_location", "values": ["SOMO Village Event Center"]}], "service": "Events_1", "slots": [{"exclusive_end": 25, "slot": "event_location", "start": 0}]}], "speaker": "SYSTEM", "utterance": "SOMO Village Event Center."}, {"frames": [{"actions": [{"act": "REQUEST", "canonical_values": [], "slot": "address_of_location", "values": []}], "service": "Events_1", "slots": [], "state": {"active_intent": "BuyEventTickets", "requested_slots": ["address_of_location"], "slot_values": {"city_of_event": ["Rohnert Park"], "date": ["march 13th", "the 13th"], "event_name": ["Billy Currington"], "number_of_seats": ["4"]}}}], "speaker": "USER", "utterance": "Address?"}, {"frames": [{"actions": [{"act": "INFORM", "canonical_values": ["1100 Valley House Drive"], "slot": "address_of_location", "values": ["1100 Valley House Drive"]}], "service": "Events_1", "slots": [{"exclusive_end": 23, "slot": "address_of_location", "start": 0}]}], "speaker": "SYSTEM", "utterance": "1100 Valley House Drive."}, {"frames": [{"actions": [{"act": "INFORM", "canonical_values": ["inexpensive"], "slot": "price_range", "values": ["inexpensive"]}, {"act": "INFORM_INTENT", "canonical_values": ["FindRestaurants"], "slot": "intent", "values": ["FindRestaurants"]}], "service": "Restaurants_1", "slots": [], "state": {"active_intent": "FindRestaurants", "requested_slots": [], "slot_values": {"city": ["Rohnert Park"], "price_range": ["inexpensive"]}}}, {"actions": [{"act": "THANK_YOU", "canonical_values": [], "slot": "", "values": []}], "service": "Events_1", "slots": [], "state": {"active_intent": "BuyEventTickets", "requested_slots": [], "slot_values": {"city_of_event": ["Rohnert Park"], "date": ["march 13th", "the 13th"], "event_name": ["Billy Currington"], "number_of_seats": ["4"]}}}], "speaker": "USER", "utterance": "Thanks. Find a low priced restaurant there."}, {"frames": [{"actions": [{"act": "REQUEST", "canonical_values": ["Chinese", "Indian"], "slot": "cuisine", "values": ["Chinese", "Indian"]}], "service": "Restaurants_1", "slots": [{"exclusive_end": 16, "slot": "cuisine", "start": 9}, {"exclusive_end": 24, "slot": "cuisine", "start": 18}]}], "speaker": "SYSTEM", "utterance": "Cuisine? Chinese, Indian, etc."}, {"frames": [{"actions": [{"act": "INFORM", "canonical_values": ["Breakfast"], "slot": "cuisine", "values": ["Breakfast"]}], "service": "Restaurants_1", "slots": [{"exclusive_end": 9, "slot": "cuisine", "start": 0}], "state": {"active_intent": "FindRestaurants", "requested_slots": [], "slot_values": {"city": ["Rohnert Park"], "cuisine": ["Breakfast"], "price_range": ["inexpensive"]}}}], "speaker": "USER", "utterance": "Breakfast sounds good."}, {"frames": [{"actions": [{"act": "OFFER", "canonical_values": ["Mcdonald's"], "slot": "restaurant_name", "values": ["McDonald's"]}, {"act": "OFFER", "canonical_values": ["Rohnert Park"], "slot": "city", "values": ["Rohnert Park"]}, {"act": "INFORM_COUNT", "canonical_values": ["1"], "slot": "count", "values": ["1"]}], "service": "Restaurants_1", "service_call": {"method": "FindRestaurants", "parameters": {"city": "Rohnert Park", "cuisine": "Breakfast", "price_range": "inexpensive"}}, "service_results": [{"city": "Rohnert Park", "cuisine": "Breakfast", "has_live_music": "True", "phone_number": "707-588-9883", "price_range": "inexpensive", "restaurant_name": "Mcdonald's", "serves_alcohol": "True", "street_address": "4625 Redwood Drive"}], "slots": [{"exclusive_end": 21, "slot": "restaurant_name", "start": 11}, {"exclusive_end": 40, "slot": "city", "start": 28}]}], "speaker": "SYSTEM", "utterance": "I found 1: McDonald's is in Rohnert Park."}, {"frames": [{"actions": [{"act": "SELECT", "canonical_values": [], "slot": "", "values": []}, {"act": "GOODBYE", "canonical_values": [], "slot": "", "values": []}], "service": "Restaurants_1", "slots": [], "state": {"active_intent": "FindRestaurants", "requested_slots": [], "slot_values": {"city": ["Rohnert Park"], "cuisine": ["Breakfast"], "price_range": ["inexpensive"], "restaurant_name": ["McDonald's"]}}}], "speaker": "USER", "utterance": "That works. Ok that's all."}, {"frames": [{"actions": [{"act": "GOODBYE", "canonical_values": [], "slot": "", "values": []}], "service": "Restaurants_1", "slots": []}], "speaker": "SYSTEM", "utterance": "Have a nice day."}]}, {"dialogue_id": "61_00003", "services": ["Events_1", "Restaurants_1"], "turns": [{"frames": [{"actions": [{"act": "INFORM", "canonical_values": ["3"], "slot": "number_of_seats", "values": ["3"]}, {"act": "INFORM_INTENT", "canonical_values": ["BuyEventTickets"], "slot": "intent", "values": ["BuyEventTickets"]}], "service": "Events_1", "slots": [], "state": {"active_intent": "BuyEventTickets", "requested_slots": [], "slot_values": {"number_of_seats": ["3"]}}}], "speaker": "USER", "utterance": "I need to reserve 3 tickets for an event."}, {"frames": [{"actions": [{"act": "REQUEST", "canonical_values": [], "slot": "event_name", "values": []}, {"act": "REQUEST", "canonical_values": [], "slot": "city_of_event", "values": []}, {"act": "REQUEST", "canonical_values": [], "slot": "date", "values": []}], "service": "Events_1", "slots": []}], "speaker": "SYSTEM", "utterance": "Is there a specific event, city, and date that you're thinking of?"}, {"frames": [{"actions": [{"act": "INFORM", "canonical_values": ["Napa"], "slot": "city_of_event", "values": ["Napa"]}, {"act": "INFORM", "canonical_values": ["2019-03-14"], "slot": "date", "values": ["the 14th"]}, {"act": "INFORM", "canonical_values": ["Water Seed"], "slot": "event_name", "values": ["Water Seed"]}], "service": "Events_1", "slots": [{"exclusive_end": 66, "slot": "city_of_event", "start": 62}, {"exclusive_end": 54, "slot": "date", "start": 46}, {"exclusive_end": 28, "slot": "event_name", "start": 18}], "state": {"active_intent": "BuyEventTickets", "requested_slots": [], "slot_values": {"city_of_event": ["Napa"], "date": ["the 14th"], "event_name": ["Water Seed"], "number_of_seats": ["3"]}}}], "speaker": "USER", "utterance": "I'm interested in Water Seed, it should be on the 14th around Napa."}, {"frames": [{"actions": [{"act": "CONFIRM", "canonical_values": ["Water Seed"], "slot": "event_name", "values": ["Water Seed"]}, {"act": "CONFIRM", "canonical_values": ["3"], "slot": "number_of_seats", "values": ["3"]}, {"act": "CONFIRM", "canonical_values": ["2019-03-14"], "slot": "date", "values": ["March 14th"]}, {"act": "CONFIRM", "canonical_values": ["Napa"], "slot": "city_of_event", "values": ["Napa"]}], "service": "Events_1", "slots": [{"exclusive_end": 47, "slot": "event_name", "start": 37}, {"exclusive_end": 69, "slot": "date", "start": 59}, {"exclusive_end": 55, "slot": "city_of_event", "start": 51}]}], "speaker": "SYSTEM", "utterance": "Okay, I'll reserve you 3 tickets for Water Seed in Napa on March 14th, is that correct?"}, {"frames": [{"actions": [{"act": "REQUEST", "canonical_values": [], "slot": "time", "values": []}, {"act": "REQUEST", "canonical_values": [], "slot": "address_of_location", "values": []}, {"act": "AFFIRM", "canonical_values": [], "slot": "", "values": []}], "service": "Events_1", "slots": [], "state": {"active_intent": "BuyEventTickets", "requested_slots": ["address_of_location", "time"], "slot_values": {"city_of_event": ["Napa"], "date": ["March 14th", "the 14th"], "event_name": ["Water Seed"], "number_of_seats": ["3"]}}}], "speaker": "USER", "utterance": "Yeah, that's correct. Can you tell me the start time and address of where it's happening?"}, {"frames": [{"actions": [{"act": "INFORM", "canonical_values": ["19:30"], "slot": "time", "values": ["7:30 pm"]}, {"act": "INFORM", "canonical_values": ["1030 Main Street"], "slot": "address_of_location", "values": ["1030 Main Street"]}, {"act": "NOTIFY_SUCCESS", "canonical_values": [], "slot": "", "values": []}], "service": "Events_1", "service_call": {"method": "BuyEventTickets", "parameters": {"city_of_event": "Napa", "date": "2019-03-14", "event_name": "Water Seed", "number_of_seats": "3"}}, "service_results": [{"address_of_location": "1030 Main Street", "city_of_event": "Napa", "date": "2019-03-14", "event_location": "Blue Note Napa", "event_name": "Water Seed", "number_of_seats": "3", "time": "19:30"}], "slots": [{"exclusive_end": 25, "slot": "time", "start": 18}, {"exclusive_end": 54, "slot": "address_of_location", "start": 38}]}], "speaker": "SYSTEM", "utterance": "The start time is 7:30 pm and it's on 1030 Main Street. I've reserved the tickets, have a terrific time at the event!"}, {"frames": [{"actions": [{"act": "THANK_YOU", "canonical_values": [], "slot": "", "values": []}], "service": "Events_1", "slots": [], "state": {"active_intent": "BuyEventTickets", "requested_slots": [], "slot_values": {"city_of_event": ["Napa"], "date": ["March 14th", "the 14th"], "event_name": ["Water Seed"], "number_of_seats": ["3"]}}}], "speaker": "USER", "utterance": "Thanks so much for the help."}, {"frames": [{"actions": [{"act": "REQ_MORE", "canonical_values": [], "slot": "", "values": []}], "service": "Events_1", "slots": []}], "speaker": "SYSTEM", "utterance": "Do you need me to do anything else?"}, {"frames": [{"actions": [{"act": "INFORM_INTENT", "canonical_values": ["FindRestaurants"], "slot": "intent", "values": ["FindRestaurants"]}], "service": "Restaurants_1", "slots": [], "state": {"active_intent": "FindRestaurants", "requested_slots": [], "slot_values": {"city": ["Napa"]}}}], "speaker": "USER", "utterance": "I need help finding a restaurant around there."}, {"frames": [{"actions": [{"act": "REQUEST", "canonical_values": ["Mexican", "Indian"], "slot": "cuisine", "values": ["Mexican", "Indian"]}], "service": "Restaurants_1", "slots": [{"exclusive_end": 69, "slot": "cuisine", "start": 62}, {"exclusive_end": 77, "slot": "cuisine", "start": 71}]}], "speaker": "SYSTEM", "utterance": "Is there a specific cuisine you're interested in? For example Mexican, Indian, or anything else?"}, {"frames": [{"actions": [{"act": "INFORM", "canonical_values": ["Japanese"], "slot": "cuisine", "values": ["Ramen"]}], "service": "Restaurants_1", "slots": [{"exclusive_end": 19, "slot": "cuisine", "start": 14}], "state": {"active_intent": "FindRestaurants", "requested_slots": [], "slot_values": {"city": ["Napa"], "cuisine": ["Ramen"]}}}], "speaker": "USER", "utterance": "I really like Ramen."}, {"frames": [{"actions": [{"act": "OFFER", "canonical_values": ["Kenzo"], "slot": "restaurant_name", "values": ["Kenzo"]}, {"act": "OFFER", "canonical_values": ["Napa"], "slot": "city", "values": ["Napa"]}], "service": "Restaurants_1", "service_call": {"method": "FindRestaurants", "parameters": {"city": "Napa", "cuisine": "Japanese"}}, "service_results": [{"city": "Napa", "cuisine": "Japanese", "has_live_music": "False", "phone_number": "707-294-2049", "price_range": "expensive", "restaurant_name": "Kenzo", "serves_alcohol": "True", "street_address": "1339 Pearl Street"}, {"city": "Napa", "cuisine": "Japanese", "has_live_music": "False", "phone_number": "707-254-9464", "price_range": "expensive", "restaurant_name": "Miminashi", "serves_alcohol": "False", "street_address": "821 Coombs Street"}, {"city": "Napa", "cuisine": "Japanese", "has_live_music": "False", "phone_number": "707-252-1600", "price_range": "very expensive", "restaurant_name": "Morimoto Napa", "serves_alcohol": "False", "street_address": "610 Main Street"}, {"city": "Napa", "cuisine": "Japanese", "has_live_music": "False", "phone_number": "707-226-2996", "price_range": "moderate", "restaurant_name": "Sushi Haku", "serves_alcohol": "False", "street_address": "3206 Jefferson Street"}], "slots": [{"exclusive_end": 38, "slot": "restaurant_name", "start": 33}, {"exclusive_end": 46, "slot": "city", "start": 42}]}], "speaker": "SYSTEM", "utterance": "There's a nice restaurant called Kenzo in Napa that you might like."}, {"frames": [{"actions": [{"act": "REQUEST", "canonical_values": [], "slot": "serves_alcohol", "values": []}, {"act": "REQUEST", "canonical_values": [], "slot": "has_live_music", "values": []}], "service": "Restaurants_1", "slots": [], "state": {"active_intent": "FindRestaurants", "requested_slots": ["has_live_music", "serves_alcohol"], "slot_values": {"city": ["Napa"], "cuisine": ["Ramen"]}}}], "speaker": "USER", "utterance": "Do they have liquor and is there live music there?"}, {"frames": [{"actions": [{"act": "INFORM", "canonical_values": ["True"], "slot": "serves_alcohol", "values": ["True"]}, {"act": "INFORM", "canonical_values": ["False"], "slot": "has_live_music", "values": ["False"]}], "service": "Restaurants_1", "slots": []}], "speaker": "SYSTEM", "utterance": "They do serve alcohol there, but they do not do live music."}, {"frames": [{"actions": [{"act": "SELECT", "canonical_values": [], "slot": "", "values": []}], "service": "Restaurants_1", "slots": [], "state": {"active_intent": "FindRestaurants", "requested_slots": [], "slot_values": {"city": ["Napa"], "cuisine": ["Ramen"], "restaurant_name": ["Kenzo"]}}}], "speaker": "USER", "utterance": "Okay, I'm interested in it."}, {"frames": [{"actions": [{"act": "OFFER_INTENT", "canonical_values": ["ReserveRestaurant"], "slot": "intent", "values": ["ReserveRestaurant"]}], "service": "Restaurants_1", "slots": []}], "speaker": "SYSTEM", "utterance": "Do you want me to book you a table."}, {"frames": [{"actions": [{"act": "NEGATE_INTENT", "canonical_values": [], "slot": "", "values": []}], "service": "Restaurants_1", "slots": [], "state": {"active_intent": "NONE", "requested_slots": [], "slot_values": {"city": ["Napa"], "cuisine": ["Ramen"], "restaurant_name": ["Kenzo"]}}}], "speaker": "USER", "utterance": "No, I don't need to book a table."}, {"frames": [{"actions": [{"act": "REQ_MORE", "canonical_values": [], "slot": "", "values": []}], "service": "Restaurants_1", "slots": []}], "speaker": "SYSTEM", "utterance": "Do you need me to do anything else?"}, {"frames": [{"actions": [{"act": "NEGATE", "canonical_values": [], "slot": "", "values": []}, {"act": "THANK_YOU", "canonical_values": [], "slot": "", "values": []}], "service": "Restaurants_1", "slots": [], "state": {"active_intent": "NONE", "requested_slots": [], "slot_values": {"city": ["Napa"], "cuisine": ["Ramen"], "restaurant_name": ["Kenzo"]}}}], "speaker": "USER", "utterance": "No, thanks a lot."}, {"frames": [{"actions": [{"act": "GOODBYE", "canonical_values": [], "slot": "", "values": []}], "service": "Restaurants_1", "slots": []}], "speaker": "SYSTEM", "utterance": "Take care then."}]}, {"dialogue_id": "61_00004", "services": ["Events_1", "Restaurants_1"], "turns": [{"frames": [{"actions": [{"act": "INFORM_INTENT", "canonical_values": ["BuyEventTickets"], "slot": "intent", "values": ["BuyEventTickets"]}], "service": "Events_1", "slots": [], "state": {"active_intent": "BuyEventTickets", "requested_slots": [], "slot_values": {}}}], "speaker": "USER", "utterance": "I need tickets for an event"}, {"frames": [{"actions": [{"act": "REQUEST", "canonical_values": [], "slot": "city_of_event", "values": []}, {"act": "REQUEST", "canonical_values": [], "slot": "event_name", "values": []}, {"act": "REQUEST", "canonical_values": [], "slot": "date", "values": []}], "service": "Events_1", "slots": []}], "speaker": "SYSTEM", "utterance": "In which city? When? What event would you like?"}, {"frames": [{"actions": [{"act": "INFORM", "canonical_values": ["Oakland"], "slot": "city_of_event", "values": ["Oakland"]}, {"act": "INFORM", "canonical_values": ["2019-03-03"], "slot": "date", "values": ["the 3rd"]}, {"act": "INFORM", "canonical_values": ["Raiders Vs Jaguars"], "slot": "event_name", "values": ["Raiders Vs Jaguars"]}], "service": "Events_1", "slots": [{"exclusive_end": 14, "slot": "city_of_event", "start": 7}, {"exclusive_end": 25, "slot": "date", "start": 18}, {"exclusive_end": 54, "slot": "event_name", "start": 36}], "state": {"active_intent": "BuyEventTickets", "requested_slots": [], "slot_values": {"city_of_event": ["Oakland"], "date": ["the 3rd"], "event_name": ["Raiders Vs Jaguars"]}}}], "speaker": "USER", "utterance": "Around Oakland on the 3rd. I'd like Raiders Vs Jaguars"}, {"frames": [{"actions": [{"act": "REQUEST", "canonical_values": [], "slot": "number_of_seats", "values": []}], "service": "Events_1", "slots": []}], "speaker": "SYSTEM", "utterance": "How many tickets do you need?"}, {"frames": [{"actions": [{"act": "INFORM", "canonical_values": ["4"], "slot": "number_of_seats", "values": ["4"]}], "service": "Events_1", "slots": [], "state": {"active_intent": "BuyEventTickets", "requested_slots": [], "slot_values": {"city_of_event": ["Oakland"], "date": ["the 3rd"], "event_name": ["Raiders Vs Jaguars"], "number_of_seats": ["4"]}}}], "speaker": "USER", "utterance": "I need four tickets"}, {"frames": [{"actions": [{"act": "CONFIRM", "canonical_values": ["Raiders Vs Jaguars"], "slot": "event_name", "values": ["Raiders Vs Jaguars"]}, {"act": "CONFIRM", "canonical_values": ["4"], "slot": "number_of_seats", "values": ["4"]}, {"act": "CONFIRM", "canonical_values": ["2019-03-03"], "slot": "date", "values": ["March 3rd"]}, {"act": "CONFIRM", "canonical_values": ["Oakland"], "slot": "city_of_event", "values": ["Oakland"]}], "service": "Events_1", "slots": [{"exclusive_end": 32, "slot": "event_name", "start": 14}, {"exclusive_end": 56, "slot": "date", "start": 47}, {"exclusive_end": 43, "slot": "city_of_event", "start": 36}]}], "speaker": "SYSTEM", "utterance": "4 tickets for Raiders Vs Jaguars in Oakland on March 3rd. Is it correct?"}, {"frames": [{"actions": [{"act": "AFFIRM", "canonical_values": [], "slot": "", "values": []}], "service": "Events_1", "slots": [], "state": {"active_intent": "BuyEventTickets", "requested_slots": [], "slot_values": {"city_of_event": ["Oakland"], "date": ["March 3rd", "the 3rd"], "event_name": ["Raiders Vs Jaguars"], "number_of_seats": ["4"]}}}], "speaker": "USER", "utterance": "Yes, it's correct!"}, {"frames": [{"actions": [{"act": "NOTIFY_SUCCESS", "canonical_values": [], "slot": "", "values": []}], "service": "Events_1", "service_call": {"method": "BuyEventTickets", "parameters": {"city_of_event": "Oakland", "date": "2019-03-03", "event_name": "Raiders Vs Jaguars", "number_of_seats": "4"}}, "service_results": [{"address_of_location": "7000 Coliseum Way", "city_of_event": "Oakland", "date": "2019-03-03", "event_location": "Oakland-Alameda County Coliseum", "event_name": "Raiders Vs Jaguars", "number_of_seats": "4", "time": "18:30"}], "slots": []}], "speaker": "SYSTEM", "utterance": "Your tickets are been booked! Have fun there!"}, {"frames": [{"actions": [{"act": "INFORM_INTENT", "canonical_values": ["FindRestaurants"], "slot": "intent", "values": ["FindRestaurants"]}], "service": "Restaurants_1", "slots": [], "state": {"active_intent": "FindRestaurants", "requested_slots": [], "slot_values": {"city": ["Oakland"]}}}, {"actions": [{"act": "THANK_YOU", "canonical_values": [], "slot": "", "values": []}], "service": "Events_1", "slots": [], "state": {"active_intent": "BuyEventTickets", "requested_slots": [], "slot_values": {"city_of_event": ["Oakland"], "date": ["March 3rd", "the 3rd"], "event_name": ["Raiders Vs Jaguars"], "number_of_seats": ["4"]}}}], "speaker": "USER", "utterance": "Thanks for helping! I need a restaurant there."}, {"frames": [{"actions": [{"act": "REQUEST", "canonical_values": [], "slot": "cuisine", "values": []}], "service": "Restaurants_1", "slots": []}], "speaker": "SYSTEM", "utterance": "What do you prefer to eat?"}, {"frames": [{"actions": [{"act": "INFORM", "canonical_values": ["African"], "slot": "cuisine", "values": ["African"]}], "service": "Restaurants_1", "slots": [{"exclusive_end": 21, "slot": "cuisine", "start": 14}], "state": {"active_intent": "FindRestaurants", "requested_slots": [], "slot_values": {"city": ["Oakland"], "cuisine": ["African"]}}}], "speaker": "USER", "utterance": "I prefer some African food"}, {"frames": [{"actions": [{"act": "OFFER", "canonical_values": ["Cafe Eritrea D'afrique"], "slot": "restaurant_name", "values": ["Cafe Eritrea D'afrique"]}, {"act": "OFFER", "canonical_values": ["Oakland"], "slot": "city", "values": ["Oakland"]}, {"act": "INFORM_COUNT", "canonical_values": ["2"], "slot": "count", "values": ["2"]}], "service": "Restaurants_1", "service_call": {"method": "FindRestaurants", "parameters": {"city": "Oakland", "cuisine": "African"}}, "service_results": [{"city": "Oakland", "cuisine": "African", "has_live_music": "False", "phone_number": "510-547-4520", "price_range": "moderate", "restaurant_name": "Cafe Eritrea D'afrique", "serves_alcohol": "False", "street_address": "4069 Telegraph Avenue"}, {"city": "Oakland", "cuisine": "African", "has_live_music": "True", "phone_number": "510-531-6970", "price_range": "moderate", "restaurant_name": "Miliki Restaurant", "serves_alcohol": "True", "street_address": "3725 MacArthur Boulevard"}], "slots": [{"exclusive_end": 63, "slot": "restaurant_name", "start": 41}, {"exclusive_end": 74, "slot": "city", "start": 67}]}], "speaker": "SYSTEM", "utterance": "There are 2 restaurants, one of these is Cafe Eritrea D'afrique in Oakland"}, {"frames": [{"actions": [{"act": "SELECT", "canonical_values": [], "slot": "", "values": []}, {"act": "GOODBYE", "canonical_values": [], "slot": "", "values": []}], "service": "Restaurants_1", "slots": [], "state": {"active_intent": "FindRestaurants", "requested_slots": [], "slot_values": {"city": ["Oakland"], "cuisine": ["African"], "restaurant_name": ["Cafe Eritrea D'afrique"]}}}], "speaker": "USER", "utterance": "Yes, It's perfect for me! It's all for now"}, {"frames": [{"actions": [{"act": "GOODBYE", "canonical_values": [], "slot": "", "values": []}], "service": "Restaurants_1", "slots": []}], "speaker": "SYSTEM", "utterance": "Have a nice day!"}]}]