[{"dialogue_id": "12_00000", "services": ["Buses_3", "RentalCars_3"], "turns": [{"frames": [{"actions": [{"act": "INFORM", "canonical_values": ["Anaheim"], "slot": "to_city", "values": ["anaheim, ca"]}, {"act": "INFORM", "canonical_values": ["Los Angeles"], "slot": "from_city", "values": ["los angeles"]}, {"act": "INFORM", "canonical_values": ["4"], "slot": "num_passengers", "values": ["4"]}, {"act": "INFORM_INTENT", "canonical_values": ["BuyBusTicket"], "slot": "intent", "values": ["BuyBusTicket"]}], "service": "Buses_3", "slots": [{"exclusive_end": 29, "slot": "to_city", "start": 18}, {"exclusive_end": 70, "slot": "from_city", "start": 59}], "state": {"active_intent": "BuyBusTicket", "requested_slots": [], "slot_values": {"from_city": ["los angeles"], "num_passengers": ["4"], "to_city": ["anaheim, ca"]}}}], "speaker": "USER", "utterance": "I need tickets to anaheim, ca for 4 people, departing from los angeles"}, {"frames": [{"actions": [{"act": "REQUEST", "canonical_values": [], "slot": "departure_date", "values": []}], "service": "Buses_3", "slots": []}], "speaker": "SYSTEM", "utterance": "What date do you want to leave"}, {"frames": [{"actions": [{"act": "INFORM", "canonical_values": ["2019-03-08"], "slot": "departure_date", "values": ["8th of this month"]}], "service": "Buses_3", "slots": [{"exclusive_end": 42, "slot": "departure_date", "start": 25}], "state": {"active_intent": "BuyBusTicket", "requested_slots": [], "slot_values": {"departure_date": ["8th of this month"], "from_city": ["los angeles"], "num_passengers": ["4"], "to_city": ["anaheim, ca"]}}}], "speaker": "USER", "utterance": "We're heading out on the 8th of this month"}, {"frames": [{"actions": [{"act": "REQUEST", "canonical_values": [], "slot": "departure_time", "values": []}], "service": "Buses_3", "slots": []}], "speaker": "SYSTEM", "utterance": "What time do you want to leave?"}, {"frames": [{"actions": [{"act": "INFORM", "canonical_values": ["14:45"], "slot": "departure_time", "values": ["2:45 in the afternoon"]}], "service": "Buses_3", "slots": [{"exclusive_end": 41, "slot": "departure_time", "start": 20}], "state": {"active_intent": "BuyBusTicket", "requested_slots": [], "slot_values": {"departure_date": ["8th of this month"], "departure_time": ["2:45 in the afternoon"], "from_city": ["los angeles"], "num_passengers": ["4"], "to_city": ["anaheim, ca"]}}}], "speaker": "USER", "utterance": "Can you make it for 2:45 in the afternoon"}, {"frames": [{"actions": [{"act": "CONFIRM", "canonical_values": ["Los Angeles"], "slot": "from_city", "values": ["los angeles"]}, {"act": "CONFIRM", "canonical_values": ["Anaheim"], "slot": "to_city", "values": ["anaheim"]}, {"act": "CONFIRM", "canonical_values": ["2019-03-08"], "slot": "departure_date", "values": ["March 8th"]}, {"act": "CONFIRM", "canonical_values": ["14:45"], "slot": "departure_time", "values": ["2:45 pm"]}, {"act": "CONFIRM", "canonical_values": ["4"], "slot": "num_passengers", "values": ["4"]}, {"act": "CONFIRM", "canonical_values": ["False"], "slot": "additional_luggage", "values": ["False"]}], "service": "Buses_3", "slots": [{"exclusive_end": 58, "slot": "from_city", "start": 47}, {"exclusive_end": 69, "slot": "to_city", "start": 62}, {"exclusive_end": 104, "slot": "departure_date", "start": 95}, {"exclusive_end": 91, "slot": "departure_time", "start": 84}]}], "speaker": "SYSTEM", "utterance": "Confirming you want to book 4 bus tickets from los angeles to anaheim, departing at 2:45 pm on March 8th."}, {"frames": [{"actions": [{"act": "REQUEST", "canonical_values": [], "slot": "category", "values": []}, {"act": "AFFIRM", "canonical_values": [], "slot": "", "values": []}], "service": "Buses_3", "slots": [], "state": {"active_intent": "BuyBusTicket", "requested_slots": ["category"], "slot_values": {"additional_luggage": ["False"], "departure_date": ["8th of this month", "March 8th"], "departure_time": ["2:45 in the afternoon", "2:45 pm"], "from_city": ["los angeles"], "num_passengers": ["4"], "to_city": ["anaheim", "anaheim, ca"]}}}], "speaker": "USER", "utterance": "Yes thank you, how many stops are there?"}, {"frames": [{"actions": [{"act": "INFORM", "canonical_values": ["direct"], "slot": "category", "values": ["direct"]}, {"act": "OFFER", "canonical_values": ["14:50"], "slot": "departure_time", "values": ["2:50 pm"]}, {"act": "OFFER", "canonical_values": ["14"], "slot": "price", "values": ["$14"]}, {"act": "NOTIFY_FAILURE", "canonical_values": [], "slot": "", "values": []}], "service": "Buses_3", "service_call": {"method": "BuyBusTicket", "parameters": {"additional_luggage": "False", "departure_date": "2019-03-08", "departure_time": "14:45", "from_city": "Los Angeles", "num_passengers": "4", "to_city": "Anaheim"}}, "service_results": [{"additional_luggage": "False", "category": "direct", "departure_date": "2019-03-08", "departure_time": "14:50", "from_city": "Los Angeles", "from_station": "North Hollywood Station", "num_passengers": "4", "price": "14", "to_city": "Anaheim", "to_station": "Anaheim Bus Station"}], "slots": [{"exclusive_end": 121, "slot": "departure_time", "start": 114}, {"exclusive_end": 156, "slot": "price", "start": 153}]}], "speaker": "SYSTEM", "utterance": "this is a direct bus. unfortunately the booking failed due to unexpected errors. Do you want to book seats on the 2:50 pm departure instead? tickets are $14"}, {"frames": [{"actions": [{"act": "AFFIRM", "canonical_values": [], "slot": "", "values": []}], "service": "Buses_3", "slots": [], "state": {"active_intent": "BuyBusTicket", "requested_slots": [], "slot_values": {"additional_luggage": ["False"], "departure_date": ["8th of this month", "March 8th"], "departure_time": ["2:50 pm"], "from_city": ["los angeles"], "num_passengers": ["4"], "to_city": ["anaheim", "anaheim, ca"]}}}], "speaker": "USER", "utterance": "yes that's fine"}, {"frames": [{"actions": [{"act": "NOTIFY_SUCCESS", "canonical_values": [], "slot": "", "values": []}], "service": "Buses_3", "service_call": {"method": "BuyBusTicket", "parameters": {"additional_luggage": "False", "departure_date": "2019-03-08", "departure_time": "14:50", "from_city": "Los Angeles", "num_passengers": "4", "to_city": "Anaheim"}}, "service_results": [{"additional_luggage": "False", "category": "direct", "departure_date": "2019-03-08", "departure_time": "14:50", "from_city": "Los Angeles", "from_station": "North Hollywood Station", "num_passengers": "4", "price": "14", "to_city": "Anaheim", "to_station": "Anaheim Bus Station"}], "slots": []}], "speaker": "SYSTEM", "utterance": "Your tickets have been confirmed and you'll get a confirmation email shortly"}, {"frames": [{"actions": [{"act": "REQUEST", "canonical_values": [], "slot": "from_station", "values": []}], "service": "Buses_3", "slots": [], "state": {"active_intent": "BuyBusTicket", "requested_slots": ["from_station"], "slot_values": {"additional_luggage": ["False"], "departure_date": ["8th of this month", "March 8th"], "departure_time": ["2:50 pm"], "from_city": ["los angeles"], "num_passengers": ["4"], "to_city": ["anaheim", "anaheim, ca"]}}}], "speaker": "USER", "utterance": "Whats the departure station?"}, {"frames": [{"actions": [{"act": "INFORM", "canonical_values": ["North Hollywood Station"], "slot": "from_station", "values": ["north hollywood station"]}], "service": "Buses_3", "slots": [{"exclusive_end": 44, "slot": "from_station", "start": 21}]}], "speaker": "SYSTEM", "utterance": "The bus departs from north hollywood station"}, {"frames": [{"actions": [{"act": "THANK_YOU", "canonical_values": [], "slot": "", "values": []}], "service": "Buses_3", "slots": [], "state": {"active_intent": "BuyBusTicket", "requested_slots": [], "slot_values": {"additional_luggage": ["False"], "departure_date": ["8th of this month", "March 8th"], "departure_time": ["2:50 pm"], "from_city": ["los angeles"], "num_passengers": ["4"], "to_city": ["anaheim", "anaheim, ca"]}}}, {"actions": [{"act": "INFORM_INTENT", "canonical_values": ["GetCarsAvailable"], "slot": "intent", "values": ["GetCarsAvailable"]}], "service": "RentalCars_3", "slots": [], "state": {"active_intent": "GetCarsAvailable", "requested_slots": [], "slot_values": {}}}], "speaker": "USER", "utterance": "Okay great. Oh, i also need a rental car"}, {"frames": [{"actions": [{"act": "REQUEST", "canonical_values": [], "slot": "pickup_time", "values": []}], "service": "RentalCars_3", "slots": []}], "speaker": "SYSTEM", "utterance": "What time do you want to pick it up?"}, {"frames": [{"actions": [{"act": "INFORM", "canonical_values": ["2019-03-09"], "slot": "start_date", "values": ["9th of march"]}, {"act": "INFORM", "canonical_values": ["Hatchback"], "slot": "car_type", "values": ["Hatchback"]}, {"act": "INFORM", "canonical_values": ["17:00"], "slot": "pickup_time", "values": ["5 in the evening"]}], "service": "RentalCars_3", "slots": [{"exclusive_end": 47, "slot": "start_date", "start": 35}, {"exclusive_end": 31, "slot": "pickup_time", "start": 15}], "state": {"active_intent": "GetCarsAvailable", "requested_slots": [], "slot_values": {"car_type": ["Hatchback"], "pickup_time": ["5 in the evening"], "start_date": ["9th of march"]}}}], "speaker": "USER", "utterance": "Pick up around 5 in the evening on 9th of march. I'd prefer a hatchback"}, {"frames": [{"actions": [{"act": "REQUEST", "canonical_values": [], "slot": "end_date", "values": []}], "service": "RentalCars_3", "slots": []}], "speaker": "SYSTEM", "utterance": "When will you be returning the car?"}, {"frames": [{"actions": [{"act": "INFORM", "canonical_values": ["Anaheim"], "slot": "city", "values": ["anaheim, ca"]}, {"act": "INFORM", "canonical_values": ["2019-03-14"], "slot": "end_date", "values": ["14th of march"]}], "service": "RentalCars_3", "slots": [{"exclusive_end": 32, "slot": "city", "start": 21}, {"exclusive_end": 52, "slot": "end_date", "start": 39}], "state": {"active_intent": "GetCarsAvailable", "requested_slots": [], "slot_values": {"car_type": ["Hatchback"], "city": ["anaheim", "anaheim, ca"], "end_date": ["14th of march"], "pickup_time": ["5 in the evening"], "start_date": ["9th of march"]}}}], "speaker": "USER", "utterance": "I'll need the car an anaheim, ca until 14th of march"}, {"frames": [{"actions": [{"act": "OFFER", "canonical_values": ["John Wayne Airport"], "slot": "pickup_location", "values": ["john wayne airport"]}, {"act": "OFFER", "canonical_values": ["Hatchback"], "slot": "car_type", "values": ["Hatchback"]}, {"act": "OFFER", "canonical_values": ["Kia Ceed"], "slot": "car_name", "values": ["kia ceed"]}], "service": "RentalCars_3", "service_call": {"method": "GetCarsAvailable", "parameters": {"car_type": "Hatchback", "city": "Anaheim", "end_date": "2019-03-14", "pickup_time": "17:00", "start_date": "2019-03-09"}}, "service_results": [{"car_name": "Kia Ceed", "car_type": "Hatchback", "city": "Anaheim", "end_date": "2019-03-14", "pickup_location": "John Wayne Airport", "pickup_time": "17:00", "price_per_day": "25.00", "start_date": "2019-03-09"}, {"car_name": "Mazda 3", "car_type": "Hatchback", "city": "Anaheim", "end_date": "2019-03-14", "pickup_location": "Anaheim Intermodal Center", "pickup_time": "17:00", "price_per_day": "24.00", "start_date": "2019-03-09"}, {"car_name": "Peugeot 208", "car_type": "Hatchback", "city": "Anaheim", "end_date": "2019-03-14", "pickup_location": "John Wayne Airport", "pickup_time": "17:00", "price_per_day": "26.00", "start_date": "2019-03-09"}, {"car_name": "Renault Clio", "car_type": "Hatchback", "city": "Anaheim", "end_date": "2019-03-14", "pickup_location": "Anaheim Intermodal Center", "pickup_time": "17:00", "price_per_day": "24.00", "start_date": "2019-03-09"}, {"car_name": "SEAT Leon", "car_type": "Hatchback", "city": "Anaheim", "end_date": "2019-03-14", "pickup_location": "Anaheim Intermodal Center", "pickup_time": "17:00", "price_per_day": "19.00", "start_date": "2019-03-09"}], "slots": [{"exclusive_end": 61, "slot": "pickup_location", "start": 43}, {"exclusive_end": 29, "slot": "car_name", "start": 21}]}], "speaker": "SYSTEM", "utterance": "There is a hatchback kia ceed available at john wayne airport"}, {"frames": [{"actions": [{"act": "REQUEST", "canonical_values": [], "slot": "price_per_day", "values": []}], "service": "RentalCars_3", "slots": [], "state": {"active_intent": "GetCarsAvailable", "requested_slots": ["price_per_day"], "slot_values": {"car_type": ["Hatchback"], "city": ["anaheim", "anaheim, ca"], "end_date": ["14th of march"], "pickup_time": ["5 in the evening"], "start_date": ["9th of march"]}}}], "speaker": "USER", "utterance": "Ho wmuch is it?"}, {"frames": [{"actions": [{"act": "INFORM", "canonical_values": ["25.00"], "slot": "price_per_day", "values": ["$25.00"]}], "service": "RentalCars_3", "slots": [{"exclusive_end": 18, "slot": "price_per_day", "start": 12}]}], "speaker": "SYSTEM", "utterance": "The cost is $25.00 per day"}, {"frames": [{"actions": [{"act": "SELECT", "canonical_values": [], "slot": "", "values": []}], "service": "RentalCars_3", "slots": [], "state": {"active_intent": "GetCarsAvailable", "requested_slots": [], "slot_values": {"car_type": ["Hatchback"], "city": ["anaheim", "anaheim, ca"], "end_date": ["14th of march"], "pickup_location": ["john wayne airport"], "pickup_time": ["5 in the evening"], "start_date": ["9th of march"]}}}], "speaker": "USER", "utterance": "Okay yes please"}, {"frames": [{"actions": [{"act": "OFFER_INTENT", "canonical_values": ["ReserveCar"], "slot": "intent", "values": ["ReserveCar"]}], "service": "RentalCars_3", "slots": []}], "speaker": "SYSTEM", "utterance": "Do you want me to book the car?"}, {"frames": [{"actions": [{"act": "AFFIRM_INTENT", "canonical_values": [], "slot": "", "values": []}], "service": "RentalCars_3", "slots": [], "state": {"active_intent": "ReserveCar", "requested_slots": [], "slot_values": {"car_type": ["Hatchback"], "city": ["anaheim", "anaheim, ca"], "end_date": ["14th of march"], "pickup_location": ["john wayne airport"], "pickup_time": ["5 in the evening"], "start_date": ["9th of march"]}}}], "speaker": "USER", "utterance": "Yes do that thanks"}, {"frames": [{"actions": [{"act": "REQUEST", "canonical_values": [], "slot": "add_insurance", "values": []}], "service": "RentalCars_3", "slots": []}], "speaker": "SYSTEM", "utterance": "do you need insurance?"}, {"frames": [{"actions": [{"act": "INFORM", "canonical_values": ["False"], "slot": "add_insurance", "values": ["False"]}], "service": "RentalCars_3", "slots": [], "state": {"active_intent": "ReserveCar", "requested_slots": [], "slot_values": {"add_insurance": ["False"], "car_type": ["Hatchback"], "city": ["anaheim", "anaheim, ca"], "end_date": ["14th of march"], "pickup_location": ["john wayne airport"], "pickup_time": ["5 in the evening"], "start_date": ["9th of march"]}}}], "speaker": "USER", "utterance": "No its a rip off"}, {"frames": [{"actions": [{"act": "CONFIRM", "canonical_values": ["John Wayne Airport"], "slot": "pickup_location", "values": ["john wayne airport"]}, {"act": "CONFIRM", "canonical_values": ["2019-03-09"], "slot": "start_date", "values": ["March 9th"]}, {"act": "CONFIRM", "canonical_values": ["17:00"], "slot": "pickup_time", "values": ["5 pm"]}, {"act": "CONFIRM", "canonical_values": ["2019-03-14"], "slot": "end_date", "values": ["March 14th"]}, {"act": "CONFIRM", "canonical_values": ["Hatchback"], "slot": "car_type", "values": ["Hatchback"]}, {"act": "CONFIRM", "canonical_values": ["False"], "slot": "add_insurance", "values": ["False"]}], "service": "RentalCars_3", "slots": [{"exclusive_end": 63, "slot": "pickup_location", "start": 45}, {"exclusive_end": 89, "slot": "start_date", "start": 80}, {"exclusive_end": 76, "slot": "pickup_time", "start": 72}, {"exclusive_end": 113, "slot": "end_date", "start": 103}]}], "speaker": "SYSTEM", "utterance": "Confirming you want to rent a hatchback from john wayne airport. Pickup 5 pm on March 9th and drop off March 14th. Insurance is not included"}, {"frames": [{"actions": [{"act": "AFFIRM", "canonical_values": [], "slot": "", "values": []}], "service": "RentalCars_3", "slots": [], "state": {"active_intent": "ReserveCar", "requested_slots": [], "slot_values": {"add_insurance": ["False"], "car_type": ["Hatchback"], "city": ["anaheim", "anaheim, ca"], "end_date": ["14th of march", "March 14th"], "pickup_location": ["john wayne airport"], "pickup_time": ["5 in the evening", "5 pm"], "start_date": ["9th of march", "March 9th"]}}}], "speaker": "USER", "utterance": "Yes that is all correct"}, {"frames": [{"actions": [{"act": "NOTIFY_SUCCESS", "canonical_values": [], "slot": "", "values": []}], "service": "RentalCars_3", "service_call": {"method": "ReserveCar", "parameters": {"add_insurance": "False", "car_type": "Hatchback", "end_date": "2019-03-14", "pickup_location": "John Wayne Airport", "pickup_time": "17:00", "start_date": "2019-03-09"}}, "service_results": [{"add_insurance": "False", "car_name": "Peugeot 208", "car_type": "Hatchback", "end_date": "2019-03-14", "pickup_location": "John Wayne Airport", "pickup_time": "17:00", "price_per_day": "26.00", "start_date": "2019-03-09"}], "slots": []}], "speaker": "SYSTEM", "utterance": "Your rental reservation has been made"}, {"frames": [{"actions": [{"act": "THANK_YOU", "canonical_values": [], "slot": "", "values": []}, {"act": "GOODBYE", "canonical_values": [], "slot": "", "values": []}], "service": "RentalCars_3", "slots": [], "state": {"active_intent": "ReserveCar", "requested_slots": [], "slot_values": {"add_insurance": ["False"], "car_type": ["Hatchback"], "city": ["anaheim", "anaheim, ca"], "end_date": ["14th of march", "March 14th"], "pickup_location": ["john wayne airport"], "pickup_time": ["5 in the evening", "5 pm"], "start_date": ["9th of march", "March 9th"]}}}], "speaker": "USER", "utterance": "Okay great thats all for now"}, {"frames": [{"actions": [{"act": "GOODBYE", "canonical_values": [], "slot": "", "values": []}], "service": "RentalCars_3", "slots": []}], "speaker": "SYSTEM", "utterance": "Talk to you later"}]}, {"dialogue_id": "12_00001", "services": ["Buses_3", "RentalCars_3"], "turns": [{"frames": [{"actions": [{"act": "INFORM_INTENT", "canonical_values": ["BuyBusTicket"], "slot": "intent", "values": ["BuyBusTicket"]}], "service": "Buses_3", "slots": [], "state": {"active_intent": "BuyBusTicket", "requested_slots": [], "slot_values": {}}}], "speaker": "USER", "utterance": "I need bus tickets."}, {"frames": [{"actions": [{"act": "REQUEST", "canonical_values": [], "slot": "departure_date", "values": []}, {"act": "REQUEST", "canonical_values": [], "slot": "departure_time", "values": []}, {"act": "REQUEST", "canonical_values": [], "slot": "from_city", "values": []}], "service": "Buses_3", "slots": []}], "speaker": "SYSTEM", "utterance": "When do you plan to leave and at what time? Where would you leave from?"}, {"frames": [{"actions": [{"act": "INFORM", "canonical_values": ["2019-03-12"], "slot": "departure_date", "values": ["the 12th"]}, {"act": "INFORM", "canonical_values": ["2"], "slot": "num_passengers", "values": ["2"]}, {"act": "INFORM", "canonical_values": ["San Diego"], "slot": "from_city", "values": ["San Diego"]}, {"act": "INFORM", "canonical_values": ["10:00"], "slot": "departure_time", "values": ["10 in the morning"]}], "service": "Buses_3", "slots": [{"exclusive_end": 27, "slot": "departure_date", "start": 19}, {"exclusive_end": 56, "slot": "from_city", "start": 47}, {"exclusive_end": 77, "slot": "departure_time", "start": 60}], "state": {"active_intent": "BuyBusTicket", "requested_slots": [], "slot_values": {"departure_date": ["the 12th"], "departure_time": ["10 in the morning"], "from_city": ["San Diego"], "num_passengers": ["2"]}}}], "speaker": "USER", "utterance": "I want to leave on the 12th, for 2 people from San Diego at 10 in the morning."}, {"frames": [{"actions": [{"act": "REQUEST", "canonical_values": [], "slot": "to_city", "values": []}], "service": "Buses_3", "slots": []}], "speaker": "SYSTEM", "utterance": "What is the destination?"}, {"frames": [{"actions": [{"act": "INFORM", "canonical_values": ["San Francisco"], "slot": "to_city", "values": ["SFO"]}], "service": "Buses_3", "slots": [{"exclusive_end": 16, "slot": "to_city", "start": 13}], "state": {"active_intent": "BuyBusTicket", "requested_slots": [], "slot_values": {"departure_date": ["the 12th"], "departure_time": ["10 in the morning"], "from_city": ["San Diego"], "num_passengers": ["2"], "to_city": ["SFO"]}}}], "speaker": "USER", "utterance": "I'm going to SFO."}, {"frames": [{"actions": [{"act": "CONFIRM", "canonical_values": ["San Diego"], "slot": "from_city", "values": ["San Diego"]}, {"act": "CONFIRM", "canonical_values": ["San Francisco"], "slot": "to_city", "values": ["San Francisco"]}, {"act": "CONFIRM", "canonical_values": ["2019-03-12"], "slot": "departure_date", "values": ["March 12th"]}, {"act": "CONFIRM", "canonical_values": ["10:00"], "slot": "departure_time", "values": ["10 AM"]}, {"act": "CONFIRM", "canonical_values": ["2"], "slot": "num_passengers", "values": ["2"]}, {"act": "CONFIRM", "canonical_values": ["False"], "slot": "additional_luggage", "values": ["False"]}], "service": "Buses_3", "slots": [{"exclusive_end": 25, "slot": "from_city", "start": 16}, {"exclusive_end": 42, "slot": "to_city", "start": 29}, {"exclusive_end": 56, "slot": "departure_date", "start": 46}, {"exclusive_end": 65, "slot": "departure_time", "start": 60}]}], "speaker": "SYSTEM", "utterance": "So, a ticket to San Diego to San Francisco on March 12th at 10 AM for 2 people."}, {"frames": [{"actions": [{"act": "AFFIRM", "canonical_values": [], "slot": "", "values": []}], "service": "Buses_3", "slots": [], "state": {"active_intent": "BuyBusTicket", "requested_slots": [], "slot_values": {"additional_luggage": ["False"], "departure_date": ["March 12th", "the 12th"], "departure_time": ["10 AM", "10 in the morning"], "from_city": ["San Diego"], "num_passengers": ["2"], "to_city": ["SFO", "San Francisco"]}}}], "speaker": "USER", "utterance": "Yes, that is exact."}, {"frames": [{"actions": [{"act": "NOTIFY_FAILURE", "canonical_values": [], "slot": "", "values": []}, {"act": "REQ_MORE", "canonical_values": [], "slot": "", "values": []}], "service": "Buses_3", "service_call": {"method": "BuyBusTicket", "parameters": {"additional_luggage": "False", "departure_date": "2019-03-12", "departure_time": "10:00", "from_city": "San Diego", "num_passengers": "2", "to_city": "San Francisco"}}, "service_results": [], "slots": []}], "speaker": "SYSTEM", "utterance": "Sorry, but this purchase did not go through. Is there anything else?"}, {"frames": [{"actions": [{"act": "INFORM", "canonical_values": ["Long Beach"], "slot": "from_city", "values": ["Long Beach, CA"]}, {"act": "INFORM_INTENT", "canonical_values": ["BuyBusTicket"], "slot": "intent", "values": ["BuyBusTicket"]}], "service": "Buses_3", "slots": [{"exclusive_end": 41, "slot": "from_city", "start": 27}], "state": {"active_intent": "BuyBusTicket", "requested_slots": [], "slot_values": {"additional_luggage": ["False"], "departure_date": ["March 12th", "the 12th"], "departure_time": ["10 AM", "10 in the morning"], "from_city": ["Long Beach, CA"], "num_passengers": ["2"], "to_city": ["SFO", "San Francisco"]}}}], "speaker": "USER", "utterance": "Um, try one more time from Long Beach, CA."}, {"frames": [{"actions": [{"act": "CONFIRM", "canonical_values": ["Long Beach"], "slot": "from_city", "values": ["Long Beach"]}, {"act": "CONFIRM", "canonical_values": ["San Francisco"], "slot": "to_city", "values": ["San Francisco"]}, {"act": "CONFIRM", "canonical_values": ["2019-03-12"], "slot": "departure_date", "values": ["March 12th"]}, {"act": "CONFIRM", "canonical_values": ["10:00"], "slot": "departure_time", "values": ["10 AM"]}, {"act": "CONFIRM", "canonical_values": ["2"], "slot": "num_passengers", "values": ["2"]}, {"act": "CONFIRM", "canonical_values": ["False"], "slot": "additional_luggage", "values": ["False"]}], "service": "Buses_3", "slots": [{"exclusive_end": 31, "slot": "from_city", "start": 21}, {"exclusive_end": 48, "slot": "to_city", "start": 35}, {"exclusive_end": 63, "slot": "departure_date", "start": 53}, {"exclusive_end": 72, "slot": "departure_time", "start": 67}]}], "speaker": "SYSTEM", "utterance": "So a bus ticket from Long Beach to San Francisco, on March 12th at 10 AM for 2 people."}, {"frames": [{"actions": [{"act": "REQUEST", "canonical_values": [], "slot": "price", "values": []}, {"act": "REQUEST", "canonical_values": [], "slot": "category", "values": []}, {"act": "AFFIRM", "canonical_values": [], "slot": "", "values": []}], "service": "Buses_3", "slots": [], "state": {"active_intent": "BuyBusTicket", "requested_slots": ["category", "price"], "slot_values": {"additional_luggage": ["False"], "departure_date": ["March 12th", "the 12th"], "departure_time": ["10 AM", "10 in the morning"], "from_city": ["Long Beach", "Long Beach, CA"], "num_passengers": ["2"], "to_city": ["SFO", "San Francisco"]}}}], "speaker": "USER", "utterance": "Yes, that works and how much is it for? How many stops?"}, {"frames": [{"actions": [{"act": "INFORM", "canonical_values": ["47"], "slot": "price", "values": ["$47"]}, {"act": "INFORM", "canonical_values": ["direct"], "slot": "category", "values": ["direct"]}, {"act": "NOTIFY_SUCCESS", "canonical_values": [], "slot": "", "values": []}], "service": "Buses_3", "service_call": {"method": "BuyBusTicket", "parameters": {"additional_luggage": "False", "departure_date": "2019-03-12", "departure_time": "10:00", "from_city": "Long Beach", "num_passengers": "2", "to_city": "San Francisco"}}, "service_results": [{"additional_luggage": "False", "category": "direct", "departure_date": "2019-03-12", "departure_time": "10:00", "from_city": "Long Beach", "from_station": "Downtown Station", "num_passengers": "2", "price": "47", "to_city": "San Francisco", "to_station": "Transbay Terminal"}], "slots": [{"exclusive_end": 48, "slot": "price", "start": 45}]}], "speaker": "SYSTEM", "utterance": "Your ticket is now confirmed and the cost is $47 with a direct bus."}, {"frames": [{"actions": [{"act": "INFORM_INTENT", "canonical_values": ["GetCarsAvailable"], "slot": "intent", "values": ["GetCarsAvailable"]}], "service": "RentalCars_3", "slots": [], "state": {"active_intent": "GetCarsAvailable", "requested_slots": [], "slot_values": {}}}], "speaker": "USER", "utterance": "Is there a rental car there?"}, {"frames": [{"actions": [{"act": "REQUEST", "canonical_values": ["2019-03-12"], "slot": "start_date", "values": ["March 12th"]}, {"act": "REQUEST", "canonical_values": ["San Francisco"], "slot": "city", "values": ["San Francisco"]}], "service": "RentalCars_3", "slots": [{"exclusive_end": 33, "slot": "start_date", "start": 23}, {"exclusive_end": 56, "slot": "city", "start": 43}]}], "speaker": "SYSTEM", "utterance": "Would you like it from March 12th and from San Francisco?"}, {"frames": [{"actions": [{"act": "INFORM", "canonical_values": ["2019-03-13"], "slot": "start_date", "values": ["13th of this month"]}, {"act": "AFFIRM", "canonical_values": [], "slot": "", "values": []}], "service": "RentalCars_3", "slots": [{"exclusive_end": 49, "slot": "start_date", "start": 31}], "state": {"active_intent": "GetCarsAvailable", "requested_slots": [], "slot_values": {"city": ["SFO", "San Francisco"], "start_date": ["13th of this month"]}}}], "speaker": "USER", "utterance": "Yes, that is good and from the 13th of this month."}, {"frames": [{"actions": [{"act": "REQUEST", "canonical_values": [], "slot": "end_date", "values": []}], "service": "RentalCars_3", "slots": []}], "speaker": "SYSTEM", "utterance": "Until when would you like it?"}, {"frames": [{"actions": [{"act": "INFORM", "canonical_values": ["2019-03-14"], "slot": "end_date", "values": ["14th of this month"]}], "service": "RentalCars_3", "slots": [{"exclusive_end": 38, "slot": "end_date", "start": 20}], "state": {"active_intent": "GetCarsAvailable", "requested_slots": [], "slot_values": {"city": ["SFO", "San Francisco"], "end_date": ["14th of this month"], "start_date": ["13th of this month"]}}}], "speaker": "USER", "utterance": "I need it until the 14th of this month?"}, {"frames": [{"actions": [{"act": "REQUEST", "canonical_values": [], "slot": "pickup_time", "values": []}], "service": "RentalCars_3", "slots": []}], "speaker": "SYSTEM", "utterance": "At what time would you like to pick up?"}, {"frames": [{"actions": [{"act": "INFORM", "canonical_values": ["15:00"], "slot": "pickup_time", "values": ["afternoon 3"]}], "service": "RentalCars_3", "slots": [{"exclusive_end": 24, "slot": "pickup_time", "start": 13}], "state": {"active_intent": "GetCarsAvailable", "requested_slots": [], "slot_values": {"city": ["SFO", "San Francisco"], "end_date": ["14th of this month"], "pickup_time": ["afternoon 3"], "start_date": ["13th of this month"]}}}], "speaker": "USER", "utterance": "I want it at afternoon 3."}, {"frames": [{"actions": [{"act": "OFFER", "canonical_values": ["Salesforce Transit Center"], "slot": "pickup_location", "values": ["Salesforce Transit Center"]}, {"act": "OFFER", "canonical_values": ["Sedan"], "slot": "car_type", "values": ["Sedan"]}, {"act": "OFFER", "canonical_values": ["Audi A8"], "slot": "car_name", "values": ["Audi A8"]}], "service": "RentalCars_3", "service_call": {"method": "GetCarsAvailable", "parameters": {"city": "San Francisco", "end_date": "2019-03-14", "pickup_time": "15:00", "start_date": "2019-03-13"}}, "service_results": [{"car_name": "Audi A8", "car_type": "Sedan", "city": "San Francisco", "end_date": "2019-03-14", "pickup_location": "Salesforce Transit Center", "pickup_time": "15:00", "price_per_day": "27.00", "start_date": "2019-03-13"}, {"car_name": "Buick Regal Sportback", "car_type": "Sedan", "city": "San Francisco", "end_date": "2019-03-14", "pickup_location": "Salesforce Transit Center", "pickup_time": "15:00", "price_per_day": "33.00", "start_date": "2019-03-13"}, {"car_name": "Fiat Panda", "car_type": "Hatchback", "city": "San Francisco", "end_date": "2019-03-14", "pickup_location": "SFO International Airport", "pickup_time": "15:00", "price_per_day": "28.00", "start_date": "2019-03-13"}, {"car_name": "GMC Terrain", "car_type": "SUV", "city": "San Francisco", "end_date": "2019-03-14", "pickup_location": "SFO International Airport", "pickup_time": "15:00", "price_per_day": "38.00", "start_date": "2019-03-13"}, {"car_name": "Hyundai Ioniq", "car_type": "Sedan", "city": "San Francisco", "end_date": "2019-03-14", "pickup_location": "SFO International Airport", "pickup_time": "15:00", "price_per_day": "24.00", "start_date": "2019-03-13"}, {"car_name": "Jaguar F-Pace", "car_type": "SUV", "city": "San Francisco", "end_date": "2019-03-14", "pickup_location": "Salesforce Transit Center", "pickup_time": "15:00", "price_per_day": "43.00", "start_date": "2019-03-13"}, {"car_name": "Kia Ceed", "car_type": "Hatchback", "city": "San Francisco", "end_date": "2019-03-14", "pickup_location": "SFO International Airport", "pickup_time": "15:00", "price_per_day": "28.00", "start_date": "2019-03-13"}, {"car_name": "Lexus GS", "car_type": "Sedan", "city": "San Francisco", "end_date": "2019-03-14", "pickup_location": "Salesforce Transit Center", "pickup_time": "15:00", "price_per_day": "28.00", "start_date": "2019-03-13"}, {"car_name": "Mazda 3", "car_type": "Hatchback", "city": "San Francisco", "end_date": "2019-03-14", "pickup_location": "Salesforce Transit Center", "pickup_time": "15:00", "price_per_day": "25.00", "start_date": "2019-03-13"}, {"car_name": "Mitsubishi Outlander", "car_type": "SUV", "city": "San Francisco", "end_date": "2019-03-14", "pickup_location": "SFO International Airport", "pickup_time": "15:00", "price_per_day": "43.00", "start_date": "2019-03-13"}], "slots": [{"exclusive_end": 50, "slot": "pickup_location", "start": 25}, {"exclusive_end": 73, "slot": "car_name", "start": 66}]}], "speaker": "SYSTEM", "utterance": "There is a nice car from Salesforce Transit Center and is a Sedan Audi A8."}, {"frames": [{"actions": [{"act": "INFORM_INTENT", "canonical_values": ["ReserveCar"], "slot": "intent", "values": ["ReserveCar"]}, {"act": "SELECT", "canonical_values": [], "slot": "", "values": []}], "service": "RentalCars_3", "slots": [], "state": {"active_intent": "ReserveCar", "requested_slots": [], "slot_values": {"car_type": ["Sedan"], "city": ["SFO", "San Francisco"], "end_date": ["14th of this month"], "pickup_location": ["Salesforce Transit Center"], "pickup_time": ["afternoon 3"], "start_date": ["13th of this month"]}}}], "speaker": "USER", "utterance": "Okay, I want that."}, {"frames": [{"actions": [{"act": "REQUEST", "canonical_values": [], "slot": "add_insurance", "values": []}], "service": "RentalCars_3", "slots": []}], "speaker": "SYSTEM", "utterance": "Would you like insurance?"}, {"frames": [{"actions": [{"act": "INFORM", "canonical_values": ["False"], "slot": "add_insurance", "values": ["False"]}], "service": "RentalCars_3", "slots": [], "state": {"active_intent": "ReserveCar", "requested_slots": [], "slot_values": {"add_insurance": ["False"], "car_type": ["Sedan"], "city": ["SFO", "San Francisco"], "end_date": ["14th of this month"], "pickup_location": ["Salesforce Transit Center"], "pickup_time": ["afternoon 3"], "start_date": ["13th of this month"]}}}], "speaker": "USER", "utterance": "No, I don't need that."}, {"frames": [{"actions": [{"act": "CONFIRM", "canonical_values": ["Salesforce Transit Center"], "slot": "pickup_location", "values": ["Salesforce Transit Center"]}, {"act": "CONFIRM", "canonical_values": ["2019-03-13"], "slot": "start_date", "values": ["March 13th"]}, {"act": "CONFIRM", "canonical_values": ["15:00"], "slot": "pickup_time", "values": ["3 PM"]}, {"act": "CONFIRM", "canonical_values": ["2019-03-14"], "slot": "end_date", "values": ["March 14th"]}, {"act": "CONFIRM", "canonical_values": ["Sedan"], "slot": "car_type", "values": ["Sedan"]}, {"act": "CONFIRM", "canonical_values": ["False"], "slot": "add_insurance", "values": ["False"]}], "service": "RentalCars_3", "slots": [{"exclusive_end": 39, "slot": "pickup_location", "start": 14}, {"exclusive_end": 53, "slot": "start_date", "start": 43}, {"exclusive_end": 61, "slot": "pickup_time", "start": 57}, {"exclusive_end": 96, "slot": "end_date", "start": 86}]}], "speaker": "SYSTEM", "utterance": "So a car from Salesforce Transit Center on March 13th at 3 PM with a drop-off date of March 14th and is a Sedan car."}, {"frames": [{"actions": [{"act": "REQUEST", "canonical_values": [], "slot": "price_per_day", "values": []}, {"act": "AFFIRM", "canonical_values": [], "slot": "", "values": []}], "service": "RentalCars_3", "slots": [], "state": {"active_intent": "ReserveCar", "requested_slots": ["price_per_day"], "slot_values": {"add_insurance": ["False"], "car_type": ["Sedan"], "city": ["SFO", "San Francisco"], "end_date": ["14th of this month", "March 14th"], "pickup_location": ["Salesforce Transit Center"], "pickup_time": ["3 PM", "afternoon 3"], "start_date": ["13th of this month", "March 13th"]}}}], "speaker": "USER", "utterance": "Yes, how much is it per day?"}, {"frames": [{"actions": [{"act": "INFORM", "canonical_values": ["33.00"], "slot": "price_per_day", "values": ["$33.00"]}, {"act": "NOTIFY_SUCCESS", "canonical_values": [], "slot": "", "values": []}], "service": "RentalCars_3", "service_call": {"method": "ReserveCar", "parameters": {"add_insurance": "False", "car_type": "Sedan", "end_date": "2019-03-14", "pickup_location": "Salesforce Transit Center", "pickup_time": "15:00", "start_date": "2019-03-13"}}, "service_results": [{"add_insurance": "False", "car_name": "Buick Regal Sportback", "car_type": "Sedan", "end_date": "2019-03-14", "pickup_location": "Salesforce Transit Center", "pickup_time": "15:00", "price_per_day": "33.00", "start_date": "2019-03-13"}], "slots": [{"exclusive_end": 12, "slot": "price_per_day", "start": 6}]}], "speaker": "SYSTEM", "utterance": "It is $33.00 per day."}, {"frames": [{"actions": [{"act": "THANK_YOU", "canonical_values": [], "slot": "", "values": []}, {"act": "GOODBYE", "canonical_values": [], "slot": "", "values": []}], "service": "RentalCars_3", "slots": [], "state": {"active_intent": "ReserveCar", "requested_slots": [], "slot_values": {"add_insurance": ["False"], "car_type": ["Sedan"], "city": ["SFO", "San Francisco"], "end_date": ["14th of this month", "March 14th"], "pickup_location": ["Salesforce Transit Center"], "pickup_time": ["3 PM", "afternoon 3"], "start_date": ["13th of this month", "March 13th"]}}}], "speaker": "USER", "utterance": "Thanks for that; that is all."}, {"frames": [{"actions": [{"act": "GOODBYE", "canonical_values": [], "slot": "", "values": []}], "service": "RentalCars_3", "slots": []}], "speaker": "SYSTEM", "utterance": "Of course. Enjoy."}]}, {"dialogue_id": "12_00002", "services": ["Buses_3", "RentalCars_3"], "turns": [{"frames": [{"actions": [{"act": "INFORM", "canonical_values": ["San Diego"], "slot": "to_city", "values": ["SD"]}, {"act": "INFORM", "canonical_values": ["09:45"], "slot": "departure_time", "values": ["quarter to 10 in the morning"]}, {"act": "INFORM_INTENT", "canonical_values": ["BuyBusTicket"], "slot": "intent", "values": ["BuyBusTicket"]}], "service": "Buses_3", "slots": [{"exclusive_end": 49, "slot": "to_city", "start": 47}, {"exclusive_end": 98, "slot": "departure_time", "start": 70}], "state": {"active_intent": "BuyBusTicket", "requested_slots": [], "slot_values": {"departure_time": ["quarter to 10 in the morning"], "to_city": ["SD"]}}}], "speaker": "USER", "utterance": "I want to have tickets for a bus which goes to SD, and that leaves at quarter to 10 in the morning."}, {"frames": [{"actions": [{"act": "REQUEST", "canonical_values": [], "slot": "departure_date", "values": []}], "service": "Buses_3", "slots": []}], "speaker": "SYSTEM", "utterance": "Can you tell me when you are planning to leave?"}, {"frames": [{"actions": [{"act": "INFORM", "canonical_values": ["2019-03-02"], "slot": "departure_date", "values": ["this Saturday"]}, {"act": "INFORM", "canonical_values": ["2"], "slot": "num_passengers", "values": ["2"]}], "service": "Buses_3", "slots": [{"exclusive_end": 45, "slot": "departure_date", "start": 32}], "state": {"active_intent": "BuyBusTicket", "requested_slots": [], "slot_values": {"departure_date": ["this Saturday"], "departure_time": ["quarter to 10 in the morning"], "num_passengers": ["2"], "to_city": ["SD"]}}}], "speaker": "USER", "utterance": "I have my plans set to leave on this Saturday, and I need the tickets for 2 people."}, {"frames": [{"actions": [{"act": "REQUEST", "canonical_values": [], "slot": "from_city", "values": []}], "service": "Buses_3", "slots": []}], "speaker": "SYSTEM", "utterance": "From where will you be departing?"}, {"frames": [{"actions": [{"act": "INFORM", "canonical_values": ["Los Angeles"], "slot": "from_city", "values": ["LAX"]}, {"act": "INFORM", "canonical_values": ["11:00"], "slot": "departure_time", "values": ["11 am"]}], "service": "Buses_3", "slots": [{"exclusive_end": 28, "slot": "from_city", "start": 25}, {"exclusive_end": 37, "slot": "departure_time", "start": 32}], "state": {"active_intent": "BuyBusTicket", "requested_slots": [], "slot_values": {"departure_date": ["this Saturday"], "departure_time": ["11 am"], "from_city": ["LAX"], "num_passengers": ["2"], "to_city": ["SD"]}}}], "speaker": "USER", "utterance": "I will be departing from LAX at 11 am."}, {"frames": [{"actions": [{"act": "CONFIRM", "canonical_values": ["Los Angeles"], "slot": "from_city", "values": ["Los Angeles"]}, {"act": "CONFIRM", "canonical_values": ["San Diego"], "slot": "to_city", "values": ["San Diego"]}, {"act": "CONFIRM", "canonical_values": ["2019-03-02"], "slot": "departure_date", "values": ["March 2nd"]}, {"act": "CONFIRM", "canonical_values": ["11:00"], "slot": "departure_time", "values": ["11 am"]}, {"act": "CONFIRM", "canonical_values": ["2"], "slot": "num_passengers", "values": ["2"]}, {"act": "CONFIRM", "canonical_values": ["False"], "slot": "additional_luggage", "values": ["False"]}], "service": "Buses_3", "slots": [{"exclusive_end": 106, "slot": "from_city", "start": 95}, {"exclusive_end": 159, "slot": "to_city", "start": 150}, {"exclusive_end": 119, "slot": "departure_date", "start": 110}, {"exclusive_end": 128, "slot": "departure_time", "start": 123}]}], "speaker": "SYSTEM", "utterance": "Can you please confirm that you want to buy tickets for 2 people for the bus which leaves from Los Angeles on March 2nd at 11 am, and that arrives in San Diego."}, {"frames": [{"actions": [{"act": "AFFIRM", "canonical_values": [], "slot": "", "values": []}], "service": "Buses_3", "slots": [], "state": {"active_intent": "BuyBusTicket", "requested_slots": [], "slot_values": {"additional_luggage": ["False"], "departure_date": ["March 2nd", "this Saturday"], "departure_time": ["11 am"], "from_city": ["LAX", "Los Angeles"], "num_passengers": ["2"], "to_city": ["SD", "San Diego"]}}}], "speaker": "USER", "utterance": "That suits me well."}, {"frames": [{"actions": [{"act": "OFFER", "canonical_values": ["11:10"], "slot": "departure_time", "values": ["11:10 am"]}, {"act": "OFFER", "canonical_values": ["24"], "slot": "price", "values": ["$24"]}, {"act": "NOTIFY_FAILURE", "canonical_values": [], "slot": "", "values": []}], "service": "Buses_3", "service_call": {"method": "BuyBusTicket", "parameters": {"additional_luggage": "False", "departure_date": "2019-03-02", "departure_time": "11:00", "from_city": "Los Angeles", "num_passengers": "2", "to_city": "San Diego"}}, "service_results": [{"additional_luggage": "False", "category": "direct", "departure_date": "2019-03-02", "departure_time": "11:10", "from_city": "Los Angeles", "from_station": "North Hollywood Station", "num_passengers": "2", "price": "24", "to_city": "San Diego", "to_station": "El Cajon Bus Stop"}], "slots": [{"exclusive_end": 133, "slot": "departure_time", "start": 125}, {"exclusive_end": 169, "slot": "price", "start": 166}]}], "speaker": "SYSTEM", "utterance": "I apologize but I encountered some problems with the purchase, how would you like having tickets for the bus which leaves at 11:10 am, and the price of the ticket is $24."}, {"frames": [{"actions": [{"act": "AFFIRM", "canonical_values": [], "slot": "", "values": []}], "service": "Buses_3", "slots": [], "state": {"active_intent": "BuyBusTicket", "requested_slots": [], "slot_values": {"additional_luggage": ["False"], "departure_date": ["March 2nd", "this Saturday"], "departure_time": ["11:10 am"], "from_city": ["LAX", "Los Angeles"], "num_passengers": ["2"], "to_city": ["SD", "San Diego"]}}}], "speaker": "USER", "utterance": "That is alright with me too."}, {"frames": [{"actions": [{"act": "NOTIFY_SUCCESS", "canonical_values": [], "slot": "", "values": []}], "service": "Buses_3", "service_call": {"method": "BuyBusTicket", "parameters": {"additional_luggage": "False", "departure_date": "2019-03-02", "departure_time": "11:10", "from_city": "Los Angeles", "num_passengers": "2", "to_city": "San Diego"}}, "service_results": [{"additional_luggage": "False", "category": "direct", "departure_date": "2019-03-02", "departure_time": "11:10", "from_city": "Los Angeles", "from_station": "North Hollywood Station", "num_passengers": "2", "price": "24", "to_city": "San Diego", "to_station": "El Cajon Bus Stop"}], "slots": []}], "speaker": "SYSTEM", "utterance": "Your requested ticket has been booked."}, {"frames": [{"actions": [{"act": "INFORM", "canonical_values": ["2019-03-12"], "slot": "end_date", "values": ["12th of this month"]}, {"act": "INFORM", "canonical_values": ["16:30"], "slot": "pickup_time", "values": ["16:30"]}, {"act": "INFORM_INTENT", "canonical_values": ["GetCarsAvailable"], "slot": "intent", "values": ["GetCarsAvailable"]}], "service": "RentalCars_3", "slots": [{"exclusive_end": 86, "slot": "end_date", "start": 68}, {"exclusive_end": 120, "slot": "pickup_time", "start": 115}], "state": {"active_intent": "GetCarsAvailable", "requested_slots": [], "slot_values": {"end_date": ["12th of this month"], "pickup_time": ["16:30"]}}}], "speaker": "USER", "utterance": "I also want you to help me find a car there, which I will need till 12th of this month, and that I will pick up at 16:30."}, {"frames": [{"actions": [{"act": "REQUEST", "canonical_values": ["2019-03-02"], "slot": "start_date", "values": ["March 2nd"]}], "service": "RentalCars_3", "slots": [{"exclusive_end": 52, "slot": "start_date", "start": 43}]}], "speaker": "SYSTEM", "utterance": "Are you going to need to rent the car from March 2nd?"}, {"frames": [{"actions": [{"act": "INFORM", "canonical_values": ["2019-03-07"], "slot": "start_date", "values": ["next Thursday"]}], "service": "RentalCars_3", "slots": [{"exclusive_end": 57, "slot": "start_date", "start": 44}], "state": {"active_intent": "GetCarsAvailable", "requested_slots": [], "slot_values": {"end_date": ["12th of this month"], "pickup_time": ["16:30"], "start_date": ["next Thursday"]}}}], "speaker": "USER", "utterance": "Actually I want to have the car rented from next Thursday."}, {"frames": [{"actions": [{"act": "REQUEST", "canonical_values": ["San Diego"], "slot": "city", "values": ["San Diego"]}], "service": "RentalCars_3", "slots": [{"exclusive_end": 48, "slot": "city", "start": 39}]}], "speaker": "SYSTEM", "utterance": "Would you like picking the car up from San Diego?"}, {"frames": [{"actions": [{"act": "AFFIRM", "canonical_values": [], "slot": "", "values": []}], "service": "RentalCars_3", "slots": [], "state": {"active_intent": "GetCarsAvailable", "requested_slots": [], "slot_values": {"city": ["SD", "San Diego"], "end_date": ["12th of this month"], "pickup_time": ["16:30"], "start_date": ["next Thursday"]}}}], "speaker": "USER", "utterance": "Yes that suits me well."}, {"frames": [{"actions": [{"act": "OFFER", "canonical_values": ["Santa Fe Depot"], "slot": "pickup_location", "values": ["Santa Fe Depot"]}, {"act": "OFFER", "canonical_values": ["SUV"], "slot": "car_type", "values": ["SUV"]}, {"act": "OFFER", "canonical_values": ["Jaguar F-Pace"], "slot": "car_name", "values": ["Jaguar F-Pace"]}], "service": "RentalCars_3", "service_call": {"method": "GetCarsAvailable", "parameters": {"city": "San Diego", "end_date": "2019-03-12", "pickup_time": "16:30", "start_date": "2019-03-07"}}, "service_results": [{"car_name": "Jaguar F-Pace", "car_type": "SUV", "city": "San Diego", "end_date": "2019-03-12", "pickup_location": "Santa Fe Depot", "pickup_time": "16:30", "price_per_day": "41.00", "start_date": "2019-03-07"}, {"car_name": "Lexus GS", "car_type": "Sedan", "city": "San Diego", "end_date": "2019-03-12", "pickup_location": "SAN International Airport", "pickup_time": "16:30", "price_per_day": "33.00", "start_date": "2019-03-07"}, {"car_name": "Mazda 3", "car_type": "Hatchback", "city": "San Diego", "end_date": "2019-03-12", "pickup_location": "SAN International Airport", "pickup_time": "16:30", "price_per_day": "28.00", "start_date": "2019-03-07"}, {"car_name": "Mitsubishi Outlander", "car_type": "SUV", "city": "San Diego", "end_date": "2019-03-12", "pickup_location": "SAN International Airport", "pickup_time": "16:30", "price_per_day": "39.00", "start_date": "2019-03-07"}, {"car_name": "SEAT Cordoba", "car_type": "Sedan", "city": "San Diego", "end_date": "2019-03-12", "pickup_location": "Santa Fe Depot", "pickup_time": "16:30", "price_per_day": "26.00", "start_date": "2019-03-07"}, {"car_name": "SEAT Leon", "car_type": "Hatchback", "city": "San Diego", "end_date": "2019-03-12", "pickup_location": "SAN International Airport", "pickup_time": "16:30", "price_per_day": "31.00", "start_date": "2019-03-07"}, {"car_name": "Skoda Octavia", "car_type": "Sedan", "city": "San Diego", "end_date": "2019-03-12", "pickup_location": "SAN International Airport", "pickup_time": "16:30", "price_per_day": "42.00", "start_date": "2019-03-07"}, {"car_name": "Volvo S90", "car_type": "Sedan", "city": "San Diego", "end_date": "2019-03-12", "pickup_location": "SAN International Airport", "pickup_time": "16:30", "price_per_day": "28.00", "start_date": "2019-03-07"}], "slots": [{"exclusive_end": 85, "slot": "pickup_location", "start": 71}, {"exclusive_end": 58, "slot": "car_name", "start": 45}]}], "speaker": "SYSTEM", "utterance": "A nice car which you might consider is a SUV Jaguar F-Pace which is at Santa Fe Depot."}, {"frames": [{"actions": [{"act": "SELECT", "canonical_values": [], "slot": "", "values": []}], "service": "RentalCars_3", "slots": [], "state": {"active_intent": "GetCarsAvailable", "requested_slots": [], "slot_values": {"car_type": ["SUV"], "city": ["SD", "San Diego"], "end_date": ["12th of this month"], "pickup_location": ["Santa Fe Depot"], "pickup_time": ["16:30"], "start_date": ["next Thursday"]}}}], "speaker": "USER", "utterance": "That seems as a nice choice."}, {"frames": [{"actions": [{"act": "OFFER_INTENT", "canonical_values": ["ReserveCar"], "slot": "intent", "values": ["ReserveCar"]}], "service": "RentalCars_3", "slots": []}], "speaker": "SYSTEM", "utterance": "Would you like having this car booked for you?"}, {"frames": [{"actions": [{"act": "AFFIRM_INTENT", "canonical_values": [], "slot": "", "values": []}], "service": "RentalCars_3", "slots": [], "state": {"active_intent": "ReserveCar", "requested_slots": [], "slot_values": {"car_type": ["SUV"], "city": ["SD", "San Diego"], "end_date": ["12th of this month"], "pickup_location": ["Santa Fe Depot"], "pickup_time": ["16:30"], "start_date": ["next Thursday"]}}}], "speaker": "USER", "utterance": "Yes, I want this car to be booked for me."}, {"frames": [{"actions": [{"act": "REQUEST", "canonical_values": [], "slot": "add_insurance", "values": []}], "service": "RentalCars_3", "slots": []}], "speaker": "SYSTEM", "utterance": "Do you want to have insurance on the car?"}, {"frames": [{"actions": [{"act": "INFORM", "canonical_values": ["False"], "slot": "add_insurance", "values": ["False"]}], "service": "RentalCars_3", "slots": [], "state": {"active_intent": "ReserveCar", "requested_slots": [], "slot_values": {"add_insurance": ["False"], "car_type": ["SUV"], "city": ["SD", "San Diego"], "end_date": ["12th of this month"], "pickup_location": ["Santa Fe Depot"], "pickup_time": ["16:30"], "start_date": ["next Thursday"]}}}], "speaker": "USER", "utterance": "I am not interested in having the insurance."}, {"frames": [{"actions": [{"act": "CONFIRM", "canonical_values": ["Santa Fe Depot"], "slot": "pickup_location", "values": ["Santa Fe Depot"]}, {"act": "CONFIRM", "canonical_values": ["2019-03-07"], "slot": "start_date", "values": ["March 7th"]}, {"act": "CONFIRM", "canonical_values": ["16:30"], "slot": "pickup_time", "values": ["4:30 pm"]}, {"act": "CONFIRM", "canonical_values": ["2019-03-12"], "slot": "end_date", "values": ["March 12th"]}, {"act": "CONFIRM", "canonical_values": ["SUV"], "slot": "car_type", "values": ["SUV"]}, {"act": "CONFIRM", "canonical_values": ["False"], "slot": "add_insurance", "values": ["False"]}], "service": "RentalCars_3", "slots": [{"exclusive_end": 121, "slot": "pickup_location", "start": 107}, {"exclusive_end": 134, "slot": "start_date", "start": 125}, {"exclusive_end": 145, "slot": "pickup_time", "start": 138}, {"exclusive_end": 183, "slot": "end_date", "start": 173}]}], "speaker": "SYSTEM", "utterance": "Can you please confirm that you want to rent a SUV car without insurance which you will be picking up from Santa Fe Depot on March 7th at 4:30 pm, and that you need it till March 12th?"}, {"frames": [{"actions": [{"act": "REQUEST", "canonical_values": [], "slot": "price_per_day", "values": []}, {"act": "AFFIRM", "canonical_values": [], "slot": "", "values": []}], "service": "RentalCars_3", "slots": [], "state": {"active_intent": "ReserveCar", "requested_slots": ["price_per_day"], "slot_values": {"add_insurance": ["False"], "car_type": ["SUV"], "city": ["SD", "San Diego"], "end_date": ["12th of this month", "March 12th"], "pickup_location": ["Santa Fe Depot"], "pickup_time": ["16:30", "4:30 pm"], "start_date": ["March 7th", "next Thursday"]}}}], "speaker": "USER", "utterance": "Yes, that is correct. Can you tell me how much renting this car will cost me?"}, {"frames": [{"actions": [{"act": "INFORM", "canonical_values": ["41.00"], "slot": "price_per_day", "values": ["$41.00"]}, {"act": "NOTIFY_SUCCESS", "canonical_values": [], "slot": "", "values": []}], "service": "RentalCars_3", "service_call": {"method": "ReserveCar", "parameters": {"add_insurance": "False", "car_type": "SUV", "end_date": "2019-03-12", "pickup_location": "Santa Fe Depot", "pickup_time": "16:30", "start_date": "2019-03-07"}}, "service_results": [{"add_insurance": "False", "car_name": "Jaguar F-Pace", "car_type": "SUV", "end_date": "2019-03-12", "pickup_location": "Santa Fe Depot", "pickup_time": "16:30", "price_per_day": "41.00", "start_date": "2019-03-07"}], "slots": [{"exclusive_end": 77, "slot": "price_per_day", "start": 71}]}], "speaker": "SYSTEM", "utterance": "Your requested car has been booked, and renting this car will cost you $41.00 per day."}, {"frames": [{"actions": [{"act": "THANK_YOU", "canonical_values": [], "slot": "", "values": []}], "service": "RentalCars_3", "slots": [], "state": {"active_intent": "ReserveCar", "requested_slots": [], "slot_values": {"add_insurance": ["False"], "car_type": ["SUV"], "city": ["SD", "San Diego"], "end_date": ["12th of this month", "March 12th"], "pickup_location": ["Santa Fe Depot"], "pickup_time": ["16:30", "4:30 pm"], "start_date": ["March 7th", "next Thursday"]}}}], "speaker": "USER", "utterance": "I appreciate your help very much."}, {"frames": [{"actions": [{"act": "REQ_MORE", "canonical_values": [], "slot": "", "values": []}], "service": "RentalCars_3", "slots": []}], "speaker": "SYSTEM", "utterance": "Can I do something else to help you?"}, {"frames": [{"actions": [{"act": "NEGATE", "canonical_values": [], "slot": "", "values": []}, {"act": "THANK_YOU", "canonical_values": [], "slot": "", "values": []}], "service": "RentalCars_3", "slots": [], "state": {"active_intent": "NONE", "requested_slots": [], "slot_values": {"add_insurance": ["False"], "car_type": ["SUV"], "city": ["SD", "San Diego"], "end_date": ["12th of this month", "March 12th"], "pickup_location": ["Santa Fe Depot"], "pickup_time": ["16:30", "4:30 pm"], "start_date": ["March 7th", "next Thursday"]}}}], "speaker": "USER", "utterance": "Nothing. I am grateful for your help."}, {"frames": [{"actions": [{"act": "GOODBYE", "canonical_values": [], "slot": "", "values": []}], "service": "RentalCars_3", "slots": []}], "speaker": "SYSTEM", "utterance": "Have a wonderful time!"}]}, {"dialogue_id": "12_00003", "services": ["Buses_3", "RentalCars_3"], "turns": [{"frames": [{"actions": [{"act": "INFORM_INTENT", "canonical_values": ["BuyBusTicket"], "slot": "intent", "values": ["BuyBusTicket"]}], "service": "Buses_3", "slots": [], "state": {"active_intent": "BuyBusTicket", "requested_slots": [], "slot_values": {}}}], "speaker": "USER", "utterance": "I need to get a bus ticket."}, {"frames": [{"actions": [{"act": "REQUEST", "canonical_values": [], "slot": "departure_time", "values": []}], "service": "Buses_3", "slots": []}], "speaker": "SYSTEM", "utterance": "What is your departure time?"}, {"frames": [{"actions": [{"act": "INFORM", "canonical_values": ["12:30"], "slot": "departure_time", "values": ["half past 12 in the afternoon"]}], "service": "Buses_3", "slots": [{"exclusive_end": 40, "slot": "departure_time", "start": 11}], "state": {"active_intent": "BuyBusTicket", "requested_slots": [], "slot_values": {"departure_time": ["half past 12 in the afternoon"]}}}], "speaker": "USER", "utterance": "Leaving at half past 12 in the afternoon."}, {"frames": [{"actions": [{"act": "REQUEST", "canonical_values": [], "slot": "from_city", "values": []}, {"act": "REQUEST", "canonical_values": [], "slot": "to_city", "values": []}], "service": "Buses_3", "slots": []}], "speaker": "SYSTEM", "utterance": "What are you departure and arrival cities?"}, {"frames": [{"actions": [{"act": "INFORM", "canonical_values": ["Seattle"], "slot": "to_city", "values": ["Seattle"]}, {"act": "INFORM", "canonical_values": ["Portland"], "slot": "from_city", "values": ["Portland"]}], "service": "Buses_3", "slots": [{"exclusive_end": 46, "slot": "to_city", "start": 39}, {"exclusive_end": 25, "slot": "from_city", "start": 17}], "state": {"active_intent": "BuyBusTicket", "requested_slots": [], "slot_values": {"departure_time": ["half past 12 in the afternoon"], "from_city": ["Portland"], "to_city": ["Seattle"]}}}], "speaker": "USER", "utterance": "I'm leaving from Portland and going to Seattle."}, {"frames": [{"actions": [{"act": "REQUEST", "canonical_values": [], "slot": "departure_date", "values": []}, {"act": "REQUEST", "canonical_values": [], "slot": "num_passengers", "values": []}], "service": "Buses_3", "slots": []}], "speaker": "SYSTEM", "utterance": "What is you departure date and how many in your party?"}, {"frames": [{"actions": [{"act": "INFORM", "canonical_values": ["2019-03-09"], "slot": "departure_date", "values": ["the 9th"]}, {"act": "INFORM", "canonical_values": ["4"], "slot": "num_passengers", "values": ["4"]}], "service": "Buses_3", "slots": [{"exclusive_end": 43, "slot": "departure_date", "start": 36}], "state": {"active_intent": "BuyBusTicket", "requested_slots": [], "slot_values": {"departure_date": ["the 9th"], "departure_time": ["half past 12 in the afternoon"], "from_city": ["Portland"], "num_passengers": ["4"], "to_city": ["Seattle"]}}}], "speaker": "USER", "utterance": "There are 4 in our party leaving on the 9th."}, {"frames": [{"actions": [{"act": "CONFIRM", "canonical_values": ["Portland"], "slot": "from_city", "values": ["Portland"]}, {"act": "CONFIRM", "canonical_values": ["Seattle"], "slot": "to_city", "values": ["Seattle"]}, {"act": "CONFIRM", "canonical_values": ["2019-03-09"], "slot": "departure_date", "values": ["March 9th"]}, {"act": "CONFIRM", "canonical_values": ["12:30"], "slot": "departure_time", "values": ["12:30 pm"]}, {"act": "CONFIRM", "canonical_values": ["4"], "slot": "num_passengers", "values": ["4"]}, {"act": "CONFIRM", "canonical_values": ["False"], "slot": "additional_luggage", "values": ["False"]}], "service": "Buses_3", "slots": [{"exclusive_end": 110, "slot": "from_city", "start": 102}, {"exclusive_end": 134, "slot": "to_city", "start": 127}, {"exclusive_end": 147, "slot": "departure_date", "start": 138}, {"exclusive_end": 159, "slot": "departure_time", "start": 151}]}], "speaker": "SYSTEM", "utterance": "Please confirm you don't have any extra baggage and want me to book 4 tickets on a bus departing from Portland and arriving at Seattle on March 9th at 12:30 pm."}, {"frames": [{"actions": [{"act": "AFFIRM", "canonical_values": [], "slot": "", "values": []}], "service": "Buses_3", "slots": [], "state": {"active_intent": "BuyBusTicket", "requested_slots": [], "slot_values": {"additional_luggage": ["False"], "departure_date": ["March 9th", "the 9th"], "departure_time": ["12:30 pm", "half past 12 in the afternoon"], "from_city": ["Portland"], "num_passengers": ["4"], "to_city": ["Seattle"]}}}], "speaker": "USER", "utterance": "Yes, that's right."}, {"frames": [{"actions": [{"act": "NOTIFY_SUCCESS", "canonical_values": [], "slot": "", "values": []}], "service": "Buses_3", "service_call": {"method": "BuyBusTicket", "parameters": {"additional_luggage": "False", "departure_date": "2019-03-09", "departure_time": "12:30", "from_city": "Portland", "num_passengers": "4", "to_city": "Seattle"}}, "service_results": [{"additional_luggage": "False", "category": "direct", "departure_date": "2019-03-09", "departure_time": "12:30", "from_city": "Portland", "from_station": "SW Arthur & 1st", "num_passengers": "4", "price": "28", "to_city": "Seattle", "to_station": "Westlake Station"}], "slots": []}], "speaker": "SYSTEM", "utterance": "Your tickets have been booked."}, {"frames": [{"actions": [{"act": "REQUEST", "canonical_values": ["one-stop"], "slot": "category", "values": ["one-stop"]}, {"act": "REQUEST", "canonical_values": [], "slot": "price", "values": []}], "service": "Buses_3", "slots": [], "state": {"active_intent": "BuyBusTicket", "requested_slots": ["category", "price"], "slot_values": {"additional_luggage": ["False"], "departure_date": ["March 9th", "the 9th"], "departure_time": ["12:30 pm", "half past 12 in the afternoon"], "from_city": ["Portland"], "num_passengers": ["4"], "to_city": ["Seattle"]}}}], "speaker": "USER", "utterance": "What is the rate and is it a one-stop bus?"}, {"frames": [{"actions": [{"act": "INFORM", "canonical_values": ["28"], "slot": "price", "values": ["$28"]}, {"act": "INFORM", "canonical_values": ["direct"], "slot": "category", "values": ["direct"]}], "service": "Buses_3", "slots": [{"exclusive_end": 35, "slot": "price", "start": 32}]}], "speaker": "SYSTEM", "utterance": "The bus is direct and will cost $28."}, {"frames": [{"actions": [{"act": "THANK_YOU", "canonical_values": [], "slot": "", "values": []}], "service": "Buses_3", "slots": [], "state": {"active_intent": "BuyBusTicket", "requested_slots": [], "slot_values": {"additional_luggage": ["False"], "departure_date": ["March 9th", "the 9th"], "departure_time": ["12:30 pm", "half past 12 in the afternoon"], "from_city": ["Portland"], "num_passengers": ["4"], "to_city": ["Seattle"]}}}, {"actions": [{"act": "INFORM", "canonical_values": ["2019-03-11"], "slot": "end_date", "values": ["11th of this month"]}, {"act": "INFORM_INTENT", "canonical_values": ["GetCarsAvailable"], "slot": "intent", "values": ["GetCarsAvailable"]}], "service": "RentalCars_3", "slots": [{"exclusive_end": 73, "slot": "end_date", "start": 55}], "state": {"active_intent": "GetCarsAvailable", "requested_slots": [], "slot_values": {"end_date": ["11th of this month"]}}}], "speaker": "USER", "utterance": "Thanks. Can you help me find a car rental there on the 11th of this month also?"}, {"frames": [{"actions": [{"act": "REQUEST", "canonical_values": ["2019-03-09"], "slot": "start_date", "values": ["March 9th"]}], "service": "RentalCars_3", "slots": [{"exclusive_end": 43, "slot": "start_date", "start": 34}]}], "speaker": "SYSTEM", "utterance": "Will you be picking up the car on March 9th?"}, {"frames": [{"actions": [{"act": "INFORM", "canonical_values": ["2019-03-10"], "slot": "start_date", "values": ["March 10th"]}], "service": "RentalCars_3", "slots": [{"exclusive_end": 27, "slot": "start_date", "start": 17}], "state": {"active_intent": "GetCarsAvailable", "requested_slots": [], "slot_values": {"end_date": ["11th of this month"], "start_date": ["March 10th"]}}}], "speaker": "USER", "utterance": "No, I need it on March 10th."}, {"frames": [{"actions": [{"act": "REQUEST", "canonical_values": [], "slot": "pickup_time", "values": []}, {"act": "REQUEST", "canonical_values": ["Seattle"], "slot": "city", "values": ["Seattle"]}], "service": "RentalCars_3", "slots": [{"exclusive_end": 45, "slot": "city", "start": 38}]}], "speaker": "SYSTEM", "utterance": "Will you be picking the vehicle up in Seattle and at what time?"}, {"frames": [{"actions": [{"act": "INFORM", "canonical_values": ["18:00"], "slot": "pickup_time", "values": ["six pm"]}, {"act": "AFFIRM", "canonical_values": [], "slot": "", "values": []}], "service": "RentalCars_3", "slots": [{"exclusive_end": 44, "slot": "pickup_time", "start": 38}], "state": {"active_intent": "GetCarsAvailable", "requested_slots": [], "slot_values": {"city": ["Seattle"], "end_date": ["11th of this month"], "pickup_time": ["six pm"], "start_date": ["March 10th"]}}}], "speaker": "USER", "utterance": "Yes, that's correct and picking up at six pm."}, {"frames": [{"actions": [{"act": "OFFER", "canonical_values": ["King Street Station"], "slot": "pickup_location", "values": ["King Street Station"]}, {"act": "OFFER", "canonical_values": ["Sedan"], "slot": "car_type", "values": ["Sedan"]}, {"act": "OFFER", "canonical_values": ["Audi A8"], "slot": "car_name", "values": ["Audi A8"]}, {"act": "INFORM_COUNT", "canonical_values": ["10"], "slot": "count", "values": ["10"]}], "service": "RentalCars_3", "service_call": {"method": "GetCarsAvailable", "parameters": {"city": "Seattle", "end_date": "2019-03-11", "pickup_time": "18:00", "start_date": "2019-03-10"}}, "service_results": [{"car_name": "Audi A8", "car_type": "Sedan", "city": "Seattle", "end_date": "2019-03-11", "pickup_location": "King Street Station", "pickup_time": "18:00", "price_per_day": "30.00", "start_date": "2019-03-10"}, {"car_name": "Citroen C5", "car_type": "SUV", "city": "Seattle", "end_date": "2019-03-11", "pickup_location": "Seattle-Tacoma International Airport", "pickup_time": "18:00", "price_per_day": "46.00", "start_date": "2019-03-10"}, {"car_name": "Dacia Duster", "car_type": "SUV", "city": "Seattle", "end_date": "2019-03-11", "pickup_location": "King Street Station", "pickup_time": "18:00", "price_per_day": "42.00", "start_date": "2019-03-10"}, {"car_name": "Dodge Charger", "car_type": "Sedan", "city": "Seattle", "end_date": "2019-03-11", "pickup_location": "King Street Station", "pickup_time": "18:00", "price_per_day": "28.00", "start_date": "2019-03-10"}, {"car_name": "GMC Terrain", "car_type": "SUV", "city": "Seattle", "end_date": "2019-03-11", "pickup_location": "Seattle-Tacoma International Airport", "pickup_time": "18:00", "price_per_day": "48.00", "start_date": "2019-03-10"}, {"car_name": "Hyundai Ioniq", "car_type": "Sedan", "city": "Seattle", "end_date": "2019-03-11", "pickup_location": "Seattle-Tacoma International Airport", "pickup_time": "18:00", "price_per_day": "33.00", "start_date": "2019-03-10"}, {"car_name": "Lexus GS", "car_type": "Sedan", "city": "Seattle", "end_date": "2019-03-11", "pickup_location": "Seattle-Tacoma International Airport", "pickup_time": "18:00", "price_per_day": "33.00", "start_date": "2019-03-10"}, {"car_name": "Mazda 3", "car_type": "Hatchback", "city": "Seattle", "end_date": "2019-03-11", "pickup_location": "King Street Station", "pickup_time": "18:00", "price_per_day": "24.00", "start_date": "2019-03-10"}, {"car_name": "Mitsubishi Outlander", "car_type": "SUV", "city": "Seattle", "end_date": "2019-03-11", "pickup_location": "King Street Station", "pickup_time": "18:00", "price_per_day": "43.00", "start_date": "2019-03-10"}, {"car_name": "Nissan Qashqai", "car_type": "Hatchback", "city": "Seattle", "end_date": "2019-03-11", "pickup_location": "Seattle-Tacoma International Airport", "pickup_time": "18:00", "price_per_day": "24.00", "start_date": "2019-03-10"}], "slots": [{"exclusive_end": 74, "slot": "pickup_location", "start": 55}, {"exclusive_end": 32, "slot": "car_name", "start": 25}]}], "speaker": "SYSTEM", "utterance": "There are 10 options. An Audi A8 Sedan is available at King Street Station."}, {"frames": [{"actions": [{"act": "SELECT", "canonical_values": [], "slot": "", "values": []}], "service": "RentalCars_3", "slots": [], "state": {"active_intent": "GetCarsAvailable", "requested_slots": [], "slot_values": {"car_type": ["Sedan"], "city": ["Seattle"], "end_date": ["11th of this month"], "pickup_location": ["King Street Station"], "pickup_time": ["six pm"], "start_date": ["March 10th"]}}}], "speaker": "USER", "utterance": "Sounds like a nice one."}, {"frames": [{"actions": [{"act": "OFFER_INTENT", "canonical_values": ["ReserveCar"], "slot": "intent", "values": ["ReserveCar"]}], "service": "RentalCars_3", "slots": []}], "speaker": "SYSTEM", "utterance": "Should I book the car?"}, {"frames": [{"actions": [{"act": "AFFIRM_INTENT", "canonical_values": [], "slot": "", "values": []}], "service": "RentalCars_3", "slots": [], "state": {"active_intent": "ReserveCar", "requested_slots": [], "slot_values": {"car_type": ["Sedan"], "city": ["Seattle"], "end_date": ["11th of this month"], "pickup_location": ["King Street Station"], "pickup_time": ["six pm"], "start_date": ["March 10th"]}}}], "speaker": "USER", "utterance": "Yes, please book it."}, {"frames": [{"actions": [{"act": "REQUEST", "canonical_values": [], "slot": "add_insurance", "values": []}], "service": "RentalCars_3", "slots": []}], "speaker": "SYSTEM", "utterance": "Will you be requiring insurance?"}, {"frames": [{"actions": [{"act": "INFORM", "canonical_values": ["False"], "slot": "add_insurance", "values": ["False"]}], "service": "RentalCars_3", "slots": [], "state": {"active_intent": "ReserveCar", "requested_slots": [], "slot_values": {"add_insurance": ["False"], "car_type": ["Sedan"], "city": ["Seattle"], "end_date": ["11th of this month"], "pickup_location": ["King Street Station"], "pickup_time": ["six pm"], "start_date": ["March 10th"]}}}], "speaker": "USER", "utterance": "No, I will not need insurance."}, {"frames": [{"actions": [{"act": "CONFIRM", "canonical_values": ["King Street Station"], "slot": "pickup_location", "values": ["King Street Station"]}, {"act": "CONFIRM", "canonical_values": ["2019-03-10"], "slot": "start_date", "values": ["March 10th"]}, {"act": "CONFIRM", "canonical_values": ["18:00"], "slot": "pickup_time", "values": ["6 pm"]}, {"act": "CONFIRM", "canonical_values": ["2019-03-11"], "slot": "end_date", "values": ["March 11th"]}, {"act": "CONFIRM", "canonical_values": ["Sedan"], "slot": "car_type", "values": ["Sedan"]}, {"act": "CONFIRM", "canonical_values": ["False"], "slot": "add_insurance", "values": ["False"]}], "service": "RentalCars_3", "slots": [{"exclusive_end": 97, "slot": "pickup_location", "start": 78}, {"exclusive_end": 127, "slot": "start_date", "start": 117}, {"exclusive_end": 135, "slot": "pickup_time", "start": 131}, {"exclusive_end": 165, "slot": "end_date", "start": 155}]}], "speaker": "SYSTEM", "utterance": "Please confirm you have waived the insurance and want me to book a sedan from King Street Station to be picked up on March 10th at 6 pm and dropped off on March 11th."}, {"frames": [{"actions": [{"act": "REQUEST", "canonical_values": [], "slot": "price_per_day", "values": []}, {"act": "AFFIRM", "canonical_values": [], "slot": "", "values": []}], "service": "RentalCars_3", "slots": [], "state": {"active_intent": "ReserveCar", "requested_slots": ["price_per_day"], "slot_values": {"add_insurance": ["False"], "car_type": ["Sedan"], "city": ["Seattle"], "end_date": ["11th of this month", "March 11th"], "pickup_location": ["King Street Station"], "pickup_time": ["6 pm", "six pm"], "start_date": ["March 10th"]}}}], "speaker": "USER", "utterance": "Yes and can I get the daily rate?"}, {"frames": [{"actions": [{"act": "INFORM", "canonical_values": ["30.00"], "slot": "price_per_day", "values": ["$30.00"]}, {"act": "NOTIFY_SUCCESS", "canonical_values": [], "slot": "", "values": []}], "service": "RentalCars_3", "service_call": {"method": "ReserveCar", "parameters": {"add_insurance": "False", "car_type": "Sedan", "end_date": "2019-03-11", "pickup_location": "King Street Station", "pickup_time": "18:00", "start_date": "2019-03-10"}}, "service_results": [{"add_insurance": "False", "car_name": "Audi A8", "car_type": "Sedan", "end_date": "2019-03-11", "pickup_location": "King Street Station", "pickup_time": "18:00", "price_per_day": "30.00", "start_date": "2019-03-10"}], "slots": [{"exclusive_end": 24, "slot": "price_per_day", "start": 18}]}], "speaker": "SYSTEM", "utterance": "The daily rate is $30.00. Your car reservation was successfully booked."}, {"frames": [{"actions": [{"act": "THANK_YOU", "canonical_values": [], "slot": "", "values": []}], "service": "RentalCars_3", "slots": [], "state": {"active_intent": "ReserveCar", "requested_slots": [], "slot_values": {"add_insurance": ["False"], "car_type": ["Sedan"], "city": ["Seattle"], "end_date": ["11th of this month", "March 11th"], "pickup_location": ["King Street Station"], "pickup_time": ["6 pm", "six pm"], "start_date": ["March 10th"]}}}], "speaker": "USER", "utterance": "Thanks so much!"}, {"frames": [{"actions": [{"act": "REQ_MORE", "canonical_values": [], "slot": "", "values": []}], "service": "RentalCars_3", "slots": []}], "speaker": "SYSTEM", "utterance": "Can I assist you with anything else today?"}, {"frames": [{"actions": [{"act": "NEGATE", "canonical_values": [], "slot": "", "values": []}, {"act": "THANK_YOU", "canonical_values": [], "slot": "", "values": []}], "service": "RentalCars_3", "slots": [], "state": {"active_intent": "NONE", "requested_slots": [], "slot_values": {"add_insurance": ["False"], "car_type": ["Sedan"], "city": ["Seattle"], "end_date": ["11th of this month", "March 11th"], "pickup_location": ["King Street Station"], "pickup_time": ["6 pm", "six pm"], "start_date": ["March 10th"]}}}], "speaker": "USER", "utterance": "No. That's all. Thanks."}, {"frames": [{"actions": [{"act": "GOODBYE", "canonical_values": [], "slot": "", "values": []}], "service": "RentalCars_3", "slots": []}], "speaker": "SYSTEM", "utterance": "You're welcome. Have a great day."}]}, {"dialogue_id": "12_00004", "services": ["Buses_3", "RentalCars_3"], "turns": [{"frames": [{"actions": [{"act": "INFORM_INTENT", "canonical_values": ["BuyBusTicket"], "slot": "intent", "values": ["BuyBusTicket"]}], "service": "Buses_3", "slots": [], "state": {"active_intent": "BuyBusTicket", "requested_slots": [], "slot_values": {}}}], "speaker": "USER", "utterance": "Can you get me some bus tickets?"}, {"frames": [{"actions": [{"act": "REQUEST", "canonical_values": [], "slot": "to_city", "values": []}, {"act": "REQUEST", "canonical_values": [], "slot": "departure_date", "values": []}, {"act": "REQUEST", "canonical_values": [], "slot": "from_city", "values": []}], "service": "Buses_3", "slots": []}], "speaker": "SYSTEM", "utterance": "Where will you go, when will you leave and from where?"}, {"frames": [{"actions": [{"act": "INFORM", "canonical_values": ["Long Beach"], "slot": "from_city", "values": ["Long Beach, CA"]}, {"act": "INFORM", "canonical_values": ["Los Angeles"], "slot": "to_city", "values": ["LAX"]}, {"act": "INFORM", "canonical_values": ["2019-03-08"], "slot": "departure_date", "values": ["the 8th"]}], "service": "Buses_3", "slots": [{"exclusive_end": 26, "slot": "from_city", "start": 12}, {"exclusive_end": 50, "slot": "to_city", "start": 47}, {"exclusive_end": 37, "slot": "departure_date", "start": 30}], "state": {"active_intent": "BuyBusTicket", "requested_slots": [], "slot_values": {"departure_date": ["the 8th"], "from_city": ["Long Beach, CA"], "to_city": ["LAX"]}}}], "speaker": "USER", "utterance": "I'm leaving Long Beach, CA on the 8th going to LAX."}, {"frames": [{"actions": [{"act": "REQUEST", "canonical_values": [], "slot": "num_passengers", "values": []}, {"act": "REQUEST", "canonical_values": [], "slot": "departure_time", "values": []}], "service": "Buses_3", "slots": []}], "speaker": "SYSTEM", "utterance": "How many tickets may I get? Do you have a time for leaving?"}, {"frames": [{"actions": [{"act": "INFORM", "canonical_values": ["20:00"], "slot": "departure_time", "values": ["8 pm"]}, {"act": "INFORM", "canonical_values": ["3"], "slot": "num_passengers", "values": ["3"]}], "service": "Buses_3", "slots": [{"exclusive_end": 46, "slot": "departure_time", "start": 42}], "state": {"active_intent": "BuyBusTicket", "requested_slots": [], "slot_values": {"departure_date": ["the 8th"], "departure_time": ["8 pm"], "from_city": ["Long Beach, CA"], "num_passengers": ["3"], "to_city": ["LAX"]}}}], "speaker": "USER", "utterance": "I need three tickets and want to leave at 8 pm."}, {"frames": [{"actions": [{"act": "CONFIRM", "canonical_values": ["Long Beach"], "slot": "from_city", "values": ["Long Beach"]}, {"act": "CONFIRM", "canonical_values": ["Los Angeles"], "slot": "to_city", "values": ["Los Angeles"]}, {"act": "CONFIRM", "canonical_values": ["2019-03-08"], "slot": "departure_date", "values": ["March 8th"]}, {"act": "CONFIRM", "canonical_values": ["20:00"], "slot": "departure_time", "values": ["8 pm"]}, {"act": "CONFIRM", "canonical_values": ["3"], "slot": "num_passengers", "values": ["3"]}, {"act": "CONFIRM", "canonical_values": ["False"], "slot": "additional_luggage", "values": ["False"]}], "service": "Buses_3", "slots": [{"exclusive_end": 82, "slot": "from_city", "start": 72}, {"exclusive_end": 97, "slot": "to_city", "start": 86}, {"exclusive_end": 60, "slot": "departure_date", "start": 51}, {"exclusive_end": 43, "slot": "departure_time", "start": 39}]}], "speaker": "SYSTEM", "utterance": "PLease confirm this: 3 tickets for the 8 pm bus on March 8th going from Long Beach to Los Angeles"}, {"frames": [{"actions": [{"act": "AFFIRM", "canonical_values": [], "slot": "", "values": []}], "service": "Buses_3", "slots": [], "state": {"active_intent": "BuyBusTicket", "requested_slots": [], "slot_values": {"additional_luggage": ["False"], "departure_date": ["March 8th", "the 8th"], "departure_time": ["8 pm"], "from_city": ["Long Beach", "Long Beach, CA"], "num_passengers": ["3"], "to_city": ["LAX", "Los Angeles"]}}}], "speaker": "USER", "utterance": "Yes, that's right."}, {"frames": [{"actions": [{"act": "OFFER", "canonical_values": ["19:50"], "slot": "departure_time", "values": ["7:50 pm"]}, {"act": "OFFER", "canonical_values": ["12"], "slot": "price", "values": ["$12"]}, {"act": "NOTIFY_FAILURE", "canonical_values": [], "slot": "", "values": []}], "service": "Buses_3", "service_call": {"method": "BuyBusTicket", "parameters": {"additional_luggage": "False", "departure_date": "2019-03-08", "departure_time": "20:00", "from_city": "Long Beach", "num_passengers": "3", "to_city": "Los Angeles"}}, "service_results": [{"additional_luggage": "False", "category": "direct", "departure_date": "2019-03-08", "departure_time": "19:50", "from_city": "Long Beach", "from_station": "Downtown Station", "num_passengers": "3", "price": "12", "to_city": "Los Angeles", "to_station": "North Hollywood Station"}], "slots": [{"exclusive_end": 71, "slot": "departure_time", "start": 64}, {"exclusive_end": 83, "slot": "price", "start": 80}]}], "speaker": "SYSTEM", "utterance": "I'm sorry, the purchase didn't work. How about a bus leaving at 7:50 pm? That's $12."}, {"frames": [{"actions": [{"act": "AFFIRM", "canonical_values": [], "slot": "", "values": []}], "service": "Buses_3", "slots": [], "state": {"active_intent": "BuyBusTicket", "requested_slots": [], "slot_values": {"additional_luggage": ["False"], "departure_date": ["March 8th", "the 8th"], "departure_time": ["7:50 pm"], "from_city": ["Long Beach", "Long Beach, CA"], "num_passengers": ["3"], "to_city": ["LAX", "Los Angeles"]}}}], "speaker": "USER", "utterance": "Fine, pull the trigger on that."}, {"frames": [{"actions": [{"act": "NOTIFY_SUCCESS", "canonical_values": [], "slot": "", "values": []}], "service": "Buses_3", "service_call": {"method": "BuyBusTicket", "parameters": {"additional_luggage": "False", "departure_date": "2019-03-08", "departure_time": "19:50", "from_city": "Long Beach", "num_passengers": "3", "to_city": "Los Angeles"}}, "service_results": [{"additional_luggage": "False", "category": "direct", "departure_date": "2019-03-08", "departure_time": "19:50", "from_city": "Long Beach", "from_station": "Downtown Station", "num_passengers": "3", "price": "12", "to_city": "Los Angeles", "to_station": "North Hollywood Station"}], "slots": []}], "speaker": "SYSTEM", "utterance": "You have the tickets."}, {"frames": [{"actions": [{"act": "THANK_YOU", "canonical_values": [], "slot": "", "values": []}], "service": "Buses_3", "slots": [], "state": {"active_intent": "BuyBusTicket", "requested_slots": [], "slot_values": {"additional_luggage": ["False"], "departure_date": ["March 8th", "the 8th"], "departure_time": ["7:50 pm"], "from_city": ["Long Beach", "Long Beach, CA"], "num_passengers": ["3"], "to_city": ["LAX", "Los Angeles"]}}}, {"actions": [{"act": "INFORM_INTENT", "canonical_values": ["GetCarsAvailable"], "slot": "intent", "values": ["GetCarsAvailable"]}], "service": "RentalCars_3", "slots": [], "state": {"active_intent": "GetCarsAvailable", "requested_slots": [], "slot_values": {}}}], "speaker": "USER", "utterance": "Thanks, next up rental car baby."}, {"frames": [{"actions": [{"act": "REQUEST", "canonical_values": [], "slot": "pickup_time", "values": []}, {"act": "REQUEST", "canonical_values": ["Los Angeles"], "slot": "city", "values": ["Los Angeles"]}, {"act": "REQUEST", "canonical_values": [], "slot": "end_date", "values": []}], "service": "RentalCars_3", "slots": [{"exclusive_end": 101, "slot": "city", "start": 90}]}], "speaker": "SYSTEM", "utterance": "What time will you pick up the car? When do you plan to return it? You're picking up from Los Angeles right?"}, {"frames": [{"actions": [{"act": "INFORM", "canonical_values": ["2019-03-14"], "slot": "end_date", "values": ["14th of this month"]}, {"act": "INFORM", "canonical_values": ["12:00"], "slot": "pickup_time", "values": ["twelve in the afternoon"]}, {"act": "AFFIRM", "canonical_values": [], "slot": "", "values": []}], "service": "RentalCars_3", "slots": [{"exclusive_end": 47, "slot": "end_date", "start": 29}, {"exclusive_end": 104, "slot": "pickup_time", "start": 81}], "state": {"active_intent": "GetCarsAvailable", "requested_slots": [], "slot_values": {"city": ["LAX", "Los Angeles"], "end_date": ["14th of this month"], "pickup_time": ["twelve in the afternoon"]}}}], "speaker": "USER", "utterance": "Yes, and I need it until the 14th of this month. I can be there to pick it up at twelve in the afternoon."}, {"frames": [{"actions": [{"act": "REQUEST", "canonical_values": ["2019-03-08"], "slot": "start_date", "values": ["March 8th"]}], "service": "RentalCars_3", "slots": [{"exclusive_end": 29, "slot": "start_date", "start": 20}]}], "speaker": "SYSTEM", "utterance": "Do you want it from March 8th?"}, {"frames": [{"actions": [{"act": "INFORM", "canonical_values": ["2019-03-10"], "slot": "start_date", "values": ["10th of March"]}], "service": "RentalCars_3", "slots": [{"exclusive_end": 40, "slot": "start_date", "start": 27}], "state": {"active_intent": "GetCarsAvailable", "requested_slots": [], "slot_values": {"city": ["LAX", "Los Angeles"], "end_date": ["14th of this month"], "pickup_time": ["twelve in the afternoon"], "start_date": ["10th of March"]}}}], "speaker": "USER", "utterance": "No thanks, I want from the 10th of March."}, {"frames": [{"actions": [{"act": "OFFER", "canonical_values": ["LAX International Airport"], "slot": "pickup_location", "values": ["LAX International Airport"]}, {"act": "OFFER", "canonical_values": ["SUV"], "slot": "car_type", "values": ["SUV"]}, {"act": "OFFER", "canonical_values": ["Dacia Duster"], "slot": "car_name", "values": ["Dacia Duster"]}, {"act": "INFORM_COUNT", "canonical_values": ["8"], "slot": "count", "values": ["8"]}], "service": "RentalCars_3", "service_call": {"method": "GetCarsAvailable", "parameters": {"city": "Los Angeles", "end_date": "2019-03-14", "pickup_time": "12:00", "start_date": "2019-03-10"}}, "service_results": [{"car_name": "Dacia Duster", "car_type": "SUV", "city": "Los Angeles", "end_date": "2019-03-14", "pickup_location": "LAX International Airport", "pickup_time": "12:00", "price_per_day": "46.00", "start_date": "2019-03-10"}, {"car_name": "Fiat Panda", "car_type": "Hatchback", "city": "Los Angeles", "end_date": "2019-03-14", "pickup_location": "LAX International Airport", "pickup_time": "12:00", "price_per_day": "28.00", "start_date": "2019-03-10"}, {"car_name": "Hyundai Ioniq", "car_type": "Sedan", "city": "Los Angeles", "end_date": "2019-03-14", "pickup_location": "LAX International Airport", "pickup_time": "12:00", "price_per_day": "30.00", "start_date": "2019-03-10"}, {"car_name": "Nissan Qashqai", "car_type": "Hatchback", "city": "Los Angeles", "end_date": "2019-03-14", "pickup_location": "LAX International Airport", "pickup_time": "12:00", "price_per_day": "28.00", "start_date": "2019-03-10"}, {"car_name": "Renault Clio", "car_type": "Hatchback", "city": "Los Angeles", "end_date": "2019-03-14", "pickup_location": "LAX International Airport", "pickup_time": "12:00", "price_per_day": "29.00", "start_date": "2019-03-10"}, {"car_name": "Skoda Kodiaq", "car_type": "SUV", "city": "Los Angeles", "end_date": "2019-03-14", "pickup_location": "LAX International Airport", "pickup_time": "12:00", "price_per_day": "40.00", "start_date": "2019-03-10"}, {"car_name": "Suzuki Grand Vitara", "car_type": "SUV", "city": "Los Angeles", "end_date": "2019-03-14", "pickup_location": "LAX International Airport", "pickup_time": "12:00", "price_per_day": "44.00", "start_date": "2019-03-10"}, {"car_name": "Volvo S90", "car_type": "Sedan", "city": "Los Angeles", "end_date": "2019-03-14", "pickup_location": "LAX International Airport", "pickup_time": "12:00", "price_per_day": "33.00", "start_date": "2019-03-10"}], "slots": [{"exclusive_end": 103, "slot": "pickup_location", "start": 78}, {"exclusive_end": 54, "slot": "car_name", "start": 42}]}], "speaker": "SYSTEM", "utterance": "You have 8 options. What about a nice SUV Dacia Duster? You can get that from LAX International Airport if you want?"}, {"frames": [{"actions": [{"act": "REQUEST", "canonical_values": [], "slot": "price_per_day", "values": []}], "service": "RentalCars_3", "slots": [], "state": {"active_intent": "GetCarsAvailable", "requested_slots": ["price_per_day"], "slot_values": {"city": ["LAX", "Los Angeles"], "end_date": ["14th of this month"], "pickup_time": ["twelve in the afternoon"], "start_date": ["10th of March"]}}}], "speaker": "USER", "utterance": "How much will that sucker run me?"}, {"frames": [{"actions": [{"act": "INFORM", "canonical_values": ["46.00"], "slot": "price_per_day", "values": ["$46.00"]}], "service": "RentalCars_3", "slots": [{"exclusive_end": 11, "slot": "price_per_day", "start": 5}]}], "speaker": "SYSTEM", "utterance": "only $46.00 a day."}, {"frames": [{"actions": [{"act": "INFORM_INTENT", "canonical_values": ["ReserveCar"], "slot": "intent", "values": ["ReserveCar"]}, {"act": "SELECT", "canonical_values": [], "slot": "", "values": []}], "service": "RentalCars_3", "slots": [], "state": {"active_intent": "ReserveCar", "requested_slots": [], "slot_values": {"car_type": ["SUV"], "city": ["LAX", "Los Angeles"], "end_date": ["14th of this month"], "pickup_location": ["LAX International Airport"], "pickup_time": ["twelve in the afternoon"], "start_date": ["10th of March"]}}}], "speaker": "USER", "utterance": "Fine, rent it then."}, {"frames": [{"actions": [{"act": "REQUEST", "canonical_values": [], "slot": "add_insurance", "values": []}], "service": "RentalCars_3", "slots": []}], "speaker": "SYSTEM", "utterance": "How about insurance?"}, {"frames": [{"actions": [{"act": "INFORM", "canonical_values": ["False"], "slot": "add_insurance", "values": ["False"]}], "service": "RentalCars_3", "slots": [], "state": {"active_intent": "ReserveCar", "requested_slots": [], "slot_values": {"add_insurance": ["False"], "car_type": ["SUV"], "city": ["LAX", "Los Angeles"], "end_date": ["14th of this month"], "pickup_location": ["LAX International Airport"], "pickup_time": ["twelve in the afternoon"], "start_date": ["10th of March"]}}}], "speaker": "USER", "utterance": "I don't need no stinkin' insurance."}, {"frames": [{"actions": [{"act": "CONFIRM", "canonical_values": ["LAX International Airport"], "slot": "pickup_location", "values": ["LAX International Airport"]}, {"act": "CONFIRM", "canonical_values": ["2019-03-10"], "slot": "start_date", "values": ["March 10th"]}, {"act": "CONFIRM", "canonical_values": ["12:00"], "slot": "pickup_time", "values": ["12 pm"]}, {"act": "CONFIRM", "canonical_values": ["2019-03-14"], "slot": "end_date", "values": ["March 14th"]}, {"act": "CONFIRM", "canonical_values": ["SUV"], "slot": "car_type", "values": ["SUV"]}, {"act": "CONFIRM", "canonical_values": ["False"], "slot": "add_insurance", "values": ["False"]}], "service": "RentalCars_3", "slots": [{"exclusive_end": 88, "slot": "pickup_location", "start": 63}, {"exclusive_end": 59, "slot": "start_date", "start": 49}, {"exclusive_end": 45, "slot": "pickup_time", "start": 40}, {"exclusive_end": 113, "slot": "end_date", "start": 103}]}], "speaker": "SYSTEM", "utterance": "To be clear: Pick up rental car, SUV at 12 pm on March 10th at LAX International Airport and return it March 14th. No insurance for you."}, {"frames": [{"actions": [{"act": "INFORM", "canonical_values": ["True"], "slot": "add_insurance", "values": ["True"]}, {"act": "NEGATE", "canonical_values": [], "slot": "", "values": []}], "service": "RentalCars_3", "slots": [], "state": {"active_intent": "ReserveCar", "requested_slots": [], "slot_values": {"add_insurance": ["True"], "car_type": ["SUV"], "city": ["LAX", "Los Angeles"], "end_date": ["14th of this month", "March 14th"], "pickup_location": ["LAX International Airport"], "pickup_time": ["12 pm", "twelve in the afternoon"], "start_date": ["10th of March", "March 10th"]}}}], "speaker": "USER", "utterance": "I was only doing an impression earlier, I do want insurance after all."}, {"frames": [{"actions": [{"act": "CONFIRM", "canonical_values": ["2019-03-14"], "slot": "end_date", "values": ["March 14th"]}, {"act": "CONFIRM", "canonical_values": ["True"], "slot": "add_insurance", "values": ["True"]}], "service": "RentalCars_3", "slots": [{"exclusive_end": 50, "slot": "end_date", "start": 40}]}], "speaker": "SYSTEM", "utterance": "Please confirm: Drop off date on SUV is March 14th and you will get insurance."}, {"frames": [{"actions": [{"act": "AFFIRM", "canonical_values": [], "slot": "", "values": []}], "service": "RentalCars_3", "slots": [], "state": {"active_intent": "ReserveCar", "requested_slots": [], "slot_values": {"add_insurance": ["True"], "car_type": ["SUV"], "city": ["LAX", "Los Angeles"], "end_date": ["14th of this month", "March 14th"], "pickup_location": ["LAX International Airport"], "pickup_time": ["12 pm", "twelve in the afternoon"], "start_date": ["10th of March", "March 10th"]}}}], "speaker": "USER", "utterance": "you got it, thanks."}, {"frames": [{"actions": [{"act": "NOTIFY_SUCCESS", "canonical_values": [], "slot": "", "values": []}], "service": "RentalCars_3", "service_call": {"method": "ReserveCar", "parameters": {"add_insurance": "True", "car_type": "SUV", "end_date": "2019-03-14", "pickup_location": "LAX International Airport", "pickup_time": "12:00", "start_date": "2019-03-10"}}, "service_results": [{"add_insurance": "True", "car_name": "Skoda Kodiaq", "car_type": "SUV", "end_date": "2019-03-14", "pickup_location": "LAX International Airport", "pickup_time": "12:00", "price_per_day": "56.00", "start_date": "2019-03-10"}], "slots": []}], "speaker": "SYSTEM", "utterance": "Your car is all set now."}, {"frames": [{"actions": [{"act": "THANK_YOU", "canonical_values": [], "slot": "", "values": []}, {"act": "GOODBYE", "canonical_values": [], "slot": "", "values": []}], "service": "RentalCars_3", "slots": [], "state": {"active_intent": "ReserveCar", "requested_slots": [], "slot_values": {"add_insurance": ["True"], "car_type": ["SUV"], "city": ["LAX", "Los Angeles"], "end_date": ["14th of this month", "March 14th"], "pickup_location": ["LAX International Airport"], "pickup_time": ["12 pm", "twelve in the afternoon"], "start_date": ["10th of March", "March 10th"]}}}], "speaker": "USER", "utterance": "Thanks a bunch and thanks for putting up with my silliness."}, {"frames": [{"actions": [{"act": "GOODBYE", "canonical_values": [], "slot": "", "values": []}], "service": "RentalCars_3", "slots": []}], "speaker": "SYSTEM", "utterance": "Have a great trip."}]}]