[{"dialogue_id": "30_00000", "services": ["Services_1"], "turns": [{"frames": [{"actions": [{"act": "INFORM", "canonical_values": ["True"], "slot": "is_unisex", "values": ["True"]}, {"act": "INFORM_INTENT", "canonical_values": ["FindProvider"], "slot": "intent", "values": ["FindProvider"]}], "service": "Services_1", "slots": [], "state": {"active_intent": "FindProvider", "requested_slots": [], "slot_values": {"is_unisex": ["True"]}}}], "speaker": "USER", "utterance": "Hello, I would like to find a salon that caters to both men, and women."}, {"frames": [{"actions": [{"act": "REQUEST", "canonical_values": [], "slot": "city", "values": []}], "service": "Services_1", "slots": []}], "speaker": "SYSTEM", "utterance": "Which city would you like me to search in?"}, {"frames": [{"actions": [{"act": "INFORM", "canonical_values": ["San Francisco"], "slot": "city", "values": ["SFO"]}], "service": "Services_1", "slots": [{"exclusive_end": 27, "slot": "city", "start": 24}], "state": {"active_intent": "FindProvider", "requested_slots": [], "slot_values": {"city": ["SFO"], "is_unisex": ["True"]}}}], "speaker": "USER", "utterance": "I would like a salon in SFO."}, {"frames": [{"actions": [{"act": "OFFER", "canonical_values": ["1512 Barber Shop"], "slot": "stylist_name", "values": ["1512 Barber Shop"]}, {"act": "OFFER", "canonical_values": ["San Francisco"], "slot": "city", "values": ["San Francisco"]}], "service": "Services_1", "service_call": {"method": "FindProvider", "parameters": {"city": "San Francisco", "is_unisex": "True"}}, "service_results": [{"average_rating": "4.80", "city": "San Francisco", "is_unisex": "True", "phone_number": "415-286-4371", "street_address": "1532 20th Street", "stylist_name": "1512 Barber Shop"}, {"average_rating": "4.50", "city": "San Francisco", "is_unisex": "True", "phone_number": "415-824-1335", "street_address": "2737 20th Street", "stylist_name": "20Th Salon And Barber"}, {"average_rating": "3.90", "city": "San Francisco", "is_unisex": "True", "phone_number": "415-788-4936", "street_address": "44 Montgomery Street #30", "stylist_name": "A Businessman'S Haircut"}, {"average_rating": "4.40", "city": "San Francisco", "is_unisex": "True", "phone_number": "415-296-9212", "street_address": "310 Sutter Street 4th floor", "stylist_name": "Alcheme Salon"}, {"average_rating": "5.00", "city": "San Francisco", "is_unisex": "True", "phone_number": "415-445-9373", "street_address": "333 Bush Street Suite #104", "stylist_name": "Alexander G."}, {"average_rating": "4.40", "city": "San Francisco", "is_unisex": "True", "phone_number": "415-587-5003", "street_address": "949 Geneva Avenue", "stylist_name": "Amazon Barber Shop"}, {"average_rating": "4.40", "city": "San Francisco", "is_unisex": "True", "phone_number": "415-956-4049", "street_address": "140 Sutter Street", "stylist_name": "Arcade Barber Shop"}, {"average_rating": "4.90", "city": "San Francisco", "is_unisex": "True", "phone_number": "415-658-7469", "street_address": "1041 Guerrero Street", "stylist_name": "Arrow Salon"}, {"average_rating": "4.80", "city": "San Francisco", "is_unisex": "True", "phone_number": "415-501-0338", "street_address": "2, 1996 Union Street", "stylist_name": "Arthur Sebastian Hair Salon"}, {"average_rating": "4.60", "city": "San Francisco", "is_unisex": "True", "phone_number": "415-931-4405", "street_address": "1680 Post Street", "stylist_name": "Arty Hair Salon"}], "slots": [{"exclusive_end": 34, "slot": "stylist_name", "start": 18}, {"exclusive_end": 68, "slot": "city", "start": 55}]}], "speaker": "SYSTEM", "utterance": "Reviews show that 1512 Barber Shop is a great salon in San Francisco."}, {"frames": [{"actions": [{"act": "SELECT", "canonical_values": [], "slot": "", "values": []}], "service": "Services_1", "slots": [], "state": {"active_intent": "FindProvider", "requested_slots": [], "slot_values": {"city": ["SFO", "San Francisco"], "is_unisex": ["True"], "stylist_name": ["1512 Barber Shop"]}}}], "speaker": "USER", "utterance": "Thank you, that sounds nice."}, {"frames": [{"actions": [{"act": "OFFER_INTENT", "canonical_values": ["BookAppointment"], "slot": "intent", "values": ["BookAppointment"]}], "service": "Services_1", "slots": []}], "speaker": "SYSTEM", "utterance": "Would you like me to book you an appointment at the 1512 Barber Shop?"}, {"frames": [{"actions": [{"act": "AFFIRM_INTENT", "canonical_values": [], "slot": "", "values": []}], "service": "Services_1", "slots": [], "state": {"active_intent": "BookAppointment", "requested_slots": [], "slot_values": {"city": ["SFO", "San Francisco"], "is_unisex": ["True"], "stylist_name": ["1512 Barber Shop"]}}}], "speaker": "USER", "utterance": "Yes, please book me an appointment."}, {"frames": [{"actions": [{"act": "REQUEST", "canonical_values": [], "slot": "appointment_time", "values": []}], "service": "Services_1", "slots": []}], "speaker": "SYSTEM", "utterance": "What time should I make the appointment for?"}, {"frames": [{"actions": [{"act": "INFORM", "canonical_values": ["2019-03-07"], "slot": "appointment_date", "values": ["the 7th"]}, {"act": "INFORM", "canonical_values": ["15:00"], "slot": "appointment_time", "values": ["15:00"]}], "service": "Services_1", "slots": [{"exclusive_end": 48, "slot": "appointment_date", "start": 41}, {"exclusive_end": 37, "slot": "appointment_time", "start": 32}], "state": {"active_intent": "BookAppointment", "requested_slots": [], "slot_values": {"appointment_date": ["the 7th"], "appointment_time": ["15:00"], "city": ["SFO", "San Francisco"], "is_unisex": ["True"], "stylist_name": ["1512 Barber Shop"]}}}], "speaker": "USER", "utterance": "Please make the appointment for 15:00 on the 7th."}, {"frames": [{"actions": [{"act": "CONFIRM", "canonical_values": ["1512 Barber Shop"], "slot": "stylist_name", "values": ["1512 Barber Shop"]}, {"act": "CONFIRM", "canonical_values": ["15:00"], "slot": "appointment_time", "values": ["3 pm"]}, {"act": "CONFIRM", "canonical_values": ["2019-03-07"], "slot": "appointment_date", "values": ["next Thursday"]}], "service": "Services_1", "slots": [{"exclusive_end": 77, "slot": "stylist_name", "start": 61}, {"exclusive_end": 114, "slot": "appointment_time", "start": 110}, {"exclusive_end": 128, "slot": "appointment_date", "start": 115}]}], "speaker": "SYSTEM", "utterance": "Can you confirm the details for me? The name of the salon is 1512 Barber Shop, and the appointment will be at 3 pm next Thursday."}, {"frames": [{"actions": [{"act": "REQUEST", "canonical_values": [], "slot": "average_rating", "values": []}, {"act": "AFFIRM", "canonical_values": [], "slot": "", "values": []}], "service": "Services_1", "slots": [], "state": {"active_intent": "BookAppointment", "requested_slots": ["average_rating"], "slot_values": {"appointment_date": ["next Thursday", "the 7th"], "appointment_time": ["15:00", "3 pm"], "city": ["SFO", "San Francisco"], "is_unisex": ["True"], "stylist_name": ["1512 Barber Shop"]}}}], "speaker": "USER", "utterance": "Yep, that is all good. What is the average rating of the salon?"}, {"frames": [{"actions": [{"act": "INFORM", "canonical_values": ["4.80"], "slot": "average_rating", "values": ["4.8"]}, {"act": "NOTIFY_SUCCESS", "canonical_values": [], "slot": "", "values": []}], "service": "Services_1", "service_call": {"method": "BookAppointment", "parameters": {"appointment_date": "2019-03-07", "appointment_time": "15:00", "stylist_name": "1512 Barber Shop"}}, "service_results": [{"appointment_date": "2019-03-07", "appointment_time": "15:00", "average_rating": "4.80", "is_unisex": "True", "phone_number": "415-286-4371", "street_address": "1532 20th Street", "stylist_name": "1512 Barber Shop"}], "slots": [{"exclusive_end": 73, "slot": "average_rating", "start": 70}]}], "speaker": "SYSTEM", "utterance": "Your appointment has been confirmed, and the shop's average rating is 4.8."}, {"frames": [{"actions": [{"act": "THANK_YOU", "canonical_values": [], "slot": "", "values": []}], "service": "Services_1", "slots": [], "state": {"active_intent": "BookAppointment", "requested_slots": [], "slot_values": {"appointment_date": ["next Thursday", "the 7th"], "appointment_time": ["15:00", "3 pm"], "city": ["SFO", "San Francisco"], "is_unisex": ["True"], "stylist_name": ["1512 Barber Shop"]}}}], "speaker": "USER", "utterance": "Thank you very much!"}, {"frames": [{"actions": [{"act": "REQ_MORE", "canonical_values": [], "slot": "", "values": []}], "service": "Services_1", "slots": []}], "speaker": "SYSTEM", "utterance": "Can I do anything else for you today?"}, {"frames": [{"actions": [{"act": "NEGATE", "canonical_values": [], "slot": "", "values": []}, {"act": "THANK_YOU", "canonical_values": [], "slot": "", "values": []}], "service": "Services_1", "slots": [], "state": {"active_intent": "NONE", "requested_slots": [], "slot_values": {"appointment_date": ["next Thursday", "the 7th"], "appointment_time": ["15:00", "3 pm"], "city": ["SFO", "San Francisco"], "is_unisex": ["True"], "stylist_name": ["1512 Barber Shop"]}}}], "speaker": "USER", "utterance": "No, thank you!"}, {"frames": [{"actions": [{"act": "GOODBYE", "canonical_values": [], "slot": "", "values": []}], "service": "Services_1", "slots": []}], "speaker": "SYSTEM", "utterance": "Have a good day!"}]}, {"dialogue_id": "30_00001", "services": ["Services_1"], "turns": [{"frames": [{"actions": [{"act": "INFORM_INTENT", "canonical_values": ["FindProvider"], "slot": "intent", "values": ["FindProvider"]}], "service": "Services_1", "slots": [], "state": {"active_intent": "FindProvider", "requested_slots": [], "slot_values": {}}}], "speaker": "USER", "utterance": "I need a new hairstyle. Can you find the nearest salon?"}, {"frames": [{"actions": [{"act": "REQUEST", "canonical_values": [], "slot": "city", "values": []}], "service": "Services_1", "slots": []}], "speaker": "SYSTEM", "utterance": "What city is it located in?"}, {"frames": [{"actions": [{"act": "INFORM", "canonical_values": ["Concord"], "slot": "city", "values": ["Concord"]}], "service": "Services_1", "slots": [{"exclusive_end": 31, "slot": "city", "start": 24}], "state": {"active_intent": "FindProvider", "requested_slots": [], "slot_values": {"city": ["Concord"]}}}], "speaker": "USER", "utterance": "Can you find a salon in Concord?"}, {"frames": [{"actions": [{"act": "OFFER", "canonical_values": ["Breds Barbershop"], "slot": "stylist_name", "values": ["Breds Barbershop"]}, {"act": "OFFER", "canonical_values": ["Concord"], "slot": "city", "values": ["Concord"]}], "service": "Services_1", "service_call": {"method": "FindProvider", "parameters": {"city": "Concord"}}, "service_results": [{"average_rating": "3.70", "city": "Concord", "is_unisex": "True", "phone_number": "925-446-4144", "street_address": "4330 Clayton Road suite j", "stylist_name": "Breds Barbershop"}, {"average_rating": "4.40", "city": "Concord", "is_unisex": "True", "phone_number": "925-798-3000", "street_address": "114 Sun Valley Mall", "stylist_name": "Empire Barbershop"}, {"average_rating": "4.50", "city": "Concord", "is_unisex": "True", "phone_number": "925-349-6036", "street_address": "1585 Clayton Road", "stylist_name": "First Class Barber Shop"}, {"average_rating": "3.30", "city": "Concord", "is_unisex": "True", "phone_number": "925-681-2887", "street_address": "790 Oak Grove Road Ste B", "stylist_name": "Great Clips"}, {"average_rating": "4.30", "city": "Concord", "is_unisex": "True", "phone_number": "925-673-5686", "street_address": "5434 Ygnacio Valley Road Suite #50", "stylist_name": "Sport Clips Haircuts Of Clayton Valley Shopping Center"}, {"average_rating": "4.00", "city": "Concord", "is_unisex": "True", "phone_number": "925-671-2525", "street_address": "4475 Treat Boulevard F", "stylist_name": "Supercuts"}], "slots": [{"exclusive_end": 29, "slot": "stylist_name", "start": 13}, {"exclusive_end": 63, "slot": "city", "start": 56}]}], "speaker": "SYSTEM", "utterance": "I have found Breds Barbershop, which is a nice salon in Concord."}, {"frames": [{"actions": [{"act": "INFORM_INTENT", "canonical_values": ["BookAppointment"], "slot": "intent", "values": ["BookAppointment"]}, {"act": "SELECT", "canonical_values": [], "slot": "", "values": []}], "service": "Services_1", "slots": [], "state": {"active_intent": "BookAppointment", "requested_slots": [], "slot_values": {"city": ["Concord"], "stylist_name": ["Breds Barbershop"]}}}], "speaker": "USER", "utterance": "Sounds great. I would like to make and appointment."}, {"frames": [{"actions": [{"act": "REQUEST", "canonical_values": [], "slot": "appointment_date", "values": []}, {"act": "REQUEST", "canonical_values": [], "slot": "appointment_time", "values": []}], "service": "Services_1", "slots": []}], "speaker": "SYSTEM", "utterance": "What date and time would you like for the appointment?"}, {"frames": [{"actions": [{"act": "INFORM", "canonical_values": ["2019-03-08"], "slot": "appointment_date", "values": ["8th of March"]}, {"act": "INFORM", "canonical_values": ["15:45"], "slot": "appointment_time", "values": ["quarter to 4 in the afternoon"]}], "service": "Services_1", "slots": [{"exclusive_end": 38, "slot": "appointment_date", "start": 26}, {"exclusive_end": 73, "slot": "appointment_time", "start": 44}], "state": {"active_intent": "BookAppointment", "requested_slots": [], "slot_values": {"appointment_date": ["8th of March"], "appointment_time": ["quarter to 4 in the afternoon"], "city": ["Concord"], "stylist_name": ["Breds Barbershop"]}}}], "speaker": "USER", "utterance": "I would like to go on the 8th of March at a quarter to 4 in the afternoon."}, {"frames": [{"actions": [{"act": "CONFIRM", "canonical_values": ["Breds Barbershop"], "slot": "stylist_name", "values": ["Breds Barbershop"]}, {"act": "CONFIRM", "canonical_values": ["15:45"], "slot": "appointment_time", "values": ["3:45 pm"]}, {"act": "CONFIRM", "canonical_values": ["2019-03-08"], "slot": "appointment_date", "values": ["next Friday"]}], "service": "Services_1", "slots": [{"exclusive_end": 44, "slot": "stylist_name", "start": 28}, {"exclusive_end": 55, "slot": "appointment_time", "start": 48}, {"exclusive_end": 71, "slot": "appointment_date", "start": 60}]}], "speaker": "SYSTEM", "utterance": "Please confirm the details: Breds Barbershop at 3:45 pm for next Friday."}, {"frames": [{"actions": [{"act": "AFFIRM", "canonical_values": [], "slot": "", "values": []}], "service": "Services_1", "slots": [], "state": {"active_intent": "BookAppointment", "requested_slots": [], "slot_values": {"appointment_date": ["8th of March", "next Friday"], "appointment_time": ["3:45 pm", "quarter to 4 in the afternoon"], "city": ["Concord"], "stylist_name": ["Breds Barbershop"]}}}], "speaker": "USER", "utterance": "That is correct."}, {"frames": [{"actions": [{"act": "NOTIFY_SUCCESS", "canonical_values": [], "slot": "", "values": []}], "service": "Services_1", "service_call": {"method": "BookAppointment", "parameters": {"appointment_date": "2019-03-08", "appointment_time": "15:45", "stylist_name": "Breds Barbershop"}}, "service_results": [{"appointment_date": "2019-03-08", "appointment_time": "16:00", "average_rating": "3.70", "is_unisex": "True", "phone_number": "925-446-4144", "street_address": "4330 Clayton Road suite j", "stylist_name": "Breds Barbershop"}], "slots": []}], "speaker": "SYSTEM", "utterance": "Great. You appointment has been confirmed."}, {"frames": [{"actions": [{"act": "REQUEST", "canonical_values": [], "slot": "street_address", "values": []}], "service": "Services_1", "slots": [], "state": {"active_intent": "BookAppointment", "requested_slots": ["street_address"], "slot_values": {"appointment_date": ["8th of March", "next Friday"], "appointment_time": ["3:45 pm", "quarter to 4 in the afternoon"], "city": ["Concord"], "stylist_name": ["Breds Barbershop"]}}}], "speaker": "USER", "utterance": "What is the physical address?"}, {"frames": [{"actions": [{"act": "INFORM", "canonical_values": ["4330 Clayton Road suite j"], "slot": "street_address", "values": ["4330 Clayton Road suite j"]}], "service": "Services_1", "slots": [{"exclusive_end": 40, "slot": "street_address", "start": 15}]}], "speaker": "SYSTEM", "utterance": "The address is 4330 Clayton Road suite j."}, {"frames": [{"actions": [{"act": "THANK_YOU", "canonical_values": [], "slot": "", "values": []}], "service": "Services_1", "slots": [], "state": {"active_intent": "BookAppointment", "requested_slots": [], "slot_values": {"appointment_date": ["8th of March", "next Friday"], "appointment_time": ["3:45 pm", "quarter to 4 in the afternoon"], "city": ["Concord"], "stylist_name": ["Breds Barbershop"]}}}], "speaker": "USER", "utterance": "Great. Thank you."}, {"frames": [{"actions": [{"act": "REQ_MORE", "canonical_values": [], "slot": "", "values": []}], "service": "Services_1", "slots": []}], "speaker": "SYSTEM", "utterance": "Is there anything else you need help with?"}, {"frames": [{"actions": [{"act": "NEGATE", "canonical_values": [], "slot": "", "values": []}, {"act": "THANK_YOU", "canonical_values": [], "slot": "", "values": []}], "service": "Services_1", "slots": [], "state": {"active_intent": "NONE", "requested_slots": [], "slot_values": {"appointment_date": ["8th of March", "next Friday"], "appointment_time": ["3:45 pm", "quarter to 4 in the afternoon"], "city": ["Concord"], "stylist_name": ["Breds Barbershop"]}}}], "speaker": "USER", "utterance": "That will be all."}, {"frames": [{"actions": [{"act": "GOODBYE", "canonical_values": [], "slot": "", "values": []}], "service": "Services_1", "slots": []}], "speaker": "SYSTEM", "utterance": "Have a great day."}]}, {"dialogue_id": "30_00002", "services": ["Services_1"], "turns": [{"frames": [{"actions": [{"act": "INFORM", "canonical_values": ["Pleasanton"], "slot": "city", "values": ["Pleasanton"]}, {"act": "INFORM_INTENT", "canonical_values": ["FindProvider"], "slot": "intent", "values": ["FindProvider"]}], "service": "Services_1", "slots": [{"exclusive_end": 42, "slot": "city", "start": 32}], "state": {"active_intent": "FindProvider", "requested_slots": [], "slot_values": {"city": ["Pleasanton"]}}}], "speaker": "USER", "utterance": "I would like to find a salon in Pleasanton."}, {"frames": [{"actions": [{"act": "OFFER", "canonical_values": ["Cosmo'S Barber Shop"], "slot": "stylist_name", "values": ["Cosmo'S Barber shop"]}, {"act": "OFFER", "canonical_values": ["Pleasanton"], "slot": "city", "values": ["Pleasanton"]}, {"act": "INFORM_COUNT", "canonical_values": ["9"], "slot": "count", "values": ["9"]}], "service": "Services_1", "service_call": {"method": "FindProvider", "parameters": {"city": "Pleasanton"}}, "service_results": [{"average_rating": "4.30", "city": "Pleasanton", "is_unisex": "True", "phone_number": "925-462-2695", "street_address": "4275 First Street", "stylist_name": "Cosmo'S Barber Shop"}, {"average_rating": "4.80", "city": "Pleasanton", "is_unisex": "True", "phone_number": "925-600-0080", "street_address": "722 Main Street", "stylist_name": "Fusion 3 Salon Pleasanton"}, {"average_rating": "4.70", "city": "Pleasanton", "is_unisex": "False", "phone_number": "925-462-4348", "street_address": "350 Main Street # J", "stylist_name": "Gary Patrick Salon"}, {"average_rating": "5.00", "city": "Pleasanton", "is_unisex": "False", "phone_number": "925-426-1250", "street_address": "363 Saint Mary Street", "stylist_name": "House Of Cabelo"}, {"average_rating": "4.30", "city": "Pleasanton", "is_unisex": "True", "phone_number": "925-399-6870", "street_address": "5424 Sunol Boulevard #2", "stylist_name": "Pleasanton Barber Shop"}, {"average_rating": "4.80", "city": "Pleasanton", "is_unisex": "True", "phone_number": "925-426-1750", "street_address": "77 West Angela Street", "stylist_name": "Salon 77 West"}, {"average_rating": "4.40", "city": "Pleasanton", "is_unisex": "True", "phone_number": "925-847-3090", "street_address": "4001 Santa Rita Road Suite 3", "stylist_name": "Sport Clips Haircuts Of Pleasanton"}, {"average_rating": "3.30", "city": "Pleasanton", "is_unisex": "True", "phone_number": "925-461-1438", "street_address": "1737 Santa Rita Road #200", "stylist_name": "Supercuts"}, {"average_rating": "2.90", "city": "Pleasanton", "is_unisex": "True", "phone_number": "925-425-7700", "street_address": "2243 Stoneridge Mall Road", "stylist_name": "Urban Barber Barbershop"}], "slots": [{"exclusive_end": 78, "slot": "stylist_name", "start": 59}, {"exclusive_end": 102, "slot": "city", "start": 92}]}], "speaker": "SYSTEM", "utterance": "There are 9 salons I think you would like. The best one is Cosmo'S Barber shop and it is in Pleasanton."}, {"frames": [{"actions": [{"act": "SELECT", "canonical_values": [], "slot": "", "values": []}], "service": "Services_1", "slots": [], "state": {"active_intent": "FindProvider", "requested_slots": [], "slot_values": {"city": ["Pleasanton"], "stylist_name": ["Cosmo'S Barber shop"]}}}], "speaker": "USER", "utterance": "Yes, that would be very good."}, {"frames": [{"actions": [{"act": "OFFER_INTENT", "canonical_values": ["BookAppointment"], "slot": "intent", "values": ["BookAppointment"]}], "service": "Services_1", "slots": []}], "speaker": "SYSTEM", "utterance": "Do you think I should book an appointment?"}, {"frames": [{"actions": [{"act": "AFFIRM_INTENT", "canonical_values": [], "slot": "", "values": []}, {"act": "INFORM", "canonical_values": ["16:30"], "slot": "appointment_time", "values": ["4:30 pm"]}], "service": "Services_1", "slots": [{"exclusive_end": 47, "slot": "appointment_time", "start": 40}], "state": {"active_intent": "BookAppointment", "requested_slots": [], "slot_values": {"appointment_time": ["4:30 pm"], "city": ["Pleasanton"], "stylist_name": ["Cosmo'S Barber shop"]}}}], "speaker": "USER", "utterance": "I would like to book an appointment for 4:30 pm."}, {"frames": [{"actions": [{"act": "REQUEST", "canonical_values": [], "slot": "appointment_date", "values": []}], "service": "Services_1", "slots": []}], "speaker": "SYSTEM", "utterance": "Do you have a preffered date in mind?"}, {"frames": [{"actions": [{"act": "INFORM", "canonical_values": ["2019-03-14"], "slot": "appointment_date", "values": ["the 14th"]}, {"act": "INFORM", "canonical_values": ["17:00"], "slot": "appointment_time", "values": ["5 o\"clock in the evening"]}], "service": "Services_1", "slots": [{"exclusive_end": 48, "slot": "appointment_date", "start": 40}, {"exclusive_end": 76, "slot": "appointment_time", "start": 52}], "state": {"active_intent": "BookAppointment", "requested_slots": [], "slot_values": {"appointment_date": ["the 14th"], "appointment_time": ["5 o\"clock in the evening"], "city": ["Pleasanton"], "stylist_name": ["Cosmo'S Barber shop"]}}}], "speaker": "USER", "utterance": "I would like to set the appointment for the 14th at 5 o\"clock in the evening."}, {"frames": [{"actions": [{"act": "CONFIRM", "canonical_values": ["Cosmo'S Barber Shop"], "slot": "stylist_name", "values": ["Cosmo's barber Shop"]}, {"act": "CONFIRM", "canonical_values": ["17:00"], "slot": "appointment_time", "values": ["5 pm"]}, {"act": "CONFIRM", "canonical_values": ["2019-03-14"], "slot": "appointment_date", "values": ["March 14th"]}], "service": "Services_1", "slots": [{"exclusive_end": 79, "slot": "stylist_name", "start": 60}, {"exclusive_end": 126, "slot": "appointment_time", "start": 122}, {"exclusive_end": 118, "slot": "appointment_date", "start": 108}]}], "speaker": "SYSTEM", "utterance": "Can you please confirm that the name of the hair stylist is Cosmo's barber Shop and that the appointment on March 14th at 5 pm?"}, {"frames": [{"actions": [{"act": "INFORM", "canonical_values": ["2019-03-03"], "slot": "appointment_date", "values": ["Sunday this week"]}, {"act": "NEGATE", "canonical_values": [], "slot": "", "values": []}], "service": "Services_1", "slots": [{"exclusive_end": 51, "slot": "appointment_date", "start": 35}], "state": {"active_intent": "BookAppointment", "requested_slots": [], "slot_values": {"appointment_date": ["Sunday this week"], "appointment_time": ["5 o\"clock in the evening", "5 pm"], "city": ["Pleasanton"], "stylist_name": ["Cosmo'S Barber shop", "Cosmo's barber Shop"]}}}], "speaker": "USER", "utterance": "I would like to visit the salon on Sunday this week."}, {"frames": [{"actions": [{"act": "CONFIRM", "canonical_values": ["17:00"], "slot": "appointment_time", "values": ["5 pm"]}, {"act": "CONFIRM", "canonical_values": ["2019-03-03"], "slot": "appointment_date", "values": ["day after tomorrow"]}], "service": "Services_1", "slots": [{"exclusive_end": 53, "slot": "appointment_time", "start": 49}, {"exclusive_end": 76, "slot": "appointment_date", "start": 58}]}], "speaker": "SYSTEM", "utterance": "Can you please confirm that the appointment is a 5 pm the day after tomorrow."}, {"frames": [{"actions": [{"act": "REQUEST", "canonical_values": [], "slot": "average_rating", "values": []}, {"act": "AFFIRM", "canonical_values": [], "slot": "", "values": []}], "service": "Services_1", "slots": [], "state": {"active_intent": "BookAppointment", "requested_slots": ["average_rating"], "slot_values": {"appointment_date": ["Sunday this week", "day after tomorrow"], "appointment_time": ["5 o\"clock in the evening", "5 pm"], "city": ["Pleasanton"], "stylist_name": ["Cosmo'S Barber shop", "Cosmo's barber Shop"]}}}], "speaker": "USER", "utterance": "That sounds great. What is the average rating?"}, {"frames": [{"actions": [{"act": "INFORM", "canonical_values": ["4.30"], "slot": "average_rating", "values": ["4.3"]}, {"act": "NOTIFY_SUCCESS", "canonical_values": [], "slot": "", "values": []}], "service": "Services_1", "service_call": {"method": "BookAppointment", "parameters": {"appointment_date": "2019-03-03", "appointment_time": "17:00", "stylist_name": "Cosmo'S Barber Shop"}}, "service_results": [{"appointment_date": "2019-03-03", "appointment_time": "17:00", "average_rating": "4.30", "is_unisex": "True", "phone_number": "925-462-2695", "street_address": "4275 First Street", "stylist_name": "Cosmo'S Barber Shop"}], "slots": [{"exclusive_end": 58, "slot": "average_rating", "start": 55}]}], "speaker": "SYSTEM", "utterance": "Your appointment is confirmed with a average rating of 4.3."}, {"frames": [{"actions": [{"act": "REQUEST", "canonical_values": [], "slot": "street_address", "values": []}, {"act": "REQUEST", "canonical_values": [], "slot": "is_unisex", "values": []}], "service": "Services_1", "slots": [], "state": {"active_intent": "BookAppointment", "requested_slots": ["is_unisex", "street_address"], "slot_values": {"appointment_date": ["Sunday this week", "day after tomorrow"], "appointment_time": ["5 o\"clock in the evening", "5 pm"], "city": ["Pleasanton"], "stylist_name": ["Cosmo'S Barber shop", "Cosmo's barber Shop"]}}}], "speaker": "USER", "utterance": "What is the address and is it unisex?"}, {"frames": [{"actions": [{"act": "INFORM", "canonical_values": ["4275 First Street"], "slot": "street_address", "values": ["4275 first Street"]}, {"act": "INFORM", "canonical_values": ["True"], "slot": "is_unisex", "values": ["True"]}], "service": "Services_1", "slots": [{"exclusive_end": 32, "slot": "street_address", "start": 15}]}], "speaker": "SYSTEM", "utterance": "The address is 4275 first Street and it is a unisex salon."}, {"frames": [{"actions": [{"act": "THANK_YOU", "canonical_values": [], "slot": "", "values": []}, {"act": "GOODBYE", "canonical_values": [], "slot": "", "values": []}], "service": "Services_1", "slots": [], "state": {"active_intent": "BookAppointment", "requested_slots": [], "slot_values": {"appointment_date": ["Sunday this week", "day after tomorrow"], "appointment_time": ["5 o\"clock in the evening", "5 pm"], "city": ["Pleasanton"], "stylist_name": ["Cosmo'S Barber shop", "Cosmo's barber Shop"]}}}], "speaker": "USER", "utterance": "Thank you so much, that is all I need."}, {"frames": [{"actions": [{"act": "GOODBYE", "canonical_values": [], "slot": "", "values": []}], "service": "Services_1", "slots": []}], "speaker": "SYSTEM", "utterance": "I hope you have a pleasant day."}]}, {"dialogue_id": "30_00003", "services": ["Services_1"], "turns": [{"frames": [{"actions": [{"act": "INFORM_INTENT", "canonical_values": ["FindProvider"], "slot": "intent", "values": ["FindProvider"]}], "service": "Services_1", "slots": [], "state": {"active_intent": "FindProvider", "requested_slots": [], "slot_values": {}}}], "speaker": "USER", "utterance": "Can you help me locate a salon?"}, {"frames": [{"actions": [{"act": "REQUEST", "canonical_values": [], "slot": "city", "values": []}], "service": "Services_1", "slots": []}], "speaker": "SYSTEM", "utterance": "What city would you like to start your search in?"}, {"frames": [{"actions": [{"act": "INFORM", "canonical_values": ["San Jose"], "slot": "city", "values": ["San Jose"]}], "service": "Services_1", "slots": [{"exclusive_end": 22, "slot": "city", "start": 14}], "state": {"active_intent": "FindProvider", "requested_slots": [], "slot_values": {"city": ["San Jose"]}}}], "speaker": "USER", "utterance": "Let's go with San Jose."}, {"frames": [{"actions": [{"act": "OFFER", "canonical_values": ["Atelier Salon Willow Glen"], "slot": "stylist_name", "values": ["Atelier Salon Willow Glen"]}, {"act": "OFFER", "canonical_values": ["San Jose"], "slot": "city", "values": ["San Jose"]}, {"act": "INFORM_COUNT", "canonical_values": ["10"], "slot": "count", "values": ["10"]}], "service": "Services_1", "service_call": {"method": "FindProvider", "parameters": {"city": "San Jose"}}, "service_results": [{"average_rating": "4.30", "city": "San Jose", "is_unisex": "True", "phone_number": "408-293-3494", "street_address": "1047 Lincoln Highway suite 101", "stylist_name": "Atelier Salon Willow Glen"}, {"average_rating": "5.00", "city": "San Jose", "is_unisex": "True", "phone_number": "669-258-9601", "street_address": "1775 Park Avenue", "stylist_name": "Barba & Co. San Jose"}, {"average_rating": "4.50", "city": "San Jose", "is_unisex": "True", "phone_number": "408-460-8070", "street_address": "1186 South 2nd Street", "stylist_name": "Beautique Salon"}, {"average_rating": "4.70", "city": "San Jose", "is_unisex": "True", "phone_number": "408-271-1970", "street_address": "200 South 1st Street #70", "stylist_name": "Bedlam Beauty & Barber"}, {"average_rating": "4.70", "city": "San Jose", "is_unisex": "True", "phone_number": "408-421-8035", "street_address": "892 Emory Street", "stylist_name": "Bellarmine Barber Shop"}, {"average_rating": "4.20", "city": "San Jose", "is_unisex": "True", "phone_number": "408-947-9926", "street_address": "448 East Santa Clara Street", "stylist_name": "Braid It Up"}, {"average_rating": "4.60", "city": "San Jose", "is_unisex": "True", "phone_number": "408-216-9649", "street_address": "2314 Stevens Creek Boulevard", "stylist_name": "Concept Barbershop"}, {"average_rating": "4.80", "city": "San Jose", "is_unisex": "True", "phone_number": "408-821-6847", "street_address": "4750 Almaden Expressway Suite 128 Suite 128", "stylist_name": "Cookie Cutters Haircuts For Kids - San Jose"}, {"average_rating": "4.50", "city": "San Jose", "is_unisex": "True", "phone_number": "408-418-3299", "street_address": "111 North Market Street #140", "stylist_name": "Crewners Barber Shop"}, {"average_rating": "4.50", "city": "San Jose", "is_unisex": "True", "phone_number": "408-218-4644", "street_address": "1918 Alum Rock Avenue", "stylist_name": "Delabay Kutz"}], "slots": [{"exclusive_end": 97, "slot": "stylist_name", "start": 72}, {"exclusive_end": 59, "slot": "city", "start": 51}]}], "speaker": "SYSTEM", "utterance": "Great, I've pulled up 10 salons. The nicest one in San Jose seems to be Atelier Salon Willow Glen."}, {"frames": [{"actions": [{"act": "REQUEST", "canonical_values": [], "slot": "street_address", "values": []}], "service": "Services_1", "slots": [], "state": {"active_intent": "FindProvider", "requested_slots": ["street_address"], "slot_values": {"city": ["San Jose"]}}}], "speaker": "USER", "utterance": "Ok, what's the address?"}, {"frames": [{"actions": [{"act": "INFORM", "canonical_values": ["1047 Lincoln Highway suite 101"], "slot": "street_address", "values": ["1047 Lincoln Highway suite 101"]}], "service": "Services_1", "slots": [{"exclusive_end": 55, "slot": "street_address", "start": 25}]}], "speaker": "SYSTEM", "utterance": "The address is listed as 1047 Lincoln Highway suite 101."}, {"frames": [{"actions": [{"act": "SELECT", "canonical_values": [], "slot": "", "values": []}], "service": "Services_1", "slots": [], "state": {"active_intent": "FindProvider", "requested_slots": [], "slot_values": {"city": ["San Jose"], "stylist_name": ["Atelier Salon Willow Glen"]}}}], "speaker": "USER", "utterance": "That's close to where I'll be. That sounds like a winner."}, {"frames": [{"actions": [{"act": "OFFER_INTENT", "canonical_values": ["BookAppointment"], "slot": "intent", "values": ["BookAppointment"]}], "service": "Services_1", "slots": []}], "speaker": "SYSTEM", "utterance": "Would you like to set an appointment?"}, {"frames": [{"actions": [{"act": "AFFIRM_INTENT", "canonical_values": [], "slot": "", "values": []}], "service": "Services_1", "slots": [], "state": {"active_intent": "BookAppointment", "requested_slots": [], "slot_values": {"city": ["San Jose"], "stylist_name": ["Atelier Salon Willow Glen"]}}}], "speaker": "USER", "utterance": "Yes, I would."}, {"frames": [{"actions": [{"act": "REQUEST", "canonical_values": [], "slot": "appointment_time", "values": []}], "service": "Services_1", "slots": []}], "speaker": "SYSTEM", "utterance": "At what time would you like to shcedule your visit?"}, {"frames": [{"actions": [{"act": "INFORM", "canonical_values": ["13:45"], "slot": "appointment_time", "values": ["afternoon 1:45"]}], "service": "Services_1", "slots": [{"exclusive_end": 37, "slot": "appointment_time", "start": 23}], "state": {"active_intent": "BookAppointment", "requested_slots": [], "slot_values": {"appointment_time": ["afternoon 1:45"], "city": ["San Jose"], "stylist_name": ["Atelier Salon Willow Glen"]}}}], "speaker": "USER", "utterance": "Are there openings for afternoon 1:45?"}, {"frames": [{"actions": [{"act": "REQUEST", "canonical_values": [], "slot": "appointment_date", "values": []}], "service": "Services_1", "slots": []}], "speaker": "SYSTEM", "utterance": "Yes, what date would you like?"}, {"frames": [{"actions": [{"act": "INFORM", "canonical_values": ["2019-03-10"], "slot": "appointment_date", "values": ["March 10th"]}], "service": "Services_1", "slots": [{"exclusive_end": 24, "slot": "appointment_date", "start": 14}], "state": {"active_intent": "BookAppointment", "requested_slots": [], "slot_values": {"appointment_date": ["March 10th"], "appointment_time": ["afternoon 1:45"], "city": ["San Jose"], "stylist_name": ["Atelier Salon Willow Glen"]}}}], "speaker": "USER", "utterance": "Let's go with March 10th."}, {"frames": [{"actions": [{"act": "CONFIRM", "canonical_values": ["Atelier Salon Willow Glen"], "slot": "stylist_name", "values": ["Atelier Salon Willow Glen"]}, {"act": "CONFIRM", "canonical_values": ["13:45"], "slot": "appointment_time", "values": ["1:45 pm"]}, {"act": "CONFIRM", "canonical_values": ["2019-03-10"], "slot": "appointment_date", "values": ["March 10th"]}], "service": "Services_1", "slots": [{"exclusive_end": 86, "slot": "stylist_name", "start": 61}, {"exclusive_end": 110, "slot": "appointment_time", "start": 103}, {"exclusive_end": 101, "slot": "appointment_date", "start": 91}]}], "speaker": "SYSTEM", "utterance": "Let's confirm your details: We are setting an appointment at Atelier Salon Willow Glen for March 10th, 1:45 pm?"}, {"frames": [{"actions": [{"act": "AFFIRM", "canonical_values": [], "slot": "", "values": []}], "service": "Services_1", "slots": [], "state": {"active_intent": "BookAppointment", "requested_slots": [], "slot_values": {"appointment_date": ["March 10th"], "appointment_time": ["1:45 pm", "afternoon 1:45"], "city": ["San Jose"], "stylist_name": ["Atelier Salon Willow Glen"]}}}], "speaker": "USER", "utterance": "That's correct."}, {"frames": [{"actions": [{"act": "NOTIFY_SUCCESS", "canonical_values": [], "slot": "", "values": []}], "service": "Services_1", "service_call": {"method": "BookAppointment", "parameters": {"appointment_date": "2019-03-10", "appointment_time": "13:45", "stylist_name": "Atelier Salon Willow Glen"}}, "service_results": [{"appointment_date": "2019-03-10", "appointment_time": "13:30", "average_rating": "4.30", "is_unisex": "True", "phone_number": "408-293-3494", "street_address": "1047 Lincoln Highway suite 101", "stylist_name": "Atelier Salon Willow Glen"}], "slots": []}], "speaker": "SYSTEM", "utterance": "Great, your appointment has been successfully booked and confirmed."}, {"frames": [{"actions": [{"act": "THANK_YOU", "canonical_values": [], "slot": "", "values": []}], "service": "Services_1", "slots": [], "state": {"active_intent": "BookAppointment", "requested_slots": [], "slot_values": {"appointment_date": ["March 10th"], "appointment_time": ["1:45 pm", "afternoon 1:45"], "city": ["San Jose"], "stylist_name": ["Atelier Salon Willow Glen"]}}}], "speaker": "USER", "utterance": "Awesome, thank you."}, {"frames": [{"actions": [{"act": "REQ_MORE", "canonical_values": [], "slot": "", "values": []}], "service": "Services_1", "slots": []}], "speaker": "SYSTEM", "utterance": "Is there anything else I can help you with today?"}, {"frames": [{"actions": [{"act": "NEGATE", "canonical_values": [], "slot": "", "values": []}, {"act": "THANK_YOU", "canonical_values": [], "slot": "", "values": []}], "service": "Services_1", "slots": [], "state": {"active_intent": "NONE", "requested_slots": [], "slot_values": {"appointment_date": ["March 10th"], "appointment_time": ["1:45 pm", "afternoon 1:45"], "city": ["San Jose"], "stylist_name": ["Atelier Salon Willow Glen"]}}}], "speaker": "USER", "utterance": "No, that will be all. I appreciate your help."}, {"frames": [{"actions": [{"act": "GOODBYE", "canonical_values": [], "slot": "", "values": []}], "service": "Services_1", "slots": []}], "speaker": "SYSTEM", "utterance": "My pleasure. Have a great day."}]}, {"dialogue_id": "30_00004", "services": ["Services_1"], "turns": [{"frames": [{"actions": [{"act": "INFORM_INTENT", "canonical_values": ["FindProvider"], "slot": "intent", "values": ["FindProvider"]}], "service": "Services_1", "slots": [], "state": {"active_intent": "FindProvider", "requested_slots": [], "slot_values": {}}}], "speaker": "USER", "utterance": "I would like to find a salon, please."}, {"frames": [{"actions": [{"act": "REQUEST", "canonical_values": [], "slot": "city", "values": []}], "service": "Services_1", "slots": []}], "speaker": "SYSTEM", "utterance": "All right, I can help you with that. What city would you like the salon to be in?"}, {"frames": [{"actions": [{"act": "INFORM", "canonical_values": ["True"], "slot": "is_unisex", "values": ["True"]}, {"act": "INFORM", "canonical_values": ["San Francisco"], "slot": "city", "values": ["San Fran"]}], "service": "Services_1", "slots": [{"exclusive_end": 44, "slot": "city", "start": 36}], "state": {"active_intent": "FindProvider", "requested_slots": [], "slot_values": {"city": ["San Fran"], "is_unisex": ["True"]}}}], "speaker": "USER", "utterance": "I'd like it to be a unisex salon in San Fran, California."}, {"frames": [{"actions": [{"act": "OFFER", "canonical_values": ["1512 Barber Shop"], "slot": "stylist_name", "values": ["1512 Barber Shop"]}, {"act": "OFFER", "canonical_values": ["San Francisco"], "slot": "city", "values": ["San Francisco"]}], "service": "Services_1", "service_call": {"method": "FindProvider", "parameters": {"city": "San Francisco", "is_unisex": "True"}}, "service_results": [{"average_rating": "4.80", "city": "San Francisco", "is_unisex": "True", "phone_number": "415-286-4371", "street_address": "1532 20th Street", "stylist_name": "1512 Barber Shop"}, {"average_rating": "4.50", "city": "San Francisco", "is_unisex": "True", "phone_number": "415-824-1335", "street_address": "2737 20th Street", "stylist_name": "20Th Salon And Barber"}, {"average_rating": "3.90", "city": "San Francisco", "is_unisex": "True", "phone_number": "415-788-4936", "street_address": "44 Montgomery Street #30", "stylist_name": "A Businessman'S Haircut"}, {"average_rating": "4.40", "city": "San Francisco", "is_unisex": "True", "phone_number": "415-296-9212", "street_address": "310 Sutter Street 4th floor", "stylist_name": "Alcheme Salon"}, {"average_rating": "5.00", "city": "San Francisco", "is_unisex": "True", "phone_number": "415-445-9373", "street_address": "333 Bush Street Suite #104", "stylist_name": "Alexander G."}, {"average_rating": "4.40", "city": "San Francisco", "is_unisex": "True", "phone_number": "415-587-5003", "street_address": "949 Geneva Avenue", "stylist_name": "Amazon Barber Shop"}, {"average_rating": "4.40", "city": "San Francisco", "is_unisex": "True", "phone_number": "415-956-4049", "street_address": "140 Sutter Street", "stylist_name": "Arcade Barber Shop"}, {"average_rating": "4.90", "city": "San Francisco", "is_unisex": "True", "phone_number": "415-658-7469", "street_address": "1041 Guerrero Street", "stylist_name": "Arrow Salon"}, {"average_rating": "4.80", "city": "San Francisco", "is_unisex": "True", "phone_number": "415-501-0338", "street_address": "2, 1996 Union Street", "stylist_name": "Arthur Sebastian Hair Salon"}, {"average_rating": "4.60", "city": "San Francisco", "is_unisex": "True", "phone_number": "415-931-4405", "street_address": "1680 Post Street", "stylist_name": "Arty Hair Salon"}], "slots": [{"exclusive_end": 75, "slot": "stylist_name", "start": 59}, {"exclusive_end": 51, "slot": "city", "start": 38}]}], "speaker": "SYSTEM", "utterance": "Excellent! I've found a nice salon in San Francisco called 1512 Barber Shop."}, {"frames": [{"actions": [{"act": "REQUEST", "canonical_values": [], "slot": "average_rating", "values": []}, {"act": "REQUEST", "canonical_values": [], "slot": "street_address", "values": []}], "service": "Services_1", "slots": [], "state": {"active_intent": "FindProvider", "requested_slots": ["average_rating", "street_address"], "slot_values": {"city": ["San Fran", "San Francisco"], "is_unisex": ["True"]}}}], "speaker": "USER", "utterance": "Can you tell me its average rating and its address?"}, {"frames": [{"actions": [{"act": "INFORM", "canonical_values": ["1532 20th Street"], "slot": "street_address", "values": ["1532 20th Street"]}, {"act": "INFORM", "canonical_values": ["4.80"], "slot": "average_rating", "values": ["4.8"]}], "service": "Services_1", "slots": [{"exclusive_end": 43, "slot": "street_address", "start": 27}, {"exclusive_end": 79, "slot": "average_rating", "start": 76}]}], "speaker": "SYSTEM", "utterance": "Absolutely! The address is 1532 20th Street and it has an average rating of 4.8 out of 5."}, {"frames": [{"actions": [{"act": "REQUEST_ALTS", "canonical_values": [], "slot": "", "values": []}], "service": "Services_1", "slots": [], "state": {"active_intent": "FindProvider", "requested_slots": [], "slot_values": {"city": ["San Fran", "San Francisco"], "is_unisex": ["True"]}}}], "speaker": "USER", "utterance": "That might be a little too far for me. Can you find me something different, please?"}, {"frames": [{"actions": [{"act": "OFFER", "canonical_values": ["20Th Salon And Barber"], "slot": "stylist_name", "values": ["20th Salon and Barber"]}, {"act": "OFFER", "canonical_values": ["San Francisco"], "slot": "city", "values": ["San Francisco"]}], "service": "Services_1", "slots": [{"exclusive_end": 38, "slot": "stylist_name", "start": 17}, {"exclusive_end": 55, "slot": "city", "start": 42}]}], "speaker": "SYSTEM", "utterance": "No problem! Does 20th Salon and Barber in San Francisco work for you?"}, {"frames": [{"actions": [{"act": "INFORM", "canonical_values": ["Petaluma"], "slot": "city", "values": ["Petaluma"]}, {"act": "REQUEST_ALTS", "canonical_values": [], "slot": "", "values": []}], "service": "Services_1", "slots": [{"exclusive_end": 27, "slot": "city", "start": 19}], "state": {"active_intent": "FindProvider", "requested_slots": [], "slot_values": {"city": ["Petaluma"], "is_unisex": ["True"]}}}], "speaker": "USER", "utterance": "I think a salon in Petaluma would work better. Can you find me a salon in that city instead?"}, {"frames": [{"actions": [{"act": "OFFER", "canonical_values": ["Dukes And Dolls Salon"], "slot": "stylist_name", "values": ["Dukes and Dolls Salon"]}, {"act": "OFFER", "canonical_values": ["Petaluma"], "slot": "city", "values": ["Petaluma"]}, {"act": "INFORM_COUNT", "canonical_values": ["7"], "slot": "count", "values": ["7"]}], "service": "Services_1", "service_call": {"method": "FindProvider", "parameters": {"city": "Petaluma", "is_unisex": "True"}}, "service_results": [{"average_rating": "4.90", "city": "Petaluma", "is_unisex": "True", "phone_number": "707-769-8000", "street_address": "25 Kentucky Street", "stylist_name": "Dukes And Dolls Salon"}, {"average_rating": "5.00", "city": "Petaluma", "is_unisex": "True", "phone_number": "707-364-6469", "street_address": "410 Petaluma Boulevard South", "stylist_name": "Modern Classics Barber Shop"}, {"average_rating": "4.70", "city": "Petaluma", "is_unisex": "True", "phone_number": "707-981-8469", "street_address": "145 1st Street", "stylist_name": "Salon Method"}, {"average_rating": "3.70", "city": "Petaluma", "is_unisex": "True", "phone_number": "707-766-7100", "street_address": "401 Kenilworth Drive Ste 640", "stylist_name": "Sport Clips Haircuts Of Petaluma"}, {"average_rating": "3.90", "city": "Petaluma", "is_unisex": "True", "phone_number": "707-765-6300", "street_address": "401 Kenilworth Drive, suite 610", "stylist_name": "Style Bar"}, {"average_rating": "4.20", "city": "Petaluma", "is_unisex": "True", "phone_number": "707-765-1055", "street_address": "367 South McDowell Boulevard", "stylist_name": "Supercuts"}, {"average_rating": "4.60", "city": "Petaluma", "is_unisex": "True", "phone_number": "707-773-1258", "street_address": "139 Kentucky Street", "stylist_name": "The Shop - Cuts For Men & Women"}], "slots": [{"exclusive_end": 74, "slot": "stylist_name", "start": 53}, {"exclusive_end": 86, "slot": "city", "start": 78}]}], "speaker": "SYSTEM", "utterance": "Absolutely! I found 7 salons you may like. I suggest Dukes and Dolls Salon in Petaluma."}, {"frames": [{"actions": [{"act": "SELECT", "canonical_values": [], "slot": "", "values": []}], "service": "Services_1", "slots": [], "state": {"active_intent": "FindProvider", "requested_slots": [], "slot_values": {"city": ["Petaluma"], "is_unisex": ["True"], "stylist_name": ["Dukes and Dolls Salon"]}}}], "speaker": "USER", "utterance": "That sounds great!"}, {"frames": [{"actions": [{"act": "OFFER_INTENT", "canonical_values": ["BookAppointment"], "slot": "intent", "values": ["BookAppointment"]}], "service": "Services_1", "slots": []}], "speaker": "SYSTEM", "utterance": "Would you like me to book an appointment for you?"}, {"frames": [{"actions": [{"act": "AFFIRM_INTENT", "canonical_values": [], "slot": "", "values": []}], "service": "Services_1", "slots": [], "state": {"active_intent": "BookAppointment", "requested_slots": [], "slot_values": {"city": ["Petaluma"], "is_unisex": ["True"], "stylist_name": ["Dukes and Dolls Salon"]}}}], "speaker": "USER", "utterance": "Yes, please!"}, {"frames": [{"actions": [{"act": "REQUEST", "canonical_values": [], "slot": "appointment_time", "values": []}, {"act": "REQUEST", "canonical_values": [], "slot": "appointment_date", "values": []}], "service": "Services_1", "slots": []}], "speaker": "SYSTEM", "utterance": "Okay, no problem! What date and time would you like the appointment to be?"}, {"frames": [{"actions": [{"act": "INFORM", "canonical_values": ["2019-03-03"], "slot": "appointment_date", "values": ["March 3rd"]}, {"act": "INFORM", "canonical_values": ["13:00"], "slot": "appointment_time", "values": ["afternoon 1"]}], "service": "Services_1", "slots": [{"exclusive_end": 41, "slot": "appointment_date", "start": 32}, {"exclusive_end": 60, "slot": "appointment_time", "start": 49}], "state": {"active_intent": "BookAppointment", "requested_slots": [], "slot_values": {"appointment_date": ["March 3rd"], "appointment_time": ["afternoon 1"], "city": ["Petaluma"], "is_unisex": ["True"], "stylist_name": ["Dukes and Dolls Salon"]}}}], "speaker": "USER", "utterance": "Can you make the appointment on March 3rd in the afternoon 1?"}, {"frames": [{"actions": [{"act": "CONFIRM", "canonical_values": ["Dukes And Dolls Salon"], "slot": "stylist_name", "values": ["Dukes and Dolls Salon"]}, {"act": "CONFIRM", "canonical_values": ["13:00"], "slot": "appointment_time", "values": ["1 pm"]}, {"act": "CONFIRM", "canonical_values": ["2019-03-03"], "slot": "appointment_date", "values": ["day after tomorrow"]}], "service": "Services_1", "slots": [{"exclusive_end": 99, "slot": "stylist_name", "start": 78}, {"exclusive_end": 107, "slot": "appointment_time", "start": 103}, {"exclusive_end": 146, "slot": "appointment_date", "start": 128}]}], "speaker": "SYSTEM", "utterance": "Indeed! Can you confirm the following details, please? Your appointment is at Dukes and Dolls Salon at 1 pm and the date is the day after tomorrow."}, {"frames": [{"actions": [{"act": "REQUEST", "canonical_values": [], "slot": "phone_number", "values": []}, {"act": "REQUEST", "canonical_values": [], "slot": "average_rating", "values": []}, {"act": "AFFIRM", "canonical_values": [], "slot": "", "values": []}], "service": "Services_1", "slots": [], "state": {"active_intent": "BookAppointment", "requested_slots": ["average_rating", "phone_number"], "slot_values": {"appointment_date": ["March 3rd", "day after tomorrow"], "appointment_time": ["1 pm", "afternoon 1"], "city": ["Petaluma"], "is_unisex": ["True"], "stylist_name": ["Dukes and Dolls Salon"]}}}], "speaker": "USER", "utterance": "That sounds perfect! Can you tell me the contact number and the salon's average rating?"}, {"frames": [{"actions": [{"act": "INFORM", "canonical_values": ["707-769-8000"], "slot": "phone_number", "values": ["707-769-8000"]}, {"act": "INFORM", "canonical_values": ["4.90"], "slot": "average_rating", "values": ["4.9"]}, {"act": "NOTIFY_SUCCESS", "canonical_values": [], "slot": "", "values": []}], "service": "Services_1", "service_call": {"method": "BookAppointment", "parameters": {"appointment_date": "2019-03-03", "appointment_time": "13:00", "stylist_name": "Dukes And Dolls Salon"}}, "service_results": [{"appointment_date": "2019-03-03", "appointment_time": "13:00", "average_rating": "4.90", "is_unisex": "True", "phone_number": "707-769-8000", "street_address": "25 Kentucky Street", "stylist_name": "Dukes And Dolls Salon"}], "slots": [{"exclusive_end": 71, "slot": "phone_number", "start": 59}, {"exclusive_end": 101, "slot": "average_rating", "start": 98}]}], "speaker": "SYSTEM", "utterance": "Your appointment is confirmed. The salon's phone number is 707-769-8000 and the average rating is 4.9 out of 5."}, {"frames": [{"actions": [{"act": "THANK_YOU", "canonical_values": [], "slot": "", "values": []}], "service": "Services_1", "slots": [], "state": {"active_intent": "BookAppointment", "requested_slots": [], "slot_values": {"appointment_date": ["March 3rd", "day after tomorrow"], "appointment_time": ["1 pm", "afternoon 1"], "city": ["Petaluma"], "is_unisex": ["True"], "stylist_name": ["Dukes and Dolls Salon"]}}}], "speaker": "USER", "utterance": "That's perfect! Thank you!"}, {"frames": [{"actions": [{"act": "REQ_MORE", "canonical_values": [], "slot": "", "values": []}], "service": "Services_1", "slots": []}], "speaker": "SYSTEM", "utterance": "You're welcome! Do you need help with anything else?"}, {"frames": [{"actions": [{"act": "NEGATE", "canonical_values": [], "slot": "", "values": []}, {"act": "THANK_YOU", "canonical_values": [], "slot": "", "values": []}], "service": "Services_1", "slots": [], "state": {"active_intent": "NONE", "requested_slots": [], "slot_values": {"appointment_date": ["March 3rd", "day after tomorrow"], "appointment_time": ["1 pm", "afternoon 1"], "city": ["Petaluma"], "is_unisex": ["True"], "stylist_name": ["Dukes and Dolls Salon"]}}}], "speaker": "USER", "utterance": "No, that's all. Thank you for everything!"}, {"frames": [{"actions": [{"act": "GOODBYE", "canonical_values": [], "slot": "", "values": []}], "service": "Services_1", "slots": []}], "speaker": "SYSTEM", "utterance": "You're welcome. I hope you have a pleasant day!"}]}]