[{"dialogue_id": "123_00000", "services": ["Events_2", "Calendar_1"], "turns": [{"frames": [{"actions": [{"act": "INFORM", "canonical_values": ["Sparks Vs Lynx"], "slot": "event_name", "values": ["Sparks vs Lynx"]}, {"act": "INFORM_INTENT", "canonical_values": ["GetEventDates"], "slot": "intent", "values": ["GetEventDates"]}], "service": "Events_2", "slots": [{"exclusive_end": 29, "slot": "event_name", "start": 15}], "state": {"active_intent": "GetEventDates", "requested_slots": [], "slot_values": {"event_name": ["Sparks vs Lynx"]}}}], "speaker": "USER", "utterance": "Find dates for Sparks vs Lynx."}, {"frames": [{"actions": [{"act": "REQUEST", "canonical_values": [], "slot": "city", "values": []}], "service": "Events_2", "slots": []}], "speaker": "SYSTEM", "utterance": "In which city?"}, {"frames": [{"actions": [{"act": "INFORM", "canonical_values": ["Los Angeles"], "slot": "city", "values": ["LAX"]}], "service": "Events_2", "slots": [{"exclusive_end": 3, "slot": "city", "start": 0}], "state": {"active_intent": "GetEventDates", "requested_slots": [], "slot_values": {"city": ["LAX"], "event_name": ["Sparks vs Lynx"]}}}], "speaker": "USER", "utterance": "LAX."}, {"frames": [{"actions": [{"act": "OFFER", "canonical_values": ["2019-03-05"], "slot": "date", "values": ["March 5th"]}, {"act": "OFFER", "canonical_values": ["Sparks Vs Lynx"], "slot": "event_name", "values": ["Sparks vs Lynx"]}, {"act": "OFFER", "canonical_values": ["STAPLES Center"], "slot": "venue", "values": ["Staples Center"]}], "service": "Events_2", "service_call": {"method": "GetEventDates", "parameters": {"city": "Los Angeles", "event_name": "Sparks Vs Lynx"}}, "service_results": [{"city": "Los Angeles", "date": "2019-03-05", "event_name": "Sparks Vs Lynx", "time": "17:00", "venue": "STAPLES Center", "venue_address": "1111 South Figueroa Street"}, {"city": "Los Angeles", "date": "2019-03-07", "event_name": "Sparks Vs Lynx", "time": "18:00", "venue": "STAPLES Center", "venue_address": "1111 South Figueroa Street"}, {"city": "Los Angeles", "date": "2019-03-08", "event_name": "Sparks Vs Lynx", "time": "19:00", "venue": "STAPLES Center", "venue_address": "1111 South Figueroa Street"}], "slots": [{"exclusive_end": 50, "slot": "date", "start": 41}, {"exclusive_end": 14, "slot": "event_name", "start": 0}, {"exclusive_end": 40, "slot": "venue", "start": 26}]}], "speaker": "SYSTEM", "utterance": "Sparks vs Lynx will be at Staples Center March 5th."}, {"frames": [{"actions": [{"act": "SELECT", "canonical_values": [], "slot": "", "values": []}], "service": "Events_2", "slots": [], "state": {"active_intent": "GetEventDates", "requested_slots": [], "slot_values": {"city": ["LAX"], "date": ["March 5th"], "event_name": ["Sparks vs Lynx"]}}}], "speaker": "USER", "utterance": "Great."}, {"frames": [{"actions": [{"act": "REQ_MORE", "canonical_values": [], "slot": "", "values": []}], "service": "Events_2", "slots": []}], "speaker": "SYSTEM", "utterance": "Can I do something else for you?"}, {"frames": [{"actions": [{"act": "INFORM_INTENT", "canonical_values": ["GetAvailableTime"], "slot": "intent", "values": ["GetAvailableTime"]}], "service": "Calendar_1", "slots": [], "state": {"active_intent": "GetAvailableTime", "requested_slots": [], "slot_values": {"event_date": ["March 5th"]}}}], "speaker": "USER", "utterance": "What's my free time that day?"}, {"frames": [{"actions": [{"act": "OFFER", "canonical_values": ["2019-03-05"], "slot": "event_date", "values": ["March 5th"]}, {"act": "OFFER", "canonical_values": ["14:00"], "slot": "available_start_time", "values": ["2 pm"]}, {"act": "OFFER", "canonical_values": ["21:30"], "slot": "available_end_time", "values": ["9:30 pm"]}], "service": "Calendar_1", "service_call": {"method": "GetAvailableTime", "parameters": {"event_date": "2019-03-05"}}, "service_results": [{"available_end_time": "21:30", "available_start_time": "14:00", "event_date": "2019-03-05"}], "slots": [{"exclusive_end": 41, "slot": "event_date", "start": 32}, {"exclusive_end": 17, "slot": "available_start_time", "start": 13}, {"exclusive_end": 28, "slot": "available_end_time", "start": 21}]}], "speaker": "SYSTEM", "utterance": "You are free 2 pm to 9:30 pm on March 5th."}, {"frames": [{"actions": [{"act": "SELECT", "canonical_values": [], "slot": "", "values": []}], "service": "Calendar_1", "slots": [], "state": {"active_intent": "GetAvailableTime", "requested_slots": [], "slot_values": {"event_date": ["March 5th"]}}}], "speaker": "USER", "utterance": "Good."}, {"frames": [{"actions": [{"act": "OFFER_INTENT", "canonical_values": ["AddEvent"], "slot": "intent", "values": ["AddEvent"]}], "service": "Calendar_1", "slots": []}], "speaker": "SYSTEM", "utterance": "Do you want to add this to your calendar?"}, {"frames": [{"actions": [{"act": "NEGATE_INTENT", "canonical_values": [], "slot": "", "values": []}], "service": "Calendar_1", "slots": [], "state": {"active_intent": "NONE", "requested_slots": [], "slot_values": {"event_date": ["March 5th"]}}}], "speaker": "USER", "utterance": "No."}, {"frames": [{"actions": [{"act": "REQ_MORE", "canonical_values": [], "slot": "", "values": []}], "service": "Calendar_1", "slots": []}], "speaker": "SYSTEM", "utterance": "Can I do something else?"}, {"frames": [{"actions": [{"act": "INFORM", "canonical_values": ["1"], "slot": "number_of_tickets", "values": ["1"]}, {"act": "INFORM_INTENT", "canonical_values": ["BuyEventTickets"], "slot": "intent", "values": ["BuyEventTickets"]}], "service": "Events_2", "slots": [], "state": {"active_intent": "BuyEventTickets", "requested_slots": [], "slot_values": {"city": ["LAX"], "date": ["March 5th"], "event_name": ["Sparks vs Lynx"], "number_of_tickets": ["1"]}}}], "speaker": "USER", "utterance": "Book 1 ticket to the game."}, {"frames": [{"actions": [{"act": "CONFIRM", "canonical_values": ["Sparks Vs Lynx"], "slot": "event_name", "values": ["Sparks vs Lynx"]}, {"act": "CONFIRM", "canonical_values": ["1"], "slot": "number_of_tickets", "values": ["1"]}, {"act": "CONFIRM", "canonical_values": ["2019-03-05"], "slot": "date", "values": ["March 5th"]}, {"act": "CONFIRM", "canonical_values": ["Los Angeles"], "slot": "city", "values": ["Los Angeles"]}], "service": "Events_2", "slots": [{"exclusive_end": 42, "slot": "event_name", "start": 28}, {"exclusive_end": 52, "slot": "date", "start": 43}, {"exclusive_end": 67, "slot": "city", "start": 56}]}], "speaker": "SYSTEM", "utterance": "Please confirm: 1 ticket to Sparks vs Lynx March 5th in Los Angeles."}, {"frames": [{"actions": [{"act": "AFFIRM", "canonical_values": [], "slot": "", "values": []}], "service": "Events_2", "slots": [], "state": {"active_intent": "BuyEventTickets", "requested_slots": [], "slot_values": {"city": ["LAX", "Los Angeles"], "date": ["March 5th"], "event_name": ["Sparks vs Lynx"], "number_of_tickets": ["1"]}}}], "speaker": "USER", "utterance": "Yes."}, {"frames": [{"actions": [{"act": "NOTIFY_SUCCESS", "canonical_values": [], "slot": "", "values": []}], "service": "Events_2", "service_call": {"method": "BuyEventTickets", "parameters": {"city": "Los Angeles", "date": "2019-03-05", "event_name": "Sparks Vs Lynx", "number_of_tickets": "1"}}, "service_results": [{"city": "Los Angeles", "date": "2019-03-05", "event_name": "Sparks Vs Lynx", "number_of_tickets": "1", "time": "17:00", "venue": "STAPLES Center", "venue_address": "1111 South Figueroa Street"}], "slots": []}], "speaker": "SYSTEM", "utterance": "Your ticket is reserved, have fun!"}, {"frames": [{"actions": [{"act": "REQUEST", "canonical_values": [], "slot": "venue_address", "values": []}], "service": "Events_2", "slots": [], "state": {"active_intent": "BuyEventTickets", "requested_slots": ["venue_address"], "slot_values": {"city": ["LAX", "Los Angeles"], "date": ["March 5th"], "event_name": ["Sparks vs Lynx"], "number_of_tickets": ["1"]}}}], "speaker": "USER", "utterance": "What the address?"}, {"frames": [{"actions": [{"act": "INFORM", "canonical_values": ["1111 South Figueroa Street"], "slot": "venue_address", "values": ["1111 South Figueroa Street"]}], "service": "Events_2", "slots": [{"exclusive_end": 26, "slot": "venue_address", "start": 0}]}], "speaker": "SYSTEM", "utterance": "1111 South Figueroa Street."}, {"frames": [{"actions": [{"act": "THANK_YOU", "canonical_values": [], "slot": "", "values": []}], "service": "Events_2", "slots": [], "state": {"active_intent": "BuyEventTickets", "requested_slots": [], "slot_values": {"city": ["LAX", "Los Angeles"], "date": ["March 5th"], "event_name": ["Sparks vs Lynx"], "number_of_tickets": ["1"]}}}], "speaker": "USER", "utterance": "Thanks."}, {"frames": [{"actions": [{"act": "REQ_MORE", "canonical_values": [], "slot": "", "values": []}], "service": "Events_2", "slots": []}], "speaker": "SYSTEM", "utterance": "Anything else I can help with?"}, {"frames": [{"actions": [{"act": "NEGATE", "canonical_values": [], "slot": "", "values": []}, {"act": "THANK_YOU", "canonical_values": [], "slot": "", "values": []}], "service": "Events_2", "slots": [], "state": {"active_intent": "NONE", "requested_slots": [], "slot_values": {"city": ["LAX", "Los Angeles"], "date": ["March 5th"], "event_name": ["Sparks vs Lynx"], "number_of_tickets": ["1"]}}}], "speaker": "USER", "utterance": "No, thanks."}, {"frames": [{"actions": [{"act": "GOODBYE", "canonical_values": [], "slot": "", "values": []}], "service": "Events_2", "slots": []}], "speaker": "SYSTEM", "utterance": "Have a nice day."}]}, {"dialogue_id": "123_00001", "services": ["Events_2", "Calendar_1"], "turns": [{"frames": [{"actions": [{"act": "INFORM", "canonical_values": ["Chicago"], "slot": "city", "values": ["Chi-town"]}, {"act": "INFORM_INTENT", "canonical_values": ["GetEventDates"], "slot": "intent", "values": ["GetEventDates"]}], "service": "Events_2", "slots": [{"exclusive_end": 35, "slot": "city", "start": 27}], "state": {"active_intent": "GetEventDates", "requested_slots": [], "slot_values": {"city": ["Chi-town"]}}}], "speaker": "USER", "utterance": "I want to attend events in Chi-town."}, {"frames": [{"actions": [{"act": "REQUEST", "canonical_values": [], "slot": "event_name", "values": []}], "service": "Events_2", "slots": []}], "speaker": "SYSTEM", "utterance": "What event?"}, {"frames": [{"actions": [{"act": "INFORM", "canonical_values": ["The Buttertones"], "slot": "event_name", "values": ["the Buttertones"]}], "service": "Events_2", "slots": [{"exclusive_end": 29, "slot": "event_name", "start": 14}], "state": {"active_intent": "GetEventDates", "requested_slots": [], "slot_values": {"city": ["Chi-town"], "event_name": ["the Buttertones"]}}}], "speaker": "USER", "utterance": "I want to see the Buttertones."}, {"frames": [{"actions": [{"act": "OFFER", "canonical_values": ["2019-03-06"], "slot": "date", "values": ["March 6th"]}, {"act": "OFFER", "canonical_values": ["The Buttertones"], "slot": "event_name", "values": ["the Buttertones"]}, {"act": "OFFER", "canonical_values": ["Chop Shop"], "slot": "venue", "values": ["Chop Shop"]}, {"act": "INFORM_COUNT", "canonical_values": ["5"], "slot": "count", "values": ["5"]}], "service": "Events_2", "service_call": {"method": "GetEventDates", "parameters": {"city": "Chicago", "event_name": "The Buttertones"}}, "service_results": [{"city": "Chicago", "date": "2019-03-06", "event_name": "The Buttertones", "time": "18:30", "venue": "Chop Shop", "venue_address": "2033 West North Avenue"}, {"city": "Chicago", "date": "2019-03-07", "event_name": "The Buttertones", "time": "18:30", "venue": "Chop Shop", "venue_address": "2033 West North Avenue"}, {"city": "Chicago", "date": "2019-03-09", "event_name": "The Buttertones", "time": "18:00", "venue": "Chop Shop", "venue_address": "2033 West North Avenue"}, {"city": "Chicago", "date": "2019-03-10", "event_name": "The Buttertones", "time": "19:00", "venue": "Chop Shop", "venue_address": "2033 West North Avenue"}, {"city": "Chicago", "date": "2019-03-12", "event_name": "The Buttertones", "time": "17:30", "venue": "Chop Shop", "venue_address": "2033 West North Avenue"}], "slots": [{"exclusive_end": 71, "slot": "date", "start": 62}, {"exclusive_end": 35, "slot": "event_name", "start": 20}, {"exclusive_end": 48, "slot": "venue", "start": 39}]}], "speaker": "SYSTEM", "utterance": "I found 5 dates for the Buttertones at Chop Shop beginning on March 6th."}, {"frames": [{"actions": [{"act": "REQUEST", "canonical_values": [], "slot": "venue_address", "values": []}], "service": "Events_2", "slots": [], "state": {"active_intent": "GetEventDates", "requested_slots": ["venue_address"], "slot_values": {"city": ["Chi-town"], "event_name": ["the Buttertones"]}}}], "speaker": "USER", "utterance": "Where is it?"}, {"frames": [{"actions": [{"act": "INFORM", "canonical_values": ["2033 West North Avenue"], "slot": "venue_address", "values": ["2033 West North Avenue"]}], "service": "Events_2", "slots": [{"exclusive_end": 22, "slot": "venue_address", "start": 0}]}], "speaker": "SYSTEM", "utterance": "2033 West North Avenue."}, {"frames": [{"actions": [{"act": "REQUEST_ALTS", "canonical_values": [], "slot": "", "values": []}], "service": "Events_2", "slots": [], "state": {"active_intent": "GetEventDates", "requested_slots": [], "slot_values": {"city": ["Chi-town"], "event_name": ["the Buttertones"]}}}], "speaker": "USER", "utterance": "Anything else?"}, {"frames": [{"actions": [{"act": "OFFER", "canonical_values": ["2019-03-07"], "slot": "date", "values": ["MArch 7th"]}, {"act": "OFFER", "canonical_values": ["The Buttertones"], "slot": "event_name", "values": ["the Buttertones"]}, {"act": "OFFER", "canonical_values": ["Chop Shop"], "slot": "venue", "values": ["Chop Shop"]}], "service": "Events_2", "slots": [{"exclusive_end": 55, "slot": "date", "start": 46}, {"exclusive_end": 29, "slot": "event_name", "start": 14}, {"exclusive_end": 42, "slot": "venue", "start": 33}]}], "speaker": "SYSTEM", "utterance": "You could see the Buttertones at Chop Shop on MArch 7th."}, {"frames": [{"actions": [{"act": "REQUEST", "canonical_values": [], "slot": "time", "values": []}, {"act": "REQUEST", "canonical_values": [], "slot": "venue_address", "values": []}], "service": "Events_2", "slots": [], "state": {"active_intent": "GetEventDates", "requested_slots": ["time", "venue_address"], "slot_values": {"city": ["Chi-town"], "event_name": ["the Buttertones"]}}}], "speaker": "USER", "utterance": "What time does it start? Where is the venue?"}, {"frames": [{"actions": [{"act": "INFORM", "canonical_values": ["2033 West North Avenue"], "slot": "venue_address", "values": ["2033 West North Avenue"]}, {"act": "INFORM", "canonical_values": ["18:30"], "slot": "time", "values": ["6:30 pm"]}], "service": "Events_2", "slots": [{"exclusive_end": 31, "slot": "venue_address", "start": 9}, {"exclusive_end": 42, "slot": "time", "start": 35}]}], "speaker": "SYSTEM", "utterance": "It is at 2033 West North Avenue at 6:30 pm."}, {"frames": [{"actions": [{"act": "SELECT", "canonical_values": [], "slot": "", "values": []}], "service": "Events_2", "slots": [], "state": {"active_intent": "GetEventDates", "requested_slots": [], "slot_values": {"city": ["Chi-town"], "date": ["MArch 7th"], "event_name": ["the Buttertones"]}}}], "speaker": "USER", "utterance": "Sounds good."}, {"frames": [{"actions": [{"act": "OFFER_INTENT", "canonical_values": ["BuyEventTickets"], "slot": "intent", "values": ["BuyEventTickets"]}], "service": "Events_2", "slots": []}], "speaker": "SYSTEM", "utterance": "Are you ready to buy tickets?"}, {"frames": [{"actions": [{"act": "NEGATE_INTENT", "canonical_values": [], "slot": "", "values": []}], "service": "Events_2", "slots": [], "state": {"active_intent": "NONE", "requested_slots": [], "slot_values": {"city": ["Chi-town"], "date": ["MArch 7th"], "event_name": ["the Buttertones"]}}}, {"actions": [{"act": "INFORM_INTENT", "canonical_values": ["GetAvailableTime"], "slot": "intent", "values": ["GetAvailableTime"]}], "service": "Calendar_1", "slots": [], "state": {"active_intent": "GetAvailableTime", "requested_slots": [], "slot_values": {"event_date": ["MArch 7th"]}}}], "speaker": "USER", "utterance": "Not yet. Am I available that day?"}, {"frames": [{"actions": [{"act": "OFFER", "canonical_values": ["2019-03-07"], "slot": "event_date", "values": ["March 7th"]}, {"act": "OFFER", "canonical_values": ["12:30"], "slot": "available_start_time", "values": ["12:30 pm"]}, {"act": "OFFER", "canonical_values": ["20:30"], "slot": "available_end_time", "values": ["8:30 pm"]}], "service": "Calendar_1", "service_call": {"method": "GetAvailableTime", "parameters": {"event_date": "2019-03-07"}}, "service_results": [{"available_end_time": "20:30", "available_start_time": "12:30", "event_date": "2019-03-07"}], "slots": [{"exclusive_end": 55, "slot": "event_date", "start": 46}, {"exclusive_end": 31, "slot": "available_start_time", "start": 23}, {"exclusive_end": 42, "slot": "available_end_time", "start": 35}]}], "speaker": "SYSTEM", "utterance": "You are available from 12:30 pm to 8:30 pm on March 7th."}, {"frames": [{"actions": [{"act": "SELECT", "canonical_values": [], "slot": "", "values": []}], "service": "Calendar_1", "slots": [], "state": {"active_intent": "GetAvailableTime", "requested_slots": [], "slot_values": {"event_date": ["MArch 7th", "March 7th"]}}}, {"actions": [{"act": "INFORM", "canonical_values": ["4"], "slot": "number_of_tickets", "values": ["4"]}, {"act": "INFORM_INTENT", "canonical_values": ["BuyEventTickets"], "slot": "intent", "values": ["BuyEventTickets"]}], "service": "Events_2", "slots": [], "state": {"active_intent": "BuyEventTickets", "requested_slots": [], "slot_values": {"city": ["Chi-town"], "date": ["MArch 7th", "March 7th"], "event_name": ["the Buttertones"], "number_of_tickets": ["4"]}}}], "speaker": "USER", "utterance": "Sounds good. Please reserve 4 tickets."}, {"frames": [{"actions": [{"act": "CONFIRM", "canonical_values": ["The Buttertones"], "slot": "event_name", "values": ["The Buttertones"]}, {"act": "CONFIRM", "canonical_values": ["4"], "slot": "number_of_tickets", "values": ["4"]}, {"act": "CONFIRM", "canonical_values": ["2019-03-07"], "slot": "date", "values": ["March 7th"]}, {"act": "CONFIRM", "canonical_values": ["Chicago"], "slot": "city", "values": ["Chicago"]}], "service": "Events_2", "slots": [{"exclusive_end": 44, "slot": "event_name", "start": 29}, {"exclusive_end": 68, "slot": "date", "start": 59}, {"exclusive_end": 55, "slot": "city", "start": 48}]}], "speaker": "SYSTEM", "utterance": "Please confirm, 4 tickets to The Buttertones in Chicago on March 7th."}, {"frames": [{"actions": [{"act": "AFFIRM", "canonical_values": [], "slot": "", "values": []}], "service": "Events_2", "slots": [], "state": {"active_intent": "BuyEventTickets", "requested_slots": [], "slot_values": {"city": ["Chi-town", "Chicago"], "date": ["MArch 7th", "March 7th"], "event_name": ["The Buttertones", "the Buttertones"], "number_of_tickets": ["4"]}}}], "speaker": "USER", "utterance": "Yes, that is perfect."}, {"frames": [{"actions": [{"act": "NOTIFY_SUCCESS", "canonical_values": [], "slot": "", "values": []}], "service": "Events_2", "service_call": {"method": "BuyEventTickets", "parameters": {"city": "Chicago", "date": "2019-03-07", "event_name": "The Buttertones", "number_of_tickets": "4"}}, "service_results": [{"city": "Chicago", "date": "2019-03-07", "event_name": "The Buttertones", "number_of_tickets": "4", "time": "18:30", "venue": "Chop Shop", "venue_address": "2033 West North Avenue"}], "slots": []}], "speaker": "SYSTEM", "utterance": "Your reservation is complete."}, {"frames": [{"actions": [{"act": "THANK_YOU", "canonical_values": [], "slot": "", "values": []}], "service": "Events_2", "slots": [], "state": {"active_intent": "BuyEventTickets", "requested_slots": [], "slot_values": {"city": ["Chi-town", "Chicago"], "date": ["MArch 7th", "March 7th"], "event_name": ["The Buttertones", "the Buttertones"], "number_of_tickets": ["4"]}}}], "speaker": "USER", "utterance": "Thanks."}, {"frames": [{"actions": [{"act": "REQ_MORE", "canonical_values": [], "slot": "", "values": []}], "service": "Events_2", "slots": []}], "speaker": "SYSTEM", "utterance": "Is there anything else?"}, {"frames": [{"actions": [{"act": "NEGATE", "canonical_values": [], "slot": "", "values": []}, {"act": "THANK_YOU", "canonical_values": [], "slot": "", "values": []}], "service": "Events_2", "slots": [], "state": {"active_intent": "NONE", "requested_slots": [], "slot_values": {"city": ["Chi-town", "Chicago"], "date": ["MArch 7th", "March 7th"], "event_name": ["The Buttertones", "the Buttertones"], "number_of_tickets": ["4"]}}}], "speaker": "USER", "utterance": "No, that is all."}, {"frames": [{"actions": [{"act": "GOODBYE", "canonical_values": [], "slot": "", "values": []}], "service": "Events_2", "slots": []}], "speaker": "SYSTEM", "utterance": "Have a nice day."}]}, {"dialogue_id": "123_00002", "services": ["Events_2", "Calendar_1"], "turns": [{"frames": [{"actions": [{"act": "INFORM", "canonical_values": ["New York"], "slot": "city", "values": ["New York"]}, {"act": "INFORM_INTENT", "canonical_values": ["GetEventDates"], "slot": "intent", "values": ["GetEventDates"]}], "service": "Events_2", "slots": [{"exclusive_end": 33, "slot": "city", "start": 25}], "state": {"active_intent": "GetEventDates", "requested_slots": [], "slot_values": {"city": ["New York"]}}}], "speaker": "USER", "utterance": "I want to find events in New York."}, {"frames": [{"actions": [{"act": "REQUEST", "canonical_values": [], "slot": "event_name", "values": []}], "service": "Events_2", "slots": []}], "speaker": "SYSTEM", "utterance": "Is there an event you want to see?"}, {"frames": [{"actions": [{"act": "INFORM", "canonical_values": ["The National"], "slot": "event_name", "values": ["The National"]}], "service": "Events_2", "slots": [{"exclusive_end": 20, "slot": "event_name", "start": 8}], "state": {"active_intent": "GetEventDates", "requested_slots": [], "slot_values": {"city": ["New York"], "event_name": ["The National"]}}}], "speaker": "USER", "utterance": "I heard The National is great."}, {"frames": [{"actions": [{"act": "OFFER", "canonical_values": ["2019-03-01"], "slot": "date", "values": ["March 1st"]}, {"act": "OFFER", "canonical_values": ["The National"], "slot": "event_name", "values": ["The National"]}, {"act": "OFFER", "canonical_values": ["Prospect Park Bandshell"], "slot": "venue", "values": ["Prospect Park Bandshell"]}, {"act": "INFORM_COUNT", "canonical_values": ["4"], "slot": "count", "values": ["4"]}], "service": "Events_2", "service_call": {"method": "GetEventDates", "parameters": {"city": "New York", "event_name": "The National"}}, "service_results": [{"city": "New York", "date": "2019-03-01", "event_name": "The National", "time": "19:30", "venue": "Prospect Park Bandshell", "venue_address": "141 Prospect Park West, Brooklyn"}, {"city": "New York", "date": "2019-03-02", "event_name": "The National", "time": "18:00", "venue": "Prospect Park Bandshell", "venue_address": "141 Prospect Park West, Brooklyn"}, {"city": "New York", "date": "2019-03-03", "event_name": "The National", "time": "18:30", "venue": "Prospect Park Bandshell", "venue_address": "141 Prospect Park West, Brooklyn"}, {"city": "New York", "date": "2019-03-11", "event_name": "The National", "time": "19:00", "venue": "Prospect Park Bandshell", "venue_address": "141 Prospect Park West, Brooklyn"}], "slots": [{"exclusive_end": 63, "slot": "date", "start": 54}, {"exclusive_end": 20, "slot": "event_name", "start": 8}, {"exclusive_end": 90, "slot": "venue", "start": 67}]}], "speaker": "SYSTEM", "utterance": "I found The National. It will take place in 4 days on March 1st at Prospect Park Bandshell."}, {"frames": [{"actions": [{"act": "REQUEST", "canonical_values": [], "slot": "venue_address", "values": []}], "service": "Events_2", "slots": [], "state": {"active_intent": "GetEventDates", "requested_slots": ["venue_address"], "slot_values": {"city": ["New York"], "event_name": ["The National"]}}}], "speaker": "USER", "utterance": "Where is it at?"}, {"frames": [{"actions": [{"act": "INFORM", "canonical_values": ["141 Prospect Park West, Brooklyn"], "slot": "venue_address", "values": ["141 Prospect Park West, Brooklyn"]}], "service": "Events_2", "slots": [{"exclusive_end": 49, "slot": "venue_address", "start": 17}]}], "speaker": "SYSTEM", "utterance": "It's located ate 141 Prospect Park West, Brooklyn."}, {"frames": [{"actions": [{"act": "SELECT", "canonical_values": [], "slot": "", "values": []}], "service": "Events_2", "slots": [], "state": {"active_intent": "GetEventDates", "requested_slots": [], "slot_values": {"city": ["New York"], "date": ["March 1st"], "event_name": ["The National"]}}}], "speaker": "USER", "utterance": "Sounds great to me."}, {"frames": [{"actions": [{"act": "OFFER_INTENT", "canonical_values": ["BuyEventTickets"], "slot": "intent", "values": ["BuyEventTickets"]}], "service": "Events_2", "slots": []}], "speaker": "SYSTEM", "utterance": "Do you want tickets?"}, {"frames": [{"actions": [{"act": "NEGATE_INTENT", "canonical_values": [], "slot": "", "values": []}], "service": "Events_2", "slots": [], "state": {"active_intent": "NONE", "requested_slots": [], "slot_values": {"city": ["New York"], "date": ["March 1st"], "event_name": ["The National"]}}}], "speaker": "USER", "utterance": "No, not now."}, {"frames": [{"actions": [{"act": "REQ_MORE", "canonical_values": [], "slot": "", "values": []}], "service": "Events_2", "slots": []}], "speaker": "SYSTEM", "utterance": "Can I assist you further?"}, {"frames": [{"actions": [{"act": "INFORM_INTENT", "canonical_values": ["GetAvailableTime"], "slot": "intent", "values": ["GetAvailableTime"]}], "service": "Calendar_1", "slots": [], "state": {"active_intent": "GetAvailableTime", "requested_slots": [], "slot_values": {"event_date": ["March 1st"]}}}], "speaker": "USER", "utterance": "When am I free that day?"}, {"frames": [{"actions": [{"act": "OFFER", "canonical_values": ["2019-03-01"], "slot": "event_date", "values": ["March 1st"]}, {"act": "OFFER", "canonical_values": ["11:30"], "slot": "available_start_time", "values": ["11:30 am"]}, {"act": "OFFER", "canonical_values": ["22:30"], "slot": "available_end_time", "values": ["10:30 pm"]}], "service": "Calendar_1", "service_call": {"method": "GetAvailableTime", "parameters": {"event_date": "2019-03-01"}}, "service_results": [{"available_end_time": "22:30", "available_start_time": "11:30", "event_date": "2019-03-01"}], "slots": [{"exclusive_end": 12, "slot": "event_date", "start": 3}, {"exclusive_end": 46, "slot": "available_start_time", "start": 38}, {"exclusive_end": 58, "slot": "available_end_time", "start": 50}]}], "speaker": "SYSTEM", "utterance": "On March 1st, you have free time from 11:30 am to 10:30 pm."}, {"frames": [{"actions": [{"act": "SELECT", "canonical_values": [], "slot": "", "values": []}], "service": "Calendar_1", "slots": [], "state": {"active_intent": "GetAvailableTime", "requested_slots": [], "slot_values": {"event_date": ["March 1st"]}}}, {"actions": [{"act": "INFORM_INTENT", "canonical_values": ["BuyEventTickets"], "slot": "intent", "values": ["BuyEventTickets"]}], "service": "Events_2", "slots": [], "state": {"active_intent": "BuyEventTickets", "requested_slots": [], "slot_values": {"city": ["New York"], "date": ["March 1st"], "event_name": ["The National"]}}}], "speaker": "USER", "utterance": "Sounds great. I want to book tickets for the event."}, {"frames": [{"actions": [{"act": "REQUEST", "canonical_values": [], "slot": "number_of_tickets", "values": []}], "service": "Events_2", "slots": []}], "speaker": "SYSTEM", "utterance": "How many do you want."}, {"frames": [{"actions": [{"act": "INFORM", "canonical_values": ["2"], "slot": "number_of_tickets", "values": ["2"]}], "service": "Events_2", "slots": [], "state": {"active_intent": "BuyEventTickets", "requested_slots": [], "slot_values": {"city": ["New York"], "date": ["March 1st"], "event_name": ["The National"], "number_of_tickets": ["2"]}}}], "speaker": "USER", "utterance": "I want two tickets."}, {"frames": [{"actions": [{"act": "CONFIRM", "canonical_values": ["The National"], "slot": "event_name", "values": ["the National"]}, {"act": "CONFIRM", "canonical_values": ["2"], "slot": "number_of_tickets", "values": ["2"]}, {"act": "CONFIRM", "canonical_values": ["2019-03-01"], "slot": "date", "values": ["March 1st"]}, {"act": "CONFIRM", "canonical_values": ["New York"], "slot": "city", "values": ["New York"]}], "service": "Events_2", "slots": [{"exclusive_end": 64, "slot": "event_name", "start": 52}, {"exclusive_end": 77, "slot": "date", "start": 68}, {"exclusive_end": 89, "slot": "city", "start": 81}]}], "speaker": "SYSTEM", "utterance": "Please confirm the following: Booking 2 tickets for the National on March 1st in New York."}, {"frames": [{"actions": [{"act": "INFORM", "canonical_values": ["4"], "slot": "number_of_tickets", "values": ["4"]}, {"act": "NEGATE", "canonical_values": [], "slot": "", "values": []}], "service": "Events_2", "slots": [], "state": {"active_intent": "BuyEventTickets", "requested_slots": [], "slot_values": {"city": ["New York"], "date": ["March 1st"], "event_name": ["The National", "the National"], "number_of_tickets": ["4"]}}}], "speaker": "USER", "utterance": "No, make it for 4."}, {"frames": [{"actions": [{"act": "CONFIRM", "canonical_values": ["The National"], "slot": "event_name", "values": ["the National"]}, {"act": "CONFIRM", "canonical_values": ["4"], "slot": "number_of_tickets", "values": ["4"]}], "service": "Events_2", "slots": [{"exclusive_end": 56, "slot": "event_name", "start": 44}]}], "speaker": "SYSTEM", "utterance": "Please confirm the following: 4 tickets for the National."}, {"frames": [{"actions": [{"act": "AFFIRM", "canonical_values": [], "slot": "", "values": []}], "service": "Events_2", "slots": [], "state": {"active_intent": "BuyEventTickets", "requested_slots": [], "slot_values": {"city": ["New York"], "date": ["March 1st"], "event_name": ["The National", "the National"], "number_of_tickets": ["4"]}}}], "speaker": "USER", "utterance": "Yes, that works."}, {"frames": [{"actions": [{"act": "NOTIFY_SUCCESS", "canonical_values": [], "slot": "", "values": []}], "service": "Events_2", "service_call": {"method": "BuyEventTickets", "parameters": {"city": "New York", "date": "2019-03-01", "event_name": "The National", "number_of_tickets": "4"}}, "service_results": [{"city": "New York", "date": "2019-03-01", "event_name": "The National", "number_of_tickets": "4", "time": "19:30", "venue": "Prospect Park Bandshell", "venue_address": "141 Prospect Park West, Brooklyn"}], "slots": []}], "speaker": "SYSTEM", "utterance": "Your reservation has been confirmed! Have fun."}, {"frames": [{"actions": [{"act": "THANK_YOU", "canonical_values": [], "slot": "", "values": []}], "service": "Events_2", "slots": [], "state": {"active_intent": "BuyEventTickets", "requested_slots": [], "slot_values": {"city": ["New York"], "date": ["March 1st"], "event_name": ["The National", "the National"], "number_of_tickets": ["4"]}}}], "speaker": "USER", "utterance": "Thank you for the help."}, {"frames": [{"actions": [{"act": "REQ_MORE", "canonical_values": [], "slot": "", "values": []}], "service": "Events_2", "slots": []}], "speaker": "SYSTEM", "utterance": "May I assist you further?"}, {"frames": [{"actions": [{"act": "NEGATE", "canonical_values": [], "slot": "", "values": []}, {"act": "THANK_YOU", "canonical_values": [], "slot": "", "values": []}], "service": "Events_2", "slots": [], "state": {"active_intent": "NONE", "requested_slots": [], "slot_values": {"city": ["New York"], "date": ["March 1st"], "event_name": ["The National", "the National"], "number_of_tickets": ["4"]}}}], "speaker": "USER", "utterance": "No thanks!"}, {"frames": [{"actions": [{"act": "GOODBYE", "canonical_values": [], "slot": "", "values": []}], "service": "Events_2", "slots": []}], "speaker": "SYSTEM", "utterance": "Have a wonderful day!"}]}, {"dialogue_id": "123_00003", "services": ["Events_2", "Calendar_1"], "turns": [{"frames": [{"actions": [{"act": "INFORM_INTENT", "canonical_values": ["GetEventDates"], "slot": "intent", "values": ["GetEventDates"]}], "service": "Events_2", "slots": [], "state": {"active_intent": "GetEventDates", "requested_slots": [], "slot_values": {}}}], "speaker": "USER", "utterance": "Can you find me an event to go to?"}, {"frames": [{"actions": [{"act": "REQUEST", "canonical_values": [], "slot": "city", "values": []}], "service": "Events_2", "slots": []}], "speaker": "SYSTEM", "utterance": "Sure, what city?"}, {"frames": [{"actions": [{"act": "INFORM", "canonical_values": ["Chicago"], "slot": "city", "values": ["Chi-town"]}], "service": "Events_2", "slots": [{"exclusive_end": 16, "slot": "city", "start": 8}], "state": {"active_intent": "GetEventDates", "requested_slots": [], "slot_values": {"city": ["Chi-town"]}}}], "speaker": "USER", "utterance": "Look in Chi-town please"}, {"frames": [{"actions": [{"act": "REQUEST", "canonical_values": [], "slot": "event_name", "values": []}], "service": "Events_2", "slots": []}], "speaker": "SYSTEM", "utterance": "Any particular event you're interested in?"}, {"frames": [{"actions": [{"act": "INFORM", "canonical_values": ["Sky Vs Fever"], "slot": "event_name", "values": ["Sky Vs Fever"]}], "service": "Events_2", "slots": [{"exclusive_end": 37, "slot": "event_name", "start": 25}], "state": {"active_intent": "GetEventDates", "requested_slots": [], "slot_values": {"city": ["Chi-town"], "event_name": ["Sky Vs Fever"]}}}], "speaker": "USER", "utterance": "I'm thinking of going to Sky Vs Fever"}, {"frames": [{"actions": [{"act": "OFFER", "canonical_values": ["2019-03-01"], "slot": "date", "values": ["March 1st"]}, {"act": "OFFER", "canonical_values": ["Sky Vs Fever"], "slot": "event_name", "values": ["Sky Vs Fever"]}, {"act": "OFFER", "canonical_values": ["Wintrust Arena"], "slot": "venue", "values": ["Wintrust Arena"]}], "service": "Events_2", "service_call": {"method": "GetEventDates", "parameters": {"city": "Chicago", "event_name": "Sky Vs Fever"}}, "service_results": [{"city": "Chicago", "date": "2019-03-01", "event_name": "Sky Vs Fever", "time": "19:00", "venue": "Wintrust Arena", "venue_address": "200 East Cermak Road"}, {"city": "Chicago", "date": "2019-03-07", "event_name": "Sky Vs Fever", "time": "17:30", "venue": "Wintrust Arena", "venue_address": "200 East Cermak Road"}, {"city": "Chicago", "date": "2019-03-08", "event_name": "Sky Vs Fever", "time": "17:00", "venue": "Wintrust Arena", "venue_address": "200 East Cermak Road"}, {"city": "Chicago", "date": "2019-03-09", "event_name": "Sky Vs Fever", "time": "17:30", "venue": "Wintrust Arena", "venue_address": "200 East Cermak Road"}, {"city": "Chicago", "date": "2019-03-14", "event_name": "Sky Vs Fever", "time": "18:00", "venue": "Wintrust Arena", "venue_address": "200 East Cermak Road"}], "slots": [{"exclusive_end": 41, "slot": "date", "start": 32}, {"exclusive_end": 12, "slot": "event_name", "start": 0}, {"exclusive_end": 59, "slot": "venue", "start": 45}]}], "speaker": "SYSTEM", "utterance": "Sky Vs Fever will take place on March 1st at Wintrust Arena."}, {"frames": [{"actions": [{"act": "REQUEST_ALTS", "canonical_values": [], "slot": "", "values": []}], "service": "Events_2", "slots": [], "state": {"active_intent": "GetEventDates", "requested_slots": [], "slot_values": {"city": ["Chi-town"], "event_name": ["Sky Vs Fever"]}}}], "speaker": "USER", "utterance": "Any other days?"}, {"frames": [{"actions": [{"act": "OFFER", "canonical_values": ["2019-03-07"], "slot": "date", "values": ["March 7th"]}, {"act": "OFFER", "canonical_values": ["Sky Vs Fever"], "slot": "event_name", "values": ["Sky Vs Fever"]}, {"act": "OFFER", "canonical_values": ["Wintrust Arena"], "slot": "venue", "values": ["Wintrust Arena"]}], "service": "Events_2", "slots": [{"exclusive_end": 38, "slot": "date", "start": 29}, {"exclusive_end": 12, "slot": "event_name", "start": 0}, {"exclusive_end": 56, "slot": "venue", "start": 42}]}], "speaker": "SYSTEM", "utterance": "Sky Vs Fever will also be on March 7th at Wintrust Arena."}, {"frames": [{"actions": [{"act": "SELECT", "canonical_values": [], "slot": "", "values": []}], "service": "Events_2", "slots": [], "state": {"active_intent": "GetEventDates", "requested_slots": [], "slot_values": {"city": ["Chi-town"], "date": ["March 7th"], "event_name": ["Sky Vs Fever"]}}}, {"actions": [{"act": "INFORM_INTENT", "canonical_values": ["GetAvailableTime"], "slot": "intent", "values": ["GetAvailableTime"]}], "service": "Calendar_1", "slots": [], "state": {"active_intent": "GetAvailableTime", "requested_slots": [], "slot_values": {"event_date": ["March 7th"]}}}], "speaker": "USER", "utterance": "Ok, do I have free time then?"}, {"frames": [{"actions": [{"act": "OFFER", "canonical_values": ["2019-03-07"], "slot": "event_date", "values": ["March 7th"]}, {"act": "OFFER", "canonical_values": ["14:30"], "slot": "available_start_time", "values": ["2:30 pm"]}, {"act": "OFFER", "canonical_values": ["23:00"], "slot": "available_end_time", "values": ["11 pm"]}], "service": "Calendar_1", "service_call": {"method": "GetAvailableTime", "parameters": {"event_date": "2019-03-07"}}, "service_results": [{"available_end_time": "23:00", "available_start_time": "14:30", "event_date": "2019-03-07"}], "slots": [{"exclusive_end": 12, "slot": "event_date", "start": 3}, {"exclusive_end": 65, "slot": "available_start_time", "start": 58}, {"exclusive_end": 74, "slot": "available_end_time", "start": 69}]}], "speaker": "SYSTEM", "utterance": "On March 7th, you have a free space on your calendar from 2:30 pm to 11 pm"}, {"frames": [{"actions": [{"act": "SELECT", "canonical_values": [], "slot": "", "values": []}], "service": "Calendar_1", "slots": [], "state": {"active_intent": "GetAvailableTime", "requested_slots": [], "slot_values": {"event_date": ["March 7th"]}}}], "speaker": "USER", "utterance": "Ok good to know"}, {"frames": [{"actions": [{"act": "OFFER_INTENT", "canonical_values": ["AddEvent"], "slot": "intent", "values": ["AddEvent"]}], "service": "Calendar_1", "slots": []}], "speaker": "SYSTEM", "utterance": "Would you like to put something on your calendar?"}, {"frames": [{"actions": [{"act": "NEGATE_INTENT", "canonical_values": [], "slot": "", "values": []}], "service": "Calendar_1", "slots": [], "state": {"active_intent": "NONE", "requested_slots": [], "slot_values": {"event_date": ["March 7th"]}}}], "speaker": "USER", "utterance": "No not right now"}, {"frames": [{"actions": [{"act": "REQ_MORE", "canonical_values": [], "slot": "", "values": []}], "service": "Calendar_1", "slots": []}], "speaker": "SYSTEM", "utterance": "Anything else I can do to help?"}, {"frames": [{"actions": [{"act": "INFORM", "canonical_values": ["4"], "slot": "number_of_tickets", "values": ["4"]}, {"act": "INFORM_INTENT", "canonical_values": ["BuyEventTickets"], "slot": "intent", "values": ["BuyEventTickets"]}], "service": "Events_2", "slots": [], "state": {"active_intent": "BuyEventTickets", "requested_slots": [], "slot_values": {"city": ["Chi-town"], "date": ["March 7th"], "event_name": ["Sky Vs Fever"], "number_of_tickets": ["4"]}}}], "speaker": "USER", "utterance": "Let's book those tickets. 4 of us will go"}, {"frames": [{"actions": [{"act": "CONFIRM", "canonical_values": ["Sky Vs Fever"], "slot": "event_name", "values": ["Sky Vs Fever"]}, {"act": "CONFIRM", "canonical_values": ["4"], "slot": "number_of_tickets", "values": ["4"]}, {"act": "CONFIRM", "canonical_values": ["2019-03-07"], "slot": "date", "values": ["March 7th"]}, {"act": "CONFIRM", "canonical_values": ["Chicago"], "slot": "city", "values": ["Chicago"]}], "service": "Events_2", "slots": [{"exclusive_end": 42, "slot": "event_name", "start": 30}, {"exclusive_end": 55, "slot": "date", "start": 46}, {"exclusive_end": 66, "slot": "city", "start": 59}]}], "speaker": "SYSTEM", "utterance": "Please confirm: 4 tickets for Sky Vs Fever on March 7th in Chicago"}, {"frames": [{"actions": [{"act": "REQUEST", "canonical_values": [], "slot": "venue_address", "values": []}, {"act": "REQUEST", "canonical_values": [], "slot": "time", "values": []}, {"act": "AFFIRM", "canonical_values": [], "slot": "", "values": []}], "service": "Events_2", "slots": [], "state": {"active_intent": "BuyEventTickets", "requested_slots": ["time", "venue_address"], "slot_values": {"city": ["Chi-town", "Chicago"], "date": ["March 7th"], "event_name": ["Sky Vs Fever"], "number_of_tickets": ["4"]}}}], "speaker": "USER", "utterance": "Yes that's right. Can I get the address and the starting time?"}, {"frames": [{"actions": [{"act": "INFORM", "canonical_values": ["200 East Cermak Road"], "slot": "venue_address", "values": ["200 East Cermak Road"]}, {"act": "INFORM", "canonical_values": ["17:30"], "slot": "time", "values": ["5:30 pm"]}, {"act": "NOTIFY_SUCCESS", "canonical_values": [], "slot": "", "values": []}], "service": "Events_2", "service_call": {"method": "BuyEventTickets", "parameters": {"city": "Chicago", "date": "2019-03-07", "event_name": "Sky Vs Fever", "number_of_tickets": "4"}}, "service_results": [{"city": "Chicago", "date": "2019-03-07", "event_name": "Sky Vs Fever", "number_of_tickets": "4", "time": "17:30", "venue": "Wintrust Arena", "venue_address": "200 East Cermak Road"}], "slots": [{"exclusive_end": 79, "slot": "venue_address", "start": 59}, {"exclusive_end": 99, "slot": "time", "start": 92}]}], "speaker": "SYSTEM", "utterance": "I've purchased those tickets for you. Enjoy! It will be at 200 East Cermak Road starting at 5:30 pm"}, {"frames": [{"actions": [{"act": "THANK_YOU", "canonical_values": [], "slot": "", "values": []}], "service": "Events_2", "slots": [], "state": {"active_intent": "BuyEventTickets", "requested_slots": [], "slot_values": {"city": ["Chi-town", "Chicago"], "date": ["March 7th"], "event_name": ["Sky Vs Fever"], "number_of_tickets": ["4"]}}}], "speaker": "USER", "utterance": "Thanks. I appreciate it"}, {"frames": [{"actions": [{"act": "REQ_MORE", "canonical_values": [], "slot": "", "values": []}], "service": "Events_2", "slots": []}], "speaker": "SYSTEM", "utterance": "Anything else you need?"}, {"frames": [{"actions": [{"act": "NEGATE", "canonical_values": [], "slot": "", "values": []}, {"act": "THANK_YOU", "canonical_values": [], "slot": "", "values": []}], "service": "Events_2", "slots": [], "state": {"active_intent": "NONE", "requested_slots": [], "slot_values": {"city": ["Chi-town", "Chicago"], "date": ["March 7th"], "event_name": ["Sky Vs Fever"], "number_of_tickets": ["4"]}}}], "speaker": "USER", "utterance": "Nope, thanks"}, {"frames": [{"actions": [{"act": "GOODBYE", "canonical_values": [], "slot": "", "values": []}], "service": "Events_2", "slots": []}], "speaker": "SYSTEM", "utterance": "Take care"}]}, {"dialogue_id": "123_00004", "services": ["Events_2", "Calendar_1"], "turns": [{"frames": [{"actions": [{"act": "INFORM_INTENT", "canonical_values": ["GetEventDates"], "slot": "intent", "values": ["GetEventDates"]}], "service": "Events_2", "slots": [], "state": {"active_intent": "GetEventDates", "requested_slots": [], "slot_values": {}}}], "speaker": "USER", "utterance": "Hi, could you help me search for some interesting events to attend?"}, {"frames": [{"actions": [{"act": "REQUEST", "canonical_values": [], "slot": "city", "values": []}], "service": "Events_2", "slots": []}], "speaker": "SYSTEM", "utterance": "Any preference on the location you would like?"}, {"frames": [{"actions": [{"act": "INFORM", "canonical_values": ["Philadelphia"], "slot": "city", "values": ["Philadelphia"]}], "service": "Events_2", "slots": [{"exclusive_end": 25, "slot": "city", "start": 13}], "state": {"active_intent": "GetEventDates", "requested_slots": [], "slot_values": {"city": ["Philadelphia"]}}}], "speaker": "USER", "utterance": "Something in Philadelphia would be great."}, {"frames": [{"actions": [{"act": "REQUEST", "canonical_values": [], "slot": "event_name", "values": []}], "service": "Events_2", "slots": []}], "speaker": "SYSTEM", "utterance": "Do you have any specific event you are interested in?"}, {"frames": [{"actions": [{"act": "INFORM", "canonical_values": ["Phillies Vs Padres"], "slot": "event_name", "values": ["Phillies Vs Padres"]}], "service": "Events_2", "slots": [{"exclusive_end": 37, "slot": "event_name", "start": 19}], "state": {"active_intent": "GetEventDates", "requested_slots": [], "slot_values": {"city": ["Philadelphia"], "event_name": ["Phillies Vs Padres"]}}}], "speaker": "USER", "utterance": "I would prefer the Phillies Vs Padres game."}, {"frames": [{"actions": [{"act": "OFFER", "canonical_values": ["2019-03-09"], "slot": "date", "values": ["March 9th"]}, {"act": "OFFER", "canonical_values": ["Phillies Vs Padres"], "slot": "event_name", "values": ["Phillies vs Padres"]}, {"act": "OFFER", "canonical_values": ["Citizens Bank Park"], "slot": "venue", "values": ["Citizens Bank Park"]}, {"act": "INFORM_COUNT", "canonical_values": ["4"], "slot": "count", "values": ["4"]}], "service": "Events_2", "service_call": {"method": "GetEventDates", "parameters": {"city": "Philadelphia", "event_name": "Phillies Vs Padres"}}, "service_results": [{"city": "Philadelphia", "date": "2019-03-09", "event_name": "Phillies Vs Padres", "time": "17:30", "venue": "Citizens Bank Park", "venue_address": "1 Citizens Bank Way"}, {"city": "Philadelphia", "date": "2019-03-10", "event_name": "Phillies Vs Padres", "time": "18:00", "venue": "Citizens Bank Park", "venue_address": "1 Citizens Bank Way"}, {"city": "Philadelphia", "date": "2019-03-12", "event_name": "Phillies Vs Padres", "time": "18:00", "venue": "Citizens Bank Park", "venue_address": "1 Citizens Bank Way"}, {"city": "Philadelphia", "date": "2019-03-13", "event_name": "Phillies Vs Padres", "time": "18:30", "venue": "Citizens Bank Park", "venue_address": "1 Citizens Bank Way"}], "slots": [{"exclusive_end": 115, "slot": "date", "start": 106}, {"exclusive_end": 28, "slot": "event_name", "start": 10}, {"exclusive_end": 102, "slot": "venue", "start": 84}]}], "speaker": "SYSTEM", "utterance": "Sure, the Phillies vs Padres game is held across 4 days, one of which is located at Citizens Bank Park on March 9th."}, {"frames": [{"actions": [{"act": "REQUEST", "canonical_values": [], "slot": "venue_address", "values": []}], "service": "Events_2", "slots": [], "state": {"active_intent": "GetEventDates", "requested_slots": ["venue_address"], "slot_values": {"city": ["Philadelphia"], "event_name": ["Phillies Vs Padres", "Phillies vs Padres"]}}}], "speaker": "USER", "utterance": "May I know the location of the event?"}, {"frames": [{"actions": [{"act": "INFORM", "canonical_values": ["1 Citizens Bank Way"], "slot": "venue_address", "values": ["1 Citizens Bank Way"]}], "service": "Events_2", "slots": [{"exclusive_end": 33, "slot": "venue_address", "start": 14}]}], "speaker": "SYSTEM", "utterance": "It is held at 1 Citizens Bank Way."}, {"frames": [{"actions": [{"act": "INFORM", "canonical_values": ["Owls Vs Bison"], "slot": "event_name", "values": ["Owls Vs Bison"]}, {"act": "REQUEST_ALTS", "canonical_values": [], "slot": "", "values": []}], "service": "Events_2", "slots": [{"exclusive_end": 64, "slot": "event_name", "start": 51}], "state": {"active_intent": "GetEventDates", "requested_slots": [], "slot_values": {"city": ["Philadelphia"], "event_name": ["Owls Vs Bison"]}}}], "speaker": "USER", "utterance": "Are there any alternative event dates? I heard the Owls Vs Bison is great."}, {"frames": [{"actions": [{"act": "OFFER", "canonical_values": ["2019-03-04"], "slot": "date", "values": ["March 4th"]}, {"act": "OFFER", "canonical_values": ["Owls Vs Bison"], "slot": "event_name", "values": ["Owls Vs Bison"]}, {"act": "OFFER", "canonical_values": ["Lincoln Financial Field"], "slot": "venue", "values": ["Lincoln Financial Field"]}, {"act": "INFORM_COUNT", "canonical_values": ["3"], "slot": "count", "values": ["3"]}], "service": "Events_2", "service_call": {"method": "GetEventDates", "parameters": {"city": "Philadelphia", "event_name": "Owls Vs Bison"}}, "service_results": [{"city": "Philadelphia", "date": "2019-03-04", "event_name": "Owls Vs Bison", "time": "18:00", "venue": "Lincoln Financial Field", "venue_address": "1 Lincoln Financial Field Way"}, {"city": "Philadelphia", "date": "2019-03-07", "event_name": "Owls Vs Bison", "time": "18:00", "venue": "Lincoln Financial Field", "venue_address": "1 Lincoln Financial Field Way"}, {"city": "Philadelphia", "date": "2019-03-09", "event_name": "Owls Vs Bison", "time": "18:00", "venue": "Lincoln Financial Field", "venue_address": "1 Lincoln Financial Field Way"}], "slots": [{"exclusive_end": 82, "slot": "date", "start": 73}, {"exclusive_end": 23, "slot": "event_name", "start": 10}, {"exclusive_end": 109, "slot": "venue", "start": 86}]}], "speaker": "SYSTEM", "utterance": "Sure, the Owls Vs Bison games is held across 3 days, and there is one on March 4th at Lincoln Financial Field."}, {"frames": [{"actions": [{"act": "SELECT", "canonical_values": [], "slot": "", "values": []}], "service": "Events_2", "slots": [], "state": {"active_intent": "GetEventDates", "requested_slots": [], "slot_values": {"city": ["Philadelphia"], "date": ["March 4th"], "event_name": ["Owls Vs Bison"]}}}, {"actions": [{"act": "INFORM_INTENT", "canonical_values": ["GetAvailableTime"], "slot": "intent", "values": ["GetAvailableTime"]}], "service": "Calendar_1", "slots": [], "state": {"active_intent": "GetAvailableTime", "requested_slots": [], "slot_values": {"event_date": ["March 4th"]}}}], "speaker": "USER", "utterance": "That sounds great. Could you check when am I free on that day?"}, {"frames": [{"actions": [{"act": "OFFER", "canonical_values": ["2019-03-04"], "slot": "event_date", "values": ["March 4th"]}, {"act": "OFFER", "canonical_values": ["13:30"], "slot": "available_start_time", "values": ["1:30 pm"]}, {"act": "OFFER", "canonical_values": ["20:30"], "slot": "available_end_time", "values": ["8:30 pm"]}], "service": "Calendar_1", "service_call": {"method": "GetAvailableTime", "parameters": {"event_date": "2019-03-04"}}, "service_results": [{"available_end_time": "20:30", "available_start_time": "13:30", "event_date": "2019-03-04"}], "slots": [{"exclusive_end": 52, "slot": "event_date", "start": 43}, {"exclusive_end": 28, "slot": "available_start_time", "start": 21}, {"exclusive_end": 39, "slot": "available_end_time", "start": 32}]}], "speaker": "SYSTEM", "utterance": "You are free between 1:30 pm to 8:30 pm on March 4th."}, {"frames": [{"actions": [{"act": "SELECT", "canonical_values": [], "slot": "", "values": []}], "service": "Calendar_1", "slots": [], "state": {"active_intent": "GetAvailableTime", "requested_slots": [], "slot_values": {"event_date": ["March 4th"]}}}, {"actions": [{"act": "INFORM_INTENT", "canonical_values": ["BuyEventTickets"], "slot": "intent", "values": ["BuyEventTickets"]}], "service": "Events_2", "slots": [], "state": {"active_intent": "BuyEventTickets", "requested_slots": [], "slot_values": {"city": ["Philadelphia"], "date": ["March 4th"], "event_name": ["Owls Vs Bison"]}}}], "speaker": "USER", "utterance": "Sure. Could you make a reservation for the event for me please?"}, {"frames": [{"actions": [{"act": "REQUEST", "canonical_values": [], "slot": "number_of_tickets", "values": []}], "service": "Events_2", "slots": []}], "speaker": "SYSTEM", "utterance": "Sure, how many tickets do you need?"}, {"frames": [{"actions": [{"act": "INFORM", "canonical_values": ["1"], "slot": "number_of_tickets", "values": ["1"]}], "service": "Events_2", "slots": [], "state": {"active_intent": "BuyEventTickets", "requested_slots": [], "slot_values": {"city": ["Philadelphia"], "date": ["March 4th"], "event_name": ["Owls Vs Bison"], "number_of_tickets": ["1"]}}}], "speaker": "USER", "utterance": "Just one will do."}, {"frames": [{"actions": [{"act": "CONFIRM", "canonical_values": ["Owls Vs Bison"], "slot": "event_name", "values": ["Owls Vs Bison"]}, {"act": "CONFIRM", "canonical_values": ["1"], "slot": "number_of_tickets", "values": ["1"]}, {"act": "CONFIRM", "canonical_values": ["2019-03-04"], "slot": "date", "values": ["March 4th"]}, {"act": "CONFIRM", "canonical_values": ["Philadelphia"], "slot": "city", "values": ["Philadelphia"]}], "service": "Events_2", "slots": [{"exclusive_end": 61, "slot": "event_name", "start": 48}, {"exclusive_end": 95, "slot": "date", "start": 86}, {"exclusive_end": 82, "slot": "city", "start": 70}]}], "speaker": "SYSTEM", "utterance": "Please confirm your booking of 1 ticket for the Owls Vs Bison game in Philadelphia on March 4th."}, {"frames": [{"actions": [{"act": "REQUEST", "canonical_values": [], "slot": "time", "values": []}, {"act": "AFFIRM", "canonical_values": [], "slot": "", "values": []}], "service": "Events_2", "slots": [], "state": {"active_intent": "BuyEventTickets", "requested_slots": ["time"], "slot_values": {"city": ["Philadelphia"], "date": ["March 4th"], "event_name": ["Owls Vs Bison"], "number_of_tickets": ["1"]}}}], "speaker": "USER", "utterance": "That is fine with me. May I know what is the starting time for the event?"}, {"frames": [{"actions": [{"act": "INFORM", "canonical_values": ["18:00"], "slot": "time", "values": ["6 pm"]}, {"act": "NOTIFY_SUCCESS", "canonical_values": [], "slot": "", "values": []}], "service": "Events_2", "service_call": {"method": "BuyEventTickets", "parameters": {"city": "Philadelphia", "date": "2019-03-04", "event_name": "Owls Vs Bison", "number_of_tickets": "1"}}, "service_results": [{"city": "Philadelphia", "date": "2019-03-04", "event_name": "Owls Vs Bison", "number_of_tickets": "1", "time": "18:00", "venue": "Lincoln Financial Field", "venue_address": "1 Lincoln Financial Field Way"}], "slots": [{"exclusive_end": 75, "slot": "time", "start": 71}]}], "speaker": "SYSTEM", "utterance": "Your reservation has been made, have fun there! The event commences at 6 pm."}, {"frames": [{"actions": [{"act": "REQUEST", "canonical_values": [], "slot": "venue_address", "values": []}], "service": "Events_2", "slots": [], "state": {"active_intent": "BuyEventTickets", "requested_slots": ["venue_address"], "slot_values": {"city": ["Philadelphia"], "date": ["March 4th"], "event_name": ["Owls Vs Bison"], "number_of_tickets": ["1"]}}}], "speaker": "USER", "utterance": "I see, where is the venue of the event?"}, {"frames": [{"actions": [{"act": "INFORM", "canonical_values": ["1 Lincoln Financial Field Way"], "slot": "venue_address", "values": ["1 Lincoln Financial Field Way"]}], "service": "Events_2", "slots": [{"exclusive_end": 50, "slot": "venue_address", "start": 21}]}], "speaker": "SYSTEM", "utterance": "The event is held at 1 Lincoln Financial Field Way."}, {"frames": [{"actions": [{"act": "THANK_YOU", "canonical_values": [], "slot": "", "values": []}], "service": "Events_2", "slots": [], "state": {"active_intent": "BuyEventTickets", "requested_slots": [], "slot_values": {"city": ["Philadelphia"], "date": ["March 4th"], "event_name": ["Owls Vs Bison"], "number_of_tickets": ["1"]}}}], "speaker": "USER", "utterance": "Sure, thanks a lot for your assistance."}, {"frames": [{"actions": [{"act": "REQ_MORE", "canonical_values": [], "slot": "", "values": []}], "service": "Events_2", "slots": []}], "speaker": "SYSTEM", "utterance": "Do you require any further assistance?"}, {"frames": [{"actions": [{"act": "NEGATE", "canonical_values": [], "slot": "", "values": []}, {"act": "THANK_YOU", "canonical_values": [], "slot": "", "values": []}], "service": "Events_2", "slots": [], "state": {"active_intent": "NONE", "requested_slots": [], "slot_values": {"city": ["Philadelphia"], "date": ["March 4th"], "event_name": ["Owls Vs Bison"], "number_of_tickets": ["1"]}}}], "speaker": "USER", "utterance": "No, that is all I need. Thank you!"}, {"frames": [{"actions": [{"act": "GOODBYE", "canonical_values": [], "slot": "", "values": []}], "service": "Events_2", "slots": []}], "speaker": "SYSTEM", "utterance": "No worries, have a great day ahead!"}]}]