[{"dialogue_id": "93_00000", "services": ["Travel_1", "Hotels_3"], "turns": [{"frames": [{"actions": [{"act": "INFORM", "canonical_values": ["True"], "slot": "free_entry", "values": ["True"]}, {"act": "INFORM_INTENT", "canonical_values": ["FindAttractions"], "slot": "intent", "values": ["FindAttractions"]}], "service": "Travel_1", "slots": [], "state": {"active_intent": "FindAttractions", "requested_slots": [], "slot_values": {"free_entry": ["True"]}}}], "speaker": "USER", "utterance": "I'm looking for some free attractions to check out."}, {"frames": [{"actions": [{"act": "REQUEST", "canonical_values": [], "slot": "location", "values": []}], "service": "Travel_1", "slots": []}], "speaker": "SYSTEM", "utterance": "Anywhere in particular?"}, {"frames": [{"actions": [{"act": "INFORM", "canonical_values": ["New York"], "slot": "location", "values": ["NYC"]}, {"act": "INFORM", "canonical_values": ["Tourist Attraction"], "slot": "category", "values": ["Tourist Attraction"]}], "service": "Travel_1", "slots": [{"exclusive_end": 39, "slot": "location", "start": 36}], "state": {"active_intent": "FindAttractions", "requested_slots": [], "slot_values": {"category": ["Tourist Attraction"], "free_entry": ["True"], "location": ["NYC"]}}}], "speaker": "USER", "utterance": "Something of a place of interest in NYC."}, {"frames": [{"actions": [{"act": "OFFER", "canonical_values": ["Balto Statue"], "slot": "attraction_name", "values": ["Balto Statue"]}, {"act": "OFFER", "canonical_values": ["Tourist Attraction"], "slot": "category", "values": ["Tourist Attraction"]}], "service": "Travel_1", "service_call": {"method": "FindAttractions", "parameters": {"category": "Tourist Attraction", "free_entry": "True", "location": "New York"}}, "service_results": [{"attraction_name": "Balto Statue", "category": "Tourist Attraction", "free_entry": "True", "good_for_kids": "False", "location": "New York", "phone_number": "212-310-6600"}, {"attraction_name": "Bethesda Terrace", "category": "Tourist Attraction", "free_entry": "True", "good_for_kids": "True", "location": "New York", "phone_number": "212-310-6600"}, {"attraction_name": "Strawberry Fields", "category": "Tourist Attraction", "free_entry": "True", "good_for_kids": "True", "location": "New York", "phone_number": "212-639-9675"}, {"attraction_name": "The Bowery Ballroom", "category": "Tourist Attraction", "free_entry": "True", "good_for_kids": "True", "location": "New York", "phone_number": "212-260-4700"}, {"attraction_name": "The Mercury Lounge", "category": "Tourist Attraction", "free_entry": "True", "good_for_kids": "True", "location": "New York", "phone_number": "646-921-7680"}, {"attraction_name": "The Tour at NBC Studios", "category": "Tourist Attraction", "free_entry": "True", "good_for_kids": "True", "location": "New York", "phone_number": "212-664-3700"}, {"attraction_name": "Yankee Stadium Tours", "category": "Tourist Attraction", "free_entry": "True", "good_for_kids": "False", "location": "New York", "phone_number": "646-977-8687"}], "slots": [{"exclusive_end": 53, "slot": "attraction_name", "start": 41}]}], "speaker": "SYSTEM", "utterance": "There's a cool Tourist Attraction called Balto Statue."}, {"frames": [{"actions": [{"act": "REQUEST", "canonical_values": [], "slot": "good_for_kids", "values": []}], "service": "Travel_1", "slots": [], "state": {"active_intent": "FindAttractions", "requested_slots": ["good_for_kids"], "slot_values": {"category": ["Tourist Attraction"], "free_entry": ["True"], "location": ["NYC"]}}}], "speaker": "USER", "utterance": "Is it kid-friendly?"}, {"frames": [{"actions": [{"act": "INFORM", "canonical_values": ["False"], "slot": "good_for_kids", "values": ["False"]}], "service": "Travel_1", "slots": []}], "speaker": "SYSTEM", "utterance": "It's not the best place for kids."}, {"frames": [{"actions": [{"act": "SELECT", "canonical_values": [], "slot": "", "values": []}], "service": "Travel_1", "slots": [], "state": {"active_intent": "FindAttractions", "requested_slots": [], "slot_values": {"category": ["Tourist Attraction"], "free_entry": ["True"], "location": ["NYC"]}}}], "speaker": "USER", "utterance": "All right, thanks."}, {"frames": [{"actions": [{"act": "REQ_MORE", "canonical_values": [], "slot": "", "values": []}], "service": "Travel_1", "slots": []}], "speaker": "SYSTEM", "utterance": "Anything else I can help with?"}, {"frames": [{"actions": [{"act": "INFORM", "canonical_values": ["2"], "slot": "number_of_rooms", "values": ["2"]}, {"act": "INFORM_INTENT", "canonical_values": ["SearchHotel"], "slot": "intent", "values": ["SearchHotel"]}], "service": "Hotels_3", "slots": [], "state": {"active_intent": "SearchHotel", "requested_slots": [], "slot_values": {"location": ["NYC"], "number_of_rooms": ["2"]}}}], "speaker": "USER", "utterance": "I'll be a 2 room hotel there."}, {"frames": [{"actions": [{"act": "OFFER", "canonical_values": ["1 Hotel Brooklyn Bridge"], "slot": "hotel_name", "values": ["1 Hotel Brooklyn Bridge"]}, {"act": "OFFER", "canonical_values": ["4.50"], "slot": "average_rating", "values": ["4.5"]}], "service": "Hotels_3", "service_call": {"method": "SearchHotel", "parameters": {"location": "New York", "number_of_rooms": "2"}}, "service_results": [{"average_rating": "4.50", "hotel_name": "1 Hotel Brooklyn Bridge", "location": "New York", "number_of_rooms": "2", "pets_welcome": "True", "phone_number": "+1 833-625-6111", "price": "360", "street_address": "60 Furman Street, Brooklyn"}, {"average_rating": "4.50", "hotel_name": "1 Hotel Central Park", "location": "New York", "number_of_rooms": "2", "pets_welcome": "True", "phone_number": "+1 212-703-2001", "price": "1680", "street_address": "1414 6th Avenue"}, {"average_rating": "4.30", "hotel_name": "11 Howard", "location": "New York", "number_of_rooms": "2", "pets_welcome": "False", "phone_number": "+1 212-235-1111", "price": "3024", "street_address": "11 Howard Street"}, {"average_rating": "4.00", "hotel_name": "6 Columbus Hotel", "location": "New York", "number_of_rooms": "2", "pets_welcome": "True", "phone_number": "+1 212-204-3000", "price": "1440", "street_address": "308 West 58th Street"}, {"average_rating": "4.50", "hotel_name": "Ac Hotel New York Times Square", "location": "New York", "number_of_rooms": "2", "pets_welcome": "False", "phone_number": "+1 212-398-2700", "price": "280", "street_address": "260 West 40th Street"}, {"average_rating": "4.30", "hotel_name": "Ace Hotel", "location": "New York", "number_of_rooms": "2", "pets_welcome": "True", "phone_number": "+1 212-991-0551", "price": "912", "street_address": "20 West 29th Street"}, {"average_rating": "3.90", "hotel_name": "Adria Hotel & Conference Center", "location": "New York", "number_of_rooms": "2", "pets_welcome": "False", "phone_number": "+1 718-631-5900", "price": "648", "street_address": "221-17 Northern Boulevard, Bayside"}, {"average_rating": "4.40", "hotel_name": "Aka Central Park", "location": "New York", "number_of_rooms": "2", "pets_welcome": "False", "phone_number": "+1 646-744-3100", "price": "1536", "street_address": "42 West 58th Street"}, {"average_rating": "4.40", "hotel_name": "Aka Times Square", "location": "New York", "number_of_rooms": "2", "pets_welcome": "True", "phone_number": "+1 212-764-5700", "price": "1440", "street_address": "123 West 44th Street"}, {"average_rating": "4.60", "hotel_name": "Aka Wall Street", "location": "New York", "number_of_rooms": "2", "pets_welcome": "False", "phone_number": "+1 212-252-9090", "price": "832", "street_address": "84 William Street"}], "slots": [{"exclusive_end": 33, "slot": "hotel_name", "start": 10}, {"exclusive_end": 46, "slot": "average_rating", "start": 43}]}], "speaker": "SYSTEM", "utterance": "How about 1 Hotel Brooklyn Bridge with its 4.5 rating?"}, {"frames": [{"actions": [{"act": "REQUEST_ALTS", "canonical_values": [], "slot": "", "values": []}], "service": "Hotels_3", "slots": [], "state": {"active_intent": "SearchHotel", "requested_slots": [], "slot_values": {"location": ["NYC"], "number_of_rooms": ["2"]}}}], "speaker": "USER", "utterance": "Have anything else?"}, {"frames": [{"actions": [{"act": "OFFER", "canonical_values": ["1 Hotel Central Park"], "slot": "hotel_name", "values": ["1 Hotel Central Park"]}, {"act": "OFFER", "canonical_values": ["4.50"], "slot": "average_rating", "values": ["4.5"]}], "service": "Hotels_3", "slots": [{"exclusive_end": 28, "slot": "hotel_name", "start": 8}, {"exclusive_end": 39, "slot": "average_rating", "start": 36}]}], "speaker": "SYSTEM", "utterance": "There's 1 Hotel Central Park with a 4.5 rating."}, {"frames": [{"actions": [{"act": "REQUEST_ALTS", "canonical_values": [], "slot": "", "values": []}], "service": "Hotels_3", "slots": [], "state": {"active_intent": "SearchHotel", "requested_slots": [], "slot_values": {"location": ["NYC"], "number_of_rooms": ["2"]}}}], "speaker": "USER", "utterance": "Have anything else?"}, {"frames": [{"actions": [{"act": "OFFER", "canonical_values": ["11 Howard"], "slot": "hotel_name", "values": ["11 Howard"]}, {"act": "OFFER", "canonical_values": ["4.30"], "slot": "average_rating", "values": ["4.3"]}], "service": "Hotels_3", "slots": [{"exclusive_end": 17, "slot": "hotel_name", "start": 8}, {"exclusive_end": 28, "slot": "average_rating", "start": 25}]}], "speaker": "SYSTEM", "utterance": "There's 11 Howard with a 4.3 rating."}, {"frames": [{"actions": [{"act": "SELECT", "canonical_values": [], "slot": "", "values": []}], "service": "Hotels_3", "slots": [], "state": {"active_intent": "SearchHotel", "requested_slots": [], "slot_values": {"hotel_name": ["11 Howard"], "location": ["NYC"], "number_of_rooms": ["2"]}}}], "speaker": "USER", "utterance": "That sounds all right."}, {"frames": [{"actions": [{"act": "OFFER_INTENT", "canonical_values": ["ReserveHotel"], "slot": "intent", "values": ["ReserveHotel"]}], "service": "Hotels_3", "slots": []}], "speaker": "SYSTEM", "utterance": "Want to make a reservation there?"}, {"frames": [{"actions": [{"act": "AFFIRM_INTENT", "canonical_values": [], "slot": "", "values": []}, {"act": "INFORM", "canonical_values": ["2019-03-05"], "slot": "check_in_date", "values": ["March 5th"]}, {"act": "INFORM", "canonical_values": ["2019-03-08"], "slot": "check_out_date", "values": ["the 8th"]}], "service": "Hotels_3", "slots": [{"exclusive_end": 41, "slot": "check_in_date", "start": 32}, {"exclusive_end": 66, "slot": "check_out_date", "start": 59}], "state": {"active_intent": "ReserveHotel", "requested_slots": [], "slot_values": {"check_in_date": ["March 5th"], "check_out_date": ["the 8th"], "hotel_name": ["11 Howard"], "location": ["NYC"], "number_of_rooms": ["2"]}}}], "speaker": "USER", "utterance": "Yeah, book it for a check in on March 5th and check out on the 8th."}, {"frames": [{"actions": [{"act": "CONFIRM", "canonical_values": ["11 Howard"], "slot": "hotel_name", "values": ["11 Howard"]}, {"act": "CONFIRM", "canonical_values": ["New York"], "slot": "location", "values": ["New York"]}, {"act": "CONFIRM", "canonical_values": ["2019-03-05"], "slot": "check_in_date", "values": ["March 5th"]}, {"act": "CONFIRM", "canonical_values": ["2019-03-08"], "slot": "check_out_date", "values": ["March 8th"]}, {"act": "CONFIRM", "canonical_values": ["2"], "slot": "number_of_rooms", "values": ["2"]}], "service": "Hotels_3", "slots": [{"exclusive_end": 61, "slot": "hotel_name", "start": 52}, {"exclusive_end": 73, "slot": "location", "start": 65}, {"exclusive_end": 103, "slot": "check_in_date", "start": 94}, {"exclusive_end": 129, "slot": "check_out_date", "start": 120}]}], "speaker": "SYSTEM", "utterance": "Just to make sure, you want a 2 room reservation at 11 Howard in New York with a check in for March 5th and checkout on March 8th."}, {"frames": [{"actions": [{"act": "INFORM", "canonical_values": ["2019-03-12"], "slot": "check_out_date", "values": ["12th of March"]}, {"act": "NEGATE", "canonical_values": [], "slot": "", "values": []}], "service": "Hotels_3", "slots": [{"exclusive_end": 50, "slot": "check_out_date", "start": 37}], "state": {"active_intent": "ReserveHotel", "requested_slots": [], "slot_values": {"check_in_date": ["March 5th"], "check_out_date": ["12th of March"], "hotel_name": ["11 Howard"], "location": ["NYC", "New York"], "number_of_rooms": ["2"]}}}], "speaker": "USER", "utterance": "Actually, make the check out for the 12th of March."}, {"frames": [{"actions": [{"act": "CONFIRM", "canonical_values": ["2019-03-12"], "slot": "check_out_date", "values": ["March 12th"]}, {"act": "CONFIRM", "canonical_values": ["2"], "slot": "number_of_rooms", "values": ["2"]}], "service": "Hotels_3", "slots": [{"exclusive_end": 79, "slot": "check_out_date", "start": 69}]}], "speaker": "SYSTEM", "utterance": "Just to make sure, you want a 2 room reservation with a check out on March 12th."}, {"frames": [{"actions": [{"act": "REQUEST", "canonical_values": [], "slot": "street_address", "values": []}, {"act": "AFFIRM", "canonical_values": [], "slot": "", "values": []}], "service": "Hotels_3", "slots": [], "state": {"active_intent": "ReserveHotel", "requested_slots": ["street_address"], "slot_values": {"check_in_date": ["March 5th"], "check_out_date": ["12th of March", "March 12th"], "hotel_name": ["11 Howard"], "location": ["NYC", "New York"], "number_of_rooms": ["2"]}}}], "speaker": "USER", "utterance": "Perfect. Where're they at?"}, {"frames": [{"actions": [{"act": "INFORM", "canonical_values": ["11 Howard Street"], "slot": "street_address", "values": ["11 Howard Street"]}, {"act": "NOTIFY_SUCCESS", "canonical_values": [], "slot": "", "values": []}], "service": "Hotels_3", "service_call": {"method": "ReserveHotel", "parameters": {"check_in_date": "2019-03-05", "check_out_date": "2019-03-12", "hotel_name": "11 Howard", "location": "New York", "number_of_rooms": "2"}}, "service_results": [{"average_rating": "4.30", "check_in_date": "2019-03-05", "check_out_date": "2019-03-12", "hotel_name": "11 Howard", "location": "New York", "number_of_rooms": "2", "pets_welcome": "False", "phone_number": "+1 212-235-1111", "price": "2688", "street_address": "11 Howard Street"}], "slots": [{"exclusive_end": 36, "slot": "street_address", "start": 20}]}], "speaker": "SYSTEM", "utterance": "Your reservation at 11 Howard Street is all set."}, {"frames": [{"actions": [{"act": "THANK_YOU", "canonical_values": [], "slot": "", "values": []}], "service": "Hotels_3", "slots": [], "state": {"active_intent": "ReserveHotel", "requested_slots": [], "slot_values": {"check_in_date": ["March 5th"], "check_out_date": ["12th of March", "March 12th"], "hotel_name": ["11 Howard"], "location": ["NYC", "New York"], "number_of_rooms": ["2"]}}}], "speaker": "USER", "utterance": "Thanks a lot."}, {"frames": [{"actions": [{"act": "REQ_MORE", "canonical_values": [], "slot": "", "values": []}], "service": "Hotels_3", "slots": []}], "speaker": "SYSTEM", "utterance": "Anything else I can help with?"}, {"frames": [{"actions": [{"act": "NEGATE", "canonical_values": [], "slot": "", "values": []}, {"act": "THANK_YOU", "canonical_values": [], "slot": "", "values": []}], "service": "Hotels_3", "slots": [], "state": {"active_intent": "NONE", "requested_slots": [], "slot_values": {"check_in_date": ["March 5th"], "check_out_date": ["12th of March", "March 12th"], "hotel_name": ["11 Howard"], "location": ["NYC", "New York"], "number_of_rooms": ["2"]}}}], "speaker": "USER", "utterance": "Not right now, thanks."}, {"frames": [{"actions": [{"act": "GOODBYE", "canonical_values": [], "slot": "", "values": []}], "service": "Hotels_3", "slots": []}], "speaker": "SYSTEM", "utterance": "Have a good one!"}]}, {"dialogue_id": "93_00001", "services": ["Travel_1", "Hotels_3"], "turns": [{"frames": [{"actions": [{"act": "INFORM_INTENT", "canonical_values": ["FindAttractions"], "slot": "intent", "values": ["FindAttractions"]}], "service": "Travel_1", "slots": [], "state": {"active_intent": "FindAttractions", "requested_slots": [], "slot_values": {}}}], "speaker": "USER", "utterance": "Can you show me some attractions?"}, {"frames": [{"actions": [{"act": "REQUEST", "canonical_values": [], "slot": "location", "values": []}], "service": "Travel_1", "slots": []}], "speaker": "SYSTEM", "utterance": "Where should I look?"}, {"frames": [{"actions": [{"act": "INFORM", "canonical_values": ["New York"], "slot": "location", "values": ["NYC"]}], "service": "Travel_1", "slots": [{"exclusive_end": 12, "slot": "location", "start": 9}], "state": {"active_intent": "FindAttractions", "requested_slots": [], "slot_values": {"location": ["NYC"]}}}], "speaker": "USER", "utterance": "Check in NYC."}, {"frames": [{"actions": [{"act": "OFFER", "canonical_values": ["92nd Street Y"], "slot": "attraction_name", "values": ["92nd Street Y"]}, {"act": "OFFER", "canonical_values": ["Performing Arts Venue"], "slot": "category", "values": ["Performing Arts Venue"]}], "service": "Travel_1", "service_call": {"method": "FindAttractions", "parameters": {"location": "New York"}}, "service_results": [{"attraction_name": "92nd Street Y", "category": "Performing Arts Venue", "free_entry": "False", "good_for_kids": "False", "location": "New York", "phone_number": "(212) 415-5788"}, {"attraction_name": "American Folk Art Museum", "category": "Museum", "free_entry": "False", "good_for_kids": "True", "location": "New York", "phone_number": "(212) 265-1040"}, {"attraction_name": "American Museum of Natural History", "category": "Museum", "free_entry": "True", "good_for_kids": "True", "location": "New York", "phone_number": "(212) 769-5100"}, {"attraction_name": "Apollo Theater", "category": "Performing Arts Venue", "free_entry": "True", "good_for_kids": "True", "location": "New York", "phone_number": "212-531-5300"}, {"attraction_name": "Astoria Park", "category": "Park", "free_entry": "False", "good_for_kids": "True", "location": "New York", "phone_number": "212-639-9675"}, {"attraction_name": "Balto Statue", "category": "Tourist Attraction", "free_entry": "True", "good_for_kids": "False", "location": "New York", "phone_number": "212-310-6600"}, {"attraction_name": "Bayonne Bridge", "category": "Historical Landmark", "free_entry": "True", "good_for_kids": "True", "location": "New York", "phone_number": "212-435-7000"}, {"attraction_name": "Bethesda Terrace", "category": "Tourist Attraction", "free_entry": "True", "good_for_kids": "True", "location": "New York", "phone_number": "212-310-6600"}, {"attraction_name": "Bow Bridge", "category": "Historical Landmark", "free_entry": "False", "good_for_kids": "True", "location": "New York", "phone_number": "212-310-6600"}, {"attraction_name": "Bronx Zoo", "category": "Nature Preserve", "free_entry": "False", "good_for_kids": "True", "location": "New York", "phone_number": "718-367-1010"}], "slots": [{"exclusive_end": 48, "slot": "attraction_name", "start": 35}]}], "speaker": "SYSTEM", "utterance": "There's a performing arts venue at 92nd Street Y."}, {"frames": [{"actions": [{"act": "INFORM_INTENT", "canonical_values": ["SearchHotel"], "slot": "intent", "values": ["SearchHotel"]}], "service": "Hotels_3", "slots": [], "state": {"active_intent": "SearchHotel", "requested_slots": [], "slot_values": {"location": ["NYC"]}}}, {"actions": [{"act": "SELECT", "canonical_values": [], "slot": "", "values": []}], "service": "Travel_1", "slots": [], "state": {"active_intent": "FindAttractions", "requested_slots": [], "slot_values": {"location": ["NYC"]}}}], "speaker": "USER", "utterance": "Can you check some hotels there too?"}, {"frames": [{"actions": [{"act": "OFFER", "canonical_values": ["1 Hotel Brooklyn Bridge"], "slot": "hotel_name", "values": ["1 Hotel Brooklyn Bridge"]}, {"act": "OFFER", "canonical_values": ["4.50"], "slot": "average_rating", "values": ["4.5"]}, {"act": "INFORM_COUNT", "canonical_values": ["10"], "slot": "count", "values": ["10"]}], "service": "Hotels_3", "service_call": {"method": "SearchHotel", "parameters": {"location": "New York"}}, "service_results": [{"average_rating": "4.50", "hotel_name": "1 Hotel Brooklyn Bridge", "location": "New York", "number_of_rooms": "3", "pets_welcome": "True", "phone_number": "+1 833-625-6111", "price": "360", "street_address": "60 Furman Street, Brooklyn"}, {"average_rating": "4.50", "hotel_name": "1 Hotel Central Park", "location": "New York", "number_of_rooms": "3", "pets_welcome": "True", "phone_number": "+1 212-703-2001", "price": "1680", "street_address": "1414 6th Avenue"}, {"average_rating": "4.30", "hotel_name": "11 Howard", "location": "New York", "number_of_rooms": "1", "pets_welcome": "False", "phone_number": "+1 212-235-1111", "price": "544", "street_address": "11 Howard Street"}, {"average_rating": "4.00", "hotel_name": "6 Columbus Hotel", "location": "New York", "number_of_rooms": "3", "pets_welcome": "True", "phone_number": "+1 212-204-3000", "price": "1440", "street_address": "308 West 58th Street"}, {"average_rating": "4.50", "hotel_name": "Ac Hotel New York Times Square", "location": "New York", "number_of_rooms": "2", "pets_welcome": "False", "phone_number": "+1 212-398-2700", "price": "280", "street_address": "260 West 40th Street"}, {"average_rating": "4.30", "hotel_name": "Ace Hotel", "location": "New York", "number_of_rooms": "1", "pets_welcome": "True", "phone_number": "+1 212-991-0551", "price": "720", "street_address": "20 West 29th Street"}, {"average_rating": "3.90", "hotel_name": "Adria Hotel & Conference Center", "location": "New York", "number_of_rooms": "3", "pets_welcome": "False", "phone_number": "+1 718-631-5900", "price": "648", "street_address": "221-17 Northern Boulevard, Bayside"}, {"average_rating": "4.40", "hotel_name": "Aka Central Park", "location": "New York", "number_of_rooms": "3", "pets_welcome": "False", "phone_number": "+1 646-744-3100", "price": "1536", "street_address": "42 West 58th Street"}, {"average_rating": "4.40", "hotel_name": "Aka Times Square", "location": "New York", "number_of_rooms": "2", "pets_welcome": "True", "phone_number": "+1 212-764-5700", "price": "1440", "street_address": "123 West 44th Street"}, {"average_rating": "4.60", "hotel_name": "Aka Wall Street", "location": "New York", "number_of_rooms": "2", "pets_welcome": "False", "phone_number": "+1 212-252-9090", "price": "832", "street_address": "84 William Street"}], "slots": [{"exclusive_end": 43, "slot": "hotel_name", "start": 20}, {"exclusive_end": 54, "slot": "average_rating", "start": 51}]}], "speaker": "SYSTEM", "utterance": "I found 10. There's 1 Hotel Brooklyn Bridge with a 4.5 rating."}, {"frames": [{"actions": [{"act": "SELECT", "canonical_values": [], "slot": "", "values": []}], "service": "Hotels_3", "slots": [], "state": {"active_intent": "SearchHotel", "requested_slots": [], "slot_values": {"hotel_name": ["1 Hotel Brooklyn Bridge"], "location": ["NYC"]}}}], "speaker": "USER", "utterance": "That sounds great."}, {"frames": [{"actions": [{"act": "OFFER_INTENT", "canonical_values": ["ReserveHotel"], "slot": "intent", "values": ["ReserveHotel"]}], "service": "Hotels_3", "slots": []}], "speaker": "SYSTEM", "utterance": "Would you like me to make a reservation?"}, {"frames": [{"actions": [{"act": "AFFIRM_INTENT", "canonical_values": [], "slot": "", "values": []}], "service": "Hotels_3", "slots": [], "state": {"active_intent": "ReserveHotel", "requested_slots": [], "slot_values": {"hotel_name": ["1 Hotel Brooklyn Bridge"], "location": ["NYC"]}}}], "speaker": "USER", "utterance": "Yes, please do."}, {"frames": [{"actions": [{"act": "REQUEST", "canonical_values": [], "slot": "check_in_date", "values": []}, {"act": "REQUEST", "canonical_values": [], "slot": "check_out_date", "values": []}], "service": "Hotels_3", "slots": []}], "speaker": "SYSTEM", "utterance": "What dates do you want to check-in and check-out?"}, {"frames": [{"actions": [{"act": "INFORM", "canonical_values": ["2019-03-04"], "slot": "check_in_date", "values": ["Monday next week"]}, {"act": "INFORM", "canonical_values": ["2019-03-08"], "slot": "check_out_date", "values": ["March 8th"]}], "service": "Hotels_3", "slots": [{"exclusive_end": 37, "slot": "check_in_date", "start": 21}, {"exclusive_end": 61, "slot": "check_out_date", "start": 52}], "state": {"active_intent": "ReserveHotel", "requested_slots": [], "slot_values": {"check_in_date": ["Monday next week"], "check_out_date": ["March 8th"], "hotel_name": ["1 Hotel Brooklyn Bridge"], "location": ["NYC"]}}}], "speaker": "USER", "utterance": "I'd like to check in Monday next week and check out March 8th."}, {"frames": [{"actions": [{"act": "CONFIRM", "canonical_values": ["1 Hotel Brooklyn Bridge"], "slot": "hotel_name", "values": ["1 Hotel Brooklyn Bridge"]}, {"act": "CONFIRM", "canonical_values": ["New York"], "slot": "location", "values": ["New York"]}, {"act": "CONFIRM", "canonical_values": ["2019-03-04"], "slot": "check_in_date", "values": ["March 4th"]}, {"act": "CONFIRM", "canonical_values": ["2019-03-08"], "slot": "check_out_date", "values": ["March 8th"]}, {"act": "CONFIRM", "canonical_values": ["1"], "slot": "number_of_rooms", "values": ["1"]}], "service": "Hotels_3", "slots": [{"exclusive_end": 109, "slot": "hotel_name", "start": 86}, {"exclusive_end": 121, "slot": "location", "start": 113}, {"exclusive_end": 69, "slot": "check_in_date", "start": 60}, {"exclusive_end": 82, "slot": "check_out_date", "start": 73}]}], "speaker": "SYSTEM", "utterance": "To verify: You'd like to make a reservation for 1 room from March 4th to March 8th at 1 Hotel Brooklyn Bridge in New York."}, {"frames": [{"actions": [{"act": "REQUEST", "canonical_values": [], "slot": "street_address", "values": []}, {"act": "REQUEST", "canonical_values": [], "slot": "pets_welcome", "values": []}, {"act": "AFFIRM", "canonical_values": [], "slot": "", "values": []}], "service": "Hotels_3", "slots": [], "state": {"active_intent": "ReserveHotel", "requested_slots": ["pets_welcome", "street_address"], "slot_values": {"check_in_date": ["March 4th", "Monday next week"], "check_out_date": ["March 8th"], "hotel_name": ["1 Hotel Brooklyn Bridge"], "location": ["NYC", "New York"], "number_of_rooms": ["1"]}}}], "speaker": "USER", "utterance": "Yes that's right. Do they allow pets? Also, what is the address?"}, {"frames": [{"actions": [{"act": "INFORM", "canonical_values": ["True"], "slot": "pets_welcome", "values": ["True"]}, {"act": "INFORM", "canonical_values": ["60 Furman Street, Brooklyn"], "slot": "street_address", "values": ["60 Furman Street, Brooklyn"]}, {"act": "NOTIFY_SUCCESS", "canonical_values": [], "slot": "", "values": []}], "service": "Hotels_3", "service_call": {"method": "ReserveHotel", "parameters": {"check_in_date": "2019-03-04", "check_out_date": "2019-03-08", "hotel_name": "1 Hotel Brooklyn Bridge", "location": "New York", "number_of_rooms": "1"}}, "service_results": [{"average_rating": "4.50", "check_in_date": "2019-03-04", "check_out_date": "2019-03-08", "hotel_name": "1 Hotel Brooklyn Bridge", "location": "New York", "number_of_rooms": "1", "pets_welcome": "True", "phone_number": "+1 833-625-6111", "price": "672", "street_address": "60 Furman Street, Brooklyn"}], "slots": [{"exclusive_end": 63, "slot": "street_address", "start": 37}]}], "speaker": "SYSTEM", "utterance": "The do allow pets and the address is 60 Furman Street, Brooklyn. I've made the reservation."}, {"frames": [{"actions": [{"act": "THANK_YOU", "canonical_values": [], "slot": "", "values": []}, {"act": "GOODBYE", "canonical_values": [], "slot": "", "values": []}], "service": "Hotels_3", "slots": [], "state": {"active_intent": "ReserveHotel", "requested_slots": [], "slot_values": {"check_in_date": ["March 4th", "Monday next week"], "check_out_date": ["March 8th"], "hotel_name": ["1 Hotel Brooklyn Bridge"], "location": ["NYC", "New York"], "number_of_rooms": ["1"]}}}], "speaker": "USER", "utterance": "Thanks, that's all I need."}, {"frames": [{"actions": [{"act": "GOODBYE", "canonical_values": [], "slot": "", "values": []}], "service": "Hotels_3", "slots": []}], "speaker": "SYSTEM", "utterance": "Have a great day."}]}, {"dialogue_id": "93_00002", "services": ["Travel_1", "Hotels_3"], "turns": [{"frames": [{"actions": [{"act": "INFORM_INTENT", "canonical_values": ["FindAttractions"], "slot": "intent", "values": ["FindAttractions"]}], "service": "Travel_1", "slots": [], "state": {"active_intent": "FindAttractions", "requested_slots": [], "slot_values": {}}}], "speaker": "USER", "utterance": "Hi, I need a help, i am feel boring now, Could you show me some attractions to visit?"}, {"frames": [{"actions": [{"act": "REQUEST", "canonical_values": [], "slot": "location", "values": []}], "service": "Travel_1", "slots": []}], "speaker": "SYSTEM", "utterance": "Sure,i will help you, Which city should i search in for?"}, {"frames": [{"actions": [{"act": "INFORM", "canonical_values": ["London"], "slot": "location", "values": ["London, England"]}], "service": "Travel_1", "slots": [{"exclusive_end": 43, "slot": "location", "start": 28}], "state": {"active_intent": "FindAttractions", "requested_slots": [], "slot_values": {"location": ["London, England"]}}}], "speaker": "USER", "utterance": "I am looking attractions in London, England"}, {"frames": [{"actions": [{"act": "OFFER", "canonical_values": ["30 St Mary Axe (The Gherkin)"], "slot": "attraction_name", "values": ["30 St Mary Axe (the gherkin)"]}, {"act": "OFFER", "canonical_values": ["Historical Landmark"], "slot": "category", "values": ["Historical Landmark"]}, {"act": "INFORM_COUNT", "canonical_values": ["10"], "slot": "count", "values": ["10"]}], "service": "Travel_1", "service_call": {"method": "FindAttractions", "parameters": {"location": "London"}}, "service_results": [{"attraction_name": "30 St Mary Axe (The Gherkin)", "category": "Historical Landmark", "free_entry": "True", "good_for_kids": "True", "location": "London", "phone_number": "20 7071 5029"}, {"attraction_name": "Alexandra Palace", "category": "Performing Arts Venue", "free_entry": "False", "good_for_kids": "True", "location": "London", "phone_number": "20 8365 2121"}, {"attraction_name": "Alexandra Palace Ice Rink", "category": "Sports Venue", "free_entry": "True", "good_for_kids": "True", "location": "London", "phone_number": "20 8365 2121"}, {"attraction_name": "All England Lawn Tennis & Croquet Club", "category": "Sports Venue", "free_entry": "False", "good_for_kids": "True", "location": "London", "phone_number": "20 8944 1066"}, {"attraction_name": "All Saints, Margaret Street", "category": "Place of Worship", "free_entry": "True", "good_for_kids": "True", "location": "London", "phone_number": "20 7636 1788"}, {"attraction_name": "All Souls Langham Place", "category": "Place of Worship", "free_entry": "False", "good_for_kids": "True", "location": "London", "phone_number": "20 7580 3522"}, {"attraction_name": "Apsley House", "category": "Museum", "free_entry": "True", "good_for_kids": "True", "location": "London", "phone_number": "1793 414926"}, {"attraction_name": "ArcelorMittal Orbit", "category": "Historical Landmark", "free_entry": "True", "good_for_kids": "True", "location": "London", "phone_number": "333 800 8099"}, {"attraction_name": "BAPS Shri Swaminarayan Mandir London", "category": "Place of Worship", "free_entry": "False", "good_for_kids": "True", "location": "London", "phone_number": "20 8965 2651"}, {"attraction_name": "BODY WORLDS London", "category": "Museum", "free_entry": "True", "good_for_kids": "True", "location": "London", "phone_number": "330 223 3233"}], "slots": [{"exclusive_end": 84, "slot": "attraction_name", "start": 56}]}], "speaker": "SYSTEM", "utterance": "I have found 10 attractions in London, You should visit 30 St Mary Axe (the gherkin), It is a Historical Landmark"}, {"frames": [{"actions": [{"act": "INFORM", "canonical_values": ["1"], "slot": "number_of_rooms", "values": ["1"]}, {"act": "INFORM_INTENT", "canonical_values": ["SearchHotel"], "slot": "intent", "values": ["SearchHotel"]}], "service": "Hotels_3", "slots": [], "state": {"active_intent": "SearchHotel", "requested_slots": [], "slot_values": {"location": ["London, England"], "number_of_rooms": ["1"]}}}, {"actions": [{"act": "SELECT", "canonical_values": [], "slot": "", "values": []}], "service": "Travel_1", "slots": [], "state": {"active_intent": "FindAttractions", "requested_slots": [], "slot_values": {"location": ["London, England"]}}}], "speaker": "USER", "utterance": "Cool, I need to search a hot to stay there. i want to book one room."}, {"frames": [{"actions": [{"act": "OFFER", "canonical_values": ["45 Park Lane"], "slot": "hotel_name", "values": ["45 Park lane"]}, {"act": "OFFER", "canonical_values": ["4.70"], "slot": "average_rating", "values": ["4.7"]}], "service": "Hotels_3", "service_call": {"method": "SearchHotel", "parameters": {"location": "London", "number_of_rooms": "1"}}, "service_results": [{"average_rating": "4.70", "hotel_name": "45 Park Lane", "location": "London", "number_of_rooms": "1", "pets_welcome": "True", "phone_number": "+44 20 7493 4545", "price": "792", "street_address": "45 Park Lane"}, {"average_rating": "3.20", "hotel_name": "Abc Hyde Park Hotel", "location": "London", "number_of_rooms": "1", "pets_welcome": "False", "phone_number": "+44 20 7706 4660", "price": "1008", "street_address": "121 Sussex Gardens"}, {"average_rating": "3.50", "hotel_name": "Abercorn House", "location": "London", "number_of_rooms": "1", "pets_welcome": "False", "phone_number": "+44 20 8563 8692", "price": "1674", "street_address": "28-30 Bute Gardens"}, {"average_rating": "4.10", "hotel_name": "Accommodation London Bridge", "location": "London", "number_of_rooms": "1", "pets_welcome": "False", "phone_number": "+44 20 7403 4299", "price": "464", "street_address": "58 Great Dover Street"}, {"average_rating": "4.30", "hotel_name": "Ace Hotel London", "location": "London", "number_of_rooms": "1", "pets_welcome": "True", "phone_number": "+44 20 7613 9800", "price": "128", "street_address": "100 Shoreditch High Street"}, {"average_rating": "3.70", "hotel_name": "Airways Hotel London Victoria", "location": "London", "number_of_rooms": "1", "pets_welcome": "False", "phone_number": "+44 20 7834 0205", "price": "240", "street_address": "29-31 Saint George's Drive"}, {"average_rating": "4.50", "hotel_name": "Amba Hotel Charing Cross", "location": "London", "number_of_rooms": "1", "pets_welcome": "False", "phone_number": "+44 871 376 9012", "price": "1624", "street_address": "Strand"}, {"average_rating": "4.20", "hotel_name": "Amba Hotel Marble Arch", "location": "London", "number_of_rooms": "1", "pets_welcome": "False", "phone_number": "+44 800 330 8523", "price": "252", "street_address": "Bryanston Street"}, {"average_rating": "3.90", "hotel_name": "Ambassadors Bloomsbury Hotel", "location": "London", "number_of_rooms": "1", "pets_welcome": "False", "phone_number": "+44 20 7388 9930", "price": "300", "street_address": "12 Upper Woburn Place"}, {"average_rating": "3.00", "hotel_name": "Ambassadors Hotel", "location": "London", "number_of_rooms": "1", "pets_welcome": "False", "phone_number": "+44 20 7373 1075", "price": "150", "street_address": "16 Collingham Road"}], "slots": [{"exclusive_end": 58, "slot": "hotel_name", "start": 46}, {"exclusive_end": 73, "slot": "average_rating", "start": 70}]}], "speaker": "SYSTEM", "utterance": "i got a good hotel for you, The hotel name is 45 Park lane and it has 4.7 rating."}, {"frames": [{"actions": [{"act": "SELECT", "canonical_values": [], "slot": "", "values": []}], "service": "Hotels_3", "slots": [], "state": {"active_intent": "SearchHotel", "requested_slots": [], "slot_values": {"hotel_name": ["45 Park lane"], "location": ["London, England"], "number_of_rooms": ["1"]}}}], "speaker": "USER", "utterance": "Yes, that's cool."}, {"frames": [{"actions": [{"act": "OFFER_INTENT", "canonical_values": ["ReserveHotel"], "slot": "intent", "values": ["ReserveHotel"]}], "service": "Hotels_3", "slots": []}], "speaker": "SYSTEM", "utterance": "can i reserve the hotel for you?"}, {"frames": [{"actions": [{"act": "AFFIRM_INTENT", "canonical_values": [], "slot": "", "values": []}], "service": "Hotels_3", "slots": [], "state": {"active_intent": "ReserveHotel", "requested_slots": [], "slot_values": {"hotel_name": ["45 Park lane"], "location": ["London, England"], "number_of_rooms": ["1"]}}}], "speaker": "USER", "utterance": "Sure, Book the hotel for me."}, {"frames": [{"actions": [{"act": "REQUEST", "canonical_values": [], "slot": "check_in_date", "values": []}, {"act": "REQUEST", "canonical_values": [], "slot": "check_out_date", "values": []}], "service": "Hotels_3", "slots": []}], "speaker": "SYSTEM", "utterance": "please tell me what's your expected check in and check out date?"}, {"frames": [{"actions": [{"act": "INFORM", "canonical_values": ["2019-03-05"], "slot": "check_in_date", "values": ["the 5th"]}, {"act": "INFORM", "canonical_values": ["2019-03-09"], "slot": "check_out_date", "values": ["9th of March"]}], "service": "Hotels_3", "slots": [{"exclusive_end": 29, "slot": "check_in_date", "start": 22}, {"exclusive_end": 67, "slot": "check_out_date", "start": 55}], "state": {"active_intent": "ReserveHotel", "requested_slots": [], "slot_values": {"check_in_date": ["the 5th"], "check_out_date": ["9th of March"], "hotel_name": ["45 Park lane"], "location": ["London, England"], "number_of_rooms": ["1"]}}}], "speaker": "USER", "utterance": "i wish to check in on the 5th and wish to check out on 9th of March."}, {"frames": [{"actions": [{"act": "CONFIRM", "canonical_values": ["45 Park Lane"], "slot": "hotel_name", "values": ["45 park lane"]}, {"act": "CONFIRM", "canonical_values": ["London"], "slot": "location", "values": ["London"]}, {"act": "CONFIRM", "canonical_values": ["2019-03-05"], "slot": "check_in_date", "values": ["march 5th"]}, {"act": "CONFIRM", "canonical_values": ["2019-03-09"], "slot": "check_out_date", "values": ["March 9th"]}, {"act": "CONFIRM", "canonical_values": ["1"], "slot": "number_of_rooms", "values": ["1"]}], "service": "Hotels_3", "slots": [{"exclusive_end": 68, "slot": "hotel_name", "start": 56}, {"exclusive_end": 96, "slot": "location", "start": 90}, {"exclusive_end": 128, "slot": "check_in_date", "start": 119}, {"exclusive_end": 160, "slot": "check_out_date", "start": 151}]}], "speaker": "SYSTEM", "utterance": "Please confirm the following details: The hotel name is 45 park lane and it is located at London, The check-in date is march 5th and check-out date is March 9th, you need to book 1 rooms."}, {"frames": [{"actions": [{"act": "REQUEST", "canonical_values": [], "slot": "street_address", "values": []}, {"act": "AFFIRM", "canonical_values": [], "slot": "", "values": []}], "service": "Hotels_3", "slots": [], "state": {"active_intent": "ReserveHotel", "requested_slots": ["street_address"], "slot_values": {"check_in_date": ["march 5th", "the 5th"], "check_out_date": ["9th of March", "March 9th"], "hotel_name": ["45 Park lane", "45 park lane"], "location": ["London", "London, England"], "number_of_rooms": ["1"]}}}], "speaker": "USER", "utterance": "yes, you are right. give me the street address of the hotel."}, {"frames": [{"actions": [{"act": "INFORM", "canonical_values": ["45 Park Lane"], "slot": "street_address", "values": ["45 park Lane"]}, {"act": "NOTIFY_SUCCESS", "canonical_values": [], "slot": "", "values": []}], "service": "Hotels_3", "service_call": {"method": "ReserveHotel", "parameters": {"check_in_date": "2019-03-05", "check_out_date": "2019-03-09", "hotel_name": "45 Park Lane", "location": "London", "number_of_rooms": "1"}}, "service_results": [{"average_rating": "4.70", "check_in_date": "2019-03-05", "check_out_date": "2019-03-09", "hotel_name": "45 Park Lane", "location": "London", "number_of_rooms": "1", "pets_welcome": "True", "phone_number": "+44 20 7493 4545", "price": "1632", "street_address": "45 Park Lane"}], "slots": [{"exclusive_end": 78, "slot": "street_address", "start": 66}]}], "speaker": "SYSTEM", "utterance": "Congrats, your hotel booking has been confirmed, Their address is 45 park Lane.Shall i help you with anything more?"}, {"frames": [{"actions": [{"act": "THANK_YOU", "canonical_values": [], "slot": "", "values": []}, {"act": "GOODBYE", "canonical_values": [], "slot": "", "values": []}], "service": "Hotels_3", "slots": [], "state": {"active_intent": "ReserveHotel", "requested_slots": [], "slot_values": {"check_in_date": ["march 5th", "the 5th"], "check_out_date": ["9th of March", "March 9th"], "hotel_name": ["45 Park lane", "45 park Lane", "45 park lane"], "location": ["London", "London, England"], "number_of_rooms": ["1"]}}}], "speaker": "USER", "utterance": "No, thanks for your great help, bye"}, {"frames": [{"actions": [{"act": "GOODBYE", "canonical_values": [], "slot": "", "values": []}], "service": "Hotels_3", "slots": []}], "speaker": "SYSTEM", "utterance": "You are welcome, have a great day, bye"}]}, {"dialogue_id": "93_00003", "services": ["Travel_1", "Hotels_3"], "turns": [{"frames": [{"actions": [{"act": "INFORM_INTENT", "canonical_values": ["FindAttractions"], "slot": "intent", "values": ["FindAttractions"]}], "service": "Travel_1", "slots": [], "state": {"active_intent": "FindAttractions", "requested_slots": [], "slot_values": {}}}], "speaker": "USER", "utterance": "I'd like to look up some attractions to see."}, {"frames": [{"actions": [{"act": "REQUEST", "canonical_values": [], "slot": "location", "values": []}], "service": "Travel_1", "slots": []}], "speaker": "SYSTEM", "utterance": "Okay. Where should I search?"}, {"frames": [{"actions": [{"act": "INFORM", "canonical_values": ["London"], "slot": "location", "values": ["London, UK"]}], "service": "Travel_1", "slots": [{"exclusive_end": 29, "slot": "location", "start": 19}], "state": {"active_intent": "FindAttractions", "requested_slots": [], "slot_values": {"location": ["London, UK"]}}}], "speaker": "USER", "utterance": "Please look around London, UK."}, {"frames": [{"actions": [{"act": "OFFER", "canonical_values": ["30 St Mary Axe (The Gherkin)"], "slot": "attraction_name", "values": ["30 St Mary Axe (The Gherkin)"]}, {"act": "OFFER", "canonical_values": ["Historical Landmark"], "slot": "category", "values": ["Historical Landmark"]}], "service": "Travel_1", "service_call": {"method": "FindAttractions", "parameters": {"location": "London"}}, "service_results": [{"attraction_name": "30 St Mary Axe (The Gherkin)", "category": "Historical Landmark", "free_entry": "True", "good_for_kids": "True", "location": "London", "phone_number": "20 7071 5029"}, {"attraction_name": "Alexandra Palace", "category": "Performing Arts Venue", "free_entry": "False", "good_for_kids": "True", "location": "London", "phone_number": "20 8365 2121"}, {"attraction_name": "Alexandra Palace Ice Rink", "category": "Sports Venue", "free_entry": "True", "good_for_kids": "True", "location": "London", "phone_number": "20 8365 2121"}, {"attraction_name": "All England Lawn Tennis & Croquet Club", "category": "Sports Venue", "free_entry": "False", "good_for_kids": "True", "location": "London", "phone_number": "20 8944 1066"}, {"attraction_name": "All Saints, Margaret Street", "category": "Place of Worship", "free_entry": "True", "good_for_kids": "True", "location": "London", "phone_number": "20 7636 1788"}, {"attraction_name": "All Souls Langham Place", "category": "Place of Worship", "free_entry": "False", "good_for_kids": "True", "location": "London", "phone_number": "20 7580 3522"}, {"attraction_name": "Apsley House", "category": "Museum", "free_entry": "True", "good_for_kids": "True", "location": "London", "phone_number": "1793 414926"}, {"attraction_name": "ArcelorMittal Orbit", "category": "Historical Landmark", "free_entry": "True", "good_for_kids": "True", "location": "London", "phone_number": "333 800 8099"}, {"attraction_name": "BAPS Shri Swaminarayan Mandir London", "category": "Place of Worship", "free_entry": "False", "good_for_kids": "True", "location": "London", "phone_number": "20 8965 2651"}, {"attraction_name": "BODY WORLDS London", "category": "Museum", "free_entry": "True", "good_for_kids": "True", "location": "London", "phone_number": "330 223 3233"}], "slots": [{"exclusive_end": 57, "slot": "attraction_name", "start": 29}]}], "speaker": "SYSTEM", "utterance": "I've heard good things about 30 St Mary Axe (The Gherkin). It is a Historical Landmark."}, {"frames": [{"actions": [{"act": "INFORM", "canonical_values": ["True"], "slot": "good_for_kids", "values": ["True"]}, {"act": "REQUEST_ALTS", "canonical_values": [], "slot": "", "values": []}], "service": "Travel_1", "slots": [], "state": {"active_intent": "FindAttractions", "requested_slots": [], "slot_values": {"good_for_kids": ["True"], "location": ["London, UK"]}}}], "speaker": "USER", "utterance": "That sounds nice. Is there anything else that's kid-friendly?"}, {"frames": [{"actions": [{"act": "OFFER", "canonical_values": ["Alexandra Palace"], "slot": "attraction_name", "values": ["Alexandra Palace"]}, {"act": "OFFER", "canonical_values": ["Performing Arts Venue"], "slot": "category", "values": ["Performing Arts Venue"]}, {"act": "INFORM_COUNT", "canonical_values": ["9"], "slot": "count", "values": ["9"]}], "service": "Travel_1", "service_call": {"method": "FindAttractions", "parameters": {"good_for_kids": "True", "location": "London"}}, "service_results": [{"attraction_name": "30 St Mary Axe (The Gherkin)", "category": "Historical Landmark", "free_entry": "True", "good_for_kids": "True", "location": "London", "phone_number": "20 7071 5029"}, {"attraction_name": "Alexandra Palace", "category": "Performing Arts Venue", "free_entry": "False", "good_for_kids": "True", "location": "London", "phone_number": "20 8365 2121"}, {"attraction_name": "Alexandra Palace Ice Rink", "category": "Sports Venue", "free_entry": "True", "good_for_kids": "True", "location": "London", "phone_number": "20 8365 2121"}, {"attraction_name": "All England Lawn Tennis & Croquet Club", "category": "Sports Venue", "free_entry": "False", "good_for_kids": "True", "location": "London", "phone_number": "20 8944 1066"}, {"attraction_name": "All Saints, Margaret Street", "category": "Place of Worship", "free_entry": "True", "good_for_kids": "True", "location": "London", "phone_number": "20 7636 1788"}, {"attraction_name": "All Souls Langham Place", "category": "Place of Worship", "free_entry": "False", "good_for_kids": "True", "location": "London", "phone_number": "20 7580 3522"}, {"attraction_name": "Apsley House", "category": "Museum", "free_entry": "True", "good_for_kids": "True", "location": "London", "phone_number": "1793 414926"}, {"attraction_name": "ArcelorMittal Orbit", "category": "Historical Landmark", "free_entry": "True", "good_for_kids": "True", "location": "London", "phone_number": "333 800 8099"}, {"attraction_name": "BAPS Shri Swaminarayan Mandir London", "category": "Place of Worship", "free_entry": "False", "good_for_kids": "True", "location": "London", "phone_number": "20 8965 2651"}], "slots": [{"exclusive_end": 69, "slot": "attraction_name", "start": 53}]}], "speaker": "SYSTEM", "utterance": "I've found 9 other attractions. First on the list is Alexandra Palace. It is a Performing Arts Venue."}, {"frames": [{"actions": [{"act": "REQUEST", "canonical_values": [], "slot": "free_entry", "values": []}], "service": "Travel_1", "slots": [], "state": {"active_intent": "FindAttractions", "requested_slots": ["free_entry"], "slot_values": {"good_for_kids": ["True"], "location": ["London, UK"]}}}], "speaker": "USER", "utterance": "Is that a free attraction?"}, {"frames": [{"actions": [{"act": "INFORM", "canonical_values": ["False"], "slot": "free_entry", "values": ["False"]}], "service": "Travel_1", "slots": []}], "speaker": "SYSTEM", "utterance": "No, there is an entry fee there."}, {"frames": [{"actions": [{"act": "INFORM", "canonical_values": ["True"], "slot": "pets_welcome", "values": ["True"]}, {"act": "INFORM", "canonical_values": ["3"], "slot": "number_of_rooms", "values": ["3"]}, {"act": "INFORM_INTENT", "canonical_values": ["SearchHotel"], "slot": "intent", "values": ["SearchHotel"]}], "service": "Hotels_3", "slots": [], "state": {"active_intent": "SearchHotel", "requested_slots": [], "slot_values": {"location": ["London, UK"], "number_of_rooms": ["3"], "pets_welcome": ["True"]}}}, {"actions": [{"act": "SELECT", "canonical_values": [], "slot": "", "values": []}], "service": "Travel_1", "slots": [], "state": {"active_intent": "FindAttractions", "requested_slots": [], "slot_values": {"good_for_kids": ["True"], "location": ["London, UK"]}}}], "speaker": "USER", "utterance": "Oh, okay. I need to also find a hotel that allows pets there. I need to get 3 different rooms."}, {"frames": [{"actions": [{"act": "OFFER", "canonical_values": ["45 Park Lane"], "slot": "hotel_name", "values": ["45 Park Lane"]}, {"act": "OFFER", "canonical_values": ["4.70"], "slot": "average_rating", "values": ["4.7"]}], "service": "Hotels_3", "service_call": {"method": "SearchHotel", "parameters": {"location": "London", "number_of_rooms": "3", "pets_welcome": "True"}}, "service_results": [{"average_rating": "4.70", "hotel_name": "45 Park Lane", "location": "London", "number_of_rooms": "3", "pets_welcome": "True", "phone_number": "+44 20 7493 4545", "price": "840", "street_address": "45 Park Lane"}, {"average_rating": "4.30", "hotel_name": "Ace Hotel London", "location": "London", "number_of_rooms": "3", "pets_welcome": "True", "phone_number": "+44 20 7613 9800", "price": "2220", "street_address": "100 Shoreditch High Street"}, {"average_rating": "4.20", "hotel_name": "Citadines Barbican London (Apart Hotel London)", "location": "London", "number_of_rooms": "3", "pets_welcome": "True", "phone_number": "+44 20 7566 8000", "price": "1248", "street_address": "7-21 Goswell Road"}, {"average_rating": "4.10", "hotel_name": "Citadines Holborn-Covent Garden London (Apart Hotel London)", "location": "London", "number_of_rooms": "3", "pets_welcome": "True", "phone_number": "+44 20 7395 8800", "price": "1260", "street_address": "94-99 High Holborn"}, {"average_rating": "4.20", "hotel_name": "Citadines Trafalgar Square London (Apart Hotel London)", "location": "London", "number_of_rooms": "3", "pets_welcome": "True", "phone_number": "+44 20 7766 3700", "price": "1488", "street_address": "18-21 Northumberland Avenue"}, {"average_rating": "4.40", "hotel_name": "Como Metropolitan London", "location": "London", "number_of_rooms": "3", "pets_welcome": "True", "phone_number": "+44 20 7447 1000", "price": "456", "street_address": "19 Old Park Lane"}, {"average_rating": "3.80", "hotel_name": "Days Inn London Hyde Park", "location": "London", "number_of_rooms": "3", "pets_welcome": "True", "phone_number": "+44 20 7723 2939", "price": "702", "street_address": "148-152 Sussex Gardens"}, {"average_rating": "4.10", "hotel_name": "De Vere Devonport House", "location": "London", "number_of_rooms": "3", "pets_welcome": "True", "phone_number": "+44 871 222 4796", "price": "720", "street_address": "King William Walk"}, {"average_rating": "4.60", "hotel_name": "Devonshire Club", "location": "London", "number_of_rooms": "3", "pets_welcome": "True", "phone_number": "+44 20 3750 4545", "price": "1848", "street_address": "5 Devonshire Square"}, {"average_rating": "4.30", "hotel_name": "Dorset Square Hotel", "location": "London", "number_of_rooms": "3", "pets_welcome": "True", "phone_number": "+44 20 7723 7874", "price": "1008", "street_address": "39-40 Dorset Square"}], "slots": [{"exclusive_end": 42, "slot": "hotel_name", "start": 30}, {"exclusive_end": 66, "slot": "average_rating", "start": 63}]}], "speaker": "SYSTEM", "utterance": "Sure. What do you think about 45 Park Lane. It has a rating of 4.7."}, {"frames": [{"actions": [{"act": "SELECT", "canonical_values": [], "slot": "", "values": []}], "service": "Hotels_3", "slots": [], "state": {"active_intent": "SearchHotel", "requested_slots": [], "slot_values": {"hotel_name": ["45 Park Lane"], "location": ["London, UK"], "number_of_rooms": ["3"], "pets_welcome": ["True"]}}}], "speaker": "USER", "utterance": "That sounds just fine."}, {"frames": [{"actions": [{"act": "REQ_MORE", "canonical_values": [], "slot": "", "values": []}], "service": "Hotels_3", "slots": []}], "speaker": "SYSTEM", "utterance": "Is there anything else I can do to help?"}, {"frames": [{"actions": [{"act": "INFORM", "canonical_values": ["2019-03-11"], "slot": "check_out_date", "values": ["11th of March"]}, {"act": "INFORM_INTENT", "canonical_values": ["ReserveHotel"], "slot": "intent", "values": ["ReserveHotel"]}], "service": "Hotels_3", "slots": [{"exclusive_end": 46, "slot": "check_out_date", "start": 33}], "state": {"active_intent": "ReserveHotel", "requested_slots": [], "slot_values": {"check_out_date": ["11th of March"], "hotel_name": ["45 Park Lane"], "location": ["London, UK"], "number_of_rooms": ["3"], "pets_welcome": ["True"]}}}], "speaker": "USER", "utterance": "I want to book a hotel until the 11th of March."}, {"frames": [{"actions": [{"act": "REQUEST", "canonical_values": [], "slot": "check_in_date", "values": []}], "service": "Hotels_3", "slots": []}], "speaker": "SYSTEM", "utterance": "When do you expect to check in?"}, {"frames": [{"actions": [{"act": "INFORM", "canonical_values": ["2019-03-04"], "slot": "check_in_date", "values": ["Monday next week"]}], "service": "Hotels_3", "slots": [{"exclusive_end": 38, "slot": "check_in_date", "start": 22}], "state": {"active_intent": "ReserveHotel", "requested_slots": [], "slot_values": {"check_in_date": ["Monday next week"], "check_out_date": ["11th of March"], "hotel_name": ["45 Park Lane"], "location": ["London, UK"], "number_of_rooms": ["3"], "pets_welcome": ["True"]}}}], "speaker": "USER", "utterance": "I'll need it starting Monday next week."}, {"frames": [{"actions": [{"act": "CONFIRM", "canonical_values": ["45 Park Lane"], "slot": "hotel_name", "values": ["45 Park Lane"]}, {"act": "CONFIRM", "canonical_values": ["London"], "slot": "location", "values": ["London"]}, {"act": "CONFIRM", "canonical_values": ["2019-03-04"], "slot": "check_in_date", "values": ["March 4th"]}, {"act": "CONFIRM", "canonical_values": ["2019-03-11"], "slot": "check_out_date", "values": ["March 11th"]}, {"act": "CONFIRM", "canonical_values": ["3"], "slot": "number_of_rooms", "values": ["3"]}], "service": "Hotels_3", "slots": [{"exclusive_end": 64, "slot": "hotel_name", "start": 52}, {"exclusive_end": 74, "slot": "location", "start": 68}, {"exclusive_end": 93, "slot": "check_in_date", "start": 84}, {"exclusive_end": 115, "slot": "check_out_date", "start": 105}]}], "speaker": "SYSTEM", "utterance": "Okay, let me make sure. You want to book 3 rooms at 45 Park Lane in London starting March 4th and ending March 11th."}, {"frames": [{"actions": [{"act": "REQUEST", "canonical_values": [], "slot": "phone_number", "values": []}, {"act": "AFFIRM", "canonical_values": [], "slot": "", "values": []}], "service": "Hotels_3", "slots": [], "state": {"active_intent": "ReserveHotel", "requested_slots": ["phone_number"], "slot_values": {"check_in_date": ["March 4th", "Monday next week"], "check_out_date": ["11th of March", "March 11th"], "hotel_name": ["45 Park Lane"], "location": ["London", "London, UK"], "number_of_rooms": ["3"], "pets_welcome": ["True"]}}}], "speaker": "USER", "utterance": "That is correct. What's the phone number for the hotel?"}, {"frames": [{"actions": [{"act": "INFORM", "canonical_values": ["+44 20 7493 4545"], "slot": "phone_number", "values": ["+44 20 7493 4545"]}, {"act": "NOTIFY_SUCCESS", "canonical_values": [], "slot": "", "values": []}], "service": "Hotels_3", "service_call": {"method": "ReserveHotel", "parameters": {"check_in_date": "2019-03-04", "check_out_date": "2019-03-11", "hotel_name": "45 Park Lane", "location": "London", "number_of_rooms": "3"}}, "service_results": [{"average_rating": "4.70", "check_in_date": "2019-03-04", "check_out_date": "2019-03-11", "hotel_name": "45 Park Lane", "location": "London", "number_of_rooms": "3", "pets_welcome": "True", "phone_number": "+44 20 7493 4545", "price": "3276", "street_address": "45 Park Lane"}], "slots": [{"exclusive_end": 58, "slot": "phone_number", "start": 42}]}], "speaker": "SYSTEM", "utterance": "I made your reservation and the number is +44 20 7493 4545."}, {"frames": [{"actions": [{"act": "THANK_YOU", "canonical_values": [], "slot": "", "values": []}], "service": "Hotels_3", "slots": [], "state": {"active_intent": "ReserveHotel", "requested_slots": [], "slot_values": {"check_in_date": ["March 4th", "Monday next week"], "check_out_date": ["11th of March", "March 11th"], "hotel_name": ["45 Park Lane"], "location": ["London", "London, UK"], "number_of_rooms": ["3"], "pets_welcome": ["True"]}}}], "speaker": "USER", "utterance": "Thanks for the help."}, {"frames": [{"actions": [{"act": "REQ_MORE", "canonical_values": [], "slot": "", "values": []}], "service": "Hotels_3", "slots": []}], "speaker": "SYSTEM", "utterance": "Is there anything else you need?"}, {"frames": [{"actions": [{"act": "NEGATE", "canonical_values": [], "slot": "", "values": []}, {"act": "THANK_YOU", "canonical_values": [], "slot": "", "values": []}], "service": "Hotels_3", "slots": [], "state": {"active_intent": "NONE", "requested_slots": [], "slot_values": {"check_in_date": ["March 4th", "Monday next week"], "check_out_date": ["11th of March", "March 11th"], "hotel_name": ["45 Park Lane"], "location": ["London", "London, UK"], "number_of_rooms": ["3"], "pets_welcome": ["True"]}}}], "speaker": "USER", "utterance": "No. That will be all."}, {"frames": [{"actions": [{"act": "GOODBYE", "canonical_values": [], "slot": "", "values": []}], "service": "Hotels_3", "slots": []}], "speaker": "SYSTEM", "utterance": "Have a wonderful day!"}]}, {"dialogue_id": "93_00004", "services": ["Travel_1", "Hotels_3"], "turns": [{"frames": [{"actions": [{"act": "INFORM", "canonical_values": ["True"], "slot": "free_entry", "values": ["True"]}, {"act": "INFORM_INTENT", "canonical_values": ["FindAttractions"], "slot": "intent", "values": ["FindAttractions"]}], "service": "Travel_1", "slots": [], "state": {"active_intent": "FindAttractions", "requested_slots": [], "slot_values": {"free_entry": ["True"]}}}], "speaker": "USER", "utterance": "Can you find me some attractions that are free?"}, {"frames": [{"actions": [{"act": "REQUEST", "canonical_values": [], "slot": "location", "values": []}], "service": "Travel_1", "slots": []}], "speaker": "SYSTEM", "utterance": "What city do you want to go to?"}, {"frames": [{"actions": [{"act": "INFORM", "canonical_values": ["Delhi"], "slot": "location", "values": ["Delhi"]}, {"act": "INFORM", "canonical_values": ["Historical Landmark"], "slot": "category", "values": ["Historical Landmark"]}], "service": "Travel_1", "slots": [{"exclusive_end": 38, "slot": "location", "start": 33}], "state": {"active_intent": "FindAttractions", "requested_slots": [], "slot_values": {"category": ["Historical Landmark"], "free_entry": ["True"], "location": ["Delhi"]}}}], "speaker": "USER", "utterance": "Find me a Historical Landmark in Delhi."}, {"frames": [{"actions": [{"act": "OFFER", "canonical_values": ["Humayun's Tomb"], "slot": "attraction_name", "values": ["Humayun's Tomb"]}, {"act": "OFFER", "canonical_values": ["Historical Landmark"], "slot": "category", "values": ["Historical Landmark"]}], "service": "Travel_1", "service_call": {"method": "FindAttractions", "parameters": {"category": "Historical Landmark", "free_entry": "True", "location": "Delhi"}}, "service_results": [{"attraction_name": "Humayun's Tomb", "category": "Historical Landmark", "free_entry": "True", "good_for_kids": "True", "location": "Delhi", "phone_number": "11 2435 5275"}, {"attraction_name": "India Gate", "category": "Historical Landmark", "free_entry": "True", "good_for_kids": "True", "location": "Delhi", "phone_number": "11 2336 5358"}, {"attraction_name": "Qutub Minar", "category": "Historical Landmark", "free_entry": "True", "good_for_kids": "True", "location": "Delhi", "phone_number": "11 2469 8431"}, {"attraction_name": "Raj Ghat", "category": "Historical Landmark", "free_entry": "True", "good_for_kids": "False", "location": "Delhi", "phone_number": "11 2567 5609"}], "slots": [{"exclusive_end": 14, "slot": "attraction_name", "start": 0}]}], "speaker": "SYSTEM", "utterance": "Humayun's Tomb is a Historical Landmark."}, {"frames": [{"actions": [{"act": "REQUEST_ALTS", "canonical_values": [], "slot": "", "values": []}], "service": "Travel_1", "slots": [], "state": {"active_intent": "FindAttractions", "requested_slots": [], "slot_values": {"category": ["Historical Landmark"], "free_entry": ["True"], "location": ["Delhi"]}}}], "speaker": "USER", "utterance": "What else do you have?"}, {"frames": [{"actions": [{"act": "OFFER", "canonical_values": ["India Gate"], "slot": "attraction_name", "values": ["India Gate"]}, {"act": "OFFER", "canonical_values": ["Historical Landmark"], "slot": "category", "values": ["Historical Landmark"]}], "service": "Travel_1", "slots": [{"exclusive_end": 10, "slot": "attraction_name", "start": 0}]}], "speaker": "SYSTEM", "utterance": "India Gate is a Historical Landmark."}, {"frames": [{"actions": [{"act": "REQUEST_ALTS", "canonical_values": [], "slot": "", "values": []}], "service": "Travel_1", "slots": [], "state": {"active_intent": "FindAttractions", "requested_slots": [], "slot_values": {"category": ["Historical Landmark"], "free_entry": ["True"], "location": ["Delhi"]}}}], "speaker": "USER", "utterance": "Can you find something else?"}, {"frames": [{"actions": [{"act": "OFFER", "canonical_values": ["Qutub Minar"], "slot": "attraction_name", "values": ["Qutub Minar"]}, {"act": "OFFER", "canonical_values": ["Historical Landmark"], "slot": "category", "values": ["Historical Landmark"]}], "service": "Travel_1", "slots": [{"exclusive_end": 11, "slot": "attraction_name", "start": 0}]}], "speaker": "SYSTEM", "utterance": "Qutub Minar is a Historical Landmark."}, {"frames": [{"actions": [{"act": "REQUEST", "canonical_values": [], "slot": "good_for_kids", "values": []}], "service": "Travel_1", "slots": [], "state": {"active_intent": "FindAttractions", "requested_slots": ["good_for_kids"], "slot_values": {"category": ["Historical Landmark"], "free_entry": ["True"], "location": ["Delhi"]}}}], "speaker": "USER", "utterance": "Are children welcome there?"}, {"frames": [{"actions": [{"act": "INFORM", "canonical_values": ["True"], "slot": "good_for_kids", "values": ["True"]}], "service": "Travel_1", "slots": []}], "speaker": "SYSTEM", "utterance": "Yes, the kids will enjoy it."}, {"frames": [{"actions": [{"act": "INFORM_INTENT", "canonical_values": ["SearchHotel"], "slot": "intent", "values": ["SearchHotel"]}], "service": "Hotels_3", "slots": [], "state": {"active_intent": "SearchHotel", "requested_slots": [], "slot_values": {"location": ["Delhi"]}}}, {"actions": [{"act": "SELECT", "canonical_values": [], "slot": "", "values": []}], "service": "Travel_1", "slots": [], "state": {"active_intent": "FindAttractions", "requested_slots": [], "slot_values": {"category": ["Historical Landmark"], "free_entry": ["True"], "location": ["Delhi"]}}}], "speaker": "USER", "utterance": "That is good. Find me a hotel nearby."}, {"frames": [{"actions": [{"act": "OFFER", "canonical_values": ["Aloft New Delhi Aerocity"], "slot": "hotel_name", "values": ["Aloft New Delhi Aerocity"]}, {"act": "OFFER", "canonical_values": ["4.40"], "slot": "average_rating", "values": ["4.4"]}, {"act": "INFORM_COUNT", "canonical_values": ["10"], "slot": "count", "values": ["10"]}], "service": "Hotels_3", "service_call": {"method": "SearchHotel", "parameters": {"location": "Delhi"}}, "service_results": [{"average_rating": "4.40", "hotel_name": "Aloft New Delhi Aerocity", "location": "Delhi", "number_of_rooms": "2", "pets_welcome": "False", "phone_number": "+91 11 4565 0000", "price": "200", "street_address": "5B Igi T3 Road, Delhi - Ajmer Expressway, Aerocity, New Delhi"}, {"average_rating": "4.60", "hotel_name": "Andaz Delhi - A Concept By Hyatt", "location": "Delhi", "number_of_rooms": "1", "pets_welcome": "True", "phone_number": "+91 11 4903 1234", "price": "432", "street_address": "Asset, Street Number 1, New Delhi"}, {"average_rating": "4.10", "hotel_name": "Bloomrooms @ New Delhi Railway Station", "location": "Delhi", "number_of_rooms": "1", "pets_welcome": "False", "phone_number": "+91 11 4122 5666", "price": "620", "street_address": "8591, Arakashan Road, Opp New Delhi Railway Station, New Delhi"}, {"average_rating": "4.20", "hotel_name": "Calista Resort", "location": "Delhi", "number_of_rooms": "1", "pets_welcome": "False", "phone_number": "+91 11 4103 4591", "price": "912", "street_address": "37/2-4 Old, National Highway 48, Kapas Hera, New Delhi"}, {"average_rating": "4.30", "hotel_name": "Crowne Plaza New Delhi Mayur Vihar Noida", "location": "Delhi", "number_of_rooms": "1", "pets_welcome": "False", "phone_number": "+91 11 4110 2222", "price": "176", "street_address": "13 B, District Centre, Mayur Vihar, New Delhi"}, {"average_rating": "4.30", "hotel_name": "Crowne Plaza New Delhi Okhla", "location": "Delhi", "number_of_rooms": "3", "pets_welcome": "False", "phone_number": "+91 11 4646 2000", "price": "1260", "street_address": "Plot No 1, Community Center, Okhla Phase I, New Delhi"}, {"average_rating": "3.90", "hotel_name": "Deemarks Hotel & Resorts Conference Venues Corporate Event In Mahipalpur Near Airport In South Delhi", "location": "Delhi", "number_of_rooms": "3", "pets_welcome": "False", "phone_number": "+91 11 2506 0721", "price": "648", "street_address": "Shiv Murti, Nh-8, Delhi - Jaipur Expressway, Rangpuri, New Delhi"}, {"average_rating": "4.10", "hotel_name": "Fortune Select Global - Hotel In Gurgaon", "location": "Delhi", "number_of_rooms": "3", "pets_welcome": "False", "phone_number": "+91 124 419 6666", "price": "1860", "street_address": "Global Arcade, Mehrauli-Gurgaon Road, Gurugram, Haryana 122002, India"}, {"average_rating": "4.30", "hotel_name": "Four Points By Sheraton New Delhi, Airport Highway", "location": "Delhi", "number_of_rooms": "1", "pets_welcome": "False", "phone_number": "+91 11 6604 0000", "price": "184", "street_address": "Plot no 9, National Highway - 8, Samalka, New Delhi"}, {"average_rating": "4.20", "hotel_name": "Haveli Dharampura", "location": "Delhi", "number_of_rooms": "1", "pets_welcome": "False", "phone_number": "+91 11 2326 1000", "price": "296", "street_address": "Haveli Dharampura, 2293, Gali Gulian, Chandni Chowk, New Delhi"}], "slots": [{"exclusive_end": 51, "slot": "hotel_name", "start": 27}, {"exclusive_end": 61, "slot": "average_rating", "start": 58}]}], "speaker": "SYSTEM", "utterance": "Search revealed 10 hotels. Aloft New Delhi Aerocity has a 4.4 rating."}, {"frames": [{"actions": [{"act": "INFORM", "canonical_values": ["1"], "slot": "number_of_rooms", "values": ["1"]}, {"act": "REQUEST_ALTS", "canonical_values": [], "slot": "", "values": []}], "service": "Hotels_3", "slots": [], "state": {"active_intent": "SearchHotel", "requested_slots": [], "slot_values": {"location": ["Delhi"], "number_of_rooms": ["1"]}}}], "speaker": "USER", "utterance": "Can you find something else for one room?"}, {"frames": [{"actions": [{"act": "OFFER", "canonical_values": ["Andaz Delhi - A Concept By Hyatt"], "slot": "hotel_name", "values": ["Andaz Delhi - A Concept By Hyatt"]}, {"act": "OFFER", "canonical_values": ["4.60"], "slot": "average_rating", "values": ["4.6"]}, {"act": "INFORM_COUNT", "canonical_values": ["9"], "slot": "count", "values": ["9"]}], "service": "Hotels_3", "service_call": {"method": "SearchHotel", "parameters": {"location": "Delhi", "number_of_rooms": "1"}}, "service_results": [{"average_rating": "4.40", "hotel_name": "Aloft New Delhi Aerocity", "location": "Delhi", "number_of_rooms": "1", "pets_welcome": "False", "phone_number": "+91 11 4565 0000", "price": "200", "street_address": "5B Igi T3 Road, Delhi - Ajmer Expressway, Aerocity, New Delhi"}, {"average_rating": "4.60", "hotel_name": "Andaz Delhi - A Concept By Hyatt", "location": "Delhi", "number_of_rooms": "1", "pets_welcome": "True", "phone_number": "+91 11 4903 1234", "price": "432", "street_address": "Asset, Street Number 1, New Delhi"}, {"average_rating": "4.10", "hotel_name": "Bloomrooms @ New Delhi Railway Station", "location": "Delhi", "number_of_rooms": "1", "pets_welcome": "False", "phone_number": "+91 11 4122 5666", "price": "620", "street_address": "8591, Arakashan Road, Opp New Delhi Railway Station, New Delhi"}, {"average_rating": "4.20", "hotel_name": "Calista Resort", "location": "Delhi", "number_of_rooms": "1", "pets_welcome": "False", "phone_number": "+91 11 4103 4591", "price": "912", "street_address": "37/2-4 Old, National Highway 48, Kapas Hera, New Delhi"}, {"average_rating": "4.30", "hotel_name": "Crowne Plaza New Delhi Mayur Vihar Noida", "location": "Delhi", "number_of_rooms": "1", "pets_welcome": "False", "phone_number": "+91 11 4110 2222", "price": "176", "street_address": "13 B, District Centre, Mayur Vihar, New Delhi"}, {"average_rating": "4.30", "hotel_name": "Crowne Plaza New Delhi Okhla", "location": "Delhi", "number_of_rooms": "1", "pets_welcome": "False", "phone_number": "+91 11 4646 2000", "price": "1260", "street_address": "Plot No 1, Community Center, Okhla Phase I, New Delhi"}, {"average_rating": "3.90", "hotel_name": "Deemarks Hotel & Resorts Conference Venues Corporate Event In Mahipalpur Near Airport In South Delhi", "location": "Delhi", "number_of_rooms": "1", "pets_welcome": "False", "phone_number": "+91 11 2506 0721", "price": "648", "street_address": "Shiv Murti, Nh-8, Delhi - Jaipur Expressway, Rangpuri, New Delhi"}, {"average_rating": "4.10", "hotel_name": "Fortune Select Global - Hotel In Gurgaon", "location": "Delhi", "number_of_rooms": "1", "pets_welcome": "False", "phone_number": "+91 124 419 6666", "price": "1860", "street_address": "Global Arcade, Mehrauli-Gurgaon Road, Gurugram, Haryana 122002, India"}, {"average_rating": "4.30", "hotel_name": "Four Points By Sheraton New Delhi, Airport Highway", "location": "Delhi", "number_of_rooms": "1", "pets_welcome": "False", "phone_number": "+91 11 6604 0000", "price": "184", "street_address": "Plot no 9, National Highway - 8, Samalka, New Delhi"}], "slots": [{"exclusive_end": 59, "slot": "hotel_name", "start": 27}, {"exclusive_end": 69, "slot": "average_rating", "start": 66}]}], "speaker": "SYSTEM", "utterance": "Search revealed 9 results. Andaz Delhi - A Concept By Hyatt has a 4.6 rating."}, {"frames": [{"actions": [{"act": "INFORM", "canonical_values": ["3"], "slot": "number_of_rooms", "values": ["3"]}, {"act": "REQUEST_ALTS", "canonical_values": [], "slot": "", "values": []}], "service": "Hotels_3", "slots": [], "state": {"active_intent": "SearchHotel", "requested_slots": [], "slot_values": {"location": ["Delhi"], "number_of_rooms": ["3"]}}}], "speaker": "USER", "utterance": "Can you find something else for three rooms?"}, {"frames": [{"actions": [{"act": "OFFER", "canonical_values": ["Bloomrooms @ New Delhi Railway Station"], "slot": "hotel_name", "values": ["Bloomrooms @ New Delhi Railway Station"]}, {"act": "OFFER", "canonical_values": ["4.10"], "slot": "average_rating", "values": ["4.1"]}, {"act": "INFORM_COUNT", "canonical_values": ["8"], "slot": "count", "values": ["8"]}], "service": "Hotels_3", "service_call": {"method": "SearchHotel", "parameters": {"location": "Delhi", "number_of_rooms": "3"}}, "service_results": [{"average_rating": "4.40", "hotel_name": "Aloft New Delhi Aerocity", "location": "Delhi", "number_of_rooms": "3", "pets_welcome": "False", "phone_number": "+91 11 4565 0000", "price": "1536", "street_address": "5B Igi T3 Road, Delhi - Ajmer Expressway, Aerocity, New Delhi"}, {"average_rating": "4.60", "hotel_name": "Andaz Delhi - A Concept By Hyatt", "location": "Delhi", "number_of_rooms": "3", "pets_welcome": "True", "phone_number": "+91 11 4903 1234", "price": "1152", "street_address": "Asset, Street Number 1, New Delhi"}, {"average_rating": "4.10", "hotel_name": "Bloomrooms @ New Delhi Railway Station", "location": "Delhi", "number_of_rooms": "3", "pets_welcome": "False", "phone_number": "+91 11 4122 5666", "price": "1104", "street_address": "8591, Arakashan Road, Opp New Delhi Railway Station, New Delhi"}, {"average_rating": "4.20", "hotel_name": "Calista Resort", "location": "Delhi", "number_of_rooms": "3", "pets_welcome": "False", "phone_number": "+91 11 4103 4591", "price": "1632", "street_address": "37/2-4 Old, National Highway 48, Kapas Hera, New Delhi"}, {"average_rating": "4.30", "hotel_name": "Crowne Plaza New Delhi Mayur Vihar Noida", "location": "Delhi", "number_of_rooms": "3", "pets_welcome": "False", "phone_number": "+91 11 4110 2222", "price": "1368", "street_address": "13 B, District Centre, Mayur Vihar, New Delhi"}, {"average_rating": "4.30", "hotel_name": "Crowne Plaza New Delhi Okhla", "location": "Delhi", "number_of_rooms": "3", "pets_welcome": "False", "phone_number": "+91 11 4646 2000", "price": "1260", "street_address": "Plot No 1, Community Center, Okhla Phase I, New Delhi"}, {"average_rating": "3.90", "hotel_name": "Deemarks Hotel & Resorts Conference Venues Corporate Event In Mahipalpur Near Airport In South Delhi", "location": "Delhi", "number_of_rooms": "3", "pets_welcome": "False", "phone_number": "+91 11 2506 0721", "price": "648", "street_address": "Shiv Murti, Nh-8, Delhi - Jaipur Expressway, Rangpuri, New Delhi"}, {"average_rating": "4.10", "hotel_name": "Fortune Select Global - Hotel In Gurgaon", "location": "Delhi", "number_of_rooms": "3", "pets_welcome": "False", "phone_number": "+91 124 419 6666", "price": "1860", "street_address": "Global Arcade, Mehrauli-Gurgaon Road, Gurugram, Haryana 122002, India"}], "slots": [{"exclusive_end": 65, "slot": "hotel_name", "start": 27}, {"exclusive_end": 75, "slot": "average_rating", "start": 72}]}], "speaker": "SYSTEM", "utterance": "Search revealed 8 results. Bloomrooms @ New Delhi Railway Station has a 4.1 rating."}, {"frames": [{"actions": [{"act": "INFORM", "canonical_values": ["2019-03-06"], "slot": "check_out_date", "values": ["6th of this month"]}, {"act": "INFORM_INTENT", "canonical_values": ["ReserveHotel"], "slot": "intent", "values": ["ReserveHotel"]}, {"act": "SELECT", "canonical_values": [], "slot": "", "values": []}], "service": "Hotels_3", "slots": [{"exclusive_end": 78, "slot": "check_out_date", "start": 61}], "state": {"active_intent": "ReserveHotel", "requested_slots": [], "slot_values": {"check_out_date": ["6th of this month"], "hotel_name": ["Bloomrooms @ New Delhi Railway Station"], "location": ["Delhi"], "number_of_rooms": ["3"]}}}], "speaker": "USER", "utterance": "That will work. Book me an order for a check out date of the 6th of this month."}, {"frames": [{"actions": [{"act": "REQUEST", "canonical_values": [], "slot": "check_in_date", "values": []}], "service": "Hotels_3", "slots": []}], "speaker": "SYSTEM", "utterance": "What day are you arriving?"}, {"frames": [{"actions": [{"act": "INFORM", "canonical_values": ["2019-03-01"], "slot": "check_in_date", "values": ["1st of this month"]}], "service": "Hotels_3", "slots": [{"exclusive_end": 43, "slot": "check_in_date", "start": 26}], "state": {"active_intent": "ReserveHotel", "requested_slots": [], "slot_values": {"check_in_date": ["1st of this month"], "check_out_date": ["6th of this month"], "hotel_name": ["Bloomrooms @ New Delhi Railway Station"], "location": ["Delhi"], "number_of_rooms": ["3"]}}}], "speaker": "USER", "utterance": "I will be arriving on the 1st of this month."}, {"frames": [{"actions": [{"act": "CONFIRM", "canonical_values": ["Bloomrooms @ New Delhi Railway Station"], "slot": "hotel_name", "values": ["Bloomrooms @ New Delhi Railway Station"]}, {"act": "CONFIRM", "canonical_values": ["Delhi"], "slot": "location", "values": ["Delhi"]}, {"act": "CONFIRM", "canonical_values": ["2019-03-01"], "slot": "check_in_date", "values": ["March 1st"]}, {"act": "CONFIRM", "canonical_values": ["2019-03-06"], "slot": "check_out_date", "values": ["March 6th"]}, {"act": "CONFIRM", "canonical_values": ["3"], "slot": "number_of_rooms", "values": ["3"]}], "service": "Hotels_3", "slots": [{"exclusive_end": 58, "slot": "hotel_name", "start": 20}, {"exclusive_end": 67, "slot": "location", "start": 62}, {"exclusive_end": 82, "slot": "check_in_date", "start": 73}, {"exclusive_end": 95, "slot": "check_out_date", "start": 86}]}], "speaker": "SYSTEM", "utterance": "You want 3 rooms at Bloomrooms @ New Delhi Railway Station in Delhi from March 1st to March 6th. Is that right?"}, {"frames": [{"actions": [{"act": "REQUEST", "canonical_values": [], "slot": "street_address", "values": []}, {"act": "AFFIRM", "canonical_values": [], "slot": "", "values": []}], "service": "Hotels_3", "slots": [], "state": {"active_intent": "ReserveHotel", "requested_slots": ["street_address"], "slot_values": {"check_in_date": ["1st of this month", "March 1st"], "check_out_date": ["6th of this month", "March 6th"], "hotel_name": ["Bloomrooms @ New Delhi Railway Station"], "location": ["Delhi"], "number_of_rooms": ["3"]}}}], "speaker": "USER", "utterance": "That is right. What is their address?"}, {"frames": [{"actions": [{"act": "INFORM", "canonical_values": ["8591, Arakashan Road, Opp New Delhi Railway Station, New Delhi"], "slot": "street_address", "values": ["8591, Arakashan Road, Opp New Delhi Railway Station, New Delhi"]}, {"act": "NOTIFY_SUCCESS", "canonical_values": [], "slot": "", "values": []}], "service": "Hotels_3", "service_call": {"method": "ReserveHotel", "parameters": {"check_in_date": "2019-03-01", "check_out_date": "2019-03-06", "hotel_name": "Bloomrooms @ New Delhi Railway Station", "location": "Delhi", "number_of_rooms": "3"}}, "service_results": [{"average_rating": "4.10", "check_in_date": "2019-03-01", "check_out_date": "2019-03-06", "hotel_name": "Bloomrooms @ New Delhi Railway Station", "location": "Delhi", "number_of_rooms": "3", "pets_welcome": "False", "phone_number": "+91 11 4122 5666", "price": "1740", "street_address": "8591, Arakashan Road, Opp New Delhi Railway Station, New Delhi"}], "slots": [{"exclusive_end": 108, "slot": "street_address", "start": 46}]}], "speaker": "SYSTEM", "utterance": "Your rooms are booked and they are located at 8591, Arakashan Road, Opp New Delhi Railway Station, New Delhi."}, {"frames": [{"actions": [{"act": "THANK_YOU", "canonical_values": [], "slot": "", "values": []}, {"act": "GOODBYE", "canonical_values": [], "slot": "", "values": []}], "service": "Hotels_3", "slots": [], "state": {"active_intent": "ReserveHotel", "requested_slots": [], "slot_values": {"check_in_date": ["1st of this month", "March 1st"], "check_out_date": ["6th of this month", "March 6th"], "hotel_name": ["Bloomrooms @ New Delhi Railway Station"], "location": ["Delhi"], "number_of_rooms": ["3"]}}}], "speaker": "USER", "utterance": "Thanks. That is all."}, {"frames": [{"actions": [{"act": "GOODBYE", "canonical_values": [], "slot": "", "values": []}], "service": "Hotels_3", "slots": []}], "speaker": "SYSTEM", "utterance": "Have a great day."}]}]