[{"dialogue_id": "25_00000", "services": ["Flights_1"], "turns": [{"frames": [{"actions": [{"act": "INFORM_INTENT", "canonical_values": ["SearchRoundtripFlights"], "slot": "intent", "values": ["SearchRoundtripFlights"]}], "service": "Flights_1", "slots": [], "state": {"active_intent": "SearchRoundtripFlights", "requested_slots": [], "slot_values": {}}}], "speaker": "USER", "utterance": "Please look for flights."}, {"frames": [{"actions": [{"act": "REQUEST", "canonical_values": [], "slot": "return_date", "values": []}], "service": "Flights_1", "slots": []}], "speaker": "SYSTEM", "utterance": "When would you like to return?"}, {"frames": [{"actions": [{"act": "INFORM", "canonical_values": ["2019-03-14"], "slot": "return_date", "values": ["14th of this month"]}], "service": "Flights_1", "slots": [{"exclusive_end": 40, "slot": "return_date", "start": 22}], "state": {"active_intent": "SearchRoundtripFlights", "requested_slots": [], "slot_values": {"return_date": ["14th of this month"]}}}], "speaker": "USER", "utterance": "I am returning on the 14th of this month."}, {"frames": [{"actions": [{"act": "REQUEST", "canonical_values": [], "slot": "destination_city", "values": []}, {"act": "REQUEST", "canonical_values": [], "slot": "origin_city", "values": []}, {"act": "REQUEST", "canonical_values": [], "slot": "departure_date", "values": []}], "service": "Flights_1", "slots": []}], "speaker": "SYSTEM", "utterance": "Where are you going, when are you leaving, and where are you leaving from?"}, {"frames": [{"actions": [{"act": "INFORM", "canonical_values": ["New York"], "slot": "origin_city", "values": ["NYC"]}, {"act": "INFORM", "canonical_values": ["2019-03-01"], "slot": "departure_date", "values": ["today"]}, {"act": "INFORM", "canonical_values": ["Atlanta"], "slot": "destination_city", "values": ["ATL"]}], "service": "Flights_1", "slots": [{"exclusive_end": 26, "slot": "origin_city", "start": 23}, {"exclusive_end": 32, "slot": "departure_date", "start": 27}, {"exclusive_end": 17, "slot": "destination_city", "start": 14}], "state": {"active_intent": "SearchRoundtripFlights", "requested_slots": [], "slot_values": {"departure_date": ["today"], "destination_city": ["ATL"], "origin_city": ["NYC"], "return_date": ["14th of this month"]}}}], "speaker": "USER", "utterance": "I am going to ATL from NYC today."}, {"frames": [{"actions": [{"act": "OFFER", "canonical_values": ["American Airlines"], "slot": "airlines", "values": ["American Airlines"]}, {"act": "OFFER", "canonical_values": ["11:20"], "slot": "outbound_departure_time", "values": ["11:20 am"]}, {"act": "OFFER", "canonical_values": ["06:25"], "slot": "inbound_departure_time", "values": ["6:25 am"]}, {"act": "OFFER", "canonical_values": ["126"], "slot": "price", "values": ["$126"]}, {"act": "INFORM_COUNT", "canonical_values": ["4"], "slot": "count", "values": ["4"]}], "service": "Flights_1", "service_call": {"method": "SearchRoundtripFlights", "parameters": {"departure_date": "2019-03-01", "destination_city": "Atlanta", "origin_city": "New York", "return_date": "2019-03-14"}}, "service_results": [{"airlines": "American Airlines", "departure_date": "2019-03-01", "destination_airport": "Hartsfield-Jackson International Airport", "destination_city": "Atlanta", "inbound_arrival_time": "08:47", "inbound_departure_time": "06:25", "number_stops": "0", "origin_airport": "JFK International Airport", "origin_city": "New York", "outbound_arrival_time": "13:42", "outbound_departure_time": "11:20", "passengers": "1", "price": "126", "refundable": "True", "return_date": "2019-03-14", "seating_class": "Economy"}, {"airlines": "Delta Airlines", "departure_date": "2019-03-01", "destination_airport": "Hartsfield-Jackson International Airport", "destination_city": "Atlanta", "inbound_arrival_time": "18:02", "inbound_departure_time": "15:40", "number_stops": "0", "origin_airport": "JFK International Airport", "origin_city": "New York", "outbound_arrival_time": "13:47", "outbound_departure_time": "11:25", "passengers": "1", "price": "140", "refundable": "False", "return_date": "2019-03-14", "seating_class": "Economy"}, {"airlines": "Southwest Airlines", "departure_date": "2019-03-01", "destination_airport": "Hartsfield-Jackson International Airport", "destination_city": "Atlanta", "inbound_arrival_time": "11:42", "inbound_departure_time": "09:20", "number_stops": "1", "origin_airport": "JFK International Airport", "origin_city": "New York", "outbound_arrival_time": "01:11", "outbound_departure_time": "21:50", "passengers": "1", "price": "165", "refundable": "False", "return_date": "2019-03-14", "seating_class": "Economy"}, {"airlines": "United Airlines", "departure_date": "2019-03-01", "destination_airport": "Hartsfield-Jackson International Airport", "destination_city": "Atlanta", "inbound_arrival_time": "15:12", "inbound_departure_time": "12:50", "number_stops": "0", "origin_airport": "JFK International Airport", "origin_city": "New York", "outbound_arrival_time": "21:27", "outbound_departure_time": "19:05", "passengers": "1", "price": "139", "refundable": "False", "return_date": "2019-03-14", "seating_class": "Economy"}], "slots": [{"exclusive_end": 102, "slot": "outbound_departure_time", "start": 94}, {"exclusive_end": 125, "slot": "inbound_departure_time", "start": 118}, {"exclusive_end": 144, "slot": "price", "start": 140}]}], "speaker": "SYSTEM", "utterance": "I found 4 flights that match your requirements. American Airlines has a flight that leaves at 11:20 am and returns at 6:25 am. The price is $126."}, {"frames": [{"actions": [{"act": "REQUEST_ALTS", "canonical_values": [], "slot": "", "values": []}], "service": "Flights_1", "slots": [], "state": {"active_intent": "SearchRoundtripFlights", "requested_slots": [], "slot_values": {"departure_date": ["today"], "destination_city": ["ATL"], "origin_city": ["NYC"], "return_date": ["14th of this month"]}}}], "speaker": "USER", "utterance": "What other flights are available."}, {"frames": [{"actions": [{"act": "OFFER", "canonical_values": ["Delta Airlines"], "slot": "airlines", "values": ["Delta Airlines"]}, {"act": "OFFER", "canonical_values": ["11:25"], "slot": "outbound_departure_time", "values": ["11:25 am"]}, {"act": "OFFER", "canonical_values": ["15:40"], "slot": "inbound_departure_time", "values": ["3:40 pm"]}, {"act": "OFFER", "canonical_values": ["140"], "slot": "price", "values": ["$140"]}], "service": "Flights_1", "slots": [{"exclusive_end": 51, "slot": "outbound_departure_time", "start": 43}, {"exclusive_end": 74, "slot": "inbound_departure_time", "start": 67}, {"exclusive_end": 93, "slot": "price", "start": 89}]}], "speaker": "SYSTEM", "utterance": "Delta Airlines has a flight that leaves at 11:25 am and returns at 3:40 pm. The price is $140."}, {"frames": [{"actions": [{"act": "REQUEST", "canonical_values": ["0"], "slot": "number_stops", "values": ["0"]}, {"act": "REQUEST", "canonical_values": [], "slot": "destination_airport", "values": []}], "service": "Flights_1", "slots": [], "state": {"active_intent": "SearchRoundtripFlights", "requested_slots": ["destination_airport", "number_stops"], "slot_values": {"departure_date": ["today"], "destination_city": ["ATL"], "origin_city": ["NYC"], "return_date": ["14th of this month"]}}}], "speaker": "USER", "utterance": "What airport does the flight arrive at and are there zero stops?"}, {"frames": [{"actions": [{"act": "INFORM", "canonical_values": ["Hartsfield-Jackson International Airport"], "slot": "destination_airport", "values": ["Hartsfield-Jackson International Airport"]}, {"act": "INFORM", "canonical_values": ["0"], "slot": "number_stops", "values": ["0"]}], "service": "Flights_1", "slots": [{"exclusive_end": 62, "slot": "destination_airport", "start": 22}]}], "speaker": "SYSTEM", "utterance": "The flight arrives at Hartsfield-Jackson International Airport. There are 0 stops."}, {"frames": [{"actions": [{"act": "INFORM", "canonical_values": ["2019-03-06"], "slot": "departure_date", "values": ["the 6th"]}, {"act": "INFORM", "canonical_values": ["2"], "slot": "passengers", "values": ["2"]}, {"act": "REQUEST_ALTS", "canonical_values": [], "slot": "", "values": []}], "service": "Flights_1", "slots": [{"exclusive_end": 73, "slot": "departure_date", "start": 66}], "state": {"active_intent": "SearchRoundtripFlights", "requested_slots": [], "slot_values": {"departure_date": ["the 6th"], "destination_city": ["ATL"], "origin_city": ["NYC"], "passengers": ["2"], "return_date": ["14th of this month"]}}}], "speaker": "USER", "utterance": "What other flights are available? There are two people leaving on the 6th."}, {"frames": [{"actions": [{"act": "OFFER", "canonical_values": ["Southwest Airlines"], "slot": "airlines", "values": ["Southwest Airlines"]}, {"act": "OFFER", "canonical_values": ["21:50"], "slot": "outbound_departure_time", "values": ["9:50 pm"]}, {"act": "OFFER", "canonical_values": ["09:20"], "slot": "inbound_departure_time", "values": ["9:20 am"]}, {"act": "OFFER", "canonical_values": ["171"], "slot": "price", "values": ["$171"]}, {"act": "INFORM_COUNT", "canonical_values": ["2"], "slot": "count", "values": ["2"]}], "service": "Flights_1", "service_call": {"method": "SearchRoundtripFlights", "parameters": {"departure_date": "2019-03-06", "destination_city": "Atlanta", "origin_city": "New York", "passengers": "2", "return_date": "2019-03-14"}}, "service_results": [{"airlines": "American Airlines", "departure_date": "2019-03-06", "destination_airport": "Hartsfield-Jackson International Airport", "destination_city": "Atlanta", "inbound_arrival_time": "08:47", "inbound_departure_time": "06:25", "number_stops": "0", "origin_airport": "JFK International Airport", "origin_city": "New York", "outbound_arrival_time": "13:42", "outbound_departure_time": "11:20", "passengers": "2", "price": "127", "refundable": "True", "return_date": "2019-03-14", "seating_class": "Economy"}, {"airlines": "Delta Airlines", "departure_date": "2019-03-06", "destination_airport": "Hartsfield-Jackson International Airport", "destination_city": "Atlanta", "inbound_arrival_time": "18:02", "inbound_departure_time": "15:40", "number_stops": "0", "origin_airport": "JFK International Airport", "origin_city": "New York", "outbound_arrival_time": "13:47", "outbound_departure_time": "11:25", "passengers": "2", "price": "145", "refundable": "False", "return_date": "2019-03-14", "seating_class": "Economy"}], "slots": [{"exclusive_end": 96, "slot": "outbound_departure_time", "start": 89}, {"exclusive_end": 119, "slot": "inbound_departure_time", "start": 112}, {"exclusive_end": 128, "slot": "price", "start": 124}]}], "speaker": "SYSTEM", "utterance": "There are 2 flights matching your requirements. One is Southwest Airlines that leaves at 9:50 pm and returns at 9:20 am for $171."}, {"frames": [{"actions": [{"act": "SELECT", "canonical_values": [], "slot": "", "values": []}], "service": "Flights_1", "slots": [], "state": {"active_intent": "SearchRoundtripFlights", "requested_slots": [], "slot_values": {"airlines": ["Southwest Airlines"], "departure_date": ["the 6th"], "destination_city": ["ATL"], "inbound_departure_time": ["9:20 am"], "origin_city": ["NYC"], "outbound_departure_time": ["9:50 pm"], "passengers": ["2"], "return_date": ["14th of this month"]}}}], "speaker": "USER", "utterance": "That one sounds great."}, {"frames": [{"actions": [{"act": "OFFER_INTENT", "canonical_values": ["ReserveRoundtripFlights"], "slot": "intent", "values": ["ReserveRoundtripFlights"]}], "service": "Flights_1", "slots": []}], "speaker": "SYSTEM", "utterance": "Would you like the purchase tickets?"}, {"frames": [{"actions": [{"act": "INFORM_INTENT", "canonical_values": ["SearchOnewayFlight"], "slot": "intent", "values": ["SearchOnewayFlight"]}, {"act": "NEGATE_INTENT", "canonical_values": [], "slot": "", "values": []}], "service": "Flights_1", "slots": [], "state": {"active_intent": "SearchOnewayFlight", "requested_slots": [], "slot_values": {"airlines": ["Southwest Airlines"], "departure_date": ["the 6th"], "destination_city": ["ATL"], "inbound_departure_time": ["9:20 am"], "origin_city": ["NYC"], "outbound_departure_time": ["9:50 pm"], "passengers": ["2"], "return_date": ["14th of this month"]}}}], "speaker": "USER", "utterance": "No, I have another trip coming up. Are there any oneway flights?"}, {"frames": [{"actions": [{"act": "OFFER", "canonical_values": ["Southwest Airlines"], "slot": "airlines", "values": ["Southwest Airlines"]}, {"act": "OFFER", "canonical_values": ["21:50"], "slot": "outbound_departure_time", "values": ["9:50 pm"]}, {"act": "OFFER", "canonical_values": ["1"], "slot": "number_stops", "values": ["1"]}, {"act": "OFFER", "canonical_values": ["189"], "slot": "price", "values": ["$189"]}], "service": "Flights_1", "service_call": {"method": "SearchOnewayFlight", "parameters": {"airlines": "Southwest Airlines", "departure_date": "2019-03-06", "destination_city": "Atlanta", "origin_city": "New York", "passengers": "2"}}, "service_results": [{"airlines": "Southwest Airlines", "departure_date": "2019-03-06", "destination_airport": "Hartsfield-Jackson International Airport", "destination_city": "Atlanta", "number_stops": "1", "origin_airport": "JFK International Airport", "origin_city": "New York", "outbound_arrival_time": "01:11", "outbound_departure_time": "21:50", "passengers": "2", "price": "189", "refundable": "False", "seating_class": "Economy"}], "slots": [{"exclusive_end": 69, "slot": "outbound_departure_time", "start": 62}, {"exclusive_end": 78, "slot": "price", "start": 74}]}], "speaker": "SYSTEM", "utterance": "Southwest Airlines has a flight that has 1 stop and leaves at 9:50 pm for $189."}, {"frames": [{"actions": [{"act": "SELECT", "canonical_values": [], "slot": "", "values": []}, {"act": "GOODBYE", "canonical_values": [], "slot": "", "values": []}], "service": "Flights_1", "slots": [], "state": {"active_intent": "SearchOnewayFlight", "requested_slots": [], "slot_values": {"airlines": ["Southwest Airlines"], "departure_date": ["the 6th"], "destination_city": ["ATL"], "inbound_departure_time": ["9:20 am"], "origin_city": ["NYC"], "outbound_departure_time": ["9:50 pm"], "passengers": ["2"], "return_date": ["14th of this month"]}}}], "speaker": "USER", "utterance": "That works for me."}, {"frames": [{"actions": [{"act": "GOODBYE", "canonical_values": [], "slot": "", "values": []}], "service": "Flights_1", "slots": []}], "speaker": "SYSTEM", "utterance": "Have a great day."}]}, {"dialogue_id": "25_00001", "services": ["Flights_1"], "turns": [{"frames": [{"actions": [{"act": "INFORM_INTENT", "canonical_values": ["SearchRoundtripFlights"], "slot": "intent", "values": ["SearchRoundtripFlights"]}], "service": "Flights_1", "slots": [], "state": {"active_intent": "SearchRoundtripFlights", "requested_slots": [], "slot_values": {}}}], "speaker": "USER", "utterance": "I'd like assistance in locating a flight."}, {"frames": [{"actions": [{"act": "REQUEST", "canonical_values": [], "slot": "return_date", "values": []}, {"act": "REQUEST", "canonical_values": [], "slot": "origin_city", "values": []}, {"act": "REQUEST", "canonical_values": [], "slot": "departure_date", "values": []}], "service": "Flights_1", "slots": []}], "speaker": "SYSTEM", "utterance": "Which location will you be departing from? What days are you planning to depart and return?"}, {"frames": [{"actions": [{"act": "INFORM", "canonical_values": ["Atlanta"], "slot": "origin_city", "values": ["Atlanta"]}, {"act": "INFORM", "canonical_values": ["2019-03-02"], "slot": "departure_date", "values": ["March 2nd"]}, {"act": "INFORM", "canonical_values": ["2019-03-11"], "slot": "return_date", "values": ["the 11th"]}], "service": "Flights_1", "slots": [{"exclusive_end": 38, "slot": "origin_city", "start": 31}, {"exclusive_end": 25, "slot": "departure_date", "start": 16}, {"exclusive_end": 69, "slot": "return_date", "start": 61}], "state": {"active_intent": "SearchRoundtripFlights", "requested_slots": [], "slot_values": {"departure_date": ["March 2nd"], "origin_city": ["Atlanta"], "return_date": ["the 11th"]}}}], "speaker": "USER", "utterance": "I'll be leaving March 2nd from Atlanta and plan on returning the 11th."}, {"frames": [{"actions": [{"act": "REQUEST", "canonical_values": [], "slot": "destination_city", "values": []}], "service": "Flights_1", "slots": []}], "speaker": "SYSTEM", "utterance": "Where is your destination?"}, {"frames": [{"actions": [{"act": "INFORM", "canonical_values": ["2"], "slot": "passengers", "values": ["2"]}, {"act": "INFORM", "canonical_values": ["New York"], "slot": "destination_city", "values": ["New York City"]}, {"act": "INFORM", "canonical_values": ["Delta Airlines"], "slot": "airlines", "values": ["Delta Airlines"]}], "service": "Flights_1", "slots": [{"exclusive_end": 33, "slot": "destination_city", "start": 20}], "state": {"active_intent": "SearchRoundtripFlights", "requested_slots": [], "slot_values": {"airlines": ["Delta Airlines"], "departure_date": ["March 2nd"], "destination_city": ["New York City"], "origin_city": ["Atlanta"], "passengers": ["2"], "return_date": ["the 11th"]}}}], "speaker": "USER", "utterance": "We are traveling to New York City. I prefer Delta Airlines, and there will be two people traveling."}, {"frames": [{"actions": [{"act": "OFFER", "canonical_values": ["Delta Airlines"], "slot": "airlines", "values": ["Delta Airlines"]}, {"act": "OFFER", "canonical_values": ["15:40"], "slot": "outbound_departure_time", "values": ["3:40 pm"]}, {"act": "OFFER", "canonical_values": ["11:25"], "slot": "inbound_departure_time", "values": ["11:25 am"]}, {"act": "OFFER", "canonical_values": ["135"], "slot": "price", "values": ["$135"]}], "service": "Flights_1", "service_call": {"method": "SearchRoundtripFlights", "parameters": {"airlines": "Delta Airlines", "departure_date": "2019-03-02", "destination_city": "New York", "origin_city": "Atlanta", "passengers": "2", "return_date": "2019-03-11"}}, "service_results": [{"airlines": "Delta Airlines", "departure_date": "2019-03-02", "destination_airport": "JFK International Airport", "destination_city": "New York", "inbound_arrival_time": "13:47", "inbound_departure_time": "11:25", "number_stops": "0", "origin_airport": "Hartsfield-Jackson International Airport", "origin_city": "Atlanta", "outbound_arrival_time": "18:02", "outbound_departure_time": "15:40", "passengers": "2", "price": "135", "refundable": "False", "return_date": "2019-03-11", "seating_class": "Economy"}], "slots": [{"exclusive_end": 72, "slot": "outbound_departure_time", "start": 65}, {"exclusive_end": 114, "slot": "inbound_departure_time", "start": 106}, {"exclusive_end": 137, "slot": "price", "start": 133}]}], "speaker": "SYSTEM", "utterance": "I've located a flight with Delta Airlines. The departure time is 3:40 pm and the flight return will be at 11:25 am. One ticket costs $135."}, {"frames": [{"actions": [{"act": "REQUEST", "canonical_values": [], "slot": "refundable", "values": []}, {"act": "REQUEST", "canonical_values": [], "slot": "inbound_arrival_time", "values": []}], "service": "Flights_1", "slots": [], "state": {"active_intent": "SearchRoundtripFlights", "requested_slots": ["inbound_arrival_time", "refundable"], "slot_values": {"airlines": ["Delta Airlines"], "departure_date": ["March 2nd"], "destination_city": ["New York City"], "origin_city": ["Atlanta"], "passengers": ["2"], "return_date": ["the 11th"]}}}], "speaker": "USER", "utterance": "Are these tickets refundable? What time will my return flight arrive?"}, {"frames": [{"actions": [{"act": "INFORM", "canonical_values": ["13:47"], "slot": "inbound_arrival_time", "values": ["1:47 pm"]}, {"act": "INFORM", "canonical_values": ["False"], "slot": "refundable", "values": ["False"]}], "service": "Flights_1", "slots": [{"exclusive_end": 40, "slot": "inbound_arrival_time", "start": 33}]}], "speaker": "SYSTEM", "utterance": "The return flight will arrive at 1:47 pm. Sorry, but the tickets are not refundable."}, {"frames": [{"actions": [{"act": "INFORM", "canonical_values": ["Economy"], "slot": "seating_class", "values": ["Economy"]}, {"act": "INFORM_INTENT", "canonical_values": ["SearchOnewayFlight"], "slot": "intent", "values": ["SearchOnewayFlight"]}, {"act": "SELECT", "canonical_values": [], "slot": "", "values": []}], "service": "Flights_1", "slots": [], "state": {"active_intent": "SearchOnewayFlight", "requested_slots": [], "slot_values": {"airlines": ["Delta Airlines"], "departure_date": ["March 2nd"], "destination_city": ["New York City"], "inbound_departure_time": ["11:25 am"], "origin_city": ["Atlanta"], "outbound_departure_time": ["3:40 pm"], "passengers": ["2"], "return_date": ["the 11th"], "seating_class": ["Economy"]}}}], "speaker": "USER", "utterance": "Okay, please schedule that flight. I'll be taking a trip soon and need to find one way flights traveling economy."}, {"frames": [{"actions": [{"act": "OFFER", "canonical_values": ["Delta Airlines"], "slot": "airlines", "values": ["Delta Airlines"]}, {"act": "OFFER", "canonical_values": ["15:40"], "slot": "outbound_departure_time", "values": ["3:40 pm"]}, {"act": "OFFER", "canonical_values": ["0"], "slot": "number_stops", "values": ["0"]}, {"act": "OFFER", "canonical_values": ["130"], "slot": "price", "values": ["$130"]}, {"act": "INFORM_COUNT", "canonical_values": ["1"], "slot": "count", "values": ["1"]}], "service": "Flights_1", "service_call": {"method": "SearchOnewayFlight", "parameters": {"airlines": "Delta Airlines", "departure_date": "2019-03-02", "destination_city": "New York", "origin_city": "Atlanta", "passengers": "2", "seating_class": "Economy"}}, "service_results": [{"airlines": "Delta Airlines", "departure_date": "2019-03-02", "destination_airport": "JFK International Airport", "destination_city": "New York", "number_stops": "0", "origin_airport": "Hartsfield-Jackson International Airport", "origin_city": "Atlanta", "outbound_arrival_time": "18:02", "outbound_departure_time": "15:40", "passengers": "2", "price": "130", "refundable": "False", "seating_class": "Economy"}], "slots": [{"exclusive_end": 85, "slot": "outbound_departure_time", "start": 78}, {"exclusive_end": 55, "slot": "price", "start": 51}]}], "speaker": "SYSTEM", "utterance": "I've found 1 flight on Delta Airlines at a cost of $130. The flight leaves at 3:40 pm and has 0 stops."}, {"frames": [{"actions": [{"act": "REQUEST", "canonical_values": [], "slot": "origin_airport", "values": []}], "service": "Flights_1", "slots": [], "state": {"active_intent": "SearchOnewayFlight", "requested_slots": ["origin_airport"], "slot_values": {"airlines": ["Delta Airlines"], "departure_date": ["March 2nd"], "destination_city": ["New York City"], "inbound_departure_time": ["11:25 am"], "origin_city": ["Atlanta"], "outbound_departure_time": ["3:40 pm"], "passengers": ["2"], "return_date": ["the 11th"], "seating_class": ["Economy"]}}}], "speaker": "USER", "utterance": "Where does this flight leave from?"}, {"frames": [{"actions": [{"act": "INFORM", "canonical_values": ["Hartsfield-Jackson International Airport"], "slot": "origin_airport", "values": ["Hartsfield-Jackson International Airport"]}], "service": "Flights_1", "slots": [{"exclusive_end": 62, "slot": "origin_airport", "start": 22}]}], "speaker": "SYSTEM", "utterance": "The departure is from Hartsfield-Jackson International Airport."}, {"frames": [{"actions": [{"act": "REQUEST", "canonical_values": [], "slot": "outbound_arrival_time", "values": []}], "service": "Flights_1", "slots": [], "state": {"active_intent": "SearchOnewayFlight", "requested_slots": ["outbound_arrival_time"], "slot_values": {"airlines": ["Delta Airlines"], "departure_date": ["March 2nd"], "destination_city": ["New York City"], "inbound_departure_time": ["11:25 am"], "origin_city": ["Atlanta"], "outbound_departure_time": ["3:40 pm"], "passengers": ["2"], "return_date": ["the 11th"], "seating_class": ["Economy"]}}}], "speaker": "USER", "utterance": "What time will the onward arrival be?"}, {"frames": [{"actions": [{"act": "INFORM", "canonical_values": ["18:02"], "slot": "outbound_arrival_time", "values": ["6:02 pm"]}], "service": "Flights_1", "slots": [{"exclusive_end": 24, "slot": "outbound_arrival_time", "start": 17}]}], "speaker": "SYSTEM", "utterance": "Expected time is 6:02 pm for the onward flight arrival."}, {"frames": [{"actions": [{"act": "SELECT", "canonical_values": [], "slot": "", "values": []}], "service": "Flights_1", "slots": [], "state": {"active_intent": "SearchOnewayFlight", "requested_slots": [], "slot_values": {"airlines": ["Delta Airlines"], "departure_date": ["March 2nd"], "destination_city": ["New York City"], "inbound_departure_time": ["11:25 am"], "origin_city": ["Atlanta"], "outbound_departure_time": ["3:40 pm"], "passengers": ["2"], "return_date": ["the 11th"], "seating_class": ["Economy"]}}}], "speaker": "USER", "utterance": "Okay! Sounds great."}, {"frames": [{"actions": [{"act": "REQ_MORE", "canonical_values": [], "slot": "", "values": []}], "service": "Flights_1", "slots": []}], "speaker": "SYSTEM", "utterance": "Is there anything else I can assist you with?"}, {"frames": [{"actions": [{"act": "NEGATE", "canonical_values": [], "slot": "", "values": []}, {"act": "THANK_YOU", "canonical_values": [], "slot": "", "values": []}], "service": "Flights_1", "slots": [], "state": {"active_intent": "NONE", "requested_slots": [], "slot_values": {"airlines": ["Delta Airlines"], "departure_date": ["March 2nd"], "destination_city": ["New York City"], "inbound_departure_time": ["11:25 am"], "origin_city": ["Atlanta"], "outbound_departure_time": ["3:40 pm"], "passengers": ["2"], "return_date": ["the 11th"], "seating_class": ["Economy"]}}}], "speaker": "USER", "utterance": "No. I appreciate your assistance."}, {"frames": [{"actions": [{"act": "GOODBYE", "canonical_values": [], "slot": "", "values": []}], "service": "Flights_1", "slots": []}], "speaker": "SYSTEM", "utterance": "It was my pleasure to assist you. Have a great day."}]}, {"dialogue_id": "25_00002", "services": ["Flights_1"], "turns": [{"frames": [{"actions": [{"act": "INFORM", "canonical_values": ["London"], "slot": "origin_city", "values": ["London, England"]}, {"act": "INFORM", "canonical_values": ["3"], "slot": "passengers", "values": ["3"]}, {"act": "INFORM_INTENT", "canonical_values": ["SearchRoundtripFlights"], "slot": "intent", "values": ["SearchRoundtripFlights"]}], "service": "Flights_1", "slots": [{"exclusive_end": 62, "slot": "origin_city", "start": 47}], "state": {"active_intent": "SearchRoundtripFlights", "requested_slots": [], "slot_values": {"origin_city": ["London, England"], "passengers": ["3"]}}}], "speaker": "USER", "utterance": "Can you search flights for me? I'm coming from London, England with 3 people in my group."}, {"frames": [{"actions": [{"act": "REQUEST", "canonical_values": [], "slot": "departure_date", "values": []}, {"act": "REQUEST", "canonical_values": [], "slot": "return_date", "values": []}, {"act": "REQUEST", "canonical_values": [], "slot": "destination_city", "values": []}], "service": "Flights_1", "slots": []}], "speaker": "SYSTEM", "utterance": "When do you want to leave, come back, and where are you planning to visit?"}, {"frames": [{"actions": [{"act": "INFORM", "canonical_values": ["New York"], "slot": "destination_city", "values": ["NYC"]}, {"act": "INFORM", "canonical_values": ["2019-03-05"], "slot": "departure_date", "values": ["5th of March"]}, {"act": "INFORM", "canonical_values": ["2019-03-10"], "slot": "return_date", "values": ["10th of March"]}], "service": "Flights_1", "slots": [{"exclusive_end": 16, "slot": "destination_city", "start": 13}, {"exclusive_end": 36, "slot": "departure_date", "start": 24}, {"exclusive_end": 77, "slot": "return_date", "start": 64}], "state": {"active_intent": "SearchRoundtripFlights", "requested_slots": [], "slot_values": {"departure_date": ["5th of March"], "destination_city": ["NYC"], "origin_city": ["London, England"], "passengers": ["3"], "return_date": ["10th of March"]}}}], "speaker": "USER", "utterance": "I'm going to NYC on the 5th of March, and I want to get back on 10th of March."}, {"frames": [{"actions": [{"act": "OFFER", "canonical_values": ["Delta Airlines"], "slot": "airlines", "values": ["Delta Airlines"]}, {"act": "OFFER", "canonical_values": ["15:35"], "slot": "outbound_departure_time", "values": ["3:35 pm"]}, {"act": "OFFER", "canonical_values": ["18:20"], "slot": "inbound_departure_time", "values": ["6:20 pm"]}, {"act": "OFFER", "canonical_values": ["264"], "slot": "price", "values": ["$264"]}], "service": "Flights_1", "service_call": {"method": "SearchRoundtripFlights", "parameters": {"departure_date": "2019-03-05", "destination_city": "New York", "origin_city": "London", "passengers": "3", "return_date": "2019-03-10"}}, "service_results": [{"airlines": "Delta Airlines", "departure_date": "2019-03-05", "destination_airport": "JFK International Airport", "destination_city": "New York", "inbound_arrival_time": "06:42", "inbound_departure_time": "18:20", "number_stops": "0", "origin_airport": "Heathrow International Airport", "origin_city": "London", "outbound_arrival_time": "19:57", "outbound_departure_time": "15:35", "passengers": "3", "price": "264", "refundable": "False", "return_date": "2019-03-10", "seating_class": "Economy"}, {"airlines": "United Airlines", "departure_date": "2019-03-05", "destination_airport": "JFK International Airport", "destination_city": "New York", "inbound_arrival_time": "10:14", "inbound_departure_time": "14:40", "number_stops": "1", "origin_airport": "Heathrow International Airport", "origin_city": "London", "outbound_arrival_time": "04:47", "outbound_departure_time": "00:25", "passengers": "3", "price": "294", "refundable": "False", "return_date": "2019-03-10", "seating_class": "Economy"}], "slots": [{"exclusive_end": 71, "slot": "outbound_departure_time", "start": 64}, {"exclusive_end": 103, "slot": "inbound_departure_time", "start": 96}, {"exclusive_end": 124, "slot": "price", "start": 120}]}], "speaker": "SYSTEM", "utterance": "There is a Delta Airlines flight. The outbound flight leaves at 3:35 pm with a return flight at 6:20 pm with a price of $264."}, {"frames": [{"actions": [{"act": "INFORM", "canonical_values": ["Economy"], "slot": "seating_class", "values": ["Economy"]}, {"act": "INFORM_INTENT", "canonical_values": ["SearchOnewayFlight"], "slot": "intent", "values": ["SearchOnewayFlight"]}, {"act": "SELECT", "canonical_values": [], "slot": "", "values": []}], "service": "Flights_1", "slots": [], "state": {"active_intent": "SearchOnewayFlight", "requested_slots": [], "slot_values": {"airlines": ["Delta Airlines"], "departure_date": ["5th of March"], "destination_city": ["NYC"], "inbound_departure_time": ["6:20 pm"], "origin_city": ["London, England"], "outbound_departure_time": ["3:35 pm"], "passengers": ["3"], "return_date": ["10th of March"], "seating_class": ["Economy"]}}}], "speaker": "USER", "utterance": "Sounds good to me. I have a trip coming up so can you find me a oneway flight? I like traveling Economy."}, {"frames": [{"actions": [{"act": "OFFER", "canonical_values": ["Delta Airlines"], "slot": "airlines", "values": ["Delta Airlines"]}, {"act": "OFFER", "canonical_values": ["15:35"], "slot": "outbound_departure_time", "values": ["3:35 pm"]}, {"act": "OFFER", "canonical_values": ["0"], "slot": "number_stops", "values": ["0"]}, {"act": "OFFER", "canonical_values": ["240"], "slot": "price", "values": ["$240"]}], "service": "Flights_1", "service_call": {"method": "SearchOnewayFlight", "parameters": {"airlines": "Delta Airlines", "departure_date": "2019-03-05", "destination_city": "New York", "origin_city": "London", "passengers": "3", "seating_class": "Economy"}}, "service_results": [{"airlines": "Delta Airlines", "departure_date": "2019-03-05", "destination_airport": "JFK International Airport", "destination_city": "New York", "number_stops": "0", "origin_airport": "Heathrow International Airport", "origin_city": "London", "outbound_arrival_time": "19:57", "outbound_departure_time": "15:35", "passengers": "3", "price": "240", "refundable": "False", "seating_class": "Economy"}], "slots": [{"exclusive_end": 71, "slot": "outbound_departure_time", "start": 64}, {"exclusive_end": 103, "slot": "price", "start": 99}]}], "speaker": "SYSTEM", "utterance": "There is a Delta Airlines flight. The outbound flight leaves at 3:35 pm with 0 stops. The price is $240."}, {"frames": [{"actions": [{"act": "REQUEST", "canonical_values": [], "slot": "outbound_arrival_time", "values": []}, {"act": "REQUEST", "canonical_values": [], "slot": "origin_airport", "values": []}], "service": "Flights_1", "slots": [], "state": {"active_intent": "SearchOnewayFlight", "requested_slots": ["origin_airport", "outbound_arrival_time"], "slot_values": {"airlines": ["Delta Airlines"], "departure_date": ["5th of March"], "destination_city": ["NYC"], "inbound_departure_time": ["6:20 pm"], "origin_city": ["London, England"], "outbound_departure_time": ["3:35 pm"], "passengers": ["3"], "return_date": ["10th of March"], "seating_class": ["Economy"]}}}], "speaker": "USER", "utterance": "When does the onward flight arrive and which airport does it depart from?"}, {"frames": [{"actions": [{"act": "INFORM", "canonical_values": ["19:57"], "slot": "outbound_arrival_time", "values": ["7:57 pm"]}, {"act": "INFORM", "canonical_values": ["Heathrow International Airport"], "slot": "origin_airport", "values": ["Heathrow International Airport"]}], "service": "Flights_1", "slots": [{"exclusive_end": 21, "slot": "outbound_arrival_time", "start": 14}, {"exclusive_end": 69, "slot": "origin_airport", "start": 39}]}], "speaker": "SYSTEM", "utterance": "It arrives at 7:57 pm and departs from Heathrow International Airport."}, {"frames": [{"actions": [{"act": "SELECT", "canonical_values": [], "slot": "", "values": []}, {"act": "GOODBYE", "canonical_values": [], "slot": "", "values": []}], "service": "Flights_1", "slots": [], "state": {"active_intent": "SearchOnewayFlight", "requested_slots": [], "slot_values": {"airlines": ["Delta Airlines"], "departure_date": ["5th of March"], "destination_city": ["NYC"], "inbound_departure_time": ["6:20 pm"], "origin_city": ["London, England"], "outbound_departure_time": ["3:35 pm"], "passengers": ["3"], "return_date": ["10th of March"], "seating_class": ["Economy"]}}}], "speaker": "USER", "utterance": "That sounds good to me. That's all I need."}, {"frames": [{"actions": [{"act": "GOODBYE", "canonical_values": [], "slot": "", "values": []}], "service": "Flights_1", "slots": []}], "speaker": "SYSTEM", "utterance": "Have a good day."}]}, {"dialogue_id": "25_00003", "services": ["Flights_1"], "turns": [{"frames": [{"actions": [{"act": "INFORM", "canonical_values": ["Premium Economy"], "slot": "seating_class", "values": ["Premium Economy"]}, {"act": "INFORM_INTENT", "canonical_values": ["SearchRoundtripFlights"], "slot": "intent", "values": ["SearchRoundtripFlights"]}], "service": "Flights_1", "slots": [], "state": {"active_intent": "SearchRoundtripFlights", "requested_slots": [], "slot_values": {"seating_class": ["Premium Economy"]}}}], "speaker": "USER", "utterance": "Can you find flights for me? I would like to travel in Premium Economy."}, {"frames": [{"actions": [{"act": "REQUEST", "canonical_values": [], "slot": "return_date", "values": []}, {"act": "REQUEST", "canonical_values": [], "slot": "departure_date", "values": []}], "service": "Flights_1", "slots": []}], "speaker": "SYSTEM", "utterance": "When would you be leaving and what dates would you be coming back?"}, {"frames": [{"actions": [{"act": "INFORM", "canonical_values": ["2019-03-04"], "slot": "departure_date", "values": ["March 4th"]}, {"act": "INFORM", "canonical_values": ["2019-03-06"], "slot": "return_date", "values": ["March 6th"]}, {"act": "INFORM", "canonical_values": ["Delta Airlines"], "slot": "airlines", "values": ["Delta Airlines"]}], "service": "Flights_1", "slots": [{"exclusive_end": 34, "slot": "departure_date", "start": 25}, {"exclusive_end": 58, "slot": "return_date", "start": 49}], "state": {"active_intent": "SearchRoundtripFlights", "requested_slots": [], "slot_values": {"airlines": ["Delta Airlines"], "departure_date": ["March 4th"], "return_date": ["March 6th"], "seating_class": ["Premium Economy"]}}}], "speaker": "USER", "utterance": "I would like to leave on March 4th and return on March 6th. I have a preference for Delta Airlines."}, {"frames": [{"actions": [{"act": "REQUEST", "canonical_values": [], "slot": "origin_city", "values": []}, {"act": "REQUEST", "canonical_values": [], "slot": "destination_city", "values": []}], "service": "Flights_1", "slots": []}], "speaker": "SYSTEM", "utterance": "What city will you be departing from and where are you planning to travel to?"}, {"frames": [{"actions": [{"act": "INFORM", "canonical_values": ["Seattle"], "slot": "origin_city", "values": ["Seattle, WA"]}, {"act": "INFORM", "canonical_values": ["San Diego"], "slot": "destination_city", "values": ["San Diego"]}], "service": "Flights_1", "slots": [{"exclusive_end": 37, "slot": "origin_city", "start": 26}, {"exclusive_end": 77, "slot": "destination_city", "start": 68}], "state": {"active_intent": "SearchRoundtripFlights", "requested_slots": [], "slot_values": {"airlines": ["Delta Airlines"], "departure_date": ["March 4th"], "destination_city": ["San Diego"], "origin_city": ["Seattle, WA"], "return_date": ["March 6th"], "seating_class": ["Premium Economy"]}}}], "speaker": "USER", "utterance": "I would be departing from Seattle, WA and I would like to travel to San Diego."}, {"frames": [{"actions": [{"act": "OFFER", "canonical_values": ["Delta Airlines"], "slot": "airlines", "values": ["Delta Airlines"]}, {"act": "OFFER", "canonical_values": ["08:45"], "slot": "outbound_departure_time", "values": ["8:45 am"]}, {"act": "OFFER", "canonical_values": ["11:05"], "slot": "inbound_departure_time", "values": ["11:05 am"]}, {"act": "OFFER", "canonical_values": ["360"], "slot": "price", "values": ["$360"]}, {"act": "INFORM_COUNT", "canonical_values": ["1"], "slot": "count", "values": ["1"]}], "service": "Flights_1", "service_call": {"method": "SearchRoundtripFlights", "parameters": {"airlines": "Delta Airlines", "departure_date": "2019-03-04", "destination_city": "San Diego", "origin_city": "Seattle", "return_date": "2019-03-06", "seating_class": "Premium Economy"}}, "service_results": [{"airlines": "Delta Airlines", "departure_date": "2019-03-04", "destination_airport": "SAN International Airport", "destination_city": "San Diego", "inbound_arrival_time": "16:21", "inbound_departure_time": "11:05", "number_stops": "1", "origin_airport": "Seattle-Tacoma International Airport", "origin_city": "Seattle", "outbound_arrival_time": "13:54", "outbound_departure_time": "08:45", "passengers": "1", "price": "360", "refundable": "False", "return_date": "2019-03-06", "seating_class": "Premium Economy"}], "slots": [{"exclusive_end": 103, "slot": "outbound_departure_time", "start": 96}, {"exclusive_end": 141, "slot": "inbound_departure_time", "start": 133}, {"exclusive_end": 173, "slot": "price", "start": 169}]}], "speaker": "SYSTEM", "utterance": "I've found 1 flight for your trip. It is a Delta Airlines flight, the outbound flight leaves at 8:45 am. The return flight leaves at 11:05 am. The cost of the ticket is $360."}, {"frames": [{"actions": [{"act": "SELECT", "canonical_values": [], "slot": "", "values": []}], "service": "Flights_1", "slots": [], "state": {"active_intent": "SearchRoundtripFlights", "requested_slots": [], "slot_values": {"airlines": ["Delta Airlines"], "departure_date": ["March 4th"], "destination_city": ["San Diego"], "inbound_departure_time": ["11:05 am"], "origin_city": ["Seattle, WA"], "outbound_departure_time": ["8:45 am"], "return_date": ["March 6th"], "seating_class": ["Premium Economy"]}}}], "speaker": "USER", "utterance": "That flight would work for me."}, {"frames": [{"actions": [{"act": "OFFER_INTENT", "canonical_values": ["ReserveRoundtripFlights"], "slot": "intent", "values": ["ReserveRoundtripFlights"]}], "service": "Flights_1", "slots": []}], "speaker": "SYSTEM", "utterance": "Do you want me to buy the tickets?"}, {"frames": [{"actions": [{"act": "INFORM_INTENT", "canonical_values": ["SearchOnewayFlight"], "slot": "intent", "values": ["SearchOnewayFlight"]}, {"act": "NEGATE_INTENT", "canonical_values": [], "slot": "", "values": []}], "service": "Flights_1", "slots": [], "state": {"active_intent": "SearchOnewayFlight", "requested_slots": [], "slot_values": {"airlines": ["Delta Airlines"], "departure_date": ["March 4th"], "destination_city": ["San Diego"], "inbound_departure_time": ["11:05 am"], "origin_city": ["Seattle, WA"], "outbound_departure_time": ["8:45 am"], "return_date": ["March 6th"], "seating_class": ["Premium Economy"]}}}], "speaker": "USER", "utterance": "No thank you, I already have a trip coming up. Can you help me find a oneway flight?"}, {"frames": [{"actions": [{"act": "OFFER", "canonical_values": ["Delta Airlines"], "slot": "airlines", "values": ["Delta Airlines"]}, {"act": "OFFER", "canonical_values": ["08:45"], "slot": "outbound_departure_time", "values": ["8:45 am"]}, {"act": "OFFER", "canonical_values": ["1"], "slot": "number_stops", "values": ["1"]}, {"act": "OFFER", "canonical_values": ["305"], "slot": "price", "values": ["$305"]}], "service": "Flights_1", "service_call": {"method": "SearchOnewayFlight", "parameters": {"airlines": "Delta Airlines", "departure_date": "2019-03-04", "destination_city": "San Diego", "origin_city": "Seattle", "seating_class": "Premium Economy"}}, "service_results": [{"airlines": "Delta Airlines", "departure_date": "2019-03-04", "destination_airport": "SAN International Airport", "destination_city": "San Diego", "number_stops": "1", "origin_airport": "Seattle-Tacoma International Airport", "origin_city": "Seattle", "outbound_arrival_time": "13:54", "outbound_departure_time": "08:45", "passengers": "1", "price": "305", "refundable": "False", "seating_class": "Premium Economy"}], "slots": [{"exclusive_end": 70, "slot": "outbound_departure_time", "start": 63}, {"exclusive_end": 128, "slot": "price", "start": 124}]}], "speaker": "SYSTEM", "utterance": "I've found a Delta Airlines flight, outbound flight departs at 8:45 am. The flight has 1 stop and the cost of the ticket is $305."}, {"frames": [{"actions": [{"act": "SELECT", "canonical_values": [], "slot": "", "values": []}], "service": "Flights_1", "slots": [], "state": {"active_intent": "SearchOnewayFlight", "requested_slots": [], "slot_values": {"airlines": ["Delta Airlines"], "departure_date": ["March 4th"], "destination_city": ["San Diego"], "inbound_departure_time": ["11:05 am"], "origin_city": ["Seattle, WA"], "outbound_departure_time": ["8:45 am"], "return_date": ["March 6th"], "seating_class": ["Premium Economy"]}}}], "speaker": "USER", "utterance": "That flight would work."}, {"frames": [{"actions": [{"act": "REQ_MORE", "canonical_values": [], "slot": "", "values": []}], "service": "Flights_1", "slots": []}], "speaker": "SYSTEM", "utterance": "Can I help you with anything else?"}, {"frames": [{"actions": [{"act": "NEGATE", "canonical_values": [], "slot": "", "values": []}, {"act": "THANK_YOU", "canonical_values": [], "slot": "", "values": []}], "service": "Flights_1", "slots": [], "state": {"active_intent": "NONE", "requested_slots": [], "slot_values": {"airlines": ["Delta Airlines"], "departure_date": ["March 4th"], "destination_city": ["San Diego"], "inbound_departure_time": ["11:05 am"], "origin_city": ["Seattle, WA"], "outbound_departure_time": ["8:45 am"], "return_date": ["March 6th"], "seating_class": ["Premium Economy"]}}}], "speaker": "USER", "utterance": "That would be all for now, thank you for your help."}, {"frames": [{"actions": [{"act": "GOODBYE", "canonical_values": [], "slot": "", "values": []}], "service": "Flights_1", "slots": []}], "speaker": "SYSTEM", "utterance": "Have a great day."}]}, {"dialogue_id": "25_00004", "services": ["Flights_1"], "turns": [{"frames": [{"actions": [{"act": "INFORM_INTENT", "canonical_values": ["SearchRoundtripFlights"], "slot": "intent", "values": ["SearchRoundtripFlights"]}], "service": "Flights_1", "slots": [], "state": {"active_intent": "SearchRoundtripFlights", "requested_slots": [], "slot_values": {}}}], "speaker": "USER", "utterance": "I have upcoming . travel plans, can you help me find a flight?"}, {"frames": [{"actions": [{"act": "REQUEST", "canonical_values": [], "slot": "destination_city", "values": []}], "service": "Flights_1", "slots": []}], "speaker": "SYSTEM", "utterance": "Yes, where are you planning to visit?"}, {"frames": [{"actions": [{"act": "INFORM", "canonical_values": ["Los Angeles"], "slot": "destination_city", "values": ["Los Angeles"]}], "service": "Flights_1", "slots": [{"exclusive_end": 29, "slot": "destination_city", "start": 18}], "state": {"active_intent": "SearchRoundtripFlights", "requested_slots": [], "slot_values": {"destination_city": ["Los Angeles"]}}}], "speaker": "USER", "utterance": "I am traveling to Los Angeles."}, {"frames": [{"actions": [{"act": "REQUEST", "canonical_values": [], "slot": "origin_city", "values": []}], "service": "Flights_1", "slots": []}], "speaker": "SYSTEM", "utterance": "Ok, and where will you be leaving from?"}, {"frames": [{"actions": [{"act": "INFORM", "canonical_values": ["Seattle"], "slot": "origin_city", "values": ["Seattle"]}], "service": "Flights_1", "slots": [{"exclusive_end": 25, "slot": "origin_city", "start": 18}], "state": {"active_intent": "SearchRoundtripFlights", "requested_slots": [], "slot_values": {"destination_city": ["Los Angeles"], "origin_city": ["Seattle"]}}}], "speaker": "USER", "utterance": "I am leaving from Seattle."}, {"frames": [{"actions": [{"act": "REQUEST", "canonical_values": [], "slot": "departure_date", "values": []}], "service": "Flights_1", "slots": []}], "speaker": "SYSTEM", "utterance": "When do you plan to leave?"}, {"frames": [{"actions": [{"act": "INFORM", "canonical_values": ["2019-03-11"], "slot": "departure_date", "values": ["11th of March"]}], "service": "Flights_1", "slots": [{"exclusive_end": 33, "slot": "departure_date", "start": 20}], "state": {"active_intent": "SearchRoundtripFlights", "requested_slots": [], "slot_values": {"departure_date": ["11th of March"], "destination_city": ["Los Angeles"], "origin_city": ["Seattle"]}}}], "speaker": "USER", "utterance": "I am leaving on the 11th of March."}, {"frames": [{"actions": [{"act": "REQUEST", "canonical_values": [], "slot": "return_date", "values": []}], "service": "Flights_1", "slots": []}], "speaker": "SYSTEM", "utterance": "When are you coming back?"}, {"frames": [{"actions": [{"act": "INFORM", "canonical_values": ["2019-03-14"], "slot": "return_date", "values": ["the 14th"]}, {"act": "INFORM", "canonical_values": ["Economy"], "slot": "seating_class", "values": ["Economy"]}], "service": "Flights_1", "slots": [{"exclusive_end": 34, "slot": "return_date", "start": 26}], "state": {"active_intent": "SearchRoundtripFlights", "requested_slots": [], "slot_values": {"departure_date": ["11th of March"], "destination_city": ["Los Angeles"], "origin_city": ["Seattle"], "return_date": ["the 14th"], "seating_class": ["Economy"]}}}], "speaker": "USER", "utterance": "I would like to return on the 14th of March. I also prefer to travel in Economy class."}, {"frames": [{"actions": [{"act": "OFFER", "canonical_values": ["Alaska Airlines"], "slot": "airlines", "values": ["Alaska Airlines"]}, {"act": "OFFER", "canonical_values": ["15:45"], "slot": "outbound_departure_time", "values": ["3:45 pm"]}, {"act": "OFFER", "canonical_values": ["19:10"], "slot": "inbound_departure_time", "values": ["7:10 pm"]}, {"act": "OFFER", "canonical_values": ["157"], "slot": "price", "values": ["$157"]}], "service": "Flights_1", "service_call": {"method": "SearchRoundtripFlights", "parameters": {"departure_date": "2019-03-11", "destination_city": "Los Angeles", "origin_city": "Seattle", "return_date": "2019-03-14", "seating_class": "Economy"}}, "service_results": [{"airlines": "Alaska Airlines", "departure_date": "2019-03-11", "destination_airport": "LAX International Airport", "destination_city": "Los Angeles", "inbound_arrival_time": "21:57", "inbound_departure_time": "19:10", "number_stops": "0", "origin_airport": "Seattle-Tacoma International Airport", "origin_city": "Seattle", "outbound_arrival_time": "18:32", "outbound_departure_time": "15:45", "passengers": "1", "price": "157", "refundable": "True", "return_date": "2019-03-14", "seating_class": "Economy"}, {"airlines": "American Airlines", "departure_date": "2019-03-11", "destination_airport": "LAX International Airport", "destination_city": "Los Angeles", "inbound_arrival_time": "02:32", "inbound_departure_time": "23:45", "number_stops": "0", "origin_airport": "Seattle-Tacoma International Airport", "origin_city": "Seattle", "outbound_arrival_time": "11:02", "outbound_departure_time": "08:15", "passengers": "1", "price": "126", "refundable": "False", "return_date": "2019-03-14", "seating_class": "Economy"}, {"airlines": "Delta Airlines", "departure_date": "2019-03-11", "destination_airport": "LAX International Airport", "destination_city": "Los Angeles", "inbound_arrival_time": "09:37", "inbound_departure_time": "06:50", "number_stops": "0", "origin_airport": "Seattle-Tacoma International Airport", "origin_city": "Seattle", "outbound_arrival_time": "11:32", "outbound_departure_time": "08:45", "passengers": "1", "price": "148", "refundable": "False", "return_date": "2019-03-14", "seating_class": "Economy"}, {"airlines": "Southwest Airlines", "departure_date": "2019-03-11", "destination_airport": "LAX International Airport", "destination_city": "Los Angeles", "inbound_arrival_time": "14:47", "inbound_departure_time": "12:00", "number_stops": "1", "origin_airport": "Seattle-Tacoma International Airport", "origin_city": "Seattle", "outbound_arrival_time": "17:15", "outbound_departure_time": "13:05", "passengers": "1", "price": "191", "refundable": "False", "return_date": "2019-03-14", "seating_class": "Economy"}, {"airlines": "United Airlines", "departure_date": "2019-03-11", "destination_airport": "LAX International Airport", "destination_city": "Los Angeles", "inbound_arrival_time": "02:32", "inbound_departure_time": "23:45", "number_stops": "0", "origin_airport": "Seattle-Tacoma International Airport", "origin_city": "Seattle", "outbound_arrival_time": "15:17", "outbound_departure_time": "12:30", "passengers": "1", "price": "150", "refundable": "False", "return_date": "2019-03-14", "seating_class": "Economy"}], "slots": [{"exclusive_end": 93, "slot": "outbound_departure_time", "start": 86}, {"exclusive_end": 134, "slot": "inbound_departure_time", "start": 127}, {"exclusive_end": 54, "slot": "price", "start": 50}]}], "speaker": "SYSTEM", "utterance": "I found 1 flight for you with Alaska Airlines for $157. The outbound flight leaves at 3:45 pm, and the return flight leaves at 7:10 pm."}, {"frames": [{"actions": [{"act": "INFORM_INTENT", "canonical_values": ["SearchOnewayFlight"], "slot": "intent", "values": ["SearchOnewayFlight"]}, {"act": "SELECT", "canonical_values": [], "slot": "", "values": []}], "service": "Flights_1", "slots": [], "state": {"active_intent": "SearchOnewayFlight", "requested_slots": [], "slot_values": {"airlines": ["Alaska Airlines"], "departure_date": ["11th of March"], "destination_city": ["Los Angeles"], "inbound_departure_time": ["7:10 pm"], "origin_city": ["Seattle"], "outbound_departure_time": ["3:45 pm"], "return_date": ["the 14th"], "seating_class": ["Economy"]}}}], "speaker": "USER", "utterance": "That flight sounds good to me. I have an upcoming trip as well, so can you help me find oneway flights?"}, {"frames": [{"actions": [{"act": "OFFER", "canonical_values": ["Alaska Airlines"], "slot": "airlines", "values": ["Alaska Airlines"]}, {"act": "OFFER", "canonical_values": ["15:45"], "slot": "outbound_departure_time", "values": ["3:45 pm"]}, {"act": "OFFER", "canonical_values": ["0"], "slot": "number_stops", "values": ["0"]}, {"act": "OFFER", "canonical_values": ["160"], "slot": "price", "values": ["$160"]}], "service": "Flights_1", "service_call": {"method": "SearchOnewayFlight", "parameters": {"airlines": "Alaska Airlines", "departure_date": "2019-03-11", "destination_city": "Los Angeles", "origin_city": "Seattle", "seating_class": "Economy"}}, "service_results": [{"airlines": "Alaska Airlines", "departure_date": "2019-03-11", "destination_airport": "LAX International Airport", "destination_city": "Los Angeles", "number_stops": "0", "origin_airport": "Seattle-Tacoma International Airport", "origin_city": "Seattle", "outbound_arrival_time": "18:32", "outbound_departure_time": "15:45", "passengers": "1", "price": "160", "refundable": "True", "seating_class": "Economy"}], "slots": [{"exclusive_end": 69, "slot": "outbound_departure_time", "start": 62}, {"exclusive_end": 47, "slot": "price", "start": 43}]}], "speaker": "SYSTEM", "utterance": "There is a flight with Alaska Airlines for $160. It leaves at 3:45 pm and has 0 stops."}, {"frames": [{"actions": [{"act": "REQUEST", "canonical_values": [], "slot": "destination_airport", "values": []}], "service": "Flights_1", "slots": [], "state": {"active_intent": "SearchOnewayFlight", "requested_slots": ["destination_airport"], "slot_values": {"airlines": ["Alaska Airlines"], "departure_date": ["11th of March"], "destination_city": ["Los Angeles"], "inbound_departure_time": ["7:10 pm"], "origin_city": ["Seattle"], "outbound_departure_time": ["3:45 pm"], "return_date": ["the 14th"], "seating_class": ["Economy"]}}}], "speaker": "USER", "utterance": "Ok, in which airport does the flight arrive?"}, {"frames": [{"actions": [{"act": "INFORM", "canonical_values": ["LAX International Airport"], "slot": "destination_airport", "values": ["LAX International Airport"]}], "service": "Flights_1", "slots": [{"exclusive_end": 47, "slot": "destination_airport", "start": 22}]}], "speaker": "SYSTEM", "utterance": "The flight arrives at LAX International Airport."}, {"frames": [{"actions": [{"act": "SELECT", "canonical_values": [], "slot": "", "values": []}, {"act": "GOODBYE", "canonical_values": [], "slot": "", "values": []}], "service": "Flights_1", "slots": [], "state": {"active_intent": "SearchOnewayFlight", "requested_slots": [], "slot_values": {"airlines": ["Alaska Airlines"], "departure_date": ["11th of March"], "destination_city": ["Los Angeles"], "inbound_departure_time": ["7:10 pm"], "origin_city": ["Seattle"], "outbound_departure_time": ["3:45 pm"], "return_date": ["the 14th"], "seating_class": ["Economy"]}}}], "speaker": "USER", "utterance": "That flight sounds good to me. That's all I need."}, {"frames": [{"actions": [{"act": "GOODBYE", "canonical_values": [], "slot": "", "values": []}], "service": "Flights_1", "slots": []}], "speaker": "SYSTEM", "utterance": "Have a wonderful day."}]}]