[{"dialogue_id": "77_00000", "services": ["Services_1", "Restaurants_1"], "turns": [{"frames": [{"actions": [{"act": "INFORM_INTENT", "canonical_values": ["FindProvider"], "slot": "intent", "values": ["FindProvider"]}], "service": "Services_1", "slots": [], "state": {"active_intent": "FindProvider", "requested_slots": [], "slot_values": {}}}], "speaker": "USER", "utterance": "i am looking for a salon"}, {"frames": [{"actions": [{"act": "REQUEST", "canonical_values": [], "slot": "city", "values": []}], "service": "Services_1", "slots": []}], "speaker": "SYSTEM", "utterance": "what city"}, {"frames": [{"actions": [{"act": "INFORM", "canonical_values": ["Fremont"], "slot": "city", "values": ["fremont"]}], "service": "Services_1", "slots": [{"exclusive_end": 24, "slot": "city", "start": 17}], "state": {"active_intent": "FindProvider", "requested_slots": [], "slot_values": {"city": ["fremont"]}}}], "speaker": "USER", "utterance": "please search in fremont"}, {"frames": [{"actions": [{"act": "OFFER", "canonical_values": ["3Sixty Salon And Boutique"], "slot": "stylist_name", "values": ["3sixty salon and boutique"]}, {"act": "OFFER", "canonical_values": ["Fremont"], "slot": "city", "values": ["fremont"]}], "service": "Services_1", "service_call": {"method": "FindProvider", "parameters": {"city": "Fremont"}}, "service_results": [{"average_rating": "4.70", "city": "Fremont", "is_unisex": "False", "phone_number": "510-574-0881", "street_address": "5154 Mowry Avenue", "stylist_name": "3Sixty Salon And Boutique"}, {"average_rating": "4.70", "city": "Fremont", "is_unisex": "True", "phone_number": "510-623-1635", "street_address": "4175, 42151 Blacow Road", "stylist_name": "Alex'S Classic Barber Shop"}, {"average_rating": "4.20", "city": "Fremont", "is_unisex": "False", "phone_number": "510-794-4526", "street_address": "5371 Mowry Avenue", "stylist_name": "Beauology"}, {"average_rating": "4.30", "city": "Fremont", "is_unisex": "False", "phone_number": "510-790-9900", "street_address": "37485 Fremont Boulevard B", "stylist_name": "Beauty Spot Salon"}, {"average_rating": "4.90", "city": "Fremont", "is_unisex": "True", "phone_number": "510-656-1955", "street_address": "40645 Fremont Boulevard", "stylist_name": "Fremont Barber Shop"}, {"average_rating": "4.10", "city": "Fremont", "is_unisex": "False", "phone_number": "510-739-6666", "street_address": "241 Fremont Hub Courtyard", "stylist_name": "Little Scissors - Kids Hair Salon"}, {"average_rating": "3.50", "city": "Fremont", "is_unisex": "False", "phone_number": "510-494-1531", "street_address": "34119 Fremont Boulevard", "stylist_name": "Passion Salon"}, {"average_rating": "4.10", "city": "Fremont", "is_unisex": "True", "phone_number": "510-505-9605", "street_address": "37477 Fremont Boulevard", "stylist_name": "Prince Barber Shop"}, {"average_rating": "4.60", "city": "Fremont", "is_unisex": "True", "phone_number": "510-694-0208", "street_address": "40811 Grimmer Boulevard", "stylist_name": "Rehab Parlour"}, {"average_rating": "4.80", "city": "Fremont", "is_unisex": "True", "phone_number": "510-498-1090", "street_address": "43360 Mission Boulevard #130", "stylist_name": "Salon Valenti Hair Nails Skin"}], "slots": [{"exclusive_end": 36, "slot": "stylist_name", "start": 11}, {"exclusive_end": 47, "slot": "city", "start": 40}]}], "speaker": "SYSTEM", "utterance": "what about 3sixty salon and boutique in fremont"}, {"frames": [{"actions": [{"act": "INFORM", "canonical_values": ["2019-03-04"], "slot": "appointment_date", "values": ["4th of this month"]}, {"act": "INFORM_INTENT", "canonical_values": ["BookAppointment"], "slot": "intent", "values": ["BookAppointment"]}, {"act": "SELECT", "canonical_values": [], "slot": "", "values": []}], "service": "Services_1", "slots": [{"exclusive_end": 48, "slot": "appointment_date", "start": 31}], "state": {"active_intent": "BookAppointment", "requested_slots": [], "slot_values": {"appointment_date": ["4th of this month"], "city": ["fremont"], "stylist_name": ["3sixty salon and boutique"]}}}], "speaker": "USER", "utterance": "yes please make appointment on 4th of this month"}, {"frames": [{"actions": [{"act": "REQUEST", "canonical_values": [], "slot": "appointment_time", "values": []}], "service": "Services_1", "slots": []}], "speaker": "SYSTEM", "utterance": "what time would you like to go"}, {"frames": [{"actions": [{"act": "INFORM", "canonical_values": ["14:15"], "slot": "appointment_time", "values": ["2:15 in the afternoon"]}, {"act": "INFORM", "canonical_values": ["2019-03-13"], "slot": "appointment_date", "values": ["the 13th"]}], "service": "Services_1", "slots": [{"exclusive_end": 49, "slot": "appointment_time", "start": 28}, {"exclusive_end": 24, "slot": "appointment_date", "start": 16}], "state": {"active_intent": "BookAppointment", "requested_slots": [], "slot_values": {"appointment_date": ["the 13th"], "appointment_time": ["2:15 in the afternoon"], "city": ["fremont"], "stylist_name": ["3sixty salon and boutique"]}}}], "speaker": "USER", "utterance": "i want to go on the 13th at 2:15 in the afternoon"}, {"frames": [{"actions": [{"act": "CONFIRM", "canonical_values": ["3Sixty Salon And Boutique"], "slot": "stylist_name", "values": ["3sixty salon and boutique"]}, {"act": "CONFIRM", "canonical_values": ["14:15"], "slot": "appointment_time", "values": ["2:15 pm"]}, {"act": "CONFIRM", "canonical_values": ["2019-03-13"], "slot": "appointment_date", "values": ["march 13th"]}], "service": "Services_1", "slots": [{"exclusive_end": 62, "slot": "stylist_name", "start": 37}, {"exclusive_end": 87, "slot": "appointment_time", "start": 80}, {"exclusive_end": 76, "slot": "appointment_date", "start": 66}]}], "speaker": "SYSTEM", "utterance": "please confirm your appointment with 3sixty salon and boutique on march 13th at 2:15 pm"}, {"frames": [{"actions": [{"act": "INFORM", "canonical_values": ["15:45"], "slot": "appointment_time", "values": ["quarter to 4 in the afternoon"]}, {"act": "NEGATE", "canonical_values": [], "slot": "", "values": []}], "service": "Services_1", "slots": [{"exclusive_end": 53, "slot": "appointment_time", "start": 24}], "state": {"active_intent": "BookAppointment", "requested_slots": [], "slot_values": {"appointment_date": ["march 13th", "the 13th"], "appointment_time": ["quarter to 4 in the afternoon"], "city": ["fremont"], "stylist_name": ["3sixty salon and boutique"]}}}], "speaker": "USER", "utterance": "no, please change it to quarter to 4 in the afternoon"}, {"frames": [{"actions": [{"act": "CONFIRM", "canonical_values": ["3Sixty Salon And Boutique"], "slot": "stylist_name", "values": ["3sixty salon and boutique"]}, {"act": "CONFIRM", "canonical_values": ["15:45"], "slot": "appointment_time", "values": ["3:45 pm"]}], "service": "Services_1", "slots": [{"exclusive_end": 58, "slot": "stylist_name", "start": 33}, {"exclusive_end": 69, "slot": "appointment_time", "start": 62}]}], "speaker": "SYSTEM", "utterance": "please confirm your changes with 3sixty salon and boutique at 3:45 pm"}, {"frames": [{"actions": [{"act": "REQUEST", "canonical_values": [], "slot": "is_unisex", "values": []}, {"act": "AFFIRM", "canonical_values": [], "slot": "", "values": []}], "service": "Services_1", "slots": [], "state": {"active_intent": "BookAppointment", "requested_slots": ["is_unisex"], "slot_values": {"appointment_date": ["march 13th", "the 13th"], "appointment_time": ["3:45 pm", "quarter to 4 in the afternoon"], "city": ["fremont"], "stylist_name": ["3sixty salon and boutique"]}}}], "speaker": "USER", "utterance": "yes please. is this unisex"}, {"frames": [{"actions": [{"act": "INFORM", "canonical_values": ["False"], "slot": "is_unisex", "values": ["False"]}, {"act": "OFFER", "canonical_values": ["3Sixty Salon And Boutique"], "slot": "stylist_name", "values": ["3sixty salon and boutique"]}, {"act": "OFFER", "canonical_values": ["2019-03-13"], "slot": "appointment_date", "values": ["march 13th"]}, {"act": "OFFER", "canonical_values": ["15:30"], "slot": "appointment_time", "values": ["3:30 pm"]}, {"act": "NOTIFY_FAILURE", "canonical_values": [], "slot": "", "values": []}], "service": "Services_1", "service_call": {"method": "BookAppointment", "parameters": {"appointment_date": "2019-03-13", "appointment_time": "15:45", "stylist_name": "3Sixty Salon And Boutique"}}, "service_results": [{"appointment_date": "2019-03-13", "appointment_time": "15:30", "average_rating": "4.70", "is_unisex": "False", "phone_number": "510-574-0881", "street_address": "5154 Mowry Avenue", "stylist_name": "3Sixty Salon And Boutique"}], "slots": [{"exclusive_end": 85, "slot": "stylist_name", "start": 60}, {"exclusive_end": 145, "slot": "appointment_date", "start": 135}, {"exclusive_end": 156, "slot": "appointment_time", "start": 149}]}], "speaker": "SYSTEM", "utterance": "this is not a unisex salon. Sorry the your prefer time with 3sixty salon and boutique is not available. do you want me to try again on march 13th at 3:30 pm"}, {"frames": [{"actions": [{"act": "AFFIRM", "canonical_values": [], "slot": "", "values": []}], "service": "Services_1", "slots": [], "state": {"active_intent": "BookAppointment", "requested_slots": [], "slot_values": {"appointment_date": ["march 13th", "the 13th"], "appointment_time": ["3:30 pm"], "city": ["fremont"], "stylist_name": ["3sixty salon and boutique"]}}}], "speaker": "USER", "utterance": "yes please"}, {"frames": [{"actions": [{"act": "NOTIFY_SUCCESS", "canonical_values": [], "slot": "", "values": []}], "service": "Services_1", "service_call": {"method": "BookAppointment", "parameters": {"appointment_date": "2019-03-13", "appointment_time": "15:30", "stylist_name": "3Sixty Salon And Boutique"}}, "service_results": [{"appointment_date": "2019-03-13", "appointment_time": "15:30", "average_rating": "4.70", "is_unisex": "False", "phone_number": "510-574-0881", "street_address": "5154 Mowry Avenue", "stylist_name": "3Sixty Salon And Boutique"}], "slots": []}], "speaker": "SYSTEM", "utterance": "your appointment is booked"}, {"frames": [{"actions": [{"act": "THANK_YOU", "canonical_values": [], "slot": "", "values": []}], "service": "Services_1", "slots": [], "state": {"active_intent": "BookAppointment", "requested_slots": [], "slot_values": {"appointment_date": ["march 13th", "the 13th"], "appointment_time": ["3:30 pm"], "city": ["fremont"], "stylist_name": ["3sixty salon and boutique"]}}}, {"actions": [{"act": "INFORM_INTENT", "canonical_values": ["FindRestaurants"], "slot": "intent", "values": ["FindRestaurants"]}], "service": "Restaurants_1", "slots": [], "state": {"active_intent": "FindRestaurants", "requested_slots": [], "slot_values": {"city": ["fremont"]}}}], "speaker": "USER", "utterance": "thank you. i also i want eat at a restaurant"}, {"frames": [{"actions": [{"act": "REQUEST", "canonical_values": [], "slot": "cuisine", "values": []}], "service": "Restaurants_1", "slots": []}], "speaker": "SYSTEM", "utterance": "what kind of food do you like"}, {"frames": [{"actions": [{"act": "INFORM", "canonical_values": ["Thai"], "slot": "cuisine", "values": ["spicy noodles"]}], "service": "Restaurants_1", "slots": [{"exclusive_end": 25, "slot": "cuisine", "start": 12}], "state": {"active_intent": "FindRestaurants", "requested_slots": [], "slot_values": {"city": ["fremont"], "cuisine": ["spicy noodles"]}}}], "speaker": "USER", "utterance": "i want some spicy noodles"}, {"frames": [{"actions": [{"act": "OFFER", "canonical_values": ["Banh Thai Restaurant"], "slot": "restaurant_name", "values": ["banh thai restaurant"]}, {"act": "OFFER", "canonical_values": ["Fremont"], "slot": "city", "values": ["fremont"]}, {"act": "INFORM_COUNT", "canonical_values": ["2"], "slot": "count", "values": ["2"]}], "service": "Restaurants_1", "service_call": {"method": "FindRestaurants", "parameters": {"city": "Fremont", "cuisine": "Thai"}}, "service_results": [{"city": "Fremont", "cuisine": "Thai", "has_live_music": "False", "phone_number": "510-739-1698", "price_range": "moderate", "restaurant_name": "Banh Thai Restaurant", "serves_alcohol": "False", "street_address": "39060 Fremont Boulevard"}, {"city": "Fremont", "cuisine": "Thai", "has_live_music": "False", "phone_number": "510-792-0770", "price_range": "moderate", "restaurant_name": "Sala Thai Restaurant", "serves_alcohol": "False", "street_address": "3241 Walnut Avenue"}], "slots": [{"exclusive_end": 67, "slot": "restaurant_name", "start": 47}, {"exclusive_end": 34, "slot": "city", "start": 27}]}], "speaker": "SYSTEM", "utterance": "i found 2 spicy noodles in fremont. what about banh thai restaurant"}, {"frames": [{"actions": [{"act": "SELECT", "canonical_values": [], "slot": "", "values": []}], "service": "Restaurants_1", "slots": [], "state": {"active_intent": "FindRestaurants", "requested_slots": [], "slot_values": {"city": ["fremont"], "cuisine": ["spicy noodles"], "restaurant_name": ["banh thai restaurant"]}}}], "speaker": "USER", "utterance": "yes please"}, {"frames": [{"actions": [{"act": "OFFER_INTENT", "canonical_values": ["ReserveRestaurant"], "slot": "intent", "values": ["ReserveRestaurant"]}], "service": "Restaurants_1", "slots": []}], "speaker": "SYSTEM", "utterance": "would you like to book a table"}, {"frames": [{"actions": [{"act": "AFFIRM_INTENT", "canonical_values": [], "slot": "", "values": []}], "service": "Restaurants_1", "slots": [], "state": {"active_intent": "ReserveRestaurant", "requested_slots": [], "slot_values": {"city": ["fremont"], "cuisine": ["spicy noodles"], "date": ["march 13th", "the 13th"], "restaurant_name": ["banh thai restaurant"]}}}], "speaker": "USER", "utterance": "yes please"}, {"frames": [{"actions": [{"act": "REQUEST", "canonical_values": [], "slot": "time", "values": []}], "service": "Restaurants_1", "slots": []}], "speaker": "SYSTEM", "utterance": "what time"}, {"frames": [{"actions": [{"act": "INFORM", "canonical_values": ["13:00"], "slot": "time", "values": ["1 o\"clock in the afternoon"]}], "service": "Restaurants_1", "slots": [{"exclusive_end": 34, "slot": "time", "start": 8}], "state": {"active_intent": "ReserveRestaurant", "requested_slots": [], "slot_values": {"city": ["fremont"], "cuisine": ["spicy noodles"], "date": ["march 13th", "the 13th"], "restaurant_name": ["banh thai restaurant"], "time": ["1 o\"clock in the afternoon"]}}}], "speaker": "USER", "utterance": "book it 1 o\"clock in the afternoon"}, {"frames": [{"actions": [{"act": "CONFIRM", "canonical_values": ["Banh Thai Restaurant"], "slot": "restaurant_name", "values": ["banh thai restaurant"]}, {"act": "CONFIRM", "canonical_values": ["Fremont"], "slot": "city", "values": ["fremont"]}, {"act": "CONFIRM", "canonical_values": ["13:00"], "slot": "time", "values": ["1 pm"]}, {"act": "CONFIRM", "canonical_values": ["2019-03-13"], "slot": "date", "values": ["march 13th"]}, {"act": "CONFIRM", "canonical_values": ["2"], "slot": "party_size", "values": ["2"]}], "service": "Restaurants_1", "slots": [{"exclusive_end": 68, "slot": "restaurant_name", "start": 48}, {"exclusive_end": 79, "slot": "city", "start": 72}, {"exclusive_end": 101, "slot": "time", "start": 97}, {"exclusive_end": 93, "slot": "date", "start": 83}]}], "speaker": "SYSTEM", "utterance": "please confirm your reservation for 2 people at banh thai restaurant in fremont on march 13th at 1 pm"}, {"frames": [{"actions": [{"act": "REQUEST", "canonical_values": [], "slot": "serves_alcohol", "values": []}, {"act": "REQUEST", "canonical_values": [], "slot": "has_live_music", "values": []}, {"act": "AFFIRM", "canonical_values": [], "slot": "", "values": []}], "service": "Restaurants_1", "slots": [], "state": {"active_intent": "ReserveRestaurant", "requested_slots": ["has_live_music", "serves_alcohol"], "slot_values": {"city": ["fremont"], "cuisine": ["spicy noodles"], "date": ["march 13th", "the 13th"], "party_size": ["2"], "restaurant_name": ["banh thai restaurant"], "time": ["1 o\"clock in the afternoon", "1 pm"]}}}], "speaker": "USER", "utterance": "yes please. do they have live music and liquor"}, {"frames": [{"actions": [{"act": "INFORM", "canonical_values": ["False"], "slot": "serves_alcohol", "values": ["False"]}, {"act": "INFORM", "canonical_values": ["False"], "slot": "has_live_music", "values": ["False"]}, {"act": "OFFER", "canonical_values": ["Banh Thai Restaurant"], "slot": "restaurant_name", "values": ["Banh thai restaurant"]}, {"act": "OFFER", "canonical_values": ["2"], "slot": "party_size", "values": ["2"]}, {"act": "OFFER", "canonical_values": ["2019-03-13"], "slot": "date", "values": ["march 13th"]}, {"act": "OFFER", "canonical_values": ["12:30"], "slot": "time", "values": ["12:30 pm"]}, {"act": "NOTIFY_FAILURE", "canonical_values": [], "slot": "", "values": []}], "service": "Restaurants_1", "service_call": {"method": "ReserveRestaurant", "parameters": {"city": "Fremont", "date": "2019-03-13", "party_size": "2", "restaurant_name": "Banh Thai Restaurant", "time": "13:00"}}, "service_results": [{"city": "Fremont", "cuisine": "Thai", "date": "2019-03-13", "has_live_music": "False", "party_size": "2", "phone_number": "510-739-1698", "price_range": "moderate", "restaurant_name": "Banh Thai Restaurant", "serves_alcohol": "False", "street_address": "39060 Fremont Boulevard", "time": "12:30"}], "slots": [{"exclusive_end": 60, "slot": "restaurant_name", "start": 40}, {"exclusive_end": 136, "slot": "date", "start": 126}, {"exclusive_end": 148, "slot": "time", "start": 140}]}], "speaker": "SYSTEM", "utterance": "they do not have live music and liquor. Banh thai restaurant is booked on your prefer time. do you want me to try 2 people on march 13th at 12:30 pm"}, {"frames": [{"actions": [{"act": "AFFIRM", "canonical_values": [], "slot": "", "values": []}], "service": "Restaurants_1", "slots": [], "state": {"active_intent": "ReserveRestaurant", "requested_slots": [], "slot_values": {"city": ["fremont"], "cuisine": ["spicy noodles"], "date": ["march 13th", "the 13th"], "party_size": ["2"], "restaurant_name": ["Banh thai restaurant", "banh thai restaurant"], "time": ["12:30 pm"]}}}], "speaker": "USER", "utterance": "yes please"}, {"frames": [{"actions": [{"act": "NOTIFY_SUCCESS", "canonical_values": [], "slot": "", "values": []}], "service": "Restaurants_1", "service_call": {"method": "ReserveRestaurant", "parameters": {"city": "Fremont", "date": "2019-03-13", "party_size": "2", "restaurant_name": "Banh Thai Restaurant", "time": "12:30"}}, "service_results": [{"city": "Fremont", "cuisine": "Thai", "date": "2019-03-13", "has_live_music": "False", "party_size": "2", "phone_number": "510-739-1698", "price_range": "moderate", "restaurant_name": "Banh Thai Restaurant", "serves_alcohol": "False", "street_address": "39060 Fremont Boulevard", "time": "12:30"}], "slots": []}], "speaker": "SYSTEM", "utterance": "your table is booked"}, {"frames": [{"actions": [{"act": "THANK_YOU", "canonical_values": [], "slot": "", "values": []}, {"act": "GOODBYE", "canonical_values": [], "slot": "", "values": []}], "service": "Restaurants_1", "slots": [], "state": {"active_intent": "ReserveRestaurant", "requested_slots": [], "slot_values": {"city": ["fremont"], "cuisine": ["spicy noodles"], "date": ["march 13th", "the 13th"], "party_size": ["2"], "restaurant_name": ["Banh thai restaurant", "banh thai restaurant"], "time": ["12:30 pm"]}}}], "speaker": "USER", "utterance": "thank you"}, {"frames": [{"actions": [{"act": "GOODBYE", "canonical_values": [], "slot": "", "values": []}], "service": "Restaurants_1", "slots": []}], "speaker": "SYSTEM", "utterance": "have a nice day"}]}, {"dialogue_id": "77_00001", "services": ["Services_1", "Restaurants_1"], "turns": [{"frames": [{"actions": [{"act": "INFORM_INTENT", "canonical_values": ["FindProvider"], "slot": "intent", "values": ["FindProvider"]}], "service": "Services_1", "slots": [], "state": {"active_intent": "FindProvider", "requested_slots": [], "slot_values": {}}}], "speaker": "USER", "utterance": "I am searching for a salon."}, {"frames": [{"actions": [{"act": "REQUEST", "canonical_values": [], "slot": "city", "values": []}], "service": "Services_1", "slots": []}], "speaker": "SYSTEM", "utterance": "In which city shall I search?"}, {"frames": [{"actions": [{"act": "INFORM", "canonical_values": ["Mill Valley"], "slot": "city", "values": ["Mill Valley"]}], "service": "Services_1", "slots": [{"exclusive_end": 29, "slot": "city", "start": 18}], "state": {"active_intent": "FindProvider", "requested_slots": [], "slot_values": {"city": ["Mill Valley"]}}}], "speaker": "USER", "utterance": "I need a salon in Mill Valley."}, {"frames": [{"actions": [{"act": "OFFER", "canonical_values": ["Ap Luxe Salon"], "slot": "stylist_name", "values": ["Ap Luxe Salon"]}, {"act": "OFFER", "canonical_values": ["Mill Valley"], "slot": "city", "values": ["Mill Valley"]}], "service": "Services_1", "service_call": {"method": "FindProvider", "parameters": {"city": "Mill Valley"}}, "service_results": [{"average_rating": "4.40", "city": "Mill Valley", "is_unisex": "True", "phone_number": "415-987-5893", "street_address": "40 Millwood Street", "stylist_name": "Ap Luxe Salon"}, {"average_rating": "4.40", "city": "Mill Valley", "is_unisex": "True", "phone_number": "415-389-8000", "street_address": "800 Redwood Highway #220", "stylist_name": "D&O Salon"}, {"average_rating": "4.40", "city": "Mill Valley", "is_unisex": "False", "phone_number": "415-381-1950", "street_address": "655 Redwood Highway #140", "stylist_name": "Edward'S Salon"}, {"average_rating": "5.00", "city": "Mill Valley", "is_unisex": "True", "phone_number": "415-569-5000", "street_address": "45 Camino Alto #106", "stylist_name": "Miller And Mane"}, {"average_rating": "4.60", "city": "Mill Valley", "is_unisex": "False", "phone_number": "415-388-0988", "street_address": "3 East Blithedale Avenue", "stylist_name": "Milvali Salon & Cosmetics"}, {"average_rating": "4.90", "city": "Mill Valley", "is_unisex": "True", "phone_number": "415-384-8102", "street_address": "142 East Blithedale Avenue", "stylist_name": "Shavery Barbershop"}, {"average_rating": "3.70", "city": "Mill Valley", "is_unisex": "True", "phone_number": "415-384-8440", "street_address": "383 Miller Avenue", "stylist_name": "Showroom 383 Salon"}], "slots": [{"exclusive_end": 13, "slot": "stylist_name", "start": 0}, {"exclusive_end": 45, "slot": "city", "start": 34}]}], "speaker": "SYSTEM", "utterance": "Ap Luxe Salon is a great salon in Mill Valley."}, {"frames": [{"actions": [{"act": "REQUEST", "canonical_values": [], "slot": "is_unisex", "values": []}], "service": "Services_1", "slots": [], "state": {"active_intent": "FindProvider", "requested_slots": ["is_unisex"], "slot_values": {"city": ["Mill Valley"]}}}], "speaker": "USER", "utterance": "Is it a unisex salon?"}, {"frames": [{"actions": [{"act": "INFORM", "canonical_values": ["True"], "slot": "is_unisex", "values": ["True"]}], "service": "Services_1", "slots": []}], "speaker": "SYSTEM", "utterance": "Yes. it is a unisex salon."}, {"frames": [{"actions": [{"act": "REQUEST", "canonical_values": [], "slot": "average_rating", "values": []}, {"act": "REQUEST", "canonical_values": [], "slot": "street_address", "values": []}], "service": "Services_1", "slots": [], "state": {"active_intent": "FindProvider", "requested_slots": ["average_rating", "street_address"], "slot_values": {"city": ["Mill Valley"]}}}], "speaker": "USER", "utterance": "What is its rating and contact address?"}, {"frames": [{"actions": [{"act": "INFORM", "canonical_values": ["4.40"], "slot": "average_rating", "values": ["4.4"]}, {"act": "INFORM", "canonical_values": ["40 Millwood Street"], "slot": "street_address", "values": ["40 Millwood Street"]}], "service": "Services_1", "slots": [{"exclusive_end": 17, "slot": "average_rating", "start": 14}, {"exclusive_end": 63, "slot": "street_address", "start": 45}]}], "speaker": "SYSTEM", "utterance": "Its rating is 4.4 and its contact address is 40 Millwood Street."}, {"frames": [{"actions": [{"act": "REQUEST_ALTS", "canonical_values": [], "slot": "", "values": []}], "service": "Services_1", "slots": [], "state": {"active_intent": "FindProvider", "requested_slots": [], "slot_values": {"city": ["Mill Valley"]}}}], "speaker": "USER", "utterance": "Could you help me in finding a different salon?"}, {"frames": [{"actions": [{"act": "OFFER", "canonical_values": ["D&O Salon"], "slot": "stylist_name", "values": ["D&O salon"]}, {"act": "OFFER", "canonical_values": ["Mill Valley"], "slot": "city", "values": ["Mill Valley"]}], "service": "Services_1", "slots": [{"exclusive_end": 9, "slot": "stylist_name", "start": 0}, {"exclusive_end": 41, "slot": "city", "start": 30}]}], "speaker": "SYSTEM", "utterance": "D&O salon is a great salon in Mill Valley."}, {"frames": [{"actions": [{"act": "INFORM", "canonical_values": ["15:00"], "slot": "appointment_time", "values": ["3 o\"clock in the afternoon"]}, {"act": "INFORM", "canonical_values": ["2019-03-01"], "slot": "appointment_date", "values": ["1st of March"]}, {"act": "INFORM_INTENT", "canonical_values": ["BookAppointment"], "slot": "intent", "values": ["BookAppointment"]}, {"act": "SELECT", "canonical_values": [], "slot": "", "values": []}], "service": "Services_1", "slots": [{"exclusive_end": 98, "slot": "appointment_time", "start": 72}, {"exclusive_end": 32, "slot": "appointment_date", "start": 20}], "state": {"active_intent": "BookAppointment", "requested_slots": [], "slot_values": {"appointment_date": ["1st of March"], "appointment_time": ["3 o\"clock in the afternoon"], "city": ["Mill Valley"], "stylist_name": ["D&O salon"]}}}], "speaker": "USER", "utterance": "Yes. it is good. On 1st of March, book an appointment with the salon at 3 o\"clock in the afternoon."}, {"frames": [{"actions": [{"act": "CONFIRM", "canonical_values": ["D&O Salon"], "slot": "stylist_name", "values": ["D&O Salon"]}, {"act": "CONFIRM", "canonical_values": ["15:00"], "slot": "appointment_time", "values": ["3 pm"]}, {"act": "CONFIRM", "canonical_values": ["2019-03-01"], "slot": "appointment_date", "values": ["March 1st"]}], "service": "Services_1", "slots": [{"exclusive_end": 93, "slot": "stylist_name", "start": 84}, {"exclusive_end": 101, "slot": "appointment_time", "start": 97}, {"exclusive_end": 32, "slot": "appointment_date", "start": 23}]}], "speaker": "SYSTEM", "utterance": "Kindly ensure that, on March 1st an appointment has been done with the hair stylist D&O Salon at 3 pm."}, {"frames": [{"actions": [{"act": "AFFIRM", "canonical_values": [], "slot": "", "values": []}], "service": "Services_1", "slots": [], "state": {"active_intent": "BookAppointment", "requested_slots": [], "slot_values": {"appointment_date": ["1st of March", "March 1st"], "appointment_time": ["3 o\"clock in the afternoon", "3 pm"], "city": ["Mill Valley"], "stylist_name": ["D&O Salon", "D&O salon"]}}}], "speaker": "USER", "utterance": "Yes. it is good."}, {"frames": [{"actions": [{"act": "NOTIFY_SUCCESS", "canonical_values": [], "slot": "", "values": []}], "service": "Services_1", "service_call": {"method": "BookAppointment", "parameters": {"appointment_date": "2019-03-01", "appointment_time": "15:00", "stylist_name": "D&O Salon"}}, "service_results": [{"appointment_date": "2019-03-01", "appointment_time": "15:00", "average_rating": "4.40", "is_unisex": "True", "phone_number": "415-389-8000", "street_address": "800 Redwood Highway #220", "stylist_name": "D&O Salon"}], "slots": []}], "speaker": "SYSTEM", "utterance": "Your appointment is done."}, {"frames": [{"actions": [{"act": "REQUEST", "canonical_values": [], "slot": "street_address", "values": []}], "service": "Services_1", "slots": [], "state": {"active_intent": "BookAppointment", "requested_slots": ["street_address"], "slot_values": {"appointment_date": ["1st of March", "March 1st"], "appointment_time": ["3 o\"clock in the afternoon", "3 pm"], "city": ["Mill Valley"], "stylist_name": ["D&O Salon", "D&O salon"]}}}], "speaker": "USER", "utterance": "What is their contact address?"}, {"frames": [{"actions": [{"act": "INFORM", "canonical_values": ["800 Redwood Highway #220"], "slot": "street_address", "values": ["800 Redwood Highway #220"]}], "service": "Services_1", "slots": [{"exclusive_end": 47, "slot": "street_address", "start": 23}]}], "speaker": "SYSTEM", "utterance": "The contact address is 800 Redwood Highway #220."}, {"frames": [{"actions": [{"act": "THANK_YOU", "canonical_values": [], "slot": "", "values": []}], "service": "Services_1", "slots": [], "state": {"active_intent": "BookAppointment", "requested_slots": [], "slot_values": {"appointment_date": ["1st of March", "March 1st"], "appointment_time": ["3 o\"clock in the afternoon", "3 pm"], "city": ["Mill Valley"], "stylist_name": ["D&O Salon", "D&O salon"]}}}, {"actions": [{"act": "INFORM_INTENT", "canonical_values": ["FindRestaurants"], "slot": "intent", "values": ["FindRestaurants"]}], "service": "Restaurants_1", "slots": [], "state": {"active_intent": "FindRestaurants", "requested_slots": [], "slot_values": {"city": ["Mill Valley"]}}}], "speaker": "USER", "utterance": "Thank you so much. I wish to find a restaurant there."}, {"frames": [{"actions": [{"act": "REQUEST", "canonical_values": ["Chinese", "Italian"], "slot": "cuisine", "values": ["Chinese", "Italian"]}], "service": "Restaurants_1", "slots": [{"exclusive_end": 48, "slot": "cuisine", "start": 41}, {"exclusive_end": 57, "slot": "cuisine", "start": 50}]}], "speaker": "SYSTEM", "utterance": "What type of food do you need? It may be Chinese, Italian or anything else."}, {"frames": [{"actions": [{"act": "INFORM", "canonical_values": ["True"], "slot": "serves_alcohol", "values": ["True"]}, {"act": "INFORM", "canonical_values": ["Seafood"], "slot": "cuisine", "values": ["Freshwater fish"]}], "service": "Restaurants_1", "slots": [{"exclusive_end": 65, "slot": "cuisine", "start": 50}], "state": {"active_intent": "FindRestaurants", "requested_slots": [], "slot_values": {"city": ["Mill Valley"], "cuisine": ["Freshwater fish"], "serves_alcohol": ["True"]}}}], "speaker": "USER", "utterance": "I need a place that serves alcohol. I prefer some Freshwater fish type of food."}, {"frames": [{"actions": [{"act": "OFFER", "canonical_values": ["Frantoio Ristorante"], "slot": "restaurant_name", "values": ["Frantoio Ristorante"]}, {"act": "OFFER", "canonical_values": ["Mill Valley"], "slot": "city", "values": ["MIll Valley"]}], "service": "Restaurants_1", "service_call": {"method": "FindRestaurants", "parameters": {"city": "Mill Valley", "cuisine": "Seafood", "serves_alcohol": "True"}}, "service_results": [{"city": "Mill Valley", "cuisine": "Seafood", "has_live_music": "False", "phone_number": "415-289-5777", "price_range": "moderate", "restaurant_name": "Frantoio Ristorante", "serves_alcohol": "True", "street_address": "152 Shoreline Highway"}], "slots": [{"exclusive_end": 19, "slot": "restaurant_name", "start": 0}, {"exclusive_end": 56, "slot": "city", "start": 45}]}], "speaker": "SYSTEM", "utterance": "Frantoio Ristorante is a great restaurant at MIll Valley."}, {"frames": [{"actions": [{"act": "REQUEST", "canonical_values": [], "slot": "phone_number", "values": []}], "service": "Restaurants_1", "slots": [], "state": {"active_intent": "FindRestaurants", "requested_slots": ["phone_number"], "slot_values": {"city": ["MIll Valley", "Mill Valley"], "cuisine": ["Freshwater fish"], "serves_alcohol": ["True"]}}}], "speaker": "USER", "utterance": "What is their phone number?"}, {"frames": [{"actions": [{"act": "INFORM", "canonical_values": ["415-289-5777"], "slot": "phone_number", "values": ["415-289-5777"]}], "service": "Restaurants_1", "slots": [{"exclusive_end": 42, "slot": "phone_number", "start": 30}]}], "speaker": "SYSTEM", "utterance": "Their contact phone number is 415-289-5777"}, {"frames": [{"actions": [{"act": "REQUEST", "canonical_values": [], "slot": "has_live_music", "values": []}, {"act": "REQUEST", "canonical_values": [], "slot": "street_address", "values": []}], "service": "Restaurants_1", "slots": [], "state": {"active_intent": "FindRestaurants", "requested_slots": ["has_live_music", "street_address"], "slot_values": {"city": ["MIll Valley", "Mill Valley"], "cuisine": ["Freshwater fish"], "serves_alcohol": ["True"]}}}], "speaker": "USER", "utterance": "Whether they have live music? what is their contact address?"}, {"frames": [{"actions": [{"act": "INFORM", "canonical_values": ["False"], "slot": "has_live_music", "values": ["False"]}, {"act": "INFORM", "canonical_values": ["152 Shoreline Highway"], "slot": "street_address", "values": ["152 Shoreline Highway"]}], "service": "Restaurants_1", "slots": [{"exclusive_end": 82, "slot": "street_address", "start": 61}]}], "speaker": "SYSTEM", "utterance": "Sorry. they do not have live music. Their contact address is 152 Shoreline Highway."}, {"frames": [{"actions": [{"act": "REQUEST_ALTS", "canonical_values": [], "slot": "", "values": []}], "service": "Restaurants_1", "slots": [], "state": {"active_intent": "FindRestaurants", "requested_slots": [], "slot_values": {"city": ["MIll Valley", "Mill Valley"], "cuisine": ["Freshwater fish"], "serves_alcohol": ["True"]}}}], "speaker": "USER", "utterance": "Could you find some other restaurants?"}, {"frames": [{"actions": [{"act": "NOTIFY_FAILURE", "canonical_values": [], "slot": "", "values": []}, {"act": "REQ_MORE", "canonical_values": [], "slot": "", "values": []}], "service": "Restaurants_1", "service_call": {"method": "FindRestaurants", "parameters": {"city": "Mill Valley", "cuisine": "Seafood", "serves_alcohol": "True"}}, "service_results": [], "slots": []}], "speaker": "SYSTEM", "utterance": "Sorry, I am unable to find any restaurants for you. Do you need any other help?"}, {"frames": [{"actions": [{"act": "INFORM", "canonical_values": ["Italian"], "slot": "cuisine", "values": ["Pizza and Pasta"]}, {"act": "INFORM_INTENT", "canonical_values": ["FindRestaurants"], "slot": "intent", "values": ["FindRestaurants"]}], "service": "Restaurants_1", "slots": [{"exclusive_end": 33, "slot": "cuisine", "start": 18}], "state": {"active_intent": "FindRestaurants", "requested_slots": [], "slot_values": {"city": ["MIll Valley", "Mill Valley"], "cuisine": ["Italian", "Pizza and Pasta"], "serves_alcohol": ["True"]}}}], "speaker": "USER", "utterance": "Please try again. Pizza and Pasta type of food is good."}, {"frames": [{"actions": [{"act": "OFFER", "canonical_values": ["Piazza D'angelo"], "slot": "restaurant_name", "values": ["Piazza D'angelo"]}, {"act": "OFFER", "canonical_values": ["Mill Valley"], "slot": "city", "values": ["Mill Valley"]}], "service": "Restaurants_1", "service_call": {"method": "FindRestaurants", "parameters": {"city": "Mill Valley", "cuisine": "Italian", "serves_alcohol": "True"}}, "service_results": [{"city": "Mill Valley", "cuisine": "Italian", "has_live_music": "False", "phone_number": "415-388-2126", "price_range": "moderate", "restaurant_name": "Piazza D'angelo", "serves_alcohol": "True", "street_address": "22 Miller Avenue"}], "slots": [{"exclusive_end": 15, "slot": "restaurant_name", "start": 0}, {"exclusive_end": 52, "slot": "city", "start": 41}]}], "speaker": "SYSTEM", "utterance": "Piazza D'angelo is a great restaurant in Mill Valley."}, {"frames": [{"actions": [{"act": "SELECT", "canonical_values": [], "slot": "", "values": []}], "service": "Restaurants_1", "slots": [], "state": {"active_intent": "FindRestaurants", "requested_slots": [], "slot_values": {"city": ["MIll Valley", "Mill Valley"], "cuisine": ["Italian", "Pizza and Pasta"], "restaurant_name": ["Piazza D'angelo"], "serves_alcohol": ["True"]}}}], "speaker": "USER", "utterance": "Yes. it is good for me."}, {"frames": [{"actions": [{"act": "OFFER_INTENT", "canonical_values": ["ReserveRestaurant"], "slot": "intent", "values": ["ReserveRestaurant"]}], "service": "Restaurants_1", "slots": []}], "speaker": "SYSTEM", "utterance": "Shall I reserve a table?"}, {"frames": [{"actions": [{"act": "AFFIRM_INTENT", "canonical_values": [], "slot": "", "values": []}], "service": "Restaurants_1", "slots": [], "state": {"active_intent": "ReserveRestaurant", "requested_slots": [], "slot_values": {"city": ["MIll Valley", "Mill Valley"], "cuisine": ["Italian", "Pizza and Pasta"], "date": ["1st of March", "March 1st"], "restaurant_name": ["Piazza D'angelo"], "serves_alcohol": ["True"]}}}], "speaker": "USER", "utterance": "Yes. Please go ahead."}, {"frames": [{"actions": [{"act": "REQUEST", "canonical_values": [], "slot": "time", "values": []}], "service": "Restaurants_1", "slots": []}], "speaker": "SYSTEM", "utterance": "What is the time of the restaurant booking?"}, {"frames": [{"actions": [{"act": "INFORM", "canonical_values": ["12:30"], "slot": "time", "values": ["half past 12 in the afternoon"]}], "service": "Restaurants_1", "slots": [{"exclusive_end": 40, "slot": "time", "start": 11}], "state": {"active_intent": "ReserveRestaurant", "requested_slots": [], "slot_values": {"city": ["MIll Valley", "Mill Valley"], "cuisine": ["Italian", "Pizza and Pasta"], "date": ["1st of March", "March 1st"], "restaurant_name": ["Piazza D'angelo"], "serves_alcohol": ["True"], "time": ["half past 12 in the afternoon"]}}}], "speaker": "USER", "utterance": "Book it at half past 12 in the afternoon."}, {"frames": [{"actions": [{"act": "CONFIRM", "canonical_values": ["Piazza D'angelo"], "slot": "restaurant_name", "values": ["Piazza D'angelo"]}, {"act": "CONFIRM", "canonical_values": ["Mill Valley"], "slot": "city", "values": ["Mill Valley"]}, {"act": "CONFIRM", "canonical_values": ["12:30"], "slot": "time", "values": ["12:30 pm"]}, {"act": "CONFIRM", "canonical_values": ["2019-03-01"], "slot": "date", "values": ["March 1st"]}, {"act": "CONFIRM", "canonical_values": ["2"], "slot": "party_size", "values": ["2"]}], "service": "Restaurants_1", "slots": [{"exclusive_end": 92, "slot": "restaurant_name", "start": 77}, {"exclusive_end": 107, "slot": "city", "start": 96}, {"exclusive_end": 119, "slot": "time", "start": 111}, {"exclusive_end": 32, "slot": "date", "start": 23}]}], "speaker": "SYSTEM", "utterance": "Kindly ensure that, on March 1st, the booking has been done for 2 persons at Piazza D'angelo in Mill Valley at 12:30 pm."}, {"frames": [{"actions": [{"act": "AFFIRM", "canonical_values": [], "slot": "", "values": []}], "service": "Restaurants_1", "slots": [], "state": {"active_intent": "ReserveRestaurant", "requested_slots": [], "slot_values": {"city": ["MIll Valley", "Mill Valley"], "cuisine": ["Italian", "Pizza and Pasta"], "date": ["1st of March", "March 1st"], "party_size": ["2"], "restaurant_name": ["Piazza D'angelo"], "serves_alcohol": ["True"], "time": ["12:30 pm", "half past 12 in the afternoon"]}}}], "speaker": "USER", "utterance": "Yes. it is good for me."}, {"frames": [{"actions": [{"act": "NOTIFY_SUCCESS", "canonical_values": [], "slot": "", "values": []}], "service": "Restaurants_1", "service_call": {"method": "ReserveRestaurant", "parameters": {"city": "Mill Valley", "date": "2019-03-01", "party_size": "2", "restaurant_name": "Piazza D'angelo", "time": "12:30"}}, "service_results": [{"city": "Mill Valley", "cuisine": "Italian", "date": "2019-03-01", "has_live_music": "False", "party_size": "2", "phone_number": "415-388-2126", "price_range": "moderate", "restaurant_name": "Piazza D'angelo", "serves_alcohol": "True", "street_address": "22 Miller Avenue", "time": "12:30"}], "slots": []}], "speaker": "SYSTEM", "utterance": "Your booking is done."}, {"frames": [{"actions": [{"act": "THANK_YOU", "canonical_values": [], "slot": "", "values": []}], "service": "Restaurants_1", "slots": [], "state": {"active_intent": "ReserveRestaurant", "requested_slots": [], "slot_values": {"city": ["MIll Valley", "Mill Valley"], "cuisine": ["Italian", "Pizza and Pasta"], "date": ["1st of March", "March 1st"], "party_size": ["2"], "restaurant_name": ["Piazza D'angelo"], "serves_alcohol": ["True"], "time": ["12:30 pm", "half past 12 in the afternoon"]}}}], "speaker": "USER", "utterance": "Thank you so much."}, {"frames": [{"actions": [{"act": "REQ_MORE", "canonical_values": [], "slot": "", "values": []}], "service": "Restaurants_1", "slots": []}], "speaker": "SYSTEM", "utterance": "Do you need any other help?"}, {"frames": [{"actions": [{"act": "NEGATE", "canonical_values": [], "slot": "", "values": []}, {"act": "THANK_YOU", "canonical_values": [], "slot": "", "values": []}], "service": "Restaurants_1", "slots": [], "state": {"active_intent": "NONE", "requested_slots": [], "slot_values": {"city": ["MIll Valley", "Mill Valley"], "cuisine": ["Italian", "Pizza and Pasta"], "date": ["1st of March", "March 1st"], "party_size": ["2"], "restaurant_name": ["Piazza D'angelo"], "serves_alcohol": ["True"], "time": ["12:30 pm", "half past 12 in the afternoon"]}}}], "speaker": "USER", "utterance": "No. Thank you so much."}, {"frames": [{"actions": [{"act": "GOODBYE", "canonical_values": [], "slot": "", "values": []}], "service": "Restaurants_1", "slots": []}], "speaker": "SYSTEM", "utterance": "Have a fantastic day."}]}, {"dialogue_id": "77_00002", "services": ["Services_1", "Restaurants_1"], "turns": [{"frames": [{"actions": [{"act": "INFORM", "canonical_values": ["San Carlos"], "slot": "city", "values": ["San Carlos"]}, {"act": "INFORM", "canonical_values": ["True"], "slot": "is_unisex", "values": ["True"]}, {"act": "INFORM_INTENT", "canonical_values": ["FindProvider"], "slot": "intent", "values": ["FindProvider"]}], "service": "Services_1", "slots": [{"exclusive_end": 44, "slot": "city", "start": 34}], "state": {"active_intent": "FindProvider", "requested_slots": [], "slot_values": {"city": ["San Carlos"], "is_unisex": ["True"]}}}], "speaker": "USER", "utterance": "I'm looking for a unisex salon in San Carlos."}, {"frames": [{"actions": [{"act": "OFFER", "canonical_values": ["Sasha Salon"], "slot": "stylist_name", "values": ["Sasha Salon"]}, {"act": "OFFER", "canonical_values": ["San Carlos"], "slot": "city", "values": ["San Carlos"]}, {"act": "INFORM_COUNT", "canonical_values": ["2"], "slot": "count", "values": ["2"]}], "service": "Services_1", "service_call": {"method": "FindProvider", "parameters": {"city": "San Carlos", "is_unisex": "True"}}, "service_results": [{"average_rating": "4.90", "city": "San Carlos", "is_unisex": "True", "phone_number": "650-394-8080", "street_address": "58 El Camino Real", "stylist_name": "Sasha Salon"}, {"average_rating": "4.10", "city": "San Carlos", "is_unisex": "True", "phone_number": "650-592-6075", "street_address": "1321 Laurel Street A", "stylist_name": "Today'S Haircuts"}], "slots": [{"exclusive_end": 35, "slot": "stylist_name", "start": 24}, {"exclusive_end": 52, "slot": "city", "start": 42}]}], "speaker": "SYSTEM", "utterance": "I found 2 possibilties. Sasha Salon is in San Carlos."}, {"frames": [{"actions": [{"act": "REQUEST", "canonical_values": [], "slot": "average_rating", "values": []}, {"act": "REQUEST", "canonical_values": [], "slot": "street_address", "values": []}], "service": "Services_1", "slots": [], "state": {"active_intent": "FindProvider", "requested_slots": ["average_rating", "street_address"], "slot_values": {"city": ["San Carlos"], "is_unisex": ["True"]}}}], "speaker": "USER", "utterance": "What is the average rating there? And their address?"}, {"frames": [{"actions": [{"act": "INFORM", "canonical_values": ["4.90"], "slot": "average_rating", "values": ["4.9"]}, {"act": "INFORM", "canonical_values": ["58 El Camino Real"], "slot": "street_address", "values": ["58 El Camino Real"]}], "service": "Services_1", "slots": [{"exclusive_end": 31, "slot": "average_rating", "start": 28}, {"exclusive_end": 67, "slot": "street_address", "start": 50}]}], "speaker": "SYSTEM", "utterance": "It has an average rating of 4.9 and is located at 58 El Camino Real."}, {"frames": [{"actions": [{"act": "SELECT", "canonical_values": [], "slot": "", "values": []}], "service": "Services_1", "slots": [], "state": {"active_intent": "FindProvider", "requested_slots": [], "slot_values": {"city": ["San Carlos"], "is_unisex": ["True"], "stylist_name": ["Sasha Salon"]}}}], "speaker": "USER", "utterance": "Yeah, that sounds good."}, {"frames": [{"actions": [{"act": "OFFER_INTENT", "canonical_values": ["BookAppointment"], "slot": "intent", "values": ["BookAppointment"]}], "service": "Services_1", "slots": []}], "speaker": "SYSTEM", "utterance": "Do you want to go ahead and book an appointment?"}, {"frames": [{"actions": [{"act": "AFFIRM_INTENT", "canonical_values": [], "slot": "", "values": []}], "service": "Services_1", "slots": [], "state": {"active_intent": "BookAppointment", "requested_slots": [], "slot_values": {"city": ["San Carlos"], "is_unisex": ["True"], "stylist_name": ["Sasha Salon"]}}}], "speaker": "USER", "utterance": "Yes, please."}, {"frames": [{"actions": [{"act": "REQUEST", "canonical_values": [], "slot": "appointment_date", "values": []}, {"act": "REQUEST", "canonical_values": [], "slot": "appointment_time", "values": []}], "service": "Services_1", "slots": []}], "speaker": "SYSTEM", "utterance": "What date and time would you like me to make it for?"}, {"frames": [{"actions": [{"act": "INFORM", "canonical_values": ["17:00"], "slot": "appointment_time", "values": ["5 pm"]}, {"act": "INFORM", "canonical_values": ["2019-03-14"], "slot": "appointment_date", "values": ["March 14th"]}], "service": "Services_1", "slots": [{"exclusive_end": 28, "slot": "appointment_time", "start": 24}, {"exclusive_end": 20, "slot": "appointment_date", "start": 10}], "state": {"active_intent": "BookAppointment", "requested_slots": [], "slot_values": {"appointment_date": ["March 14th"], "appointment_time": ["5 pm"], "city": ["San Carlos"], "is_unisex": ["True"], "stylist_name": ["Sasha Salon"]}}}], "speaker": "USER", "utterance": "How about March 14th at 5 pm."}, {"frames": [{"actions": [{"act": "CONFIRM", "canonical_values": ["Sasha Salon"], "slot": "stylist_name", "values": ["Sasha Salon"]}, {"act": "CONFIRM", "canonical_values": ["17:00"], "slot": "appointment_time", "values": ["5 pm"]}, {"act": "CONFIRM", "canonical_values": ["2019-03-14"], "slot": "appointment_date", "values": ["March 14th"]}], "service": "Services_1", "slots": [{"exclusive_end": 78, "slot": "stylist_name", "start": 67}, {"exclusive_end": 100, "slot": "appointment_time", "start": 96}, {"exclusive_end": 92, "slot": "appointment_date", "start": 82}]}], "speaker": "SYSTEM", "utterance": "Please confirm the following: You'd like to book an appointment at Sasha Salon on March 14th at 5 pm."}, {"frames": [{"actions": [{"act": "AFFIRM", "canonical_values": [], "slot": "", "values": []}], "service": "Services_1", "slots": [], "state": {"active_intent": "BookAppointment", "requested_slots": [], "slot_values": {"appointment_date": ["March 14th"], "appointment_time": ["5 pm"], "city": ["San Carlos"], "is_unisex": ["True"], "stylist_name": ["Sasha Salon"]}}}], "speaker": "USER", "utterance": "Yes, please."}, {"frames": [{"actions": [{"act": "NOTIFY_SUCCESS", "canonical_values": [], "slot": "", "values": []}], "service": "Services_1", "service_call": {"method": "BookAppointment", "parameters": {"appointment_date": "2019-03-14", "appointment_time": "17:00", "stylist_name": "Sasha Salon"}}, "service_results": [{"appointment_date": "2019-03-14", "appointment_time": "17:00", "average_rating": "4.90", "is_unisex": "True", "phone_number": "650-394-8080", "street_address": "58 El Camino Real", "stylist_name": "Sasha Salon"}], "slots": []}], "speaker": "SYSTEM", "utterance": "Your appointment has been confirmed."}, {"frames": [{"actions": [{"act": "INFORM", "canonical_values": ["moderate"], "slot": "price_range", "values": ["moderate"]}, {"act": "INFORM_INTENT", "canonical_values": ["FindRestaurants"], "slot": "intent", "values": ["FindRestaurants"]}], "service": "Restaurants_1", "slots": [], "state": {"active_intent": "FindRestaurants", "requested_slots": [], "slot_values": {"city": ["San Carlos"], "price_range": ["moderate"]}}}], "speaker": "USER", "utterance": "I'm also looking for a restaurant around there, intermediate priced."}, {"frames": [{"actions": [{"act": "REQUEST", "canonical_values": [], "slot": "cuisine", "values": []}], "service": "Restaurants_1", "slots": []}], "speaker": "SYSTEM", "utterance": "What kind of food would you like?"}, {"frames": [{"actions": [{"act": "INFORM", "canonical_values": ["Asian"], "slot": "cuisine", "values": ["Oriental"]}], "service": "Restaurants_1", "slots": [{"exclusive_end": 24, "slot": "cuisine", "start": 16}], "state": {"active_intent": "FindRestaurants", "requested_slots": [], "slot_values": {"city": ["San Carlos"], "cuisine": ["Oriental"], "price_range": ["moderate"]}}}], "speaker": "USER", "utterance": "I'm looking for Oriental food."}, {"frames": [{"actions": [{"act": "OFFER", "canonical_values": ["Red Hot Chilli Pepper"], "slot": "restaurant_name", "values": ["Red Hot Chilli Pepper"]}, {"act": "OFFER", "canonical_values": ["San Carlos"], "slot": "city", "values": ["San Carlos"]}], "service": "Restaurants_1", "service_call": {"method": "FindRestaurants", "parameters": {"city": "San Carlos", "cuisine": "Asian", "price_range": "moderate"}}, "service_results": [{"city": "San Carlos", "cuisine": "Asian", "has_live_music": "False", "phone_number": "650-453-3055", "price_range": "moderate", "restaurant_name": "Red Hot Chilli Pepper", "serves_alcohol": "False", "street_address": "1125 San Carlos Avenue"}], "slots": [{"exclusive_end": 21, "slot": "restaurant_name", "start": 0}, {"exclusive_end": 38, "slot": "city", "start": 28}]}], "speaker": "SYSTEM", "utterance": "Red Hot Chilli Pepper is in San Carlos."}, {"frames": [{"actions": [{"act": "SELECT", "canonical_values": [], "slot": "", "values": []}], "service": "Restaurants_1", "slots": [], "state": {"active_intent": "FindRestaurants", "requested_slots": [], "slot_values": {"city": ["San Carlos"], "cuisine": ["Oriental"], "price_range": ["moderate"], "restaurant_name": ["Red Hot Chilli Pepper"]}}}], "speaker": "USER", "utterance": "Yes that works just fine."}, {"frames": [{"actions": [{"act": "OFFER_INTENT", "canonical_values": ["ReserveRestaurant"], "slot": "intent", "values": ["ReserveRestaurant"]}], "service": "Restaurants_1", "slots": []}], "speaker": "SYSTEM", "utterance": "Would you like to go ahead and reserve a table?"}, {"frames": [{"actions": [{"act": "AFFIRM_INTENT", "canonical_values": [], "slot": "", "values": []}], "service": "Restaurants_1", "slots": [], "state": {"active_intent": "ReserveRestaurant", "requested_slots": [], "slot_values": {"city": ["San Carlos"], "cuisine": ["Oriental"], "date": ["March 14th"], "price_range": ["moderate"], "restaurant_name": ["Red Hot Chilli Pepper"]}}}], "speaker": "USER", "utterance": "Yes, let's do that."}, {"frames": [{"actions": [{"act": "REQUEST", "canonical_values": [], "slot": "time", "values": []}], "service": "Restaurants_1", "slots": []}], "speaker": "SYSTEM", "utterance": "What time would you like it for?"}, {"frames": [{"actions": [{"act": "INFORM", "canonical_values": ["19:00"], "slot": "time", "values": ["7 pm"]}], "service": "Restaurants_1", "slots": [{"exclusive_end": 16, "slot": "time", "start": 12}], "state": {"active_intent": "ReserveRestaurant", "requested_slots": [], "slot_values": {"city": ["San Carlos"], "cuisine": ["Oriental"], "date": ["March 14th"], "price_range": ["moderate"], "restaurant_name": ["Red Hot Chilli Pepper"], "time": ["7 pm"]}}}], "speaker": "USER", "utterance": "Make it for 7 pm."}, {"frames": [{"actions": [{"act": "CONFIRM", "canonical_values": ["Red Hot Chilli Pepper"], "slot": "restaurant_name", "values": ["Red Hot Chilli Pepper"]}, {"act": "CONFIRM", "canonical_values": ["San Carlos"], "slot": "city", "values": ["San Carlos"]}, {"act": "CONFIRM", "canonical_values": ["19:00"], "slot": "time", "values": ["7 pm"]}, {"act": "CONFIRM", "canonical_values": ["2019-03-14"], "slot": "date", "values": ["march 14th"]}, {"act": "CONFIRM", "canonical_values": ["2"], "slot": "party_size", "values": ["2"]}], "service": "Restaurants_1", "slots": [{"exclusive_end": 79, "slot": "restaurant_name", "start": 58}, {"exclusive_end": 93, "slot": "city", "start": 83}, {"exclusive_end": 115, "slot": "time", "start": 111}, {"exclusive_end": 107, "slot": "date", "start": 97}]}], "speaker": "SYSTEM", "utterance": "Please confirm the following. You'd like a table for 2 at Red Hot Chilli Pepper in San Carlos on march 14th at 7 pm."}, {"frames": [{"actions": [{"act": "REQUEST", "canonical_values": [], "slot": "phone_number", "values": []}, {"act": "REQUEST", "canonical_values": [], "slot": "serves_alcohol", "values": []}, {"act": "AFFIRM", "canonical_values": [], "slot": "", "values": []}], "service": "Restaurants_1", "slots": [], "state": {"active_intent": "ReserveRestaurant", "requested_slots": ["phone_number", "serves_alcohol"], "slot_values": {"city": ["San Carlos"], "cuisine": ["Oriental"], "date": ["March 14th", "march 14th"], "party_size": ["2"], "price_range": ["moderate"], "restaurant_name": ["Red Hot Chilli Pepper"], "time": ["7 pm"]}}}], "speaker": "USER", "utterance": "Yes, that works for me. What's the contact number? And do they have alcohol?"}, {"frames": [{"actions": [{"act": "INFORM", "canonical_values": ["False"], "slot": "serves_alcohol", "values": ["False"]}, {"act": "INFORM", "canonical_values": ["650-453-3055"], "slot": "phone_number", "values": ["650-453-3055"]}, {"act": "NOTIFY_SUCCESS", "canonical_values": [], "slot": "", "values": []}], "service": "Restaurants_1", "service_call": {"method": "ReserveRestaurant", "parameters": {"city": "San Carlos", "date": "2019-03-14", "party_size": "2", "restaurant_name": "Red Hot Chilli Pepper", "time": "19:00"}}, "service_results": [{"city": "San Carlos", "cuisine": "Asian", "date": "2019-03-14", "has_live_music": "False", "party_size": "2", "phone_number": "650-453-3055", "price_range": "moderate", "restaurant_name": "Red Hot Chilli Pepper", "serves_alcohol": "False", "street_address": "1125 San Carlos Avenue", "time": "18:30"}], "slots": [{"exclusive_end": 81, "slot": "phone_number", "start": 69}]}], "speaker": "SYSTEM", "utterance": "You reservation is complete. They do not have alcohol. The number is 650-453-3055."}, {"frames": [{"actions": [{"act": "THANK_YOU", "canonical_values": [], "slot": "", "values": []}, {"act": "GOODBYE", "canonical_values": [], "slot": "", "values": []}], "service": "Restaurants_1", "slots": [], "state": {"active_intent": "ReserveRestaurant", "requested_slots": [], "slot_values": {"city": ["San Carlos"], "cuisine": ["Oriental"], "date": ["March 14th", "march 14th"], "party_size": ["2"], "price_range": ["moderate"], "restaurant_name": ["Red Hot Chilli Pepper"], "time": ["7 pm"]}}}], "speaker": "USER", "utterance": "Thanks so much. That's all I was needing."}, {"frames": [{"actions": [{"act": "GOODBYE", "canonical_values": [], "slot": "", "values": []}], "service": "Restaurants_1", "slots": []}], "speaker": "SYSTEM", "utterance": "Enjoy your day."}]}, {"dialogue_id": "77_00003", "services": ["Services_1", "Restaurants_1"], "turns": [{"frames": [{"actions": [{"act": "INFORM", "canonical_values": ["San Francisco"], "slot": "city", "values": ["sf"]}, {"act": "INFORM_INTENT", "canonical_values": ["FindProvider"], "slot": "intent", "values": ["FindProvider"]}], "service": "Services_1", "slots": [{"exclusive_end": 30, "slot": "city", "start": 28}], "state": {"active_intent": "FindProvider", "requested_slots": [], "slot_values": {"city": ["sf"]}}}], "speaker": "USER", "utterance": "i am looking for a salon in sf"}, {"frames": [{"actions": [{"act": "OFFER", "canonical_values": ["1512 Barber Shop"], "slot": "stylist_name", "values": ["1512 barber shop"]}, {"act": "OFFER", "canonical_values": ["San Francisco"], "slot": "city", "values": ["san francisco"]}, {"act": "INFORM_COUNT", "canonical_values": ["10"], "slot": "count", "values": ["10"]}], "service": "Services_1", "service_call": {"method": "FindProvider", "parameters": {"city": "San Francisco"}}, "service_results": [{"average_rating": "4.80", "city": "San Francisco", "is_unisex": "True", "phone_number": "415-286-4371", "street_address": "1532 20th Street", "stylist_name": "1512 Barber Shop"}, {"average_rating": "4.50", "city": "San Francisco", "is_unisex": "True", "phone_number": "415-824-1335", "street_address": "2737 20th Street", "stylist_name": "20Th Salon And Barber"}, {"average_rating": "3.90", "city": "San Francisco", "is_unisex": "True", "phone_number": "415-788-4936", "street_address": "44 Montgomery Street #30", "stylist_name": "A Businessman'S Haircut"}, {"average_rating": "4.40", "city": "San Francisco", "is_unisex": "True", "phone_number": "415-296-9212", "street_address": "310 Sutter Street 4th floor", "stylist_name": "Alcheme Salon"}, {"average_rating": "5.00", "city": "San Francisco", "is_unisex": "True", "phone_number": "415-445-9373", "street_address": "333 Bush Street Suite #104", "stylist_name": "Alexander G."}, {"average_rating": "4.40", "city": "San Francisco", "is_unisex": "True", "phone_number": "415-587-5003", "street_address": "949 Geneva Avenue", "stylist_name": "Amazon Barber Shop"}, {"average_rating": "4.40", "city": "San Francisco", "is_unisex": "True", "phone_number": "415-956-4049", "street_address": "140 Sutter Street", "stylist_name": "Arcade Barber Shop"}, {"average_rating": "5.00", "city": "San Francisco", "is_unisex": "False", "phone_number": "415-433-3334", "street_address": "33 Grant Avenue", "stylist_name": "Archer Salon"}, {"average_rating": "4.90", "city": "San Francisco", "is_unisex": "True", "phone_number": "415-658-7469", "street_address": "1041 Guerrero Street", "stylist_name": "Arrow Salon"}, {"average_rating": "4.80", "city": "San Francisco", "is_unisex": "True", "phone_number": "415-501-0338", "street_address": "2, 1996 Union Street", "stylist_name": "Arthur Sebastian Hair Salon"}], "slots": [{"exclusive_end": 62, "slot": "stylist_name", "start": 46}, {"exclusive_end": 33, "slot": "city", "start": 20}]}], "speaker": "SYSTEM", "utterance": "i found 10 salon in san francisco. what about 1512 barber shop"}, {"frames": [{"actions": [{"act": "REQUEST", "canonical_values": [], "slot": "street_address", "values": []}], "service": "Services_1", "slots": [], "state": {"active_intent": "FindProvider", "requested_slots": ["street_address"], "slot_values": {"city": ["san francisco", "sf"]}}}], "speaker": "USER", "utterance": "what is their address"}, {"frames": [{"actions": [{"act": "INFORM", "canonical_values": ["1532 20th Street"], "slot": "street_address", "values": ["1532 20th street"]}], "service": "Services_1", "slots": [{"exclusive_end": 33, "slot": "street_address", "start": 17}]}], "speaker": "SYSTEM", "utterance": "their address is 1532 20th street"}, {"frames": [{"actions": [{"act": "REQUEST_ALTS", "canonical_values": [], "slot": "", "values": []}], "service": "Services_1", "slots": [], "state": {"active_intent": "FindProvider", "requested_slots": [], "slot_values": {"city": ["san francisco", "sf"]}}}], "speaker": "USER", "utterance": "what else can you find"}, {"frames": [{"actions": [{"act": "OFFER", "canonical_values": ["20Th Salon And Barber"], "slot": "stylist_name", "values": ["20th salon and barber"]}, {"act": "OFFER", "canonical_values": ["San Francisco"], "slot": "city", "values": ["san francisco"]}], "service": "Services_1", "slots": [{"exclusive_end": 32, "slot": "stylist_name", "start": 11}, {"exclusive_end": 49, "slot": "city", "start": 36}]}], "speaker": "SYSTEM", "utterance": "what about 20th salon and barber in san francisco"}, {"frames": [{"actions": [{"act": "SELECT", "canonical_values": [], "slot": "", "values": []}], "service": "Services_1", "slots": [], "state": {"active_intent": "FindProvider", "requested_slots": [], "slot_values": {"city": ["san francisco", "sf"], "stylist_name": ["20th salon and barber"]}}}], "speaker": "USER", "utterance": "ok perfect"}, {"frames": [{"actions": [{"act": "OFFER_INTENT", "canonical_values": ["BookAppointment"], "slot": "intent", "values": ["BookAppointment"]}], "service": "Services_1", "slots": []}], "speaker": "SYSTEM", "utterance": "do you want me to book an appointment"}, {"frames": [{"actions": [{"act": "AFFIRM_INTENT", "canonical_values": [], "slot": "", "values": []}, {"act": "INFORM", "canonical_values": ["13:30"], "slot": "appointment_time", "values": ["1:30 in the afternoon"]}, {"act": "INFORM", "canonical_values": ["2019-03-12"], "slot": "appointment_date", "values": ["the 12th"]}], "service": "Services_1", "slots": [{"exclusive_end": 55, "slot": "appointment_time", "start": 34}, {"exclusive_end": 30, "slot": "appointment_date", "start": 22}], "state": {"active_intent": "BookAppointment", "requested_slots": [], "slot_values": {"appointment_date": ["the 12th"], "appointment_time": ["1:30 in the afternoon"], "city": ["san francisco", "sf"], "stylist_name": ["20th salon and barber"]}}}], "speaker": "USER", "utterance": "yes please book it on the 12th at 1:30 in the afternoon"}, {"frames": [{"actions": [{"act": "CONFIRM", "canonical_values": ["20Th Salon And Barber"], "slot": "stylist_name", "values": ["20th salon and barber"]}, {"act": "CONFIRM", "canonical_values": ["13:30"], "slot": "appointment_time", "values": ["1:30 pm"]}, {"act": "CONFIRM", "canonical_values": ["2019-03-12"], "slot": "appointment_date", "values": ["march 12th"]}], "service": "Services_1", "slots": [{"exclusive_end": 54, "slot": "stylist_name", "start": 33}, {"exclusive_end": 79, "slot": "appointment_time", "start": 72}, {"exclusive_end": 68, "slot": "appointment_date", "start": 58}]}], "speaker": "SYSTEM", "utterance": "please confirm your booking with 20th salon and barber on march 12th at 1:30 pm"}, {"frames": [{"actions": [{"act": "AFFIRM", "canonical_values": [], "slot": "", "values": []}], "service": "Services_1", "slots": [], "state": {"active_intent": "BookAppointment", "requested_slots": [], "slot_values": {"appointment_date": ["march 12th", "the 12th"], "appointment_time": ["1:30 in the afternoon", "1:30 pm"], "city": ["san francisco", "sf"], "stylist_name": ["20th salon and barber"]}}}], "speaker": "USER", "utterance": "yes please"}, {"frames": [{"actions": [{"act": "NOTIFY_SUCCESS", "canonical_values": [], "slot": "", "values": []}], "service": "Services_1", "service_call": {"method": "BookAppointment", "parameters": {"appointment_date": "2019-03-12", "appointment_time": "13:30", "stylist_name": "20Th Salon And Barber"}}, "service_results": [{"appointment_date": "2019-03-12", "appointment_time": "13:30", "average_rating": "4.50", "is_unisex": "True", "phone_number": "415-824-1335", "street_address": "2737 20th Street", "stylist_name": "20Th Salon And Barber"}], "slots": []}], "speaker": "SYSTEM", "utterance": "your appointment is booked"}, {"frames": [{"actions": [{"act": "THANK_YOU", "canonical_values": [], "slot": "", "values": []}], "service": "Services_1", "slots": [], "state": {"active_intent": "BookAppointment", "requested_slots": [], "slot_values": {"appointment_date": ["march 12th", "the 12th"], "appointment_time": ["1:30 in the afternoon", "1:30 pm"], "city": ["san francisco", "sf"], "stylist_name": ["20th salon and barber"]}}}, {"actions": [{"act": "INFORM_INTENT", "canonical_values": ["FindRestaurants"], "slot": "intent", "values": ["FindRestaurants"]}], "service": "Restaurants_1", "slots": [], "state": {"active_intent": "FindRestaurants", "requested_slots": [], "slot_values": {"city": ["san francisco", "sf"]}}}], "speaker": "USER", "utterance": "thank you. i also looking for a restaurant"}, {"frames": [{"actions": [{"act": "REQUEST", "canonical_values": ["Indian", "Italian"], "slot": "cuisine", "values": ["indian", "italian"]}], "service": "Restaurants_1", "slots": [{"exclusive_end": 29, "slot": "cuisine", "start": 23}, {"exclusive_end": 19, "slot": "cuisine", "start": 12}]}], "speaker": "SYSTEM", "utterance": "do you like italian or indian"}, {"frames": [{"actions": [{"act": "INFORM", "canonical_values": ["Italian"], "slot": "cuisine", "values": ["pizza"]}], "service": "Restaurants_1", "slots": [{"exclusive_end": 17, "slot": "cuisine", "start": 12}], "state": {"active_intent": "FindRestaurants", "requested_slots": [], "slot_values": {"city": ["san francisco", "sf"], "cuisine": ["italian", "pizza"]}}}], "speaker": "USER", "utterance": "i want soem pizza"}, {"frames": [{"actions": [{"act": "OFFER", "canonical_values": ["54 Mint Ristorante Italiano"], "slot": "restaurant_name", "values": ["54 mint ristorante italiano"]}, {"act": "OFFER", "canonical_values": ["San Francisco"], "slot": "city", "values": ["san francisco"]}, {"act": "INFORM_COUNT", "canonical_values": ["10"], "slot": "count", "values": ["10"]}], "service": "Restaurants_1", "service_call": {"method": "FindRestaurants", "parameters": {"city": "San Francisco", "cuisine": "Italian"}}, "service_results": [{"city": "San Francisco", "cuisine": "Italian", "has_live_music": "False", "phone_number": "415-543-5100", "price_range": "moderate", "restaurant_name": "54 Mint Ristorante Italiano", "serves_alcohol": "True", "street_address": "16 Mint Plaza"}, {"city": "San Francisco", "cuisine": "Italian", "has_live_music": "False", "phone_number": "415-771-2216", "price_range": "moderate", "restaurant_name": "A16", "serves_alcohol": "True", "street_address": "2355 Chestnut Street"}, {"city": "San Francisco", "cuisine": "Italian", "has_live_music": "False", "phone_number": "415-292-3699", "price_range": "expensive", "restaurant_name": "Ala Romana", "serves_alcohol": "True", "street_address": "1098 Jackson Street"}, {"city": "San Francisco", "cuisine": "Italian", "has_live_music": "False", "phone_number": "415-928-4002", "price_range": "moderate", "restaurant_name": "Allegro Romano", "serves_alcohol": "False", "street_address": "1701 Jones Street"}, {"city": "San Francisco", "cuisine": "Italian", "has_live_music": "False", "phone_number": "415-834-5766", "price_range": "moderate", "restaurant_name": "Altovino", "serves_alcohol": "False", "street_address": "1358 Mason Street"}, {"city": "San Francisco", "cuisine": "Italian", "has_live_music": "False", "phone_number": "415-447-0441", "price_range": "moderate", "restaurant_name": "Amarena", "serves_alcohol": "False", "street_address": "2162 Larkin Street"}, {"city": "San Francisco", "cuisine": "Italian", "has_live_music": "False", "phone_number": "415-278-3777", "price_range": "moderate", "restaurant_name": "Americano", "serves_alcohol": "False", "street_address": "8 Mission St"}, {"city": "San Francisco", "cuisine": "Italian", "has_live_music": "False", "phone_number": "415-282-4969", "price_range": "moderate", "restaurant_name": "Bacco", "serves_alcohol": "True", "street_address": "737 Diamond Street"}, {"city": "San Francisco", "cuisine": "Italian", "has_live_music": "False", "phone_number": "415-955-1919", "price_range": "moderate", "restaurant_name": "Barbacco", "serves_alcohol": "False", "street_address": "220 California Street"}, {"city": "San Francisco", "cuisine": "Italian", "has_live_music": "False", "phone_number": "415-986-8887", "price_range": "moderate", "restaurant_name": "Belden Taverna", "serves_alcohol": "True", "street_address": "52 Belden Place"}], "slots": [{"exclusive_end": 86, "slot": "restaurant_name", "start": 59}, {"exclusive_end": 46, "slot": "city", "start": 33}]}], "speaker": "SYSTEM", "utterance": "there are 10 pizza restaurant in san francisco. what about 54 mint ristorante italiano"}, {"frames": [{"actions": [{"act": "INFORM", "canonical_values": ["expensive"], "slot": "price_range", "values": ["expensive"]}, {"act": "REQUEST_ALTS", "canonical_values": [], "slot": "", "values": []}], "service": "Restaurants_1", "slots": [], "state": {"active_intent": "FindRestaurants", "requested_slots": [], "slot_values": {"city": ["san francisco", "sf"], "cuisine": ["italian", "pizza"], "price_range": ["expensive"]}}}], "speaker": "USER", "utterance": "what else can you find? i want something costly"}, {"frames": [{"actions": [{"act": "OFFER", "canonical_values": ["Ala Romana"], "slot": "restaurant_name", "values": ["ala romana"]}, {"act": "OFFER", "canonical_values": ["San Francisco"], "slot": "city", "values": ["san francisco"]}, {"act": "INFORM_COUNT", "canonical_values": ["10"], "slot": "count", "values": ["10"]}], "service": "Restaurants_1", "service_call": {"method": "FindRestaurants", "parameters": {"city": "San Francisco", "cuisine": "Italian", "price_range": "expensive"}}, "service_results": [{"city": "San Francisco", "cuisine": "Italian", "has_live_music": "False", "phone_number": "415-292-3699", "price_range": "expensive", "restaurant_name": "Ala Romana", "serves_alcohol": "True", "street_address": "1098 Jackson Street"}, {"city": "San Francisco", "cuisine": "Italian", "has_live_music": "False", "phone_number": "415-416-6959", "price_range": "expensive", "restaurant_name": "Che Fico", "serves_alcohol": "False", "street_address": "838 Divisadero Street"}, {"city": "San Francisco", "cuisine": "Italian", "has_live_music": "False", "phone_number": "415-362-6012", "price_range": "expensive", "restaurant_name": "Chiaroscuro", "serves_alcohol": "True", "street_address": "550 Washington Street"}, {"city": "San Francisco", "cuisine": "Italian", "has_live_music": "False", "phone_number": "415-775-8508", "price_range": "expensive", "restaurant_name": "Cotogna", "serves_alcohol": "False", "street_address": "490 Pacific Avenue"}, {"city": "San Francisco", "cuisine": "Italian", "has_live_music": "False", "phone_number": "415-981-4664", "price_range": "expensive", "restaurant_name": "Da Flora", "serves_alcohol": "False", "street_address": "701 Columbus Avenue"}, {"city": "San Francisco", "cuisine": "Italian", "has_live_music": "True", "phone_number": "415-986-1886", "price_range": "expensive", "restaurant_name": "Fior D'italia", "serves_alcohol": "True", "street_address": "2237 Mason Street"}, {"city": "San Francisco", "cuisine": "Italian", "has_live_music": "False", "phone_number": "415-928-1983", "price_range": "expensive", "restaurant_name": "Frascati", "serves_alcohol": "False", "street_address": "1901 Hyde Street"}, {"city": "San Francisco", "cuisine": "Italian", "has_live_music": "False", "phone_number": "415-550-8114", "price_range": "expensive", "restaurant_name": "La Ciccia", "serves_alcohol": "False", "street_address": "291 30th Street"}, {"city": "San Francisco", "cuisine": "Italian", "has_live_music": "False", "phone_number": "415-863-6800", "price_range": "expensive", "restaurant_name": "Locanda", "serves_alcohol": "True", "street_address": "557 Valencia Street"}, {"city": "San Francisco", "cuisine": "Italian", "has_live_music": "False", "phone_number": "415-421-4489", "price_range": "expensive", "restaurant_name": "North Beach Restaurant", "serves_alcohol": "False", "street_address": "1512 Stockton Street"}], "slots": [{"exclusive_end": 68, "slot": "restaurant_name", "start": 58}, {"exclusive_end": 45, "slot": "city", "start": 32}]}], "speaker": "SYSTEM", "utterance": "i found 10 costly restaurant in san francisco. what about ala romana"}, {"frames": [{"actions": [{"act": "REQUEST", "canonical_values": [], "slot": "street_address", "values": []}], "service": "Restaurants_1", "slots": [], "state": {"active_intent": "FindRestaurants", "requested_slots": ["street_address"], "slot_values": {"city": ["san francisco", "sf"], "cuisine": ["italian", "pizza"], "price_range": ["expensive"]}}}], "speaker": "USER", "utterance": "what is the address"}, {"frames": [{"actions": [{"act": "INFORM", "canonical_values": ["1098 Jackson Street"], "slot": "street_address", "values": ["1098 jackson street"]}], "service": "Restaurants_1", "slots": [{"exclusive_end": 36, "slot": "street_address", "start": 17}]}], "speaker": "SYSTEM", "utterance": "their address is 1098 jackson street"}, {"frames": [{"actions": [{"act": "INFORM", "canonical_values": ["2"], "slot": "party_size", "values": ["2"]}, {"act": "INFORM", "canonical_values": ["11:15"], "slot": "time", "values": ["11:15"]}, {"act": "INFORM_INTENT", "canonical_values": ["ReserveRestaurant"], "slot": "intent", "values": ["ReserveRestaurant"]}, {"act": "SELECT", "canonical_values": [], "slot": "", "values": []}], "service": "Restaurants_1", "slots": [{"exclusive_end": 53, "slot": "time", "start": 48}], "state": {"active_intent": "ReserveRestaurant", "requested_slots": [], "slot_values": {"city": ["san francisco", "sf"], "cuisine": ["italian", "pizza"], "date": ["march 12th", "the 12th"], "party_size": ["2"], "price_range": ["expensive"], "restaurant_name": ["ala romana"], "time": ["11:15"]}}}], "speaker": "USER", "utterance": "yes please make a reservation for two people at 11:15"}, {"frames": [{"actions": [{"act": "CONFIRM", "canonical_values": ["Ala Romana"], "slot": "restaurant_name", "values": ["ala romana"]}, {"act": "CONFIRM", "canonical_values": ["San Francisco"], "slot": "city", "values": ["san francisco"]}, {"act": "CONFIRM", "canonical_values": ["11:15"], "slot": "time", "values": ["11:15 am"]}, {"act": "CONFIRM", "canonical_values": ["2019-03-12"], "slot": "date", "values": ["march 12th"]}, {"act": "CONFIRM", "canonical_values": ["2"], "slot": "party_size", "values": ["2"]}], "service": "Restaurants_1", "slots": [{"exclusive_end": 60, "slot": "restaurant_name", "start": 50}, {"exclusive_end": 77, "slot": "city", "start": 64}, {"exclusive_end": 103, "slot": "time", "start": 95}, {"exclusive_end": 91, "slot": "date", "start": 81}]}], "speaker": "SYSTEM", "utterance": "please confirm your reservation for 2 people with ala romana in san francisco on march 12th at 11:15 am"}, {"frames": [{"actions": [{"act": "REQUEST", "canonical_values": [], "slot": "phone_number", "values": []}, {"act": "REQUEST", "canonical_values": [], "slot": "serves_alcohol", "values": []}, {"act": "AFFIRM", "canonical_values": [], "slot": "", "values": []}], "service": "Restaurants_1", "slots": [], "state": {"active_intent": "ReserveRestaurant", "requested_slots": ["phone_number", "serves_alcohol"], "slot_values": {"city": ["san francisco", "sf"], "cuisine": ["italian", "pizza"], "date": ["march 12th", "the 12th"], "party_size": ["2"], "price_range": ["expensive"], "restaurant_name": ["ala romana"], "time": ["11:15", "11:15 am"]}}}], "speaker": "USER", "utterance": "yes please. do they have liquor. what is their number"}, {"frames": [{"actions": [{"act": "INFORM", "canonical_values": ["True"], "slot": "serves_alcohol", "values": ["True"]}, {"act": "INFORM", "canonical_values": ["415-292-3699"], "slot": "phone_number", "values": ["415-292-3699"]}, {"act": "OFFER", "canonical_values": ["Ala Romana"], "slot": "restaurant_name", "values": ["Ala romana"]}, {"act": "OFFER", "canonical_values": ["2"], "slot": "party_size", "values": ["2"]}, {"act": "OFFER", "canonical_values": ["2019-03-12"], "slot": "date", "values": ["march 12th"]}, {"act": "OFFER", "canonical_values": ["11:00"], "slot": "time", "values": ["11 am"]}, {"act": "NOTIFY_FAILURE", "canonical_values": [], "slot": "", "values": []}], "service": "Restaurants_1", "service_call": {"method": "ReserveRestaurant", "parameters": {"city": "San Francisco", "date": "2019-03-12", "party_size": "2", "restaurant_name": "Ala Romana", "time": "11:15"}}, "service_results": [{"city": "San Francisco", "cuisine": "Italian", "date": "2019-03-12", "has_live_music": "False", "party_size": "2", "phone_number": "415-292-3699", "price_range": "expensive", "restaurant_name": "Ala Romana", "serves_alcohol": "True", "street_address": "1098 Jackson Street", "time": "11:00"}], "slots": [{"exclusive_end": 51, "slot": "phone_number", "start": 39}, {"exclusive_end": 69, "slot": "restaurant_name", "start": 59}, {"exclusive_end": 112, "slot": "date", "start": 102}, {"exclusive_end": 121, "slot": "time", "start": 116}]}], "speaker": "SYSTEM", "utterance": "they do serve alcohol. Thier number is 415-292-3699. Sorry Ala romana is full for 2 people what about march 12th at 11 am"}, {"frames": [{"actions": [{"act": "NEGATE", "canonical_values": [], "slot": "", "values": []}], "service": "Restaurants_1", "slots": [], "state": {"active_intent": "ReserveRestaurant", "requested_slots": [], "slot_values": {"city": ["san francisco", "sf"], "cuisine": ["italian", "pizza"], "date": ["march 12th", "the 12th"], "party_size": ["2"], "price_range": ["expensive"], "restaurant_name": ["Ala romana", "ala romana"], "time": ["11:15", "11:15 am"]}}}], "speaker": "USER", "utterance": "nope"}, {"frames": [{"actions": [{"act": "REQ_MORE", "canonical_values": [], "slot": "", "values": []}], "service": "Restaurants_1", "slots": []}], "speaker": "SYSTEM", "utterance": "what else can i do for you"}, {"frames": [{"actions": [{"act": "NEGATE", "canonical_values": [], "slot": "", "values": []}, {"act": "THANK_YOU", "canonical_values": [], "slot": "", "values": []}], "service": "Restaurants_1", "slots": [], "state": {"active_intent": "NONE", "requested_slots": [], "slot_values": {"city": ["san francisco", "sf"], "cuisine": ["italian", "pizza"], "date": ["march 12th", "the 12th"], "party_size": ["2"], "price_range": ["expensive"], "restaurant_name": ["Ala romana", "ala romana"], "time": ["11:15", "11:15 am"]}}}], "speaker": "USER", "utterance": "no that's it"}, {"frames": [{"actions": [{"act": "GOODBYE", "canonical_values": [], "slot": "", "values": []}], "service": "Restaurants_1", "slots": []}], "speaker": "SYSTEM", "utterance": "have a nice day"}]}, {"dialogue_id": "77_00004", "services": ["Services_1", "Restaurants_1"], "turns": [{"frames": [{"actions": [{"act": "INFORM", "canonical_values": ["Oakland"], "slot": "city", "values": ["Oakland"]}, {"act": "INFORM", "canonical_values": ["True"], "slot": "is_unisex", "values": ["True"]}, {"act": "INFORM_INTENT", "canonical_values": ["FindProvider"], "slot": "intent", "values": ["FindProvider"]}], "service": "Services_1", "slots": [{"exclusive_end": 75, "slot": "city", "start": 68}], "state": {"active_intent": "FindProvider", "requested_slots": [], "slot_values": {"city": ["Oakland"], "is_unisex": ["True"]}}}], "speaker": "USER", "utterance": "I will need to get my hair done soon. Please find a unisex salon in Oakland."}, {"frames": [{"actions": [{"act": "OFFER", "canonical_values": ["17 Jewels Salon"], "slot": "stylist_name", "values": ["17 Jewels Salon"]}, {"act": "OFFER", "canonical_values": ["Oakland"], "slot": "city", "values": ["Oakland"]}, {"act": "INFORM_COUNT", "canonical_values": ["10"], "slot": "count", "values": ["10"]}], "service": "Services_1", "service_call": {"method": "FindProvider", "parameters": {"city": "Oakland", "is_unisex": "True"}}, "service_results": [{"average_rating": "4.70", "city": "Oakland", "is_unisex": "True", "phone_number": "510-653-1059", "street_address": "4801 Telegraph Avenue", "stylist_name": "17 Jewels Salon"}, {"average_rating": "5.00", "city": "Oakland", "is_unisex": "True", "phone_number": "510-227-4268", "street_address": "408 14th Street", "stylist_name": "Benny Adem Grooming Parlor"}, {"average_rating": "5.00", "city": "Oakland", "is_unisex": "True", "phone_number": "510-838-2426", "street_address": "2509 Broadway", "stylist_name": "Bibo Salon"}, {"average_rating": "4.20", "city": "Oakland", "is_unisex": "True", "phone_number": "510-451-1300", "street_address": "3342 Lakeshore Avenue", "stylist_name": "Bounce Blowdry Bar"}, {"average_rating": "4.90", "city": "Oakland", "is_unisex": "True", "phone_number": "510-834-8330", "street_address": "180 2nd Street #6", "stylist_name": "Charles Blades Barber Spa"}, {"average_rating": "4.70", "city": "Oakland", "is_unisex": "True", "phone_number": "510-365-4585", "street_address": "1707 Webster Street", "stylist_name": "Dax Lee'S Barber & Apothecary"}, {"average_rating": "4.80", "city": "Oakland", "is_unisex": "True", "phone_number": "510-788-6378", "street_address": "4928 Telegraph Avenue", "stylist_name": "Fig & Clover"}, {"average_rating": "4.90", "city": "Oakland", "is_unisex": "True", "phone_number": "510-332-9400", "street_address": "4287 Piedmont Avenue", "stylist_name": "Hairapy"}, {"average_rating": "4.40", "city": "Oakland", "is_unisex": "True", "phone_number": "510-594-6887", "street_address": "5030 Telegraph Avenue", "stylist_name": "Harper Paige Salon East"}, {"average_rating": "4.30", "city": "Oakland", "is_unisex": "True", "phone_number": "510-208-3449", "street_address": "3351 Grand Avenue", "stylist_name": "Jaujou Studio"}], "slots": [{"exclusive_end": 62, "slot": "stylist_name", "start": 47}, {"exclusive_end": 73, "slot": "city", "start": 66}]}], "speaker": "SYSTEM", "utterance": "There are 10 possible salons for you. There is 17 Jewels Salon in Oakland."}, {"frames": [{"actions": [{"act": "SELECT", "canonical_values": [], "slot": "", "values": []}], "service": "Services_1", "slots": [], "state": {"active_intent": "FindProvider", "requested_slots": [], "slot_values": {"city": ["Oakland"], "is_unisex": ["True"], "stylist_name": ["17 Jewels Salon"]}}}], "speaker": "USER", "utterance": "Sure, that one sounds good."}, {"frames": [{"actions": [{"act": "REQ_MORE", "canonical_values": [], "slot": "", "values": []}], "service": "Services_1", "slots": []}], "speaker": "SYSTEM", "utterance": "I there anything else I can help you with?"}, {"frames": [{"actions": [{"act": "INFORM", "canonical_values": ["15:00"], "slot": "appointment_time", "values": ["3 o\"clock in the afternoon"]}, {"act": "INFORM_INTENT", "canonical_values": ["BookAppointment"], "slot": "intent", "values": ["BookAppointment"]}], "service": "Services_1", "slots": [{"exclusive_end": 61, "slot": "appointment_time", "start": 35}], "state": {"active_intent": "BookAppointment", "requested_slots": [], "slot_values": {"appointment_time": ["3 o\"clock in the afternoon"], "city": ["Oakland"], "is_unisex": ["True"], "stylist_name": ["17 Jewels Salon"]}}}], "speaker": "USER", "utterance": "Yes, please book an appointment at 3 o\"clock in the afternoon."}, {"frames": [{"actions": [{"act": "REQUEST", "canonical_values": [], "slot": "appointment_date", "values": []}], "service": "Services_1", "slots": []}], "speaker": "SYSTEM", "utterance": "When do you want to book it for?"}, {"frames": [{"actions": [{"act": "INFORM", "canonical_values": ["2019-03-03"], "slot": "appointment_date", "values": ["3rd of March"]}], "service": "Services_1", "slots": [{"exclusive_end": 28, "slot": "appointment_date", "start": 16}], "state": {"active_intent": "BookAppointment", "requested_slots": [], "slot_values": {"appointment_date": ["3rd of March"], "appointment_time": ["3 o\"clock in the afternoon"], "city": ["Oakland"], "is_unisex": ["True"], "stylist_name": ["17 Jewels Salon"]}}}], "speaker": "USER", "utterance": "Book it for the 3rd of March."}, {"frames": [{"actions": [{"act": "CONFIRM", "canonical_values": ["17 Jewels Salon"], "slot": "stylist_name", "values": ["17 Jewels Salon"]}, {"act": "CONFIRM", "canonical_values": ["15:00"], "slot": "appointment_time", "values": ["3 pm"]}, {"act": "CONFIRM", "canonical_values": ["2019-03-03"], "slot": "appointment_date", "values": ["March 3rd"]}], "service": "Services_1", "slots": [{"exclusive_end": 57, "slot": "stylist_name", "start": 42}, {"exclusive_end": 65, "slot": "appointment_time", "start": 61}, {"exclusive_end": 78, "slot": "appointment_date", "start": 69}]}], "speaker": "SYSTEM", "utterance": "Please confirm: Booking an appointment at 17 Jewels Salon at 3 pm on March 3rd."}, {"frames": [{"actions": [{"act": "AFFIRM", "canonical_values": [], "slot": "", "values": []}], "service": "Services_1", "slots": [], "state": {"active_intent": "BookAppointment", "requested_slots": [], "slot_values": {"appointment_date": ["3rd of March", "March 3rd"], "appointment_time": ["3 o\"clock in the afternoon", "3 pm"], "city": ["Oakland"], "is_unisex": ["True"], "stylist_name": ["17 Jewels Salon"]}}}], "speaker": "USER", "utterance": "That is correct."}, {"frames": [{"actions": [{"act": "NOTIFY_SUCCESS", "canonical_values": [], "slot": "", "values": []}], "service": "Services_1", "service_call": {"method": "BookAppointment", "parameters": {"appointment_date": "2019-03-03", "appointment_time": "15:00", "stylist_name": "17 Jewels Salon"}}, "service_results": [{"appointment_date": "2019-03-03", "appointment_time": "15:00", "average_rating": "4.70", "is_unisex": "True", "phone_number": "510-653-1059", "street_address": "4801 Telegraph Avenue", "stylist_name": "17 Jewels Salon"}], "slots": []}], "speaker": "SYSTEM", "utterance": "The appointment has been booked."}, {"frames": [{"actions": [{"act": "THANK_YOU", "canonical_values": [], "slot": "", "values": []}], "service": "Services_1", "slots": [], "state": {"active_intent": "BookAppointment", "requested_slots": [], "slot_values": {"appointment_date": ["3rd of March", "March 3rd"], "appointment_time": ["3 o\"clock in the afternoon", "3 pm"], "city": ["Oakland"], "is_unisex": ["True"], "stylist_name": ["17 Jewels Salon"]}}}, {"actions": [{"act": "INFORM", "canonical_values": ["Buffet"], "slot": "cuisine", "values": ["unlimited"]}, {"act": "INFORM_INTENT", "canonical_values": ["FindRestaurants"], "slot": "intent", "values": ["FindRestaurants"]}], "service": "Restaurants_1", "slots": [{"exclusive_end": 92, "slot": "cuisine", "start": 83}], "state": {"active_intent": "FindRestaurants", "requested_slots": [], "slot_values": {"city": ["Oakland"], "cuisine": ["unlimited"]}}}], "speaker": "USER", "utterance": "Thanks a lot. I also want to find a restaurant in there, search for something with unlimited food."}, {"frames": [{"actions": [{"act": "OFFER", "canonical_values": ["Bacheesos"], "slot": "restaurant_name", "values": ["Bacheesos"]}, {"act": "OFFER", "canonical_values": ["Oakland"], "slot": "city", "values": ["Oakland"]}], "service": "Restaurants_1", "service_call": {"method": "FindRestaurants", "parameters": {"city": "Oakland", "cuisine": "Buffet"}}, "service_results": [{"city": "Oakland", "cuisine": "Buffet", "has_live_music": "False", "phone_number": "510-891-1496", "price_range": "moderate", "restaurant_name": "Bacheesos", "serves_alcohol": "False", "street_address": "246 Grand Avenue"}, {"city": "Oakland", "cuisine": "Buffet", "has_live_music": "False", "phone_number": "510-238-9388", "price_range": "expensive", "restaurant_name": "Galeto Brazilian Steakhouse", "serves_alcohol": "True", "street_address": "1019 Clay Street"}, {"city": "Oakland", "cuisine": "Buffet", "has_live_music": "False", "phone_number": "510-268-8957", "price_range": "moderate", "restaurant_name": "Punjabi Tarka", "serves_alcohol": "False", "street_address": "3276 Lakeshore Avenue"}], "slots": [{"exclusive_end": 18, "slot": "restaurant_name", "start": 9}, {"exclusive_end": 29, "slot": "city", "start": 22}]}], "speaker": "SYSTEM", "utterance": "There is Bacheesos in Oakland."}, {"frames": [{"actions": [{"act": "REQUEST", "canonical_values": [], "slot": "street_address", "values": []}], "service": "Restaurants_1", "slots": [], "state": {"active_intent": "FindRestaurants", "requested_slots": ["street_address"], "slot_values": {"city": ["Oakland"], "cuisine": ["unlimited"]}}}], "speaker": "USER", "utterance": "What is the address?"}, {"frames": [{"actions": [{"act": "INFORM", "canonical_values": ["246 Grand Avenue"], "slot": "street_address", "values": ["246 Grand Avenue"]}], "service": "Restaurants_1", "slots": [{"exclusive_end": 31, "slot": "street_address", "start": 15}]}], "speaker": "SYSTEM", "utterance": "The address is 246 Grand Avenue."}, {"frames": [{"actions": [{"act": "INFORM", "canonical_values": ["2"], "slot": "party_size", "values": ["2"]}, {"act": "INFORM", "canonical_values": ["17:30"], "slot": "time", "values": ["5:30 pm"]}, {"act": "INFORM_INTENT", "canonical_values": ["ReserveRestaurant"], "slot": "intent", "values": ["ReserveRestaurant"]}, {"act": "SELECT", "canonical_values": [], "slot": "", "values": []}], "service": "Restaurants_1", "slots": [{"exclusive_end": 58, "slot": "time", "start": 51}], "state": {"active_intent": "ReserveRestaurant", "requested_slots": [], "slot_values": {"city": ["Oakland"], "cuisine": ["unlimited"], "date": ["3rd of March", "March 3rd"], "party_size": ["2"], "restaurant_name": ["Bacheesos"], "time": ["5:30 pm"]}}}], "speaker": "USER", "utterance": "Sure, that is great. Make a reservation for two at 5:30 pm in the restaurant."}, {"frames": [{"actions": [{"act": "CONFIRM", "canonical_values": ["Bacheesos"], "slot": "restaurant_name", "values": ["Bacheesos"]}, {"act": "CONFIRM", "canonical_values": ["Oakland"], "slot": "city", "values": ["Oakland"]}, {"act": "CONFIRM", "canonical_values": ["17:30"], "slot": "time", "values": ["5:30 pm"]}, {"act": "CONFIRM", "canonical_values": ["2019-03-03"], "slot": "date", "values": ["March 3rd"]}, {"act": "CONFIRM", "canonical_values": ["2"], "slot": "party_size", "values": ["2"]}], "service": "Restaurants_1", "slots": [{"exclusive_end": 57, "slot": "restaurant_name", "start": 48}, {"exclusive_end": 68, "slot": "city", "start": 61}, {"exclusive_end": 92, "slot": "time", "start": 85}, {"exclusive_end": 81, "slot": "date", "start": 72}]}], "speaker": "SYSTEM", "utterance": "Please confirm: Booking a table for 2 people at Bacheesos in Oakland on March 3rd at 5:30 pm."}, {"frames": [{"actions": [{"act": "AFFIRM", "canonical_values": [], "slot": "", "values": []}], "service": "Restaurants_1", "slots": [], "state": {"active_intent": "ReserveRestaurant", "requested_slots": [], "slot_values": {"city": ["Oakland"], "cuisine": ["unlimited"], "date": ["3rd of March", "March 3rd"], "party_size": ["2"], "restaurant_name": ["Bacheesos"], "time": ["5:30 pm"]}}}], "speaker": "USER", "utterance": "That is correct."}, {"frames": [{"actions": [{"act": "NOTIFY_SUCCESS", "canonical_values": [], "slot": "", "values": []}], "service": "Restaurants_1", "service_call": {"method": "ReserveRestaurant", "parameters": {"city": "Oakland", "date": "2019-03-03", "party_size": "2", "restaurant_name": "Bacheesos", "time": "17:30"}}, "service_results": [{"city": "Oakland", "cuisine": "Buffet", "date": "2019-03-03", "has_live_music": "False", "party_size": "2", "phone_number": "510-891-1496", "price_range": "moderate", "restaurant_name": "Bacheesos", "serves_alcohol": "False", "street_address": "246 Grand Avenue", "time": "17:00"}], "slots": []}], "speaker": "SYSTEM", "utterance": "Your reservation has been done."}, {"frames": [{"actions": [{"act": "REQUEST", "canonical_values": [], "slot": "phone_number", "values": []}, {"act": "REQUEST", "canonical_values": [], "slot": "serves_alcohol", "values": []}], "service": "Restaurants_1", "slots": [], "state": {"active_intent": "ReserveRestaurant", "requested_slots": ["phone_number", "serves_alcohol"], "slot_values": {"city": ["Oakland"], "cuisine": ["unlimited"], "date": ["3rd of March", "March 3rd"], "party_size": ["2"], "restaurant_name": ["Bacheesos"], "time": ["5:30 pm"]}}}], "speaker": "USER", "utterance": "What is their phone number? Do they serve liquor?"}, {"frames": [{"actions": [{"act": "INFORM", "canonical_values": ["False"], "slot": "serves_alcohol", "values": ["False"]}, {"act": "INFORM", "canonical_values": ["510-891-1496"], "slot": "phone_number", "values": ["510-891-1496"]}], "service": "Restaurants_1", "slots": [{"exclusive_end": 34, "slot": "phone_number", "start": 22}]}], "speaker": "SYSTEM", "utterance": "Their phone number is 510-891-1496 and they do not serve liquor."}, {"frames": [{"actions": [{"act": "THANK_YOU", "canonical_values": [], "slot": "", "values": []}, {"act": "GOODBYE", "canonical_values": [], "slot": "", "values": []}], "service": "Restaurants_1", "slots": [], "state": {"active_intent": "ReserveRestaurant", "requested_slots": [], "slot_values": {"city": ["Oakland"], "cuisine": ["unlimited"], "date": ["3rd of March", "March 3rd"], "party_size": ["2"], "restaurant_name": ["Bacheesos"], "time": ["5:30 pm"]}}}], "speaker": "USER", "utterance": "Thanks a lot, that would be all."}, {"frames": [{"actions": [{"act": "GOODBYE", "canonical_values": [], "slot": "", "values": []}], "service": "Restaurants_1", "slots": []}], "speaker": "SYSTEM", "utterance": "Have a great day."}]}]