[{"dialogue_id": "65_00000", "services": ["Music_1", "Banks_1", "Media_1"], "turns": [{"frames": [{"actions": [{"act": "INFORM", "canonical_values": ["Kitchen speaker"], "slot": "playback_device", "values": ["Kitchen speaker"]}, {"act": "INFORM", "canonical_values": ["Radwimps"], "slot": "artist", "values": ["Radwimps"]}, {"act": "INFORM_INTENT", "canonical_values": ["PlaySong"], "slot": "intent", "values": ["PlaySong"]}], "service": "Music_1", "slots": [{"exclusive_end": 72, "slot": "artist", "start": 64}], "state": {"active_intent": "PlaySong", "requested_slots": [], "slot_values": {"artist": ["Radwimps"], "playback_device": ["Kitchen speaker"]}}}], "speaker": "USER", "utterance": "Can you cast some music on the kitchen speaker? I like songs by Radwimps."}, {"frames": [{"actions": [{"act": "REQUEST", "canonical_values": [], "slot": "song_name", "values": []}], "service": "Music_1", "slots": []}], "speaker": "SYSTEM", "utterance": "Which song would you like to hear?"}, {"frames": [{"actions": [{"act": "INFORM", "canonical_values": ["Nandemonaiya"], "slot": "song_name", "values": ["Nandemonaiya"]}], "service": "Music_1", "slots": [{"exclusive_end": 33, "slot": "song_name", "start": 21}], "state": {"active_intent": "PlaySong", "requested_slots": [], "slot_values": {"artist": ["Radwimps"], "playback_device": ["Kitchen speaker"], "song_name": ["Nandemonaiya"]}}}], "speaker": "USER", "utterance": "I would like to hear Nandemonaiya."}, {"frames": [{"actions": [{"act": "CONFIRM", "canonical_values": ["Nandemonaiya"], "slot": "song_name", "values": ["Nandemonaiya"]}, {"act": "CONFIRM", "canonical_values": ["Kitchen speaker"], "slot": "playback_device", "values": ["Kitchen speaker"]}], "service": "Music_1", "slots": [{"exclusive_end": 50, "slot": "song_name", "start": 38}]}], "speaker": "SYSTEM", "utterance": "To confirm: You wish to play the song Nandemonaiya on the kitchen speaker. Is this correct?"}, {"frames": [{"actions": [{"act": "REQUEST", "canonical_values": [], "slot": "year", "values": []}, {"act": "REQUEST", "canonical_values": [], "slot": "album", "values": []}, {"act": "AFFIRM", "canonical_values": [], "slot": "", "values": []}], "service": "Music_1", "slots": [], "state": {"active_intent": "PlaySong", "requested_slots": ["album", "year"], "slot_values": {"artist": ["Radwimps"], "playback_device": ["Kitchen speaker"], "song_name": ["Nandemonaiya"]}}}], "speaker": "USER", "utterance": "Yes it is. Can you tel me what album and year it is from?"}, {"frames": [{"actions": [{"act": "INFORM", "canonical_values": ["2016"], "slot": "year", "values": ["2016"]}, {"act": "INFORM", "canonical_values": ["Your Name"], "slot": "album", "values": ["Your Name"]}, {"act": "NOTIFY_SUCCESS", "canonical_values": [], "slot": "", "values": []}], "service": "Music_1", "service_call": {"method": "PlaySong", "parameters": {"artist": "Radwimps", "playback_device": "Kitchen speaker", "song_name": "Nandemonaiya"}}, "service_results": [{"album": "Your Name", "artist": "Radwimps", "genre": "Soundtracks", "playback_device": "Kitchen speaker", "song_name": "Nandemonaiya", "year": "2016"}], "slots": [{"exclusive_end": 29, "slot": "album", "start": 20}]}], "speaker": "SYSTEM", "utterance": "It's from the album Your Name and came out in 2016. Enjoy your music."}, {"frames": [{"actions": [{"act": "INFORM_INTENT", "canonical_values": ["TransferMoney"], "slot": "intent", "values": ["TransferMoney"]}], "service": "Banks_1", "slots": [], "state": {"active_intent": "TransferMoney", "requested_slots": [], "slot_values": {}}}], "speaker": "USER", "utterance": "Can you make a transfer for me?"}, {"frames": [{"actions": [{"act": "REQUEST", "canonical_values": [], "slot": "amount", "values": []}, {"act": "REQUEST", "canonical_values": [], "slot": "account_type", "values": []}], "service": "Banks_1", "slots": []}], "speaker": "SYSTEM", "utterance": "Certainly. How much is th etransfer and which account should I send it from"}, {"frames": [{"actions": [{"act": "INFORM", "canonical_values": ["checking"], "slot": "account_type", "values": ["checking"]}, {"act": "INFORM", "canonical_values": ["860"], "slot": "amount", "values": ["eight hundred and sixty dollars"]}], "service": "Banks_1", "slots": [{"exclusive_end": 74, "slot": "amount", "start": 43}], "state": {"active_intent": "TransferMoney", "requested_slots": [], "slot_values": {"account_type": ["checking"], "amount": ["eight hundred and sixty dollars"]}}}], "speaker": "USER", "utterance": "Please use my checking account to transfer eight hundred and sixty dollars."}, {"frames": [{"actions": [{"act": "REQUEST", "canonical_values": [], "slot": "recipient_account_name", "values": []}], "service": "Banks_1", "slots": []}], "speaker": "SYSTEM", "utterance": "Who shall i send it to?"}, {"frames": [{"actions": [{"act": "INFORM", "canonical_values": ["Tom"], "slot": "recipient_account_name", "values": ["Tom"]}], "service": "Banks_1", "slots": [{"exclusive_end": 21, "slot": "recipient_account_name", "start": 18}], "state": {"active_intent": "TransferMoney", "requested_slots": [], "slot_values": {"account_type": ["checking"], "amount": ["eight hundred and sixty dollars"], "recipient_account_name": ["Tom"]}}}], "speaker": "USER", "utterance": "Please send it to Tom"}, {"frames": [{"actions": [{"act": "CONFIRM", "canonical_values": ["checking"], "slot": "account_type", "values": ["checking"]}, {"act": "CONFIRM", "canonical_values": ["860"], "slot": "amount", "values": ["$860"]}, {"act": "CONFIRM", "canonical_values": ["Tom"], "slot": "recipient_account_name", "values": ["Tom"]}, {"act": "CONFIRM", "canonical_values": ["checking"], "slot": "recipient_account_type", "values": ["checking"]}], "service": "Banks_1", "slots": [{"exclusive_end": 32, "slot": "amount", "start": 28}, {"exclusive_end": 101, "slot": "recipient_account_name", "start": 98}]}], "speaker": "SYSTEM", "utterance": "To confirm:You wish to send $860, from your checking account to the checking account belonging to Tom. Is this correct?"}, {"frames": [{"actions": [{"act": "AFFIRM", "canonical_values": [], "slot": "", "values": []}], "service": "Banks_1", "slots": [], "state": {"active_intent": "TransferMoney", "requested_slots": [], "slot_values": {"account_type": ["checking"], "amount": ["$860", "eight hundred and sixty dollars"], "recipient_account_name": ["Tom"], "recipient_account_type": ["checking"]}}}], "speaker": "USER", "utterance": "Yes it is"}, {"frames": [{"actions": [{"act": "NOTIFY_SUCCESS", "canonical_values": [], "slot": "", "values": []}], "service": "Banks_1", "service_call": {"method": "TransferMoney", "parameters": {"account_type": "checking", "amount": "860", "recipient_account_name": "Tom", "recipient_account_type": "checking"}}, "service_results": [{"account_type": "checking", "amount": "860", "recipient_account_name": "Tom", "recipient_account_type": "checking"}], "slots": []}], "speaker": "SYSTEM", "utterance": "Your transfer is ocmplete."}, {"frames": [{"actions": [{"act": "INFORM", "canonical_values": ["Biographical"], "slot": "genre", "values": ["life history"]}, {"act": "INFORM_INTENT", "canonical_values": ["FindMovies"], "slot": "intent", "values": ["FindMovies"]}], "service": "Media_1", "slots": [{"exclusive_end": 41, "slot": "genre", "start": 29}], "state": {"active_intent": "FindMovies", "requested_slots": [], "slot_values": {"genre": ["life history"]}}}, {"actions": [{"act": "THANK_YOU", "canonical_values": [], "slot": "", "values": []}], "service": "Banks_1", "slots": [], "state": {"active_intent": "TransferMoney", "requested_slots": [], "slot_values": {"account_type": ["checking"], "amount": ["$860", "eight hundred and sixty dollars"], "recipient_account_name": ["Tom"], "recipient_account_type": ["checking"]}}}], "speaker": "USER", "utterance": "Thank you. Can you find me a life history movie to watch online?"}, {"frames": [{"actions": [{"act": "OFFER", "canonical_values": ["Breakthrough", "JT LeRoy", "Searching for Sugar Man"], "slot": "title", "values": ["Breakthrough", "JT LeRoy", "Searching for Sugar Man"]}, {"act": "INFORM_COUNT", "canonical_values": ["4"], "slot": "count", "values": ["4"]}], "service": "Media_1", "service_call": {"method": "FindMovies", "parameters": {"genre": "Biographical"}}, "service_results": [{"directed_by": "Roxann Dawson", "genre": "Biographical", "subtitles": "True", "title": "Breakthrough"}, {"directed_by": "Justin Kelly", "genre": "Biographical", "subtitles": "True", "title": "JT LeRoy"}, {"directed_by": "Malik Bendjelloul", "genre": "Biographical", "subtitles": "False", "title": "Searching for Sugar Man"}, {"directed_by": "Martin Scorsese", "genre": "Biographical", "subtitles": "True", "title": "Shine a Light"}], "slots": [{"exclusive_end": 61, "slot": "title", "start": 49}, {"exclusive_end": 71, "slot": "title", "start": 63}, {"exclusive_end": 98, "slot": "title", "start": 75}]}], "speaker": "SYSTEM", "utterance": "Yes. There are 4 movies you may like. What about Breakthrough, JT LeRoy or Searching for Sugar Man?"}, {"frames": [{"actions": [{"act": "SELECT", "canonical_values": ["Searching for Sugar Man"], "slot": "title", "values": ["Searching for Sugar Man"]}, {"act": "GOODBYE", "canonical_values": [], "slot": "", "values": []}], "service": "Media_1", "slots": [{"exclusive_end": 23, "slot": "title", "start": 0}], "state": {"active_intent": "FindMovies", "requested_slots": [], "slot_values": {"genre": ["life history"], "title": ["Searching for Sugar Man"]}}}], "speaker": "USER", "utterance": "Searching for Sugar Man please. That is all I need thnks"}, {"frames": [{"actions": [{"act": "GOODBYE", "canonical_values": [], "slot": "", "values": []}], "service": "Media_1", "slots": []}], "speaker": "SYSTEM", "utterance": "Have a nice day."}]}, {"dialogue_id": "65_00001", "services": ["Music_1", "Banks_1", "Media_1"], "turns": [{"frames": [{"actions": [{"act": "INFORM", "canonical_values": ["Kitchen speaker"], "slot": "playback_device", "values": ["Kitchen speaker"]}, {"act": "INFORM", "canonical_values": ["No Diggity"], "slot": "song_name", "values": ["No Diggity"]}, {"act": "INFORM", "canonical_values": ["Nick Murphy"], "slot": "artist", "values": ["Nick Murphy"]}, {"act": "INFORM_INTENT", "canonical_values": ["PlaySong"], "slot": "intent", "values": ["PlaySong"]}], "service": "Music_1", "slots": [{"exclusive_end": 89, "slot": "song_name", "start": 79}, {"exclusive_end": 72, "slot": "artist", "start": 61}], "state": {"active_intent": "PlaySong", "requested_slots": [], "slot_values": {"artist": ["Nick Murphy"], "playback_device": ["Kitchen speaker"], "song_name": ["No Diggity"]}}}], "speaker": "USER", "utterance": "I want to play music on my kitchen device. I prefer songs by Nick Murphy. Play No Diggity."}, {"frames": [{"actions": [{"act": "CONFIRM", "canonical_values": ["No Diggity"], "slot": "song_name", "values": ["No Diggity"]}, {"act": "CONFIRM", "canonical_values": ["Kitchen speaker"], "slot": "playback_device", "values": ["Kitchen speaker"]}], "service": "Music_1", "slots": [{"exclusive_end": 40, "slot": "song_name", "start": 30}]}], "speaker": "SYSTEM", "utterance": "Please confirm: play the song No Diggity on the Kitchen speaker."}, {"frames": [{"actions": [{"act": "REQUEST", "canonical_values": [], "slot": "genre", "values": []}, {"act": "AFFIRM", "canonical_values": [], "slot": "", "values": []}], "service": "Music_1", "slots": [], "state": {"active_intent": "PlaySong", "requested_slots": ["genre"], "slot_values": {"artist": ["Nick Murphy"], "playback_device": ["Kitchen speaker"], "song_name": ["No Diggity"]}}}], "speaker": "USER", "utterance": "That is correct. What genre is the music?"}, {"frames": [{"actions": [{"act": "INFORM", "canonical_values": ["Electronica"], "slot": "genre", "values": ["Electronica"]}, {"act": "NOTIFY_SUCCESS", "canonical_values": [], "slot": "", "values": []}], "service": "Music_1", "service_call": {"method": "PlaySong", "parameters": {"artist": "Nick Murphy", "playback_device": "Kitchen speaker", "song_name": "No Diggity"}}, "service_results": [{"album": "Thinking In Textures", "artist": "Nick Murphy", "genre": "Electronica", "playback_device": "Kitchen speaker", "song_name": "No Diggity", "year": "2012"}], "slots": [{"exclusive_end": 24, "slot": "genre", "start": 13}]}], "speaker": "SYSTEM", "utterance": "The genre is Electronica. Enjoy the music."}, {"frames": [{"actions": [{"act": "INFORM", "canonical_values": ["Jerry"], "slot": "recipient_account_name", "values": ["Jerry"]}, {"act": "INFORM_INTENT", "canonical_values": ["TransferMoney"], "slot": "intent", "values": ["TransferMoney"]}], "service": "Banks_1", "slots": [{"exclusive_end": 34, "slot": "recipient_account_name", "start": 29}], "state": {"active_intent": "TransferMoney", "requested_slots": [], "slot_values": {"recipient_account_name": ["Jerry"]}}}], "speaker": "USER", "utterance": "I need to send a transfer to Jerry."}, {"frames": [{"actions": [{"act": "REQUEST", "canonical_values": [], "slot": "amount", "values": []}], "service": "Banks_1", "slots": []}], "speaker": "SYSTEM", "utterance": "How much would you like to transfer?"}, {"frames": [{"actions": [{"act": "INFORM", "canonical_values": ["1030"], "slot": "amount", "values": ["1030 dollars"]}], "service": "Banks_1", "slots": [{"exclusive_end": 31, "slot": "amount", "start": 19}], "state": {"active_intent": "TransferMoney", "requested_slots": [], "slot_values": {"amount": ["1030 dollars"], "recipient_account_name": ["Jerry"]}}}], "speaker": "USER", "utterance": "I want to transfer 1030 dollars."}, {"frames": [{"actions": [{"act": "REQUEST", "canonical_values": [], "slot": "account_type", "values": []}], "service": "Banks_1", "slots": []}], "speaker": "SYSTEM", "utterance": "What account should I use."}, {"frames": [{"actions": [{"act": "INFORM", "canonical_values": ["savings"], "slot": "account_type", "values": ["savings"]}, {"act": "INFORM", "canonical_values": ["dontcare"], "slot": "recipient_account_type", "values": ["dontcare"]}], "service": "Banks_1", "slots": [], "state": {"active_intent": "TransferMoney", "requested_slots": [], "slot_values": {"account_type": ["savings"], "amount": ["1030 dollars"], "recipient_account_name": ["Jerry"], "recipient_account_type": ["dontcare"]}}}], "speaker": "USER", "utterance": "Please use my savings account to send the money."}, {"frames": [{"actions": [{"act": "CONFIRM", "canonical_values": ["savings"], "slot": "account_type", "values": ["savings"]}, {"act": "CONFIRM", "canonical_values": ["1030"], "slot": "amount", "values": ["$1,030"]}, {"act": "CONFIRM", "canonical_values": ["Jerry"], "slot": "recipient_account_name", "values": ["Jerry"]}, {"act": "CONFIRM", "canonical_values": ["checking"], "slot": "recipient_account_type", "values": ["checking"]}], "service": "Banks_1", "slots": [{"exclusive_end": 31, "slot": "amount", "start": 25}, {"exclusive_end": 66, "slot": "recipient_account_name", "start": 61}]}], "speaker": "SYSTEM", "utterance": "Please confirm: Transfer $1,030 from your savings account to Jerry checking account."}, {"frames": [{"actions": [{"act": "AFFIRM", "canonical_values": [], "slot": "", "values": []}], "service": "Banks_1", "slots": [], "state": {"active_intent": "TransferMoney", "requested_slots": [], "slot_values": {"account_type": ["savings"], "amount": ["$1,030", "1030 dollars"], "recipient_account_name": ["Jerry"], "recipient_account_type": ["dontcare"]}}}], "speaker": "USER", "utterance": "That is correct."}, {"frames": [{"actions": [{"act": "NOTIFY_SUCCESS", "canonical_values": [], "slot": "", "values": []}], "service": "Banks_1", "service_call": {"method": "TransferMoney", "parameters": {"account_type": "savings", "amount": "1030", "recipient_account_name": "Jerry"}}, "service_results": [{"account_type": "savings", "amount": "1030", "recipient_account_name": "Jerry", "recipient_account_type": "dontcare"}], "slots": []}], "speaker": "SYSTEM", "utterance": "The transfer completed successfully."}, {"frames": [{"actions": [{"act": "INFORM_INTENT", "canonical_values": ["FindMovies"], "slot": "intent", "values": ["FindMovies"]}], "service": "Media_1", "slots": [], "state": {"active_intent": "FindMovies", "requested_slots": [], "slot_values": {}}}, {"actions": [{"act": "THANK_YOU", "canonical_values": [], "slot": "", "values": []}], "service": "Banks_1", "slots": [], "state": {"active_intent": "TransferMoney", "requested_slots": [], "slot_values": {"account_type": ["savings"], "amount": ["$1,030", "1030 dollars"], "recipient_account_name": ["Jerry"], "recipient_account_type": ["dontcare"]}}}], "speaker": "USER", "utterance": "Thanks for the assistance. I want to find a movie to stream."}, {"frames": [{"actions": [{"act": "REQUEST", "canonical_values": [], "slot": "genre", "values": []}], "service": "Media_1", "slots": []}], "speaker": "SYSTEM", "utterance": "What type of movies do you prefer?"}, {"frames": [{"actions": [{"act": "INFORM", "canonical_values": ["Anna Boden"], "slot": "directed_by", "values": ["Anna Boden"]}, {"act": "INFORM", "canonical_values": ["Adventure"], "slot": "genre", "values": ["Adventure"]}], "service": "Media_1", "slots": [{"exclusive_end": 48, "slot": "directed_by", "start": 38}, {"exclusive_end": 18, "slot": "genre", "start": 9}], "state": {"active_intent": "FindMovies", "requested_slots": [], "slot_values": {"directed_by": ["Anna Boden"], "genre": ["Adventure"]}}}], "speaker": "USER", "utterance": "I prefer Adventure movies directed by Anna Boden."}, {"frames": [{"actions": [{"act": "OFFER", "canonical_values": ["Captain Marvel"], "slot": "title", "values": ["Captain Marvel"]}, {"act": "INFORM_COUNT", "canonical_values": ["1"], "slot": "count", "values": ["1"]}], "service": "Media_1", "service_call": {"method": "FindMovies", "parameters": {"directed_by": "Anna Boden", "genre": "Adventure"}}, "service_results": [{"directed_by": "Anna Boden", "genre": "Adventure", "subtitles": "True", "title": "Captain Marvel"}], "slots": [{"exclusive_end": 55, "slot": "title", "start": 41}]}], "speaker": "SYSTEM", "utterance": "I found 1 movie. Woudl you like to watch Captain Marvel?"}, {"frames": [{"actions": [{"act": "SELECT", "canonical_values": ["Captain Marvel"], "slot": "title", "values": ["Captain Marvel"]}, {"act": "GOODBYE", "canonical_values": [], "slot": "", "values": []}], "service": "Media_1", "slots": [{"exclusive_end": 14, "slot": "title", "start": 0}], "state": {"active_intent": "FindMovies", "requested_slots": [], "slot_values": {"directed_by": ["Anna Boden"], "genre": ["Adventure"], "title": ["Captain Marvel"]}}}], "speaker": "USER", "utterance": "Captain Marvel sounds great. That is all I needed."}, {"frames": [{"actions": [{"act": "GOODBYE", "canonical_values": [], "slot": "", "values": []}], "service": "Media_1", "slots": []}], "speaker": "SYSTEM", "utterance": "Enjoy your day."}]}, {"dialogue_id": "65_00002", "services": ["Music_1", "Banks_1", "Media_1"], "turns": [{"frames": [{"actions": [{"act": "INFORM", "canonical_values": ["TV"], "slot": "playback_device", "values": ["TV"]}, {"act": "INFORM", "canonical_values": ["Music Never Sleeps"], "slot": "song_name", "values": ["Music Never Sleeps"]}, {"act": "INFORM", "canonical_values": ["Jason Chen"], "slot": "artist", "values": ["Jason Chen"]}, {"act": "INFORM_INTENT", "canonical_values": ["PlaySong"], "slot": "intent", "values": ["PlaySong"]}], "service": "Music_1", "slots": [{"exclusive_end": 42, "slot": "song_name", "start": 24}, {"exclusive_end": 56, "slot": "artist", "start": 46}], "state": {"active_intent": "PlaySong", "requested_slots": [], "slot_values": {"artist": ["Jason Chen"], "playback_device": ["TV"], "song_name": ["Music Never Sleeps"]}}}], "speaker": "USER", "utterance": "I want to cast the song Music Never Sleeps by Jason Chen on the television."}, {"frames": [{"actions": [{"act": "CONFIRM", "canonical_values": ["Music Never Sleeps"], "slot": "song_name", "values": ["Music Never Sleeps"]}, {"act": "CONFIRM", "canonical_values": ["TV"], "slot": "playback_device", "values": ["TV"]}], "service": "Music_1", "slots": [{"exclusive_end": 41, "slot": "song_name", "start": 23}]}], "speaker": "SYSTEM", "utterance": "Okay, you want to play Music Never Sleeps on the TV, right?"}, {"frames": [{"actions": [{"act": "REQUEST", "canonical_values": [], "slot": "album", "values": []}, {"act": "AFFIRM", "canonical_values": [], "slot": "", "values": []}], "service": "Music_1", "slots": [], "state": {"active_intent": "PlaySong", "requested_slots": ["album"], "slot_values": {"artist": ["Jason Chen"], "playback_device": ["TV"], "song_name": ["Music Never Sleeps"]}}}], "speaker": "USER", "utterance": "Yes, that is correct. What album is the song from?"}, {"frames": [{"actions": [{"act": "INFORM", "canonical_values": ["Gravity"], "slot": "album", "values": ["gravity"]}, {"act": "NOTIFY_SUCCESS", "canonical_values": [], "slot": "", "values": []}], "service": "Music_1", "service_call": {"method": "PlaySong", "parameters": {"artist": "Jason Chen", "playback_device": "TV", "song_name": "Music Never Sleeps"}}, "service_results": [{"album": "Gravity", "artist": "Jason Chen", "genre": "Pop", "playback_device": "TV", "song_name": "Music Never Sleeps", "year": "2011"}], "slots": [{"exclusive_end": 61, "slot": "album", "start": 54}]}], "speaker": "SYSTEM", "utterance": "I have started playing the song. It is from the album gravity."}, {"frames": [{"actions": [{"act": "THANK_YOU", "canonical_values": [], "slot": "", "values": []}], "service": "Music_1", "slots": [], "state": {"active_intent": "PlaySong", "requested_slots": [], "slot_values": {"artist": ["Jason Chen"], "playback_device": ["TV"], "song_name": ["Music Never Sleeps"]}}}, {"actions": [{"act": "INFORM_INTENT", "canonical_values": ["TransferMoney"], "slot": "intent", "values": ["TransferMoney"]}], "service": "Banks_1", "slots": [], "state": {"active_intent": "TransferMoney", "requested_slots": [], "slot_values": {}}}], "speaker": "USER", "utterance": "Thank you, I also need to make a bank account transfer."}, {"frames": [{"actions": [{"act": "REQUEST", "canonical_values": ["checking", "savings"], "slot": "account_type", "values": ["checking", "savings"]}], "service": "Banks_1", "slots": []}], "speaker": "SYSTEM", "utterance": "Do you want to use your checking or savings account?"}, {"frames": [{"actions": [{"act": "INFORM", "canonical_values": ["savings"], "slot": "account_type", "values": ["savings"]}], "service": "Banks_1", "slots": [], "state": {"active_intent": "TransferMoney", "requested_slots": [], "slot_values": {"account_type": ["savings"]}}}], "speaker": "USER", "utterance": "Let's use my savings account."}, {"frames": [{"actions": [{"act": "REQUEST", "canonical_values": [], "slot": "recipient_account_name", "values": []}, {"act": "REQUEST", "canonical_values": [], "slot": "amount", "values": []}], "service": "Banks_1", "slots": []}], "speaker": "SYSTEM", "utterance": "Where are you sending money to and what amount do you want to transfer?"}, {"frames": [{"actions": [{"act": "INFORM", "canonical_values": ["Pranav"], "slot": "recipient_account_name", "values": ["Pranav"]}, {"act": "INFORM", "canonical_values": ["1150"], "slot": "amount", "values": ["1150 dollars"]}], "service": "Banks_1", "slots": [{"exclusive_end": 34, "slot": "recipient_account_name", "start": 28}, {"exclusive_end": 24, "slot": "amount", "start": 12}], "state": {"active_intent": "TransferMoney", "requested_slots": [], "slot_values": {"account_type": ["savings"], "amount": ["1150 dollars"], "recipient_account_name": ["Pranav"]}}}], "speaker": "USER", "utterance": "I'm sending 1150 dollars to Pranav."}, {"frames": [{"actions": [{"act": "CONFIRM", "canonical_values": ["savings"], "slot": "account_type", "values": ["savings"]}, {"act": "CONFIRM", "canonical_values": ["1150"], "slot": "amount", "values": ["$1150"]}, {"act": "CONFIRM", "canonical_values": ["Pranav"], "slot": "recipient_account_name", "values": ["Pranav"]}, {"act": "CONFIRM", "canonical_values": ["checking"], "slot": "recipient_account_type", "values": ["checking"]}], "service": "Banks_1", "slots": [{"exclusive_end": 28, "slot": "amount", "start": 23}, {"exclusive_end": 86, "slot": "recipient_account_name", "start": 80}]}], "speaker": "SYSTEM", "utterance": "Okay, I'm transferring $1150 from my savings account to the checking account at Pranav, correct?"}, {"frames": [{"actions": [{"act": "AFFIRM", "canonical_values": [], "slot": "", "values": []}], "service": "Banks_1", "slots": [], "state": {"active_intent": "TransferMoney", "requested_slots": [], "slot_values": {"account_type": ["savings"], "amount": ["$1150", "1150 dollars"], "recipient_account_name": ["Pranav"], "recipient_account_type": ["checking"]}}}], "speaker": "USER", "utterance": "Yes, that is correct."}, {"frames": [{"actions": [{"act": "NOTIFY_SUCCESS", "canonical_values": [], "slot": "", "values": []}], "service": "Banks_1", "service_call": {"method": "TransferMoney", "parameters": {"account_type": "savings", "amount": "1150", "recipient_account_name": "Pranav", "recipient_account_type": "checking"}}, "service_results": [{"account_type": "savings", "amount": "1150", "recipient_account_name": "Pranav", "recipient_account_type": "checking"}], "slots": []}], "speaker": "SYSTEM", "utterance": "I have successfully transferred the money."}, {"frames": [{"actions": [{"act": "INFORM", "canonical_values": ["George Miller"], "slot": "directed_by", "values": ["George Miller"]}, {"act": "INFORM", "canonical_values": ["Fantasy"], "slot": "genre", "values": ["fantasy"]}, {"act": "INFORM_INTENT", "canonical_values": ["FindMovies"], "slot": "intent", "values": ["FindMovies"]}], "service": "Media_1", "slots": [{"exclusive_end": 126, "slot": "directed_by", "start": 113}, {"exclusive_end": 82, "slot": "genre", "start": 75}], "state": {"active_intent": "FindMovies", "requested_slots": [], "slot_values": {"directed_by": ["George Miller"], "genre": ["fantasy"]}}}, {"actions": [{"act": "THANK_YOU", "canonical_values": [], "slot": "", "values": []}], "service": "Banks_1", "slots": [], "state": {"active_intent": "TransferMoney", "requested_slots": [], "slot_values": {"account_type": ["savings"], "amount": ["$1150", "1150 dollars"], "recipient_account_name": ["Pranav"], "recipient_account_type": ["checking"]}}}], "speaker": "USER", "utterance": "Thank you for your help. I also would like to watch a movie online. I like fantasy movies and movies directed by George Miller."}, {"frames": [{"actions": [{"act": "OFFER", "canonical_values": ["Mad Max: Fury Road"], "slot": "title", "values": ["Mad Max: Fury Road"]}, {"act": "INFORM_COUNT", "canonical_values": ["1"], "slot": "count", "values": ["1"]}], "service": "Media_1", "service_call": {"method": "FindMovies", "parameters": {"directed_by": "George Miller", "genre": "Fantasy"}}, "service_results": [{"directed_by": "George Miller", "genre": "Fantasy", "subtitles": "True", "title": "Mad Max: Fury Road"}], "slots": [{"exclusive_end": 49, "slot": "title", "start": 31}]}], "speaker": "SYSTEM", "utterance": "I found 1 movie for you, it is Mad Max: Fury Road."}, {"frames": [{"actions": [{"act": "SELECT", "canonical_values": ["Mad Max: Fury Road"], "slot": "title", "values": ["Mad Max"]}], "service": "Media_1", "slots": [{"exclusive_end": 7, "slot": "title", "start": 0}], "state": {"active_intent": "FindMovies", "requested_slots": [], "slot_values": {"directed_by": ["George Miller"], "genre": ["fantasy"], "title": ["Mad Max", "Mad Max: Fury Road"]}}}], "speaker": "USER", "utterance": "Mad Max sounds good."}, {"frames": [{"actions": [{"act": "REQ_MORE", "canonical_values": [], "slot": "", "values": []}], "service": "Media_1", "slots": []}], "speaker": "SYSTEM", "utterance": "Is there anything else I can help with?"}, {"frames": [{"actions": [{"act": "NEGATE", "canonical_values": [], "slot": "", "values": []}, {"act": "THANK_YOU", "canonical_values": [], "slot": "", "values": []}], "service": "Media_1", "slots": [], "state": {"active_intent": "NONE", "requested_slots": [], "slot_values": {"directed_by": ["George Miller"], "genre": ["fantasy"], "title": ["Mad Max", "Mad Max: Fury Road"]}}}], "speaker": "USER", "utterance": "No, thank you."}, {"frames": [{"actions": [{"act": "GOODBYE", "canonical_values": [], "slot": "", "values": []}], "service": "Media_1", "slots": []}], "speaker": "SYSTEM", "utterance": "Have a great day."}]}, {"dialogue_id": "65_00003", "services": ["Music_1", "Banks_1", "Media_1"], "turns": [{"frames": [{"actions": [{"act": "INFORM", "canonical_values": ["Be My Baby"], "slot": "song_name", "values": ["Be My Baby"]}, {"act": "INFORM", "canonical_values": ["Ariana Grande"], "slot": "artist", "values": ["Ariana Grande"]}, {"act": "INFORM_INTENT", "canonical_values": ["PlaySong"], "slot": "intent", "values": ["PlaySong"]}], "service": "Music_1", "slots": [{"exclusive_end": 55, "slot": "song_name", "start": 45}, {"exclusive_end": 85, "slot": "artist", "start": 72}], "state": {"active_intent": "PlaySong", "requested_slots": [], "slot_values": {"artist": ["Ariana Grande"], "song_name": ["Be My Baby"]}}}], "speaker": "USER", "utterance": "I'm in the mood for some music. Can you play Be My Baby? I always liked Ariana Grande."}, {"frames": [{"actions": [{"act": "CONFIRM", "canonical_values": ["Be My Baby"], "slot": "song_name", "values": ["Be My Baby"]}, {"act": "CONFIRM", "canonical_values": ["TV"], "slot": "playback_device", "values": ["TV"]}], "service": "Music_1", "slots": [{"exclusive_end": 39, "slot": "song_name", "start": 29}]}], "speaker": "SYSTEM", "utterance": "Let's confirm: We're playing Be My Baby on the TV."}, {"frames": [{"actions": [{"act": "INFORM", "canonical_values": ["Kitchen speaker"], "slot": "playback_device", "values": ["Kitchen speaker"]}, {"act": "INFORM", "canonical_values": ["Let Me Love You"], "slot": "song_name", "values": ["Let Me Love You"]}, {"act": "NEGATE", "canonical_values": [], "slot": "", "values": []}], "service": "Music_1", "slots": [{"exclusive_end": 30, "slot": "song_name", "start": 15}], "state": {"active_intent": "PlaySong", "requested_slots": [], "slot_values": {"artist": ["Ariana Grande"], "playback_device": ["Kitchen speaker"], "song_name": ["Let Me Love You"]}}}], "speaker": "USER", "utterance": "No, let's play Let Me Love You on the speaker in the kitchen."}, {"frames": [{"actions": [{"act": "CONFIRM", "canonical_values": ["Let Me Love You"], "slot": "song_name", "values": ["Let Me Love You"]}, {"act": "CONFIRM", "canonical_values": ["Kitchen speaker"], "slot": "playback_device", "values": ["Kitchen speaker"]}], "service": "Music_1", "slots": [{"exclusive_end": 44, "slot": "song_name", "start": 29}]}], "speaker": "SYSTEM", "utterance": "Let's confirm: We're playing Let Me Love You on the kitchen speaker."}, {"frames": [{"actions": [{"act": "REQUEST", "canonical_values": [], "slot": "year", "values": []}, {"act": "REQUEST", "canonical_values": [], "slot": "album", "values": []}, {"act": "AFFIRM", "canonical_values": [], "slot": "", "values": []}], "service": "Music_1", "slots": [], "state": {"active_intent": "PlaySong", "requested_slots": ["album", "year"], "slot_values": {"artist": ["Ariana Grande"], "playback_device": ["Kitchen speaker"], "song_name": ["Let Me Love You"]}}}], "speaker": "USER", "utterance": "Yes, that's right. Can you tell me what album it's on and what year it came out?"}, {"frames": [{"actions": [{"act": "INFORM", "canonical_values": ["2016"], "slot": "year", "values": ["2016"]}, {"act": "INFORM", "canonical_values": ["Dangerous Woman"], "slot": "album", "values": ["Dangerous Woman"]}, {"act": "NOTIFY_SUCCESS", "canonical_values": [], "slot": "", "values": []}], "service": "Music_1", "service_call": {"method": "PlaySong", "parameters": {"artist": "Ariana Grande", "playback_device": "Kitchen speaker", "song_name": "Let Me Love You"}}, "service_results": [{"album": "Dangerous Woman", "artist": "Ariana Grande", "genre": "Pop", "playback_device": "Kitchen speaker", "song_name": "Let Me Love You", "year": "2016"}], "slots": [{"exclusive_end": 73, "slot": "album", "start": 58}]}], "speaker": "SYSTEM", "utterance": "Okay, the song is playing. It was released in 2016 on the Dangerous Woman album."}, {"frames": [{"actions": [{"act": "THANK_YOU", "canonical_values": [], "slot": "", "values": []}], "service": "Music_1", "slots": [], "state": {"active_intent": "PlaySong", "requested_slots": [], "slot_values": {"artist": ["Ariana Grande"], "playback_device": ["Kitchen speaker"], "song_name": ["Let Me Love You"]}}}, {"actions": [{"act": "INFORM", "canonical_values": ["savings"], "slot": "account_type", "values": ["savings"]}, {"act": "INFORM", "canonical_values": ["970"], "slot": "amount", "values": ["970 dollars"]}, {"act": "INFORM_INTENT", "canonical_values": ["TransferMoney"], "slot": "intent", "values": ["TransferMoney"]}], "service": "Banks_1", "slots": [{"exclusive_end": 94, "slot": "amount", "start": 83}], "state": {"active_intent": "TransferMoney", "requested_slots": [], "slot_values": {"account_type": ["savings"], "amount": ["970 dollars"]}}}], "speaker": "USER", "utterance": "Thanks! I also need to transfer some money from my savings account. Let's transfer 970 dollars."}, {"frames": [{"actions": [{"act": "REQUEST", "canonical_values": [], "slot": "recipient_account_name", "values": []}], "service": "Banks_1", "slots": []}], "speaker": "SYSTEM", "utterance": "Who should I send the money to?"}, {"frames": [{"actions": [{"act": "INFORM", "canonical_values": ["Tom"], "slot": "recipient_account_name", "values": ["Tom"]}], "service": "Banks_1", "slots": [{"exclusive_end": 20, "slot": "recipient_account_name", "start": 17}], "state": {"active_intent": "TransferMoney", "requested_slots": [], "slot_values": {"account_type": ["savings"], "amount": ["970 dollars"], "recipient_account_name": ["Tom"]}}}], "speaker": "USER", "utterance": "Let's send it to Tom."}, {"frames": [{"actions": [{"act": "CONFIRM", "canonical_values": ["savings"], "slot": "account_type", "values": ["savings"]}, {"act": "CONFIRM", "canonical_values": ["970"], "slot": "amount", "values": ["$970"]}, {"act": "CONFIRM", "canonical_values": ["Tom"], "slot": "recipient_account_name", "values": ["Tom"]}, {"act": "CONFIRM", "canonical_values": ["checking"], "slot": "recipient_account_type", "values": ["checking"]}], "service": "Banks_1", "slots": [{"exclusive_end": 45, "slot": "amount", "start": 41}, {"exclusive_end": 78, "slot": "recipient_account_name", "start": 75}]}], "speaker": "SYSTEM", "utterance": "Okay, please confirm: We're transferring $970 from your savings account to Tom in his checking account."}, {"frames": [{"actions": [{"act": "AFFIRM", "canonical_values": [], "slot": "", "values": []}], "service": "Banks_1", "slots": [], "state": {"active_intent": "TransferMoney", "requested_slots": [], "slot_values": {"account_type": ["savings"], "amount": ["$970", "970 dollars"], "recipient_account_name": ["Tom"], "recipient_account_type": ["checking"]}}}], "speaker": "USER", "utterance": "That's correct."}, {"frames": [{"actions": [{"act": "NOTIFY_SUCCESS", "canonical_values": [], "slot": "", "values": []}], "service": "Banks_1", "service_call": {"method": "TransferMoney", "parameters": {"account_type": "savings", "amount": "970", "recipient_account_name": "Tom", "recipient_account_type": "checking"}}, "service_results": [{"account_type": "savings", "amount": "970", "recipient_account_name": "Tom", "recipient_account_type": "checking"}], "slots": []}], "speaker": "SYSTEM", "utterance": "Okay, the money has been transferred."}, {"frames": [{"actions": [{"act": "THANK_YOU", "canonical_values": [], "slot": "", "values": []}], "service": "Banks_1", "slots": [], "state": {"active_intent": "TransferMoney", "requested_slots": [], "slot_values": {"account_type": ["savings"], "amount": ["$970", "970 dollars"], "recipient_account_name": ["Tom"], "recipient_account_type": ["checking"]}}}], "speaker": "USER", "utterance": "Thanks for everything."}, {"frames": [{"actions": [{"act": "REQ_MORE", "canonical_values": [], "slot": "", "values": []}], "service": "Banks_1", "slots": []}], "speaker": "SYSTEM", "utterance": "Can I do anything else for you?"}, {"frames": [{"actions": [{"act": "INFORM_INTENT", "canonical_values": ["FindMovies"], "slot": "intent", "values": ["FindMovies"]}], "service": "Media_1", "slots": [], "state": {"active_intent": "FindMovies", "requested_slots": [], "slot_values": {}}}], "speaker": "USER", "utterance": "I'd like to watch a movie online."}, {"frames": [{"actions": [{"act": "REQUEST", "canonical_values": [], "slot": "genre", "values": []}], "service": "Media_1", "slots": []}], "speaker": "SYSTEM", "utterance": "What kind of movie are you interested in?"}, {"frames": [{"actions": [{"act": "INFORM", "canonical_values": ["Biographical"], "slot": "genre", "values": ["non-fiction"]}], "service": "Media_1", "slots": [{"exclusive_end": 26, "slot": "genre", "start": 15}], "state": {"active_intent": "FindMovies", "requested_slots": [], "slot_values": {"genre": ["non-fiction"]}}}], "speaker": "USER", "utterance": "How about some non-fiction movies?"}, {"frames": [{"actions": [{"act": "OFFER", "canonical_values": ["Breakthrough", "JT LeRoy", "Searching for Sugar Man"], "slot": "title", "values": ["Breakthrough", "JT LeRoy", "Searching for Sugar Man"]}], "service": "Media_1", "service_call": {"method": "FindMovies", "parameters": {"genre": "Biographical"}}, "service_results": [{"directed_by": "Roxann Dawson", "genre": "Biographical", "subtitles": "True", "title": "Breakthrough"}, {"directed_by": "Justin Kelly", "genre": "Biographical", "subtitles": "True", "title": "JT LeRoy"}, {"directed_by": "Malik Bendjelloul", "genre": "Biographical", "subtitles": "False", "title": "Searching for Sugar Man"}, {"directed_by": "Martin Scorsese", "genre": "Biographical", "subtitles": "True", "title": "Shine a Light"}], "slots": [{"exclusive_end": 23, "slot": "title", "start": 11}, {"exclusive_end": 33, "slot": "title", "start": 25}, {"exclusive_end": 60, "slot": "title", "start": 37}]}], "speaker": "SYSTEM", "utterance": "What about Breakthrough, JT LeRoy or Searching for Sugar Man?"}, {"frames": [{"actions": [{"act": "SELECT", "canonical_values": ["JT LeRoy"], "slot": "title", "values": ["JT Leroy"]}], "service": "Media_1", "slots": [{"exclusive_end": 22, "slot": "title", "start": 14}], "state": {"active_intent": "FindMovies", "requested_slots": [], "slot_values": {"genre": ["non-fiction"], "title": ["JT LeRoy", "JT Leroy"]}}}], "speaker": "USER", "utterance": "I really like JT Leroy."}, {"frames": [{"actions": [{"act": "OFFER_INTENT", "canonical_values": ["PlayMovie"], "slot": "intent", "values": ["PlayMovie"]}], "service": "Media_1", "slots": []}], "speaker": "SYSTEM", "utterance": "Do you want me to play the movie now?"}, {"frames": [{"actions": [{"act": "NEGATE_INTENT", "canonical_values": [], "slot": "", "values": []}, {"act": "GOODBYE", "canonical_values": [], "slot": "", "values": []}], "service": "Media_1", "slots": [], "state": {"active_intent": "NONE", "requested_slots": [], "slot_values": {"genre": ["non-fiction"], "title": ["JT LeRoy", "JT Leroy"]}}}], "speaker": "USER", "utterance": "No, not right now, that's all I need."}, {"frames": [{"actions": [{"act": "GOODBYE", "canonical_values": [], "slot": "", "values": []}], "service": "Media_1", "slots": []}], "speaker": "SYSTEM", "utterance": "Have a great day!"}]}, {"dialogue_id": "65_00004", "services": ["Music_2", "Banks_1", "Media_1"], "turns": [{"frames": [{"actions": [{"act": "INFORM", "canonical_values": ["bedroom speaker"], "slot": "playback_device", "values": ["bedroom speaker"]}, {"act": "INFORM", "canonical_values": ["Stitches"], "slot": "song_name", "values": ["Stitches"]}, {"act": "INFORM_INTENT", "canonical_values": ["PlayMedia"], "slot": "intent", "values": ["PlayMedia"]}], "service": "Music_2", "slots": [{"exclusive_end": 38, "slot": "song_name", "start": 30}], "state": {"active_intent": "PlayMedia", "requested_slots": [], "slot_values": {"playback_device": ["bedroom speaker"], "song_name": ["Stitches"]}}}], "speaker": "USER", "utterance": "I would like to hear the song Stitches in my bedroom."}, {"frames": [{"actions": [{"act": "CONFIRM", "canonical_values": ["Stitches"], "slot": "song_name", "values": ["Stitches"]}, {"act": "CONFIRM", "canonical_values": ["bedroom speaker"], "slot": "playback_device", "values": ["bedroom speaker"]}], "service": "Music_2", "slots": [{"exclusive_end": 34, "slot": "song_name", "start": 26}]}], "speaker": "SYSTEM", "utterance": "You would like me to play Stitches on your bedroom speaker. Is that correct?"}, {"frames": [{"actions": [{"act": "REQUEST", "canonical_values": [], "slot": "album", "values": []}, {"act": "AFFIRM", "canonical_values": [], "slot": "", "values": []}], "service": "Music_2", "slots": [], "state": {"active_intent": "PlayMedia", "requested_slots": ["album"], "slot_values": {"playback_device": ["bedroom speaker"], "song_name": ["Stitches"]}}}], "speaker": "USER", "utterance": "Yes. What album is it on?"}, {"frames": [{"actions": [{"act": "INFORM", "canonical_values": ["Handwritten"], "slot": "album", "values": ["Handwritten"]}, {"act": "NOTIFY_SUCCESS", "canonical_values": [], "slot": "", "values": []}], "service": "Music_2", "service_call": {"method": "PlayMedia", "parameters": {"playback_device": "bedroom speaker", "song_name": "Stitches"}}, "service_results": [{"album": "Handwritten", "artist": "Shawn Mendes", "genre": "Pop", "playback_device": "bedroom speaker", "song_name": "Stitches"}], "slots": [{"exclusive_end": 21, "slot": "album", "start": 10}]}], "speaker": "SYSTEM", "utterance": "It's from Handwritten. It will start now."}, {"frames": [{"actions": [{"act": "REQUEST", "canonical_values": [], "slot": "genre", "values": []}], "service": "Music_2", "slots": [], "state": {"active_intent": "PlayMedia", "requested_slots": ["genre"], "slot_values": {"playback_device": ["bedroom speaker"], "song_name": ["Stitches"]}}}], "speaker": "USER", "utterance": "What is the genre?"}, {"frames": [{"actions": [{"act": "INFORM", "canonical_values": ["Pop"], "slot": "genre", "values": ["Pop"]}], "service": "Music_2", "slots": [{"exclusive_end": 19, "slot": "genre", "start": 16}]}], "speaker": "SYSTEM", "utterance": "It's considered Pop."}, {"frames": [{"actions": [{"act": "THANK_YOU", "canonical_values": [], "slot": "", "values": []}], "service": "Music_2", "slots": [], "state": {"active_intent": "PlayMedia", "requested_slots": [], "slot_values": {"playback_device": ["bedroom speaker"], "song_name": ["Stitches"]}}}, {"actions": [{"act": "INFORM", "canonical_values": ["savings"], "slot": "account_type", "values": ["savings"]}, {"act": "INFORM_INTENT", "canonical_values": ["TransferMoney"], "slot": "intent", "values": ["TransferMoney"]}], "service": "Banks_1", "slots": [], "state": {"active_intent": "TransferMoney", "requested_slots": [], "slot_values": {"account_type": ["savings"]}}}], "speaker": "USER", "utterance": "Okay. Thank you. I also want to make a transfer from my savings account."}, {"frames": [{"actions": [{"act": "REQUEST", "canonical_values": [], "slot": "amount", "values": []}, {"act": "REQUEST", "canonical_values": [], "slot": "recipient_account_name", "values": []}], "service": "Banks_1", "slots": []}], "speaker": "SYSTEM", "utterance": "How much and where should I send it?"}, {"frames": [{"actions": [{"act": "INFORM", "canonical_values": ["Abhinav"], "slot": "recipient_account_name", "values": ["Abhinav"]}, {"act": "INFORM", "canonical_values": ["980"], "slot": "amount", "values": ["nine hundred and eighty dollars"]}], "service": "Banks_1", "slots": [{"exclusive_end": 58, "slot": "recipient_account_name", "start": 51}, {"exclusive_end": 47, "slot": "amount", "start": 16}], "state": {"active_intent": "TransferMoney", "requested_slots": [], "slot_values": {"account_type": ["savings"], "amount": ["nine hundred and eighty dollars"], "recipient_account_name": ["Abhinav"]}}}], "speaker": "USER", "utterance": "Please transfer nine hundred and eighty dollars to Abhinav."}, {"frames": [{"actions": [{"act": "CONFIRM", "canonical_values": ["savings"], "slot": "account_type", "values": ["savings"]}, {"act": "CONFIRM", "canonical_values": ["980"], "slot": "amount", "values": ["$980"]}, {"act": "CONFIRM", "canonical_values": ["Abhinav"], "slot": "recipient_account_name", "values": ["Abhinav"]}, {"act": "CONFIRM", "canonical_values": ["checking"], "slot": "recipient_account_type", "values": ["checking"]}], "service": "Banks_1", "slots": [{"exclusive_end": 31, "slot": "amount", "start": 27}, {"exclusive_end": 82, "slot": "recipient_account_name", "start": 75}]}], "speaker": "SYSTEM", "utterance": "To confirm: You would like $980 transferred from your savings account into Abhinav to their checking account."}, {"frames": [{"actions": [{"act": "AFFIRM", "canonical_values": [], "slot": "", "values": []}], "service": "Banks_1", "slots": [], "state": {"active_intent": "TransferMoney", "requested_slots": [], "slot_values": {"account_type": ["savings"], "amount": ["$980", "nine hundred and eighty dollars"], "recipient_account_name": ["Abhinav"], "recipient_account_type": ["checking"]}}}], "speaker": "USER", "utterance": "Yes that's right."}, {"frames": [{"actions": [{"act": "NOTIFY_SUCCESS", "canonical_values": [], "slot": "", "values": []}], "service": "Banks_1", "service_call": {"method": "TransferMoney", "parameters": {"account_type": "savings", "amount": "980", "recipient_account_name": "Abhinav", "recipient_account_type": "checking"}}, "service_results": [{"account_type": "savings", "amount": "980", "recipient_account_name": "Abhinav", "recipient_account_type": "checking"}], "slots": []}], "speaker": "SYSTEM", "utterance": "Your transfer is confirmed."}, {"frames": [{"actions": [{"act": "INFORM", "canonical_values": ["Dogman"], "slot": "title", "values": ["Dogman"]}, {"act": "INFORM_INTENT", "canonical_values": ["PlayMovie"], "slot": "intent", "values": ["PlayMovie"]}], "service": "Media_1", "slots": [{"exclusive_end": 53, "slot": "title", "start": 47}], "state": {"active_intent": "PlayMovie", "requested_slots": [], "slot_values": {"title": ["Dogman"]}}}], "speaker": "USER", "utterance": "Great. Thanks. Now I'd like to watch the movie Dogman."}, {"frames": [{"actions": [{"act": "CONFIRM", "canonical_values": ["Dogman"], "slot": "title", "values": ["Dogman"]}, {"act": "CONFIRM", "canonical_values": ["False"], "slot": "subtitles", "values": ["False"]}], "service": "Media_1", "slots": [{"exclusive_end": 30, "slot": "title", "start": 24}]}], "speaker": "SYSTEM", "utterance": "You would like to watch Dogman without subtitles. Is that correct?"}, {"frames": [{"actions": [{"act": "REQUEST", "canonical_values": [], "slot": "directed_by", "values": []}, {"act": "REQUEST", "canonical_values": [], "slot": "genre", "values": []}, {"act": "AFFIRM", "canonical_values": [], "slot": "", "values": []}], "service": "Media_1", "slots": [], "state": {"active_intent": "PlayMovie", "requested_slots": ["directed_by", "genre"], "slot_values": {"subtitles": ["False"], "title": ["Dogman"]}}}], "speaker": "USER", "utterance": "Yes. What kind of movie genre is it and who is the director?"}, {"frames": [{"actions": [{"act": "INFORM", "canonical_values": ["Drama"], "slot": "genre", "values": ["drama"]}, {"act": "INFORM", "canonical_values": ["Matteo Garrone"], "slot": "directed_by", "values": ["Matteo Garrone"]}, {"act": "NOTIFY_SUCCESS", "canonical_values": [], "slot": "", "values": []}], "service": "Media_1", "service_call": {"method": "PlayMovie", "parameters": {"subtitles": "False", "title": "Dogman"}}, "service_results": [{"directed_by": "Matteo Garrone", "genre": "Drama", "subtitles": "False", "title": "Dogman"}], "slots": [{"exclusive_end": 12, "slot": "genre", "start": 7}, {"exclusive_end": 39, "slot": "directed_by", "start": 25}]}], "speaker": "SYSTEM", "utterance": "It's a drama directed by Matteo Garrone. It will start now."}, {"frames": [{"actions": [{"act": "THANK_YOU", "canonical_values": [], "slot": "", "values": []}, {"act": "GOODBYE", "canonical_values": [], "slot": "", "values": []}], "service": "Media_1", "slots": [], "state": {"active_intent": "PlayMovie", "requested_slots": [], "slot_values": {"subtitles": ["False"], "title": ["Dogman"]}}}], "speaker": "USER", "utterance": "Thank you. That's all I need for now."}, {"frames": [{"actions": [{"act": "GOODBYE", "canonical_values": [], "slot": "", "values": []}], "service": "Media_1", "slots": []}], "speaker": "SYSTEM", "utterance": "Have a great day."}]}]