[{"dialogue_id": "70_00000", "services": ["Buses_2", "Travel_1", "Hotels_3"], "turns": [{"frames": [{"actions": [{"act": "INFORM", "canonical_values": ["San Diego"], "slot": "destination", "values": ["SD"]}, {"act": "INFORM_INTENT", "canonical_values": ["FindBus"], "slot": "intent", "values": ["FindBus"]}], "service": "Buses_2", "slots": [{"exclusive_end": 37, "slot": "destination", "start": 35}], "state": {"active_intent": "FindBus", "requested_slots": [], "slot_values": {"destination": ["SD"]}}}], "speaker": "USER", "utterance": "Hey set me up with a bus headed to SD."}, {"frames": [{"actions": [{"act": "REQUEST", "canonical_values": [], "slot": "origin", "values": []}], "service": "Buses_2", "slots": []}], "speaker": "SYSTEM", "utterance": "Where are you coming from?"}, {"frames": [{"actions": [{"act": "INFORM", "canonical_values": ["Anaheim"], "slot": "origin", "values": ["Anaheim"]}], "service": "Buses_2", "slots": [{"exclusive_end": 27, "slot": "origin", "start": 20}], "state": {"active_intent": "FindBus", "requested_slots": [], "slot_values": {"destination": ["SD"], "origin": ["Anaheim"]}}}], "speaker": "USER", "utterance": "Disney baby, I'm in Anaheim."}, {"frames": [{"actions": [{"act": "REQUEST", "canonical_values": [], "slot": "departure_date", "values": []}], "service": "Buses_2", "slots": []}], "speaker": "SYSTEM", "utterance": "When are you leaving?"}, {"frames": [{"actions": [{"act": "INFORM", "canonical_values": ["2019-03-09"], "slot": "departure_date", "values": ["March 9th"]}, {"act": "INFORM", "canonical_values": ["4"], "slot": "group_size", "values": ["4"]}], "service": "Buses_2", "slots": [{"exclusive_end": 38, "slot": "departure_date", "start": 29}], "state": {"active_intent": "FindBus", "requested_slots": [], "slot_values": {"departure_date": ["March 9th"], "destination": ["SD"], "group_size": ["4"], "origin": ["Anaheim"]}}}], "speaker": "USER", "utterance": "My family of four is leaving March 9th."}, {"frames": [{"actions": [{"act": "OFFER", "canonical_values": ["06:00"], "slot": "departure_time", "values": ["6 am"]}, {"act": "OFFER", "canonical_values": ["23"], "slot": "price", "values": ["$23"]}, {"act": "OFFER", "canonical_values": ["Economy"], "slot": "fare_type", "values": ["Economy"]}], "service": "Buses_2", "service_call": {"method": "FindBus", "parameters": {"departure_date": "2019-03-09", "destination": "San Diego", "group_size": "4", "origin": "Anaheim"}}, "service_results": [{"departure_date": "2019-03-09", "departure_time": "06:00", "destination": "San Diego", "destination_station_name": "Santa Fe Depot", "fare_type": "Economy", "group_size": "4", "origin": "Anaheim", "origin_station_name": "Anaheim Intermodal Center", "price": "23"}, {"departure_date": "2019-03-09", "departure_time": "07:30", "destination": "San Diego", "destination_station_name": "Santa Fe Depot", "fare_type": "Economy", "group_size": "4", "origin": "Anaheim", "origin_station_name": "Anaheim Intermodal Center", "price": "24"}, {"departure_date": "2019-03-09", "departure_time": "09:20", "destination": "San Diego", "destination_station_name": "Santa Fe Depot", "fare_type": "Economy", "group_size": "4", "origin": "Anaheim", "origin_station_name": "Anaheim Intermodal Center", "price": "21"}, {"departure_date": "2019-03-09", "departure_time": "09:40", "destination": "San Diego", "destination_station_name": "Santa Fe Depot", "fare_type": "Economy", "group_size": "4", "origin": "Anaheim", "origin_station_name": "Anaheim Intermodal Center", "price": "23"}, {"departure_date": "2019-03-09", "departure_time": "14:20", "destination": "San Diego", "destination_station_name": "Santa Fe Depot", "fare_type": "Economy", "group_size": "4", "origin": "Anaheim", "origin_station_name": "Anaheim Intermodal Center", "price": "21"}, {"departure_date": "2019-03-09", "departure_time": "14:50", "destination": "San Diego", "destination_station_name": "Santa Fe Depot", "fare_type": "Economy", "group_size": "4", "origin": "Anaheim", "origin_station_name": "Anaheim Intermodal Center", "price": "23"}, {"departure_date": "2019-03-09", "departure_time": "17:50", "destination": "San Diego", "destination_station_name": "Santa Fe Depot", "fare_type": "Economy", "group_size": "4", "origin": "Anaheim", "origin_station_name": "Anaheim Intermodal Center", "price": "20"}, {"departure_date": "2019-03-09", "departure_time": "19:10", "destination": "San Diego", "destination_station_name": "Santa Fe Depot", "fare_type": "Economy", "group_size": "4", "origin": "Anaheim", "origin_station_name": "Anaheim Intermodal Center", "price": "23"}, {"departure_date": "2019-03-09", "departure_time": "19:40", "destination": "San Diego", "destination_station_name": "Santa Fe Depot", "fare_type": "Economy", "group_size": "4", "origin": "Anaheim", "origin_station_name": "Anaheim Intermodal Center", "price": "23"}], "slots": [{"exclusive_end": 27, "slot": "departure_time", "start": 23}, {"exclusive_end": 48, "slot": "price", "start": 45}]}], "speaker": "SYSTEM", "utterance": "What about getting the 6 am bus, economy for $23?"}, {"frames": [{"actions": [{"act": "SELECT", "canonical_values": [], "slot": "", "values": []}], "service": "Buses_2", "slots": [], "state": {"active_intent": "FindBus", "requested_slots": [], "slot_values": {"departure_date": ["March 9th"], "departure_time": ["6 am"], "destination": ["SD"], "fare_type": ["Economy"], "group_size": ["4"], "origin": ["Anaheim"]}}}, {"actions": [{"act": "INFORM", "canonical_values": ["Park"], "slot": "category", "values": ["Park"]}, {"act": "INFORM_INTENT", "canonical_values": ["FindAttractions"], "slot": "intent", "values": ["FindAttractions"]}], "service": "Travel_1", "slots": [], "state": {"active_intent": "FindAttractions", "requested_slots": [], "slot_values": {"category": ["Park"], "location": ["SD"]}}}], "speaker": "USER", "utterance": "Fine, I'm looking for a garden there when I get there, I have to let these girls run around some."}, {"frames": [{"actions": [{"act": "OFFER", "canonical_values": ["Balboa Park"], "slot": "attraction_name", "values": ["Balboa Park"]}, {"act": "OFFER", "canonical_values": ["Park"], "slot": "category", "values": ["Park"]}, {"act": "INFORM_COUNT", "canonical_values": ["6"], "slot": "count", "values": ["6"]}], "service": "Travel_1", "service_call": {"method": "FindAttractions", "parameters": {"category": "Park", "location": "San Diego"}}, "service_results": [{"attraction_name": "Balboa Park", "category": "Park", "free_entry": "False", "good_for_kids": "True", "location": "San Diego", "phone_number": "619-239-0512"}, {"attraction_name": "Cabrillo National Monument", "category": "Park", "free_entry": "True", "good_for_kids": "True", "location": "San Diego", "phone_number": "619-557-5450"}, {"attraction_name": "Japanese Friendship Garden", "category": "Park", "free_entry": "False", "good_for_kids": "False", "location": "San Diego", "phone_number": "619-232-2721"}, {"attraction_name": "La Jolla Shores Park", "category": "Park", "free_entry": "True", "good_for_kids": "True", "location": "San Diego", "phone_number": "619-221-8899"}, {"attraction_name": "Sunset Cliffs Natural Park", "category": "Park", "free_entry": "False", "good_for_kids": "True", "location": "San Diego", "phone_number": "619-525-8213"}, {"attraction_name": "Waterfront Park", "category": "Park", "free_entry": "True", "good_for_kids": "True", "location": "San Diego", "phone_number": "619-232-7275"}], "slots": [{"exclusive_end": 69, "slot": "attraction_name", "start": 58}]}], "speaker": "SYSTEM", "utterance": "There are 6 possibilities but you really should check out Balboa Park. It has gardens in the park."}, {"frames": [{"actions": [{"act": "INFORM_INTENT", "canonical_values": ["BuyBusTicket"], "slot": "intent", "values": ["BuyBusTicket"]}], "service": "Buses_2", "slots": [], "state": {"active_intent": "BuyBusTicket", "requested_slots": [], "slot_values": {"departure_date": ["March 9th"], "departure_time": ["6 am"], "destination": ["SD"], "fare_type": ["Economy"], "group_size": ["4"], "origin": ["Anaheim"]}}}, {"actions": [{"act": "SELECT", "canonical_values": [], "slot": "", "values": []}], "service": "Travel_1", "slots": [], "state": {"active_intent": "FindAttractions", "requested_slots": [], "slot_values": {"category": ["Park"], "location": ["SD"]}}}], "speaker": "USER", "utterance": "Fine, great. I want them tickets baby."}, {"frames": [{"actions": [{"act": "CONFIRM", "canonical_values": ["Anaheim"], "slot": "origin", "values": ["Anaheim"]}, {"act": "CONFIRM", "canonical_values": ["San Diego"], "slot": "destination", "values": ["San Diego"]}, {"act": "CONFIRM", "canonical_values": ["2019-03-09"], "slot": "departure_date", "values": ["March 9th"]}, {"act": "CONFIRM", "canonical_values": ["06:00"], "slot": "departure_time", "values": ["6 am"]}, {"act": "CONFIRM", "canonical_values": ["4"], "slot": "group_size", "values": ["4"]}, {"act": "CONFIRM", "canonical_values": ["Economy"], "slot": "fare_type", "values": ["Economy"]}], "service": "Buses_2", "slots": [{"exclusive_end": 84, "slot": "origin", "start": 77}, {"exclusive_end": 107, "slot": "destination", "start": 98}, {"exclusive_end": 68, "slot": "departure_date", "start": 59}, {"exclusive_end": 55, "slot": "departure_time", "start": 51}]}], "speaker": "SYSTEM", "utterance": "To confirm, 4 economy tickets for a bus leaving at 6 am on March 9th leaving Anaheim and going to San Diego?"}, {"frames": [{"actions": [{"act": "AFFIRM", "canonical_values": [], "slot": "", "values": []}], "service": "Buses_2", "slots": [], "state": {"active_intent": "BuyBusTicket", "requested_slots": [], "slot_values": {"departure_date": ["March 9th"], "departure_time": ["6 am"], "destination": ["SD", "San Diego"], "fare_type": ["Economy"], "group_size": ["4"], "origin": ["Anaheim"]}}}], "speaker": "USER", "utterance": "Perfection, oh wise one."}, {"frames": [{"actions": [{"act": "NOTIFY_SUCCESS", "canonical_values": [], "slot": "", "values": []}], "service": "Buses_2", "service_call": {"method": "BuyBusTicket", "parameters": {"departure_date": "2019-03-09", "departure_time": "06:00", "destination": "San Diego", "fare_type": "Economy", "group_size": "4", "origin": "Anaheim"}}, "service_results": [{"departure_date": "2019-03-09", "departure_time": "06:00", "destination": "San Diego", "destination_station_name": "Santa Fe Depot", "fare_type": "Economy", "group_size": "4", "origin": "Anaheim", "origin_station_name": "Anaheim Intermodal Center", "price": "23"}], "slots": []}], "speaker": "SYSTEM", "utterance": "Your ticket is all set."}, {"frames": [{"actions": [{"act": "REQUEST", "canonical_values": [], "slot": "destination_station_name", "values": []}, {"act": "REQUEST", "canonical_values": [], "slot": "origin_station_name", "values": []}], "service": "Buses_2", "slots": [], "state": {"active_intent": "BuyBusTicket", "requested_slots": ["destination_station_name", "origin_station_name"], "slot_values": {"departure_date": ["March 9th"], "departure_time": ["6 am"], "destination": ["SD", "San Diego"], "fare_type": ["Economy"], "group_size": ["4"], "origin": ["Anaheim"]}}}], "speaker": "USER", "utterance": "Which station am I headed to? Where am I departing from?"}, {"frames": [{"actions": [{"act": "INFORM", "canonical_values": ["Anaheim Intermodal Center"], "slot": "origin_station_name", "values": ["Anaheim Intermodal Center"]}, {"act": "INFORM", "canonical_values": ["Santa Fe Depot"], "slot": "destination_station_name", "values": ["Santa Fe Depot"]}], "service": "Buses_2", "slots": [{"exclusive_end": 42, "slot": "origin_station_name", "start": 17}, {"exclusive_end": 73, "slot": "destination_station_name", "start": 59}]}], "speaker": "SYSTEM", "utterance": "Your leaving the Anaheim Intermodal Center and goin to the Santa Fe Depot in SD."}, {"frames": [{"actions": [{"act": "THANK_YOU", "canonical_values": [], "slot": "", "values": []}], "service": "Buses_2", "slots": [], "state": {"active_intent": "BuyBusTicket", "requested_slots": [], "slot_values": {"departure_date": ["March 9th"], "departure_time": ["6 am"], "destination": ["SD", "San Diego"], "fare_type": ["Economy"], "group_size": ["4"], "origin": ["Anaheim"]}}}, {"actions": [{"act": "INFORM", "canonical_values": ["True"], "slot": "pets_welcome", "values": ["True"]}, {"act": "INFORM", "canonical_values": ["2"], "slot": "number_of_rooms", "values": ["2"]}, {"act": "INFORM_INTENT", "canonical_values": ["SearchHotel"], "slot": "intent", "values": ["SearchHotel"]}], "service": "Hotels_3", "slots": [], "state": {"active_intent": "SearchHotel", "requested_slots": [], "slot_values": {"location": ["SD", "San Diego"], "number_of_rooms": ["2"], "pets_welcome": ["True"]}}}], "speaker": "USER", "utterance": "Perfect, now bet us 2 rooms there where I can bring my labradoodle trixie."}, {"frames": [{"actions": [{"act": "OFFER", "canonical_values": ["Bahia Resort Hotel"], "slot": "hotel_name", "values": ["Bahia Resort Hotel"]}, {"act": "OFFER", "canonical_values": ["4.30"], "slot": "average_rating", "values": ["4.3"]}], "service": "Hotels_3", "service_call": {"method": "SearchHotel", "parameters": {"location": "San Diego", "number_of_rooms": "2", "pets_welcome": "True"}}, "service_results": [{"average_rating": "4.30", "hotel_name": "Bahia Resort Hotel", "location": "San Diego", "number_of_rooms": "2", "pets_welcome": "True", "phone_number": "+1 858-539-8666", "price": "936", "street_address": "998 West Mission Bay Drive"}, {"average_rating": "3.80", "hotel_name": "Best Western Mission Bay", "location": "San Diego", "number_of_rooms": "2", "pets_welcome": "True", "phone_number": "+1 619-275-5700", "price": "1755", "street_address": "2575 Clairemont Drive"}, {"average_rating": "4.40", "hotel_name": "Catamaran Resort Hotel And Spa", "location": "San Diego", "number_of_rooms": "2", "pets_welcome": "True", "phone_number": "+1 858-488-1081", "price": "2604", "street_address": "3999 Mission Boulevard"}, {"average_rating": "3.90", "hotel_name": "Crowne Plaza San Diego - Mission Valley", "location": "San Diego", "number_of_rooms": "2", "pets_welcome": "True", "phone_number": "+1 619-297-1101", "price": "612", "street_address": "2270 Hotel Circle North"}, {"average_rating": "4.20", "hotel_name": "Doubletree By Hilton Hotel San Diego - Del Mar", "location": "San Diego", "number_of_rooms": "2", "pets_welcome": "True", "phone_number": "+1 858-481-5900", "price": "444", "street_address": "11915 El Camino Real"}, {"average_rating": "4.20", "hotel_name": "Doubletree By Hilton Hotel San Diego - Mission Valley", "location": "San Diego", "number_of_rooms": "2", "pets_welcome": "True", "phone_number": "+1 619-297-5466", "price": "264", "street_address": "7450 Hazard Center Drive"}, {"average_rating": "4.50", "hotel_name": "Estancia La Jolla Hotel & Spa", "location": "San Diego", "number_of_rooms": "2", "pets_welcome": "True", "phone_number": "+1 855-430-7503", "price": "372", "street_address": "9700 North Torrey Pines Road, La Jolla, California 92037, United States"}, {"average_rating": "4.20", "hotel_name": "Hampton Inn San Diego/Del Mar", "location": "San Diego", "number_of_rooms": "2", "pets_welcome": "True", "phone_number": "+1 858-792-5557", "price": "1872", "street_address": "11920 El Camino Real"}, {"average_rating": "4.20", "hotel_name": "Hilton San Diego Airport/Harbor Island", "location": "San Diego", "number_of_rooms": "2", "pets_welcome": "True", "phone_number": "+1 619-291-6700", "price": "1008", "street_address": "1960 Harbor Island Drive"}, {"average_rating": "4.30", "hotel_name": "Hilton San Diego Gaslamp Quarter", "location": "San Diego", "number_of_rooms": "2", "pets_welcome": "True", "phone_number": "+1 619-231-4040", "price": "704", "street_address": "401 K Street"}], "slots": [{"exclusive_end": 27, "slot": "hotel_name", "start": 9}, {"exclusive_end": 39, "slot": "average_rating", "start": 36}]}], "speaker": "SYSTEM", "utterance": "Check ou Bahia Resort Hotel. It has 4.3 stars."}, {"frames": [{"actions": [{"act": "SELECT", "canonical_values": [], "slot": "", "values": []}, {"act": "GOODBYE", "canonical_values": [], "slot": "", "values": []}], "service": "Hotels_3", "slots": [], "state": {"active_intent": "SearchHotel", "requested_slots": [], "slot_values": {"hotel_name": ["Bahia Resort Hotel"], "location": ["SD", "San Diego"], "number_of_rooms": ["2"], "pets_welcome": ["True"]}}}], "speaker": "USER", "utterance": "Thats great, thanks."}, {"frames": [{"actions": [{"act": "GOODBYE", "canonical_values": [], "slot": "", "values": []}], "service": "Hotels_3", "slots": []}], "speaker": "SYSTEM", "utterance": "Have a safe trip to San Diego."}]}, {"dialogue_id": "70_00001", "services": ["Buses_2", "Travel_1", "Hotels_3"], "turns": [{"frames": [{"actions": [{"act": "INFORM", "canonical_values": ["Washington"], "slot": "origin", "values": ["Washington"]}, {"act": "INFORM_INTENT", "canonical_values": ["FindBus"], "slot": "intent", "values": ["FindBus"]}], "service": "Buses_2", "slots": [{"exclusive_end": 55, "slot": "origin", "start": 45}], "state": {"active_intent": "FindBus", "requested_slots": [], "slot_values": {"origin": ["Washington"]}}}], "speaker": "USER", "utterance": "Hey, can you help me find a bus leaving from Washington?"}, {"frames": [{"actions": [{"act": "REQUEST", "canonical_values": [], "slot": "departure_date", "values": []}], "service": "Buses_2", "slots": []}], "speaker": "SYSTEM", "utterance": "When are you leaving?"}, {"frames": [{"actions": [{"act": "INFORM", "canonical_values": ["2019-03-05"], "slot": "departure_date", "values": ["Tuesday next week"]}], "service": "Buses_2", "slots": [{"exclusive_end": 17, "slot": "departure_date", "start": 0}], "state": {"active_intent": "FindBus", "requested_slots": [], "slot_values": {"departure_date": ["Tuesday next week"], "origin": ["Washington"]}}}], "speaker": "USER", "utterance": "Tuesday next week."}, {"frames": [{"actions": [{"act": "REQUEST", "canonical_values": [], "slot": "destination", "values": []}], "service": "Buses_2", "slots": []}], "speaker": "SYSTEM", "utterance": "And what's the destination?"}, {"frames": [{"actions": [{"act": "INFORM", "canonical_values": ["Philadelphia"], "slot": "destination", "values": ["Philly"]}], "service": "Buses_2", "slots": [{"exclusive_end": 6, "slot": "destination", "start": 0}], "state": {"active_intent": "FindBus", "requested_slots": [], "slot_values": {"departure_date": ["Tuesday next week"], "destination": ["Philly"], "origin": ["Washington"]}}}], "speaker": "USER", "utterance": "Philly is what I have in mind."}, {"frames": [{"actions": [{"act": "OFFER", "canonical_values": ["07:10"], "slot": "departure_time", "values": ["7:10 am"]}, {"act": "OFFER", "canonical_values": ["29"], "slot": "price", "values": ["$29"]}, {"act": "OFFER", "canonical_values": ["Economy"], "slot": "fare_type", "values": ["Economy"]}, {"act": "INFORM_COUNT", "canonical_values": ["8"], "slot": "count", "values": ["8"]}], "service": "Buses_2", "service_call": {"method": "FindBus", "parameters": {"departure_date": "2019-03-05", "destination": "Philadelphia", "origin": "Washington"}}, "service_results": [{"departure_date": "2019-03-05", "departure_time": "07:10", "destination": "Philadelphia", "destination_station_name": "Intercity Terminal", "fare_type": "Economy", "group_size": "1", "origin": "Washington", "origin_station_name": "Union Station", "price": "29"}, {"departure_date": "2019-03-05", "departure_time": "07:50", "destination": "Philadelphia", "destination_station_name": "Intercity Terminal", "fare_type": "Economy", "group_size": "1", "origin": "Washington", "origin_station_name": "Union Station", "price": "31"}, {"departure_date": "2019-03-05", "departure_time": "08:40", "destination": "Philadelphia", "destination_station_name": "Intercity Terminal", "fare_type": "Economy", "group_size": "1", "origin": "Washington", "origin_station_name": "Union Station", "price": "30"}, {"departure_date": "2019-03-05", "departure_time": "09:00", "destination": "Philadelphia", "destination_station_name": "Intercity Terminal", "fare_type": "Economy", "group_size": "1", "origin": "Washington", "origin_station_name": "Union Station", "price": "29"}, {"departure_date": "2019-03-05", "departure_time": "12:00", "destination": "Philadelphia", "destination_station_name": "Intercity Terminal", "fare_type": "Economy", "group_size": "1", "origin": "Washington", "origin_station_name": "Union Station", "price": "29"}, {"departure_date": "2019-03-05", "departure_time": "14:10", "destination": "Philadelphia", "destination_station_name": "Intercity Terminal", "fare_type": "Economy", "group_size": "1", "origin": "Washington", "origin_station_name": "Union Station", "price": "32"}, {"departure_date": "2019-03-05", "departure_time": "15:30", "destination": "Philadelphia", "destination_station_name": "Intercity Terminal", "fare_type": "Economy", "group_size": "1", "origin": "Washington", "origin_station_name": "Union Station", "price": "29"}, {"departure_date": "2019-03-05", "departure_time": "17:40", "destination": "Philadelphia", "destination_station_name": "Intercity Terminal", "fare_type": "Economy", "group_size": "1", "origin": "Washington", "origin_station_name": "Union Station", "price": "26"}], "slots": [{"exclusive_end": 45, "slot": "departure_time", "start": 38}, {"exclusive_end": 56, "slot": "price", "start": 53}]}], "speaker": "SYSTEM", "utterance": "I found 8. There's one that leaves at 7:10 am with a $29 Economy ticket."}, {"frames": [{"actions": [{"act": "SELECT", "canonical_values": [], "slot": "", "values": []}], "service": "Buses_2", "slots": [], "state": {"active_intent": "FindBus", "requested_slots": [], "slot_values": {"departure_date": ["Tuesday next week"], "departure_time": ["7:10 am"], "destination": ["Philly"], "fare_type": ["Economy"], "origin": ["Washington"]}}}], "speaker": "USER", "utterance": "Sounds really good."}, {"frames": [{"actions": [{"act": "OFFER_INTENT", "canonical_values": ["BuyBusTicket"], "slot": "intent", "values": ["BuyBusTicket"]}], "service": "Buses_2", "slots": []}], "speaker": "SYSTEM", "utterance": "Would you like to buy them?"}, {"frames": [{"actions": [{"act": "NEGATE_INTENT", "canonical_values": [], "slot": "", "values": []}], "service": "Buses_2", "slots": [], "state": {"active_intent": "NONE", "requested_slots": [], "slot_values": {"departure_date": ["Tuesday next week"], "departure_time": ["7:10 am"], "destination": ["Philly"], "fare_type": ["Economy"], "origin": ["Washington"]}}}, {"actions": [{"act": "INFORM_INTENT", "canonical_values": ["FindAttractions"], "slot": "intent", "values": ["FindAttractions"]}], "service": "Travel_1", "slots": [], "state": {"active_intent": "FindAttractions", "requested_slots": [], "slot_values": {"location": ["Philly"]}}}], "speaker": "USER", "utterance": "Yes but later. Can you show me some attractions there?"}, {"frames": [{"actions": [{"act": "OFFER", "canonical_values": ["Art Museum Steps"], "slot": "attraction_name", "values": ["Art Museum Steps"]}, {"act": "OFFER", "canonical_values": ["Tourist Attraction"], "slot": "category", "values": ["Tourist Attraction"]}], "service": "Travel_1", "service_call": {"method": "FindAttractions", "parameters": {"location": "Philadelphia"}}, "service_results": [{"attraction_name": "Art Museum Steps", "category": "Tourist Attraction", "free_entry": "True", "good_for_kids": "True", "location": "Philadelphia", "phone_number": "215-763-8100"}, {"attraction_name": "Barnes Foundation", "category": "Museum", "free_entry": "False", "good_for_kids": "True", "location": "Philadelphia", "phone_number": "215-278-7000"}, {"attraction_name": "Bartram's Garden", "category": "Park", "free_entry": "True", "good_for_kids": "True", "location": "Philadelphia", "phone_number": "215-729-5281"}, {"attraction_name": "Ben Franklin Bridge", "category": "Historical Landmark", "free_entry": "True", "good_for_kids": "True", "location": "Philadelphia", "phone_number": "856-968-3300"}, {"attraction_name": "Benjamin Franklin Museum", "category": "Museum", "free_entry": "True", "good_for_kids": "True", "location": "Philadelphia", "phone_number": "267-514-1522"}, {"attraction_name": "Betsy Ross House", "category": "Historical Landmark", "free_entry": "False", "good_for_kids": "True", "location": "Philadelphia", "phone_number": "215-686-1252"}, {"attraction_name": "Blue Cross RiverRink", "category": "Sports Venue", "free_entry": "False", "good_for_kids": "True", "location": "Philadelphia", "phone_number": "215-925-7465"}, {"attraction_name": "Cathedral Basilica of Saints Peter and Paul", "category": "Place of Worship", "free_entry": "True", "good_for_kids": "True", "location": "Philadelphia", "phone_number": "267-250-0074"}, {"attraction_name": "Eastern State Penitentiary", "category": "Museum", "free_entry": "False", "good_for_kids": "False", "location": "Philadelphia", "phone_number": "215-236-5111"}, {"attraction_name": "Elfreth's Alley", "category": "Historical Landmark", "free_entry": "True", "good_for_kids": "False", "location": "Philadelphia", "phone_number": "215-574-0560"}], "slots": [{"exclusive_end": 20, "slot": "attraction_name", "start": 4}]}], "speaker": "SYSTEM", "utterance": "The Art Museum Steps is a tourist attraction you should definitely check out."}, {"frames": [{"actions": [{"act": "REQUEST", "canonical_values": [], "slot": "good_for_kids", "values": []}, {"act": "REQUEST", "canonical_values": [], "slot": "free_entry", "values": []}], "service": "Travel_1", "slots": [], "state": {"active_intent": "FindAttractions", "requested_slots": ["free_entry", "good_for_kids"], "slot_values": {"location": ["Philly"]}}}], "speaker": "USER", "utterance": "Would you say it is child friendly? Do they charge an entrance fee?"}, {"frames": [{"actions": [{"act": "INFORM", "canonical_values": ["True"], "slot": "good_for_kids", "values": ["True"]}, {"act": "INFORM", "canonical_values": ["True"], "slot": "free_entry", "values": ["True"]}], "service": "Travel_1", "slots": []}], "speaker": "SYSTEM", "utterance": "Yes, it's a great place for kids. And no, there are no entrance fees."}, {"frames": [{"actions": [{"act": "INFORM", "canonical_values": ["3"], "slot": "group_size", "values": ["3"]}, {"act": "INFORM_INTENT", "canonical_values": ["BuyBusTicket"], "slot": "intent", "values": ["BuyBusTicket"]}], "service": "Buses_2", "slots": [], "state": {"active_intent": "BuyBusTicket", "requested_slots": [], "slot_values": {"departure_date": ["Tuesday next week"], "departure_time": ["7:10 am"], "destination": ["Philly"], "fare_type": ["Economy"], "group_size": ["3"], "origin": ["Washington"]}}}, {"actions": [{"act": "SELECT", "canonical_values": [], "slot": "", "values": []}], "service": "Travel_1", "slots": [], "state": {"active_intent": "FindAttractions", "requested_slots": [], "slot_values": {"location": ["Philly"]}}}], "speaker": "USER", "utterance": "Okay, good. I'll want the tickets to the bus you found. Three please."}, {"frames": [{"actions": [{"act": "CONFIRM", "canonical_values": ["Washington"], "slot": "origin", "values": ["Washington"]}, {"act": "CONFIRM", "canonical_values": ["Philadelphia"], "slot": "destination", "values": ["Philadelphia"]}, {"act": "CONFIRM", "canonical_values": ["2019-03-05"], "slot": "departure_date", "values": ["March 5th"]}, {"act": "CONFIRM", "canonical_values": ["07:10"], "slot": "departure_time", "values": ["7:10 am"]}, {"act": "CONFIRM", "canonical_values": ["3"], "slot": "group_size", "values": ["3"]}, {"act": "CONFIRM", "canonical_values": ["Economy"], "slot": "fare_type", "values": ["Economy"]}], "service": "Buses_2", "slots": [{"exclusive_end": 53, "slot": "origin", "start": 43}, {"exclusive_end": 69, "slot": "destination", "start": 57}, {"exclusive_end": 82, "slot": "departure_date", "start": 73}, {"exclusive_end": 93, "slot": "departure_time", "start": 86}]}], "speaker": "SYSTEM", "utterance": "So 3 Economy tickets on a bus leaving from Washington to Philadelphia on March 5th at 7:10 am?"}, {"frames": [{"actions": [{"act": "AFFIRM", "canonical_values": [], "slot": "", "values": []}], "service": "Buses_2", "slots": [], "state": {"active_intent": "BuyBusTicket", "requested_slots": [], "slot_values": {"departure_date": ["March 5th", "Tuesday next week"], "departure_time": ["7:10 am"], "destination": ["Philadelphia", "Philly"], "fare_type": ["Economy"], "group_size": ["3"], "origin": ["Washington"]}}}], "speaker": "USER", "utterance": "Yes, that's it."}, {"frames": [{"actions": [{"act": "NOTIFY_SUCCESS", "canonical_values": [], "slot": "", "values": []}], "service": "Buses_2", "service_call": {"method": "BuyBusTicket", "parameters": {"departure_date": "2019-03-05", "departure_time": "07:10", "destination": "Philadelphia", "fare_type": "Economy", "group_size": "3", "origin": "Washington"}}, "service_results": [{"departure_date": "2019-03-05", "departure_time": "07:10", "destination": "Philadelphia", "destination_station_name": "Intercity Terminal", "fare_type": "Economy", "group_size": "3", "origin": "Washington", "origin_station_name": "Union Station", "price": "29"}], "slots": []}], "speaker": "SYSTEM", "utterance": "Your ticket is booked."}, {"frames": [{"actions": [{"act": "REQUEST", "canonical_values": [], "slot": "origin_station_name", "values": []}], "service": "Buses_2", "slots": [], "state": {"active_intent": "BuyBusTicket", "requested_slots": ["origin_station_name"], "slot_values": {"departure_date": ["March 5th", "Tuesday next week"], "departure_time": ["7:10 am"], "destination": ["Philadelphia", "Philly"], "fare_type": ["Economy"], "group_size": ["3"], "origin": ["Washington"]}}}], "speaker": "USER", "utterance": "Which station am I leaving from?"}, {"frames": [{"actions": [{"act": "INFORM", "canonical_values": ["Union Station"], "slot": "origin_station_name", "values": ["Union Station"]}], "service": "Buses_2", "slots": [{"exclusive_end": 18, "slot": "origin_station_name", "start": 5}]}], "speaker": "SYSTEM", "utterance": "From Union Station."}, {"frames": [{"actions": [{"act": "THANK_YOU", "canonical_values": [], "slot": "", "values": []}], "service": "Buses_2", "slots": [], "state": {"active_intent": "BuyBusTicket", "requested_slots": [], "slot_values": {"departure_date": ["March 5th", "Tuesday next week"], "departure_time": ["7:10 am"], "destination": ["Philadelphia", "Philly"], "fare_type": ["Economy"], "group_size": ["3"], "origin": ["Washington"]}}}, {"actions": [{"act": "INFORM_INTENT", "canonical_values": ["SearchHotel"], "slot": "intent", "values": ["SearchHotel"]}], "service": "Hotels_3", "slots": [], "state": {"active_intent": "SearchHotel", "requested_slots": [], "slot_values": {"location": ["Philadelphia", "Philly"]}}}], "speaker": "USER", "utterance": "Thanks a lot. Help me find a hotel there too."}, {"frames": [{"actions": [{"act": "OFFER", "canonical_values": ["Aka University City"], "slot": "hotel_name", "values": ["Aka University City"]}, {"act": "OFFER", "canonical_values": ["4.60"], "slot": "average_rating", "values": ["4.6"]}], "service": "Hotels_3", "service_call": {"method": "SearchHotel", "parameters": {"location": "Philadelphia"}}, "service_results": [{"average_rating": "4.60", "hotel_name": "Aka University City", "location": "Philadelphia", "number_of_rooms": "1", "pets_welcome": "False", "phone_number": "+1 215-372-9000", "price": "264", "street_address": "Cira Centre South, 2929 Walnut Street"}, {"average_rating": "4.00", "hotel_name": "Aloft Philadelphia Airport", "location": "Philadelphia", "number_of_rooms": "2", "pets_welcome": "True", "phone_number": "+1 267-298-1700", "price": "1248", "street_address": "4301 Island Avenue"}, {"average_rating": "4.40", "hotel_name": "Aloft Philadelphia Downtown", "location": "Philadelphia", "number_of_rooms": "3", "pets_welcome": "True", "phone_number": "+1 215-607-2020", "price": "396", "street_address": "101 North Broad Street"}, {"average_rating": "3.90", "hotel_name": "Best Western Plus Philadelphia Convention Center Hotel", "location": "Philadelphia", "number_of_rooms": "1", "pets_welcome": "False", "phone_number": "+1 215-398-3080", "price": "138", "street_address": "1225 Vine Street"}, {"average_rating": "4.00", "hotel_name": "Club Quarters Hotel, Philadelphia", "location": "Philadelphia", "number_of_rooms": "3", "pets_welcome": "False", "phone_number": "+1 215-282-5000", "price": "312", "street_address": "1628 Chestnut Street"}, {"average_rating": "4.30", "hotel_name": "Courtyard By Marriott Philadelphia City Avenue", "location": "Philadelphia", "number_of_rooms": "2", "pets_welcome": "False", "phone_number": "+1 215-477-0200", "price": "880", "street_address": "4100 Presidential Boulevard"}, {"average_rating": "4.50", "hotel_name": "Courtyard By Marriott Philadelphia South At The Navy Yard", "location": "Philadelphia", "number_of_rooms": "3", "pets_welcome": "False", "phone_number": "+1 215-644-9200", "price": "1536", "street_address": "1001 Intrepid Avenue"}, {"average_rating": "3.90", "hotel_name": "Doubletree By Hilton Hotel Philadelphia Airport", "location": "Philadelphia", "number_of_rooms": "2", "pets_welcome": "False", "phone_number": "+1 215-365-4150", "price": "468", "street_address": "4509 Island Avenue"}, {"average_rating": "4.00", "hotel_name": "Embassy Suites By Hilton Philadelphia Airport", "location": "Philadelphia", "number_of_rooms": "1", "pets_welcome": "False", "phone_number": "+1 215-365-4500", "price": "504", "street_address": "9000 Bartram Avenue"}, {"average_rating": "4.10", "hotel_name": "Fairfield Inn & Suites By Marriott Philadelphia Downtown/Center City", "location": "Philadelphia", "number_of_rooms": "3", "pets_welcome": "False", "phone_number": "+1 800-228-2800", "price": "720", "street_address": "261 South 13th Street"}], "slots": [{"exclusive_end": 23, "slot": "hotel_name", "start": 4}, {"exclusive_end": 55, "slot": "average_rating", "start": 52}]}], "speaker": "SYSTEM", "utterance": "The Aka University City is a great one there with a 4.6 rating."}, {"frames": [{"actions": [{"act": "SELECT", "canonical_values": [], "slot": "", "values": []}], "service": "Hotels_3", "slots": [], "state": {"active_intent": "SearchHotel", "requested_slots": [], "slot_values": {"hotel_name": ["Aka University City"], "location": ["Philadelphia", "Philly"]}}}], "speaker": "USER", "utterance": "Sounds like a perfect hotel."}, {"frames": [{"actions": [{"act": "OFFER_INTENT", "canonical_values": ["ReserveHotel"], "slot": "intent", "values": ["ReserveHotel"]}], "service": "Hotels_3", "slots": []}], "speaker": "SYSTEM", "utterance": "Should at make the reservation?"}, {"frames": [{"actions": [{"act": "NEGATE_INTENT", "canonical_values": [], "slot": "", "values": []}], "service": "Hotels_3", "slots": [], "state": {"active_intent": "NONE", "requested_slots": [], "slot_values": {"hotel_name": ["Aka University City"], "location": ["Philadelphia", "Philly"]}}}], "speaker": "USER", "utterance": "No, not right now."}, {"frames": [{"actions": [{"act": "REQ_MORE", "canonical_values": [], "slot": "", "values": []}], "service": "Hotels_3", "slots": []}], "speaker": "SYSTEM", "utterance": "Can I help you further?"}, {"frames": [{"actions": [{"act": "NEGATE", "canonical_values": [], "slot": "", "values": []}, {"act": "THANK_YOU", "canonical_values": [], "slot": "", "values": []}], "service": "Hotels_3", "slots": [], "state": {"active_intent": "NONE", "requested_slots": [], "slot_values": {"hotel_name": ["Aka University City"], "location": ["Philadelphia", "Philly"]}}}], "speaker": "USER", "utterance": "No, thank you."}, {"frames": [{"actions": [{"act": "GOODBYE", "canonical_values": [], "slot": "", "values": []}], "service": "Hotels_3", "slots": []}], "speaker": "SYSTEM", "utterance": "Have an amazing day."}]}, {"dialogue_id": "70_00002", "services": ["Buses_2", "Travel_1", "Hotels_3"], "turns": [{"frames": [{"actions": [{"act": "INFORM_INTENT", "canonical_values": ["FindBus"], "slot": "intent", "values": ["FindBus"]}], "service": "Buses_2", "slots": [], "state": {"active_intent": "FindBus", "requested_slots": [], "slot_values": {}}}], "speaker": "USER", "utterance": "Hello! Can you help me find bus tickets?"}, {"frames": [{"actions": [{"act": "REQUEST", "canonical_values": [], "slot": "origin", "values": []}], "service": "Buses_2", "slots": []}], "speaker": "SYSTEM", "utterance": "I'd be happy to help. Where will you be departing from?"}, {"frames": [{"actions": [{"act": "INFORM", "canonical_values": ["Philadelphia"], "slot": "origin", "values": ["Philly"]}], "service": "Buses_2", "slots": [{"exclusive_end": 24, "slot": "origin", "start": 18}], "state": {"active_intent": "FindBus", "requested_slots": [], "slot_values": {"origin": ["Philly"]}}}], "speaker": "USER", "utterance": "I will be leaving Philly."}, {"frames": [{"actions": [{"act": "REQUEST", "canonical_values": [], "slot": "destination", "values": []}], "service": "Buses_2", "slots": []}], "speaker": "SYSTEM", "utterance": "Where are you headed?"}, {"frames": [{"actions": [{"act": "INFORM", "canonical_values": ["New York"], "slot": "destination", "values": ["New York"]}], "service": "Buses_2", "slots": [{"exclusive_end": 27, "slot": "destination", "start": 19}], "state": {"active_intent": "FindBus", "requested_slots": [], "slot_values": {"destination": ["New York"], "origin": ["Philly"]}}}], "speaker": "USER", "utterance": "I will be visiting New York."}, {"frames": [{"actions": [{"act": "REQUEST", "canonical_values": [], "slot": "departure_date", "values": []}], "service": "Buses_2", "slots": []}], "speaker": "SYSTEM", "utterance": "When will you be traveling?"}, {"frames": [{"actions": [{"act": "INFORM", "canonical_values": ["2019-03-07"], "slot": "departure_date", "values": ["March 7th"]}], "service": "Buses_2", "slots": [{"exclusive_end": 25, "slot": "departure_date", "start": 16}], "state": {"active_intent": "FindBus", "requested_slots": [], "slot_values": {"departure_date": ["March 7th"], "destination": ["New York"], "origin": ["Philly"]}}}], "speaker": "USER", "utterance": "I will leave on March 7th."}, {"frames": [{"actions": [{"act": "OFFER", "canonical_values": ["08:30"], "slot": "departure_time", "values": ["8:30 am"]}, {"act": "OFFER", "canonical_values": ["24"], "slot": "price", "values": ["$24"]}, {"act": "OFFER", "canonical_values": ["Economy"], "slot": "fare_type", "values": ["Economy"]}, {"act": "INFORM_COUNT", "canonical_values": ["8"], "slot": "count", "values": ["8"]}], "service": "Buses_2", "service_call": {"method": "FindBus", "parameters": {"departure_date": "2019-03-07", "destination": "New York", "origin": "Philadelphia"}}, "service_results": [{"departure_date": "2019-03-07", "departure_time": "08:30", "destination": "New York", "destination_station_name": "Port Authority Station", "fare_type": "Economy", "group_size": "1", "origin": "Philadelphia", "origin_station_name": "Intercity Terminal", "price": "24"}, {"departure_date": "2019-03-07", "departure_time": "09:50", "destination": "New York", "destination_station_name": "Port Authority Station", "fare_type": "Economy", "group_size": "1", "origin": "Philadelphia", "origin_station_name": "Intercity Terminal", "price": "22"}, {"departure_date": "2019-03-07", "departure_time": "10:10", "destination": "New York", "destination_station_name": "Port Authority Station", "fare_type": "Economy", "group_size": "1", "origin": "Philadelphia", "origin_station_name": "Intercity Terminal", "price": "23"}, {"departure_date": "2019-03-07", "departure_time": "10:20", "destination": "New York", "destination_station_name": "Port Authority Station", "fare_type": "Economy", "group_size": "1", "origin": "Philadelphia", "origin_station_name": "Intercity Terminal", "price": "16"}, {"departure_date": "2019-03-07", "departure_time": "11:50", "destination": "New York", "destination_station_name": "Port Authority Station", "fare_type": "Economy", "group_size": "1", "origin": "Philadelphia", "origin_station_name": "Intercity Terminal", "price": "23"}, {"departure_date": "2019-03-07", "departure_time": "14:00", "destination": "New York", "destination_station_name": "Port Authority Station", "fare_type": "Economy", "group_size": "1", "origin": "Philadelphia", "origin_station_name": "Intercity Terminal", "price": "20"}, {"departure_date": "2019-03-07", "departure_time": "16:10", "destination": "New York", "destination_station_name": "Port Authority Station", "fare_type": "Economy", "group_size": "1", "origin": "Philadelphia", "origin_station_name": "Intercity Terminal", "price": "23"}, {"departure_date": "2019-03-07", "departure_time": "17:30", "destination": "New York", "destination_station_name": "Port Authority Station", "fare_type": "Economy", "group_size": "1", "origin": "Philadelphia", "origin_station_name": "Intercity Terminal", "price": "22"}], "slots": [{"exclusive_end": 116, "slot": "departure_time", "start": 109}, {"exclusive_end": 82, "slot": "price", "start": 79}]}], "speaker": "SYSTEM", "utterance": "There are 8 options that may work for you. The first is an Economy tickets for $24 on teh bus that leaves at 8:30 am."}, {"frames": [{"actions": [{"act": "SELECT", "canonical_values": [], "slot": "", "values": []}], "service": "Buses_2", "slots": [], "state": {"active_intent": "FindBus", "requested_slots": [], "slot_values": {"departure_date": ["March 7th"], "departure_time": ["8:30 am"], "destination": ["New York"], "fare_type": ["Economy"], "origin": ["Philly"]}}}, {"actions": [{"act": "INFORM_INTENT", "canonical_values": ["FindAttractions"], "slot": "intent", "values": ["FindAttractions"]}], "service": "Travel_1", "slots": [], "state": {"active_intent": "FindAttractions", "requested_slots": [], "slot_values": {"location": ["New York"]}}}], "speaker": "USER", "utterance": "That will work. What kind of things are available to do there?"}, {"frames": [{"actions": [{"act": "OFFER", "canonical_values": ["92nd Street Y"], "slot": "attraction_name", "values": ["92nd Street Y"]}, {"act": "OFFER", "canonical_values": ["Performing Arts Venue"], "slot": "category", "values": ["Performing Arts Venue"]}], "service": "Travel_1", "service_call": {"method": "FindAttractions", "parameters": {"location": "New York"}}, "service_results": [{"attraction_name": "92nd Street Y", "category": "Performing Arts Venue", "free_entry": "False", "good_for_kids": "False", "location": "New York", "phone_number": "(212) 415-5788"}, {"attraction_name": "American Folk Art Museum", "category": "Museum", "free_entry": "False", "good_for_kids": "True", "location": "New York", "phone_number": "(212) 265-1040"}, {"attraction_name": "American Museum of Natural History", "category": "Museum", "free_entry": "True", "good_for_kids": "True", "location": "New York", "phone_number": "(212) 769-5100"}, {"attraction_name": "Apollo Theater", "category": "Performing Arts Venue", "free_entry": "True", "good_for_kids": "True", "location": "New York", "phone_number": "212-531-5300"}, {"attraction_name": "Astoria Park", "category": "Park", "free_entry": "False", "good_for_kids": "True", "location": "New York", "phone_number": "212-639-9675"}, {"attraction_name": "Balto Statue", "category": "Tourist Attraction", "free_entry": "True", "good_for_kids": "False", "location": "New York", "phone_number": "212-310-6600"}], "slots": [{"exclusive_end": 62, "slot": "attraction_name", "start": 49}]}], "speaker": "SYSTEM", "utterance": "May I suggest visiting the Performing Arts Venue 92nd Street Y?"}, {"frames": [{"actions": [{"act": "INFORM", "canonical_values": ["True"], "slot": "good_for_kids", "values": ["True"]}, {"act": "INFORM", "canonical_values": ["Place of Worship"], "slot": "category", "values": ["Place of Worship"]}, {"act": "REQUEST_ALTS", "canonical_values": [], "slot": "", "values": []}], "service": "Travel_1", "slots": [], "state": {"active_intent": "FindAttractions", "requested_slots": [], "slot_values": {"category": ["Place of Worship"], "good_for_kids": ["True"], "location": ["New York"]}}}], "speaker": "USER", "utterance": "That sounds interesting but I'm looking for something to do that is child-friendly. Is there Place of Worship nearby?"}, {"frames": [{"actions": [{"act": "OFFER", "canonical_values": ["First Corinthian Baptist Church"], "slot": "attraction_name", "values": ["First Corinthian Baptist Church"]}, {"act": "OFFER", "canonical_values": ["Place of Worship"], "slot": "category", "values": ["Place of Worship"]}, {"act": "INFORM_COUNT", "canonical_values": ["6"], "slot": "count", "values": ["6"]}], "service": "Travel_1", "service_call": {"method": "FindAttractions", "parameters": {"category": "Place of Worship", "good_for_kids": "True", "location": "New York"}}, "service_results": [{"attraction_name": "First Corinthian Baptist Church", "category": "Place of Worship", "free_entry": "True", "good_for_kids": "True", "location": "New York", "phone_number": "212-864-5976"}, {"attraction_name": "Saint Thomas Church Fifth Avenue", "category": "Place of Worship", "free_entry": "True", "good_for_kids": "True", "location": "New York", "phone_number": "212-664-9360"}, {"attraction_name": "St. Patrick's Cathedral", "category": "Place of Worship", "free_entry": "False", "good_for_kids": "True", "location": "New York", "phone_number": "212-753-2261"}, {"attraction_name": "The Brooklyn Tabernacle", "category": "Place of Worship", "free_entry": "False", "good_for_kids": "True", "location": "New York", "phone_number": "718-290-2000"}, {"attraction_name": "The Cathedral Church of St. John the Divine", "category": "Place of Worship", "free_entry": "False", "good_for_kids": "True", "location": "New York", "phone_number": "212-316-7540"}, {"attraction_name": "Trinity Church", "category": "Place of Worship", "free_entry": "True", "good_for_kids": "True", "location": "New York", "phone_number": "212-602-0800"}], "slots": [{"exclusive_end": 97, "slot": "attraction_name", "start": 66}]}], "speaker": "SYSTEM", "utterance": "The are 6 that match your criteria. The first Place of Worship is First Corinthian Baptist Church."}, {"frames": [{"actions": [{"act": "INFORM", "canonical_values": ["Museum"], "slot": "category", "values": ["Museum"]}, {"act": "INFORM", "canonical_values": ["True"], "slot": "free_entry", "values": ["True"]}, {"act": "REQUEST_ALTS", "canonical_values": [], "slot": "", "values": []}], "service": "Travel_1", "slots": [], "state": {"active_intent": "FindAttractions", "requested_slots": [], "slot_values": {"category": ["Museum"], "free_entry": ["True"], "good_for_kids": ["True"], "location": ["New York"]}}}], "speaker": "USER", "utterance": "Is there a museum that has no entry fee?"}, {"frames": [{"actions": [{"act": "OFFER", "canonical_values": ["American Museum of Natural History"], "slot": "attraction_name", "values": ["American Museum of Natural History"]}, {"act": "OFFER", "canonical_values": ["Museum"], "slot": "category", "values": ["Museum"]}], "service": "Travel_1", "service_call": {"method": "FindAttractions", "parameters": {"category": "Museum", "free_entry": "True", "good_for_kids": "True", "location": "New York"}}, "service_results": [{"attraction_name": "American Museum of Natural History", "category": "Museum", "free_entry": "True", "good_for_kids": "True", "location": "New York", "phone_number": "(212) 769-5100"}, {"attraction_name": "Brooklyn Children's Museum", "category": "Museum", "free_entry": "True", "good_for_kids": "True", "location": "New York", "phone_number": "718-735-4400"}, {"attraction_name": "Brooklyn Museum", "category": "Museum", "free_entry": "True", "good_for_kids": "True", "location": "New York", "phone_number": "(718) 638-5000"}, {"attraction_name": "Children's Museum Of Manhattan", "category": "Museum", "free_entry": "True", "good_for_kids": "True", "location": "New York", "phone_number": "212-721-1223"}, {"attraction_name": "Cooper Hewitt Smithsonian Design Museum", "category": "Museum", "free_entry": "True", "good_for_kids": "True", "location": "New York", "phone_number": "212-849-8400"}, {"attraction_name": "David Zwirner", "category": "Museum", "free_entry": "True", "good_for_kids": "True", "location": "New York", "phone_number": "(212) 727-2072"}, {"attraction_name": "El Museo del Barrio", "category": "Museum", "free_entry": "True", "good_for_kids": "True", "location": "New York", "phone_number": "917-634-0340"}, {"attraction_name": "Ellis Island National Museum of Immigration", "category": "Museum", "free_entry": "True", "good_for_kids": "True", "location": "New York", "phone_number": "832-960-0009"}, {"attraction_name": "Intrepid Sea, Air & Space Museum", "category": "Museum", "free_entry": "True", "good_for_kids": "True", "location": "New York", "phone_number": "(212) 245-0072"}, {"attraction_name": "Museum of Sex", "category": "Museum", "free_entry": "True", "good_for_kids": "True", "location": "New York", "phone_number": "212-689-6337"}], "slots": [{"exclusive_end": 75, "slot": "attraction_name", "start": 41}]}], "speaker": "SYSTEM", "utterance": "If you want to see a Museum, I'd suggest American Museum of Natural History."}, {"frames": [{"actions": [{"act": "REQUEST", "canonical_values": [], "slot": "phone_number", "values": []}], "service": "Travel_1", "slots": [], "state": {"active_intent": "FindAttractions", "requested_slots": ["phone_number"], "slot_values": {"category": ["Museum"], "free_entry": ["True"], "good_for_kids": ["True"], "location": ["New York"]}}}], "speaker": "USER", "utterance": "Can you tell me the contact number?"}, {"frames": [{"actions": [{"act": "INFORM", "canonical_values": ["(212) 769-5100"], "slot": "phone_number", "values": ["(212) 769-5100"]}], "service": "Travel_1", "slots": [{"exclusive_end": 30, "slot": "phone_number", "start": 16}]}], "speaker": "SYSTEM", "utterance": "Certainly. It's (212) 769-5100."}, {"frames": [{"actions": [{"act": "INFORM", "canonical_values": ["1"], "slot": "group_size", "values": ["1"]}, {"act": "INFORM_INTENT", "canonical_values": ["BuyBusTicket"], "slot": "intent", "values": ["BuyBusTicket"]}], "service": "Buses_2", "slots": [], "state": {"active_intent": "BuyBusTicket", "requested_slots": [], "slot_values": {"departure_date": ["March 7th"], "departure_time": ["8:30 am"], "destination": ["New York"], "fare_type": ["Economy"], "group_size": ["1"], "origin": ["Philly"]}}}, {"actions": [{"act": "SELECT", "canonical_values": [], "slot": "", "values": []}], "service": "Travel_1", "slots": [], "state": {"active_intent": "FindAttractions", "requested_slots": [], "slot_values": {"category": ["Museum"], "free_entry": ["True"], "good_for_kids": ["True"], "location": ["New York"]}}}], "speaker": "USER", "utterance": "Perfect. Can you please purchase 1 ticket on the bus we found previously?"}, {"frames": [{"actions": [{"act": "CONFIRM", "canonical_values": ["Philadelphia"], "slot": "origin", "values": ["Philadelphia"]}, {"act": "CONFIRM", "canonical_values": ["New York"], "slot": "destination", "values": ["New York"]}, {"act": "CONFIRM", "canonical_values": ["2019-03-07"], "slot": "departure_date", "values": ["March 7th"]}, {"act": "CONFIRM", "canonical_values": ["08:30"], "slot": "departure_time", "values": ["8:30 am"]}, {"act": "CONFIRM", "canonical_values": ["1"], "slot": "group_size", "values": ["1"]}, {"act": "CONFIRM", "canonical_values": ["Economy"], "slot": "fare_type", "values": ["Economy"]}], "service": "Buses_2", "slots": [{"exclusive_end": 48, "slot": "origin", "start": 36}, {"exclusive_end": 91, "slot": "destination", "start": 83}, {"exclusive_end": 61, "slot": "departure_date", "start": 52}, {"exclusive_end": 72, "slot": "departure_time", "start": 65}]}], "speaker": "SYSTEM", "utterance": "You'd like 1 Economy ticket leaving Philadelphia on March 7th at 8:30 am bound for New York. Is this correct?"}, {"frames": [{"actions": [{"act": "REQUEST", "canonical_values": [], "slot": "destination_station_name", "values": []}, {"act": "AFFIRM", "canonical_values": [], "slot": "", "values": []}], "service": "Buses_2", "slots": [], "state": {"active_intent": "BuyBusTicket", "requested_slots": ["destination_station_name"], "slot_values": {"departure_date": ["March 7th"], "departure_time": ["8:30 am"], "destination": ["New York"], "fare_type": ["Economy"], "group_size": ["1"], "origin": ["Philadelphia", "Philly"]}}}], "speaker": "USER", "utterance": "Yes. Can you tell me which bus station I will arrive at?"}, {"frames": [{"actions": [{"act": "INFORM", "canonical_values": ["Port Authority Station"], "slot": "destination_station_name", "values": ["Port Authority Station"]}, {"act": "NOTIFY_SUCCESS", "canonical_values": [], "slot": "", "values": []}], "service": "Buses_2", "service_call": {"method": "BuyBusTicket", "parameters": {"departure_date": "2019-03-07", "departure_time": "08:30", "destination": "New York", "fare_type": "Economy", "group_size": "1", "origin": "Philadelphia"}}, "service_results": [{"departure_date": "2019-03-07", "departure_time": "08:30", "destination": "New York", "destination_station_name": "Port Authority Station", "fare_type": "Economy", "group_size": "1", "origin": "Philadelphia", "origin_station_name": "Intercity Terminal", "price": "24"}], "slots": [{"exclusive_end": 46, "slot": "destination_station_name", "start": 24}]}], "speaker": "SYSTEM", "utterance": "You will be arriving at Port Authority Station. Your ticket purchase was successful."}, {"frames": [{"actions": [{"act": "INFORM_INTENT", "canonical_values": ["SearchHotel"], "slot": "intent", "values": ["SearchHotel"]}], "service": "Hotels_3", "slots": [], "state": {"active_intent": "SearchHotel", "requested_slots": [], "slot_values": {"location": ["New York"]}}}], "speaker": "USER", "utterance": "Can you help me find a hotel nearby?"}, {"frames": [{"actions": [{"act": "OFFER", "canonical_values": ["1 Hotel Brooklyn Bridge"], "slot": "hotel_name", "values": ["1 Hotel Brooklyn Bridge"]}, {"act": "OFFER", "canonical_values": ["4.50"], "slot": "average_rating", "values": ["4.5"]}, {"act": "INFORM_COUNT", "canonical_values": ["10"], "slot": "count", "values": ["10"]}], "service": "Hotels_3", "service_call": {"method": "SearchHotel", "parameters": {"location": "New York"}}, "service_results": [{"average_rating": "4.50", "hotel_name": "1 Hotel Brooklyn Bridge", "location": "New York", "number_of_rooms": "3", "pets_welcome": "True", "phone_number": "+1 833-625-6111", "price": "360", "street_address": "60 Furman Street, Brooklyn"}, {"average_rating": "4.50", "hotel_name": "1 Hotel Central Park", "location": "New York", "number_of_rooms": "3", "pets_welcome": "True", "phone_number": "+1 212-703-2001", "price": "1680", "street_address": "1414 6th Avenue"}, {"average_rating": "4.30", "hotel_name": "11 Howard", "location": "New York", "number_of_rooms": "1", "pets_welcome": "False", "phone_number": "+1 212-235-1111", "price": "544", "street_address": "11 Howard Street"}, {"average_rating": "4.00", "hotel_name": "6 Columbus Hotel", "location": "New York", "number_of_rooms": "3", "pets_welcome": "True", "phone_number": "+1 212-204-3000", "price": "1440", "street_address": "308 West 58th Street"}, {"average_rating": "4.50", "hotel_name": "Ac Hotel New York Times Square", "location": "New York", "number_of_rooms": "2", "pets_welcome": "False", "phone_number": "+1 212-398-2700", "price": "280", "street_address": "260 West 40th Street"}, {"average_rating": "4.30", "hotel_name": "Ace Hotel", "location": "New York", "number_of_rooms": "1", "pets_welcome": "True", "phone_number": "+1 212-991-0551", "price": "720", "street_address": "20 West 29th Street"}, {"average_rating": "3.90", "hotel_name": "Adria Hotel & Conference Center", "location": "New York", "number_of_rooms": "3", "pets_welcome": "False", "phone_number": "+1 718-631-5900", "price": "648", "street_address": "221-17 Northern Boulevard, Bayside"}, {"average_rating": "4.40", "hotel_name": "Aka Central Park", "location": "New York", "number_of_rooms": "3", "pets_welcome": "False", "phone_number": "+1 646-744-3100", "price": "1536", "street_address": "42 West 58th Street"}, {"average_rating": "4.40", "hotel_name": "Aka Times Square", "location": "New York", "number_of_rooms": "2", "pets_welcome": "True", "phone_number": "+1 212-764-5700", "price": "1440", "street_address": "123 West 44th Street"}, {"average_rating": "4.60", "hotel_name": "Aka Wall Street", "location": "New York", "number_of_rooms": "2", "pets_welcome": "False", "phone_number": "+1 212-252-9090", "price": "832", "street_address": "84 William Street"}], "slots": [{"exclusive_end": 51, "slot": "hotel_name", "start": 28}, {"exclusive_end": 61, "slot": "average_rating", "start": 58}]}], "speaker": "SYSTEM", "utterance": "There are 10 nearby hotels. 1 Hotel Brooklyn Bridge has a 4.5 rating."}, {"frames": [{"actions": [{"act": "SELECT", "canonical_values": [], "slot": "", "values": []}], "service": "Hotels_3", "slots": [], "state": {"active_intent": "SearchHotel", "requested_slots": [], "slot_values": {"hotel_name": ["1 Hotel Brooklyn Bridge"], "location": ["New York"]}}}], "speaker": "USER", "utterance": "That's fine with me."}, {"frames": [{"actions": [{"act": "OFFER_INTENT", "canonical_values": ["ReserveHotel"], "slot": "intent", "values": ["ReserveHotel"]}], "service": "Hotels_3", "slots": []}], "speaker": "SYSTEM", "utterance": "Would you like to make your reservation at this time?"}, {"frames": [{"actions": [{"act": "NEGATE_INTENT", "canonical_values": [], "slot": "", "values": []}, {"act": "GOODBYE", "canonical_values": [], "slot": "", "values": []}], "service": "Hotels_3", "slots": [], "state": {"active_intent": "NONE", "requested_slots": [], "slot_values": {"hotel_name": ["1 Hotel Brooklyn Bridge"], "location": ["New York"]}}}], "speaker": "USER", "utterance": "No, not yet. Thank you."}, {"frames": [{"actions": [{"act": "GOODBYE", "canonical_values": [], "slot": "", "values": []}], "service": "Hotels_3", "slots": []}], "speaker": "SYSTEM", "utterance": "You're welcome. Have a great day."}]}, {"dialogue_id": "70_00003", "services": ["Buses_2", "Travel_1", "Hotels_3"], "turns": [{"frames": [{"actions": [{"act": "INFORM", "canonical_values": ["2019-03-11"], "slot": "departure_date", "values": ["11th of March"]}, {"act": "INFORM", "canonical_values": ["San Francisco"], "slot": "destination", "values": ["San Fran"]}, {"act": "INFORM", "canonical_values": ["dontcare"], "slot": "fare_type", "values": ["dontcare"]}, {"act": "INFORM_INTENT", "canonical_values": ["FindBus"], "slot": "intent", "values": ["FindBus"]}], "service": "Buses_2", "slots": [{"exclusive_end": 46, "slot": "departure_date", "start": 33}, {"exclusive_end": 68, "slot": "destination", "start": 60}], "state": {"active_intent": "FindBus", "requested_slots": [], "slot_values": {"departure_date": ["11th of March"], "destination": ["San Fran"], "fare_type": ["dontcare"]}}}], "speaker": "USER", "utterance": "I want a bus that departs on the 11th of March and heads to San Fran."}, {"frames": [{"actions": [{"act": "REQUEST", "canonical_values": [], "slot": "origin", "values": []}], "service": "Buses_2", "slots": []}], "speaker": "SYSTEM", "utterance": "What is your departure city?"}, {"frames": [{"actions": [{"act": "INFORM", "canonical_values": ["Las Vegas"], "slot": "origin", "values": ["Vegas"]}], "service": "Buses_2", "slots": [{"exclusive_end": 27, "slot": "origin", "start": 22}], "state": {"active_intent": "FindBus", "requested_slots": [], "slot_values": {"departure_date": ["11th of March"], "destination": ["San Fran"], "fare_type": ["dontcare"], "origin": ["Vegas"]}}}], "speaker": "USER", "utterance": "I am departing out of Vegas."}, {"frames": [{"actions": [{"act": "OFFER", "canonical_values": ["10:50"], "slot": "departure_time", "values": ["10:50 am"]}, {"act": "OFFER", "canonical_values": ["56"], "slot": "price", "values": ["$56"]}, {"act": "OFFER", "canonical_values": ["Economy"], "slot": "fare_type", "values": ["Economy"]}, {"act": "INFORM_COUNT", "canonical_values": ["6"], "slot": "count", "values": ["6"]}], "service": "Buses_2", "service_call": {"method": "FindBus", "parameters": {"departure_date": "2019-03-11", "destination": "San Francisco", "origin": "Las Vegas"}}, "service_results": [{"departure_date": "2019-03-11", "departure_time": "10:50", "destination": "San Francisco", "destination_station_name": "Salesforce Transit Center", "fare_type": "Economy", "group_size": "1", "origin": "Las Vegas", "origin_station_name": "Union Plaza", "price": "56"}, {"departure_date": "2019-03-11", "departure_time": "12:50", "destination": "San Francisco", "destination_station_name": "Salesforce Transit Center", "fare_type": "Economy", "group_size": "1", "origin": "Las Vegas", "origin_station_name": "Union Plaza", "price": "52"}, {"departure_date": "2019-03-11", "departure_time": "14:40", "destination": "San Francisco", "destination_station_name": "Salesforce Transit Center", "fare_type": "Economy", "group_size": "1", "origin": "Las Vegas", "origin_station_name": "Union Plaza", "price": "52"}, {"departure_date": "2019-03-11", "departure_time": "14:50", "destination": "San Francisco", "destination_station_name": "Salesforce Transit Center", "fare_type": "Economy", "group_size": "1", "origin": "Las Vegas", "origin_station_name": "Union Plaza", "price": "47"}, {"departure_date": "2019-03-11", "departure_time": "15:50", "destination": "San Francisco", "destination_station_name": "Salesforce Transit Center", "fare_type": "Economy", "group_size": "1", "origin": "Las Vegas", "origin_station_name": "Union Plaza", "price": "46"}, {"departure_date": "2019-03-11", "departure_time": "19:40", "destination": "San Francisco", "destination_station_name": "Salesforce Transit Center", "fare_type": "Economy", "group_size": "1", "origin": "Las Vegas", "origin_station_name": "Union Plaza", "price": "54"}], "slots": [{"exclusive_end": 75, "slot": "departure_time", "start": 67}, {"exclusive_end": 89, "slot": "price", "start": 86}]}], "speaker": "SYSTEM", "utterance": "Search revealed 6 results. There is an Economy bus that departs at 10:50 am and costs $56."}, {"frames": [{"actions": [{"act": "REQUEST", "canonical_values": [], "slot": "destination_station_name", "values": []}, {"act": "REQUEST", "canonical_values": [], "slot": "origin_station_name", "values": []}], "service": "Buses_2", "slots": [], "state": {"active_intent": "FindBus", "requested_slots": ["destination_station_name", "origin_station_name"], "slot_values": {"departure_date": ["11th of March"], "destination": ["San Fran"], "fare_type": ["dontcare"], "origin": ["Vegas"]}}}], "speaker": "USER", "utterance": "What are the departure and arrival stations?"}, {"frames": [{"actions": [{"act": "INFORM", "canonical_values": ["Union Plaza"], "slot": "origin_station_name", "values": ["Union Plaza"]}, {"act": "INFORM", "canonical_values": ["Salesforce Transit Center"], "slot": "destination_station_name", "values": ["Salesforce Transit Center"]}], "service": "Buses_2", "slots": [{"exclusive_end": 29, "slot": "origin_station_name", "start": 18}, {"exclusive_end": 71, "slot": "destination_station_name", "start": 46}]}], "speaker": "SYSTEM", "utterance": "You are departing Union Plaza and arriving at Salesforce Transit Center."}, {"frames": [{"actions": [{"act": "SELECT", "canonical_values": [], "slot": "", "values": []}], "service": "Buses_2", "slots": [], "state": {"active_intent": "FindBus", "requested_slots": [], "slot_values": {"departure_date": ["11th of March"], "departure_time": ["10:50 am"], "destination": ["San Fran"], "fare_type": ["Economy"], "origin": ["Vegas"]}}}], "speaker": "USER", "utterance": "That works for me."}, {"frames": [{"actions": [{"act": "REQ_MORE", "canonical_values": [], "slot": "", "values": []}], "service": "Buses_2", "slots": []}], "speaker": "SYSTEM", "utterance": "Do you need something more?"}, {"frames": [{"actions": [{"act": "INFORM", "canonical_values": ["True"], "slot": "good_for_kids", "values": ["True"]}, {"act": "INFORM_INTENT", "canonical_values": ["FindAttractions"], "slot": "intent", "values": ["FindAttractions"]}], "service": "Travel_1", "slots": [], "state": {"active_intent": "FindAttractions", "requested_slots": [], "slot_values": {"good_for_kids": ["True"], "location": ["San Fran"]}}}], "speaker": "USER", "utterance": "Find me some child-friendly attractions there."}, {"frames": [{"actions": [{"act": "OFFER", "canonical_values": ["Alcatraz Island"], "slot": "attraction_name", "values": ["Alcatraz Island"]}, {"act": "OFFER", "canonical_values": ["Historical Landmark"], "slot": "category", "values": ["Historical Landmark"]}], "service": "Travel_1", "service_call": {"method": "FindAttractions", "parameters": {"good_for_kids": "True", "location": "San Francisco"}}, "service_results": [{"attraction_name": "Alcatraz Island", "category": "Historical Landmark", "free_entry": "False", "good_for_kids": "True", "location": "San Francisco", "phone_number": "415-561-4900"}, {"attraction_name": "Aquarium of the Bay", "category": "Nature Preserve", "free_entry": "True", "good_for_kids": "True", "location": "San Francisco", "phone_number": "415-623-5300"}, {"attraction_name": "Cable Car Museum", "category": "Museum", "free_entry": "False", "good_for_kids": "True", "location": "San Francisco", "phone_number": "415-474-1887"}, {"attraction_name": "Children's Creativity Museum", "category": "Museum", "free_entry": "False", "good_for_kids": "True", "location": "San Francisco", "phone_number": "415-820-3320"}, {"attraction_name": "Chinatown San Francisco", "category": "Tourist Attraction", "free_entry": "False", "good_for_kids": "True", "location": "San Francisco", "phone_number": "888-212-3203"}, {"attraction_name": "Coit Tower", "category": "Historical Landmark", "free_entry": "True", "good_for_kids": "True", "location": "San Francisco", "phone_number": "415-249-0995"}, {"attraction_name": "Contemporary Jewish Museum", "category": "Museum", "free_entry": "True", "good_for_kids": "True", "location": "San Francisco", "phone_number": "415-655-7800"}, {"attraction_name": "Crissy Field", "category": "Tourist Attraction", "free_entry": "True", "good_for_kids": "True", "location": "San Francisco", "phone_number": "415-561-4323"}, {"attraction_name": "Exploratorium", "category": "Museum", "free_entry": "True", "good_for_kids": "True", "location": "San Francisco", "phone_number": "415-528-4444"}, {"attraction_name": "Ferry Plaza Farmers Market", "category": "Shopping Area", "free_entry": "True", "good_for_kids": "True", "location": "San Francisco", "phone_number": "415-291-3276"}], "slots": [{"exclusive_end": 15, "slot": "attraction_name", "start": 0}]}], "speaker": "SYSTEM", "utterance": "Alcatraz Island is a Historical Landmark."}, {"frames": [{"actions": [{"act": "REQUEST", "canonical_values": [], "slot": "phone_number", "values": []}], "service": "Travel_1", "slots": [], "state": {"active_intent": "FindAttractions", "requested_slots": ["phone_number"], "slot_values": {"good_for_kids": ["True"], "location": ["San Fran"]}}}], "speaker": "USER", "utterance": "How can I contact them?"}, {"frames": [{"actions": [{"act": "INFORM", "canonical_values": ["415-561-4900"], "slot": "phone_number", "values": ["415-561-4900"]}], "service": "Travel_1", "slots": [{"exclusive_end": 36, "slot": "phone_number", "start": 24}]}], "speaker": "SYSTEM", "utterance": "You can contact them at 415-561-4900."}, {"frames": [{"actions": [{"act": "REQUEST", "canonical_values": [], "slot": "free_entry", "values": []}], "service": "Travel_1", "slots": [], "state": {"active_intent": "FindAttractions", "requested_slots": ["free_entry"], "slot_values": {"good_for_kids": ["True"], "location": ["San Fran"]}}}], "speaker": "USER", "utterance": "Does this place charge and entry fee?"}, {"frames": [{"actions": [{"act": "INFORM", "canonical_values": ["False"], "slot": "free_entry", "values": ["False"]}], "service": "Travel_1", "slots": []}], "speaker": "SYSTEM", "utterance": "Yes, there is an entry fee."}, {"frames": [{"actions": [{"act": "INFORM", "canonical_values": ["3"], "slot": "group_size", "values": ["3"]}, {"act": "INFORM_INTENT", "canonical_values": ["BuyBusTicket"], "slot": "intent", "values": ["BuyBusTicket"]}], "service": "Buses_2", "slots": [], "state": {"active_intent": "BuyBusTicket", "requested_slots": [], "slot_values": {"departure_date": ["11th of March"], "departure_time": ["10:50 am"], "destination": ["San Fran"], "fare_type": ["Economy"], "group_size": ["3"], "origin": ["Vegas"]}}}, {"actions": [{"act": "SELECT", "canonical_values": [], "slot": "", "values": []}], "service": "Travel_1", "slots": [], "state": {"active_intent": "FindAttractions", "requested_slots": [], "slot_values": {"good_for_kids": ["True"], "location": ["San Fran"]}}}], "speaker": "USER", "utterance": "That works for me. Get me three bus tickets to San Francisco."}, {"frames": [{"actions": [{"act": "CONFIRM", "canonical_values": ["Las Vegas"], "slot": "origin", "values": ["Las Vegas"]}, {"act": "CONFIRM", "canonical_values": ["San Francisco"], "slot": "destination", "values": ["San Francisco"]}, {"act": "CONFIRM", "canonical_values": ["2019-03-11"], "slot": "departure_date", "values": ["March 11th"]}, {"act": "CONFIRM", "canonical_values": ["10:50"], "slot": "departure_time", "values": ["10:50 am"]}, {"act": "CONFIRM", "canonical_values": ["3"], "slot": "group_size", "values": ["3"]}, {"act": "CONFIRM", "canonical_values": ["Economy"], "slot": "fare_type", "values": ["Economy"]}], "service": "Buses_2", "slots": [{"exclusive_end": 45, "slot": "origin", "start": 36}, {"exclusive_end": 62, "slot": "destination", "start": 49}, {"exclusive_end": 110, "slot": "departure_date", "start": 100}, {"exclusive_end": 96, "slot": "departure_time", "start": 88}]}], "speaker": "SYSTEM", "utterance": "You want 3 Economy bus tickets from Las Vegas to San Francisco with a departure time of 10:50 am on March 11th. Is that right"}, {"frames": [{"actions": [{"act": "AFFIRM", "canonical_values": [], "slot": "", "values": []}], "service": "Buses_2", "slots": [], "state": {"active_intent": "BuyBusTicket", "requested_slots": [], "slot_values": {"departure_date": ["11th of March", "March 11th"], "departure_time": ["10:50 am"], "destination": ["San Fran", "San Francisco"], "fare_type": ["Economy"], "group_size": ["3"], "origin": ["Las Vegas", "Vegas"]}}}], "speaker": "USER", "utterance": "That is perfect."}, {"frames": [{"actions": [{"act": "NOTIFY_SUCCESS", "canonical_values": [], "slot": "", "values": []}], "service": "Buses_2", "service_call": {"method": "BuyBusTicket", "parameters": {"departure_date": "2019-03-11", "departure_time": "10:50", "destination": "San Francisco", "fare_type": "Economy", "group_size": "3", "origin": "Las Vegas"}}, "service_results": [{"departure_date": "2019-03-11", "departure_time": "10:50", "destination": "San Francisco", "destination_station_name": "Salesforce Transit Center", "fare_type": "Economy", "group_size": "3", "origin": "Las Vegas", "origin_station_name": "Union Plaza", "price": "56"}], "slots": []}], "speaker": "SYSTEM", "utterance": "Your tickets are booked."}, {"frames": [{"actions": [{"act": "THANK_YOU", "canonical_values": [], "slot": "", "values": []}], "service": "Buses_2", "slots": [], "state": {"active_intent": "BuyBusTicket", "requested_slots": [], "slot_values": {"departure_date": ["11th of March", "March 11th"], "departure_time": ["10:50 am"], "destination": ["San Fran", "San Francisco"], "fare_type": ["Economy"], "group_size": ["3"], "origin": ["Las Vegas", "Vegas"]}}}, {"actions": [{"act": "INFORM", "canonical_values": ["1"], "slot": "number_of_rooms", "values": ["1"]}, {"act": "INFORM_INTENT", "canonical_values": ["SearchHotel"], "slot": "intent", "values": ["SearchHotel"]}], "service": "Hotels_3", "slots": [], "state": {"active_intent": "SearchHotel", "requested_slots": [], "slot_values": {"location": ["San Fran", "San Francisco"], "number_of_rooms": ["1"]}}}], "speaker": "USER", "utterance": "Thanks a bunch. Now try to find me 1 hotel room for there."}, {"frames": [{"actions": [{"act": "OFFER", "canonical_values": ["Amsterdam Hostel San Francisco"], "slot": "hotel_name", "values": ["Amsterdam Hostel San Francisco"]}, {"act": "OFFER", "canonical_values": ["3.50"], "slot": "average_rating", "values": ["3.5"]}], "service": "Hotels_3", "service_call": {"method": "SearchHotel", "parameters": {"location": "San Francisco", "number_of_rooms": "1"}}, "service_results": [{"average_rating": "3.50", "hotel_name": "Amsterdam Hostel San Francisco", "location": "San Francisco", "number_of_rooms": "1", "pets_welcome": "False", "phone_number": "+1 415-673-3277", "price": "1116", "street_address": "749 Taylor Street"}, {"average_rating": "4.40", "hotel_name": "Argonaut Hotel", "location": "San Francisco", "number_of_rooms": "1", "pets_welcome": "True", "phone_number": "+1 415-563-0800", "price": "1200", "street_address": "495 Jefferson Street"}, {"average_rating": "4.40", "hotel_name": "Beck'S Motor Lodge", "location": "San Francisco", "number_of_rooms": "1", "pets_welcome": "False", "phone_number": "+1 415-621-8212", "price": "2184", "street_address": "2222 Market Street"}, {"average_rating": "2.60", "hotel_name": "Bei Hotel San Francisco", "location": "San Francisco", "number_of_rooms": "1", "pets_welcome": "True", "phone_number": "+1 415-626-6103", "price": "608", "street_address": "50 8th Street"}, {"average_rating": "4.00", "hotel_name": "Beresford Arms Hotel", "location": "San Francisco", "number_of_rooms": "1", "pets_welcome": "True", "phone_number": "+1 415-673-2600", "price": "92", "street_address": "701 Post Street"}, {"average_rating": "3.60", "hotel_name": "Casa Loma Hotel", "location": "San Francisco", "number_of_rooms": "1", "pets_welcome": "False", "phone_number": "+1 415-552-7100", "price": "504", "street_address": "610 Fillmore Street"}, {"average_rating": "4.30", "hotel_name": "Chancellor Hotel On Union Square", "location": "San Francisco", "number_of_rooms": "1", "pets_welcome": "False", "phone_number": "+1 415-362-2004", "price": "1160", "street_address": "433 Powell Street"}, {"average_rating": "4.10", "hotel_name": "Chelsea", "location": "San Francisco", "number_of_rooms": "1", "pets_welcome": "False", "phone_number": "+1 415-563-5600", "price": "1152", "street_address": "2095 Lombard Street"}, {"average_rating": "3.90", "hotel_name": "Comfort Inn By The Bay", "location": "San Francisco", "number_of_rooms": "1", "pets_welcome": "False", "phone_number": "+1 415-928-5000", "price": "828", "street_address": "2775 Van Ness Avenue"}, {"average_rating": "4.30", "hotel_name": "Cornell Hotel De France", "location": "San Francisco", "number_of_rooms": "1", "pets_welcome": "False", "phone_number": "+1 415-421-3154", "price": "640", "street_address": "715 Bush Street"}], "slots": [{"exclusive_end": 30, "slot": "hotel_name", "start": 0}, {"exclusive_end": 40, "slot": "average_rating", "start": 37}]}], "speaker": "SYSTEM", "utterance": "Amsterdam Hostel San Francisco has a 3.5 rating."}, {"frames": [{"actions": [{"act": "SELECT", "canonical_values": [], "slot": "", "values": []}], "service": "Hotels_3", "slots": [], "state": {"active_intent": "SearchHotel", "requested_slots": [], "slot_values": {"hotel_name": ["Amsterdam Hostel San Francisco"], "location": ["San Fran", "San Francisco"], "number_of_rooms": ["1"]}}}], "speaker": "USER", "utterance": "That works for me."}, {"frames": [{"actions": [{"act": "OFFER_INTENT", "canonical_values": ["ReserveHotel"], "slot": "intent", "values": ["ReserveHotel"]}], "service": "Hotels_3", "slots": []}], "speaker": "SYSTEM", "utterance": "Shall I book you a hotel room?"}, {"frames": [{"actions": [{"act": "NEGATE_INTENT", "canonical_values": [], "slot": "", "values": []}], "service": "Hotels_3", "slots": [], "state": {"active_intent": "NONE", "requested_slots": [], "slot_values": {"hotel_name": ["Amsterdam Hostel San Francisco"], "location": ["San Fran", "San Francisco"], "number_of_rooms": ["1"]}}}], "speaker": "USER", "utterance": "No, not right now."}, {"frames": [{"actions": [{"act": "REQ_MORE", "canonical_values": [], "slot": "", "values": []}], "service": "Hotels_3", "slots": []}], "speaker": "SYSTEM", "utterance": "Do you need something more?"}, {"frames": [{"actions": [{"act": "NEGATE", "canonical_values": [], "slot": "", "values": []}, {"act": "THANK_YOU", "canonical_values": [], "slot": "", "values": []}], "service": "Hotels_3", "slots": [], "state": {"active_intent": "NONE", "requested_slots": [], "slot_values": {"hotel_name": ["Amsterdam Hostel San Francisco"], "location": ["San Fran", "San Francisco"], "number_of_rooms": ["1"]}}}], "speaker": "USER", "utterance": "No, not right now. Thanks."}, {"frames": [{"actions": [{"act": "GOODBYE", "canonical_values": [], "slot": "", "values": []}], "service": "Hotels_3", "slots": []}], "speaker": "SYSTEM", "utterance": "Have a great day."}]}, {"dialogue_id": "70_00004", "services": ["Buses_2", "Travel_1", "Hotels_3"], "turns": [{"frames": [{"actions": [{"act": "INFORM_INTENT", "canonical_values": ["FindBus"], "slot": "intent", "values": ["FindBus"]}], "service": "Buses_2", "slots": [], "state": {"active_intent": "FindBus", "requested_slots": [], "slot_values": {}}}], "speaker": "USER", "utterance": "Find me a bus."}, {"frames": [{"actions": [{"act": "REQUEST", "canonical_values": [], "slot": "destination", "values": []}, {"act": "REQUEST", "canonical_values": [], "slot": "origin", "values": []}, {"act": "REQUEST", "canonical_values": [], "slot": "departure_date", "values": []}], "service": "Buses_2", "slots": []}], "speaker": "SYSTEM", "utterance": "Where to? Where from? For when?"}, {"frames": [{"actions": [{"act": "INFORM", "canonical_values": ["San Francisco"], "slot": "origin", "values": ["San Fran"]}, {"act": "INFORM", "canonical_values": ["2019-03-01"], "slot": "departure_date", "values": ["today"]}, {"act": "INFORM", "canonical_values": ["Fresno"], "slot": "destination", "values": ["Fresno, CA"]}], "service": "Buses_2", "slots": [{"exclusive_end": 8, "slot": "origin", "start": 0}, {"exclusive_end": 14, "slot": "departure_date", "start": 9}, {"exclusive_end": 28, "slot": "destination", "start": 18}], "state": {"active_intent": "FindBus", "requested_slots": [], "slot_values": {"departure_date": ["today"], "destination": ["Fresno, CA"], "origin": ["San Fran"]}}}], "speaker": "USER", "utterance": "San Fran today to Fresno, CA."}, {"frames": [{"actions": [{"act": "OFFER", "canonical_values": ["09:20"], "slot": "departure_time", "values": ["9:20 am"]}, {"act": "OFFER", "canonical_values": ["32"], "slot": "price", "values": ["$32"]}, {"act": "OFFER", "canonical_values": ["Economy"], "slot": "fare_type", "values": ["Economy"]}], "service": "Buses_2", "service_call": {"method": "FindBus", "parameters": {"departure_date": "2019-03-01", "destination": "Fresno", "origin": "San Francisco"}}, "service_results": [{"departure_date": "2019-03-01", "departure_time": "09:20", "destination": "Fresno", "destination_station_name": "Fresno Station", "fare_type": "Economy", "group_size": "1", "origin": "San Francisco", "origin_station_name": "Salesforce Transit Center", "price": "32"}, {"departure_date": "2019-03-01", "departure_time": "10:20", "destination": "Fresno", "destination_station_name": "Fresno Station", "fare_type": "Economy", "group_size": "1", "origin": "San Francisco", "origin_station_name": "Salesforce Transit Center", "price": "32"}, {"departure_date": "2019-03-01", "departure_time": "12:20", "destination": "Fresno", "destination_station_name": "Fresno Station", "fare_type": "Economy", "group_size": "1", "origin": "San Francisco", "origin_station_name": "Salesforce Transit Center", "price": "34"}, {"departure_date": "2019-03-01", "departure_time": "14:30", "destination": "Fresno", "destination_station_name": "Fresno Station", "fare_type": "Economy", "group_size": "1", "origin": "San Francisco", "origin_station_name": "Salesforce Transit Center", "price": "29"}, {"departure_date": "2019-03-01", "departure_time": "16:30", "destination": "Fresno", "destination_station_name": "Fresno Station", "fare_type": "Economy", "group_size": "1", "origin": "San Francisco", "origin_station_name": "Salesforce Transit Center", "price": "34"}, {"departure_date": "2019-03-01", "departure_time": "17:30", "destination": "Fresno", "destination_station_name": "Fresno Station", "fare_type": "Economy", "group_size": "1", "origin": "San Francisco", "origin_station_name": "Salesforce Transit Center", "price": "31"}, {"departure_date": "2019-03-01", "departure_time": "18:20", "destination": "Fresno", "destination_station_name": "Fresno Station", "fare_type": "Economy", "group_size": "1", "origin": "San Francisco", "origin_station_name": "Salesforce Transit Center", "price": "25"}], "slots": [{"exclusive_end": 17, "slot": "departure_time", "start": 10}, {"exclusive_end": 29, "slot": "price", "start": 26}]}], "speaker": "SYSTEM", "utterance": "There's a 9:20 am bus for $32 in economy."}, {"frames": [{"actions": [{"act": "REQUEST", "canonical_values": [], "slot": "destination_station_name", "values": []}, {"act": "REQUEST", "canonical_values": [], "slot": "origin_station_name", "values": []}], "service": "Buses_2", "slots": [], "state": {"active_intent": "FindBus", "requested_slots": ["destination_station_name", "origin_station_name"], "slot_values": {"departure_date": ["today"], "destination": ["Fresno, CA"], "origin": ["San Fran"]}}}], "speaker": "USER", "utterance": "Departure and arrival stations?"}, {"frames": [{"actions": [{"act": "INFORM", "canonical_values": ["Salesforce Transit Center"], "slot": "origin_station_name", "values": ["Salesforce Transit Center"]}, {"act": "INFORM", "canonical_values": ["Fresno Station"], "slot": "destination_station_name", "values": ["Fresno Station"]}], "service": "Buses_2", "slots": [{"exclusive_end": 25, "slot": "origin_station_name", "start": 0}, {"exclusive_end": 44, "slot": "destination_station_name", "start": 30}]}], "speaker": "SYSTEM", "utterance": "Salesforce Transit Center and Fresno Station."}, {"frames": [{"actions": [{"act": "INFORM", "canonical_values": ["2019-03-13"], "slot": "departure_date", "values": ["March 13th"]}, {"act": "INFORM", "canonical_values": ["Flexible"], "slot": "fare_type", "values": ["Flexible"]}, {"act": "REQUEST_ALTS", "canonical_values": [], "slot": "", "values": []}], "service": "Buses_2", "slots": [{"exclusive_end": 29, "slot": "departure_date", "start": 19}], "state": {"active_intent": "FindBus", "requested_slots": [], "slot_values": {"departure_date": ["March 13th"], "destination": ["Fresno, CA"], "fare_type": ["Flexible"], "origin": ["San Fran"]}}}], "speaker": "USER", "utterance": "What else? Leaving March 13th, flexible tickets."}, {"frames": [{"actions": [{"act": "OFFER", "canonical_values": ["10:20"], "slot": "departure_time", "values": ["10:20 am"]}, {"act": "OFFER", "canonical_values": ["49"], "slot": "price", "values": ["$49"]}, {"act": "OFFER", "canonical_values": ["Flexible"], "slot": "fare_type", "values": ["Flexible"]}, {"act": "INFORM_COUNT", "canonical_values": ["6"], "slot": "count", "values": ["6"]}], "service": "Buses_2", "service_call": {"method": "FindBus", "parameters": {"departure_date": "2019-03-13", "destination": "Fresno", "fare_type": "Flexible", "origin": "San Francisco"}}, "service_results": [{"departure_date": "2019-03-13", "departure_time": "09:20", "destination": "Fresno", "destination_station_name": "Fresno Station", "fare_type": "Flexible", "group_size": "1", "origin": "San Francisco", "origin_station_name": "Salesforce Transit Center", "price": "53"}, {"departure_date": "2019-03-13", "departure_time": "10:20", "destination": "Fresno", "destination_station_name": "Fresno Station", "fare_type": "Flexible", "group_size": "1", "origin": "San Francisco", "origin_station_name": "Salesforce Transit Center", "price": "49"}, {"departure_date": "2019-03-13", "departure_time": "12:20", "destination": "Fresno", "destination_station_name": "Fresno Station", "fare_type": "Flexible", "group_size": "1", "origin": "San Francisco", "origin_station_name": "Salesforce Transit Center", "price": "55"}, {"departure_date": "2019-03-13", "departure_time": "14:30", "destination": "Fresno", "destination_station_name": "Fresno Station", "fare_type": "Flexible", "group_size": "1", "origin": "San Francisco", "origin_station_name": "Salesforce Transit Center", "price": "56"}, {"departure_date": "2019-03-13", "departure_time": "16:30", "destination": "Fresno", "destination_station_name": "Fresno Station", "fare_type": "Flexible", "group_size": "1", "origin": "San Francisco", "origin_station_name": "Salesforce Transit Center", "price": "53"}, {"departure_date": "2019-03-13", "departure_time": "17:30", "destination": "Fresno", "destination_station_name": "Fresno Station", "fare_type": "Flexible", "group_size": "1", "origin": "San Francisco", "origin_station_name": "Salesforce Transit Center", "price": "52"}], "slots": [{"exclusive_end": 35, "slot": "departure_time", "start": 27}, {"exclusive_end": 47, "slot": "price", "start": 44}]}], "speaker": "SYSTEM", "utterance": "I found 6 buses. There's a 10:20 am one for $49 in flexible."}, {"frames": [{"actions": [{"act": "SELECT", "canonical_values": [], "slot": "", "values": []}], "service": "Buses_2", "slots": [], "state": {"active_intent": "FindBus", "requested_slots": [], "slot_values": {"departure_date": ["March 13th"], "departure_time": ["10:20 am"], "destination": ["Fresno, CA"], "fare_type": ["Flexible"], "origin": ["San Fran"]}}}], "speaker": "USER", "utterance": "Good."}, {"frames": [{"actions": [{"act": "OFFER_INTENT", "canonical_values": ["BuyBusTicket"], "slot": "intent", "values": ["BuyBusTicket"]}], "service": "Buses_2", "slots": []}], "speaker": "SYSTEM", "utterance": "Do you want tickets?"}, {"frames": [{"actions": [{"act": "NEGATE_INTENT", "canonical_values": [], "slot": "", "values": []}], "service": "Buses_2", "slots": [], "state": {"active_intent": "NONE", "requested_slots": [], "slot_values": {"departure_date": ["March 13th"], "departure_time": ["10:20 am"], "destination": ["Fresno, CA"], "fare_type": ["Flexible"], "origin": ["San Fran"]}}}, {"actions": [{"act": "INFORM", "canonical_values": ["True"], "slot": "free_entry", "values": ["True"]}, {"act": "INFORM_INTENT", "canonical_values": ["FindAttractions"], "slot": "intent", "values": ["FindAttractions"]}], "service": "Travel_1", "slots": [], "state": {"active_intent": "FindAttractions", "requested_slots": [], "slot_values": {"free_entry": ["True"], "location": ["Fresno, CA"]}}}], "speaker": "USER", "utterance": "Later, find free attractions there."}, {"frames": [{"actions": [{"act": "OFFER", "canonical_values": ["Christmas Tree Lane"], "slot": "attraction_name", "values": ["Christmas Tree Lane"]}, {"act": "OFFER", "canonical_values": ["Tourist Attraction"], "slot": "category", "values": ["Tourist Attraction"]}, {"act": "INFORM_COUNT", "canonical_values": ["3"], "slot": "count", "values": ["3"]}], "service": "Travel_1", "service_call": {"method": "FindAttractions", "parameters": {"free_entry": "True", "location": "Fresno"}}, "service_results": [{"attraction_name": "Christmas Tree Lane", "category": "Tourist Attraction", "free_entry": "True", "good_for_kids": "True", "location": "Fresno", "phone_number": "559-348-9200"}, {"attraction_name": "Forestiere Underground Gardens", "category": "Historical Landmark", "free_entry": "True", "good_for_kids": "True", "location": "Fresno", "phone_number": "559-271-0734"}, {"attraction_name": "Island Waterpark", "category": "Theme Park", "free_entry": "True", "good_for_kids": "True", "location": "Fresno", "phone_number": "559-277-6800"}], "slots": [{"exclusive_end": 34, "slot": "attraction_name", "start": 15}]}], "speaker": "SYSTEM", "utterance": "I found 3. Try Christmas Tree Lane, it's a tourist attraction."}, {"frames": [{"actions": [{"act": "INFORM_INTENT", "canonical_values": ["BuyBusTicket"], "slot": "intent", "values": ["BuyBusTicket"]}], "service": "Buses_2", "slots": [], "state": {"active_intent": "BuyBusTicket", "requested_slots": [], "slot_values": {"departure_date": ["March 13th"], "departure_time": ["10:20 am"], "destination": ["Fresno, CA"], "fare_type": ["Flexible"], "origin": ["San Fran"]}}}, {"actions": [{"act": "SELECT", "canonical_values": [], "slot": "", "values": []}], "service": "Travel_1", "slots": [], "state": {"active_intent": "FindAttractions", "requested_slots": [], "slot_values": {"free_entry": ["True"], "location": ["Fresno, CA"]}}}], "speaker": "USER", "utterance": "Ok. Book those bus tickets."}, {"frames": [{"actions": [{"act": "REQUEST", "canonical_values": [], "slot": "group_size", "values": []}], "service": "Buses_2", "slots": []}], "speaker": "SYSTEM", "utterance": "How many?"}, {"frames": [{"actions": [{"act": "INFORM", "canonical_values": ["4"], "slot": "group_size", "values": ["4"]}], "service": "Buses_2", "slots": [], "state": {"active_intent": "BuyBusTicket", "requested_slots": [], "slot_values": {"departure_date": ["March 13th"], "departure_time": ["10:20 am"], "destination": ["Fresno, CA"], "fare_type": ["Flexible"], "group_size": ["4"], "origin": ["San Fran"]}}}], "speaker": "USER", "utterance": "4."}, {"frames": [{"actions": [{"act": "CONFIRM", "canonical_values": ["San Francisco"], "slot": "origin", "values": ["San Francisco"]}, {"act": "CONFIRM", "canonical_values": ["Fresno"], "slot": "destination", "values": ["Fresno"]}, {"act": "CONFIRM", "canonical_values": ["2019-03-13"], "slot": "departure_date", "values": ["March 13th"]}, {"act": "CONFIRM", "canonical_values": ["10:20"], "slot": "departure_time", "values": ["10:20 am"]}, {"act": "CONFIRM", "canonical_values": ["4"], "slot": "group_size", "values": ["4"]}, {"act": "CONFIRM", "canonical_values": ["Flexible"], "slot": "fare_type", "values": ["Flexible"]}], "service": "Buses_2", "slots": [{"exclusive_end": 56, "slot": "origin", "start": 43}, {"exclusive_end": 66, "slot": "destination", "start": 60}, {"exclusive_end": 80, "slot": "departure_date", "start": 70}, {"exclusive_end": 92, "slot": "departure_time", "start": 84}]}], "speaker": "SYSTEM", "utterance": "Please confirm: 4 tickets in flexible from San Francisco to Fresno on March 13th at 10:20 am."}, {"frames": [{"actions": [{"act": "REQUEST", "canonical_values": [], "slot": "origin_station_name", "values": []}, {"act": "AFFIRM", "canonical_values": [], "slot": "", "values": []}], "service": "Buses_2", "slots": [], "state": {"active_intent": "BuyBusTicket", "requested_slots": ["origin_station_name"], "slot_values": {"departure_date": ["March 13th"], "departure_time": ["10:20 am"], "destination": ["Fresno", "Fresno, CA"], "fare_type": ["Flexible"], "group_size": ["4"], "origin": ["San Fran", "San Francisco"]}}}], "speaker": "USER", "utterance": "Good. Where's it depart?"}, {"frames": [{"actions": [{"act": "INFORM", "canonical_values": ["Salesforce Transit Center"], "slot": "origin_station_name", "values": ["Salesforce Transit Center"]}, {"act": "NOTIFY_SUCCESS", "canonical_values": [], "slot": "", "values": []}], "service": "Buses_2", "service_call": {"method": "BuyBusTicket", "parameters": {"departure_date": "2019-03-13", "departure_time": "10:20", "destination": "Fresno", "fare_type": "Flexible", "group_size": "4", "origin": "San Francisco"}}, "service_results": [{"departure_date": "2019-03-13", "departure_time": "10:20", "destination": "Fresno", "destination_station_name": "Fresno Station", "fare_type": "Flexible", "group_size": "4", "origin": "San Francisco", "origin_station_name": "Salesforce Transit Center", "price": "49"}], "slots": [{"exclusive_end": 56, "slot": "origin_station_name", "start": 31}]}], "speaker": "SYSTEM", "utterance": "Your seats are booked. Leaving Salesforce Transit Center."}, {"frames": [{"actions": [{"act": "REQUEST", "canonical_values": [], "slot": "destination_station_name", "values": []}], "service": "Buses_2", "slots": [], "state": {"active_intent": "BuyBusTicket", "requested_slots": ["destination_station_name"], "slot_values": {"departure_date": ["March 13th"], "departure_time": ["10:20 am"], "destination": ["Fresno", "Fresno, CA"], "fare_type": ["Flexible"], "group_size": ["4"], "origin": ["San Fran", "San Francisco"]}}}], "speaker": "USER", "utterance": "Arriving?"}, {"frames": [{"actions": [{"act": "INFORM", "canonical_values": ["Fresno Station"], "slot": "destination_station_name", "values": ["Fresno Station"]}], "service": "Buses_2", "slots": [{"exclusive_end": 14, "slot": "destination_station_name", "start": 0}]}], "speaker": "SYSTEM", "utterance": "Fresno Station."}, {"frames": [{"actions": [{"act": "THANK_YOU", "canonical_values": [], "slot": "", "values": []}], "service": "Buses_2", "slots": [], "state": {"active_intent": "BuyBusTicket", "requested_slots": [], "slot_values": {"departure_date": ["March 13th"], "departure_time": ["10:20 am"], "destination": ["Fresno", "Fresno, CA"], "fare_type": ["Flexible"], "group_size": ["4"], "origin": ["San Fran", "San Francisco"]}}}, {"actions": [{"act": "INFORM_INTENT", "canonical_values": ["SearchHotel"], "slot": "intent", "values": ["SearchHotel"]}], "service": "Hotels_3", "slots": [], "state": {"active_intent": "SearchHotel", "requested_slots": [], "slot_values": {"location": ["Fresno", "Fresno, CA"]}}}], "speaker": "USER", "utterance": "Thanks, search hotels."}, {"frames": [{"actions": [{"act": "OFFER", "canonical_values": ["Doubletree By Hilton Hotel Fresno Convention Center"], "slot": "hotel_name", "values": ["Doubletree by Hilton Hotel Fresno Convention Center"]}, {"act": "OFFER", "canonical_values": ["4.30"], "slot": "average_rating", "values": ["4.3"]}], "service": "Hotels_3", "service_call": {"method": "SearchHotel", "parameters": {"location": "Fresno"}}, "service_results": [{"average_rating": "4.30", "hotel_name": "Doubletree By Hilton Hotel Fresno Convention Center", "location": "Fresno", "number_of_rooms": "2", "pets_welcome": "False", "phone_number": "+1 559-268-1000", "price": "312", "street_address": "2233 Ventura Street"}, {"average_rating": "3.70", "hotel_name": "La Quinta Inn By Wyndham Fresno Yosemite", "location": "Fresno", "number_of_rooms": "1", "pets_welcome": "True", "phone_number": "+1 559-442-1110", "price": "156", "street_address": "2926 Tulare Street"}, {"average_rating": "3.90", "hotel_name": "Piccadilly Inn Airport", "location": "Fresno", "number_of_rooms": "2", "pets_welcome": "False", "phone_number": "+1 559-375-7760", "price": "300", "street_address": "5115 East McKinley Avenue"}, {"average_rating": "3.80", "hotel_name": "Radisson Hotel Fresno Conference Center", "location": "Fresno", "number_of_rooms": "2", "pets_welcome": "False", "phone_number": "+1 559-233-6650", "price": "816", "street_address": "1055 Van Ness Avenue"}, {"average_rating": "4.30", "hotel_name": "Springhill Suites By Marriott Fresno", "location": "Fresno", "number_of_rooms": "1", "pets_welcome": "False", "phone_number": "+1 888-287-9400", "price": "432", "street_address": "6844 North Fresno Street"}], "slots": [{"exclusive_end": 51, "slot": "hotel_name", "start": 0}, {"exclusive_end": 64, "slot": "average_rating", "start": 61}]}], "speaker": "SYSTEM", "utterance": "Doubletree by Hilton Hotel Fresno Convention Center is rated 4.3."}, {"frames": [{"actions": [{"act": "SELECT", "canonical_values": [], "slot": "", "values": []}], "service": "Hotels_3", "slots": [], "state": {"active_intent": "SearchHotel", "requested_slots": [], "slot_values": {"hotel_name": ["Doubletree by Hilton Hotel Fresno Convention Center"], "location": ["Fresno", "Fresno, CA"]}}}], "speaker": "USER", "utterance": "Perfect."}, {"frames": [{"actions": [{"act": "OFFER_INTENT", "canonical_values": ["ReserveHotel"], "slot": "intent", "values": ["ReserveHotel"]}], "service": "Hotels_3", "slots": []}], "speaker": "SYSTEM", "utterance": "Do you want a room?"}, {"frames": [{"actions": [{"act": "NEGATE_INTENT", "canonical_values": [], "slot": "", "values": []}, {"act": "GOODBYE", "canonical_values": [], "slot": "", "values": []}], "service": "Hotels_3", "slots": [], "state": {"active_intent": "NONE", "requested_slots": [], "slot_values": {"hotel_name": ["Doubletree by Hilton Hotel Fresno Convention Center"], "location": ["Fresno", "Fresno, CA"]}}}], "speaker": "USER", "utterance": "Not now. Bye."}, {"frames": [{"actions": [{"act": "GOODBYE", "canonical_values": [], "slot": "", "values": []}], "service": "Hotels_3", "slots": []}], "speaker": "SYSTEM", "utterance": "Goodbye."}]}]