[{"dialogue_id": "34_00000", "services": ["Travel_1", "Hotels_2", "Flights_4"], "turns": [{"frames": [{"actions": [{"act": "INFORM", "canonical_values": ["Shopping Area"], "slot": "category", "values": ["Shopping Area"]}, {"act": "INFORM", "canonical_values": ["Paris"], "slot": "location", "values": ["Paris"]}, {"act": "INFORM_INTENT", "canonical_values": ["FindAttractions"], "slot": "intent", "values": ["FindAttractions"]}], "service": "Travel_1", "slots": [{"exclusive_end": 51, "slot": "location", "start": 46}], "state": {"active_intent": "FindAttractions", "requested_slots": [], "slot_values": {"category": ["Shopping Area"], "location": ["Paris"]}}}], "speaker": "USER", "utterance": "Think you can help me find a shopping area in Paris?"}, {"frames": [{"actions": [{"act": "OFFER", "canonical_values": ["Le Village Royal"], "slot": "attraction_name", "values": ["Le Village Royal"]}, {"act": "OFFER", "canonical_values": ["Shopping Area"], "slot": "category", "values": ["Shopping Area"]}, {"act": "INFORM_COUNT", "canonical_values": ["1"], "slot": "count", "values": ["1"]}], "service": "Travel_1", "service_call": {"method": "FindAttractions", "parameters": {"category": "Shopping Area", "location": "Paris"}}, "service_results": [{"attraction_name": "Le Village Royal", "category": "Shopping Area", "free_entry": "True", "good_for_kids": "True", "location": "Paris", "phone_number": "1 53 43 30 30"}], "slots": [{"exclusive_end": 70, "slot": "attraction_name", "start": 54}]}], "speaker": "SYSTEM", "utterance": "Sure. I've found 1 in that area. You should check out Le Village Royal, which is a shopping area."}, {"frames": [{"actions": [{"act": "SELECT", "canonical_values": [], "slot": "", "values": []}], "service": "Travel_1", "slots": [], "state": {"active_intent": "FindAttractions", "requested_slots": [], "slot_values": {"category": ["Shopping Area"], "location": ["Paris"]}}}, {"actions": [{"act": "INFORM", "canonical_values": ["4.60"], "slot": "rating", "values": ["4.6"]}, {"act": "INFORM", "canonical_values": ["1"], "slot": "number_of_adults", "values": ["1"]}, {"act": "INFORM", "canonical_values": ["True"], "slot": "has_laundry_service", "values": ["True"]}, {"act": "INFORM_INTENT", "canonical_values": ["SearchHouse"], "slot": "intent", "values": ["SearchHouse"]}], "service": "Hotels_2", "slots": [{"exclusive_end": 105, "slot": "rating", "start": 102}], "state": {"active_intent": "SearchHouse", "requested_slots": [], "slot_values": {"has_laundry_service": ["True"], "number_of_adults": ["1"], "rating": ["4.6"], "where_to": ["Paris"]}}}], "speaker": "USER", "utterance": "Definitely. Can you find me a house to stay there? It's just for one person, me. The rating should be 4.6 or higher, and I need laundry service."}, {"frames": [{"actions": [{"act": "OFFER", "canonical_values": ["15 Rue Boissy d'Anglas, 75008"], "slot": "address", "values": ["15 Rue Boissy d'Anglas, 75008"]}, {"act": "OFFER", "canonical_values": ["4.60"], "slot": "rating", "values": ["4.6"]}, {"act": "INFORM_COUNT", "canonical_values": ["9"], "slot": "count", "values": ["9"]}], "service": "Hotels_2", "service_call": {"method": "SearchHouse", "parameters": {"has_laundry_service": "True", "number_of_adults": "1", "rating": "4.60", "where_to": "Paris"}}, "service_results": [{"address": "15 Rue Boissy d'Anglas, 75008", "has_laundry_service": "True", "number_of_adults": "1", "phone_number": "+33 1 44 94 14 14", "rating": "4.60", "total_price": "4340", "where_to": "Paris"}, {"address": "18 Rue du Cirque, 75008", "has_laundry_service": "True", "number_of_adults": "1", "phone_number": "+33 1 43 87 10 10", "rating": "4.60", "total_price": "3840", "where_to": "Paris"}, {"address": "2 Rue de Parme, 75009", "has_laundry_service": "True", "number_of_adults": "1", "phone_number": "+33 1 53 16 33 33", "rating": "4.60", "total_price": "336", "where_to": "Paris"}, {"address": "3 Rue de Montalembert, 75007", "has_laundry_service": "True", "number_of_adults": "1", "phone_number": "+33 1 45 49 68 68", "rating": "4.60", "total_price": "1575", "where_to": "Paris"}, {"address": "33 Rue Dauphine, 75006", "has_laundry_service": "True", "number_of_adults": "1", "phone_number": "+33 1 43 29 43 43", "rating": "4.60", "total_price": "1080", "where_to": "Paris"}, {"address": "34 Rue Jean Mermoz, 75008", "has_laundry_service": "True", "number_of_adults": "1", "phone_number": "+33 1 49 52 99 70", "rating": "4.60", "total_price": "3168", "where_to": "Paris"}, {"address": "42 Avenue Gabriel, 75008", "has_laundry_service": "True", "number_of_adults": "1", "phone_number": "+33 1 58 36 60 60", "rating": "4.60", "total_price": "525", "where_to": "Paris"}, {"address": "8 Rue de Richelieu, 75001", "has_laundry_service": "True", "number_of_adults": "1", "phone_number": "+33 1 55 35 28 00", "rating": "4.60", "total_price": "3780", "where_to": "Paris"}, {"address": "87 Rue des Archives, 75003", "has_laundry_service": "True", "number_of_adults": "1", "phone_number": "+33 1 44 78 08 00", "rating": "4.60", "total_price": "232", "where_to": "Paris"}], "slots": [{"exclusive_end": 132, "slot": "address", "start": 103}, {"exclusive_end": 99, "slot": "rating", "start": 96}]}], "speaker": "SYSTEM", "utterance": "I've found 9 houses in the area that match your criteria. There's a nice house with a rating of 4.6 at 15 Rue Boissy d'Anglas, 75008."}, {"frames": [{"actions": [{"act": "INFORM", "canonical_values": ["3"], "slot": "number_of_adults", "values": ["3"]}, {"act": "REQUEST_ALTS", "canonical_values": [], "slot": "", "values": []}], "service": "Hotels_2", "slots": [], "state": {"active_intent": "SearchHouse", "requested_slots": [], "slot_values": {"has_laundry_service": ["True"], "number_of_adults": ["3"], "rating": ["4.6"], "where_to": ["Paris"]}}}], "speaker": "USER", "utterance": "What else is there? And change the criteria to accommodate three people."}, {"frames": [{"actions": [{"act": "OFFER", "canonical_values": ["18 Rue du Cirque, 75008"], "slot": "address", "values": ["18 Rue du Cirque, 75008"]}, {"act": "OFFER", "canonical_values": ["4.60"], "slot": "rating", "values": ["4.6"]}, {"act": "INFORM_COUNT", "canonical_values": ["8"], "slot": "count", "values": ["8"]}], "service": "Hotels_2", "service_call": {"method": "SearchHouse", "parameters": {"has_laundry_service": "True", "number_of_adults": "3", "rating": "4.60", "where_to": "Paris"}}, "service_results": [{"address": "15 Rue Boissy d'Anglas, 75008", "has_laundry_service": "True", "number_of_adults": "3", "phone_number": "+33 1 44 94 14 14", "rating": "4.60", "total_price": "4340", "where_to": "Paris"}, {"address": "18 Rue du Cirque, 75008", "has_laundry_service": "True", "number_of_adults": "3", "phone_number": "+33 1 43 87 10 10", "rating": "4.60", "total_price": "3840", "where_to": "Paris"}, {"address": "2 Rue de Parme, 75009", "has_laundry_service": "True", "number_of_adults": "3", "phone_number": "+33 1 53 16 33 33", "rating": "4.60", "total_price": "264", "where_to": "Paris"}, {"address": "3 Rue de Montalembert, 75007", "has_laundry_service": "True", "number_of_adults": "3", "phone_number": "+33 1 45 49 68 68", "rating": "4.60", "total_price": "1575", "where_to": "Paris"}, {"address": "33 Rue Dauphine, 75006", "has_laundry_service": "True", "number_of_adults": "3", "phone_number": "+33 1 43 29 43 43", "rating": "4.60", "total_price": "1080", "where_to": "Paris"}, {"address": "34 Rue Jean Mermoz, 75008", "has_laundry_service": "True", "number_of_adults": "3", "phone_number": "+33 1 49 52 99 70", "rating": "4.60", "total_price": "3168", "where_to": "Paris"}, {"address": "42 Avenue Gabriel, 75008", "has_laundry_service": "True", "number_of_adults": "3", "phone_number": "+33 1 58 36 60 60", "rating": "4.60", "total_price": "2400", "where_to": "Paris"}, {"address": "8 Rue de Richelieu, 75001", "has_laundry_service": "True", "number_of_adults": "3", "phone_number": "+33 1 55 35 28 00", "rating": "4.60", "total_price": "3780", "where_to": "Paris"}], "slots": [{"exclusive_end": 126, "slot": "address", "start": 103}, {"exclusive_end": 99, "slot": "rating", "start": 96}]}], "speaker": "SYSTEM", "utterance": "I've found 8 houses in the area that match your criteria. There's a nice house with a rating of 4.6 at 18 Rue du Cirque, 75008. How does that sound?"}, {"frames": [{"actions": [{"act": "REQUEST", "canonical_values": [], "slot": "phone_number", "values": []}], "service": "Hotels_2", "slots": [], "state": {"active_intent": "SearchHouse", "requested_slots": ["phone_number"], "slot_values": {"has_laundry_service": ["True"], "number_of_adults": ["3"], "rating": ["4.6"], "where_to": ["Paris"]}}}], "speaker": "USER", "utterance": "Sounds alright. Can I get a contact number?"}, {"frames": [{"actions": [{"act": "INFORM", "canonical_values": ["+33 1 43 87 10 10"], "slot": "phone_number", "values": ["+33 1 43 87 10 10"]}], "service": "Hotels_2", "slots": [{"exclusive_end": 49, "slot": "phone_number", "start": 32}]}], "speaker": "SYSTEM", "utterance": "Their phone number is listed as +33 1 43 87 10 10."}, {"frames": [{"actions": [{"act": "SELECT", "canonical_values": [], "slot": "", "values": []}], "service": "Hotels_2", "slots": [], "state": {"active_intent": "SearchHouse", "requested_slots": [], "slot_values": {"has_laundry_service": ["True"], "number_of_adults": ["3"], "rating": ["4.6"], "where_to": ["Paris"]}}}, {"actions": [{"act": "INFORM_INTENT", "canonical_values": ["SearchRoundtripFlights"], "slot": "intent", "values": ["SearchRoundtripFlights"]}], "service": "Flights_4", "slots": [], "state": {"active_intent": "SearchRoundtripFlights", "requested_slots": [], "slot_values": {"destination_airport": ["Paris"]}}}], "speaker": "USER", "utterance": "That house will do perfect. Can you help me book a round trip flight to Paris now?"}, {"frames": [{"actions": [{"act": "REQUEST", "canonical_values": [], "slot": "return_date", "values": []}, {"act": "REQUEST", "canonical_values": [], "slot": "origin_airport", "values": []}, {"act": "REQUEST", "canonical_values": [], "slot": "departure_date", "values": []}], "service": "Flights_4", "slots": []}], "speaker": "SYSTEM", "utterance": "Certainly. On which day would you like to depart and return? As well, which city would you like to depart from?"}, {"frames": [{"actions": [{"act": "INFORM", "canonical_values": ["2019-03-03"], "slot": "departure_date", "values": ["3rd of this month"]}, {"act": "INFORM", "canonical_values": ["2019-03-14"], "slot": "return_date", "values": ["March 14th"]}, {"act": "INFORM", "canonical_values": ["Philadelphia"], "slot": "origin_airport", "values": ["Philadelphia"]}], "service": "Flights_4", "slots": [{"exclusive_end": 42, "slot": "departure_date", "start": 25}, {"exclusive_end": 85, "slot": "return_date", "start": 75}, {"exclusive_end": 60, "slot": "origin_airport", "start": 48}], "state": {"active_intent": "SearchRoundtripFlights", "requested_slots": [], "slot_values": {"departure_date": ["3rd of this month"], "destination_airport": ["Paris"], "origin_airport": ["Philadelphia"], "return_date": ["March 14th"]}}}], "speaker": "USER", "utterance": "I'd like to leave on the 3rd of this month from Philadelphia and return on March 14th."}, {"frames": [{"actions": [{"act": "OFFER", "canonical_values": ["American Airlines"], "slot": "airlines", "values": ["American Airlines"]}, {"act": "OFFER", "canonical_values": ["13:20"], "slot": "outbound_departure_time", "values": ["1:20 pm"]}, {"act": "OFFER", "canonical_values": ["False"], "slot": "is_nonstop", "values": ["False"]}, {"act": "OFFER", "canonical_values": ["08:25"], "slot": "inbound_departure_time", "values": ["8:25 am"]}, {"act": "OFFER", "canonical_values": ["426"], "slot": "price", "values": ["$426"]}, {"act": "INFORM_COUNT", "canonical_values": ["1"], "slot": "count", "values": ["1"]}], "service": "Flights_4", "service_call": {"method": "SearchRoundtripFlights", "parameters": {"departure_date": "2019-03-03", "destination_airport": "Paris", "origin_airport": "Philadelphia", "return_date": "2019-03-14"}}, "service_results": [{"airlines": "American Airlines", "departure_date": "2019-03-03", "destination_airport": "Paris", "inbound_arrival_time": "12:11", "inbound_departure_time": "08:25", "is_nonstop": "False", "number_of_tickets": "1", "origin_airport": "Philadelphia", "outbound_arrival_time": "10:57", "outbound_departure_time": "13:20", "price": "426", "return_date": "2019-03-14", "seating_class": "Economy"}], "slots": [{"exclusive_end": 156, "slot": "outbound_departure_time", "start": 149}, {"exclusive_end": 197, "slot": "inbound_departure_time", "start": 190}, {"exclusive_end": 226, "slot": "price", "start": 222}]}], "speaker": "SYSTEM", "utterance": "I've found 1 ticket that would work for you. Would you like to fly with American Airlines? The departing flight is a connecting flight and leaves at 1:20 pm. The return flight will leave at 8:25 am, and the ticket cost is $426."}, {"frames": [{"actions": [{"act": "SELECT", "canonical_values": [], "slot": "", "values": []}], "service": "Flights_4", "slots": [], "state": {"active_intent": "SearchRoundtripFlights", "requested_slots": [], "slot_values": {"departure_date": ["3rd of this month"], "destination_airport": ["Paris"], "origin_airport": ["Philadelphia"], "return_date": ["March 14th"]}}}], "speaker": "USER", "utterance": "Okay, nice. That will be all for now. Thank you."}, {"frames": [{"actions": [{"act": "REQ_MORE", "canonical_values": [], "slot": "", "values": []}], "service": "Flights_4", "slots": []}], "speaker": "SYSTEM", "utterance": "You are most welcome. Never hesitate to ask for anything."}, {"frames": [{"actions": [{"act": "NEGATE", "canonical_values": [], "slot": "", "values": []}, {"act": "THANK_YOU", "canonical_values": [], "slot": "", "values": []}], "service": "Flights_4", "slots": [], "state": {"active_intent": "NONE", "requested_slots": [], "slot_values": {"departure_date": ["3rd of this month"], "destination_airport": ["Paris"], "origin_airport": ["Philadelphia"], "return_date": ["March 14th"]}}}], "speaker": "USER", "utterance": "Okay. I'll talk to you later, bye."}, {"frames": [{"actions": [{"act": "GOODBYE", "canonical_values": [], "slot": "", "values": []}], "service": "Flights_4", "slots": []}], "speaker": "SYSTEM", "utterance": "Good bye."}]}, {"dialogue_id": "34_00001", "services": ["Travel_1", "Hotels_2", "Flights_4"], "turns": [{"frames": [{"actions": [{"act": "INFORM_INTENT", "canonical_values": ["FindAttractions"], "slot": "intent", "values": ["FindAttractions"]}], "service": "Travel_1", "slots": [], "state": {"active_intent": "FindAttractions", "requested_slots": [], "slot_values": {}}}], "speaker": "USER", "utterance": "Can you suggest me some attractions?"}, {"frames": [{"actions": [{"act": "REQUEST", "canonical_values": [], "slot": "location", "values": []}], "service": "Travel_1", "slots": []}], "speaker": "SYSTEM", "utterance": "In which city would you like to visit attractions?"}, {"frames": [{"actions": [{"act": "INFORM", "canonical_values": ["San Francisco"], "slot": "location", "values": ["SF"]}], "service": "Travel_1", "slots": [{"exclusive_end": 28, "slot": "location", "start": 26}], "state": {"active_intent": "FindAttractions", "requested_slots": [], "slot_values": {"location": ["SF"]}}}], "speaker": "USER", "utterance": "I would like to search in SF"}, {"frames": [{"actions": [{"act": "OFFER", "canonical_values": ["Alcatraz"], "slot": "attraction_name", "values": ["Alcatraz"]}, {"act": "OFFER", "canonical_values": ["Historical Landmark"], "slot": "category", "values": ["Historical Landmark"]}], "service": "Travel_1", "service_call": {"method": "FindAttractions", "parameters": {"location": "San Francisco"}}, "service_results": [{"attraction_name": "Alcatraz", "category": "Historical Landmark", "free_entry": "True", "good_for_kids": "True", "location": "San Francisco", "phone_number": "415-561-4900"}, {"attraction_name": "Alcatraz Island", "category": "Historical Landmark", "free_entry": "False", "good_for_kids": "False", "location": "San Francisco", "phone_number": "415-561-4900"}, {"attraction_name": "Aquarium of the Bay", "category": "Nature Preserve", "free_entry": "True", "good_for_kids": "True", "location": "San Francisco", "phone_number": "415-623-5300"}, {"attraction_name": "Cable Car Museum", "category": "Museum", "free_entry": "False", "good_for_kids": "True", "location": "San Francisco", "phone_number": "415-474-1887"}, {"attraction_name": "California Academy of Sciences", "category": "Museum", "free_entry": "False", "good_for_kids": "True", "location": "San Francisco", "phone_number": "415-379-8000"}, {"attraction_name": "Cartoon Art Museum", "category": "Museum", "free_entry": "True", "good_for_kids": "True", "location": "San Francisco", "phone_number": "415-227-8666"}, {"attraction_name": "Children's Creativity Museum", "category": "Museum", "free_entry": "True", "good_for_kids": "True", "location": "San Francisco", "phone_number": "415-820-3320"}, {"attraction_name": "Coit Tower", "category": "Historical Landmark", "free_entry": "False", "good_for_kids": "True", "location": "San Francisco", "phone_number": "415-249-0995"}, {"attraction_name": "Contemporary Jewish Museum", "category": "Museum", "free_entry": "True", "good_for_kids": "False", "location": "San Francisco", "phone_number": "415-655-7800"}, {"attraction_name": "Crissy Field", "category": "Tourist Attraction", "free_entry": "True", "good_for_kids": "True", "location": "San Francisco", "phone_number": "415-561-4323"}], "slots": [{"exclusive_end": 39, "slot": "attraction_name", "start": 31}]}], "speaker": "SYSTEM", "utterance": "I found a Historical Landmark: Alcatraz"}, {"frames": [{"actions": [{"act": "SELECT", "canonical_values": [], "slot": "", "values": []}], "service": "Travel_1", "slots": [], "state": {"active_intent": "FindAttractions", "requested_slots": [], "slot_values": {"location": ["SF"]}}}, {"actions": [{"act": "INFORM", "canonical_values": ["4.20"], "slot": "rating", "values": ["4.2"]}, {"act": "INFORM_INTENT", "canonical_values": ["SearchHouse"], "slot": "intent", "values": ["SearchHouse"]}], "service": "Hotels_2", "slots": [{"exclusive_end": 59, "slot": "rating", "start": 56}], "state": {"active_intent": "SearchHouse", "requested_slots": [], "slot_values": {"rating": ["4.2"], "where_to": ["SF"]}}}], "speaker": "USER", "utterance": "Beautiful! Now I have to find a house, with a rating of 4.2 or higher"}, {"frames": [{"actions": [{"act": "OFFER", "canonical_values": ["1100 Market Street Hotel entrance is at, 45 McAllister Street"], "slot": "address", "values": ["1100 Market Street Hotel entrance is at, 45 McAllister Street"]}, {"act": "OFFER", "canonical_values": ["4.20"], "slot": "rating", "values": ["4.2"]}], "service": "Hotels_2", "service_call": {"method": "SearchHouse", "parameters": {"rating": "4.20", "where_to": "San Francisco"}}, "service_results": [{"address": "1100 Market Street Hotel entrance is at, 45 McAllister Street", "has_laundry_service": "True", "number_of_adults": "1", "phone_number": "+1 415-735-7777", "rating": "4.20", "total_price": "384", "where_to": "San Francisco"}, {"address": "12 4th Street", "has_laundry_service": "True", "number_of_adults": "4", "phone_number": "+1 415-348-1111", "rating": "4.20", "total_price": "832", "where_to": "San Francisco"}, {"address": "138 King Street", "has_laundry_service": "True", "number_of_adults": "5", "phone_number": "+1 415-200-4977", "rating": "4.20", "total_price": "2500", "where_to": "San Francisco"}, {"address": "155 Steuart Street", "has_laundry_service": "True", "number_of_adults": "3", "phone_number": "+1 415-495-2100", "rating": "4.20", "total_price": "684", "where_to": "San Francisco"}, {"address": "1800 Sutter Street", "has_laundry_service": "True", "number_of_adults": "5", "phone_number": "+1 415-921-4000", "rating": "4.20", "total_price": "2100", "where_to": "San Francisco"}, {"address": "2095 Lombard Street", "has_laundry_service": "False", "number_of_adults": "2", "phone_number": "+1 415-563-5600", "rating": "4.20", "total_price": "408", "where_to": "San Francisco"}, {"address": "2222 Market Street", "has_laundry_service": "True", "number_of_adults": "4", "phone_number": "+1 415-621-8212", "rating": "4.20", "total_price": "528", "where_to": "San Francisco"}, {"address": "2237 Mason Street", "has_laundry_service": "True", "number_of_adults": "2", "phone_number": "+1 415-776-8688", "rating": "4.20", "total_price": "240", "where_to": "San Francisco"}, {"address": "299 2nd Street", "has_laundry_service": "True", "number_of_adults": "1", "phone_number": "+1 415-947-0700", "rating": "4.20", "total_price": "435", "where_to": "San Francisco"}, {"address": "312 Mason Street", "has_laundry_service": "True", "number_of_adults": "2", "phone_number": "+1 415-788-5604", "rating": "4.20", "total_price": "120", "where_to": "San Francisco"}], "slots": [{"exclusive_end": 64, "slot": "address", "start": 3}, {"exclusive_end": 94, "slot": "rating", "start": 91}]}], "speaker": "SYSTEM", "utterance": "At 1100 Market Street Hotel entrance is at, 45 McAllister Street there's a nice house with 4.2"}, {"frames": [{"actions": [{"act": "SELECT", "canonical_values": [], "slot": "", "values": []}], "service": "Hotels_2", "slots": [], "state": {"active_intent": "SearchHouse", "requested_slots": [], "slot_values": {"rating": ["4.2"], "where_to": ["SF"]}}}, {"actions": [{"act": "INFORM", "canonical_values": ["Premium Economy"], "slot": "seating_class", "values": ["Premium Economy"]}, {"act": "INFORM", "canonical_values": ["Phoenix"], "slot": "origin_airport", "values": ["Phoenix"]}, {"act": "INFORM", "canonical_values": ["dontcare"], "slot": "airlines", "values": ["dontcare"]}, {"act": "INFORM_INTENT", "canonical_values": ["SearchRoundtripFlights"], "slot": "intent", "values": ["SearchRoundtripFlights"]}], "service": "Flights_4", "slots": [{"exclusive_end": 77, "slot": "origin_airport", "start": 70}], "state": {"active_intent": "SearchRoundtripFlights", "requested_slots": [], "slot_values": {"airlines": ["dontcare"], "destination_airport": ["SF"], "origin_airport": ["Phoenix"], "seating_class": ["Premium Economy"]}}}], "speaker": "USER", "utterance": "Yes, this is good for me. I need a Premium Economy class tickets from Phoenix. A round trip flight. Any airline is fine."}, {"frames": [{"actions": [{"act": "REQUEST", "canonical_values": [], "slot": "return_date", "values": []}], "service": "Flights_4", "slots": []}], "speaker": "SYSTEM", "utterance": "What is the day of return?"}, {"frames": [{"actions": [{"act": "INFORM", "canonical_values": ["2019-03-13"], "slot": "return_date", "values": ["March 13th"]}], "service": "Flights_4", "slots": [{"exclusive_end": 43, "slot": "return_date", "start": 33}], "state": {"active_intent": "SearchRoundtripFlights", "requested_slots": [], "slot_values": {"airlines": ["dontcare"], "destination_airport": ["SF"], "origin_airport": ["Phoenix"], "return_date": ["March 13th"], "seating_class": ["Premium Economy"]}}}], "speaker": "USER", "utterance": "The day for the return flight is March 13th"}, {"frames": [{"actions": [{"act": "REQUEST", "canonical_values": [], "slot": "departure_date", "values": []}], "service": "Flights_4", "slots": []}], "speaker": "SYSTEM", "utterance": "What is the day of your outbound flight?"}, {"frames": [{"actions": [{"act": "INFORM", "canonical_values": ["2019-03-07"], "slot": "departure_date", "values": ["March 7th"]}], "service": "Flights_4", "slots": [{"exclusive_end": 28, "slot": "departure_date", "start": 19}], "state": {"active_intent": "SearchRoundtripFlights", "requested_slots": [], "slot_values": {"airlines": ["dontcare"], "departure_date": ["March 7th"], "destination_airport": ["SF"], "origin_airport": ["Phoenix"], "return_date": ["March 13th"], "seating_class": ["Premium Economy"]}}}], "speaker": "USER", "utterance": "I have to leave on March 7th"}, {"frames": [{"actions": [{"act": "OFFER", "canonical_values": ["Delta Airlines"], "slot": "airlines", "values": ["Delta Airlines"]}, {"act": "OFFER", "canonical_values": ["04:45"], "slot": "outbound_departure_time", "values": ["4:45 am"]}, {"act": "OFFER", "canonical_values": ["True"], "slot": "is_nonstop", "values": ["True"]}, {"act": "OFFER", "canonical_values": ["08:30"], "slot": "inbound_departure_time", "values": ["8:30 am"]}, {"act": "OFFER", "canonical_values": ["304"], "slot": "price", "values": ["$304"]}, {"act": "INFORM_COUNT", "canonical_values": ["2"], "slot": "count", "values": ["2"]}], "service": "Flights_4", "service_call": {"method": "SearchRoundtripFlights", "parameters": {"departure_date": "2019-03-07", "destination_airport": "San Francisco", "origin_airport": "Phoenix", "return_date": "2019-03-13", "seating_class": "Premium Economy"}}, "service_results": [{"airlines": "Delta Airlines", "departure_date": "2019-03-07", "destination_airport": "San Francisco", "inbound_arrival_time": "10:37", "inbound_departure_time": "08:30", "is_nonstop": "True", "number_of_tickets": "1", "origin_airport": "Phoenix", "outbound_arrival_time": "06:52", "outbound_departure_time": "04:45", "price": "304", "return_date": "2019-03-13", "seating_class": "Premium Economy"}, {"airlines": "Southwest Airlines", "departure_date": "2019-03-07", "destination_airport": "San Francisco", "inbound_arrival_time": "22:47", "inbound_departure_time": "20:40", "is_nonstop": "True", "number_of_tickets": "1", "origin_airport": "Phoenix", "outbound_arrival_time": "01:22", "outbound_departure_time": "23:15", "price": "297", "return_date": "2019-03-13", "seating_class": "Premium Economy"}], "slots": [{"exclusive_end": 75, "slot": "outbound_departure_time", "start": 68}, {"exclusive_end": 107, "slot": "inbound_departure_time", "start": 100}, {"exclusive_end": 130, "slot": "price", "start": 126}]}], "speaker": "SYSTEM", "utterance": "There are 2 flights: a direct flight with Delta Airlines leaving at 4:45 am. The returing flight at 8:30 am. The ticket costs $304 in total"}, {"frames": [{"actions": [{"act": "SELECT", "canonical_values": [], "slot": "", "values": []}], "service": "Flights_4", "slots": [], "state": {"active_intent": "SearchRoundtripFlights", "requested_slots": [], "slot_values": {"airlines": ["dontcare"], "departure_date": ["March 7th"], "destination_airport": ["SF"], "origin_airport": ["Phoenix"], "return_date": ["March 13th"], "seating_class": ["Premium Economy"]}}}], "speaker": "USER", "utterance": "Yes, It's fine for me!"}, {"frames": [{"actions": [{"act": "REQ_MORE", "canonical_values": [], "slot": "", "values": []}], "service": "Flights_4", "slots": []}], "speaker": "SYSTEM", "utterance": "You need anything else?"}, {"frames": [{"actions": [{"act": "NEGATE", "canonical_values": [], "slot": "", "values": []}, {"act": "THANK_YOU", "canonical_values": [], "slot": "", "values": []}], "service": "Flights_4", "slots": [], "state": {"active_intent": "NONE", "requested_slots": [], "slot_values": {"airlines": ["dontcare"], "departure_date": ["March 7th"], "destination_airport": ["SF"], "origin_airport": ["Phoenix"], "return_date": ["March 13th"], "seating_class": ["Premium Economy"]}}}], "speaker": "USER", "utterance": "No, It's all for now!"}, {"frames": [{"actions": [{"act": "GOODBYE", "canonical_values": [], "slot": "", "values": []}], "service": "Flights_4", "slots": []}], "speaker": "SYSTEM", "utterance": "Have a nice day!"}]}, {"dialogue_id": "34_00002", "services": ["Travel_1", "Hotels_2", "Flights_4"], "turns": [{"frames": [{"actions": [{"act": "INFORM_INTENT", "canonical_values": ["FindAttractions"], "slot": "intent", "values": ["FindAttractions"]}], "service": "Travel_1", "slots": [], "state": {"active_intent": "FindAttractions", "requested_slots": [], "slot_values": {}}}], "speaker": "USER", "utterance": "Find me some attractions worth visiting."}, {"frames": [{"actions": [{"act": "REQUEST", "canonical_values": [], "slot": "location", "values": []}], "service": "Travel_1", "slots": []}], "speaker": "SYSTEM", "utterance": "Where are you looking for attractions?"}, {"frames": [{"actions": [{"act": "INFORM", "canonical_values": ["London"], "slot": "location", "values": ["London"]}], "service": "Travel_1", "slots": [{"exclusive_end": 36, "slot": "location", "start": 30}], "state": {"active_intent": "FindAttractions", "requested_slots": [], "slot_values": {"location": ["London"]}}}], "speaker": "USER", "utterance": "I'm interested in the ones in London."}, {"frames": [{"actions": [{"act": "OFFER", "canonical_values": ["30 St Mary Axe (The Gherkin)"], "slot": "attraction_name", "values": ["30 St Mary Axe (The Gherkin)"]}, {"act": "OFFER", "canonical_values": ["Historical Landmark"], "slot": "category", "values": ["Historical Landmark"]}], "service": "Travel_1", "service_call": {"method": "FindAttractions", "parameters": {"location": "London"}}, "service_results": [{"attraction_name": "30 St Mary Axe (The Gherkin)", "category": "Historical Landmark", "free_entry": "False", "good_for_kids": "True", "location": "London", "phone_number": "20 7071 5029"}, {"attraction_name": "Admiralty Arch", "category": "Historical Landmark", "free_entry": "False", "good_for_kids": "True", "location": "London", "phone_number": "20 7276 5000"}, {"attraction_name": "Alexandra Palace", "category": "Performing Arts Venue", "free_entry": "True", "good_for_kids": "False", "location": "London", "phone_number": "20 8365 2121"}, {"attraction_name": "All England Lawn Tennis & Croquet Club", "category": "Sports Venue", "free_entry": "False", "good_for_kids": "True", "location": "London", "phone_number": "20 8944 1066"}, {"attraction_name": "All Saints, Margaret Street", "category": "Place of Worship", "free_entry": "True", "good_for_kids": "True", "location": "London", "phone_number": "20 7636 1788"}, {"attraction_name": "All Souls Langham Place", "category": "Place of Worship", "free_entry": "True", "good_for_kids": "True", "location": "London", "phone_number": "20 7580 3522"}, {"attraction_name": "Apsley House", "category": "Museum", "free_entry": "False", "good_for_kids": "True", "location": "London", "phone_number": "1793 414926"}, {"attraction_name": "ArcelorMittal Orbit", "category": "Historical Landmark", "free_entry": "False", "good_for_kids": "False", "location": "London", "phone_number": "333 800 8099"}, {"attraction_name": "BAPS Shri Swaminarayan Mandir London", "category": "Place of Worship", "free_entry": "False", "good_for_kids": "True", "location": "London", "phone_number": "20 8965 2651"}, {"attraction_name": "BODY WORLDS London", "category": "Museum", "free_entry": "True", "good_for_kids": "True", "location": "London", "phone_number": "330 223 3233"}], "slots": [{"exclusive_end": 49, "slot": "attraction_name", "start": 21}]}], "speaker": "SYSTEM", "utterance": "You should check out 30 St Mary Axe (The Gherkin), which is a Historical Landmark, if you are into history."}, {"frames": [{"actions": [{"act": "INFORM", "canonical_values": ["Los Angeles"], "slot": "location", "values": ["LAX"]}, {"act": "REQUEST_ALTS", "canonical_values": [], "slot": "", "values": []}], "service": "Travel_1", "slots": [{"exclusive_end": 62, "slot": "location", "start": 59}], "state": {"active_intent": "FindAttractions", "requested_slots": [], "slot_values": {"location": ["LAX"]}}}], "speaker": "USER", "utterance": "Thank you for the tip. Can you find me some attractions in LAX?"}, {"frames": [{"actions": [{"act": "OFFER", "canonical_values": ["Angels Flight Railway"], "slot": "attraction_name", "values": ["Angels Flight Railway"]}, {"act": "OFFER", "canonical_values": ["Historical Landmark"], "slot": "category", "values": ["Historical Landmark"]}, {"act": "INFORM_COUNT", "canonical_values": ["10"], "slot": "count", "values": ["10"]}], "service": "Travel_1", "service_call": {"method": "FindAttractions", "parameters": {"location": "Los Angeles"}}, "service_results": [{"attraction_name": "Angels Flight Railway", "category": "Historical Landmark", "free_entry": "True", "good_for_kids": "True", "location": "Los Angeles", "phone_number": "213-626-1901"}, {"attraction_name": "Autry Museum of the American West", "category": "Museum", "free_entry": "False", "good_for_kids": "True", "location": "Los Angeles", "phone_number": "323-667-2000"}, {"attraction_name": "Battleship USS Iowa Museum", "category": "Museum", "free_entry": "True", "good_for_kids": "True", "location": "Los Angeles", "phone_number": "877-446-9261"}, {"attraction_name": "Bradbury Building", "category": "Historical Landmark", "free_entry": "False", "good_for_kids": "True", "location": "Los Angeles", "phone_number": "213-626-1893"}, {"attraction_name": "Cabrillo Marine Aquarium", "category": "Nature Preserve", "free_entry": "True", "good_for_kids": "True", "location": "Los Angeles", "phone_number": "310-612-1437"}, {"attraction_name": "California African American Museum", "category": "Museum", "free_entry": "True", "good_for_kids": "False", "location": "Los Angeles", "phone_number": "213-744-7432"}, {"attraction_name": "Cathedral of Our Lady of the Angels", "category": "Place of Worship", "free_entry": "True", "good_for_kids": "False", "location": "Los Angeles", "phone_number": "213-680-5200"}, {"attraction_name": "Discovery Cube Los Angeles", "category": "Museum", "free_entry": "False", "good_for_kids": "True", "location": "Los Angeles", "phone_number": "818-686-2823"}, {"attraction_name": "Dodger Stadium", "category": "Sports Venue", "free_entry": "True", "good_for_kids": "True", "location": "Los Angeles", "phone_number": "866-363-4377"}, {"attraction_name": "Dolby Theatre", "category": "Performing Arts Venue", "free_entry": "True", "good_for_kids": "False", "location": "Los Angeles", "phone_number": "323-308-6300"}], "slots": [{"exclusive_end": 94, "slot": "attraction_name", "start": 73}]}], "speaker": "SYSTEM", "utterance": "Of the 10 attractions that you might find interesting, I would recommend Angels Flight Railway which is a Historical Landmark."}, {"frames": [{"actions": [{"act": "INFORM", "canonical_values": ["True"], "slot": "free_entry", "values": ["True"]}, {"act": "REQUEST_ALTS", "canonical_values": [], "slot": "", "values": []}], "service": "Travel_1", "slots": [], "state": {"active_intent": "FindAttractions", "requested_slots": [], "slot_values": {"free_entry": ["True"], "location": ["LAX"]}}}], "speaker": "USER", "utterance": "Thank you very much. Can you find me some attractions that don't charge an entry fee?"}, {"frames": [{"actions": [{"act": "OFFER", "canonical_values": ["Battleship USS Iowa Museum"], "slot": "attraction_name", "values": ["Battleship USS Iowa Museum"]}, {"act": "OFFER", "canonical_values": ["Museum"], "slot": "category", "values": ["Museum"]}], "service": "Travel_1", "service_call": {"method": "FindAttractions", "parameters": {"free_entry": "True", "location": "Los Angeles"}}, "service_results": [{"attraction_name": "Angels Flight Railway", "category": "Historical Landmark", "free_entry": "True", "good_for_kids": "True", "location": "Los Angeles", "phone_number": "213-626-1901"}, {"attraction_name": "Battleship USS Iowa Museum", "category": "Museum", "free_entry": "True", "good_for_kids": "True", "location": "Los Angeles", "phone_number": "877-446-9261"}, {"attraction_name": "Cabrillo Marine Aquarium", "category": "Nature Preserve", "free_entry": "True", "good_for_kids": "True", "location": "Los Angeles", "phone_number": "310-612-1437"}, {"attraction_name": "California African American Museum", "category": "Museum", "free_entry": "True", "good_for_kids": "False", "location": "Los Angeles", "phone_number": "213-744-7432"}, {"attraction_name": "Cathedral of Our Lady of the Angels", "category": "Place of Worship", "free_entry": "True", "good_for_kids": "False", "location": "Los Angeles", "phone_number": "213-680-5200"}, {"attraction_name": "Dodger Stadium", "category": "Sports Venue", "free_entry": "True", "good_for_kids": "True", "location": "Los Angeles", "phone_number": "866-363-4377"}, {"attraction_name": "Dolby Theatre", "category": "Performing Arts Venue", "free_entry": "True", "good_for_kids": "False", "location": "Los Angeles", "phone_number": "323-308-6300"}, {"attraction_name": "Grand Park", "category": "Park", "free_entry": "True", "good_for_kids": "True", "location": "Los Angeles", "phone_number": "213-972-8080"}, {"attraction_name": "Griffith Park", "category": "Park", "free_entry": "True", "good_for_kids": "False", "location": "Los Angeles", "phone_number": "323-913-4688"}, {"attraction_name": "Hauser & Wirth", "category": "Museum", "free_entry": "True", "good_for_kids": "True", "location": "Los Angeles", "phone_number": "213-988-7413"}], "slots": [{"exclusive_end": 92, "slot": "attraction_name", "start": 66}]}], "speaker": "SYSTEM", "utterance": "If you would like to visit a Museum, I would suggest going to the Battleship USS Iowa Museum."}, {"frames": [{"actions": [{"act": "SELECT", "canonical_values": [], "slot": "", "values": []}], "service": "Travel_1", "slots": [], "state": {"active_intent": "FindAttractions", "requested_slots": [], "slot_values": {"free_entry": ["True"], "location": ["LAX"]}}}, {"actions": [{"act": "INFORM", "canonical_values": ["4.30"], "slot": "rating", "values": ["4.3"]}, {"act": "INFORM", "canonical_values": ["1"], "slot": "number_of_adults", "values": ["1"]}, {"act": "INFORM_INTENT", "canonical_values": ["SearchHouse"], "slot": "intent", "values": ["SearchHouse"]}], "service": "Hotels_2", "slots": [{"exclusive_end": 70, "slot": "rating", "start": 67}], "state": {"active_intent": "SearchHouse", "requested_slots": [], "slot_values": {"number_of_adults": ["1"], "rating": ["4.3"], "where_to": ["LAX"]}}}], "speaker": "USER", "utterance": "Thank you. Can you find me a house for one person with a rating of 4.3 or higher for me to stay there?"}, {"frames": [{"actions": [{"act": "OFFER", "canonical_values": ["1224 Beverwil Drive"], "slot": "address", "values": ["1224 Beverwil Drive"]}, {"act": "OFFER", "canonical_values": ["4.30"], "slot": "rating", "values": ["4.3"]}], "service": "Hotels_2", "service_call": {"method": "SearchHouse", "parameters": {"number_of_adults": "1", "rating": "4.30", "where_to": "Los Angeles"}}, "service_results": [{"address": "1224 Beverwil Drive", "has_laundry_service": "True", "number_of_adults": "1", "phone_number": "+1 877-334-5623", "rating": "4.30", "total_price": "1152", "where_to": "Los Angeles"}, {"address": "15 Rose Avenue, Venice, California 90291, United States", "has_laundry_service": "False", "number_of_adults": "1", "phone_number": "+1 310-450-3474", "rating": "4.30", "total_price": "440", "where_to": "Los Angeles"}, {"address": "1753 Orchid Avenue", "has_laundry_service": "False", "number_of_adults": "1", "phone_number": "+1 323-874-9678", "rating": "4.30", "total_price": "840", "where_to": "Los Angeles"}, {"address": "1775 Orchid Avenue", "has_laundry_service": "False", "number_of_adults": "1", "phone_number": "+1 323-850-6464", "rating": "4.30", "total_price": "648", "where_to": "Los Angeles"}, {"address": "1800 Argyle Avenue", "has_laundry_service": "True", "number_of_adults": "1", "phone_number": "+1 213-279-3532", "rating": "4.30", "total_price": "432", "where_to": "Los Angeles"}, {"address": "2 Breeze Avenue, Venice, California 90291, United States", "has_laundry_service": "False", "number_of_adults": "1", "phone_number": "+1 310-566-2222", "rating": "4.30", "total_price": "210", "where_to": "Los Angeles"}, {"address": "2151 Avenue of the Stars", "has_laundry_service": "True", "number_of_adults": "1", "phone_number": "+1 310-284-6500", "rating": "4.30", "total_price": "768", "where_to": "Los Angeles"}, {"address": "251 South Olive Street", "has_laundry_service": "True", "number_of_adults": "1", "phone_number": "+1 213-617-3300", "rating": "4.30", "total_price": "320", "where_to": "Los Angeles"}, {"address": "300 Doheny Drive", "has_laundry_service": "True", "number_of_adults": "1", "phone_number": "+1 310-273-2222", "rating": "4.30", "total_price": "1260", "where_to": "Los Angeles"}, {"address": "330 Charles E Young Drive East", "has_laundry_service": "True", "number_of_adults": "1", "phone_number": "+1 310-825-2923", "rating": "4.30", "total_price": "1248", "where_to": "Los Angeles"}], "slots": [{"exclusive_end": 43, "slot": "address", "start": 24}, {"exclusive_end": 69, "slot": "rating", "start": 66}]}], "speaker": "SYSTEM", "utterance": "There's a nice house at 1224 Beverwil Drive which has a rating of 4.3."}, {"frames": [{"actions": [{"act": "SELECT", "canonical_values": [], "slot": "", "values": []}], "service": "Hotels_2", "slots": [], "state": {"active_intent": "SearchHouse", "requested_slots": [], "slot_values": {"number_of_adults": ["1"], "rating": ["4.3"], "where_to": ["LAX"]}}}, {"actions": [{"act": "INFORM", "canonical_values": ["2019-03-03"], "slot": "departure_date", "values": ["the 3rd"]}, {"act": "INFORM_INTENT", "canonical_values": ["SearchRoundtripFlights"], "slot": "intent", "values": ["SearchRoundtripFlights"]}], "service": "Flights_4", "slots": [{"exclusive_end": 117, "slot": "departure_date", "start": 110}], "state": {"active_intent": "SearchRoundtripFlights", "requested_slots": [], "slot_values": {"departure_date": ["the 3rd"], "destination_airport": ["LAX"]}}}], "speaker": "USER", "utterance": "Thank you for finding the house for me. Can you find me a round trip flight to get there? I want to depart on the 3rd."}, {"frames": [{"actions": [{"act": "REQUEST", "canonical_values": [], "slot": "origin_airport", "values": []}, {"act": "REQUEST", "canonical_values": [], "slot": "return_date", "values": []}], "service": "Flights_4", "slots": []}], "speaker": "SYSTEM", "utterance": "Where will you be flying from and on what date would you like to return?"}, {"frames": [{"actions": [{"act": "INFORM", "canonical_values": ["2019-03-09"], "slot": "return_date", "values": ["9th of March"]}, {"act": "INFORM", "canonical_values": ["Toronto"], "slot": "origin_airport", "values": ["Toronto, Canada"]}], "service": "Flights_4", "slots": [{"exclusive_end": 77, "slot": "return_date", "start": 65}, {"exclusive_end": 38, "slot": "origin_airport", "start": 23}], "state": {"active_intent": "SearchRoundtripFlights", "requested_slots": [], "slot_values": {"departure_date": ["the 3rd"], "destination_airport": ["LAX"], "origin_airport": ["Toronto, Canada"], "return_date": ["9th of March"]}}}], "speaker": "USER", "utterance": "I'll be departing from Toronto, Canada and plan to return on the 9th of March."}, {"frames": [{"actions": [{"act": "OFFER", "canonical_values": ["American Airlines"], "slot": "airlines", "values": ["American Airlines"]}, {"act": "OFFER", "canonical_values": ["00:00"], "slot": "outbound_departure_time", "values": ["midnight"]}, {"act": "OFFER", "canonical_values": ["False"], "slot": "is_nonstop", "values": ["False"]}, {"act": "OFFER", "canonical_values": ["12:05"], "slot": "inbound_departure_time", "values": ["12:05 pm"]}, {"act": "OFFER", "canonical_values": ["438"], "slot": "price", "values": ["$438"]}, {"act": "INFORM_COUNT", "canonical_values": ["2"], "slot": "count", "values": ["2"]}], "service": "Flights_4", "service_call": {"method": "SearchRoundtripFlights", "parameters": {"departure_date": "2019-03-03", "destination_airport": "Los Angeles", "origin_airport": "Toronto", "return_date": "2019-03-09"}}, "service_results": [{"airlines": "American Airlines", "departure_date": "2019-03-03", "destination_airport": "Los Angeles", "inbound_arrival_time": "23:38", "inbound_departure_time": "12:05", "is_nonstop": "False", "number_of_tickets": "1", "origin_airport": "Toronto", "outbound_arrival_time": "08:22", "outbound_departure_time": "00:00", "price": "438", "return_date": "2019-03-09", "seating_class": "Economy"}, {"airlines": "United Airlines", "departure_date": "2019-03-03", "destination_airport": "Los Angeles", "inbound_arrival_time": "23:08", "inbound_departure_time": "09:35", "is_nonstop": "False", "number_of_tickets": "1", "origin_airport": "Toronto", "outbound_arrival_time": "07:14", "outbound_departure_time": "04:45", "price": "325", "return_date": "2019-03-09", "seating_class": "Economy"}], "slots": [{"exclusive_end": 101, "slot": "outbound_departure_time", "start": 93}, {"exclusive_end": 147, "slot": "inbound_departure_time", "start": 139}, {"exclusive_end": 173, "slot": "price", "start": 169}]}], "speaker": "SYSTEM", "utterance": "Of the 2 convenient flights, there is an American Airlines connecting flight that departs at midnight with the return flight taking off at 12:05 pm and the ticket costs $438."}, {"frames": [{"actions": [{"act": "SELECT", "canonical_values": [], "slot": "", "values": []}, {"act": "GOODBYE", "canonical_values": [], "slot": "", "values": []}], "service": "Flights_4", "slots": [], "state": {"active_intent": "SearchRoundtripFlights", "requested_slots": [], "slot_values": {"departure_date": ["the 3rd"], "destination_airport": ["LAX"], "origin_airport": ["Toronto, Canada"], "return_date": ["9th of March"]}}}], "speaker": "USER", "utterance": "That one sounds good to me. Thank you. That'll be all for now."}, {"frames": [{"actions": [{"act": "GOODBYE", "canonical_values": [], "slot": "", "values": []}], "service": "Flights_4", "slots": []}], "speaker": "SYSTEM", "utterance": "Have a great day!"}]}, {"dialogue_id": "34_00003", "services": ["Hotels_4", "Travel_1"], "turns": [{"frames": [{"actions": [{"act": "INFORM", "canonical_values": ["5"], "slot": "star_rating", "values": ["5"]}, {"act": "INFORM_INTENT", "canonical_values": ["SearchHotel"], "slot": "intent", "values": ["SearchHotel"]}], "service": "Hotels_4", "slots": [], "state": {"active_intent": "SearchHotel", "requested_slots": [], "slot_values": {"star_rating": ["5"]}}}], "speaker": "USER", "utterance": "I am looking for a five star hotel."}, {"frames": [{"actions": [{"act": "REQUEST", "canonical_values": [], "slot": "location", "values": []}], "service": "Hotels_4", "slots": []}], "speaker": "SYSTEM", "utterance": "What city will you be staying in?"}, {"frames": [{"actions": [{"act": "INFORM", "canonical_values": ["Sydney"], "slot": "location", "values": ["Sydney, NSW"]}], "service": "Hotels_4", "slots": [{"exclusive_end": 29, "slot": "location", "start": 18}], "state": {"active_intent": "SearchHotel", "requested_slots": [], "slot_values": {"location": ["Sydney, NSW"], "star_rating": ["5"]}}}], "speaker": "USER", "utterance": "I need a hotel in Sydney, NSW."}, {"frames": [{"actions": [{"act": "OFFER", "canonical_values": ["Amora Hotel Jamison Sydney"], "slot": "place_name", "values": ["Amora Hotel Jamison Sydney"]}, {"act": "OFFER", "canonical_values": ["5"], "slot": "star_rating", "values": ["5"]}], "service": "Hotels_4", "service_call": {"method": "SearchHotel", "parameters": {"location": "Sydney", "star_rating": "5"}}, "service_results": [{"location": "Sydney", "number_of_rooms": "2", "phone_number": "+61 2 9696 2500", "place_name": "Amora Hotel Jamison Sydney", "price_per_night": "230", "smoking_allowed": "False", "star_rating": "5", "street_address": "11 Jamison Street"}, {"location": "Sydney", "number_of_rooms": "1", "phone_number": "+61 2 9240 3100", "place_name": "Establishment Hotel", "price_per_night": "115", "smoking_allowed": "False", "star_rating": "5", "street_address": "5 Bridge Lane"}, {"location": "Sydney", "number_of_rooms": "2", "phone_number": "+61 2 8823 8888", "place_name": "Fraser Suites Sydney", "price_per_night": "380", "smoking_allowed": "False", "star_rating": "5", "street_address": "488 Kent Street"}, {"location": "Sydney", "number_of_rooms": "3", "phone_number": "+61 2 9238 8888", "place_name": "Hotel SwissoTel Sydney", "price_per_night": "330", "smoking_allowed": "False", "star_rating": "5", "street_address": "68 Market Street"}, {"location": "Sydney", "number_of_rooms": "2", "phone_number": "+61 2 8388 8388", "place_name": "Intercontinental Sydney Double Bay", "price_per_night": "210", "smoking_allowed": "False", "star_rating": "5", "street_address": "33 Cross Street, Double Bay"}, {"location": "Sydney", "number_of_rooms": "1", "phone_number": "+61 2 9277 1125", "place_name": "Meriton Suites Bondi Junction", "price_per_night": "155", "smoking_allowed": "False", "star_rating": "5", "street_address": "97 Grafton Street, Bondi Junction New South Wales 2022, Australia"}, {"location": "Sydney", "number_of_rooms": "2", "phone_number": "+61 2 9277 1125", "place_name": "Meriton Suites Campbell Street, Sydney", "price_per_night": "290", "smoking_allowed": "False", "star_rating": "5", "street_address": "6 Campbell Street"}, {"location": "Sydney", "number_of_rooms": "2", "phone_number": "+61 2 9277 1125", "place_name": "Meriton Suites Chatswood", "price_per_night": "220", "smoking_allowed": "False", "star_rating": "5", "street_address": "79 Albert Avenue, Chatswood New South Wales 2067, Australia"}, {"location": "Sydney", "number_of_rooms": "2", "phone_number": "+61 2 9277 1125", "place_name": "Meriton Suites Kent Street, Sydney", "price_per_night": "220", "smoking_allowed": "True", "star_rating": "5", "street_address": "528 Kent Street"}, {"location": "Sydney", "number_of_rooms": "3", "phone_number": "+61 2 9277 1125", "place_name": "Meriton Suites Mascot Central", "price_per_night": "435", "smoking_allowed": "True", "star_rating": "5", "street_address": "8 Jackson Drive, Mascot New South Wales 2020, Australia"}], "slots": [{"exclusive_end": 56, "slot": "place_name", "start": 30}]}], "speaker": "SYSTEM", "utterance": "I found a 5 star hotel called Amora Hotel Jamison Sydney."}, {"frames": [{"actions": [{"act": "INFORM_INTENT", "canonical_values": ["FindAttractions"], "slot": "intent", "values": ["FindAttractions"]}], "service": "Travel_1", "slots": [], "state": {"active_intent": "FindAttractions", "requested_slots": [], "slot_values": {"location": ["Sydney, NSW"]}}}, {"actions": [{"act": "SELECT", "canonical_values": [], "slot": "", "values": []}], "service": "Hotels_4", "slots": [], "state": {"active_intent": "SearchHotel", "requested_slots": [], "slot_values": {"location": ["Sydney, NSW"], "place_name": ["Amora Hotel Jamison Sydney"], "star_rating": ["5"]}}}], "speaker": "USER", "utterance": "That is perfect. What attractions are available?"}, {"frames": [{"actions": [{"act": "OFFER", "canonical_values": ["ANZ Stadium"], "slot": "attraction_name", "values": ["ANZ Stadium"]}, {"act": "OFFER", "canonical_values": ["Sports Venue"], "slot": "category", "values": ["Sports Venue"]}], "service": "Travel_1", "service_call": {"method": "FindAttractions", "parameters": {"location": "Sydney"}}, "service_results": [{"attraction_name": "ANZ Stadium", "category": "Sports Venue", "free_entry": "True", "good_for_kids": "True", "location": "Sydney", "phone_number": "2 8765 2000"}, {"attraction_name": "Art Gallery of New South Wales", "category": "Museum", "free_entry": "False", "good_for_kids": "True", "location": "Sydney", "phone_number": "2 9225 1700"}, {"attraction_name": "Australian National Maritime Museum", "category": "Museum", "free_entry": "True", "good_for_kids": "True", "location": "Sydney", "phone_number": "2 9298 3777"}, {"attraction_name": "Bicentennial Park, Homebush Bay", "category": "Park", "free_entry": "True", "good_for_kids": "True", "location": "Sydney", "phone_number": "2 9714 7888"}, {"attraction_name": "Blaxland Riverside Park", "category": "Park", "free_entry": "True", "good_for_kids": "True", "location": "Sydney", "phone_number": "2 9714 7888"}, {"attraction_name": "Bondi Markets", "category": "Shopping Area", "free_entry": "True", "good_for_kids": "True", "location": "Sydney", "phone_number": "2 9315 7011"}, {"attraction_name": "Bondi to Bronte Coastal Walk", "category": "Tourist Attraction", "free_entry": "False", "good_for_kids": "True", "location": "Sydney", "phone_number": "406 333 665"}, {"attraction_name": "Bondi to Coogee Walk", "category": "Tourist Attraction", "free_entry": "True", "good_for_kids": "True", "location": "Sydney", "phone_number": "481 865 553"}, {"attraction_name": "BridgeClimb Sydney", "category": "Tourist Attraction", "free_entry": "False", "good_for_kids": "True", "location": "Sydney", "phone_number": "2 8274 7777"}, {"attraction_name": "Capitol Theatre", "category": "Performing Arts Venue", "free_entry": "False", "good_for_kids": "True", "location": "Sydney", "phone_number": "2 9320 5000"}], "slots": [{"exclusive_end": 42, "slot": "attraction_name", "start": 31}]}], "speaker": "SYSTEM", "utterance": "There is a sports venue called ANZ Stadium."}, {"frames": [{"actions": [{"act": "REQUEST_ALTS", "canonical_values": [], "slot": "", "values": []}], "service": "Travel_1", "slots": [], "state": {"active_intent": "FindAttractions", "requested_slots": [], "slot_values": {"location": ["Sydney, NSW"]}}}], "speaker": "USER", "utterance": "What other attractions are there?"}, {"frames": [{"actions": [{"act": "OFFER", "canonical_values": ["Art Gallery of New South Wales"], "slot": "attraction_name", "values": ["Art Gallery of New South Wales"]}, {"act": "OFFER", "canonical_values": ["Museum"], "slot": "category", "values": ["Museum"]}], "service": "Travel_1", "slots": [{"exclusive_end": 59, "slot": "attraction_name", "start": 29}]}], "speaker": "SYSTEM", "utterance": "There is a museum called the Art Gallery of New South Wales."}, {"frames": [{"actions": [{"act": "SELECT", "canonical_values": [], "slot": "", "values": []}], "service": "Travel_1", "slots": [], "state": {"active_intent": "FindAttractions", "requested_slots": [], "slot_values": {"location": ["Sydney, NSW"]}}}, {"actions": [{"act": "INFORM", "canonical_values": ["2"], "slot": "number_of_rooms", "values": ["2"]}, {"act": "INFORM", "canonical_values": ["2019-03-09"], "slot": "check_in_date", "values": ["9th of March"]}, {"act": "INFORM_INTENT", "canonical_values": ["ReserveHotel"], "slot": "intent", "values": ["ReserveHotel"]}], "service": "Hotels_4", "slots": [{"exclusive_end": 106, "slot": "check_in_date", "start": 94}], "state": {"active_intent": "ReserveHotel", "requested_slots": [], "slot_values": {"check_in_date": ["9th of March"], "location": ["Sydney, NSW"], "number_of_rooms": ["2"], "place_name": ["Amora Hotel Jamison Sydney"], "star_rating": ["5"]}}}], "speaker": "USER", "utterance": "That is perfect. I would like to reserve 2 rooms at that hotel and will be checking in on the 9th of March."}, {"frames": [{"actions": [{"act": "REQUEST", "canonical_values": [], "slot": "stay_length", "values": []}], "service": "Hotels_4", "slots": []}], "speaker": "SYSTEM", "utterance": "How long do you want to reserve the rooms for?"}, {"frames": [{"actions": [{"act": "INFORM", "canonical_values": ["1"], "slot": "stay_length", "values": ["one"]}], "service": "Hotels_4", "slots": [{"exclusive_end": 26, "slot": "stay_length", "start": 23}], "state": {"active_intent": "ReserveHotel", "requested_slots": [], "slot_values": {"check_in_date": ["9th of March"], "location": ["Sydney, NSW"], "number_of_rooms": ["2"], "place_name": ["Amora Hotel Jamison Sydney"], "star_rating": ["5"], "stay_length": ["one"]}}}], "speaker": "USER", "utterance": "We will be staying for one day."}, {"frames": [{"actions": [{"act": "CONFIRM", "canonical_values": ["Amora Hotel Jamison Sydney"], "slot": "place_name", "values": ["Amora Hotel Jamison Sydney"]}, {"act": "CONFIRM", "canonical_values": ["2019-03-09"], "slot": "check_in_date", "values": ["March 9th"]}, {"act": "CONFIRM", "canonical_values": ["1"], "slot": "stay_length", "values": ["1"]}, {"act": "CONFIRM", "canonical_values": ["Sydney"], "slot": "location", "values": ["Sydney"]}, {"act": "CONFIRM", "canonical_values": ["2"], "slot": "number_of_rooms", "values": ["2"]}], "service": "Hotels_4", "slots": [{"exclusive_end": 108, "slot": "place_name", "start": 82}, {"exclusive_end": 74, "slot": "check_in_date", "start": 65}, {"exclusive_end": 48, "slot": "stay_length", "start": 47}, {"exclusive_end": 118, "slot": "location", "start": 112}]}], "speaker": "SYSTEM", "utterance": "Please confirm you want to reserve 2 rooms for 1 day starting on March 9th at the Amora Hotel Jamison Sydney in Sydney."}, {"frames": [{"actions": [{"act": "AFFIRM", "canonical_values": [], "slot": "", "values": []}], "service": "Hotels_4", "slots": [], "state": {"active_intent": "ReserveHotel", "requested_slots": [], "slot_values": {"check_in_date": ["9th of March", "March 9th"], "location": ["Sydney", "Sydney, NSW"], "number_of_rooms": ["2"], "place_name": ["Amora Hotel Jamison Sydney"], "star_rating": ["5"], "stay_length": ["1", "one"]}}}], "speaker": "USER", "utterance": "That is correct."}, {"frames": [{"actions": [{"act": "NOTIFY_SUCCESS", "canonical_values": [], "slot": "", "values": []}], "service": "Hotels_4", "service_call": {"method": "ReserveHotel", "parameters": {"check_in_date": "2019-03-09", "location": "Sydney", "number_of_rooms": "2", "place_name": "Amora Hotel Jamison Sydney", "stay_length": "1"}}, "service_results": [{"check_in_date": "2019-03-09", "location": "Sydney", "number_of_rooms": "2", "phone_number": "+61 2 9696 2500", "place_name": "Amora Hotel Jamison Sydney", "price_per_night": "555", "smoking_allowed": "False", "star_rating": "5", "stay_length": "1", "street_address": "11 Jamison Street"}], "slots": []}], "speaker": "SYSTEM", "utterance": "The reservation is successful."}, {"frames": [{"actions": [{"act": "THANK_YOU", "canonical_values": [], "slot": "", "values": []}, {"act": "GOODBYE", "canonical_values": [], "slot": "", "values": []}], "service": "Hotels_4", "slots": [], "state": {"active_intent": "ReserveHotel", "requested_slots": [], "slot_values": {"check_in_date": ["9th of March", "March 9th"], "location": ["Sydney", "Sydney, NSW"], "number_of_rooms": ["2"], "place_name": ["Amora Hotel Jamison Sydney"], "star_rating": ["5"], "stay_length": ["1", "one"]}}}], "speaker": "USER", "utterance": "Thank you, that will be all."}, {"frames": [{"actions": [{"act": "GOODBYE", "canonical_values": [], "slot": "", "values": []}], "service": "Hotels_4", "slots": []}], "speaker": "SYSTEM", "utterance": "See you soon!"}]}, {"dialogue_id": "34_00004", "services": ["Hotels_4", "Travel_1"], "turns": [{"frames": [{"actions": [{"act": "INFORM_INTENT", "canonical_values": ["SearchHotel"], "slot": "intent", "values": ["SearchHotel"]}], "service": "Hotels_4", "slots": [], "state": {"active_intent": "SearchHotel", "requested_slots": [], "slot_values": {}}}], "speaker": "USER", "utterance": "I am interested in finding a hotel."}, {"frames": [{"actions": [{"act": "REQUEST", "canonical_values": [], "slot": "location", "values": []}], "service": "Hotels_4", "slots": []}], "speaker": "SYSTEM", "utterance": "Can you tell me the city where I should search for hotels?"}, {"frames": [{"actions": [{"act": "INFORM", "canonical_values": ["Anaheim"], "slot": "location", "values": ["Anaheim, CA"]}], "service": "Hotels_4", "slots": [{"exclusive_end": 51, "slot": "location", "start": 40}], "state": {"active_intent": "SearchHotel", "requested_slots": [], "slot_values": {"location": ["Anaheim, CA"]}}}], "speaker": "USER", "utterance": "The hotel I am looking for should be in Anaheim, CA."}, {"frames": [{"actions": [{"act": "OFFER", "canonical_values": ["Alamo Inn & Suites"], "slot": "place_name", "values": ["Alamo Inn & Suites"]}, {"act": "OFFER", "canonical_values": ["2"], "slot": "star_rating", "values": ["2"]}], "service": "Hotels_4", "service_call": {"method": "SearchHotel", "parameters": {"location": "Anaheim"}}, "service_results": [{"location": "Anaheim", "number_of_rooms": "1", "phone_number": "+1 714-635-8070", "place_name": "Alamo Inn & Suites", "price_per_night": "52", "smoking_allowed": "False", "star_rating": "2", "street_address": "1140 West Katella Avenue"}, {"location": "Anaheim", "number_of_rooms": "3", "phone_number": "+1 714-772-5050", "place_name": "Anaheim Desert Inn And Suites", "price_per_night": "150", "smoking_allowed": "False", "star_rating": "2", "street_address": "1600 South Harbor Boulevard"}, {"location": "Anaheim", "number_of_rooms": "2", "phone_number": "+1 714-774-0950", "place_name": "Anaheim Executive Inn", "price_per_night": "92", "smoking_allowed": "True", "star_rating": "2", "street_address": "1800 Lincoln Avenue"}, {"location": "Anaheim", "number_of_rooms": "2", "phone_number": "+1 714-778-6565", "place_name": "Anaheim Islander Inn And Suites", "price_per_night": "156", "smoking_allowed": "False", "star_rating": "2", "street_address": "424 West Katella Avenue"}, {"location": "Anaheim", "number_of_rooms": "3", "phone_number": "+1 714-778-1700", "place_name": "Anaheim Majestic Garden Hotel", "price_per_night": "207", "smoking_allowed": "False", "star_rating": "3", "street_address": "900 South Disneyland Drive"}, {"location": "Anaheim", "number_of_rooms": "1", "phone_number": "+1 714-782-7600", "place_name": "Anaheim Portofino Inn & Suites", "price_per_night": "111", "smoking_allowed": "False", "star_rating": "3", "street_address": "1831 South Harbor Boulevard"}, {"location": "Anaheim", "number_of_rooms": "3", "phone_number": "+1 714-634-2106", "place_name": "Ayres Hotel Anaheim", "price_per_night": "243", "smoking_allowed": "True", "star_rating": "3", "street_address": "2550 East Katella Avenue"}, {"location": "Anaheim", "number_of_rooms": "3", "phone_number": "+1 714-774-1050", "place_name": "Best Western Plus Anaheim Inn", "price_per_night": "279", "smoking_allowed": "False", "star_rating": "3", "street_address": "1630 South Harbor Boulevard"}, {"location": "Anaheim", "number_of_rooms": "2", "phone_number": "+1 714-776-4800", "place_name": "Best Western Plus Park Place Inn - Mini Suites", "price_per_night": "132", "smoking_allowed": "False", "star_rating": "3", "street_address": "1544 South Harbor Boulevard"}, {"location": "Anaheim", "number_of_rooms": "2", "phone_number": "+1 714-776-0140", "place_name": "Best Western Plus Pavilions", "price_per_night": "76", "smoking_allowed": "False", "star_rating": "1", "street_address": "1176 West Katella Avenue"}], "slots": [{"exclusive_end": 67, "slot": "place_name", "start": 49}]}], "speaker": "SYSTEM", "utterance": "I have found a nice 2 star hotel which is called Alamo Inn & Suites."}, {"frames": [{"actions": [{"act": "REQUEST", "canonical_values": [], "slot": "price_per_night", "values": []}], "service": "Hotels_4", "slots": [], "state": {"active_intent": "SearchHotel", "requested_slots": ["price_per_night"], "slot_values": {"location": ["Anaheim, CA"]}}}], "speaker": "USER", "utterance": "Can you tell me the price per night this hotel has?"}, {"frames": [{"actions": [{"act": "INFORM", "canonical_values": ["52"], "slot": "price_per_night", "values": ["$52"]}], "service": "Hotels_4", "slots": [{"exclusive_end": 47, "slot": "price_per_night", "start": 44}]}], "speaker": "SYSTEM", "utterance": "If you stay at this hotel, it will cost you $52 per night."}, {"frames": [{"actions": [{"act": "REQUEST", "canonical_values": [], "slot": "street_address", "values": []}, {"act": "REQUEST", "canonical_values": [], "slot": "phone_number", "values": []}], "service": "Hotels_4", "slots": [], "state": {"active_intent": "SearchHotel", "requested_slots": ["phone_number", "street_address"], "slot_values": {"location": ["Anaheim, CA"]}}}], "speaker": "USER", "utterance": "Can you give me the address of this hotel, and the phone number I can use to call them?"}, {"frames": [{"actions": [{"act": "INFORM", "canonical_values": ["+1 714-635-8070"], "slot": "phone_number", "values": ["+1 714-635-8070"]}, {"act": "INFORM", "canonical_values": ["1140 West Katella Avenue"], "slot": "street_address", "values": ["1140 West Katella Avenue"]}], "service": "Hotels_4", "slots": [{"exclusive_end": 64, "slot": "phone_number", "start": 49}, {"exclusive_end": 120, "slot": "street_address", "start": 96}]}], "speaker": "SYSTEM", "utterance": "If you want to get in touch with them you can at +1 714-635-8070, and the hotel can be found at 1140 West Katella Avenue."}, {"frames": [{"actions": [{"act": "INFORM", "canonical_values": ["Tourist Attraction"], "slot": "category", "values": ["Tourist Attraction"]}, {"act": "INFORM", "canonical_values": ["True"], "slot": "free_entry", "values": ["True"]}, {"act": "INFORM_INTENT", "canonical_values": ["FindAttractions"], "slot": "intent", "values": ["FindAttractions"]}], "service": "Travel_1", "slots": [], "state": {"active_intent": "FindAttractions", "requested_slots": [], "slot_values": {"category": ["Tourist Attraction"], "free_entry": ["True"], "location": ["Anaheim, CA"]}}}, {"actions": [{"act": "SELECT", "canonical_values": [], "slot": "", "values": []}], "service": "Hotels_4", "slots": [], "state": {"active_intent": "SearchHotel", "requested_slots": [], "slot_values": {"location": ["Anaheim, CA"], "place_name": ["Alamo Inn & Suites"]}}}], "speaker": "USER", "utterance": "That seems nice. Can you tell me about some attractions there which have no entry fee, and more specifically I would enjoy Tourist Attraction."}, {"frames": [{"actions": [{"act": "OFFER", "canonical_values": ["Cars Land"], "slot": "attraction_name", "values": ["Cars Land"]}, {"act": "OFFER", "canonical_values": ["Tourist Attraction"], "slot": "category", "values": ["Tourist Attraction"]}, {"act": "INFORM_COUNT", "canonical_values": ["4"], "slot": "count", "values": ["4"]}], "service": "Travel_1", "service_call": {"method": "FindAttractions", "parameters": {"category": "Tourist Attraction", "free_entry": "True", "location": "Anaheim"}}, "service_results": [{"attraction_name": "Cars Land", "category": "Tourist Attraction", "free_entry": "True", "good_for_kids": "True", "location": "Anaheim", "phone_number": "714-781-4565"}, {"attraction_name": "Downtown Disney District", "category": "Tourist Attraction", "free_entry": "True", "good_for_kids": "True", "location": "Anaheim", "phone_number": "714-781-4565"}, {"attraction_name": "Pixar Pier", "category": "Tourist Attraction", "free_entry": "True", "good_for_kids": "False", "location": "Anaheim", "phone_number": "714-781-4636"}, {"attraction_name": "Sleeping Beauty Castle", "category": "Tourist Attraction", "free_entry": "True", "good_for_kids": "False", "location": "Anaheim", "phone_number": "714-781-4565"}], "slots": [{"exclusive_end": 83, "slot": "attraction_name", "start": 74}]}], "speaker": "SYSTEM", "utterance": "There are 4 attractions which match what you want, with one of them being Cars Land which is a Tourist Attraction."}, {"frames": [{"actions": [{"act": "SELECT", "canonical_values": [], "slot": "", "values": []}], "service": "Travel_1", "slots": [], "state": {"active_intent": "FindAttractions", "requested_slots": [], "slot_values": {"category": ["Tourist Attraction"], "free_entry": ["True"], "location": ["Anaheim, CA"]}}}, {"actions": [{"act": "INFORM_INTENT", "canonical_values": ["ReserveHotel"], "slot": "intent", "values": ["ReserveHotel"]}], "service": "Hotels_4", "slots": [], "state": {"active_intent": "ReserveHotel", "requested_slots": [], "slot_values": {"location": ["Anaheim, CA"], "place_name": ["Alamo Inn & Suites"]}}}], "speaker": "USER", "utterance": "Alright, nice. Now I want to make a booking for the hotel you found earlier."}, {"frames": [{"actions": [{"act": "REQUEST", "canonical_values": [], "slot": "stay_length", "values": []}], "service": "Hotels_4", "slots": []}], "speaker": "SYSTEM", "utterance": "Can you tell me the duration of your stay there?"}, {"frames": [{"actions": [{"act": "INFORM", "canonical_values": ["5"], "slot": "stay_length", "values": ["5"]}], "service": "Hotels_4", "slots": [{"exclusive_end": 36, "slot": "stay_length", "start": 35}], "state": {"active_intent": "ReserveHotel", "requested_slots": [], "slot_values": {"location": ["Anaheim, CA"], "place_name": ["Alamo Inn & Suites"], "stay_length": ["5"]}}}], "speaker": "USER", "utterance": "I will need to be in the hotel for 5 days."}, {"frames": [{"actions": [{"act": "REQUEST", "canonical_values": [], "slot": "check_in_date", "values": []}], "service": "Hotels_4", "slots": []}], "speaker": "SYSTEM", "utterance": "Can you also please tell me when you are going to go at the hotel?"}, {"frames": [{"actions": [{"act": "INFORM", "canonical_values": ["2019-03-09"], "slot": "check_in_date", "values": ["9th of March"]}], "service": "Hotels_4", "slots": [{"exclusive_end": 45, "slot": "check_in_date", "start": 33}], "state": {"active_intent": "ReserveHotel", "requested_slots": [], "slot_values": {"check_in_date": ["9th of March"], "location": ["Anaheim, CA"], "place_name": ["Alamo Inn & Suites"], "stay_length": ["5"]}}}], "speaker": "USER", "utterance": "I have it planned to go there on 9th of March."}, {"frames": [{"actions": [{"act": "CONFIRM", "canonical_values": ["Alamo Inn & Suites"], "slot": "place_name", "values": ["Alamo Inn & Suites"]}, {"act": "CONFIRM", "canonical_values": ["2019-03-09"], "slot": "check_in_date", "values": ["March 9th"]}, {"act": "CONFIRM", "canonical_values": ["5"], "slot": "stay_length", "values": ["5"]}, {"act": "CONFIRM", "canonical_values": ["Anaheim"], "slot": "location", "values": ["Anaheim"]}, {"act": "CONFIRM", "canonical_values": ["1"], "slot": "number_of_rooms", "values": ["1"]}], "service": "Hotels_4", "slots": [{"exclusive_end": 88, "slot": "place_name", "start": 70}, {"exclusive_end": 146, "slot": "check_in_date", "start": 137}, {"exclusive_end": 57, "slot": "stay_length", "start": 56}, {"exclusive_end": 105, "slot": "location", "start": 98}]}], "speaker": "SYSTEM", "utterance": "Can you please confirm that you want to book 1 room for 5 days at the Alamo Inn & Suites hotel in Anaheim, and that you will go there on March 9th?"}, {"frames": [{"actions": [{"act": "AFFIRM", "canonical_values": [], "slot": "", "values": []}], "service": "Hotels_4", "slots": [], "state": {"active_intent": "ReserveHotel", "requested_slots": [], "slot_values": {"check_in_date": ["9th of March", "March 9th"], "location": ["Anaheim", "Anaheim, CA"], "number_of_rooms": ["1"], "place_name": ["Alamo Inn & Suites"], "stay_length": ["5"]}}}], "speaker": "USER", "utterance": "Yes, that is quite good."}, {"frames": [{"actions": [{"act": "NOTIFY_SUCCESS", "canonical_values": [], "slot": "", "values": []}], "service": "Hotels_4", "service_call": {"method": "ReserveHotel", "parameters": {"check_in_date": "2019-03-09", "location": "Anaheim", "number_of_rooms": "1", "place_name": "Alamo Inn & Suites", "stay_length": "5"}}, "service_results": [{"check_in_date": "2019-03-09", "location": "Anaheim", "number_of_rooms": "1", "phone_number": "+1 714-635-8070", "place_name": "Alamo Inn & Suites", "price_per_night": "108", "smoking_allowed": "False", "star_rating": "2", "stay_length": "5", "street_address": "1140 West Katella Avenue"}], "slots": []}], "speaker": "SYSTEM", "utterance": "Your requested booking for the hotel has been made."}, {"frames": [{"actions": [{"act": "THANK_YOU", "canonical_values": [], "slot": "", "values": []}, {"act": "GOODBYE", "canonical_values": [], "slot": "", "values": []}], "service": "Hotels_4", "slots": [], "state": {"active_intent": "ReserveHotel", "requested_slots": [], "slot_values": {"check_in_date": ["9th of March", "March 9th"], "location": ["Anaheim", "Anaheim, CA"], "number_of_rooms": ["1"], "place_name": ["Alamo Inn & Suites"], "stay_length": ["5"]}}}], "speaker": "USER", "utterance": "I appreciate it very much, you have helped me a lot. That's all I need for now."}, {"frames": [{"actions": [{"act": "GOODBYE", "canonical_values": [], "slot": "", "values": []}], "service": "Hotels_4", "slots": []}], "speaker": "SYSTEM", "utterance": "Goodbye, and I wish you a wonderful day!"}]}]