[{"dialogue_id": "90_00000", "services": ["Travel_1", "Buses_1"], "turns": [{"frames": [{"actions": [{"act": "INFORM", "canonical_values": ["Nature Preserve"], "slot": "category", "values": ["Nature Preserve"]}, {"act": "INFORM", "canonical_values": ["True"], "slot": "good_for_kids", "values": ["True"]}, {"act": "INFORM_INTENT", "canonical_values": ["FindAttractions"], "slot": "intent", "values": ["FindAttractions"]}], "service": "Travel_1", "slots": [], "state": {"active_intent": "FindAttractions", "requested_slots": [], "slot_values": {"category": ["Nature Preserve"], "good_for_kids": ["True"]}}}], "speaker": "USER", "utterance": "I like wildlife spot, can you show me some child-friendly attractions to visit?"}, {"frames": [{"actions": [{"act": "REQUEST", "canonical_values": [], "slot": "location", "values": []}], "service": "Travel_1", "slots": []}], "speaker": "SYSTEM", "utterance": "In which city would you like?"}, {"frames": [{"actions": [{"act": "INFORM", "canonical_values": ["San Diego"], "slot": "location", "values": ["SD"]}], "service": "Travel_1", "slots": [{"exclusive_end": 14, "slot": "location", "start": 12}], "state": {"active_intent": "FindAttractions", "requested_slots": [], "slot_values": {"category": ["Nature Preserve"], "good_for_kids": ["True"], "location": ["SD"]}}}], "speaker": "USER", "utterance": "I'd like in SD"}, {"frames": [{"actions": [{"act": "OFFER", "canonical_values": ["Birch Aquarium at Scripps Institution of Oceanography"], "slot": "attraction_name", "values": ["Birch Aquarium at Scripps Institution of Oceanography"]}, {"act": "OFFER", "canonical_values": ["Nature Preserve"], "slot": "category", "values": ["Nature Preserve"]}, {"act": "INFORM_COUNT", "canonical_values": ["3"], "slot": "count", "values": ["3"]}], "service": "Travel_1", "service_call": {"method": "FindAttractions", "parameters": {"category": "Nature Preserve", "good_for_kids": "True", "location": "San Diego"}}, "service_results": [{"attraction_name": "Birch Aquarium at Scripps Institution of Oceanography", "category": "Nature Preserve", "free_entry": "True", "good_for_kids": "True", "location": "San Diego", "phone_number": "858-534-3474"}, {"attraction_name": "Old Town San Diego State Historic Park", "category": "Nature Preserve", "free_entry": "False", "good_for_kids": "True", "location": "San Diego", "phone_number": "619-220-5422"}, {"attraction_name": "San Diego Zoo", "category": "Nature Preserve", "free_entry": "False", "good_for_kids": "True", "location": "San Diego", "phone_number": "619-231-1515"}], "slots": [{"exclusive_end": 89, "slot": "attraction_name", "start": 36}]}], "speaker": "SYSTEM", "utterance": "There are 3 attractions. What about Birch Aquarium at Scripps Institution of Oceanography? It's a Nature Preserve"}, {"frames": [{"actions": [{"act": "INFORM", "canonical_values": ["4"], "slot": "travelers", "values": ["4"]}, {"act": "INFORM", "canonical_values": ["Long Beach"], "slot": "from_location", "values": ["Long Beach, CA"]}, {"act": "INFORM", "canonical_values": ["2019-03-07"], "slot": "leaving_date", "values": ["next Thursday"]}, {"act": "INFORM_INTENT", "canonical_values": ["FindBus"], "slot": "intent", "values": ["FindBus"]}], "service": "Buses_1", "slots": [{"exclusive_end": 76, "slot": "from_location", "start": 62}, {"exclusive_end": 93, "slot": "leaving_date", "start": 80}], "state": {"active_intent": "FindBus", "requested_slots": [], "slot_values": {"from_location": ["Long Beach, CA"], "leaving_date": ["next Thursday"], "to_location": ["SD"], "travelers": ["4"]}}}, {"actions": [{"act": "SELECT", "canonical_values": [], "slot": "", "values": []}], "service": "Travel_1", "slots": [], "state": {"active_intent": "FindAttractions", "requested_slots": [], "slot_values": {"category": ["Nature Preserve"], "good_for_kids": ["True"], "location": ["SD"]}}}], "speaker": "USER", "utterance": "Ok, I like it! I need a bus for 4 people to going there. From Long Beach, CA on next Thursday"}, {"frames": [{"actions": [{"act": "OFFER", "canonical_values": ["07:00"], "slot": "leaving_time", "values": ["7 am"]}, {"act": "OFFER", "canonical_values": ["24"], "slot": "fare", "values": ["$24"]}, {"act": "OFFER", "canonical_values": ["0"], "slot": "transfers", "values": ["0"]}, {"act": "INFORM_COUNT", "canonical_values": ["10"], "slot": "count", "values": ["10"]}], "service": "Buses_1", "service_call": {"method": "FindBus", "parameters": {"from_location": "Long Beach", "leaving_date": "2019-03-07", "to_location": "San Diego", "travelers": "4"}}, "service_results": [{"fare": "24", "from_location": "Long Beach", "from_station": "Downtown Station", "leaving_date": "2019-03-07", "leaving_time": "07:00", "to_location": "San Diego", "to_station": "Santa Fe Depot", "transfers": "0", "travelers": "4"}, {"fare": "22", "from_location": "Long Beach", "from_station": "Downtown Station", "leaving_date": "2019-03-07", "leaving_time": "08:40", "to_location": "San Diego", "to_station": "Santa Fe Depot", "transfers": "0", "travelers": "4"}, {"fare": "27", "from_location": "Long Beach", "from_station": "Downtown Station", "leaving_date": "2019-03-07", "leaving_time": "10:30", "to_location": "San Diego", "to_station": "Santa Fe Depot", "transfers": "0", "travelers": "4"}, {"fare": "25", "from_location": "Long Beach", "from_station": "Downtown Station", "leaving_date": "2019-03-07", "leaving_time": "11:30", "to_location": "San Diego", "to_station": "Santa Fe Depot", "transfers": "0", "travelers": "4"}, {"fare": "26", "from_location": "Long Beach", "from_station": "Downtown Station", "leaving_date": "2019-03-07", "leaving_time": "11:40", "to_location": "San Diego", "to_station": "Santa Fe Depot", "transfers": "0", "travelers": "4"}, {"fare": "24", "from_location": "Long Beach", "from_station": "Downtown Station", "leaving_date": "2019-03-07", "leaving_time": "11:50", "to_location": "San Diego", "to_station": "Santa Fe Depot", "transfers": "0", "travelers": "4"}, {"fare": "24", "from_location": "Long Beach", "from_station": "Downtown Station", "leaving_date": "2019-03-07", "leaving_time": "13:00", "to_location": "San Diego", "to_station": "Santa Fe Depot", "transfers": "0", "travelers": "4"}, {"fare": "24", "from_location": "Long Beach", "from_station": "Downtown Station", "leaving_date": "2019-03-07", "leaving_time": "15:40", "to_location": "San Diego", "to_station": "Santa Fe Depot", "transfers": "0", "travelers": "4"}, {"fare": "25", "from_location": "Long Beach", "from_station": "Downtown Station", "leaving_date": "2019-03-07", "leaving_time": "15:50", "to_location": "San Diego", "to_station": "Santa Fe Depot", "transfers": "0", "travelers": "4"}, {"fare": "24", "from_location": "Long Beach", "from_station": "Downtown Station", "leaving_date": "2019-03-07", "leaving_time": "19:40", "to_location": "San Diego", "to_station": "Santa Fe Depot", "transfers": "0", "travelers": "4"}], "slots": [{"exclusive_end": 68, "slot": "leaving_time", "start": 64}, {"exclusive_end": 82, "slot": "fare", "start": 79}]}], "speaker": "SYSTEM", "utterance": "There are 10 buses, one of these has 0 transfers and departs at 7 am. It costs $24"}, {"frames": [{"actions": [{"act": "REQUEST_ALTS", "canonical_values": [], "slot": "", "values": []}], "service": "Buses_1", "slots": [], "state": {"active_intent": "FindBus", "requested_slots": [], "slot_values": {"from_location": ["Long Beach, CA"], "leaving_date": ["next Thursday"], "to_location": ["SD"], "travelers": ["4"]}}}], "speaker": "USER", "utterance": "Can you propose other buses?"}, {"frames": [{"actions": [{"act": "OFFER", "canonical_values": ["08:40"], "slot": "leaving_time", "values": ["8:40 am"]}, {"act": "OFFER", "canonical_values": ["22"], "slot": "fare", "values": ["$22"]}, {"act": "OFFER", "canonical_values": ["0"], "slot": "transfers", "values": ["0"]}], "service": "Buses_1", "slots": [{"exclusive_end": 18, "slot": "leaving_time", "start": 11}, {"exclusive_end": 34, "slot": "fare", "start": 31}]}], "speaker": "SYSTEM", "utterance": "The bus at 8:40 am, that costs $22 and has 0 transfers"}, {"frames": [{"actions": [{"act": "INFORM_INTENT", "canonical_values": ["BuyBusTicket"], "slot": "intent", "values": ["BuyBusTicket"]}, {"act": "SELECT", "canonical_values": [], "slot": "", "values": []}], "service": "Buses_1", "slots": [], "state": {"active_intent": "BuyBusTicket", "requested_slots": [], "slot_values": {"from_location": ["Long Beach, CA"], "leaving_date": ["next Thursday"], "leaving_time": ["8:40 am"], "to_location": ["SD"], "travelers": ["4"]}}}], "speaker": "USER", "utterance": "Yes, It's good for me! Reserve this bus."}, {"frames": [{"actions": [{"act": "CONFIRM", "canonical_values": ["Long Beach"], "slot": "from_location", "values": ["Long Beach"]}, {"act": "CONFIRM", "canonical_values": ["San Diego"], "slot": "to_location", "values": ["San Diego"]}, {"act": "CONFIRM", "canonical_values": ["2019-03-07"], "slot": "leaving_date", "values": ["March 7th"]}, {"act": "CONFIRM", "canonical_values": ["08:40"], "slot": "leaving_time", "values": ["8:40 am"]}, {"act": "CONFIRM", "canonical_values": ["4"], "slot": "travelers", "values": ["4"]}], "service": "Buses_1", "slots": [{"exclusive_end": 49, "slot": "from_location", "start": 39}, {"exclusive_end": 62, "slot": "to_location", "start": 53}, {"exclusive_end": 76, "slot": "leaving_date", "start": 67}, {"exclusive_end": 87, "slot": "leaving_time", "start": 80}]}], "speaker": "SYSTEM", "utterance": "A ticket for 4 people, on the bus from Long Beach to San Diego, on March 7th at 8:40 am: do you confirm?"}, {"frames": [{"actions": [{"act": "REQUEST", "canonical_values": [], "slot": "to_station", "values": []}, {"act": "AFFIRM", "canonical_values": [], "slot": "", "values": []}], "service": "Buses_1", "slots": [], "state": {"active_intent": "BuyBusTicket", "requested_slots": ["to_station"], "slot_values": {"from_location": ["Long Beach", "Long Beach, CA"], "leaving_date": ["March 7th", "next Thursday"], "leaving_time": ["8:40 am"], "to_location": ["SD", "San Diego"], "travelers": ["4"]}}}], "speaker": "USER", "utterance": "Yes, I confirm. What is the destination station?"}, {"frames": [{"actions": [{"act": "INFORM", "canonical_values": ["Santa Fe Depot"], "slot": "to_station", "values": ["Santa Fe Depot"]}, {"act": "NOTIFY_SUCCESS", "canonical_values": [], "slot": "", "values": []}], "service": "Buses_1", "service_call": {"method": "BuyBusTicket", "parameters": {"from_location": "Long Beach", "leaving_date": "2019-03-07", "leaving_time": "08:40", "to_location": "San Diego", "travelers": "4"}}, "service_results": [{"fare": "22", "from_location": "Long Beach", "from_station": "Downtown Station", "leaving_date": "2019-03-07", "leaving_time": "08:40", "to_location": "San Diego", "to_station": "Santa Fe Depot", "transfers": "0", "travelers": "4"}], "slots": [{"exclusive_end": 14, "slot": "to_station", "start": 0}]}], "speaker": "SYSTEM", "utterance": "Santa Fe Depot. Your ticket is booked!"}, {"frames": [{"actions": [{"act": "REQUEST", "canonical_values": [], "slot": "from_station", "values": []}], "service": "Buses_1", "slots": [], "state": {"active_intent": "BuyBusTicket", "requested_slots": ["from_station"], "slot_values": {"from_location": ["Long Beach", "Long Beach, CA"], "leaving_date": ["March 7th", "next Thursday"], "leaving_time": ["8:40 am"], "to_location": ["SD", "San Diego"], "travelers": ["4"]}}}], "speaker": "USER", "utterance": "What is the departure station?"}, {"frames": [{"actions": [{"act": "INFORM", "canonical_values": ["Downtown Station"], "slot": "from_station", "values": ["Downtown Station"]}], "service": "Buses_1", "slots": [{"exclusive_end": 21, "slot": "from_station", "start": 5}]}], "speaker": "SYSTEM", "utterance": "It's Downtown Station"}, {"frames": [{"actions": [{"act": "THANK_YOU", "canonical_values": [], "slot": "", "values": []}, {"act": "GOODBYE", "canonical_values": [], "slot": "", "values": []}], "service": "Buses_1", "slots": [], "state": {"active_intent": "BuyBusTicket", "requested_slots": [], "slot_values": {"from_location": ["Long Beach", "Long Beach, CA"], "leaving_date": ["March 7th", "next Thursday"], "leaving_time": ["8:40 am"], "to_location": ["SD", "San Diego"], "travelers": ["4"]}}}], "speaker": "USER", "utterance": "Thanks a lot, it's all I need"}, {"frames": [{"actions": [{"act": "GOODBYE", "canonical_values": [], "slot": "", "values": []}], "service": "Buses_1", "slots": []}], "speaker": "SYSTEM", "utterance": "Have a good day!"}]}, {"dialogue_id": "90_00001", "services": ["Travel_1", "Buses_1"], "turns": [{"frames": [{"actions": [{"act": "INFORM", "canonical_values": ["Park"], "slot": "category", "values": ["Park"]}, {"act": "INFORM", "canonical_values": ["True"], "slot": "good_for_kids", "values": ["True"]}, {"act": "INFORM_INTENT", "canonical_values": ["FindAttractions"], "slot": "intent", "values": ["FindAttractions"]}], "service": "Travel_1", "slots": [], "state": {"active_intent": "FindAttractions", "requested_slots": [], "slot_values": {"category": ["Park"], "good_for_kids": ["True"]}}}], "speaker": "USER", "utterance": "Can you find me some attractions to visit? I am looking for a garden. Preferably something child-friendly would be nice."}, {"frames": [{"actions": [{"act": "REQUEST", "canonical_values": [], "slot": "location", "values": []}], "service": "Travel_1", "slots": []}], "speaker": "SYSTEM", "utterance": "Where should I look for the attractions?"}, {"frames": [{"actions": [{"act": "INFORM", "canonical_values": ["Seattle"], "slot": "location", "values": ["Seattle"]}], "service": "Travel_1", "slots": [{"exclusive_end": 31, "slot": "location", "start": 24}], "state": {"active_intent": "FindAttractions", "requested_slots": [], "slot_values": {"category": ["Park"], "good_for_kids": ["True"], "location": ["Seattle"]}}}], "speaker": "USER", "utterance": "Find the attractions in Seattle."}, {"frames": [{"actions": [{"act": "OFFER", "canonical_values": ["Gas Works Park"], "slot": "attraction_name", "values": ["Gas Works Park"]}, {"act": "OFFER", "canonical_values": ["Park"], "slot": "category", "values": ["Park"]}], "service": "Travel_1", "service_call": {"method": "FindAttractions", "parameters": {"category": "Park", "good_for_kids": "True", "location": "Seattle"}}, "service_results": [{"attraction_name": "Gas Works Park", "category": "Park", "free_entry": "True", "good_for_kids": "True", "location": "Seattle", "phone_number": "206-684-4075"}, {"attraction_name": "Golden Gardens Park", "category": "Park", "free_entry": "False", "good_for_kids": "True", "location": "Seattle", "phone_number": "206-684-4075"}, {"attraction_name": "Kerry Park", "category": "Park", "free_entry": "False", "good_for_kids": "True", "location": "Seattle", "phone_number": "206-684-4075"}, {"attraction_name": "Olympic Sculpture Park", "category": "Park", "free_entry": "False", "good_for_kids": "True", "location": "Seattle", "phone_number": "206-654-3100"}, {"attraction_name": "Seattle Japanese Garden", "category": "Park", "free_entry": "False", "good_for_kids": "True", "location": "Seattle", "phone_number": "206-684-4725"}, {"attraction_name": "Volunteer Park Conservatory", "category": "Park", "free_entry": "True", "good_for_kids": "True", "location": "Seattle", "phone_number": "206-322-4112"}, {"attraction_name": "Washington Park Arboretum UW Botanic Gardens", "category": "Park", "free_entry": "False", "good_for_kids": "True", "location": "Seattle", "phone_number": "206-543-8800"}], "slots": [{"exclusive_end": 36, "slot": "attraction_name", "start": 22}]}], "speaker": "SYSTEM", "utterance": "You can check out the Gas Works Park which is a Park."}, {"frames": [{"actions": [{"act": "SELECT", "canonical_values": [], "slot": "", "values": []}], "service": "Travel_1", "slots": [], "state": {"active_intent": "FindAttractions", "requested_slots": [], "slot_values": {"category": ["Park"], "good_for_kids": ["True"], "location": ["Seattle"]}}}], "speaker": "USER", "utterance": "Okay, that sounds good."}, {"frames": [{"actions": [{"act": "REQ_MORE", "canonical_values": [], "slot": "", "values": []}], "service": "Travel_1", "slots": []}], "speaker": "SYSTEM", "utterance": "Is there anything else I can help with?"}, {"frames": [{"actions": [{"act": "INFORM", "canonical_values": ["2019-03-10"], "slot": "leaving_date", "values": ["10th of this month"]}, {"act": "INFORM", "canonical_values": ["Vancouver"], "slot": "from_location", "values": ["Vancouver"]}, {"act": "INFORM", "canonical_values": ["1"], "slot": "travelers", "values": ["1"]}, {"act": "INFORM_INTENT", "canonical_values": ["FindBus"], "slot": "intent", "values": ["FindBus"]}], "service": "Buses_1", "slots": [{"exclusive_end": 94, "slot": "leaving_date", "start": 76}, {"exclusive_end": 109, "slot": "from_location", "start": 100}], "state": {"active_intent": "FindBus", "requested_slots": [], "slot_values": {"from_location": ["Vancouver"], "leaving_date": ["10th of this month"], "to_location": ["Seattle"], "travelers": ["1"]}}}], "speaker": "USER", "utterance": "Can you help me search for a bus going there? I am planning to leave on the 10th of this month from Vancouver. It will be for 1 person."}, {"frames": [{"actions": [{"act": "OFFER", "canonical_values": ["06:40"], "slot": "leaving_time", "values": ["6:40 am"]}, {"act": "OFFER", "canonical_values": ["30"], "slot": "fare", "values": ["$30"]}, {"act": "OFFER", "canonical_values": ["0"], "slot": "transfers", "values": ["0"]}, {"act": "INFORM_COUNT", "canonical_values": ["10"], "slot": "count", "values": ["10"]}], "service": "Buses_1", "service_call": {"method": "FindBus", "parameters": {"from_location": "Vancouver", "leaving_date": "2019-03-10", "to_location": "Seattle", "travelers": "1"}}, "service_results": [{"fare": "30", "from_location": "Vancouver", "from_station": "Pacific Central Station", "leaving_date": "2019-03-10", "leaving_time": "06:40", "to_location": "Seattle", "to_station": "King Street Station", "transfers": "0", "travelers": "1"}, {"fare": "27", "from_location": "Vancouver", "from_station": "Pacific Central Station", "leaving_date": "2019-03-10", "leaving_time": "08:10", "to_location": "Seattle", "to_station": "King Street Station", "transfers": "0", "travelers": "1"}, {"fare": "27", "from_location": "Vancouver", "from_station": "Pacific Central Station", "leaving_date": "2019-03-10", "leaving_time": "08:30", "to_location": "Seattle", "to_station": "King Street Station", "transfers": "0", "travelers": "1"}, {"fare": "28", "from_location": "Vancouver", "from_station": "Pacific Central Station", "leaving_date": "2019-03-10", "leaving_time": "08:50", "to_location": "Seattle", "to_station": "King Street Station", "transfers": "0", "travelers": "1"}, {"fare": "28", "from_location": "Vancouver", "from_station": "Pacific Central Station", "leaving_date": "2019-03-10", "leaving_time": "10:00", "to_location": "Seattle", "to_station": "King Street Station", "transfers": "0", "travelers": "1"}, {"fare": "26", "from_location": "Vancouver", "from_station": "Pacific Central Station", "leaving_date": "2019-03-10", "leaving_time": "12:30", "to_location": "Seattle", "to_station": "King Street Station", "transfers": "0", "travelers": "1"}, {"fare": "27", "from_location": "Vancouver", "from_station": "Pacific Central Station", "leaving_date": "2019-03-10", "leaving_time": "17:50", "to_location": "Seattle", "to_station": "King Street Station", "transfers": "0", "travelers": "1"}, {"fare": "29", "from_location": "Vancouver", "from_station": "Pacific Central Station", "leaving_date": "2019-03-10", "leaving_time": "18:30", "to_location": "Seattle", "to_station": "King Street Station", "transfers": "0", "travelers": "1"}, {"fare": "24", "from_location": "Vancouver", "from_station": "Pacific Central Station", "leaving_date": "2019-03-10", "leaving_time": "18:40", "to_location": "Seattle", "to_station": "King Street Station", "transfers": "0", "travelers": "1"}, {"fare": "30", "from_location": "Vancouver", "from_station": "Pacific Central Station", "leaving_date": "2019-03-10", "leaving_time": "19:10", "to_location": "Seattle", "to_station": "King Street Station", "transfers": "0", "travelers": "1"}], "slots": [{"exclusive_end": 56, "slot": "leaving_time", "start": 49}, {"exclusive_end": 74, "slot": "fare", "start": 71}]}], "speaker": "SYSTEM", "utterance": "There are 10 buses available. One bus departs at 6:40 am. It will cost $30 and has 0 transfers."}, {"frames": [{"actions": [{"act": "REQUEST", "canonical_values": [], "slot": "from_station", "values": []}], "service": "Buses_1", "slots": [], "state": {"active_intent": "FindBus", "requested_slots": ["from_station"], "slot_values": {"from_location": ["Vancouver"], "leaving_date": ["10th of this month"], "to_location": ["Seattle"], "travelers": ["1"]}}}], "speaker": "USER", "utterance": "What bus station will I leave from?"}, {"frames": [{"actions": [{"act": "INFORM", "canonical_values": ["Pacific Central Station"], "slot": "from_station", "values": ["Pacific Central Station"]}], "service": "Buses_1", "slots": [{"exclusive_end": 53, "slot": "from_station", "start": 30}]}], "speaker": "SYSTEM", "utterance": "The origin bus station wll be Pacific Central Station."}, {"frames": [{"actions": [{"act": "SELECT", "canonical_values": [], "slot": "", "values": []}], "service": "Buses_1", "slots": [], "state": {"active_intent": "FindBus", "requested_slots": [], "slot_values": {"from_location": ["Vancouver"], "leaving_date": ["10th of this month"], "leaving_time": ["6:40 am"], "to_location": ["Seattle"], "travelers": ["1"]}}}], "speaker": "USER", "utterance": "Sounds good to me."}, {"frames": [{"actions": [{"act": "OFFER_INTENT", "canonical_values": ["BuyBusTicket"], "slot": "intent", "values": ["BuyBusTicket"]}], "service": "Buses_1", "slots": []}], "speaker": "SYSTEM", "utterance": "Would you like to buy tickets for this bus?"}, {"frames": [{"actions": [{"act": "AFFIRM_INTENT", "canonical_values": [], "slot": "", "values": []}], "service": "Buses_1", "slots": [], "state": {"active_intent": "BuyBusTicket", "requested_slots": [], "slot_values": {"from_location": ["Vancouver"], "leaving_date": ["10th of this month"], "leaving_time": ["6:40 am"], "to_location": ["Seattle"], "travelers": ["1"]}}}], "speaker": "USER", "utterance": "Yes, I would like to reserve tickets."}, {"frames": [{"actions": [{"act": "CONFIRM", "canonical_values": ["Vancouver"], "slot": "from_location", "values": ["Vancouver"]}, {"act": "CONFIRM", "canonical_values": ["Seattle"], "slot": "to_location", "values": ["Seattle"]}, {"act": "CONFIRM", "canonical_values": ["2019-03-10"], "slot": "leaving_date", "values": ["March 10th"]}, {"act": "CONFIRM", "canonical_values": ["06:40"], "slot": "leaving_time", "values": ["6:40 am"]}, {"act": "CONFIRM", "canonical_values": ["1"], "slot": "travelers", "values": ["1"]}], "service": "Buses_1", "slots": [{"exclusive_end": 88, "slot": "from_location", "start": 79}, {"exclusive_end": 111, "slot": "to_location", "start": 104}, {"exclusive_end": 145, "slot": "leaving_date", "start": 135}, {"exclusive_end": 156, "slot": "leaving_time", "start": 149}]}], "speaker": "SYSTEM", "utterance": "Can you double-check these details: You want 1 ticket for the bus leaving from Vancouver and heading to Seattle. The bus will leave on March 10th at 6:40 am."}, {"frames": [{"actions": [{"act": "AFFIRM", "canonical_values": [], "slot": "", "values": []}], "service": "Buses_1", "slots": [], "state": {"active_intent": "BuyBusTicket", "requested_slots": [], "slot_values": {"from_location": ["Vancouver"], "leaving_date": ["10th of this month", "March 10th"], "leaving_time": ["6:40 am"], "to_location": ["Seattle"], "travelers": ["1"]}}}], "speaker": "USER", "utterance": "Yes, that seems good to me."}, {"frames": [{"actions": [{"act": "NOTIFY_SUCCESS", "canonical_values": [], "slot": "", "values": []}], "service": "Buses_1", "service_call": {"method": "BuyBusTicket", "parameters": {"from_location": "Vancouver", "leaving_date": "2019-03-10", "leaving_time": "06:40", "to_location": "Seattle", "travelers": "1"}}, "service_results": [{"fare": "30", "from_location": "Vancouver", "from_station": "Pacific Central Station", "leaving_date": "2019-03-10", "leaving_time": "06:40", "to_location": "Seattle", "to_station": "King Street Station", "transfers": "0", "travelers": "1"}], "slots": []}], "speaker": "SYSTEM", "utterance": "Your ticket is confirmed and ready."}, {"frames": [{"actions": [{"act": "THANK_YOU", "canonical_values": [], "slot": "", "values": []}], "service": "Buses_1", "slots": [], "state": {"active_intent": "BuyBusTicket", "requested_slots": [], "slot_values": {"from_location": ["Vancouver"], "leaving_date": ["10th of this month", "March 10th"], "leaving_time": ["6:40 am"], "to_location": ["Seattle"], "travelers": ["1"]}}}], "speaker": "USER", "utterance": "Thank you very much for the help."}, {"frames": [{"actions": [{"act": "REQ_MORE", "canonical_values": [], "slot": "", "values": []}], "service": "Buses_1", "slots": []}], "speaker": "SYSTEM", "utterance": "May I help with anything else?"}, {"frames": [{"actions": [{"act": "NEGATE", "canonical_values": [], "slot": "", "values": []}, {"act": "THANK_YOU", "canonical_values": [], "slot": "", "values": []}], "service": "Buses_1", "slots": [], "state": {"active_intent": "NONE", "requested_slots": [], "slot_values": {"from_location": ["Vancouver"], "leaving_date": ["10th of this month", "March 10th"], "leaving_time": ["6:40 am"], "to_location": ["Seattle"], "travelers": ["1"]}}}], "speaker": "USER", "utterance": "No, thank you for the help."}, {"frames": [{"actions": [{"act": "GOODBYE", "canonical_values": [], "slot": "", "values": []}], "service": "Buses_1", "slots": []}], "speaker": "SYSTEM", "utterance": "Have a good day."}]}, {"dialogue_id": "90_00002", "services": ["Travel_1", "Buses_1"], "turns": [{"frames": [{"actions": [{"act": "INFORM_INTENT", "canonical_values": ["FindAttractions"], "slot": "intent", "values": ["FindAttractions"]}], "service": "Travel_1", "slots": [], "state": {"active_intent": "FindAttractions", "requested_slots": [], "slot_values": {}}}], "speaker": "USER", "utterance": "Can you find me some attractions that I could visit?"}, {"frames": [{"actions": [{"act": "REQUEST", "canonical_values": [], "slot": "location", "values": []}], "service": "Travel_1", "slots": []}], "speaker": "SYSTEM", "utterance": "Where would you like me to search for attractions in?"}, {"frames": [{"actions": [{"act": "INFORM", "canonical_values": ["New York"], "slot": "location", "values": ["NY"]}], "service": "Travel_1", "slots": [{"exclusive_end": 25, "slot": "location", "start": 23}], "state": {"active_intent": "FindAttractions", "requested_slots": [], "slot_values": {"location": ["NY"]}}}], "speaker": "USER", "utterance": "Find me attractions in NY."}, {"frames": [{"actions": [{"act": "OFFER", "canonical_values": ["92nd Street Y"], "slot": "attraction_name", "values": ["92nd Street Y"]}, {"act": "OFFER", "canonical_values": ["Performing Arts Venue"], "slot": "category", "values": ["Performing Arts Venue"]}, {"act": "INFORM_COUNT", "canonical_values": ["10"], "slot": "count", "values": ["10"]}], "service": "Travel_1", "service_call": {"method": "FindAttractions", "parameters": {"location": "New York"}}, "service_results": [{"attraction_name": "92nd Street Y", "category": "Performing Arts Venue", "free_entry": "False", "good_for_kids": "False", "location": "New York", "phone_number": "(212) 415-5788"}, {"attraction_name": "American Folk Art Museum", "category": "Museum", "free_entry": "False", "good_for_kids": "True", "location": "New York", "phone_number": "(212) 265-1040"}, {"attraction_name": "American Museum of Natural History", "category": "Museum", "free_entry": "True", "good_for_kids": "True", "location": "New York", "phone_number": "(212) 769-5100"}, {"attraction_name": "Apollo Theater", "category": "Performing Arts Venue", "free_entry": "True", "good_for_kids": "True", "location": "New York", "phone_number": "212-531-5300"}, {"attraction_name": "Astoria Park", "category": "Park", "free_entry": "False", "good_for_kids": "True", "location": "New York", "phone_number": "212-639-9675"}, {"attraction_name": "Balto Statue", "category": "Tourist Attraction", "free_entry": "True", "good_for_kids": "False", "location": "New York", "phone_number": "212-310-6600"}, {"attraction_name": "Bayonne Bridge", "category": "Historical Landmark", "free_entry": "True", "good_for_kids": "True", "location": "New York", "phone_number": "212-435-7000"}, {"attraction_name": "Bethesda Terrace", "category": "Tourist Attraction", "free_entry": "True", "good_for_kids": "True", "location": "New York", "phone_number": "212-310-6600"}, {"attraction_name": "Bow Bridge", "category": "Historical Landmark", "free_entry": "False", "good_for_kids": "True", "location": "New York", "phone_number": "212-310-6600"}, {"attraction_name": "Bronx Zoo", "category": "Nature Preserve", "free_entry": "False", "good_for_kids": "True", "location": "New York", "phone_number": "718-367-1010"}], "slots": [{"exclusive_end": 78, "slot": "attraction_name", "start": 65}]}], "speaker": "SYSTEM", "utterance": "There are 10 attractions that may interest you. You should visit 92nd Street Y. This is a Performing Arts Venue."}, {"frames": [{"actions": [{"act": "REQUEST_ALTS", "canonical_values": [], "slot": "", "values": []}], "service": "Travel_1", "slots": [], "state": {"active_intent": "FindAttractions", "requested_slots": [], "slot_values": {"location": ["NY"]}}}], "speaker": "USER", "utterance": "Nice, are there any other attractions you found?"}, {"frames": [{"actions": [{"act": "OFFER", "canonical_values": ["American Folk Art Museum"], "slot": "attraction_name", "values": ["American Folk Art Museum"]}, {"act": "OFFER", "canonical_values": ["Museum"], "slot": "category", "values": ["Museum"]}], "service": "Travel_1", "slots": [{"exclusive_end": 46, "slot": "attraction_name", "start": 22}]}], "speaker": "SYSTEM", "utterance": "You can check out the American Folk Art Museum. It is a Museum."}, {"frames": [{"actions": [{"act": "INFORM_INTENT", "canonical_values": ["FindBus"], "slot": "intent", "values": ["FindBus"]}], "service": "Buses_1", "slots": [], "state": {"active_intent": "FindBus", "requested_slots": [], "slot_values": {"to_location": ["NY"]}}}, {"actions": [{"act": "SELECT", "canonical_values": [], "slot": "", "values": []}], "service": "Travel_1", "slots": [], "state": {"active_intent": "FindAttractions", "requested_slots": [], "slot_values": {"location": ["NY"]}}}], "speaker": "USER", "utterance": "Okay, sounds good. Can you help find me a bus going there?"}, {"frames": [{"actions": [{"act": "REQUEST", "canonical_values": [], "slot": "leaving_date", "values": []}, {"act": "REQUEST", "canonical_values": [], "slot": "from_location", "values": []}], "service": "Buses_1", "slots": []}], "speaker": "SYSTEM", "utterance": "When are you planning to leave? Where will you be leaving from?"}, {"frames": [{"actions": [{"act": "INFORM", "canonical_values": ["2019-03-01"], "slot": "leaving_date", "values": ["1st of March"]}, {"act": "INFORM", "canonical_values": ["Philadelphia"], "slot": "from_location", "values": ["Philadelphia"]}], "service": "Buses_1", "slots": [{"exclusive_end": 37, "slot": "leaving_date", "start": 25}, {"exclusive_end": 69, "slot": "from_location", "start": 57}], "state": {"active_intent": "FindBus", "requested_slots": [], "slot_values": {"from_location": ["Philadelphia"], "leaving_date": ["1st of March"], "to_location": ["NY"]}}}], "speaker": "USER", "utterance": "I will be leaving on the 1st of March. I am leaving from Philadelphia."}, {"frames": [{"actions": [{"act": "OFFER", "canonical_values": ["08:30"], "slot": "leaving_time", "values": ["8:30 am"]}, {"act": "OFFER", "canonical_values": ["24"], "slot": "fare", "values": ["$24"]}, {"act": "OFFER", "canonical_values": ["0"], "slot": "transfers", "values": ["0"]}, {"act": "INFORM_COUNT", "canonical_values": ["8"], "slot": "count", "values": ["8"]}], "service": "Buses_1", "service_call": {"method": "FindBus", "parameters": {"from_location": "Philadelphia", "leaving_date": "2019-03-01", "to_location": "New York"}}, "service_results": [{"fare": "24", "from_location": "Philadelphia", "from_station": "Intercity Terminal", "leaving_date": "2019-03-01", "leaving_time": "08:30", "to_location": "New York", "to_station": "Port Authority Station", "transfers": "0", "travelers": "1"}, {"fare": "23", "from_location": "Philadelphia", "from_station": "Intercity Terminal", "leaving_date": "2019-03-01", "leaving_time": "09:50", "to_location": "New York", "to_station": "Port Authority Station", "transfers": "0", "travelers": "1"}, {"fare": "22", "from_location": "Philadelphia", "from_station": "Intercity Terminal", "leaving_date": "2019-03-01", "leaving_time": "10:10", "to_location": "New York", "to_station": "Port Authority Station", "transfers": "0", "travelers": "1"}, {"fare": "24", "from_location": "Philadelphia", "from_station": "Intercity Terminal", "leaving_date": "2019-03-01", "leaving_time": "10:20", "to_location": "New York", "to_station": "Port Authority Station", "transfers": "0", "travelers": "1"}, {"fare": "19", "from_location": "Philadelphia", "from_station": "Intercity Terminal", "leaving_date": "2019-03-01", "leaving_time": "11:50", "to_location": "New York", "to_station": "Port Authority Station", "transfers": "0", "travelers": "1"}, {"fare": "19", "from_location": "Philadelphia", "from_station": "Intercity Terminal", "leaving_date": "2019-03-01", "leaving_time": "14:00", "to_location": "New York", "to_station": "Port Authority Station", "transfers": "0", "travelers": "1"}, {"fare": "20", "from_location": "Philadelphia", "from_station": "Intercity Terminal", "leaving_date": "2019-03-01", "leaving_time": "16:10", "to_location": "New York", "to_station": "Port Authority Station", "transfers": "0", "travelers": "1"}, {"fare": "24", "from_location": "Philadelphia", "from_station": "Intercity Terminal", "leaving_date": "2019-03-01", "leaving_time": "17:30", "to_location": "New York", "to_station": "Port Authority Station", "transfers": "0", "travelers": "1"}], "slots": [{"exclusive_end": 63, "slot": "leaving_time", "start": 56}, {"exclusive_end": 81, "slot": "fare", "start": 78}]}], "speaker": "SYSTEM", "utterance": "There are 8 buses available for you. One bus departs at 8:30 am and will cost $24. It has 0 transfers."}, {"frames": [{"actions": [{"act": "REQUEST", "canonical_values": [], "slot": "from_station", "values": []}], "service": "Buses_1", "slots": [], "state": {"active_intent": "FindBus", "requested_slots": ["from_station"], "slot_values": {"from_location": ["Philadelphia"], "leaving_date": ["1st of March"], "to_location": ["NY"]}}}], "speaker": "USER", "utterance": "What bus station will I be leaving from?"}, {"frames": [{"actions": [{"act": "INFORM", "canonical_values": ["Intercity Terminal"], "slot": "from_station", "values": ["Intercity Terminal"]}], "service": "Buses_1", "slots": [{"exclusive_end": 48, "slot": "from_station", "start": 30}]}], "speaker": "SYSTEM", "utterance": "The origin station will be at Intercity Terminal."}, {"frames": [{"actions": [{"act": "REQUEST_ALTS", "canonical_values": [], "slot": "", "values": []}], "service": "Buses_1", "slots": [], "state": {"active_intent": "FindBus", "requested_slots": [], "slot_values": {"from_location": ["Philadelphia"], "leaving_date": ["1st of March"], "to_location": ["NY"]}}}], "speaker": "USER", "utterance": "Any other buses available?"}, {"frames": [{"actions": [{"act": "OFFER", "canonical_values": ["09:50"], "slot": "leaving_time", "values": ["9:50 am"]}, {"act": "OFFER", "canonical_values": ["23"], "slot": "fare", "values": ["$23"]}, {"act": "OFFER", "canonical_values": ["0"], "slot": "transfers", "values": ["0"]}], "service": "Buses_1", "slots": [{"exclusive_end": 30, "slot": "leaving_time", "start": 23}, {"exclusive_end": 48, "slot": "fare", "start": 45}]}], "speaker": "SYSTEM", "utterance": "The bus will depart at 9:50 am and will cost $23. It has 0 transfers."}, {"frames": [{"actions": [{"act": "SELECT", "canonical_values": [], "slot": "", "values": []}], "service": "Buses_1", "slots": [], "state": {"active_intent": "FindBus", "requested_slots": [], "slot_values": {"from_location": ["Philadelphia"], "leaving_date": ["1st of March"], "leaving_time": ["9:50 am"], "to_location": ["NY"]}}}], "speaker": "USER", "utterance": "Sounds pretty good to me."}, {"frames": [{"actions": [{"act": "OFFER_INTENT", "canonical_values": ["BuyBusTicket"], "slot": "intent", "values": ["BuyBusTicket"]}], "service": "Buses_1", "slots": []}], "speaker": "SYSTEM", "utterance": "Would you like to buy tickets for this bus?"}, {"frames": [{"actions": [{"act": "AFFIRM_INTENT", "canonical_values": [], "slot": "", "values": []}, {"act": "INFORM", "canonical_values": ["3"], "slot": "travelers", "values": ["3"]}], "service": "Buses_1", "slots": [], "state": {"active_intent": "BuyBusTicket", "requested_slots": [], "slot_values": {"from_location": ["Philadelphia"], "leaving_date": ["1st of March"], "leaving_time": ["9:50 am"], "to_location": ["NY"], "travelers": ["3"]}}}], "speaker": "USER", "utterance": "Yes, I would like to reserve tickets for 3 people."}, {"frames": [{"actions": [{"act": "CONFIRM", "canonical_values": ["Philadelphia"], "slot": "from_location", "values": ["Philadelphia"]}, {"act": "CONFIRM", "canonical_values": ["New York"], "slot": "to_location", "values": ["New York"]}, {"act": "CONFIRM", "canonical_values": ["2019-03-01"], "slot": "leaving_date", "values": ["March 1st"]}, {"act": "CONFIRM", "canonical_values": ["09:50"], "slot": "leaving_time", "values": ["9:50 am"]}, {"act": "CONFIRM", "canonical_values": ["3"], "slot": "travelers", "values": ["3"]}], "service": "Buses_1", "slots": [{"exclusive_end": 106, "slot": "from_location", "start": 94}, {"exclusive_end": 128, "slot": "to_location", "start": 120}, {"exclusive_end": 156, "slot": "leaving_date", "start": 147}, {"exclusive_end": 167, "slot": "leaving_time", "start": 160}]}], "speaker": "SYSTEM", "utterance": "Please confirm the details: You want to reserve tickets for 3 people for the bus leaving from Philadelphia and going to New York. It will leave on March 1st at 9:50 am."}, {"frames": [{"actions": [{"act": "REQUEST", "canonical_values": [], "slot": "to_station", "values": []}, {"act": "REQUEST", "canonical_values": [], "slot": "from_station", "values": []}, {"act": "AFFIRM", "canonical_values": [], "slot": "", "values": []}], "service": "Buses_1", "slots": [], "state": {"active_intent": "BuyBusTicket", "requested_slots": ["from_station", "to_station"], "slot_values": {"from_location": ["Philadelphia"], "leaving_date": ["1st of March", "March 1st"], "leaving_time": ["9:50 am"], "to_location": ["NY", "New York"], "travelers": ["3"]}}}], "speaker": "USER", "utterance": "Yes, that works out for me. Which bus station will I be reaching? What bus station will I be leaving from?"}, {"frames": [{"actions": [{"act": "INFORM", "canonical_values": ["Intercity Terminal"], "slot": "from_station", "values": ["Intercity Terminal"]}, {"act": "INFORM", "canonical_values": ["Port Authority Station"], "slot": "to_station", "values": ["Port Authority Station"]}, {"act": "NOTIFY_SUCCESS", "canonical_values": [], "slot": "", "values": []}], "service": "Buses_1", "service_call": {"method": "BuyBusTicket", "parameters": {"from_location": "Philadelphia", "leaving_date": "2019-03-01", "leaving_time": "09:50", "to_location": "New York", "travelers": "3"}}, "service_results": [{"fare": "23", "from_location": "Philadelphia", "from_station": "Intercity Terminal", "leaving_date": "2019-03-01", "leaving_time": "09:50", "to_location": "New York", "to_station": "Port Authority Station", "transfers": "0", "travelers": "3"}], "slots": [{"exclusive_end": 80, "slot": "from_station", "start": 62}, {"exclusive_end": 134, "slot": "to_station", "start": 112}]}], "speaker": "SYSTEM", "utterance": "Your ticket is reserved and ready. The origin station will be Intercity Terminal and the destination station is Port Authority Station."}, {"frames": [{"actions": [{"act": "THANK_YOU", "canonical_values": [], "slot": "", "values": []}, {"act": "GOODBYE", "canonical_values": [], "slot": "", "values": []}], "service": "Buses_1", "slots": [], "state": {"active_intent": "BuyBusTicket", "requested_slots": [], "slot_values": {"from_location": ["Philadelphia"], "leaving_date": ["1st of March", "March 1st"], "leaving_time": ["9:50 am"], "to_location": ["NY", "New York"], "travelers": ["3"]}}}], "speaker": "USER", "utterance": "Thank you very much for the help. That is all."}, {"frames": [{"actions": [{"act": "GOODBYE", "canonical_values": [], "slot": "", "values": []}], "service": "Buses_1", "slots": []}], "speaker": "SYSTEM", "utterance": "Have a good day."}]}, {"dialogue_id": "90_00003", "services": ["Travel_1", "Buses_1"], "turns": [{"frames": [{"actions": [{"act": "INFORM_INTENT", "canonical_values": ["FindAttractions"], "slot": "intent", "values": ["FindAttractions"]}], "service": "Travel_1", "slots": [], "state": {"active_intent": "FindAttractions", "requested_slots": [], "slot_values": {}}}], "speaker": "USER", "utterance": "I like to see some tourist attractions."}, {"frames": [{"actions": [{"act": "REQUEST", "canonical_values": [], "slot": "location", "values": []}], "service": "Travel_1", "slots": []}], "speaker": "SYSTEM", "utterance": "Where would you like to go?"}, {"frames": [{"actions": [{"act": "INFORM", "canonical_values": ["Los Angeles"], "slot": "location", "values": ["LAX"]}], "service": "Travel_1", "slots": [{"exclusive_end": 13, "slot": "location", "start": 10}], "state": {"active_intent": "FindAttractions", "requested_slots": [], "slot_values": {"location": ["LAX"]}}}], "speaker": "USER", "utterance": "How about LAX?"}, {"frames": [{"actions": [{"act": "OFFER", "canonical_values": ["Angels Flight Railway"], "slot": "attraction_name", "values": ["Angels Flight Railway"]}, {"act": "OFFER", "canonical_values": ["Historical Landmark"], "slot": "category", "values": ["Historical Landmark"]}], "service": "Travel_1", "service_call": {"method": "FindAttractions", "parameters": {"location": "Los Angeles"}}, "service_results": [{"attraction_name": "Angels Flight Railway", "category": "Historical Landmark", "free_entry": "False", "good_for_kids": "False", "location": "Los Angeles", "phone_number": "213-626-1901"}, {"attraction_name": "Autry Museum of the American West", "category": "Museum", "free_entry": "True", "good_for_kids": "True", "location": "Los Angeles", "phone_number": "323-667-2000"}, {"attraction_name": "Battleship USS Iowa Museum", "category": "Museum", "free_entry": "False", "good_for_kids": "False", "location": "Los Angeles", "phone_number": "877-446-9261"}, {"attraction_name": "Bradbury Building", "category": "Historical Landmark", "free_entry": "True", "good_for_kids": "True", "location": "Los Angeles", "phone_number": "213-626-1893"}, {"attraction_name": "Cabrillo Marine Aquarium", "category": "Nature Preserve", "free_entry": "True", "good_for_kids": "True", "location": "Los Angeles", "phone_number": "310-612-1437"}, {"attraction_name": "California African American Museum", "category": "Museum", "free_entry": "False", "good_for_kids": "True", "location": "Los Angeles", "phone_number": "(213) 744-7432"}, {"attraction_name": "Cathedral of Our Lady of the Angels", "category": "Place of Worship", "free_entry": "False", "good_for_kids": "True", "location": "Los Angeles", "phone_number": "213-680-5200"}, {"attraction_name": "Craft Contemporary", "category": "Museum", "free_entry": "False", "good_for_kids": "True", "location": "Los Angeles", "phone_number": "323-937-4230"}, {"attraction_name": "Discovery Cube Los Angeles", "category": "Museum", "free_entry": "False", "good_for_kids": "True", "location": "Los Angeles", "phone_number": "818-686-2823"}, {"attraction_name": "Dodger Stadium", "category": "Sports Venue", "free_entry": "True", "good_for_kids": "True", "location": "Los Angeles", "phone_number": "866-363-4377"}], "slots": [{"exclusive_end": 21, "slot": "attraction_name", "start": 0}]}], "speaker": "SYSTEM", "utterance": "Angels Flight Railway is an historical Landmark."}, {"frames": [{"actions": [{"act": "INFORM_INTENT", "canonical_values": ["FindBus"], "slot": "intent", "values": ["FindBus"]}], "service": "Buses_1", "slots": [], "state": {"active_intent": "FindBus", "requested_slots": [], "slot_values": {"to_location": ["LAX"]}}}, {"actions": [{"act": "SELECT", "canonical_values": [], "slot": "", "values": []}], "service": "Travel_1", "slots": [], "state": {"active_intent": "FindAttractions", "requested_slots": [], "slot_values": {"location": ["LAX"]}}}], "speaker": "USER", "utterance": "Can you find me a bus that goes there?"}, {"frames": [{"actions": [{"act": "REQUEST", "canonical_values": [], "slot": "leaving_date", "values": []}, {"act": "REQUEST", "canonical_values": [], "slot": "from_location", "values": []}], "service": "Buses_1", "slots": []}], "speaker": "SYSTEM", "utterance": "Sure. Details? When? From where?"}, {"frames": [{"actions": [{"act": "INFORM", "canonical_values": ["2019-03-03"], "slot": "leaving_date", "values": ["the 3rd"]}, {"act": "INFORM", "canonical_values": ["Long Beach"], "slot": "from_location", "values": ["Long Beach"]}], "service": "Buses_1", "slots": [{"exclusive_end": 26, "slot": "leaving_date", "start": 19}, {"exclusive_end": 15, "slot": "from_location", "start": 5}], "state": {"active_intent": "FindBus", "requested_slots": [], "slot_values": {"from_location": ["Long Beach"], "leaving_date": ["the 3rd"], "to_location": ["LAX"]}}}], "speaker": "USER", "utterance": "From Long Beach on the 3rd."}, {"frames": [{"actions": [{"act": "OFFER", "canonical_values": ["06:40"], "slot": "leaving_time", "values": ["6:40 am"]}, {"act": "OFFER", "canonical_values": ["14"], "slot": "fare", "values": ["$14"]}, {"act": "OFFER", "canonical_values": ["0"], "slot": "transfers", "values": ["0"]}, {"act": "INFORM_COUNT", "canonical_values": ["10"], "slot": "count", "values": ["10"]}], "service": "Buses_1", "service_call": {"method": "FindBus", "parameters": {"from_location": "Long Beach", "leaving_date": "2019-03-03", "to_location": "Los Angeles"}}, "service_results": [{"fare": "14", "from_location": "Long Beach", "from_station": "Downtown Station", "leaving_date": "2019-03-03", "leaving_time": "06:40", "to_location": "Los Angeles", "to_station": "Union Station", "transfers": "0", "travelers": "1"}, {"fare": "12", "from_location": "Long Beach", "from_station": "Downtown Station", "leaving_date": "2019-03-03", "leaving_time": "07:40", "to_location": "Los Angeles", "to_station": "Union Station", "transfers": "0", "travelers": "1"}, {"fare": "11", "from_location": "Long Beach", "from_station": "Downtown Station", "leaving_date": "2019-03-03", "leaving_time": "10:40", "to_location": "Los Angeles", "to_station": "Union Station", "transfers": "0", "travelers": "1"}, {"fare": "13", "from_location": "Long Beach", "from_station": "Downtown Station", "leaving_date": "2019-03-03", "leaving_time": "11:30", "to_location": "Los Angeles", "to_station": "Union Station", "transfers": "0", "travelers": "1"}, {"fare": "12", "from_location": "Long Beach", "from_station": "Downtown Station", "leaving_date": "2019-03-03", "leaving_time": "12:50", "to_location": "Los Angeles", "to_station": "Union Station", "transfers": "0", "travelers": "1"}, {"fare": "13", "from_location": "Long Beach", "from_station": "Downtown Station", "leaving_date": "2019-03-03", "leaving_time": "13:40", "to_location": "Los Angeles", "to_station": "Union Station", "transfers": "0", "travelers": "1"}, {"fare": "11", "from_location": "Long Beach", "from_station": "Downtown Station", "leaving_date": "2019-03-03", "leaving_time": "13:50", "to_location": "Los Angeles", "to_station": "Union Station", "transfers": "0", "travelers": "1"}, {"fare": "10", "from_location": "Long Beach", "from_station": "Downtown Station", "leaving_date": "2019-03-03", "leaving_time": "15:20", "to_location": "Los Angeles", "to_station": "Union Station", "transfers": "0", "travelers": "1"}, {"fare": "11", "from_location": "Long Beach", "from_station": "Downtown Station", "leaving_date": "2019-03-03", "leaving_time": "16:00", "to_location": "Los Angeles", "to_station": "Union Station", "transfers": "0", "travelers": "1"}, {"fare": "12", "from_location": "Long Beach", "from_station": "Downtown Station", "leaving_date": "2019-03-03", "leaving_time": "16:30", "to_location": "Los Angeles", "to_station": "Union Station", "transfers": "0", "travelers": "1"}], "slots": [{"exclusive_end": 23, "slot": "leaving_time", "start": 16}, {"exclusive_end": 57, "slot": "fare", "start": 54}]}], "speaker": "SYSTEM", "utterance": "Ok, I see 10. A 6:40 am with 0 transfers will run you $14."}, {"frames": [{"actions": [{"act": "REQUEST", "canonical_values": [], "slot": "from_station", "values": []}], "service": "Buses_1", "slots": [], "state": {"active_intent": "FindBus", "requested_slots": ["from_station"], "slot_values": {"from_location": ["Long Beach"], "leaving_date": ["the 3rd"], "to_location": ["LAX"]}}}], "speaker": "USER", "utterance": "From what station."}, {"frames": [{"actions": [{"act": "INFORM", "canonical_values": ["Downtown Station"], "slot": "from_station", "values": ["Downtown Station"]}], "service": "Buses_1", "slots": [{"exclusive_end": 31, "slot": "from_station", "start": 15}]}], "speaker": "SYSTEM", "utterance": "It leaves from Downtown Station."}, {"frames": [{"actions": [{"act": "REQUEST_ALTS", "canonical_values": [], "slot": "", "values": []}], "service": "Buses_1", "slots": [], "state": {"active_intent": "FindBus", "requested_slots": [], "slot_values": {"from_location": ["Long Beach"], "leaving_date": ["the 3rd"], "to_location": ["LAX"]}}}], "speaker": "USER", "utterance": "Any other buses?"}, {"frames": [{"actions": [{"act": "OFFER", "canonical_values": ["07:40"], "slot": "leaving_time", "values": ["7:40 am"]}, {"act": "OFFER", "canonical_values": ["12"], "slot": "fare", "values": ["$12"]}, {"act": "OFFER", "canonical_values": ["0"], "slot": "transfers", "values": ["0"]}], "service": "Buses_1", "slots": [{"exclusive_end": 19, "slot": "leaving_time", "start": 12}, {"exclusive_end": 44, "slot": "fare", "start": 41}]}], "speaker": "SYSTEM", "utterance": "How about a 7:40 am with 0 transfers for $12?"}, {"frames": [{"actions": [{"act": "INFORM", "canonical_values": ["3"], "slot": "travelers", "values": ["3"]}, {"act": "INFORM_INTENT", "canonical_values": ["BuyBusTicket"], "slot": "intent", "values": ["BuyBusTicket"]}, {"act": "SELECT", "canonical_values": [], "slot": "", "values": []}], "service": "Buses_1", "slots": [], "state": {"active_intent": "BuyBusTicket", "requested_slots": [], "slot_values": {"from_location": ["Long Beach"], "leaving_date": ["the 3rd"], "leaving_time": ["7:40 am"], "to_location": ["LAX"], "travelers": ["3"]}}}], "speaker": "USER", "utterance": "Ok. Make it for three."}, {"frames": [{"actions": [{"act": "CONFIRM", "canonical_values": ["Long Beach"], "slot": "from_location", "values": ["Long Beach"]}, {"act": "CONFIRM", "canonical_values": ["Los Angeles"], "slot": "to_location", "values": ["Los Angeles"]}, {"act": "CONFIRM", "canonical_values": ["2019-03-03"], "slot": "leaving_date", "values": ["March 3rd"]}, {"act": "CONFIRM", "canonical_values": ["07:40"], "slot": "leaving_time", "values": ["7:40 am"]}, {"act": "CONFIRM", "canonical_values": ["3"], "slot": "travelers", "values": ["3"]}], "service": "Buses_1", "slots": [{"exclusive_end": 55, "slot": "from_location", "start": 45}, {"exclusive_end": 39, "slot": "to_location", "start": 28}, {"exclusive_end": 68, "slot": "leaving_date", "start": 59}, {"exclusive_end": 20, "slot": "leaving_time", "start": 13}]}], "speaker": "SYSTEM", "utterance": "3 seats on a 7:40 am bus to Los Angeles from Long Beach on March 3rd?"}, {"frames": [{"actions": [{"act": "AFFIRM", "canonical_values": [], "slot": "", "values": []}], "service": "Buses_1", "slots": [], "state": {"active_intent": "BuyBusTicket", "requested_slots": [], "slot_values": {"from_location": ["Long Beach"], "leaving_date": ["March 3rd", "the 3rd"], "leaving_time": ["7:40 am"], "to_location": ["LAX", "Los Angeles"], "travelers": ["3"]}}}], "speaker": "USER", "utterance": "Yes, that is right."}, {"frames": [{"actions": [{"act": "NOTIFY_SUCCESS", "canonical_values": [], "slot": "", "values": []}], "service": "Buses_1", "service_call": {"method": "BuyBusTicket", "parameters": {"from_location": "Long Beach", "leaving_date": "2019-03-03", "leaving_time": "07:40", "to_location": "Los Angeles", "travelers": "3"}}, "service_results": [{"fare": "12", "from_location": "Long Beach", "from_station": "Downtown Station", "leaving_date": "2019-03-03", "leaving_time": "07:40", "to_location": "Los Angeles", "to_station": "Union Station", "transfers": "0", "travelers": "3"}], "slots": []}], "speaker": "SYSTEM", "utterance": "You are booked."}, {"frames": [{"actions": [{"act": "THANK_YOU", "canonical_values": [], "slot": "", "values": []}, {"act": "GOODBYE", "canonical_values": [], "slot": "", "values": []}], "service": "Buses_1", "slots": [], "state": {"active_intent": "BuyBusTicket", "requested_slots": [], "slot_values": {"from_location": ["Long Beach"], "leaving_date": ["March 3rd", "the 3rd"], "leaving_time": ["7:40 am"], "to_location": ["LAX", "Los Angeles"], "travelers": ["3"]}}}], "speaker": "USER", "utterance": "Excellent. That is all for now."}, {"frames": [{"actions": [{"act": "GOODBYE", "canonical_values": [], "slot": "", "values": []}], "service": "Buses_1", "slots": []}], "speaker": "SYSTEM", "utterance": "Thank you. Give me a shout when you need something else."}]}, {"dialogue_id": "90_00004", "services": ["Travel_1", "Buses_1"], "turns": [{"frames": [{"actions": [{"act": "INFORM_INTENT", "canonical_values": ["FindAttractions"], "slot": "intent", "values": ["FindAttractions"]}], "service": "Travel_1", "slots": [], "state": {"active_intent": "FindAttractions", "requested_slots": [], "slot_values": {}}}], "speaker": "USER", "utterance": "Can you find me some attractions to visit?"}, {"frames": [{"actions": [{"act": "REQUEST", "canonical_values": [], "slot": "location", "values": []}], "service": "Travel_1", "slots": []}], "speaker": "SYSTEM", "utterance": "Where should I search the attractions in?"}, {"frames": [{"actions": [{"act": "INFORM", "canonical_values": ["New York"], "slot": "location", "values": ["NYC"]}], "service": "Travel_1", "slots": [{"exclusive_end": 33, "slot": "location", "start": 30}], "state": {"active_intent": "FindAttractions", "requested_slots": [], "slot_values": {"location": ["NYC"]}}}], "speaker": "USER", "utterance": "Search for the attractions in NYC."}, {"frames": [{"actions": [{"act": "OFFER", "canonical_values": ["92nd Street Y"], "slot": "attraction_name", "values": ["92nd Street Y"]}, {"act": "OFFER", "canonical_values": ["Performing Arts Venue"], "slot": "category", "values": ["Performing Arts Venue"]}], "service": "Travel_1", "service_call": {"method": "FindAttractions", "parameters": {"location": "New York"}}, "service_results": [{"attraction_name": "92nd Street Y", "category": "Performing Arts Venue", "free_entry": "False", "good_for_kids": "False", "location": "New York", "phone_number": "(212) 415-5788"}, {"attraction_name": "American Folk Art Museum", "category": "Museum", "free_entry": "False", "good_for_kids": "True", "location": "New York", "phone_number": "(212) 265-1040"}, {"attraction_name": "American Museum of Natural History", "category": "Museum", "free_entry": "True", "good_for_kids": "True", "location": "New York", "phone_number": "(212) 769-5100"}, {"attraction_name": "Apollo Theater", "category": "Performing Arts Venue", "free_entry": "True", "good_for_kids": "True", "location": "New York", "phone_number": "212-531-5300"}, {"attraction_name": "Astoria Park", "category": "Park", "free_entry": "False", "good_for_kids": "True", "location": "New York", "phone_number": "212-639-9675"}, {"attraction_name": "Balto Statue", "category": "Tourist Attraction", "free_entry": "True", "good_for_kids": "False", "location": "New York", "phone_number": "212-310-6600"}, {"attraction_name": "Bayonne Bridge", "category": "Historical Landmark", "free_entry": "True", "good_for_kids": "True", "location": "New York", "phone_number": "212-435-7000"}, {"attraction_name": "Bethesda Terrace", "category": "Tourist Attraction", "free_entry": "True", "good_for_kids": "True", "location": "New York", "phone_number": "212-310-6600"}, {"attraction_name": "Bow Bridge", "category": "Historical Landmark", "free_entry": "False", "good_for_kids": "True", "location": "New York", "phone_number": "212-310-6600"}, {"attraction_name": "Bronx Zoo", "category": "Nature Preserve", "free_entry": "False", "good_for_kids": "True", "location": "New York", "phone_number": "718-367-1010"}], "slots": [{"exclusive_end": 30, "slot": "attraction_name", "start": 17}]}], "speaker": "SYSTEM", "utterance": "You should visit 92nd Street Y. It is a Performing Arts Venue."}, {"frames": [{"actions": [{"act": "REQUEST", "canonical_values": [], "slot": "good_for_kids", "values": []}, {"act": "REQUEST", "canonical_values": [], "slot": "phone_number", "values": []}], "service": "Travel_1", "slots": [], "state": {"active_intent": "FindAttractions", "requested_slots": ["good_for_kids", "phone_number"], "slot_values": {"location": ["NYC"]}}}], "speaker": "USER", "utterance": "Is this place child-friendly? Also, what is their phone number?"}, {"frames": [{"actions": [{"act": "INFORM", "canonical_values": ["False"], "slot": "good_for_kids", "values": ["False"]}, {"act": "INFORM", "canonical_values": ["(212) 415-5788"], "slot": "phone_number", "values": ["(212) 415-5788"]}], "service": "Travel_1", "slots": [{"exclusive_end": 73, "slot": "phone_number", "start": 59}]}], "speaker": "SYSTEM", "utterance": "No, it isn't a great place for kids. Their phone number is (212) 415-5788."}, {"frames": [{"actions": [{"act": "INFORM", "canonical_values": ["Theme Park"], "slot": "category", "values": ["Theme Park"]}, {"act": "REQUEST_ALTS", "canonical_values": [], "slot": "", "values": []}], "service": "Travel_1", "slots": [], "state": {"active_intent": "FindAttractions", "requested_slots": [], "slot_values": {"category": ["Theme Park"], "location": ["NYC"]}}}], "speaker": "USER", "utterance": "Nice, any other attractions available? I prefer something like a Theme Park."}, {"frames": [{"actions": [{"act": "OFFER", "canonical_values": ["Jane's Carousel"], "slot": "attraction_name", "values": ["Jane's Carousel"]}, {"act": "OFFER", "canonical_values": ["Theme Park"], "slot": "category", "values": ["Theme Park"]}], "service": "Travel_1", "service_call": {"method": "FindAttractions", "parameters": {"category": "Theme Park", "location": "New York"}}, "service_results": [{"attraction_name": "Jane's Carousel", "category": "Theme Park", "free_entry": "True", "good_for_kids": "True", "location": "New York", "phone_number": "718-222-2502"}, {"attraction_name": "SeaGlass Carousel", "category": "Theme Park", "free_entry": "True", "good_for_kids": "True", "location": "New York", "phone_number": "212-344-3491"}, {"attraction_name": "The Cyclone Roller Coaster Coney Island NY", "category": "Theme Park", "free_entry": "True", "good_for_kids": "True", "location": "New York", "phone_number": "718-373-5862"}, {"attraction_name": "Trolls The Experience", "category": "Theme Park", "free_entry": "True", "good_for_kids": "True", "location": "New York", "phone_number": "703-448-4058"}], "slots": [{"exclusive_end": 44, "slot": "attraction_name", "start": 29}]}], "speaker": "SYSTEM", "utterance": "There is a Theme Park called Jane's Carousel that you could check out."}, {"frames": [{"actions": [{"act": "SELECT", "canonical_values": [], "slot": "", "values": []}], "service": "Travel_1", "slots": [], "state": {"active_intent": "FindAttractions", "requested_slots": [], "slot_values": {"category": ["Theme Park"], "location": ["NYC"]}}}], "speaker": "USER", "utterance": "Okay, sounds good."}, {"frames": [{"actions": [{"act": "REQ_MORE", "canonical_values": [], "slot": "", "values": []}], "service": "Travel_1", "slots": []}], "speaker": "SYSTEM", "utterance": "Anything else I can assist with?"}, {"frames": [{"actions": [{"act": "INFORM", "canonical_values": ["3"], "slot": "travelers", "values": ["3"]}, {"act": "INFORM", "canonical_values": ["Washington"], "slot": "from_location", "values": ["Washington"]}, {"act": "INFORM_INTENT", "canonical_values": ["FindBus"], "slot": "intent", "values": ["FindBus"]}], "service": "Buses_1", "slots": [{"exclusive_end": 91, "slot": "from_location", "start": 81}], "state": {"active_intent": "FindBus", "requested_slots": [], "slot_values": {"from_location": ["Washington"], "to_location": ["NYC"], "travelers": ["3"]}}}], "speaker": "USER", "utterance": "Can you help find a bus that will be able to go there? It should be leaving from Washington and for three people."}, {"frames": [{"actions": [{"act": "REQUEST", "canonical_values": [], "slot": "leaving_date", "values": []}], "service": "Buses_1", "slots": []}], "speaker": "SYSTEM", "utterance": "When do you expect to leave?"}, {"frames": [{"actions": [{"act": "INFORM", "canonical_values": ["2019-03-14"], "slot": "leaving_date", "values": ["14th of this month"]}], "service": "Buses_1", "slots": [{"exclusive_end": 48, "slot": "leaving_date", "start": 30}], "state": {"active_intent": "FindBus", "requested_slots": [], "slot_values": {"from_location": ["Washington"], "leaving_date": ["14th of this month"], "to_location": ["NYC"], "travelers": ["3"]}}}], "speaker": "USER", "utterance": "I am planning to leave on the 14th of this month."}, {"frames": [{"actions": [{"act": "OFFER", "canonical_values": ["08:10"], "slot": "leaving_time", "values": ["8:10 am"]}, {"act": "OFFER", "canonical_values": ["34"], "slot": "fare", "values": ["$34"]}, {"act": "OFFER", "canonical_values": ["0"], "slot": "transfers", "values": ["0"]}], "service": "Buses_1", "service_call": {"method": "FindBus", "parameters": {"from_location": "Washington", "leaving_date": "2019-03-14", "to_location": "New York", "travelers": "3"}}, "service_results": [{"fare": "34", "from_location": "Washington", "from_station": "Union Station", "leaving_date": "2019-03-14", "leaving_time": "08:10", "to_location": "New York", "to_station": "Port Authority Station", "transfers": "0", "travelers": "3"}, {"fare": "39", "from_location": "Washington", "from_station": "Union Station", "leaving_date": "2019-03-14", "leaving_time": "08:20", "to_location": "New York", "to_station": "Port Authority Station", "transfers": "0", "travelers": "3"}, {"fare": "28", "from_location": "Washington", "from_station": "Union Station", "leaving_date": "2019-03-14", "leaving_time": "11:10", "to_location": "New York", "to_station": "Port Authority Station", "transfers": "0", "travelers": "3"}, {"fare": "34", "from_location": "Washington", "from_station": "Union Station", "leaving_date": "2019-03-14", "leaving_time": "12:00", "to_location": "New York", "to_station": "Port Authority Station", "transfers": "0", "travelers": "3"}, {"fare": "39", "from_location": "Washington", "from_station": "Union Station", "leaving_date": "2019-03-14", "leaving_time": "12:30", "to_location": "New York", "to_station": "Port Authority Station", "transfers": "0", "travelers": "3"}, {"fare": "33", "from_location": "Washington", "from_station": "Union Station", "leaving_date": "2019-03-14", "leaving_time": "13:40", "to_location": "New York", "to_station": "Port Authority Station", "transfers": "0", "travelers": "3"}, {"fare": "33", "from_location": "Washington", "from_station": "Union Station", "leaving_date": "2019-03-14", "leaving_time": "14:00", "to_location": "New York", "to_station": "Port Authority Station", "transfers": "0", "travelers": "3"}, {"fare": "36", "from_location": "Washington", "from_station": "Union Station", "leaving_date": "2019-03-14", "leaving_time": "19:30", "to_location": "New York", "to_station": "Port Authority Station", "transfers": "0", "travelers": "3"}], "slots": [{"exclusive_end": 38, "slot": "leaving_time", "start": 31}, {"exclusive_end": 51, "slot": "fare", "start": 48}]}], "speaker": "SYSTEM", "utterance": "There is a bus that departs at 8:10 am and cost $34. It has 0 transfers."}, {"frames": [{"actions": [{"act": "REQUEST", "canonical_values": [], "slot": "from_station", "values": []}], "service": "Buses_1", "slots": [], "state": {"active_intent": "FindBus", "requested_slots": ["from_station"], "slot_values": {"from_location": ["Washington"], "leaving_date": ["14th of this month"], "to_location": ["NYC"], "travelers": ["3"]}}}], "speaker": "USER", "utterance": "What bus station will I have to be leaving from?"}, {"frames": [{"actions": [{"act": "INFORM", "canonical_values": ["Union Station"], "slot": "from_station", "values": ["Union Station"]}], "service": "Buses_1", "slots": [{"exclusive_end": 47, "slot": "from_station", "start": 34}]}], "speaker": "SYSTEM", "utterance": "The origin station for the bus is Union Station."}, {"frames": [{"actions": [{"act": "INFORM_INTENT", "canonical_values": ["BuyBusTicket"], "slot": "intent", "values": ["BuyBusTicket"]}, {"act": "SELECT", "canonical_values": [], "slot": "", "values": []}], "service": "Buses_1", "slots": [], "state": {"active_intent": "BuyBusTicket", "requested_slots": [], "slot_values": {"from_location": ["Washington"], "leaving_date": ["14th of this month"], "leaving_time": ["8:10 am"], "to_location": ["NYC"], "travelers": ["3"]}}}], "speaker": "USER", "utterance": "That sounds good. I would like to reserve the bus."}, {"frames": [{"actions": [{"act": "CONFIRM", "canonical_values": ["Washington"], "slot": "from_location", "values": ["Washington"]}, {"act": "CONFIRM", "canonical_values": ["New York"], "slot": "to_location", "values": ["New York"]}, {"act": "CONFIRM", "canonical_values": ["2019-03-14"], "slot": "leaving_date", "values": ["March 14th"]}, {"act": "CONFIRM", "canonical_values": ["08:10"], "slot": "leaving_time", "values": ["8:10 am"]}, {"act": "CONFIRM", "canonical_values": ["3"], "slot": "travelers", "values": ["3"]}], "service": "Buses_1", "slots": [{"exclusive_end": 93, "slot": "from_location", "start": 83}, {"exclusive_end": 111, "slot": "to_location", "start": 103}, {"exclusive_end": 140, "slot": "leaving_date", "start": 130}, {"exclusive_end": 151, "slot": "leaving_time", "start": 144}]}], "speaker": "SYSTEM", "utterance": "Please confirm these details: You want tickets for 3 people for a bus leaving from Washington going to New York. It will leave on March 14th at 8:10 am."}, {"frames": [{"actions": [{"act": "AFFIRM", "canonical_values": [], "slot": "", "values": []}], "service": "Buses_1", "slots": [], "state": {"active_intent": "BuyBusTicket", "requested_slots": [], "slot_values": {"from_location": ["Washington"], "leaving_date": ["14th of this month", "March 14th"], "leaving_time": ["8:10 am"], "to_location": ["NYC", "New York"], "travelers": ["3"]}}}], "speaker": "USER", "utterance": "Yep, that is perfect for me."}, {"frames": [{"actions": [{"act": "NOTIFY_SUCCESS", "canonical_values": [], "slot": "", "values": []}], "service": "Buses_1", "service_call": {"method": "BuyBusTicket", "parameters": {"from_location": "Washington", "leaving_date": "2019-03-14", "leaving_time": "08:10", "to_location": "New York", "travelers": "3"}}, "service_results": [{"fare": "34", "from_location": "Washington", "from_station": "Union Station", "leaving_date": "2019-03-14", "leaving_time": "08:10", "to_location": "New York", "to_station": "Port Authority Station", "transfers": "0", "travelers": "3"}], "slots": []}], "speaker": "SYSTEM", "utterance": "Your ticket is confirmed and ready."}, {"frames": [{"actions": [{"act": "REQUEST", "canonical_values": [], "slot": "to_station", "values": []}], "service": "Buses_1", "slots": [], "state": {"active_intent": "BuyBusTicket", "requested_slots": ["to_station"], "slot_values": {"from_location": ["Washington"], "leaving_date": ["14th of this month", "March 14th"], "leaving_time": ["8:10 am"], "to_location": ["NYC", "New York"], "travelers": ["3"]}}}], "speaker": "USER", "utterance": "Which bus station will I be reaching?"}, {"frames": [{"actions": [{"act": "INFORM", "canonical_values": ["Port Authority Station"], "slot": "to_station", "values": ["Port Authority Station"]}], "service": "Buses_1", "slots": [{"exclusive_end": 54, "slot": "to_station", "start": 32}]}], "speaker": "SYSTEM", "utterance": "The destination station will be Port Authority Station."}, {"frames": [{"actions": [{"act": "THANK_YOU", "canonical_values": [], "slot": "", "values": []}], "service": "Buses_1", "slots": [], "state": {"active_intent": "BuyBusTicket", "requested_slots": [], "slot_values": {"from_location": ["Washington"], "leaving_date": ["14th of this month", "March 14th"], "leaving_time": ["8:10 am"], "to_location": ["NYC", "New York"], "travelers": ["3"]}}}], "speaker": "USER", "utterance": "Thank you very much for the help."}, {"frames": [{"actions": [{"act": "REQ_MORE", "canonical_values": [], "slot": "", "values": []}], "service": "Buses_1", "slots": []}], "speaker": "SYSTEM", "utterance": "May I help with anything else?"}, {"frames": [{"actions": [{"act": "NEGATE", "canonical_values": [], "slot": "", "values": []}, {"act": "THANK_YOU", "canonical_values": [], "slot": "", "values": []}], "service": "Buses_1", "slots": [], "state": {"active_intent": "NONE", "requested_slots": [], "slot_values": {"from_location": ["Washington"], "leaving_date": ["14th of this month", "March 14th"], "leaving_time": ["8:10 am"], "to_location": ["NYC", "New York"], "travelers": ["3"]}}}], "speaker": "USER", "utterance": "No, thank you very much for the help."}, {"frames": [{"actions": [{"act": "GOODBYE", "canonical_values": [], "slot": "", "values": []}], "service": "Buses_1", "slots": []}], "speaker": "SYSTEM", "utterance": "Have a wonderful day!"}]}]