[{"dialogue_id": "21_00000", "services": ["RideSharing_2", "Music_3"], "turns": [{"frames": [{"actions": [{"act": "INFORM", "canonical_values": ["Luxury"], "slot": "ride_type", "values": ["Luxury"]}, {"act": "INFORM_INTENT", "canonical_values": ["GetRide"], "slot": "intent", "values": ["GetRide"]}], "service": "RideSharing_2", "slots": [], "state": {"active_intent": "GetRide", "requested_slots": [], "slot_values": {"ride_type": ["Luxury"]}}}], "speaker": "USER", "utterance": "I would like a Luxury cab ride."}, {"frames": [{"actions": [{"act": "REQUEST", "canonical_values": [], "slot": "destination", "values": []}, {"act": "REQUEST", "canonical_values": [], "slot": "number_of_seats", "values": []}], "service": "RideSharing_2", "slots": []}], "speaker": "SYSTEM", "utterance": "Where is your destination and how many seats will you be needing?"}, {"frames": [{"actions": [{"act": "INFORM", "canonical_values": ["La Casita 2"], "slot": "destination", "values": ["La Casita 2"]}, {"act": "INFORM", "canonical_values": ["2"], "slot": "number_of_seats", "values": ["2"]}], "service": "RideSharing_2", "slots": [{"exclusive_end": 56, "slot": "destination", "start": 45}], "state": {"active_intent": "GetRide", "requested_slots": [], "slot_values": {"destination": ["La Casita 2"], "number_of_seats": ["2"], "ride_type": ["Luxury"]}}}], "speaker": "USER", "utterance": "I am in a group of 2 and we will be going to La Casita 2."}, {"frames": [{"actions": [{"act": "CONFIRM", "canonical_values": ["La Casita 2"], "slot": "destination", "values": ["La Casita 2"]}, {"act": "CONFIRM", "canonical_values": ["2"], "slot": "number_of_seats", "values": ["2"]}, {"act": "CONFIRM", "canonical_values": ["Luxury"], "slot": "ride_type", "values": ["Luxury"]}], "service": "RideSharing_2", "slots": [{"exclusive_end": 79, "slot": "destination", "start": 68}]}], "speaker": "SYSTEM", "utterance": "Please confirm that you will be needing 2 seats on a Luxury ride to La Casita 2."}, {"frames": [{"actions": [{"act": "REQUEST", "canonical_values": [], "slot": "ride_fare", "values": []}, {"act": "REQUEST", "canonical_values": [], "slot": "wait_time", "values": []}, {"act": "AFFIRM", "canonical_values": [], "slot": "", "values": []}], "service": "RideSharing_2", "slots": [], "state": {"active_intent": "GetRide", "requested_slots": ["ride_fare", "wait_time"], "slot_values": {"destination": ["La Casita 2"], "number_of_seats": ["2"], "ride_type": ["Luxury"]}}}], "speaker": "USER", "utterance": "Yes, perfect! Can you tell me the price and when the cab will arrive?"}, {"frames": [{"actions": [{"act": "INFORM", "canonical_values": ["35.82"], "slot": "ride_fare", "values": ["$35.82"]}, {"act": "INFORM", "canonical_values": ["14"], "slot": "wait_time", "values": ["14"]}, {"act": "NOTIFY_SUCCESS", "canonical_values": [], "slot": "", "values": []}], "service": "RideSharing_2", "service_call": {"method": "GetRide", "parameters": {"destination": "La Casita 2", "number_of_seats": "2", "ride_type": "Luxury"}}, "service_results": [{"destination": "La Casita 2", "number_of_seats": "2", "ride_fare": "35.82", "ride_type": "Luxury", "wait_time": "14"}], "slots": [{"exclusive_end": 87, "slot": "ride_fare", "start": 81}, {"exclusive_end": 45, "slot": "wait_time", "start": 43}]}], "speaker": "SYSTEM", "utterance": "The cab has been booked and is expected in 14 minutes and the total cost will be $35.82."}, {"frames": [{"actions": [{"act": "INFORM", "canonical_values": ["Rock"], "slot": "genre", "values": ["Rock"]}, {"act": "INFORM", "canonical_values": ["2018"], "slot": "year", "values": ["2018"]}, {"act": "INFORM", "canonical_values": ["Kamayanbaghi"], "slot": "album", "values": ["Kamayanbaghi"]}, {"act": "INFORM_INTENT", "canonical_values": ["LookupMusic"], "slot": "intent", "values": ["LookupMusic"]}], "service": "Music_3", "slots": [{"exclusive_end": 61, "slot": "genre", "start": 57}, {"exclusive_end": 111, "slot": "album", "start": 99}], "state": {"active_intent": "LookupMusic", "requested_slots": [], "slot_values": {"album": ["Kamayanbaghi"], "genre": ["Rock"], "year": ["2018"]}}}, {"actions": [{"act": "THANK_YOU", "canonical_values": [], "slot": "", "values": []}], "service": "RideSharing_2", "slots": [], "state": {"active_intent": "GetRide", "requested_slots": [], "slot_values": {"destination": ["La Casita 2"], "number_of_seats": ["2"], "ride_type": ["Luxury"]}}}], "speaker": "USER", "utterance": "Thank you for all your help! Can you search now for some Rock songs from '18, maybe from the album Kamayanbaghi?"}, {"frames": [{"actions": [{"act": "OFFER", "canonical_values": ["Mchat"], "slot": "track", "values": ["Mchat"]}, {"act": "OFFER", "canonical_values": ["Hoba Hoba Spirit"], "slot": "artist", "values": ["Hoba Hoba Spirit"]}, {"act": "OFFER", "canonical_values": ["Kamayanbaghi"], "slot": "album", "values": ["Kamayanbaghi"]}, {"act": "INFORM_COUNT", "canonical_values": ["1"], "slot": "count", "values": ["1"]}], "service": "Music_3", "service_call": {"method": "LookupMusic", "parameters": {"album": "Kamayanbaghi", "genre": "Rock", "year": "2018"}}, "service_results": [{"album": "Kamayanbaghi", "artist": "Hoba Hoba Spirit", "genre": "Rock", "track": "Mchat", "year": "2018"}], "slots": [{"exclusive_end": 42, "slot": "track", "start": 37}, {"exclusive_end": 62, "slot": "artist", "start": 46}, {"exclusive_end": 90, "slot": "album", "start": 78}]}], "speaker": "SYSTEM", "utterance": "I found 1 song you might like called Mchat by Hoba Hoba Spirit from the album Kamayanbaghi."}, {"frames": [{"actions": [{"act": "INFORM_INTENT", "canonical_values": ["PlayMedia"], "slot": "intent", "values": ["PlayMedia"]}, {"act": "SELECT", "canonical_values": [], "slot": "", "values": []}], "service": "Music_3", "slots": [], "state": {"active_intent": "PlayMedia", "requested_slots": [], "slot_values": {"album": ["Kamayanbaghi"], "genre": ["Rock"], "track": ["Mchat"], "year": ["2018"]}}}], "speaker": "USER", "utterance": "Yes, that is the one I would like you to play."}, {"frames": [{"actions": [{"act": "CONFIRM", "canonical_values": ["Mchat"], "slot": "track", "values": ["Mchat"]}, {"act": "CONFIRM", "canonical_values": ["Living room"], "slot": "device", "values": ["Living room"]}], "service": "Music_3", "slots": [{"exclusive_end": 52, "slot": "track", "start": 47}]}], "speaker": "SYSTEM", "utterance": "Please confirm you would like to hear the song Mchat in your Living room."}, {"frames": [{"actions": [{"act": "AFFIRM", "canonical_values": [], "slot": "", "values": []}], "service": "Music_3", "slots": [], "state": {"active_intent": "PlayMedia", "requested_slots": [], "slot_values": {"album": ["Kamayanbaghi"], "device": ["Living room"], "genre": ["Rock"], "track": ["Mchat"], "year": ["2018"]}}}], "speaker": "USER", "utterance": "Yes, that will be great!"}, {"frames": [{"actions": [{"act": "NOTIFY_SUCCESS", "canonical_values": [], "slot": "", "values": []}], "service": "Music_3", "service_call": {"method": "PlayMedia", "parameters": {"album": "Kamayanbaghi", "device": "Living room", "track": "Mchat"}}, "service_results": [{"album": "Kamayanbaghi", "artist": "Hoba Hoba Spirit", "device": "Living room", "genre": "Rock", "track": "Mchat", "year": "2018"}], "slots": []}], "speaker": "SYSTEM", "utterance": "Hope you enjoy the music!"}, {"frames": [{"actions": [{"act": "THANK_YOU", "canonical_values": [], "slot": "", "values": []}], "service": "Music_3", "slots": [], "state": {"active_intent": "PlayMedia", "requested_slots": [], "slot_values": {"album": ["Kamayanbaghi"], "device": ["Living room"], "genre": ["Rock"], "track": ["Mchat"], "year": ["2018"]}}}], "speaker": "USER", "utterance": "Thanks!"}, {"frames": [{"actions": [{"act": "REQ_MORE", "canonical_values": [], "slot": "", "values": []}], "service": "Music_3", "slots": []}], "speaker": "SYSTEM", "utterance": "Can I assist with anything else?"}, {"frames": [{"actions": [{"act": "NEGATE", "canonical_values": [], "slot": "", "values": []}, {"act": "THANK_YOU", "canonical_values": [], "slot": "", "values": []}], "service": "Music_3", "slots": [], "state": {"active_intent": "NONE", "requested_slots": [], "slot_values": {"album": ["Kamayanbaghi"], "device": ["Living room"], "genre": ["Rock"], "track": ["Mchat"], "year": ["2018"]}}}], "speaker": "USER", "utterance": "No, that will be all thank you!"}, {"frames": [{"actions": [{"act": "GOODBYE", "canonical_values": [], "slot": "", "values": []}], "service": "Music_3", "slots": []}], "speaker": "SYSTEM", "utterance": "Have a great day!"}]}, {"dialogue_id": "21_00001", "services": ["RideSharing_2", "Music_3"], "turns": [{"frames": [{"actions": [{"act": "INFORM_INTENT", "canonical_values": ["GetRide"], "slot": "intent", "values": ["GetRide"]}], "service": "RideSharing_2", "slots": [], "state": {"active_intent": "GetRide", "requested_slots": [], "slot_values": {}}}], "speaker": "USER", "utterance": "I want a cab!"}, {"frames": [{"actions": [{"act": "REQUEST", "canonical_values": [], "slot": "number_of_seats", "values": []}, {"act": "REQUEST", "canonical_values": [], "slot": "destination", "values": []}, {"act": "REQUEST", "canonical_values": ["Pool", "Regular"], "slot": "ride_type", "values": ["Pool", "Regular"]}], "service": "RideSharing_2", "slots": []}], "speaker": "SYSTEM", "utterance": "How many people are traveling with you? Where are you going? And what type of ride do you prefer? You can say Pool or Regular or something else."}, {"frames": [{"actions": [{"act": "INFORM", "canonical_values": ["800 Pollard Road # B201"], "slot": "destination", "values": ["800 Pollard Road # B201"]}, {"act": "INFORM", "canonical_values": ["1"], "slot": "number_of_seats", "values": ["1"]}, {"act": "INFORM", "canonical_values": ["Pool"], "slot": "ride_type", "values": ["Pool"]}], "service": "RideSharing_2", "slots": [{"exclusive_end": 40, "slot": "destination", "start": 17}], "state": {"active_intent": "GetRide", "requested_slots": [], "slot_values": {"destination": ["800 Pollard Road # B201"], "number_of_seats": ["1"], "ride_type": ["Pool"]}}}], "speaker": "USER", "utterance": "I want a ride to 800 Pollard Road # B201. I prefer a Shared ride and I just want 1 seat."}, {"frames": [{"actions": [{"act": "CONFIRM", "canonical_values": ["800 Pollard Road # B201"], "slot": "destination", "values": ["800 Pollard Road # B201"]}, {"act": "CONFIRM", "canonical_values": ["1"], "slot": "number_of_seats", "values": ["1"]}, {"act": "CONFIRM", "canonical_values": ["Pool"], "slot": "ride_type", "values": ["Pool"]}], "service": "RideSharing_2", "slots": [{"exclusive_end": 80, "slot": "destination", "start": 57}]}], "speaker": "SYSTEM", "utterance": "Please confirm the following details: You want a ride to 800 Pollard Road # B201. You prefer a pool rid and want 1 seat."}, {"frames": [{"actions": [{"act": "AFFIRM", "canonical_values": [], "slot": "", "values": []}], "service": "RideSharing_2", "slots": [], "state": {"active_intent": "GetRide", "requested_slots": [], "slot_values": {"destination": ["800 Pollard Road # B201"], "number_of_seats": ["1"], "ride_type": ["Pool"]}}}], "speaker": "USER", "utterance": "Yes, that works."}, {"frames": [{"actions": [{"act": "NOTIFY_SUCCESS", "canonical_values": [], "slot": "", "values": []}], "service": "RideSharing_2", "service_call": {"method": "GetRide", "parameters": {"destination": "800 Pollard Road # B201", "number_of_seats": "1", "ride_type": "Pool"}}, "service_results": [{"destination": "800 Pollard Road # B201", "number_of_seats": "1", "ride_fare": "8.09", "ride_type": "Pool", "wait_time": "7"}], "slots": []}], "speaker": "SYSTEM", "utterance": "Your cab has been booked and is on its way."}, {"frames": [{"actions": [{"act": "INFORM_INTENT", "canonical_values": ["LookupMusic"], "slot": "intent", "values": ["LookupMusic"]}], "service": "Music_3", "slots": [], "state": {"active_intent": "LookupMusic", "requested_slots": [], "slot_values": {}}}], "speaker": "USER", "utterance": "Can you search for songs."}, {"frames": [{"actions": [{"act": "OFFER", "canonical_values": ["The Archer"], "slot": "track", "values": ["The Archer"]}, {"act": "OFFER", "canonical_values": ["Taylor Swift"], "slot": "artist", "values": ["Taylor Swift"]}, {"act": "OFFER", "canonical_values": ["Lover"], "slot": "album", "values": ["Lover"]}], "service": "Music_3", "service_call": {"method": "LookupMusic", "parameters": {}}, "service_results": [{"album": "Lover", "artist": "Taylor Swift", "genre": "Pop", "track": "The Archer", "year": "2019"}, {"album": "Shatter Me", "artist": "Lindsey Stirling", "genre": "Pop", "track": "Shatter Me", "year": "2014"}, {"album": "Cherry Cola", "artist": "Kuwada", "genre": "Pop", "track": "Cherry Cola", "year": "2017"}, {"album": "Leave It All Behind", "artist": "Zeni N", "genre": "Pop", "track": "Leave It All Behind", "year": "2017"}, {"album": "The Gereg", "artist": "The Hu", "genre": "Rock", "track": "Wolf Totem", "year": "2018"}, {"album": "Climate Change", "artist": "Pitbull", "genre": "Pop", "track": "Options", "year": "2017"}, {"album": "Ancient Future", "artist": "Protoje", "genre": "Reggae", "track": "Who Knows", "year": "2014"}, {"album": "I Want You", "artist": "Daniel Skye", "genre": "Pop", "track": "I Want You", "year": "2018"}, {"album": "Expectations", "artist": "Hayley Kiyoko", "genre": "Pop", "track": "Curious", "year": "2018"}, {"album": "Expectations", "artist": "Hayley Kiyoko", "genre": "Pop", "track": "Sleepover", "year": "2017"}], "slots": [{"exclusive_end": 20, "slot": "track", "start": 10}, {"exclusive_end": 36, "slot": "artist", "start": 24}, {"exclusive_end": 57, "slot": "album", "start": 52}]}], "speaker": "SYSTEM", "utterance": "How about The Archer by Taylor Swift from her album Lover."}, {"frames": [{"actions": [{"act": "REQUEST", "canonical_values": ["2014"], "slot": "year", "values": ["2014"]}, {"act": "REQUEST", "canonical_values": [], "slot": "genre", "values": []}], "service": "Music_3", "slots": [], "state": {"active_intent": "LookupMusic", "requested_slots": ["genre", "year"], "slot_values": {}}}], "speaker": "USER", "utterance": "Is that from five years back? What type of music is it?"}, {"frames": [{"actions": [{"act": "INFORM", "canonical_values": ["2019"], "slot": "year", "values": ["2019"]}, {"act": "INFORM", "canonical_values": ["Pop"], "slot": "genre", "values": ["pop"]}], "service": "Music_3", "slots": [{"exclusive_end": 27, "slot": "genre", "start": 24}]}], "speaker": "SYSTEM", "utterance": "It's from 2019 and is a pop song."}, {"frames": [{"actions": [{"act": "SELECT", "canonical_values": [], "slot": "", "values": []}], "service": "Music_3", "slots": [], "state": {"active_intent": "LookupMusic", "requested_slots": [], "slot_values": {"track": ["The Archer"]}}}], "speaker": "USER", "utterance": "Yes, that's it."}, {"frames": [{"actions": [{"act": "OFFER_INTENT", "canonical_values": ["PlayMedia"], "slot": "intent", "values": ["PlayMedia"]}], "service": "Music_3", "slots": []}], "speaker": "SYSTEM", "utterance": "Do you want to play the song?"}, {"frames": [{"actions": [{"act": "AFFIRM_INTENT", "canonical_values": [], "slot": "", "values": []}, {"act": "INFORM", "canonical_values": ["dontcare"], "slot": "device", "values": ["dontcare"]}], "service": "Music_3", "slots": [], "state": {"active_intent": "PlayMedia", "requested_slots": [], "slot_values": {"device": ["dontcare"], "track": ["The Archer"]}}}], "speaker": "USER", "utterance": "Yes, play it on any device."}, {"frames": [{"actions": [{"act": "CONFIRM", "canonical_values": ["The Archer"], "slot": "track", "values": ["The Archer"]}, {"act": "CONFIRM", "canonical_values": ["Living room"], "slot": "device", "values": ["Living room"]}], "service": "Music_3", "slots": [{"exclusive_end": 48, "slot": "track", "start": 38}]}], "speaker": "SYSTEM", "utterance": "Please confirm playback details: Play The Archer in the Living Room."}, {"frames": [{"actions": [{"act": "INFORM", "canonical_values": ["Kitchen"], "slot": "device", "values": ["Kitchen"]}, {"act": "NEGATE", "canonical_values": [], "slot": "", "values": []}], "service": "Music_3", "slots": [], "state": {"active_intent": "PlayMedia", "requested_slots": [], "slot_values": {"device": ["Kitchen"], "track": ["The Archer"]}}}], "speaker": "USER", "utterance": "No, play it on the kitchen speaker."}, {"frames": [{"actions": [{"act": "CONFIRM", "canonical_values": ["The Archer"], "slot": "track", "values": ["The Archer"]}, {"act": "CONFIRM", "canonical_values": ["Kitchen"], "slot": "device", "values": ["Kitchen"]}], "service": "Music_3", "slots": [{"exclusive_end": 45, "slot": "track", "start": 35}]}], "speaker": "SYSTEM", "utterance": "Please confirm the following: play The Archer in Kitchen."}, {"frames": [{"actions": [{"act": "AFFIRM", "canonical_values": [], "slot": "", "values": []}], "service": "Music_3", "slots": [], "state": {"active_intent": "PlayMedia", "requested_slots": [], "slot_values": {"device": ["Kitchen"], "track": ["The Archer"]}}}], "speaker": "USER", "utterance": "Yes, that's right."}, {"frames": [{"actions": [{"act": "NOTIFY_SUCCESS", "canonical_values": [], "slot": "", "values": []}], "service": "Music_3", "service_call": {"method": "PlayMedia", "parameters": {"device": "Kitchen", "track": "The Archer"}}, "service_results": [{"album": "Lover", "artist": "Taylor Swift", "device": "Kitchen", "genre": "Pop", "track": "The Archer", "year": "2019"}], "slots": []}], "speaker": "SYSTEM", "utterance": "Enjoy the song!"}, {"frames": [{"actions": [{"act": "THANK_YOU", "canonical_values": [], "slot": "", "values": []}, {"act": "GOODBYE", "canonical_values": [], "slot": "", "values": []}], "service": "Music_3", "slots": [], "state": {"active_intent": "PlayMedia", "requested_slots": [], "slot_values": {"device": ["Kitchen"], "track": ["The Archer"]}}}], "speaker": "USER", "utterance": "Thank you! That's all I wanted."}, {"frames": [{"actions": [{"act": "GOODBYE", "canonical_values": [], "slot": "", "values": []}], "service": "Music_3", "slots": []}], "speaker": "SYSTEM", "utterance": "Have a great day!"}]}, {"dialogue_id": "21_00002", "services": ["RideSharing_2", "Music_3"], "turns": [{"frames": [{"actions": [{"act": "INFORM_INTENT", "canonical_values": ["GetRide"], "slot": "intent", "values": ["GetRide"]}], "service": "RideSharing_2", "slots": [], "state": {"active_intent": "GetRide", "requested_slots": [], "slot_values": {}}}], "speaker": "USER", "utterance": "I need to hail a cab, anything you can find?"}, {"frames": [{"actions": [{"act": "REQUEST", "canonical_values": [], "slot": "ride_type", "values": []}], "service": "RideSharing_2", "slots": []}], "speaker": "SYSTEM", "utterance": "What kind of ride would you prefer for this trip?"}, {"frames": [{"actions": [{"act": "INFORM", "canonical_values": ["Regular"], "slot": "ride_type", "values": ["Regular"]}], "service": "RideSharing_2", "slots": [], "state": {"active_intent": "GetRide", "requested_slots": [], "slot_values": {"ride_type": ["Regular"]}}}], "speaker": "USER", "utterance": "Just a regular ride, if any are available."}, {"frames": [{"actions": [{"act": "REQUEST", "canonical_values": [], "slot": "destination", "values": []}], "service": "RideSharing_2", "slots": []}], "speaker": "SYSTEM", "utterance": "To which location will you be traveling in cab to?"}, {"frames": [{"actions": [{"act": "INFORM", "canonical_values": ["National Museum of Natural History"], "slot": "destination", "values": ["National Museum of Natural History"]}], "service": "RideSharing_2", "slots": [{"exclusive_end": 61, "slot": "destination", "start": 27}], "state": {"active_intent": "GetRide", "requested_slots": [], "slot_values": {"destination": ["National Museum of Natural History"], "ride_type": ["Regular"]}}}], "speaker": "USER", "utterance": "The cab should head to the National Museum of Natural History."}, {"frames": [{"actions": [{"act": "REQUEST", "canonical_values": [], "slot": "number_of_seats", "values": []}], "service": "RideSharing_2", "slots": []}], "speaker": "SYSTEM", "utterance": "What about the amount of seats you require for this trip?"}, {"frames": [{"actions": [{"act": "INFORM", "canonical_values": ["1"], "slot": "number_of_seats", "values": ["1"]}], "service": "RideSharing_2", "slots": [], "state": {"active_intent": "GetRide", "requested_slots": [], "slot_values": {"destination": ["National Museum of Natural History"], "number_of_seats": ["1"], "ride_type": ["Regular"]}}}], "speaker": "USER", "utterance": "Just one seat is needed, I don't have a large group with me."}, {"frames": [{"actions": [{"act": "CONFIRM", "canonical_values": ["National Museum of Natural History"], "slot": "destination", "values": ["National Museum of Natural History"]}, {"act": "CONFIRM", "canonical_values": ["1"], "slot": "number_of_seats", "values": ["1"]}, {"act": "CONFIRM", "canonical_values": ["Regular"], "slot": "ride_type", "values": ["Regular"]}], "service": "RideSharing_2", "slots": [{"exclusive_end": 85, "slot": "destination", "start": 51}]}], "speaker": "SYSTEM", "utterance": "You wish to take a regular ride with 1 seat to the National Museum of Natural History, is that right?"}, {"frames": [{"actions": [{"act": "INFORM", "canonical_values": ["2"], "slot": "number_of_seats", "values": ["2"]}, {"act": "INFORM", "canonical_values": ["Luxury"], "slot": "ride_type", "values": ["Luxury"]}, {"act": "NEGATE", "canonical_values": [], "slot": "", "values": []}], "service": "RideSharing_2", "slots": [], "state": {"active_intent": "GetRide", "requested_slots": [], "slot_values": {"destination": ["National Museum of Natural History"], "number_of_seats": ["2"], "ride_type": ["Luxury"]}}}], "speaker": "USER", "utterance": "Scratch that, I actually need two seats and the most comfortable ride available."}, {"frames": [{"actions": [{"act": "CONFIRM", "canonical_values": ["2"], "slot": "number_of_seats", "values": ["2"]}, {"act": "CONFIRM", "canonical_values": ["Luxury"], "slot": "ride_type", "values": ["Luxury"]}], "service": "RideSharing_2", "slots": []}], "speaker": "SYSTEM", "utterance": "Understood, you will be taking a luxury ride with 2 seats available."}, {"frames": [{"actions": [{"act": "REQUEST", "canonical_values": [], "slot": "wait_time", "values": []}, {"act": "REQUEST", "canonical_values": [], "slot": "ride_fare", "values": []}, {"act": "AFFIRM", "canonical_values": [], "slot": "", "values": []}], "service": "RideSharing_2", "slots": [], "state": {"active_intent": "GetRide", "requested_slots": ["ride_fare", "wait_time"], "slot_values": {"destination": ["National Museum of Natural History"], "number_of_seats": ["2"], "ride_type": ["Luxury"]}}}], "speaker": "USER", "utterance": "That works for me, how long will the cab costs and when will it arrive."}, {"frames": [{"actions": [{"act": "INFORM", "canonical_values": ["14"], "slot": "wait_time", "values": ["14"]}, {"act": "INFORM", "canonical_values": ["46.58"], "slot": "ride_fare", "values": ["$46.58"]}, {"act": "NOTIFY_SUCCESS", "canonical_values": [], "slot": "", "values": []}], "service": "RideSharing_2", "service_call": {"method": "GetRide", "parameters": {"destination": "National Museum of Natural History", "number_of_seats": "2", "ride_type": "Luxury"}}, "service_results": [{"destination": "National Museum of Natural History", "number_of_seats": "2", "ride_fare": "46.58", "ride_type": "Luxury", "wait_time": "14"}], "slots": [{"exclusive_end": 45, "slot": "wait_time", "start": 43}, {"exclusive_end": 73, "slot": "ride_fare", "start": 67}]}], "speaker": "SYSTEM", "utterance": "The cab has been booked, it will arrive in 14 minutes and it costs $46.58."}, {"frames": [{"actions": [{"act": "INFORM_INTENT", "canonical_values": ["LookupMusic"], "slot": "intent", "values": ["LookupMusic"]}], "service": "Music_3", "slots": [], "state": {"active_intent": "LookupMusic", "requested_slots": [], "slot_values": {}}}], "speaker": "USER", "utterance": "Can you search for some songs for me to listen to?"}, {"frames": [{"actions": [{"act": "OFFER", "canonical_values": ["Never Grow Up"], "slot": "track", "values": ["Never Grow Up"]}, {"act": "OFFER", "canonical_values": ["Taylor Swift"], "slot": "artist", "values": ["Taylor Swift"]}, {"act": "OFFER", "canonical_values": ["Speak Now"], "slot": "album", "values": ["Speak Now"]}, {"act": "INFORM_COUNT", "canonical_values": ["10"], "slot": "count", "values": ["10"]}], "service": "Music_3", "service_call": {"method": "LookupMusic", "parameters": {}}, "service_results": [{"album": "Speak Now", "artist": "Taylor Swift", "genre": "Country", "track": "Never Grow Up", "year": "2010"}, {"album": "Sarah", "artist": "Cairokee", "genre": "Pop", "track": "Sarah", "year": "2019"}, {"album": "Yours Truly", "artist": "Ariana Grande", "genre": "Pop", "track": "Honeymoon Avenue", "year": "2013"}, {"album": "Whip My Hair", "artist": "Willow Smith", "genre": "Pop", "track": "Whip My Hair", "year": "2010"}, {"album": "Isolation", "artist": "Kali Uchis", "genre": "Funk", "track": "Tyrant", "year": "2016"}, {"album": "Hozier", "artist": "Hozier", "genre": "Blues", "track": "Someone New", "year": "2014"}, {"album": "The End Is Where We Begin", "artist": "Thousand Foot Krutch", "genre": "Rock", "track": "Courtesy Call", "year": "2012"}, {"album": "Femme Fatale", "artist": "Britney Spears", "genre": "Pop", "track": "Criminal", "year": "2011"}, {"album": "When Legends Rise", "artist": "Godsmack", "genre": "Rock", "track": "Under Your Scars", "year": "2018"}, {"album": "Black Smoke Rising", "artist": "Greta Van Fleet", "genre": "Rock", "track": "Highway Tune", "year": "2017"}], "slots": [{"exclusive_end": 56, "slot": "track", "start": 43}, {"exclusive_end": 72, "slot": "artist", "start": 60}, {"exclusive_end": 91, "slot": "album", "start": 82}]}], "speaker": "SYSTEM", "utterance": "There are 10 songs you may like, how about Never Grow Up by Taylor Swift from her Speak Now album?"}, {"frames": [{"actions": [{"act": "REQUEST", "canonical_values": [], "slot": "year", "values": []}], "service": "Music_3", "slots": [], "state": {"active_intent": "LookupMusic", "requested_slots": ["year"], "slot_values": {}}}], "speaker": "USER", "utterance": "When did that song come out, what year specifically?"}, {"frames": [{"actions": [{"act": "INFORM", "canonical_values": ["2010"], "slot": "year", "values": ["2010"]}], "service": "Music_3", "slots": []}], "speaker": "SYSTEM", "utterance": "The song was released in the year 2010."}, {"frames": [{"actions": [{"act": "INFORM", "canonical_values": ["Rock"], "slot": "genre", "values": ["rock"]}, {"act": "REQUEST_ALTS", "canonical_values": [], "slot": "", "values": []}], "service": "Music_3", "slots": [{"exclusive_end": 50, "slot": "genre", "start": 46}], "state": {"active_intent": "LookupMusic", "requested_slots": [], "slot_values": {"genre": ["rock"]}}}], "speaker": "USER", "utterance": "Anything else you can find, I do tend to like rock songs?"}, {"frames": [{"actions": [{"act": "OFFER", "canonical_values": ["Be Somebody"], "slot": "track", "values": ["Be Somebody"]}, {"act": "OFFER", "canonical_values": ["Thousand Foot Krutch"], "slot": "artist", "values": ["Thousand Foot Krutch"]}, {"act": "OFFER", "canonical_values": ["The End Is Where We Begin"], "slot": "album", "values": ["The End is Where We Begin"]}, {"act": "INFORM_COUNT", "canonical_values": ["10"], "slot": "count", "values": ["10"]}], "service": "Music_3", "service_call": {"method": "LookupMusic", "parameters": {"genre": "Rock"}}, "service_results": [{"album": "The End Is Where We Begin", "artist": "Thousand Foot Krutch", "genre": "Rock", "track": "Be Somebody", "year": "2012"}, {"album": "We Are Not Your Kind", "artist": "Slipknot", "genre": "Rock", "track": "Birth Of The Cruel", "year": "2019"}, {"album": "The End Is Where We Begin", "artist": "Thousand Foot Krutch", "genre": "Rock", "track": "Courtesy Call", "year": "2012"}, {"album": "The Getaway", "artist": "Red Hot Chili Peppers", "genre": "Rock", "track": "Dark Necessities", "year": "2016"}, {"album": "Your Name", "artist": "Radwimps", "genre": "Rock", "track": "Dream Lantern", "year": "2016"}, {"album": "Drugs", "artist": "Falling In Reverse", "genre": "Rock", "track": "Drugs", "year": "2019"}, {"album": "Earth Angel", "artist": "The Penguins", "genre": "Rock", "track": "Earth Angel", "year": "2015"}, {"album": "Sex Rock", "artist": "Alex Angel", "genre": "Rock", "track": "Easy World", "year": "2018"}, {"album": "The Origin Of Love", "artist": "Mika", "genre": "Rock", "track": "Elle Me Dit", "year": "2011"}, {"album": "Delusions", "artist": "Silent Theory", "genre": "Rock", "track": "Fragile Minds", "year": "2016"}], "slots": [{"exclusive_end": 48, "slot": "track", "start": 37}, {"exclusive_end": 72, "slot": "artist", "start": 52}, {"exclusive_end": 110, "slot": "album", "start": 85}]}], "speaker": "SYSTEM", "utterance": "From 10 songs, may I interest you in Be Somebody by Thousand Foot Krutch, from their The End is Where We Begin album?"}, {"frames": [{"actions": [{"act": "REQUEST", "canonical_values": [], "slot": "year", "values": []}], "service": "Music_3", "slots": [], "state": {"active_intent": "LookupMusic", "requested_slots": ["year"], "slot_values": {"genre": ["rock"]}}}], "speaker": "USER", "utterance": "When did that song come out?"}, {"frames": [{"actions": [{"act": "INFORM", "canonical_values": ["2012"], "slot": "year", "values": ["2012"]}], "service": "Music_3", "slots": []}], "speaker": "SYSTEM", "utterance": "The song came out in the year 2012."}, {"frames": [{"actions": [{"act": "REQUEST_ALTS", "canonical_values": [], "slot": "", "values": []}], "service": "Music_3", "slots": [], "state": {"active_intent": "LookupMusic", "requested_slots": [], "slot_values": {"genre": ["rock"]}}}], "speaker": "USER", "utterance": "Anything else you can find?"}, {"frames": [{"actions": [{"act": "OFFER", "canonical_values": ["Birth Of The Cruel"], "slot": "track", "values": ["Birth of The Cruel"]}, {"act": "OFFER", "canonical_values": ["Slipknot"], "slot": "artist", "values": ["Slipknot"]}, {"act": "OFFER", "canonical_values": ["We Are Not Your Kind"], "slot": "album", "values": ["We Are Not Your Kind"]}], "service": "Music_3", "slots": [{"exclusive_end": 117, "slot": "track", "start": 99}, {"exclusive_end": 31, "slot": "artist", "start": 23}, {"exclusive_end": 63, "slot": "album", "start": 43}]}], "speaker": "SYSTEM", "utterance": "What about a song from Slipknot from their We Are Not Your Kind album, would you like to listen to Birth of The Cruel."}, {"frames": [{"actions": [{"act": "SELECT", "canonical_values": [], "slot": "", "values": []}], "service": "Music_3", "slots": [], "state": {"active_intent": "LookupMusic", "requested_slots": [], "slot_values": {"genre": ["rock"], "track": ["Birth of The Cruel"]}}}], "speaker": "USER", "utterance": "That song sounds perfect, thanks for finding it."}, {"frames": [{"actions": [{"act": "OFFER_INTENT", "canonical_values": ["PlayMedia"], "slot": "intent", "values": ["PlayMedia"]}], "service": "Music_3", "slots": []}], "speaker": "SYSTEM", "utterance": "Shall I begin playing the song for you?"}, {"frames": [{"actions": [{"act": "AFFIRM_INTENT", "canonical_values": [], "slot": "", "values": []}, {"act": "INFORM", "canonical_values": ["Kitchen"], "slot": "device", "values": ["Kitchen"]}], "service": "Music_3", "slots": [], "state": {"active_intent": "PlayMedia", "requested_slots": [], "slot_values": {"device": ["Kitchen"], "genre": ["rock"], "track": ["Birth of The Cruel"]}}}], "speaker": "USER", "utterance": "Of course, play the song in my kitchen."}, {"frames": [{"actions": [{"act": "CONFIRM", "canonical_values": ["Birth Of The Cruel"], "slot": "track", "values": ["Birth of The Cruel"]}, {"act": "CONFIRM", "canonical_values": ["Kitchen"], "slot": "device", "values": ["Kitchen"]}], "service": "Music_3", "slots": [{"exclusive_end": 27, "slot": "track", "start": 9}]}], "speaker": "SYSTEM", "utterance": "The song Birth of The Cruel will now play in the Kitchen."}, {"frames": [{"actions": [{"act": "REQUEST", "canonical_values": ["2015"], "slot": "year", "values": ["2015"]}, {"act": "AFFIRM", "canonical_values": [], "slot": "", "values": []}], "service": "Music_3", "slots": [], "state": {"active_intent": "PlayMedia", "requested_slots": ["year"], "slot_values": {"device": ["Kitchen"], "genre": ["rock"], "track": ["Birth of The Cruel"]}}}], "speaker": "USER", "utterance": "Great, was this song released in the year 2015?"}, {"frames": [{"actions": [{"act": "INFORM", "canonical_values": ["2019"], "slot": "year", "values": ["2019"]}, {"act": "NOTIFY_SUCCESS", "canonical_values": [], "slot": "", "values": []}], "service": "Music_3", "service_call": {"method": "PlayMedia", "parameters": {"device": "Kitchen", "track": "Birth Of The Cruel"}}, "service_results": [{"album": "We Are Not Your Kind", "artist": "Slipknot", "device": "Kitchen", "genre": "Rock", "track": "Birth Of The Cruel", "year": "2019"}], "slots": []}], "speaker": "SYSTEM", "utterance": "The song is now playing, it actually was released this year in 2019."}, {"frames": [{"actions": [{"act": "THANK_YOU", "canonical_values": [], "slot": "", "values": []}], "service": "Music_3", "slots": [], "state": {"active_intent": "PlayMedia", "requested_slots": [], "slot_values": {"device": ["Kitchen"], "genre": ["rock"], "track": ["Birth of The Cruel"]}}}], "speaker": "USER", "utterance": "Good to know, thank you so much!"}, {"frames": [{"actions": [{"act": "REQ_MORE", "canonical_values": [], "slot": "", "values": []}], "service": "Music_3", "slots": []}], "speaker": "SYSTEM", "utterance": "Anything else that I can help you with for today?"}, {"frames": [{"actions": [{"act": "NEGATE", "canonical_values": [], "slot": "", "values": []}, {"act": "THANK_YOU", "canonical_values": [], "slot": "", "values": []}], "service": "Music_3", "slots": [], "state": {"active_intent": "NONE", "requested_slots": [], "slot_values": {"device": ["Kitchen"], "genre": ["rock"], "track": ["Birth of The Cruel"]}}}], "speaker": "USER", "utterance": "That is all I needed for today, many thanks for the help!"}, {"frames": [{"actions": [{"act": "GOODBYE", "canonical_values": [], "slot": "", "values": []}], "service": "Music_3", "slots": []}], "speaker": "SYSTEM", "utterance": "Your welcome, have a good day."}]}, {"dialogue_id": "21_00003", "services": ["RideSharing_2", "Music_3"], "turns": [{"frames": [{"actions": [{"act": "INFORM_INTENT", "canonical_values": ["GetRide"], "slot": "intent", "values": ["GetRide"]}], "service": "RideSharing_2", "slots": [], "state": {"active_intent": "GetRide", "requested_slots": [], "slot_values": {}}}], "speaker": "USER", "utterance": "Can you quickly fetch me a cab please?"}, {"frames": [{"actions": [{"act": "REQUEST", "canonical_values": [], "slot": "number_of_seats", "values": []}], "service": "RideSharing_2", "slots": []}], "speaker": "SYSTEM", "utterance": "What number of seats do you want?"}, {"frames": [{"actions": [{"act": "INFORM", "canonical_values": ["1"], "slot": "number_of_seats", "values": ["1"]}], "service": "RideSharing_2", "slots": [], "state": {"active_intent": "GetRide", "requested_slots": [], "slot_values": {"number_of_seats": ["1"]}}}], "speaker": "USER", "utterance": "I will need only 1 seat."}, {"frames": [{"actions": [{"act": "REQUEST", "canonical_values": [], "slot": "destination", "values": []}], "service": "RideSharing_2", "slots": []}], "speaker": "SYSTEM", "utterance": "What place are you visiting?"}, {"frames": [{"actions": [{"act": "INFORM", "canonical_values": ["100 Park Boulevard"], "slot": "destination", "values": ["100 Park Boulevard"]}], "service": "RideSharing_2", "slots": [{"exclusive_end": 34, "slot": "destination", "start": 16}], "state": {"active_intent": "GetRide", "requested_slots": [], "slot_values": {"destination": ["100 Park Boulevard"], "number_of_seats": ["1"]}}}], "speaker": "USER", "utterance": "I want to go to 100 Park Boulevard."}, {"frames": [{"actions": [{"act": "REQUEST", "canonical_values": [], "slot": "ride_type", "values": []}], "service": "RideSharing_2", "slots": []}], "speaker": "SYSTEM", "utterance": "Is there a particular type of ride you like?"}, {"frames": [{"actions": [{"act": "INFORM", "canonical_values": ["Regular"], "slot": "ride_type", "values": ["Regular"]}], "service": "RideSharing_2", "slots": [], "state": {"active_intent": "GetRide", "requested_slots": [], "slot_values": {"destination": ["100 Park Boulevard"], "number_of_seats": ["1"], "ride_type": ["Regular"]}}}], "speaker": "USER", "utterance": "I want a Regular ride."}, {"frames": [{"actions": [{"act": "CONFIRM", "canonical_values": ["100 Park Boulevard"], "slot": "destination", "values": ["100 Park Boulevard"]}, {"act": "CONFIRM", "canonical_values": ["1"], "slot": "number_of_seats", "values": ["1"]}, {"act": "CONFIRM", "canonical_values": ["Regular"], "slot": "ride_type", "values": ["Regular"]}], "service": "RideSharing_2", "slots": [{"exclusive_end": 68, "slot": "destination", "start": 50}]}], "speaker": "SYSTEM", "utterance": "So confirm that you want a 1 seat Regular ride to 100 Park Boulevard?"}, {"frames": [{"actions": [{"act": "REQUEST", "canonical_values": [], "slot": "ride_fare", "values": []}, {"act": "AFFIRM", "canonical_values": [], "slot": "", "values": []}], "service": "RideSharing_2", "slots": [], "state": {"active_intent": "GetRide", "requested_slots": ["ride_fare"], "slot_values": {"destination": ["100 Park Boulevard"], "number_of_seats": ["1"], "ride_type": ["Regular"]}}}], "speaker": "USER", "utterance": "Yeah that will do. What will I be charged?"}, {"frames": [{"actions": [{"act": "INFORM", "canonical_values": ["11.00"], "slot": "ride_fare", "values": ["$11.00"]}, {"act": "NOTIFY_SUCCESS", "canonical_values": [], "slot": "", "values": []}], "service": "RideSharing_2", "service_call": {"method": "GetRide", "parameters": {"destination": "100 Park Boulevard", "number_of_seats": "1", "ride_type": "Regular"}}, "service_results": [{"destination": "100 Park Boulevard", "number_of_seats": "1", "ride_fare": "11.00", "ride_type": "Regular", "wait_time": "7"}], "slots": [{"exclusive_end": 80, "slot": "ride_fare", "start": 74}]}], "speaker": "SYSTEM", "utterance": "I have reserved the ride and the cab is on the way and it will be charged $11.00."}, {"frames": [{"actions": [{"act": "INFORM_INTENT", "canonical_values": ["LookupMusic"], "slot": "intent", "values": ["LookupMusic"]}], "service": "Music_3", "slots": [], "state": {"active_intent": "LookupMusic", "requested_slots": [], "slot_values": {}}}], "speaker": "USER", "utterance": "Can you find me some songs now?"}, {"frames": [{"actions": [{"act": "OFFER", "canonical_values": ["The Muzik"], "slot": "track", "values": ["The Muzik"]}, {"act": "OFFER", "canonical_values": ["Luis Alvarado"], "slot": "artist", "values": ["Luis Alvarado"]}, {"act": "OFFER", "canonical_values": ["I Feel The Muzik"], "slot": "album", "values": ["I Feel The Muzik"]}, {"act": "INFORM_COUNT", "canonical_values": ["10"], "slot": "count", "values": ["10"]}], "service": "Music_3", "service_call": {"method": "LookupMusic", "parameters": {}}, "service_results": [{"album": "I Feel The Muzik", "artist": "Luis Alvarado", "genre": "House", "track": "The Muzik", "year": "2011"}, {"album": "This Is Acting", "artist": "Sia", "genre": "Pop", "track": "Unstoppable", "year": "2016"}, {"album": "Inviolable", "artist": "Popcaan", "genre": "Reggae", "track": "Inviolable", "year": "2018"}, {"album": "This Is Acting", "artist": "Sia", "genre": "Pop", "track": "Move Your Body", "year": "2016"}, {"album": "Rockefeller Street", "artist": "Getter Jaani", "genre": "Pop", "track": "Rockefeller Street", "year": "2011"}, {"album": "Pass The Jar", "artist": "Zac Brown Band", "genre": "Country", "track": "Colder Weather", "year": "2010"}, {"album": "Sing To Me Instead", "artist": "Ben Platt", "genre": "Pop", "track": "Grow As We Go", "year": "2019"}, {"album": "Blood", "artist": "In This Moment", "genre": "Metalcore", "track": "Adrenalize", "year": "2012"}, {"album": "No Roots", "artist": "Alice Merton", "genre": "Pop", "track": "No Roots", "year": "2016"}, {"album": "I Choose You", "artist": "Ryann Darling", "genre": "Pop", "track": "I Choose You", "year": "2016"}], "slots": [{"exclusive_end": 51, "slot": "track", "start": 42}, {"exclusive_end": 68, "slot": "artist", "start": 55}, {"exclusive_end": 102, "slot": "album", "start": 86}]}], "speaker": "SYSTEM", "utterance": "I can recommend you 10 songs. Do you like The Muzik by Luis Alvarado that is from the I Feel The Muzik album?"}, {"frames": [{"actions": [{"act": "SELECT", "canonical_values": [], "slot": "", "values": []}], "service": "Music_3", "slots": [], "state": {"active_intent": "LookupMusic", "requested_slots": [], "slot_values": {"track": ["The Muzik"]}}}], "speaker": "USER", "utterance": "Yeah I like it."}, {"frames": [{"actions": [{"act": "OFFER_INTENT", "canonical_values": ["PlayMedia"], "slot": "intent", "values": ["PlayMedia"]}], "service": "Music_3", "slots": []}], "speaker": "SYSTEM", "utterance": "Shall I play this song?"}, {"frames": [{"actions": [{"act": "AFFIRM_INTENT", "canonical_values": [], "slot": "", "values": []}, {"act": "INFORM", "canonical_values": ["Kitchen"], "slot": "device", "values": ["Kitchen"]}], "service": "Music_3", "slots": [], "state": {"active_intent": "PlayMedia", "requested_slots": [], "slot_values": {"device": ["Kitchen"], "track": ["The Muzik"]}}}], "speaker": "USER", "utterance": "Cool. Play it on kitchen."}, {"frames": [{"actions": [{"act": "CONFIRM", "canonical_values": ["The Muzik"], "slot": "track", "values": ["The Muzik"]}, {"act": "CONFIRM", "canonical_values": ["Kitchen"], "slot": "device", "values": ["Kitchen"]}], "service": "Music_3", "slots": [{"exclusive_end": 42, "slot": "track", "start": 33}]}], "speaker": "SYSTEM", "utterance": "So can you confirm that you want The Muzik played in Kitchen?"}, {"frames": [{"actions": [{"act": "REQUEST", "canonical_values": ["2015"], "slot": "year", "values": ["2015"]}, {"act": "AFFIRM", "canonical_values": [], "slot": "", "values": []}], "service": "Music_3", "slots": [], "state": {"active_intent": "PlayMedia", "requested_slots": ["year"], "slot_values": {"device": ["Kitchen"], "track": ["The Muzik"]}}}], "speaker": "USER", "utterance": "Yeah that is right. Was it four years back that it was released?"}, {"frames": [{"actions": [{"act": "INFORM", "canonical_values": ["2011"], "slot": "year", "values": ["2011"]}, {"act": "NOTIFY_SUCCESS", "canonical_values": [], "slot": "", "values": []}], "service": "Music_3", "service_call": {"method": "PlayMedia", "parameters": {"device": "Kitchen", "track": "The Muzik"}}, "service_results": [{"album": "I Feel The Muzik", "artist": "Luis Alvarado", "device": "Kitchen", "genre": "House", "track": "The Muzik", "year": "2011"}], "slots": []}], "speaker": "SYSTEM", "utterance": "I hope you like the music and the year was 2011 when it came out."}, {"frames": [{"actions": [{"act": "REQUEST", "canonical_values": [], "slot": "genre", "values": []}], "service": "Music_3", "slots": [], "state": {"active_intent": "PlayMedia", "requested_slots": ["genre"], "slot_values": {"device": ["Kitchen"], "track": ["The Muzik"]}}}], "speaker": "USER", "utterance": "What is the genre of music?"}, {"frames": [{"actions": [{"act": "INFORM", "canonical_values": ["House"], "slot": "genre", "values": ["House"]}], "service": "Music_3", "slots": [{"exclusive_end": 20, "slot": "genre", "start": 15}]}], "speaker": "SYSTEM", "utterance": "The song is of House genre."}, {"frames": [{"actions": [{"act": "THANK_YOU", "canonical_values": [], "slot": "", "values": []}], "service": "Music_3", "slots": [], "state": {"active_intent": "PlayMedia", "requested_slots": [], "slot_values": {"device": ["Kitchen"], "track": ["The Muzik"]}}}], "speaker": "USER", "utterance": "Thanks a lot!"}, {"frames": [{"actions": [{"act": "REQ_MORE", "canonical_values": [], "slot": "", "values": []}], "service": "Music_3", "slots": []}], "speaker": "SYSTEM", "utterance": "Shall I get you something else?"}, {"frames": [{"actions": [{"act": "NEGATE", "canonical_values": [], "slot": "", "values": []}, {"act": "THANK_YOU", "canonical_values": [], "slot": "", "values": []}], "service": "Music_3", "slots": [], "state": {"active_intent": "NONE", "requested_slots": [], "slot_values": {"device": ["Kitchen"], "track": ["The Muzik"]}}}], "speaker": "USER", "utterance": "Nope, thanks a lot."}, {"frames": [{"actions": [{"act": "GOODBYE", "canonical_values": [], "slot": "", "values": []}], "service": "Music_3", "slots": []}], "speaker": "SYSTEM", "utterance": "Have a wonderful day!"}]}, {"dialogue_id": "21_00004", "services": ["RideSharing_2", "Music_3"], "turns": [{"frames": [{"actions": [{"act": "INFORM", "canonical_values": ["3236 Grand Avenue"], "slot": "destination", "values": ["3236 Grand Avenue"]}, {"act": "INFORM", "canonical_values": ["Luxury"], "slot": "ride_type", "values": ["Luxury"]}, {"act": "INFORM_INTENT", "canonical_values": ["GetRide"], "slot": "intent", "values": ["GetRide"]}], "service": "RideSharing_2", "slots": [{"exclusive_end": 142, "slot": "destination", "start": 125}], "state": {"active_intent": "GetRide", "requested_slots": [], "slot_values": {"destination": ["3236 Grand Avenue"], "ride_type": ["Luxury"]}}}], "speaker": "USER", "utterance": "I need to catch a cab, but the information I'm getting is a bit sketchy right now. So far, the address where I need to go is 3236 Grand Avenue, and the most comfortable mode of travel would be appreciated. Can you start working through this with me?"}, {"frames": [{"actions": [{"act": "REQUEST", "canonical_values": [], "slot": "number_of_seats", "values": []}], "service": "RideSharing_2", "slots": []}], "speaker": "SYSTEM", "utterance": "Certainly. Do you know the number of passengers for the cab ride?"}, {"frames": [{"actions": [{"act": "INFORM", "canonical_values": ["2"], "slot": "number_of_seats", "values": ["2"]}], "service": "RideSharing_2", "slots": [], "state": {"active_intent": "GetRide", "requested_slots": [], "slot_values": {"destination": ["3236 Grand Avenue"], "number_of_seats": ["2"], "ride_type": ["Luxury"]}}}], "speaker": "USER", "utterance": "There would be two passengers."}, {"frames": [{"actions": [{"act": "CONFIRM", "canonical_values": ["3236 Grand Avenue"], "slot": "destination", "values": ["3236 Grand Avenue"]}, {"act": "CONFIRM", "canonical_values": ["2"], "slot": "number_of_seats", "values": ["2"]}, {"act": "CONFIRM", "canonical_values": ["Luxury"], "slot": "ride_type", "values": ["Luxury"]}], "service": "RideSharing_2", "slots": [{"exclusive_end": 99, "slot": "destination", "start": 82}]}], "speaker": "SYSTEM", "utterance": "All right. Would you like to confirm a luxury cab ride for 2 passengers, going to 3236 Grand Avenue?"}, {"frames": [{"actions": [{"act": "INFORM", "canonical_values": ["Cascades Apartments"], "slot": "destination", "values": ["Cascades Apartments"]}, {"act": "INFORM", "canonical_values": ["Regular"], "slot": "ride_type", "values": ["Regular"]}, {"act": "NEGATE", "canonical_values": [], "slot": "", "values": []}], "service": "RideSharing_2", "slots": [{"exclusive_end": 98, "slot": "destination", "start": 79}], "state": {"active_intent": "GetRide", "requested_slots": [], "slot_values": {"destination": ["Cascades Apartments"], "number_of_seats": ["2"], "ride_type": ["Regular"]}}}], "speaker": "USER", "utterance": "Oh, sorry, a different destination has come up. Please make that a trip to the Cascades Apartments with Normal seating."}, {"frames": [{"actions": [{"act": "CONFIRM", "canonical_values": ["Cascades Apartments"], "slot": "destination", "values": ["Cascades Apartments"]}, {"act": "CONFIRM", "canonical_values": ["Regular"], "slot": "ride_type", "values": ["Regular"]}], "service": "RideSharing_2", "slots": [{"exclusive_end": 91, "slot": "destination", "start": 72}]}], "speaker": "SYSTEM", "utterance": "The change is noted. Are you ready to confirm a regular cab ride to the Cascades Apartments?"}, {"frames": [{"actions": [{"act": "INFORM", "canonical_values": ["1"], "slot": "number_of_seats", "values": ["1"]}, {"act": "NEGATE", "canonical_values": [], "slot": "", "values": []}], "service": "RideSharing_2", "slots": [], "state": {"active_intent": "GetRide", "requested_slots": [], "slot_values": {"destination": ["Cascades Apartments"], "number_of_seats": ["1"], "ride_type": ["Regular"]}}}], "speaker": "USER", "utterance": "Oh, and change the number of passengers to one, please."}, {"frames": [{"actions": [{"act": "CONFIRM", "canonical_values": ["Cascades Apartments"], "slot": "destination", "values": ["Cascades Apartments"]}, {"act": "CONFIRM", "canonical_values": ["1"], "slot": "number_of_seats", "values": ["1"]}], "service": "RideSharing_2", "slots": [{"exclusive_end": 86, "slot": "destination", "start": 67}]}], "speaker": "SYSTEM", "utterance": "Will do. I can confirm your cab ride for 1 passenger, going to the Cascades Apartments, if you like."}, {"frames": [{"actions": [{"act": "REQUEST", "canonical_values": [], "slot": "wait_time", "values": []}, {"act": "AFFIRM", "canonical_values": [], "slot": "", "values": []}], "service": "RideSharing_2", "slots": [], "state": {"active_intent": "GetRide", "requested_slots": ["wait_time"], "slot_values": {"destination": ["Cascades Apartments"], "number_of_seats": ["1"], "ride_type": ["Regular"]}}}], "speaker": "USER", "utterance": "Yep, you've got it right. Let's confirm that."}, {"frames": [{"actions": [{"act": "INFORM", "canonical_values": ["5"], "slot": "wait_time", "values": ["5"]}, {"act": "NOTIFY_SUCCESS", "canonical_values": [], "slot": "", "values": []}], "service": "RideSharing_2", "service_call": {"method": "GetRide", "parameters": {"destination": "Cascades Apartments", "number_of_seats": "1", "ride_type": "Regular"}}, "service_results": [{"destination": "Cascades Apartments", "number_of_seats": "1", "ride_fare": "22.83", "ride_type": "Regular", "wait_time": "5"}], "slots": [{"exclusive_end": 69, "slot": "wait_time", "start": 68}]}], "speaker": "SYSTEM", "utterance": "Your cab ride is confirmed and is scheduled to pick you up in about 5 minutes."}, {"frames": [{"actions": [{"act": "REQUEST", "canonical_values": [], "slot": "ride_fare", "values": []}], "service": "RideSharing_2", "slots": [], "state": {"active_intent": "GetRide", "requested_slots": ["ride_fare"], "slot_values": {"destination": ["Cascades Apartments"], "number_of_seats": ["1"], "ride_type": ["Regular"]}}}], "speaker": "USER", "utterance": "Great. What's the ride going to cost me?"}, {"frames": [{"actions": [{"act": "INFORM", "canonical_values": ["22.83"], "slot": "ride_fare", "values": ["$22.83"]}], "service": "RideSharing_2", "slots": [{"exclusive_end": 33, "slot": "ride_fare", "start": 27}]}], "speaker": "SYSTEM", "utterance": "The total for your trip is $22.83."}, {"frames": [{"actions": [{"act": "INFORM", "canonical_values": ["Pop"], "slot": "genre", "values": ["Popular"]}, {"act": "INFORM", "canonical_values": ["Happiness Begins"], "slot": "album", "values": ["Happiness Begins"]}, {"act": "INFORM_INTENT", "canonical_values": ["LookupMusic"], "slot": "intent", "values": ["LookupMusic"]}], "service": "Music_3", "slots": [{"exclusive_end": 102, "slot": "genre", "start": 95}, {"exclusive_end": 179, "slot": "album", "start": 163}], "state": {"active_intent": "LookupMusic", "requested_slots": [], "slot_values": {"album": ["Happiness Begins"], "genre": ["Popular"]}}}, {"actions": [{"act": "THANK_YOU", "canonical_values": [], "slot": "", "values": []}], "service": "RideSharing_2", "slots": [], "state": {"active_intent": "GetRide", "requested_slots": [], "slot_values": {"destination": ["Cascades Apartments"], "number_of_seats": ["1"], "ride_type": ["Regular"]}}}], "speaker": "USER", "utterance": "Good deal. Really appreciate that. I could listen to some cool music to soothe my nerves. What Popular songs would you suggest, maybe something from the fantastic Happiness Begins album?"}, {"frames": [{"actions": [{"act": "OFFER", "canonical_values": ["Cool"], "slot": "track", "values": ["Cool"]}, {"act": "OFFER", "canonical_values": ["Jonas Brothers"], "slot": "artist", "values": ["Jonas Brothers"]}, {"act": "OFFER", "canonical_values": ["Happiness Begins"], "slot": "album", "values": ["Happiness Begins"]}, {"act": "INFORM_COUNT", "canonical_values": ["3"], "slot": "count", "values": ["3"]}], "service": "Music_3", "service_call": {"method": "LookupMusic", "parameters": {"album": "Happiness Begins", "genre": "Pop"}}, "service_results": [{"album": "Happiness Begins", "artist": "Jonas Brothers", "genre": "Pop", "track": "Cool", "year": "2019"}, {"album": "Happiness Begins", "artist": "Jonas Brothers", "genre": "Pop", "track": "Only Human", "year": "2019"}, {"album": "Happiness Begins", "artist": "Jonas Brothers", "genre": "Pop", "track": "Sucker", "year": "2019"}], "slots": [{"exclusive_end": 113, "slot": "track", "start": 109}, {"exclusive_end": 135, "slot": "artist", "start": 121}, {"exclusive_end": 69, "slot": "album", "start": 53}]}], "speaker": "SYSTEM", "utterance": "I'm showing 3 songs that might interest you from the Happiness Begins album. Would you like to hear the song Cool by the Jonas Brothers?"}, {"frames": [{"actions": [{"act": "INFORM_INTENT", "canonical_values": ["PlayMedia"], "slot": "intent", "values": ["PlayMedia"]}, {"act": "SELECT", "canonical_values": [], "slot": "", "values": []}], "service": "Music_3", "slots": [], "state": {"active_intent": "PlayMedia", "requested_slots": [], "slot_values": {"album": ["Happiness Begins"], "genre": ["Popular"], "track": ["Cool"]}}}], "speaker": "USER", "utterance": "That's a perfect choice. Play it now, please."}, {"frames": [{"actions": [{"act": "CONFIRM", "canonical_values": ["Cool"], "slot": "track", "values": ["Cool"]}, {"act": "CONFIRM", "canonical_values": ["Living room"], "slot": "device", "values": ["Living room"]}], "service": "Music_3", "slots": [{"exclusive_end": 61, "slot": "track", "start": 57}]}], "speaker": "SYSTEM", "utterance": "All right. Please confirm that you want to play the song Cool in the Living room?"}, {"frames": [{"actions": [{"act": "INFORM", "canonical_values": ["Patio"], "slot": "device", "values": ["Patio"]}, {"act": "NEGATE", "canonical_values": [], "slot": "", "values": []}], "service": "Music_3", "slots": [], "state": {"active_intent": "PlayMedia", "requested_slots": [], "slot_values": {"album": ["Happiness Begins"], "device": ["Patio"], "genre": ["Popular"], "track": ["Cool"]}}}], "speaker": "USER", "utterance": "Um, please play it on the patio device."}, {"frames": [{"actions": [{"act": "CONFIRM", "canonical_values": ["Cool"], "slot": "track", "values": ["Cool"]}, {"act": "CONFIRM", "canonical_values": ["Patio"], "slot": "device", "values": ["Patio"]}], "service": "Music_3", "slots": [{"exclusive_end": 40, "slot": "track", "start": 36}]}], "speaker": "SYSTEM", "utterance": "Got it. Please verify that the song Cool will play on the Patio."}, {"frames": [{"actions": [{"act": "AFFIRM", "canonical_values": [], "slot": "", "values": []}], "service": "Music_3", "slots": [], "state": {"active_intent": "PlayMedia", "requested_slots": [], "slot_values": {"album": ["Happiness Begins"], "device": ["Patio"], "genre": ["Popular"], "track": ["Cool"]}}}], "speaker": "USER", "utterance": "Yep, giving you the go-ahead."}, {"frames": [{"actions": [{"act": "NOTIFY_SUCCESS", "canonical_values": [], "slot": "", "values": []}], "service": "Music_3", "service_call": {"method": "PlayMedia", "parameters": {"album": "Happiness Begins", "device": "Patio", "track": "Cool"}}, "service_results": [{"album": "Happiness Begins", "artist": "Jonas Brothers", "device": "Patio", "genre": "Pop", "track": "Cool", "year": "2019"}], "slots": []}], "speaker": "SYSTEM", "utterance": "The song will play now. Enjoy."}, {"frames": [{"actions": [{"act": "THANK_YOU", "canonical_values": [], "slot": "", "values": []}], "service": "Music_3", "slots": [], "state": {"active_intent": "PlayMedia", "requested_slots": [], "slot_values": {"album": ["Happiness Begins"], "device": ["Patio"], "genre": ["Popular"], "track": ["Cool"]}}}], "speaker": "USER", "utterance": "Super. You have my gratitude."}, {"frames": [{"actions": [{"act": "REQ_MORE", "canonical_values": [], "slot": "", "values": []}], "service": "Music_3", "slots": []}], "speaker": "SYSTEM", "utterance": "Would you like further assistance?"}, {"frames": [{"actions": [{"act": "NEGATE", "canonical_values": [], "slot": "", "values": []}, {"act": "THANK_YOU", "canonical_values": [], "slot": "", "values": []}], "service": "Music_3", "slots": [], "state": {"active_intent": "NONE", "requested_slots": [], "slot_values": {"album": ["Happiness Begins"], "device": ["Patio"], "genre": ["Popular"], "track": ["Cool"]}}}], "speaker": "USER", "utterance": "Nope, that's it for now. Thanks so much."}, {"frames": [{"actions": [{"act": "GOODBYE", "canonical_values": [], "slot": "", "values": []}], "service": "Music_3", "slots": []}], "speaker": "SYSTEM", "utterance": "Sure thing. Enjoy the rest of your day."}]}]