[{"dialogue_id": "17_00000", "services": ["Weather_1", "Music_1"], "turns": [{"frames": [{"actions": [{"act": "INFORM_INTENT", "canonical_values": ["GetWeather"], "slot": "intent", "values": ["GetWeather"]}], "service": "Weather_1", "slots": [], "state": {"active_intent": "GetWeather", "requested_slots": [], "slot_values": {}}}], "speaker": "USER", "utterance": "I want to find out what the weather is."}, {"frames": [{"actions": [{"act": "REQUEST", "canonical_values": [], "slot": "city", "values": []}], "service": "Weather_1", "slots": []}], "speaker": "SYSTEM", "utterance": "What city are you interested in finding out the weather for?"}, {"frames": [{"actions": [{"act": "INFORM", "canonical_values": ["San Leandro"], "slot": "city", "values": ["San Leandro"]}], "service": "Weather_1", "slots": [{"exclusive_end": 33, "slot": "city", "start": 22}], "state": {"active_intent": "GetWeather", "requested_slots": [], "slot_values": {"city": ["San Leandro"]}}}], "speaker": "USER", "utterance": "I want to find it for San Leandro."}, {"frames": [{"actions": [{"act": "OFFER", "canonical_values": ["83"], "slot": "temperature", "values": ["83"]}, {"act": "OFFER", "canonical_values": ["1"], "slot": "precipitation", "values": ["1"]}], "service": "Weather_1", "service_call": {"method": "GetWeather", "parameters": {"city": "San Leandro"}}, "service_results": [{"city": "San Leandro", "date": "2019-03-01", "humidity": "16", "precipitation": "1", "temperature": "83", "wind": "1"}], "slots": [{"exclusive_end": 48, "slot": "temperature", "start": 46}, {"exclusive_end": 86, "slot": "precipitation", "start": 85}]}], "speaker": "SYSTEM", "utterance": "The average temperature for the day should be 83 degrees Fahrenheit. There is also a 1 percent chance of rain."}, {"frames": [{"actions": [{"act": "SELECT", "canonical_values": [], "slot": "", "values": []}], "service": "Weather_1", "slots": [], "state": {"active_intent": "GetWeather", "requested_slots": [], "slot_values": {"city": ["San Leandro"]}}}, {"actions": [{"act": "INFORM_INTENT", "canonical_values": ["LookupSong"], "slot": "intent", "values": ["LookupSong"]}], "service": "Music_1", "slots": [], "state": {"active_intent": "LookupSong", "requested_slots": [], "slot_values": {}}}], "speaker": "USER", "utterance": "Okay, that is fine. I would like to find songs now."}, {"frames": [{"actions": [{"act": "OFFER", "canonical_values": ["Sangria"], "slot": "song_name", "values": ["Sangria"]}, {"act": "OFFER", "canonical_values": ["Blake Shelton"], "slot": "artist", "values": ["Blake Shelton"]}, {"act": "OFFER", "canonical_values": ["Bringing Back The Sunshine"], "slot": "album", "values": ["Bringing Back the Sunshine"]}], "service": "Music_1", "service_call": {"method": "LookupSong", "parameters": {}}, "service_results": [{"album": "Bringing Back The Sunshine", "artist": "Blake Shelton", "genre": "Country", "song_name": "Sangria", "year": "2014"}, {"album": "For You", "artist": "Selena Gomez", "genre": "Pop", "song_name": "The Heart Wants What It Wants", "year": "2014"}, {"album": "Spectrum", "artist": "Westlife", "genre": "Pop", "song_name": "Better Man", "year": "2019"}, {"album": "Title", "artist": "Meghan Trainor", "genre": "Pop", "song_name": "All About That Bass", "year": "2012"}, {"album": "Prequelle", "artist": "Ghost", "genre": "Metal", "song_name": "Rats", "year": "2018"}, {"album": "Holo", "artist": "Limbo", "genre": "Pop", "song_name": "Airplane Mode", "year": "2017"}, {"album": "Meliora", "artist": "Ghost", "genre": "Rock", "song_name": "He Is", "year": "2015"}, {"album": "Vessel", "artist": "Twenty One Pilots", "genre": "Pop", "song_name": "Fake You Out", "year": "2012"}, {"album": "Kuntry", "artist": "Jawga Boyz", "genre": "Country", "song_name": "Ridin High", "year": "2011"}, {"album": "Dance Again", "artist": "Jennifer Lopez", "genre": "Pop", "song_name": "Dance Again", "year": "2012"}], "slots": [{"exclusive_end": 38, "slot": "song_name", "start": 31}, {"exclusive_end": 55, "slot": "artist", "start": 42}, {"exclusive_end": 104, "slot": "album", "start": 78}]}], "speaker": "SYSTEM", "utterance": "How do you feel about the song Sangria by Blake Shelton that is off the album Bringing Back the Sunshine?"}, {"frames": [{"actions": [{"act": "REQUEST", "canonical_values": [], "slot": "genre", "values": []}], "service": "Music_1", "slots": [], "state": {"active_intent": "LookupSong", "requested_slots": ["genre"], "slot_values": {}}}], "speaker": "USER", "utterance": "What type of music is that?"}, {"frames": [{"actions": [{"act": "INFORM", "canonical_values": ["Country"], "slot": "genre", "values": ["country"]}], "service": "Music_1", "slots": [{"exclusive_end": 17, "slot": "genre", "start": 10}]}], "speaker": "SYSTEM", "utterance": "This is a country song."}, {"frames": [{"actions": [{"act": "INFORM", "canonical_values": ["Sing To Me Instead"], "slot": "album", "values": ["Sing To Me Instead"]}, {"act": "REQUEST_ALTS", "canonical_values": [], "slot": "", "values": []}], "service": "Music_1", "slots": [{"exclusive_end": 52, "slot": "album", "start": 34}], "state": {"active_intent": "LookupSong", "requested_slots": [], "slot_values": {"album": ["Sing To Me Instead"]}}}], "speaker": "USER", "utterance": "What else can you find? The album Sing To Me Instead has a number of good songs on it."}, {"frames": [{"actions": [{"act": "OFFER", "canonical_values": ["Bad Habit"], "slot": "song_name", "values": ["Bad Habit"]}, {"act": "OFFER", "canonical_values": ["Ben Platt"], "slot": "artist", "values": ["Ben Platt"]}, {"act": "OFFER", "canonical_values": ["Sing To Me Instead"], "slot": "album", "values": ["Sing To Me Instead"]}], "service": "Music_1", "service_call": {"method": "LookupSong", "parameters": {"album": "Sing To Me Instead"}}, "service_results": [{"album": "Sing To Me Instead", "artist": "Ben Platt", "genre": "Pop", "song_name": "Bad Habit", "year": "2019"}, {"album": "Sing To Me Instead", "artist": "Ben Platt", "genre": "Pop", "song_name": "Ease My Mind", "year": "2019"}, {"album": "Sing To Me Instead", "artist": "Ben Platt", "genre": "Pop", "song_name": "Grow As We Go", "year": "2019"}, {"album": "Sing To Me Instead", "artist": "Ben Platt", "genre": "Pop", "song_name": "Temporary Love", "year": "2019"}], "slots": [{"exclusive_end": 57, "slot": "song_name", "start": 48}, {"exclusive_end": 35, "slot": "artist", "start": 26}, {"exclusive_end": 90, "slot": "album", "start": 72}]}], "speaker": "SYSTEM", "utterance": "How do you feel about the Ben Platt song called Bad Habit off the album Sing To Me Instead?"}, {"frames": [{"actions": [{"act": "SELECT", "canonical_values": [], "slot": "", "values": []}], "service": "Music_1", "slots": [], "state": {"active_intent": "LookupSong", "requested_slots": [], "slot_values": {"album": ["Sing To Me Instead"], "song_name": ["Bad Habit"]}}}], "speaker": "USER", "utterance": "Yes, that is a good one."}, {"frames": [{"actions": [{"act": "OFFER_INTENT", "canonical_values": ["PlaySong"], "slot": "intent", "values": ["PlaySong"]}], "service": "Music_1", "slots": []}], "speaker": "SYSTEM", "utterance": "Do you want the song to be played?"}, {"frames": [{"actions": [{"act": "AFFIRM_INTENT", "canonical_values": [], "slot": "", "values": []}, {"act": "INFORM", "canonical_values": ["Kitchen speaker"], "slot": "playback_device", "values": ["Kitchen speaker"]}], "service": "Music_1", "slots": [], "state": {"active_intent": "PlaySong", "requested_slots": [], "slot_values": {"album": ["Sing To Me Instead"], "playback_device": ["Kitchen speaker"], "song_name": ["Bad Habit"]}}}], "speaker": "USER", "utterance": "Yes, cast it to my kitchen speaker."}, {"frames": [{"actions": [{"act": "CONFIRM", "canonical_values": ["Bad Habit"], "slot": "song_name", "values": ["Bad Habit"]}, {"act": "CONFIRM", "canonical_values": ["Kitchen speaker"], "slot": "playback_device", "values": ["Kitchen speaker"]}], "service": "Music_1", "slots": [{"exclusive_end": 53, "slot": "song_name", "start": 44}]}], "speaker": "SYSTEM", "utterance": "Confirm these details for me: play the song Bad Habit on the kitchen speaker."}, {"frames": [{"actions": [{"act": "AFFIRM", "canonical_values": [], "slot": "", "values": []}], "service": "Music_1", "slots": [], "state": {"active_intent": "PlaySong", "requested_slots": [], "slot_values": {"album": ["Sing To Me Instead"], "playback_device": ["Kitchen speaker"], "song_name": ["Bad Habit"]}}}], "speaker": "USER", "utterance": "Yes that is what I want."}, {"frames": [{"actions": [{"act": "NOTIFY_SUCCESS", "canonical_values": [], "slot": "", "values": []}], "service": "Music_1", "service_call": {"method": "PlaySong", "parameters": {"playback_device": "Kitchen speaker", "song_name": "Bad Habit"}}, "service_results": [{"album": "Sing To Me Instead", "artist": "Ben Platt", "genre": "Pop", "playback_device": "Kitchen speaker", "song_name": "Bad Habit", "year": "2019"}], "slots": []}], "speaker": "SYSTEM", "utterance": "I hope you enjoy the music."}, {"frames": [{"actions": [{"act": "REQUEST", "canonical_values": [], "slot": "year", "values": []}], "service": "Music_1", "slots": [], "state": {"active_intent": "PlaySong", "requested_slots": ["year"], "slot_values": {"album": ["Sing To Me Instead"], "playback_device": ["Kitchen speaker"], "song_name": ["Bad Habit"]}}}], "speaker": "USER", "utterance": "What year was this song released?"}, {"frames": [{"actions": [{"act": "INFORM", "canonical_values": ["2019"], "slot": "year", "values": ["2019"]}], "service": "Music_1", "slots": []}], "speaker": "SYSTEM", "utterance": "It came out in the year 2019."}, {"frames": [{"actions": [{"act": "REQUEST", "canonical_values": [], "slot": "genre", "values": []}], "service": "Music_1", "slots": [], "state": {"active_intent": "PlaySong", "requested_slots": ["genre"], "slot_values": {"album": ["Sing To Me Instead"], "playback_device": ["Kitchen speaker"], "song_name": ["Bad Habit"]}}}], "speaker": "USER", "utterance": "What type of music is this?"}, {"frames": [{"actions": [{"act": "INFORM", "canonical_values": ["Pop"], "slot": "genre", "values": ["pop"]}], "service": "Music_1", "slots": [{"exclusive_end": 13, "slot": "genre", "start": 10}]}], "speaker": "SYSTEM", "utterance": "This is a pop song."}, {"frames": [{"actions": [{"act": "THANK_YOU", "canonical_values": [], "slot": "", "values": []}], "service": "Music_1", "slots": [], "state": {"active_intent": "PlaySong", "requested_slots": [], "slot_values": {"album": ["Sing To Me Instead"], "playback_device": ["Kitchen speaker"], "song_name": ["Bad Habit"]}}}], "speaker": "USER", "utterance": "Thanks very much!"}, {"frames": [{"actions": [{"act": "REQ_MORE", "canonical_values": [], "slot": "", "values": []}], "service": "Music_1", "slots": []}], "speaker": "SYSTEM", "utterance": "Is there anything else I can do for you?"}, {"frames": [{"actions": [{"act": "NEGATE", "canonical_values": [], "slot": "", "values": []}, {"act": "THANK_YOU", "canonical_values": [], "slot": "", "values": []}], "service": "Music_1", "slots": [], "state": {"active_intent": "NONE", "requested_slots": [], "slot_values": {"album": ["Sing To Me Instead"], "playback_device": ["Kitchen speaker"], "song_name": ["Bad Habit"]}}}], "speaker": "USER", "utterance": "No, thanks very much!"}, {"frames": [{"actions": [{"act": "GOODBYE", "canonical_values": [], "slot": "", "values": []}], "service": "Music_1", "slots": []}], "speaker": "SYSTEM", "utterance": "Have a great day."}]}, {"dialogue_id": "17_00001", "services": ["Weather_1", "Music_1"], "turns": [{"frames": [{"actions": [{"act": "INFORM", "canonical_values": ["Cupertino"], "slot": "city", "values": ["Cupertino"]}, {"act": "INFORM_INTENT", "canonical_values": ["GetWeather"], "slot": "intent", "values": ["GetWeather"]}], "service": "Weather_1", "slots": [{"exclusive_end": 37, "slot": "city", "start": 28}], "state": {"active_intent": "GetWeather", "requested_slots": [], "slot_values": {"city": ["Cupertino"]}}}], "speaker": "USER", "utterance": "I'll be spending the day in Cupertino. Can you check what the weather is like there?"}, {"frames": [{"actions": [{"act": "OFFER", "canonical_values": ["92"], "slot": "temperature", "values": ["92"]}, {"act": "OFFER", "canonical_values": ["13"], "slot": "precipitation", "values": ["13"]}], "service": "Weather_1", "service_call": {"method": "GetWeather", "parameters": {"city": "Cupertino"}}, "service_results": [{"city": "Cupertino", "date": "2019-03-01", "humidity": "22", "precipitation": "13", "temperature": "92", "wind": "2"}], "slots": [{"exclusive_end": 41, "slot": "temperature", "start": 39}, {"exclusive_end": 70, "slot": "precipitation", "start": 68}]}], "speaker": "SYSTEM", "utterance": "Sure, it looks like it's an average of 92 degrees Fahrenheit with a 13 percent chance of rain today."}, {"frames": [{"actions": [{"act": "REQUEST", "canonical_values": [], "slot": "wind", "values": []}], "service": "Weather_1", "slots": [], "state": {"active_intent": "GetWeather", "requested_slots": ["wind"], "slot_values": {"city": ["Cupertino"]}}}], "speaker": "USER", "utterance": "How windy will it be?"}, {"frames": [{"actions": [{"act": "INFORM", "canonical_values": ["2"], "slot": "wind", "values": ["2"]}], "service": "Weather_1", "slots": [{"exclusive_end": 48, "slot": "wind", "start": 47}]}], "speaker": "SYSTEM", "utterance": "It looks like there will be an average wind of 2 miles per hour."}, {"frames": [{"actions": [{"act": "SELECT", "canonical_values": [], "slot": "", "values": []}], "service": "Weather_1", "slots": [], "state": {"active_intent": "GetWeather", "requested_slots": [], "slot_values": {"city": ["Cupertino"]}}}, {"actions": [{"act": "INFORM_INTENT", "canonical_values": ["LookupSong"], "slot": "intent", "values": ["LookupSong"]}], "service": "Music_1", "slots": [], "state": {"active_intent": "LookupSong", "requested_slots": [], "slot_values": {}}}], "speaker": "USER", "utterance": "Ok, not bad. Can you put on some music while I get ready?"}, {"frames": [{"actions": [{"act": "OFFER", "canonical_values": ["Help"], "slot": "song_name", "values": ["Help"]}, {"act": "OFFER", "canonical_values": ["Papa Roach"], "slot": "artist", "values": ["Papa Roach"]}, {"act": "OFFER", "canonical_values": ["Crooked Teeth"], "slot": "album", "values": ["Crooked Teeth"]}, {"act": "INFORM_COUNT", "canonical_values": ["10"], "slot": "count", "values": ["10"]}], "service": "Music_1", "service_call": {"method": "LookupSong", "parameters": {}}, "service_results": [{"album": "Crooked Teeth", "artist": "Papa Roach", "genre": "Rock", "song_name": "Help", "year": "2017"}, {"album": "Forever", "artist": "Popcaan", "genre": "Reggae", "song_name": "Silence", "year": "2018"}, {"album": "Joanne", "artist": "Lady Gaga", "genre": "Pop", "song_name": "Joanne", "year": "2016"}, {"album": "Outsider", "artist": "Three Days Grace", "genre": "Rock", "song_name": "Right Left Wrong", "year": "2018"}, {"album": "California Sunrise", "artist": "Jon Pardi", "genre": "Country", "song_name": "Head Over Boots", "year": "2015"}, {"album": "Lush Life", "artist": "Zara Larsson", "genre": "Pop", "song_name": "Lush Life", "year": "2015"}, {"album": "Honky Tonk Time Machine", "artist": "George Strait", "genre": "Country", "song_name": "The Weight Of The Badge", "year": "2019"}, {"album": "Title", "artist": "Meghan Trainor", "genre": "Pop", "song_name": "All About That Bass", "year": "2012"}, {"album": "Speak Now", "artist": "Taylor Swift", "genre": "Pop", "song_name": "The Story Of Us", "year": "2010"}, {"album": "Dangerous Woman", "artist": "Ariana Grande", "genre": "Pop", "song_name": "Be Alright", "year": "2016"}], "slots": [{"exclusive_end": 69, "slot": "song_name", "start": 65}, {"exclusive_end": 83, "slot": "artist", "start": 73}, {"exclusive_end": 112, "slot": "album", "start": 99}]}], "speaker": "SYSTEM", "utterance": "Sure, I found a playlist with 10 songs you might like. How about Help by Papa Roach from the album Crooked Teeth?"}, {"frames": [{"actions": [{"act": "INFORM_INTENT", "canonical_values": ["PlaySong"], "slot": "intent", "values": ["PlaySong"]}, {"act": "SELECT", "canonical_values": [], "slot": "", "values": []}], "service": "Music_1", "slots": [], "state": {"active_intent": "PlaySong", "requested_slots": [], "slot_values": {"song_name": ["Help"]}}}], "speaker": "USER", "utterance": "Yes, that sounds good. Can you play it now?"}, {"frames": [{"actions": [{"act": "CONFIRM", "canonical_values": ["Help"], "slot": "song_name", "values": ["Help"]}, {"act": "CONFIRM", "canonical_values": ["TV"], "slot": "playback_device", "values": ["TV"]}], "service": "Music_1", "slots": [{"exclusive_end": 20, "slot": "song_name", "start": 16}]}], "speaker": "SYSTEM", "utterance": "Sure. I'll play Help on the TV, is that ok?"}, {"frames": [{"actions": [{"act": "REQUEST", "canonical_values": [], "slot": "genre", "values": []}, {"act": "REQUEST", "canonical_values": [], "slot": "year", "values": []}, {"act": "AFFIRM", "canonical_values": [], "slot": "", "values": []}], "service": "Music_1", "slots": [], "state": {"active_intent": "PlaySong", "requested_slots": ["genre", "year"], "slot_values": {"playback_device": ["TV"], "song_name": ["Help"]}}}], "speaker": "USER", "utterance": "Yes, that's fine. What genre and year is that song again?"}, {"frames": [{"actions": [{"act": "INFORM", "canonical_values": ["2017"], "slot": "year", "values": ["2017"]}, {"act": "INFORM", "canonical_values": ["Rock"], "slot": "genre", "values": ["Rock"]}, {"act": "NOTIFY_SUCCESS", "canonical_values": [], "slot": "", "values": []}], "service": "Music_1", "service_call": {"method": "PlaySong", "parameters": {"playback_device": "TV", "song_name": "Help"}}, "service_results": [{"album": "Crooked Teeth", "artist": "Papa Roach", "genre": "Rock", "playback_device": "TV", "song_name": "Help", "year": "2017"}], "slots": [{"exclusive_end": 11, "slot": "genre", "start": 7}]}], "speaker": "SYSTEM", "utterance": "It's a Rock song from 2017. Enjoy!"}, {"frames": [{"actions": [{"act": "THANK_YOU", "canonical_values": [], "slot": "", "values": []}, {"act": "GOODBYE", "canonical_values": [], "slot": "", "values": []}], "service": "Music_1", "slots": [], "state": {"active_intent": "PlaySong", "requested_slots": [], "slot_values": {"playback_device": ["TV"], "song_name": ["Help"]}}}], "speaker": "USER", "utterance": "Thanks! That's all for now."}, {"frames": [{"actions": [{"act": "GOODBYE", "canonical_values": [], "slot": "", "values": []}], "service": "Music_1", "slots": []}], "speaker": "SYSTEM", "utterance": "Ok, have a good day."}]}, {"dialogue_id": "17_00002", "services": ["Weather_1", "Music_1"], "turns": [{"frames": [{"actions": [{"act": "INFORM", "canonical_values": ["Washington D.C."], "slot": "city", "values": ["Washington"]}, {"act": "INFORM_INTENT", "canonical_values": ["GetWeather"], "slot": "intent", "values": ["GetWeather"]}], "service": "Weather_1", "slots": [{"exclusive_end": 57, "slot": "city", "start": 47}], "state": {"active_intent": "GetWeather", "requested_slots": [], "slot_values": {"city": ["Washington"]}}}], "speaker": "USER", "utterance": "Could you check the weather forecast for me in Washington DC."}, {"frames": [{"actions": [{"act": "OFFER", "canonical_values": ["75"], "slot": "temperature", "values": ["75"]}, {"act": "OFFER", "canonical_values": ["13"], "slot": "precipitation", "values": ["13"]}], "service": "Weather_1", "service_call": {"method": "GetWeather", "parameters": {"city": "Washington D.C."}}, "service_results": [{"city": "Washington D.C.", "date": "2019-03-01", "humidity": "36", "precipitation": "13", "temperature": "75", "wind": "6"}], "slots": [{"exclusive_end": 58, "slot": "temperature", "start": 56}, {"exclusive_end": 13, "slot": "precipitation", "start": 11}]}], "speaker": "SYSTEM", "utterance": "There is a 13 % chance of rain and the ave temp will be 75 degrees Fahrenheit."}, {"frames": [{"actions": [{"act": "SELECT", "canonical_values": [], "slot": "", "values": []}], "service": "Weather_1", "slots": [], "state": {"active_intent": "GetWeather", "requested_slots": [], "slot_values": {"city": ["Washington"]}}}, {"actions": [{"act": "INFORM_INTENT", "canonical_values": ["LookupSong"], "slot": "intent", "values": ["LookupSong"]}], "service": "Music_1", "slots": [], "state": {"active_intent": "LookupSong", "requested_slots": [], "slot_values": {}}}], "speaker": "USER", "utterance": "that's fine now will you help me choose a song to listen to."}, {"frames": [{"actions": [{"act": "OFFER", "canonical_values": ["Mercy"], "slot": "song_name", "values": ["Mercy"]}, {"act": "OFFER", "canonical_values": ["Shawn Mendes"], "slot": "artist", "values": ["Shawn Mendes"]}, {"act": "OFFER", "canonical_values": ["Illuminate"], "slot": "album", "values": ["Illuminate"]}, {"act": "INFORM_COUNT", "canonical_values": ["10"], "slot": "count", "values": ["10"]}], "service": "Music_1", "service_call": {"method": "LookupSong", "parameters": {}}, "service_results": [{"album": "Illuminate", "artist": "Shawn Mendes", "genre": "Pop", "song_name": "Mercy", "year": "2010"}, {"album": "Limitless", "artist": "The Piano Guys", "genre": "Classical", "song_name": "Epiphany", "year": "2018"}, {"album": "The Black", "artist": "Asking Alexandria", "genre": "Metalcore", "song_name": "The Black", "year": "2016"}, {"album": "Blood", "artist": "In This Moment", "genre": "Metalcore", "song_name": "Blood", "year": "2012"}, {"album": "Raise Vibration", "artist": "Lenny Kravitz", "genre": "Rock", "song_name": "Low", "year": "2018"}, {"album": "Night Visions", "artist": "Imagine Dragons", "genre": "Rock", "song_name": "Radioactive", "year": "2012"}, {"album": "Melting", "artist": "Nico Cartosio", "genre": "Classical", "song_name": "Cocaine March", "year": "2019"}, {"album": "Pain Killer", "artist": "Little Big Town", "genre": "Country", "song_name": "Girl Crush", "year": "2014"}, {"album": "Forever", "artist": "Popcaan", "genre": "Reggae", "song_name": "Silence", "year": "2018"}, {"album": "The Princess", "artist": "Parov Stelar", "genre": "Pop", "song_name": "All Night", "year": "2012"}], "slots": [{"exclusive_end": 47, "slot": "song_name", "start": 42}, {"exclusive_end": 63, "slot": "artist", "start": 51}, {"exclusive_end": 89, "slot": "album", "start": 79}]}], "speaker": "SYSTEM", "utterance": "There are 10 options for you, do you know Mercy by Shawn Mendes from the album Illuminate?"}, {"frames": [{"actions": [{"act": "REQUEST", "canonical_values": [], "slot": "genre", "values": []}], "service": "Music_1", "slots": [], "state": {"active_intent": "LookupSong", "requested_slots": ["genre"], "slot_values": {}}}], "speaker": "USER", "utterance": "what genre of music would you say it is?"}, {"frames": [{"actions": [{"act": "INFORM", "canonical_values": ["Pop"], "slot": "genre", "values": ["pop"]}], "service": "Music_1", "slots": [{"exclusive_end": 11, "slot": "genre", "start": 8}]}], "speaker": "SYSTEM", "utterance": "It is a pop song."}, {"frames": [{"actions": [{"act": "SELECT", "canonical_values": [], "slot": "", "values": []}], "service": "Music_1", "slots": [], "state": {"active_intent": "LookupSong", "requested_slots": [], "slot_values": {"song_name": ["Mercy"]}}}], "speaker": "USER", "utterance": "ok I choose that one."}, {"frames": [{"actions": [{"act": "OFFER_INTENT", "canonical_values": ["PlaySong"], "slot": "intent", "values": ["PlaySong"]}], "service": "Music_1", "slots": []}], "speaker": "SYSTEM", "utterance": "Shall I play it?"}, {"frames": [{"actions": [{"act": "AFFIRM_INTENT", "canonical_values": [], "slot": "", "values": []}, {"act": "INFORM", "canonical_values": ["Bedroom speaker"], "slot": "playback_device", "values": ["Bedroom speaker"]}], "service": "Music_1", "slots": [], "state": {"active_intent": "PlaySong", "requested_slots": [], "slot_values": {"playback_device": ["Bedroom speaker"], "song_name": ["Mercy"]}}}], "speaker": "USER", "utterance": "yes play it on the bedroom speaker."}, {"frames": [{"actions": [{"act": "CONFIRM", "canonical_values": ["Mercy"], "slot": "song_name", "values": ["Mercy"]}, {"act": "CONFIRM", "canonical_values": ["Bedroom speaker"], "slot": "playback_device", "values": ["Bedroom speaker"]}], "service": "Music_1", "slots": [{"exclusive_end": 33, "slot": "song_name", "start": 28}]}], "speaker": "SYSTEM", "utterance": "To confirm then I will play Mercy on the Bedroom speaker."}, {"frames": [{"actions": [{"act": "REQUEST", "canonical_values": [], "slot": "year", "values": []}, {"act": "AFFIRM", "canonical_values": [], "slot": "", "values": []}], "service": "Music_1", "slots": [], "state": {"active_intent": "PlaySong", "requested_slots": ["year"], "slot_values": {"playback_device": ["Bedroom speaker"], "song_name": ["Mercy"]}}}], "speaker": "USER", "utterance": "Yes great, do you know th year it was released?"}, {"frames": [{"actions": [{"act": "INFORM", "canonical_values": ["2010"], "slot": "year", "values": ["2010"]}, {"act": "NOTIFY_SUCCESS", "canonical_values": [], "slot": "", "values": []}], "service": "Music_1", "service_call": {"method": "PlaySong", "parameters": {"playback_device": "Bedroom speaker", "song_name": "Mercy"}}, "service_results": [{"album": "Illuminate", "artist": "Shawn Mendes", "genre": "Pop", "playback_device": "Bedroom speaker", "song_name": "Mercy", "year": "2010"}], "slots": []}], "speaker": "SYSTEM", "utterance": "2010, I hope you like it."}, {"frames": [{"actions": [{"act": "THANK_YOU", "canonical_values": [], "slot": "", "values": []}, {"act": "GOODBYE", "canonical_values": [], "slot": "", "values": []}], "service": "Music_1", "slots": [], "state": {"active_intent": "PlaySong", "requested_slots": [], "slot_values": {"playback_device": ["Bedroom speaker"], "song_name": ["Mercy"]}}}], "speaker": "USER", "utterance": "Great thanks for everything."}, {"frames": [{"actions": [{"act": "GOODBYE", "canonical_values": [], "slot": "", "values": []}], "service": "Music_1", "slots": []}], "speaker": "SYSTEM", "utterance": "Enjoy the rest of your day."}]}, {"dialogue_id": "17_00003", "services": ["Weather_1", "Music_1"], "turns": [{"frames": [{"actions": [{"act": "INFORM", "canonical_values": ["Santa Rosa"], "slot": "city", "values": ["Santa Rosa"]}, {"act": "INFORM", "canonical_values": ["2019-03-05"], "slot": "date", "values": ["5th of this month"]}, {"act": "INFORM_INTENT", "canonical_values": ["GetWeather"], "slot": "intent", "values": ["GetWeather"]}], "service": "Weather_1", "slots": [{"exclusive_end": 59, "slot": "city", "start": 49}, {"exclusive_end": 45, "slot": "date", "start": 28}], "state": {"active_intent": "GetWeather", "requested_slots": [], "slot_values": {"city": ["Santa Rosa"], "date": ["5th of this month"]}}}], "speaker": "USER", "utterance": "Check for me the weather on 5th of this month in Santa Rosa."}, {"frames": [{"actions": [{"act": "OFFER", "canonical_values": ["80"], "slot": "temperature", "values": ["80"]}, {"act": "OFFER", "canonical_values": ["20"], "slot": "precipitation", "values": ["20"]}], "service": "Weather_1", "service_call": {"method": "GetWeather", "parameters": {"city": "Santa Rosa", "date": "2019-03-05"}}, "service_results": [{"city": "Santa Rosa", "date": "2019-03-05", "humidity": "41", "precipitation": "20", "temperature": "80", "wind": "6"}], "slots": [{"exclusive_end": 48, "slot": "temperature", "start": 46}, {"exclusive_end": 74, "slot": "precipitation", "start": 72}]}], "speaker": "SYSTEM", "utterance": "For the day the average temperature should be 80 degrees Fahrenheit and 20 percent chance of rain."}, {"frames": [{"actions": [{"act": "REQUEST", "canonical_values": [], "slot": "humidity", "values": []}], "service": "Weather_1", "slots": [], "state": {"active_intent": "GetWeather", "requested_slots": ["humidity"], "slot_values": {"city": ["Santa Rosa"], "date": ["5th of this month"]}}}], "speaker": "USER", "utterance": "Humidity how will it be?"}, {"frames": [{"actions": [{"act": "INFORM", "canonical_values": ["41"], "slot": "humidity", "values": ["41"]}], "service": "Weather_1", "slots": [{"exclusive_end": 17, "slot": "humidity", "start": 15}]}], "speaker": "SYSTEM", "utterance": "Will be around 41 percent."}, {"frames": [{"actions": [{"act": "REQUEST", "canonical_values": [], "slot": "wind", "values": []}], "service": "Weather_1", "slots": [], "state": {"active_intent": "GetWeather", "requested_slots": ["wind"], "slot_values": {"city": ["Santa Rosa"], "date": ["5th of this month"]}}}], "speaker": "USER", "utterance": "Tell me how windy will be."}, {"frames": [{"actions": [{"act": "INFORM", "canonical_values": ["6"], "slot": "wind", "values": ["6"]}], "service": "Weather_1", "slots": [{"exclusive_end": 1, "slot": "wind", "start": 0}]}], "speaker": "SYSTEM", "utterance": "6 miles per hour will be the average wind speed."}, {"frames": [{"actions": [{"act": "SELECT", "canonical_values": [], "slot": "", "values": []}], "service": "Weather_1", "slots": [], "state": {"active_intent": "GetWeather", "requested_slots": [], "slot_values": {"city": ["Santa Rosa"], "date": ["5th of this month"]}}}, {"actions": [{"act": "INFORM", "canonical_values": ["Jon Pardi"], "slot": "artist", "values": ["Jon Pardi"]}, {"act": "INFORM", "canonical_values": ["2015"], "slot": "year", "values": ["2015"]}, {"act": "INFORM", "canonical_values": ["Country"], "slot": "genre", "values": ["Country"]}, {"act": "INFORM_INTENT", "canonical_values": ["LookupSong"], "slot": "intent", "values": ["LookupSong"]}], "service": "Music_1", "slots": [{"exclusive_end": 78, "slot": "artist", "start": 69}, {"exclusive_end": 26, "slot": "genre", "start": 19}], "state": {"active_intent": "LookupSong", "requested_slots": [], "slot_values": {"artist": ["Jon Pardi"], "genre": ["Country"], "year": ["2015"]}}}], "speaker": "USER", "utterance": "Great.Find me some Country songs.I would like something from 2015 by Jon Pardi."}, {"frames": [{"actions": [{"act": "OFFER", "canonical_values": ["Head Over Boots"], "slot": "song_name", "values": ["Head Over Boots"]}, {"act": "OFFER", "canonical_values": ["Jon Pardi"], "slot": "artist", "values": ["Jon Pardi"]}, {"act": "OFFER", "canonical_values": ["California Sunrise"], "slot": "album", "values": ["California Sunrise"]}], "service": "Music_1", "service_call": {"method": "LookupSong", "parameters": {"artist": "Jon Pardi", "genre": "Country", "year": "2015"}}, "service_results": [{"album": "California Sunrise", "artist": "Jon Pardi", "genre": "Country", "song_name": "Head Over Boots", "year": "2015"}], "slots": [{"exclusive_end": 30, "slot": "song_name", "start": 15}, {"exclusive_end": 43, "slot": "artist", "start": 34}, {"exclusive_end": 73, "slot": "album", "start": 55}]}], "speaker": "SYSTEM", "utterance": "Would you like Head Over Boots by Jon Pardi from album California Sunrise?"}, {"frames": [{"actions": [{"act": "SELECT", "canonical_values": [], "slot": "", "values": []}], "service": "Music_1", "slots": [], "state": {"active_intent": "LookupSong", "requested_slots": [], "slot_values": {"artist": ["Jon Pardi"], "genre": ["Country"], "song_name": ["Head Over Boots"], "year": ["2015"]}}}], "speaker": "USER", "utterance": "Yes,I like it."}, {"frames": [{"actions": [{"act": "OFFER_INTENT", "canonical_values": ["PlaySong"], "slot": "intent", "values": ["PlaySong"]}], "service": "Music_1", "slots": []}], "speaker": "SYSTEM", "utterance": "You want to play for you this song?"}, {"frames": [{"actions": [{"act": "AFFIRM_INTENT", "canonical_values": [], "slot": "", "values": []}, {"act": "INFORM", "canonical_values": ["dontcare"], "slot": "playback_device", "values": ["dontcare"]}], "service": "Music_1", "slots": [], "state": {"active_intent": "PlaySong", "requested_slots": [], "slot_values": {"artist": ["Jon Pardi"], "genre": ["Country"], "playback_device": ["dontcare"], "song_name": ["Head Over Boots"], "year": ["2015"]}}}], "speaker": "USER", "utterance": "Perfect.Play it on any device please."}, {"frames": [{"actions": [{"act": "CONFIRM", "canonical_values": ["Head Over Boots"], "slot": "song_name", "values": ["Head Over Boots"]}, {"act": "CONFIRM", "canonical_values": ["TV"], "slot": "playback_device", "values": ["TV"]}], "service": "Music_1", "slots": [{"exclusive_end": 35, "slot": "song_name", "start": 20}]}], "speaker": "SYSTEM", "utterance": "Play the song on TV Head Over Boots.It's okay?"}, {"frames": [{"actions": [{"act": "INFORM", "canonical_values": ["Kitchen speaker"], "slot": "playback_device", "values": ["Kitchen speaker"]}, {"act": "NEGATE", "canonical_values": [], "slot": "", "values": []}], "service": "Music_1", "slots": [], "state": {"active_intent": "PlaySong", "requested_slots": [], "slot_values": {"artist": ["Jon Pardi"], "genre": ["Country"], "playback_device": ["Kitchen speaker"], "song_name": ["Head Over Boots"], "year": ["2015"]}}}], "speaker": "USER", "utterance": "No.Cast it on speaker in the kitchen, please."}, {"frames": [{"actions": [{"act": "CONFIRM", "canonical_values": ["Head Over Boots"], "slot": "song_name", "values": ["Head Over Boots"]}, {"act": "CONFIRM", "canonical_values": ["Kitchen speaker"], "slot": "playback_device", "values": ["Kitchen speaker"]}], "service": "Music_1", "slots": [{"exclusive_end": 52, "slot": "song_name", "start": 37}]}], "speaker": "SYSTEM", "utterance": "Play in the Kitchen speaker the song Head Over Boots.Is correct?"}, {"frames": [{"actions": [{"act": "AFFIRM", "canonical_values": [], "slot": "", "values": []}], "service": "Music_1", "slots": [], "state": {"active_intent": "PlaySong", "requested_slots": [], "slot_values": {"artist": ["Jon Pardi"], "genre": ["Country"], "playback_device": ["Kitchen speaker"], "song_name": ["Head Over Boots"], "year": ["2015"]}}}], "speaker": "USER", "utterance": "Yes is correct."}, {"frames": [{"actions": [{"act": "NOTIFY_SUCCESS", "canonical_values": [], "slot": "", "values": []}], "service": "Music_1", "service_call": {"method": "PlaySong", "parameters": {"artist": "Jon Pardi", "playback_device": "Kitchen speaker", "song_name": "Head Over Boots"}}, "service_results": [{"album": "California Sunrise", "artist": "Jon Pardi", "genre": "Country", "playback_device": "Kitchen speaker", "song_name": "Head Over Boots", "year": "2015"}], "slots": []}], "speaker": "SYSTEM", "utterance": "Enjoy the song."}, {"frames": [{"actions": [{"act": "THANK_YOU", "canonical_values": [], "slot": "", "values": []}, {"act": "GOODBYE", "canonical_values": [], "slot": "", "values": []}], "service": "Music_1", "slots": [], "state": {"active_intent": "PlaySong", "requested_slots": [], "slot_values": {"artist": ["Jon Pardi"], "genre": ["Country"], "playback_device": ["Kitchen speaker"], "song_name": ["Head Over Boots"], "year": ["2015"]}}}], "speaker": "USER", "utterance": "Thanks.That's all that I needed."}, {"frames": [{"actions": [{"act": "GOODBYE", "canonical_values": [], "slot": "", "values": []}], "service": "Music_1", "slots": []}], "speaker": "SYSTEM", "utterance": "Have a great day!"}]}, {"dialogue_id": "17_00004", "services": ["Weather_1", "Travel_1", "RideSharing_1"], "turns": [{"frames": [{"actions": [{"act": "INFORM", "canonical_values": ["Nairobi"], "slot": "city", "values": ["Nairobi"]}, {"act": "INFORM_INTENT", "canonical_values": ["GetWeather"], "slot": "intent", "values": ["GetWeather"]}], "service": "Weather_1", "slots": [{"exclusive_end": 39, "slot": "city", "start": 32}], "state": {"active_intent": "GetWeather", "requested_slots": [], "slot_values": {"city": ["Nairobi"]}}}], "speaker": "USER", "utterance": "Hey, what's the weather like in Nairobi?"}, {"frames": [{"actions": [{"act": "OFFER", "canonical_values": ["105"], "slot": "temperature", "values": ["105"]}, {"act": "OFFER", "canonical_values": ["0"], "slot": "precipitation", "values": ["0"]}], "service": "Weather_1", "service_call": {"method": "GetWeather", "parameters": {"city": "Nairobi"}}, "service_results": [{"city": "Nairobi", "date": "2019-03-01", "humidity": "15", "precipitation": "0", "temperature": "105", "wind": "7"}], "slots": [{"exclusive_end": 15, "slot": "temperature", "start": 12}, {"exclusive_end": 32, "slot": "precipitation", "start": 31}]}], "speaker": "SYSTEM", "utterance": "It's around 105 degrees with a 0 percent chance of rain."}, {"frames": [{"actions": [{"act": "SELECT", "canonical_values": [], "slot": "", "values": []}], "service": "Weather_1", "slots": [], "state": {"active_intent": "GetWeather", "requested_slots": [], "slot_values": {"city": ["Nairobi"]}}}, {"actions": [{"act": "INFORM_INTENT", "canonical_values": ["FindAttractions"], "slot": "intent", "values": ["FindAttractions"]}], "service": "Travel_1", "slots": [], "state": {"active_intent": "FindAttractions", "requested_slots": [], "slot_values": {"location": ["Nairobi"]}}}], "speaker": "USER", "utterance": "Great, can you find me something to do there?"}, {"frames": [{"actions": [{"act": "OFFER", "canonical_values": ["Giraffe Centre"], "slot": "attraction_name", "values": ["Giraffe Centre"]}, {"act": "OFFER", "canonical_values": ["Nature Preserve"], "slot": "category", "values": ["Nature Preserve"]}, {"act": "INFORM_COUNT", "canonical_values": ["3"], "slot": "count", "values": ["3"]}], "service": "Travel_1", "service_call": {"method": "FindAttractions", "parameters": {"location": "Nairobi"}}, "service_results": [{"attraction_name": "Giraffe Centre", "category": "Nature Preserve", "free_entry": "False", "good_for_kids": "True", "location": "Nairobi", "phone_number": "20 891078"}, {"attraction_name": "Karura Forest", "category": "Nature Preserve", "free_entry": "False", "good_for_kids": "True", "location": "Nairobi", "phone_number": "20 2020285"}, {"attraction_name": "Nairobi National Park", "category": "Nature Preserve", "free_entry": "True", "good_for_kids": "True", "location": "Nairobi", "phone_number": "20 2423423"}], "slots": [{"exclusive_end": 69, "slot": "attraction_name", "start": 55}]}], "speaker": "SYSTEM", "utterance": "Sure, there are 3 attractions available. How about the Giraffe Centre nature preserve?"}, {"frames": [{"actions": [{"act": "REQUEST", "canonical_values": [], "slot": "phone_number", "values": []}], "service": "Travel_1", "slots": [], "state": {"active_intent": "FindAttractions", "requested_slots": ["phone_number"], "slot_values": {"location": ["Nairobi"]}}}], "speaker": "USER", "utterance": "How can I call them?"}, {"frames": [{"actions": [{"act": "INFORM", "canonical_values": ["20 891078"], "slot": "phone_number", "values": ["20 891078"]}], "service": "Travel_1", "slots": [{"exclusive_end": 25, "slot": "phone_number", "start": 16}]}], "speaker": "SYSTEM", "utterance": "Their number is 20 891078."}, {"frames": [{"actions": [{"act": "INFORM", "canonical_values": ["True"], "slot": "good_for_kids", "values": ["True"]}, {"act": "INFORM", "canonical_values": ["Nature Preserve"], "slot": "category", "values": ["Nature Preserve"]}, {"act": "REQUEST_ALTS", "canonical_values": [], "slot": "", "values": []}], "service": "Travel_1", "slots": [], "state": {"active_intent": "FindAttractions", "requested_slots": [], "slot_values": {"category": ["Nature Preserve"], "good_for_kids": ["True"], "location": ["Nairobi"]}}}], "speaker": "USER", "utterance": "Thanks. Is there anything else? I'd like to find a child-friendly natural spot."}, {"frames": [{"actions": [{"act": "OFFER", "canonical_values": ["Karura Forest"], "slot": "attraction_name", "values": ["Karura Forest"]}, {"act": "OFFER", "canonical_values": ["Nature Preserve"], "slot": "category", "values": ["Nature Preserve"]}], "service": "Travel_1", "service_call": {"method": "FindAttractions", "parameters": {"category": "Nature Preserve", "good_for_kids": "True", "location": "Nairobi"}}, "service_results": [{"attraction_name": "Giraffe Centre", "category": "Nature Preserve", "free_entry": "False", "good_for_kids": "True", "location": "Nairobi", "phone_number": "20 891078"}, {"attraction_name": "Karura Forest", "category": "Nature Preserve", "free_entry": "False", "good_for_kids": "True", "location": "Nairobi", "phone_number": "20 2020285"}, {"attraction_name": "Nairobi National Park", "category": "Nature Preserve", "free_entry": "True", "good_for_kids": "True", "location": "Nairobi", "phone_number": "20 2423423"}], "slots": [{"exclusive_end": 33, "slot": "attraction_name", "start": 20}]}], "speaker": "SYSTEM", "utterance": "Okay, how about the Karura Forest nature preserve?"}, {"frames": [{"actions": [{"act": "REQUEST", "canonical_values": [], "slot": "free_entry", "values": []}], "service": "Travel_1", "slots": [], "state": {"active_intent": "FindAttractions", "requested_slots": ["free_entry"], "slot_values": {"category": ["Nature Preserve"], "good_for_kids": ["True"], "location": ["Nairobi"]}}}], "speaker": "USER", "utterance": "Is it free to get in?"}, {"frames": [{"actions": [{"act": "INFORM", "canonical_values": ["False"], "slot": "free_entry", "values": ["False"]}], "service": "Travel_1", "slots": []}], "speaker": "SYSTEM", "utterance": "No, it's not free."}, {"frames": [{"actions": [{"act": "INFORM_INTENT", "canonical_values": ["GetRide"], "slot": "intent", "values": ["GetRide"]}], "service": "RideSharing_1", "slots": [], "state": {"active_intent": "GetRide", "requested_slots": [], "slot_values": {"destination": ["Karura Forest"]}}}, {"actions": [{"act": "SELECT", "canonical_values": [], "slot": "", "values": []}], "service": "Travel_1", "slots": [], "state": {"active_intent": "FindAttractions", "requested_slots": [], "slot_values": {"category": ["Nature Preserve"], "good_for_kids": ["True"], "location": ["Nairobi"]}}}], "speaker": "USER", "utterance": "Okay, can you get me a cab there too?"}, {"frames": [{"actions": [{"act": "REQUEST", "canonical_values": [], "slot": "shared_ride", "values": []}, {"act": "REQUEST", "canonical_values": [], "slot": "number_of_riders", "values": []}], "service": "RideSharing_1", "slots": []}], "speaker": "SYSTEM", "utterance": "Sure, a shared ride? For how many people?"}, {"frames": [{"actions": [{"act": "INFORM", "canonical_values": ["True"], "slot": "shared_ride", "values": ["True"]}, {"act": "INFORM", "canonical_values": ["1"], "slot": "number_of_riders", "values": ["1"]}], "service": "RideSharing_1", "slots": [], "state": {"active_intent": "GetRide", "requested_slots": [], "slot_values": {"destination": ["Karura Forest"], "number_of_riders": ["1"], "shared_ride": ["True"]}}}], "speaker": "USER", "utterance": "Yeah, shared is okay. Just one thanks."}, {"frames": [{"actions": [{"act": "CONFIRM", "canonical_values": ["Karura Forest"], "slot": "destination", "values": ["Karura Forest"]}, {"act": "CONFIRM", "canonical_values": ["1"], "slot": "number_of_riders", "values": ["1"]}, {"act": "CONFIRM", "canonical_values": ["True"], "slot": "shared_ride", "values": ["True"]}], "service": "RideSharing_1", "slots": [{"exclusive_end": 72, "slot": "destination", "start": 59}]}], "speaker": "SYSTEM", "utterance": "Okay, please confirm that you'd like a shared cab for 1 to Karura Forest."}, {"frames": [{"actions": [{"act": "REQUEST", "canonical_values": [], "slot": "approximate_ride_duration", "values": []}, {"act": "REQUEST", "canonical_values": [], "slot": "ride_fare", "values": []}, {"act": "AFFIRM", "canonical_values": [], "slot": "", "values": []}], "service": "RideSharing_1", "slots": [], "state": {"active_intent": "GetRide", "requested_slots": ["approximate_ride_duration", "ride_fare"], "slot_values": {"destination": ["Karura Forest"], "number_of_riders": ["1"], "shared_ride": ["True"]}}}], "speaker": "USER", "utterance": "Yes, that's right. How long will it take? How much does it cost?"}, {"frames": [{"actions": [{"act": "INFORM", "canonical_values": ["6.21"], "slot": "ride_fare", "values": ["$6.21"]}, {"act": "INFORM", "canonical_values": ["30"], "slot": "approximate_ride_duration", "values": ["30"]}, {"act": "NOTIFY_SUCCESS", "canonical_values": [], "slot": "", "values": []}], "service": "RideSharing_1", "service_call": {"method": "GetRide", "parameters": {"destination": "Karura Forest", "number_of_riders": "1", "shared_ride": "True"}}, "service_results": [{"approximate_ride_duration": "30", "destination": "Karura Forest", "number_of_riders": "1", "ride_fare": "6.21", "shared_ride": "True"}], "slots": [{"exclusive_end": 42, "slot": "ride_fare", "start": 37}, {"exclusive_end": 19, "slot": "approximate_ride_duration", "start": 17}]}], "speaker": "SYSTEM", "utterance": "It'll take about 30 minutes and cost $6.21. It's on the way."}, {"frames": [{"actions": [{"act": "THANK_YOU", "canonical_values": [], "slot": "", "values": []}], "service": "RideSharing_1", "slots": [], "state": {"active_intent": "GetRide", "requested_slots": [], "slot_values": {"destination": ["Karura Forest"], "number_of_riders": ["1"], "shared_ride": ["True"]}}}], "speaker": "USER", "utterance": "Okay, thanks a lot."}, {"frames": [{"actions": [{"act": "REQ_MORE", "canonical_values": [], "slot": "", "values": []}], "service": "RideSharing_1", "slots": []}], "speaker": "SYSTEM", "utterance": "No worries, anything else?"}, {"frames": [{"actions": [{"act": "NEGATE", "canonical_values": [], "slot": "", "values": []}, {"act": "THANK_YOU", "canonical_values": [], "slot": "", "values": []}], "service": "RideSharing_1", "slots": [], "state": {"active_intent": "NONE", "requested_slots": [], "slot_values": {"destination": ["Karura Forest"], "number_of_riders": ["1"], "shared_ride": ["True"]}}}], "speaker": "USER", "utterance": "Nah, that's all thanks."}, {"frames": [{"actions": [{"act": "GOODBYE", "canonical_values": [], "slot": "", "values": []}], "service": "RideSharing_1", "slots": []}], "speaker": "SYSTEM", "utterance": "Okay, see you."}]}]