[{"dialogue_id": "80_00000", "services": ["Services_3", "RideSharing_2", "Restaurants_1"], "turns": [{"frames": [{"actions": [{"act": "INFORM", "canonical_values": ["General Practitioner"], "slot": "type", "values": ["General Practitioner"]}, {"act": "INFORM_INTENT", "canonical_values": ["FindProvider"], "slot": "intent", "values": ["FindProvider"]}], "service": "Services_3", "slots": [], "state": {"active_intent": "FindProvider", "requested_slots": [], "slot_values": {"type": ["General Practitioner"]}}}], "speaker": "USER", "utterance": "I'm looking for a General Practitioner"}, {"frames": [{"actions": [{"act": "REQUEST", "canonical_values": [], "slot": "city", "values": []}], "service": "Services_3", "slots": []}], "speaker": "SYSTEM", "utterance": "What city are you looking in?"}, {"frames": [{"actions": [{"act": "INFORM", "canonical_values": ["San Carlos"], "slot": "city", "values": ["San Carlos"]}], "service": "Services_3", "slots": [{"exclusive_end": 23, "slot": "city", "start": 13}], "state": {"active_intent": "FindProvider", "requested_slots": [], "slot_values": {"city": ["San Carlos"], "type": ["General Practitioner"]}}}], "speaker": "USER", "utterance": "Somewhere in San Carlos."}, {"frames": [{"actions": [{"act": "OFFER", "canonical_values": ["Janice Kim, M.D."], "slot": "doctor_name", "values": ["Janice Kim, M.D."]}, {"act": "OFFER", "canonical_values": ["San Carlos"], "slot": "city", "values": ["San Carlos"]}, {"act": "OFFER", "canonical_values": ["General Practitioner"], "slot": "type", "values": ["General Practitioner"]}], "service": "Services_3", "service_call": {"method": "FindProvider", "parameters": {"city": "San Carlos", "type": "General Practitioner"}}, "service_results": [{"average_rating": "3.30", "city": "San Carlos", "doctor_name": "Janice Kim, M.D.", "phone_number": "650-596-4000", "street_address": "301 Industrial Road Level 3", "type": "General Practitioner"}, {"average_rating": "5.00", "city": "San Carlos", "doctor_name": "Wendy M. Landreville, M.D.", "phone_number": "530-749-3623", "street_address": "370 Distel Circle", "type": "General Practitioner"}], "slots": [{"exclusive_end": 26, "slot": "doctor_name", "start": 10}, {"exclusive_end": 40, "slot": "city", "start": 30}]}], "speaker": "SYSTEM", "utterance": "How about Janice Kim, M.D. in San Carlos, she's a General Practitioner"}, {"frames": [{"actions": [{"act": "SELECT", "canonical_values": [], "slot": "", "values": []}], "service": "Services_3", "slots": [], "state": {"active_intent": "FindProvider", "requested_slots": [], "slot_values": {"city": ["San Carlos"], "doctor_name": ["Janice Kim, M.D."], "type": ["General Practitioner"]}}}, {"actions": [{"act": "INFORM", "canonical_values": ["Luxury"], "slot": "ride_type", "values": ["Luxury"]}, {"act": "INFORM", "canonical_values": ["301 Industrial Road Level 3"], "slot": "destination", "values": ["301 Industrial Road Level 3"]}, {"act": "INFORM_INTENT", "canonical_values": ["GetRide"], "slot": "intent", "values": ["GetRide"]}], "service": "RideSharing_2", "slots": [{"exclusive_end": 78, "slot": "destination", "start": 51}], "state": {"active_intent": "GetRide", "requested_slots": [], "slot_values": {"destination": ["301 Industrial Road Level 3"], "ride_type": ["Luxury"]}}}], "speaker": "USER", "utterance": "Yes that works, now find me a luxury cab headed to 301 Industrial Road Level 3"}, {"frames": [{"actions": [{"act": "REQUEST", "canonical_values": [], "slot": "number_of_seats", "values": []}], "service": "RideSharing_2", "slots": []}], "speaker": "SYSTEM", "utterance": "How many seats do you need?"}, {"frames": [{"actions": [{"act": "INFORM", "canonical_values": ["3"], "slot": "number_of_seats", "values": ["3"]}], "service": "RideSharing_2", "slots": [], "state": {"active_intent": "GetRide", "requested_slots": [], "slot_values": {"destination": ["301 Industrial Road Level 3"], "number_of_seats": ["3"], "ride_type": ["Luxury"]}}}], "speaker": "USER", "utterance": "I'm gonna be in a group of three"}, {"frames": [{"actions": [{"act": "CONFIRM", "canonical_values": ["301 Industrial Road Level 3"], "slot": "destination", "values": ["301 Industrial Road Level 3"]}, {"act": "CONFIRM", "canonical_values": ["3"], "slot": "number_of_seats", "values": ["3"]}, {"act": "CONFIRM", "canonical_values": ["Luxury"], "slot": "ride_type", "values": ["Luxury"]}], "service": "RideSharing_2", "slots": [{"exclusive_end": 81, "slot": "destination", "start": 54}]}], "speaker": "SYSTEM", "utterance": "Please confirm you want a Luxury ride for 3 headed to 301 Industrial Road Level 3"}, {"frames": [{"actions": [{"act": "REQUEST", "canonical_values": [], "slot": "ride_fare", "values": []}, {"act": "REQUEST", "canonical_values": [], "slot": "wait_time", "values": []}, {"act": "AFFIRM", "canonical_values": [], "slot": "", "values": []}], "service": "RideSharing_2", "slots": [], "state": {"active_intent": "GetRide", "requested_slots": ["ride_fare", "wait_time"], "slot_values": {"destination": ["301 Industrial Road Level 3"], "number_of_seats": ["3"], "ride_type": ["Luxury"]}}}], "speaker": "USER", "utterance": "Yes that works, how much is it and how long till it gets here?"}, {"frames": [{"actions": [{"act": "INFORM", "canonical_values": ["51.72"], "slot": "ride_fare", "values": ["$51.72"]}, {"act": "INFORM", "canonical_values": ["12"], "slot": "wait_time", "values": ["12"]}, {"act": "NOTIFY_SUCCESS", "canonical_values": [], "slot": "", "values": []}], "service": "RideSharing_2", "service_call": {"method": "GetRide", "parameters": {"destination": "301 Industrial Road Level 3", "number_of_seats": "3", "ride_type": "Luxury"}}, "service_results": [{"destination": "301 Industrial Road Level 3", "number_of_seats": "3", "ride_fare": "51.72", "ride_type": "Luxury", "wait_time": "12"}], "slots": [{"exclusive_end": 83, "slot": "ride_fare", "start": 77}, {"exclusive_end": 52, "slot": "wait_time", "start": 50}]}], "speaker": "SYSTEM", "utterance": "I booked a ride for you and it should be there in 12 minutes. It'll cost you $51.72"}, {"frames": [{"actions": [{"act": "INFORM_INTENT", "canonical_values": ["FindRestaurants"], "slot": "intent", "values": ["FindRestaurants"]}], "service": "Restaurants_1", "slots": [], "state": {"active_intent": "FindRestaurants", "requested_slots": [], "slot_values": {"city": ["San Carlos"]}}}], "speaker": "USER", "utterance": "I want to find restaurant to eat at as well."}, {"frames": [{"actions": [{"act": "REQUEST", "canonical_values": [], "slot": "cuisine", "values": []}], "service": "Restaurants_1", "slots": []}], "speaker": "SYSTEM", "utterance": "What kind of food are you thinking of?"}, {"frames": [{"actions": [{"act": "INFORM", "canonical_values": ["Chinese"], "slot": "cuisine", "values": ["Cantonese"]}], "service": "Restaurants_1", "slots": [{"exclusive_end": 14, "slot": "cuisine", "start": 5}], "state": {"active_intent": "FindRestaurants", "requested_slots": [], "slot_values": {"city": ["San Carlos"], "cuisine": ["Cantonese"]}}}], "speaker": "USER", "utterance": "Some Cantonese would be great!"}, {"frames": [{"actions": [{"act": "OFFER", "canonical_values": ["Hot Wok Bistro Too"], "slot": "restaurant_name", "values": ["Hot Wok Bistro Too"]}, {"act": "OFFER", "canonical_values": ["San Carlos"], "slot": "city", "values": ["San Carlos"]}, {"act": "INFORM_COUNT", "canonical_values": ["3"], "slot": "count", "values": ["3"]}], "service": "Restaurants_1", "service_call": {"method": "FindRestaurants", "parameters": {"city": "San Carlos", "cuisine": "Chinese"}}, "service_results": [{"city": "San Carlos", "cuisine": "Chinese", "has_live_music": "False", "phone_number": "650-622-4979", "price_range": "inexpensive", "restaurant_name": "Hot Wok Bistro Too", "serves_alcohol": "True", "street_address": "1541 Laurel Street"}, {"city": "San Carlos", "cuisine": "Chinese", "has_live_music": "False", "phone_number": "650-591-4952", "price_range": "moderate", "restaurant_name": "New Canton Restaurant", "serves_alcohol": "False", "street_address": "1160 Laurel Street"}, {"city": "San Carlos", "cuisine": "Chinese", "has_live_music": "False", "phone_number": "650-593-9777", "price_range": "moderate", "restaurant_name": "Yan's Garden", "serves_alcohol": "True", "street_address": "885 Laurel Street"}], "slots": [{"exclusive_end": 70, "slot": "restaurant_name", "start": 52}, {"exclusive_end": 84, "slot": "city", "start": 74}]}], "speaker": "SYSTEM", "utterance": "I found 3 restaurants including a nice place called Hot Wok Bistro Too in San Carlos"}, {"frames": [{"actions": [{"act": "REQUEST", "canonical_values": [], "slot": "phone_number", "values": []}], "service": "Restaurants_1", "slots": [], "state": {"active_intent": "FindRestaurants", "requested_slots": ["phone_number"], "slot_values": {"city": ["San Carlos"], "cuisine": ["Cantonese"]}}}], "speaker": "USER", "utterance": "What's their number?"}, {"frames": [{"actions": [{"act": "INFORM", "canonical_values": ["650-622-4979"], "slot": "phone_number", "values": ["650-622-4979"]}], "service": "Restaurants_1", "slots": [{"exclusive_end": 33, "slot": "phone_number", "start": 21}]}], "speaker": "SYSTEM", "utterance": "You can call them at 650-622-4979"}, {"frames": [{"actions": [{"act": "SELECT", "canonical_values": [], "slot": "", "values": []}], "service": "Restaurants_1", "slots": [], "state": {"active_intent": "FindRestaurants", "requested_slots": [], "slot_values": {"city": ["San Carlos"], "cuisine": ["Cantonese"], "restaurant_name": ["Hot Wok Bistro Too"]}}}], "speaker": "USER", "utterance": "Sure that works"}, {"frames": [{"actions": [{"act": "OFFER_INTENT", "canonical_values": ["ReserveRestaurant"], "slot": "intent", "values": ["ReserveRestaurant"]}], "service": "Restaurants_1", "slots": []}], "speaker": "SYSTEM", "utterance": "Do you want to book a table"}, {"frames": [{"actions": [{"act": "AFFIRM_INTENT", "canonical_values": [], "slot": "", "values": []}], "service": "Restaurants_1", "slots": [], "state": {"active_intent": "ReserveRestaurant", "requested_slots": [], "slot_values": {"city": ["San Carlos"], "cuisine": ["Cantonese"], "restaurant_name": ["Hot Wok Bistro Too"]}}}], "speaker": "USER", "utterance": "Yes make a reservation"}, {"frames": [{"actions": [{"act": "REQUEST", "canonical_values": [], "slot": "time", "values": []}], "service": "Restaurants_1", "slots": []}], "speaker": "SYSTEM", "utterance": "What time do you want it"}, {"frames": [{"actions": [{"act": "INFORM", "canonical_values": ["12:00"], "slot": "time", "values": ["12 in the afternoon"]}], "service": "Restaurants_1", "slots": [{"exclusive_end": 33, "slot": "time", "start": 14}], "state": {"active_intent": "ReserveRestaurant", "requested_slots": [], "slot_values": {"city": ["San Carlos"], "cuisine": ["Cantonese"], "restaurant_name": ["Hot Wok Bistro Too"], "time": ["12 in the afternoon"]}}}], "speaker": "USER", "utterance": "Lunch time so 12 in the afternoon"}, {"frames": [{"actions": [{"act": "CONFIRM", "canonical_values": ["Hot Wok Bistro Too"], "slot": "restaurant_name", "values": ["Hot Wok Bistro Too"]}, {"act": "CONFIRM", "canonical_values": ["San Carlos"], "slot": "city", "values": ["San Carlos"]}, {"act": "CONFIRM", "canonical_values": ["12:00"], "slot": "time", "values": ["12 pm"]}, {"act": "CONFIRM", "canonical_values": ["2"], "slot": "party_size", "values": ["2"]}, {"act": "CONFIRM", "canonical_values": ["2019-03-01"], "slot": "date", "values": ["March 1st"]}], "service": "Restaurants_1", "slots": [{"exclusive_end": 68, "slot": "restaurant_name", "start": 50}, {"exclusive_end": 82, "slot": "city", "start": 72}, {"exclusive_end": 46, "slot": "time", "start": 41}, {"exclusive_end": 37, "slot": "date", "start": 28}]}], "speaker": "SYSTEM", "utterance": "Confirming a table for 2 on March 1st at 12 pm at Hot Wok Bistro Too in San Carlos"}, {"frames": [{"actions": [{"act": "AFFIRM", "canonical_values": [], "slot": "", "values": []}], "service": "Restaurants_1", "slots": [], "state": {"active_intent": "ReserveRestaurant", "requested_slots": [], "slot_values": {"city": ["San Carlos"], "cuisine": ["Cantonese"], "date": ["March 1st"], "party_size": ["2"], "restaurant_name": ["Hot Wok Bistro Too"], "time": ["12 in the afternoon", "12 pm"]}}}], "speaker": "USER", "utterance": "That works for me"}, {"frames": [{"actions": [{"act": "NOTIFY_SUCCESS", "canonical_values": [], "slot": "", "values": []}], "service": "Restaurants_1", "service_call": {"method": "ReserveRestaurant", "parameters": {"city": "San Carlos", "date": "2019-03-01", "party_size": "2", "restaurant_name": "Hot Wok Bistro Too", "time": "12:00"}}, "service_results": [{"city": "San Carlos", "cuisine": "Chinese", "date": "2019-03-01", "has_live_music": "False", "party_size": "2", "phone_number": "650-622-4979", "price_range": "inexpensive", "restaurant_name": "Hot Wok Bistro Too", "serves_alcohol": "True", "street_address": "1541 Laurel Street", "time": "12:00"}], "slots": []}], "speaker": "SYSTEM", "utterance": "Great, it's booked"}, {"frames": [{"actions": [{"act": "REQUEST", "canonical_values": ["moderate"], "slot": "price_range", "values": ["moderate"]}], "service": "Restaurants_1", "slots": [], "state": {"active_intent": "ReserveRestaurant", "requested_slots": ["price_range"], "slot_values": {"city": ["San Carlos"], "cuisine": ["Cantonese"], "date": ["March 1st"], "party_size": ["2"], "restaurant_name": ["Hot Wok Bistro Too"], "time": ["12 in the afternoon", "12 pm"]}}}], "speaker": "USER", "utterance": "Is it affordable there?"}, {"frames": [{"actions": [{"act": "INFORM", "canonical_values": ["inexpensive"], "slot": "price_range", "values": ["inexpensive"]}], "service": "Restaurants_1", "slots": []}], "speaker": "SYSTEM", "utterance": "It's in the inexpensive price range"}, {"frames": [{"actions": [{"act": "REQUEST", "canonical_values": [], "slot": "has_live_music", "values": []}], "service": "Restaurants_1", "slots": [], "state": {"active_intent": "ReserveRestaurant", "requested_slots": ["has_live_music"], "slot_values": {"city": ["San Carlos"], "cuisine": ["Cantonese"], "date": ["March 1st"], "party_size": ["2"], "restaurant_name": ["Hot Wok Bistro Too"], "time": ["12 in the afternoon", "12 pm"]}}}], "speaker": "USER", "utterance": "Do they have live music there?"}, {"frames": [{"actions": [{"act": "INFORM", "canonical_values": ["False"], "slot": "has_live_music", "values": ["False"]}], "service": "Restaurants_1", "slots": []}], "speaker": "SYSTEM", "utterance": "No they don't"}, {"frames": [{"actions": [{"act": "THANK_YOU", "canonical_values": [], "slot": "", "values": []}], "service": "Restaurants_1", "slots": [], "state": {"active_intent": "ReserveRestaurant", "requested_slots": [], "slot_values": {"city": ["San Carlos"], "cuisine": ["Cantonese"], "date": ["March 1st"], "party_size": ["2"], "restaurant_name": ["Hot Wok Bistro Too"], "time": ["12 in the afternoon", "12 pm"]}}}], "speaker": "USER", "utterance": "OK, thanks for that"}, {"frames": [{"actions": [{"act": "REQ_MORE", "canonical_values": [], "slot": "", "values": []}], "service": "Restaurants_1", "slots": []}], "speaker": "SYSTEM", "utterance": "Can I do something else for you?"}, {"frames": [{"actions": [{"act": "NEGATE", "canonical_values": [], "slot": "", "values": []}, {"act": "THANK_YOU", "canonical_values": [], "slot": "", "values": []}], "service": "Restaurants_1", "slots": [], "state": {"active_intent": "NONE", "requested_slots": [], "slot_values": {"city": ["San Carlos"], "cuisine": ["Cantonese"], "date": ["March 1st"], "party_size": ["2"], "restaurant_name": ["Hot Wok Bistro Too"], "time": ["12 in the afternoon", "12 pm"]}}}], "speaker": "USER", "utterance": "No, right now that's it"}, {"frames": [{"actions": [{"act": "GOODBYE", "canonical_values": [], "slot": "", "values": []}], "service": "Restaurants_1", "slots": []}], "speaker": "SYSTEM", "utterance": "OK, enjoy your reservation"}]}, {"dialogue_id": "80_00001", "services": ["Services_3", "RideSharing_2", "Restaurants_1"], "turns": [{"frames": [{"actions": [{"act": "INFORM_INTENT", "canonical_values": ["FindProvider"], "slot": "intent", "values": ["FindProvider"]}], "service": "Services_3", "slots": [], "state": {"active_intent": "FindProvider", "requested_slots": [], "slot_values": {}}}], "speaker": "USER", "utterance": "Hi, could you help me search for a doctor please?"}, {"frames": [{"actions": [{"act": "REQUEST", "canonical_values": [], "slot": "city", "values": []}], "service": "Services_3", "slots": []}], "speaker": "SYSTEM", "utterance": "Any preferred locations you would like?"}, {"frames": [{"actions": [{"act": "INFORM", "canonical_values": ["Daly City"], "slot": "city", "values": ["Daly City"]}], "service": "Services_3", "slots": [{"exclusive_end": 22, "slot": "city", "start": 13}], "state": {"active_intent": "FindProvider", "requested_slots": [], "slot_values": {"city": ["Daly City"]}}}], "speaker": "USER", "utterance": "Something in Daly City is fine."}, {"frames": [{"actions": [{"act": "REQUEST", "canonical_values": ["ENT Specialist", "General Practitioner"], "slot": "type", "values": ["ENT Specialist", "General Practitioner"]}], "service": "Services_3", "slots": []}], "speaker": "SYSTEM", "utterance": "What type of doctor are you looking for? An ENT Specialist, General Practitioner or something else?"}, {"frames": [{"actions": [{"act": "INFORM", "canonical_values": ["General Practitioner"], "slot": "type", "values": ["General Practitioner"]}], "service": "Services_3", "slots": [], "state": {"active_intent": "FindProvider", "requested_slots": [], "slot_values": {"city": ["Daly City"], "type": ["General Practitioner"]}}}], "speaker": "USER", "utterance": "Yes, a General Practitioner is fine."}, {"frames": [{"actions": [{"act": "OFFER", "canonical_values": ["Dr. Ruth E. Hoddinott, MD"], "slot": "doctor_name", "values": ["Dr. Ruth E. Hoddinott, MD"]}, {"act": "OFFER", "canonical_values": ["Daly City"], "slot": "city", "values": ["Daly City"]}, {"act": "OFFER", "canonical_values": ["General Practitioner"], "slot": "type", "values": ["General Practitioner"]}, {"act": "INFORM_COUNT", "canonical_values": ["5"], "slot": "count", "values": ["5"]}], "service": "Services_3", "service_call": {"method": "FindProvider", "parameters": {"city": "Daly City", "type": "General Practitioner"}}, "service_results": [{"average_rating": "4.50", "city": "Daly City", "doctor_name": "Dr. Ruth E. Hoddinott, MD", "phone_number": "650-301-0500", "street_address": "795 El Camino Real", "type": "General Practitioner"}, {"average_rating": "5.00", "city": "Daly City", "doctor_name": "Kini Divya MD", "phone_number": "650-755-2192", "street_address": "795 El Camino Real Jamplis Building, Level 1", "type": "General Practitioner"}, {"average_rating": "3.70", "city": "Daly City", "doctor_name": "Medicus: Carrillo Lornalyn J MD", "phone_number": "650-994-0459", "street_address": "1800 Sullivan Avenue", "type": "General Practitioner"}, {"average_rating": "3.80", "city": "Daly City", "doctor_name": "North East Medical Services (NEMS) - Eastmoor", "phone_number": "650-550-3923", "street_address": "40 North San Mateo Drive", "type": "General Practitioner"}, {"average_rating": "5.00", "city": "Daly City", "doctor_name": "Wilson John w MD", "phone_number": "650-994-9093", "street_address": "270 Perkins Street", "type": "General Practitioner"}], "slots": [{"exclusive_end": 88, "slot": "doctor_name", "start": 63}, {"exclusive_end": 45, "slot": "city", "start": 36}]}], "speaker": "SYSTEM", "utterance": "There are 5 General Practitioner in Daly City, one of which is Dr. Ruth E. Hoddinott, MD"}, {"frames": [{"actions": [{"act": "SELECT", "canonical_values": [], "slot": "", "values": []}], "service": "Services_3", "slots": [], "state": {"active_intent": "FindProvider", "requested_slots": [], "slot_values": {"city": ["Daly City"], "doctor_name": ["Dr. Ruth E. Hoddinott, MD"], "type": ["General Practitioner"]}}}], "speaker": "USER", "utterance": "Yes, I am fine with her."}, {"frames": [{"actions": [{"act": "OFFER_INTENT", "canonical_values": ["BookAppointment"], "slot": "intent", "values": ["BookAppointment"]}], "service": "Services_3", "slots": []}], "speaker": "SYSTEM", "utterance": "Would you like me to schedule a visit for you?"}, {"frames": [{"actions": [{"act": "NEGATE_INTENT", "canonical_values": [], "slot": "", "values": []}], "service": "Services_3", "slots": [], "state": {"active_intent": "NONE", "requested_slots": [], "slot_values": {"city": ["Daly City"], "doctor_name": ["Dr. Ruth E. Hoddinott, MD"], "type": ["General Practitioner"]}}}], "speaker": "USER", "utterance": "No, that is not necessary."}, {"frames": [{"actions": [{"act": "REQ_MORE", "canonical_values": [], "slot": "", "values": []}], "service": "Services_3", "slots": []}], "speaker": "SYSTEM", "utterance": "Do you need further assistance?"}, {"frames": [{"actions": [{"act": "INFORM_INTENT", "canonical_values": ["GetRide"], "slot": "intent", "values": ["GetRide"]}], "service": "RideSharing_2", "slots": [], "state": {"active_intent": "GetRide", "requested_slots": [], "slot_values": {}}}], "speaker": "USER", "utterance": "Yes please, could you get be a taxi ride there please?"}, {"frames": [{"actions": [{"act": "REQUEST", "canonical_values": [], "slot": "number_of_seats", "values": []}], "service": "RideSharing_2", "slots": []}], "speaker": "SYSTEM", "utterance": "How many seats are you looking at?"}, {"frames": [{"actions": [{"act": "INFORM", "canonical_values": ["2"], "slot": "number_of_seats", "values": ["2"]}], "service": "RideSharing_2", "slots": [], "state": {"active_intent": "GetRide", "requested_slots": [], "slot_values": {"number_of_seats": ["2"]}}}], "speaker": "USER", "utterance": "I will be travelling in a group of two."}, {"frames": [{"actions": [{"act": "REQUEST", "canonical_values": ["795 El Camino Real"], "slot": "destination", "values": ["795 El Camino Real"]}, {"act": "REQUEST", "canonical_values": ["Regular", "Pool"], "slot": "ride_type", "values": ["Regular", "Pool"]}], "service": "RideSharing_2", "slots": [{"exclusive_end": 46, "slot": "destination", "start": 28}]}], "speaker": "SYSTEM", "utterance": "Sure, are you travelling to 795 El Camino Real, and what type of a ride would you like? There are regular and pool rides available."}, {"frames": [{"actions": [{"act": "INFORM", "canonical_values": ["Pool"], "slot": "ride_type", "values": ["Pool"]}, {"act": "AFFIRM", "canonical_values": [], "slot": "", "values": []}], "service": "RideSharing_2", "slots": [], "state": {"active_intent": "GetRide", "requested_slots": [], "slot_values": {"destination": ["795 El Camino Real"], "number_of_seats": ["2"], "ride_type": ["Pool"]}}}], "speaker": "USER", "utterance": "I am fine with this arrangement, and would prefer a pool ride."}, {"frames": [{"actions": [{"act": "CONFIRM", "canonical_values": ["795 El Camino Real"], "slot": "destination", "values": ["795 El Camino Real"]}, {"act": "CONFIRM", "canonical_values": ["2"], "slot": "number_of_seats", "values": ["2"]}, {"act": "CONFIRM", "canonical_values": ["Pool"], "slot": "ride_type", "values": ["Pool"]}], "service": "RideSharing_2", "slots": [{"exclusive_end": 63, "slot": "destination", "start": 45}]}], "speaker": "SYSTEM", "utterance": "Sure, please confirm your pool ride for 2 to 795 El Camino Real."}, {"frames": [{"actions": [{"act": "REQUEST", "canonical_values": [], "slot": "wait_time", "values": []}, {"act": "REQUEST", "canonical_values": [], "slot": "ride_fare", "values": []}, {"act": "AFFIRM", "canonical_values": [], "slot": "", "values": []}], "service": "RideSharing_2", "slots": [], "state": {"active_intent": "GetRide", "requested_slots": ["ride_fare", "wait_time"], "slot_values": {"destination": ["795 El Camino Real"], "number_of_seats": ["2"], "ride_type": ["Pool"]}}}], "speaker": "USER", "utterance": "Yes, I am fine with that. May I know how much will this cost me and how long does it take for the taxi to reach me?"}, {"frames": [{"actions": [{"act": "INFORM", "canonical_values": ["7"], "slot": "wait_time", "values": ["7"]}, {"act": "INFORM", "canonical_values": ["17.03"], "slot": "ride_fare", "values": ["$17.03"]}, {"act": "NOTIFY_SUCCESS", "canonical_values": [], "slot": "", "values": []}], "service": "RideSharing_2", "service_call": {"method": "GetRide", "parameters": {"destination": "795 El Camino Real", "number_of_seats": "2", "ride_type": "Pool"}}, "service_results": [{"destination": "795 El Camino Real", "number_of_seats": "2", "ride_fare": "17.03", "ride_type": "Pool", "wait_time": "7"}], "slots": [{"exclusive_end": 63, "slot": "wait_time", "start": 62}, {"exclusive_end": 91, "slot": "ride_fare", "start": 85}]}], "speaker": "SYSTEM", "utterance": "Your booking has been made. Your taxi should arrive to you in 7 minutes and cost you $17.03."}, {"frames": [{"actions": [{"act": "THANK_YOU", "canonical_values": [], "slot": "", "values": []}], "service": "RideSharing_2", "slots": [], "state": {"active_intent": "GetRide", "requested_slots": [], "slot_values": {"destination": ["795 El Camino Real"], "number_of_seats": ["2"], "ride_type": ["Pool"]}}}, {"actions": [{"act": "INFORM_INTENT", "canonical_values": ["FindRestaurants"], "slot": "intent", "values": ["FindRestaurants"]}], "service": "Restaurants_1", "slots": [], "state": {"active_intent": "FindRestaurants", "requested_slots": [], "slot_values": {"city": ["Daly City"]}}}], "speaker": "USER", "utterance": "Thank you for your kind assistance. Could you help me find a restaurant there?"}, {"frames": [{"actions": [{"act": "REQUEST", "canonical_values": ["Chinese", "American"], "slot": "cuisine", "values": ["Chinese", "American"]}], "service": "Restaurants_1", "slots": [{"exclusive_end": 57, "slot": "cuisine", "start": 50}, {"exclusive_end": 69, "slot": "cuisine", "start": 61}]}], "speaker": "SYSTEM", "utterance": "Sure, any preference on the type of food, such as Chinese or American food?"}, {"frames": [{"actions": [{"act": "INFORM", "canonical_values": ["Steakhouse"], "slot": "cuisine", "values": ["burgers"]}, {"act": "INFORM", "canonical_values": ["moderate"], "slot": "price_range", "values": ["moderate"]}], "service": "Restaurants_1", "slots": [{"exclusive_end": 84, "slot": "cuisine", "start": 77}], "state": {"active_intent": "FindRestaurants", "requested_slots": [], "slot_values": {"city": ["Daly City"], "cuisine": ["burgers"], "price_range": ["moderate"]}}}], "speaker": "USER", "utterance": "I would prefer a reasonably priced restaurant which serves up some delicious burgers please."}, {"frames": [{"actions": [{"act": "OFFER", "canonical_values": ["Val's"], "slot": "restaurant_name", "values": ["Val's"]}, {"act": "OFFER", "canonical_values": ["Daly City"], "slot": "city", "values": ["Daly City"]}, {"act": "INFORM_COUNT", "canonical_values": ["1"], "slot": "count", "values": ["1"]}], "service": "Restaurants_1", "service_call": {"method": "FindRestaurants", "parameters": {"city": "Daly City", "cuisine": "Steakhouse", "price_range": "moderate"}}, "service_results": [{"city": "Daly City", "cuisine": "Steakhouse", "has_live_music": "False", "phone_number": "650-755-3448", "price_range": "moderate", "restaurant_name": "Val's", "serves_alcohol": "False", "street_address": "2468 Junipero Serra Boulevard"}], "slots": [{"exclusive_end": 47, "slot": "restaurant_name", "start": 42}, {"exclusive_end": 34, "slot": "city", "start": 25}]}], "speaker": "SYSTEM", "utterance": "There is 1 restaurant in Daly City called Val's."}, {"frames": [{"actions": [{"act": "SELECT", "canonical_values": [], "slot": "", "values": []}], "service": "Restaurants_1", "slots": [], "state": {"active_intent": "FindRestaurants", "requested_slots": [], "slot_values": {"city": ["Daly City"], "cuisine": ["burgers"], "price_range": ["moderate"], "restaurant_name": ["Val's"]}}}], "speaker": "USER", "utterance": "Yes, I am fine with that."}, {"frames": [{"actions": [{"act": "OFFER_INTENT", "canonical_values": ["ReserveRestaurant"], "slot": "intent", "values": ["ReserveRestaurant"]}], "service": "Restaurants_1", "slots": []}], "speaker": "SYSTEM", "utterance": "Would you like me to make a reservation for you?"}, {"frames": [{"actions": [{"act": "AFFIRM_INTENT", "canonical_values": [], "slot": "", "values": []}, {"act": "INFORM", "canonical_values": ["19:00"], "slot": "time", "values": ["7 pm"]}, {"act": "INFORM", "canonical_values": ["2019-03-01"], "slot": "date", "values": ["1st of March"]}], "service": "Restaurants_1", "slots": [{"exclusive_end": 77, "slot": "time", "start": 73}, {"exclusive_end": 69, "slot": "date", "start": 57}], "state": {"active_intent": "ReserveRestaurant", "requested_slots": [], "slot_values": {"city": ["Daly City"], "cuisine": ["burgers"], "date": ["1st of March"], "price_range": ["moderate"], "restaurant_name": ["Val's"], "time": ["7 pm"]}}}], "speaker": "USER", "utterance": "Could you help me make a reservation there please on the 1st of March at 7 pm please?"}, {"frames": [{"actions": [{"act": "CONFIRM", "canonical_values": ["Val's"], "slot": "restaurant_name", "values": ["Val's"]}, {"act": "CONFIRM", "canonical_values": ["Daly City"], "slot": "city", "values": ["Daly City"]}, {"act": "CONFIRM", "canonical_values": ["19:00"], "slot": "time", "values": ["7 pm"]}, {"act": "CONFIRM", "canonical_values": ["2"], "slot": "party_size", "values": ["2"]}, {"act": "CONFIRM", "canonical_values": ["2019-03-01"], "slot": "date", "values": ["March 1st"]}], "service": "Restaurants_1", "slots": [{"exclusive_end": 52, "slot": "restaurant_name", "start": 47}, {"exclusive_end": 65, "slot": "city", "start": 56}, {"exclusive_end": 73, "slot": "time", "start": 69}, {"exclusive_end": 86, "slot": "date", "start": 77}]}], "speaker": "SYSTEM", "utterance": "Sure, please confirm your reservation for 2 at Val's in Daly City at 7 pm on March 1st."}, {"frames": [{"actions": [{"act": "AFFIRM", "canonical_values": [], "slot": "", "values": []}], "service": "Restaurants_1", "slots": [], "state": {"active_intent": "ReserveRestaurant", "requested_slots": [], "slot_values": {"city": ["Daly City"], "cuisine": ["burgers"], "date": ["1st of March", "March 1st"], "party_size": ["2"], "price_range": ["moderate"], "restaurant_name": ["Val's"], "time": ["7 pm"]}}}], "speaker": "USER", "utterance": "Sure, I am fine with that."}, {"frames": [{"actions": [{"act": "NOTIFY_SUCCESS", "canonical_values": [], "slot": "", "values": []}], "service": "Restaurants_1", "service_call": {"method": "ReserveRestaurant", "parameters": {"city": "Daly City", "date": "2019-03-01", "party_size": "2", "restaurant_name": "Val's", "time": "19:00"}}, "service_results": [{"city": "Daly City", "cuisine": "Steakhouse", "date": "2019-03-01", "has_live_music": "False", "party_size": "2", "phone_number": "650-755-3448", "price_range": "moderate", "restaurant_name": "Val's", "serves_alcohol": "False", "street_address": "2468 Junipero Serra Boulevard", "time": "19:00"}], "slots": []}], "speaker": "SYSTEM", "utterance": "Your reservation has been made."}, {"frames": [{"actions": [{"act": "THANK_YOU", "canonical_values": [], "slot": "", "values": []}], "service": "Restaurants_1", "slots": [], "state": {"active_intent": "ReserveRestaurant", "requested_slots": [], "slot_values": {"city": ["Daly City"], "cuisine": ["burgers"], "date": ["1st of March", "March 1st"], "party_size": ["2"], "price_range": ["moderate"], "restaurant_name": ["Val's"], "time": ["7 pm"]}}}], "speaker": "USER", "utterance": "Thank you so much!"}, {"frames": [{"actions": [{"act": "REQ_MORE", "canonical_values": [], "slot": "", "values": []}], "service": "Restaurants_1", "slots": []}], "speaker": "SYSTEM", "utterance": "Do you need any further help?"}, {"frames": [{"actions": [{"act": "NEGATE", "canonical_values": [], "slot": "", "values": []}, {"act": "THANK_YOU", "canonical_values": [], "slot": "", "values": []}], "service": "Restaurants_1", "slots": [], "state": {"active_intent": "NONE", "requested_slots": [], "slot_values": {"city": ["Daly City"], "cuisine": ["burgers"], "date": ["1st of March", "March 1st"], "party_size": ["2"], "price_range": ["moderate"], "restaurant_name": ["Val's"], "time": ["7 pm"]}}}], "speaker": "USER", "utterance": "No, that is all I need."}, {"frames": [{"actions": [{"act": "GOODBYE", "canonical_values": [], "slot": "", "values": []}], "service": "Restaurants_1", "slots": []}], "speaker": "SYSTEM", "utterance": "Sure, have a great day ahead!"}]}, {"dialogue_id": "80_00002", "services": ["Services_3", "RideSharing_2", "Restaurants_1"], "turns": [{"frames": [{"actions": [{"act": "INFORM", "canonical_values": ["Castro Valley"], "slot": "city", "values": ["Castro Valley"]}, {"act": "INFORM", "canonical_values": ["General Practitioner"], "slot": "type", "values": ["General Practitioner"]}, {"act": "INFORM_INTENT", "canonical_values": ["FindProvider"], "slot": "intent", "values": ["FindProvider"]}], "service": "Services_3", "slots": [{"exclusive_end": 54, "slot": "city", "start": 41}], "state": {"active_intent": "FindProvider", "requested_slots": [], "slot_values": {"city": ["Castro Valley"], "type": ["General Practitioner"]}}}], "speaker": "USER", "utterance": "I need to find a General Practitioner in Castro Valley."}, {"frames": [{"actions": [{"act": "OFFER", "canonical_values": ["Dr. Arthur C. O'brien Jr, MD"], "slot": "doctor_name", "values": ["Dr. Arthur C. O'Brien Jr, MD"]}, {"act": "OFFER", "canonical_values": ["Castro Valley"], "slot": "city", "values": ["Castro Valley"]}, {"act": "OFFER", "canonical_values": ["General Practitioner"], "slot": "type", "values": ["General Practitioner"]}], "service": "Services_3", "service_call": {"method": "FindProvider", "parameters": {"city": "Castro Valley", "type": "General Practitioner"}}, "service_results": [{"average_rating": "5.00", "city": "Castro Valley", "doctor_name": "Dr. Arthur C. O'brien Jr, MD", "phone_number": "510-581-7677", "street_address": "22101 Redwood Road", "type": "General Practitioner"}, {"average_rating": "5.00", "city": "Castro Valley", "doctor_name": "Dr. Maryam Fortani, MD", "phone_number": "510-357-3023", "street_address": "13851 East 14th Street #102", "type": "General Practitioner"}, {"average_rating": "5.00", "city": "Castro Valley", "doctor_name": "Dr. Najibulrahman Saifulrahman, MD", "phone_number": "510-605-5330", "street_address": "27206 Calaroga Avenue", "type": "General Practitioner"}, {"average_rating": "5.00", "city": "Castro Valley", "doctor_name": "Dr. Paul J. Robinson, D.O.", "phone_number": "510-886-5515", "street_address": "27206 Calaroga Avenue", "type": "General Practitioner"}, {"average_rating": "3.50", "city": "Castro Valley", "doctor_name": "Kelly A. Welsh, M.D.", "phone_number": "510-886-3400", "street_address": "20700 Lake Chabot Road", "type": "General Practitioner"}, {"average_rating": "5.00", "city": "Castro Valley", "doctor_name": "Parviz Talebi MD", "phone_number": "510-889-1922", "street_address": "13847 East 14th Street #119", "type": "General Practitioner"}], "slots": [{"exclusive_end": 68, "slot": "doctor_name", "start": 40}, {"exclusive_end": 85, "slot": "city", "start": 72}]}], "speaker": "SYSTEM", "utterance": "How about a General Practitioner called Dr. Arthur C. O'Brien Jr, MD in Castro Valley?"}, {"frames": [{"actions": [{"act": "SELECT", "canonical_values": [], "slot": "", "values": []}], "service": "Services_3", "slots": [], "state": {"active_intent": "FindProvider", "requested_slots": [], "slot_values": {"city": ["Castro Valley"], "doctor_name": ["Dr. Arthur C. O'Brien Jr, MD"], "type": ["General Practitioner"]}}}, {"actions": [{"act": "INFORM", "canonical_values": ["2"], "slot": "number_of_seats", "values": ["2"]}, {"act": "INFORM", "canonical_values": ["22101 Redwood Road"], "slot": "destination", "values": ["22101 Redwood road"]}, {"act": "INFORM_INTENT", "canonical_values": ["GetRide"], "slot": "intent", "values": ["GetRide"]}], "service": "RideSharing_2", "slots": [{"exclusive_end": 120, "slot": "destination", "start": 102}], "state": {"active_intent": "GetRide", "requested_slots": [], "slot_values": {"destination": ["22101 Redwood road"], "number_of_seats": ["2"]}}}], "speaker": "USER", "utterance": "Sure thing. Now I need a cab to get me there. There will be two people travelling and we are going to 22101 Redwood road."}, {"frames": [{"actions": [{"act": "REQUEST", "canonical_values": [], "slot": "ride_type", "values": []}], "service": "RideSharing_2", "slots": []}], "speaker": "SYSTEM", "utterance": "What kind of ride are you looking for?"}, {"frames": [{"actions": [{"act": "INFORM", "canonical_values": ["Pool"], "slot": "ride_type", "values": ["Pool"]}], "service": "RideSharing_2", "slots": [], "state": {"active_intent": "GetRide", "requested_slots": [], "slot_values": {"destination": ["22101 Redwood road"], "number_of_seats": ["2"], "ride_type": ["Pool"]}}}], "speaker": "USER", "utterance": "A Pool ride would be best."}, {"frames": [{"actions": [{"act": "CONFIRM", "canonical_values": ["22101 Redwood Road"], "slot": "destination", "values": ["22101 Redwood Road"]}, {"act": "CONFIRM", "canonical_values": ["2"], "slot": "number_of_seats", "values": ["2"]}, {"act": "CONFIRM", "canonical_values": ["Pool"], "slot": "ride_type", "values": ["Pool"]}], "service": "RideSharing_2", "slots": [{"exclusive_end": 77, "slot": "destination", "start": 59}]}], "speaker": "SYSTEM", "utterance": "Okay so to confirm, You'd like a pool ride for 2 people to 22101 Redwood Road."}, {"frames": [{"actions": [{"act": "AFFIRM", "canonical_values": [], "slot": "", "values": []}], "service": "RideSharing_2", "slots": [], "state": {"active_intent": "GetRide", "requested_slots": [], "slot_values": {"destination": ["22101 Redwood Road", "22101 Redwood road"], "number_of_seats": ["2"], "ride_type": ["Pool"]}}}], "speaker": "USER", "utterance": "Yes that's correct."}, {"frames": [{"actions": [{"act": "NOTIFY_SUCCESS", "canonical_values": [], "slot": "", "values": []}], "service": "RideSharing_2", "service_call": {"method": "GetRide", "parameters": {"destination": "22101 Redwood Road", "number_of_seats": "2", "ride_type": "Pool"}}, "service_results": [{"destination": "22101 Redwood Road", "number_of_seats": "2", "ride_fare": "14.91", "ride_type": "Pool", "wait_time": "4"}], "slots": []}], "speaker": "SYSTEM", "utterance": "Your cab has been booked and will be with you shortly."}, {"frames": [{"actions": [{"act": "INFORM", "canonical_values": ["Sushi"], "slot": "cuisine", "values": ["Asian Fusion"]}, {"act": "INFORM_INTENT", "canonical_values": ["FindRestaurants"], "slot": "intent", "values": ["FindRestaurants"]}], "service": "Restaurants_1", "slots": [{"exclusive_end": 36, "slot": "cuisine", "start": 24}], "state": {"active_intent": "FindRestaurants", "requested_slots": [], "slot_values": {"city": ["Castro Valley"], "cuisine": ["Asian Fusion"]}}}], "speaker": "USER", "utterance": "Now I'd like to find an Asian Fusion restaurant nearby."}, {"frames": [{"actions": [{"act": "OFFER", "canonical_values": ["Katsu"], "slot": "restaurant_name", "values": ["Katsu"]}, {"act": "OFFER", "canonical_values": ["Castro Valley"], "slot": "city", "values": ["Castro Valley"]}, {"act": "INFORM_COUNT", "canonical_values": ["1"], "slot": "count", "values": ["1"]}], "service": "Restaurants_1", "service_call": {"method": "FindRestaurants", "parameters": {"city": "Castro Valley", "cuisine": "Sushi"}}, "service_results": [{"city": "Castro Valley", "cuisine": "Sushi", "has_live_music": "False", "phone_number": "510-889-6084", "price_range": "moderate", "restaurant_name": "Katsu", "serves_alcohol": "False", "street_address": "20861 Redwood Road"}], "slots": [{"exclusive_end": 72, "slot": "restaurant_name", "start": 67}, {"exclusive_end": 59, "slot": "city", "start": 46}]}], "speaker": "SYSTEM", "utterance": "There is 1 restaurant that you'd like that in Castro Valley called Katsu."}, {"frames": [{"actions": [{"act": "REQUEST", "canonical_values": [], "slot": "phone_number", "values": []}, {"act": "REQUEST", "canonical_values": [], "slot": "street_address", "values": []}], "service": "Restaurants_1", "slots": [], "state": {"active_intent": "FindRestaurants", "requested_slots": ["phone_number", "street_address"], "slot_values": {"city": ["Castro Valley"], "cuisine": ["Asian Fusion"]}}}], "speaker": "USER", "utterance": "What is their phone number and address?"}, {"frames": [{"actions": [{"act": "INFORM", "canonical_values": ["20861 Redwood Road"], "slot": "street_address", "values": ["20861 Redwood Road"]}, {"act": "INFORM", "canonical_values": ["510-889-6084"], "slot": "phone_number", "values": ["510-889-6084"]}], "service": "Restaurants_1", "slots": [{"exclusive_end": 68, "slot": "street_address", "start": 50}, {"exclusive_end": 28, "slot": "phone_number", "start": 16}]}], "speaker": "SYSTEM", "utterance": "Their number is 510-889-6084 and their address is 20861 Redwood Road."}, {"frames": [{"actions": [{"act": "INFORM_INTENT", "canonical_values": ["ReserveRestaurant"], "slot": "intent", "values": ["ReserveRestaurant"]}, {"act": "SELECT", "canonical_values": [], "slot": "", "values": []}], "service": "Restaurants_1", "slots": [], "state": {"active_intent": "ReserveRestaurant", "requested_slots": [], "slot_values": {"city": ["Castro Valley"], "cuisine": ["Asian Fusion"], "restaurant_name": ["Katsu"]}}}], "speaker": "USER", "utterance": "Perfect. I'd like to make a reservation."}, {"frames": [{"actions": [{"act": "REQUEST", "canonical_values": [], "slot": "time", "values": []}], "service": "Restaurants_1", "slots": []}], "speaker": "SYSTEM", "utterance": "What time do you need the reservation for?"}, {"frames": [{"actions": [{"act": "INFORM", "canonical_values": ["19:00"], "slot": "time", "values": ["seven pm"]}, {"act": "INFORM", "canonical_values": ["2019-03-01"], "slot": "date", "values": ["March 1st"]}], "service": "Restaurants_1", "slots": [{"exclusive_end": 42, "slot": "time", "start": 34}, {"exclusive_end": 30, "slot": "date", "start": 21}], "state": {"active_intent": "ReserveRestaurant", "requested_slots": [], "slot_values": {"city": ["Castro Valley"], "cuisine": ["Asian Fusion"], "date": ["March 1st"], "restaurant_name": ["Katsu"], "time": ["seven pm"]}}}], "speaker": "USER", "utterance": "I'd like to book for March 1st at seven pm."}, {"frames": [{"actions": [{"act": "CONFIRM", "canonical_values": ["Katsu"], "slot": "restaurant_name", "values": ["Katsu"]}, {"act": "CONFIRM", "canonical_values": ["Castro Valley"], "slot": "city", "values": ["Castro Valley"]}, {"act": "CONFIRM", "canonical_values": ["19:00"], "slot": "time", "values": ["7 pm"]}, {"act": "CONFIRM", "canonical_values": ["2"], "slot": "party_size", "values": ["2"]}, {"act": "CONFIRM", "canonical_values": ["2019-03-01"], "slot": "date", "values": ["March 1st"]}], "service": "Restaurants_1", "slots": [{"exclusive_end": 55, "slot": "restaurant_name", "start": 50}, {"exclusive_end": 72, "slot": "city", "start": 59}, {"exclusive_end": 93, "slot": "time", "start": 89}, {"exclusive_end": 85, "slot": "date", "start": 76}]}], "speaker": "SYSTEM", "utterance": "Okay sure. So you'd like to book a table for 2 at Katsu in Castro Valley on March 1st at 7 pm."}, {"frames": [{"actions": [{"act": "AFFIRM", "canonical_values": [], "slot": "", "values": []}], "service": "Restaurants_1", "slots": [], "state": {"active_intent": "ReserveRestaurant", "requested_slots": [], "slot_values": {"city": ["Castro Valley"], "cuisine": ["Asian Fusion"], "date": ["March 1st"], "party_size": ["2"], "restaurant_name": ["Katsu"], "time": ["7 pm", "seven pm"]}}}], "speaker": "USER", "utterance": "That sounds great."}, {"frames": [{"actions": [{"act": "NOTIFY_SUCCESS", "canonical_values": [], "slot": "", "values": []}], "service": "Restaurants_1", "service_call": {"method": "ReserveRestaurant", "parameters": {"city": "Castro Valley", "date": "2019-03-01", "party_size": "2", "restaurant_name": "Katsu", "time": "19:00"}}, "service_results": [{"city": "Castro Valley", "cuisine": "Sushi", "date": "2019-03-01", "has_live_music": "False", "party_size": "2", "phone_number": "510-889-6084", "price_range": "moderate", "restaurant_name": "Katsu", "serves_alcohol": "False", "street_address": "20861 Redwood Road", "time": "19:00"}], "slots": []}], "speaker": "SYSTEM", "utterance": "Your reservation has been confirmed."}, {"frames": [{"actions": [{"act": "REQUEST", "canonical_values": ["inexpensive"], "slot": "price_range", "values": ["inexpensive"]}], "service": "Restaurants_1", "slots": [], "state": {"active_intent": "ReserveRestaurant", "requested_slots": ["price_range"], "slot_values": {"city": ["Castro Valley"], "cuisine": ["Asian Fusion"], "date": ["March 1st"], "party_size": ["2"], "restaurant_name": ["Katsu"], "time": ["7 pm", "seven pm"]}}}], "speaker": "USER", "utterance": "What is their price range? Are they inexpensive?"}, {"frames": [{"actions": [{"act": "INFORM", "canonical_values": ["moderate"], "slot": "price_range", "values": ["moderate"]}], "service": "Restaurants_1", "slots": []}], "speaker": "SYSTEM", "utterance": "Their prices are moderate."}, {"frames": [{"actions": [{"act": "THANK_YOU", "canonical_values": [], "slot": "", "values": []}, {"act": "GOODBYE", "canonical_values": [], "slot": "", "values": []}], "service": "Restaurants_1", "slots": [], "state": {"active_intent": "ReserveRestaurant", "requested_slots": [], "slot_values": {"city": ["Castro Valley"], "cuisine": ["Asian Fusion"], "date": ["March 1st"], "party_size": ["2"], "restaurant_name": ["Katsu"], "time": ["7 pm", "seven pm"]}}}], "speaker": "USER", "utterance": "Thanks. I don't need anything else."}, {"frames": [{"actions": [{"act": "GOODBYE", "canonical_values": [], "slot": "", "values": []}], "service": "Restaurants_1", "slots": []}], "speaker": "SYSTEM", "utterance": "Enjoy your day."}]}, {"dialogue_id": "80_00003", "services": ["Services_3", "RideSharing_2", "Restaurants_1"], "turns": [{"frames": [{"actions": [{"act": "INFORM", "canonical_values": ["San Ramon"], "slot": "city", "values": ["San ramon"]}, {"act": "INFORM", "canonical_values": ["General Practitioner"], "slot": "type", "values": ["General Practitioner"]}, {"act": "INFORM_INTENT", "canonical_values": ["FindProvider"], "slot": "intent", "values": ["FindProvider"]}], "service": "Services_3", "slots": [{"exclusive_end": 50, "slot": "city", "start": 41}], "state": {"active_intent": "FindProvider", "requested_slots": [], "slot_values": {"city": ["San ramon"], "type": ["General Practitioner"]}}}], "speaker": "USER", "utterance": "I need to find a general practitioner in San ramon."}, {"frames": [{"actions": [{"act": "OFFER", "canonical_values": ["Diablo Family Physicians"], "slot": "doctor_name", "values": ["diablo family physicians"]}, {"act": "OFFER", "canonical_values": ["San Ramon"], "slot": "city", "values": ["san ramon"]}, {"act": "OFFER", "canonical_values": ["General Practitioner"], "slot": "type", "values": ["General Practitioner"]}], "service": "Services_3", "service_call": {"method": "FindProvider", "parameters": {"city": "San Ramon", "type": "General Practitioner"}}, "service_results": [{"average_rating": "4.70", "city": "San Ramon", "doctor_name": "Diablo Family Physicians", "phone_number": "925-866-1005", "street_address": "2305 Camino Ramon Suite 100", "type": "General Practitioner"}, {"average_rating": "3.80", "city": "San Ramon", "doctor_name": "Erik Gracer, MD", "phone_number": "925-362-1001", "street_address": "2100 Monument Boulevard #8", "type": "General Practitioner"}, {"average_rating": "3.70", "city": "San Ramon", "doctor_name": "Gracer Richard I MD", "phone_number": "925-277-1100", "street_address": "1320 El Capitan Drive Suite #400", "type": "General Practitioner"}, {"average_rating": "5.00", "city": "San Ramon", "doctor_name": "Ma. Theresa Egasani-Elises, MD", "phone_number": "925-866-8050", "street_address": "4050 Dublin Boulevard #2", "type": "General Practitioner"}, {"average_rating": "4.00", "city": "San Ramon", "doctor_name": "Ralph Fong Jr., MD", "phone_number": "925-837-3913", "street_address": "7601 Stoneridge Drive", "type": "General Practitioner"}, {"average_rating": "4.00", "city": "San Ramon", "doctor_name": "San Ramon Valley Family Medicine", "phone_number": "925-905-8970", "street_address": "5401 Norris Canyon Road #204", "type": "General Practitioner"}, {"average_rating": "3.70", "city": "San Ramon", "doctor_name": "Severance Douglas E MD", "phone_number": "925-275-0400", "street_address": "5401 Norris Canyon Road #102", "type": "General Practitioner"}], "slots": [{"exclusive_end": 76, "slot": "doctor_name", "start": 52}, {"exclusive_end": 44, "slot": "city", "start": 35}]}], "speaker": "SYSTEM", "utterance": "There is a general practitioner in san ramon called diablo family physicians. Would you like to go there?"}, {"frames": [{"actions": [{"act": "SELECT", "canonical_values": [], "slot": "", "values": []}], "service": "Services_3", "slots": [], "state": {"active_intent": "FindProvider", "requested_slots": [], "slot_values": {"city": ["San ramon", "san ramon"], "doctor_name": ["diablo family physicians"], "type": ["General Practitioner"]}}}], "speaker": "USER", "utterance": "Yes, why not?"}, {"frames": [{"actions": [{"act": "OFFER_INTENT", "canonical_values": ["BookAppointment"], "slot": "intent", "values": ["BookAppointment"]}], "service": "Services_3", "slots": []}], "speaker": "SYSTEM", "utterance": "Would you like to book a visit?"}, {"frames": [{"actions": [{"act": "NEGATE_INTENT", "canonical_values": [], "slot": "", "values": []}], "service": "Services_3", "slots": [], "state": {"active_intent": "NONE", "requested_slots": [], "slot_values": {"city": ["San ramon", "san ramon"], "doctor_name": ["diablo family physicians"], "type": ["General Practitioner"]}}}, {"actions": [{"act": "INFORM_INTENT", "canonical_values": ["GetRide"], "slot": "intent", "values": ["GetRide"]}], "service": "RideSharing_2", "slots": [], "state": {"active_intent": "GetRide", "requested_slots": [], "slot_values": {}}}], "speaker": "USER", "utterance": "No, not really. I would need a cab to get there."}, {"frames": [{"actions": [{"act": "REQUEST", "canonical_values": [], "slot": "number_of_seats", "values": []}], "service": "RideSharing_2", "slots": []}], "speaker": "SYSTEM", "utterance": "How many seats?"}, {"frames": [{"actions": [{"act": "INFORM", "canonical_values": ["2"], "slot": "number_of_seats", "values": ["2"]}], "service": "RideSharing_2", "slots": [], "state": {"active_intent": "GetRide", "requested_slots": [], "slot_values": {"number_of_seats": ["2"]}}}], "speaker": "USER", "utterance": "For two persons."}, {"frames": [{"actions": [{"act": "REQUEST", "canonical_values": ["Pool", "Luxury"], "slot": "ride_type", "values": ["Pool", "Luxury"]}], "service": "RideSharing_2", "slots": []}], "speaker": "SYSTEM", "utterance": "Would you like a pool or luxury ride or maybe something else?"}, {"frames": [{"actions": [{"act": "INFORM", "canonical_values": ["Luxury"], "slot": "ride_type", "values": ["Luxury"]}], "service": "RideSharing_2", "slots": [], "state": {"active_intent": "GetRide", "requested_slots": [], "slot_values": {"number_of_seats": ["2"], "ride_type": ["Luxury"]}}}], "speaker": "USER", "utterance": "A luxury ride would be ideal."}, {"frames": [{"actions": [{"act": "REQUEST", "canonical_values": ["2305 Camino Ramon Suite 100"], "slot": "destination", "values": ["2305 camino ramon suite 100"]}], "service": "RideSharing_2", "slots": [{"exclusive_end": 51, "slot": "destination", "start": 24}]}], "speaker": "SYSTEM", "utterance": "You would like to go to 2305 camino ramon suite 100?"}, {"frames": [{"actions": [{"act": "AFFIRM", "canonical_values": [], "slot": "", "values": []}], "service": "RideSharing_2", "slots": [], "state": {"active_intent": "GetRide", "requested_slots": [], "slot_values": {"destination": ["2305 camino ramon suite 100"], "number_of_seats": ["2"], "ride_type": ["Luxury"]}}}], "speaker": "USER", "utterance": "Yes, that would be great."}, {"frames": [{"actions": [{"act": "CONFIRM", "canonical_values": ["2305 Camino Ramon Suite 100"], "slot": "destination", "values": ["2305 camino ramon suite 100"]}, {"act": "CONFIRM", "canonical_values": ["2"], "slot": "number_of_seats", "values": ["2"]}, {"act": "CONFIRM", "canonical_values": ["Luxury"], "slot": "ride_type", "values": ["Luxury"]}], "service": "RideSharing_2", "slots": [{"exclusive_end": 65, "slot": "destination", "start": 38}]}], "speaker": "SYSTEM", "utterance": "You would like a luxury ride for 2 to 2305 camino ramon suite 100."}, {"frames": [{"actions": [{"act": "AFFIRM", "canonical_values": [], "slot": "", "values": []}], "service": "RideSharing_2", "slots": [], "state": {"active_intent": "GetRide", "requested_slots": [], "slot_values": {"destination": ["2305 camino ramon suite 100"], "number_of_seats": ["2"], "ride_type": ["Luxury"]}}}], "speaker": "USER", "utterance": "That would be great."}, {"frames": [{"actions": [{"act": "NOTIFY_SUCCESS", "canonical_values": [], "slot": "", "values": []}], "service": "RideSharing_2", "service_call": {"method": "GetRide", "parameters": {"destination": "2305 Camino Ramon Suite 100", "number_of_seats": "2", "ride_type": "Luxury"}}, "service_results": [{"destination": "2305 Camino Ramon Suite 100", "number_of_seats": "2", "ride_fare": "41.44", "ride_type": "Luxury", "wait_time": "8"}], "slots": []}], "speaker": "SYSTEM", "utterance": "Your cab would be arriving shortly."}, {"frames": [{"actions": [{"act": "INFORM_INTENT", "canonical_values": ["FindRestaurants"], "slot": "intent", "values": ["FindRestaurants"]}], "service": "Restaurants_1", "slots": [], "state": {"active_intent": "FindRestaurants", "requested_slots": [], "slot_values": {"city": ["San ramon", "san ramon"]}}}], "speaker": "USER", "utterance": "I will need to get a bite to eat when I get there."}, {"frames": [{"actions": [{"act": "REQUEST", "canonical_values": [], "slot": "cuisine", "values": []}], "service": "Restaurants_1", "slots": []}], "speaker": "SYSTEM", "utterance": "What type of cuisine?"}, {"frames": [{"actions": [{"act": "INFORM", "canonical_values": ["Chinese"], "slot": "cuisine", "values": ["noodles"]}], "service": "Restaurants_1", "slots": [{"exclusive_end": 21, "slot": "cuisine", "start": 14}], "state": {"active_intent": "FindRestaurants", "requested_slots": [], "slot_values": {"city": ["San ramon", "san ramon"], "cuisine": ["noodles"]}}}], "speaker": "USER", "utterance": "I want to eat noodles."}, {"frames": [{"actions": [{"act": "OFFER", "canonical_values": ["Inchin's Bamboo Garden"], "slot": "restaurant_name", "values": ["Inchin's bamboo garden"]}, {"act": "OFFER", "canonical_values": ["San Ramon"], "slot": "city", "values": ["san ramon"]}], "service": "Restaurants_1", "service_call": {"method": "FindRestaurants", "parameters": {"city": "San Ramon", "cuisine": "Chinese"}}, "service_results": [{"city": "San Ramon", "cuisine": "Chinese", "has_live_music": "False", "phone_number": "925-415-3236", "price_range": "moderate", "restaurant_name": "Inchin's Bamboo Garden", "serves_alcohol": "True", "street_address": "17900 San Ramon Valley Boulevard"}, {"city": "San Ramon", "cuisine": "Chinese", "has_live_music": "False", "phone_number": "925-838-9600", "price_range": "inexpensive", "restaurant_name": "Three Brothers From China", "serves_alcohol": "False", "street_address": "2211 San Ramon Valley Boulevard H"}], "slots": [{"exclusive_end": 26, "slot": "restaurant_name", "start": 4}, {"exclusive_end": 62, "slot": "city", "start": 53}]}], "speaker": "SYSTEM", "utterance": "The Inchin's bamboo garden is a lovely restaurant in san ramon."}, {"frames": [{"actions": [{"act": "INFORM", "canonical_values": ["18:00"], "slot": "time", "values": ["18:00"]}, {"act": "INFORM", "canonical_values": ["1"], "slot": "party_size", "values": ["1"]}, {"act": "INFORM_INTENT", "canonical_values": ["ReserveRestaurant"], "slot": "intent", "values": ["ReserveRestaurant"]}, {"act": "SELECT", "canonical_values": [], "slot": "", "values": []}], "service": "Restaurants_1", "slots": [{"exclusive_end": 51, "slot": "time", "start": 46}], "state": {"active_intent": "ReserveRestaurant", "requested_slots": [], "slot_values": {"city": ["San ramon", "san ramon"], "cuisine": ["noodles"], "party_size": ["1"], "restaurant_name": ["Inchin's bamboo garden"], "time": ["18:00"]}}}], "speaker": "USER", "utterance": "Would you like to make a reservation for 1 at 18:00?"}, {"frames": [{"actions": [{"act": "CONFIRM", "canonical_values": ["Inchin's Bamboo Garden"], "slot": "restaurant_name", "values": ["inchin's bamboo garden"]}, {"act": "CONFIRM", "canonical_values": ["San Ramon"], "slot": "city", "values": ["san ramon"]}, {"act": "CONFIRM", "canonical_values": ["18:00"], "slot": "time", "values": ["6 pm"]}, {"act": "CONFIRM", "canonical_values": ["1"], "slot": "party_size", "values": ["1"]}, {"act": "CONFIRM", "canonical_values": ["2019-03-01"], "slot": "date", "values": ["March 1st"]}], "service": "Restaurants_1", "slots": [{"exclusive_end": 54, "slot": "restaurant_name", "start": 32}, {"exclusive_end": 67, "slot": "city", "start": 58}, {"exclusive_end": 76, "slot": "time", "start": 72}, {"exclusive_end": 89, "slot": "date", "start": 80}]}], "speaker": "SYSTEM", "utterance": "You would like a table for 1 at inchin's bamboo garden in san ramon for 6 pm on March 1st?"}, {"frames": [{"actions": [{"act": "REQUEST", "canonical_values": [], "slot": "has_live_music", "values": []}, {"act": "REQUEST", "canonical_values": [], "slot": "street_address", "values": []}, {"act": "AFFIRM", "canonical_values": [], "slot": "", "values": []}], "service": "Restaurants_1", "slots": [], "state": {"active_intent": "ReserveRestaurant", "requested_slots": ["has_live_music", "street_address"], "slot_values": {"city": ["San ramon", "san ramon"], "cuisine": ["noodles"], "date": ["March 1st"], "party_size": ["1"], "restaurant_name": ["Inchin's bamboo garden", "inchin's bamboo garden"], "time": ["18:00", "6 pm"]}}}], "speaker": "USER", "utterance": "Yes, that would be great. Is there live music and what is the address?"}, {"frames": [{"actions": [{"act": "INFORM", "canonical_values": ["False"], "slot": "has_live_music", "values": ["False"]}, {"act": "INFORM", "canonical_values": ["17900 San Ramon Valley Boulevard"], "slot": "street_address", "values": ["17900 san ramon valley boulevard"]}, {"act": "NOTIFY_SUCCESS", "canonical_values": [], "slot": "", "values": []}], "service": "Restaurants_1", "service_call": {"method": "ReserveRestaurant", "parameters": {"city": "San Ramon", "date": "2019-03-01", "party_size": "1", "restaurant_name": "Inchin's Bamboo Garden", "time": "18:00"}}, "service_results": [{"city": "San Ramon", "cuisine": "Chinese", "date": "2019-03-01", "has_live_music": "False", "party_size": "1", "phone_number": "925-415-3236", "price_range": "moderate", "restaurant_name": "Inchin's Bamboo Garden", "serves_alcohol": "True", "street_address": "17900 San Ramon Valley Boulevard", "time": "18:00"}], "slots": [{"exclusive_end": 100, "slot": "street_address", "start": 68}]}], "speaker": "SYSTEM", "utterance": "I have made the reservation. There is no live music. The address is 17900 san ramon valley boulevard."}, {"frames": [{"actions": [{"act": "THANK_YOU", "canonical_values": [], "slot": "", "values": []}], "service": "Restaurants_1", "slots": [], "state": {"active_intent": "ReserveRestaurant", "requested_slots": [], "slot_values": {"city": ["San ramon", "san ramon"], "cuisine": ["noodles"], "date": ["March 1st"], "party_size": ["1"], "restaurant_name": ["Inchin's bamboo garden", "inchin's bamboo garden"], "time": ["18:00", "6 pm"]}}}], "speaker": "USER", "utterance": "Thanks a lot."}, {"frames": [{"actions": [{"act": "REQ_MORE", "canonical_values": [], "slot": "", "values": []}], "service": "Restaurants_1", "slots": []}], "speaker": "SYSTEM", "utterance": "Is there anything else?"}, {"frames": [{"actions": [{"act": "NEGATE", "canonical_values": [], "slot": "", "values": []}, {"act": "THANK_YOU", "canonical_values": [], "slot": "", "values": []}], "service": "Restaurants_1", "slots": [], "state": {"active_intent": "NONE", "requested_slots": [], "slot_values": {"city": ["San ramon", "san ramon"], "cuisine": ["noodles"], "date": ["March 1st"], "party_size": ["1"], "restaurant_name": ["Inchin's bamboo garden", "inchin's bamboo garden"], "time": ["18:00", "6 pm"]}}}], "speaker": "USER", "utterance": "No. Thanks a lot."}, {"frames": [{"actions": [{"act": "GOODBYE", "canonical_values": [], "slot": "", "values": []}], "service": "Restaurants_1", "slots": []}], "speaker": "SYSTEM", "utterance": "Enjoy your day."}]}, {"dialogue_id": "80_00004", "services": ["Services_3", "RideSharing_2", "Restaurants_1"], "turns": [{"frames": [{"actions": [{"act": "INFORM_INTENT", "canonical_values": ["FindProvider"], "slot": "intent", "values": ["FindProvider"]}], "service": "Services_3", "slots": [], "state": {"active_intent": "FindProvider", "requested_slots": [], "slot_values": {}}}], "speaker": "USER", "utterance": "I want to find a doctor."}, {"frames": [{"actions": [{"act": "REQUEST", "canonical_values": [], "slot": "type", "values": []}, {"act": "REQUEST", "canonical_values": [], "slot": "city", "values": []}], "service": "Services_3", "slots": []}], "speaker": "SYSTEM", "utterance": "What kind of doctor and in what city?"}, {"frames": [{"actions": [{"act": "INFORM", "canonical_values": ["Walnut Creek"], "slot": "city", "values": ["Walnut Creek"]}, {"act": "INFORM", "canonical_values": ["General Practitioner"], "slot": "type", "values": ["General Practitioner"]}], "service": "Services_3", "slots": [{"exclusive_end": 53, "slot": "city", "start": 41}], "state": {"active_intent": "FindProvider", "requested_slots": [], "slot_values": {"city": ["Walnut Creek"], "type": ["General Practitioner"]}}}], "speaker": "USER", "utterance": "I want to find a general practitioner in Walnut Creek."}, {"frames": [{"actions": [{"act": "OFFER", "canonical_values": ["Alphaeus Wise, MD"], "slot": "doctor_name", "values": ["Alphaeus Wise, MD"]}, {"act": "OFFER", "canonical_values": ["Walnut Creek"], "slot": "city", "values": ["Walnut Creek"]}, {"act": "OFFER", "canonical_values": ["General Practitioner"], "slot": "type", "values": ["General Practitioner"]}], "service": "Services_3", "service_call": {"method": "FindProvider", "parameters": {"city": "Walnut Creek", "type": "General Practitioner"}}, "service_results": [{"average_rating": "4.60", "city": "Walnut Creek", "doctor_name": "Alphaeus Wise, MD", "phone_number": "925-935-3113", "street_address": "1181 Boulevard Way B", "type": "General Practitioner"}, {"average_rating": "5.00", "city": "Walnut Creek", "doctor_name": "Catherine Wang, MD", "phone_number": "925-947-0417", "street_address": "2621 Shadelands Drive", "type": "General Practitioner"}, {"average_rating": "5.00", "city": "Walnut Creek", "doctor_name": "Chang David C H MD", "phone_number": "925-944-9193", "street_address": "1981 North Broadway, Walnut Creek, CA 94596", "type": "General Practitioner"}, {"average_rating": "4.80", "city": "Walnut Creek", "doctor_name": "Chong Mee-Jin MD", "phone_number": "925-932-8938", "street_address": "120 La Casa Via", "type": "General Practitioner"}, {"average_rating": "3.70", "city": "Walnut Creek", "doctor_name": "Dr. Mark N. Isaacs, MD", "phone_number": "925-945-8656", "street_address": "2621 Shadelands Drive", "type": "General Practitioner"}, {"average_rating": "5.00", "city": "Walnut Creek", "doctor_name": "Dr. Sujay Banerjee, MD", "phone_number": "925-295-5100", "street_address": "3466 Mount Diablo Boulevard Suite C-104", "type": "General Practitioner"}, {"average_rating": "5.00", "city": "Walnut Creek", "doctor_name": "Family Practice: Dudler Jack E MD", "phone_number": "925-943-5757", "street_address": "1812 San Miguel Drive", "type": "General Practitioner"}, {"average_rating": "3.70", "city": "Walnut Creek", "doctor_name": "Jasleen Sohal, MD", "phone_number": "925-296-9736", "street_address": "1450 Treat Boulevard Suite 320", "type": "General Practitioner"}, {"average_rating": "5.00", "city": "Walnut Creek", "doctor_name": "Kishore Nath, MD", "phone_number": "925-296-9880", "street_address": "1450 Treat Boulevard Suite 320", "type": "General Practitioner"}, {"average_rating": "5.00", "city": "Walnut Creek", "doctor_name": "Stuart A Bussey Inc: Bussey Stuart A MD", "phone_number": "925-934-7691", "street_address": "1181 Boulevard Way suite b", "type": "General Practitioner"}], "slots": [{"exclusive_end": 28, "slot": "doctor_name", "start": 11}, {"exclusive_end": 77, "slot": "city", "start": 65}]}], "speaker": "SYSTEM", "utterance": "What about Alphaeus Wise, MD? They are a general practitioner in Walnut Creek."}, {"frames": [{"actions": [{"act": "SELECT", "canonical_values": [], "slot": "", "values": []}], "service": "Services_3", "slots": [], "state": {"active_intent": "FindProvider", "requested_slots": [], "slot_values": {"city": ["Walnut Creek"], "doctor_name": ["Alphaeus Wise, MD"], "type": ["General Practitioner"]}}}], "speaker": "USER", "utterance": "Yes, sounds good."}, {"frames": [{"actions": [{"act": "OFFER_INTENT", "canonical_values": ["BookAppointment"], "slot": "intent", "values": ["BookAppointment"]}], "service": "Services_3", "slots": []}], "speaker": "SYSTEM", "utterance": "Do you want to schedule a visit?"}, {"frames": [{"actions": [{"act": "NEGATE_INTENT", "canonical_values": [], "slot": "", "values": []}], "service": "Services_3", "slots": [], "state": {"active_intent": "NONE", "requested_slots": [], "slot_values": {"city": ["Walnut Creek"], "doctor_name": ["Alphaeus Wise, MD"], "type": ["General Practitioner"]}}}, {"actions": [{"act": "INFORM", "canonical_values": ["Regular"], "slot": "ride_type", "values": ["Regular"]}, {"act": "INFORM", "canonical_values": ["1"], "slot": "number_of_seats", "values": ["1"]}, {"act": "INFORM", "canonical_values": ["1181 Boulevard Way B"], "slot": "destination", "values": ["1181 Boulevard Way B"]}, {"act": "INFORM_INTENT", "canonical_values": ["GetRide"], "slot": "intent", "values": ["GetRide"]}], "service": "RideSharing_2", "slots": [{"exclusive_end": 99, "slot": "destination", "start": 79}], "state": {"active_intent": "GetRide", "requested_slots": [], "slot_values": {"destination": ["1181 Boulevard Way B"], "number_of_seats": ["1"], "ride_type": ["Regular"]}}}], "speaker": "USER", "utterance": "No, thanks. Can you find a cab there? I want to find a regular ride for one to 1181 Boulevard Way B."}, {"frames": [{"actions": [{"act": "CONFIRM", "canonical_values": ["1181 Boulevard Way B"], "slot": "destination", "values": ["1181 Boulevard Way B"]}, {"act": "CONFIRM", "canonical_values": ["1"], "slot": "number_of_seats", "values": ["1"]}, {"act": "CONFIRM", "canonical_values": ["Regular"], "slot": "ride_type", "values": ["Regular"]}], "service": "RideSharing_2", "slots": [{"exclusive_end": 60, "slot": "destination", "start": 40}]}], "speaker": "SYSTEM", "utterance": "Please confirm: a regular ride for 1 to 1181 Boulevard Way B."}, {"frames": [{"actions": [{"act": "AFFIRM", "canonical_values": [], "slot": "", "values": []}], "service": "RideSharing_2", "slots": [], "state": {"active_intent": "GetRide", "requested_slots": [], "slot_values": {"destination": ["1181 Boulevard Way B"], "number_of_seats": ["1"], "ride_type": ["Regular"]}}}], "speaker": "USER", "utterance": "Yes, sounds good."}, {"frames": [{"actions": [{"act": "NOTIFY_SUCCESS", "canonical_values": [], "slot": "", "values": []}], "service": "RideSharing_2", "service_call": {"method": "GetRide", "parameters": {"destination": "1181 Boulevard Way B", "number_of_seats": "1", "ride_type": "Regular"}}, "service_results": [{"destination": "1181 Boulevard Way B", "number_of_seats": "1", "ride_fare": "24.18", "ride_type": "Regular", "wait_time": "7"}], "slots": []}], "speaker": "SYSTEM", "utterance": "Your ride has been book and is on its way."}, {"frames": [{"actions": [{"act": "THANK_YOU", "canonical_values": [], "slot": "", "values": []}], "service": "RideSharing_2", "slots": [], "state": {"active_intent": "GetRide", "requested_slots": [], "slot_values": {"destination": ["1181 Boulevard Way B"], "number_of_seats": ["1"], "ride_type": ["Regular"]}}}, {"actions": [{"act": "INFORM", "canonical_values": ["Italian"], "slot": "cuisine", "values": ["pasta"]}, {"act": "INFORM", "canonical_values": ["moderate"], "slot": "price_range", "values": ["moderate"]}, {"act": "INFORM_INTENT", "canonical_values": ["FindRestaurants"], "slot": "intent", "values": ["FindRestaurants"]}], "service": "Restaurants_1", "slots": [{"exclusive_end": 53, "slot": "cuisine", "start": 48}], "state": {"active_intent": "FindRestaurants", "requested_slots": [], "slot_values": {"city": ["Walnut Creek"], "cuisine": ["pasta"], "price_range": ["moderate"]}}}], "speaker": "USER", "utterance": "Thanks. I want to find a restaurant that serves pasta. I want something intermediate priced."}, {"frames": [{"actions": [{"act": "OFFER", "canonical_values": ["Caffe Delle Stelle Restaurant"], "slot": "restaurant_name", "values": ["Caffe Delle Stelle Restaurant"]}, {"act": "OFFER", "canonical_values": ["Walnut Creek"], "slot": "city", "values": ["Walnut Creek"]}, {"act": "INFORM_COUNT", "canonical_values": ["5"], "slot": "count", "values": ["5"]}], "service": "Restaurants_1", "service_call": {"method": "FindRestaurants", "parameters": {"city": "Walnut Creek", "cuisine": "Italian", "price_range": "moderate"}}, "service_results": [{"city": "Walnut Creek", "cuisine": "Italian", "has_live_music": "False", "phone_number": "510-943-1094", "price_range": "moderate", "restaurant_name": "Caffe Delle Stelle Restaurant", "serves_alcohol": "True", "street_address": "1532 North Main Street"}, {"city": "Walnut Creek", "cuisine": "Italian", "has_live_music": "False", "phone_number": "925-939-9060", "price_range": "moderate", "restaurant_name": "Il Pavone", "serves_alcohol": "False", "street_address": "2291 Olympic Boulevard"}, {"city": "Walnut Creek", "cuisine": "Italian", "has_live_music": "False", "phone_number": "925-943-6608", "price_range": "moderate", "restaurant_name": "Montecatini Ristorante", "serves_alcohol": "True", "street_address": "1528 Civic Drive"}, {"city": "Walnut Creek", "cuisine": "Italian", "has_live_music": "False", "phone_number": "925-930-7774", "price_range": "moderate", "restaurant_name": "Pasta Primavera", "serves_alcohol": "False", "street_address": "2997 North Main Street"}, {"city": "Walnut Creek", "cuisine": "Italian", "has_live_music": "False", "phone_number": "925-930-9999", "price_range": "moderate", "restaurant_name": "Tomatina", "serves_alcohol": "True", "street_address": "1325 North Main Street"}], "slots": [{"exclusive_end": 52, "slot": "restaurant_name", "start": 23}, {"exclusive_end": 79, "slot": "city", "start": 67}]}], "speaker": "SYSTEM", "utterance": "I found 5 restaurants. Caffe Delle Stelle Restaurant is located in Walnut Creek."}, {"frames": [{"actions": [{"act": "INFORM", "canonical_values": ["3"], "slot": "party_size", "values": ["3"]}, {"act": "INFORM_INTENT", "canonical_values": ["ReserveRestaurant"], "slot": "intent", "values": ["ReserveRestaurant"]}, {"act": "SELECT", "canonical_values": [], "slot": "", "values": []}], "service": "Restaurants_1", "slots": [], "state": {"active_intent": "ReserveRestaurant", "requested_slots": [], "slot_values": {"city": ["Walnut Creek"], "cuisine": ["pasta"], "party_size": ["3"], "price_range": ["moderate"], "restaurant_name": ["Caffe Delle Stelle Restaurant"]}}}], "speaker": "USER", "utterance": "Sounds good. I want to make a reservation for three."}, {"frames": [{"actions": [{"act": "REQUEST", "canonical_values": [], "slot": "time", "values": []}], "service": "Restaurants_1", "slots": []}], "speaker": "SYSTEM", "utterance": "What time?"}, {"frames": [{"actions": [{"act": "INFORM", "canonical_values": ["19:00"], "slot": "time", "values": ["evening 7"]}], "service": "Restaurants_1", "slots": [{"exclusive_end": 35, "slot": "time", "start": 26}], "state": {"active_intent": "ReserveRestaurant", "requested_slots": [], "slot_values": {"city": ["Walnut Creek"], "cuisine": ["pasta"], "party_size": ["3"], "price_range": ["moderate"], "restaurant_name": ["Caffe Delle Stelle Restaurant"], "time": ["evening 7"]}}}], "speaker": "USER", "utterance": "I want to make it for the evening 7."}, {"frames": [{"actions": [{"act": "CONFIRM", "canonical_values": ["Caffe Delle Stelle Restaurant"], "slot": "restaurant_name", "values": ["Caffe Delle Stelle Restaurant"]}, {"act": "CONFIRM", "canonical_values": ["Walnut Creek"], "slot": "city", "values": ["Walnut Creek"]}, {"act": "CONFIRM", "canonical_values": ["19:00"], "slot": "time", "values": ["7 pm"]}, {"act": "CONFIRM", "canonical_values": ["3"], "slot": "party_size", "values": ["3"]}, {"act": "CONFIRM", "canonical_values": ["2019-03-01"], "slot": "date", "values": ["March 1st"]}], "service": "Restaurants_1", "slots": [{"exclusive_end": 62, "slot": "restaurant_name", "start": 33}, {"exclusive_end": 78, "slot": "city", "start": 66}, {"exclusive_end": 99, "slot": "time", "start": 95}, {"exclusive_end": 91, "slot": "date", "start": 82}]}], "speaker": "SYSTEM", "utterance": "Please confirm: a table for 3 at Caffe Delle Stelle Restaurant in Walnut Creek on March 1st at 7 pm."}, {"frames": [{"actions": [{"act": "AFFIRM", "canonical_values": [], "slot": "", "values": []}], "service": "Restaurants_1", "slots": [], "state": {"active_intent": "ReserveRestaurant", "requested_slots": [], "slot_values": {"city": ["Walnut Creek"], "cuisine": ["pasta"], "date": ["March 1st"], "party_size": ["3"], "price_range": ["moderate"], "restaurant_name": ["Caffe Delle Stelle Restaurant"], "time": ["7 pm", "evening 7"]}}}], "speaker": "USER", "utterance": "Yes, sounds good."}, {"frames": [{"actions": [{"act": "NOTIFY_SUCCESS", "canonical_values": [], "slot": "", "values": []}], "service": "Restaurants_1", "service_call": {"method": "ReserveRestaurant", "parameters": {"city": "Walnut Creek", "date": "2019-03-01", "party_size": "3", "restaurant_name": "Caffe Delle Stelle Restaurant", "time": "19:00"}}, "service_results": [{"city": "Walnut Creek", "cuisine": "Italian", "date": "2019-03-01", "has_live_music": "False", "party_size": "3", "phone_number": "510-943-1094", "price_range": "moderate", "restaurant_name": "Caffe Delle Stelle Restaurant", "serves_alcohol": "True", "street_address": "1532 North Main Street", "time": "19:00"}], "slots": []}], "speaker": "SYSTEM", "utterance": "Your reservation has been made."}, {"frames": [{"actions": [{"act": "REQUEST", "canonical_values": [], "slot": "has_live_music", "values": []}], "service": "Restaurants_1", "slots": [], "state": {"active_intent": "ReserveRestaurant", "requested_slots": ["has_live_music"], "slot_values": {"city": ["Walnut Creek"], "cuisine": ["pasta"], "date": ["March 1st"], "party_size": ["3"], "price_range": ["moderate"], "restaurant_name": ["Caffe Delle Stelle Restaurant"], "time": ["7 pm", "evening 7"]}}}], "speaker": "USER", "utterance": "Is there live music?"}, {"frames": [{"actions": [{"act": "INFORM", "canonical_values": ["False"], "slot": "has_live_music", "values": ["False"]}], "service": "Restaurants_1", "slots": []}], "speaker": "SYSTEM", "utterance": "No, there's no live music."}, {"frames": [{"actions": [{"act": "THANK_YOU", "canonical_values": [], "slot": "", "values": []}], "service": "Restaurants_1", "slots": [], "state": {"active_intent": "ReserveRestaurant", "requested_slots": [], "slot_values": {"city": ["Walnut Creek"], "cuisine": ["pasta"], "date": ["March 1st"], "party_size": ["3"], "price_range": ["moderate"], "restaurant_name": ["Caffe Delle Stelle Restaurant"], "time": ["7 pm", "evening 7"]}}}], "speaker": "USER", "utterance": "Thanks so much."}, {"frames": [{"actions": [{"act": "REQ_MORE", "canonical_values": [], "slot": "", "values": []}], "service": "Restaurants_1", "slots": []}], "speaker": "SYSTEM", "utterance": "Anything else I can do for you?"}, {"frames": [{"actions": [{"act": "NEGATE", "canonical_values": [], "slot": "", "values": []}, {"act": "THANK_YOU", "canonical_values": [], "slot": "", "values": []}], "service": "Restaurants_1", "slots": [], "state": {"active_intent": "NONE", "requested_slots": [], "slot_values": {"city": ["Walnut Creek"], "cuisine": ["pasta"], "date": ["March 1st"], "party_size": ["3"], "price_range": ["moderate"], "restaurant_name": ["Caffe Delle Stelle Restaurant"], "time": ["7 pm", "evening 7"]}}}], "speaker": "USER", "utterance": "No, thank you."}, {"frames": [{"actions": [{"act": "GOODBYE", "canonical_values": [], "slot": "", "values": []}], "service": "Restaurants_1", "slots": []}], "speaker": "SYSTEM", "utterance": "Have a great day."}]}]