Un avión está despegando.,Un avión está despegando.,5.0
Un hombre está tocando una gran flauta.,Un hombre está tocando una flauta.,3.8
Un hombre está untando queso rallado en una pizza.,Un hombre está untando queso rallado en una pizza cruda.,3.8
Tres hombres están jugando al ajedrez.,Dos hombres están jugando al ajedrez.,2.6
Un hombre está tocando el violonchelo.,Un hombre sentado está tocando el violonchelo.,4.25
Algunos hombres están luchando.,Dos hombres están luchando.,4.25
Un hombre está fumando.,Un hombre está patinando.,0.5
El hombre está tocando el piano.,El hombre está tocando la guitarra.,1.6
Un hombre está tocando en una guitarra y cantando.,Una mujer está tocando una guitarra acústica y cantando.,2.2
