segment_id	annotation_start	annotation_length	severity	severity_weight	category
0	10	4	critical	10.0	Untranslated
0	30	8	critical	10.0	Untranslated
0	39	4	critical	10.0	Untranslated
0	22	7	major	5.0	Other POS Omitted
1	0	6	major	5.0	Lexical Selection
1	40	5	major	5.0	Lexical Selection
1 1 1 1 1	46 49 57 64 71	2 7 6 6 15	major	5.0	Word Order
1	160	13	critical	10.0	Untranslated
1	148	1	major	5.0	Omitted Determiner
3	83	11	critical	10.0	Untranslated
3	69	6	critical	10.0	Untranslated
3	54	14	critical	10.0	Untranslated
3	108	13	critical	10.0	Untranslated
3	169	8	critical	10.0	Untranslated
3	140	11	critical	10.0	Untranslated
3	154	9	critical	10.0	Untranslated
3	253	10	critical	10.0	Untranslated
3	189	12	critical	10.0	Untranslated
3	215	13	critical	10.0	Untranslated
3	280	10	critical	10.0	Untranslated
3	428	1	critical	10.0	Addition
3	42	4	major	5.0	Wrong Preposition
3	231	10	critical	10.0	Untranslated
4	96	10	minor	1.0	Lexical Selection
4	128	14	critical	10.0	Untranslated
4	160	1	major	5.0	Other POS Omitted
4	107	1	critical	10.0	Other POS Omitted
4	108	13	minor	1.0	Overly Literal
4	143	1	major	5.0	Omitted Determiner
11	112	1	major	5.0	Omitted Preposition
10	38	1	major	5.0	Other POS Omitted
10 10	6 28	8 10	major	5.0	Agreement
10	47	23	minor	1.0	Overly Literal
10	74	10	major	5.0	Lexical Selection
10	84	1	major	5.0	Omitted Preposition
10	311	5	major	5.0	Lexical Selection
10	322	3	major	5.0	Wrong Conjunction
9	77	4	critical	10.0	Untranslated
9	63	1	major	5.0	Omitted Preposition
9	91	3	major	5.0	Lexical Selection
9	95	13	major	5.0	Overly Literal
9	255	10	critical	10.0	Untranslated
9	305	8	minor	1.0	Lexical Selection
9	469	26	minor	1.0	Overly Literal
8	29	6	major	5.0	Lexical Selection
8	365	9	major	5.0	Lexical Selection
8	397	6	critical	10.0	Addition
8	391	1	major	5.0	Omitted Determiner
8	465	6	major	5.0	Lexical Selection
9	3	6	major	5.0	Lexical Selection
8	0	12	major	5.0	Overly Literal
8	106	4	major	5.0	Lexical Selection
8	115	24	minor	1.0	Overly Literal
8 8 8	142 149 152	6 2 42	major	5.0	Word Order
8	141	1	major	5.0	Omitted Determiner
8	261	8	major	5.0	Tense/Mood/Aspect
8	275	10	major	5.0	POS
8	270	4	major	5.0	POS
8	289	8	major	5.0	POS
8	297	1	major	5.0	Omitted Pronoun
8	298	4	critical	10.0	Addition
8	312	3	critical	10.0	Addition
8	316	34	major	5.0	Overly Literal
7	0	12	major	5.0	Overly Literal
7	13	3	major	5.0	Overly Literal
7	40	7	major	5.0	Lexical Selection
6 6	0 16	6 6	major	5.0	Agreement
6 6	118 125	6 8	major	5.0	Word Order
6	117	1	major	5.0	Omitted Determiner
6	147	5	major	5.0	Lexical Selection
6	153	21	major	5.0	Overly Literal
6 6	32 56	12 9	major	5.0	Word Order
5	152	5	major	5.0	Lexical Selection
5	234	4	critical	10.0	Untranslated
5	239	8	critical	10.0	Untranslated
5	250	4	critical	10.0	Untranslated
5	397	2	major	5.0	Wrong Preposition
5	399	1	major	5.0	Omitted Determiner
5	513	1	major	5.0	Omitted Preposition
5	572	6	major	5.0	Overly Literal
5	421	27	major	5.0	Overly Literal
5	610	31	major	5.0	Overly Literal
5	685	9	major	5.0	POS
5	798	6	major	5.0	POS
6	78	6	major	5.0	POS
5	871	21	major	5.0	Overly Literal
