segment_id	first_token	last_token	token_after_gap	severity	category
0	2	2	-	critical	Untranslated
0	6	6	-	critical	Untranslated
0	7	7	-	critical	Untranslated
0	5	5	-	major	Other POS Omitted
1	0	0	-	major	Lexical Selection
1	9	9	-	major	Lexical Selection
1 1 1 1 1	10 11 12 13 14	10 11 12 13 15	- - - - -	major	Word Order
1	30	30	-	critical	Untranslated
1	-	-	29	major	Omitted Determiner
3	15	15	-	critical	Untranslated
3	12	12	-	critical	Untranslated
3	10	10	-	critical	Untranslated
3	19	19	-	critical	Untranslated
3	31	31	-	critical	Untranslated
3	26	26	-	critical	Untranslated
3	28	28	-	critical	Untranslated
3	43	43	-	critical	Untranslated
3	35	35	-	critical	Untranslated
3	38	38	-	critical	Untranslated
3	46	46	-	critical	Untranslated
3	68	68	-	critical	Addition
3	9	9	-	major	Wrong Preposition
3	40	40	-	critical	Untranslated
4	16	16	-	minor	Lexical Selection
4	23	23	-	critical	Untranslated
4	27	27	-	major	Other POS Omitted
4	-	-	18	critical	Other POS Omitted
4	18	20	-	minor	Overly Literal
4	-	-	25	major	Omitted Determiner
11	-	-	20	major	Omitted Preposition
10	-	-	6	major	Other POS Omitted
10 10	1 5	1 5	- -	major	Agreement
10	8	12	-	minor	Overly Literal
10	14	14	-	major	Lexical Selection
10	-	-	15	major	Omitted Preposition
10	58	58	-	major	Lexical Selection
10	60	60	-	major	Wrong Conjunction
9	15	15	-	critical	Untranslated
9	-	-	13	major	Omitted Preposition
9	19	19	-	major	Lexical Selection
9	20	22	-	major	Overly Literal
9	49	49	-	critical	Untranslated
9	56	56	-	minor	Lexical Selection
9	84	89	-	minor	Overly Literal
8	4	4	-	major	Lexical Selection
8	64	64	-	major	Lexical Selection
8	70	71	-	critical	Addition
8	-	-	69	major	Omitted Determiner
8	85	85	-	major	Lexical Selection
9	1	1	-	major	Lexical Selection
8	0	1	-	major	Overly Literal
8	17	17	-	major	Lexical Selection
8	20	22	-	minor	Overly Literal
8 8 8	24 25 26	24 25 31	- - -	major	Word Order
8	-	-	24	major	Omitted Determiner
8	44	44	-	major	Tense/Mood/Aspect
8	46	46	-	major	POS
8	45	45	-	major	POS
8	48	48	-	major	POS
8	-	-	49	major	Omitted Pronoun
8	49	49	-	critical	Addition
8	52	52	-	critical	Addition
8	53	59	-	major	Overly Literal
7	0	2	-	major	Overly Literal
7	3	3	-	major	Overly Literal
7	8	8	-	major	Lexical Selection
6 6	0 3	0 3	- -	major	Agreement
6 6	20 21	20 21	- -	major	Word Order
6	-	-	20	major	Omitted Determiner
6	24	24	-	major	Lexical Selection
6	25	28	-	major	Overly Literal
6 6	6 9	7 9	- -	major	Word Order
5	28	28	-	major	Lexical Selection
5	42	42	-	critical	Untranslated
5	43	43	-	critical	Untranslated
5	45	45	-	critical	Untranslated
5	72	72	-	major	Wrong Preposition
5	-	-	73	major	Omitted Determiner
5	-	-	93	major	Omitted Preposition
5	104	105	-	major	Overly Literal
5	78	80	-	major	Overly Literal
5	110	114	-	major	Overly Literal
5	123	123	-	major	POS
5	143	143	-	major	POS
6	12	12	-	major	POS
5	155	157	-	major	Overly Literal
