,Unnamed: 0,ReviewID,Target,Background
0,0,30760312,"Conclusions SC therapy is effective for PAH in pre clinical studies .
These results may help to st and ardise pre clinical animal studies and provide a theoretical basis for clinical trial design in the future .","Background Despite significant progress in drug treatment , the prognosis of patients with advanced pulmonary arterial hypertension ( PAH ) remains extremely poor .
Many pre clinical studies have reported the efficacy of stem cell ( SC ) therapy for PAH ; however , this approach remains controversial .
The aim of this systematic review and meta- analysis is to assess the potential efficacy of SC therapy for PAH ."
1,1,19588356,"There was a trend for endothelin receptor antagonists to reduce mortality ( OR 0.48 ; 95 % CI 0.21 to 1.09 ) , and limited data suggest that endothelin receptor antagonists improve Borg dyspnoea score and cardiopulmonary haemodynamics in symptomatic patients .
Hepatic toxicity was not common , and endothelin receptor antagonists were well tolerated in this population .
Endothelin receptor antagonists can increase exercise capacity , improve WHO/NYHA functional class , prevent WHO/NYHA functional class deterioration , reduce dyspnoea and improve cardiopulmonary haemodynamic variables in patients with pulmonary arterial hypertension with WHO/NYHA functional class II and III .
However , there was only a trend towards endothelin receptor antagonists reducing mortality in patients with pulmonary arterial hypertension .
Efficacy data are strongest in those with idiopathic pulmonary hypertension","BACKGROUND Pulmonary arterial hypertension is a devastating disease , which leads to right heart failure and premature death .
Recent evidence suggests that endothelin receptor antagonists may be promising drugs in the treatment of pulmonary arterial hypertension .
OBJECTIVES To evaluate the efficacy of endothelin receptor antagonists in pulmonary arterial hypertension ."
2,2,23893797,This present meta- analysis suggests that statin pretreatment might be effective in improving myocardial perfusion in STEMI patients,"BACKGROUND To achieve sufficient myocardial perfusion in ST-segment elevation myocardial infa rct ion ( STEMI ) patients receiving primary percutaneous coronary intervention ( PPCI ) , many adjunctive therapies have been proposed .
Previous trials have reported variances in myocardial perfusion improvement for statin pretreatment , which made it inconvincible to confirm the beneficial effects of statins .
Therefore , we performed a systematic review and meta- analysis to determine whether statin pretreatment was effective in improving myocardial perfusion .
HYPOTHESIS Statin pretreatment could improve myocardial perfusion in STEMI patients undergoing PPCI ."
3,3,27167891,"In conclusion , there is a lack of evidence of effectiveness for most waterpipe interventions .","Waterpipe tobacco smoking is growing in popularity despite adverse health effects among users .
We systematic ally review ed the literature , search ing MEDLINE , EMBASE and Web of Science , for interventions targeting prevention and cessation of waterpipe tobacco smoking ."
4,4,28753768,"Several PROMs have been identified to evaluate sexual function in neurologic patients .
Strong evidence was found only for the Multiple Sclerosis Intimacy and Sexuality Question naire-15 and Multiple Sclerosis Intimacy and Sexuality Question naire-19 for patients with MS , although evidence was lacking for certain measurement properties as well .","CONTEXT Impaired sexual function has a significant effect on quality of life .
Various patient-reported outcome measures ( PROMs ) are available to evaluate sexual function .
The quality of the PROMs to be used for neurologic patients remains unknown .
OBJECTIVE To systematic ally review which vali date d PROMs are available to evaluate sexual function in neurologic patients and to critically assess the quality of the validation studies and measurement properties for each identified PROM ."
