0	The presence of communication amid scientific minds was equally important to the success of the Manhattan Project as scientific intellect was. The only cloud hanging over the impressive achievement of the atomic researchers and engineers is what their success truly meant; hundreds of thousands of innocent lives obliterated.
1	The Manhattan Project and its atomic bomb helped bring an end to World War II. Its legacy of peaceful uses of atomic energy continues to have an impact on history and science.
2	Essay on The Manhattan Project - The Manhattan Project The Manhattan Project was to see if making an atomic bomb possible. The success of this project would forever change the world forever making it known that something this powerful can be manmade.
3	The Manhattan Project was the name for a project conducted during World War II, to develop the first atomic bomb. It refers specifically to the period of the project from 194 â¦ 2-1946 under the control of the U.S. Army Corps of Engineers, under the administration of General Leslie R. Groves.
4	versions of each volume as well as complementary websites. The first websiteâThe Manhattan Project: An Interactive Historyâis available on the Office of History and Heritage Resources website, http://www.cfo. doe.gov/me70/history. The Office of History and Heritage Resources and the National Nuclear Security
