<benchmark>
  <entries>
    <entry category="MeanOfTransportation" eid="Id1" shape="(X (X) (X) (X) (X) (X))" shape_type="sibling" size="5">
      <originaltripleset>
        <otriple>A-Rosa_Luna | builder | Germany</otriple>
        <otriple>A-Rosa_Luna | shipDisplacement | 1.85e+09</otriple>
        <otriple>A-Rosa_Luna | topSpeed | "24.0"^^xsd:double</otriple>
        <otriple>A-Rosa_Luna | shipBuilder | "Neptun Werft, Warnemünde,"@en</otriple>
        <otriple>A-Rosa_Luna | MeanOfTransportation/length | "125800.0"^^&lt;http://dbpedia.org/datatype/millimetre&gt;</otriple>
      </originaltripleset>
      <modifiedtripleset>
        <mtriple>A-Rosa_Luna | builder | Germany</mtriple>
        <mtriple>A-Rosa_Luna | shipDisplacement | 1850.0 (tonnes)</mtriple>
        <mtriple>A-Rosa_Luna | topSpeed | 24.0</mtriple>
        <mtriple>A-Rosa_Luna | builder | "Neptun Werft, Warnemünde,"</mtriple>
        <mtriple>A-Rosa_Luna | length | 125800.0 (millimetres)</mtriple>
      </modifiedtripleset>
      <lex comment="good" lid="Id1">The A-Rosa Luna was built by Neptun Werft in Warnemunde, Germany. It has a length of 125.8 metres, a ship displacement of 1850 tonnes, and a top speed of 24.0.</lex>
      <lex comment="good" lid="Id2">Made in Germany by Neptun Werft Warnemunde, and weighing 1850 tons, is a craft called the A-Rosa Luna. It is 125800.0 millimetres in length and has 24 as its top speed.</lex>
      <lex comment="good" lid="Id3">The A-Rosa Luna was built in Germany by Neptun Werft, Warnemünde and is 125800.0 (millimetres) long. That ship displacement is 1850 tons and its top speed is 24.0.</lex>
    </entry>
    </entries>
</benchmark>