<benchmark>
  <entries>
    <entry category="Artist" eid="Id1" shape="(X (X) (X) (X) (X) (X))" shape_type="sibling" size="5">
      <originaltripleset>
        <otriple>Aaron_Bertram | associatedBand | Suburban_Legends</otriple>
        <otriple>Aaron_Bertram | dateOfBirth | "1981-04-03"^^xsd:date</otriple>
        <otriple>Aaron_Bertram | genre | Ska_punk</otriple>
        <otriple>Aaron_Bertram | activeYearsStartYear | "1998"^^xsd:gYear</otriple>
        <otriple>Aaron_Bertram | associatedMusicalArtist | Kids_Imagine_Nation</otriple>
      </originaltripleset>
      <originaltripleset>
        <otriple>Aaron_Bertram | associatedMusicalArtist | Suburban_Legends</otriple>
        <otriple>Aaron_Bertram | dateOfBirth | "1981-04-03"^^xsd:date</otriple>
        <otriple>Aaron_Bertram | genre | Ska_punk</otriple>
        <otriple>Aaron_Bertram | activeYearsStartYear | "1998"^^xsd:gYear</otriple>
        <otriple>Aaron_Bertram | associatedBand | Kids_Imagine_Nation</otriple>
      </originaltripleset>
      <modifiedtripleset>
        <mtriple>Aaron_Bertram | associatedBand/associatedMusicalArtist | Suburban_Legends</mtriple>
        <mtriple>Aaron_Bertram | birthDate | 1981-04-03</mtriple>
        <mtriple>Aaron_Bertram | genre | Ska_punk</mtriple>
        <mtriple>Aaron_Bertram | activeYearsStartYear | 1998</mtriple>
        <mtriple>Aaron_Bertram | associatedBand/associatedMusicalArtist | Kids_Imagine_Nation</mtriple>
      </modifiedtripleset>
      <lex comment="good" lid="Id1">Aaron Bertram was born April 3, 1981 and started performing in 1998. A performer of ska punk music, Aaron Bertram is an artist with the band Kids Imagine Nation and plays for the Suburban Legends band.</lex>
      <lex comment="good" lid="Id2">Aaron Bertram was born April 3, 1981 and started performing in 1998. Aaron Bertram's musical genre is Ska punk and he plays for the Suburban Legends band. Aaron Bertram is an artist with the band Kids Imagine Nation.</lex>
      <lex comment="good" lid="Id3">Aaron Bertram was born on April 3, 1981. He started performing in 1998 and plays for the bands Suburban Legends and Kids Imagine Nation. His musical genre is Ska punk.</lex>
    </entry>
    </entries>
</benchmark>