{"0": {"sentence": " A little boy holding a yellow ball walks by.", "motion": "yes", "motion_entity": "little boy:2\nball:30"}, "1": {"sentence": " The camel walks as the woman leans forward.", "motion": "yes", "motion_entity": "camel:4\nwoman:23"}, "2": {"sentence": " The man mixes up various ingredients and begins laying plaster on the floor.", "motion": "yes", "motion_entity": "man:4\nplaster:55"}, "3": {"sentence": " He continues laying tiles on the floor while looking back to speak to the camera.", "motion": "yes", "motion_entity": "He:0\ntiles:20"}, "4": {"sentence": "Then one man stands in a field holding a wooden object and begins twisting it.", "motion": "yes", "motion_entity": "man:9\nwooden object:41"}}