{"data": [
    {"title": "Sport", "categorie": "Sport", "paragraphs": 
        [{"context": "Je suis un contexte.", 
            "qas": [{"question": "Question 1 ?", "id": "p140295443291664", "answers": [{"text": "Je", "answer_start": 0}]}, 
            {"question": "Quelle est la seconde question ?", "id": "p140295443291520", "answers": [{"text": "Je suis", "answer_start": 0}]} 
            ]}]}, 
    {"title": "Jakob B\u00f6hme", "categorie": "Religion", "paragraphs": 
        [{"context": "Voici le contexte du premier paragraphe du deuxième article.", 
            "qas": [{"question": "Suis-je la troisième question ?", "id": "p140295460356960", "answers": [{"text": "Voici", "answer_start": 0
                }]}     
        ]}]}
    ],
"version":"1.0.0"
}
