index,sentence1,sentence2,label
0,मी गाजरातून एक पिन अडकविली. मी पिन बाहेर काढला तेव्हा त्यात एक छिद्र होते.,गाजराला एक भोक होता.,1
1,जॉनला बिली बरोबर स्टेज दिसला नाही कारण तो खूपच लहान आहे.,जॉन खूप लहान आहे.,1
2,पोलिसांनी टोळीतील सर्व सदस्यांना अटक केली. ते शेजारच्या मादक पदार्थांचा व्यापार रोखण्याचा प्रयत्न करीत होते.,पोलिस परिसरातील मादक पदार्थांचा व्यापार रोखण्याचा प्रयत्न करीत होते.,1
3,स्टीव्ह प्रत्येक गोष्टीत फ्रेडच्या उदाहरणाचे अनुसरण करतो. तो त्याच्यावर प्रचंड प्रभाव पाडतो.,स्टीव्ह त्याच्यावर प्रचंड प्रभाव पाडतो.,0
4,"तात्याना केबिनला पोहोचली तेव्हा तिची आई झोपली होती. तिला त्रास देऊ नये, कपड्यांवरून न बुडता आणि परत तिच्या धक्क्यात चढणे याची तिला काळजी होती.","तिला काळजीत न घालता, परत कपडय़ात चढून आई धरुन जाण्याची आईला काळजी होती.",0
