DOCUMENT_INDEX,TITLE,TARGET_ENTITY,DOCUMENT,MASKED_DOCUMENT,TRUE_SENTIMENT,Paragraph0,Paragraph1,Paragraph2,Paragraph3,Paragraph4,Paragraph5,Paragraph6,Paragraph7,Paragraph8,Paragraph9,Paragraph10,Paragraph11,Paragraph12,Paragraph13,Paragraph14,Paragraph15
1,German bank LBBW wins EU bailout approval,Landesbank Baden Wuertemberg,"Germany's Landesbank Baden Wuertemberg won EU approval Tuesday for a state bailout after it promised to shrink its balance sheet by 40 percent and refocus on lending to companies.
 The bank was several state-owned German institutions to run into trouble last year after it ran up more huge losses from investing in high-risk proprietary trading and capital market activities -- a business the EU has now told it to shun.
 Seven current and former managers of the bank are also being investigated by German authorities for risking or damaging the bank's capital by carrying out or failing to block investments in high-risk deals worth hundreds of millions from 2006.
 The European Commission said its Tuesday approval for the state rescue of the bank and its new restructuring plan would allow it become a viable business again -- and that the cutbacks would help limit the unfair advantage over rivals that the bank would get from the state aid.
 Stuttgart-based LBBW earlier this year received a capital injection of (EURO)5 billion from the bank's shareholders  all of them public authorities or state-owned  including the state of Baden-Wuerttemberg  the region's savings bank association and the city of Stuttgart.","[TGT] won EU approval Tuesday for a state bailout after it promised to shrink its balance sheet by 40 percent and refocus on lending to companies.
 [TGT] was several state-owned German institutions to run into trouble last year after [TGT] ran up more huge losses from investing in high-risk proprietary trading and capital market activities -- a business the EU has now told it to shun.
 Seven current and former managers of [TGT] are also being investigated by German authorities for risking or damaging [TGT]'s capital by carrying out or failing to block investments in high-risk deals worth hundreds of millions from 2006.
 The European Commission said its Tuesday approval for the state rescue of [TGT] and its new restructuring plan would allow it become a viable business again -- and that the cutbacks would help limit the unfair advantage over rivals that [TGT] would get from the state aid.
 Stuttgart-based LBBW earlier this year received a capital injection of (EURO)5 billion from [TGT]'s shareholders  all of them public authorities or state-owned  including the state of Baden-Wuerttemberg  the region's savings bank association and the city of Stuttgart.",Negative,Positive,Negative,Negative,Neutral,Neutral,,,,,,,,,,,
2,8th LD Writethru: 9th passenger released from tourist bus hijacked in Manila,Rolando Mendoza,"The Philippine National Police (PNP) identified the hostage taker as former Police Senior Inspector Rolando Mendoza. Mendoza was dismissed from service for extortion and forcing a chef to swallow  ""shabu.""
 Two police officers  Superintendent Orlando Yebra Jr. and Chief Inspector Romeo Salvador  have started negotiations with Mendoza.
 Mendoza is demanding authorities to clear his name and be reinstated to the service.
 MPD spokesman Police Chief Inspector Erwin Margarejo said in a press briefing that the use of force against the hostage taker will be a last resort. He added that Mendoza's demand for reinstatement will be studied and will undergo undue process.
 Philippine President Benigno Aquino III has appealed to Mendoza to ""honor and respect"" the lives of hostages. The government is hoping that tourists will view it as an ""isolated incident"" and that ""it does not reflect real situation of the country.""
 Mendoza was carrying an M-16 rifle when he abducted the bus  with plate number TUU 799  Monday morning. The abduction was held near Rizal Park  a major tourist site in Manila.","The Philippine National Police (PNP) identified the hostage taker as [TGT]. [TGT] was dismissed from service for extortion and forcing a chef to swallow  ""shabu.""
 Two police officers  Superintendent Orlando Yebra Jr. and Chief Inspector Romeo Salvador  have started negotiations with [TGT].
 [TGT] is demanding authorities to clear [TGT] name and be reinstated to the service.
 MPD spokesman Police Chief Inspector Erwin Margarejo said in a press briefing that the use of force against the hostage taker will be a last resort. He added that [TGT]'s demand for reinstatement will be studied and will undergo undue process.
 Philippine President Benigno Aquino III has appealed to [TGT] to ""honor and respect"" the lives of hostages. The government is hoping that tourists will view it as an ""isolated incident"" and that ""it does not reflect real situation of the country.""
 Mendoza was carrying an M-16 rifle when he abducted the bus  with plate number TUU 799  Monday morning. The abduction was held near Rizal Park  a major tourist site in Manila.",Neutral,Neutral,Neutral,Neutral,Neutral,Neutral,Negative,,,,,,,,,,
