{"text": "My town is a medium size city with eighty thousand inhabitants. It has a high density population because its small territory. Despite of it is an industrial city, there are many shops and department stores.  I recommend visiting the artificial lake in the certer of the city which is surrounded by a park. Pasteries are very common and most of them offer the special dessert from the city. There are a comercial zone along the widest street of the city where you can find all kind of establishments: banks, bars, chemists, cinemas, pet shops, restaurants, fast food restaurants, groceries, travel agencies, supermarkets and others. Most of the shops have sales and offers at least three months of the year: January, June and August. The quality of the products and services are quite good, because there are a huge competition, however I suggest you taking care about some fakes or cheats.", "id": "1-140178", "cefr": "A2.i", "edits": [[0, [[13, 24, "medium-sized"], [77, 78, "-"], [104, 104, " of"], [126, 133, "Although"], [134, 136, ""], [256, 262, "center"], [306, 315, null], [375, 379, "of"], [396, 399, "is"], [402, 411, "commercial"], [476, 480, "kinds"], [484, 498, "businesses"], [579, 588, "grocers"], [671, 671, " in"], [774, 777, "is"], [804, 807, "is"], [808, 810, ""], [826, 835, ". However,"], [838, 845, "recommend"], [850, 856, "be"], [857, 861, "careful"], [862, 867, "of"], [868, 873, ""]]]], "userid": "21251"}
