{"cefr": "B1.ii", "userid": "5145", "edits": [[0, [[39, 42, ""], [70, 74, "to"], [115, 121, "questions"], [128, 128, "your "], [220, 220, "for "], [243, 255, "time of booking"], [281, 283, ""], [284, 289, "should"], [311, 313, "at"], [336, 344, "if "], [346, 355, "cancel"], [394, 396, "I"], [397, 402, "will"], [403, 403, "be "], [411, 414, ""], [464, 471, "if"]]]], "id": "1-31767", "text": "I would like to make a reservation for the next month,  from 24th may till 28th (4 nights, Double room) but I have doubts about booking policy. I mean, after reading the terms and deposit policy, I understand I must pay the first night at the booking time and the rest of the stay it would be paid upon arrival to the front desk. Plus, in case I cancelled the reservation 48 hrs before arrival it would charged the 5% of the full stay. I understand this part, but in case I have to cancel the reservation, how should I do it? By phone, by mail or on your website."}
