{"edits": [[0, [[23, 25, "for"], [63, 63, " "], [92, 94, "for"], [186, 186, ","], [330, 335, "talk"], [394, 406, "appreciation"], [452, 465, "relationship"], [485, 497, "forms itself"], [503, 507, "foundation"], [635, 644, ". However"]]]], "text": "People have had a need in communication since the dawn of time.Every human being has a need in socialising and that is the first reason why I believe we start making friends.\n Personally I usually get on with people pretty well and make new friends easily as I am a natural extrovert (or so I think). It usually starts with small talks or compliments, as at school I was taught that expressing appritiation to people can be a good start of any kind of relationships. A true friendship itself forms on a base of strong mutual understanding and this takes a good deal of time. Friends do not have to share the same opinion on every topic, however, they should respect and support each other even if they disagree.\nAll in all, even despite the fact that making friends can be a struggle (they need our time and efforts), they give us support and love and improve our mood when we need it most. ", "id": "1-350525", "cefr": "C1.ii", "userid": "45861"}
