{"data": [{"title": "Yale_University", "paragraphs": [{"context": "Slack (2003) compares three groups that conducted biological research at Yale during overlapping periods between 1910 and 1970. Yale proved important as a site for this research. The leaders of these groups were Ross Granville Harrison, Grace E. Pickford, and G. Evelyn Hutchinson, and their members included both graduate students and more experienced scientists. All produced innovative research, including the opening of new subfields in embryology, endocrinology, and ecology, respectively, over a long period of time. Harrison's group is shown to have been a classic research school; Pickford's and Hutchinson's were not. Pickford's group was successful in spite of her lack of departmental or institutional position or power. Hutchinson and his graduate and postgraduate students were extremely productive, but in diverse areas of ecology rather than one focused area of research or the use of one set of research tools. Hutchinson's example shows that new models for research groups are needed, especially for those that include extensive field research.", "qas": [{"id": "821607441c173838196c4d1500c2ab21a044e6b0", "question": "what year were the research groups compared", "answers": [{"answer_start": 7, "text": "2003"}]}, {"id": "c2ec259c6453424d8c40ee804faec3e14c6fa80b", "question": "who did not have departmental power", "answers": [{"answer_start": 237, "text": "Grace E. Pickford"}]}, {"id": "f7f287ea90b7afb055cc0a3584006465bf6c71c4", "question": "what is pickford's first name", "answers": [{"answer_start": 237, "text": "Grace"}]}, {"id": "24f616f1d665600e4d749ec3efcd0f04ba23b790", "question": "what is harrison's first name", "answers": [{"answer_start": 212, "text": "Ross"}]}, {"id": "c8da37c9d8feee414f08d2e2cf10cdf77a266fa5", "question": "what groups research shows that new models are needed", "answers": [{"answer_start": 927, "text": "Hutchinson's"}]}]}, {"context": "Serious American students of theology and divinity, particularly in New England, regarded Hebrew as a classical language, along with Greek and Latin, and essential for study of the Old Testament in the original words. The Reverend Ezra Stiles, president of the College from 1778 to 1795, brought with him his interest in the Hebrew language as a vehicle for studying ancient Biblical texts in their original language (as was common in other schools), requiring all freshmen to study Hebrew (in contrast to Harvard, where only upperclassmen were required to study the language) and is responsible for the Hebrew phrase \u05d0\u05d5\u05e8\u05d9\u05dd \u05d5\u05ea\u05de\u05d9\u05dd (Urim and Thummim) on the Yale seal. Stiles' greatest challenge occurred in July 1779 when hostile British forces occupied New Haven and threatened to raze the College. However, Yale graduate Edmund Fanning, Secretary to the British General in command of the occupation, interceded and the College was saved. Fanning later was granted an honorary degree LL.D., at 1803, for his efforts.", "qas": [{"id": "278431ff43a7caa7ab03f6c3441493e5d1f561fa", "question": "Where was Hebrew used for studying Biblical texts in their original language before Yale?", "answers": [{"answer_start": 435, "text": "other schools"}]}, {"id": "f06f5dc8afd4963e1aa9cfdf0a52ee3abf74161a", "question": "What happened to the college after hostile British forces threatened to raze it?", "answers": [{"answer_start": 932, "text": "saved"}]}]}, {"context": "Between 1892, when Harvard and Yale met in one of the first intercollegiate debates, and 1909, the year of the first Triangular Debate of Harvard, Yale, and Princeton, the rhetoric, symbolism, and metaphors used in athletics were used to frame these early debates. Debates were covered on front pages of college newspapers and emphasized in yearbooks, and team members even received the equivalent of athletic letters for their jackets. There even were rallies sending off the debating teams to matches. Yet, the debates never attained the broad appeal that athletics enjoyed. One reason may be that debates do not have a clear winner, as is the case in sports, and that scoring is subjective. In addition, with late 19th-century concerns about the impact of modern life on the human body, athletics offered hope that neither the individual nor the society was coming apart.", "qas": [{"id": "0e139a8436c69dc5b33f35673917847e27a7c77d", "question": "In what way were athletics and debate not treated differently?", "answers": [{"answer_start": 401, "text": "athletic letters for their jackets"}]}, {"id": "90265e71601e626a7e73f636cfaca3564352f7a3", "question": "How did athletics guide the formation of debate?", "answers": [{"answer_start": 168, "text": "the rhetoric, symbolism, and metaphors used in athletics were used to frame these early debates"}]}, {"id": "9ff3b27bacd5289b3d4739c562afd1771a48abf6", "question": "What were the three schools involved in the debate at the beginning of the 20th century?", "answers": [{"answer_start": 138, "text": "Harvard, Yale, and Princeton"}]}, {"id": "bb048d2af3346afda198ecc64f4c8ac753291438", "question": "What was something debate was lacking that athletics was capable of doing for people?", "answers": [{"answer_start": 808, "text": "hope"}]}, {"id": "e38dbd715fdb7471f227933bd3c142f9b7e31ef2", "question": "How might we know today that debates were important to colleges in the early 20th Century?", "answers": [{"answer_start": 265, "text": "Debates were covered on front pages of college newspapers and emphasized in yearbooks"}]}, {"id": "0de657f7c20ebb36c72f55aafb75370d0ac6e31d", "question": "what is the first time period mentioned?", "answers": [{"answer_start": 8, "text": "1892"}]}, {"id": "dcb98f23717b35d5d7defd689d0da37e754aa348", "question": "what is the second time period mentioned?", "answers": [{"answer_start": 89, "text": "1909"}]}, {"id": "62ec859a40cec1f7697a3e1b5f7a26008ced6262", "question": "what is the first place mentioned?", "answers": [{"answer_start": 19, "text": "Harvard"}]}, {"id": "dc687f37a6b2435e46215363225b539fee6b2a82", "question": "what is the second place mentioned?", "answers": [{"answer_start": 31, "text": "Yale"}]}, {"id": "ffeb9b16c627fd14e9798eb9585998547b63677d", "question": "what group is mentioned last?", "answers": [{"answer_start": 845, "text": "the society"}]}]}, {"context": "Yale is organized into fourteen constituent schools: the original undergraduate college, the Yale Graduate School of Arts and Sciences, and twelve professional schools. While the university is governed by the Yale Corporation, each school's faculty oversees its curriculum and degree programs. In addition to a central campus in downtown New Haven, the University owns athletic facilities in western New Haven, including the Yale Bowl, a campus in West Haven, Connecticut, and forest and nature preserves throughout New England. The university's assets include an endowment valued at $25.6 billion as of September 2015, the second largest of any educational institution.The Yale University Library, serving all constituent schools, holds more than 15 million volumes and is the third-largest academic library in the United States.", "qas": [{"id": "74e618c865470a2e6a0fc30e18750a2d4ec1c3d2", "question": "Yale's first incarnation is an?", "answers": [{"answer_start": 66, "text": "undergraduate college"}]}, {"id": "ec4063d76586480b0740a3c3c05d8af964b452ca", "question": "The Yale Corporation doesn't have authority over?", "answers": [{"answer_start": 262, "text": "curriculum and degree programs"}]}, {"id": "23494ef3683def427012780681aa92589ab2c433", "question": "Yale is in the what cultural area?", "answers": [{"answer_start": 516, "text": "New England"}]}]}, {"context": "The American studies program reflected the worldwide anti-Communist ideological struggle. Norman Holmes Pearson, who worked for the Office of Strategic Studies in London during World War II, returned to Yale and headed the new American studies program, in which scholarship quickly became an instrument of promoting liberty. Popular among undergraduates, the program sought to instruct them in the fundamentals of American civilization and thereby instill a sense of nationalism and national purpose. Also during the 1940s and 1950s, Wyoming millionaire William Robertson Coe made large contributions to the American studies programs at Yale University and at the University of Wyoming. Coe was concerned to celebrate the 'values' of the Western United States in order to meet the \"threat of communism.\"", "qas": [{"id": "26b9aef8ecf82739c63d9a30a3c72329791be449", "question": "Why was the American studies program developed?", "answers": [{"answer_start": 448, "text": "instill a sense of nationalism and national purpose"}]}, {"id": "6900c2b34124cb746a0b74fb250543197224e2da", "question": "What approach was developed to advance freedom?", "answers": [{"answer_start": 262, "text": "scholarship"}]}, {"id": "2cc532e521c84386a41039695e38f808dbfb4daf", "question": "How did the students feel about the American studies program at Yale?", "answers": [{"answer_start": 325, "text": "Popular"}]}]}, {"context": "Much of Yale University's staff, including most maintenance staff, dining hall employees, and administrative staff, are unionized. Clerical and technical employees are represented by Local 34 of UNITE HERE and service and maintenance workers by Local 35 of the same international. Together with the Graduate Employees and Students Organization (GESO), an unrecognized union of graduate employees, Locals 34 and 35 make up the Federation of Hospital and University Employees. Also included in FHUE are the dietary workers at Yale-New Haven Hospital, who are members of 1199 SEIU. In addition to these unions, officers of the Yale University Police Department are members of the Yale Police Benevolent Association, which affiliated in 2005 with the Connecticut Organization for Public Safety Employees. Finally, Yale security officers voted to join the International Union of Security, Police and Fire Professionals of America in fall 2010 after the National Labor Relations Board ruled they could not join AFSCME; the Yale administration contested the election.", "qas": [{"id": "137c4c2400695416b72825f70b1e040448630c4e", "question": "What does the \"E\" in GESO stand for?", "answers": [{"answer_start": 308, "text": "Employees"}]}, {"id": "dae78ee553cdc08fd6f6d0b54760140eb560a945", "question": "What does the \"O\" in GESO stand for?", "answers": [{"answer_start": 331, "text": "Organization"}]}, {"id": "705ed1b13465f6c9cd2b19d3f91f47180cae5fb8", "question": "What happened in the 10th year of the 21st century?", "answers": [{"answer_start": 810, "text": "Yale security officers voted to join the International Union of Security, Police and Fire Professionals of America"}]}]}, {"context": "While Harkness' original colleges were Georgian Revival or Collegiate Gothic in style, two colleges constructed in the 1960s, Morse and Ezra Stiles Colleges, have modernist designs. All twelve college quadrangles are organized around a courtyard, and each has a dining hall, courtyard, library, common room, and a range of student facilities. The twelve colleges are named for important alumni or significant places in university history. In 2017, the university expects to open two new colleges near Science Hill.", "qas": [{"id": "976577c1098c42b56cd18a94d52c9168ea58d32e", "question": "Where was Morse College located?", "answers": [{"answer_start": 6, "text": "Harkness"}]}, {"id": "0eb2e63e93abcd175a10dd0fe08d10b40facd946", "question": "Which structures have the outdated construction?", "answers": [{"answer_start": 16, "text": "original colleges"}]}, {"id": "b2c4eea467a7a112baebbb0d298bdd68cfb2f2b0", "question": "How did the buildings change?", "answers": [{"answer_start": 163, "text": "modernist designs"}]}, {"id": "1da564e549b2d626fc9d8dde09fee840e1f330ef", "question": "What is the center of the colleges?", "answers": [{"answer_start": 234, "text": "a courtyard"}]}, {"id": "21c022851d536a221d45718d17485937a1822c1b", "question": "How do some of the past students still contribute to this day?", "answers": [{"answer_start": 354, "text": "colleges are named for important alumni"}]}]}]}]}