0	科学思想中的交流对曼哈顿项目的成功同样重要,就像科学智慧一样。 科学思想中的交流对曼哈顿项目的成功同样重要,就像科学智慧一样。 原子研究者与工程师们唯一令人印象深刻的成就是他们的成功真正意味着什么;数十万无辜生命被毁灭。
1	曼哈顿计划及其原子弹有助于结束二战。 其和平利用原子能的遗产继续对历史和科学产生影响。
2	曼哈顿计划-曼哈顿计划-曼哈顿计划-曼哈顿计划, 這項計畫的成功將永遠改變世界, 讓世界永遠知道如此強大的東西是人造的。
3	曼哈顿项目是二战期间开发第一枚原子弹的一个项目的名称。 它具体提到在莱斯利·R·格罗夫斯将军的管理下,由美国陆军工程兵军团控制的194.. 2-1946年项目期间。
4	每一卷的版本以及补充网站。 第一个网站 — 曼哈顿项目:交互式历史 — 可在历史和遗产资源办公室网站http://www.cfo上查阅。 Doe.gov/me70/历史。 历史和遗产资源办公室及国家核安全办公室
