<benchmark>
  <entries>
    <entry category="City" eid="Id1" shape="(X (X) (X (X)))" shape_type="mixed" size="3">
      <originaltripleset>
        <otriple>Abilene,_Texas | isPartOf | Jones_County,_Texas</otriple>
        <otriple>Abilene,_Texas | country | United_States</otriple>
        <otriple>United_States | language | English_language</otriple>
      </originaltripleset>
      <modifiedtripleset>
        <mtriple>Abilene,_Texas | isPartOf | Jones_County,_Texas</mtriple>
        <mtriple>Abilene,_Texas | country | United_States</mtriple>
        <mtriple>United_States | language | English_language</mtriple>
      </modifiedtripleset>
      <lex comment="good" lid="Id1">Abilene is part of Jones County, Texas in the United States and English is the language of the United States.</lex>
      <lex comment="good" lid="Id2">Abilene is part of Jones County in Texas, in the United States, where English is spoken.</lex>
      <lex comment="good" lid="Id3">Abilene is part of Jones County, Texas, in the United States, where English is spoken.</lex>
    </entry>
    </entries>
</benchmark>