<benchmark>
  <entries>
    <entry category="Food" eid="Id1" shape="(X (X) (X) (X))" shape_type="sibling" size="3">
      <originaltripleset>
        <otriple>Ajoblanco | country | Spain</otriple>
        <otriple>Ajoblanco | alias | "Ajo blanco"@en</otriple>
        <otriple>Ajoblanco | ingredient | Garlic</otriple>
      </originaltripleset>
      <modifiedtripleset>
        <mtriple>Ajoblanco | country | Spain</mtriple>
        <mtriple>Ajoblanco | alternativeName | "Ajo blanco"</mtriple>
        <mtriple>Ajoblanco | ingredient | Garlic</mtriple>
      </modifiedtripleset>
      <lex comment="good" lid="Id1">Ajoblanco, also know as "Ajo blanco" , is made with garlic and comes from Spain.</lex>
      <lex comment="good" lid="Id2">Ajoblanco (alternatively known as Ajo blanco) comes from Spain and has garlic as an ingredient.</lex>
      <lex comment="good" lid="Id3">Ajoblanco originates from Spain, is also called "Ajo blanco" and has garlic as one of it's ingredients.</lex>
    </entry>
    </entries>
</benchmark>