<benchmark>
  <entries>
    <entry category="Athlete" eid="Id1" shape="(X (X) (X) (X))" shape_type="sibling" size="3">
      <originaltripleset>
        <otriple>Aaron_Boogaard | birthYear | "1986"^^xsd:gYear</otriple>
        <otriple>Aaron_Boogaard | placeOfBirth | Regina,_Saskatchewan</otriple>
        <otriple>Aaron_Boogaard | team | Wichita_Thunder</otriple>
      </originaltripleset>
      <modifiedtripleset>
        <mtriple>Aaron_Boogaard | birthYear | 1986</mtriple>
        <mtriple>Aaron_Boogaard | birthPlace | Regina,_Saskatchewan</mtriple>
        <mtriple>Aaron_Boogaard | club | Wichita_Thunder</mtriple>
      </modifiedtripleset>
      <lex comment="good" lid="Id1">Aaron Boogaard, who played for Wichita Thunder club, was born in 1986 in Regina, Saskatchewan.</lex>
      <lex comment="good" lid="Id2">Wichita Thunder player, Aaron Boogaard, was born in Regina, Saskatchewan, in 1986.</lex>
      <lex comment="good" lid="Id3">Wichita Thunder member, Aaron Boogaard, was born in 1986, in Regina, Saskatchewan.</lex>
    </entry>
    </entries>
</benchmark>