<benchmark>
  <entries>
    <entry category="Building" eid="Id1" shape="(X (X) (X (X)))" shape_type="mixed" size="3">
      <originaltripleset>
        <otriple>103_Colmore_Row | architect | John_Madin</otriple>
        <otriple>103_Colmore_Row | location | "Colmore Row, Birmingham, England"@en</otriple>
        <otriple>John_Madin | birthPlace | Birmingham</otriple>
      </originaltripleset>
      <modifiedtripleset>
        <mtriple>103_Colmore_Row | architect | John_Madin</mtriple>
        <mtriple>103_Colmore_Row | location | "Colmore Row, Birmingham, England"</mtriple>
        <mtriple>John_Madin | birthPlace | Birmingham</mtriple>
      </modifiedtripleset>
      <lex comment="good" lid="Id1">John Madin is an architect who was born in Birmingham, England and designed 103 Colmore Row.</lex>
      <lex comment="good" lid="Id2">103 Colmore Row located on Colmore Row, Birmingham, England, was designed by architect John Madin born in Birmingham.</lex>
      <lex comment="good" lid="Id3">103 Colmore Row is located on Colmore Row, Birmingham, England and was designed by the architect John Madin who calls the city his hometown.</lex>
    </entry>
    </entries>
</benchmark>