<benchmark>
  <entries>
    <entry category="WrittenWork" eid="Id1" shape="(X (X) (X) (X))" shape_type="sibling" size="3">
      <originaltripleset>
        <otriple>1634:_The_Bavarian_Crisis | isbn | "978-1-4165-4253-7"</otriple>
        <otriple>1634:_The_Bavarian_Crisis | mediaType | "Print"@en</otriple>
        <otriple>1634:_The_Bavarian_Crisis | author | Virginia_DeMarce</otriple>
      </originaltripleset>
      <modifiedtripleset>
        <mtriple>1634:_The_Bavarian_Crisis | ISBN_number | "978-1-4165-4253-7"</mtriple>
        <mtriple>1634:_The_Bavarian_Crisis | mediaType | "Print"</mtriple>
        <mtriple>1634:_The_Bavarian_Crisis | author | Virginia_DeMarce</mtriple>
      </modifiedtripleset>
      <lex comment="good" lid="Id1">1634: The Bavarian Crisis written by Virginia DeMarce is available in print form and can be located by it's ISBN number "978-1-4165-4253-7".</lex>
      <lex comment="good" lid="Id2">1634: The Bavarian Crisis was authored by Virginia DeMarce and has a ISBN number of 978-1-4165-4253-7.</lex>
    </entry>
    </entries>
</benchmark>