{
    "domains": [
        {
            "description": "Queries that are related to places (restaurants, shops, concert halls, etc), as well as to the user's location.", 
            "@type": "domain", 
            "intents": [
                {
                    "description": "The user wants to share his/her current location with someone.", 
                    "benchmark": {
                        "Snips": {
                            "f1": 0.7272727272727272, 
                            "classification_accuracy_2std": 0.0, 
                            "n_queries": 16, 
                            "classification_accuracy": 1.0, 
                            "precision": 0.8, 
                            "original_intent_name": "ShareCurrentLocation", 
                            "slots": [
                                {
                                    "f1": 0.88, 
                                    "description": "The person the user wants to send his/her location to.", 
                                    "n_queries": 11, 
                                    "precision": 0.7857142857142857, 
                                    "slot_entity": "Contact", 
                                    "name": "contact", 
                                    "recall": 1.0, 
                                    "precision_2std": 0.24743582965269675, 
                                    "matching_slots": [
                                        {
                                            "slot": "contact", 
                                            "service": "Snips"
                                        }
                                    ], 
                                    "recall_2std": 0.0, 
                                    "f1_2std": 0.19595917942265423
                                }, 
                                {
                                    "f1": 0.25, 
                                    "description": "The length of the period over which the user wants to share his/her location.", 
                                    "n_queries": 7, 
                                    "precision": 1.0, 
                                    "slot_entity": "Duration", 
                                    "name": "sharingDuration", 
                                    "recall": 0.14285714285714285, 
                                    "precision_2std": 0.0, 
                                    "matching_slots": [
                                        {
                                            "slot": "sharingDuration", 
                                            "service": "Snips"
                                        }
                                    ], 
                                    "recall_2std": 0.26452002850644329, 
                                    "f1_2std": 0.32732683535398854
                                }
                            ], 
                            "recall": 0.6666666666666666, 
                            "precision_2std": 0.19999999999999998, 
                            "recall_2std": 0.23570226039551584, 
                            "f1_2std": 0.22268088570756167
                        }
                    }, 
                    "queries": [
                        {
                            "text": "Share my location with Hillary's sister", 
                            "results_per_service": {
                                "Snips": {
                                    "slots": [
                                        {
                                            "name": "contact", 
                                            "matching_slots": [
                                                {
                                                    "slot": "contact", 
                                                    "service": "Snips"
                                                }
                                            ], 
                                            "value": "Hillarys sister", 
                                            "slot_entity": "Contact", 
                                            "supervision": "True Positives", 
                                            "expected_a_value": "true"
                                        }, 
                                        {
                                            "name": "sharingDuration", 
                                            "matching_slots": [
                                                {
                                                    "slot": "sharingDuration", 
                                                    "service": "Snips"
                                                }
                                            ], 
                                            "value": "", 
                                            "slot_entity": "Duration", 
                                            "supervision": "Not Applicable", 
                                            "expected_a_value": "Not Applicable"
                                        }
                                    ], 
                                    "classified_intent": "ShareCurrentLocationQuery"
                                }
                            }
                        }, 
                        {
                            "text": "Send my current location to my father", 
                            "results_per_service": {
                                "Snips": {
                                    "slots": [
                                        {
                                            "name": "contact", 
                                            "matching_slots": [
                                                {
                                                    "slot": "contact", 
                                                    "service": "Snips"
                                                }
                                            ], 
                                            "value": "my father", 
                                            "slot_entity": "Contact", 
                                            "supervision": "True Positives", 
                                            "expected_a_value": "true"
                                        }, 
                                        {
                                            "name": "sharingDuration", 
                                            "matching_slots": [
                                                {
                                                    "slot": "sharingDuration", 
                                                    "service": "Snips"
                                                }
                                            ], 
                                            "value": "", 
                                            "slot_entity": "Duration", 
                                            "supervision": "Not Applicable", 
                                            "expected_a_value": "Not Applicable"
                                        }
                                    ], 
                                    "classified_intent": "ShareCurrentLocationQuery"
                                }
                            }
                        }, 
                        {
                            "text": "Share my current location with Jim", 
                            "results_per_service": {
                                "Snips": {
                                    "slots": [
                                        {
                                            "name": "contact", 
                                            "matching_slots": [
                                                {
                                                    "slot": "contact", 
                                                    "service": "Snips"
                                                }
                                            ], 
                                            "value": "Jim", 
                                            "slot_entity": "Contact", 
                                            "supervision": "True Positives", 
                                            "expected_a_value": "true"
                                        }, 
                                        {
                                            "name": "sharingDuration", 
                                            "matching_slots": [
                                                {
                                                    "slot": "sharingDuration", 
                                                    "service": "Snips"
                                                }
                                            ], 
                                            "value": "", 
                                            "slot_entity": "Duration", 
                                            "supervision": "Not Applicable", 
                                            "expected_a_value": "Not Applicable"
                                        }
                                    ], 
                                    "classified_intent": "ShareCurrentLocationQuery"
                                }
                            }
                        }, 
                        {
                            "text": "Send my location to my husband", 
                            "results_per_service": {
                                "Snips": {
                                    "slots": [
                                        {
                                            "name": "contact", 
                                            "matching_slots": [
                                                {
                                                    "slot": "contact", 
                                                    "service": "Snips"
                                                }
                                            ], 
                                            "value": "my husband", 
                                            "slot_entity": "Contact", 
                                            "supervision": "True Positives", 
                                            "expected_a_value": "true"
                                        }, 
                                        {
                                            "name": "sharingDuration", 
                                            "matching_slots": [
                                                {
                                                    "slot": "sharingDuration", 
                                                    "service": "Snips"
                                                }
                                            ], 
                                            "value": "", 
                                            "slot_entity": "Duration", 
                                            "supervision": "Not Applicable", 
                                            "expected_a_value": "Not Applicable"
                                        }
                                    ], 
                                    "classified_intent": "ShareCurrentLocationQuery"
                                }
                            }
                        }, 
                        {
                            "text": "Send my location", 
                            "results_per_service": {
                                "Snips": {
                                    "slots": [
                                        {
                                            "name": "contact", 
                                            "matching_slots": [
                                                {
                                                    "slot": "contact", 
                                                    "service": "Snips"
                                                }
                                            ], 
                                            "value": "", 
                                            "slot_entity": "Contact", 
                                            "supervision": "Not Applicable", 
                                            "expected_a_value": "Not Applicable"
                                        }, 
                                        {
                                            "name": "sharingDuration", 
                                            "matching_slots": [
                                                {
                                                    "slot": "sharingDuration", 
                                                    "service": "Snips"
                                                }
                                            ], 
                                            "value": "", 
                                            "slot_entity": "Duration", 
                                            "supervision": "Not Applicable", 
                                            "expected_a_value": "Not Applicable"
                                        }
                                    ], 
                                    "classified_intent": "ShareCurrentLocationQuery"
                                }
                            }
                        }, 
                        {
                            "text": "Always share my location with Lori", 
                            "results_per_service": {
                                "Snips": {
                                    "slots": [
                                        {
                                            "name": "contact", 
                                            "matching_slots": [
                                                {
                                                    "slot": "contact", 
                                                    "service": "Snips"
                                                }
                                            ], 
                                            "value": "Lori", 
                                            "slot_entity": "Contact", 
                                            "supervision": "True Positives", 
                                            "expected_a_value": "true"
                                        }, 
                                        {
                                            "name": "sharingDuration", 
                                            "matching_slots": [
                                                {
                                                    "slot": "sharingDuration", 
                                                    "service": "Snips"
                                                }
                                            ], 
                                            "value": "", 
                                            "slot_entity": "Duration", 
                                            "supervision": "False Negatives", 
                                            "expected_a_value": "true"
                                        }
                                    ], 
                                    "classified_intent": "ShareCurrentLocationQuery"
                                }
                            }
                        }, 
                        {
                            "text": "Share my location with my boyfriend until I get home", 
                            "results_per_service": {
                                "Snips": {
                                    "slots": [
                                        {
                                            "name": "contact", 
                                            "matching_slots": [
                                                {
                                                    "slot": "contact", 
                                                    "service": "Snips"
                                                }
                                            ], 
                                            "value": "my boyfriend", 
                                            "slot_entity": "Contact", 
                                            "supervision": "True Positives", 
                                            "expected_a_value": "true"
                                        }, 
                                        {
                                            "name": "sharingDuration", 
                                            "matching_slots": [
                                                {
                                                    "slot": "sharingDuration", 
                                                    "service": "Snips"
                                                }
                                            ], 
                                            "value": "", 
                                            "slot_entity": "Duration", 
                                            "supervision": "False Negatives", 
                                            "expected_a_value": "true"
                                        }
                                    ], 
                                    "classified_intent": "ShareCurrentLocationQuery"
                                }
                            }
                        }, 
                        {
                            "text": "Send my current location to Anna", 
                            "results_per_service": {
                                "Snips": {
                                    "slots": [
                                        {
                                            "name": "contact", 
                                            "matching_slots": [
                                                {
                                                    "slot": "contact", 
                                                    "service": "Snips"
                                                }
                                            ], 
                                            "value": "Anna", 
                                            "slot_entity": "Contact", 
                                            "supervision": "True Positives", 
                                            "expected_a_value": "true"
                                        }, 
                                        {
                                            "name": "sharingDuration", 
                                            "matching_slots": [
                                                {
                                                    "slot": "sharingDuration", 
                                                    "service": "Snips"
                                                }
                                            ], 
                                            "value": "", 
                                            "slot_entity": "Duration", 
                                            "supervision": "Not Applicable", 
                                            "expected_a_value": "Not Applicable"
                                        }
                                    ], 
                                    "classified_intent": "ShareCurrentLocationQuery"
                                }
                            }
                        }, 
                        {
                            "text": "Share my location with Steve for 3 days", 
                            "results_per_service": {
                                "Snips": {
                                    "slots": [
                                        {
                                            "name": "contact", 
                                            "matching_slots": [
                                                {
                                                    "slot": "contact", 
                                                    "service": "Snips"
                                                }
                                            ], 
                                            "value": "Steve", 
                                            "slot_entity": "Contact", 
                                            "supervision": "True Positives", 
                                            "expected_a_value": "true"
                                        }, 
                                        {
                                            "name": "sharingDuration", 
                                            "matching_slots": [
                                                {
                                                    "slot": "sharingDuration", 
                                                    "service": "Snips"
                                                }
                                            ], 
                                            "value": "seconds: 259200 | units: [SECONDS | NANOS] | zero: False | negative: False | nano: 0", 
                                            "slot_entity": "Duration", 
                                            "supervision": "True Positives", 
                                            "expected_a_value": "true"
                                        }
                                    ], 
                                    "classified_intent": "ShareCurrentLocationQuery"
                                }
                            }
                        }, 
                        {
                            "text": "Share my location to mum until I get to school", 
                            "results_per_service": {
                                "Snips": {
                                    "slots": [
                                        {
                                            "name": "contact", 
                                            "matching_slots": [
                                                {
                                                    "slot": "contact", 
                                                    "service": "Snips"
                                                }
                                            ], 
                                            "value": "mum", 
                                            "slot_entity": "Contact", 
                                            "supervision": "True Positives", 
                                            "expected_a_value": "true"
                                        }, 
                                        {
                                            "name": "sharingDuration", 
                                            "matching_slots": [
                                                {
                                                    "slot": "sharingDuration", 
                                                    "service": "Snips"
                                                }
                                            ], 
                                            "value": "", 
                                            "slot_entity": "Duration", 
                                            "supervision": "False Negatives", 
                                            "expected_a_value": "true"
                                        }
                                    ], 
                                    "classified_intent": "ShareCurrentLocationQuery"
                                }
                            }
                        }, 
                        {
                            "text": "Share my location with my office manager until noon", 
                            "results_per_service": {
                                "Snips": {
                                    "slots": [
                                        {
                                            "name": "contact", 
                                            "matching_slots": [
                                                {
                                                    "slot": "contact", 
                                                    "service": "Snips"
                                                }
                                            ], 
                                            "value": "my office", 
                                            "slot_entity": "Contact", 
                                            "supervision": "Wrong Positives", 
                                            "expected_a_value": "true"
                                        }, 
                                        {
                                            "name": "sharingDuration", 
                                            "matching_slots": [
                                                {
                                                    "slot": "sharingDuration", 
                                                    "service": "Snips"
                                                }
                                            ], 
                                            "value": "", 
                                            "slot_entity": "Duration", 
                                            "supervision": "False Negatives", 
                                            "expected_a_value": "true"
                                        }
                                    ], 
                                    "classified_intent": "ShareCurrentLocationQuery"
                                }
                            }
                        }, 
                        {
                            "text": "Share my location with my Uber driver", 
                            "results_per_service": {
                                "Snips": {
                                    "slots": [
                                        {
                                            "name": "contact", 
                                            "matching_slots": [
                                                {
                                                    "slot": "contact", 
                                                    "service": "Snips"
                                                }
                                            ], 
                                            "value": "my", 
                                            "slot_entity": "Contact", 
                                            "supervision": "Wrong Positives", 
                                            "expected_a_value": "true"
                                        }, 
                                        {
                                            "name": "sharingDuration", 
                                            "matching_slots": [
                                                {
                                                    "slot": "sharingDuration", 
                                                    "service": "Snips"
                                                }
                                            ], 
                                            "value": "", 
                                            "slot_entity": "Duration", 
                                            "supervision": "Not Applicable", 
                                            "expected_a_value": "Not Applicable"
                                        }
                                    ], 
                                    "classified_intent": "ShareCurrentLocationQuery"
                                }
                            }
                        }, 
                        {
                            "text": "Share my location with Robert for the next 10 min", 
                            "results_per_service": {
                                "Snips": {
                                    "slots": [
                                        {
                                            "name": "contact", 
                                            "matching_slots": [
                                                {
                                                    "slot": "contact", 
                                                    "service": "Snips"
                                                }
                                            ], 
                                            "value": "Robert", 
                                            "slot_entity": "Contact", 
                                            "supervision": "True Positives", 
                                            "expected_a_value": "true"
                                        }, 
                                        {
                                            "name": "sharingDuration", 
                                            "matching_slots": [
                                                {
                                                    "slot": "sharingDuration", 
                                                    "service": "Snips"
                                                }
                                            ], 
                                            "value": "", 
                                            "slot_entity": "Duration", 
                                            "supervision": "False Negatives", 
                                            "expected_a_value": "true"
                                        }
                                    ], 
                                    "classified_intent": "ShareCurrentLocationQuery"
                                }
                            }
                        }, 
                        {
                            "text": "Share my location with Jo until 8pm", 
                            "results_per_service": {
                                "Snips": {
                                    "slots": [
                                        {
                                            "name": "contact", 
                                            "matching_slots": [
                                                {
                                                    "slot": "contact", 
                                                    "service": "Snips"
                                                }
                                            ], 
                                            "value": "Jo", 
                                            "slot_entity": "Contact", 
                                            "supervision": "True Positives", 
                                            "expected_a_value": "true"
                                        }, 
                                        {
                                            "name": "sharingDuration", 
                                            "matching_slots": [
                                                {
                                                    "slot": "sharingDuration", 
                                                    "service": "Snips"
                                                }
                                            ], 
                                            "value": "", 
                                            "slot_entity": "Duration", 
                                            "supervision": "False Negatives", 
                                            "expected_a_value": "true"
                                        }
                                    ], 
                                    "classified_intent": "ShareCurrentLocationQuery"
                                }
                            }
                        }, 
                        {
                            "text": "Share my current location", 
                            "results_per_service": {
                                "Snips": {
                                    "slots": [
                                        {
                                            "name": "contact", 
                                            "matching_slots": [
                                                {
                                                    "slot": "contact", 
                                                    "service": "Snips"
                                                }
                                            ], 
                                            "value": "", 
                                            "slot_entity": "Contact", 
                                            "supervision": "Not Applicable", 
                                            "expected_a_value": "Not Applicable"
                                        }, 
                                        {
                                            "name": "sharingDuration", 
                                            "matching_slots": [
                                                {
                                                    "slot": "sharingDuration", 
                                                    "service": "Snips"
                                                }
                                            ], 
                                            "value": "", 
                                            "slot_entity": "Duration", 
                                            "supervision": "Not Applicable", 
                                            "expected_a_value": "Not Applicable"
                                        }
                                    ], 
                                    "classified_intent": "ShareCurrentLocationQuery"
                                }
                            }
                        }, 
                        {
                            "text": "Send my current location to the friends I'm meeting with", 
                            "results_per_service": {
                                "Snips": {
                                    "slots": [
                                        {
                                            "name": "contact", 
                                            "matching_slots": [
                                                {
                                                    "slot": "contact", 
                                                    "service": "Snips"
                                                }
                                            ], 
                                            "value": "the friends", 
                                            "slot_entity": "Contact", 
                                            "supervision": "Wrong Positives", 
                                            "expected_a_value": "true"
                                        }, 
                                        {
                                            "name": "sharingDuration", 
                                            "matching_slots": [
                                                {
                                                    "slot": "sharingDuration", 
                                                    "service": "Snips"
                                                }
                                            ], 
                                            "value": "", 
                                            "slot_entity": "Duration", 
                                            "supervision": "Not Applicable", 
                                            "expected_a_value": "Not Applicable"
                                        }
                                    ], 
                                    "classified_intent": "ShareCurrentLocationQuery"
                                }
                            }
                        }
                    ], 
                    "slots": [
                        {
                            "questionsForTagging": "Highlight the words that describe the person with whom the user would like to share their current location.", 
                            "description": "The person the user wants to send his/her location to.", 
                            "valueType": "String", 
                            "examples": [
                                "Share my current location with _David_."
                            ], 
                            "resolver": null, 
                            "@type": "slot", 
                            "name": "contact"
                        }, 
                        {
                            "questionsForTagging": "Highlight the words, if any, that correspond to how long the user would like to share their current location.", 
                            "description": "The length of the period over which the user wants to share his/her location.", 
                            "valueType": "Duration", 
                            "examples": [
                                "Share my current location with David for _the next 15 minutes_"
                            ], 
                            "resolver": {
                                "args": [], 
                                "name": "duration"
                            }, 
                            "@type": "slot", 
                            "name": "sharingDuration"
                        }
                    ], 
                    "@type": "intent", 
                    "name": "ShareCurrentLocation"
                } 
            ],
            "name": "places"
        }
    ],
    "version": "0.0.1"
}
