<?xml version="1.0" encoding="UTF-8"?>
<mteval>
<srcset setid="iwslt2017-tst2014" srclang="chinese">
<doc docid="1898" genre="lectures">
 <url>http://www.ted.com/talks/maysoon_zayid_i_got_99_problems_palsy_is_just_one</url>
 <description>TED Talk Subtitles and Transcript: “我患有脑瘫。我无时不刻不在颤抖，“这是梅逊·扎伊德振奋人心而又诙谐幽默的演讲的开场白。（的确，这个演讲很搞笑） ”我就像夏奇拉遇到了穆罕默德•阿里。” 这位优雅机智的阿裔美国人将带领我们回顾她所曾做的一切： 演员，单口喜剧家，慈善家， 致力于维护残疾人利益的社会活动家。</description>
 <keywords>talks, comedy, entertainment, humor, women</keywords>
 <talkid>1898</talkid>
 <title>梅逊·扎伊德: 我有99个麻烦....脑瘫只是其中之一</title>
 <reviewer href="http://www.ted.com/profiles/1675048">Alex Ho</reviewer>
 <translator href="http://www.ted.com/profiles/2397565">晨星 徐</translator>
<seg id="1">  各位女同胞们，大家好！ 你们还好吗？  </seg>
<seg id="2">  （欢呼声） 再大声点  </seg>
<seg id="3">  各位女同胞们，大家好！你们还好吗？  </seg>
<seg id="4">  （欢呼声） 我叫Maysoon Zayid 虽然接生我的医生当时喝醉了 但我可清醒着呢！  </seg>
<seg id="5">  他从六个不同的方向 切了我妈的肚皮六次 差点闷死我  </seg>
