<?xml version="1.0" encoding="UTF-8"?>
<mteval>
<srcset setid="iwslt2017-tst2011" srclang="chinese">
<doc docid="1176" genre="lectures">
 <url>http://www.ted.com/talks/jok_church_a_circle_of_caring</url>
 <description>TED Talk Subtitles and Transcript: 在3分钟的演讲中，漫画家和教育家乔克·切奇告诉了我们一个动人的故事，从来没有人像这个老师一样照顾他--以及他如何回报她的照顾。</description>
 <keywords>talks, culture, education, love, storytelling</keywords>
 <talkid>1176</talkid>
 <title>乔克·切奇：照料的循环</title>
 <reviewer href="http://www.ted.com/profiles/330901">Yvonne Fu</reviewer>
 <translator href="http://www.ted.com/profiles/221131">Ralph Jin</translator>
<seg id="1">  正如你们所知，我的工作是写儿童读物 实际上，我也许是美国 最广泛的儿童读物作者  </seg>
<seg id="2">  我经常告诉其他人 我不想被看成一个科学家  </seg>
<seg id="3">  你能把我当做一个农民，或者穿着皮衣的人 但是没人曾选是农民  </seg>
<seg id="4">  我今天来告诉你们 是关于循环和顿悟  </seg>
<seg id="5">  顿悟 通常指你发现你陷入某些境况  </seg>
