<?xml version="1.0" encoding="UTF-8"?>
<mteval>
<srcset setid="iwslt2017-tst2013" srclang="chinese">
<doc docid="1699" genre="lectures">
 <url>http://www.ted.com/talks/richard_turere_a_peace_treaty_with_the_lions</url>
 <description>TED Talk Subtitles and Transcript: 在13岁男孩——Richard Turere所生活的马赛族，所有的牛畜都是极其重要的。但是狮子的袭击却变得越来越猖獗。 在这个短片里，通过鼓舞人心的演讲，你将会看到，这个年轻的发明家是如何利用他发明的太阳能方法安全地驱赶走捕食的狮子。</description>
 <keywords>talks, agriculture, biodiversity, technology</keywords>
 <talkid>1699</talkid>
 <title>Richard Turere:我的一个与狮子和平共处的发明</title>
 <reviewer href="http://www.ted.com/profiles/1636197">Psycho Decoder</reviewer>
 <translator href="http://www.ted.com/profiles/1760281">Angelique Wang</translator>
<seg id="1">  这是我所生活的地方，肯尼亚， 在内罗毕国家公园的南部  </seg>
<seg id="2">  在我的身后是我父亲的奶牛 在奶牛的后边 就是内罗毕国家公园  </seg>
<seg id="3">  内罗毕国家公园的南部并没有全部围起栅栏 这就意味着像斑马这样的野生动物 可以自由地在公园外移动  </seg>
<seg id="4">  所以像狮子这样的捕食者会跟随他们 这就是他们的所作所为，  </seg>
<seg id="5">  他们捕杀了我们的家畜。  </seg>
