<?xml version="1.0" encoding="UTF-8"?>
<mteval>
<srcset setid="iwslt2017-tst2010" srclang="chinese">
<doc docid="837" genre="lectures">
 <url>http://www.ted.com/talks/tom_wujec_build_a_tower</url>
 <description>TED Talk Subtitles and Transcript: 在这段演讲中， Tom Wujec 出人意料地对“棉花糖问题”做了深入的研究。 这个简单的团队建设练习要求参与者用干意大利面条，一码胶带和一块棉花糖等材料来建一个他们能搭建的最高的塔。而为什么有一个团队总是可以出乎意外地取胜呢？</description>
 <keywords>talks, business, collaboration, culture, design, entertainment, psychology</keywords>
 <talkid>837</talkid>
 <title>Tom Wujec: 搭一个塔，建一个团队</title>
 <reviewer href="http://www.ted.com/profiles/511815">Daisy Yang</reviewer>
 <translator href="http://www.ted.com/profiles/250727">Jenny Yang</translator>
<seg id="1">  几年前，在TED大会上， Peter Skillman 介绍了一个设计挑战 叫做“棉花糖挑战”  </seg>
<seg id="2">  是个非常简单的主意 要求一组四人的团队搭建一个独立的最高建筑 材料是20根意大利面条 一段胶带，一段绳子 一块棉花糖  </seg>
<seg id="3">  棉花糖必须放在最上面  </seg>
<seg id="4">  这虽然看似简单，其实并不容易 因为它要求人们 迅速地合作  </seg>
<seg id="5">  我觉得这是个有趣的主意 我把它放到了设计专题讨论会上  </seg>
