{
  "000010011": {
    "accuracy": 8,
    "completeness": 10,
    "fluency": 9,
    "prosodic": 9,
    "text": "WE CALL IT BEAR",
    "total": 8,
    "words": [
      {
        "accuracy": 10,
        "phones": [
          "W",
          "IY0"
        ],
        "phones-accuracy": [
          2,
          2
        ],
        "stress": 10,
        "text": "WE",
        "total": 10,
        "mispronunciations": []
      },
      {
        "accuracy": 10,
        "phones": [
          "K",
          "AO0",
          "L"
        ],
        "phones-accuracy": [
          2,
          1.8,
          1.8
        ],
        "stress": 10,
        "text": "CALL",
        "total": 10,
        "mispronunciations": []
      },
      {
        "accuracy": 10,
        "phones": [
          "IH0",
          "T"
        ],
        "phones-accuracy": [
          2,
          2
        ],
        "stress": 10,
        "text": "IT",
        "total": 10,
        "mispronunciations": []
      },
      {
        "accuracy": 6,
        "phones": [
          "B",
          "EH0",
          "R"
        ],
        "phones-accuracy": [
          2,
          1,
          1
        ],
        "stress": 10,
        "text": "BEAR",
        "total": 6,
        "mispronunciations": []
      }
    ],
    "speaker": "0001",
    "gender": "m",
    "age": 6
  },
  "000010035": {
    "accuracy": 8,
    "completeness": 10,
    "fluency": 9,
    "prosodic": 9,
    "text": "ZERO THREE FIVE ONE",
    "total": 8,
    "words": [
      {
        "accuracy": 8,
        "phones": [
          "Z",
          "IH1",
          "R",
          "OW0"
        ],
        "phones-accuracy": [
          2,
          1.4,
          1.4,
          2
        ],
        "stress": 10,
        "text": "ZERO",
        "total": 7,
        "mispronunciations": []
      },
      {
        "accuracy": 8,
        "phones": [
          "TH",
          "R",
          "IY0"
        ],
        "phones-accuracy": [
          1.2,
          2,
          2
        ],
        "stress": 10,
        "text": "THREE",
        "total": 8,
        "mispronunciations": []
      },
      {
        "accuracy": 10,
        "phones": [
          "F",
          "AY0",
          "V"
        ],
        "phones-accuracy": [
          2,
          2,
          1.8
        ],
        "stress": 10,
        "text": "FIVE",
        "total": 10,
        "mispronunciations": []
      },
      {
        "accuracy": 10,
        "phones": [
          "W",
          "AH0",
          "N"
        ],
        "phones-accuracy": [
          2,
          2,
          2
        ],
        "stress": 10,
        "text": "ONE",
        "total": 10,
        "mispronunciations": []
      }
    ],
    "speaker": "0001",
    "gender": "m",
    "age": 6
  }
}
