path	translation	split
common_voice_en_19664034.mp3	تمثل عناصر البيانات هذه في المقابل "العناصر الأساسية" لتبادل البيانات.	train
common_voice_en_19664035.mp3	الكنيسة ليست على صلة بحركة الصهيونية اليهودية السياسية.	train
common_voice_en_18540003.mp3	عندما تكون المياه شحيحة ، تجنب إهدارها.	dev
common_voice_en_18540005.mp3	سوف تقود معها إلى بابها.	dev
common_voice_en_699711.mp3	ستكون بخير.	test
common_voice_en_18132047.mp3	الأمور بخواتمها.	test
