premise	hypo	label
Los robando de crema conceptualmente tienen dos dimensiones básicas : producto y geografía .	El producto y la geografía son los que hacen que la crema funcione .	neutral
Usted sabe durante la temporada y supongo que a su nivel uh los pierde al siguiente nivel si si deciden recordar al equipo de los padres los bravos deciden llamar para recordar a un tipo del triple a y luego un hombre doble se sube a reemplazar y un solo hombre sube para reemplazar .	Pierdes las cosas al siguiente nivel si la gente recuerda .	entailment
Uno de nuestros números llevará a cabo sus instrucciones minuciosamente .	Un miembro de mi equipo ejecutará sus órdenes con una inmensa precisión .	entailment
Cómo lo sabes ? Todo esto es su información de nuevo .	Esta información les pertenece .	entailment
