premise	hypo	label
Conceptually kem skimming có hai kích thước cơ bản - sản phẩm và địa lý .	Sản phẩm và địa lý là những gì làm cho kem skimming làm việc .	neutral
Bạn biết trong mùa giải và tôi đoán ở mức độ của bạn , bạn sẽ mất chúng đến mức độ tiếp theo nếu họ quyết định nhớ lại đội ngũ cha mẹ các chiến binh quyết định gọi để nhớ lại một người từ ba a sau đó một người đàn ông đi lên đến thay thế anh ta và một người đàn ông nào đó đi lên để thay thế anh ta .	Anh sẽ mất mọi thứ ở mức độ sau nếu người dân nhớ lại .	entailment
Một trong số chúng tôi sẽ thực hiện các hướng dẫn của bạn minutely .	Một thành viên trong đội của tôi sẽ thực hiện mệnh lệnh của ông với sự chính xác vô cùng lớn .	entailment
Làm sao anh biết ? Tất cả đây là thông tin của họ lần nữa .	Thông tin này thuộc về họ .	entailment
