premise	hypo	label
从 概念 上 看 , 奶油 收入 有 两 个 基本 方面 产品 和 地理 .	产品 和 地理 是 什么 使 奶油 抹 霜 工作 .	neutral
你 知道 在 这个 季节 , 我 猜 在 你 的 水平 你 把 他们 丢到 下 一个 水平 , 如果 他们 决定 召回 的 家长 队 , 勇士 队 决定 打电话 召回 一个 家伙 从 三 个 a , 然后 一个 双人 上 去. 取代 他 和 一个 男人 去 取代 他	如果 人们 记得 的 话 , 你 就 会 把 事情 弄 丢 了 .	entailment
我们 的 一个 号码 会 非常 详细 地 执行 你 的 指示	我 团队 的 一个 成员 将 非常 精确 地 执行 你 的 命令	entailment
你 怎么 知道 的 ? 所有 这些 都 是 他们 的 信息 .	这些 信息 属于 他们 .	entailment
