premise	hypo	label
L' écrémage conceptuel de la crème a deux dimensions fondamentales : le produit et la géographie .	Le produit et la géographie sont ce qui fait travailler la crème de la crème .	neutral
Tu sais pendant la saison et je suppose qu' à ton niveau euh tu les perds au niveau suivant si s' ils décident de se rappeler l' équipe des parents les braves décident d' appeler pour rappeler un mec du triple a puis un double un mec monte à remplacez-le et un seul homme monte pour le remplacer .	Vous perdez les choses au niveau suivant si les gens se rappellent .	entailment
Un de nos numéros vous fera suivre vos instructions minutieusement .	Un membre de mon équipe exécutera vos ordres avec une grande précision .	entailment
Qu' est-ce que tu en sais ? Tout ceci est à nouveau leur information .	Cette information leur appartient .	entailment
