premise	hypo	label
концептуално крем краде има две основни измерения - продукт и география .	продукт и география са това , което прави крем краде работа .	neutral
по време на сезона и предполагам , че на твоето ниво ще ги загубиш на следващото ниво , ако те решат да си припомнят отбора на родителите , " брейвс " решават да се обади да си припомнят човек от тройно а след това двойно момче отива до смени го и един човек отива да го замести .	губиш нещата на следното ниво , ако хората си припомнят .	entailment
един от нашите номера ще ви даде инструкции .	член на моя екип ще изпълни заповедите ви с огромна прецизност .	entailment
от къде знаеш ? всичко това е тяхната информация отново .	тази информация принадлежи на тях .	entailment
