premise	hypo	label
Konzeptionell cream abschöpfen hat zwei grundlegende Dimensionen - Produkt und Geographie .	Produkt und Geographie sind das , was creme abschöpfen Arbeit macht .	neutral
Du weißt , während der Saison und ich schätze , auf deiner Ebene verlierst du sie auf die nächste Ebene , wenn sie sich entschließen , sich an das Eltern-Team zu erinnern , entscheiden die braves , einen Kerl von Triple A zu rufen , dann geht ein Double ein Kerl auf die nächste Stufe . Ersetzen sie ihn und ein einziger Mann geht hoch , um ihn zu ersetzen .	Man verliert die Dinge auf die folgende Ebene , wenn sich die Leute erinnern .	entailment
Eine unserer Nummer wird ihre Anweisungen genauestens ausführen .	Ein Mitglied meines Teams wird ihre Aufträge mit großer Präzision ausführen .	entailment
- woher weißt du das ? All das sind ihre Informationen .	Diese Information gehört ihnen .	entailment
