premise	hypo	label
Η εννοιολογικά κρέμα κρέμα έχει δύο βασικές διαστάσεις - προϊόν και γεωγραφία .	Το προϊόν και η γεωγραφία είναι αυτά που κάνουν την κρέμα να κλέβει .	neutral
Ξέρεις κατά τη διάρκεια της σεζόν και υποθέτω ότι στο επίπεδο σου θα τους χάσεις στο επόμενο επίπεδο αν αποφασίσουν να θυμηθούν τη μητρική ομάδα που οι γενναίοι αποφασίζουν να πάρουν για να θυμηθούν έναν τύπο από το triple a τότε ένας διπλός τύπος πάει πάνω αντικαταστήσει τον και ένας άντρας πάει να τον αντικαταστήσει .	Χάνεις τα πράγματα στο επόμενο επίπεδο , αν οι άνθρωποι θυμούνται .	entailment
Ένας από τους αριθμούς μας θα μεταφέρει τις οδηγίες σας λεπτομερώς .	Ένα μέλος της ομάδας μου θα εκτελέσει τις διαταγές σας με τεράστια ακρίβεια .	entailment
Πώς το ξέρεις ; Όλες αυτές είναι οι πληροφορίες τους ξανά .	Αυτές οι πληροφορίες ανήκουν σ ' αυτούς .	entailment
