premise	hypo	label
Концептуально крем крем имеет два основных измерения - продукт и география .	Продукт и география - это то , что делает крем для работы с кремом .	neutral
Вы знаете , что во время сезона , и я думаю , что на вашем уровне вы потеряете их до следующего уровня , если они решат вспомнить команду родителей , которую " Воинов " решили позвонить , чтобы вспомнить парня из " Тройной а а потом двойной парень , который подходит к нему . Замените его , и один парень заменит его .	Вы теряете все до следующего уровня , если люди помнят .	entailment
Один из наших номеров будет досконально выполнять ваши инструкции .	Член моей команды будет выполнять ваши приказы с огромной точностью .	entailment
Откуда ты знаешь ? Все это - их информация снова .	Эта информация принадлежит им .	entailment
