premise	hypo	label
Conceptually क ् रीम एंजलिस में दो मूल आयाम हैं - उत ् पाद और भूगोल ।	उत ् पाद और भूगोल क ् या क ् रीम एंजलिस काम बनाते हैं .	neutral
आप मौसम के दौरान जानते हैं और मैं अपने स ् तर पर लगता है कि आप उन ् हें अगले स ् तर पर खो देते हैं यदि वे माता-पिता को याद करने का निर ् णय करते हैं तो braves को एक आदमी को याद करने का निर ् णय लेने का निर ् णय करता है तो एक डबल आदमी के लिए चला जाता है उसे बदलें और एक अकेला आदमी उसे बदलने के लिए चला जाता है	अगर लोग याद करते हैं तो आप निम ् न स ् तर पर चीज ़ ें खो देते हैं .	entailment
हमारे एक नंबर में से एक आपके निर ् देशों को मिनटों में ले जाएगा .	मेरी टीम का एक सदस ् य आपके आदेश को बड ़ ी सूक ् ष ् मता से निष ् पादित करेगा .	entailment
आप कैसे जानते हैं ? ये सब उनकी जानकारी फिर से है ।	यह जानकारी उनके लिए है .	entailment
