premise	hypo	label
ท่า ครีม ยักยอก มี สอง มิติ พื้นฐาน   -   สินค้า และ ภูมิศาสตร์	สินค้า และ ภูมิศาสตร์ คือ สิ่ง ที่ ทำให้ ครีม ยักยอก งาน	neutral
คุณ รู้ ว่า ใน ช่วง ฤดูกาล และ ฉัน เดา ว่า ใน ระดับ ของ คุณ เอ่อ คุณ สูญเสีย พวกเขา ไป ใน ระดับ ถัดไป ถ้า พวกเขา ตัดสินใจ ที่จะ จดจำ ทีม ผู้ปกครอง ผู้ กล้าหาญ ตัดสินใจ ที่จะ โทร ไป จำ ผู้ชาย จาก   triple   a   แล้ว ผู้ชาย สอง คน ขึ้นไป แทนที่ เขา และ ผู้ชาย คน นึง ขึ้นไป แทนที่ เขา	คุณ สูญเสีย สิ่ง ต่างๆ ไป ใน ระดับ ต่อไปนี้ หาก ประชาชน จดจำ	entailment
หนึ่ง ใน หมายเลข ของ เรา จะ ดำเนินการ ให้ คำแนะนำ ของ คุณ   minutely	สมาชิก ใน ทีม ของ ฉัน จะ ทำ ตามคำสั่ง ของ คุณ ด้วย ความแม่นยำ อัน ยิ่งใหญ่	entailment
รุ้ ได้ ไง ทั้งหมด นี้ คือ ข้อมูล ของ พวกเขา อีกครั้ง	ข้อมูล นี้ เป็น ของ พวกเขา	entailment
