premise	hypo	label
- و قد ال كريم المفاهيمية اثنان اساسيين - المنتج والجغرافيا .	المنتج والجغرافيا هو ما يجعل كريم القشط العمل .	neutral
انت تعرف خلال الموسم و اعتقد انه عند المستوى الخاص بك تفقديهم للمستوى التالي اذا قرروا ان اذكار الفريق الام الذي قرر الشجعان الاتصال به لاستذكر رجل من ثلاث مرات ثم رجل مزدوج يذهب الى استبدلوه وشخص واحد يذهب ليحل محله	انت تفقد الاشياء الى المستوى التالي اذا كان الناس يتذكرون .	entailment
واحدة من رقابنا ستقوم بتنفيذ تعليماتك كلها بكل دقة	احد اعضاء فريقي سوف ينفذ اوامرك بدقة هائلة .	entailment
وكيف تعرف ذلك ? كل هذا هو معلوماتهم مرة اخرى .	هذه المعلومات تخصهم .	entailment
