premise	hypo	label
Sakata cream ya conceptually ina vipimo viwili vya msingi - bidhaa na geography .	Bidhaa na geography ndio hufanya kazi ya utoaji wa cream .	neutral
Unajua wakati wa msimu na i katika kiwango chako , uh kwa kiwango kinachofuata kama wakiamua kukumbuka timu ya mzazi ambayo braves kuamua kupiga simu ya kukumbuka jamaa wa triple a then a double guy goes up replace him and a single guy anaenda replace	Wewe mambo kwa kiwango kifuatacho kama watu alipo .	entailment
Moja ya nambari yetu will maagizo yako minutely .	Mwanachama wa timu yangu will maagizo yako kwa usahihi mkubwa .	entailment
Vipi know ? hii yote ni maelezo yao tena .	Maelezo haya ni yao .	entailment
