premise	hypo	label
ارضیات کی ناپیدی اور جغرافیہ نے دو بنیادی فسل تصاویر اور جغرافیہ کا اشتراک کیا ہے ۔	مصنوعہ اور جغرافیہ	neutral
آپ کو معلوم ہے کہ آپ کے طور پر آپ کی سطح پر کم از کم سیکنڈ تک رسائی حاصل کرنے کے لیے آپ کو اس وقت تک رسائی حاصل کرنے کی ضرورت ہے ۔ اس کے بعد ان کی جگہ پر کوئی الزام نہیں ہے	آپ کو مندرجہ ذیل معلومات میں سے کسی کو کھو دیا گیا ہے .	entailment
ہم میں سے ایک	میری ٹیم کا ایک رکن آپ کے احکامات کی بنیاد پر آپ کا حکم دے گا ۔	entailment
تمہیں جگہ کا کیسے پتہ چلا یہ ان کی معلومات ہے ۔	یہ معلومات مزید دستیاب نہیں ہے ۔ براہ کرم دوبارہ کوشش کریں	entailment
