premise	hypo	label
Conceptually cream skimming has two basic dimensions - product and geography .	Product and geography are what make cream skimming work .	neutral
you know during the season and i guess at at your level uh you lose them to the next level if if they decide to recall the the parent team the Braves decide to call to recall a guy from triple A then a double A guy goes up to replace him and a single A guy goes up to replace him	You lose the things to the following level if the people recall .	entailment
One of our number will carry out your instructions minutely .	A member of my team will execute your orders with immense precision .	entailment
How do you know ? All this is their information again .	This information belongs to them .	entailment
