premise	hypo	label
Kavramsal krem kaymağını iki temel boyutu vardır - ürün ve coğrafya .	Ürün ve coğrafya , krem kaymağını işi yapan şey .	neutral
Sezon boyunca bilirsin ve sanırım senin seviyesinde onları bir sonraki seviyeye kaybedersin . Eğer ana takımı geri almaya karar verirsen yiğitlere , üçlü bir adamı hatırlamak için aramaya karar verir. yerini değiştir ve tek bir adam onun yerine geçecek	Eğer insanlar hani , aşağıdaki seviyeye .	entailment
Bizim biri senin bizat taşır .	Benim bir üyesi emirlerini muazzam bir hassasiyetle infaz edecek .	entailment
Nerden biliyorsun ? Tüm bunlar yine onların bilgileri .	Bu bilgi onlara aittir .	entailment
