{"0": {"category": "apple", "title": "Attaching 3.5\" desktop drive to MacBook SATA", "dialog_time": "2010-01-08T22:21:34.647", "utterances": [{"utterance": "I have a mid-2007 MacBook that, according to the Apple Store, has suffered some liquid damage and requires a new logic board to operate correctly, a ~$750 repair I've been told (would normally be around ~$300 were it not for the \"liquid damage\"). The unit itself works fine - the only problem I've been having is that the system does not recognize the battery and will not charge it. Curiously, the system can still be powered by the battery and even recognizes when the power cord is detached by diming the backlight, but I digress.Now that this laptop will likely become a desktop, I'm wondering if it might be possible to attach a desktop drive. I recently purchased a 2TB SATA drive and I'm wondering if it's possible to somehow attach it where the current internal drive connects. Obviously the drive itself will not fit inside the device, but as the unit will spend the rest of its days on my desk, that's not really much of an issue.My main questions are:Is this possible?If so, how would I connect the drive? Would a <a href=\"http://rads.stackoverflow.com/amzn/click/B0021SXRDG\" rel=\"nofollow\">SATA extender cable work?Is the SATA port on my MacBook capable of powering a desktop drive? Or should I just get a <a href=\"http://rads.stackoverflow.com/amzn/click/B002P6QIIA\" rel=\"nofollow\">SATA male-to-female cable and see if I can power the drive through other means (a cheap power supply, for example)The disk I'm referring to is the Hitachi Deskstar HD32000. Though I couldn't find that exact model on Hitachi's support site, these are the power requirements for a similar drive, the 7K2000 (2TB, 7200RPM, SATA II):<blockquote>  Power<br>    Requirement +5 VDC (+/-5%) +12 VDC (+/-10%)<br>  Startup current (A, max.) 1.2 (+5V), 2.0 (+12V)<br>  Idle (W) 7.5</blockquote>From what I've read, 2.5\" drives require 5V, meaning that my MacBook obviously is capable of producing it. The specs seem to suggest that this drive seems capable of accepting it instead of the typical 12V - is this an accurate interpretation of the power requirements? Or does it need both 12V and 5V?", "utterance_time": "2010-01-08T22:21:34.647", "utterance_pos": 1, "actor_type": "user", "user_name": "Kyle Cronin", "user_id": 13.0, "votes": "3", "id": "5318", "is_answer": 0}, {"utterance": "I've never done this but <a href=\"http://www.tomshardware.com/forum/245289-32-connecting-sata-disk-desktop-internal-sata#t1747394\" rel=\"nofollow\">one thread I found has some ups and downs with some anecdotal evidence of frying a drive this way. I suppose looking into an external power supply would be best.", "utterance_time": "2010-01-08T22:37:46.253", "utterance_pos": 2, "actor_type": "agent", "user_name": "fideli", "user_id": 621.0, "votes": "1", "id": "5320", "is_answer": 0}, {"utterance": "Thanks for the link - yeah I definitely don't want to fry the drive. I wasn't aware of a voltage difference - are there any adapters I could use?", "utterance_time": "2010-01-08T23:04:56.510", "utterance_pos": 3, "actor_type": "user", "user_name": "Kyle Cronin", "user_id": 13.0, "votes": "0", "id": "5320-5440.0", "is_answer": 0}, {"utterance": "No idea. I think that thread had a bit of a discussion about that, but unfortunately, that's the most I know about the topic.", "utterance_time": "2010-01-08T23:35:38.367", "utterance_pos": 4, "actor_type": "agent", "user_name": "fideli", "user_id": 621.0, "votes": "0", "id": "5320-5441.0", "is_answer": 0}], "has_concatenated_utterances": 0}}