<benchmark>
  <entries>
    <entry category="Astronaut" eid="Id1" shape="(X (X) (X) (X) (X))" shape_type="sibling" size="4">
      <originaltripleset>
        <otriple>Alan_Bean | nationality | United_States</otriple>
        <otriple>Alan_Bean | birthPlace | Wheeler,_Texas</otriple>
        <otriple>Alan_Bean | timeInSpace | "100305.0"^^&lt;http://dbpedia.org/datatype/minute&gt;</otriple>
        <otriple>Alan_Bean | selection | 1963</otriple>
      </originaltripleset>
      <modifiedtripleset>
        <mtriple>Alan_Bean | nationality | United_States</mtriple>
        <mtriple>Alan_Bean | birthPlace | Wheeler,_Texas</mtriple>
        <mtriple>Alan_Bean | timeInSpace | "100305.0"(minutes)</mtriple>
        <mtriple>Alan_Bean | was selected by NASA | 1963</mtriple>
      </modifiedtripleset>
      <lex comment="good" lid="Id1">Alan Bean was born in Wheeler, Texas in the United States. He was selected by NASA in 1963, and spent 100305.0 minutes in space.</lex>
    </entry>
    </entries>
</benchmark>