<benchmark>
  <entries>
    <entry category="Politician" eid="Id1" shape="(X (X) (X) (X (X)))" shape_type="mixed" size="4">
      <originaltripleset>
        <otriple>Ab_Klink | almaMater | Erasmus_University_Rotterdam</otriple>
        <otriple>Erasmus_University_Rotterdam | affiliation | Association_of_MBAs</otriple>
        <otriple>Ab_Klink | office | Ministry_of_Health,_Welfare_and_Sport_(Netherlands)</otriple>
        <otriple>Ab_Klink | birthPlace | Netherlands</otriple>
      </originaltripleset>
      <modifiedtripleset>
        <mtriple>Ab_Klink | almaMater | Erasmus_University_Rotterdam</mtriple>
        <mtriple>Erasmus_University_Rotterdam | affiliation | Association_of_MBAs</mtriple>
        <mtriple>Ab_Klink | office (workedAt, workedAs) | Ministry_of_Health,_Welfare_and_Sport_(Netherlands)</mtriple>
        <mtriple>Ab_Klink | birthPlace | Netherlands</mtriple>
      </modifiedtripleset>
      <lex comment="good" lid="Id1">Ab Klink was born in Netherlands and worked for his country's Ministry of Health, Welfare and Sport office. He attended Erasmus University in Rotterdam which is affiliated with the Association of MBAs.</lex>
      <lex comment="good" lid="Id2">Ab Klink worked at the Ministry of Health, Welfare and Sport in Netherlands, the country where he was born. He was a student of Erasmus University in Rotterdam which is affiliated with the Association of MBAs.</lex>
      <lex comment="good" lid="Id3">Erasmus University Rotterdam (Assoc. MBAs) alum Ab Klink, born in the Netherlands, is employed at the Netherlands Ministry of Health, Welfare and Sport.</lex>
    </entry>
    </entries>
</benchmark>