<benchmark>
  <entries>
    <entry category="Athlete" eid="Id1" shape="(X (X) (X (X) (X)))" shape_type="mixed" size="4">
      <originaltripleset>
        <otriple>Aaron_Hunt | team | SV_Werder_Bremen</otriple>
        <otriple>SV_Werder_Bremen_II | manager | Alexander_Nouri</otriple>
        <otriple>Aaron_Hunt | clubs | SV_Werder_Bremen_II</otriple>
        <otriple>SV_Werder_Bremen_II | league | 3._Liga</otriple>
      </originaltripleset>
      <modifiedtripleset>
        <mtriple>Aaron_Hunt | club | SV_Werder_Bremen</mtriple>
        <mtriple>SV_Werder_Bremen_II | manager | Alexander_Nouri</mtriple>
        <mtriple>Aaron_Hunt | club | SV_Werder_Bremen_II</mtriple>
        <mtriple>SV_Werder_Bremen_II | league | 3._Liga</mtriple>
      </modifiedtripleset>
      <lex comment="good" lid="Id1">Aaron Hunt played for SV Werder Bremen and SV Werder Bremen II. The latter is managed by Alexander Nouri and is in the league 3 Liga.</lex>
      <lex comment="good" lid="Id2">Alexander Nouri is the manager of SV Werder Bremen, which Aaron Hunt plays for. He also plays for, SV Werder Bremen II which is in the league 3 Liga.</lex>
      <lex comment="good" lid="Id3">SV Werder Bremen is managed by Alexander Nouri and SV Werder Bremen II are players in 3 Liga. Aaron Hunt plays for both clubs.</lex>
    </entry>
    </entries>
</benchmark>