index	original	translation	scores	mean	z_scores	z_mean	model_scores
0	රහත් භාවයට පත් වූ කාශ්‍යප තෙරුණුවෝ තමන් වහන්සේ රූපයෙන් බුදුරජාණන් වහන්සේට සමාන වන බැවින් බොහෝ අපහසුතාවයන්ට පත් විය.	Since the secrets of the carnival thresholds themselves are similar to those of the image of the Buddha, many embarrassments were made.	[1, 26, 18]	15.0	[-1.2299965034417848, -0.7576258380986587, -1.2780585195147172]	-1.0885602870183868	-0.3645169734954834
1	ප්‍රංශය සමග වු මෙම අර්ධ යුද්ධය යුරෝපය සමග ඇතිවීමට ගිය පටලවිල්ලකින් ගැලවා ගැනීමක් විය.	This particular war with France was an escalation from a confusion with Europe.	[72, 80, 88]	80.0	[1.0464942977166116, 1.0007407964910142, 0.8815702024299826]	0.9762684322125361	-0.24803991615772247
2	සංගා සිය ගෝත්‍රයේ වැසියන්ට දිය ඇල්ල හරහා වූ රහස් මාර්ගය අවහිර කරන ලෙස පවසන්නේ ඇගේ පුත්‍රයාව ඇය අසලම තබාගැනීමේ අපේක්ෂාවෙනි.	Sangha tells the citizens of hundreds of tribes that the secret path through the waterfall is blocked by her son desire to keep her nearby.	[71, 80, 61]	70.66666666666667	[0.7076796907260688, 0.6347554913505884, 0.31318471323288943]	0.5518732984365156	-0.2403859943151474
3	අපි මුලින්ම හඳුනගත්ත පැකිසිටස් ෆොසිල වාර්තා වලින් අතුරුදන් වෙන්නෙ මේ නිසයි.	This is why we first identified pachycetus fossil records.	[62, 46, 54]	54.0	[0.2025668967453705, -0.3427507662604582, 0.11179807010402207]	-0.009461933137021872	-0.2794454097747803
4	දෙවැන්න ප්‍රෝටීන් ආවරණය; ජානමය කොටසට ආරක්ෂාව සපයයි.	Second protein shield; provides protection to the genome segment.	[55, 48, 40]	47.666666666666664	[0.6200231333557342, 0.32723696065726715, 0.02047027465930621]	0.32257678955743585	-0.24346770346164703
