index,test_or_train,dialect_region,speaker_id,filename,path_from_data_dir,path_from_data_dir_windows,is_converted_audio,is_audio,is_word_file,is_phonetic_file,is_sentence_file
13951,TRAIN,DR5,MRVG0,SI510.PHN,TRAIN/DR5/MRVG0/SI510.PHN,TRAIN\\DR5\\MRVG0\\SI510.PHN,FALSE,FALSE,FALSE,,FALSE
13952,TRAIN,DR5,MRVG0,SI510.WRD,TRAIN/DR5/MRVG0/SI510.WRD,TRAIN\\DR5\\MRVG0\\SI510.WRD,FALSE,FALSE,TRUE,,FALSE
13953,TRAIN,DR5,MRVG0,SX330.PHN,TRAIN/DR5/MRVG0/SX330.PHN,TRAIN\\DR5\\MRVG0\\SX330.PHN,FALSE,FALSE,FALSE,,FALSE
13954,TRAIN,DR5,MRVG0,SX330.WRD,TRAIN/DR5/MRVG0/SX330.WRD,TRAIN\\DR5\\MRVG0\\SX330.WRD,FALSE,FALSE,TRUE,,FALSE
13955,TRAIN,DR5,MRVG0,SX240.WRD,TRAIN/DR5/MRVG0/SX240.WRD,TRAIN\\DR5\\MRVG0\\SX240.WRD,FALSE,FALSE,TRUE,,FALSE
13956,TRAIN,DR5,MRVG0,SX240.PHN,TRAIN/DR5/MRVG0/SX240.PHN,TRAIN\\DR5\\MRVG0\\SX240.PHN,FALSE,FALSE,FALSE,,FALSE
13957,TRAIN,DR5,MRVG0,SX150.WRD,TRAIN/DR5/MRVG0/SX150.WRD,TRAIN\\DR5\\MRVG0\\SX150.WRD,FALSE,FALSE,TRUE,,FALSE
13958,TRAIN,DR5,MRVG0,SX420.WRD,TRAIN/DR5/MRVG0/SX420.WRD,TRAIN\\DR5\\MRVG0\\SX420.WRD,FALSE,FALSE,TRUE,,FALSE
13959,TRAIN,DR5,MRVG0,SX420.PHN,TRAIN/DR5/MRVG0/SX420.PHN,TRAIN\\DR5\\MRVG0\\SX420.PHN,FALSE,FALSE,FALSE,,FALSE
13960,TRAIN,DR5,MRVG0,SX150.PHN,TRAIN/DR5/MRVG0/SX150.PHN,TRAIN\\DR5\\MRVG0\\SX150.PHN,FALSE,FALSE,FALSE,,FALSE
13961,TRAIN,DR5,MRVG0,SI510.WAV.wav,TRAIN/DR5/MRVG0/SI510.WAV.wav,TRAIN\\DR5\\MRVG0\\SI510.WAV.wav,TRUE,TRUE,FALSE,,FALSE
13962,TRAIN,DR5,MRVG0,SI1140.WAV.wav,TRAIN/DR5/MRVG0/SI1140.WAV.wav,TRAIN\\DR5\\MRVG0\\SI1140.WAV.wav,TRUE,TRUE,FALSE,,FALSE
13963,TRAIN,DR5,MRVG0,SX60.TXT,TRAIN/DR5/MRVG0/SX60.TXT,TRAIN\\DR5\\MRVG0\\SX60.TXT,FALSE,FALSE,FALSE,,TRUE
13964,TRAIN,DR5,MRVG0,SA1.TXT,TRAIN/DR5/MRVG0/SA1.TXT,TRAIN\\DR5\\MRVG0\\SA1.TXT,FALSE,FALSE,FALSE,,TRUE
13965,TRAIN,DR5,MRVG0,SA2.WAV,TRAIN/DR5/MRVG0/SA2.WAV,TRAIN\\DR5\\MRVG0\\SA2.WAV,FALSE,TRUE,FALSE,,FALSE
13966,TRAIN,DR5,MRVG0,SI1140.WAV,TRAIN/DR5/MRVG0/SI1140.WAV,TRAIN\\DR5\\MRVG0\\SI1140.WAV,FALSE,TRUE,FALSE,,FALSE
13967,TRAIN,DR5,MRVG0,SI1770.PHN,TRAIN/DR5/MRVG0/SI1770.PHN,TRAIN\\DR5\\MRVG0\\SI1770.PHN,FALSE,FALSE,FALSE,,FALSE
13968,TRAIN,DR5,MRVG0,SX60.WAV,TRAIN/DR5/MRVG0/SX60.WAV,TRAIN\\DR5\\MRVG0\\SX60.WAV,FALSE,TRUE,FALSE,,FALSE
13969,TRAIN,DR5,MRVG0,SA2.TXT,TRAIN/DR5/MRVG0/SA2.TXT,TRAIN\\DR5\\MRVG0\\SA2.TXT,FALSE,FALSE,FALSE,,TRUE
13970,TRAIN,DR5,MRVG0,SA1.WAV,TRAIN/DR5/MRVG0/SA1.WAV,TRAIN\\DR5\\MRVG0\\SA1.WAV,FALSE,TRUE,FALSE,,FALSE
13971,TRAIN,DR5,MRVG0,SX150.WAV.wav,TRAIN/DR5/MRVG0/SX150.WAV.wav,TRAIN\\DR5\\MRVG0\\SX150.WAV.wav,TRUE,TRUE,FALSE,,FALSE
13972,TRAIN,DR5,MRVG0,SI1140.TXT,TRAIN/DR5/MRVG0/SI1140.TXT,TRAIN\\DR5\\MRVG0\\SI1140.TXT,FALSE,FALSE,FALSE,,TRUE
13973,TRAIN,DR5,MRVG0,SI1770.WRD,TRAIN/DR5/MRVG0/SI1770.WRD,TRAIN\\DR5\\MRVG0\\SI1770.WRD,FALSE,FALSE,TRUE,,FALSE
13974,TRAIN,DR5,MRVG0,SX150.TXT,TRAIN/DR5/MRVG0/SX150.TXT,TRAIN\\DR5\\MRVG0\\SX150.TXT,FALSE,FALSE,FALSE,,TRUE
13975,TRAIN,DR5,MRVG0,SX420.TXT,TRAIN/DR5/MRVG0/SX420.TXT,TRAIN\\DR5\\MRVG0\\SX420.TXT,FALSE,FALSE,FALSE,,TRUE
13976,TRAIN,DR5,MRVG0,SX150.WAV,TRAIN/DR5/MRVG0/SX150.WAV,TRAIN\\DR5\\MRVG0\\SX150.WAV,FALSE,TRUE,FALSE,,FALSE
13977,TRAIN,DR5,MRVG0,SX420.WAV,TRAIN/DR5/MRVG0/SX420.WAV,TRAIN\\DR5\\MRVG0\\SX420.WAV,FALSE,TRUE,FALSE,,FALSE
13978,TRAIN,DR5,MRVG0,SX330.WAV.wav,TRAIN/DR5/MRVG0/SX330.WAV.wav,TRAIN\\DR5\\MRVG0\\SX330.WAV.wav,TRUE,TRUE,FALSE,,FALSE
13979,TRAIN,DR5,MRVG0,SA2.PHN,TRAIN/DR5/MRVG0/SA2.PHN,TRAIN\\DR5\\MRVG0\\SA2.PHN,FALSE,FALSE,FALSE,,FALSE
13980,TRAIN,DR5,MRVG0,SI1140.PHN,TRAIN/DR5/MRVG0/SI1140.PHN,TRAIN\\DR5\\MRVG0\\SI1140.PHN,FALSE,FALSE,FALSE,,FALSE
13981,TRAIN,DR5,MRVG0,SI1140.WRD,TRAIN/DR5/MRVG0/SI1140.WRD,TRAIN\\DR5\\MRVG0\\SI1140.WRD,FALSE,FALSE,TRUE,,FALSE
13982,TRAIN,DR5,MRVG0,SI1770.TXT,TRAIN/DR5/MRVG0/SI1770.TXT,TRAIN\\DR5\\MRVG0\\SI1770.TXT,FALSE,FALSE,FALSE,,TRUE
13983,TRAIN,DR5,MRVG0,SA2.WRD,TRAIN/DR5/MRVG0/SA2.WRD,TRAIN\\DR5\\MRVG0\\SA2.WRD,FALSE,FALSE,TRUE,,FALSE
13984,TRAIN,DR5,MRVG0,SX60.WRD,TRAIN/DR5/MRVG0/SX60.WRD,TRAIN\\DR5\\MRVG0\\SX60.WRD,FALSE,FALSE,TRUE,,FALSE
13985,TRAIN,DR5,MRVG0,SX240.WAV.wav,TRAIN/DR5/MRVG0/SX240.WAV.wav,TRAIN\\DR5\\MRVG0\\SX240.WAV.wav,TRUE,TRUE,FALSE,,FALSE
13986,TRAIN,DR5,MRVG0,SA1.WAV.wav,TRAIN/DR5/MRVG0/SA1.WAV.wav,TRAIN\\DR5\\MRVG0\\SA1.WAV.wav,TRUE,TRUE,FALSE,,FALSE
13987,TRAIN,DR5,MRVG0,SA1.PHN,TRAIN/DR5/MRVG0/SA1.PHN,TRAIN\\DR5\\MRVG0\\SA1.PHN,FALSE,FALSE,FALSE,,FALSE
13988,TRAIN,DR5,MRVG0,SI1770.WAV,TRAIN/DR5/MRVG0/SI1770.WAV,TRAIN\\DR5\\MRVG0\\SI1770.WAV,FALSE,TRUE,FALSE,,FALSE
13989,TRAIN,DR5,MRVG0,SA1.WRD,TRAIN/DR5/MRVG0/SA1.WRD,TRAIN\\DR5\\MRVG0\\SA1.WRD,FALSE,FALSE,TRUE,,FALSE
13990,TRAIN,DR5,MRVG0,SX60.PHN,TRAIN/DR5/MRVG0/SX60.PHN,TRAIN\\DR5\\MRVG0\\SX60.PHN,FALSE,FALSE,FALSE,,FALSE
13991,TRAIN,DR5,MRVG0,SI1770.WAV.wav,TRAIN/DR5/MRVG0/SI1770.WAV.wav,TRAIN\\DR5\\MRVG0\\SI1770.WAV.wav,TRUE,TRUE,FALSE,,FALSE
13992,TRAIN,DR5,MRVG0,SI510.WAV,TRAIN/DR5/MRVG0/SI510.WAV,TRAIN\\DR5\\MRVG0\\SI510.WAV,FALSE,TRUE,FALSE,,FALSE
13993,TRAIN,DR5,MRVG0,SX330.TXT,TRAIN/DR5/MRVG0/SX330.TXT,TRAIN\\DR5\\MRVG0\\SX330.TXT,FALSE,FALSE,FALSE,,TRUE
13994,TRAIN,DR5,MRVG0,SX60.WAV.wav,TRAIN/DR5/MRVG0/SX60.WAV.wav,TRAIN\\DR5\\MRVG0\\SX60.WAV.wav,TRUE,TRUE,FALSE,,FALSE
13995,TRAIN,DR5,MRVG0,SI510.TXT,TRAIN/DR5/MRVG0/SI510.TXT,TRAIN\\DR5\\MRVG0\\SI510.TXT,FALSE,FALSE,FALSE,,TRUE
13996,TRAIN,DR5,MRVG0,SX330.WAV,TRAIN/DR5/MRVG0/SX330.WAV,TRAIN\\DR5\\MRVG0\\SX330.WAV,FALSE,TRUE,FALSE,,FALSE
13997,TRAIN,DR5,MRVG0,SA2.WAV.wav,TRAIN/DR5/MRVG0/SA2.WAV.wav,TRAIN\\DR5\\MRVG0\\SA2.WAV.wav,TRUE,TRUE,FALSE,,FALSE
13998,TRAIN,DR5,MRVG0,SX240.WAV,TRAIN/DR5/MRVG0/SX240.WAV,TRAIN\\DR5\\MRVG0\\SX240.WAV,FALSE,TRUE,FALSE,,FALSE
13999,TRAIN,DR5,MRVG0,SX240.TXT,TRAIN/DR5/MRVG0/SX240.TXT,TRAIN\\DR5\\MRVG0\\SX240.TXT,FALSE,FALSE,FALSE,,TRUE
14000,TRAIN,DR5,MRVG0,SX420.WAV.wav,TRAIN/DR5/MRVG0/SX420.WAV.wav,TRAIN\\DR5\\MRVG0\\SX420.WAV.wav,TRUE,TRUE,FALSE,,FALSE
5401,TRAIN,DR3,FDFB0,SI1318.TXT,TRAIN/DR3/FDFB0/SI1318.TXT,TRAIN\\DR3\\FDFB0\\SI1318.TXT,FALSE,FALSE,FALSE,FALSE,TRUE
5402,TRAIN,DR3,FDFB0,SI1318.WAV,TRAIN/DR3/FDFB0/SI1318.WAV,TRAIN\\DR3\\FDFB0\\SI1318.WAV,FALSE,TRUE,FALSE,FALSE,FALSE
5403,TRAIN,DR3,FDFB0,SI1318.WAV.wav,TRAIN/DR3/FDFB0/SI1318.WAV.wav,TRAIN\\DR3\\FDFB0\\SI1318.WAV.wav,TRUE,TRUE,FALSE,FALSE,FALSE
5404,TRAIN,DR3,FDFB0,SI2010.WAV.wav,TRAIN/DR3/FDFB0/SI2010.WAV.wav,TRAIN\\DR3\\FDFB0\\SI2010.WAV.wav,TRUE,TRUE,FALSE,FALSE,FALSE
5405,TRAIN,DR3,FDFB0,SI2010.TXT,TRAIN/DR3/FDFB0/SI2010.TXT,TRAIN\\DR3\\FDFB0\\SI2010.TXT,FALSE,FALSE,FALSE,FALSE,TRUE
5406,TRAIN,DR3,FDFB0,SX328.WAV,TRAIN/DR3/FDFB0/SX328.WAV,TRAIN\\DR3\\FDFB0\\SX328.WAV,FALSE,TRUE,FALSE,FALSE,FALSE
5407,TRAIN,DR3,FDFB0,SI2010.WAV,TRAIN/DR3/FDFB0/SI2010.WAV,TRAIN\\DR3\\FDFB0\\SI2010.WAV,FALSE,TRUE,FALSE,FALSE,FALSE
5408,TRAIN,DR3,FDFB0,SX328.TXT,TRAIN/DR3/FDFB0/SX328.TXT,TRAIN\\DR3\\FDFB0\\SX328.TXT,FALSE,FALSE,FALSE,FALSE,TRUE
5409,TRAIN,DR3,FDFB0,SX238.WAV,TRAIN/DR3/FDFB0/SX238.WAV,TRAIN\\DR3\\FDFB0\\SX238.WAV,FALSE,TRUE,FALSE,FALSE,FALSE
5410,TRAIN,DR3,FDFB0,SX58.WAV.wav,TRAIN/DR3/FDFB0/SX58.WAV.wav,TRAIN\\DR3\\FDFB0\\SX58.WAV.wav,TRUE,TRUE,FALSE,FALSE,FALSE
5411,TRAIN,DR3,FDFB0,SX58.WAV,TRAIN/DR3/FDFB0/SX58.WAV,TRAIN\\DR3\\FDFB0\\SX58.WAV,FALSE,TRUE,FALSE,FALSE,FALSE
5412,TRAIN,DR3,FDFB0,SX238.TXT,TRAIN/DR3/FDFB0/SX238.TXT,TRAIN\\DR3\\FDFB0\\SX238.TXT,FALSE,FALSE,FALSE,FALSE,TRUE
5413,TRAIN,DR3,FDFB0,SX148.WAV.wav,TRAIN/DR3/FDFB0/SX148.WAV.wav,TRAIN\\DR3\\FDFB0\\SX148.WAV.wav,TRUE,TRUE,FALSE,FALSE,FALSE
5414,TRAIN,DR3,FDFB0,SX58.TXT,TRAIN/DR3/FDFB0/SX58.TXT,TRAIN\\DR3\\FDFB0\\SX58.TXT,FALSE,FALSE,FALSE,FALSE,TRUE
5415,TRAIN,DR3,FDFB0,SX148.WAV,TRAIN/DR3/FDFB0/SX148.WAV,TRAIN\\DR3\\FDFB0\\SX148.WAV,FALSE,TRUE,FALSE,FALSE,FALSE
5416,TRAIN,DR3,FDFB0,SI1948.WAV,TRAIN/DR3/FDFB0/SI1948.WAV,TRAIN\\DR3\\FDFB0\\SI1948.WAV,FALSE,TRUE,FALSE,FALSE,FALSE
5417,TRAIN,DR3,FDFB0,SX418.PHN,TRAIN/DR3/FDFB0/SX418.PHN,TRAIN\\DR3\\FDFB0\\SX418.PHN,FALSE,FALSE,FALSE,TRUE,FALSE
5418,TRAIN,DR3,FDFB0,SX418.WRD,TRAIN/DR3/FDFB0/SX418.WRD,TRAIN\\DR3\\FDFB0\\SX418.WRD,FALSE,FALSE,TRUE,FALSE,FALSE
5419,TRAIN,DR3,FDFB0,SA1.TXT,TRAIN/DR3/FDFB0/SA1.TXT,TRAIN\\DR3\\FDFB0\\SA1.TXT,FALSE,FALSE,FALSE,FALSE,TRUE
5420,TRAIN,DR3,FDFB0,SA2.WAV,TRAIN/DR3/FDFB0/SA2.WAV,TRAIN\\DR3\\FDFB0\\SA2.WAV,FALSE,TRUE,FALSE,FALSE,FALSE
5421,TRAIN,DR3,FDFB0,SX418.WAV.wav,TRAIN/DR3/FDFB0/SX418.WAV.wav,TRAIN\\DR3\\FDFB0\\SX418.WAV.wav,TRUE,TRUE,FALSE,FALSE,FALSE
5422,TRAIN,DR3,FDFB0,SX148.TXT,TRAIN/DR3/FDFB0/SX148.TXT,TRAIN\\DR3\\FDFB0\\SX148.TXT,FALSE,FALSE,FALSE,FALSE,TRUE
5423,TRAIN,DR3,FDFB0,SI1948.TXT,TRAIN/DR3/FDFB0/SI1948.TXT,TRAIN\\DR3\\FDFB0\\SI1948.TXT,FALSE,FALSE,FALSE,FALSE,TRUE
5424,TRAIN,DR3,FDFB0,SA2.TXT,TRAIN/DR3/FDFB0/SA2.TXT,TRAIN\\DR3\\FDFB0\\SA2.TXT,FALSE,FALSE,FALSE,FALSE,TRUE
5425,TRAIN,DR3,FDFB0,SA1.WAV,TRAIN/DR3/FDFB0/SA1.WAV,TRAIN\\DR3\\FDFB0\\SA1.WAV,FALSE,TRUE,FALSE,FALSE,FALSE
5426,TRAIN,DR3,FDFB0,SX238.WRD,TRAIN/DR3/FDFB0/SX238.WRD,TRAIN\\DR3\\FDFB0\\SX238.WRD,FALSE,FALSE,TRUE,FALSE,FALSE
5427,TRAIN,DR3,FDFB0,SX58.PHN,TRAIN/DR3/FDFB0/SX58.PHN,TRAIN\\DR3\\FDFB0\\SX58.PHN,FALSE,FALSE,FALSE,TRUE,FALSE
5428,TRAIN,DR3,FDFB0,SI1948.WAV.wav,TRAIN/DR3/FDFB0/SI1948.WAV.wav,TRAIN\\DR3\\FDFB0\\SI1948.WAV.wav,TRUE,TRUE,FALSE,FALSE,FALSE
5429,TRAIN,DR3,FDFB0,SX238.PHN,TRAIN/DR3/FDFB0/SX238.PHN,TRAIN\\DR3\\FDFB0\\SX238.PHN,FALSE,FALSE,FALSE,TRUE,FALSE
5430,TRAIN,DR3,FDFB0,SX58.WRD,TRAIN/DR3/FDFB0/SX58.WRD,TRAIN\\DR3\\FDFB0\\SX58.WRD,FALSE,FALSE,TRUE,FALSE,FALSE
5431,TRAIN,DR3,FDFB0,SI1948.WRD,TRAIN/DR3/FDFB0/SI1948.WRD,TRAIN\\DR3\\FDFB0\\SI1948.WRD,FALSE,FALSE,TRUE,FALSE,FALSE
5432,TRAIN,DR3,FDFB0,SA2.PHN,TRAIN/DR3/FDFB0/SA2.PHN,TRAIN\\DR3\\FDFB0\\SA2.PHN,FALSE,FALSE,FALSE,TRUE,FALSE
5433,TRAIN,DR3,FDFB0,SX148.WRD,TRAIN/DR3/FDFB0/SX148.WRD,TRAIN\\DR3\\FDFB0\\SX148.WRD,FALSE,FALSE,TRUE,FALSE,FALSE
5434,TRAIN,DR3,FDFB0,SX148.PHN,TRAIN/DR3/FDFB0/SX148.PHN,TRAIN\\DR3\\FDFB0\\SX148.PHN,FALSE,FALSE,FALSE,TRUE,FALSE
5435,TRAIN,DR3,FDFB0,SX418.WAV,TRAIN/DR3/FDFB0/SX418.WAV,TRAIN\\DR3\\FDFB0\\SX418.WAV,FALSE,TRUE,FALSE,FALSE,FALSE
5436,TRAIN,DR3,FDFB0,SA2.WRD,TRAIN/DR3/FDFB0/SA2.WRD,TRAIN\\DR3\\FDFB0\\SA2.WRD,FALSE,FALSE,TRUE,FALSE,FALSE
5437,TRAIN,DR3,FDFB0,SI1948.PHN,TRAIN/DR3/FDFB0/SI1948.PHN,TRAIN\\DR3\\FDFB0\\SI1948.PHN,FALSE,FALSE,FALSE,TRUE,FALSE
5438,TRAIN,DR3,FDFB0,SX328.WAV.wav,TRAIN/DR3/FDFB0/SX328.WAV.wav,TRAIN\\DR3\\FDFB0\\SX328.WAV.wav,TRUE,TRUE,FALSE,FALSE,FALSE
5439,TRAIN,DR3,FDFB0,SA1.WAV.wav,TRAIN/DR3/FDFB0/SA1.WAV.wav,TRAIN\\DR3\\FDFB0\\SA1.WAV.wav,TRUE,TRUE,FALSE,FALSE,FALSE
5440,TRAIN,DR3,FDFB0,SA1.PHN,TRAIN/DR3/FDFB0/SA1.PHN,TRAIN\\DR3\\FDFB0\\SA1.PHN,FALSE,FALSE,FALSE,TRUE,FALSE
5441,TRAIN,DR3,FDFB0,SX418.TXT,TRAIN/DR3/FDFB0/SX418.TXT,TRAIN\\DR3\\FDFB0\\SX418.TXT,FALSE,FALSE,FALSE,FALSE,TRUE
5442,TRAIN,DR3,FDFB0,SA1.WRD,TRAIN/DR3/FDFB0/SA1.WRD,TRAIN\\DR3\\FDFB0\\SA1.WRD,FALSE,FALSE,TRUE,FALSE,FALSE
5443,TRAIN,DR3,FDFB0,SI1318.PHN,TRAIN/DR3/FDFB0/SI1318.PHN,TRAIN\\DR3\\FDFB0\\SI1318.PHN,FALSE,FALSE,FALSE,TRUE,FALSE
5444,TRAIN,DR3,FDFB0,SI1318.WRD,TRAIN/DR3/FDFB0/SI1318.WRD,TRAIN\\DR3\\FDFB0\\SI1318.WRD,FALSE,FALSE,TRUE,FALSE,FALSE
5445,TRAIN,DR3,FDFB0,SA2.WAV.wav,TRAIN/DR3/FDFB0/SA2.WAV.wav,TRAIN\\DR3\\FDFB0\\SA2.WAV.wav,TRUE,TRUE,FALSE,FALSE,FALSE
5446,TRAIN,DR3,FDFB0,SX328.PHN,TRAIN/DR3/FDFB0/SX328.PHN,TRAIN\\DR3\\FDFB0\\SX328.PHN,FALSE,FALSE,FALSE,TRUE,FALSE
5447,TRAIN,DR3,FDFB0,SX328.WRD,TRAIN/DR3/FDFB0/SX328.WRD,TRAIN\\DR3\\FDFB0\\SX328.WRD,FALSE,FALSE,TRUE,FALSE,FALSE
5448,TRAIN,DR3,FDFB0,SI2010.WRD,TRAIN/DR3/FDFB0/SI2010.WRD,TRAIN\\DR3\\FDFB0\\SI2010.WRD,FALSE,FALSE,TRUE,FALSE,FALSE
5449,TRAIN,DR3,FDFB0,SX238.WAV.wav,TRAIN/DR3/FDFB0/SX238.WAV.wav,TRAIN\\DR3\\FDFB0\\SX238.WAV.wav,TRUE,TRUE,FALSE,FALSE,FALSE
5450,TRAIN,DR3,FDFB0,SI2010.PHN,TRAIN/DR3/FDFB0/SI2010.PHN,TRAIN\\DR3\\FDFB0\\SI2010.PHN,FALSE,FALSE,FALSE,TRUE,FALSE
