path	translation	split
common_voice_en_19664034.mp3	این مؤلفه‌های داده به نوبه خود به عنوان «بلوک‌های ساختمان» مبادله داده‌ها عمل می‌کنند.	train
common_voice_en_19664035.mp3	این کلیسا با جنبش سیاسی یهودی صهیونیسم ارتباطی ندارد.	train
common_voice_en_18540003.mp3	وقتی آب کم است، آنرا هدر ندهید.	dev
common_voice_en_18540005.mp3	با ماشین تا خانه او خواهی رفت.	dev
common_voice_en_699711.mp3	حال او خوب می‌شود.	test
common_voice_en_18132047.mp3	شاهنامه آخرش خوشه.	test
