,Unnamed: 0,ReviewID,PMID,Title,Abstract
0,0,CD007697,16394043,Aggressive surgical effort and improved survival in advanced-stage ovarian cancer.,"Residual disease after initial surgery for ovarian cancer is the strongest prognostic factor for survival. However, the extent of surgical resection required to achieve optimal cytoreduction is controversial. Our goal was to estimate the effect of aggressive surgical resection on ovarian cancer patient survival.
                A retrospective cohort study of consecutive patients with International Federation of Gynecology and Obstetrics stage IIIC ovarian cancer undergoing primary surgery was conducted between January 1, 1994, and December 31, 1998. The main outcome measures were residual disease after cytoreduction, frequency of radical surgical resection, and 5-year disease-specific survival.
                The study comprised 194 patients, including 144 with carcinomatosis. The mean patient age and follow-up time were 64.4 and 3.5 years, respectively. After surgery, 131 (67.5%) of the 194 patients had less than 1 cm of residual disease (definition of optimal cytoreduction). Considering all patients, residual disease was the only independent predictor of survival; the need to perform radical procedures to achieve optimal cytoreduction was not associated with a decrease in survival. For the subgroup of patients with carcinomatosis, residual disease and the performance of radical surgical procedures were the only independent predictors. Disease-specific survival was markedly improved for patients with carcinomatosis operated on by surgeons who most frequently used radical procedures compared with those least likely to use radical procedures (44% versus 17%, P < .001).
                Overall, residual disease was the only independent predictor of survival. Minimizing residual disease through aggressive surgical resection was beneficial, especially in patients with carcinomatosis.
                II-2."
1,1,CD000174,8627434,Prophylactic indomethacin therapy in the first twenty-four hours of life for the prevention of patent ductus arteriosus in preterm infants treated prophylactically with surfactant in the delivery room.,"To determine whether a course of low-dose indomethacin therapy, when initiated within 24 hours of birth, would decrease ductal shunting in premature infants who received prophylactic surfactant in the delivery room.
                Ninety infants, with birth weights of 600 to 1250 gm, were entered into a prospective, randomized, controlled trial to receive either indomethacin, 0.1 mg/kg per dose, or placebo less than 24 hours and again every 24 hours for six doses. Echocardiography was performed on day 1 before treatment and on day 7, 24 hours after treatment. A hemodynamically significant patent ductus arteriosus (PDA) was confirmed with an out-of-study echocardiogram, and the nonresponders were treated with standard indomethacin or ligation.
                Forty-three infants received indomethacin (birth weight, 915 +/- 209 gm; gestational age, 26.4 +/- 1.6 weeks; 25 boys), and 47 received placebo (birth weight, 879 +/- 202 gm; gestational age, 26.4 +/- 1.8 weeks; 22 boys) (P = not significant). Of 90 infants, 77 (86%) had a PDA by echocardiogram on the first day of life before study treatment; 84% of these PDAs were moderate or large in size in the indomethacin-treated group compared with 93% in the placebo group. Nine of forty indomethacin-treated infants (21%) were study-dose nonresponders compared with 22 (47%) of 47 placebo-treated infants (p < 0.018). There were no significant differences between both groups in any of the long-term outcome variables, including intraventricular hemorrhage, duration of oxygen therapy, endotracheal intubation, duration of stay in neonatal intensive care unit, time to regain birth weight or reach full caloric intake, incidence of bronchopulmonary dysplasia, and survival. No significant differences were noted in the incidence of oliguria, elevated plasma creatinine concentration, thrombocytopenia, pulmonary hemorrhage, or necrotizing enterocolitis.
                The prophylactic use of low doses of indomethacin, when initiated in the first 24 hours of life in low birth weight infants who receive prophylactic surfactant in the delivery room, decreases the incidence of left-to-right shunting at the level of the ductus arteriosus."
2,2,CD000174,2677294,Indomethacin reduces the risks of severe intraventricular hemorrhage.,"A prospective, random selection, double-blind clinical trial was carried out to determine the efficacy of indomethacin in preventing periventricular-intraventricular hemorrhage (PV-IVH). Babies who were born in our institution, had birth weights less than or equal to 1500 gm, and had no PV-IVH or grade 1 PV-IVH were given either placebo (n = 70) or indomethacin (n = 71), 0.2 mg/kg intravenously at 6 hours of age and 0.1 mg/kg at 18 and 30 hours. Two major outcomes were determined: the development of grades 2 to 4 PV-IVH and the development of severe PV-IVH (i.e., hemorrhages with blood filling greater than 50% of the ventricles and in some cases with associated parenchymal echodensities). Grades 2 to 4 PV-IVH occurred in 16 (23%) of the indomethacin group and 27 (39%) of the placebo group (p less than 0.03). The incidence of severe PV-IVH was 3% in the indomethacin-treated babies and 14% in the control group (p less than 0.02). The influence of other perinatal factors on the incidence of grades 2 to 4 or severe PV-IVH was determined by stepwise logistic regression. Placebo use, early grade 1 PV-IVH, lower birth weight, and higher fraction of inspired oxygen at 6 hours of life were associated with higher estimated odds of the development of grades 2 to 4 PV-IVH. Placebo use, male gender, lower 5-minute Apgar score, and a large base deficit were predictive of severe PV-IVH. Estimated odds ratios of severe PV-IVH with placebo use and male gender were 11.25:1 and 9:1, respectively. Thus indomethacin prophylaxis reduced the relative risk of grades 2 to 4 PV-IVH and severe PV-IVH, but other perinatal variables contributed significantly to the overall risk of PV-IVH."
3,3,CD000174,3373404,Administration of indomethacin for the prevention of periventricular-intraventricular hemorrhage in high-risk neonates.,"One hundred twenty-two preterm infants were enrolled in a placebo-controlled, double-blind trial using intravenous indomethacin for the prevention of periventricular-intraventricular hemorrhage (PVH-IVH). Before random assignment, data on the infants were stratified according to low-weight (500 to 999 g) or high-weight (1000 to 1500 g) subgroups. Cranial sonography was used to document the absence of PVH-IVH before enrollment and the occurrence of PVH-IVH during the 7-day protocol. Indomethacin, 0.1 mg/kg, or placebo was administered before 12 hours of age and at 24, 48, and 72 hours of age. Five patients receiving indomethacin and six receiving placebo were withdrawn before completion of the study. In the remaining 111 patients, the indomethacin and placebo groups were comparable with respect to gestational ages, maternal complications, Apgar scores, ventilatory requirements, complications of prematurity, and mortality rate. PVH-IVH developed in six of 56 infants who received indomethacin and 11 of 55 infants who received placebo (P = 0.174). Analysis of the individual strata showed that the indomethacin-treated infants in the low-weight subgroup sustained a higher mortality rate (11/17 vs 3/16; P = 0.008) without a reduction in the incidence of PVH-IVH. Infants in the indomethacin-treated high-weight subgroup demonstrated a significantly lower incidence of PVH-IVH (2/39 vs 8/39; P = 0.04), but the frequency of high-grade hemorrhages was comparable for both indomethacin- and placebo-treated groups. In summary, the prophylactic administration of intravenous indomethacin for the prevention of PVH-IVH cannot be recommended for infants less than 1000 g. In preterm infants between 1000 and 1500 g birth weight, indomethacin significantly reduced the incidence of PVH-IVH."
4,4,CD000174,3321891,Early intravenous indomethacin prolongs respiratory support in very low birth weight infants.,"Infants weighing 1500 g at birth requiring either intermittent positive pressure ventilation or continuous positive airway pressure by 12 hours of age were entered in a randomized double blind controlled trial to test the efficacy of early intravenous indomethacin therapy in preventing chronic pulmonary disease of prematurity. Of the 30 newborns enrolled, 15 were treated with indomethacin and 15 were treated with placebo at 12, 24 and 36 hours of age. The groups were similar for birth weight, gestational age, sex, hyaline membrane disease and intracranial hemorrhage. Infants in the placebo group were successfully weaned from intermittent positive pressure ventilation at an earlier age than infants in the indomethacin group (p less than 0.05). Furthermore, chronic pulmonary disease of prematurity was similar in the two groups despite a reduction in the incidence of patent ductus arteriosus in the indomethacin group."
