,Unnamed: 0,ReviewID,Target
0,0,CD007697,"We found only low quality evidence comparing ultra-radical and standard surgery in women with advanced ovarian cancer and carcinomatosis. The evidence suggested that ultra-radical surgery may result in better survival.  It was unclear whether there were any differences in progression-free survival, QoL and morbidity between the two groups. The cost-effectiveness of this intervention has not been investigated. We are, therefore, unable to reach definite conclusions about the relative benefits and adverse effects of the two types of surgery.
In order to determine the role of ultra-radical surgery in the management of advanced stage ovarian cancer, a sufficiently powered randomised controlled trial comparing ultra-radical and standard surgery or well-designed non-randomised studies would be required."
1,1,CD000174,"Prophylactic indomethacin has short-term benefits for preterm infants including a reduction in the incidence of symptomatic PDA, PDA surgical ligation, and severe intraventricular haemorrhage. However, there is no evidence of effect on mortality or neurodevelopment."
2,2,CD008805,"First aid for phosphorus burns involves the common sense measures of acting promptly to remove the patient's clothes, irrigating the wound(s) with water or saline continuously, and removing phosphorus particles. There is no evidence that using copper sulphate to assist visualisation of phosphorus particles for removal is associated with better outcome, and some evidence that systemic absorption of copper sulphate may be harmful. We have so far been unable to identify any other comparisons relevant to informing other aspects of the care of patients with phosphorus burns. Future versions of this review will take account of information in articles published in languages other than English, which may contain additional evidence based on treatment comparisons."
3,3,CD000248,"Compared with control, there was no evidence of benefit from long-term anticoagulant therapy in people with presumed non-cardioembolic ischaemic stroke or transient ischaemic attack, but there was a significant bleeding risk."
4,4,CD004431,"The diversity of psychological interventions identified indicates the many ways in which they can potentially help people with MS. No definite conclusions can be made from this review. However there is reasonable evidence that cognitive behavioural approaches are beneficial in the treatment of depression, and in helping people adjust to, and cope with, having MS."
