<?xml version='1.0' encoding='UTF-8'?>
<text id="199907270095">
  <date>1999-07-27</date>
  <title>Filmowałem dyktatora Amina</title>
  <section>Publicystyka, Opinie</section>
  <authors>Sylwester Walczak</authors>
  <body>KENIA

Sao Gamba, absolwent łódzkiej szkoły filmowej, był świadkiem wielu okrucieństw popełnionych przez ludzi ugandyjskiego władcy

Filmowałem dyktatora Amina

SYLWESTER WALCZAK

z Hippo Valley (Kenia)

Kiedy zasiedliśmy do obiadu, w otwartym oknie pojawiła się małpa. "Trzeba na nią uważać, niedawno ukradła nam kilka rzeczy z kuchni" - powiedziała nasza gospodyni Joanna Gamba. "Przychodzą też do nas lwy, tygrysy, bawoły i lamparty, ale nie ma się czego bać" - dodał jej mąż, Sao Gamba, absolwent łódzkiej szkoły filmowej.

Siedzieliśmy w restauracji prowadzonego przez małżeństwo Gambów hotelu Hippo Valley Inn. Okrągłe, kryte strzechą budynki hotelu przypominają z zewnątrz masajską wioskę, jakich wiele można spotkać na sąsiadującej z posiadłością Gambów masajskiej Równinie Kitengela. Z drugiej strony Hippo Valley Inn graniczy z Parkiem Narodowym Nairobi. Jest to chyba jedyny park narodowy na świecie znajdujący się w administracyjnych granicach miasta. Przejeżdżając przez niego, widzieliśmy zebry, żyrafy, antylopy i strusie, spacerujące dostojnie po ciągnącej się po horyzont sawannie.

Po kolacji odprężony Sao zaczął opowiadać o swej krótkiej karierze filmowej w Ugandzie. Wkrótce po ukończeniu łódzkiej szkoły filmowej (w której studiował dzięki stypendium od rządu polskiego) został zatrudniony przez ugandyjskiego dyktatora Idiego Amina jako szef propagandy filmowej. "Przed spotkaniem przywódców państw Organizacji Jedności Afrykańskiej w Kampali Idi Amin polecił oczyścić ulice ugandyjskiej stolicy z żebraków - wspomina Sao. - Zadanie wykonał major Malia Mungu. Jego ludzie załadowali żebraków na ciężarówki, mówiąc im, że prezydent chce ich zaprosić na przyjęcie. Następnie żołnierze wywieźli żebraków dziewięcioma wielkimi ciężarówkami nad Wodospady Murchisona na północy Ugandy, gdzie rzucili ich na pożarcie krokodylom".

Sao pracował dla Idiego Amina przez kilkanaście miesięcy w latach 1972 - 73. W tym czasie był świadkiem wielu okrucieństw, niektóre z nich nawet rejestrował kamerą. "Kiedyś musiałem filmować, jak przywiązanego do deski człowieka rozcinano piłą tarczową" - mówił Sao. Innym razem major Malia Mungu poczęstował burmistrza jednego z miast cygarem. Kiedy tamten podziękował mówiąc, że nie pali, żołnierze odcięli mu penisa i wsadzili w usta.

Sfilmowane okrucieństwa były pokazywane w kronikach filmowych na prowincji, aby wzbudzić strach ludności przed Idim Aminem. Dla telewizji Sao produkował filmy sławiące osiągnięcia ugandyjskiego dyktatora. Pewnego dnia Amin zdecydował się wydalić z kraju kilkadziesiąt tysięcy Hindusów, co wywołało oburzenie społeczności międzynarodowej. Sao nakręcił wtedy film, w którym wypędzani Hindusi sławili Amina. "Mówili do kamery, że zawsze chcieli wyjechać, ale Wielka Brytania nie chciała ich wpuścić. - wspomina Sao. - Dopiero Idi Amin zmusił Londyn do przyjęcia posiadających brytyjskie paszporty Hindusów".

Idi Amin miał poczucie humoru. Odsuniętemu od władzy w wyniku afery Watergate prezydentowi Richardowi Nixonowi zaoferował azyl w Ugandzie. "Dam ci dom i drugą żonę" - napisał w depeszy do Nixona. Nawet wojnę z Tanzanią próbował rozstrzygnąć w niekonwencjonalny sposób. "Po co mają ginąć ludzie, skoro możemy całą sprawę załatwić na bokserskim ringu" - napisał Amin do prezydenta Tanzanii Juliusa Nyerere. Ten ostatni zamiast walki bokserskiej zaproponował partię szachów.

Ucieczka

Sao nie ukrywa, że swego czasu żywił wiele sympatii do Idiego Amina. "Dla najbliższego otoczenia to był bardzo miły człowiek, Afrykanie go kochali". Między innymi dlatego, że drwił w żywe oczy z przywódców mocarstw zachodnich. Przebywający z wizytą w Kampali brytyjski minister spraw zagranicznych James Callaghan musiał przeczołgać się pod bardzo niskim wejściem, aby dostać się do chaty, w której miał odbyć spotkanie z Aminem. Następnego dnia wszystkie ugandyjskie gazety zamieściły na pierwszych stronach odpowiedni fotomontaż, opatrzony triumfalnym tytułem: "Callaghan klęczy przed Aminem".

Kiedy zazdrośni Ugandyjczycy z otoczenia dyktatora zaczęli intrygować przeciw pochodzącemu z Kenii Sao, ten zdecydował się na ucieczkę z Ugandy, mimo że Amin obiecał mu całodobową ochronę. "Pomógł mi dyrektor lotniska, którego znałem ze studiów w Polsce - wspomina Sao. - Powiedziałem mu, że prezydent wysyła mnie z tajną misją, o której nikt nie może wiedzieć. Przeprowadził mnie bez kontroli paszportowej i zawiózł do samolotu własnym samochodem. Potem już tylko liczyłem minuty do startu."

W czasie studiów w Łodzi Sao poznał Joannę, swą obecną żonę. Dziś w Polsce studiują dwie córki państwa Gambów. Magda kończy w Gdańsku medycynę. Iza chce być dziennikarką, ale najpierw musi dobrze nauczyć się języka polskiego w szkole dla cudzoziemców w Łodzi.

Sao nakręcił kilkanaście filmów dokumentalnych. Zebrał za nie kilka nagród na festiwalach w Berlinie i w Lagos. W 1981 roku dostał nawet informację, że związek zawodowy "Solidarność" przyznał mu specjalną nagrodę za film o wizycie papieża Jana Pawła II w Kenii. Z powodu stanu wojennego w Polsce Sao nie był w stanie potwierdzić tej informacji ani odebrać nagrody.

Obrzędy na obrazach

Z powodu trudności z uzyskaniem funduszów na produkcję filmową w Kenii Sao odszedł od filmu i poświęcił się drugiej swojej pasji - twórczości artystycznej opartej na mitach i wierzeniach Afrykanów. 

W pokojach Hippo Valley Inn można podziwiać wiele obrazów Sao. Jeden z nich przedstawia ugandyjski rytuał bawnuma, podczas którego czarownik doprowadza zmarłą kobietę do urodzenia dziecka. Rytuał jest wynikiem przekonania niektórych plemion, że jeśli ciężarna kobieta umrze, nie wolno jej pogrzebać razem z noszonym przez nią dzieckiem. Ponieważ religia zabrania również rozcinania jej brzucha, szaman musi skłonić zmarłą do urodzenia dziecka. "Zdarza się, że dziecko przychodzi na świat żywe - mówi Sao. - Po urodzeniu wpada do rzeki i jeśli nie utonie (utonięcie jest oznaką opętania przez demony), to jest wychowywane przez rodzinę zmarłej".

Duch zaklęty w korzeniu

Z gór Ngong pochodzą też stare korzenie, które są materiałem do wykonywanych przez Sao rzeźb. Zanim trafią w jego ręce, leżą wiele lat w wodzie i piasku rzeki Athi. Dzięki temu twardnieją i nabierają kolorów: niektóre czernieją, inne stają się ciemnoczerwone. Sao twierdzi, że jego praca polega na wydobywaniu ukrytego w nich ludzkiego ducha. Najczęściej przybiera on postać zwierząt. Z pełnych skomplikowanej symboliki dzieł Sao wyłaniają się głowy słoni, krokodyli, hien, bawołów i innych mieszkańców sawanny. Na wykonanie jednej rzeźby Sao poświęca kilka miesięcy, pracując prawie codziennie od świtu do zmierzchu.

"Według tradycji afrykańskiej istota ludzka składa się z duszy (soul), ducha (spirit), umysłu (mind) i ciała (body). Po śmierci ciało zamienia się w popiół, dusza idzie do nieba, a duch i umysł ukrywają się w korzeniach drzew. Mogą one potem wejść w ciało nowo narodzonej osoby" - wyjaśnia Sao. Wkrótce zamierza otworzyć w Hippo Valley muzeum swych prac. Dlatego nie sprzedaje obrazów, których - jak twierdzi - i tak nikt nie zrozumie. "Rzeźby będę sprzedawał, muszę z czegoś mieć pieniądze na założenie muzeum" - uśmiecha się Sao znad kolejnego dzieła, nad którym pracuje już od czterech miesięcy. "A mógł wywieźć te filmy, które zrobił dla Amina - dodaje ze śmiechem Joanna. - Na pewno dobrze by je sprzedał i dzisiaj nie musiałby się martwić o pieniądze".

Współpraca: Szymon Karpiński</body>
  <summaries>
    <summary ratio="10" type="extract" author="C">
      <body>Sao Gamba, absolwent łódzkiej szkoły filmowej, był świadkiem wielu okrucieństw popełnionych przez ludzi ugandyjskiego władcy. Wkrótce po ukończeniu szkoły został zatrudniony przez ugandyjskiego dyktatora Idiego Amina jako szef propagandy filmowej. W tym czasie był świadkiem wielu okrucieństw, niektóre z nich nawet rejestrował kamerą. Sfilmowane okrucieństwa były pokazywane w kronikach filmowych na prowincji, aby wzbudzić strach ludności przed Idim Aminem. Dla telewizji Sao produkował filmy sławiące osiągnięcia ugandyjskiego dyktatora. Sao nakręcił kilkanaście filmów dokumentalnych. Zebrał za nie kilka nagród na festiwalach w Berlinie i w Lagos. W 1981 roku związek zawodowy "Solidarność" przyznał mu specjalną nagrodę za film o wizycie papieża Jana Pawła II w Kenii.</body>
      <spans>
        <span start="7" end="131">Sao Gamba, absolwent łódzkiej szkoły filmowej, był świadkiem wielu okrucieństw popełnionych przez ludzi ugandyjskiego władcy</span>
        <span start="1186" end="1210">. Wkrótce po ukończeniu </span>
        <span start="1219" end="1226">szkoły </span>
        <span start="1293" end="1386">został zatrudniony przez ugandyjskiego dyktatora Idiego Amina jako szef propagandy filmowej. </span>
        <span start="1924" end="2012">W tym czasie był świadkiem wielu okrucieństw, niektóre z nich nawet rejestrował kamerą. </span>
        <span start="2286" end="2491">Sfilmowane okrucieństwa były pokazywane w kronikach filmowych na prowincji, aby wzbudzić strach ludności przed Idim Aminem. Dla telewizji Sao produkował filmy sławiące osiągnięcia ugandyjskiego dyktatora. </span>
        <span start="4727" end="4851">Sao nakręcił kilkanaście filmów dokumentalnych. Zebrał za nie kilka nagród na festiwalach w Berlinie i w Lagos. W 1981 roku </span>
        <span start="4879" end="4988">związek zawodowy "Solidarność" przyznał mu specjalną nagrodę za film o wizycie papieża Jana Pawła II w Kenii.</span>
      </spans>
    </summary>
    <summary ratio="20" type="extract" author="C">
      <body>Sao Gamba, absolwent łódzkiej szkoły filmowej, był świadkiem wielu okrucieństw popełnionych przez ludzi ugandyjskiego władcy. Wkrótce po ukończeniu szkoły został zatrudniony przez ugandyjskiego dyktatora Idiego Amina jako szef propagandy filmowej. pracował dla Idiego Amina przez kilkanaście miesięcy w latach 1972 - 73. W tym czasie był świadkiem wielu okrucieństw, niektóre z nich nawet rejestrował kamerą. Sfilmowane okrucieństwa były pokazywane w kronikach filmowych na prowincji, aby wzbudzić strach ludności przed Idim Aminem. Dla telewizji Sao produkował filmy sławiące osiągnięcia ugandyjskiego dyktatora. Pewnego dnia Amin zdecydował się wydalić z kraju kilkadziesiąt tysięcy Hindusów, co wywołało oburzenie społeczności międzynarodowej. Sao nakręcił wtedy film, w którym wypędzani Hindusi sławili Amina. 
Sao nie ukrywa, że swego czasu żywił wiele sympatii do Idiego Amina. Dla najbliższego otoczenia to był bardzo miły człowiek, Afrykanie go kochali. Między innymi dlatego, że drwił w żywe oczy z przywódców mocarstw zachodnich. Kiedy zazdrośni Ugandyjczycy z otoczenia dyktatora zaczęli intrygować przeciw pochodzącemu z Kenii Sao, ten zdecydował się na ucieczkę z Ugandy, mimo że Amin obiecał mu całodobową ochronę. Pomógł mi dyrektor lotniska, którego znałem ze studiów w Polsce. 
Sao nakręcił kilkanaście filmów dokumentalnych. Zebrał za nie kilka nagród na festiwalach w Berlinie i w Lagos. W 1981 roku związek zawodowy "Solidarność" przyznał mu specjalną nagrodę za film o wizycie papieża Jana Pawła II w Kenii.</body>
      <spans>
        <span start="7" end="131">Sao Gamba, absolwent łódzkiej szkoły filmowej, był świadkiem wielu okrucieństw popełnionych przez ludzi ugandyjskiego władcy</span>
        <span start="1186" end="1210">. Wkrótce po ukończeniu </span>
        <span start="1219" end="1226">szkoły </span>
        <span start="1293" end="1386">został zatrudniony przez ugandyjskiego dyktatora Idiego Amina jako szef propagandy filmowej. </span>
        <span start="1851" end="2012">pracował dla Idiego Amina przez kilkanaście miesięcy w latach 1972 - 73. W tym czasie był świadkiem wielu okrucieństw, niektóre z nich nawet rejestrował kamerą. </span>
        <span start="2286" end="2691">Sfilmowane okrucieństwa były pokazywane w kronikach filmowych na prowincji, aby wzbudzić strach ludności przed Idim Aminem. Dla telewizji Sao produkował filmy sławiące osiągnięcia ugandyjskiego dyktatora. Pewnego dnia Amin zdecydował się wydalić z kraju kilkadziesiąt tysięcy Hindusów, co wywołało oburzenie społeczności międzynarodowej. Sao nakręcił wtedy film, w którym wypędzani Hindusi sławili Amina. </span>
        <span start="3374" end="3444">
Sao nie ukrywa, że swego czasu żywił wiele sympatii do Idiego Amina. </span>
        <span start="3445" end="3521">Dla najbliższego otoczenia to był bardzo miły człowiek, Afrykanie go kochali</span>
        <span start="3522" end="3602">. Między innymi dlatego, że drwił w żywe oczy z przywódców mocarstw zachodnich. </span>
        <span start="3972" end="4161">Kiedy zazdrośni Ugandyjczycy z otoczenia dyktatora zaczęli intrygować przeciw pochodzącemu z Kenii Sao, ten zdecydował się na ucieczkę z Ugandy, mimo że Amin obiecał mu całodobową ochronę. </span>
        <span start="4162" end="4225">Pomógł mi dyrektor lotniska, którego znałem ze studiów w Polsce</span>
        <span start="4240" end="4242">. </span>
        <span start="4725" end="4726">
</span>
        <span start="4727" end="4851">Sao nakręcił kilkanaście filmów dokumentalnych. Zebrał za nie kilka nagród na festiwalach w Berlinie i w Lagos. W 1981 roku </span>
        <span start="4879" end="4988">związek zawodowy "Solidarność" przyznał mu specjalną nagrodę za film o wizycie papieża Jana Pawła II w Kenii.</span>
      </spans>
    </summary>
    <summary ratio="5" type="extract" author="C">
      <body>Sao Gamba, absolwent łódzkiej szkoły filmowej, był świadkiem wielu okrucieństw popełnionych przez ludzi ugandyjskiego władcy. Wkrótce po ukończeniu szkoły został zatrudniony przez ugandyjskiego dyktatora Idiego Amina jako szef propagandy filmowej. Sfilmowane okrucieństwa były pokazywane w kronikach filmowych na prowincji, aby wzbudzić strach ludności przed Idim Aminem. Dla telewizji Sao produkował filmy sławiące osiągnięcia ugandyjskiego dyktatora.</body>
      <spans>
        <span start="7" end="131">Sao Gamba, absolwent łódzkiej szkoły filmowej, był świadkiem wielu okrucieństw popełnionych przez ludzi ugandyjskiego władcy</span>
        <span start="1186" end="1210">. Wkrótce po ukończeniu </span>
        <span start="1219" end="1226">szkoły </span>
        <span start="1293" end="1386">został zatrudniony przez ugandyjskiego dyktatora Idiego Amina jako szef propagandy filmowej. </span>
        <span start="2286" end="2490">Sfilmowane okrucieństwa były pokazywane w kronikach filmowych na prowincji, aby wzbudzić strach ludności przed Idim Aminem. Dla telewizji Sao produkował filmy sławiące osiągnięcia ugandyjskiego dyktatora.</span>
      </spans>
    </summary>
    <summary ratio="10" type="extract" author="B">
      <body>Sao po ukończeniu łódzkiej szkoły filmowej został zatrudniony przez ugandyjskiego dyktatora Idiego Amina jako szef propagandy filmowej. był świadkiem wielu okrucieństw. Sfilmowane okrucieństwa były pokazywane w kronikach filmowych, aby wzbudzić strach przed Aminem. Sao produkował filmy sławiące osiągnięcia dyktatora. żywił wiele sympatii do Amina. Kiedy zazdrośni Ugandyjczycy z otoczenia dyktatora zaczęli intrygować przeciw pochodzącemu z Kenii Sao, ten zdecydował się na ucieczkę. Z powodu trudności z uzyskaniem funduszów na produkcję filmową w Kenii Sao odszedł od filmu i poświęcił się twórczości artystycznej opartej na mitach i wierzeniach Afrykanów. stare korzenie są materiałem do wykonywanych przez Sao rzeźb. Sao twierdzi, że jego praca polega na wydobywaniu ukrytego w nich ludzkiego ducha.</body>
      <spans>
        <span start="1121" end="1125">Sao </span>
        <span start="1196" end="1235">po ukończeniu łódzkiej szkoły filmowej </span>
        <span start="1293" end="1386">został zatrudniony przez ugandyjskiego dyktatora Idiego Amina jako szef propagandy filmowej. </span>
        <span start="1937" end="1968">był świadkiem wielu okrucieństw</span>
        <span start="2010" end="2012">. </span>
        <span start="2286" end="2347">Sfilmowane okrucieństwa były pokazywane w kronikach filmowych</span>
        <span start="2360" end="2382">, aby wzbudzić strach </span>
        <span start="2391" end="2397">przed </span>
        <span start="2402" end="2410">Aminem. </span>
        <span start="2424" end="2466">Sao produkował filmy sławiące osiągnięcia </span>
        <span start="2480" end="2491">dyktatora. </span>
        <span start="3406" end="3430">żywił wiele sympatii do </span>
        <span start="3437" end="3444">Amina. </span>
        <span start="3972" end="4106">Kiedy zazdrośni Ugandyjczycy z otoczenia dyktatora zaczęli intrygować przeciw pochodzącemu z Kenii Sao, ten zdecydował się na ucieczkę</span>
        <span start="4159" end="4161">. </span>
        <span start="5114" end="5222">Z powodu trudności z uzyskaniem funduszów na produkcję filmową w Kenii Sao odszedł od filmu i poświęcił się </span>
        <span start="5245" end="5312">twórczości artystycznej opartej na mitach i wierzeniach Afrykanów. </span>
        <span start="6010" end="6024">stare korzenie</span>
        <span start="6031" end="6079"> są materiałem do wykonywanych przez Sao rzeźb. </span>
        <span start="6245" end="6327">Sao twierdzi, że jego praca polega na wydobywaniu ukrytego w nich ludzkiego ducha.</span>
      </spans>
    </summary>
    <summary ratio="20" type="extract" author="B">
      <body>Siedzieliśmy w restauracji hotelu Hippo Valley Inn. Po kolacji odprężony Sao zaczął opowiadać o swej karierze filmowej w Ugandzie. po ukończeniu łódzkiej szkoły filmowej został zatrudniony przez ugandyjskiego dyktatora Idiego Amina jako szef propagandy filmowej. był świadkiem wielu okrucieństw. "Kiedyś musiałem filmować, jak przywiązanego do deski człowieka rozcinano piłą tarczową" - mówił Sao. Sfilmowane okrucieństwa były pokazywane w kronikach filmowych, aby wzbudzić strach przed Aminem. Sao produkował filmy sławiące osiągnięcia dyktatora. 

Sao nie ukrywa, że żywił wiele sympatii do Amina. "Dla najbliższego otoczenia to był bardzo miły człowiek, Afrykanie go kochali". Kiedy zazdrośni Ugandyjczycy z otoczenia dyktatora zaczęli intrygować przeciw pochodzącemu z Kenii Sao, ten zdecydował się na ucieczkę. Sao nakręcił kilkanaście filmów dokumentalnych. Zebrał kilka nagród na festiwalach. W 1981 roku dzwiązek zawodowy "Solidarność" przyznał mu nagrodę za film o wizycie papieża Jana Pawła II w Kenii. 

Z powodu trudności z uzyskaniem funduszów na produkcję filmową w Kenii Sao odszedł od filmu i poświęcił się twórczości artystycznej opartej na mitach i wierzeniach Afrykanów. W pokojach Hippo Valley Inn można podziwiać wiele obrazów Sao. Jeden z nich przedstawia ugandyjski rytuał bawnuma, podczas którego czarownik doprowadza zmarłą kobietę do urodzenia dziecka. stare korzenie są materiałem do wykonywanych przez Sao rzeźb. Sao twierdzi, że jego praca polega na wydobywaniu ukrytego w nich ludzkiego ducha.</body>
      <spans>
        <span start="528" end="555">Siedzieliśmy w restauracji </span>
        <span start="592" end="617">hotelu Hippo Valley Inn. </span>
        <span start="1100" end="1149">Po kolacji odprężony Sao zaczął opowiadać o swej </span>
        <span start="1158" end="1188">karierze filmowej w Ugandzie. </span>
        <span start="1196" end="1235">po ukończeniu łódzkiej szkoły filmowej </span>
        <span start="1293" end="1386">został zatrudniony przez ugandyjskiego dyktatora Idiego Amina jako szef propagandy filmowej. </span>
        <span start="1937" end="1968">był świadkiem wielu okrucieństw</span>
        <span start="2010" end="2114">. "Kiedyś musiałem filmować, jak przywiązanego do deski człowieka rozcinano piłą tarczową" - mówił Sao. </span>
        <span start="2286" end="2347">Sfilmowane okrucieństwa były pokazywane w kronikach filmowych</span>
        <span start="2360" end="2382">, aby wzbudzić strach </span>
        <span start="2391" end="2397">przed </span>
        <span start="2402" end="2410">Aminem. </span>
        <span start="2424" end="2466">Sao produkował filmy sławiące osiągnięcia </span>
        <span start="2480" end="2491">dyktatora. </span>
        <span start="3373" end="3394">

Sao nie ukrywa, że </span>
        <span start="3406" end="3430">żywił wiele sympatii do </span>
        <span start="3437" end="3524">Amina. "Dla najbliższego otoczenia to był bardzo miły człowiek, Afrykanie go kochali". </span>
        <span start="3972" end="4106">Kiedy zazdrośni Ugandyjczycy z otoczenia dyktatora zaczęli intrygować przeciw pochodzącemu z Kenii Sao, ten zdecydował się na ucieczkę</span>
        <span start="4159" end="4161">. </span>
        <span start="4727" end="4782">Sao nakręcił kilkanaście filmów dokumentalnych. Zebrał </span>
        <span start="4789" end="4816">kilka nagród na festiwalach</span>
        <span start="4837" end="4852">. W 1981 roku d</span>
        <span start="4879" end="4922">związek zawodowy "Solidarność" przyznał mu </span>
        <span start="4932" end="4989">nagrodę za film o wizycie papieża Jana Pawła II w Kenii. </span>
        <span start="5112" end="5222">

Z powodu trudności z uzyskaniem funduszów na produkcję filmową w Kenii Sao odszedł od filmu i poświęcił się </span>
        <span start="5245" end="5312">twórczości artystycznej opartej na mitach i wierzeniach Afrykanów. </span>
        <span start="5314" end="5503">W pokojach Hippo Valley Inn można podziwiać wiele obrazów Sao. Jeden z nich przedstawia ugandyjski rytuał bawnuma, podczas którego czarownik doprowadza zmarłą kobietę do urodzenia dziecka. </span>
        <span start="6010" end="6024">stare korzenie</span>
        <span start="6031" end="6079"> są materiałem do wykonywanych przez Sao rzeźb. </span>
        <span start="6245" end="6327">Sao twierdzi, że jego praca polega na wydobywaniu ukrytego w nich ludzkiego ducha.</span>
      </spans>
    </summary>
    <summary ratio="5" type="extract" author="B">
      <body>Sao po ukończeniu łódzkiej szkoły filmowej został zatrudniony przez ugandyjskiego dyktatora Idiego Amina jako szef propagandy filmowej. produkował filmy sławiące osiągnięcia dyktatora. Kiedy zazdrośni Ugandyjczycy z otoczenia dyktatora zaczęli intrygować przeciw pochodzącemu z Kenii Sao, ten zdecydował się na ucieczkę. w Kenii Sao odszedł od filmu i poświęcił się twórczości artystycznej opartej na mitach i wierzeniach Afrykanów.</body>
      <spans>
        <span start="1121" end="1125">Sao </span>
        <span start="1196" end="1235">po ukończeniu łódzkiej szkoły filmowej </span>
        <span start="1293" end="1386">został zatrudniony przez ugandyjskiego dyktatora Idiego Amina jako szef propagandy filmowej. </span>
        <span start="2428" end="2466">produkował filmy sławiące osiągnięcia </span>
        <span start="2480" end="2491">dyktatora. </span>
        <span start="3972" end="4106">Kiedy zazdrośni Ugandyjczycy z otoczenia dyktatora zaczęli intrygować przeciw pochodzącemu z Kenii Sao, ten zdecydował się na ucieczkę</span>
        <span start="4159" end="4161">. </span>
        <span start="5177" end="5222">w Kenii Sao odszedł od filmu i poświęcił się </span>
        <span start="5245" end="5311">twórczości artystycznej opartej na mitach i wierzeniach Afrykanów.</span>
      </spans>
    </summary>
    <summary ratio="10" type="extract" author="J">
      <body>Sao po ukończeniu łódzkiej szkoły filmowej został zatrudniony przez ugandyjskiego dyktatora Idiego Amina jako szef propagandy filmowej. w latach 1972 - 73 był świadkiem wielu okrucieństw, niektóre z nich rejestrował kamerą. Sfilmowane okrucieństwa były pokazywane w kronikach filmowych na prowincji, aby wzbudzić strach ludności. Dla telewizji Sao produkował filmy sławiące osiągnięcia ugandyjskiego dyktatora. Kiedy Ugandyjczycy z otoczenia dyktatora zaczęli intrygować przeciw Sao, ten zdecydował się na ucieczkę z Ugandy. Sao nakręcił kilkanaście filmów dokumentalnych. Z powodu trudności z uzyskaniem funduszów na produkcję filmową w Kenii Sao poświęcił się twórczości artystycznej opartej na mitach i wierzeniach Afrykanów. Sao zamierza otworzyć w Hippo Valley muzeum swych prac.</body>
      <spans>
        <span start="1121" end="1125">Sao </span>
        <span start="1196" end="1235">po ukończeniu łódzkiej szkoły filmowej </span>
        <span start="1293" end="1386">został zatrudniony przez ugandyjskiego dyktatora Idiego Amina jako szef propagandy filmowej. </span>
        <span start="1904" end="1922">w latach 1972 - 73</span>
        <span start="1936" end="1986"> był świadkiem wielu okrucieństw, niektóre z nich </span>
        <span start="1992" end="2012">rejestrował kamerą. </span>
        <span start="2286" end="2390">Sfilmowane okrucieństwa były pokazywane w kronikach filmowych na prowincji, aby wzbudzić strach ludności</span>
        <span start="2408" end="2491">. Dla telewizji Sao produkował filmy sławiące osiągnięcia ugandyjskiego dyktatora. </span>
        <span start="3972" end="3978">Kiedy </span>
        <span start="3988" end="4050">Ugandyjczycy z otoczenia dyktatora zaczęli intrygować przeciw </span>
        <span start="4071" end="4115">Sao, ten zdecydował się na ucieczkę z Ugandy</span>
        <span start="4159" end="4161">. </span>
        <span start="4727" end="4775">Sao nakręcił kilkanaście filmów dokumentalnych. </span>
        <span start="5114" end="5189">Z powodu trudności z uzyskaniem funduszów na produkcję filmową w Kenii Sao </span>
        <span start="5208" end="5222">poświęcił się </span>
        <span start="5245" end="5312">twórczości artystycznej opartej na mitach i wierzeniach Afrykanów. </span>
        <span start="6894" end="6897">Sao</span>
        <span start="6906" end="6958"> zamierza otworzyć w Hippo Valley muzeum swych prac.</span>
      </spans>
    </summary>
    <summary ratio="20" type="extract" author="J">
      <body>Siedzieliśmy w restauracji prowadzonego przez małżeństwo Gambów hotelu Hippo Valley Inn. Po kolacji Sao zaczął opowiadać o swej krótkiej karierze filmowej w Ugandzie. Wkrótce po ukończeniu łódzkiej szkoły filmowej został zatrudniony przez ugandyjskiego dyktatora Idiego Amina jako szef propagandy filmowej. w latach 1972 - 73 był świadkiem wielu okrucieństw, niektóre z nich nawet rejestrował kamerą. Sfilmowane okrucieństwa były pokazywane w kronikach filmowych na prowincji, aby wzbudzić strach ludności przed Idim Aminem. Dla telewizji Sao produkował filmy sławiące osiągnięcia ugandyjskiego dyktatora. Sao żywił wiele sympatii do Idiego Amina. "Afrykanie go kochali". Między innymi dlatego, że drwił z przywódców mocarstw zachodnich. 
Kiedy Ugandyjczycy z otoczenia dyktatora zaczęli intrygować przeciw pochodzącemu z Kenii Sao, ten zdecydował się na ucieczkę z Ugandy. Sao nakręcił kilkanaście filmów dokumentalnych. Z powodu trudności z uzyskaniem funduszów na produkcję filmową w Kenii Sao poświęcił się twórczości artystycznej opartej na mitach i wierzeniach Afrykanów. W pokojach Hippo Valley Inn można podziwiać wiele obrazów Sao. Jeden z nich przedstawia ugandyjski rytuał bawnuma, podczas którego czarownik doprowadza zmarłą kobietę do urodzenia dziecka. Z gór Ngong pochodzą stare korzenie, które są materiałem do wykonywanych przez Sao rzeźb. Z pełnych skomplikowanej symboliki dzieł Sao wyłaniają się głowy słoni, krokodyli, hien, bawołów i innych mieszkańców sawanny. Sao zamierza otworzyć w Hippo Valley muzeum swych prac.</body>
      <spans>
        <span start="528" end="617">Siedzieliśmy w restauracji prowadzonego przez małżeństwo Gambów hotelu Hippo Valley Inn. </span>
        <span start="1100" end="1111">Po kolacji </span>
        <span start="1121" end="1235">Sao zaczął opowiadać o swej krótkiej karierze filmowej w Ugandzie. Wkrótce po ukończeniu łódzkiej szkoły filmowej </span>
        <span start="1293" end="1386">został zatrudniony przez ugandyjskiego dyktatora Idiego Amina jako szef propagandy filmowej. </span>
        <span start="1904" end="1922">w latach 1972 - 73</span>
        <span start="1936" end="2012"> był świadkiem wielu okrucieństw, niektóre z nich nawet rejestrował kamerą. </span>
        <span start="2286" end="2491">Sfilmowane okrucieństwa były pokazywane w kronikach filmowych na prowincji, aby wzbudzić strach ludności przed Idim Aminem. Dla telewizji Sao produkował filmy sławiące osiągnięcia ugandyjskiego dyktatora. </span>
        <span start="3375" end="3379">Sao </span>
        <span start="3406" end="3445">żywił wiele sympatii do Idiego Amina. "</span>
        <span start="3501" end="3556">Afrykanie go kochali". Między innymi dlatego, że drwił </span>
        <span start="3568" end="3602">z przywódców mocarstw zachodnich. </span>
        <span start="3971" end="3978">
Kiedy </span>
        <span start="3988" end="4115">Ugandyjczycy z otoczenia dyktatora zaczęli intrygować przeciw pochodzącemu z Kenii Sao, ten zdecydował się na ucieczkę z Ugandy</span>
        <span start="4159" end="4161">. </span>
        <span start="4727" end="4775">Sao nakręcił kilkanaście filmów dokumentalnych. </span>
        <span start="5114" end="5189">Z powodu trudności z uzyskaniem funduszów na produkcję filmową w Kenii Sao </span>
        <span start="5208" end="5222">poświęcił się </span>
        <span start="5245" end="5312">twórczości artystycznej opartej na mitach i wierzeniach Afrykanów. </span>
        <span start="5314" end="5503">W pokojach Hippo Valley Inn można podziwiać wiele obrazów Sao. Jeden z nich przedstawia ugandyjski rytuał bawnuma, podczas którego czarownik doprowadza zmarłą kobietę do urodzenia dziecka. </span>
        <span start="5985" end="6006">Z gór Ngong pochodzą </span>
        <span start="6010" end="6079">stare korzenie, które są materiałem do wykonywanych przez Sao rzeźb. </span>
        <span start="6370" end="6497">Z pełnych skomplikowanej symboliki dzieł Sao wyłaniają się głowy słoni, krokodyli, hien, bawołów i innych mieszkańców sawanny. </span>
        <span start="6894" end="6897">Sao</span>
        <span start="6906" end="6958"> zamierza otworzyć w Hippo Valley muzeum swych prac.</span>
      </spans>
    </summary>
    <summary ratio="5" type="extract" author="J">
      <body>Sao po ukończeniu łódzkiej szkoły filmowej został zatrudniony przez ugandyjskiego dyktatora Idiego Amina jako szef propagandy filmowej. w latach 1972 - 73 był świadkiem wielu okrucieństw, niektóre z nich rejestrował kamerą. produkował filmy sławiące osiągnięcia ugandyjskiego dyktatora. Sao zdecydował się na ucieczkę z Ugandy. poświęcił się twórczości artystycznej opartej na wierzeniach Afrykanów.</body>
      <spans>
        <span start="1121" end="1125">Sao </span>
        <span start="1196" end="1235">po ukończeniu łódzkiej szkoły filmowej </span>
        <span start="1293" end="1386">został zatrudniony przez ugandyjskiego dyktatora Idiego Amina jako szef propagandy filmowej. </span>
        <span start="1904" end="1922">w latach 1972 - 73</span>
        <span start="1936" end="1986"> był świadkiem wielu okrucieństw, niektóre z nich </span>
        <span start="1992" end="2012">rejestrował kamerą. </span>
        <span start="2428" end="2491">produkował filmy sławiące osiągnięcia ugandyjskiego dyktatora. </span>
        <span start="4071" end="4074">Sao</span>
        <span start="4079" end="4115"> zdecydował się na ucieczkę z Ugandy</span>
        <span start="4159" end="4161">. </span>
        <span start="5208" end="5222">poświęcił się </span>
        <span start="5245" end="5280">twórczości artystycznej opartej na </span>
        <span start="5289" end="5311">wierzeniach Afrykanów.</span>
      </spans>
    </summary>
    <summary ratio="10" type="extract" author="H">
      <body>Sao Gamba, absolwent łódzkiej szkoły filmowej, był świadkiem wielu okrucieństw popełnionych przez ludzi ugandyjskiego władcy. po ukończeniu szkoły został zatrudniony przez dyktatora Idiego Amina jako szef propagandy filmowej. Sfilmowane okrucieństwa były pokazywane w kronikach filmowych na prowincji, aby wzbudzić strach ludności przed Idim Aminem. Dla telewizji Sao produkował filmy sławiące osiągnięcia dyktatora. Sao nie ukrywa, że swego czasu żywił wiele sympatii do Amina. Dla najbliższego otoczenia to był bardzo miły człowiek. Kiedy zazdrośni Ugandyjczycy z otoczenia dyktatora zaczęli intrygować przeciw Sao, ten zdecydował się na ucieczkę. W czasie studiów w Łodzi poznał swą obecną żonę. nakręcił kilkanaście filmów dokumentalnych. Zebrał kilka nagród. poświęcił się drugiej pasji - twórczości artystycznej.</body>
      <spans>
        <span start="7" end="131">Sao Gamba, absolwent łódzkiej szkoły filmowej, był świadkiem wielu okrucieństw popełnionych przez ludzi ugandyjskiego władcy</span>
        <span start="615" end="617">. </span>
        <span start="1196" end="1210">po ukończeniu </span>
        <span start="1219" end="1226">szkoły </span>
        <span start="1293" end="1318">został zatrudniony przez </span>
        <span start="1332" end="1386">dyktatora Idiego Amina jako szef propagandy filmowej. </span>
        <span start="2286" end="2466">Sfilmowane okrucieństwa były pokazywane w kronikach filmowych na prowincji, aby wzbudzić strach ludności przed Idim Aminem. Dla telewizji Sao produkował filmy sławiące osiągnięcia </span>
        <span start="2480" end="2491">dyktatora. </span>
        <span start="3375" end="3430">Sao nie ukrywa, że swego czasu żywił wiele sympatii do </span>
        <span start="3437" end="3444">Amina. </span>
        <span start="3445" end="3499">Dla najbliższego otoczenia to był bardzo miły człowiek</span>
        <span start="3522" end="3524">. </span>
        <span start="3972" end="4050">Kiedy zazdrośni Ugandyjczycy z otoczenia dyktatora zaczęli intrygować przeciw </span>
        <span start="4071" end="4106">Sao, ten zdecydował się na ucieczkę</span>
        <span start="4159" end="4161">. </span>
        <span start="4466" end="4491">W czasie studiów w Łodzi </span>
        <span start="4495" end="4502">poznał </span>
        <span start="4510" end="4527">swą obecną żonę. </span>
        <span start="4731" end="4782">nakręcił kilkanaście filmów dokumentalnych. Zebrał </span>
        <span start="4789" end="4801">kilka nagród</span>
        <span start="4837" end="4839">. </span>
        <span start="5208" end="5230">poświęcił się drugiej </span>
        <span start="5237" end="5268">pasji - twórczości artystycznej</span>
        <span start="5310" end="5311">.</span>
      </spans>
    </summary>
    <summary ratio="20" type="extract" author="H">
      <body>Sao Gamba, absolwent łódzkiej szkoły filmowej, był świadkiem wielu okrucieństw popełnionych przez ludzi ugandyjskiego władcySiedzieliśmy w restauracji prowadzonego przez małżeństwo Gambów hotelu Hippo Valley Inn. Sao po ukończeniu łódzkiej szkoły filmowej został zatrudniony przez ugandyjskiego dyktatora Idiego Amina jako szef propagandy filmowej. pracował dla Amina przez kilkanaście miesięcy. W tym czasie był świadkiem wielu okrucieństw. Sfilmowane okrucieństwa były pokazywane w kronikach filmowych na prowincji, aby wzbudzić strach ludności przed Idim Aminem. Dla telewizji Sao produkował filmy sławiące osiągnięcia dyktatora. Amin miał poczucie humoru. Odsuniętemu od władzy prezydentowi Richardowi Nixonowi zaoferował azyl w Ugandzie. Nawet wojnę z Tanzanią próbował rozstrzygnąć na bokserskim ringu. Sao nie ukrywa, że swego czasu żywił wiele sympatii do Amina. Dla najbliższego otoczenia to był bardzo miły człowiek. Kiedy zazdrośni Ugandyjczycy z otoczenia dyktatora zaczęli intrygować przeciw Sao, ten zdecydował się na ucieczkę. W czasie studiów w Łodzi Sao poznał Joannę, swą obecną żonę. nakręcił kilkanaście filmów dokumentalnych. Zebrał za nie kilka nagród. Z powodu trudności z uzyskaniem funduszów na produkcję filmową w Kenii Sao poświęcił się drugiej pasji - twórczości artystycznej opartej na wierzeniach Afrykanów. W pokojach Hippo Valley Inn można podziwiać wiele obrazów Sao. stare korzenie są materiałem do wykonywanych przez Sao rzeźb. Sao twierdzi, że jego praca polega na wydobywaniu ukrytego w nich ludzkiego ducha.</body>
      <spans>
        <span start="7" end="131">Sao Gamba, absolwent łódzkiej szkoły filmowej, był świadkiem wielu okrucieństw popełnionych przez ludzi ugandyjskiego władcy</span>
        <span start="528" end="617">Siedzieliśmy w restauracji prowadzonego przez małżeństwo Gambów hotelu Hippo Valley Inn. </span>
        <span start="1121" end="1125">Sao </span>
        <span start="1196" end="1235">po ukończeniu łódzkiej szkoły filmowej </span>
        <span start="1293" end="1386">został zatrudniony przez ugandyjskiego dyktatora Idiego Amina jako szef propagandy filmowej. </span>
        <span start="1851" end="1864">pracował dla </span>
        <span start="1871" end="1903">Amina przez kilkanaście miesięcy</span>
        <span start="1922" end="1968">. W tym czasie był świadkiem wielu okrucieństw</span>
        <span start="2010" end="2012">. </span>
        <span start="2286" end="2466">Sfilmowane okrucieństwa były pokazywane w kronikach filmowych na prowincji, aby wzbudzić strach ludności przed Idim Aminem. Dla telewizji Sao produkował filmy sławiące osiągnięcia </span>
        <span start="2480" end="2491">dyktatora. </span>
        <span start="2896" end="2945">Amin miał poczucie humoru. Odsuniętemu od władzy </span>
        <span start="2970" end="3031">prezydentowi Richardowi Nixonowi zaoferował azyl w Ugandzie. </span>
        <span start="3088" end="3133">Nawet wojnę z Tanzanią próbował rozstrzygnąć </span>
        <span start="3221" end="3240">na bokserskim ringu</span>
        <span start="3295" end="3297">. </span>
        <span start="3375" end="3430">Sao nie ukrywa, że swego czasu żywił wiele sympatii do </span>
        <span start="3437" end="3444">Amina. </span>
        <span start="3445" end="3499">Dla najbliższego otoczenia to był bardzo miły człowiek</span>
        <span start="3522" end="3524">. </span>
        <span start="3972" end="4050">Kiedy zazdrośni Ugandyjczycy z otoczenia dyktatora zaczęli intrygować przeciw </span>
        <span start="4071" end="4106">Sao, ten zdecydował się na ucieczkę</span>
        <span start="4159" end="4161">. </span>
        <span start="4466" end="4527">W czasie studiów w Łodzi Sao poznał Joannę, swą obecną żonę. </span>
        <span start="4731" end="4801">nakręcił kilkanaście filmów dokumentalnych. Zebrał za nie kilka nagród</span>
        <span start="4837" end="4839">. </span>
        <span start="5114" end="5189">Z powodu trudności z uzyskaniem funduszów na produkcję filmową w Kenii Sao </span>
        <span start="5208" end="5230">poświęcił się drugiej </span>
        <span start="5237" end="5280">pasji - twórczości artystycznej opartej na </span>
        <span start="5289" end="5312">wierzeniach Afrykanów. </span>
        <span start="5314" end="5377">W pokojach Hippo Valley Inn można podziwiać wiele obrazów Sao. </span>
        <span start="6010" end="6024">stare korzenie</span>
        <span start="6031" end="6079"> są materiałem do wykonywanych przez Sao rzeźb. </span>
        <span start="6245" end="6327">Sao twierdzi, że jego praca polega na wydobywaniu ukrytego w nich ludzkiego ducha.</span>
      </spans>
    </summary>
    <summary ratio="5" type="extract" author="H">
      <body>Sao Gamba, absolwent łódzkiej szkoły filmowej, był świadkiem wielu okrucieństw popełnionych przez ludzi ugandyjskiego władcy. Sfilmowane okrucieństwa były pokazywane w kronikach filmowych na prowincji, aby wzbudzić strach ludności przed Idim Aminem. Kiedy zazdrośni Ugandyjczycy z otoczenia dyktatora zaczęli intrygować przeciw Sao, ten zdecydował się na ucieczkę. nakręcił kilkanaście filmów dokumentalnych. Zebrał kilka nagród.</body>
      <spans>
        <span start="7" end="131">Sao Gamba, absolwent łódzkiej szkoły filmowej, był świadkiem wielu okrucieństw popełnionych przez ludzi ugandyjskiego władcy</span>
        <span start="615" end="617">. </span>
        <span start="2286" end="2410">Sfilmowane okrucieństwa były pokazywane w kronikach filmowych na prowincji, aby wzbudzić strach ludności przed Idim Aminem. </span>
        <span start="3972" end="4050">Kiedy zazdrośni Ugandyjczycy z otoczenia dyktatora zaczęli intrygować przeciw </span>
        <span start="4071" end="4106">Sao, ten zdecydował się na ucieczkę</span>
        <span start="4159" end="4161">. </span>
        <span start="4731" end="4782">nakręcił kilkanaście filmów dokumentalnych. Zebrał </span>
        <span start="4789" end="4801">kilka nagród</span>
        <span start="4837" end="4838">.</span>
      </spans>
    </summary>
    <summary ratio="10" type="extract" author="A">
      <body>Siedzieliśmy w restauracji prowadzonego przez małżeństwo Gambów hotelu Hippo Valley Inn. Po kolacji odprężony Sao zaczął opowiadać o swej krótkiej karierze filmowej w Ugandzie. Wkrótce po ukończeniu łódzkiej szkoły filmowej został zatrudniony przez ugandyjskiego dyktatora Idiego Amina jako szef propagandy filmowej. Sao pracował dla Idiego Amina przez kilkanaście miesięcy w latach 1972 - 73. W tym czasie był świadkiem wielu okrucieństw, niektóre z nich nawet rejestrował kamerą. Sfilmowane okrucieństwa były pokazywane w kronikach filmowych na prowincji, aby wzbudzić strach ludności przed Idim Aminem. Dla telewizji Sao produkował filmy sławiące osiągnięcia ugandyjskiego dyktatora. Sao nie ukrywa, że swego czasu żywił wiele sympatii do Idiego Amina.</body>
      <spans>
        <span start="528" end="617">Siedzieliśmy w restauracji prowadzonego przez małżeństwo Gambów hotelu Hippo Valley Inn. </span>
        <span start="1100" end="1235">Po kolacji odprężony Sao zaczął opowiadać o swej krótkiej karierze filmowej w Ugandzie. Wkrótce po ukończeniu łódzkiej szkoły filmowej </span>
        <span start="1293" end="1386">został zatrudniony przez ugandyjskiego dyktatora Idiego Amina jako szef propagandy filmowej. </span>
        <span start="1847" end="2012">Sao pracował dla Idiego Amina przez kilkanaście miesięcy w latach 1972 - 73. W tym czasie był świadkiem wielu okrucieństw, niektóre z nich nawet rejestrował kamerą. </span>
        <span start="2286" end="2491">Sfilmowane okrucieństwa były pokazywane w kronikach filmowych na prowincji, aby wzbudzić strach ludności przed Idim Aminem. Dla telewizji Sao produkował filmy sławiące osiągnięcia ugandyjskiego dyktatora. </span>
        <span start="3375" end="3443">Sao nie ukrywa, że swego czasu żywił wiele sympatii do Idiego Amina.</span>
      </spans>
    </summary>
    <summary ratio="20" type="extract" author="A">
      <body>Siedzieliśmy w restauracji prowadzonego przez małżeństwo Gambów hotelu Hippo Valley Inn. Okrągłe, kryte strzechą budynki hotelu przypominają z zewnątrz masajską wioskę, jakich wiele można spotkać na sąsiadującej z posiadłością Gambów masajskiej Równinie Kitengela. Z drugiej strony Hippo Valley Inn graniczy z Parkiem Narodowym Nairobi. 
Po kolacji odprężony Sao zaczął opowiadać o swej krótkiej karierze filmowej w Ugandzie. Wkrótce po ukończeniu łódzkiej szkoły filmowej został zatrudniony przez ugandyjskiego dyktatora Idiego Amina jako szef propagandy filmowej. Sao pracował dla Idiego Amina przez kilkanaście miesięcy w latach 1972 - 73. W tym czasie był świadkiem wielu okrucieństw, niektóre z nich nawet rejestrował kamerą. Sfilmowane okrucieństwa były pokazywane w kronikach filmowych na prowincji, aby wzbudzić strach ludności przed Idim Aminem. Dla telewizji Sao produkował filmy sławiące osiągnięcia ugandyjskiego dyktatora. 
Sao nie ukrywa, że swego czasu żywił wiele sympatii do Idiego Amina. Kiedy zazdrośni Ugandyjczycy z otoczenia dyktatora zaczęli intrygować przeciw pochodzącemu z Kenii Sao, ten zdecydował się na ucieczkę z Ugandy. Z powodu trudności z uzyskaniem funduszów na produkcję filmową w Kenii Sao odszedł od filmu i poświęcił się drugiej swojej pasji - twórczości artystycznej opartej na mitach i wierzeniach Afrykanów. W pokojach Hippo Valley Inn można podziwiać wiele obrazów Sao. Z gór Ngong pochodzą też stare korzenie, które są materiałem do wykonywanych przez Sao rzeźb.</body>
      <spans>
        <span start="528" end="865">Siedzieliśmy w restauracji prowadzonego przez małżeństwo Gambów hotelu Hippo Valley Inn. Okrągłe, kryte strzechą budynki hotelu przypominają z zewnątrz masajską wioskę, jakich wiele można spotkać na sąsiadującej z posiadłością Gambów masajskiej Równinie Kitengela. Z drugiej strony Hippo Valley Inn graniczy z Parkiem Narodowym Nairobi. </span>
        <span start="1099" end="1235">
Po kolacji odprężony Sao zaczął opowiadać o swej krótkiej karierze filmowej w Ugandzie. Wkrótce po ukończeniu łódzkiej szkoły filmowej </span>
        <span start="1293" end="1386">został zatrudniony przez ugandyjskiego dyktatora Idiego Amina jako szef propagandy filmowej. </span>
        <span start="1847" end="2012">Sao pracował dla Idiego Amina przez kilkanaście miesięcy w latach 1972 - 73. W tym czasie był świadkiem wielu okrucieństw, niektóre z nich nawet rejestrował kamerą. </span>
        <span start="2286" end="2491">Sfilmowane okrucieństwa były pokazywane w kronikach filmowych na prowincji, aby wzbudzić strach ludności przed Idim Aminem. Dla telewizji Sao produkował filmy sławiące osiągnięcia ugandyjskiego dyktatora. </span>
        <span start="3374" end="3444">
Sao nie ukrywa, że swego czasu żywił wiele sympatii do Idiego Amina. </span>
        <span start="3972" end="4115">Kiedy zazdrośni Ugandyjczycy z otoczenia dyktatora zaczęli intrygować przeciw pochodzącemu z Kenii Sao, ten zdecydował się na ucieczkę z Ugandy</span>
        <span start="4159" end="4161">. </span>
        <span start="5114" end="5312">Z powodu trudności z uzyskaniem funduszów na produkcję filmową w Kenii Sao odszedł od filmu i poświęcił się drugiej swojej pasji - twórczości artystycznej opartej na mitach i wierzeniach Afrykanów. </span>
        <span start="5314" end="5377">W pokojach Hippo Valley Inn można podziwiać wiele obrazów Sao. </span>
        <span start="5985" end="6078">Z gór Ngong pochodzą też stare korzenie, które są materiałem do wykonywanych przez Sao rzeźb.</span>
      </spans>
    </summary>
    <summary ratio="5" type="extract" author="A">
      <body>Siedzieliśmy w restauracji prowadzonego przez małżeństwo Gambów hotelu Hippo Valley Inn. Po kolacji odprężony Sao zaczął opowiadać o swej krótkiej karierze filmowej w Ugandzie. Wkrótce po ukończeniu łódzkiej szkoły filmowej został zatrudniony przez ugandyjskiego dyktatora Idiego Amina jako szef propagandy filmowej. W tym czasie był świadkiem wielu okrucieństw, niektóre z nich nawet rejestrował kamerą.</body>
      <spans>
        <span start="528" end="617">Siedzieliśmy w restauracji prowadzonego przez małżeństwo Gambów hotelu Hippo Valley Inn. </span>
        <span start="1100" end="1235">Po kolacji odprężony Sao zaczął opowiadać o swej krótkiej karierze filmowej w Ugandzie. Wkrótce po ukończeniu łódzkiej szkoły filmowej </span>
        <span start="1293" end="1386">został zatrudniony przez ugandyjskiego dyktatora Idiego Amina jako szef propagandy filmowej. </span>
        <span start="1924" end="2011">W tym czasie był świadkiem wielu okrucieństw, niektóre z nich nawet rejestrował kamerą.</span>
      </spans>
    </summary>
  </summaries>
</text>
