<?xml version='1.0' encoding='UTF-8'?>
<text id="200002290046">
  <date>2000-02-29</date>
  <title>Euro na równi pochyłej</title>
  <section>Publicystyka, Opinie</section>
  <authors>Jędrzej Bielecki</authors>
  <body>UNIA EUROPEJSKA

Euro na równi pochyłej

RYS. JÓZEF KACZMARCZYK

JĘDRZEJ BIELECKI

W pierwszych dniach po powołaniu europejskiej waluty 1 stycznia 1999 r. za euro płacono nawet 1,18 dolarów. Wczoraj na giełdzie w Singapurze unijny pieniądz był już jednak wart tylko 95 centów - najmniej w jego krótkiej historii. Ci, co zaufali od początku euro a teraz woleli "wrócić" do dolara stracili więc prawie 1/5 swoich oszczędności. 

Spotykający się w poniedziałek w Brukseli ministrowie finansów Unii Europejskiej zastanawiali się jak powstrzymać niechęć rynków do nowego pieniądza. Kilka godzin wcześniej Komisja Europejska opublikowała program zdynamizowania europejskiej gospodarki. W czwartek Europejski Bank Centralny być może po raz drugi w ostatnich tygodniach podniesie stopy procentowe aby umocnić parytet euro na rynkach finansowych. Dotąd jednak działania europejskich władz spełzały na niczym: od 14 miesięcy euro porusza się po równi pochyłej. 

Ocena sukcesu euro na podstawie jego kursu wobec amerykańskiego dolara jest kusząca, bo prosta. Jest jednak również ryzykowna. Nie uwzględnia bowiem wielkich postępów, jakie robi zjednoczona Europa dla zrównoważenia i zdynamizowania swojej gospodarki. Gdy międzynarodowe rynki finansowe docenią te starania, wielu drobnych ciułaczy może żałować, że wcześniej nie zainteresowało się euro.

Polska wciąż pozostaje pod wpływem dolara. Choć niewielu z nas wyjeżdża na wakacje do Stanów Zjednoczonych, a wymiana z USA stanowi ułamek naszego handlu z Unią Europejską, nadal banknotem z Waszyngtonem oceniamy wartość nieruchomości, siłę złotego czy wysokość naszych pensji.

Polska jest jednak skazana na euro. W negocjacjach o przystąpieniu do UE nasz kraj zobowiązał się do porzucenia złotego na rzecz waluty europejskiej tak szybko, jak pozwoli na to równowaga naszej gospodarki. Być może już w 2007 roku nasze portfele wypełnią banknoty euro. Przynajmniej dwa lata wcześniej kurs złotego zostanie sztywno powiązany z unijnym pieniądzem. Już dzisiaj jednak opłacalność dwóch trzecich naszego handlu zagranicznego zależy od kursu europejskiego pieniądza. Ta sama waluta określa strategię rozwoju w naszym kraju większości inwestorów zagranicznych. Wpływ euro na polską gospodarkę staje się coraz większy. Wahania kursu dolara dla eksporterów czy inwestorów mają dużo mniejsze znaczenie.

Notowania  nie są najważniejsze

Zaufanie do euro w Polsce nie jest równe zaufaniu, jakim cieszy się dolar m.in. dlatego, że euro ma na razie charakter wirtualny. Jeszcze przez dwadzieścia dwa miesiące mieszkańcy eurolandu nie ujrzą banknotów i monet nowego pieniądza i będą liczyć w starych, narodowych jednostkach. Inną słabością euro jest "młody wiek" tej waluty. Wyznaczając Frankfurt na siedzibę Europejskiego Banku Centralnego i nadając mu podobny status do tego, który miał Bundesbank, twórcy nowej waluty chcieli, aby od razu zyskała ona zaufanie, jakim darzono niemiecką markę. Nie do końca to się udało: euro musi pracować na dobrą opinię.

Zaufaniu do euro nie sprzyja także jego słabnący kurs w stosunku do dolara. Czyż przywódcy Unii sami nie deklarowali,  powołując nową walutę, że wkrótce dorówna ona znaczeniem amerykańskiemu dolarowi? Porównywanie euro z "zielonym banknotem" wydawało się tym bardziej uprawnione, że Stany Zjednoczone są punktem odniesienia dla Unii Europejskiej w wielu dziedzinach: od polityki obronnej po strategię rozwoju rolnictwa, od produkcji audiowizualnej po rozwój nowych technologii.

Sukces  peryferyjnych krajów

Ocena wartości euro na podstawie kursu dolara jest zawodna. Ani dla rządów krajów eurolandu, ani dla EBC zewnętrzne notowania euro nie są celem najważniejszym i przez to nie mogą świadczyć o skuteczności działania europejskich władz. Celem EBC jest utrzymanie stabilności cen i w miarę możliwości niskiej ceny pieniądza, co dynamizuje wzrost gospodarczy. W pierwszym roku istnienia euro, mimo podwojenia cen ropy i przyspieszenia wzrostu gospodarczego, przeciętna inflacja dla krajów eurolandu wyniosła 1,7 proc. To wyraźnie mniej zarówno od maksymalnego zakładanego przez frankfurcki bank wskaźnika inflacji (2 proc.), jak i wzrostu cen w USA (2,7 proc.). W tym i przyszłym roku inflacja w krajach eurolandu ma wynieść 1,5 proc.

Również realna cena pieniądza w eurolandzie spadła do wyjątkowo niskiego poziomu około 1,5 proc. (prawie pięć razy mniej niż w Polsce). Przedsiębiorstwa z takich krajów jak Hiszpania, Portugalia, Irlandia czy Włochy nigdy w historii nie miały tak dobrych warunków rozwoju. Hiszpańska gospodarka rozwijała się na przykład w ubiegłym roku w tempie 3,6 proc. rocznie, niemal tak samo jak startująca z dużo niższego poziomu Polska. Sukces tych "peryferyjnych" krajów rozwiał niepokojące także dla nas obawy, że EBC będzie prowadził politykę głównie z myślą o wielkiej gospodarce niemieckiej, francuskiej i włoskiej.

Euroland zyskuje

Dla krajów eurolandu ważniejsze od kursu euro jest natomiast zdynamizowanie wzrostu gospodarczego i ograniczenie bezrobocia. Tu w stosunku do Stanów Zjednoczonych Unia ma wielkie opóźnienia, które jednak stosunkowo szybko nadrabia. W tym i przyszłym roku wzrost gospodarczy krajów eurolandu ma wynieść 2,9 proc. (prognozy Komisji Europejskiej) wobec 2,8 proc. i 2,5 proc. w USA. Liczba bezrobotnych ma natomiast spaść do 9,4 proc. i 8,8 proc. wobec 4,4 proc. i 4,7 proc. w Stanach Zjednoczonych. W Hiszpanii w przyszłym roku poszukujący pracę mają stanowić już tylko 12,3 proc. osób w wieku produkcyjnym wobec 24,1 proc. w 1994 roku. Co ważniejsze, także "kontynentalny" model utrzymania w miarę hojnej opieki socjalnej nie zapobiega poprawie na rynku pracy. Tak dzieje się na przykład we Francji mimo wprowadzenia trzydziestopięciogodzinnego tygodnia pracy. W Wielkiej Brytanii, Holandii, Austrii, Portugalii, Danii i Irlandii bezrobocie jest już porównywalne lub niższe niż w USA.

Jednym ze źródeł lepszej koniunktury jest jednak słabość euro, która dynamizuje europejski eksport. W ubiegłym roku to europejski Airbus przejął większą część (55 proc.) światowego rynku przelotów pasażerskich, a nie amerykański Boeing. Natomiast niemieckie luksusowe samochody pierwszy raz robią furorę na amerykańskim rynku. W tym i w przyszłym roku eksport eurolandu ma rosnąć przynajmniej w tempie 6 proc., powiększając nadwyżkę rachunku bieżącego eurolandu. Stany Zjednoczone z coraz większą irytacją muszą godzić się natomiast z deficytem odpowiadającym prawie 4 proc. ich PKB. Słabość euro przyczyniła się także do niebezpiecznego zachwiania równowagi polskiego handlu zagranicznego. W tej sytuacji siła dolara, funta czy złotego wobec euro może okazać się pyrrusowym i tylko czasowym zwycięstwem.

Musimy stanąć w kolejce

Główną przyczynę słabości euro przypisuje się wielkim zagranicznym kapitałom inwestycyjnym, które są angażowane w USA, gdyż tam stworzono najlepsze warunki wzrostu gospodarczego. Tylko w ubiegłym roku z eurolandu "wypłynęło" prawie 120 mld euro kapitałów przeznaczonych na bezpośrednie inwestycje za granicą i 30 mld euro na inwestycje portfelowe. Inwestorzy ci, zamieniając euro na inne waluty, przyczyniają się do osłabienie euro. Wielu z nich uważa, że w eurolandzie osiągną mniejsze zyski z powodu zbyt dużego opodatkowania, sztywnych regulacji rynku pracy, wciąż silnych tendencji do promowania "narodowych przedsiębiorstw".

Taka analiza nie grzeszy jednak ścisłością, bo na przykład w 1995 roku za 1 ecu (które 1 stycznia 1999 roku zamieniono  na euro) płacono na przykład 1,4 dolara. Od tego czasu wydatki budżetowe w krajach UE spadły z 53 do 46 proc. dochodu narodowego. W 1993 roku przeciętny deficyt budżetowy krajów Unii wynosił 6 proc. PKB. W tym roku będzie to już 0,6 proc., a w przyszłym - 0,3 proc. Takim krajom jak Belgia czy Włochy udaje się w szybkim tempie spłacać narosłe przez ostatnie dziesięciolecia bardzo duże zadłużenie. Utworzenie Jednolitego Rynku (1 stycznia 1993 roku) rozpoczęło proces otwarcia na konkurencje wielu kluczowych działów gospodarki: bankowości, ubezpieczeń, telekomunikacji, elektryczności, gazu, transportu lotniczego. Niespotykana dotąd liczba międzynarodowych fuzji pozwoliła na poprawę wydajności pracy i spadek cen w krajach eurolandu oraz na coraz ściślejszą integrację tych krajów.

Pierwszy rok istnienia euro na pewno nie rozwiał wszystkich wątpliwości związanych z nową walutą. Wciąż niewiadomą pozostaje, w jakim stopniu pewny może być wspólny pieniądz krajów, które nie mają jednego rządu i jednego znaczącego budżetu. Co prawda koordynacja polityki gospodarczej krajów eurolandu staje się coraz lepsza, a rozpoczynająca się reforma instytucjonalna niemal na pewno wzmocni federalny charakter UE, dotąd nie udało się jednak doprowadzić do harmonizacji systemów podatkowych w Unii, natomiast skutki udziału w austriackim rządzie skrajnej prawicy nie są do końca przewidywalne.

Mimo to korzyści istnienia europejskiego pieniądza spowodują, że to raczej kraje "15" dostosują się do wymogów euro niż doprowadzą do upadku wspólnego pieniądza. Swoją walutę na rzecz euro chce już porzucić Grecja, Szwecja i Estonia, a coraz bardziej waha się Dania i Wielka Brytania. Polska powinna pilnować swojego miejsca w tej kolejce.</body>
  <summaries>
    <summary ratio="10" type="extract" author="H">
      <body>po powołaniu europejskiej waluty ministrowie finansów Unii Europejskiej zastanawiali się jak powstrzymać niechęć rynków do nowego pieniądza. Europejski Bank Centralny być może po raz drugi podniesie stopy procentowe. Polska wciąż pozostaje pod wpływem dolara. jednak nasz kraj zobowiązał się do porzucenia złotego tak szybko, jak pozwoli na to równowaga naszej gospodarki. Zaufanie do euro w Polsce nie jest równe zaufaniu, jakim cieszy się dolar. Ocena wartości euro na podstawie kursu dolara jest zawodna. Celem EBC jest utrzymanie stabilności cen i niskiej ceny pieniądza. Dla krajów eurolandu ważniejsze od kursu euro jest zdynamizowanie wzrostu gospodarczego i ograniczenie bezrobocia. Unia ma opóźnienia, które jednak szybko nadrabia. Jednym ze źródeł lepszej koniunktury jest słabość euro, która dynamizuje europejski eksport. Pierwszy rok istnienia euro nie rozwiał wszystkich wątpliwości związanych z nową walutą.</body>
      <spans>
        <span start="103" end="136">po powołaniu europejskiej waluty </span>
        <span start="469" end="577">ministrowie finansów Unii Europejskiej zastanawiali się jak powstrzymać niechęć rynków do nowego pieniądza. </span>
        <span start="691" end="739">Europejski Bank Centralny być może po raz drugi </span>
        <span start="762" end="788">podniesie stopy procentowe</span>
        <span start="836" end="838">. </span>
        <span start="1342" end="1385">Polska wciąż pozostaje pod wpływem dolara. </span>
        <span start="1633" end="1640">jednak </span>
        <span start="1694" end="1741">nasz kraj zobowiązał się do porzucenia złotego </span>
        <span start="1770" end="1829">tak szybko, jak pozwoli na to równowaga naszej gospodarki. </span>
        <span start="2369" end="2442">Zaufanie do euro w Polsce nie jest równe zaufaniu, jakim cieszy się dolar</span>
        <span start="2497" end="2499">. </span>
        <span start="3496" end="3556">Ocena wartości euro na podstawie kursu dolara jest zawodna. </span>
        <span start="3730" end="3774">Celem EBC jest utrzymanie stabilności cen i </span>
        <span start="3793" end="3815">niskiej ceny pieniądza</span>
        <span start="3849" end="3851">. </span>
        <span start="4858" end="4909">Dla krajów eurolandu ważniejsze od kursu euro jest </span>
        <span start="4919" end="4983">zdynamizowanie wzrostu gospodarczego i ograniczenie bezrobocia. </span>
        <span start="5021" end="5029">Unia ma </span>
        <span start="5037" end="5062">opóźnienia, które jednak </span>
        <span start="5073" end="5090">szybko nadrabia. </span>
        <span start="5842" end="5884">Jednym ze źródeł lepszej koniunktury jest </span>
        <span start="5891" end="5942">słabość euro, która dynamizuje europejski eksport. </span>
        <span start="8211" end="8239">Pierwszy rok istnienia euro </span>
        <span start="8248" end="8308">nie rozwiał wszystkich wątpliwości związanych z nową walutą.</span>
      </spans>
    </summary>
    <summary ratio="20" type="extract" author="H">
      <body>po powołaniu europejskiej waluty ministrowie finansów Unii Europejskiej zastanawiali się jak powstrzymać niechęć rynków do nowego pieniądza. Komisja Europejska opublikowała program zdynamizowania europejskiej gospodarki. Europejski Bank Centralny być może po raz drugi podniesie stopy procentowe. Polska wciąż pozostaje pod wpływem dolara. jest jednak skazana na euro. nasz kraj zobowiązał się do porzucenia złotego tak szybko, jak pozwoli na to równowaga naszej gospodarki. Wpływ euro na polską gospodarkę staje się coraz większy. Zaufanie do euro w Polsce nie jest równe zaufaniu, jakim cieszy się dolar, euro ma na razie charakter wirtualny. musi pracować na dobrą opinię.Zaufaniu do euro nie sprzyja jego słabnący kurs w stosunku do dolara. Ocena wartości euro na podstawie kursu dolara jest zawodna. zewnętrzne notowania euro nie mogą świadczyć o skuteczności działania europejskich władz. Celem EBC jest utrzymanie stabilności cen i niskiej ceny pieniądza, co dynamizuje wzrost gospodarczy. Przedsiębiorstwa z takich krajów jak Hiszpania, Portugalia, Irlandia czy Włochy nigdy w historii nie miały tak dobrych warunków rozwoju. Sukces tych krajów rozwiał obawy, że EBC będzie prowadził politykę głównie z myślą o gospodarce niemieckiej, francuskiej i włoskiej.Dla krajów eurolandu ważniejsze od kursu euro jest zdynamizowanie wzrostu gospodarczego i ograniczenie bezrobocia. Tu Unia ma wielkie opóźnienia, które jednak stosunkowo szybko nadrabia. Jednym ze źródeł lepszej koniunktury jest słabość euro, która dynamizuje europejski eksport. przyczyniła się także do zachwiania równowagi polskiego handlu zagranicznego. Główną przyczynę słabości euro przypisuje się wielkim zagranicznym kapitałom inwestycyjnym, które są angażowane w USA, gdyż tam stworzono najlepsze warunki wzrostu gospodarczego. Taka analiza nie grzeszy jednak ścisłością. Pierwszy rok istnienia euro nie rozwiał wszystkich wątpliwości związanych z nową walutą.</body>
      <spans>
        <span start="103" end="136">po powołaniu europejskiej waluty </span>
        <span start="469" end="577">ministrowie finansów Unii Europejskiej zastanawiali się jak powstrzymać niechęć rynków do nowego pieniądza. </span>
        <span start="600" end="680">Komisja Europejska opublikowała program zdynamizowania europejskiej gospodarki. </span>
        <span start="691" end="739">Europejski Bank Centralny być może po raz drugi </span>
        <span start="762" end="788">podniesie stopy procentowe</span>
        <span start="836" end="838">. </span>
        <span start="1342" end="1385">Polska wciąż pozostaje pod wpływem dolara. </span>
        <span start="1628" end="1657">jest jednak skazana na euro. </span>
        <span start="1694" end="1741">nasz kraj zobowiązał się do porzucenia złotego </span>
        <span start="1770" end="1829">tak szybko, jak pozwoli na to równowaga naszej gospodarki. </span>
        <span start="2196" end="2253">Wpływ euro na polską gospodarkę staje się coraz większy. </span>
        <span start="2369" end="2442">Zaufanie do euro w Polsce nie jest równe zaufaniu, jakim cieszy się dolar</span>
        <span start="2456" end="2458">, </span>
        <span start="2461" end="2499">euro ma na razie charakter wirtualny. </span>
        <span start="2955" end="2985">musi pracować na dobrą opinię.</span>
        <span start="2987" end="3016">Zaufaniu do euro nie sprzyja </span>
        <span start="3022" end="3063">jego słabnący kurs w stosunku do dolara. </span>
        <span start="3496" end="3556">Ocena wartości euro na podstawie kursu dolara jest zawodna. </span>
        <span start="3601" end="3627">zewnętrzne notowania euro </span>
        <span start="3666" end="3774">nie mogą świadczyć o skuteczności działania europejskich władz. Celem EBC jest utrzymanie stabilności cen i </span>
        <span start="3793" end="3851">niskiej ceny pieniądza, co dynamizuje wzrost gospodarczy. </span>
        <span start="4363" end="4500">Przedsiębiorstwa z takich krajów jak Hiszpania, Portugalia, Irlandia czy Włochy nigdy w historii nie miały tak dobrych warunków rozwoju. </span>
        <span start="4655" end="4666">Sukces tych</span>
        <span start="4682" end="4698"> krajów rozwiał </span>
        <span start="4724" end="4782">obawy, że EBC będzie prowadził politykę głównie z myślą o </span>
        <span start="4791" end="4838">gospodarce niemieckiej, francuskiej i włoskiej.</span>
        <span start="4858" end="4909">Dla krajów eurolandu ważniejsze od kursu euro jest </span>
        <span start="4919" end="4986">zdynamizowanie wzrostu gospodarczego i ograniczenie bezrobocia. Tu </span>
        <span start="5021" end="5090">Unia ma wielkie opóźnienia, które jednak stosunkowo szybko nadrabia. </span>
        <span start="5842" end="5884">Jednym ze źródeł lepszej koniunktury jest </span>
        <span start="5891" end="5942">słabość euro, która dynamizuje europejski eksport. </span>
        <span start="6439" end="6464">przyczyniła się także do </span>
        <span start="6480" end="6533">zachwiania równowagi polskiego handlu zagranicznego. </span>
        <span start="6673" end="6852">Główną przyczynę słabości euro przypisuje się wielkim zagranicznym kapitałom inwestycyjnym, które są angażowane w USA, gdyż tam stworzono najlepsze warunki wzrostu gospodarczego. </span>
        <span start="7304" end="7346">Taka analiza nie grzeszy jednak ścisłością</span>
        <span start="7463" end="7465">. </span>
        <span start="8211" end="8239">Pierwszy rok istnienia euro </span>
        <span start="8248" end="8308">nie rozwiał wszystkich wątpliwości związanych z nową walutą.</span>
      </spans>
    </summary>
    <summary ratio="5" type="extract" author="H">
      <body>ministrowie finansów Unii Europejskiej zastanawiali się jak powstrzymać niechęć rynków do nowego pieniądza. Europejski Bank Centralny być może po raz drugi podniesie stopy procentowe. nasz kraj zobowiązał się do porzucenia złotego tak szybko, jak pozwoli na to równowaga naszej gospodarki. Ocena wartości euro na podstawie kursu dolara jest zawodna. Dla krajów eurolandu ważniejsze jest zdynamizowanie wzrostu gospodarczego i ograniczenie bezrobocia. Unia opóźnienia szybko nadrabia.</body>
      <spans>
        <span start="469" end="577">ministrowie finansów Unii Europejskiej zastanawiali się jak powstrzymać niechęć rynków do nowego pieniądza. </span>
        <span start="691" end="739">Europejski Bank Centralny być może po raz drugi </span>
        <span start="762" end="788">podniesie stopy procentowe</span>
        <span start="836" end="837">.</span>
        <span start="1639" end="1640"> </span>
        <span start="1694" end="1741">nasz kraj zobowiązał się do porzucenia złotego </span>
        <span start="1770" end="1829">tak szybko, jak pozwoli na to równowaga naszej gospodarki. </span>
        <span start="3496" end="3556">Ocena wartości euro na podstawie kursu dolara jest zawodna. </span>
        <span start="4858" end="4890">Dla krajów eurolandu ważniejsze </span>
        <span start="4904" end="4909">jest </span>
        <span start="4919" end="4983">zdynamizowanie wzrostu gospodarczego i ograniczenie bezrobocia. </span>
        <span start="5021" end="5026">Unia </span>
        <span start="5037" end="5047">opóźnienia</span>
        <span start="5061" end="5062"> </span>
        <span start="5073" end="5089">szybko nadrabia.</span>
      </spans>
    </summary>
    <summary ratio="10" type="extract" author="B">
      <body>Wczoraj na giełdzie w Singapurze unijny pieniądz był wart tylko 95 centów. Zaufanie do euro w Polsce nie jest równe zaufaniu, jakim cieszy się dolar m.in. dlatego, że euro ma na razie charakter wirtualny. Ocena wartości euro na podstawie kursu dolara jest zawodna. Ani dla rządów krajów eurolandu, ani dla EBC notowania euro nie są celem najważniejszym. Celem EBC jest utrzymanie stabilności cen i niskiej ceny pieniądza, co dynamizuje wzrost gospodarczy. Dla krajów eurolandu ważniejsze jest zdynamizowanie wzrostu gospodarczego i ograniczenie bezrobocia. Jednym ze źródeł lepszej koniunktury jest słabość euro, która dynamizuje europejski eksport. Główną przyczynę słabości euro przypisuje się zagranicznym kapitałom inwestycyjnym, które są angażowane w USA. Pierwszy rok istnienia euro nie rozwiał wątpliwości związanych z nową walutą. niewiadomą pozostaje, w jakim stopniu pewny może być wspólny pieniądz krajów, które nie mają jednego rządu i budżetu.</body>
      <spans>
        <span start="191" end="244">Wczoraj na giełdzie w Singapurze unijny pieniądz był </span>
        <span start="255" end="275">wart tylko 95 centów</span>
        <span start="311" end="313">. </span>
        <span start="2369" end="2499">Zaufanie do euro w Polsce nie jest równe zaufaniu, jakim cieszy się dolar m.in. dlatego, że euro ma na razie charakter wirtualny. </span>
        <span start="3496" end="3601">Ocena wartości euro na podstawie kursu dolara jest zawodna. Ani dla rządów krajów eurolandu, ani dla EBC </span>
        <span start="3612" end="3654">notowania euro nie są celem najważniejszym</span>
        <span start="3728" end="3774">. Celem EBC jest utrzymanie stabilności cen i </span>
        <span start="3793" end="3851">niskiej ceny pieniądza, co dynamizuje wzrost gospodarczy. </span>
        <span start="4858" end="4890">Dla krajów eurolandu ważniejsze </span>
        <span start="4904" end="4909">jest </span>
        <span start="4919" end="4983">zdynamizowanie wzrostu gospodarczego i ograniczenie bezrobocia. </span>
        <span start="5842" end="5884">Jednym ze źródeł lepszej koniunktury jest </span>
        <span start="5891" end="5942">słabość euro, która dynamizuje europejski eksport. </span>
        <span start="6673" end="6719">Główną przyczynę słabości euro przypisuje się </span>
        <span start="6727" end="6790">zagranicznym kapitałom inwestycyjnym, które są angażowane w USA</span>
        <span start="6850" end="6852">. </span>
        <span start="8211" end="8239">Pierwszy rok istnienia euro </span>
        <span start="8248" end="8260">nie rozwiał </span>
        <span start="8271" end="8309">wątpliwości związanych z nową walutą. </span>
        <span start="8315" end="8424">niewiadomą pozostaje, w jakim stopniu pewny może być wspólny pieniądz krajów, które nie mają jednego rządu i </span>
        <span start="8443" end="8451">budżetu.</span>
      </spans>
    </summary>
    <summary ratio="20" type="extract" author="B">
      <body>W pierwszych dniach po powołaniu europejskiej waluty za euro płacono 1,18 dolarów. Wczoraj na giełdzie w Singapurze unijny pieniądz był wart tylko 95 centów. ministrowie finansów Unii Europejskiej zastanawiali się jak powstrzymać niechęć rynków do nowego pieniądza. 

Zaufanie do euro w Polsce nie jest równe zaufaniu, jakim cieszy się dolar m.in. dlatego, że euro ma na razie charakter wirtualny. Jeszcze przez dwadzieścia dwa miesiące mieszkańcy eurolandu nie ujrzą banknotów i monet nowego pieniądza. Inną słabością euro jest "młody wiek" tej waluty. 

Ocena wartości euro na podstawie kursu dolara jest zawodna. Ani dla rządów krajów eurolandu, ani dla EBC zewnętrzne notowania euro nie są celem najważniejszym. Celem EBC jest utrzymanie stabilności cen i niskiej ceny pieniądza, co dynamizuje wzrost gospodarczy. W pierwszym roku istnienia euro, inflacja dla krajów eurolandu wyniosła 1,7 proc. Przedsiębiorstwa z takich krajów jak Hiszpania czy Włochy nigdy nie miały tak dobrych warunków rozwoju. 

Dla krajów eurolandu ważniejsze od kursu euro jest zdynamizowanie wzrostu gospodarczego i ograniczenie bezrobocia. w stosunku do Stanów Zjednoczonych Unia ma opóźnienia, które szybko nadrabia. Jednym ze źródeł lepszej koniunktury jest jednak słabość euro, która dynamizuje europejski eksport. 

Główną przyczynę słabości euro przypisuje się wielkim zagranicznym kapitałom inwestycyjnym, które są angażowane w USA. w ubiegłym roku z eurolandu "wypłynęło" 120 mld euro kapitałów przeznaczonych na bezpośrednie inwestycje za granicą. Pierwszy rok istnienia euro nie rozwiał wątpliwości związanych z nową walutą. niewiadomą pozostaje, w jakim stopniu pewny może być wspólny pieniądz krajów, które nie mają jednego rządu i budżetu. Mimo to korzyści istnienia europejskiego pieniądza spowodują, że kraje "15" dostosują się do wymogów euro. Swoją walutę chce już porzucić Grecja, Szwecja i Estonia. Polska powinna pilnować swojego miejsca w tej kolejce.</body>
      <spans>
        <span start="83" end="136">W pierwszych dniach po powołaniu europejskiej waluty </span>
        <span start="155" end="171">za euro płacono </span>
        <span start="177" end="244">1,18 dolarów. Wczoraj na giełdzie w Singapurze unijny pieniądz był </span>
        <span start="255" end="275">wart tylko 95 centów</span>
        <span start="311" end="313">. </span>
        <span start="469" end="577">ministrowie finansów Unii Europejskiej zastanawiali się jak powstrzymać niechęć rynków do nowego pieniądza. </span>
        <span start="2367" end="2603">

Zaufanie do euro w Polsce nie jest równe zaufaniu, jakim cieszy się dolar m.in. dlatego, że euro ma na razie charakter wirtualny. Jeszcze przez dwadzieścia dwa miesiące mieszkańcy eurolandu nie ujrzą banknotów i monet nowego pieniądza</span>
        <span start="2651" end="2703">. Inną słabością euro jest "młody wiek" tej waluty. </span>
        <span start="3494" end="3654">

Ocena wartości euro na podstawie kursu dolara jest zawodna. Ani dla rządów krajów eurolandu, ani dla EBC zewnętrzne notowania euro nie są celem najważniejszym</span>
        <span start="3728" end="3774">. Celem EBC jest utrzymanie stabilności cen i </span>
        <span start="3793" end="3884">niskiej ceny pieniądza, co dynamizuje wzrost gospodarczy. W pierwszym roku istnienia euro, </span>
        <span start="3960" end="4009">inflacja dla krajów eurolandu wyniosła 1,7 proc. </span>
        <span start="4363" end="4409">Przedsiębiorstwa z takich krajów jak Hiszpania</span>
        <span start="4431" end="4449"> czy Włochy nigdy </span>
        <span start="4460" end="4500">nie miały tak dobrych warunków rozwoju. </span>
        <span start="4856" end="4909">

Dla krajów eurolandu ważniejsze od kursu euro jest </span>
        <span start="4919" end="4983">zdynamizowanie wzrostu gospodarczego i ograniczenie bezrobocia. </span>
        <span start="4986" end="5029">w stosunku do Stanów Zjednoczonych Unia ma </span>
        <span start="5037" end="5055">opóźnienia, które </span>
        <span start="5073" end="5090">szybko nadrabia. </span>
        <span start="5842" end="5942">Jednym ze źródeł lepszej koniunktury jest jednak słabość euro, która dynamizuje europejski eksport. </span>
        <span start="6671" end="6790">

Główną przyczynę słabości euro przypisuje się wielkim zagranicznym kapitałom inwestycyjnym, które są angażowane w USA</span>
        <span start="6850" end="6852">. </span>
        <span start="6858" end="6898">w ubiegłym roku z eurolandu "wypłynęło" </span>
        <span start="6905" end="6980">120 mld euro kapitałów przeznaczonych na bezpośrednie inwestycje za granicą</span>
        <span start="7019" end="7021">. </span>
        <span start="8211" end="8239">Pierwszy rok istnienia euro </span>
        <span start="8248" end="8260">nie rozwiał </span>
        <span start="8271" end="8309">wątpliwości związanych z nową walutą. </span>
        <span start="8315" end="8424">niewiadomą pozostaje, w jakim stopniu pewny może być wspólny pieniądz krajów, które nie mają jednego rządu i </span>
        <span start="8443" end="8452">budżetu. </span>
        <span start="8810" end="8875">Mimo to korzyści istnienia europejskiego pieniądza spowodują, że </span>
        <span start="8885" end="8925">kraje "15" dostosują się do wymogów euro</span>
        <span start="8970" end="8985">. Swoją walutę </span>
        <span start="8999" end="9042">chce już porzucić Grecja, Szwecja i Estonia</span>
        <span start="9093" end="9149">. Polska powinna pilnować swojego miejsca w tej kolejce.</span>
      </spans>
    </summary>
    <summary ratio="5" type="extract" author="B">
      <body>Ocena wartości euro na podstawie kursu dolara jest zawodna. Ani dla rządów krajów eurolandu, ani dla EBC notowania euro nie są celem najważniejszym. Celem EBC jest utrzymanie stabilności cen i niskiej ceny pieniądza. Dla krajów eurolandu ważniejsze jest zdynamizowanie wzrostu gospodarczego i ograniczenie bezrobocia. Jednym ze źródeł lepszej koniunktury jest słabość euro, która dynamizuje europejski eksport. Główną przyczynę słabości euro przypisuje się zagranicznym kapitałom inwestycyjnym, które są angażowane w USA.</body>
      <spans>
        <span start="3496" end="3601">Ocena wartości euro na podstawie kursu dolara jest zawodna. Ani dla rządów krajów eurolandu, ani dla EBC </span>
        <span start="3612" end="3654">notowania euro nie są celem najważniejszym</span>
        <span start="3728" end="3774">. Celem EBC jest utrzymanie stabilności cen i </span>
        <span start="3793" end="3815">niskiej ceny pieniądza</span>
        <span start="3849" end="3851">. </span>
        <span start="4858" end="4890">Dla krajów eurolandu ważniejsze </span>
        <span start="4904" end="4909">jest </span>
        <span start="4919" end="4983">zdynamizowanie wzrostu gospodarczego i ograniczenie bezrobocia. </span>
        <span start="5842" end="5884">Jednym ze źródeł lepszej koniunktury jest </span>
        <span start="5891" end="5942">słabość euro, która dynamizuje europejski eksport. </span>
        <span start="6673" end="6719">Główną przyczynę słabości euro przypisuje się </span>
        <span start="6727" end="6790">zagranicznym kapitałom inwestycyjnym, które są angażowane w USA</span>
        <span start="6850" end="6851">.</span>
      </spans>
    </summary>
    <summary ratio="10" type="extract" author="C">
      <body>W pierwszych dniach po powołaniu europejskiej waluty 1 stycznia 1999 r. za euro płacono nawet 1,18 dolarów. Wczoraj pieniądz był już jednak wart tylko 95 centów. w poniedziałek w Brukseli ministrowie finansów Unii Europejskiej zastanawiali się jak powstrzymać niechęć rynków do nowego pieniądza. Polska jest skazana na euro. W negocjacjach o przystąpieniu do UE nasz kraj zobowiązał się do porzucenia złotego na rzecz waluty europejskiej tak szybko, jak pozwoli na to równowaga naszej gospodarki. Być może już w 2007 roku nasze portfele wypełnią banknoty euro. Ta waluta określa strategię rozwoju w naszym kraju większości inwestorów zagranicznych. Celem EBC jest utrzymanie stabilności cen i w miarę możliwości niskiej ceny pieniądza, co dynamizuje wzrost gospodarczy. W pierwszym roku istnienia euro przeciętna inflacja wyniosła 1,7 proc. Dla krajów eurolandu ważniejsze od kursu euro jest zdynamizowanie wzrostu gospodarczego i ograniczenie bezrobocia.</body>
      <spans>
        <span start="83" end="199">W pierwszych dniach po powołaniu europejskiej waluty 1 stycznia 1999 r. za euro płacono nawet 1,18 dolarów. Wczoraj </span>
        <span start="231" end="275">pieniądz był już jednak wart tylko 95 centów</span>
        <span start="311" end="313">. </span>
        <span start="443" end="577">w poniedziałek w Brukseli ministrowie finansów Unii Europejskiej zastanawiali się jak powstrzymać niechęć rynków do nowego pieniądza. </span>
        <span start="1342" end="1349">Polska </span>
        <span start="1628" end="1633">jest </span>
        <span start="1640" end="1893">skazana na euro. W negocjacjach o przystąpieniu do UE nasz kraj zobowiązał się do porzucenia złotego na rzecz waluty europejskiej tak szybko, jak pozwoli na to równowaga naszej gospodarki. Być może już w 2007 roku nasze portfele wypełnią banknoty euro. </span>
        <span start="2103" end="2106">Ta </span>
        <span start="2111" end="2195">waluta określa strategię rozwoju w naszym kraju większości inwestorów zagranicznych.</span>
        <span start="2652" end="2653"> </span>
        <span start="3730" end="3882">Celem EBC jest utrzymanie stabilności cen i w miarę możliwości niskiej ceny pieniądza, co dynamizuje wzrost gospodarczy. W pierwszym roku istnienia euro</span>
        <span start="3948" end="3969"> przeciętna inflacja </span>
        <span start="3990" end="4009">wyniosła 1,7 proc. </span>
        <span start="4858" end="4909">Dla krajów eurolandu ważniejsze od kursu euro jest </span>
        <span start="4919" end="4982">zdynamizowanie wzrostu gospodarczego i ograniczenie bezrobocia.</span>
      </spans>
    </summary>
    <summary ratio="20" type="extract" author="C">
      <body>W pierwszych dniach po powołaniu europejskiej waluty 1 stycznia 1999 r. za euro płacono nawet 1,18 dolarów. Wczoraj pieniądz był już jednak wart tylko 95 centów. Spotykający się w poniedziałek w Brukseli ministrowie finansów Unii Europejskiej zastanawiali się jak powstrzymać niechęć rynków do nowego pieniądza. W czwartek Europejski Bank Centralny być może po raz drugi w ostatnich tygodniach podniesie stopy procentowe aby umocnić parytet euro na rynkach finansowych. Ocena sukcesu euro na podstawie jego kursu wobec amerykańskiego dolara jest ryzykowna. Nie uwzględnia bowiem wielkich postępów, jakie robi zjednoczona Europa dla zrównoważenia i zdynamizowania swojej gospodarki.  
Polska wciąż pozostaje pod wpływem dolara. jest jednak skazana na euro. W negocjacjach o przystąpieniu do UE nasz kraj zobowiązał się do porzucenia złotego na rzecz waluty europejskiej tak szybko, jak pozwoli na to równowaga naszej gospodarki. Być może już w 2007 roku nasze portfele wypełnią banknoty euro. Ta sama waluta określa strategię rozwoju w naszym kraju większości inwestorów zagranicznych. 
euro ma na razie charakter wirtualny. Jeszcze przez dwadzieścia dwa miesiące mieszkańcy eurolandu nie ujrzą nowego pieniądza. Celem EBC jest utrzymanie stabilności cen i w miarę możliwości niskiej ceny pieniądza, co dynamizuje wzrost gospodarczy. W pierwszym roku istnienia euro przeciętna inflacja dla krajów eurolandu wyniosła 1,7 proc. Również realna cena pieniądza w eurolandzie spadła do wyjątkowo niskiego poziomu około 1,5 proc. Przedsiębiorstwa z takich krajów jak Hiszpania, Portugalia, Irlandia czy Włochy nigdy w historii nie miały tak dobrych warunków rozwoju. Dla krajów eurolandu ważniejsze od kursu euro jest zdynamizowanie wzrostu gospodarczego i ograniczenie bezrobocia. Główną przyczynę słabości euro przypisuje się wielkim zagranicznym kapitałom inwestycyjnym, które są angażowane w USA.</body>
      <spans>
        <span start="83" end="199">W pierwszych dniach po powołaniu europejskiej waluty 1 stycznia 1999 r. za euro płacono nawet 1,18 dolarów. Wczoraj </span>
        <span start="231" end="275">pieniądz był już jednak wart tylko 95 centów</span>
        <span start="311" end="313">. </span>
        <span start="427" end="577">Spotykający się w poniedziałek w Brukseli ministrowie finansów Unii Europejskiej zastanawiali się jak powstrzymać niechęć rynków do nowego pieniądza. </span>
        <span start="680" end="838">W czwartek Europejski Bank Centralny być może po raz drugi w ostatnich tygodniach podniesie stopy procentowe aby umocnić parytet euro na rynkach finansowych. </span>
        <span start="953" end="1029">Ocena sukcesu euro na podstawie jego kursu wobec amerykańskiego dolara jest </span>
        <span start="1069" end="1205">ryzykowna. Nie uwzględnia bowiem wielkich postępów, jakie robi zjednoczona Europa dla zrównoważenia i zdynamizowania swojej gospodarki. </span>
        <span start="1239" end="1240"> </span>
        <span start="1341" end="1385">
Polska wciąż pozostaje pod wpływem dolara. </span>
        <span start="1628" end="1893">jest jednak skazana na euro. W negocjacjach o przystąpieniu do UE nasz kraj zobowiązał się do porzucenia złotego na rzecz waluty europejskiej tak szybko, jak pozwoli na to równowaga naszej gospodarki. Być może już w 2007 roku nasze portfele wypełnią banknoty euro. </span>
        <span start="2103" end="2196">Ta sama waluta określa strategię rozwoju w naszym kraju większości inwestorów zagranicznych. </span>
        <span start="2368" end="2369">
</span>
        <span start="2461" end="2569">euro ma na razie charakter wirtualny. Jeszcze przez dwadzieścia dwa miesiące mieszkańcy eurolandu nie ujrzą </span>
        <span start="2587" end="2603">nowego pieniądza</span>
        <span start="2651" end="2653">. </span>
        <span start="3730" end="3882">Celem EBC jest utrzymanie stabilności cen i w miarę możliwości niskiej ceny pieniądza, co dynamizuje wzrost gospodarczy. W pierwszym roku istnienia euro</span>
        <span start="3948" end="4009"> przeciętna inflacja dla krajów eurolandu wyniosła 1,7 proc. </span>
        <span start="4227" end="4324">Również realna cena pieniądza w eurolandzie spadła do wyjątkowo niskiego poziomu około 1,5 proc. </span>
        <span start="4363" end="4500">Przedsiębiorstwa z takich krajów jak Hiszpania, Portugalia, Irlandia czy Włochy nigdy w historii nie miały tak dobrych warunków rozwoju. </span>
        <span start="4858" end="4909">Dla krajów eurolandu ważniejsze od kursu euro jest </span>
        <span start="4919" end="4983">zdynamizowanie wzrostu gospodarczego i ograniczenie bezrobocia. </span>
        <span start="6673" end="6790">Główną przyczynę słabości euro przypisuje się wielkim zagranicznym kapitałom inwestycyjnym, które są angażowane w USA</span>
        <span start="6850" end="6851">.</span>
      </spans>
    </summary>
    <summary ratio="5" type="extract" author="C">
      <body>W pierwszych dniach po powołaniu europejskiej waluty 1 stycznia 1999 r. za euro płacono nawet 1,18 dolarów. Wczoraj pieniądz był już jednak wart tylko 95 centów. Polska jest skazana na euro. W negocjacjach o przystąpieniu do UE nasz kraj zobowiązał się do porzucenia złotego na rzecz waluty europejskiej tak szybko, jak pozwoli na to równowaga naszej gospodarki. Być może już w 2007 roku.</body>
      <spans>
        <span start="83" end="199">W pierwszych dniach po powołaniu europejskiej waluty 1 stycznia 1999 r. za euro płacono nawet 1,18 dolarów. Wczoraj </span>
        <span start="231" end="275">pieniądz był już jednak wart tylko 95 centów</span>
        <span start="311" end="313">. </span>
        <span start="1342" end="1349">Polska </span>
        <span start="1628" end="1633">jest </span>
        <span start="1640" end="1853">skazana na euro. W negocjacjach o przystąpieniu do UE nasz kraj zobowiązał się do porzucenia złotego na rzecz waluty europejskiej tak szybko, jak pozwoli na to równowaga naszej gospodarki. Być może już w 2007 roku</span>
        <span start="1891" end="1892">.</span>
      </spans>
    </summary>
    <summary ratio="10" type="extract" author="I">
      <body>W pierwszych dniach po powołaniu europejskiej waluty 1 stycznia 1999 r. za euro płacono nawet 1,18 dolarów. Wczoraj na giełdzie w Singapurze unijny pieniądz był już wart tylko 95 centów. Ocena sukcesu euro na podstawie jego kursu wobec amerykańskiego dolara jest kusząca, bo prosta. Jest jednak również ryzykowna. Dla krajów eurolandu ważniejsze od kursu euro jest zdynamizowanie wzrostu gospodarczego i ograniczenie bezrobocia. Tu w stosunku do Stanów Zjednoczonych Unia ma wielkie opóźnienia, które jednak stosunkowo szybko nadrabia. Jednym ze źródeł lepszej koniunktury jest słabość euro, która dynamizuje europejski eksport. Pierwszy rok istnienia euro na pewno nie rozwiał wszystkich wątpliwości związanych z nową walutą. Mimo to korzyści istnienia europejskiego pieniądza spowodują, że raczej kraje "15" dostosują się do wymogów euro niż doprowadzą do upadku wspólnego pieniądza.</body>
      <spans>
        <span start="83" end="248">W pierwszych dniach po powołaniu europejskiej waluty 1 stycznia 1999 r. za euro płacono nawet 1,18 dolarów. Wczoraj na giełdzie w Singapurze unijny pieniądz był już </span>
        <span start="255" end="275">wart tylko 95 centów</span>
        <span start="311" end="313">. </span>
        <span start="953" end="1080">Ocena sukcesu euro na podstawie jego kursu wobec amerykańskiego dolara jest kusząca, bo prosta. Jest jednak również ryzykowna. </span>
        <span start="4858" end="4909">Dla krajów eurolandu ważniejsze od kursu euro jest </span>
        <span start="4919" end="5090">zdynamizowanie wzrostu gospodarczego i ograniczenie bezrobocia. Tu w stosunku do Stanów Zjednoczonych Unia ma wielkie opóźnienia, które jednak stosunkowo szybko nadrabia. </span>
        <span start="5842" end="5884">Jednym ze źródeł lepszej koniunktury jest </span>
        <span start="5891" end="5941">słabość euro, która dynamizuje europejski eksport.</span>
        <span start="6851" end="6852"> </span>
        <span start="8211" end="8309">Pierwszy rok istnienia euro na pewno nie rozwiał wszystkich wątpliwości związanych z nową walutą. </span>
        <span start="8810" end="8875">Mimo to korzyści istnienia europejskiego pieniądza spowodują, że </span>
        <span start="8878" end="8971">raczej kraje "15" dostosują się do wymogów euro niż doprowadzą do upadku wspólnego pieniądza.</span>
      </spans>
    </summary>
    <summary ratio="20" type="extract" author="I">
      <body>W pierwszych dniach po powołaniu europejskiej waluty 1 stycznia 1999 r. za euro płacono nawet 1,18 dolarów. Wczoraj na giełdzie w Singapurze unijny pieniądz był już jednak wart tylko 95 centów - najmniej w jego krótkiej historii. Ci, co zaufali od początku euro a teraz woleli "wrócić" do dolara stracili więc prawie 1/5 swoich oszczędności. Ocena sukcesu euro na podstawie jego kursu wobec amerykańskiego dolara jest kusząca, bo prosta. Jest jednak również ryzykowna. Nie uwzględnia bowiem wielkich postępów, jakie robi zjednoczona Europa dla zrównoważenia i zdynamizowania swojej gospodarki. Gdy międzynarodowe rynki finansowe docenią te starania, wielu drobnych ciułaczy może żałować, że wcześniej nie zainteresowało się euro.Ani dla rządów krajów eurolandu, ani dla EBC zewnętrzne notowania euro nie są celem najważniejszym i przez to nie mogą świadczyć o skuteczności działania europejskich władz. Dla krajów eurolandu ważniejsze od kursu euro jest zdynamizowanie wzrostu gospodarczego i ograniczenie bezrobocia. Tu w stosunku do Stanów Zjednoczonych Unia ma wielkie opóźnienia, które jednak stosunkowo szybko nadrabia. Jednym ze źródeł lepszej koniunktury jest słabość euro, która dynamizuje europejski eksport. Główną przyczynę słabości euro przypisuje się wielkim zagranicznym kapitałom inwestycyjnym, które są angażowane w USA, gdyż tam stworzono najlepsze warunki wzrostu gospodarczego. Pierwszy rok istnienia euro na pewno nie rozwiał wszystkich wątpliwości związanych z nową walutą. Wciąż niewiadomą pozostaje, w jakim stopniu pewny może być wspólny pieniądz krajów, które nie mają jednego rządu i jednego znaczącego budżetu. Mimo to korzyści istnienia europejskiego pieniądza spowodują, że to raczej kraje "15" dostosują się do wymogów euro niż doprowadzą do upadku wspólnego pieniądza.</body>
      <spans>
        <span start="83" end="424">W pierwszych dniach po powołaniu europejskiej waluty 1 stycznia 1999 r. za euro płacono nawet 1,18 dolarów. Wczoraj na giełdzie w Singapurze unijny pieniądz był już jednak wart tylko 95 centów - najmniej w jego krótkiej historii. Ci, co zaufali od początku euro a teraz woleli "wrócić" do dolara stracili więc prawie 1/5 swoich oszczędności.</span>
        <span start="940" end="941"> </span>
        <span start="953" end="1340">Ocena sukcesu euro na podstawie jego kursu wobec amerykańskiego dolara jest kusząca, bo prosta. Jest jednak również ryzykowna. Nie uwzględnia bowiem wielkich postępów, jakie robi zjednoczona Europa dla zrównoważenia i zdynamizowania swojej gospodarki. Gdy międzynarodowe rynki finansowe docenią te starania, wielu drobnych ciułaczy może żałować, że wcześniej nie zainteresowało się euro.</span>
        <span start="3556" end="3730">Ani dla rządów krajów eurolandu, ani dla EBC zewnętrzne notowania euro nie są celem najważniejszym i przez to nie mogą świadczyć o skuteczności działania europejskich władz. </span>
        <span start="4858" end="4909">Dla krajów eurolandu ważniejsze od kursu euro jest </span>
        <span start="4919" end="5090">zdynamizowanie wzrostu gospodarczego i ograniczenie bezrobocia. Tu w stosunku do Stanów Zjednoczonych Unia ma wielkie opóźnienia, które jednak stosunkowo szybko nadrabia. </span>
        <span start="5842" end="5884">Jednym ze źródeł lepszej koniunktury jest </span>
        <span start="5891" end="5942">słabość euro, która dynamizuje europejski eksport. </span>
        <span start="6673" end="6852">Główną przyczynę słabości euro przypisuje się wielkim zagranicznym kapitałom inwestycyjnym, które są angażowane w USA, gdyż tam stworzono najlepsze warunki wzrostu gospodarczego. </span>
        <span start="8211" end="8452">Pierwszy rok istnienia euro na pewno nie rozwiał wszystkich wątpliwości związanych z nową walutą. Wciąż niewiadomą pozostaje, w jakim stopniu pewny może być wspólny pieniądz krajów, które nie mają jednego rządu i jednego znaczącego budżetu. </span>
        <span start="8810" end="8971">Mimo to korzyści istnienia europejskiego pieniądza spowodują, że to raczej kraje "15" dostosują się do wymogów euro niż doprowadzą do upadku wspólnego pieniądza.</span>
      </spans>
    </summary>
    <summary ratio="5" type="extract" author="I">
      <body>W pierwszych dniach po powołaniu europejskiej waluty 1 stycznia 1999 r. za euro płacono nawet 1,18 dolarów. Wczoraj na giełdzie w Singapurze unijny pieniądz był już wart tylko 95 centów. Ocena sukcesu euro na podstawie jego kursu wobec amerykańskiego dolara jest kusząca, bo prosta. Jest jednak również ryzykowna. Dla krajów eurolandu ważniejsze od kursu euro jest zdynamizowanie wzrostu gospodarczego i ograniczenie bezrobocia.</body>
      <spans>
        <span start="83" end="248">W pierwszych dniach po powołaniu europejskiej waluty 1 stycznia 1999 r. za euro płacono nawet 1,18 dolarów. Wczoraj na giełdzie w Singapurze unijny pieniądz był już </span>
        <span start="255" end="275">wart tylko 95 centów</span>
        <span start="311" end="313">. </span>
        <span start="953" end="1080">Ocena sukcesu euro na podstawie jego kursu wobec amerykańskiego dolara jest kusząca, bo prosta. Jest jednak również ryzykowna. </span>
        <span start="4858" end="4909">Dla krajów eurolandu ważniejsze od kursu euro jest </span>
        <span start="4919" end="4982">zdynamizowanie wzrostu gospodarczego i ograniczenie bezrobocia.</span>
      </spans>
    </summary>
    <summary ratio="10" type="extract" author="K">
      <body>W pierwszych dniach po powołaniu europejskiej waluty 1 stycznia 1999 r. za euro płacono nawet 1,18 dolarów. Wczoraj na giełdzie w Singapurze unijny pieniądz był już jednak wart tylko 95 centów - najmniej w jego krótkiej historii. Ci, co zaufali od początku euro a teraz woleli "wrócić" do dolara stracili więc prawie 1/5 swoich oszczędności. Dla krajów eurolandu ważniejsze od kursu euro jest natomiast zdynamizowanie wzrostu gospodarczego i ograniczenie bezrobocia.Główną przyczynę słabości euro przypisuje się wielkim zagranicznym kapitałom inwestycyjnym, które są angażowane w USA, gdyż tam stworzono najlepsze warunki wzrostu gospodarczego.Pierwszy rok istnienia euro na pewno nie rozwiał wszystkich wątpliwości związanych z nową walutą.Mimo to korzyści istnienia europejskiego pieniądza spowodują, że to raczej kraje "15" dostosują się do wymogów euro niż doprowadzą do upadku wspólnego pieniądza.</body>
      <spans>
        <span start="83" end="425">W pierwszych dniach po powołaniu europejskiej waluty 1 stycznia 1999 r. za euro płacono nawet 1,18 dolarów. Wczoraj na giełdzie w Singapurze unijny pieniądz był już jednak wart tylko 95 centów - najmniej w jego krótkiej historii. Ci, co zaufali od początku euro a teraz woleli "wrócić" do dolara stracili więc prawie 1/5 swoich oszczędności. </span>
        <span start="4858" end="4982">Dla krajów eurolandu ważniejsze od kursu euro jest natomiast zdynamizowanie wzrostu gospodarczego i ograniczenie bezrobocia.</span>
        <span start="6673" end="6851">Główną przyczynę słabości euro przypisuje się wielkim zagranicznym kapitałom inwestycyjnym, które są angażowane w USA, gdyż tam stworzono najlepsze warunki wzrostu gospodarczego.</span>
        <span start="8211" end="8308">Pierwszy rok istnienia euro na pewno nie rozwiał wszystkich wątpliwości związanych z nową walutą.</span>
        <span start="8810" end="8971">Mimo to korzyści istnienia europejskiego pieniądza spowodują, że to raczej kraje "15" dostosują się do wymogów euro niż doprowadzą do upadku wspólnego pieniądza.</span>
      </spans>
    </summary>
    <summary ratio="20" type="extract" author="K">
      <body>W pierwszych dniach po powołaniu europejskiej waluty 1 stycznia 1999 r. za euro płacono nawet 1,18 dolarów. Wczoraj na giełdzie w Singapurze unijny pieniądz był już jednak wart tylko 95 centów - najmniej w jego krótkiej historii. Ci, co zaufali od początku euro a teraz woleli "wrócić" do dolara stracili więc prawie 1/5 swoich oszczędności. 
Spotykający się w poniedziałek w Brukseli ministrowie finansów Unii Europejskiej zastanawiali się jak powstrzymać niechęć rynków do nowego pieniądza. Kilka godzin wcześniej Komisja Europejska opublikowała program zdynamizowania europejskiej gospodarki. W czwartek Europejski Bank Centralny być może po raz drugi w ostatnich tygodniach podniesie stopy procentowe aby umocnić parytet euro na rynkach finansowych. Dotąd jednak działania europejskich władz spełzały na niczym: od 14 miesięcy euro porusza się po równi pochyłej. Polska jest jednak skazana na euro. W negocjacjach o przystąpieniu do UE nasz kraj zobowiązał się do porzucenia złotego na rzecz waluty europejskiej tak szybko, jak pozwoli na to równowaga naszej gospodarki. Być może już w 2007 roku nasze portfele wypełnią banknoty euro. Przynajmniej dwa lata wcześniej kurs złotego zostanie sztywno powiązany z unijnym pieniądzem. Już dzisiaj jednak opłacalność dwóch trzecich naszego handlu zagranicznego zależy od kursu europejskiego pieniądza.Zaufanie do euro w Polsce nie jest równe zaufaniu, jakim cieszy się dolar m.in. dlatego, że euro ma na razie charakter wirtualny.Dla krajów eurolandu ważniejsze od kursu euro jest natomiast zdynamizowanie wzrostu gospodarczego i ograniczenie bezrobocia.Główną przyczynę słabości euro przypisuje się wielkim zagranicznym kapitałom inwestycyjnym, które są angażowane w USA, gdyż tam stworzono najlepsze warunki wzrostu gospodarczego.Pierwszy rok istnienia euro na pewno nie rozwiał wszystkich wątpliwości związanych z nową walutą.Mimo to korzyści istnienia europejskiego pieniądza spowodują, że to raczej kraje "15" dostosują się do wymogów euro niż doprowadzą do upadku wspólnego pieniądza.</body>
      <spans>
        <span start="83" end="426">W pierwszych dniach po powołaniu europejskiej waluty 1 stycznia 1999 r. za euro płacono nawet 1,18 dolarów. Wczoraj na giełdzie w Singapurze unijny pieniądz był już jednak wart tylko 95 centów - najmniej w jego krótkiej historii. Ci, co zaufali od początku euro a teraz woleli "wrócić" do dolara stracili więc prawie 1/5 swoich oszczędności. 
</span>
        <span start="427" end="951">Spotykający się w poniedziałek w Brukseli ministrowie finansów Unii Europejskiej zastanawiali się jak powstrzymać niechęć rynków do nowego pieniądza. Kilka godzin wcześniej Komisja Europejska opublikowała program zdynamizowania europejskiej gospodarki. W czwartek Europejski Bank Centralny być może po raz drugi w ostatnich tygodniach podniesie stopy procentowe aby umocnić parytet euro na rynkach finansowych. Dotąd jednak działania europejskich władz spełzały na niczym: od 14 miesięcy euro porusza się po równi pochyłej. </span>
        <span start="1621" end="2102">Polska jest jednak skazana na euro. W negocjacjach o przystąpieniu do UE nasz kraj zobowiązał się do porzucenia złotego na rzecz waluty europejskiej tak szybko, jak pozwoli na to równowaga naszej gospodarki. Być może już w 2007 roku nasze portfele wypełnią banknoty euro. Przynajmniej dwa lata wcześniej kurs złotego zostanie sztywno powiązany z unijnym pieniądzem. Już dzisiaj jednak opłacalność dwóch trzecich naszego handlu zagranicznego zależy od kursu europejskiego pieniądza.</span>
        <span start="2369" end="2498">Zaufanie do euro w Polsce nie jest równe zaufaniu, jakim cieszy się dolar m.in. dlatego, że euro ma na razie charakter wirtualny.</span>
        <span start="4858" end="4982">Dla krajów eurolandu ważniejsze od kursu euro jest natomiast zdynamizowanie wzrostu gospodarczego i ograniczenie bezrobocia.</span>
        <span start="6673" end="6851">Główną przyczynę słabości euro przypisuje się wielkim zagranicznym kapitałom inwestycyjnym, które są angażowane w USA, gdyż tam stworzono najlepsze warunki wzrostu gospodarczego.</span>
        <span start="8211" end="8308">Pierwszy rok istnienia euro na pewno nie rozwiał wszystkich wątpliwości związanych z nową walutą.</span>
        <span start="8810" end="8971">Mimo to korzyści istnienia europejskiego pieniądza spowodują, że to raczej kraje "15" dostosują się do wymogów euro niż doprowadzą do upadku wspólnego pieniądza.</span>
      </spans>
    </summary>
    <summary ratio="5" type="extract" author="K">
      <body>W pierwszych dniach po powołaniu europejskiej waluty 1 stycznia 1999 r. za euro płacono nawet 1,18 dolarów. Wczoraj na giełdzie w Singapurze unijny pieniądz był już jednak wart tylko 95 centów - najmniej w jego krótkiej historii.Główną przyczynę słabości euro przypisuje się wielkim zagranicznym kapitałom inwestycyjnym, które są angażowane w USA.Mimo to korzyści istnienia europejskiego pieniądza spowodują, że to raczej kraje "15" dostosują się do wymogów euro niż doprowadzą do upadku wspólnego pieniądza.</body>
      <spans>
        <span start="83" end="312">W pierwszych dniach po powołaniu europejskiej waluty 1 stycznia 1999 r. za euro płacono nawet 1,18 dolarów. Wczoraj na giełdzie w Singapurze unijny pieniądz był już jednak wart tylko 95 centów - najmniej w jego krótkiej historii.</span>
        <span start="6673" end="6790">Główną przyczynę słabości euro przypisuje się wielkim zagranicznym kapitałom inwestycyjnym, które są angażowane w USA</span>
        <span start="6850" end="6851">.</span>
        <span start="8810" end="8971">Mimo to korzyści istnienia europejskiego pieniądza spowodują, że to raczej kraje "15" dostosują się do wymogów euro niż doprowadzą do upadku wspólnego pieniądza.</span>
      </spans>
    </summary>
  </summaries>
</text>
