<?xml version="1.0" encoding="UTF-8"?>
<mteval>
<srcset setid="iwslt2017-tst2010" srclang="romanian">
<doc docid="837" genre="lectures">
<url>http://www.ted.com/talks/tom_wujec_build_a_tower</url> 
<description>TED Talk Subtitles and Transcript: Tom Wujec prezintă o analiză surprinzător de profundă a "problemei bezelei" - un exercițiu simplu de team-building cu paste, bandă de lipit de un iard şi o bezea. Cine poate construi cel mai înalt turn cu aceste ingrediente? Și de ce, în mod surprinzător, este mereu peste medie performața unui anumit grup.</description> 
<keywords>talks, business, collaboration, culture, design, entertainment, psychology</keywords> 
<talkid>837</talkid> 
<title>Tom Wujec: Construiţi un turn, construiţi o echipă</title> 
<reviewer href="http://www.ted.com/profiles/265297">Silviu Apostu</reviewer> 
<translator href="http://www.ted.com/profiles/399725">Andreia Matei</translator> 
<seg id="1"> Acum câțiva ani în urmă, aici la TED, Peter Skillman  a prezentat o problemă de design  numită problema bezelei.    </seg>
<seg id="2"> Și ideea este destul de simplă.    </seg>
<seg id="3"> Echipe de câte patru trebuie să construiască cea mai înaltă structură de sine stătătoare  din 20 de bețe de spaghete,  un iard de bandă adezivă, un iard de ață  şi o bezea.    </seg>
<seg id="4"> Bezeaua trebuie să stea în vârf.    </seg>
<seg id="5"> Și, deşi pare destul de simplu, e de fapt destul de greu,  deoarece forțează oamenii  să colaboreze foarte rapid.    </seg>
