{
    "0":
        { 
            "Story_no": 15, 
            "Sentence": "गाँठ से साढ़े तीन रुपये लग गये, जो अब पेट में जाकर खनकते भी नहीं! जो तेरी करनी मालिक! इसमें मालिक की क्या करनी है? ", 
            "Discourse Mode": "Dialogue"
        },
    "1":
        {
            "Story_no": 49, 
            "Sentence": "अब धुआँ देती हुई लकड़ी को हवा लगी, वह जल उठी।", 
            "Discourse Mode": "Narrative"
        },
    "2":
        {
            "Story_no": 22, 
            "Sentence": "उसकी भाषा में बड़ों को' अहाँ' अर्थात' आप' कह कर संबोधित किया जाता है, कचराही बोली में दो-चार सवाल-जवाब चल सकता है, दिल-खोल गप तो गाँव की बोली में ही की जा सकती है किसी से। आसिन-कातिक के भोर में छा जानेवाले कुहासे से हिरामन को पुरानी चिढ़ है।", 
            "Discourse Mode": "Descriptive"
        },
    "3":
        {
            "Story_no": 22, 
            "Sentence": "उसकी गाड़ी में फिर चंपा का फूल खिला।", 
            "Discourse Mode": "Descriptive"
        }
}

