{
    "cloze_data": [
        {
            "question": "1148-1149 ਵਿੱਚ ਕੁਤੁਬ-ਉਦ-ਦੀਨ ਨਾਮਕ ਇੱਕ ਮਕਾਮੀ ਗ਼ੋਰੀ ਸਰਦਾਰ ਕਿਸੇ ਪਰਵਾਰਿਕ ਝਗੜੇ ਦੇ ਬਾਅਦ ਸ਼ਰਨ ਲੈਣ ਜਦੋਂ <MASK> ਆਇਆ ਤਾਂ ਗਜਨਵੀ ਸ਼ਾਸਕ ਬਹਰਾਮ ਸ਼ਾਹ ਨੇ ਉਸਨੂੰ ਜਹਿਰ ਦੇਕੇ ਮਾਰ ਦਿੱਤਾ। ਬਦਲਾ ਲੈਣ ਲਈ, ਉਸਦੇ ਭਰਾ ਸੈਫ਼ ਅਲ੍ਦੀਨ ਨੇ ਗਜਨੀ ਵੱਲ ਮਾਰਚ ਕੀਤਾ ਅਤੇ ਬਹਰਾਮ ਸ਼ਾਹ ਨੂੰ ਹਰਾਇਆ' ਪਰ ਇੱਕ ਸਾਲ ਬਾਅਦ ਬਹਰਾਮ ਸ਼ਾਹ ਵਾਪਸ ਆ ਗਿਆ ਅਤੇ ਸੈਫ਼ ਦੇ ਖਿਲਾਫ ਇੱਕ ਨਿਰਣਾਇਕ ਜਿੱਤ ਹਾਸਲ ਕਰ ਲਈ,",
            "answer": "ਗਜਨਾ",
            "category": "LOC",
            "title": "ਗ਼ੋਰੀ ਰਾਜਵੰਸ਼",
            "out_of_context_options": [
                "ਮਾਂਗੇਵਾਲ"
            ],
            "options": [
                "ਹੇਰਾਤ",
                "ਮਾਂਗੇਵਾਲ",
                "ਲਾਹੌਰ",
                "ਗਜਨਾ"
            ]
        },
        {
            "question": "1999: ਕਾਰਗਿਲ ਕਾਰਟੂਨ (ਕਾਰਟੂਨ ਦਾ ਇੱਕ ਸੰਗ੍ਰਹਿ ਅਤੇ ਕਾਰਟੂਨ ਪ੍ਰਦਰਸ਼ਨੀਆ ਦੀ ਲੜੀ) ਇਕ ਮੁਹਿੰਮ ਦੇ ਰਾਹੀਂ, ਭਾਰਤੀ ਫੌਜ ਦੇ ਨਾਲ ਆਪਣੇ ਸਮੂਹਿਕ ਏਕਤਾ ਦੀ ਇੱਕ ਨਿਸ਼ਾਨੀ ਦੇ ਤੌਰ ਤੇ, ਕਈ ਪ੍ਰਮੁੱਖ ਅਖ਼ਬਾਰਾਂ ਦੇ ਕਾਰਤੂਨਿਸਟਾਂ ਨੇ ਨਵੀ ਦਿੱਲੀ ਰੇਲਵੇ ਸਟੇਸ਼ਨ ਤੋਂ ਸੀਮਾ ਤੇ ਜਾਨ ਵਾਲਿਆਂ ਫ਼ੌਜ ਦੀਆਂ ਟੀਮਾਂ ਦਾ ਮਨੋਬਲ ਨੂੰ ਉਤਸ਼ਾਹਤ ਕਰਨ ਲਈ ਮੌਕੇ 'ਤੇ ਹੀ ਫੌਜੀਆਂ ਦੇ ਕੇਰਿਕੈਚਰ ਬਣਾ ਭੇਂਟ ਕੀਤੇ. ਫਿਰ ਅਖ਼ਬਾਰ ਵਿਚ ਛਪੇ <MASK> ਵਿਸ਼ੇ ਦੇ ਕਾਰਟੂਨਾਂ ਦੀ ਪ੍ਰਦਰਸ਼ਨੀ ਦਿੱਲੀ ਤੋਂ ਇਲਾਵਾ ਜੈਪੁਰ, ਚੰਡੀਗੜ੍ਹ, ਪਟਨਾ ਅਤੇ ਇੰਦੌਰ ਵੀ ਆਯੋਜਿਤ ਕੀਤੀ।  ",
            "answer": "ਕਾਰਗਿਲ",
            "category": "LOC",
            "title": "ਸ਼ੇਖਰ ਗੁਰੇਰਾ",
            "options": [
                "ਕਾਰਗਿਲ",
                "ਇੰਦੌਰ",
                "ਟੋਕੀਓ",
                "ਮੋਗਾ"
            ]
        },
        {
            "question": "ਉਸਨੂੰ 2009 ਵਿੱਚ <MASK> ਵਿਖੇ ਖ਼ੁਫ਼ੀਆ ਜਾਣਕਾਰੀ ਦੇ ਸੋਧਕ ਵੱਜੋਂ ਤੈਨਾਤ ਕੀਤਾ ਗਿਆ। 2010 ਦੇ ਸ਼ੁਰੂ ਵਿੱਚ ਉਸਨੇ ਖ਼ੂਫ਼ੀਆ ਜਾਣਕਾਰੀ ਵਿਕੀਲੀਕਸ ਨੂੰ ਦਿੱਤੀ ਅਤੇ ਆਪਣੇ ਇੱਕ ਆਨਲਾਈਨ ਜਾਣਕਾਰ ਐਡ੍ਰੀਅਨ ਲਾਮੋ ਨੂੰ ਇਸ ਬਾਰੇ ਦੱਸ ਦਿੱਤਾ। ਲਾਮੋ ਨੇ ਅਮਰੀਕੀ ਖ਼ੂਫ਼ੀਆ ਮਹਿਕਮੇ ਦੀ ਨਿਗਰਾਨੀ ਕਰਨ ਵਾਲੇ ਅਦਾਰੇ ਅੱਗੇ ਇਹ ਭੇਤ ਖੋਲ੍ਹ ਦਿੱਤਾ ਅਤੇ ਉਸੇ ਸਾਲ ਦੇ ਮਈ ਮਹੀਨੇ ਵਿੱਚ ਮੈਨਿੰਗ ਨੂੰ ਗ੍ਰਿਫ਼ਤਾਰ ਕਰ ਲਿਆ ਗਿਆ।",
            "answer": "ਇਰਾਕ",
            "category": "ORG",
            "title": "ਚੈਲਸੀਅ ਮੈਨਿੰਗ",
            "out_of_context_options": [
                "ਮਿਜੋਰਮ"
            ],
            "options": [
                "ਅਫ਼ਗ਼ਾਨਿਸਤਾਨ",
                "ਵਿਕੀਲੀਕਸ",
                "ਇਰਾਕ",
                "ਮਿਜੋਰਮ"
            ]
        },
        {
            "question": "ਫਿਲੀਪਾਈਨ,<MASK>, ਕੰਬੋਡੀਆ, ਅਤੇ ਵੀਅਤਨਾਮ ਦੇਸਾਂ ਵਿਚ ਗਲੀ ਵਿਕ੍ਰੇਤਾਂਵਾਂ ਵੱਲੋ ਅੰਡੇ ਦਾ ਦਾ ਭਰੂਣ ਵੇਚਿਆ ਜਾਣ ਵਾਲਾ ਖਾਣ ਦਾ ਮਸ਼ਹੂਰ ਪਕਵਾਨ ਹੈ। ਹਾਂਗਕਾਂਗ ਅਤੇ ਚੀਨ ਵਿੱਚ ਗਲੀ ਵਿਕ੍ਰੇਤਾਂਵਾਂ ਵਲੋਂ ਆਮ ਤੋਰ ਤੇ ਮੱਛੀ ਪਕਵਾਨ ਗੋਲੇ (fish ball),ਗਾਂ-ਮਝ ਦੇ ਮੀਟ ਦੇ ਗੋਲੇ(beef ball), ਭੁੰਨੇ ਕਾਜੂ, ਅਤੇ ਟੋਫ਼ੂ ਆਦਿ ਵੇਚੇ ਜਾਂਦੇ ਹਨ।",
            "answer": "ਲਾਓਸ",
            "category": "ORG",
            "title": "ਫੇਰੀ ਫੜ੍ਹੀ ਵਾਲੇ ਕਾਮੇ",
            "options": [
                "ਵੀਅਤਨਾਮ",
                "ਲਾਓਸ",
                "ਲੰਡਨ",
                "ਅੰਮ੍ਰਿਤਸਰ"
            ]
        },
        {
            "question": "ਦਸੰਬਰ 1764 ਵਿੱਚ ਅਹਿਮਦ ਸ਼ਾਹ ਅਬਦਾਲੀ ਨੇ <MASK> ਉੱਪਰ ਸਤਵਾਂ ਹਮਲਾ ਕੀਤਾ। ਅਸਲ ਵਿੱਚ ਉਸ ਨੇ ਇਸ ਵੇਰ ਨਜੀਬੇ ਰੁਹੇਲੇ ਦੀ ਮਦਦ ਲਈ ਦਿੱਲੀ ਜਾਣਾ ਸੀ, ਕਿਉਂਕਿ ਉਹ ਉਥੇ ਘਿਰ ਚੁੱਕਾ ਸੀ। ਜਵਾਹਰ ਸਿੰਘ ਭਗਤਪੁਰੀਏ ਨੇ ਦਿੱਲੀ ਉੱਤੇ ਹਮਲਾ ਕਰਨ ਅਤੇ ਇਸ ਤਰ੍ਹਾਂ ਆਪਣੇ ਪਿਤਾ ਦੀ ਮੌਤ ਦੀ ਨਜੀਬ-ਉਦ-ਦੌਲਾ ਤੋਂ ਬਦਲਾ ਲੈਣ ਲਈ ਖਾਲਸਾ ਜੀ ਤੋਂ ਅਤੇ ਮਰਾਠਿਆਂ ਤੋਂ ਵੀ ਸਹਾਇਤਾ ਮੰਗੀ। ਮਰਾਠਿਆਂ ਦਾ ਸਰਦਾਰ ਮਲਹਾਰ ਰਾਓ ਹੁਲਕਰ ਤਾਂ ਖੜ੍ਹਾ ਤਮਾਸ਼ਾ ਹੀ ਦੇਖਦਾ ਰਿਹਾ ਪਰ ਦਲ ਖਾਲਸਾ ਦਾ ਸਰਦਾਰ ਜੱਸਾ ਸਿੰਘ ਆਹਲੂਵਾਲੀਆ 15 ਹਜ਼ਾਰ ਸਿੰਘਾਂ ਸਮੇਤ ਜਵਾਹਰ ਸਿੰਘ ਦੀ ਮਦਦ ’ਤੇ ਸੀ।",
            "answer": "ਹਿੰਦੁਸਤਾਨ",
            "category": "LOC",
            "title": "ਗੁਰਦੁਆਰਾ ਬਾਬਾ ਗੁਰਬਖਸ਼ ਸਿੰਘ ਜੀ ਸ਼ਹੀਦ",
            "options": [
                "ਪੰਜਾਬ",
                "ਸਿਆਲਕੋਟ",
                "ਹਿੰਦੁਸਤਾਨ",
                "ਲਾਹੌਰ"
            ]
        },
        {
            "question": "1992 ਵਿਚ ਘੰਟਾ ਘਰ ਨੂੰ ਰਾਜਨੀਤਿਕ ਅਹਿਮੀਅਤ ਮਿਲੀ ਜਦੋਂ ਉਸ ਸਮੇਂ ਭਾਰਤੀ ਜਨਤਾ ਪਾਰਟੀ (ਬੀਜੇਪੀ) ਦੇ ਪ੍ਰਧਾਨ ਮੁਰਲੀ ਮਨੋਹਰ ਜੋਸ਼ੀ ਗਣਤੰਤਰ ਦਿਵਸ ਮੌਕੇ ਟਾਵਰ ਦੇ ਉੱਪਰ ਤਿਰੰਗਾ ਲਹਿਰਾਉਣ ਲਈ ਆਏ ਸਨ। ਜੋਸ਼ੀ ਦੇ ਇਸ ਕਦਮ ਨੇ ਕਈ ਅੱਤਵਾਦੀ ਸਮੂਹ ਇਕੱਠੇ ਕਰ ਦਿੱਤੇ ਅਤੇ ਉਨ੍ਹਾਂ ਨੂੰ <MASK> ਵਿਰੁੱਧ ਇਕਜੁੱਟ ਕਰ ਦਿੱਤਾ। ਜੋਸ਼ੀ ਨੂੰ ਸਿਪਾਹੀਆਂ ਦੀ ਸੰਗਤ ਵਿਚ ਝੰਡਾ ਲਹਿਰਾਉਣਾ ਪਿਆ।",
            "answer": "ਭਾਰਤ",
            "category": "ORG",
            "title": "ਲਾਲ ਚੌਕ",
            "options": [
                "ਭਾਰਤ",
                "ਬੰਗਾਲ",
                "ਕਾਂਗਰਸ",
                "ਸ੍ਰੀਨਗਰ"
            ]
        },
        {
            "question": "ਮਾਊਂਟ ਐਲਬਰਸ (ਅੰਗਰੇਜ਼ੀ: Mount Elbrus) <MASK> ਵਿੱਚ ਸਭ ਤੋਂ ਉੱਚੇ ਪਹਾੜ ਹੈ, ਅਤੇ ਦੁਨੀਆ ਦੇ ਦਸਵੇਂ ਸਭ ਤੋਂ ਪ੍ਰਮੁੱਖ ਸਿਖਰ ਪਹਾੜ। ਇੱਕ ਡੋਰਮੈਂਟ ਜੁਆਲਾਮੁਖੀ, ਐਲਬਰਸ ਦੱਖਣੀ ਰੂਸ ਵਿੱਚ ਕਾਕੇਸ਼ਸ ਪਹਾੜਾਂ ਵਿੱਚ ਸਥਿਤ ਹੈ, ਜੋ ਕਿ ਜਾਰਜੀਆ ਨਾਲ ਸਰਹੱਦ ਦੇ ਨੇੜੇ ਹੈ।",
            "answer": "ਯੂਰਪ",
            "category": "LOC",
            "title": "ਮਾਉਂਟ ਐਲਬਰਸ",
            "out_of_context_options": [
                "ਤਾਸ਼ਕੇਂਤ"
            ],
            "options": [
                "ਪਹਾੜ",
                "ਜੁਆਲਾਮੁਖੀ",
                "ਤਾਸ਼ਕੇਂਤ",
                "ਯੂਰਪ"
            ]
        },
        {
            "question": "ਇਤਿਹਾਸਕ ਤੌਰ ਉੱਤੇ, ਇਸ ਖੇਤਰ ਵਿੱਚ ਦੱਖਣ ਵੱਲ ਬਾਲਤਿਸਤਾਨ (ਬਾਲਤੀਯੂਲ) ਦੀਆਂ ਘਾਟੀਆਂ, <MASK> ਘਾਟੀਆਂ, ਦੁਰਾਡਾ ਜ਼ਾਂਸਕਰ, ਲਾਹੌਲ ਅਤੇ ਸਪੀਤੀ, ਪੂਰਬ ਵੱਲ ਅਕਸਾਈ ਚੀਨ ਅਤੇ ਨਗਾਰੀ, ਰੂਦੋਕ ਅਤੇ ਗੂਗੇ ਸਮੇਤ ਅਤੇ ਉੱਤਰ ਵੱਲ ਨੁਬਰਾ ਘਾਟੀਆਂ ਸ਼ਾਮਲ ਹਨ।ਸਮਕਾਲੀ ਲਦਾਖ਼ ਦੀਆਂ ਹੱਦਾਂ ਪੂਰਬ ਵੱਲ ਤਿੱਬਤ, ਦੱਖਣ ਵੱਲ ਲਾਹੌਲ ਅਤੇ ਸਪੀਤੀ, ਪੱਛਮ ਵੱਲ ਕਸ਼ਮੀਰ ਘਾਟੀ, ਜੰਮੂ ਅਤੇ ਬਾਲਤੀਯੂਲ ਅਤੇ ਦੂਰ ਉੱਤਰ ਵੱਲ ਕਾਰਾਕੋਰਮ ਦੱਰੇ ਤੋਂ ਪਰ੍ਹਾਂ ਕੁਨਲੁਨ-ਪਾਰ ਛਿਨਜਿਆਂਗ ਰਾਜਖੇਤਰ ਨਾਲ਼ ਲੱਗਦੀਆਂ ਹਨ।",
            "answer": "ਸਿੰਧ",
            "category": "LOC",
            "title": "ਲਦਾਖ਼",
            "options": [
                "ਤਿੱਬਤ",
                "ਹਿਮਾਲਾ",
                "ਪਹਾੜਾਂ",
                "ਸਿੰਧ"
            ]
        },
        {
            "question": "1596 ਵਿੱਚ ਡਚ ਜਾਨ ਹਾਏਗਨ ਵਾਨ ਲਿੰਸ਼ੋਟਨ ਨੇ ਪੂਰਬ ਦੀ ਯਾਤਰਾ ਕਰਦਿਆਂ ਲਿਖੇ ਇਤਿਹਾਸਕ ਅਨੁਭਵਾਂ ਵਿੱਚ \"ਭੰਗ\" (Bangue) ਉੱਪਰ ਵਿਸ਼ੇਸ਼ ਤਿੰਨ ਪੰਨਿਆ ਦਾ ਬਿਓਰਾ ਦਿੱਤਾ ਹੈ ਅਤੇ ਨਾਲ ਹੀ ਇਸ ਦੇ ਹੋਰ ਰੂਪ ਜੋ ਵੱਖ-ਵੱਖ ਦੇਸ਼ਾਂ ਵਿੱਚ ਵਰਤੇ ਜਾਂਦੇ ਹਨ, ਉਹਨਾਂ ਦਾ ਵੀ ਜ਼ਿਕਰ ਕੀਤਾ ਹੈ ਜਿਵੇਂ ਹਸ਼ੀਸ਼ (<MASK>), ਬੋਜ਼ਾ (ਤੁਰਕੀ), ਬਰਨਾਵੀ (ਤੁਰਕੀ), ਬੁਰਸਜ (ਅਰਬ) ਆਦਿ। ਇਤਿਹਾਸਕਾਰ ਰਿਚਰਡ ਡੇਵਨ ਪੋਰਟ-ਹਿੰਸ ਨੇ ਥੌਮਸ ਬੋਵਰੇ ਨੂੰ ਪਹਿਲਾ ਪੱਛਮ ਖੋਜੀ ਦੱਸਿਆ ਹੈ ਜਿਸਨੇ ਭੰਗ ਦੀ ਵਰਤੋਂ ਬਾਰੇ ਪ੍ਰਮਾਣਿਕ ਖੋਜ ਕੀਤੀ ਹੈ।",
            "answer": "ਮਿਸਰ",
            "category": "ORG",
            "title": "ਭੰਗ",
            "options": [
                "ਨੇਪਾਲ",
                "ਭਾਰਤ",
                "ਤੁਰਕੀ",
                "ਮਿਸਰ"
            ]
        },
        {
            "question": "ਰਾਬਰਟ ਦਾ ਜਨਮ 18 ਅਗਸਤ, 1936 ਨੂੰ ਸੈਂਟਾ ਮੋਨਿਕਾ, ਕੈਲੀਫੋਰਨੀਆ <MASK> ਵਿਖੇ ਮਾਰਥਾ ਡਬਲਯੂ. ਅਤੇ ਚਾਰਲਸ ਰਾਬਰਟ ਰੈੱਡਫੋਰਡ ਸੀਨੀਅਰ ਦੇ ਘਰ ਹੋੲਿਅਾ। ੳੁਸਦਾ ਪਿਤਾ ਪਹਿਲਾਂ ਇੱਕ ਦੁੱਧਵਾਲਾ ਸੀ ਅਤੇ ਫੀਰ ਲੇਖਾਕਾਰ ਬਣ ਗਿਅਾ। ੳੁਸਦੇ ਪਿਤਾ ਦੇ ਦੂਜੇ ਵਿਅਾਹ ਤੋਂ ੳੁਸਦਾ ੲਿੱਕ ਸੌਤੇਲਾ ਭਰਾ ਵੀ ਹੈ।",
            "answer": "ਅਮਰੀਕਾ",
            "category": "ORG",
            "title": "ਰਾਬਰਟ ਰੈੱਡਫੋਰਡ",
            "options": [
                "ਅਮਰੀਕਾ",
                "ਇਟਲੀ",
                "ਫਰਾਂਸ",
                "ਸਪੇਨ"
            ]
        },
        {
            "question": "ਸੁਨੀਤਾ ਚੰਦ ਰਾਜਵਰ (ਜਨਮ 6 ਨਵੰਬਰ 1969) ਇਕ <MASK> ਫ਼ਿਲਮ, ਟੈਲੀਵਿਜ਼ਨ ਅਤੇ ਸਟੇਜ ਅਦਾਕਾਰਾ ਹੈ ਜੋ 1997 ਵਿਚ ਨੈਸ਼ਨਲ ਸਕੂਲ ਆਫ ਡਰਾਮਾ (ਐਨਐਸਡੀ) ਨਵੀਂ ਦਿੱਲੀ ਤੋਂ ਗ੍ਰੈਜੂਏਟ ਹੋਈ..  [1] ਉਸਨੇ ਸੰਜੈ ਖੰਡੂਰੀ ਦੀ ਡਾਇਰੈਕਟਰ ਦੀ ਏਕ ਚਾਲੀਸ ਕੀ ਲਾਸਟ ਲੋਕਲ ਲੋਕਲ ਗੈਂਗਸਟਰ ਵਿੱਚ  ਚਕਲੀ ਦੇ ਤੌਰ 'ਤੇ ਅਭਿਨੈ ਕੀਤਾ, ਜਿੱਥੇ ਉਸ ਨੂੰ 2008 ਵਿਚ ਮੈਕਸ ਸਟਾਰਡਸਟ ਐਵਾਰਡ ਲਈ ਨਾਮਜ਼ਦ ਕੀਤਾ ਗਿਆ ਸੀ.",
            "answer": "ਭਾਰਤ",
            "category": "ORG",
            "title": "ਸੁਨੀਤਾ ਰਾਜਵਰ",
            "out_of_context_options": [
                "ਬੌਸਟਨ"
            ],
            "options": [
                "ਦਿੱਲੀ",
                "ਬੌਸਟਨ",
                "ਉੱਤਰਾਖੰਡ",
                "ਭਾਰਤ"
            ]
        },
        {
            "question": "ਫੀਫਾ ਵਿਸ਼ਵ ਕੱਪ 2006 ਜੋ ਫੁੱਟਵਾਲ ਦਾ 18ਵਾਂ ਵਿਸ਼ਵ ਕੱਪ ਹੈ। ਇਹ ਮਹਾਕੁਭ ਮਿਤੀ 9 ਜੂਨ ਤੋਂ 9 ਜੁਲਾਈ 2006 ਤੱਕ ਜਰਮਨੀ ਵਿੱਚ ਖੇਡਿਆ ਗਿਆ। ਇਹ ਵਿਸ਼ਵ ਕੱਪ ਵਿੱਚ ਛੇ ਮਹਾਂਦੀਪਾਂ ਦੀਆਂ ਇਕੱਤੀ ਅਤੇ ਮਹਿਮਾਨ ਜਰਮਨੀ ਨੇ ਭਾਗ ਲਿਆ। ਇਸ ਵਿਸ਼ਵ ਕੱਪ ਨੂੰ <MASK> ਨੇ ਫਾਈਨਲ ਵਿੱਚ ਫਰਾਂਸ ਨੂੰ ਪਨੈਲਟੀ ਸੂਟ ਆਉਟ 5–3 ਨਾਲ ਹਰਾ ਕਿ ਆਪਣੇ ਨਾਮ ਕੀਤਾ ਜੋ ਕਿ ਇਸ ਦੇਸ਼ ਦਾ ਚੋਥਾ ਵਿਸ਼ਵ ਕੱਪ ਸੀ। ਇਸ ਵਿਸ਼ਵ ਕੱਪ ਵਿੱਚ ਜਰਮਨੀ ਨੇ ਪੁਰਤਗਾਲ ਨੂੰ 3–1 ਨਾਲ ਹਰਾ ਕਿ ਤੀਜਾ ਸਥਾਨ ਪੱਕਾ ਕੀਤਾ। ਇਸ ਵਿਸ਼ਵ ਕੱਪ ਨੂੰ ਟੀਵੀ ਦੇ ਇਤਿਹਾਸ ਵਿੱਚ ਸਭ ਤੋਂ ਜ਼ਿਆਦਾ 26.29 ਅਰਬ ਲੋਕਾਂ ਨੇ ਦੇਖਿਆ।",
            "answer": "ਇਟਲੀ",
            "category": "ORG",
            "title": "ਫੀਫਾ ਵਿਸ਼ਵ ਕੱਪ 2006",
            "options": [
                "ਟੋਗੋ",
                "ਅੰਗੋਲਾ",
                "ਪੁਰਤਗਾਲ",
                "ਇਟਲੀ"
            ]
        },
        {
            "question": "ਆਸਟਰੇਲੀਆ (ਅੰਗਰੇਜ਼ੀ: Australia ਔਸਟਰੈਈਲੀਆ) ਦੀ ਰਾਜਧਾਨੀ <MASK> ਹੈ। ਇਹ ਦੱਖਣੀ-ਅਰਧਗੋਲੇ ਵਿੱਚ ਹੈ। ﻿ਆਸਟ੍ਰੇਲੀਆ ਜ਼ਮੀਨ ਦੇ ਹੇਠਲੇ ਅੰਗ ਦਾ ਦੇਸ਼ ਹੈ। ਇਸ ਵਿੱਚ ਆਸਟ੍ਰੇਲੀਆ ਤਸਮਾਨੀਆ ਤੇ ਬਹਰਾਲਕਾਹਲ ਦੇ ਕਈ ਜ਼ਜ਼ੀਰੇ ਆਉਂਦੇ ਹਨ। ਰਕਬੇ ਦੇ ਹਿਸਾਬ ਨਾਲ ਇਹ ਦੁਨੀਆ ਦਾ 6ਵਾਂ ਵੱਡਾ ਦੇਸ਼ ਹੈ। ਪਾਪੂਆ ਨਿਯੋਗਨੀ, ਚੜ੍ਹਦਾ ਤੈਮੂਰ ਤੇ ਇੰਡੋਨੇਸ਼ੀਆ ਇਸਦੇ ਉੱਤਰ ਵਿੱਚ, ਨਿਊ ਕੀਲੀਡੋਨਿਆ ਇਸਦੇ ਚੜ੍ਹਦੇ ਵੱਲ ਤੇ ਨਿਊਜ਼ੀਲੈਂਡ ਇਸਦੇ ਚੜ੍ਹਦੇ ਦੱਖਣ ਵੱਲ ਹੈ। ਇੱਥੇ ਅੰਗਰੇਜ਼ੀ ਭਾਸ਼ਾ ਬੋਲੀ ਜਾਂਦੀ ਹੈ। ਇੱਥੋਂ ਦੀ ਜਨਸੰਖਿਆ 22,930,253 ਹੈ। ਜ਼ਿਆਦਾਤਰ ਲੋਕ ਬਰਤਾਨੀਆ ਤੋਂ ਆਏ ਹਨ। ਬਰਤਾਨੀਆ ਦੀ ਮਲਿਕਾ, ਮਲਿਕਾ ਅੱਲਜ਼ਬਿੱਥ II ਇਸ ਦੇਸ਼ ਦੀ ਵੀ ਆਗੂ ਹੈ।",
            "answer": "ਕੈਨਬਰਾ",
            "category": "LOC",
            "title": "ਆਸਟਰੇਲੀਆ",
            "out_of_context_options": [
                "ਚਿਰਾਂਦ"
            ],
            "options": [
                "ਯੂਰਪ",
                "ਕੈਨਬਰਾ",
                "ਏਸ਼ੀਆ",
                "ਚਿਰਾਂਦ"
            ]
        },
        {
            "question": "ਕੀਰਤੀਨਾਥ ਕੁਰਤਾਕੋਟੀ (ಕೀರ್ತಿನಾಥ ಕುರ್ತಕೋಟಿ) (13 ਅਕਤੂਬਰ 1928 - 31 ਜੁਲਾਈ 2003) ਇੱਕ ਕੰਨੜ ਲੇਖਕ ਅਤੇ ਆਲੋਚਕ ਸੀ ਜਿਸਨੇ ਹੋਰ ਪੁਰਸਕਾਰਾਂ ਦੇ ਇਲਾਵਾ <MASK> ਦੀ  ਕੇਂਦਰੀ ਸਾਹਿਤ ਅਕਾਦਮੀ ਸਨਮਾਨ ਪ੍ਰਾਪਤ ਕੀਤਾ।  ਕੰਨੜ ਤੋਂ ਇਲਾਵਾ, ਉਹ ਹਿੰਦੀ ਅਤੇ ਸੰਸਕ੍ਰਿਤ ਸਮੇਤ ਹੋਰ ਭਾਸ਼ਾਵਾਂ ਚੰਗੀ ਤਰ੍ਹਾਂ ਜਾਣਦਾ ਸੀ।",
            "answer": "ਭਾਰਤ",
            "category": "ORG",
            "title": "ਕੀਰਤੀਨਾਥ ਕੁਰਤਾਕੋਟੀ",
            "options": [
                "ਕਰਨਾਟਕ",
                "ਗੁਜਰਾਤ",
                "ਭਾਰਤ",
                "ਰਾਜ"
            ]
        },
        {
            "question": "ਲਾਹੌਲ ਅਤੇ ਸਪੀਤੀ ਜ਼ਿਲ੍ਹਾ ਉੱਚੇ ਪਹਾੜੀ ਸ਼੍ਰੇਣੀਆਂ ਨਾਲ ਘਿਰਿਆ ਹੋਇਆ ਹੈ। ਰੋਹਤਾਂਗ ਦੱਰਾ, (, ਲਾਹੌਲ ਅਤੇ ਸਪੀਤੀ ਨੂੰ ਕੁੱਲੂ ਘਾਟੀ ਤੋਂ ਵੱਖ ਕਰਦਾ ਹੈ। <MASK> ਅਤੇ ਸਪਿਤੀ ਨੂੰ ਕੁੰਜੁਮ ਦੱਰਾ ( ਇਕ ਦੂਜੇ ਤੋਂ ਕੱਟਦਾ ਹੈ।  ਇੱਕ ਸੜਕ ਦੋਵਾਂ ਭਾਗਾਂ ਨੂੰ ਜੋੜਦੀ ਹੈ, ਪਰ ਸਰਦੀਆਂ ਅਤੇ ਬਸੰਤ ਵਿੱਚ ਭਾਰੀ ਬਰਫਬਾਰੀ ਕਾਰਨ ਅਕਸਰ ਕੱਟੇ ਜਾਂਦੇ ਹਨ। ਇਸ ਤਰ੍ਹਾਂ ਘਾਟੀ ਉੱਤਰ ਤੋਂ ਸਾਲ ਦੇ ਅੱਠ ਮਹੀਨਿਆਂ ਤੱਕ ਭਾਰੀ ਬਰਫਬਾਰੀ ਅਤੇ ਸੰਘਣੀ ਬਰਫ਼ ਕਾਰਨ ਕੱਟੀ ਰਹਿੰਦੀ ਹੈ।",
            "answer": "ਲਾਹੌਲ",
            "category": "LOC",
            "title": "ਸਪੀਤੀ ਵਾਦੀ",
            "options": [
                "ਹਿਮਾਲਿਆ",
                "ਲਾਹੌਲ",
                "ਤਿੱਬਤ",
                "ਹਾਈਵੇ"
            ]
        },
        {
            "question": "ਨਮਿਤਾ ਸ਼ੇੱਟੀ (ਜਨਮ 8 ਸਤੰਬਰ, <MASK>) ਇੱਕ ਭਾਰਤੀ ਮਾਡਲ, ਬਿਉਟੀ ਪਿਜਿੰਟ ਪ੍ਰਤਿਯੋਗੀ ਅਤੇ ਪਿਜਿੰਟ ਵੈਬਸਾਈਟ \"ਮਿਸੋਸੋਲੋਗੀ.ਓਆਰਜੀ\" ਦੀ ਗ੍ਰਾਫਿਕ ਡਿਜ਼ਾਇਨਰ ਹੈ।. ਨਮਿਤਾ ਦਾ ਪਾਲਣ-ਪੋਸ਼ਣ ਮੁੰਬਈ ਵਿੱਚ ਹੋਇਆ ਅਤੇ ਇਸਨੇ ਗ੍ਰੈਜੁਏਸ਼ਨ ਦੀ ਡਿਗਰੀ \"ਮਾਸ ਮੀਡੀਆ ਅਤੇ ਵਿਗਿਆਪਨ\" ਵਿੱਚ ਕੀਤੀ। ਇਹ ਮੈਂਗਲੋਰ/ਮੈਂਗਲੂਰ ਦੇ ਬੰਤ ਭਾਈਚਾਰੇ ਤੋਂ ਸੰਬੰਧ ਰਖੱਦੀ ਹੈ ਅਤੇ ਇਸਨੇ 2007 ਵਿੱਚ \"ਮਿਸ ਬੰਤ\" ਦਾ ਖ਼ਿਤਾਬ ਜਿੱਤਿਆ। 2008 ਵਿੱਚ, ਨਮਿਤਾ ਨੇ ਮਿਸ ਯੂਨੀਵਰਸਿਟੀ ਜੈਪੁਰ ਦਾ ਖ਼ਿਤਾਬ ਜਿੱਤਿਆ।",
            "answer": "1988",
            "category": "EVE",
            "title": "ਨਮਿਤਾ ਸ਼ੇੱਟੀ",
            "options": [
                "1988",
                "2008",
                "2007",
                "2004"
            ]
        },
        {
            "question": "21 ਦਸੰਬਰ &ndash; <MASK> ਵਿਚ ਲੈਰੀ ਮੇਅਜ਼ ਨੂੰ, ਬਿਨਾ ਕੋਈ ਜੁਰਮ ਕੀਤਿਉ, 21 ਸਾਲ ਕੈਦ ਰਹਿਣ ਮਗਰੋਂ ਡੀ.ਐਨ. ਟੈਸਟ ਤੋਂ ਉਸ ਦੀ ਬੇਗੁਨਾਹੀ ਦਾ ਸਬੂਤ ਮਿਲਣ ਕਾਰਨ ਇਹ ਰਿਹਾਈ ਹੋ ਸਕੀ ਸੀ। ਅਮਰੀਕਾ ਵਿਚ ਇਸ ਟੈਸਟ ਕਾਰਨ ਰਿਹਾ ਹੋਣ ਵਾਲਾ ਉਹ 100ਵਾਂ ਬੇਗ਼ੁਨਾਹ ਕੈਦੀ ਸੀ।",
            "answer": "ਅਮਰੀਕਾ",
            "category": "ORG",
            "title": "2002",
            "options": [
                "ਫਿਨਲੈਂਡ",
                "ਕਲੋਨ",
                "ਬੈਲਜੀਅਮ",
                "ਅਮਰੀਕਾ"
            ]
        },
        {
            "question": "ਅੰਮ੍ਰਿਤਾ ਪ੍ਰੀਤਮ ਦਾ ਜਨਮ 31 ਅਗਸਤ 1919 ਨੂੰ ਗਿਆਨੀ ਕਰਤਾਰ ਸਿੰਘ ਹਿੱਤਕਾਰੀ ਦੇ ਘਰ ਮਾਤਾ ਰਾਜ ਦੀ ਕੁੱਖੋਂ <MASK> (ਪਾਕਿਸਤਾਨ) ਵਿੱਚ ਹੋਇਆ। ਉਸ ਦੇ ਪਿਤਾ ਇੱਕ ਚੰਗੇ ਛੰਦ ਸ਼ਾਸਤਰੀ ਸਨ। ਅੰਮ੍ਰਿਤਾ ਨੇ ਕਾਫ਼ੀਏ, ਰਦੀਫ਼ ਦੀ ਜਾਣਕਾਰੀ ਅਤੇ ਕਾਵਿ ਰਚਨਾ ਦਾ ਹੋਰ ਮੁੱਢਲਾ ਗਿਆਨ ਆਪਣੇ ਪਿਤਾ ਤੋਂ ਪ੍ਰਾਪਤ ਕੀਤਾ। ਆਪ ਦੀ ਮਾਤਾ ਨੇ ਚਾਰ ਸਾਲ ਦੀ ਉਮਰ ਵਿੱਚ ਇਸ ਦੀ ਕੁੜਮਾਈ ਦੂਰ ਦੇ ਰਿਸ਼ਤੇ ਵਿੱਚ ਭੂਆ ਦੇ ਪੁੱਤਰ ਨਾਲ ਕਰ ਦਿੱਤੀ। ਜਦੋਂ ਇਹ ਗਿਆਰਾਂ ਸਾਲਾਂ ਦੀ ਸੀ ਤਾਂ ਇਸਦੀ ਮਾਂ ਦੀ ਮੌਤ ਹੋ ਗਈ।",
            "answer": "ਗੁਜਰਾਂਵਾਲਾ",
            "category": "LOC",
            "title": "ਅੰਮ੍ਰਿਤਾ ਪ੍ਰੀਤਮ",
            "out_of_context_options": [
                "ਰਸੂਲਪੁਰ"
            ],
            "options": [
                "ਲਾਹੌਰ",
                "ਰਸੂਲਪੁਰ",
                "ਦੇਹਰਾਦੂਨ",
                "ਗੁਜਰਾਂਵਾਲਾ"
            ]
        },
        {
            "question": "ਏਸ਼ੀਆਈ ਖੇਡਾਂ ਨੂੰ 'ਏਸ਼ਿਆਡ' ਦੇ ਨਾਮ ਨਾਲ ਵੀ ਜਾਣਿਆ ਜਾਂਦਾ ਹੈ। ਇਹ ਹਰ ਇੱਕ ਚਾਰ ਸਾਲ ਬਾਅਦ ਆਯੋਜਿਤ ਹੋਣ ਵਾਲੀ ਬਹੁ-ਖੇਡ ਪ੍ਰਤੀਯੋਗਤਾ ਹੈ, ਜਿਸ ਵਿੱਚ ਕੇਵਲ <MASK> ਦੇ ਵੱਖ-ਵੱਖ ਦੇਸ਼ਾਂ ਦੇ ਖਿਡਾਰੀ ਭਾਗ ਲੈਂਦੇ ਹਨ।",
            "answer": "ਏਸ਼ੀਆ",
            "category": "LOC",
            "title": "1986 ਏਸ਼ੀਆਈ ਖੇਡਾਂ",
            "out_of_context_options": [
                "ਮੰਨੇਵਾਲ"
            ],
            "options": [
                "ਗੁਆਂਗਜ਼ੂ",
                "ਸਿਓਲ",
                "ਮੰਨੇਵਾਲ",
                "ਏਸ਼ੀਆ"
            ]
        },
        {
            "question": "ਸੰਨ 1808 ਵਿੱਚ ਮਹਾਰਾਜਾ ਰਣਜੀਤ ਸਿੰਘ <MASK> ਨੂੰ ਪਾਰ ਕਰਕੇ \"ਦੁਲਾਧੀ \" ਪਿੰਡ ਦਾ ਫ਼ੈਸਲਾ ਕਰਾਓਣ ਲਈ ਆਇਆ ਜੋ ਕਿ ਪਟਿਆਲਾ ਅਤੇ ਨਾਭਾ ਰਿਆਸਤ ਵਿਚਕਾਰ ਝਗੜੇ ਦਾ ਕਾਰਨ ਬਣ ਗਿਆ ਸੀ ਇਸ ਲੜਾਈ ਸਮੇ ਜੀਂਦ ਦਾ ਰਾਜਾ ਭਾਗ ਸਿੰਘ ਮਾਰਿਆ ਗਿਆ। ਰਾਜਾ ਜਸਵੰਤ ਸਿੰਘ, ਨਾਭਾ,ਭਾਈ ਲਾਲ ਸਿੰਘ ਕੈਥਲ,ਸਰਦਾਰ ਗੁਰਦਿਤ ਸਿੰਘ ਲਾਡਵਾ ਮਹਾਰਾਜਾ ਰਣਜੀਤ ਸਿੰਘ ਦੇ ਨਾਲ ਚਲ ਦੇ ਸਨ। ਮਲੇਰਕੋਟਲਾ ਦੇ ਪਠਾਨੀ ਇਲਾਕੇ ਤੇ \" ਸਿੰਘ ਸਾਹਿਬ \" ਰਣਜੀਤ ਸਿੰਘ ਨੇ ਧਾਬਾ ਬੋਲ ਦਿਤਾ ਜਿਥੇ ਆਤੋਓਅ ਉੱਲਾ ਖਾਨ ਦਾ ਰਾਜ ਸੀ ਜਿਸ ਤੋਂ 1,000000 ਰਪੁਏ ਖ਼ਰਾਜ ਮੰਗੀ ਗਈ।",
            "answer": "ਸਤਲੁਜ",
            "category": "LOC",
            "title": "ਫਲੌਂਡ ਕਲਾਂ",
            "out_of_context_options": [
                "ਗੋਬਿੰਦਪੁਰਾ/ਪੈਂਦ"
            ],
            "options": [
                "ਸਤਲੁਜ",
                "ਸੰਗਰੂਰ",
                "ਮਲੇਰਕੋਟਲਾ",
                "ਗੋਬਿੰਦਪੁਰਾ/ਪੈਂਦ"
            ]
        }
    ]
}