[{"conversation_id": "dlg-007002e0-3285-4dd5-8f8c-c51084332ae8", "instruction_id": "music-5", "utterances": [{"index": 0, "speaker": "ASSISTANT", "text": "Hello user. How can I help you?"}, {"index": 1, "speaker": "USER", "text": "Can you play music for me?"}, {"index": 2, "speaker": "ASSISTANT", "text": "Can you please name the artist?"}, {"index": 3, "speaker": "USER", "text": "Can you play something by Whitney Houston.", "segments": [{"start_index": 26, "end_index": 41, "text": "Whitney Houston", "annotations": [{"name": "music.name.artist"}]}]}, {"index": 4, "speaker": "ASSISTANT", "text": "Whitney Houston, let me find you something.", "segments": [{"start_index": 0, "end_index": 15, "text": "Whitney Houston", "annotations": [{"name": "music.name.artist"}]}]}, {"index": 5, "speaker": "ASSISTANT", "text": "How about the song called I Look to You by Whitney Houston?", "segments": [{"start_index": 26, "end_index": 39, "text": "I Look to You", "annotations": [{"name": "music.name.album"}, {"name": "music.name.track"}]}, {"start_index": 43, "end_index": 58, "text": "Whitney Houston", "annotations": [{"name": "music.name.artist"}]}]}, {"index": 6, "speaker": "USER", "text": "It sounds good.", "segments": [{"start_index": 6, "end_index": 15, "text": "nds good.", "annotations": [{"name": "music.describes_track"}]}]}, {"index": 7, "speaker": "USER", "text": "Can you play the same song but like performed by someone else?", "segments": [{"start_index": 17, "end_index": 61, "text": "same song but like performed by someone else", "annotations": [{"name": "music.describes_track"}]}]}, {"index": 8, "speaker": "ASSISTANT", "text": "Yes. Here's the same song called I look to you Cover By Aldrich & James.", "segments": [{"start_index": 33, "end_index": 46, "text": "I look to you", "annotations": [{"name": "music.name.track"}, {"name": "music.name.album"}]}, {"start_index": 56, "end_index": 71, "text": "Aldrich & James", "annotations": [{"name": "music.name.artist"}]}]}, {"index": 9, "speaker": "USER", "text": "Can you find something like another kind of a cover by a kid?", "segments": [{"start_index": 46, "end_index": 60, "text": "cover by a kid", "annotations": [{"name": "music.describes_track"}]}]}, {"index": 10, "speaker": "ASSISTANT", "text": "Of the same song?"}, {"index": 11, "speaker": "USER", "text": "No."}, {"index": 12, "speaker": "USER", "text": "Just someone kind of like them."}, {"index": 13, "speaker": "ASSISTANT", "text": "Let me try to find something."}, {"index": 14, "speaker": "USER", "text": "Could you find anything?"}, {"index": 15, "speaker": "ASSISTANT", "text": "Here's a song diamonds originally by Rihanna Cover by One Voice Children's Choir.", "segments": [{"start_index": 14, "end_index": 22, "text": "diamonds", "annotations": [{"name": "music.name.track"}, {"name": "music.name.album"}]}, {"start_index": 37, "end_index": 44, "text": "Rihanna", "annotations": [{"name": "music.name.artist"}]}, {"start_index": 54, "end_index": 80, "text": "One Voice Children's Choir", "annotations": [{"name": "music.name.artist"}]}]}, {"index": 16, "speaker": "USER", "text": "That's perfect."}, {"index": 17, "speaker": "ASSISTANT", "text": "Written by Sia.", "segments": [{"start_index": 11, "end_index": 14, "text": "Sia", "annotations": [{"name": "music.name.artist"}]}]}, {"index": 18, "speaker": "USER", "text": "Yeah. That's really cool choreography in the video.", "segments": [{"start_index": 13, "end_index": 37, "text": "really cool choreography", "annotations": [{"name": "music.describes_track"}]}]}, {"index": 19, "speaker": "USER", "text": "All right, I'm finished. Thank you so much."}, {"index": 20, "speaker": "ASSISTANT", "text": "You're welcome."}, {"index": 21, "speaker": "ASSISTANT", "text": "Goodbye."}]}, {"conversation_id": "dlg-0077569e-55bf-4dde-8f6c-54b4bf0f5a35", "instruction_id": "music-6", "utterances": [{"index": 0, "speaker": "ASSISTANT", "text": "Hello, how can I help you?"}, {"index": 1, "speaker": "USER", "text": "Hello. Could you play something from the band Creed, please?", "segments": [{"start_index": 46, "end_index": 51, "text": "Creed", "annotations": [{"name": "music.name.artist"}]}]}, {"index": 2, "speaker": "ASSISTANT", "text": "Here is Creed - With Arms Wide Open.", "segments": [{"start_index": 8, "end_index": 13, "text": "Creed", "annotations": [{"name": "music.name.artist"}]}, {"start_index": 16, "end_index": 35, "text": "With Arms Wide Open", "annotations": [{"name": "music.name.track"}]}]}, {"index": 3, "speaker": "USER", "text": "I like this song very much. Can you play something else from them, please?"}, {"index": 4, "speaker": "ASSISTANT", "text": "Here is Creed - My Sacrifice.", "segments": [{"start_index": 8, "end_index": 13, "text": "Creed", "annotations": [{"name": "music.name.artist"}]}, {"start_index": 16, "end_index": 28, "text": "My Sacrifice", "annotations": [{"name": "music.name.track"}]}]}, {"index": 5, "speaker": "USER", "text": "Oh! Very nice. Thank you very much. Love this. Can you play one more from them, please?"}, {"index": 6, "speaker": "ASSISTANT", "text": "I'm sorry can you repeat the question"}, {"index": 7, "speaker": "USER", "text": "Yes. Can you play something else from them, too?"}, {"index": 8, "speaker": "ASSISTANT", "text": "Here is Creed - Higher.", "segments": [{"start_index": 8, "end_index": 13, "text": "Creed", "annotations": [{"name": "music.name.artist"}]}, {"start_index": 16, "end_index": 22, "text": "Higher", "annotations": [{"name": "music.name.track"}]}]}, {"index": 9, "speaker": "USER", "text": "Thank you."}, {"index": 10, "speaker": "ASSISTANT", "text": "Okay."}, {"index": 11, "speaker": "USER", "text": "Oh! I love this song. Thank you very much."}]}, {"conversation_id": "dlg-00a94095-44d3-4d0c-9291-0dd9bb65c313", "instruction_id": "music-8", "utterances": [{"index": 0, "speaker": "ASSISTANT", "text": "Hi."}, {"index": 1, "speaker": "ASSISTANT", "text": "How can I help you?"}, {"index": 2, "speaker": "USER", "text": "Can you play me a country song?", "segments": [{"start_index": 18, "end_index": 25, "text": "country", "annotations": [{"name": "music.name.genre"}]}]}, {"index": 3, "speaker": "ASSISTANT", "text": "Yes, one moment."}, {"index": 4, "speaker": "ASSISTANT", "text": "How about Tennessee Whiskey by Chris Stapleton?", "segments": [{"start_index": 31, "end_index": 46, "text": "Chris Stapleton", "annotations": [{"name": "music.name.artist"}]}, {"start_index": 10, "end_index": 27, "text": "Tennessee Whiskey", "annotations": [{"name": "music.name.track"}]}]}, {"index": 5, "speaker": "USER", "text": "Can I hear it?"}, {"index": 6, "speaker": "ASSISTANT", "text": "Let me see what I can find for you?"}, {"index": 7, "speaker": "ASSISTANT", "text": "Here's the song called Blue Ain't Your Color by Keith Urban.", "segments": [{"start_index": 23, "end_index": 44, "text": "Blue Ain't Your Color", "annotations": [{"name": "music.name.track"}]}, {"start_index": 48, "end_index": 59, "text": "Keith Urban", "annotations": [{"name": "music.name.artist"}]}]}, {"index": 8, "speaker": "USER", "text": "I'm really not a fan of Keith Urban. Do you think you could find somebody else?", "segments": [{"start_index": 24, "end_index": 35, "text": "Keith Urban", "annotations": [{"name": "music.name.artist"}]}]}, {"index": 9, "speaker": "ASSISTANT", "text": "How about Losing Sleep by Chris Young?", "segments": [{"start_index": 10, "end_index": 22, "text": "Losing Sleep", "annotations": [{"name": "music.name.track"}, {"name": "music.name.album"}]}, {"start_index": 26, "end_index": 37, "text": "Chris Young", "annotations": [{"name": "music.name.artist"}]}]}, {"index": 10, "speaker": "USER", "text": "Can you play it for me?"}, {"index": 11, "speaker": "USER", "text": "No. Play You think you could just find a female singer?", "segments": [{"start_index": 39, "end_index": 54, "text": "a female singer", "annotations": [{"name": "music.describes_artist"}]}]}, {"index": 12, "speaker": "ASSISTANT", "text": "Female singer? Let me see what I can find.", "segments": [{"start_index": 0, "end_index": 13, "text": "Female singer", "annotations": [{"name": "music.describes_artist"}]}]}, {"index": 13, "speaker": "ASSISTANT", "text": "Here is the song called When You Say Nothing At All by Alison Krauss.", "segments": [{"start_index": 24, "end_index": 51, "text": "When You Say Nothing At All", "annotations": [{"name": "music.name.track"}]}, {"start_index": 55, "end_index": 68, "text": "Alison Krauss", "annotations": [{"name": "music.name.artist"}]}]}, {"index": 14, "speaker": "ASSISTANT", "text": "You're welcome."}, {"index": 15, "speaker": "ASSISTANT", "text": "Bye."}, {"index": 16, "speaker": "ASSISTANT", "text": "Talk to you next time."}]}, {"conversation_id": "dlg-00bca323-87d8-4a93-970c-b6eae2f7827e", "instruction_id": "music-6", "utterances": [{"index": 0, "speaker": "USER", "text": "Can you play something by August Burns Red?", "segments": [{"start_index": 26, "end_index": 42, "text": "August Burns Red", "annotations": [{"name": "music.name.artist"}]}]}, {"index": 1, "speaker": "USER", "text": "This is my favorite song right now.", "segments": [{"start_index": 8, "end_index": 24, "text": "my favorite song", "annotations": [{"name": "music.describes_artist"}]}]}, {"index": 2, "speaker": "ASSISTANT", "text": "This will just be a second."}, {"index": 3, "speaker": "USER", "text": "Can you play some old songs of August Burns Red?", "segments": [{"start_index": 18, "end_index": 27, "text": "old songs", "annotations": [{"name": "music.describes_track"}]}, {"start_index": 31, "end_index": 47, "text": "August Burns Red", "annotations": [{"name": "music.name.artist"}]}]}, {"index": 4, "speaker": "ASSISTANT", "text": "Here's the song You should be taking flight right now.", "segments": [{"start_index": 16, "end_index": 53, "text": "You should be taking flight right now", "annotations": [{"name": "music.name.track"}]}]}, {"index": 5, "speaker": "USER", "text": "I haven't heard this in a really long time. Okay. Can you play something a little more recent by August Burns Red?", "segments": [{"start_index": 75, "end_index": 93, "text": "little more recent", "annotations": [{"name": "music.describes_track"}]}, {"start_index": 97, "end_index": 113, "text": "August Burns Red", "annotations": [{"name": "music.name.artist"}]}]}, {"index": 6, "speaker": "ASSISTANT", "text": "One moment."}, {"index": 7, "speaker": "ASSISTANT", "text": "Here is the song King of Sorrow by August Burns Red.", "segments": [{"start_index": 17, "end_index": 31, "text": "King of Sorrow", "annotations": [{"name": "music.name.track"}]}, {"start_index": 35, "end_index": 51, "text": "August Burns Red", "annotations": [{"name": "music.name.artist"}]}]}, {"index": 8, "speaker": "USER", "text": "This is perfect. Okay. That's all I needed. Thanks."}]}, {"conversation_id": "dlg-00ce3ca2-103d-4fac-91e5-0265ecd19295", "instruction_id": "music-7", "utterances": [{"index": 0, "speaker": "ASSISTANT", "text": "Hi."}, {"index": 1, "speaker": "ASSISTANT", "text": "How can I help you?"}, {"index": 2, "speaker": "ASSISTANT", "text": "Sure."}, {"index": 3, "speaker": "USER", "text": "Hi, I want to listen some music."}, {"index": 4, "speaker": "USER", "text": "Thank you."}, {"index": 5, "speaker": "ASSISTANT", "text": "Someone similar to the Ramones?", "segments": [{"start_index": 8, "end_index": 30, "text": "similar to the Ramones", "annotations": [{"name": "music.describes_artist"}]}, {"start_index": 23, "end_index": 30, "text": "Ramones", "annotations": [{"name": "music.name.artist"}]}]}, {"index": 6, "speaker": "USER", "text": "Fine."}, {"index": 7, "speaker": "ASSISTANT", "text": "One second."}, {"index": 8, "speaker": "ASSISTANT", "text": "Have you heard the Dom Kennedy's?", "segments": [{"start_index": 19, "end_index": 32, "text": "Dom Kennedy's", "annotations": [{"name": "music.name.artist"}]}]}, {"index": 9, "speaker": "ASSISTANT", "text": "Heres Dom Kennedy - Locals Only.", "segments": [{"start_index": 6, "end_index": 17, "text": "Dom Kennedy", "annotations": [{"name": "music.name.artist"}]}, {"start_index": 20, "end_index": 31, "text": "Locals Only", "annotations": [{"name": "music.name.track"}, {"name": "music.name.album"}]}]}, {"index": 10, "speaker": "USER", "text": "Thank you."}, {"index": 11, "speaker": "USER", "text": "Hey Assistant. I really like that. Could I hear something else?"}, {"index": 12, "speaker": "USER", "text": "I am done. Thank you for your help, bye."}, {"index": 13, "speaker": "ASSISTANT", "text": "Sure."}, {"index": 14, "speaker": "ASSISTANT", "text": "Here's Dom Kennedy-After School.", "segments": [{"start_index": 7, "end_index": 18, "text": "Dom Kennedy", "annotations": [{"name": "music.name.artist"}]}, {"start_index": 19, "end_index": 31, "text": "After School", "annotations": [{"name": "music.name.track"}]}]}, {"index": 15, "speaker": "ASSISTANT", "text": "Bye."}]}]