path	sentence	client_id
common_voice_ta_19171502.mp3	கதிபெற வேண்டும் என்றே	08873df09db28dba7fd3af140ad6b1dee02f59c8af8f066859662d8d9b61790882a3a987c648b0f54181481beaf3c098c29691cbc34d94e438e0efa8a2493a7d
common_voice_ta_19171503.mp3	தாரணி என்றவண்ணம்	08873df09db28dba7fd3af140ad6b1dee02f59c8af8f066859662d8d9b61790882a3a987c648b0f54181481beaf3c098c29691cbc34d94e438e0efa8a2493a7d
common_voice_ta_19071679.mp3	அச்சடித்த பதுமைகள்போல் இருந்தார் யாரும்!	241bdb890336e245aa0eb04f7693dd6ff0f6522b90982366ec72f0e1077014a000971bf6237b80049f7ec647605cb358effade58b34d5ef092b775779cc351ad
common_voice_ta_19071680.mp3	வீற்றிருந்தார் பலபேர் - வந்து	241bdb890336e245aa0eb04f7693dd6ff0f6522b90982366ec72f0e1077014a000971bf6237b80049f7ec647605cb358effade58b34d5ef092b775779cc351ad
common_voice_ta_19819841.mp3	உனைக்காணும் போதினிலே என்னு ளத்தில்	7af0af73a5aafbf36fe2fd60c2ecfcedc2a827936135851f1f079e45e0dfd76645e82cc687fe50bc69530160c8248b663f4ac65043dcaf936ca25fc0be2917a5
common_voice_ta_19634234.mp3	கதியில் உயர்ந்திட யாம்பெற்ற பேறு!	81189d7a62d4bd2291d38731fcf67817ad23ff7597198039d01cb0139c2b4028721b3204c50a0bf42feb3db4bd5727133e822da47d5d3b5846185b2082d6aa06
