{"data": [{"paragraphs": [{"context": "According to the Indian census of 2001, there were 30,803,747 speakers of Malayalam in Kerala, making up 93.2% of the total number of Malayalam speakers in India, and 96.7% of the total population of the state. There were a further 701,673 (2.1% of the total number) in Karnataka, 557,705 (1.7%) in Tamil Nadu and 406,358 (1.2%) in Maharashtra. The number of Malayalam speakers in Lakshadweep is 51,100, which is only 0.15% of the total number, but is as much as about 84% of the population of Lakshadweep. In all, Malayalis made up 3.22% of the total Indian population in 2001. Of the total 33,066,392 Malayalam speakers in India in 2001, 33,015,420 spoke the standard dialects, 19,643 spoke the Yerava dialect and 31,329 spoke non-standard regional variations like Eranadan. As per the 1991 census data, 28.85% of all Malayalam speakers in India spoke a second language and 19.64% of the total knew three or more languages.  Large numbers of Malayalis have settled in Bangalore, Mangalore, Delhi, Coimbatore, Hyderabad, Mumbai (Bombay), Ahmedabad, Pune, and Chennai (Madras). A large number of Malayalis have also emigrated to the Middle East, the United States, and Europe. Accessed November 22, 2014.</ref> including a large number of professionals. There were 7,093 Malayalam speakers in Australia in 2006. The 2001 Canadian census reported 7,070 people who listed Malayalam as their mother tongue, mostly in the Greater Toronto Area and Southern Ontario. In 2010, the Census of Population of Singapore reported that there were 26,348 Malayalees in Singapore. The 2006 New Zealand census reported 2,139 speakers. 134 Malayalam speaking households were reported in 1956 in Fiji. There is also a considerable Malayali population in the Persian Gulf regions, especially in Bahrain, Muscat, Doha, Dubai, Abu Dhabi, Kuwait and European region mainly in London.  World Malayalee Council, the organisation working with the Malayali diaspora across the Globe has embarked upon a project for making a data bank of the diaspora. CANNOTANSWER", "qas": [{"followup": "m", "yesno": "x", "question": "Where is Malayali located?", "answers": [{"text": "30,803,747 speakers of Malayalam in Kerala, making up 93.2% of the total number of Malayalam speakers in India,", "answer_start": 51}], "id": "C_69758fcdfc1f46baba0e92c0f3b0919c_1_q#0", "orig_answer": {"text": "30,803,747 speakers of Malayalam in Kerala, making up 93.2% of the total number of Malayalam speakers in India,", "answer_start": 51}}, {"followup": "n", "yesno": "x", "question": "What other languages are spoken there?", "answers": [{"text": "33,015,420 spoke the standard dialects, 19,643 spoke the Yerava dialect and 31,329 spoke non-standard regional variations like Eranadan.", "answer_start": 640}], "id": "C_69758fcdfc1f46baba0e92c0f3b0919c_1_q#1", "orig_answer": {"text": "33,015,420 spoke the standard dialects, 19,643 spoke the Yerava dialect and 31,329 spoke non-standard regional variations like Eranadan.", "answer_start": 640}}, {"followup": "n", "yesno": "x", "question": "What else is this place known for?", "answers": [{"text": "World Malayalee Council, the organisation working with the Malayali diaspora across the Globe has embarked upon a project for making a data bank of the diaspora.", "answer_start": 1862}], "id": "C_69758fcdfc1f46baba0e92c0f3b0919c_1_q#2", "orig_answer": {"text": "World Malayalee Council, the organisation working with the Malayali diaspora across the Globe has embarked upon a project for making a data bank of the diaspora.", "answer_start": 1862}}, {"followup": "n", "yesno": "x", "question": "Were they ever successful in doing this?", "answers": [{"text": "CANNOTANSWER", "answer_start": 2024}], "id": "C_69758fcdfc1f46baba0e92c0f3b0919c_1_q#3", "orig_answer": {"text": "CANNOTANSWER", "answer_start": 2024}}, {"followup": "n", "yesno": "x", "question": "Do they produce anything from here?", "answers": [{"text": "CANNOTANSWER", "answer_start": 2024}], "id": "C_69758fcdfc1f46baba0e92c0f3b0919c_1_q#4", "orig_answer": {"text": "CANNOTANSWER", "answer_start": 2024}}, {"followup": "n", "yesno": "y", "question": "Is this population still growing?", "answers": [{"text": "In 2010, the Census of Population of Singapore reported that there were 26,348 Malayalees in Singapore.", "answer_start": 1461}], "id": "C_69758fcdfc1f46baba0e92c0f3b0919c_1_q#5", "orig_answer": {"text": "In 2010, the Census of Population of Singapore reported that there were 26,348 Malayalees in Singapore.", "answer_start": 1461}}, {"followup": "n", "yesno": "x", "question": "Is the country thriving?", "answers": [{"text": "CANNOTANSWER", "answer_start": 2024}], "id": "C_69758fcdfc1f46baba0e92c0f3b0919c_1_q#6", "orig_answer": {"text": "CANNOTANSWER", "answer_start": 2024}}], "id": "C_69758fcdfc1f46baba0e92c0f3b0919c_1"}], "section_title": "Geographic distribution and population", "background": "The Malayali people or Keralite people (also spelt Malayalee, Malayalam script: mlyaalli and keerlliiy[?]) are an Indian ethnic group originating from the present-day state of Kerala, located in South India. They are identified as native speakers of the Malayalam language, which is classified as part of the Dravidian family of languages. As they primarily live in Kerala, the word Keralite is used as an alternative to Malayali. According to the Indian census of 2011, there are approximately 33 million Malayalis in Kerala, making up 96.7% of the total population of the state.", "title": "Malayali"}, {"paragraphs": [{"context": "Malayalam is the language spoken by the Malayalis. Malayalam is derived from old Tamil and Sanskrit in the 6th century. For cultural purposes Malayalam and Sanskrit formed a language known as Manipravalam, where both languages were used in an alternating style. Malayalam is the only among the major Dravidian languages without diglossia. This means, that the Malayalam which is spoken does not differ from the written variant. Malayalam is written using the Malayalam script.  Malayalam literature is ancient in origin. The oldest literature works in Malayalam, distinct from the Tamil tradition, is dated between the 9th century and 11th century. Malayalam literature includes the 14th century Niranam poets (Madhava Panikkar, Sankara Panikkar and Rama Panikkar), whose works mark the dawn of both modern Malayalam language and indigenous Keralite poetry. The Triumvirate of poets (Kavithrayam: Kumaran Asan, Vallathol Narayana Menon and Ulloor S. Parameswara Iyer) are recognized for moving Keralite poetry away from archaic sophistry and metaphysics and towards a more lyrical mode. In 19th century Chavara Kuriakose Elias, the founder of Carmelites of Mary Immaculate and Congregation of Mother of Carmel congregations, contribute different streams in the Malayalam Literature. All his works are written between 1829 and 1870. Chavara's contribution  to Malayalam literature includes, Chronicles, Poems - athmanuthapam (compunction of the soul), Maranaveettil Paduvanulla Pana (Poem to sing in the bereaved house) and Anasthasiayude Rakthasakshyam - and other Literary works . In the second half of the 20th century, Jnanpith awardees like G. Sankara Kurup, S. K. Pottekkatt, Thakazhi Sivasankara Pillai and M. T. Vasudevan Nair and non Jnanpith awardees like Vaikom Muhammad Basheer have made valuable contributions to the Malayalam literature.  Later, such Keralite writers as O. V. Vijayan, Kamaladas, M. Mukundan, and Booker Prize winner Arundhati Roy, whose 1996 semi-autobiographical bestseller The God of Small Things is set in the Kottayam town of Ayemenem, have gained international recognition.  Kerala remains a fascinating riddle for the Indian diaspora, especially the younger generations - World Malayali Council with its sister organisation, International Institute for Scientific and Academic Collaboration (IISAC) has come out with a comprehensive book on Kerala titled 'Introduction to Kerala Studies,' specially intended for the Malayali diaspora across the globe. J.V. Vilanilam, former Vice-Chancellor of the University of Kerala; Sunny Luke, medical scientist and former professor of Medical Biotechnology at Adelphi University, New York; and Antony Palackal, professor of Sociology at the Loyola College of Social Sciences in Thiruvananthapuram, have edited the book, besides making other contributions to it. CANNOTANSWER", "qas": [{"followup": "y", "yesno": "x", "question": "what language do they speak?", "answers": [{"text": "Malayalam is the language spoken by the Malayalis.", "answer_start": 0}], "id": "C_69758fcdfc1f46baba0e92c0f3b0919c_0_q#0", "orig_answer": {"text": "Malayalam is the language spoken by the Malayalis.", "answer_start": 0}}, {"followup": "y", "yesno": "x", "question": "Do they speak any other languages?", "answers": [{"text": "Malayalam is derived from old Tamil and Sanskrit in the 6th century.", "answer_start": 51}], "id": "C_69758fcdfc1f46baba0e92c0f3b0919c_0_q#1", "orig_answer": {"text": "Malayalam is derived from old Tamil and Sanskrit in the 6th century.", "answer_start": 51}}, {"followup": "y", "yesno": "x", "question": "any literary items of interest?", "answers": [{"text": "Malayalam literature is ancient in origin. The oldest literature works in Malayalam, distinct from the Tamil tradition,", "answer_start": 478}], "id": "C_69758fcdfc1f46baba0e92c0f3b0919c_0_q#2", "orig_answer": {"text": "Malayalam literature is ancient in origin. The oldest literature works in Malayalam, distinct from the Tamil tradition,", "answer_start": 478}}, {"followup": "y", "yesno": "x", "question": "How old is their literature?", "answers": [{"text": "The oldest literature works in Malayalam, distinct from the Tamil tradition, is dated between the 9th century and 11th century. Malayalam literature includes the 14th century Niranam poets (", "answer_start": 521}], "id": "C_69758fcdfc1f46baba0e92c0f3b0919c_0_q#3", "orig_answer": {"text": "The oldest literature works in Malayalam, distinct from the Tamil tradition, is dated between the 9th century and 11th century. Malayalam literature includes the 14th century Niranam poets (", "answer_start": 521}}, {"followup": "y", "yesno": "x", "question": "were any of the poets listed by name?", "answers": [{"text": "Madhava Panikkar, Sankara Panikkar and Rama Panikkar), whose works mark the dawn of both modern Malayalam language and indigenous Keralite poetry.", "answer_start": 711}], "id": "C_69758fcdfc1f46baba0e92c0f3b0919c_0_q#4", "orig_answer": {"text": "Madhava Panikkar, Sankara Panikkar and Rama Panikkar), whose works mark the dawn of both modern Malayalam language and indigenous Keralite poetry.", "answer_start": 711}}, {"followup": "y", "yesno": "x", "question": "anything else of interest?", "answers": [{"text": "All his works are written between 1829 and 1870. Chavara's contribution  to Malayalam literature includes, Chronicles, Poems - athmanuthapam (compunction of the soul),", "answer_start": 1283}], "id": "C_69758fcdfc1f46baba0e92c0f3b0919c_0_q#5", "orig_answer": {"text": "All his works are written between 1829 and 1870. Chavara's contribution  to Malayalam literature includes, Chronicles, Poems - athmanuthapam (compunction of the soul),", "answer_start": 1283}}, {"followup": "y", "yesno": "x", "question": "any more recent literary works from them?", "answers": [{"text": ". In the second half of the 20th century, Jnanpith awardees like G. Sankara Kurup, S. K. Pottekkatt, Thakazhi Sivasankara Pillai and M. T. Vasudevan Nair and non Jnanpith", "answer_start": 1580}], "id": "C_69758fcdfc1f46baba0e92c0f3b0919c_0_q#6", "orig_answer": {"text": ". In the second half of the 20th century, Jnanpith awardees like G. Sankara Kurup, S. K. Pottekkatt, Thakazhi Sivasankara Pillai and M. T. Vasudevan Nair and non Jnanpith", "answer_start": 1580}}], "id": "C_69758fcdfc1f46baba0e92c0f3b0919c_0"}], "section_title": "Language and literature", "background": "The Malayali people or Keralite people (also spelt Malayalee, Malayalam script: mlyaalli and keerlliiy[?]) are an Indian ethnic group originating from the present-day state of Kerala, located in South India. They are identified as native speakers of the Malayalam language, which is classified as part of the Dravidian family of languages. As they primarily live in Kerala, the word Keralite is used as an alternative to Malayali. According to the Indian census of 2011, there are approximately 33 million Malayalis in Kerala, making up 96.7% of the total population of the state.", "title": "Malayali"}, {"paragraphs": [{"context": "After the audition process and several guest vocalists on demos, the then 19-year-old Cove Reber was announced as their new permanent lead singer. Reber had sent in his demo tape, which was an acoustic demo with \"Mookie's Last Christmas\". The demo has since leaked onto the internet. It is widely speculated to have included a few songs from Translating the Name. When Beau Burchell first heard the demo, he thought it was Anthony playing a trick on them, as Reber's vocal stylings were very similar to those of Green's when the demo was originally recorded.  In an interview with PlayPro.com, Reber commented that \"everyone I've played with wants to make music their lives...Saosin is a band on a completely different level. All these dudes are freaks about music.\"  Reber's addition to the band was difficult, for the more experienced Green was the center piece of the band in the eyes of Saosin's fans. Many fans consider the time with Green to be something entirely different from the time with Reber. There are still distinct fans of both eras (Green Era/Reber Era) debating on which is a better fit for the band as a whole.  Saosin played the Taste of Chaos tour the following winter. Saosin was signed to Capitol Records in March and toured the United States with the Warped Tour for the second time. That summer, they released the Saosin EP. At first it was intended to be a free sampler, but Capitol Records would not allow this and released it as an EP. It contained demo versions of songs later recorded on their first full-length album. A video to their new single \"Bury Your Head\" was filmed during the tour. The band continued touring for the rest of 2005, opening for Avenged Sevenfold and Coheed and Cambria. CANNOTANSWER", "qas": [{"followup": "y", "yesno": "x", "question": "What do we know about Cove Reber?", "answers": [{"text": "19-year-old Cove Reber was announced as their new permanent lead singer.", "answer_start": 74}], "id": "C_de8ea5cde2934ac2899df443ca40d105_0_q#0", "orig_answer": {"text": "19-year-old Cove Reber was announced as their new permanent lead singer.", "answer_start": 74}}, {"followup": "y", "yesno": "x", "question": "How did he get in?", "answers": [{"text": "Reber had sent in his demo tape,", "answer_start": 147}], "id": "C_de8ea5cde2934ac2899df443ca40d105_0_q#1", "orig_answer": {"text": "Reber had sent in his demo tape,", "answer_start": 147}}, {"followup": "y", "yesno": "x", "question": "What was the first thing they did together with him in band?", "answers": [{"text": "Saosin played the Taste of Chaos tour the following winter. Saosin was signed to Capitol Records in March and toured the United States with the Warped Tour", "answer_start": 1131}], "id": "C_de8ea5cde2934ac2899df443ca40d105_0_q#2", "orig_answer": {"text": "Saosin played the Taste of Chaos tour the following winter. Saosin was signed to Capitol Records in March and toured the United States with the Warped Tour", "answer_start": 1131}}, {"followup": "y", "yesno": "x", "question": "What happened after that?", "answers": [{"text": "That summer, they released the Saosin EP.", "answer_start": 1308}], "id": "C_de8ea5cde2934ac2899df443ca40d105_0_q#3", "orig_answer": {"text": "That summer, they released the Saosin EP.", "answer_start": 1308}}, {"followup": "n", "yesno": "x", "question": "What was a single they released?", "answers": [{"text": "\"Bury Your Head\"", "answer_start": 1577}], "id": "C_de8ea5cde2934ac2899df443ca40d105_0_q#4", "orig_answer": {"text": "\"Bury Your Head\"", "answer_start": 1577}}, {"followup": "n", "yesno": "x", "question": "Did they tour again?", "answers": [{"text": "The band continued touring for the rest of 2005, opening for Avenged Sevenfold and Coheed and Cambria.", "answer_start": 1622}], "id": "C_de8ea5cde2934ac2899df443ca40d105_0_q#5", "orig_answer": {"text": "The band continued touring for the rest of 2005, opening for Avenged Sevenfold and Coheed and Cambria.", "answer_start": 1622}}, {"followup": "n", "yesno": "x", "question": "What record label were they signed to?", "answers": [{"text": "Capitol Records", "answer_start": 1212}], "id": "C_de8ea5cde2934ac2899df443ca40d105_0_q#6", "orig_answer": {"text": "Capitol Records", "answer_start": 1212}}], "id": "C_de8ea5cde2934ac2899df443ca40d105_0"}], "section_title": "Arrival of Cove Reber and Saosin EP (2004-2006)", "background": "Saosin is an American post-hardcore band from Orange County, California, United States. The band was formed in 2003 and recorded its first EP, Translating the Name, that same year original vocalist Anthony Green left Saosin due to personal reasons. In 2004, Cove Reber replaced Green as vocalist after auditioning for the role. The group recorded its self titled debut album which was released on Capitol Records on September 26, 2006.", "title": "Saosin"}, {"paragraphs": [{"context": "The original lineup for Saosin, consisting of Burchell, Shekoski, Kennedy and Green, was formed in the summer of 2003. On June 17, the band released their first commercial production, the EP Translating the Name. It was an immediate success and was immensely popular on online forums and music sites. Saosin first became popular through promotion and exposure through the Internet. They became known for their distinct musical styles long before their first studio-length album was released, and were popularized on social networking and music sites such as MySpace. The E.P. has sold an estimated 62,000 copies.  Bassist Zach Kennedy left the band early on, as he wanted to pursue a career in art. He was later replaced by Chris Sorenson. A local Southern Califonian drummer by the name of Pat Magrath,  was hired only for the recording for the EP, according to Burchell. The band was impressed with his drumming skills however, and he later appeared as a guest performing Lost Symphonies live with the band. Alex Rodriguez was unable to record Translating the Name as he had promised his band at the time Open Hand he would finish recording with them. Danny King filled in for live drums with the band before Rodriguez completed his responsibilities with Open Hand and joined Saosin full-time after the EP release. Saosin went on a U.S. tour with bands Boys Night Out and Anatomy of a Ghost shortly after the release of Translating the Name.  In February 2004, the band's vocalist Anthony Green left Saosin and later formed the band Circa Survive. Green was homesick, depressed and said he was missing his family. Green was also disenchanted with the direction of Saosin and disliked that the band excluded him from the writing process. The band finished their Warped Tour obligations with Story of the Year's Philip Sneed taking the mic. A public, nationwide audition then took place. CANNOTANSWER", "qas": [{"followup": "y", "yesno": "x", "question": "Who formed Saosin?", "answers": [{"text": "original lineup for Saosin, consisting of Burchell, Shekoski, Kennedy and Green,", "answer_start": 4}], "id": "C_de8ea5cde2934ac2899df443ca40d105_1_q#0", "orig_answer": {"text": "original lineup for Saosin, consisting of Burchell, Shekoski, Kennedy and Green,", "answer_start": 4}}, {"followup": "y", "yesno": "x", "question": "When was the band founded?", "answers": [{"text": "formed in the summer of 2003.", "answer_start": 89}], "id": "C_de8ea5cde2934ac2899df443ca40d105_1_q#1", "orig_answer": {"text": "formed in the summer of 2003.", "answer_start": 89}}, {"followup": "y", "yesno": "x", "question": "What was their first album?", "answers": [{"text": "first commercial production, the EP Translating the Name.", "answer_start": 155}], "id": "C_de8ea5cde2934ac2899df443ca40d105_1_q#2", "orig_answer": {"text": "first commercial production, the EP Translating the Name.", "answer_start": 155}}, {"followup": "y", "yesno": "x", "question": "Where was the album released?", "answers": [{"text": "on online forums and music sites.", "answer_start": 267}], "id": "C_de8ea5cde2934ac2899df443ca40d105_1_q#3", "orig_answer": {"text": "on online forums and music sites.", "answer_start": 267}}, {"followup": "y", "yesno": "x", "question": "How did the album do?", "answers": [{"text": "It was an immediate success and was immensely popular on online forums and music sites.", "answer_start": 213}], "id": "C_de8ea5cde2934ac2899df443ca40d105_1_q#4", "orig_answer": {"text": "It was an immediate success and was immensely popular on online forums and music sites.", "answer_start": 213}}, {"followup": "y", "yesno": "x", "question": "Did anyone leave the band?", "answers": [{"text": "Bassist Zach Kennedy left the band early on,", "answer_start": 614}], "id": "C_de8ea5cde2934ac2899df443ca40d105_1_q#5", "orig_answer": {"text": "Bassist Zach Kennedy left the band early on,", "answer_start": 614}}, {"followup": "m", "yesno": "x", "question": "Why did he leave?", "answers": [{"text": "he wanted to pursue a career in art.", "answer_start": 662}], "id": "C_de8ea5cde2934ac2899df443ca40d105_1_q#6", "orig_answer": {"text": "he wanted to pursue a career in art.", "answer_start": 662}}, {"followup": "y", "yesno": "x", "question": "Did anyone else leave?", "answers": [{"text": "In February 2004, the band's vocalist Anthony Green left Saosin", "answer_start": 1445}], "id": "C_de8ea5cde2934ac2899df443ca40d105_1_q#7", "orig_answer": {"text": "In February 2004, the band's vocalist Anthony Green left Saosin", "answer_start": 1445}}, {"followup": "y", "yesno": "x", "question": "Did anyone join them during this time?", "answers": [{"text": "Chris Sorenson.", "answer_start": 724}], "id": "C_de8ea5cde2934ac2899df443ca40d105_1_q#8", "orig_answer": {"text": "Chris Sorenson.", "answer_start": 724}}, {"followup": "y", "yesno": "x", "question": "Did anyone else join?", "answers": [{"text": "local Southern Califonian drummer by the name of Pat Magrath,  was hired", "answer_start": 742}], "id": "C_de8ea5cde2934ac2899df443ca40d105_1_q#9", "orig_answer": {"text": "local Southern Califonian drummer by the name of Pat Magrath,  was hired", "answer_start": 742}}], "id": "C_de8ea5cde2934ac2899df443ca40d105_1"}], "section_title": "Formation and Translating the Name (2003-2004)", "background": "Saosin is an American post-hardcore band from Orange County, California, United States. The band was formed in 2003 and recorded its first EP, Translating the Name, that same year original vocalist Anthony Green left Saosin due to personal reasons. In 2004, Cove Reber replaced Green as vocalist after auditioning for the role. The group recorded its self titled debut album which was released on Capitol Records on September 26, 2006.", "title": "Saosin"}, {"paragraphs": [{"context": "In 1996, Coolio appeared on the Red Hot Organization's compilation CD America is Dying Slowly, alongside Biz Markie, Wu-Tang Clan, and Fat Joe, among many other prominent hip-hop artists. The CD, meant to raise awareness of the AIDS epidemic among African American men, was heralded as \"a masterpiece\" by The Source magazine. That same year, he recorded the theme song and appeared in the opening sequence of the Nickelodeon TV series Kenan & Kel which ran for four seasons.  After the success of Gangsta's Paradise, Coolio's next album was expected to be another hit. His third solo album titled My Soul, came out in 1997. Although it contained the major hit \"C U When U Get There\" and the album went platinum, it failed to reach the success of his previous two albums. Coolio was dropped from Tommy Boy Records and his albums since then, 2001's Coolio.com, 2003's El Cool Magnifico, 2006's The Return of the Gangsta, and 2008's Steal Hear, have not charted on any Billboard chart. He did have a minor hit in the UK in 2006 with \"Gangsta Walk\" (featuring Snoop Dogg), which peaked at #67 on the UK pop chart.  While touring with hip hop duo Insane Clown Posse, Coolio received a tattoo as a homage to the group's fanbase, reading \"Jugalo Cool\" [sic]. He stated that the misspelling was intentional. Coolio has performed at the Gathering of the Juggalos.  Coolio was featured on an international collaboration track called 'Fuck the DJ' by UK rapper Blacklisted MC also featuring Bizarre of D12, Adil Omar (from Pakistan) and Uzimon (from Bermuda) the song was premiered on music website Noisey from Vice in October 2014. CANNOTANSWER", "qas": [{"followup": "m", "yesno": "x", "question": "How was he associated to Tommy Boy?", "answers": [{"text": "Coolio was dropped from Tommy Boy Records", "answer_start": 771}], "id": "C_801cea2613fb426c9e166d86426e2ac8_0_q#0", "orig_answer": {"text": "Coolio was dropped from Tommy Boy Records", "answer_start": 771}}, {"followup": "m", "yesno": "x", "question": "Why was he dropped from Tommy Boy Records?", "answers": [{"text": "it failed to reach the success of his previous two albums.", "answer_start": 712}], "id": "C_801cea2613fb426c9e166d86426e2ac8_0_q#1", "orig_answer": {"text": "it failed to reach the success of his previous two albums.", "answer_start": 712}}, {"followup": "m", "yesno": "x", "question": "How was he associated with Red Hot Organization?", "answers": [{"text": "Coolio appeared on the Red Hot Organization's compilation CD America is Dying Slowly,", "answer_start": 9}], "id": "C_801cea2613fb426c9e166d86426e2ac8_0_q#2", "orig_answer": {"text": "Coolio appeared on the Red Hot Organization's compilation CD America is Dying Slowly,", "answer_start": 9}}, {"followup": "m", "yesno": "x", "question": "What year did he appear on Red Hot Organization?", "answers": [{"text": "In 1996,", "answer_start": 0}], "id": "C_801cea2613fb426c9e166d86426e2ac8_0_q#3", "orig_answer": {"text": "In 1996,", "answer_start": 0}}, {"followup": "m", "yesno": "x", "question": "Why did he join Red Hot Organization ?", "answers": [{"text": "The CD, meant to raise awareness of the AIDS epidemic among African American men, was heralded as \"a masterpiece\" by The Source magazine.", "answer_start": 188}], "id": "C_801cea2613fb426c9e166d86426e2ac8_0_q#4", "orig_answer": {"text": "The CD, meant to raise awareness of the AIDS epidemic among African American men, was heralded as \"a masterpiece\" by The Source magazine.", "answer_start": 188}}, {"followup": "m", "yesno": "x", "question": "Who did he join after leaving Red Hot Organization and Tommy Boy Record?", "answers": [{"text": "since then, 2001's Coolio.com, 2003's El Cool Magnifico, 2006's The Return of the Gangsta, and 2008's Steal Hear, have not charted on any Billboard chart.", "answer_start": 828}], "id": "C_801cea2613fb426c9e166d86426e2ac8_0_q#5", "orig_answer": {"text": "since then, 2001's Coolio.com, 2003's El Cool Magnifico, 2006's The Return of the Gangsta, and 2008's Steal Hear, have not charted on any Billboard chart.", "answer_start": 828}}, {"followup": "m", "yesno": "y", "question": "Did he make any other sound tracks?", "answers": [{"text": "2001's Coolio.com, 2003's El Cool Magnifico, 2006's The Return of the Gangsta, and 2008's Steal Hear,", "answer_start": 840}], "id": "C_801cea2613fb426c9e166d86426e2ac8_0_q#6", "orig_answer": {"text": "2001's Coolio.com, 2003's El Cool Magnifico, 2006's The Return of the Gangsta, and 2008's Steal Hear,", "answer_start": 840}}, {"followup": "m", "yesno": "x", "question": "Was there anyone else who features in the music?", "answers": [{"text": "CANNOTANSWER", "answer_start": 1622}], "id": "C_801cea2613fb426c9e166d86426e2ac8_0_q#7", "orig_answer": {"text": "CANNOTANSWER", "answer_start": 1622}}], "id": "C_801cea2613fb426c9e166d86426e2ac8_0"}], "section_title": "Red Hot Organization and Tommy Boy Records dismissal", "background": "Artis Leon Ivey Jr. (born August 1, 1963), known professionally as Coolio, is an American rapper, actor, chef, and record producer. Coolio achieved mainstream success in the mid-to-late 1990s with his albums It Takes a Thief (1994), Gangsta's Paradise (1995), and My Soul (1997). He is best known for his 1995 Grammy Award-winning hit single \"Gangsta's Paradise\", as well as other singles \"Fantastic Voyage\" (1994), \"1, 2, 3, 4 (Sumpin' New)\" (1996) and \"C U", "title": "Coolio"}]}