path	translation	split
common_voice_ru_19793729.mp3	The success of our endeavours is inextricably linked with the mobilization financial and human resources.	train
common_voice_ru_19793731.mp3	Let’s have a drink to celebrate the deal.	train
common_voice_ru_20177325.mp3	Our second observation relates to the high effectiveness of the Peacebuilding Fund.	dev
common_voice_ru_20177326.mp3	A high-level meeting on desertification was held in September for the first time in history.	dev
common_voice_ru_19468869.mp3	If there is no objection, I will consider the Assembly to be in agreement with this motion.	test
common_voice_ru_20212439.mp3	We will now take a decision on this draft resolution.	test
