<?xml version="1.0" encoding="UTF-8"?>
    <TechreenData>
    <Techreen>
    <ID>SBN_ARB_0000001</ID>
    <URL>http://www.sabanews.net/ar/news200024.htm</URL>
    <Headline>الكونجرس الأمريكي يطالب المجتمع الدولي دعم اليمن لمواجهة التحديات القائمة</Headline>
    <Dateline>08/ديسمبر/2009</Dateline>
    <Text>08/ديسمبر/2009] واشنطن ـ سبأنت: طالب الكونجرس الأمريكي الإدارة الأمريكية والمجتمع الدولي تقديم الدعم والمساعدة لليمن بما يمكنه من مواجهة التحديات القائمة وتعزيز مسيرته التنموية . و دعا مجلس الشيوخ الأمريكي في قرار أصدره مؤخرا و صوت عليه أغلبية أعضائه, الرئيس الأمريكي باراك أوباما إلى دعم التنمية و الإصلاحات في اليمن.. مشددا على أهمية عدم تجاهل التحديات التي تواجهها اليمن في الآونة الأخيرة. ونبه مجلس الشيوخ الأمريكي في هذا الصدد إلى التهديدات الخطيرة التي يتعرض لها الأمن القومي الأمريكي واليمن ودول المنطقة بسبب ظاهرة الإرهاب وزعزعة الاستقرار في اليمن. وأكد وقوفه إلى جانب أمن و سلامة المواطنين اليمنيين المتضررين جراء المواجهات القائمة بما في ذلك النازحين من المدنيين الأبرياء الذين عانوا جراء الأحداث المزعزعة للاستقرار والعمليات الإرهابية. ودعا المجلس الإدارة الأمريكية و المجتمع الدولي مساعدة اليمن بكل السبل المتاحة لتعزيز قدراته في مواجهة الإرهاب والحيلولة دون تدهور أوضاعه الأمنية والحفاظ على استقراره. في حين شدد السيناتور الديمقراطي بنجامين كاردان الذي تبنى القرار مع السيناتور الجمهوري ريتشارد لوجار ان "على الولايات المتحدة والمجتمع الدولي و اليمنيين خصوصا أن يعملوا معا لمجابهة التحديات القائمة". سبأ</Text>
    </Techreen>
    </Techreen>