id	sentence1	sentence2	label
1	Im Oktober 1560 traf er sich in Paris heimlich mit dem englischen Botschafter Nicolas Throckmorton und bat ihn um einen Pass, um durch Schottland nach England zurückzukehren.	Im Oktober 1560 traf er sich heimlich mit dem englischen Botschafter Nicolas Throckmorton in Paris und bat ihn um einen Pass, um durch England nach Schottland zurückzukehren.	0
2	Die NBA-Saison 1975 - 76 war die 30. Saison der National Basketball Association.	Die Saison 1975 - 76 der National Basketball Association war die 30. Saison der NBA.	1
3	Es gibt auch spezifische Diskussionen, öffentliche Profildiskussionen und Projektdiskussionen.	Es gibt auch öffentliche Diskussionen, profilspezifische Diskussionen und Projektbesprechungen.	0
4	Wenn vergleichbare Flussraten aufrechterhalten werden können, sind die Ergebnisse hoch.	Die Ergebnisse sind hoch, wenn vergleichbare Flussraten aufrechterhalten werden können.	1
5	Es ist der Sitz des Bezirks Zerendi in der Region Akmola.	Es ist der Sitz des Bezirks Zerendi in der Region Akmola.	1
6	William Henry Henry Harman wurde am 17. Februar 1828 in Waynesboro, Virginia, geboren, wo seine Eltern Lewis und Sally (Garber) Harman waren.	William Henry Harman wurde am 17. Februar 1828 in Waynesboro, Virginia geboren. Seine Eltern waren Lewis und Sally (Garber) Harman.	1
7	Bullion Express - Konzept wird in Dallas, Texas, im neuen Preston Center eröffnet.	2011 wird das DGSE Bullion Express-Konzept eingeführt und ein neuer Laden in Preston Center in Dallas, Texas, eröffnet	0
8	Bei einer diskreten Anzahl von Wahrscheinlichkeiten der Formel 1 mit den Bedingungsformeln 2 und 3 jeder beliebigen Zahl wird der Tsallis als Entropie definiert	In Anbetracht einer diskreten Menge von Wahrscheinlichkeiten formel _ 1 mit der Bedingungsformel _ 2 und Formel _ 3 einer beliebigen reellen Zahl wird die Tsallis-Entropie als definiert	1
9	Die Sowjetunion unterhielt eine Botschaft in Oslo und ein Konsulat in Barentsburg, während Norwegen eine Botschaft in Moskau unterhielt.	Die Sowjetunion unterhielt eine Botschaft in Moskau und ein Konsulat in Barentsburg, während Norwegen eine Botschaft in Oslo unterhielt.	0
10	Der Wortschatz reiste sogar nach Brasilien, indem er portugiesische Siedler mit einigen Siedlern aus Macanese und China zurückließ.	Der Wortschatz reiste sogar nach Brasilien, indem er Siedler aus Macanese und China bei einigen portugiesischen Siedlern hinterließ.	0
11	Kabir Suman nahm zwischen 1992 und 1999 mehrere Alben unter dem Namen Suman Chattopaddhyay oder Suman Chatterjee auf.	Suman Chatterjee nahm zwischen 1992 und 1999 unter dem Namen Suman Chattopaddhyay oder Kabir Suman eine Reihe von Alben auf.	0
12	Er war Wissenschaftler in Metaphysischer Literatur, Theologie und Klassik.	Er war Gelehrter in metaphysischer Literatur, Theologie und klassischer Wissenschaft.	1
13	Die Stadt liegt am Zusammenfluss des Snake River mit dem großen Weiser River, der die Grenze zu Oregon markiert.	Die Stadt liegt am Zusammenfluss von Snake River und Great Weiser River, der die Grenze zu Oregon markiert.	1
14	Er wurde von seinem Großvater Nick Dakin ausgebildet und wird jetzt von Geoff Barraclough trainiert.	Er wurde von seinem Großvater Geoff Barraclough trainiert und wird nun von Nick Dakin trainiert.	0
15	Die österreichische Schule geht davon aus, dass die subjektive Entscheidung des Einzelnen, einschließlich des individuellen Wissens, der Zeit, der Erwartungen und anderer subjektiver Faktoren, alle wirtschaftlichen Phänomene verursacht.	Die österreichische Schule geht davon aus, dass die subjektive Entscheidung des Einzelnen, einschließlich des subjektiven Wissens, der Zeit, der Erwartung und anderer individueller Faktoren, alle wirtschaftlichen Phänomene verursacht.	0
16	Werder's Truppen investierten Belfort und erreichten die Stadt am 3. November.	Werder's Truppen investierten Belfort und erreichten die Stadt am 3. November.	1
17	Die kBox ermöglicht sowohl isometrische und konzentrische Kontraktionen als auch exzentrisches Training.	Die kBox ermöglicht exzentrische sowie konzentrische Kontraktionen und isometrisches Training.	0
18	Die ersten fünf Waffen wurden in der ersten Hälfte des Jahres 1916 ausgeliefert. Bis zum Ende des Krieges wurden 57 Fässer und 56 Autos fertiggestellt.	Die ersten fünf Waffen wurden in der ersten Hälfte des Jahres 1916 geliefert. Bis Kriegsende waren 57 Fässer und 56 Wagen fertiggestellt.	1
19	Elizabeth II. War ein Vorfahre von Queens Edzard II und Beatrix der Niederlande.	Edzard II. War ein Vorfahr der Königinnen Elizabeth II. Und der Beatrix der Niederlande.	0
20	Die Freundschaft zwischen ihm und Duncan endete 1951 bei einem Clubtreffen, als die beiden bei einem Jahrestreffen nicht übereinstimmten. Duncan berichtete, Greaves sagte:	Die Freundschaft zwischen ihm und Duncan endete 1951 bei einem Clubtreffen, als sich die beiden bei einem jährlichen Treffen nicht einig waren, und Duncan berichtete, dass Greaves sagte:	1
21	Pluto wurde als der Planet klassifiziert, als die Grand Tour vorgeschlagen wurde und zu der Zeit "New Horizons" gestartet wurde.	Hinweis: Pluto wurde als Planet klassifiziert, als die Grand Tour ins Leben gerufen wurde und zu der Zeit "New Horizons" vorgeschlagen wurde.	0
22	Der Quarterback Jameis Winston und der Verteidiger P. J. Williams wurden für ihre Leistungen im Spiel als die wertvollsten Spieler des Spiels bezeichnet.	Der Quarterback P. J. Williams und Defensive Back Jameis Winston wurden für ihre Leistungen im Spiel als die wertvollsten Spieler des Spiels bezeichnet.	0
23	Shaffer Creek ist ein Nebenfluss des Raystown Branch Juniata River (Brush Creek) im Bedford County, Pennsylvania, USA.	Shaffer Creek ist ein Nebenfluss des Brush Creek (Raystown Branch Juniata River) im Bedford County im US-Bundesstaat Pennsylvania.	1
24	Kevin Spacey (Henry Drummond) und David Troughton (Matthew Harrison Brady) spielten 2009 in The Old Vic in London eine Neuauflage.	Kevin Spacey (Henry Drummond) und David Troughton (Matthew Harrison Brady) spielten 2009 im Old Vic London.	0
25	Briggs traf Briggs später auf dem Monterey Pop Festival 1967, wo Ravi Shankar mit Eric Burdon und The Animals auftrat.	Briggs traf Briggs später beim Monterey Pop Festival von 1967, wo Ravi Shankar auch mit Eric Burdon und The Animals auftrat.	1
26	Laura Myntti wurde in Salt Lake City geboren und lebte in Sioux City, Iowa und San Diego, bevor sie sich 1968 in Minnesota niederließ.	Laura Myntti wurde in Minnesota geboren und lebte in Sioux City, Iowa und San Diego, bevor sie sich 1968 in Salt Lake City niederließ.	0
27	Die weibliche Hauptrolle spielte Cortez in "Ali Baba und die heilige Krone" unter der Regie von Erminio Salvi.	Cortez spielte die weibliche Hauptrolle in "Ali Baba und die heilige Krone" unter der Regie von Erminio Salvi.	1
28	Sie arbeitete und lebte in Stuttgart, Berlin (Deutschland) und in Wien (Österreich).	Sie arbeitete und lebte in Deutschland (Stuttgart, Berlin) und in Wien (Österreich).	1
29	Aksuat Dendropark (russisch: Akshout Dendroparks) ist ein Naturdenkmal (Schutzgebiete des Gebiets Uljanowsk)	Aksuat Dendropark (russisch: Akshout Dendroparks) ist ein Naturdenkmal (geschützte Gebiete im Gebiet Uljanowsk)	1
30	Der Little Jocko River fließt über den Saint Lawrence River und den Ottawa River zum Jocko River.	Der Little Jocko River fließt über den Saint Lawrence River und den Ottawa River zum Jocko River.	1
31	Im Jahr 1951 starb er und ging 1956 in den Ruhestand.	Er starb 1951 und trat 1956 in den Ruhestand.	1
32	WORHP, auch als eNLP (European NLP Solver) bezeichnet, ist eine mathematische Softwarebibliothek zur numerischen Lösung von kontinuierlichen, nichtlinearen Optimierungsproblemen im großen Maßstab.	WORHP, von ESA auch als eNLP (European NLP Solver) bezeichnet, ist eine mathematische Softwarebibliothek zum numerischen Lösen kontinuierlicher nichtlinearer Optimierungsprobleme im großen Maßstab.	1
33	Am 17. Januar 2000 gab es Berichte, dass die RSS und einige BJP-Hardliner drohten, die Partei neu zu starten.	Am 17. Januar 2000 gab es Berichte, dass die BJP und einige RSS-Hardliner drohten, die Partei neu zu starten.	0
34	Die Blätter sind im Allgemeinen 1,5 bis 4 mm lang und 0,2 bis 0,7 mm breit.	Die Blätter sind normalerweise 1,5 bis 4 mm lang und 0,2 bis 0,7 mm breit.	1
35	BA verlegte die ehemaligen BCal-Strecken nach Heathrow nach Tokio und Saudi-Arabien.	BA verlegte die ehemaligen BCal-Strecken nach Tokio und Saudi-Arabien nach Heathrow.	0
36	Neben Michael Boddicker und Patrick Moraz enthält das Album auch Musikbeiträge von Diana Hubbard, John Goodsall, Chick Corea und Stanley Clarke.	Neben Diana Hubbard enthält das Album auch musikalische Beiträge von Chick Corea, Stanley Clarke, John Goodsall, Michael Boddicker und Patrick Moraz.	0
37	Diese entsprechen geografisch den traditionellen Bezirken Glasgow District, South, Edinburgh District sowie North und Midlands.	Diese entsprechen in etwa den traditionellen Bezirken Glasgow District, South, Edinburgh District sowie North und Midlands.	1
38	Quintus Metellus war der zweite Sohn des römischen Politiker und General Lucius Metellus Krone.	Quintus Metellus war der zweite Sohn des römischen Politiker, General Lucius Metellus Krone.	1
39	Er wird von Andre Rozier trainiert und teilt sich ein Fitnessstudio mit dem ehemaligen Weltmeister Daniel Jacobs.	Er wird von Daniel Jacobs trainiert und teilt sich ein Fitnessstudio mit dem ehemaligen Weltmeister Andre Rozier.	0
40	Hier betrachten wir Pseudo-Differential-Operatoren als Verallgemeinerung von Differential-Operatoren.	Wir betrachten Pseudo-Differentialoperatoren hier als Verallgemeinerung von Differentialoperatoren.	1
41	Obwohl es überwältigende soziale Auswirkungen gibt, scheint es auch regionale Finanzmuster zu geben, die diesen Trend fortsetzen können.	Obwohl es regionale finanzielle Auswirkungen gibt, scheint es auch überwältigende soziale Muster zu geben, die diesen Trend fortsetzen.	0
42	Das Museumsgebäude behält seinen europäischen Stil der orientalisch-modernen Architektur durch die stehenden Ziegelsteine ​​an der Südostecke des Gebäudes und das klassische Erscheinungsbild des Foyers.	Das Museumsgebäude behält seinen klassischen Stil der orientalisch-modernen Architektur durch die stehenden Ziegelsteine ​​an der Südostecke des Gebäudes und das europäische Image des Foyers.	0
43	Basierend auf der Stadt Baltimore, die nur erwähnt wurde und nie in der Show besucht wurde.	Basierend auf der Stadt Baltimore, die nur erwähnt wurde, hat sie noch nie in der Show besucht.	1
44	Debbie Downer ist der Name einer fiktiven "Saturday Night Live" - ​​Figur, die 2004 debütiert und von Rachel Dratch porträtiert wurde.	Debbie Downer ist der Name einer fiktiven "Saturday Night Live" - ​​Figur, die 2004 debütierte und von Rachel Dratch porträtiert wurde.	1
45	Taieri ist ein ehemaliges Parlamentswahlen in der Region Otago in Neuseeland von 1866 bis 1911.	Taieri ist ein ehemaliges Wahlvolk in der neuseeländischen Region Otago von 1866 bis 1911.	1
46	Diese Arbeit veranlasste ihn, wichtige Überlegungen zu den Praktiken der molekularen Genetik und Genomik in einer Zeit auszulösen, in der dies nicht als ethisch angesehen wurde.	Diese Arbeit veranlasste ihn zu ethischen Reflexionen über die Praktiken der molekularen Genetik und Genomik zu einer Zeit, zu der dies nicht als wichtig erachtet wurde.	0
47	Brockton liegt etwa 25 Meilen nordöstlich von Providence, Rhode Island und 30 Meilen südlich von Boston.	Brockton liegt etwa 25 Meilen nordöstlich von Providence, Rhode Island und 30 Meilen südlich von Boston.	1
48	Seb Janiak ist ein französischer Fotograf und Videoregisseur polnischer Herkunft.	Seb Janiak ist der französische Fotograf und Videodirektor polnischer Herkunft.	1
49	Die Sängerin Angélique Kidjo und der Schauspieler Djimon Hounsou wurden in Cotonou, Benin, geboren.	Sänger Djimon Hounsou und der Schauspieler Angélique Kidjo wurden in Cotonou in Benin geboren.	0