<?xml version="1.0" encoding="UTF-8"?>
<mteval>
<refset setid="iwslt2017-tst2014" srclang="arabic" trglang="english" refid="ref">
<doc docid="1898" genre="lectures">
<url>http://www.ted.com/talks/maysoon_zayid_i_got_99_problems_palsy_is_just_one</url> 
<description>TED Talk Subtitles and Transcript: "I have cerebral palsy. I shake all the time," Maysoon Zayid announces at the beginning of this exhilarating, hilarious talk.  "I'm like Shakira meets Muhammad Ali." With grace and wit, the Arab-American comedian takes us on a whistle-stop tour of her adventures as an actress, stand-up comic, philanthropist and advocate for the disabled.</description> 
<keywords>talks, comedy, entertainment, humor, women</keywords> 
<talkid>1898</talkid> 
<title>Maysoon Zayid: I got 99 problems ... palsy is just one</title> 
<reviewer></reviewer> 
<translator></translator> 
<seg id="1"> Hello, TEDWomen, what's up.    </seg>
<seg id="2">   Not good enough.    </seg>
<seg id="3"> Hello, TEDWomen, what is up?    </seg>
<seg id="4">   My name is Maysoon Zayid,  and I am not drunk,  but the doctor who delivered me was.    </seg>
<seg id="5"> He cut my mom six different times  in six different directions,  suffocating poor little me in the process.    </seg>
