<?xml version="1.0" encoding="UTF-8"?>
<mteval>
<srcset setid="iwslt2017-tst2014" srclang="arabic">
<doc docid="1898" genre="lectures">
 <url>http://www.ted.com/talks/maysoon_zayid_i_got_99_problems_palsy_is_just_one</url>
 <description>TED Talk Subtitles and Transcript: "لدي شلل دماغي، أنا أرتعش طوال الوقت" تعلن ميسون زايد في بداية حديثها الشيق والمضحك  "أنا شاكيرا حين تقابل محمد علي". وبكل أريحية و طرافة تأخذنا الممثلة العربية الأمريكية في رحلة عبر مغامرتها كممثلة وكوميدية وفاعلة خيرية ومدافعة عن ذوي الاحتياجات الخاصة.</description>
 <keywords>talks, comedy, entertainment, humor, women</keywords>
 <talkid>1898</talkid>
 <title>ميسون زايد: لدي 99 مشكلا... الشلل الدماغي واحد منها فقط</title>
 <reviewer href="http://www.ted.com/profiles/2336361">Areej AbuMallouh</reviewer>
 <translator href="http://www.ted.com/profiles/645049">Lalla Khadija Tigha</translator>
<seg id="1">  مرحبا TEDWomen كيف حالكم؟  </seg>
<seg id="2">   هذا ليس كافيا.  </seg>
<seg id="3">  مرحبا TEDWomen كيف حالكم؟  </seg>
<seg id="4">   إسمي ميسون زايد، لست ثملة، لكن الطبيب الذي ساعد على ولادتي كان ثملا.  </seg>
<seg id="5">  فقد قام بشقّ أمي 6 مرات مختلفة في 6 اتجاهات مختلفة، ما نسبب في خنقي أنا المسكينة حين القيام بذلك.  </seg>
