{"version":"1","data":[{"text":"NEW DELHI, India (CNN) -- A high court in northern India on Friday acquitted a wealthy businessman facing the death sentence for the killing of a teen in a case dubbed \"the house of horrors.\"\n\n\n\nMoninder Singh Pandher was sentenced to death by a lower court in February.\n\n\n\nThe teen was one of 19 victims -- children and young women -- in one of the most gruesome serial killings in India in recent years.\n\n\n\nThe Allahabad high court has acquitted Moninder Singh Pandher, his lawyer Sikandar B. Kochar told CNN.\n\n\n\nPandher and his domestic employee Surinder Koli were sentenced to death in February by a lower court for the rape and murder of the 14-year-old.\n\n\n\nThe high court upheld Koli's death sentence, Kochar said.\n\n\n\nThe two were arrested two years ago after body parts packed in plastic bags were found near their home in Noida, a New Delhi suburb. Their home was later dubbed a \"house of horrors\" by the Indian media.\n\n\n\nPandher was not named a main suspect by investigators initially, but was summoned as co-accused during the trial, Kochar said.\n\n\n\nKochar said his client was in Australia when the teen was raped and killed.\n\n\n\nPandher faces trial in the remaining 18 killings and could remain in custody, the attorney said.","type":"train","questions":[{"isQuestionBad":0.0,"consensus":{"s":294,"e":297},"validatedAnswers":[{"count":1,"noAnswer":true},{"count":2,"s":294,"e":297}],"answers":[{"sourcerAnswers":[{"s":294,"e":297}]},{"sourcerAnswers":[{"noAnswer":true}]},{"sourcerAnswers":[{"noAnswer":true}]}],"q":"What was the amount of children murdered?","isAnswerAbsent":0.0},{"q":"When was Pandher sentenced to death?","isQuestionBad":0.0,"consensus":{"s":261,"e":271},"answers":[{"sourcerAnswers":[{"s":261,"e":271}]},{"sourcerAnswers":[{"s":258,"e":271}]},{"sourcerAnswers":[{"s":261,"e":271}]}],"isAnswerAbsent":0.0},{"isQuestionBad":0.0,"consensus":{"s":624,"e":640},"validatedAnswers":[{"count":2,"s":624,"e":640}],"answers":[{"sourcerAnswers":[{"s":26,"e":33}]},{"sourcerAnswers":[{"noAnswer":true}]},{"sourcerAnswers":[{"s":624,"e":640}]}],"q":"The court aquitted Moninder Singh Pandher of what crime?","isAnswerAbsent":0.0},{"q":"who was acquitted","isQuestionBad":0.0,"consensus":{"s":195,"e":218},"answers":[{"sourcerAnswers":[{"s":195,"e":218}]},{"sourcerAnswers":[{"s":195,"e":218}]}],"isAnswerAbsent":0.0},{"isQuestionBad":0.0,"consensus":{"s":195,"e":218},"validatedAnswers":[{"count":2,"s":195,"e":218}],"answers":[{"sourcerAnswers":[{"noAnswer":true}]},{"sourcerAnswers":[{"s":195,"e":218},{"s":232,"e":271}]},{"sourcerAnswers":[{"noAnswer":true}]}],"q":"who was sentenced","isAnswerAbsent":0.33333333333299997},{"isQuestionBad":0.0,"consensus":{"s":129,"e":151},"validatedAnswers":[{"count":2,"s":129,"e":151}],"answers":[{"sourcerAnswers":[{"s":129,"e":192}]},{"sourcerAnswers":[{"s":129,"e":151}]},{"sourcerAnswers":[{"s":133,"e":151}]}],"q":"What was Moninder Singh Pandher acquitted for?","isAnswerAbsent":0.0},{"q":"Who was sentenced to death in February?","isQuestionBad":0.0,"consensus":{"s":195,"e":218},"answers":[{"sourcerAnswers":[{"s":195,"e":218}]},{"sourcerAnswers":[{"s":195,"e":218}]}],"isAnswerAbsent":0.0},{"q":"how many people died","isQuestionBad":0.0,"consensus":{"s":294,"e":297},"answers":[{"sourcerAnswers":[{"s":294,"e":297}]},{"sourcerAnswers":[{"s":294,"e":297}]}],"isAnswerAbsent":0.0},{"q":"How many children and young women were murdered?","isQuestionBad":0.0,"consensus":{"s":294,"e":297},"answers":[{"sourcerAnswers":[{"s":294,"e":297}]},{"sourcerAnswers":[{"s":294,"e":297}]}],"isAnswerAbsent":0.0}],"storyId":"./cnn/stories/42d01e187213e86f5fe617fe32e716ff7fa3afc4.story"},{"text":"(CNN) -- Fighting in the volatile Sudanese region of Darfur has sparked another wave of refugees into Chad and left a Red Cross employee dead, according to international agencies.\n\n\n\nRefugee camps in eastern Chad house about 300,000 people who fled violence in the Darfur region of Sudan.\n\n\n\nThe U.N. High Commissioner for Refugees said on Monday that more than 12,000 people have fled militia attacks over the last few days from Sudan's Darfur region to neighboring Chad, still recovering from a recent attempt by rebels there to topple the government.\n\n\n\n\"Most of the new arrivals in Chad had already been displaced in Darfur in recent years. They are really tired of being attacked and having to move,\" said UNHCR's Jorge Holly. \"All the new refugees we talked to said they did not want to go back to Darfur at this point, they wanted to be transferred to a refugee camp in eastern Chad.\"\n\n\n\nThis latest influx of refugees in Chad aggravates an already deteriorating security situation across this politically unstable region of Africa.\n\n\n\nBefore the latest flight into Chad, the UNHCR and its partner groups \"were taking care of 240,000 Sudanese refugees in 12 camps in eastern Chad and some 50,000 from Central African Republic in the south of the country.\" Up to 30,000 people in Chad fled the country for Cameroon during the rebel-government fighting.\n\n\n\nThe International Committee of the Red Cross said on Monday that one of its employees was killed in western Darfur last week during fighting. The victim is a 45-year-old Sudanese national and father of six children.\n\n\n\nHe was killed in the area of Seleia, one of the three towns where reported government-backed Janjaweed militia attacks on Friday left around 200 people dead.\n\n\n\nU.N. Secretary-General Ban Ki-moon last week deplored the acts, urged all parties to stop hostilities, and said \"all parties must adhere to international humanitarian law, which prohibits military attacks against civilians.\"\n\n\n\nThe United Nations says \"more than 200,000 people have been killed and 2.2 million others forced to flee their homes since fighting began in 2003 among government forces, rebel groups and allied militia groups known as the Janjaweed.\"\n\n\n\nThe recent fight between Chad's government and rebels is seen as a proxy war over Darfur. Sudan's government believes Chad is supporting rebels in Darfur. Chad's government believes Sudan is supporting the rebels that moved on Chad's capital of N'Djamena. E-mail to a friend","type":"train","questions":[{"q":"Where was one employee killed?","isQuestionBad":0.0,"consensus":{"s":34,"e":60},"answers":[{"sourcerAnswers":[{"s":34,"e":60}]},{"sourcerAnswers":[{"s":1610,"e":1618}]},{"sourcerAnswers":[{"s":34,"e":60}]}],"isAnswerAbsent":0.0},{"isQuestionBad":0.0,"consensus":{"s":504,"e":554},"validatedAnswers":[{"count":1,"s":907,"e":926},{"count":2,"s":504,"e":554}],"answers":[{"sourcerAnswers":[{"s":907,"e":926}]},{"sourcerAnswers":[{"s":504,"e":554}]},{"sourcerAnswers":[{"s":183,"e":197}]}],"q":"what happened in chad","isAnswerAbsent":0.0},{"isQuestionBad":0.0,"consensus":{"s":2122,"e":2180},"validatedAnswers":[{"count":1,"noAnswer":true},{"count":2,"s":2122,"e":2180}],"answers":[{"sourcerAnswers":[{"s":2240,"e":2262}]},{"sourcerAnswers":[{"s":1332,"e":1349}]},{"sourcerAnswers":[{"s":2122,"e":2180}]}],"q":"Who is fighting in Chad?","isAnswerAbsent":0.0},{"isQuestionBad":0.0,"consensus":{"s":9,"e":18},"validatedAnswers":[{"count":2,"s":9,"e":18}],"answers":[{"sourcerAnswers":[{"s":244,"e":258}]},{"sourcerAnswers":[{"s":515,"e":522}]},{"sourcerAnswers":[{"s":386,"e":402},{"s":9,"e":18}]}],"q":"What is Darfur wracked by?","isAnswerAbsent":0.0},{"q":"How many have recently crossed to Chad?","isQuestionBad":0.0,"consensus":{"s":362,"e":369},"answers":[{"sourcerAnswers":[{"s":362,"e":369}]},{"sourcerAnswers":[{"s":362,"e":369}]}],"isAnswerAbsent":0.0},{"q":"How many people have crossed to Chad in last few days?","isQuestionBad":0.0,"consensus":{"s":362,"e":369},"answers":[{"sourcerAnswers":[{"s":362,"e":369}]},{"sourcerAnswers":[{"s":362,"e":369}]}],"isAnswerAbsent":0.0},{"q":"were many children killed","isQuestionBad":1.0,"consensus":{"badQuestion":true},"answers":[{"sourcerAnswers":[{"noAnswer":true}]},{"sourcerAnswers":[{"noAnswer":true}]}],"isAnswerAbsent":0.0},{"isQuestionBad":0.0,"consensus":{"s":118,"e":143},"validatedAnswers":[{"count":2,"s":118,"e":143}],"answers":[{"sourcerAnswers":[{"s":1438,"e":1448}]},{"sourcerAnswers":[{"s":1366,"e":1407},{"s":1427,"e":1448}]},{"sourcerAnswers":[{"s":118,"e":143}]},{"sourcerAnswers":[{"s":1397,"e":1407},{"s":1438,"e":1448}]}],"q":"Who was killed in Dafur?","isAnswerAbsent":0.0},{"isQuestionBad":0.25,"consensus":{"noAnswer":true},"validatedAnswers":[{"count":2,"noAnswer":true}],"answers":[{"sourcerAnswers":[{"noAnswer":true}]},{"sourcerAnswers":[{"s":2285,"e":2298}]},{"sourcerAnswers":[{"noAnswer":true}]},{"sourcerAnswers":[{"s":2275,"e":2281}]}],"q":"what caused the war","isAnswerAbsent":0.25}],"storyId":"./cnn/stories/c48228a52f26aca65c31fad273e66164f047f292.story"},{"text":"Johannesburg (CNN) -- Miffed by a visa delay that led the Dalai Lama to cancel a trip to South Africa, Archbishop Desmond Tutu lashed out at his government Tuesday, saying it had acted worse than apartheid regimes and had forgotten all that the nation stood for.\n\n\n\n\n\n\"When we used to apply for passports under the apartheid government, we never knew until the last moment what their decision was,\" Tutu said at a news conference. \"Our government is worse than the apartheid government because at least you were expecting it from the apartheid government.\n\n\n\n\n\n\"I have to say that I can't believe this. I really can't believe this,\" Tutu said. \"You have to wake me up and tell me this is actually happening here.\"\n\n\n\n\n\nThe Dalai Lama scrapped his planned trip to South Africa this week after the nation failed to issue him a visa in time, his spokesman said.\n\n\n\n\n\nVisa applications for him and his entourage were submitted to the South African High Commission in New Delhi, India, at the end of August, and original passports were submitted on September 20, more than two weeks ago, a statement on his website said.\n\n\n\n\n\nHowever, South Africa's foreign affairs office said it did not refuse a visa.\n\n\n\n\n\n\"South Africa will not comment on the decision, because it is not our decision, it is his decision,\" according to spokesman Clayson Monyela, who said the visa application was still under consideration.\n\n\n\n\n\nThe Dalai Lama had been invited to the country to receive the Mahatma Gandhi International Award for Peace and Reconciliation and to speak at a number of events, including a lecture in honor of Tutu's 80th birthday. Tutu and the Dalai Lama are recipients of the Nobel Peace Prize.\n\n\n\n\n\nTutu said he would pray for the defeat of South Africa's government, led by the African National Congress (ANC), which is rooted in the fight against the system of apartheid, or legal racial separation, that was present in South Africa until 1994.\n\n\n\n\n\n\"You are disgraceful,\" Tutu said about the government. \"You are behaving in a way that is totally at variance with the things for which we stood.\"\n\n\n\n\n\nThe ANC plans to call on government officials to explain to South Africans why the visa process was delayed, spokesman Jackson Mtembu said. He said everyone was in the dark about this matter.\n\n\n\n\n\nBut he also suggested that Tutu calm down. A comparison to apartheid regimes, he said, was unfair.\n\n\n\n\n\nThis is not the first time the Dalai Lama has not been able to visit South Africa. In 2009, South Africa refused the Tibetan spiritual leader a visa to attend an international peace conference, saying it was not in the country's interest for him to attend.\n\n\n\n\n\nIn refusing the 2009 application, South Africa said that if the Dalai Lama attended the conference, the focus would shift away from the 2010 World Cup, the global soccer championship it was hosting.\n\n\n\n\n\n\"We cannot allow focus to shift to China and Tibet,\" presidential spokesman Thabo Masebe said, adding that South Africa had gained much from its trading relationship with China.\n\n\n\n\n\nThe Dalai Lama fled Tibet in 1959 after a failed uprising against Chinese rule, and China pressures governments around the world to deny him any legitimacy.\n\n\n\n\n\nSpeculation surfaced Tuesday that this year's visit was also affected by South Africa's relationship with China.\n\n\n\n\n\nSouth African Vice President Kgalema Motlanthe visited Beijing last week and met with Chinese President Hu Jintao to discuss bolstering bilateral ties.\n\n\n\n\n\nMotlanthe said South Africa was ready to boost the strategic partnership between the two countries to a new stage, according to the official Chinese news agency Xinhua.\n\n\n\n\n\nBut Monyela said the application had nothing to do with China.\n\n\n\n\n\n\"We are a sovereign nation which takes decisions in our domestic interest,\" Monyela said.\n\n\n\n\n\nThe Dalai Lama posted a message on Twitter last week that said: \"Even if the Chinese leave nothing but ashes, Tibet will rise from these ashes as a free country even if it takes a long time to do so.\"\n\n\n\n\n\nKim Norgaard, CNN's Johannesburg bureau chief, contributed to this report.","type":"train","questions":[{"isQuestionBad":0.0,"consensus":{"s":103,"e":127},"validatedAnswers":[{"count":1,"s":839,"e":853},{"count":2,"s":103,"e":127}],"answers":[{"sourcerAnswers":[{"s":103,"e":127}]},{"sourcerAnswers":[{"s":114,"e":127}]},{"sourcerAnswers":[{"s":839,"e":853}]}],"q":"who did say South Africa did not issue a visa on time?","isAnswerAbsent":0.0},{"q":"this should be considered","isQuestionBad":0.5,"consensus":{"badQuestion":true},"answers":[{"sourcerAnswers":[{"noAnswer":true}]},{"sourcerAnswers":[{"noAnswer":true}]}],"isAnswerAbsent":0.5},{"isQuestionBad":0.0,"consensus":{"s":1993,"e":2005},"validatedAnswers":[{"count":2,"s":1993,"e":2005},{"count":1,"s":141,"e":156}],"answers":[{"sourcerAnswers":[{"s":141,"e":156}]},{"sourcerAnswers":[{"s":796,"e":839}]},{"sourcerAnswers":[{"s":1993,"e":2005}]}],"q":"who is responsible for all this","isAnswerAbsent":0.0},{"isQuestionBad":0.0,"consensus":{"noAnswer":true},"validatedAnswers":[{"count":1,"noAnswer":true},{"count":1,"s":1833,"e":1945},{"count":1,"s":1810,"e":1945}],"answers":[{"sourcerAnswers":[{"noAnswer":true}]},{"sourcerAnswers":[{"s":1810,"e":1945}]},{"sourcerAnswers":[{"s":1810,"e":1816},{"s":1819,"e":1826},{"s":1833,"e":1945}]}],"q":"what is the African National Congress ?","isAnswerAbsent":0.33333333333299997},{"q":"who did Desmond Tutu should calm down?","isQuestionBad":0.5,"consensus":{"badQuestion":true},"answers":[{"sourcerAnswers":[{"noAnswer":true}]},{"sourcerAnswers":[{"noAnswer":true}]}],"isAnswerAbsent":0.5},{"q":"Who does the African National Congress say should calm down?","isQuestionBad":0.0,"consensus":{"s":2326,"e":2331},"answers":[{"sourcerAnswers":[{"s":2326,"e":2331}]},{"sourcerAnswers":[{"s":2326,"e":2331}]}],"isAnswerAbsent":0.0},{"q":"no legal reason for this","isQuestionBad":1.0,"consensus":{"badQuestion":true},"answers":[{"sourcerAnswers":[{"noAnswer":true}]},{"sourcerAnswers":[{"noAnswer":true}]}],"isAnswerAbsent":0.0},{"q":"Who says the government is acting worse than apartheid regime?","isQuestionBad":0.0,"consensus":{"s":103,"e":127},"answers":[{"sourcerAnswers":[{"s":103,"e":127}]},{"sourcerAnswers":[{"s":103,"e":127}]}],"isAnswerAbsent":0.0},{"q":"Who was denied visa to South Africa in 2009?","isQuestionBad":0.0,"consensus":{"s":2434,"e":2445},"answers":[{"sourcerAnswers":[{"s":2434,"e":2445}]},{"sourcerAnswers":[{"s":2434,"e":2445}]}],"isAnswerAbsent":0.0}],"storyId":"./cnn/stories/c65ed85800e4535f4bbbfa2c34d7d9630358d303.story"}]}