<benchmark>
  <entries>
    <entry category="Food" eid="Id1" shape="(X (X) (X))" shape_type="sibling" size="2">
      <originaltripleset>
        <otriple>Ajoblanco | country | Spain</otriple>
        <otriple>Ajoblanco | ingredient | Garlic</otriple>
      </originaltripleset>
      <modifiedtripleset>
        <mtriple>Ajoblanco | country | Spain</mtriple>
        <mtriple>Ajoblanco | ingredient | Garlic</mtriple>
      </modifiedtripleset>
      <lex lang="en" lid="Id1">Garlic is an ingredient used in Ajoblanco which originates from the country of Spain.</lex>
      <lex lang="ru" lid="Id1">В испанском соусе ахобланко используется чеснок.</lex>
      <lex lang="en" lid="Id2">Ajoblanco, containing the ingredient garlic, is from Spain.</lex>
      <lex lang="ru" lid="Id2">Ахобланко, одним из ингредиентов которого является чеснок, происходит из Испании.</lex>
      <lex lang="en" lid="Id3">Garlic is an ingredient in the regional dish of Spain's Ajoblanco.</lex>
      <lex lang="ru" lid="Id3">Чеснок - ингредиент в блюде Испании Ахобланко.</lex>
      <dbpedialinks>
        <dbpedialink direction="en2ru">Ajoblanco | sameAs | Ахобланко</dbpedialink>
        <dbpedialink direction="en2ru">Spain | sameAs | Испания</dbpedialink>
        <dbpedialink direction="en2ru">Garlic | sameAs | Чеснок</dbpedialink>
      </dbpedialinks>
    </entry>
    </entries>
</benchmark>