[{"uuid": "C_91d39147df0946bfa0278f0286421796", "scenario": {"category": "electronics", "attributes": [{"entity": false, "unique": false, "value_type": "role", "name": "Role", "multivalued": false}, {"entity": false, "unique": false, "value_type": "price", "name": "Bottomline", "multivalued": false}, {"entity": false, "unique": false, "value_type": "price", "name": "Target", "multivalued": false}, {"entity": false, "unique": false, "value_type": "text", "name": "Title", "multivalued": false}, {"entity": false, "unique": false, "value_type": "text", "name": "Category", "multivalued": false}, {"entity": false, "unique": false, "value_type": "price", "name": "Price", "multivalued": false}, {"entity": false, "unique": false, "value_type": "text", "name": "Images", "multivalued": false}, {"entity": false, "unique": false, "value_type": "text", "name": "Description", "multivalued": false}], "post_id": "6122134540", "uuid": "S_To118PXuNicOd8SO", "kbs": [{"personal": {"Bottomline": null, "Role": "buyer", "Target": 243}, "item": {"Category": "electronics", "Images": ["electronics/6122134540_0.jpg"], "Price": 265, "Description": ["- HERO4 Black Camera", "- Standard Housing 131' (40m)", "- Rechargeable Battery", "- Flat Adhesive Mount", "- 3-Way Pivot Arm"], "Title": "GoPro Hero4 Black + Battery BacPac"}}, {"personal": {"Bottomline": null, "Role": "seller", "Target": 265}, "item": {"Category": "electronics", "Images": ["electronics/6122134540_0.jpg"], "Price": 265, "Description": ["- HERO4 Black Camera", "- Standard Housing 131' (40m)", "- Rechargeable Battery", "- Flat Adhesive Mount", "- 3-Way Pivot Arm", "- USB Cable", "- Battery BacPac", "- Battery BacPac case", "- Battery BackPac Backdoor", "NOTE: The only thing missing from a new GoPro Hero4 kit is the curved adhesive mount. Everything else is included (plus the BacPac kit) in new or like new condition."], "Title": "GoPro Hero4 Black + Battery BacPac"}}]}, "agents_info": null, "scenario_uuid": "S_To118PXuNicOd8SO", "agents": {"0": "human", "1": "human"}, "outcome": {"reward": 1, "offer": {"price": 243.0, "sides": ""}}, "events": [{"start_time": "1496341530.27", "agent": 0, "time": "1496341531.17", "action": "message", "data": "hi there", "metadata": {"intent": "intro", "price": null}}, {"start_time": "1496341541.95", "agent": 1, "time": "1496341544.09", "action": "message", "data": "Good Day!", "metadata": {"intent": "unknown", "price": null}}, {"start_time": "1496341548.5", "agent": 0, "time": "1496341552.05", "action": "message", "data": "how are you today?", "metadata": {"intent": "unknown", "price": null}}, {"start_time": "1496341568.54", "agent": 1, "time": "1496341589.53", "action": "message", "data": "I'm well. Broke my arm and can't use my go pro for a while.", "metadata": {"intent": "disagree", "price": null}}, {"start_time": "1496341604.77", "agent": 0, "time": "1496341624.8", "action": "message", "data": "oh geeze, im sorry to here that. ", "metadata": {"intent": "unknown", "price": null}}, {"start_time": "1496341669.28", "agent": 1, "time": "1496341678.64", "action": "message", "data": "I can't use it but maybe you're interested?", "metadata": {"intent": "unknown", "price": null}}, {"start_time": "1496341687.4", "agent": 0, "time": "1496341719.12", "action": "message", "data": "Yes, A go pro is something I have been interested in for a while, how does $243 for it sound?", "metadata": {"intent": "init-price", "price": 243.0}}, {"start_time": "1496341744.73", "agent": 1, "time": "1496341755.97", "action": "message", "data": "That will work for me. I can't use it anyway!", "metadata": {"intent": "disagree", "price": null}}, {"start_time": null, "agent": 1, "time": "1496341761.53", "action": "offer", "data": {"price": 243.0, "sides": ""}, "metadata": {"intent": "offer", "price": 243.0}}, {"start_time": null, "agent": 0, "time": "1496341763.62", "action": "accept", "data": null, "metadata": {"intent": "accept"}}]}, {"uuid": "C_1936583922d4472d84268692c2de533e", "scenario": {"category": "housing", "attributes": [{"entity": false, "unique": false, "value_type": "role", "name": "Role", "multivalued": false}, {"entity": false, "unique": false, "value_type": "price", "name": "Bottomline", "multivalued": false}, {"entity": false, "unique": false, "value_type": "price", "name": "Target", "multivalued": false}, {"entity": false, "unique": false, "value_type": "text", "name": "Title", "multivalued": false}, {"entity": false, "unique": false, "value_type": "text", "name": "Category", "multivalued": false}, {"entity": false, "unique": false, "value_type": "price", "name": "Price", "multivalued": false}, {"entity": false, "unique": false, "value_type": "text", "name": "Images", "multivalued": false}, {"entity": false, "unique": false, "value_type": "text", "name": "Description", "multivalued": false}], "post_id": "6132705525", "uuid": "S_L7F3EuuCeGp3YW2v", "kbs": [{"personal": {"Bottomline": null, "Role": "buyer", "Target": 1497}, "item": {"Category": "housing", "Images": ["housing/6132705525_0.jpg"], "Price": 2495, "Description": ["2131 Hearst Ave, #7", "No. of Units on Property: 8", "Heat: Steam/Radiator", "Windows: Blinds", "Laundry: Coin", "Pets: Sorry, no pets.", "Owner Pays: Hot & Cold Water, Garbage, Sewer, Heat"], "Title": "MUST SEE!! Beautiful new kitchen and bathroom, Great neighborhood!!!"}}, {"personal": {"Bottomline": null, "Role": "seller", "Target": 2495}, "item": {"Category": "housing", "Images": ["housing/6132705525_0.jpg"], "Price": 2495, "Description": ["2131 Hearst Ave, #7", "No. of Units on Property: 8", "Heat: Steam/Radiator", "Windows: Blinds", "Laundry: Coin", "Pets: Sorry, no pets.", "Owner Pays: Hot & Cold Water, Garbage, Sewer, Heat", "Security Deposit: Equal to (1 &1/2) one and a half, month's rent", "Lease Term: lease ends 7/31/2018", "Needed to Move In: First Month, Security Deposit, Screening Fee", "Resident Manager: ***Available to view by appointment only For Viewing call Angela at", "**", "***Available to view by appointment only For Viewing call Angela at", "**"], "Title": "MUST SEE!! Beautiful new kitchen and bathroom, Great neighborhood!!!"}}]}, "agents_info": null, "scenario_uuid": "S_L7F3EuuCeGp3YW2v", "agents": {"0": "human", "1": "human"}, "outcome": {"reward": 0, "offer": null}, "events": [{"start_time": "1496341832.88", "agent": 1, "time": "1496341850.23", "action": "message", "data": "Are you interested in renting my apartment?", "metadata": {"intent": "intro", "price": null}}, {"start_time": "1496341856.17", "agent": 0, "time": "1496341876.97", "action": "message", "data": "yes i am however it is much higher then i can afford. i was lookng in the 1000-1500$ range", "metadata": {"intent": "unknown", "price": null}}, {"start_time": "1496341908.95", "agent": 1, "time": "1496341958.49", "action": "message", "data": "I really can't go that low. I just renovated the kitchen and our tenants are great people.", "metadata": {"intent": "disagree", "price": null}}, {"start_time": "1496341990.62", "agent": 0, "time": "1496342042.25", "action": "message", "data": "well that may be so but with the lack of pets allowed, radiator heat, and having to pay electric its too high for those lack of or bad features. ", "metadata": {"intent": "vague-price", "price": null}}, {"start_time": "1496342077.62", "agent": 1, "time": "1496342092.13", "action": "message", "data": "I can offer you a price of $1800 a month. ", "metadata": {"intent": "init-price", "price": 1800.0}}, {"start_time": null, "agent": 1, "time": "1496342263.44", "action": "offer", "data": {"price": 1800.0, "sides": ""}, "metadata": {"intent": "offer", "price": 1800.0}}, {"start_time": null, "agent": 1, "time": "1496342352.34", "action": "quit", "data": null, "metadata": {"intent": "quit"}}]}, {"uuid": "C_15468cecaef64f2db96ef55ceec8973d", "scenario": {"category": "furniture", "attributes": [{"entity": false, "unique": false, "value_type": "role", "name": "Role", "multivalued": false}, {"entity": false, "unique": false, "value_type": "price", "name": "Bottomline", "multivalued": false}, {"entity": false, "unique": false, "value_type": "price", "name": "Target", "multivalued": false}, {"entity": false, "unique": false, "value_type": "text", "name": "Title", "multivalued": false}, {"entity": false, "unique": false, "value_type": "text", "name": "Category", "multivalued": false}, {"entity": false, "unique": false, "value_type": "price", "name": "Price", "multivalued": false}, {"entity": false, "unique": false, "value_type": "text", "name": "Images", "multivalued": false}, {"entity": false, "unique": false, "value_type": "text", "name": "Description", "multivalued": false}], "post_id": "6145208435", "uuid": "S_t0W0YsYtLJ8l2lSJ", "kbs": [{"personal": {"Bottomline": null, "Role": "buyer", "Target": 528}, "item": {"Category": "furniture", "Images": ["furniture/6145208435_0.jpg"], "Price": 695, "Description": ["There is also a night table that matches the armoire. The night table has a hidden pull out jewelry drawer that is felt-lined and designed to be hidden, great for valuables (see pics)."], "Title": "Extra Tall Beautiful Wood Armoire Chest Large Model Home Style"}}, {"personal": {"Bottomline": null, "Role": "seller", "Target": 695}, "item": {"Category": "furniture", "Images": ["furniture/6145208435_0.jpg"], "Price": 695, "Description": ["There is also a night table that matches the armoire. The night table has a hidden pull out jewelry drawer that is felt-lined and designed to be hidden, great for valuables (see pics).", "Night Table Measures: 27\"W x 16\"D x 27\"H", "CASH ONLY. Buyer must pick up."], "Title": "Extra Tall Beautiful Wood Armoire Chest Large Model Home Style"}}]}, "agents_info": null, "scenario_uuid": "S_t0W0YsYtLJ8l2lSJ", "agents": {"0": "human", "1": "human"}, "outcome": {"reward": 0, "offer": null}, "events": [{"start_time": "1496342084.52", "agent": 0, "time": "1496342087.58", "action": "message", "data": "What kind of wood is it?", "metadata": null}, {"start_time": null, "agent": 1, "time": "1496342089.64", "action": "offer", "data": {"price": 600.0, "sides": ""}, "metadata": null}, {"start_time": null, "agent": 0, "time": "1496342093.61", "action": "quit", "data": null, "metadata": null}]}, {"uuid": "C_05be1e1757ff45528b2d7768f695ed92", "scenario": {"category": "bike", "attributes": [{"entity": false, "unique": false, "value_type": "role", "name": "Role", "multivalued": false}, {"entity": false, "unique": false, "value_type": "price", "name": "Bottomline", "multivalued": false}, {"entity": false, "unique": false, "value_type": "price", "name": "Target", "multivalued": false}, {"entity": false, "unique": false, "value_type": "text", "name": "Title", "multivalued": false}, {"entity": false, "unique": false, "value_type": "text", "name": "Category", "multivalued": false}, {"entity": false, "unique": false, "value_type": "price", "name": "Price", "multivalued": false}, {"entity": false, "unique": false, "value_type": "text", "name": "Images", "multivalued": false}, {"entity": false, "unique": false, "value_type": "text", "name": "Description", "multivalued": false}], "post_id": "6133036823", "uuid": "S_tZmcOaISo6n80s7U", "kbs": [{"personal": {"Bottomline": null, "Role": "buyer", "Target": 147}, "item": {"Category": "bike", "Images": ["bike/6133036823_0.jpg"], "Price": 160, "Description": ["Great vintage 1970's Peugeot 10-speed made in France. Bike is in good condition, nice decals, good tires & tubes. 22\" frame on 27\" wheels"], "Title": "Vintage Peugeot Road Bike"}}, {"personal": {"Bottomline": null, "Role": "seller", "Target": 160}, "item": {"Category": "bike", "Images": ["bike/6133036823_0.jpg"], "Price": 160, "Description": ["Great vintage 1970's Peugeot 10-speed made in France. Bike is in good condition, nice decals, good tires & tubes. 22\" frame on 27\" wheels", "old, Puegeot, Peugot, french, classic, old school, retro, rare"], "Title": "Vintage Peugeot Road Bike"}}]}, "agents_info": null, "scenario_uuid": "S_tZmcOaISo6n80s7U", "agents": {"0": "human", "1": "human"}, "outcome": {"reward": 1, "offer": {"price": 140.0, "sides": ""}}, "events": [{"start_time": "1496342197.09", "agent": 1, "time": "1496342199.97", "action": "message", "data": "I would like 160", "metadata": null}, {"start_time": "1496342220.57", "agent": 0, "time": "1496342243.12", "action": "message", "data": "The bike is in good condition, but not excellent. I can offer 140", "metadata": null}, {"start_time": "1496342253.28", "agent": 1, "time": "1496342270.93", "action": "message", "data": "I think that seems far. I like the deal. Lets do it.", "metadata": null}, {"start_time": null, "agent": 0, "time": "1496342278.41", "action": "offer", "data": {"price": 140.0, "sides": ""}, "metadata": null}, {"start_time": null, "agent": 1, "time": "1496342283.34", "action": "accept", "data": null, "metadata": null}]}, {"uuid": "C_7aad7f7925ef456595486ffe38e9ec09", "scenario": {"category": "furniture", "attributes": [{"entity": false, "unique": false, "value_type": "role", "name": "Role", "multivalued": false}, {"entity": false, "unique": false, "value_type": "price", "name": "Bottomline", "multivalued": false}, {"entity": false, "unique": false, "value_type": "price", "name": "Target", "multivalued": false}, {"entity": false, "unique": false, "value_type": "text", "name": "Title", "multivalued": false}, {"entity": false, "unique": false, "value_type": "text", "name": "Category", "multivalued": false}, {"entity": false, "unique": false, "value_type": "price", "name": "Price", "multivalued": false}, {"entity": false, "unique": false, "value_type": "text", "name": "Images", "multivalued": false}, {"entity": false, "unique": false, "value_type": "text", "name": "Description", "multivalued": false}], "post_id": "6143811125", "uuid": "S_h6subZNjuzO8GQX1", "kbs": [{"personal": {"Bottomline": null, "Role": "buyer", "Target": 247}, "item": {"Category": "furniture", "Images": ["furniture/6143811125_0.jpg"], "Price": 325, "Description": ["Moving child to the next size up.  It is in very good condition and it comes with the mattress.   Very Well Taken Care Of.", "Solid Natural Maple Wood.  STANLEY no longer makes it; or at least I cannot find it on their website.  https://www.stanleyfurniture.com"], "Title": "STANLEY Young America - Twin Size - Maple Captain's Storage Bed"}}, {"personal": {"Bottomline": null, "Role": "seller", "Target": 325}, "item": {"Category": "furniture", "Images": ["furniture/6143811125_0.jpg"], "Price": 325, "Description": ["Moving child to the next size up.  It is in very good condition and it comes with the mattress.   Very Well Taken Care Of.", "Solid Natural Maple Wood.  STANLEY no longer makes it; or at least I cannot find it on their website.  https://www.stanleyfurniture.com", "Will consider all offers.", "NOTE:  Snowman & wreath are not included;  I placed them there to highlight the fact that you have storage available there.", "Dimensions:  82\" length x 42\" width x 39\u00bd\" height"], "Title": "STANLEY Young America - Twin Size - Maple Captain's Storage Bed"}}]}, "agents_info": null, "scenario_uuid": "S_h6subZNjuzO8GQX1", "agents": {"0": "human", "1": "human"}, "outcome": {"reward": 0, "offer": {"price": 247.0, "sides": ""}}, "events": [{"start_time": "1496345145.41", "agent": 1, "time": "1496345151.73", "action": "message", "data": "hello, are you intereste din the bed?", "metadata": null}, {"start_time": null, "agent": 0, "time": "1496345161.63", "action": "offer", "data": {"price": 247.0, "sides": ""}, "metadata": null}, {"start_time": "1496345184.45", "agent": 1, "time": "1496345194.85", "action": "message", "data": "I think 247 is rather low, anychance you can come up?", "metadata": null}, {"start_time": "1496345226.39", "agent": 0, "time": "1496345251.35", "action": "message", "data": "Perhaps if there are other perks to the item that I don't know about yet.", "metadata": null}, {"start_time": "1496345269.66", "agent": 1, "time": "1496345296.02", "action": "message", "data": "well it is very well cared for and also does come with a mattress, both great quality and condition .", "metadata": null}, {"start_time": null, "agent": 1, "time": "1496345361.85", "action": "reject", "data": null, "metadata": null}]}]