<benchmark>
  <entries>
    <entry category="Food" eid="Id1" size="5">
      <originaltripleset>
        <otriple>Ajoblanco | country | Spain</otriple>
        <otriple>Ajoblanco | mainIngredient | "Bread, almonds, garlic, water, olive oil"@en</otriple>
        <otriple>Ajoblanco | region | Andalusia</otriple>
        <otriple>Ajoblanco | alias | "Ajo blanco"@en</otriple>
        <otriple>Ajoblanco | ingredient | Bread</otriple>
      </originaltripleset>
      <modifiedtripleset>
        <mtriple>Ajoblanco | country | Spain</mtriple>
        <mtriple>Ajoblanco | mainIngredients | "Bread, almonds, garlic, water, olive oil"</mtriple>
        <mtriple>Ajoblanco | region | Andalusia</mtriple>
        <mtriple>Ajoblanco | alternativeName | "Ajo blanco"</mtriple>
        <mtriple>Ajoblanco | ingredient | Bread</mtriple>
      </modifiedtripleset>
      <lex comment="good" lid="Id1">From Andalusia, Spain, Ajoblanco is made with bread, almonds, garlic, water and olive oil. Ajo blanco is an alternative name to Ajoblanco.</lex>
      <lex comment="good" lid="Id2">Ajoblanco, also known as Ajo blanco is a dish from the Andalusian region of Spain and includes the main ingredients of bread, almonds, garlic, water and olive oil.</lex>
      <lex comment="good" lid="Id3">A dish found in the Andalusian region of Spain is called Ajoblanco (or Ajo blanco). It contains bread, almonds, garlic, water and olive oil.</lex>
    </entry>
    </entries>
</benchmark>