<benchmark>
  <entries>
    <entry category="Artist" eid="Id1" size="5">
      <originaltripleset>
        <otriple>Aaron_Bertram | associatedBand | Suburban_Legends</otriple>
        <otriple>Aaron_Bertram | associatedActs | Kids_Imagine_Nation</otriple>
        <otriple>Suburban_Legends | bandMember | Brian_Robertson_(trombonist)</otriple>
        <otriple>Aaron_Bertram | genre | Ska_punk</otriple>
        <otriple>Ska_punk | stylisticOrigin | Punk_rock</otriple>
      </originaltripleset>
      <originaltripleset>
        <otriple>Aaron_Bertram | associatedMusicalArtist | Kids_Imagine_Nation</otriple>
        <otriple>Aaron_Bertram | associatedBand | Suburban_Legends</otriple>
        <otriple>Suburban_Legends | bandMember | Brian_Robertson_(trombonist)</otriple>
        <otriple>Aaron_Bertram | genre | Ska_punk</otriple>
        <otriple>Ska_punk | stylisticOrigin | Punk_rock</otriple>
      </originaltripleset>
      <originaltripleset>
        <otriple>Aaron_Bertram | associatedMusicalArtist | Kids_Imagine_Nation</otriple>
        <otriple>Aaron_Bertram | associatedActs | Suburban_Legends</otriple>
        <otriple>Suburban_Legends | bandMember | Brian_Robertson_(trombonist)</otriple>
        <otriple>Aaron_Bertram | genre | Ska_punk</otriple>
        <otriple>Ska_punk | stylisticOrigin | Punk_rock</otriple>
      </originaltripleset>
      <originaltripleset>
        <otriple>Aaron_Bertram | associatedMusicalArtist | Suburban_Legends</otriple>
        <otriple>Aaron_Bertram | associatedBand | Kids_Imagine_Nation</otriple>
        <otriple>Suburban_Legends | bandMember | Brian_Robertson_(trombonist)</otriple>
        <otriple>Aaron_Bertram | genre | Ska_punk</otriple>
        <otriple>Ska_punk | stylisticOrigin | Punk_rock</otriple>
      </originaltripleset>
      <originaltripleset>
        <otriple>Aaron_Bertram | associatedBand | Kids_Imagine_Nation</otriple>
        <otriple>Aaron_Bertram | associatedActs | Suburban_Legends</otriple>
        <otriple>Suburban_Legends | bandMember | Brian_Robertson_(trombonist)</otriple>
        <otriple>Aaron_Bertram | genre | Ska_punk</otriple>
        <otriple>Ska_punk | stylisticOrigin | Punk_rock</otriple>
      </originaltripleset>
      <originaltripleset>
        <otriple>Aaron_Bertram | associatedMusicalArtist | Suburban_Legends</otriple>
        <otriple>Aaron_Bertram | associatedActs | Kids_Imagine_Nation</otriple>
        <otriple>Suburban_Legends | bandMember | Brian_Robertson_(trombonist)</otriple>
        <otriple>Aaron_Bertram | genre | Ska_punk</otriple>
        <otriple>Ska_punk | stylisticOrigin | Punk_rock</otriple>
      </originaltripleset>
      <modifiedtripleset>
        <mtriple>Aaron_Bertram | associatedBand/associatedMusicalArtist | Kids_Imagine_Nation</mtriple>
        <mtriple>Aaron_Bertram | associatedBand/associatedMusicalArtist | Suburban_Legends</mtriple>
        <mtriple>Suburban_Legends | bandMember | Brian_Robertson_(trombonist)</mtriple>
        <mtriple>Aaron_Bertram | genre | Ska_punk</mtriple>
        <mtriple>Ska_punk | stylisticOrigin | Punk_rock</mtriple>
      </modifiedtripleset>
      <lex comment="good" lid="Id1">Aaron Bertram is a ska punk musician, a genre that originated from punk rock. He is an artist with Kids Imagine Nation and also plays for Suburban Legends Band. Brian Robertson plays the trombone for Suburban Legends.</lex>
      <lex comment="good" lid="Id2">Aaron Bertram plays for the Kids Imagine Nation and the Suburban Legends bands, where he performs ska punk music, a form of punk rock. Brian Robertson, a trombonist, is a band member of Suburban Legends.</lex>
      <lex comment="good" lid="Id3">Aaron Bertram plays for the Kids Imagine Nation and for the Suburban Legends,where Brian Robertson is a trombonist. Aaron Bertram's musical genre is ska,which has its origins in punk rock.</lex>
    </entry>
    </entries>
</benchmark>