<benchmark>
  <entries>
    <entry category="ComicsCharacter" eid="Id1" size="5">
      <originaltripleset>
        <otriple>Bananaman | network | BBC</otriple>
        <otriple>Bananaman | creator | John_Geering</otriple>
        <otriple>Bananaman | starring | Graeme_Garden</otriple>
        <otriple>Bananaman | firstAired | "1983-10-03"^^xsd:date</otriple>
        <otriple>Bananaman | lastAired | "1986-04-15"^^xsd:date</otriple>
      </originaltripleset>
      <modifiedtripleset>
        <mtriple>Bananaman | broadcastedBy | BBC</mtriple>
        <mtriple>Bananaman | creator | John_Geering</mtriple>
        <mtriple>Bananaman | starring | Graeme_Garden</mtriple>
        <mtriple>Bananaman | firstAired | "1983-10-03"</mtriple>
        <mtriple>Bananaman | lastAired | "1986-04-15"</mtriple>
      </modifiedtripleset>
      <lex comment="good" lid="Id1">Bananaman first aired on the BBC on October 3rd, 1983 and broadcast its last episode on April 15th, 1986. Bananaman last aired on 15th April 1986. Graeme Garden is one of the stars of the series which was created by John Geering.</lex>
      <lex comment="good" lid="Id2">Bananaman first aired on the BBC on October 3rd, 1983 and broadcast its last episode on April 15th, 1986. The fictional comic superhero Bananaman was created by John Geering and stars Graeme Garden.</lex>
      <lex comment="good" lid="Id3">Bananaman first aired on the BBC on October 3rd, 1983 and broadcast its last episode on April 15th, 1986. Graeme Garden was one of the stars on the series which was created by John Geering.</lex>
    </entry>
    </entries>
</benchmark>