idx	label	sentence1	sentence2
0	1	without the cooperation, there would be no victory of competition	when we consider about the question that how to win the game, we always find that we need the cooperation
1	0	through cooperation, children can learn about interpersonal skills which are significant in the future life of all students	what we acquired from team work is not only how to achieve the same goal with others but more importantly, how to get along with others
2	0	sustaining the cultural values of immigrants is paramount essential	maintaining one's cultural identity is a key important rule to help individuals emerge in the new multicultural environments
3	1	keeping the cultural traditions in the destination countries is tremendous important	fail to create this familiarity makes them felt isolated, in the extreme can lead to social disorder like autism
4	1	tourism has survived many non-tangible cultural values and beauty scenes	without this support and profit from tourism, many traditional cultures would disappear due to its low income works
