[{"gem_id": "wiki_auto_asset_turk-test-0", "references": ["One side of the armed conflicts is composed mainly of the Sudanese military and the Janjaweed, a Sudanese militia group recruited mostly from the Afro-Arab Abbala tribes of the northern Rizeigat regime in Sudan.", "One side of the armed conflicts is made up mostly of the Sudanese military and the Janjaweed, a Sudanese militia group whose recruits mostly come from the Afro-Arab Abbala tribes from the northern Rizeigat region in Sudan.", "One side of the armed conflicts is composed mainly of the Sudanese military and the Janjaweed, a Sudanese militia group recruited mostly from the Afro-Arab Abbala tribes in Sudan.", "One side of the armed conflicts is composed mainly of the Sudanese military and the Janjaweed, a Sudanese militia group recruited mostly from the Afro-Arab Abbala tribes of the northern Rizeigat region in Sudan.", "One side of the armed conflicts consist of the Sudanese military and the Sudanese militia group Janjaweed.", "The Sudanese military and the Janjaweed make up one of the armed conflicts, mostly from the Afro-Arab Abbal tribes in Sudan.", "One side of the armed conflicts is mainly Sudanese military and the Janjaweed, which recruited from the Afro-Arab Abbala tribes."], "source": "One side of the armed conflicts is made of Sudanese military and the Janjaweed, a Sudanese militia recruited from the Afro-Arab Abbala tribes of the northern Rizeigat region in Sudan.", "source_id": "", "target": "One side of the armed conflicts is composed mainly of the Sudanese military and the Janjaweed, a Sudanese militia group recruited mostly from the Afro-Arab Abbala tribes of the northern Rizeigat regime in Sudan.", "target_id": ""}, {"gem_id": "wiki_auto_asset_turk-test-1", "references": ["Jeddah is the holiest city, and gateway to Mecca, for muslims, .0 which able-bodied Muslims are required to visit at least once in their lifetime.", "Jeddah is the gateway to Mecca which is Islam's holiest city and Muslims are required to visit at least once.", "Jeddah is the main gateway to Mecca, Islam's holiest city . Able-bodied Muslims must visit Mecca at least once in their lifetime.", "Jeddah is the main entrance to Mecca, the holiest city in Islam, which all healthy Muslims need to visit at least once in their life.", "Jeddah is the principal gaeway to Mecca . It is the holiest city of Islam . It is beleived that Muslims who are able should visit the place at least once in their lifetime.", "Jeddah is the main gateway to Mecca, Islam's holiest city, which healthy Muslims are required to visit at least once in their life.", "Jeddah is the main entrance to Mecca, Islam's holiest city, which pure Muslims are required to visit at least once in their lifetime."], "source": "Jeddah is the main gateway to Mecca, Islam's holiest city, which able-bodied Muslims are supposed to viisit at least once in their lifetime.", "source_id": "", "target": "Jeddah is the holiest city, and gateway to Mecca, for muslims, .0 which able-bodied Muslims are required to visit at least once in their lifetime.", "target_id": ""}, {"gem_id": "wiki_auto_asset_turk-test-2", "references": ["The Great Dark Spot is thought to be a hole in the methane cloud deck of Neptune.", "The Great Dark Spot is assumed to be a hole in the methane cloud deck of Neptune", "The Great Dark Spot is regarded as a hole in the methane cloud deck of Neptune.", "The Great Dark Spot is thought to represent a hole in the methane cloud deck of Neptune.", "The Great Dark Spot is thought to show a hole in the methane cloud deck of Neptune.", "The Great Dark Spot is thought to represent a hole in the methane.", "It is thought that the Great Dark Spot might be a hole in the methane cloud deck of Neptune."], "source": "The Great Dark Spot is thought to represent a hole in the methane cloud deck of Neptune.", "source_id": "", "target": "The Great Dark Spot is thought to be a hole in the methane cloud deck of Neptune.", "target_id": ""}, {"gem_id": "wiki_auto_asset_turk-test-3", "references": ["His following work, Saturday, follows an especially eventful day in the liveliness of a successful neurosurgeon.", "Saturday is an eventful day for a specialized doctor who performs surgery on the brain.", "His next work is Saturday which is an eventful day in the life of a neurosuregon.", "His next work, Saturday, will show how very busy and varying the life of a brain doctor is.", "His next work, Saturday, follows a fun day in the life of a good doctor.", "Saturday followes an especially eventful day in the life of a successful neurosurgeon.", "Next Saturday his job will be to follow the day in the life of a successful neurosurgeon."], "source": "His next work at Saturday will be a successful neurosurgeon.", "source_id": "", "target": "His following work, Saturday, follows an especially eventful day in the liveliness of a successful neurosurgeon.", "target_id": ""}, {"gem_id": "wiki_auto_asset_turk-test-4", "references": ["The tarantula, the trickster character, spun a black cord and, attaching it to the ball, crawled away fast to the east, pulling on the cord with all his strength.", "The tarantula spun a black cord and crawled away fast to the east while pulling on the cord with its strength.", "The tarantula, the trickster character, spun a black cord and, attaching it to the ball, crawled away fast to the east, pulling on the cord with all his strength.", "the trickster spun a black cord and, attaching it to the ball, crawled away fast to the east, pulling on the cord with all his strength.", "The tarantula, a tricky thing, spun a black cord that it attached to the ball, after which it crawled away fast to the east, pulling on the cord with all his strength.", "The tarantula, the fraud character, spun a black cord and, connecting it to the ball, moved along speedily to the east, revulsion on the cord with all his might.", "The tricky tarantula spun a black web and attached it to the ball . Afterwards, it crawled away and pulled the web with him."], "source": "The tarantuala, the trickster, spun a black chord and attached it to the ball, crawling away fast to the east and pulling the chord with all his strength.", "source_id": "", "target": "The tarantula, the trickster character, spun a black cord and, attaching it to the ball, crawled away fast to the east, pulling on the cord with all his strength.", "target_id": ""}]