Pterocarpus indicus ( commonly known as Amboyna wood , Malay padauk , Papua New Guinea rosewood , Philippine mahogany , Andaman redwood , Burmese rosewood , narra , angsana , or Pashu padauk ) is a species of " Pterocarpus " native to southeastern Asia , northern Australasia , and the western Pacific Ocean islands , in Cambodia , southernmost China , East Timor , Indonesia , Malaysia , Papua New Guinea , the Philippines , the Ryukyu Islands , the Solomon Islands , Thailand , and Vietnam .	Pterocarpus indicus ( commonly known as Amboyna wood , Malay padauk , Papua New Guinea rosewood , Philippine mahogany , Andaman redwood , Burmese rosewood , narra or Pashu padauk ) is a species of " Pterocarpus " native to southeastern Asia .
A romantic friendship , passionate friendship , or affectionate friendship is a very close but typically non-sexual relationship between friends , often involving a degree of physical closeness beyond that which is common in the contemporary Western societies .	A romantic friendship , passionate friendship or affectionate friendship is a close but non-sexual relationship between friends that often involves a degree of physical and emotional closeness .
Rocky Balboa is a 2006 American boxing sports drama film written , directed by , and starring Sylvester Stallone .	Rocky Balboa ( also known as Rocky VI ) is the sixth and final movie in the Rocky series , written , directed by and starring Sylvester Stallone .
Janakinath Bose ( 28 May 1860 – 1934 ) was an Indian lawyer and advocate , who was the father of Indian independence leader Subhas Chandra Bose .	Janakinath Bose ( 28 May 1860 – 1934 ) was an Indian lawyer and the father of Indian independence leader Subhas Chandra Bose .
Bionics or biologically inspired engineering is the application of biological methods and systems found in nature to the study and design of engineering systems and modern technology .	Bionics ( also known as biomimetics ) is the science about studying nature to create modern technology .
