From 1950 to 1979 , at least 34 tropical or subtropical cyclones affected the U.S. state of Texas .	The U.S. State of Texas was affected by at least 34 tropical or subtropical cyclones between 1950 and 1979 .
Safe House is a 2012 South African & American action thriller film directed by Daniel Espinosa , starring Denzel Washington and Ryan Reynolds .	Safe House is a 2012 American action thriller movie .
Football at the 1936 Summer Olympics was won by Italy .	The 1936 Olympic football tournament was won by Italy .
Wedgwood was the son of the potter Thomas Wedgwood III and his wife Mary Stringer .	He was a member of the Wedgwood family , who were very successful potters .
Online reviews and comments universally praised the film as heartfelt and artistically vibrant , though it was criticized for its brevity .	Online comments describing the film usually described it as good and emotional .
