<benchmark>
	<entries>
		<entry category="Airport" eid="Id1" size="1">
			<originaltripleset>
				<otriple>Aarhus_Airport | cityServed | "Aarhus, Denmark"@en</otriple>
			</originaltripleset>
			<modifiedtripleset>
				<mtriple>Aarhus_Airport | cityServed | "Aarhus, Denmark"</mtriple>
			</modifiedtripleset>
			<lex comment="good" lid="Id1">
				<sortedtripleset />
				<text>Das Aarhus ist der Flughafen von Aarhus, Dänemark. </text>
				<template />
			</lex>
			<lex comment="good" lid="Id2">
				<sortedtripleset>
					<sentence ID="1">
						<striple>Aarhus_Airport | cityServed | "Aarhus, Denmark"</striple>
					</sentence>
				</sortedtripleset>
				<text>Der Flughafen Aarhus dient der Stadt Aarhus, Dänemark. </text>
				<template>AGENT-1 dient der Stadt PATIENT-1.</template>
			</lex>
			<entitymap>
				<entity>AGENT-1 | Aarhus_Airport</entity>
				<entity>PATIENT-1 | "Aarhus, Denmark"</entity>
			</entitymap>
		</entry>
		</entries>
</benchmark>
