一架飞机正在起飞。,一架飞机正在起飞。,5.0
一个男人正在吹一支大笛子。,一个人在吹笛子。,3.8
一名男子正在比萨饼上涂抹奶酪丝。,一名男子正在将奶酪丝涂抹在未熟的披萨上。,3.8
三个人在下棋。,两个人在下棋。,2.6
一个男人在拉大提琴。,坐着的一个人正在拉大提琴。,4.25
有些人在打架。,两个人在打架。,4.25
一个男人在抽烟。,一个人在滑冰。,0.5
那人正在弹琴。,那人在弹吉他。,1.6
一个男人在弹着吉他唱歌。,一个女人正弹着木吉他唱歌。,2.2
