{"oos_val": [["set a warning for when my bank account starts running low", "oos"], ["a show on broadway", "oos"], ["who has the best record in the nfl", "oos"], ["how do i find the area of a circle", "oos"], ["how many onions do i have on hand", "oos"]], "val": [["in spanish, meet me tomorrow is said how", "translate"], ["in french, how do i say, see you later", "translate"], ["how do you say hello in japanese", "translate"], ["how do i ask about the weather in chinese", "translate"], ["how can i say \"cancel my order\" in french", "translate"]], "train": [["what expression would i use to say i love you if i were an italian", "translate"], ["can you tell me how to say 'i do not speak much spanish', in spanish", "translate"], ["what is the equivalent of, 'life is good' in french", "translate"], ["tell me how to say, 'it is a beautiful morning' in italian", "translate"], ["if i were mongolian, how would i say that i am a tourist", "translate"]], "oos_test": [["how much has the dow changed today", "oos"], ["how many prime numbers are there between 0 and 100", "oos"], ["can you tell me how to solve simple algebraic equations with one variable", "oos"], ["can you dim the brightness of my screen", "oos"], ["what is the account number to the internet service i have", "oos"]], "test": [["how would you say fly in italian", "translate"], ["what's the spanish word for pasta", "translate"], ["how would they say butter in zambia", "translate"], ["how do you say fast in spanish", "translate"], ["what's the word for trees in norway", "translate"]], "oos_train": [["how much is an overdraft fee for bank", "oos"], ["why are exponents preformed before multiplication in the order of operations", "oos"], ["what size wipers does this car take", "oos"], ["where is the dipstick", "oos"], ["how much is 1 share of aapl", "oos"]]}