{
  "version": "1.0",
  "language": "en",
  "exams": {
    "Cuaderno_2013_1_B": {
      "name": "Cuaderno_2013_1_B",
      "data": [
        {
          "qid": "1",
          "qtext": "The excitatory postsynaptic potentials:",
          "ra": "3",
          "answers": [
            {
              "aid": 1,
              "atext": "They are all or nothing."
            },
            {
              "aid": 2,
              "atext": "They are hyperpolarizing."
            },
            {
              "aid": 3,
              "atext": "They can be added."
            },
            {
              "aid": 4,
              "atext": "They spread long distances."
            },
            {
              "aid": 5,
              "atext": "They present a refractory period.'"
            }
          ],
          "image": ""
        }
      ],
      "category": "biology",
      "year": "2013"
    }
  }
}