path	sentence	client_id
common_voice_fa_19388185.mp3	الآن وقت مناسبی است که صحبت کنیم؟	dcdbaaacaca64a63d227af90cc954dbc3aefc280e5a71963ba3793a676a3d057c801cc3e5e4ad654b027291b85037c29dc9c82154ffed15e2d6709e7d6c1b7e2
common_voice_fa_19388186.mp3	حتماً شوخی می کنی!	dcdbaaacaca64a63d227af90cc954dbc3aefc280e5a71963ba3793a676a3d057c801cc3e5e4ad654b027291b85037c29dc9c82154ffed15e2d6709e7d6c1b7e2
common_voice_fa_19209230.mp3	هرکس سرش تو کار خودشه به کجای عالم هستی برمیخوره	db8911bfd0b36271249e58bea2b70eb0bdfdcb80f15b19c2c375009096574807b1e0a55c922b01c0fa31e912559a777205c69b015feca7096eec1ea2b682a1b1
common_voice_fa_19209231.mp3	الان باید سوراخ بکـنم یا بعدش؟	db8911bfd0b36271249e58bea2b70eb0bdfdcb80f15b19c2c375009096574807b1e0a55c922b01c0fa31e912559a777205c69b015feca7096eec1ea2b682a1b1
common_voice_fa_18325365.mp3	از مهمونداری کنار بکشم	016099f3eca09d2769a4bcbef9d90cb9742b9b2bf2b6ad1d9ad937cfc05950da21463035a8f66e02d1ce21135adb47b4cea46a110e65c5d4c8f6e1a31a07b3f0
common_voice_fa_18960256.mp3	خب ، تو چیكار می كنی؟	08c6e3ae4acdced8e01b6cdd184ab85238211761114f124eb3da44a63eb2edb9676810d7da72283bb5612c215366c1b5c4f960e7accbb1402d4d806f94cc9e01
