<benchmark>
  <entries>
    <entry category="Building" eid="Id1" shape="(X (X) (X) (X) (X))" shape_type="sibling" size="4">
      <originaltripleset>
        <otriple>103_Colmore_Row | location | Birmingham</otriple>
        <otriple>103_Colmore_Row | buildingEndDate | "1976"</otriple>
        <otriple>103_Colmore_Row | buildingStartDate | "1973"</otriple>
        <otriple>103_Colmore_Row | floorCount | 23</otriple>
      </originaltripleset>
      <originaltripleset>
        <otriple>103_Colmore_Row | location | Birmingham</otriple>
        <otriple>103_Colmore_Row | buildingEndDate | "1976"</otriple>
        <otriple>103_Colmore_Row | buildingStartDate | "1973"</otriple>
        <otriple>103_Colmore_Row | floorCount | "23"^^xsd:positiveInteger</otriple>
      </originaltripleset>
      <modifiedtripleset>
        <mtriple>103_Colmore_Row | location | Birmingham</mtriple>
        <mtriple>103_Colmore_Row | completionDate | 1976</mtriple>
        <mtriple>103_Colmore_Row | buildingStartDate | "1973"</mtriple>
        <mtriple>103_Colmore_Row | floorCount | 23</mtriple>
      </modifiedtripleset>
      <lex comment="good" lid="Id1">The building of 103 Colmore Row began in 1973 and it was completed in 1976. It is located at 103 Colmore Row, Birmingham and it has 23 floors.</lex>
    </entry>
    </entries>
</benchmark>