[
    {
        "correctTitle": "titleA",
        "id": "92900",
        "sectionText": "ਗੁਰਮੀਤ ਸਿੰਘ ਇਸ ਲੇਖ ਵਿਚ ਕਹਿੰਦੇ ਹਨ ਕਿ, 'ਲੋਕ ਚਿਕਿਤਸਾ ਵਿਚ ਜੜੀ ਬੂਟੀਆਂ ਨੂੰ ਵੀ ਸ਼ਾਮਿਲ ਕੀਤਾ ਜਾਂਦਾ ਹੈ। ਪਰ ਲੋਕ ਚਿਕਿਤਸਾ ਵਿਚ ਜਦੋਂ ਅਸੀਂ ਜੜੀ-ਬੂਟੀਆਂ ਦੀ ਗੱਲ ਕਰਦੇ ਹਾਂ ਤਾਂ ਸਾਡਾ ਭਾਵ ਉਨ੍ਹਾਂ ਜੜ੍ਹੀ-ਬੂਟੀਆਂ ਤੋਂ ਹੀ ਹੈ ਜਿੰਨ੍ਹਾਂ ਦੀ ਵਰਤੋਂ ਪਿੱਛੇ ਜਾਦੂ ਟੂਣਾ ਜਾਂ ਧਰਮ ਨਾਲ ਲੋਕ ਵਿਸ਼ਵਾਸਾਂ ਦੀ ਭਾਵਨਾ ਕਾਰਜਸ਼ੀਲ ਰਹਿੰਦੀ ਹੈ।' ਜੜ੍ਹੀ-ਬੂਟੀਆਂ ਦੀ ਇਲਾਜ-ਸ਼ਕਤੀ ਵੀ ਉਹਨਾਂ ਵਿਚਲੇ ਰੋਗਾਣੂਨਾਸ਼ਕ ਤੱਤਾਂ ਕਰਕੇ ਨਹੀਂ ਸਮਝੀ ਜਾਂਦੀ, ਸਗੋਂ ਜੜੀ-ਬੂਟੀਆਂ ਨਾਲ ਜੁੜੀ ਦੈਵੀ ਭਾਵਨਾ ਦਾ ਪ੍ਰਤਿਫਲ ਸਮਝੀ ਜਾਂਦੀ ਸੀ। \nਮਨੁੱਖੀ ਚਿੰਤਨ ਨੇ ਅੱਜ ਤਕ ਤਿੰਨ ਪੜਾਅ ਤਹਿ ਕੀਤੇ ਹਨ – 1) ਜਾਦੂ ਚਿੰਤਨ 2) ਧਰਮ 3) ਵਿਗਿਆਨ",
        "titleA": "ਜਾਦੂ, ਧਰਮ ਅਤੇ ਚਿਕਿਤਸਾ",
        "titleB": "ਜਾਦੂ ਦੇ ਦੋ ਮੁਖ ਸਿਧਾਂਤ",
        "titleC": "ਜਾਦੂ ਚਿੰਤਨ ਤੋਂ ਧਰਮ ਚਿੰਤਨ ਵਲ",
        "titleD": "ਲੋਕ ਚਿਕਿਤਸਾ : ਸਿਧਾਂਤਕ ਪਰਿਪੇਖ",
        "url": "https://pa.wikipedia.org/wiki?curid=92900"
    },
    {
        "correctTitle": "titleD",
        "id": "111511",
        "sectionText": "ਉਹ ਲਿਪੋਮਾ ਵਿਕਸਤ ਕਰਨ ਦੀ ਪ੍ਰਵਿਰਤੀ ਜਰੂਰੀ ਨਹੀਂ ਹੈ, ਹਾਲਾਂਕਿ ਪਰਿਵਾਰਕ ਬਹੁਗਿਣਤੀ ਲਿੱਪੋਮੇਟੋਜ ਵਰਗੇ ਵਿਰਾਸਤੀ ਹਾਲਤਾਂ ਵਿਚ ਲਿਪੋਮਾ ਵਿਕਾਸ ਸ਼ਾਮਲ ਹੋ ਸਕਦਾ ਹੈ | ਚੂਹਿਆਂ ਵਿੱਚ ਜੈਨੇਟਿਕ ਅਧਿਐਨਾਂ ਨੇ ਐਚਐਮਜੀ ਆਈ-ਸੀ ਜੀਨ (ਪਹਿਲਾਂ ਮੋਟਾਪੇ ਨਾਲ ਸੰਬੰਧਿਤ ਜੀਨ ਵਜੋਂ ਜਾਣੇ ਜਾਂਦੇ) ਅਤੇ ਲਿਪੋਮਾ ਡਿਵੈਲਪਮੈਂਟ ਦੇ ਵਿਚਕਾਰ ਇੱਕ ਸਬੰਧ ਦਿਖਾਇਆ ਹੈ | ਇਹ ਅਧਿਐਨਾਂ ਮਨੁੱਖਾਂ ਵਿਚ ਪੁਰਾਣੇ ਐਪੀਡੈਮੀਲੋਜੀ ਡੇਟਾ ਦਾ ਸਮਰਥਨ ਕਰਦੀਆਂ ਹਨ ਜੋ ਐਚਐਮਜੀ I-C ਅਤੇ ਮੇਸੇਨਚਿਮਲ ਟਿਊਮਰਸ ਦੇ ਵਿਚਕਾਰ ਸਬੰਧ ਦਿਖਾਉਂਦੇ ਹਨ |\n\nਕੇਸਾਂ ਦੀ ਰਿਪੋਰਟ ਦਿੱਤੀ ਗਈ ਹੈ ਜਿੱਥੇ ਮਾਮੂਲੀ ਸੱਟਾਂ ਉੱਤੇ ਲਿਪੋਮਾ ਦੀ ਵਾਧਾ ਦਰ ਸ਼ੁਰੂ ਹੋਈ ਹੈ, ਜਿਸਨੂੰ \"ਪੋਸਟ-ਟਰੌਮੈਟਿਕ ਲਿਪੋਮਾ\" ਕਿਹਾ ਜਾਂਦਾ ਹੈ | ਹਾਲਾਂਕਿ, ਸਦਮਾ ਅਤੇ ਲੇਪੋਮਾਸ ਦੇ ਵਿਕਾਸ ਵਿਚਕਾਰ ਸੰਬੰਧ ਵਿਵਾਦਪੂਰਨ ਹੈ |\n",
        "titleA": "ਇਲਾਜ",
        "titleB": "ਐਪੀਡੈਮਿਓਲਾਜੀ",
        "titleC": "ਕਿਸਮ",
        "titleD": "ਕਾਰਨ",
        "url": "https://pa.wikipedia.org/wiki?curid=111511"
    },
    {
        "correctTitle": "titleD",
        "id": "63723",
        "sectionText": "ਭਾਰਤੀ ਸੰਗੀਤ ਸਾਜ਼ਾਂ ਵਿੱਚ ਕੇਵਲ ਸਾਰੰਗੀ ਹੀ ਇਸ ਤਰ੍ਹਾਂ ਹੈ ਜਿਸ ਵਿੱਚ ਹਰ ਗਾਇਕੀ ਅੰਗ ਵਜਾਇਆ ਜਾ ਸਕਦਾ ਹੈ। ਜਿਵੇਂ ਕਿ ਇਸ ਦੇ ਨਾਂ ਤੋਂ ਸਪੱਸ਼ਟ ਹੁੰਦਾ ਹੈ ਇਸ ਵਿੱਚ ਸੌ ਰੰਗ ਹੁਦੇ ਹਨ ਅਰਥਾਤ ਹਰੇਕ ਰੰਗ ਨਾਲ ਇਹ ਭਰਪੂਰ ਹੈ। ਇਸ ਨੂੰ ਸ਼ਾਸਤਰੀ ਸੰਗੀਤ ਅਤੇ ਲੋਕ ਸੰਗੀਤ ਵਿੱਚ ਪ੍ਰਯੋਗ ਕੀਤਾ ਜਾਂਦਾ ਹੈ। ਇੱਥੇ ਇਹਨਾਂ ਦੇ ਪ੍ਰਯੋਗ ਵਿੱਚ ਥੋੜਾ ਫ਼ਰਕ ਹੁੰਦਾ ਹੈ। ਸ਼ਾਸਤਰੀ ਸੰਗੀਤ ਵਿੱਚ ਪ੍ਰਯੋਗ ਹੋਣ ਵਾਲੀ ਸਾਰੰਗੀ ਦਾ ਸਾਥ ਤਬਲਾ ਦਿੰਦਾ ਹੈ ਅਤੇ ਲੋਕ ਸੰਗੀਤ ਵਿੱਚ ਪ੍ਰਯੋਗ ਹੋਣ ਵਾਲੀ ਸਾਰੰਗੀ ਦੀ ਸੰਗਤ ਢੱਡ ਕਰਦੀ ਹੈ। ਪੰਜਾਬ ਦੇ ਲੋਕ ਸੰਗੀਤ ਸਾਰੰਗੀ ਦਾ ਕਾਫ਼ੀ ਮਹੱਤਵਪੂਰਨ ਸਥਾਨ ਹੈ। ਸਾਰੰਗੀ ਨਾਲ ਕਲੀਆਂ ਗਾਈਆਂ ਜਾਦੀਆਂ ਹਨ ਜਿਵੇਂ ਹੀਰ ਦੀ ਕਲੀ, ਸੱਸੀ ਦੀ ਕਲੀ, ਮਿਰਜ਼ੇ ਦੀ ਕਲੀ, ਦੁੱਲਾ ਭੱਟੀ ਆਦਿ ਕਿਸੇ ਗਾਏ ਜਾਂਦੇ ਹਨ। ਕਦੇ ਕਦੇ ਬੋਲੀਆਂ ਵਿੱਚ ਵੀ ਇਸ ਦਾ ਪ੍ਰਯੋਗ ਹੁੰਦਾ ਹੈ।\nਬਣਾਵਟ \nਇਹ ਲੱਗਪਗ ਦੋ ਫੁੱਟ ਲੰਬੀ ਹੁੰਦੀ ਹੈ। ਆਮ ਤੌਰ 'ਤੇ ਇਸ ਦੀ ਲੰਬਾਈ 58 ਸੈਂਟੀਮੀਟਰ ਤੇ ਚੌੜਾਈ 13 ਸੈਂਟੀਮੀਟਰ ਹੁੰਦੀ ਹੈ। ਇਸ ਵਿੱਚ ਤੂੰਬੇ ਦੀ ਜਗ੍ਹਾ ਤੇ ਲਕੜੀ ਦਾ ਬਣਿਆ ਹੋਇਆ ਢਿੱਡ ਹੁੰਦਾ ਹੈ, ਜਿਹੜਾ ਹੇਠਾਂ ਨੂੰ ਚਿਪਕਿਆ ਹੋਇਆ ਅਤੇ ਉੱਤੇ ਨੂੰ ਡਮਰੂ ਦੇ ਆਕਾਰ ਦਾ ਹੁੰਦਾ ਹੈ। ਇਹ ਲੱਕੜੀ ਨੂੰ ਖੋਦ ਕੇ ਬਣਾਇਆ ਜਾਂਦਾ ਹੈ ਅਤੇ ਇਹਦੇ ਉੱਤੇ ਚਮੜੇ ਨੂੰ ਮੜ੍ਹ ਦਿੱਤਾ ਜਾਂਦਾ ਹੈ। ਇਸ ਚਮੜੇ ਦੇ ਉੱਤੇ ਵਿਚਕਾਰ ਨੂੰ ਊਠ ਦੀ ਹੱਡੀ ਦੀ ਘੋੜੀ ਦੇ ਉੱਪਰੋਂ ਚਾਰ ਤੰਦਾਂ (ਚਮੜੇ ਦੀਆਂ ਤਾਰਾਂ) ਖੂੰਟੀਆ ਵੱਲ ਚਲੀਆਂ ਜਾਦੀਆਂ ਹਨ। ਇਸ ਨੂੰ ਕਮਾਨ ਦੀ ਮਦਦ ਨਾਲ ਵਜਾਇਆ ਜਾਂਦਾ ਹੈ। ਖੱਬੇ ਹੱਥ ਦੀਆਂ ਉਂਗਲੀਆਂ ਦੇ ਨਹੁੰ ਨਾਲ ਤੰਦ ਦੀਆਂ ਤਾਰਾਂ ਪਿੱਛੇ ਤੋਂ ਛੂਹ ਕੇ ਆਪਣੀ ਇੱਛਾ ਅਨੁਸਾਰ ਸੁਰ ਕੱਢੇ ਜਾਂਦੇ ਹਨ। ਇਸ ਵਿੱਚ ਪਰਦੇ ਨਹੀਂ ਹੁੰਦੇ ਕੇਵਲ ਅਭਿਆਸ ਨਾਲ ਸੁਰ ਕੱਢੇ ਜਾਂਦੇ ਹਨ।\n",
        "titleA": "ਕਾਟੋ",
        "titleB": "ਖੜਤਾਲ",
        "titleC": "ਘੁਮਚੂ(ਬੁਗਦੁ)",
        "titleD": "ਸਾਰੰਗੀ",
        "url": "https://pa.wikipedia.org/wiki?curid=63723"
    }
]