{"data": [{"title": "101-Year-Old Bottle Message", "paragraphs": [{"Adv": {"context": "Angela Erdmann never knew her grandfather. He died in 1946, six years before she was born. But, on Tuesday 8th April, 2014, she described the extraordinary moment when she received a message in a bottle, 101 years after he had lobbed it into the Baltic Sea. Thought to be the world\u2019s oldest message in a bottle, it was presented to Erdmann by the museum that is now exhibiting it in Germany.", "a_spans": [[0, 45], [56, 70], [56, 70]], "d_spans": [[63], [42, 45], [16, 34]]}, "Int": {"context": "Angela Erdmann never knew her grandfather. He died in 1946, six years before she was born. But, on Tuesday April 8th, 2014, she described the extraordinary moment when she received a message in a bottle, 101 years after he had thrown it into the Baltic Sea. The bottle is believed to be the world\u2019s oldest message in a bottle and it was presented to Erdmann by the museum that is now exhibiting it in Germany.", "a_spans": [[0, 45], [60, 74], [60, 74]], "d_spans": [[67], [42, 45], [16, 34]]}, "Ele": {"context": "Angela Erdmann never knew her grandfather. He died in 1946, six years before she was born. But, on Tuesday April 28th, 2014, she described the extraordinary moment when she received a message in a bottle, 101 years after he threw it into the Baltic Sea. The bottle is possibly the world\u2019s oldest message in a bottle. It was presented to Erdmann by the museum that is now exhibiting it in Germany.", "a_spans": [[0, 44], [56, 70], [56, 70]], "d_spans": [[63], [41, 44], [16, 34]]}, "qas": [{"question": "Who threw the bottle into the Baltic Sea?", "references": -1, "answers": ["Angela Erdmann\u2019s grandfather", "Angela Erdmann", "A museum worker", "A fisherman"]}, {"question": "Where is the bottle now?", "references": -1, "answers": ["On exhibit in Germany", "In Angela Erdmann\u2019s possession", "In the Baltic Sea", "In a private collection of maritime items"]}, {"question": "How did Angela Erdmann find out about the bottle?", "references": 1, "answers": ["A museum told her that they had it", "She coincidentally saw it at the museum where it was held", "She found it in her basement on April 28th, 2014", "A friend told her about it"]}]}, {"Adv": {"context": "\u201cIt was very surprising,\u201d Angela Erdmann, 62, said, recalling how she found out about the bottle. \u201cA man stood at my door and told me he had post from my grandfather. He then told me that a message in a bottle had been found and that the name that was on the card was that of my grandfather.\u201d Her visitor was a genealogical researcher who had managed to track her down in Berlin after the letter was given to the International Maritime Museum in the northern port city of Hamburg.", "a_spans": [[16, 57], [58, 89], [16, 57]], "d_spans": [[74, 89], [16, 30], [74, 89]]}, "Int": {"context": "\u201cIt was very surprising,\u201d Angela Erdmann, 62, said, describing how she found out about the bottle. \u201cA man stood at my door and told me he had post from my grandfather. He then told me that a message in a bottle had been found and that the name that was on the card was that of my grandfather.\u201d Her visitor was a genealogical researcher who had managed to find her in Berlin after the letter was given to a museum in the northern port city of Hamburg.", "a_spans": [[16, 57], [58, 86], [16, 57]], "d_spans": [[73, 86], [16, 30], [73, 86]]}, "Ele": {"context": "\u201cIt was very surprising,\u201d Angela Erdmann, 62, said, when she described how she found out about the bottle. \u201cA man came to my door and told me he had post from my grandfather. Then, he told me that someone had found a message in a bottle and that on the card was my grandfather\u2019s name.\u201d Her visitor was a family-tree researcher who found her in Berlin after someone gave the letter to a museum in the northern city of Hamburg.", "a_spans": [[18, 54], [55, 79], [18, 54]], "d_spans": [[67, 79], [18, 32], [67, 79]]}, "qas": [{"question": "What did Angela\u2019s visitor deliver?", "references": -1, "answers": ["News of the discovery of the bottle", "A message from the post office", "A letter from a museum in Hamburg", "A package for Angela"]}, {"question": "Who was Angela\u2019s visitor?", "references": -1, "answers": ["An ancestry researcher", "A museum representative from Hamburg", "A postman", "A journalist"]}, {"question": "How did the visitor know the message in the bottle was written by Angela\u2019s grandfather?", "references": 0, "answers": ["Her grandfather\u2019s name appeared on the message", "Her grandfather\u2019s name was carved on the bottle", "The person who gave it to the museum said so", "The letter had unique details about her grandfather\u2019s life"]}]}, {"Adv": {"context": "The brown beer bottle, which had been in the water for 101 years, was found in the catch of Konrad Fischer, a fisherman, who had been out in the Baltic Sea off the northern city of Kiel. Holger von Neuhoff, curator for ocean and science at the museum, said this bottled message was the oldest he had come across. \u201cThere are documents that have been found without the bottle that are older and are in the museum,\u201d he said. \u201cBut, with the bottle and the document, this is certainly the oldest at the moment. It is in extremely good condition.\u201d", "a_spans": [[0, 22], [37, 99], [37, 99]], "d_spans": [[37, 47], [0, 12], [27, 30]]}, "Int": {"context": "The brown beer bottle, which had been in the water for 101 years, was found by a fisherman, who had been out in the Baltic Sea off the northern city of Kiel. Holger von Neuhoff, a curator at the museum, said this bottled message was the oldest he had come across. \u201cThere are documents that have been found without the bottle that are older and are in the museum,\u201d he said. \u201cBut, with the bottle and the document, this is certainly the oldest at the moment. It is in extremely good condition.\u201d", "a_spans": [[0, 17], [32, 91], [32, 91]], "d_spans": [[32, 39], [0, 12], [22, 25]]}, "Ele": {"context": "The brown beer bottle was in the water for 101 years. A fisherman found it in the Baltic Sea off the northern city of Kiel. Holger von Neuhoff, a curator at the museum, said this bottled message was the oldest he had ever seen. \u201cThere are documents without the bottle that are older and they are in the museum,\u201d he said. \u201cBut, with the bottle and the document, this is certainly the oldest at the moment. It is in very good condition.\u201d", "a_spans": [[0, 24], [25, 81], [25, 81]], "d_spans": [[25, 32], [0, 10], [16, 18]]}, "qas": [{"question": "How was the bottle discovered?", "references": -1, "answers": ["A fisherman discovered it", "It washed up on the shore of Kiel", "Holger von Neuhoff discovered it", "A boy discovered it while playing in the sea"]}, {"question": "What does Holger von Neuhoff say about the bottled message?", "references": -1, "answers": ["It is the oldest message found along with the bottle he has ever encountered", "It is the oldest message in the museum", "It is a beer bottle that was in the water for 101 years", "It is the most recent addition to the museum\u2019s collection"]}, {"question": "Does the museum have older messages than the one recently discovered?", "references": 1, "answers": ["Yes, but without the bottle", "No, it is the oldest message", "Yes, but not from the Baltic Sea", "No, it displays mostly personal relics"]}]}, {"Adv": {"context": "Researchers believe Erdmann\u2019s grandfather, Richard Platz, threw the bottle in the sea while on a hike with a nature appreciation group in 1913. He was 20 years old at the time. Much of the postcard was indecipherable, although the address in Berlin on the front of the card was legible, as was the author\u2019s polite request that the note be sent by the finder to his home address. \u201cHe also included two stamps from that time that were also in the bottle, so the finder would not incur a cost,\u201d Erdmann said. \u201cBut he did not think it would take 101 years.\u201d She said she was moved by the arrival of the message, although she had not known her grandfather because he died, at the age of 54, six years before she was born.", "a_spans": [[0, 30], [50, 91], [50, 67]], "d_spans": [[123, 127], [102, 133], [6, 11]]}, "Int": {"context": "Researchers believe Erdmann\u2019s grandfather, Richard Platz, threw the bottle in the sea while on a hike in 1913. He was 20 years old at the time. A lot of the message on the postcard was impossible to read, although the address in Berlin on the front of the card was legible. Also legible was the author\u2019s polite request that the person finding it should send it to his home address. \u201cHe also included two stamps from that time that were in the bottle, so the finder would not have to pay for postage,\u201d Erdmann said. \u201cBut he did not think it would take 101 years.\u201d She said she was moved by the arrival of the message, although she had not known her grandfather because he died, at the age of 54, six years before she was born.", "a_spans": [[0, 25], [51, 94], [51, 69]], "d_spans": [[126, 130], [105, 136], [6, 11]]}, "Ele": {"context": "Researchers believe that Erdmann\u2019s grandfather, Richard Platz, threw the bottle into the sea when he was on a hike in 1913. He was 20 years old at the time. A lot of the message on the postcard was impossible to read, but the address in Berlin on the front of the card was legible. Platz asked the person who found it to send the postcard to his home address. \u201cHe also included two stamps from that time that were also in the bottle, so the finder would not have to pay for postage,\u201d Erdmann said. \u201cBut he did not think it would take 101 years.\u201d She said she was moved by the arrival of the message, but she did not know her grandfather because he died, at the age of 54, six years before she was born.", "a_spans": [[0, 28], [54, 94], [54, 68]], "d_spans": [[126, 130], [105, 136], [7, 12]]}, "qas": [{"question": "According to researchers, when did Richard Platz throw the bottle into the sea?", "references": -1, "answers": ["At the age of 20", "Before 1913", "At the age of 54", "Before 1901"]}, {"question": "What did Richard Platz request from the person who finds the bottle?", "references": -1, "answers": ["To use the stamps in the bottle to send the letter to Platz", "To buy two stamps and sent the letter to Platz", "To give the bottle to Angela after his death", "To rescue him from the island he was stranded on"]}, {"question": "Where did Richard Platz want the postcard to end up?", "references": 1, "answers": ["His home", "In the hands of whomever found it", "Floating in the sea", "At a museum"]}]}, {"Adv": {"context": "\u201cI knew very little about my grandfather, but I found out that he was a writer who was very open-minded, and believed in freedom and that everyone should respect each other,\u201d she said. \u201cHe did a lot for the young and later traveled with his wife and two daughters. It was wonderful because I could see where my roots came from.\u201d Like her grandfather, Erdmann said, she also liked culture and traveling around the world. She described herself as open-minded, too. \u201cWhat he taught his two daughters, my mother taught me and I have then given to my sons,\u201d she said. Despite her joy at receiving the bottled message, she said that she hoped others would not repeat what her grandfather had done and throw bottles with messages into the sea. \u201cToday, the sea is so full of so many bottles and rubbish that more shouldn\u2019t be thrown in there,\u201c she said.", "a_spans": [[0, 80], [101, 151], [101, 151]], "d_spans": [[131, 151], [64, 74], [21, 23]]}, "Int": {"context": "\u201cI knew very little about my grandfather, but I found out that he was a writer who was very open-minded, and believed in freedom and that everyone should respect each other,\u201d she said. \u201cHe did a lot for the young and later traveled with his wife and two daughters. It was wonderful because I could see where my roots came from.\u201d Erdmann said she also liked culture and traveling around the world, just like her grandfather. She described herself as open-minded, too. \u201cWhat he taught his two daughters, my mother taught me and I have then given to my sons,\u201d she said. She was very happy to receive the bottled message, she said, but she hoped other people would not do what her grandfather had done and throw bottles with messages into the sea. \u201cToday, the sea is so full of so many bottles and rubbish that more shouldn\u2019t be thrown in there,\u201d she said.", "a_spans": [[0, 81], [102, 154], [102, 154]], "d_spans": [[134, 154], [61, 71], [21, 23]]}, "Ele": {"context": "\u201cI knew very little about my grandfather. But I found out that he was a writer. He was very open-minded, and he believed in freedom and that everyone should respect each other,\u201d she said. \u201cHe did a lot for the young and later traveled with his wife and two daughters. It was wonderful because I could see where my roots came from.\u201d Erdmann said she also liked culture and traveling around the world, just like her grandfather. She described herself as open-minded, too. She was very happy to receive the bottled message, she said, but she hoped other people would not do what her grandfather did and throw bottles with messages into the sea. \u201cToday, the sea is so full of bottles and rubbish that we shouldn\u2019t throw more in there,\u201d she said.", "a_spans": [[0, 82], [83, 132], [83, 132]], "d_spans": [[114, 132], [62, 72], [22, 24]]}, "qas": [{"question": "Which of the following characteristics does Angela Erdman share with her grandfather?", "references": -1, "answers": ["Open-mindedness", "Love for writing", "Opposition to polluting the sea", "Love for museums"]}, {"question": "Does Angela approve of sending bottled messages into the sea nowadays?", "references": -1, "answers": ["No, she thinks there is already enough objects in the sea that do not belong there", "Yes, as long as they are not thrown along with rubbish", "Yes, to her it is part of the culture of travelling around the world", "No, she thinks broken bottles in the sea can be dangerous"]}, {"question": "What does Angella think of the state of the sea today?", "references": 1, "answers": ["It is full of objects that do not belong there", "Too many people have thrown bottled messages into it", "More than ever, it symbolizes freedom", "She finds the rise in sea levels concerning"]}]}, {"Adv": {"context": "The message and the bottle will be on display at Hamburg\u2019s Maritime Museum until the beginning of May 2014, after which experts will attempt to decipher the rest of the text. It is not clear what will then happen to the bottle, but Erdmann hopes it will stay at the museum. \u201cWe want to make a few photos available to put with the bottle and give it a face, so visitors can see the young man who threw the bottle into the water,\u201d she said.", "a_spans": [[0, 50], [51, 84], [0, 50]], "d_spans": [[51, 63], [21, 30], [51, 63]]}, "Int": {"context": "The message and the bottle will be on display at Hamburg\u2019s Maritime Museum until the beginning of May 2014, after which experts will attempt to decipher the rest of the text. It is not clear what will then happen to the bottle, but Erdmann hopes it will stay at the museum. \u201cWe want to make a few photos available to put with the bottle and give it a face, so visitors can see the young man who threw the bottle into the water,\u201d she said.", "a_spans": [[0, 50], [51, 84], [0, 50]], "d_spans": [[51, 63], [21, 30], [51, 63]]}, "Ele": {"context": "The message and the bottle will be on display at Hamburg\u2019s Maritime Museum until the beginning of May 2014. Then, experts will try to decipher the rest of the text. It is not clear what will happen to the bottle after that, but Erdmann hopes it will stay at the museum. \u201cWe want to find a few photos to put with the bottle and give it a face, so visitors can see the young man who threw the bottle into the water,\u201d she said.", "a_spans": [[0, 50], [51, 83], [0, 50]], "d_spans": [[51, 62], [20, 29], [51, 62]]}, "qas": [{"question": "What will happen to the bottle after the experts finish examining the text?", "references": -1, "answers": ["Its fate is not known", "It will stay at the Maritime Museum", "Photos of it will be put on display", "It will be given to Erdmann"]}, {"question": "What does Erdmann want to add to the bottle exhibit?", "references": -1, "answers": ["Pictures of the bottled message\u2019s author", "A photo that depicts a young man throwing a bottle into the sea", "A deciphered copy of the text", "Excerpts from a book written by her grandfather"]}, {"question": "What does Erdmann want to happen to the bottle after the exhibit?", "references": 0, "answers": ["She wants it to remain at the Hamburg Maritime Museum", "She does not make it clear what she wants to happen to the bottle", "She wants museum visitors to be able to take photos with it", "She wants to move it to her apartment and keep it for herself"]}]}]}, {"title": "A New Form of Lie Detector Test", "paragraphs": [{"Adv": {"context": "Police and intelligence agencies around the world have, for almost 100 years, relied on polygraphs as lie detectors to help convict criminals or unearth spies and traitors. The polygraph is beloved of the movies, with countless dramatic moments showing the guilty sweating profusely as they are hooked up. But the invention could soon be defunct. Researchers in Britain and the Netherlands have made a breakthrough, developing a method with a success rate in tests of over 70% that could be in use in police stations around the world within a decade. Rather than relying on facial tics, talking too much or waving of arms \u2013 all seen as tell-tale signs of lying \u2013 the new method involves monitoring full-body motions to provide an indicator of signs of guilty feelings.", "a_spans": [[55, 90], [91, 128], [55, 90]], "d_spans": [[113, 119], [78, 90], [113, 119]]}, "Int": {"context": "Police and intelligence agencies around the world have, for almost 100 years, used polygraphs as lie detectors to help convict criminals or find spies and traitors. But the polygraph could soon be defunct. Researchers in Britain and the Netherlands have developed a new method that has a success rate, in tests, of over 70%. This new method could be in use in police stations around the world within a decade. It doesn\u2019t monitor facial tics, talking too much or waving of arms, which are all signs that someone is lying. The new method monitors full-body motion, which can show that the person is feeling guilty.", "a_spans": [[33, 69], [70, 104], [33, 69]], "d_spans": [[90, 95], [54, 69], [90, 95]]}, "Ele": {"context": "Police and intelligence agencies around the world have, for almost 100 years, used the polygraph, a lie-detector test, to help catch criminals and spies. But, now, researchers in Britain and the Netherlands have developed a new method, which is correct (in tests) over 70% of the time. Police stations around the world might begin using this new method within ten years. It doesn\u2019t monitor movements in the face, talking too much or waving arms \u2013 all signs that someone is lying. The new method monitors movements in the whole body, which can show that the person is feeling guilty.", "a_spans": [[24, 60], [61, 98], [24, 60]], "d_spans": [[81, 89], [47, 60], [81, 89]]}, "qas": [{"question": "When is the new lie detection method expected to work with over 70% accuracy?", "references": -1, "answers": ["It has already achieved this accuracy level in tests", "Within ten years", "Once it is modified to monitor movements of the entire body", "It is currently not known"]}, {"question": "What does the new method of lie detection monitor that the polygraph does not?", "references": -1, "answers": ["Motions in the entire body", "Talking too much and arm waving", "Body responses to statements about events within a period of ten years", "Body temperature"]}, {"question": "When are police stations expected to start using the new lie detection method?", "references": 0, "answers": ["Within 10 years", "Once it reaches an accuracy of at least 70%", "Once it is able to track the movements of the entire body", "It is already in use in many police stations"]}]}, {"Adv": {"context": "The polygraph is widely used in the US in criminal and other cases and for security clearance for the FBI and CIA but is much less popular in Europe. There has been a lot of skepticism in the scientific and legal communities about its reliability. By contrast, the new method developed by the researchers has performed well in experiments. The basic premise is that liars fidget more and so the use of an all-body motion suit \u2013 the kind used in films to create computer-generated characters \u2013 will pick this up. One of the research team, Ross Anderson, said: \u201cDecades of deception research show that the interviewer will tell truth from lies only slightly better than random.\u201d He said the new method, by contrast, achieved a reliability rating of over 70%. In some tests, the team has already achieved more than 80%. Anderson said: \u201cThe takeaway message is that guilty people fidget more and we can measure this robustly.\u201d", "a_spans": [[59, 90], [142, 158], [131, 158]], "d_spans": [[19, 21, 29, 44], [0, 44], [83, 85]]}, "Int": {"context": "The polygraph is widely used in the US in criminal cases and for security clearance for the FBI and CIA but is much less popular in Europe. Many people in the scientific and legal communities do not believe that it is reliable. By contrast, the new method has performed well in experiments. The basic thought is that liars fidget more and so the use of an all-body motion suit \u2013 the kind used in films to create computer-generated characters \u2013 will record this. One of the research team, Ross Anderson, said that years of research show that an interviewer will know whether someone is telling the truth, and not lies, in only about 55 times out of 100. He said the new method, by contrast, was reliable over 70% of the time. And he was confident they would be able to do better. In some tests, the team has already achieved more than 80%. Anderson said: \u201cGuilty people fidget more and we can measure this.\u201d", "a_spans": [[52, 82], [154, 164], [143, 164]], "d_spans": [[17, 19, 27, 41], [0, 41], [76, 78]]}, "Ele": {"context": "The polygraph is often used in the US in criminal cases and by the FBI and CIA but is much less popular in Europe. Many people do not believe that it is reliable. The basic idea behind the new method is that liars fidget more and that an all-body motion suit \u2013 the kind used in films to create computer-generated characters \u2013 will record this. The new method is over 70% reliable \u2013 the polygraph is only 55% reliable. In some tests, the success rate of the new method was more than 80%. Ross Anderson, one of the research team, said: \u201cGuilty people fidget more and we can now measure this.\u201d", "a_spans": [[33, 64], [93, 110], [79, 110]], "d_spans": [[14, 16, 24, 32], [0, 32], [58, 60]]}, "qas": [{"question": "What can an all-body suit be used for?", "references": -1, "answers": ["Create computer-generated characters", "Influence liars to fidget more", "Protect FBI and CIA agents", "Protect the body in cold weather"]}, {"question": "What does Anderson say can be measured now?", "references": -1, "answers": ["Body motions that show whether someone is guilty", "Whether fidgeting causes people to feel guilty", "The reliability of the polygraph in determining if someone is guilty", "Small changes in breathing rate that show if someone is guilty"]}, {"question": "What position does Ross Anderson hold?", "references": 1, "answers": ["A researcher on the team developing the new method for lie-detection", "A test participant whose lies the new method could correctly detect 80% of the time", "A special effects editor who creates computer generated characters for tests", "A director of an organization looking to refine interrogation methods"]}]}, {"Adv": {"context": "The polygraph was created in 1921 by policeman John Larson, based on research by the psychologist William Marston. It records changes in pulse, blood pressure, sweating and breathing to ascertain whether a subject is lying. While cinema depictions suggest the device is near-infallible, the US Supreme Court ruled, in 1998, that there was no consensus that the polygraph was reliable, a finding supported by the US National Academy of Scientists in 2003.", "a_spans": [[0, 17], [35, 59], [35, 71]], "d_spans": [[43, 59], [60, 69], [15, 17]]}, "Int": {"context": "The polygraph was created in 1921 by policeman John Larson, based on research by the psychologist William Marston. It records changes in pulse, blood pressure, sweating and breathing to find out whether someone is lying. In movies, the polygraph is always right, But, in 1998, the US Supreme Court ruled that there was no consensus that the polygraph was reliable. This conclusion was supported by the US National Academy of Scientists in 2003.", "a_spans": [[0, 17], [35, 59], [35, 72]], "d_spans": [[46, 59], [60, 70], [15, 17]]}, "Ele": {"context": "The polygraph was created in 1921 by policeman John Larson, based on research by the psychologist William Marston. It records changes in pulse, blood pressure, sweating and breathing to find out if someone is lying. In movies, the polygraph is always correct but, in 1998, the US Supreme Court decided that there was no agreement that the polygraph was reliable. The US National Academy of Scientists said the same thing in 2003.", "a_spans": [[0, 17], [35, 59], [35, 71]], "d_spans": [[46, 59], [60, 71], [15, 17]]}, "qas": [{"question": "Who was John Larson?", "references": -1, "answers": ["A policeman who developed a lie-detection method", "A psychologist who created the polygraph", "A US Supreme Court judge who ruled on the reliability of the polygraph", "A 21st century researcher working on new methods of lie detection"]}, {"question": "What happened in 1998?", "references": -1, "answers": ["The Supreme Court could not confirm that polygraphs are reliable", "The Supreme Court decided to prohibit the use of polygraphs", "The US National Academy of Scientists said it cannot confirm that polygraphs are reliable", "The European Union decided that polygraphs are not reliable"]}, {"question": "Who first stated that the polygraph might not be reliable?", "references": 1, "answers": ["The Supreme Court of the United States", "The National Academy of Scientists", "The psychologist William Martson", "The Federal Bureau of Intelligence"]}]}, {"Adv": {"context": "The experiment carried out by Anderson and his colleagues involved 180 students and employees at Lancaster University, of which half were told to tell the truth and half to lie. They were each paid \u00a37.50 for their participation in the 70-minute experiment, involving two tests. Some were interviewed about a computer game Never End, which they played for seven minutes, while others lied about playing it, having only been shown notes about it. The second test involved a lost wallet containing \u00a35. Some were asked to bring the wallet to a lost-and-found box while others hid it and lied about it.", "a_spans": [[19, 72], [73, 100], [19, 59]], "d_spans": [[80, 81], [47, 59], [86, 96]]}, "Int": {"context": "The experiment carried out by Anderson and his colleagues involved 180 students and employees at Lancaster University \u2013 half of the people were told to tell the truth and half to lie. They were each paid \u00a37.50 for their participation in the 70-minute experiment, involving two tests. Some were interviewed about a computer game Never End, which they played for seven minutes. Others lied about playing the game \u2013 they had only seen notes about it. The second test involved a lost wallet containing \u00a35. Some were asked to bring the wallet to a lost-and-found box. Others hid it and lied about it.", "a_spans": [[18, 75], [76, 102], [18, 61]], "d_spans": [[83, 84], [49, 61], [89, 98]]}, "Ele": {"context": "The tests Anderson and his colleagues did involved 180 students and employees at Lancaster University. Half of the people were told to tell the truth and half to lie. The researchers interviewed some of the people about a computer game called Never End that they played for seven minutes. Others lied about playing it. The second test involved a lost wallet with \u00a35 inside. Some people had to bring the wallet to a lost-and-found box. Others hid it and lied about it.", "a_spans": [[15, 53], [54, 81], [15, 48]], "d_spans": [[62, 63], [31, 48], [68, 77]]}, "qas": [{"question": "What did participants lie about in the Never End game experiment?", "references": -1, "answers": ["Whether they played the game", "The duration of the game", "Being paid \u00a35 to play the game", "Their position on the game\u2019s leaderboar"]}, {"question": "What were some people supposed to do with the wallet?", "references": -1, "answers": ["Return it to a box of lost-and-found items", "Take out \u00a35 and leave it where they found it", "Discuss what they would do with it in an interview", "Seek out the original owner and return it"]}, {"question": "What did some participants do for seven minutes?", "references": 0, "answers": ["Played a computer game", "Were interviewed about Never End", "Looked for a place to hide a wallet", "Talked to a policeman"]}]}, {"Adv": {"context": "\u201cOverall, we correctly classified 82.2% (truths: 88.9%; lies: 75.6%) of the interviewees as either being truthful or deceptive based on the combined movement in their individual limbs,\u201d the report says. Anderson said: \u201cOur first attempt looked at the extent to which different body parts and body signals indicated deception. It turned out that liars wave their arms more but, again, this is only at the 55% level that you can get from a conventional polygraph. The pay dirt was when we considered total body motion. That turns out to tell truth from lies over 70% of the time.\u201d The use of all-body suits is expensive \u2013 they cost about \u00a330,000 \u2013 and can be uncomfortable, and Anderson and his colleagues are now looking at low-cost alternatives. These include using motion-sensing technology from computer games, such as the Kinect camera devices developed by Microsoft for the Xbox console.", "a_spans": [[98, 125], [126, 146], [98, 125]], "d_spans": [[1, 4], [35, 56], [132, 146]]}, "Int": {"context": "\u201cOverall, we correctly guessed whether 82.2% (truths: 88.9%; lies: 75.6%) of the interviewees were telling the truth or lying based on the movements in their individual limbs,\u201d the report says. Anderson said: \u201cFirst, we looked at how much different body parts showed that someone was lying. We found that liars wave their arms more, but this is only at the 55% level that you can get from a polygraph. The success came when we looked at total body motion. That tells truth from lies over 70% of the time.\u201d The use of all-body suits is expensive \u2013 they cost about \u00a330,000 \u2013 and they can be uncomfortable, so Anderson and his colleagues are now studying low-cost alternatives. These include using motion-sensing technology from computer games, such as the Kinect camera devices developed by Microsoft for the Xbox console.", "a_spans": [[89, 116], [117, 137], [89, 116]], "d_spans": [[2, 5], [33, 52], [123, 137]]}, "Ele": {"context": "The new body-suit method was correct 82.2% of the time. Researchers monitored how much the people moved their arms and legs, to decide if they were telling the truth or lying. All-body suits are expensive \u2013 they cost about \u00a330,000 \u2013 and they can be uncomfortable, so Anderson and his colleagues are now looking at cheaper alternatives. These include using motion-sensing technology from computer games, such as the Kinect camera devices developed by Microsoft for the Xbox console.", "a_spans": [[31, 56], [57, 77], [31, 56]], "d_spans": [[5, 9], [11, 18], [63, 77]]}, "qas": [{"question": "What is one reason Anderson is looking for alternatives to body suits?", "references": -1, "answers": ["Body suits are costly", "Body suits will become expensive in the future", "The new suit is only 82.2% reliable", "Body suits take a long time to manufacture"]}, {"question": "What is one possible alternative to the body suit?", "references": -1, "answers": ["Technology that senses movement remotely", "Microsoft Xbox gaming consoles", "Arm monitors", "A brain scanner"]}, {"question": "Which of the following is true about body suits?", "references": 0, "answers": ["They cost a lot of money", "They are comfortable", "They were inspired by game consoles", "They are very durable"]}]}]}, {"title": "Autumn-Born Children Better at Sports Says Study", "paragraphs": [{"Adv": {"context": "Do you want your child to be good at sports, make the school team and, maybe one day, even compete on the world stage? Well, try to ensure that your would-be Olympian or World Cup winner is born in November or, failing that, in October. A study has found that school pupils born in those months are fitter than everyone else in their class. November- and October-born children emerged as fitter, stronger and more powerful than their peers born in the other ten months of the year, especially those whose birthdays fell in April or June. Dr. Gavin Sandercock, who is from the Center for Sports and Exercise Science at Essex University and led the study, found that autumn-born children enjoyed \u201ca clear physical advantage\u201d over their classmates.", "a_spans": [[64, 95], [96, 127], [64, 95]], "d_spans": [[0, 23], [24, 44], [0, 23]]}, "Int": {"context": "Do you want your child to be good at sports, play for the school team and, maybe one day, even compete in international competitions? Well, try to make sure that your future Olympian or World Cup winner is born in November or October. A study has found that school pupils born in those months are fitter than everyone else in their class. November- and October-born children were fitter, stronger and more powerful than those born in the other ten months of the year, especially those whose birthdays were in April or June. Dr. Gavin Sandercock of Essex University found in his study that autumn-born children had \u201ca clear physical advantage\u201d over their classmates.", "a_spans": [[62, 91], [92, 112], [62, 91]], "d_spans": [[0, 23], [24, 42], [0, 23]]}, "Ele": {"context": "Do you want your child to be good at sports, play for the school team and, maybe one day, even be in international competitions? Well, try to make sure that your child is born in November or October. A study has found that schoolchildren born in November or October are fitter than everyone else in their class. Children born in November or October were fitter, stronger and more powerful than children born in the other ten months of the year. They are especially fitter, stronger and more powerful than children with birthdays in April or June. Dr. Gavin Sandercock of Essex University found in his study that children born in the autumn had \u201ca clear physical advantage\u201d over their classmates.", "a_spans": [[57, 95], [96, 119], [57, 95]], "d_spans": [[0, 23], [24, 37], [0, 23]]}, "qas": [{"question": "What does the study say about the fitness of children born in April or June?", "references": -1, "answers": ["They are weaker than children born in November and October", "They are stronger than all children, except those born in November and October", "They tend to be particularly good at sports", "They tend to perform well on math and science exams when compared to other children"]}, {"question": "Who is Gavin Sandercock?", "references": -1, "answers": ["A researcher who conducted the study", "The dean of Essex University", "A parent of children who were born in November and October", "A professional athlete who was born in the fall"]}, {"question": "Who does the article suggest to be the weakest in comparison with children born in October and November?", "references": 0, "answers": ["Children born in April and June", "All children not born in October and November are equally weak", "Children whose parents did not encourage them to be good at sports", "Children whose parents are not good at sports"]}]}, {"Adv": {"context": "The research involved 8,550 boys and girls aged between ten and 16 from 26 state schools in Essex. All were tested between 2007 and 2010 on three different measures of fitness: stamina, handgrip strength and lower-body power. The results revealed that a child\u2019s month of birth could make \u201csignificant\u201d differences to their levels of cardiovascular fitness, muscle strength and ability to accelerate, all of which predict how good someone is at sports, in which such attributes are vital. Performances at school sports days in the weeks ahead may bear out the findings. November-born children were the fittest overall as they had the most stamina and power and were the second strongest. Those born in October were almost as fit, scoring highest for strength and coming third for power, with December children close behind.", "a_spans": [[18, 61], [92, 110], [18, 61]], "d_spans": [[0, 17], [128, 132], [7, 11]]}, "Int": {"context": "The research involved 8,550 boys and girls aged between ten and 16 from 26 state schools in Essex. All were tested between 2007 and 2010 on three different measures of fitness: stamina, handgrip strength and lower-body power. The results revealed that a child\u2019s month of birth could make \u201csignificant\u201d differences to their levels of cardiovascular fitness, muscle strength and ability to accelerate, all of which predict how good someone is at sports. November-born children were the fittest overall as they had the most stamina and power and were the second strongest. Those born in October were almost as fit, scoring highest for strength and coming third for power, with December children close behind.", "a_spans": [[18, 61], [72, 90], [18, 61]], "d_spans": [[0, 17], [108, 112], [7, 11]]}, "Ele": {"context": "The research involved 8,550 boys and girls aged between ten and 16 from 26 state schools in Essex. All were tested between 2007 and 2010 on three different things: stamina, handgrip strength and lower-body power. The results showed that a child\u2019s month of birth could make big differences to their levels of fitness, muscle strength and ability to accelerate,  all of which predict how good someone is at sports. November children were the fittest because they had the most stamina and power and were the second strongest. Children born in October were almost as fit \u2013 they scored highest for strength and came third for power, with December children close behind.", "a_spans": [[18, 58], [69, 86], [18, 58]], "d_spans": [[0, 17], [106, 110], [7, 11]]}, "qas": [{"question": "What did the study find about stamina, handgrip strength and lower-body power of children?", "references": -1, "answers": ["They varied depending on the time of the year during which the child was born", "They changed significantly between 2007 and 2010 for all children", "They were different between boys and girls and between different state schools", "They were similar for children coming from similar family backgrounds"]}, {"question": "What were the study\u2019s conclusions concerning the stamina, power, and strength of November children compared to other children?", "references": -1, "answers": ["November children ranked second in strength and first in stamina and power", "November children scored highest in each category", "November children came slightly behind December children in one of the categories", "November children did not differ from children born in other months"]}, {"question": "What was one measure the scientists used to assess the children\u2019s fitness?", "references": 0, "answers": ["Hand muscle strength", "Upper body strength", "Age", "Time needed to run a mile"]}]}, {"Adv": {"context": "The gap in physical prowess between children in the same class but born in different months was sometimes very wide. \u201cFor example, we found that a boy born in November can run at least 10% faster, jump 12% higher and is 15% more powerful than a child of the same age born in April. This is, potentially, a huge physical advantage,\u201d said Sandercock. Such gaps could ultimately decide who became a top-level athlete because, as the paper says, \u201cselection into elite sports may often depend on very small margins or differences in an individual\u2019s physical performance\u201d. The study, which has been published in the International Journal of Sports Medicine, found that, when scores for the three kinds of fitness were combined, those born in April were the least fit, then those in June. That could see those children excluded from school teams and becoming sporting underachievers, Sandercock said.", "a_spans": [[20, 60], [63, 95], [78, 95]], "d_spans": [[78, 95], [8, 10], [30, 43]]}, "Int": {"context": "The gap in physical ability between children in the same class but born in different months was sometimes very wide. \u201cFor example, we found that a boy born in November can run at least 10% faster, jump 12% higher and is 15% more powerful than a child of the same age born in April. This is, potentially, a huge physical advantage,\u201d said Sandercock. Such gaps could decide who became a top-level athlete because, as the paper says, \u201cselection into elite sports may often depend on very small margins or differences in an individual\u2019s physical performance\u201d. The study, which has been published in the International Journal of Sports Medicine, found that, when scores for the three kinds of fitness were combined, those born in April were the least fit, then those in June. That could see those children excluded from school teams and becoming sporting underachievers, Sandercock said.", "a_spans": [[20, 60], [63, 94], [77, 94]], "d_spans": [[77, 94], [8, 10], [30, 43]]}, "Ele": {"context": "The gap in physical ability between children in the same class but born in different months was sometimes very wide. \u201cFor example, we found that a boy born in November can run at least 10% faster, jump 12% higher and is 15% more powerful than a child of the same age born in April. This is a huge physical advantage,\u201d said Sandercock. These gaps could decide who became a top-level athlete because \u201cselection into elite sports may often depend on very small differences in a person\u2019s physical performance\u201d. The study found that, when scores for the three kinds of fitness were put together, children born in April were the least fit, followed by children born in June.", "a_spans": [[20, 61], [62, 87], [72, 87]], "d_spans": [[72, 87], [8, 10], [30, 43]]}, "qas": [{"question": "What are percentages used for in the passage?", "references": -1, "answers": ["To indicate that November-born children have physical advantages", "To compare fall-born children born in different years", "To show how even small differences in physical performance affect selection for elite sports", "To indicate the fraction of children born in November who become professional athletes"]}, {"question": "What can small differences in physical performance determine?", "references": -1, "answers": ["Whether a person will become a professional athlete", "Whether a top-level sport is considered \u201celite\u201d", "Whether a person can compete in a lower weight class", "Whether a person will develop an interest in sports"]}, {"question": "According to Sandercock, what does selection into elite sports often depend on?", "references": 1, "answers": ["Small differences in physical ability", "The decision of a small selection committee", "Being in the top 10% to 15% of the population in speed, height and power", "Persistence and luck"]}]}, {"Adv": {"context": "The findings seem to show that children born in the early months of the school year enjoy a double \u201cautumn advantage\u201d \u2013 they are already known to have an academic advantage and, now, they also appear to be better equipped for sports, too. The authors believe that autumn-born children\u2019s greater exposure over the summer months, towards the end of pregnancy, to vitamin D is the most likely explanation. John Steele, chief executive of the Youth Sport Trust, said the quality of a young person\u2019s introduction to sports at school can be \u201ca major factor\u201d in their sporting development. \u201cChildren that get a high-quality first experience, which develops their physical literacy, are those that will have greater agility, balance and coordination, and are more likely to develop an enjoyment of physical activity and excel in sports as they grow up\u201d, he said.", "a_spans": [[43, 67], [68, 140], [68, 140]], "d_spans": [[68, 97], [47, 62], [18, 30]]}, "Int": {"context": "The findings seem to show that children born in the early months of the school year enjoy a double \u201cautumn advantage\u201d \u2013 they are already known to have an academic advantage and, now, they also appear to be better equipped for sports, too. The authors believe that autumn-born children\u2019s greater exposure over the summer months, towards the end of pregnancy, to vitamin D is the most likely explanation. John Steele, chief executive of the Youth Sport Trust, said the quality of a young person\u2019s introduction to sports at school can be \u201ca major factor\u201d in their sporting development. \u201cChildren that get a high-quality first experience are those that will have greater agility, balance and coordination, and are more likely to develop an enjoyment of physical activity and excel in sports as they grow up\u201d, he said.", "a_spans": [[43, 67], [68, 135], [68, 135]], "d_spans": [[68, 97], [47, 62], [18, 30]]}, "Ele": {"context": "The findings seem to show that children born in the early months of the school year enjoy a double \u201cautumn advantage\u201d \u2013 we already know that they have an academic advantage and, now, they also seem to be better at sports, too. The authors of the study believe that the most likely explanation is that children born in autumn get more vitamin D over the summer months towards the end of pregnancy. John Steele, chief executive of the Youth Sport Trust, said the quality of a young person\u2019s introduction to sports at school can be \u201ca major factor\u201d in their sporting development. \u201cChildren that get a high-quality first experience will have greater agility, balance and coordination, and are more likely to develop an enjoyment of physical activity and be good at sports as they grow up\u201d, he said.", "a_spans": [[42, 71], [72, 137], [72, 137]], "d_spans": [[72, 101], [55, 71], [18, 30]]}, "qas": [{"question": "What does the study say about vitamin D?", "references": -1, "answers": ["Exposure to vitamin D during pregnancy explains why autumn born children are better at sports", "The amount of vitamin D given by the researchers to each child affect their performance at sports", "It supports Steele\u2019s claim that vitamin D is a major factor in children\u2019s sporting development", "Vitamin D causes more children to be born during the fall time"]}, {"question": "What is one effect of a high-quality first sports experience, according to Steele?", "references": -1, "answers": ["Enjoyment of physical activity", "High expectations from the social environment to be good at sports", "Increased exposure to vitamin D due to spending more time outside", "Better performance on standardized tests"]}, {"question": "What does Steele say is \u201ca major factor\u201d in the development of a child\u2019s athletic abilities?", "references": 1, "answers": ["The child\u2019s initial exposure to sports in school", "The enjoyment the children derive from sports", "The academic advantage of autumn-born children", "The extent to which their parents are interested in sports"]}]}, {"Adv": {"context": "UK Sport could not say if a disproportionately high number of the 1,300 athletes across 47 sports it funds were born in November and October. Natalie Dunman, its head of performance pathways, said that, while the differences highlighted in the new findings were borne out by teenagers competing in junior-level competitions, they had disappeared by the time athletes were taking part in adult competitions. She said: \u201cLooking at elite, senior athletes, there are many factors that go into making a champion and our work hasn\u2019t uncovered anything to suggest that month of birth is one of the key ingredients.\u201d", "a_spans": [[25, 63], [64, 98], [64, 98]], "d_spans": [[73, 80], [0, 24], [0, 24]]}, "Int": {"context": "UK Sport could not say if a disproportionate majority of the 1,300 athletes across 47 sports it funds were born in November and October. Natalie Dunman, its head of performance, said that while the differences highlighted in the new findings were borne out by teenagers competing in junior-level competitions, they had disappeared by the time athletes were taking part in adult competitions. She said: \u201cWith elite, senior athletes, there are many factors that make a champion and our work hasn\u2019t uncovered anything to suggest that month of birth is one of the key ingredients.\u201d", "a_spans": [[24, 61], [62, 93], [62, 93]], "d_spans": [[70, 75], [0, 23], [0, 23]]}, "Ele": {"context": "UK Sport could not say if a majority of the 1,300 athletes it gives money to were born in November and October. Natalie Dunman, its head of performance, said that the differences shown in the new study were true for teenagers in junior-level competitions, but that the differences disappear before athletes were in adult competitions. She said: \u201cWith adult athletes, there are many factors that make a champion and we don\u2019t think that month of birth is one of the key ingredients.\u201d", "a_spans": [[22, 54], [55, 81], [55, 81]], "d_spans": [[62, 67], [0, 21], [0, 21]]}, "qas": [{"question": "What does Natalie Dunman note is a limitation to the study?", "references": -1, "answers": ["It did not investigate if the differences in teenagers persisted to adulthood", "The teenagers in the study did not take part in junior-level competitions", "It examined too many unimportant factors in determining what makes a champion athlete", "It had too small a sample size"]}, {"question": "According to Dunman, when it comes to adult athletes ...", "references": -1, "answers": ["birth month is a relatively unimportant component", "irth month is only one of the key ingredients", "almost half the 1,300 athletes employed by UK Sport were born in November and October", "getting sufficient vitamin D is unimportant"]}, {"question": "Where does Dunamn believe the athletic abilities of adults are derived from?", "references": 1, "answers": ["A combination of multiple different factors", "The month in which they were born in", "The opportunities offered by UK Sport during their youth", "Primarily from their innate genetics"]}]}]}, {"title": "Bangladeshi Organization Delivers a Lesson on Ending Child Labor", "paragraphs": [{"Adv": {"context": "The small space is set up to look like a classroom. Its corrugated iron walls are hung with educational charts \u2013 illustrated letters of the alphabet and a map of Bangladesh. But, the constant sound of hammering and the chemicals in the air that catch in the back of the throat and irritate the eyes make it hard to concentrate. The children who learn in this three-square-meter room are the lucky ones, however. They have escaped working in the factories opposite.", "a_spans": [[11, 30], [60, 80], [60, 80]], "d_spans": [[76, 80], [31, 59], [31, 59]]}, "Int": {"context": "The small space is set up to look like a classroom. On its corrugated iron walls are educational charts \u2013 letters of the alphabet and a map of Bangladesh. But, it is hard to concentrate \u2013 there is the constant sound of hammering and chemicals in the air that stick in the back of the throat and irritate the eyes. However, the children who learn in this three-square-meter room are the lucky ones. They have escaped working in the factories opposite.", "a_spans": [[11, 28], [60, 80], [60, 80]], "d_spans": [[76, 80], [36, 59], [11, 34]]}, "Ele": {"context": "The small room looks like a classroom. The posters on the walls show letters of the alphabet and a map of Bangladesh. But, it is hard to concentrate \u2013 there is the loud hammering and chemicals in the air that hurt the throat and eyes. But, the children who learn in this three-square-meter room are lucky. They have escaped working in the factories opposite.", "a_spans": [[7, 21], [45, 63], [45, 63]], "d_spans": [[59, 63], [29, 44], [22, 44]]}, "qas": [{"question": "What is depicted on the walls?", "references": -1, "answers": ["A map of a country", "Letters from several languages", "Images of factory workers", "Portraits of historical figures"]}, {"question": "Why are the people in the room lucky?", "references": -1, "answers": ["They do not work in factories nearby", "They no longer need to study in a three-square-meter room", "They are not exposed to harmful chemicals in the air", "Their parents can afford sending them to a private school"]}, {"question": "Which children are referred to as \u201clucky\u201d?", "references": 1, "answers": ["Children who study in a tiny classroom", "Children who found jobs after finishing school", "Children who are able to concentrate", "Children whose parents have jobs"]}]}, {"Adv": {"context": "For 14 years, SOHAY, a grassroots non-governmental organization (NGO) funded by the Global Fund for Children and Comic Relief, has been working in slum areas of Dhaka to get child laborers into school. It focuses on children working in hazardous conditions \u2013 in aluminum and plastic factories, and tanneries. The classroom is one of 23 urban development centers that SOHAY has set up across the capital. The centers prepare children for primary school with classes that help them catch up on their education. Once they are in primary school, the children can do homework at the centers, with help from their peers. Alamin, ten, who used to work in a plastic factory, attends one of the centers. His father is a street seller and his mother a part-time domestic worker. They are all happy that he\u2019s now in school and away from hazardous work. His friend Rabi says he wants to forget his past in the factory. \u201cI like school,\u201d he says.", "a_spans": [[49, 101], [102, 143], [102, 143]], "d_spans": [[33, 40], [0, 3, 33, 40], [6, 8]]}, "Int": {"context": "For 14 years, SOHAY, a grassroots non-governmental organization (NGO) funded by the Global Fund for Children and Comic Relief, has been working in slum areas of Dhaka to get child laborers into school. It focuses on children working in hazardous conditions. The classroom is one of 23 urban development centers that SOHAY has set up in the capital. The centers prepare children for primary school with classes that help them catch up on their education. Once they are in primary school, the children get help with their homework at the centers. Alamin, ten, who used to work in a plastic factory, attends one of the centers. His father is a street seller and his mother a part-time domestic worker. They are all happy that he\u2019s now in school and away from hazardous work. His friend Rabi says he wants to forget his past in the factory. \u201cI like school,\u201d he says.", "a_spans": [[41, 90], [91, 132], [91, 132]], "d_spans": [[33, 40], [0, 3, 33, 40], [6, 8]]}, "Ele": {"context": "For 14 years, SOHAY, a non-governmental organization (NGO), has worked in slums in Dhaka to send child workers to school. It especially tries to help children who do dangerous work. The classroom is one of 23 centers that SOHAY has set up in Dhaka. The classes at the centers help children enter primary school. When they are in school, the children get extra help with their homework at the centers. Alamin, ten years old, used to work in a plastic factory. He now goes to one of the centers. His parents are happy that he\u2019s now in school and not doing dangerous work. His friend Rabi says he wants to forget his past in the factory. \u201cI like school,\u201d he says.", "a_spans": [[30, 69], [70, 102], [70, 102]], "d_spans": [[24, 29], [0, 3, 20, 29], [4, 7]]}, "qas": [{"question": "What do the classes at the center do?", "references": -1, "answers": ["Assist children with getting ready for primary school", "Provide children additional homework", "Teach children safety conditions for doing risky work", "Provide childcare for children while their parents are working"]}, {"question": "Who is Alamin?", "references": -1, "answers": ["A former factory worker", "A teacher in one of the centers", "A 14 year old from SOHAY", "A factory owner who is against child labor"]}, {"question": "What does Alamin currently do?", "references": 1, "answers": ["Attends one of the learning centers", "Works at a plastic factory", "Volunteers at an NGO", "Rescues children from factories"]}]}, {"Adv": {"context": "SOHAY also runs sessions for parents and employers to discourage child labor and offers skills training to increase family income. \u201cGetting working children into formal education is really very challenging,\u201d says SOHAY\u2019s program manager, Mohammed al-Mamun. \u201cTheir psychological and physical condition is not like other children in society. After they leave work, they sometimes find it difficult to make friends and adapt to school.\u201d It is also very challenging to ensure they stay in school \u2013 the dropout rate is very high for these children. Seven-year-old Zhorna Akter Sumayya has two older brothers, both of whom are in work (one at a restaurant, one at a local club). But, after being introduced to education at one of SOHAY\u2019s centers, she now goes to a state primary school. Her parents can\u2019t survive without the income their sons bring home, but they were keen for their daughter to go to school.", "a_spans": [[20, 63], [85, 148], [85, 148]], "d_spans": [[0, 7], [64, 84], [52, 63]]}, "Int": {"context": "SOHAY also has sessions for parents and employers to discourage child labor and offers skills training to increase family income. \u201cGetting working children into formal education is really very difficult,\u201d says SOHAY\u2019s program manager, Mohammed al-Mamun. \u201cThey are not like other children. After they leave work, they sometimes find it difficult to make friends and adapt to school.\u201d It is also very difficult to make sure they stay in school \u2013 lots of these children don\u2019t finish school.\u201d Seven-year-old Zhorna Akter Sumayya has two older brothers \u2013 they are both in work (one at a restaurant, one at a local club). But, after her introduction to education at one of SOHAY\u2019s centers, she now goes to a state primary school. Her parents can\u2019t survive without the money their sons earn, but they wanted their daughter to go to school.", "a_spans": [[20, 57], [78, 138], [78, 138]], "d_spans": [[0, 7], [58, 77], [46, 57]]}, "Ele": {"context": "SOHAY also has classes for parents and employers to stop child labor. \u201cIt can be very difficult for working children to go to school,\u201d says SOHAY\u2019s program manager, Mohammed al-Mamun. \u201cThey are not like other children. After they stop working, they sometimes find it difficult to make friends and adapt to school.\u201d It is also difficult to make sure they stay in school \u2013 lots of these children don\u2019t finish school. Seven-year-old Zhorna Akter Sumayya has two older brothers \u2013 they both work (one at a restaurant, one at a local club). But, she went to a SOHAY center and she now goes to school. Her parents need the money their sons make, but they want their daughter to go to school.", "a_spans": [[12, 51], [71, 121], [71, 121]], "d_spans": [[0, 7], [52, 70], [40, 51]]}, "qas": [{"question": "What is a challenge working children face in regards to attending school, according to al-Mamun?", "references": -1, "answers": ["It can be hard for them to assimilate to the school environment", "After they stop working, they miss their friends from the factory", "SOHAY's classes are intended for parents and employers, not children", "They don\u2019t have enough preparation for the level of learning"]}, {"question": "What do Zhorna\u2019s brothers do?", "references": -1, "answers": ["They are both employed so that they can make money for their parents", "One works at a restaurant and a club, and the other goes to school", "They try their best to not drop out of school before finishing", "They help Zhorna with her homework after school"]}, {"question": "Why do Zhorna\u2019s brothers both work instead of attending school?", "references": 1, "answers": ["Their family is reliant on their salaries to make ends meet", "They prefer helping their parents", "They found it too difficult to adapt to school", "The nearest school is too far to commute to daily"]}]}, {"Adv": {"context": "In 2015, SOHAY helped 1,540 children to leave hazardous work and 2,125 vulnerable children \u2013 those in danger of entering work \u2013 into school. About 780 more children are preparing to enter school in 2017. The organization is also helping 635 children who are working in hazardous conditions to know their rights under Bangladesh\u2019s 2010 child labor elimination code of conduct. The policy aimed to eradicate all forms of child labor by 2015 but that target was missed. The Labor Law of Bangladesh 2006 bans children under the age of 14 from working but, according to the UN children\u2019s agency, UNICEF, 4.7 million children under that age are employed in the informal sector and 1.3 million aged five to 17 work in hazardous industries.", "a_spans": [[0, 34], [78, 123], [0, 34]], "d_spans": [[78, 112], [0, 9], [114, 123]]}, "Int": {"context": "In 2015, SOHAY helped 1,540 children to leave hazardous work and 2,125 more children \u2013 those in danger of starting work \u2013 into school. About 780 more children are preparing to enter school in 2017. The organization is also helping 635 children who are working in hazardous conditions to know their rights. The Labor Law of Bangladesh 2006 does not allow children under the age of 14 to work but, according to the UN children\u2019s agency, UNICEF, 4.7 million children under that age are employed and 1.3 million aged five to 17 work in hazardous industries.", "a_spans": [[0, 34], [52, 95], [0, 34]], "d_spans": [[52, 84], [0, 9], [86, 95]]}, "Ele": {"context": "In 2015, SOHAY helped 1,540 children to leave dangerous work and helped 2,125 more children \u2013 those who would soon start work \u2013 to go to school. About 780 more children are preparing to start school in 2017. The Labor Law of Bangladesh 2006 does not allow children younger than 14 to work but UNICEF says that, in Bangladesh, 4.7 million children younger than 14 are employed and 1.3 million children aged five to 17 do dangerous work.", "a_spans": [[0, 37], [38, 77], [0, 37]], "d_spans": [[38, 66], [0, 9], [68, 77]]}, "qas": [{"question": "What did SOHAY do in 2015?", "references": -1, "answers": ["Assisted 2,125 children in attending school instead of beginning work", "Provided funds for 1,540 children in danger of leaving school", "Collaborated with UNICEF to reduce child labor", "Provided free classes for 3,000 children"]}, {"question": "What statistic does UNICEF provide about children in Bangladesh?", "references": -1, "answers": ["1.3 million children are employed in unsafe working conditions", "4.7 million children are unable to attend school", "1,540 children were able to leave risky work in 2015", "The children labor rates in Bangladesh are higher than in other countries"]}, {"question": "How many children did SOHAY help leave work in 2015?", "references": 0, "answers": ["1,540", "2,125", "1.3 million", "10,000"]}]}]}, {"title": "Bolivians Demand the Right to Chew Coca Leaves", "paragraphs": [{"Adv": {"context": "major international disagreement with wide-ranging implications for global drugs policy has erupted over the right of Bolivia\u2019s indigenous Indian tribes to chew coca leaves, the principal ingredient in cocaine. Bolivia has obtained a special exemption from the 1961 Single Convention on Narcotic Drugs, the framework that governs international drugs policy, allowing its indigenous people to chew the leaves. Bolivia had argued that the convention was in opposition to its new constitution, adopted in 2009, which obliges it to \u201cprotect native and ancestral coca as cultural patrimony\u201d and maintains that coca \u201cin its natural state ... is not a dangerous narcotic.\u201d", "a_spans": [[29, 57], [58, 99], [29, 57]], "d_spans": [[58, 70], [29, 42], [89, 99]]}, "Int": {"context": "The right of Bolivia\u2019s indigenous Indian tribes to chew coca leaves, the main ingredient in cocaine, has caused major international disagreement, which could have a significant effect on global drugs policy. Bolivia has received a special exemption from the 1961 Convention on Narcotic Drugs, which controls international drugs policy. The exemption allows Bolivia\u2019s indigenous people to chew the leaves. Bolivia had argued that the convention was in opposition to its new constitution, adopted in 2009, which says it must \u201cprotect native and ancestral coca\u201d as part of its cultural heritage and maintains that coca \u201cin its natural state ... is not a dangerous narcotic.\u201d", "a_spans": [[31, 58], [59, 103], [31, 58]], "d_spans": [[59, 71], [31, 43], [93, 103]]}, "Ele": {"context": "A big international disagreement has started over the right of Bolivia\u2019s indigenous Indian tribes to chew coca leaves, the main ingredient in cocaine. This could have a significant effect on global drugs policy. Bolivia has received a special exemption from the 1961 Convention on Drugs, the agreement that controls international drugs policy. The exemption allows Bolivia\u2019s indigenous people to chew the leaves. Bolivia said that the convention was against its new constitution, adopted in 2009, which says it must \u201cprotect native and ancestral coca\u201d as part of its cultural heritage and says that coca \u201cin its natural state ... is not a dangerous drug.\u201d", "a_spans": [[33, 61], [62, 103], [33, 61]], "d_spans": [[62, 71], [33, 44], [93, 103]]}, "qas": [{"question": "What was the purpose of the 1961 Convention on Drugs?", "references": -1, "answers": ["Regulating international policy on drugs", "Discussing whether indigenous people in Bolivia should be allowed to chew coca leaves", "Discussing the legal status of Bolivia\u2019s constitution", "Negotiating extradition agreements for drug traffickers"]}, {"question": "What does Bolivia\u2019s constitution say?", "references": -1, "answers": ["That coca should be protected", "Bolivia does not allow the consumption of dangerous drugs", "That it accepts the decisions of the 1961 Convention on Drugs", "That consumption of drugs, but not their distribution, is legal"]}, {"question": "Who is currently permitted to consume coca in Bolivia?", "references": 0, "answers": ["Anyone who is considered to be indigenous", "Anyone who received a special exemption from the Bolivian government", "Anyone who uses it in its natural state", "Anyone who uses it recreationally"]}]}, {"Adv": {"context": "South American Indians have chewed coca leaves for centuries. The leaves reputedly provide energy and are said to have medicinal qualities. Supporters of Bolivia\u2019s position praised it for doing the right thing by defending the rights of indigenous people. \u201cThe Bolivian move is inspirational and groundbreaking,\u201d said Danny Kushlick, Head of External Affairs at the Transform Drug Policy Foundation, which promotes drug liberalization. \u201cIt shows that any country that has had enough of the war on drugs can change the terms of its engagement with the UN conventions.\u201d", "a_spans": [[21, 38], [39, 87], [39, 87]], "d_spans": [[9, 20], [33, 38], [23, 38]]}, "Int": {"context": "South American Indians have chewed coca leaves for centuries. The leaves are said to provide energy and have medicinal qualities. Supporters of Bolivia\u2019s position said that defending the rights of indigenous people was the right thing to do. \u201cThe Bolivian move is inspirational and groundbreaking,\u201d said Danny Kushlick, of the Transform Drug Policy Foundation, which supports drug liberalization. \u201cIt shows that any country that is fed up with the war on drugs can change its relations with the UN conventions.\u201d", "a_spans": [[20, 37], [38, 79], [38, 79]], "d_spans": [[9, 19], [26, 31], [22, 31]]}, "Ele": {"context": "South American Indians have chewed coca leaves for hundreds of years. The leaves give energy and have medicinal qualities. People who support Bolivia\u2019s position said that defending the rights of indigenous people was the right thing to do. \u201cThe Bolivian move is very important,\u201d said Danny Kushlick, of the Transform Drug Policy Foundation. \u201cIt shows that any country that doesn\u2019t want to continue the war on drugs can change its relations with the UN conventions.\u201d", "a_spans": [[19, 37], [38, 74], [38, 74]], "d_spans": [[11, 18], [26, 31], [22, 31]]}, "qas": [{"question": "Why do some people support Bolivia\u2019s position?", "references": -1, "answers": ["Because it protects the rights of the people native to the land", "Because they they see it as a humanitarian issue", "Because they believe coca leaves have medicinal qualities", "Because their countries are facing similar issues"]}, {"question": "According to Danny Kushlick, why was the Bolivian move significant?", "references": -1, "answers": ["It showed that countries can change how they interact with the UN", "It was a significant step towards transforming the drug policy of the UN", "It protected the indigenous people from UN resolutions", "It catalyzed dissent movements in Bolivia against the UN"]}, {"question": "Who is Danny Kushlick?", "references": 1, "answers": ["A member of the Transform Drug Policy Foundation", "A delegate to a UN convention", "An indigenous Bolivian fighting for the right to chew coca leaves", "A researcher studying the health benefits of coca"]}]}, {"Adv": {"context": "However, the UN\u2019s International Narcotics Control Board (INCB), which monitors implementation of the global drug treaties, has accused Bolivia of threatening the integrity of the international drug control regime. A number of countries \u2013 including the UK, the US, Italy, Sweden, the Netherlands and Russia \u2013 opposed Bolivia\u2019s demands. The UK\u2019s submission to the UN, which oversees the convention, told the UN that it \u201cacknowledges and respects the cultural importance of the coca leaf in Bolivia,\u201d but it adds: \u201cThe United Kingdom is \u2026 concerned that the reservation could lead to increases in coca production and \u2013 most importantly \u2013 the amount of coca diverted to the cocaine trade. As such, the reservation would weaken international law as it relates to the global effort to tackle the illegal drugs trade and could weaken the international community\u2019s response to that trade.\u201d", "a_spans": [[29, 75], [79, 139], [79, 139]], "d_spans": [[0, 28], [18, 28], [3, 7]]}, "Int": {"context": "However, the UN\u2019s International Narcotics Control Board (INCB), which checks implementation of global drug treaties, says that Bolivia is threatening international drug controls. A number of countries \u2013 including the UK, the US, Italy, Sweden, the Netherlands and Russia \u2013 opposed Bolivia\u2019s demands. The UK told the UN that it \u201crespects the cultural importance of the coca leaf in Bolivia,\u201d but it adds: \u201cThe United Kingdom is \u2026 worried that the exemption could lead to increases in coca production and \u2013 most importantly \u2013 the amount of coca that goes into the cocaine trade. As a result, the exemption would weaken \u2026 the global effort to tackle the drugs trade.\u201d", "a_spans": [[23, 59], [63, 109], [63, 109]], "d_spans": [[0, 22], [17, 22], [3, 7]]}, "Ele": {"context": "But the UN\u2019s International Narcotics Control Board (INCB), which checks global drug agreements, says Bolivia may harm international drug controls. Many countries \u2013 including the UK, the US, Italy, Sweden, the Netherlands and Russia \u2013 do not want to give Bolivia what it is asking for. The UK told the UN that it \u201crespects the cultural importance of the coca leaf in Bolivia,\u201d but it adds: \u201cThe United Kingdom is worried that the exemption could lead to more coca production and \u2013 most importantly \u2013 more coca reaching the cocaine trade. The exemption would make it more difficult to control the illegal drugs trade.\u201d", "a_spans": [[20, 62], [66, 103], [66, 103]], "d_spans": [[0, 19], [14, 19], [3, 7]]}, "qas": [{"question": "What stance are countries like the UK, the US, and Italy taking on Bolivia\u2019s request?", "references": -1, "answers": ["They are opposed to it", "They are supporting it out of respect for the cultural importance of coca", "They do not believe the INCB is authorized to discuss it", "They do not wish to be involved in Bolivian drug policy"]}, {"question": "What is the UK worried about?", "references": -1, "answers": ["Increased coca production and cocaine trade", "Greater difficulty in controlling coca leaves trade", "Current international drug control laws", "The drug trade straining international diplomacy"]}, {"question": "What possible consequence of the exemption is the UK worried about most?", "references": 1, "answers": ["More trade of illegal drugs", "More coca consumption", "More countries leaving the INCB", "More diplomatic tension between Bolivia and UK"]}]}, {"Adv": {"context": "The right of indigenous communities in South America\u2019s Andean region to chew coca leaf was removed in 1964 when Bolivia was under a dictatorship and it signed up to the convention. But Bolivia was given 25 years to implement the ban. This expired in 1989 and since then the issue has been under dispute. In 2011, Bolivia formally notified the UN of its withdrawal from the convention. On Friday it reacceded to the convention, but with an exemption from the prohibition on the chewing of coca leaves. The move is the first of its kind in the history of UN drug-control treaties and has sparked concerns that other countries may apply for amendments. Russia has argued that the move will lead to \u201can increase in illegal circulation of cocaine\u201d and warned that \u201cit also sets a dangerous precedent that could be used by other states in creating a more liberal drug-control regime.\u201d", "a_spans": [[54, 86], [113, 151], [113, 151]], "d_spans": [[19, 30], [19, 23], [0, 17]]}, "Int": {"context": "The right of indigenous people in South America\u2019s Andean region to chew coca leaf was removed in 1964 when Bolivia was under a dictatorship and it signed up to the convention. But Bolivia was given 25 years to implement the ban. This arrangement came to an end in 1989 and since then the issue has been under dispute. In 2011, Bolivia formally told the UN that it did not want to be in the convention any more. It has now signed up to the convention again, but with an exemption so that its indigenous people can continue chewing coca leaves. The exemption is the first of its kind in the history of UN drug-control treaties and has led to concerns that other countries may apply for exemptions. Russia has argued that the exemption will lead to \u201can increase in illegal circulation of cocaine\u201d and warned that \u201cit also sets a dangerous precedent that could be used by other states in creating a more liberal drug-control regime.\u201d", "a_spans": [[58, 99], [127, 165], [127, 165]], "d_spans": [[19, 30], [19, 23], [0, 17]]}, "Ele": {"context": "The right of indigenous people in South America\u2019s Andean region to chew coca leaf was removed in 1964 when Bolivia was under a dictatorship and it signed the convention. In 2011, Bolivia told the UN that it did not want to be part of the convention any more. It is now part of the convention again, but with an exemption so that its indigenous people can continue chewing coca leaves. The exemption is the first in the history of UN drug-control agreements. It has led to worries that other countries may also ask for exemptions. Russia says that the exemption will lead to more illegal cocaine and warns that \u201cit also sets a dangerous example that could be used by other states in creating a more liberal drug-control regime.\u201d", "a_spans": [[29, 69], [95, 128], [95, 128]], "d_spans": [[19, 28], [19, 23], [0, 17]]}, "qas": [{"question": "What happened in 2011?", "references": -1, "answers": ["Bolivia announced that it decided to leave the convention", "The UN announced that Bolivia is banned from the convention", "Bolivia announced that its dictatorship was over", "The UN announced that it has a new policy on the war on drugs"]}, {"question": "What does Russia believe the exemption will result in?", "references": -1, "answers": ["A greater amount of cocaine being distributed", "Lower risk of more liberal drug control regimes", "Less popular support for Bolivia\u2019s dictatorship", "An increased risk of conflict in the region"]}, {"question": "What did Russia warn will happen?", "references": 1, "answers": ["Bolivia\u2019s exemption will be a hazardous model that could be used by other countries", "Dangerously strict drug control regimes will be adopted by many countries", "Russia will annul its 1964 decision to support the right of indigenous people to chew coca", "Russia will leave the convention if Bolivia\u2019s exemption is grante"]}]}, {"Adv": {"context": "The British parliament has recommended that Bolivia\u2019s request should be backed by the UK government, arguing that it was important that countries remained within the single convention. Bolivia\u2019s re-accession could be blocked only if a third or more of the 184 countries that have signed up to the convention opposed its request. There are suspicions that the US and UK are frantically lobbying other countries to gain sufficient numbers to block Bolivia\u2019s request. Nancie Prud\u2019homme, of the International Center on Human Rights and Drug Policy, criticized the co-ordinated opposition to Bolivia\u2019s demands. \u201cThese objections are legally questionable,\u201d she said. \u201cThey support an arbitrary and over-broad provision and apply international drug laws in a vacuum. This is not appropriate. There are established international norms on cultural and indigenous rights, so we should support Bolivia\u2019s efforts.\u201d", "a_spans": [[27, 51], [73, 74, 92, 133], [92, 133]], "d_spans": [[124, 127], [27, 51], [0, 14, 40, 41]]}, "Int": {"context": "The British parliament has recommended that Bolivia\u2019s request should be supported by the UK government. It argues that it is important that countries stay in the convention. Bolivia\u2019s return could be blocked only if a third or more of the 184 countries that have signed up to the convention opposed its request. There are suspicions that the US and UK are trying to persuade other countries to block Bolivia\u2019s request. Nancie Prud\u2019homme, of the International Center on Human Rights and Drug Policy, criticized the co-ordinated opposition to Bolivia\u2019s demands. \u201cThese objections are legally questionable,\u201d she said. \u201cThey support an arbitrary and over-broad provision and apply international drug laws in a vacuum. This is not right. There are established international norms on cultural and indigenous rights, so we should support Bolivia\u2019s efforts.\u201d", "a_spans": [[27, 51], [70, 71, 89, 130], [89, 130]], "d_spans": [[121, 124], [27, 51], [0, 14, 40, 41]]}, "Ele": {"context": "The British parliament has recommended that the UK government should support Bolivia\u2019s request. It says that it is important that countries stay in the convention. Bolivia\u2019s return could be blocked only if a third or more of the 184 countries that have signed the convention opposed the exemption. Some people believe that the US and UK are telling other countries that they should block Bolivia\u2019s request. Nancie Prud\u2019homme, of the International Center on Human Rights and Drug Policy, said people are wrong to oppose Bolivia\u2019s request. \u201cThese objections are not completely legal,\u201d she said. She added that, all over the world, it has become the norm to support cultural and indigenous rights, so we should support Bolivia\u2019s efforts.", "a_spans": [[25, 47], [66, 67, 86, 117], [86, 117]], "d_spans": [[108, 111], [25, 47], [0, 12, 38, 39]]}, "qas": [{"question": "How could Bolivia\u2019s return to the convention be blocked?", "references": -1, "answers": ["If over a third of the members of the convention reject Bolivia\u2019s demands", "If more than 184 countries sign the convention", "If Bolivia\u2019s cultural and indigenous rights are deemed unlawful", "If Bolivia fails to stop all cocaine trade within its borders"]}, {"question": "What does Nancie Prud\u2019homme say is the norm across the globe?", "references": -1, "answers": ["Respecting and encouraging cultural rights", "Supporting Bolivia\u2019s efforts for exemption", "Signing the convention in opposition to Bolivia\u2019s return", "Objecting to UN decisions"]}, {"question": "According to Nancie Prud\u2019homme, why should Bolivia\u2019s efforts be aided?", "references": 1, "answers": ["It has become increasingly common to be considerate of cultural rights", "Because they are completely legal", "Because Britain and 184 other countries support it", "To support Bolivia\u2019s economy"]}]}, {"Adv": {"context": "The decision to ban coca chewing was based on a 1950 report produced by the UN Commission of Inquiry on the Coca Leaf, which proponents of drug liberalization say was not based on supporting evidence. In an interview in 1949, the head of the Commission, Howard B Fonda, signaled his opposition to the chewing of coca leaves before his inquiry had begun. Fonda told an interviewer: \u201cWe believe that the daily, inveterate use of coca leaves by chewing \u2026 is thoroughly noxious and therefore detrimental.\u201d The growing of coca leaves is legal and licensed in Bolivia. The policy has been credited with a fall in cocaine production in the country, leading some experts to see the Bolivian model as a way forward for other countries.", "a_spans": [[0, 34], [96, 124], [0, 34]], "d_spans": [[102, 109], [30, 34], [111, 124]]}, "Int": {"context": "The decision to ban coca chewing was based on a 1950 report produced by the UN Commission of Inquiry on the Coca Leaf, which supporters of drug liberalization say was not based on evidence. The growing of coca leaves is legal and licensed in Bolivia. Some believe this has led to a fall in cocaine production in the country. For this reason, some experts see Bolivia as a model for other countries.", "a_spans": [[0, 33], [45, 71], [0, 33]], "d_spans": [[51, 58], [28, 33], [62, 71]]}, "Ele": {"context": "The decision to ban coca chewing was based on a 1950 report by the UN. Supporters of drug liberalization say the report was not based on any evidence. It is legal to grow coca leaves in Bolivia. As a result, cocaine production has decreased in the country and some experts see Bolivia as a model for other countries.", "a_spans": [[0, 27], [37, 57], [0, 27]], "d_spans": [[40, 46], [20, 27], [48, 57]]}, "qas": [{"question": "What was decided based on the 1950 report?", "references": -1, "answers": ["That coca chewing should be banned", "That the law banning coca chewing was not based on evidence", "That Bolivia will decrease its cocaine production", "That the ban on drug trade would be lifted for some nations"]}, {"question": "What do experts believe about Bolivia?", "references": -1, "answers": ["It could set an example for other nations in regards to cocaine policy", "It is a model that people in many countries follow to produce illegal cocaine", "It needs more evidence to support its case for an exemption", "It should be more considerate of other nations in the convention"]}, {"question": "What did supporters of drug liberalization say about the UN report?", "references": 0, "answers": ["The statements of the report were not backed up by evidence", "The report can be interpreted as banning coca chewing", "The report presented Bolivia as a positive model for other countries", "The report was a major step towards successful international diplomacy"]}]}]}]}