idx	label	sentence1	sentence2
0	0	through cooperation, children can learn about interpersonal skills which are significant in the future life of all students	what we acquired from team work is not only how to achieve the same goal with others but more importantly, how to get along with others
1	1	through cooperation, children can learn about interpersonal skills which are significant in the future life of all students	during the process of cooperation, children can learn about how to listen to opinions of others, how to communicate with others, how to think comprehensively, and even how to compromise with other team members when conflicts occurred
2	0	through cooperation, children can learn about interpersonal skills which are significant in the future life of all students	all of these skills help them to get on well with other people and will benefit them for the whole life
3	0	competition makes the society more effective	the significance of competition is that how to become more excellence to gain the victory
4	0	without the cooperation, there would be no victory of competition	when we consider about the question that how to win the game, we always find that we need the cooperation
