{"data": [{"paragraphs": [{"qas": [{"answers": [{"text": "\uad50\ud5a5\uace1", "answer_start": 54}], "id": "6566495-0-0", "question": "\ubc14\uadf8\ub108\ub294 \uad34\ud14c\uc758 \ud30c\uc6b0\uc2a4\ud2b8\ub97c \uc77d\uace0 \ubb34\uc5c7\uc744 \uc4f0\uace0\uc790 \ud588\ub294\uac00?"}, {"answers": [{"text": "1\uc545\uc7a5", "answer_start": 421}], "id": "6566495-0-1", "question": "\ubc14\uadf8\ub108\ub294 \uad50\ud5a5\uace1 \uc791\uace1\uc744 \uc5b4\ub514\uae4c\uc9c0 \uc4f4 \ub4a4\uc5d0 \uc911\ub2e8\ud588\ub294\uac00?"}, {"answers": [{"text": "\ubca0\ud1a0\ubca4\uc758 \uad50\ud5a5\uace1 9\ubc88", "answer_start": 194}], "id": "6566495-0-2", "question": "\ubc14\uadf8\ub108\uac00 \ud30c\uc6b0\uc2a4\ud2b8 \uc11c\uace1\uc744 \uc4f8 \ub54c \uc5b4\ub5a4 \uace1\uc758 \uc601\ud5a5\uc744 \ubc1b\uc558\ub294\uac00?"}, {"answers": [{"text": "\ud30c\uc6b0\uc2a4\ud2b8", "answer_start": 15}], "id": "6566518-0-0", "question": "1839\ub144 \ubc14\uadf8\ub108\uac00 \uad50\ud5a5\uace1\uc758 \uc18c\uc7ac\ub85c \uc4f0\ub824\uace0 \ud588\ub358 \ucc45\uc740?"}, {"answers": [{"text": "\ud569\ucc3d\uad50\ud5a5\uace1", "answer_start": 354}], "id": "6566518-0-1", "question": "\ud30c\uc6b0\uc2a4\ud2b8 \uc11c\uace1\uc758 \ub77c\ub2e8\uc870 \uc870\uc131\uc774 \uc601\ud5a5\uc744 \ubc1b\uc740 \ubca0\ud1a0\ubca4\uc758 \uace1\uc740?"}, {"answers": [{"text": "1839", "answer_start": 0}], "id": "5917067-0-0", "question": "\ubc14\uadf8\ub108\uac00 \ud30c\uc6b0\uc2a4\ud2b8\ub97c \ucc98\uc74c\uc73c\ub85c \uc77d\uc740 \ub144\ub3c4\ub294?"}, {"answers": [{"text": "\ud30c\ub9ac", "answer_start": 410}], "id": "5917067-0-1", "question": "\ubc14\uadf8\ub108\uac00 \ucc98\uc74c \uad50\ud5a5\uace1 \uc791\uace1\uc744 \ud55c \uc7a5\uc18c\ub294?"}, {"answers": [{"text": "\ub4dc\ub808\uc2a4\ub374", "answer_start": 534}], "id": "5917067-0-2", "question": "\ubc14\uadf8\ub108\uc758 1\uc545\uc7a5\uc758 \ucd08\uc5f0\uc740 \uc5b4\ub514\uc11c \uc5f0\uc8fc\ub418\uc5c8\ub294\uac00?"}], "context": "1839\ub144 \ubc14\uadf8\ub108\ub294 \uad34\ud14c\uc758 \ud30c\uc6b0\uc2a4\ud2b8\uc744 \ucc98\uc74c \uc77d\uace0 \uadf8 \ub0b4\uc6a9\uc5d0 \ub9c8\uc74c\uc774 \ub04c\ub824 \uc774\ub97c \uc18c\uc7ac\ub85c \ud574\uc11c \ud558\ub098\uc758 \uad50\ud5a5\uace1\uc744 \uc4f0\ub824\ub294 \ub73b\uc744 \uac16\ub294\ub2e4. \uc774 \uc2dc\uae30 \ubc14\uadf8\ub108\ub294 1838\ub144\uc5d0 \ube5b \ub3c5\ucd09\uc73c\ub85c \uc0b0\uc804\uc218\uc804\uc744 \ub2e4 \uac72\uc740 \uc0c1\ud669\uc774\ub77c \uc88c\uc808\uacfc \uc2e4\ub9dd\uc5d0 \uac00\ub4dd\ud588\uc73c\uba70 \uba54\ud53c\uc2a4\ud1a0\ud3a0\ub808\uc2a4\ub97c \ub9cc\ub098\ub294 \ud30c\uc6b0\uc2a4\ud2b8\uc758 \uc2ec\uacbd\uc5d0 \uacf5\uac10\ud588\ub2e4\uace0 \ud55c\ub2e4. \ub610\ud55c \ud30c\ub9ac\uc5d0\uc11c \uc544\ube0c\ub124\ud06c\uc758 \uc9c0\ud718\ub85c \ud30c\ub9ac \uc74c\uc545\uc6d0 \uad00\ud604\uc545\ub2e8\uc774 \uc5f0\uc8fc\ud558\ub294 \ubca0\ud1a0\ubca4\uc758 \uad50\ud5a5\uace1 9\ubc88\uc744 \ub4e3\uace0 \uae4a\uc740 \uac10\uba85\uc744 \ubc1b\uc558\ub294\ub370, \uc774\uac83\uc774 \uc774\ub4ec\ud574 1\uc6d4\uc5d0 \ud30c\uc6b0\uc2a4\ud2b8\uc758 \uc11c\uace1\uc73c\ub85c \uc4f0\uc5ec\uc9c4 \uc774 \uc791\ud488\uc5d0 \uc870\uae08\uc774\ub77c\ub3c4 \uc601\ud5a5\uc744 \ub07c\ucce4\uc73c\ub9ac\ub77c\ub294 \uac83\uc740 \uc758\uc2ec\ud560 \uc5ec\uc9c0\uac00 \uc5c6\ub2e4. \uc5ec\uae30\uc758 \ub77c\ub2e8\uc870 \uc870\uc131\uc758 \uacbd\uc6b0\uc5d0\ub3c4 \uadf8\uc758 \uc804\uae30\uc5d0 \uc801\ud600 \uc788\ub294 \uac83\ucc98\ub7fc \ub2e8\uc21c\ud55c \uc815\uc2e0\uc801 \ud53c\ub85c\ub098 \uc2e4\uc758\uac00 \ubc18\uc601\ub41c \uac83\uc774 \uc544\ub2c8\ub77c \ubca0\ud1a0\ubca4\uc758 \ud569\ucc3d\uad50\ud5a5\uace1 \uc870\uc131\uc758 \uc601\ud5a5\uc744 \ubc1b\uc740 \uac83\uc744 \ubcfc \uc218 \uc788\ub2e4. \uadf8\ub807\uac8c \uad50\ud5a5\uace1 \uc791\uace1\uc744 1839\ub144\ubd80\ud130 40\ub144\uc5d0 \uac78\uccd0 \ud30c\ub9ac\uc5d0\uc11c \ucc29\uc218\ud588\uc73c\ub098 1\uc545\uc7a5\uc744 \uc4f4 \ub4a4\uc5d0 \uc911\ub2e8\ud588\ub2e4. \ub610\ud55c \uc791\ud488\uc758 \uc644\uc131\uacfc \ub3d9\uc2dc\uc5d0 \uadf8\ub294 \uc774 \uc11c\uace1(1\uc545\uc7a5)\uc744 \ud30c\ub9ac \uc74c\uc545\uc6d0\uc758 \uc5f0\uc8fc\ud68c\uc5d0\uc11c \uc5f0\uc8fc\ud560 \ud30c\ud2b8\ubcf4\uae4c\uc9c0 \uc900\ube44\ud558\uc600\uc73c\ub098, \uc2e4\uc81c\ub85c\ub294 \uc774\ub8e8\uc5b4\uc9c0\uc9c0\ub294 \uc54a\uc558\ub2e4. \uacb0\uad6d \ucd08\uc5f0\uc740 4\ub144 \ubc18\uc774 \uc9c0\ub09c \ud6c4\uc5d0 \ub4dc\ub808\uc2a4\ub374\uc5d0\uc11c \uc5f0\uc8fc\ub418\uc5c8\uace0 \uc7ac\uc5f0\ub3c4 \uc774\ub8e8\uc5b4\uc84c\uc9c0\ub9cc, \uc774\ud6c4\uc5d0 \uadf8\ub300\ub85c \ubc29\uce58\ub418\uace0 \ub9d0\uc558\ub2e4. \uadf8 \uc0ac\uc774\uc5d0 \uadf8\ub294 \ub9ac\uc5d4\uce58\uc640 \ubc29\ud669\ud558\ub294 \ub124\ub35c\ub780\ub4dc\uc778\uc744 \uc644\uc131\ud558\uace0 \ud0c4\ud638\uc774\uc800\uc5d0\ub3c4 \ucc29\uc218\ud558\ub294 \ub4f1 \ubd84\uc8fc\ud55c \uc2dc\uac04\uc744 \ubcf4\ub0c8\ub294\ub370, \uadf8\ub7f0 \ubc14\uc05c \uc0dd\ud65c\uc774 \uc774 \uace1\uc744 \uc78a\uac8c \ud55c \uac83\uc774 \uc544\ub2cc\uac00 \ud558\ub294 \uc758\uacac\ub3c4 \uc788\ub2e4."}, {"qas": [{"answers": [{"text": "\ud55c\uc2a4 \ud3f0 \ubddc\ub85c", "answer_start": 402}], "id": "6566495-1-0", "question": "\ubc14\uadf8\ub108\uc758 \uc791\ud488\uc744 \uc2dc\uc778\uc758 \ud53c\ub85c \uc4f0\uc5ec\uc84c\ub2e4\uace0 \uadf9\ucc2c\ud55c \uac83\uc740 \ub204\uad6c\uc778\uac00?"}, {"answers": [{"text": "\ub9ac\uc2a4\ud2b8", "answer_start": 23}], "id": "6566495-1-1", "question": "\uc78a\ud600\uc838 \uc788\ub294 \ud30c\uc6b0\uc2a4\ud2b8 \uc11c\uace1 1\uc545\uc7a5\uc744 \ubd80\ud65c\uc2dc\ud0a8 \uac83\uc740 \ub204\uad6c\uc778\uac00?"}, {"answers": [{"text": "20\ub8e8\uc774\uc758 \uae08", "answer_start": 345}], "id": "6566495-1-2", "question": "\ubc14\uadf8\ub108\ub294 \ub2e4\uc2dc \uac1c\uc815\ub41c \ucd1d\ubcf4\ub97c \uc5bc\ub9c8\ub97c \ubc1b\uace0 \ud314\uc558\ub294\uac00?"}, {"answers": [{"text": "\ub9ac\uc2a4\ud2b8", "answer_start": 23}], "id": "6566518-1-0", "question": "\ud30c\uc6b0\uc2a4\ud2b8 \uad50\ud5a5\uace1\uc744 \ubd80\ud65c\uc2dc\ud0a8 \uc0ac\ub78c\uc740?"}, {"answers": [{"text": "\ud55c\uc2a4 \ud3f0 \ubddc\ub85c", "answer_start": 402}], "id": "6566518-1-1", "question": "\ud30c\uc6b0\uc2a4\ud2b8 \uad50\ud5a5\uace1\uc744 \ud53c\uc544\ub178 \ub3c5\uc8fc\uc6a9\uc73c\ub85c \ud3b8\uace1\ud55c \uc0ac\ub78c\uc740?"}, {"answers": [{"text": "\ub9ac\uc2a4\ud2b8", "answer_start": 23}], "id": "5917067-1-0", "question": "1\uc545\uc7a5\uc744 \ubd80\ud65c\uc2dc\ucf1c \uc5f0\uc8fc\ud55c \uc0ac\ub78c\uc740?"}, {"answers": [{"text": "\ud55c\uc2a4 \ud3f0 \ubddc\ub85c", "answer_start": 402}], "id": "5917067-1-1", "question": "\ud30c\uc6b0\uc2a4\ud2b8 \uad50\ud5a5\uace1\uc5d0 \uac10\ud0c4\ud558\uc5ec \ud53c\uc544\ub178\uace1\uc73c\ub85c \ud3b8\uace1\ud55c \uc0ac\ub78c\uc740?"}, {"answers": [{"text": "1840\ub144", "answer_start": 3}], "id": "5917067-1-2", "question": "\ub9ac\uc2a4\ud2b8\uac00 \ubc14\uadf8\ub108\uc640 \uc54c\uac8c \ub41c \uc5f0\ub3c4\ub294?"}], "context": "\ud55c\ud3b8 1840\ub144\ubd80\ud130 \ubc14\uadf8\ub108\uc640 \uc54c\uace0 \uc9c0\ub0b4\ub358 \ub9ac\uc2a4\ud2b8\uac00 \uc78a\ud600\uc838 \uc788\ub358 1\uc545\uc7a5\uc744 \ubd80\ud65c\uc2dc\ucf1c 1852\ub144\uc5d0 \ubc14\uc774\ub9c8\ub974\uc5d0\uc11c \uc5f0\uc8fc\ud588\ub2e4. \uc774\uac83\uc744 \uacc4\uae30\ub85c \ubc14\uadf8\ub108\ub3c4 \uc774 \uc791\ud488\uc5d0 \ub2e4\uc2dc \uad00\uc2ec\uc744 \uac16\uac8c \ub418\uc5c8\uace0, \uadf8 \ud574 9\uc6d4\uc5d0\ub294 \ucd1d\ubcf4\uc758 \ubc18\ud658\uc744 \uc694\uad6c\ud558\uc5ec \uc774\ub97c \uc11c\uace1\uc73c\ub85c \uac04\ucd94\ub9b0 \ub2e4\uc74c \uc218\uc815\uc744 \ud588\uace0 \ube0c\ub77c\uc774\ud2b8\ucf54\ud504\ud750 & \ud5e4\ub974\ud154 \ucd9c\ud310\uc0ac\uc5d0\uc11c \ucd9c\ud310\ud560 \uac1c\uc815\ud310\ub3c4 \uc900\ube44\ud588\ub2e4. 1853\ub144 5\uc6d4\uc5d0\ub294 \ub9ac\uc2a4\ud2b8\uac00 \uc774 \uc791\ud488\uc774 \uc218\uc815\ub418\uc5c8\ub2e4\ub294 \uac83\uc744 \uc778\uc815\ud588\uc9c0\ub9cc, \ub05d\ub0b4 \ubc14\uadf8\ub108\uc758 \ucd9c\ud310 \uacc4\ud68d\uc740 \ubb34\uc0b0\ub418\uace0 \ub9d0\uc558\ub2e4. \uc774\ud6c4 1855\ub144\uc5d0 \ub9ac\uc2a4\ud2b8\uac00 \uc790\uc2e0\uc758 \uc791\ud488 \ud30c\uc6b0\uc2a4\ud2b8 \uad50\ud5a5\uace1\uc744 \uac70\uc758 \uc644\uc131\ud558\uc5ec \uadf8 \uc0ac\uc2e4\uc744 \ubc14\uadf8\ub108\uc5d0\uac8c \uc54c\ub838\uace0, \ubc14\uadf8\ub108\ub294 \ub2e4\uc2dc \uac1c\uc815\ub41c \ucd1d\ubcf4\ub97c \ub9ac\uc2a4\ud2b8\uc5d0\uac8c \ubcf4\ub0b4\uace0 \ube0c\ub77c\uc774\ud2b8\ucf54\ud504\ud750 & \ud5e4\ub974\ud154 \ucd9c\ud310\uc0ac\uc5d0\ub294 20\ub8e8\uc774\uc758 \uae08\uc744 \ubc1b\uace0 \ud314\uc558\ub2e4. \ub610\ud55c \uadf8\uc758 \uc791\ud488\uc744 \u201c\ud558\ub098\ud558\ub098\uc758 \uc74c\ud45c\uac00 \uc2dc\uc778\uc758 \ud53c\ub85c \uc4f0\uc5ec\uc84c\ub2e4\u201d\uba70 \uadf9\ucc2c\ud588\ub358 \ud55c\uc2a4 \ud3f0 \ubddc\ub85c\uac00 \uadf8\uac83\uc744 \ud53c\uc544\ub178 \ub3c5\uc8fc\uc6a9\uc73c\ub85c \ud3b8\uace1\ud588\ub294\ub370, \ub9ac\uc2a4\ud2b8\ub294 \uadf8\uac83\uc744 \uc57d\uac04 \ubcc0\ud615\ub418\uc5c8\uc744 \ubfd0\uc774\ub77c\uace0 \uc9c0\uc801\ud588\ub2e4. \uc774 \uc11c\uace1\uc758 \ucd1d\ubcf4 \uccab\uba38\ub9ac\uc5d0\ub294 \ud30c\uc6b0\uc2a4\ud2b8 1\ubd80\uc758 \ub0b4\uc6a9 \uc911 \ud55c \uad6c\uc808\uc744 \uc778\uc6a9\ud558\uace0 \uc788\ub2e4."}, {"qas": [{"answers": [{"text": "\uc8fc\uc81c, \ub3d9\uae30", "answer_start": 70}], "id": "6566495-2-0", "question": "\uc11c\uc8fc\uc5d0\ub294 \ubb34\uc5c7\uc774 \uc554\uc2dc\ub418\uc5b4 \uc788\ub294\uac00?"}, {"answers": [{"text": "\uc81c1\ubc14\uc774\uc62c\ub9b0", "answer_start": 148}], "id": "6566495-2-1", "question": "\uccab\ubd80\ubd84\uc5d0\ub294 \uc5b4\ub5a4 \uc545\uae30\ub97c \uc0ac\uc6a9\ud574 \ub354\uc6b1 \uba85\ud655\ud558\uac8c \ub098\ud0c0\ub0b4\ub294\uac00?"}, {"answers": [{"text": "\uc18c\ub098\ud0c0 \ud615\uc2dd", "answer_start": 272}], "id": "6566495-2-2", "question": "\uc8fc\uc694\ubd80\ub294 \uc5b4\ub5a4 \ud615\uc2dd\uc73c\ub85c \ub418\uc5b4 \uc788\ub294\uac00?"}, {"answers": [{"text": "\uc800\uc74c \uc8fc\uc81c", "answer_start": 102}], "id": "6566518-2-0", "question": "\uccab \ubd80\ubd84\uc758 \uc8fc\uc694\uc8fc\uc81c\ub97c \uc554\uc2dc\ud558\ub294 \uc8fc\uc81c\ub294?"}, {"answers": [{"text": "D\uc7a5\uc870", "answer_start": 409}], "id": "6566518-2-1", "question": "\uc81c2\uc8fc\uc81c\uc758 \ucd95\uc18c\ub41c \uc7ac\ud604\ubd80\uc758 \uc870\uc131\uc740?"}, {"answers": [{"text": "4/4\ubc15\uc790", "answer_start": 35}], "id": "5917067-2-0", "question": "\uace1\uc774 \uc2dc\uc791\ud560\ub54c\uc758 \ubc15\uc790\ub294?"}, {"answers": [{"text": "\uace0\ub1cc\uc640 \uac08\ub9dd \ub3d9\uae30, \uccad\ucd98\uc758 \uc0ac\ub791 \ub3d9\uae30", "answer_start": 115}], "id": "5917067-2-1", "question": "\uc774 \uace1\uc758 \uc8fc\uc694 \uc8fc\uc81c\ub294?"}, {"answers": [{"text": "D\uc7a5\uc870", "answer_start": 409}], "id": "5917067-2-2", "question": "\uc81c 2\uc8fc\uc81c\uc5d0\uc120 \ubb34\uc2a8 \uc7a5\uc870\ub85c \uc7ac\ud604\ub418\ub294\uac00?"}], "context": "\uc774 \uc791\ud488\uc740 \ub77c\ub2e8\uc870, Sehr gehalten(\uc544\uc8fc \uc2e0\uc911\ud558\uac8c), 4/4\ubc15\uc790\uc758 \ubd80\ub4dc\ub7ec\uc6b4 \uc11c\uc8fc\ub85c \uc11c\uc8fc\ub85c \uc2dc\uc791\ub418\ub294\ub370, \uc5ec\uae30\uc5d0\ub294 \uc8fc\uc694 \uc8fc\uc81c, \ub3d9\uae30\uc758 \ub300\ubd80\ubd84\uc774 \uc554\uc2dc, \uc608\uace0\ub418\uc5b4 \uc788\ub2e4. \uccab \ubd80\ubd84\uc758 \uc800\uc74c \uc8fc\uc81c\ub294 \uc8fc\uc694 \uc8fc\uc81c(\uace0\ub1cc\uc640 \uac08\ub9dd \ub3d9\uae30, \uccad\ucd98\uc758 \uc0ac\ub791 \ub3d9\uae30)\ub97c \uc554\uc2dc\ud558\uace0 \uc788\uc73c\uba70, \uc81c1\ubc14\uc774\uc62c\ub9b0\uc73c\ub85c \ub354\uc6b1 \uba85\ud655\ud558\uac8c \ub098\ud0c0\ub09c\ub2e4. \ub610\ud55c \uadf8\uac83\uc744 \uc774\uc5b4\ubc1b\ub294 \ub3d9\uae30\ub3c4 \uc911\uc694\ud55c \uc5ed\ud560\uc744 \ud55c\ub2e4. \uc5ec\uae30\uc5d0 \uc0c8\ub85c\uc6b4 \uc18c\uc7ac\uac00 \ub354\ud574\uc9c4 \ub4a4\uc5d0 \uc0c8\ub85c\uc6b4 \uc8fc\uc81c\ub3c4 \uc5f0\uc8fc\ub41c\ub2e4. \uc8fc\uc694\ubd80\ub294 Sehr bewegt(\uc544\uc8fc \uaca9\ub3d9\uc801\uc73c\ub85c), 2/2\ubc15\uc790\uc758 \uc790\uc720\ub85c\uc6b4 \uc18c\ub098\ud0c0 \ud615\uc2dd\uc73c\ub85c \ub9e4\uc6b0 \ub4dc\ub77c\ub9c8\ud2f1\ud55c \uad6c\uc0c1\uacfc \uc720\uae30\uc801\uc778 \uad6c\uc131\uc744 \ud558\uace0 \uc788\ub2e4. \uc5ec\uae30\uc5d0\ub294 \uc9c0\uae08\uae4c\uc9c0\uc758 \uc8fc\uc81c\ub098 \uc18c\uc7ac \uc678\uc5d0\ub3c4 \uc624\ubcf4\uc5d0\uc5d0 \uc758\ud55c \uc120\uc728\uacfc \uc81c2\uc8fc\uc81c\ub97c \ub5a0\uc62c\ub9ac\uac8c \ud558\ub294 \ubd80\ucc28\uc801\uc778 \uc8fc\uc81c\uac00 \ub354\ud574\uc9c0\ub294\ub370, \uc911\uac04\ubd80\uc5d0\uc11c\ub294 \uc57d\ubcf43\uc774 \uc911\uc2ec\uc774 \ub418\uace0 \uc81c2\uc8fc\uc81c\ub294 \ucd95\uc18c\ub41c \uc7ac\ud604\ubd80\uc5d0\uc11c D\uc7a5\uc870\ub85c \uc7ac\ud604\ub41c\ub2e4. \ub9c8\uc9c0\ub9c9\uc5d0\ub294 \uc8fc\uc694 \uc8fc\uc81c\ub97c \ud68c\uc0c1\ud558\uba74\uc11c \uc870\uc6a9\ud788 \ub9c8\uce5c\ub2e4."}], "title": "\ud30c\uc6b0\uc2a4\ud2b8_\uc11c\uace1"}, {"paragraphs": [{"qas": [{"answers": [{"text": "\ucee4\ub2d0\ub9c1\uad6c\uc2a4", "answer_start": 0}], "id": "6561639-0-0", "question": "\ubaa8\ub4e0 \uad6c\uac15\uae30\uad00\uc73c\ub85c \uc5ec\uc131\uc758 \uc131\uae30\ub97c \uc560\ubb34\ud558\ub294 \uac83\uc744 \ubb50\ub77c\uace0 \ud558\ub294\uac00?"}, {"answers": [{"text": "\ud074\ub9ac\ud1a0\ub9ac\uc2a4", "answer_start": 218}], "id": "6561639-0-1", "question": "\uad6c\uac15\uc131\uad50\ub97c \ud560 \ub54c \uc911\uc694\ud55c \uac10\uac01\uc740 \ubb34\uc5c7\uc778\uac00?"}, {"answers": [{"text": "\ucee4\ub2d0\ub9c1\uad6c\uc2a4", "answer_start": 0}], "id": "6561642-0-0", "question": "\uad6c\uac15\uae30\uad00\uc73c\ub85c \uc5ec\uc131\uc758 \uc131\uae30\ub97c \uc560\ubb34\ud558\ub294 \ud589\uc704\ub97c \ub73b\ud558\ub294 \uc6a9\uc5b4\ub294?"}, {"answers": [{"text": "\ud074\ub9ac\ud1a0\ub9ac\uc2a4", "answer_start": 218}], "id": "6561642-0-1", "question": "\uad6c\uac15\uc131\uad50\uc2dc \ud2b9\ud788 \uc5b4\ub290 \ubd80\uc704\uc758 \uac10\uac01\uc774 \uc911\uc694\ud55c\uac00?"}, {"answers": [{"text": "\uad6c\uac15\uc131\uad50", "answer_start": 80}], "id": "6561653-0-0", "question": "\uc5ec\uc131\uc758 \uc131\uae30\ub97c \uc560\ubb34\ud558\ub294 \uac83\uc744 \ub9d0\ud558\ub294 \ucee4\ub2d0\ub9c1\uad6c\uc2a4\ub97c \ub2e4\ub978 \ub9d0\ub85c \ubb34\uc5c7\uc774\ub77c\uace0 \ud569\ub2c8\uae4c?"}, {"answers": [{"text": "\ud074\ub9ac\ud1a0\ub9ac\uc2a4", "answer_start": 218}], "id": "6561653-0-1", "question": "\ucee4\ub2d0\ub9c1\uad6c\uc2a4\ub294 \ubc1b\ub294 \uc0ac\ub78c\uc774 \ub2e4\uc591\ud55c \uc131\uac10\uc744 \ub290\ub07c\ub294 \uc6d0\uc778\uc774 \ub418\uba70 \ubb34\uc5c7\uc758 \uac10\uac01\uc774 \ud2b9\ud788 \uc911\uc694\ud569\ub2c8\uae4c?"}], "context": "\ucee4\ub2d0\ub9c1\uad6c\uc2a4(\ucee4\ub2d0\ub9c1\uac70\uc2a4, \ucfe4\ub2d0\ub9c1\uad6c\uc2a4, \uc601\uc5b4: Cunnilingus)\ub294 \uc785\uc220, \ud600, \uc785 \ub4f1\uc758 \ubaa8\ub4e0 \uad6c\uac15\uae30\uad00\uc73c\ub85c \uc5ec\uc131\uc758 \uc131\uae30\ub97c \uc560\ubb34\ud558\ub294 \uac83\uc744 \ub9d0\ud558\uba70 \uad6c\uac15\uc131\uad50(\uc624\ub7f4\uc139\uc2a4, \uc601\uc5b4: Oral sex)\ub77c\uace0\ub3c4 \ud55c\ub2e4. \ubcf4\ud1b5 \ub0a8\uc131\uc774 \ud589\ud558\uba70 \ub3d9\uc131\uc758 \uc5ec\uc131\uc774 \ud589\ud558\ub294 \uacbd\uc6b0\ub3c4 \uc788\ub2e4. \ud600\ub97c \uc9c8\uc5d0 \ub123\uac70\ub098 \uc5ec\uc131\uc758 \ud074\ub9ac\ud1a0\ub9ac\uc2a4, \uc678\uc74c\ubd80\ub098 \uadf8 \uc8fc\ubcc0\uc744 \ud565\uac70\ub098 \ube68\uc544\uc11c \uc560\ubb34\ud55c\ub2e4. \ubc1b\ub294 \uc0ac\ub78c\uc774 \ub2e4\uc591\ud55c \uc131\uac10\uc744 \ub290\ub07c\ub294 \uc6d0\uc778\uc774 \ub418\uba70 \ud2b9\ud788 \ud074\ub9ac\ud1a0\ub9ac\uc2a4\uc758 \uac10\uac01\uc774 \ub9e4\uc6b0 \uc911\uc694\ud558\ub2e4. \ud0c0\uc561\uacfc \uc218\uc131\uc724\ud65c\uc81c\uac00 \uc790\uc8fc \uc0ac\uc6a9\ub418\uace0 \uc774\uac83\ub4e4\uc740 \ubd80\ub4dc\ub7fd\uac8c \ub9e4\ub044\ub7ec\uc6b4 \uc790\uadf9\uc744 \uac00\ub2a5\ud558\uac8c \ud55c\ub2e4. \ud30c\ud2b8\ub108\uc758 \ubc18\uc751\uc5d0 \uadc0\ub97c \uae30\uc6b8\uc774\uba74\uc11c \uc190\uac00\ub77d\uacfc \uac19\uc740 \ub2e4\ub978 \uc560\ubb34\uc640 \ud568\uaed8 \ubab8 \uc804\uccb4\uc5d0 \ub2e4\uc591\ud55c \uc790\uadf9\uacfc \uacb0\ud569\ud558\uc5ec \uc591\uce21\uc774 \ud3ed\ub113\uc740 \uc990\uac70\uc6c0\uc744 \ub098\ub20c \uc218 \uc788\uac8c \ud55c\ub2e4. \uc804\ud76c\ub85c\uc11c \ud558\ub294 \uacbd\uc6b0\uac00 \ub9ce\uc9c0\ub9cc, \uc624\ub974\uac00\uc998\uc5d0\uc758 \ub3c4\ub2ec \uc5ec\ubd80\uc5d0 \uad00\uacc4\uc5c6\uc774 \ucee4\ub2d0\ub9c1\uad6c\uc2a4 \uc790\uccb4\uac00 \uc131\ud589\uc704\uc774\ub2e4."}, {"qas": [{"answers": [{"text": "\uc250\uc5b4 \ud558\uc774\ud2b8", "answer_start": 61}], "id": "6561639-1-0", "question": "\uc624\ub974\uac00\uc2b4\uc740 \ud074\ub9ac\ud1a0\ub9ac\uc2a4\uc5d0 \uc9c1\uc811\uc801\uc778 \uc790\uadf9\uc744 \uc8fc\ub294 \ucee4\ub2d0\ub9c1\uad6c\uc2a4\ub97c \ud1b5\ud574 \uc27d\uac8c \ub3c4\ub2ec\ud560 \uc218 \uc788\ub2e4\uace0 \uc5ec\uc131\uc758 \uc131 \ubcf4\uace0\uc11c\ub97c \uc4f4 \uc0ac\ub78c\uc740 \ub204\uad6c\uc778\uac00?"}, {"answers": [{"text": "\uac1c\uc778 \uc704\uc0dd", "answer_start": 357}], "id": "6561639-1-1", "question": "\uc5ec\uc131\uc774 \ucee4\ub2d0\ub9c1\uad6c\uc2a4\ub97c \ud558\uae30 \uc804\uc5d0 \uc911\uc694\ud558\uac8c \uc0dd\uac01\ud558\ub294 \uac83\uc740 \ubb34\uc5c7\uc778\uac00?"}, {"answers": [{"text": "80%", "answer_start": 17}], "id": "6561642-1-0", "question": "\uc77c\ubc18\uc801 \ud1b5\uacc4\uc5d0 \ub530\ub974\uba74 \uc624\ub974\uac00\uc2b4\uc744 \uc5bb\uae30 \uc704\ud574 \uc9c1\uc811\uc801\uc778 \uc74c\ud575 \uc790\uadf9\uc744 \ud544\uc694\ub85c \ud558\ub294 \uc5ec\uc131\uc740 \uba87 \ud37c\uc13c\ud2b8\uc778\uac00?"}, {"answers": [{"text": "\uc250\uc5b4 \ud558\uc774\ud2b8", "answer_start": 61}], "id": "6561642-1-1", "question": "\ub300\ubd80\ubd84\uc758 \uc5ec\uc131\uc774 \ucee4\ub2d0\ub9c1\uad6c\uc2a4\ub97c \ud1b5\ud574 \uc27d\uac8c \uc624\ub974\uac00\uc2b4\uc5d0 \ub3c4\ub2ec\ud560 \uc218 \uc788\ub2e4\ub294 \uc131 \ubcf4\uace0\uc11c\ub97c \uc791\uc131\ud55c \ud559\uc790\ub294 \ub204\uad6c\uc778\uac00?"}, {"answers": [{"text": "\uc74c\ud575 \uc790\uadf9", "answer_start": 39}], "id": "6561653-1-0", "question": "\uc77c\ubc18\uc801\uc778 \ud1b5\uacc4\ub85c \ubcfc \ub54c, \uc5ec\uc131\uc758 80%\uac00 \uc624\ub974\uac00\uc2b4\uc744 \uc5bb\uc73c\ub824\uace0 \uc9c1\uc811\uc801\uc778 \uc5b4\ub5a4 \uc790\uadf9\uc744 \ud544\uc694\ub85c \ud569\ub2c8\uae4c?"}, {"answers": [{"text": "\uc74c\uc21c", "answer_start": 208}], "id": "6561653-1-1", "question": "\ucee4\ub2d0\ub9c1\uad6c\uc2a4\ub97c \ubc1b\ub294 \uc5ec\uc131\uc740 \ud30c\ud2b8\ub108\uc758 \ud600\uac00 \ud074\ub9ac\ud1a0\ub9ac\uc2a4\ub97c \uc798 \uc790\uadf9\ud560 \uc218 \uc788\ub3c4\ub85d \uc190\uac00\ub77d\uc744 \uc0ac\uc6a9\ud558\uba74 \uc9c1\uc811 \ubb34\uc5c7\uc744 \ubd84\ub9ac\ud560 \uc218 \uc788\uc2b5\ub2c8\uae4c?"}], "context": "\uc77c\ubc18\uc801\uc778 \ud1b5\uacc4\uc5d0 \ub530\ub974\uba74 \uc5ec\uc131\uc758 80%\uac00 \uc624\ub974\uac00\uc2b4\uc744 \uc5bb\uae30 \uc704\ud574 \uc9c1\uc811\uc801\uc778 \uc74c\ud575 \uc790\uadf9\uc744 \ud544\uc694\ub85c \ud55c\ub2e4. \uc131\uad50\uc721 \ud559\uc790 \uc250\uc5b4 \ud558\uc774\ud2b8\uc758 \uc5ec\uc131\uc758 \uc131 \ubcf4\uace0\uc11c\uc5d0 \ub530\ub974\uba74 \ub300\ubd80\ubd84\uc758 \uc5ec\uc131\uc758 \uacbd\uc6b0 \uc624\ub974\uac00\uc2b4\uc740 \ud074\ub9ac\ud1a0\ub9ac\uc2a4\uc5d0 \uc9c1\uc811\uc801\uc778 \uc790\uadf9\uc744 \uc8fc\ub294 \ucee4\ub2d0\ub9c1\uad6c\uc2a4\ub97c \ud1b5\ud574 \uc27d\uac8c \ub3c4\ub2ec\ud560 \uc218 \uc788\ub2e4\uace0 \ubcf4\uace0\ud558\uace0 \uc788\ub2e4. \ucee4\ub2d0\ub9c1\uad6c\uc2a4\ub97c \ubc1b\ub294 \uc5ec\uc131\uc740 \ud30c\ud2b8\ub108\uc758 \ud600\uac00 \ud074\ub9ac\ud1a0\ub9ac\uc2a4\ub97c \ub354 \uc798 \uc790\uadf9\ud560 \uc218 \uc788\ub3c4\ub85d \uc190\uac00\ub77d\uc744 \uc0ac\uc6a9, \uc9c1\uc811 \uc74c\uc21c\uc744 \ubd84\ub9ac \ud560 \uc218 \u200b\u200b\uc788\ub2e4. \ub610 \ub2e4\ub9ac\ub97c \ub113\uac8c \ubc8c\ub9ac\uba74 \ud30c\ud2b8\ub108\uac00 \ud074\ub9ac\ud1a0\ub9ac\uc2a4\uc5d0 \uad6c\ub450\ub85c \uc27d\uac8c \ub3c4\ub2ec \ud560 \uc218 \uc788\ub3c4\ub85d \uc678\uc74c\ubd80\ub97c \ub4dc\ub7ec\ub0bc \uc218 \uc788\ub2e4. \ud30c\ud2b8\ub108\ub294 \uc74c\uc21c\uacfc \uc804\uccb4 \uc0dd\uc2dd\uae30 \uc601\uc5ed\uc5d0 \ub300\ud574 \ubcf4\ub2e4 \ubd80\ub4dc\ub7fd\uace0 \uc9d1\uc911\uc801\uc774\uc9c0 \uc54a\uc740 \uc790\uadf9\uc73c\ub85c \uc2dc\uc791\ud558\ub294 \uac83\uc774 \uc88b\ub2e4. \uc5ec\uc131\uc740 \ucee4\ub2d0\ub9c1\uad6c\uc2a4\ub97c \ud558\uae30 \uc804\uc5d0 \uac1c\uc778 \uc704\uc0dd\uc744 \uc911\uc694\ud558\uac8c \uc0dd\uac01\ud55c\ub2e4. \uc77c\ubd80 \uc5ec\uc131\ub4e4\uc740 \uc74c\ubaa8\ub97c \uc81c\uac70\ud558\uac70\ub098 \ub2e4\ub4ec\uc5b4 \ucee4\ub2d0\ub9c1\uad6c\uc2a4 \uacbd\ud5d8\uc744 \ud5a5\uc0c1\uc2dc\ud0a4\uace0 \uc788\ub2e4."}, {"qas": [{"answers": [{"text": "\ubc30\uaf3d", "answer_start": 88}], "id": "6561639-2-0", "question": "\uc131\uacbd\uc5d0\uc11c \ucee4\ub2d0\ub9c1\uad6c\uc2a4\uc5d0 \ub300\ud574 \uc6b0\ud68c\uc801\uc73c\ub85c \ubc88\uc5ed\ud55c \ub2e8\uc5b4\ub294 \ubb34\uc5c7\uc778\uac00?"}, {"answers": [{"text": "\ud3ec\ub3c4\uc8fc", "answer_start": 116}], "id": "6561639-2-1", "question": "\uc721\uc721\uc801\uc778 \uadf8\ub987\uc5d0\uc11c \ub9c8\uc2dc\uace0 \uc2f6\uc740 \ub0a8\uc790\uc758 \uc695\ub9dd\uc744 \uc554\uc2dc\ud560 \ub54c \uc5ec\uc131\uc758 \uc6c5\ub369\uc774\uc5d0 \uac00\ub4dd \ucc44\uc6cc\uc9c0\uace0 \uc788\ub358 \uac83\uc740 \ubb34\uc5c7\uc778\uac00?"}, {"answers": [{"text": "\ubc30\uaf3d", "answer_start": 88}], "id": "6561642-2-0", "question": "\uc544\uac00\uc11c \uc911 \ucee4\ub2d0\ub9c1\uad6c\uc2a4\uc5d0 \ub300\ud55c \uc6b0\ud68c\uc801 \uc5b8\uae09\uc73c\ub85c \uc0dd\uac01\ud560 \uc218 \uc788\ub294 \uad6c\uc808\uc758 \ud575\uc2ec \ub2e8\uc5b4\ub294 \uc8fc\ub85c \ubb34\uc5c7\uc73c\ub85c \ubc88\uc5ed\ub418\ub294\uac00?"}, {"answers": [{"text": "\uce75\ud14c\uc77c", "answer_start": 261}], "id": "6561642-2-1", "question": "\uc544\uac00\uc11c 7\uc7a5 3\uc808\uc5d0 \ub300\ud55c \ud574\uc11d \uc911 \uc74c\ubd80\ub97c \ub3d9\uadf8\ub780 \ucef5\uc5d0 \ube44\uc720\ud55c \ubc88\uc5ed\uc740 \ucef5\uc5d0 \ubb34\uc5c7\uc774 \ub04a\uc5b4\uc9c4 \uc801\uc774 \uc5c6\ub2e4\uace0 \ud558\uc600\ub294\uac00?"}, {"answers": [{"text": "\ubc30\uaf3d", "answer_start": 88}], "id": "6561653-2-0", "question": "\uc131\uacbd\uc758 \uc544\uac00\uc11c 7:3\uc758 \ud575\uc2ec \ub2e8\uc5b4\ub97c \ub9ce\uc740 \ubc88\uc5ed\uc790\ub4e4\uc774 \ubb34\uc5c7\uc73c\ub85c \ubc88\uc5ed\ud588\uc2b5\ub2c8\uae4c?"}, {"answers": [{"text": "\uc601\uc801\uc778 \uc758\ubbf8", "answer_start": 459}], "id": "6561653-2-1", "question": "\uae30\ub3c5\uad50\uc640 \uc720\ub300\uad50\uc758 \uc804\ud1b5\uc5d0\uc11c \uc544\uac00\uc5d0 \uadf8\ub824\uc9c4 \uc2e0\ub791\uacfc \uc2e0\ubd80\uc758 \uc5d0\ub85c\ud2f1\ud55c \uce5c\ubc00\uac10\uc5d0 \uc5b4\ub5a4 \uc758\ubbf8\ub97c \ubd80\uc5ec\ud558\uace0 \uc788\uc2b5\ub2c8\uae4c?"}], "context": "\uc131\uacbd\uc758 \uc544\uac00\uc11c 7 : 3 (\uc81c\uc784\uc2a4 \uc655 \uc5ed\uc5d0\uc11c 7 : 2)\ub294 \ucee4\ub2d0\ub9c1\uad6c\uc2a4\uc5d0 \ub300\ud55c \uc6b0\ud68c\uc801 \uc5b8\uae09\uc774 \ud3ec\ud568\ub418\uc5b4 \uc788\ub2e4\uace0\ub3c4 \uc0dd\uac01\ud560 \uc218 \uc788\uc9c0\ub9cc, \ub9ce\uc740 \ubc88\uc5ed\uc790\ub294 \ud575\uc2ec \ub2e8\uc5b4\ub97c \"\ubc30\uaf3d\"\ub85c \ubc88\uc5ed\ud558\uace0 \uc788\ub2e4. \uc77c\ubd80\ub294 \"\uc5ec\uc131\uc758 \uc6c5\ub369\uc774\uc5d0 \ud3ec\ub3c4\uc8fc\uac00 \uac00\ub4dd \ucc44\uc6cc\uc9c0\uace0 \uc788\ub2e4\ub294 \ubb18\uc0ac\ub294 \uc721\uc695\uc801\uc778 \uadf8\ub987\uc5d0\uc11c \ub9c8\uc2dc\uace0 \uc2f6\uc740 \ub0a8\uc790\uc758 \uc695\ub9dd\uc744 \uc554\uc2dc\ud558\uace0 \uc788\ub2e4. \ub530\ub77c\uc11c \uc774\uac83\uc740 \uad50\uc815\uc758 \ubbf8\ubb18\ud558\uace0 \uae4a\uc740 \ub9db\uc758 \uadc0\ub754\uc778\uc9c0\ub3c4 \ubaa8\ub978\ub2e4\"\ub77c\ub294 \ud574\uc11d\uc744 \ubcf4\uc5ec\uc8fc\uace0 \uc788\ub2e4. \ub2e4\ub978 \ubc88\uc5ed\uc5d0\uc11c\ub294 \ub2e4\uc74c\uacfc \uac19\uc774\ub3c4 \uc77d\uc744 \uc218\uc788\ub294 - \"\ub108\uc758 \uc74c\ubd80\ub294 \ub3d9\uadf8\ub780 \ucef5, \uce75\ud14c\uc77c\uc774 \ub04a\uc5b4\uc9c4 \uc801\uc774 \uc5c6\ub2e4.\"(\uc544\uac00 7 : 2 \u05e9\u05e8\u05e8\u05da \u05d0\u05d2\u05df \u05d4\u05e1\u05d4\u05e8 \u05d0\u05dc \u05d9\u05d7\u05e1\u05e8 \u05d4\u05de\u05d6\u05d2) \uc0cc\ub4e4\uc5d0\uc11c \ucd9c\ubc1c \"vulva\"(\ud788\ube0c\ub9ac\uc5b4 shor-- \uc544\ub78c\uc5b4 '\ube44\ubc00 \uc7a5\uc18c'\ub77c\ub294 \ub2e8\uc5b4\uc5d0\uc11c \ud30c\uc0dd \ub41c), \ubc30, \uac00\uc2b4\uc73c\ub85c \uc62c\ub77c \uac04\ub2e4\uace0 \ud558\ub294 \ubb38\ub9e5\uc774 \ub2e8\uc5b4\uc758 \uc758\ubbf8\ub97c \uac70\uc758 \uacb0\uc815 \uc9d3\ub294 \uac83\uc774\ub2e4. \uae30\ub3c5\uad50\uc640 \uc720\ub300\uad50\uc758 \uc5ec\ub7ec \uc804\ud1b5\uc5d0\uc11c \"\uc544\uac00\"\uc5d0 \uadf8\ub824\uc9c4 \uc2e0\ub791\uacfc \uc2e0\ubd80\uc758 \uc5d0\ub85c\ud2f1\ud55c \uce5c\ubc00\uac10\uc5d0 \uc601\uc801\uc778 \uc758\ubbf8\ub97c \ubd80\uc5ec\ud558\uace0 \uc788\ub2e4."}], "title": "\ucee4\ub2d0\ub9c1\uad6c\uc2a4"}, {"paragraphs": [{"qas": [{"answers": [{"text": "\uc640\uce74\uc57c\ub9c8", "answer_start": 92}], "id": "6464838-0-0", "question": "\ud55c\uc640 \uc120\uc740 \uc624\uc0ac\uce74 \ub374\ub178\uc9c0\uc5d0\uc11c \uc5b4\ub514\uae4c\uc9c0 \uac00\ub294 \ub178\uc120\uc778\uac00?"}, {"answers": [{"text": "\uc624\ub178\uc57c\ub9c8 \uace0\uac1c", "answer_start": 293}], "id": "6464838-0-1", "question": "\uc2ec\ud55c \uad6c\ubc30 \uad6c\uac04\uc774 \uc874\uc7ac\ud558\ub294 \uc57c\ub9c8\ub098\uce74\ub2e4\ub2c8\uc5ed~\uae30\uc774 \uc5ed \uc0ac\uc774\uc5d0 \uc788\ub294 \uace0\uac1c\ub294?"}, {"answers": [{"text": "\uc640\uce74\uc57c\ub9c8 \uc5ed", "answer_start": 321}], "id": "6570133-0-0", "question": "\ud55c\uc640 \uc120\uc774 \uae30\uc138\uc774 \ubcf8\uc120\uacfc \uc811\uc18d\ud558\ub294 \uc5ed\uc740?"}, {"answers": [{"text": "1994\ub144", "answer_start": 400}], "id": "6570133-0-1", "question": "\uac04\uc0ac\uc774 \uad6d\uc81c\uacf5\ud56d\uc774 \uc5f4\ub9b0 \ud574\ub294?"}, {"answers": [{"text": "\uc640\uce74\uc57c\ub9c8", "answer_start": 92}], "id": "6570134-0-0", "question": "\ud55c\uc640 \uc120\uc758 \uc885\ucc29\uc810\uc740?"}, {"answers": [{"text": "\ud2b9\uae09 \uc5f4\ucc28", "answer_start": 370}], "id": "6570134-0-1", "question": "\uc640\uce74\uc57c\ub9c8 \uc5ed\uc5d0\uc11c \ub09c\ud0a4 \ubc29\uba74\uc73c\ub85c \uc6b4\ud589\ud558\uace0 \uc788\ub294 \uac83\uc740?"}, {"answers": [{"text": "1994\ub144", "answer_start": 400}], "id": "6570134-0-2", "question": "\uac04\uc0ac\uc774 \uad6d\uc81c\uacf5\ud56d\uc774 \uac1c\ud1b5\ub41c \ud574\ub294?"}], "context": "\uc11c\uc77c\ubcf8 \uc5ec\uac1d\ucca0\ub3c4 \uc5b4\ubc88 \ub124\ud2b8\uc6cc\ud06c\uc758 \ud55c \ucd95\uc744 \uad6c\uc131\ud558\uace0 \uc788\ub2e4. \uc624\uc0ac\uce74 \uc2dc\uac00\uc9c0 \ub0a8\ubd80\uc758 \ucca0\ub3c4 \uad50\ud1b5 \ud130\ubbf8\ub110\uc778 \ub374\ub178\uc9c0\uc5d0\uc11c \ub0a8\ucabd\uc73c\ub85c \ucca0\ub3c4\ub97c \ub298\ub824 \uc624\uc0ac\uce74 \ub0a8\ubd80\uc758 \uac01 \ub3c4\uc2dc\ub97c \uacbd\uc720\ud558\uc5ec \uc640\uce74\uc57c\ub9c8\uc5d0 \uc774\ub974\ub294 \ub178\uc120\uc774\ub2e4. \ud55c\uc640 \uc120\uc73c\ub85c\ubd80\ud130 \uc11c\uce21\uc5d0 \uc790\ub9ac\ud55c \ub09c\uce74\uc774 \uc804\uae30 \ucca0\ub3c4 \ubcf8\uc120\u00b7\uacf5\ud56d\uc120\uacfc \uacbd\ud569\ud558\uace0 \uc788\ub294 \uac83 \uc774\uc678\uc5d0 \uc2e0\uc774\ub9c8\ubbf8\uc57c \uc5ed ~ \ubaa8\uc988 \uc5ed \uac04\uc5d0\uc11c\ub294 \ub09c\uce74\uc774 \uc804\uae30 \ucca0\ub3c4 \uace0\uc57c \uc120\uacfc, \uc624\uc0ac\uce74 \uc2dc\ub0b4\uc5d0\uc11c\ub294 \uc624\uc0ac\uce74 \uc2dc \uad50\ud1b5\uad6d \ubbf8\ub3c4\uc2a4\uc9c0\u00b7\ub2e4\ub2c8\ub9c8\uce58 \uc120\uc774\ub098 \ud55c\uce74\uc774 \uc804\uae30 \uada4\ub3c4\uc640\ub3c4 \uacbd\ud569\uc774 \uc774\ub8e8\uc5b4\uc9c0\uace0 \uc788\ub2e4. \uc57c\ub9c8\ub098\uce74\ub2e4\ub2c8 \uc5ed ~ \uae30\uc774 \uc5ed \uac04\uc758 \uc624\uc0ac\uce74\ubd80\uc640 \uc640\uce74\uc57c\ub9c8\ud604 \uac04\uc758 \uacbd\uacc4\uc5d0\ub294 \uc624\ub178\uc57c\ub9c8 \uace0\uac1c\uac00 \uc788\uc5b4 \uc2ec\ud55c \uad6c\ubc30 \uad6c\uac04\uc774 \uc874\uc7ac\ud55c\ub2e4. \uc640\uce74\uc57c\ub9c8 \uc5ed\uc5d0\uc11c\ub294 \uae30\uc138\uc774 \ubcf8\uc120\uacfc \uc811\uc18d\ud558\uac8c \ub418\uc5b4 \uae30\uc138\uc774 \ubcf8\uc120\uc744 \ud1b5\ud574 \ub09c\ud0a4 \ubc29\uba74\uc73c\ub85c \ud5a5\ud558\ub294 \ud2b9\uae09 \uc5f4\ucc28\ub3c4 \uc6b4\ud589\ub418\uace0 \uc788\ub2e4. \uac04\uc0ac\uc774 \uad6d\uc81c\uacf5\ud56d\uc774 \uac1c\ud1b5\ud55c 1994\ub144 \uc774\ud6c4\uc5d0\ub294 \uac04\uc0ac\uc774 \uacf5\ud56d\uc120\uacfc \uc5f0\ub77d\ub418\uc5b4 \uacf5\ud56d \uc5f0\ub77d \ub178\uc120\uc73c\ub85c\uc11c\uc758 \uc911\uc694\ud55c \uc5ed\ud560\uc744 \uac00\uc9c0\uac8c \ub418\uc5c8\ub2e4."}, {"qas": [{"answers": [{"text": "\ucf8c\uc18d\uacfc \ubcf4\ud1b5", "answer_start": 27}], "id": "6464838-1-0", "question": "\ub374\ub178\uc9c0 ~ \ud788\ub124\ub178 \uc5ed\uac04\uc5d0 \ub300\ub0ae \uc2dc\uac04\uc5d0 \ubaa8\ub450 \uc2dc\uac04\ub2f9 12\ud3b8\uc774 \uc6b4\ud589\ud558\ub294\ub370 \uc5b4\ub5a4 \uc885\ub958\uc758 \uc5f4\ucc28\ub4e4\uc778\uac00?"}, {"answers": [{"text": "\uc774\ubd81 \uad6c\uac04", "answer_start": 128}], "id": "6464838-1-1", "question": "\ud788\ub124\ub178 \uc5ed \uc774\ub0a8 \uad6c\uac04\uacfc \uc774\ubd81 \uad6c\uac04 \uc911 \uc5f4\ucc28 \ud3b8\uc218\uac00 \ub354 \ub9ce\uc740 \uacf3\uc740 \uc5b4\ub514\uc778\uac00?"}, {"answers": [{"text": "\uc2dc\uac04\ud45c \uac1c\uc815", "answer_start": 365}], "id": "6464838-1-2", "question": "\uac04\uc0ac\uc774 \ubcf8\uc120 JR \ub09c\ubc14 \uc5ed \ubc1c\ucc29 \uc5f4\ucc28\ub294 2008\ub144 3\uc6d4 \uc774 \uc77c\uc774 \uc788\uc740 \ud6c4 \uc5c6\uc5b4\uc84c\ub2e4. \uc774 \uc77c\uc740?"}, {"answers": [{"text": "\ud788\ub124\ub178 \uc5ed", "answer_start": 105}], "id": "6570133-1-0", "question": "\uc624\uc0ac\uce74 \ubc29\uba74\uc5d0\uc11c \ucd9c\ubc1c\ud55c \ub300\ubd80\ubd84\uc758 \uc5f4\ucc28\uac00 \uc885\ucc29\ud558\ub294 \uc5ed\uc740?"}, {"answers": [{"text": "2008\ub144", "answer_start": 352}], "id": "6570133-1-1", "question": "\uac04\uc0ac\uc774 \ubcf8\uc120 JR \ub09c\ubc14 \uc5ed \ubc1c\ucc29\uc758 \uc5f4\ucc28\uac00 \ud3d0\uc9c0\ub41c \ud574\ub294?"}, {"answers": [{"text": "\ud788\ub124\ub178 \uc5ed", "answer_start": 105}], "id": "6570134-1-0", "question": "\uc624\uc0ac\uce74 \ubc29\uba74\uc5d0\uc11c \uc628 \ub300\ubd80\ubd84\uc758 \uc5f4\ucc28\uac00 \uc885\ucc29\ud558\ub294 \uacf3\uc740?"}, {"answers": [{"text": "\ud2b9\uae09", "answer_start": 172}], "id": "6570134-1-1", "question": "\ud788\ub124\ub178 \uc5ed \uc774\ub0a8 \uc9c0\uc5ed\uc5d0\uc11c \uc6b0\uc120\ub3c4\uac00 \ub192\uc740 \uc5f4\ucc28\ub294?"}, {"answers": [{"text": "2008\ub144", "answer_start": 352}], "id": "6570134-1-2", "question": "\uac04\uc0ac\uc774 \ubcf8\uc120 JR \ub09c\ubc14\uc5ed \ubc1c\ucc29 \uc5f4\ucc28\uac00 \uc874\uc7ac\ud588\ub358 \ub9c8\uc9c0\ub9c9 \ud574\ub294?"}], "context": "\ub300\ub0ae \uc2dc\uac04\ub300\uc5d0\ub294 \ub374\ub178\uc9c0 \uc5ed ~ \ud788\ub124\ub178 \uc5ed \uac04\uc5d0\uc11c \ucf8c\uc18d\uacfc \ubcf4\ud1b5\uc774 \uac01\uac01 \uc2dc\uac04\ub2f9 6\ud3b8\uc529 \uc6b4\uc804\ub418\uace0 \uc788\ub2e4. \ud788\ub124\ub178 \uc5ed \uc774\ub0a8 \uad6c\uac04 (~\uc640\uce74\uc57c\ub9c8 \uc5ed)\uc758 \uc6b4\uc804 \ud3b8\uc218\ub294 \uc624\uc0ac\uce74 \ubc29\uba74\uc5d0\uc11c \uc628 \ub300\ubd80\ubd84\uc758 \uc5f4\ucc28\uac00 \ud788\ub124\ub178 \uc5ed\uc5d0\uc11c \uc885\ucc29\ud558\uae30 \ub54c\ubb38\uc5d0 \ud788\ub124\ub178 \uc5ed \uc774\ubd81 \uad6c\uac04\uc758 \uc5f4\ucc28 \ud3b8\uc218\uc5d0 \ube44\ud574 \ube44\uad50\uc801 \uc801\uc740 \ud3b8\uc774\ub2e4. \ub610 \ud788\ub124\ub178 \uc5ed \uc774\ub0a8 \uc9c0\uc5ed\uc758 \ud2b9\uae09\uc758 \uc6b0\uc120\ub3c4\uac00 \ub192\uae30 \ub54c\ubb38\uc5d0 \ud788\ub124\ub178 \uc5ed\u00b7\uc774\uc988\ubbf8\uc2a4\ub098\uac00\uc640 \uc5ed\uc5d0\uc11c \ud2b9\uae09 \uc5f4\ucc28\uc640 \ubcf4\ud1b5 \uc5f4\ucc28\uc758 \uc811\uc18d\uc774 \uc774\ub8e8\uc5b4\uc9c0\ub294 \ud55c\ud3b8\uc73c\ub85c \ucf8c\uc18d \uc5f4\ucc28\uc640\uc758 \uc811\uc18d \ud658\uacbd\uc774 \uc5f4\uc545\ud55c \uacbd\uc6b0\ub3c4 \ub9ce\uae30 \ub54c\ubb38\uc5d0 \ucf8c\uc18d \ud1b5\uacfc\uc5ed\uacfc\uc758 \uaca9\ucc28\uac00 \ucee4\uc9c0\uace0 \uc788\ub2e4. \uc120\ub0b4\uc5d0\uc11c\ub9cc \uc6b4\uc804\ub418\ub294 \uc5f4\ucc28 \uc774\uc678\uc5d0 \uc624\uc0ac\uce74 \uc21c\ud658\uc120, \uac04\uc0ac\uc774 \uacf5\ud56d\uc120, \uae30\uc138\uc774 \ubcf8\uc120\uc73c\ub85c \uc9c1\uacb0 \uc6b4\ud589\ud558\ub294 \uc5f4\ucc28\ub3c4 \uc124\uc815\ub418\uc5b4 \uc788\ub2e4. 2008\ub144 3\uc6d4 15\uc77c \uc2dc\uac04\ud45c \uac1c\uc815\uae4c\uc9c0\ub294 \uac04\uc0ac\uc774 \ubcf8\uc120 JR \ub09c\ubc14 \uc5ed \ubc1c\ucc29\uc758 \uc5f4\ucc28\ub3c4 \uc874\uc7ac\ud588\uc5c8\ub2e4."}, {"qas": [{"answers": [{"text": "\ubcf5\uc120\ud654", "answer_start": 50}], "id": "6464838-2-0", "question": "\ub374\ub178\uc9c0 \uc5ed\uc5d0\uc11c 2008\ub144 3\uc6d4 \uae4c\uc9c0 \uc9c4\ud589\ub41c \uacf5\uc0ac\ub85c \uc57c\ub9c8\ud1a0\uc9c0 \uc120\uacfc \ud55c\uc640 \uc120\uacfc\uc758 \uad50\ucc28\ub97c \ub2e8\ub77d\uc120\uc5d0\uc11c \uc5b4\ub5bb\uac8c \ubc14\ub00c\uc5c8\ub098?"}, {"answers": [{"text": "8\ub7c9", "answer_start": 334}], "id": "6464838-2-1", "question": "\ud788\ub124\ub178 \uc5ed \uc774\ubd81\uc5d0 \uc99d\ud3b8\ub41c \ucf8c\uc18d \uc5f4\ucc28\ub294 \ubaa8\ub450 \uba87 \ub7c9\uc778\uac00?"}, {"answers": [{"text": "\ubcf5\uc120\ud654", "answer_start": 217}], "id": "6464838-2-2", "question": "\uc57c\ub9c8\ud1a0\uc9c0 \uc120\uc758 \uc2dc\uac04\ud45c\uac00 \ub354 \uac04\ub2e8\ud574\uc9c0\uac8c \ub41c \uc774\uc720\ub294 \ubb34\uc5c7\uc77c\uae4c? "}, {"answers": [{"text": "\uc57c\ub9c8\ud1a0\uc9c0 \uc120", "answer_start": 12}], "id": "6570133-2-0", "question": "\ud55c\uc640 \uc120\uc774 \ub374\ub178\uc9c0 \uc5ed\uc5d0\uc11c \ud3c9\uba74 \uad50\ucc28\ud558\ub294 \ub178\uc120\uc740?"}, {"answers": [{"text": "2008\ub144", "answer_start": 65}], "id": "6570133-2-1", "question": "\uc624\uc0ac\uce74 \uc21c\ud658\uc120 \uac01\uc5ed\uc5d0 \uc815\ucc28\ud558\ub294 \ud55c\uc640 \uc120 \uc9c1\ud1b5 \ucf8c\uc18d\uc774 \uac1c\uc2dc\ub41c \ud574\ub294?"}, {"answers": [{"text": "\uc57c\ub9c8\ud1a0\uc9c0 \uc120", "answer_start": 222}], "id": "6570134-2-0", "question": "\ubcf5\uc120\ud654\uac00 \uc2dc\uac04\ud45c \ud63c\ub780\uc744 \ub9c9\uc740 \uc120\uc740?"}, {"answers": [{"text": "8\ub7c9", "answer_start": 334}], "id": "6570134-2-1", "question": "\ubcf5\uc120\ud654 \uc774\ud6c4 \ud558\ub124\ub178 \uc5ed \uc774\ubd81\uc5d0\uc11c \ub300\ud3ed \uc99d\uac00\ud55c \ucf8c\uc18d \uc5f4\ucc28\ub294 \uba87 \ub7c9\uc73c\ub85c \uad6c\uc131\ub418\uc5c8\ub294\uac00?"}], "context": "\ub374\ub178\uc9c0 \uc5ed \uad6c\ub0b4\uc5d0\uc11c\ub294 \uc57c\ub9c8\ud1a0\uc9c0 \uc120\uacfc \ud3c9\uba74 \uad50\ucc28\ud558\uc5ec \ub2e8\uc120\uc73c\ub85c \uc6b4\uc804\ud558\ub294 \ud55c\uc640 \uc120\uacfc\uc758 \ub2e8\ub77d\uc120\uc744 \ubcf5\uc120\ud654\ud558\ub294 \uacf5\uc0ac\uac00 \uc774\ub8e8\uc5b4\uc838 2008\ub144 3\uc6d4 15\uc77c \uc2dc\uac04\ud45c \uac1c\uc815\uc2dc\ubd80\ud130 \uc0ac\uc6a9\uc744 \uac1c\uc2dc\ud558\uc600\ub2e4. \ub300\ub0ae \uc2dc\uac04\ub300\uc758 \ub374\ub178\uc9c0 \uc5ed ~ \uc640\uce74\uc57c\ub9c8 \uc5ed \uac04\uc758 \ucf8c\uc18d\uacfc JR \ub09c\ubc14 \uc5ed \ubc1c\ucc29\uc758 \uac04\ucfe0 \ucf8c\uc18d\uc774 \uc624\uc0ac\uce74 \uc21c\ud658\uc120\uacfc \uc9c1\ud1b5 \uc6b4\uc804\ud558\ub294 \uac04\ucfe0\u00b7\uae30\uc288\uc9c0 \ucf8c\uc18d\uc5d0 \ud1b5\ud569\ub418\uc5b4 \uac19\uc740 \uc2dc\uac04\ub300\uc758 \uac04\ucfe0\u00b7\uae30\uc288\uc9c0 \ucf8c\uc18d\uc774 \ub9e4\uc2dc 3\ud3b8\uc73c\ub85c \uc99d\ubc1c\ub418\uc5c8\ub2e4. \uc774 \ubcf5\uc120\ud654\ub294 \uc57c\ub9c8\ud1a0\uc9c0 \uc120\uc758 \uc2dc\uac04\ud45c \ud63c\ub780\uc774 \ud070 \uc601\ud5a5\uc744 \ub07c\uce58\ub294 \uac83\uc744 \ub9c9\ub294 \ud6a8\uacfc\ub97c \uac00\uc9c0\uace0 \uc788\ub2e4. \ub610 \uc544\uce68 \ucd9c\uadfc \uc2dc\uac04\ub300\uc5d0 \uc624\uc0ac\uce74 \uc21c\ud658\uc120 \ub0b4 \uac01\uc5ed\uc5d0 \uc815\ucc28\ud558\ub294 \uc9c1\ud1b5 \ucf8c\uc18d\ub3c4 \uc6b4\uc804\uc774 \uac1c\uc2dc\ub418\uc5c8\ub2e4. \uc804\ubc18\uc801\uc73c\ub85c \ud788\ub124\ub178 \uc5ed \uc774\ubd81\uc5d0\uc11c\ub294 8\ub7c9 \ud3b8\uc131\uc758 \ucf8c\uc18d \uc5f4\ucc28\uac00 \ub300\ud3ed \uc99d\uac00\ub418\uc5c8\uae30 \ub54c\ubb38\uc5d0 \ub09c\uce74\uc774 \uc804\uae30 \ucca0\ub3c4 \ubcf8\uc120\uacfc \uc218\uc1a1\ub825\uc5d0\uc11c \ucc28\uc774\uac00 \ub098\uac8c \ub418\uc5c8\ub2e4."}, {"qas": [{"answers": [{"text": "\ud558\ub8e8\uce74 \ud638", "answer_start": 64}], "id": "6464838-3-0", "question": "\uac04\uc0ac\uc774 \uacf5\ud56d\uc120\uc5d0 \uc9c1\ud1b5\ud558\ub294 \ud2b9\uae09 \uc5f4\ucc28\ub294 \ubb34\uc5c7\uc778\uac00?"}, {"answers": [{"text": "\ud558\ub8e8\uce74", "answer_start": 100}], "id": "6464838-3-1", "question": "\uae30\uc138\uc774\ubcf8\uc120\uacfc \uac04\uc0ac\uc774 \uacf5\ud56d\uc120\uc5d0 \uc9c1\ud1b5\ud558\ub294 \uc5f4\ucc28\uac00 \uc6b4\ud589\ub418\ub294 \uc815\ucc28\uc5ed\ub4e4 \uc911 \uc624\ud1a0\ub9ac\uc5d0\uc11c \uc81c\uc678\ub418\ub294 \uc5ed\uc740 \uc624\uc158\uc560\ub85c\uc6b0\uc640 \uc5b4\ub514\uc778\uac00?  "}, {"answers": [{"text": "6\ub7c9", "answer_start": 297}], "id": "6464838-3-2", "question": "\ud55c\uc640\uc120 \uc740 \uc2b9\uac1d\uc774 \ub9ce\uc744 \uacbd\uc6b0 9\ub7c9\uc73c\ub85c \ud3b8\uc131\ub418\uae30\ub3c4 \ud558\ub294\ub370 \uae30\ubcf8\uc801\uc73c\ub85c \ud3b8\uc131\uc6b4\ud589\ub418\ub294 \uc5f4\ucc28\ub294 \uba87\ub7c9\uc77c\uae4c?"}, {"answers": [{"text": "\uac04\uc0ac\uc774 \uacf5\ud56d\uc120", "answer_start": 47}], "id": "6570134-3-0", "question": "\ud2b9\uae09 \ud558\ub8e8\uce74 \ud638\uac00 \uc9c1\ud1b5\ud558\uace0 \uc788\ub294 \uc120\uc740?"}, {"answers": [{"text": "\uc784\uc2dc \uc5f4\ucc28", "answer_start": 250}], "id": "6570134-3-1", "question": "\uc2b9\uac1d\uc774 \ub9ce\uc740 \uc2dc\uae30\uc5d0 \uc6b4\uc804\ub418\ub294 \uac83\uc740?"}, {"answers": [{"text": "9\ub7c9", "answer_start": 321}], "id": "6570134-3-2", "question": "\uae30\ubcf8\uc801\uc73c\ub85c 6\ub7c9 \ud3b8\uc131\uc774\uc9c0\ub9cc \uc2b9\uac1d\uc774 \ub9ce\uc744 \ub54c \uc6b4\ud589\ub418\ub294 \ub7c9 \uc218\ub294?"}], "context": "\uae30\uc138\uc774 \ubcf8\uc120 (\uae30\ub178\ucfe0\ub2c8 \uc120)\uc5d0 \uc9c1\ud1b5\ud558\ub294 \ud2b9\uae09 \uad6c\ub85c\uc2dc\uc624\u00b7\uc288\ud37c \uad6c\ub85c\uc2dc\uc624\u00b7\uc624\uc158\uc560\ub85c\uc6b0 \ud638\uc640 \uac04\uc0ac\uc774 \uacf5\ud56d\uc120\uc5d0 \uc9c1\ud1b5\ud558\ub294 \ud2b9\uae09 \ud558\ub8e8\uce74 \ud638\uac00 \uc6b4\uc804\ub418\uace0 \uc788\ub2e4. \uc815\ucc28\uc5ed\uc740 \ub374\ub178\uc9c0, \uc624\ud1a0\ub9ac(\uc624\uc158\uc560\ub85c\uc6b0\u00b7\ud558\ub8e8\uce74 \uc81c\uc678), \uc774\uc988\ubbf8\ud6c4\ucd94 (\uc624\uc158\uc560\ub85c\uc6b0 \uc81c\uc678), \ud788\ub124\ub178 (\uc624\uc158\uc560\ub85c\uc6b0 \uc81c\uc678), \uc774\uc988\ubbf8\uc2a4\ub098\uac00\uc640(\uc624\uc158\uc560\ub85c\uc6b0 \uc81c\uc678)\uc774\ub2e4. \ub300\ub0ae \uc2dc\uac04\ub300 \uc774\ud6c4\uc5d0\ub294 \uc2ec\uc57c \uc2dc\uac04\ub300\ub97c \uc81c\uc678\ud558\uace0\ub294 \uc2dc\uac04\ub2f9 3\ud3b8 (\ub09c\ud0a4 \ubc29\uba74 1\ud3b8, \uac04\uc0ac\uc774 \uacf5\ud56d \ubc29\uba74 2\ud3b8)\uc73c\ub85c \ube44\uad50\uc801 \uc6b4\ud589 \ud3b8\uc218\uac00 \ub9ce\uc544 \uc2b9\uac1d\uc774 \ub9ce\uc740 \uc2dc\uae30\uc5d0\ub294 \uc784\uc2dc \uc5f4\ucc28\ub3c4 \uc6b4\uc804\ub418\uae30 \ub54c\ubb38\uc5d0 \uc2dc\uac04\ub2f9 4\ud3b8 \uac00\uae4c\uc774\uc758 \ud3b8\uc218\uac00 \uc6b4\uc804\ub418\uace0 \uc788\ub2e4. \uae30\ubcf8\uc801\uc73c\ub85c 6\ub7c9 \ud3b8\uc131\uc774 \uc6b4\uc804\ub418\uc9c0\ub9cc \uc2b9\uac1d\uc774 \ub9ce\uc744 \ub54c\uc5d0\ub294 9\ub7c9 \ud3b8\uc131\uc73c\ub85c \uc6b4\uc804\ub418\uae30\ub3c4 \ud55c\ub2e4. \ub374\ub178\uc9c0 \uc5ed ~ \uc640\uce74\uc57c\ub9c8 \uc5ed \uac04\uc5d0\uc11c\ub294 \uc815\ucc28\uc5ed\uc774 \ube44\uad50\uc801 \uc801\uae30 \ub54c\ubb38\uc5d0 \uc2dc\ud310\ub418\uace0 \uc788\ub294 \uc2dc\uac04\ud45c\uc758 \ud55c\uc640 \uc120 \ud398\uc774\uc9c0\uc5d0\uc11c\ub294 \uc0dd\ub7b5\ub418\uc5b4 \uc788\ub2e4. 2003\ub144\uae4c\uc9c0\uc758 \uc11c\uc77c\ubcf8 \uc5ec\uac1d\ucca0\ub3c4 \uc640\uce74\uc57c\ub9c8 \uc9c0\uc0ac \uac10\uc218\uc758 \ud55c\uc640\uc120 \uc2dc\uac04\ud45c\uc5d0\ub294 \uad6c\ub85c\uc2dc\uc624\uc758 \uc2dc\uac04\ud45c\ub3c4 \uac1c\uc81c\ub418\uc5b4 \uc788\uc5c8\ub2e4."}, {"qas": [{"answers": [{"text": "\ud648 \ub77c\uc774\ub108 \uc774\uc988\ubbf8", "answer_start": 36}], "id": "6464838-4-0", "question": "\ud55c\uc640\uc120\uc758 \uc804\uc2e0\uc740 1984\ub144 \uc6b4\uc804\uac1c\uc2dc\ud55c \uc774\uc5f4\ucc28\uc778\ub370 \uc774\ub984\uc740?"}, {"answers": [{"text": "\ud55c\uc640 \ub77c\uc774\ub108", "answer_start": 182}], "id": "6464838-4-1", "question": "\ud55c\uc640 \uc120\uc758 \uc804\uc2e0\uc778 \uc5f4\ucc28\uac00 1986\ub144 11\uc6d4\uc774\ud6c4 \ubd88\ub9ac\uc6b0\ub358 \uc774\ub984\uc740?"}, {"answers": [{"text": "6\uc6d4 1\uc77c", "answer_start": 356}], "id": "6464838-4-2", "question": "\ud55c\uc640 \ub77c\uc774\ub108 \uc5f4\ucc28 \ub0b4\uc5d0 \uae08\uc5f0\ud654\uac00 \uc2dc\ud589\ub41c \ub0a0\uc9dc\ub294 2009\ub144 \uc5b8\uc81c \ubd80\ud130\uc778\uac00?"}, {"answers": [{"text": "1986\ub144", "answer_start": 144}], "id": "6570133-4-0", "question": "\ud55c\uc640 \ub77c\uc774\ub108\uac00 \ub3c4\uc785\ub41c \ud574\ub294?"}, {"answers": [{"text": "1984\ub144", "answer_start": 0}], "id": "6570133-4-1", "question": "\ud648 \ub77c\uc774\ub108 \uc774\uc988\ubbf8\uac00 \uac1c\uc2dc\ub41c \ud574\ub294?"}, {"answers": [{"text": "\ud55c\uc640 \ub77c\uc774\ub108", "answer_start": 182}], "id": "6570134-4-0", "question": "\ud648 \ub77c\uc774\ub108 \uc774\uc988\ubbf8\uac00 1986\ub144 \ubc14\ub010 \uc774\ub984\uc740?"}, {"answers": [{"text": "\uc640\uce74\uc57c\ub9c8 \uc5ed", "answer_start": 168}], "id": "6570134-4-1", "question": "\ud648 \ub77c\uc774\ub108 \uc774\uc988\ubbf8\uac00 1986\ub144 \uc6b4\uc804 \uad6c\uac04\uc774 \uc5f0\uc7a5\ub41c \uc5ed\uc740?"}, {"answers": [{"text": "2009\ub144", "answer_start": 312}], "id": "6570134-4-2", "question": "\ud55c\uc640 \ub77c\uc774\ub108\uac00 \ud734\uc77c \uc2dc\uac04\ub300 \uc6b4\uc804\uc774 \uc911\ub2e8\ub41c \ud574\ub294?"}], "context": "1984\ub144 9\uc6d4\ubd80\ud130 \ub374\ub178\uc9c0 \uc5ed ~ \ud788\ub124\ub178 \uc5ed\uac04\uc5d0 \uc6b4\uc804\uc744 \uac1c\uc2dc\ud55c '\ud648 \ub77c\uc774\ub108 \uc774\uc988\ubbf8'\uac00 \uc804\uc2e0\uc774\ub2e4. \ud2b9\uae09 \uad6c\ub85c\uc2dc\uc624\uc758 381\uacc4 \uc804\ub3d9\ucc28\uc758 \ud788\ub124\ub178 \uc804\ucc28\uad6c \uc785\uc120 \ud68c\uc1a1 \uc5f4\ucc28\ub97c \uc88c\uc11d \uc815\ub9ac\uad8c\uc744 \ud544\uc694\ub85c \ud558\ub294 \uc815\uc6d0\uc81c \uc5f4\ucc28\ub85c\uc11c \uc6b4\ud589\ud574\uc628 \uac83\uc73c\ub85c \uac04\uc0ac\uc774 \uc9c0\ubc29 \ucd5c\ucd08\uc758 \ud648 \ub77c\uc774\ub108\uc600\ub2e4. 1986\ub144 11\uc6d4 \uac1c\uc815\uc5d0 \ub530\ub77c \uc6b4\uc804 \uad6c\uac04\uc774 \uc640\uce74\uc57c\ub9c8 \uc5ed\uae4c\uc9c0 \uc5f0\uc7a5\ub418\uc5b4 \ud55c\uc640 \ub77c\uc774\ub108\ub85c \uac1c\uce6d\ub418\uc5b4 \ud604\uc7ac\uc5d0 \uc774\ub974\uac8c \ub418\uc5c8\ub2e4. \uc774\uc804\uc5d0\ub294 \ud3c9\uc77c\uc5d0 \uc0c1\ud589 3\ud3b8, \ud558\ud589 6\ud3b8\uc774 \uc6b4\uc804\ub418\uc5c8\uc9c0\ub9cc \uc77c\ubd80\uac00 \uc2e0\uc624\uc0ac\uce74 \uc5ed\uc774\ub098 \uad50\ud1a0 \uc5ed \ubc29\uba74 \ubc1c\ucc29 \ud2b9\uae09 \uad6c\ub85c\uc2dc\uc624\ub85c \ubcc0\uacbd\ub418\uc5b4 2002\ub144 3\uc6d4 \uc774\ud6c4\uc5d0\ub294 \uc0c1\ud589 2\ud3b8, \ud558\ud589 4\ud3b8\uc73c\ub85c \ucd95\uc18c\ub418\uc5c8\ub2e4. 2009\ub144 3\uc6d4\uc758 \uc2dc\uac04\ud45c \uac1c\uc815\ubd80\ud130\ub294 \ud734\uc77c \uc2dc\uac04\ub300\uc758 \uc6b4\uc804\uc774 \uc911\ub2e8\ub418\uc5c8\uc73c\uba70 \uac19\uc740 \ud574 6\uc6d4 1\uc77c\ubd80\ud130\ub294 \uc804\uba74 \uae08\uc5f0\ud654\ub418\uc5c8\ub2e4."}, {"qas": [{"answers": [{"text": "\uad50\ubc14\uc2dc", "answer_start": 211}], "id": "6464838-5-0", "question": "\uac04\ucfe0 \ucf8c\uc18d\uc5f4\ucc28\ub294 \ub0ae\uc2dc\uac04\ub300\uc5d0 \uac04\uc0ac\uc774\uacf5\ud56d\uc5ed\uc744 \ucd9c\ubc1c\ud574 \uc5b4\ub514\uae4c\uc9c0 \uc6b4\ud589\ub418\ub294\uac00?"}, {"answers": [{"text": "8\ub7c9", "answer_start": 347}], "id": "6464838-5-1", "question": "\uc870\uc870 \ubc0f \uc2ec\uc57c\uc2dc\uac04\ub300\ub97c \uc81c\uc678\ud55c \ud788\ub124\ub178\uc5ed \uc774\ubd81 \uc804 \uad6c\uac04\uc5d0 \uc6b4\ud589\ub418\ub294 \uc5f4\ucc28\ub294 \uba87\ub7c9\uc73c\ub85c \ud3b8\uc131 \ub418\ub098?"}, {"answers": [{"text": "\ub374\ub9c8 \uc5ed\uacfc \uc0ac\ucfe0\ub77c\ub178\ubbf8\uc57c", "answer_start": 461}], "id": "6464838-5-2", "question": "2008\ub144 3\uc6d4 \uc2dc\uac04\ud45c \uac1c\uc815 \uc774\ud6c4 \ucd94\uac00\uc815\ucc28\ud558\uac8c \ub41c \uc5ed\uc740?"}, {"answers": [{"text": "1994\ub144", "answer_start": 111}], "id": "6570133-5-0", "question": "\uac04\ucfe0 \ucf8c\uc18d\uc774 \uac1c\uc2dc\ub41c \ud574\ub294?"}, {"answers": [{"text": "2008\ub144", "answer_start": 572}], "id": "6570133-5-1", "question": "\ud2b9\ubcc4\ucf8c\uc18d \uc719 \ud638\uac00 \uc0ac\ub77c\uc9c4 \ud574\ub294?"}, {"answers": [{"text": "\uac04\uc0ac\uc774 \uacf5\ud56d \ud2b9\uae09 \ud558\ub8e8\uce74", "answer_start": 34}], "id": "6570134-5-0", "question": "\uac04\ucfe0 \ucf8c\uc18d\uacfc \ud568\uaed8 \uac04\uc0ac\uc774 \uad6d\uc81c\uacf5\ud56d \uc5f0\uacc4 \uc5f4\ucc28\uc778 \uac83\uc740?"}, {"answers": [{"text": "2008\ub144", "answer_start": 436}], "id": "6570134-5-1", "question": "\uac04\ucfe0 \ucf8c\uc18d\uc774 \ub374\ub9c8 \uc5ed\uacfc \uc0ac\ucfe0\ub77c\ub178\ubbf8\uc57c \uc5ed\uc5d0 \uc815\ucc28\ud558\uac8c \ub41c \ud574\ub294?"}, {"answers": [{"text": "\uc719", "answer_start": 560}], "id": "6570134-5-2", "question": "2008\ub144 3\uc6d4 15\uc77c\uc5d0 \uc18c\uba78\ud55c \ud2b9\ubcc4\ucf8c\uc18d\uc758 \uc774\ub984\uc740?"}], "context": "\uac04\ucfe0 \ucf8c\uc18d \ub610\ub294 \uad00\uacf5\ucf8c\uc18d(\uc77c\ubcf8\uc5b4: \u95a2\u7a7a\u5feb\u901f \uce78\ucfe0\uc6b0\uce74\uc774\uc18c\ucfe0)\uc740 \uac04\uc0ac\uc774 \uacf5\ud56d \ud2b9\uae09 \ud558\ub8e8\uce74\uc640 \ud568\uaed8 \uac04\uc0ac\uc774 \uad6d\uc81c\uacf5\ud56d \uc5f0\uacc4 \uc5f4\ucc28\ub85c\uc11c \uc624\uc0ac\uce74 \uc21c\ud658\uc120 \ub374\ub178\uc9c0 \uc5ed ~ \uac04\uc0ac\uc774 \uacf5\ud56d\uc5ed\uc5d0 \ud55c\ud574 \uac04\uc0ac\uc774 \uad6d\uc81c\uacf5\ud56d\uc774 \uac1c\ud56d\ud55c 1994\ub144 9\uc6d4\ubd80\ud130 \uc6b4\ud589\uc774 \uac1c\uc2dc\ub41c \ucf8c\uc18d \uc5f4\ucc28\uc774\ub2e4. \ucc28\ub7c9\uc740 \uc11c\uc77c\ubcf8 \uc5ec\uac1d\ucca0\ub3c4 223\uacc4 \uc804\ub3d9\ucc28\uc758 0\ubc88\ub300\uc640 2500\ubc88\ub300\uac00 \uc0ac\uc6a9\ub418\uace0 \uc788\ub2e4. \ub300\ub0ae \uc2dc\uac04\ub300\uc5d0\ub294 \uac04\uc0ac\uc774 \uacf5\ud56d\uc5ed ~ \uc624\uc0ac\uce74 \uc5ed ~ \uad50\ubc14\uc2dc \uac04\uc5d0 \ub9e4\uc2dc\uac04 3\ud3b8 \uc815\ub3c4 \uc6b4\uc804\ub418\uace0 \uc788\ub2e4. \uc774 \ub54c\ubb38\uc5d0 \ub374\ub178\uc9c0 \uc5ed \ud55c\uc640 \uc120 \uc2b9\uac15\uc7a5 \ubc1c\ucc29\uc758 \uc5f4\ucc28\ub294 \uc870\uc870\uc640 \uc2ec\uc57c \uc2dc\uac04\ub300\uc5d0\ub9cc \uc874\uc7ac\ud55c\ub2e4. \uc870\uc870\uc640 \uc2ec\uc57c \uc2dc\uac04\ub300\ub97c \uc81c\uc678\ud55c \ubaa8\ub4e0 \uc5f4\ucc28\ub294 \ud788\ub124\ub178 \uc5ed \uc774\ubd81 \uc804 \uad6c\uac04\uc5d0\uc11c \uc640\uce74\uc57c\ub9c8 \uc5ed \uc2dc\ubc1c \uae30\uc288\uc9c0 \ucf8c\uc18d\uacfc \ubcd1\uacb0\ud558\uc5ec 8\ub7c9 \ud3b8\uc131\uc73c\ub85c \uc6b4\ud589\ub418\uace0 \uc788\ub2e4. \uc774 \uacbd\uc6b0\uc5d0\ub294 \uac04\uc0ac\uc774 \uacf5\ud56d\uc120 \ub0b4\uc5d0\uc11c\ub294 4\ub7c9\uc73c\ub85c \uc6b4\uc804\ub418\uc5b4 \ubcd1\uacb0 \uc2dc\uc5d0\ub294 \uac04\ucfe0 \ucf8c\uc18d\uc774 \ub4b7\ubd80\ubd84, \uae30\uc288\uc9c0 \ucf8c\uc18d\uc774 \uc55e\ubd80\ubd84\uc778 \ud615\ud0dc\ub85c \uc5f0\uacb0\ub41c\ub2e4. 2008\ub144 3\uc6d4 15\uc77c \uc2dc\uac04\ud45c \uac1c\uc815 \uc774\ud6c4\uc5d0\ub294 \ub374\ub9c8 \uc5ed\uacfc \uc0ac\ucfe0\ub77c\ub178\ubbf8\uc57c \uc5ed\uc5d0\ub3c4 \uc815\ucc28\ud558\uac8c \ub418\uc5b4 \uc800\ub141 \uc774\ud6c4\uc5d0\ub294 \uc624\uc0ac\uce74 \uc21c\ud658\uc120\uc744 \uc77c\uc8fc\ud574 \ub374\ub178\uc9c0 \uc5ed\uae4c\uc9c0 \uc6b4\uc804\ub418\ub294 \uc6b4\uc6a9\uc774 \ub300\ud3ed \uc99d\uac00\ud55c\ub2e4. \ub610 JR \ub09c\ubc14 \uc5ed\uc5d0\uc11c \uc2dc\ubc1c\ud558\ub294 \uc5f4\ucc28\uc640 \ud2b9\ubcc4\ucf8c\uc18d '\uc719' \ud638\ub3c4 \uc788\uc5c8\uc73c\ub098, 2008\ub144 3\uc6d4 15\uc77c \uc774\ud6c4 \uc18c\uba78\ud558\uc600\ub2e4."}, {"qas": [{"answers": [{"text": "\uae30\uc288\uc9c0 \ucf8c\uc18d", "answer_start": 3}], "id": "6464838-6-0", "question": "1999\ub144 5\uc6d4 \uc640\uce74\uc57c\ub9c8 \ubc29\uba74\uc73c\ub85c \uc2e0\uc124\ub41c \ud2b9\uae09\uc5f4\ucc28\ub294?"}, {"answers": [{"text": "\uad50\ubc14\uc2dc", "answer_start": 200}], "id": "6464838-6-1", "question": "\uae30\uc288\uc9c0 \ucf8c\uc18d\uc758 \uc2dc\ubc1c\uc9c0\uc740 \ub300\ubd80\ubd84 \uc5b4\ub290 \uacf3\uc778\uac00?"}, {"answers": [{"text": "1999\ub144", "answer_start": 123}], "id": "6570133-6-0", "question": "\uae30\uc288\uc9c0 \ucf8c\uc18d\uc774 \uc0dd\uaca8\ub09c \ud574\ub294?"}, {"answers": [{"text": "\uc624\uc0ac\uce74 \uc21c\ud658\uc120", "answer_start": 147}], "id": "6570133-6-1", "question": "\uae30\uc288\uc9c0 \ucf8c\uc18d\uc774 \ubc1c\ucc29\ud558\ub294 \ub178\uc120\uc740?"}, {"answers": [{"text": "\uae30\uc288\uc9c0 \ucf8c\uc18d", "answer_start": 3}], "id": "6570134-6-0", "question": "1999\ub144 5\uc6d4\ubd80\ud130 \uc2e0\uc124\ub41c \ucf8c\uc18d \uc5f4\ucc28\ub294?"}, {"answers": [{"text": "\uc640\uce74\uc57c\ub9c8 \uc5ed", "answer_start": 646}], "id": "6570134-6-1", "question": "\uae30\uc288\uc9c0 \ucf8c\uc18d\uc758 \uc2dc\ubc1c\uc5ed\uc740?"}], "context": "\ud55c\ud3b8 \uae30\uc288\uc9c0 \ucf8c\uc18d(\uc77c\ubcf8\uc5b4: \u7d00\u5dde\u8def\u5feb\u901f \ud0a4\uc288\uc6b0\uc9c0\uce74\uc774\uc18c\ucfe0)\uc740 \uc624\uc0ac\uce74 \ubc29\uba74\uc5d0\uc11c \uc640\uce74\uc57c\ub9c8 \ubc29\uba74\uc5d0\uc758 \uad00\uad11\uac1d \ubc0f \ud1b5\uadfc\uac1d\uc758 \uc99d\ub300\ub97c \ub3c4\ubaa8\ud558\uace0\uc790 \uc774 \ub54c\uae4c\uc9c0 \uad50\ud1a0 \uc5ed ~ \uc2e0\uc624\uc0ac\uce74 \uc5ed \ubc29\uba74\uc5d0\uc11c \uc640\uce74\uc57c\ub9c8 \ubc29\uba74\uc73c\ub85c \uc6b4\ud589\ud558\ub294 \ud2b9\uae09 \uc5f4\ucc28\uc5d0 \ub354\ud558\uc5ec 1999\ub144 5\uc6d4\ubd80\ud130 \uc2e0\uc124\ub41c \ucf8c\uc18d \uc5f4\ucc28\uc774\ub2e4. \uc624\uc0ac\uce74 \uc21c\ud658\uc120\uc5d0\uc11c \ubc1c\ucc29\ud558\uc5ec \ub374\ub178\uc9c0 \uc5ed\uc5d0\uc11c \uad50\ubc14\uc2dc, \uc624\uc0ac\uce74, \ub2c8\uc2dc\ucfe0\uc870\ub97c \uacbd\uc720\ud558\uc5ec (\ub2e4\ub9cc \ub300\ubd80\ubd84\uc740 \uad50\ubc14\uc2dc \uc2dc\ubc1c) \uc6b4\uc804\ub418\uace0 \uc788\ub2e4. \uac04\ucfe0 \ucf8c\uc18d\uacfc \uac19\uc774 223\uacc4 \uc804\ub3d9\ucc28 0\ubc88\ub300\uc640 2500\ubc88\ub300\uac00 \uc6b4\uc6a9\ub41c\ub2e4. \ud788\ub124\ub178 \uc5ed \uc774\ubd81\uc5d0\uc11c\ub294 \uc804 \uc5f4\ucc28\uac00 8\ub7c9 \ud3b8\uc131\uc73c\ub85c \uae30\ubcf8\uc801\uc73c\ub85c \ud788\ub124\ub178 \uc5ed\uae4c\uc9c0\ub294 \uac04\ucfe0 \ucf8c\uc18d\uacfc \ubcd1\uacb0 \uc6b4\uc804\uc744 \ud589\ud558\uc5ec \ud788\ub124\ub178 \uc5ed\uc5d0\uc11c \ubd84\ud560\uacfc \ubcd1\uacb0\uc774 \uc774\ub8e8\uc5b4\uc9c4\ub2e4. \uc774\uc804\uc5d0\ub294 \ucd9c\ud1f4\uadfc \uc2dc\uac04\ub300\uc5d0 1~5\ud638\ucc28\uc758 5\ub7c9\uc774 \uae30\uc288\uc9c0 \ucf8c\uc18d\uc774\uc5c8\uc73c\uba70, \ub098\uba38\uc9c0 \uc2dc\uac04\ub300\uc5d0\ub294 \uadf8 \ubc18\ub300\uc600\uc73c\ub098 2008\ub144 3\uc6d4 15\uc77c\uc758 \uc2dc\uac04\ud45c \uac1c\uc815\uc5d0 \ub530\ub77c 8\ub7c9 \ud3b8\uc131\uc744 \uac04\ucfe0\uc640 \uae30\uc288\uc9c0 \ucf8c\uc18d\uc774 4\ub7c9\uc529 \ucc28\uc9c0\ud558\ub294 \ud615\ud0dc\ub85c \ud1b5\uc77c\ub418\uc5b4 \uc2dc\uac04\ub300\uc5d0 \ub530\ub77c \uae30\uc288\uc9c0 \ucf8c\uc18d\uacfc \uac04\ucfe0 \ucf8c\uc18d\uc758 \uc5f0\uacb0 \uc21c\uc11c\uac00 \ubc14\ub00c\ub294 \uacbd\uc6b0\ub3c4 \uc788\ub2e4. \ud734\uc77c \uc2dc\uac04\ud45c\uc5d0\uc11c \uc544\uce68\uc758 \uc0c1\ud589 \uc5f4\ucc28\uc5d0\ub294 \uac04\ucfe0 \ucf8c\uc18d\uc774 \ubcd1\uacb0\ub418\uc9c0 \uc54a\uc740 \ucc44 \uae30\uc138\uc774 \ubcf8\uc120 \uace0\ubcf4 \uc5ed\uc5d0\uc11c \uc2dc\ubc1c\ud558\uc5ec \uc640\uce74\uc57c\ub9c8 \uc5ed\uc5d0\uc11c 8\ub7c9\uc73c\ub85c \uc99d\uacb0\ud558\uc5ec \uc6b4\ud589\ud558\ub294 \ud2b9\ubcc4\ud55c \ud615\ud0dc\ub3c4 \uc788\ub2e4. \uc624\uc0ac\uce74 \ubc29\uba74\uc73c\ub85c \uac00\ub294 \uc5f4\ucc28\uc758 \uc640\uce74\uc57c\ub9c8 \uc5ed ~ \ud788\ub124\ub178 \uc5ed \uac04\uc5d0\ub294 4\ub7c9 \ud3b8\uc131\uc73c\ub85c \uc6b4\uc804\ub418\uae30 \ub54c\ubb38\uc5d0 \uc2dc\ubc1c\uc5ed\uc778 \uc640\uce74\uc57c\ub9c8 \uc5ed\uc5d0\uc11c\ubd80\ud130 \ud63c\uc7a1\ud574\uc9c0\ub294 \uacbd\uc6b0\uac00 \ub9ce\ub2e4."}, {"qas": [{"answers": [{"text": "10\ud3b8", "answer_start": 135}], "id": "6464838-7-0", "question": "\uc624\uc0ac\uce74\uc5ed \uad50\ubc14\uc2dc \ubc29\uba74\uc758 \uc9c1\ud1b5\ucf8c\uc18d \uc0c1\ud589\uc120\uc740 \ubaa8\ub450 \uba87\ud3b8\uc778\uac00?"}, {"answers": [{"text": "\uac01\uac01 1\ud3b8\uc529", "answer_start": 345}], "id": "6464838-7-1", "question": "\ud558\ud589 \uc9c1\ud1b5\ucf8c\uc18d\uc740 \uc624\ud1a0\ub9ac\uc5ed, \uc640\uce74\uc57c\ub9c8\uc5ed\ud589 \ubaa8\ub450 \uba87\ud3b8 \uc6b4\ud589\ub418\ub098?"}, {"answers": [{"text": "2008\ub144", "answer_start": 7}], "id": "6570133-7-0", "question": "\ud55c\uc640 \uc120 \uc9c1\ud1b5 \ucf8c\uc18d\uc774 \uc0dd\uaca8\ub09c \ud574\ub294?"}, {"answers": [{"text": "\uc624\uc0ac\uce74 \uc21c\ud658\uc120", "answer_start": 89}], "id": "6570133-7-1", "question": "\ud55c\uc640 \uc120 \uc9c1\ud1b5 \ucf8c\uc18d\uc774 \uac01\uc5ed\uc5d0 \uc815\ucc28\ud558\ub294 \ub178\uc120\uc740?"}, {"answers": [{"text": "\uc9c1\ud1b5 \ucf8c\uc18d", "answer_start": 0}], "id": "6570134-7-0", "question": "2008\ub144 \ud3c9\uc77c \uc544\uce68 \ucd9c\uadfc \uc2dc\uac04\ub300\uc5d0 \uc2e0\uc124\ub41c \uc624\uc0ac\uce74 \uc21c\ud658\uc120 \uc9c1\ud1b5 \uc5f4\ucc28\uc758 \uc774\ub984\uc740?"}, {"answers": [{"text": "223\uacc4", "answer_start": 116}], "id": "6570134-7-1", "question": "\uc9c1\ud1b5 \ucf8c\uc18d\uc774 \uc0ac\uc6a9\ud558\ub294 \ucc28\ub7c9\uc740?"}], "context": "\uc9c1\ud1b5 \ucf8c\uc18d\uc740 2008\ub144 3\uc6d4 15\uc77c\uc758 \uc2dc\uac04\ud45c \uac1c\uc815\uc73c\ub85c \ud3c9\uc77c \uc544\uce68 \ucd9c\uadfc \uc2dc\uac04\ub300\uc5d0 \uc2e0\uc124\ub41c \uc624\uc0ac\uce74 \uc21c\ud658\uc120 \uc9c1\ud1b5 \uc5f4\ucc28\uc774\ub2e4. \uc815\ucc28\uc5ed\uc740 \ud55c\uc640 \uc120 \ub0b4\uc5d0\uc11c\ub294 \ucf8c\uc18d\uacfc \ub3d9\uc77c\ud558\uba70 \uc624\uc0ac\uce74 \uc21c\ud658\uc120 \uc548\uc5d0\uc11c\ub294 \uac01\uc5ed\uc5d0 \uc815\ucc28\ud55c\ub2e4. \ucc28\ub7c9\uc740 223\uacc4\ub97c \uc0ac\uc6a9\ud558\uace0 \uc788\ub2e4. \uc0c1\ud589\uc740 10\ud3b8\uc774 \uc624\uc0ac\uce74 \uc21c\ud658\uc120 \uc678\uc120\uc744 \uacbd\uc720\ud574 \uc624\uc0ac\uce74 \uc5ed\u00b7\uad50\ubc14\uc2dc \ubc29\uba74\uc73c\ub85c \uc6b4\uc804\ub41c\ub2e4. \uc624\uc0ac\uce74 \uc21c\ud658\uc120\uc744 \uc77c\uc8fc\ud558\ub294 \uc5f4\ucc28 \ub4f1\uacfc \uac19\uc774 \ub3c4\uc911\uc5ed\uc73c\ub85c\uc11c \uc77c\ub2e8 \ub374\ub178\uc9c0 \uc5ed\uc5d0 \uc815\ucc28\ud558\ub294 \uac83\uc5d0\uc11c \uc624\uc0ac\uce74 \ubc29\uba74\uc73c\ub85c \uc6b4\ud589\ud558\uc9c0 \uc54a\ub294\ub2e4\ub294 \uc624\ud574\ub97c \ud53c\ud558\uae30 \uc704\ud574 \uad50\ubc14\uc2dc \ud589\uc744 \uc81c\uc678\ud558\uace0 \uc624\uc0ac\uce74 \uc5ed\uae4c\uc9c0\ub294 \uc624\uc0ac\uce74 \uc21c\ud658\uc120\uc73c\ub85c \uc548\ub0b4\ud558\uace0 \uc788\ub2e4. \ud558\ud589\uc740 \uc624\uc0ac\uce74 \uc21c\ud658\uc120 \ub374\ub178\uc9c0 \uc5ed\uc5d0\uc11c \uad50\ubc14\uc2dc \uc5ed\uc744 \uacbd\uc720\ud574 \uc624\ud1a0\ub9ac \uc5ed\uc774\ub098 \uc640\uce74\uc57c\ub9c8 \uc5ed \ud589\uc774 \uac01\uac01 1\ud3b8\uc529 \uc6b4\ud589\ud558\uace0 \uc788\ub2e4."}, {"qas": [{"answers": [{"text": "\uc2dc\uac04\ub2f9 3\ud3b8\uc529", "answer_start": 276}], "id": "6464838-8-0", "question": "\ub300\ub0ae \uc2dc\uac04\ub300\uc5d0 \ub374\ub178\uc9c0\uc5ed~\ud788\ub124\ub178.\uc640\uce74\uc57c\ubbf8\uc5ed \uac04\uc5d0\ub294 \uc5f4\ucc28\uac00 \uba87\ud3b8 \uc6b4\ud589\ub418\ub098?"}, {"answers": [{"text": "\ub300\ud53c \uc124\ube44", "answer_start": 191}], "id": "6464838-8-1", "question": "\ud6c4\uc18d\uc5f4\ucc28\uc758 \ucf8c\uc18d, \ud2b9\uae09\uc5f4\ucc28\uc758 \ud1b5\uacfc\ub97c \uc704\ud574 \uc788\uc5b4\uc57c \ud558\ub294 \uc124\ube44\ub294?"}, {"answers": [{"text": "\ub300\ud53c \uc124\ube44", "answer_start": 191}], "id": "6570134-8-0", "question": "\uc4f0\ub8e8\uac00\uc624\uce74 \uc5ed, \uc2a4\uae30\ubaa8\ud1a0\ucd08 \uc5ed, \uad6c\ub9c8\ud1a0\ub9ac \uc5ed, \ud788\ub124\ub178 \uc5ed \ub4f1\uc5d0 \uc788\ub294 \uac83\uc740?"}, {"answers": [{"text": "3\ud3b8", "answer_start": 280}], "id": "6570134-8-1", "question": "\ub300\ub0ae \uc2dc\uac04\ub300\uc5d0 \ub374\ub178\uc9c0\uc5ed\uc5d0\uc11c \ud788\ub124\ub178 \uc5ed, \uc640\uce74\uc57c\ub9c8 \uc5ed \uac04\uc758 \uc5f4\ucc28\ub294 \uc2dc\uac04\ub2f9 \uba87 \ud3b8\uc774 \uc6b4\uc601\ub418\ub294\uac00?"}], "context": "\uc6b4\uc804 \uad6c\uac04 \ub0b4\uc758 \ubaa8\ub4e0 \uc5ed\uc5d0 \uc815\ucc28\ud55c\ub2e4. \ub374\ub178\uc9c0 \uc5ed \ubc0f \ud788\ub124\ub178 \uc5ed \ub4f1\uc5d0\uc2dc \uc2dc\ubc1c\ud558\uc5ec \uc624\ud1a0\ub9ac \uc5ed\u00b7\ud788\ub124\ub178 \uc5ed\u00b7\uc774\uc988\ubbf8\uc2a4\ub098\uac00\uc640 \uc5ed\u00b7\uc640\uce74\uc57c\ub9c8 \uc5ed \uac04\uc5d0 \uc6b4\uc804\ub418\uace0 \uc788\ub2e4. \uc4f0\ub8e8\uac00\uc624\uce74 \uc5ed, \uc2a4\uae30\ubaa8\ud1a0\ucd08 \uc5ed, \uc6b0\uc5d0\ub178\uc2dc\ubc14 \uc5ed, \uc624\ud1a0\ub9ac \uc5ed, \uc774\uc988\ubbf8\ud6c4\ucd94 \uc5ed, \ud788\uac00\uc2dc\ud0a4\uc2dc\uc640\ub2e4 \uc5ed, \ud788\uac00\uc2dc\uce74\uc774\uc988\uce74 \uc5ed, \uad6c\ub9c8\ud1a0\ub9ac \uc5ed, \ud788\ub124\ub178 \uc5ed, \ub098\uac00\ud0c0\ud0a4 \uc5ed, \uc774\uc988\ubbf8\uc2a4\ub098\uac00\uc640 \uc5ed, \uae30\uc774 \uc5ed\uc5d0\ub294 \ub300\ud53c \uc124\ube44\uac00 \uc788\uae30 \ub54c\ubb38\uc5d0 \ud6c4\uc18d\uc758 \ucf8c\uc18d \ubc0f \ud2b9\uae09 \uc5f4\ucc28\uc758 \ud1b5\uacfc\ub97c \uc704\ud55c \ub300\ud53c\uac00 \uc774\ub8e8\uc5b4\uc9c4\ub2e4. \ub300\ub0ae \uc2dc\uac04\ub300\uc5d0\ub294 \ub374\ub178\uc9c0 \uc5ed ~ \ud788\ub124\ub178 \uc5ed\u00b7\uc640\uce74\uc57c\ub9c8 \uc5ed \uac04\uc758 \uc5f4\ucc28\uac00 \uc2dc\uac04\ub2f9 3\ud3b8\uc529 \uc870\uae08 \uc5b4\uae0b\ub09c \ud615\ud0dc\ub85c \uc6b4\uc804\ub41c\ub2e4. \ucc28\ub7c9\uc740 \uc77c\ubcf8\uad6d\uc720\ucca0\ub3c4 103\uacc4 \uc804\ub3d9\ucc28 \ub610\ub294 \uc77c\ubcf8\uad6d\uc720\ucca0\ub3c4 205\uacc4 \uc804\ub3d9\ucc28\ub85c 4\ub7c9 \ud3b8\uc131\uc774 \uc911\uc2ec\uc73c\ub85c 6\ub7c9 \ud3b8\uc131\uc758 \uc5f4\ucc28\ub3c4 \uc788\uc9c0\ub9cc \uc870\uc870\uc758 \uc624\ud1a0\ub9ac \uc5ed \uc2dc\ubc1c \uc640\uce74\uc57c\ub9c8 \ud589\uc758 1\ud3b8\ub9cc \uc11c\uc77c\ubcf8 \uc5ec\uac1d\ucca0\ub3c4 223\uacc4 \uc804\ub3d9\ucc28 4\ub7c9 \ud3b8\uc131\uc73c\ub85c \uc6b4\uc804\ub41c\ub2e4."}], "title": "\ud55c\uc640_\uc120"}, {"paragraphs": [{"qas": [{"answers": [{"text": "\uc81c2\ucc28 \uc138\uacc4 \ub300\uc804", "answer_start": 99}], "id": "6508132-0-0", "question": "1939\ub144 9\uc6d4 1\uc77c, \uc804\ud568 \uc290\ub808\uc2a4\ube44\ud788-\ud640\uc288\ud0c0\uc778\uc758 \uc77c\uc81c \ud3ec\uaca9\uc73c\ub85c \uc2dc\uc791\ub41c \ud3f4\ub780\ub4dc \uce68\uacf5\uc73c\ub85c \ubc1c\ubc1c\ud55c \uc804\uc7c1\uc740? "}, {"answers": [{"text": "\ubcf4\uc774\uc2dc\uc5d0\ud750 \ub098\uc774\uc0ac\ub808\ud06c", "answer_start": 366}], "id": "6508132-0-1", "question": "\uc81c2\ucc28 \uc138\uacc4 \ub300\uc804\uacfc \ubca0\uc2a4\ud14c\ub974\ud50c\ub808\ud14c \uc804\ud22c\uc758 \ucd5c\ucd08 \uc0ac\ub9dd\uc790\uc778 \ud3f4\ub780\ub4dc\uad70 \ud558\uc0ac\uc758 \uc774\ub984\uc740? "}, {"answers": [{"text": "\ube4c\ud5ec\ub984 \ud5e4\ub2dd\uc13c", "answer_start": 240}], "id": "6508132-0-2", "question": "\uc81c2\ucc28 \uc138\uacc4 \ub300\uc804 \ub2f9\uc2dc \uc290\ub840\uc2a4\ube44\ud788-\ud640\uc288\ud0c0\uc778 \uc804\ud568\uc5d0\uc11c \ud574\ubcd1\ub300\ub97c \uc774\ub04c\uc5c8\ub358 \ub3c5\uc77c\uad70 \uc911\uc704\ub294? "}, {"answers": [{"text": "1939\ub144", "answer_start": 0}], "id": "6508174-0-0", "question": "\uc81c2\ucc28 \uc138\uacc4 \ub300\uc804\uc774 \uc2dc\uc791\ub41c \ud574\ub294?"}, {"answers": [{"text": "\ubcf4\uc774\uc2dc\uc5d0\ud750 \ub098\uc774\uc0ac\ub808\ud06c", "answer_start": 366}], "id": "6508174-0-1", "question": "\ubca0\uc2a4\ud14c\ub974\ud50c\ub77c\ud14c \uc804\ud22c\uc758 \ucd5c\ucd08 \uc0ac\ub9dd\uc790\ub294 \ub204\uad6c\uc778\uac00?"}, {"answers": [{"text": "\uae30\uad00\ucd1d", "answer_start": 379}], "id": "6508174-0-2", "question": "\ubca0\uc2a4\ud14c\ub974\ud50c\ub77c\ud14c \uc804\ud22c\uc758 \ucd5c\ucd08 \uc0ac\ub9dd\uc790\uc778 \ud3f4\ub780\ub4dc\uad70 \ud558\uc0ac \ubcf4\uc774\uc2dc\uc5d0\ud750 \ub098\uc774\uc0ac\ub808\ud06c\ub294 \ubb34\uc5c7\uc5d0 \ub9de\uc544 \uc0ac\ub9dd \ud558\uc600\ub294\uac00?"}, {"answers": [{"text": "1939\ub144 9\uc6d4 1\uc77c", "answer_start": 0}], "id": "6110154-0-0", "question": "\uc81c 2\ucc28 \uc138\uacc4\ub300\uc804\uc774 \uc2dc\uc791\ub41c \ub54c\ub294?"}, {"answers": [{"text": "\ud3f4\ub780\ub4dc\uad70 \ud558\uc0ac", "answer_start": 358}], "id": "6110154-0-1", "question": "\ubca0\uc2a4\ud14c\ub974\ud50c\ub77c\ud14c \uc804\ud22c\uc758 \ucd5c\ucd08 \uc0ac\ub9dd\uc790\ub294 \ub204\uad6c\uc778\uac00?"}, {"answers": [{"text": "\ud3f4\ub780\ub4dc", "answer_start": 88}], "id": "6110154-0-2", "question": "\uc5b4\ub290\ub098\ub77c\uc758 \uce68\uacf5\uc73c\ub85c \uc81c 2\ucc28 \uc138\uacc4\ub300\uc804\uc774 \uc2dc\uc791\ub418\uc5c8\ub098?"}], "context": "1939\ub144 9\uc6d4 1\uc77c \ud604\uc9c0 \uc2dc\uac04 4\uc2dc 48\ubd84, \uc804\ud568 \uc290\ub808\uc2a4\ube44\ud788-\ud640\uc288\ud0c0\uc778\uc774 \ud3f4\ub780\ub4dc \uc8fc\ub454\uad70 182\uba85\uacfc \uc608\ube44\uad70 27\uba85\uc774 \uba38\ubb34\ub974\ub294 \ubcd1\uc601\uc744 \ud5a5\ud574 \uc77c\uc81c\ud3ec\uaca9\uc744 \uc2dc\uc791\ud558\uba74\uc11c \ud3f4\ub780\ub4dc \uce68\uacf5\uacfc \ud568\uaed8 \uc81c2\ucc28 \uc138\uacc4 \ub300\uc804\uc774 \uc2dc\uc791\ub418\uc5c8\ub2e4. \uc218\ud558\ub974\uc2a4\ud0a4 \uc7a5\uad70\uc740 \uae09\ud558\uac8c \ud5ec \ubc18\ub3c4\ub85c \"SOS. \uc9c0\uae08 \ud3ec\uaca9\uc744 \ubc1b\uace0 \uc788\ub2e4\"\ub77c\ub294 \uc804\uc2e0\uc744 \ubcf4\ub0c8\ub2e4. \uacbd\uacc4\ubcbd\uc5d0 \ud3ec\ud0c4\uc774 \ub9de\uc544 \uad6c\uba4d\uc774 \uc0dd\uae30\uace0 \ub0a8\ub3d9\ubd80 \uc9c0\uc5ed\uc758 \uae30\ub984\ucc3d\uace0\uc5d0\ub294 \ubd88\uc774 \ubd99\uc5b4 \ud3ed\ubc1c\ud588\ub2e4. 8\ubd84 \ud6c4, \uc290\ub840\uc2a4\ube44\ud788-\ud640\uc288\ud0c0\uc778 \uc804\ud568\uc5d0\uc11c \uc911\uc704 \ube4c\ud5ec\ub984 \ud5e4\ub2dd\uc13c\uc774 \uc774\ub044\ub294 \ud574\ubcd1\ub300\uac00 \uae09\uc2b5\ud558\uace0 \ub3c5\uc77c \uad6d\ubc29\uad70\uc758 \uacf5\ubcd1 3\uac1c \uc18c\ub300\uac00 \uacf5\uc138\ub97c \ud3bc\uce58\uba74\uc11c \ud3f4\ub780\ub4dc \ubcf8\ud1a0\uc640 \uc774\uc5b4\uc9c4 \ucca0\uad50\ub97c \ud3ed\ud30c\uc2dc\ucf30\ub2e4. \uc774\ub7f0 \uc0c1\ud669\uc5d0 \ub3c5\uc77c\uad70\uc740 \uae30\uc2b5\uc744 \ubc1b\uc544 \ub180\ub780 \ud3f4\ub780\ub4dc\uad70\uc744 \uc27d\uac8c \uc774\uae38 \uac83\uc774\ub77c\uace0 \uc608\uc0c1\ud588\ub2e4. \ud3f4\ub780\ub4dc\uad70 \ud558\uc0ac \ubcf4\uc774\uc2dc\uc5d0\ud750 \ub098\uc774\uc0ac\ub808\ud06c\uac00 \uae30\uad00\ucd1d\uc5d0 \ub9de\uc544 \uc0ac\ub9dd\ud558\uba74\uc11c \uc81c2\ucc28 \uc138\uacc4 \ub300\uc804\uacfc \ubca0\uc2a4\ud14c\ub974\ud50c\ub77c\ud14c \uc804\ud22c\uc758 \ucd5c\ucd08 \uc0ac\ub9dd\uc790\uac00 \ub418\uc5c8\ub2e4. \uadf8\ub7ec\ub098, \ud3ec\uaca9\uc73c\ub85c \ud30c\uad34\ub41c \ubcbd\ub3cc \ubcbd\uc744 \ub118\uc740 \ud6c4\uc5d0\ub294 \ub3c5\uc77c\uad70\uc774 \uac11\uc791\uc2a4\ub7f0 \ub9e4\ubcf5 \uacf5\uaca9\uc744 \ub2f9\ud588\ub2e4. \ub3c5\uc77c\uad70\uc740 \uc5bd\ud788\uc125\ud78c \uc720\uc790\ucca0\uc120\uc73c\ub85c \uc778\ud574 \uc7ac\ube60\ub978 \uae30\ub3d9\uc744 \ud558\uc9c0 \ubabb\ud558\uba74\uc11c \uc740\ud3d0\ud55c \ud3f4\ub780\ub4dc\uad70\uc758 \uc77c\uc81c\uc0ac\uaca9 \uc0b4\uc0c1\uc9c0\ub300\uc5d0 \uac78\ub824\ub4e4\uac8c \ub418\uc5c8\ub2e4(\uc77c\ubd80\ub294 \ub098\ubb34\uc5d0 \uc228\uc740 \uc800\uaca9\uc218\ub3c4 \uc788\uc5c8\ub2e4\uace0 \ud588\uc9c0\ub9cc, \uc2e4\uc81c\ub85c\ub294 \uc5c6\uc5c8\ub2e4). \ud3f4\ub780\ub4dc\uad70\uc740 \ubcf4\uc548\uacbd\ucc30\uc758 \uae30\uad00\ucd1d\uc88c\ub97c \uc81c\uc555\ud588\uace0, \ud3f4\ub780\ub4dc\uad70 \uc911\uc704 \ub808\uc628 \ud30c\uc608\ud06c\uac00 \uc804\uc9c4\ud558\ub294 \ub3c5\uc77c\uad70\uc5d0\uac8c \uac15\ub825\ud55c \uace1\uc0ac\ud3ec \ud3ec\uaca9\uc744 \ud558\uba74\uc11c \ub3c5\uc77c\uad70\uc758 \uacf5\uaca9\uc744 \ub9c9\uc544\ub0c8\ub2e4. \ud56d\uad6c \uac74\ub108\ud3b8 \ucc3d\uace0 \uc704\uc5d0 \uc788\ub358 7.62mm \uae30\uad00\ucd1d 1\uac1c\uac00 \ubc30\uce58\ub41c \uae30\uad00\ucd1d\uc88c\ub3c4 \uc81c\uc555\ud588\uc73c\ub098, \ub3c5\uc77c\uad70 \uc804\ud568\uc774 28\ubc88\uc758 \ud3ec\uaca9\uc744 \ud558\uba74\uc11c \uc644\uc804\ud788 \ud30c\uad34\ub418\uc5c8\ub2e4."}, {"qas": [{"answers": [{"text": "1\uba85", "answer_start": 426}], "id": "6508174-1-0", "question": "\ubca0\uc2a4\ud14c\ub974\ud50c\ub77c\ud14c \uc804\ud22c \uccab \ub0a0 \uc774\ud6c4 \uc0ac\ub9dd\ud55c \ud3f4\ub780\ub4dc \uad70\uc758 \uc22b\uc790\ub294?"}, {"answers": [{"text": "16\uba85", "answer_start": 506}], "id": "6508174-1-1", "question": "\ubca0\uc2a4\ud14c\ub974\ud50c\ub77c\ud14c \uc804\ud22c \uccab \ub0a0\uc774\ud6c4 \ub3c5\uc77c \ud574\uad70 \ubcf4\ubcd1\uc774 \uc0ac\ub9dd\ud55c \uc22b\uc790\ub294?"}, {"answers": [{"text": "\ud5e8\ub9ac\ud06c \uc218\ud558\ub974\uc2a4\ud0a4", "answer_start": 573}], "id": "6508174-1-2", "question": "\ubca0\uc2a4\ud14c\ub974\ud50c\ub77c\ud14c \uc804\ud22c \ub2f9\uc2dc \ud3f4\ub780\ub4dc \uc0ac\ub839\uad00\uc758 \uc774\ub984\uc740?"}, {"answers": [{"text": "\ub2e8\uce58\ud788 \uacbd\ucc30", "answer_start": 41}], "id": "6110154-1-0", "question": "\ubca0\uc2a4\ud14c\ub974\ud50c\ub77c\ud14c \ubc18\ub300\ud3b4 \ud56d\uad6c\ub97c \uc7a5\uc545\ud558\ub7ec \uc2dc\ub3c4\ud588\uc9c0\ub9cc \uc2e4\ud328\ud55c \uac83\uc740 \ub204\uad6c\uc778\uac00?"}, {"answers": [{"text": "1\uba85", "answer_start": 426}], "id": "6110154-1-1", "question": "\uc804\ud22c \uccab\ub0a0 \uc774\ud6c4 \ud3f4\ub780\ub4dc \uad70\uc758 \uc0ac\ub9dd \uc778\uc6d0\uc740?"}, {"answers": [{"text": "16\uba85", "answer_start": 506}], "id": "6110154-1-2", "question": "\ub3c5\uc77c \ud574\uad70 \ubcf4\ubcd1\uc758 \uc0ac\ub9dd \uc778\uc6d0\uc740?"}], "context": "6\uc2dc 22\ubd84, \ud574\ubcd1\ub300\ub294 \ud070 \uc190\uc2e4\uc744 \uc785\uace0 \ud6c4\ud1f4\ud55c\ub2e4\uace0 \ubc30\uc5d0\uac8c \ud1b5\uc2e0\uc744 \ubcf4\ub0c8\uace0, \ub2e8\uce58\ud788 \uacbd\ucc30\uc740 \ubca0\uc2a4\ud14c\ub974\ud50c\ub77c\ud14c \ubc18\ub300\ud3b8 \ud56d\uad6c\ub97c \uc7a5\uc545\ud558\ub7ec \uc2dc\ub3c4\ud588\uc9c0\ub9cc \uc2e4\ud328\ud588\ub2e4. \uc774\ub54c\uae4c\uc9c0\uc758 \uc0ac\uc0c1\uc790\ub294 \ub3c5\uc77c\uad70 50\uba85, \ud3f4\ub780\ub4dc\uad70 8\uba85\uc774\uc5c8\ub2e4. \ub3c5\uc77c\uad70\uc740 8\uc2dc 55\ubd84 \ub2e4\uc2dc \uc804\uc9c4\uc744 \uc2dc\ub3c4\ud588\uc9c0\ub9cc \uc9c0\ub8b0, \uc4f0\ub7ec\uc9c4 \ub098\ubb34, \ucca0\uc870\ub9dd, \uac15\ub825\ud55c \ud3ec\ud654 \ub4f1\uc744 \ub9cc\ub098 \uaca9\uc804\uc744 \ubc8c\uc600\ub2e4. \uc815\uc624\uc5d0 SS \uad70\uc778\uc774 \ud0c8\uc601\ud588\uc73c\uba70, \ud5e4\ub2dd\uc13c\uc740 \uce58\uba85\uc801\uc778 \ubd80\uc0c1\uc744 \uc785\uc5c8\ub2e4. \ucd08\uae30 \uacf5\uaca9\uc774 \uc2e4\ud328\ud55c \uc774\ud6c4 \uc544\uce68\uc5d0 \ub2e4\uc2dc \uc2dc\uc791\ud55c \ub450 \ubc88\uc9f8 \uacf5\uaca9(280mm \ud3ec\ud0c4 90\ubc1c, 170mm \ud3ec\ud0c4 407\ubc1c, 88mm \ud3ec\ud0c4 366\ubc1c\uc758 \ud3ec\uaca9\uc774 \uc774\ub8e8\uc5b4\uc9c4 \uc774\ud6c4)\uc740 \ub3c5\uc77c\uad70\uc774 \uc608\uae30\uce58 \uc54a\uac8c \ud070 \uc190\uc2e4\uc744 \uc785\uc73c\uba74\uc11c \uaca9\ud1f4\ub2f9\ud588\ub2e4. \ud558\uc9c0\ub9cc \uacb0\uad6d \ud3f4\ub780\ub4dc\uad70\uc740 \ubc14\uc6b0 \uc9c0\uc5ed(Wa\u0142)\uacfc \uc804\ucd08 \uae30\uc9c0\uc758 \ud504\ub86c\uc73c\ub85c \ud6c4\ud1f4\ud588\uc73c\uba70, \ubc18\ub3c4 \uc911\uc559\uc758 \uc0c8\ub85c\uc6b4 \ubcd1\uc601 \uc8fc\ubcc0\uc5d0 \ubc29\uc5b4 \uae30\uc9c0\ub97c \uac74\uc124\ud588\ub2e4. \uc804\ud22c \uccab\ub0a0 \uc774\ud6c4, \ud3f4\ub780\ub4dc\uad70\uc740 1\uba85\uc774 \uc0ac\ub9dd\ud558\uace0 7\uba85\uc774 \ubd80\uc0c1\uc744 \uc785\uc5c8\ub2e4(\ub3c5\uc77c\uad70\uc774 \ud3ec\ub85c\ub85c \uc7a1\uace0 \ubcd1\uc6d0\uc73c\ub85c \ud6c4\uc1a1\ub41c 2\uba85\uc744 \ud3ec\ud568\ud558\uc5ec 3\uba85\uc774 \ub098\uc911\uc5d0 \uc0ac\ub9dd\ud588\ub2e4). \ud55c\ud3b8, \ub3c5\uc77c \ud574\uad70 \ubcf4\ubcd1\uc740 16\uba85\uc774 \uc0ac\ub9dd\ud558\uace0 120\uba85\uc774 \ubd80\uc0c1\uc744 \uc785\uc5b4 \uc804\uccb4 225\uba85 \uc911 \ub300\ubd80\ubd84\uc774 \ubd80\uc0c1\uc744 \uc785\uc5c8\ub2e4. \ub3c5\uc77c\uad70\uc758 \uc190\uc2e4\uc740 \ub9cc\uc57d \ud3f4\ub780\ub4dc \uc0ac\ub839\uad00 \ud5e8\ub9ac\ud06c \uc218\ud558\ub974\uc2a4\ud0a4\uac00 \ud0c4\uc57d\uc744 \uc808\uc57d\ud558\uae30 \uc704\ud574 \ubc15\uaca9\ud3ec \uc0ac\uaca9\uc744 \uc911\uc9c0\uc2dc\ud0a4\uace0 \uc77c\uc81c\uc0ac\uaca9 \ud6c4 \ud3ec\uaca9\ud558\ub77c\ub294 \uba85\ub839\uc744 \ud558\uc9c0 \uc54a\uc558\ub354\ub77c\uba74 \ub354 \ub298\uc5b4\ub0ac\uc744 \uac83\uc774\ub2e4(\uc774 \ub54c\ubb38\uc5d0 \ub2e4\uc74c \ub0a0 \ubc15\uaca9\ud3ec\uac00 \ud30c\uad34\ub418\uc5c8\uc744\ub54c \ubc15\uaca9\ud3ec\ud0c4 860\uac1c \uc911 104\uac1c\ub9cc \uc4f0\uc774\uace0 \ub098\uba38\uc9c0\ub294 \ubb34\uc6a9\uc9c0\ubb3c\uc774 \ub418\uace0 \ub9d0\uc558\ub2e4)."}, {"qas": [{"answers": [{"text": "\ud5e8\ub9ac\ud06c \uc218\ud558\ub974\uc2a4\ud0a4", "answer_start": 12}], "id": "6508132-2-0", "question": "\uc81c 2\ucc28 \uc138\uacc4\ub300\uc804 \uc774\ud6c4\uae4c\uc9c0 \uc0dd\uc874\ud574 \uc18c\ub839\uc73c\ub85c \uc9c4\uae09\ud558\uace0 \ube44\ub974\ud22c\ub514 \ubc00\ub9ac\ud0c0\ub9ac \ud6c8\uc7a5\uc744 \ubc1b\uc740 \ud3f4\ub780\ub4dc \uc0ac\ub839\uad00\uc740? "}, {"answers": [{"text": "\ube44\ub974\ud22c\ud2f0 \ubc00\ub9ac\ud0c0\ub9ac \ud6c8\uc7a5", "answer_start": 113}], "id": "6508132-2-1", "question": "\uc81c2\ucc28 \uc138\uacc4\ub300\uc804 \uc774\ud6c4\uae4c\uc9c0 \uc0dd\uc874\ud55c \ub2f9\uc2dc \ud3f4\ub780\ub4dc \uc0ac\ub839\uad00 \ud5e8\ub9ac\ud06c \uc218\ud558\ub974\uc2a4\ud0a4\uc5d0\uac8c \uc218\uc5ec\ub41c \ud3f4\ub780\ub4dc\uc5d0\uc11c \uac00\uc7a5 \ub192\uc740 \ud6c8\uc7a5\uc740? "}, {"answers": [{"text": "\ud504\ub780\uce58\uc170\ud06c \ub3d9\ube0c\ub85c\ud504\uc2a4\ud0a4", "answer_start": 34}], "id": "6508174-2-0", "question": "\ubca0\uc2a4\ud14c\ub974\ud50c\ub77c\ud14c \uc804\ud22c \ub2f9\uc2dc \ud3f4\ub780\ub4dc \ubd80\uc0ac\ub7c9\uad00\uc740 \ub204\uad6c\uc778\uac00?"}, {"answers": [{"text": "1946\ub144", "answer_start": 69}], "id": "6508174-2-1", "question": "\ud3f4\ub780\ub4dc \uc0ac\ub839\uad00 \ud5e8\ub9ac\ud06c \uc218\ud558\ub974\uc2a4\ud0a4\uac00 \uc0ac\ub9dd\ud55c \ud574\ub294?"}, {"answers": [{"text": "1946\ub144", "answer_start": 69}], "id": "6110154-2-0", "question": "\uc218\ud558\ub974\uc2a4\ud0a4\ub294 \uc5b8\uc81c \uc0ac\ub9dd\ud588\ub098?"}, {"answers": [{"text": "\ud504\ub780\uce58\uc170\ud06c \ub3d9\ube0c\ub85c\ud504\uc2a4\ud0a4", "answer_start": 34}], "id": "6110154-2-1", "question": "\ud3f4\ub780\ub4dc \ubd80\uc0ac\ub839\uad00\uc774\uc790 \uc81c\ub3c5\uc740 \ub204\uad6c\uc778\uac00?"}], "context": "\ub610\ud55c, \ud3f4\ub780\ub4dc \uc0ac\ub839\uad00 \ud5e8\ub9ac\ud06c \uc218\ud558\ub974\uc2a4\ud0a4\uc640 \ubd80\uc0ac\ub839\uad00\uc774\uc790 \uc81c\ub3c5\uc778 \ud504\ub780\uce58\uc170\ud06c \ub3d9\ube0c\ub85c\ud504\uc2a4\ud0a4\uc5d0 \ub300\ud55c \ub17c\ub780\uc774 \uc788\ub2e4. \uc804\ud6c4\uae4c\uc9c0 \uc0b4\uc544\ub0a8\uc544 1946\ub144\uc5d0 \uc0ac\ub9dd\ud55c \uc218\ud558\ub974\uc2a4\ud0a4\ub294 \uc18c\ub839\uc73c\ub85c \uc9c4\uae09\ud558\uace0 \ud3f4\ub780\ub4dc\uc5d0\uc11c \uac00\uc7a5 \ub192\uc740 \ud6c8\uc7a5\uc778 \ube44\ub974\ud22c\ud2f0 \ubc00\ub9ac\ud0c0\ub9ac \ud6c8\uc7a5\uc744 \ubc1b\uc740 \uac83\uc5d0 \ub300\ud574, 1990\ub144\ub300\uc5d0 \ubc1c\uacac\ud55c \uc804\ud22c\uc5d0\uc11c \uc790\uc2e0\uc758 \uc5ed\ud560\uc5d0 \ub300\ud55c \uc54c \uc218 \uc5c6\ub294 \ud310\ub2e8\uc73c\ub85c \ucd5c\uadfc \ub9e4\uc6b0 \ub17c\uc7c1\uc758 \ub300\uc0c1\uc774 \ub418\uc5c8\ub2e4(\ub3d9\ube0c\ub85c\ud504\uc2a4\ud0a4\uc758 \uc0ac\ub9dd \uc774\ud6c4 \ub2e4\ub978 \ud3f4\ub780\ub4dc \uc7a5\uad50\ub4e4\uc740 \uc774\ub984\ubfd0\uc778 \uc9c0\ud718\uad00\uc774 \uc804\ud22c \uae30\uac04 \ub300\ubd80\ubd84 \ub3d9\uc548 \uc178 \uc1fc\ud06c \uc0c1\ud0dc\uc600\ub2e4\ub294 \uac83\uc744 \uadf8\ub4e4\uc758 \uba85\uc608\ub97c \uc704\ud574 \uc228\uae30\uae30\ub85c \ub9f9\uc138\ud588\ub2e4\uace0 \uc9c4\uc220\ud588\ub2e4). \ubca0\uc2a4\ud14c\ub974\ud50c\ub77c\ud14c\ub294 \uc774\ud6c4 \ubc15\uc0ac \uc57c\ub204\uc26c \ub9c8\ub974\uc0ec\ub808\uce20(Janusz Marszalec)\uc740 \ud3f4\ub780\ub4dc \uad6d\ub9bd \ucd94\ubaa8 \uc5f0\uad6c\uc18c\uc5d0\uc11c \ub2e4\uc74c\uacfc \uac19\uc774 \uc694\uc57d\ud588\ub2e4."}], "title": "\ubca0\uc2a4\ud14c\ub974\ud50c\ub77c\ud14c_\uc804\ud22c"}, {"paragraphs": [{"qas": [{"answers": [{"text": "\ubbf8\uad6d \uc0cc\ub514\uc5d0\uc774\uace0", "answer_start": 388}], "id": "6237013-0-0", "question": "H.M\uc73c\ub85c \uc54c\ub824\uc9c4 \ud658\uc790\uc758 \ub1cc\uac00 \uad00\ub9ac\ub418\uace0 \uc788\ub294 \uc9c0\uc5ed\uc740?"}, {"answers": [{"text": "\ud574\ub9c8\ub97c \ud3ec\ud568\ud55c \ub0b4\uce21\uce21\ub450\uc5fd", "answer_start": 89}], "id": "6237013-0-1", "question": "\ubbf8\uad6d\uc758 \ud5e8\ub9ac \uad6c\uc2a4\ud0c0\ud504 \ubab0\ub798\uc2a8 \ud658\uc790\uc758 \ub1cc\uc804\uc99d\uc744 \uce58\ub8cc\ud558\uae30 \uc704\ud574 \ud658\uc790\uc758 \ub1cc\uc5d0\uc11c \uc81c\uac70\ub41c \ubd80\ubd84\uc740?"}, {"answers": [{"text": "\ub1cc\uc804\uc99d", "answer_start": 69}], "id": "6571357-0-0", "question": "\ud5e8\ub9ac \uad6c\uc2a4\ud0c0\ud504 \ubab0\ub798\uc2a8\uc740 \uc5b4\ub290 \ubcd1\uc744 \uce58\ub8cc\ud558\uae30 \uc704\ud574 \ub0b4\uce21\uce21\ub450\uc5fd\uc774 \uc81c\uac70\ub418\uc5c8\ub098?"}, {"answers": [{"text": "1957\ub144 \ub9d0", "answer_start": 145}], "id": "6571357-0-1", "question": "\ud5e8\ub9ac \uad6c\uc2a4\ud0c0\ud504 \ubab0\ub798\uc2a8\uc740 \uc5b8\uc81c\ubd80\ud130 \uc5f0\uad6c\ub418\uc5c8\ub098?"}, {"answers": [{"text": "\ubbf8\uad6d \uc0cc\ub514\uc5d0\uc774\uace0", "answer_start": 388}], "id": "6571357-0-2", "question": "\ud5e8\ub9ac \uad6c\uc2a4\ud0c0\ud504\uc758 \ub1cc\ub294 \ud604\uc7ac \uc5b4\ub514\uc5d0 \uc704\uce58\ud574 \uc788\ub294\uac00?"}], "context": "\ud5e8\ub9ac \uad6c\uc2a4\ud0c0\ud504 \ubab0\ub798\uc2a8(\uc601\uc5b4: Henry Gustav Molaison, 1926\ub144 2\uc6d4 26\uc77c ~ 2008\ub144 12\uc6d4 2\uc77c)\uc740 \ub1cc\uc804\uc99d\uc744 \uce58\ub8cc\ud558\uae30 \uc704\ud574\uc11c \uc218\uc220\uc801\uc73c\ub85c \ud574\ub9c8\ub97c \ud3ec\ud568\ud55c \ub0b4\uce21\uce21\ub450\uc5fd\uc774 \uc81c\uac70\ub41c \ubbf8\uad6d\uc758 \uae30\uc5b5\uc7a5\uc560 \ud658\uc790 H.M\uc73c\ub85c \uc804\ubd80\ud130 \uc774\ubbf8 \uc54c\ub824\uc838 \uc788\uc5c8\ub2e4. \uadf8\ub294 1957\ub144 \ub9d0\ubd80\ud130 \uadf8\uac00 \uc8fd\uc744 \ub54c \uae4c\uc9c0 \uadf8\ub294 \uad11\ubc94\uc704\ud558\uac8c \uc5f0\uad6c\uac00 \ub418\uc5c8\ub2e4. \uadf8\uc758 \uacbd\uc6b0\ub294 \ub1cc \uae30\ub2a5\uacfc \uae30\uc5b5 \uc0ac\uc774\uc758 \ub9c1\ud06c\ub97c \uc124\uba85\ud558\ub294 \uc774\ub860 \ubc1c\ub2ec\uacfc \ub1cc\uc778\uc9c0\uc2ec\ub9ac\ud559\uc758 \ubc1c\ub2ec, \ub1cc\uc758 \uad6c\uc870\uc640 \uae30\ub2a5\uc774 \ud2b9\uc815 \uc2ec\ub9ac\uc801 \uacfc\uc815\uacfc \uad00\ud55c \uc774\ud574\ub97c \ubaa9\ud45c\ub85c \ud558\ub294 \uc2ec\ub9ac\ud559\uc758 \ud55c \uc9c0\uc810\uc5d0 \ub9e4\uc6b0 \uc911\uc694\ud55c \uc5ed\ud560\uc744 \ud558\uc600\ub2e4. \uadf8\uac00 \uc8fd\uae30 \uc804\uc5d0, \uadf8\ub294 \ucf54\ub124\ud2f0\ucef7 \uc8fc \uc708\uc800 \ub77d\uc2a4\uc5d0 \uc704\uce58\ud55c \uad00\ub9ac\uae30\uad00\uc5d0 \uc0b4\uba74\uc11c \uc9c0\uc18d\uc801\uc73c\ub85c \uc870\uc0ac\uac00 \ub418\uc5c8\ub2e4. \uadf8\uc758 \ub1cc\ub294 \uc9c0\uae08 2009\ub144 12\uc6d4 4\uc77c\uc5d0 \uc870\uc9c1\ud559\uc801\uc73c\ub85c \uc2ac\ub77c\uc774\uc2a4\ub418\uc5b4 \ubbf8\uad6d \uc0cc\ub514\uc5d0\uc774\uace0\uc5d0 \uc788\ub2e4."}, {"qas": [{"answers": [{"text": "\uc2ec\ud55c \uc21c\ud589\uc131 \uae30\uc5b5 \uc0c1\uc2e4", "answer_start": 38}], "id": "6571357-1-0", "question": "\ubab0\ub798\uc2a8\uc740 \uc0c8\ub85c\uc6b4 \uc0ac\uac74\uc744 \uae30\uc5b5\ud558\uc9c0 \ubabb\ud558\ub294 \uc5b4\ub5a4 \uae30\uc5b5\uc0c1\uc2e4\ub85c \uace0\ud1b5\ubc1b\uc558\ub098?"}, {"answers": [{"text": "11\ub144\uc804", "answer_start": 259}], "id": "6571357-1-1", "question": "\ubab0\ub798\uc2a8\uc740 \uc5ed\ud589\uc131 \uae30\uc5b5 \uc0c1\uc2e4\ub85c \ucd5c\ub300 \uba87 \ub144 \uc804\uc758 \uc77c\uc744 \uae30\uc5b5\ud558\uc9c0 \ubabb\ud558\uc600\ub098?"}], "context": "\uc218\uc220 \ud6c4, \uc77c\ucc28\uc801\uc778 \ubaa9\ud45c\uc600\ub358 \ub1cc\uc804\uc99d\uc744 \uc870\uc808\ud558\ub294\ub370\ub294 \uc131\uacf5\ud558\uc9c0\ub9cc, \uadf8\ub294 \uc2ec\ud55c \uc21c\ud589\uc131 \uae30\uc5b5 \uc0c1\uc2e4\ub85c \uace0\ud1b5\ubc1b\uc558\ub2e4. \ube44\ub85d \uadf8\uc758 \uc791\uc5c5 \uae30\uc5b5\uc774\ub098 \uc808\ucc28 \uae30\uc5b5\uc740 \uad1c\ucc2e\uc558\uc9c0\ub9cc, \uadf8\ub294 \uc0c8\ub85c\uc6b4 \uc0ac\uac74\uc744 \uba85\uc2dc\uc801 \uae30\uc5b5\uc73c\ub85c \uc804\ud658\ud558\uc9c0 \ubabb\ud588\ub2e4. \uc5b4\ub5a4 \uacfc\ud559\uc790\ub4e4\uc5d0 \uc758\ud558\uba74, \ubab0\ub798\uc2a8\uc774 \uc0c8\ub85c\uc6b4 \uc758\ubbf8 \uc9c0\uc2dd\uc744 \ud615\uc131\ud558\ub294 \ub2a5\ub825\uc774 \uc190\uc0c1\ub418\uc5c8\ub2e4\uace0\ub3c4 \ud558\uace0, \ub610 \ub2e4\ub978 \uc5f0\uad6c\uc790\ub4e4\uc740 \uc7a5\uc560\uc758 \uc815\ub3c4\uc5d0 \ub300\ud574\uc11c \uc8fc\uc7a5\uc744 \ud55c\ub2e4. \uadf8\ub294 \ub610\ud55c \uc5ed\ud589\uc131 \uae30\uc5b5 \uc0c1\uc2e4\ub85c \uc778\ud574 \uc5b4\ub290\uc815\ub3c4 \uace0\ud1b5\uc744 \ubc1b\uc558\ub294\ub370, \uc218\uc220 \uc804 1-2\ub144 \ub3d9\uc548\uc758 \uc77c\ub4e4\uc740 \ubb3c\ub860, \ucd5c\ub300 11\ub144\uc804\uc758 \uc77c\ub3c4 \uae30\uc5b5\ud560 \uc218 \uc5c6\uc5c8\ub294\ub370, \uc774\uac83\uc740 \uadf8\uc758 \uae30\uc5b5\uc0c1\uc2e4\uc99d\uc774 \uc2dc\uac04\uc801\uc73c\ub85c \ubcc0\ud558\ub294 \uac83\uc744 \uc758\ubbf8\ud55c\ub2e4. \uadf8\ub7ec\ub098, \uadf8\uc758 \uc7a5\uae30 \uc808\ucc28 \uae30\uc5b5\uc744 \ud615\uc131\ud558\ub294 \ub2a5\ub825\uc740 \uadf8\ub300\ub85c\uc600\ub2e4. \uc608\ub97c \ub4e4\uc5b4 \uc0c8\ub85c\uc6b4 \ub3d9\uc791 \ub2a5\ub825\uc744 \ubc30\uc6b0\ub294 \uac83, \ubc30\uc6b4 \uac83 \uc744 \uae30\uc5b5\uc744 \ubabb\ud558\ub294 \uac83 \ub4f1\uc774\ub2e4."}, {"qas": [{"answers": [{"text": "\uc791\uc5c5\uae30\uc5b5\uc2e4\ud5d8", "answer_start": 191}], "id": "6237013-2-0", "question": "\ub2e8\uae30\uac04\uc758 \uc815\ubcf4\ub97c \uae30\uc5b5\ud558\ub294 \ub2a5\ub825\uc744 \uc2e4\ud5d8\ud558\uae30 \uc704\ud574 \ud55c \ud14c\uc2a4\ud2b8\ub294?"}, {"answers": [{"text": "\uc9c0\ub2a5 \uac80\uc0ac", "answer_start": 23}], "id": "6237013-2-1", "question": "\ubab0\ub798\uc2a8\uc774 \uae30\uc5b5\uc0c1\uc2e4\uc99d\uc744 \uc553\uace0 \uc788\uc5c8\uc74c\uc5d0\ub3c4 \ubd88\uad6c\ud558\uace0 \uc77c\ubc18 \uc0ac\ub78c\ub4e4\uacfc \ud06c\uac8c \ub2e4\ub974\uc9c0 \uc54a\uace0 \uc815\uc0c1\uc784\uc744 \ubcf4\uc5ec\uc900 \uac80\uc0ac\ub294?"}, {"answers": [{"text": "\uc815\uc0c1", "answer_start": 36}], "id": "6571357-2-0", "question": "\ubab0\ub798\uc2a8\uc758 \uc9c0\ub2a5\uac80\uc0ac \uacb0\uacfc\ub294 \uc5b4\ub5a0\ud558\uc600\ub294\uac00?"}, {"answers": [{"text": "\uc911\uc559\uce21\ub450\uc5fd \uad6c\uc870\ubb3c", "answer_start": 353}], "id": "6571357-2-1", "question": "\ubab0\ub798\uc2a8\uc758 \ub2e8\uc5b4 \uac80\uc0c9\uc740 \uc5b4\ud718\uba54\ubaa8\ub9ac\uac00 \uc5b4\ub290 \uad6c\uc870\ubb3c\uacfc \uc0c1\uad00\uc774 \uc5c6\ub2e4\ub294 \uc99d\uac70\uac00 \ub418\ub294\uac00?"}], "context": "\uadf8\uc758 \uae30\uc5b5\uc0c1\uc2e4\uc99d\uc0c1\uc5d0\ub3c4 \ubd88\uad6c\ud558\uace0, \ubab0\ub798\uc2a8\uc740 \uc9c0\ub2a5 \uac80\uc0ac\uc5d0\uc11c\ub294 \uc9c0\uadf9\ud788 \uc815\uc0c1\uc774\uc5c8\ub294\ub370, \uc774\uac83\uc740 \uc5b4\ub5a4 \uae30\uc5b5 \ub2a5\ub825\uc740 \uc218\uc220\uc5d0 \uc758\ud574\uc11c \uc190\uc0c1\ub418\uc9c0 \uc54a\uc558\uc74c\uc744 \uc758\ubbf8\ud55c\ub2e4. \uadf8\ub7ec\ub098 \ubb38\uc7a5 \uc218\uc900\uc758 \uc5b8\uc5b4 \uc774\ud574 \ubc0f \uc0dd\uc0b0\uc744 \uc704\ud574 \ubab0\ub798\uc2a8\uc740 \uae30\uc5b5\uc5d0\uc11c\uc640 \uac19\uc740 \uc7a5\uc560\ub97c \ubcf4\uc600\ub2e4. \ubab0\ub798\uc2a8\uc740 \uc9e7\uc740 \uac04\uaca9\uc758 \uc2dc\uac04\uc758 \uc815\ubcf4\ub97c \uae30\uc5b5\ud558\ub294 \uac83\uc774 \uac00\ub2a5\ud588\ub2e4. \uc774\uac83\uc740 \ubc29\uae08 \uc804\uc5d0 \ubcf4\uc5ec\uc900 \ub2e8\uc5b4\ub97c \ubc14\ub85c \uae30\uc5b5\ud558\ub294 \uc791\uc5c5\uae30\uc5b5\uc2e4\ud5d8\uc73c\ub85c \ud14c\uc2a4\ud2b8 \ud558\uc600\ub2e4.; \uc0ac\uc2e4, \uadf8\ub294 \uc815\uc0c1\uc0ac\ub78c\ub4e4\uacfc \ube44\uad50\ud588\uc744\ub54c \uc2ec\ud558\uac8c \ub098\uc058\uac70\ub098 \ud558\uc9c0 \uc54a\uc558\ub2e4. \uc774\ub7ec\ud55c \ubc1c\uacac\uc740 \uc791\uc5c5\uae30\uc5b5\uc740 \uc911\uc559\uce21\ub450\uc5fd \uad6c\uc870\ubb3c\uc5d0 \uc758\uc874\ud558\uc9c0 \uc54a\ub294\ub2e4\ub294 \uc99d\uac70\ub97c \uc81c\uacf5\ud588\ub2e4. \uc774\uac83\uc740 \ub2e8\uae30\uae30\uc5b5\uacfc \uc7a5\uae30\uae30\uc5b5\uc774 \uc77c\ubc18\uc801\uc73c\ub85c \ub2e4\ub974\ub2e4\ub294 \uac83\uc744 \uc9c0\uc9c0\ud574 \uc900\ub2e4. \ubab0\ub798\uc2a8\uc758 \ub300\ubd80\ubd84 \ub2e8\uc5b4 \uac80\uc0c9\uc740 \uc5b4\ud718\uba54\ubaa8\ub9ac\uac00 \uc911\uc559\uce21\ub450\uc5fd \uad6c\uc870\ubb3c\uc774 \ub3c5\ub9bd\uc801\uc774\ub77c\ub294 \uc99d\uac70\ub97c \uc81c\uacf5\ud55c\ub2e4."}, {"qas": [{"answers": [{"text": "5\ub144", "answer_start": 196}], "id": "6237013-3-0", "question": "\ubab0\ub798\uc2a8\uc740 \uc218\uc220 \ud6c4 \uba87 \ub144\uc774 \uc9c0\ub098\uc11c \uc774\uc0ac\ub97c \uac14\ub294\uac00?"}, {"answers": [{"text": "\uacf5\uac04 \ub808\uc774\uc544\uc6c3\uc758 \uc778\uc9c0 \uc9c0\ub3c4", "answer_start": 334}], "id": "6237013-3-1", "question": "Corkin\uc5d0 \ub530\ub974\uba74 \ubab0\ub798\uc2a8\uc740 \ub9e4\uc77c \ubc29 \uc0ac\uc774\ub97c \uc6c0\uc9c1\uc774\uba70 \uc9d1\uc758 \ubb34\uc5c7\uc744 \uad6c\ucd95\ud560 \uc218 \uc788\uc5c8\ub294\uac00?"}, {"answers": [{"text": "\uacf5\uac04\uae30\uc5b5\uacfc \uacf5\uac04 \uc815\ubcf4", "answer_start": 31}], "id": "6571357-3-0", "question": "Corkin\uc5d0 \ub530\ub974\uba74 \ubab0\ub798\uc2a8\uc758 \uae30\uc5b5\ub2a5\ub825\uc2dc\ud5d8\uc774 \uc5b4\ub290 \ud504\ub85c\uc138\uc2a4\ub97c \ucc98\ub9ac\ud558\ub294 \uc2e0\uacbd \uad6c\uc870\uc5d0 \uc8fc\ubaa9\ud558\uc600\ub098?"}, {"answers": [{"text": "5\ub144 \ud6c4", "answer_start": 196}], "id": "6571357-3-1", "question": "\ubab0\ub798\uc2a8\uc740 \uc774\uc0ac\ub97c \uc218\uc220 \uba87 \ub144 \ud6c4\uc5d0 \ud558\uc600\ub294\uac00?"}], "context": "Corkin\uc5d0 \ub530\ub974\uba74, \ubab0\ub798\uc2a8\uc758 \uae30\uc5b5 \ub2a5\ub825 \uc2e4\ud5d8\uc740 \ub610\ud55c \uacf5\uac04\uae30\uc5b5\uacfc \uacf5\uac04 \uc815\ubcf4\uc758 \ud504\ub85c\uc138\uc2a4\ub97c \ucc98\ub9ac\ud558\ub294 \uc2e0\uacbd \uad6c\uc870\uc5d0 \ub300\ud55c \uc778\uc0ac\uc774\ud2b8\ub97c \uc81c\uacf5\ud55c\ub2e4. \uadf8\uc758 \uc0c8\ub85c\uc6b4 \uc0bd\ud654\uc640 \uc0ac\uc2e4\uc801\uc778 \uc7a5\uae30 \uae30\uc5b5 \ud615\uc131 \uc77c\ubc18\uc801\uc778 \uc7a5\uc560\uc640 \ud2b9\uc815 \uacf5\uac04 \uae30\uc5b5 \uc2dc\ud5d8\uc758 \uc2ec\ud55c \uc7a5\uc560\uc5d0\ub3c4 \ubd88\uad6c\ud558\uace0 \ubab0\ub798\uc2a8\uc740 \uadf8\uac00 \uac70\uc8fc \uc9c0\ud615\uc758 \ub808\uc774\uc544\uc6c3\uc758 \ub9e4\uc6b0 \uc0c1\uc138\ud55c \uc9c0\ub3c4\ub97c \uadf8\ub9b4 \uc218 \uac00 \uc788\uc5c8\ub2e4. \uc774\uac83\uc740 \ubab0\ub798\uc2a8\uc774 \uc218\uc220\ud55c \ud6c4 5\ub144 \ud6c4\uc5d0 \uc774\uc0ac\ub97c \uac14\uae30 \ub54c\ubb38\uc5d0 \ub180\ub77c\uc6b4 \ubc1c\uacac\uc774\ub2e4. \ub530\ub77c\uc11c \uadf8\uc758 \uc2ec\ud55c \uc21c\ud589\uc131 \uae30\uc5b5 \uc0c1\uc2e4\uc99d\uacfc \uc778\uc0ac\uc774\ud2b8\uc640 \uac19\uc740 \ub2e4\ub978 \ucf00\uc774\uc2a4\ub294 \uc77c\ubc18\uc801\uc778 \uae30\ub300\ub294 \uc815\ubc00\ud55c \uae30\uc5b5\uc758 \ud68d\ub4dd\uc5d0 \uc7a5\uc560\uac00 \uc788\ub294 \uac83\uc774\ub2e4. Corkin\uc740 \ubab0\ub798\uc2a8\uc774 \ubc29\uc5d0\uc11c \ubc29\uc73c\ub85c \ub9e4\uc77c \uc6c0\uc9c1\uc778 \uacb0\uacfc\ub85c \uc790\uc2e0\uc758 \uc9d1\uc758 \uacf5\uac04 \ub808\uc774\uc544\uc6c3\uc758 \uc778\uc9c0 \uc9c0\ub3c4\ub97c \uad6c\ucd95\ud560 \uc218 \uc788\uc5c8\ub2e4\uace0 \uac00\uc815\ud588\ub2e4."}, {"qas": [{"answers": [{"text": "\ud1f4\ud589\uc131 \uae30\uc5b5\uc0c1\uc2e4\uc99d", "answer_start": 134}], "id": "6237013-4-0", "question": "\ubab0\ub798\uc2a8\uc774 \uc5b4\ub9b4 \ub54c\uc758 \uae30\uc5b5\uc740 \uc5ec\uc804\ud558\uc9c0\ub9cc \uc218\uc220 \ubc1b\uae30 \uc804\uc778 \ucd5c\uadfc\uc758 \uae30\uc5b5\uc774 \uc5c6\ub294 \uc774\uc720\ub294?"}, {"answers": [{"text": "\ub0b4\uce21 \uce21\ub450\uc5fd", "answer_start": 256}], "id": "6237013-4-1", "question": "\uc6b0\ub9ac \ub1cc\uc5d0\uc11c \uc624\ub798 \uc804\uc758 \uae30\uc5b5\ubcf4\ub2e4\ub294 \ucd5c\uadfc\uc758 \uae30\uc5b5\uc5d0 \uc601\ud5a5\uc744 \ub07c\uce58\ub294 \ubd80\ubd84\uc740?"}, {"answers": [{"text": "\uae30\uc5b5 \ud1b5\ud569 \uacfc\uc815\uc758 \uc2e0\uacbd\uad6c\uc870", "answer_start": 49}], "id": "6571357-4-0", "question": "\uc548\uc815\uc801\uc778 \uc7a5\uae30\uae30\uc5b5 \ud615\uc131 \uc5ed\ud560\uc744 \ud558\ub294 \uc2e0\uacbd\uad6c\uc870\ub294 \ubb34\uc5c7\uc778\uac00?"}, {"answers": [{"text": "\ub0b4\uce21 \uce21\ub450\uc5fd", "answer_start": 256}], "id": "6571357-4-1", "question": "\ube44\uad50\uc801 \uac00\uae4c\uc6b4 \uc7a5\uae30\uae30\uc5b5\uc740 \ub1cc\uc758 \uc5b4\ub290 \ubd80\ubd84\uc5d0\uc11c \uc774\ub8e8\uc5b4\uc9c0\ub294\uac00?"}], "context": "\uc778\uac04\uc758 \uae30\uc5b5\uc758 \uc774\ud574\uc5d0 \ub300\ud55c \ubab0\ub798\uc2a8\uc758 \ub610 \ub2e4\ub978 \uae30\uc5ec\ub294 \uc548\uc815\uc801\uc778 \uc7a5\uae30\uae30\uc5b5 \ud615\uc131 \uc5ed\ud560\uc744 \ud558\ub294 \uae30\uc5b5 \ud1b5\ud569 \uacfc\uc815\uc758 \uc2e0\uacbd\uad6c\uc870\uc640 \uad00\ub828\uc788\ub2e4. \ubab0\ub798\uc2a8\uc740 \ub2e4\uc74c\uacfc \uac19\uc774 \"\uc5b4\ub9b0 \uc2dc\uc808\uc758 \uae30\uc5b5\uc744 \uc5ec\uc804\ud788 \ud560 \uc218 \uc788\uc9c0\ub9cc, \uc218\uc220 \ubc1b\uae30 \uc804\uc744 \uae30\uc5b5\ud558\uae30\uac00 \uc5b4\ub835\ub2e4\"\ub294 \uc2dc\uac04\uc801\uc778 \ud1f4\ud589\uc131 \uae30\uc5b5\uc0c1\uc2e4\uc99d\uc744 \ubcf4\uc600\ub2e4. \uadf8\uc758 \uc624\ub798\ub41c \uae30\uc5b5\uc740 \uc7a5\uc560\uac00 \uc5c6\ub294 \ubc18\uba74 \ube44\uad50\uc801 \uc218\uc220 \uac00\uae4c\uc774\uc758 \uae30\uc5b5\uc5d0\ub294 \uc7a5\uc560\uac00 \uc788\uc5c8\ub2e4. \uc774\uac83\uc740 \uc624\ub798\ub41c \uc5b4\ub9b0 \uc2dc\uc808 \uae30\uc5b5\uc740 \ub0b4\uce21 \uce21\ub450\uc5fd\uc5d0 \uc758\ud55c \uac83\uc774 \uc544\ub2d8\uc744 \ub9d0\ud574\uc8fc\uace0, \ubc18\uba74 \ube44\uad50\uc801 \uac00\uae4c\uc6b4 \uc7a5\uae30\uae30\uc5b5\uc740 \ub0b4\uce21 \uce21\ub450\uc5fd\uc5d0 \uc758\ud55c\ub2e4. \uc218\uc220\ub85c \uc81c\uac70\ub41c \uc911\uc559\uce21\ub450\uc5fd \uad6c\uc870\ubb3c\uc740 \uae30\uc5b5 \ud1b5\ud569\uc5d0 \uc218\ubc18\ub41c\ub2e4\uace0 \uac00\uc815\ub41c\ub2e4. \"\ub0b4\uce21 \uce21\ub450\uc5fd\uacfc \ub2e4\uc591\ud55c \uce21\uba74\uc758 \ub300\ub1cc\ud53c\uc9c8\ubd80\uc758 \uc0c1\ud638\uc791\uc6a9\uc740 \uacbd\ud5d8\uc758 \ud53c\uc9c8 \ud45c\ud604 \uc0ac\uc774\uc5d0 \ucc9c\ucc9c\ud788 \uc9c1\uc811\uc801\uc778 \ub9c1\ud06c\ub97c \ud615\uc131\ud568\uc73c\ub85c\uc368 \ub0b4\uce21 \uce21\ub450\uc5fd \ubc16\uc5d0 \uae30\uc5b5\uc744 \uc800\uc7a5\ud558\ub294 \uac83\uc73c\ub85c \uc0dd\uac01\ub41c\ub2e4.\""}], "title": "\ud5e8\ub9ac_\ubab0\ub798\uc2a8"}]}