<benchmark>
  <entries>
    <entry category="ComicsCharacter" eid="Id1" shape="(X (X) (X) (X (X)))" shape_type="mixed" size="4">
      <originaltripleset>
        <otriple>Arion_(comics) | creators | Jan_Duursema</otriple>
        <otriple>Jan_Duursema | awards | Eisner_Award</otriple>
        <otriple>Arion_(comics) | alterEgo | "Ahri'ahn"@en</otriple>
        <otriple>Arion_(comics) | creator | Paul_Kupperberg</otriple>
      </originaltripleset>
      <originaltripleset>
        <otriple>Arion_(comics) | creator | Jan_Duursema</otriple>
        <otriple>Jan_Duursema | awards | Eisner_Award</otriple>
        <otriple>Arion_(comics) | alterEgo | "Ahri'ahn"@en</otriple>
        <otriple>Arion_(comics) | creators | Paul_Kupperberg</otriple>
      </originaltripleset>
      <modifiedtripleset>
        <mtriple>Arion_(comicsCharacter) | creator | Jan_Duursema</mtriple>
        <mtriple>Jan_Duursema | award | Eisner_Award</mtriple>
        <mtriple>Arion_(comicsCharacter) | alternativeName | "Ahri'ahn"</mtriple>
        <mtriple>Arion_(comicsCharacter) | creator | Paul_Kupperberg</mtriple>
      </modifiedtripleset>
      <lex comment="good" lid="Id1">Arion (also known as Ahri'ahn) is a comic character created by Paul Kupperberg and Jan Duursema, who won the Eisner award.</lex>
      <lex comment="good" lid="Id2">Paul Kupperberg and Eisner Award winning Jan Duursema are the creators of the comic book character Arion, also know as Ahri'ahn.</lex>
      <lex comment="good" lid="Id3">The comic book character Arion (also known as Ahri'ahn), was created by Paul Kupperberg and Jan Duursema, the latter having won the Eisner Award.</lex>
    </entry>
    </entries>
</benchmark>