<benchmark>
  <entries>
    <entry category="Monument" eid="Id1" shape="(X (X) (X) (X) (X) (X))" shape_type="sibling" size="5">
      <originaltripleset>
        <otriple>11th_Mississippi_Infantry_Monument | country | "United States"@en</otriple>
        <otriple>11th_Mississippi_Infantry_Monument | region | Adams_County,_Pennsylvania</otriple>
        <otriple>11th_Mississippi_Infantry_Monument | established | 2000</otriple>
        <otriple>11th_Mississippi_Infantry_Monument | category | Contributing_property</otriple>
        <otriple>11th_Mississippi_Infantry_Monument | municipality | Gettysburg,_Pennsylvania</otriple>
      </originaltripleset>
      <modifiedtripleset>
        <mtriple>11th_Mississippi_Infantry_Monument | country | "United States"</mtriple>
        <mtriple>11th_Mississippi_Infantry_Monument | location | Adams_County,_Pennsylvania</mtriple>
        <mtriple>11th_Mississippi_Infantry_Monument | established | 2000</mtriple>
        <mtriple>11th_Mississippi_Infantry_Monument | category | Contributing_property</mtriple>
        <mtriple>11th_Mississippi_Infantry_Monument | municipality | Gettysburg,_Pennsylvania</mtriple>
      </modifiedtripleset>
      <lex comment="good" lid="Id1">The 11th Mississippi Infantry Monument stands in Gettysburg, in Adams County, Pennsylvania. The American monument, built in 2000 is classed as a Contributing Property.</lex>
      <lex comment="good" lid="Id2">The 11th Mississippi Infantry Monument was established in 2000, and is considered a Contributing Property. It is located in the municipality of Gettysburg, in Adams County, Pennsylvania, USA.</lex>
      <lex comment="good" lid="Id3">The 11th Mississippi Infantry Monument is in Adams County, Gettysburg municipality, Pennsylvania in the United States. The Monument is categorized as a Contributing Property and was established in 2000.</lex>
    </entry>
    </entries>
</benchmark>