{"subreddit": "100movies365days", "is_self_post": true, "url": "https://www.reddit.com/r/100movies365days/comments/1bx6qw/dtx120_87_nashville/", "title": "DTX120: #87 - Nashville", "posts": [{"id": "t3_1bx6qw", "annotations": [{"link_to_post": "none", "main_type": "announcement", "annotator": "fc96a15ab87f02dd1998ff55a64f6478"}, {"link_to_post": "none", "main_type": "announcement", "annotator": "e9e4b3ab355135fa954badcc06bfccc6"}, {"link_to_post": "none", "main_type": "announcement", "annotator": "31ac59c1734c1547d4d0723ff254c247"}], "majority_link": "none", "majority_type": "announcement", "is_first_post": true}, {"in_reply_to": "t3_1bx6qw", "post_depth": 1, "id": "t1_c9b2nyd", "majority_link": "t3_1bx6qw", "majority_type": "elaboration", "annotations": [{"link_to_post": "t3_1bx6qw", "main_type": "agreement", "annotator": "fc96a15ab87f02dd1998ff55a64f6478"}, {"link_to_post": "t3_1bx6qw", "main_type": "elaboration", "annotator": "e9e4b3ab355135fa954badcc06bfccc6"}, {"link_to_post": "t3_1bx6qw", "main_type": "elaboration", "annotator": "31ac59c1734c1547d4d0723ff254c247"}]}, {"in_reply_to": "t1_c9b2nyd", "post_depth": 2, "id": "t1_c9b30i1", "majority_link": "t1_c9b2nyd", "majority_type": "elaboration", "annotations": [{"link_to_post": "t1_c9b2nyd", "main_type": "elaboration", "annotator": "fc96a15ab87f02dd1998ff55a64f6478"}, {"link_to_post": "t1_c9b2nyd", "main_type": "elaboration", "annotator": "e9e4b3ab355135fa954badcc06bfccc6"}, {"link_to_post": "t1_c9b2nyd", "main_type": "elaboration", "annotator": "31ac59c1734c1547d4d0723ff254c247"}]}, {"in_reply_to": "t1_c9b30i1", "post_depth": 3, "id": "t1_c9b6sj0", "majority_link": "t1_c9b30i1", "majority_type": "elaboration", "annotations": [{"link_to_post": "t1_c9b30i1", "main_type": "agreement", "annotator": "fc96a15ab87f02dd1998ff55a64f6478"}, {"link_to_post": "t1_c9b30i1", "main_type": "elaboration", "annotator": "e9e4b3ab355135fa954badcc06bfccc6"}, {"link_to_post": "t1_c9b30i1", "main_type": "elaboration", "annotator": "31ac59c1734c1547d4d0723ff254c247"}]}]}
