<benchmark>
  <entries>
    <entry category="Monument" eid="Id1" shape="(X (X))" shape_type="NA" size="1">
      <originaltripleset>
        <otriple>11th_Mississippi_Infantry_Monument | category | Contributing_property</otriple>
      </originaltripleset>
      <modifiedtripleset>
        <mtriple>11th_Mississippi_Infantry_Monument | category | Contributing_property</mtriple>
      </modifiedtripleset>
      <lex lang="en" lid="Id1">The 11th Mississippi Infantry Monument falls under the category of Contributing property.</lex>
      <lex lang="ru" lid="Id1">Памятник 11-й пехоте Миссисипи относится к объектам культурного наследия.</lex>
      <lex lang="en" lid="Id2">The 11th Mississippi Infantry Monument is categorized as a Contributing Property.</lex>
      <lex lang="ru" lid="Id2">Памятник 11-й пехоте Миссисипи относится к категории «историческое здание».</lex>
      <lex lang="en" lid="Id3">The 11th Mississippi Infantry Monument is categorised as a contributing property.</lex>
      <lex lang="ru" lid="Id3">Памятник 11-й пехоте Миссисипи относится к историческим объектам.</lex>
      <links>
        <link direction="en2ru">11th Mississippi Infantry Monument | sameAs | Памятник 11-му пехотному полку Миссисипи</link>
        <link direction="en2ru">Contributing property | sameAs | историческое здание / историческая ценность</link>
      </links>
    </entry>
    </entries>
</benchmark>