path	sentence	client_id
common_voice_cy_17784505.mp3	"Mae'r cyswllt gwe wedi torri."	1993bf5cfc25f448fcb238c20e777e42b8e4e777b56d14b3b09fe4e1c72202cc6ef981212c7623aa7eb55ec8376c5403302e5cde4cb4c0b84195cf7e22be66e7
common_voice_cy_17784509.mp3	Problemau traffig o fath newydd yn yr Eisteddfod.	1993bf5cfc25f448fcb238c20e777e42b8e4e777b56d14b3b09fe4e1c72202cc6ef981212c7623aa7eb55ec8376c5403302e5cde4cb4c0b84195cf7e22be66e7
common_voice_cy_19182413.mp3	Faint o'r geiriau ydy hi wedi gweld yn barod?	9f72a25f01dd7562ce6d5edb4ae90c8466a39d6be98d2090a215dd018192970678ec2893bd1905962c08f2f0ab0e538e91a9111565da40c32de3536e6e10fd60
common_voice_cy_19182421.mp3	Deuparth gwaith ei ddechrau.	9f72a25f01dd7562ce6d5edb4ae90c8466a39d6be98d2090a215dd018192970678ec2893bd1905962c08f2f0ab0e538e91a9111565da40c32de3536e6e10fd60
common_voice_cy_18357273.mp3	Rhedais i ffwrdd heb ddweud dim wrthi am beth ddigwyddodd.	0b1e4d3476c43a82a81cff9098ea2c3fb2ea9e9a0c373fcf1e92373b0305bbd6a7a55e8f864f811dac270afdc92c0ad58a1b25662278ea2545e146ce5b0891c2
common_voice_cy_19132010.mp3	Faint mae ystafell sengl yn ei gostio?	0cc7120b6eac432b4ede7b1ca4a212cb2b327ac20f4b3a056b90b975ee5b0d635fd8635d457167aa3ca6f65b184a17fce49e601e2160c2c9dd3d9b4a8bc8016c
