<?xml version="1.0" encoding="UTF-8"?>
<mteval>
<refset setid="iwslt2017-tst2010" srclang="english" trglang="ducth" refid="ref">
<doc docid="837" genre="lectures">
<url>http://www.ted.com/talks/tom_wujec_build_a_tower</url> 
<description>TED Talk Subtitles and Transcript: Tom Wujec presenteert een verrassende inzichten uit het "marshmallowprobleem" - een eenvoudige oefening voor teambuilding, met ongekookte spaghetti, een meter tape en een marshmallow. Wie kan de hoogste toren maken met deze ingrediënten? En waarom doet een verrassende groep het altijd beter dan gemiddeld?</description> 
<keywords>talks, business, collaboration, culture, design, entertainment, psychology</keywords> 
<talkid>837</talkid> 
<title>Tom Wujec: Bouw een toren, bouw een team</title> 
<reviewer href="http://www.ted.com/profiles/298699">Jeroen Bakker</reviewer> 
<translator href="http://www.ted.com/profiles/752058">Dineke Tuinhof</translator> 
<seg id="1"> Een paar jaar geleden heeft Peter Skillman hier, bij TED,  een ontwerpwedstrijd laten zien.    </seg>
<seg id="2"> De marshmallow-challenge.    </seg>
<seg id="3"> Het idee is vrij simpel:  Groepjes van vier moeten een zo hoog mogelijk bouwwerk maken  met twintig stuks spaghetti,  een meter tape, een meter touw  en een marshmallow.    </seg>
<seg id="4"> De marshmallow moet er bovenop.    </seg>
<seg id="5"> En, hoewel het simpel klinkt, het blijkt nog best moeilijk,  want deze opdracht dwingt mensen  om heel snel samen te werken.    </seg>
