path	translation	split
common_voice_en_19664034.mp3	Mae’r cydrannau data hyn yn eu tro yn gwasanaethu fel "blociau adeiladu” cyfnewid data.	train
common_voice_en_19664035.mp3	Nid yw’r eglwys yn gysylltiedig â’r symudiad gwleidyddol Iddewig o Seioniaeth.	train
common_voice_en_18540003.mp3	Pan fydd dŵr yn brin, peidiwch â’i wastraffu.	dev
common_voice_en_18540005.mp3	Byddi di’n gyrru gyda hi i’r drws.	dev
common_voice_en_699711.mp3	Bydd hi’n iawn.	test
common_voice_en_18132047.mp3	Mae popeth yn dda sy'n dod i ben yn dda.	test
