[{"category": "Airport", "gem_id": "web_nlg_ru-train-24", "input": ["Abilene,_Texas | country | United_States"], "references": [], "target": "\u0410\u0431\u0438\u043b\u0438\u043d, \u0448\u0442\u0430\u0442 \u0422\u0435\u0445\u0430\u0441 - \u0432 \u0421\u0428\u0410.", "webnlg_id": "train/Airport/1/Id11"}, {"category": "Airport", "gem_id": "web_nlg_ru-train-38", "input": ["Abilene_Regional_Airport | 3rdRunwayLengthFeet | 7202"], "references": [], "target": "3-\u044f \u0432\u0437\u043b\u0435\u0442\u043d\u043e-\u043f\u043e\u0441\u0430\u0434\u043e\u0447\u043d\u0430\u044f \u043f\u043e\u043b\u043e\u0441\u0430 \u0432 \u043e\u0431\u043b\u0430\u0441\u0442\u043d\u043e\u043c \u0430\u044d\u0440\u043e\u043f\u043e\u0440\u0442\u0443 \"\u0410\u0431\u0438\u043b\u0438\u043d\" - 7202 \u0444\u0443\u0442\u0430.", "webnlg_id": "train/Airport/1/Id17"}]