<?xml version="1.0" encoding="utf-8"?>
<!DOCTYPE cesAlign PUBLIC "-//CES//DTD XML cesAlign//EN" "">
<cesAlign version="1.0">
<linkGrp targType="s" fromDoc="en/bianet-enku.xml.gz" toDoc="ku/bianet-enku.xml.gz">
<link xtargets="1;1" />
<link xtargets="2;2" />
<link xtargets="3.1 3.2;3.1 3.2 3.3" />
<link xtargets="4;4" />
<link xtargets="5.1 5.2 5.3 5.4 5.5;5.1 5.2 5.3 5.4 5.5 5.6" />
<link xtargets="6;6" />
<link xtargets="7.1 7.2 7.3 7.4;7.1 7.2 7.3 7.4 7.5" />
<link xtargets="8;8" />
<link xtargets="9;9" />
<link xtargets="10.1 10.2;10.1 10.2 10.3 10.4" />
<link xtargets="11;11" />