entertainment,સાડીમાં જ દેખાતી 'નાગિન 3' ની એક્ટ્રેસનો જુઓ બોલ્ડ અવતાર
business,"નીરવ મોદીના જેકેટમાં એવુ શું છે ખાસ, જેની કિંમત છે આઠ લાખ રૂપિયા"
business,નોટ નહી કરાવે ખોટઃશનિવાર અને રવિવાર બેન્કો ખુલ્લી રહેશે
business,મોબાઇલ : ઇન્ટેક્સ કંપનીએ ઓછી કિંમતમાં લોન્ચ કર્યો એક્વા એયર 2
business,"એક જ નિર્ણયથી બદલાઈ ગઈ કિસ્મત, વર્ષભરમાં ફેમિલીને કરાવ્યો કરોડોનો ફાયદો"
entertainment,"શ્રીદેવીના રાજકીય સન્માન સાથે અંતિમ સંસ્કાર, RTIમાં થયા ખુલાસા"
