idx	label	sentence
0	1	"""within the pan-mayan movement, there remains a desire to maintain linguistic diversity: some view the reduction of their language to the status of """"dialect"""" devalues their unique identity and place in the mayan world; however, despite differences over standardization, the pan-mayan movement itself is largely cohesive."""
1	0	organized crime was soon to have a formidable adversary in its bid to control las vegas — corporate cash.
2	0	"""""""you can't hold on forever, even if you don't ever, ever want to forget. how long until the memories slip away? how long until all you remember is this, the ship, the thick red carpeting, the chandeliers, the empty conversations you hold with the other shells who used to be people? when your life, the reason you lived, the people and faces and places, the emotions you felt, who and what you loved, when all that is gone, faded, what will you have left?"""""""
3	1	hong kong's many beaches are especially fun for children.
4	0	almost half of ireland's population is under twenty-five, and with its universities and professional schools, dublin also has a large student population.
