<benchmark>
  <entries>
    <entry category="Food" eid="Id1" shape="(X (X) (X) (X) (X))" shape_type="sibling" size="4">
      <originaltripleset>
        <otriple>Amatriciana_sauce | region | Lazio</otriple>
        <otriple>Amatriciana_sauce | country | Italy</otriple>
        <otriple>Amatriciana_sauce | ingredient | Tomato</otriple>
        <otriple>Amatriciana_sauce | mainIngredient | "Tomatoes, guanciale, cheese , olive oil"@en</otriple>
      </originaltripleset>
      <originaltripleset>
        <otriple>Amatriciana_sauce | region | Lazio</otriple>
        <otriple>Amatriciana_sauce | country | Italy</otriple>
        <otriple>Amatriciana_sauce | ingredient | Tomato</otriple>
        <otriple>Amatriciana_sauce | ingredientName | "Tomatoes,guanciale, cheese (Pecorino Romano),olive oil"</otriple>
      </originaltripleset>
      <modifiedtripleset>
        <mtriple>Amatriciana_sauce | region | Lazio</mtriple>
        <mtriple>Amatriciana_sauce | country | Italy</mtriple>
        <mtriple>Amatriciana_sauce | ingredient | Tomato</mtriple>
        <mtriple>Amatriciana_sauce | mainIngredients | "Tomatoes, guanciale, cheese, olive oil"</mtriple>
      </modifiedtripleset>
      <lex comment="good" lid="Id1">Amatriciana sauce is a traditional Italian sauce from the region of Lazio. Its ingredients include tomatoes, guanciale, cheese and olive oil.</lex>
      <lex comment="good" lid="Id2">Amatriciana sauce is from the Lazio region of Italy. The main ingredients are Tomatoes, guanciale, cheese, and olive oil.</lex>
      <lex comment="good" lid="Id3">Amatriciana is a traditional Italian sauce from Lazio. The main ingredients are tomatoes, guanciale, cheese and olive oil.</lex>
    </entry>
    </entries>
</benchmark>