<benchmark>
  <entries>
    <entry category="MeanOfTransportation" eid="Id1" shape="(X (X))" shape_type="NA" size="1">
      <originaltripleset>
        <otriple>1955_Dodge | aka | "Dodge Custom Royal"@en</otriple>
      </originaltripleset>
      <modifiedtripleset>
        <mtriple>1955_Dodge | alternativeName | "Dodge Custom Royal"</mtriple>
      </modifiedtripleset>
      <lex comment="good" lid="Id1">The 1955 Dodge is also known as the Dodge Custom Royal.</lex>
      <lex comment="good" lid="Id2">The 1955 Dodge had another name and was called the Dodge Custom Royal.</lex>
    </entry>
    </entries>
</benchmark>